code,name,sector,score,score_raw,days_in_top,rank,stars,linkage,ignition,rs_days,rs_slope,theme,supply,etf,tech,fund,material,penalty,signal,driver,gap_pct,rs20,atr_pct,dev25,stop,close,chg5d,v_ratio,turnover_m,reasons_str
6857,アドバンテスト,電気機器,44.4,44.0,5,1,★★★☆☆,10.6,11.0,19,1.8,11.6,0.0,0.0,9.5,0.0,1.3,0.0,監視,NASDAQ,0.0,19.0,5.5,7.2,31537,35400.0,-1.4,0.5,294623,高値圏かつ未過熱 / NASDAQ+2.2%連動(β1.23) 実反応+2.6% / HBM・後工程(+2.8%) / MA上昇配列 / パーフェクトオーダー / 開示[自己株式の取得](8日前)
7177,ＧＭＯフィナンシャルホールディングス,証券、商品先物取引業,38.2,38.2,1,2,★★☆☆☆,0.0,14.0,7,-1.9,0.0,2.0,0.0,13.7,8.5,0.0,0.0,監視,,0.0,4.5,2.1,8.9,1151,1201.0,6.7,0.7,244,RS転換7日目 / 25MA上抜け6日目 / 高値圏かつ未過熱 / MA上昇配列 / パーフェクトオーダー / 52週高値ブレイク! / ROE21% / PER13倍
8368,百五銀行,銀行業,37.9,36.5,2,3,★★☆☆☆,0.0,11.5,35,13.5,0.0,2.0,0.0,15.0,8.0,0.0,0.0,,,0.0,22.1,3.5,12.4,2269,2442.0,8.2,0.3,1913,RS加速+13.5 / 高値圏かつ未過熱 / MA上昇配列 / パーフェクトオーダー / 52週高値ブレイク! / 増収+48% / PER22倍
6508,明電舎,電気機器,37.8,38.4,5,4,★★☆☆☆,0.0,13.0,19,8.0,11.9,4.0,0.0,9.5,0.0,0.0,0.0,,,0.0,34.9,4.7,10.0,10806,11920.0,3.8,0.2,4074,RS加速+8.0 / 高値圏かつ未過熱 / AIデータセンター・電力(+3.0%) / 資金流入増 / MA上昇配列 / パーフェクトオーダー
4373,シンプレクス・ホールディングス,情報・通信業,37.5,37.5,1,5,★★☆☆☆,0.0,12.0,0,-12.3,0.0,2.0,0.0,15.0,8.5,0.0,0.0,,,0.0,1.1,3.1,10.8,1186,1265.0,8.5,1.2,1070,RS転換0日目 / 高値圏かつ未過熱 / MA上昇配列 / パーフェクトオーダー / 52週高値ブレイク! / 増収+20% / ROE22%
5076,インフロニア・ホールディングス,建設業,37.3,37.3,1,6,★★☆☆☆,0.0,14.0,1,4.6,0.0,3.3,0.0,12.0,8.0,0.0,0.0,,,0.0,2.4,2.6,5.2,2697,2845.5,3.3,0.1,4583,RS転換1日目 / RS加速+4.6 / 高値圏かつ未過熱 / 買い出来高優勢 / MA上昇配列 / パーフェクトオーダー / 増収+61% / ROE24% / PER11倍
8706,極東証券,証券、商品先物取引業,36.8,36.8,1,7,★★☆☆☆,0.0,12.0,0,-4.5,0.0,3.3,0.0,12.5,9.0,0.0,0.0,,,0.0,3.0,1.6,6.6,1891,1954.0,2.8,0.5,268,RS転換0日目 / 高値圏かつ未過熱 / 買い出来高優勢 / MA上昇配列 / パーフェクトオーダー / 52週高値ブレイク! / RSI過熱(86)⚠ / 増収+66% / PER13倍
4417,グローバルセキュリティエキスパート,情報・通信業,36.7,36.7,1,8,★★☆☆☆,0.0,14.0,0,-1.0,0.0,2.0,0.0,13.7,7.0,0.0,0.0,,,0.0,6.0,5.1,10.4,4494,5000.0,11.1,1.3,251,RS転換0日目 / 25MA上抜け6日目 / 高値圏かつ未過熱 / MA上昇配列 / パーフェクトオーダー / 52週高値ブレイク! / 増収+24% / ROE41%
8418,山口フィナンシャルグループ,銀行業,36.5,36.5,1,9,★★☆☆☆,0.0,14.0,0,1.5,0.0,1.0,0.0,13.5,8.0,0.0,0.0,,,0.0,1.6,2.6,3.7,3034,3201.0,3.1,0.2,1477,RS転換0日目 / 高値圏かつ未過熱 / MA上昇配列 / パーフェクトオーダー / 52週高値目前 / 増収+41% / PER20倍
8338,筑波銀行,銀行業,35.6,31.3,2,10,★★☆☆☆,0.0,16.0,2,6.8,0.0,3.3,0.0,12.0,0.0,0.0,0.0,,,0.0,15.0,4.8,8.1,675,746.0,4.8,0.5,1397,RS転換2日目 / RS加速+6.8 / 高値圏かつ未過熱 / 買い出来高優勢 / MA上昇配列 / パーフェクトオーダー
8362,福井銀行,銀行業,35.5,35.5,2,11,★★☆☆☆,0.0,13.0,15,7.4,0.0,2.0,0.0,13.5,7.0,0.0,0.0,,,0.0,23.7,4.6,13.0,6531,7200.0,5.0,0.3,493,RS加速+7.4 / 高値圏かつ未過熱 / MA上昇配列 / パーフェクトオーダー / 52週高値目前 / 増収+27% / PER20倍
9824,泉州電業,卸売業,35.0,35.0,1,12,★★☆☆☆,0.0,14.0,8,1.7,0.0,2.0,0.0,12.0,7.0,0.0,0.0,,,0.0,12.1,2.5,6.5,6721,7070.0,1.9,0.1,325,RS転換8日目 / 高値圏かつ未過熱 / MA上昇配列 / パーフェクトオーダー / 増収+26% / PER16倍
8714,池田泉州ホールディングス,銀行業,34.8,34.8,1,13,★☆☆☆☆,0.0,18.0,1,7.6,0.0,3.3,0.0,13.5,0.0,0.0,0.0,,,0.0,8.6,2.9,5.3,1036,1099.0,4.2,0.2,1013,RS転換1日目 / RS加速+7.6 / 25MA上抜け3日目 / 高値圏かつ未過熱 / 買い出来高優勢 / MA上昇配列 / パーフェクトオーダー / 52週高値目前
7729,東京精密,精密機器,34.7,40.7,5,14,★☆☆☆☆,6.1,14.0,2,16.9,11.6,2.0,0.0,7.0,0.0,0.0,0.0,,SOX指数,-2.9,11.2,4.4,3.6,16742,18370.0,6.2,0.1,8299,RS転換2日目 / RS加速+16.9 / 高値圏かつ未過熱 / SOX指数+4.0%連動(β0.38) 実反応+4.4% / HBM・後工程(+2.8%)
6501,日立製作所,電気機器,34.5,35.5,4,15,★☆☆☆☆,0.0,4.0,-1,-9.5,20.0,3.3,0.0,8.2,0.0,0.0,0.0,,,0.0,-1.8,2.7,3.9,5262,5565.0,7.1,0.5,61002,25MA上抜け4日目 / 量子(+7.5%) / 買い出来高優勢 / MA上昇配列 / パーフェクトオーダー
7322,三十三フィナンシャルグループ,銀行業,34.5,32.0,2,16,★☆☆☆☆,0.0,16.0,1,6.2,0.0,1.0,0.0,15.0,0.0,0.0,0.0,,,0.0,8.6,3.5,8.6,1991,2142.0,6.5,0.2,723,RS転換1日目 / RS加速+6.2 / 高値圏かつ未過熱 / MA上昇配列 / パーフェクトオーダー / 52週高値ブレイク!
8343,秋田銀行,銀行業,34.3,30.7,2,17,★☆☆☆☆,0.0,11.5,43,3.2,0.0,4.3,0.0,13.5,0.0,1.4,0.0,,,0.0,18.7,3.6,12.3,8440,9090.0,7.8,0.4,1100,RS加速+3.2 / 高値圏かつ未過熱 / 買い出来高優勢 / MA上昇配列 / パーフェクトオーダー / 52週高値目前 / 開示[株式分割](4日前)
4432,ウイングアーク１ｓｔ,情報・通信業,34.2,34.2,1,18,★☆☆☆☆,0.0,12.0,0,-14.6,0.0,8.0,0.0,7.7,6.5,0.0,0.0,,,0.0,3.3,2.4,12.7,3382,3550.0,8.7,3.1,741,RS転換0日目 / 高値圏かつ未過熱 / 出来高急増3.1倍 / 買い出来高優勢 / MA上昇配列 / PER19倍
7102,日本車輌製造,輸送用機器,34.0,34.0,1,19,★☆☆☆☆,0.0,18.0,1,4.8,0.0,1.0,0.0,9.0,6.0,0.0,0.0,,,0.0,4.5,2.5,4.6,3580,3765.0,2.4,0.5,145,RS転換1日目 / RS加速+4.8 / 25MA上抜け6日目 / 高値圏かつ未過熱 / MA上昇配列 / ROE17% / PER5倍
4062,イビデン,電気機器,34.0,34.7,5,20,★☆☆☆☆,6.1,9.0,16,37.2,11.6,2.0,0.0,6.0,0.0,0.0,0.0,,SOX指数,-8.7,44.0,6.8,11.0,17908,20710.0,7.9,0.4,152811,RS加速+37.2 / SOX指数+4.0%連動(β0.38) 実反応+10.2% / HBM・後工程(+2.8%)
8361,大垣共立銀行,銀行業,34.0,31.5,2,21,★☆☆☆☆,0.0,16.0,1,8.1,0.0,2.0,0.0,13.5,0.0,0.0,0.0,,,0.0,8.6,3.2,5.9,7679,8210.0,3.7,0.3,1377,RS転換1日目 / RS加速+8.1 / 高値圏かつ未過熱 / MA上昇配列 / パーフェクトオーダー / 52週高値目前
7384,プロクレアホールディングス,銀行業,33.8,33.8,1,22,★☆☆☆☆,0.0,16.0,3,7.8,0.0,3.3,0.0,9.5,5.0,0.0,0.0,,,0.0,13.8,4.2,7.9,4321,4715.0,5.2,0.2,403,RS転換3日目 / RS加速+7.8 / 高値圏かつ未過熱 / 買い出来高優勢 / MA上昇配列 / パーフェクトオーダー
5803,フジクラ,非鉄金属,33.6,40.1,5,23,★☆☆☆☆,9.9,9.0,14,26.6,16.0,3.0,0.0,2.2,0.0,0.0,0.0,,Lumentum,-6.3,38.9,6.7,8.5,4720,5454.0,3.3,0.3,344383,RS加速+26.6 / Lumentum+15.2%連動(β0.16) 実反応+8.7% / 光通信・電線(+5.0%)
8392,大分銀行,銀行業,33.5,33.5,1,24,★☆☆☆☆,0.0,18.0,1,8.3,0.0,2.0,0.0,13.5,0.0,0.0,0.0,,,0.0,9.8,3.5,6.6,2713,2920.0,5.7,0.4,646,RS転換1日目 / RS加速+8.3 / 25MA上抜け3日目 / 高値圏かつ未過熱 / MA上昇配列 / パーフェクトオーダー / 52週高値目前
3399,丸千代山岡家,小売業,33.5,33.5,1,25,★☆☆☆☆,0.0,12.0,7,-0.1,0.0,3.3,0.0,13.7,4.5,0.0,0.0,,,0.0,5.6,3.1,8.2,3796,4045.0,5.6,1.0,294,RS転換7日目 / 高値圏かつ未過熱 / 買い出来高優勢 / MA上昇配列 / パーフェクトオーダー / 52週高値ブレイク! / PER21倍
8367,南都銀行,銀行業,33.5,33.5,1,26,★☆☆☆☆,0.0,18.0,1,9.0,0.0,2.0,0.0,13.5,0.0,0.0,0.0,,,0.0,7.0,2.9,5.0,1837,1949.0,4.1,0.3,883,RS転換1日目 / RS加速+9.0 / 25MA上抜け3日目 / 高値圏かつ未過熱 / MA上昇配列 / パーフェクトオーダー / 52週高値目前
8522,名古屋銀行,銀行業,33.4,38.0,3,27,★☆☆☆☆,0.0,14.0,1,2.9,0.0,1.0,0.0,15.0,8.0,0.0,0.0,,,0.0,6.0,3.3,7.0,6739,7210.0,3.3,0.3,1103,RS転換1日目 / 高値圏かつ未過熱 / MA上昇配列 / パーフェクトオーダー / 52週高値ブレイク! / 増収+19% / PER17倍
6146,ディスコ,機械,33.4,32.3,5,28,★☆☆☆☆,6.7,10.0,2,19.5,11.6,0.0,0.0,4.0,0.0,0.0,0.0,,SOX指数,3.5,8.5,4.8,-0.5,54533,60290.0,-1.7,0.3,96109,RS転換2日目 / RS加速+19.5 / SOX指数+4.0%連動(β0.42) 実反応-1.8% / HBM・後工程(+2.8%)
7380,十六フィナンシャルグループ,銀行業,33.3,33.3,1,29,★☆☆☆☆,0.0,18.0,1,6.5,0.0,3.3,0.0,12.0,0.0,0.0,0.0,,,0.0,5.4,3.3,4.9,2433,2605.0,3.7,0.1,1277,RS転換1日目 / RS加速+6.5 / 25MA上抜け3日目 / 高値圏かつ未過熱 / 買い出来高優勢 / MA上昇配列 / パーフェクトオーダー
6702,富士通,電気機器,33.0,33.0,1,30,★☆☆☆☆,0.0,2.0,-1,-19.9,20.0,2.0,0.0,9.0,0.0,0.0,0.0,,,0.0,-6.9,2.9,7.3,3701,3933.0,7.9,0.5,24727,量子(+7.5%) / MA上昇配列
8628,松井証券,証券、商品先物取引業,33.0,33.0,1,31,★☆☆☆☆,0.0,16.0,0,7.0,0.0,3.3,0.0,13.7,0.0,0.0,0.0,,,0.0,6.3,1.9,9.4,1154,1200.0,8.2,1.1,811,RS転換0日目 / RS加速+7.0 / 高値圏かつ未過熱 / 買い出来高優勢 / MA上昇配列 / パーフェクトオーダー / 52週高値ブレイク!
8388,阿波銀行,銀行業,32.9,32.4,3,32,★☆☆☆☆,0.0,11.5,43,6.8,0.0,4.3,0.0,15.0,0.0,1.6,0.0,,,0.0,15.3,3.3,12.4,9434,10100.0,12.2,0.7,1507,RS加速+6.8 / 高値圏かつ未過熱 / 買い出来高優勢 / MA上昇配列 / パーフェクトオーダー / 52週高値ブレイク! / 開示[株式分割](3日前)
8704,トレイダーズホールディングス,証券、商品先物取引業,32.8,38.5,2,33,★☆☆☆☆,0.0,14.0,8,1.5,0.0,1.0,0.0,13.5,10.0,0.0,0.0,,,0.0,8.7,2.7,6.1,1324,1400.0,1.2,0.4,116,RS転換8日目 / 高値圏かつ未過熱 / MA上昇配列 / パーフェクトオーダー / 52週高値目前 / 増収+59% / ROE24% / PER9倍
6323,ローツェ,機械,32.8,39.8,5,34,★☆☆☆☆,10.7,10.0,2,28.4,12.1,2.0,0.0,5.0,0.0,0.0,0.0,,NASDAQ,-2.1,13.9,4.7,1.7,3754,4142.0,5.4,0.2,8606,RS転換2日目 / RS加速+28.4 / NASDAQ+2.2%連動(β1.24) 実反応+4.8% / 半導体製造装置(+3.1%)
5801,古河電気工業,非鉄金属,32.7,41.0,5,35,★☆☆☆☆,11.3,9.0,17,27.9,16.0,0.0,0.0,4.7,0.0,0.0,0.0,,Lumentum,-8.2,37.2,7.4,8.3,3430,4024.0,5.4,0.3,133527,RS加速+27.9 / Lumentum+15.2%連動(β0.19) 実反応+11.0% / 光通信・電線(+5.0%)
7011,三菱重工業,機械,32.7,32.7,1,36,★☆☆☆☆,0.0,10.0,0,-0.2,17.5,1.0,0.0,4.2,0.0,0.0,0.0,,,0.0,0.5,3.1,1.0,3790,4043.0,2.8,0.3,74562,RS転換0日目 / 25MA上抜け0日目 / 核融合(+5.8%) / MA上昇配列
8035,東京エレクトロン,電気機器,32.4,35.8,5,37,★☆☆☆☆,8.7,10.0,1,18.1,12.1,0.0,0.0,5.0,0.0,0.0,0.0,,NASDAQ,-0.9,1.1,4.0,0.7,52339,56840.0,4.7,0.3,195737,RS転換1日目 / RS加速+18.1 / NASDAQ+2.2%連動(β1.00) 実反応+3.1% / 半導体製造装置(+3.1%)
5844,京都フィナンシャルグループ,銀行業,32.3,27.3,2,38,★☆☆☆☆,0.0,12.0,0,-1.6,0.0,3.3,0.0,12.0,0.0,0.0,0.0,,,0.0,2.7,2.5,4.0,4693,4941.0,2.1,0.2,4457,RS転換0日目 / 高値圏かつ未過熱 / 買い出来高優勢 / MA上昇配列 / パーフェクトオーダー
8360,山梨中央銀行,銀行業,32.2,36.8,2,39,★☆☆☆☆,0.0,16.0,1,6.2,0.0,3.3,0.0,9.5,8.0,0.0,0.0,,,0.0,10.6,3.4,5.3,6941,7440.0,4.3,0.4,906,RS転換1日目 / RS加速+6.2 / 高値圏かつ未過熱 / 買い出来高優勢 / MA上昇配列 / パーフェクトオーダー / 増収+30% / PER23倍
5805,ＳＷＣＣ,非鉄金属,32.2,34.3,5,40,★☆☆☆☆,0.0,9.0,17,10.4,16.0,3.3,0.0,6.0,0.0,0.0,0.0,,,0.0,32.5,5.1,14.0,13289,14810.0,6.6,0.3,6958,RS加速+10.4 / 光通信・電線(+5.0%) / 買い出来高優勢
8395,佐賀銀行,銀行業,32.0,24.5,2,41,★☆☆☆☆,0.0,9.5,32,1.0,0.0,3.0,0.0,12.0,0.0,0.0,0.0,,,0.0,12.8,3.6,8.4,6114,6590.0,2.0,0.2,441,高値圏かつ未過熱 / MA上昇配列 / パーフェクトオーダー
8345,岩手銀行,銀行業,32.0,32.0,1,42,★☆☆☆☆,0.0,16.0,2,5.9,0.0,1.0,0.0,15.0,0.0,0.0,0.0,,,0.0,10.2,3.5,9.3,2378,2555.0,9.9,0.6,626,RS転換2日目 / RS加速+5.9 / 高値圏かつ未過熱 / MA上昇配列 / パーフェクトオーダー / 52週高値ブレイク!
5537,ＡｌｂａＬｉｎｋ,不動産業,32.0,32.0,1,43,★☆☆☆☆,0.0,18.0,8,11.4,0.0,3.0,0.0,11.0,0.0,0.0,0.0,,,0.0,24.2,7.2,12.1,2858,3340.0,2.6,0.2,309,RS転換8日目 / RS加速+11.4 / 25MA上抜け9日目 / 高値圏かつ未過熱 / 資金流入増 / MA上昇配列 / パーフェクトオーダー
5802,住友電気工業,非鉄金属,31.9,31.1,5,44,★☆☆☆☆,7.1,4.0,-1,10.0,16.0,0.0,0.0,4.0,0.0,0.0,0.0,,Lumentum,-1.2,-2.7,5.0,-1.0,1996,2216.0,1.7,0.3,55967,RS加速+10.0 / Lumentum+15.2%連動(β0.12) 実反応+3.0% / 光通信・電線(+5.0%)
6871,日本マイクロニクス,電気機器,31.9,31.400000000000002,5,45,★☆☆☆☆,7.1,10.0,1,20.2,12.1,1.0,0.0,1.2,0.0,0.0,0.0,,SOX指数,3.2,4.4,6.6,-4.1,11619,13380.0,-2.3,0.3,20669,RS転換1日目 / RS加速+20.2 / SOX指数+4.0%連動(β0.44) 実反応-1.4% / 半導体製造装置(+3.1%)
5632,三菱製鋼,鉄鋼,31.5,25.3,2,46,★☆☆☆☆,0.0,9.0,26,-4.3,0.0,4.3,0.0,12.0,0.0,0.0,0.0,,,0.0,8.1,3.2,6.3,2315,2475.0,1.4,0.2,282,高値圏かつ未過熱 / 買い出来高優勢 / MA上昇配列 / パーフェクトオーダー
8336,武蔵野銀行,銀行業,31.5,31.5,1,47,★☆☆☆☆,0.0,16.0,0,2.9,0.0,2.0,0.0,13.5,0.0,0.0,0.0,,,0.0,2.4,2.5,3.7,2653,2791.0,3.7,0.2,736,RS転換0日目 / 25MA上抜け3日目 / 高値圏かつ未過熱 / MA上昇配列 / パーフェクトオーダー / 52週高値目前
8386,百十四銀行,銀行業,31.5,31.5,1,48,★☆☆☆☆,0.0,16.0,1,3.9,0.0,2.0,0.0,13.5,0.0,0.0,0.0,,,0.0,7.1,3.4,6.6,2934,3145.0,5.5,0.2,987,RS転換1日目 / RS加速+3.9 / 高値圏かつ未過熱 / MA上昇配列 / パーフェクトオーダー / 52週高値目前
8308,りそなホールディングス,銀行業,31.5,31.5,1,49,★☆☆☆☆,0.0,16.0,2,6.2,0.0,2.0,0.0,13.5,0.0,0.0,0.0,,,0.0,8.0,2.8,7.1,2377,2519.5,6.0,0.6,21804,RS転換2日目 / RS加速+6.2 / 高値圏かつ未過熱 / MA上昇配列 / パーフェクトオーダー / 52週高値目前
3993,ＰＫＳＨＡ　Ｔｅｃｈｎｏｌｏｇｙ,情報・通信業,31.2,30.7,5,50,★☆☆☆☆,0.0,8.0,7,-5.0,11.7,3.0,0.0,8.0,0.0,0.0,0.0,,,0.0,13.8,5.6,13.9,3029,3410.0,3.2,0.7,1357,RS転換7日目 / 生成AI・ソフト(+2.8%) / MA上昇配列
6337,テセック,機械,31.1,23.0,4,51,★☆☆☆☆,4.8,9.0,21,-19.1,0.0,1.0,0.0,8.2,0.0,0.0,0.0,,SOX指数,-4.8,8.1,5.0,5.4,2931,3260.0,6.7,0.1,323,高値圏かつ未過熱 / SOX指数+4.0%連動(β0.30) 実反応+6.0% / MA上昇配列 / パーフェクトオーダー
7735,ＳＣＲＥＥＮホールディングス,電気機器,31.0,33.7,5,52,★☆☆☆☆,6.6,10.0,1,30.1,12.1,0.0,0.0,5.0,0.0,0.0,0.0,,SOX指数,-4.3,8.6,4.2,3.1,12766,13940.0,7.5,0.3,39469,RS転換1日目 / RS加速+30.1 / SOX指数+4.0%連動(β0.41) 実反応+6.0% / 半導体製造装置(+3.1%)
8393,宮崎銀行,銀行業,31.0,31.0,1,53,★☆☆☆☆,0.0,18.0,0,4.5,0.0,2.0,0.0,11.0,0.0,0.0,0.0,,,0.0,4.3,3.3,4.8,2376,2543.0,4.2,0.4,621,RS転換0日目 / RS加速+4.5 / 25MA上抜け3日目 / 高値圏かつ未過熱 / MA上昇配列 / パーフェクトオーダー / 52週高値目前
2354,ＹＥ　ＤＩＧＩＴＡＬ,情報・通信業,31.0,31.0,1,54,★☆☆☆☆,0.0,18.0,3,26.5,0.0,2.0,0.0,11.0,0.0,0.0,0.0,,,0.0,19.2,7.7,11.7,1257,1487.0,13.4,0.3,1321,RS転換3日目 / RS加速+26.5 / 25MA上抜け6日目 / 高値圏かつ未過熱 / MA上昇配列 / パーフェクトオーダー
7389,あいちフィナンシャルグループ,銀行業,31.0,31.0,1,55,★☆☆☆☆,0.0,16.0,1,10.3,0.0,0.0,0.0,15.0,0.0,0.0,0.0,,,0.0,8.8,4.6,10.4,1769,1948.0,8.0,0.4,1637,RS転換1日目 / RS加速+10.3 / 高値圏かつ未過熱 / MA上昇配列 / パーフェクトオーダー / 52週高値ブレイク!
5302,日本カーボン,ガラス・土石製品,31.0,31.0,1,56,★☆☆☆☆,0.0,14.0,0,0.1,0.0,2.0,0.0,15.0,0.0,0.0,0.0,,,0.0,3.5,2.5,6.6,4961,5220.0,7.0,0.7,346,RS転換0日目 / 高値圏かつ未過熱 / MA上昇配列 / パーフェクトオーダー / 52週高値ブレイク!
8550,栃木銀行,銀行業,30.8,30.8,1,57,★☆☆☆☆,0.0,18.0,1,6.2,0.0,3.3,0.0,9.5,0.0,0.0,0.0,,,0.0,8.4,3.4,5.2,1012,1085.0,4.2,0.2,755,RS転換1日目 / RS加速+6.2 / 25MA上抜け2日目 / 高値圏かつ未過熱 / 買い出来高優勢 / MA上昇配列 / パーフェクトオーダー
6058,ベクトル,サービス業,30.8,30.8,1,58,★☆☆☆☆,0.0,14.0,9,-3.8,0.0,3.3,0.0,13.5,0.0,0.0,0.0,,,0.0,7.3,3.2,11.2,1926,2057.0,8.3,0.5,637,RS転換9日目 / 25MA上抜け10日目 / 高値圏かつ未過熱 / 買い出来高優勢 / MA上昇配列 / パーフェクトオーダー / 52週高値目前
8537,大光銀行,銀行業,30.7,36.2,2,59,★☆☆☆☆,0.0,16.0,1,5.1,0.0,3.3,0.0,12.0,0.0,4.9,0.0,,,0.0,11.2,3.7,8.0,2849,3075.0,3.3,0.2,133,RS転換1日目 / RS加速+5.1 / 高値圏かつ未過熱 / 買い出来高優勢 / MA上昇配列 / パーフェクトオーダー / 開示[自己株式の取得](2日前) / 開示[自己株式の取得](3日前)
3132,マクニカホールディングス,卸売業,30.7,35.2,2,60,★☆☆☆☆,0.0,18.0,2,10.8,0.0,2.0,0.0,8.2,7.0,0.0,0.0,,,0.0,9.2,4.1,4.3,3333,3630.0,8.9,0.5,3204,RS転換2日目 / RS加速+10.8 / 25MA上抜け2日目 / 高値圏かつ未過熱 / MA上昇配列 / パーフェクトオーダー / 増収+40% / PER23倍
3374,内外テック,卸売業,30.6,35.0,5,61,★☆☆☆☆,0.0,13.0,18,22.8,0.0,3.0,0.0,12.0,7.0,0.0,0.0,,,0.0,40.9,5.4,14.8,3901,4370.0,8.4,0.1,246,RS加速+22.8 / 高値圏かつ未過熱 / MA上昇配列 / パーフェクトオーダー / 増収+60% / PER16倍
285A,キオクシアホールディングス,電気機器,30.6,25.1,5,62,★☆☆☆☆,9.1,10.0,2,31.1,0.0,3.3,0.0,2.7,0.0,0.0,0.0,,Lumentum,3.6,19.5,8.9,-0.8,41276,50240.0,-7.5,0.3,2059941,RS転換2日目 / RS加速+31.1 / Lumentum+15.2%連動(β0.15) 実反応-1.4% / 買い出来高優勢
8337,千葉興業銀行,銀行業,30.5,31.3,3,63,★☆☆☆☆,0.0,16.0,0,0.4,0.0,2.0,0.0,12.0,0.0,1.3,0.0,,,0.0,0.4,3.1,3.2,2598,2768.0,2.6,0.4,330,RS転換0日目 / 25MA上抜け5日目 / 高値圏かつ未過熱 / MA上昇配列 / パーフェクトオーダー / 開示[自己株式の取得](8日前)
8117,中央自動車工業,卸売業,30.5,30.5,1,64,★☆☆☆☆,0.0,16.0,7,1.2,0.0,1.0,0.0,13.5,0.0,0.0,0.0,,,0.0,4.6,2.5,6.4,2174,2287.0,6.7,0.4,265,RS転換7日目 / 25MA上抜け5日目 / 高値圏かつ未過熱 / MA上昇配列 / パーフェクトオーダー / 52週高値目前
6855,日本電子材料,電気機器,30.3,26.9,5,65,★☆☆☆☆,8.7,14.0,3,23.5,0.0,2.0,0.0,2.2,0.0,0.0,0.0,,Lumentum,-2.6,22.7,6.4,2.6,5784,6640.0,2.0,0.2,5353,RS転換3日目 / RS加速+23.5 / 25MA上抜け1日目 / Lumentum+15.2%連動(β0.14) 実反応+4.7%
7711,助川電気工業,精密機器,30.3,37.2,2,66,★☆☆☆☆,0.0,12.0,4,21.7,17.5,3.0,0.0,4.7,0.0,0.0,0.0,,,0.0,21.3,4.0,14.6,4908,5340.0,12.4,1.3,348,RS転換4日目 / RS加速+21.7 / 核融合(+5.8%)
6118,アイダエンジニアリング,機械,30.3,30.3,1,67,★☆☆☆☆,0.0,14.0,8,-1.4,0.0,4.3,0.0,12.0,0.0,0.0,0.0,,,0.0,3.7,2.5,6.5,1247,1312.0,3.9,1.3,159,RS転換8日目 / 25MA上抜け10日目 / 高値圏かつ未過熱 / 買い出来高優勢 / MA上昇配列 / パーフェクトオーダー
9304,澁澤倉庫,倉庫・運輸関連業,30.2,30.2,1,68,★☆☆☆☆,0.0,16.0,6,3.2,0.0,2.0,0.0,12.2,0.0,0.0,0.0,,,0.0,12.8,3.0,11.8,2025,2153.0,8.2,0.3,478,RS転換6日目 / RS加速+3.2 / 高値圏かつ未過熱 / MA上昇配列 / パーフェクトオーダー / 52週高値目前
8364,清水銀行,銀行業,30.1,25.0,2,69,★☆☆☆☆,0.0,9.5,36,0.0,0.0,2.0,0.0,13.5,0.0,0.0,0.0,,,0.0,14.2,4.0,10.6,2962,3220.0,4.2,0.3,151,高値圏かつ未過熱 / MA上昇配列 / パーフェクトオーダー / 52週高値目前
7184,富山第一銀行,銀行業,30.0,32.8,2,70,★☆☆☆☆,0.0,16.0,3,7.4,0.0,3.3,0.0,13.5,0.0,0.0,0.0,,,0.0,12.6,4.0,9.8,3163,3440.0,8.3,0.2,642,RS転換3日目 / RS加速+7.4 / 高値圏かつ未過熱 / 買い出来高優勢 / MA上昇配列 / パーフェクトオーダー / 52週高値目前
3825,リミックスポイント,小売業,30.0,30.0,1,71,★☆☆☆☆,0.0,10.0,8,2.9,0.0,2.0,0.0,8.0,0.0,10.0,0.0,,,0.0,21.4,7.3,14.7,208,244.0,3.0,1.7,518,RS転換8日目 / MA上昇配列 / 開示[業績予想の修正](0日前) / 開示[業務提携](0日前)
8359,八十二長野銀行,銀行業,30.0,30.0,1,72,★☆☆☆☆,0.0,16.0,0,2.3,0.0,2.0,0.0,12.0,0.0,0.0,0.0,,,0.0,0.2,2.6,3.4,2554,2692.0,4.3,0.2,3655,RS転換0日目 / 25MA上抜け3日目 / 高値圏かつ未過熱 / MA上昇配列 / パーフェクトオーダー
8366,滋賀銀行,銀行業,30.0,30.0,1,73,★☆☆☆☆,0.0,16.0,1,11.4,0.0,2.0,0.0,12.0,0.0,0.0,0.0,,,0.0,11.2,3.1,7.0,2636,2810.0,5.4,0.2,2099,RS転換1日目 / RS加速+11.4 / 高値圏かつ未過熱 / MA上昇配列 / パーフェクトオーダー
8604,野村ホールディングス,証券、商品先物取引業,29.9,32.5,2,74,★☆☆☆☆,0.0,18.0,0,8.3,0.0,1.0,0.0,13.5,0.0,0.0,0.0,,,0.0,3.4,1.9,4.8,1570,1633.0,6.4,0.3,14122,RS転換0日目 / RS加速+8.3 / 25MA上抜け3日目 / 高値圏かつ未過熱 / MA上昇配列 / パーフェクトオーダー / 52週高値目前
7613,シークス,卸売業,29.8,22.8,3,75,★☆☆☆☆,0.0,7.5,32,-5.1,0.0,4.3,0.0,11.0,0.0,0.0,0.0,,,0.0,8.9,2.7,6.1,1559,1648.0,3.3,0.7,423,高値圏かつ未過熱 / 買い出来高優勢 / MA上昇配列 / パーフェクトオーダー / 52週高値目前
4461,第一工業製薬,化学,29.7,21.2,5,76,★☆☆☆☆,0.0,11.0,19,2.3,0.0,3.0,0.0,7.2,0.0,0.0,0.0,,,0.0,26.9,6.0,6.5,12240,13910.0,0.5,0.2,3207,高値圏かつ未過熱 / 資金流入増 / MA上昇配列 / パーフェクトオーダー
6258,平田機工,機械,29.7,24.5,5,77,★☆☆☆☆,0.0,13.0,18,5.4,0.0,3.0,0.0,8.5,0.0,0.0,0.0,,,0.0,24.4,6.2,7.4,3099,3535.0,0.3,0.3,1330,RS加速+5.4 / 高値圏かつ未過熱 / MA上昇配列 / パーフェクトオーダー
6742,京三製作所,電気機器,29.7,25.8,3,78,★☆☆☆☆,0.0,13.0,22,5.8,0.0,3.3,0.0,9.5,0.0,0.0,0.0,,,0.0,18.2,4.9,7.3,947,1050.0,1.7,0.4,317,RS加速+5.8 / 高値圏かつ未過熱 / 買い出来高優勢 / MA上昇配列 / パーフェクトオーダー
4634,ａｒｔｉｅｎｃｅ,化学,29.5,24.3,2,79,★☆☆☆☆,0.0,7.5,41,-4.0,0.0,3.3,0.0,13.5,0.0,0.0,0.0,,,0.0,5.9,2.7,6.3,4845,5120.0,2.9,0.1,806,高値圏かつ未過熱 / 買い出来高優勢 / MA上昇配列 / パーフェクトオーダー / 52週高値目前
6264,マルマエ,機械,29.4,21.0,4,80,★☆☆☆☆,0.0,14.0,9,9.8,0.0,2.0,0.0,5.0,0.0,0.0,0.0,,,0.0,10.4,5.0,3.5,1890,2099.0,3.9,0.4,1196,RS転換9日目 / RS加速+9.8 / 25MA上抜け6日目
6958,日本シイエムケイ,電気機器,29.3,35.8,5,81,★☆☆☆☆,0.0,13.0,24,16.0,0.0,3.3,0.0,13.5,6.0,0.0,0.0,,,0.0,28.0,4.5,13.1,723,794.0,10.0,0.2,670,RS加速+16.0 / 高値圏かつ未過熱 / 買い出来高優勢 / MA上昇配列 / パーフェクトオーダー / 52週高値目前 / 増収+19% / PER14倍
3040,ソリトンシステムズ,情報・通信業,29.3,23.8,2,82,★☆☆☆☆,0.0,9.0,28,-2.7,0.0,5.3,0.0,9.5,0.0,0.0,0.0,,,0.0,17.4,4.3,9.6,2197,2404.0,0.8,0.2,330,高値圏かつ未過熱 / 買い出来高優勢 / 資金流入増 / MA上昇配列 / パーフェクトオーダー
6920,レーザーテック,電気機器,29.2,22.2,5,83,★☆☆☆☆,6.1,4.0,-1,18.3,12.1,0.0,0.0,0.0,0.0,0.0,0.0,,SOX指数,0.7,-3.3,5.3,-8.2,31357,35110.0,-0.0,0.2,120400,RS加速+18.3 / SOX指数+4.0%連動(β0.38) 実反応+0.9% / 半導体製造装置(+3.1%)
6834,精工技研,電気機器,29.1,23.0,4,84,★☆☆☆☆,12.0,9.0,12,41.0,0.0,1.0,0.0,6.0,0.0,0.0,-5.0,,Lumentum,-8.1,62.3,8.1,20.5,4615,5510.0,11.1,0.3,6944,RS加速+41.0 / Lumentum+15.2%連動(β0.21) 実反応+11.3% / 過熱⚠25MA+21%
7911,ＴＯＰＰＡＮホールディングス,その他製品,29.1,24.4,3,85,★☆☆☆☆,0.0,13.0,11,3.1,0.0,1.0,0.0,8.5,0.0,1.9,0.0,,,0.0,7.6,4.9,3.0,4520,5010.0,-2.2,0.2,9320,RS加速+3.1 / 高値圏かつ未過熱 / MA上昇配列 / パーフェクトオーダー / 開示[株式分割](1日前)
6862,ミナトホールディングス,電気機器,29.0,15.8,4,86,★☆☆☆☆,0.0,7.0,19,1.7,0.0,5.3,0.0,8.5,0.0,0.0,-5.0,,,0.0,77.9,10.2,20.8,2702,3395.0,0.7,0.2,1722,買い出来高優勢 / 資金流入増 / MA上昇配列 / パーフェクトオーダー / 過熱⚠25MA+21%
8558,東和銀行,銀行業,28.8,30.0,2,87,★☆☆☆☆,0.0,16.0,0,3.3,0.0,2.0,0.0,12.0,0.0,0.0,0.0,,,0.0,4.7,3.4,4.5,1387,1490.0,2.3,0.3,281,RS転換0日目 / RS加速+3.3 / 高値圏かつ未過熱 / MA上昇配列 / パーフェクトオーダー
5985,サンコール,金属製品,28.7,17.3,3,88,★☆☆☆☆,0.0,6.0,14,-2.2,0.0,5.3,0.0,11.0,0.0,0.0,-5.0,,,0.0,89.7,10.2,23.5,1788,2245.0,-10.2,0.2,3684,買い出来高優勢 / 資金流入増 / MA上昇配列 / パーフェクトオーダー / 過熱⚠25MA+23%
2737,トーメンデバイス,卸売業,28.6,20.5,4,89,★☆☆☆☆,0.0,10.0,20,5.7,0.0,4.0,0.0,9.5,0.0,0.0,-3.0,,,0.0,76.8,7.1,15.9,27147,31650.0,11.6,0.2,4911,RS加速+5.7 / 資金流入増 / MA上昇配列 / パーフェクトオーダー / 伸びすぎ注意(25MA+16%)
4631,ＤＩＣ,化学,28.5,19.5,2,90,★☆☆☆☆,0.0,9.0,16,-6.2,0.0,2.0,0.0,8.5,0.0,0.0,0.0,,,0.0,8.6,4.2,1.2,4581,5003.0,-3.6,0.2,3730,高値圏かつ未過熱 / MA上昇配列 / パーフェクトオーダー
8066,三谷商事,卸売業,28.4,34.0,2,91,★☆☆☆☆,0.0,11.5,39,4.1,0.0,4.0,0.0,13.5,5.0,0.0,0.0,,,0.0,13.6,5.1,13.1,3145,3500.0,12.4,0.1,112,RS加速+4.1 / 高値圏かつ未過熱 / 資金流入増 / MA上昇配列 / パーフェクトオーダー / 52週高値目前 / 開示[自己株式の取得](14日前) / PER12倍
4170,Ｋａｉｚｅｎ　Ｐｌａｔｆｏｒｍ,情報・通信業,28.3,28.3,1,92,★☆☆☆☆,0.0,14.0,6,11.6,0.0,6.3,0.0,8.0,0.0,0.0,0.0,,,0.0,15.6,15.5,9.2,99,143.0,17.2,1.4,498,RS転換6日目 / RS加速+11.6 / 25MA上抜け6日目 / 買い出来高優勢 / 資金流入増 / MA上昇配列
8015,豊田通商,卸売業,28.2,22.2,2,93,★☆☆☆☆,0.0,9.0,29,-3.7,0.0,1.0,0.0,12.2,0.0,0.0,0.0,,,0.0,6.4,2.8,6.4,7143,7564.0,4.7,0.1,17381,高値圏かつ未過熱 / MA上昇配列 / パーフェクトオーダー / 52週高値目前
3232,三重交通グループホールディングス,不動産業,28.2,34.8,3,94,★☆☆☆☆,0.0,12.0,0,-3.8,0.0,7.3,0.0,9.0,6.5,0.0,0.0,,,0.0,0.6,2.0,8.7,588,612.0,7.0,1.6,171,RS転換0日目 / 高値圏かつ未過熱 / 買い出来高優勢 / 資金流入増 / MA上昇配列 / 52週高値目前 / RSI過熱(95)⚠ / PER10倍
4203,住友ベークライト,化学,28.2,26.2,4,95,★☆☆☆☆,0.0,15.0,18,16.4,0.0,3.0,0.0,8.2,0.0,0.0,0.0,,,0.0,17.4,3.4,3.8,7028,7542.0,5.2,0.2,6964,RS加速+16.4 / 25MA上抜け4日目 / 高値圏かつ未過熱 / MA上昇配列 / パーフェクトオーダー
4220,リケンテクノス,化学,28.2,19.8,2,96,★☆☆☆☆,0.0,7.5,43,-7.5,0.0,5.3,0.0,7.0,0.0,0.0,0.0,,,0.0,38.5,2.9,6.1,2502,2656.0,-0.1,0.2,614,高値圏かつ未過熱 / 買い出来高優勢 / 資金流入増 / MA上昇配列 / パーフェクトオーダー
8159,立花エレテック,卸売業,28.1,19.7,2,97,★☆☆☆☆,0.0,7.5,35,-6.5,0.0,4.0,0.0,8.2,0.0,0.0,0.0,,,0.0,11.6,3.7,3.9,3746,4045.0,2.0,0.1,277,高値圏かつ未過熱 / 資金流入増 / MA上昇配列 / パーフェクトオーダー
5310,東洋炭素,ガラス・土石製品,28.1,34.5,5,98,★☆☆☆☆,0.0,14.0,2,6.1,17.5,2.0,0.0,1.0,0.0,0.0,0.0,,,0.0,8.6,4.2,1.8,6473,7060.0,2.0,0.2,703,RS転換2日目 / RS加速+6.1 / 25MA上抜け2日目 / 核融合(+5.8%)
8065,佐藤商事,卸売業,28.0,21.5,2,99,★☆☆☆☆,0.0,9.0,28,-2.5,0.0,3.0,0.0,9.5,0.0,0.0,0.0,,,0.0,17.9,4.1,7.3,3464,3775.0,2.3,0.2,251,高値圏かつ未過熱 / 資金流入増 / MA上昇配列 / パーフェクトオーダー
6627,テラプローブ,電気機器,27.9,21.4,4,100,★☆☆☆☆,6.7,10.0,2,37.6,0.0,1.0,0.0,3.7,0.0,0.0,0.0,,SOX指数,-13.3,24.2,7.1,4.8,9903,11540.0,17.3,0.2,2100,RS転換2日目 / RS加速+37.6 / SOX指数+4.0%連動(β0.42) 実反応+14.9% / 開示[株式分割](14日前)
4401,ＡＤＥＫＡ,化学,27.9,18.8,3,101,★☆☆☆☆,0.0,7.5,36,-0.4,0.0,4.3,0.0,7.0,0.0,0.0,0.0,,,0.0,10.8,2.6,5.1,4362,4605.0,0.7,0.1,2391,高値圏かつ未過熱 / 買い出来高優勢 / MA上昇配列 / パーフェクトオーダー
8059,第一実業,卸売業,27.9,33.8,2,102,★☆☆☆☆,0.0,12.0,1,-4.9,0.0,4.3,0.0,13.5,4.0,0.0,0.0,,,0.0,0.5,2.2,6.3,3583,3750.0,3.0,0.7,407,RS転換1日目 / 高値圏かつ未過熱 / 買い出来高優勢 / MA上昇配列 / パーフェクトオーダー / 52週高値目前 / PER12倍
4992,北興化学工業,化学,27.9,24.7,2,103,★☆☆☆☆,0.0,14.0,7,1.3,0.0,1.0,0.0,9.7,0.0,0.0,0.0,,,0.0,4.6,2.3,2.1,1907,1998.0,-2.8,0.1,192,RS転換7日目 / 高値圏かつ未過熱 / MA上昇配列 / パーフェクトオーダー
6298,ワイエイシイホールディングス,機械,27.8,18.0,4,104,★☆☆☆☆,0.0,9.0,12,4.2,0.0,2.0,0.0,7.0,0.0,0.0,0.0,,,0.0,16.1,4.1,7.5,1232,1341.0,0.8,0.3,269,RS加速+4.2
8050,セイコーグループ,精密機器,27.8,22.0,2,105,★☆☆☆☆,0.0,10.0,20,10.1,0.0,4.0,0.0,11.0,0.0,0.0,-3.0,,,0.0,50.0,5.8,17.2,10119,11450.0,8.7,0.2,5659,RS加速+10.1 / 資金流入増 / MA上昇配列 / パーフェクトオーダー / 52週高値目前 / 伸びすぎ注意(25MA+17%)
6315,ＴＯＷＡ,機械,27.7,17.1,5,106,★☆☆☆☆,0.0,4.0,-1,16.4,11.6,0.0,0.0,1.5,0.0,0.0,0.0,,,0.0,-7.3,4.6,-7.3,2124,2340.0,2.9,0.3,11958,RS加速+16.4 / HBM・後工程(+2.8%)
6918,アバールデータ,電気機器,27.7,24.3,5,107,★☆☆☆☆,0.0,9.0,18,6.0,0.0,5.3,0.0,10.0,0.0,0.0,0.0,,,0.0,15.0,5.1,6.1,3254,3620.0,2.0,0.2,266,RS加速+6.0 / 買い出来高優勢 / 資金流入増 / MA上昇配列 / パーフェクトオーダー
319A,技術承継機構,金属製品,27.7,27.7,1,108,★☆☆☆☆,0.0,14.0,7,-6.1,0.0,3.0,0.0,10.7,0.0,0.0,0.0,,,0.0,25.8,8.0,9.0,17281,20590.0,-2.3,0.2,901,RS転換7日目 / 25MA上抜け6日目 / 高値圏かつ未過熱 / MA上昇配列 / パーフェクトオーダー
278A,Ｔｅｒｒａ　Ｄｒｏｎｅ,精密機器,27.6,27.6,1,109,★☆☆☆☆,0.0,15.0,5,77.2,0.0,5.0,0.0,10.7,0.0,1.9,-5.0,,,0.0,79.2,6.8,44.8,16576,19200.0,37.5,1.6,24010,RS転換5日目 / RS加速+77.2 / 25MA上抜け9日目 / MA上昇配列 / パーフェクトオーダー / 過熱⚠25MA+45% / 開示[株式分割](1日前)
6668,アドテック　プラズマ　テクノロジー,電気機器,27.6,22.0,3,110,★☆☆☆☆,0.0,13.0,8,52.4,0.0,2.0,0.0,12.0,0.0,0.0,-5.0,,,0.0,57.0,6.0,21.8,3722,4225.0,23.2,0.3,464,RS転換8日目 / RS加速+52.4 / MA上昇配列 / パーフェクトオーダー / 過熱⚠25MA+22%
6340,澁谷工業,機械,27.5,24.8,3,111,★☆☆☆☆,0.0,7.5,47,-3.7,0.0,5.3,0.0,12.0,0.0,0.0,0.0,,,0.0,15.6,4.9,10.3,4763,5280.0,2.7,0.2,560,高値圏かつ未過熱 / 買い出来高優勢 / 資金流入増 / MA上昇配列 / パーフェクトオーダー
9147,ＮＩＰＰＯＮ　ＥＸＰＲＥＳＳホールディングス,陸運業,27.5,27.5,1,112,★☆☆☆☆,0.0,12.0,0,-1.5,0.0,2.0,0.0,13.5,0.0,0.0,0.0,,,0.0,0.3,2.9,4.0,5364,5696.0,2.5,0.2,6609,RS転換0日目 / 高値圏かつ未過熱 / MA上昇配列 / パーフェクトオーダー / 52週高値目前
8616,東海東京フィナンシャル・ホールディングス,証券、商品先物取引業,27.5,27.5,1,113,★☆☆☆☆,0.0,14.0,8,2.4,0.0,1.0,0.0,12.5,0.0,0.0,0.0,,,0.0,7.8,1.8,10.0,883,916.0,7.4,0.7,668,RS転換8日目 / 高値圏かつ未過熱 / MA上昇配列 / パーフェクトオーダー / 52週高値ブレイク! / RSI過熱(86)⚠
8370,紀陽銀行,銀行業,27.5,27.5,1,114,★☆☆☆☆,0.0,14.0,0,0.1,0.0,0.0,0.0,13.5,0.0,0.0,0.0,,,0.0,0.9,2.5,4.2,4835,5090.0,4.2,0.2,819,RS転換0日目 / 高値圏かつ未過熱 / MA上昇配列 / パーフェクトオーダー / 52週高値目前
3989,シェアリングテクノロジー,情報・通信業,27.5,27.5,1,115,★☆☆☆☆,0.0,12.0,8,-2.8,0.0,3.3,0.0,12.2,0.0,0.0,0.0,,,0.0,6.9,3.2,7.6,1469,1568.0,1.9,0.1,305,RS転換8日目 / 高値圏かつ未過熱 / 買い出来高優勢 / MA上昇配列 / パーフェクトオーダー / 52週高値目前
7337,ひろぎんホールディングス,銀行業,27.5,27.5,1,116,★☆☆☆☆,0.0,12.0,0,-1.8,0.0,2.0,0.0,13.5,0.0,0.0,0.0,,,0.0,0.2,2.3,3.8,2270,2377.5,3.3,0.2,1534,RS転換0日目 / 高値圏かつ未過熱 / MA上昇配列 / パーフェクトオーダー / 52週高値目前
4431,スマレジ,情報・通信業,27.3,27.3,1,117,★☆☆☆☆,0.0,12.0,0,-10.4,0.0,4.3,0.0,11.0,0.0,0.0,0.0,,,0.0,7.2,3.9,13.3,3438,3725.0,9.7,1.4,333,RS転換0日目 / 高値圏かつ未過熱 / 買い出来高優勢 / MA上昇配列 / パーフェクトオーダー
7609,ダイトロン,卸売業,27.3,21.8,3,118,★☆☆☆☆,0.0,9.0,18,5.5,0.0,5.3,0.0,6.0,0.0,1.5,0.0,,,0.0,20.8,5.2,0.6,3631,4050.0,-0.2,0.1,939,RS加速+5.5 / 買い出来高優勢 / 資金流入増 / MA上昇配列 / パーフェクトオーダー / 開示[自己株式の取得](7日前)
6176,ブランジスタ,サービス業,27.2,30.0,2,119,★☆☆☆☆,0.0,9.0,11,-2.0,0.0,7.3,0.0,13.7,0.0,0.0,0.0,,,0.0,6.8,2.7,9.5,986,1042.0,4.5,1.7,138,高値圏かつ未過熱 / 買い出来高優勢 / 資金流入増 / MA上昇配列 / パーフェクトオーダー / 52週高値ブレイク!
8614,東洋証券,証券、商品先物取引業,27.2,27.2,1,120,★☆☆☆☆,0.0,12.0,7,-0.8,0.0,3.0,0.0,12.2,0.0,0.0,0.0,,,0.0,5.1,2.0,8.9,719,749.0,4.6,0.5,459,RS転換7日目 / 高値圏かつ未過熱 / MA上昇配列 / パーフェクトオーダー / 52週高値目前
6525,ＫＯＫＵＳＡＩ　ＥＬＥＣＴＲＩＣ,電気機器,27.2,23.7,4,121,★☆☆☆☆,6.7,10.0,2,40.5,0.0,2.0,0.0,5.0,0.0,0.0,0.0,,SOX指数,-7.0,32.4,6.1,9.5,7912,9001.0,8.2,0.4,62051,RS転換2日目 / RS加速+40.5 / SOX指数+4.0%連動(β0.42) 実反応+8.7%
8622,水戸証券,証券、商品先物取引業,27.1,25.3,3,122,★☆☆☆☆,0.0,7.5,36,-0.6,0.0,5.3,0.0,12.5,0.0,0.0,0.0,,,0.0,16.4,2.8,14.8,933,989.0,7.5,0.6,381,高値圏かつ未過熱 / 買い出来高優勢 / 資金流入増 / MA上昇配列 / パーフェクトオーダー / 52週高値ブレイク! / RSI過熱(88)⚠
8381,山陰合同銀行,銀行業,27.1,26.8,2,123,★☆☆☆☆,0.0,14.0,0,1.1,0.0,3.3,0.0,9.5,0.0,0.0,0.0,,,0.0,3.3,2.7,4.3,2475,2614.0,3.9,0.1,1078,RS転換0日目 / 高値圏かつ未過熱 / 買い出来高優勢 / MA上昇配列 / パーフェクトオーダー
5715,古河機械金属,非鉄金属,27.1,27.1,1,124,★☆☆☆☆,0.0,9.0,26,14.5,0.0,4.3,0.0,8.0,0.0,5.8,0.0,,,0.0,26.8,4.6,14.7,4119,4540.0,9.1,0.5,1516,RS加速+14.5 / 買い出来高優勢 / MA上昇配列 / 開示[自己株式の取得](0日前) / 開示[自己株式の取得](1日前)
3131,シンデン・ハイテックス,卸売業,27.1,14.0,5,125,★☆☆☆☆,0.0,4.5,39,-4.0,0.0,4.0,0.0,8.5,0.0,0.0,-3.0,,,0.0,67.4,8.6,17.0,5070,6130.0,0.8,0.1,489,資金流入増 / MA上昇配列 / パーフェクトオーダー / 伸びすぎ注意(25MA+17%)
2181,パーソルホールディングス,サービス業,27.0,27.0,1,126,★☆☆☆☆,0.0,12.0,0,-12.3,0.0,4.3,0.0,10.7,0.0,0.0,0.0,,,0.0,1.4,2.0,6.9,286,297.5,2.1,0.2,3025,RS転換0日目 / 高値圏かつ未過熱 / 買い出来高優勢 / MA上昇配列 / パーフェクトオーダー
6724,セイコーエプソン,電気機器,27.0,27.0,1,127,★☆☆☆☆,0.0,14.0,0,-3.4,0.0,3.3,0.0,9.7,0.0,0.0,0.0,,,0.0,0.8,2.4,4.5,3058,3213.0,4.9,0.4,5236,RS転換0日目 / 25MA上抜け6日目 / 高値圏かつ未過熱 / 買い出来高優勢 / MA上昇配列 / パーフェクトオーダー / 52週高値目前
6840,ＡＫＩＢＡホールディングス,電気機器,27.0,17.7,4,128,★☆☆☆☆,0.0,12.0,10,11.2,0.0,1.0,0.0,4.7,0.0,0.0,0.0,,,0.0,19.0,8.5,7.2,645,778.0,6.3,0.2,612,RS転換10日目 / RS加速+11.2
6503,三菱電機,電気機器,27.0,17.6,3,129,★☆☆☆☆,0.0,2.0,-1,0.4,11.9,1.0,0.0,1.0,0.0,1.7,0.0,,,0.0,-1.5,3.1,-1.0,5302,5650.0,0.9,0.3,33694,AIデータセンター・電力(+3.0%) / 開示[子会社化](8日前) / 開示[子会社化](8日前)
8341,七十七銀行,銀行業,27.0,37.3,2,130,★☆☆☆☆,0.0,11.5,43,3.6,0.0,3.3,0.0,13.5,9.0,0.0,0.0,,,0.0,7.9,2.7,6.7,3731,3942.0,5.5,0.3,2468,RS加速+3.6 / 高値圏かつ未過熱 / 買い出来高優勢 / MA上昇配列 / パーフェクトオーダー / 52週高値目前 / 増収+39% / PER16倍
8562,福島銀行,銀行業,27.0,27.0,1,131,★☆☆☆☆,0.0,14.0,1,2.3,0.0,2.0,0.0,11.0,0.0,0.0,0.0,,,0.0,6.9,2.7,5.6,357,377.0,3.6,0.4,110,RS転換1日目 / 高値圏かつ未過熱 / MA上昇配列 / パーフェクトオーダー
4812,電通総研,情報・通信業,27.0,27.0,1,132,★☆☆☆☆,0.0,4.0,-1,-5.9,0.0,8.0,0.0,15.0,0.0,0.0,0.0,,,0.0,-1.2,1.8,6.5,2788,2890.0,5.0,8.2,1539,25MA上抜け8日目 / 出来高急増8.2倍 / 買い出来高優勢 / MA上昇配列 / パーフェクトオーダー / 52週高値ブレイク!
8344,山形銀行,銀行業,27.0,27.0,1,133,★☆☆☆☆,0.0,11.5,43,8.2,0.0,2.0,0.0,13.5,0.0,0.0,0.0,,,0.0,19.7,4.0,11.1,4339,4715.0,8.0,0.4,582,RS加速+8.2 / 高値圏かつ未過熱 / MA上昇配列 / パーフェクトオーダー / 52週高値目前
3673,ブロードリーフ,情報・通信業,27.0,27.0,1,134,★☆☆☆☆,0.0,14.0,0,-12.4,0.0,1.0,0.0,12.0,0.0,0.0,0.0,,,0.0,1.3,5.1,9.6,442,493.0,4.0,0.4,476,RS転換0日目 / 25MA上抜け7日目 / 高値圏かつ未過熱 / MA上昇配列 / パーフェクトオーダー
7826,フルヤ金属,その他製品,26.9,15.0,4,135,★☆☆☆☆,0.0,9.0,16,29.5,0.0,2.0,0.0,7.0,0.0,0.0,-3.0,,,0.0,46.9,5.7,17.3,8073,9120.0,12.0,0.2,3998,RS加速+29.5 / 伸びすぎ注意(25MA+17%)
7762,シチズン時計,精密機器,26.9,37.3,2,136,★☆☆☆☆,0.0,13.0,18,15.3,0.0,4.3,0.0,12.0,8.0,0.0,0.0,,,0.0,28.4,4.7,12.1,2513,2772.0,9.6,0.3,5238,RS加速+15.3 / 高値圏かつ未過熱 / 買い出来高優勢 / MA上昇配列 / パーフェクトオーダー / 開示[業績予想の修正](14日前) / 増収+30% / PER22倍
6504,富士電機,電気機器,26.9,19.9,5,137,★☆☆☆☆,0.0,7.0,24,-2.6,11.9,0.0,0.0,1.0,0.0,0.0,0.0,,,0.0,3.3,3.6,0.9,13078,14100.0,1.5,0.2,13380,25MA上抜け5日目 / AIデータセンター・電力(+3.0%)
7537,丸文,卸売業,26.8,24.5,3,138,★☆☆☆☆,0.0,9.5,33,2.7,0.0,3.0,0.0,12.0,0.0,0.0,0.0,,,0.0,6.5,3.3,5.5,1738,1860.0,4.6,0.5,265,高値圏かつ未過熱 / MA上昇配列 / パーフェクトオーダー
6448,ブラザー工業,電気機器,26.8,26.8,1,139,★☆☆☆☆,0.0,7.5,31,-5.2,0.0,4.3,0.0,15.0,0.0,0.0,0.0,,,0.0,12.0,2.4,10.0,4615,4843.0,5.1,0.4,4698,高値圏かつ未過熱 / 買い出来高優勢 / MA上昇配列 / パーフェクトオーダー / 52週高値ブレイク!
6357,三精テクノロジーズ,機械,26.8,26.8,1,140,★☆☆☆☆,0.0,13.0,14,4.5,0.0,4.3,0.0,9.5,0.0,0.0,0.0,,,0.0,12.7,2.3,11.0,2664,2794.0,8.7,0.9,115,RS加速+4.5 / 高値圏かつ未過熱 / 買い出来高優勢 / 52週高値目前
7746,岡本硝子,精密機器,26.7,26.7,1,141,★☆☆☆☆,0.0,14.0,0,5.4,0.0,6.7,0.0,6.0,0.0,0.0,0.0,,,0.0,3.5,3.3,7.7,749,802.0,7.2,2.1,320,RS転換0日目 / RS加速+5.4 / 25MA上抜け3日目 / 出来高増2.1倍 / 買い出来高優勢
8377,ほくほくフィナンシャルグループ,銀行業,26.6,25.5,2,142,★☆☆☆☆,0.0,14.0,1,2.3,0.0,2.0,0.0,9.5,0.0,0.0,0.0,,,0.0,7.7,3.2,4.8,7823,8358.0,3.9,0.2,3547,RS転換1日目 / 高値圏かつ未過熱 / MA上昇配列 / パーフェクトオーダー
1879,新日本建設,建設業,26.6,26.5,2,143,★☆☆☆☆,0.0,9.0,28,-9.8,0.0,4.0,0.0,13.5,0.0,0.0,0.0,,,0.0,2.3,1.9,3.4,2225,2314.0,-0.2,0.4,476,高値圏かつ未過熱 / 資金流入増 / MA上昇配列 / パーフェクトオーダー / 52週高値目前
7350,おきなわフィナンシャルグループ,銀行業,26.5,26.5,1,144,★☆☆☆☆,0.0,14.0,1,-2.3,0.0,3.0,0.0,9.5,0.0,0.0,0.0,,,0.0,3.1,3.3,3.6,7344,7870.0,2.9,0.3,625,RS転換1日目 / 25MA上抜け3日目 / 高値圏かつ未過熱 / MA上昇配列 / パーフェクトオーダー
4390,ＩＰＳ,情報・通信業,26.5,26.5,1,145,★☆☆☆☆,0.0,11.0,29,1.3,0.0,2.0,0.0,13.5,0.0,0.0,0.0,,,0.0,19.7,4.8,14.1,3886,4295.0,5.7,0.6,402,高値圏かつ未過熱 / MA上昇配列 / パーフェクトオーダー / 52週高値目前
6645,オムロン,電気機器,26.5,18.2,4,146,★☆☆☆☆,0.0,9.0,16,6.3,0.0,3.0,0.0,6.2,0.0,0.0,0.0,,,0.0,20.8,3.9,6.8,6129,6641.0,5.5,0.2,11874,RS加速+6.3 / MA上昇配列 / パーフェクトオーダー
8331,千葉銀行,銀行業,26.5,26.5,1,147,★☆☆☆☆,0.0,12.0,0,-0.4,0.0,1.0,0.0,13.5,0.0,0.0,0.0,,,0.0,0.4,2.6,3.2,2675,2820.0,2.4,0.6,6191,RS転換0日目 / 高値圏かつ未過熱 / MA上昇配列 / パーフェクトオーダー / 52週高値目前
6890,フェローテック,電気機器,26.4,23.9,4,148,★☆☆☆☆,4.9,12.0,3,32.1,0.0,0.0,0.0,7.0,0.0,0.0,0.0,,SOX指数,-11.3,28.7,5.4,11.7,8707,9770.0,13.9,0.4,12752,RS転換3日目 / RS加速+32.1 / SOX指数+4.0%連動(β0.30) 実反応+12.6% / 開示[業績予想の修正](14日前)
5381,マイポックス,ガラス・土石製品,26.4,17.0,4,149,★☆☆☆☆,0.0,9.0,12,22.1,0.0,2.0,0.0,6.0,0.0,0.0,0.0,,,0.0,33.1,5.2,11.2,884,986.0,4.8,0.3,227,RS加速+22.1
5218,オハラ,ガラス・土石製品,26.4,19.2,2,150,★☆☆☆☆,0.0,9.0,18,-6.4,0.0,2.0,0.0,8.2,0.0,0.0,0.0,,,0.0,6.0,3.5,4.4,1502,1614.0,1.5,0.4,124,高値圏かつ未過熱 / MA上昇配列 / パーフェクトオーダー
7806,ＭＴＧ,その他製品,26.3,33.8,3,151,★☆☆☆☆,0.0,16.0,8,8.1,0.0,4.3,0.0,13.5,0.0,0.0,0.0,,,0.0,20.0,4.0,13.6,8430,9170.0,5.6,0.4,1358,RS転換8日目 / RS加速+8.1 / 高値圏かつ未過熱 / 買い出来高優勢 / MA上昇配列 / パーフェクトオーダー / 52週高値目前
6506,安川電機,電気機器,26.3,20.3,5,152,★☆☆☆☆,0.0,10.0,0,6.6,7.8,1.0,0.0,1.5,0.0,0.0,0.0,,,0.0,0.5,3.5,-3.3,4544,4882.0,-1.2,0.5,21469,RS転換0日目 / RS加速+6.6 / ロボット(+0.9%)
8609,岡三証券グループ,証券、商品先物取引業,26.2,25.5,2,153,★☆☆☆☆,0.0,7.5,40,-4.0,0.0,4.3,0.0,13.7,0.0,0.0,0.0,,,0.0,4.6,2.4,11.0,1185,1246.0,7.7,0.9,561,高値圏かつ未過熱 / 買い出来高優勢 / MA上昇配列 / パーフェクトオーダー / 52週高値ブレイク!
2108,日本甜菜製糖,食料品,26.2,21.9,4,154,★☆☆☆☆,0.0,2.0,-1,-20.6,0.0,4.3,0.0,9.5,0.0,6.1,0.0,,,0.0,-2.0,3.5,1.3,5027,5400.0,-7.1,0.7,189,買い出来高優勢 / MA上昇配列 / パーフェクトオーダー / 開示[自己株式の取得](4日前) / 開示[株式分割](4日前)
8551,北日本銀行,銀行業,26.2,26.2,1,155,★☆☆☆☆,0.0,9.5,36,1.8,0.0,3.0,0.0,13.7,0.0,0.0,0.0,,,0.0,15.2,3.7,12.5,7401,7990.0,6.7,0.5,347,高値圏かつ未過熱 / MA上昇配列 / パーフェクトオーダー / 52週高値ブレイク!
5831,しずおかフィナンシャルグループ,銀行業,26.2,34.3,3,156,★☆☆☆☆,0.0,16.0,3,4.2,0.0,3.3,0.0,15.0,0.0,0.0,0.0,,,0.0,7.4,2.5,7.2,3457,3639.0,5.5,0.3,6109,RS転換3日目 / RS加速+4.2 / 高値圏かつ未過熱 / 買い出来高優勢 / MA上昇配列 / パーフェクトオーダー / 52週高値ブレイク!
7727,オーバル,精密機器,26.0,26.0,1,157,★☆☆☆☆,0.0,11.0,22,0.1,0.0,4.0,0.0,11.0,0.0,0.0,0.0,,,0.0,10.6,5.6,6.5,746,840.0,4.9,0.3,142,高値圏かつ未過熱 / 資金流入増 / MA上昇配列 / パーフェクトオーダー
6135,牧野フライス製作所,機械,26.0,26.0,1,158,★☆☆☆☆,0.0,12.0,10,-0.4,0.0,2.0,0.0,12.0,0.0,0.0,0.0,,,0.0,1.4,3.2,2.6,14364,15360.0,2.2,0.1,3582,RS転換10日目 / 高値圏かつ未過熱 / MA上昇配列 / パーフェクトオーダー
3968,セグエグループ,情報・通信業,26.0,26.0,1,159,★☆☆☆☆,0.0,14.0,0,-1.8,0.0,3.0,0.0,9.0,0.0,0.0,0.0,,,0.0,4.8,4.3,10.6,617,676.0,8.0,0.6,261,RS転換0日目 / 25MA上抜け10日目 / 高値圏かつ未過熱 / MA上昇配列
8137,サンワテクノス,卸売業,26.0,26.0,1,160,★☆☆☆☆,0.0,11.5,33,8.5,0.0,1.0,0.0,13.5,0.0,0.0,0.0,,,0.0,12.3,2.5,6.4,3977,4190.0,5.8,0.2,240,RS加速+8.5 / 高値圏かつ未過熱 / MA上昇配列 / パーフェクトオーダー / 52週高値目前
1899,福田組,建設業,26.0,26.0,1,161,★☆☆☆☆,0.0,9.5,33,1.3,0.0,3.0,0.0,13.5,0.0,0.0,0.0,,,0.0,23.7,3.7,12.6,4653,5020.0,5.1,0.2,381,高値圏かつ未過熱 / MA上昇配列 / パーフェクトオーダー / 52週高値目前
4021,日産化学,化学,26.0,26.0,1,162,★☆☆☆☆,0.0,14.0,6,0.8,0.0,0.0,0.0,12.0,0.0,0.0,0.0,,,0.0,3.2,3.0,3.8,7621,8108.0,1.6,0.3,5550,RS転換6日目 / 高値圏かつ未過熱 / MA上昇配列 / パーフェクトオーダー
8014,蝶理,卸売業,26.0,26.0,1,163,★☆☆☆☆,0.0,12.0,0,-7.8,0.0,4.0,0.0,10.0,0.0,0.0,0.0,,,0.0,0.3,2.0,4.0,4092,4265.0,0.1,0.1,219,RS転換0日目 / 高値圏かつ未過熱 / 資金流入増 / MA上昇配列
6309,巴工業,機械,26.0,26.0,1,164,★☆☆☆☆,0.0,12.0,7,-5.1,0.0,2.0,0.0,12.0,0.0,0.0,0.0,,,0.0,1.3,1.6,5.6,2001,2069.0,2.9,0.2,174,RS転換7日目 / 高値圏かつ未過熱 / MA上昇配列 / パーフェクトオーダー
6794,フォスター電機,電気機器,25.9,18.2,3,165,★☆☆☆☆,0.0,9.0,20,-4.6,0.0,2.0,0.0,7.2,0.0,0.0,0.0,,,0.0,1.8,4.1,1.6,2743,2986.0,-1.1,0.1,590,高値圏かつ未過熱 / MA上昇配列 / パーフェクトオーダー
4980,デクセリアルズ,化学,25.9,22.7,5,166,★☆☆☆☆,0.0,4.0,-1,12.7,16.0,0.0,0.0,2.7,0.0,0.0,0.0,,,0.0,-8.0,4.3,-1.1,2856,3127.0,8.0,0.2,5888,RS加速+12.7 / 光通信・電線(+5.0%)
4008,住友精化,化学,25.9,27.5,2,167,★☆☆☆☆,0.0,11.0,15,1.3,0.0,4.3,0.0,12.2,0.0,0.0,0.0,,,0.0,18.6,2.4,8.4,1473,1548.0,2.0,0.2,421,高値圏かつ未過熱 / 買い出来高優勢 / MA上昇配列 / パーフェクトオーダー / 52週高値目前
2384,ＳＢＳホールディングス,陸運業,25.8,25.8,1,168,★☆☆☆☆,0.0,9.0,30,-9.9,0.0,3.3,0.0,13.5,0.0,0.0,0.0,,,0.0,7.2,2.8,8.7,4879,5170.0,-0.4,0.2,369,高値圏かつ未過熱 / 買い出来高優勢 / MA上昇配列 / パーフェクトオーダー / 52週高値目前
3692,ＦＦＲＩセキュリティ,情報・通信業,25.7,25.7,1,169,★☆☆☆☆,0.0,14.0,1,16.5,0.0,5.7,0.0,6.0,0.0,0.0,0.0,,,0.0,11.2,5.6,13.3,5095,5740.0,20.1,3.1,636,RS転換1日目 / RS加速+16.5 / 25MA上抜け1日目 / 出来高急増3.1倍
8387,四国銀行,銀行業,25.7,25.7,1,170,★☆☆☆☆,0.0,14.0,0,-1.2,0.0,2.0,0.0,9.7,0.0,0.0,0.0,,,0.0,1.1,3.4,3.9,3334,3575.0,6.1,0.5,503,RS転換0日目 / 25MA上抜け2日目 / 高値圏かつ未過熱 / MA上昇配列 / パーフェクトオーダー / 52週高値目前
8084,ＲＹＯＤＥＮ,卸売業,25.7,22.0,3,171,★☆☆☆☆,0.0,9.0,29,-18.9,0.0,2.0,0.0,11.0,0.0,0.0,0.0,,,0.0,4.7,2.8,4.9,4476,4745.0,-1.2,0.1,303,高値圏かつ未過熱 / MA上昇配列 / パーフェクトオーダー / 52週高値目前
4471,三洋化成工業,化学,25.6,25.3,2,172,★☆☆☆☆,0.0,9.0,29,-3.8,0.0,5.3,0.0,11.0,0.0,0.0,0.0,,,0.0,24.5,2.9,9.8,6010,6380.0,0.3,0.3,1044,高値圏かつ未過熱 / 買い出来高優勢 / 資金流入増 / MA上昇配列 / パーフェクトオーダー / 52週高値目前
4116,大日精化工業,化学,25.6,25.3,2,173,★☆☆☆☆,0.0,7.5,33,-9.4,0.0,4.3,0.0,13.5,0.0,0.0,0.0,,,0.0,15.8,2.4,9.7,1320,1388.0,2.4,0.2,323,高値圏かつ未過熱 / 買い出来高優勢 / MA上昇配列 / パーフェクトオーダー / 52週高値目前
2269,明治ホールディングス,食料品,25.5,25.5,1,174,★☆☆☆☆,0.0,9.0,15,-12.8,0.0,4.3,0.0,12.2,0.0,0.0,0.0,,,0.0,5.0,2.1,8.5,4261,4452.0,2.3,0.2,5537,高値圏かつ未過熱 / 買い出来高優勢 / MA上昇配列 / パーフェクトオーダー / 52週高値目前
8346,東邦銀行,銀行業,25.5,25.5,1,175,★☆☆☆☆,0.0,14.0,2,2.1,0.0,2.0,0.0,9.5,0.0,0.0,0.0,,,0.0,9.5,3.0,5.8,933,992.0,4.4,0.3,908,RS転換2日目 / 高値圏かつ未過熱 / MA上昇配列 / パーフェクトオーダー
8524,北洋銀行,銀行業,25.5,25.5,1,176,★☆☆☆☆,0.0,14.0,1,1.0,0.0,2.0,0.0,9.5,0.0,0.0,0.0,,,0.0,5.9,2.8,4.7,1223,1295.0,2.7,0.3,2088,RS転換1日目 / 高値圏かつ未過熱 / MA上昇配列 / パーフェクトオーダー
4443,Ｓａｎｓａｎ,情報・通信業,25.4,17.0,2,177,★☆☆☆☆,0.0,8.0,0,-18.1,0.0,2.0,0.0,10.0,0.0,0.0,-3.0,,,0.0,8.4,4.6,15.3,2125,2339.0,4.8,0.8,2308,RS転換0日目 / MA上昇配列 / パーフェクトオーダー / 伸びすぎ注意(25MA+15%)
7715,長野計器,精密機器,25.4,23.2,3,178,★☆☆☆☆,0.0,14.0,2,7.8,0.0,2.0,0.0,7.2,0.0,0.0,0.0,,,0.0,9.7,5.2,2.6,3601,4015.0,1.6,0.5,581,RS転換2日目 / RS加速+7.8 / 25MA上抜け1日目 / MA上昇配列 / パーフェクトオーダー
5702,大紀アルミニウム工業所,非鉄金属,25.3,25.3,1,179,★☆☆☆☆,0.0,9.0,24,-0.5,0.0,4.3,0.0,12.0,0.0,0.0,0.0,,,0.0,23.6,3.7,9.6,1759,1902.0,1.9,0.2,727,高値圏かつ未過熱 / 買い出来高優勢 / MA上昇配列 / パーフェクトオーダー
7846,パイロットコーポレーション,その他製品,25.3,25.3,1,180,★☆☆☆☆,0.0,7.5,36,-10.6,0.0,4.3,0.0,13.5,0.0,0.0,0.0,,,0.0,3.3,1.9,6.1,1952,2031.0,2.0,0.2,526,高値圏かつ未過熱 / 買い出来高優勢 / MA上昇配列 / パーフェクトオーダー / 52週高値目前
7810,クロスフォー,その他製品,25.3,25.3,1,181,★☆☆☆☆,0.0,14.0,2,11.6,0.0,5.3,0.0,6.0,0.0,0.0,0.0,,,0.0,8.0,5.6,11.9,150,169.0,15.8,0.5,332,RS転換2日目 / RS加速+11.6 / 25MA上抜け2日目 / 買い出来高優勢 / 資金流入増
8841,テーオーシー,不動産業,25.3,25.3,1,182,★☆☆☆☆,0.0,9.0,15,-14.4,0.0,5.3,0.0,11.0,0.0,0.0,0.0,,,0.0,6.0,3.6,6.0,962,1036.0,-4.4,0.1,211,高値圏かつ未過熱 / 買い出来高優勢 / 資金流入増 / MA上昇配列 / パーフェクトオーダー
4114,日本触媒,化学,25.3,26.1,2,183,★☆☆☆☆,0.0,7.5,32,-9.3,0.0,5.3,0.0,11.0,0.0,2.3,0.0,,,0.0,14.2,2.7,8.6,2511,2654.0,0.8,0.2,2654,高値圏かつ未過熱 / 買い出来高優勢 / 資金流入増 / MA上昇配列 / パーフェクトオーダー / 52週高値目前 / 開示[新工場](1日前)
3763,プロシップ,情報・通信業,25.3,24.8,2,184,★☆☆☆☆,0.0,7.5,36,-24.8,0.0,5.3,0.0,12.0,0.0,0.0,0.0,,,0.0,14.7,6.1,11.0,2004,2285.0,-7.4,0.2,157,高値圏かつ未過熱 / 買い出来高優勢 / 資金流入増 / MA上昇配列 / パーフェクトオーダー
6490,ＰＩＬＬＡＲ,機械,25.2,25.2,1,185,★☆☆☆☆,0.0,18.0,3,17.4,0.0,0.0,0.0,7.2,0.0,0.0,0.0,,,0.0,11.8,5.0,2.5,9261,10280.0,5.3,0.2,1646,RS転換3日目 / RS加速+17.4 / 25MA上抜け1日目 / 高値圏かつ未過熱 / MA上昇配列 / パーフェクトオーダー
6454,マックス,機械,25.2,25.2,1,186,★☆☆☆☆,0.0,14.0,0,-3.7,0.0,3.0,0.0,8.2,0.0,0.0,0.0,,,0.0,1.6,2.2,2.6,1786,1868.0,5.1,0.3,556,RS転換0日目 / 25MA上抜け3日目 / 高値圏かつ未過熱 / MA上昇配列 / パーフェクトオーダー
6440,ＪＵＫＩ,機械,25.0,22.3,2,187,★☆☆☆☆,0.0,9.0,29,16.4,0.0,5.3,0.0,8.0,0.0,0.0,0.0,,,0.0,29.7,4.4,13.9,633,694.0,15.1,0.3,315,RS加速+16.4 / 買い出来高優勢 / 資金流入増 / MA上昇配列
3097,物語コーポレーション,小売業,25.0,25.0,1,188,★☆☆☆☆,0.0,12.0,0,-13.8,0.0,2.0,0.0,11.0,0.0,0.0,0.0,,,0.0,1.2,3.4,5.7,5439,5840.0,3.0,0.5,1194,RS転換0日目 / 高値圏かつ未過熱 / MA上昇配列 / パーフェクトオーダー / 52週高値目前
7327,第四北越フィナンシャルグループ,銀行業,25.0,25.0,1,189,★☆☆☆☆,0.0,9.5,35,1.3,0.0,2.0,0.0,13.5,0.0,0.0,0.0,,,0.0,6.5,2.5,6.4,2442,2570.0,4.3,0.4,1915,高値圏かつ未過熱 / MA上昇配列 / パーフェクトオーダー / 52週高値目前
8334,群馬銀行,銀行業,25.0,25.0,1,190,★☆☆☆☆,0.0,9.5,35,1.4,0.0,2.0,0.0,13.5,0.0,0.0,0.0,,,0.0,6.1,2.5,6.3,2676,2817.5,4.3,0.3,2631,高値圏かつ未過熱 / MA上昇配列 / パーフェクトオーダー / 52週高値目前
6532,ベイカレント,サービス業,25.0,25.0,1,191,★☆☆☆☆,0.0,12.0,0,-16.7,0.0,1.0,0.0,12.0,0.0,0.0,0.0,,,0.0,4.1,3.4,11.1,7572,8127.0,9.5,0.4,7971,RS転換0日目 / 高値圏かつ未過熱 / MA上昇配列 / パーフェクトオーダー
7189,西日本フィナンシャルホールディングス,銀行業,25.0,25.0,1,192,★☆☆☆☆,0.0,9.5,35,2.3,0.0,2.0,0.0,13.5,0.0,0.0,0.0,,,0.0,7.8,2.7,5.9,4566,4831.0,3.6,0.3,2051,高値圏かつ未過熱 / MA上昇配列 / パーフェクトオーダー / 52週高値目前
9889,ＪＢＣＣホールディングス,情報・通信業,25.0,25.0,1,193,★☆☆☆☆,0.0,12.0,0,-23.6,0.0,2.0,0.0,11.0,0.0,0.0,0.0,,,0.0,0.0,2.6,5.9,1685,1779.0,1.3,0.3,414,RS転換0日目 / 高値圏かつ未過熱 / MA上昇配列 / パーフェクトオーダー / 52週高値目前
4674,クレスコ,情報・通信業,25.0,25.0,1,194,★☆☆☆☆,0.0,7.5,33,-15.0,0.0,5.3,0.0,12.2,0.0,0.0,0.0,,,0.0,17.4,3.0,12.4,1938,2061.0,1.0,0.2,491,高値圏かつ未過熱 / 買い出来高優勢 / 資金流入増 / MA上昇配列 / パーフェクトオーダー / 52週高値目前
4004,レゾナック・ホールディングス,化学,25.0,16.7,4,195,★☆☆☆☆,0.0,9.0,16,23.7,0.0,2.0,0.0,5.7,0.0,0.0,0.0,,,0.0,28.6,5.7,7.2,14650,16535.0,3.0,0.3,42841,RS加速+23.7
8075,神鋼商事,卸売業,24.8,23.8,2,196,★☆☆☆☆,0.0,7.5,32,-7.5,0.0,5.3,0.0,11.0,0.0,0.0,0.0,,,0.0,12.1,2.3,8.0,2954,3095.0,1.6,0.2,239,高値圏かつ未過熱 / 買い出来高優勢 / 資金流入増 / MA上昇配列 / パーフェクトオーダー / 52週高値目前
8600,トモニホールディングス,銀行業,24.8,24.8,1,197,★☆☆☆☆,0.0,12.0,1,-3.0,0.0,3.3,0.0,9.5,0.0,0.0,0.0,,,0.0,5.4,3.0,5.6,1052,1119.0,3.3,0.2,628,RS転換1日目 / 高値圏かつ未過熱 / 買い出来高優勢 / MA上昇配列 / パーフェクトオーダー
4493,サイバーセキュリティクラウド,情報・通信業,24.8,24.8,1,198,★☆☆☆☆,0.0,12.0,0,0.2,0.0,5.3,0.0,7.5,0.0,0.0,0.0,,,0.0,3.8,4.0,6.3,1829,1990.0,6.2,3.0,242,RS転換0日目 / 25MA上抜け0日目 / 出来高増3.0倍 / MA上昇配列 / パーフェクトオーダー
6351,鶴見製作所,機械,24.7,24.7,1,199,★☆☆☆☆,0.0,12.0,8,-3.1,0.0,2.0,0.0,10.7,0.0,0.0,0.0,,,0.0,5.5,2.9,6.3,2335,2479.0,5.6,0.1,175,RS転換8日目 / 高値圏かつ未過熱 / MA上昇配列 / パーフェクトオーダー
9692,シーイーシー,情報・通信業,24.7,25.0,4,200,★☆☆☆☆,0.0,7.5,36,-7.8,0.0,3.3,0.0,12.2,0.0,2.0,0.0,,,0.0,2.7,2.4,9.2,2425,2546.0,6.3,0.4,274,高値圏かつ未過熱 / 買い出来高優勢 / MA上昇配列 / パーフェクトオーダー / 52週高値目前 / 開示[上方修正](7日前)
4588,オンコリスバイオファーマ,医薬品,24.7,24.7,1,201,★☆☆☆☆,0.0,10.0,19,52.1,0.0,6.0,0.0,13.7,0.0,0.0,-5.0,,,0.0,86.1,7.8,50.1,4034,4775.0,41.3,1.6,4939,RS加速+52.1 / 資金流入増 / MA上昇配列 / パーフェクトオーダー / 52週高値ブレイク! / 過熱⚠25MA+50%
6994,指月電機製作所,電気機器,24.6,18.0,4,202,★☆☆☆☆,0.0,9.0,11,14.3,0.0,2.0,0.0,7.0,0.0,0.0,0.0,,,0.0,24.2,4.9,10.7,1122,1243.0,7.8,0.3,390,RS加速+14.3
7637,白銅,卸売業,24.6,21.5,2,203,★☆☆☆☆,0.0,9.0,25,-0.9,0.0,3.0,0.0,9.5,0.0,0.0,0.0,,,0.0,6.9,4.7,4.0,3449,3805.0,2.4,0.2,210,高値圏かつ未過熱 / MA上昇配列 / パーフェクトオーダー
6923,スタンレー電気,電気機器,24.6,18.0,2,204,★☆☆☆☆,0.0,4.0,-1,-9.2,0.0,2.0,0.0,12.0,0.0,0.0,0.0,,,0.0,-6.0,1.9,1.2,3469,3608.0,0.3,0.1,1849,25MA上抜け6日目 / MA上昇配列 / パーフェクトオーダー
4025,多木化学,化学,24.5,24.5,1,205,★☆☆☆☆,0.0,9.5,31,1.7,0.0,4.3,0.0,10.7,0.0,0.0,0.0,,,0.0,21.1,4.5,11.2,5660,6220.0,2.5,0.3,219,高値圏かつ未過熱 / 買い出来高優勢 / MA上昇配列 / パーフェクトオーダー
166A,タスキホールディングス,不動産業,24.5,24.5,1,206,★☆☆☆☆,0.0,9.0,22,-7.3,0.0,2.0,0.0,13.5,0.0,0.0,0.0,,,0.0,1.1,2.9,7.0,1148,1218.0,6.0,0.1,561,高値圏かつ未過熱 / MA上昇配列 / パーフェクトオーダー / 52週高値目前
8739,スパークス・グループ,証券、商品先物取引業,24.5,24.5,1,207,★☆☆☆☆,0.0,7.5,33,-4.8,0.0,2.0,0.0,15.0,0.0,0.0,0.0,,,0.0,8.6,2.0,7.4,2521,2626.0,3.5,0.4,307,高値圏かつ未過熱 / MA上昇配列 / パーフェクトオーダー / 52週高値ブレイク!
7480,スズデン,卸売業,24.5,24.5,1,208,★☆☆☆☆,0.0,9.5,43,0.4,0.0,4.0,0.0,11.0,0.0,0.0,0.0,,,0.0,40.4,3.3,13.0,3276,3505.0,3.2,0.2,385,高値圏かつ未過熱 / 資金流入増 / MA上昇配列 / パーフェクトオーダー / 52週高値目前
135A,ＶＲＡＩＮ　Ｓｏｌｕｔｉｏｎ,情報・通信業,24.4,17.3,2,209,★☆☆☆☆,0.0,8.0,10,-5.7,0.0,3.3,0.0,6.0,0.0,0.0,0.0,,,0.0,12.4,4.5,8.7,3934,4320.0,-1.6,0.6,212,RS転換10日目 / 買い出来高優勢
8037,カメイ,卸売業,24.4,25.3,2,210,★☆☆☆☆,0.0,7.5,36,-7.9,0.0,4.3,0.0,13.5,0.0,0.0,0.0,,,0.0,8.7,2.2,9.5,4336,4535.0,4.1,0.5,221,高値圏かつ未過熱 / 買い出来高優勢 / MA上昇配列 / パーフェクトオーダー / 52週高値目前
7138,ＴＯＲＩＣＯ,小売業,24.3,24.3,1,211,★☆☆☆☆,0.0,14.0,5,9.8,0.0,7.3,0.0,8.0,0.0,0.0,-5.0,,,0.0,47.3,9.5,32.0,151,186.0,-3.6,1.7,382,RS転換5日目 / RS加速+9.8 / 25MA上抜け6日目 / 買い出来高優勢 / 資金流入増 / MA上昇配列 / 過熱⚠25MA+32%
2170,リンクアンドモチベーション,サービス業,24.3,24.3,1,212,★☆☆☆☆,0.0,10.0,7,-11.6,0.0,4.3,0.0,10.0,0.0,0.0,0.0,,,0.0,7.5,5.0,11.9,652,725.0,3.0,0.4,502,RS転換7日目 / 25MA上抜け9日目 / 買い出来高優勢 / MA上昇配列 / パーフェクトオーダー
6379,レイズネクスト,建設業,24.2,21.0,3,213,★☆☆☆☆,0.0,7.5,40,-16.0,0.0,4.0,0.0,9.5,0.0,0.0,0.0,,,0.0,7.8,2.9,7.1,2923,3100.0,-2.5,0.2,641,高値圏かつ未過熱 / 資金流入増 / MA上昇配列 / パーフェクトオーダー
6524,湖北工業,電気機器,24.2,20.7,3,214,★☆☆☆☆,0.0,14.0,5,14.7,0.0,2.0,0.0,4.7,0.0,0.0,0.0,,,0.0,16.8,5.3,9.3,4581,5130.0,10.1,0.2,1313,RS転換5日目 / RS加速+14.7 / 25MA上抜け6日目
325A,ＴＥＮＴＩＡＬ,繊維製品,24.1,24.1,1,215,★☆☆☆☆,0.0,10.0,0,-3.4,0.0,2.0,0.0,11.0,0.0,1.1,0.0,,,0.0,6.3,4.7,7.6,1603,1770.0,-3.0,0.7,421,RS転換0日目 / 25MA上抜け10日目 / MA上昇配列 / パーフェクトオーダー / 開示[自己株式の取得](9日前)
2121,ＭＩＸＩ,情報・通信業,24.0,24.0,1,216,★☆☆☆☆,0.0,7.5,36,-12.3,0.0,4.3,0.0,12.2,0.0,0.0,0.0,,,0.0,13.3,2.3,10.0,3455,3620.0,2.5,0.3,1521,高値圏かつ未過熱 / 買い出来高優勢 / MA上昇配列 / パーフェクトオーダー / 52週高値目前
1965,テクノ菱和,建設業,24.0,24.0,1,217,★☆☆☆☆,0.0,14.0,3,19.3,0.0,2.0,0.0,8.0,0.0,0.0,0.0,,,0.0,18.6,4.7,9.5,6131,6770.0,10.8,0.4,553,RS転換3日目 / RS加速+19.3 / 25MA上抜け5日目 / MA上昇配列
4972,綜研化学,化学,24.0,24.0,1,218,★☆☆☆☆,0.0,14.0,3,21.2,0.0,2.0,0.0,8.0,0.0,0.0,0.0,,,0.0,9.7,2.6,7.0,3354,3535.0,5.7,0.2,303,RS転換3日目 / RS加速+21.2 / 高値圏かつ未過熱
3110,日東紡績,ガラス・土石製品,24.0,15.0,4,219,★☆☆☆☆,0.0,10.0,1,14.7,0.0,0.0,0.0,5.0,0.0,0.0,0.0,,,0.0,9.9,6.5,1.2,2659,3055.0,-0.3,0.2,23697,RS転換1日目 / RS加速+14.7
5208,有沢製作所,化学,24.0,24.0,1,220,★☆☆☆☆,0.0,18.0,2,4.3,0.0,0.0,0.0,6.0,0.0,0.0,0.0,,,0.0,5.3,3.8,1.3,2443,2641.0,2.6,0.2,649,RS転換2日目 / RS加速+4.3 / 25MA上抜け1日目 / 高値圏かつ未過熱 / MA上昇配列 / パーフェクトオーダー
2222,寿スピリッツ,食料品,24.0,24.0,1,221,★☆☆☆☆,0.0,12.0,0,-10.7,0.0,1.0,0.0,11.0,0.0,0.0,0.0,,,0.0,0.1,2.6,4.1,2598,2738.5,2.2,0.1,1311,RS転換0日目 / 高値圏かつ未過熱 / MA上昇配列 / パーフェクトオーダー / 52週高値目前
2681,ゲオホールディングス,小売業,24.0,24.0,1,222,★☆☆☆☆,0.0,9.0,29,-10.8,0.0,3.0,0.0,12.0,0.0,0.0,0.0,,,0.0,2.8,2.9,6.9,2251,2389.0,1.6,0.3,481,高値圏かつ未過熱 / MA上昇配列 / パーフェクトオーダー
9619,イチネンホールディングス,サービス業,24.0,24.0,1,223,★☆☆☆☆,0.0,7.5,34,-8.8,0.0,3.0,0.0,13.5,0.0,0.0,0.0,,,0.0,5.4,1.7,6.7,2632,2724.0,0.9,0.2,115,高値圏かつ未過熱 / MA上昇配列 / パーフェクトオーダー / 52週高値目前
1939,四電工,建設業,24.0,23.0,2,224,★☆☆☆☆,0.0,7.5,33,-6.1,0.0,2.0,0.0,13.5,0.0,0.0,0.0,,,0.0,0.9,1.9,3.4,2078,2160.0,1.9,0.3,190,高値圏かつ未過熱 / MA上昇配列 / パーフェクトオーダー / 52週高値目前
2782,セリア,小売業,24.0,24.0,1,225,★☆☆☆☆,0.0,7.5,32,-9.9,0.0,3.0,0.0,13.5,0.0,0.0,0.0,,,0.0,4.9,3.0,7.7,4166,4430.0,4.2,0.2,1559,高値圏かつ未過熱 / MA上昇配列 / パーフェクトオーダー / 52週高値目前
5480,日本冶金工業,鉄鋼,24.0,24.0,1,226,★☆☆☆☆,0.0,7.5,42,-1.4,0.0,4.3,0.0,12.2,0.0,0.0,0.0,,,0.0,3.8,2.1,5.9,5380,5620.0,6.4,0.2,481,高値圏かつ未過熱 / 買い出来高優勢 / MA上昇配列 / パーフェクトオーダー / 52週高値目前
5253,カバー,情報・通信業,24.0,24.0,1,227,★☆☆☆☆,0.0,14.0,1,4.9,0.0,2.0,0.0,8.0,0.0,0.0,0.0,,,0.0,2.6,4.4,9.2,1557,1706.0,13.7,0.6,2507,RS転換1日目 / RS加速+4.9 / 25MA上抜け4日目 / MA上昇配列
8713,フィデアホールディングス,銀行業,23.9,20.5,3,228,★☆☆☆☆,0.0,4.5,32,-4.1,0.0,5.3,0.0,13.7,0.0,0.0,-3.0,,,0.0,26.5,3.7,16.7,2667,2880.0,5.0,0.3,290,買い出来高優勢 / 資金流入増 / MA上昇配列 / パーフェクトオーダー / 52週高値ブレイク! / 伸びすぎ注意(25MA+17%)
9425,ＲｅＹｕｕ　Ｊａｐａｎ,情報・通信業,23.9,23.900000000000002,1,229,★☆☆☆☆,0.0,14.0,2,30.2,0.0,3.3,0.0,8.0,0.0,1.6,-3.0,,,0.0,29.1,8.1,18.0,209,249.0,12.2,0.6,218,RS転換2日目 / RS加速+30.2 / 25MA上抜け8日目 / 買い出来高優勢 / MA上昇配列 / 伸びすぎ注意(25MA+18%) / 開示[子会社化](3日前)
6616,トレックス・セミコンダクター,電気機器,23.9,16.7,4,230,★☆☆☆☆,0.0,11.0,11,7.8,0.0,2.0,0.0,3.7,0.0,0.0,0.0,,,0.0,10.5,4.9,2.4,1781,1975.0,2.2,0.5,234,RS加速+7.8 / 25MA上抜け6日目
8707,岩井コスモホールディングス,証券、商品先物取引業,23.9,31.0,2,231,★☆☆☆☆,0.0,14.0,7,2.6,0.0,3.3,0.0,13.7,0.0,0.0,0.0,,,0.0,10.1,2.1,9.6,4597,4800.0,4.3,0.7,495,RS転換7日目 / 高値圏かつ未過熱 / 買い出来高優勢 / MA上昇配列 / パーフェクトオーダー / 52週高値ブレイク!
4847,インテリジェント　ウェイブ,情報・通信業,23.8,20.0,2,232,★☆☆☆☆,0.0,6.5,32,0.1,0.0,4.0,0.0,12.5,0.0,0.0,-3.0,,,0.0,30.9,2.7,17.0,1320,1396.0,5.8,0.2,351,資金流入増 / MA上昇配列 / パーフェクトオーダー / 52週高値ブレイク! / RSI過熱(89)⚠ / 伸びすぎ注意(25MA+17%)
6952,カシオ計算機,電気機器,23.8,23.8,1,233,★☆☆☆☆,0.0,9.0,21,-1.4,0.0,5.3,0.0,9.5,0.0,0.0,0.0,,,0.0,30.1,3.9,10.1,2233,2423.5,4.8,0.2,5178,高値圏かつ未過熱 / 買い出来高優勢 / 資金流入増 / MA上昇配列 / パーフェクトオーダー
4635,東京インキ,化学,23.8,23.8,1,234,★☆☆☆☆,0.0,7.5,43,-6.5,0.0,5.3,0.0,11.0,0.0,0.0,0.0,,,0.0,42.3,2.9,13.1,1963,2084.0,-0.4,0.6,129,高値圏かつ未過熱 / 買い出来高優勢 / 資金流入増 / MA上昇配列 / パーフェクトオーダー / 52週高値目前
7942,ＪＳＰ,化学,23.8,23.8,1,235,★☆☆☆☆,0.0,9.0,29,-8.4,0.0,5.3,0.0,9.5,0.0,0.0,0.0,,,0.0,18.2,3.0,7.0,2925,3110.0,0.0,0.2,273,高値圏かつ未過熱 / 買い出来高優勢 / 資金流入増 / MA上昇配列 / パーフェクトオーダー
3176,三洋貿易,卸売業,23.8,23.8,1,236,★☆☆☆☆,0.0,7.5,36,-6.0,0.0,5.3,0.0,11.0,0.0,0.0,0.0,,,0.0,26.7,3.6,12.7,1084,1167.0,4.7,1.0,484,高値圏かつ未過熱 / 買い出来高優勢 / 資金流入増 / MA上昇配列 / パーフェクトオーダー / 52週高値目前
9534,北海道瓦斯,電気・ガス業,23.7,23.7,1,237,★☆☆☆☆,0.0,14.0,0,-6.1,0.0,1.0,0.0,8.7,0.0,0.0,0.0,,,0.0,0.4,1.6,5.9,813,839.0,2.1,0.3,113,RS転換0日目 / 25MA上抜け10日目 / 高値圏かつ未過熱 / MA上昇配列
4022,ラサ工業,化学,23.6,15.2,3,238,★☆☆☆☆,0.0,9.0,17,17.5,0.0,0.0,0.0,6.2,0.0,0.0,0.0,,,0.0,25.2,6.1,4.3,1927,2194.0,3.9,0.3,2764,RS加速+17.5 / MA上昇配列 / パーフェクトオーダー
2820,やまみ,食料品,23.6,22.3,2,239,★☆☆☆☆,0.0,7.5,32,-18.5,0.0,5.3,0.0,9.5,0.0,0.0,0.0,,,0.0,10.0,5.3,7.5,5257,5880.0,-6.4,0.3,123,高値圏かつ未過熱 / 買い出来高優勢 / 資金流入増 / MA上昇配列 / パーフェクトオーダー
8150,三信電気,卸売業,23.5,23.5,1,240,★☆☆☆☆,0.0,7.5,33,-1.5,0.0,3.0,0.0,13.0,0.0,0.0,0.0,,,0.0,5.7,2.3,7.9,3142,3290.0,6.0,0.6,211,高値圏かつ未過熱 / MA上昇配列 / 52週高値ブレイク!
2805,ヱスビー食品,食料品,23.5,23.5,1,241,★☆☆☆☆,0.0,9.5,39,2.4,0.0,3.0,0.0,11.0,0.0,0.0,0.0,,,0.0,13.6,3.4,6.8,6640,7120.0,4.7,0.4,408,高値圏かつ未過熱 / MA上昇配列 / パーフェクトオーダー / 52週高値目前
6287,サトー,機械,23.5,23.5,1,242,★☆☆☆☆,0.0,7.5,32,-7.7,0.0,4.0,0.0,12.0,0.0,0.0,0.0,,,0.0,5.8,2.7,6.8,2682,2837.0,2.8,0.1,493,高値圏かつ未過熱 / 資金流入増 / MA上昇配列 / パーフェクトオーダー
6752,パナソニック　ホールディングス,電気機器,23.4,21.5,2,243,★☆☆☆☆,0.0,13.0,13,9.0,0.0,0.0,0.0,8.5,0.0,0.0,0.0,,,0.0,16.7,3.8,4.2,4123,4460.0,3.6,0.3,37331,RS加速+9.0 / 高値圏かつ未過熱 / MA上昇配列 / パーフェクトオーダー
4208,ＵＢＥ,化学,23.4,19.0,2,244,★☆☆☆☆,0.0,7.5,31,-4.7,0.0,2.0,0.0,9.5,0.0,0.0,0.0,,,0.0,4.9,2.4,4.0,3394,3564.0,-0.1,0.2,3355,高値圏かつ未過熱 / MA上昇配列 / パーフェクトオーダー
6071,ＩＢＪ,サービス業,23.3,23.3,1,245,★☆☆☆☆,0.0,8.0,9,-12.0,0.0,5.3,0.0,10.0,0.0,0.0,0.0,,,0.0,5.7,3.7,6.7,861,930.0,-2.6,0.2,329,RS転換9日目 / 買い出来高優勢 / 資金流入増 / MA上昇配列 / パーフェクトオーダー / 開示[上方修正](14日前) / 開示[増配](14日前)
6861,キーエンス,電気機器,23.3,10.2,3,246,★☆☆☆☆,0.0,2.0,-1,-13.2,0.0,0.0,0.0,8.2,0.0,0.0,0.0,,,0.0,-2.0,2.4,2.1,79436,83500.0,4.5,0.2,50867,MA上昇配列 / パーフェクトオーダー
9984,ソフトバンクグループ,情報・通信業,23.2,15.7,3,247,★☆☆☆☆,5.7,10.0,1,15.8,0.0,0.0,0.0,0.0,0.0,0.0,0.0,,Oracle,-3.5,5.2,5.1,-2.6,4685,5218.0,-0.7,0.3,208704,RS転換1日目 / RS加速+15.8 / Oracle+6.7%連動(β0.21) 実反応+4.9%
3569,セーレン,繊維製品,23.2,23.2,1,248,★☆☆☆☆,0.0,12.0,0,-6.2,0.0,3.0,0.0,8.2,0.0,0.0,0.0,,,0.0,0.8,2.2,1.8,3294,3445.0,1.0,0.2,768,RS転換0日目 / 高値圏かつ未過熱 / MA上昇配列 / パーフェクトオーダー
2607,不二製油,食料品,23.2,23.2,1,249,★☆☆☆☆,0.0,9.0,14,-17.2,0.0,2.0,0.0,12.2,0.0,0.0,0.0,,,0.0,4.0,3.0,7.8,4351,4624.0,0.3,0.3,1368,高値圏かつ未過熱 / MA上昇配列 / パーフェクトオーダー / 52週高値目前
6324,ハーモニック・ドライブ・システムズ,機械,23.2,11.8,4,250,★☆☆☆☆,0.0,4.0,-1,14.9,7.8,0.0,0.0,0.0,0.0,0.0,0.0,,,0.0,-1.5,6.4,-6.1,5090,5840.0,2.5,0.2,8785,RS加速+14.9 / ロボット(+0.9%)
6387,サムコ,機械,23.1,12.7,4,251,★☆☆☆☆,0.0,10.0,1,25.2,0.0,0.0,0.0,2.7,0.0,0.0,0.0,,,0.0,13.7,6.6,-1.1,7774,8950.0,0.8,0.1,1054,RS転換1日目 / RS加速+25.2
7381,ＣＣＩグループ,銀行業,23.0,23.0,1,252,★☆☆☆☆,0.0,11.5,36,6.4,0.0,2.0,0.0,9.5,0.0,0.0,0.0,,,0.0,11.9,3.3,6.1,1189,1273.0,3.7,0.3,538,RS加速+6.4 / 高値圏かつ未過熱 / MA上昇配列 / パーフェクトオーダー
4005,住友化学,化学,23.0,23.0,1,253,★☆☆☆☆,0.0,14.0,0,-1.6,0.0,2.0,0.0,7.0,0.0,0.0,0.0,,,0.0,0.3,2.6,5.7,529,558.2000122070312,-0.3,0.2,7551,RS転換0日目 / 25MA上抜け5日目 / 高値圏かつ未過熱
336A,ダイナミックマッププラットフォーム,情報・通信業,23.0,23.0,1,254,★☆☆☆☆,0.0,14.0,1,23.3,0.0,8.0,0.0,6.0,0.0,0.0,-5.0,,,0.0,23.1,5.1,24.7,914,1018.0,22.2,5.1,218,RS転換1日目 / RS加速+23.3 / 25MA上抜け6日目 / 出来高急増5.1倍 / 買い出来高優勢 / 過熱⚠25MA+25%
6301,小松製作所,機械,23.0,18.5,2,255,★☆☆☆☆,0.0,4.0,-1,-8.7,0.0,1.0,0.0,13.5,0.0,0.0,0.0,,,0.0,-1.4,2.5,5.0,7166,7536.0,6.7,0.3,19133,25MA上抜け6日目 / MA上昇配列 / パーフェクトオーダー / 52週高値目前
4228,積水化成品工業,化学,23.0,18.0,2,256,★☆☆☆☆,0.0,9.0,25,-7.8,0.0,3.0,0.0,6.0,0.0,0.0,0.0,,,0.0,8.0,3.7,1.6,552,596.0,-1.8,0.2,231,高値圏かつ未過熱 / MA上昇配列 / パーフェクトオーダー
9278,ブックオフグループホールディングス,小売業,23.0,23.0,1,257,★☆☆☆☆,0.0,12.0,0,-17.5,0.0,0.0,0.0,11.0,0.0,0.0,0.0,,,0.0,0.9,4.0,7.8,2849,3095.0,4.7,0.2,386,RS転換0日目 / 高値圏かつ未過熱 / MA上昇配列 / パーフェクトオーダー / 52週高値目前
2705,大戸屋ホールディングス,小売業,22.9,27.2,2,258,★☆☆☆☆,0.0,12.0,0,-14.1,0.0,3.0,0.0,12.2,0.0,0.0,0.0,,,0.0,0.9,3.0,8.2,8869,9440.0,2.2,0.6,156,RS転換0日目 / 高値圏かつ未過熱 / MA上昇配列 / パーフェクトオーダー / 52週高値目前
5976,高周波熱錬,金属製品,22.9,22.5,2,259,★☆☆☆☆,0.0,7.5,32,-14.0,0.0,3.0,0.0,12.0,0.0,0.0,0.0,,,0.0,1.3,1.9,4.4,1467,1526.0,-2.4,0.3,141,高値圏かつ未過熱 / MA上昇配列 / パーフェクトオーダー
1969,高砂熱学工業,建設業,22.9,20.9,2,260,★☆☆☆☆,0.0,2.0,-1,0.0,11.9,2.0,0.0,5.0,0.0,0.0,0.0,,,0.0,-5.4,3.0,1.4,4074,4330.0,2.6,0.2,3021,AIデータセンター・電力(+3.0%)
3441,山王,金属製品,22.9,20.0,3,261,★☆☆☆☆,0.0,14.0,3,14.5,0.0,0.0,0.0,6.0,0.0,0.0,0.0,,,0.0,14.9,4.5,5.7,2550,2800.0,3.7,0.4,109,RS転換3日目 / RS加速+14.5 / 25MA上抜け6日目
6723,ルネサスエレクトロニクス,電気機器,22.9,16.0,2,262,★☆☆☆☆,6.0,10.0,0,17.7,0.0,0.0,0.0,0.0,0.0,0.0,0.0,,SOX指数,1.0,0.1,4.7,-4.6,3121,3446.0,0.4,0.4,49205,RS転換0日目 / RS加速+17.7 / SOX指数+4.0%連動(β0.37) 実反応+0.5%
4044,セントラル硝子,化学,22.8,22.8,1,263,★☆☆☆☆,0.0,9.0,18,-6.4,0.0,4.3,0.0,9.5,0.0,0.0,0.0,,,0.0,2.9,2.9,3.5,4276,4535.0,0.3,0.1,479,高値圏かつ未過熱 / 買い出来高優勢 / MA上昇配列 / パーフェクトオーダー
7774,ジャパン・ティッシュエンジニアリング,精密機器,22.8,23.8,2,264,★☆☆☆☆,0.0,7.5,36,-11.6,0.0,5.3,0.0,11.0,0.0,0.0,0.0,,,0.0,25.2,4.8,12.0,793,877.0,1.7,0.4,113,高値圏かつ未過熱 / 買い出来高優勢 / 資金流入増 / MA上昇配列 / パーフェクトオーダー / 52週高値目前
4997,日本農薬,化学,22.7,22.7,1,265,★☆☆☆☆,0.0,7.5,32,-11.4,0.0,3.0,0.0,12.2,0.0,0.0,0.0,,,0.0,6.7,2.1,7.0,1173,1226.0,0.6,0.4,237,高値圏かつ未過熱 / MA上昇配列 / パーフェクトオーダー / 52週高値目前
4611,大日本塗料,化学,22.7,22.7,1,266,★☆☆☆☆,0.0,7.5,36,-2.5,0.0,3.0,0.0,12.2,0.0,0.0,0.0,,,0.0,7.1,2.3,8.2,1512,1584.0,5.4,0.3,137,高値圏かつ未過熱 / MA上昇配列 / パーフェクトオーダー / 52週高値目前
6966,三井ハイテック,電気機器,22.7,22.7,3,267,★☆☆☆☆,0.0,14.0,8,3.6,0.0,0.0,0.0,8.7,0.0,0.0,0.0,,,0.0,4.8,3.1,2.6,891,951.0,2.8,0.3,1376,RS転換8日目 / RS加速+3.6 / 25MA上抜け5日目 / MA上昇配列 / パーフェクトオーダー
3907,シリコンスタジオ,情報・通信業,22.7,22.7,1,268,★☆☆☆☆,0.0,10.0,26,84.9,0.0,4.0,0.0,13.7,0.0,0.0,-5.0,,,0.0,151.1,9.9,71.8,2112,2635.0,50.9,0.1,2043,RS加速+84.9 / 資金流入増 / MA上昇配列 / パーフェクトオーダー / 52週高値ブレイク! / 過熱⚠25MA+72%
6376,日機装,精密機器,22.7,22.7,1,269,★☆☆☆☆,0.0,14.0,0,16.2,0.0,0.0,0.0,8.7,0.0,0.0,0.0,,,0.0,3.3,6.7,3.6,3389,3915.0,13.5,0.7,2476,RS転換0日目 / RS加速+16.2 / 高値圏かつ未過熱 / MA上昇配列 / パーフェクトオーダー / 開示[業績予想の修正](14日前) / 開示[増配](14日前)
7272,ヤマハ発動機,輸送用機器,22.5,22.5,1,270,★☆☆☆☆,0.0,7.5,33,-19.0,0.0,4.0,0.0,11.0,0.0,0.0,0.0,,,0.0,31.1,3.2,11.0,1805,1928.5,-0.6,0.3,18075,高値圏かつ未過熱 / 資金流入増 / MA上昇配列 / パーフェクトオーダー / 52週高値目前
5711,三菱マテリアル,非鉄金属,22.5,22.5,1,271,★☆☆☆☆,0.0,10.0,16,11.7,0.0,4.0,0.0,13.5,0.0,0.0,-5.0,,,0.0,41.9,4.8,20.3,5374,5941.0,6.8,0.5,13904,RS加速+11.7 / 資金流入増 / MA上昇配列 / パーフェクトオーダー / 52週高値目前 / 過熱⚠25MA+20%
8541,愛媛銀行,銀行業,22.5,22.5,1,272,★☆☆☆☆,0.0,12.0,1,-21.4,0.0,1.0,0.0,9.5,0.0,0.0,0.0,,,0.0,9.2,4.7,7.5,2883,3180.0,-2.5,0.3,660,RS転換1日目 / 高値圏かつ未過熱 / MA上昇配列 / パーフェクトオーダー
5975,東プレ,金属製品,22.5,22.5,1,273,★☆☆☆☆,0.0,9.0,29,-8.4,0.0,4.0,0.0,9.5,0.0,0.0,0.0,,,0.0,8.2,3.3,6.4,2995,3210.0,1.3,0.1,482,高値圏かつ未過熱 / 資金流入増 / MA上昇配列 / パーフェクトオーダー
3612,ワールド,繊維製品,22.5,21.3,2,274,★☆☆☆☆,0.0,2.0,-1,-13.1,0.0,7.3,0.0,12.0,0.0,0.0,0.0,,,0.0,-6.7,1.5,1.5,1581,1631.0,-1.2,2.1,901,出来高増2.1倍 / 資金流入増 / MA上昇配列 / パーフェクトオーダー
6875,メガチップス,電気機器,22.4,11.0,2,275,★☆☆☆☆,0.0,7.0,14,1.3,0.0,2.0,0.0,2.0,0.0,0.0,0.0,,,0.0,15.4,4.0,4.0,9906,10760.0,-0.6,0.1,1384,-
3932,アカツキ,情報・通信業,22.4,18.0,3,276,★☆☆☆☆,0.0,4.5,32,-8.5,0.0,4.3,0.0,12.2,0.0,0.0,-3.0,,,0.0,20.8,4.1,17.6,3594,3915.0,5.0,0.4,383,買い出来高優勢 / MA上昇配列 / パーフェクトオーダー / 52週高値目前 / 伸びすぎ注意(25MA+18%)
6433,ヒーハイスト,機械,22.4,22.4,1,277,★☆☆☆☆,0.0,14.0,6,29.0,0.0,6.7,0.0,4.7,0.0,0.0,-3.0,,,0.0,32.0,5.9,19.5,1034,1172.0,13.2,3.0,155,RS転換6日目 / RS加速+29.0 / 25MA上抜け10日目 / 出来高増3.0倍 / 買い出来高優勢 / 伸びすぎ注意(25MA+20%)
5885,ジーデップ・アドバンス,卸売業,22.3,22.3,1,278,★☆☆☆☆,0.0,12.0,10,13.8,0.0,5.3,0.0,10.0,0.0,0.0,-5.0,,,0.0,29.7,4.5,20.3,3233,3555.0,12.1,2.0,154,RS転換10日目 / RS加速+13.8 / 買い出来高優勢 / MA上昇配列 / パーフェクトオーダー / 過熱⚠25MA+20%
8411,みずほフィナンシャルグループ,銀行業,22.2,22.2,1,279,★☆☆☆☆,0.0,14.0,0,7.6,0.0,0.0,0.0,8.2,0.0,0.0,0.0,,,0.0,0.7,2.5,1.8,8051,8475.0,4.5,0.3,68270,RS転換0日目 / RS加速+7.6 / 高値圏かつ未過熱 / MA上昇配列 / パーフェクトオーダー
7244,市光工業,電気機器,22.2,12.5,2,280,★☆☆☆☆,0.0,2.0,-1,-13.4,0.0,2.0,0.0,8.5,0.0,0.0,0.0,,,0.0,-2.7,4.0,2.1,518,563.0,-2.8,0.1,115,資金流入増 / MA上昇配列 / パーフェクトオーダー
6363,酉島製作所,機械,22.2,17.0,2,281,★☆☆☆☆,0.0,9.0,17,-1.3,0.0,2.0,0.0,6.0,0.0,0.0,0.0,,,0.0,10.2,3.5,2.8,2903,3120.0,-1.6,0.4,550,高値圏かつ未過熱 / MA上昇配列 / パーフェクトオーダー
5901,東洋製罐グループホールディングス,金属製品,22.2,27.5,2,282,★☆☆☆☆,0.0,12.0,0,-8.7,0.0,2.0,0.0,13.5,0.0,0.0,0.0,,,0.0,1.5,1.9,4.5,4315,4483.0,0.8,0.3,1045,RS転換0日目 / 高値圏かつ未過熱 / MA上昇配列 / パーフェクトオーダー / 52週高値目前
4205,日本ゼオン,化学,22.1,10.0,2,283,★☆☆☆☆,0.0,2.0,-1,-11.1,0.0,1.0,0.0,7.0,0.0,0.0,0.0,,,0.0,-4.1,2.1,1.4,2297,2398.5,-0.0,0.1,2165,MA上昇配列 / パーフェクトオーダー
6521,オキサイド,電気機器,22.1,15.7,4,284,★☆☆☆☆,0.0,10.0,3,16.4,0.0,0.0,0.0,5.0,0.0,0.7,0.0,,,0.0,14.8,5.6,3.3,2936,3305.0,-1.2,0.3,588,RS転換3日目 / RS加速+16.4 / 開示[設備投資](9日前)
6574,コンヴァノ,サービス業,22.1,21.1,2,285,★☆☆☆☆,0.0,3.5,33,-1.0,0.0,5.3,0.0,8.0,0.0,4.3,0.0,,,0.0,29.2,7.6,14.3,98,115.0,0.9,0.3,247,買い出来高優勢 / 資金流入増 / MA上昇配列 / 開示[自己株式の取得](4日前) / 開示[自己株式の取得](4日前)
7287,日本精機,輸送用機器,22.0,22.0,1,286,★☆☆☆☆,0.0,9.0,24,-3.1,0.0,1.0,0.0,12.0,0.0,0.0,0.0,,,0.0,6.7,3.3,6.2,2530,2711.0,4.3,0.5,452,高値圏かつ未過熱 / MA上昇配列 / パーフェクトオーダー
6203,豊和工業,機械,22.0,22.0,1,287,★☆☆☆☆,0.0,14.0,7,7.1,0.0,2.0,0.0,6.0,0.0,0.0,0.0,,,0.0,8.0,3.2,7.4,1466,1565.0,8.2,0.7,283,RS転換7日目 / RS加速+7.1 / 25MA上抜け6日目
7794,イーディーピー,その他製品,22.0,22.0,1,288,★☆☆☆☆,0.0,14.0,3,15.4,0.0,2.0,0.0,6.0,0.0,0.0,0.0,,,0.0,14.2,5.3,8.5,895,1000.0,7.0,0.4,384,RS転換3日目 / RS加速+15.4 / 25MA上抜け10日目
2590,ダイドーグループホールディングス,食料品,22.0,22.0,1,289,★☆☆☆☆,0.0,2.0,-1,-10.2,0.0,6.7,0.0,11.0,0.0,2.3,0.0,,,0.0,-5.4,3.0,4.9,2945,3130.0,3.5,6.3,316,出来高急増6.3倍 / MA上昇配列 / パーフェクトオーダー / 開示[業績予想の修正](1日前)
7014,名村造船所,輸送用機器,22.0,22.0,1,290,★☆☆☆☆,0.0,10.0,1,2.8,0.0,3.0,0.0,9.0,0.0,0.0,0.0,,,0.0,7.7,5.1,11.0,4404,4905.0,11.0,0.7,6654,RS転換1日目 / MA上昇配列
3276,ＪＰＭＣ,不動産業,22.0,22.0,1,291,★☆☆☆☆,0.0,7.5,36,-9.9,0.0,2.0,0.0,12.5,0.0,0.0,0.0,,,0.0,15.0,0.1,5.9,2245,2248.0,0.2,0.1,735,高値圏かつ未過熱 / 資金流入増 / MA上昇配列 / パーフェクトオーダー / 52週高値ブレイク!
8061,西華産業,卸売業,22.0,22.0,1,292,★☆☆☆☆,0.0,13.0,26,9.2,0.0,2.0,0.0,7.0,0.0,0.0,0.0,,,0.0,18.8,3.5,8.1,2937,3155.0,6.6,0.1,589,RS加速+9.2 / 高値圏かつ未過熱
1946,トーエネック,建設業,22.0,22.0,1,293,★☆☆☆☆,0.0,14.0,1,-0.8,0.0,1.0,0.0,7.0,0.0,0.0,0.0,,,0.0,1.1,2.2,3.1,2072,2168.0,2.3,0.1,331,RS転換1日目 / 25MA上抜け6日目 / 高値圏かつ未過熱
3156,レスター,卸売業,22.0,22.0,1,294,★☆☆☆☆,0.0,9.0,21,-14.3,0.0,1.0,0.0,12.0,0.0,0.0,0.0,,,0.0,20.8,5.7,14.4,4664,5270.0,10.8,0.3,715,高値圏かつ未過熱 / MA上昇配列 / パーフェクトオーダー
3915,テラスカイ,情報・通信業,22.0,22.0,1,295,★☆☆☆☆,0.0,12.0,10,3.4,0.0,4.0,0.0,6.0,0.0,0.0,0.0,,,0.0,14.5,4.2,9.6,2248,2455.0,4.6,1.6,260,RS転換10日目 / RS加速+3.4
1723,日本電技,建設業,22.0,22.0,1,296,★☆☆☆☆,0.0,14.0,1,10.9,0.0,2.0,0.0,6.0,0.0,0.0,0.0,,,0.0,6.0,4.0,6.6,2157,2344.0,13.2,0.3,510,RS転換1日目 / RS加速+10.9 / 25MA上抜け2日目
6777,ｓａｎｔｅｃ　Ｈｏｌｄｉｎｇｓ,電気機器,22.0,25.4,2,297,★☆☆☆☆,11.7,10.0,3,22.6,0.0,0.0,0.0,3.7,0.0,0.0,0.0,,Lumentum,-1.5,19.3,6.6,4.1,16846,19420.0,6.3,0.2,3191,RS転換3日目 / RS加速+22.6 / Lumentum+15.2%連動(β0.19) 実反応+4.4%
5186,ニッタ,ゴム製品,22.0,22.0,1,298,★☆☆☆☆,0.0,14.0,7,-0.0,0.0,1.0,0.0,7.0,0.0,0.0,0.0,,,0.0,2.0,2.9,1.6,6383,6780.0,3.4,0.1,365,RS転換7日目 / 25MA上抜け3日目 / 高値圏かつ未過熱 / MA上昇配列 / パーフェクトオーダー
2175,エス・エム・エス,サービス業,22.0,22.0,1,299,★☆☆☆☆,0.0,10.0,0,6.0,0.0,2.0,0.0,10.0,0.0,0.0,0.0,,,0.0,5.9,2.8,6.4,2325,2462.0,4.1,0.3,1114,RS転換0日目 / RS加速+6.0 / MA上昇配列 / パーフェクトオーダー
9369,キユーソー流通システム,倉庫・運輸関連業,22.0,22.0,1,300,★☆☆☆☆,0.0,14.0,0,-8.1,0.0,1.0,0.0,7.0,0.0,0.0,0.0,,,0.0,0.0,2.8,3.9,2959,3135.0,-0.6,0.3,119,RS転換0日目 / 25MA上抜け10日目 / 高値圏かつ未過熱
6954,ファナック,電気機器,21.9,7.8,3,301,★☆☆☆☆,0.0,0.0,-1,-2.9,7.8,0.0,0.0,0.0,0.0,0.0,0.0,,,0.0,-15.3,3.0,-3.9,5753,6120.0,1.4,0.2,44015,ロボット(+0.9%)
287A,黒田グループ,卸売業,21.8,21.8,1,302,★☆☆☆☆,0.0,7.5,36,-4.0,0.0,3.3,0.0,11.0,0.0,0.0,0.0,,,0.0,4.2,2.3,4.7,1155,1211.0,2.5,0.2,564,高値圏かつ未過熱 / 買い出来高優勢 / MA上昇配列 / パーフェクトオーダー / 52週高値目前
6255,エヌ・ピー・シー,機械,21.8,13.0,3,303,★☆☆☆☆,0.0,5.0,18,-0.9,0.0,2.0,0.0,6.0,0.0,0.0,0.0,,,0.0,12.0,3.1,4.3,653,696.0,2.9,0.7,154,-
4118,カネカ,化学,21.8,15.8,2,304,★☆☆☆☆,0.0,2.0,-1,-6.7,0.0,4.3,0.0,9.5,0.0,0.0,0.0,,,0.0,-0.0,2.2,2.2,5856,6132.0,-0.9,0.2,1694,買い出来高優勢 / MA上昇配列 / パーフェクトオーダー
7513,コジマ,小売業,21.8,22.7,3,305,★☆☆☆☆,0.0,4.0,-1,-19.4,0.0,4.3,0.0,12.0,0.0,2.4,0.0,,,0.0,-8.3,2.5,1.4,1322,1393.0,-4.3,2.1,605,25MA上抜け8日目 / 出来高増2.1倍 / MA上昇配列 / パーフェクトオーダー / 開示[自己株式の取得](3日前)
8043,スターゼン,卸売業,21.7,21.7,1,306,★☆☆☆☆,0.0,7.5,36,-13.4,0.0,2.0,0.0,12.2,0.0,0.0,0.0,,,0.0,4.5,2.3,8.3,1478,1549.0,1.8,0.3,228,高値圏かつ未過熱 / MA上昇配列 / パーフェクトオーダー / 52週高値目前
9052,山陽電気鉄道,陸運業,21.7,21.7,1,307,★☆☆☆☆,0.0,4.0,-1,-10.9,0.0,8.7,0.0,9.0,0.0,0.0,0.0,,,0.0,-8.2,1.2,1.7,1986,2035.0,0.2,2.1,106,25MA上抜け9日目 / 出来高増2.1倍 / 買い出来高優勢 / 資金流入増 / MA上昇配列
8473,ＳＢＩホールディングス,証券、商品先物取引業,21.7,21.7,1,308,★☆☆☆☆,0.0,11.0,29,1.8,0.0,2.0,0.0,8.7,0.0,0.0,0.0,,,0.0,13.5,2.5,11.6,3254,3425.0,6.5,0.4,12846,高値圏かつ未過熱 / MA上昇配列
8358,スルガ銀行,銀行業,21.6,26.3,2,309,★☆☆☆☆,0.0,9.5,42,1.7,0.0,3.3,0.0,13.5,0.0,0.0,0.0,,,0.0,7.2,2.8,7.0,2817,2987.0,4.4,0.2,2457,高値圏かつ未過熱 / 買い出来高優勢 / MA上昇配列 / パーフェクトオーダー / 52週高値目前
6231,木村工機,機械,21.5,26.200000000000003,2,310,★☆☆☆☆,0.0,10.0,7,1.2,0.0,3.3,0.0,8.0,0.0,4.9,0.0,,,0.0,5.8,4.2,3.4,12024,13140.0,-0.9,0.2,177,RS転換7日目 / 買い出来高優勢 / MA上昇配列 / 開示[自己株式の取得](2日前) / 開示[自己株式の取得](3日前)
2664,カワチ薬品,小売業,21.5,21.5,1,311,★☆☆☆☆,0.0,9.0,24,-14.3,0.0,3.0,0.0,9.5,0.0,0.0,0.0,,,0.0,0.6,2.3,2.6,3526,3700.0,-2.2,0.4,367,高値圏かつ未過熱 / MA上昇配列 / パーフェクトオーダー
8919,カチタス,不動産業,21.5,21.5,1,312,★☆☆☆☆,0.0,7.5,31,-13.6,0.0,4.3,0.0,9.7,0.0,0.0,0.0,,,0.0,5.5,3.5,9.2,3574,3845.0,1.1,0.2,824,高値圏かつ未過熱 / 買い出来高優勢 / MA上昇配列 / パーフェクトオーダー
7552,ハピネット,卸売業,21.5,21.5,1,313,★☆☆☆☆,0.0,7.5,43,-21.9,0.0,2.0,0.0,12.0,0.0,0.0,0.0,,,0.0,1.1,3.8,7.5,3426,3705.0,0.3,0.2,875,高値圏かつ未過熱 / MA上昇配列 / パーフェクトオーダー
9507,四国電力,電気・ガス業,21.5,21.5,1,314,★☆☆☆☆,0.0,7.5,32,-12.8,0.0,4.0,0.0,10.0,0.0,0.0,0.0,,,0.0,11.6,2.2,7.5,1812,1896.5,0.4,0.4,1761,高値圏かつ未過熱 / 資金流入増 / MA上昇配列
7246,プレス工業,輸送用機器,21.5,21.5,1,315,★☆☆☆☆,0.0,7.5,31,-9.2,0.0,3.0,0.0,11.0,0.0,0.0,0.0,,,0.0,8.6,1.7,6.8,965,999.0,1.5,0.3,362,高値圏かつ未過熱 / MA上昇配列 / パーフェクトオーダー / 52週高値目前
6741,日本信号,電気機器,21.5,21.5,1,316,★☆☆☆☆,0.0,7.5,33,-4.1,0.0,4.3,0.0,9.7,0.0,0.0,0.0,,,0.0,10.7,2.7,6.3,1769,1870.0,3.5,0.1,434,高値圏かつ未過熱 / 買い出来高優勢 / MA上昇配列 / パーフェクトオーダー / 52週高値目前
8078,阪和興業,卸売業,21.5,21.5,1,317,★☆☆☆☆,0.0,7.5,31,-3.7,0.0,2.0,0.0,12.0,0.0,0.0,0.0,,,0.0,2.2,2.2,4.6,1787,1869.0,1.5,0.1,780,高値圏かつ未過熱 / MA上昇配列 / パーフェクトオーダー
3106,倉敷紡績,繊維製品,21.4,26.099999999999998,2,318,★☆☆☆☆,0.0,12.0,5,-0.8,0.0,1.0,0.0,10.7,0.0,2.4,0.0,,,0.0,3.6,3.0,5.2,10189,10840.0,4.2,0.2,392,RS転換5日目 / 高値圏かつ未過熱 / MA上昇配列 / パーフェクトオーダー / 開示[自己株式の取得](3日前)
9706,日本空港ビルデング,不動産業,21.4,21.400000000000002,1,319,★☆☆☆☆,0.0,4.0,-1,-12.4,0.0,4.3,0.0,11.0,0.0,2.1,0.0,,,0.0,-4.3,2.5,4.4,5663,5956.0,4.8,0.5,2128,25MA上抜け6日目 / 買い出来高優勢 / MA上昇配列 / パーフェクトオーダー / 開示[自己株式取得](4日前)
6963,ローム,電気機器,21.4,16.0,3,320,★☆☆☆☆,0.0,10.0,3,20.5,0.0,0.0,0.0,6.0,0.0,0.0,0.0,,,0.0,17.8,4.6,5.1,4431,4883.0,3.9,0.3,18198,RS転換3日目 / RS加速+20.5
5122,オカモト,ゴム製品,21.4,19.0,3,321,★☆☆☆☆,0.0,9.0,29,-20.5,0.0,3.0,0.0,7.0,0.0,0.0,0.0,,,0.0,1.0,3.6,2.4,5923,6380.0,-4.3,0.4,285,高値圏かつ未過熱 / 資金流入増 / MA上昇配列 / パーフェクトオーダー
7719,東京衡機,精密機器,21.3,21.3,1,322,★☆☆☆☆,0.0,14.0,6,15.1,0.0,4.3,0.0,6.0,0.0,0.0,-3.0,,,0.0,20.7,6.2,15.7,456,520.0,11.3,1.0,191,RS転換6日目 / RS加速+15.1 / 25MA上抜け5日目 / 買い出来高優勢 / 伸びすぎ注意(25MA+16%)
5121,藤倉コンポジット,ゴム製品,21.3,21.3,1,323,★☆☆☆☆,0.0,11.0,29,-8.8,0.0,3.3,0.0,7.0,0.0,0.0,0.0,,,0.0,2.1,2.8,1.6,2544,2697.0,-1.7,0.2,268,25MA上抜け0日目 / 高値圏かつ未過熱 / 買い出来高優勢 / MA上昇配列 / パーフェクトオーダー
4392,ＦＩＧ,情報・通信業,21.3,21.3,1,324,★☆☆☆☆,0.0,10.0,3,23.2,0.0,5.3,0.0,6.0,0.0,0.0,0.0,,,0.0,29.1,13.0,10.5,827,1118.0,-1.2,0.6,7337,RS転換3日目 / RS加速+23.2 / 買い出来高優勢 / 資金流入増
6676,ＢＵＦＦＡＬＯ,電気機器,21.2,24.5,2,325,★☆☆☆☆,0.0,7.5,33,-2.7,0.0,2.0,0.0,15.0,0.0,0.0,0.0,,,0.0,5.5,2.3,8.5,2932,3075.0,4.5,0.3,119,高値圏かつ未過熱 / MA上昇配列 / パーフェクトオーダー / 52週高値ブレイク!
3048,ビックカメラ,小売業,21.2,19.0,2,326,★☆☆☆☆,0.0,2.0,-1,-14.4,0.0,5.0,0.0,12.0,0.0,0.0,0.0,,,0.0,-8.9,1.7,1.8,1703,1762.0,-0.3,1.7,2037,資金流入増 / MA上昇配列 / パーフェクトオーダー
9104,商船三井,海運業,21.2,21.2,1,327,★☆☆☆☆,0.0,7.5,31,-15.3,0.0,3.0,0.0,10.7,0.0,0.0,0.0,,,0.0,10.9,3.0,9.3,6608,7036.0,-3.3,0.3,23450,高値圏かつ未過熱 / MA上昇配列 / パーフェクトオーダー
9107,川崎汽船,海運業,21.2,21.2,1,328,★☆☆☆☆,0.0,7.5,31,-13.4,0.0,3.0,0.0,10.7,0.0,0.0,0.0,,,0.0,9.2,3.2,10.7,3131,3346.0,-1.7,0.4,18262,高値圏かつ未過熱 / MA上昇配列 / パーフェクトオーダー
4968,荒川化学工業,化学,21.2,21.2,1,329,★☆☆☆☆,0.0,12.0,8,11.1,0.0,2.0,0.0,7.2,0.0,0.0,0.0,,,0.0,19.1,5.9,1.1,1936,2194.0,-0.9,0.2,793,RS転換8日目 / RS加速+11.1 / MA上昇配列 / パーフェクトオーダー
6166,中村超硬,機械,21.0,21.0,1,330,★☆☆☆☆,0.0,10.0,3,10.2,0.0,1.0,0.0,10.0,0.0,0.0,0.0,,,0.0,5.3,4.5,6.6,616,677.0,6.6,0.9,108,RS転換3日目 / RS加速+10.2 / MA上昇配列 / パーフェクトオーダー
9467,アルファポリス,情報・通信業,21.0,21.0,1,331,★☆☆☆☆,0.0,10.0,9,-19.1,0.0,3.0,0.0,8.0,0.0,0.0,0.0,,,0.0,2.9,4.3,8.3,1093,1196.0,-2.4,0.1,212,RS転換9日目 / 25MA上抜け9日目 / 資金流入増 / MA上昇配列
6366,千代田化工建設,建設業,21.0,21.0,1,332,★☆☆☆☆,0.0,14.0,1,10.0,0.0,1.0,0.0,6.0,0.0,0.0,0.0,,,0.0,9.4,3.5,6.2,689,740.0,6.3,0.7,1416,RS転換1日目 / RS加速+10.0 / 25MA上抜け6日目
8158,ソーダニッカ,卸売業,21.0,21.0,1,333,★☆☆☆☆,0.0,7.5,33,-7.4,0.0,5.3,0.0,8.2,0.0,0.0,0.0,,,0.0,5.0,2.7,3.3,1249,1319.0,-1.3,0.2,108,高値圏かつ未過熱 / 買い出来高優勢 / 資金流入増 / MA上昇配列 / パーフェクトオーダー
8074,ＹＵＡＳＡ,卸売業,21.0,21.0,1,334,★☆☆☆☆,0.0,7.5,32,-7.6,0.0,2.0,0.0,11.5,0.0,0.0,0.0,,,0.0,2.1,2.3,6.9,6086,6380.0,4.2,0.3,208,高値圏かつ未過熱 / MA上昇配列 / 52週高値目前
4578,大塚ホールディングス,医薬品,21.0,21.0,1,335,★☆☆☆☆,0.0,12.0,0,-12.3,0.0,2.0,0.0,7.0,0.0,0.0,0.0,,,0.0,0.0,2.7,1.8,11515,12180.0,-0.1,0.2,15725,RS転換0日目 / 高値圏かつ未過熱 / MA上昇配列 / パーフェクトオーダー
1964,中外炉工業,建設業,21.0,21.0,1,336,★☆☆☆☆,0.0,12.0,3,0.9,0.0,2.0,0.0,7.0,0.0,0.0,0.0,,,0.0,0.0,1.9,2.0,3936,4095.0,1.0,0.1,137,RS転換3日目 / 25MA上抜け6日目
2334,イオレ,サービス業,21.0,21.0,1,337,★☆☆☆☆,0.0,14.0,3,15.5,0.0,1.0,0.0,6.0,0.0,0.0,0.0,,,0.0,17.5,5.9,8.2,495,561.0,10.4,0.3,626,RS転換3日目 / RS加速+15.5 / 25MA上抜け3日目
7989,立川ブラインド工業,金属製品,21.0,15.5,3,338,★☆☆☆☆,0.0,2.0,-1,-12.5,0.0,0.0,0.0,13.5,0.0,0.0,0.0,,,0.0,-6.5,1.5,2.5,2630,2711.0,-0.4,0.3,113,MA上昇配列 / パーフェクトオーダー / 52週高値目前
6302,住友重機械工業,機械,21.0,21.0,1,339,★☆☆☆☆,0.0,11.0,30,-1.0,0.0,3.0,0.0,7.0,0.0,0.0,0.0,,,0.0,4.5,3.5,1.2,5340,5742.0,2.3,0.2,5455,25MA上抜け6日目 / 高値圏かつ未過熱 / MA上昇配列 / パーフェクトオーダー
3891,ニッポン高度紙工業,パルプ・紙,20.9,13.7,2,340,★☆☆☆☆,0.0,10.0,1,21.5,0.0,0.0,0.0,3.7,0.0,0.0,0.0,,,0.0,9.4,6.1,0.3,5887,6710.0,4.2,0.2,1440,RS転換1日目 / RS加速+21.5
8131,ミツウロコグループホールディングス,卸売業,20.8,20.8,1,341,★☆☆☆☆,0.0,4.0,-1,-10.4,0.0,2.0,0.0,9.0,0.0,5.8,0.0,,,0.0,-2.9,2.7,5.4,2122,2244.0,2.6,0.4,104,25MA上抜け8日目 / MA上昇配列 / 開示[自己株式の取得](0日前) / 開示[自己株式の取得](1日前)
5344,ＭＡＲＵＷＡ,ガラス・土石製品,20.7,10.6,3,342,★☆☆☆☆,6.4,2.0,-1,1.5,0.0,1.0,0.0,1.2,0.0,0.0,0.0,,Lumentum,0.9,-5.4,5.2,-4.0,48496,54110.0,0.0,0.1,6842,Lumentum+15.2%連動(β0.11) 実反応+0.7%
7550,ゼンショーホールディングス,小売業,20.7,20.7,1,343,★☆☆☆☆,0.0,7.5,39,-17.7,0.0,2.0,0.0,11.2,0.0,0.0,0.0,,,0.0,9.6,3.2,10.0,11212,11970.0,4.3,0.4,6350,高値圏かつ未過熱 / MA上昇配列 / パーフェクトオーダー / 52週高値ブレイク!
8151,東陽テクニカ,卸売業,20.7,5.6,2,344,★☆☆☆☆,0.0,0.0,-1,-9.4,0.0,1.0,0.0,2.2,0.0,2.4,0.0,,,0.0,-5.5,2.8,-2.2,1848,1959.0,-4.2,0.4,487,開示[自己株式の取得](3日前)
8051,山善,卸売業,20.6,24.3,2,345,★☆☆☆☆,0.0,7.5,31,-6.5,0.0,3.3,0.0,13.5,0.0,0.0,0.0,,,0.0,2.1,2.6,4.6,1851,1952.0,2.8,0.3,373,高値圏かつ未過熱 / 買い出来高優勢 / MA上昇配列 / パーフェクトオーダー / 52週高値目前
7725,インターアクション,精密機器,20.6,14.5,3,346,★☆☆☆☆,0.0,9.0,17,2.4,0.0,2.0,0.0,3.5,0.0,0.0,0.0,,,0.0,8.2,4.4,2.5,1701,1865.0,-0.5,0.1,208,25MA上抜け6日目
4246,ダイキョーニシカワ,化学,20.6,24.3,2,347,★☆☆☆☆,0.0,7.5,31,-8.3,0.0,3.3,0.0,13.5,0.0,0.0,0.0,,,0.0,2.7,2.0,5.0,1088,1134.0,1.4,0.1,300,高値圏かつ未過熱 / 買い出来高優勢 / MA上昇配列 / パーフェクトオーダー / 52週高値目前
4746,東計電算,情報・通信業,20.5,20.5,1,348,★☆☆☆☆,0.0,7.5,42,-10.3,0.0,2.0,0.0,11.0,0.0,0.0,0.0,,,0.0,29.1,2.3,12.0,6513,6820.0,2.2,0.2,662,高値圏かつ未過熱 / 資金流入増 / MA上昇配列 / パーフェクトオーダー / 52週高値目前
2146,ＵＴグループ,サービス業,20.5,20.5,1,349,★☆☆☆☆,0.0,7.5,33,-11.3,0.0,4.3,0.0,8.7,0.0,0.0,0.0,,,0.0,18.4,4.5,11.6,211,232.0,0.4,0.2,1742,高値圏かつ未過熱 / 買い出来高優勢 / MA上昇配列
6810,マクセル,電気機器,20.5,20.5,1,350,★☆☆☆☆,0.0,11.0,27,2.5,0.0,2.0,0.0,7.5,0.0,0.0,0.0,,,0.0,13.3,2.6,6.2,2360,2491.0,6.8,0.2,711,高値圏かつ未過熱 / MA上昇配列
8070,東京産業,卸売業,20.5,20.5,1,351,★☆☆☆☆,0.0,7.5,33,-3.4,0.0,5.3,0.0,7.7,0.0,0.0,0.0,,,0.0,7.6,2.7,8.6,910,963.0,2.7,0.4,127,高値圏かつ未過熱 / 買い出来高優勢 / 資金流入増 / MA上昇配列
9110,ＮＳユナイテッド海運,海運業,20.5,20.5,1,352,★☆☆☆☆,0.0,7.5,31,-15.9,0.0,2.0,0.0,11.0,0.0,0.0,0.0,,,0.0,27.7,0.2,7.7,10439,10480.0,0.4,0.2,1709,高値圏かつ未過熱 / 資金流入増 / MA上昇配列 / パーフェクトオーダー / 52週高値目前
9934,因幡電機産業,卸売業,20.5,20.5,1,353,★☆☆☆☆,0.0,7.5,32,-6.1,0.0,3.3,0.0,9.7,0.0,0.0,0.0,,,0.0,0.7,1.8,3.0,2925,3036.0,2.4,0.2,602,高値圏かつ未過熱 / 買い出来高優勢 / MA上昇配列 / パーフェクトオーダー / 52週高値目前
8304,あおぞら銀行,銀行業,20.5,20.5,1,354,★☆☆☆☆,0.0,7.5,39,-4.3,0.0,2.0,0.0,11.0,0.0,0.0,0.0,,,0.0,4.8,2.5,5.3,3262,3433.0,4.5,0.3,5222,高値圏かつ未過熱 / MA上昇配列 / パーフェクトオーダー / 52週高値目前
6737,ＥＩＺＯ,電気機器,20.5,20.5,1,355,★☆☆☆☆,0.0,7.5,33,-1.2,0.0,2.0,0.0,11.0,0.0,0.0,0.0,,,0.0,8.7,2.2,6.5,3004,3140.0,4.5,0.3,600,高値圏かつ未過熱 / MA上昇配列 / パーフェクトオーダー / 52週高値目前
8011,三陽商会,繊維製品,20.4,20.4,1,356,★☆☆☆☆,0.0,7.5,43,-17.3,0.0,2.0,0.0,8.5,0.0,2.4,0.0,,,0.0,0.3,4.5,3.4,1540,1691.0,-0.3,1.0,210,高値圏かつ未過熱 / MA上昇配列 / パーフェクトオーダー / 開示[自己株式の取得](3日前)
5714,ＤＯＷＡホールディングス,非鉄金属,20.3,20.3,1,357,★☆☆☆☆,0.0,9.0,16,3.2,0.0,4.3,0.0,7.0,0.0,0.0,0.0,,,0.0,22.3,3.8,12.9,9597,10390.0,2.7,0.2,6055,RS加速+3.2 / 買い出来高優勢
215A,タイミー,サービス業,20.3,20.3,1,358,★☆☆☆☆,0.0,7.0,14,0.6,0.0,3.3,0.0,10.0,0.0,0.0,0.0,,,0.0,19.5,3.4,14.0,1686,1809.0,8.4,0.9,2133,買い出来高優勢 / MA上昇配列 / パーフェクトオーダー
5185,フコク,ゴム製品,20.3,20.3,1,359,★☆☆☆☆,0.0,7.5,32,-8.9,0.0,5.3,0.0,7.5,0.0,0.0,0.0,,,0.0,2.5,1.6,4.4,1998,2064.0,0.6,0.2,142,高値圏かつ未過熱 / 買い出来高優勢 / 資金流入増 / MA上昇配列
5838,楽天銀行,銀行業,20.3,20.3,1,360,★☆☆☆☆,0.0,9.0,11,8.2,0.0,3.3,0.0,8.0,0.0,0.0,0.0,,,0.0,15.5,3.6,11.6,6079,6547.0,7.4,0.2,7166,RS加速+8.2 / 買い出来高優勢 / MA上昇配列
6613,ＱＤレーザ,電気機器,20.3,20.3,1,361,★☆☆☆☆,0.0,14.0,9,40.2,0.0,3.3,0.0,6.0,0.0,0.0,-3.0,,,0.0,60.6,9.6,17.7,1771,2190.0,4.3,0.7,7169,RS転換9日目 / RS加速+40.2 / 25MA上抜け9日目 / 買い出来高優勢 / 伸びすぎ注意(25MA+18%)
6469,放電精密加工研究所,機械,20.3,20.3,1,362,★☆☆☆☆,0.0,9.0,12,9.6,0.0,3.3,0.0,8.0,0.0,0.0,0.0,,,0.0,18.2,4.3,6.4,2744,2999.0,6.1,0.4,181,RS加速+9.6 / 買い出来高優勢 / MA上昇配列
4222,児玉化学工業,化学,20.3,20.3,1,363,★☆☆☆☆,0.0,9.0,11,7.4,0.0,5.3,0.0,6.0,0.0,0.0,0.0,,,0.0,19.2,5.1,9.1,626,698.0,2.8,0.3,462,RS加速+7.4 / 買い出来高優勢 / 資金流入増
8613,丸三証券,証券、商品先物取引業,20.2,22.2,2,364,★☆☆☆☆,0.0,7.5,33,-7.2,0.0,1.0,0.0,13.7,0.0,0.0,0.0,,,0.0,4.6,1.7,8.6,1277,1322.0,4.5,0.5,318,高値圏かつ未過熱 / MA上昇配列 / パーフェクトオーダー / 52週高値ブレイク!
4027,テイカ,化学,20.2,20.2,1,365,★☆☆☆☆,0.0,12.0,3,2.1,0.0,0.0,0.0,8.2,0.0,0.0,0.0,,,0.0,1.7,3.4,1.0,2196,2354.0,-1.6,0.2,131,RS転換3日目 / 高値圏かつ未過熱 / MA上昇配列 / パーフェクトオーダー
8897,ＭＩＲＡＲＴＨホールディングス,不動産業,20.2,20.2,1,366,★☆☆☆☆,0.0,7.5,32,-8.0,0.0,3.0,0.0,9.7,0.0,0.0,0.0,,,0.0,3.8,2.1,6.2,444,463.0,1.3,0.7,557,高値圏かつ未過熱 / 資金流入増 / MA上昇配列 / パーフェクトオーダー
7832,バンダイナムコホールディングス,その他製品,20.2,24.0,2,367,★☆☆☆☆,0.0,7.5,36,-21.8,0.0,3.0,0.0,13.5,0.0,0.0,0.0,,,0.0,12.8,3.1,12.0,5361,5712.0,4.2,0.2,16260,高値圏かつ未過熱 / MA上昇配列 / パーフェクトオーダー / 52週高値目前
3034,クオールホールディングス,小売業,20.0,20.0,1,368,★☆☆☆☆,0.0,7.5,35,-13.6,0.0,3.0,0.0,9.5,0.0,0.0,0.0,,,0.0,7.8,5.2,6.7,2238,2497.0,-0.5,0.1,459,高値圏かつ未過熱 / MA上昇配列 / パーフェクトオーダー
4418,ＪＤＳＣ,情報・通信業,20.0,20.0,1,369,★☆☆☆☆,0.0,14.0,8,10.1,0.0,4.3,0.0,6.7,0.0,0.0,-5.0,,,0.0,38.7,5.9,24.3,974,1104.0,5.8,0.6,293,RS転換8日目 / RS加速+10.1 / 25MA上抜け10日目 / 買い出来高優勢 / MA上昇配列 / 過熱⚠25MA+24%
6217,津田駒工業,機械,20.0,20.0,1,370,★☆☆☆☆,0.0,12.0,4,22.2,0.0,2.0,0.0,6.0,0.0,0.0,0.0,,,0.0,20.0,7.2,7.1,719,839.0,5.3,0.1,133,RS転換4日目 / RS加速+22.2
5857,ＡＲＥホールディングス,非鉄金属,20.0,20.0,1,371,★☆☆☆☆,0.0,10.0,29,8.2,0.0,4.3,0.0,8.7,0.0,0.0,-3.0,,,0.0,32.6,3.8,19.1,3871,4190.0,7.2,0.6,3150,RS加速+8.2 / 買い出来高優勢 / MA上昇配列 / 伸びすぎ注意(25MA+19%)
6986,双葉電子工業,電気機器,20.0,20.0,1,372,★☆☆☆☆,0.0,10.0,29,4.6,0.0,4.3,0.0,8.7,0.0,0.0,-3.0,,,0.0,25.8,3.8,19.1,724,784.0,9.8,0.9,261,RS加速+4.6 / 買い出来高優勢 / MA上昇配列 / 伸びすぎ注意(25MA+19%)
7456,松田産業,卸売業,20.0,20.0,1,373,★☆☆☆☆,0.0,9.0,24,11.3,0.0,4.3,0.0,9.7,0.0,0.0,-3.0,,,0.0,32.9,4.9,15.3,6553,7270.0,6.9,0.4,1030,RS加速+11.3 / 買い出来高優勢 / MA上昇配列 / パーフェクトオーダー / 伸びすぎ注意(25MA+15%)
9888,ＵＥＸ,卸売業,20.0,20.0,1,374,★☆☆☆☆,0.0,7.5,36,-2.4,0.0,3.0,0.0,9.5,0.0,0.0,0.0,,,0.0,16.5,3.8,8.4,1163,1258.0,3.8,0.3,133,高値圏かつ未過熱 / 資金流入増 / MA上昇配列 / パーフェクトオーダー
6474,不二越,機械,19.9,12.7,2,375,★☆☆☆☆,0.0,8.0,2,2.4,0.0,0.0,0.0,4.7,0.0,0.0,0.0,,,0.0,2.3,3.8,1.3,5267,5700.0,-0.7,0.1,555,RS転換2日目
1847,イチケン,建設業,19.9,23.3,2,376,★☆☆☆☆,0.0,9.5,32,0.6,0.0,4.3,0.0,9.5,0.0,0.0,0.0,,,0.0,22.6,2.6,10.0,3258,3440.0,3.0,0.1,160,高値圏かつ未過熱 / 買い出来高優勢 / MA上昇配列 / パーフェクトオーダー
7167,めぶきフィナンシャルグループ,銀行業,19.9,23.0,2,377,★☆☆☆☆,0.0,7.5,43,-1.2,0.0,2.0,0.0,13.5,0.0,0.0,0.0,,,0.0,8.1,2.5,6.6,1612,1698.0,3.0,0.3,4404,高値圏かつ未過熱 / MA上昇配列 / パーフェクトオーダー / 52週高値目前
7976,三菱鉛筆,その他製品,19.8,23.0,2,378,★☆☆☆☆,0.0,7.5,42,-6.3,0.0,2.0,0.0,13.5,0.0,0.0,0.0,,,0.0,9.1,2.1,7.5,2933,3060.0,3.0,0.1,367,高値圏かつ未過熱 / MA上昇配列 / パーフェクトオーダー / 52週高値目前
2220,亀田製菓,食料品,19.7,19.7,1,379,★☆☆☆☆,0.0,9.0,14,-11.5,0.0,2.0,0.0,8.7,0.0,0.0,0.0,,,0.0,0.9,2.1,6.7,1343,1401.0,2.9,0.3,279,高値圏かつ未過熱 / MA上昇配列
8624,いちよし証券,証券、商品先物取引業,19.7,19.7,1,380,★☆☆☆☆,0.0,7.5,43,-1.1,0.0,0.0,0.0,12.2,0.0,0.0,0.0,,,0.0,7.2,2.8,8.8,1655,1753.0,2.8,0.3,216,高値圏かつ未過熱 / MA上昇配列 / パーフェクトオーダー / 52週高値目前
5393,ニチアス,ガラス・土石製品,19.7,19.7,1,381,★☆☆☆☆,0.0,14.0,0,4.7,0.0,1.0,0.0,4.7,0.0,0.0,0.0,,,0.0,0.2,3.1,0.7,3225,3440.0,6.3,0.1,2024,RS転換0日目 / RS加速+4.7 / 25MA上抜け0日目
3036,アルコニックス,卸売業,19.7,19.7,1,382,★☆☆☆☆,0.0,7.5,42,-2.1,0.0,4.0,0.0,8.2,0.0,0.0,0.0,,,0.0,30.6,4.1,10.9,3266,3560.0,3.8,0.3,736,高値圏かつ未過熱 / 資金流入増 / MA上昇配列 / パーフェクトオーダー
4028,石原産業,化学,19.5,18.0,2,383,★☆☆☆☆,0.0,5.0,28,-0.3,0.0,2.0,0.0,11.0,0.0,0.0,0.0,,,0.0,4.4,2.8,5.5,3052,3230.0,2.7,0.2,797,MA上昇配列 / パーフェクトオーダー
8935,ＦＪネクストホールディングス,不動産業,19.5,19.5,1,384,★☆☆☆☆,0.0,7.5,33,-7.6,0.0,1.0,0.0,11.0,0.0,0.0,0.0,,,0.0,3.4,2.1,5.1,1974,2062.0,1.2,0.3,128,高値圏かつ未過熱 / MA上昇配列 / パーフェクトオーダー / 52週高値目前
8570,イオンフィナンシャルサービス,その他金融業,19.5,19.5,1,385,★☆☆☆☆,0.0,7.5,32,-8.9,0.0,2.0,0.0,10.0,0.0,0.0,0.0,,,0.0,1.0,2.0,4.5,1609,1676.5,-0.8,0.8,954,高値圏かつ未過熱 / MA上昇配列
8354,ふくおかフィナンシャルグループ,銀行業,19.5,19.5,1,386,★☆☆☆☆,0.0,4.0,-1,-0.0,0.0,2.0,0.0,13.5,0.0,0.0,0.0,,,0.0,-0.7,2.6,3.5,7430,7839.0,3.6,0.3,4977,25MA上抜け5日目 / MA上昇配列 / パーフェクトオーダー / 52週高値目前
1870,矢作建設工業,建設業,19.5,19.5,1,387,★☆☆☆☆,0.0,7.5,32,-7.8,0.0,4.3,0.0,7.7,0.0,0.0,0.0,,,0.0,4.6,1.8,7.2,2098,2175.0,1.7,0.4,335,高値圏かつ未過熱 / 買い出来高優勢 / MA上昇配列
7803,ブシロード,その他製品,19.5,19.5,1,388,★☆☆☆☆,0.0,8.0,0,-5.6,0.0,3.0,0.0,8.5,0.0,0.0,0.0,,,0.0,5.1,4.8,11.3,397,439.0,9.5,1.2,538,RS転換0日目 / MA上昇配列 / パーフェクトオーダー
7721,東京計器,精密機器,19.5,19.5,1,389,★☆☆☆☆,0.0,14.0,1,6.4,0.0,0.0,0.0,5.5,0.0,0.0,0.0,,,0.0,7.0,5.2,5.6,6771,7560.0,9.1,0.3,2061,RS転換1日目 / RS加速+6.4 / 25MA上抜け3日目 / MA上昇配列
5246,ＥＬＥＭＥＮＴＳ,情報・通信業,19.5,19.5,1,390,★☆☆☆☆,0.0,7.5,39,9.3,0.0,2.0,0.0,10.0,0.0,0.0,0.0,,,0.0,20.4,4.6,14.4,848,933.0,9.4,0.7,394,RS加速+9.3 / MA上昇配列 / パーフェクトオーダー
6327,北川精機,機械,19.5,12.7,3,391,★☆☆☆☆,0.0,10.0,2,26.9,0.0,0.0,0.0,2.7,0.0,0.0,0.0,,,0.0,8.1,9.9,-1.6,2611,3255.0,0.6,0.3,2329,RS転換2日目 / RS加速+26.9
9119,飯野海運,海運業,19.5,19.5,1,392,★☆☆☆☆,0.0,7.5,32,-8.9,0.0,3.0,0.0,9.0,0.0,0.0,0.0,,,0.0,5.6,2.8,6.2,1607,1701.0,-0.3,0.2,475,高値圏かつ未過熱 / MA上昇配列
7296,エフ・シー・シー,輸送用機器,19.5,20.2,2,393,★☆☆☆☆,0.0,7.5,32,-14.9,0.0,3.0,0.0,9.7,0.0,0.0,0.0,,,0.0,1.8,1.9,3.1,3971,4130.0,-1.0,0.1,636,高値圏かつ未過熱 / MA上昇配列 / パーフェクトオーダー / 52週高値目前
1515,日鉄鉱業,鉱業,19.5,19.5,1,394,★☆☆☆☆,0.0,8.5,31,8.4,0.0,4.3,0.0,9.7,0.0,0.0,-3.0,,,0.0,36.0,5.5,17.9,3504,3935.0,8.6,0.3,2426,RS加速+8.4 / 買い出来高優勢 / MA上昇配列 / パーフェクトオーダー / 伸びすぎ注意(25MA+18%)
6055,ジャパンマテリアル,サービス業,19.4,19.4,1,395,★☆☆☆☆,4.7,10.0,1,11.2,0.0,1.0,0.0,3.7,0.0,0.0,0.0,,SOX指数,-5.1,0.6,4.3,0.1,2001,2188.0,5.9,0.6,1429,RS転換1日目 / RS加速+11.2 / SOX指数+4.0%連動(β0.30) 実反応+6.3%
6134,ＦＵＪＩ,機械,19.4,13.0,3,396,★☆☆☆☆,0.0,10.0,2,7.4,0.0,2.0,0.0,1.0,0.0,0.0,0.0,,,0.0,3.4,4.2,-4.8,6605,7217.0,-0.6,0.1,7856,RS転換2日目 / RS加速+7.4
6779,日本電波工業,電気機器,19.4,13.7,3,397,★☆☆☆☆,0.0,10.0,3,16.2,0.0,0.0,0.0,3.7,0.0,0.0,0.0,,,0.0,10.9,7.8,1.3,2385,2828.0,3.5,0.2,2611,RS転換3日目 / RS加速+16.2
3436,ＳＵＭＣＯ,金属製品,19.4,17.7,3,398,★☆☆☆☆,4.5,10.0,2,22.7,0.0,2.0,0.0,1.2,0.0,0.0,0.0,,SOX指数,0.6,13.7,8.0,-1.3,2917,3469.0,2.5,0.4,49222,RS転換2日目 / RS加速+22.7 / SOX指数+4.0%連動(β0.28) 実反応+0.6%
3103,ユニチカ,繊維製品,19.3,19.3,1,399,★☆☆☆☆,0.0,9.0,16,52.6,0.0,5.3,0.0,10.0,0.0,0.0,-5.0,,,0.0,111.7,10.0,39.7,1359,1698.0,20.4,0.7,26761,RS加速+52.6 / 買い出来高優勢 / 資金流入増 / MA上昇配列 / パーフェクトオーダー / 過熱⚠25MA+40%
6526,ソシオネクスト,電気機器,19.3,13.399999999999999,3,400,★☆☆☆☆,4.7,4.0,-1,17.5,0.0,2.0,0.0,2.7,0.0,0.0,0.0,,SOX指数,-3.4,-1.4,4.6,-1.2,1826,2013.0,1.2,0.3,15372,RS加速+17.5 / SOX指数+4.0%連動(β0.29) 実反応+4.5%
4046,大阪ソーダ,化学,19.3,19.3,1,401,★☆☆☆☆,0.0,7.0,24,2.2,0.0,3.3,0.0,9.0,0.0,0.0,0.0,,,0.0,15.2,3.5,9.0,1973,2120.0,5.4,0.4,710,買い出来高優勢 / MA上昇配列
6330,東洋エンジニアリング,建設業,19.3,19.3,1,402,★☆☆☆☆,0.0,9.0,27,13.2,0.0,7.3,0.0,8.0,0.0,0.0,-5.0,,,0.0,35.6,8.3,20.2,2258,2710.0,16.4,1.9,10609,RS加速+13.2 / 買い出来高優勢 / 資金流入増 / MA上昇配列 / 過熱⚠25MA+20%
6745,ホーチキ,電気機器,19.2,19.2,1,403,★☆☆☆☆,0.0,14.0,0,-5.5,0.0,2.0,0.0,3.2,0.0,0.0,0.0,,,0.0,0.4,3.5,1.0,1875,2016.0,0.0,0.2,349,RS転換0日目 / 25MA上抜け1日目 / 高値圏かつ未過熱
2652,まんだらけ,小売業,19.2,19.2,1,404,★☆☆☆☆,0.0,12.0,4,2.4,0.0,1.0,0.0,6.2,0.0,0.0,0.0,,,0.0,2.1,3.8,3.7,425,460.0,7.5,0.6,103,RS転換4日目 / 25MA上抜け3日目 / MA上昇配列 / パーフェクトオーダー
9101,日本郵船,海運業,19.2,19.2,1,405,★☆☆☆☆,0.0,7.5,31,-15.4,0.0,1.0,0.0,10.7,0.0,0.0,0.0,,,0.0,7.3,2.7,9.4,6637,7015.0,-1.2,0.4,23343,高値圏かつ未過熱 / MA上昇配列 / パーフェクトオーダー
2802,味の素,食料品,19.0,19.0,1,406,★☆☆☆☆,0.0,12.0,9,-1.4,0.0,0.0,0.0,7.0,0.0,0.0,0.0,,,0.0,5.0,3.6,3.6,5063,5454.0,1.1,0.2,19143,RS転換9日目 / 高値圏かつ未過熱
5830,いよぎんホールディングス,銀行業,19.0,19.0,1,407,★☆☆☆☆,0.0,7.5,42,-7.2,0.0,2.0,0.0,9.5,0.0,0.0,0.0,,,0.0,3.3,2.9,5.2,3751,3983.0,2.6,0.3,3623,高値圏かつ未過熱 / MA上昇配列 / パーフェクトオーダー
464A,ＱＰＳホールディングス,情報・通信業,19.0,19.0,1,408,★☆☆☆☆,0.0,12.0,9,19.1,0.0,1.0,0.0,6.0,0.0,0.0,0.0,,,0.0,30.0,4.8,13.6,1727,1911.0,7.0,0.5,2374,RS転換9日目 / RS加速+19.1
4620,藤倉化成,化学,19.0,19.0,1,409,★☆☆☆☆,0.0,12.0,5,9.0,0.0,1.0,0.0,6.0,0.0,0.0,0.0,,,0.0,9.8,3.2,6.0,911,974.0,2.6,0.3,127,RS転換5日目 / RS加速+9.0
6333,ＴＥＩＫＯＫＵ,機械,19.0,19.0,1,410,★☆☆☆☆,0.0,4.0,-1,-10.0,0.0,3.0,0.0,12.0,0.0,0.0,0.0,,,0.0,-3.9,3.0,2.7,3214,3420.0,1.3,0.1,157,25MA上抜け8日目 / MA上昇配列 / パーフェクトオーダー
4377,ワンキャリア,情報・通信業,19.0,19.0,1,411,★☆☆☆☆,0.0,9.0,10,-5.7,0.0,3.0,0.0,10.0,0.0,0.0,-3.0,,,0.0,17.5,4.6,17.5,2417,2661.0,8.9,0.9,272,RS転換10日目 / MA上昇配列 / 伸びすぎ注意(25MA+17%)
8399,琉球銀行,銀行業,19.0,19.0,1,412,★☆☆☆☆,0.0,7.5,36,-1.7,0.0,2.0,0.0,9.5,0.0,0.0,0.0,,,0.0,5.9,3.4,5.2,3046,3265.0,3.5,0.3,437,高値圏かつ未過熱 / MA上昇配列 / パーフェクトオーダー
9348,ｉｓｐａｃｅ,サービス業,19.0,19.0,1,413,★☆☆☆☆,0.0,4.0,-1,-4.6,10.0,0.0,0.0,5.0,0.0,0.0,0.0,,,0.0,-0.8,2.3,3.2,414,434.0,1.2,0.3,311,25MA上抜け10日目 / 宇宙(+2.0%)
2962,テクニスコ,金属製品,19.0,19.0,1,414,★☆☆☆☆,0.0,12.0,8,39.3,0.0,2.0,0.0,10.0,0.0,0.0,-5.0,,,0.0,55.1,10.1,29.4,1441,1807.0,16.7,0.6,674,RS転換8日目 / RS加速+39.3 / MA上昇配列 / パーフェクトオーダー / 過熱⚠25MA+29%
4575,キャンバス,医薬品,19.0,19.0,1,415,★☆☆☆☆,0.0,12.0,9,7.0,0.0,2.0,0.0,8.0,0.0,0.0,-3.0,,,0.0,17.9,5.2,15.2,794,886.0,10.5,1.5,187,RS転換9日目 / RS加速+7.0 / MA上昇配列 / 伸びすぎ注意(25MA+15%)
8309,三井住友トラストグループ,銀行業,19.0,19.0,1,416,★☆☆☆☆,0.0,2.0,-1,-2.0,0.0,2.0,0.0,15.0,0.0,0.0,0.0,,,0.0,-1.2,2.0,4.6,1712,1781.5,3.8,0.3,14430,MA上昇配列 / パーフェクトオーダー / 52週高値ブレイク!
8098,稲畑産業,卸売業,19.0,19.0,1,417,★☆☆☆☆,0.0,2.0,-1,-5.6,0.0,2.0,0.0,15.0,0.0,0.0,0.0,,,0.0,-0.1,1.6,5.0,4189,4325.0,2.4,0.2,382,MA上昇配列 / パーフェクトオーダー / 52週高値ブレイク!
8283,ＰＡＬＴＡＣ,卸売業,19.0,19.0,1,418,★☆☆☆☆,0.0,7.0,19,-6.3,0.0,1.0,0.0,11.0,0.0,0.0,0.0,,,0.0,-8.0,0.4,0.1,6583,6630.0,0.0,0.0,1134,高値圏かつ未過熱 / MA上昇配列 / パーフェクトオーダー / 52週高値目前
6328,荏原実業,機械,19.0,19.0,1,419,★☆☆☆☆,0.0,4.0,-1,-9.4,0.0,4.0,0.0,11.0,0.0,0.0,0.0,,,0.0,-7.2,2.6,0.5,2269,2395.0,-2.6,0.1,344,25MA上抜け6日目 / 資金流入増 / MA上昇配列 / パーフェクトオーダー
2160,ジーエヌアイグループ,医薬品,19.0,19.0,1,420,★☆☆☆☆,0.0,9.0,15,10.2,0.0,2.0,0.0,8.0,0.0,0.0,0.0,,,0.0,18.1,5.0,8.8,2645,2942.0,5.6,0.4,3193,RS加速+10.2 / MA上昇配列 / 開示[業績予想の修正](14日前)
6946,日本アビオニクス,電気機器,19.0,19.0,1,421,★☆☆☆☆,0.0,11.0,26,7.4,0.0,0.0,0.0,8.0,0.0,0.0,0.0,,,0.0,11.5,5.0,6.6,5350,5950.0,11.2,0.4,1071,RS加速+7.4 / 25MA上抜け4日目 / MA上昇配列
5713,住友金属鉱山,非鉄金属,19.0,19.0,1,422,★☆☆☆☆,0.0,10.0,25,10.9,0.0,3.0,0.0,11.0,0.0,0.0,-5.0,,,0.0,47.7,5.6,22.6,10248,11550.0,7.3,0.2,41552,RS加速+10.9 / MA上昇配列 / パーフェクトオーダー / 過熱⚠25MA+23%
350A,デジタルグリッド,電気・ガス業,19.0,19.0,1,423,★☆☆☆☆,0.0,12.0,6,0.5,0.0,1.0,0.0,6.0,0.0,0.0,0.0,,,0.0,2.0,2.9,2.2,734,779.0,-1.4,0.3,169,RS転換6日目 / 25MA上抜け6日目
8237,松屋,小売業,18.8,18.8,1,424,★☆☆☆☆,0.0,8.5,47,9.0,0.0,5.3,0.0,10.0,0.0,0.0,-5.0,,,0.0,51.8,5.8,28.5,2475,2798.0,14.4,1.0,1111,RS加速+9.0 / 買い出来高優勢 / 資金流入増 / MA上昇配列 / 過熱⚠25MA+28%
8032,日本紙パルプ商事,卸売業,18.7,18.7,1,425,★☆☆☆☆,0.0,7.5,32,-7.6,0.0,3.0,0.0,8.2,0.0,0.0,0.0,,,0.0,0.8,2.5,2.7,1159,1219.0,-0.2,0.3,293,高値圏かつ未過熱 / MA上昇配列 / パーフェクトオーダー
8929,青山財産ネットワークス,不動産業,18.7,18.7,1,426,★☆☆☆☆,0.0,10.0,7,-1.9,0.0,2.0,0.0,6.7,0.0,0.0,0.0,,,0.0,3.6,2.0,10.0,1374,1432.0,7.0,0.8,101,RS転換7日目 / 25MA上抜け10日目 / MA上昇配列
6652,ＩＤＥＣ,電気機器,18.7,2.0,2,427,★☆☆☆☆,0.0,0.0,-1,-12.2,0.0,1.0,0.0,1.0,0.0,0.0,0.0,,,0.0,-0.2,2.7,-0.5,3371,3565.0,-2.3,0.1,530,-
7409,ＡｅｒｏＥｄｇｅ,輸送用機器,18.7,18.7,1,428,★☆☆☆☆,0.0,14.0,3,13.9,0.0,1.0,0.0,3.7,0.0,0.0,0.0,,,0.0,8.0,7.2,6.6,1394,1628.0,19.2,0.3,542,RS転換3日目 / RS加速+13.9 / 25MA上抜け3日目
4565,ネクセラファーマ,医薬品,18.7,18.7,1,429,★☆☆☆☆,0.0,7.0,13,1.3,0.0,3.0,0.0,8.7,0.0,0.0,0.0,,,0.0,23.8,5.4,12.8,1002,1123.0,1.8,0.3,1029,MA上昇配列 / パーフェクトオーダー
4206,アイカ工業,化学,18.7,18.7,1,430,★☆☆☆☆,0.0,7.5,36,-10.9,0.0,3.0,0.0,8.2,0.0,0.0,0.0,,,0.0,1.3,1.7,3.2,3969,4107.0,0.7,0.2,1301,高値圏かつ未過熱 / MA上昇配列 / パーフェクトオーダー
4082,第一稀元素化学工業,化学,18.7,18.7,1,431,★☆☆☆☆,0.0,9.0,14,55.0,0.0,10.0,0.0,4.7,0.0,0.0,-5.0,,,0.0,61.6,5.7,43.6,2571,2899.0,48.9,4.3,2728,RS加速+55.0 / 出来高急増4.3倍 / 買い出来高優勢 / 資金流入増 / 過熱⚠25MA+44%
367A,プリモグローバルホールディングス,小売業,18.7,18.7,1,432,★☆☆☆☆,0.0,12.0,0,-5.3,0.0,0.0,0.0,6.7,0.0,0.0,0.0,,,0.0,0.4,2.0,3.6,2694,2807.0,3.1,1.0,147,RS転換0日目 / 高値圏かつ未過熱
6381,アネスト岩田,機械,18.6,20.5,2,433,★☆☆☆☆,0.0,7.5,42,-10.2,0.0,2.0,0.0,11.0,0.0,0.0,0.0,,,0.0,0.7,1.8,3.1,1880,1951.0,0.0,0.7,190,高値圏かつ未過熱 / MA上昇配列 / パーフェクトオーダー / 52週高値目前
2760,東京エレクトロン　デバイス,卸売業,18.6,0.0,3,434,★☆☆☆☆,0.0,0.0,-1,-3.6,0.0,0.0,0.0,0.0,0.0,0.0,0.0,,,0.0,-0.4,3.9,-1.6,3710,4025.0,1.4,0.2,831,-
7510,たけびし,卸売業,18.5,18.5,1,435,★☆☆☆☆,0.0,7.5,32,-5.8,0.0,4.0,0.0,7.0,0.0,0.0,0.0,,,0.0,4.1,2.6,1.2,2619,2764.0,1.4,0.3,128,高値圏かつ未過熱 / 資金流入増 / MA上昇配列 / パーフェクトオーダー
6998,日本タングステン,電気機器,18.5,18.5,1,436,★☆☆☆☆,0.0,8.0,17,1.5,0.0,5.3,0.0,8.2,0.0,0.0,-3.0,,,0.0,67.2,6.5,16.5,2755,3165.0,-0.5,0.1,486,買い出来高優勢 / 資金流入増 / MA上昇配列 / パーフェクトオーダー / 伸びすぎ注意(25MA+17%)
4189,ＫＨネオケム,化学,18.5,18.5,1,437,★☆☆☆☆,0.0,9.5,43,-6.3,0.0,2.0,0.0,7.0,0.0,0.0,0.0,,,0.0,4.3,2.6,1.9,3213,3390.0,0.0,0.1,670,25MA上抜け6日目 / 高値圏かつ未過熱 / MA上昇配列 / パーフェクトオーダー
8157,都築電気,情報・通信業,18.5,18.5,1,438,★☆☆☆☆,0.0,4.0,-1,-12.7,0.0,1.0,0.0,13.5,0.0,0.0,0.0,,,0.0,-9.1,2.1,3.4,4027,4205.0,2.1,0.4,194,25MA上抜け6日目 / MA上昇配列 / パーフェクトオーダー / 52週高値目前
6345,アイチ　コーポレーション,機械,18.5,18.5,1,439,★☆☆☆☆,0.0,4.0,-1,-10.3,0.0,1.0,0.0,13.5,0.0,0.0,0.0,,,0.0,-7.2,1.4,1.6,1408,1448.0,0.9,0.3,213,25MA上抜け5日目 / MA上昇配列 / パーフェクトオーダー / 52週高値目前
7018,内海造船,輸送用機器,18.5,18.5,1,440,★☆☆☆☆,0.0,7.5,37,10.8,0.0,3.0,0.0,8.0,0.0,0.0,0.0,,,0.0,19.1,6.3,14.9,11593,13250.0,16.0,0.8,386,RS加速+10.8 / MA上昇配列
6706,電気興業,電気機器,18.5,18.5,1,441,★☆☆☆☆,0.0,9.0,29,-7.3,0.0,0.0,0.0,9.5,0.0,0.0,0.0,,,0.0,2.1,2.8,3.9,3170,3355.0,2.3,0.4,106,高値圏かつ未過熱 / MA上昇配列 / パーフェクトオーダー
5832,ちゅうぎんフィナンシャルグループ,銀行業,18.5,18.5,1,442,★☆☆☆☆,0.0,4.0,-1,-1.8,0.0,1.0,0.0,13.5,0.0,0.0,0.0,,,0.0,-0.6,2.5,4.0,3370,3545.0,3.9,0.2,916,25MA上抜け5日目 / MA上昇配列 / パーフェクトオーダー / 52週高値目前
8154,加賀電子,卸売業,18.5,18.5,1,443,★☆☆☆☆,0.0,9.0,29,-10.9,0.0,0.0,0.0,9.5,0.0,0.0,0.0,,,0.0,4.8,2.9,3.9,4741,5030.0,2.0,0.1,836,高値圏かつ未過熱 / MA上昇配列 / パーフェクトオーダー
8697,日本取引所グループ,その他金融業,18.5,18.5,1,444,★☆☆☆☆,0.0,4.0,-1,-1.2,0.0,1.0,0.0,13.5,0.0,0.0,0.0,,,0.0,-1.4,1.8,2.5,2218,2300.0,2.8,0.2,6714,25MA上抜け5日目 / MA上昇配列 / パーフェクトオーダー / 52週高値目前
9722,藤田観光,サービス業,18.3,18.3,1,445,★☆☆☆☆,0.0,8.5,42,4.3,0.0,4.3,0.0,10.5,0.0,0.0,-5.0,,,0.0,41.9,3.5,28.3,2749,2956.0,11.5,0.4,941,RS加速+4.3 / 買い出来高優勢 / MA上昇配列 / 52週高値ブレイク! / RSI過熱(92)⚠ / 過熱⚠25MA+28%
9506,東北電力,電気・ガス業,18.3,18.3,1,446,★☆☆☆☆,0.0,7.5,42,-14.5,0.0,4.3,0.0,6.5,0.0,0.0,0.0,,,0.0,2.2,2.2,4.5,1239,1296.0,-2.6,0.3,3470,高値圏かつ未過熱 / 買い出来高優勢 / MA上昇配列
3350,メタプラネット,卸売業,18.3,18.3,1,447,★☆☆☆☆,0.0,14.0,5,18.3,0.0,4.0,0.0,4.7,0.0,0.6,-5.0,,,0.0,47.0,7.9,39.8,290,345.0,12.7,1.5,9172,RS転換5日目 / RS加速+18.3 / 25MA上抜け6日目 / 過熱⚠25MA+40% / 開示[子会社化](10日前)
8273,イズミ,小売業,18.3,18.3,1,448,★☆☆☆☆,0.0,4.0,-1,-11.8,0.0,5.3,0.0,9.0,0.0,0.0,0.0,,,0.0,-5.7,1.9,4.3,1011,1052.0,2.9,1.4,836,25MA上抜け8日目 / 買い出来高優勢 / MA上昇配列
3853,アステリア,情報・通信業,18.3,18.3,1,449,★☆☆☆☆,0.0,9.0,15,12.3,0.0,3.3,0.0,6.0,0.0,0.0,0.0,,,0.0,15.5,4.6,9.6,1115,1227.0,7.8,0.4,458,RS加速+12.3 / 買い出来高優勢 / 開示[上方修正](14日前)
4973,日本高純度化学,化学,18.3,18.3,1,450,★☆☆☆☆,0.0,10.0,4,17.9,0.0,3.3,0.0,5.0,0.0,0.0,0.0,,,0.0,8.0,2.6,5.3,4604,4855.0,5.5,0.3,336,RS転換4日目 / RS加速+17.9 / 買い出来高優勢
5273,三谷セキサン,ガラス・土石製品,18.2,18.2,1,451,★☆☆☆☆,0.0,7.5,40,-13.1,0.0,2.0,0.0,8.7,0.0,0.0,0.0,,,0.0,0.4,3.5,8.4,1938,2086.0,6.0,0.2,119,高値圏かつ未過熱 / MA上昇配列
9436,沖縄セルラー電話,情報・通信業,18.2,18.2,1,452,★☆☆☆☆,0.0,7.5,32,-3.5,0.0,1.0,0.0,9.7,0.0,0.0,0.0,,,0.0,2.1,1.8,2.7,3946,4095.0,2.4,0.2,534,高値圏かつ未過熱 / MA上昇配列 / パーフェクトオーダー / 52週高値目前
4258,網屋,情報・通信業,18.2,18.2,1,453,★☆☆☆☆,0.0,10.0,0,-8.6,0.0,0.0,0.0,8.2,0.0,0.0,0.0,,,0.0,1.7,6.4,6.5,4164,4775.0,3.7,1.0,263,RS転換0日目 / 高値圏かつ未過熱 / MA上昇配列 / パーフェクトオーダー
3221,ヨシックスホールディングス,小売業,18.0,18.0,1,454,★☆☆☆☆,0.0,4.0,-1,-11.0,0.0,3.0,0.0,11.0,0.0,0.0,0.0,,,0.0,-5.4,1.9,2.4,3231,3360.0,-0.3,0.3,103,25MA上抜け10日目 / MA上昇配列 / パーフェクトオーダー
4527,ロート製薬,医薬品,18.0,18.0,1,455,★☆☆☆☆,0.0,5.0,14,-7.1,0.0,3.0,0.0,10.0,0.0,0.0,0.0,,,0.0,16.3,2.3,14.5,2939,3079.0,7.4,0.2,4628,MA上昇配列 / パーフェクトオーダー
8020,兼松,卸売業,18.0,18.0,1,456,★☆☆☆☆,0.0,4.0,-1,-2.8,0.0,3.3,0.0,10.7,0.0,0.0,0.0,,,0.0,-0.4,2.4,3.6,2131,2237.5,2.4,0.3,1262,25MA上抜け6日目 / 買い出来高優勢 / MA上昇配列 / パーフェクトオーダー
2168,パソナグループ,サービス業,18.0,18.0,1,457,★☆☆☆☆,0.0,8.0,0,-6.5,0.0,3.3,0.0,6.7,0.0,0.0,0.0,,,0.0,0.6,1.8,6.1,1658,1719.0,2.9,0.3,234,RS転換0日目 / 買い出来高優勢 / MA上昇配列
4058,トヨクモ,情報・通信業,18.0,18.0,1,458,★☆☆☆☆,0.0,8.0,0,-18.4,0.0,2.0,0.0,8.0,0.0,0.0,0.0,,,0.0,2.5,4.4,9.3,2366,2594.0,5.3,1.1,122,RS転換0日目 / 資金流入増 / MA上昇配列
6085,アーキテクツ・スタジオ・ジャパン,サービス業,18.0,18.0,1,459,★☆☆☆☆,0.0,14.0,5,132.5,0.0,4.3,0.0,4.7,0.0,0.0,-5.0,,,0.0,135.6,13.0,99.3,162,219.0,79.5,1.1,1640,RS転換5日目 / RS加速+132.5 / 25MA上抜け5日目 / 買い出来高優勢 / 過熱⚠25MA+99%
4107,伊勢化学工業,化学,18.0,18.0,1,460,★☆☆☆☆,0.0,12.0,9,8.4,0.0,4.3,0.0,4.7,0.0,0.0,-3.0,,,0.0,19.0,3.5,15.1,4029,4335.0,11.0,1.4,1011,RS転換9日目 / RS加速+8.4 / 買い出来高優勢 / 伸びすぎ注意(25MA+15%)
7970,信越ポリマー,化学,18.0,9.5,2,461,★☆☆☆☆,0.0,4.0,-1,7.5,0.0,3.3,0.0,2.2,0.0,0.0,0.0,,,0.0,-1.3,2.0,-0.2,2150,2238.0,-0.3,0.3,343,RS加速+7.5 / 買い出来高優勢
3923,ラクス,情報・通信業,18.0,18.0,1,462,★☆☆☆☆,0.0,8.0,0,-14.4,0.0,0.0,0.0,10.0,0.0,0.0,0.0,,,0.0,2.3,4.4,10.0,1088,1192.5,7.1,1.1,2099,RS転換0日目 / MA上昇配列 / パーフェクトオーダー
218A,Ｌｉｂｅｒａｗａｒｅ,精密機器,18.0,18.0,1,463,★☆☆☆☆,0.0,12.0,8,3.0,0.0,0.0,0.0,6.0,0.0,0.0,0.0,,,0.0,11.7,4.2,10.8,1090,1189.0,5.4,1.1,194,RS転換8日目 / 25MA上抜け9日目
4784,ＧＭＯインターネット,サービス業,18.0,18.0,1,464,★☆☆☆☆,0.0,8.0,8,-18.3,0.0,2.0,0.0,8.0,0.0,0.0,0.0,,,0.0,1.0,5.4,7.8,535,599.0,-0.7,0.5,1157,RS転換8日目 / MA上昇配列
277A,グロービング,サービス業,18.0,18.0,1,465,★☆☆☆☆,0.0,10.0,7,-0.3,0.0,3.3,0.0,4.7,0.0,0.0,0.0,,,0.0,14.5,3.6,14.7,1833,1976.0,7.0,0.9,260,RS転換7日目 / 25MA上抜け8日目 / 買い出来高優勢
5703,日本軽金属ホールディングス,非鉄金属,18.0,18.0,1,466,★☆☆☆☆,0.0,9.0,24,-2.1,0.0,1.0,0.0,8.0,0.0,0.0,0.0,,,0.0,10.1,2.6,5.2,2892,3050.0,0.8,0.1,964,高値圏かつ未過熱
9603,エイチ・アイ・エス,サービス業,18.0,18.0,1,467,★☆☆☆☆,0.0,8.0,0,-14.5,0.0,2.0,0.0,8.0,0.0,0.0,0.0,,,0.0,2.5,2.0,5.8,1129,1176.0,2.1,0.2,510,RS転換0日目 / MA上昇配列
5602,栗本鐵工所,鉄鋼,18.0,18.0,1,468,★☆☆☆☆,0.0,7.5,36,-6.8,0.0,4.0,0.0,6.5,0.0,0.0,0.0,,,0.0,8.9,2.2,7.5,1693,1771.0,3.1,0.5,646,高値圏かつ未過熱 / 資金流入増 / MA上昇配列
8544,京葉銀行,銀行業,18.0,18.0,1,469,★☆☆☆☆,0.0,6.0,-1,1.0,0.0,0.0,0.0,12.0,0.0,0.0,0.0,,,0.0,-1.7,3.5,3.9,2637,2835.0,5.5,0.1,1173,25MA上抜け2日目 / MA上昇配列 / パーフェクトオーダー
6969,松尾電機,電気機器,17.9,13.5,2,470,★☆☆☆☆,0.0,10.0,1,11.2,0.0,2.0,0.0,1.5,0.0,0.0,0.0,,,0.0,3.3,7.1,-0.4,899,1047.0,4.2,0.1,110,RS転換1日目 / RS加速+11.2
4570,免疫生物研究所,医薬品,17.8,17.8,1,471,★☆☆☆☆,0.0,7.5,33,7.9,0.0,4.3,0.0,6.0,0.0,0.0,0.0,,,0.0,17.4,5.2,12.9,1018,1135.0,5.1,1.0,140,RS加速+7.9 / 買い出来高優勢
7366,ＬＩＴＡＬＩＣＯ,サービス業,17.8,17.8,1,472,★☆☆☆☆,0.0,3.5,33,-2.9,0.0,4.3,0.0,10.0,0.0,0.0,0.0,,,0.0,13.0,3.0,8.5,1793,1908.0,4.1,0.2,267,買い出来高優勢 / MA上昇配列 / パーフェクトオーダー
6762,ＴＤＫ,電気機器,17.8,16.0,2,473,★☆☆☆☆,0.0,10.0,1,3.9,0.0,1.0,0.0,5.0,0.0,0.0,0.0,,,0.0,2.1,3.3,1.4,2884,3088.0,1.5,0.2,29867,RS転換1日目 / RS加速+3.9
6276,シリウスビジョン,電気機器,17.8,17.8,1,474,★☆☆☆☆,0.0,5.0,11,-8.5,0.0,5.3,0.0,7.5,0.0,0.0,0.0,,,0.0,12.5,10.9,4.4,279,357.0,-2.5,0.1,109,買い出来高優勢 / 資金流入増 / MA上昇配列 / パーフェクトオーダー
150A,ＪＳＨ,サービス業,17.8,17.8,1,475,★☆☆☆☆,0.0,7.5,36,45.1,0.0,5.3,0.0,10.0,0.0,0.0,-5.0,,,0.0,59.4,8.8,26.2,616,747.0,0.1,0.1,395,RS加速+45.1 / 買い出来高優勢 / 資金流入増 / MA上昇配列 / パーフェクトオーダー / 過熱⚠25MA+26%
4668,明光ネットワークジャパン,サービス業,17.8,17.8,1,476,★☆☆☆☆,0.0,4.0,-1,-9.5,0.0,4.3,0.0,9.5,0.0,0.0,0.0,,,0.0,-9.0,1.1,0.4,752,769.0,1.0,2.8,124,25MA上抜け4日目 / 出来高増2.8倍 / MA上昇配列 / パーフェクトオーダー
6463,ＴＰＲ,機械,17.7,17.7,1,477,★☆☆☆☆,0.0,2.0,-1,-10.5,0.0,2.0,0.0,13.7,0.0,0.0,0.0,,,0.0,-1.0,1.9,5.4,1543,1603.0,2.8,0.3,197,MA上昇配列 / パーフェクトオーダー / 52週高値ブレイク!
7995,バルカー,化学,17.7,17.7,1,478,★☆☆☆☆,0.0,14.0,2,5.2,0.0,0.0,0.0,3.7,0.0,0.0,0.0,,,0.0,3.9,3.3,1.7,6369,6820.0,4.6,0.1,594,RS転換2日目 / RS加速+5.2 / 25MA上抜け1日目
5016,ＪＸ金属,非鉄金属,17.7,17.7,1,479,★☆☆☆☆,0.0,14.0,2,16.6,0.0,0.0,0.0,3.7,0.0,0.0,0.0,,,0.0,8.2,4.5,2.2,3521,3873.0,7.9,0.4,76952,RS転換2日目 / RS加速+16.6 / 25MA上抜け0日目
3687,フィックスターズ,情報・通信業,17.7,17.7,1,480,★☆☆☆☆,0.0,12.0,1,1.0,0.0,2.0,0.0,3.7,0.0,0.0,0.0,,,0.0,3.0,4.5,5.6,2100,2305.0,5.7,0.7,1134,RS転換1日目 / 25MA上抜け1日目
7504,高速,卸売業,17.7,17.7,1,481,★☆☆☆☆,0.0,7.5,46,-25.6,0.0,2.0,0.0,8.2,0.0,0.0,0.0,,,0.0,7.7,4.5,3.9,4321,4750.0,-4.0,0.8,497,高値圏かつ未過熱 / 資金流入増 / MA上昇配列 / パーフェクトオーダー
6364,ＡＩＲＭＡＮ,機械,17.7,17.7,1,482,★☆☆☆☆,0.0,7.5,43,-24.5,0.0,2.0,0.0,8.2,0.0,0.0,0.0,,,0.0,1.9,2.9,5.1,2452,2601.0,4.8,0.2,328,高値圏かつ未過熱 / 資金流入増 / MA上昇配列 / パーフェクトオーダー
6339,新東工業,機械,17.6,7.5,2,483,★☆☆☆☆,0.0,2.0,-1,-6.1,0.0,0.0,0.0,5.5,0.0,0.0,0.0,,,0.0,-1.6,2.6,1.0,1148,1211.0,-0.3,0.3,123,-
3864,三菱製紙,パルプ・紙,17.5,17.5,1,484,★☆☆☆☆,0.0,2.0,-1,-1.3,0.0,2.0,0.0,13.5,0.0,0.0,0.0,,,0.0,-0.6,2.8,3.8,1129,1197.0,-0.2,0.6,229,MA上昇配列 / パーフェクトオーダー / 52週高値目前
9508,九州電力,電気・ガス業,17.5,17.5,1,485,★☆☆☆☆,0.0,2.0,-1,-12.0,0.0,2.0,0.0,13.5,0.0,0.0,0.0,,,0.0,-1.1,2.4,3.9,1844,1935.5,-1.4,0.2,2967,MA上昇配列 / パーフェクトオーダー / 52週高値目前
8725,ＭＳ＆ＡＤインシュアランスグループホールディングス,保険業,17.5,17.5,1,486,★☆☆☆☆,0.0,4.0,-1,-7.8,0.0,0.0,0.0,13.5,0.0,0.0,0.0,,,0.0,-5.8,2.3,3.4,4849,5086.0,2.9,0.2,18618,25MA上抜け5日目 / MA上昇配列 / パーフェクトオーダー / 52週高値目前
8566,リコーリース,その他金融業,17.5,17.5,1,487,★☆☆☆☆,0.0,4.0,-1,-9.2,0.0,0.0,0.0,13.5,0.0,0.0,0.0,,,0.0,-8.0,1.3,2.0,6650,6830.0,1.0,0.2,240,25MA上抜け6日目 / MA上昇配列 / パーフェクトオーダー / 52週高値目前
4475,ＨＥＮＮＧＥ,情報・通信業,17.5,17.5,1,488,★☆☆☆☆,0.0,7.5,39,12.9,0.0,5.0,0.0,10.0,0.0,0.0,-5.0,,,0.0,28.2,4.5,21.4,1599,1756.0,16.1,1.5,994,RS加速+12.9 / 資金流入増 / MA上昇配列 / パーフェクトオーダー / 過熱⚠25MA+21%
2484,出前館,情報・通信業,17.5,17.5,1,489,★☆☆☆☆,0.0,5.5,33,3.0,0.0,4.0,0.0,8.0,0.0,0.0,0.0,,,0.0,19.1,4.5,14.9,155,170.0,9.0,0.5,120,資金流入増 / MA上昇配列
8242,エイチ・ツー・オー　リテイリング,小売業,17.5,17.5,1,490,★☆☆☆☆,0.0,2.0,-1,-11.5,0.0,3.3,0.0,12.2,0.0,0.0,0.0,,,0.0,-4.3,2.0,5.0,2908,3031.0,2.6,0.2,1173,買い出来高優勢 / MA上昇配列 / パーフェクトオーダー / 52週高値目前
8194,ライフコーポレーション,小売業,17.5,17.5,1,491,★☆☆☆☆,0.0,2.0,-1,-13.2,0.0,2.0,0.0,13.5,0.0,0.0,0.0,,,0.0,-3.6,1.8,4.2,2579,2676.0,2.0,0.4,505,MA上昇配列 / パーフェクトオーダー / 52週高値目前
9115,明海グループ,海運業,17.5,17.5,1,492,★☆☆☆☆,0.0,3.5,32,-7.2,0.0,4.0,0.0,10.0,0.0,0.0,0.0,,,0.0,27.0,10.1,10.7,847,1062.0,-5.9,0.4,115,資金流入増 / MA上昇配列 / パーフェクトオーダー
9678,カナモト,サービス業,17.5,17.5,1,493,★☆☆☆☆,0.0,2.0,-1,-9.7,0.0,2.0,0.0,13.5,0.0,0.0,0.0,,,0.0,-2.0,1.6,2.9,5343,5520.0,1.3,0.3,359,MA上昇配列 / パーフェクトオーダー / 52週高値目前
7239,タチエス,輸送用機器,17.5,17.5,1,494,★☆☆☆☆,0.0,2.0,-1,-12.4,0.0,2.0,0.0,13.5,0.0,0.0,0.0,,,0.0,-4.6,1.4,2.4,2280,2348.0,0.4,0.2,193,MA上昇配列 / パーフェクトオーダー / 52週高値目前
2120,ＬＩＦＵＬＬ,サービス業,17.5,17.5,1,495,★☆☆☆☆,0.0,3.5,33,-15.1,0.0,4.0,0.0,10.0,0.0,0.0,0.0,,,0.0,9.5,4.1,8.1,218,238.0,-2.1,0.4,258,資金流入増 / MA上昇配列 / パーフェクトオーダー
5240,ｍｏｎｏＡＩ　ｔｅｃｈｎｏｌｏｇｙ,情報・通信業,17.5,17.5,1,496,★☆☆☆☆,0.0,10.0,0,-33.1,0.0,2.0,0.0,5.5,0.0,0.0,0.0,,,0.0,1.2,9.5,7.5,187,231.0,6.0,0.6,297,RS転換0日目 / 25MA上抜け1日目 / MA上昇配列 / 開示[AI](14日前)
2602,日清オイリオグループ,食料品,17.5,17.5,1,497,★☆☆☆☆,0.0,2.0,-1,-12.6,0.0,2.0,0.0,13.5,0.0,0.0,0.0,,,0.0,-4.9,1.5,3.1,1973,2034.0,-1.6,0.2,461,MA上昇配列 / パーフェクトオーダー / 52週高値目前
4911,資生堂,化学,17.5,17.5,1,498,★☆☆☆☆,0.0,8.0,0,-16.5,0.0,2.0,0.0,7.5,0.0,0.0,0.0,,,0.0,3.1,3.3,7.3,3483,3725.0,0.8,0.2,10931,RS転換0日目 / MA上昇配列 / パーフェクトオーダー
8601,大和証券グループ本社,証券、商品先物取引業,17.5,17.5,1,499,★☆☆☆☆,0.0,2.0,-1,0.0,0.0,2.0,0.0,13.5,0.0,0.0,0.0,,,0.0,-4.1,1.8,2.8,1790,1857.5,4.4,0.3,8054,MA上昇配列 / パーフェクトオーダー / 52週高値目前
7575,日本ライフライン,卸売業,17.5,17.5,1,500,★☆☆☆☆,0.0,7.5,32,-14.1,0.0,1.0,0.0,9.0,0.0,0.0,0.0,,,0.0,0.9,2.1,3.7,1512,1577.0,0.1,0.2,350,高値圏かつ未過熱 / MA上昇配列 / 52週高値目前
8008,ヨンドシーホールディングス,小売業,17.5,17.5,1,501,★☆☆☆☆,0.0,2.0,-1,-11.5,0.0,2.0,0.0,13.5,0.0,0.0,0.0,,,0.0,-5.2,1.6,2.9,2048,2115.0,-1.0,1.3,226,MA上昇配列 / パーフェクトオーダー / 52週高値目前
6981,村田製作所,電気機器,17.4,13.7,3,502,★☆☆☆☆,0.0,10.0,1,24.2,0.0,0.0,0.0,3.7,0.0,0.0,0.0,,,0.0,7.9,5.8,0.0,6562,7416.0,4.6,0.4,185121,RS転換1日目 / RS加速+24.2
7085,カーブスホールディングス,サービス業,17.4,17.9,2,503,★☆☆☆☆,0.0,4.0,-1,-14.4,0.0,2.0,0.0,9.5,0.0,2.4,0.0,,,0.0,-10.3,1.6,0.6,911,941.0,-0.9,1.4,662,25MA上抜け7日目 / MA上昇配列 / パーフェクトオーダー / 開示[自己株式の取得](3日前)
6522,アスタリスク,電気機器,17.3,17.3,1,504,★☆☆☆☆,0.0,9.0,11,30.9,0.0,3.3,0.0,10.0,0.0,0.0,-5.0,,,0.0,54.7,8.3,29.9,2031,2433.0,21.2,1.2,3663,RS加速+30.9 / 買い出来高優勢 / MA上昇配列 / パーフェクトオーダー / 過熱⚠25MA+30%
7868,広済堂ホールディングス,その他製品,17.3,17.3,1,505,★☆☆☆☆,0.0,8.0,10,-5.7,0.0,3.3,0.0,6.0,0.0,0.0,0.0,,,0.0,3.3,3.0,4.2,529,563.0,-0.7,0.2,246,RS転換10日目 / 買い出来高優勢
5243,ｎｏｔｅ,情報・通信業,17.3,17.3,1,506,★☆☆☆☆,0.0,8.5,39,14.8,0.0,5.3,0.0,8.5,0.0,0.0,-5.0,,,0.0,42.1,5.2,27.7,2736,3055.0,19.8,2.0,843,RS加速+14.8 / 買い出来高優勢 / MA上昇配列 / パーフェクトオーダー / RSI過熱(88)⚠ / 過熱⚠25MA+28%
9861,吉野家ホールディングス,小売業,17.3,17.3,1,507,★☆☆☆☆,0.0,4.0,-1,-21.5,0.0,3.0,0.0,8.2,0.0,2.1,0.0,,,0.0,-10.9,1.6,0.3,3671,3796.0,-1.4,1.9,2623,25MA上抜け7日目 / MA上昇配列 / パーフェクトオーダー / 開示[自己株式の取得](4日前)
296A,令和アカウンティング・ホールディングス,サービス業,17.3,17.3,1,508,★☆☆☆☆,0.0,8.0,29,0.2,0.0,3.3,0.0,11.0,0.0,0.0,-5.0,,,0.0,20.4,4.5,21.6,1051,1156.0,6.3,0.4,109,買い出来高優勢 / MA上昇配列 / パーフェクトオーダー / 52週高値目前 / RSI過熱(86)⚠ / 過熱⚠25MA+22%
6036,ＫｅｅＰｅｒ技研,サービス業,17.3,17.3,1,509,★☆☆☆☆,0.0,5.0,11,-10.7,0.0,4.3,0.0,8.0,0.0,0.0,0.0,,,0.0,9.7,4.0,11.0,3051,3315.0,0.9,0.3,443,買い出来高優勢 / MA上昇配列
8789,フィンテック　グローバル,その他金融業,17.3,17.3,1,510,★☆☆☆☆,0.0,4.5,36,-3.3,0.0,5.3,0.0,10.5,0.0,0.0,-3.0,,,0.0,27.4,3.3,18.4,165,177.0,2.3,0.9,281,買い出来高優勢 / 資金流入増 / MA上昇配列 / 52週高値ブレイク! / RSI過熱(92)⚠ / 伸びすぎ注意(25MA+18%)
6098,リクルートホールディングス,サービス業,17.2,17.2,1,511,★☆☆☆☆,0.0,4.5,40,-1.3,0.0,2.0,0.0,13.7,0.0,0.0,-3.0,,,0.0,28.0,4.3,18.3,16016,17525.0,10.2,0.4,61771,MA上昇配列 / パーフェクトオーダー / 52週高値ブレイク! / 伸びすぎ注意(25MA+18%)
6235,オプトラン,機械,17.2,4.0,3,512,★☆☆☆☆,0.0,4.0,-1,10.8,0.0,0.0,0.0,0.0,0.0,0.0,0.0,,,0.0,-8.1,6.2,-9.6,2359,2694.0,0.7,0.1,1427,RS加速+10.8
3167,ＴＯＫＡＩホールディングス,卸売業,17.2,16.2,2,513,★☆☆☆☆,0.0,2.0,-1,-12.3,0.0,2.0,0.0,12.2,0.0,0.0,0.0,,,0.0,-0.2,1.5,6.3,1251,1289.0,2.1,0.3,325,MA上昇配列 / パーフェクトオーダー / 52週高値目前
6928,エノモト,電気機器,17.2,18.0,2,514,★☆☆☆☆,0.0,9.0,13,10.3,0.0,3.0,0.0,6.0,0.0,0.0,0.0,,,0.0,27.3,6.0,8.5,2660,3020.0,0.9,0.0,304,RS加速+10.3 / 資金流入増
8511,日本証券金融,その他金融業,17.2,17.2,1,515,★☆☆☆☆,0.0,4.0,-1,-4.2,0.0,1.0,0.0,12.2,0.0,0.0,0.0,,,0.0,-2.6,2.0,2.9,2436,2540.0,2.5,0.1,654,25MA上抜け3日目 / MA上昇配列 / パーフェクトオーダー / 52週高値目前
8053,住友商事,卸売業,17.2,17.2,1,516,★☆☆☆☆,0.0,9.0,29,-2.0,0.0,0.0,0.0,8.2,0.0,0.0,0.0,,,0.0,3.5,2.5,3.4,1681,1770.5,3.6,0.2,17933,高値圏かつ未過熱 / MA上昇配列 / パーフェクトオーダー
1407,ウエストホールディングス,建設業,17.2,17.2,1,517,★☆☆☆☆,0.0,10.0,0,-2.1,0.0,1.0,0.0,6.2,0.0,0.0,0.0,,,0.0,4.1,5.7,2.6,2422,2732.0,-2.7,0.4,1119,RS転換0日目 / 25MA上抜け2日目 / MA上昇配列 / パーフェクトオーダー
5269,日本コンクリート工業,ガラス・土石製品,17.2,17.2,1,518,★☆☆☆☆,0.0,3.5,35,-11.3,0.0,4.0,0.0,9.7,0.0,0.0,0.0,,,0.0,3.6,2.5,5.8,363,382.0,-0.5,0.5,104,資金流入増 / MA上昇配列 / パーフェクトオーダー
6517,デンヨー,電気機器,17.2,17.2,1,519,★☆☆☆☆,0.0,9.0,29,-7.9,0.0,1.0,0.0,7.2,0.0,0.0,0.0,,,0.0,5.6,2.4,2.7,3967,4170.0,2.3,0.4,276,高値圏かつ未過熱 / MA上昇配列 / パーフェクトオーダー
2492,インフォマート,サービス業,17.0,17.0,1,520,★☆☆☆☆,0.0,8.0,0,-6.8,0.0,2.0,0.0,10.0,0.0,0.0,-3.0,,,0.0,11.3,5.9,16.6,596,675.0,14.4,0.6,1950,RS転換0日目 / MA上昇配列 / パーフェクトオーダー / 伸びすぎ注意(25MA+17%)
7777,スリー・ディー・マトリックス,精密機器,17.0,17.0,1,521,★☆☆☆☆,0.0,9.0,13,10.1,0.0,2.0,0.0,6.0,0.0,0.0,0.0,,,0.0,12.1,4.1,5.0,339,369.0,2.8,0.6,488,RS加速+10.1
9072,ニッコンホールディングス,陸運業,17.0,17.0,1,522,★☆☆☆☆,0.0,8.0,8,-3.2,0.0,2.0,0.0,7.0,0.0,0.0,0.0,,,0.0,0.7,3.3,3.1,5111,5468.0,0.4,0.1,1100,RS転換8日目
6492,岡野バルブ製造,機械,17.0,17.0,1,523,★☆☆☆☆,0.0,10.0,2,20.2,0.0,2.0,0.0,5.0,0.0,0.0,0.0,,,0.0,12.5,6.1,1.5,12524,14270.0,3.2,0.1,292,RS転換2日目 / RS加速+20.2
7182,ゆうちょ銀行,銀行業,17.0,17.0,1,524,★☆☆☆☆,0.0,4.0,-1,7.8,0.0,1.0,0.0,12.0,0.0,0.0,0.0,,,0.0,-0.1,2.6,4.1,3173,3346.0,6.2,0.2,18876,RS加速+7.8 / MA上昇配列 / パーフェクトオーダー
9743,丹青社,サービス業,17.0,17.0,1,525,★☆☆☆☆,0.0,7.5,33,-9.0,0.0,2.0,0.0,7.5,0.0,0.0,0.0,,,0.0,2.2,1.5,4.7,1473,1518.0,1.3,0.2,593,高値圏かつ未過熱 / MA上昇配列 / RSI過熱(86)⚠
7752,リコー,電気機器,17.0,17.0,1,526,★☆☆☆☆,0.0,2.0,-1,-10.5,0.0,3.0,0.0,12.0,0.0,0.0,0.0,,,0.0,-4.7,2.1,4.3,1620,1691.0,3.0,0.2,4699,MA上昇配列 / パーフェクトオーダー
4109,ステラ　ケミファ,化学,17.0,17.0,1,527,★☆☆☆☆,0.0,10.0,2,5.8,0.0,2.0,0.0,5.0,0.0,0.0,0.0,,,0.0,3.2,2.9,1.6,5157,5470.0,-0.5,0.2,539,RS転換2日目 / RS加速+5.8
6245,ヒラノテクシード,機械,17.0,17.0,1,528,★☆☆☆☆,0.0,9.0,12,5.6,0.0,2.0,0.0,6.0,0.0,0.0,0.0,,,0.0,11.6,3.3,9.8,1753,1879.0,8.1,0.3,129,RS加速+5.6
6597,ＨＰＣシステムズ,電気機器,17.0,17.0,1,529,★☆☆☆☆,0.0,10.0,1,16.4,0.0,2.0,0.0,5.0,0.0,0.0,0.0,,,0.0,10.3,5.8,7.3,3237,3665.0,9.2,0.7,274,RS転換1日目 / RS加速+16.4
4933,Ｉ－ｎｅ,化学,17.0,17.0,1,530,★☆☆☆☆,0.0,5.0,29,-8.5,0.0,3.3,0.0,8.7,0.0,0.0,0.0,,,0.0,9.3,3.3,9.6,1393,1491.0,3.5,0.2,103,買い出来高優勢 / MA上昇配列 / パーフェクトオーダー
3107,ダイワボウホールディングス,卸売業,17.0,17.0,1,531,★☆☆☆☆,0.0,4.0,-1,-9.0,0.0,2.0,0.0,11.0,0.0,0.0,0.0,,,0.0,-3.9,2.2,2.3,3571,3738.0,3.3,0.2,924,25MA上抜け5日目 / MA上昇配列 / パーフェクトオーダー / 52週高値目前
1980,ダイダン,建設業,17.0,17.0,1,532,★☆☆☆☆,0.0,9.0,11,4.0,0.0,2.0,0.0,6.0,0.0,0.0,0.0,,,0.0,8.0,3.5,4.9,2581,2774.0,2.8,0.1,2052,RS加速+4.0
9039,サカイ引越センター,陸運業,17.0,17.0,1,533,★☆☆☆☆,0.0,4.0,-1,-13.0,0.0,1.0,0.0,12.0,0.0,0.0,0.0,,,0.0,-10.1,1.7,0.3,2877,2981.0,-1.6,0.4,245,25MA上抜け10日目 / MA上昇配列 / パーフェクトオーダー
3189,ＡＮＡＰホールディングス,小売業,17.0,17.0,1,534,★☆☆☆☆,0.0,5.0,15,-50.8,0.0,4.0,0.0,8.0,0.0,0.0,0.0,,,0.0,14.5,15.0,8.2,85,121.0,-25.8,1.6,158,資金流入増 / MA上昇配列
2270,雪印メグミルク,食料品,17.0,17.0,1,535,★☆☆☆☆,0.0,4.0,-1,-12.7,0.0,1.0,0.0,12.0,0.0,0.0,0.0,,,0.0,-13.2,1.8,0.3,3584,3720.0,1.4,0.2,681,25MA上抜け2日目 / MA上昇配列 / パーフェクトオーダー
5301,東海カーボン,ガラス・土石製品,17.0,17.0,1,536,★☆☆☆☆,0.0,14.0,1,-0.5,0.0,1.0,0.0,2.0,0.0,0.0,0.0,,,0.0,2.6,3.4,0.5,1573,1686.5,0.1,0.2,2925,RS転換1日目 / 25MA上抜け0日目 / 高値圏かつ未過熱
8233,高島屋,小売業,17.0,17.0,1,537,★☆☆☆☆,0.0,4.0,-1,-9.0,0.0,1.0,0.0,12.0,0.0,0.0,0.0,,,0.0,-2.7,2.6,3.7,2263,2389.0,1.1,0.7,3726,25MA上抜け6日目 / MA上昇配列 / パーフェクトオーダー
4406,新日本理化,化学,17.0,17.0,1,538,★☆☆☆☆,0.0,5.0,29,-3.2,0.0,5.3,0.0,6.7,0.0,0.0,0.0,,,0.0,19.3,4.5,10.6,231,254.0,3.7,0.1,118,買い出来高優勢 / 資金流入増 / MA上昇配列
4718,早稲田アカデミー,サービス業,17.0,17.0,1,539,★☆☆☆☆,0.0,4.0,-1,-9.8,0.0,2.0,0.0,11.0,0.0,0.0,0.0,,,0.0,-9.6,2.4,3.1,2398,2520.0,3.4,0.2,105,25MA上抜け6日目 / MA上昇配列 / パーフェクトオーダー
4691,ワシントンホテル,サービス業,17.0,17.0,1,540,★☆☆☆☆,0.0,10.0,3,10.6,0.0,1.0,0.0,6.0,0.0,0.0,0.0,,,0.0,10.8,4.7,8.7,2182,2406.0,5.8,0.3,160,RS転換3日目 / RS加速+10.6
6277,ホソカワミクロン,機械,17.0,17.0,1,541,★☆☆☆☆,0.0,7.0,28,-4.2,0.0,1.0,0.0,9.0,0.0,0.0,0.0,,,0.0,4.1,2.9,7.9,5260,5580.0,5.3,0.2,184,25MA上抜け6日目 / MA上昇配列
8132,シナネンホールディングス,卸売業,16.9,16.900000000000002,1,542,★☆☆☆☆,0.0,5.0,12,-20.5,0.0,5.3,0.0,4.5,0.0,2.1,0.0,,,0.0,6.4,6.4,5.1,6761,7760.0,-10.3,0.1,198,買い出来高優勢 / 資金流入増 / 開示[自己株式の取得](4日前)
6305,日立建機,機械,16.8,16.8,1,543,★☆☆☆☆,0.0,4.0,-1,-10.1,0.0,2.0,0.0,9.7,0.0,1.1,0.0,,,0.0,-5.3,3.2,2.7,5371,5735.0,1.6,0.3,14158,25MA上抜け6日目 / 資金流入増 / MA上昇配列 / パーフェクトオーダー / 開示[自己株式取得](9日前)
8139,ナガホリ,卸売業,16.8,16.8,1,544,★☆☆☆☆,0.0,8.0,8,-14.1,0.0,5.3,0.0,3.5,0.0,0.0,0.0,,,0.0,3.9,6.2,2.7,1984,2262.0,-5.6,0.1,155,RS転換8日目 / 買い出来高優勢 / 資金流入増
7912,大日本印刷,その他製品,16.7,5.5,2,545,★☆☆☆☆,0.0,0.0,-1,-4.6,0.0,1.0,0.0,4.5,0.0,0.0,0.0,,,0.0,-2.1,2.8,-0.5,2928,3104.0,-3.8,0.2,4497,-
4956,コニシ,化学,16.7,16.7,1,546,★☆☆☆☆,0.0,4.0,-1,-6.0,0.0,2.0,0.0,10.7,0.0,0.0,0.0,,,0.0,-5.1,1.8,1.7,1421,1474.0,2.4,0.1,120,25MA上抜け2日目 / MA上昇配列 / パーフェクトオーダー
6905,コーセル,電気機器,16.7,16.7,1,547,★☆☆☆☆,0.0,10.0,1,-1.0,0.0,2.0,0.0,4.7,0.0,0.0,0.0,,,0.0,1.9,2.3,1.7,1273,1335.0,1.2,0.1,205,RS転換1日目 / 25MA上抜け1日目
6838,多摩川ホールディングス,電気機器,16.7,16.7,1,548,★☆☆☆☆,0.0,11.0,12,12.8,0.0,2.0,0.0,3.7,0.0,0.0,0.0,,,0.0,13.7,4.7,4.1,1342,1483.0,5.3,0.3,289,RS加速+12.8 / 25MA上抜け2日目
1942,関電工,建設業,16.6,16.6,1,549,★☆☆☆☆,0.0,2.0,-1,2.2,11.9,0.0,0.0,2.7,0.0,0.0,0.0,,,0.0,-8.1,2.7,-1.2,5171,5468.0,2.5,0.1,6699,AIデータセンター・電力(+3.0%)
4970,東洋合成工業,化学,16.6,11.5,3,550,★☆☆☆☆,5.0,4.0,-1,17.7,0.0,1.0,0.0,1.5,0.0,0.0,0.0,,SOX指数,-0.8,-7.9,7.0,-8.2,9986,11610.0,1.9,0.4,1320,RS加速+17.7 / SOX指数+4.0%連動(β0.31) 実反応+2.0%
4393,バンク・オブ・イノベーション,情報・通信業,16.5,16.5,1,551,★☆☆☆☆,0.0,7.5,32,5.2,0.0,5.3,0.0,6.7,0.0,0.0,-3.0,,,0.0,20.4,4.5,18.7,5596,6150.0,13.5,1.3,256,RS加速+5.2 / 買い出来高優勢 / MA上昇配列 / 伸びすぎ注意(25MA+19%)
6140,旭ダイヤモンド工業,機械,16.5,16.5,1,552,★☆☆☆☆,0.0,11.0,16,4.9,0.0,2.0,0.0,3.5,0.0,0.0,0.0,,,0.0,8.9,4.0,3.5,1136,1234.0,4.1,0.3,873,RS加速+4.9 / 25MA上抜け3日目
6750,エレコム,電気機器,16.5,16.5,1,553,★☆☆☆☆,0.0,2.0,-1,-11.4,0.0,1.0,0.0,13.5,0.0,0.0,0.0,,,0.0,-4.3,2.6,3.6,1873,1978.0,2.1,0.2,420,MA上昇配列 / パーフェクトオーダー / 52週高値目前
2004,昭和産業,食料品,16.5,16.5,1,554,★☆☆☆☆,0.0,2.0,-1,-14.3,0.0,1.0,0.0,13.5,0.0,0.0,0.0,,,0.0,-5.2,1.6,3.1,3603,3720.0,-0.7,0.4,178,MA上昇配列 / パーフェクトオーダー / 52週高値目前
2053,中部飼料,食料品,16.5,16.5,1,555,★☆☆☆☆,0.0,2.0,-1,-9.9,0.0,1.0,0.0,13.5,0.0,0.0,0.0,,,0.0,-6.0,1.7,1.6,1930,1998.0,-1.6,0.3,118,MA上昇配列 / パーフェクトオーダー / 52週高値目前
5010,日本精蝋,石油・石炭製品,16.5,16.5,1,556,★☆☆☆☆,0.0,3.5,35,-16.8,0.0,3.0,0.0,10.0,0.0,0.0,0.0,,,0.0,16.7,6.7,9.0,251,290.0,-7.9,0.1,139,資金流入増 / MA上昇配列 / パーフェクトオーダー / 開示[業績予想の修正](14日前)
4689,ＬＩＮＥヤフー,情報・通信業,16.5,16.5,1,557,★☆☆☆☆,0.0,3.5,36,-7.6,0.0,4.3,0.0,8.7,0.0,0.0,0.0,,,0.0,13.2,2.7,12.8,525,554.4000244140625,5.5,0.3,10329,買い出来高優勢 / MA上昇配列 / パーフェクトオーダー
3402,東レ,繊維製品,16.5,16.5,1,558,★☆☆☆☆,0.0,7.5,31,-7.2,0.0,2.0,0.0,7.0,0.0,0.0,0.0,,,0.0,3.5,2.4,2.1,1224,1285.5,-1.0,0.2,7136,高値圏かつ未過熱 / MA上昇配列 / パーフェクトオーダー
6250,やまびこ,機械,16.5,16.5,1,559,★☆☆☆☆,0.0,7.5,36,-2.9,0.0,2.0,0.0,7.0,0.0,0.0,0.0,,,0.0,3.5,2.8,3.0,3986,4220.0,4.3,0.3,446,高値圏かつ未過熱 / MA上昇配列 / パーフェクトオーダー
3778,さくらインターネット,情報・通信業,16.5,16.5,1,560,★☆☆☆☆,0.0,9.0,26,5.5,0.0,3.0,0.0,7.5,0.0,0.0,-3.0,,,0.0,29.0,6.7,15.4,3456,3995.0,11.9,0.7,5646,RS加速+5.5 / MA上昇配列 / パーフェクトオーダー / 伸びすぎ注意(25MA+15%)
2815,アリアケジャパン,食料品,16.5,16.5,1,561,★☆☆☆☆,0.0,4.0,-1,-13.9,0.0,2.0,0.0,9.0,0.0,1.5,0.0,,,0.0,-10.0,1.5,1.5,5296,5460.0,1.7,0.2,429,25MA上抜け6日目 / MA上昇配列 / 開示[自己株式の取得](7日前)
4272,日本化薬,化学,16.5,16.5,1,562,★☆☆☆☆,0.0,9.0,28,-3.6,0.0,2.0,0.0,5.5,0.0,0.0,0.0,,,0.0,1.9,1.8,2.3,2010,2085.0,0.0,0.2,1131,高値圏かつ未過熱
3087,ドトール・日レスホールディングス,小売業,16.5,16.5,1,563,★☆☆☆☆,0.0,2.0,-1,-12.0,0.0,2.0,0.0,12.5,0.0,0.0,0.0,,,0.0,-4.1,1.9,6.1,3269,3395.0,4.1,0.3,424,MA上昇配列 / パーフェクトオーダー / 52週高値ブレイク! / RSI過熱(86)⚠
8173,Ｊｏｓｈｉｎ,小売業,16.5,16.5,1,564,★☆☆☆☆,0.0,2.0,-1,-17.7,0.0,1.0,0.0,13.5,0.0,0.0,0.0,,,0.0,-0.4,2.9,4.8,4054,4305.0,0.2,0.4,590,MA上昇配列 / パーフェクトオーダー / 52週高値目前
3895,ハビックス,パルプ・紙,16.5,16.5,1,565,★☆☆☆☆,0.0,5.0,29,-11.7,0.0,4.0,0.0,7.5,0.0,0.0,0.0,,,0.0,11.6,7.3,6.9,412,482.0,-3.2,0.0,129,資金流入増 / MA上昇配列 / パーフェクトオーダー
3994,マネーフォワード,情報・通信業,16.4,15.8,2,566,★☆☆☆☆,0.0,3.5,39,-0.3,0.0,5.3,0.0,10.0,0.0,0.0,-3.0,,,0.0,19.6,6.1,17.8,6007,6837.0,12.1,1.2,3235,買い出来高優勢 / MA上昇配列 / パーフェクトオーダー / 伸びすぎ注意(25MA+18%)
6481,ＴＨＫ,機械,16.3,11.0,3,567,★☆☆☆☆,0.0,10.0,2,5.4,0.0,0.0,0.0,1.0,0.0,0.0,0.0,,,0.0,2.9,4.1,-2.8,6201,6753.0,-2.6,0.1,8861,RS転換2日目 / RS加速+5.4
6418,日本金銭機械,機械,16.3,16.3,1,568,★☆☆☆☆,0.0,3.5,36,-10.7,0.0,4.3,0.0,8.5,0.0,0.0,0.0,,,0.0,4.4,3.0,5.0,1176,1252.0,1.4,0.1,209,買い出来高優勢 / MA上昇配列 / パーフェクトオーダー
2613,Ｊ－オイルミルズ,食料品,16.3,16.3,1,569,★☆☆☆☆,0.0,2.0,-1,-10.1,0.0,3.3,0.0,11.0,0.0,0.0,0.0,,,0.0,-2.1,1.6,5.7,2187,2260.0,1.5,0.4,167,買い出来高優勢 / MA上昇配列 / パーフェクトオーダー / 52週高値目前 / RSI過熱(91)⚠
3443,川田テクノロジーズ,金属製品,16.3,16.3,1,570,★☆☆☆☆,0.0,5.0,14,-6.6,0.0,3.3,0.0,8.0,0.0,0.0,0.0,,,0.0,1.2,2.7,4.2,1334,1410.0,0.6,0.3,399,買い出来高優勢 / MA上昇配列
4259,エクサウィザーズ,情報・通信業,16.3,16.3,1,571,★☆☆☆☆,0.0,10.0,0,4.0,0.0,2.0,0.0,3.7,0.0,0.6,0.0,,,0.0,6.3,5.9,8.6,756,856.0,6.5,0.7,1315,RS転換0日目 / RS加速+4.0 / 開示[AI](8日前)
4665,ダスキン,サービス業,16.2,16.2,1,572,★☆☆☆☆,0.0,2.0,-1,-13.2,0.0,2.0,0.0,12.2,0.0,0.0,0.0,,,0.0,-6.8,1.9,2.6,4486,4664.0,-0.6,0.2,523,MA上昇配列 / パーフェクトオーダー / 52週高値目前
5367,ニッカトー,ガラス・土石製品,16.2,16.2,1,573,★☆☆☆☆,0.0,14.0,3,15.4,0.0,0.0,0.0,2.2,0.0,0.0,0.0,,,0.0,13.4,4.6,0.4,1101,1212.0,-1.5,0.1,506,RS転換3日目 / RS加速+15.4 / 25MA上抜け3日目
6432,竹内製作所,機械,16.2,16.2,1,574,★☆☆☆☆,0.0,4.0,-1,-0.3,0.0,0.0,0.0,12.2,0.0,0.0,0.0,,,0.0,-2.7,2.6,2.3,7230,7630.0,5.0,0.4,1625,25MA上抜け4日目 / MA上昇配列 / パーフェクトオーダー / 52週高値目前
7717,ブイ・テクノロジー,精密機器,16.2,13.7,2,575,★☆☆☆☆,0.0,10.0,1,20.2,0.0,1.0,0.0,2.7,0.0,0.0,0.0,,,0.0,2.9,5.3,-1.2,4956,5540.0,2.2,0.2,1382,RS転換1日目 / RS加速+20.2
5821,平河ヒューテック,非鉄金属,16.2,16.2,1,576,★☆☆☆☆,0.0,12.0,0,0.6,0.0,2.0,0.0,2.2,0.0,0.0,0.0,,,0.0,4.1,3.5,1.5,3094,3330.0,4.1,0.2,245,RS転換0日目 / 25MA上抜け0日目
9962,ミスミグループ本社,卸売業,16.2,16.2,1,577,★☆☆☆☆,0.0,10.0,0,3.1,0.0,0.0,0.0,6.2,0.0,0.0,0.0,,,0.0,0.4,3.1,1.0,3524,3761.0,4.0,0.3,6501,RS転換0日目 / RS加速+3.1 / MA上昇配列 / パーフェクトオーダー
6349,小森コーポレーション,機械,16.2,16.2,1,578,★☆☆☆☆,0.0,2.0,-1,-23.2,0.0,3.0,0.0,11.2,0.0,0.0,0.0,,,0.0,-1.4,1.8,8.1,1981,2055.0,1.5,0.1,439,MA上昇配列 / パーフェクトオーダー / 52週高値ブレイク!
7716,ナカニシ,精密機器,16.1,16.099999999999998,1,579,★☆☆☆☆,0.0,4.0,-1,-1.1,0.0,3.0,0.0,8.2,0.0,0.9,0.0,,,0.0,-1.1,3.4,1.4,2977,3195.0,5.4,0.2,891,25MA上抜け3日目 / MA上昇配列 / パーフェクトオーダー / 開示[自己株式の取得](10日前)
7180,九州フィナンシャルグループ,銀行業,16.0,16.0,1,580,★☆☆☆☆,0.0,4.0,-1,3.4,0.0,0.0,0.0,12.0,0.0,0.0,0.0,,,0.0,-2.1,2.5,2.6,1486,1565.5,3.9,0.3,1724,RS加速+3.4 / MA上昇配列 / パーフェクトオーダー
4165,プレイド,情報・通信業,16.0,16.0,1,581,★☆☆☆☆,0.0,8.0,10,-15.7,0.0,3.0,0.0,8.0,0.0,0.0,-3.0,,,0.0,17.6,5.1,15.7,662,737.0,0.4,0.7,353,RS転換10日目 / MA上昇配列 / 伸びすぎ注意(25MA+16%)
7186,横浜フィナンシャルグループ,銀行業,16.0,16.0,1,582,★☆☆☆☆,0.0,4.0,-1,-0.6,0.0,0.0,0.0,12.0,0.0,0.0,0.0,,,0.0,-3.0,2.4,2.4,1840,1931.0,2.6,0.3,6730,25MA上抜け3日目 / MA上昇配列 / パーフェクトオーダー
7282,豊田合成,輸送用機器,16.0,16.0,1,583,★☆☆☆☆,0.0,4.0,-1,-10.7,0.0,0.0,0.0,12.0,0.0,0.0,0.0,,,0.0,-5.4,2.4,2.6,5117,5377.0,0.7,0.2,2741,25MA上抜け6日目 / MA上昇配列 / パーフェクトオーダー
4587,ペプチドリーム,医薬品,16.0,16.0,1,584,★☆☆☆☆,0.0,8.0,8,-6.5,0.0,2.0,0.0,6.0,0.0,0.0,0.0,,,0.0,11.1,4.4,9.8,1015,1113.5,-0.1,0.2,1090,RS転換8日目
8818,京阪神ビルディング,不動産業,16.0,16.0,1,585,★☆☆☆☆,0.0,4.0,-1,-8.4,0.0,0.0,0.0,12.0,0.0,0.0,0.0,,,0.0,-6.7,2.0,2.9,1087,1133.0,1.3,0.4,392,25MA上抜け6日目 / MA上昇配列 / パーフェクトオーダー
8214,ＡＯＫＩホールディングス,小売業,16.0,16.0,1,586,★☆☆☆☆,0.0,4.0,-1,-11.8,0.0,2.0,0.0,10.0,0.0,0.0,0.0,,,0.0,-8.0,1.7,1.9,1704,1763.0,1.5,0.3,304,25MA上抜け6日目 / MA上昇配列
6630,ヤーマン,電気機器,16.0,16.0,1,587,★☆☆☆☆,0.0,2.0,-1,-15.3,0.0,4.0,0.0,10.0,0.0,0.0,0.0,,,0.0,-2.1,2.6,3.4,762,804.0,-3.5,0.4,102,資金流入増 / MA上昇配列 / パーフェクトオーダー
4506,住友ファーマ,医薬品,16.0,16.0,1,588,★☆☆☆☆,0.0,8.0,8,-4.2,0.0,2.0,0.0,6.0,0.0,0.0,0.0,,,0.0,6.2,3.4,9.2,1370,1470.0,4.1,0.2,4854,RS転換8日目
219A,Ｈｅａｒｔｓｅｅｄ,医薬品,16.0,16.0,1,589,★☆☆☆☆,0.0,9.0,28,18.6,0.0,5.3,0.0,6.7,0.0,0.0,-5.0,,,0.0,48.0,5.8,29.7,2247,2545.0,14.2,1.3,764,RS加速+18.6 / 買い出来高優勢 / MA上昇配列 / 過熱⚠25MA+30%
590A,ギフティグループ,情報・通信業,16.0,16.0,1,590,★☆☆☆☆,0.0,5.0,29,-17.4,0.0,3.0,0.0,8.0,0.0,0.0,0.0,,,0.0,22.0,5.6,13.4,1194,1345.0,-3.4,0.3,411,MA上昇配列 / 開示[子会社化](14日前) / 開示[自己株式取得](14日前)
9503,関西電力,電気・ガス業,16.0,16.0,1,591,★☆☆☆☆,0.0,4.0,-1,-13.9,0.0,2.0,0.0,10.0,0.0,0.0,0.0,,,0.0,-2.8,2.4,4.9,2451,2572.0,-1.5,0.2,8232,25MA上抜け6日目 / MA上昇配列
1961,三機工業,建設業,16.0,16.0,1,592,★☆☆☆☆,0.0,10.0,1,4.5,0.0,1.0,0.0,5.0,0.0,0.0,0.0,,,0.0,1.7,3.3,2.2,2276,2436.0,3.2,0.2,1747,RS転換1日目 / RS加速+4.5
2001,ニップン,食料品,16.0,16.0,1,593,★☆☆☆☆,0.0,2.0,-1,-14.8,0.0,2.0,0.0,12.0,0.0,0.0,0.0,,,0.0,-8.6,1.4,0.7,2810,2889.0,-2.1,0.1,492,MA上昇配列 / パーフェクトオーダー
9468,ＫＡＤＯＫＡＷＡ,情報・通信業,16.0,16.0,1,594,★☆☆☆☆,0.0,4.0,-1,-4.2,0.0,1.0,0.0,11.0,0.0,0.0,0.0,,,0.0,-3.3,2.5,5.0,3552,3739.0,6.0,0.2,1659,25MA上抜け4日目 / MA上昇配列 / パーフェクトオーダー
3222,ユナイテッド・スーパーマーケット・ホールディングス,小売業,16.0,16.0,1,595,★☆☆☆☆,0.0,4.0,-1,-15.8,0.0,4.0,0.0,8.0,0.0,0.0,0.0,,,0.0,-10.2,1.8,0.8,792,822.0,-1.9,1.7,689,25MA上抜け8日目 / 資金流入増 / MA上昇配列
7751,キヤノン,電気機器,16.0,16.0,1,596,★☆☆☆☆,0.0,4.0,-1,-6.7,0.0,2.0,0.0,8.7,0.0,1.3,0.0,,,0.0,-4.7,1.5,2.8,4550,4693.0,2.2,0.3,15875,25MA上抜け5日目 / MA上昇配列 / 開示[自己株式の取得](8日前)
5943,ノーリツ,金属製品,16.0,16.0,1,597,★☆☆☆☆,0.0,2.0,-1,-12.3,0.0,2.0,0.0,12.0,0.0,0.0,0.0,,,0.0,-7.5,1.5,1.7,2361,2436.0,0.4,0.4,198,MA上昇配列 / パーフェクトオーダー
4593,ヘリオス,医薬品,16.0,16.0,1,598,★☆☆☆☆,0.0,12.0,8,24.6,0.0,1.0,0.0,6.0,0.0,0.0,-3.0,,,0.0,31.5,6.0,18.5,268,305.0,13.0,0.8,515,RS転換8日目 / RS加速+24.6 / 伸びすぎ注意(25MA+19%)
3762,テクマトリックス,情報・通信業,16.0,16.0,1,599,★☆☆☆☆,0.0,7.5,33,-20.2,0.0,1.0,0.0,7.5,0.0,0.0,0.0,,,0.0,8.5,2.6,7.5,2304,2430.0,1.8,0.3,618,高値圏かつ未過熱 / MA上昇配列
2325,ＮＪＳ,サービス業,16.0,16.0,1,600,★☆☆☆☆,0.0,8.0,0,-10.8,0.0,3.3,0.0,4.7,0.0,0.0,0.0,,,0.0,0.4,2.7,6.9,4670,4935.0,2.3,0.5,145,RS転換0日目 / 買い出来高優勢
2433,博報堂ＤＹホールディングス,サービス業,16.0,16.0,1,601,★☆☆☆☆,0.0,4.0,-1,-17.1,0.0,2.0,0.0,10.0,0.0,0.0,0.0,,,0.0,-9.3,2.6,4.8,1285,1354.0,3.6,0.3,1159,25MA上抜け10日目 / MA上昇配列 / パーフェクトオーダー
6653,正興電機製作所,電気機器,16.0,16.0,1,602,★☆☆☆☆,0.0,10.0,1,7.8,0.0,0.0,0.0,6.0,0.0,0.0,0.0,,,0.0,4.2,2.9,3.4,2139,2270.0,6.0,0.4,222,RS転換1日目 / RS加速+7.8
3151,バイタルケーエスケー・ホールディングス,卸売業,16.0,16.0,1,603,★☆☆☆☆,0.0,4.0,-1,-13.2,0.0,0.0,0.0,12.0,0.0,0.0,0.0,,,0.0,-11.2,1.8,0.6,1590,1648.0,-1.4,0.2,130,25MA上抜け6日目 / MA上昇配列 / パーフェクトオーダー
6638,ミマキエンジニアリング,電気機器,16.0,16.0,1,604,★☆☆☆☆,0.0,4.0,-1,3.8,0.0,2.0,0.0,10.0,0.0,0.0,0.0,,,0.0,-10.3,3.5,0.3,1893,2033.0,7.9,0.1,246,RS加速+3.8 / MA上昇配列 / パーフェクトオーダー
5724,アサカ理研,非鉄金属,16.0,16.0,1,605,★☆☆☆☆,0.0,9.0,15,29.8,0.0,5.3,0.0,6.7,0.0,0.0,-5.0,,,0.0,48.7,8.3,25.1,2845,3410.0,20.3,0.9,650,RS加速+29.8 / 買い出来高優勢 / 資金流入増 / MA上昇配列 / 過熱⚠25MA+25%
8923,トーセイ,不動産業,16.0,16.0,1,606,★☆☆☆☆,0.0,4.0,-1,-13.5,0.0,0.0,0.0,12.0,0.0,0.0,0.0,,,0.0,-9.4,1.7,1.5,1753,1815.0,-0.8,0.2,295,25MA上抜け6日目 / MA上昇配列 / パーフェクトオーダー
8803,平和不動産,不動産業,16.0,16.0,1,607,★☆☆☆☆,0.0,4.0,-1,-10.7,0.0,0.0,0.0,12.0,0.0,0.0,0.0,,,0.0,-8.6,1.0,1.3,2343,2393.0,0.1,0.2,416,25MA上抜け6日目 / MA上昇配列 / パーフェクトオーダー
8892,エスコン,不動産業,16.0,16.0,1,608,★☆☆☆☆,0.0,4.0,-1,-8.5,0.0,0.0,0.0,12.0,0.0,0.0,0.0,,,0.0,-4.4,1.5,1.5,1087,1121.0,-1.7,0.4,197,25MA上抜け6日目 / MA上昇配列 / パーフェクトオーダー
5707,東邦亜鉛,非鉄金属,16.0,16.0,1,609,★☆☆☆☆,0.0,7.0,26,1.5,0.0,4.0,0.0,8.0,0.0,0.0,-3.0,,,0.0,37.9,8.1,17.1,993,1184.0,3.4,0.6,1239,資金流入増 / MA上昇配列 / 伸びすぎ注意(25MA+17%)
3663,セルシス,情報・通信業,16.0,16.0,1,610,★☆☆☆☆,0.0,4.0,-1,-8.6,0.0,0.0,0.0,12.0,0.0,0.0,0.0,,,0.0,-6.7,3.7,6.7,1840,1986.0,5.6,0.3,475,25MA上抜け6日目 / MA上昇配列 / パーフェクトオーダー
6027,弁護士ドットコム,サービス業,16.0,16.0,1,611,★☆☆☆☆,0.0,9.0,14,12.6,0.0,5.3,0.0,6.7,0.0,0.0,-5.0,,,0.0,113.6,9.0,56.8,4225,5150.0,15.1,0.8,1834,RS加速+12.6 / 買い出来高優勢 / 資金流入増 / MA上昇配列 / 過熱⚠25MA+57%
5331,ノリタケ,ガラス・土石製品,16.0,16.0,1,612,★☆☆☆☆,0.0,9.0,16,6.6,0.0,1.0,0.0,6.0,0.0,0.0,0.0,,,0.0,9.4,4.1,2.8,3390,3695.0,2.8,0.1,1098,RS加速+6.6
6770,アルプスアルパイン,電気機器,16.0,16.0,1,613,★☆☆☆☆,0.0,4.0,-1,-9.8,0.0,0.0,0.0,12.0,0.0,0.0,0.0,,,0.0,-7.5,2.5,3.2,2134,2248.0,2.5,0.2,3195,25MA上抜け6日目 / MA上昇配列 / パーフェクトオーダー
9842,アークランズ,小売業,16.0,8.7,2,614,★☆☆☆☆,0.0,0.0,-1,-18.6,0.0,6.7,0.0,2.0,0.0,0.0,0.0,,,0.0,-15.7,1.4,-3.9,1766,1815.0,-4.5,3.6,815,出来高急増3.6倍 / 資金流入増
8142,トーホー,卸売業,16.0,16.0,1,615,★☆☆☆☆,0.0,2.0,-1,-15.0,0.0,2.0,0.0,12.0,0.0,0.0,0.0,,,0.0,-5.3,1.6,1.9,1369,1415.0,-1.5,0.2,158,MA上昇配列 / パーフェクトオーダー
6436,アマノ,機械,16.0,16.0,1,616,★☆☆☆☆,0.0,4.0,-1,-7.1,0.0,2.0,0.0,10.0,0.0,0.0,0.0,,,0.0,-6.1,1.4,2.1,3863,3977.0,2.9,0.2,962,25MA上抜け4日目 / MA上昇配列
6800,ヨコオ,電気機器,16.0,12.7,2,617,★☆☆☆☆,0.0,10.0,1,21.3,0.0,0.0,0.0,2.7,0.0,0.0,0.0,,,0.0,5.3,5.4,-0.6,3596,4030.0,4.7,0.2,886,RS転換1日目 / RS加速+21.3
7914,共同印刷,その他製品,16.0,16.0,1,618,★☆☆☆☆,0.0,2.0,-1,-10.5,0.0,3.0,0.0,11.0,0.0,0.0,0.0,,,0.0,-1.5,1.9,3.2,1684,1749.0,-1.2,0.2,139,MA上昇配列 / パーフェクトオーダー / 52週高値目前
8167,リテールパートナーズ,小売業,16.0,16.0,1,619,★☆☆☆☆,0.0,2.0,-1,-13.8,0.0,4.0,0.0,8.5,0.0,1.5,0.0,,,0.0,-5.2,2.5,2.7,1350,1422.0,0.5,1.4,336,資金流入増 / MA上昇配列 / パーフェクトオーダー / 開示[自己株式の取得](7日前)
8244,近鉄百貨店,小売業,15.8,15.8,1,620,★☆☆☆☆,0.0,2.0,-1,-8.7,0.0,6.3,0.0,7.5,0.0,0.0,0.0,,,0.0,-2.0,1.5,6.7,1947,2006.0,4.4,1.9,148,買い出来高優勢 / MA上昇配列 / パーフェクトオーダー / RSI過熱(95)⚠
8052,椿本興業,卸売業,15.7,15.7,1,621,★☆☆☆☆,0.0,4.0,-1,-4.7,0.0,3.0,0.0,8.7,0.0,0.0,0.0,,,0.0,-6.3,1.5,4.4,2837,2925.0,4.2,1.0,127,25MA上抜け5日目 / MA上昇配列
9310,日本トランスシティ,倉庫・運輸関連業,15.7,15.7,1,622,★☆☆☆☆,0.0,4.0,-1,-18.8,0.0,2.0,0.0,8.2,0.0,1.5,0.0,,,0.0,-7.2,3.4,0.7,1300,1396.0,-0.5,0.3,189,25MA上抜け2日目 / MA上昇配列 / パーフェクトオーダー / 開示[自己株式の取得](7日前)
5020,ＥＮＥＯＳホールディングス,石油・石炭製品,15.7,15.7,1,623,★☆☆☆☆,0.0,4.0,-1,-6.3,0.0,2.0,0.0,9.7,0.0,0.0,0.0,,,0.0,-6.1,2.7,1.3,1254,1325.0,-0.5,0.2,9224,25MA上抜け6日目 / MA上昇配列 / パーフェクトオーダー
4221,大倉工業,化学,15.7,15.7,1,624,★☆☆☆☆,0.0,7.5,36,-8.6,0.0,0.0,0.0,8.2,0.0,0.0,0.0,,,0.0,3.1,2.2,1.6,5367,5610.0,-1.2,0.1,239,高値圏かつ未過熱 / MA上昇配列 / パーフェクトオーダー
8088,岩谷産業,卸売業,15.7,15.7,1,625,★☆☆☆☆,0.0,7.5,36,-8.8,0.0,1.0,0.0,7.2,0.0,0.0,0.0,,,0.0,0.8,2.2,4.3,2125,2225.0,2.2,0.3,1814,高値圏かつ未過熱 / MA上昇配列 / パーフェクトオーダー
3148,クリエイトＳＤホールディングス,小売業,15.7,15.7,1,626,★☆☆☆☆,0.0,4.0,-1,-15.0,0.0,1.0,0.0,10.7,0.0,0.0,0.0,,,0.0,-10.9,1.4,0.6,3291,3385.0,-1.0,0.1,277,25MA上抜け9日目 / MA上昇配列 / パーフェクトオーダー
6282,オイレス工業,機械,15.7,15.7,1,627,★☆☆☆☆,0.0,4.0,-1,-8.6,0.0,2.0,0.0,9.7,0.0,0.0,0.0,,,0.0,-4.3,1.4,1.1,2848,2928.0,1.2,0.6,212,25MA上抜け6日目 / MA上昇配列 / パーフェクトオーダー / 52週高値目前
3101,東洋紡,化学,15.7,15.7,1,628,★☆☆☆☆,0.0,10.0,3,6.4,0.0,0.0,0.0,5.7,0.0,0.0,0.0,,,0.0,4.1,3.0,2.1,1540,1638.0,0.6,0.2,1156,RS転換3日目 / RS加速+6.4
7236,ティラド,輸送用機器,15.7,15.7,1,629,★☆☆☆☆,0.0,4.0,-1,-5.3,0.0,1.0,0.0,10.7,0.0,0.0,0.0,,,0.0,-2.2,2.8,1.7,1471,1557.0,-0.2,0.2,563,25MA上抜け6日目 / MA上昇配列 / パーフェクトオーダー
9037,ハマキョウレックス,陸運業,15.7,15.7,1,630,★☆☆☆☆,0.0,2.0,-1,-11.1,0.0,3.0,0.0,10.7,0.0,0.0,0.0,,,0.0,-6.9,1.7,0.7,1793,1857.0,-0.1,0.1,270,MA上昇配列 / パーフェクトオーダー
9130,共栄タンカー,海運業,15.5,15.5,1,631,★☆☆☆☆,0.0,3.5,36,-4.9,0.0,2.0,0.0,10.0,0.0,0.0,0.0,,,0.0,9.1,4.6,6.7,1485,1635.0,-2.9,0.4,117,資金流入増 / MA上昇配列 / パーフェクトオーダー
3660,アイスタイル,情報・通信業,15.5,15.5,1,632,★☆☆☆☆,0.0,3.5,33,-13.6,0.0,4.0,0.0,8.0,0.0,0.0,0.0,,,0.0,16.4,4.9,13.3,487,540.0,1.3,0.5,931,資金流入増 / MA上昇配列
7267,本田技研工業,輸送用機器,15.5,11.2,2,633,★☆☆☆☆,0.0,2.0,-1,-19.0,0.0,1.0,0.0,8.2,0.0,0.0,0.0,,,0.0,-6.4,2.9,1.9,1593,1691.5,-3.5,0.3,29252,MA上昇配列 / パーフェクトオーダー
5161,西川ゴム工業,ゴム製品,15.5,15.5,1,634,★☆☆☆☆,0.0,3.5,32,-6.3,0.0,3.0,0.0,9.0,0.0,0.0,0.0,,,0.0,6.3,2.2,8.7,3564,3730.0,5.1,0.3,444,MA上昇配列
4483,ＪＭＤＣ,情報・通信業,15.5,15.5,1,635,★☆☆☆☆,0.0,8.0,0,-3.3,0.0,2.0,0.0,5.5,0.0,0.0,0.0,,,0.0,0.9,3.5,4.3,3234,3475.0,3.3,0.2,1158,RS転換0日目 / MA上昇配列
4480,メドレー,情報・通信業,15.5,15.5,1,636,★☆☆☆☆,0.0,3.5,32,-21.1,0.0,5.3,0.0,6.7,0.0,0.0,0.0,,,0.0,22.1,5.5,14.8,2438,2741.0,-4.3,0.5,1026,買い出来高優勢 / 資金流入増 / MA上昇配列
9303,住友倉庫,倉庫・運輸関連業,15.5,15.5,1,637,★☆☆☆☆,0.0,2.0,-1,-11.1,0.0,0.0,0.0,13.5,0.0,0.0,0.0,,,0.0,-5.5,1.7,2.9,4076,4220.0,1.4,0.3,437,MA上昇配列 / パーフェクトオーダー / 52週高値目前
7278,エクセディ,輸送用機器,15.5,15.5,1,638,★☆☆☆☆,0.0,2.0,-1,-11.0,0.0,0.0,0.0,13.5,0.0,0.0,0.0,,,0.0,-7.6,1.3,1.1,5984,6150.0,-0.3,0.5,1124,MA上昇配列 / パーフェクトオーダー / 52週高値目前
7033,マネジメントソリューションズ,サービス業,15.5,15.5,1,639,★☆☆☆☆,0.0,3.5,32,-16.5,0.0,3.3,0.0,8.7,0.0,0.0,0.0,,,0.0,8.7,3.4,11.1,1583,1698.0,-0.5,0.2,181,買い出来高優勢 / MA上昇配列 / パーフェクトオーダー
6080,Ｍ＆Ａキャピタルパートナーズ,サービス業,15.5,15.5,1,640,★☆☆☆☆,0.0,3.5,33,-7.4,0.0,2.0,0.0,10.0,0.0,0.0,0.0,,,0.0,3.8,2.1,5.9,4077,4260.0,3.1,0.2,512,MA上昇配列 / パーフェクトオーダー
3950,ザ・パック,パルプ・紙,15.5,15.5,1,641,★☆☆☆☆,0.0,2.0,-1,-9.5,0.0,0.0,0.0,13.5,0.0,0.0,0.0,,,0.0,-5.2,1.8,3.0,1459,1515.0,0.4,0.1,165,MA上昇配列 / パーフェクトオーダー / 52週高値目前
2429,ワールドホールディングス,サービス業,15.5,15.5,1,642,★☆☆☆☆,0.0,2.0,-1,-8.3,0.0,2.0,0.0,11.5,0.0,0.0,0.0,,,0.0,-2.5,2.1,3.8,2728,2845.0,-0.7,0.2,141,MA上昇配列 / 52週高値目前
7240,ＮＯＫ,輸送用機器,15.5,15.5,1,643,★☆☆☆☆,0.0,4.0,-1,-6.5,0.0,2.0,0.0,9.5,0.0,0.0,0.0,,,0.0,-5.8,1.6,1.2,2968,3065.0,1.8,0.2,797,25MA上抜け2日目 / MA上昇配列 / パーフェクトオーダー
4776,サイボウズ,情報・通信業,15.5,15.5,1,644,★☆☆☆☆,0.0,3.5,37,-12.3,0.0,4.0,0.0,11.0,0.0,0.0,-3.0,,,0.0,13.2,3.9,16.6,3064,3325.0,7.6,1.8,846,MA上昇配列 / パーフェクトオーダー / 伸びすぎ注意(25MA+17%)
6814,古野電気,電気機器,15.5,15.5,1,645,★☆☆☆☆,0.0,8.0,1,-0.4,0.0,3.3,0.0,4.2,0.0,0.0,0.0,,,0.0,3.4,3.4,2.9,7215,7750.0,3.4,0.3,2279,RS転換1日目 / 買い出来高優勢 / MA上昇配列
8185,チヨダ,小売業,15.3,15.3,1,646,★☆☆☆☆,0.0,2.0,-1,-12.6,0.0,5.3,0.0,8.0,0.0,0.0,0.0,,,0.0,-4.8,1.1,1.2,991,1014.0,-2.0,2.0,175,出来高増2.0倍 / MA上昇配列
4396,システムサポートホールディングス,情報・通信業,15.3,15.3,1,647,★☆☆☆☆,0.0,3.5,39,-15.2,0.0,5.3,0.0,6.5,0.0,0.0,0.0,,,0.0,13.7,4.4,10.7,1268,1390.0,-0.3,0.3,189,買い出来高優勢 / 資金流入増 / MA上昇配列
290A,Ｓｙｎｓｐｅｃｔｉｖｅ,情報・通信業,15.3,15.3,1,648,★☆☆☆☆,0.0,9.0,17,28.8,0.0,3.3,0.0,6.0,0.0,0.0,-3.0,,,0.0,41.4,4.8,19.1,1425,1576.0,17.4,0.5,2054,RS加速+28.8 / 買い出来高優勢 / 伸びすぎ注意(25MA+19%)
9432,ＮＴＴ,情報・通信業,15.3,15.3,1,649,★☆☆☆☆,0.0,2.0,-1,-13.3,0.0,3.3,0.0,10.0,0.0,0.0,0.0,,,0.0,-1.7,1.6,5.6,163,168.60000610351562,1.5,0.2,38111,買い出来高優勢 / MA上昇配列
9166,ＧＥＮＤＡ,サービス業,15.3,15.3,1,650,★☆☆☆☆,0.0,3.5,32,-8.6,0.0,2.0,0.0,8.0,0.0,1.8,0.0,,,0.0,21.6,5.4,12.4,684,767.0,2.5,0.3,1459,MA上昇配列 / 開示[業務提携](4日前)
4052,フィーチャ,情報・通信業,15.3,15.3,1,651,★☆☆☆☆,0.0,7.5,32,64.0,0.0,5.3,0.0,7.5,0.0,0.0,-5.0,,,0.0,125.5,13.8,26.1,442,611.0,15.1,0.7,447,RS加速+64.0 / 買い出来高優勢 / 資金流入増 / MA上昇配列 / パーフェクトオーダー / 過熱⚠25MA+26%
9211,エフ・コード,サービス業,15.2,15.2,1,652,★☆☆☆☆,0.0,5.5,32,-0.4,0.0,3.0,0.0,6.7,0.0,0.0,0.0,,,0.0,10.1,4.8,6.8,1404,1553.0,3.2,0.3,247,25MA上抜け6日目 / MA上昇配列
4919,ミルボン,化学,15.2,15.2,1,653,★☆☆☆☆,0.0,3.5,32,-11.3,0.0,3.0,0.0,8.7,0.0,0.0,0.0,,,0.0,5.7,2.9,8.0,3093,3285.0,0.9,0.1,561,MA上昇配列 / パーフェクトオーダー
1379,ホクト,水産・農林業,15.2,15.2,1,654,★☆☆☆☆,0.0,2.0,-1,-12.8,0.0,3.0,0.0,10.2,0.0,0.0,0.0,,,0.0,-2.8,2.1,5.3,2020,2107.0,-0.2,0.2,213,MA上昇配列 / 52週高値目前
6787,メイコー,電気機器,15.1,6.7,3,655,★☆☆☆☆,0.0,4.0,-1,19.8,0.0,0.0,0.0,2.7,0.0,0.0,0.0,,,0.0,-7.5,6.7,-2.8,16499,19030.0,10.9,0.3,10626,RS加速+19.8
1822,大豊建設,建設業,15.1,15.1,1,656,★☆☆☆☆,0.0,2.0,-1,-7.2,0.0,0.0,0.0,10.7,0.0,2.4,0.0,,,0.0,-3.1,1.4,3.4,801,823.0,2.0,0.4,120,MA上昇配列 / パーフェクトオーダー / 開示[資本業務提携](3日前)
5262,日本ヒューム,ガラス・土石製品,15.0,15.0,1,657,★☆☆☆☆,0.0,5.0,29,-9.4,0.0,2.0,0.0,8.0,0.0,0.0,0.0,,,0.0,2.9,2.8,5.2,1092,1157.0,1.3,0.3,275,MA上昇配列
8163,ＳＲＳホールディングス,小売業,15.0,15.0,1,658,★☆☆☆☆,0.0,2.0,-1,-18.6,0.0,2.0,0.0,11.0,0.0,0.0,0.0,,,0.0,-0.8,2.3,5.3,1493,1566.0,2.3,0.2,262,MA上昇配列 / パーフェクトオーダー / 52週高値目前
3093,トレジャー・ファクトリー,小売業,15.0,15.0,1,659,★☆☆☆☆,0.0,2.0,-1,-13.3,0.0,1.0,0.0,12.0,0.0,0.0,0.0,,,0.0,-8.8,2.8,0.6,1983,2102.0,-1.0,0.5,268,MA上昇配列 / パーフェクトオーダー
9504,中国電力,電気・ガス業,15.0,15.0,1,660,★☆☆☆☆,0.0,4.0,-1,-10.1,0.0,3.3,0.0,7.7,0.0,0.0,0.0,,,0.0,-4.2,1.8,3.7,943,978.2000122070312,-0.9,0.3,1816,25MA上抜け10日目 / 買い出来高優勢 / MA上昇配列
8079,正栄食品工業,卸売業,15.0,15.0,1,661,★☆☆☆☆,0.0,2.0,-1,-13.0,0.0,2.0,0.0,11.0,0.0,0.0,0.0,,,0.0,-8.1,1.2,1.3,4399,4510.0,-1.1,0.5,139,MA上昇配列 / パーフェクトオーダー
9699,ニシオホールディングス,サービス業,15.0,15.0,1,662,★☆☆☆☆,0.0,2.0,-1,-14.3,0.0,3.0,0.0,10.0,0.0,0.0,0.0,,,0.0,-2.4,1.9,3.7,4471,4645.0,0.5,0.3,264,MA上昇配列
3563,ＦＯＯＤ　＆　ＬＩＦＥ　ＣＯＭＰＡＮＩＥＳ,小売業,15.0,15.0,1,663,★☆☆☆☆,0.0,4.0,-1,-5.1,0.0,0.0,0.0,11.0,0.0,0.0,0.0,,,0.0,-2.4,3.7,5.6,5599,6044.0,8.9,0.5,12509,25MA上抜け3日目 / MA上昇配列 / パーフェクトオーダー / 52週高値目前
4628,エスケー化研,化学,15.0,15.0,1,664,★☆☆☆☆,0.0,4.0,-1,-2.0,0.0,4.0,0.0,7.0,0.0,0.0,0.0,,,0.0,-1.1,1.9,4.7,9017,9380.0,5.0,0.4,149,25MA上抜け5日目 / 資金流入増
6272,レオン自動機,機械,15.0,15.0,1,665,★☆☆☆☆,0.0,2.0,-1,-7.2,0.0,1.0,0.0,12.0,0.0,0.0,0.0,,,0.0,-5.6,1.3,2.4,1524,1565.0,2.2,0.4,108,MA上昇配列 / パーフェクトオーダー
2975,スター・マイカ・ホールディングス,不動産業,15.0,15.0,1,666,★☆☆☆☆,0.0,2.0,-1,-4.6,0.0,2.0,0.0,11.0,0.0,0.0,0.0,,,0.0,-0.4,1.9,3.1,1541,1602.0,1.0,0.3,206,MA上昇配列 / パーフェクトオーダー
3964,オークネット,情報・通信業,15.0,15.0,1,667,★☆☆☆☆,0.0,4.0,-1,-2.8,0.0,4.0,0.0,7.0,0.0,0.0,0.0,,,0.0,-0.3,2.7,0.7,1361,1439.0,0.8,0.8,896,25MA上抜け0日目 / 資金流入増 / MA上昇配列 / パーフェクトオーダー
8160,木曽路,小売業,15.0,15.0,1,668,★☆☆☆☆,0.0,4.0,-1,-14.0,0.0,1.0,0.0,10.0,0.0,0.0,0.0,,,0.0,-10.2,1.3,1.4,2408,2472.0,1.2,0.4,273,25MA上抜け6日目 / MA上昇配列
7279,ハイレックスコーポレーション,輸送用機器,15.0,15.0,1,669,★☆☆☆☆,0.0,5.0,29,-2.7,0.0,2.0,0.0,8.0,0.0,0.0,0.0,,,0.0,11.9,2.4,8.1,2541,2669.0,5.2,0.7,228,MA上昇配列
3903,ｇｕｍｉ,情報・通信業,15.0,15.0,1,670,★☆☆☆☆,0.0,5.0,30,-3.1,0.0,3.3,0.0,6.7,0.0,0.0,0.0,,,0.0,9.8,3.6,10.3,268,289.0,4.7,0.6,137,買い出来高優勢 / MA上昇配列
4813,ＡＣＣＥＳＳ,情報・通信業,15.0,15.0,1,671,★☆☆☆☆,0.0,5.0,24,-9.0,0.0,4.0,0.0,6.0,0.0,0.0,0.0,,,0.0,25.3,6.9,13.5,392,455.0,0.7,0.3,527,資金流入増
4526,理研ビタミン,食料品,15.0,15.0,1,672,★☆☆☆☆,0.0,2.0,-1,-10.2,0.0,2.0,0.0,11.0,0.0,0.0,0.0,,,0.0,-2.4,1.5,5.7,3331,3435.0,2.8,0.4,170,MA上昇配列 / パーフェクトオーダー / 52週高値目前 / RSI過熱(89)⚠
4502,武田薬品工業,医薬品,15.0,15.0,1,673,★☆☆☆☆,0.0,2.0,-1,-11.7,0.0,1.0,0.0,12.0,0.0,0.0,0.0,,,0.0,-6.4,1.8,2.6,5586,5792.0,0.5,0.2,21246,MA上昇配列 / パーフェクトオーダー
6419,マースグループホールディングス,機械,15.0,15.0,1,674,★☆☆☆☆,0.0,4.0,-1,-9.9,0.0,0.0,0.0,11.0,0.0,0.0,0.0,,,0.0,-8.5,1.3,1.4,3115,3200.0,1.3,0.3,205,25MA上抜け3日目 / MA上昇配列 / パーフェクトオーダー
4041,日本曹達,化学,15.0,15.0,1,675,★☆☆☆☆,0.0,2.0,-1,-8.1,0.0,2.0,0.0,11.0,0.0,0.0,0.0,,,0.0,-3.6,1.4,2.6,3891,4005.0,1.9,0.4,337,MA上昇配列 / パーフェクトオーダー / 52週高値目前
5592,くすりの窓口,情報・通信業,15.0,15.0,1,676,★☆☆☆☆,0.0,5.0,24,-8.0,0.0,2.0,0.0,8.0,0.0,0.0,0.0,,,0.0,9.0,4.5,7.7,2504,2749.0,3.2,0.3,173,MA上昇配列
7616,コロワイド,小売業,15.0,15.0,1,677,★☆☆☆☆,0.0,4.0,-1,-15.2,0.0,0.0,0.0,11.0,0.0,0.0,0.0,,,0.0,-8.5,2.0,4.4,2058,2142.0,4.5,0.5,812,25MA上抜け5日目 / MA上昇配列 / パーフェクトオーダー
8103,明和産業,卸売業,15.0,15.0,1,678,★☆☆☆☆,0.0,2.0,-1,-7.1,0.0,1.0,0.0,12.0,0.0,0.0,0.0,,,0.0,-1.7,1.9,3.9,937,974.0,1.9,0.3,193,MA上昇配列 / パーフェクトオーダー
7516,コーナン商事,小売業,15.0,15.0,1,679,★☆☆☆☆,0.0,2.0,-1,-14.4,0.0,1.0,0.0,12.0,0.0,0.0,0.0,,,0.0,-4.5,1.7,3.5,4249,4395.0,-0.6,0.7,376,MA上昇配列 / パーフェクトオーダー
3733,ソフトウェア・サービス,情報・通信業,15.0,15.0,1,680,★☆☆☆☆,0.0,5.0,14,-23.6,0.0,2.0,0.0,8.0,0.0,0.0,0.0,,,0.0,1.1,3.1,6.5,11631,12390.0,-1.1,0.4,113,MA上昇配列
7354,ダイレクトマーケティングミックス,サービス業,15.0,15.0,1,681,★☆☆☆☆,0.0,4.0,-1,-10.4,0.0,1.0,0.0,10.0,0.0,0.0,0.0,,,0.0,-0.2,4.6,5.1,339,373.0,-1.6,0.2,121,25MA上抜け8日目 / MA上昇配列 / パーフェクトオーダー
7860,エイベックス,情報・通信業,15.0,15.0,1,682,★☆☆☆☆,0.0,4.0,-1,-14.1,0.0,1.0,0.0,10.0,0.0,0.0,0.0,,,0.0,-12.7,1.7,0.3,1237,1279.0,0.2,0.2,204,25MA上抜け6日目 / MA上昇配列 / パーフェクトオーダー
1808,長谷工コーポレーション,建設業,15.0,15.0,1,683,★☆☆☆☆,0.0,4.0,-1,-10.8,0.0,2.0,0.0,9.0,0.0,0.0,0.0,,,0.0,-6.9,1.7,2.1,2758,2855.0,-0.1,0.2,2292,25MA上抜け6日目 / MA上昇配列
9552,クオンツ総研ホールディングス,サービス業,15.0,15.0,1,684,★☆☆☆☆,0.0,5.0,25,-14.2,0.0,0.0,0.0,10.0,0.0,0.0,0.0,,,0.0,10.4,5.3,10.1,981,1097.0,-0.4,0.4,389,MA上昇配列 / パーフェクトオーダー
2212,山崎製パン,食料品,15.0,15.0,1,685,★☆☆☆☆,0.0,2.0,-1,-16.1,0.0,3.0,0.0,10.0,0.0,0.0,0.0,,,0.0,-6.1,2.1,3.7,3505,3656.0,1.2,0.1,2303,MA上昇配列
6947,図研,電気機器,15.0,15.0,1,686,★☆☆☆☆,0.0,2.0,-1,-12.8,0.0,1.0,0.0,12.0,0.0,0.0,0.0,,,0.0,-3.5,2.0,3.8,4870,5070.0,2.6,0.3,242,MA上昇配列 / パーフェクトオーダー
4063,信越化学工業,化学,15.0,6.7,3,687,★☆☆☆☆,0.0,4.0,-1,9.6,0.0,0.0,0.0,2.7,0.0,0.0,0.0,,,0.0,-2.9,2.0,-1.2,5790,6032.0,-0.3,0.3,39436,RS加速+9.6
4592,サンバイオ,医薬品,15.0,15.0,1,688,★☆☆☆☆,0.0,10.0,6,3.9,0.0,0.0,0.0,5.0,0.0,0.0,0.0,,,0.0,5.4,4.1,4.2,939,1023.0,1.3,0.7,617,RS転換6日目 / RS加速+3.9
9042,阪急阪神ホールディングス,陸運業,15.0,15.0,1,689,★☆☆☆☆,0.0,4.0,-1,-16.3,0.0,0.0,0.0,11.0,0.0,0.0,0.0,,,0.0,-13.3,1.7,0.5,4570,4731.0,0.2,0.2,3594,25MA上抜け5日目 / MA上昇配列 / パーフェクトオーダー
4722,フューチャー,情報・通信業,15.0,15.0,1,690,★☆☆☆☆,0.0,2.0,-1,-20.3,0.0,2.0,0.0,11.0,0.0,0.0,0.0,,,0.0,-7.6,0.1,1.0,2444,2451.0,0.2,0.5,3301,資金流入増 / MA上昇配列 / パーフェクトオーダー / 52週高値目前
6412,平和,機械,15.0,15.0,1,691,★☆☆☆☆,0.0,2.0,-1,-15.9,0.0,1.0,0.0,12.0,0.0,0.0,0.0,,,0.0,-5.4,1.6,3.2,2158,2230.0,0.0,0.1,647,MA上昇配列 / パーフェクトオーダー
4633,サカタインクス,化学,15.0,15.0,1,692,★☆☆☆☆,0.0,2.0,-1,-8.6,0.0,2.0,0.0,11.0,0.0,0.0,0.0,,,0.0,-1.5,2.4,3.1,2551,2677.0,1.2,0.1,453,MA上昇配列 / パーフェクトオーダー / 52週高値目前
8572,アコム,その他金融業,15.0,15.0,1,693,★☆☆☆☆,0.0,4.0,-1,-8.5,0.0,1.0,0.0,10.0,0.0,0.0,0.0,,,0.0,-8.0,1.2,0.8,477,488.1000061035156,-0.1,0.2,552,25MA上抜け5日目 / MA上昇配列
9513,電源開発,電気・ガス業,15.0,15.0,1,694,★☆☆☆☆,0.0,2.0,-1,-7.5,0.0,2.0,0.0,11.0,0.0,0.0,0.0,,,0.0,-2.9,1.7,2.1,3844,3983.0,0.2,0.1,2149,MA上昇配列 / パーフェクトオーダー
5563,新日本電工,鉄鋼,15.0,15.0,1,695,★☆☆☆☆,0.0,8.0,8,-1.8,0.0,0.0,0.0,7.0,0.0,0.0,0.0,,,0.0,4.5,2.8,4.0,425,450.0,0.2,0.1,389,RS転換8日目
4694,ビー・エム・エル,サービス業,15.0,15.0,1,696,★☆☆☆☆,0.0,4.0,-1,-12.0,0.0,2.0,0.0,9.0,0.0,0.0,0.0,,,0.0,-9.0,1.5,0.9,3514,3625.0,0.0,0.2,231,25MA上抜け6日目 / MA上昇配列
4293,セプテーニ・ホールディングス,サービス業,15.0,15.0,1,697,★☆☆☆☆,0.0,4.0,-1,-7.8,0.0,0.0,0.0,11.0,0.0,0.0,0.0,,,0.0,-5.8,2.5,4.4,507,533.0,4.3,0.7,176,25MA上抜け6日目 / MA上昇配列 / パーフェクトオーダー
9434,ソフトバンク,情報・通信業,15.0,15.0,1,698,★☆☆☆☆,0.0,2.0,-1,-13.0,0.0,2.0,0.0,11.0,0.0,0.0,0.0,,,0.0,-5.8,1.7,2.1,228,236.39999389648438,1.1,0.2,17484,MA上昇配列 / パーフェクトオーダー / 52週高値目前
8179,ロイヤルホールディングス,小売業,15.0,15.0,1,699,★☆☆☆☆,0.0,4.0,-1,-14.6,0.0,2.0,0.0,9.0,0.0,0.0,0.0,,,0.0,-6.6,2.0,4.4,1332,1388.0,3.7,0.3,462,25MA上抜け6日目 / MA上昇配列
6619,ダブル・スコープ,電気機器,15.0,15.0,1,700,★☆☆☆☆,0.0,10.0,1,10.5,0.0,0.0,0.0,5.0,0.0,0.0,0.0,,,0.0,7.3,3.5,4.5,150,161.0,5.9,0.6,306,RS転換1日目 / RS加速+10.5
6976,太陽誘電,電気機器,14.9,5.5,3,701,★☆☆☆☆,0.0,4.0,-1,19.8,0.0,0.0,0.0,1.5,0.0,0.0,0.0,,,0.0,-3.0,8.7,-8.4,7550,9132.0,-1.8,0.7,230601,RS加速+19.8
4369,トリケミカル研究所,化学,14.9,10.0,2,702,★☆☆☆☆,0.0,10.0,1,8.4,0.0,0.0,0.0,0.0,0.0,0.0,0.0,,,0.0,3.0,4.2,-1.8,2941,3210.0,1.3,0.4,1494,RS転換1日目 / RS加速+8.4
247A,Ａｉロボティクス,化学,14.8,14.8,1,703,★☆☆☆☆,0.0,5.5,42,1.0,0.0,6.3,0.0,8.0,0.0,0.0,-5.0,,,0.0,22.9,5.9,20.5,943,1070.0,11.1,2.1,1397,出来高増2.1倍 / MA上昇配列 / 過熱⚠25MA+21%
3901,マークラインズ,情報・通信業,14.8,14.8,1,704,★☆☆☆☆,0.0,5.0,14,-14.8,0.0,4.3,0.0,5.5,0.0,0.0,0.0,,,0.0,6.2,2.7,4.9,1476,1559.0,-3.4,0.2,179,買い出来高優勢 / MA上昇配列
8595,ジャフコ　グループ,証券、商品先物取引業,14.7,14.7,1,705,★☆☆☆☆,0.0,4.0,-1,-4.1,0.0,2.0,0.0,8.7,0.0,0.0,0.0,,,0.0,-4.4,1.0,2.7,2296,2343.0,1.9,0.2,651,25MA上抜け6日目 / MA上昇配列
4599,ステムリム,医薬品,14.7,14.7,1,706,★☆☆☆☆,0.0,5.0,21,-3.5,0.0,1.0,0.0,8.7,0.0,0.0,0.0,,,0.0,16.2,4.6,9.7,325,358.0,0.3,0.5,112,MA上昇配列 / パーフェクトオーダー
3302,帝国繊維,繊維製品,14.7,14.7,1,707,★☆☆☆☆,0.0,4.0,-1,-9.4,0.0,0.0,0.0,10.7,0.0,0.0,0.0,,,0.0,-6.4,2.6,1.2,3212,3390.0,0.4,0.1,212,25MA上抜け6日目 / MA上昇配列 / パーフェクトオーダー
3153,八洲電機,卸売業,14.7,14.7,1,708,★☆☆☆☆,0.0,6.0,-1,0.4,0.0,1.0,0.0,7.7,0.0,0.0,0.0,,,0.0,-0.9,2.7,4.3,2902,3065.0,8.0,0.8,199,25MA上抜け2日目 / MA上昇配列
9997,ベルーナ,小売業,14.7,14.7,1,709,★☆☆☆☆,0.0,4.0,-1,-9.8,0.0,0.0,0.0,10.7,0.0,0.0,0.0,,,0.0,-9.8,1.5,2.7,1040,1072.0,0.8,0.2,268,25MA上抜け6日目 / MA上昇配列 / パーフェクトオーダー
5233,太平洋セメント,ガラス・土石製品,14.7,14.7,1,710,★☆☆☆☆,0.0,4.0,-1,-8.2,0.0,1.0,0.0,9.7,0.0,0.0,0.0,,,0.0,-7.3,2.4,0.5,3992,4191.0,0.1,0.2,2061,25MA上抜け5日目 / MA上昇配列 / パーフェクトオーダー
402A,アクセルスペースホールディングス,輸送用機器,14.7,14.7,1,711,★☆☆☆☆,0.0,9.0,15,4.9,0.0,1.0,0.0,4.7,0.0,0.0,0.0,,,0.0,10.5,4.0,3.5,479,520.0,2.4,0.5,634,RS加速+4.9
7981,タカラスタンダード,その他製品,14.7,14.7,1,712,★☆☆☆☆,0.0,4.0,-1,-5.7,0.0,0.0,0.0,10.7,0.0,0.0,0.0,,,0.0,-5.7,1.7,0.7,2993,3095.0,1.0,0.2,412,25MA上抜け4日目 / MA上昇配列 / パーフェクトオーダー
5946,長府製作所,金属製品,14.7,14.7,1,713,★☆☆☆☆,0.0,4.0,-1,-9.0,0.0,1.0,0.0,9.7,0.0,0.0,0.0,,,0.0,-8.7,1.7,2.0,2040,2114.0,2.3,0.4,125,25MA上抜け0日目 / MA上昇配列 / パーフェクトオーダー
4212,積水樹脂,化学,14.7,14.7,1,714,★☆☆☆☆,0.0,4.0,-1,-9.9,0.0,0.0,0.0,10.7,0.0,0.0,0.0,,,0.0,-2.3,2.1,3.5,2812,2935.0,2.2,0.2,202,25MA上抜け6日目 / MA上昇配列 / パーフェクトオーダー
2060,フィード・ワン,食料品,14.7,14.7,1,715,★☆☆☆☆,0.0,2.0,-1,-12.4,0.0,3.0,0.0,9.7,0.0,0.0,0.0,,,0.0,-0.0,2.2,4.2,1342,1403.0,-2.2,0.3,144,MA上昇配列 / パーフェクトオーダー / 52週高値目前
2292,Ｓ　Ｆｏｏｄｓ,食料品,14.7,14.7,1,716,★☆☆☆☆,0.0,4.0,-1,-10.5,0.0,3.0,0.0,7.7,0.0,0.0,0.0,,,0.0,-5.0,1.5,3.9,2781,2864.0,1.1,1.1,748,25MA上抜け10日目 / MA上昇配列
417A,ブルーゾーンホールディングス,小売業,14.7,14.7,1,717,★☆☆☆☆,0.0,2.0,-1,-15.6,0.0,2.0,0.0,10.7,0.0,0.0,0.0,,,0.0,-7.5,1.8,2.4,1782,1848.0,-0.7,0.2,476,MA上昇配列 / パーフェクトオーダー
7199,プレミアグループ,その他金融業,14.7,14.7,1,718,★☆☆☆☆,0.0,4.0,-1,-8.6,0.0,1.0,0.0,9.7,0.0,0.0,0.0,,,0.0,-3.0,2.5,2.5,2046,2153.0,1.4,0.2,443,25MA上抜け6日目 / MA上昇配列 / パーフェクトオーダー
6629,テクノホライゾン,電気機器,14.7,14.7,1,719,★☆☆☆☆,0.0,10.0,1,9.8,0.0,1.0,0.0,3.7,0.0,0.0,0.0,,,0.0,3.8,2.9,2.3,937,995.0,4.1,0.3,156,RS転換1日目 / RS加速+9.8
1944,きんでん,建設業,14.6,14.600000000000001,1,720,★☆☆☆☆,0.0,0.0,-1,-3.7,11.9,0.0,0.0,2.7,0.0,0.0,0.0,,,0.0,-12.7,2.5,-2.6,6501,6847.0,2.4,0.2,5289,AIデータセンター・電力(+3.0%)
4825,ウェザーニューズ,情報・通信業,14.6,14.600000000000001,1,721,★☆☆☆☆,0.0,2.0,-1,-10.5,0.0,3.3,0.0,8.0,0.0,1.3,0.0,,,0.0,-0.8,2.1,5.9,2050,2139.0,3.0,0.4,408,買い出来高優勢 / 開示[AI](2日前)
6999,ＫＯＡ,電気機器,14.6,11.0,2,722,★☆☆☆☆,0.0,10.0,1,15.1,0.0,1.0,0.0,0.0,0.0,0.0,0.0,,,0.0,3.5,4.9,-1.9,2097,2324.0,6.1,0.2,1837,RS転換1日目 / RS加速+15.1
6523,ＰＨＣホールディングス,電気機器,14.5,14.5,1,723,★☆☆☆☆,0.0,3.5,32,-5.9,0.0,5.3,0.0,8.7,0.0,0.0,-3.0,,,0.0,31.5,3.7,18.3,1427,1540.0,4.5,0.6,1131,買い出来高優勢 / 資金流入増 / MA上昇配列 / パーフェクトオーダー / 伸びすぎ注意(25MA+18%)
6592,マブチモーター,電気機器,14.5,14.5,1,724,★☆☆☆☆,0.0,2.0,-1,-12.8,0.0,3.0,0.0,9.5,0.0,0.0,0.0,,,0.0,-2.6,2.6,3.1,1667,1758.5,-0.7,0.2,2636,MA上昇配列 / パーフェクトオーダー
3850,エヌ・ティ・ティ・データ・イントラマート,情報・通信業,14.5,14.5,1,725,★☆☆☆☆,0.0,3.5,47,-9.2,0.0,2.0,0.0,9.0,0.0,0.0,0.0,,,0.0,5.5,3.0,8.8,3344,3555.0,4.9,1.0,114,MA上昇配列
3697,ＳＨＩＦＴ,情報・通信業,14.5,14.5,1,726,★☆☆☆☆,0.0,8.0,0,-27.8,0.0,1.0,0.0,5.5,0.0,0.0,0.0,,,0.0,0.9,4.6,9.2,898,988.9000244140625,4.0,0.8,4115,RS転換0日目 / MA上昇配列
2489,アドウェイズ,サービス業,14.5,14.5,1,727,★☆☆☆☆,0.0,3.5,43,-2.4,0.0,5.3,0.0,8.7,0.0,0.0,-3.0,,,0.0,22.0,5.3,18.5,371,415.0,9.2,0.3,202,買い出来高優勢 / 資金流入増 / MA上昇配列 / パーフェクトオーダー / 伸びすぎ注意(25MA+19%)
9536,西部ガスホールディングス,電気・ガス業,14.5,14.5,1,728,★☆☆☆☆,0.0,2.0,-1,-8.5,0.0,3.0,0.0,9.5,0.0,0.0,0.0,,,0.0,-2.8,1.2,3.9,2437,2499.0,1.1,1.7,224,MA上昇配列 / パーフェクトオーダー / RSI過熱(91)⚠
6016,ジャパンエンジンコーポレーション,輸送用機器,14.5,14.5,1,729,★☆☆☆☆,0.0,7.5,31,9.2,0.0,2.0,0.0,8.0,0.0,0.0,-3.0,,,0.0,17.6,5.6,15.2,9974,11230.0,16.5,0.9,1254,RS加速+9.2 / MA上昇配列 / 伸びすぎ注意(25MA+15%)
3810,サイバーステップホールディングス,情報・通信業,14.5,14.5,1,730,★☆☆☆☆,0.0,8.0,10,-41.6,0.0,4.0,0.0,2.2,0.0,0.3,0.0,,,0.0,18.9,11.4,1.5,150,195.0,-19.8,0.9,505,RS転換10日目 / 資金流入増 / 開示[AI](11日前)
2207,ｍｅｉｔｏ,食料品,14.5,14.5,1,731,★☆☆☆☆,0.0,2.0,-1,-18.5,0.0,3.0,0.0,9.5,0.0,0.0,0.0,,,0.0,-2.8,3.1,1.1,3206,3420.0,-5.7,0.5,172,MA上昇配列 / パーフェクトオーダー
4768,大塚商会,情報・通信業,14.5,14.5,1,732,★☆☆☆☆,0.0,2.0,-1,-17.7,0.0,0.0,0.0,12.5,0.0,0.0,0.0,,,0.0,-0.4,2.3,6.9,3479,3646.0,4.8,0.2,4977,MA上昇配列 / パーフェクトオーダー / 52週高値ブレイク!
3371,ソフトクリエイトホールディングス,情報・通信業,14.5,14.5,1,733,★☆☆☆☆,0.0,4.0,-1,-11.8,0.0,3.0,0.0,7.5,0.0,0.0,0.0,,,0.0,-5.2,2.7,6.4,2053,2170.0,1.6,0.2,142,25MA上抜け10日目 / 資金流入増 / MA上昇配列 / RSI過熱(94)⚠
1514,住石ホールディングス,鉱業,14.5,14.5,1,734,★☆☆☆☆,0.0,3.5,33,-7.5,0.0,3.0,0.0,8.0,0.0,0.0,0.0,,,0.0,10.8,4.2,6.0,614,671.0,-5.0,0.5,316,MA上昇配列
6637,寺崎電気産業,電気機器,14.5,14.5,1,735,★☆☆☆☆,0.0,3.5,39,-1.1,0.0,2.0,0.0,9.0,0.0,0.0,0.0,,,0.0,6.7,4.0,6.7,4078,4430.0,5.1,0.3,182,MA上昇配列
4828,ビジネスエンジニアリング,情報・通信業,14.5,14.5,1,736,★☆☆☆☆,0.0,3.5,33,-15.4,0.0,3.3,0.0,7.7,0.0,0.0,0.0,,,0.0,8.3,3.9,10.8,1338,1452.0,1.9,0.3,179,買い出来高優勢 / MA上昇配列
6505,東洋電機製造,電気機器,14.5,14.5,1,737,★☆☆☆☆,0.0,4.0,-1,-0.8,0.0,1.0,0.0,9.5,0.0,0.0,0.0,,,0.0,-0.9,2.2,2.5,2350,2457.0,2.8,0.3,106,25MA上抜け4日目 / MA上昇配列 / パーフェクトオーダー
5192,三ツ星ベルト,ゴム製品,14.5,14.5,1,738,★☆☆☆☆,0.0,2.0,-1,-8.7,0.0,3.0,0.0,9.5,0.0,0.0,0.0,,,0.0,-0.9,2.1,2.3,4212,4395.0,0.8,0.1,395,MA上昇配列 / パーフェクトオーダー
5142,アキレス,化学,14.3,14.3,1,739,★☆☆☆☆,0.0,4.5,36,-8.9,0.0,5.3,0.0,7.5,0.0,0.0,-3.0,,,0.0,48.3,4.6,16.3,1759,1936.0,-2.3,0.3,229,買い出来高優勢 / 資金流入増 / MA上昇配列 / 伸びすぎ注意(25MA+16%)
4499,Ｓｐｅｅｅ,情報・通信業,14.3,14.3,1,740,★☆☆☆☆,0.0,5.0,11,-1.2,0.0,3.3,0.0,6.0,0.0,0.0,0.0,,,0.0,17.1,6.2,9.1,2287,2612.0,-0.7,0.5,326,買い出来高優勢 / 開示[業績予想の修正](14日前)
9268,オプティマスグループ,卸売業,14.3,14.3,1,741,★☆☆☆☆,0.0,4.0,-1,-10.3,0.0,5.3,0.0,5.0,0.0,0.0,0.0,,,0.0,-6.3,3.1,1.2,402,428.0,1.4,0.2,157,25MA上抜け1日目 / 買い出来高優勢 / 資金流入増 / MA上昇配列 / パーフェクトオーダー
6869,シスメックス,電気機器,14.3,14.3,1,742,★☆☆☆☆,0.0,3.5,36,-21.9,0.0,3.3,0.0,7.5,0.0,0.0,0.0,,,0.0,9.6,4.0,9.2,1800,1958.5,-0.9,0.2,5694,買い出来高優勢 / MA上昇配列 / パーフェクトオーダー
6371,椿本チエイン,機械,14.2,14.2,1,743,★☆☆☆☆,0.0,4.0,-1,-9.1,0.0,2.0,0.0,8.2,0.0,0.0,0.0,,,0.0,-5.7,1.5,1.1,2615,2697.0,0.4,0.2,465,25MA上抜け6日目 / MA上昇配列 / パーフェクトオーダー
5195,バンドー化学,ゴム製品,14.2,14.2,1,744,★☆☆☆☆,0.0,4.0,-1,-10.8,0.0,2.0,0.0,8.2,0.0,0.0,0.0,,,0.0,-5.4,2.2,1.6,2369,2476.0,2.7,0.2,152,25MA上抜け6日目 / MA上昇配列 / パーフェクトオーダー
3558,ジェイドグループ,小売業,14.2,14.2,1,745,★☆☆☆☆,0.0,3.5,32,-4.8,0.0,2.0,0.0,8.7,0.0,0.0,0.0,,,0.0,4.8,2.1,6.3,1760,1836.0,0.4,0.3,152,MA上昇配列 / パーフェクトオーダー
4765,ＳＢＩグローバルアセットマネジメント,サービス業,14.0,14.0,1,746,★☆☆☆☆,0.0,2.0,-1,-15.8,0.0,1.0,0.0,11.0,0.0,0.0,0.0,,,0.0,-5.3,2.0,5.7,621,646.0,3.4,0.5,201,MA上昇配列 / パーフェクトオーダー
4011,ヘッドウォータース,情報・通信業,14.0,14.0,1,747,★☆☆☆☆,0.0,8.0,9,-0.1,0.0,3.0,0.0,6.0,0.0,0.0,-3.0,,,0.0,24.2,5.3,16.7,2224,2490.0,3.0,1.0,113,RS転換9日目 / 伸びすぎ注意(25MA+17%)
9308,乾汽船,海運業,14.0,14.0,1,748,★☆☆☆☆,0.0,3.5,33,-19.5,0.0,3.0,0.0,7.5,0.0,0.0,0.0,,,0.0,4.5,3.4,5.2,1966,2111.0,0.7,0.1,316,MA上昇配列 / パーフェクトオーダー
4095,日本パーカライジング,化学,14.0,14.0,1,749,★☆☆☆☆,0.0,2.0,-1,-4.4,0.0,0.0,0.0,12.0,0.0,0.0,0.0,,,0.0,-2.5,1.5,2.3,1696,1747.0,2.2,0.2,338,MA上昇配列 / パーフェクトオーダー
7947,エフピコ,化学,14.0,14.0,1,750,★☆☆☆☆,0.0,2.0,-1,-13.0,0.0,2.0,0.0,10.0,0.0,0.0,0.0,,,0.0,-2.5,1.6,2.6,2673,2761.0,-0.8,0.3,502,MA上昇配列 / パーフェクトオーダー
8133,伊藤忠エネクス,卸売業,14.0,14.0,1,751,★☆☆☆☆,0.0,2.0,-1,-11.7,0.0,0.0,0.0,12.0,0.0,0.0,0.0,,,0.0,-2.3,1.7,3.0,2135,2212.0,-0.8,0.2,254,MA上昇配列 / パーフェクトオーダー
8584,ジャックス,その他金融業,14.0,14.0,1,752,★☆☆☆☆,0.0,4.0,-1,-8.0,0.0,2.0,0.0,8.0,0.0,0.0,0.0,,,0.0,-5.5,1.3,2.3,3747,3850.0,1.7,0.2,393,25MA上抜け6日目 / MA上昇配列
4307,野村総合研究所,情報・通信業,14.0,14.0,1,753,★☆☆☆☆,0.0,4.0,-1,-16.0,0.0,1.0,0.0,9.0,0.0,0.0,0.0,,,0.0,-13.2,3.1,5.5,4951,5273.0,5.2,0.4,13560,25MA上抜け6日目 / MA上昇配列
9075,福山通運,陸運業,14.0,14.0,1,754,★☆☆☆☆,0.0,2.0,-1,-9.2,0.0,1.0,0.0,11.0,0.0,0.0,0.0,,,0.0,-3.3,2.6,2.6,5990,6320.0,-2.5,0.1,641,MA上昇配列 / パーフェクトオーダー
4967,小林製薬,化学,14.0,14.0,1,755,★☆☆☆☆,0.0,4.0,-1,-12.9,0.0,0.0,0.0,10.0,0.0,0.0,0.0,,,0.0,-8.8,1.4,1.3,5509,5672.0,0.7,0.1,1081,25MA上抜け6日目 / MA上昇配列 / パーフェクトオーダー
5889,Ｊａｐａｎ　Ｅｙｅｗｅａｒ　Ｈｏｌｄｉｎｇｓ,小売業,14.0,14.0,1,756,★☆☆☆☆,0.0,2.0,-1,-12.7,0.0,2.0,0.0,10.0,0.0,0.0,0.0,,,0.0,-1.7,2.6,4.4,2503,2638.0,0.4,0.6,225,MA上昇配列 / パーフェクトオーダー
3771,システムリサーチ,情報・通信業,14.0,14.0,1,757,★☆☆☆☆,0.0,2.0,-1,-13.9,0.0,3.0,0.0,9.0,0.0,0.0,0.0,,,0.0,-3.3,2.4,4.3,1862,1955.0,-0.4,0.8,113,MA上昇配列
9744,メイテックグループホールディングス,サービス業,14.0,14.0,1,758,★☆☆☆☆,0.0,2.0,-1,-11.8,0.0,2.0,0.0,10.0,0.0,0.0,0.0,,,0.0,-8.0,1.2,1.9,3314,3392.0,1.6,0.4,1042,MA上昇配列
7261,マツダ,輸送用機器,14.0,14.0,1,759,★☆☆☆☆,0.0,4.0,-1,-13.1,0.0,2.0,0.0,8.0,0.0,0.0,0.0,,,0.0,-8.3,2.6,3.1,1150,1213.5,0.5,0.4,8358,25MA上抜け6日目 / MA上昇配列
2678,アスクル,小売業,14.0,14.0,1,760,★☆☆☆☆,0.0,4.0,-1,-12.6,0.0,2.0,0.0,8.0,0.0,0.0,0.0,,,0.0,-6.2,1.8,3.0,1259,1306.0,2.0,0.2,450,25MA上抜け7日目 / MA上昇配列
1982,日比谷総合設備,建設業,14.0,14.0,1,761,★☆☆☆☆,0.0,4.0,-1,-1.5,0.0,3.0,0.0,7.0,0.0,0.0,0.0,,,0.0,-0.2,2.8,2.3,2812,2981.0,1.6,0.2,341,25MA上抜け6日目
1766,東建コーポレーション,建設業,14.0,14.0,1,762,★☆☆☆☆,0.0,2.0,-1,-11.9,0.0,2.0,0.0,10.0,0.0,0.0,0.0,,,0.0,-7.7,1.5,2.3,13226,13630.0,1.0,0.2,252,MA上昇配列
1762,高松コンストラクショングループ,建設業,14.0,14.0,1,763,★☆☆☆☆,0.0,2.0,-1,-6.7,0.0,2.0,0.0,10.0,0.0,0.0,0.0,,,0.0,-0.1,1.8,4.9,3934,4085.0,2.1,0.2,153,MA上昇配列
7984,コクヨ,その他製品,14.0,14.0,1,764,★☆☆☆☆,0.0,4.0,-1,-9.9,0.0,0.0,0.0,10.0,0.0,0.0,0.0,,,0.0,-7.5,1.6,2.3,873,900.9000244140625,3.5,0.2,742,25MA上抜け4日目 / MA上昇配列
9887,松屋フーズホールディングス,小売業,14.0,14.0,1,765,★☆☆☆☆,0.0,4.0,-1,-12.0,0.0,2.0,0.0,8.0,0.0,0.0,0.0,,,0.0,-5.6,2.3,5.5,5091,5340.0,4.1,0.3,436,25MA上抜け6日目 / MA上昇配列
9627,アインホールディングス,小売業,14.0,14.0,1,766,★☆☆☆☆,0.0,2.0,-1,-13.9,0.0,2.0,0.0,8.0,0.0,2.0,0.0,,,0.0,-7.5,2.1,2.4,5911,6165.0,0.4,0.2,974,MA上昇配列 / 開示[買収](3日前)
2282,日本ハム,食料品,14.0,14.0,1,767,★☆☆☆☆,0.0,2.0,-1,-16.0,0.0,3.0,0.0,9.0,0.0,0.0,0.0,,,0.0,-11.4,1.8,0.8,6108,6337.0,-1.3,0.1,4104,MA上昇配列
9543,静岡ガス,電気・ガス業,14.0,14.0,1,768,★☆☆☆☆,0.0,4.0,-1,-8.8,0.0,1.0,0.0,9.0,0.0,0.0,0.0,,,0.0,-6.1,1.5,2.0,1247,1287.0,0.6,0.3,202,25MA上抜け7日目 / MA上昇配列
4725,ＣＡＣ　Ｈｏｌｄｉｎｇｓ,情報・通信業,14.0,14.0,1,769,★☆☆☆☆,0.0,2.0,-1,-11.1,0.0,3.3,0.0,8.7,0.0,0.0,0.0,,,0.0,-2.9,1.4,3.4,1899,1954.0,-0.3,0.2,117,買い出来高優勢 / MA上昇配列
3050,ＤＣＭホールディングス,小売業,14.0,14.0,1,770,★☆☆☆☆,0.0,2.0,-1,-15.8,0.0,2.0,0.0,10.0,0.0,0.0,0.0,,,0.0,-7.2,1.4,2.6,1542,1587.0,-0.1,0.7,358,MA上昇配列
6941,山一電機,電気機器,14.0,14.0,1,771,★☆☆☆☆,8.8,4.0,-1,13.8,0.0,0.0,0.0,1.2,0.0,0.0,0.0,,Lumentum,-2.0,-2.0,5.5,-3.5,7207,8100.0,3.1,0.2,3658,RS加速+13.8 / Lumentum+15.2%連動(β0.15) 実反応+4.2%
2127,日本Ｍ＆Ａセンターホールディングス,サービス業,14.0,14.0,1,772,★☆☆☆☆,0.0,4.0,-1,-12.9,0.0,2.0,0.0,8.0,0.0,0.0,0.0,,,0.0,-10.1,1.9,2.9,659,685.2999877929688,1.6,1.1,1506,25MA上抜け6日目 / MA上昇配列
4996,クミアイ化学工業,化学,14.0,14.0,1,773,★☆☆☆☆,0.0,2.0,-1,-11.9,0.0,2.0,0.0,10.0,0.0,0.0,0.0,,,0.0,-3.3,1.6,1.9,748,773.0,-2.9,0.2,274,MA上昇配列 / パーフェクトオーダー
8255,アクシアル　リテイリング,小売業,14.0,14.0,1,774,★☆☆☆☆,0.0,4.0,-1,-17.1,0.0,0.0,0.0,10.0,0.0,0.0,0.0,,,0.0,-9.7,1.9,2.2,1216,1263.0,0.5,0.1,253,25MA上抜け8日目 / MA上昇配列 / 開示[自己株式の取得](14日前)
6332,月島ホールディングス,機械,14.0,14.0,1,775,★☆☆☆☆,0.0,4.0,-1,-8.0,0.0,1.0,0.0,9.0,0.0,0.0,0.0,,,0.0,-4.5,2.3,1.4,2650,2777.0,1.5,0.2,280,25MA上抜け6日目 / MA上昇配列
3708,特種東海製紙,パルプ・紙,14.0,14.0,1,776,★☆☆☆☆,0.0,2.0,-1,-7.3,0.0,1.0,0.0,11.0,0.0,0.0,0.0,,,0.0,-5.4,2.3,2.5,2075,2177.0,0.1,0.3,122,MA上昇配列 / パーフェクトオーダー / 52週高値目前
2395,新日本科学,サービス業,14.0,14.0,1,777,★☆☆☆☆,0.0,8.0,0,-10.7,0.0,3.0,0.0,3.0,0.0,0.0,0.0,,,0.0,0.7,3.0,0.6,1315,1400.0,-1.3,0.2,372,RS転換0日目 / MA上昇配列
4544,Ｈ．Ｕ．グループホールディングス,サービス業,14.0,14.0,1,778,★☆☆☆☆,0.0,2.0,-1,-14.7,0.0,0.0,0.0,12.0,0.0,0.0,0.0,,,0.0,-3.0,2.7,3.0,3442,3641.0,-1.1,0.2,834,MA上昇配列 / パーフェクトオーダー
9007,小田急電鉄,陸運業,14.0,14.0,1,779,★☆☆☆☆,0.0,4.0,-1,-14.6,0.0,0.0,0.0,10.0,0.0,0.0,0.0,,,0.0,-10.3,1.6,1.7,1712,1770.0,-0.3,0.2,2267,25MA上抜け5日目 / MA上昇配列 / パーフェクトオーダー
3543,コメダホールディングス,卸売業,14.0,14.0,1,780,★☆☆☆☆,0.0,2.0,-1,-13.4,0.0,2.0,0.0,10.0,0.0,0.0,0.0,,,0.0,-8.0,1.1,1.7,2863,2928.0,-0.1,1.1,1128,MA上昇配列
9532,大阪瓦斯,電気・ガス業,14.0,14.0,1,781,★☆☆☆☆,0.0,4.0,-1,-8.8,0.0,1.0,0.0,9.0,0.0,0.0,0.0,,,0.0,-6.4,1.8,1.7,5388,5593.0,0.8,0.1,4314,25MA上抜け6日目 / MA上昇配列
7956,ピジョン,その他製品,14.0,14.0,1,782,★☆☆☆☆,0.0,2.0,-1,-13.9,0.0,2.0,0.0,10.0,0.0,0.0,0.0,,,0.0,-4.3,2.0,2.6,2044,2128.5,-1.3,0.4,2075,MA上昇配列 / パーフェクトオーダー
3197,すかいらーくホールディングス,小売業,14.0,14.0,1,783,★☆☆☆☆,0.0,2.0,-1,-19.1,0.0,2.0,0.0,10.0,0.0,0.0,0.0,,,0.0,-5.6,2.6,4.4,3193,3365.0,0.1,0.2,4100,MA上昇配列
2109,ＤＭ三井製糖,食料品,14.0,14.0,1,784,★☆☆☆☆,0.0,2.0,-1,-15.5,0.0,0.0,0.0,12.0,0.0,0.0,0.0,,,0.0,-5.8,1.5,2.8,3527,3635.0,-0.7,0.2,159,MA上昇配列 / パーフェクトオーダー
3245,ディア・ライフ,不動産業,14.0,14.0,1,785,★☆☆☆☆,0.0,2.0,-1,-12.3,0.0,4.3,0.0,7.7,0.0,0.0,0.0,,,0.0,-3.8,1.8,3.9,1121,1163.0,-0.3,0.4,364,買い出来高優勢 / MA上昇配列
7974,任天堂,その他製品,14.0,14.0,1,786,★☆☆☆☆,0.0,5.0,29,-20.8,0.0,1.0,0.0,8.0,0.0,0.0,0.0,,,0.0,2.7,3.5,9.2,8370,8992.0,4.6,0.4,84331,MA上昇配列
4733,オービックビジネスコンサルタント,情報・通信業,14.0,14.0,1,787,★☆☆☆☆,0.0,2.0,-1,-20.6,0.0,3.3,0.0,8.7,0.0,0.0,0.0,,,0.0,-2.1,2.5,8.4,8366,8810.0,6.5,0.4,1577,買い出来高優勢 / MA上昇配列
9270,バリュエンスホールディングス,卸売業,14.0,14.0,1,788,★☆☆☆☆,0.0,8.0,6,-6.9,0.0,0.0,0.0,6.0,0.0,0.0,0.0,,,0.0,2.2,3.8,4.1,1874,2027.0,-3.1,0.4,125,RS転換6日目
2154,オープンアップグループ,サービス業,14.0,14.0,1,789,★☆☆☆☆,0.0,2.0,-1,-11.2,0.0,0.0,0.0,12.0,0.0,0.0,0.0,,,0.0,-7.5,2.0,1.9,1975,2058.0,0.9,0.2,329,MA上昇配列 / パーフェクトオーダー
6457,グローリー,機械,13.7,13.7,1,790,★☆☆☆☆,0.0,2.0,-1,-11.4,0.0,2.0,0.0,9.7,0.0,0.0,0.0,,,0.0,-1.7,2.5,2.9,4613,4861.0,0.9,0.1,1018,MA上昇配列 / パーフェクトオーダー / 52週高値目前
6023,ダイハツインフィニアース,輸送用機器,13.7,13.7,1,791,★☆☆☆☆,0.0,3.5,32,-5.3,0.0,3.0,0.0,7.2,0.0,0.0,0.0,,,0.0,5.2,3.8,2.0,2758,2982.0,-0.9,0.1,694,MA上昇配列 / パーフェクトオーダー
6238,フリュー,機械,13.7,13.7,1,792,★☆☆☆☆,0.0,4.0,-1,-10.8,0.0,0.0,0.0,9.7,0.0,0.0,0.0,,,0.0,-7.4,3.2,1.1,1314,1404.0,0.9,0.2,145,25MA上抜け6日目 / MA上昇配列 / パーフェクトオーダー
6268,ナブテスコ,機械,13.7,13.7,1,793,★☆☆☆☆,0.0,10.0,1,12.4,0.0,0.0,0.0,3.7,0.0,0.0,0.0,,,0.0,2.8,3.5,1.6,4464,4795.0,5.9,0.6,4760,RS転換1日目 / RS加速+12.4
2734,サーラコーポレーション,小売業,13.7,13.7,1,794,★☆☆☆☆,0.0,2.0,-1,-12.9,0.0,2.0,0.0,9.7,0.0,0.0,0.0,,,0.0,-3.5,1.5,2.8,1179,1217.0,-1.2,0.1,172,MA上昇配列 / パーフェクトオーダー / 52週高値目前
7611,ハイデイ日高,小売業,13.7,13.7,1,795,★☆☆☆☆,0.0,2.0,-1,-15.8,0.0,5.0,0.0,6.7,0.0,0.0,0.0,,,0.0,-6.8,1.5,3.3,2881,2972.0,0.2,1.7,915,MA上昇配列
9449,ＧＭＯインターネットグループ,情報・通信業,13.7,13.7,1,796,★☆☆☆☆,0.0,4.0,-1,-9.4,0.0,0.0,0.0,9.7,0.0,0.0,0.0,,,0.0,-6.5,3.3,3.4,3983,4264.0,5.2,0.2,1735,25MA上抜け1日目 / MA上昇配列 / パーフェクトオーダー / 52週高値目前
9948,アークス,小売業,13.7,13.7,1,797,★☆☆☆☆,0.0,2.0,-1,-13.4,0.0,3.0,0.0,8.7,0.0,0.0,0.0,,,0.0,-5.5,1.6,4.8,3650,3770.0,2.9,0.9,386,MA上昇配列
9274,ＫＰＰグループホールディングス,卸売業,13.7,13.7,1,798,★☆☆☆☆,0.0,4.0,-1,-11.8,0.0,0.0,0.0,9.7,0.0,0.0,0.0,,,0.0,-9.5,2.5,0.3,1049,1104.0,-1.6,0.4,238,25MA上抜け2日目 / MA上昇配列 / パーフェクトオーダー / 52週高値目前
3946,トーモク,パルプ・紙,13.6,10.6,2,799,★☆☆☆☆,0.0,0.0,-1,-15.6,0.0,5.0,0.0,3.2,0.0,2.4,0.0,,,0.0,-8.8,2.3,-0.5,4367,4580.0,-3.7,1.7,667,資金流入増 / 開示[自己株式の取得](3日前)
5970,ジーテクト,金属製品,13.5,13.5,1,800,★☆☆☆☆,0.0,2.0,-1,-14.3,0.0,2.0,0.0,9.5,0.0,0.0,0.0,,,0.0,-2.2,2.0,2.9,2223,2314.0,-2.4,0.1,270,MA上昇配列 / パーフェクトオーダー
5574,ＡＢＥＪＡ,情報・通信業,13.5,13.5,1,801,★☆☆☆☆,0.0,3.5,33,-0.4,0.0,2.0,0.0,8.0,0.0,0.0,0.0,,,0.0,15.1,4.6,13.0,2838,3125.0,13.8,1.1,372,MA上昇配列
8876,リログループ,サービス業,13.5,13.5,1,802,★☆☆☆☆,0.0,2.0,-1,-10.6,0.0,2.0,0.0,9.5,0.0,0.0,0.0,,,0.0,-2.0,1.8,3.0,2091,2167.0,0.2,0.1,896,MA上昇配列 / パーフェクトオーダー
4914,高砂香料工業,化学,13.5,13.5,1,803,★☆☆☆☆,0.0,3.5,32,-8.8,0.0,2.0,0.0,8.0,0.0,0.0,0.0,,,0.0,1.8,1.9,6.1,1281,1332.0,1.3,0.2,221,MA上昇配列
9843,ニトリホールディングス,小売業,13.5,13.5,1,804,★☆☆☆☆,0.0,5.0,29,-20.1,0.0,3.0,0.0,5.5,0.0,0.0,0.0,,,0.0,7.2,3.4,6.7,2826,3030.0,0.0,0.2,10692,MA上昇配列
6143,ソディック,機械,13.5,13.5,1,805,★☆☆☆☆,0.0,10.0,2,12.9,0.0,0.0,0.0,3.5,0.0,0.0,0.0,,,0.0,6.5,4.7,1.3,1589,1754.0,5.2,0.3,928,RS転換2日目 / RS加速+12.9
9076,セイノーホールディングス,陸運業,13.5,13.5,1,806,★☆☆☆☆,0.0,2.0,-1,-8.3,0.0,2.0,0.0,9.5,0.0,0.0,0.0,,,0.0,-3.9,1.8,1.0,2655,2757.0,-1.5,0.2,1210,MA上昇配列 / パーフェクトオーダー
8130,サンゲツ,卸売業,13.5,13.5,1,807,★☆☆☆☆,0.0,2.0,-1,-12.6,0.0,0.0,0.0,11.5,0.0,0.0,0.0,,,0.0,-6.1,1.1,2.2,3128,3200.0,0.6,0.2,452,MA上昇配列 / 52週高値目前
8439,東京センチュリー,その他金融業,13.5,13.5,1,808,★☆☆☆☆,0.0,0.0,-1,-1.4,0.0,0.0,0.0,13.5,0.0,0.0,0.0,,,0.0,-5.5,1.9,4.4,2583,2686.5,5.1,0.5,1807,MA上昇配列 / パーフェクトオーダー / 52週高値目前
4676,フジ・メディア・ホールディングス,情報・通信業,13.5,13.5,1,809,★☆☆☆☆,0.0,4.0,-1,-11.8,0.0,0.0,0.0,9.5,0.0,0.0,0.0,,,0.0,-8.1,2.3,0.7,3944,4135.0,-0.2,0.4,2328,25MA上抜け0日目 / MA上昇配列 / パーフェクトオーダー
4385,メルカリ,情報・通信業,13.4,13.4,1,810,★☆☆☆☆,0.0,4.0,-1,-9.3,0.0,2.0,0.0,5.0,0.0,2.4,0.0,,,0.0,-1.9,4.4,0.9,4219,4626.0,-2.5,0.3,9514,25MA上抜け1日目 / MA上昇配列 / パーフェクトオーダー / 開示[自己株式の取得](3日前)
167A,リョーサン菱洋ホールディングス,卸売業,13.3,13.3,1,811,★☆☆☆☆,0.0,3.5,32,-8.6,0.0,3.3,0.0,6.5,0.0,0.0,0.0,,,0.0,2.3,2.5,4.0,3025,3185.0,2.4,0.2,561,買い出来高優勢 / MA上昇配列
1813,不動テトラ,建設業,13.3,13.3,1,812,★☆☆☆☆,0.0,2.0,-1,-3.8,0.0,3.3,0.0,8.0,0.0,0.0,0.0,,,0.0,-0.6,2.0,3.5,2766,2878.0,2.0,0.3,198,買い出来高優勢 / MA上昇配列
5232,住友大阪セメント,ガラス・土石製品,13.3,13.3,1,813,★☆☆☆☆,0.0,4.0,-1,-0.0,0.0,3.3,0.0,6.0,0.0,0.0,0.0,,,0.0,-3.2,3.1,0.0,5317,5666.0,2.4,0.1,1903,25MA上抜け2日目 / 買い出来高優勢 / MA上昇配列 / パーフェクトオーダー
6988,日東電工,化学,13.3,13.299999999999999,1,814,★☆☆☆☆,0.0,4.0,-1,-10.1,0.0,2.0,0.0,5.2,0.0,2.1,0.0,,,0.0,-6.6,2.3,1.0,3322,3480.0,1.9,0.2,9133,25MA上抜け0日目 / MA上昇配列 / 開示[自己株式の取得](4日前)
2918,わらべや日洋ホールディングス,食料品,13.3,13.3,1,815,★☆☆☆☆,0.0,2.0,-1,-12.2,0.0,3.3,0.0,8.0,0.0,0.0,0.0,,,0.0,-7.8,1.3,1.1,2713,2784.0,-1.0,0.8,303,買い出来高優勢 / MA上昇配列
9832,オートバックスセブン,卸売業,13.3,13.3,1,816,★☆☆☆☆,0.0,2.0,-1,-12.7,0.0,0.0,0.0,9.0,0.0,2.3,0.0,,,0.0,-9.1,1.2,1.7,1525,1562.0,0.5,1.0,305,MA上昇配列 / 開示[業績予想の修正](1日前)
5482,愛知製鋼,鉄鋼,13.2,13.2,1,817,★☆☆☆☆,0.0,4.0,-1,-8.7,0.0,1.0,0.0,8.2,0.0,0.0,0.0,,,0.0,-6.2,2.3,2.0,3084,3235.0,2.2,0.1,502,25MA上抜け6日目 / MA上昇配列 / パーフェクトオーダー
4452,花王,化学,13.2,13.2,1,818,★☆☆☆☆,0.0,2.0,-1,-11.6,0.0,3.0,0.0,8.2,0.0,0.0,0.0,,,0.0,-0.7,2.1,4.2,3470,3623.0,1.9,0.2,14271,MA上昇配列 / パーフェクトオーダー
7059,コプロ・ホールディングス,サービス業,13.2,13.2,1,819,★☆☆☆☆,0.0,3.5,36,-6.9,0.0,3.0,0.0,6.7,0.0,0.0,0.0,,,0.0,6.1,3.0,7.2,868,924.0,1.5,0.2,156,MA上昇配列
6925,ウシオ電機,電気機器,13.2,13.2,1,820,★☆☆☆☆,0.0,10.0,1,11.5,0.0,2.0,0.0,1.2,0.0,0.0,0.0,,,0.0,2.4,4.0,-0.7,3652,3970.0,3.8,0.1,1856,RS転換1日目 / RS加速+11.5
7453,良品計画,小売業,13.2,13.2,1,821,★☆☆☆☆,0.0,4.0,-1,-5.3,0.0,1.0,0.0,8.2,0.0,0.0,0.0,,,0.0,-4.3,2.8,1.0,4108,4351.0,3.1,0.3,11343,25MA上抜け0日目 / MA上昇配列 / パーフェクトオーダー
3168,ＭＥＲＦ,卸売業,13.2,13.2,1,822,★☆☆☆☆,0.0,5.0,24,-7.0,0.0,2.0,0.0,6.2,0.0,0.0,0.0,,,0.0,9.8,5.7,3.4,1268,1432.0,0.7,0.6,158,MA上昇配列 / パーフェクトオーダー
6486,イーグル工業,機械,13.2,13.2,1,823,★☆☆☆☆,0.0,4.0,-1,-6.3,0.0,2.0,0.0,7.2,0.0,0.0,0.0,,,0.0,-5.5,1.6,1.4,2953,3050.0,2.0,0.1,290,25MA上抜け2日目 / MA上昇配列 / パーフェクトオーダー
6570,共和コーポレーション,サービス業,13.2,13.2,1,824,★☆☆☆☆,0.0,4.5,47,-20.7,0.0,4.0,0.0,9.7,0.0,0.0,-5.0,,,0.0,72.7,10.0,33.4,3093,3865.0,-0.4,0.3,292,資金流入増 / MA上昇配列 / パーフェクトオーダー / 過熱⚠25MA+33%
8253,クレディセゾン,その他金融業,13.2,13.2,1,825,★☆☆☆☆,0.0,4.0,-1,-5.4,0.0,1.0,0.0,8.2,0.0,0.0,0.0,,,0.0,-4.9,2.2,1.0,4502,4708.0,1.1,0.2,2928,25MA上抜け7日目 / MA上昇配列 / パーフェクトオーダー
4902,コニカミノルタ,電気機器,13.2,13.2,1,826,★☆☆☆☆,0.0,4.0,-1,-14.4,0.0,1.0,0.0,8.2,0.0,0.0,0.0,,,0.0,-12.0,3.5,2.0,615,661.5999755859375,2.1,0.2,2689,25MA上抜け6日目 / MA上昇配列 / パーフェクトオーダー
8022,美津濃,その他製品,13.2,13.2,1,827,★☆☆☆☆,0.0,2.0,-1,-14.5,0.0,3.0,0.0,8.2,0.0,0.0,0.0,,,0.0,-0.4,4.2,3.3,3740,4080.0,0.0,0.5,1184,MA上昇配列 / パーフェクトオーダー
6590,芝浦メカトロニクス,電気機器,13.1,13.1,1,828,★☆☆☆☆,9.1,4.0,-1,20.2,0.0,0.0,0.0,0.0,0.0,0.0,0.0,,NVIDIA,1.0,-4.7,5.8,-6.3,3638,4115.0,2.1,0.2,8334,RS加速+20.2 / NVIDIA+9.4%連動(β0.24) 実反応+1.2%
9031,西日本鉄道,陸運業,13.0,13.0,1,829,★☆☆☆☆,0.0,0.0,-1,-11.8,0.0,1.0,0.0,12.0,0.0,0.0,0.0,,,0.0,-10.1,1.8,1.3,3008,3118.0,-0.8,0.2,552,MA上昇配列 / パーフェクトオーダー
3291,飯田グループホールディングス,不動産業,13.0,13.0,1,830,★☆☆☆☆,0.0,2.0,-1,-13.1,0.0,2.0,0.0,9.0,0.0,0.0,0.0,,,0.0,-7.2,1.8,2.1,2263,2349.5,-0.5,0.2,1302,MA上昇配列
9021,西日本旅客鉄道,陸運業,13.0,13.0,1,831,★☆☆☆☆,0.0,4.0,-1,-14.9,0.0,0.0,0.0,9.0,0.0,0.0,0.0,,,0.0,-13.0,1.7,0.5,2872,2976.0,0.6,0.2,6465,25MA上抜け3日目 / MA上昇配列
2379,ディップ,サービス業,13.0,13.0,1,832,★☆☆☆☆,0.0,4.0,-1,-15.4,0.0,1.0,0.0,8.0,0.0,0.0,0.0,,,0.0,-9.2,1.4,0.7,1770,1820.0,-0.7,1.0,589,25MA上抜け7日目 / MA上昇配列
5892,ｙｕｔｏｒｉ,小売業,13.0,13.0,1,833,★☆☆☆☆,0.0,5.0,29,-6.4,0.0,3.0,0.0,8.0,0.0,0.0,-3.0,,,0.0,19.3,5.8,15.9,2345,2655.0,8.1,0.4,189,MA上昇配列 / 伸びすぎ注意(25MA+16%)
9336,大栄環境,サービス業,13.0,13.0,1,834,★☆☆☆☆,0.0,4.0,-1,-7.4,0.0,2.0,0.0,7.0,0.0,0.0,0.0,,,0.0,-6.3,2.6,3.3,3686,3890.0,3.2,0.4,538,25MA上抜け5日目
7269,スズキ,輸送用機器,13.0,13.0,1,835,★☆☆☆☆,0.0,4.0,-1,-10.9,0.0,0.0,0.0,9.0,0.0,0.0,0.0,,,0.0,-7.4,2.4,5.1,2060,2161.5,2.8,0.2,14782,25MA上抜け6日目 / MA上昇配列
3608,ＴＳＩホールディングス,繊維製品,13.0,13.0,1,836,★☆☆☆☆,0.0,2.0,-1,-12.8,0.0,0.0,0.0,11.0,0.0,0.0,0.0,,,0.0,-8.8,1.7,0.5,1210,1252.0,-1.4,0.9,303,MA上昇配列 / パーフェクトオーダー
1938,日本リーテック,建設業,13.0,13.0,1,837,★☆☆☆☆,0.0,4.0,-1,-0.1,0.0,3.0,0.0,6.0,0.0,0.0,0.0,,,0.0,-1.7,2.5,3.3,2421,2550.0,3.5,0.2,303,25MA上抜け5日目
1925,大和ハウス工業,建設業,13.0,13.0,1,838,★☆☆☆☆,0.0,4.0,-1,-14.0,0.0,0.0,0.0,9.0,0.0,0.0,0.0,,,0.0,-10.7,1.3,0.8,4573,4690.0,0.0,0.2,8472,25MA上抜け6日目 / MA上昇配列
8708,アイザワ証券グループ,証券、商品先物取引業,13.0,13.0,1,839,★☆☆☆☆,0.0,3.5,36,-0.8,0.0,2.0,0.0,7.5,0.0,0.0,0.0,,,0.0,6.4,2.0,9.3,1804,1879.0,6.9,0.6,246,MA上昇配列 / パーフェクトオーダー / RSI過熱(87)⚠
5911,横河ブリッジホールディングス,金属製品,13.0,13.0,1,840,★☆☆☆☆,0.0,2.0,-1,-9.1,0.0,1.0,0.0,10.0,0.0,0.0,0.0,,,0.0,-6.5,1.0,1.5,2945,3005.0,0.7,0.2,288,MA上昇配列
8056,ＢＩＰＲＯＧＹ,情報・通信業,13.0,13.0,1,841,★☆☆☆☆,0.0,4.0,-1,-13.2,0.0,1.0,0.0,8.0,0.0,0.0,0.0,,,0.0,-13.0,2.6,3.5,4551,4805.0,5.7,0.3,2651,25MA上抜け2日目 / MA上昇配列
9045,京阪ホールディングス,陸運業,13.0,13.0,1,842,★☆☆☆☆,0.0,4.0,-1,-13.8,0.0,1.0,0.0,8.0,0.0,0.0,0.0,,,0.0,-12.0,1.4,0.4,3127,3216.0,0.1,0.2,885,25MA上抜け5日目 / MA上昇配列
3088,マツキヨココカラ＆カンパニー,小売業,13.0,13.0,1,843,★☆☆☆☆,0.0,4.0,-1,-15.1,0.0,1.0,0.0,8.0,0.0,0.0,0.0,,,0.0,-9.2,2.0,2.6,2493,2598.5,1.0,0.4,3590,25MA上抜け7日目 / MA上昇配列
8081,カナデン,卸売業,13.0,13.0,1,844,★☆☆☆☆,0.0,4.0,-1,-3.5,0.0,1.0,0.0,8.0,0.0,0.0,0.0,,,0.0,-3.0,2.3,4.2,2465,2586.0,2.4,0.4,169,25MA上抜け6日目
3496,アズーム,不動産業,13.0,13.0,1,845,★☆☆☆☆,0.0,2.0,-1,-11.4,0.0,2.0,0.0,9.0,0.0,0.0,0.0,,,0.0,-1.3,2.7,5.7,4714,4985.0,3.7,0.2,246,MA上昇配列
9404,日本テレビホールディングス,情報・通信業,13.0,13.0,1,846,★☆☆☆☆,0.0,4.0,-1,-12.9,0.0,1.0,0.0,8.0,0.0,0.0,0.0,,,0.0,-7.6,2.0,2.5,2891,3009.0,1.8,0.1,1379,25MA上抜け10日目 / MA上昇配列
9682,ＤＴＳ,情報・通信業,13.0,13.0,1,847,★☆☆☆☆,0.0,4.0,-1,-16.5,0.0,0.0,0.0,9.0,0.0,0.0,0.0,,,0.0,-10.6,2.3,3.5,1088,1140.0,2.2,0.2,637,25MA上抜け8日目 / MA上昇配列
6196,ストライクグループ,サービス業,13.0,13.0,1,848,★☆☆☆☆,0.0,4.0,-1,-13.0,0.0,1.0,0.0,8.0,0.0,0.0,0.0,,,0.0,-10.4,1.8,0.9,1302,1350.0,-0.7,0.2,502,25MA上抜け6日目 / MA上昇配列
4503,アステラス製薬,医薬品,13.0,13.0,1,849,★☆☆☆☆,0.0,2.0,-1,-15.2,0.0,2.0,0.0,9.0,0.0,0.0,0.0,,,0.0,-4.1,2.2,2.7,2264,2369.5,-0.7,0.3,13639,MA上昇配列
6727,ワコム,電気機器,13.0,13.0,1,850,★☆☆☆☆,0.0,4.0,-1,-10.9,0.0,2.0,0.0,7.0,0.0,0.0,0.0,,,0.0,-5.3,2.3,4.3,793,831.0,4.7,0.2,453,25MA上抜け6日目
8410,セブン銀行,銀行業,13.0,13.0,1,851,★☆☆☆☆,0.0,2.0,-1,-12.8,0.0,0.0,0.0,11.0,0.0,0.0,0.0,,,0.0,-4.5,2.4,2.7,321,337.6000061035156,1.5,0.2,2012,MA上昇配列 / パーフェクトオーダー / 52週高値目前
9505,北陸電力,電気・ガス業,13.0,13.0,1,852,★☆☆☆☆,0.0,2.0,-1,-13.1,0.0,2.0,0.0,9.0,0.0,0.0,0.0,,,0.0,-8.3,2.2,1.9,936,978.2000122070312,-1.3,0.5,782,MA上昇配列
1719,安藤・間,建設業,13.0,13.0,1,853,★☆☆☆☆,0.0,2.0,-1,-7.1,0.0,2.0,0.0,9.0,0.0,0.0,0.0,,,0.0,-3.1,1.4,2.7,1862,1915.5,1.4,0.2,1354,MA上昇配列
7733,オリンパス,精密機器,13.0,13.0,1,854,★☆☆☆☆,0.0,3.5,32,-18.1,0.0,2.0,0.0,7.5,0.0,0.0,0.0,,,0.0,8.4,3.3,8.1,2014,2157.0,-0.5,0.4,9835,MA上昇配列 / パーフェクトオーダー
2327,日鉄ソリューションズ,情報・通信業,13.0,13.0,1,855,★☆☆☆☆,0.0,4.0,-1,-10.1,0.0,0.0,0.0,9.0,0.0,0.0,0.0,,,0.0,-5.6,2.1,4.4,3845,4015.0,3.9,0.4,834,25MA上抜け6日目 / MA上昇配列
4552,ＪＣＲファーマ,医薬品,13.0,13.0,1,856,★☆☆☆☆,0.0,4.0,-1,-2.7,0.0,1.0,0.0,8.0,0.0,0.0,0.0,,,0.0,-0.6,3.3,5.1,505,540.0,2.1,0.3,321,25MA上抜け8日目 / MA上昇配列
1878,大東建託,不動産業,13.0,13.0,1,857,★☆☆☆☆,0.0,4.0,-1,-16.6,0.0,0.0,0.0,9.0,0.0,0.0,0.0,,,0.0,-12.9,1.4,0.8,3227,3323.0,0.2,0.1,5211,25MA上抜け6日目 / MA上昇配列
9715,トランス・コスモス,サービス業,13.0,13.0,1,858,★☆☆☆☆,0.0,4.0,-1,-14.1,0.0,1.0,0.0,8.0,0.0,0.0,0.0,,,0.0,-13.2,1.5,0.8,3611,3720.0,0.5,0.3,319,25MA上抜け5日目
9936,王将フードサービス,小売業,13.0,13.0,1,859,★☆☆☆☆,0.0,4.0,-1,-13.3,0.0,1.0,0.0,8.0,0.0,0.0,0.0,,,0.0,-11.3,1.3,1.0,2888,2964.0,0.4,0.2,677,25MA上抜け5日目 / MA上昇配列
3549,クスリのアオキホールディングス,小売業,13.0,13.0,1,860,★☆☆☆☆,0.0,2.0,-1,-19.6,0.0,2.0,0.0,9.0,0.0,0.0,0.0,,,0.0,-8.2,2.4,3.5,3974,4175.0,1.6,0.3,800,MA上昇配列
5449,大阪製鐵,鉄鋼,13.0,13.0,1,861,★☆☆☆☆,0.0,4.0,-1,-6.7,0.0,1.0,0.0,8.0,0.0,0.0,0.0,,,0.0,-4.4,3.5,7.5,2704,2908.0,9.1,0.3,105,25MA上抜け2日目 / MA上昇配列
6306,日工,機械,13.0,13.0,1,862,★☆☆☆☆,0.0,2.0,-1,-12.7,0.0,0.0,0.0,11.0,0.0,0.0,0.0,,,0.0,-4.6,2.1,2.7,986,1030.0,-0.4,0.4,128,MA上昇配列 / パーフェクトオーダー / 52週高値目前
1820,西松建設,建設業,13.0,13.0,1,863,★☆☆☆☆,0.0,2.0,-1,-7.2,0.0,2.0,0.0,9.0,0.0,0.0,0.0,,,0.0,-4.2,1.5,1.7,5348,5518.0,0.6,0.2,667,MA上昇配列
1518,三井松島ホールディングス,その他製品,13.0,13.0,1,864,★☆☆☆☆,0.0,2.0,-1,-23.0,0.0,0.0,0.0,11.0,0.0,0.0,0.0,,,0.0,-5.5,2.1,2.0,2250,2347.0,2.8,0.4,925,MA上昇配列 / パーフェクトオーダー / 52週高値目前
2229,カルビー,食料品,13.0,13.0,1,865,★☆☆☆☆,0.0,2.0,-1,-15.2,0.0,2.0,0.0,9.0,0.0,0.0,0.0,,,0.0,-9.7,1.4,1.3,2969,3057.0,-0.4,0.1,934,MA上昇配列
5461,中部鋼鈑,鉄鋼,13.0,13.0,1,866,★☆☆☆☆,0.0,4.0,-1,-9.2,0.0,1.0,0.0,8.0,0.0,0.0,0.0,,,0.0,-9.3,1.7,1.1,2041,2112.0,1.6,0.4,203,25MA上抜け4日目 / MA上昇配列
4595,ミズホメディー,医薬品,13.0,13.0,1,867,★☆☆☆☆,0.0,2.0,-1,-9.8,0.0,1.0,0.0,10.0,0.0,0.0,0.0,,,0.0,-4.8,1.2,2.2,1689,1732.0,0.6,0.4,168,MA上昇配列
6460,セガサミーホールディングス,機械,13.0,13.0,1,868,★☆☆☆☆,0.0,2.0,-1,-17.2,0.0,2.0,0.0,9.0,0.0,0.0,0.0,,,0.0,-1.8,2.9,10.4,2902,3084.0,10.5,0.3,2980,MA上昇配列
1882,東亜道路工業,建設業,13.0,13.0,1,869,★☆☆☆☆,0.0,4.0,-1,-10.3,0.0,0.0,0.0,9.0,0.0,0.0,0.0,,,0.0,-8.8,1.1,0.5,1588,1624.0,0.3,0.5,564,25MA上抜け6日目 / MA上昇配列
7458,第一興商,卸売業,13.0,13.0,1,870,★☆☆☆☆,0.0,2.0,-1,-14.9,0.0,1.0,0.0,10.0,0.0,0.0,0.0,,,0.0,-7.5,1.5,2.3,1816,1874.0,0.1,0.3,396,MA上昇配列 / パーフェクトオーダー
4816,東映アニメーション,情報・通信業,13.0,13.0,1,871,★☆☆☆☆,0.0,2.0,-1,-14.8,0.0,1.0,0.0,10.0,0.0,0.0,0.0,,,0.0,-6.4,3.6,5.2,2820,3040.0,7.2,0.2,1439,MA上昇配列 / パーフェクトオーダー
4568,第一三共,医薬品,13.0,13.0,1,872,★☆☆☆☆,0.0,4.0,-1,-9.9,0.0,1.0,0.0,8.0,0.0,0.0,0.0,,,0.0,-6.4,2.7,5.7,2771,2927.0,3.3,0.4,17384,25MA上抜け6日目 / MA上昇配列
2982,ＡＤワークスグループ,不動産業,13.0,13.0,1,873,★☆☆☆☆,0.0,4.0,-1,-7.9,0.0,0.0,0.0,9.0,0.0,0.0,0.0,,,0.0,-5.1,2.0,2.5,409,426.0,1.2,0.3,126,25MA上抜け6日目 / MA上昇配列
4023,クレハ,化学,12.8,12.8,1,874,★☆☆☆☆,0.0,2.0,-1,-5.8,0.0,3.3,0.0,7.5,0.0,0.0,0.0,,,0.0,-2.0,2.1,2.1,4316,4505.0,1.1,0.2,1155,買い出来高優勢 / MA上昇配列
8174,日本瓦斯,小売業,12.8,12.8,1,875,★☆☆☆☆,0.0,2.0,-1,-10.8,0.0,3.3,0.0,7.5,0.0,0.0,0.0,,,0.0,-6.7,1.5,3.0,2892,2980.5,0.7,0.1,606,買い出来高優勢 / MA上昇配列 / RSI過熱(93)⚠
7839,ＳＨＯＥＩ,その他製品,12.8,12.8,1,876,★☆☆☆☆,0.0,2.0,-1,-12.2,0.0,3.3,0.0,7.5,0.0,0.0,0.0,,,0.0,-1.1,1.8,4.3,2037,2113.0,1.7,0.2,389,買い出来高優勢 / MA上昇配列 / パーフェクトオーダー
3696,セレス,情報・通信業,12.7,12.7,1,877,★☆☆☆☆,0.0,4.0,-1,-11.2,0.0,0.0,0.0,8.7,0.0,0.0,0.0,,,0.0,-3.3,4.1,5.7,2084,2270.0,0.1,0.3,404,25MA上抜け9日目 / MA上昇配列 / パーフェクトオーダー
9003,相鉄ホールディングス,陸運業,12.7,12.7,1,878,★☆☆☆☆,0.0,4.0,-1,-18.9,0.0,1.0,0.0,7.7,0.0,0.0,0.0,,,0.0,-14.5,1.5,1.9,2549,2627.5,-0.3,0.2,781,25MA上抜け8日目 / MA上昇配列
2733,あらた,卸売業,12.7,12.7,1,879,★☆☆☆☆,0.0,4.0,-1,-11.4,0.0,2.0,0.0,6.7,0.0,0.0,0.0,,,0.0,-6.8,1.3,3.6,2651,2719.0,1.3,0.3,204,25MA上抜け8日目 / MA上昇配列
7545,西松屋チェーン,小売業,12.7,12.7,1,880,★☆☆☆☆,0.0,4.0,-1,-14.0,0.0,2.0,0.0,6.7,0.0,0.0,0.0,,,0.0,-8.6,1.7,0.7,1942,2012.0,0.0,0.1,851,25MA上抜け8日目 / MA上昇配列
3076,あい　ホールディングス,卸売業,12.7,12.7,1,881,★☆☆☆☆,0.0,2.0,-1,-14.8,0.0,1.0,0.0,9.7,0.0,0.0,0.0,,,0.0,-4.9,1.8,2.5,2882,2987.0,1.8,0.2,460,MA上昇配列 / パーフェクトオーダー / 52週高値目前
8101,ＧＳＩクレオス,卸売業,12.7,12.7,1,882,★☆☆☆☆,0.0,2.0,-1,-10.4,0.0,1.0,0.0,9.7,0.0,0.0,0.0,,,0.0,-7.1,2.4,1.2,2608,2741.0,-1.2,0.2,100,MA上昇配列 / パーフェクトオーダー / 52週高値目前
6753,シャープ,電気機器,12.7,12.7,1,883,★☆☆☆☆,0.0,4.0,-1,-11.0,0.0,2.0,0.0,6.7,0.0,0.0,0.0,,,0.0,-5.3,3.8,2.5,599,648.0999755859375,1.1,0.2,2278,25MA上抜け2日目 / MA上昇配列
8001,伊藤忠商事,卸売業,12.7,12.7,1,884,★☆☆☆☆,0.0,4.0,-1,-9.4,0.0,0.0,0.0,8.7,0.0,0.0,0.0,,,0.0,-3.3,2.3,3.5,2014,2113.0,1.6,0.2,24947,25MA上抜け6日目 / MA上昇配列
6480,日本トムソン,機械,12.7,12.7,1,885,★☆☆☆☆,0.0,10.0,2,11.2,0.0,0.0,0.0,2.7,0.0,0.0,0.0,,,0.0,4.8,5.2,-1.0,1593,1779.0,4.5,0.1,2315,RS転換2日目 / RS加速+11.2
2353,日本駐車場開発,不動産業,12.7,12.7,1,886,★☆☆☆☆,0.0,2.0,-1,-11.6,0.0,2.0,0.0,8.7,0.0,0.0,0.0,,,0.0,-1.8,1.7,3.9,260,269.0,0.0,0.3,527,MA上昇配列
5445,東京鐵鋼,鉄鋼,12.7,12.7,1,887,★☆☆☆☆,0.0,2.0,-1,-8.1,0.0,2.0,0.0,8.7,0.0,0.0,0.0,,,0.0,-4.1,1.4,2.5,1977,2036.0,1.0,0.1,213,MA上昇配列
9347,日本管財ホールディングス,サービス業,12.7,12.7,1,888,★☆☆☆☆,0.0,2.0,-1,-12.1,0.0,2.0,0.0,8.7,0.0,0.0,0.0,,,0.0,-6.7,1.2,2.3,2826,2895.0,0.2,0.7,156,MA上昇配列
4684,オービック,情報・通信業,12.7,12.7,1,889,★☆☆☆☆,0.0,2.0,-1,-14.8,0.0,2.0,0.0,8.7,0.0,0.0,0.0,,,0.0,-0.5,2.4,10.0,4836,5077.0,7.4,1.0,6619,MA上昇配列
9435,光通信,情報・通信業,12.7,12.7,1,890,★☆☆☆☆,0.0,4.0,-1,-13.3,0.0,1.0,0.0,7.7,0.0,0.0,0.0,,,0.0,-5.7,2.2,3.2,38837,40660.0,3.2,0.2,3878,25MA上抜け6日目 / MA上昇配列
6178,日本郵政,サービス業,12.7,12.7,1,891,★☆☆☆☆,0.0,0.0,-1,-3.4,0.0,2.0,0.0,10.7,0.0,0.0,0.0,,,0.0,-7.9,2.2,1.1,2309,2415.5,3.4,0.3,9966,MA上昇配列 / パーフェクトオーダー
7593,ＶＴホールディングス,小売業,12.7,12.7,1,892,★☆☆☆☆,0.0,2.0,-1,-13.7,0.0,2.0,0.0,8.7,0.0,0.0,0.0,,,0.0,-1.1,2.1,4.8,511,533.0,-1.5,0.3,237,MA上昇配列
8153,モスフードサービス,卸売業,12.7,12.7,1,893,★☆☆☆☆,0.0,4.0,-1,-14.8,0.0,1.0,0.0,7.7,0.0,0.0,0.0,,,0.0,-9.1,1.7,2.7,3816,3950.0,0.3,0.5,369,25MA上抜け7日目 / MA上昇配列
9828,Ｇｅｎｋｉ　Ｇｌｏｂａｌ　Ｄｉｎｉｎｇ　Ｃｏｎｃｅｐｔｓ,小売業,12.7,12.7,1,894,★☆☆☆☆,0.0,4.0,-1,-13.9,0.0,0.0,0.0,8.7,0.0,0.0,0.0,,,0.0,-11.0,2.2,4.5,3397,3555.0,4.3,0.4,223,25MA上抜け7日目 / MA上昇配列 / パーフェクトオーダー
3284,フージャースホールディングス,不動産業,12.5,12.5,1,895,★☆☆☆☆,0.0,2.0,-1,-11.8,0.0,3.0,0.0,7.5,0.0,0.0,0.0,,,0.0,-2.9,1.5,3.9,1285,1326.0,-0.5,0.3,254,MA上昇配列 / RSI過熱(88)⚠
7747,朝日インテック,精密機器,12.5,12.5,1,896,★☆☆☆☆,0.0,2.0,-1,-20.4,0.0,1.0,0.0,9.5,0.0,0.0,0.0,,,0.0,-0.8,3.8,1.7,3577,3873.0,-4.2,0.2,4930,MA上昇配列 / パーフェクトオーダー / 開示[上方修正](14日前)
6425,ユニバーサルエンターテインメント,機械,12.5,12.5,1,897,★☆☆☆☆,0.0,5.0,15,-8.8,0.0,2.0,0.0,5.5,0.0,0.0,0.0,,,0.0,3.0,4.7,3.8,665,733.0,0.7,0.2,188,MA上昇配列
4543,テルモ,精密機器,12.5,12.5,1,898,★☆☆☆☆,0.0,2.0,-1,-21.3,0.0,2.0,0.0,8.5,0.0,0.0,0.0,,,0.0,-1.6,3.4,4.0,2388,2563.0,-0.2,0.2,11889,MA上昇配列 / パーフェクトオーダー
6227,ＡＩメカテック,機械,12.5,12.5,1,899,★☆☆☆☆,0.0,10.0,1,25.1,0.0,0.0,0.0,2.5,0.0,0.0,0.0,,,0.0,7.4,7.3,1.3,5576,6530.0,10.3,0.6,6551,RS転換1日目 / RS加速+25.1
8995,誠建設工業,不動産業,12.5,12.5,1,900,★☆☆☆☆,0.0,5.0,24,-33.5,0.0,2.0,0.0,5.5,0.0,0.0,0.0,,,0.0,61.9,20.0,12.7,904,1505.0,-2.5,0.1,465,資金流入増 / MA上昇配列
8125,ワキタ,卸売業,12.5,12.5,1,901,★☆☆☆☆,0.0,2.0,-1,-11.1,0.0,3.0,0.0,7.5,0.0,0.0,0.0,,,0.0,-5.7,1.2,2.0,1883,1929.0,0.3,1.3,319,MA上昇配列
2801,キッコーマン,食料品,12.5,12.5,1,902,★☆☆☆☆,0.0,2.0,-1,-17.6,0.0,1.0,0.0,9.5,0.0,0.0,0.0,,,0.0,-2.5,2.4,3.8,1725,1810.0,-1.5,0.2,6681,MA上昇配列 / パーフェクトオーダー
2767,円谷フィールズホールディングス,卸売業,12.5,12.5,1,903,★☆☆☆☆,0.0,2.0,-1,-74.3,0.0,2.0,0.0,8.5,0.0,0.0,0.0,,,0.0,-0.4,3.3,9.7,2422,2591.0,2.0,0.2,2547,資金流入増 / MA上昇配列 / パーフェクトオーダー
7094,ＮｅｘＴｏｎｅ,サービス業,12.5,12.5,1,904,★☆☆☆☆,0.0,3.5,39,-6.4,0.0,4.0,0.0,8.0,0.0,0.0,-3.0,,,0.0,19.8,3.6,16.9,1791,1930.0,9.2,0.8,203,資金流入増 / MA上昇配列 / 伸びすぎ注意(25MA+17%)
8057,内田洋行,卸売業,12.5,12.5,1,905,★☆☆☆☆,0.0,2.0,-1,-7.5,0.0,1.0,0.0,9.5,0.0,0.0,0.0,,,0.0,-1.0,1.7,7.0,2234,2311.0,5.0,0.5,263,MA上昇配列 / パーフェクトオーダー / RSI過熱(86)⚠
5027,ＡｎｙＭｉｎｄ　Ｇｒｏｕｐ,情報・通信業,12.5,12.5,1,906,★☆☆☆☆,0.0,3.5,39,-10.0,0.0,5.3,0.0,8.7,0.0,0.0,-5.0,,,0.0,39.6,5.8,26.0,729,825.0,2.7,0.6,360,買い出来高優勢 / 資金流入増 / MA上昇配列 / パーフェクトオーダー / 過熱⚠25MA+26%
3315,日本コークス工業,石油・石炭製品,12.5,12.5,1,907,★☆☆☆☆,0.0,3.5,31,-0.5,0.0,1.0,0.0,8.0,0.0,0.0,0.0,,,0.0,4.2,4.0,3.3,95,103.0,1.0,0.3,608,MA上昇配列
8276,平和堂,小売業,12.5,12.5,1,908,★☆☆☆☆,0.0,2.0,-1,-18.2,0.0,4.0,0.0,6.5,0.0,0.0,0.0,,,0.0,-8.6,1.8,0.4,2592,2687.0,-2.4,0.1,932,資金流入増 / MA上昇配列
8281,ゼビオホールディングス,小売業,12.5,12.5,1,909,★☆☆☆☆,0.0,2.0,-1,-14.5,0.0,2.0,0.0,8.5,0.0,0.0,0.0,,,0.0,-3.2,2.9,2.2,1105,1172.0,-3.3,0.3,163,MA上昇配列 / パーフェクトオーダー
9044,ＮＡＮＫＡＩ,陸運業,12.5,12.5,1,910,★☆☆☆☆,0.0,4.0,-1,-17.6,0.0,1.0,0.0,7.5,0.0,0.0,0.0,,,0.0,-12.4,1.7,3.0,2972,3075.0,1.1,0.4,680,25MA上抜け8日目 / MA上昇配列 / RSI過熱(87)⚠
3491,ＧＡ　ｔｅｃｈｎｏｌｏｇｉｅｓ,不動産業,12.5,12.5,1,911,★☆☆☆☆,0.0,3.5,33,-16.0,0.0,1.0,0.0,8.0,0.0,0.0,0.0,,,0.0,4.5,3.3,6.0,1474,1577.0,-0.7,0.3,271,MA上昇配列
4894,クオリプス,医薬品,12.5,12.5,1,912,★☆☆☆☆,0.0,7.5,39,29.8,0.0,2.0,0.0,8.0,0.0,0.0,-5.0,,,0.0,36.6,5.4,20.5,5365,6020.0,16.0,0.9,590,RS加速+29.8 / MA上昇配列 / 過熱⚠25MA+21%
141A,トライアルホールディングス,小売業,12.5,12.5,1,913,★☆☆☆☆,0.0,3.5,42,-8.9,0.0,4.3,0.0,7.7,0.0,0.0,-3.0,,,0.0,22.6,5.0,15.0,3616,4020.0,2.6,0.3,3014,買い出来高優勢 / MA上昇配列 / 伸びすぎ注意(25MA+15%)
8060,キヤノンマーケティングジャパン,卸売業,12.2,12.2,1,914,★☆☆☆☆,0.0,4.0,-1,-7.5,0.0,0.0,0.0,8.2,0.0,0.0,0.0,,,0.0,-5.9,2.0,2.2,3533,3677.0,1.9,0.4,1466,25MA上抜け0日目 / MA上昇配列 / パーフェクトオーダー
7280,ミツバ,電気機器,12.2,12.2,1,915,★☆☆☆☆,0.0,3.5,36,-9.7,0.0,0.0,0.0,8.7,0.0,0.0,0.0,,,0.0,6.0,2.6,8.3,1275,1346.0,0.0,0.6,329,MA上昇配列 / パーフェクトオーダー
6588,東芝テック,電気機器,12.2,12.2,1,916,★☆☆☆☆,0.0,4.0,-1,-2.5,0.0,2.0,0.0,6.2,0.0,0.0,0.0,,,0.0,-6.5,3.8,1.9,2959,3205.0,6.5,0.2,463,25MA上抜け0日目 / MA上昇配列 / パーフェクトオーダー
6960,フクダ電子,電気機器,12.2,12.2,1,917,★☆☆☆☆,0.0,4.0,-1,-4.6,0.0,0.0,0.0,8.2,0.0,0.0,0.0,,,0.0,-1.7,2.5,1.0,11277,11860.0,2.5,0.2,536,25MA上抜け4日目 / MA上昇配列 / パーフェクトオーダー
2730,エディオン,小売業,12.2,12.2,1,918,★☆☆☆☆,0.0,2.0,-1,-10.4,0.0,2.0,0.0,8.2,0.0,0.0,0.0,,,0.0,-7.0,1.7,0.7,2442,2529.0,-0.7,0.2,694,MA上昇配列 / パーフェクトオーダー
9616,共立メンテナンス,サービス業,12.2,12.2,1,919,★☆☆☆☆,0.0,4.0,-1,-21.1,0.0,0.0,0.0,8.2,0.0,0.0,0.0,,,0.0,-7.8,2.8,1.8,3233,3426.0,-1.6,0.2,4029,25MA上抜け8日目 / MA上昇配列 / パーフェクトオーダー
2702,日本マクドナルドホールディングス,小売業,12.2,12.2,1,920,★☆☆☆☆,0.0,4.0,-1,-17.7,0.0,0.0,0.0,8.2,0.0,0.0,0.0,,,0.0,-10.2,2.2,0.1,7634,7990.0,-1.0,0.3,5292,25MA上抜け7日目 / MA上昇配列 / パーフェクトオーダー
3668,コロプラ,情報・通信業,12.2,12.2,1,921,★☆☆☆☆,0.0,3.5,32,-10.2,0.0,2.0,0.0,6.7,0.0,0.0,0.0,,,0.0,5.0,2.4,7.5,422,443.0,0.9,0.3,252,MA上昇配列
5032,ＡＮＹＣＯＬＯＲ,情報・通信業,12.2,12.2,1,922,★☆☆☆☆,0.0,3.5,33,-11.3,0.0,2.0,0.0,6.7,0.0,0.0,0.0,,,0.0,4.7,2.5,9.5,2875,3025.0,6.9,0.5,1330,MA上昇配列
3941,レンゴー,パルプ・紙,12.2,12.2,1,923,★☆☆☆☆,0.0,2.0,-1,-11.3,0.0,2.0,0.0,8.2,0.0,0.0,0.0,,,0.0,-4.3,2.0,0.7,1509,1572.0,-0.2,0.1,1561,MA上昇配列 / パーフェクトオーダー
5851,リョービ,非鉄金属,12.2,12.2,1,924,★☆☆☆☆,0.0,2.0,-1,-11.4,0.0,2.0,0.0,8.2,0.0,0.0,0.0,,,0.0,-0.1,2.1,1.8,2639,2756.0,-1.4,0.2,362,MA上昇配列 / パーフェクトオーダー
7013,ＩＨＩ,機械,12.2,12.2,1,925,★☆☆☆☆,0.0,0.0,-1,-0.9,11.0,0.0,0.0,1.2,0.0,0.0,0.0,,,0.0,-7.7,3.7,-0.9,2565,2771.0,3.7,0.3,40574,防衛(+2.5%)
4112,保土谷化学工業,化学,12.2,12.2,1,926,★☆☆☆☆,0.0,5.0,28,-5.0,0.0,3.3,0.0,2.2,0.0,1.7,0.0,,,0.0,4.1,3.0,3.4,2112,2249.0,-1.0,0.3,102,買い出来高優勢 / 開示[子会社化](2日前)
4413,ボードルア,情報・通信業,12.0,12.0,1,927,★☆☆☆☆,0.0,0.0,-1,-17.9,0.0,1.0,0.0,11.0,0.0,0.0,0.0,,,0.0,-10.3,3.6,2.5,2753,2966.0,-1.8,0.7,1116,MA上昇配列 / パーフェクトオーダー
4687,ＴＤＣソフト,情報・通信業,12.0,12.0,1,928,★☆☆☆☆,0.0,4.0,-1,-20.3,0.0,0.0,0.0,8.0,0.0,0.0,0.0,,,0.0,-15.0,2.8,1.4,979,1037.0,1.5,0.3,107,25MA上抜け6日目 / MA上昇配列
2811,カゴメ,食料品,12.0,12.0,1,929,★☆☆☆☆,0.0,4.0,-1,-13.4,0.0,0.0,0.0,8.0,0.0,0.0,0.0,,,0.0,-11.9,1.5,1.2,2634,2715.0,0.5,0.2,925,25MA上抜け6日目 / MA上昇配列
1885,東亜建設工業,建設業,12.0,12.0,1,930,★☆☆☆☆,0.0,4.0,-1,-3.2,0.0,2.0,0.0,6.0,0.0,0.0,0.0,,,0.0,-2.7,3.0,3.2,2000,2127.0,3.5,0.2,916,25MA上抜け6日目
1887,日本国土開発,建設業,12.0,12.0,1,931,★☆☆☆☆,0.0,2.0,-1,-8.0,0.0,2.0,0.0,8.0,0.0,0.0,0.0,,,0.0,-1.0,1.5,3.8,536,552.0,0.7,0.2,156,MA上昇配列
7198,ＳＢＩアルヒ,その他金融業,12.0,12.0,1,932,★☆☆☆☆,0.0,2.0,-1,-10.5,0.0,2.0,0.0,8.0,0.0,0.0,0.0,,,0.0,-4.0,1.6,1.9,815,842.0,-0.4,0.2,111,MA上昇配列
7965,象印マホービン,電気機器,12.0,12.0,1,933,★☆☆☆☆,0.0,2.0,-1,-13.1,0.0,2.0,0.0,8.0,0.0,0.0,0.0,,,0.0,-6.8,1.4,2.3,1446,1487.0,0.9,0.2,194,MA上昇配列
6395,タダノ,機械,12.0,12.0,1,934,★☆☆☆☆,0.0,4.0,-1,-6.5,0.0,2.0,0.0,6.0,0.0,0.0,0.0,,,0.0,-4.3,2.6,0.1,1305,1376.0,2.5,0.2,546,25MA上抜け4日目 / MA上昇配列 / パーフェクトオーダー
8914,エリアリンク,不動産業,12.0,12.0,1,935,★☆☆☆☆,0.0,4.0,-1,-12.1,0.0,0.0,0.0,8.0,0.0,0.0,0.0,,,0.0,-13.6,3.0,0.6,891,948.0,1.7,0.2,108,25MA上抜け6日目 / MA上昇配列
6535,アイモバイル,サービス業,12.0,12.0,1,936,★☆☆☆☆,0.0,2.0,-1,-7.1,0.0,2.0,0.0,8.0,0.0,0.0,0.0,,,0.0,-4.3,2.0,1.7,490,510.0,-1.0,0.1,180,MA上昇配列
9900,サガミホールディングス,小売業,12.0,12.0,1,937,★☆☆☆☆,0.0,2.0,-1,-16.1,0.0,1.0,0.0,9.0,0.0,0.0,0.0,,,0.0,-0.9,2.9,5.0,1062,1127.0,3.9,0.6,269,MA上昇配列 / 52週高値目前
1934,ユアテック,建設業,12.0,12.0,1,938,★☆☆☆☆,0.0,2.0,-1,-9.6,0.0,2.0,0.0,8.0,0.0,0.0,0.0,,,0.0,-1.3,2.0,4.3,2453,2557.0,1.7,0.7,375,MA上昇配列
7203,トヨタ自動車,輸送用機器,12.0,12.0,1,939,★☆☆☆☆,0.0,4.0,-1,-14.9,0.0,0.0,0.0,8.0,0.0,0.0,0.0,,,0.0,-8.1,2.0,2.8,2988,3113.0,-0.6,0.3,81992,25MA上抜け6日目 / MA上昇配列
7630,壱番屋,小売業,12.0,12.0,1,940,★☆☆☆☆,0.0,2.0,-1,-17.1,0.0,2.0,0.0,8.0,0.0,0.0,0.0,,,0.0,-10.1,1.4,1.2,911,937.0,-0.2,1.5,391,MA上昇配列
4985,アース製薬,化学,12.0,12.0,1,941,★☆☆☆☆,0.0,2.0,-1,-13.6,0.0,2.0,0.0,8.0,0.0,0.0,0.0,,,0.0,-6.6,1.3,2.4,4783,4910.0,-0.2,0.1,309,MA上昇配列
3252,地主,不動産業,12.0,12.0,1,942,★☆☆☆☆,0.0,2.0,-1,-9.4,0.0,1.0,0.0,9.0,0.0,0.0,0.0,,,0.0,-5.5,1.6,1.4,2876,2973.0,-1.7,0.1,359,MA上昇配列
2791,大黒天物産,小売業,12.0,12.0,1,943,★☆☆☆☆,0.0,4.0,-1,-13.8,0.0,0.0,0.0,8.0,0.0,0.0,0.0,,,0.0,-11.6,2.2,1.0,4371,4575.0,0.7,0.2,211,25MA上抜け10日目 / MA上昇配列
7685,ＢｕｙＳｅｌｌ　Ｔｅｃｈｎｏｌｏｇｉｅｓ,卸売業,12.0,12.0,1,944,★☆☆☆☆,0.0,6.0,1,-0.7,0.0,1.0,0.0,5.0,0.0,0.0,0.0,,,0.0,2.1,5.3,2.0,2889,3230.0,1.1,0.2,1386,RS転換1日目 / 開示[業績予想の修正](14日前)
3741,セック,情報・通信業,12.0,12.0,1,945,★☆☆☆☆,0.0,5.0,21,-4.0,0.0,1.0,0.0,6.0,0.0,0.0,0.0,,,0.0,4.6,3.3,4.1,3025,3240.0,0.9,0.4,235,-
2742,ハローズ,小売業,12.0,12.0,1,946,★☆☆☆☆,0.0,2.0,-1,-16.1,0.0,2.0,0.0,8.0,0.0,0.0,0.0,,,0.0,-8.8,2.1,1.9,3754,3915.0,0.1,0.3,138,MA上昇配列
4681,リゾートトラスト,サービス業,12.0,12.0,1,947,★☆☆☆☆,0.0,2.0,-1,-16.3,0.0,0.0,0.0,10.0,0.0,0.0,0.0,,,0.0,-6.6,2.5,3.0,1775,1869.0,0.8,0.2,1082,MA上昇配列
4716,日本オラクル,情報・通信業,12.0,12.0,1,948,★☆☆☆☆,0.0,2.0,-1,-15.9,0.0,2.0,0.0,8.0,0.0,0.0,0.0,,,0.0,-3.3,2.6,5.1,9069,9560.0,3.5,0.4,2191,MA上昇配列
4169,ＥＮＥＣＨＡＮＧＥ,情報・通信業,12.0,12.0,1,949,★☆☆☆☆,0.0,3.5,39,-13.4,0.0,3.0,0.0,5.5,0.0,0.0,0.0,,,0.0,22.6,9.6,7.4,236,292.0,-4.6,0.2,510,資金流入増 / MA上昇配列
4151,協和キリン,医薬品,12.0,12.0,1,950,★☆☆☆☆,0.0,0.0,-1,-7.9,0.0,2.0,0.0,10.0,0.0,0.0,0.0,,,0.0,-8.0,1.9,2.4,2544,2643.5,2.6,0.2,2741,MA上昇配列 / パーフェクトオーダー
7949,小松ウオール工業,その他製品,12.0,12.0,1,951,★☆☆☆☆,0.0,2.0,-1,-14.9,0.0,0.0,0.0,10.0,0.0,0.0,0.0,,,0.0,-7.1,1.3,2.5,2766,2839.0,0.5,0.4,138,MA上昇配列
8871,ゴールドクレスト,不動産業,12.0,12.0,1,952,★☆☆☆☆,0.0,4.0,-1,-8.0,0.0,1.0,0.0,7.0,0.0,0.0,0.0,,,0.0,-7.3,1.5,1.0,3241,3340.0,-0.6,0.2,175,25MA上抜け6日目
8278,フジ,小売業,12.0,12.0,1,953,★☆☆☆☆,0.0,2.0,-1,-15.2,0.0,2.0,0.0,8.0,0.0,0.0,0.0,,,0.0,-7.7,1.5,2.6,2021,2081.0,0.1,1.0,306,MA上昇配列
3817,ＳＲＡホールディングス,情報・通信業,12.0,12.0,1,954,★☆☆☆☆,0.0,2.0,-1,-10.2,0.0,1.0,0.0,9.0,0.0,0.0,0.0,,,0.0,-2.8,2.0,4.0,4766,4970.0,2.5,0.3,177,MA上昇配列
5410,合同製鐵,鉄鋼,12.0,12.0,1,955,★☆☆☆☆,0.0,2.0,-1,-10.1,0.0,2.0,0.0,8.0,0.0,0.0,0.0,,,0.0,-2.4,1.7,4.0,2941,3045.0,2.5,0.2,265,MA上昇配列
2749,ＪＰホールディングス,サービス業,12.0,12.0,1,956,★☆☆☆☆,0.0,2.0,-1,-12.1,0.0,1.0,0.0,9.0,0.0,0.0,0.0,,,0.0,-5.2,2.2,3.1,633,661.0,0.2,0.2,181,MA上昇配列
9509,北海道電力,電気・ガス業,12.0,12.0,1,957,★☆☆☆☆,0.0,2.0,-1,-10.0,0.0,2.0,0.0,8.0,0.0,0.0,0.0,,,0.0,-1.9,2.3,3.0,1027,1076.5,-1.1,0.3,1976,MA上昇配列
7231,トピー工業,輸送用機器,12.0,12.0,1,958,★☆☆☆☆,0.0,2.0,-1,-11.0,0.0,1.0,0.0,9.0,0.0,0.0,0.0,,,0.0,-4.3,1.9,2.9,2939,3055.0,-1.3,0.1,168,MA上昇配列
1332,ニッスイ,水産・農林業,12.0,12.0,1,959,★☆☆☆☆,0.0,4.0,-1,-12.4,0.0,1.0,0.0,7.0,0.0,0.0,0.0,,,0.0,-8.4,1.9,0.5,1238,1286.5,-1.4,0.3,1824,25MA上抜け10日目
3922,ＰＲ　ＴＩＭＥＳ,情報・通信業,12.0,12.0,1,960,★☆☆☆☆,0.0,4.0,-1,-6.0,0.0,3.3,0.0,4.7,0.0,0.0,0.0,,,0.0,-2.9,1.7,4.0,2125,2198.0,2.7,0.7,104,25MA上抜け9日目 / 買い出来高優勢
7476,アズワン,卸売業,12.0,12.0,1,961,★☆☆☆☆,0.0,4.0,-1,-12.1,0.0,0.0,0.0,8.0,0.0,0.0,0.0,,,0.0,-11.5,1.7,2.2,2397,2480.0,2.4,0.1,336,25MA上抜け4日目 / MA上昇配列
7148,ＦＰＧ,証券、商品先物取引業,12.0,12.0,1,962,★☆☆☆☆,0.0,4.0,-1,-13.4,0.0,0.0,0.0,8.0,0.0,0.0,0.0,,,0.0,-7.4,1.6,1.5,1611,1664.0,0.2,0.2,884,25MA上抜け6日目 / MA上昇配列
5210,日本山村硝子,ガラス・土石製品,12.0,12.0,1,963,★☆☆☆☆,0.0,2.0,-1,-5.2,0.0,2.0,0.0,8.0,0.0,0.0,0.0,,,0.0,-0.5,2.0,2.7,2837,2958.0,-0.3,0.1,150,MA上昇配列
3086,Ｊ．フロント　リテイリング,小売業,12.0,12.0,1,964,★☆☆☆☆,0.0,0.0,-1,-7.4,0.0,1.0,0.0,11.0,0.0,0.0,0.0,,,0.0,-4.2,2.2,3.7,2936,3071.0,2.5,0.7,2989,MA上昇配列 / パーフェクトオーダー
3431,宮地エンジニアリンググループ,金属製品,12.0,12.0,1,965,★☆☆☆☆,0.0,2.0,-1,-12.1,0.0,2.0,0.0,8.0,0.0,0.0,0.0,,,0.0,-6.6,1.4,1.4,1581,1626.0,-0.8,0.3,128,MA上昇配列
4528,小野薬品工業,医薬品,12.0,12.0,1,966,★☆☆☆☆,0.0,2.0,-1,-10.7,0.0,0.0,0.0,10.0,0.0,0.0,0.0,,,0.0,-8.0,2.0,1.3,2355,2451.0,0.1,0.2,3740,MA上昇配列 / パーフェクトオーダー
8425,みずほリース,その他金融業,12.0,12.0,1,967,★☆☆☆☆,0.0,2.0,-1,-9.4,0.0,0.0,0.0,10.0,0.0,0.0,0.0,,,0.0,-5.2,1.2,1.8,1345,1379.0,0.3,0.3,807,MA上昇配列
7241,フタバ産業,輸送用機器,12.0,12.0,1,968,★☆☆☆☆,0.0,2.0,-1,-11.9,0.0,0.0,0.0,10.0,0.0,0.0,0.0,,,0.0,-0.8,1.7,4.3,1075,1114.0,-0.2,0.3,282,MA上昇配列
6417,ＳＡＮＫＹＯ,機械,12.0,12.0,1,969,★☆☆☆☆,0.0,2.0,-1,-16.4,0.0,2.0,0.0,8.0,0.0,0.0,0.0,,,0.0,-3.2,1.9,5.3,1926,2002.0,4.8,0.3,1827,MA上昇配列
4507,塩野義製薬,医薬品,12.0,12.0,1,970,★☆☆☆☆,0.0,4.0,-1,-15.6,0.0,0.0,0.0,8.0,0.0,0.0,0.0,,,0.0,-12.5,1.9,0.6,2788,2895.5,-0.8,0.1,7049,25MA上抜け6日目 / MA上昇配列
5541,大平洋金属,鉄鋼,12.0,12.0,1,971,★☆☆☆☆,0.0,3.5,31,-7.0,0.0,3.0,0.0,5.5,0.0,0.0,0.0,,,0.0,6.1,3.3,5.3,2526,2707.0,3.2,0.2,669,MA上昇配列
9793,ダイセキ,サービス業,12.0,12.0,1,972,★☆☆☆☆,0.0,4.0,-1,-8.7,0.0,2.0,0.0,6.0,0.0,0.0,0.0,,,0.0,-7.8,1.5,0.5,3683,3795.0,0.9,0.4,425,25MA上抜け5日目
6458,新晃工業,機械,12.0,12.0,1,973,★☆☆☆☆,0.0,4.0,-1,-6.7,0.0,2.0,0.0,6.0,0.0,0.0,0.0,,,0.0,-5.9,1.6,1.7,1218,1257.0,1.2,0.3,302,25MA上抜け6日目
2326,デジタルアーツ,情報・通信業,11.9,11.9,1,974,★☆☆☆☆,0.0,3.5,36,-2.0,0.0,2.0,0.0,5.5,0.0,0.9,0.0,,,0.0,7.1,3.2,7.2,4410,4715.0,7.9,0.4,703,MA上昇配列 / 開示[自己株式の取得](10日前)
4966,上村工業,化学,11.9,5.5,2,975,★☆☆☆☆,0.0,4.0,-1,8.8,0.0,0.0,0.0,0.0,0.0,1.5,0.0,,,0.0,-10.6,4.2,-7.1,18190,19870.0,2.8,0.2,1884,RS加速+8.8 / 開示[自己株式の取得](7日前)
7906,ヨネックス,その他製品,11.8,11.8,1,976,★☆☆☆☆,0.0,2.0,-1,-12.3,0.0,4.3,0.0,5.5,0.0,0.0,0.0,,,0.0,-3.0,4.1,3.7,2565,2796.0,0.8,0.1,1589,買い出来高優勢 / MA上昇配列
9716,乃村工藝社,サービス業,11.7,11.7,1,977,★☆☆☆☆,0.0,2.0,-1,-6.4,0.0,2.0,0.0,7.7,0.0,0.0,0.0,,,0.0,-1.9,1.7,4.6,1201,1243.0,2.1,0.5,330,MA上昇配列
9023,東京地下鉄,陸運業,11.7,11.7,1,978,★☆☆☆☆,0.0,4.0,-1,-13.9,0.0,1.0,0.0,6.7,0.0,0.0,0.0,,,0.0,-9.5,1.2,0.5,1437,1473.0,-0.5,0.2,2466,25MA上抜け6日目 / MA上昇配列
9511,沖縄電力,電気・ガス業,11.7,11.7,1,979,★☆☆☆☆,0.0,3.5,32,-9.7,0.0,3.0,0.0,5.2,0.0,0.0,0.0,,,0.0,17.0,1.9,7.1,1116,1161.0,-1.3,0.3,397,資金流入増 / MA上昇配列
6455,モリタホールディングス,輸送用機器,11.7,11.7,1,980,★☆☆☆☆,0.0,4.0,-1,-9.4,0.0,2.0,0.0,5.7,0.0,0.0,0.0,,,0.0,-9.9,1.5,2.9,2429,2505.0,3.3,0.3,177,25MA上抜け5日目
6962,大真空,電気機器,11.7,11.7,1,981,★☆☆☆☆,0.0,7.0,11,1.1,0.0,1.0,0.0,3.7,0.0,0.0,0.0,,,0.0,3.4,4.0,2.2,729,792.0,0.9,0.2,290,-
4290,プレステージ・インターナショナル,サービス業,11.7,11.7,1,982,★☆☆☆☆,0.0,2.0,-1,-20.3,0.0,2.0,0.0,7.7,0.0,0.0,0.0,,,0.0,-7.5,1.5,2.8,710,732.0,-0.5,0.9,346,MA上昇配列 / 52週高値目前
256A,飛島ホールディングス,建設業,11.7,11.7,1,983,★☆☆☆☆,0.0,2.0,-1,-5.2,0.0,2.0,0.0,7.7,0.0,0.0,0.0,,,0.0,-1.7,1.7,4.1,2105,2181.0,2.2,0.3,441,MA上昇配列
4477,ＢＡＳＥ,情報・通信業,11.7,11.7,1,984,★☆☆☆☆,0.0,4.0,-1,-8.7,0.0,1.0,0.0,6.7,0.0,0.0,0.0,,,0.0,-3.8,2.7,5.2,300,317.0,1.6,0.5,221,25MA上抜け6日目 / MA上昇配列
6326,クボタ,機械,11.7,11.7,1,985,★☆☆☆☆,0.0,4.0,-1,-4.1,0.0,2.0,0.0,5.7,0.0,0.0,0.0,,,0.0,-6.5,2.9,3.4,2665,2827.5,4.3,0.2,12773,25MA上抜け4日目
7931,未来工業,化学,11.7,11.7,1,986,★☆☆☆☆,0.0,3.5,36,-5.1,0.0,2.0,0.0,6.2,0.0,0.0,0.0,,,0.0,1.1,2.6,4.5,3512,3705.0,0.1,0.2,108,MA上昇配列 / パーフェクトオーダー
4958,長谷川香料,化学,11.7,11.7,1,987,★☆☆☆☆,0.0,2.0,-1,-10.9,0.0,0.0,0.0,9.7,0.0,0.0,0.0,,,0.0,-6.5,1.4,0.1,3224,3315.0,-2.1,0.2,192,MA上昇配列 / パーフェクトオーダー / 52週高値目前
7483,ドウシシャ,卸売業,11.7,11.7,1,988,★☆☆☆☆,0.0,4.0,-1,-10.4,0.0,0.0,0.0,7.7,0.0,0.0,0.0,,,0.0,-8.7,1.6,0.6,2926,3020.0,0.0,0.2,208,25MA上抜け6日目 / MA上昇配列
7421,カッパ・クリエイト,小売業,11.7,11.7,1,989,★☆☆☆☆,0.0,4.0,-1,-15.4,0.0,0.0,0.0,7.7,0.0,0.0,0.0,,,0.0,-9.0,1.6,2.8,1585,1638.0,1.8,0.4,127,25MA上抜け8日目 / MA上昇配列
1605,ＩＮＰＥＸ,鉱業,11.7,11.7,1,990,★☆☆☆☆,0.0,2.0,-1,-8.7,0.0,1.0,0.0,8.7,0.0,0.0,0.0,,,0.0,-1.2,2.8,4.3,3652,3866.0,-2.2,0.3,16221,MA上昇配列 / パーフェクトオーダー
3349,コスモス薬品,小売業,11.7,11.7,1,991,★☆☆☆☆,0.0,4.0,-1,-17.4,0.0,1.0,0.0,6.7,0.0,0.0,0.0,,,0.0,-12.7,2.4,0.8,6220,6536.0,1.2,0.2,2164,25MA上抜け7日目 / MA上昇配列
3636,三菱総合研究所,情報・通信業,11.5,11.5,1,992,★☆☆☆☆,0.0,2.0,-1,-10.5,0.0,2.0,0.0,7.5,0.0,0.0,0.0,,,0.0,-2.6,1.8,4.7,4884,5070.0,1.2,0.2,232,MA上昇配列 / RSI過熱(87)⚠
3091,ブロンコビリー,小売業,11.5,11.5,1,993,★☆☆☆☆,0.0,2.0,-1,-21.6,0.0,0.0,0.0,9.5,0.0,0.0,0.0,,,0.0,-8.8,2.5,4.5,2664,2807.0,2.0,0.2,238,MA上昇配列 / パーフェクトオーダー
3632,グリーホールディングス,情報・通信業,11.5,11.5,1,994,★☆☆☆☆,0.0,2.0,-1,-9.2,0.0,2.0,0.0,7.5,0.0,0.0,0.0,,,0.0,-1.5,2.2,3.2,406,425.0,1.2,0.4,267,MA上昇配列 / パーフェクトオーダー
9755,応用地質,サービス業,11.5,11.5,1,995,★☆☆☆☆,0.0,2.0,-1,-10.9,0.0,1.0,0.0,8.5,0.0,0.0,0.0,,,0.0,-7.5,1.6,0.7,2767,2861.0,-1.0,0.2,187,MA上昇配列 / パーフェクトオーダー
6222,島精機製作所,機械,11.5,11.5,1,996,★☆☆☆☆,0.0,3.5,32,-10.3,0.0,0.0,0.0,8.0,0.0,0.0,0.0,,,0.0,2.3,1.8,5.3,956,991.0,1.8,0.3,146,MA上昇配列
6996,ニチコン,電気機器,11.5,11.5,1,997,★☆☆☆☆,0.0,10.0,0,12.4,0.0,0.0,0.0,1.5,0.0,0.0,0.0,,,0.0,0.6,4.8,-3.2,2490,2752.0,2.0,0.5,3027,RS転換0日目 / RS加速+12.4
9746,ＴＫＣ,情報・通信業,11.5,11.5,1,998,★☆☆☆☆,0.0,2.0,-1,-16.9,0.0,2.0,0.0,7.5,0.0,0.0,0.0,,,0.0,-5.0,2.0,5.1,3983,4145.0,2.7,0.2,335,MA上昇配列 / RSI過熱(93)⚠
4343,イオンファンタジー,サービス業,11.5,11.5,1,999,★☆☆☆☆,0.0,2.0,-1,-16.7,0.0,4.0,0.0,5.5,0.0,0.0,0.0,,,0.0,-4.5,2.1,2.7,2743,2866.0,-1.0,1.7,261,MA上昇配列
6278,ユニオンツール,機械,11.5,11.5,1,1000,★☆☆☆☆,0.0,10.0,1,22.3,0.0,0.0,0.0,1.5,0.0,0.0,0.0,,,0.0,1.0,6.1,-6.6,13023,14840.0,2.7,0.2,5281,RS転換1日目 / RS加速+22.3
2594,キーコーヒー,食料品,11.5,11.5,1,1001,★☆☆☆☆,0.0,2.0,-1,-9.5,0.0,2.0,0.0,7.5,0.0,0.0,0.0,,,0.0,-6.1,0.8,2.0,2016,2048.0,1.0,1.1,149,MA上昇配列 / RSI過熱(89)⚠
2124,ジェイエイシーリクルートメント,サービス業,11.5,11.5,1,1002,★☆☆☆☆,0.0,2.0,-1,-16.0,0.0,3.0,0.0,6.5,0.0,0.0,0.0,,,0.0,-7.2,3.5,1.9,921,990.0,0.6,0.3,825,MA上昇配列
7979,松風,精密機器,11.5,11.5,1,1003,★☆☆☆☆,0.0,2.0,-1,-11.5,0.0,1.0,0.0,8.5,0.0,0.0,0.0,,,0.0,-0.6,2.3,2.8,2217,2322.0,-0.7,0.2,217,MA上昇配列 / パーフェクトオーダー
8306,三菱ＵＦＪフィナンシャル・グループ,銀行業,11.5,11.5,1,1004,★☆☆☆☆,0.0,2.0,-1,1.5,0.0,0.0,0.0,9.5,0.0,0.0,0.0,,,0.0,-4.3,2.3,1.5,3476,3644.0,3.9,0.4,125864,MA上昇配列 / パーフェクトオーダー
6167,冨士ダイス,機械,11.5,11.5,1,1005,★☆☆☆☆,0.0,5.0,15,-6.4,0.0,1.0,0.0,5.5,0.0,0.0,0.0,,,0.0,4.1,3.5,2.8,973,1047.0,-0.9,0.2,116,MA上昇配列
7867,タカラトミー,その他製品,11.5,11.5,1,1006,★☆☆☆☆,0.0,2.0,-1,-14.7,0.0,2.0,0.0,7.5,0.0,0.0,0.0,,,0.0,-8.3,2.2,2.5,3543,3706.0,1.8,0.2,2042,MA上昇配列 / パーフェクトオーダー
4434,サーバーワークス,情報・通信業,11.5,11.5,1,1007,★☆☆☆☆,0.0,2.0,-1,-30.0,0.0,2.0,0.0,7.5,0.0,0.0,0.0,,,0.0,-0.7,3.8,7.7,2362,2556.0,5.1,1.5,124,MA上昇配列 / パーフェクトオーダー
7864,フジシールインターナショナル,その他製品,11.5,11.5,1,1008,★☆☆☆☆,0.0,2.0,-1,-11.3,0.0,0.0,0.0,9.5,0.0,0.0,0.0,,,0.0,-2.1,1.5,2.9,3194,3295.0,0.5,0.1,400,MA上昇配列 / パーフェクトオーダー
4912,ライオン,化学,11.5,11.5,1,1009,★☆☆☆☆,0.0,2.0,-1,-15.0,0.0,0.0,0.0,9.5,0.0,0.0,0.0,,,0.0,-0.1,2.7,4.1,1784,1885.0,-0.5,0.2,2505,MA上昇配列 / パーフェクトオーダー
6809,ＴＯＡ,電気機器,11.5,11.5,1,1010,★☆☆☆☆,0.0,2.0,-1,-8.9,0.0,2.0,0.0,7.5,0.0,0.0,0.0,,,0.0,-3.7,1.5,1.5,1647,1698.0,0.4,0.2,149,MA上昇配列
4187,大阪有機化学工業,化学,11.5,11.5,1,1011,★☆☆☆☆,0.0,10.0,1,16.1,0.0,0.0,0.0,1.5,0.0,0.0,0.0,,,0.0,2.5,3.5,-3.4,4256,4580.0,-0.8,0.1,662,RS転換1日目 / RS加速+16.1
4323,日本システム技術,情報・通信業,11.5,11.5,1,1012,★☆☆☆☆,0.0,4.0,-1,-14.7,0.0,2.0,0.0,5.5,0.0,0.0,0.0,,,0.0,-5.4,3.8,4.0,1821,1969.0,0.8,0.2,120,25MA上抜け7日目 / MA上昇配列
6997,日本ケミコン,電気機器,11.5,11.5,1,1013,★☆☆☆☆,0.0,10.0,0,16.3,0.0,0.0,0.0,1.5,0.0,0.0,0.0,,,0.0,0.4,6.4,-4.2,2477,2841.0,3.4,0.6,2894,RS転換0日目 / RS加速+16.3
5631,日本製鋼所,機械,11.5,11.5,1,1014,★☆☆☆☆,0.0,6.0,-1,1.6,0.0,3.3,0.0,2.2,0.0,0.0,0.0,,,0.0,-2.2,3.5,1.4,7240,7787.0,5.1,0.2,5437,25MA上抜け1日目 / 買い出来高優勢
4478,フリー,情報・通信業,11.3,11.3,1,1015,★☆☆☆☆,0.0,5.5,37,0.7,0.0,5.3,0.0,5.5,0.0,0.0,-5.0,,,0.0,63.3,5.6,42.0,3958,4460.0,18.0,0.8,2337,買い出来高優勢 / 資金流入増 / MA上昇配列 / RSI過熱(91)⚠ / 過熱⚠25MA+42%
6701,日本電気,電気機器,11.2,11.2,1,1016,★☆☆☆☆,0.0,4.0,-1,-19.0,0.0,2.0,0.0,5.2,0.0,0.0,0.0,,,0.0,-8.6,3.7,4.9,4596,4959.0,6.5,0.5,32041,25MA上抜け1日目 / MA上昇配列
4680,ラウンドワン,サービス業,11.2,11.2,1,1017,★☆☆☆☆,0.0,2.0,-1,-12.0,0.0,2.0,0.0,7.2,0.0,0.0,0.0,,,0.0,-0.7,5.1,3.5,1199,1336.0,-0.2,0.2,4026,MA上昇配列 / パーフェクトオーダー
7779,ＣＹＢＥＲＤＹＮＥ,精密機器,11.2,11.2,1,1018,★☆☆☆☆,0.0,8.0,0,-2.0,0.0,1.0,0.0,2.2,0.0,0.0,0.0,,,0.0,2.1,3.6,1.7,218,235.0,0.0,0.7,271,RS転換0日目
7433,伯東,卸売業,11.2,11.2,1,1019,★☆☆☆☆,0.0,2.0,-1,-16.8,0.0,1.0,0.0,8.2,0.0,0.0,0.0,,,0.0,-1.5,2.6,3.2,5005,5280.0,1.1,0.2,576,MA上昇配列 / パーフェクトオーダー
6465,ホシザキ,機械,11.2,11.2,1,1020,★☆☆☆☆,0.0,4.0,-1,-15.5,0.0,0.0,0.0,7.2,0.0,0.0,0.0,,,0.0,-9.9,1.8,0.1,5490,5694.0,0.6,0.1,1824,25MA上抜け6日目 / MA上昇配列 / パーフェクトオーダー
5036,日本ビジネスシステムズ,情報・通信業,11.2,11.2,1,1021,★☆☆☆☆,0.0,4.0,-1,-13.4,0.0,0.0,0.0,7.2,0.0,0.0,0.0,,,0.0,-5.2,3.3,2.8,1533,1640.0,-0.1,0.4,161,25MA上抜け2日目 / MA上昇配列 / パーフェクトオーダー
6965,浜松ホトニクス,電気機器,11.2,11.2,1,1022,★☆☆☆☆,0.0,10.0,2,4.5,0.0,0.0,0.0,1.2,0.0,0.0,0.0,,,0.0,2.8,3.9,-0.2,2194,2378.5,0.5,0.2,6972,RS転換2日目 / RS加速+4.5
9201,日本航空,空運業,11.2,11.2,1,1023,★☆☆☆☆,0.0,2.0,-1,-11.4,0.0,1.0,0.0,8.2,0.0,0.0,0.0,,,0.0,-5.5,1.4,1.4,2958,3046.0,1.5,0.2,6218,MA上昇配列 / パーフェクトオーダー
4849,エン,サービス業,11.2,11.2,1,1024,★☆☆☆☆,0.0,3.5,32,-10.8,0.0,4.0,0.0,6.7,0.0,0.0,-3.0,,,0.0,18.6,3.4,16.2,1564,1678.0,5.3,0.3,426,資金流入増 / MA上昇配列 / 伸びすぎ注意(25MA+16%)
2931,ユーグレナ,食料品,11.0,11.0,1,1025,★☆☆☆☆,0.0,2.0,-1,-10.1,0.0,1.0,0.0,8.0,0.0,0.0,0.0,,,0.0,-3.6,2.5,1.7,337,355.0,-1.4,0.5,285,MA上昇配列
8282,ケーズホールディングス,小売業,11.0,11.0,1,1026,★☆☆☆☆,0.0,2.0,-1,-15.0,0.0,2.0,0.0,7.0,0.0,0.0,0.0,,,0.0,-8.8,2.0,0.6,1859,1935.0,-1.7,0.2,1341,-
8136,サンリオ,卸売業,11.0,11.0,1,1027,★☆☆☆☆,0.0,4.0,-1,-17.7,0.0,2.0,0.0,5.0,0.0,0.0,0.0,,,0.0,-14.2,5.9,0.6,1117,1266.0,7.7,0.4,32906,25MA上抜け0日目 / MA上昇配列 / パーフェクトオーダー
6807,日本航空電子工業,電気機器,11.0,11.0,1,1028,★☆☆☆☆,0.0,2.0,-1,0.5,0.0,2.0,0.0,7.0,0.0,0.0,0.0,,,0.0,-3.6,2.2,4.8,2390,2499.0,5.8,0.3,654,-
3498,霞ヶ関キャピタル,不動産業,11.0,11.0,1,1029,★☆☆☆☆,0.0,3.5,47,-12.7,0.0,2.0,0.0,5.5,0.0,0.0,0.0,,,0.0,2.4,3.4,5.1,7431,7970.0,3.5,0.6,2912,MA上昇配列
4686,ジャストシステム,情報・通信業,11.0,11.0,1,1030,★☆☆☆☆,0.0,2.0,-1,-14.1,0.0,1.0,0.0,8.0,0.0,0.0,0.0,,,0.0,-5.0,2.5,4.3,3986,4200.0,4.1,0.4,344,MA上昇配列
3962,チェンジホールディングス,情報・通信業,11.0,11.0,1,1031,★☆☆☆☆,0.0,2.0,-1,-13.3,0.0,1.0,0.0,8.0,0.0,0.0,0.0,,,0.0,-3.0,2.5,5.3,976,1026.0,1.6,0.5,238,MA上昇配列
2331,ＡＬＳＯＫ,サービス業,11.0,11.0,1,1032,★☆☆☆☆,0.0,2.0,-1,-13.5,0.0,0.0,0.0,9.0,0.0,0.0,0.0,,,0.0,-8.6,1.8,2.2,1153,1197.0,1.1,0.2,1393,MA上昇配列
5019,出光興産,石油・石炭製品,11.0,11.0,1,1033,★☆☆☆☆,0.0,2.0,-1,-8.2,0.0,0.0,0.0,9.0,0.0,0.0,0.0,,,0.0,-3.1,2.5,3.6,1300,1368.5,-1.1,0.2,4810,MA上昇配列
9759,ＮＳＤ,情報・通信業,11.0,11.0,1,1034,★☆☆☆☆,0.0,2.0,-1,-17.7,0.0,0.0,0.0,9.0,0.0,0.0,0.0,,,0.0,-8.7,1.9,4.1,2824,2936.0,2.3,0.2,740,MA上昇配列
3854,アイル,情報・通信業,11.0,11.0,1,1035,★☆☆☆☆,0.0,2.0,-1,-11.7,0.0,1.0,0.0,8.0,0.0,0.0,0.0,,,0.0,-0.0,2.9,6.5,2344,2488.0,0.4,0.7,243,MA上昇配列
9009,京成電鉄,陸運業,11.0,11.0,1,1036,★☆☆☆☆,0.0,2.0,-1,-14.5,0.0,1.0,0.0,8.0,0.0,0.0,0.0,,,0.0,-4.5,1.8,3.3,1293,1341.0,-1.0,0.1,1997,MA上昇配列
1898,世紀東急工業,建設業,11.0,11.0,1,1037,★☆☆☆☆,0.0,2.0,-1,-11.8,0.0,0.0,0.0,9.0,0.0,0.0,0.0,,,0.0,-9.1,1.0,0.7,1464,1495.0,-0.3,0.4,263,MA上昇配列
1721,コムシスホールディングス,建設業,11.0,11.0,1,1038,★☆☆☆☆,0.0,4.0,-1,-7.3,0.0,0.0,0.0,7.0,0.0,0.0,0.0,,,0.0,-5.4,1.9,1.4,5163,5370.0,2.1,0.2,2326,25MA上抜け4日目
6644,大崎電気工業,電気機器,11.0,11.0,1,1039,★☆☆☆☆,0.0,4.0,-1,-1.7,0.0,1.0,0.0,6.0,0.0,0.0,0.0,,,0.0,-0.8,2.4,2.5,1491,1565.0,2.8,0.3,442,25MA上抜け5日目
1815,鉄建建設,建設業,11.0,11.0,1,1040,★☆☆☆☆,0.0,4.0,-1,-0.4,0.0,0.0,0.0,7.0,0.0,0.0,0.0,,,0.0,-3.4,2.1,3.8,4376,4565.0,4.8,0.2,449,25MA上抜け4日目
1301,極洋,水産・農林業,11.0,11.0,1,1041,★☆☆☆☆,0.0,2.0,-1,-12.7,0.0,0.0,0.0,9.0,0.0,0.0,0.0,,,0.0,-5.2,1.4,2.3,4616,4750.0,-0.7,0.3,226,MA上昇配列
1662,石油資源開発,鉱業,11.0,11.0,1,1042,★☆☆☆☆,0.0,2.0,-1,-8.5,0.0,1.0,0.0,8.0,0.0,0.0,0.0,,,0.0,-1.8,2.6,4.2,1773,1869.0,-0.4,0.2,2305,MA上昇配列
9956,バローホールディングス,小売業,11.0,11.0,1,1043,★☆☆☆☆,0.0,4.0,-1,-13.1,0.0,1.0,0.0,6.0,0.0,0.0,0.0,,,0.0,-11.2,1.9,1.2,3161,3285.0,1.1,0.1,667,25MA上抜け6日目
9424,日本通信,情報・通信業,11.0,11.0,1,1044,★☆☆☆☆,0.0,4.0,-1,-12.0,0.0,1.0,0.0,6.0,0.0,0.0,0.0,,,0.0,-6.0,3.8,2.7,108,117.0,-0.8,0.5,244,25MA上抜け3日目
7172,ジャパンインベストメントアドバイザー,証券、商品先物取引業,11.0,11.0,1,1045,★☆☆☆☆,0.0,0.0,-1,-5.0,0.0,0.0,0.0,11.0,0.0,0.0,0.0,,,0.0,-7.9,1.4,2.0,2058,2117.0,1.8,0.1,521,MA上昇配列 / パーフェクトオーダー
4481,ベース,情報・通信業,11.0,11.0,1,1046,★☆☆☆☆,0.0,2.0,-1,-13.8,0.0,1.0,0.0,8.0,0.0,0.0,0.0,,,0.0,-3.9,2.7,5.0,3216,3400.0,1.2,0.5,307,MA上昇配列
6758,ソニーグループ,電気機器,11.0,11.0,1,1047,★☆☆☆☆,0.0,2.0,-1,-14.4,0.0,0.0,0.0,9.0,0.0,0.0,0.0,,,0.0,-3.9,2.6,5.9,3744,3953.0,4.4,0.3,59611,MA上昇配列
2317,システナ,情報・通信業,11.0,11.0,1,1048,★☆☆☆☆,0.0,2.0,-1,-17.0,0.0,0.0,0.0,9.0,0.0,0.0,0.0,,,0.0,-11.1,2.0,3.9,434,452.0,2.7,0.7,490,MA上昇配列
7012,川崎重工業,輸送用機器,11.0,11.0,1,1049,★☆☆☆☆,0.0,0.0,-1,-4.0,11.0,0.0,0.0,0.0,0.0,0.0,0.0,,,0.0,-9.8,3.3,-3.7,2453,2628.5,1.0,0.3,31154,防衛(+2.5%)
3635,コーエーテクモホールディングス,情報・通信業,11.0,11.0,1,1050,★☆☆☆☆,0.0,2.0,-1,-17.4,0.0,1.0,0.0,8.0,0.0,0.0,0.0,,,0.0,-5.0,2.3,4.9,1640,1717.0,2.7,0.2,1621,MA上昇配列
7994,オカムラ,その他製品,11.0,11.0,1,1051,★☆☆☆☆,0.0,2.0,-1,-10.4,0.0,0.0,0.0,9.0,0.0,0.0,0.0,,,0.0,-7.8,1.3,1.1,2299,2361.0,0.9,0.2,467,MA上昇配列
4072,電算システムホールディングス,情報・通信業,10.8,10.8,1,1052,★☆☆☆☆,0.0,2.0,-1,-8.4,0.0,3.3,0.0,5.5,0.0,0.0,0.0,,,0.0,-1.3,2.6,3.6,2951,3115.0,1.6,0.3,114,買い出来高優勢 / MA上昇配列
2301,学情,サービス業,10.8,10.8,1,1053,★☆☆☆☆,0.0,2.0,-1,-7.4,0.0,3.3,0.0,5.5,0.0,0.0,0.0,,,0.0,-2.1,1.7,4.6,1672,1732.0,2.2,0.2,154,買い出来高優勢 / MA上昇配列 / RSI過熱(92)⚠
9902,日伝,卸売業,10.8,10.8,1,1054,★☆☆☆☆,0.0,3.5,36,-5.8,0.0,0.0,0.0,6.0,0.0,1.3,0.0,,,0.0,2.2,2.1,0.9,2915,3045.0,0.3,0.1,207,MA上昇配列 / パーフェクトオーダー / 開示[自己株式の取得](8日前)
9006,京浜急行電鉄,陸運業,10.7,10.7,1,1055,★☆☆☆☆,0.0,0.0,-1,-12.6,0.0,0.0,0.0,10.7,0.0,0.0,0.0,,,0.0,-10.9,1.2,1.0,1530,1568.5,0.2,0.2,1152,MA上昇配列 / パーフェクトオーダー
6369,トーヨーカネツ,機械,10.7,10.7,1,1056,★☆☆☆☆,0.0,4.0,-1,-5.0,0.0,0.0,0.0,6.7,0.0,0.0,0.0,,,0.0,-3.9,2.2,1.7,2395,2505.0,2.1,0.2,234,25MA上抜け6日目 / MA上昇配列
2695,くら寿司,小売業,10.7,10.7,1,1057,★☆☆☆☆,0.0,2.0,-1,-15.5,0.0,2.0,0.0,6.7,0.0,0.0,0.0,,,0.0,-4.7,1.7,3.8,1689,1749.0,1.2,0.2,358,MA上昇配列
1833,奥村組,建設業,10.7,10.7,1,1058,★☆☆☆☆,0.0,4.0,-1,-7.8,0.0,0.0,0.0,6.7,0.0,0.0,0.0,,,0.0,-7.2,1.7,1.1,5626,5820.0,1.6,0.4,685,25MA上抜け5日目 / MA上昇配列
197A,タウンズ,医薬品,10.7,10.7,1,1059,★☆☆☆☆,0.0,2.0,-1,-9.4,0.0,2.0,0.0,6.7,0.0,0.0,0.0,,,0.0,-1.6,1.9,4.1,486,505.0,-0.8,0.2,149,MA上昇配列
9974,ベルク,小売業,10.7,10.7,1,1060,★☆☆☆☆,0.0,2.0,-1,-14.6,0.0,1.0,0.0,7.7,0.0,0.0,0.0,,,0.0,-7.1,1.7,3.3,6586,6820.0,2.0,0.3,191,MA上昇配列
9533,東邦瓦斯,電気・ガス業,10.7,10.7,1,1061,★☆☆☆☆,0.0,4.0,-1,-7.8,0.0,1.0,0.0,5.7,0.0,0.0,0.0,,,0.0,-7.0,1.7,2.2,1168,1208.0,-0.6,0.2,993,25MA上抜け9日目
212A,フィットイージー,サービス業,10.7,10.7,1,1062,★☆☆☆☆,0.0,3.5,51,-14.1,0.0,0.0,0.0,7.2,0.0,0.0,0.0,,,0.0,0.9,3.1,0.7,2763,2946.0,-4.5,0.3,321,MA上昇配列 / パーフェクトオーダー
7164,全国保証,その他金融業,10.7,10.7,1,1063,★☆☆☆☆,0.0,2.0,-1,-12.3,0.0,0.0,0.0,8.7,0.0,0.0,0.0,,,0.0,-7.0,1.1,1.9,3130,3201.0,0.4,0.1,1143,MA上昇配列
5842,インテグラル,証券、商品先物取引業,10.5,10.5,1,1064,★☆☆☆☆,0.0,4.0,-1,-19.1,0.0,3.0,0.0,3.5,0.0,0.0,0.0,,,0.0,-6.6,4.4,1.3,2735,3000.0,-5.2,0.3,352,25MA上抜け0日目
4928,ノエビアホールディングス,化学,10.5,10.5,1,1065,★☆☆☆☆,0.0,2.0,-1,-17.6,0.0,1.0,0.0,7.5,0.0,0.0,0.0,,,0.0,-10.2,1.4,1.8,4779,4915.0,0.8,0.2,563,MA上昇配列
3539,ＪＭホールディングス,小売業,10.5,10.5,1,1066,★☆☆☆☆,0.0,2.0,-1,-17.0,0.0,2.0,0.0,6.5,0.0,0.0,0.0,,,0.0,-3.6,1.7,5.7,1454,1505.0,1.5,0.3,230,MA上昇配列
9869,加藤産業,卸売業,10.5,10.5,1,1067,★☆☆☆☆,0.0,2.0,-1,-16.2,0.0,1.0,0.0,7.5,0.0,0.0,0.0,,,0.0,-8.3,2.0,1.4,6300,6560.0,-0.8,0.2,208,MA上昇配列
3397,トリドールホールディングス,小売業,10.5,10.5,1,1068,★☆☆☆☆,0.0,4.0,-1,-20.1,0.0,0.0,0.0,6.5,0.0,0.0,0.0,,,0.0,-11.5,2.2,1.5,4144,4337.0,-0.4,0.4,1301,25MA上抜け7日目 / MA上昇配列
268A,リガク・ホールディングス,精密機器,10.5,10.5,1,1069,★☆☆☆☆,6.5,4.0,-1,5.6,0.0,0.0,0.0,0.0,0.0,0.0,0.0,,Lumentum,0.7,-19.0,7.0,-13.9,1450,1687.0,-0.8,0.3,5442,RS加速+5.6 / Lumentum+15.2%連動(β0.11) 実反応+1.0%
2897,日清食品ホールディングス,食料品,10.5,10.5,1,1070,★☆☆☆☆,0.0,4.0,-1,-17.9,0.0,1.0,0.0,5.5,0.0,0.0,0.0,,,0.0,-9.6,2.0,0.9,2868,2989.5,-3.1,0.2,4792,25MA上抜け7日目 / MA上昇配列
6194,アトラエ,サービス業,10.5,10.5,1,1071,★☆☆☆☆,0.0,2.0,-1,-9.2,0.0,1.0,0.0,7.5,0.0,0.0,0.0,,,0.0,-0.3,3.1,2.9,846,901.0,-0.1,0.5,139,MA上昇配列 / パーフェクトオーダー
8303,ＳＢＩ新生銀行,銀行業,10.5,10.5,1,1072,★☆☆☆☆,0.0,3.5,31,-4.9,0.0,0.0,0.0,7.0,0.0,0.0,0.0,,,0.0,3.8,2.3,3.5,1508,1581.0,0.9,0.3,6031,MA上昇配列
3182,オイシックス,小売業,10.5,10.5,1,1073,★☆☆☆☆,0.0,2.0,-1,-16.8,0.0,1.0,0.0,7.5,0.0,0.0,0.0,,,0.0,-5.1,2.8,2.0,1619,1714.0,-1.8,0.2,155,MA上昇配列 / パーフェクトオーダー
8097,三愛オブリ,卸売業,10.5,10.5,1,1074,★☆☆☆☆,0.0,2.0,-1,-11.4,0.0,1.0,0.0,7.5,0.0,0.0,0.0,,,0.0,-5.6,1.5,2.1,2331,2401.0,-0.5,0.1,198,MA上昇配列
4419,Ｆｉｎａｔｅｘｔホールディングス,情報・通信業,10.5,10.5,1,1075,★☆☆☆☆,0.0,0.0,-1,-0.7,0.0,3.0,0.0,7.5,0.0,0.0,0.0,,,0.0,-12.2,7.2,0.0,1266,1478.0,7.1,0.4,1053,MA上昇配列 / パーフェクトオーダー
9757,船井総研ホールディングス,サービス業,10.5,10.5,1,1076,★☆☆☆☆,0.0,2.0,-1,-11.8,0.0,2.0,0.0,6.5,0.0,0.0,0.0,,,0.0,-5.9,1.3,3.3,1145,1175.0,1.3,0.2,408,MA上昇配列 / RSI過熱(89)⚠
3475,グッドコムアセット,不動産業,10.5,10.5,1,1077,★☆☆☆☆,0.0,2.0,-1,-15.0,0.0,0.0,0.0,8.5,0.0,0.0,0.0,,,0.0,-6.6,1.7,0.9,1513,1565.0,-2.1,0.5,104,MA上昇配列 / パーフェクトオーダー
2288,丸大食品,食料品,10.5,10.5,1,1078,★☆☆☆☆,0.0,0.0,-1,-12.7,0.0,1.0,0.0,9.5,0.0,0.0,0.0,,,0.0,-12.9,1.3,0.9,2207,2267.0,0.8,0.3,250,MA上昇配列 / パーフェクトオーダー / RSI過熱(89)⚠
4045,東亞合成,化学,10.5,10.5,1,1079,★☆☆☆☆,0.0,2.0,-1,-9.3,0.0,0.0,0.0,8.5,0.0,0.0,0.0,,,0.0,-4.3,1.4,0.6,1802,1852.0,0.2,0.1,394,MA上昇配列 / パーフェクトオーダー / 52週高値目前
9830,トラスコ中山,卸売業,10.5,10.5,1,1080,★☆☆☆☆,0.0,4.0,-1,-9.2,0.0,0.0,0.0,6.5,0.0,0.0,0.0,,,0.0,-8.5,2.1,0.8,2309,2411.0,2.2,0.2,308,25MA上抜け2日目 / MA上昇配列
146A,コロンビア・ワークス,不動産業,10.5,10.5,1,1081,★☆☆☆☆,0.0,5.0,11,-9.8,0.0,0.0,0.0,5.5,0.0,0.0,0.0,,,0.0,9.0,4.9,4.9,3273,3630.0,-3.7,0.3,223,MA上昇配列
3676,デジタルハーツホールディングス,情報・通信業,10.5,10.5,1,1082,★☆☆☆☆,0.0,3.5,33,-13.3,0.0,4.0,0.0,3.0,0.0,0.0,0.0,,,0.0,32.6,1.2,13.9,1033,1058.0,-0.1,0.2,419,資金流入増 / MA上昇配列 / RSI過熱(99)⚠
7741,ＨＯＹＡ,精密機器,10.3,1.0,2,1083,★☆☆☆☆,0.0,0.0,-1,-6.0,0.0,0.0,0.0,1.0,0.0,0.0,0.0,,,0.0,-5.2,2.5,-3.1,23247,24450.0,-1.8,0.4,23878,-
8316,三井住友フィナンシャルグループ,銀行業,10.2,10.2,1,1084,★☆☆☆☆,0.0,2.0,-1,2.5,0.0,0.0,0.0,8.2,0.0,0.0,0.0,,,0.0,-4.7,2.2,1.2,6571,6869.0,4.0,0.4,72187,MA上昇配列 / パーフェクトオーダー
2809,キユーピー,食料品,10.2,10.2,1,1085,★☆☆☆☆,0.0,2.0,-1,-16.2,0.0,0.0,0.0,8.2,0.0,0.0,0.0,,,0.0,-8.6,1.7,0.8,4531,4689.0,-1.9,0.2,1363,MA上昇配列 / パーフェクトオーダー
1814,大末建設,建設業,10.2,10.2,1,1086,★☆☆☆☆,0.0,4.0,-1,-1.5,0.0,1.0,0.0,5.2,0.0,0.0,0.0,,,0.0,-2.3,2.2,2.0,3545,3705.0,3.9,0.3,348,25MA上抜け4日目 / MA上昇配列
9010,富士急行,陸運業,10.2,10.2,1,1087,★☆☆☆☆,0.0,4.0,-1,-12.7,0.0,0.0,0.0,6.2,0.0,0.0,0.0,,,0.0,-8.6,2.1,0.5,2645,2758.0,0.7,1.1,437,25MA上抜け7日目 / MA上昇配列 / パーフェクトオーダー
9022,東海旅客鉄道,陸運業,10.2,10.2,1,1088,★☆☆☆☆,0.0,4.0,-1,-17.1,0.0,1.0,0.0,5.2,0.0,0.0,0.0,,,0.0,-13.7,1.8,0.1,3781,3925.0,-0.3,0.2,8997,25MA上抜け5日目 / MA上昇配列
9621,建設技術研究所,サービス業,10.2,10.2,1,1089,★☆☆☆☆,0.0,2.0,-1,-10.8,0.0,3.0,0.0,5.2,0.0,0.0,0.0,,,0.0,-0.8,2.6,1.8,3036,3200.0,-0.8,0.2,277,MA上昇配列
3201,日本毛織,繊維製品,10.2,10.2,1,1090,★☆☆☆☆,0.0,2.0,-1,-10.2,0.0,0.0,0.0,8.2,0.0,0.0,0.0,,,0.0,-5.0,1.4,1.0,1910,1966.0,0.7,0.1,149,MA上昇配列 / パーフェクトオーダー
2503,キリンホールディングス,食料品,10.2,10.2,1,1091,★☆☆☆☆,0.0,2.0,-1,-14.2,0.0,0.0,0.0,8.2,0.0,0.0,0.0,,,0.0,-8.6,2.3,1.1,2899,3040.0,0.1,0.1,9438,MA上昇配列 / パーフェクトオーダー
7220,武蔵精密工業,輸送用機器,10.1,0.0,2,1092,★☆☆☆☆,0.0,0.0,-1,-8.5,0.0,0.0,0.0,0.0,0.0,0.0,0.0,,,0.0,-3.1,5.1,-3.9,2859,3185.0,-3.5,0.2,2926,-
2432,ディー・エヌ・エー,情報・通信業,10.0,10.0,1,1093,★☆☆☆☆,0.0,4.0,-1,-10.5,0.0,0.0,0.0,6.0,0.0,0.0,0.0,,,0.0,-6.3,2.2,2.2,2431,2543.5,1.9,0.4,2712,25MA上抜け6日目
6062,チャーム・ケア・コーポレーション,サービス業,10.0,10.0,1,1094,★☆☆☆☆,0.0,2.0,-1,-12.7,0.0,2.0,0.0,6.0,0.0,0.0,0.0,,,0.0,-6.8,2.4,0.2,1331,1397.0,-0.7,0.2,146,MA上昇配列 / パーフェクトオーダー
6183,ベルシステム２４ホールディングス,サービス業,10.0,10.0,1,1095,★☆☆☆☆,0.0,2.0,-1,-10.3,0.0,1.0,0.0,7.0,0.0,0.0,0.0,,,0.0,-6.8,1.6,1.9,1335,1380.0,-0.1,0.8,431,-
4534,持田製薬,医薬品,10.0,10.0,1,1096,★☆☆☆☆,0.0,2.0,-1,-11.0,0.0,1.0,0.0,7.0,0.0,0.0,0.0,,,0.0,-5.9,1.4,2.3,3199,3290.0,0.9,0.2,182,-
7740,タムロン,精密機器,10.0,10.0,1,1097,★☆☆☆☆,0.0,2.0,-1,-36.0,0.0,1.0,0.0,7.0,0.0,0.0,0.0,,,0.0,-12.1,2.3,0.8,1308,1371.0,-0.8,0.3,954,MA上昇配列 / パーフェクトオーダー
3401,帝人,繊維製品,10.0,10.0,1,1098,★☆☆☆☆,0.0,2.0,-1,-6.8,0.0,1.0,0.0,7.0,0.0,0.0,0.0,,,0.0,-3.7,2.1,0.3,1647,1720.0,-1.9,0.1,1411,MA上昇配列 / パーフェクトオーダー
5108,ブリヂストン,ゴム製品,10.0,10.0,1,1099,★☆☆☆☆,0.0,2.0,-1,-16.7,0.0,1.0,0.0,7.0,0.0,0.0,0.0,,,0.0,-6.2,2.1,1.4,3940,4110.0,-0.2,0.2,16897,MA上昇配列 / パーフェクトオーダー
4826,ＣＩＪ,情報・通信業,10.0,10.0,1,1100,★☆☆☆☆,0.0,2.0,-1,-11.8,0.0,0.0,0.0,8.0,0.0,0.0,0.0,,,0.0,-2.9,2.2,3.4,520,544.0,-0.7,0.4,133,MA上昇配列
2784,アルフレッサ　ホールディングス,卸売業,10.0,10.0,1,1101,★☆☆☆☆,0.0,0.0,-1,-13.0,0.0,1.0,0.0,9.0,0.0,0.0,0.0,,,0.0,-11.6,1.3,0.0,2234,2295.0,-1.8,0.2,1176,MA上昇配列
7951,ヤマハ,その他製品,10.0,10.0,1,1102,★☆☆☆☆,0.0,2.0,-1,-11.5,0.0,3.0,0.0,5.0,0.0,0.0,0.0,,,0.0,-3.9,2.4,0.8,1253,1316.5,0.6,0.3,3422,MA上昇配列 / パーフェクトオーダー
6995,東海理化電機製作所,輸送用機器,10.0,10.0,1,1103,★☆☆☆☆,0.0,0.0,-1,-8.8,0.0,0.0,0.0,10.0,0.0,0.0,0.0,,,0.0,-10.4,1.7,0.4,3021,3130.0,0.2,0.2,361,MA上昇配列
8877,エスリード,不動産業,10.0,10.0,1,1104,★☆☆☆☆,0.0,2.0,-1,-11.6,0.0,0.0,0.0,8.0,0.0,0.0,0.0,,,0.0,-7.0,1.8,1.6,5139,5330.0,-1.1,0.4,157,MA上昇配列
4375,セーフィー,情報・通信業,10.0,10.0,1,1105,★☆☆☆☆,0.0,4.0,-1,-5.8,0.0,0.0,0.0,6.0,0.0,0.0,0.0,,,0.0,-1.0,3.9,6.7,645,700.0,4.9,1.0,140,25MA上抜け6日目
3003,ヒューリック,不動産業,10.0,10.0,1,1106,★☆☆☆☆,0.0,0.0,-1,-10.7,0.0,1.0,0.0,9.0,0.0,0.0,0.0,,,0.0,-9.9,1.3,1.1,1741,1789.0,0.5,0.2,3648,MA上昇配列
6768,タムラ製作所,電気機器,10.0,10.0,1,1107,★☆☆☆☆,0.0,4.0,-1,15.6,0.0,0.0,0.0,3.7,0.0,2.3,0.0,,,0.0,-0.9,4.5,1.8,744,818.0,6.9,0.9,757,RS加速+15.6 / 開示[業績予想の修正](1日前)
4344,ソースネクスト,情報・通信業,10.0,10.0,1,1108,★☆☆☆☆,0.0,2.0,-1,-8.6,0.0,0.0,0.0,8.0,0.0,0.0,0.0,,,0.0,-1.5,3.7,5.6,110,119.0,4.4,0.4,126,MA上昇配列
6703,沖電気工業,電気機器,10.0,10.0,1,1109,★☆☆☆☆,0.0,4.0,-1,14.2,0.0,2.0,0.0,4.0,0.0,0.0,0.0,,,0.0,-5.0,3.4,-1.0,2655,2852.0,6.2,0.2,2164,RS加速+14.2
1871,ピーエス・コンストラクション,建設業,10.0,10.0,1,1110,★☆☆☆☆,0.0,2.0,-1,-7.9,0.0,0.0,0.0,8.0,0.0,0.0,0.0,,,0.0,-4.2,2.2,1.0,2221,2324.0,0.3,0.4,193,MA上昇配列
6104,芝浦機械,機械,10.0,10.0,1,1111,★☆☆☆☆,0.0,4.0,-1,3.4,0.0,0.0,0.0,6.0,0.0,0.0,0.0,,,0.0,-6.9,2.9,2.7,4161,4415.0,3.8,0.1,765,RS加速+3.4
6674,ジーエス・ユアサ　コーポレーション,電気機器,10.0,10.0,1,1112,★☆☆☆☆,0.0,4.0,-1,5.8,0.0,3.3,0.0,2.7,0.0,0.0,0.0,,,0.0,-5.9,3.4,-2.2,4981,5349.0,1.4,0.1,5116,RS加速+5.8 / 買い出来高優勢
6430,ダイコク電機,機械,10.0,10.0,1,1113,★☆☆☆☆,0.0,2.0,-1,-10.6,0.0,0.0,0.0,8.0,0.0,0.0,0.0,,,0.0,-5.8,1.5,3.8,2465,2543.0,3.3,0.3,102,MA上昇配列
7512,イオン北海道,小売業,10.0,10.0,1,1114,★☆☆☆☆,0.0,2.0,-1,-12.2,0.0,0.0,0.0,8.0,0.0,0.0,0.0,,,0.0,-9.3,1.3,0.9,834,856.0,0.0,0.5,132,MA上昇配列
3626,ＴＩＳＩ,情報・通信業,10.0,10.0,1,1115,★☆☆☆☆,0.0,2.0,-1,-18.7,0.0,0.0,0.0,8.0,0.0,0.0,0.0,,,0.0,-6.7,2.5,5.4,3778,3978.0,4.1,0.3,2991,MA上昇配列
9227,マイクロ波化学,サービス業,10.0,10.0,1,1116,★☆☆☆☆,0.0,2.0,-1,-12.2,0.0,2.0,0.0,6.0,0.0,0.0,0.0,,,0.0,-0.2,4.0,6.2,878,954.0,6.0,0.3,175,-
7730,マニー,精密機器,10.0,10.0,1,1117,★☆☆☆☆,0.0,2.0,-1,-5.6,0.0,2.0,0.0,6.0,0.0,0.0,0.0,,,0.0,-2.2,1.8,2.4,1523,1579.0,-0.0,0.5,523,-
8698,マネックスグループ,証券、商品先物取引業,9.7,9.7,1,1118,★☆☆☆☆,0.0,2.0,-1,2.9,0.0,1.0,0.0,6.7,0.0,0.0,0.0,,,0.0,-0.2,2.1,8.0,738,770.0,5.6,0.7,1306,MA上昇配列
6594,ニデック,電気機器,9.7,0.0,2,1119,★☆☆☆☆,0.0,0.0,-1,-5.5,0.0,0.0,0.0,0.0,0.0,0.0,0.0,,,0.0,-2.2,3.0,-1.6,2460,2618.0,-0.3,0.2,8166,-
4553,東和薬品,医薬品,9.7,9.7,1,1120,★☆☆☆☆,0.0,0.0,-1,-8.1,0.0,1.0,0.0,8.7,0.0,0.0,0.0,,,0.0,-12.8,2.7,0.5,3722,3935.0,1.0,0.2,412,MA上昇配列 / パーフェクトオーダー
8219,青山商事,小売業,9.7,9.7,1,1121,★☆☆☆☆,0.0,2.0,-1,-11.5,0.0,0.0,0.0,7.7,0.0,0.0,0.0,,,0.0,-5.2,1.7,3.1,749,775.0,1.7,0.3,436,MA上昇配列
4569,杏林製薬,医薬品,9.7,9.7,1,1122,★☆☆☆☆,0.0,4.0,-1,-10.9,0.0,1.0,0.0,4.7,0.0,0.0,0.0,,,0.0,-11.3,1.8,2.2,1126,1168.0,0.9,0.3,279,25MA上抜け7日目
4078,堺化学工業,化学,9.6,9.600000000000001,1,1123,★☆☆☆☆,4.9,2.0,-1,2.4,0.0,0.0,0.0,2.7,0.0,0.0,0.0,,Dell,-0.5,-3.6,3.4,-0.8,3681,3950.0,2.1,0.1,1084,Dell+9.0%連動(β0.14) 実反応+1.7%
4194,ビジョナル,情報・通信業,9.5,9.5,1,1124,★☆☆☆☆,0.0,2.0,-1,-12.8,0.0,2.0,0.0,5.5,0.0,0.0,0.0,,,0.0,-1.6,2.9,5.3,8999,9550.0,3.1,0.3,1771,MA上昇配列
7270,ＳＵＢＡＲＵ,輸送用機器,9.5,9.5,1,1125,★☆☆☆☆,0.0,4.0,-1,-17.2,0.0,0.0,0.0,5.5,0.0,0.0,0.0,,,0.0,-14.9,2.3,0.1,2502,2620.0,-1.3,0.4,12399,25MA上抜け0日目 / MA上昇配列
7242,カヤバ,輸送用機器,9.5,9.5,1,1126,★☆☆☆☆,0.0,2.0,-1,-12.1,0.0,1.0,0.0,6.5,0.0,0.0,0.0,,,0.0,-3.3,1.8,2.9,4531,4700.0,0.1,0.3,404,MA上昇配列
3479,ＴＫＰ,不動産業,9.5,9.5,1,1127,★☆☆☆☆,0.0,4.0,-1,-12.7,0.0,0.0,0.0,5.5,0.0,0.0,0.0,,,0.0,-9.1,2.1,1.5,1823,1904.0,0.8,0.3,133,25MA上抜け6日目 / MA上昇配列
5137,スマートドライブ,情報・通信業,9.5,9.5,1,1128,★☆☆☆☆,0.0,3.5,37,-14.1,0.0,4.3,0.0,6.7,0.0,0.0,-5.0,,,0.0,29.4,6.0,22.6,273,310.0,2.3,0.5,125,買い出来高優勢 / MA上昇配列 / 過熱⚠25MA+23%
7313,テイ・エス　テック,輸送用機器,9.5,9.5,1,1129,★☆☆☆☆,0.0,2.0,-1,-13.1,0.0,0.0,0.0,7.5,0.0,0.0,0.0,,,0.0,-8.6,1.1,0.9,1804,1844.0,-0.5,0.2,483,MA上昇配列
7383,ネットプロテクションズホールディングス,その他金融業,9.5,9.5,1,1130,★☆☆☆☆,0.0,4.0,-1,-11.1,0.0,0.0,0.0,5.5,0.0,0.0,0.0,,,0.0,-0.4,4.5,4.9,425,467.0,2.6,0.4,401,25MA上抜け6日目 / MA上昇配列
1951,エクシオグループ,建設業,9.5,9.5,1,1131,★☆☆☆☆,0.0,4.0,-1,-6.1,0.0,2.0,0.0,3.5,0.0,0.0,0.0,,,0.0,-8.0,2.0,0.1,2515,2618.0,3.1,0.1,1540,25MA上抜け2日目
3064,ＭｏｎｏｔａＲＯ,小売業,9.5,9.5,1,1132,★☆☆☆☆,0.0,0.0,-1,-12.9,0.0,1.0,0.0,5.7,0.0,2.8,0.0,,,0.0,-15.1,2.7,0.9,1822,1924.5,6.0,0.3,3966,MA上昇配列 / 開示[自己株式取得](1日前)
6420,ガリレイホールディングス,機械,9.5,9.5,1,1133,★☆☆☆☆,0.0,2.0,-1,-14.7,0.0,0.0,0.0,7.5,0.0,0.0,0.0,,,0.0,-6.3,1.7,1.8,3418,3540.0,0.0,0.2,189,MA上昇配列
6072,地盤ネットホールディングス,サービス業,9.5,9.5,1,1134,★☆☆☆☆,0.0,5.0,13,-9.3,0.0,1.0,0.0,3.5,0.0,0.0,0.0,,,0.0,14.9,7.9,5.4,902,1072.0,-5.2,0.4,657,-
2296,伊藤ハム米久ホールディングス,食料品,9.5,9.5,1,1135,★☆☆☆☆,0.0,2.0,-1,-13.5,0.0,2.0,0.0,5.5,0.0,0.0,0.0,,,0.0,-6.9,1.5,1.5,4945,5100.0,-0.2,0.1,631,MA上昇配列
5949,ユニプレス,輸送用機器,9.5,9.5,1,1136,★☆☆☆☆,0.0,2.0,-1,-11.8,0.0,0.0,0.0,7.5,0.0,0.0,0.0,,,0.0,-8.4,1.6,0.9,1289,1332.0,-0.8,0.2,214,MA上昇配列
7821,前田工繊,その他製品,9.5,9.5,1,1137,★☆☆☆☆,0.0,2.0,-1,-15.4,0.0,0.0,0.0,7.5,0.0,0.0,0.0,,,0.0,-5.1,2.7,2.3,1926,2038.0,0.3,0.2,325,MA上昇配列
5988,パイオラックス,金属製品,9.5,9.5,1,1138,★☆☆☆☆,0.0,4.0,-1,-12.5,0.0,0.0,0.0,5.5,0.0,0.0,0.0,,,0.0,-8.8,1.5,0.2,1672,1724.0,0.0,0.2,137,25MA上抜け5日目 / MA上昇配列
4521,科研製薬,医薬品,9.5,9.5,1,1139,★☆☆☆☆,0.0,2.0,-1,-9.4,0.0,1.0,0.0,6.5,0.0,0.0,0.0,,,0.0,-5.8,1.6,1.1,3859,3985.0,0.0,0.2,599,MA上昇配列
2471,エスプール,サービス業,9.5,9.5,1,1140,★☆☆☆☆,0.0,2.0,-1,-14.0,0.0,0.0,0.0,7.5,0.0,0.0,0.0,,,0.0,-1.5,2.9,2.2,273,290.0,-3.3,0.2,113,MA上昇配列 / パーフェクトオーダー
9684,スクウェア・エニックス・ホールディングス,情報・通信業,9.5,9.5,1,1141,★☆☆☆☆,0.0,2.0,-1,-23.6,0.0,2.0,0.0,5.5,0.0,0.0,0.0,,,0.0,-6.0,3.8,3.9,2717,2943.0,0.9,0.3,4032,MA上昇配列
4064,日本カーバイド工業,化学,9.5,9.5,1,1142,★☆☆☆☆,0.0,4.0,-1,-2.6,0.0,1.0,0.0,4.5,0.0,0.0,0.0,,,0.0,-0.0,3.4,0.8,3136,3365.0,-1.0,0.2,263,25MA上抜け6日目
9416,ビジョン,情報・通信業,9.5,9.5,1,1143,★☆☆☆☆,0.0,2.0,-1,-13.8,0.0,2.0,0.0,5.5,0.0,0.0,0.0,,,0.0,-6.3,1.9,1.7,1013,1054.0,-0.4,0.4,316,MA上昇配列
6237,イワキポンプ,機械,9.3,2.0,2,1144,★☆☆☆☆,0.0,0.0,-1,-9.8,0.0,2.0,0.0,0.0,0.0,0.0,0.0,,,0.0,-22.4,6.9,-13.7,3568,4135.0,-6.0,0.1,1006,資金流入増
6707,サンケン電気,電気機器,9.3,9.3,1,1145,★☆☆☆☆,5.3,4.0,-1,8.6,0.0,0.0,0.0,0.0,0.0,0.0,0.0,,SOX指数,2.0,-13.7,4.9,-8.8,6724,7460.0,0.7,0.1,1398,RS加速+8.6 / SOX指数+4.0%連動(β0.33) 実反応-0.7%
6728,アルバック,電気機器,9.2,9.2,1,1146,★☆☆☆☆,5.2,4.0,-1,10.1,0.0,0.0,0.0,0.0,0.0,0.0,0.0,,SOX指数,0.6,-13.3,5.1,-9.1,6851,7627.0,0.4,0.2,6361,RS加速+10.1 / SOX指数+4.0%連動(β0.33) 実反応+0.7%
3002,グンゼ,繊維製品,9.2,9.2,1,1147,★☆☆☆☆,0.0,2.0,-1,-12.3,0.0,1.0,0.0,6.2,0.0,0.0,0.0,,,0.0,-5.6,1.2,0.3,4055,4155.0,-1.1,0.4,775,MA上昇配列
9090,ＡＺ－ＣＯＭ丸和ホールディングス,陸運業,9.2,9.2,1,1148,★☆☆☆☆,0.0,4.0,-1,-9.1,0.0,1.0,0.0,4.2,0.0,0.0,0.0,,,0.0,-11.2,2.0,1.3,867,903.0,1.3,0.7,473,25MA上抜け0日目 / MA上昇配列
186A,アストロスケールホールディングス,サービス業,9.2,9.2,1,1149,★☆☆☆☆,0.0,7.0,17,-2.1,0.0,0.0,0.0,2.2,0.0,0.0,0.0,,,0.0,15.6,7.1,2.4,1011,1178.0,-3.4,0.4,5093,25MA上抜け0日目
9501,東京電力ホールディングス,電気・ガス業,9.2,9.2,1,1150,★☆☆☆☆,0.0,4.0,-1,-14.1,0.0,1.0,0.0,4.2,0.0,0.0,0.0,,,0.0,-7.1,3.9,0.3,486,527.0999755859375,-4.0,0.4,18863,25MA上抜け2日目 / MA上昇配列
3861,王子ホールディングス,パルプ・紙,9.0,9.0,1,1151,★☆☆☆☆,0.0,4.0,-1,-10.1,0.0,0.0,0.0,5.0,0.0,0.0,0.0,,,0.0,-9.8,1.6,0.1,847,874.0,0.8,0.3,3076,25MA上抜け2日目 / MA上昇配列
3659,ネクソン,情報・通信業,9.0,9.0,1,1152,★☆☆☆☆,0.0,3.5,33,-25.3,0.0,3.0,0.0,5.5,0.0,0.0,-3.0,,,0.0,13.0,4.5,15.3,2862,3143.0,1.6,0.3,9721,MA上昇配列 / RSI過熱(90)⚠ / 伸びすぎ注意(25MA+15%)
9708,帝国ホテル,サービス業,9.0,9.0,1,1153,★☆☆☆☆,0.0,4.0,-1,-11.5,0.0,0.0,0.0,5.0,0.0,0.0,0.0,,,0.0,-8.3,1.2,0.0,971,994.0,-1.8,0.3,132,25MA上抜け7日目
7760,ＩＭＶ,精密機器,9.0,9.0,1,1154,★☆☆☆☆,0.0,4.0,-1,5.2,0.0,1.0,0.0,4.0,0.0,0.0,0.0,,,0.0,-12.2,4.0,-2.7,1924,2094.0,6.3,0.2,324,RS加速+5.2
5288,アジアパイルホールディングス,ガラス・土石製品,9.0,9.0,1,1155,★☆☆☆☆,0.0,2.0,-1,-7.0,0.0,0.0,0.0,7.0,0.0,0.0,0.0,,,0.0,-3.2,2.3,1.5,1482,1553.0,-1.3,0.4,275,-
5451,ヨドコウ,鉄鋼,9.0,9.0,1,1156,★☆☆☆☆,0.0,2.0,-1,-11.0,0.0,2.0,0.0,5.0,0.0,0.0,0.0,,,0.0,-6.4,1.5,1.1,1383,1427.0,1.1,0.2,363,MA上昇配列
2914,日本たばこ産業,食料品,9.0,9.0,1,1157,★☆☆☆☆,0.0,2.0,-1,-13.4,0.0,0.0,0.0,7.0,0.0,0.0,0.0,,,0.0,-3.2,1.7,0.7,6730,6966.0,-0.2,0.2,26865,MA上昇配列 / パーフェクトオーダー
9020,東日本旅客鉄道,陸運業,9.0,9.0,1,1158,★☆☆☆☆,0.0,0.0,-1,-14.0,0.0,0.0,0.0,9.0,0.0,0.0,0.0,,,0.0,-14.2,1.8,0.5,3441,3573.0,1.0,0.2,11114,MA上昇配列
2206,江崎グリコ,食料品,9.0,9.0,1,1159,★☆☆☆☆,0.0,2.0,-1,-11.9,0.0,0.0,0.0,7.0,0.0,0.0,0.0,,,0.0,-8.6,1.4,1.0,5025,5172.0,-0.3,0.1,1154,-
2659,サンエー,小売業,9.0,9.0,1,1160,★☆☆☆☆,0.0,2.0,-1,-15.5,0.0,0.0,0.0,7.0,0.0,0.0,0.0,,,0.0,-8.0,1.4,0.6,3236,3330.0,-1.0,0.2,393,MA上昇配列 / パーフェクトオーダー
4188,三菱ケミカルグループ,化学,9.0,9.0,1,1161,★☆☆☆☆,0.0,2.0,-1,1.1,0.0,0.0,0.0,7.0,0.0,0.0,0.0,,,0.0,-3.9,2.5,0.6,1122,1180.5,2.9,0.3,6557,MA上昇配列 / パーフェクトオーダー
1852,淺沼組,建設業,8.8,8.8,1,1162,★☆☆☆☆,0.0,2.0,-1,-12.5,0.0,0.0,0.0,4.2,0.0,2.6,0.0,,,0.0,-3.8,1.6,1.4,886,916.0,-1.8,0.3,496,MA上昇配列 / 開示[自己株式の取得](2日前)
1663,Ｋ＆Ｏエナジーグループ,鉱業,8.7,8.7,1,1163,★☆☆☆☆,0.0,2.0,-1,-6.5,0.0,2.0,0.0,4.7,0.0,0.0,0.0,,,0.0,-0.7,2.2,4.0,1858,1945.0,0.9,0.3,401,-
5440,共英製鋼,鉄鋼,8.7,8.7,1,1164,★☆☆☆☆,0.0,2.0,-1,-13.6,0.0,0.0,0.0,6.7,0.0,0.0,0.0,,,0.0,-7.3,1.8,3.5,1953,2027.0,1.2,0.2,234,MA上昇配列
2986,ＬＡホールディングス,不動産業,8.7,8.7,1,1165,★☆☆☆☆,0.0,2.0,-1,-5.9,0.0,2.0,0.0,4.7,0.0,0.0,0.0,,,0.0,-2.0,2.3,2.9,2710,2843.0,0.7,0.1,501,-
3038,神戸物産,卸売業,8.7,8.7,1,1166,★☆☆☆☆,0.0,2.0,-1,-15.3,0.0,0.0,0.0,6.7,0.0,0.0,0.0,,,0.0,-8.3,2.0,1.6,2728,2843.0,1.6,0.3,4264,MA上昇配列
5202,日本板硝子,ガラス・土石製品,8.7,8.7,1,1167,★☆☆☆☆,0.0,2.0,-1,-6.5,0.0,0.0,0.0,6.7,0.0,0.0,0.0,,,0.0,-5.6,0.4,1.5,488,492.0,1.7,0.2,581,MA上昇配列
4516,日本新薬,医薬品,8.7,8.7,1,1168,★☆☆☆☆,0.0,4.0,-1,3.1,0.0,2.0,0.0,2.7,0.0,0.0,0.0,,,0.0,-5.0,2.0,-0.6,3445,3590.0,-2.1,0.2,1575,RS加速+3.1
7564,ワークマン,小売業,8.7,8.7,1,1169,★☆☆☆☆,0.0,2.0,-1,-8.9,0.0,2.0,0.0,4.7,0.0,0.0,0.0,,,0.0,-1.8,2.9,1.8,5877,6240.0,3.5,0.3,2692,-
6289,技研製作所,機械,8.7,8.7,1,1170,★☆☆☆☆,0.0,2.0,-1,-10.6,0.0,0.0,0.0,6.7,0.0,0.0,0.0,,,0.0,-4.4,1.6,3.4,1906,1969.0,2.4,1.2,136,MA上昇配列
8804,東京建物,不動産業,8.7,8.7,1,1171,★☆☆☆☆,0.0,0.0,-1,-8.7,0.0,1.0,0.0,7.7,0.0,0.0,0.0,,,0.0,-9.3,1.7,1.4,3319,3439.0,0.8,0.2,2567,MA上昇配列
8031,三井物産,卸売業,8.7,8.7,1,1172,★☆☆☆☆,0.0,4.0,-1,-7.2,0.0,0.0,0.0,4.7,0.0,0.0,0.0,,,0.0,-8.0,2.0,0.6,4711,4908.0,0.2,0.2,26375,25MA上抜け5日目
3139,ラクト・ジャパン,卸売業,8.7,8.7,1,1173,★☆☆☆☆,0.0,0.0,-1,-8.2,0.0,1.0,0.0,7.7,0.0,0.0,0.0,,,0.0,-8.4,1.3,1.5,3346,3435.0,0.6,0.2,128,MA上昇配列
2413,エムスリー,サービス業,8.7,8.7,1,1174,★☆☆☆☆,0.0,0.0,-1,-6.2,0.0,3.0,0.0,5.7,0.0,0.0,0.0,,,0.0,-11.4,4.2,5.8,1703,1860.5,8.9,0.3,10256,MA上昇配列
4043,トクヤマ,化学,8.7,8.7,1,1175,★☆☆☆☆,0.0,4.0,-1,12.0,0.0,2.0,0.0,2.7,0.0,0.0,0.0,,,0.0,-2.0,3.3,-1.5,3752,4018.0,-0.5,0.2,2892,RS加速+12.0
1945,東京エネシス,建設業,8.7,8.7,1,1176,★☆☆☆☆,0.0,4.0,-1,-1.9,0.0,0.0,0.0,4.7,0.0,0.0,0.0,,,0.0,-0.9,2.4,2.2,1980,2078.0,1.8,0.3,347,25MA上抜け6日目
7595,アルゴグラフィックス,情報・通信業,8.5,8.5,1,1177,★☆☆☆☆,0.0,2.0,-1,-15.9,0.0,0.0,0.0,6.5,0.0,0.0,0.0,,,0.0,-10.8,1.7,0.7,1291,1337.0,-0.7,0.4,282,MA上昇配列
7071,アンビスホールディングス,サービス業,8.5,8.5,1,1178,★☆☆☆☆,0.0,2.0,-1,-17.7,0.0,1.0,0.0,5.5,0.0,0.0,0.0,,,0.0,-0.3,3.8,5.3,387,419.0,-3.0,0.3,125,MA上昇配列
9766,コナミグループ,情報・通信業,8.5,8.5,1,1179,★☆☆☆☆,0.0,2.0,-1,-26.9,0.0,0.0,0.0,6.5,0.0,0.0,0.0,,,0.0,-6.3,3.2,4.3,20726,22145.0,1.2,0.3,10466,MA上昇配列
3486,グローバル・リンク・マネジメント,不動産業,8.5,8.5,1,1180,★☆☆☆☆,0.0,2.0,-1,-9.5,0.0,1.0,0.0,5.5,0.0,0.0,0.0,,,0.0,-4.6,2.3,1.7,1881,1973.0,-1.4,0.3,104,MA上昇配列
9470,学研ホールディングス,情報・通信業,8.5,8.5,1,1181,★☆☆☆☆,0.0,2.0,-1,-10.4,0.0,0.0,0.0,6.5,0.0,0.0,0.0,,,0.0,-7.2,1.7,0.4,997,1031.0,-0.9,0.5,119,MA上昇配列
3679,じげん,情報・通信業,8.5,8.5,1,1182,★☆☆☆☆,0.0,2.0,-1,-17.0,0.0,1.0,0.0,5.5,0.0,0.0,0.0,,,0.0,-2.1,2.8,3.5,424,449.0,-3.0,0.8,130,MA上昇配列
5021,コスモエネルギーホールディングス,石油・石炭製品,8.5,8.5,1,1183,★☆☆☆☆,0.0,2.0,-1,-11.1,0.0,0.0,0.0,6.5,0.0,0.0,0.0,,,0.0,-3.2,2.4,2.7,3973,4170.0,-2.3,0.2,2315,MA上昇配列
3939,カナミックネットワーク,情報・通信業,8.5,8.5,1,1184,★☆☆☆☆,0.0,2.0,-1,-13.5,0.0,1.0,0.0,5.5,0.0,0.0,0.0,,,0.0,-1.9,2.7,2.2,496,525.0,-1.9,0.3,120,MA上昇配列
9697,カプコン,情報・通信業,8.5,8.5,1,1185,★☆☆☆☆,0.0,2.0,-1,-26.8,0.0,0.0,0.0,6.5,0.0,0.0,0.0,,,0.0,-3.1,3.3,6.4,4015,4296.0,4.0,0.2,9858,MA上昇配列
3765,ガンホー・オンライン・エンターテイメント,情報・通信業,8.5,8.5,1,1186,★☆☆☆☆,0.0,2.0,-1,-16.2,0.0,1.0,0.0,5.5,0.0,0.0,0.0,,,0.0,-9.3,2.2,1.4,2349,2459.0,0.2,0.2,485,MA上昇配列
3661,エムアップホールディングス,情報・通信業,8.5,8.5,1,1187,★☆☆☆☆,0.0,2.0,-1,-19.1,0.0,1.0,0.0,5.5,0.0,0.0,0.0,,,0.0,-1.4,3.6,4.0,785,846.0,-0.6,0.3,486,MA上昇配列
6632,ＪＶＣケンウッド,電気機器,8.3,8.3,1,1188,★☆☆☆☆,0.0,0.0,-1,-6.3,0.0,4.3,0.0,4.0,0.0,0.0,0.0,,,0.0,-16.8,2.4,-0.7,984,1034.5,2.7,0.1,1664,買い出来高優勢
368A,北里,精密機器,8.2,8.2,1,1189,★☆☆☆☆,0.0,2.0,-1,-15.7,0.0,2.0,0.0,4.2,0.0,0.0,0.0,,,0.0,-1.7,2.9,0.3,1400,1486.0,-3.6,0.1,198,MA上昇配列
4922,コーセーホールディングス,化学,8.2,8.2,1,1190,★☆☆☆☆,0.0,2.0,-1,-16.5,0.0,2.0,0.0,4.2,0.0,0.0,0.0,,,0.0,-8.8,2.5,1.4,5579,5873.0,-0.3,0.1,1869,MA上昇配列
9517,イーレックス,電気・ガス業,8.2,8.2,1,1191,★☆☆☆☆,0.0,0.0,-1,-6.5,0.0,2.0,0.0,6.2,0.0,0.0,0.0,,,0.0,-4.4,3.2,1.3,818,873.0,-2.1,0.2,195,MA上昇配列 / パーフェクトオーダー
4180,Ａｐｐｉｅｒ　Ｇｒｏｕｐ,情報・通信業,8.2,8.2,1,1192,★☆☆☆☆,0.0,3.5,36,-19.1,0.0,3.0,0.0,6.7,0.0,0.0,-5.0,,,0.0,30.5,5.6,21.7,1189,1339.0,2.6,0.5,1974,MA上昇配列 / 過熱⚠25MA+22%
7309,シマノ,輸送用機器,8.2,8.2,1,1193,★☆☆☆☆,0.0,2.0,-1,-22.3,0.0,0.0,0.0,6.2,0.0,0.0,0.0,,,0.0,-12.7,2.5,0.3,18926,19920.0,-2.2,0.2,5156,MA上昇配列 / パーフェクトオーダー
299A,クラシル,サービス業,8.2,8.2,1,1194,★☆☆☆☆,0.0,3.5,33,-8.2,0.0,1.0,0.0,6.7,0.0,0.0,-3.0,,,0.0,18.3,4.2,15.3,1233,1347.0,5.2,0.6,234,MA上昇配列 / 伸びすぎ注意(25MA+15%)
4927,ポーラ・オルビスホールディングス,化学,8.2,8.2,1,1195,★☆☆☆☆,0.0,2.0,-1,-16.6,0.0,0.0,0.0,6.2,0.0,0.0,0.0,,,0.0,-8.6,1.7,0.8,1339,1386.5,-1.4,0.1,801,MA上昇配列 / パーフェクトオーダー
4202,ダイセル,化学,8.2,8.2,1,1196,★☆☆☆☆,0.0,0.0,-1,-5.2,0.0,0.0,0.0,8.2,0.0,0.0,0.0,,,0.0,-6.5,1.9,0.0,1409,1463.0,-0.2,0.2,1649,MA上昇配列 / パーフェクトオーダー
2768,双日,卸売業,8.2,8.2,1,1197,★☆☆☆☆,0.0,2.0,-1,-6.2,0.0,2.0,0.0,4.2,0.0,0.0,0.0,,,0.0,-2.8,2.4,1.7,5344,5610.0,-0.2,0.3,6455,MA上昇配列
1930,北陸電気工事,建設業,8.0,8.0,1,1198,★☆☆☆☆,0.0,2.0,-1,2.4,0.0,0.0,0.0,6.0,0.0,0.0,0.0,,,0.0,-2.4,1.8,1.6,1488,1544.0,1.3,0.3,113,-
9946,ミニストップ,小売業,8.0,8.0,1,1199,★☆☆☆☆,0.0,0.0,-1,-15.5,0.0,3.3,0.0,4.7,0.0,0.0,0.0,,,0.0,-10.9,0.9,-0.9,1788,1819.0,-1.9,2.9,127,出来高増2.9倍
7818,トランザクション,その他製品,8.0,8.0,1,1200,★☆☆☆☆,0.0,0.0,-1,-14.1,0.0,2.0,0.0,6.0,0.0,0.0,0.0,,,0.0,-10.2,2.3,0.4,1132,1188.0,-3.2,1.1,370,資金流入増
7211,三菱自動車工業,輸送用機器,8.0,8.0,1,1201,★☆☆☆☆,0.0,0.0,-1,-4.9,0.0,0.0,0.0,8.0,0.0,0.0,0.0,,,0.0,-6.9,2.6,7.6,366,385.8999938964844,6.5,0.5,3497,MA上昇配列
1975,朝日工業社,建設業,8.0,8.0,1,1202,★☆☆☆☆,0.0,2.0,-1,1.3,0.0,1.0,0.0,5.0,0.0,0.0,0.0,,,0.0,-2.9,3.2,0.5,3625,3875.0,1.0,0.3,383,-
9142,九州旅客鉄道,陸運業,8.0,8.0,1,1203,★☆☆☆☆,0.0,0.0,-1,-10.9,0.0,0.0,0.0,8.0,0.0,0.0,0.0,,,0.0,-12.7,1.4,0.8,3467,3568.0,1.5,0.3,2696,MA上昇配列
5351,品川リフラ,ガラス・土石製品,8.0,8.0,1,1204,★☆☆☆☆,0.0,4.0,-1,-8.3,0.0,0.0,0.0,4.0,0.0,0.0,0.0,,,0.0,-7.3,1.9,0.6,2005,2084.0,0.8,0.2,253,25MA上抜け5日目 / MA上昇配列
8934,サンフロンティア不動産,不動産業,8.0,8.0,1,1205,★☆☆☆☆,0.0,0.0,-1,-11.2,0.0,2.0,0.0,6.0,0.0,0.0,0.0,,,0.0,-10.2,1.6,-0.3,2404,2484.0,-1.5,0.3,245,-
5401,日本製鉄,鉄鋼,8.0,8.0,1,1206,★☆☆☆☆,0.0,2.0,-1,-14.8,0.0,1.0,0.0,5.0,0.0,0.0,0.0,,,0.0,-5.7,2.2,0.8,643,673.2999877929688,2.1,0.2,27756,MA上昇配列
2752,フジオフードグループ本社,小売業,8.0,8.0,1,1207,★☆☆☆☆,0.0,2.0,-1,-15.6,0.0,0.0,0.0,6.0,0.0,0.0,0.0,,,0.0,-11.7,1.5,2.0,1107,1141.0,1.5,0.2,135,-
3001,片倉工業,繊維製品,8.0,8.0,1,1208,★☆☆☆☆,0.0,2.0,-1,-17.2,0.0,1.0,0.0,5.0,0.0,0.0,0.0,,,0.0,-5.2,2.3,2.1,2818,2952.0,-0.0,0.1,118,MA上昇配列
3836,アバントグループ,情報・通信業,8.0,8.0,1,1209,★☆☆☆☆,0.0,0.0,-1,-14.3,0.0,0.0,0.0,8.0,0.0,0.0,0.0,,,0.0,-13.9,2.5,1.3,1161,1223.0,1.4,0.4,119,MA上昇配列
5930,文化シヤッター,金属製品,8.0,8.0,1,1210,★☆☆☆☆,0.0,0.0,-1,-10.6,0.0,3.0,0.0,5.0,0.0,0.0,0.0,,,0.0,-12.2,1.3,0.2,1828,1876.0,0.2,0.2,301,-
6088,シグマクシス・ホールディングス,サービス業,8.0,8.0,1,1211,★☆☆☆☆,0.0,0.0,-1,-13.7,0.0,0.0,0.0,8.0,0.0,0.0,0.0,,,0.0,-13.4,2.7,2.9,547,578.0,3.2,0.6,315,MA上昇配列
7780,メニコン,精密機器,8.0,8.0,1,1212,★☆☆☆☆,0.0,2.0,-1,-17.9,0.0,1.0,0.0,5.0,0.0,0.0,0.0,,,0.0,-1.1,2.9,0.9,1779,1887.0,-1.7,0.2,524,MA上昇配列 / パーフェクトオーダー
9502,中部電力,電気・ガス業,8.0,8.0,1,1213,★☆☆☆☆,0.0,0.0,-1,-1.4,0.0,1.0,0.0,7.0,0.0,0.0,0.0,,,0.0,-2.4,2.3,1.0,2720,2849.0,-2.0,0.2,8205,-
8200,リンガーハット,小売業,7.8,7.8,1,1214,★☆☆☆☆,0.0,0.0,-1,-16.4,0.0,3.3,0.0,4.5,0.0,0.0,0.0,,,0.0,-11.3,1.5,-0.2,2246,2315.0,-1.3,2.1,306,出来高増2.1倍
8252,丸井グループ,小売業,7.7,7.7,1,1215,★☆☆☆☆,0.0,0.0,-1,-13.6,0.0,0.0,0.0,3.2,0.0,4.5,0.0,,,0.0,-10.8,1.5,-0.6,2859,2945.5,-1.5,0.4,2954,開示[自己株式の取得](3日前) / 開示[自己株式取得](4日前)
6547,グリーンズ,サービス業,7.7,7.7,1,1216,★☆☆☆☆,0.0,0.0,-1,-7.1,0.0,1.0,0.0,6.7,0.0,0.0,0.0,,,0.0,-10.5,3.7,1.7,2006,2165.0,5.4,0.3,177,MA上昇配列
2685,アンドエスティＨＤ,小売業,7.7,7.7,1,1217,★☆☆☆☆,0.0,0.0,-1,-14.7,0.0,3.0,0.0,4.7,0.0,0.0,0.0,,,0.0,-8.8,1.8,-0.5,3284,3405.0,-2.4,1.5,1200,-
7607,進和,卸売業,7.7,7.7,1,1218,★☆☆☆☆,0.0,0.0,-1,-11.1,0.0,3.0,0.0,4.7,0.0,0.0,0.0,,,0.0,-10.3,1.3,-0.3,2989,3070.0,-0.1,2.0,129,-
6356,日本ギア工業,機械,7.7,7.7,1,1219,★☆☆☆☆,0.0,4.0,-1,6.3,0.0,0.0,0.0,3.7,0.0,0.0,0.0,,,0.0,-0.8,3.1,0.5,1259,1342.0,3.3,0.3,125,RS加速+6.3
1968,太平電業,建設業,7.7,7.7,1,1220,★☆☆☆☆,0.0,4.0,-1,-1.5,0.0,0.0,0.0,3.7,0.0,0.0,0.0,,,0.0,-5.4,2.8,1.6,2329,2465.0,4.6,0.2,451,25MA上抜け4日目
3387,クリエイト・レストランツ・ホールディングス,小売業,7.5,7.5,1,1221,★☆☆☆☆,0.0,0.0,-1,-18.0,0.0,4.3,0.0,3.2,0.0,0.0,0.0,,,0.0,-13.9,1.4,-2.5,729,750.0,-3.9,2.1,1547,出来高増2.1倍
6266,タツモ,機械,7.5,7.5,1,1222,★☆☆☆☆,0.0,4.0,-1,19.7,0.0,1.0,0.0,2.5,0.0,0.0,0.0,,,0.0,-6.7,6.1,-6.6,3136,3575.0,0.8,0.3,1524,RS加速+19.7
6656,インスペック,電気機器,7.5,7.5,1,1223,★☆☆☆☆,0.0,4.0,-1,16.9,0.0,2.0,0.0,1.5,0.0,0.0,0.0,,,0.0,-11.3,5.2,-4.7,763,851.0,6.6,0.1,137,RS加速+16.9
7731,ニコン,精密機器,7.5,7.5,1,1224,★☆☆☆☆,0.0,4.0,-1,6.5,0.0,1.0,0.0,2.5,0.0,0.0,0.0,,,0.0,-2.5,3.2,-2.7,1813,1936.0,-3.6,0.2,3395,RS加速+6.5
6200,インソース,サービス業,7.5,7.5,1,1225,★☆☆☆☆,0.0,2.0,-1,-17.3,0.0,0.0,0.0,5.5,0.0,0.0,0.0,,,0.0,-11.2,1.9,1.3,714,743.0,0.8,0.3,346,MA上昇配列
7921,ＴＡＫＡＲＡ　＆　ＣＯＭＰＡＮＹ,その他製品,7.5,7.5,1,1226,★☆☆☆☆,0.0,0.0,-1,-7.7,0.0,0.0,0.0,7.5,0.0,0.0,0.0,,,0.0,-9.2,2.2,2.6,4191,4385.0,2.6,0.2,112,MA上昇配列
9602,東宝,情報・通信業,7.5,7.5,1,1227,★☆☆☆☆,0.0,2.0,-1,-23.2,0.0,0.0,0.0,5.5,0.0,0.0,0.0,,,0.0,-9.0,2.3,2.7,1480,1551.0,1.2,0.5,5275,MA上昇配列
6005,三浦工業,機械,7.5,7.5,1,1228,★☆☆☆☆,0.0,4.0,-1,-3.7,0.0,0.0,0.0,3.5,0.0,0.0,0.0,,,0.0,-7.9,2.9,0.4,2996,3183.0,4.6,0.2,1447,25MA上抜け4日目
7966,リンテック,その他製品,7.4,7.4,1,1229,★☆☆☆☆,0.0,4.0,-1,7.4,0.0,0.0,0.0,0.0,0.0,3.4,0.0,,,0.0,-11.0,3.5,-6.0,5267,5660.0,3.1,0.3,2851,RS加速+7.4 / 開示[自己株式の取得](4日前) / 開示[自己株式取得](8日前)
5471,大同特殊鋼,鉄鋼,7.2,7.2,1,1230,★☆☆☆☆,0.0,4.0,-1,4.0,0.0,2.0,0.0,1.2,0.0,0.0,0.0,,,0.0,-2.3,3.7,-2.2,2090,2259.5,1.5,0.2,2335,RS加速+4.0
4848,フルキャストホールディングス,サービス業,7.2,7.2,1,1231,★☆☆☆☆,0.0,2.0,-1,-16.7,0.0,1.0,0.0,4.2,0.0,0.0,0.0,,,0.0,-1.6,2.3,4.8,1782,1869.0,-0.8,0.2,182,MA上昇配列
4658,日本空調サービス,サービス業,7.0,7.0,1,1232,★☆☆☆☆,0.0,0.0,-1,-6.4,0.0,0.0,0.0,7.0,0.0,0.0,0.0,,,0.0,-8.7,1.3,1.0,1529,1571.0,1.0,0.4,141,-
2531,宝ホールディングス,食料品,7.0,7.0,1,1233,★☆☆☆☆,0.0,0.0,-1,-11.5,0.0,0.0,0.0,7.0,0.0,0.0,0.0,,,0.0,-10.5,2.9,-0.1,1984,2106.0,-3.5,0.2,821,-
2002,日清製粉グループ本社,食料品,7.0,7.0,1,1234,★☆☆☆☆,0.0,0.0,-1,-15.1,0.0,0.0,0.0,7.0,0.0,0.0,0.0,,,0.0,-12.0,1.7,-0.4,1955,2024.0,-2.1,0.2,1888,-
1333,Ｕｍｉｏｓ,水産・農林業,7.0,7.0,1,1235,★☆☆☆☆,0.0,0.0,-1,-11.2,0.0,1.0,0.0,6.0,0.0,0.0,0.0,,,0.0,-11.4,1.4,-0.0,1267,1303.5,-0.6,0.3,695,-
7003,三井Ｅ＆Ｓ,機械,7.0,7.0,1,1236,★☆☆☆☆,0.0,2.0,-1,1.4,0.0,0.0,0.0,5.0,0.0,0.0,0.0,,,0.0,-10.6,4.2,4.2,4219,4601.0,11.0,0.4,12625,-
6908,イリソ電子工業,電気機器,7.0,7.0,1,1237,★☆☆☆☆,0.0,0.0,-1,-3.4,0.0,2.0,0.0,5.0,0.0,0.0,0.0,,,0.0,-5.2,1.9,1.9,2730,2835.0,3.6,0.7,307,-
2281,プリマハム,食料品,7.0,7.0,1,1238,★☆☆☆☆,0.0,0.0,-1,-13.3,0.0,1.0,0.0,6.0,0.0,0.0,0.0,,,0.0,-12.6,1.2,-0.1,2363,2423.0,-0.3,0.3,399,-
9409,テレビ朝日ホールディングス,情報・通信業,7.0,7.0,1,1239,★☆☆☆☆,0.0,0.0,-1,-10.9,0.0,1.0,0.0,6.0,0.0,0.0,0.0,,,0.0,-11.0,1.9,1.0,3018,3135.0,2.0,0.2,618,-
9882,イエローハット,卸売業,7.0,7.0,1,1240,★☆☆☆☆,0.0,0.0,-1,-13.9,0.0,0.0,0.0,7.0,0.0,0.0,0.0,,,0.0,-12.8,1.3,-0.3,1729,1775.0,-1.2,0.3,272,-
3231,野村不動産ホールディングス,不動産業,7.0,7.0,1,1241,★☆☆☆☆,0.0,0.0,-1,-10.3,0.0,1.0,0.0,6.0,0.0,0.0,0.0,,,0.0,-12.0,1.2,0.4,909,931.5,0.3,0.2,4611,-
6617,東光高岳,電気機器,7.0,7.0,1,1242,★☆☆☆☆,0.0,4.0,-1,11.1,0.0,2.0,0.0,1.0,0.0,0.0,0.0,,,0.0,-0.1,4.3,-3.9,6537,7160.0,-0.6,0.1,1060,RS加速+11.1
1860,戸田建設,建設業,7.0,7.0,1,1243,★☆☆☆☆,0.0,0.0,-1,-3.4,0.0,0.0,0.0,7.0,0.0,0.0,0.0,,,0.0,-6.0,1.7,0.9,1462,1512.5,1.3,0.1,1390,-
2874,横浜冷凍,卸売業,7.0,7.0,1,1244,★☆☆☆☆,0.0,0.0,-1,-0.4,0.0,0.0,0.0,7.0,0.0,0.0,0.0,,,0.0,-3.1,3.8,5.3,2075,2244.0,6.8,0.2,436,開示[業績予想の修正](14日前)
1720,東急建設,建設業,7.0,7.0,1,1245,★☆☆☆☆,0.0,0.0,-1,-5.1,0.0,1.0,0.0,6.0,0.0,0.0,0.0,,,0.0,-7.1,1.8,1.6,1129,1170.0,2.4,0.2,399,-
8585,オリエントコーポレーション,その他金融業,6.7,6.7,1,1246,★☆☆☆☆,0.0,0.0,-1,-8.1,0.0,1.0,0.0,5.7,0.0,0.0,0.0,,,0.0,-11.9,1.4,0.1,856,880.0,0.7,0.2,373,MA上昇配列
5332,ＴＯＴＯ,ガラス・土石製品,6.7,6.7,1,1247,★☆☆☆☆,0.0,4.0,-1,3.1,0.0,0.0,0.0,2.7,0.0,0.0,0.0,,,0.0,-12.3,2.5,-2.8,6085,6411.0,0.9,0.2,7182,RS加速+3.1
3856,Ａｂａｌａｎｃｅ,電気機器,6.7,6.7,1,1248,★☆☆☆☆,0.0,0.0,-1,-55.7,0.0,6.7,0.0,0.0,0.0,0.0,0.0,,,0.0,-69.0,23.7,-49.6,104,198.0,-53.8,11.1,209,出来高急増11.1倍 / 資金流入増 / 開示[自己株式の取得](14日前)
9305,ヤマタネ,卸売業,6.7,6.7,1,1249,★☆☆☆☆,0.0,0.0,-1,-12.1,0.0,0.0,0.0,6.7,0.0,0.0,0.0,,,0.0,-10.8,1.9,0.2,2016,2098.0,-1.5,0.3,143,MA上昇配列
4320,ＣＥホールディングス,情報・通信業,6.7,6.7,1,1250,★☆☆☆☆,0.0,0.0,-1,-6.3,0.0,3.0,0.0,3.7,0.0,0.0,0.0,,,0.0,-9.3,0.5,-1.2,1634,1651.0,-1.4,1.4,300,資金流入増
6961,エンプラス,電気機器,6.7,6.7,1,1251,★☆☆☆☆,0.0,4.0,-1,14.2,0.0,0.0,0.0,2.7,0.0,0.0,0.0,,,0.0,-5.7,6.5,-4.8,9163,10520.0,3.8,0.2,2251,RS加速+14.2
4975,ＪＣＵ,化学,6.7,6.7,1,1252,★☆☆☆☆,0.0,4.0,-1,4.4,0.0,0.0,0.0,2.7,0.0,0.0,0.0,,,0.0,-10.2,3.3,-4.7,5106,5470.0,0.4,0.3,689,RS加速+4.4
3798,ＵＬＳグループ,情報・通信業,6.7,6.7,1,1253,★☆☆☆☆,0.0,0.0,-1,-10.8,0.0,1.0,0.0,5.7,0.0,0.0,0.0,,,0.0,-13.7,3.5,1.1,513,552.0,4.3,1.1,136,MA上昇配列
9474,ゼンリン,情報・通信業,6.7,6.7,1,1254,★☆☆☆☆,0.0,0.0,-1,-7.8,0.0,0.0,0.0,6.7,0.0,0.0,0.0,,,0.0,-7.8,1.1,1.7,894,915.0,1.6,0.3,187,MA上昇配列
4186,東京応化工業,化学,6.7,6.7,1,1255,★☆☆☆☆,0.0,4.0,-1,14.1,0.0,0.0,0.0,2.7,0.0,0.0,0.0,,,0.0,-3.1,4.2,-2.9,8048,8785.0,1.0,0.1,8195,RS加速+14.1
5741,ＵＡＣＪ,非鉄金属,6.7,6.7,1,1256,★☆☆☆☆,0.0,4.0,-1,7.2,0.0,0.0,0.0,2.7,0.0,0.0,0.0,,,0.0,-2.3,4.4,-0.1,2146,2351.0,4.9,0.3,2607,RS加速+7.2
4182,三菱瓦斯化学,化学,6.5,6.5,1,1257,★☆☆☆☆,0.0,4.0,-1,8.6,0.0,1.0,0.0,1.5,0.0,0.0,0.0,,,0.0,-7.0,4.6,-4.5,3539,3893.0,1.7,0.2,7835,RS加速+8.6
5074,テスホールディングス,建設業,6.5,6.5,1,1258,★☆☆☆☆,0.0,4.0,-1,16.1,0.0,1.0,0.0,1.5,0.0,0.0,0.0,,,0.0,-7.3,6.5,-6.2,560,643.0,5.2,0.2,1232,RS加速+16.1 / 開示[受注](14日前)
2158,ＦＲＯＮＴＥＯ,サービス業,6.5,6.5,1,1259,★☆☆☆☆,0.0,0.0,-1,-1.2,0.0,1.0,0.0,5.5,0.0,0.0,0.0,,,0.0,-0.5,3.4,2.1,606,650.0,-0.2,0.7,119,MA上昇配列
7932,ニッピ,その他製品,6.5,6.5,1,1260,★☆☆☆☆,0.0,0.0,-1,-6.6,0.0,1.0,0.0,5.5,0.0,0.0,0.0,,,0.0,-9.9,1.9,0.2,11484,11940.0,1.6,0.1,118,MA上昇配列
9324,安田倉庫,倉庫・運輸関連業,6.5,6.5,1,1261,★☆☆☆☆,0.0,0.0,-1,-12.6,0.0,2.0,0.0,4.5,0.0,0.0,0.0,,,0.0,-9.6,1.9,-0.5,2426,2523.0,-2.4,0.3,236,-
6479,ミネベアミツミ,電気機器,6.5,6.5,1,1262,★☆☆☆☆,0.0,4.0,-1,5.1,0.0,1.0,0.0,1.5,0.0,0.0,0.0,,,0.0,-9.6,3.1,-5.1,3234,3447.0,2.4,0.3,11007,RS加速+5.1
3465,ケイアイスター不動産,不動産業,6.5,6.5,1,1263,★☆☆☆☆,0.0,0.0,-1,-11.8,0.0,2.0,0.0,4.5,0.0,0.0,0.0,,,0.0,-4.4,3.6,-0.0,3431,3700.0,-4.3,0.4,647,-
4051,ＧＭＯフィナンシャルゲート,情報・通信業,6.2,6.2,1,1264,★☆☆☆☆,0.0,0.0,-1,-9.9,0.0,0.0,0.0,6.2,0.0,0.0,0.0,,,0.0,-4.3,4.1,0.1,6027,6560.0,-1.8,0.4,202,MA上昇配列 / パーフェクトオーダー
5411,ＪＦＥホールディングス,鉄鋼,6.2,6.2,1,1265,★☆☆☆☆,0.0,2.0,-1,-15.9,0.0,0.0,0.0,4.2,0.0,0.0,0.0,,,0.0,-8.5,2.2,1.5,1771,1850.5,0.3,0.3,11787,MA上昇配列
1909,日本ドライケミカル,機械,6.2,6.2,1,1266,★☆☆☆☆,0.0,2.0,-1,-8.2,0.0,0.0,0.0,4.2,0.0,0.0,0.0,,,0.0,-7.5,0.2,0.2,3690,3705.0,0.1,0.2,355,-
3028,アルペン,小売業,6.2,6.2,1,1267,★☆☆☆☆,0.0,2.0,-1,-14.2,0.0,0.0,0.0,4.2,0.0,0.0,0.0,,,0.0,-4.2,1.6,2.7,2290,2367.0,-0.4,0.2,239,MA上昇配列
4661,オリエンタルランド,サービス業,6.2,6.2,1,1268,★☆☆☆☆,0.0,2.0,-1,-19.6,0.0,0.0,0.0,4.2,0.0,0.0,0.0,,,0.0,-4.6,2.3,1.7,2872,3011.0,0.1,0.2,17560,MA上昇配列
3289,東急不動産ホールディングス,不動産業,6.0,6.0,1,1269,★☆☆☆☆,0.0,0.0,-1,-12.8,0.0,0.0,0.0,6.0,0.0,0.0,0.0,,,0.0,-11.9,1.4,-0.2,1290,1327.5,-1.5,0.3,3428,-
1417,ミライト・ワン,建設業,6.0,6.0,1,1270,★☆☆☆☆,0.0,0.0,-1,-3.3,0.0,0.0,0.0,6.0,0.0,0.0,0.0,,,0.0,-5.4,1.8,1.8,3472,3599.0,1.9,0.2,921,-
4901,富士フイルムホールディングス,化学,6.0,6.0,1,1271,★☆☆☆☆,0.0,0.0,-1,-9.6,0.0,1.0,0.0,5.0,0.0,0.0,0.0,,,0.0,-21.1,2.5,-4.1,3151,3319.0,3.2,0.2,21915,-
1952,新日本空調,建設業,6.0,6.0,1,1272,★☆☆☆☆,0.0,2.0,-1,1.1,0.0,0.0,0.0,4.0,0.0,0.0,0.0,,,0.0,-11.0,2.4,-2.4,2948,3095.0,2.8,0.2,671,-
8850,スターツコーポレーション,不動産業,6.0,6.0,1,1273,★☆☆☆☆,0.0,0.0,-1,-13.2,0.0,0.0,0.0,6.0,0.0,0.0,0.0,,,0.0,-10.3,1.5,-0.2,4563,4700.0,-1.4,0.1,269,-
6859,エスペック,電気機器,6.0,6.0,1,1274,★☆☆☆☆,0.0,4.0,-1,5.0,0.0,1.0,0.0,1.0,0.0,0.0,0.0,,,0.0,-2.4,3.2,-0.9,3735,3990.0,1.9,0.2,377,RS加速+5.0
4548,生化学工業,医薬品,6.0,6.0,1,1275,★☆☆☆☆,0.0,0.0,-1,-7.6,0.0,1.0,0.0,5.0,0.0,0.0,0.0,,,0.0,-11.8,1.2,0.3,704,722.0,2.6,0.4,138,-
4381,ビープラッツ,情報・通信業,6.0,6.0,1,1276,★☆☆☆☆,0.0,4.0,-1,9.8,0.0,2.0,0.0,0.0,0.0,0.0,0.0,,,0.0,-1.5,14.5,-20.1,205,289.0,-18.6,0.3,234,RS加速+9.8 / 資金流入増
7373,アイドマ・ホールディングス,サービス業,6.0,6.0,1,1277,★☆☆☆☆,0.0,0.0,-1,-1.2,0.0,1.0,0.0,5.0,0.0,0.0,0.0,,,0.0,-5.0,2.9,5.4,920,977.0,5.4,0.4,112,-
9048,名古屋鉄道,陸運業,6.0,6.0,1,1278,★☆☆☆☆,0.0,0.0,-1,-12.2,0.0,0.0,0.0,6.0,0.0,0.0,0.0,,,0.0,-11.1,1.4,-0.1,1832,1885.0,-1.0,0.2,1213,-
5989,エイチワン,金属製品,6.0,6.0,1,1279,★☆☆☆☆,0.0,0.0,-1,-6.7,0.0,1.0,0.0,5.0,0.0,0.0,0.0,,,0.0,-8.9,2.5,-0.2,1446,1522.0,-1.8,0.2,310,-
3662,エイチームホールディングス,情報・通信業,6.0,6.0,1,1280,★☆☆☆☆,0.0,0.0,-1,-3.5,0.0,0.0,0.0,6.0,0.0,0.0,0.0,,,0.0,-3.4,2.1,2.2,930,972.0,-1.7,0.2,127,-
8766,東京海上ホールディングス,保険業,5.9,5.9,1,1281,★☆☆☆☆,0.0,0.0,-1,-7.0,0.0,0.0,0.0,3.5,0.0,2.4,0.0,,,0.0,-14.1,2.0,-0.7,7367,7681.0,4.5,0.3,34393,開示[自己株式取得](3日前)
7599,ＩＤＯＭ,卸売業,5.8,5.8,1,1282,★☆☆☆☆,0.0,0.0,-1,-7.8,0.0,3.3,0.0,2.5,0.0,0.0,0.0,,,0.0,-9.1,1.3,-1.2,1221,1254.0,-0.9,2.3,1379,出来高増2.3倍
2593,伊藤園,食料品,5.7,5.7,1,1283,★☆☆☆☆,0.0,0.0,-1,-13.3,0.0,2.0,0.0,3.7,0.0,0.0,0.0,,,0.0,-12.5,1.8,-0.1,2887,2993.0,0.8,0.2,934,-
4540,ツムラ,医薬品,5.7,5.7,1,1284,★☆☆☆☆,0.0,0.0,-1,-10.5,0.0,3.0,0.0,2.7,0.0,0.0,0.0,,,0.0,-11.3,1.2,-0.1,3702,3794.0,0.7,0.3,1591,-
4403,日油,化学,5.7,5.7,1,1285,★☆☆☆☆,0.0,0.0,-1,-11.0,0.0,1.0,0.0,4.7,0.0,0.0,0.0,,,0.0,-9.5,1.8,-0.4,2655,2754.5,-1.0,0.3,2239,-
3092,ＺＯＺＯ,小売業,5.7,5.7,1,1286,★☆☆☆☆,0.0,0.0,-1,-13.6,0.0,0.0,0.0,5.7,0.0,0.0,0.0,,,0.0,-11.7,2.0,0.2,1102,1147.5,1.3,0.2,3009,MA上昇配列
543A,ＡＲＣＨＩＯＮ,輸送用機器,5.7,5.7,1,1287,★☆☆☆☆,0.0,0.0,-1,-1.7,0.0,3.0,0.0,2.7,0.0,0.0,0.0,,,0.0,-7.7,3.2,-0.5,256,274.0,-2.1,0.4,6923,-
3865,北越コーポレーション,パルプ・紙,5.7,5.7,1,1288,★☆☆☆☆,0.0,0.0,-1,-8.4,0.0,2.0,0.0,3.7,0.0,0.0,0.0,,,0.0,-10.5,2.7,-0.1,865,914.0,1.0,0.1,206,-
6586,マキタ,機械,5.5,5.5,1,1289,★☆☆☆☆,0.0,2.0,-1,0.5,0.0,1.0,0.0,2.5,0.0,0.0,0.0,,,0.0,-7.3,1.8,-1.4,5127,5319.0,2.1,0.1,4589,-
6648,かわでん,電気機器,5.5,5.5,1,1290,★☆☆☆☆,0.0,2.0,-1,1.2,0.0,2.0,0.0,1.5,0.0,0.0,0.0,,,0.0,-2.7,4.4,-0.7,1577,1731.0,3.3,0.1,146,-
4935,リベルタ,化学,5.5,5.5,1,1291,★☆☆☆☆,0.0,4.0,-1,15.2,0.0,0.0,0.0,1.5,0.0,0.0,0.0,,,0.0,-13.8,5.0,-7.8,194,215.0,1.9,0.2,167,RS加速+15.2
6754,アンリツ,電気機器,5.5,5.5,1,1292,★☆☆☆☆,0.0,4.0,-1,4.8,0.0,0.0,0.0,1.5,0.0,0.0,0.0,,,0.0,-11.6,3.8,-3.8,3158,3417.0,3.1,0.1,5378,RS加速+4.8
6622,ダイヘン,電気機器,5.5,5.5,1,1293,★☆☆☆☆,0.0,4.0,-1,11.9,0.0,0.0,0.0,1.5,0.0,0.0,0.0,,,0.0,-0.8,4.3,-3.6,11963,13100.0,0.6,0.1,3953,RS加速+11.9
9256,サクシード,サービス業,5.5,5.5,1,1294,★☆☆☆☆,0.0,4.0,-1,36.1,0.0,0.0,0.0,1.5,0.0,0.0,0.0,,,0.0,-19.9,5.9,-12.1,1044,1185.0,4.1,0.2,181,RS加速+36.1
2157,コシダカホールディングス,サービス業,5.5,5.5,1,1295,★☆☆☆☆,0.0,0.0,-1,-14.0,0.0,4.3,0.0,1.2,0.0,0.0,0.0,,,0.0,-12.5,1.8,-1.2,977,1014.0,-2.5,2.2,949,出来高増2.2倍
4071,プラスアルファ・コンサルティング,情報・通信業,5.5,5.5,1,1296,★☆☆☆☆,0.0,0.0,-1,-12.7,0.0,0.0,0.0,2.7,0.0,2.8,0.0,,,0.0,-12.4,4.1,-1.2,2042,2226.0,-1.2,0.4,644,開示[自己株式の取得](1日前)
5706,三井金属,非鉄金属,5.5,5.5,1,1297,★☆☆☆☆,0.0,4.0,-1,15.5,0.0,0.0,0.0,1.5,0.0,0.0,0.0,,,0.0,-0.7,7.1,-2.3,24891,29005.0,2.8,0.2,53816,RS加速+15.5
7459,メディパルホールディングス,卸売業,5.5,5.5,1,1298,★☆☆☆☆,0.0,0.0,-1,-15.0,0.0,1.0,0.0,4.5,0.0,0.0,0.0,,,0.0,-12.2,1.8,-0.1,2765,2868.0,-1.7,0.2,1146,-
1926,ライト工業,建設業,5.5,5.5,1,1299,★☆☆☆☆,0.0,0.0,-1,-5.9,0.0,2.0,0.0,3.5,0.0,0.0,0.0,,,0.0,-8.1,1.4,0.3,3691,3795.0,1.7,0.2,553,-
3449,テクノフレックス,金属製品,5.5,5.5,1,1300,★☆☆☆☆,0.0,4.0,-1,17.6,0.0,0.0,0.0,1.5,0.0,0.0,0.0,,,0.0,-11.8,6.8,-5.8,3449,3990.0,6.5,0.3,693,RS加速+17.6
4061,デンカ,化学,5.5,5.5,1,1301,★☆☆☆☆,0.0,4.0,-1,4.8,0.0,0.0,0.0,1.5,0.0,0.0,0.0,,,0.0,-4.5,3.7,-3.5,3115,3363.0,-0.5,0.3,3090,RS加速+4.8
6806,ヒロセ電機,電気機器,5.2,5.2,1,1302,★☆☆☆☆,0.0,2.0,-1,2.3,0.0,1.0,0.0,2.2,0.0,0.0,0.0,,,0.0,-6.1,2.8,-0.9,24976,26460.0,3.1,0.2,5620,-
7412,アトム,小売業,5.0,5.0,1,1303,★☆☆☆☆,0.0,0.0,-1,-10.9,0.0,0.0,0.0,5.0,0.0,0.0,0.0,,,0.0,-10.3,2.8,3.3,363,385.0,4.1,0.5,220,-
3433,トーカロ,金属製品,5.0,5.0,1,1304,★☆☆☆☆,0.0,4.0,-1,4.0,0.0,0.0,0.0,1.0,0.0,0.0,0.0,,,0.0,-3.9,2.4,-3.8,2638,2772.0,0.3,0.2,820,RS加速+4.0
1950,日本電設工業,建設業,5.0,5.0,1,1305,★☆☆☆☆,0.0,0.0,-1,-0.5,0.0,0.0,0.0,5.0,0.0,0.0,0.0,,,0.0,-7.0,2.3,0.8,3781,3960.0,3.3,0.2,454,-
6226,守谷輸送機工業,機械,5.0,5.0,1,1306,★☆☆☆☆,0.0,0.0,-1,-2.7,0.0,1.0,0.0,4.0,0.0,0.0,0.0,,,0.0,-5.7,4.8,-0.6,2028,2244.0,-7.1,0.1,607,-
4099,四国化成ホールディングス,化学,5.0,5.0,1,1307,★☆☆☆☆,0.0,4.0,-1,6.8,0.0,1.0,0.0,0.0,0.0,0.0,0.0,,,0.0,-4.3,6.0,-8.7,2152,2448.0,-1.5,0.1,2245,RS加速+6.8
9790,福井コンピュータホールディングス,情報・通信業,5.0,5.0,1,1308,★☆☆☆☆,0.0,0.0,-1,-14.4,0.0,0.0,0.0,5.0,0.0,0.0,0.0,,,0.0,-12.0,1.6,0.2,3025,3125.0,-1.0,0.3,123,-
9987,スズケン,卸売業,5.0,5.0,1,1309,★☆☆☆☆,0.0,0.0,-1,-12.7,0.0,0.0,0.0,5.0,0.0,0.0,0.0,,,0.0,-12.1,1.8,-0.2,4870,5052.0,-1.4,0.1,742,-
9413,テレビ東京ホールディングス,情報・通信業,5.0,5.0,1,1310,★☆☆☆☆,0.0,0.0,-1,-13.3,0.0,0.0,0.0,5.0,0.0,0.0,0.0,,,0.0,-14.1,1.6,0.2,3333,3445.0,0.7,0.2,309,-
3457,Ａｎｄ　Ｄｏホールディングス,不動産業,5.0,5.0,1,1311,★☆☆☆☆,0.0,0.0,-1,-9.0,0.0,0.0,0.0,5.0,0.0,0.0,0.0,,,0.0,-9.0,1.2,0.7,915,938.0,1.0,0.1,109,-
9008,京王電鉄,陸運業,5.0,5.0,1,1312,★☆☆☆☆,0.0,0.0,-1,-15.4,0.0,0.0,0.0,5.0,0.0,0.0,0.0,,,0.0,-13.8,1.5,-0.1,758,780.7999877929688,-0.6,0.2,1331,-
6866,日置電機,電気機器,5.0,5.0,1,1313,★☆☆☆☆,0.0,4.0,-1,4.1,0.0,1.0,0.0,0.0,0.0,0.0,0.0,,,0.0,-2.3,4.0,-4.5,10053,10920.0,1.4,0.1,574,RS加速+4.1
4971,メック,化学,5.0,5.0,1,1314,★☆☆☆☆,0.0,4.0,-1,7.6,0.0,1.0,0.0,0.0,0.0,0.0,0.0,,,0.0,-16.5,6.7,-13.0,5877,6780.0,0.3,0.2,4015,RS加速+7.6
4685,菱友システムズ,情報・通信業,5.0,5.0,1,1315,★☆☆☆☆,0.0,0.0,-1,-6.4,0.0,0.0,0.0,5.0,0.0,0.0,0.0,,,0.0,-11.8,1.9,1.7,2662,2766.0,3.8,0.3,103,-
4519,中外製薬,医薬品,5.0,5.0,1,1316,★☆☆☆☆,0.0,0.0,-1,-6.5,0.0,0.0,0.0,5.0,0.0,0.0,0.0,,,0.0,-8.7,2.3,0.6,6686,7003.0,-0.1,0.2,16385,-
1419,タマホーム,建設業,5.0,5.0,1,1317,★☆☆☆☆,0.0,0.0,-1,-15.9,0.0,0.0,0.0,5.0,0.0,0.0,0.0,,,0.0,-10.7,1.7,-0.1,2889,2993.0,-3.3,0.5,254,-
7447,ナガイレーベン,卸売業,4.8,4.8,1,1318,★☆☆☆☆,0.0,0.0,-1,-12.2,0.0,3.0,0.0,1.2,0.0,0.6,0.0,,,0.0,-10.2,1.5,-0.3,1656,1709.0,0.3,1.9,194,開示[自己株式の取得](11日前)
4183,三井化学,化学,4.8,4.8,1,1319,★☆☆☆☆,0.0,0.0,-1,-3.9,0.0,3.3,0.0,1.0,0.0,0.5,0.0,,,0.0,-6.2,2.3,-0.5,2046,2143.0,0.0,0.2,4439,買い出来高優勢 / 開示[買収](11日前)
3395,サンマルクホールディングス,小売業,4.7,4.7,1,1320,★☆☆☆☆,0.0,0.0,-1,-10.5,0.0,1.0,0.0,3.7,0.0,0.0,0.0,,,0.0,-12.6,1.5,1.1,2440,2515.0,1.7,0.4,304,-
1803,清水建設,建設業,4.7,4.7,1,1321,★☆☆☆☆,0.0,2.0,-1,0.4,0.0,0.0,0.0,2.7,0.0,0.0,0.0,,,0.0,-4.8,2.2,-0.3,2280,2385.0,2.1,0.2,6918,-
5992,中央発條,金属製品,4.7,4.7,1,1322,★☆☆☆☆,0.0,0.0,-1,-7.1,0.0,0.0,0.0,4.7,0.0,0.0,0.0,,,0.0,-7.0,1.8,0.6,3599,3730.0,0.0,0.3,161,-
4216,旭有機材,化学,4.7,4.7,1,1323,★☆☆☆☆,0.0,2.0,-1,0.8,0.0,0.0,0.0,2.7,0.0,0.0,0.0,,,0.0,-5.3,2.3,-0.8,5689,5960.0,-0.5,0.0,337,-
6145,ＮＩＴＴＯＫＵ,機械,4.5,4.5,1,1324,★☆☆☆☆,0.0,2.0,-1,1.4,0.0,1.0,0.0,1.5,0.0,0.0,0.0,,,0.0,-7.1,4.1,-1.0,2292,2497.0,4.0,0.2,347,-
9831,ヤマダホールディングス,小売業,4.5,4.5,1,1325,★☆☆☆☆,0.0,0.0,-1,-12.7,0.0,0.0,0.0,4.5,0.0,0.0,0.0,,,0.0,-11.5,2.5,-0.2,668,702.9000244140625,-2.4,0.3,2983,-
3333,あさひ,小売業,4.5,4.5,1,1326,★☆☆☆☆,0.0,0.0,-1,-15.3,0.0,1.0,0.0,3.5,0.0,0.0,0.0,,,0.0,-10.5,1.6,-0.4,1282,1325.0,-2.4,0.2,149,-
5214,日本電気硝子,ガラス・土石製品,4.5,4.5,1,1327,★☆☆☆☆,0.0,2.0,-1,0.3,0.0,1.0,0.0,1.5,0.0,0.0,0.0,,,0.0,-14.0,2.9,-3.6,4527,4807.0,0.3,0.3,3604,-
7256,河西工業,輸送用機器,4.5,4.5,1,1328,★☆☆☆☆,0.0,0.0,-1,-5.3,0.0,3.3,0.0,1.2,0.0,0.0,0.0,,,0.0,-4.0,7.3,-2.0,358,420.0,-2.8,0.1,210,買い出来高優勢
1893,五洋建設,建設業,4.5,4.5,1,1329,★☆☆☆☆,0.0,2.0,-1,2.3,0.0,1.0,0.0,1.5,0.0,0.0,0.0,,,0.0,-7.8,2.9,-0.8,1373,1459.0,1.8,0.2,3092,-
7318,セレンディップ・ホールディングス,輸送用機器,4.4,4.4,1,1330,★☆☆☆☆,0.0,0.0,-1,-1.4,0.0,2.0,0.0,1.5,0.0,0.9,0.0,,,0.0,-26.9,8.3,-13.4,1218,1459.0,-1.4,0.2,269,開示[自己株式取得](10日前)
1377,サカタのタネ,水産・農林業,4.2,4.2,1,1331,★☆☆☆☆,0.0,0.0,-1,-12.9,0.0,2.0,0.0,2.2,0.0,0.0,0.0,,,0.0,-9.3,1.3,-1.0,4250,4365.0,-3.5,0.2,417,-
7276,小糸製作所,電気機器,4.2,4.2,1,1332,★☆☆☆☆,0.0,2.0,-1,-16.3,0.0,0.0,0.0,2.2,0.0,0.0,0.0,,,0.0,-8.1,1.6,0.3,2584,2671.5,-0.7,0.2,2236,-
2585,ライフドリンク　カンパニー,食料品,4.2,4.2,1,1333,★☆☆☆☆,0.0,2.0,-1,-14.5,0.0,0.0,0.0,2.2,0.0,0.0,0.0,,,0.0,-3.2,6.1,1.2,1370,1562.0,-2.5,0.3,1158,-
4819,デジタルガレージ,情報・通信業,4.2,4.2,1,1334,★☆☆☆☆,0.0,0.0,-1,-16.1,0.0,0.0,0.0,4.2,0.0,0.0,0.0,,,0.0,-13.9,3.9,1.0,2146,2330.0,2.0,0.3,588,MA上昇配列
2780,コメ兵ホールディングス,小売業,4.2,4.2,1,1335,★☆☆☆☆,0.0,0.0,-1,-5.5,0.0,2.0,0.0,2.2,0.0,0.0,0.0,,,0.0,-7.1,4.5,-2.1,4609,5070.0,-1.4,0.3,721,資金流入増
7745,Ａ＆Ｄホロンホールディングス,精密機器,4.2,4.2,1,1336,★☆☆☆☆,0.0,0.0,-1,-4.9,0.0,2.0,0.0,2.2,0.0,0.0,0.0,,,0.0,-7.7,2.7,-0.8,2743,2901.0,3.8,0.2,345,-
9880,イノテック,電気機器,4.2,4.2,1,1337,★☆☆☆☆,0.0,3.0,17,-1.2,0.0,0.0,0.0,1.2,0.0,0.0,0.0,,,0.0,5.5,4.9,-0.4,3171,3515.0,-2.2,0.5,675,-
7744,ノーリツ鋼機,精密機器,4.2,4.2,1,1338,★☆☆☆☆,0.0,0.0,-1,-3.8,0.0,2.0,0.0,2.2,0.0,0.0,0.0,,,0.0,-3.9,3.1,-0.2,1892,2017.0,0.8,0.3,814,-
255A,ジーエルテクノホールディングス,精密機器,4.0,4.0,1,1339,★☆☆☆☆,0.0,4.0,-1,7.1,0.0,0.0,0.0,0.0,0.0,0.0,0.0,,,0.0,-4.2,4.3,-3.7,4846,5300.0,4.1,0.2,457,RS加速+7.1
6844,新電元工業,電気機器,4.0,4.0,1,1340,★☆☆☆☆,0.0,4.0,-1,4.0,0.0,0.0,0.0,0.0,0.0,0.0,0.0,,,0.0,-9.0,3.6,-4.7,2922,3150.0,2.3,0.4,395,RS加速+4.0
8111,ゴールドウイン,繊維製品,4.0,4.0,1,1341,★☆☆☆☆,0.0,0.0,-1,-9.3,0.0,0.0,0.0,4.0,0.0,0.0,0.0,,,0.0,-15.0,2.0,-1.3,2094,2180.5,1.9,0.3,1287,-
3104,富士紡ホールディングス,繊維製品,4.0,4.0,1,1342,★☆☆☆☆,0.0,4.0,-1,7.1,0.0,0.0,0.0,0.0,0.0,0.0,0.0,,,0.0,-7.6,3.5,-4.5,3201,3445.0,-0.1,0.2,551,RS加速+7.1
7181,かんぽ生命保険,保険業,4.0,4.0,1,1343,★☆☆☆☆,0.0,0.0,-1,-7.6,0.0,2.0,0.0,2.0,0.0,0.0,0.0,,,0.0,-12.6,2.8,-1.4,1587,1680.0,1.7,0.2,3982,-
6407,ＣＫＤ,機械,4.0,4.0,1,1344,★☆☆☆☆,0.0,4.0,-1,14.2,0.0,0.0,0.0,0.0,0.0,0.0,0.0,,,0.0,-2.2,5.5,-6.3,4934,5540.0,-0.7,0.2,5202,RS加速+14.2
5333,ＮＧＫ,ガラス・土石製品,4.0,4.0,1,1345,★☆☆☆☆,0.0,4.0,-1,5.8,0.0,0.0,0.0,0.0,0.0,0.0,0.0,,,0.0,-5.6,3.7,-5.1,4958,5354.0,-2.0,0.2,8504,RS加速+5.8
4549,栄研化学,医薬品,4.0,4.0,1,1346,★☆☆☆☆,0.0,0.0,-1,-10.3,0.0,0.0,0.0,4.0,0.0,0.0,0.0,,,0.0,-16.0,2.5,-0.6,2189,2302.0,-3.2,0.1,521,-
3445,ＲＳ　Ｔｅｃｈｎｏｌｏｇｉｅｓ,金属製品,4.0,4.0,1,1347,★☆☆☆☆,0.0,4.0,-1,12.5,0.0,0.0,0.0,0.0,0.0,0.0,0.0,,,0.0,-4.3,5.8,-6.8,5111,5780.0,5.1,0.2,1870,RS加速+12.5
8129,東邦ホールディングス,卸売業,4.0,4.0,1,1348,★☆☆☆☆,0.0,0.0,-1,-14.6,0.0,0.0,0.0,4.0,0.0,0.0,0.0,,,0.0,-13.6,2.0,-0.4,3776,3933.0,-1.7,0.1,622,-
7915,ＮＩＳＳＨＡ,その他製品,4.0,4.0,1,1349,★☆☆☆☆,0.0,0.0,-1,-5.0,0.0,0.0,0.0,4.0,0.0,0.0,0.0,,,0.0,-9.3,2.5,-0.4,1239,1303.0,0.3,0.2,338,-
6101,ツガミ,機械,4.0,4.0,1,1350,★☆☆☆☆,0.0,4.0,-1,9.5,0.0,0.0,0.0,0.0,0.0,0.0,0.0,,,0.0,-11.5,5.2,-9.2,4790,5350.0,-1.1,0.2,2469,RS加速+9.5
4425,Ｋｕｄａｎ,情報・通信業,4.0,4.0,1,1351,★☆☆☆☆,0.0,4.0,-1,13.2,0.0,0.0,0.0,0.0,0.0,0.0,0.0,,,0.0,-9.7,5.9,-4.9,1341,1520.0,9.0,0.4,315,RS加速+13.2
6856,堀場製作所,電気機器,4.0,4.0,1,1352,★☆☆☆☆,0.0,4.0,-1,4.5,0.0,0.0,0.0,0.0,0.0,0.0,0.0,,,0.0,-8.8,3.7,-5.1,21871,23630.0,1.4,0.2,5664,RS加速+4.5
6817,スミダコーポレーション,電気機器,4.0,4.0,1,1353,★☆☆☆☆,0.0,0.0,-1,-3.6,0.0,0.0,0.0,4.0,0.0,0.0,0.0,,,0.0,-11.1,2.4,-1.2,1165,1224.0,-1.3,0.1,334,-
6544,ジャパンエレベーターサービスホールディングス,サービス業,4.0,4.0,1,1354,★☆☆☆☆,0.0,0.0,-1,-10.3,0.0,0.0,0.0,4.0,0.0,0.0,0.0,,,0.0,-15.5,2.8,-1.5,1479,1565.5,0.9,0.2,1261,-
3105,日清紡ホールディングス,電気機器,4.0,4.0,1,1355,★☆☆☆☆,0.0,2.0,-1,2.4,0.0,1.0,0.0,1.0,0.0,0.0,0.0,,,0.0,-3.5,4.1,-3.4,1995,2171.0,1.7,0.2,1854,-
6254,野村マイクロ・サイエンス,機械,4.0,4.0,1,1356,★☆☆☆☆,0.0,4.0,-1,9.5,0.0,0.0,0.0,0.0,0.0,0.0,0.0,,,0.0,-5.3,5.3,-5.8,3253,3635.0,0.0,0.2,3238,RS加速+9.5
6498,キッツ,機械,4.0,4.0,1,1357,★☆☆☆☆,0.0,4.0,-1,3.5,0.0,0.0,0.0,0.0,0.0,0.0,0.0,,,0.0,-12.7,3.3,-7.5,1808,1936.0,0.5,0.2,880,RS加速+3.5
1835,東鉄工業,建設業,4.0,4.0,1,1358,★☆☆☆☆,0.0,0.0,-1,-9.5,0.0,0.0,0.0,4.0,0.0,0.0,0.0,,,0.0,-12.7,1.6,-1.9,3844,3975.0,0.6,0.2,323,-
9302,三井倉庫ホールディングス,倉庫・運輸関連業,4.0,4.0,1,1359,★☆☆☆☆,0.0,0.0,-1,-7.9,0.0,0.0,0.0,4.0,0.0,0.0,0.0,,,0.0,-16.4,1.9,-2.1,3210,3334.0,0.8,0.1,850,-
9069,センコーグループホールディングス,陸運業,4.0,4.0,1,1360,★☆☆☆☆,0.0,0.0,-1,-14.2,0.0,2.0,0.0,2.0,0.0,0.0,0.0,,,0.0,-8.6,2.3,-1.6,2117,2218.0,-3.4,0.2,950,-
6125,岡本工作機械製作所,機械,4.0,4.0,1,1361,★☆☆☆☆,0.0,4.0,-1,5.6,0.0,0.0,0.0,0.0,0.0,0.0,0.0,,,0.0,-1.9,3.8,-3.5,4450,4815.0,0.4,0.2,335,RS加速+5.6
6736,サン電子,電気機器,4.0,4.0,1,1362,★☆☆☆☆,0.0,2.0,-1,1.0,0.0,2.0,0.0,0.0,0.0,0.0,0.0,,,0.0,-14.3,7.6,-5.7,7269,8580.0,13.5,0.2,537,資金流入増
4886,あすか製薬ホールディングス,医薬品,4.0,4.0,1,1363,★☆☆☆☆,0.0,0.0,-1,-10.5,0.0,0.0,0.0,4.0,0.0,0.0,0.0,,,0.0,-11.8,2.5,-0.9,2010,2118.0,-2.4,0.1,224,-
9531,東京瓦斯,電気・ガス業,4.0,4.0,1,1364,★☆☆☆☆,0.0,0.0,-1,-10.5,0.0,0.0,0.0,4.0,0.0,0.0,0.0,,,0.0,-11.0,1.7,-0.5,5852,6055.0,-0.6,0.2,5745,-
2337,いちご,不動産業,4.0,4.0,1,1365,★☆☆☆☆,0.0,0.0,-1,-9.7,0.0,0.0,0.0,4.0,0.0,0.0,0.0,,,0.0,-12.4,1.5,-0.5,396,408.0,-1.2,0.3,273,-
4554,富士製薬工業,医薬品,4.0,4.0,1,1366,★☆☆☆☆,0.0,0.0,-1,-9.5,0.0,0.0,0.0,4.0,0.0,0.0,0.0,,,0.0,-10.7,2.3,-0.5,1757,1840.0,-0.4,0.2,216,-
2130,メンバーズ,サービス業,4.0,4.0,1,1367,★☆☆☆☆,0.0,0.0,-1,-9.4,0.0,0.0,0.0,4.0,0.0,0.0,0.0,,,0.0,-22.5,2.0,-2.2,900,937.0,-1.0,0.2,108,-
6507,シンフォニアテクノロジー,電気機器,4.0,4.0,1,1368,★☆☆☆☆,0.0,4.0,-1,6.6,0.0,0.0,0.0,0.0,0.0,0.0,0.0,,,0.0,-5.9,5.1,-4.0,11186,12470.0,0.9,0.2,2471,RS加速+6.6
6368,オルガノ,機械,4.0,4.0,1,1369,★☆☆☆☆,0.0,4.0,-1,3.3,0.0,0.0,0.0,0.0,0.0,0.0,0.0,,,0.0,-8.9,4.0,-5.3,12266,13325.0,-1.8,0.1,4182,RS加速+3.3
5384,フジミインコーポレーテッド,ガラス・土石製品,4.0,4.0,1,1370,★☆☆☆☆,0.0,4.0,-1,6.5,0.0,0.0,0.0,0.0,0.0,0.0,0.0,,,0.0,-6.6,3.9,-6.0,3339,3620.0,-0.8,0.1,1503,RS加速+6.5
4047,関東電化工業,化学,4.0,4.0,1,1371,★☆☆☆☆,0.0,4.0,-1,11.5,0.0,0.0,0.0,0.0,0.0,0.0,0.0,,,0.0,-8.8,5.2,-7.5,2149,2401.0,3.2,0.3,2130,RS加速+11.5
4368,扶桑化学工業,化学,4.0,4.0,1,1372,★☆☆☆☆,0.0,4.0,-1,6.9,0.0,0.0,0.0,0.0,0.0,0.0,0.0,,,0.0,-17.1,5.7,-12.5,2690,3035.0,-1.3,0.2,3443,RS加速+6.9
3482,ロードスターキャピタル,不動産業,4.0,4.0,1,1373,★☆☆☆☆,0.0,0.0,-1,-5.5,0.0,0.0,0.0,4.0,0.0,0.0,0.0,,,0.0,-9.1,1.6,-0.1,2570,2655.0,0.5,0.2,294,-
8016,オンワードホールディングス,繊維製品,4.0,4.0,1,1374,★☆☆☆☆,0.0,0.0,-1,-13.9,0.0,2.0,0.0,2.0,0.0,0.0,0.0,,,0.0,-8.4,1.4,-0.1,728,749.0,-0.9,1.5,562,-
9279,ギフトホールディングス,小売業,3.8,3.8,1,1375,★☆☆☆☆,0.0,0.0,-1,-17.5,0.0,0.0,0.0,2.0,0.0,1.8,0.0,,,0.0,-9.9,3.7,-3.8,2293,2479.0,-2.8,0.6,463,開示[業績予想の修正](4日前)
9267,Ｇｅｎｋｙ　ＤｒｕｇＳｔｏｒｅｓ,小売業,3.7,3.7,1,1376,★☆☆☆☆,0.0,0.0,-1,-10.9,0.0,0.0,0.0,3.7,0.0,0.0,0.0,,,0.0,-10.1,2.7,-0.3,3481,3680.0,-1.6,0.2,259,-
8801,三井不動産,不動産業,3.7,3.7,1,1377,★☆☆☆☆,0.0,0.0,-1,-10.4,0.0,0.0,0.0,3.7,0.0,0.0,0.0,,,0.0,-13.1,1.9,1.0,1467,1524.5,1.8,0.2,14030,-
9001,東武鉄道,陸運業,3.7,3.7,1,1378,★☆☆☆☆,0.0,0.0,-1,-14.6,0.0,0.0,0.0,3.7,0.0,0.0,0.0,,,0.0,-13.0,1.4,-1.0,2889,2975.0,-1.3,0.4,1651,-
6331,三菱化工機,機械,3.7,3.7,1,1379,★☆☆☆☆,0.0,0.0,-1,-0.3,0.0,0.0,0.0,3.7,0.0,0.0,0.0,,,0.0,-3.7,2.7,0.2,3062,3235.0,-0.9,0.3,541,-
9401,ＴＢＳホールディングス,情報・通信業,3.7,3.7,1,1380,★☆☆☆☆,0.0,0.0,-1,-9.8,0.0,0.0,0.0,3.7,0.0,0.0,0.0,,,0.0,-13.3,2.1,-1.3,5626,5870.0,0.3,0.2,1985,-
1801,大成建設,建設業,3.7,3.7,1,1381,★☆☆☆☆,0.0,0.0,-1,-0.3,0.0,1.0,0.0,2.7,0.0,0.0,0.0,,,0.0,-10.3,2.6,-1.8,12041,12710.0,2.9,0.2,8151,-
3046,ジンズホールディングス,小売業,3.7,3.7,1,1382,★☆☆☆☆,0.0,0.0,-1,-15.0,0.0,1.0,0.0,2.7,0.0,0.0,0.0,,,0.0,-16.7,2.9,-6.0,5684,6030.0,-4.4,1.4,2089,-
1941,中電工,建設業,3.7,3.7,1,1383,★☆☆☆☆,0.0,0.0,-1,-7.5,0.0,0.0,0.0,3.7,0.0,0.0,0.0,,,0.0,-6.9,2.0,-0.0,4871,5070.0,-0.2,0.3,455,-
9301,三菱倉庫,倉庫・運輸関連業,3.5,3.5,1,1384,★☆☆☆☆,0.0,0.0,-1,-8.2,0.0,0.0,0.0,3.5,0.0,0.0,0.0,,,0.0,-13.2,1.7,-1.3,1462,1514.0,0.2,0.2,1813,-
9960,東テク,卸売業,3.5,3.5,1,1385,★☆☆☆☆,0.0,0.0,-1,-0.9,0.0,1.0,0.0,2.5,0.0,0.0,0.0,,,0.0,-7.3,2.4,-0.3,3656,3840.0,3.9,0.2,342,-
3099,三越伊勢丹ホールディングス,小売業,3.5,3.5,1,1386,★☆☆☆☆,0.0,0.0,-1,-4.1,0.0,1.0,0.0,2.5,0.0,0.0,0.0,,,0.0,-8.8,3.3,-0.5,3323,3558.0,2.4,0.1,9890,-
5105,ＴＯＹＯ　ＴＩＲＥ,ゴム製品,3.5,3.5,1,1387,★☆☆☆☆,0.0,0.0,-1,-14.2,0.0,1.0,0.0,2.5,0.0,0.0,0.0,,,0.0,-20.2,2.9,-5.3,3508,3725.0,-2.3,0.5,6144,-
3837,アドソル日進,情報・通信業,3.5,3.5,1,1388,★☆☆☆☆,0.0,0.0,-1,-16.2,0.0,1.0,0.0,2.5,0.0,0.0,0.0,,,0.0,-12.9,2.8,-1.9,1370,1453.0,-3.4,0.4,149,-
4889,レナサイエンス,医薬品,3.5,3.5,1,1389,★☆☆☆☆,0.0,2.0,-1,2.6,0.0,0.0,0.0,1.5,0.0,0.0,0.0,,,0.0,-12.9,9.0,-4.7,1077,1313.0,0.8,0.4,673,-
3905,データセクション,情報・通信業,3.5,3.5,1,1390,★☆☆☆☆,0.0,2.0,-1,2.9,0.0,0.0,0.0,1.5,0.0,0.0,0.0,,,0.0,-20.9,10.0,-13.7,1303,1628.0,-11.5,0.9,10766,開示[受注](14日前)
6849,日本光電工業,電気機器,3.5,3.5,1,1391,★☆☆☆☆,0.0,0.0,-1,-16.6,0.0,1.0,0.0,2.5,0.0,0.0,0.0,,,0.0,-17.0,2.9,-2.2,1408,1493.0,-0.9,0.2,1253,-
8591,オリックス,その他金融業,3.5,3.5,1,1392,★☆☆☆☆,0.0,0.0,-1,-2.0,0.0,0.0,0.0,3.5,0.0,0.0,0.0,,,0.0,-8.9,2.1,-1.6,5981,6239.0,2.0,0.5,19656,-
4275,カーリット,化学,3.5,3.5,1,1393,★☆☆☆☆,0.0,2.0,-1,2.1,0.0,0.0,0.0,1.5,0.0,0.0,0.0,,,0.0,-8.5,4.2,-1.8,1986,2167.0,3.1,0.3,494,-
9025,鴻池運輸,陸運業,3.5,3.5,1,1394,★☆☆☆☆,0.0,0.0,-1,-14.1,0.0,0.0,0.0,3.5,0.0,0.0,0.0,,,0.0,-12.0,1.8,-0.9,2793,2896.0,-1.6,0.1,273,-
4666,パーク２４,不動産業,3.5,3.5,1,1395,★☆☆☆☆,0.0,0.0,-1,-14.2,0.0,0.0,0.0,3.5,0.0,0.0,0.0,,,0.0,-9.7,1.7,-0.5,1918,1985.0,-2.6,0.4,1379,-
2371,カカクコム,サービス業,3.5,3.5,1,1396,★☆☆☆☆,0.0,0.0,-1,-10.4,0.0,0.0,0.0,3.5,0.0,0.0,0.0,,,0.0,-8.0,0.7,-0.2,3633,3686.0,-0.4,0.1,1037,52週高値目前
6013,タクマ,機械,3.4,3.4,1,1397,★☆☆☆☆,0.0,0.0,-1,-7.3,0.0,0.0,0.0,1.0,0.0,2.4,0.0,,,0.0,-15.4,2.0,-5.7,2942,3065.0,-1.3,0.1,638,開示[自己株式の取得](3日前)
8012,長瀬産業,卸売業,3.4,3.4,1,1398,★☆☆☆☆,0.0,0.0,-1,-6.9,0.0,0.0,0.0,1.0,0.0,2.4,0.0,,,0.0,-5.1,2.3,-3.7,1101,1154.0,-5.5,0.3,1343,開示[自己株式の取得](3日前)
6269,三井海洋開発,機械,3.3,3.3,1,1399,★☆☆☆☆,0.0,0.0,-1,-5.1,0.0,3.3,0.0,0.0,0.0,0.0,0.0,,,0.0,-10.5,5.0,-2.5,8859,9853.0,2.6,0.4,6840,買い出来高優勢
6929,日本セラミック,電気機器,3.2,3.2,1,1400,★☆☆☆☆,0.0,0.0,-1,-8.6,0.0,1.0,0.0,2.2,0.0,0.0,0.0,,,0.0,-7.5,1.7,-0.2,3613,3740.0,0.5,0.1,439,-
5947,リンナイ,金属製品,3.2,3.2,1,1401,★☆☆☆☆,0.0,0.0,-1,-12.1,0.0,1.0,0.0,2.2,0.0,0.0,0.0,,,0.0,-11.6,1.7,-0.0,3482,3601.0,0.7,0.2,1267,-
7173,東京きらぼしフィナンシャルグループ,銀行業,3.2,3.2,1,1402,★☆☆☆☆,0.0,0.0,-1,-4.6,0.0,1.0,0.0,2.2,0.0,0.0,0.0,,,0.0,-6.5,2.9,-0.8,1614,1714.0,0.1,0.2,1760,-
9418,Ｕ－ＮＥＸＴ　ＨＯＬＤＩＮＧＳ,情報・通信業,3.2,3.2,1,1403,★☆☆☆☆,0.0,0.0,-1,-16.7,0.0,2.0,0.0,1.2,0.0,0.0,0.0,,,0.0,-10.2,1.8,-0.5,1654,1716.0,-1.7,1.3,1318,-
4732,ユー・エス・エス,サービス業,3.2,3.2,1,1404,★☆☆☆☆,0.0,0.0,-1,-12.9,0.0,0.0,0.0,3.2,0.0,0.0,0.0,,,0.0,-11.9,1.4,-0.6,1923,1978.5,0.9,0.2,1941,-
6877,ＯＢＡＲＡ　ＧＲＯＵＰ,電気機器,3.2,3.2,1,1405,★☆☆☆☆,0.0,0.0,-1,-4.1,0.0,1.0,0.0,2.2,0.0,0.0,0.0,,,0.0,-4.3,2.4,-0.5,5507,5780.0,0.9,0.1,245,-
4424,Ａｍａｚｉａ,情報・通信業,3.2,3.2,1,1406,★☆☆☆☆,0.0,0.0,-1,-24.8,0.0,0.0,0.0,1.2,0.0,2.0,0.0,,,0.0,-21.4,9.9,-4.6,273,341.0,1.2,0.2,237,開示[業績予想の修正](3日前)
9605,東映,情報・通信業,3.2,3.2,1,1407,★☆☆☆☆,0.0,0.0,-1,-18.1,0.0,0.0,0.0,3.2,0.0,0.0,0.0,,,0.0,-13.0,2.7,-1.2,5614,5940.0,-0.7,0.3,405,-
7283,愛三工業,輸送用機器,3.2,3.2,1,1408,★☆☆☆☆,0.0,0.0,-1,-14.4,0.0,0.0,0.0,3.2,0.0,0.0,0.0,,,0.0,-13.3,2.1,-0.7,2187,2282.0,-1.0,0.1,331,-
3480,ジェイ・エス・ビー,不動産業,3.2,3.2,1,1409,★☆☆☆☆,0.0,0.0,-1,-10.9,0.0,0.0,0.0,3.2,0.0,0.0,0.0,,,0.0,-10.8,0.5,-0.2,8860,8950.0,0.0,0.1,568,-
7988,ニフコ,化学,3.2,3.2,1,1410,★☆☆☆☆,0.0,0.0,-1,-12.4,0.0,0.0,0.0,3.2,0.0,0.0,0.0,,,0.0,-13.3,1.7,-1.1,4862,5036.0,-0.6,0.2,1294,-
2726,パルグループホールディングス,小売業,3.2,3.2,1,1411,★☆☆☆☆,0.0,0.0,-1,-22.5,0.0,2.0,0.0,1.2,0.0,0.0,0.0,,,0.0,-10.8,2.4,-0.6,1417,1488.0,-2.4,0.3,935,-
4613,関西ペイント,化学,3.2,3.2,1,1412,★☆☆☆☆,0.0,0.0,-1,-15.8,0.0,0.0,0.0,3.2,0.0,0.0,0.0,,,0.0,-7.2,1.9,-0.6,2756,2861.5,-1.9,0.1,2533,-
4743,アイティフォー,情報・通信業,3.2,3.2,1,1413,★☆☆☆☆,0.0,0.0,-1,-14.3,0.0,0.0,0.0,3.2,0.0,0.0,0.0,,,0.0,-13.1,2.3,-0.9,1604,1680.0,-0.6,0.4,150,-
3863,日本製紙,パルプ・紙,3.2,3.2,1,1414,★☆☆☆☆,0.0,0.0,-1,-0.8,0.0,1.0,0.0,2.2,0.0,0.0,0.0,,,0.0,-12.4,3.3,-1.2,1289,1379.0,-1.2,0.2,1174,-
9041,近鉄グループホールディングス,陸運業,3.2,3.2,1,1415,★☆☆☆☆,0.0,0.0,-1,-14.0,0.0,2.0,0.0,1.2,0.0,0.0,0.0,,,0.0,-9.4,1.8,-0.3,3389,3516.0,-0.9,0.3,1989,-
9005,東急,陸運業,3.1,3.1,1,1416,★☆☆☆☆,0.0,0.0,-1,-14.5,0.0,0.0,0.0,1.0,0.0,2.1,0.0,,,0.0,-17.3,1.5,-3.0,1591,1641.5,-2.1,0.3,4134,開示[自己株式の取得](4日前)
7606,ユナイテッドアローズ,小売業,3.0,3.0,1,1417,★☆☆☆☆,0.0,0.0,-1,-14.5,0.0,1.0,0.0,2.0,0.0,0.0,0.0,,,0.0,-7.6,2.2,-0.8,2376,2487.0,-2.8,0.2,537,-
6370,栗田工業,機械,3.0,3.0,1,1418,★☆☆☆☆,0.0,2.0,-1,2.4,0.0,0.0,0.0,1.0,0.0,0.0,0.0,,,0.0,-8.2,3.3,-3.7,7607,8139.0,1.4,0.2,5240,-
4617,中国塗料,化学,3.0,3.0,1,1419,★☆☆☆☆,0.0,0.0,-1,-4.8,0.0,0.0,0.0,3.0,0.0,0.0,0.0,,,0.0,-7.0,2.4,0.3,3464,3640.0,2.0,0.2,730,MA上昇配列
8005,スクロール,小売業,3.0,3.0,1,1420,★☆☆☆☆,0.0,0.0,-1,-10.4,0.0,1.0,0.0,2.0,0.0,0.0,0.0,,,0.0,-2.4,1.9,-0.2,1747,1815.0,-1.3,0.6,479,-
1786,オリエンタル白石,建設業,3.0,3.0,1,1421,★☆☆☆☆,0.0,0.0,-1,-9.9,0.0,2.0,0.0,1.0,0.0,0.0,0.0,,,0.0,-11.0,2.6,-0.8,341,359.0,0.0,0.3,255,-
9601,松竹,情報・通信業,3.0,3.0,1,1422,★☆☆☆☆,0.0,0.0,-1,-20.5,0.0,3.0,0.0,0.0,0.0,0.0,0.0,,,0.0,-17.9,2.3,-3.5,10196,10680.0,-3.1,1.7,746,-
4088,エア・ウォーター,化学,3.0,3.0,1,1423,★☆☆☆☆,0.0,0.0,-1,-7.4,0.0,2.0,0.0,1.0,0.0,0.0,0.0,,,0.0,-9.3,2.1,-1.2,2411,2515.0,0.7,0.2,2182,-
6459,だいわ,機械,3.0,3.0,1,1424,★☆☆☆☆,0.0,0.0,-1,-10.3,0.0,2.0,0.0,1.0,0.0,0.0,0.0,,,0.0,-9.4,3.9,-2.3,1551,1681.0,-0.4,0.3,194,-
6841,横河電機,電気機器,3.0,3.0,1,1425,★☆☆☆☆,0.0,0.0,-1,-3.4,0.0,2.0,0.0,1.0,0.0,0.0,0.0,,,0.0,-16.1,3.1,-5.7,4814,5133.0,2.7,0.2,6736,-
6677,エスケーエレクトロニクス,電気機器,3.0,3.0,1,1426,★☆☆☆☆,0.0,0.0,-1,-1.7,0.0,2.0,0.0,1.0,0.0,0.0,0.0,,,0.0,-8.6,3.3,-4.3,3051,3265.0,2.8,0.2,362,資金流入増
6136,オーエスジー,機械,3.0,3.0,1,1427,★☆☆☆☆,0.0,2.0,-1,1.0,0.0,0.0,0.0,1.0,0.0,0.0,0.0,,,0.0,-1.9,3.2,-0.4,3531,3769.0,3.6,0.4,1273,-
6113,アマダ,機械,3.0,3.0,1,1428,★☆☆☆☆,0.0,2.0,-1,1.0,0.0,0.0,0.0,1.0,0.0,0.0,0.0,,,0.0,-8.9,3.5,-4.8,2406,2589.5,-0.5,0.2,6023,-
6232,ＡＣＳＬ,機械,3.0,3.0,1,1429,★☆☆☆☆,0.0,2.0,-1,2.8,0.0,1.0,0.0,0.0,0.0,0.0,0.0,,,0.0,-5.8,6.6,-7.2,1333,1535.0,-7.3,0.6,1233,開示[業績予想の修正](14日前)
6209,リケンＮＰＲ,機械,3.0,3.0,1,1430,★☆☆☆☆,0.0,0.0,-1,-9.0,0.0,1.0,0.0,2.0,0.0,0.0,0.0,,,0.0,-9.2,2.3,-1.1,3776,3960.0,0.3,0.2,481,-
6932,遠藤照明,電気機器,3.0,3.0,1,1431,★☆☆☆☆,0.0,0.0,-1,-8.3,0.0,2.0,0.0,1.0,0.0,0.0,0.0,,,0.0,-7.9,2.4,-0.2,2479,2605.0,1.9,0.2,111,-
8218,コメリ,小売業,3.0,3.0,1,1432,★☆☆☆☆,0.0,0.0,-1,-25.2,0.0,1.0,0.0,2.0,0.0,0.0,0.0,,,0.0,-12.8,1.6,-0.3,3708,3830.0,-1.3,0.3,428,-
9519,レノバ,電気・ガス業,2.7,2.7,1,1433,★☆☆☆☆,0.0,0.0,-1,-8.6,0.0,0.0,0.0,2.7,0.0,0.0,0.0,,,0.0,-9.8,4.8,-3.3,821,909.0,-5.3,0.7,752,-
1911,住友林業,建設業,2.7,2.7,1,1434,★☆☆☆☆,0.0,0.0,-1,-13.8,0.0,0.0,0.0,2.7,0.0,0.0,0.0,,,0.0,-11.3,2.2,-0.8,1274,1332.5,-1.5,0.2,5278,-
9989,サンドラッグ,小売業,2.7,2.7,1,1435,★☆☆☆☆,0.0,0.0,-1,-11.7,0.0,0.0,0.0,2.7,0.0,0.0,0.0,,,0.0,-12.8,1.6,-0.9,3598,3715.0,0.1,0.4,1930,-
9024,西武ホールディングス,陸運業,2.7,2.7,1,1436,★☆☆☆☆,0.0,0.0,-1,-12.0,0.0,0.0,0.0,2.7,0.0,0.0,0.0,,,0.0,-14.9,3.1,-1.7,3154,3361.0,-1.4,0.2,5658,-
5201,ＡＧＣ,ガラス・土石製品,2.7,2.7,1,1437,★☆☆☆☆,0.0,0.0,-1,-4.1,0.0,0.0,0.0,2.7,0.0,0.0,0.0,,,0.0,-11.6,2.1,-2.5,5499,5743.0,-1.0,0.2,8939,-
7130,ヤマエグループホールディングス,卸売業,2.7,2.7,1,1438,★☆☆☆☆,0.0,0.0,-1,-9.0,0.0,0.0,0.0,2.7,0.0,0.0,0.0,,,0.0,-8.6,1.9,-0.4,2770,2878.0,-2.1,0.2,246,-
1959,クラフティア,建設業,2.7,2.7,1,1439,★☆☆☆☆,0.0,0.0,-1,-1.4,0.0,0.0,0.0,2.7,0.0,0.0,0.0,,,0.0,-7.5,2.1,-1.9,7856,8194.0,0.2,0.2,1815,-
1963,日揮ホールディングス,建設業,2.7,2.7,1,1440,★☆☆☆☆,0.0,0.0,-1,-2.7,0.0,0.0,0.0,2.7,0.0,0.0,0.0,,,0.0,-5.7,3.0,-0.6,2135,2272.5,1.8,0.3,2993,-
3116,トヨタ紡織,輸送用機器,2.5,2.5,1,1441,★☆☆☆☆,0.0,0.0,-1,-15.5,0.0,0.0,0.0,2.5,0.0,0.0,0.0,,,0.0,-15.2,1.8,-0.5,2160,2239.5,-0.9,0.1,1646,-
3591,ワコールホールディングス,繊維製品,2.5,2.5,1,1442,★☆☆☆☆,0.0,0.0,-1,-8.8,0.0,1.0,0.0,1.5,0.0,0.0,0.0,,,0.0,-11.8,2.2,-0.9,4118,4309.0,1.3,0.2,456,-
9551,メタウォーター,電気・ガス業,2.5,2.5,1,1443,★☆☆☆☆,0.0,0.0,-1,-2.3,0.0,1.0,0.0,1.5,0.0,0.0,0.0,,,0.0,-5.4,2.3,-1.1,2980,3125.0,0.5,0.2,360,-
4751,サイバーエージェント,サービス業,2.5,2.5,1,1444,★☆☆☆☆,0.0,0.0,-1,-13.9,0.0,1.0,0.0,1.5,0.0,0.0,0.0,,,0.0,-20.2,3.6,-2.5,1247,1344.0,2.9,0.3,9574,-
3196,ホットランドホールディングス,小売業,2.5,2.5,1,1445,★☆☆☆☆,0.0,0.0,-1,-15.5,0.0,0.0,0.0,2.5,0.0,0.0,0.0,,,0.0,-10.1,1.6,-0.0,1583,1635.0,-2.7,0.3,175,-
2579,コカ・コーラ　ボトラーズジャパンホールディングス,食料品,2.5,2.5,1,1446,★☆☆☆☆,0.0,0.0,-1,-12.4,0.0,0.0,0.0,2.5,0.0,0.0,0.0,,,0.0,-20.5,2.6,-1.9,3718,3918.0,1.4,0.2,3877,-
7972,イトーキ,その他製品,2.5,2.5,1,1447,★☆☆☆☆,0.0,0.0,-1,-8.5,0.0,0.0,0.0,2.5,0.0,0.0,0.0,,,0.0,-17.7,2.4,-3.9,2485,2611.0,1.8,0.2,571,-
1861,熊谷組,建設業,2.5,2.5,1,1448,★☆☆☆☆,0.0,0.0,-1,-5.0,0.0,1.0,0.0,1.5,0.0,0.0,0.0,,,0.0,-16.9,2.5,-4.3,1229,1294.0,0.5,0.3,1575,-
3150,グリムス,電気・ガス業,2.2,2.2,1,1449,★☆☆☆☆,0.0,0.0,-1,-11.0,0.0,0.0,0.0,2.2,0.0,0.0,0.0,,,0.0,-12.6,1.7,-2.4,2387,2471.0,-2.3,0.3,125,-
4092,日本化学工業,化学,2.2,2.2,1,1450,★☆☆☆☆,0.0,0.0,-1,-7.4,0.0,0.0,0.0,2.2,0.0,0.0,0.0,,,0.0,-10.2,5.8,-1.9,4777,5410.0,-2.0,0.1,1391,-
3191,ジョイフル本田,小売業,2.2,2.2,1,1451,★☆☆☆☆,0.0,0.0,-1,-20.0,0.0,0.0,0.0,2.2,0.0,0.0,0.0,,,0.0,-17.8,1.9,-2.6,2172,2257.0,-2.2,0.2,502,-
4559,ゼリア新薬工業,医薬品,2.2,2.2,1,1452,★☆☆☆☆,0.0,0.0,-1,-17.1,0.0,0.0,0.0,2.2,0.0,0.0,0.0,,,0.0,-13.4,1.8,-2.2,1974,2047.0,-4.9,0.6,240,-
5406,神戸製鋼所,鉄鋼,2.2,2.2,1,1453,★☆☆☆☆,0.0,0.0,-1,-12.4,0.0,0.0,0.0,2.2,0.0,0.0,0.0,,,0.0,-10.2,1.6,-0.2,1955,2020.0,-0.2,0.3,4045,-
7701,島津製作所,精密機器,2.2,2.2,1,1454,★☆☆☆☆,0.0,0.0,-1,-9.5,0.0,1.0,0.0,1.2,0.0,0.0,0.0,,,0.0,-7.7,1.9,-0.1,3962,4121.0,0.3,0.1,3416,-
1928,積水ハウス,建設業,2.2,2.2,1,1455,★☆☆☆☆,0.0,0.0,-1,-13.6,0.0,0.0,0.0,2.2,0.0,0.0,0.0,,,0.0,-12.3,1.3,-0.9,3336,3423.0,-1.4,0.2,7489,-
9247,ＴＲＥホールディングス,サービス業,2.2,2.2,1,1456,★☆☆☆☆,0.0,0.0,-1,-2.4,0.0,0.0,0.0,2.2,0.0,0.0,0.0,,,0.0,-11.3,3.3,-2.5,1817,1944.0,-1.6,0.4,487,-
9672,東京都競馬,サービス業,2.2,2.2,1,1457,★☆☆☆☆,0.0,0.0,-1,-14.6,0.0,0.0,0.0,2.2,0.0,0.0,0.0,,,0.0,-8.5,1.5,-0.0,4877,5030.0,-1.8,0.1,266,-
2501,サッポロビール,食料品,2.2,2.2,1,1458,★☆☆☆☆,0.0,0.0,-1,-13.5,0.0,0.0,0.0,2.2,0.0,0.0,0.0,,,0.0,-14.8,3.0,-2.3,1816,1932.0,0.8,0.2,2616,-
7917,ＺＡＣＲＯＳ,化学,2.2,2.2,1,1459,★☆☆☆☆,0.0,0.0,-1,-1.6,0.0,0.0,0.0,2.2,0.0,0.0,0.0,,,0.0,-10.6,2.0,-2.1,1241,1293.0,1.7,0.3,220,-
5011,ニチレキグループ,石油・石炭製品,2.2,2.2,1,1460,★☆☆☆☆,0.0,0.0,-1,-20.2,0.0,1.0,0.0,1.2,0.0,0.0,0.0,,,0.0,-9.1,2.6,-1.4,2123,2238.0,-5.9,0.4,143,-
3936,グローバルウェイ,情報・通信業,2.2,2.2,1,1461,★☆☆☆☆,0.0,0.0,-1,-8.2,0.0,1.0,0.0,1.2,0.0,0.0,0.0,,,0.0,-4.3,7.0,-3.2,132,153.0,-5.0,0.2,130,-
6367,ダイキン工業,機械,2.1,2.1,1,1462,★☆☆☆☆,0.0,0.0,-1,-5.8,0.0,0.0,0.0,1.5,0.0,0.6,0.0,,,0.0,-19.3,1.8,-5.3,20136,20900.0,1.0,0.2,32117,開示[自己株式取得](11日前)
7990,グローブライド,その他製品,2.0,2.0,1,1463,★☆☆☆☆,0.0,0.0,-1,-14.8,0.0,2.0,0.0,0.0,0.0,0.0,0.0,,,0.0,-11.7,3.2,-2.0,2317,2476.0,-2.2,0.2,293,-
9433,ＫＤＤＩ,情報・通信業,2.0,2.0,1,1464,★☆☆☆☆,0.0,0.0,-1,-15.5,0.0,0.0,0.0,2.0,0.0,0.0,0.0,,,0.0,-13.3,2.3,-0.8,2750,2881.5,-1.2,0.2,24910,-
6914,オプテックスグループ,電気機器,2.0,2.0,1,1465,★☆☆☆☆,0.0,2.0,-1,2.2,0.0,0.0,0.0,0.0,0.0,0.0,0.0,,,0.0,-8.5,3.7,-6.2,2984,3220.0,-0.2,0.2,540,-
7943,ニチハ,ガラス・土石製品,2.0,2.0,1,1466,★☆☆☆☆,0.0,0.0,-1,-11.3,0.0,1.0,0.0,1.0,0.0,0.0,0.0,,,0.0,-8.8,1.9,-0.8,2981,3100.0,0.3,0.2,196,-
8424,芙蓉総合リース,その他金融業,2.0,2.0,1,1467,★☆☆☆☆,0.0,0.0,-1,-10.0,0.0,0.0,0.0,2.0,0.0,0.0,0.0,,,0.0,-10.2,1.3,-0.8,4286,4403.0,0.4,0.2,756,-
5101,横浜ゴム,ゴム製品,2.0,2.0,1,1468,★☆☆☆☆,0.0,0.0,-1,-9.7,0.0,1.0,0.0,1.0,0.0,0.0,0.0,,,0.0,-12.7,4.6,-3.3,6635,7310.0,-2.5,0.2,9054,-
5110,住友ゴム工業,ゴム製品,2.0,2.0,1,1469,★☆☆☆☆,0.0,0.0,-1,-14.4,0.0,1.0,0.0,1.0,0.0,0.0,0.0,,,0.0,-11.6,2.6,-3.2,2111,2227.0,-3.0,0.3,4745,-
2871,ニチレイ,食料品,2.0,2.0,1,1470,★☆☆☆☆,0.0,0.0,-1,-18.4,0.0,0.0,0.0,2.0,0.0,0.0,0.0,,,0.0,-14.8,2.7,-1.9,2029,2145.5,-1.9,0.2,2947,-
4547,キッセイ薬品工業,医薬品,2.0,2.0,1,1471,★☆☆☆☆,0.0,0.0,-1,-8.3,0.0,1.0,0.0,1.0,0.0,0.0,0.0,,,0.0,-10.7,1.6,-0.6,3954,4085.0,-0.2,0.2,292,-
7936,アシックス,その他製品,2.0,2.0,1,1472,★☆☆☆☆,0.0,0.0,-1,-10.4,0.0,1.0,0.0,1.0,0.0,0.0,0.0,,,0.0,-13.4,5.5,-5.6,4057,4560.0,-2.8,0.5,27036,開示[増配](14日前)
6273,ＳＭＣ,機械,2.0,2.0,1,1473,★☆☆☆☆,0.0,2.0,-1,1.3,0.0,0.0,0.0,0.0,0.0,0.0,0.0,,,0.0,-0.7,3.9,-2.3,65343,70840.0,-0.4,0.2,22934,-
6103,オークマ,機械,2.0,2.0,1,1474,★☆☆☆☆,0.0,0.0,-1,-6.9,0.0,1.0,0.0,1.0,0.0,0.0,0.0,,,0.0,-6.4,3.3,-4.3,4558,4885.0,-1.0,0.2,2478,-
4704,トレンドマイクロ,情報・通信業,2.0,2.0,1,1475,★☆☆☆☆,0.0,0.0,-1,-7.6,0.0,2.0,0.0,0.0,0.0,0.0,0.0,,,0.0,-18.2,4.5,-2.4,5495,6034.0,10.3,0.5,6107,-
6361,荏原製作所,機械,2.0,2.0,1,1476,★☆☆☆☆,0.0,2.0,-1,2.6,0.0,0.0,0.0,0.0,0.0,0.0,0.0,,,0.0,-11.2,5.0,-10.8,4303,4781.0,-2.8,0.4,18596,-
6473,ジェイテクト,機械,2.0,2.0,1,1477,★☆☆☆☆,0.0,0.0,-1,-10.9,0.0,0.0,0.0,2.0,0.0,0.0,0.0,,,0.0,-10.3,2.6,-2.8,1940,2046.5,-1.5,0.2,2260,-
6516,山洋電気,電気機器,2.0,2.0,1,1478,★☆☆☆☆,0.0,2.0,-1,1.1,0.0,0.0,0.0,0.0,0.0,0.0,0.0,,,0.0,-3.2,3.2,-2.3,5157,5510.0,0.2,0.1,739,-
8508,Ｊトラスト,その他金融業,2.0,2.0,1,1479,★☆☆☆☆,0.0,0.0,-1,-16.0,0.0,2.0,0.0,0.0,0.0,0.0,0.0,,,0.0,-11.6,7.0,-10.6,642,747.0,-13.9,0.5,1712,資金流入増
3300,アンビション　ＤＸ　ホールディングス,不動産業,2.0,2.0,1,1480,★☆☆☆☆,0.0,0.0,-1,-8.6,0.0,2.0,0.0,0.0,0.0,0.0,0.0,,,0.0,-16.3,2.8,-6.4,1823,1931.0,-0.2,0.5,164,資金流入増
8750,第一ライフグループ,保険業,2.0,2.0,1,1481,★☆☆☆☆,0.0,0.0,-1,-5.3,0.0,0.0,0.0,2.0,0.0,0.0,0.0,,,0.0,-10.8,2.2,-1.4,1758,1839.0,2.8,0.3,14726,-
8795,Ｔ＆Ｄホールディングス,保険業,2.0,2.0,1,1482,★☆☆☆☆,0.0,0.0,-1,-6.0,0.0,0.0,0.0,2.0,0.0,0.0,0.0,,,0.0,-10.5,2.4,-0.9,4653,4883.0,1.8,0.2,6895,-
7047,ポート,サービス業,2.0,2.0,1,1483,★☆☆☆☆,0.0,0.0,-1,-3.6,0.0,1.0,0.0,1.0,0.0,0.0,0.0,,,0.0,-7.4,5.2,-2.0,2101,2344.0,0.1,0.2,492,-
6971,京セラ,電気機器,2.0,2.0,1,1484,★☆☆☆☆,0.0,0.0,-1,-3.0,0.0,0.0,0.0,2.0,0.0,0.0,0.0,,,0.0,-5.2,2.8,-1.9,3435,3638.0,0.8,0.2,17296,-
8593,三菱ＨＣキャピタル,その他金融業,2.0,2.0,1,1485,★☆☆☆☆,0.0,0.0,-1,-11.4,0.0,0.0,0.0,2.0,0.0,0.0,0.0,,,0.0,-13.9,1.6,-1.5,1353,1398.5,0.3,0.3,5977,-
9065,山九,陸運業,2.0,2.0,1,1486,★☆☆☆☆,0.0,0.0,-1,-9.9,0.0,1.0,0.0,1.0,0.0,0.0,0.0,,,0.0,-18.7,1.9,-4.2,8045,8355.0,0.2,0.2,2062,-
547A,ムニノバホールディングス,その他金融業,2.0,2.0,1,1487,★☆☆☆☆,0.0,0.0,-1,-6.6,0.0,2.0,0.0,0.0,0.0,0.0,0.0,,,0.0,-7.1,2.2,-0.4,430,450.0,-0.4,0.3,815,-
4755,楽天グループ,サービス業,2.0,2.0,1,1488,★☆☆☆☆,0.0,0.0,-1,-12.4,0.0,2.0,0.0,0.0,0.0,0.0,0.0,,,0.0,-13.9,3.7,-2.1,728,786.2999877929688,0.7,0.3,15036,-
7004,カナデビア,機械,2.0,2.0,1,1489,★☆☆☆☆,0.0,0.0,-1,-4.1,0.0,2.0,0.0,0.0,0.0,0.0,0.0,,,0.0,-6.9,2.9,-1.8,1116,1185.0,-0.3,0.3,1079,-
9202,ＡＮＡホールディングス,空運業,2.0,2.0,1,1490,★☆☆☆☆,0.0,0.0,-1,-13.0,0.0,0.0,0.0,2.0,0.0,0.0,0.0,,,0.0,-10.8,1.5,-1.1,2966,3056.0,0.5,0.2,5987,-
8630,ＳＯＭＰＯホールディングス,保険業,2.0,2.0,1,1491,★☆☆☆☆,0.0,0.0,-1,-10.5,0.0,0.0,0.0,2.0,0.0,0.0,0.0,,,0.0,-12.6,2.1,-1.1,6574,6864.0,1.6,0.2,15514,-
2810,ハウス食品グループ本社,食料品,2.0,2.0,1,1492,★☆☆☆☆,0.0,0.0,-1,-12.9,0.0,0.0,0.0,2.0,0.0,0.0,0.0,,,0.0,-14.5,1.3,-1.6,3648,3743.0,-0.6,0.2,890,-
6744,能美防災,電気機器,2.0,2.0,1,1493,★☆☆☆☆,0.0,0.0,-1,-12.3,0.0,1.0,0.0,1.0,0.0,0.0,0.0,,,0.0,-9.0,2.3,-2.1,4126,4325.0,-1.3,0.8,414,-
3407,旭化成,化学,1.6,1.6,1,1494,★☆☆☆☆,0.0,0.0,-1,-6.1,0.0,0.0,0.0,1.0,0.0,0.6,0.0,,,0.0,-17.5,2.1,-3.8,1565,1632.5,-0.5,0.2,9765,開示[自己株式の取得](11日前)
6191,エアトリ,サービス業,1.5,1.5,1,1495,★☆☆☆☆,0.0,0.0,-1,-13.2,0.0,0.0,0.0,0.0,0.0,1.5,0.0,,,0.0,-16.0,3.5,-4.2,779,837.0,0.2,0.2,112,開示[自己株式の取得](10日前) / 開示[自己株式の取得](11日前)
1812,鹿島建設,建設業,1.5,1.5,1,1496,★☆☆☆☆,0.0,0.0,-1,-2.9,0.0,0.0,0.0,1.5,0.0,0.0,0.0,,,0.0,-18.3,2.4,-5.1,4584,4811.0,1.3,0.2,11403,-
7649,スギホールディングス,小売業,1.5,1.5,1,1497,★☆☆☆☆,0.0,0.0,-1,-12.3,0.0,0.0,0.0,1.5,0.0,0.0,0.0,,,0.0,-17.4,2.4,-3.9,1262,1327.0,-1.1,0.3,2752,-
9412,スカパーＪＳＡＴ,情報・通信業,1.5,1.5,1,1498,★☆☆☆☆,0.0,0.0,-1,-1.2,0.0,0.0,0.0,1.5,0.0,0.0,0.0,,,0.0,-2.2,3.6,-3.3,2007,2162.0,-2.8,0.2,5831,-
9068,丸全昭和運輸,陸運業,1.5,1.5,1,1499,★☆☆☆☆,0.0,0.0,-1,-9.1,0.0,0.0,0.0,1.5,0.0,0.0,0.0,,,0.0,-12.1,2.0,-0.6,7164,7470.0,1.8,0.3,199,-
4887,サワイグループホールディングス,医薬品,1.5,1.5,1,1500,★☆☆☆☆,0.0,0.0,-1,-11.8,0.0,0.0,0.0,1.5,0.0,0.0,0.0,,,0.0,-13.1,2.4,-1.6,1531,1607.0,-1.5,0.3,870,-
8802,三菱地所,不動産業,1.5,1.5,1,1501,★☆☆☆☆,0.0,0.0,-1,-6.9,0.0,0.0,0.0,1.5,0.0,0.0,0.0,,,0.0,-15.4,2.1,-0.7,3612,3766.0,2.1,0.2,15557,-
1802,大林組,建設業,1.5,1.5,1,1502,★☆☆☆☆,0.0,0.0,-1,-6.3,0.0,0.0,0.0,1.5,0.0,0.0,0.0,,,0.0,-15.8,1.9,-3.8,2853,2966.5,0.8,0.3,7768,-
6584,三櫻工業,輸送用機器,1.5,1.5,1,1503,★☆☆☆☆,0.0,0.0,-1,-3.9,0.0,0.0,0.0,1.5,0.0,0.0,0.0,,,0.0,-5.9,3.9,-2.4,727,789.0,-2.5,0.2,458,-
5938,ＬＩＸＩＬ,金属製品,1.5,1.5,1,1504,★☆☆☆☆,0.0,0.0,-1,-9.8,0.0,0.0,0.0,1.5,0.0,0.0,0.0,,,0.0,-14.1,1.2,-1.1,1725,1766.0,0.6,0.3,3890,-
8830,住友不動産,不動産業,1.5,1.5,1,1505,★☆☆☆☆,0.0,0.0,-1,-7.5,0.0,0.0,0.0,1.5,0.0,0.0,0.0,,,0.0,-16.5,2.0,-3.0,3243,3377.0,1.1,0.2,9351,-
5929,三和ホールディングス,金属製品,1.5,1.5,1,1506,★☆☆☆☆,0.0,0.0,-1,-12.9,0.0,0.0,0.0,1.5,0.0,0.0,0.0,,,0.0,-16.8,2.0,-2.1,3441,3585.0,-0.9,0.2,2367,-
3299,ムゲンエステート,不動産業,1.2,1.2,1,1507,★☆☆☆☆,0.0,0.0,-1,-9.8,0.0,0.0,0.0,1.2,0.0,0.0,0.0,,,0.0,-20.1,1.9,-4.8,1660,1726.0,-1.8,0.3,319,-
3880,大王製紙,パルプ・紙,1.2,1.2,1,1508,★☆☆☆☆,0.0,0.0,-1,-10.3,0.0,0.0,0.0,1.2,0.0,0.0,0.0,,,0.0,-10.5,1.8,-0.0,946,981.0,-0.2,0.3,209,-
4324,電通グループ,サービス業,1.2,1.2,1,1509,★☆☆☆☆,0.0,0.0,-1,-17.6,0.0,0.0,0.0,1.2,0.0,0.0,0.0,,,0.0,-12.3,3.6,-0.3,3329,3591.0,2.0,0.2,4323,-
5532,リアルゲイト,不動産業,1.2,1.2,1,1510,★☆☆☆☆,0.0,0.0,-1,-2.6,0.0,0.0,0.0,1.2,0.0,0.0,0.0,,,0.0,-5.8,3.5,-0.2,3152,3390.0,0.0,0.1,117,-
2980,ＳＲＥホールディングス,不動産業,1.2,1.2,1,1511,★☆☆☆☆,0.0,0.0,-1,-6.9,0.0,0.0,0.0,1.2,0.0,0.0,0.0,,,0.0,-12.3,3.5,-0.8,2350,2526.0,5.1,0.5,885,-
262A,インターメスティック,小売業,1.2,1.2,1,1512,★☆☆☆☆,0.0,0.0,-1,-15.7,0.0,0.0,0.0,1.2,0.0,0.0,0.0,,,0.0,-12.5,3.7,-3.9,1689,1824.0,-1.4,0.2,464,-
7238,曙ブレーキ工業,輸送用機器,1.2,1.2,1,1513,★☆☆☆☆,0.0,0.0,-1,-6.5,0.0,0.0,0.0,1.2,0.0,0.0,0.0,,,0.0,-7.7,2.5,-0.8,103,108.0,0.9,0.6,244,-
6902,デンソー,輸送用機器,1.2,1.2,1,1514,★☆☆☆☆,0.0,0.0,-1,-19.0,0.0,0.0,0.0,1.2,0.0,0.0,0.0,,,0.0,-20.6,1.8,-2.5,1846,1913.5,-1.8,0.2,14982,-
4523,エーザイ,医薬品,1.2,1.2,1,1515,★☆☆☆☆,0.0,0.0,-1,-19.7,0.0,0.0,0.0,1.2,0.0,0.0,0.0,,,0.0,-12.1,2.3,-0.2,4587,4811.0,-1.9,0.2,6097,-
3193,エターナルホスピタリティグループ,小売業,1.2,1.2,1,1516,★☆☆☆☆,0.0,0.0,-1,-9.5,0.0,0.0,0.0,1.2,0.0,0.0,0.0,,,0.0,-5.6,2.3,-0.6,1370,1436.0,-2.8,0.2,192,-
3415,ＴＯＫＹＯ　ＢＡＳＥ,小売業,1.2,1.2,1,1517,★☆☆☆☆,0.0,0.0,-1,-0.2,0.0,0.0,0.0,1.2,0.0,0.0,0.0,,,0.0,-13.4,2.2,-1.1,365,382.0,3.5,0.3,142,-
9064,ヤマトホールディングス,陸運業,1.2,1.2,1,1518,★☆☆☆☆,0.0,0.0,-1,-12.9,0.0,0.0,0.0,1.2,0.0,0.0,0.0,,,0.0,-17.3,2.0,-2.2,1856,1934.5,0.2,0.2,2653,-
2267,ヤクルト本社,食料品,1.2,1.2,1,1519,★☆☆☆☆,0.0,0.0,-1,-19.1,0.0,0.0,0.0,1.2,0.0,0.0,0.0,,,0.0,-10.8,2.1,-1.5,2697,2813.0,-5.4,0.2,3939,-
6378,木村化工機,機械,1.2,1.2,1,1520,★☆☆☆☆,0.0,0.0,-1,-4.4,0.0,0.0,0.0,1.2,0.0,0.0,0.0,,,0.0,-3.7,3.0,-0.7,1157,1230.0,1.1,0.3,147,-
7226,極東開発工業,輸送用機器,1.2,1.2,1,1521,★☆☆☆☆,0.0,0.0,-1,-9.0,0.0,0.0,0.0,1.2,0.0,0.0,0.0,,,0.0,-8.8,1.2,-0.2,2279,2333.0,-0.6,0.5,436,-
3984,ユーザーローカル,情報・通信業,1.2,1.2,1,1522,★☆☆☆☆,0.0,0.0,-1,-13.0,0.0,0.0,0.0,1.2,0.0,0.0,0.0,,,0.0,-20.7,3.3,-5.1,1465,1567.0,-0.6,0.4,220,-
2875,東洋水産,食料品,1.0,1.0,1,1523,★☆☆☆☆,0.0,0.0,-1,-15.5,0.0,0.0,0.0,1.0,0.0,0.0,0.0,,,0.0,-14.8,1.9,-0.6,10157,10555.0,-1.0,0.2,4543,-
5981,東京製綱,金属製品,1.0,1.0,1,1524,★☆☆☆☆,0.0,0.0,-1,-4.9,0.0,0.0,0.0,1.0,0.0,0.0,0.0,,,0.0,-6.2,3.4,-1.4,1813,1945.0,0.6,0.1,227,-
5726,大阪チタニウムテクノロジーズ,非鉄金属,1.0,1.0,1,1525,★☆☆☆☆,0.0,0.0,-1,-11.1,0.0,1.0,0.0,0.0,0.0,0.0,0.0,,,0.0,-4.7,7.0,-6.0,2303,2677.0,-8.4,0.4,2233,-
2264,森永乳業,食料品,1.0,1.0,1,1526,★☆☆☆☆,0.0,0.0,-1,-11.1,0.0,0.0,0.0,1.0,0.0,0.0,0.0,,,0.0,-16.0,2.6,-3.9,1096,1157.0,-1.6,0.3,1997,-
4091,日本酸素ホールディングス,化学,1.0,1.0,1,1527,★☆☆☆☆,0.0,0.0,-1,-7.4,0.0,0.0,0.0,1.0,0.0,0.0,0.0,,,0.0,-11.5,2.6,-4.3,5319,5613.0,-0.3,0.3,2454,-
6141,ＤＭＧ森精機,機械,1.0,1.0,1,1528,★☆☆☆☆,0.0,0.0,-1,-5.4,0.0,1.0,0.0,0.0,0.0,0.0,0.0,,,0.0,-21.1,3.9,-11.0,2791,3030.0,1.1,0.4,7103,-
7224,新明和工業,輸送用機器,1.0,1.0,1,1529,★☆☆☆☆,0.0,0.0,-1,-6.4,0.0,1.0,0.0,0.0,0.0,0.0,0.0,,,0.0,-7.2,1.5,-0.8,1917,1974.0,0.3,0.2,314,-
3405,クラレ,化学,1.0,1.0,1,1530,★☆☆☆☆,0.0,0.0,-1,-11.4,0.0,0.0,0.0,1.0,0.0,0.0,0.0,,,0.0,-10.4,2.4,-1.0,1745,1832.0,-0.4,0.3,3816,-
6564,ミダックホールディングス,サービス業,1.0,1.0,1,1531,★☆☆☆☆,0.0,0.0,-1,-7.7,0.0,1.0,0.0,0.0,0.0,0.0,0.0,,,0.0,-13.4,5.0,-2.9,1888,2098.0,2.8,0.2,141,-
6651,日東工業,電気機器,1.0,1.0,1,1532,★☆☆☆☆,0.0,0.0,-1,-5.0,0.0,0.0,0.0,1.0,0.0,0.0,0.0,,,0.0,-4.0,2.0,-0.3,4235,4410.0,0.3,0.2,314,-
4042,東ソー,化学,1.0,1.0,1,1533,★☆☆☆☆,0.0,0.0,-1,-2.9,0.0,0.0,0.0,1.0,0.0,0.0,0.0,,,0.0,-8.9,1.7,-1.9,2558,2650.0,-0.2,0.2,3468,-
3360,シップヘルスケアホールディングス,卸売業,1.0,1.0,1,1534,★☆☆☆☆,0.0,0.0,-1,-18.4,0.0,0.0,0.0,1.0,0.0,0.0,0.0,,,0.0,-17.6,2.2,-3.6,2228,2329.5,-1.7,0.3,586,-
7734,理研計器,精密機器,1.0,1.0,1,1535,★☆☆☆☆,0.0,0.0,-1,-6.4,0.0,1.0,0.0,0.0,0.0,0.0,0.0,,,0.0,-7.9,4.1,-1.7,3078,3355.0,2.0,0.1,388,-
8086,ニプロ,精密機器,1.0,1.0,1,1536,★☆☆☆☆,0.0,0.0,-1,-18.7,0.0,0.0,0.0,1.0,0.0,0.0,0.0,,,0.0,-16.0,2.5,-4.1,1458,1534.0,-3.3,0.3,1101,-
4204,積水化学工業,化学,1.0,1.0,1,1537,★☆☆☆☆,0.0,0.0,-1,-11.5,0.0,0.0,0.0,1.0,0.0,0.0,0.0,,,0.0,-11.5,1.4,-1.1,2556,2631.0,-0.5,0.2,3826,-
7157,ライフネット生命保険,保険業,1.0,1.0,1,1538,★☆☆☆☆,0.0,0.0,-1,-17.4,0.0,1.0,0.0,0.0,0.0,0.0,0.0,,,0.0,-22.2,3.7,-7.2,1363,1472.0,-3.7,0.3,488,-
3186,ネクステージ,小売業,1.0,1.0,1,1539,★☆☆☆☆,0.0,0.0,-1,-10.5,0.0,1.0,0.0,0.0,0.0,0.0,0.0,,,0.0,-8.0,3.1,-3.3,3131,3340.0,-5.0,0.3,1218,-
6284,日精エー・エス・ビー機械,機械,1.0,1.0,1,1540,★☆☆☆☆,0.0,0.0,-1,-0.6,0.0,0.0,0.0,1.0,0.0,0.0,0.0,,,0.0,-6.3,2.2,-1.7,8560,8960.0,2.3,0.1,316,-
6845,アズビル,電気機器,1.0,1.0,1,1541,★☆☆☆☆,0.0,0.0,-1,-7.5,0.0,0.0,0.0,1.0,0.0,0.0,0.0,,,0.0,-14.4,2.2,-3.2,1468,1534.5,2.6,0.2,2363,-
5013,ユシロ,石油・石炭製品,1.0,1.0,1,1542,★☆☆☆☆,0.0,0.0,-1,-6.3,0.0,0.0,0.0,1.0,0.0,0.0,0.0,,,0.0,-3.0,3.0,-0.8,2787,2965.0,-2.5,0.3,130,-
2670,エービーシー・マート,小売業,1.0,1.0,1,1543,★☆☆☆☆,0.0,0.0,-1,-16.4,0.0,0.0,0.0,1.0,0.0,0.0,0.0,,,0.0,-9.6,1.6,-0.4,2639,2727.0,-1.0,0.5,1297,-
4251,恵和,化学,1.0,1.0,1,1544,★☆☆☆☆,0.0,0.0,-1,-6.7,0.0,1.0,0.0,0.0,0.0,0.0,0.0,,,0.0,-9.8,2.2,-3.0,1135,1187.0,0.4,0.2,136,開示[業績予想の修正](14日前) / 開示[自己株式取得](14日前)
5698,エンビプロ・ホールディングス,鉄鋼,1.0,1.0,1,1545,★☆☆☆☆,0.0,0.0,-1,-1.0,0.0,1.0,0.0,0.0,0.0,0.0,0.0,,,0.0,-2.4,4.8,-2.1,715,790.0,-1.1,0.2,237,-
2201,森永製菓,食料品,1.0,1.0,1,1546,★☆☆☆☆,0.0,0.0,-1,-13.8,0.0,0.0,0.0,1.0,0.0,0.0,0.0,,,0.0,-15.6,1.3,-2.6,2462,2529.5,-2.1,0.4,802,-
2502,アサヒグループホールディングス,食料品,1.0,1.0,1,1547,★☆☆☆☆,0.0,0.0,-1,-16.5,0.0,0.0,0.0,1.0,0.0,0.0,0.0,,,0.0,-12.9,2.1,-1.2,1588,1659.0,-1.3,0.2,11175,-
2587,サントリービバレッジ＆フード,食料品,1.0,1.0,1,1548,★☆☆☆☆,0.0,0.0,-1,-15.4,0.0,0.0,0.0,1.0,0.0,0.0,0.0,,,0.0,-15.5,1.8,-2.2,4353,4512.0,-1.3,0.4,4734,-
3788,ＧＭＯグローバルサイン・ホールディングス,情報・通信業,1.0,1.0,1,1549,★☆☆☆☆,0.0,0.0,-1,-12.5,0.0,1.0,0.0,0.0,0.0,0.0,0.0,,,0.0,-15.9,5.0,-3.8,1906,2118.0,-0.1,0.3,107,-
3774,インターネットイニシアティブ,情報・通信業,1.0,1.0,1,1550,★☆☆☆☆,0.0,0.0,-1,-15.7,0.0,0.0,0.0,1.0,0.0,0.0,0.0,,,0.0,-15.7,2.7,-5.1,3105,3284.0,-2.9,0.5,1955,-
6804,ホシデン,電気機器,1.0,1.0,1,1551,★☆☆☆☆,0.0,0.0,-1,-13.7,0.0,0.0,0.0,1.0,0.0,0.0,0.0,,,0.0,-13.9,2.9,-5.0,2534,2691.0,-2.1,0.1,681,-
4536,参天製薬,医薬品,1.0,1.0,1,1552,★☆☆☆☆,0.0,0.0,-1,-8.3,0.0,0.0,0.0,1.0,0.0,0.0,0.0,,,0.0,-12.0,2.6,-3.0,1756,1854.5,-1.3,0.2,2024,-
5423,東京製鐵,鉄鋼,1.0,1.0,1,1553,★☆☆☆☆,0.0,0.0,-1,-9.5,0.0,0.0,0.0,1.0,0.0,0.0,0.0,,,0.0,-10.1,1.9,-0.6,1653,1719.0,1.5,0.2,492,-
5444,大和工業,鉄鋼,1.0,1.0,1,1554,★☆☆☆☆,0.0,0.0,-1,-7.8,0.0,0.0,0.0,1.0,0.0,0.0,0.0,,,0.0,-16.6,2.7,-5.9,11564,12225.0,3.6,0.2,2103,-
2674,ハードオフコーポレーション,小売業,1.0,1.0,1,1555,★☆☆☆☆,0.0,0.0,-1,-17.7,0.0,0.0,0.0,1.0,0.0,0.0,0.0,,,0.0,-19.9,2.8,-5.5,2509,2661.0,-2.3,0.3,223,-
9983,ファーストリテイリング,小売業,1.0,1.0,1,1556,★☆☆☆☆,0.0,0.0,-1,-12.0,0.0,0.0,0.0,1.0,0.0,0.0,0.0,,,0.0,-16.1,2.3,-6.0,68381,71630.0,-2.1,0.4,70881,-
4626,太陽ホールディングス,化学,1.0,1.0,1,1557,★☆☆☆☆,0.0,0.0,-1,-6.9,0.0,1.0,0.0,0.0,0.0,0.0,0.0,,,0.0,-6.9,0.9,-0.8,4657,4740.0,-0.5,0.1,1589,-
1976,明星工業,建設業,1.0,1.0,1,1558,★☆☆☆☆,0.0,0.0,-1,-15.6,0.0,0.0,0.0,1.0,0.0,0.0,0.0,,,0.0,-22.9,2.6,-6.6,1638,1728.0,-2.3,0.3,191,-
9735,セコム,サービス業,1.0,1.0,1,1559,★☆☆☆☆,0.0,0.0,-1,-13.6,0.0,0.0,0.0,1.0,0.0,0.0,0.0,,,0.0,-17.0,2.2,-3.1,6124,6408.0,-0.1,0.2,7888,-
5463,丸一鋼管,鉄鋼,1.0,1.0,1,1560,★☆☆☆☆,0.0,0.0,-1,-5.7,0.0,0.0,0.0,1.0,0.0,0.0,0.0,,,0.0,-9.6,2.5,-1.3,1663,1749.0,1.8,0.5,1254,-
3844,コムチュア,情報・通信業,1.0,1.0,1,1561,★☆☆☆☆,0.0,0.0,-1,-18.4,0.0,1.0,0.0,0.0,0.0,0.0,0.0,,,0.0,-13.0,3.1,-1.9,1290,1374.0,-2.6,0.3,359,開示[業績予想の修正](14日前)
7888,三光合成,化学,1.0,1.0,1,1562,★☆☆☆☆,0.0,0.0,-1,-10.9,0.0,0.0,0.0,1.0,0.0,0.0,0.0,,,0.0,-12.2,2.2,-2.0,870,909.0,-0.7,0.1,106,-
7944,ローランド,その他製品,1.0,1.0,1,1563,★☆☆☆☆,0.0,0.0,-1,-12.8,0.0,0.0,0.0,1.0,0.0,0.0,0.0,,,0.0,-16.7,3.1,-7.1,3582,3815.0,-1.3,0.1,545,-
9364,上組,倉庫・運輸関連業,1.0,1.0,1,1564,★☆☆☆☆,0.0,0.0,-1,-10.7,0.0,0.0,0.0,1.0,0.0,0.0,0.0,,,0.0,-15.3,1.4,-3.6,4697,4834.0,-0.5,0.2,1533,-
3179,シュッピン,小売業,1.0,1.0,1,1565,★☆☆☆☆,0.0,0.0,-1,-20.5,0.0,0.0,0.0,1.0,0.0,0.0,0.0,,,0.0,-17.3,3.3,-4.9,1136,1215.0,-4.3,0.1,151,-
4612,日本ペイントホールディングス,化学,1.0,1.0,1,1566,★☆☆☆☆,0.0,0.0,-1,-16.8,0.0,0.0,0.0,1.0,0.0,0.0,0.0,,,0.0,-10.4,2.8,-1.8,1125,1191.5,-0.8,0.1,4211,-
7128,ユニソルホールディングス,卸売業,1.0,1.0,1,1567,★☆☆☆☆,0.0,0.0,-1,-14.7,0.0,1.0,0.0,0.0,0.0,0.0,0.0,,,0.0,-8.1,2.8,-2.2,2650,2809.0,-2.5,0.3,406,-
7581,サイゼリヤ,小売業,1.0,1.0,1,1568,★☆☆☆☆,0.0,0.0,-1,-17.1,0.0,0.0,0.0,1.0,0.0,0.0,0.0,,,0.0,-17.4,2.4,-3.8,6907,7260.0,-0.7,0.2,3642,-
6785,鈴木,電気機器,1.0,1.0,1,1569,★☆☆☆☆,0.0,0.0,-1,-0.5,0.0,0.0,0.0,1.0,0.0,0.0,0.0,,,0.0,-4.4,3.2,-1.4,2763,2952.0,2.2,0.2,250,-
6310,井関農機,機械,1.0,1.0,1,1570,★☆☆☆☆,0.0,0.0,-1,-6.4,0.0,1.0,0.0,0.0,0.0,0.0,0.0,,,0.0,-9.3,3.2,-1.7,1690,1804.0,-1.5,0.2,319,-
7532,パン・パシフィック・インターナショナルホールディングス,小売業,0.9,0.9,1,1571,★☆☆☆☆,0.0,0.0,-1,-18.0,0.0,0.0,0.0,0.0,0.0,0.9,0.0,,,0.0,-21.9,3.2,-8.2,757,808.2999877929688,-1.2,0.7,10640,開示[増配](10日前)
8848,レオパレス２１,不動産業,0.0,0.0,1,1572,★☆☆☆☆,0.0,0.0,-1,-15.1,0.0,0.0,0.0,0.0,0.0,0.0,0.0,,,0.0,-16.7,2.5,-2.5,601,632.0,-1.4,0.1,687,-
6383,ダイフク,機械,0.0,0.0,1,1573,★☆☆☆☆,0.0,0.0,-1,-0.0,0.0,0.0,0.0,0.0,0.0,0.0,0.0,,,0.0,-6.1,2.8,-4.3,5440,5762.0,-2.3,0.3,12317,-
8715,アニコム　ホールディングス,保険業,0.0,0.0,1,1574,★☆☆☆☆,0.0,0.0,-1,-11.4,0.0,0.0,0.0,0.0,0.0,0.0,0.0,,,0.0,-16.2,4.4,-5.0,1006,1104.0,-2.7,0.1,459,-
6464,ツバキ・ナカシマ,機械,0.0,0.0,1,1575,★☆☆☆☆,0.0,0.0,-1,-6.7,0.0,0.0,0.0,0.0,0.0,0.0,0.0,,,0.0,-11.5,5.0,-6.5,300,333.0,-4.3,0.2,223,-
8113,ユニ・チャーム,化学,0.0,0.0,1,1576,★☆☆☆☆,0.0,0.0,-1,-18.2,0.0,0.0,0.0,0.0,0.0,0.0,0.0,,,0.0,-12.8,2.0,-1.8,940,979.0,-2.4,0.3,5097,-
2216,カンロ,食料品,0.0,0.0,1,1577,★☆☆☆☆,0.0,0.0,-1,-12.6,0.0,0.0,0.0,0.0,0.0,0.0,0.0,,,0.0,-21.8,1.5,-3.3,1051,1084.0,-1.0,0.1,110,-
5991,日本発條,金属製品,0.0,0.0,1,1578,★☆☆☆☆,0.0,0.0,-1,-1.0,0.0,0.0,0.0,0.0,0.0,0.0,0.0,,,0.0,-6.3,3.2,-4.5,3173,3387.0,-2.6,0.3,2461,-
5408,中山製鋼所,鉄鋼,0.0,0.0,1,1579,★☆☆☆☆,0.0,0.0,-1,-9.5,0.0,0.0,0.0,0.0,0.0,0.0,0.0,,,0.0,-10.2,2.2,-0.7,612,640.0,0.8,0.2,173,-
7259,アイシン,輸送用機器,0.0,0.0,1,1580,★☆☆☆☆,0.0,0.0,-1,-17.4,0.0,0.0,0.0,0.0,0.0,0.0,0.0,,,0.0,-19.3,1.9,-2.0,2142,2227.5,-1.8,0.3,5238,-
5334,日本特殊陶業,ガラス・土石製品,0.0,0.0,1,1581,★☆☆☆☆,0.0,0.0,-1,-4.2,0.0,0.0,0.0,0.0,0.0,0.0,0.0,,,0.0,-13.1,2.7,-9.2,7970,8427.0,-4.3,0.3,8621,-
9143,ＳＧホールディングス,陸運業,0.0,0.0,1,1582,★☆☆☆☆,0.0,0.0,-1,-14.5,0.0,0.0,0.0,0.0,0.0,0.0,0.0,,,0.0,-15.4,2.5,-4.6,1431,1505.5,-3.9,0.3,2153,-
6951,日本電子,電気機器,0.0,0.0,1,1583,★☆☆☆☆,0.0,0.0,-1,-4.6,0.0,0.0,0.0,0.0,0.0,0.0,0.0,,,0.0,-15.5,5.0,-9.0,6441,7162.0,-1.6,0.1,2758,-
7245,大同メタル工業,輸送用機器,0.0,0.0,1,1584,★☆☆☆☆,0.0,0.0,-1,-8.1,0.0,0.0,0.0,0.0,0.0,0.0,0.0,,,0.0,-11.0,3.5,-7.0,1150,1238.0,-3.5,0.2,671,-
8002,丸紅,卸売業,0.0,0.0,1,1585,★☆☆☆☆,0.0,0.0,-1,-4.8,0.0,0.0,0.0,0.0,0.0,0.0,0.0,,,0.0,-13.3,2.1,-2.3,4703,4906.0,0.3,0.2,22205,-
7419,ノジマ,小売業,0.0,0.0,1,1586,★☆☆☆☆,0.0,0.0,-1,-7.4,0.0,0.0,0.0,0.0,0.0,0.0,0.0,,,0.0,-15.5,1.6,-3.8,1233,1275.0,-0.4,0.3,961,-
3656,ＫＬａｂ,情報・通信業,0.0,0.0,1,1587,★☆☆☆☆,0.0,0.0,-1,-6.9,0.0,0.0,0.0,0.0,0.0,0.0,0.0,,,0.0,-18.2,2.9,-6.9,185,197.0,2.1,0.2,735,-
8771,イー・ギャランティ,その他金融業,0.0,0.0,1,1588,★☆☆☆☆,0.0,0.0,-1,-11.5,0.0,0.0,0.0,0.0,0.0,0.0,0.0,,,0.0,-11.4,1.8,-1.7,1744,1810.0,-1.5,0.5,215,-
8227,しまむら,小売業,0.0,0.0,1,1589,★☆☆☆☆,0.0,0.0,-1,-14.6,0.0,0.0,0.0,0.0,0.0,0.0,0.0,,,0.0,-12.7,2.2,-1.6,3147,3295.0,-1.0,0.4,2432,-
6240,ヤマシンフィルタ,機械,0.0,0.0,1,1590,★☆☆☆☆,0.0,0.0,-1,-5.0,0.0,0.0,0.0,0.0,0.0,0.0,0.0,,,0.0,-6.2,2.7,-0.2,511,540.0,0.6,0.2,178,-
8267,イオン,小売業,0.0,0.0,1,1591,★☆☆☆☆,0.0,0.0,-1,-17.1,0.0,0.0,0.0,0.0,0.0,0.0,0.0,,,0.0,-12.5,2.1,-1.5,1290,1347.5,-2.2,0.5,13508,-
3769,ＧＭＯペイメントゲートウェイ,情報・通信業,0.0,0.0,1,1592,★☆☆☆☆,0.0,0.0,-1,-9.6,0.0,0.0,0.0,0.0,0.0,0.0,0.0,,,0.0,-11.9,4.3,-0.3,8838,9678.0,4.9,0.2,2942,-
8058,三菱商事,卸売業,0.0,0.0,1,1593,★☆☆☆☆,0.0,0.0,-1,-6.5,0.0,0.0,0.0,0.0,0.0,0.0,0.0,,,0.0,-8.3,2.0,-0.6,4560,4748.0,-1.0,0.2,33088,-
5834,ＳＢＩリーシングサービス,証券、商品先物取引業,0.0,0.0,1,1594,★☆☆☆☆,0.0,0.0,-1,-9.4,0.0,0.0,0.0,0.0,0.0,0.0,0.0,,,0.0,-10.1,2.2,-2.1,2589,2708.0,-2.0,0.3,157,-
6823,リオン,電気機器,0.0,0.0,1,1595,★☆☆☆☆,0.0,0.0,-1,-8.2,0.0,0.0,0.0,0.0,0.0,0.0,0.0,,,0.0,-7.4,2.1,-2.2,3187,3325.0,-1.8,0.2,182,-
6471,日本精工,機械,0.0,0.0,1,1596,★☆☆☆☆,0.0,0.0,-1,-8.1,0.0,0.0,0.0,0.0,0.0,0.0,0.0,,,0.0,-9.7,2.1,-2.8,1061,1108.0,-0.9,0.2,2468,-
6472,ＮＴＮ,機械,0.0,0.0,1,1597,★☆☆☆☆,0.0,0.0,-1,-6.3,0.0,0.0,0.0,0.0,0.0,0.0,0.0,,,0.0,-7.5,2.4,-1.9,356,373.79998779296875,-0.1,0.2,1336,-
3382,セブン＆アイ・ホールディングス,小売業,0.0,0.0,1,1598,★☆☆☆☆,0.0,0.0,-1,-15.7,0.0,0.0,0.0,0.0,0.0,0.0,0.0,,,0.0,-17.5,1.7,-2.9,1916,1985.0,-0.8,0.5,15259,-
3391,ツルハホールディングス,小売業,0.0,0.0,1,1599,★☆☆☆☆,0.0,0.0,-1,-17.3,0.0,0.0,0.0,0.0,0.0,0.0,0.0,,,0.0,-15.0,2.1,-2.0,2248,2345.5,-1.5,0.4,2580,-
4462,石原ケミカル,化学,0.0,0.0,1,1600,★☆☆☆☆,0.0,0.0,-1,-1.7,0.0,0.0,0.0,0.0,0.0,0.0,0.0,,,0.0,-0.5,3.6,-2.6,2738,2950.0,-1.5,0.1,133,-
1979,大氣社,建設業,0.0,0.0,1,1601,★☆☆☆☆,0.0,0.0,-1,-3.3,0.0,0.0,0.0,0.0,0.0,0.0,0.0,,,0.0,-15.5,2.4,-6.2,3680,3865.0,-1.0,0.1,1191,-
3288,オープンハウスグループ,不動産業,0.0,0.0,1,1602,★☆☆☆☆,0.0,0.0,-1,-13.9,0.0,0.0,0.0,0.0,0.0,0.0,0.0,,,0.0,-16.6,2.4,-4.4,7533,7909.0,-2.8,0.3,2793,開示[自己株式の取得](14日前)
7202,いすゞ自動車,輸送用機器,0.0,0.0,1,1603,★☆☆☆☆,0.0,0.0,-1,-13.6,0.0,0.0,0.0,0.0,0.0,0.0,0.0,,,0.0,-17.3,2.1,-2.6,2130,2224.0,-0.2,0.3,6389,-
7201,日産自動車,輸送用機器,0.0,0.0,1,1604,★☆☆☆☆,0.0,0.0,-1,-19.1,0.0,0.0,0.0,0.0,0.0,0.0,0.0,,,0.0,-17.4,3.2,-3.5,300,320.6000061035156,-4.6,0.6,11445,-
7600,日本エム・ディ・エム,精密機器,0.0,0.0,1,1605,★☆☆☆☆,0.0,0.0,-1,-5.2,0.0,0.0,0.0,0.0,0.0,0.0,0.0,,,0.0,-13.2,4.3,-5.4,751,821.0,-2.0,0.2,225,-
1414,ショーボンドホールディングス,建設業,0.0,0.0,1,1606,★☆☆☆☆,0.0,0.0,-1,-12.6,0.0,0.0,0.0,0.0,0.0,0.0,0.0,,,0.0,-13.3,1.4,-1.7,1231,1267.0,0.7,0.2,1218,-
