code,name,sector,score,score_raw,days_in_top,rank,stars,linkage,ignition,rs_days,rs_slope,theme,supply,etf,tech,fund,material,penalty,signal,driver,gap_pct,rs20,atr_pct,dev25,stop,close,chg5d,v_ratio,turnover_m,reasons_str
8309,三井住友トラストグループ,銀行業,41.8,41.8,1,1,★★★★★,0.0,16.0,0,7.7,0.0,3.3,0.0,13.5,9.0,0.0,0.0,監視(強),,0.0,6.3,2.0,4.9,1717,1790.5,5.2,0.1,13674,RS転換0日目 / RS加速+7.7 / 高値圏かつ未過熱 / 買い出来高優勢 / MA上昇配列 / パーフェクトオーダー / 52週高値目前 / 増収+27% / PER14倍
5832,ちゅうぎんフィナンシャルグループ,銀行業,41.5,41.5,1,2,★★★★★,0.0,18.0,0,7.4,0.0,2.0,0.0,13.5,8.0,0.0,0.0,監視(強),,0.0,5.1,2.4,4.3,3388,3559.0,5.2,0.1,885,RS転換0日目 / RS加速+7.4 / 25MA上抜け6日目 / 高値圏かつ未過熱 / MA上昇配列 / パーフェクトオーダー / 52週高値目前 / 増収+136% / PER16倍
8354,ふくおかフィナンシャルグループ,銀行業,41.0,41.0,1,3,★★★★★,0.0,18.0,0,7.5,0.0,2.0,0.0,13.5,7.5,0.0,0.0,監視(強),,0.0,4.6,2.4,3.5,7474,7847.0,4.1,0.1,4801,RS転換0日目 / RS加速+7.5 / 25MA上抜け6日目 / 高値圏かつ未過熱 / MA上昇配列 / パーフェクトオーダー / 52週高値目前 / PER17倍
8725,ＭＳ＆ＡＤインシュアランスグループホールディングス,保険業,41.0,41.0,1,4,★★★★★,0.0,18.0,0,4.2,0.0,1.0,0.0,15.0,7.0,0.0,0.0,監視(強),,0.0,3.4,2.3,5.2,4950,5188.0,5.3,0.1,18211,RS転換0日目 / RS加速+4.2 / 25MA上抜け6日目 / 高値圏かつ未過熱 / MA上昇配列 / パーフェクトオーダー / 52週高値ブレイク! / ROE16% / PER10倍
8157,都築電気,情報・通信業,41.0,41.0,1,5,★★★★★,0.0,18.0,0,8.9,0.0,1.0,0.0,15.0,7.0,0.0,0.0,監視(強),,0.0,11.5,2.2,6.2,4146,4335.0,4.3,0.1,162,RS転換0日目 / RS加速+8.9 / 25MA上抜け7日目 / 高値圏かつ未過熱 / MA上昇配列 / パーフェクトオーダー / 52週高値ブレイク! / 増収+17% / PER12倍
7337,ひろぎんホールディングス,銀行業,40.5,40.5,1,6,★★★★★,0.0,16.0,1,9.1,0.0,2.0,0.0,13.5,9.0,0.0,0.0,監視(強),,0.0,6.7,2.2,4.5,2289,2396.0,5.1,0.1,1469,RS転換1日目 / RS加速+9.1 / 高値圏かつ未過熱 / MA上昇配列 / パーフェクトオーダー / 52週高値目前 / 増収+42% / PER16倍
6750,エレコム,電気機器,40.0,40.0,1,7,★★★★★,0.0,14.0,0,1.0,0.0,2.0,0.0,15.0,9.0,0.0,0.0,監視(強),,0.0,7.1,2.7,5.8,1921,2030.0,2.9,0.1,411,RS転換0日目 / 高値圏かつ未過熱 / MA上昇配列 / パーフェクトオーダー / 52週高値ブレイク! / 増収+18% / ROE22% / PER8倍
319A,技術承継機構,金属製品,40.0,40.0,1,8,★★★★★,0.0,18.0,8,5.0,0.0,3.0,0.0,12.0,7.0,0.0,0.0,監視(強),,0.0,30.3,7.7,14.5,18513,21900.0,8.6,0.2,888,RS転換8日目 / RS加速+5.0 / 25MA上抜け7日目 / 高値圏かつ未過熱 / MA上昇配列 / パーフェクトオーダー / 増収+144% / ROE52%
6501,日立製作所,電気機器,39.8,46.6,3,9,★★★★☆,0.0,14.0,0,-5.0,16.8,3.3,0.0,7.0,5.5,0.0,0.0,監視(強),,0.0,2.1,2.8,1.9,5178,5485.0,4.2,0.1,58802,RS転換0日目 / 25MA上抜け5日目 / 高値圏かつ未過熱 / 量子(+5.4%) / 買い出来高優勢 / MA上昇配列 / パーフェクトオーダー / 増収+20%
9508,九州電力,電気・ガス業,39.2,39.2,1,10,★★★★☆,0.0,16.0,1,8.8,0.0,2.0,0.0,13.7,7.5,0.0,0.0,監視(強),,0.0,16.6,2.6,12.3,2000,2109.5,8.5,0.4,2915,RS転換1日目 / RS加速+8.8 / 高値圏かつ未過熱 / MA上昇配列 / パーフェクトオーダー / 52週高値ブレイク! / PER7倍
8544,京葉銀行,銀行業,39.0,39.0,1,11,★★★★☆,0.0,18.0,0,11.9,0.0,1.0,0.0,12.0,8.0,0.0,0.0,監視(強),,0.0,3.6,3.6,2.6,2597,2799.0,5.6,0.1,1105,RS転換0日目 / RS加速+11.9 / 25MA上抜け3日目 / 高値圏かつ未過熱 / MA上昇配列 / パーフェクトオーダー / 増収+73% / PER21倍
7186,横浜フィナンシャルグループ,銀行業,39.0,39.0,1,12,★★★★☆,0.0,18.0,0,9.1,0.0,1.0,0.0,13.5,6.5,0.0,0.0,監視(強),,0.0,3.6,2.4,3.0,1850,1942.0,3.7,0.1,6591,RS転換0日目 / RS加速+9.1 / 25MA上抜け4日目 / 高値圏かつ未過熱 / MA上昇配列 / パーフェクトオーダー / 52週高値目前 / PER21倍
4812,電通総研,情報・通信業,38.8,38.8,1,13,★★★★☆,0.0,16.0,0,2.9,0.0,3.3,0.0,13.5,6.0,0.0,0.0,監視(強),,0.0,4.2,1.8,4.8,2749,2853.0,4.5,0.7,1829,RS転換0日目 / 25MA上抜け9日目 / 高値圏かつ未過熱 / 買い出来高優勢 / MA上昇配列 / パーフェクトオーダー / 52週高値目前 / ROE18%
5805,ＳＷＣＣ,非鉄金属,38.8,47.300000000000004,3,14,★★★★☆,0.0,9.0,18,8.8,18.1,3.3,0.0,6.0,9.0,1.9,0.0,監視(強),,0.0,25.9,4.9,10.8,13110,14520.0,7.7,0.1,6782,RS加速+8.8 / 光通信・電線(+6.0%) / 買い出来高優勢 / 開示[株式分割](1日前) / 増収+25% / ROE24% / PER23倍
6371,椿本チエイン,機械,38.5,38.5,1,15,★★★★☆,0.0,16.0,0,2.9,0.0,3.3,0.0,12.2,7.0,0.0,0.0,監視(強),,0.0,3.5,1.5,2.1,2648,2728.0,1.6,0.0,428,RS転換0日目 / 25MA上抜け7日目 / 高値圏かつ未過熱 / 買い出来高優勢 / MA上昇配列 / パーフェクトオーダー / 52週高値目前 / 増収+30% / PER9倍
6351,鶴見製作所,機械,38.5,38.5,1,16,★★★★☆,0.0,16.0,9,7.2,0.0,2.0,0.0,15.0,5.5,0.0,0.0,監視,,0.0,14.5,2.9,10.5,2444,2595.0,9.9,0.1,173,RS転換9日目 / RS加速+7.2 / 高値圏かつ未過熱 / MA上昇配列 / パーフェクトオーダー / 52週高値ブレイク! / PER24倍
4205,日本ゼオン,化学,38.5,38.5,1,17,★★★★☆,0.0,16.0,0,3.7,0.0,2.0,0.0,15.0,5.5,0.0,0.0,監視,,0.0,10.4,2.3,6.9,2426,2542.0,6.1,0.2,1979,RS転換0日目 / RS加速+3.7 / 高値圏かつ未過熱 / MA上昇配列 / パーフェクトオーダー / 52週高値ブレイク! / PER14倍
3106,倉敷紡績,繊維製品,38.5,38.5,1,18,★★★★☆,0.0,16.0,6,7.8,0.0,2.0,0.0,13.5,5.5,1.5,0.0,監視,,0.0,11.9,2.9,8.9,10627,11280.0,6.9,0.1,357,RS転換6日目 / RS加速+7.8 / 高値圏かつ未過熱 / MA上昇配列 / パーフェクトオーダー / 52週高値目前 / 開示[自己株式の取得](7日前) / PER14倍
8707,岩井コスモホールディングス,証券、商品先物取引業,38.5,41.5,3,19,★★★★☆,0.0,16.0,8,5.9,0.0,3.3,0.0,12.2,10.0,0.0,0.0,監視,,0.0,11.0,2.2,7.8,4529,4740.0,4.1,0.1,482,RS転換8日目 / RS加速+5.9 / 高値圏かつ未過熱 / 買い出来高優勢 / MA上昇配列 / パーフェクトオーダー / 52週高値目前 / 増収+40% / ROE17% / PER11倍
8628,松井証券,証券、商品先物取引業,38.3,39.5,3,20,★★★★☆,0.0,16.0,1,15.1,0.0,3.3,0.0,12.2,8.0,0.0,0.0,監視,,0.0,13.5,1.9,10.1,1165,1212.0,9.7,0.2,874,RS転換1日目 / RS加速+15.1 / 高値圏かつ未過熱 / 買い出来高優勢 / MA上昇配列 / パーフェクトオーダー / 52週高値目前 / 増収+48% / PER20倍
3989,シェアリングテクノロジー,情報・通信業,38.0,38.0,1,21,★★★★☆,0.0,16.0,9,10.9,0.0,3.3,0.0,13.7,5.0,0.0,0.0,監視,,0.0,19.3,2.8,10.8,1533,1625.0,5.5,0.1,300,RS転換9日目 / RS加速+10.9 / 高値圏かつ未過熱 / 買い出来高優勢 / MA上昇配列 / パーフェクトオーダー / 52週高値ブレイク!
3993,ＰＫＳＨＡ　Ｔｅｃｈｎｏｌｏｇｙ,情報・通信業,38.0,45.6,3,22,★★★★☆,0.0,12.0,8,3.1,16.5,3.0,0.0,8.0,4.0,2.1,0.0,監視,,0.0,17.7,5.6,10.6,2962,3335.0,5.5,0.0,1341,RS転換8日目 / RS加速+3.1 / 生成AI・ソフト(+5.3%) / MA上昇配列 / 開示[自己株式取得](4日前) / 増収+81%
9432,ＮＴＴ,情報・通信業,38.0,38.0,1,23,★★★★☆,0.0,16.0,0,3.7,0.0,3.3,0.0,12.2,6.5,0.0,0.0,監視,,0.0,12.3,1.7,8.4,168,174.1999969482422,4.6,0.2,36764,RS転換0日目 / RS加速+3.7 / 高値圏かつ未過熱 / 買い出来高優勢 / MA上昇配列 / パーフェクトオーダー / 52週高値目前 / PER14倍
3107,ダイワボウホールディングス,卸売業,38.0,38.0,1,24,★★★★☆,0.0,16.0,0,1.4,0.0,2.0,0.0,13.5,6.5,0.0,0.0,監視,,0.0,4.7,2.2,4.1,3650,3817.0,3.7,0.0,907,RS転換0日目 / 25MA上抜け6日目 / 高値圏かつ未過熱 / MA上昇配列 / パーフェクトオーダー / 52週高値目前 / ROE19% / PER11倍
8387,四国銀行,銀行業,37.8,42.5,3,25,★★★★☆,0.0,18.0,1,13.2,0.0,2.0,0.0,13.5,9.0,0.0,0.0,監視,,0.0,7.3,3.2,5.5,3409,3640.0,10.0,0.2,513,RS転換1日目 / RS加速+13.2 / 25MA上抜け3日目 / 高値圏かつ未過熱 / MA上昇配列 / パーフェクトオーダー / 52週高値目前 / 増収+69% / PER9倍
6486,イーグル工業,機械,37.8,37.8,1,26,★★★★☆,0.0,16.0,0,2.3,0.0,3.3,0.0,12.0,6.5,0.0,0.0,監視,,0.0,2.0,1.6,3.5,3018,3120.0,4.0,0.2,284,RS転換0日目 / 25MA上抜け3日目 / 高値圏かつ未過熱 / 買い出来高優勢 / MA上昇配列 / パーフェクトオーダー / PER14倍
7177,ＧＭＯフィナンシャルホールディングス,証券、商品先物取引業,37.8,43.5,3,27,★★★★☆,0.0,18.0,8,3.3,0.0,3.3,0.0,13.7,8.5,0.0,0.0,監視,,0.0,12.0,2.1,11.7,1189,1240.0,8.0,0.3,245,RS転換8日目 / RS加速+3.3 / 25MA上抜け7日目 / 高値圏かつ未過熱 / 買い出来高優勢 / MA上昇配列 / パーフェクトオーダー / 52週高値ブレイク! / ROE21% / PER14倍
7711,助川電気工業,精密機器,37.7,39.8,3,28,★★★★☆,0.0,12.0,5,15.7,15.3,2.0,0.0,6.0,4.5,0.0,0.0,監視,,0.0,20.8,4.0,12.0,4835,5250.0,9.7,0.1,332,RS転換5日目 / RS加速+15.7 / 核融合(+4.6%) / 増収+26%
8614,東洋証券,証券、商品先物取引業,37.5,41.5,3,29,★★★★☆,0.0,16.0,8,6.4,0.0,3.3,0.0,12.2,10.0,0.0,0.0,監視,,0.0,12.1,2.1,8.9,722,753.0,4.4,0.1,452,RS転換8日目 / RS加速+6.4 / 高値圏かつ未過熱 / 買い出来高優勢 / MA上昇配列 / パーフェクトオーダー / 52週高値目前 / 増収+55% / ROE18% / PER13倍
8604,野村ホールディングス,証券、商品先物取引業,37.5,42.5,3,30,★★★★☆,0.0,18.0,1,11.5,0.0,2.0,0.0,13.5,9.0,0.0,0.0,監視,,0.0,6.2,2.0,5.4,1580,1645.0,6.9,0.1,13181,RS転換1日目 / RS加速+11.5 / 25MA上抜け4日目 / 高値圏かつ未過熱 / MA上昇配列 / パーフェクトオーダー / 52週高値目前 / 増収+31% / PER12倍
8359,八十二長野銀行,銀行業,37.5,41.5,3,31,★★★★☆,0.0,18.0,1,10.9,0.0,2.0,0.0,13.5,8.0,0.0,0.0,監視,,0.0,5.8,2.4,3.8,2571,2703.0,4.9,0.1,3475,RS転換1日目 / RS加速+10.9 / 25MA上抜け4日目 / 高値圏かつ未過熱 / MA上昇配列 / パーフェクトオーダー / 52週高値目前 / 増収+25% / PER19倍
8566,リコーリース,その他金融業,37.5,37.5,1,32,★★★★☆,0.0,16.0,0,1.4,0.0,2.0,0.0,15.0,4.5,0.0,0.0,監視,,0.0,1.0,1.3,3.2,6746,6920.0,2.4,0.1,219,RS転換0日目 / 25MA上抜け7日目 / 高値圏かつ未過熱 / MA上昇配列 / パーフェクトオーダー / 52週高値ブレイク! / PER17倍
6923,スタンレー電気,電気機器,37.3,37.3,1,33,★★★★☆,0.0,16.0,0,0.0,0.0,3.3,0.0,12.0,6.0,0.0,0.0,監視,,0.0,3.3,1.9,2.8,3536,3676.0,2.3,0.1,1727,RS転換0日目 / 25MA上抜け7日目 / 高値圏かつ未過熱 / 買い出来高優勢 / MA上昇配列 / パーフェクトオーダー / 増収+22% / PER15倍
8386,百十四銀行,銀行業,37.3,40.8,3,34,★★★★☆,0.0,16.0,2,10.1,0.0,3.3,0.0,13.5,8.0,0.0,0.0,監視,,0.0,7.6,3.4,5.5,2908,3120.0,6.3,0.1,934,RS転換2日目 / RS加速+10.1 / 高値圏かつ未過熱 / 買い出来高優勢 / MA上昇配列 / パーフェクトオーダー / 52週高値目前 / 増収+78% / PER19倍
8131,ミツウロコグループホールディングス,卸売業,37.1,37.1,1,35,★★★★☆,0.0,18.0,0,6.9,0.0,2.0,0.0,7.5,5.5,4.1,0.0,監視,,0.0,12.1,2.5,12.7,2292,2415.0,9.7,0.5,110,RS転換0日目 / RS加速+6.9 / 25MA上抜け9日目 / 高値圏かつ未過熱 / MA上昇配列 / RSI過熱(86)⚠ / 開示[自己株式の取得](4日前) / 開示[自己株式の取得](5日前) / PER14倍
9433,ＫＤＤＩ,情報・通信業,37.0,37.0,1,36,★★★★☆,0.0,18.0,0,3.5,0.0,1.0,0.0,12.0,6.0,0.0,0.0,監視,,0.0,0.5,1.9,3.0,2879,2995.0,4.1,0.1,25502,RS転換0日目 / RS加速+3.5 / 25MA上抜け1日目 / 高値圏かつ未過熱 / MA上昇配列 / パーフェクトオーダー / PER16倍
7380,十六フィナンシャルグループ,銀行業,37.0,41.3,3,37,★★★★☆,0.0,18.0,2,14.0,0.0,3.3,0.0,13.5,6.5,0.0,0.0,監視,,0.0,8.8,3.3,5.4,2450,2621.0,6.4,0.0,1253,RS転換2日目 / RS加速+14.0 / 25MA上抜け4日目 / 高値圏かつ未過熱 / 買い出来高優勢 / MA上昇配列 / パーフェクトオーダー / 52週高値目前 / PER17倍
8381,山陰合同銀行,銀行業,37.0,40.3,3,38,★★★★☆,0.0,16.0,1,11.5,0.0,3.3,0.0,12.0,9.0,0.0,0.0,監視,,0.0,9.7,2.6,4.0,2477,2610.0,4.3,0.1,1025,RS転換1日目 / RS加速+11.5 / 高値圏かつ未過熱 / 買い出来高優勢 / MA上昇配列 / パーフェクトオーダー / 増収+38% / PER17倍
6702,富士通,電気機器,36.9,44.8,3,39,★★★★☆,0.0,12.0,0,-5.6,16.8,2.0,0.0,9.0,5.0,0.0,0.0,監視,,0.0,5.9,2.9,6.9,3718,3946.0,6.6,0.1,22968,RS転換0日目 / 高値圏かつ未過熱 / 量子(+5.4%) / MA上昇配列 / ROE16% / PER23倍
5831,しずおかフィナンシャルグループ,銀行業,36.8,41.8,3,40,★★★★☆,0.0,16.0,4,13.4,0.0,3.3,0.0,13.5,9.0,0.0,0.0,監視,,0.0,13.1,2.4,7.5,3484,3661.0,7.1,0.1,6084,RS転換4日目 / RS加速+13.4 / 高値圏かつ未過熱 / 買い出来高優勢 / MA上昇配列 / パーフェクトオーダー / 52週高値目前 / 増収+58% / PER22倍
8393,宮崎銀行,銀行業,36.8,42.8,3,41,★★★★☆,0.0,18.0,1,14.4,0.0,3.3,0.0,13.5,8.0,0.0,0.0,監視,,0.0,8.9,3.2,6.7,2429,2593.0,9.1,0.1,614,RS転換1日目 / RS加速+14.4 / 25MA上抜け4日目 / 高値圏かつ未過熱 / 買い出来高優勢 / MA上昇配列 / パーフェクトオーダー / 52週高値目前 / 増収+38% / PER15倍
8537,大光銀行,銀行業,36.7,39.0,3,42,★★★★☆,0.0,16.0,2,14.8,0.0,3.3,0.0,12.0,4.5,3.2,0.0,監視,,0.0,15.9,3.7,7.0,2829,3055.0,3.2,0.1,127,RS転換2日目 / RS加速+14.8 / 高値圏かつ未過熱 / 買い出来高優勢 / MA上昇配列 / パーフェクトオーダー / 開示[自己株式の取得](6日前) / 開示[自己株式の取得](7日前) / PER10倍
8338,筑波銀行,銀行業,36.6,39.3,3,43,★★★★☆,0.0,16.0,3,16.1,0.0,3.3,0.0,12.0,8.0,0.0,0.0,監視,,0.0,18.1,4.7,7.7,676,747.0,7.8,0.2,1403,RS転換3日目 / RS加速+16.1 / 高値圏かつ未過熱 / 買い出来高優勢 / MA上昇配列 / パーフェクトオーダー / 増収+26% / PER9倍
2429,ワールドホールディングス,サービス業,36.5,36.5,1,44,★★★★☆,0.0,16.0,0,3.3,0.0,3.3,0.0,11.7,5.5,0.0,0.0,監視,,0.0,7.8,1.8,6.0,2810,2917.0,1.8,0.1,139,RS転換0日目 / RS加速+3.3 / 高値圏かつ未過熱 / 買い出来高優勢 / MA上昇配列 / 52週高値ブレイク! / PER9倍
8522,名古屋銀行,銀行業,36.5,39.5,3,45,★★★★☆,0.0,16.0,2,11.5,0.0,2.0,0.0,13.5,8.0,0.0,0.0,監視,,0.0,9.1,3.2,7.1,6764,7230.0,6.0,0.1,1081,RS転換2日目 / RS加速+11.5 / 高値圏かつ未過熱 / MA上昇配列 / パーフェクトオーダー / 52週高値目前 / 増収+19% / PER18倍
5076,インフロニア・ホールディングス,建設業,36.5,42.8,3,46,★★★★☆,0.0,18.0,2,11.3,0.0,3.3,0.0,13.5,8.0,0.0,0.0,監視,,0.0,9.0,2.5,6.3,2738,2882.0,4.2,0.0,4431,RS転換2日目 / RS加速+11.3 / 25MA上抜け7日目 / 高値圏かつ未過熱 / 買い出来高優勢 / MA上昇配列 / パーフェクトオーダー / 52週高値目前 / 増収+61% / ROE24% / PER11倍
8714,池田泉州ホールディングス,銀行業,36.5,40.0,3,47,★★★★☆,0.0,18.0,2,15.3,0.0,2.0,0.0,12.0,8.0,0.0,0.0,監視,,0.0,12.7,2.9,3.8,1021,1085.0,4.8,0.1,975,RS転換2日目 / RS加速+15.3 / 25MA上抜け4日目 / 高値圏かつ未過熱 / MA上昇配列 / パーフェクトオーダー / 増収+21% / PER17倍
6178,日本郵政,サービス業,36.3,36.3,1,48,★★★★☆,0.0,14.0,0,9.4,0.0,3.3,0.0,13.5,5.5,0.0,0.0,監視,,0.0,2.2,2.0,3.8,2382,2482.5,6.0,0.1,9737,RS転換0日目 / RS加速+9.4 / 高値圏かつ未過熱 / 買い出来高優勢 / MA上昇配列 / パーフェクトオーダー / 52週高値目前 / PER19倍
8392,大分銀行,銀行業,36.2,41.5,3,49,★★★★☆,0.0,18.0,2,18.3,0.0,2.0,0.0,13.5,8.0,0.0,0.0,監視,,0.0,13.3,3.5,7.7,2748,2957.0,9.9,0.3,651,RS転換2日目 / RS加速+18.3 / 25MA上抜け4日目 / 高値圏かつ未過熱 / MA上昇配列 / パーフェクトオーダー / 52週高値目前 / 増収+24% / PER20倍
6176,ブランジスタ,サービス業,36.2,38.8,3,50,★★★★☆,0.0,13.0,12,4.5,0.0,5.3,0.0,13.5,7.0,0.0,0.0,監視,,0.0,11.7,2.8,7.8,974,1031.0,3.8,0.2,140,RS加速+4.5 / 高値圏かつ未過熱 / 買い出来高優勢 / 資金流入増 / MA上昇配列 / パーフェクトオーダー / 52週高値目前 / ROE38% / PER7倍
8367,南都銀行,銀行業,36.2,41.5,3,51,★★★★☆,0.0,18.0,2,17.8,0.0,2.0,0.0,13.5,8.0,0.0,0.0,監視,,0.0,12.3,2.8,5.8,1853,1965.0,6.7,0.1,752,RS転換2日目 / RS加速+17.8 / 25MA上抜け4日目 / 高値圏かつ未過熱 / MA上昇配列 / パーフェクトオーダー / 52週高値目前 / 増収+21% / PER18倍
8550,栃木銀行,銀行業,36.1,38.8,3,52,★★★★☆,0.0,18.0,2,13.7,0.0,3.3,0.0,9.5,8.0,0.0,0.0,監視,,0.0,10.6,3.5,3.6,995,1071.0,5.9,0.1,719,RS転換2日目 / RS加速+13.7 / 25MA上抜け3日目 / 高値圏かつ未過熱 / 買い出来高優勢 / MA上昇配列 / パーフェクトオーダー / 増収+30% / PER13倍
3708,特種東海製紙,パルプ・紙,36.0,36.0,1,53,★★★★☆,0.0,16.0,0,3.3,0.0,2.0,0.0,15.0,3.0,0.0,0.0,監視,,0.0,3.9,1.9,3.8,2125,2209.0,1.8,0.1,116,RS転換0日目 / RS加速+3.3 / 高値圏かつ未過熱 / MA上昇配列 / パーフェクトオーダー / 52週高値ブレイク! / PER18倍
7715,長野計器,精密機器,36.0,36.0,1,54,★★★★☆,0.0,18.0,3,9.9,0.0,2.0,0.0,11.0,5.0,0.0,0.0,監視,,0.0,8.5,5.2,6.1,3728,4165.0,8.6,0.1,575,RS転換3日目 / RS加速+9.9 / 25MA上抜け2日目 / 高値圏かつ未過熱 / MA上昇配列 / パーフェクトオーダー / PER14倍
7806,ＭＴＧ,その他製品,36.0,40.3,3,55,★★★★☆,0.0,16.0,9,9.9,0.0,4.3,0.0,13.5,6.5,0.0,0.0,監視,,0.0,19.4,4.0,13.5,8503,9240.0,8.6,0.1,1356,RS転換9日目 / RS加速+9.9 / 高値圏かつ未過熱 / 買い出来高優勢 / MA上昇配列 / パーフェクトオーダー / 52週高値目前 / 増収+54% / ROE22%
8098,稲畑産業,卸売業,35.9,40.0,3,56,★★★☆☆,0.0,16.0,1,7.2,0.0,3.3,0.0,13.7,7.0,0.0,0.0,監視,,0.0,11.8,1.7,9.0,4359,4510.0,5.6,0.2,383,RS転換1日目 / RS加速+7.2 / 高値圏かつ未過熱 / 買い出来高優勢 / MA上昇配列 / パーフェクトオーダー / 52週高値ブレイク! / 増収+19% / PER12倍
8336,武蔵野銀行,銀行業,35.8,40.5,3,57,★★★☆☆,0.0,18.0,1,11.5,0.0,1.0,0.0,13.5,8.0,0.0,0.0,監視,,0.0,7.1,2.4,4.3,2675,2811.0,5.8,0.1,691,RS転換1日目 / RS加速+11.5 / 25MA上抜け4日目 / 高値圏かつ未過熱 / MA上昇配列 / パーフェクトオーダー / 52週高値目前 / 増収+66% / PER18倍
8418,山口フィナンシャルグループ,銀行業,35.5,39.5,3,58,★★★☆☆,0.0,16.0,1,8.7,0.0,2.0,0.0,13.5,8.0,0.0,0.0,監視,,0.0,5.7,2.5,3.8,3045,3205.0,4.3,0.1,1325,RS転換1日目 / RS加速+8.7 / 高値圏かつ未過熱 / MA上昇配列 / パーフェクトオーダー / 52週高値目前 / 増収+41% / PER20倍
8331,千葉銀行,銀行業,35.5,40.5,3,59,★★★☆☆,0.0,16.0,1,7.6,0.0,2.0,0.0,13.5,9.0,0.0,0.0,監視,,0.0,5.2,2.6,3.0,2668,2817.0,3.2,0.1,6144,RS転換1日目 / RS加速+7.6 / 高値圏かつ未過熱 / MA上昇配列 / パーフェクトオーダー / 52週高値目前 / 増収+52% / PER19倍
7846,パイロットコーポレーション,その他製品,35.4,38.3,3,60,★★★☆☆,0.0,11.5,37,4.1,0.0,4.3,0.0,15.0,7.5,0.0,0.0,監視,,0.0,15.2,2.0,10.2,2042,2125.5,6.3,0.1,573,RS加速+4.1 / 高値圏かつ未過熱 / 買い出来高優勢 / MA上昇配列 / パーフェクトオーダー / 52週高値ブレイク! / PER16倍
7752,リコー,電気機器,35.3,35.3,1,61,★★★☆☆,0.0,14.0,0,1.8,0.0,3.3,0.0,13.5,4.5,0.0,0.0,監視,,0.0,7.0,2.0,5.7,1653,1721.0,3.7,0.1,4482,RS転換0日目 / 高値圏かつ未過熱 / 買い出来高優勢 / MA上昇配列 / パーフェクトオーダー / 52週高値目前 / PER18倍
9824,泉州電業,卸売業,35.2,38.5,3,62,★★★☆☆,0.0,16.0,9,7.7,0.0,2.0,0.0,13.5,7.0,0.0,0.0,監視,,0.0,18.7,2.4,9.9,6993,7350.0,5.2,0.1,319,RS転換9日目 / RS加速+7.7 / 高値圏かつ未過熱 / MA上昇配列 / パーフェクトオーダー / 52週高値目前 / 増収+26% / PER17倍
8308,りそなホールディングス,銀行業,35.2,40.5,3,63,★★★☆☆,0.0,16.0,3,13.8,0.0,2.0,0.0,13.5,9.0,0.0,0.0,監視,,0.0,12.6,2.8,6.6,2369,2512.0,5.9,0.2,21511,RS転換3日目 / RS加速+13.8 / 高値圏かつ未過熱 / MA上昇配列 / パーフェクトオーダー / 52週高値目前 / 増収+16% / PER22倍
8020,兼松,卸売業,35.0,39.8,3,64,★★★☆☆,0.0,18.0,1,4.5,0.0,3.3,0.0,12.0,6.5,0.0,0.0,監視,,0.0,6.7,2.3,5.3,2175,2281.5,3.9,0.1,1258,RS転換1日目 / RS加速+4.5 / 25MA上抜け7日目 / 高値圏かつ未過熱 / 買い出来高優勢 / MA上昇配列 / パーフェクトオーダー / ROE18% / PER12倍
6724,セイコーエプソン,電気機器,35.0,35.0,1,65,★★★☆☆,0.0,18.0,1,3.9,0.0,3.3,0.0,12.2,1.5,0.0,0.0,監視,,0.0,8.0,2.3,5.1,3096,3245.0,5.2,0.1,5056,RS転換1日目 / RS加速+3.9 / 25MA上抜け7日目 / 高値圏かつ未過熱 / 買い出来高優勢 / MA上昇配列 / パーフェクトオーダー / 52週高値目前
8059,第一実業,卸売業,34.6,39.3,3,66,★★★☆☆,0.0,16.0,2,15.8,0.0,4.3,0.0,15.0,4.0,0.0,0.0,監視,,0.0,18.2,2.2,8.2,3667,3835.0,6.5,0.5,408,RS転換2日目 / RS加速+15.8 / 高値圏かつ未過熱 / 買い出来高優勢 / MA上昇配列 / パーフェクトオーダー / 52週高値ブレイク! / PER12倍
6508,明電舎,電気機器,34.5,29.2,3,67,★★★☆☆,0.0,9.0,20,-8.9,9.7,1.0,0.0,9.5,0.0,0.0,0.0,監視,,0.0,18.9,4.7,6.3,10534,11630.0,-0.3,0.1,3941,高値圏かつ未過熱 / AIデータセンター・電力(+1.9%) / MA上昇配列 / パーフェクトオーダー
2354,ＹＥ　ＤＩＧＩＴＡＬ,情報・通信業,34.3,36.0,3,68,★★★☆☆,0.0,18.0,4,34.3,0.0,2.0,0.0,11.0,5.0,0.0,0.0,監視,,0.0,19.1,7.5,11.4,1259,1480.0,8.4,0.1,1201,RS転換4日目 / RS加速+34.3 / 25MA上抜け7日目 / 高値圏かつ未過熱 / MA上昇配列 / パーフェクトオーダー / ROE16% / PER22倍
3399,丸千代山岡家,小売業,34.0,36.0,3,69,★★★☆☆,0.0,16.0,8,8.2,0.0,3.3,0.0,12.2,4.5,0.0,0.0,監視,,0.0,14.0,3.0,7.5,3793,4035.0,2.4,0.1,288,RS転換8日目 / RS加速+8.2 / 高値圏かつ未過熱 / 買い出来高優勢 / MA上昇配列 / パーフェクトオーダー / 52週高値目前 / PER22倍
4902,コニカミノルタ,電気機器,34.0,34.0,1,70,★★★☆☆,0.0,18.0,0,14.4,0.0,1.0,0.0,12.0,3.0,0.0,0.0,監視,,0.0,13.4,3.4,4.9,636,682.0,5.0,0.1,2402,RS転換0日目 / RS加速+14.4 / 25MA上抜け7日目 / 高値圏かつ未過熱 / MA上昇配列 / パーフェクトオーダー / PER10倍
7981,タカラスタンダード,その他製品,34.0,34.0,1,71,★★★☆☆,0.0,18.0,0,5.8,0.0,1.0,0.0,12.0,3.0,0.0,0.0,監視,,0.0,3.3,1.7,3.4,3073,3180.0,2.6,0.1,317,RS転換0日目 / RS加速+5.8 / 25MA上抜け5日目 / 高値圏かつ未過熱 / MA上昇配列 / パーフェクトオーダー / PER14倍
6448,ブラザー工業,電気機器,33.8,39.8,2,72,★★★☆☆,0.0,11.5,32,4.0,0.0,4.3,0.0,15.0,9.0,0.0,0.0,監視,,0.0,21.0,2.3,11.1,4711,4935.0,5.7,0.1,4640,RS加速+4.0 / 高値圏かつ未過熱 / 買い出来高優勢 / MA上昇配列 / パーフェクトオーダー / 52週高値ブレイク! / 増収+19% / PER20倍
8361,大垣共立銀行,銀行業,33.7,30.0,3,73,★★★☆☆,0.0,16.0,2,17.1,0.0,2.0,0.0,12.0,0.0,0.0,0.0,監視,,0.0,10.8,3.2,4.8,7617,8130.0,5.3,0.1,1352,RS転換2日目 / RS加速+17.1 / 高値圏かつ未過熱 / MA上昇配列 / パーフェクトオーダー
7322,三十三フィナンシャルグループ,銀行業,33.7,30.2,3,74,★★★☆☆,0.0,16.0,2,13.0,0.0,2.0,0.0,12.2,0.0,0.0,0.0,監視,,0.0,11.0,3.5,9.1,2006,2158.0,8.7,0.3,658,RS転換2日目 / RS加速+13.0 / 高値圏かつ未過熱 / MA上昇配列 / パーフェクトオーダー / 52週高値目前
5310,東洋炭素,ガラス・土石製品,33.7,35.3,3,75,★★★☆☆,0.0,14.0,3,6.1,15.3,1.0,0.0,2.5,2.5,0.0,0.0,監視,,0.0,6.5,3.9,3.4,6613,7180.0,5.0,0.4,690,RS転換3日目 / RS加速+6.1 / 25MA上抜け3日目 / 核融合(+4.6%)
5302,日本カーボン,ガラス・土石製品,33.7,37.0,3,76,★★★☆☆,0.0,16.0,1,8.9,0.0,2.0,0.0,15.0,4.0,0.0,0.0,監視,,0.0,11.4,2.6,9.0,5093,5370.0,10.6,0.3,351,RS転換1日目 / RS加速+8.9 / 高値圏かつ未過熱 / MA上昇配列 / パーフェクトオーダー / 52週高値ブレイク! / PER15倍
5801,古河電気工業,非鉄金属,33.5,38.3,3,77,★★★☆☆,0.0,9.0,18,16.1,18.1,0.0,0.0,4.7,6.5,0.0,0.0,監視,,0.0,21.6,7.3,4.2,3322,3888.0,7.3,0.1,130452,RS加速+16.1 / 光通信・電線(+6.0%) / 増収+24% / ROE23%
8616,東海東京フィナンシャル・ホールディングス,証券、商品先物取引業,33.2,29.5,3,78,★★★☆☆,0.0,16.0,9,9.6,0.0,1.0,0.0,12.5,0.0,0.0,0.0,監視,,0.0,13.3,1.8,10.5,891,925.0,8.3,0.2,610,RS転換9日目 / RS加速+9.6 / 高値圏かつ未過熱 / MA上昇配列 / パーフェクトオーダー / 52週高値ブレイク! / RSI過熱(87)⚠
3964,オークネット,情報・通信業,33.0,42.3,3,79,★★★☆☆,0.0,18.0,1,3.1,0.0,7.3,0.0,7.0,10.0,0.0,0.0,監視,,0.0,5.4,2.6,0.2,1359,1434.0,-0.8,2.2,1051,RS転換1日目 / RS加速+3.1 / 25MA上抜け1日目 / 高値圏かつ未過熱 / 出来高増2.2倍 / 資金流入増 / MA上昇配列 / パーフェクトオーダー / 増収+20% / ROE26% / PER19倍
5901,東洋製罐グループホールディングス,金属製品,32.9,37.3,3,80,★★★☆☆,0.0,16.0,1,3.2,0.0,3.3,0.0,13.5,4.5,0.0,0.0,監視,,0.0,9.5,1.9,5.4,4370,4541.0,2.9,0.1,1030,RS転換1日目 / RS加速+3.2 / 高値圏かつ未過熱 / 買い出来高優勢 / MA上昇配列 / パーフェクトオーダー / 52週高値目前 / PER13倍
278A,Ｔｅｒｒａ　Ｄｒｏｎｅ,精密機器,32.8,27.6,3,81,★★★☆☆,0.0,15.0,6,74.1,0.0,5.3,0.0,11.0,0.0,1.3,-5.0,監視,,0.0,76.9,8.8,38.5,15533,18850.0,42.6,0.5,30307,RS転換6日目 / RS加速+74.1 / 25MA上抜け10日目 / 買い出来高優勢 / 資金流入増 / MA上昇配列 / パーフェクトオーダー / 過熱⚠25MA+39% / 開示[株式分割](5日前)
8337,千葉興業銀行,銀行業,32.8,29.9,3,82,★★★☆☆,0.0,18.0,1,5.9,0.0,2.0,0.0,9.5,0.0,0.4,0.0,監視,,0.0,2.6,3.1,1.8,2562,2732.0,2.5,0.3,326,RS転換1日目 / RS加速+5.9 / 25MA上抜け6日目 / 高値圏かつ未過熱 / MA上昇配列 / パーフェクトオーダー / 開示[自己株式の取得](12日前)
8117,中央自動車工業,卸売業,32.7,29.8,3,83,★★★☆☆,0.0,16.0,8,2.4,0.0,1.0,0.0,10.7,0.0,2.1,0.0,監視,,0.0,5.2,2.6,2.3,2088,2204.0,1.2,0.4,271,RS転換8日目 / 25MA上抜け6日目 / 高値圏かつ未過熱 / MA上昇配列 / パーフェクトオーダー / 開示[自己株式取得](4日前)
5803,フジクラ,非鉄金属,32.7,36.300000000000004,3,84,★★★☆☆,0.0,9.0,15,18.3,18.1,3.0,0.0,2.2,4.0,0.0,0.0,監視,,0.0,26.1,6.3,5.7,4672,5344.0,6.5,0.1,335289,RS加速+18.3 / 光通信・電線(+6.0%) / ROE39%
7389,あいちフィナンシャルグループ,銀行業,32.7,28.2,3,85,★★★☆☆,0.0,16.0,2,12.6,0.0,0.0,0.0,12.2,0.0,0.0,0.0,監視,,0.0,8.9,4.6,8.9,1750,1927.0,7.8,0.1,1628,RS転換2日目 / RS加速+12.6 / 高値圏かつ未過熱 / MA上昇配列 / パーフェクトオーダー / 52週高値目前
5537,ＡｌｂａＬｉｎｋ,不動産業,32.5,37.0,2,86,★★★☆☆,0.0,18.0,9,21.4,0.0,3.0,0.0,11.0,5.0,0.0,0.0,監視,,0.0,30.9,7.4,14.1,2921,3430.0,6.5,0.1,314,RS転換9日目 / RS加速+21.4 / 25MA上抜け10日目 / 高値圏かつ未過熱 / 資金流入増 / MA上昇配列 / パーフェクトオーダー / ROE49%
4431,スマレジ,情報・通信業,32.4,29.3,3,87,★★★☆☆,0.0,14.0,1,1.9,0.0,3.3,0.0,12.0,0.0,0.0,0.0,監視,,0.0,16.3,3.7,13.6,3496,3775.0,12.4,0.1,333,RS転換1日目 / 高値圏かつ未過熱 / 買い出来高優勢 / MA上昇配列 / パーフェクトオーダー
8345,岩手銀行,銀行業,32.3,29.0,3,88,★★★☆☆,0.0,16.0,3,15.4,0.0,1.0,0.0,12.0,0.0,0.0,0.0,監視,,0.0,15.0,3.5,7.4,2344,2521.0,9.9,0.2,621,RS転換3日目 / RS加速+15.4 / 高値圏かつ未過熱 / MA上昇配列 / パーフェクトオーダー
8366,滋賀銀行,銀行業,32.2,30.0,3,89,★★★☆☆,0.0,16.0,2,16.2,0.0,2.0,0.0,12.0,0.0,0.0,0.0,監視,,0.0,14.3,3.1,6.1,2620,2791.0,5.7,0.1,1968,RS転換2日目 / RS加速+16.2 / 高値圏かつ未過熱 / MA上昇配列 / パーフェクトオーダー
8341,七十七銀行,銀行業,32.0,28.3,3,90,★★★☆☆,0.0,11.5,44,9.2,0.0,3.3,0.0,13.5,0.0,0.0,0.0,監視,,0.0,10.7,2.6,6.2,3733,3938.0,5.4,0.1,2332,RS加速+9.2 / 高値圏かつ未過熱 / 買い出来高優勢 / MA上昇配列 / パーフェクトオーダー / 52週高値目前
8706,極東証券,証券、商品先物取引業,32.0,29.5,3,91,★★★☆☆,0.0,14.0,1,0.5,0.0,3.3,0.0,12.2,0.0,0.0,0.0,監視,,0.0,7.6,1.7,5.7,1881,1947.0,2.0,0.1,268,RS転換1日目 / 高値圏かつ未過熱 / 買い出来高優勢 / MA上昇配列 / パーフェクトオーダー / 52週高値目前
7762,シチズン時計,精密機器,32.0,29.3,3,92,★★★☆☆,0.0,13.0,19,12.2,0.0,4.3,0.0,12.0,0.0,0.0,0.0,監視,,0.0,30.0,4.3,12.7,2573,2815.0,8.4,0.1,5220,RS加速+12.2 / 高値圏かつ未過熱 / 買い出来高優勢 / MA上昇配列 / パーフェクトオーダー
7184,富山第一銀行,銀行業,31.9,30.0,3,93,★★☆☆☆,0.0,16.0,4,13.5,0.0,2.0,0.0,12.0,0.0,0.0,0.0,監視,,0.0,13.3,4.1,6.7,3083,3355.0,8.2,0.1,644,RS転換4日目 / RS加速+13.5 / 高値圏かつ未過熱 / MA上昇配列 / パーフェクトオーダー
3232,三重交通グループホールディングス,不動産業,31.8,30.3,3,94,★★☆☆☆,0.0,16.0,1,5.4,0.0,5.3,0.0,9.0,0.0,0.0,0.0,監視,,0.0,8.8,2.2,8.5,587,614.0,6.4,0.3,183,RS転換1日目 / RS加速+5.4 / 高値圏かつ未過熱 / 買い出来高優勢 / 資金流入増 / MA上昇配列 / 52週高値目前 / RSI過熱(90)⚠
8388,阿波銀行,銀行業,31.7,28.8,3,95,★★☆☆☆,0.0,11.5,44,14.5,0.0,4.3,0.0,12.0,0.0,1.0,0.0,監視,,0.0,16.0,3.5,8.9,9143,9840.0,10.2,0.1,1519,RS加速+14.5 / 高値圏かつ未過熱 / 買い出来高優勢 / MA上昇配列 / パーフェクトオーダー / 開示[株式分割](7日前)
8334,群馬銀行,銀行業,31.7,28.3,3,96,★★☆☆☆,0.0,11.5,36,7.9,0.0,3.3,0.0,13.5,0.0,0.0,0.0,監視,,0.0,9.8,2.5,6.6,2695,2837.0,5.3,0.1,2853,RS加速+7.9 / 高値圏かつ未過熱 / 買い出来高優勢 / MA上昇配列 / パーフェクトオーダー / 52週高値目前
8343,秋田銀行,銀行業,31.6,28.7,3,97,★★☆☆☆,0.0,11.5,44,12.5,0.0,4.3,0.0,12.0,0.0,0.9,0.0,監視,,0.0,19.8,3.8,8.6,8171,8840.0,6.0,0.1,1091,RS加速+12.5 / 高値圏かつ未過熱 / 買い出来高優勢 / MA上昇配列 / パーフェクトオーダー / 開示[株式分割](8日前)
4373,シンプレクス・ホールディングス,情報・通信業,31.6,27.5,3,98,★★☆☆☆,0.0,12.0,1,-2.5,0.0,2.0,0.0,13.5,0.0,0.0,0.0,監視,,0.0,9.3,3.0,9.5,1182,1259.0,6.2,0.6,1154,RS転換1日目 / 高値圏かつ未過熱 / MA上昇配列 / パーフェクトオーダー / 52週高値目前
6357,三精テクノロジーズ,機械,31.6,29.3,3,99,★★☆☆☆,0.0,13.0,15,4.8,0.0,4.3,0.0,12.0,0.0,0.0,0.0,監視,,0.0,15.9,2.3,9.0,2633,2761.0,5.1,0.0,117,RS加速+4.8 / 高値圏かつ未過熱 / 買い出来高優勢 / MA上昇配列 / パーフェクトオーダー
8066,三谷商事,卸売業,31.2,30.5,3,100,★★☆☆☆,0.0,11.5,40,3.5,0.0,4.0,0.0,15.0,0.0,0.0,0.0,監視,,0.0,20.2,4.9,13.3,3194,3540.0,7.6,0.0,112,RS加速+3.5 / 高値圏かつ未過熱 / 資金流入増 / MA上昇配列 / パーフェクトオーダー / 52週高値ブレイク!
3153,八洲電機,卸売業,31.2,27.0,3,101,★★☆☆☆,0.0,16.0,1,2.2,0.0,2.0,0.0,9.0,0.0,0.0,0.0,監視,,0.0,1.3,2.6,5.9,2960,3125.0,7.8,0.2,187,RS転換1日目 / 25MA上抜け3日目 / 高値圏かつ未過熱 / MA上昇配列
2705,大戸屋ホールディングス,小売業,31.1,28.8,3,102,★★☆☆☆,0.0,12.0,1,-0.5,0.0,4.3,0.0,12.5,0.0,0.0,0.0,監視,,0.0,13.7,3.0,12.8,9340,9930.0,6.0,0.3,159,RS転換1日目 / 高値圏かつ未過熱 / 買い出来高優勢 / MA上昇配列 / パーフェクトオーダー / 52週高値ブレイク! / RSI過熱(88)⚠
6058,ベクトル,サービス業,31.1,25.7,3,103,★★☆☆☆,0.0,13.0,10,11.6,0.0,2.0,0.0,13.7,0.0,0.0,-3.0,監視,,0.0,21.8,3.4,17.8,2051,2199.0,12.6,0.9,663,RS転換10日目 / RS加速+11.6 / MA上昇配列 / パーフェクトオーダー / 52週高値ブレイク! / 伸びすぎ注意(25MA+18%)
8360,山梨中央銀行,銀行業,31.0,27.5,3,104,★★☆☆☆,0.0,16.0,2,13.6,0.0,2.0,0.0,9.5,0.0,0.0,0.0,監視,,0.0,11.2,3.4,3.1,6789,7290.0,3.8,0.1,898,RS転換2日目 / RS加速+13.6 / 高値圏かつ未過熱 / MA上昇配列 / パーフェクトオーダー
8551,北日本銀行,銀行業,31.0,26.5,3,105,★★☆☆☆,0.0,11.5,37,10.0,0.0,3.0,0.0,12.0,0.0,0.0,0.0,監視,,0.0,15.5,4.0,9.3,7181,7810.0,7.6,0.2,349,RS加速+10.0 / 高値圏かつ未過熱 / MA上昇配列 / パーフェクトオーダー
9304,澁澤倉庫,倉庫・運輸関連業,31.0,28.0,3,106,★★☆☆☆,0.0,14.0,7,2.5,0.0,2.0,0.0,12.0,0.0,0.0,0.0,監視,,0.0,12.7,3.2,7.6,1951,2086.0,3.8,0.1,453,RS転換7日目 / 高値圏かつ未過熱 / MA上昇配列 / パーフェクトオーダー
4667,アイサンテクノロジー,情報・通信業,30.8,29.5,3,107,★★☆☆☆,0.0,13.0,6,30.3,0.0,9.0,0.0,12.5,0.0,0.0,-5.0,監視,,0.0,48.2,4.8,34.6,2406,2661.0,26.4,20.9,179,RS転換6日目 / RS加速+30.3 / 出来高急増20.9倍 / 買い出来高優勢 / MA上昇配列 / パーフェクトオーダー / 52週高値ブレイク! / RSI過熱(87)⚠ / 過熱⚠25MA+35%
7744,ノーリツ鋼機,精密機器,30.7,30.7,1,108,★★☆☆☆,0.0,18.0,0,6.8,0.0,2.0,0.0,10.7,0.0,0.0,0.0,監視,,0.0,7.0,3.1,4.8,1991,2123.0,5.9,0.1,742,RS転換0日目 / RS加速+6.8 / 25MA上抜け0日目 / 高値圏かつ未過熱 / MA上昇配列 / パーフェクトオーダー
3132,マクニカホールディングス,卸売業,30.7,30.7,1,109,★★☆☆☆,0.0,18.0,3,10.6,0.0,2.0,0.0,10.7,0.0,0.0,0.0,監視,,0.0,10.2,4.1,5.9,3390,3695.0,8.4,0.1,2986,RS転換3日目 / RS加速+10.6 / 25MA上抜け3日目 / 高値圏かつ未過熱 / MA上昇配列 / パーフェクトオーダー
3663,セルシス,情報・通信業,30.7,30.7,1,110,★★☆☆☆,0.0,18.0,0,8.8,0.0,2.0,0.0,10.7,0.0,0.0,0.0,監視,,0.0,11.0,3.6,4.3,1806,1947.0,3.8,0.1,410,RS転換0日目 / RS加速+8.8 / 25MA上抜け7日目 / 高値圏かつ未過熱 / MA上昇配列 / パーフェクトオーダー
3864,三菱製紙,パルプ・紙,30.7,33.0,3,111,★★☆☆☆,0.0,16.0,1,3.5,0.0,3.3,0.0,12.2,1.5,0.0,0.0,監視,,0.0,5.8,2.6,4.7,1148,1211.0,3.0,0.1,223,RS転換1日目 / RS加速+3.5 / 高値圏かつ未過熱 / 買い出来高優勢 / MA上昇配列 / パーフェクトオーダー / 52週高値目前
9934,因幡電機産業,卸売業,30.7,30.7,1,112,★★☆☆☆,0.0,9.5,33,1.0,0.0,4.3,0.0,15.0,0.0,1.9,0.0,監視,,0.0,6.7,1.8,5.0,2999,3110.0,3.9,0.2,660,高値圏かつ未過熱 / 買い出来高優勢 / MA上昇配列 / パーフェクトオーダー / 52週高値ブレイク! / 開示[子会社化](1日前)
8370,紀陽銀行,銀行業,30.5,30.5,1,113,★★☆☆☆,0.0,16.0,1,9.7,0.0,1.0,0.0,13.5,0.0,0.0,0.0,監視,,0.0,6.3,2.4,3.8,4834,5080.0,4.7,0.0,673,RS転換1日目 / RS加速+9.7 / 高値圏かつ未過熱 / MA上昇配列 / パーフェクトオーダー / 52週高値目前
7384,プロクレアホールディングス,銀行業,30.5,28.8,3,114,★★☆☆☆,0.0,16.0,4,13.1,0.0,3.3,0.0,9.5,0.0,0.0,0.0,監視,,0.0,12.8,4.3,4.8,4196,4590.0,4.9,0.1,398,RS転換4日目 / RS加速+13.1 / 高値圏かつ未過熱 / 買い出来高優勢 / MA上昇配列 / パーフェクトオーダー
9147,ＮＩＰＰＯＮ　ＥＸＰＲＥＳＳホールディングス,陸運業,30.5,33.0,3,115,★★☆☆☆,0.0,16.0,1,5.0,0.0,2.0,0.0,13.5,1.5,0.0,0.0,監視,,0.0,7.6,2.3,5.3,5519,5783.0,1.2,0.1,6811,RS転換1日目 / RS加速+5.0 / 高値圏かつ未過熱 / MA上昇配列 / パーフェクトオーダー / 52週高値目前
3176,三洋貿易,卸売業,30.5,30.5,1,116,★★☆☆☆,0.0,11.5,37,7.3,0.0,4.0,0.0,15.0,0.0,0.0,0.0,監視,,0.0,37.7,3.3,15.0,1129,1208.0,8.8,0.8,539,RS加速+7.3 / 高値圏かつ未過熱 / 資金流入増 / MA上昇配列 / パーフェクトオーダー / 52週高値ブレイク!
6857,アドバンテスト,電気機器,30.4,14.0,3,117,★★☆☆☆,5.6,0.0,-1,-18.9,6.0,1.0,0.0,1.0,0.0,0.4,0.0,監視,NVIDIA,6.3,-1.2,6.1,-1.3,28803,32770.0,-5.0,0.1,275143,NVIDIA+5.3%連動(β0.26) 実反応-4.9% / HBM・後工程(-2.0%) / 開示[自己株式の取得](12日前)
8174,日本瓦斯,小売業,30.4,30.400000000000002,1,118,★★☆☆☆,0.0,16.0,0,4.1,0.0,3.3,0.0,9.0,0.0,2.1,0.0,監視,,0.0,6.2,1.6,6.3,2986,3084.0,4.0,0.1,569,RS転換0日目 / RS加速+4.1 / 高値圏かつ未過熱 / 買い出来高優勢 / MA上昇配列 / 52週高値目前 / RSI過熱(96)⚠ / 開示[自己株式取得](4日前)
7803,ブシロード,その他製品,30.3,30.3,1,119,★★☆☆☆,0.0,16.0,1,10.9,0.0,3.3,0.0,11.0,0.0,0.0,0.0,監視,,0.0,18.4,4.7,14.1,411,454.0,13.5,0.2,547,RS転換1日目 / RS加速+10.9 / 高値圏かつ未過熱 / 買い出来高優勢 / MA上昇配列 / パーフェクトオーダー
5020,ＥＮＥＯＳホールディングス,石油・石炭製品,30.3,30.3,1,120,★★☆☆☆,0.0,16.0,0,1.6,0.0,3.3,0.0,11.0,0.0,0.0,0.0,監視,,0.0,1.7,2.4,5.1,1310,1376.5,2.7,0.2,8916,RS転換0日目 / 25MA上抜け7日目 / 高値圏かつ未過熱 / 買い出来高優勢 / MA上昇配列 / パーフェクトオーダー
6958,日本シイエムケイ,電気機器,30.3,27.0,3,121,★★☆☆☆,0.0,13.0,25,10.0,0.0,2.0,0.0,12.0,0.0,0.0,0.0,監視,,0.0,18.2,4.8,7.3,685,757.0,8.6,0.1,704,RS加速+10.0 / 高値圏かつ未過熱 / MA上昇配列 / パーフェクトオーダー
4493,サイバーセキュリティクラウド,情報・通信業,30.2,20.5,3,122,★★☆☆☆,0.0,10.0,1,-5.9,0.0,4.3,0.0,6.2,0.0,0.0,0.0,監視,,0.0,3.7,4.4,2.3,1753,1924.0,-1.4,0.1,265,RS転換1日目 / 25MA上抜け1日目 / 買い出来高優勢 / MA上昇配列 / パーフェクトオーダー
6432,竹内製作所,機械,30.2,30.2,1,123,★★☆☆☆,0.0,18.0,0,4.1,0.0,0.0,0.0,12.2,0.0,0.0,0.0,監視,,0.0,1.9,2.6,2.2,7228,7630.0,2.8,0.1,1518,RS転換0日目 / RS加速+4.1 / 25MA上抜け5日目 / 高値圏かつ未過熱 / MA上昇配列 / パーフェクトオーダー / 52週高値目前
2602,日清オイリオグループ,食料品,30.2,30.2,1,124,★★☆☆☆,0.0,16.0,0,3.2,0.0,2.0,0.0,12.2,0.0,0.0,0.0,監視,,0.0,7.0,1.5,5.0,2017,2078.0,1.2,0.1,451,RS転換0日目 / RS加速+3.2 / 高値圏かつ未過熱 / MA上昇配列 / パーフェクトオーダー / 52週高値目前
6960,フクダ電子,電気機器,30.2,30.2,1,125,★★☆☆☆,0.0,18.0,0,3.8,0.0,0.0,0.0,12.2,0.0,0.0,0.0,監視,,0.0,5.2,2.4,3.1,11560,12140.0,3.2,0.1,582,RS転換0日目 / RS加速+3.8 / 25MA上抜け5日目 / 高値圏かつ未過熱 / MA上昇配列 / パーフェクトオーダー / 52週高値目前
8511,日本証券金融,その他金融業,30.2,30.2,1,126,★★☆☆☆,0.0,18.0,0,4.9,0.0,0.0,0.0,12.2,0.0,0.0,0.0,監視,,0.0,3.6,2.1,2.0,2416,2522.0,2.7,0.1,600,RS転換0日目 / RS加速+4.9 / 25MA上抜け4日目 / 高値圏かつ未過熱 / MA上昇配列 / パーフェクトオーダー / 52週高値目前
4956,コニシ,化学,30.0,30.0,1,127,★★☆☆☆,0.0,16.0,0,2.3,0.0,3.3,0.0,10.7,0.0,0.0,0.0,監視,,0.0,3.6,1.8,2.8,1440,1493.0,2.6,0.1,107,RS転換0日目 / 25MA上抜け3日目 / 高値圏かつ未過熱 / 買い出来高優勢 / MA上昇配列 / パーフェクトオーダー
7240,ＮＯＫ,輸送用機器,30.0,30.0,1,128,★★☆☆☆,0.0,16.0,0,1.6,0.0,2.0,0.0,12.0,0.0,0.0,0.0,監視,,0.0,0.8,1.6,3.3,3029,3132.0,3.6,0.2,784,RS転換0日目 / 25MA上抜け3日目 / 高値圏かつ未過熱 / MA上昇配列 / パーフェクトオーダー
5844,京都フィナンシャルグループ,銀行業,30.0,30.0,1,129,★★☆☆☆,0.0,16.0,1,7.8,0.0,2.0,0.0,12.0,0.0,0.0,0.0,監視,,0.0,9.4,2.5,3.8,4700,4943.0,3.5,0.1,4329,RS転換1日目 / RS加速+7.8 / 高値圏かつ未過熱 / MA上昇配列 / パーフェクトオーダー
8173,Ｊｏｓｈｉｎ,小売業,30.0,30.0,1,130,★★☆☆☆,0.0,14.0,1,1.6,0.0,1.0,0.0,15.0,0.0,0.0,0.0,監視,,0.0,14.0,3.1,10.5,4296,4575.0,6.6,0.3,585,RS転換1日目 / 高値圏かつ未過熱 / MA上昇配列 / パーフェクトオーダー / 52週高値ブレイク!
8060,キヤノンマーケティングジャパン,卸売業,30.0,30.0,1,131,★★☆☆☆,0.0,18.0,0,5.2,0.0,0.0,0.0,12.0,0.0,0.0,0.0,監視,,0.0,2.4,2.0,4.3,3614,3761.0,6.7,0.1,1486,RS転換0日目 / RS加速+5.2 / 25MA上抜け1日目 / 高値圏かつ未過熱 / MA上昇配列 / パーフェクトオーダー
2002,日清製粉グループ本社,食料品,30.0,30.0,1,132,★★☆☆☆,0.0,16.0,0,1.3,0.0,2.0,0.0,12.0,0.0,0.0,0.0,監視,,0.0,0.2,1.6,1.2,1990,2056.5,0.0,0.1,1820,RS転換0日目 / 25MA上抜け8日目 / 高値圏かつ未過熱 / MA上昇配列 / パーフェクトオーダー
7085,カーブスホールディングス,サービス業,30.0,30.0,1,133,★★☆☆☆,0.0,14.0,0,-2.3,0.0,1.0,0.0,13.5,0.0,1.5,0.0,監視,,0.0,0.2,1.8,2.6,927,961.0,0.6,0.1,652,RS転換0日目 / 25MA上抜け0日目 / 高値圏かつ未過熱 / MA上昇配列 / パーフェクトオーダー / 52週高値目前 / 開示[自己株式の取得](7日前)
5482,愛知製鋼,鉄鋼,30.0,30.0,1,134,★★☆☆☆,0.0,18.0,0,7.2,0.0,0.0,0.0,12.0,0.0,0.0,0.0,監視,,0.0,10.0,2.3,4.0,3156,3310.0,3.4,0.2,445,RS転換0日目 / RS加速+7.2 / 25MA上抜け7日目 / 高値圏かつ未過熱 / MA上昇配列 / パーフェクトオーダー
7011,三菱重工業,機械,29.8,27.5,3,135,★★☆☆☆,0.0,10.0,1,3.4,15.3,1.0,0.0,1.2,0.0,0.0,0.0,,,0.0,2.2,3.3,-2.0,3667,3923.0,-0.8,0.1,72788,RS転換1日目 / RS加速+3.4 / 核融合(+4.6%)
4390,ＩＰＳ,情報・通信業,29.8,29.8,1,136,★★☆☆☆,0.0,13.0,30,10.9,0.0,3.3,0.0,13.5,0.0,0.0,0.0,,,0.0,19.8,4.3,12.0,3880,4245.0,10.8,0.1,402,RS加速+10.9 / 高値圏かつ未過熱 / 買い出来高優勢 / MA上昇配列 / パーフェクトオーダー / 52週高値目前
8052,椿本興業,卸売業,29.8,29.8,1,137,★★☆☆☆,0.0,18.0,0,4.0,0.0,4.3,0.0,7.5,0.0,0.0,0.0,,,0.0,1.5,1.5,5.8,2880,2969.0,5.3,0.4,131,RS転換0日目 / RS加速+4.0 / 25MA上抜け6日目 / 高値圏かつ未過熱 / 買い出来高優勢 / MA上昇配列 / RSI過熱(86)⚠
8558,東和銀行,銀行業,29.8,26.5,3,138,★★☆☆☆,0.0,16.0,1,10.0,0.0,2.0,0.0,8.5,0.0,0.0,0.0,,,0.0,7.6,3.7,2.0,1347,1454.0,0.6,0.1,279,RS転換1日目 / RS加速+10.0 / 高値圏かつ未過熱 / MA上昇配列 / パーフェクトオーダー
2613,Ｊ－オイルミルズ,食料品,29.8,29.8,1,139,★★☆☆☆,0.0,14.0,0,2.4,0.0,3.3,0.0,12.5,0.0,0.0,0.0,,,0.0,9.5,1.7,8.2,2247,2325.0,3.7,0.1,169,RS転換0日目 / 高値圏かつ未過熱 / 買い出来高優勢 / MA上昇配列 / パーフェクトオーダー / 52週高値ブレイク! / RSI過熱(95)⚠
2060,フィード・ワン,食料品,29.7,29.7,1,140,★★☆☆☆,0.0,14.0,1,1.7,0.0,2.0,0.0,13.7,0.0,0.0,0.0,,,0.0,11.2,2.1,7.3,1391,1453.0,2.1,0.1,141,RS転換1日目 / 高値圏かつ未過熱 / MA上昇配列 / パーフェクトオーダー / 52週高値ブレイク!
4997,日本農薬,化学,29.5,29.5,1,141,★★☆☆☆,0.0,11.5,33,8.1,0.0,4.3,0.0,13.7,0.0,0.0,0.0,,,0.0,18.8,2.2,12.6,1244,1301.0,6.9,0.5,241,RS加速+8.1 / 高値圏かつ未過熱 / 買い出来高優勢 / MA上昇配列 / パーフェクトオーダー / 52週高値ブレイク!
4611,大日本塗料,化学,29.5,29.5,1,142,★★☆☆☆,0.0,11.5,37,3.8,0.0,4.3,0.0,13.7,0.0,0.0,0.0,,,0.0,15.0,2.2,10.8,1564,1636.0,7.0,0.2,139,RS加速+3.8 / 高値圏かつ未過熱 / 買い出来高優勢 / MA上昇配列 / パーフェクトオーダー / 52週高値ブレイク!
9076,セイノーホールディングス,陸運業,29.5,29.5,1,143,★★☆☆☆,0.0,14.0,0,2.2,0.0,2.0,0.0,13.5,0.0,0.0,0.0,,,0.0,4.9,1.7,2.9,2721,2815.0,-0.0,0.0,1180,RS転換0日目 / 高値圏かつ未過熱 / MA上昇配列 / パーフェクトオーダー / 52週高値目前
4665,ダスキン,サービス業,29.5,29.5,1,144,★★☆☆☆,0.0,14.0,0,0.8,0.0,3.3,0.0,12.2,0.0,0.0,0.0,,,0.0,3.8,1.7,3.2,4544,4705.0,0.9,0.1,512,RS転換0日目 / 高値圏かつ未過熱 / 買い出来高優勢 / MA上昇配列 / パーフェクトオーダー / 52週高値目前
8601,大和証券グループ本社,証券、商品先物取引業,29.5,29.5,1,145,★★☆☆☆,0.0,14.0,0,6.2,0.0,2.0,0.0,13.5,0.0,0.0,0.0,,,0.0,1.0,1.9,3.0,1792,1861.5,4.2,0.1,7772,RS転換0日目 / RS加速+6.2 / 高値圏かつ未過熱 / MA上昇配列 / パーフェクトオーダー / 52週高値目前
1762,高松コンストラクショングループ,建設業,29.5,29.5,1,146,★★☆☆☆,0.0,16.0,1,8.1,0.0,3.3,0.0,10.2,0.0,0.0,0.0,,,0.0,12.6,2.0,9.3,4108,4280.0,6.6,0.1,149,RS転換1日目 / RS加速+8.1 / 高値圏かつ未過熱 / 買い出来高優勢 / MA上昇配列 / 52週高値目前
5301,東海カーボン,ガラス・土石製品,29.5,29.5,1,147,★★☆☆☆,0.0,18.0,2,20.9,0.0,2.0,0.0,9.5,0.0,0.0,0.0,,,0.0,20.6,3.4,11.7,1756,1885.5,14.2,0.3,2864,RS転換2日目 / RS加速+20.9 / 25MA上抜け1日目 / 高値圏かつ未過熱 / 52週高値目前
4041,日本曹達,化学,29.5,29.5,1,148,★★☆☆☆,0.0,14.0,0,1.2,0.0,2.0,0.0,13.5,0.0,0.0,0.0,,,0.0,3.5,1.4,3.4,3934,4045.0,2.4,0.1,317,RS転換0日目 / 高値圏かつ未過熱 / MA上昇配列 / パーフェクトオーダー / 52週高値目前
8876,リログループ,サービス業,29.5,29.5,1,149,★★☆☆☆,0.0,14.0,0,1.3,0.0,2.0,0.0,13.5,0.0,0.0,0.0,,,0.0,8.8,1.7,5.6,2156,2231.0,2.4,0.4,873,RS転換0日目 / 高値圏かつ未過熱 / MA上昇配列 / パーフェクトオーダー / 52週高値目前
6333,ＴＥＩＫＯＫＵ,機械,29.5,29.5,1,150,★★☆☆☆,0.0,14.0,0,-3.5,0.0,2.0,0.0,13.5,0.0,0.0,0.0,,,0.0,1.1,2.6,3.7,3277,3460.0,0.9,0.0,149,RS転換0日目 / 25MA上抜け9日目 / 高値圏かつ未過熱 / MA上昇配列 / パーフェクトオーダー / 52週高値目前
7236,ティラド,輸送用機器,29.5,29.5,1,151,★★☆☆☆,0.0,16.0,0,2.7,0.0,0.0,0.0,13.5,0.0,0.0,0.0,,,0.0,4.4,2.8,2.9,1490,1578.0,1.9,0.0,554,RS転換0日目 / 25MA上抜け7日目 / 高値圏かつ未過熱 / MA上昇配列 / パーフェクトオーダー / 52週高値目前
7751,キヤノン,電気機器,29.4,29.4,1,152,★★☆☆☆,0.0,18.0,0,3.5,0.0,1.0,0.0,10.0,0.0,0.4,0.0,,,0.0,4.2,1.5,2.8,4559,4702.0,1.8,0.1,14483,RS転換0日目 / RS加速+3.5 / 25MA上抜け6日目 / 高値圏かつ未過熱 / MA上昇配列 / 開示[自己株式の取得](12日前)
7727,オーバル,精密機器,29.0,30.3,3,153,★★☆☆☆,0.0,13.0,23,5.5,0.0,5.3,0.0,12.0,0.0,0.0,0.0,,,0.0,15.3,5.0,7.5,769,854.0,6.5,0.0,141,RS加速+5.5 / 高値圏かつ未過熱 / 買い出来高優勢 / 資金流入増 / MA上昇配列 / パーフェクトオーダー
6770,アルプスアルパイン,電気機器,29.0,29.0,1,154,★★☆☆☆,0.0,16.0,0,1.5,0.0,1.0,0.0,12.0,0.0,0.0,0.0,,,0.0,2.0,2.5,5.4,2186,2301.5,4.3,0.2,3050,RS転換0日目 / 25MA上抜け7日目 / 高値圏かつ未過熱 / MA上昇配列 / パーフェクトオーダー
4992,北興化学工業,化学,29.0,29.0,1,155,★★☆☆☆,0.0,16.0,8,3.3,0.0,2.0,0.0,11.0,0.0,0.0,0.0,,,0.0,7.7,2.3,3.4,1935,2027.0,-1.2,0.0,179,RS転換8日目 / RS加速+3.3 / 高値圏かつ未過熱 / MA上昇配列 / パーフェクトオーダー
9536,西部ガスホールディングス,電気・ガス業,29.0,29.0,1,156,★★☆☆☆,0.0,16.0,0,3.9,0.0,2.0,0.0,11.0,0.0,0.0,0.0,,,0.0,7.3,1.4,6.9,2510,2581.0,4.2,0.4,252,RS転換0日目 / RS加速+3.9 / 高値圏かつ未過熱 / MA上昇配列 / パーフェクトオーダー / 52週高値目前 / RSI過熱(94)⚠
4676,フジ・メディア・ホールディングス,情報・通信業,29.0,29.0,1,157,★★☆☆☆,0.0,16.0,0,1.7,0.0,1.0,0.0,12.0,0.0,0.0,0.0,,,0.0,3.3,2.2,1.9,4005,4190.0,0.4,0.1,2235,RS転換0日目 / 25MA上抜け1日目 / 高値圏かつ未過熱 / MA上昇配列 / パーフェクトオーダー
8562,福島銀行,銀行業,29.0,29.0,1,158,★★☆☆☆,0.0,16.0,2,10.0,0.0,2.0,0.0,11.0,0.0,0.0,0.0,,,0.0,12.6,2.9,7.2,362,384.0,5.8,0.2,110,RS転換2日目 / RS加速+10.0 / 高値圏かつ未過熱 / MA上昇配列 / パーフェクトオーダー
3673,ブロードリーフ,情報・通信業,29.0,29.0,1,159,★★☆☆☆,0.0,16.0,1,2.1,0.0,1.0,0.0,12.0,0.0,0.0,0.0,,,0.0,11.0,4.9,9.7,448,497.0,7.6,0.1,476,RS転換1日目 / 25MA上抜け8日目 / 高値圏かつ未過熱 / MA上昇配列 / パーフェクトオーダー
2181,パーソルホールディングス,サービス業,29.0,29.0,1,160,★★☆☆☆,0.0,14.0,1,0.9,0.0,4.3,0.0,10.7,0.0,0.0,0.0,,,0.0,12.8,1.6,8.1,293,302.70001220703125,2.8,0.1,3041,RS転換1日目 / 高値圏かつ未過熱 / 買い出来高優勢 / MA上昇配列 / パーフェクトオーダー
9303,住友倉庫,倉庫・運輸関連業,29.0,29.0,1,161,★★☆☆☆,0.0,12.0,0,-1.2,0.0,2.0,0.0,15.0,0.0,0.0,0.0,,,0.0,2.6,1.6,3.5,4121,4255.0,1.4,0.1,437,RS転換0日目 / 高値圏かつ未過熱 / MA上昇配列 / パーフェクトオーダー / 52週高値ブレイク!
6345,アイチ　コーポレーション,機械,29.0,29.0,1,162,★★☆☆☆,0.0,14.0,0,-0.1,0.0,0.0,0.0,15.0,0.0,0.0,0.0,,,0.0,0.4,1.4,4.1,1443,1486.0,2.4,0.2,209,RS転換0日目 / 25MA上抜け6日目 / 高値圏かつ未過熱 / MA上昇配列 / パーフェクトオーダー / 52週高値ブレイク!
8713,フィデアホールディングス,銀行業,29.0,29.0,1,163,★★☆☆☆,0.0,11.5,33,4.3,0.0,5.3,0.0,12.2,0.0,0.0,0.0,,,0.0,29.9,3.7,14.1,2637,2849.0,5.2,0.1,294,RS加速+4.3 / 高値圏かつ未過熱 / 買い出来高優勢 / 資金流入増 / MA上昇配列 / パーフェクトオーダー / 52週高値目前
8704,トレイダーズホールディングス,証券、商品先物取引業,28.8,29.5,3,164,★★☆☆☆,0.0,16.0,9,4.2,0.0,0.0,0.0,13.5,0.0,0.0,0.0,,,0.0,9.9,2.6,5.3,1322,1395.0,2.4,0.1,111,RS転換9日目 / RS加速+4.2 / 高値圏かつ未過熱 / MA上昇配列 / パーフェクトオーダー / 52週高値目前
8600,トモニホールディングス,銀行業,28.8,28.8,1,165,★★☆☆☆,0.0,16.0,2,7.2,0.0,3.3,0.0,9.5,0.0,0.0,0.0,,,0.0,9.9,3.1,4.8,1047,1116.0,4.6,0.1,621,RS転換2日目 / RS加速+7.2 / 高値圏かつ未過熱 / 買い出来高優勢 / MA上昇配列 / パーフェクトオーダー
6340,澁谷工業,機械,28.8,28.8,1,166,★★☆☆☆,0.0,11.5,48,5.0,0.0,5.3,0.0,12.0,0.0,0.0,0.0,,,0.0,22.4,4.8,12.9,4934,5460.0,6.8,0.1,565,RS加速+5.0 / 高値圏かつ未過熱 / 買い出来高優勢 / 資金流入増 / MA上昇配列 / パーフェクトオーダー
7516,コーナン商事,小売業,28.7,28.7,1,167,★★☆☆☆,0.0,14.0,0,2.0,0.0,1.0,0.0,13.7,0.0,0.0,0.0,,,0.0,7.9,1.7,6.5,4385,4540.0,3.4,0.1,375,RS転換0日目 / 高値圏かつ未過熱 / MA上昇配列 / パーフェクトオーダー / 52週高値ブレイク!
3825,リミックスポイント,小売業,28.6,27.4,3,168,★★☆☆☆,0.0,12.0,9,6.2,0.0,1.0,0.0,8.0,0.0,6.4,0.0,,,0.0,21.5,8.2,12.4,202,242.0,4.8,0.1,582,RS転換9日目 / RS加速+6.2 / MA上昇配列 / 開示[業績予想の修正](4日前) / 開示[業務提携](4日前)
2001,ニップン,食料品,28.5,28.5,1,169,★★☆☆☆,0.0,14.0,0,0.9,0.0,1.0,0.0,13.5,0.0,0.0,0.0,,,0.0,3.1,1.4,2.8,2873,2953.0,0.6,0.1,473,RS転換0日目 / 高値圏かつ未過熱 / MA上昇配列 / パーフェクトオーダー / 52週高値目前
5232,住友大阪セメント,ガラス・土石製品,28.5,28.5,1,170,★★☆☆☆,0.0,18.0,0,4.6,0.0,3.3,0.0,7.2,0.0,0.0,0.0,,,0.0,2.2,3.1,0.4,5333,5684.0,0.9,0.0,1856,RS転換0日目 / RS加速+4.6 / 25MA上抜け0日目 / 高値圏かつ未過熱 / 買い出来高優勢 / MA上昇配列 / パーフェクトオーダー
7914,共同印刷,その他製品,28.5,28.5,1,171,★★☆☆☆,0.0,12.0,0,-0.6,0.0,3.0,0.0,13.5,0.0,0.0,0.0,,,0.0,6.4,1.7,4.5,1717,1777.0,0.4,0.1,136,RS転換0日目 / 高値圏かつ未過熱 / MA上昇配列 / パーフェクトオーダー / 52週高値目前
5975,東プレ,金属製品,28.5,28.5,1,172,★★☆☆☆,0.0,11.0,30,1.5,0.0,4.0,0.0,13.5,0.0,0.0,0.0,,,0.0,17.4,2.6,10.7,3191,3370.0,6.5,0.1,478,高値圏かつ未過熱 / 資金流入増 / MA上昇配列 / パーフェクトオーダー / 52週高値目前
7513,コジマ,小売業,28.5,28.5,1,173,★★☆☆☆,0.0,14.0,0,-6.4,0.0,1.0,0.0,12.0,0.0,1.5,0.0,,,0.0,2.4,2.5,2.5,1342,1412.0,-4.0,0.2,606,RS転換0日目 / 25MA上抜け9日目 / 高値圏かつ未過熱 / MA上昇配列 / パーフェクトオーダー / 開示[自己株式の取得](7日前)
8368,百五銀行,銀行業,28.4,28.3,3,174,★★☆☆☆,0.0,11.5,36,13.2,0.0,3.3,0.0,13.5,0.0,0.0,0.0,,,0.0,17.8,3.6,10.6,2242,2417.0,9.5,0.1,1856,RS加速+13.2 / 高値圏かつ未過熱 / 買い出来高優勢 / MA上昇配列 / パーフェクトオーダー / 52週高値目前
7167,めぶきフィナンシャルグループ,銀行業,28.3,28.3,1,175,★★☆☆☆,0.0,11.5,44,6.5,0.0,3.3,0.0,13.5,0.0,0.0,0.0,,,0.0,11.2,2.5,6.0,1611,1695.0,3.6,0.1,4189,RS加速+6.5 / 高値圏かつ未過熱 / 買い出来高優勢 / MA上昇配列 / パーフェクトオーダー / 52週高値目前
8358,スルガ銀行,銀行業,28.3,28.3,1,176,★★☆☆☆,0.0,11.5,43,9.3,0.0,3.3,0.0,13.5,0.0,0.0,0.0,,,0.0,11.6,2.7,5.7,2798,2960.0,3.9,0.1,2428,RS加速+9.3 / 高値圏かつ未過熱 / 買い出来高優勢 / MA上昇配列 / パーフェクトオーダー / 52週高値目前
4634,ａｒｔｉｅｎｃｅ,化学,28.3,28.3,1,177,★★☆☆☆,0.0,11.5,42,4.4,0.0,3.3,0.0,13.5,0.0,0.0,0.0,,,0.0,13.5,2.4,6.4,4904,5150.0,2.8,0.0,794,RS加速+4.4 / 高値圏かつ未過熱 / 買い出来高優勢 / MA上昇配列 / パーフェクトオーダー / 52週高値目前
9434,ソフトバンク,情報・通信業,28.2,28.2,1,178,★★☆☆☆,0.0,14.0,0,0.7,0.0,2.0,0.0,12.2,0.0,0.0,0.0,,,0.0,5.3,1.7,3.2,232,239.6999969482422,2.0,0.1,16905,RS転換0日目 / 高値圏かつ未過熱 / MA上昇配列 / パーフェクトオーダー / 52週高値目前
7350,おきなわフィナンシャルグループ,銀行業,28.1,28.5,2,179,★★☆☆☆,0.0,16.0,2,3.0,0.0,3.0,0.0,9.5,0.0,0.0,0.0,,,0.0,2.9,3.6,1.2,7149,7710.0,3.4,0.3,629,RS転換2日目 / 25MA上抜け4日目 / 高値圏かつ未過熱 / MA上昇配列 / パーフェクトオーダー
2982,ＡＤワークスグループ,不動産業,28.0,28.0,1,180,★★☆☆☆,0.0,18.0,0,3.3,0.0,1.0,0.0,9.0,0.0,0.0,0.0,,,0.0,4.4,2.1,4.5,417,436.0,4.3,0.1,126,RS転換0日目 / RS加速+3.3 / 25MA上抜け7日目 / 高値圏かつ未過熱 / MA上昇配列
8892,エスコン,不動産業,28.0,28.0,1,181,★★☆☆☆,0.0,16.0,0,0.3,0.0,0.0,0.0,12.0,0.0,0.0,0.0,,,0.0,2.6,1.5,1.5,1088,1122.0,-1.4,0.2,186,RS転換0日目 / 25MA上抜け7日目 / 高値圏かつ未過熱 / MA上昇配列 / パーフェクトオーダー
8362,福井銀行,銀行業,28.0,27.0,3,182,★★☆☆☆,0.0,13.0,16,15.1,0.0,2.0,0.0,12.0,0.0,0.0,0.0,,,0.0,19.7,5.0,8.0,6214,6910.0,5.5,0.1,497,RS加速+15.1 / 高値圏かつ未過熱 / MA上昇配列 / パーフェクトオーダー
4021,日産化学,化学,28.0,28.0,1,183,★★☆☆☆,0.0,16.0,7,3.5,0.0,0.0,0.0,12.0,0.0,0.0,0.0,,,0.0,8.0,2.7,5.3,7802,8253.0,2.3,0.0,5259,RS転換7日目 / RS加速+3.5 / 高値圏かつ未過熱 / MA上昇配列 / パーフェクトオーダー
8411,みずほフィナンシャルグループ,銀行業,28.0,28.0,1,184,★★☆☆☆,0.0,14.0,1,10.4,0.0,2.0,0.0,12.0,0.0,0.0,0.0,,,0.0,2.7,2.4,2.7,8137,8551.0,5.5,0.1,65909,RS転換1日目 / RS加速+10.4 / 高値圏かつ未過熱 / MA上昇配列 / パーフェクトオーダー
3968,セグエグループ,情報・通信業,28.0,28.0,1,185,★★☆☆☆,0.0,14.0,1,1.1,0.0,3.0,0.0,11.0,0.0,0.0,0.0,,,0.0,11.8,4.2,9.8,619,675.0,3.4,0.1,267,RS転換1日目 / 高値圏かつ未過熱 / MA上昇配列 / パーフェクトオーダー
3167,ＴＯＫＡＩホールディングス,卸売業,28.0,28.0,1,186,★★☆☆☆,0.0,11.0,15,2.8,0.0,3.3,0.0,13.7,0.0,0.0,0.0,,,0.0,12.0,1.5,8.5,1286,1324.0,5.0,0.3,321,高値圏かつ未過熱 / 買い出来高優勢 / MA上昇配列 / パーフェクトオーダー / 52週高値ブレイク!
6809,ＴＯＡ,電気機器,28.0,28.0,1,187,★★☆☆☆,0.0,16.0,0,3.1,0.0,2.0,0.0,10.0,0.0,0.0,0.0,,,0.0,6.2,1.5,4.9,1707,1762.0,4.5,0.1,148,RS転換0日目 / RS加速+3.1 / 高値圏かつ未過熱 / MA上昇配列
7182,ゆうちょ銀行,銀行業,28.0,28.0,1,188,★★☆☆☆,0.0,14.0,0,15.8,0.0,2.0,0.0,12.0,0.0,0.0,0.0,,,0.0,6.0,2.4,4.6,3198,3358.0,6.6,0.1,17893,RS転換0日目 / RS加速+15.8 / 高値圏かつ未過熱 / MA上昇配列 / パーフェクトオーダー
8081,カナデン,卸売業,28.0,28.0,1,189,★★☆☆☆,0.0,18.0,0,3.9,0.0,2.0,0.0,8.0,0.0,0.0,0.0,,,0.0,3.7,2.3,4.3,2473,2591.0,1.5,0.1,166,RS転換0日目 / RS加速+3.9 / 25MA上抜け7日目 / 高値圏かつ未過熱
8103,明和産業,卸売業,28.0,28.0,1,190,★★☆☆☆,0.0,14.0,0,2.7,0.0,2.0,0.0,12.0,0.0,0.0,0.0,,,0.0,8.2,1.6,5.6,962,994.0,2.8,0.2,187,RS転換0日目 / 高値圏かつ未過熱 / MA上昇配列 / パーフェクトオーダー
8595,ジャフコ　グループ,証券、商品先物取引業,28.0,28.0,1,191,★★☆☆☆,0.0,16.0,0,1.8,0.0,3.3,0.0,8.7,0.0,0.0,0.0,,,0.0,2.6,1.0,2.6,2300,2345.0,1.1,0.0,625,RS転換0日目 / 25MA上抜け7日目 / 高値圏かつ未過熱 / 買い出来高優勢 / MA上昇配列
4502,武田薬品工業,医薬品,28.0,28.0,1,192,★★☆☆☆,0.0,14.0,0,2.7,0.0,2.0,0.0,12.0,0.0,0.0,0.0,,,0.0,3.9,1.7,3.3,5635,5837.0,0.7,0.1,19981,RS転換0日目 / 高値圏かつ未過熱 / MA上昇配列 / パーフェクトオーダー
6952,カシオ計算機,電気機器,28.0,28.0,1,193,★★☆☆☆,0.0,13.0,22,4.3,0.0,4.0,0.0,11.0,0.0,0.0,0.0,,,0.0,38.9,3.7,11.4,2299,2485.5,6.2,0.2,5161,RS加速+4.3 / 高値圏かつ未過熱 / 資金流入増 / MA上昇配列 / パーフェクトオーダー / 52週高値目前
4417,グローバルセキュリティエキスパート,情報・通信業,28.0,28.0,3,194,★★☆☆☆,0.0,14.0,1,-1.7,0.0,2.0,0.0,12.0,0.0,0.0,0.0,,,0.0,5.0,4.7,7.6,4440,4900.0,7.1,0.0,239,RS転換1日目 / 25MA上抜け7日目 / 高値圏かつ未過熱 / MA上昇配列 / パーフェクトオーダー
9505,北陸電力,電気・ガス業,28.0,28.0,1,195,★★☆☆☆,0.0,16.0,0,4.0,0.0,3.3,0.0,8.7,0.0,0.0,0.0,,,0.0,7.0,2.3,8.5,998,1047.5,7.3,0.2,819,RS転換0日目 / RS加速+4.0 / 高値圏かつ未過熱 / 買い出来高優勢 / MA上昇配列
4293,セプテーニ・ホールディングス,サービス業,28.0,28.0,1,196,★★☆☆☆,0.0,16.0,0,0.1,0.0,1.0,0.0,11.0,0.0,0.0,0.0,,,0.0,1.5,2.1,4.1,510,533.0,4.7,0.1,186,RS転換0日目 / 25MA上抜け7日目 / 高値圏かつ未過熱 / MA上昇配列 / パーフェクトオーダー
8572,アコム,その他金融業,28.0,28.0,1,197,★★☆☆☆,0.0,16.0,0,1.1,0.0,2.0,0.0,10.0,0.0,0.0,0.0,,,0.0,0.6,1.2,0.9,478,489.0,-0.1,0.1,535,RS転換0日目 / 25MA上抜け6日目 / 高値圏かつ未過熱 / MA上昇配列
4183,三井化学,化学,28.0,28.0,1,198,★★☆☆☆,0.0,14.0,0,6.1,0.0,3.3,0.0,10.7,0.0,0.0,0.0,,,0.0,2.9,2.3,3.0,2120,2221.5,4.2,0.1,4362,RS転換0日目 / RS加速+6.1 / 高値圏かつ未過熱 / 買い出来高優勢 / MA上昇配列 / パーフェクトオーダー
6419,マースグループホールディングス,機械,28.0,28.0,1,199,★★☆☆☆,0.0,16.0,0,1.6,0.0,0.0,0.0,12.0,0.0,0.0,0.0,,,0.0,1.2,1.3,2.5,3154,3240.0,3.2,0.1,184,RS転換0日目 / 25MA上抜け4日目 / 高値圏かつ未過熱 / MA上昇配列 / パーフェクトオーダー
6326,クボタ,機械,28.0,28.0,1,200,★★☆☆☆,0.0,18.0,0,6.3,0.0,2.0,0.0,8.0,0.0,0.0,0.0,,,0.0,4.3,2.9,6.5,2747,2917.0,4.9,0.1,12729,RS転換0日目 / RS加速+6.3 / 25MA上抜け5日目 / 高値圏かつ未過熱
7537,丸文,卸売業,28.0,28.0,1,201,★★☆☆☆,0.0,11.5,34,4.5,0.0,3.0,0.0,13.5,0.0,0.0,0.0,,,0.0,9.0,3.0,6.3,1767,1881.0,5.4,0.0,250,RS加速+4.5 / 高値圏かつ未過熱 / MA上昇配列 / パーフェクトオーダー / 52週高値目前
2681,ゲオホールディングス,小売業,28.0,28.0,1,202,★★☆☆☆,0.0,13.0,30,5.7,0.0,3.0,0.0,12.0,0.0,0.0,0.0,,,0.0,16.4,2.8,10.0,2335,2475.0,5.6,0.1,471,RS加速+5.7 / 高値圏かつ未過熱 / MA上昇配列 / パーフェクトオーダー
6436,アマノ,機械,28.0,28.0,1,203,★★☆☆☆,0.0,16.0,0,1.9,0.0,2.0,0.0,10.0,0.0,0.0,0.0,,,0.0,1.5,1.3,2.8,3906,4010.0,2.3,0.1,861,RS転換0日目 / 25MA上抜け5日目 / 高値圏かつ未過熱 / MA上昇配列
5233,太平洋セメント,ガラス・土石製品,28.0,28.0,1,204,★★☆☆☆,0.0,16.0,0,2.2,0.0,1.0,0.0,11.0,0.0,0.0,0.0,,,0.0,2.9,2.3,2.2,4074,4272.0,1.5,0.0,1966,RS転換0日目 / 25MA上抜け6日目 / 高値圏かつ未過熱 / MA上昇配列 / パーフェクトオーダー
325A,ＴＥＮＴＩＡＬ,繊維製品,27.9,27.9,1,205,★☆☆☆☆,0.0,16.0,1,15.0,0.0,2.0,0.0,9.7,0.0,0.2,0.0,,,0.0,21.3,4.6,13.5,1703,1876.0,4.2,0.1,408,RS転換1日目 / RS加速+15.0 / 高値圏かつ未過熱 / MA上昇配列 / パーフェクトオーダー / 開示[自己株式の取得](13日前)
2384,ＳＢＳホールディングス,陸運業,27.8,27.8,1,206,★☆☆☆☆,0.0,9.5,31,2.8,0.0,3.3,0.0,15.0,0.0,0.0,0.0,,,0.0,16.4,2.4,10.2,5024,5280.0,3.9,0.2,368,高値圏かつ未過熱 / 買い出来高優勢 / MA上昇配列 / パーフェクトオーダー / 52週高値ブレイク!
4246,ダイキョーニシカワ,化学,27.8,27.8,1,207,★☆☆☆☆,0.0,9.5,32,0.0,0.0,3.3,0.0,15.0,0.0,0.0,0.0,,,0.0,10.2,1.9,6.5,1112,1156.0,3.0,0.2,294,高値圏かつ未過熱 / 買い出来高優勢 / MA上昇配列 / パーフェクトオーダー / 52週高値ブレイク!
2153,Ｅ・Ｊホールディングス,サービス業,27.8,27.8,1,208,★☆☆☆☆,0.0,14.0,0,2.7,0.0,3.3,0.0,10.5,0.0,0.0,0.0,,,0.0,6.3,1.3,6.0,1841,1889.0,3.5,0.1,100,RS転換0日目 / 高値圏かつ未過熱 / 買い出来高優勢 / MA上昇配列 / 52週高値ブレイク! / RSI過熱(88)⚠
3040,ソリトンシステムズ,情報・通信業,27.8,27.8,1,209,★☆☆☆☆,0.0,13.0,29,5.4,0.0,5.3,0.0,9.5,0.0,0.0,0.0,,,0.0,23.7,4.3,10.7,2239,2450.0,4.7,0.1,335,RS加速+5.4 / 高値圏かつ未過熱 / 買い出来高優勢 / 資金流入増 / MA上昇配列 / パーフェクトオーダー
8395,佐賀銀行,銀行業,27.8,27.8,1,210,★☆☆☆☆,0.0,11.5,33,9.2,0.0,4.3,0.0,12.0,0.0,0.0,0.0,,,0.0,13.7,3.8,6.2,5986,6480.0,3.5,0.1,438,RS加速+9.2 / 高値圏かつ未過熱 / 買い出来高優勢 / MA上昇配列 / パーフェクトオーダー
4847,インテリジェント　ウェイブ,情報・通信業,27.7,27.7,1,211,★☆☆☆☆,0.0,11.5,33,7.0,0.0,4.0,0.0,12.2,0.0,0.0,0.0,,,0.0,36.7,2.5,14.7,1317,1387.0,5.5,0.0,352,RS加速+7.0 / 高値圏かつ未過熱 / 資金流入増 / MA上昇配列 / パーフェクトオーダー / 52週高値目前
4718,早稲田アカデミー,サービス業,27.7,27.7,1,212,★☆☆☆☆,0.0,16.0,0,0.7,0.0,2.0,0.0,9.7,0.0,0.0,0.0,,,0.0,1.7,2.3,5.2,2461,2579.0,3.1,0.1,108,RS転換0日目 / 25MA上抜け7日目 / 高値圏かつ未過熱 / MA上昇配列 / パーフェクトオーダー
8439,東京センチュリー,その他金融業,27.7,27.7,1,213,★☆☆☆☆,0.0,14.0,0,8.3,0.0,0.0,0.0,13.7,0.0,0.0,0.0,,,0.0,2.2,1.8,6.1,2632,2733.5,7.4,0.1,1745,RS転換0日目 / RS加速+8.3 / 高値圏かつ未過熱 / MA上昇配列 / パーフェクトオーダー / 52週高値ブレイク!
2108,日本甜菜製糖,食料品,27.7,27.7,1,214,★☆☆☆☆,0.0,12.0,0,-10.4,0.0,3.0,0.0,9.5,0.0,3.2,0.0,,,0.0,5.7,3.3,1.5,5069,5430.0,-6.9,0.3,193,RS転換0日目 / 高値圏かつ未過熱 / MA上昇配列 / パーフェクトオーダー / 開示[自己株式の取得](8日前) / 開示[株式分割](8日前)
6463,ＴＰＲ,機械,27.7,27.7,1,215,★☆☆☆☆,0.0,12.0,0,-1.7,0.0,2.0,0.0,13.7,0.0,0.0,0.0,,,0.0,7.4,1.8,7.0,1577,1636.0,4.8,0.1,194,RS転換0日目 / 高値圏かつ未過熱 / MA上昇配列 / パーフェクトオーダー / 52週高値ブレイク!
9532,大阪瓦斯,電気・ガス業,27.7,27.7,1,216,★☆☆☆☆,0.0,18.0,0,3.8,0.0,2.0,0.0,7.7,0.0,0.0,0.0,,,0.0,3.9,1.9,5.9,5622,5840.0,4.2,0.1,4115,RS転換0日目 / RS加速+3.8 / 25MA上抜け7日目 / 高値圏かつ未過熱 / MA上昇配列
3401,帝人,繊維製品,27.7,27.7,1,217,★☆☆☆☆,0.0,16.0,0,4.5,0.0,2.0,0.0,9.7,0.0,0.0,0.0,,,0.0,7.0,2.1,3.8,1711,1784.5,1.3,0.1,1366,RS転換0日目 / RS加速+4.5 / 高値圏かつ未過熱 / MA上昇配列 / パーフェクトオーダー / 52週高値目前
9310,日本トランスシティ,倉庫・運輸関連業,27.6,27.6,1,218,★☆☆☆☆,0.0,14.0,0,-5.5,0.0,2.0,0.0,11.0,0.0,0.6,0.0,,,0.0,4.9,2.9,3.5,1359,1443.0,2.7,0.0,184,RS転換0日目 / 25MA上抜け3日目 / 高値圏かつ未過熱 / MA上昇配列 / パーフェクトオーダー / 52週高値目前 / 開示[自己株式の取得](11日前)
8346,東邦銀行,銀行業,27.5,27.5,1,219,★☆☆☆☆,0.0,16.0,3,9.8,0.0,2.0,0.0,9.5,0.0,0.0,0.0,,,0.0,12.1,3.0,4.3,922,981.0,4.7,0.1,872,RS転換3日目 / RS加速+9.8 / 高値圏かつ未過熱 / MA上昇配列 / パーフェクトオーダー
8037,カメイ,卸売業,27.5,27.5,1,220,★☆☆☆☆,0.0,9.5,37,1.4,0.0,4.3,0.0,13.7,0.0,0.0,0.0,,,0.0,18.7,2.1,12.4,4499,4700.0,6.5,0.1,220,高値圏かつ未過熱 / 買い出来高優勢 / MA上昇配列 / パーフェクトオーダー / 52週高値ブレイク!
9678,カナモト,サービス業,27.5,27.5,1,221,★☆☆☆☆,0.0,12.0,0,-0.4,0.0,2.0,0.0,13.5,0.0,0.0,0.0,,,0.0,5.8,1.6,4.8,5471,5650.0,2.7,0.3,346,RS転換0日目 / 高値圏かつ未過熱 / MA上昇配列 / パーフェクトオーダー / 52週高値目前
4526,理研ビタミン,食料品,27.5,27.5,1,222,★☆☆☆☆,0.0,12.0,0,-2.0,0.0,2.0,0.0,13.5,0.0,0.0,0.0,,,0.0,3.3,1.5,3.7,3278,3380.0,1.5,0.2,167,RS転換0日目 / 高値圏かつ未過熱 / MA上昇配列 / パーフェクトオーダー / 52週高値目前
1379,ホクト,水産・農林業,27.5,27.5,1,223,★☆☆☆☆,0.0,14.0,0,1.2,0.0,3.0,0.0,10.5,0.0,0.0,0.0,,,0.0,8.8,2.1,7.6,2073,2163.0,2.5,0.1,214,RS転換0日目 / 高値圏かつ未過熱 / MA上昇配列 / 52週高値ブレイク! / RSI過熱(90)⚠
8253,クレディセゾン,その他金融業,27.5,27.5,1,224,★☆☆☆☆,0.0,16.0,0,1.5,0.0,2.0,0.0,9.5,0.0,0.0,0.0,,,0.0,2.0,2.2,1.4,4525,4733.0,1.0,0.1,2817,RS転換0日目 / 25MA上抜け8日目 / 高値圏かつ未過熱 / MA上昇配列 / パーフェクトオーダー
8137,サンワテクノス,卸売業,27.5,27.5,1,225,★☆☆☆☆,0.0,11.5,34,13.5,0.0,1.0,0.0,15.0,0.0,0.0,0.0,,,0.0,15.9,2.4,7.4,4047,4250.0,6.6,0.1,227,RS加速+13.5 / 高値圏かつ未過熱 / MA上昇配列 / パーフェクトオーダー / 52週高値ブレイク!
8194,ライフコーポレーション,小売業,27.5,27.5,1,226,★☆☆☆☆,0.0,12.0,0,-4.1,0.0,3.3,0.0,12.2,0.0,0.0,0.0,,,0.0,4.9,1.8,5.7,2630,2727.0,2.1,0.1,488,RS転換0日目 / 高値圏かつ未過熱 / 買い出来高優勢 / MA上昇配列 / パーフェクトオーダー / 52週高値目前
2053,中部飼料,食料品,27.5,27.5,1,227,★☆☆☆☆,0.0,14.0,0,2.5,0.0,0.0,0.0,13.5,0.0,0.0,0.0,,,0.0,5.1,1.6,2.8,1958,2025.0,-0.4,0.1,112,RS転換0日目 / 高値圏かつ未過熱 / MA上昇配列 / パーフェクトオーダー / 52週高値目前
2269,明治ホールディングス,食料品,27.5,27.5,1,228,★☆☆☆☆,0.0,11.0,16,2.4,0.0,4.3,0.0,12.2,0.0,0.0,0.0,,,0.0,17.7,1.9,9.7,4360,4536.0,3.8,0.1,5391,高値圏かつ未過熱 / 買い出来高優勢 / MA上昇配列 / パーフェクトオーダー / 52週高値目前
8377,ほくほくフィナンシャルグループ,銀行業,27.5,27.5,1,229,★☆☆☆☆,0.0,16.0,2,7.4,0.0,2.0,0.0,9.5,0.0,0.0,0.0,,,0.0,8.8,3.2,3.5,7755,8277.0,4.3,0.1,3399,RS転換2日目 / RS加速+7.4 / 高値圏かつ未過熱 / MA上昇配列 / パーフェクトオーダー
7278,エクセディ,輸送用機器,27.5,27.5,1,230,★☆☆☆☆,0.0,12.0,0,-1.3,0.0,2.0,0.0,13.5,0.0,0.0,0.0,,,0.0,1.7,1.3,2.6,6094,6260.0,0.6,0.2,1052,RS転換0日目 / 高値圏かつ未過熱 / MA上昇配列 / パーフェクトオーダー / 52週高値目前
7239,タチエス,輸送用機器,27.5,27.5,1,231,★☆☆☆☆,0.0,12.0,0,-3.4,0.0,2.0,0.0,13.5,0.0,0.0,0.0,,,0.0,3.4,1.4,3.6,2318,2385.0,1.5,0.1,191,RS転換0日目 / 高値圏かつ未過熱 / MA上昇配列 / パーフェクトオーダー / 52週高値目前
9513,電源開発,電気・ガス業,27.5,27.5,1,232,★☆☆☆☆,0.0,16.0,0,5.1,0.0,2.0,0.0,9.5,0.0,0.0,0.0,,,0.0,7.3,1.7,6.1,4010,4153.0,4.5,0.1,2000,RS転換0日目 / RS加速+5.1 / 高値圏かつ未過熱 / MA上昇配列 / パーフェクトオーダー / RSI過熱(87)⚠
8524,北洋銀行,銀行業,27.5,27.5,1,233,★☆☆☆☆,0.0,16.0,2,10.1,0.0,2.0,0.0,9.5,0.0,0.0,0.0,,,0.0,9.7,2.8,4.2,1219,1292.0,5.1,0.1,2031,RS転換2日目 / RS加速+10.1 / 高値圏かつ未過熱 / MA上昇配列 / パーフェクトオーダー
8057,内田洋行,卸売業,27.5,27.5,1,234,★☆☆☆☆,0.0,16.0,1,3.1,0.0,2.0,0.0,9.5,0.0,0.0,0.0,,,0.0,8.3,1.6,8.7,2284,2361.0,6.4,0.1,253,RS転換1日目 / RS加速+3.1 / 高値圏かつ未過熱 / MA上昇配列 / パーフェクトオーダー / RSI過熱(87)⚠
2730,エディオン,小売業,27.5,27.5,1,235,★☆☆☆☆,0.0,16.0,0,4.7,0.0,2.0,0.0,9.5,0.0,0.0,0.0,,,0.0,4.2,1.7,2.3,2486,2573.0,2.1,0.1,682,RS転換0日目 / RS加速+4.7 / 高値圏かつ未過熱 / MA上昇配列 / パーフェクトオーダー
1939,四電工,建設業,27.5,27.5,1,236,★☆☆☆☆,0.0,11.5,34,5.0,0.0,1.0,0.0,15.0,0.0,0.0,0.0,,,0.0,11.3,2.0,8.3,2182,2274.0,6.1,0.1,187,RS加速+5.0 / 高値圏かつ未過熱 / MA上昇配列 / パーフェクトオーダー / 52週高値ブレイク!
4114,日本触媒,化学,27.4,27.400000000000002,1,237,★☆☆☆☆,0.0,9.5,33,0.3,0.0,5.3,0.0,11.0,0.0,1.6,0.0,,,0.0,22.3,2.3,8.9,2560,2682.0,1.3,0.1,2678,高値圏かつ未過熱 / 買い出来高優勢 / 資金流入増 / MA上昇配列 / パーフェクトオーダー / 52週高値目前 / 開示[新工場](5日前)
9692,シーイーシー,情報・通信業,27.4,27.4,1,238,★☆☆☆☆,0.0,9.5,37,0.7,0.0,3.3,0.0,13.7,0.0,0.9,0.0,,,0.0,12.9,2.3,9.6,2454,2573.0,3.3,0.1,274,高値圏かつ未過熱 / 買い出来高優勢 / MA上昇配列 / パーフェクトオーダー / 52週高値ブレイク! / 開示[上方修正](11日前)
5702,大紀アルミニウム工業所,非鉄金属,27.3,27.3,1,239,★☆☆☆☆,0.0,11.0,25,1.3,0.0,4.3,0.0,12.0,0.0,0.0,0.0,,,0.0,28.2,3.5,9.9,1792,1928.0,1.4,0.1,718,高値圏かつ未過熱 / 買い出来高優勢 / MA上昇配列 / パーフェクトオーダー
1951,エクシオグループ,建設業,27.3,27.3,1,240,★☆☆☆☆,0.0,18.0,0,3.9,0.0,3.3,0.0,6.0,0.0,0.0,0.0,,,0.0,0.8,1.8,2.8,2594,2690.5,3.7,0.1,1481,RS転換0日目 / RS加速+3.9 / 25MA上抜け3日目 / 高値圏かつ未過熱 / 買い出来高優勢
4733,オービックビジネスコンサルタント,情報・通信業,27.3,27.3,1,241,★☆☆☆☆,0.0,14.0,0,0.5,0.0,3.3,0.0,10.0,0.0,0.0,0.0,,,0.0,8.3,2.4,8.1,8401,8828.0,5.8,0.1,1600,RS転換0日目 / 高値圏かつ未過熱 / 買い出来高優勢 / MA上昇配列
9268,オプティマスグループ,卸売業,27.3,27.3,1,242,★☆☆☆☆,0.0,12.0,0,1.5,0.0,5.3,0.0,10.0,0.0,0.0,0.0,,,0.0,2.1,2.5,3.1,415,437.0,4.5,0.1,157,RS転換0日目 / 25MA上抜け2日目 / 買い出来高優勢 / 資金流入増 / MA上昇配列 / パーフェクトオーダー
417A,ブルーゾーンホールディングス,小売業,27.3,27.3,1,243,★☆☆☆☆,0.0,12.0,0,-4.0,0.0,3.3,0.0,12.0,0.0,0.0,0.0,,,0.0,1.8,1.7,2.5,1793,1855.5,-0.8,0.1,465,RS転換0日目 / 高値圏かつ未過熱 / 買い出来高優勢 / MA上昇配列 / パーフェクトオーダー
7716,ナカニシ,精密機器,27.3,27.3,1,244,★☆☆☆☆,0.0,16.0,0,2.6,0.0,4.3,0.0,7.0,0.0,0.0,0.0,,,0.0,2.8,3.4,0.8,2965,3180.0,2.3,0.1,952,RS転換0日目 / 25MA上抜け4日目 / 高値圏かつ未過熱 / 買い出来高優勢 / MA上昇配列 / パーフェクトオーダー / 開示[自己株式の取得](14日前)
2175,エス・エム・エス,サービス業,27.3,27.3,1,245,★☆☆☆☆,0.0,14.0,1,13.7,0.0,3.3,0.0,10.0,0.0,0.0,0.0,,,0.0,11.7,2.8,8.2,2371,2510.0,5.9,0.1,1070,RS転換1日目 / RS加速+13.7 / 25MA上抜け6日目 / 買い出来高優勢 / MA上昇配列 / パーフェクトオーダー
8075,神鋼商事,卸売業,27.3,27.3,1,246,★☆☆☆☆,0.0,9.5,33,1.2,0.0,5.3,0.0,12.5,0.0,0.0,0.0,,,0.0,19.9,2.2,8.7,3002,3140.0,2.4,0.1,234,高値圏かつ未過熱 / 買い出来高優勢 / 資金流入増 / MA上昇配列 / パーフェクトオーダー / 52週高値ブレイク!
4170,Ｋａｉｚｅｎ　Ｐｌａｔｆｏｒｍ,情報・通信業,27.3,23.3,3,247,★☆☆☆☆,0.0,10.0,7,-26.3,0.0,5.3,0.0,8.0,0.0,0.0,0.0,,,0.0,16.8,16.0,5.6,94,139.0,-19.2,0.0,507,RS転換7日目 / 25MA上抜け7日目 / 買い出来高優勢 / 資金流入増 / MA上昇配列
6301,小松製作所,機械,27.2,27.2,1,248,★☆☆☆☆,0.0,14.0,0,-4.9,0.0,1.0,0.0,12.2,0.0,0.0,0.0,,,0.0,5.3,2.5,4.1,7135,7506.0,1.2,0.1,18312,RS転換0日目 / 25MA上抜け7日目 / 高値圏かつ未過熱 / MA上昇配列 / パーフェクトオーダー / 52週高値目前
6676,ＢＵＦＦＡＬＯ,電気機器,27.2,27.2,1,249,★☆☆☆☆,0.0,11.5,34,7.8,0.0,2.0,0.0,13.7,0.0,0.0,0.0,,,0.0,13.5,2.3,11.0,3022,3165.0,9.0,0.2,118,RS加速+7.8 / 高値圏かつ未過熱 / MA上昇配列 / パーフェクトオーダー / 52週高値ブレイク!
1822,大豊建設,建設業,27.2,27.2,1,250,★☆☆☆☆,0.0,14.0,0,1.5,0.0,1.0,0.0,10.7,0.0,1.5,0.0,,,0.0,3.5,1.2,5.0,818,839.0,4.0,0.4,117,RS転換0日目 / 高値圏かつ未過熱 / MA上昇配列 / パーフェクトオーダー / 開示[資本業務提携](7日前)
8078,阪和興業,卸売業,27.0,27.0,1,251,★☆☆☆☆,0.0,11.5,32,3.6,0.0,2.0,0.0,13.5,0.0,0.0,0.0,,,0.0,10.4,2.1,6.8,1839,1918.0,3.0,0.2,787,RS加速+3.6 / 高値圏かつ未過熱 / MA上昇配列 / パーフェクトオーダー / 52週高値目前
9075,福山通運,陸運業,27.0,27.0,1,252,★☆☆☆☆,0.0,14.0,0,2.6,0.0,1.0,0.0,12.0,0.0,0.0,0.0,,,0.0,6.4,2.4,4.8,6164,6470.0,0.6,0.1,640,RS転換0日目 / 高値圏かつ未過熱 / MA上昇配列 / パーフェクトオーダー
9037,ハマキョウレックス,陸運業,27.0,27.0,1,253,★☆☆☆☆,0.0,12.0,0,-2.3,0.0,3.0,0.0,12.0,0.0,0.0,0.0,,,0.0,0.0,1.7,1.4,1809,1872.0,0.3,0.1,250,RS転換0日目 / 高値圏かつ未過熱 / MA上昇配列 / パーフェクトオーダー
4258,網屋,情報・通信業,27.0,27.0,1,254,★☆☆☆☆,0.0,16.0,0,1.6,0.0,1.0,0.0,7.2,0.0,2.8,0.0,,,0.0,3.2,6.8,1.5,3939,4560.0,4.1,0.1,265,RS転換0日目 / 25MA上抜け1日目 / 高値圏かつ未過熱 / MA上昇配列 / パーフェクトオーダー / 開示[資本業務提携](1日前)
9468,ＫＡＤＯＫＡＷＡ,情報・通信業,27.0,27.0,1,255,★☆☆☆☆,0.0,14.0,0,4.2,0.0,2.0,0.0,11.0,0.0,0.0,0.0,,,0.0,7.3,2.4,6.2,3614,3794.0,4.3,0.1,1597,RS転換0日目 / RS加速+4.2 / 25MA上抜け5日目 / MA上昇配列 / パーフェクトオーダー
3771,システムリサーチ,情報・通信業,27.0,27.0,1,256,★☆☆☆☆,0.0,12.0,0,-3.1,0.0,3.0,0.0,12.0,0.0,0.0,0.0,,,0.0,5.5,2.3,5.0,1886,1975.0,-0.2,0.2,114,RS転換0日目 / 高値圏かつ未過熱 / MA上昇配列 / パーフェクトオーダー
2154,オープンアップグループ,サービス業,27.0,27.0,1,257,★☆☆☆☆,0.0,14.0,0,0.6,0.0,1.0,0.0,12.0,0.0,0.0,0.0,,,0.0,0.8,1.6,2.4,2004,2071.0,1.6,0.0,306,RS転換0日目 / 高値圏かつ未過熱 / MA上昇配列 / パーフェクトオーダー
7327,第四北越フィナンシャルグループ,銀行業,27.0,27.0,1,258,★☆☆☆☆,0.0,11.5,36,8.7,0.0,2.0,0.0,13.5,0.0,0.0,0.0,,,0.0,10.4,2.5,7.0,2466,2595.0,6.3,0.1,1887,RS加速+8.7 / 高値圏かつ未過熱 / MA上昇配列 / パーフェクトオーダー / 52週高値目前
1899,福田組,建設業,27.0,24.3,3,259,★☆☆☆☆,0.0,9.5,34,0.9,0.0,5.3,0.0,9.5,0.0,0.0,0.0,,,0.0,23.3,3.7,7.9,4487,4850.0,0.4,0.0,386,高値圏かつ未過熱 / 買い出来高優勢 / 資金流入増 / MA上昇配列 / パーフェクトオーダー
7102,日本車輌製造,輸送用機器,27.0,25.0,3,260,★☆☆☆☆,0.0,14.0,2,7.9,0.0,2.0,0.0,9.0,0.0,0.0,0.0,,,0.0,8.2,2.5,3.5,3536,3725.0,-1.5,0.1,139,RS転換2日目 / RS加速+7.9 / 25MA上抜け7日目 / MA上昇配列
3612,ワールド,繊維製品,27.0,27.0,1,261,★☆☆☆☆,0.0,12.0,0,-3.9,0.0,3.0,0.0,12.0,0.0,0.0,0.0,,,0.0,1.6,1.6,1.4,1581,1632.0,-2.1,0.0,909,RS転換0日目 / 高値圏かつ未過熱 / 資金流入増 / MA上昇配列 / パーフェクトオーダー
8233,高島屋,小売業,27.0,27.0,1,262,★☆☆☆☆,0.0,14.0,0,-2.7,0.0,1.0,0.0,12.0,0.0,0.0,0.0,,,0.0,2.5,2.8,2.1,2226,2357.5,-0.3,0.1,3709,RS転換0日目 / 25MA上抜け7日目 / 高値圏かつ未過熱 / MA上昇配列 / パーフェクトオーダー
6727,ワコム,電気機器,27.0,27.0,1,263,★☆☆☆☆,0.0,18.0,0,5.2,0.0,2.0,0.0,7.0,0.0,0.0,0.0,,,0.0,7.2,2.3,6.4,812,852.0,6.9,0.1,402,RS転換0日目 / RS加速+5.2 / 25MA上抜け7日目 / 高値圏かつ未過熱
5218,オハラ,ガラス・土石製品,27.0,27.0,1,264,★☆☆☆☆,0.0,13.0,19,4.4,0.0,2.0,0.0,12.0,0.0,0.0,0.0,,,0.0,14.6,3.5,7.8,1561,1678.0,7.0,0.3,125,RS加速+4.4 / 高値圏かつ未過熱 / MA上昇配列 / パーフェクトオーダー
1860,戸田建設,建設業,27.0,27.0,1,265,★☆☆☆☆,0.0,18.0,0,3.7,0.0,1.0,0.0,8.0,0.0,0.0,0.0,,,0.0,2.2,1.6,3.5,1503,1553.0,1.9,0.1,1352,RS転換0日目 / RS加速+3.7 / 25MA上抜け5日目 / 高値圏かつ未過熱
6592,マブチモーター,電気機器,27.0,27.0,1,266,★☆☆☆☆,0.0,12.0,0,-1.7,0.0,3.0,0.0,12.0,0.0,0.0,0.0,,,0.0,5.2,2.5,4.3,1696,1785.5,2.1,0.1,2518,RS転換0日目 / 高値圏かつ未過熱 / MA上昇配列 / パーフェクトオーダー
6287,サトー,機械,27.0,27.0,1,267,★☆☆☆☆,0.0,9.5,33,2.9,0.0,4.0,0.0,13.5,0.0,0.0,0.0,,,0.0,15.2,2.7,7.3,2710,2868.0,3.8,0.0,484,高値圏かつ未過熱 / 資金流入増 / MA上昇配列 / パーフェクトオーダー / 52週高値目前
7189,西日本フィナンシャルホールディングス,銀行業,27.0,27.0,1,268,★☆☆☆☆,0.0,11.5,36,8.7,0.0,2.0,0.0,13.5,0.0,0.0,0.0,,,0.0,11.7,2.7,6.0,4595,4854.0,4.6,0.1,2027,RS加速+8.7 / 高値圏かつ未過熱 / MA上昇配列 / パーフェクトオーダー / 52週高値目前
9052,山陽電気鉄道,陸運業,27.0,27.0,1,269,★☆☆☆☆,0.0,14.0,0,-0.6,0.0,5.3,0.0,7.7,0.0,0.0,0.0,,,0.0,0.3,1.2,2.3,1999,2048.0,0.2,0.4,116,RS転換0日目 / 25MA上抜け10日目 / 高値圏かつ未過熱 / 買い出来高優勢 / 資金流入増 / MA上昇配列
7180,九州フィナンシャルグループ,銀行業,27.0,27.0,1,270,★☆☆☆☆,0.0,14.0,0,11.3,0.0,1.0,0.0,12.0,0.0,0.0,0.0,,,0.0,3.8,2.5,3.0,1493,1570.0,4.2,0.1,1663,RS転換0日目 / RS加速+11.3 / 高値圏かつ未過熱 / MA上昇配列 / パーフェクトオーダー
7269,スズキ,輸送用機器,27.0,27.0,1,271,★☆☆☆☆,0.0,16.0,0,0.2,0.0,1.0,0.0,10.0,0.0,0.0,0.0,,,0.0,6.8,2.3,9.8,2165,2270.0,6.7,0.1,14396,RS転換0日目 / 25MA上抜け7日目 / 高値圏かつ未過熱 / MA上昇配列
4684,オービック,情報・通信業,27.0,27.0,1,272,★☆☆☆☆,0.0,12.0,0,-1.5,0.0,3.3,0.0,8.7,0.0,3.0,0.0,,,0.0,11.3,2.4,10.2,4885,5126.0,7.1,0.2,6649,RS転換0日目 / 高値圏かつ未過熱 / 買い出来高優勢 / MA上昇配列 / 開示[自己株式の取得](0日前)
3569,セーレン,繊維製品,27.0,27.0,1,273,★☆☆☆☆,0.0,14.0,1,2.1,0.0,2.0,0.0,11.0,0.0,0.0,0.0,,,0.0,9.0,2.3,3.9,3371,3530.0,2.5,0.0,755,RS転換1日目 / 高値圏かつ未過熱 / MA上昇配列 / パーフェクトオーダー / 52週高値目前
1847,イチケン,建設業,26.8,26.8,1,274,★☆☆☆☆,0.0,11.5,33,6.2,0.0,4.3,0.0,11.0,0.0,0.0,0.0,,,0.0,29.8,2.1,10.3,3334,3480.0,0.9,0.4,163,RS加速+6.2 / 高値圏かつ未過熱 / 買い出来高優勢 / MA上昇配列 / パーフェクトオーダー / 52週高値目前
5802,住友電気工業,非鉄金属,26.8,26.8,1,275,★☆☆☆☆,0.0,4.0,-1,12.5,18.1,2.0,0.0,2.7,0.0,0.0,0.0,,,0.0,-1.7,4.9,-1.6,1976,2189.5,1.8,0.1,50577,RS加速+12.5 / 光通信・電線(+6.0%)
7832,バンダイナムコホールディングス,その他製品,26.8,26.8,1,276,★☆☆☆☆,0.0,7.5,37,-9.5,0.0,4.3,0.0,15.0,0.0,0.0,0.0,,,0.0,23.9,2.8,12.3,5473,5800.0,4.7,0.1,16058,高値圏かつ未過熱 / 買い出来高優勢 / MA上昇配列 / パーフェクトオーダー / 52週高値ブレイク!
1969,高砂熱学工業,建設業,26.7,26.7,1,277,★☆☆☆☆,0.0,10.0,0,5.1,9.7,2.0,0.0,5.0,0.0,0.0,0.0,,,0.0,0.8,2.8,2.7,4138,4384.0,1.9,0.1,2915,RS転換0日目 / RS加速+5.1 / AIデータセンター・電力(+1.9%)
3048,ビックカメラ,小売業,26.7,26.7,1,278,★☆☆☆☆,0.0,12.0,0,-0.9,0.0,4.0,0.0,10.7,0.0,0.0,0.0,,,0.0,2.2,1.6,3.3,1735,1793.5,1.1,0.0,2048,RS転換0日目 / 高値圏かつ未過熱 / 資金流入増 / MA上昇配列 / パーフェクトオーダー
8133,伊藤忠エネクス,卸売業,26.7,26.7,1,279,★☆☆☆☆,0.0,12.0,0,-3.0,0.0,1.0,0.0,13.7,0.0,0.0,0.0,,,0.0,4.5,1.8,7.0,2228,2310.0,2.5,0.2,248,RS転換0日目 / 高値圏かつ未過熱 / MA上昇配列 / パーフェクトオーダー / 52週高値ブレイク!
3148,クリエイトＳＤホールディングス,小売業,26.7,26.7,1,280,★☆☆☆☆,0.0,14.0,0,-0.6,0.0,2.0,0.0,10.7,0.0,0.0,0.0,,,0.0,0.7,1.3,1.5,3331,3420.0,-0.1,0.2,269,RS転換0日目 / 25MA上抜け10日目 / 高値圏かつ未過熱 / MA上昇配列 / パーフェクトオーダー
4471,三洋化成工業,化学,26.7,26.7,1,281,★☆☆☆☆,0.0,13.0,30,3.6,0.0,4.0,0.0,9.7,0.0,0.0,0.0,,,0.0,30.4,2.6,9.7,6109,6440.0,2.1,0.0,1063,RS加速+3.6 / 高値圏かつ未過熱 / 資金流入増 / MA上昇配列 / パーフェクトオーダー / 52週高値目前
5445,東京鐵鋼,鉄鋼,26.7,26.7,1,282,★☆☆☆☆,0.0,16.0,0,4.0,0.0,2.0,0.0,8.7,0.0,0.0,0.0,,,0.0,6.2,1.4,4.4,2020,2080.0,3.2,0.1,199,RS転換0日目 / RS加速+4.0 / 高値圏かつ未過熱 / MA上昇配列
4005,住友化学,化学,26.7,26.7,1,283,★☆☆☆☆,0.0,18.0,1,10.2,0.0,2.0,0.0,6.7,0.0,0.0,0.0,,,0.0,11.6,2.8,11.7,559,592.0999755859375,6.9,0.2,7421,RS転換1日目 / RS加速+10.2 / 25MA上抜け6日目 / 高値圏かつ未過熱
9706,日本空港ビルデング,不動産業,26.6,26.6,1,284,★☆☆☆☆,0.0,10.0,0,-4.6,0.0,4.3,0.0,11.0,0.0,1.3,0.0,,,0.0,2.1,2.5,2.9,5605,5900.0,3.0,0.3,2277,RS転換0日目 / 25MA上抜け7日目 / 買い出来高優勢 / MA上昇配列 / パーフェクトオーダー / 開示[自己株式取得](8日前)
4768,大塚商会,情報・通信業,26.5,26.5,1,285,★☆☆☆☆,0.0,12.0,1,-6.8,0.0,1.0,0.0,13.5,0.0,0.0,0.0,,,0.0,9.2,2.2,5.9,3479,3640.0,2.4,0.1,4830,RS転換1日目 / 高値圏かつ未過熱 / MA上昇配列 / パーフェクトオーダー / 52週高値目前
7976,三菱鉛筆,その他製品,26.5,26.5,1,286,★☆☆☆☆,0.0,9.5,43,0.0,0.0,2.0,0.0,15.0,0.0,0.0,0.0,,,0.0,12.4,2.1,10.5,3039,3170.0,6.7,0.0,328,高値圏かつ未過熱 / MA上昇配列 / パーフェクトオーダー / 52週高値ブレイク!
8153,モスフードサービス,卸売業,26.5,26.5,1,287,★☆☆☆☆,0.0,14.0,0,-3.0,0.0,2.0,0.0,7.7,0.0,2.8,0.0,,,0.0,0.6,1.6,2.6,3831,3955.0,0.0,0.3,364,RS転換0日目 / 25MA上抜け8日目 / 高値圏かつ未過熱 / MA上昇配列 / 開示[自己株式の取得](1日前)
9888,ＵＥＸ,卸売業,26.5,26.5,1,288,★☆☆☆☆,0.0,11.5,37,9.5,0.0,3.0,0.0,12.0,0.0,0.0,0.0,,,0.0,26.4,3.3,12.2,1229,1316.0,8.6,0.1,134,RS加速+9.5 / 高値圏かつ未過熱 / 資金流入増 / MA上昇配列 / パーフェクトオーダー
367A,プリモグローバルホールディングス,小売業,26.5,26.5,1,289,★☆☆☆☆,0.0,16.0,1,3.1,0.0,1.0,0.0,9.5,0.0,0.0,0.0,,,0.0,8.1,2.1,8.5,2830,2957.0,8.9,0.2,145,RS転換1日目 / RS加速+3.1 / 高値圏かつ未過熱 / 52週高値目前
6988,日東電工,化学,26.5,26.5,1,290,★☆☆☆☆,0.0,18.0,0,3.0,0.0,2.0,0.0,5.2,0.0,1.3,0.0,,,0.0,4.1,2.2,2.1,3371,3529.0,3.6,0.1,8550,RS転換0日目 / RS加速+3.0 / 25MA上抜け1日目 / 高値圏かつ未過熱 / MA上昇配列 / 開示[自己株式の取得](8日前)
3087,ドトール・日レスホールディングス,小売業,26.5,26.5,1,291,★☆☆☆☆,0.0,12.0,0,-0.5,0.0,2.0,0.0,12.5,0.0,0.0,0.0,,,0.0,5.7,1.8,6.1,3288,3410.0,3.5,0.1,407,RS転換0日目 / 高値圏かつ未過熱 / MA上昇配列 / パーフェクトオーダー / 52週高値ブレイク! / RSI過熱(86)⚠
6135,牧野フライス製作所,機械,26.5,26.5,1,292,★☆☆☆☆,0.0,13.0,11,9.1,0.0,0.0,0.0,13.5,0.0,0.0,0.0,,,0.0,13.9,3.4,7.4,15030,16130.0,3.2,0.3,3262,RS加速+9.1 / 高値圏かつ未過熱 / MA上昇配列 / パーフェクトオーダー / 52週高値目前
3374,内外テック,卸売業,26.4,23.2,3,293,★☆☆☆☆,0.0,13.0,19,12.4,0.0,3.0,0.0,7.2,0.0,0.0,0.0,,,0.0,31.9,4.7,8.5,3771,4165.0,2.5,0.0,242,RS加速+12.4 / 高値圏かつ未過熱 / MA上昇配列 / パーフェクトオーダー
7746,岡本硝子,精密機器,26.4,23.3,3,294,★☆☆☆☆,0.0,14.0,1,12.0,0.0,3.3,0.0,6.0,0.0,0.0,0.0,,,0.0,8.2,3.1,6.1,741,791.0,6.9,0.2,327,RS転換1日目 / RS加速+12.0 / 25MA上抜け4日目 / 買い出来高優勢
8051,山善,卸売業,26.3,26.3,1,295,★☆☆☆☆,0.0,9.5,32,1.0,0.0,3.3,0.0,13.5,0.0,0.0,0.0,,,0.0,8.8,2.0,4.9,1887,1967.0,3.2,0.2,376,高値圏かつ未過熱 / 買い出来高優勢 / MA上昇配列 / パーフェクトオーダー / 52週高値目前
9336,大栄環境,サービス業,26.3,26.3,1,296,★☆☆☆☆,0.0,16.0,0,2.9,0.0,3.3,0.0,7.0,0.0,0.0,0.0,,,0.0,2.4,2.7,3.5,3696,3905.0,2.5,0.1,574,RS転換0日目 / 25MA上抜け6日目 / 高値圏かつ未過熱 / 買い出来高優勢
2229,カルビー,食料品,26.3,26.3,1,297,★☆☆☆☆,0.0,14.0,0,1.9,0.0,3.3,0.0,9.0,0.0,0.0,0.0,,,0.0,5.3,1.4,3.0,3029,3116.0,1.1,0.1,834,RS転換0日目 / 高値圏かつ未過熱 / 買い出来高優勢 / MA上昇配列
2170,リンクアンドモチベーション,サービス業,26.3,26.3,1,298,★☆☆☆☆,0.0,12.0,8,2.0,0.0,4.3,0.0,10.0,0.0,0.0,0.0,,,0.0,14.1,4.8,12.6,664,735.0,8.4,0.1,501,RS転換8日目 / 25MA上抜け10日目 / 買い出来高優勢 / MA上昇配列 / パーフェクトオーダー
5970,ジーテクト,金属製品,26.3,26.3,1,299,★☆☆☆☆,0.0,12.0,0,-4.0,0.0,3.3,0.0,11.0,0.0,0.0,0.0,,,0.0,7.0,1.7,4.3,2276,2358.0,-0.2,0.1,264,RS転換0日目 / 高値圏かつ未過熱 / 買い出来高優勢 / MA上昇配列 / パーフェクトオーダー / 52週高値目前
1719,安藤・間,建設業,26.3,26.3,1,300,★☆☆☆☆,0.0,14.0,0,1.3,0.0,3.3,0.0,9.0,0.0,0.0,0.0,,,0.0,4.5,1.3,3.9,1892,1942.0,1.9,0.1,1344,RS転換0日目 / 高値圏かつ未過熱 / 買い出来高優勢 / MA上昇配列
8242,エイチ・ツー・オー　リテイリング,小売業,26.3,26.3,1,301,★☆☆☆☆,0.0,12.0,0,-1.1,0.0,3.3,0.0,11.0,0.0,0.0,0.0,,,0.0,4.9,2.0,5.6,2937,3062.0,3.1,0.1,1231,RS転換0日目 / 高値圏かつ未過熱 / 買い出来高優勢 / MA上昇配列 / パーフェクトオーダー / 52週高値目前 / RSI過熱(85)⚠
4633,サカタインクス,化学,26.3,26.3,1,302,★☆☆☆☆,0.0,12.0,0,-1.3,0.0,3.3,0.0,11.0,0.0,0.0,0.0,,,0.0,5.3,2.0,3.0,2574,2682.0,0.5,0.0,445,RS転換0日目 / 高値圏かつ未過熱 / 買い出来高優勢 / MA上昇配列 / パーフェクトオーダー / 52週高値目前
6737,ＥＩＺＯ,電気機器,26.3,26.3,1,303,★☆☆☆☆,0.0,9.5,34,1.2,0.0,3.3,0.0,13.5,0.0,0.0,0.0,,,0.0,7.3,2.2,6.8,3028,3165.0,6.0,0.1,551,高値圏かつ未過熱 / 買い出来高優勢 / MA上昇配列 / パーフェクトオーダー / 52週高値目前
8008,ヨンドシーホールディングス,小売業,26.2,26.2,1,304,★☆☆☆☆,0.0,12.0,0,-3.4,0.0,2.0,0.0,12.2,0.0,0.0,0.0,,,0.0,4.0,1.6,4.3,2082,2152.0,0.2,0.2,228,RS転換0日目 / 高値圏かつ未過熱 / MA上昇配列 / パーフェクトオーダー / 52週高値目前
4188,三菱ケミカルグループ,化学,26.2,26.2,1,305,★☆☆☆☆,0.0,14.0,0,7.9,0.0,0.0,0.0,12.2,0.0,0.0,0.0,,,0.0,2.1,2.5,5.1,1175,1236.0,8.8,0.1,6336,RS転換0日目 / RS加速+7.9 / 高値圏かつ未過熱 / MA上昇配列 / パーフェクトオーダー / 52週高値目前
4062,イビデン,電気機器,26.2,21.7,3,306,★☆☆☆☆,0.0,9.0,17,12.6,6.0,2.0,0.0,4.7,0.0,0.0,0.0,,,0.0,19.4,6.5,7.8,17596,20210.0,7.5,0.1,155571,RS加速+12.6 / HBM・後工程(-2.0%)
5208,有沢製作所,化学,26.2,26.2,1,307,★☆☆☆☆,0.0,18.0,3,8.2,0.0,0.0,0.0,8.2,0.0,0.0,0.0,,,0.0,8.2,3.5,2.7,2499,2686.0,5.6,0.0,630,RS転換3日目 / RS加速+8.2 / 25MA上抜け2日目 / 高値圏かつ未過熱 / MA上昇配列 / パーフェクトオーダー
8150,三信電気,卸売業,26.2,26.2,1,308,★☆☆☆☆,0.0,11.5,34,8.1,0.0,3.0,0.0,11.7,0.0,0.0,0.0,,,0.0,13.9,2.2,9.8,3222,3370.0,9.1,0.1,207,RS加速+8.1 / 高値圏かつ未過熱 / MA上昇配列 / 52週高値ブレイク!
4027,テイカ,化学,26.2,26.2,1,309,★☆☆☆☆,0.0,14.0,4,8.6,0.0,0.0,0.0,12.2,0.0,0.0,0.0,,,0.0,7.3,3.3,4.1,2271,2430.0,4.3,0.1,128,RS転換4日目 / RS加速+8.6 / 高値圏かつ未過熱 / MA上昇配列 / パーフェクトオーダー / 52週高値目前
3563,ＦＯＯＤ　＆　ＬＩＦＥ　ＣＯＭＰＡＮＩＥＳ,小売業,26.2,26.2,1,310,★☆☆☆☆,0.0,18.0,0,3.3,0.0,0.0,0.0,8.2,0.0,0.0,0.0,,,0.0,4.6,3.6,3.2,5496,5928.0,6.3,0.1,12329,RS転換0日目 / RS加速+3.3 / 25MA上抜け4日目 / 高値圏かつ未過熱 / MA上昇配列 / パーフェクトオーダー
8697,日本取引所グループ,その他金融業,26.2,26.2,1,311,★☆☆☆☆,0.0,16.0,0,1.2,0.0,2.0,0.0,8.2,0.0,0.0,0.0,,,0.0,0.5,2.0,0.1,2159,2246.5,0.4,0.1,6271,RS転換0日目 / 25MA上抜け6日目 / 高値圏かつ未過熱 / MA上昇配列 / パーフェクトオーダー
4725,ＣＡＣ　Ｈｏｌｄｉｎｇｓ,情報・通信業,26.0,26.0,1,312,★☆☆☆☆,0.0,14.0,0,0.3,0.0,3.3,0.0,8.7,0.0,0.0,0.0,,,0.0,5.1,1.4,4.5,1925,1982.0,2.2,0.1,114,RS転換0日目 / 高値圏かつ未過熱 / 買い出来高優勢 / MA上昇配列
5943,ノーリツ,金属製品,26.0,26.0,1,313,★☆☆☆☆,0.0,12.0,0,-2.4,0.0,2.0,0.0,12.0,0.0,0.0,0.0,,,0.0,0.2,1.5,1.1,2355,2426.0,-0.1,0.1,195,RS転換0日目 / 高値圏かつ未過熱 / MA上昇配列 / パーフェクトオーダー
8622,水戸証券,証券、商品先物取引業,26.0,26.0,1,314,★☆☆☆☆,0.0,9.5,37,2.3,0.0,4.3,0.0,12.2,0.0,0.0,0.0,,,0.0,17.9,2.9,12.3,920,977.0,7.0,0.1,380,高値圏かつ未過熱 / 買い出来高優勢 / MA上昇配列 / パーフェクトオーダー / 52週高値目前
6810,マクセル,電気機器,26.0,26.0,1,315,★☆☆☆☆,0.0,13.0,28,13.0,0.0,0.0,0.0,13.0,0.0,0.0,0.0,,,0.0,24.0,2.7,10.2,2467,2607.0,9.5,0.1,714,RS加速+13.0 / 高値圏かつ未過熱 / MA上昇配列 / 52週高値ブレイク!
6412,平和,機械,26.0,26.0,1,316,★☆☆☆☆,0.0,12.0,0,-5.0,0.0,2.0,0.0,12.0,0.0,0.0,0.0,,,0.0,2.3,1.4,2.9,2168,2232.0,0.5,0.1,584,RS転換0日目 / 高値圏かつ未過熱 / MA上昇配列 / パーフェクトオーダー
1946,トーエネック,建設業,26.0,26.0,1,317,★☆☆☆☆,0.0,18.0,2,5.8,0.0,1.0,0.0,7.0,0.0,0.0,0.0,,,0.0,7.2,2.2,6.1,2141,2238.0,4.2,0.2,318,RS転換2日目 / RS加速+5.8 / 25MA上抜け7日目 / 高値圏かつ未過熱
2212,山崎製パン,食料品,26.0,26.0,1,318,★☆☆☆☆,0.0,14.0,0,2.5,0.0,2.0,0.0,10.0,0.0,0.0,0.0,,,0.0,10.4,2.1,6.7,3615,3776.0,2.8,0.1,2330,RS転換0日目 / 高値圏かつ未過熱 / MA上昇配列
6532,ベイカレント,サービス業,26.0,26.0,1,319,★☆☆☆☆,0.0,12.0,1,-3.6,0.0,2.0,0.0,12.0,0.0,0.0,0.0,,,0.0,14.5,3.2,11.7,7727,8247.0,6.7,0.1,7623,RS転換1日目 / 高値圏かつ未過熱 / MA上昇配列 / パーフェクトオーダー
7864,フジシールインターナショナル,その他製品,26.0,26.0,1,320,★☆☆☆☆,0.0,14.0,0,0.6,0.0,1.0,0.0,11.0,0.0,0.0,0.0,,,0.0,9.1,1.5,4.5,3259,3360.0,1.2,0.1,379,RS転換0日目 / 高値圏かつ未過熱 / MA上昇配列 / パーフェクトオーダー / 52週高値目前
6282,オイレス工業,機械,26.0,26.0,1,321,★☆☆☆☆,0.0,14.0,0,-1.9,0.0,1.0,0.0,11.0,0.0,0.0,0.0,,,0.0,1.5,1.3,1.8,2878,2955.0,1.2,0.4,215,RS転換0日目 / 25MA上抜け7日目 / 高値圏かつ未過熱 / MA上昇配列 / パーフェクトオーダー / 52週高値目前
8306,三菱ＵＦＪフィナンシャル・グループ,銀行業,26.0,26.0,1,322,★☆☆☆☆,0.0,14.0,0,9.2,0.0,0.0,0.0,12.0,0.0,0.0,0.0,,,0.0,0.5,2.3,2.0,3494,3661.0,5.2,0.1,122078,RS転換0日目 / RS加速+9.2 / 高値圏かつ未過熱 / MA上昇配列 / パーフェクトオーダー
9744,メイテックグループホールディングス,サービス業,26.0,26.0,1,323,★☆☆☆☆,0.0,14.0,0,0.0,0.0,3.3,0.0,8.7,0.0,0.0,0.0,,,0.0,1.5,1.1,3.5,3380,3456.0,2.9,0.1,1058,RS転換0日目 / 高値圏かつ未過熱 / 買い出来高優勢 / MA上昇配列
6947,図研,電気機器,26.0,26.0,1,324,★☆☆☆☆,0.0,12.0,0,-3.3,0.0,2.0,0.0,12.0,0.0,0.0,0.0,,,0.0,4.3,1.9,4.6,4946,5140.0,3.8,0.1,242,RS転換0日目 / 高値圏かつ未過熱 / MA上昇配列 / パーフェクトオーダー
4095,日本パーカライジング,化学,26.0,26.0,1,325,★☆☆☆☆,0.0,14.0,0,2.7,0.0,0.0,0.0,12.0,0.0,0.0,0.0,,,0.0,4.0,1.3,2.9,1714,1760.0,2.0,0.1,328,RS転換0日目 / 高値圏かつ未過熱 / MA上昇配列 / パーフェクトオーダー
7354,ダイレクトマーケティングミックス,サービス業,26.0,26.0,1,326,★☆☆☆☆,0.0,14.0,8,6.0,0.0,2.0,0.0,10.0,0.0,0.0,0.0,,,0.0,11.0,4.7,9.5,355,391.0,8.0,0.1,123,RS転換8日目 / RS加速+6.0 / 25MA上抜け9日目 / MA上昇配列 / パーフェクトオーダー
3221,ヨシックスホールディングス,小売業,26.0,26.0,1,327,★☆☆☆☆,0.0,12.0,0,-3.1,0.0,3.0,0.0,11.0,0.0,0.0,0.0,,,0.0,0.0,1.8,0.8,3194,3310.0,-1.9,0.1,102,RS転換0日目 / 高値圏かつ未過熱 / MA上昇配列 / パーフェクトオーダー
9504,中国電力,電気・ガス業,25.8,25.8,1,328,★☆☆☆☆,0.0,16.0,0,3.5,0.0,3.3,0.0,6.5,0.0,0.0,0.0,,,0.0,7.9,2.0,9.0,993,1033.5,5.4,0.2,1880,RS転換0日目 / RS加速+3.5 / 高値圏かつ未過熱 / 買い出来高優勢 / MA上昇配列 / RSI過熱(95)⚠
2607,不二製油,食料品,25.8,25.8,1,329,★☆☆☆☆,0.0,9.0,15,-2.7,0.0,3.3,0.0,13.5,0.0,0.0,0.0,,,0.0,15.2,2.3,7.5,4432,4645.0,1.6,0.1,1373,高値圏かつ未過熱 / 買い出来高優勢 / MA上昇配列 / パーフェクトオーダー / 52週高値目前
8255,アクシアル　リテイリング,小売業,25.7,25.7,1,330,★☆☆☆☆,0.0,14.0,0,-3.7,0.0,0.0,0.0,11.7,0.0,0.0,0.0,,,0.0,1.4,1.9,5.7,1262,1311.0,3.2,0.1,238,RS転換0日目 / 25MA上抜け9日目 / 高値圏かつ未過熱 / MA上昇配列 / 52週高値ブレイク!
3941,レンゴー,パルプ・紙,25.7,25.7,1,331,★☆☆☆☆,0.0,14.0,0,0.0,0.0,2.0,0.0,9.7,0.0,0.0,0.0,,,0.0,6.7,1.9,3.4,1558,1621.0,2.6,0.0,1535,RS転換0日目 / 高値圏かつ未過熱 / MA上昇配列 / パーフェクトオーダー / 52週高値目前
1942,関電工,建設業,25.7,25.7,1,332,★☆☆☆☆,0.0,10.0,0,14.9,9.7,1.0,0.0,5.0,0.0,0.0,0.0,,,0.0,3.9,2.6,2.8,5381,5682.0,5.2,0.1,5025,RS転換0日目 / RS加速+14.9 / AIデータセンター・電力(+1.9%)
5195,バンドー化学,ゴム製品,25.7,25.7,1,333,★☆☆☆☆,0.0,14.0,0,-3.8,0.0,2.0,0.0,9.7,0.0,0.0,0.0,,,0.0,1.3,1.9,2.4,2409,2503.0,1.8,0.0,148,RS転換0日目 / 25MA上抜け7日目 / 高値圏かつ未過熱 / MA上昇配列 / パーフェクトオーダー / 52週高値目前
6250,やまびこ,機械,25.7,25.7,1,334,★☆☆☆☆,0.0,11.5,37,4.8,0.0,2.0,0.0,12.2,0.0,0.0,0.0,,,0.0,11.8,2.7,7.0,4170,4410.0,5.9,0.1,447,RS加速+4.8 / 高値圏かつ未過熱 / MA上昇配列 / パーフェクトオーダー / 52週高値目前
2222,寿スピリッツ,食料品,25.5,25.5,1,335,★☆☆☆☆,0.0,12.0,1,-3.0,0.0,0.0,0.0,13.5,0.0,0.0,0.0,,,0.0,6.7,2.4,4.5,2628,2763.5,2.2,0.1,1283,RS転換1日目 / 高値圏かつ未過熱 / MA上昇配列 / パーフェクトオーダー / 52週高値目前
3950,ザ・パック,パルプ・紙,25.5,25.5,1,336,★☆☆☆☆,0.0,12.0,0,-0.0,0.0,0.0,0.0,13.5,0.0,0.0,0.0,,,0.0,2.5,1.7,2.8,1464,1516.0,0.7,0.1,161,RS転換0日目 / 高値圏かつ未過熱 / MA上昇配列 / パーフェクトオーダー / 52週高値目前
7989,立川ブラインド工業,金属製品,25.5,25.5,1,337,★☆☆☆☆,0.0,12.0,0,-2.5,0.0,0.0,0.0,13.5,0.0,0.0,0.0,,,0.0,0.6,1.5,2.0,2624,2703.0,-0.3,0.1,111,RS転換0日目 / 高値圏かつ未過熱 / MA上昇配列 / パーフェクトオーダー / 52週高値目前
9044,ＮＡＮＫＡＩ,陸運業,25.5,25.5,1,338,★☆☆☆☆,0.0,16.0,0,0.1,0.0,2.0,0.0,7.5,0.0,0.0,0.0,,,0.0,2.4,1.7,4.3,3018,3122.0,2.9,0.1,622,RS転換0日目 / 25MA上抜け9日目 / 高値圏かつ未過熱 / MA上昇配列 / RSI過熱(88)⚠
8364,清水銀行,銀行業,25.5,25.5,1,339,★☆☆☆☆,0.0,11.5,37,8.2,0.0,2.0,0.0,12.0,0.0,0.0,0.0,,,0.0,16.1,4.1,8.2,2904,3165.0,3.9,0.1,152,RS加速+8.2 / 高値圏かつ未過熱 / MA上昇配列 / パーフェクトオーダー
7241,フタバ産業,輸送用機器,25.5,25.5,1,340,★☆☆☆☆,0.0,12.0,0,-2.4,0.0,2.0,0.0,11.5,0.0,0.0,0.0,,,0.0,7.8,1.7,6.1,1099,1139.0,2.0,0.3,261,RS転換0日目 / 高値圏かつ未過熱 / MA上昇配列 / 52週高値目前
9900,サガミホールディングス,小売業,25.5,25.5,1,341,★☆☆☆☆,0.0,12.0,1,-0.0,0.0,1.0,0.0,12.5,0.0,0.0,0.0,,,0.0,10.6,3.0,7.9,1099,1168.0,8.6,0.2,269,RS転換1日目 / 高値圏かつ未過熱 / MA上昇配列 / パーフェクトオーダー / 52週高値ブレイク!
6323,ローツェ,機械,25.3,13.5,3,342,★☆☆☆☆,0.0,4.0,-1,7.6,6.0,2.0,0.0,1.5,0.0,0.0,0.0,,,0.0,-3.9,5.1,-3.4,3516,3912.0,-1.0,0.1,7865,RS加速+7.6 / 半導体製造装置(-3.9%)
8841,テーオーシー,不動産業,25.3,25.3,1,343,★☆☆☆☆,0.0,9.0,16,-6.0,0.0,5.3,0.0,11.0,0.0,0.0,0.0,,,0.0,9.8,3.5,5.3,964,1036.0,0.0,0.0,208,高値圏かつ未過熱 / 買い出来高優勢 / 資金流入増 / MA上昇配列 / パーフェクトオーダー
7014,名村造船所,輸送用機器,25.3,25.3,1,344,★☆☆☆☆,0.0,12.0,2,6.2,0.0,4.3,0.0,9.0,0.0,0.0,0.0,,,0.0,9.5,4.9,9.0,4366,4840.0,7.8,0.1,6583,RS転換2日目 / RS加速+6.2 / 買い出来高優勢 / MA上昇配列
4392,ＦＩＧ,情報・通信業,25.3,25.3,1,345,★☆☆☆☆,0.0,14.0,4,33.5,0.0,5.3,0.0,6.0,0.0,0.0,0.0,,,0.0,30.1,12.2,13.6,874,1156.0,16.2,0.1,7576,RS転換4日目 / RS加速+33.5 / 25MA上抜け2日目 / 買い出来高優勢 / 資金流入増
7810,クロスフォー,その他製品,25.3,25.3,1,346,★☆☆☆☆,0.0,14.0,3,19.3,0.0,5.3,0.0,6.0,0.0,0.0,0.0,,,0.0,13.7,5.6,11.9,151,170.0,16.4,0.1,336,RS転換3日目 / RS加速+19.3 / 25MA上抜け3日目 / 買い出来高優勢 / 資金流入増
8163,ＳＲＳホールディングス,小売業,25.2,25.2,1,347,★☆☆☆☆,0.0,12.0,1,-5.7,0.0,1.0,0.0,12.2,0.0,0.0,0.0,,,0.0,9.6,2.0,6.8,1537,1600.0,3.2,0.1,250,RS転換1日目 / 高値圏かつ未過熱 / MA上昇配列 / パーフェクトオーダー / 52週高値目前
6505,東洋電機製造,電気機器,25.2,25.2,1,348,★☆☆☆☆,0.0,16.0,0,1.4,0.0,1.0,0.0,8.2,0.0,0.0,0.0,,,0.0,2.1,2.0,1.9,2348,2446.0,0.8,0.1,101,RS転換0日目 / 25MA上抜け5日目 / 高値圏かつ未過熱 / MA上昇配列 / パーフェクトオーダー
6349,小森コーポレーション,機械,25.0,25.0,1,349,★☆☆☆☆,0.0,12.0,0,-13.9,0.0,2.0,0.0,11.0,0.0,0.0,0.0,,,0.0,7.4,1.9,6.4,1962,2040.0,0.7,0.1,393,RS転換0日目 / 高値圏かつ未過熱 / MA上昇配列 / パーフェクトオーダー / 52週高値目前
6166,中村超硬,機械,25.0,25.0,1,350,★☆☆☆☆,0.0,14.0,4,13.5,0.0,1.0,0.0,10.0,0.0,0.0,0.0,,,0.0,9.6,4.5,7.2,621,682.0,6.6,0.1,106,RS転換4日目 / RS加速+13.5 / 25MA上抜け5日目 / MA上昇配列 / パーフェクトオーダー
4765,ＳＢＩグローバルアセットマネジメント,サービス業,25.0,25.0,1,351,★☆☆☆☆,0.0,12.0,0,-5.2,0.0,2.0,0.0,11.0,0.0,0.0,0.0,,,0.0,2.7,1.9,5.7,625,650.0,4.8,0.1,197,RS転換0日目 / 高値圏かつ未過熱 / MA上昇配列 / パーフェクトオーダー
8043,スターゼン,卸売業,25.0,25.0,1,352,★☆☆☆☆,0.0,9.5,37,1.1,0.0,3.0,0.0,12.5,0.0,0.0,0.0,,,0.0,16.5,2.3,10.6,1521,1596.0,5.2,0.2,225,高値圏かつ未過熱 / MA上昇配列 / パーフェクトオーダー / 52週高値ブレイク! / RSI過熱(87)⚠
2327,日鉄ソリューションズ,情報・通信業,25.0,25.0,1,353,★☆☆☆☆,0.0,16.0,0,1.1,0.0,0.0,0.0,9.0,0.0,0.0,0.0,,,0.0,2.7,2.1,6.2,3922,4098.0,4.7,0.1,767,RS転換0日目 / 25MA上抜け7日目 / 高値圏かつ未過熱 / MA上昇配列
7735,ＳＣＲＥＥＮホールディングス,電気機器,25.0,19.7,2,354,★☆☆☆☆,0.0,10.0,2,21.4,6.0,1.0,0.0,2.7,0.0,0.0,0.0,,,0.0,3.0,4.5,-1.4,12023,13225.0,0.6,0.1,34887,RS転換2日目 / RS加速+21.4 / 半導体製造装置(-3.9%)
8179,ロイヤルホールディングス,小売業,25.0,25.0,1,355,★☆☆☆☆,0.0,14.0,0,-4.3,0.0,3.3,0.0,7.7,0.0,0.0,0.0,,,0.0,1.5,2.0,3.2,1323,1377.0,1.8,0.1,450,RS転換0日目 / 25MA上抜け7日目 / 高値圏かつ未過熱 / 買い出来高優勢 / MA上昇配列
4307,野村総合研究所,情報・通信業,25.0,25.0,1,356,★☆☆☆☆,0.0,14.0,0,10.8,0.0,2.0,0.0,9.0,0.0,0.0,0.0,,,0.0,12.4,3.0,6.9,5045,5362.0,5.4,0.1,12371,RS転換0日目 / RS加速+10.8 / 25MA上抜け7日目 / MA上昇配列
3636,三菱総合研究所,情報・通信業,25.0,25.0,1,357,★☆☆☆☆,0.0,14.0,0,1.0,0.0,2.0,0.0,9.0,0.0,0.0,0.0,,,0.0,6.5,1.8,7.2,5034,5220.0,4.2,0.1,221,RS転換0日目 / 高値圏かつ未過熱 / MA上昇配列 / 52週高値目前 / RSI過熱(88)⚠
7287,日本精機,輸送用機器,25.0,25.0,1,358,★☆☆☆☆,0.0,13.0,25,3.2,0.0,0.0,0.0,12.0,0.0,0.0,0.0,,,0.0,11.2,3.0,7.6,2595,2763.0,6.6,0.2,443,RS加速+3.2 / 高値圏かつ未過熱 / MA上昇配列 / パーフェクトオーダー
4628,エスケー化研,化学,25.0,25.0,1,359,★☆☆☆☆,0.0,14.0,0,4.7,0.0,4.0,0.0,7.0,0.0,0.0,0.0,,,0.0,4.5,1.8,4.3,9011,9350.0,2.4,0.1,152,RS転換0日目 / RS加速+4.7 / 25MA上抜け6日目 / 資金流入増
3101,東洋紡,化学,25.0,25.0,1,360,★☆☆☆☆,0.0,18.0,4,8.5,0.0,0.0,0.0,7.0,0.0,0.0,0.0,,,0.0,8.4,2.8,4.4,1584,1678.0,2.8,0.0,1120,RS転換4日目 / RS加速+8.5 / 25MA上抜け6日目 / 高値圏かつ未過熱
4694,ビー・エム・エル,サービス業,25.0,25.0,1,361,★☆☆☆☆,0.0,14.0,0,-0.0,0.0,2.0,0.0,9.0,0.0,0.0,0.0,,,0.0,0.8,1.5,2.4,3575,3685.0,1.4,0.1,225,RS転換0日目 / 25MA上抜け7日目 / 高値圏かつ未過熱 / MA上昇配列
8214,ＡＯＫＩホールディングス,小売業,25.0,25.0,1,362,★☆☆☆☆,0.0,14.0,0,-0.1,0.0,2.0,0.0,9.0,0.0,0.0,0.0,,,0.0,2.1,1.3,3.3,1747,1792.0,2.3,0.1,297,RS転換0日目 / 25MA上抜け7日目 / 高値圏かつ未過熱 / MA上昇配列 / 52週高値目前 / RSI過熱(88)⚠
6460,セガサミーホールディングス,機械,25.0,25.0,1,363,★☆☆☆☆,0.0,12.0,0,-0.5,0.0,2.0,0.0,11.0,0.0,0.0,0.0,,,0.0,11.0,2.7,10.2,2936,3106.0,9.1,0.1,2902,RS転換0日目 / 高値圏かつ未過熱 / MA上昇配列 / パーフェクトオーダー
6272,レオン自動機,機械,25.0,25.0,1,364,★☆☆☆☆,0.0,12.0,0,-0.0,0.0,1.0,0.0,12.0,0.0,0.0,0.0,,,0.0,1.9,1.2,3.0,1539,1578.0,1.8,0.1,106,RS転換0日目 / 高値圏かつ未過熱 / MA上昇配列 / パーフェクトオーダー
6238,フリュー,機械,25.0,25.0,1,365,★☆☆☆☆,0.0,14.0,0,-3.2,0.0,0.0,0.0,11.0,0.0,0.0,0.0,,,0.0,0.7,2.8,2.3,1344,1424.0,-0.3,0.1,145,RS転換0日目 / 25MA上抜け7日目 / 高値圏かつ未過熱 / MA上昇配列 / パーフェクトオーダー
8142,トーホー,卸売業,25.0,25.0,1,366,★☆☆☆☆,0.0,12.0,0,-2.4,0.0,2.0,0.0,11.0,0.0,0.0,0.0,,,0.0,4.0,1.6,3.1,1389,1436.0,-0.4,0.1,150,RS転換0日目 / 高値圏かつ未過熱 / MA上昇配列 / パーフェクトオーダー / 52週高値目前
8014,蝶理,卸売業,25.0,25.0,1,367,★☆☆☆☆,0.0,12.0,1,-0.9,0.0,3.0,0.0,10.0,0.0,0.0,0.0,,,0.0,8.5,1.9,4.9,4147,4315.0,-0.9,0.1,214,RS転換1日目 / 高値圏かつ未過熱 / MA上昇配列
8001,伊藤忠商事,卸売業,25.0,25.0,1,368,★☆☆☆☆,0.0,14.0,0,-1.8,0.0,1.0,0.0,10.0,0.0,0.0,0.0,,,0.0,4.9,2.3,5.0,2054,2153.0,1.7,0.2,24305,RS転換0日目 / 25MA上抜け7日目 / 高値圏かつ未過熱 / MA上昇配列
3097,物語コーポレーション,小売業,25.0,25.0,1,369,★☆☆☆☆,0.0,12.0,1,-9.2,0.0,2.0,0.0,11.0,0.0,0.0,0.0,,,0.0,4.6,3.3,5.1,5451,5840.0,1.9,0.1,1150,RS転換1日目 / 高値圏かつ未過熱 / MA上昇配列 / パーフェクトオーダー / 52週高値目前
7911,ＴＯＰＰＡＮホールディングス,その他製品,24.8,24.8,1,370,★☆☆☆☆,0.0,13.0,12,8.0,0.0,2.0,0.0,8.5,0.0,1.3,0.0,,,0.0,9.7,4.8,3.8,4575,5056.0,1.1,0.0,9075,RS加速+8.0 / 高値圏かつ未過熱 / MA上昇配列 / パーフェクトオーダー / 開示[株式分割](5日前)
9619,イチネンホールディングス,サービス業,24.8,24.8,1,371,★☆☆☆☆,0.0,9.5,35,0.9,0.0,4.3,0.0,11.0,0.0,0.0,0.0,,,0.0,13.6,1.5,6.7,2657,2739.0,1.0,0.1,114,高値圏かつ未過熱 / 買い出来高優勢 / MA上昇配列 / パーフェクトオーダー / 52週高値目前
5632,三菱製鋼,鉄鋼,24.8,24.8,1,372,★☆☆☆☆,0.0,11.0,27,1.7,0.0,4.3,0.0,9.5,0.0,0.0,0.0,,,0.0,11.2,3.1,5.6,2313,2468.0,2.2,0.1,280,高値圏かつ未過熱 / 買い出来高優勢 / MA上昇配列 / パーフェクトオーダー
4980,デクセリアルズ,化学,24.8,24.8,1,373,★☆☆☆☆,0.0,4.0,-1,11.6,18.1,0.0,0.0,2.7,0.0,0.0,0.0,,,0.0,-8.1,4.4,-1.2,2828,3103.0,6.9,0.1,5622,RS加速+11.6 / 光通信・電線(+6.0%)
6196,ストライクグループ,サービス業,24.8,24.8,1,374,★☆☆☆☆,0.0,14.0,0,7.0,0.0,1.0,0.0,8.0,0.0,1.8,0.0,,,0.0,7.5,2.0,7.9,1389,1448.0,6.2,0.3,434,RS転換0日目 / RS加速+7.0 / 25MA上抜け7日目 / MA上昇配列 / 開示[業績予想の修正](4日前)
2820,やまみ,食料品,24.8,24.8,1,375,★☆☆☆☆,0.0,7.5,32,-16.1,0.0,5.3,0.0,12.0,0.0,0.0,0.0,,,0.0,17.7,5.2,9.3,5354,5980.0,-4.8,0.9,128,高値圏かつ未過熱 / 買い出来高優勢 / 資金流入増 / MA上昇配列 / パーフェクトオーダー
2810,ハウス食品グループ本社,食料品,24.7,24.7,1,376,★☆☆☆☆,0.0,14.0,0,6.4,0.0,0.0,0.0,10.7,0.0,0.0,0.0,,,0.0,0.8,1.6,4.6,3856,3981.0,6.0,0.2,871,RS転換0日目 / RS加速+6.4 / 高値圏かつ未過熱 / MA上昇配列 / パーフェクトオーダー
8097,三愛オブリ,卸売業,24.7,24.7,1,377,★☆☆☆☆,0.0,14.0,0,2.1,0.0,2.0,0.0,8.7,0.0,0.0,0.0,,,0.0,5.1,1.4,5.5,2418,2489.0,2.7,0.2,197,RS転換0日目 / 高値圏かつ未過熱 / MA上昇配列
1982,日比谷総合設備,建設業,24.7,24.7,1,378,★☆☆☆☆,0.0,16.0,2,2.2,0.0,3.0,0.0,5.7,0.0,0.0,0.0,,,0.0,5.3,2.6,2.4,2833,2988.0,-0.9,0.1,333,RS転換2日目 / 25MA上抜け7日目 / 高値圏かつ未過熱
2353,日本駐車場開発,不動産業,24.7,24.7,1,379,★☆☆☆☆,0.0,14.0,1,0.5,0.0,2.0,0.0,8.7,0.0,0.0,0.0,,,0.0,7.0,1.8,3.2,258,268.0,-0.4,0.2,501,RS転換1日目 / 高値圏かつ未過熱 / MA上昇配列
5019,出光興産,石油・石炭製品,24.7,24.7,1,380,★☆☆☆☆,0.0,16.0,0,7.3,0.0,1.0,0.0,7.7,0.0,0.0,0.0,,,0.0,9.3,2.5,10.0,1386,1459.0,5.8,0.2,4727,RS転換0日目 / RS加速+7.3 / 高値圏かつ未過熱 / MA上昇配列
2121,ＭＩＸＩ,情報・通信業,24.7,24.7,1,381,★☆☆☆☆,0.0,9.5,37,0.6,0.0,3.0,0.0,12.2,0.0,0.0,0.0,,,0.0,25.1,2.3,10.7,3514,3680.0,3.4,0.1,1511,高値圏かつ未過熱 / MA上昇配列 / パーフェクトオーダー / 52週高値目前
8061,西華産業,卸売業,24.7,24.7,1,382,★☆☆☆☆,0.0,13.0,27,5.3,0.0,2.0,0.0,9.7,0.0,0.0,0.0,,,0.0,18.2,3.1,7.6,2961,3160.0,3.3,0.0,563,RS加速+5.3 / 高値圏かつ未過熱 / MA上昇配列 / パーフェクトオーダー
6309,巴工業,機械,24.7,24.7,1,383,★☆☆☆☆,0.0,12.0,8,-0.9,0.0,2.0,0.0,10.7,0.0,0.0,0.0,,,0.0,5.1,1.7,5.4,2004,2074.0,1.9,0.2,167,RS転換8日目 / 高値圏かつ未過熱 / MA上昇配列 / パーフェクトオーダー
2331,ＡＬＳＯＫ,サービス業,24.7,24.7,1,384,★☆☆☆☆,0.0,14.0,0,1.1,0.0,2.0,0.0,8.7,0.0,0.0,0.0,,,0.0,2.1,1.8,4.0,1177,1221.0,3.0,0.0,1453,RS転換0日目 / 高値圏かつ未過熱 / MA上昇配列
3863,日本製紙,パルプ・紙,24.7,24.7,1,385,★☆☆☆☆,0.0,14.0,0,11.4,0.0,1.0,0.0,9.7,0.0,0.0,0.0,,,0.0,0.3,3.1,1.1,1322,1408.0,3.3,0.0,1137,RS転換0日目 / RS加速+11.4 / 高値圏かつ未過熱 / MA上昇配列 / パーフェクトオーダー
6118,アイダエンジニアリング,機械,24.5,5.5,3,386,★☆☆☆☆,0.0,0.0,-1,-7.9,0.0,3.3,0.0,2.2,0.0,0.0,0.0,,,0.0,-3.2,3.2,-4.3,1103,1179.0,-6.4,0.9,171,買い出来高優勢
4044,セントラル硝子,化学,24.5,24.5,1,387,★☆☆☆☆,0.0,13.0,19,5.5,0.0,3.3,0.0,8.2,0.0,0.0,0.0,,,0.0,12.8,2.3,3.9,4361,4570.0,1.9,0.0,438,RS加速+5.5 / 高値圏かつ未過熱 / 買い出来高優勢 / MA上昇配列 / パーフェクトオーダー
9503,関西電力,電気・ガス業,24.5,24.5,1,388,★☆☆☆☆,0.0,15.0,0,8.6,0.0,2.0,0.0,10.5,0.0,0.0,-3.0,,,0.0,16.3,2.8,16.6,2727,2886.0,11.8,0.3,8057,RS転換0日目 / RS加速+8.6 / 25MA上抜け7日目 / MA上昇配列 / 52週高値ブレイク! / RSI過熱(89)⚠ / 伸びすぎ注意(25MA+17%)
9533,東邦瓦斯,電気・ガス業,24.5,24.5,1,389,★☆☆☆☆,0.0,18.0,0,6.3,0.0,2.0,0.0,4.5,0.0,0.0,0.0,,,0.0,5.6,1.6,5.6,1209,1249.5,2.4,0.5,967,RS転換0日目 / RS加速+6.3 / 25MA上抜け10日目 / 高値圏かつ未過熱 / RSI過熱(91)⚠
8070,東京産業,卸売業,24.5,24.5,1,390,★☆☆☆☆,0.0,11.5,34,6.4,0.0,5.3,0.0,7.7,0.0,0.0,0.0,,,0.0,16.6,2.8,10.3,929,984.0,4.9,0.1,130,RS加速+6.4 / 高値圏かつ未過熱 / 買い出来高優勢 / 資金流入増 / MA上昇配列
4396,システムサポートホールディングス,情報・通信業,24.5,24.5,1,391,★☆☆☆☆,0.0,11.5,40,3.8,0.0,5.3,0.0,7.7,0.0,0.0,0.0,,,0.0,27.9,4.4,14.3,1327,1453.0,5.6,0.0,193,RS加速+3.8 / 高値圏かつ未過熱 / 買い出来高優勢 / 資金流入増 / MA上昇配列
2207,ｍｅｉｔｏ,食料品,24.5,24.5,1,392,★☆☆☆☆,0.0,12.0,0,-1.2,0.0,3.0,0.0,9.5,0.0,0.0,0.0,,,0.0,7.6,3.1,3.0,3284,3500.0,0.7,0.3,174,RS転換0日目 / 高値圏かつ未過熱 / MA上昇配列 / パーフェクトオーダー
7480,スズデン,卸売業,24.5,24.5,1,393,★☆☆☆☆,0.0,9.5,44,0.6,0.0,4.0,0.0,11.0,0.0,0.0,0.0,,,0.0,42.6,3.3,13.9,3349,3585.0,2.7,0.1,386,高値圏かつ未過熱 / 資金流入増 / MA上昇配列 / パーフェクトオーダー / 52週高値目前
9716,乃村工藝社,サービス業,24.5,24.5,1,394,★☆☆☆☆,0.0,16.0,0,6.2,0.0,2.0,0.0,6.5,0.0,0.0,0.0,,,0.0,10.0,1.7,8.0,1246,1290.0,5.0,0.2,328,RS転換0日目 / RS加速+6.2 / 高値圏かつ未過熱 / MA上昇配列 / RSI過熱(89)⚠
8015,豊田通商,卸売業,24.5,24.5,1,395,★☆☆☆☆,0.0,9.0,30,-3.1,0.0,2.0,0.0,13.5,0.0,0.0,0.0,,,0.0,10.1,2.9,5.3,7094,7535.0,2.3,0.1,16039,高値圏かつ未過熱 / MA上昇配列 / パーフェクトオーダー / 52週高値目前
1870,矢作建設工業,建設業,24.5,24.5,1,396,★☆☆☆☆,0.0,11.5,33,4.9,0.0,4.3,0.0,8.7,0.0,0.0,0.0,,,0.0,15.5,1.6,9.7,2169,2241.0,4.2,0.1,336,RS加速+4.9 / 高値圏かつ未過熱 / 買い出来高優勢 / MA上昇配列
2124,ジェイエイシーリクルートメント,サービス業,24.5,24.5,1,397,★☆☆☆☆,0.0,14.0,0,0.6,0.0,3.0,0.0,7.5,0.0,0.0,0.0,,,0.0,6.6,3.4,4.9,954,1024.0,3.4,0.1,811,RS転換0日目 / 高値圏かつ未過熱 / MA上昇配列
2292,Ｓ　Ｆｏｏｄｓ,食料品,24.5,24.5,1,398,★☆☆☆☆,0.0,14.0,0,2.7,0.0,3.0,0.0,7.5,0.0,0.0,0.0,,,0.0,6.5,1.5,5.8,2836,2926.0,2.8,0.1,756,RS転換0日目 / 高値圏かつ未過熱 / MA上昇配列 / RSI過熱(87)⚠
9278,ブックオフグループホールディングス,小売業,24.5,24.5,1,399,★☆☆☆☆,0.0,12.0,1,-1.9,0.0,0.0,0.0,12.5,0.0,0.0,0.0,,,0.0,9.0,3.9,8.0,2881,3125.0,7.1,0.1,380,RS転換1日目 / 高値圏かつ未過熱 / MA上昇配列 / パーフェクトオーダー / 52週高値ブレイク!
7552,ハピネット,卸売業,24.5,24.5,1,400,★☆☆☆☆,0.0,7.5,44,-5.5,0.0,2.0,0.0,15.0,0.0,0.0,0.0,,,0.0,16.6,3.7,12.8,3639,3930.0,4.7,0.1,872,高値圏かつ未過熱 / MA上昇配列 / パーフェクトオーダー / 52週高値ブレイク!
6457,グローリー,機械,24.5,24.5,1,401,★☆☆☆☆,0.0,12.0,0,-4.8,0.0,3.0,0.0,9.5,0.0,0.0,0.0,,,0.0,3.2,2.4,1.4,4575,4810.0,-0.5,0.1,1084,RS転換0日目 / 高値圏かつ未過熱 / MA上昇配列 / パーフェクトオーダー
1879,新日本建設,建設業,24.5,24.5,1,402,★☆☆☆☆,0.0,9.0,29,-1.7,0.0,2.0,0.0,13.5,0.0,0.0,0.0,,,0.0,9.8,1.8,4.9,2276,2362.0,1.4,0.4,482,高値圏かつ未過熱 / 資金流入増 / MA上昇配列 / パーフェクトオーダー / 52週高値目前
166A,タスキホールディングス,不動産業,24.3,24.3,1,403,★☆☆☆☆,0.0,9.0,23,-6.1,0.0,3.3,0.0,12.0,0.0,0.0,0.0,,,0.0,5.4,3.0,4.2,1120,1191.0,-1.2,0.1,519,高値圏かつ未過熱 / 買い出来高優勢 / MA上昇配列 / パーフェクトオーダー
6071,ＩＢＪ,サービス業,24.3,24.3,1,404,★☆☆☆☆,0.0,8.0,10,-1.9,0.0,5.3,0.0,11.0,0.0,0.0,0.0,,,0.0,14.7,3.8,9.4,886,960.0,1.4,0.1,333,RS転換10日目 / 買い出来高優勢 / 資金流入増 / MA上昇配列 / パーフェクトオーダー
7456,松田産業,卸売業,24.3,24.3,1,405,★☆☆☆☆,0.0,9.0,25,3.1,0.0,4.3,0.0,11.0,0.0,0.0,0.0,,,0.0,29.2,4.6,10.8,6407,7060.0,0.3,0.1,1036,RS加速+3.1 / 買い出来高優勢 / MA上昇配列 / パーフェクトオーダー
4008,住友精化,化学,24.3,24.3,1,406,★☆☆☆☆,0.0,13.0,16,3.0,0.0,4.3,0.0,7.0,0.0,0.0,0.0,,,0.0,22.9,2.5,6.2,1451,1527.0,-1.3,0.1,421,RS加速+3.0 / 高値圏かつ未過熱 / 買い出来高優勢 / MA上昇配列 / パーフェクトオーダー
8399,琉球銀行,銀行業,24.3,24.3,1,407,★☆☆☆☆,0.0,11.5,37,7.0,0.0,3.3,0.0,9.5,0.0,0.0,0.0,,,0.0,7.9,3.4,3.9,3013,3235.0,5.4,0.1,436,RS加速+7.0 / 高値圏かつ未過熱 / 買い出来高優勢 / MA上昇配列 / パーフェクトオーダー
4118,カネカ,化学,24.3,24.3,1,408,★☆☆☆☆,0.0,11.5,31,3.0,0.0,3.3,0.0,9.5,0.0,0.0,0.0,,,0.0,7.4,2.3,4.0,5975,6257.0,1.2,0.1,1681,RS加速+3.0 / 高値圏かつ未過熱 / 買い出来高優勢 / MA上昇配列 / パーフェクトオーダー
6652,ＩＤＥＣ,電気機器,24.2,24.2,1,409,★☆☆☆☆,0.0,14.0,0,-4.0,0.0,2.0,0.0,8.2,0.0,0.0,0.0,,,0.0,4.5,2.8,4.6,3553,3765.0,4.9,0.1,437,RS転換0日目 / 25MA上抜け0日目 / 高値圏かつ未過熱 / MA上昇配列 / パーフェクトオーダー
7630,壱番屋,小売業,24.2,24.2,1,410,★☆☆☆☆,0.0,13.0,0,19.7,0.0,7.7,0.0,8.5,0.0,0.0,-5.0,,,0.0,22.5,2.6,23.2,1093,1153.0,23.2,4.0,485,RS転換0日目 / RS加速+19.7 / 出来高急増4.0倍 / MA上昇配列 / パーフェクトオーダー / RSI過熱(94)⚠ / 過熱⚠25MA+23%
3091,ブロンコビリー,小売業,24.2,24.2,1,411,★☆☆☆☆,0.0,12.0,0,-2.9,0.0,0.0,0.0,12.2,0.0,0.0,0.0,,,0.0,5.9,2.6,7.6,2759,2907.0,3.9,0.1,222,RS転換0日目 / 高値圏かつ未過熱 / MA上昇配列 / パーフェクトオーダー / 52週高値目前
4203,住友ベークライト,化学,24.2,24.2,1,412,★☆☆☆☆,0.0,15.0,19,7.7,0.0,1.0,0.0,8.2,0.0,0.0,0.0,,,0.0,12.4,3.2,2.3,6976,7453.0,3.3,0.0,6800,RS加速+7.7 / 25MA上抜け5日目 / 高値圏かつ未過熱 / MA上昇配列 / パーフェクトオーダー
2659,サンエー,小売業,24.2,24.2,1,413,★☆☆☆☆,0.0,12.0,0,-2.9,0.0,0.0,0.0,12.2,0.0,0.0,0.0,,,0.0,2.3,1.4,2.2,3300,3395.0,0.4,0.1,382,RS転換0日目 / 高値圏かつ未過熱 / MA上昇配列 / パーフェクトオーダー / 52週高値目前
2109,ＤＭ三井製糖,食料品,24.2,24.2,1,414,★☆☆☆☆,0.0,12.0,0,-3.4,0.0,0.0,0.0,12.2,0.0,0.0,0.0,,,0.0,5.7,1.5,4.1,3586,3695.0,-0.8,0.1,155,RS転換0日目 / 高値圏かつ未過熱 / MA上昇配列 / パーフェクトオーダー / 52週高値目前
4825,ウェザーニューズ,情報・通信業,24.2,24.2,1,415,★☆☆☆☆,0.0,12.0,0,-5.3,0.0,3.3,0.0,8.0,0.0,0.9,0.0,,,0.0,3.1,2.1,4.4,2028,2117.0,0.4,0.1,403,RS転換0日目 / 高値圏かつ未過熱 / 買い出来高優勢 / 開示[AI](6日前)
6395,タダノ,機械,24.2,24.2,1,416,★☆☆☆☆,0.0,14.0,0,-0.7,0.0,2.0,0.0,8.2,0.0,0.0,0.0,,,0.0,2.9,2.6,1.8,1330,1403.0,0.9,0.1,546,RS転換0日目 / 25MA上抜け5日目 / 高値圏かつ未過熱 / MA上昇配列 / パーフェクトオーダー
6305,日立建機,機械,24.2,24.2,1,417,★☆☆☆☆,0.0,10.0,0,-5.8,0.0,3.0,0.0,11.0,0.0,0.2,0.0,,,0.0,5.0,3.2,2.9,5399,5769.0,-3.9,0.1,13761,RS転換0日目 / 25MA上抜け7日目 / 資金流入増 / MA上昇配列 / パーフェクトオーダー / 開示[自己株式取得](13日前)
2594,キーコーヒー,食料品,24.0,24.0,1,418,★☆☆☆☆,0.0,12.0,0,-2.0,0.0,3.3,0.0,8.7,0.0,0.0,0.0,,,0.0,0.2,0.8,1.7,2012,2044.0,0.3,0.0,143,RS転換0日目 / 高値圏かつ未過熱 / 買い出来高優勢 / MA上昇配列
9347,日本管財ホールディングス,サービス業,24.0,24.0,1,419,★☆☆☆☆,0.0,12.0,0,-2.8,0.0,2.0,0.0,10.0,0.0,0.0,0.0,,,0.0,1.0,1.2,1.8,2814,2886.0,-0.9,0.5,161,RS転換0日目 / 高値圏かつ未過熱 / MA上昇配列
5192,三ツ星ベルト,ゴム製品,24.0,24.0,1,420,★☆☆☆☆,0.0,14.0,0,1.3,0.0,3.0,0.0,7.0,0.0,0.0,0.0,,,0.0,7.3,1.7,3.5,4316,4465.0,1.4,0.0,382,RS転換0日目 / 高値圏かつ未過熱 / MA上昇配列 / パーフェクトオーダー
1721,コムシスホールディングス,建設業,24.0,24.0,1,421,★☆☆☆☆,0.0,16.0,0,2.1,0.0,1.0,0.0,7.0,0.0,0.0,0.0,,,0.0,2.5,1.8,3.6,5301,5502.0,2.6,0.1,2299,RS転換0日目 / 25MA上抜け5日目 / 高値圏かつ未過熱
2004,昭和産業,食料品,24.0,24.0,1,422,★☆☆☆☆,0.0,12.0,0,-1.7,0.0,1.0,0.0,11.0,0.0,0.0,0.0,,,0.0,4.8,1.5,4.6,3680,3790.0,1.1,0.1,168,RS転換0日目 / 高値圏かつ未過熱 / MA上昇配列 / パーフェクトオーダー / 52週高値目前 / RSI過熱(91)⚠
8739,スパークス・グループ,証券、商品先物取引業,24.0,24.0,1,423,★☆☆☆☆,0.0,9.5,34,2.7,0.0,1.0,0.0,13.5,0.0,0.0,0.0,,,0.0,13.7,1.9,6.0,2507,2608.0,4.2,0.3,305,高値圏かつ未過熱 / MA上昇配列 / パーフェクトオーダー / 52週高値目前
3197,すかいらーくホールディングス,小売業,24.0,24.0,1,424,★☆☆☆☆,0.0,12.0,0,-5.8,0.0,2.0,0.0,10.0,0.0,0.0,0.0,,,0.0,5.4,2.5,4.1,3207,3373.0,0.4,0.1,4004,RS転換0日目 / 高値圏かつ未過熱 / MA上昇配列
4552,ＪＣＲファーマ,医薬品,24.0,24.0,1,425,★☆☆☆☆,0.0,14.0,1,8.5,0.0,2.0,0.0,8.0,0.0,0.0,0.0,,,0.0,8.9,3.3,3.2,496,531.0,1.0,0.1,288,RS転換1日目 / RS加速+8.5 / 25MA上抜け9日目 / MA上昇配列
3284,フージャースホールディングス,不動産業,24.0,24.0,1,426,★☆☆☆☆,0.0,12.0,0,-0.5,0.0,3.0,0.0,9.0,0.0,0.0,0.0,,,0.0,6.1,1.3,4.7,1306,1341.0,0.7,0.1,254,RS転換0日目 / 高値圏かつ未過熱 / MA上昇配列 / 52週高値目前 / RSI過熱(85)⚠
7242,カヤバ,輸送用機器,24.0,24.0,1,427,★☆☆☆☆,0.0,12.0,0,-3.2,0.0,2.0,0.0,10.0,0.0,0.0,0.0,,,0.0,4.6,1.7,5.0,4656,4820.0,2.4,0.2,395,RS転換0日目 / 高値圏かつ未過熱 / MA上昇配列
1965,テクノ菱和,建設業,24.0,24.0,1,428,★☆☆☆☆,0.0,14.0,4,25.8,0.0,2.0,0.0,8.0,0.0,0.0,0.0,,,0.0,20.4,4.5,11.1,6264,6890.0,9.2,0.0,549,RS転換4日目 / RS加速+25.8 / 25MA上抜け6日目 / MA上昇配列
5186,ニッタ,ゴム製品,24.0,24.0,1,429,★☆☆☆☆,0.0,16.0,8,2.7,0.0,1.0,0.0,7.0,0.0,0.0,0.0,,,0.0,3.2,2.8,0.6,6340,6720.0,1.5,0.0,346,RS転換8日目 / 25MA上抜け4日目 / 高値圏かつ未過熱 / MA上昇配列 / パーフェクトオーダー
5021,コスモエネルギーホールディングス,石油・石炭製品,24.0,24.0,1,430,★☆☆☆☆,0.0,14.0,0,1.4,0.0,1.0,0.0,9.0,0.0,0.0,0.0,,,0.0,7.6,2.2,7.1,4172,4368.0,2.2,0.1,2201,RS転換0日目 / 高値圏かつ未過熱 / MA上昇配列
4666,パーク２４,不動産業,24.0,24.0,1,431,★☆☆☆☆,0.0,14.0,0,-1.3,0.0,1.0,0.0,9.0,0.0,0.0,0.0,,,0.0,1.1,1.7,1.9,1967,2036.5,0.6,0.9,1365,RS転換0日目 / 25MA上抜け0日目 / 高値圏かつ未過熱 / MA上昇配列
7453,良品計画,小売業,24.0,24.0,1,432,★☆☆☆☆,0.0,16.0,0,2.8,0.0,1.0,0.0,7.0,0.0,0.0,0.0,,,0.0,2.3,2.7,0.6,4103,4341.0,2.7,0.1,10886,RS転換0日目 / 25MA上抜け1日目 / 高値圏かつ未過熱 / MA上昇配列 / パーフェクトオーダー
4595,ミズホメディー,医薬品,24.0,24.0,1,433,★☆☆☆☆,0.0,12.0,0,-0.5,0.0,2.0,0.0,10.0,0.0,0.0,0.0,,,0.0,2.7,1.2,3.2,1714,1755.0,1.3,0.1,168,RS転換0日目 / 高値圏かつ未過熱 / MA上昇配列
2962,テクニスコ,金属製品,24.0,24.0,1,434,★☆☆☆☆,0.0,12.0,9,14.6,0.0,2.0,0.0,10.0,0.0,0.0,0.0,,,0.0,32.3,12.4,12.8,1194,1587.0,4.3,0.1,697,RS転換9日目 / RS加速+14.6 / MA上昇配列 / パーフェクトオーダー
2782,セリア,小売業,24.0,24.0,1,435,★☆☆☆☆,0.0,9.5,33,0.3,0.0,1.0,0.0,13.5,0.0,0.0,0.0,,,0.0,11.3,3.0,5.4,4099,4360.0,2.0,0.1,1522,高値圏かつ未過熱 / MA上昇配列 / パーフェクトオーダー / 52週高値目前
9889,ＪＢＣＣホールディングス,情報・通信業,24.0,24.0,1,436,★☆☆☆☆,0.0,12.0,1,-10.4,0.0,1.0,0.0,11.0,0.0,0.0,0.0,,,0.0,8.4,2.5,5.3,1693,1784.0,2.4,0.0,386,RS転換1日目 / 高値圏かつ未過熱 / MA上昇配列 / パーフェクトオーダー / 52週高値目前
7613,シークス,卸売業,24.0,24.0,1,437,★☆☆☆☆,0.0,11.5,33,3.3,0.0,4.3,0.0,8.2,0.0,0.0,0.0,,,0.0,13.3,2.6,3.6,1533,1618.0,3.5,0.1,443,RS加速+3.3 / 高値圏かつ未過熱 / 買い出来高優勢 / MA上昇配列 / パーフェクトオーダー
9699,ニシオホールディングス,サービス業,24.0,24.0,1,438,★☆☆☆☆,0.0,12.0,0,-3.0,0.0,2.0,0.0,10.0,0.0,0.0,0.0,,,0.0,7.4,1.8,4.4,4527,4700.0,1.0,0.2,257,RS転換0日目 / 高値圏かつ未過熱 / MA上昇配列
4413,ボードルア,情報・通信業,24.0,24.0,1,439,★☆☆☆☆,0.0,12.0,0,1.2,0.0,1.0,0.0,11.0,0.0,0.0,0.0,,,0.0,1.3,3.2,2.4,2777,2964.0,-0.5,0.2,1139,RS転換0日目 / 高値圏かつ未過熱 / MA上昇配列 / パーフェクトオーダー
4452,花王,化学,24.0,24.0,1,440,★☆☆☆☆,0.0,14.0,1,0.5,0.0,3.0,0.0,7.0,0.0,0.0,0.0,,,0.0,9.8,1.9,4.6,3513,3652.0,2.4,0.1,13978,RS転換1日目 / 高値圏かつ未過熱 / MA上昇配列 / パーフェクトオーダー
6098,リクルートホールディングス,サービス業,23.8,23.8,1,441,★☆☆☆☆,0.0,8.5,41,5.2,0.0,3.3,0.0,15.0,0.0,0.0,-3.0,,,0.0,40.8,3.3,19.0,16749,17915.0,8.5,0.1,62201,RS加速+5.2 / 買い出来高優勢 / MA上昇配列 / パーフェクトオーダー / 52週高値ブレイク! / 伸びすぎ注意(25MA+19%)
2146,ＵＴグループ,サービス業,23.8,23.8,1,442,★☆☆☆☆,0.0,9.5,34,0.0,0.0,4.3,0.0,10.0,0.0,0.0,0.0,,,0.0,27.9,3.1,13.7,224,239.0,2.1,0.1,1709,高値圏かつ未過熱 / 買い出来高優勢 / MA上昇配列
4045,東亞合成,化学,23.7,23.7,1,443,★☆☆☆☆,0.0,14.0,0,0.5,0.0,0.0,0.0,9.7,0.0,0.0,0.0,,,0.0,2.9,1.4,2.1,1833,1884.5,2.6,0.0,366,RS転換0日目 / 高値圏かつ未過熱 / MA上昇配列 / パーフェクトオーダー / 52週高値目前
2317,システナ,情報・通信業,23.7,23.7,1,444,★☆☆☆☆,0.0,16.0,0,4.5,0.0,0.0,0.0,7.7,0.0,0.0,0.0,,,0.0,8.5,2.0,6.3,445,464.0,3.8,0.1,436,RS転換0日目 / RS加速+4.5 / 高値圏かつ未過熱 / MA上昇配列
256A,飛島ホールディングス,建設業,23.7,23.7,1,445,★☆☆☆☆,0.0,14.0,0,0.0,0.0,2.0,0.0,7.7,0.0,0.0,0.0,,,0.0,3.2,1.6,3.7,2107,2177.0,0.7,0.1,431,RS転換0日目 / 高値圏かつ未過熱 / MA上昇配列
8410,セブン銀行,銀行業,23.7,23.7,1,446,★☆☆☆☆,0.0,12.0,0,-1.9,0.0,2.0,0.0,9.7,0.0,0.0,0.0,,,0.0,4.0,2.2,2.3,323,337.6000061035156,1.4,0.1,1941,RS転換0日目 / 高値圏かつ未過熱 / MA上昇配列 / パーフェクトオーダー / 52週高値目前
8053,住友商事,卸売業,23.7,23.7,1,447,★☆☆☆☆,0.0,9.0,30,-2.8,0.0,1.0,0.0,10.7,0.0,3.0,0.0,,,0.0,6.2,2.5,5.0,1717,1806.5,2.0,0.1,15900,高値圏かつ未過熱 / MA上昇配列 / パーフェクトオーダー / 開示[自己株式の取得](0日前)
2734,サーラコーポレーション,小売業,23.7,23.7,1,448,★☆☆☆☆,0.0,12.0,0,-1.8,0.0,2.0,0.0,9.7,0.0,0.0,0.0,,,0.0,5.8,1.6,3.9,1196,1235.0,-0.1,0.1,170,RS転換0日目 / 高値圏かつ未過熱 / MA上昇配列 / パーフェクトオーダー / 52週高値目前
7267,本田技研工業,輸送用機器,23.7,23.7,1,449,★☆☆☆☆,0.0,12.0,0,-7.8,0.0,2.0,0.0,9.7,0.0,0.0,0.0,,,0.0,4.6,2.8,3.8,1634,1732.0,-0.9,0.1,28418,RS転換0日目 / 高値圏かつ未過熱 / MA上昇配列 / パーフェクトオーダー / 52週高値目前
6376,日機装,精密機器,23.7,23.7,1,450,★☆☆☆☆,0.0,14.0,1,18.5,0.0,1.0,0.0,8.7,0.0,0.0,0.0,,,0.0,2.9,6.9,4.3,3396,3935.0,14.6,0.2,2526,RS転換1日目 / RS加速+18.5 / 高値圏かつ未過熱 / MA上昇配列 / パーフェクトオーダー
2652,まんだらけ,小売業,23.7,23.7,1,451,★☆☆☆☆,0.0,14.0,5,6.0,0.0,1.0,0.0,8.7,0.0,0.0,0.0,,,0.0,7.1,3.9,2.3,420,455.0,2.9,0.3,103,RS転換5日目 / RS加速+6.0 / 25MA上抜け4日目 / MA上昇配列 / パーフェクトオーダー
9832,オートバックスセブン,卸売業,23.6,23.6,1,452,★☆☆☆☆,0.0,12.0,0,-1.1,0.0,0.0,0.0,10.0,0.0,1.6,0.0,,,0.0,0.2,1.1,3.3,1554,1590.0,2.1,0.2,281,RS転換0日目 / 高値圏かつ未過熱 / MA上昇配列 / 開示[業績予想の修正](5日前)
2801,キッコーマン,食料品,23.5,23.5,1,453,★☆☆☆☆,0.0,12.0,0,-3.1,0.0,2.0,0.0,9.5,0.0,0.0,0.0,,,0.0,9.8,2.2,5.1,1760,1842.0,-0.2,0.1,6588,RS転換0日目 / 高値圏かつ未過熱 / MA上昇配列 / パーフェクトオーダー
8304,あおぞら銀行,銀行業,23.5,23.5,1,454,★☆☆☆☆,0.0,11.5,40,4.8,0.0,1.0,0.0,11.0,0.0,0.0,0.0,,,0.0,11.3,2.5,5.1,3271,3442.0,5.1,0.1,5110,RS加速+4.8 / 高値圏かつ未過熱 / MA上昇配列 / パーフェクトオーダー / 52週高値目前
8541,愛媛銀行,銀行業,23.5,23.5,1,455,★☆☆☆☆,0.0,12.0,2,-0.1,0.0,2.0,0.0,9.5,0.0,0.0,0.0,,,0.0,9.8,5.0,4.6,2798,3110.0,0.0,0.1,633,RS転換2日目 / 高値圏かつ未過熱 / MA上昇配列 / パーフェクトオーダー
9507,四国電力,電気・ガス業,23.5,23.5,1,456,★☆☆☆☆,0.0,7.5,33,-2.7,0.0,4.3,0.0,11.7,0.0,0.0,0.0,,,0.0,18.5,2.3,12.6,1915,2008.0,5.8,0.3,1722,高値圏かつ未過熱 / 買い出来高優勢 / MA上昇配列 / 52週高値ブレイク!
3371,ソフトクリエイトホールディングス,情報・通信業,23.5,23.5,1,457,★☆☆☆☆,0.0,12.0,0,-1.1,0.0,4.0,0.0,7.5,0.0,0.0,0.0,,,0.0,3.9,2.6,8.0,2098,2211.0,3.3,0.1,137,RS転換0日目 / 高値圏かつ未過熱 / 資金流入増 / MA上昇配列 / RSI過熱(95)⚠
4023,クレハ,化学,23.5,23.5,1,458,★☆☆☆☆,0.0,14.0,0,0.7,0.0,3.3,0.0,6.2,0.0,0.0,0.0,,,0.0,4.5,2.0,3.3,4389,4570.0,1.6,0.1,1140,RS転換0日目 / 高値圏かつ未過熱 / 買い出来高優勢 / MA上昇配列
9534,北海道瓦斯,電気・ガス業,23.5,23.5,1,459,★☆☆☆☆,0.0,16.0,1,5.5,0.0,0.0,0.0,7.5,0.0,0.0,0.0,,,0.0,9.9,1.6,8.5,836,864.0,5.4,0.1,111,RS転換1日目 / RS加速+5.5 / 高値圏かつ未過熱 / MA上昇配列 / RSI過熱(88)⚠
5715,古河機械金属,非鉄金属,23.4,23.4,1,460,★☆☆☆☆,0.0,7.0,27,2.5,0.0,4.3,0.0,8.0,0.0,4.1,0.0,,,0.0,23.2,4.6,11.5,4039,4450.0,1.8,0.1,1527,買い出来高優勢 / MA上昇配列 / 開示[自己株式の取得](4日前) / 開示[自己株式の取得](5日前)
8473,ＳＢＩホールディングス,証券、商品先物取引業,23.4,23.400000000000002,1,461,★☆☆☆☆,0.0,9.0,30,-4.6,0.0,3.3,0.0,9.0,0.0,2.1,0.0,,,0.0,7.0,2.8,7.2,3123,3310.0,3.7,0.1,11504,高値圏かつ未過熱 / 買い出来高優勢 / MA上昇配列 / 開示[資本業務提携](4日前)
4635,東京インキ,化学,23.3,23.3,1,462,★☆☆☆☆,0.0,8.5,44,6.0,0.0,5.3,0.0,12.5,0.0,0.0,-3.0,,,0.0,52.7,2.8,15.6,2042,2164.0,3.5,0.1,130,RS加速+6.0 / 買い出来高優勢 / 資金流入増 / MA上昇配列 / パーフェクトオーダー / 52週高値ブレイク! / 伸びすぎ注意(25MA+16%)
7729,東京精密,精密機器,23.3,9.0,3,463,★☆☆☆☆,0.0,0.0,-1,-0.5,6.0,2.0,0.0,1.0,0.0,0.0,0.0,,,0.0,-1.5,4.7,-2.5,15615,17250.0,-2.0,0.1,7913,HBM・後工程(-2.0%)
4483,ＪＭＤＣ,情報・通信業,23.3,23.3,1,464,★☆☆☆☆,0.0,12.0,1,7.9,0.0,3.3,0.0,8.0,0.0,0.0,0.0,,,0.0,12.4,3.3,6.9,3347,3580.0,5.6,0.1,1157,RS転換1日目 / RS加速+7.9 / 買い出来高優勢 / MA上昇配列
4151,協和キリン,医薬品,23.3,23.3,1,465,★☆☆☆☆,0.0,10.0,0,5.3,0.0,3.3,0.0,10.0,0.0,0.0,0.0,,,0.0,2.4,1.9,3.2,2568,2667.5,3.4,0.1,2734,RS転換0日目 / RS加速+5.3 / 買い出来高優勢 / MA上昇配列 / パーフェクトオーダー
6203,豊和工業,機械,23.3,23.3,1,466,★☆☆☆☆,0.0,14.0,8,10.5,0.0,3.3,0.0,6.0,0.0,0.0,0.0,,,0.0,11.4,3.0,7.1,1472,1566.0,6.7,0.1,271,RS転換8日目 / RS加速+10.5 / 25MA上抜け7日目 / 買い出来高優勢
8273,イズミ,小売業,23.3,23.3,1,467,★☆☆☆☆,0.0,10.0,0,-1.3,0.0,4.3,0.0,9.0,0.0,0.0,0.0,,,0.0,3.9,2.0,3.4,1003,1045.0,-0.5,0.1,841,RS転換0日目 / 25MA上抜け9日目 / 買い出来高優勢 / MA上昇配列
8130,サンゲツ,卸売業,23.2,23.2,1,468,★☆☆☆☆,0.0,12.0,0,-1.7,0.0,1.0,0.0,10.2,0.0,0.0,0.0,,,0.0,2.7,1.1,3.1,3168,3240.0,1.4,0.1,418,RS転換0日目 / 高値圏かつ未過熱 / MA上昇配列 / 52週高値目前
9119,飯野海運,海運業,23.2,23.2,1,469,★☆☆☆☆,0.0,11.5,33,3.2,0.0,3.0,0.0,8.7,0.0,0.0,0.0,,,0.0,18.2,2.7,10.6,1688,1785.0,2.4,0.1,514,RS加速+3.2 / 高値圏かつ未過熱 / MA上昇配列
2127,日本Ｍ＆Ａセンターホールディングス,サービス業,23.0,23.0,1,470,★☆☆☆☆,0.0,14.0,0,4.4,0.0,1.0,0.0,8.0,0.0,0.0,0.0,,,0.0,5.3,1.9,2.6,658,684.0999755859375,0.7,0.2,1312,RS転換0日目 / RS加速+4.4 / 25MA上抜け7日目 / MA上昇配列
8344,山形銀行,銀行業,23.0,23.0,1,471,★☆☆☆☆,0.0,11.5,44,13.2,0.0,2.0,0.0,9.5,0.0,0.0,0.0,,,0.0,17.8,4.5,5.1,4080,4480.0,5.7,0.2,586,RS加速+13.2 / 高値圏かつ未過熱 / MA上昇配列 / パーフェクトオーダー
4064,日本カーバイド工業,化学,23.0,23.0,1,472,★☆☆☆☆,0.0,16.0,0,1.1,0.0,0.0,0.0,7.0,0.0,0.0,0.0,,,0.0,3.8,2.6,1.4,3216,3390.0,-0.4,0.0,258,RS転換0日目 / 25MA上抜け7日目 / 高値圏かつ未過熱
4011,ヘッドウォータース,情報・通信業,23.0,23.0,1,473,★☆☆☆☆,0.0,12.0,10,4.5,0.0,3.0,0.0,8.0,0.0,0.0,0.0,,,0.0,24.5,5.5,14.3,2191,2460.0,4.7,0.1,116,RS転換10日目 / RS加速+4.5 / MA上昇配列
1926,ライト工業,建設業,23.0,23.0,1,474,★☆☆☆☆,0.0,14.0,0,4.8,0.0,2.0,0.0,7.0,0.0,0.0,0.0,,,0.0,1.1,1.4,2.8,3784,3890.0,3.2,0.1,534,RS転換0日目 / RS加速+4.8 / 高値圏かつ未過熱
4681,リゾートトラスト,サービス業,23.0,23.0,1,475,★☆☆☆☆,0.0,12.0,0,-4.1,0.0,1.0,0.0,10.0,0.0,0.0,0.0,,,0.0,4.2,2.5,4.3,1805,1901.0,1.8,0.1,1059,RS転換0日目 / 高値圏かつ未過熱 / MA上昇配列
4432,ウイングアーク１ｓｔ,情報・通信業,23.0,23.0,1,476,★☆☆☆☆,0.0,12.0,1,-7.3,0.0,3.3,0.0,7.7,0.0,0.0,0.0,,,0.0,9.0,2.6,9.7,3306,3485.0,6.2,0.1,730,RS転換1日目 / 高値圏かつ未過熱 / 買い出来高優勢 / MA上昇配列
7912,大日本印刷,その他製品,23.0,23.0,1,477,★☆☆☆☆,0.0,14.0,0,5.6,0.0,2.0,0.0,7.0,0.0,0.0,0.0,,,0.0,4.9,2.4,0.2,2973,3123.0,-1.2,0.0,4364,RS転換0日目 / RS加速+5.6 / 高値圏かつ未過熱 / MA上昇配列 / パーフェクトオーダー
2749,ＪＰホールディングス,サービス業,23.0,23.0,1,478,★☆☆☆☆,0.0,12.0,0,-0.5,0.0,2.0,0.0,9.0,0.0,0.0,0.0,,,0.0,3.8,2.1,4.7,644,673.0,2.3,0.2,181,RS転換0日目 / 高値圏かつ未過熱 / MA上昇配列
8871,ゴールドクレスト,不動産業,23.0,23.0,1,479,★☆☆☆☆,0.0,16.0,0,1.1,0.0,0.0,0.0,7.0,0.0,0.0,0.0,,,0.0,0.5,1.4,0.6,3232,3325.0,-0.9,0.0,165,RS転換0日目 / 25MA上抜け7日目 / 高値圏かつ未過熱
6104,芝浦機械,機械,23.0,23.0,1,480,★☆☆☆☆,0.0,14.0,0,14.9,0.0,2.0,0.0,7.0,0.0,0.0,0.0,,,0.0,6.4,2.8,4.3,4224,4470.0,0.6,0.0,637,RS転換0日目 / RS加速+14.9 / 高値圏かつ未過熱
4568,第一三共,医薬品,23.0,23.0,1,481,★☆☆☆☆,0.0,14.0,0,9.5,0.0,1.0,0.0,8.0,0.0,0.0,0.0,,,0.0,10.2,2.7,3.9,2725,2880.0,0.8,0.1,15699,RS転換0日目 / RS加速+9.5 / 25MA上抜け7日目 / MA上昇配列
8609,岡三証券グループ,証券、商品先物取引業,23.0,23.0,1,482,★☆☆☆☆,0.0,7.5,41,-0.4,0.0,3.3,0.0,12.2,0.0,0.0,0.0,,,0.0,8.9,2.5,9.4,1175,1236.0,5.7,0.1,534,高値圏かつ未過熱 / 買い出来高優勢 / MA上昇配列 / パーフェクトオーダー / 52週高値目前
3817,ＳＲＡホールディングス,情報・通信業,23.0,23.0,1,483,★☆☆☆☆,0.0,12.0,0,-0.8,0.0,2.0,0.0,9.0,0.0,0.0,0.0,,,0.0,5.4,1.9,4.1,4802,4995.0,2.6,0.0,173,RS転換0日目 / 高値圏かつ未過熱 / MA上昇配列
9869,加藤産業,卸売業,23.0,23.0,1,484,★☆☆☆☆,0.0,12.0,0,-0.9,0.0,1.0,0.0,10.0,0.0,0.0,0.0,,,0.0,3.7,1.8,3.6,6487,6730.0,2.1,0.1,203,RS転換0日目 / 高値圏かつ未過熱 / MA上昇配列
2811,カゴメ,食料品,23.0,23.0,1,485,★☆☆☆☆,0.0,14.0,0,4.3,0.0,1.0,0.0,8.0,0.0,0.0,0.0,,,0.0,3.7,1.4,2.7,2681,2759.5,1.4,0.1,824,RS転換0日目 / RS加速+4.3 / 25MA上抜け7日目 / MA上昇配列
4658,日本空調サービス,サービス業,23.0,23.0,1,486,★☆☆☆☆,0.0,14.0,0,4.4,0.0,1.0,0.0,8.0,0.0,0.0,0.0,,,0.0,0.1,1.4,4.5,1579,1626.0,4.6,0.8,143,RS転換0日目 / RS加速+4.4 / 高値圏かつ未過熱
336A,ダイナミックマッププラットフォーム,情報・通信業,23.0,23.0,1,487,★☆☆☆☆,0.0,14.0,1,28.0,0.0,8.0,0.0,6.0,0.0,0.0,-5.0,,,0.0,33.1,5.0,28.5,945,1051.0,26.2,8.1,253,RS転換1日目 / RS加速+28.0 / 25MA上抜け6日目 / 出来高急増8.1倍 / 買い出来高優勢 / 過熱⚠25MA+28%
8074,ＹＵＡＳＡ,卸売業,23.0,23.0,1,488,★☆☆☆☆,0.0,9.5,33,1.9,0.0,2.0,0.0,11.5,0.0,0.0,0.0,,,0.0,9.9,2.2,8.3,6217,6500.0,5.2,0.1,207,高値圏かつ未過熱 / MA上昇配列 / 52週高値目前
7942,ＪＳＰ,化学,23.0,23.0,1,489,★☆☆☆☆,0.0,9.0,30,-2.0,0.0,3.0,0.0,11.0,0.0,0.0,0.0,,,0.0,23.2,2.8,7.9,2991,3170.0,2.4,0.0,270,高値圏かつ未過熱 / 資金流入増 / MA上昇配列 / パーフェクトオーダー / 52週高値目前
5949,ユニプレス,輸送用機器,23.0,23.0,1,490,★☆☆☆☆,0.0,12.0,0,-3.3,0.0,1.0,0.0,10.0,0.0,0.0,0.0,,,0.0,0.6,1.6,3.6,1326,1371.0,1.8,0.2,206,RS転換0日目 / 高値圏かつ未過熱 / MA上昇配列
8031,三井物産,卸売業,23.0,23.0,1,491,★☆☆☆☆,0.0,14.0,0,3.2,0.0,0.0,0.0,6.0,0.0,3.0,0.0,,,0.0,1.6,2.0,4.6,4907,5113.0,3.2,0.2,26116,RS転換0日目 / RS加速+3.2 / 25MA上抜け6日目 / 開示[自己株式の取得](0日前)
6995,東海理化電機製作所,輸送用機器,23.0,23.0,1,492,★☆☆☆☆,0.0,12.0,0,2.4,0.0,1.0,0.0,10.0,0.0,0.0,0.0,,,0.0,0.1,1.9,3.9,3119,3240.0,3.2,0.1,328,RS転換0日目 / 高値圏かつ未過熱 / MA上昇配列
6306,日工,機械,23.0,23.0,1,493,★☆☆☆☆,0.0,12.0,0,-3.8,0.0,0.0,0.0,11.0,0.0,0.0,0.0,,,0.0,2.6,2.2,2.1,983,1027.0,-0.8,0.2,127,RS転換0日目 / 高値圏かつ未過熱 / MA上昇配列 / パーフェクトオーダー / 52週高値目前
8613,丸三証券,証券、商品先物取引業,23.0,23.0,1,494,★☆☆☆☆,0.0,7.5,34,-4.1,0.0,2.0,0.0,13.5,0.0,0.0,0.0,,,0.0,5.7,1.8,7.0,1263,1310.0,3.6,0.1,288,高値圏かつ未過熱 / MA上昇配列 / パーフェクトオーダー / 52週高値目前
1518,三井松島ホールディングス,その他製品,23.0,23.0,1,495,★☆☆☆☆,0.0,12.0,0,-0.1,0.0,0.0,0.0,11.0,0.0,0.0,0.0,,,0.0,0.2,1.9,3.0,2286,2377.0,4.3,0.1,883,RS転換0日目 / 高値圏かつ未過熱 / MA上昇配列 / パーフェクトオーダー / 52週高値目前
7381,ＣＣＩグループ,銀行業,23.0,23.0,1,496,★☆☆☆☆,0.0,11.5,37,10.4,0.0,2.0,0.0,9.5,0.0,0.0,0.0,,,0.0,12.8,3.3,5.6,1187,1271.0,5.9,0.1,515,RS加速+10.4 / 高値圏かつ未過熱 / MA上昇配列 / パーフェクトオーダー
7231,トピー工業,輸送用機器,23.0,23.0,1,497,★☆☆☆☆,0.0,12.0,0,-1.6,0.0,2.0,0.0,9.0,0.0,0.0,0.0,,,0.0,4.7,1.9,5.2,3015,3135.0,1.3,0.1,166,RS転換0日目 / 高値圏かつ未過熱 / MA上昇配列
6668,アドテック　プラズマ　テクノロジー,電気機器,23.0,23.0,1,498,★☆☆☆☆,0.0,13.0,9,31.6,0.0,1.0,0.0,12.0,0.0,0.0,-3.0,,,0.0,39.9,6.2,15.7,3551,4055.0,18.4,0.1,449,RS転換9日目 / RS加速+31.6 / MA上昇配列 / パーフェクトオーダー / 伸びすぎ注意(25MA+16%)
1938,日本リーテック,建設業,23.0,23.0,1,499,★☆☆☆☆,0.0,14.0,0,3.2,0.0,3.0,0.0,6.0,0.0,0.0,0.0,,,0.0,3.1,2.5,3.0,2420,2546.0,0.3,0.1,298,RS転換0日目 / RS加速+3.2 / 25MA上抜け6日目
2809,キユーピー,食料品,23.0,23.0,1,500,★☆☆☆☆,0.0,12.0,0,-2.2,0.0,0.0,0.0,11.0,0.0,0.0,0.0,,,0.0,2.8,1.6,2.3,4616,4772.0,0.2,0.1,1314,RS転換0日目 / 高値圏かつ未過熱 / MA上昇配列 / パーフェクトオーダー / 52週高値目前
5947,リンナイ,金属製品,23.0,23.0,1,501,★☆☆☆☆,0.0,12.0,0,1.5,0.0,2.0,0.0,9.0,0.0,0.0,0.0,,,0.0,0.1,1.5,1.3,3543,3656.0,2.7,0.1,1243,RS転換0日目 / 25MA上抜け1日目 / MA上昇配列
4958,長谷川香料,化学,23.0,23.0,1,502,★☆☆☆☆,0.0,12.0,0,-0.3,0.0,0.0,0.0,11.0,0.0,0.0,0.0,,,0.0,2.2,1.4,2.0,3291,3385.0,1.0,0.1,173,RS転換0日目 / 高値圏かつ未過熱 / MA上昇配列 / パーフェクトオーダー / 52週高値目前
6522,アスタリスク,電気機器,23.0,23.0,1,503,★☆☆☆☆,0.0,9.0,11,24.7,0.0,6.7,0.0,10.0,0.0,2.3,-5.0,,,0.0,53.9,8.9,25.0,1918,2335.0,16.3,2.1,3851,RS加速+24.7 / 出来高増2.1倍 / 買い出来高優勢 / MA上昇配列 / パーフェクトオーダー / 過熱⚠25MA+25% / 開示[業績予想の修正](1日前)
3291,飯田グループホールディングス,不動産業,23.0,23.0,1,504,★☆☆☆☆,0.0,12.0,0,-0.6,0.0,2.0,0.0,9.0,0.0,0.0,0.0,,,0.0,1.8,1.6,3.0,2298,2375.5,1.4,0.1,1260,RS転換0日目 / 高値圏かつ未過熱 / MA上昇配列
7246,プレス工業,輸送用機器,23.0,23.0,1,505,★☆☆☆☆,0.0,7.5,32,-2.3,0.0,3.0,0.0,12.5,0.0,0.0,0.0,,,0.0,16.0,1.7,7.9,984,1018.0,2.9,0.1,353,高値圏かつ未過熱 / MA上昇配列 / パーフェクトオーダー / 52週高値ブレイク!
6807,日本航空電子工業,電気機器,23.0,23.0,1,506,★☆☆☆☆,0.0,14.0,0,7.6,0.0,2.0,0.0,7.0,0.0,0.0,0.0,,,0.0,3.0,2.2,4.6,2386,2497.0,4.7,0.1,617,RS転換0日目 / RS加速+7.6 / 25MA上抜け4日目
3549,クスリのアオキホールディングス,小売業,23.0,23.0,1,507,★☆☆☆☆,0.0,12.0,0,-8.0,0.0,2.0,0.0,9.0,0.0,0.0,0.0,,,0.0,1.6,2.4,2.7,3961,4163.0,0.8,0.1,791,RS転換0日目 / 高値圏かつ未過熱 / MA上昇配列
8282,ケーズホールディングス,小売業,23.0,23.0,1,508,★☆☆☆☆,0.0,14.0,0,0.5,0.0,2.0,0.0,7.0,0.0,0.0,0.0,,,0.0,3.0,1.8,2.7,1909,1980.0,1.2,0.1,1303,RS転換0日目 / 高値圏かつ未過熱
4477,ＢＡＳＥ,情報・通信業,22.9,22.9,1,509,★☆☆☆☆,0.0,14.0,0,13.7,0.0,2.0,0.0,5.5,0.0,6.4,-5.0,,,0.0,18.3,3.2,20.7,343,367.0,17.3,0.4,225,RS転換0日目 / RS加速+13.7 / 25MA上抜け7日目 / MA上昇配列 / RSI過熱(90)⚠ / 過熱⚠25MA+21% / 開示[資本業務提携](4日前) / 開示[自己株式の取得](4日前)
8919,カチタス,不動産業,22.8,22.8,1,510,★☆☆☆☆,0.0,7.5,32,-0.3,0.0,4.3,0.0,11.0,0.0,0.0,0.0,,,0.0,9.5,3.1,7.0,3550,3785.0,2.9,0.1,811,高値圏かつ未過熱 / 買い出来高優勢 / MA上昇配列 / パーフェクトオーダー
4116,大日精化工業,化学,22.8,22.8,1,511,★☆☆☆☆,0.0,7.5,34,-3.8,0.0,4.3,0.0,11.0,0.0,0.0,0.0,,,0.0,22.3,2.3,8.5,1322,1385.0,0.7,0.0,320,高値圏かつ未過熱 / 買い出来高優勢 / MA上昇配列 / パーフェクトオーダー / 52週高値目前
1515,日鉄鉱業,鉱業,22.8,22.8,1,512,★☆☆☆☆,0.0,7.5,32,-11.2,0.0,4.3,0.0,11.0,0.0,0.0,0.0,,,0.0,24.8,5.8,13.4,3391,3835.0,0.4,0.1,2370,高値圏かつ未過熱 / 買い出来高優勢 / MA上昇配列 / パーフェクトオーダー
6998,日本タングステン,電気機器,22.8,22.8,1,513,★☆☆☆☆,0.0,10.0,18,17.2,0.0,5.3,0.0,12.5,0.0,0.0,-5.0,,,0.0,85.5,6.2,28.4,3130,3570.0,10.7,0.2,493,RS加速+17.2 / 買い出来高優勢 / 資金流入増 / MA上昇配列 / パーフェクトオーダー / 52週高値ブレイク! / 過熱⚠25MA+28%
7593,ＶＴホールディングス,小売業,22.7,22.7,1,514,★☆☆☆☆,0.0,12.0,0,-2.0,0.0,2.0,0.0,8.7,0.0,0.0,0.0,,,0.0,7.8,2.1,5.7,518,540.0,0.9,0.1,236,RS転換0日目 / 高値圏かつ未過熱 / MA上昇配列
6231,木村工機,機械,22.7,22.7,1,515,★☆☆☆☆,0.0,12.0,8,5.0,0.0,3.3,0.0,4.2,0.0,3.2,0.0,,,0.0,9.7,3.5,1.9,12041,12960.0,-3.1,0.0,174,RS転換8日目 / RS加速+5.0 / 買い出来高優勢 / MA上昇配列 / 開示[自己株式の取得](6日前) / 開示[自己株式の取得](7日前)
1301,極洋,水産・農林業,22.7,22.7,1,516,★☆☆☆☆,0.0,14.0,0,0.1,0.0,0.0,0.0,8.7,0.0,0.0,0.0,,,0.0,4.0,1.3,3.3,4686,4810.0,1.2,0.1,218,RS転換0日目 / 高値圏かつ未過熱 / MA上昇配列
9435,光通信,情報・通信業,22.7,22.7,1,517,★☆☆☆☆,0.0,14.0,0,-3.4,0.0,1.0,0.0,7.7,0.0,0.0,0.0,,,0.0,2.1,2.2,3.1,39001,40770.0,1.9,0.0,3838,RS転換0日目 / 25MA上抜け7日目 / 高値圏かつ未過熱 / MA上昇配列
1766,東建コーポレーション,建設業,22.7,22.7,1,518,★☆☆☆☆,0.0,12.0,0,-1.0,0.0,2.0,0.0,8.7,0.0,0.0,0.0,,,0.0,1.7,1.4,3.7,13484,13860.0,2.0,0.1,245,RS転換0日目 / 高値圏かつ未過熱 / MA上昇配列
9746,ＴＫＣ,情報・通信業,22.7,22.7,1,519,★☆☆☆☆,0.0,12.0,0,-3.9,0.0,2.0,0.0,8.7,0.0,0.0,0.0,,,0.0,5.4,1.8,4.6,4003,4150.0,2.6,0.2,332,RS転換0日目 / 高値圏かつ未過熱 / MA上昇配列
3543,コメダホールディングス,卸売業,22.7,22.7,1,520,★☆☆☆☆,0.0,12.0,0,-2.3,0.0,2.0,0.0,8.7,0.0,0.0,0.0,,,0.0,1.7,1.1,2.8,2901,2966.0,0.2,0.1,1124,RS転換0日目 / 高値圏かつ未過熱 / MA上昇配列
8011,三陽商会,繊維製品,22.6,11.2,3,521,★☆☆☆☆,0.0,0.0,-1,-15.9,0.0,2.0,0.0,1.0,0.0,8.2,0.0,,,0.0,-0.4,5.2,-3.1,1423,1588.0,-8.0,0.1,222,開示[自己株式の取得](1日前) / 開示[業績予想の修正](4日前)
9948,アークス,小売業,22.5,22.5,1,522,★☆☆☆☆,0.0,12.0,0,-1.6,0.0,3.0,0.0,7.5,0.0,0.0,0.0,,,0.0,3.9,1.6,4.8,3663,3785.0,2.4,0.1,389,RS転換0日目 / 高値圏かつ未過熱 / MA上昇配列 / RSI過熱(98)⚠
2503,キリンホールディングス,食料品,22.5,22.5,1,523,★☆☆☆☆,0.0,12.0,0,-2.0,0.0,1.0,0.0,9.5,0.0,0.0,0.0,,,0.0,1.6,2.1,1.5,2930,3059.0,0.2,0.1,9135,RS転換0日目 / 高値圏かつ未過熱 / MA上昇配列 / パーフェクトオーダー
8281,ゼビオホールディングス,小売業,22.5,22.5,1,524,★☆☆☆☆,0.0,12.0,0,-1.7,0.0,2.0,0.0,8.5,0.0,0.0,0.0,,,0.0,5.1,2.8,2.1,1108,1174.0,-1.4,0.1,165,RS転換0日目 / 高値圏かつ未過熱 / MA上昇配列 / パーフェクトオーダー
8079,正栄食品工業,卸売業,22.5,22.5,1,525,★☆☆☆☆,0.0,12.0,0,-2.3,0.0,2.0,0.0,8.5,0.0,0.0,0.0,,,0.0,0.3,1.2,1.3,4407,4515.0,-1.4,0.3,139,RS転換0日目 / 高値圏かつ未過熱 / MA上昇配列 / パーフェクトオーダー
7272,ヤマハ発動機,輸送用機器,22.5,22.5,1,526,★☆☆☆☆,0.0,7.5,34,-10.9,0.0,5.3,0.0,9.7,0.0,0.0,0.0,,,0.0,42.1,2.9,9.7,1825,1935.0,-1.9,0.1,18186,高値圏かつ未過熱 / 買い出来高優勢 / 資金流入増 / MA上昇配列 / パーフェクトオーダー / 52週高値目前
9104,商船三井,海運業,22.5,22.5,1,527,★☆☆☆☆,0.0,7.5,32,-5.4,0.0,3.0,0.0,12.0,0.0,0.0,0.0,,,0.0,17.7,3.1,8.7,6623,7056.0,-3.0,0.1,23290,高値圏かつ未過熱 / MA上昇配列 / パーフェクトオーダー
9757,船井総研ホールディングス,サービス業,22.5,22.5,1,528,★☆☆☆☆,0.0,14.0,0,2.8,0.0,2.0,0.0,6.5,0.0,0.0,0.0,,,0.0,5.5,1.1,4.2,1161,1188.0,2.1,0.1,379,RS転換0日目 / 高値圏かつ未過熱 / MA上昇配列 / RSI過熱(88)⚠
4544,Ｈ．Ｕ．グループホールディングス,サービス業,22.5,22.5,1,529,★☆☆☆☆,0.0,12.0,0,-3.4,0.0,1.0,0.0,9.5,0.0,0.0,0.0,,,0.0,4.5,2.6,2.4,3446,3633.0,-0.7,0.0,820,RS転換0日目 / 高値圏かつ未過熱 / MA上昇配列 / パーフェクトオーダー
8035,東京エレクトロン,電気機器,22.4,13.5,2,530,★☆☆☆☆,0.0,4.0,-1,8.5,6.0,2.0,0.0,1.5,0.0,0.0,0.0,,,0.0,-4.9,4.2,-3.9,49330,53880.0,-2.3,0.1,163193,RS加速+8.5 / 半導体製造装置(-3.9%)
2334,イオレ,サービス業,22.4,22.4,1,531,★☆☆☆☆,0.0,14.0,4,26.8,0.0,1.0,0.0,6.0,0.0,1.4,0.0,,,0.0,23.4,5.7,9.0,503,568.0,12.5,0.1,629,RS転換4日目 / RS加速+26.8 / 25MA上抜け4日目 / 開示[AI](1日前)
4588,オンコリスバイオファーマ,医薬品,22.3,22.3,1,532,★☆☆☆☆,0.0,10.0,20,8.3,0.0,5.3,0.0,12.0,0.0,0.0,-5.0,,,0.0,62.2,9.0,34.2,3588,4375.0,14.1,0.1,5062,RS加速+8.3 / 買い出来高優勢 / 資金流入増 / MA上昇配列 / パーフェクトオーダー / 過熱⚠25MA+34%
5830,いよぎんホールディングス,銀行業,22.3,22.3,1,533,★☆☆☆☆,0.0,9.5,43,1.2,0.0,3.3,0.0,9.5,0.0,0.0,0.0,,,0.0,7.8,2.8,4.8,3763,3988.0,3.9,0.1,3536,高値圏かつ未過熱 / 買い出来高優勢 / MA上昇配列 / パーフェクトオーダー
5857,ＡＲＥホールディングス,非鉄金属,22.3,22.3,1,534,★☆☆☆☆,0.0,9.0,30,-1.7,0.0,4.3,0.0,9.0,0.0,0.0,0.0,,,0.0,26.0,4.2,11.5,3624,3960.0,-0.4,0.1,3225,高値圏かつ未過熱 / 買い出来高優勢 / MA上昇配列
215A,タイミー,サービス業,22.3,22.3,1,535,★☆☆☆☆,0.0,9.0,15,9.0,0.0,3.3,0.0,10.0,0.0,0.0,0.0,,,0.0,20.1,3.3,11.9,1672,1790.0,8.1,0.1,2126,RS加速+9.0 / 買い出来高優勢 / MA上昇配列 / パーフェクトオーダー
5885,ジーデップ・アドバンス,卸売業,22.3,22.3,1,536,★☆☆☆☆,0.0,9.0,11,13.4,0.0,3.3,0.0,10.0,0.0,0.0,0.0,,,0.0,24.9,4.7,15.0,3107,3430.0,13.8,0.1,158,RS加速+13.4 / 買い出来高優勢 / MA上昇配列 / パーフェクトオーダー
4578,大塚ホールディングス,医薬品,22.2,22.2,1,537,★☆☆☆☆,0.0,14.0,1,1.1,0.0,0.0,0.0,8.2,0.0,0.0,0.0,,,0.0,9.1,2.6,2.7,11705,12335.0,1.0,0.1,15370,RS転換1日目 / 高値圏かつ未過熱 / MA上昇配列 / パーフェクトオーダー
8897,ＭＩＲＡＲＴＨホールディングス,不動産業,22.2,22.2,1,538,★☆☆☆☆,0.0,9.5,33,2.6,0.0,3.0,0.0,9.7,0.0,0.0,0.0,,,0.0,12.6,1.6,7.5,456,471.0,3.1,0.3,578,高値圏かつ未過熱 / 資金流入増 / MA上昇配列 / パーフェクトオーダー
4202,ダイセル,化学,22.2,22.2,1,539,★☆☆☆☆,0.0,14.0,0,3.3,0.0,0.0,0.0,8.2,0.0,0.0,0.0,,,0.0,1.5,1.9,2.5,1444,1500.5,2.4,0.1,1421,RS転換0日目 / RS加速+3.3 / 高値圏かつ未過熱 / MA上昇配列 / パーフェクトオーダー
9502,中部電力,電気・ガス業,22.0,22.0,1,540,★☆☆☆☆,0.0,14.0,0,7.4,0.0,1.0,0.0,7.0,0.0,0.0,0.0,,,0.0,2.6,2.3,3.5,2782,2915.0,0.6,0.1,7720,RS転換0日目 / RS加速+7.4 / 高値圏かつ未過熱
9348,ｉｓｐａｃｅ,サービス業,22.0,22.0,1,541,★☆☆☆☆,0.0,10.0,0,2.0,6.0,1.0,0.0,5.0,0.0,0.0,0.0,,,0.0,3.2,2.3,1.2,407,426.0,0.5,0.1,300,RS転換0日目 / 宇宙(-0.2%)
277A,グロービング,サービス業,22.0,22.0,1,542,★☆☆☆☆,0.0,14.0,8,6.7,0.0,3.3,0.0,4.7,0.0,0.0,0.0,,,0.0,18.1,3.5,12.4,1811,1948.0,5.2,0.1,260,RS転換8日目 / RS加速+6.7 / 25MA上抜け9日目 / 買い出来高優勢
8050,セイコーグループ,精密機器,22.0,22.0,1,543,★☆☆☆☆,0.0,10.0,21,3.2,0.0,4.0,0.0,11.0,0.0,0.0,-3.0,,,0.0,45.2,5.1,17.6,10489,11690.0,11.3,0.1,5788,RS加速+3.2 / 資金流入増 / MA上昇配列 / パーフェクトオーダー / 52週高値目前 / 伸びすぎ注意(25MA+18%)
9509,北海道電力,電気・ガス業,22.0,22.0,1,544,★☆☆☆☆,0.0,12.0,0,3.8,0.0,2.0,0.0,8.0,0.0,0.0,0.0,,,0.0,9.0,2.4,8.4,1085,1139.0,6.0,0.4,1968,RS転換0日目 / RS加速+3.8 / MA上昇配列
6535,アイモバイル,サービス業,22.0,22.0,1,545,★☆☆☆☆,0.0,12.0,0,5.3,0.0,2.0,0.0,8.0,0.0,0.0,0.0,,,0.0,6.9,2.0,4.5,504,525.0,0.8,0.3,169,RS転換0日目 / RS加速+5.3 / MA上昇配列
5288,アジアパイルホールディングス,ガラス・土石製品,22.0,22.0,1,546,★☆☆☆☆,0.0,14.0,0,0.9,0.0,1.0,0.0,7.0,0.0,0.0,0.0,,,0.0,3.1,2.3,2.1,1493,1565.0,-0.3,0.1,277,RS転換0日目 / 高値圏かつ未過熱
1941,中電工,建設業,22.0,22.0,1,547,★☆☆☆☆,0.0,16.0,0,0.1,0.0,0.0,0.0,6.0,0.0,0.0,0.0,,,0.0,0.8,1.9,0.5,4904,5100.0,-1.2,0.1,439,RS転換0日目 / 25MA上抜け7日目 / 高値圏かつ未過熱
7261,マツダ,輸送用機器,22.0,22.0,1,548,★☆☆☆☆,0.0,10.0,0,-2.4,0.0,2.0,0.0,10.0,0.0,0.0,0.0,,,0.0,4.6,2.6,6.1,1188,1253.5,3.0,0.1,8154,RS転換0日目 / 25MA上抜け7日目 / MA上昇配列 / パーフェクトオーダー
1723,日本電技,建設業,22.0,22.0,1,549,★☆☆☆☆,0.0,14.0,2,28.6,0.0,2.0,0.0,6.0,0.0,0.0,0.0,,,0.0,11.4,3.8,9.0,2209,2393.0,13.1,0.0,487,RS転換2日目 / RS加速+28.6 / 25MA上抜け3日目
8022,美津濃,その他製品,22.0,22.0,1,550,★☆☆☆☆,0.0,12.0,1,-2.9,0.0,3.0,0.0,7.0,0.0,0.0,0.0,,,0.0,9.1,3.6,3.4,3810,4105.0,0.5,0.1,1197,RS転換1日目 / 高値圏かつ未過熱 / MA上昇配列 / パーフェクトオーダー
6381,アネスト岩田,機械,22.0,22.0,1,551,★☆☆☆☆,0.0,7.5,43,-1.7,0.0,2.0,0.0,12.5,0.0,0.0,0.0,,,0.0,8.4,1.7,4.6,1922,1991.0,0.9,0.1,187,高値圏かつ未過熱 / MA上昇配列 / パーフェクトオーダー / 52週高値ブレイク!
9887,松屋フーズホールディングス,小売業,22.0,22.0,1,552,★☆☆☆☆,0.0,12.0,0,1.5,0.0,2.0,0.0,8.0,0.0,0.0,0.0,,,0.0,6.2,2.4,6.6,5165,5420.0,4.2,0.3,433,RS転換0日目 / 25MA上抜け7日目 / MA上昇配列
6524,湖北工業,電気機器,22.0,22.0,1,553,★☆☆☆☆,0.0,14.0,6,12.2,0.0,2.0,0.0,6.0,0.0,0.0,0.0,,,0.0,12.9,5.3,6.9,4496,5030.0,9.0,0.1,1289,RS転換6日目 / RS加速+12.2 / 25MA上抜け7日目
7616,コロワイド,小売業,22.0,22.0,1,554,★☆☆☆☆,0.0,10.0,0,-3.8,0.0,1.0,0.0,11.0,0.0,0.0,0.0,,,0.0,2.7,1.9,4.6,2073,2154.0,2.7,0.1,787,RS転換0日目 / 25MA上抜け6日目 / MA上昇配列 / パーフェクトオーダー
2168,パソナグループ,サービス業,22.0,22.0,1,555,★☆☆☆☆,0.0,12.0,1,5.3,0.0,3.3,0.0,6.7,0.0,0.0,0.0,,,0.0,9.7,1.7,6.4,1672,1732.0,5.3,0.1,237,RS転換1日目 / RS加速+5.3 / 買い出来高優勢 / MA上昇配列
4967,小林製薬,化学,22.0,22.0,1,556,★☆☆☆☆,0.0,10.0,0,-1.1,0.0,2.0,0.0,10.0,0.0,0.0,0.0,,,0.0,1.1,1.2,2.6,5616,5760.0,2.3,0.1,1142,RS転換0日目 / 25MA上抜け7日目 / MA上昇配列 / パーフェクトオーダー
6366,千代田化工建設,建設業,22.0,22.0,1,557,★☆☆☆☆,0.0,14.0,2,10.1,0.0,2.0,0.0,6.0,0.0,0.0,0.0,,,0.0,9.2,3.3,5.0,685,733.0,3.1,0.1,1393,RS転換2日目 / RS加速+10.1 / 25MA上抜け7日目
8125,ワキタ,卸売業,22.0,22.0,1,558,★☆☆☆☆,0.0,12.0,0,-2.4,0.0,1.0,0.0,9.0,0.0,0.0,0.0,,,0.0,2.0,1.2,2.7,1903,1948.0,1.0,0.1,324,RS転換0日目 / 高値圏かつ未過熱 / MA上昇配列 / 52週高値目前
4528,小野薬品工業,医薬品,22.0,22.0,1,559,★☆☆☆☆,0.0,10.0,0,2.2,0.0,2.0,0.0,10.0,0.0,0.0,0.0,,,0.0,1.2,1.8,1.6,2369,2459.5,0.6,0.1,3477,RS転換0日目 / MA上昇配列 / パーフェクトオーダー
8935,ＦＪネクストホールディングス,不動産業,22.0,22.0,1,560,★☆☆☆☆,0.0,7.5,34,-1.9,0.0,1.0,0.0,13.5,0.0,0.0,0.0,,,0.0,6.8,2.1,5.3,1992,2078.0,3.0,0.1,115,高値圏かつ未過熱 / MA上昇配列 / パーフェクトオーダー / 52週高値目前
1815,鉄建建設,建設業,22.0,22.0,1,561,★☆☆☆☆,0.0,14.0,0,4.2,0.0,1.0,0.0,7.0,0.0,0.0,0.0,,,0.0,1.4,2.2,3.4,4353,4550.0,2.5,0.7,471,RS転換0日目 / RS加速+4.2 / 25MA上抜け5日目
1662,石油資源開発,鉱業,22.0,22.0,1,562,★☆☆☆☆,0.0,12.0,0,6.2,0.0,2.0,0.0,8.0,0.0,0.0,0.0,,,0.0,9.3,2.6,9.1,1862,1966.0,5.0,0.1,2257,RS転換0日目 / RS加速+6.2 / MA上昇配列
4828,ビジネスエンジニアリング,情報・通信業,21.8,21.8,1,563,★☆☆☆☆,0.0,9.5,34,1.0,0.0,3.3,0.0,9.0,0.0,0.0,0.0,,,0.0,18.3,3.4,11.2,1371,1471.0,5.1,0.1,181,高値圏かつ未過熱 / 買い出来高優勢 / MA上昇配列
3765,ガンホー・オンライン・エンターテイメント,情報・通信業,21.8,21.8,1,564,★☆☆☆☆,0.0,12.0,0,3.9,0.0,1.0,0.0,6.7,0.0,2.1,0.0,,,0.0,6.9,2.3,8.2,2514,2637.0,8.4,0.8,524,RS転換0日目 / RS加速+3.9 / MA上昇配列 / 開示[資本業務提携](4日前)
4401,ＡＤＥＫＡ,化学,21.8,21.8,1,565,★☆☆☆☆,0.0,11.5,37,5.2,0.0,3.3,0.0,7.0,0.0,0.0,0.0,,,0.0,16.7,2.3,6.3,4467,4684.0,2.6,0.0,2287,RS加速+5.2 / 高値圏かつ未過熱 / 買い出来高優勢 / MA上昇配列 / パーフェクトオーダー
4912,ライオン,化学,21.7,21.7,1,566,★☆☆☆☆,0.0,12.0,1,-1.9,0.0,0.0,0.0,9.7,0.0,0.0,0.0,,,0.0,9.7,2.3,4.8,1820,1908.5,1.7,0.1,2621,RS転換1日目 / 高値圏かつ未過熱 / MA上昇配列 / パーフェクトオーダー / 52週高値目前
4503,アステラス製薬,医薬品,21.7,21.7,1,567,★☆☆☆☆,0.0,12.0,0,-2.8,0.0,2.0,0.0,7.7,0.0,0.0,0.0,,,0.0,6.8,2.1,3.5,2296,2396.0,-0.4,0.1,13328,RS転換0日目 / 高値圏かつ未過熱 / MA上昇配列
1605,ＩＮＰＥＸ,鉱業,21.7,21.7,1,568,★☆☆☆☆,0.0,12.0,0,7.7,0.0,2.0,0.0,7.7,0.0,0.0,0.0,,,0.0,9.7,2.6,8.9,3840,4050.0,4.1,0.2,16200,RS転換0日目 / RS加速+7.7 / MA上昇配列
3050,ＤＣＭホールディングス,小売業,21.7,21.7,1,569,★☆☆☆☆,0.0,12.0,0,-1.1,0.0,1.0,0.0,8.7,0.0,0.0,0.0,,,0.0,3.9,1.4,3.3,1558,1602.0,1.2,0.1,360,RS転換0日目 / 高値圏かつ未過熱 / MA上昇配列
4208,ＵＢＥ,化学,21.7,21.7,1,570,★☆☆☆☆,0.0,11.5,32,4.5,0.0,2.0,0.0,8.2,0.0,0.0,0.0,,,0.0,10.7,1.9,4.3,3450,3586.0,1.8,0.1,3296,RS加速+4.5 / 高値圏かつ未過熱 / MA上昇配列 / パーフェクトオーダー
7211,三菱自動車工業,輸送用機器,21.7,21.7,1,571,★☆☆☆☆,0.0,14.0,0,3.5,0.0,1.0,0.0,6.7,0.0,0.0,0.0,,,0.0,6.5,2.6,10.7,378,399.29998779296875,10.2,0.2,3498,RS転換0日目 / RS加速+3.5 / 25MA上抜け6日目 / MA上昇配列
9436,沖縄セルラー電話,情報・通信業,21.7,21.7,1,572,★☆☆☆☆,0.0,9.5,33,2.5,0.0,0.0,0.0,12.2,0.0,0.0,0.0,,,0.0,5.0,1.8,3.4,3992,4140.0,4.2,0.1,511,高値圏かつ未過熱 / MA上昇配列 / パーフェクトオーダー / 52週高値目前
9974,ベルク,小売業,21.7,21.7,1,573,★☆☆☆☆,0.0,12.0,0,-2.5,0.0,2.0,0.0,7.7,0.0,0.0,0.0,,,0.0,2.2,1.7,3.8,6638,6870.0,1.9,0.1,186,RS転換0日目 / 高値圏かつ未過熱 / MA上昇配列
8789,フィンテック　グローバル,その他金融業,21.5,21.5,1,574,★☆☆☆☆,0.0,7.5,37,-4.6,0.0,5.3,0.0,8.7,0.0,0.0,0.0,,,0.0,24.5,3.8,10.8,154,167.0,-2.3,0.2,291,高値圏かつ未過熱 / 買い出来高優勢 / 資金流入増 / MA上昇配列
8624,いちよし証券,証券、商品先物取引業,21.5,21.5,1,575,★☆☆☆☆,0.0,9.5,44,1.1,0.0,0.0,0.0,12.0,0.0,0.0,0.0,,,0.0,9.7,3.2,7.4,1630,1740.0,2.1,0.1,211,高値圏かつ未過熱 / MA上昇配列 / パーフェクトオーダー
7164,全国保証,その他金融業,21.5,21.5,1,576,★☆☆☆☆,0.0,12.0,0,-1.8,0.0,2.0,0.0,7.5,0.0,0.0,0.0,,,0.0,0.9,1.1,2.4,3153,3222.0,1.0,0.1,997,RS転換0日目 / 高値圏かつ未過熱 / MA上昇配列 / RSI過熱(91)⚠
2664,カワチ薬品,小売業,21.5,21.5,1,577,★☆☆☆☆,0.0,9.0,25,-0.7,0.0,3.0,0.0,9.5,0.0,0.0,0.0,,,0.0,10.5,2.2,3.2,3573,3740.0,-0.4,0.1,365,高値圏かつ未過熱 / MA上昇配列 / パーフェクトオーダー
8065,佐藤商事,卸売業,21.5,21.5,1,578,★☆☆☆☆,0.0,9.0,29,-8.2,0.0,3.0,0.0,9.5,0.0,0.0,0.0,,,0.0,11.5,4.1,4.2,3386,3690.0,0.5,0.0,237,高値圏かつ未過熱 / MA上昇配列 / パーフェクトオーダー
6741,日本信号,電気機器,21.5,21.5,1,579,★☆☆☆☆,0.0,7.5,34,-2.3,0.0,4.3,0.0,9.7,0.0,0.0,0.0,,,0.0,14.1,2.6,5.3,1766,1865.0,1.0,0.1,426,高値圏かつ未過熱 / 買い出来高優勢 / MA上昇配列 / パーフェクトオーダー / 52週高値目前
9110,ＮＳユナイテッド海運,海運業,21.5,21.5,1,580,★☆☆☆☆,0.0,7.5,32,-12.5,0.0,3.0,0.0,11.0,0.0,0.0,0.0,,,0.0,28.5,0.2,6.4,10449,10490.0,0.1,0.1,1777,高値圏かつ未過熱 / 資金流入増 / MA上昇配列 / パーフェクトオーダー / 52週高値目前
9543,静岡ガス,電気・ガス業,21.5,21.5,1,581,★☆☆☆☆,0.0,14.0,0,3.2,0.0,1.0,0.0,6.5,0.0,0.0,0.0,,,0.0,3.4,1.4,5.0,1291,1329.0,4.0,0.2,201,RS転換0日目 / RS加速+3.2 / 25MA上抜け8日目 / MA上昇配列 / RSI過熱(87)⚠
7296,エフ・シー・シー,輸送用機器,21.5,21.5,1,582,★☆☆☆☆,0.0,7.5,33,-5.0,0.0,4.3,0.0,9.7,0.0,0.0,0.0,,,0.0,11.1,1.9,4.9,4073,4230.0,1.7,0.1,635,高値圏かつ未過熱 / 買い出来高優勢 / MA上昇配列 / パーフェクトオーダー / 52週高値目前
3276,ＪＰＭＣ,不動産業,21.5,21.5,1,583,★☆☆☆☆,0.0,7.5,37,-2.3,0.0,3.0,0.0,11.0,0.0,0.0,0.0,,,0.0,21.4,0.1,5.0,2245,2248.0,0.2,0.1,742,高値圏かつ未過熱 / 資金流入増 / MA上昇配列 / パーフェクトオーダー / 52週高値目前
4028,石原産業,化学,21.3,21.3,1,584,★☆☆☆☆,0.0,7.0,29,2.4,0.0,3.3,0.0,11.0,0.0,0.0,0.0,,,0.0,6.1,2.6,4.4,3037,3205.0,1.7,0.1,777,買い出来高優勢 / MA上昇配列 / パーフェクトオーダー
6769,ザインエレクトロニクス,電気機器,21.3,21.3,1,585,★☆☆☆☆,0.0,12.0,5,10.3,0.0,3.3,0.0,6.0,0.0,0.0,0.0,,,0.0,11.7,5.0,6.7,1023,1137.0,8.3,0.1,102,RS転換5日目 / RS加速+10.3 / 買い出来高優勢
4527,ロート製薬,医薬品,21.3,21.3,1,586,★☆☆☆☆,0.0,7.0,15,2.2,0.0,4.3,0.0,10.0,0.0,0.0,0.0,,,0.0,26.2,2.2,12.6,2928,3063.0,3.9,0.0,4631,買い出来高優勢 / MA上昇配列 / パーフェクトオーダー
3763,プロシップ,情報・通信業,21.3,21.3,1,587,★☆☆☆☆,0.0,7.5,37,-14.9,0.0,5.3,0.0,8.5,0.0,0.0,0.0,,,0.0,20.2,6.2,8.9,1981,2261.0,-5.6,0.1,157,高値圏かつ未過熱 / 買い出来高優勢 / 資金流入増 / MA上昇配列 / パーフェクトオーダー
6986,双葉電子工業,電気機器,21.3,21.3,1,588,★☆☆☆☆,0.0,10.0,30,7.6,0.0,4.3,0.0,10.0,0.0,0.0,-3.0,,,0.0,24.4,4.1,16.7,713,777.0,10.8,0.2,262,RS加速+7.6 / 買い出来高優勢 / MA上昇配列 / 伸びすぎ注意(25MA+17%)
9755,応用地質,サービス業,21.2,21.2,1,589,★☆☆☆☆,0.0,12.0,0,-1.4,0.0,2.0,0.0,7.2,0.0,0.0,0.0,,,0.0,0.3,1.6,0.5,2761,2855.0,-1.4,0.2,179,RS転換0日目 / 高値圏かつ未過熱 / MA上昇配列 / パーフェクトオーダー
4189,ＫＨネオケム,化学,21.2,21.2,1,590,★☆☆☆☆,0.0,9.5,44,-6.5,0.0,2.0,0.0,9.7,0.0,0.0,0.0,,,0.0,3.0,2.5,3.8,3294,3470.0,1.9,0.0,584,25MA上抜け7日目 / 高値圏かつ未過熱 / MA上昇配列 / パーフェクトオーダー / 52週高値目前
7979,松風,精密機器,21.2,21.2,1,591,★☆☆☆☆,0.0,12.0,1,-3.3,0.0,2.0,0.0,7.2,0.0,0.0,0.0,,,0.0,7.7,2.2,2.0,2210,2313.0,-1.4,0.1,215,RS転換1日目 / 高値圏かつ未過熱 / MA上昇配列 / パーフェクトオーダー
4746,東計電算,情報・通信業,21.2,21.2,1,592,★☆☆☆☆,0.0,8.5,43,7.5,0.0,2.0,0.0,13.7,0.0,0.0,-3.0,,,0.0,42.0,2.3,16.9,6899,7230.0,10.2,0.1,671,RS加速+7.5 / 資金流入増 / MA上昇配列 / パーフェクトオーダー / 52週高値ブレイク! / 伸びすぎ注意(25MA+17%)
7433,伯東,卸売業,21.2,21.2,1,593,★☆☆☆☆,0.0,12.0,0,-8.5,0.0,1.0,0.0,8.2,0.0,0.0,0.0,,,0.0,5.3,2.4,3.0,5041,5300.0,0.2,0.0,544,RS転換0日目 / 高値圏かつ未過熱 / MA上昇配列 / パーフェクトオーダー
6742,京三製作所,電気機器,21.2,21.2,1,594,★☆☆☆☆,0.0,11.0,23,2.2,0.0,2.0,0.0,8.2,0.0,0.0,0.0,,,0.0,13.8,4.4,2.8,920,1010.0,-1.8,0.1,315,高値圏かつ未過熱 / MA上昇配列 / パーフェクトオーダー
7244,市光工業,電気機器,21.2,21.2,1,595,★☆☆☆☆,0.0,12.0,0,-4.4,0.0,2.0,0.0,7.2,0.0,0.0,0.0,,,0.0,4.6,3.2,2.1,529,565.0,-1.4,0.1,116,RS転換0日目 / 高値圏かつ未過熱 / 資金流入増 / MA上昇配列 / パーフェクトオーダー
2975,スター・マイカ・ホールディングス,不動産業,21.2,21.2,1,596,★☆☆☆☆,0.0,12.0,0,-3.0,0.0,2.0,0.0,7.2,0.0,0.0,0.0,,,0.0,1.0,2.0,0.6,1504,1566.0,-0.4,0.2,205,RS転換0日目 / 高値圏かつ未過熱 / MA上昇配列 / パーフェクトオーダー
8158,ソーダニッカ,卸売業,21.2,21.2,1,597,★☆☆☆☆,0.0,9.5,34,0.7,0.0,2.0,0.0,9.7,0.0,0.0,0.0,,,0.0,11.1,2.5,6.2,1297,1364.0,3.1,0.1,104,高値圏かつ未過熱 / 資金流入増 / MA上昇配列 / パーフェクトオーダー / 52週高値目前
5121,藤倉コンポジット,ゴム製品,21.2,21.2,1,598,★☆☆☆☆,0.0,11.0,30,-1.7,0.0,2.0,0.0,8.2,0.0,0.0,0.0,,,0.0,7.0,2.7,2.4,2578,2728.0,-0.2,0.0,262,25MA上抜け1日目 / 高値圏かつ未過熱 / MA上昇配列 / パーフェクトオーダー
9107,川崎汽船,海運業,21.2,21.2,1,599,★☆☆☆☆,0.0,7.5,32,-5.5,0.0,3.0,0.0,10.7,0.0,0.0,0.0,,,0.0,16.6,3.3,10.9,3156,3379.0,-2.5,0.1,18015,高値圏かつ未過熱 / MA上昇配列 / パーフェクトオーダー
296A,令和アカウンティング・ホールディングス,サービス業,21.0,21.0,1,600,★☆☆☆☆,0.0,10.0,30,10.2,0.0,3.3,0.0,10.7,0.0,0.0,-3.0,,,0.0,30.9,4.7,18.7,1031,1139.0,1.5,0.3,110,RS加速+10.2 / 買い出来高優勢 / MA上昇配列 / パーフェクトオーダー / 伸びすぎ注意(25MA+19%)
4575,キャンバス,医薬品,21.0,21.0,1,601,★☆☆☆☆,0.0,12.0,10,6.3,0.0,1.0,0.0,8.0,0.0,0.0,0.0,,,0.0,15.4,5.4,11.6,772,865.0,9.6,0.0,183,RS転換10日目 / RS加速+6.3 / MA上昇配列
9424,日本通信,情報・通信業,21.0,21.0,1,602,★☆☆☆☆,0.0,12.0,0,2.0,0.0,1.0,0.0,8.0,0.0,0.0,0.0,,,0.0,3.3,3.5,4.9,112,120.0,6.2,0.3,246,RS転換0日目 / 25MA上抜け4日目 / MA上昇配列
2531,宝ホールディングス,食料品,21.0,21.0,1,603,★☆☆☆☆,0.0,12.0,0,2.6,0.0,1.0,0.0,8.0,0.0,0.0,0.0,,,0.0,1.0,2.5,2.1,2044,2152.0,-0.2,0.1,873,RS転換0日目 / 高値圏かつ未過熱
3687,フィックスターズ,情報・通信業,21.0,21.0,1,604,★☆☆☆☆,0.0,14.0,2,6.6,0.0,2.0,0.0,5.0,0.0,0.0,0.0,,,0.0,6.3,4.3,3.5,2069,2263.0,4.4,0.1,1060,RS転換2日目 / RS加速+6.6 / 25MA上抜け2日目
5036,日本ビジネスシステムズ,情報・通信業,21.0,21.0,1,605,★☆☆☆☆,0.0,10.0,0,-4.2,0.0,0.0,0.0,11.0,0.0,0.0,0.0,,,0.0,1.3,3.1,3.2,1549,1652.0,1.0,0.0,161,RS転換0日目 / 25MA上抜け3日目 / MA上昇配列 / パーフェクトオーダー
6597,ＨＰＣシステムズ,電気機器,21.0,21.0,1,606,★☆☆☆☆,0.0,14.0,2,21.9,0.0,2.0,0.0,5.0,0.0,0.0,0.0,,,0.0,17.6,5.8,10.3,3343,3780.0,11.5,0.3,274,RS転換2日目 / RS加速+21.9 / 25MA上抜け2日目
7947,エフピコ,化学,21.0,21.0,1,607,★☆☆☆☆,0.0,10.0,0,0.8,0.0,1.0,0.0,10.0,0.0,0.0,0.0,,,0.0,10.5,1.6,5.0,2747,2838.0,1.7,0.1,471,RS転換0日目 / MA上昇配列 / パーフェクトオーダー
8088,岩谷産業,卸売業,21.0,21.0,1,608,★☆☆☆☆,0.0,9.5,37,0.3,0.0,2.0,0.0,9.5,0.0,0.0,0.0,,,0.0,9.4,2.2,6.5,2184,2284.5,4.5,0.2,1773,高値圏かつ未過熱 / MA上昇配列 / パーフェクトオーダー
6310,井関農機,機械,21.0,21.0,1,609,★☆☆☆☆,0.0,10.0,0,5.1,0.0,1.0,0.0,10.0,0.0,0.0,0.0,,,0.0,0.8,2.6,3.5,1801,1901.0,3.9,0.2,322,RS転換0日目 / RS加速+5.1 / MA上昇配列 / パーフェクトオーダー
6332,月島ホールディングス,機械,21.0,21.0,1,610,★☆☆☆☆,0.0,10.0,0,-0.5,0.0,2.0,0.0,9.0,0.0,0.0,0.0,,,0.0,2.4,2.2,3.9,2730,2854.0,2.6,0.2,276,RS転換0日目 / 25MA上抜け7日目 / MA上昇配列
3441,山王,金属製品,21.0,21.0,1,611,★☆☆☆☆,0.0,14.0,4,10.6,0.0,1.0,0.0,6.0,0.0,0.0,0.0,,,0.0,9.9,4.5,6.2,2566,2818.0,5.9,0.2,105,RS転換4日目 / RS加速+10.6 / 25MA上抜け7日目
2492,インフォマート,サービス業,21.0,21.0,1,612,★☆☆☆☆,0.0,8.0,1,-3.2,0.0,3.0,0.0,10.0,0.0,0.0,0.0,,,0.0,12.4,6.2,11.3,571,651.0,6.7,0.1,1970,RS転換1日目 / MA上昇配列 / パーフェクトオーダー
9467,アルファポリス,情報・通信業,21.0,21.0,1,613,★☆☆☆☆,0.0,10.0,10,-10.1,0.0,3.0,0.0,8.0,0.0,0.0,0.0,,,0.0,9.5,4.2,6.5,1083,1183.0,-2.6,0.2,213,RS転換10日目 / 25MA上抜け10日目 / 資金流入増 / MA上昇配列
1820,西松建設,建設業,21.0,21.0,1,614,★☆☆☆☆,0.0,10.0,0,2.3,0.0,2.0,0.0,9.0,0.0,0.0,0.0,,,0.0,4.2,1.4,3.7,5481,5642.0,1.6,0.1,663,RS転換0日目 / MA上昇配列
4674,クレスコ,情報・通信業,21.0,21.0,1,615,★☆☆☆☆,0.0,7.5,34,-5.7,0.0,5.3,0.0,8.2,0.0,0.0,0.0,,,0.0,24.2,2.8,10.2,1925,2040.0,-0.2,0.0,494,高値圏かつ未過熱 / 買い出来高優勢 / 資金流入増 / MA上昇配列 / パーフェクトオーダー
287A,黒田グループ,卸売業,21.0,21.0,1,616,★☆☆☆☆,0.0,9.5,37,1.3,0.0,2.0,0.0,9.5,0.0,0.0,0.0,,,0.0,7.9,2.0,3.4,1151,1199.0,1.1,0.0,550,高値圏かつ未過熱 / MA上昇配列 / パーフェクトオーダー
6023,ダイハツインフィニアース,輸送用機器,21.0,21.0,1,617,★☆☆☆☆,0.0,11.5,33,7.0,0.0,1.0,0.0,8.5,0.0,0.0,0.0,,,0.0,12.2,3.8,6.9,2904,3140.0,5.2,0.1,669,RS加速+7.0 / 高値圏かつ未過熱 / MA上昇配列 / パーフェクトオーダー
4613,関西ペイント,化学,21.0,21.0,1,618,★☆☆☆☆,0.0,14.0,0,-7.7,0.0,0.0,0.0,7.0,0.0,0.0,0.0,,,0.0,0.4,1.5,0.5,2815,2900.5,-0.5,0.1,2318,RS転換0日目 / 25MA上抜け0日目 / 高値圏かつ未過熱 / MA上昇配列 / パーフェクトオーダー
6258,平田機工,機械,21.0,21.0,1,619,★☆☆☆☆,0.0,13.0,19,6.2,0.0,2.0,0.0,6.0,0.0,0.0,0.0,,,0.0,23.1,4.9,7.7,3220,3570.0,3.8,0.1,1324,RS加速+6.2 / 高値圏かつ未過熱 / MA上昇配列 / パーフェクトオーダー
7774,ジャパン・ティッシュエンジニアリング,精密機器,21.0,21.0,1,620,★☆☆☆☆,0.0,7.5,37,-15.2,0.0,5.3,0.0,8.2,0.0,0.0,0.0,,,0.0,23.9,4.5,7.3,773,850.0,-1.2,0.1,113,高値圏かつ未過熱 / 買い出来高優勢 / 資金流入増 / MA上昇配列 / パーフェクトオーダー
9072,ニッコンホールディングス,陸運業,21.0,21.0,1,621,★☆☆☆☆,0.0,12.0,9,3.7,0.0,2.0,0.0,7.0,0.0,0.0,0.0,,,0.0,7.4,2.9,3.8,5194,5518.0,1.2,0.1,1080,RS転換9日目 / RS加速+3.7
4377,ワンキャリア,情報・通信業,21.0,21.0,1,622,★☆☆☆☆,0.0,9.0,11,-0.3,0.0,3.0,0.0,9.0,0.0,0.0,0.0,,,0.0,20.0,4.8,13.0,2339,2587.0,7.6,0.1,277,高値圏かつ未過熱 / MA上昇配列
9404,日本テレビホールディングス,情報・通信業,20.8,20.8,1,623,★☆☆☆☆,0.0,10.0,0,0.2,0.0,2.0,0.0,6.7,0.0,2.1,0.0,,,0.0,3.7,1.8,4.7,2970,3082.0,3.0,0.1,1346,RS転換0日目 / MA上昇配列 / 開示[自己株式の取得](4日前)
6420,ガリレイホールディングス,機械,20.7,20.7,1,624,★☆☆☆☆,0.0,12.0,0,-6.7,0.0,0.0,0.0,8.7,0.0,0.0,0.0,,,0.0,0.3,1.7,1.4,3416,3535.0,-0.4,0.2,176,RS転換0日目 / 高値圏かつ未過熱 / MA上昇配列
7476,アズワン,卸売業,20.7,20.7,1,625,★☆☆☆☆,0.0,14.0,0,5.1,0.0,0.0,0.0,6.7,0.0,0.0,0.0,,,0.0,3.4,1.6,4.2,2453,2533.5,4.0,0.1,321,RS転換0日目 / RS加速+5.1 / 25MA上抜け5日目 / MA上昇配列
7949,小松ウオール工業,その他製品,20.7,20.7,1,626,★☆☆☆☆,0.0,12.0,0,-4.7,0.0,0.0,0.0,8.7,0.0,0.0,0.0,,,0.0,1.0,1.2,3.2,2799,2869.0,1.9,0.3,132,RS転換0日目 / 高値圏かつ未過熱 / MA上昇配列
7994,オカムラ,その他製品,20.7,20.7,1,627,★☆☆☆☆,0.0,12.0,0,-0.7,0.0,1.0,0.0,7.7,0.0,0.0,0.0,,,0.0,1.0,1.2,3.0,2352,2411.0,1.9,0.2,418,RS転換0日目 / 高値圏かつ未過熱 / MA上昇配列
5401,日本製鉄,鉄鋼,20.7,20.7,1,628,★☆☆☆☆,0.0,12.0,0,-1.8,0.0,1.0,0.0,7.7,0.0,0.0,0.0,,,0.0,4.7,2.3,3.3,662,693.2999877929688,4.1,0.3,27086,RS転換0日目 / 高値圏かつ未過熱 / MA上昇配列 / 52週高値目前
8219,青山商事,小売業,20.7,20.7,1,629,★☆☆☆☆,0.0,12.0,0,-2.2,0.0,1.0,0.0,7.7,0.0,0.0,0.0,,,0.0,2.0,1.6,3.5,755,780.0,1.6,0.1,420,RS転換0日目 / 高値圏かつ未過熱 / MA上昇配列
4569,杏林製薬,医薬品,20.7,20.7,1,630,★☆☆☆☆,0.0,14.0,0,6.2,0.0,2.0,0.0,4.7,0.0,0.0,0.0,,,0.0,2.9,1.8,4.7,1156,1198.0,3.7,0.1,275,RS転換0日目 / RS加速+6.2 / 25MA上抜け8日目
5480,日本冶金工業,鉄鋼,20.7,20.7,1,631,★☆☆☆☆,0.0,9.5,43,2.8,0.0,3.0,0.0,8.2,0.0,0.0,0.0,,,0.0,7.3,2.2,3.5,5269,5510.0,3.0,0.1,490,高値圏かつ未過熱 / MA上昇配列 / パーフェクトオーダー
4691,ワシントンホテル,サービス業,20.7,20.7,1,632,★☆☆☆☆,0.0,14.0,4,8.0,0.0,2.0,0.0,4.7,0.0,0.0,0.0,,,0.0,4.3,5.2,3.2,2050,2287.0,2.6,0.1,158,RS転換4日目 / RS加速+8.0 / 25MA上抜け6日目
218A,Ｌｉｂｅｒａｗａｒｅ,精密機器,20.7,20.7,1,633,★☆☆☆☆,0.0,14.0,9,3.6,0.0,2.0,0.0,4.7,0.0,0.0,0.0,,,0.0,11.1,4.3,13.1,1118,1224.0,10.0,0.4,197,RS転換9日目 / RS加速+3.6 / 25MA上抜け10日目
3922,ＰＲ　ＴＩＭＥＳ,情報・通信業,20.7,20.7,1,634,★☆☆☆☆,0.0,14.0,0,3.2,0.0,2.0,0.0,4.7,0.0,0.0,0.0,,,0.0,4.9,1.8,5.5,2153,2235.0,3.0,0.4,106,RS転換0日目 / RS加速+3.2 / 25MA上抜け10日目
5461,中部鋼鈑,鉄鋼,20.7,20.7,1,635,★☆☆☆☆,0.0,12.0,0,2.5,0.0,2.0,0.0,6.7,0.0,0.0,0.0,,,0.0,1.7,1.6,5.2,2136,2205.0,5.1,0.3,203,RS転換0日目 / 25MA上抜け5日目 / MA上昇配列
9627,アインホールディングス,小売業,20.5,20.5,1,636,★☆☆☆☆,0.0,8.0,0,-0.2,0.0,3.3,0.0,8.0,0.0,1.2,0.0,,,0.0,3.8,1.9,3.1,5989,6225.0,1.2,0.1,942,RS転換0日目 / 買い出来高優勢 / MA上昇配列 / 開示[買収](7日前)
4272,日本化薬,化学,20.5,20.5,1,637,★☆☆☆☆,0.0,13.0,29,4.3,0.0,2.0,0.0,5.5,0.0,0.0,0.0,,,0.0,7.1,1.8,2.6,2022,2096.0,1.5,0.0,1049,RS加速+4.3 / 高値圏かつ未過熱
5122,オカモト,ゴム製品,20.5,20.5,1,638,★☆☆☆☆,0.0,9.0,30,-9.5,0.0,2.0,0.0,9.5,0.0,0.0,0.0,,,0.0,5.5,3.0,3.0,6060,6450.0,-1.1,0.1,280,高値圏かつ未過熱 / 資金流入増 / MA上昇配列 / パーフェクトオーダー
7550,ゼンショーホールディングス,小売業,20.5,20.5,1,639,★☆☆☆☆,0.0,7.5,40,-9.6,0.0,2.0,0.0,11.0,0.0,0.0,0.0,,,0.0,17.3,2.6,8.2,11269,11895.0,1.6,0.1,6181,高値圏かつ未過熱 / MA上昇配列 / パーフェクトオーダー / 52週高値目前
4406,新日本理化,化学,20.3,20.3,1,640,★☆☆☆☆,0.0,7.0,30,2.2,0.0,5.3,0.0,8.0,0.0,0.0,0.0,,,0.0,24.7,3.1,10.4,240,256.0,3.2,0.0,118,買い出来高優勢 / 資金流入増 / MA上昇配列
4206,アイカ工業,化学,20.3,20.3,1,641,★☆☆☆☆,0.0,7.5,37,-1.6,0.0,4.3,0.0,8.5,0.0,0.0,0.0,,,0.0,10.2,1.4,3.4,4017,4136.0,0.6,0.0,1300,高値圏かつ未過熱 / 買い出来高優勢 / MA上昇配列 / パーフェクトオーダー / 52週高値目前
4025,多木化学,化学,20.3,20.3,1,642,★☆☆☆☆,0.0,7.5,32,-2.4,0.0,4.3,0.0,8.5,0.0,0.0,0.0,,,0.0,18.7,4.1,6.6,5493,5990.0,-2.6,0.0,219,高値圏かつ未過熱 / 買い出来高優勢 / MA上昇配列 / パーフェクトオーダー
5142,アキレス,化学,20.3,20.3,1,643,★☆☆☆☆,0.0,7.5,37,-11.5,0.0,5.3,0.0,7.5,0.0,0.0,0.0,,,0.0,42.0,4.7,10.7,1695,1869.0,-4.8,0.1,232,高値圏かつ未過熱 / 買い出来高優勢 / 資金流入増 / MA上昇配列
4222,児玉化学工業,化学,20.3,20.3,1,644,★☆☆☆☆,0.0,9.0,12,6.7,0.0,5.3,0.0,6.0,0.0,0.0,0.0,,,0.0,23.4,5.3,11.3,641,717.0,2.6,0.2,478,RS加速+6.7 / 買い出来高優勢 / 資金流入増
3201,日本毛織,繊維製品,20.2,20.2,1,645,★☆☆☆☆,0.0,12.0,0,-3.6,0.0,0.0,0.0,8.2,0.0,0.0,0.0,,,0.0,1.4,1.3,1.2,1923,1976.0,0.5,0.0,141,RS転換0日目 / 高値圏かつ未過熱 / MA上昇配列 / パーフェクトオーダー
7747,朝日インテック,精密機器,20.2,20.2,1,646,★☆☆☆☆,0.0,12.0,0,-13.6,0.0,1.0,0.0,7.2,0.0,0.0,0.0,,,0.0,4.8,3.7,0.3,3555,3838.0,-5.2,0.1,4906,RS転換0日目 / 高値圏かつ未過熱 / MA上昇配列 / パーフェクトオーダー
5240,ｍｏｎｏＡＩ　ｔｅｃｈｎｏｌｏｇｙ,情報・通信業,20.2,20.2,1,647,★☆☆☆☆,0.0,14.0,0,4.6,0.0,2.0,0.0,4.2,0.0,0.0,0.0,,,0.0,2.2,9.3,3.8,182,223.0,5.7,0.0,296,RS転換0日目 / RS加速+4.6 / 25MA上抜け2日目 / MA上昇配列
7637,白銅,卸売業,20.2,20.2,1,648,★☆☆☆☆,0.0,9.0,26,-5.1,0.0,3.0,0.0,8.2,0.0,0.0,0.0,,,0.0,5.6,4.3,2.3,3431,3755.0,-1.3,0.1,207,高値圏かつ未過熱 / MA上昇配列 / パーフェクトオーダー
9101,日本郵船,海運業,20.2,20.2,1,649,★☆☆☆☆,0.0,7.5,32,-5.3,0.0,2.0,0.0,10.7,0.0,0.0,0.0,,,0.0,14.4,2.7,10.0,6726,7109.0,-1.3,0.1,22846,高値圏かつ未過熱 / MA上昇配列 / パーフェクトオーダー
4228,積水化成品工業,化学,20.2,20.2,1,650,★☆☆☆☆,0.0,11.0,26,-1.1,0.0,1.0,0.0,8.2,0.0,0.0,0.0,,,0.0,15.2,3.7,5.1,575,621.0,3.8,0.1,228,25MA上抜け0日目 / 高値圏かつ未過熱 / MA上昇配列 / パーフェクトオーダー
3002,グンゼ,繊維製品,20.2,20.2,1,651,★☆☆☆☆,0.0,12.0,0,-2.1,0.0,2.0,0.0,6.2,0.0,0.0,0.0,,,0.0,1.9,1.1,0.6,4079,4175.0,-0.5,0.1,700,RS転換0日目 / 高値圏かつ未過熱 / MA上昇配列
7504,高速,卸売業,20.1,20.1,1,652,★☆☆☆☆,0.0,7.5,47,-7.2,0.0,1.0,0.0,9.5,0.0,2.1,0.0,,,0.0,14.9,4.3,4.9,4426,4840.0,2.3,0.1,490,高値圏かつ未過熱 / MA上昇配列 / パーフェクトオーダー / 開示[自己株式の取得](4日前)
7794,イーディーピー,その他製品,20.0,20.0,1,653,★☆☆☆☆,0.0,12.0,4,12.6,0.0,2.0,0.0,6.0,0.0,0.0,0.0,,,0.0,11.3,5.1,5.4,874,974.0,5.9,0.0,367,RS転換4日目 / RS加速+12.6
5108,ブリヂストン,ゴム製品,20.0,20.0,1,654,★☆☆☆☆,0.0,12.0,0,-6.9,0.0,1.0,0.0,7.0,0.0,0.0,0.0,,,0.0,3.0,1.8,2.3,4013,4164.0,0.7,0.1,16107,RS転換0日目 / 高値圏かつ未過熱 / MA上昇配列 / パーフェクトオーダー
9501,東京電力ホールディングス,電気・ガス業,20.0,20.0,1,655,★☆☆☆☆,0.0,12.0,0,2.3,0.0,0.0,0.0,8.0,0.0,0.0,0.0,,,0.0,4.6,3.9,5.2,511,554.2999877929688,3.4,0.3,18139,RS転換0日目 / 25MA上抜け3日目 / MA上昇配列
7458,第一興商,卸売業,20.0,20.0,1,656,★☆☆☆☆,0.0,8.0,0,-1.9,0.0,2.0,0.0,10.0,0.0,0.0,0.0,,,0.0,2.5,1.5,3.0,1835,1892.5,1.4,0.3,376,RS転換0日目 / MA上昇配列 / パーフェクトオーダー
8584,ジャックス,その他金融業,20.0,20.0,1,657,★☆☆☆☆,0.0,10.0,0,-1.6,0.0,2.0,0.0,8.0,0.0,0.0,0.0,,,0.0,0.9,1.3,2.3,3755,3855.0,0.5,0.1,402,RS転換0日目 / 25MA上抜け7日目 / MA上昇配列
464A,ＱＰＳホールディングス,情報・通信業,20.0,20.0,1,658,★☆☆☆☆,0.0,12.0,10,4.6,0.0,2.0,0.0,6.0,0.0,0.0,0.0,,,0.0,15.8,5.4,6.8,1615,1810.0,6.5,0.1,2333,RS転換10日目 / RS加速+4.6
2433,博報堂ＤＹホールディングス,サービス業,20.0,20.0,1,659,★☆☆☆☆,0.0,8.0,0,-1.9,0.0,2.0,0.0,10.0,0.0,0.0,0.0,,,0.0,2.5,2.5,4.9,1293,1361.5,3.3,0.1,1133,RS転換0日目 / MA上昇配列 / パーフェクトオーダー
4443,Ｓａｎｓａｎ,情報・通信業,20.0,20.0,1,660,★☆☆☆☆,0.0,8.0,1,-9.6,0.0,2.0,0.0,10.0,0.0,0.0,0.0,,,0.0,14.8,4.5,13.3,2114,2322.0,3.3,0.1,2252,RS転換1日目 / MA上昇配列 / パーフェクトオーダー
5602,栗本鐵工所,鉄鋼,20.0,20.0,1,661,★☆☆☆☆,0.0,9.5,37,0.8,0.0,4.0,0.0,6.5,0.0,0.0,0.0,,,0.0,15.0,1.9,6.8,1703,1772.0,3.1,0.1,648,高値圏かつ未過熱 / 資金流入増 / MA上昇配列
3854,アイル,情報・通信業,20.0,20.0,1,662,★☆☆☆☆,0.0,10.0,1,0.9,0.0,2.0,0.0,8.0,0.0,0.0,0.0,,,0.0,10.4,2.8,8.0,2399,2539.0,3.8,0.1,241,RS転換1日目 / MA上昇配列
3696,セレス,情報・通信業,20.0,20.0,1,663,★☆☆☆☆,0.0,10.0,0,-4.5,0.0,0.0,0.0,10.0,0.0,0.0,0.0,,,0.0,3.2,4.3,3.2,2031,2222.0,-1.3,0.1,370,RS転換0日目 / 25MA上抜け10日目 / MA上昇配列 / パーフェクトオーダー
5253,カバー,情報・通信業,20.0,20.0,1,664,★☆☆☆☆,0.0,10.0,2,-5.2,0.0,2.0,0.0,8.0,0.0,0.0,0.0,,,0.0,12.9,4.5,6.4,1527,1677.0,4.0,0.1,2442,RS転換2日目 / 25MA上抜け5日目 / MA上昇配列
4816,東映アニメーション,情報・通信業,20.0,20.0,1,665,★☆☆☆☆,0.0,8.0,0,-6.9,0.0,2.0,0.0,10.0,0.0,0.0,0.0,,,0.0,2.0,3.3,5.1,2852,3055.0,2.2,0.0,1374,RS転換0日目 / MA上昇配列 / パーフェクトオーダー
4088,エア・ウォーター,化学,20.0,20.0,1,666,★☆☆☆☆,0.0,14.0,0,8.6,0.0,0.0,0.0,6.0,0.0,0.0,0.0,,,0.0,3.3,2.2,4.0,2532,2649.0,6.5,0.1,2135,RS転換0日目 / RS加速+8.6 / 高値圏かつ未過熱
3034,クオールホールディングス,小売業,20.0,20.0,1,667,★☆☆☆☆,0.0,7.5,36,-5.6,0.0,4.3,0.0,8.2,0.0,0.0,0.0,,,0.0,14.3,4.2,3.4,2228,2435.0,-3.8,0.0,451,高値圏かつ未過熱 / 買い出来高優勢 / MA上昇配列 / パーフェクトオーダー
3349,コスモス薬品,小売業,20.0,20.0,1,668,★☆☆☆☆,0.0,10.0,0,-0.8,0.0,2.0,0.0,8.0,0.0,0.0,0.0,,,0.0,1.4,2.4,1.6,6290,6602.0,2.1,0.2,2118,RS転換0日目 / 25MA上抜け8日目 / MA上昇配列
4996,クミアイ化学工業,化学,20.0,20.0,1,669,★☆☆☆☆,0.0,8.0,0,-1.4,0.0,2.0,0.0,10.0,0.0,0.0,0.0,,,0.0,4.6,1.6,2.8,757,782.0,-0.5,0.2,272,RS転換0日目 / MA上昇配列 / パーフェクトオーダー
3116,トヨタ紡織,輸送用機器,20.0,20.0,1,670,★☆☆☆☆,0.0,12.0,0,1.7,0.0,0.0,0.0,8.0,0.0,0.0,0.0,,,0.0,1.5,1.8,2.9,2235,2319.5,2.6,0.1,1402,RS転換0日目 / 25MA上抜け0日目 / MA上昇配列
4620,藤倉化成,化学,20.0,20.0,1,671,★☆☆☆☆,0.0,12.0,6,11.6,0.0,2.0,0.0,6.0,0.0,0.0,0.0,,,0.0,12.4,2.9,7.2,930,988.0,5.2,0.1,123,RS転換6日目 / RS加速+11.6
1930,北陸電気工事,建設業,20.0,20.0,1,672,★☆☆☆☆,0.0,14.0,0,10.2,0.0,0.0,0.0,6.0,0.0,0.0,0.0,,,0.0,2.0,1.8,1.9,1489,1544.0,2.0,0.0,107,RS転換0日目 / RS加速+10.2 / 高値圏かつ未過熱
1934,ユアテック,建設業,20.0,20.0,1,673,★☆☆☆☆,0.0,10.0,0,0.1,0.0,2.0,0.0,8.0,0.0,0.0,0.0,,,0.0,7.0,2.0,5.8,2503,2606.0,3.0,0.1,369,RS転換0日目 / MA上昇配列
8154,加賀電子,卸売業,20.0,20.0,1,674,★☆☆☆☆,0.0,9.0,30,-6.2,0.0,0.0,0.0,11.0,0.0,0.0,0.0,,,0.0,6.0,2.8,4.1,4791,5070.0,2.4,0.0,794,高値圏かつ未過熱 / MA上昇配列 / パーフェクトオーダー / 52週高値目前
4046,大阪ソーダ,化学,20.0,20.0,1,675,★☆☆☆☆,0.0,9.0,25,5.1,0.0,3.3,0.0,7.7,0.0,0.0,0.0,,,0.0,17.4,2.8,7.8,1991,2110.0,4.3,0.0,694,RS加速+5.1 / 買い出来高優勢 / MA上昇配列
5976,高周波熱錬,金属製品,20.0,20.0,1,676,★☆☆☆☆,0.0,7.5,33,-4.1,0.0,3.0,0.0,9.5,0.0,0.0,0.0,,,0.0,8.2,1.9,3.6,1463,1520.0,-2.2,0.1,138,高値圏かつ未過熱 / MA上昇配列 / パーフェクトオーダー
4506,住友ファーマ,医薬品,20.0,20.0,1,677,★☆☆☆☆,0.0,12.0,9,13.5,0.0,2.0,0.0,6.0,0.0,0.0,0.0,,,0.0,22.5,3.4,14.5,1449,1553.5,9.6,0.2,4758,RS転換9日目 / RS加速+13.5
6277,ホソカワミクロン,機械,20.0,20.0,1,678,★☆☆☆☆,0.0,9.0,29,0.2,0.0,2.0,0.0,9.0,0.0,0.0,0.0,,,0.0,7.8,2.6,6.2,5234,5520.0,3.4,0.1,180,25MA上抜け7日目 / MA上昇配列
4631,ＤＩＣ,化学,20.0,20.0,1,679,★☆☆☆☆,0.0,11.0,17,1.9,0.0,3.0,0.0,6.0,0.0,0.0,0.0,,,0.0,15.4,3.5,4.6,4831,5195.0,1.0,0.2,3731,高値圏かつ未過熱 / MA上昇配列 / パーフェクトオーダー
1963,日揮ホールディングス,建設業,20.0,20.0,1,680,★☆☆☆☆,0.0,14.0,0,4.4,0.0,0.0,0.0,6.0,0.0,0.0,0.0,,,0.0,2.5,2.7,3.2,2232,2361.0,3.6,0.1,2916,RS転換0日目 / RS加速+4.4 / 25MA上抜け0日目
9684,スクウェア・エニックス・ホールディングス,情報・通信業,20.0,20.0,1,681,★☆☆☆☆,0.0,8.0,0,-2.5,0.0,3.0,0.0,9.0,0.0,0.0,0.0,,,0.0,14.1,3.8,12.1,2963,3209.0,8.5,1.0,4203,RS転換0日目 / MA上昇配列
6908,イリソ電子工業,電気機器,20.0,20.0,1,682,★☆☆☆☆,0.0,14.0,0,6.8,0.0,1.0,0.0,5.0,0.0,0.0,0.0,,,0.0,2.4,1.9,2.8,2755,2861.0,5.3,0.2,300,RS転換0日目 / RS加速+6.8 / 25MA上抜け1日目
3088,マツキヨココカラ＆カンパニー,小売業,20.0,20.0,1,683,★☆☆☆☆,0.0,10.0,0,-1.2,0.0,2.0,0.0,8.0,0.0,0.0,0.0,,,0.0,2.4,1.9,4.1,2547,2646.0,2.5,0.1,3523,RS転換0日目 / 25MA上抜け8日目 / MA上昇配列
7839,ＳＨＯＥＩ,その他製品,20.0,20.0,1,684,★☆☆☆☆,0.0,8.0,0,-2.1,0.0,2.0,0.0,10.0,0.0,0.0,0.0,,,0.0,6.6,1.8,4.1,2042,2118.0,1.4,0.2,380,RS転換0日目 / MA上昇配列 / パーフェクトオーダー
7867,タカラトミー,その他製品,20.0,20.0,1,685,★☆☆☆☆,0.0,8.0,0,-1.8,0.0,2.0,0.0,10.0,0.0,0.0,0.0,,,0.0,3.5,2.1,5.3,3667,3825.0,4.9,0.2,2011,RS転換0日目 / MA上昇配列 / パーフェクトオーダー
9425,ＲｅＹｕｕ　Ｊａｐａｎ,情報・通信業,20.0,20.0,1,686,★☆☆☆☆,0.0,14.0,3,49.2,0.0,3.3,0.0,6.7,0.0,1.0,-5.0,,,0.0,50.1,8.2,33.6,239,286.0,33.0,0.7,234,RS転換3日目 / RS加速+49.2 / 25MA上抜け9日目 / 買い出来高優勢 / MA上昇配列 / 過熱⚠25MA+34% / 開示[子会社化](7日前)
7719,東京衡機,精密機器,20.0,20.0,1,687,★☆☆☆☆,0.0,14.0,7,7.8,0.0,3.0,0.0,6.0,0.0,0.0,-3.0,,,0.0,21.9,6.3,15.4,457,523.0,3.8,0.1,198,RS転換7日目 / RS加速+7.8 / 25MA上抜け6日目 / 伸びすぎ注意(25MA+15%)
3907,シリコンスタジオ,情報・通信業,20.0,20.0,1,688,★☆☆☆☆,0.0,10.0,27,65.2,0.0,4.0,0.0,11.0,0.0,0.0,-5.0,,,0.0,124.8,12.2,44.1,1722,2277.0,27.4,0.1,2074,RS加速+65.2 / 資金流入増 / MA上昇配列 / パーフェクトオーダー / 過熱⚠25MA+44%
6379,レイズネクスト,建設業,20.0,20.0,1,689,★☆☆☆☆,0.0,7.5,41,-13.8,0.0,3.0,0.0,9.5,0.0,0.0,0.0,,,0.0,4.5,2.8,6.4,2929,3100.0,-1.1,0.1,583,高値圏かつ未過熱 / MA上昇配列 / パーフェクトオーダー
5889,Ｊａｐａｎ　Ｅｙｅｗｅａｒ　Ｈｏｌｄｉｎｇｓ,小売業,20.0,20.0,1,690,★☆☆☆☆,0.0,8.0,0,-2.1,0.0,2.0,0.0,10.0,0.0,0.0,0.0,,,0.0,6.0,2.5,7.1,2585,2723.0,6.0,0.2,226,RS転換0日目 / MA上昇配列 / パーフェクトオーダー
1720,東急建設,建設業,20.0,20.0,1,691,★☆☆☆☆,0.0,12.0,0,2.3,0.0,2.0,0.0,6.0,0.0,0.0,0.0,,,0.0,0.8,1.8,4.0,1157,1199.0,2.7,0.1,390,RS転換0日目 / 25MA上抜け5日目
1663,Ｋ＆Ｏエナジーグループ,鉱業,20.0,20.0,1,692,★☆☆☆☆,0.0,12.0,1,5.2,0.0,3.3,0.0,4.7,0.0,0.0,0.0,,,0.0,8.6,2.3,7.4,1924,2016.0,4.3,0.2,403,RS転換1日目 / RS加速+5.2 / 買い出来高優勢
8698,マネックスグループ,証券、商品先物取引業,20.0,20.0,1,693,★☆☆☆☆,0.0,10.0,0,6.3,0.0,2.0,0.0,8.0,0.0,0.0,0.0,,,0.0,3.5,2.3,4.3,710,744.0,2.6,0.1,1290,RS転換0日目 / RS加速+6.3 / MA上昇配列
4475,ＨＥＮＮＧＥ,情報・通信業,19.8,19.8,1,694,★☆☆☆☆,0.0,7.5,40,9.1,0.0,5.3,0.0,10.0,0.0,0.0,-3.0,,,0.0,32.4,4.6,19.2,1590,1750.0,12.1,0.1,1038,RS加速+9.1 / 買い出来高優勢 / 資金流入増 / MA上昇配列 / パーフェクトオーダー / 伸びすぎ注意(25MA+19%)
8244,近鉄百貨店,小売業,19.8,19.8,1,695,★☆☆☆☆,0.0,8.0,0,-0.7,0.0,4.3,0.0,7.5,0.0,0.0,0.0,,,0.0,5.5,1.5,5.4,1929,1989.0,2.1,0.1,150,RS転換0日目 / 買い出来高優勢 / MA上昇配列 / パーフェクトオーダー / RSI過熱(88)⚠
2413,エムスリー,サービス業,19.7,19.7,1,696,★☆☆☆☆,0.0,10.0,0,9.2,0.0,3.0,0.0,6.7,0.0,0.0,0.0,,,0.0,2.3,4.1,5.6,1704,1857.5,8.0,0.1,9888,RS転換0日目 / RS加速+9.2 / MA上昇配列
6785,鈴木,電気機器,19.7,19.7,1,697,★☆☆☆☆,0.0,14.0,0,7.0,0.0,0.0,0.0,5.7,0.0,0.0,0.0,,,0.0,2.1,3.4,4.1,2910,3120.0,8.5,0.2,245,RS転換0日目 / RS加速+7.0 / 高値圏かつ未過熱
7545,西松屋チェーン,小売業,19.7,19.7,1,698,★☆☆☆☆,0.0,10.0,0,-2.7,0.0,2.0,0.0,7.7,0.0,0.0,0.0,,,0.0,0.6,1.7,1.2,1958,2026.0,-0.0,0.0,832,RS転換0日目 / 25MA上抜け9日目 / MA上昇配列
7483,ドウシシャ,卸売業,19.7,19.7,1,699,★☆☆☆☆,0.0,12.0,0,0.7,0.0,0.0,0.0,7.7,0.0,0.0,0.0,,,0.0,0.4,1.6,1.9,2965,3060.0,1.8,0.1,201,RS転換0日目 / 25MA上抜け7日目 / MA上昇配列
1808,長谷工コーポレーション,建設業,19.7,19.7,1,700,★☆☆☆☆,0.0,10.0,0,-0.2,0.0,2.0,0.0,7.7,0.0,0.0,0.0,,,0.0,2.8,1.6,3.9,2817,2912.0,1.1,0.1,2206,RS転換0日目 / 25MA上抜け7日目 / MA上昇配列
9369,キユーソー流通システム,倉庫・運輸関連業,19.7,19.7,1,701,★☆☆☆☆,0.0,14.0,1,2.4,0.0,0.0,0.0,5.7,0.0,0.0,0.0,,,0.0,8.6,2.8,5.8,3026,3205.0,2.1,0.1,117,RS転換1日目 / 高値圏かつ未過熱
1944,きんでん,建設業,19.7,19.7,1,702,★☆☆☆☆,0.0,4.0,-1,9.4,9.7,0.0,0.0,6.0,0.0,0.0,0.0,,,0.0,-0.8,2.5,2.2,6823,7175.0,5.2,0.1,5096,RS加速+9.4 / AIデータセンター・電力(+1.9%)
6834,精工技研,電気機器,19.5,11.0,2,703,★☆☆☆☆,0.0,9.0,13,32.9,0.0,1.0,0.0,6.0,0.0,0.0,-5.0,,,0.0,52.0,8.3,24.9,4822,5780.0,16.8,0.1,6816,RS加速+32.9 / 過熱⚠25MA+25%
8084,ＲＹＯＤＥＮ,卸売業,19.5,19.5,1,704,★☆☆☆☆,0.0,9.0,30,-14.6,0.0,1.0,0.0,9.5,0.0,0.0,0.0,,,0.0,6.6,2.8,3.8,4473,4735.0,-0.2,0.1,285,高値圏かつ未過熱 / MA上昇配列 / パーフェクトオーダー
5246,ＥＬＥＭＥＮＴＳ,情報・通信業,19.5,19.5,1,705,★☆☆☆☆,0.0,7.5,40,14.5,0.0,2.0,0.0,10.0,0.0,0.0,0.0,,,0.0,20.2,4.6,10.7,825,908.0,8.4,0.1,393,RS加速+14.5 / MA上昇配列 / パーフェクトオーダー
8570,イオンフィナンシャルサービス,その他金融業,19.5,19.5,1,706,★☆☆☆☆,0.0,7.5,33,-0.8,0.0,2.0,0.0,10.0,0.0,0.0,0.0,,,0.0,7.2,1.9,5.0,1625,1690.5,0.3,0.4,965,高値圏かつ未過熱 / MA上昇配列
9697,カプコン,情報・通信業,19.5,19.5,1,707,★☆☆☆☆,0.0,12.0,0,-17.0,0.0,1.0,0.0,6.5,0.0,0.0,0.0,,,0.0,7.1,3.1,6.1,4054,4324.0,2.4,0.1,9080,RS転換0日目 / 高値圏かつ未過熱 / MA上昇配列
1964,中外炉工業,建設業,19.5,19.5,1,708,★☆☆☆☆,0.0,14.0,0,5.7,0.0,1.0,0.0,4.5,0.0,0.0,0.0,,,0.0,2.8,2.0,1.0,3888,4050.0,-0.5,0.0,123,RS転換0日目 / RS加速+5.7 / 25MA上抜け7日目
5161,西川ゴム工業,ゴム製品,19.5,19.5,1,709,★☆☆☆☆,0.0,7.5,33,-0.4,0.0,3.0,0.0,9.0,0.0,0.0,0.0,,,0.0,12.9,2.1,9.5,3626,3785.0,4.6,0.1,440,高値圏かつ未過熱 / MA上昇配列
9474,ゼンリン,情報・通信業,19.5,19.5,1,710,★☆☆☆☆,0.0,12.0,0,2.8,0.0,2.0,0.0,5.5,0.0,0.0,0.0,,,0.0,1.2,1.3,3.8,911,936.0,3.3,0.1,185,RS転換0日目 / 25MA上抜け5日目 / MA上昇配列 / RSI過熱(87)⚠
8136,サンリオ,卸売業,19.5,19.5,1,711,★☆☆☆☆,0.0,10.0,0,-0.5,0.0,2.0,0.0,7.5,0.0,0.0,0.0,,,0.0,2.4,5.5,5.0,1183,1328.5,9.8,0.2,32150,RS転換0日目 / 25MA上抜け1日目 / MA上昇配列 / パーフェクトオーダー
7921,ＴＡＫＡＲＡ　＆　ＣＯＭＰＡＮＹ,その他製品,19.5,19.5,1,712,★☆☆☆☆,0.0,12.0,0,2.0,0.0,0.0,0.0,7.5,0.0,0.0,0.0,,,0.0,0.7,2.1,2.3,4189,4375.0,1.2,0.0,104,RS転換0日目 / 高値圏かつ未過熱 / MA上昇配列
3001,片倉工業,繊維製品,19.5,19.5,1,713,★☆☆☆☆,0.0,12.0,0,-3.9,0.0,0.0,0.0,7.5,0.0,0.0,0.0,,,0.0,5.8,2.2,4.5,2907,3040.0,3.2,0.1,111,RS転換0日目 / 高値圏かつ未過熱 / MA上昇配列
4375,セーフィー,情報・通信業,19.4,19.4,1,714,★☆☆☆☆,0.0,12.0,0,1.5,0.0,0.0,0.0,6.0,0.0,1.4,0.0,,,0.0,2.5,3.8,5.3,640,693.0,5.6,0.1,140,RS転換0日目 / 25MA上抜け7日目 / 開示[子会社化](4日前)
4985,アース製薬,化学,19.3,19.3,1,715,★☆☆☆☆,0.0,8.0,0,-2.7,0.0,3.3,0.0,8.0,0.0,0.0,0.0,,,0.0,2.6,1.2,2.9,4825,4945.0,0.3,0.1,304,RS転換0日目 / 買い出来高優勢 / MA上昇配列
5724,アサカ理研,非鉄金属,19.3,19.3,1,716,★☆☆☆☆,0.0,9.0,16,7.0,0.0,5.3,0.0,8.0,0.0,0.0,-3.0,,,0.0,36.6,8.0,18.5,2744,3270.0,6.9,0.1,670,RS加速+7.0 / 買い出来高優勢 / 資金流入増 / MA上昇配列 / 伸びすぎ注意(25MA+19%)
3103,ユニチカ,繊維製品,19.3,19.3,1,717,★☆☆☆☆,0.0,9.0,17,36.6,0.0,5.3,0.0,10.0,0.0,0.0,-5.0,,,0.0,97.5,9.8,32.7,1331,1656.0,22.0,0.1,28412,RS加速+36.6 / 買い出来高優勢 / 資金流入増 / MA上昇配列 / パーフェクトオーダー / 過熱⚠25MA+33%
6440,ＪＵＫＩ,機械,19.3,19.3,1,718,★☆☆☆☆,0.0,9.0,30,22.6,0.0,5.3,0.0,8.0,0.0,0.0,-3.0,,,0.0,37.6,4.2,18.6,672,733.0,20.4,0.1,316,RS加速+22.6 / 買い出来高優勢 / 資金流入増 / MA上昇配列 / 伸びすぎ注意(25MA+19%)
2918,わらべや日洋ホールディングス,食料品,19.3,19.3,1,719,★☆☆☆☆,0.0,8.0,0,-0.1,0.0,3.3,0.0,8.0,0.0,0.0,0.0,,,0.0,1.8,1.3,2.6,2757,2829.0,0.6,0.2,308,RS転換0日目 / 買い出来高優勢 / MA上昇配列
5185,フコク,ゴム製品,19.3,19.3,1,720,★☆☆☆☆,0.0,7.5,33,-2.9,0.0,4.3,0.0,7.5,0.0,0.0,0.0,,,0.0,8.0,1.5,3.9,2003,2065.0,0.2,0.3,142,高値圏かつ未過熱 / 買い出来高優勢 / MA上昇配列
6085,アーキテクツ・スタジオ・ジャパン,サービス業,19.3,19.3,1,721,★☆☆☆☆,0.0,14.0,6,108.0,0.0,4.3,0.0,6.0,0.0,0.0,-5.0,,,0.0,120.7,15.8,73.2,134,196.0,43.1,0.1,1764,RS転換6日目 / RS加速+108.0 / 25MA上抜け6日目 / 買い出来高優勢 / 過熱⚠25MA+73%
4072,電算システムホールディングス,情報・通信業,19.3,19.3,1,722,★☆☆☆☆,0.0,8.0,0,-1.6,0.0,3.3,0.0,8.0,0.0,0.0,0.0,,,0.0,5.9,2.7,4.8,2996,3165.0,2.3,0.1,114,RS転換0日目 / 買い出来高優勢 / MA上昇配列
2695,くら寿司,小売業,19.3,19.3,1,723,★☆☆☆☆,0.0,8.0,0,-4.0,0.0,3.3,0.0,8.0,0.0,0.0,0.0,,,0.0,3.1,1.6,3.7,1697,1755.0,2.0,0.1,368,RS転換0日目 / 買い出来高優勢 / MA上昇配列
9722,藤田観光,サービス業,19.3,19.3,1,724,★☆☆☆☆,0.0,8.5,43,15.5,0.0,5.3,0.0,10.5,0.0,0.0,-5.0,,,0.0,53.5,3.4,33.2,2921,3135.0,16.5,0.2,966,RS加速+15.5 / 買い出来高優勢 / 資金流入増 / MA上昇配列 / 52週高値ブレイク! / RSI過熱(92)⚠ / 過熱⚠25MA+33%
4221,大倉工業,化学,19.2,19.2,1,725,★☆☆☆☆,0.0,7.5,37,-8.6,0.0,2.0,0.0,9.7,0.0,0.0,0.0,,,0.0,1.1,2.0,3.1,5487,5720.0,1.6,0.1,188,高値圏かつ未過熱 / MA上昇配列 / パーフェクトオーダー / 52週高値目前
4521,科研製薬,医薬品,19.2,19.2,1,726,★☆☆☆☆,0.0,14.0,0,2.9,0.0,0.0,0.0,5.2,0.0,0.0,0.0,,,0.0,3.8,1.3,1.8,3907,4015.0,0.9,0.1,519,RS転換0日目 / 高値圏かつ未過熱 / MA上昇配列
7721,東京計器,精密機器,19.2,19.2,1,727,★☆☆☆☆,0.0,14.0,2,5.5,0.0,1.0,0.0,4.2,0.0,0.0,0.0,,,0.0,2.5,5.6,0.4,6383,7190.0,4.7,0.1,2001,RS転換2日目 / RS加速+5.5 / 25MA上抜け4日目 / MA上昇配列
5851,リョービ,非鉄金属,19.2,19.2,1,728,★☆☆☆☆,0.0,9.0,25,-3.5,0.0,2.0,0.0,8.2,0.0,0.0,0.0,,,0.0,8.0,2.1,3.3,2694,2811.0,-0.0,0.1,354,高値圏かつ未過熱 / MA上昇配列 / パーフェクトオーダー
9470,学研ホールディングス,情報・通信業,19.2,19.2,1,729,★☆☆☆☆,0.0,12.0,0,-1.8,0.0,1.0,0.0,6.2,0.0,0.0,0.0,,,0.0,0.8,1.5,1.6,1014,1045.0,-0.6,0.3,116,RS転換0日目 / 高値圏かつ未過熱 / MA上昇配列
2780,コメ兵ホールディングス,小売業,19.2,19.2,1,730,★☆☆☆☆,0.0,14.0,0,5.5,0.0,2.0,0.0,3.2,0.0,0.0,0.0,,,0.0,2.4,4.4,1.7,4802,5270.0,3.3,0.0,731,RS転換0日目 / RS加速+5.5 / 高値圏かつ未過熱 / 資金流入増
3608,ＴＳＩホールディングス,繊維製品,19.0,19.0,1,731,★☆☆☆☆,0.0,8.0,0,-0.1,0.0,0.0,0.0,11.0,0.0,0.0,0.0,,,0.0,1.6,1.7,2.1,1231,1274.0,0.4,0.2,300,RS転換0日目 / MA上昇配列 / パーフェクトオーダー
1814,大末建設,建設業,19.0,19.0,1,732,★☆☆☆☆,0.0,14.0,0,4.9,0.0,1.0,0.0,4.0,0.0,0.0,0.0,,,0.0,4.2,2.0,1.9,3558,3705.0,1.9,0.1,339,RS転換0日目 / RS加速+4.9 / 25MA上抜け5日目 / MA上昇配列
6777,ｓａｎｔｅｃ　Ｈｏｌｄｉｎｇｓ,電気機器,19.0,19.0,1,733,★☆☆☆☆,0.0,14.0,4,14.4,0.0,0.0,0.0,5.0,0.0,0.0,0.0,,,0.0,11.1,6.4,4.6,17056,19540.0,5.1,0.1,3056,RS転換4日目 / RS加速+14.4 / 25MA上抜け4日目
1885,東亜建設工業,建設業,19.0,19.0,1,734,★☆☆☆☆,0.0,12.0,0,2.5,0.0,1.0,0.0,6.0,0.0,0.0,0.0,,,0.0,3.8,3.0,4.2,2025,2153.0,2.9,0.1,940,RS転換0日目 / 25MA上抜け7日目
5838,楽天銀行,銀行業,19.0,19.0,1,735,★☆☆☆☆,0.0,9.0,12,5.6,0.0,2.0,0.0,8.0,0.0,0.0,0.0,,,0.0,15.7,3.6,9.2,5981,6439.0,3.6,0.0,7162,RS加速+5.6 / MA上昇配列
7203,トヨタ自動車,輸送用機器,19.0,19.0,1,736,★☆☆☆☆,0.0,10.0,0,-3.7,0.0,0.0,0.0,9.0,0.0,0.0,0.0,,,0.0,2.7,2.1,5.7,3079,3212.0,2.8,0.2,79458,RS転換0日目 / 25MA上抜け7日目 / MA上昇配列
5367,ニッカトー,ガラス・土石製品,19.0,19.0,1,737,★☆☆☆☆,0.0,14.0,4,5.7,0.0,0.0,0.0,5.0,0.0,0.0,0.0,,,0.0,5.0,4.9,8.6,1187,1316.0,10.7,0.1,353,RS転換4日目 / RS加速+5.7 / 25MA上抜け0日目
2678,アスクル,小売業,19.0,19.0,1,738,★☆☆☆☆,0.0,10.0,0,-0.9,0.0,1.0,0.0,8.0,0.0,0.0,0.0,,,0.0,1.5,1.8,2.8,1260,1306.0,1.9,0.0,437,RS転換0日目 / 25MA上抜け8日目 / MA上昇配列
9201,日本航空,空運業,19.0,19.0,1,739,★☆☆☆☆,0.0,12.0,0,-5.2,0.0,0.0,0.0,7.0,0.0,0.0,0.0,,,0.0,1.0,1.5,0.5,2938,3030.0,1.0,0.1,6005,RS転換0日目 / 高値圏かつ未過熱 / MA上昇配列 / パーフェクトオーダー
2296,伊藤ハム米久ホールディングス,食料品,19.0,19.0,1,740,★☆☆☆☆,0.0,8.0,0,-1.4,0.0,2.0,0.0,9.0,0.0,0.0,0.0,,,0.0,3.2,1.4,2.4,5013,5160.0,0.4,0.0,600,RS転換0日目 / MA上昇配列
3496,アズーム,不動産業,19.0,19.0,1,741,★☆☆☆☆,0.0,8.0,0,-7.2,0.0,2.0,0.0,9.0,0.0,0.0,0.0,,,0.0,3.7,2.7,3.8,4652,4920.0,0.7,0.0,223,RS転換0日目 / MA上昇配列
8283,ＰＡＬＴＡＣ,卸売業,19.0,19.0,1,742,★☆☆☆☆,0.0,7.0,19,-6.3,0.0,1.0,0.0,11.0,0.0,0.0,0.0,,,0.0,-2.2,0.4,0.1,6583,6630.0,0.0,0.0,1134,高値圏かつ未過熱 / MA上昇配列 / パーフェクトオーダー / 52週高値目前
5351,品川リフラ,ガラス・土石製品,19.0,19.0,1,743,★☆☆☆☆,0.0,14.0,0,-1.5,0.0,1.0,0.0,4.0,0.0,0.0,0.0,,,0.0,0.1,1.8,1.2,2024,2099.0,-0.0,0.1,247,RS転換0日目 / 25MA上抜け6日目 / 高値圏かつ未過熱 / MA上昇配列
1980,ダイダン,建設業,19.0,19.0,1,744,★☆☆☆☆,0.0,9.0,12,11.0,0.0,2.0,0.0,8.0,0.0,0.0,0.0,,,0.0,13.5,3.5,6.3,2623,2818.0,3.1,0.1,2095,RS加速+11.0 / MA上昇配列
350A,デジタルグリッド,電気・ガス業,19.0,19.0,1,745,★☆☆☆☆,0.0,12.0,7,1.5,0.0,1.0,0.0,6.0,0.0,0.0,0.0,,,0.0,3.4,2.8,2.4,738,782.0,-0.1,0.2,168,RS転換7日目 / 25MA上抜け7日目
3405,クラレ,化学,19.0,19.0,1,746,★☆☆☆☆,0.0,12.0,0,1.1,0.0,1.0,0.0,6.0,0.0,0.0,0.0,,,0.0,0.1,2.2,1.3,1796,1878.0,2.8,0.0,3789,RS転換0日目 / 25MA上抜け1日目 / MA上昇配列 / パーフェクトオーダー
6062,チャーム・ケア・コーポレーション,サービス業,19.0,19.0,1,747,★☆☆☆☆,0.0,10.0,0,0.2,0.0,3.0,0.0,6.0,0.0,0.0,0.0,,,0.0,2.3,2.2,1.3,1354,1415.0,1.1,0.1,144,RS転換0日目 / MA上昇配列 / パーフェクトオーダー
5451,ヨドコウ,鉄鋼,19.0,19.0,1,748,★☆☆☆☆,0.0,12.0,0,-1.7,0.0,2.0,0.0,5.0,0.0,0.0,0.0,,,0.0,2.0,1.5,1.8,1397,1440.0,0.8,0.1,355,RS転換0日目 / 高値圏かつ未過熱 / MA上昇配列
4058,トヨクモ,情報・通信業,19.0,19.0,1,749,★☆☆☆☆,0.0,8.0,1,-8.8,0.0,3.0,0.0,8.0,0.0,0.0,0.0,,,0.0,8.7,4.2,8.9,2386,2607.0,6.5,0.2,124,RS転換1日目 / 資金流入増 / MA上昇配列
7575,日本ライフライン,卸売業,19.0,19.0,1,750,★☆☆☆☆,0.0,7.5,33,-11.6,0.0,1.0,0.0,10.5,0.0,0.0,0.0,,,0.0,0.6,2.0,5.2,1546,1610.0,2.6,0.1,311,高値圏かつ未過熱 / MA上昇配列 / 52週高値ブレイク!
5711,三菱マテリアル,非鉄金属,19.0,19.0,1,751,★☆☆☆☆,0.0,6.0,17,-1.7,0.0,4.0,0.0,12.0,0.0,0.0,-3.0,,,0.0,35.4,5.1,15.1,5169,5760.0,-0.2,0.2,14301,資金流入増 / MA上昇配列 / パーフェクトオーダー / 伸びすぎ注意(25MA+15%)
3231,野村不動産ホールディングス,不動産業,19.0,19.0,1,752,★☆☆☆☆,0.0,10.0,0,3.1,0.0,2.0,0.0,7.0,0.0,0.0,0.0,,,0.0,0.3,1.1,1.4,919,940.7000122070312,0.8,0.2,4181,RS転換0日目 / RS加速+3.1
1968,太平電業,建設業,19.0,19.0,1,753,★☆☆☆☆,0.0,12.0,0,2.2,0.0,1.0,0.0,6.0,0.0,0.0,0.0,,,0.0,0.1,2.6,1.8,2342,2472.0,0.9,0.0,447,RS転換0日目 / 25MA上抜け5日目
3923,ラクス,情報・通信業,19.0,19.0,1,754,★☆☆☆☆,0.0,8.0,1,-8.6,0.0,1.0,0.0,10.0,0.0,0.0,0.0,,,0.0,8.0,4.3,6.8,1066,1166.0,2.8,0.1,2082,RS転換1日目 / MA上昇配列 / パーフェクトオーダー
2301,学情,サービス業,18.8,18.8,1,755,★☆☆☆☆,0.0,10.0,0,0.3,0.0,3.3,0.0,5.5,0.0,0.0,0.0,,,0.0,5.0,1.7,4.5,1677,1736.0,1.1,0.1,150,RS転換0日目 / 買い出来高優勢 / MA上昇配列 / RSI過熱(90)⚠
5985,サンコール,金属製品,18.8,18.8,1,756,★☆☆☆☆,0.0,5.0,15,-12.9,0.0,5.3,0.0,8.5,0.0,0.0,0.0,,,0.0,62.0,10.8,13.1,1640,2091.0,-5.0,0.1,3714,買い出来高優勢 / 資金流入増 / MA上昇配列 / パーフェクトオーダー
8929,青山財産ネットワークス,不動産業,18.8,18.8,1,757,★☆☆☆☆,0.0,10.0,8,2.3,0.0,3.3,0.0,5.5,0.0,0.0,0.0,,,0.0,10.0,1.9,8.7,1368,1423.0,4.0,0.1,102,RS転換8日目 / 買い出来高優勢 / MA上昇配列 / RSI過熱(93)⚠
7988,ニフコ,化学,18.8,18.8,1,758,★☆☆☆☆,0.0,2.0,-1,1.8,0.0,2.0,0.0,12.0,0.0,2.8,0.0,,,0.0,-1.5,1.8,2.7,5045,5233.0,3.8,0.1,1227,MA上昇配列 / パーフェクトオーダー / 開示[自己株式の取得](1日前)
6458,新晃工業,機械,18.7,18.7,1,759,★☆☆☆☆,0.0,12.0,0,1.3,0.0,1.0,0.0,5.7,0.0,0.0,0.0,,,0.0,1.7,1.5,2.6,1230,1269.0,0.8,0.1,298,RS転換0日目 / 25MA上抜け7日目
4420,イーソル,情報・通信業,18.7,18.7,1,760,★☆☆☆☆,0.0,10.0,1,35.7,0.0,6.7,0.0,7.0,0.0,0.0,-5.0,,,0.0,26.9,5.4,27.2,822,923.0,31.3,3.4,106,RS転換1日目 / RS加速+35.7 / 出来高急増3.4倍 / 過熱⚠25MA+27%
5393,ニチアス,ガラス・土石製品,18.7,18.7,1,761,★☆☆☆☆,0.0,14.0,0,6.2,0.0,0.0,0.0,4.7,0.0,0.0,0.0,,,0.0,1.5,3.1,1.6,3259,3477.0,6.8,0.1,1991,RS転換0日目 / RS加速+6.2 / 25MA上抜け0日目
2805,ヱスビー食品,食料品,18.7,18.7,1,762,★☆☆☆☆,0.0,7.5,40,-3.2,0.0,3.0,0.0,8.2,0.0,0.0,0.0,,,0.0,2.3,3.6,2.8,6390,6880.0,2.2,0.1,377,高値圏かつ未過熱 / MA上昇配列 / パーフェクトオーダー
9007,小田急電鉄,陸運業,18.7,18.7,1,763,★☆☆☆☆,0.0,10.0,0,-0.0,0.0,0.0,0.0,8.7,0.0,0.0,0.0,,,0.0,0.2,1.6,3.4,1747,1804.5,2.4,0.1,2155,RS転換0日目 / 25MA上抜け6日目 / MA上昇配列 / パーフェクトオーダー
6217,津田駒工業,機械,18.7,18.7,1,764,★☆☆☆☆,0.0,12.0,5,12.5,0.0,2.0,0.0,4.7,0.0,0.0,0.0,,,0.0,16.9,6.7,5.7,720,831.0,4.0,0.0,131,RS転換5日目 / RS加速+12.5
3092,ＺＯＺＯ,小売業,18.7,18.7,1,765,★☆☆☆☆,0.0,12.0,0,1.4,0.0,0.0,0.0,6.7,0.0,0.0,0.0,,,0.0,1.2,2.0,2.8,1134,1180.0,3.6,0.2,2785,RS転換0日目 / 25MA上抜け1日目 / MA上昇配列
6753,シャープ,電気機器,18.7,18.7,1,766,★☆☆☆☆,0.0,10.0,0,-0.0,0.0,2.0,0.0,6.7,0.0,0.0,0.0,,,0.0,6.0,3.2,5.1,625,668.0999755859375,5.9,0.1,2226,RS転換0日目 / 25MA上抜け3日目 / MA上昇配列
5410,合同製鐵,鉄鋼,18.7,18.7,1,767,★☆☆☆☆,0.0,10.0,0,0.8,0.0,2.0,0.0,6.7,0.0,0.0,0.0,,,0.0,7.5,1.7,5.7,3002,3110.0,3.7,0.2,247,RS転換0日目 / MA上昇配列
7018,内海造船,輸送用機器,18.5,18.5,1,768,★☆☆☆☆,0.0,7.5,38,12.3,0.0,3.0,0.0,8.0,0.0,0.0,0.0,,,0.0,19.8,6.3,11.5,11327,12950.0,9.7,0.1,394,RS加速+12.3 / MA上昇配列
2220,亀田製菓,食料品,18.5,18.5,1,769,★☆☆☆☆,0.0,9.0,15,-1.9,0.0,2.0,0.0,7.5,0.0,0.0,0.0,,,0.0,10.0,2.1,7.8,1365,1424.0,2.9,0.2,264,高値圏かつ未過熱 / MA上昇配列 / RSI過熱(86)⚠
4689,ＬＩＮＥヤフー,情報・通信業,18.5,18.5,1,770,★☆☆☆☆,0.0,5.5,37,1.4,0.0,4.3,0.0,8.7,0.0,0.0,0.0,,,0.0,22.5,2.5,12.1,528,556.4000244140625,4.3,0.1,10132,買い出来高優勢 / MA上昇配列 / パーフェクトオーダー
9743,丹青社,サービス業,18.5,18.5,1,771,★☆☆☆☆,0.0,9.5,34,0.0,0.0,0.0,0.0,9.0,0.0,0.0,0.0,,,0.0,9.2,1.6,6.0,1496,1544.0,1.7,0.2,560,高値圏かつ未過熱 / MA上昇配列 / 52週高値目前 / RSI過熱(89)⚠
9506,東北電力,電気・ガス業,18.5,18.5,1,772,★☆☆☆☆,0.0,7.5,43,-0.7,0.0,2.0,0.0,9.0,0.0,0.0,0.0,,,0.0,12.5,2.3,8.3,1290,1352.0,3.2,0.2,3423,高値圏かつ未過熱 / MA上昇配列
6701,日本電気,電気機器,18.5,18.5,1,773,★☆☆☆☆,0.0,10.0,0,-6.2,0.0,3.3,0.0,5.2,0.0,0.0,0.0,,,0.0,3.1,3.5,4.7,4629,4982.0,5.8,0.1,30560,RS転換0日目 / 25MA上抜け2日目 / 買い出来高優勢 / MA上昇配列
8276,平和堂,小売業,18.5,18.5,1,774,★☆☆☆☆,0.0,8.0,0,-5.5,0.0,4.0,0.0,6.5,0.0,0.0,0.0,,,0.0,0.6,1.7,0.7,2607,2700.0,-1.8,0.0,923,RS転換0日目 / 資金流入増 / MA上昇配列
3402,東レ,繊維製品,18.5,18.5,1,775,★☆☆☆☆,0.0,9.5,32,0.1,0.0,2.0,0.0,7.0,0.0,0.0,0.0,,,0.0,10.8,2.3,3.3,1246,1306.5,0.9,0.1,7080,高値圏かつ未過熱 / MA上昇配列 / パーフェクトオーダー
2489,アドウェイズ,サービス業,18.5,18.5,1,776,★☆☆☆☆,0.0,7.5,44,10.1,0.0,5.3,0.0,8.7,0.0,0.0,-3.0,,,0.0,32.1,5.1,19.7,382,425.0,13.3,0.1,206,RS加速+10.1 / 買い出来高優勢 / 資金流入増 / MA上昇配列 / パーフェクトオーダー / 伸びすぎ注意(25MA+20%)
4680,ラウンドワン,サービス業,18.5,18.5,1,777,★☆☆☆☆,0.0,8.0,1,-4.6,0.0,3.3,0.0,7.2,0.0,0.0,0.0,,,0.0,9.0,4.2,4.0,1235,1349.5,-0.2,0.1,3931,RS転換1日目 / 買い出来高優勢 / MA上昇配列 / パーフェクトオーダー
7510,たけびし,卸売業,18.5,18.5,1,778,★☆☆☆☆,0.0,9.5,33,2.6,0.0,2.0,0.0,7.0,0.0,0.0,0.0,,,0.0,13.0,2.5,2.1,2660,2803.0,2.1,0.2,129,高値圏かつ未過熱 / 資金流入増 / MA上昇配列 / パーフェクトオーダー
6302,住友重機械工業,機械,18.5,18.5,1,779,★☆☆☆☆,0.0,9.5,31,-2.9,0.0,2.0,0.0,7.0,0.0,0.0,0.0,,,0.0,7.3,3.5,0.6,5323,5723.0,-2.8,0.0,5377,25MA上抜け7日目 / 高値圏かつ未過熱 / MA上昇配列 / パーフェクトオーダー
4919,ミルボン,化学,18.5,18.5,1,780,★☆☆☆☆,0.0,5.5,33,1.2,0.0,4.3,0.0,8.7,0.0,0.0,0.0,,,0.0,18.1,2.8,9.0,3151,3340.0,1.4,0.1,554,買い出来高優勢 / MA上昇配列 / パーフェクトオーダー
9603,エイチ・アイ・エス,サービス業,18.4,18.4,1,781,★☆☆☆☆,0.0,8.0,1,-3.6,0.0,1.0,0.0,8.0,0.0,1.4,0.0,,,0.0,13.4,2.0,5.4,1133,1180.0,1.1,0.1,496,RS転換1日目 / MA上昇配列 / 開示[子会社化](4日前)
4933,Ｉ－ｎｅ,化学,18.3,18.3,1,782,★☆☆☆☆,0.0,5.0,30,-0.2,0.0,3.3,0.0,10.0,0.0,0.0,0.0,,,0.0,15.8,2.6,8.0,1402,1479.0,3.1,0.0,104,買い出来高優勢 / MA上昇配列 / パーフェクトオーダー
7138,ＴＯＲＩＣＯ,小売業,18.3,18.3,1,783,★☆☆☆☆,0.0,10.0,6,-15.3,0.0,5.3,0.0,8.0,0.0,0.0,-5.0,,,0.0,37.5,10.4,21.5,137,173.0,-13.1,0.0,390,RS転換6日目 / 25MA上抜け7日目 / 買い出来高優勢 / 資金流入増 / MA上昇配列 / 過熱⚠25MA+21%
290A,Ｓｙｎｓｐｅｃｔｉｖｅ,情報・通信業,18.3,18.3,1,784,★☆☆☆☆,0.0,9.0,18,12.5,0.0,3.3,0.0,6.0,0.0,0.0,0.0,,,0.0,30.2,5.4,13.2,1352,1517.0,12.7,0.1,2056,RS加速+12.5 / 買い出来高優勢
6433,ヒーハイスト,機械,18.3,18.3,1,785,★☆☆☆☆,0.0,12.0,7,23.0,0.0,3.3,0.0,6.0,0.0,0.0,-3.0,,,0.0,29.2,5.9,18.2,1033,1170.0,12.3,0.1,171,RS転換7日目 / RS加速+23.0 / 買い出来高優勢 / 伸びすぎ注意(25MA+18%)
6645,オムロン,電気機器,18.3,18.3,1,786,★☆☆☆☆,0.0,9.0,17,4.0,0.0,4.3,0.0,5.0,0.0,0.0,0.0,,,0.0,17.7,3.6,3.8,6026,6497.0,3.0,0.1,12005,RS加速+4.0 / 買い出来高優勢 / MA上昇配列 / パーフェクトオーダー
7777,スリー・ディー・マトリックス,精密機器,18.3,18.3,1,787,★☆☆☆☆,0.0,9.0,14,9.4,0.0,3.3,0.0,6.0,0.0,0.0,0.0,,,0.0,14.1,3.9,8.3,352,382.0,4.9,0.2,475,RS加速+9.4 / 買い出来高優勢
3932,アカツキ,情報・通信業,18.3,18.3,1,788,★☆☆☆☆,0.0,4.5,33,-1.4,0.0,4.3,0.0,12.5,0.0,0.0,-3.0,,,0.0,28.7,4.1,18.3,3656,3985.0,4.3,0.0,384,買い出来高優勢 / MA上昇配列 / パーフェクトオーダー / 52週高値ブレイク! / RSI過熱(85)⚠ / 伸びすぎ注意(25MA+18%)
3853,アステリア,情報・通信業,18.3,18.3,1,789,★☆☆☆☆,0.0,9.0,16,9.1,0.0,3.3,0.0,6.0,0.0,0.0,0.0,,,0.0,12.9,4.5,6.4,1086,1194.0,3.8,0.0,461,RS加速+9.1 / 買い出来高優勢
4973,日本高純度化学,化学,18.3,18.3,1,790,★☆☆☆☆,0.0,10.0,5,7.4,0.0,3.3,0.0,5.0,0.0,0.0,0.0,,,0.0,11.4,2.5,5.1,4619,4860.0,4.2,0.1,306,RS転換5日目 / RS加速+7.4 / 買い出来高優勢
2760,東京エレクトロン　デバイス,卸売業,18.2,18.2,1,791,★☆☆☆☆,0.0,12.0,0,0.7,0.0,0.0,0.0,6.2,0.0,0.0,0.0,,,0.0,3.5,4.0,3.5,3912,4250.0,6.4,0.1,772,RS転換0日目 / 25MA上抜け0日目 / MA上昇配列 / パーフェクトオーダー
9997,ベルーナ,小売業,18.2,18.2,1,792,★☆☆☆☆,0.0,6.0,-1,0.7,0.0,0.0,0.0,12.2,0.0,0.0,0.0,,,0.0,-0.7,1.5,4.1,1055,1088.0,1.3,0.1,261,25MA上抜け7日目 / MA上昇配列 / パーフェクトオーダー / 52週高値目前
5273,三谷セキサン,ガラス・土石製品,18.2,18.2,1,793,★☆☆☆☆,0.0,7.5,41,-5.9,0.0,2.0,0.0,8.7,0.0,0.0,0.0,,,0.0,7.9,3.5,8.1,1952,2098.0,4.5,0.1,118,高値圏かつ未過熱 / MA上昇配列
7199,プレミアグループ,その他金融業,18.2,18.2,1,794,★☆☆☆☆,0.0,10.0,0,-2.8,0.0,1.0,0.0,7.2,0.0,0.0,0.0,,,0.0,1.5,2.5,0.8,2016,2122.0,-0.4,0.1,444,RS転換0日目 / 25MA上抜け7日目 / MA上昇配列 / パーフェクトオーダー
6794,フォスター電機,電気機器,18.2,18.2,1,795,★☆☆☆☆,0.0,9.0,21,-2.3,0.0,2.0,0.0,7.2,0.0,0.0,0.0,,,0.0,3.4,3.9,2.0,2772,3005.0,-1.0,0.0,568,高値圏かつ未過熱 / MA上昇配列 / パーフェクトオーダー
4194,ビジョナル,情報・通信業,18.0,18.0,1,796,★☆☆☆☆,0.0,8.0,0,-1.4,0.0,2.0,0.0,8.0,0.0,0.0,0.0,,,0.0,7.9,2.8,5.0,9043,9574.0,3.1,0.1,1757,RS転換0日目 / MA上昇配列
6183,ベルシステム２４ホールディングス,サービス業,18.0,18.0,1,797,★☆☆☆☆,0.0,10.0,0,0.5,0.0,1.0,0.0,7.0,0.0,0.0,0.0,,,0.0,2.3,1.6,2.7,1350,1393.0,0.9,0.1,428,RS転換0日目
1887,日本国土開発,建設業,18.0,18.0,1,798,★☆☆☆☆,0.0,8.0,0,-1.4,0.0,2.0,0.0,8.0,0.0,0.0,0.0,,,0.0,5.0,1.5,3.5,536,552.0,0.4,0.9,158,RS転換0日目 / MA上昇配列
7868,広済堂ホールディングス,その他製品,18.0,18.0,1,799,★☆☆☆☆,0.0,9.0,11,4.1,0.0,3.0,0.0,6.0,0.0,0.0,0.0,,,0.0,12.3,3.0,6.4,542,577.0,0.5,1.4,259,RS加速+4.1
6369,トーヨーカネツ,機械,18.0,18.0,1,800,★☆☆☆☆,0.0,10.0,0,-0.3,0.0,0.0,0.0,8.0,0.0,0.0,0.0,,,0.0,0.1,1.7,1.2,2409,2496.0,0.9,0.0,227,RS転換0日目 / 25MA上抜け7日目 / MA上昇配列
6526,ソシオネクスト,電気機器,18.0,18.0,1,801,★☆☆☆☆,4.3,10.0,0,21.4,0.0,1.0,0.0,2.7,0.0,0.0,0.0,,Broadcom,1.2,0.5,4.7,-3.0,1776,1959.5,1.8,0.1,14344,RS転換0日目 / RS加速+21.4 / Broadcom+4.1%連動(β0.26)
3105,日清紡ホールディングス,電気機器,18.0,18.0,1,802,★☆☆☆☆,0.0,14.0,0,12.1,0.0,2.0,0.0,2.0,0.0,0.0,0.0,,,0.0,3.8,3.8,2.5,2130,2305.5,9.9,0.1,1775,RS転換0日目 / RS加速+12.1 / 高値圏かつ未過熱
4418,ＪＤＳＣ,情報・通信業,18.0,18.0,1,803,★☆☆☆☆,0.0,12.0,9,9.6,0.0,4.3,0.0,6.7,0.0,0.0,-5.0,,,0.0,41.4,5.9,27.6,1017,1154.0,9.4,0.1,296,RS転換9日目 / RS加速+9.6 / 買い出来高優勢 / MA上昇配列 / 過熱⚠25MA+28%
6328,荏原実業,機械,18.0,18.0,1,804,★☆☆☆☆,0.0,4.0,-1,-1.9,0.0,3.0,0.0,11.0,0.0,0.0,0.0,,,0.0,-1.9,2.5,1.0,2285,2407.0,-1.0,0.1,340,25MA上抜け7日目 / 資金流入増 / MA上昇配列 / パーフェクトオーダー
5892,ｙｕｔｏｒｉ,小売業,18.0,18.0,1,805,★☆☆☆☆,0.0,7.0,30,2.2,0.0,3.0,0.0,8.0,0.0,0.0,0.0,,,0.0,22.2,5.9,13.5,2319,2629.0,10.4,0.1,191,MA上昇配列
197A,タウンズ,医薬品,18.0,18.0,1,806,★☆☆☆☆,0.0,8.0,0,-1.0,0.0,3.3,0.0,6.7,0.0,0.0,0.0,,,0.0,5.2,1.8,4.2,489,507.0,-0.6,0.0,147,RS転換0日目 / 買い出来高優勢 / MA上昇配列
3635,コーエーテクモホールディングス,情報・通信業,18.0,18.0,1,807,★☆☆☆☆,0.0,8.0,0,-5.4,0.0,2.0,0.0,8.0,0.0,0.0,0.0,,,0.0,6.1,2.2,5.7,1662,1739.5,2.5,0.2,1544,RS転換0日目 / MA上昇配列
4716,日本オラクル,情報・通信業,18.0,18.0,1,808,★☆☆☆☆,0.0,8.0,0,-6.0,0.0,2.0,0.0,8.0,0.0,0.0,0.0,,,0.0,5.4,2.4,4.3,9082,9539.0,1.8,0.1,2063,RS転換0日目 / MA上昇配列
6758,ソニーグループ,電気機器,18.0,18.0,1,809,★☆☆☆☆,0.0,8.0,0,-7.6,0.0,1.0,0.0,9.0,0.0,0.0,0.0,,,0.0,4.0,2.5,6.8,3811,4012.0,4.2,0.1,55409,RS転換0日目 / MA上昇配列
3252,地主,不動産業,18.0,18.0,1,810,★☆☆☆☆,0.0,8.0,0,-1.1,0.0,1.0,0.0,9.0,0.0,0.0,0.0,,,0.0,0.1,1.6,1.6,2885,2983.0,-0.0,0.1,347,RS転換0日目 / MA上昇配列
9270,バリュエンスホールディングス,卸売業,18.0,18.0,1,811,★☆☆☆☆,0.0,12.0,7,4.0,0.0,0.0,0.0,6.0,0.0,0.0,0.0,,,0.0,13.8,3.5,6.5,1937,2083.0,-0.1,0.1,122,RS転換7日目 / RS加速+4.0
7965,象印マホービン,電気機器,18.0,18.0,1,812,★☆☆☆☆,0.0,8.0,0,-2.7,0.0,2.0,0.0,8.0,0.0,0.0,0.0,,,0.0,1.6,1.3,2.4,1454,1492.0,0.7,0.1,186,RS転換0日目 / MA上昇配列
3692,ＦＦＲＩセキュリティ,情報・通信業,18.0,18.0,1,813,★☆☆☆☆,0.0,14.0,2,13.2,0.0,1.0,0.0,6.0,0.0,0.0,-3.0,,,0.0,11.5,5.5,15.5,5238,5890.0,18.2,0.2,647,RS転換2日目 / RS加速+13.2 / 25MA上抜け2日目 / 伸びすぎ注意(25MA+15%)
2874,横浜冷凍,卸売業,18.0,18.0,1,814,★☆☆☆☆,0.0,10.0,0,3.7,0.0,1.0,0.0,7.0,0.0,0.0,0.0,,,0.0,1.2,3.6,3.3,2041,2202.0,3.4,0.0,426,RS転換0日目 / RS加速+3.7
5592,くすりの窓口,情報・通信業,18.0,18.0,1,815,★☆☆☆☆,0.0,5.0,25,-1.6,0.0,2.0,0.0,8.0,0.0,3.0,0.0,,,0.0,14.9,4.2,7.7,2540,2773.0,3.0,0.0,172,MA上昇配列 / 開示[自己株式取得](0日前)
1813,不動テトラ,建設業,18.0,18.0,1,816,★☆☆☆☆,0.0,8.0,0,-0.2,0.0,2.0,0.0,8.0,0.0,0.0,0.0,,,0.0,4.9,2.0,2.8,2753,2866.0,0.3,0.2,193,RS転換0日目 / MA上昇配列
6613,ＱＤレーザ,電気機器,18.0,18.0,1,817,★☆☆☆☆,0.0,10.0,10,-11.7,0.0,3.3,0.0,4.7,0.0,0.0,0.0,,,0.0,28.7,10.3,7.1,1593,2008.0,-13.8,0.1,7059,RS転換10日目 / 25MA上抜け10日目 / 買い出来高優勢
4686,ジャストシステム,情報・通信業,18.0,18.0,1,818,★☆☆☆☆,0.0,8.0,0,-4.4,0.0,2.0,0.0,8.0,0.0,0.0,0.0,,,0.0,4.1,2.2,5.5,4084,4275.0,4.4,0.1,339,RS転換0日目 / MA上昇配列
4481,ベース,情報・通信業,18.0,18.0,1,819,★☆☆☆☆,0.0,8.0,0,-2.4,0.0,2.0,0.0,8.0,0.0,0.0,0.0,,,0.0,4.5,2.6,5.4,3244,3425.0,2.1,0.1,305,RS転換0日目 / MA上昇配列
543A,ＡＲＣＨＩＯＮ,輸送用機器,18.0,18.0,1,820,★☆☆☆☆,0.0,10.0,0,6.8,0.0,4.3,0.0,3.7,0.0,0.0,0.0,,,0.0,2.9,3.0,1.7,263,280.0,2.6,0.3,6733,RS転換0日目 / RS加速+6.8 / 買い出来高優勢
6364,ＡＩＲＭＡＮ,機械,18.0,18.0,1,821,★☆☆☆☆,0.0,7.5,44,-24.7,0.0,1.0,0.0,9.5,0.0,0.0,0.0,,,0.0,0.4,2.6,4.3,2473,2608.0,3.7,0.0,281,高値圏かつ未過熱 / MA上昇配列 / パーフェクトオーダー
6417,ＳＡＮＫＹＯ,機械,18.0,18.0,1,822,★☆☆☆☆,0.0,8.0,0,-4.5,0.0,2.0,0.0,8.0,0.0,0.0,0.0,,,0.0,7.6,1.9,6.1,1954,2031.0,3.9,0.1,1810,RS転換0日目 / MA上昇配列
4461,第一工業製薬,化学,18.0,18.0,1,823,★☆☆☆☆,0.0,9.0,20,-18.5,0.0,3.0,0.0,6.0,0.0,0.0,0.0,,,0.0,5.9,5.7,3.4,12067,13620.0,3.1,0.1,2745,高値圏かつ未過熱 / MA上昇配列 / パーフェクトオーダー
2590,ダイドーグループホールディングス,食料品,17.9,17.900000000000002,1,824,★☆☆☆☆,0.0,2.0,-1,-3.2,0.0,3.3,0.0,11.0,0.0,1.6,0.0,,,0.0,-0.8,3.1,2.0,2856,3045.0,-0.5,0.0,331,買い出来高優勢 / MA上昇配列 / パーフェクトオーダー / 開示[業績予想の修正](5日前)
6469,放電精密加工研究所,機械,17.8,17.8,1,825,★☆☆☆☆,0.0,9.0,13,4.4,0.0,3.3,0.0,5.5,0.0,0.0,0.0,,,0.0,11.0,4.6,3.3,2651,2918.0,-0.3,0.1,171,RS加速+4.4 / 買い出来高優勢 / MA上昇配列
150A,ＪＳＨ,サービス業,17.8,17.8,1,826,★☆☆☆☆,0.0,7.5,37,47.7,0.0,5.3,0.0,10.0,0.0,0.0,-5.0,,,0.0,81.5,8.7,29.7,645,780.0,3.7,0.0,392,RS加速+47.7 / 買い出来高優勢 / 資金流入増 / MA上昇配列 / パーフェクトオーダー / 過熱⚠25MA+30%
7366,ＬＩＴＡＬＩＣＯ,サービス業,17.8,17.8,1,827,★☆☆☆☆,0.0,3.5,34,-0.2,0.0,4.3,0.0,10.0,0.0,0.0,0.0,,,0.0,16.9,2.7,6.8,1788,1891.0,0.2,0.0,266,買い出来高優勢 / MA上昇配列 / パーフェクトオーダー
7906,ヨネックス,その他製品,17.8,17.8,1,828,★☆☆☆☆,0.0,8.0,0,-4.3,0.0,4.3,0.0,5.5,0.0,0.0,0.0,,,0.0,5.5,3.9,3.4,2580,2798.0,-1.0,0.0,1552,RS転換0日目 / 買い出来高優勢 / MA上昇配列
4052,フィーチャ,情報・通信業,17.8,17.8,1,829,★☆☆☆☆,0.0,7.5,33,62.8,0.0,5.3,0.0,10.0,0.0,0.0,-5.0,,,0.0,125.2,12.0,54.1,590,777.0,47.7,0.5,514,RS加速+62.8 / 買い出来高優勢 / 資金流入増 / MA上昇配列 / パーフェクトオーダー / 過熱⚠25MA+54%
3994,マネーフォワード,情報・通信業,17.8,17.8,1,830,★☆☆☆☆,0.0,3.5,40,-1.3,0.0,4.3,0.0,10.0,0.0,0.0,0.0,,,0.0,16.6,6.5,10.7,5627,6467.0,0.3,0.0,3261,買い出来高優勢 / MA上昇配列 / パーフェクトオーダー
8167,リテールパートナーズ,小売業,17.8,17.8,1,831,★☆☆☆☆,0.0,8.0,0,-4.5,0.0,3.0,0.0,6.2,0.0,0.6,0.0,,,0.0,1.6,2.6,0.8,1327,1400.0,-0.9,0.1,334,RS転換0日目 / 資金流入増 / MA上昇配列 / パーフェクトオーダー / 開示[自己株式の取得](11日前)
9987,スズケン,卸売業,17.8,17.8,1,832,★☆☆☆☆,0.0,10.0,0,4.7,0.0,1.0,0.0,4.7,0.0,2.1,0.0,,,0.0,1.6,1.9,4.0,5070,5272.0,3.7,0.2,772,RS転換0日目 / RS加速+4.7 / 開示[自己株式取得](4日前)
2484,出前館,情報・通信業,17.8,17.8,1,833,★☆☆☆☆,0.0,7.5,34,17.4,0.0,5.3,0.0,8.0,0.0,0.0,-3.0,,,0.0,29.1,5.0,17.8,159,177.0,14.2,0.2,145,RS加速+17.4 / 買い出来高優勢 / 資金流入増 / MA上昇配列 / 伸びすぎ注意(25MA+18%)
6918,アバールデータ,電気機器,17.8,17.8,1,834,★☆☆☆☆,0.0,5.0,19,-1.0,0.0,5.3,0.0,7.5,0.0,0.0,0.0,,,0.0,9.7,5.4,1.8,3111,3485.0,-2.1,0.1,264,買い出来高優勢 / 資金流入増 / MA上昇配列 / パーフェクトオーダー
6276,シリウスビジョン,電気機器,17.8,17.8,1,835,★☆☆☆☆,0.0,5.0,12,-7.2,0.0,5.3,0.0,7.5,0.0,0.0,0.0,,,0.0,18.5,10.6,6.1,288,365.0,-7.4,0.1,110,買い出来高優勢 / 資金流入増 / MA上昇配列 / パーフェクトオーダー
7611,ハイデイ日高,小売業,17.8,17.8,1,836,★☆☆☆☆,0.0,8.0,0,-0.8,0.0,4.3,0.0,5.5,0.0,0.0,0.0,,,0.0,5.2,1.6,5.9,2965,3060.0,3.4,0.2,913,RS転換0日目 / 買い出来高優勢 / MA上昇配列 / RSI過熱(88)⚠
4565,ネクセラファーマ,医薬品,17.7,17.7,1,837,★☆☆☆☆,0.0,9.0,14,10.8,0.0,3.0,0.0,8.7,0.0,0.0,-3.0,,,0.0,31.0,4.9,15.8,1050,1165.0,6.1,0.1,1023,RS加速+10.8 / MA上昇配列 / パーフェクトオーダー / 伸びすぎ注意(25MA+16%)
6619,ダブル・スコープ,電気機器,17.7,17.7,1,838,★☆☆☆☆,0.0,14.0,2,12.9,0.0,0.0,0.0,3.7,0.0,0.0,0.0,,,0.0,8.3,3.3,4.5,150,161.0,5.9,0.4,301,RS転換2日目 / RS加速+12.9 / 25MA上抜け4日目
4972,綜研化学,化学,17.7,17.7,1,839,★☆☆☆☆,0.0,11.0,4,38.3,0.0,0.0,0.0,9.7,0.0,0.0,-3.0,,,0.0,25.7,3.0,19.0,3711,3945.0,17.1,0.3,301,RS転換4日目 / RS加速+38.3 / 52週高値ブレイク! / 伸びすぎ注意(25MA+19%)
2579,コカ・コーラ　ボトラーズジャパンホールディングス,食料品,17.7,17.7,1,840,★☆☆☆☆,0.0,14.0,0,12.2,0.0,0.0,0.0,3.7,0.0,0.0,0.0,,,0.0,1.6,2.5,-0.5,3765,3964.0,2.5,0.0,3370,RS転換0日目 / RS加速+12.2 / 高値圏かつ未過熱
6890,フェローテック,電気機器,17.7,17.7,1,841,★☆☆☆☆,0.0,12.0,4,13.7,0.0,1.0,0.0,4.7,0.0,0.0,0.0,,,0.0,9.6,5.7,5.8,8200,9260.0,6.7,0.1,12156,RS転換4日目 / RS加速+13.7
7995,バルカー,化学,17.7,17.7,1,842,★☆☆☆☆,0.0,14.0,3,4.5,0.0,0.0,0.0,3.7,0.0,0.0,0.0,,,0.0,1.9,3.4,0.6,6279,6740.0,2.7,0.1,563,RS転換3日目 / RS加速+4.5 / 25MA上抜け0日目
6653,正興電機製作所,電気機器,17.7,17.7,1,843,★☆☆☆☆,0.0,14.0,2,10.3,0.0,0.0,0.0,3.7,0.0,0.0,0.0,,,0.0,5.4,2.9,1.6,2101,2229.0,4.1,0.2,209,RS転換2日目 / RS加速+10.3 / 25MA上抜け2日目
2791,大黒天物産,小売業,17.7,17.7,1,844,★☆☆☆☆,0.0,10.0,0,0.3,0.0,1.0,0.0,6.7,0.0,0.0,0.0,,,0.0,1.8,2.2,2.8,4464,4665.0,1.9,0.1,190,RS転換0日目 / MA上昇配列
7013,ＩＨＩ,機械,17.7,17.7,1,845,★☆☆☆☆,0.0,4.0,-1,6.8,9.5,0.0,0.0,4.2,0.0,0.0,0.0,,,0.0,-2.1,3.7,1.1,2614,2825.5,6.1,0.2,39526,RS加速+6.8 / 防衛(+1.8%) / MA上昇配列
9006,京浜急行電鉄,陸運業,17.7,17.7,1,846,★☆☆☆☆,0.0,6.0,-1,0.2,0.0,1.0,0.0,10.7,0.0,0.0,0.0,,,0.0,-0.4,1.2,1.8,1543,1581.5,0.7,0.1,1111,25MA上抜け7日目 / MA上昇配列 / パーフェクトオーダー
2160,ジーエヌアイグループ,医薬品,17.7,17.7,1,847,★☆☆☆☆,0.0,9.0,16,9.9,0.0,2.0,0.0,6.7,0.0,0.0,0.0,,,0.0,12.3,5.1,4.3,2539,2829.0,4.7,0.1,3167,RS加速+9.9 / MA上昇配列
6946,日本アビオニクス,電気機器,17.7,17.7,1,848,★☆☆☆☆,0.0,11.0,27,6.8,0.0,0.0,0.0,6.7,0.0,0.0,0.0,,,0.0,8.0,5.0,4.3,5257,5840.0,6.2,0.1,966,RS加速+6.8 / 25MA上抜け5日目 / MA上昇配列
8058,三菱商事,卸売業,17.7,17.7,1,849,★☆☆☆☆,0.0,8.0,-1,3.7,0.0,0.0,0.0,9.7,0.0,0.0,0.0,,,0.0,-0.3,1.9,1.7,4669,4858.0,1.4,0.1,32329,RS加速+3.7 / 25MA上抜け1日目 / MA上昇配列 / パーフェクトオーダー
6194,アトラエ,サービス業,17.5,17.5,1,850,★☆☆☆☆,0.0,8.0,0,-7.3,0.0,2.0,0.0,7.5,0.0,0.0,0.0,,,0.0,2.1,2.9,2.0,844,896.0,-1.6,0.1,132,RS転換0日目 / MA上昇配列 / パーフェクトオーダー
8032,日本紙パルプ商事,卸売業,17.5,17.5,1,851,★☆☆☆☆,0.0,7.5,33,-1.3,0.0,3.0,0.0,7.0,0.0,0.0,0.0,,,0.0,6.8,2.2,2.0,1163,1215.0,0.3,0.1,294,高値圏かつ未過熱 / MA上昇配列 / パーフェクトオーダー
6016,ジャパンエンジンコーポレーション,輸送用機器,17.5,17.5,1,852,★☆☆☆☆,0.0,7.5,32,14.0,0.0,2.0,0.0,8.0,0.0,0.0,0.0,,,0.0,17.9,5.4,14.0,9994,11200.0,13.6,0.1,1243,RS加速+14.0 / MA上昇配列
3182,オイシックス,小売業,17.5,17.5,1,853,★☆☆☆☆,0.0,8.0,0,-8.0,0.0,2.0,0.0,7.5,0.0,0.0,0.0,,,0.0,2.2,2.8,0.8,1603,1697.0,-4.2,0.1,151,RS転換0日目 / MA上昇配列 / パーフェクトオーダー
5210,日本山村硝子,ガラス・土石製品,17.5,17.5,1,854,★☆☆☆☆,0.0,10.0,0,0.7,0.0,2.0,0.0,5.5,0.0,0.0,0.0,,,0.0,5.1,2.0,2.5,2843,2959.0,-0.5,0.0,150,RS転換0日目 / MA上昇配列
3778,さくらインターネット,情報・通信業,17.5,17.5,1,855,★☆☆☆☆,0.0,7.0,27,2.2,0.0,3.0,0.0,7.5,0.0,0.0,0.0,,,0.0,23.7,6.7,10.5,3346,3865.0,11.5,0.1,5583,MA上昇配列 / パーフェクトオーダー
3036,アルコニックス,卸売業,17.5,17.5,1,856,★☆☆☆☆,0.0,7.5,43,-5.1,0.0,4.0,0.0,6.0,0.0,0.0,0.0,,,0.0,28.1,4.3,4.4,3094,3385.0,-2.3,0.0,742,高値圏かつ未過熱 / 資金流入増 / MA上昇配列 / パーフェクトオーダー
4911,資生堂,化学,17.5,17.5,1,857,★☆☆☆☆,0.0,8.0,1,-3.1,0.0,2.0,0.0,7.5,0.0,0.0,0.0,,,0.0,15.9,3.3,6.3,3474,3719.0,1.4,0.1,10480,RS転換1日目 / MA上昇配列 / パーフェクトオーダー
9130,共栄タンカー,海運業,17.5,17.5,1,858,★☆☆☆☆,0.0,5.5,37,0.5,0.0,2.0,0.0,10.0,0.0,0.0,0.0,,,0.0,12.8,4.6,5.2,1468,1618.0,-3.9,0.1,119,資金流入増 / MA上昇配列 / パーフェクトオーダー
7956,ピジョン,その他製品,17.5,17.5,1,859,★☆☆☆☆,0.0,8.0,0,-5.7,0.0,2.0,0.0,7.5,0.0,0.0,0.0,,,0.0,3.0,1.9,1.9,2039,2121.0,-1.0,0.1,2111,RS転換0日目 / MA上昇配列 / パーフェクトオーダー
9115,明海グループ,海運業,17.5,17.5,1,860,★☆☆☆☆,0.0,3.5,33,-19.3,0.0,4.0,0.0,10.0,0.0,0.0,0.0,,,0.0,28.2,10.0,9.7,847,1060.0,-20.1,0.1,116,資金流入増 / MA上昇配列 / パーフェクトオーダー
3245,ディア・ライフ,不動産業,17.5,17.5,1,861,★☆☆☆☆,0.0,8.0,0,-2.2,0.0,4.3,0.0,5.2,0.0,0.0,0.0,,,0.0,3.9,1.8,2.9,1114,1155.0,-0.2,0.1,359,RS転換0日目 / 買い出来高優勢 / MA上昇配列
2270,雪印メグミルク,食料品,17.5,17.5,1,862,★☆☆☆☆,0.0,6.0,-1,2.7,0.0,2.0,0.0,9.5,0.0,0.0,0.0,,,0.0,-1.6,1.7,1.9,3651,3780.0,2.6,0.1,660,25MA上抜け3日目 / MA上昇配列 / パーフェクトオーダー / RSI過熱(88)⚠
3762,テクマトリックス,情報・通信業,17.5,17.5,1,863,★☆☆☆☆,0.0,7.5,34,-4.7,0.0,1.0,0.0,9.0,0.0,0.0,0.0,,,0.0,20.1,2.6,9.0,2366,2493.0,4.8,0.1,609,高値圏かつ未過熱 / MA上昇配列 / 52週高値目前
2897,日清食品ホールディングス,食料品,17.5,17.5,1,864,★☆☆☆☆,0.0,10.0,0,-1.4,0.0,2.0,0.0,5.5,0.0,0.0,0.0,,,0.0,2.8,1.9,1.9,2909,3025.0,-1.0,0.1,4643,RS転換0日目 / 25MA上抜け8日目 / MA上昇配列
2733,あらた,卸売業,17.5,17.5,1,865,★☆☆☆☆,0.0,10.0,0,-0.1,0.0,2.0,0.0,5.5,0.0,0.0,0.0,,,0.0,3.0,1.2,4.2,2678,2742.0,1.9,0.1,199,RS転換0日目 / 25MA上抜け9日目 / MA上昇配列 / RSI過熱(97)⚠
3156,レスター,卸売業,17.5,17.5,1,866,★☆☆☆☆,0.0,6.0,22,-3.8,0.0,1.0,0.0,13.5,0.0,0.0,-3.0,,,0.0,29.4,5.2,15.9,4856,5420.0,13.7,0.1,696,MA上昇配列 / パーフェクトオーダー / 52週高値目前 / 伸びすぎ注意(25MA+16%)
8159,立花エレテック,卸売業,17.5,17.5,1,867,★☆☆☆☆,0.0,7.5,36,-3.3,0.0,3.0,0.0,7.0,0.0,0.0,0.0,,,0.0,15.1,3.2,3.3,3787,4050.0,0.5,0.0,273,高値圏かつ未過熱 / 資金流入増 / MA上昇配列 / パーフェクトオーダー
3632,グリーホールディングス,情報・通信業,17.5,17.5,1,868,★☆☆☆☆,0.0,8.0,0,-1.1,0.0,2.0,0.0,7.5,0.0,0.0,0.0,,,0.0,6.0,2.0,5.0,416,434.0,3.3,0.1,263,RS転換0日目 / MA上昇配列 / パーフェクトオーダー
4323,日本システム技術,情報・通信業,17.5,17.5,1,869,★☆☆☆☆,0.0,10.0,0,-3.1,0.0,2.0,0.0,5.5,0.0,0.0,0.0,,,0.0,2.6,3.7,3.6,1822,1968.0,1.5,0.0,119,RS転換0日目 / 25MA上抜け8日目 / MA上昇配列
2737,トーメンデバイス,卸売業,17.5,17.5,1,870,★☆☆☆☆,0.0,6.0,21,-16.2,0.0,4.0,0.0,12.5,0.0,0.0,-5.0,,,0.0,64.9,6.6,25.8,30649,35300.0,17.1,0.1,4990,資金流入増 / MA上昇配列 / パーフェクトオーダー / 52週高値ブレイク! / 過熱⚠25MA+26%
2986,ＬＡホールディングス,不動産業,17.3,17.3,1,871,★☆☆☆☆,0.0,8.0,0,-1.3,0.0,3.3,0.0,6.0,0.0,0.0,0.0,,,0.0,2.1,2.1,3.0,2729,2851.0,0.6,0.1,485,RS転換0日目 / 買い出来高優勢
6330,東洋エンジニアリング,建設業,17.3,17.3,1,872,★☆☆☆☆,0.0,9.0,28,9.7,0.0,5.3,0.0,8.0,0.0,0.0,-5.0,,,0.0,40.7,7.8,20.9,2338,2772.0,11.1,0.2,11589,RS加速+9.7 / 買い出来高優勢 / 資金流入増 / MA上昇配列 / 過熱⚠25MA+21%
2325,ＮＪＳ,サービス業,17.3,17.3,1,873,★☆☆☆☆,0.0,8.0,0,-3.4,0.0,3.3,0.0,6.0,0.0,0.0,0.0,,,0.0,7.4,2.8,4.8,4581,4855.0,-0.6,0.0,149,RS転換0日目 / 買い出来高優勢
6036,ＫｅｅＰｅｒ技研,サービス業,17.3,17.3,1,874,★☆☆☆☆,0.0,5.0,12,-2.4,0.0,4.3,0.0,8.0,0.0,0.0,0.0,,,0.0,18.4,3.9,12.1,3116,3380.0,2.7,0.1,443,買い出来高優勢 / MA上昇配列
4082,第一稀元素化学工業,化学,17.3,17.3,1,875,★☆☆☆☆,0.0,9.0,15,42.3,0.0,5.3,0.0,8.0,0.0,0.0,-5.0,,,0.0,52.6,6.3,32.2,2373,2713.0,34.0,0.2,2934,RS加速+42.3 / 買い出来高優勢 / 資金流入増 / MA上昇配列 / 過熱⚠25MA+32%
7826,フルヤ金属,その他製品,17.3,17.3,1,876,★☆☆☆☆,0.0,10.0,17,15.5,0.0,3.3,0.0,7.0,0.0,0.0,-3.0,,,0.0,38.9,5.4,19.1,8374,9380.0,12.3,0.2,3911,RS加速+15.5 / 買い出来高優勢 / 伸びすぎ注意(25MA+19%)
4543,テルモ,精密機器,17.2,17.2,1,877,★☆☆☆☆,0.0,8.0,0,-11.2,0.0,2.0,0.0,7.2,0.0,0.0,0.0,,,0.0,7.3,2.9,2.5,2392,2540.5,-2.1,0.1,11700,RS転換0日目 / MA上昇配列 / パーフェクトオーダー
6337,テセック,機械,17.2,17.2,1,878,★☆☆☆☆,0.0,9.0,22,-27.4,0.0,0.0,0.0,8.2,0.0,0.0,0.0,,,0.0,2.6,4.8,4.8,2968,3280.0,6.7,0.0,255,高値圏かつ未過熱 / MA上昇配列 / パーフェクトオーダー
6517,デンヨー,電気機器,17.2,17.2,1,879,★☆☆☆☆,0.0,9.0,30,-9.6,0.0,1.0,0.0,7.2,0.0,0.0,0.0,,,0.0,2.9,2.3,3.1,4013,4210.0,2.4,0.1,251,高値圏かつ未過熱 / MA上昇配列 / パーフェクトオーダー
2875,東洋水産,食料品,17.2,17.2,1,880,★☆☆☆☆,0.0,12.0,0,1.3,0.0,0.0,0.0,5.2,0.0,0.0,0.0,,,0.0,0.6,1.9,0.1,10236,10630.0,-1.3,0.1,4030,RS転換0日目 / 高値圏かつ未過熱 / MA上昇配列
6706,電気興業,電気機器,17.2,17.2,1,881,★☆☆☆☆,0.0,9.0,30,-3.4,0.0,0.0,0.0,8.2,0.0,0.0,0.0,,,0.0,6.0,2.5,2.7,3166,3330.0,1.7,0.0,103,高値圏かつ未過熱 / MA上昇配列 / パーフェクトオーダー
7172,ジャパンインベストメントアドバイザー,証券、商品先物取引業,17.0,17.0,1,882,★☆☆☆☆,0.0,6.0,-1,1.8,0.0,0.0,0.0,11.0,0.0,0.0,0.0,,,0.0,-2.3,1.4,3.0,2081,2140.0,2.9,0.1,492,25MA上抜け6日目 / MA上昇配列 / パーフェクトオーダー
5703,日本軽金属ホールディングス,非鉄金属,17.0,17.0,1,883,★☆☆☆☆,0.0,9.0,25,-3.2,0.0,0.0,0.0,8.0,0.0,0.0,0.0,,,0.0,10.7,2.6,5.0,2899,3060.0,0.3,0.0,901,高値圏かつ未過熱
5707,東邦亜鉛,非鉄金属,17.0,17.0,1,884,★☆☆☆☆,0.0,5.0,27,-23.9,0.0,4.0,0.0,8.0,0.0,0.0,0.0,,,0.0,21.8,9.2,6.7,891,1091.0,-8.5,0.1,1252,資金流入増 / MA上昇配列
7373,アイドマ・ホールディングス,サービス業,17.0,17.0,1,885,★☆☆☆☆,0.0,10.0,0,9.0,0.0,2.0,0.0,5.0,0.0,0.0,0.0,,,0.0,5.0,2.7,5.7,927,981.0,4.6,0.1,104,RS転換0日目 / RS加速+9.0
5262,日本ヒューム,ガラス・土石製品,17.0,17.0,1,886,★☆☆☆☆,0.0,7.0,30,1.3,0.0,2.0,0.0,8.0,0.0,0.0,0.0,,,0.0,10.3,2.5,6.0,1113,1172.0,3.6,0.1,272,MA上昇配列
8316,三井住友フィナンシャルグループ,銀行業,17.0,17.0,1,887,★☆☆☆☆,0.0,4.0,-1,9.2,0.0,1.0,0.0,12.0,0.0,0.0,0.0,,,0.0,-0.2,2.1,2.4,6650,6939.0,5.2,0.1,70510,RS加速+9.2 / MA上昇配列 / パーフェクトオーダー
5381,マイポックス,ガラス・土石製品,17.0,17.0,1,888,★☆☆☆☆,0.0,9.0,13,13.7,0.0,2.0,0.0,6.0,0.0,0.0,0.0,,,0.0,29.1,4.9,11.4,899,996.0,6.0,0.0,225,RS加速+13.7
9602,東宝,情報・通信業,17.0,17.0,1,889,★☆☆☆☆,0.0,8.0,0,-3.5,0.0,1.0,0.0,8.0,0.0,0.0,0.0,,,0.0,3.3,2.2,4.9,1520,1591.5,2.4,0.1,5014,RS転換0日目 / MA上昇配列
4109,ステラ　ケミファ,化学,17.0,17.0,1,890,★☆☆☆☆,0.0,10.0,3,5.6,0.0,2.0,0.0,5.0,0.0,0.0,0.0,,,0.0,3.2,2.8,1.2,5130,5440.0,-1.3,0.0,528,RS転換3日目 / RS加速+5.6
1961,三機工業,建設業,17.0,17.0,1,891,★☆☆☆☆,0.0,10.0,2,7.6,0.0,2.0,0.0,5.0,0.0,0.0,0.0,,,0.0,4.8,3.1,3.3,2312,2465.0,2.5,0.1,1668,RS転換2日目 / RS加速+7.6
4813,ＡＣＣＥＳＳ,情報・通信業,17.0,17.0,1,892,★☆☆☆☆,0.0,7.0,25,1.6,0.0,4.0,0.0,6.0,0.0,0.0,0.0,,,0.0,32.1,6.5,13.5,400,460.0,4.1,0.0,516,資金流入増
7970,信越ポリマー,化学,17.0,17.0,1,893,★☆☆☆☆,0.0,14.0,0,4.4,0.0,2.0,0.0,1.0,0.0,0.0,0.0,,,0.0,2.3,2.0,-0.3,2143,2234.0,-0.3,0.1,327,RS転換0日目 / RS加速+4.4 / 高値圏かつ未過熱
6994,指月電機製作所,電気機器,17.0,17.0,1,894,★☆☆☆☆,0.0,9.0,12,8.3,0.0,2.0,0.0,6.0,0.0,0.0,0.0,,,0.0,13.8,5.1,6.2,1076,1198.0,5.7,0.0,375,RS加速+8.3
4107,伊勢化学工業,化学,17.0,17.0,1,895,★☆☆☆☆,0.0,12.0,10,20.5,0.0,3.3,0.0,4.7,0.0,0.0,-3.0,,,0.0,29.7,3.5,17.1,4140,4450.0,12.4,0.1,1003,RS転換10日目 / RS加速+20.5 / 買い出来高優勢 / 伸びすぎ注意(25MA+17%)
6703,沖電気工業,電気機器,17.0,17.0,1,896,★☆☆☆☆,0.0,10.0,0,24.3,0.0,2.0,0.0,5.0,0.0,0.0,0.0,,,0.0,3.2,3.4,1.0,2698,2892.0,7.5,0.1,1998,RS転換0日目 / RS加速+24.3
3626,ＴＩＳＩ,情報・通信業,17.0,17.0,1,897,★☆☆☆☆,0.0,8.0,0,-5.1,0.0,1.0,0.0,8.0,0.0,0.0,0.0,,,0.0,4.1,2.4,5.7,3820,4012.0,3.9,0.1,2771,RS転換0日目 / MA上昇配列
3962,チェンジホールディングス,情報・通信業,17.0,17.0,1,898,★☆☆☆☆,0.0,8.0,0,-2.8,0.0,1.0,0.0,8.0,0.0,0.0,0.0,,,0.0,5.8,2.3,5.7,987,1035.0,2.8,0.1,231,RS転換0日目 / MA上昇配列
4534,持田製薬,医薬品,17.0,17.0,1,899,★☆☆☆☆,0.0,10.0,0,0.7,0.0,0.0,0.0,7.0,0.0,0.0,0.0,,,0.0,3.9,1.4,2.5,3216,3305.0,1.2,0.1,177,RS転換0日目
9831,ヤマダホールディングス,小売業,17.0,17.0,1,900,★☆☆☆☆,0.0,4.0,-1,4.6,0.0,1.0,0.0,12.0,0.0,0.0,0.0,,,0.0,-0.1,2.4,3.2,691,726.7000122070312,3.7,0.1,2874,RS加速+4.6 / MA上昇配列 / パーフェクトオーダー
7860,エイベックス,情報・通信業,17.0,17.0,1,901,★☆☆☆☆,0.0,4.0,-1,-3.9,0.0,2.0,0.0,11.0,0.0,0.0,0.0,,,0.0,-3.7,1.6,1.7,1256,1298.0,1.1,0.1,194,25MA上抜け7日目 / MA上昇配列 / パーフェクトオーダー
7821,前田工繊,その他製品,17.0,17.0,1,902,★☆☆☆☆,0.0,12.0,0,-5.8,0.0,0.0,0.0,5.0,0.0,0.0,0.0,,,0.0,2.9,2.2,3.0,1973,2062.0,1.6,0.1,316,RS転換0日目 / 高値圏かつ未過熱 / MA上昇配列
7607,進和,卸売業,17.0,17.0,1,903,★☆☆☆☆,0.0,4.0,-1,-1.0,0.0,1.0,0.0,12.0,0.0,0.0,0.0,,,0.0,-2.2,1.3,0.9,3022,3105.0,0.6,0.1,129,25MA上抜け0日目 / MA上昇配列 / パーフェクトオーダー
6245,ヒラノテクシード,機械,17.0,17.0,1,904,★☆☆☆☆,0.0,9.0,13,6.8,0.0,2.0,0.0,6.0,0.0,0.0,0.0,,,0.0,13.1,3.1,7.9,1741,1855.0,5.9,0.1,125,RS加速+6.8
1975,朝日工業社,建設業,17.0,17.0,1,905,★☆☆☆☆,0.0,10.0,0,10.0,0.0,1.0,0.0,6.0,0.0,0.0,0.0,,,0.0,3.3,3.1,3.8,3749,4000.0,2.4,0.1,377,RS転換0日目 / RS加速+10.0
2767,円谷フィールズホールディングス,卸売業,17.0,17.0,1,906,★☆☆☆☆,0.0,7.5,34,-60.4,0.0,1.0,0.0,8.5,0.0,0.0,0.0,,,0.0,6.1,3.2,8.3,2441,2606.0,5.2,0.0,2132,高値圏かつ未過熱 / MA上昇配列 / パーフェクトオーダー
4593,ヘリオス,医薬品,17.0,17.0,1,907,★☆☆☆☆,0.0,12.0,9,16.1,0.0,2.0,0.0,6.0,0.0,0.0,-3.0,,,0.0,26.4,5.9,16.6,267,303.0,13.5,0.3,516,RS転換9日目 / RS加速+16.1 / 伸びすぎ注意(25MA+17%)
9759,ＮＳＤ,情報・通信業,16.7,16.7,1,908,★☆☆☆☆,0.0,8.0,0,-3.2,0.0,1.0,0.0,7.7,0.0,0.0,0.0,,,0.0,3.6,1.9,5.6,2880,2991.5,3.5,0.1,616,RS転換0日目 / MA上昇配列
6928,エノモト,電気機器,16.7,16.7,1,909,★☆☆☆☆,0.0,9.0,14,13.3,0.0,3.0,0.0,4.7,0.0,0.0,0.0,,,0.0,25.3,5.0,7.4,2705,3005.0,2.8,0.0,301,RS加速+13.3 / 資金流入増
2802,味の素,食料品,16.7,16.7,1,910,★☆☆☆☆,0.0,10.0,10,2.6,0.0,1.0,0.0,5.7,0.0,0.0,0.0,,,0.0,6.5,3.5,2.1,5014,5387.0,0.3,0.0,17958,RS転換10日目
7564,ワークマン,小売業,16.7,16.7,1,911,★☆☆☆☆,0.0,10.0,0,0.6,0.0,2.0,0.0,4.7,0.0,0.0,0.0,,,0.0,6.0,2.7,3.1,5997,6340.0,2.1,0.1,2659,RS転換0日目
2742,ハローズ,小売業,16.7,16.7,1,912,★☆☆☆☆,0.0,8.0,0,-0.3,0.0,2.0,0.0,6.7,0.0,0.0,0.0,,,0.0,6.2,2.2,6.2,3923,4100.0,3.8,0.2,139,RS転換0日目 / MA上昇配列
1945,東京エネシス,建設業,16.7,16.7,1,913,★☆☆☆☆,0.0,12.0,0,1.8,0.0,0.0,0.0,4.7,0.0,0.0,0.0,,,0.0,1.7,2.3,1.6,1973,2068.0,0.9,0.1,337,RS転換0日目 / 25MA上抜け7日目
9009,京成電鉄,陸運業,16.7,16.7,1,914,★☆☆☆☆,0.0,8.0,0,-1.2,0.0,2.0,0.0,6.7,0.0,0.0,0.0,,,0.0,5.0,1.7,5.0,1322,1369.0,2.1,0.1,1960,RS転換0日目 / MA上昇配列
8278,フジ,小売業,16.7,16.7,1,915,★☆☆☆☆,0.0,8.0,0,-4.6,0.0,2.0,0.0,6.7,0.0,0.0,0.0,,,0.0,0.7,1.5,1.8,2008,2068.0,-1.2,0.1,303,RS転換0日目 / MA上昇配列
6905,コーセル,電気機器,16.7,16.7,1,916,★☆☆☆☆,0.0,12.0,2,2.2,0.0,1.0,0.0,3.7,0.0,0.0,0.0,,,0.0,4.0,2.3,0.7,1262,1323.0,1.4,0.1,197,RS転換2日目 / 25MA上抜け2日目
6963,ローム,電気機器,16.7,16.7,1,917,★☆☆☆☆,0.0,12.0,4,9.0,0.0,1.0,0.0,3.7,0.0,0.0,0.0,,,0.0,7.1,4.7,1.7,4279,4726.0,1.2,0.1,16826,RS転換4日目 / RS加速+9.0
6644,大崎電気工業,電気機器,16.7,16.7,1,918,★☆☆☆☆,0.0,12.0,0,0.3,0.0,0.0,0.0,4.7,0.0,0.0,0.0,,,0.0,0.5,2.4,0.5,1461,1535.0,0.2,0.2,435,RS転換0日目 / 25MA上抜け6日目
6838,多摩川ホールディングス,電気機器,16.7,16.7,1,919,★☆☆☆☆,0.0,11.0,13,10.1,0.0,2.0,0.0,3.7,0.0,0.0,0.0,,,0.0,14.8,4.6,5.4,1366,1506.0,4.8,0.3,280,RS加速+10.1 / 25MA上抜け3日目
6768,タムラ製作所,電気機器,16.6,16.6,1,920,★☆☆☆☆,0.0,10.0,0,18.8,0.0,0.0,0.0,5.0,0.0,1.6,0.0,,,0.0,0.7,4.5,3.8,757,832.0,12.0,0.2,759,RS転換0日目 / RS加速+18.8 / 開示[業績予想の修正](5日前)
3850,エヌ・ティ・ティ・データ・イントラマート,情報・通信業,16.5,16.5,1,921,★☆☆☆☆,0.0,5.5,48,1.6,0.0,2.0,0.0,9.0,0.0,0.0,0.0,,,0.0,14.6,2.9,12.9,3509,3725.0,9.9,0.3,110,MA上昇配列
3139,ラクト・ジャパン,卸売業,16.5,16.5,1,922,★☆☆☆☆,0.0,8.0,0,2.7,0.0,2.0,0.0,6.5,0.0,0.0,0.0,,,0.0,1.0,1.3,2.8,3391,3480.0,1.5,0.0,121,RS転換0日目 / MA上昇配列 / RSI過熱(93)⚠
5842,インテグラル,証券、商品先物取引業,16.5,16.5,1,923,★☆☆☆☆,0.0,10.0,0,-9.3,0.0,3.0,0.0,3.5,0.0,0.0,0.0,,,0.0,3.3,4.5,3.7,2809,3085.0,-0.6,0.2,359,RS転換0日目 / 25MA上抜け1日目
5243,ｎｏｔｅ,情報・通信業,16.5,16.5,1,924,★☆☆☆☆,0.0,8.5,40,17.2,0.0,3.3,0.0,9.7,0.0,0.0,-5.0,,,0.0,41.7,5.0,25.7,2754,3060.0,20.0,0.1,849,RS加速+17.2 / 買い出来高優勢 / MA上昇配列 / パーフェクトオーダー / 過熱⚠25MA+26%
4220,リケンテクノス,化学,16.5,16.5,1,925,★☆☆☆☆,0.0,7.5,44,-28.9,0.0,3.0,0.0,6.0,0.0,0.0,0.0,,,0.0,15.4,2.8,2.7,2456,2602.0,-2.1,0.1,608,高値圏かつ未過熱 / 資金流入増 / MA上昇配列 / パーフェクトオーダー
9766,コナミグループ,情報・通信業,16.5,16.5,1,926,★☆☆☆☆,0.0,8.0,0,-13.6,0.0,2.0,0.0,6.5,0.0,0.0,0.0,,,0.0,6.0,3.0,4.1,20949,22285.0,0.6,0.1,9502,RS転換0日目 / MA上昇配列
4434,サーバーワークス,情報・通信業,16.5,16.5,1,927,★☆☆☆☆,0.0,8.0,0,-17.3,0.0,1.0,0.0,7.5,0.0,0.0,0.0,,,0.0,9.7,3.8,9.0,2417,2618.0,8.5,0.2,120,RS転換0日目 / MA上昇配列 / パーフェクトオーダー
4343,イオンファンタジー,サービス業,16.5,16.5,1,928,★☆☆☆☆,0.0,8.0,0,-5.3,0.0,3.0,0.0,5.5,0.0,0.0,0.0,,,0.0,1.0,2.1,1.4,2716,2834.0,-1.0,0.2,256,RS転換0日目 / MA上昇配列
9039,サカイ引越センター,陸運業,16.5,16.5,1,929,★☆☆☆☆,0.0,2.0,-1,-0.2,0.0,1.0,0.0,13.5,0.0,0.0,0.0,,,0.0,-0.9,1.5,1.2,2920,3010.0,0.2,0.2,244,MA上昇配列 / パーフェクトオーダー / 52週高値目前
5938,ＬＩＸＩＬ,金属製品,16.5,16.5,1,930,★☆☆☆☆,0.0,10.0,0,5.3,0.0,0.0,0.0,6.5,0.0,0.0,0.0,,,0.0,0.9,1.2,0.1,1743,1785.5,1.5,0.1,3446,RS転換0日目 / RS加速+5.3 / MA上昇配列 / パーフェクトオーダー
3895,ハビックス,パルプ・紙,16.5,16.5,1,931,★☆☆☆☆,0.0,5.0,29,-12.8,0.0,4.0,0.0,7.5,0.0,0.0,0.0,,,0.0,15.8,7.5,5.6,405,476.0,-4.4,0.1,130,資金流入増 / MA上昇配列 / パーフェクトオーダー
3076,あい　ホールディングス,卸売業,16.5,16.5,1,932,★☆☆☆☆,0.0,2.0,-1,-6.1,0.0,2.0,0.0,12.5,0.0,0.0,0.0,,,0.0,-0.1,1.7,2.7,2903,3005.0,2.4,0.0,401,MA上昇配列 / パーフェクトオーダー / 52週高値ブレイク!
6523,ＰＨＣホールディングス,電気機器,16.5,16.5,1,933,★☆☆☆☆,0.0,7.5,33,6.5,0.0,5.3,0.0,8.7,0.0,0.0,-5.0,,,0.0,43.9,3.3,21.4,1498,1605.0,7.1,0.1,1153,RS加速+6.5 / 買い出来高優勢 / 資金流入増 / MA上昇配列 / パーフェクトオーダー / 過熱⚠25MA+21%
9418,Ｕ－ＮＥＸＴ　ＨＯＬＤＩＮＧＳ,情報・通信業,16.5,16.5,1,934,★☆☆☆☆,0.0,10.0,0,-4.9,0.0,1.0,0.0,5.5,0.0,0.0,0.0,,,0.0,1.0,1.8,1.4,1690,1754.0,-0.5,0.2,1328,RS転換0日目 / 25MA上抜け0日目 / MA上昇配列
6574,コンヴァノ,サービス業,16.4,16.400000000000002,1,935,★☆☆☆☆,0.0,3.5,34,-7.5,0.0,5.3,0.0,8.0,0.0,2.6,-3.0,,,0.0,35.9,7.4,17.7,102,120.0,-4.8,0.1,249,買い出来高優勢 / 資金流入増 / MA上昇配列 / 伸びすぎ注意(25MA+18%) / 開示[自己株式の取得](8日前) / 開示[自己株式の取得](8日前)
3676,デジタルハーツホールディングス,情報・通信業,16.4,16.4,1,936,★☆☆☆☆,0.0,3.5,34,-6.2,0.0,8.7,0.0,4.2,0.0,0.0,0.0,,,0.0,38.3,0.2,12.4,1055,1059.0,0.1,2.5,471,出来高増2.5倍 / 買い出来高優勢 / 資金流入増 / MA上昇配列
6814,古野電気,電気機器,16.3,16.3,1,937,★☆☆☆☆,0.0,10.0,2,2.7,0.0,3.3,0.0,3.0,0.0,0.0,0.0,,,0.0,4.1,3.5,0.7,7061,7590.0,0.5,0.1,2191,RS転換2日目 / 買い出来高優勢 / MA上昇配列
3733,ソフトウェア・サービス,情報・通信業,16.3,16.3,1,938,★☆☆☆☆,0.0,5.0,15,-12.1,0.0,3.3,0.0,8.0,0.0,0.0,0.0,,,0.0,10.6,3.0,5.8,11667,12410.0,-1.8,0.7,111,買い出来高優勢 / MA上昇配列
6418,日本金銭機械,機械,16.3,16.3,1,939,★☆☆☆☆,0.0,3.5,37,-4.1,0.0,4.3,0.0,8.5,0.0,0.0,0.0,,,0.0,11.0,2.8,6.5,1209,1280.0,4.1,0.0,207,買い出来高優勢 / MA上昇配列 / パーフェクトオーダー
9517,イーレックス,電気・ガス業,16.2,16.2,1,940,★☆☆☆☆,0.0,8.0,0,1.3,0.0,2.0,0.0,6.2,0.0,0.0,0.0,,,0.0,2.0,3.0,1.9,826,879.0,-1.2,0.0,193,RS転換0日目 / MA上昇配列 / パーフェクトオーダー
6752,パナソニック　ホールディングス,電気機器,16.2,16.2,1,941,★☆☆☆☆,0.0,9.0,14,-8.3,0.0,0.0,0.0,7.2,0.0,0.0,0.0,,,0.0,2.3,3.7,3.8,4133,4466.0,2.7,0.1,37838,高値圏かつ未過熱 / MA上昇配列 / パーフェクトオーダー
8708,アイザワ証券グループ,証券、商品先物取引業,16.2,16.2,1,942,★☆☆☆☆,0.0,5.5,37,1.8,0.0,2.0,0.0,8.7,0.0,0.0,0.0,,,0.0,6.8,2.1,7.5,1778,1857.0,5.9,0.1,238,MA上昇配列 / パーフェクトオーダー
4324,電通グループ,サービス業,16.2,16.2,1,943,★☆☆☆☆,0.0,10.0,0,-2.8,0.0,0.0,0.0,6.2,0.0,0.0,0.0,,,0.0,1.7,3.4,1.7,3427,3676.0,2.6,0.1,4202,RS転換0日目 / 25MA上抜け1日目 / MA上昇配列 / パーフェクトオーダー
7059,コプロ・ホールディングス,サービス業,16.2,16.2,1,944,★☆☆☆☆,0.0,5.5,37,1.9,0.0,3.0,0.0,7.7,0.0,0.0,0.0,,,0.0,13.0,3.0,7.9,881,936.0,4.0,0.1,155,MA上昇配列
4051,ＧＭＯフィナンシャルゲート,情報・通信業,16.2,16.2,1,945,★☆☆☆☆,0.0,10.0,0,-5.2,0.0,0.0,0.0,6.2,0.0,0.0,0.0,,,0.0,2.1,3.9,1.5,6160,6680.0,0.9,0.1,204,RS転換0日目 / 25MA上抜け1日目 / MA上昇配列 / パーフェクトオーダー
8132,シナネンホールディングス,卸売業,16.1,16.1,1,946,★☆☆☆☆,0.0,5.0,13,-4.4,0.0,5.3,0.0,4.5,0.0,1.3,0.0,,,0.0,13.8,6.4,3.9,6707,7690.0,-9.1,0.2,201,買い出来高優勢 / 資金流入増 / 開示[自己株式の取得](8日前)
590A,ギフティグループ,情報・通信業,16.0,16.0,1,947,★☆☆☆☆,0.0,5.0,30,-13.2,0.0,3.0,0.0,8.0,0.0,0.0,0.0,,,0.0,24.9,5.8,11.3,1181,1335.0,-4.2,0.0,421,MA上昇配列
4043,トクヤマ,化学,16.0,16.0,1,948,★☆☆☆☆,0.0,10.0,0,18.5,0.0,1.0,0.0,5.0,0.0,0.0,0.0,,,0.0,5.3,3.1,0.2,3815,4067.0,1.5,0.1,2646,RS転換0日目 / RS加速+18.5
8877,エスリード,不動産業,16.0,16.0,1,949,★☆☆☆☆,0.0,8.0,0,-3.2,0.0,0.0,0.0,8.0,0.0,0.0,0.0,,,0.0,1.7,1.7,2.7,5211,5400.0,-0.9,0.1,156,RS転換0日目 / MA上昇配列
6027,弁護士ドットコム,サービス業,16.0,16.0,1,950,★☆☆☆☆,0.0,9.0,15,22.0,0.0,5.3,0.0,6.7,0.0,0.0,-5.0,,,0.0,135.9,8.9,61.1,4519,5500.0,16.2,0.2,1902,RS加速+22.0 / 買い出来高優勢 / 資金流入増 / MA上昇配列 / 過熱⚠25MA+61%
6525,ＫＯＫＵＳＡＩ　ＥＬＥＣＴＲＩＣ,電気機器,16.0,16.0,1,951,★☆☆☆☆,0.0,10.0,3,16.9,0.0,1.0,0.0,5.0,0.0,0.0,0.0,,,0.0,12.1,6.3,3.1,7403,8470.0,2.3,0.1,63502,RS転換3日目 / RS加速+16.9
7282,豊田合成,輸送用機器,16.0,16.0,1,952,★☆☆☆☆,0.0,4.0,-1,-8.3,0.0,0.0,0.0,12.0,0.0,0.0,0.0,,,0.0,-2.6,2.4,5.1,5260,5529.0,3.0,0.1,2314,25MA上抜け7日目 / MA上昇配列 / パーフェクトオーダー
7259,アイシン,輸送用機器,16.0,16.0,1,953,★☆☆☆☆,0.0,10.0,0,4.6,0.0,1.0,0.0,5.0,0.0,0.0,0.0,,,0.0,1.8,1.9,1.6,2220,2308.5,1.5,0.1,4713,RS転換0日目 / RS加速+4.6
7730,マニー,精密機器,16.0,16.0,1,954,★☆☆☆☆,0.0,8.0,0,-0.3,0.0,2.0,0.0,6.0,0.0,0.0,0.0,,,0.0,3.8,1.8,2.0,1520,1576.0,-1.1,0.1,513,RS転換0日目
4344,ソースネクスト,情報・通信業,16.0,16.0,1,955,★☆☆☆☆,0.0,8.0,0,-6.3,0.0,0.0,0.0,8.0,0.0,0.0,0.0,,,0.0,2.5,3.6,2.7,108,116.0,-2.5,0.2,126,RS転換0日目 / MA上昇配列
1417,ミライト・ワン,建設業,16.0,16.0,1,956,★☆☆☆☆,0.0,10.0,0,3.3,0.0,0.0,0.0,6.0,0.0,0.0,0.0,,,0.0,1.1,1.7,3.5,3538,3660.0,1.5,0.1,892,RS転換0日目 / RS加速+3.3
167A,リョーサン菱洋ホールディングス,卸売業,16.0,16.0,1,957,★☆☆☆☆,0.0,7.5,33,-1.2,0.0,3.3,0.0,5.2,0.0,0.0,0.0,,,0.0,8.6,1.9,5.4,3119,3245.0,3.7,0.1,516,高値圏かつ未過熱 / 買い出来高優勢 / MA上昇配列
3662,エイチームホールディングス,情報・通信業,16.0,16.0,1,958,★☆☆☆☆,0.0,10.0,0,8.6,0.0,0.0,0.0,6.0,0.0,0.0,0.0,,,0.0,6.8,2.1,4.0,949,990.0,0.8,0.1,108,RS転換0日目 / RS加速+8.6
4668,明光ネットワークジャパン,サービス業,16.0,16.0,1,959,★☆☆☆☆,0.0,4.0,-1,-0.3,0.0,1.0,0.0,11.0,0.0,0.0,0.0,,,0.0,-0.5,1.1,1.2,758,775.0,-0.3,0.2,124,25MA上抜け5日目 / MA上昇配列 / パーフェクトオーダー / 52週高値目前
4549,栄研化学,医薬品,16.0,16.0,1,960,★☆☆☆☆,0.0,10.0,0,18.0,0.0,1.0,0.0,5.0,0.0,0.0,0.0,,,0.0,7.5,2.5,2.1,2239,2355.0,0.4,0.1,409,RS転換0日目 / RS加速+18.0
7459,メディパルホールディングス,卸売業,16.0,16.0,1,961,★☆☆☆☆,0.0,6.0,-1,0.5,0.0,0.0,0.0,10.0,0.0,0.0,0.0,,,0.0,-0.1,1.7,2.2,2837,2938.0,1.3,0.1,1300,25MA上抜け9日目 / MA上昇配列
6430,ダイコク電機,機械,16.0,16.0,1,962,★☆☆☆☆,0.0,8.0,0,-0.3,0.0,0.0,0.0,8.0,0.0,0.0,0.0,,,0.0,2.5,1.4,4.7,2500,2572.0,4.6,0.1,101,RS転換0日目 / MA上昇配列
8160,木曽路,小売業,16.0,16.0,1,963,★☆☆☆☆,0.0,4.0,-1,-2.1,0.0,2.0,0.0,10.0,0.0,0.0,0.0,,,0.0,-0.6,1.2,2.2,2433,2495.0,1.3,0.2,269,25MA上抜け7日目 / MA上昇配列
7512,イオン北海道,小売業,16.0,16.0,1,964,★☆☆☆☆,0.0,8.0,0,-0.6,0.0,0.0,0.0,8.0,0.0,0.0,0.0,,,0.0,0.7,1.2,2.3,848,869.0,0.6,0.1,129,RS転換0日目 / MA上昇配列
8803,平和不動産,不動産業,16.0,16.0,1,965,★☆☆☆☆,0.0,4.0,-1,-0.6,0.0,0.0,0.0,12.0,0.0,0.0,0.0,,,0.0,-0.3,1.0,1.3,2347,2395.0,0.2,0.1,396,25MA上抜け7日目 / MA上昇配列 / パーフェクトオーダー
4212,積水樹脂,化学,16.0,16.0,1,966,★☆☆☆☆,0.0,4.0,-1,-9.2,0.0,0.0,0.0,12.0,0.0,0.0,0.0,,,0.0,-2.3,2.0,3.3,2824,2942.0,2.7,0.0,162,25MA上抜け7日目 / MA上昇配列 / パーフェクトオーダー
4826,ＣＩＪ,情報・通信業,16.0,16.0,1,967,★☆☆☆☆,0.0,8.0,0,-0.8,0.0,0.0,0.0,8.0,0.0,0.0,0.0,,,0.0,6.3,2.2,5.7,534,559.0,2.6,0.5,134,RS転換0日目 / MA上昇配列
9227,マイクロ波化学,サービス業,16.0,16.0,1,968,★☆☆☆☆,0.0,8.0,0,-9.0,0.0,2.0,0.0,6.0,0.0,0.0,0.0,,,0.0,8.4,4.0,8.8,900,979.0,8.8,0.7,181,RS転換0日目
3350,メタプラネット,卸売業,16.0,16.0,1,969,★☆☆☆☆,0.0,10.0,6,-9.6,0.0,3.0,0.0,8.0,0.0,0.0,-5.0,,,0.0,25.8,9.2,25.0,256,313.0,2.6,0.1,9509,RS転換6日目 / 25MA上抜け7日目 / MA上昇配列 / 過熱⚠25MA+25% / 開示[子会社化](14日前)
4587,ペプチドリーム,医薬品,16.0,16.0,1,970,★☆☆☆☆,0.0,8.0,9,-1.9,0.0,2.0,0.0,6.0,0.0,0.0,0.0,,,0.0,13.7,4.5,7.4,996,1096.0,-0.3,0.1,1099,RS転換9日目
7951,ヤマハ,その他製品,16.0,16.0,1,971,★☆☆☆☆,0.0,8.0,0,-1.5,0.0,3.0,0.0,5.0,0.0,0.0,0.0,,,0.0,6.2,2.2,2.6,1287,1345.5,2.4,0.1,3408,RS転換0日目 / MA上昇配列 / パーフェクトオーダー
3151,バイタルケーエスケー・ホールディングス,卸売業,16.0,16.0,1,972,★☆☆☆☆,0.0,4.0,-1,-2.2,0.0,0.0,0.0,12.0,0.0,0.0,0.0,,,0.0,-2.9,1.7,1.3,1604,1661.0,-0.8,1.1,136,25MA上抜け7日目 / MA上昇配列 / パーフェクトオーダー
2432,ディー・エヌ・エー,情報・通信業,16.0,16.0,1,973,★☆☆☆☆,0.0,10.0,0,-0.6,0.0,0.0,0.0,6.0,0.0,0.0,0.0,,,0.0,3.6,2.2,4.4,2496,2608.5,3.5,0.1,2702,RS転換0日目 / 25MA上抜け7日目
5713,住友金属鉱山,非鉄金属,16.0,16.0,1,974,★☆☆☆☆,0.0,5.0,26,-19.0,0.0,3.0,0.0,11.0,0.0,0.0,-3.0,,,0.0,33.4,5.5,15.9,9861,11085.0,-3.4,0.1,40477,MA上昇配列 / パーフェクトオーダー / 伸びすぎ注意(25MA+16%)
6966,三井ハイテック,電気機器,16.0,16.0,1,975,★☆☆☆☆,0.0,10.0,9,-1.4,0.0,1.0,0.0,5.0,0.0,0.0,0.0,,,0.0,1.0,3.2,0.2,871,930.0,0.8,0.1,1299,RS転換9日目 / 25MA上抜け6日目 / MA上昇配列 / パーフェクトオーダー
2815,アリアケジャパン,食料品,15.9,15.9,1,976,★☆☆☆☆,0.0,4.0,-1,-1.0,0.0,3.3,0.0,8.0,0.0,0.6,0.0,,,0.0,-0.7,1.5,1.0,5273,5440.0,0.9,0.2,412,25MA上抜け7日目 / 買い出来高優勢 / MA上昇配列 / 開示[自己株式の取得](11日前)
4259,エクサウィザーズ,情報・通信業,15.9,15.899999999999999,1,977,★☆☆☆☆,0.0,10.0,1,9.1,0.0,2.0,0.0,3.7,0.0,0.2,0.0,,,0.0,5.2,6.0,5.5,734,833.0,6.9,0.0,1292,RS転換1日目 / RS加速+9.1 / 開示[AI](12日前)
9861,吉野家ホールディングス,小売業,15.8,15.8,1,978,★☆☆☆☆,0.0,4.0,-1,-5.9,0.0,1.0,0.0,9.5,0.0,1.3,0.0,,,0.0,-0.9,1.7,2.1,3743,3873.0,1.1,0.1,2604,25MA上抜け8日目 / MA上昇配列 / パーフェクトオーダー / 開示[自己株式の取得](8日前)
4393,バンク・オブ・イノベーション,情報・通信業,15.8,15.8,1,979,★☆☆☆☆,0.0,3.5,33,-2.6,0.0,4.3,0.0,8.0,0.0,0.0,0.0,,,0.0,15.9,4.7,11.5,5269,5820.0,4.1,0.1,265,買い出来高優勢 / MA上昇配列
4570,免疫生物研究所,医薬品,15.8,15.8,1,980,★☆☆☆☆,0.0,5.5,34,2.2,0.0,4.3,0.0,6.0,0.0,0.0,0.0,,,0.0,10.4,5.4,4.3,937,1051.0,-0.8,0.3,147,買い出来高優勢
6862,ミナトホールディングス,電気機器,15.8,15.8,1,981,★☆☆☆☆,0.0,5.0,20,-21.7,0.0,5.3,0.0,8.5,0.0,0.0,-3.0,,,0.0,68.1,10.2,19.9,2740,3440.0,-2.5,0.0,1689,買い出来高優勢 / 資金流入増 / MA上昇配列 / パーフェクトオーダー / 伸びすぎ注意(25MA+20%)
5946,長府製作所,金属製品,15.7,15.7,1,982,★☆☆☆☆,0.0,4.0,-1,-0.1,0.0,2.0,0.0,9.7,0.0,0.0,0.0,,,0.0,-0.8,1.4,2.5,2065,2126.0,2.6,0.1,124,25MA上抜け1日目 / MA上昇配列 / パーフェクトオーダー
402A,アクセルスペースホールディングス,輸送用機器,15.7,15.7,1,983,★☆☆☆☆,0.0,9.0,16,6.2,0.0,2.0,0.0,4.7,0.0,0.0,0.0,,,0.0,11.3,3.7,4.8,489,529.0,4.5,0.1,612,RS加速+6.2
8923,トーセイ,不動産業,15.7,15.7,1,984,★☆☆☆☆,0.0,4.0,-1,-3.6,0.0,1.0,0.0,10.7,0.0,0.0,0.0,,,0.0,-0.9,1.6,2.5,1780,1838.0,1.1,0.1,289,25MA上抜け7日目 / MA上昇配列 / パーフェクトオーダー
5929,三和ホールディングス,金属製品,15.7,15.7,1,985,★☆☆☆☆,0.0,10.0,0,10.1,0.0,0.0,0.0,5.7,0.0,0.0,0.0,,,0.0,4.7,2.0,0.3,3522,3671.0,1.0,0.1,2065,RS転換0日目 / RS加速+10.1 / MA上昇配列
3697,ＳＨＩＦＴ,情報・通信業,15.5,15.5,1,986,★☆☆☆☆,0.0,8.0,0,-10.5,0.0,2.0,0.0,5.5,0.0,0.0,0.0,,,0.0,8.4,4.5,5.8,877,964.2999877929688,-0.2,0.1,3907,RS転換0日目 / MA上昇配列
3486,グローバル・リンク・マネジメント,不動産業,15.5,15.5,1,987,★☆☆☆☆,0.0,8.0,0,-2.9,0.0,2.0,0.0,5.5,0.0,0.0,0.0,,,0.0,0.6,2.0,2.0,1905,1983.0,0.2,0.1,101,RS転換0日目 / MA上昇配列
4894,クオリプス,医薬品,15.5,15.5,1,988,★☆☆☆☆,0.0,5.5,40,2.8,0.0,2.0,0.0,8.0,0.0,0.0,0.0,,,0.0,26.7,5.4,14.1,5144,5770.0,9.9,0.1,584,MA上昇配列
3539,ＪＭホールディングス,小売業,15.5,15.5,1,989,★☆☆☆☆,0.0,8.0,0,-6.2,0.0,1.0,0.0,6.5,0.0,0.0,0.0,,,0.0,4.6,2.0,2.2,1400,1459.0,-2.9,0.1,213,RS転換0日目 / MA上昇配列
7181,かんぽ生命保険,保険業,15.5,15.5,1,990,★☆☆☆☆,0.0,4.0,-1,3.2,0.0,2.0,0.0,9.5,0.0,0.0,0.0,,,0.0,-5.7,2.1,0.3,1632,1705.0,4.2,0.1,3951,RS加速+3.2 / MA上昇配列 / パーフェクトオーダー
7198,ＳＢＩアルヒ,その他金融業,15.5,15.5,1,991,★☆☆☆☆,0.0,8.0,0,-4.6,0.0,2.0,0.0,5.5,0.0,0.0,0.0,,,0.0,0.8,1.6,1.2,811,838.0,-1.1,0.1,105,RS転換0日目 / MA上昇配列
8237,松屋,小売業,15.5,15.5,1,992,★☆☆☆☆,0.0,3.5,48,-39.4,0.0,5.3,0.0,6.7,0.0,0.0,0.0,,,0.0,19.2,8.6,5.5,1925,2323.0,-13.9,0.5,1152,買い出来高優勢 / 資金流入増 / MA上昇配列
9416,ビジョン,情報・通信業,15.5,15.5,1,993,★☆☆☆☆,0.0,8.0,0,-4.4,0.0,2.0,0.0,5.5,0.0,0.0,0.0,,,0.0,0.8,1.8,2.2,1023,1062.0,0.8,0.0,313,RS転換0日目 / MA上昇配列
5411,ＪＦＥホールディングス,鉄鋼,15.5,15.5,1,994,★☆☆☆☆,0.0,8.0,0,-3.1,0.0,1.0,0.0,6.5,0.0,0.0,0.0,,,0.0,2.7,2.1,3.9,1822,1903.0,2.9,0.2,11554,RS転換0日目 / MA上昇配列
7033,マネジメントソリューションズ,サービス業,15.5,15.5,1,995,★☆☆☆☆,0.0,3.5,33,-11.4,0.0,3.3,0.0,8.7,0.0,0.0,0.0,,,0.0,14.6,3.4,8.4,1555,1670.0,-2.5,0.1,181,買い出来高優勢 / MA上昇配列 / パーフェクトオーダー
3939,カナミックネットワーク,情報・通信業,15.5,15.5,1,996,★☆☆☆☆,0.0,8.0,0,-5.0,0.0,1.0,0.0,6.5,0.0,0.0,0.0,,,0.0,5.1,2.7,2.9,503,531.0,-0.4,0.1,119,RS転換0日目 / MA上昇配列
3558,ジェイドグループ,小売業,15.5,15.5,1,997,★☆☆☆☆,0.0,3.5,33,-1.6,0.0,2.0,0.0,10.0,0.0,0.0,0.0,,,0.0,9.6,2.0,6.0,1766,1839.0,0.3,0.0,154,MA上昇配列 / パーフェクトオーダー
141A,トライアルホールディングス,小売業,15.5,15.5,1,998,★☆☆☆☆,0.0,3.5,43,-2.5,0.0,4.3,0.0,7.7,0.0,0.0,0.0,,,0.0,27.7,5.0,14.6,3654,4060.0,3.2,0.0,3074,買い出来高優勢 / MA上昇配列
4776,サイボウズ,情報・通信業,15.5,15.5,1,999,★☆☆☆☆,0.0,3.5,38,-3.2,0.0,2.0,0.0,10.0,0.0,0.0,0.0,,,0.0,19.7,4.1,13.7,3012,3280.0,6.1,0.1,882,MA上昇配列 / パーフェクトオーダー
3660,アイスタイル,情報・通信業,15.5,15.5,1,1000,★☆☆☆☆,0.0,3.5,34,-4.2,0.0,4.0,0.0,8.0,0.0,0.0,0.0,,,0.0,20.6,5.0,12.4,488,542.0,4.2,0.1,957,資金流入増 / MA上昇配列
3661,エムアップホールディングス,情報・通信業,15.5,15.5,1,1001,★☆☆☆☆,0.0,8.0,0,-10.9,0.0,2.0,0.0,5.5,0.0,0.0,0.0,,,0.0,5.9,3.6,4.1,791,851.0,-2.2,0.1,475,RS転換0日目 / MA上昇配列
5714,ＤＯＷＡホールディングス,非鉄金属,15.3,15.3,1,1002,★☆☆☆☆,0.0,5.0,17,-5.6,0.0,4.3,0.0,6.0,0.0,0.0,0.0,,,0.0,18.0,4.1,6.7,9065,9883.0,-4.5,0.1,5967,買い出来高優勢
9069,センコーグループホールディングス,陸運業,15.2,15.2,1,1003,★☆☆☆☆,0.0,10.0,0,-3.4,0.0,2.0,0.0,3.2,0.0,0.0,0.0,,,0.0,0.2,2.2,-0.1,2155,2254.0,-1.9,0.0,967,RS転換0日目 / 高値圏かつ未過熱
3679,じげん,情報・通信業,15.2,15.2,1,1004,★☆☆☆☆,0.0,8.0,0,-4.4,0.0,3.0,0.0,4.2,0.0,0.0,0.0,,,0.0,7.3,2.7,5.5,435,460.0,0.2,0.6,138,RS転換0日目 / MA上昇配列
8766,東京海上ホールディングス,保険業,15.2,15.2,1,1005,★☆☆☆☆,0.0,4.0,-1,6.3,0.0,0.0,0.0,9.7,0.0,1.5,0.0,,,0.0,-5.7,2.0,1.2,7502,7814.0,7.6,0.1,34051,RS加速+6.3 / MA上昇配列 / パーフェクトオーダー / 開示[自己株式取得](7日前)
2471,エスプール,サービス業,15.2,15.2,1,1006,★☆☆☆☆,0.0,8.0,0,-5.5,0.0,1.0,0.0,6.2,0.0,0.0,0.0,,,0.0,4.7,2.7,1.6,273,289.0,-3.0,0.1,107,RS転換0日目 / MA上昇配列 / パーフェクトオーダー
8005,スクロール,小売業,15.1,15.1,1,1007,★☆☆☆☆,0.0,10.0,0,-4.2,0.0,1.0,0.0,2.0,0.0,2.1,0.0,,,0.0,3.7,1.8,-1.4,1734,1798.0,-3.0,0.2,478,RS転換0日目 / 高値圏かつ未過熱 / 開示[自己株式の取得](4日前)
1833,奥村組,建設業,15.0,15.0,1,1008,★☆☆☆☆,0.0,6.0,-1,0.3,0.0,0.0,0.0,9.0,0.0,0.0,0.0,,,0.0,-0.4,1.5,2.0,5709,5880.0,1.6,0.2,687,25MA上抜け6日目 / MA上昇配列
1803,清水建設,建設業,15.0,15.0,1,1009,★☆☆☆☆,0.0,10.0,0,4.8,0.0,0.0,0.0,5.0,0.0,0.0,0.0,,,0.0,0.1,2.2,1.6,2323,2429.5,2.2,0.1,6696,RS転換0日目 / RS加速+4.8
7974,任天堂,その他製品,15.0,15.0,1,1010,★☆☆☆☆,0.0,5.0,30,-7.8,0.0,2.0,0.0,8.0,0.0,0.0,0.0,,,0.0,16.9,3.3,9.7,8521,9131.0,3.8,0.1,81598,MA上昇配列
9830,トラスコ中山,卸売業,15.0,15.0,1,1011,★☆☆☆☆,0.0,6.0,-1,0.3,0.0,0.0,0.0,9.0,0.0,0.0,0.0,,,0.0,-0.5,1.7,2.2,2365,2450.0,3.3,0.1,301,25MA上抜け3日目 / MA上昇配列
6339,新東工業,機械,15.0,15.0,1,1012,★☆☆☆☆,0.0,12.0,0,-0.8,0.0,0.0,0.0,3.0,0.0,0.0,0.0,,,0.0,3.0,2.3,0.6,1153,1208.0,-0.4,0.4,126,RS転換0日目 / 高値圏かつ未過熱
7931,未来工業,化学,15.0,15.0,1,1013,★☆☆☆☆,0.0,5.5,37,2.2,0.0,2.0,0.0,7.5,0.0,0.0,0.0,,,0.0,7.6,2.3,4.7,3555,3725.0,0.5,0.1,109,MA上昇配列 / パーフェクトオーダー
9274,ＫＰＰグループホールディングス,卸売業,15.0,15.0,1,1014,★☆☆☆☆,0.0,4.0,-1,-3.2,0.0,0.0,0.0,11.0,0.0,0.0,0.0,,,0.0,-1.4,2.2,1.3,1068,1116.0,-0.5,0.3,237,25MA上抜け3日目 / MA上昇配列 / パーフェクトオーダー / 52週高値目前
219A,Ｈｅａｒｔｓｅｅｄ,医薬品,15.0,15.0,1,1015,★☆☆☆☆,0.0,9.0,29,18.1,0.0,4.3,0.0,6.7,0.0,0.0,-5.0,,,0.0,51.1,5.7,29.0,2283,2576.0,14.8,0.4,800,RS加速+18.1 / 買い出来高優勢 / MA上昇配列 / 過熱⚠25MA+29%
5269,日本コンクリート工業,ガラス・土石製品,15.0,15.0,1,1016,★☆☆☆☆,0.0,3.5,36,-5.7,0.0,4.0,0.0,7.5,0.0,0.0,0.0,,,0.0,8.6,2.3,3.9,360,377.0,-1.8,0.1,104,資金流入増 / MA上昇配列 / パーフェクトオーダー
2120,ＬＩＦＵＬＬ,サービス業,15.0,15.0,1,1017,★☆☆☆☆,0.0,3.5,34,-5.4,0.0,4.0,0.0,7.5,0.0,0.0,0.0,,,0.0,15.7,4.2,7.6,219,239.0,0.0,0.2,263,資金流入増 / MA上昇配列 / パーフェクトオーダー
3915,テラスカイ,情報・通信業,15.0,15.0,1,1018,★☆☆☆☆,0.0,9.0,11,7.5,0.0,0.0,0.0,6.0,0.0,0.0,0.0,,,0.0,17.3,4.2,9.9,2271,2478.0,8.6,0.1,263,RS加速+7.5
7279,ハイレックスコーポレーション,輸送用機器,15.0,15.0,1,1019,★☆☆☆☆,0.0,7.0,30,0.8,0.0,0.0,0.0,8.0,0.0,0.0,0.0,,,0.0,14.4,2.4,7.4,2546,2673.0,5.3,0.1,235,MA上昇配列
3003,ヒューリック,不動産業,15.0,15.0,1,1020,★☆☆☆☆,0.0,4.0,-1,-0.6,0.0,2.0,0.0,9.0,0.0,0.0,0.0,,,0.0,-0.4,1.4,0.9,1736,1786.0,-0.6,0.1,3361,25MA上抜け6日目 / MA上昇配列
5010,日本精蝋,石油・石炭製品,15.0,15.0,1,1021,★☆☆☆☆,0.0,3.5,36,-2.1,0.0,3.0,0.0,8.5,0.0,0.0,0.0,,,0.0,24.7,6.8,11.3,258,299.0,-0.3,0.1,139,資金流入増 / MA上昇配列 / パーフェクトオーダー
5532,リアルゲイト,不動産業,15.0,15.0,1,1022,★☆☆☆☆,0.0,10.0,0,7.0,0.0,0.0,0.0,5.0,0.0,0.0,0.0,,,0.0,3.8,3.6,2.7,3238,3490.0,1.9,0.0,114,RS転換0日目 / RS加速+7.0
3110,日東紡績,ガラス・土石製品,15.0,15.0,1,1023,★☆☆☆☆,0.0,10.0,2,20.8,0.0,0.0,0.0,5.0,0.0,0.0,0.0,,,0.0,10.7,6.5,4.6,2745,3155.0,8.1,0.0,23162,RS転換2日目 / RS加速+20.8
2206,江崎グリコ,食料品,15.0,15.0,1,1024,★☆☆☆☆,0.0,8.0,0,-1.0,0.0,0.0,0.0,7.0,0.0,0.0,0.0,,,0.0,0.9,1.2,1.4,5071,5200.0,-0.1,0.0,1105,RS転換0日目
1852,淺沼組,建設業,14.9,14.899999999999999,1,1025,★☆☆☆☆,0.0,8.0,0,-4.0,0.0,1.0,0.0,4.2,0.0,1.7,0.0,,,0.0,3.4,1.6,1.4,889,918.0,-2.1,0.1,483,RS転換0日目 / MA上昇配列 / 開示[自己株式の取得](6日前)
3903,ｇｕｍｉ,情報・通信業,14.8,14.8,1,1026,★☆☆☆☆,0.0,3.5,31,-1.2,0.0,3.3,0.0,8.0,0.0,0.0,0.0,,,0.0,12.2,3.5,9.7,269,289.0,4.0,0.2,133,買い出来高優勢 / MA上昇配列
5032,ＡＮＹＣＯＬＯＲ,情報・通信業,14.8,14.8,1,1027,★☆☆☆☆,0.0,3.5,34,-1.9,0.0,3.3,0.0,8.0,0.0,0.0,0.0,,,0.0,13.6,2.4,8.6,2881,3025.0,4.6,0.1,1301,買い出来高優勢 / MA上昇配列
3901,マークラインズ,情報・通信業,14.8,14.8,1,1028,★☆☆☆☆,0.0,5.0,15,-0.2,0.0,4.3,0.0,5.5,0.0,0.0,0.0,,,0.0,15.2,2.5,5.3,1494,1574.0,0.4,0.1,179,買い出来高優勢 / MA上昇配列
285A,キオクシアホールディングス,電気機器,14.7,14.7,1,1029,★☆☆☆☆,0.0,10.0,3,14.0,0.0,2.0,0.0,2.7,0.0,0.0,0.0,,,0.0,3.5,9.4,-2.4,39867,49040.0,-3.7,0.0,2103465,RS転換3日目 / RS加速+14.0
6143,ソディック,機械,14.7,14.7,1,1030,★☆☆☆☆,0.0,10.0,3,7.6,0.0,0.0,0.0,4.7,0.0,0.0,0.0,,,0.0,2.5,4.5,1.5,1599,1757.0,6.4,0.1,911,RS転換3日目 / RS加速+7.6
6331,三菱化工機,機械,14.7,14.7,1,1031,★☆☆☆☆,0.0,10.0,0,9.5,0.0,1.0,0.0,3.7,0.0,0.0,0.0,,,0.0,2.4,2.6,2.1,3122,3295.0,2.8,0.1,503,RS転換0日目 / RS加速+9.5
9828,Ｇｅｎｋｉ　Ｇｌｏｂａｌ　Ｄｉｎｉｎｇ　Ｃｏｎｃｅｐｔｓ,小売業,14.7,14.7,1,1032,★☆☆☆☆,0.0,4.0,-1,-4.3,0.0,1.0,0.0,9.7,0.0,0.0,0.0,,,0.0,-0.9,2.2,4.8,3421,3575.0,1.1,0.2,209,25MA上抜け8日目 / MA上昇配列 / パーフェクトオーダー
3038,神戸物産,卸売業,14.7,14.7,1,1033,★☆☆☆☆,0.0,8.0,0,-3.2,0.0,0.0,0.0,6.7,0.0,0.0,0.0,,,0.0,1.6,2.0,1.4,2736,2848.5,0.9,0.1,4171,RS転換0日目 / MA上昇配列
9042,阪急阪神ホールディングス,陸運業,14.7,14.7,1,1034,★☆☆☆☆,0.0,4.0,-1,-0.6,0.0,1.0,0.0,9.7,0.0,0.0,0.0,,,0.0,-1.4,1.7,0.7,4585,4745.0,-0.1,0.1,3292,25MA上抜け6日目 / MA上昇配列 / パーフェクトオーダー
5440,共英製鋼,鉄鋼,14.7,14.7,1,1035,★☆☆☆☆,0.0,8.0,0,-0.0,0.0,0.0,0.0,6.7,0.0,0.0,0.0,,,0.0,6.1,1.9,6.7,2021,2100.0,3.0,0.2,225,RS転換0日目 / MA上昇配列
5202,日本板硝子,ガラス・土石製品,14.7,14.7,1,1036,★☆☆☆☆,0.0,8.0,0,-0.4,0.0,0.0,0.0,6.7,0.0,0.0,0.0,,,0.0,0.1,0.4,1.4,488,492.0,-0.2,0.4,616,RS転換0日目 / MA上昇配列
8818,京阪神ビルディング,不動産業,14.7,14.7,1,1037,★☆☆☆☆,0.0,4.0,-1,-1.7,0.0,0.0,0.0,10.7,0.0,0.0,0.0,,,0.0,-3.5,2.0,2.7,1087,1132.0,2.5,0.3,384,25MA上抜け7日目 / MA上昇配列 / パーフェクトオーダー
4516,日本新薬,医薬品,14.7,14.7,1,1038,★☆☆☆☆,0.0,10.0,0,14.8,0.0,2.0,0.0,2.7,0.0,0.0,0.0,,,0.0,2.5,2.0,-1.0,3408,3553.0,-1.9,0.2,1323,RS転換0日目 / RS加速+14.8
7173,東京きらぼしフィナンシャルグループ,銀行業,14.5,14.5,1,1039,★☆☆☆☆,0.0,4.0,-1,7.4,0.0,2.0,0.0,8.5,0.0,0.0,0.0,,,0.0,-0.6,2.8,0.1,1630,1727.0,4.3,0.2,1801,RS加速+7.4 / MA上昇配列 / パーフェクトオーダー
7071,アンビスホールディングス,サービス業,14.5,14.5,1,1040,★☆☆☆☆,0.0,8.0,0,-11.6,0.0,1.0,0.0,5.5,0.0,0.0,0.0,,,0.0,5.6,3.8,2.7,379,411.0,-3.7,0.2,124,RS転換0日目 / MA上昇配列
8012,長瀬産業,卸売業,14.5,14.5,1,1041,★☆☆☆☆,0.0,12.0,0,2.4,0.0,0.0,0.0,1.0,0.0,1.5,0.0,,,0.0,1.2,2.2,-1.9,1122,1174.5,-1.9,0.1,1338,RS転換0日目 / 高値圏かつ未過熱 / 開示[自己株式の取得](7日前)
6570,共和コーポレーション,サービス業,14.5,14.5,1,1042,★☆☆☆☆,0.0,4.5,48,-22.5,0.0,4.0,0.0,11.0,0.0,0.0,-5.0,,,0.0,86.5,9.6,33.7,3205,3970.0,-5.9,0.3,302,資金流入増 / MA上昇配列 / パーフェクトオーダー / 過熱⚠25MA+34%
5027,ＡｎｙＭｉｎｄ　Ｇｒｏｕｐ,情報・通信業,14.5,14.5,1,1043,★☆☆☆☆,0.0,3.5,40,-14.2,0.0,5.3,0.0,8.7,0.0,0.0,-3.0,,,0.0,39.5,6.3,18.5,689,788.0,-2.8,0.1,366,買い出来高優勢 / 資金流入増 / MA上昇配列 / パーフェクトオーダー / 伸びすぎ注意(25MA+19%)
4914,高砂香料工業,化学,14.5,14.5,1,1044,★☆☆☆☆,0.0,3.5,33,-0.2,0.0,2.0,0.0,9.0,0.0,0.0,0.0,,,0.0,10.1,1.8,7.4,1308,1356.0,2.5,0.1,220,MA上昇配列
4599,ステムリム,医薬品,14.5,14.5,1,1045,★☆☆☆☆,0.0,5.0,22,-4.2,0.0,2.0,0.0,7.5,0.0,0.0,0.0,,,0.0,12.8,4.5,4.2,311,342.0,-3.4,0.1,113,MA上昇配列 / パーフェクトオーダー
6209,リケンＮＰＲ,機械,14.5,14.5,1,1046,★☆☆☆☆,0.0,4.0,-1,-2.3,0.0,1.0,0.0,9.5,0.0,0.0,0.0,,,0.0,-3.0,1.8,0.7,3891,4035.0,1.0,0.1,461,25MA上抜け0日目 / MA上昇配列 / パーフェクトオーダー
7094,ＮｅｘＴｏｎｅ,サービス業,14.5,14.5,1,1047,★☆☆☆☆,0.0,5.5,40,2.7,0.0,4.0,0.0,8.0,0.0,0.0,-3.0,,,0.0,27.7,3.7,17.6,1826,1972.0,12.6,0.1,210,資金流入増 / MA上昇配列 / 伸びすぎ注意(25MA+18%)
4165,プレイド,情報・通信業,14.3,14.3,1,1048,★☆☆☆☆,0.0,5.0,11,-3.8,0.0,4.3,0.0,8.0,0.0,0.0,-3.0,,,0.0,26.9,5.0,15.5,671,745.0,4.1,0.1,355,買い出来高優勢 / MA上昇配列 / 伸びすぎ注意(25MA+15%)
135A,ＶＲＡＩＮ　Ｓｏｌｕｔｉｏｎ,情報・通信業,14.3,14.3,1,1049,★☆☆☆☆,0.0,5.0,11,-4.4,0.0,3.3,0.0,6.0,0.0,0.0,0.0,,,0.0,12.5,4.5,5.8,3839,4220.0,-2.9,0.1,201,買い出来高優勢
6454,マックス,機械,14.2,14.2,1,1050,★☆☆☆☆,0.0,4.0,-1,-4.1,0.0,2.0,0.0,8.2,0.0,0.0,0.0,,,0.0,-1.6,2.1,1.4,1774,1851.0,3.9,0.1,475,25MA上抜け4日目 / MA上昇配列 / パーフェクトオーダー
4848,フルキャストホールディングス,サービス業,14.2,14.2,1,1051,★☆☆☆☆,0.0,8.0,0,-5.1,0.0,2.0,0.0,4.2,0.0,0.0,0.0,,,0.0,7.6,1.9,5.6,1821,1894.0,0.7,0.0,178,RS転換0日目 / MA上昇配列
2768,双日,卸売業,14.2,14.2,1,1052,★☆☆☆☆,0.0,8.0,0,-0.6,0.0,2.0,0.0,4.2,0.0,0.0,0.0,,,0.0,3.2,2.3,2.4,5394,5658.0,-0.2,0.1,5990,RS転換0日目 / MA上昇配列
7280,ミツバ,電気機器,14.2,14.2,1,1053,★☆☆☆☆,0.0,3.5,37,-4.8,0.0,2.0,0.0,8.7,0.0,0.0,0.0,,,0.0,10.6,2.5,7.8,1280,1348.0,1.0,0.0,308,MA上昇配列 / パーフェクトオーダー
4922,コーセーホールディングス,化学,14.2,14.2,1,1054,★☆☆☆☆,0.0,8.0,0,-5.5,0.0,2.0,0.0,4.2,0.0,0.0,0.0,,,0.0,1.3,2.4,1.1,5584,5870.0,-1.1,0.1,1819,RS転換0日目 / MA上昇配列
1514,住石ホールディングス,鉱業,14.1,14.1,1,1055,★☆☆☆☆,0.0,3.5,34,-6.5,0.0,3.0,0.0,5.5,0.0,2.1,0.0,,,0.0,14.3,3.9,5.5,619,671.0,-7.4,0.1,321,MA上昇配列 / 開示[自己株式の取得](4日前)
4927,ポーラ・オルビスホールディングス,化学,14.0,14.0,1,1056,★☆☆☆☆,0.0,8.0,0,-2.5,0.0,1.0,0.0,5.0,0.0,0.0,0.0,,,0.0,2.6,1.5,1.6,1359,1402.5,0.5,0.1,771,RS転換0日目 / MA上昇配列 / パーフェクトオーダー
2379,ディップ,サービス業,14.0,14.0,1,1057,★☆☆☆☆,0.0,4.0,-1,-5.1,0.0,2.0,0.0,8.0,0.0,0.0,0.0,,,0.0,-0.2,1.3,1.8,1798,1846.0,0.1,0.1,577,25MA上抜け8日目 / MA上昇配列
6140,旭ダイヤモンド工業,機械,14.0,14.0,1,1058,★☆☆☆☆,0.0,11.0,17,3.5,0.0,2.0,0.0,1.0,0.0,0.0,0.0,,,0.0,6.7,3.6,0.4,1113,1199.0,2.0,0.1,859,RS加速+3.5 / 25MA上抜け4日目
3222,ユナイテッド・スーパーマーケット・ホールディングス,小売業,14.0,14.0,1,1059,★☆☆☆☆,0.0,4.0,-1,-2.2,0.0,2.0,0.0,8.0,0.0,0.0,0.0,,,0.0,-0.9,1.8,0.8,793,823.0,-0.3,0.1,693,25MA上抜け9日目 / 資金流入増 / MA上昇配列
9308,乾汽船,海運業,14.0,14.0,1,1060,★☆☆☆☆,0.0,3.5,34,-8.7,0.0,3.0,0.0,7.5,0.0,0.0,0.0,,,0.0,12.9,3.1,7.3,2036,2172.0,1.7,0.0,306,MA上昇配列 / パーフェクトオーダー
4022,ラサ工業,化学,14.0,14.0,1,1061,★☆☆☆☆,0.0,9.0,18,6.4,0.0,0.0,0.0,5.0,0.0,0.0,0.0,,,0.0,14.4,6.2,0.7,1863,2126.0,3.1,0.0,2643,RS加速+6.4 / MA上昇配列 / パーフェクトオーダー
9048,名古屋鉄道,陸運業,14.0,14.0,1,1062,★☆☆☆☆,0.0,2.0,-1,0.6,0.0,1.0,0.0,11.0,0.0,0.0,0.0,,,0.0,-1.5,1.2,0.9,1858,1904.0,0.1,0.1,1098,MA上昇配列 / パーフェクトオーダー
9031,西日本鉄道,陸運業,14.0,14.0,1,1063,★☆☆☆☆,0.0,0.0,-1,-0.2,0.0,2.0,0.0,12.0,0.0,0.0,0.0,,,0.0,-1.6,1.7,1.8,3024,3133.0,0.9,0.1,600,MA上昇配列 / パーフェクトオーダー
1878,大東建託,不動産業,14.0,14.0,1,1064,★☆☆☆☆,0.0,4.0,-1,-3.3,0.0,1.0,0.0,9.0,0.0,0.0,0.0,,,0.0,-3.0,1.4,1.0,3243,3336.0,-0.1,0.1,4935,25MA上抜け7日目 / MA上昇配列
8056,ＢＩＰＲＯＧＹ,情報・通信業,14.0,14.0,1,1065,★☆☆☆☆,0.0,4.0,-1,-2.4,0.0,2.0,0.0,8.0,0.0,0.0,0.0,,,0.0,-3.0,2.5,3.7,4576,4819.0,3.4,0.0,2615,25MA上抜け3日目 / MA上昇配列
5423,東京製鐵,鉄鋼,14.0,14.0,1,1066,★☆☆☆☆,0.0,4.0,-1,-1.4,0.0,0.0,0.0,10.0,0.0,0.0,0.0,,,0.0,-1.9,2.0,2.3,1704,1773.0,4.2,0.2,499,25MA上抜け0日目 / MA上昇配列 / パーフェクトオーダー
9022,東海旅客鉄道,陸運業,14.0,14.0,1,1067,★☆☆☆☆,0.0,4.0,-1,-0.6,0.0,1.0,0.0,9.0,0.0,0.0,0.0,,,0.0,-1.3,1.8,2.3,3873,4017.0,2.4,0.1,8492,25MA上抜け6日目 / MA上昇配列
5911,横河ブリッジホールディングス,金属製品,14.0,14.0,1,1068,★☆☆☆☆,0.0,2.0,-1,-1.6,0.0,2.0,0.0,10.0,0.0,0.0,0.0,,,0.0,-1.3,1.0,0.6,2921,2981.0,-0.2,0.1,256,MA上昇配列
6298,ワイエイシイホールディングス,機械,14.0,14.0,1,1069,★☆☆☆☆,0.0,5.0,13,-1.1,0.0,2.0,0.0,7.0,0.0,0.0,0.0,,,0.0,11.2,4.1,3.7,1191,1298.0,-1.7,0.1,264,-
7780,メニコン,精密機器,14.0,14.0,1,1070,★☆☆☆☆,0.0,8.0,1,-3.7,0.0,1.0,0.0,5.0,0.0,0.0,0.0,,,0.0,9.1,2.7,2.4,1826,1928.0,0.7,0.1,521,RS転換1日目 / MA上昇配列 / パーフェクトオーダー
3131,シンデン・ハイテックス,卸売業,14.0,14.0,1,1071,★☆☆☆☆,0.0,4.5,40,-17.0,0.0,4.0,0.0,8.5,0.0,0.0,-3.0,,,0.0,47.8,8.0,15.1,5161,6140.0,5.1,0.4,474,資金流入増 / MA上昇配列 / パーフェクトオーダー / 伸びすぎ注意(25MA+15%)
9936,王将フードサービス,小売業,14.0,14.0,1,1072,★☆☆☆☆,0.0,4.0,-1,-2.9,0.0,2.0,0.0,8.0,0.0,0.0,0.0,,,0.0,-3.2,1.3,1.5,2906,2982.0,0.3,0.2,668,25MA上抜け6日目 / MA上昇配列
7984,コクヨ,その他製品,14.0,14.0,1,1073,★☆☆☆☆,0.0,4.0,-1,-1.3,0.0,0.0,0.0,10.0,0.0,0.0,0.0,,,0.0,-0.4,1.6,4.6,895,924.0999755859375,5.4,0.1,687,25MA上抜け5日目 / MA上昇配列
9793,ダイセキ,サービス業,14.0,14.0,1,1074,★☆☆☆☆,0.0,6.0,-1,0.3,0.0,2.0,0.0,6.0,0.0,0.0,0.0,,,0.0,-0.2,1.4,1.3,3717,3825.0,0.7,0.2,414,25MA上抜け6日目
2752,フジオフードグループ本社,小売業,14.0,14.0,1,1075,★☆☆☆☆,0.0,8.0,0,-2.7,0.0,0.0,0.0,6.0,0.0,0.0,0.0,,,0.0,0.1,1.4,3.2,1125,1157.0,1.1,0.1,127,RS転換0日目
3443,川田テクノロジーズ,金属製品,13.8,13.8,1,1076,★☆☆☆☆,0.0,5.0,15,-0.1,0.0,3.3,0.0,5.5,0.0,0.0,0.0,,,0.0,6.7,2.6,1.8,1309,1381.0,-1.4,0.1,393,買い出来高優勢 / MA上昇配列
6629,テクノホライゾン,電気機器,13.7,13.7,1,1077,★☆☆☆☆,0.0,10.0,2,15.2,0.0,0.0,0.0,3.7,0.0,0.0,0.0,,,0.0,7.8,2.8,3.2,945,1002.0,3.4,0.1,150,RS転換2日目 / RS加速+15.2
9090,ＡＺ－ＣＯＭ丸和ホールディングス,陸運業,13.7,13.7,1,1078,★☆☆☆☆,0.0,6.0,-1,1.8,0.0,1.0,0.0,6.7,0.0,0.0,0.0,,,0.0,-3.4,1.9,1.9,873,908.0,2.4,0.1,487,25MA上抜け1日目 / MA上昇配列
9021,西日本旅客鉄道,陸運業,13.7,13.7,1,1079,★☆☆☆☆,0.0,6.0,-1,1.7,0.0,0.0,0.0,7.7,0.0,0.0,0.0,,,0.0,-0.5,1.7,2.7,2942,3046.0,3.1,0.1,6323,25MA上抜け4日目 / MA上昇配列
5563,新日本電工,鉄鋼,13.7,13.7,1,1080,★☆☆☆☆,0.0,8.0,9,-1.8,0.0,0.0,0.0,5.7,0.0,0.0,0.0,,,0.0,2.4,2.8,3.0,422,447.0,0.7,0.1,352,RS転換9日目
2702,日本マクドナルドホールディングス,小売業,13.5,13.5,1,1081,★☆☆☆☆,0.0,4.0,-1,-8.5,0.0,0.0,0.0,9.5,0.0,0.0,0.0,,,0.0,-2.2,2.0,0.7,7737,8060.0,-1.3,0.1,5075,25MA上抜け8日目 / MA上昇配列 / パーフェクトオーダー
212A,フィットイージー,サービス業,13.5,13.5,1,1082,★☆☆☆☆,0.0,7.5,52,-6.5,0.0,0.0,0.0,6.0,0.0,0.0,0.0,,,0.0,8.1,2.8,2.5,2845,3015.0,-2.3,0.1,311,高値圏かつ未過熱 / MA上昇配列 / パーフェクトオーダー
6586,マキタ,機械,13.5,13.5,1,1083,★☆☆☆☆,0.0,10.0,0,7.3,0.0,1.0,0.0,2.5,0.0,0.0,0.0,,,0.0,0.2,1.8,-1.6,5107,5297.0,-0.1,0.0,4285,RS転換0日目 / RS加速+7.3
7283,愛三工業,輸送用機器,13.5,13.5,1,1084,★☆☆☆☆,0.0,4.0,-1,-2.3,0.0,0.0,0.0,9.5,0.0,0.0,0.0,,,0.0,-3.1,2.2,3.3,2273,2378.0,3.0,0.2,292,25MA上抜け0日目 / MA上昇配列 / パーフェクトオーダー
6080,Ｍ＆Ａキャピタルパートナーズ,サービス業,13.5,13.5,1,1085,★☆☆☆☆,0.0,3.5,34,-2.4,0.0,0.0,0.0,10.0,0.0,0.0,0.0,,,0.0,7.7,2.1,5.3,4079,4260.0,2.3,0.1,432,MA上昇配列 / パーフェクトオーダー
3491,ＧＡ　ｔｅｃｈｎｏｌｏｇｉｅｓ,不動産業,13.5,13.5,1,1086,★☆☆☆☆,0.0,3.5,34,-9.7,0.0,2.0,0.0,8.0,0.0,0.0,0.0,,,0.0,8.4,3.1,6.8,1501,1601.0,1.7,0.1,261,MA上昇配列
9166,ＧＥＮＤＡ,サービス業,13.4,13.4,1,1087,★☆☆☆☆,0.0,3.5,33,-8.0,0.0,3.3,0.0,5.5,0.0,1.1,0.0,,,0.0,22.9,5.4,9.0,671,752.0,-0.5,0.0,1427,買い出来高優勢 / MA上昇配列 / 開示[業務提携](8日前)
6503,三菱電機,電気機器,13.3,13.299999999999999,1,1088,★☆☆☆☆,0.0,0.0,-1,-5.2,9.7,2.0,0.0,1.0,0.0,0.6,0.0,,,0.0,-8.1,3.2,-2.7,5202,5553.0,-0.3,0.1,31824,AIデータセンター・電力(+1.9%) / 開示[子会社化](12日前) / 開示[子会社化](12日前)
4290,プレステージ・インターナショナル,サービス業,13.3,13.3,1,1089,★☆☆☆☆,0.0,2.0,-1,-11.6,0.0,1.0,0.0,7.5,0.0,2.8,0.0,,,0.0,-0.9,1.6,0.5,695,718.0,-3.0,0.3,351,MA上昇配列 / 開示[自己株式の取得](1日前)
2685,アンドエスティＨＤ,小売業,13.2,13.2,1,1090,★☆☆☆☆,0.0,10.0,0,-3.5,0.0,1.0,0.0,2.2,0.0,0.0,0.0,,,0.0,0.5,1.8,-0.2,3298,3420.0,-1.4,0.1,1202,RS転換0日目 / 高値圏かつ未過熱
9449,ＧＭＯインターネットグループ,情報・通信業,13.2,13.2,1,1091,★☆☆☆☆,0.0,4.0,-1,-4.5,0.0,1.0,0.0,8.2,0.0,0.0,0.0,,,0.0,-2.8,3.3,2.1,3946,4221.0,4.5,0.0,1649,25MA上抜け2日目 / MA上昇配列 / パーフェクトオーダー
8424,芙蓉総合リース,その他金融業,13.2,13.2,1,1092,★☆☆☆☆,0.0,4.0,-1,-1.4,0.0,1.0,0.0,8.2,0.0,0.0,0.0,,,0.0,-3.6,1.3,0.6,4356,4468.0,1.7,0.1,705,25MA上抜け0日目 / MA上昇配列 / パーフェクトオーダー
6869,シスメックス,電気機器,13.0,13.0,1,1093,★☆☆☆☆,0.0,3.5,37,-4.8,0.0,3.3,0.0,6.2,0.0,0.0,0.0,,,0.0,21.4,2.9,8.9,1858,1972.5,1.0,0.1,5668,買い出来高優勢 / MA上昇配列 / パーフェクトオーダー
1882,東亜道路工業,建設業,13.0,13.0,1,1094,★☆☆☆☆,0.0,4.0,-1,-1.7,0.0,0.0,0.0,9.0,0.0,0.0,0.0,,,0.0,-1.7,1.1,0.9,1596,1631.0,0.2,0.2,556,25MA上抜け7日目 / MA上昇配列
6875,メガチップス,電気機器,13.0,13.0,1,1095,★☆☆☆☆,0.0,9.0,15,7.7,0.0,2.0,0.0,2.0,0.0,0.0,0.0,,,0.0,18.2,3.8,4.7,10056,10890.0,2.4,0.1,1350,RS加速+7.7
7733,オリンパス,精密機器,13.0,13.0,1,1096,★☆☆☆☆,0.0,3.5,33,-7.8,0.0,2.0,0.0,7.5,0.0,0.0,0.0,,,0.0,15.7,2.9,6.4,2019,2141.5,-0.9,0.1,9802,MA上昇配列 / パーフェクトオーダー
8804,東京建物,不動産業,13.0,13.0,1,1097,★☆☆☆☆,0.0,2.0,-1,1.3,0.0,2.0,0.0,9.0,0.0,0.0,0.0,,,0.0,-0.1,1.6,1.7,3339,3451.0,0.7,0.1,2454,MA上昇配列
9301,三菱倉庫,倉庫・運輸関連業,13.0,13.0,1,1098,★☆☆☆☆,0.0,2.0,-1,0.4,0.0,0.0,0.0,11.0,0.0,0.0,0.0,,,0.0,-6.2,1.6,0.3,1487,1535.5,0.2,0.0,1767,MA上昇配列 / パーフェクトオーダー
7606,ユナイテッドアローズ,小売業,13.0,13.0,1,1099,★☆☆☆☆,0.0,10.0,0,-1.8,0.0,1.0,0.0,2.0,0.0,0.0,0.0,,,0.0,1.1,2.2,-0.4,2391,2501.0,-0.1,0.1,534,RS転換0日目 / 高値圏かつ未過熱
2282,日本ハム,食料品,13.0,13.0,1,1100,★☆☆☆☆,0.0,2.0,-1,-1.2,0.0,2.0,0.0,9.0,0.0,0.0,0.0,,,0.0,-0.4,1.7,0.9,6129,6348.0,-0.7,0.1,3942,MA上昇配列
7421,カッパ・クリエイト,小売業,13.0,13.0,1,1101,★☆☆☆☆,0.0,4.0,-1,-5.1,0.0,0.0,0.0,9.0,0.0,0.0,0.0,,,0.0,-0.9,1.5,3.0,1595,1645.0,1.5,0.2,124,25MA上抜け9日目 / MA上昇配列
9409,テレビ朝日ホールディングス,情報・通信業,13.0,13.0,1,1102,★☆☆☆☆,0.0,4.0,-1,-0.1,0.0,2.0,0.0,7.0,0.0,0.0,0.0,,,0.0,-1.0,1.6,1.9,3061,3165.0,1.3,0.1,607,25MA上抜け5日目
1332,ニッスイ,水産・農林業,13.0,13.0,1,1103,★☆☆☆☆,0.0,4.0,-1,-0.8,0.0,2.0,0.0,7.0,0.0,0.0,0.0,,,0.0,-0.3,1.9,0.3,1235,1283.0,-0.7,0.1,1773,25MA上抜け0日目
3397,トリドールホールディングス,小売業,13.0,13.0,1,1104,★☆☆☆☆,0.0,4.0,-1,-6.6,0.0,0.0,0.0,9.0,0.0,0.0,0.0,,,0.0,-0.3,2.1,3.0,4227,4417.0,0.8,0.2,1270,25MA上抜け8日目 / MA上昇配列
1333,Ｕｍｉｏｓ,水産・農林業,13.0,13.0,1,1105,★☆☆☆☆,0.0,2.0,-1,1.1,0.0,2.0,0.0,9.0,0.0,0.0,0.0,,,0.0,-1.9,1.4,0.7,1275,1312.0,0.9,0.1,678,MA上昇配列
8850,スターツコーポレーション,不動産業,13.0,13.0,1,1106,★☆☆☆☆,0.0,4.0,-1,-2.5,0.0,0.0,0.0,9.0,0.0,0.0,0.0,,,0.0,-2.3,1.3,0.6,4617,4740.0,-0.4,0.0,264,25MA上抜け3日目 / MA上昇配列
3289,東急不動産ホールディングス,不動産業,13.0,13.0,1,1107,★☆☆☆☆,0.0,4.0,-1,-2.3,0.0,0.0,0.0,9.0,0.0,0.0,0.0,,,0.0,-1.9,1.3,0.5,1302,1338.0,-1.1,0.1,3287,25MA上抜け0日目 / MA上昇配列
6521,オキサイド,電気機器,12.8,12.799999999999999,1,1108,★☆☆☆☆,0.0,10.0,4,9.8,0.0,0.0,0.0,2.7,0.0,0.1,0.0,,,0.0,7.9,5.8,-0.2,2822,3190.0,-2.6,0.1,566,RS転換4日目 / RS加速+9.8 / 開示[設備投資](13日前)
9324,安田倉庫,倉庫・運輸関連業,12.8,12.8,1,1109,★☆☆☆☆,0.0,0.0,-1,-1.0,0.0,3.3,0.0,9.5,0.0,0.0,0.0,,,0.0,-1.4,1.8,0.8,2465,2558.0,-0.6,0.1,234,買い出来高優勢 / MA上昇配列 / パーフェクトオーダー
5137,スマートドライブ,情報・通信業,12.8,12.8,1,1110,★☆☆☆☆,0.0,3.5,38,-8.4,0.0,4.3,0.0,8.0,0.0,0.0,-3.0,,,0.0,30.3,6.8,16.4,258,299.0,3.1,0.5,140,買い出来高優勢 / MA上昇配列 / 伸びすぎ注意(25MA+16%)
9142,九州旅客鉄道,陸運業,12.7,12.7,1,1111,★☆☆☆☆,0.0,4.0,-1,5.2,0.0,1.0,0.0,7.7,0.0,0.0,0.0,,,0.0,-0.1,1.5,3.4,3557,3663.0,4.2,0.1,2629,RS加速+5.2 / MA上昇配列
4714,リソー教育グループ,サービス業,12.7,12.7,1,1112,★☆☆☆☆,0.0,2.0,-1,-4.6,0.0,2.0,0.0,8.7,0.0,0.0,0.0,,,0.0,-1.5,1.3,2.1,204,209.0,0.5,0.4,101,MA上昇配列 / パーフェクトオーダー
9715,トランス・コスモス,サービス業,12.7,12.7,1,1113,★☆☆☆☆,0.0,4.0,-1,-2.6,0.0,2.0,0.0,6.7,0.0,0.0,0.0,,,0.0,-3.3,1.5,1.5,3639,3750.0,1.1,0.1,305,25MA上抜け6日目
7224,新明和工業,輸送用機器,12.7,12.7,1,1114,★☆☆☆☆,0.0,8.0,0,2.6,0.0,1.0,0.0,3.7,0.0,0.0,0.0,,,0.0,0.1,1.5,1.2,1955,2014.0,1.1,0.3,307,RS転換0日目
3741,セック,情報・通信業,12.7,12.7,1,1115,★☆☆☆☆,0.0,7.0,22,1.2,0.0,1.0,0.0,4.7,0.0,0.0,0.0,,,0.0,6.7,3.2,3.1,3016,3220.0,2.5,0.1,230,-
9211,エフ・コード,サービス業,12.7,12.7,1,1116,★☆☆☆☆,0.0,5.5,33,-5.2,0.0,3.0,0.0,4.2,0.0,0.0,0.0,,,0.0,6.8,5.3,0.7,1312,1468.0,-4.2,0.1,249,25MA上抜け7日目 / MA上昇配列
9682,ＤＴＳ,情報・通信業,12.7,12.7,1,1117,★☆☆☆☆,0.0,4.0,-1,-5.4,0.0,1.0,0.0,7.7,0.0,0.0,0.0,,,0.0,-2.2,2.2,4.6,1103,1155.0,2.8,0.0,604,25MA上抜け9日目 / MA上昇配列
2281,プリマハム,食料品,12.7,12.7,1,1118,★☆☆☆☆,0.0,4.0,-1,-1.6,0.0,1.0,0.0,7.7,0.0,0.0,0.0,,,0.0,-2.3,1.2,1.9,2413,2474.0,1.4,0.2,396,25MA上抜け1日目 / MA上昇配列
6327,北川精機,機械,12.7,12.7,1,1119,★☆☆☆☆,0.0,10.0,3,26.8,0.0,0.0,0.0,2.7,0.0,0.0,0.0,,,0.0,6.1,10.3,-6.1,2444,3075.0,-0.5,0.0,2162,RS転換3日目 / RS加速+26.8
7609,ダイトロン,卸売業,12.6,12.6,1,1120,★☆☆☆☆,0.0,7.0,19,7.6,0.0,4.0,0.0,1.0,0.0,0.6,0.0,,,0.0,17.6,5.0,-1.8,3575,3970.0,0.6,0.0,929,RS加速+7.6 / 資金流入増 / 開示[自己株式の取得](11日前)
7256,河西工業,輸送用機器,12.5,12.5,1,1121,★☆☆☆☆,0.0,8.0,0,1.6,0.0,3.3,0.0,1.2,0.0,0.0,0.0,,,0.0,0.9,7.3,-1.4,361,423.0,2.2,0.0,208,RS転換0日目 / 買い出来高優勢
9621,建設技術研究所,サービス業,12.5,12.5,1,1122,★☆☆☆☆,0.0,2.0,-1,-9.3,0.0,3.0,0.0,7.5,0.0,0.0,0.0,,,0.0,-0.1,2.5,2.5,3075,3235.0,0.2,0.0,254,MA上昇配列
6627,テラプローブ,電気機器,12.5,12.5,1,1123,★☆☆☆☆,0.0,10.0,3,18.2,0.0,0.0,0.0,2.5,0.0,0.0,0.0,,,0.0,5.4,7.4,0.3,9370,11010.0,9.7,0.0,2096,RS転換3日目 / RS加速+18.2
6455,モリタホールディングス,輸送用機器,12.5,12.5,1,1124,★☆☆☆☆,0.0,4.0,-1,-1.1,0.0,2.0,0.0,6.5,0.0,0.0,0.0,,,0.0,-1.9,1.6,3.6,2445,2524.0,2.1,0.1,179,25MA上抜け6日目 / MA上昇配列 / RSI過熱(87)⚠
4480,メドレー,情報・通信業,12.5,12.5,1,1125,★☆☆☆☆,0.0,3.5,33,-8.2,0.0,5.3,0.0,6.7,0.0,0.0,-3.0,,,0.0,34.1,5.5,15.1,2483,2788.0,0.6,0.2,1033,買い出来高優勢 / 資金流入増 / MA上昇配列 / 伸びすぎ注意(25MA+15%)
5331,ノリタケ,ガラス・土石製品,12.5,12.5,1,1126,★☆☆☆☆,0.0,9.0,17,3.9,0.0,0.0,0.0,3.5,0.0,0.0,0.0,,,0.0,6.1,3.1,2.0,3449,3675.0,1.8,0.0,1039,RS加速+3.9
8995,誠建設工業,不動産業,12.5,12.5,1,1127,★☆☆☆☆,0.0,5.0,25,-47.1,0.0,2.0,0.0,5.5,0.0,0.0,0.0,,,0.0,46.2,20.0,7.7,881,1467.0,-5.0,0.0,446,資金流入増 / MA上昇配列
5408,中山製鋼所,鉄鋼,12.5,12.5,1,1128,★☆☆☆☆,0.0,4.0,-1,-2.1,0.0,1.0,0.0,7.5,0.0,0.0,0.0,,,0.0,-3.7,1.8,0.2,623,646.0,0.8,0.1,175,25MA上抜け0日目 / MA上昇配列 / パーフェクトオーダー
9511,沖縄電力,電気・ガス業,12.5,12.5,1,1129,★☆☆☆☆,0.0,7.5,33,-15.1,0.0,1.0,0.0,4.0,0.0,0.0,0.0,,,0.0,10.9,2.0,8.7,1143,1190.0,1.2,0.1,329,高値圏かつ未過熱 / MA上昇配列 / RSI過熱(88)⚠
6779,日本電波工業,電気機器,12.5,12.5,1,1130,★☆☆☆☆,0.0,10.0,4,12.0,0.0,0.0,0.0,2.5,0.0,0.0,0.0,,,0.0,6.7,7.4,0.0,2378,2789.0,3.0,0.1,2386,RS転換4日目 / RS加速+12.0
3028,アルペン,小売業,12.2,12.2,1,1131,★☆☆☆☆,0.0,8.0,0,-0.3,0.0,0.0,0.0,4.2,0.0,0.0,0.0,,,0.0,6.5,1.5,4.0,2334,2405.0,1.1,0.4,237,RS転換0日目 / MA上昇配列
9616,共立メンテナンス,サービス業,12.2,12.2,1,1132,★☆☆☆☆,0.0,4.0,-1,-14.0,0.0,0.0,0.0,8.2,0.0,0.0,0.0,,,0.0,-3.9,2.8,0.8,3219,3407.0,-0.3,0.1,3876,25MA上抜け9日目 / MA上昇配列 / パーフェクトオーダー
6473,ジェイテクト,機械,12.2,12.2,1,1133,★☆☆☆☆,0.0,4.0,-1,-6.8,0.0,0.0,0.0,8.2,0.0,0.0,0.0,,,0.0,-5.3,2.7,1.6,2028,2143.5,2.8,0.1,2045,25MA上抜け0日目 / MA上昇配列 / パーフェクトオーダー
6465,ホシザキ,機械,12.2,12.2,1,1134,★☆☆☆☆,0.0,4.0,-1,-4.9,0.0,1.0,0.0,7.2,0.0,0.0,0.0,,,0.0,-2.0,1.7,0.1,5515,5705.0,0.6,0.0,1769,25MA上抜け0日目 / MA上昇配列 / パーフェクトオーダー
4004,レゾナック・ホールディングス,化学,12.2,12.2,1,1135,★☆☆☆☆,0.0,9.0,17,6.2,0.0,1.0,0.0,2.2,0.0,0.0,0.0,,,0.0,13.5,5.9,2.5,13989,15855.0,0.5,0.1,40581,RS加速+6.2
1407,ウエストホールディングス,建設業,12.2,12.2,1,1136,★☆☆☆☆,0.0,10.0,1,4.1,0.0,1.0,0.0,1.2,0.0,0.0,0.0,,,0.0,4.1,6.0,-0.5,2329,2648.0,-5.5,0.1,1083,RS転換1日目 / RS加速+4.1
6490,ＰＩＬＬＡＲ,機械,12.2,12.2,1,1137,★☆☆☆☆,0.0,10.0,4,6.7,0.0,0.0,0.0,2.2,0.0,0.0,0.0,,,0.0,2.8,4.7,-0.7,9000,9940.0,1.1,0.1,1591,RS転換4日目 / RS加速+6.7
9843,ニトリホールディングス,小売業,12.2,12.2,1,1138,★☆☆☆☆,0.0,5.0,30,-8.0,0.0,3.0,0.0,4.2,0.0,0.0,0.0,,,0.0,18.1,2.8,6.3,2880,3048.0,-0.7,0.1,10522,MA上昇配列
1377,サカタのタネ,水産・農林業,12.2,12.2,1,1139,★☆☆☆☆,0.0,10.0,0,-0.2,0.0,0.0,0.0,2.2,0.0,0.0,0.0,,,0.0,0.1,1.3,-0.1,4289,4405.0,-1.7,0.2,405,RS転換0日目 / 高値圏かつ未過熱
6459,だいわ,機械,12.2,12.2,1,1140,★☆☆☆☆,0.0,4.0,-1,-3.1,0.0,1.0,0.0,7.2,0.0,0.0,0.0,,,0.0,-2.0,3.4,0.7,1616,1733.0,-0.1,0.1,194,25MA上抜け0日目 / MA上昇配列 / パーフェクトオーダー
4732,ユー・エス・エス,サービス業,12.2,12.2,1,1141,★☆☆☆☆,0.0,4.0,-1,-2.0,0.0,0.0,0.0,8.2,0.0,0.0,0.0,,,0.0,-2.5,1.4,0.8,1953,2008.0,1.8,0.1,1909,25MA上抜け0日目 / MA上昇配列 / パーフェクトオーダー
6005,三浦工業,機械,12.0,12.0,1,1142,★☆☆☆☆,0.0,4.0,-1,-1.0,0.0,2.0,0.0,6.0,0.0,0.0,0.0,,,0.0,-2.6,2.3,0.8,3049,3197.0,0.2,0.0,1397,25MA上抜け5日目
8425,みずほリース,その他金融業,12.0,12.0,1,1143,★☆☆☆☆,0.0,2.0,-1,-2.6,0.0,0.0,0.0,10.0,0.0,0.0,0.0,,,0.0,-0.7,1.2,2.2,1352,1386.0,1.1,0.1,735,MA上昇配列
4968,荒川化学工業,化学,12.0,12.0,1,1144,★☆☆☆☆,0.0,10.0,9,9.9,0.0,2.0,0.0,0.0,0.0,0.0,0.0,,,0.0,14.8,6.0,-2.2,1871,2125.0,-2.6,0.0,784,RS転換9日目 / RS加速+9.9
368A,北里,精密機器,12.0,12.0,1,1145,★☆☆☆☆,0.0,8.0,0,-2.7,0.0,1.0,0.0,3.0,0.0,0.0,0.0,,,0.0,7.2,2.7,1.0,1422,1504.0,-0.4,0.0,197,RS転換0日目 / MA上昇配列
4507,塩野義製薬,医薬品,12.0,12.0,1,1146,★☆☆☆☆,0.0,4.0,-1,-2.0,0.0,0.0,0.0,8.0,0.0,0.0,0.0,,,0.0,-1.1,1.8,1.8,2831,2934.5,0.4,0.1,6806,25MA上抜け7日目 / MA上昇配列
4381,ビープラッツ,情報・通信業,12.0,12.0,1,1147,★☆☆☆☆,0.0,10.0,1,12.7,0.0,2.0,0.0,0.0,0.0,0.0,0.0,,,0.0,2.3,13.8,-17.9,214,295.0,-11.4,0.0,231,RS転換1日目 / RS加速+12.7 / 資金流入増
5463,丸一鋼管,鉄鋼,12.0,12.0,1,1148,★☆☆☆☆,0.0,2.0,-1,0.7,0.0,0.0,0.0,10.0,0.0,0.0,0.0,,,0.0,-2.9,2.0,0.1,1703,1773.5,1.1,0.1,1211,MA上昇配列 / パーフェクトオーダー
7313,テイ・エス　テック,輸送用機器,12.0,12.0,1,1149,★☆☆☆☆,0.0,2.0,-1,-3.4,0.0,0.0,0.0,10.0,0.0,0.0,0.0,,,0.0,-0.2,1.0,2.1,1832,1870.0,0.9,0.1,465,MA上昇配列
7595,アルゴグラフィックス,情報・通信業,12.0,12.0,1,1150,★☆☆☆☆,0.0,2.0,-1,-6.2,0.0,1.0,0.0,9.0,0.0,0.0,0.0,,,0.0,-3.5,1.7,1.2,1300,1346.0,-0.1,0.1,279,MA上昇配列
9023,東京地下鉄,陸運業,12.0,12.0,1,1151,★☆☆☆☆,0.0,4.0,-1,-2.2,0.0,0.0,0.0,8.0,0.0,0.0,0.0,,,0.0,-0.5,1.2,0.8,1443,1478.5,0.0,0.1,2313,25MA上抜け7日目 / MA上昇配列
6167,冨士ダイス,機械,12.0,12.0,1,1152,★☆☆☆☆,0.0,7.0,16,0.1,0.0,2.0,0.0,3.0,0.0,0.0,0.0,,,0.0,7.6,2.7,2.2,987,1044.0,0.9,0.1,115,MA上昇配列
9882,イエローハット,卸売業,12.0,12.0,1,1153,★☆☆☆☆,0.0,0.0,-1,-1.9,0.0,0.0,0.0,12.0,0.0,0.0,0.0,,,0.0,-2.9,1.3,0.6,1745,1792.0,-0.1,0.1,263,MA上昇配列 / パーフェクトオーダー
2593,伊藤園,食料品,12.0,12.0,1,1154,★☆☆☆☆,0.0,2.0,-1,2.1,0.0,2.0,0.0,8.0,0.0,0.0,0.0,,,0.0,-0.2,1.7,1.4,2933,3038.0,2.1,0.1,899,MA上昇配列
6929,日本セラミック,電気機器,12.0,12.0,1,1155,★☆☆☆☆,0.0,6.0,-1,0.9,0.0,0.0,0.0,6.0,0.0,0.0,0.0,,,0.0,-0.1,1.6,1.5,3681,3805.0,2.4,0.1,423,25MA上抜け0日目
6925,ウシオ電機,電気機器,12.0,12.0,1,1156,★☆☆☆☆,0.0,10.0,2,9.0,0.0,2.0,0.0,0.0,0.0,0.0,0.0,,,0.0,0.5,3.8,-2.6,3583,3881.0,0.2,0.1,1830,RS転換2日目 / RS加速+9.0
4928,ノエビアホールディングス,化学,12.0,12.0,1,1157,★☆☆☆☆,0.0,2.0,-1,-7.5,0.0,0.0,0.0,10.0,0.0,0.0,0.0,,,0.0,-2.3,1.3,2.3,4821,4955.0,0.3,0.0,423,MA上昇配列
7818,トランザクション,その他製品,12.0,12.0,1,1158,★☆☆☆☆,0.0,4.0,-1,-1.7,0.0,2.0,0.0,6.0,0.0,0.0,0.0,,,0.0,-0.0,2.3,0.7,1139,1193.0,-2.5,0.0,365,25MA上抜け7日目 / 資金流入増
4687,ＴＤＣソフト,情報・通信業,12.0,12.0,1,1159,★☆☆☆☆,0.0,4.0,-1,-2.8,0.0,0.0,0.0,8.0,0.0,0.0,0.0,,,0.0,-1.6,2.9,4.0,1005,1066.0,3.3,0.2,106,25MA上抜け7日目 / MA上昇配列
2931,ユーグレナ,食料品,12.0,12.0,1,1160,★☆☆☆☆,0.0,8.0,0,-2.1,0.0,1.0,0.0,3.0,0.0,0.0,0.0,,,0.0,1.2,2.0,0.7,338,352.0,-1.1,0.1,278,RS転換0日目 / MA上昇配列
7270,ＳＵＢＡＲＵ,輸送用機器,12.0,12.0,1,1161,★☆☆☆☆,0.0,4.0,-1,-3.6,0.0,0.0,0.0,8.0,0.0,0.0,0.0,,,0.0,-1.1,2.3,4.3,2614,2738.5,3.1,0.2,11970,25MA上抜け1日目 / MA上昇配列
5574,ＡＢＥＪＡ,情報・通信業,11.8,11.8,1,1162,★☆☆☆☆,0.0,3.5,34,-2.5,0.0,3.3,0.0,8.0,0.0,0.0,-3.0,,,0.0,17.3,4.5,16.3,2965,3260.0,17.5,0.8,378,買い出来高優勢 / MA上昇配列 / 伸びすぎ注意(25MA+16%)
4547,キッセイ薬品工業,医薬品,11.7,11.7,1,1163,★☆☆☆☆,0.0,4.0,-1,3.7,0.0,1.0,0.0,6.7,0.0,0.0,0.0,,,0.0,-1.5,1.6,0.0,3977,4105.0,0.9,0.1,281,RS加速+3.7 / MA上昇配列
2326,デジタルアーツ,情報・通信業,11.7,11.7,1,1164,★☆☆☆☆,0.0,5.5,37,2.0,0.0,2.0,0.0,4.2,0.0,0.0,0.0,,,0.0,13.8,3.2,6.2,4402,4705.0,5.6,0.1,697,MA上昇配列 / 開示[自己株式の取得](14日前)
2784,アルフレッサ　ホールディングス,卸売業,11.7,11.7,1,1165,★☆☆☆☆,0.0,2.0,-1,1.5,0.0,2.0,0.0,7.7,0.0,0.0,0.0,,,0.0,-1.2,1.3,1.9,2277,2338.0,0.8,0.0,1127,MA上昇配列
1925,大和ハウス工業,建設業,11.7,11.7,1,1166,★☆☆☆☆,0.0,4.0,-1,-2.0,0.0,0.0,0.0,7.7,0.0,0.0,0.0,,,0.0,-0.7,1.2,1.6,4622,4737.0,0.8,0.1,8019,25MA上抜け7日目 / MA上昇配列
2914,日本たばこ産業,食料品,11.7,11.7,1,1167,★☆☆☆☆,0.0,2.0,-1,-8.9,0.0,0.0,0.0,9.7,0.0,0.0,0.0,,,0.0,-3.7,1.7,1.1,6777,7012.0,1.8,0.1,23315,MA上昇配列 / パーフェクトオーダー / 52週高値目前
7685,ＢｕｙＳｅｌｌ　Ｔｅｃｈｎｏｌｏｇｉｅｓ,卸売業,11.7,11.7,1,1168,★☆☆☆☆,0.0,8.0,2,1.1,0.0,1.0,0.0,2.7,0.0,0.0,0.0,,,0.0,4.2,5.5,-0.4,2809,3155.0,-4.0,0.1,1375,RS転換2日目
6315,ＴＯＷＡ,機械,11.5,11.5,1,1169,★☆☆☆☆,0.0,4.0,-1,4.3,6.0,0.0,0.0,1.5,0.0,0.0,0.0,,,0.0,-15.6,4.6,-8.5,2079,2287.0,-1.6,0.1,11091,RS加速+4.3 / HBM・後工程(-2.0%)
247A,Ａｉロボティクス,化学,11.5,11.5,1,1170,★☆☆☆☆,0.0,3.5,43,-0.9,0.0,3.0,0.0,8.0,0.0,0.0,-3.0,,,0.0,18.5,6.3,15.8,909,1039.0,5.6,0.1,1457,MA上昇配列 / 伸びすぎ注意(25MA+16%)
6962,大真空,電気機器,11.5,11.5,1,1171,★☆☆☆☆,0.0,9.0,12,5.5,0.0,0.0,0.0,2.5,0.0,0.0,0.0,,,0.0,5.5,3.6,1.4,730,786.0,1.3,0.1,271,RS加速+5.5
4722,フューチャー,情報・通信業,11.5,11.5,1,1172,★☆☆☆☆,0.0,2.0,-1,-11.0,0.0,1.0,0.0,8.5,0.0,0.0,0.0,,,0.0,-1.7,0.1,0.6,2444,2451.0,0.2,0.1,2864,MA上昇配列 / パーフェクトオーダー / 52週高値目前 / RSI過熱(89)⚠
3861,王子ホールディングス,パルプ・紙,11.5,11.5,1,1173,★☆☆☆☆,0.0,4.0,-1,-1.4,0.0,0.0,0.0,7.5,0.0,0.0,0.0,,,0.0,-1.1,1.5,1.5,861,888.0,1.4,0.1,2955,25MA上抜け3日目 / MA上昇配列
3360,シップヘルスケアホールディングス,卸売業,11.5,11.5,1,1174,★☆☆☆☆,0.0,4.0,-1,-5.4,0.0,1.0,0.0,6.5,0.0,0.0,0.0,,,0.0,-7.4,1.7,0.1,2338,2422.0,1.9,0.0,611,25MA上抜け0日目 / MA上昇配列
9003,相鉄ホールディングス,陸運業,11.5,11.5,1,1175,★☆☆☆☆,0.0,4.0,-1,-2.3,0.0,1.0,0.0,6.5,0.0,0.0,0.0,,,0.0,-1.6,1.5,2.5,2565,2644.0,0.5,0.0,772,25MA上抜け9日目 / MA上昇配列 / RSI過熱(86)⚠
2288,丸大食品,食料品,11.5,11.5,1,1176,★☆☆☆☆,0.0,0.0,-1,-0.2,0.0,2.0,0.0,9.5,0.0,0.0,0.0,,,0.0,-2.7,1.3,1.5,2221,2280.0,1.1,0.2,247,MA上昇配列 / パーフェクトオーダー / RSI過熱(89)⚠
8139,ナガホリ,卸売業,11.5,11.5,1,1177,★☆☆☆☆,0.0,6.0,9,-5.6,0.0,4.3,0.0,1.2,0.0,0.0,0.0,,,0.0,2.7,6.4,-1.8,1889,2165.0,-7.6,0.0,154,RS転換9日目 / 買い出来高優勢
2585,ライフドリンク　カンパニー,食料品,11.5,11.5,1,1178,★☆☆☆☆,0.0,8.0,0,-2.4,0.0,0.0,0.0,3.5,0.0,0.0,0.0,,,0.0,9.8,6.0,4.1,1423,1616.0,1.3,0.2,1141,RS転換0日目
4063,信越化学工業,化学,11.5,11.5,1,1179,★☆☆☆☆,0.0,10.0,0,12.6,0.0,0.0,0.0,1.5,0.0,0.0,0.0,,,0.0,1.5,1.8,-1.2,5788,6003.0,-0.8,0.1,35162,RS転換0日目 / RS加速+12.6
7012,川崎重工業,輸送用機器,11.5,11.5,1,1180,★☆☆☆☆,0.0,2.0,-1,0.2,9.5,0.0,0.0,0.0,0.0,0.0,0.0,,,0.0,-8.2,3.3,-4.8,2422,2591.0,0.0,0.2,30138,防衛(+1.8%)
4385,メルカリ,情報・通信業,11.5,11.5,1,1181,★☆☆☆☆,0.0,8.0,0,0.1,0.0,2.0,0.0,0.0,0.0,1.5,0.0,,,0.0,3.9,4.2,-1.1,4164,4543.0,1.5,0.1,9460,RS転換0日目 / 開示[自己株式の取得](7日前)
8200,リンガーハット,小売業,11.5,11.5,1,1182,★☆☆☆☆,0.0,4.0,-1,-3.3,0.0,0.0,0.0,7.5,0.0,0.0,0.0,,,0.0,-2.1,1.4,0.5,2266,2332.0,-0.7,0.2,308,25MA上抜け0日目 / MA上昇配列
6616,トレックス・セミコンダクター,電気機器,11.5,11.5,1,1183,★☆☆☆☆,0.0,7.0,12,-0.3,0.0,2.0,0.0,2.5,0.0,0.0,0.0,,,0.0,6.2,4.8,0.4,1754,1940.0,-0.9,0.1,234,25MA上抜け7日目
6632,ＪＶＣケンウッド,電気機器,11.3,11.3,1,1184,★☆☆☆☆,0.0,2.0,-1,2.4,0.0,4.3,0.0,5.0,0.0,0.0,0.0,,,0.0,-9.3,2.2,1.2,1004,1051.0,4.2,0.1,1674,買い出来高優勢
4478,フリー,情報・通信業,11.3,11.3,1,1185,★☆☆☆☆,0.0,5.5,38,2.3,0.0,5.3,0.0,5.5,0.0,0.0,-5.0,,,0.0,63.8,5.7,34.0,3820,4310.0,9.9,0.1,2429,買い出来高優勢 / 資金流入増 / MA上昇配列 / RSI過熱(86)⚠ / 過熱⚠25MA+34%
6222,島精機製作所,機械,11.2,11.2,1,1186,★☆☆☆☆,0.0,3.5,33,-10.9,0.0,1.0,0.0,6.7,0.0,0.0,0.0,,,0.0,0.4,2.1,0.7,912,951.0,-2.6,0.1,134,MA上昇配列
6492,岡野バルブ製造,機械,11.2,11.2,1,1187,★☆☆☆☆,0.0,10.0,3,8.0,0.0,0.0,0.0,1.2,0.0,0.0,0.0,,,0.0,3.9,5.6,-3.1,12084,13600.0,-0.4,0.0,274,RS転換3日目 / RS加速+8.0
3189,ＡＮＡＰホールディングス,小売業,11.2,11.2,1,1188,★☆☆☆☆,0.0,5.0,16,-49.0,0.0,2.0,0.0,4.2,0.0,0.0,0.0,,,0.0,15.2,16.0,2.8,79,116.0,-27.0,0.0,162,資金流入増 / MA上昇配列
8016,オンワードホールディングス,繊維製品,11.2,11.2,1,1189,★☆☆☆☆,0.0,2.0,-1,-5.6,0.0,1.0,0.0,8.2,0.0,0.0,0.0,,,0.0,-1.2,1.4,0.3,732,753.0,-0.7,0.1,563,MA上昇配列 / パーフェクトオーダー
4849,エン,サービス業,11.2,11.2,1,1190,★☆☆☆☆,0.0,3.5,33,-1.6,0.0,4.0,0.0,6.7,0.0,0.0,-3.0,,,0.0,31.1,3.0,16.8,1604,1707.0,1.3,0.1,428,資金流入増 / MA上昇配列 / 伸びすぎ注意(25MA+17%)
3668,コロプラ,情報・通信業,11.2,11.2,1,1191,★☆☆☆☆,0.0,3.5,33,-4.2,0.0,1.0,0.0,6.7,0.0,0.0,0.0,,,0.0,10.5,2.3,6.4,420,441.0,0.5,0.1,251,MA上昇配列
8630,ＳＯＭＰＯホールディングス,保険業,11.2,11.2,1,1192,★☆☆☆☆,0.0,2.0,-1,2.0,0.0,1.0,0.0,8.2,0.0,0.0,0.0,,,0.0,-4.3,2.1,0.2,6661,6949.0,3.6,0.1,14938,MA上昇配列 / パーフェクトオーダー
4112,保土谷化学工業,化学,11.1,11.1,1,1193,★☆☆☆☆,0.0,5.0,29,-1.1,0.0,2.0,0.0,3.0,0.0,1.1,0.0,,,0.0,5.5,2.9,0.6,2067,2193.0,-1.7,0.1,103,MA上昇配列 / 開示[子会社化](6日前)
8934,サンフロンティア不動産,不動産業,11.0,11.0,1,1194,★☆☆☆☆,0.0,0.0,-1,-2.1,0.0,2.0,0.0,9.0,0.0,0.0,0.0,,,0.0,-2.0,1.5,0.5,2431,2507.0,-0.6,0.1,262,MA上昇配列
1959,クラフティア,建設業,11.0,11.0,1,1195,★☆☆☆☆,0.0,4.0,-1,5.4,0.0,1.0,0.0,6.0,0.0,0.0,0.0,,,0.0,-3.4,2.0,0.4,8030,8373.0,1.9,0.1,1619,RS加速+5.4
6638,ミマキエンジニアリング,電気機器,11.0,11.0,1,1196,★☆☆☆☆,0.0,4.0,-1,6.1,0.0,2.0,0.0,5.0,0.0,0.0,0.0,,,0.0,-7.6,3.4,-1.0,1863,1997.0,3.1,0.1,247,RS加速+6.1
2670,エービーシー・マート,小売業,11.0,11.0,1,1197,★☆☆☆☆,0.0,10.0,0,-4.8,0.0,0.0,0.0,1.0,0.0,0.0,0.0,,,0.0,0.2,1.5,-0.0,2660,2743.0,-0.8,0.1,1275,RS転換0日目 / 高値圏かつ未過熱
6637,寺崎電気産業,電気機器,11.0,11.0,1,1198,★☆☆☆☆,0.0,3.5,40,-0.1,0.0,2.0,0.0,5.5,0.0,0.0,0.0,,,0.0,1.6,3.9,0.9,3860,4190.0,-0.2,0.1,175,MA上昇配列
6588,東芝テック,電気機器,11.0,11.0,1,1199,★☆☆☆☆,0.0,4.0,-1,-1.1,0.0,2.0,0.0,5.0,0.0,0.0,0.0,,,0.0,-1.4,3.4,1.1,2969,3185.0,2.4,0.1,458,25MA上抜け1日目 / MA上昇配列 / パーフェクトオーダー
1898,世紀東急工業,建設業,11.0,11.0,1,1200,★☆☆☆☆,0.0,2.0,-1,-2.7,0.0,0.0,0.0,9.0,0.0,0.0,0.0,,,0.0,-2.0,1.0,1.1,1472,1503.0,0.2,0.2,257,MA上昇配列
9401,ＴＢＳホールディングス,情報・通信業,11.0,11.0,1,1201,★☆☆☆☆,0.0,4.0,-1,3.7,0.0,0.0,0.0,7.0,0.0,0.0,0.0,,,0.0,-1.1,1.9,2.4,5853,6090.0,3.3,0.0,1933,RS加速+3.7
9020,東日本旅客鉄道,陸運業,11.0,11.0,1,1202,★☆☆☆☆,0.0,2.0,-1,0.6,0.0,0.0,0.0,9.0,0.0,0.0,0.0,,,0.0,-3.5,1.9,1.9,3488,3622.0,2.4,0.1,10643,MA上昇配列
5541,大平洋金属,鉄鋼,10.7,10.7,1,1203,★☆☆☆☆,0.0,3.5,32,-7.7,0.0,3.0,0.0,4.2,0.0,0.0,0.0,,,0.0,5.3,3.3,2.6,2478,2650.0,-0.4,0.1,661,MA上昇配列
1911,住友林業,建設業,10.7,10.7,1,1204,★☆☆☆☆,0.0,4.0,-1,-3.4,0.0,0.0,0.0,6.7,0.0,0.0,0.0,,,0.0,-2.1,2.0,0.1,1292,1346.5,-0.6,0.1,5071,25MA上抜け0日目 / MA上昇配列
7148,ＦＰＧ,証券、商品先物取引業,10.7,10.7,1,1205,★☆☆☆☆,0.0,4.0,-1,-3.5,0.0,0.0,0.0,6.7,0.0,0.0,0.0,,,0.0,-1.2,1.7,4.9,1667,1725.0,4.4,0.1,773,25MA上抜け7日目 / MA上昇配列
6651,日東工業,電気機器,10.7,10.7,1,1206,★☆☆☆☆,0.0,6.0,-1,0.1,0.0,0.0,0.0,4.7,0.0,0.0,0.0,,,0.0,-0.2,1.9,0.1,4261,4430.0,0.9,0.1,303,25MA上抜け0日目
3880,大王製紙,パルプ・紙,10.7,10.7,1,1207,★☆☆☆☆,0.0,4.0,-1,-2.2,0.0,0.0,0.0,6.7,0.0,0.0,0.0,,,0.0,-2.4,1.7,0.6,954,988.0,0.2,0.0,203,25MA上抜け6日目 / MA上昇配列
8129,東邦ホールディングス,卸売業,10.7,10.7,1,1208,★☆☆☆☆,0.0,4.0,-1,4.6,0.0,2.0,0.0,4.7,0.0,0.0,0.0,,,0.0,-0.4,2.0,3.3,3914,4079.0,3.1,0.1,530,RS加速+4.6
7409,ＡｅｒｏＥｄｇｅ,輸送用機器,10.7,10.7,1,1209,★☆☆☆☆,0.0,6.0,-1,0.6,0.0,1.0,0.0,3.7,0.0,0.0,0.0,,,0.0,-3.2,7.8,1.1,1305,1545.0,7.1,0.0,539,25MA上抜け4日目
9552,クオンツ総研ホールディングス,サービス業,10.7,10.7,1,1210,★☆☆☆☆,0.0,7.0,26,2.1,0.0,0.0,0.0,8.7,0.0,0.0,-5.0,,,0.0,28.7,5.2,20.0,1086,1213.0,9.8,0.1,396,MA上昇配列 / パーフェクトオーダー / 過熱⚠25MA+20%
4169,ＥＮＥＣＨＡＮＧＥ,情報・通信業,10.7,10.7,1,1211,★☆☆☆☆,0.0,3.5,40,-10.7,0.0,3.0,0.0,4.2,0.0,0.0,0.0,,,0.0,15.6,9.2,2.6,229,281.0,0.0,0.0,505,資金流入増 / MA上昇配列
3315,日本コークス工業,石油・石炭製品,10.7,10.7,1,1212,★☆☆☆☆,0.0,5.5,32,1.5,0.0,1.0,0.0,4.2,0.0,0.0,0.0,,,0.0,6.4,3.6,3.0,96,103.0,2.0,0.8,621,MA上昇配列
4592,サンバイオ,医薬品,10.5,10.5,1,1213,★☆☆☆☆,0.0,8.0,7,0.1,0.0,1.0,0.0,1.5,0.0,0.0,0.0,,,0.0,3.6,4.6,-1.3,881,970.0,-3.4,0.2,611,RS転換7日目
9025,鴻池運輸,陸運業,10.5,10.5,1,1214,★☆☆☆☆,0.0,4.0,-1,-3.9,0.0,0.0,0.0,6.5,0.0,0.0,0.0,,,0.0,-3.0,1.7,1.2,2861,2962.0,0.5,0.1,255,25MA上抜け1日目 / MA上昇配列
4499,Ｓｐｅｅｅ,情報・通信業,10.5,10.5,1,1215,★☆☆☆☆,0.0,5.0,12,-17.7,0.0,3.3,0.0,2.2,0.0,0.0,0.0,,,0.0,7.7,7.0,0.3,2071,2410.0,-11.6,0.0,322,買い出来高優勢
146A,コロンビア・ワークス,不動産業,10.5,10.5,1,1216,★☆☆☆☆,0.0,5.0,12,-12.7,0.0,0.0,0.0,5.5,0.0,0.0,0.0,,,0.0,8.0,5.0,1.6,3179,3535.0,-5.4,0.0,218,MA上昇配列
5406,神戸製鋼所,鉄鋼,10.5,10.5,1,1217,★☆☆☆☆,0.0,4.0,-1,-3.7,0.0,0.0,0.0,6.5,0.0,0.0,0.0,,,0.0,-3.1,1.6,1.3,1987,2053.0,1.4,0.1,3909,25MA上抜け1日目 / MA上昇配列
6840,ＡＫＩＢＡホールディングス,電気機器,10.5,10.5,1,1218,★☆☆☆☆,0.0,5.0,11,-7.9,0.0,2.0,0.0,3.5,0.0,0.0,0.0,,,0.0,6.8,8.2,3.6,631,755.0,-2.1,0.0,573,-
2502,アサヒグループホールディングス,食料品,10.2,10.2,1,1219,★☆☆☆☆,0.0,4.0,-1,-0.9,0.0,1.0,0.0,5.2,0.0,0.0,0.0,,,0.0,-0.9,2.1,0.2,1615,1684.5,0.7,0.1,11350,25MA上抜け0日目 / MA上昇配列
5988,パイオラックス,金属製品,10.2,10.2,1,1220,★☆☆☆☆,0.0,4.0,-1,-4.6,0.0,2.0,0.0,4.2,0.0,0.0,0.0,,,0.0,-2.0,1.4,1.1,1694,1743.0,0.8,0.1,126,25MA上抜け6日目 / MA上昇配列
8303,ＳＢＩ新生銀行,銀行業,10.2,10.2,1,1221,★☆☆☆☆,0.0,3.5,32,-4.0,0.0,1.0,0.0,5.7,0.0,0.0,0.0,,,0.0,3.4,2.3,2.4,1498,1571.0,1.4,0.1,5183,MA上昇配列
6240,ヤマシンフィルタ,機械,10.2,10.2,1,1222,★☆☆☆☆,0.0,6.0,-1,0.7,0.0,0.0,0.0,4.2,0.0,0.0,0.0,,,0.0,-1.4,2.4,0.4,517,543.0,1.5,0.1,176,25MA上抜け0日目 / MA上昇配列
5013,ユシロ,石油・石炭製品,10.2,10.2,1,1223,★☆☆☆☆,0.0,8.0,0,0.5,0.0,0.0,0.0,2.2,0.0,0.0,0.0,,,0.0,2.1,2.3,-0.0,2854,2991.0,-0.8,0.1,125,RS転換0日目
8218,コメリ,小売業,10.2,10.2,1,1224,★☆☆☆☆,0.0,2.0,-1,-10.4,0.0,0.0,0.0,8.2,0.0,0.0,0.0,,,0.0,-1.0,1.6,1.0,3778,3900.0,0.6,0.2,403,MA上昇配列 / パーフェクトオーダー
8185,チヨダ,小売業,10.2,10.2,1,1225,★☆☆☆☆,0.0,6.0,0,-5.6,0.0,3.0,0.0,1.2,0.0,0.0,0.0,,,0.0,0.8,1.3,-0.3,975,1000.0,-3.9,0.2,175,RS転換0日目
9024,西武ホールディングス,陸運業,10.0,10.0,1,1226,★☆☆☆☆,0.0,2.0,-1,2.1,0.0,0.0,0.0,8.0,0.0,0.0,0.0,,,0.0,-3.0,2.9,3.1,3320,3526.0,2.8,0.1,5317,MA上昇配列
7412,アトム,小売業,10.0,10.0,1,1227,★☆☆☆☆,0.0,4.0,-1,-2.0,0.0,1.0,0.0,5.0,0.0,0.0,0.0,,,0.0,-0.2,2.9,3.9,366,388.0,3.2,0.1,216,25MA上抜け1日目
1893,五洋建設,建設業,10.0,10.0,1,1228,★☆☆☆☆,0.0,4.0,-1,6.1,0.0,1.0,0.0,5.0,0.0,0.0,0.0,,,0.0,-3.5,2.6,1.2,1408,1484.5,3.1,0.1,3114,RS加速+6.1
6920,レーザーテック,電気機器,10.0,10.0,1,1229,★☆☆☆☆,0.0,4.0,-1,4.2,6.0,0.0,0.0,0.0,0.0,0.0,0.0,,,0.0,-16.6,5.8,-14.3,28656,32380.0,-7.0,0.1,109965,RS加速+4.2 / 半導体製造装置(-3.9%)
6324,ハーモニック・ドライブ・システムズ,機械,10.0,10.0,1,1230,★☆☆☆☆,0.0,4.0,-1,3.6,6.0,0.0,0.0,0.0,0.0,0.0,0.0,,,0.0,-11.3,6.0,-9.8,4906,5570.0,-1.9,0.1,8301,RS加速+3.6 / ロボット(-2.2%)
6656,インスペック,電気機器,10.0,10.0,1,1231,★☆☆☆☆,0.0,4.0,-1,16.2,0.0,3.3,0.0,2.7,0.0,0.0,0.0,,,0.0,-11.5,5.0,-3.2,768,854.0,5.7,0.0,131,RS加速+16.2 / 買い出来高優勢
9960,東テク,卸売業,10.0,10.0,1,1232,★☆☆☆☆,0.0,4.0,-1,7.6,0.0,0.0,0.0,6.0,0.0,0.0,0.0,,,0.0,-1.7,2.1,0.9,3718,3880.0,3.1,0.1,338,RS加速+7.6
9001,東武鉄道,陸運業,10.0,10.0,1,1233,★☆☆☆☆,0.0,0.0,-1,-3.9,0.0,0.0,0.0,10.0,0.0,0.0,0.0,,,0.0,-4.8,1.4,0.1,2924,3009.0,-0.7,0.1,1747,MA上昇配列 / パーフェクトオーダー
5930,文化シヤッター,金属製品,9.7,9.7,1,1234,★☆☆☆☆,0.0,2.0,-1,2.4,0.0,3.0,0.0,4.7,0.0,0.0,0.0,,,0.0,-1.5,1.3,2.1,1865,1913.0,1.6,0.1,296,-
6504,富士電機,電気機器,9.7,9.7,1,1235,★☆☆☆☆,0.0,0.0,-1,-13.8,9.7,0.0,0.0,0.0,0.0,0.0,0.0,,,0.0,-6.4,3.7,-2.4,12642,13660.0,-2.9,0.1,11609,AIデータセンター・電力(+1.9%)
9956,バローホールディングス,小売業,9.7,9.7,1,1236,★☆☆☆☆,0.0,4.0,-1,-0.1,0.0,1.0,0.0,4.7,0.0,0.0,0.0,,,0.0,-0.2,1.7,2.3,3209,3325.0,1.8,0.1,637,25MA上抜け7日目
3395,サンマルクホールディングス,小売業,9.7,9.7,1,1237,★☆☆☆☆,0.0,2.0,-1,0.1,0.0,2.0,0.0,5.7,0.0,0.0,0.0,,,0.0,-3.0,1.4,2.1,2468,2540.0,1.4,0.1,299,-
3064,ＭｏｎｏｔａＲＯ,小売業,9.6,9.6,1,1238,★☆☆☆☆,0.0,0.0,-1,-2.7,0.0,2.0,0.0,5.7,0.0,1.9,0.0,,,0.0,-5.6,2.5,1.1,1833,1931.0,4.9,0.1,3777,MA上昇配列 / 開示[自己株式取得](5日前)
9902,日伝,卸売業,9.6,9.6,1,1239,★☆☆☆☆,0.0,2.0,-1,-8.1,0.0,0.0,0.0,7.2,0.0,0.4,0.0,,,0.0,-1.8,2.1,2.0,2960,3090.0,1.8,0.1,184,MA上昇配列 / パーフェクトオーダー / 開示[自己株式の取得](12日前)
7318,セレンディップ・ホールディングス,輸送用機器,9.6,9.6,1,1240,★☆☆☆☆,0.0,4.0,-1,3.8,0.0,2.0,0.0,1.5,0.0,2.1,0.0,,,0.0,-25.6,6.5,-12.6,1264,1453.0,0.2,0.0,269,RS加速+3.8 / 開示[自己株式取得](4日前) / 開示[自己株式取得](14日前)
3865,北越コーポレーション,パルプ・紙,9.5,9.5,1,1241,★☆☆☆☆,0.0,2.0,-1,1.7,0.0,2.0,0.0,5.5,0.0,0.0,0.0,,,0.0,-1.3,2.4,0.8,879,923.0,1.4,0.0,201,MA上昇配列
3479,ＴＫＰ,不動産業,9.5,9.5,1,1242,★☆☆☆☆,0.0,4.0,-1,-5.0,0.0,0.0,0.0,5.5,0.0,0.0,0.0,,,0.0,-3.2,2.1,0.8,1813,1894.0,1.2,0.1,127,25MA上抜け7日目 / MA上昇配列
3431,宮地エンジニアリンググループ,金属製品,9.5,9.5,1,1243,★☆☆☆☆,0.0,2.0,-1,-5.0,0.0,2.0,0.0,5.5,0.0,0.0,0.0,,,0.0,-0.1,1.4,0.6,1570,1615.0,-1.8,0.1,128,MA上昇配列
3196,ホットランドホールディングス,小売業,9.5,9.5,1,1244,★☆☆☆☆,0.0,4.0,-1,-3.8,0.0,0.0,0.0,5.5,0.0,0.0,0.0,,,0.0,-2.2,1.5,0.3,1591,1641.0,-1.9,0.2,173,25MA上抜け0日目 / MA上昇配列
299A,クラシル,サービス業,9.2,9.2,1,1245,★☆☆☆☆,0.0,3.5,34,-15.7,0.0,2.0,0.0,6.7,0.0,0.0,-3.0,,,0.0,15.5,4.4,15.6,1248,1367.0,4.4,0.1,204,MA上昇配列 / 伸びすぎ注意(25MA+16%)
6072,地盤ネットホールディングス,サービス業,9.2,9.2,1,1246,★☆☆☆☆,0.0,5.0,14,-7.9,0.0,2.0,0.0,2.2,0.0,0.0,0.0,,,0.0,14.0,7.1,5.4,928,1081.0,-0.8,0.1,662,-
6255,エヌ・ピー・シー,機械,9.2,9.2,1,1247,★☆☆☆☆,0.0,5.0,19,-12.9,0.0,2.0,0.0,2.2,0.0,0.0,0.0,,,0.0,4.1,3.0,2.1,644,686.0,1.2,0.2,136,-
2726,パルグループホールディングス,小売業,9.2,9.2,1,1248,★☆☆☆☆,0.0,4.0,-1,-9.3,0.0,1.0,0.0,4.2,0.0,0.0,0.0,,,0.0,-1.2,2.3,0.3,1438,1507.0,-1.5,0.1,878,25MA上抜け0日目 / MA上昇配列
6590,芝浦メカトロニクス,電気機器,9.1,9.1,1,1249,★☆☆☆☆,5.1,4.0,-1,8.7,0.0,0.0,0.0,0.0,0.0,0.0,0.0,,NVIDIA,5.3,-12.4,6.0,-9.6,3459,3930.0,-3.3,0.1,7951,RS加速+8.7 / NVIDIA+5.3%連動(β0.24) 実反応-4.0%
3659,ネクソン,情報・通信業,9.0,9.0,1,1250,★☆☆☆☆,0.0,3.5,34,-9.4,0.0,3.0,0.0,5.5,0.0,0.0,-3.0,,,0.0,25.4,4.4,15.4,2908,3187.0,2.6,0.0,9605,MA上昇配列 / RSI過熱(90)⚠ / 伸びすぎ注意(25MA+15%)
7003,三井Ｅ＆Ｓ,機械,9.0,9.0,1,1251,★☆☆☆☆,0.0,4.0,-1,5.1,0.0,0.0,0.0,5.0,0.0,0.0,0.0,,,0.0,-11.1,4.3,0.7,4042,4426.0,6.4,0.1,12363,RS加速+5.1
8802,三菱地所,不動産業,9.0,9.0,1,1252,★☆☆☆☆,0.0,4.0,-1,4.3,0.0,0.0,0.0,5.0,0.0,0.0,0.0,,,0.0,-4.0,1.9,0.7,3669,3816.0,2.7,0.1,15209,RS加速+4.3
6861,キーエンス,電気機器,9.0,9.0,1,1253,★☆☆☆☆,0.0,2.0,-1,-11.4,0.0,0.0,0.0,7.0,0.0,0.0,0.0,,,0.0,-0.1,2.4,0.6,78699,82660.0,2.2,0.1,47067,MA上昇配列 / パーフェクトオーダー
6871,日本マイクロニクス,電気機器,9.0,9.0,1,1254,★☆☆☆☆,0.0,2.0,-1,1.2,6.0,1.0,0.0,0.0,0.0,0.0,0.0,,,0.0,-11.9,7.4,-11.4,10420,12240.0,-9.8,0.1,19695,半導体製造装置(-3.9%)
3457,Ａｎｄ　Ｄｏホールディングス,不動産業,9.0,9.0,1,1255,★☆☆☆☆,0.0,4.0,-1,-0.7,0.0,0.0,0.0,5.0,0.0,0.0,0.0,,,0.0,-1.8,1.3,0.6,914,938.0,0.8,0.1,109,25MA上抜け3日目
4540,ツムラ,医薬品,9.0,9.0,1,1256,★☆☆☆☆,0.0,0.0,-1,-0.1,0.0,2.0,0.0,7.0,0.0,0.0,0.0,,,0.0,-2.3,1.2,0.2,3714,3805.0,0.9,0.1,1539,MA上昇配列
6855,日本電子材料,電気機器,9.0,9.0,1,1257,★☆☆☆☆,0.0,8.0,4,0.9,0.0,1.0,0.0,0.0,0.0,0.0,0.0,,,0.0,0.5,6.4,-3.5,5443,6240.0,-1.6,0.1,5233,RS転換4日目
1950,日本電設工業,建設業,9.0,9.0,1,1258,★☆☆☆☆,0.0,4.0,-1,3.4,0.0,0.0,0.0,5.0,0.0,0.0,0.0,,,0.0,-2.4,2.2,2.5,3849,4025.0,3.2,0.1,403,RS加速+3.4
7740,タムロン,精密機器,9.0,9.0,1,1259,★☆☆☆☆,0.0,2.0,-1,-25.5,0.0,0.0,0.0,7.0,0.0,0.0,0.0,,,0.0,-5.7,2.1,0.9,1327,1384.0,2.4,0.0,725,MA上昇配列 / パーフェクトオーダー
6425,ユニバーサルエンターテインメント,機械,9.0,9.0,1,1260,★☆☆☆☆,0.0,5.0,16,-6.6,0.0,1.0,0.0,3.0,0.0,0.0,0.0,,,0.0,9.8,3.8,5.1,690,747.0,1.2,0.1,180,MA上昇配列
1952,新日本空調,建設業,9.0,9.0,1,1261,★☆☆☆☆,0.0,4.0,-1,10.1,0.0,0.0,0.0,5.0,0.0,0.0,0.0,,,0.0,-2.5,2.4,1.9,3073,3225.0,4.5,0.1,658,RS加速+10.1
9790,福井コンピュータホールディングス,情報・通信業,9.0,9.0,1,1262,★☆☆☆☆,0.0,4.0,-1,-5.0,0.0,0.0,0.0,5.0,0.0,0.0,0.0,,,0.0,-5.2,1.5,0.0,3028,3120.0,-0.5,0.0,119,25MA上抜け1日目
2395,新日本科学,サービス業,9.0,9.0,1,1263,★☆☆☆☆,0.0,6.0,0,-1.7,0.0,3.0,0.0,0.0,0.0,0.0,0.0,,,0.0,6.2,2.9,-1.0,1302,1381.0,-0.9,0.0,366,RS転換0日目
8591,オリックス,その他金融業,8.7,8.7,1,1264,★☆☆☆☆,0.0,4.0,-1,3.1,0.0,0.0,0.0,4.7,0.0,0.0,0.0,,,0.0,-3.3,2.0,-0.1,6072,6325.0,1.9,0.1,19477,RS加速+3.1
3498,霞ヶ関キャピタル,不動産業,8.7,8.7,1,1265,★☆☆☆☆,0.0,3.5,48,-8.3,0.0,1.0,0.0,4.2,0.0,0.0,0.0,,,0.0,3.3,3.7,0.6,7091,7660.0,-0.3,0.1,2854,MA上昇配列
6674,ジーエス・ユアサ　コーポレーション,電気機器,8.7,8.7,1,1266,★☆☆☆☆,0.0,4.0,-1,5.3,0.0,2.0,0.0,2.7,0.0,0.0,0.0,,,0.0,-4.2,3.4,-1.7,4997,5359.0,-0.4,0.1,5093,RS加速+5.3
9672,東京都競馬,サービス業,8.5,8.5,1,1267,★☆☆☆☆,0.0,2.0,-1,-4.4,0.0,0.0,0.0,6.5,0.0,0.0,0.0,,,0.0,-0.6,1.4,1.1,4956,5100.0,-0.2,0.0,256,MA上昇配列
8795,Ｔ＆Ｄホールディングス,保険業,8.2,8.2,1,1268,★☆☆☆☆,0.0,4.0,-1,3.3,0.0,1.0,0.0,3.2,0.0,0.0,0.0,,,0.0,-5.6,2.2,-0.3,4689,4906.0,3.9,0.2,7344,RS加速+3.3
4180,Ａｐｐｉｅｒ　Ｇｒｏｕｐ,情報・通信業,8.2,8.2,1,1269,★☆☆☆☆,0.0,3.5,37,-6.5,0.0,3.0,0.0,6.7,0.0,0.0,-5.0,,,0.0,50.0,5.7,28.9,1283,1448.0,7.7,0.2,2004,MA上昇配列 / 過熱⚠25MA+29%
5011,ニチレキグループ,石油・石炭製品,8.2,8.2,1,1270,★☆☆☆☆,0.0,6.0,0,-7.2,0.0,1.0,0.0,1.2,0.0,0.0,0.0,,,0.0,1.1,2.4,-0.0,2163,2273.0,-5.5,0.2,143,RS転換0日目
6088,シグマクシス・ホールディングス,サービス業,8.0,8.0,1,1271,★☆☆☆☆,0.0,0.0,-1,-4.6,0.0,0.0,0.0,8.0,0.0,0.0,0.0,,,0.0,-6.5,2.6,1.5,540,570.0,1.2,0.1,311,MA上昇配列
6787,メイコー,電気機器,8.0,8.0,1,1272,★☆☆☆☆,0.0,4.0,-1,17.7,0.0,0.0,0.0,4.0,0.0,0.0,0.0,,,0.0,-9.8,6.1,-1.8,16737,19060.0,11.7,0.1,10384,RS加速+17.7
6226,守谷輸送機工業,機械,8.0,8.0,1,1273,★☆☆☆☆,0.0,4.0,-1,9.5,0.0,0.0,0.0,4.0,0.0,0.0,0.0,,,0.0,-6.0,4.7,-0.3,2026,2237.0,-0.3,0.1,585,RS加速+9.5
8848,レオパレス２１,不動産業,8.0,8.0,1,1274,★☆☆☆☆,0.0,0.0,-1,-2.7,0.0,0.0,0.0,8.0,0.0,0.0,0.0,,,0.0,-6.0,1.9,0.2,626,650.0,1.9,0.1,661,MA上昇配列
9267,Ｇｅｎｋｙ　ＤｒｕｇＳｔｏｒｅｓ,小売業,8.0,8.0,1,1275,★☆☆☆☆,0.0,2.0,-1,0.6,0.0,1.0,0.0,5.0,0.0,0.0,0.0,,,0.0,-3.5,2.6,-0.2,3488,3680.0,0.0,0.1,240,-
9305,ヤマタネ,卸売業,8.0,8.0,1,1276,★☆☆☆☆,0.0,0.0,-1,-0.6,0.0,0.0,0.0,8.0,0.0,0.0,0.0,,,0.0,-2.6,1.7,0.2,2023,2096.0,-0.6,0.3,143,MA上昇配列
4553,東和薬品,医薬品,8.0,8.0,1,1277,★☆☆☆☆,0.0,2.0,-1,2.3,0.0,1.0,0.0,5.0,0.0,0.0,0.0,,,0.0,-5.0,2.4,-0.6,3696,3885.0,0.3,0.1,408,-
3193,エターナルホスピタリティグループ,小売業,8.0,8.0,1,1278,★☆☆☆☆,0.0,8.0,0,2.1,0.0,0.0,0.0,0.0,0.0,0.0,0.0,,,0.0,2.5,2.1,-0.3,1380,1440.0,-1.8,0.1,175,RS転換0日目
4548,生化学工業,医薬品,8.0,8.0,1,1279,★☆☆☆☆,0.0,2.0,-1,0.8,0.0,1.0,0.0,5.0,0.0,0.0,0.0,,,0.0,-4.9,1.3,0.7,705,724.0,2.0,0.1,139,-
7760,ＩＭＶ,精密機器,8.0,8.0,1,1280,★☆☆☆☆,0.0,4.0,-1,7.3,0.0,0.0,0.0,4.0,0.0,0.0,0.0,,,0.0,-11.7,3.9,-2.2,1928,2091.0,5.3,0.0,307,RS加速+7.3
3891,ニッポン高度紙工業,パルプ・紙,7.7,7.7,1,1281,★☆☆☆☆,0.0,4.0,-1,13.1,0.0,0.0,0.0,3.7,0.0,0.0,0.0,,,0.0,-0.7,6.0,2.2,5996,6820.0,9.1,0.1,1315,RS加速+13.1
6849,日本光電工業,電気機器,7.7,7.7,1,1282,★☆☆☆☆,0.0,0.0,-1,-4.5,0.0,2.0,0.0,5.7,0.0,0.0,0.0,,,0.0,-5.8,2.5,0.2,1452,1530.5,0.9,0.1,1291,MA上昇配列
4320,ＣＥホールディングス,情報・通信業,7.7,7.7,1,1283,★☆☆☆☆,0.0,2.0,-1,1.0,0.0,2.0,0.0,3.7,0.0,0.0,0.0,,,0.0,-3.7,0.5,-1.3,1629,1647.0,-0.9,1.0,315,資金流入増
9708,帝国ホテル,サービス業,7.7,7.7,1,1284,★☆☆☆☆,0.0,4.0,-1,-3.2,0.0,0.0,0.0,3.7,0.0,0.0,0.0,,,0.0,-2.8,1.1,0.6,978,1000.0,-1.2,0.1,117,25MA上抜け0日目
3798,ＵＬＳグループ,情報・通信業,7.7,7.7,1,1285,★☆☆☆☆,0.0,0.0,-1,-0.9,0.0,2.0,0.0,5.7,0.0,0.0,0.0,,,0.0,-4.5,3.6,0.3,509,548.0,2.6,0.1,135,MA上昇配列
3407,旭化成,化学,7.7,7.7,1,1286,★☆☆☆☆,0.0,4.0,-1,7.2,0.0,0.0,0.0,3.7,0.0,0.0,0.0,,,0.0,-5.7,2.1,-1.8,1587,1658.5,1.5,0.1,9141,RS加速+7.2
1801,大成建設,建設業,7.7,7.7,1,1287,★☆☆☆☆,0.0,4.0,-1,4.3,0.0,1.0,0.0,2.7,0.0,0.0,0.0,,,0.0,-4.1,2.6,-0.9,12127,12790.0,0.6,0.1,8013,RS加速+4.3
5214,日本電気硝子,ガラス・土石製品,7.7,7.7,1,1288,★☆☆☆☆,0.0,4.0,-1,5.0,0.0,1.0,0.0,2.7,0.0,0.0,0.0,,,0.0,-10.3,2.9,-1.6,4602,4881.0,2.7,0.1,3463,RS加速+5.0
8801,三井不動産,不動産業,7.7,7.7,1,1289,★☆☆☆☆,0.0,2.0,-1,1.0,0.0,1.0,0.0,4.7,0.0,0.0,0.0,,,0.0,-2.8,1.8,2.5,1494,1548.0,2.3,0.1,13818,-
7717,ブイ・テクノロジー,精密機器,7.7,7.7,1,1290,★☆☆☆☆,0.0,4.0,-1,15.7,0.0,1.0,0.0,2.7,0.0,0.0,0.0,,,0.0,-0.9,5.2,-1.1,4950,5520.0,3.2,0.1,1308,RS加速+15.7
8002,丸紅,卸売業,7.7,7.7,1,1291,★☆☆☆☆,0.0,2.0,-1,2.3,0.0,0.0,0.0,2.7,0.0,3.0,0.0,,,0.0,-6.3,2.0,-0.6,4779,4975.0,-0.1,0.1,21682,開示[自己株式の取得](0日前)
7932,ニッピ,その他製品,7.7,7.7,1,1292,★☆☆☆☆,0.0,0.0,-1,-0.6,0.0,1.0,0.0,6.7,0.0,0.0,0.0,,,0.0,-4.0,1.3,0.1,11591,11910.0,0.6,0.1,116,MA上昇配列
6200,インソース,サービス業,7.5,7.5,1,1293,★☆☆☆☆,0.0,2.0,-1,-2.8,0.0,0.0,0.0,5.5,0.0,0.0,0.0,,,0.0,-2.7,1.8,2.0,722,749.0,1.9,0.1,322,MA上昇配列
4419,Ｆｉｎａｔｅｘｔホールディングス,情報・通信業,7.5,7.5,1,1294,★☆☆☆☆,0.0,2.0,-1,2.5,0.0,3.0,0.0,2.5,0.0,0.0,0.0,,,0.0,-7.0,7.2,-1.5,1244,1453.0,5.2,0.1,1034,-
3099,三越伊勢丹ホールディングス,小売業,7.5,7.5,1,1295,★☆☆☆☆,0.0,4.0,-1,3.3,0.0,1.0,0.0,2.5,0.0,0.0,0.0,,,0.0,-2.6,3.2,-0.2,3334,3564.0,2.7,0.1,9915,RS加速+3.3
3810,サイバーステップホールディングス,情報・通信業,7.2,7.2,1,1296,★☆☆☆☆,0.0,3.0,11,-25.6,0.0,3.0,0.0,1.2,0.0,0.0,0.0,,,0.0,12.9,13.6,-8.0,129,177.0,-21.0,0.1,544,資金流入増
5471,大同特殊鋼,鉄鋼,7.2,7.2,1,1297,★☆☆☆☆,0.0,4.0,-1,5.3,0.0,2.0,0.0,1.2,0.0,0.0,0.0,,,0.0,-1.2,3.8,-0.6,2118,2291.5,0.4,0.1,2231,RS加速+5.3
8750,第一ライフグループ,保険業,7.2,7.2,1,1298,★☆☆☆☆,0.0,4.0,-1,4.0,0.0,0.0,0.0,3.2,0.0,0.0,0.0,,,0.0,-5.1,2.0,-0.2,1785,1858.5,4.6,0.1,14532,RS加速+4.0
9302,三井倉庫ホールディングス,倉庫・運輸関連業,7.0,7.0,1,1299,★☆☆☆☆,0.0,2.0,-1,1.0,0.0,1.0,0.0,4.0,0.0,0.0,0.0,,,0.0,-8.8,1.8,-1.0,3242,3362.0,0.7,0.0,885,-
4685,菱友システムズ,情報・通信業,7.0,7.0,1,1300,★☆☆☆☆,0.0,2.0,-1,1.4,0.0,0.0,0.0,5.0,0.0,0.0,0.0,,,0.0,-5.7,1.9,2.1,2668,2773.0,3.2,0.1,104,-
9413,テレビ東京ホールディングス,情報・通信業,7.0,7.0,1,1301,★☆☆☆☆,0.0,2.0,-1,1.6,0.0,0.0,0.0,5.0,0.0,0.0,0.0,,,0.0,-0.2,1.6,1.8,3386,3500.0,1.3,0.1,281,-
4886,あすか製薬ホールディングス,医薬品,7.0,7.0,1,1302,★☆☆☆☆,0.0,2.0,-1,1.4,0.0,1.0,0.0,4.0,0.0,0.0,0.0,,,0.0,-3.5,2.4,-0.7,2017,2119.0,-1.6,0.0,214,-
186A,アストロスケールホールディングス,サービス業,7.0,7.0,1,1303,★☆☆☆☆,0.0,7.0,18,8.2,0.0,0.0,0.0,0.0,0.0,0.0,0.0,,,0.0,11.0,7.4,-1.2,974,1143.0,6.9,0.1,5063,RS加速+8.2
9989,サンドラッグ,小売業,7.0,7.0,1,1304,★☆☆☆☆,0.0,2.0,-1,0.3,0.0,0.0,0.0,5.0,0.0,0.0,0.0,,,0.0,-2.1,1.5,0.7,3658,3775.0,0.9,0.1,1892,-
6806,ヒロセ電機,電気機器,7.0,7.0,1,1305,★☆☆☆☆,0.0,4.0,-1,5.1,0.0,2.0,0.0,1.0,0.0,0.0,0.0,,,0.0,-7.2,2.7,-2.4,24556,25955.0,2.8,0.1,5341,RS加速+5.1
5989,エイチワン,金属製品,7.0,7.0,1,1306,★☆☆☆☆,0.0,0.0,-1,-2.8,0.0,1.0,0.0,6.0,0.0,0.0,0.0,,,0.0,-3.0,2.4,0.3,1456,1529.0,-2.4,0.1,309,-
1928,積水ハウス,建設業,7.0,7.0,1,1307,★☆☆☆☆,0.0,0.0,-1,-1.8,0.0,0.0,0.0,7.0,0.0,0.0,0.0,,,0.0,-3.0,1.2,-0.0,3370,3454.0,-0.7,0.1,7048,-
5992,中央発條,金属製品,7.0,7.0,1,1308,★☆☆☆☆,0.0,2.0,-1,1.2,0.0,0.0,0.0,5.0,0.0,0.0,0.0,,,0.0,-1.4,1.7,-0.1,3580,3705.0,0.0,0.0,144,-
7202,いすゞ自動車,輸送用機器,6.7,6.7,1,1309,★☆☆☆☆,0.0,0.0,-1,-2.9,0.0,0.0,0.0,6.7,0.0,0.0,0.0,,,0.0,-5.9,2.1,1.0,2213,2309.5,3.2,0.1,6212,MA上昇配列
1979,大氣社,建設業,6.7,6.7,1,1310,★☆☆☆☆,0.0,4.0,-1,7.6,0.0,0.0,0.0,2.7,0.0,0.0,0.0,,,0.0,-6.9,2.3,-1.9,3836,4025.0,1.8,0.1,1166,RS加速+7.6
7599,ＩＤＯＭ,卸売業,6.7,6.7,1,1311,★☆☆☆☆,0.0,2.0,-1,1.1,0.0,0.0,0.0,4.7,0.0,0.0,0.0,,,0.0,-1.2,1.4,0.3,1238,1273.0,0.8,0.2,1393,-
3449,テクノフレックス,金属製品,6.7,6.7,1,1312,★☆☆☆☆,0.0,4.0,-1,3.5,0.0,0.0,0.0,2.7,0.0,0.0,0.0,,,0.0,-19.4,6.2,-4.3,3519,4015.0,3.7,0.1,676,RS加速+3.5
4425,Ｋｕｄａｎ,情報・通信業,6.7,6.7,1,1313,★☆☆☆☆,0.0,4.0,-1,20.2,0.0,0.0,0.0,2.7,0.0,0.0,0.0,,,0.0,-4.0,6.0,-0.9,1389,1577.0,15.8,0.6,326,RS加速+20.2
6997,日本ケミコン,電気機器,6.7,6.7,1,1314,★☆☆☆☆,0.0,4.0,-1,10.9,0.0,0.0,0.0,2.7,0.0,0.0,0.0,,,0.0,-7.4,5.5,-0.1,2625,2950.0,9.6,0.1,2606,RS加速+10.9
6981,村田製作所,電気機器,6.7,6.7,1,1315,★☆☆☆☆,0.0,4.0,-1,9.3,0.0,0.0,0.0,2.7,0.0,0.0,0.0,,,0.0,-7.1,6.2,-4.4,6173,7039.0,-0.4,0.1,190097,RS加速+9.3
4061,デンカ,化学,6.7,6.7,1,1316,★☆☆☆☆,0.0,4.0,-1,5.0,0.0,0.0,0.0,2.7,0.0,0.0,0.0,,,0.0,-4.1,3.5,-3.3,3120,3357.0,-1.6,0.1,3035,RS加速+5.0
9008,京王電鉄,陸運業,6.7,6.7,1,1317,★☆☆☆☆,0.0,0.0,-1,-3.3,0.0,0.0,0.0,6.7,0.0,0.0,0.0,,,0.0,-4.6,1.4,0.9,766,788.5,0.4,0.1,1277,MA上昇配列
9531,東京瓦斯,電気・ガス業,6.7,6.7,1,1318,★☆☆☆☆,0.0,2.0,-1,2.6,0.0,0.0,0.0,4.7,0.0,0.0,0.0,,,0.0,-0.7,1.7,3.4,6084,6299.0,3.1,0.1,5571,-
4975,ＪＣＵ,化学,6.7,6.7,1,1319,★☆☆☆☆,0.0,4.0,-1,3.1,0.0,0.0,0.0,2.7,0.0,0.0,0.0,,,0.0,-10.6,3.4,-5.3,5037,5400.0,-0.7,0.1,662,RS加速+3.1
1812,鹿島建設,建設業,6.7,6.7,1,1320,★☆☆☆☆,0.0,4.0,-1,4.8,0.0,0.0,0.0,2.7,0.0,0.0,0.0,,,0.0,-10.1,2.2,-1.9,4729,4949.0,2.4,0.1,11359,RS加速+4.8
1802,大林組,建設業,6.7,6.7,1,1321,★☆☆☆☆,0.0,4.0,-1,4.5,0.0,0.0,0.0,2.7,0.0,0.0,0.0,,,0.0,-5.6,1.9,-0.8,2936,3050.0,1.7,0.2,7413,RS加速+4.5
4071,プラスアルファ・コンサルティング,情報・通信業,6.6,6.6,1,1322,★☆☆☆☆,0.0,0.0,-1,-4.2,0.0,1.0,0.0,3.7,0.0,1.9,0.0,,,0.0,-3.4,4.0,0.0,2078,2256.0,-0.6,0.1,640,開示[自己株式の取得](5日前)
7419,ノジマ,小売業,6.5,6.5,1,1323,★☆☆☆☆,0.0,4.0,-1,9.4,0.0,0.0,0.0,2.5,0.0,0.0,0.0,,,0.0,-3.4,1.6,-2.4,1246,1287.0,0.9,0.2,913,RS加速+9.4
6387,サムコ,機械,6.5,6.5,1,1324,★☆☆☆☆,0.0,4.0,-1,8.8,0.0,1.0,0.0,1.5,0.0,0.0,0.0,,,0.0,-3.0,7.1,-6.2,7229,8430.0,-3.1,0.1,941,RS加速+8.8
5074,テスホールディングス,建設業,6.5,6.5,1,1325,★☆☆☆☆,0.0,4.0,-1,6.6,0.0,1.0,0.0,1.5,0.0,0.0,0.0,,,0.0,-9.4,6.5,-7.8,546,628.0,1.6,0.1,1184,RS加速+6.6
7276,小糸製作所,電気機器,6.5,6.5,1,1326,★☆☆☆☆,0.0,2.0,-1,-8.4,0.0,0.0,0.0,4.5,0.0,0.0,0.0,,,0.0,-0.6,1.6,2.2,2649,2735.0,1.7,0.1,2245,-
4970,東洋合成工業,化学,6.5,6.5,1,1327,★☆☆☆☆,0.0,4.0,-1,10.7,0.0,1.0,0.0,1.5,0.0,0.0,0.0,,,0.0,-16.4,6.3,-11.1,9683,11080.0,-2.6,0.1,1320,RS加速+10.7
4519,中外製薬,医薬品,6.5,6.5,1,1328,★☆☆☆☆,0.0,4.0,-1,5.5,0.0,0.0,0.0,2.5,0.0,0.0,0.0,,,0.0,-1.7,2.1,0.1,6659,6955.0,-0.5,0.1,15950,RS加速+5.5
3905,データセクション,情報・通信業,6.5,6.5,1,1329,★☆☆☆☆,0.0,4.0,-1,6.1,0.0,1.0,0.0,1.5,0.0,0.0,0.0,,,0.0,-23.9,9.5,-10.7,1351,1666.0,0.2,0.0,11001,RS加速+6.1
6269,三井海洋開発,機械,6.5,6.5,1,1330,★☆☆☆☆,0.0,2.0,-1,0.8,0.0,3.3,0.0,1.2,0.0,0.0,0.0,,,0.0,-6.8,4.4,-2.5,8953,9825.0,-0.3,0.1,6770,買い出来高優勢
4042,東ソー,化学,6.5,6.5,1,1331,★☆☆☆☆,0.0,4.0,-1,4.7,0.0,0.0,0.0,2.5,0.0,0.0,0.0,,,0.0,-3.0,1.7,-0.5,2593,2682.5,1.7,0.1,3312,RS加速+4.7
6999,ＫＯＡ,電気機器,6.5,6.5,1,1332,★☆☆☆☆,0.0,4.0,-1,24.0,0.0,1.0,0.0,1.5,0.0,0.0,0.0,,,0.0,-0.2,5.0,-2.2,2071,2300.0,7.0,0.0,1713,RS加速+24.0
4424,Ａｍａｚｉａ,情報・通信業,6.4,6.4,1,1333,★☆☆☆☆,0.0,4.0,-1,4.4,0.0,0.0,0.0,1.2,0.0,1.2,0.0,,,0.0,-9.6,9.8,-1.7,281,350.0,5.7,0.1,193,RS加速+4.4 / 開示[業績予想の修正](7日前)
9005,東急,陸運業,6.3,6.3,1,1334,★☆☆☆☆,0.0,0.0,-1,-1.3,0.0,0.0,0.0,5.0,0.0,1.3,0.0,,,0.0,-6.3,1.4,-1.1,1624,1671.0,-0.7,0.1,3985,開示[自己株式の取得](8日前)
4617,中国塗料,化学,6.2,6.2,1,1335,★☆☆☆☆,0.0,2.0,-1,1.9,0.0,0.0,0.0,4.2,0.0,0.0,0.0,,,0.0,-0.7,2.4,0.0,3452,3630.0,1.3,0.0,631,MA上昇配列
6266,タツモ,機械,6.2,6.2,1,1336,★☆☆☆☆,0.0,4.0,-1,7.4,0.0,1.0,0.0,1.2,0.0,0.0,0.0,,,0.0,-15.8,6.2,-8.9,3020,3450.0,-0.6,0.1,1483,RS加速+7.4
4204,積水化学工業,化学,6.2,6.2,1,1337,★☆☆☆☆,0.0,0.0,-1,-0.1,0.0,1.0,0.0,5.2,0.0,0.0,0.0,,,0.0,-2.1,1.4,0.0,2586,2662.0,0.8,0.1,3722,MA上昇配列
4661,オリエンタルランド,サービス業,6.2,6.2,1,1338,★☆☆☆☆,0.0,2.0,-1,-17.1,0.0,0.0,0.0,4.2,0.0,0.0,0.0,,,0.0,-6.7,2.2,1.5,2886,3019.0,0.6,0.1,14555,MA上昇配列
6954,ファナック,電気機器,6.0,6.0,1,1339,★☆☆☆☆,0.0,0.0,-1,-7.5,6.0,0.0,0.0,0.0,0.0,0.0,0.0,,,0.0,-17.5,3.0,-4.9,5669,6028.0,-0.4,0.1,41649,ロボット(-2.2%)
6146,ディスコ,機械,6.0,6.0,1,1340,★☆☆☆☆,0.0,0.0,-1,-5.7,6.0,0.0,0.0,0.0,0.0,0.0,0.0,,,0.0,-6.2,5.0,-7.2,50363,56000.0,-8.8,0.1,85546,HBM・後工程(-2.0%)
9735,セコム,サービス業,6.0,6.0,1,1341,★☆☆☆☆,0.0,0.0,-1,-0.2,0.0,0.0,0.0,6.0,0.0,0.0,0.0,,,0.0,-7.0,1.7,-1.1,6312,6536.0,1.6,0.1,7709,-
7731,ニコン,精密機器,6.0,6.0,1,1342,★☆☆☆☆,0.0,4.0,-1,11.6,0.0,1.0,0.0,1.0,0.0,0.0,0.0,,,0.0,-1.7,2.9,-3.1,1801,1914.0,-3.4,0.1,3283,RS加速+11.6
4901,富士フイルムホールディングス,化学,6.0,6.0,1,1343,★☆☆☆☆,0.0,0.0,-1,-0.0,0.0,1.0,0.0,5.0,0.0,0.0,0.0,,,0.0,-11.0,2.4,-0.6,3266,3434.0,4.7,0.1,21609,-
7915,ＮＩＳＳＨＡ,その他製品,6.0,6.0,1,1344,★☆☆☆☆,0.0,2.0,-1,0.2,0.0,0.0,0.0,4.0,0.0,0.0,0.0,,,0.0,-4.5,2.4,-0.8,1233,1295.0,-0.2,0.1,333,-
3482,ロードスターキャピタル,不動産業,6.0,6.0,1,1345,★☆☆☆☆,0.0,2.0,-1,1.1,0.0,0.0,0.0,4.0,0.0,0.0,0.0,,,0.0,-4.6,1.6,-0.6,2551,2636.0,0.2,0.5,293,-
4704,トレンドマイクロ,情報・通信業,6.0,6.0,1,1346,★☆☆☆☆,0.0,4.0,-1,5.1,0.0,2.0,0.0,0.0,0.0,0.0,0.0,,,0.0,-7.2,4.4,-2.6,5485,6012.0,7.5,0.1,6057,RS加速+5.1
7745,Ａ＆Ｄホロンホールディングス,精密機器,6.0,6.0,1,1347,★☆☆☆☆,0.0,0.0,-1,-1.5,0.0,1.0,0.0,5.0,0.0,0.0,0.0,,,0.0,-5.7,2.5,-0.7,2755,2902.0,2.9,0.0,333,-
6506,安川電機,電気機器,6.0,6.0,1,1348,★☆☆☆☆,0.0,0.0,-1,-0.0,6.0,0.0,0.0,0.0,0.0,0.0,0.0,,,0.0,-4.7,3.6,-6.5,4360,4701.0,-4.3,0.1,20192,ロボット(-2.2%)
1835,東鉄工業,建設業,6.0,6.0,1,1349,★☆☆☆☆,0.0,2.0,-1,0.2,0.0,0.0,0.0,4.0,0.0,0.0,0.0,,,0.0,-5.1,1.6,-0.2,3917,4045.0,1.9,0.1,322,-
7779,ＣＹＢＥＲＤＹＮＥ,精密機器,6.0,6.0,1,1350,★☆☆☆☆,0.0,6.0,1,-2.8,0.0,0.0,0.0,0.0,0.0,0.0,0.0,,,0.0,1.7,3.8,-1.8,210,227.0,-3.0,0.5,280,RS転換1日目
9045,京阪ホールディングス,陸運業,6.0,6.0,1,1351,★☆☆☆☆,0.0,0.0,-1,-3.3,0.0,1.0,0.0,5.0,0.0,0.0,0.0,,,0.0,-3.8,1.4,-0.0,3117,3205.0,-0.9,0.1,914,-
6363,酉島製作所,機械,6.0,6.0,1,1352,★☆☆☆☆,0.0,3.0,18,-5.4,0.0,2.0,0.0,1.0,0.0,0.0,0.0,,,0.0,5.7,3.7,-1.9,2762,2980.0,-5.7,0.1,540,-
6145,ＮＩＴＴＯＫＵ,機械,6.0,6.0,1,1353,★☆☆☆☆,0.0,0.0,-1,-0.2,0.0,2.0,0.0,4.0,0.0,0.0,0.0,,,0.0,-6.8,3.0,-0.9,2346,2493.0,0.2,0.0,336,-
8252,丸井グループ,小売業,5.8,5.8,1,1354,★☆☆☆☆,0.0,0.0,-1,-4.2,0.0,1.0,0.0,2.0,0.0,2.8,0.0,,,0.0,-3.2,1.5,-1.1,2844,2931.0,-2.0,0.1,2796,開示[自己株式の取得](7日前) / 開示[自己株式取得](8日前)
5201,ＡＧＣ,ガラス・土石製品,5.7,5.7,1,1355,★☆☆☆☆,0.0,2.0,-1,2.1,0.0,1.0,0.0,2.7,0.0,0.0,0.0,,,0.0,-6.3,2.1,-0.9,5576,5820.0,1.1,0.1,8663,-
8141,新光商事,卸売業,5.7,5.7,1,1356,★☆☆☆☆,0.0,2.0,-1,1.6,0.0,0.0,0.0,3.7,0.0,0.0,0.0,,,0.0,-1.2,0.3,-0.0,1560,1568.0,-0.1,0.0,157,-
1861,熊谷組,建設業,5.7,5.7,1,1357,★☆☆☆☆,0.0,2.0,-1,1.2,0.0,1.0,0.0,2.7,0.0,0.0,0.0,,,0.0,-11.0,1.8,-3.3,1255,1302.0,0.2,0.1,1559,-
6817,スミダコーポレーション,電気機器,5.7,5.7,1,1358,★☆☆☆☆,0.0,2.0,-1,1.9,0.0,1.0,0.0,2.7,0.0,0.0,0.0,,,0.0,-7.6,2.4,-1.1,1159,1219.0,-0.7,0.1,315,-
7966,リンテック,その他製品,5.7,5.7,1,1359,★☆☆☆☆,0.0,4.0,-1,6.4,0.0,0.0,0.0,0.0,0.0,1.7,0.0,,,0.0,-12.8,3.4,-7.4,5157,5530.0,1.7,0.4,2801,RS加速+6.4 / 開示[自己株式の取得](8日前) / 開示[自己株式取得](12日前)
4403,日油,化学,5.7,5.7,1,1360,★☆☆☆☆,0.0,0.0,-1,-3.6,0.0,1.0,0.0,4.7,0.0,0.0,0.0,,,0.0,-3.5,1.8,-0.7,2645,2746.0,-1.6,0.1,2242,-
6902,デンソー,輸送用機器,5.7,5.7,1,1361,★☆☆☆☆,0.0,2.0,-1,0.8,0.0,1.0,0.0,2.7,0.0,0.0,0.0,,,0.0,-2.5,1.8,-0.2,1889,1958.0,0.9,0.1,13146,-
3086,Ｊ．フロント　リテイリング,小売業,5.7,5.7,1,1362,★☆☆☆☆,0.0,0.0,-1,-5.4,0.0,1.0,0.0,4.7,0.0,0.0,0.0,,,0.0,-2.7,2.6,-1.0,2783,2932.5,-3.2,0.2,3045,-
5332,ＴＯＴＯ,ガラス・土石製品,5.5,5.5,1,1363,★☆☆☆☆,0.0,4.0,-1,3.7,0.0,0.0,0.0,1.5,0.0,0.0,0.0,,,0.0,-12.4,2.6,-4.1,5951,6277.0,-0.9,0.1,6599,RS加速+3.7
4216,旭有機材,化学,5.5,5.5,1,1364,★☆☆☆☆,0.0,4.0,-1,4.3,0.0,0.0,0.0,1.5,0.0,0.0,0.0,,,0.0,-4.3,2.2,-0.8,5674,5940.0,0.2,0.0,297,RS加速+4.3
6227,ＡＩメカテック,機械,5.5,5.5,1,1365,★☆☆☆☆,0.0,4.0,-1,4.2,0.0,0.0,0.0,1.5,0.0,0.0,0.0,,,0.0,-8.3,7.0,-2.8,5349,6220.0,-0.3,0.0,6144,RS加速+4.2
4935,リベルタ,化学,5.5,5.5,1,1366,★☆☆☆☆,0.0,4.0,-1,22.3,0.0,0.0,0.0,1.5,0.0,0.0,0.0,,,0.0,-11.9,4.5,-8.2,191,210.0,0.0,0.0,151,RS加速+22.3
6479,ミネベアミツミ,電気機器,5.5,5.5,1,1367,★☆☆☆☆,0.0,4.0,-1,4.0,0.0,0.0,0.0,1.5,0.0,0.0,0.0,,,0.0,-11.2,3.1,-6.9,3149,3360.0,0.5,0.1,10563,RS加速+4.0
6800,ヨコオ,電気機器,5.5,5.5,1,1368,★☆☆☆☆,0.0,4.0,-1,11.0,0.0,0.0,0.0,1.5,0.0,0.0,0.0,,,0.0,-4.1,5.2,-2.1,3542,3950.0,4.1,0.1,855,RS加速+11.0
6547,グリーンズ,サービス業,5.5,5.5,1,1369,★☆☆☆☆,0.0,0.0,-1,-0.7,0.0,1.0,0.0,4.5,0.0,0.0,0.0,,,0.0,-4.5,3.8,1.3,1993,2158.0,4.1,0.0,180,MA上昇配列
7004,カナデビア,機械,5.5,5.5,1,1370,★☆☆☆☆,0.0,2.0,-1,1.8,0.0,2.0,0.0,1.5,0.0,0.0,0.0,,,0.0,-0.4,2.6,-0.0,1143,1207.0,1.2,0.2,1111,-
6268,ナブテスコ,機械,5.5,5.5,1,1371,★☆☆☆☆,0.0,4.0,-1,5.2,0.0,0.0,0.0,1.5,0.0,0.0,0.0,,,0.0,-4.1,3.6,-2.3,4262,4594.0,1.7,0.1,4544,RS加速+5.2
9256,サクシード,サービス業,5.5,5.5,1,1372,★☆☆☆☆,0.0,4.0,-1,36.9,0.0,0.0,0.0,1.5,0.0,0.0,0.0,,,0.0,-10.5,5.4,-10.9,1041,1167.0,1.7,0.0,157,RS加速+36.9
6976,太陽誘電,電気機器,5.5,5.5,1,1373,★☆☆☆☆,0.0,4.0,-1,7.2,0.0,0.0,0.0,1.5,0.0,0.0,0.0,,,0.0,-14.1,8.5,-9.0,7455,8991.0,-1.7,0.1,238202,RS加速+7.2
6648,かわでん,電気機器,5.5,5.5,1,1374,★☆☆☆☆,0.0,2.0,-1,1.5,0.0,2.0,0.0,1.5,0.0,0.0,0.0,,,0.0,3.0,4.4,-0.7,1576,1730.0,3.2,0.2,147,-
6996,ニチコン,電気機器,5.5,5.5,1,1375,★☆☆☆☆,0.0,4.0,-1,4.8,0.0,0.0,0.0,1.5,0.0,0.0,0.0,,,0.0,-9.0,4.7,-3.7,2471,2725.0,2.1,0.1,2744,RS加速+4.8
6969,松尾電機,電気機器,5.5,5.5,1,1376,★☆☆☆☆,0.0,2.0,-1,2.3,0.0,2.0,0.0,1.5,0.0,0.0,0.0,,,0.0,-5.5,6.5,-3.6,878,1010.0,1.7,0.0,105,-
6754,アンリツ,電気機器,5.5,5.5,1,1377,★☆☆☆☆,0.0,4.0,-1,10.1,0.0,0.0,0.0,1.5,0.0,0.0,0.0,,,0.0,-7.4,3.8,-4.5,3115,3370.0,1.8,0.0,4573,RS加速+10.1
9519,レノバ,電気・ガス業,5.2,5.2,1,1378,★☆☆☆☆,0.0,4.0,-1,3.5,0.0,0.0,0.0,1.2,0.0,0.0,0.0,,,0.0,-3.4,4.7,-2.1,831,917.0,-3.5,0.1,743,RS加速+3.5
3415,ＴＯＫＹＯ　ＢＡＳＥ,小売業,5.2,5.2,1,1379,★☆☆☆☆,0.0,4.0,-1,7.2,0.0,0.0,0.0,1.2,0.0,0.0,0.0,,,0.0,-3.6,2.3,-2.2,359,376.0,1.6,0.2,129,RS加速+7.2
5631,日本製鋼所,機械,5.2,5.2,1,1380,★☆☆☆☆,0.0,2.0,-1,1.4,0.0,2.0,0.0,1.2,0.0,0.0,0.0,,,0.0,-2.8,4.1,-3.1,6830,7432.0,-1.5,0.1,5334,-
6941,山一電機,電気機器,5.2,5.2,1,1381,★☆☆☆☆,0.0,4.0,-1,6.5,0.0,0.0,0.0,1.2,0.0,0.0,0.0,,,0.0,-9.8,5.7,-5.1,7013,7910.0,1.8,0.0,3549,RS加速+6.5
9842,アークランズ,小売業,5.2,5.2,1,1382,★☆☆☆☆,0.0,0.0,-1,-2.8,0.0,2.0,0.0,3.2,0.0,0.0,0.0,,,0.0,-2.9,1.4,-0.6,1825,1877.0,-1.4,0.1,852,資金流入増
2158,ＦＲＯＮＴＥＯ,サービス業,5.2,5.2,1,1383,★☆☆☆☆,0.0,0.0,-1,-4.1,0.0,1.0,0.0,4.2,0.0,0.0,0.0,,,0.0,-0.3,3.4,1.3,601,645.0,-2.7,0.1,117,MA上昇配列
7701,島津製作所,精密機器,5.2,5.2,1,1384,★☆☆☆☆,0.0,2.0,-1,1.1,0.0,2.0,0.0,1.2,0.0,0.0,0.0,,,0.0,-1.5,1.8,-0.2,3967,4116.0,0.0,0.1,3380,-
6232,ＡＣＳＬ,機械,5.0,5.0,1,1385,★☆☆☆☆,0.0,4.0,-1,9.7,0.0,1.0,0.0,0.0,0.0,0.0,0.0,,,0.0,-0.5,6.4,-4.3,1374,1577.0,-1.1,0.2,1247,RS加速+9.7
1909,日本ドライケミカル,機械,5.0,5.0,1,1386,★☆☆☆☆,0.0,2.0,-1,-7.9,0.0,0.0,0.0,3.0,0.0,0.0,0.0,,,0.0,-1.9,0.2,0.0,3685,3700.0,0.0,0.6,364,-
3836,アバントグループ,情報・通信業,5.0,5.0,1,1387,★☆☆☆☆,0.0,0.0,-1,-4.6,0.0,0.0,0.0,5.0,0.0,0.0,0.0,,,0.0,-7.1,2.6,-0.1,1144,1206.0,-0.2,0.1,118,-
4536,参天製薬,医薬品,5.0,5.0,1,1388,★☆☆☆☆,0.0,4.0,-1,4.5,0.0,0.0,0.0,1.0,0.0,0.0,0.0,,,0.0,-2.0,2.5,-1.3,1789,1884.5,0.5,0.1,2146,RS加速+4.5
6859,エスペック,電気機器,5.0,5.0,1,1389,★☆☆☆☆,0.0,4.0,-1,7.6,0.0,0.0,0.0,1.0,0.0,0.0,0.0,,,0.0,-0.3,3.0,-1.6,3716,3955.0,1.8,0.0,362,RS加速+7.6
7972,イトーキ,その他製品,5.0,5.0,1,1390,★☆☆☆☆,0.0,0.0,-1,-1.1,0.0,1.0,0.0,4.0,0.0,0.0,0.0,,,0.0,-11.8,2.3,-2.1,2530,2653.0,2.2,0.1,558,-
6136,オーエスジー,機械,5.0,5.0,1,1391,★☆☆☆☆,0.0,4.0,-1,3.9,0.0,0.0,0.0,1.0,0.0,0.0,0.0,,,0.0,-1.5,3.1,-2.2,3462,3695.0,-0.3,0.1,1222,RS加速+3.9
7725,インターアクション,精密機器,5.0,5.0,1,1392,★☆☆☆☆,0.0,3.0,18,-6.4,0.0,2.0,0.0,0.0,0.0,0.0,0.0,,,0.0,2.6,4.4,-3.0,1612,1767.0,-5.8,0.2,200,-
6677,エスケーエレクトロニクス,電気機器,5.0,5.0,1,1393,★☆☆☆☆,0.0,2.0,-1,1.0,0.0,2.0,0.0,1.0,0.0,0.0,0.0,,,0.0,-7.5,3.0,-3.7,3085,3280.0,2.8,0.1,355,資金流入増
4751,サイバーエージェント,サービス業,5.0,5.0,1,1394,★☆☆☆☆,0.0,0.0,-1,-1.5,0.0,1.0,0.0,4.0,0.0,0.0,0.0,,,0.0,-8.0,2.4,-0.6,1302,1368.0,2.6,0.1,9527,-
3168,ＭＥＲＦ,卸売業,5.0,5.0,1,1395,★☆☆☆☆,0.0,3.0,25,-8.4,0.0,2.0,0.0,0.0,0.0,0.0,0.0,,,0.0,8.2,5.7,-0.4,1228,1386.0,-3.4,0.1,162,-
4275,カーリット,化学,4.7,4.7,1,1396,★☆☆☆☆,0.0,2.0,-1,0.0,0.0,0.0,0.0,2.7,0.0,0.0,0.0,,,0.0,-10.7,3.4,-3.5,1974,2119.0,-0.9,0.1,480,-
6762,ＴＤＫ,電気機器,4.7,4.7,1,1397,★☆☆☆☆,0.0,2.0,-1,0.0,0.0,0.0,0.0,2.7,0.0,0.0,0.0,,,0.0,-0.7,3.4,-0.0,2843,3047.0,0.2,0.1,27814,-
5706,三井金属,非鉄金属,4.7,4.7,1,1398,★☆☆☆☆,0.0,2.0,-1,2.1,0.0,0.0,0.0,2.7,0.0,0.0,0.0,,,0.0,-10.2,5.8,-3.9,25124,28420.0,-0.2,0.1,51393,-
4182,三菱瓦斯化学,化学,4.7,4.7,1,1399,★☆☆☆☆,0.0,2.0,-1,2.9,0.0,0.0,0.0,2.7,0.0,0.0,0.0,,,0.0,-10.6,3.6,-5.3,3563,3840.0,-0.4,0.1,7592,-
3480,ジェイ・エス・ビー,不動産業,4.7,4.7,1,1400,★☆☆☆☆,0.0,0.0,-1,-10.3,0.0,0.0,0.0,4.7,0.0,0.0,0.0,,,0.0,-4.8,0.5,0.0,8877,8970.0,0.2,0.4,575,52週高値目前
5741,ＵＡＣＪ,非鉄金属,4.7,4.7,1,1401,★☆☆☆☆,0.0,2.0,-1,1.0,0.0,0.0,0.0,2.7,0.0,0.0,0.0,,,0.0,-2.3,4.3,-0.2,2146,2347.0,-0.8,0.1,2658,-
4966,上村工業,化学,4.6,4.6,1,1402,★☆☆☆☆,0.0,4.0,-1,6.3,0.0,0.0,0.0,0.0,0.0,0.6,0.0,,,0.0,-13.8,3.9,-7.0,18186,19740.0,3.6,0.0,1831,RS加速+6.3 / 開示[自己株式の取得](11日前)
6013,タクマ,機械,4.5,4.5,1,1403,★☆☆☆☆,0.0,2.0,-1,0.2,0.0,0.0,0.0,1.0,0.0,1.5,0.0,,,0.0,-12.5,1.8,-6.1,2923,3035.0,-1.0,0.1,617,開示[自己株式の取得](7日前)
3946,トーモク,パルプ・紙,4.5,4.5,1,1404,★☆☆☆☆,0.0,0.0,-1,-7.7,0.0,1.0,0.0,2.0,0.0,1.5,0.0,,,0.0,-3.9,2.6,-3.7,4199,4430.0,-6.0,0.1,629,開示[自己株式の取得](7日前)
8593,三菱ＨＣキャピタル,その他金融業,4.5,4.5,1,1405,★☆☆☆☆,0.0,0.0,-1,-1.7,0.0,0.0,0.0,4.5,0.0,0.0,0.0,,,0.0,-6.3,1.2,-0.7,1375,1409.0,1.1,0.1,5632,-
6474,不二越,機械,4.5,4.5,1,1406,★☆☆☆☆,0.0,2.0,-1,0.5,0.0,0.0,0.0,2.5,0.0,0.0,0.0,,,0.0,-1.1,3.9,-1.6,5096,5530.0,-1.8,0.1,510,-
1786,オリエンタル白石,建設業,4.5,4.5,1,1407,★☆☆☆☆,0.0,0.0,-1,-0.8,0.0,1.0,0.0,3.5,0.0,0.0,0.0,,,0.0,-4.4,2.0,-1.3,343,357.0,-0.3,0.2,255,-
2157,コシダカホールディングス,サービス業,4.5,4.5,1,1408,★☆☆☆☆,0.0,0.0,-1,-1.5,0.0,2.0,0.0,2.5,0.0,0.0,0.0,,,0.0,-2.8,1.8,-0.4,986,1022.0,-1.5,0.1,982,資金流入増
3333,あさひ,小売業,4.5,4.5,1,1409,★☆☆☆☆,0.0,0.0,-1,-6.2,0.0,1.0,0.0,3.5,0.0,0.0,0.0,,,0.0,-2.2,1.5,-0.2,1289,1330.0,-2.6,0.0,143,-
3387,クリエイト・レストランツ・ホールディングス,小売業,4.2,4.2,1,1410,★☆☆☆☆,0.0,0.0,-1,-4.8,0.0,1.0,0.0,3.2,0.0,0.0,0.0,,,0.0,-4.0,1.4,-1.0,740,761.0,-2.5,0.2,1537,-
9247,ＴＲＥホールディングス,サービス業,4.2,4.2,1,1411,★☆☆☆☆,0.0,2.0,-1,1.7,0.0,0.0,0.0,2.2,0.0,0.0,0.0,,,0.0,-6.8,3.3,-3.2,1795,1921.0,-2.3,0.1,468,-
7917,ＺＡＣＲＯＳ,化学,4.2,4.2,1,1412,★☆☆☆☆,0.0,2.0,-1,1.9,0.0,0.0,0.0,2.2,0.0,0.0,0.0,,,0.0,-6.1,1.9,-1.3,1251,1300.0,1.8,0.1,215,-
9984,ソフトバンクグループ,情報・通信業,4.0,4.0,1,1413,★☆☆☆☆,0.0,4.0,-1,6.1,0.0,0.0,0.0,0.0,0.0,0.0,0.0,,,0.0,-4.8,5.2,-4.3,4584,5111.0,2.7,0.1,199444,RS加速+6.1
6617,東光高岳,電気機器,4.0,4.0,1,1414,★☆☆☆☆,0.0,4.0,-1,10.2,0.0,0.0,0.0,0.0,0.0,0.0,0.0,,,0.0,-1.6,4.4,-5.2,6403,7020.0,-1.5,0.1,997,RS加速+10.2
4887,サワイグループホールディングス,医薬品,4.0,4.0,1,1415,★☆☆☆☆,0.0,0.0,-1,-0.7,0.0,0.0,0.0,4.0,0.0,0.0,0.0,,,0.0,-4.1,1.6,-1.0,1562,1615.0,-0.7,0.1,848,-
6278,ユニオンツール,機械,4.0,4.0,1,1416,★☆☆☆☆,0.0,4.0,-1,11.8,0.0,0.0,0.0,0.0,0.0,0.0,0.0,,,0.0,-13.1,6.4,-11.4,12110,13890.0,-2.4,0.0,5052,RS加速+11.8
5333,ＮＧＫ,ガラス・土石製品,4.0,4.0,1,1417,★☆☆☆☆,0.0,4.0,-1,5.7,0.0,0.0,0.0,0.0,0.0,0.0,0.0,,,0.0,-6.9,3.8,-5.1,4919,5322.0,-1.6,0.1,7837,RS加速+5.7
6914,オプテックスグループ,電気機器,4.0,4.0,1,1418,★☆☆☆☆,0.0,4.0,-1,3.3,0.0,0.0,0.0,0.0,0.0,0.0,0.0,,,0.0,-9.0,3.6,-5.5,2994,3230.0,0.6,0.1,520,RS加速+3.3
4186,東京応化工業,化学,4.0,4.0,1,1419,★☆☆☆☆,0.0,4.0,-1,9.1,0.0,0.0,0.0,0.0,0.0,0.0,0.0,,,0.0,-6.4,4.2,-5.5,7776,8489.0,-1.6,0.1,7581,RS加速+9.1
6971,京セラ,電気機器,4.0,4.0,1,1420,★☆☆☆☆,0.0,2.0,-1,0.7,0.0,0.0,0.0,2.0,0.0,0.0,0.0,,,0.0,-3.8,2.7,-2.2,3425,3624.0,1.4,0.1,15993,-
8111,ゴールドウイン,繊維製品,4.0,4.0,1,1421,★☆☆☆☆,0.0,0.0,-1,-0.4,0.0,0.0,0.0,4.0,0.0,0.0,0.0,,,0.0,-7.4,2.0,-1.7,2080,2167.0,-0.2,0.1,1282,-
3104,富士紡ホールディングス,繊維製品,4.0,4.0,1,1422,★☆☆☆☆,0.0,4.0,-1,11.8,0.0,0.0,0.0,0.0,0.0,0.0,0.0,,,0.0,-4.4,3.6,-5.2,3150,3395.0,0.1,0.1,476,RS加速+11.8
6235,オプトラン,機械,4.0,4.0,1,1423,★☆☆☆☆,0.0,4.0,-1,4.9,0.0,0.0,0.0,0.0,0.0,0.0,0.0,,,0.0,-14.6,5.6,-11.1,2330,2626.0,-1.1,0.1,1358,RS加速+4.9
6723,ルネサスエレクトロニクス,電気機器,4.0,4.0,1,1424,★☆☆☆☆,0.0,4.0,-1,7.1,0.0,0.0,0.0,0.0,0.0,0.0,0.0,,,0.0,-7.1,5.0,-8.9,2939,3267.0,-4.7,0.1,46089,RS加速+7.1
6544,ジャパンエレベーターサービスホールディングス,サービス業,4.0,4.0,1,1425,★☆☆☆☆,0.0,0.0,-1,-2.1,0.0,0.0,0.0,4.0,0.0,0.0,0.0,,,0.0,-9.8,2.6,-1.6,1480,1560.0,-0.1,0.1,1250,-
6736,サン電子,電気機器,4.0,4.0,1,1426,★☆☆☆☆,0.0,2.0,-1,0.3,0.0,2.0,0.0,0.0,0.0,0.0,0.0,,,0.0,-15.3,7.6,-6.7,7179,8460.0,6.4,0.0,538,資金流入増
6728,アルバック,電気機器,4.0,4.0,1,1427,★☆☆☆☆,0.0,4.0,-1,6.0,0.0,0.0,0.0,0.0,0.0,0.0,0.0,,,0.0,-16.7,5.1,-11.1,6624,7373.0,-2.6,0.0,6120,RS加速+6.0
6407,ＣＫＤ,機械,4.0,4.0,1,1428,★☆☆☆☆,0.0,4.0,-1,3.1,0.0,0.0,0.0,0.0,0.0,0.0,0.0,,,0.0,-11.8,5.1,-7.8,4854,5410.0,-1.8,0.0,4867,RS加速+3.1
3984,ユーザーローカル,情報・通信業,4.0,4.0,1,1429,★☆☆☆☆,0.0,0.0,-1,-6.6,0.0,0.0,0.0,4.0,0.0,0.0,0.0,,,0.0,-16.0,3.0,-5.1,1466,1561.0,-0.8,0.1,217,-
6622,ダイヘン,電気機器,4.0,4.0,1,1430,★☆☆☆☆,0.0,4.0,-1,3.2,0.0,0.0,0.0,0.0,0.0,0.0,0.0,,,0.0,-10.8,4.5,-6.9,11437,12570.0,-1.8,0.0,3754,RS加速+3.2
6507,シンフォニアテクノロジー,電気機器,4.0,4.0,1,1431,★☆☆☆☆,0.0,4.0,-1,6.3,0.0,0.0,0.0,0.0,0.0,0.0,0.0,,,0.0,-10.3,4.7,-5.3,11060,12220.0,0.7,0.1,2454,RS加速+6.3
3299,ムゲンエステート,不動産業,4.0,4.0,1,1432,★☆☆☆☆,0.0,0.0,-1,-1.0,0.0,0.0,0.0,4.0,0.0,0.0,0.0,,,0.0,-13.2,1.6,-4.4,1668,1724.0,-1.6,0.1,313,-
6284,日精エー・エス・ビー機械,機械,4.0,4.0,1,1433,★☆☆☆☆,0.0,2.0,-1,1.4,0.0,1.0,0.0,1.0,0.0,0.0,0.0,,,0.0,-3.8,2.2,-2.2,8516,8910.0,1.4,0.1,306,-
3445,ＲＳ　Ｔｅｃｈｎｏｌｏｇｉｅｓ,金属製品,4.0,4.0,1,1434,★☆☆☆☆,0.0,4.0,-1,3.2,0.0,0.0,0.0,0.0,0.0,0.0,0.0,,,0.0,-11.7,6.0,-7.7,5021,5700.0,5.0,0.1,1801,RS加速+3.2
4187,大阪有機化学工業,化学,4.0,4.0,1,1435,★☆☆☆☆,0.0,4.0,-1,9.8,0.0,0.0,0.0,0.0,0.0,0.0,0.0,,,0.0,-2.3,3.6,-4.1,4194,4520.0,-2.5,0.2,600,RS加速+9.8
6961,エンプラス,電気機器,4.0,4.0,1,1436,★☆☆☆☆,0.0,4.0,-1,11.8,0.0,0.0,0.0,0.0,0.0,0.0,0.0,,,0.0,-13.6,6.8,-7.8,8696,10060.0,0.6,0.1,2048,RS加速+11.8
6101,ツガミ,機械,4.0,4.0,1,1437,★☆☆☆☆,0.0,4.0,-1,6.7,0.0,0.0,0.0,0.0,0.0,0.0,0.0,,,0.0,-15.5,5.4,-10.7,4641,5200.0,-3.2,0.0,2266,RS加速+6.7
6844,新電元工業,電気機器,4.0,4.0,1,1438,★☆☆☆☆,0.0,4.0,-1,3.3,0.0,0.0,0.0,0.0,0.0,0.0,0.0,,,0.0,-10.2,2.9,-4.7,2951,3135.0,2.5,0.1,379,RS加速+3.3
8585,オリエントコーポレーション,その他金融業,3.7,3.7,1,1439,★☆☆☆☆,0.0,0.0,-1,-1.8,0.0,1.0,0.0,2.7,0.0,0.0,0.0,,,0.0,-5.8,1.5,-1.0,843,869.0,-1.2,0.1,362,-
7990,グローブライド,その他製品,3.5,3.5,1,1440,★☆☆☆☆,0.0,0.0,-1,-6.5,0.0,1.0,0.0,2.5,0.0,0.0,0.0,,,0.0,-4.2,2.3,-1.3,2381,2494.0,-2.0,0.0,297,-
8830,住友不動産,不動産業,3.5,3.5,1,1441,★☆☆☆☆,0.0,2.0,-1,0.7,0.0,0.0,0.0,1.5,0.0,0.0,0.0,,,0.0,-8.7,2.0,-3.1,3229,3361.0,-0.8,0.1,9112,-
6264,マルマエ,機械,3.5,3.5,1,1442,★☆☆☆☆,0.0,0.0,-1,-8.5,0.0,2.0,0.0,1.5,0.0,0.0,0.0,,,0.0,-3.8,5.6,-3.3,1739,1959.0,-5.1,0.1,1116,-
2371,カカクコム,サービス業,3.5,3.5,1,1443,★☆☆☆☆,0.0,0.0,-1,-0.4,0.0,0.0,0.0,3.5,0.0,0.0,0.0,,,0.0,-2.3,0.7,-0.4,3624,3678.0,0.6,0.0,1002,52週高値目前
8151,東陽テクニカ,卸売業,3.5,3.5,1,1444,★☆☆☆☆,0.0,0.0,-1,-4.3,0.0,1.0,0.0,1.0,0.0,1.5,0.0,,,0.0,-3.6,3.0,-3.8,1813,1927.0,-4.4,0.1,494,開示[自己株式の取得](7日前)
9551,メタウォーター,電気・ガス業,3.5,3.5,1,1445,★☆☆☆☆,0.0,2.0,-1,2.9,0.0,0.0,0.0,1.5,0.0,0.0,0.0,,,0.0,-0.4,2.1,-0.7,3001,3135.0,0.5,0.1,341,-
4078,堺化学工業,化学,3.5,3.5,1,1446,★☆☆☆☆,0.0,2.0,-1,2.3,0.0,0.0,0.0,1.5,0.0,0.0,0.0,,,0.0,-4.2,3.1,-1.1,3686,3930.0,1.2,0.0,1014,-
7649,スギホールディングス,小売業,3.5,3.5,1,1447,★☆☆☆☆,0.0,2.0,-1,0.6,0.0,0.0,0.0,1.5,0.0,0.0,0.0,,,0.0,-6.4,2.4,-3.1,1270,1333.5,-1.6,0.1,2686,-
6480,日本トムソン,機械,3.5,3.5,1,1448,★☆☆☆☆,0.0,2.0,-1,1.6,0.0,0.0,0.0,1.5,0.0,0.0,0.0,,,0.0,-2.7,5.1,-1.4,1589,1770.0,3.4,0.1,2233,-
3837,アドソル日進,情報・通信業,3.5,3.5,1,1449,★☆☆☆☆,0.0,0.0,-1,-9.0,0.0,1.0,0.0,2.5,0.0,0.0,0.0,,,0.0,-6.9,2.8,-2.8,1359,1439.0,-4.6,0.1,148,-
6367,ダイキン工業,機械,3.5,3.5,1,1450,★☆☆☆☆,0.0,2.0,-1,1.5,0.0,0.0,0.0,1.5,0.0,0.0,0.0,,,0.0,-12.6,1.8,-5.1,20067,20825.0,-0.1,0.1,31192,-
4369,トリケミカル研究所,化学,3.3,3.3,1,1451,★☆☆☆☆,0.0,0.0,-1,-4.9,0.0,1.0,0.0,0.0,0.0,2.3,0.0,,,0.0,-8.0,4.5,-6.4,2778,3050.0,-5.0,1.4,1501,開示[業績予想の修正](1日前)
9041,近鉄グループホールディングス,陸運業,3.3,3.3,1,1452,★☆☆☆☆,0.0,0.0,-1,-1.2,0.0,3.3,0.0,0.0,0.0,0.0,0.0,,,0.0,-0.2,1.7,-0.1,3407,3526.0,-1.0,0.1,1943,買い出来高優勢
3093,トレジャー・ファクトリー,小売業,3.2,3.2,1,1453,★☆☆☆☆,0.0,0.0,-1,-5.0,0.0,1.0,0.0,2.2,0.0,0.0,0.0,,,0.0,-3.0,2.7,-1.8,1940,2050.0,-3.8,0.1,281,-
3774,インターネットイニシアティブ,情報・通信業,3.2,3.2,1,1454,★☆☆☆☆,0.0,0.0,-1,-2.2,0.0,0.0,0.0,3.2,0.0,0.0,0.0,,,0.0,-4.9,2.4,-1.8,3239,3401.0,0.9,0.1,1975,-
3382,セブン＆アイ・ホールディングス,小売業,3.2,3.2,1,1455,★☆☆☆☆,0.0,2.0,-1,2.4,0.0,0.0,0.0,1.2,0.0,0.0,0.0,,,0.0,-3.7,1.7,-0.0,1971,2042.0,1.4,0.1,17499,-
5101,横浜ゴム,ゴム製品,3.2,3.2,1,1456,★☆☆☆☆,0.0,0.0,-1,-9.5,0.0,1.0,0.0,2.2,0.0,0.0,0.0,,,0.0,-5.8,4.0,-2.3,6787,7380.0,-4.5,0.1,9005,-
2871,ニチレイ,食料品,3.2,3.2,1,1457,★☆☆☆☆,0.0,0.0,-1,-3.6,0.0,0.0,0.0,3.2,0.0,0.0,0.0,,,0.0,-4.1,2.2,-1.4,2064,2157.5,-0.6,0.0,2849,-
2264,森永乳業,食料品,3.0,3.0,1,1458,★☆☆☆☆,0.0,2.0,-1,2.9,0.0,0.0,0.0,1.0,0.0,0.0,0.0,,,0.0,-5.0,2.2,-3.7,1105,1155.0,-1.9,0.1,1967,-
6965,浜松ホトニクス,電気機器,3.0,3.0,1,1459,★☆☆☆☆,0.0,2.0,-1,0.4,0.0,1.0,0.0,0.0,0.0,0.0,0.0,,,0.0,-2.0,3.7,-2.5,2150,2322.5,-0.6,0.1,6611,-
6370,栗田工業,機械,3.0,3.0,1,1460,★☆☆☆☆,0.0,2.0,-1,1.0,0.0,0.0,0.0,1.0,0.0,0.0,0.0,,,0.0,-10.1,3.1,-4.6,7527,8033.0,-0.5,0.1,4997,-
3465,ケイアイスター不動産,不動産業,3.0,3.0,1,1461,★☆☆☆☆,0.0,0.0,-1,-9.4,0.0,2.0,0.0,1.0,0.0,0.0,0.0,,,0.0,-1.3,4.0,-3.7,3283,3565.0,-8.9,0.1,655,-
6841,横河電機,電気機器,3.0,3.0,1,1462,★☆☆☆☆,0.0,0.0,-1,-0.9,0.0,2.0,0.0,1.0,0.0,0.0,0.0,,,0.0,-14.3,3.1,-6.3,4763,5073.0,-0.5,0.1,6592,-
5344,ＭＡＲＵＷＡ,ガラス・土石製品,3.0,3.0,1,1463,★☆☆☆☆,0.0,2.0,-1,0.8,0.0,1.0,0.0,0.0,0.0,0.0,0.0,,,0.0,-7.3,5.1,-6.3,47230,52600.0,-2.1,0.0,6178,-
7936,アシックス,その他製品,3.0,3.0,1,1464,★☆☆☆☆,0.0,0.0,-1,-6.1,0.0,2.0,0.0,1.0,0.0,0.0,0.0,,,0.0,-8.1,5.7,-7.3,3955,4464.0,-6.3,0.1,27492,-
4743,アイティフォー,情報・通信業,3.0,3.0,1,1465,★☆☆☆☆,0.0,0.0,-1,-3.3,0.0,1.0,0.0,2.0,0.0,0.0,0.0,,,0.0,-4.0,2.1,-0.5,1617,1688.0,-0.5,0.0,148,-
6823,リオン,電気機器,3.0,3.0,1,1466,★☆☆☆☆,0.0,2.0,-1,0.0,0.0,1.0,0.0,0.0,0.0,0.0,0.0,,,0.0,-2.3,2.0,-2.3,3186,3320.0,-0.9,0.0,164,-
3186,ネクステージ,小売業,3.0,3.0,1,1467,★☆☆☆☆,0.0,2.0,-1,0.8,0.0,1.0,0.0,0.0,0.0,0.0,0.0,,,0.0,-1.2,2.9,-2.3,3179,3375.0,0.6,0.1,1151,-
6745,ホーチキ,電気機器,3.0,3.0,1,1468,★☆☆☆☆,0.0,0.0,-1,-2.4,0.0,2.0,0.0,1.0,0.0,0.0,0.0,,,0.0,-0.3,3.5,-1.7,1826,1962.0,-3.1,0.0,337,-
4091,日本酸素ホールディングス,化学,3.0,3.0,1,1469,★☆☆☆☆,0.0,2.0,-1,1.6,0.0,0.0,0.0,1.0,0.0,0.0,0.0,,,0.0,-2.9,2.5,-2.2,5444,5726.0,0.3,0.1,2339,-
2587,サントリービバレッジ＆フード,食料品,3.0,3.0,1,1470,★☆☆☆☆,0.0,2.0,-1,0.0,0.0,0.0,0.0,1.0,0.0,0.0,0.0,,,0.0,-2.8,1.8,-1.1,4400,4561.0,-0.1,0.1,4433,-
1434,ＪＥＳＣＯホールディングス,建設業,2.7,2.7,1,1471,★☆☆☆☆,0.0,0.0,-1,-1.9,0.0,0.0,0.0,2.7,0.0,0.0,0.0,,,0.0,-3.2,2.4,-0.7,1557,1636.0,-0.1,0.9,101,-
4889,レナサイエンス,医薬品,2.7,2.7,1,1472,★☆☆☆☆,0.0,0.0,-1,-2.7,0.0,0.0,0.0,2.7,0.0,0.0,0.0,,,0.0,-15.4,7.3,-6.2,1099,1286.0,-3.3,0.1,669,-
5016,ＪＸ金属,非鉄金属,2.7,2.7,1,1473,★☆☆☆☆,0.0,0.0,-1,-1.9,0.0,0.0,0.0,2.7,0.0,0.0,0.0,,,0.0,-2.9,4.6,-0.6,3421,3764.0,-0.6,0.1,71241,-
2337,いちご,不動産業,2.7,2.7,1,1474,★☆☆☆☆,0.0,0.0,-1,-1.4,0.0,0.0,0.0,2.7,0.0,0.0,0.0,,,0.0,-5.4,1.5,-2.2,388,400.0,-3.1,0.1,261,-
8267,イオン,小売業,2.7,2.7,1,1475,★☆☆☆☆,0.0,0.0,-1,-1.8,0.0,0.0,0.0,2.7,0.0,0.0,0.0,,,0.0,-1.1,2.0,-0.1,1312,1368.5,0.6,0.1,13035,-
7734,理研計器,精密機器,2.7,2.7,1,1476,★☆☆☆☆,0.0,0.0,-1,-4.0,0.0,0.0,0.0,2.7,0.0,0.0,0.0,,,0.0,-4.9,3.2,-0.6,3177,3395.0,1.5,0.0,365,-
9064,ヤマトホールディングス,陸運業,2.5,2.5,1,1477,★☆☆☆☆,0.0,0.0,-1,-0.8,0.0,0.0,0.0,2.5,0.0,0.0,0.0,,,0.0,-7.5,1.9,-1.0,1881,1955.0,1.0,0.1,2654,-
8914,エリアリンク,不動産業,2.5,2.5,1,1478,★☆☆☆☆,0.0,0.0,-1,-11.2,0.0,0.0,0.0,2.5,0.0,0.0,0.0,,,0.0,-7.7,2.9,-0.3,885,940.0,-3.6,0.7,107,-
3591,ワコールホールディングス,繊維製品,2.5,2.5,1,1479,★☆☆☆☆,0.0,0.0,-1,-1.5,0.0,1.0,0.0,1.5,0.0,0.0,0.0,,,0.0,-5.2,2.1,-1.9,4079,4261.0,-0.8,0.1,442,-
6845,アズビル,電気機器,2.5,2.5,1,1480,★☆☆☆☆,0.0,0.0,-1,-1.0,0.0,0.0,0.0,2.5,0.0,0.0,0.0,,,0.0,-10.2,2.0,-3.3,1469,1529.0,1.4,0.1,2290,-
9065,山九,陸運業,2.2,2.2,1,1481,★☆☆☆☆,0.0,0.0,-1,-3.0,0.0,0.0,0.0,2.2,0.0,0.0,0.0,,,0.0,-13.8,1.8,-3.9,8063,8356.0,-0.1,0.1,1958,-
5105,ＴＯＹＯ　ＴＩＲＥ,ゴム製品,2.2,2.2,1,1482,★☆☆☆☆,0.0,0.0,-1,-7.7,0.0,1.0,0.0,1.2,0.0,0.0,0.0,,,0.0,-13.3,2.3,-3.3,3619,3796.0,-0.7,0.2,6252,-
3179,シュッピン,小売業,2.2,2.2,1,1483,★☆☆☆☆,0.0,0.0,-1,-12.0,0.0,0.0,0.0,2.2,0.0,0.0,0.0,,,0.0,-13.1,2.9,-5.6,1134,1205.0,-3.1,0.1,149,-
2201,森永製菓,食料品,2.2,2.2,1,1484,★☆☆☆☆,0.0,0.0,-1,-1.7,0.0,0.0,0.0,2.2,0.0,0.0,0.0,,,0.0,-5.8,1.3,-2.0,2476,2541.0,-1.5,0.1,782,-
9010,富士急行,陸運業,2.2,2.2,1,1485,★☆☆☆☆,0.0,0.0,-1,-6.1,0.0,1.0,0.0,1.2,0.0,0.0,0.0,,,0.0,-2.5,2.1,-0.7,2613,2730.0,-1.4,0.2,435,-
4784,ＧＭＯインターネット,サービス業,2.2,2.2,1,1486,★☆☆☆☆,0.0,0.0,-1,-16.4,0.0,1.0,0.0,1.2,0.0,0.0,0.0,,,0.0,-2.5,5.9,-0.1,491,557.0,-2.8,0.2,1145,-
9601,松竹,情報・通信業,2.2,2.2,1,1487,★☆☆☆☆,0.0,0.0,-1,-6.6,0.0,1.0,0.0,1.2,0.0,0.0,0.0,,,0.0,-8.8,2.1,-2.9,10281,10740.0,-2.5,0.2,745,-
4559,ゼリア新薬工業,医薬品,2.2,2.2,1,1488,★☆☆☆☆,0.0,0.0,-1,-5.2,0.0,0.0,0.0,2.2,0.0,0.0,0.0,,,0.0,-4.7,1.8,-2.8,1961,2033.0,-4.1,0.1,247,-
7238,曙ブレーキ工業,輸送用機器,2.2,2.2,1,1489,★☆☆☆☆,0.0,0.0,-1,-2.4,0.0,0.0,0.0,2.2,0.0,0.0,0.0,,,0.0,-2.9,2.3,0.1,104,109.0,0.0,0.4,245,-
3475,グッドコムアセット,不動産業,2.2,2.2,1,1490,★☆☆☆☆,0.0,0.0,-1,-7.0,0.0,0.0,0.0,2.2,0.0,0.0,0.0,,,0.0,-1.7,1.7,-0.1,1499,1550.0,-2.5,0.2,107,-
4092,日本化学工業,化学,2.2,2.2,1,1491,★☆☆☆☆,0.0,0.0,-1,-13.3,0.0,0.0,0.0,2.2,0.0,0.0,0.0,,,0.0,-10.3,5.9,-1.4,4797,5440.0,0.6,0.0,1281,-
3150,グリムス,電気・ガス業,2.2,2.2,1,1492,★☆☆☆☆,0.0,0.0,-1,-2.4,0.0,0.0,0.0,2.2,0.0,0.0,0.0,,,0.0,-6.1,1.6,-2.3,2388,2469.0,-2.0,0.0,125,-
9279,ギフトホールディングス,小売業,2.1,2.1,1,1493,★☆☆☆☆,0.0,0.0,-1,-13.3,0.0,0.0,0.0,1.0,0.0,1.1,0.0,,,0.0,-6.6,4.0,-5.1,2253,2447.0,-5.5,0.2,470,開示[業績予想の修正](8日前)
6191,エアトリ,サービス業,2.1,2.1,1,1494,★☆☆☆☆,0.0,0.0,-1,-7.8,0.0,0.0,0.0,0.0,0.0,2.1,0.0,,,0.0,-10.2,3.7,-6.2,757,818.0,-2.3,0.1,104,開示[自己株式の取得](4日前) / 開示[自己株式の取得](14日前)
4047,関東電化工業,化学,2.0,2.0,1,1495,★☆☆☆☆,0.0,2.0,-1,2.6,0.0,0.0,0.0,0.0,0.0,0.0,0.0,,,0.0,-15.6,5.3,-10.4,2063,2307.0,-0.7,0.1,2060,-
5981,東京製綱,金属製品,2.0,2.0,1,1496,★☆☆☆☆,0.0,0.0,-1,-0.2,0.0,0.0,0.0,2.0,0.0,0.0,0.0,,,0.0,-2.4,3.1,-1.2,1826,1949.0,0.4,0.1,224,-
6707,サンケン電気,電気機器,2.0,2.0,1,1497,★☆☆☆☆,0.0,2.0,-1,2.9,0.0,0.0,0.0,0.0,0.0,0.0,0.0,,,0.0,-17.4,5.3,-12.8,6311,7057.0,-6.1,0.1,1403,-
5384,フジミインコーポレーテッド,ガラス・土石製品,2.0,2.0,1,1498,★☆☆☆☆,0.0,2.0,-1,2.0,0.0,0.0,0.0,0.0,0.0,0.0,0.0,,,0.0,-9.8,4.0,-8.0,3239,3520.0,-2.5,0.1,1445,-
547A,ムニノバホールディングス,その他金融業,2.0,2.0,1,1499,★☆☆☆☆,0.0,0.0,-1,-0.8,0.0,2.0,0.0,0.0,0.0,0.0,0.0,,,0.0,-1.3,2.2,-0.2,432,451.0,-0.7,0.1,822,-
255A,ジーエルテクノホールディングス,精密機器,2.0,2.0,1,1500,★☆☆☆☆,0.0,2.0,-1,1.1,0.0,0.0,0.0,0.0,0.0,0.0,0.0,,,0.0,-12.4,4.2,-5.7,4723,5160.0,1.4,0.0,437,-
4755,楽天グループ,サービス業,2.0,2.0,1,1501,★☆☆☆☆,0.0,0.0,-1,-7.4,0.0,2.0,0.0,0.0,0.0,0.0,0.0,,,0.0,-10.7,3.9,-5.2,702,761.0999755859375,-1.3,0.2,14902,-
3856,Ａｂａｌａｎｃｅ,電気機器,2.0,2.0,1,1502,★☆☆☆☆,0.0,0.0,-1,-32.6,0.0,2.0,0.0,0.0,0.0,0.0,0.0,,,0.0,-55.1,20.4,-37.5,141,239.0,-41.4,0.7,230,資金流入増
6113,アマダ,機械,2.0,2.0,1,1503,★☆☆☆☆,0.0,2.0,-1,1.4,0.0,0.0,0.0,0.0,0.0,0.0,0.0,,,0.0,-10.2,3.4,-5.5,2387,2559.0,-0.7,0.0,5846,-
6866,日置電機,電気機器,2.0,2.0,1,1504,★☆☆☆☆,0.0,2.0,-1,1.5,0.0,0.0,0.0,0.0,0.0,0.0,0.0,,,0.0,-6.4,3.7,-6.0,9916,10710.0,-1.0,0.0,553,-
6368,オルガノ,機械,2.0,2.0,1,1505,★☆☆☆☆,0.0,2.0,-1,0.9,0.0,0.0,0.0,0.0,0.0,0.0,0.0,,,0.0,-13.3,4.1,-6.8,11969,13025.0,-1.4,0.1,3803,-
9202,ＡＮＡホールディングス,空運業,2.0,2.0,1,1506,★☆☆☆☆,0.0,0.0,-1,-5.8,0.0,0.0,0.0,2.0,0.0,0.0,0.0,,,0.0,-4.2,1.5,-1.6,2955,3046.0,0.2,0.1,5781,-
6103,オークマ,機械,2.0,2.0,1,1507,★☆☆☆☆,0.0,0.0,-1,-4.2,0.0,1.0,0.0,1.0,0.0,0.0,0.0,,,0.0,-5.0,3.3,-6.0,4480,4795.0,-2.1,0.1,2427,-
9605,東映,情報・通信業,2.0,2.0,1,1508,★☆☆☆☆,0.0,0.0,-1,-5.1,0.0,0.0,0.0,2.0,0.0,0.0,0.0,,,0.0,-2.5,2.5,-0.2,5709,6010.0,-2.0,0.1,391,-
5110,住友ゴム工業,ゴム製品,2.0,2.0,1,1509,★☆☆☆☆,0.0,0.0,-1,-10.2,0.0,1.0,0.0,1.0,0.0,0.0,0.0,,,0.0,-2.9,2.4,-2.0,2149,2259.0,-2.8,0.0,4601,-
6856,堀場製作所,電気機器,2.0,2.0,1,1510,★☆☆☆☆,0.0,2.0,-1,2.0,0.0,0.0,0.0,0.0,0.0,0.0,0.0,,,0.0,-12.1,3.4,-6.7,21495,23080.0,-0.4,0.0,5394,-
8508,Ｊトラスト,その他金融業,2.0,2.0,1,1511,★☆☆☆☆,0.0,0.0,-1,-9.4,0.0,2.0,0.0,0.0,0.0,0.0,0.0,,,0.0,-9.7,6.3,-9.4,659,754.0,-10.5,0.7,1777,資金流入増
6237,イワキポンプ,機械,2.0,2.0,1,1512,★☆☆☆☆,0.0,0.0,-1,-5.6,0.0,2.0,0.0,0.0,0.0,0.0,0.0,,,0.0,-23.2,5.6,-14.5,3602,4060.0,-3.0,0.0,978,資金流入増
3300,アンビション　ＤＸ　ホールディングス,不動産業,2.0,2.0,1,1513,★☆☆☆☆,0.0,0.0,-1,-3.1,0.0,2.0,0.0,0.0,0.0,0.0,0.0,,,0.0,-11.2,2.8,-7.2,1803,1908.0,-2.8,0.1,168,資金流入増
6498,キッツ,機械,2.0,2.0,1,1514,★☆☆☆☆,0.0,2.0,-1,0.2,0.0,0.0,0.0,0.0,0.0,0.0,0.0,,,0.0,-16.0,3.2,-8.9,1771,1891.0,-2.4,0.1,861,-
6516,山洋電気,電気機器,2.0,2.0,1,1515,★☆☆☆☆,0.0,2.0,-1,1.6,0.0,0.0,0.0,0.0,0.0,0.0,0.0,,,0.0,-3.8,3.2,-4.0,5054,5400.0,-1.6,0.1,630,-
6877,ＯＢＡＲＡ　ＧＲＯＵＰ,電気機器,2.0,2.0,1,1516,★☆☆☆☆,0.0,0.0,-1,-4.2,0.0,1.0,0.0,1.0,0.0,0.0,0.0,,,0.0,-3.7,2.5,-2.7,5370,5650.0,-2.4,0.1,232,-
6383,ダイフク,機械,2.0,2.0,1,1517,★☆☆☆☆,0.0,2.0,-1,2.2,0.0,0.0,0.0,0.0,0.0,0.0,0.0,,,0.0,-4.6,2.8,-3.0,5505,5829.0,-0.7,0.1,12039,-
4368,扶桑化学工業,化学,2.0,2.0,1,1518,★☆☆☆☆,0.0,2.0,-1,1.1,0.0,0.0,0.0,0.0,0.0,0.0,0.0,,,0.0,-23.1,4.7,-13.7,2680,2956.0,-2.8,0.0,3307,-
9068,丸全昭和運輸,陸運業,1.5,1.5,1,1519,★☆☆☆☆,0.0,0.0,-1,-0.1,0.0,0.0,0.0,1.5,0.0,0.0,0.0,,,0.0,-5.4,1.9,-0.6,7180,7460.0,1.6,0.1,197,-
9412,スカパーＪＳＡＴ,情報・通信業,1.5,1.5,1,1520,★☆☆☆☆,0.0,0.0,-1,-0.1,0.0,0.0,0.0,1.5,0.0,0.0,0.0,,,0.0,-2.5,3.8,-6.3,1933,2091.0,-4.6,0.1,5829,-
4554,富士製薬工業,医薬品,1.5,1.5,1,1521,★☆☆☆☆,0.0,0.0,-1,-1.6,0.0,0.0,0.0,1.5,0.0,0.0,0.0,,,0.0,-5.2,2.1,-2.3,1725,1802.0,-2.0,0.1,216,-
6055,ジャパンマテリアル,サービス業,1.5,1.5,1,1522,★☆☆☆☆,0.0,0.0,-1,-0.6,0.0,0.0,0.0,1.5,0.0,0.0,0.0,,,0.0,-10.0,4.4,-4.3,1903,2085.0,1.3,0.1,1342,-
9962,ミスミグループ本社,卸売業,1.2,1.2,1,1523,★☆☆☆☆,0.0,0.0,-1,-6.1,0.0,0.0,0.0,1.2,0.0,0.0,0.0,,,0.0,-6.3,3.2,-1.0,3459,3693.0,1.8,0.1,6054,-
5834,ＳＢＩリーシングサービス,証券、商品先物取引業,1.2,1.2,1,1524,★☆☆☆☆,0.0,0.0,-1,-3.5,0.0,0.0,0.0,1.2,0.0,0.0,0.0,,,0.0,-5.8,2.1,-1.5,2610,2723.0,-0.7,0.1,151,-
7226,極東開発工業,輸送用機器,1.2,1.2,1,1525,★☆☆☆☆,0.0,0.0,-1,-2.1,0.0,0.0,0.0,1.2,0.0,0.0,0.0,,,0.0,-3.3,1.2,-0.6,2269,2323.0,-1.7,0.1,435,-
1871,ピーエス・コンストラクション,建設業,1.2,1.2,1,1526,★☆☆☆☆,0.0,0.0,-1,-2.9,0.0,0.0,0.0,1.2,0.0,0.0,0.0,,,0.0,-1.3,2.2,-0.3,2196,2296.0,-1.1,1.0,200,-
2980,ＳＲＥホールディングス,不動産業,1.2,1.2,1,1527,★☆☆☆☆,0.0,0.0,-1,-6.1,0.0,0.0,0.0,1.2,0.0,0.0,0.0,,,0.0,-10.1,3.3,-1.5,2343,2507.0,2.2,0.1,847,-
3288,オープンハウスグループ,不動産業,1.2,1.2,1,1528,★☆☆☆☆,0.0,0.0,-1,-3.2,0.0,0.0,0.0,1.2,0.0,0.0,0.0,,,0.0,-8.3,1.9,-3.5,7663,7969.0,-1.3,0.0,2802,-
1419,タマホーム,建設業,1.2,1.2,1,1529,★☆☆☆☆,0.0,0.0,-1,-7.0,0.0,0.0,0.0,1.2,0.0,0.0,0.0,,,0.0,-5.6,1.9,-2.1,2818,2931.0,-5.0,0.3,274,-
6584,三櫻工業,輸送用機器,1.2,1.2,1,1530,★☆☆☆☆,0.0,0.0,-1,-4.6,0.0,0.0,0.0,1.2,0.0,0.0,0.0,,,0.0,-5.8,3.1,-3.1,734,782.0,-2.7,0.1,434,-
6289,技研製作所,機械,1.2,1.2,1,1531,★☆☆☆☆,0.0,0.0,-1,-6.2,0.0,0.0,0.0,1.2,0.0,0.0,0.0,,,0.0,-0.3,1.7,-0.0,1841,1906.0,-2.7,0.2,136,-
2267,ヤクルト本社,食料品,1.2,1.2,1,1532,★☆☆☆☆,0.0,0.0,-1,-6.9,0.0,0.0,0.0,1.2,0.0,0.0,0.0,,,0.0,-0.9,2.0,-0.3,2738,2850.0,-3.4,0.1,3457,-
4819,デジタルガレージ,情報・通信業,1.2,1.2,1,1533,★☆☆☆☆,0.0,0.0,-1,-9.8,0.0,0.0,0.0,1.2,0.0,0.0,0.0,,,0.0,-7.2,3.9,-1.0,2107,2284.0,-1.8,0.0,558,-
7130,ヤマエグループホールディングス,卸売業,1.2,1.2,1,1534,★☆☆☆☆,0.0,0.0,-1,-2.7,0.0,0.0,0.0,1.2,0.0,0.0,0.0,,,0.0,-0.0,1.7,-0.7,2772,2869.0,-3.8,0.1,237,-
7447,ナガイレーベン,卸売業,1.0,1.0,1,1535,★☆☆☆☆,0.0,0.0,-1,-3.0,0.0,1.0,0.0,0.0,0.0,0.0,0.0,,,0.0,-2.2,1.5,-0.2,1659,1711.0,-0.3,0.1,195,-
3788,ＧＭＯグローバルサイン・ホールディングス,情報・通信業,1.0,1.0,1,1536,★☆☆☆☆,0.0,0.0,-1,-3.1,0.0,1.0,0.0,0.0,0.0,0.0,0.0,,,0.0,-8.7,4.8,-2.8,1934,2139.0,2.6,0.4,107,-
9364,上組,倉庫・運輸関連業,1.0,1.0,1,1537,★☆☆☆☆,0.0,0.0,-1,-0.8,0.0,0.0,0.0,1.0,0.0,0.0,0.0,,,0.0,-7.5,1.4,-2.2,4759,4893.0,0.2,0.0,1363,-
1414,ショーボンドホールディングス,建設業,1.0,1.0,1,1538,★☆☆☆☆,0.0,0.0,-1,-2.7,0.0,0.0,0.0,1.0,0.0,0.0,0.0,,,0.0,-4.8,1.3,-0.3,1252,1285.0,1.0,0.1,1128,-
9983,ファーストリテイリング,小売業,1.0,1.0,1,1539,★☆☆☆☆,0.0,0.0,-1,-3.7,0.0,0.0,0.0,1.0,0.0,0.0,0.0,,,0.0,-9.6,2.2,-5.4,68717,71920.0,-0.8,0.1,67531,-
7201,日産自動車,輸送用機器,1.0,1.0,1,1540,★☆☆☆☆,0.0,0.0,-1,-4.1,0.0,0.0,0.0,1.0,0.0,0.0,0.0,,,0.0,-1.9,3.2,1.1,315,336.5,0.7,0.2,10977,-
6378,木村化工機,機械,1.0,1.0,1,1541,★☆☆☆☆,0.0,0.0,-1,-0.1,0.0,1.0,0.0,0.0,0.0,0.0,0.0,,,0.0,-1.2,2.7,-1.4,1155,1221.0,1.4,0.0,143,-
7944,ローランド,その他製品,1.0,1.0,1,1542,★☆☆☆☆,0.0,0.0,-1,-5.3,0.0,0.0,0.0,1.0,0.0,0.0,0.0,,,0.0,-10.0,2.8,-5.6,3654,3870.0,0.5,0.0,558,-
6804,ホシデン,電気機器,1.0,1.0,1,1543,★☆☆☆☆,0.0,0.0,-1,-5.5,0.0,0.0,0.0,1.0,0.0,0.0,0.0,,,0.0,-8.6,2.3,-5.4,2555,2679.0,-1.5,0.1,664,-
7943,ニチハ,ガラス・土石製品,1.0,1.0,1,1544,★☆☆☆☆,0.0,0.0,-1,-3.2,0.0,0.0,0.0,1.0,0.0,0.0,0.0,,,0.0,-1.7,1.9,-0.9,2984,3100.0,-0.6,0.1,194,-
6481,ＴＨＫ,機械,1.0,1.0,1,1545,★☆☆☆☆,0.0,0.0,-1,-3.0,0.0,0.0,0.0,1.0,0.0,0.0,0.0,,,0.0,-4.6,3.9,-5.9,6013,6526.0,-4.6,0.1,8487,-
6744,能美防災,電気機器,1.0,1.0,1,1546,★☆☆☆☆,0.0,0.0,-1,-4.0,0.0,0.0,0.0,1.0,0.0,0.0,0.0,,,0.0,-4.9,2.2,-2.2,4133,4320.0,-1.3,0.1,410,-
4612,日本ペイントホールディングス,化学,1.0,1.0,1,1547,★☆☆☆☆,0.0,0.0,-1,-8.5,0.0,0.0,0.0,1.0,0.0,0.0,0.0,,,0.0,-2.0,2.6,-0.6,1148,1209.5,0.0,0.0,4085,-
3844,コムチュア,情報・通信業,1.0,1.0,1,1548,★☆☆☆☆,0.0,0.0,-1,-10.4,0.0,1.0,0.0,0.0,0.0,0.0,0.0,,,0.0,-6.4,3.0,-2.5,1285,1367.0,-3.2,0.0,351,-
4099,四国化成ホールディングス,化学,1.0,1.0,1,1549,★☆☆☆☆,0.0,0.0,-1,-3.7,0.0,1.0,0.0,0.0,0.0,0.0,0.0,,,0.0,-15.9,5.9,-9.9,2120,2403.0,-2.4,0.0,2138,-
6134,ＦＵＪＩ,機械,1.0,1.0,1,1550,★☆☆☆☆,0.0,0.0,-1,-2.9,0.0,1.0,0.0,0.0,0.0,0.0,0.0,,,0.0,-6.2,4.2,-7.1,6424,7021.0,-3.6,0.0,7569,-
5698,エンビプロ・ホールディングス,鉄鋼,1.0,1.0,1,1551,★☆☆☆☆,0.0,0.0,-1,-8.0,0.0,1.0,0.0,0.0,0.0,0.0,0.0,,,0.0,-4.9,4.3,-2.3,721,788.0,-3.2,0.1,227,-
6932,遠藤照明,電気機器,1.0,1.0,1,1552,★☆☆☆☆,0.0,0.0,-1,-0.9,0.0,0.0,0.0,1.0,0.0,0.0,0.0,,,0.0,-3.0,2.4,-1.2,2455,2580.0,0.8,0.0,107,-
7309,シマノ,輸送用機器,1.0,1.0,1,1553,★☆☆☆☆,0.0,0.0,-1,-11.0,0.0,1.0,0.0,0.0,0.0,0.0,0.0,,,0.0,-4.3,2.5,-1.2,18681,19665.0,-2.1,0.1,4796,-
2501,サッポロビール,食料品,1.0,1.0,1,1554,★☆☆☆☆,0.0,0.0,-1,-3.3,0.0,0.0,0.0,1.0,0.0,0.0,0.0,,,0.0,-8.7,3.1,-4.9,1759,1876.5,-2.1,0.1,2553,-
4971,メック,化学,1.0,1.0,1,1555,★☆☆☆☆,0.0,0.0,-1,-1.9,0.0,1.0,0.0,0.0,0.0,0.0,0.0,,,0.0,-24.5,6.7,-14.5,5710,6600.0,-1.0,0.1,3893,-
7047,ポート,サービス業,1.0,1.0,1,1556,★☆☆☆☆,0.0,0.0,-1,-8.7,0.0,1.0,0.0,0.0,0.0,0.0,0.0,,,0.0,-9.0,5.2,-4.9,2035,2269.0,-6.0,0.0,488,-
3191,ジョイフル本田,小売業,1.0,1.0,1,1557,★☆☆☆☆,0.0,0.0,-1,-9.7,0.0,0.0,0.0,1.0,0.0,0.0,0.0,,,0.0,-11.9,1.7,-2.9,2170,2247.0,-2.2,0.0,424,-
2674,ハードオフコーポレーション,小売業,1.0,1.0,1,1558,★☆☆☆☆,0.0,0.0,-1,-2.4,0.0,0.0,0.0,1.0,0.0,0.0,0.0,,,0.0,-8.4,2.6,-3.5,2575,2714.0,0.9,0.0,213,-
6564,ミダックホールディングス,サービス業,1.0,1.0,1,1559,★☆☆☆☆,0.0,0.0,-1,-2.0,0.0,1.0,0.0,0.0,0.0,0.0,0.0,,,0.0,-9.1,5.0,-5.5,1831,2035.0,-1.0,0.1,142,-
5726,大阪チタニウムテクノロジーズ,非鉄金属,1.0,1.0,1,1560,★☆☆☆☆,0.0,0.0,-1,-20.2,0.0,1.0,0.0,0.0,0.0,0.0,0.0,,,0.0,-7.9,6.5,-6.4,2320,2667.0,-10.8,0.1,2075,-
7581,サイゼリヤ,小売業,1.0,1.0,1,1561,★☆☆☆☆,0.0,0.0,-1,-7.7,0.0,0.0,0.0,1.0,0.0,0.0,0.0,,,0.0,-11.6,2.5,-5.9,6741,7090.0,-1.7,0.1,3411,-
7128,ユニソルホールディングス,卸売業,1.0,1.0,1,1562,★☆☆☆☆,0.0,0.0,-1,-12.5,0.0,1.0,0.0,0.0,0.0,0.0,0.0,,,0.0,-7.1,2.8,-5.3,2567,2719.0,-5.5,0.1,403,-
3302,帝国繊維,繊維製品,1.0,1.0,1,1563,★☆☆☆☆,0.0,0.0,-1,-7.9,0.0,0.0,0.0,1.0,0.0,0.0,0.0,,,0.0,-7.5,3.1,-3.5,3031,3230.0,-3.9,0.3,210,-
7157,ライフネット生命保険,保険業,1.0,1.0,1,1564,★☆☆☆☆,0.0,0.0,-1,-5.7,0.0,1.0,0.0,0.0,0.0,0.0,0.0,,,0.0,-15.0,3.8,-7.8,1347,1457.0,-1.6,0.1,488,-
3936,グローバルウェイ,情報・通信業,1.0,1.0,1,1565,★☆☆☆☆,0.0,0.0,-1,-5.1,0.0,1.0,0.0,0.0,0.0,0.0,0.0,,,0.0,-4.0,7.0,-5.1,129,150.0,-4.5,0.0,130,-
4251,恵和,化学,1.0,1.0,1,1566,★☆☆☆☆,0.0,0.0,-1,-2.3,0.0,1.0,0.0,0.0,0.0,0.0,0.0,,,0.0,-6.0,2.1,-2.9,1136,1187.0,0.5,0.0,134,-
8113,ユニ・チャーム,化学,1.0,1.0,1,1567,★☆☆☆☆,0.0,0.0,-1,-5.6,0.0,1.0,0.0,0.0,0.0,0.0,0.0,,,0.0,-3.0,2.0,-0.2,957,996.5,0.1,0.1,4852,-
6472,ＮＴＮ,機械,1.0,1.0,1,1568,★☆☆☆☆,0.0,0.0,-1,-4.9,0.0,1.0,0.0,0.0,0.0,0.0,0.0,,,0.0,-5.9,2.3,-1.3,359,375.8999938964844,0.3,0.1,1243,-
7741,ＨＯＹＡ,精密機器,1.0,1.0,1,1569,★☆☆☆☆,0.0,0.0,-1,-2.1,0.0,0.0,0.0,1.0,0.0,0.0,0.0,,,0.0,-2.1,2.3,-2.4,23485,24640.0,-1.0,0.1,22579,-
6141,ＤＭＧ森精機,機械,1.0,1.0,1,1570,★☆☆☆☆,0.0,0.0,-1,-4.7,0.0,1.0,0.0,0.0,0.0,0.0,0.0,,,0.0,-21.6,3.8,-11.5,2763,2990.5,-2.1,0.1,7157,-
3769,ＧＭＯペイメントゲートウェイ,情報・通信業,1.0,1.0,1,1571,★☆☆☆☆,0.0,0.0,-1,-4.5,0.0,1.0,0.0,0.0,0.0,0.0,0.0,,,0.0,-6.4,4.3,-2.7,8630,9445.0,1.2,0.1,2902,-
3436,ＳＵＭＣＯ,金属製品,1.0,1.0,1,1572,★☆☆☆☆,0.0,0.0,-1,-0.9,0.0,1.0,0.0,0.0,0.0,0.0,0.0,,,0.0,-7.1,8.8,-8.9,2625,3184.0,-7.7,0.1,48223,-
9946,ミニストップ,小売業,1.0,1.0,1,1573,★☆☆☆☆,0.0,0.0,-1,-8.2,0.0,0.0,0.0,1.0,0.0,0.0,0.0,,,0.0,-5.5,0.9,-2.0,1767,1799.0,-3.7,0.3,132,-
8086,ニプロ,精密機器,1.0,1.0,1,1574,★☆☆☆☆,0.0,0.0,-1,-6.5,0.0,0.0,0.0,1.0,0.0,0.0,0.0,,,0.0,-6.6,2.3,-3.1,1480,1549.5,-2.6,0.1,1097,-
1976,明星工業,建設業,1.0,1.0,1,1575,★☆☆☆☆,0.0,0.0,-1,-6.0,0.0,0.0,0.0,1.0,0.0,0.0,0.0,,,0.0,-16.8,2.4,-5.7,1653,1737.0,-1.9,0.2,180,-
5444,大和工業,鉄鋼,1.0,1.0,1,1576,★☆☆☆☆,0.0,0.0,-1,-1.9,0.0,0.0,0.0,1.0,0.0,0.0,0.0,,,0.0,-9.0,2.7,-3.2,11865,12555.0,1.2,0.1,2067,-
6361,荏原製作所,機械,0.0,0.0,1,1577,★☆☆☆☆,0.0,0.0,-1,-5.4,0.0,0.0,0.0,0.0,0.0,0.0,0.0,,,0.0,-19.5,5.3,-13.8,4101,4583.0,-7.6,0.1,18091,-
5821,平河ヒューテック,非鉄金属,0.0,0.0,1,1578,★☆☆☆☆,0.0,0.0,-1,-3.2,0.0,0.0,0.0,0.0,0.0,0.0,0.0,,,0.0,-2.0,3.5,-2.7,2974,3195.0,1.4,0.0,234,-
9880,イノテック,電気機器,0.0,0.0,1,1579,★☆☆☆☆,0.0,0.0,-1,-6.8,0.0,0.0,0.0,0.0,0.0,0.0,0.0,,,0.0,-0.2,4.7,-2.7,3114,3440.0,-3.9,0.0,655,-
6951,日本電子,電気機器,0.0,0.0,1,1580,★☆☆☆☆,0.0,0.0,-1,-1.3,0.0,0.0,0.0,0.0,0.0,0.0,0.0,,,0.0,-15.7,5.1,-9.3,6376,7096.0,-0.5,0.0,2635,-
5334,日本特殊陶業,ガラス・土石製品,0.0,0.0,1,1581,★☆☆☆☆,0.0,0.0,-1,-4.4,0.0,0.0,0.0,0.0,0.0,0.0,0.0,,,0.0,-13.5,2.9,-9.7,7857,8334.0,-4.4,0.1,8187,-
4523,エーザイ,医薬品,0.0,0.0,1,1582,★☆☆☆☆,0.0,0.0,-1,-5.5,0.0,0.0,0.0,0.0,0.0,0.0,0.0,,,0.0,-3.0,2.2,-0.9,4570,4780.0,-1.2,0.1,5682,-
262A,インターメスティック,小売業,0.0,0.0,1,1583,★☆☆☆☆,0.0,0.0,-1,-12.5,0.0,0.0,0.0,0.0,0.0,0.0,0.0,,,0.0,-9.6,3.5,-5.1,1675,1801.0,-3.8,0.1,455,-
7220,武蔵精密工業,輸送用機器,0.0,0.0,1,1584,★☆☆☆☆,0.0,0.0,-1,-12.9,0.0,0.0,0.0,0.0,0.0,0.0,0.0,,,0.0,-6.0,5.2,-6.7,2773,3095.0,-5.5,0.1,2788,-
4462,石原ケミカル,化学,0.0,0.0,1,1585,★☆☆☆☆,0.0,0.0,-1,-1.7,0.0,0.0,0.0,0.0,0.0,0.0,0.0,,,0.0,-0.2,3.6,-2.4,2743,2954.0,-1.5,0.1,116,-
3656,ＫＬａｂ,情報・通信業,0.0,0.0,1,1586,★☆☆☆☆,0.0,0.0,-1,-0.9,0.0,0.0,0.0,0.0,0.0,0.0,0.0,,,0.0,-16.1,2.8,-7.7,183,194.0,0.5,0.1,706,-
6471,日本精工,機械,0.0,0.0,1,1587,★☆☆☆☆,0.0,0.0,-1,-4.2,0.0,0.0,0.0,0.0,0.0,0.0,0.0,,,0.0,-4.9,2.2,-1.9,1070,1118.0,0.3,0.1,2102,-
8227,しまむら,小売業,0.0,0.0,1,1588,★☆☆☆☆,0.0,0.0,-1,-4.7,0.0,0.0,0.0,0.0,0.0,0.0,0.0,,,0.0,-2.2,2.1,-1.4,3162,3303.0,-2.6,0.1,2424,-
6125,岡本工作機械製作所,機械,0.0,0.0,1,1589,★☆☆☆☆,0.0,0.0,-1,-0.3,0.0,0.0,0.0,0.0,0.0,0.0,0.0,,,0.0,-8.4,3.7,-5.7,4346,4690.0,-0.7,0.1,324,-
268A,リガク・ホールディングス,精密機器,0.0,0.0,1,1590,★☆☆☆☆,0.0,0.0,-1,-2.3,0.0,0.0,0.0,0.0,0.0,0.0,0.0,,,0.0,-25.4,6.7,-18.0,1375,1589.0,-4.9,0.1,5212,-
9143,ＳＧホールディングス,陸運業,0.0,0.0,1,1591,★☆☆☆☆,0.0,0.0,-1,-2.6,0.0,0.0,0.0,0.0,0.0,0.0,0.0,,,0.0,-5.5,2.2,-3.1,1460,1526.5,-2.5,0.2,2129,-
3433,トーカロ,金属製品,0.0,0.0,1,1592,★☆☆☆☆,0.0,0.0,-1,-0.2,0.0,0.0,0.0,0.0,0.0,0.0,0.0,,,0.0,-7.5,2.3,-4.3,2622,2750.0,-1.2,0.0,754,-
3391,ツルハホールディングス,小売業,0.0,0.0,1,1593,★☆☆☆☆,0.0,0.0,-1,-4.7,0.0,0.0,0.0,0.0,0.0,0.0,0.0,,,0.0,-5.5,2.1,-3.1,2219,2316.0,-3.2,0.2,2511,-
8715,アニコム　ホールディングス,保険業,0.0,0.0,1,1594,★☆☆☆☆,0.0,0.0,-1,-1.2,0.0,0.0,0.0,0.0,0.0,0.0,0.0,,,0.0,-10.6,3.7,-5.1,1019,1100.0,0.3,0.1,447,-
8771,イー・ギャランティ,その他金融業,0.0,0.0,1,1595,★☆☆☆☆,0.0,0.0,-1,-5.3,0.0,0.0,0.0,0.0,0.0,0.0,0.0,,,0.0,-6.8,1.7,-4.6,1692,1753.0,-4.2,0.3,218,-
6594,ニデック,電気機器,0.0,0.0,1,1596,★☆☆☆☆,0.0,0.0,-1,-2.6,0.0,0.0,0.0,0.0,0.0,0.0,0.0,,,0.0,-2.8,3.0,-3.5,2413,2569.0,-0.4,0.1,7682,-
7600,日本エム・ディ・エム,精密機器,0.0,0.0,1,1597,★☆☆☆☆,0.0,0.0,-1,-10.6,0.0,0.0,0.0,0.0,0.0,0.0,0.0,,,0.0,-20.0,5.4,-17.7,631,707.0,-14.6,0.3,204,-
7245,大同メタル工業,輸送用機器,0.0,0.0,1,1598,★☆☆☆☆,0.0,0.0,-1,-7.0,0.0,0.0,0.0,0.0,0.0,0.0,0.0,,,0.0,-11.4,3.5,-6.9,1151,1237.0,-1.9,0.1,646,-
6254,野村マイクロ・サイエンス,機械,0.0,0.0,1,1599,★☆☆☆☆,0.0,0.0,-1,-0.4,0.0,0.0,0.0,0.0,0.0,0.0,0.0,,,0.0,-15.2,4.7,-9.2,3151,3480.0,-2.5,0.1,2984,-
5991,日本発條,金属製品,0.0,0.0,1,1600,★☆☆☆☆,0.0,0.0,-1,-1.6,0.0,0.0,0.0,0.0,0.0,0.0,0.0,,,0.0,-8.6,3.3,-4.6,3151,3371.0,-2.4,0.0,2290,-
7532,パン・パシフィック・インターナショナルホールディングス,小売業,0.0,0.0,1,1601,★☆☆☆☆,0.0,0.0,-1,-5.5,0.0,0.0,0.0,0.0,0.0,0.0,0.0,,,0.0,-12.9,3.1,-8.5,755,803.7000122070312,-0.9,0.3,10582,開示[増配](14日前)
4626,太陽ホールディングス,化学,0.0,0.0,1,1602,★☆☆☆☆,0.0,0.0,-1,-0.0,0.0,0.0,0.0,0.0,0.0,0.0,0.0,,,0.0,-1.8,0.8,-1.0,4656,4732.0,-0.5,0.0,1501,-
3983,オロ,情報・通信業,0.0,0.0,1,1603,★☆☆☆☆,0.0,0.0,-1,-6.0,0.0,0.0,0.0,0.0,0.0,0.0,0.0,,,0.0,-7.1,2.5,-3.7,1996,2101.0,-3.0,0.0,101,-
6464,ツバキ・ナカシマ,機械,0.0,0.0,1,1604,★☆☆☆☆,0.0,0.0,-1,-2.0,0.0,0.0,0.0,0.0,0.0,0.0,0.0,,,0.0,-8.1,4.7,-5.1,305,337.0,-3.2,0.1,218,-
6273,ＳＭＣ,機械,0.0,0.0,1,1605,★☆☆☆☆,0.0,0.0,-1,-2.9,0.0,0.0,0.0,0.0,0.0,0.0,0.0,,,0.0,-3.1,3.6,-3.8,64659,69670.0,-3.0,0.1,22391,-
3046,ジンズホールディングス,小売業,0.0,0.0,1,1606,★☆☆☆☆,0.0,0.0,-1,-0.3,0.0,0.0,0.0,0.0,0.0,0.0,0.0,,,0.0,-9.1,2.9,-8.1,5525,5860.0,-7.4,0.2,2022,-
7383,ネットプロテクションズホールディングス,その他金融業,0.0,0.0,1,1607,★☆☆☆☆,0.0,0.0,-1,-17.1,0.0,0.0,0.0,0.0,0.0,0.0,0.0,,,0.0,-5.9,5.3,-5.1,378,423.0,-6.6,0.3,402,-
