code,name,sector,score,stars,linkage,theme,supply,etf,tech,fund,material,penalty,signal,driver,gap_pct,rs20,atr_pct,dev25,stop,close,chg5d,v_ratio,turnover_m,reasons_str
6857,アドバンテスト,電気機器,53.599999999999994,★★★☆☆,22.4,10.2,0.0,0.0,11.0,7.0,3.0,0.0,,Coherent,3.8,10.9,8.2,6.8,26449,31650.0,-2.6,0.2,289457,Coherent+16.0%連動(β0.28) 未反応+3.8% / HBM・後工程(+2.1%) / MA上昇配列 / パーフェクトオーダー / 開示[自己株式の取得](4日前) / 開示[業績予想の修正](9日前) / 増収+39% / ROE57%
6517,デンヨー,電気機器,43.4,★★☆☆☆,16.4,0.0,3.0,0.0,11.0,7.0,6.0,0.0,,Skyworks,5.1,19.6,4.4,11.8,3821,4190.0,4.4,0.3,252,Skyworks+9.1%連動(β0.20) 未反応+5.1% / MA上昇配列 / パーフェクトオーダー / 開示[業績予想の修正](1日前) / 開示[自己株式の取得](4日前) / 増収+15% / PER15倍
6146,ディスコ,機械,42.0,★★☆☆☆,21.3,10.2,2.0,0.0,1.5,7.0,0.0,0.0,,Coherent,7.3,-16.0,8.5,-11.0,48500,58390.0,-0.2,0.3,124282,Coherent+16.0%連動(β0.23) 未反応+7.3% / HBM・後工程(+2.1%) / 増収+27% / ROE27%
6871,日本マイクロニクス,電気機器,40.400000000000006,★★☆☆☆,22.3,8.4,0.0,0.0,2.7,7.0,0.0,0.0,,Coherent,4.8,-13.4,10.7,-7.9,10817,13770.0,1.4,0.2,18289,Coherent+16.0%連動(β0.26) 未反応+4.8% / 半導体製造装置(+1.2%) / 増収+26% / ROE24%
6315,ＴＯＷＡ,機械,39.4,★☆☆☆☆,19.5,10.2,2.0,0.0,2.7,5.0,0.0,0.0,,SOX指数,7.9,-10.7,8.3,-10.7,2169,2600.0,-1.8,0.6,12858,SOX指数+5.4%連動(β0.55) 未反応+7.9% / HBM・後工程(+2.1%) / 増収+23%
8035,東京エレクトロン,電気機器,39.2,★☆☆☆☆,21.7,8.4,0.0,0.0,0.0,7.0,2.1,0.0,,Coherent,5.4,-21.4,7.8,-15.2,45654,54140.0,-2.5,0.2,284294,Coherent+16.0%連動(β0.24) 未反応+5.4% / 半導体製造装置(+1.2%) / 開示[自己株式の取得](4日前) / 増収+33% / ROE31%
4980,デクセリアルズ,化学,39.0,★☆☆☆☆,19.6,14.4,0.0,0.0,0.0,5.0,0.0,0.0,,Skyworks,9.5,-20.9,6.6,-15.4,2678,3086.0,-6.6,0.2,6080,Skyworks+9.1%連動(β0.34) 未反応+9.5% / 光通信・電線(+4.2%) / PER19倍
5801,古河電気工業,非鉄金属,38.9,★☆☆☆☆,11.2,14.4,0.0,0.0,5.0,6.0,2.3,0.0,,Coherent,-12.1,7.7,9.1,7.0,3051,3730.0,18.6,0.7,75480,Coherent+16.0%連動(β0.28) / 光通信・電線(+4.2%) / 開示[業績予想の修正](1日前) / ROE19%
6920,レーザーテック,電気機器,38.6,★☆☆☆☆,21.5,8.4,2.0,0.0,2.7,4.0,0.0,0.0,,Coherent,9.6,-8.0,9.5,-10.0,31201,38550.0,1.7,0.3,159597,Coherent+16.0%連動(β0.24) 未反応+9.6% / 半導体製造装置(+1.2%) / ROE44%
7729,東京精密,精密機器,38.4,★☆☆☆☆,16.0,10.2,1.0,0.0,3.7,7.5,0.0,0.0,,Coherent,2.3,-1.1,6.8,-2.0,15083,17470.0,1.8,0.2,9504,Coherent+16.0%連動(β0.23) 未反応+2.3% / HBM・後工程(+2.1%) / 増収+19%
6504,富士電機,電気機器,37.0,★☆☆☆☆,10.5,11.9,0.0,0.0,7.0,6.5,1.1,0.0,,Coherent,1.0,13.4,5.6,9.0,12785,14410.0,0.9,0.1,14659,Coherent+16.0%連動(β0.19) 未反応+1.0% / AIデータセンター・電力(+2.9%) / 開示[業績予想の修正](8日前) / PER22倍
6501,日立製作所,電気機器,36.9,★☆☆☆☆,6.3,11.9,3.3,0.0,7.5,5.5,2.4,0.0,,Coherent,-1.7,18.5,3.0,11.0,5196,5524.0,4.9,0.2,61895,Coherent+16.0%連動(β0.16) / AIデータセンター・電力(+2.9%) / 買い出来高優勢 / MA上昇配列 / RSI過熱(87)⚠ / 開示[自己株式の取得](3日前) / 増収+20%
5803,フジクラ,非鉄金属,36.400000000000006,★☆☆☆☆,13.3,14.4,0.0,0.0,2.7,6.0,0.0,0.0,,Coherent,0.5,-7.1,8.1,-4.3,3750,4470.0,7.1,0.3,190409,Coherent+16.0%連動(β0.29) 未反応+0.5% / 光通信・電線(+4.2%) / 増収+22% / ROE32%
4062,イビデン,電気機器,36.0,★☆☆☆☆,11.3,10.2,0.0,0.0,5.0,6.0,3.5,0.0,,Coherent,-16.9,-1.0,10.2,5.0,15005,18860.0,13.3,0.3,143115,Coherent+16.0%連動(β0.28) / HBM・後工程(+2.1%) / 開示[業績予想の修正](3日前) / 開示[株式分割](3日前) / 増収+26%
6323,ローツェ,機械,35.3,★☆☆☆☆,17.9,8.4,2.0,0.0,0.0,7.0,0.0,0.0,,Coherent,2.6,-9.7,9.2,-7.4,3287,4032.0,1.1,0.2,15756,Coherent+16.0%連動(β0.25) 未反応+2.6% / 半導体製造装置(+1.2%) / 資金流入増 / ROE15%
6508,明電舎,電気機器,34.9,★☆☆☆☆,6.8,11.9,2.0,0.0,8.0,8.0,1.2,-3.0,,Coherent,-1.9,23.1,5.5,17.0,9726,10920.0,13.5,0.1,2698,Coherent+16.0%連動(β0.17) / AIデータセンター・電力(+2.9%) / 伸びすぎ注意(25MA+17%) / 開示[業績予想の修正](7日前) / 増収+26% / ROE18% / PER21倍
6954,ファナック,電気機器,34.6,★☆☆☆☆,6.4,14.9,2.0,0.0,1.2,7.5,2.6,0.0,,Skyworks,-5.2,-1.5,6.0,-2.9,5792,6587.0,-7.7,0.4,48284,Skyworks+9.1%連動(β0.28) / ロボット(+4.4%) / 開示[自己株式の取得](2日前) / 増収+18%
5805,ＳＷＣＣ,非鉄金属,34.2,★☆☆☆☆,4.8,14.4,1.0,0.0,5.0,9.0,0.0,0.0,,SOX指数,-3.6,4.9,6.0,3.1,10413,11820.0,4.1,0.2,4920,SOX指数+5.4%連動(β0.36) / 光通信・電線(+4.2%) / 増収+27% / ROE21% / PER19倍
6787,メイコー,電気機器,34.0,★☆☆☆☆,22.8,0.0,1.0,0.0,2.7,7.5,0.0,0.0,,Coherent,4.3,-4.2,8.8,-1.5,19609,23790.0,25.3,1.4,10171,Coherent+16.0%連動(β0.27) 未反応+4.3% / 増収+24% / ROE15%
6941,山一電機,電気機器,33.7,★☆☆☆☆,21.0,0.0,0.0,0.0,2.7,10.0,0.0,0.0,,Coherent,8.0,-0.7,10.5,-6.7,6530,8260.0,-3.7,0.6,3299,Coherent+16.0%連動(β0.23) 未反応+8.0% / 増収+43% / ROE21% / PER17倍
6723,ルネサスエレクトロニクス,電気機器,33.7,★☆☆☆☆,22.0,0.0,0.0,0.0,2.7,9.0,0.0,0.0,,Coherent,8.8,-20.5,8.7,-9.1,3067,3716.0,8.0,0.2,61409,Coherent+16.0%連動(β0.25) 未反応+8.8% / 増収+28% / PER20倍
6806,ヒロセ電機,電気機器,33.7,★☆☆☆☆,6.2,0.0,3.3,0.0,10.0,7.5,6.7,0.0,,Skyworks,0.7,2.2,4.3,0.4,25266,27615.0,0.9,0.1,5694,Skyworks+9.1%連動(β0.19) 未反応+0.7% / 買い出来高優勢 / MA上昇配列 / パーフェクトオーダー / 開示[業績予想の修正](3日前) / 開示[自己株式の取得](3日前) / 増収+27%
5310,東洋炭素,ガラス・土石製品,33.2,★☆☆☆☆,5.0,19.7,2.0,0.0,5.0,1.5,0.0,0.0,,SOX指数,-5.8,5.1,4.7,3.9,6481,7160.0,8.2,0.3,769,SOX指数+5.4%連動(β0.37) / 核融合(+6.9%)
5802,住友電気工業,非鉄金属,33.2,★☆☆☆☆,8.1,14.4,0.0,0.0,2.7,8.0,0.0,0.0,,Coherent,-0.3,-8.6,8.0,-9.1,1795,2136.5,-2.2,0.2,55387,Coherent+16.0%連動(β0.20) / 光通信・電線(+4.2%) / 増収+16% / ROE16% / PER18倍
7745,Ａ＆Ｄホロンホールディングス,精密機器,32.6,★☆☆☆☆,17.1,0.0,2.0,0.0,6.0,7.5,0.0,0.0,,SOX指数,6.4,3.5,4.9,-0.8,2635,2918.0,-3.2,0.3,385,SOX指数+5.4%連動(β0.38) 未反応+6.4% / PER14倍
6141,ＤＭＧ森精機,機械,31.6,★☆☆☆☆,15.6,0.0,0.0,0.0,11.0,3.0,2.0,0.0,,SOX指数,3.7,2.1,5.1,1.1,3291,3669.0,-1.4,0.2,4952,SOX指数+5.4%連動(β0.34) 未反応+3.7% / MA上昇配列 / パーフェクトオーダー / 開示[業績予想の修正](3日前) / 増収+24%
7609,ダイトロン,卸売業,31.5,★☆☆☆☆,5.3,0.0,4.3,0.0,12.0,9.0,3.9,-3.0,,Coherent,-13.2,21.2,5.3,16.1,3693,4130.0,24.4,0.3,718,Coherent+16.0%連動(β0.13) / 買い出来高優勢 / MA上昇配列 / パーフェクトオーダー / 伸びすぎ注意(25MA+16%) / 開示[業績予想の修正](4日前) / 開示[自己株式取得](4日前) / 増収+15% / ROE17% / PER18倍
9984,ソフトバンクグループ,情報・通信業,31.4,★☆☆☆☆,22.2,0.0,0.0,0.0,2.7,6.5,0.0,0.0,,Coherent,4.0,-3.8,8.1,-5.0,4527,5402.0,2.7,0.3,291831,Coherent+16.0%連動(β0.26) 未反応+4.0% / ROE33% / PER6倍
6961,エンプラス,電気機器,31.3,★☆☆☆☆,22.3,0.0,0.0,0.0,0.0,9.0,0.0,0.0,,Coherent,12.0,-13.3,10.9,-14.5,8087,10330.0,-9.2,0.3,2628,Coherent+16.0%連動(β0.26) 未反応+12.0% / 増収+40% / PER18倍
8377,ほくほくフィナンシャルグループ,銀行業,30.8,★☆☆☆☆,3.2,0.0,3.0,0.0,13.5,9.0,2.1,0.0,,SOX指数,-5.6,9.9,4.2,6.5,7396,8069.0,8.0,0.1,3910,SOX指数+5.4%連動(β0.23) / MA上昇配列 / パーフェクトオーダー / 52週高値目前 / 開示[自己株式の取得](4日前) / 開示[株式分割](14日前) / 増収+25% / PER17倍
3984,ユーザーローカル,情報・通信業,30.599999999999998,★☆☆☆☆,14.9,0.0,3.3,0.0,0.0,10.0,2.4,0.0,,S&P500,12.0,-7.1,4.1,-10.3,1469,1600.0,-11.9,2.7,127,S&P500+1.4%連動(β0.79) 未反応+12.0% / 出来高増2.7倍 / 開示[自己株式の取得](3日前) / 増収+16% / ROE20% / PER15倍
9962,ミスミグループ本社,卸売業,30.0,★☆☆☆☆,17.7,0.0,0.0,0.0,3.7,6.5,2.1,0.0,,Skyworks,6.7,-2.0,4.9,-0.8,3406,3778.0,-2.1,0.2,6168,Skyworks+9.1%連動(β0.25) 未反応+6.7% / 開示[自己株式の取得](4日前) / 増収+32%
5344,ＭＡＲＵＷＡ,ガラス・土石製品,29.9,★☆☆☆☆,21.3,0.0,0.0,0.0,2.7,5.0,0.9,0.0,,Coherent,3.7,-4.6,6.7,-4.6,48276,55810.0,0.5,0.1,8061,Coherent+16.0%連動(β0.25) 未反応+3.7% / 開示[業績予想の修正](9日前)
6702,富士通,電気機器,29.9,★☆☆☆☆,0.0,11.2,3.3,0.0,8.0,5.0,2.4,0.0,,,0.0,10.6,4.3,6.7,3357,3672.0,0.4,0.2,32002,量子(+2.6%) / 買い出来高優勢 / MA上昇配列 / 開示[自己株式の取得](3日前) / ROE16% / PER21倍
6055,ジャパンマテリアル,サービス業,29.599999999999998,★☆☆☆☆,18.9,0.0,0.0,0.0,3.7,7.0,0.0,0.0,,Coherent,4.6,-9.9,6.0,-5.7,1966,2236.0,-1.4,0.4,1796,Coherent+16.0%連動(β0.17) 未反応+4.6% / ROE18% / PER22倍
285A,キオクシアホールディングス,電気機器,29.3,★☆☆☆☆,17.1,0.0,0.0,0.0,2.7,7.0,2.5,0.0,,Intel,6.3,-37.2,15.6,-21.9,32344,47060.0,1.2,0.2,2579636,Intel+9.7%連動(β0.21) 未反応+6.3% / 開示[株式分割](7日前) / 開示[自己株式の取得](7日前) / 増収+416% / ROE87%
8346,東邦銀行,銀行業,29.3,★☆☆☆☆,3.3,0.0,3.0,0.0,15.0,8.0,0.0,0.0,,Intel,-8.2,18.4,3.6,10.5,888,958.0,11.4,0.2,880,Intel+9.7%連動(β0.14) / MA上昇配列 / パーフェクトオーダー / 52週高値ブレイク! / 増収+34% / PER19倍
4189,ＫＨネオケム,化学,29.199999999999996,★☆☆☆☆,2.8,0.0,4.3,0.0,13.7,6.0,2.4,0.0,,SOX指数,-9.2,24.2,3.8,14.3,3272,3540.0,7.1,0.1,688,SOX指数+5.4%連動(β0.20) / 買い出来高優勢 / MA上昇配列 / パーフェクトオーダー / 52週高値ブレイク! / 開示[増配](3日前) / PER16倍
6762,ＴＤＫ,電気機器,29.0,★☆☆☆☆,19.8,0.0,0.0,0.0,2.7,6.5,0.0,0.0,,Skyworks,5.9,-8.7,5.6,-4.2,2669,3007.0,-0.0,0.1,40256,Skyworks+9.1%連動(β0.34) 未反応+5.9% / 増収+38%
4578,大塚ホールディングス,医薬品,28.9,★☆☆☆☆,0.0,0.0,2.0,0.0,13.5,9.0,4.4,0.0,,,0.0,15.0,3.4,9.9,11612,12465.0,12.3,0.2,17911,MA上昇配列 / パーフェクトオーダー / 52週高値目前 / 開示[自己株式の取得](4日前) / 開示[増配](7日前) / 増収+17% / PER16倍
8344,山形銀行,銀行業,28.7,★☆☆☆☆,0.0,0.0,3.3,0.0,15.0,8.0,2.4,0.0,,,0.0,15.6,4.9,10.0,3869,4285.0,14.6,0.2,543,買い出来高優勢 / MA上昇配列 / パーフェクトオーダー / 52週高値ブレイク! / 開示[自己株式の取得](3日前) / 増収+47% / PER21倍
7011,三菱重工業,機械,28.7,★☆☆☆☆,0.0,19.7,1.0,0.0,6.0,2.0,0.0,0.0,,,0.0,7.7,3.9,3.7,3696,4007.0,6.5,0.2,73175,核融合(+6.9%)
6454,マックス,機械,28.7,★☆☆☆☆,0.0,0.0,3.0,0.0,13.5,7.5,4.7,0.0,,,0.0,12.1,2.9,8.6,1805,1918.0,4.1,0.1,566,MA上昇配列 / パーフェクトオーダー / 52週高値目前 / 開示[自己株式の取得](4日前) / 開示[自己株式の取得](7日前) / 増収+17%
6506,安川電機,電気機器,28.3,★☆☆☆☆,7.7,14.9,0.0,0.0,2.7,3.0,0.0,0.0,,Skyworks,-3.7,-20.3,5.2,-6.3,4721,5271.0,8.3,0.1,46533,Skyworks+9.1%連動(β0.34) / ロボット(+4.4%)
7279,ハイレックスコーポレーション,輸送用機器,28.3,★☆☆☆☆,11.5,0.0,2.0,0.0,4.7,8.0,2.1,0.0,,SOX指数,2.7,26.0,4.0,11.7,2300,2498.0,8.8,0.2,235,SOX指数+5.4%連動(β0.25) 未反応+2.7% / 開示[自己株式の取得](4日前) / 増収+38% / ROE20% / PER11倍
6507,シンフォニアテクノロジー,電気機器,28.099999999999998,★☆☆☆☆,17.4,0.0,1.0,0.0,2.7,7.0,0.0,0.0,,SOX指数,5.0,-8.5,7.0,-7.4,11250,13070.0,-2.0,0.4,2057,SOX指数+5.4%連動(β0.40) 未反応+5.0% / ROE16%
4975,ＪＣＵ,化学,28.0,★☆☆☆☆,18.0,0.0,0.0,0.0,1.5,8.5,0.0,0.0,,Coherent,6.2,-14.2,6.2,-10.2,5051,5770.0,-2.4,1.0,680,Coherent+16.0%連動(β0.15) 未反応+6.2% / ROE18% / PER16倍
6674,ジーエス・ユアサ　コーポレーション,電気機器,27.900000000000002,★☆☆☆☆,15.6,0.0,1.0,0.0,2.7,6.5,2.1,0.0,,SOX指数,4.8,-11.8,6.5,-9.3,4628,5315.0,-3.0,0.2,5844,SOX指数+5.4%連動(β0.27) 未反応+4.8% / 開示[業績予想の修正](2日前) / PER17倍
7711,助川電気工業,精密機器,27.9,★☆☆☆☆,0.0,19.7,1.0,0.0,2.7,4.5,0.0,0.0,,,0.0,0.1,5.9,-2.3,3997,4530.0,6.0,0.5,371,核融合(+6.9%) / 増収+26%
5970,ジーテクト,金属製品,27.9,★☆☆☆☆,3.9,0.0,2.0,0.0,15.0,7.0,0.0,0.0,,Skyworks,-5.8,12.0,2.0,6.9,2176,2266.0,4.8,1.0,215,Skyworks+9.1%連動(β0.17) / MA上昇配列 / パーフェクトオーダー / 52週高値ブレイク! / 増収+17% / PER7倍
5975,東プレ,金属製品,27.799999999999997,★☆☆☆☆,3.3,0.0,5.3,0.0,13.7,5.5,0.0,0.0,,Qorvo,-9.0,18.6,2.9,11.2,2842,3015.0,6.8,1.6,243,Qorvo+6.5%連動(β0.20) / 買い出来高優勢 / MA上昇配列 / パーフェクトオーダー / 52週高値ブレイク! / PER8倍
6503,三菱電機,電気機器,27.5,★☆☆☆☆,3.6,11.9,1.0,0.0,6.0,5.0,0.0,0.0,,SOX指数,-3.7,3.1,4.7,2.5,5280,5822.0,-1.5,0.2,34810,SOX指数+5.4%連動(β0.27) / AIデータセンター・電力(+2.9%)
6301,小松製作所,機械,27.3,★☆☆☆☆,4.7,0.0,2.0,0.0,12.0,6.5,2.1,0.0,,Skyworks,-6.5,16.9,3.8,9.0,6771,7326.0,4.7,0.2,22528,Skyworks+9.1%連動(β0.21) / MA上昇配列 / パーフェクトオーダー / 開示[自己株式の取得](4日前) / PER18倍
6951,日本電子,電気機器,27.2,★☆☆☆☆,7.2,0.0,2.0,0.0,12.0,6.0,0.0,0.0,,Coherent,-0.2,17.3,4.2,4.7,7699,8402.0,2.2,0.1,2770,Coherent+16.0%連動(β0.18) / MA上昇配列 / パーフェクトオーダー / ROE16% / PER19倍
6098,リクルートホールディングス,サービス業,27.1,★☆☆☆☆,6.3,0.0,2.0,0.0,9.7,7.0,2.1,0.0,,Skyworks,-2.8,6.7,3.6,4.3,12114,13050.0,4.0,0.2,49006,Skyworks+9.1%連動(β0.28) / MA上昇配列 / パーフェクトオーダー / 52週高値目前 / 開示[自己株式の取得](4日前) / ROE31%
5301,東海カーボン,ガラス・土石製品,26.7,★☆☆☆☆,5.2,0.0,0.0,0.0,10.0,7.0,4.5,0.0,,Skyworks,-10.3,5.5,3.6,5.5,1603,1728.0,12.4,0.2,3286,Skyworks+9.1%連動(β0.23) / MA上昇配列 / パーフェクトオーダー / 開示[業績予想の修正](2日前) / 開示[自己株式取得](3日前) / 増収+18% / PER18倍
6590,芝浦メカトロニクス,電気機器,26.7,★☆☆☆☆,22.2,0.0,0.0,0.0,0.0,4.5,0.0,0.0,,Coherent,8.7,-16.6,10.7,-16.2,3378,4295.0,-2.1,0.7,12144,Coherent+16.0%連動(β0.25) 未反応+8.7% / ROE22%
3132,マクニカホールディングス,卸売業,26.5,★☆☆☆☆,4.5,0.0,3.0,0.0,12.0,7.0,0.0,0.0,,SOX指数,-9.8,17.1,6.3,9.8,3180,3640.0,10.5,0.2,3811,SOX指数+5.4%連動(β0.33) / MA上昇配列 / パーフェクトオーダー / 増収+40% / PER23倍
6266,タツモ,機械,26.400000000000002,★☆☆☆☆,19.3,0.0,1.0,0.0,0.0,4.0,2.1,0.0,,SOX指数,15.4,-21.9,11.0,-20.7,2778,3565.0,-11.0,0.6,1712,SOX指数+5.4%連動(β0.54) 未反応+15.4% / 開示[業績予想の修正](2日前) / PER15倍
4186,東京応化工業,化学,26.0,★☆☆☆☆,19.4,0.0,0.0,0.0,0.0,5.5,1.1,0.0,,Coherent,4.4,-11.3,7.6,-10.9,7421,8744.0,-1.6,0.3,9910,Coherent+16.0%連動(β0.18) 未反応+4.4% / 開示[業績予想の修正](8日前) / 増収+93%
5901,東洋製罐グループホールディングス,金属製品,26.0,★☆☆☆☆,0.0,0.0,2.0,0.0,13.5,4.5,6.0,0.0,,,0.0,8.4,2.5,4.5,4078,4289.0,5.3,0.1,934,MA上昇配列 / パーフェクトオーダー / 52週高値目前 / 開示[上方修正](2日前) / 開示[自己株式の取得](2日前) / PER12倍
6282,オイレス工業,機械,26.0,★☆☆☆☆,0.0,0.0,1.0,0.0,15.0,5.5,4.5,0.0,,,0.0,5.4,2.0,3.8,2843,2962.0,3.8,0.4,189,MA上昇配列 / パーフェクトオーダー / 52週高値ブレイク! / 開示[業績予想の修正](1日前) / 開示[自己株式の取得](4日前) / PER17倍
6490,ＰＩＬＬＡＲ,機械,25.900000000000002,★☆☆☆☆,6.6,0.0,0.0,0.0,12.0,4.5,2.8,0.0,,Coherent,-3.7,11.9,7.5,6.5,8996,10590.0,11.6,0.9,1535,Coherent+16.0%連動(β0.16) / MA上昇配列 / パーフェクトオーダー / 開示[増配](1日前)
6668,アドテック　プラズマ　テクノロジー,電気機器,25.8,★☆☆☆☆,6.8,0.0,2.0,0.0,11.0,6.0,0.0,0.0,,SOX指数,-7.4,0.3,8.7,6.4,2959,3580.0,24.7,0.1,804,SOX指数+5.4%連動(β0.50) / 資金流入増 / MA上昇配列 / パーフェクトオーダー / PER19倍
6724,セイコーエプソン,電気機器,25.5,★☆☆☆☆,4.4,0.0,2.0,0.0,15.0,1.5,2.6,0.0,,Skyworks,-6.0,16.8,3.1,8.9,2989,3185.0,8.0,0.3,5277,Skyworks+9.1%連動(β0.20) / MA上昇配列 / パーフェクトオーダー / 52週高値ブレイク! / 開示[自己株式取得](2日前)
6479,ミネベアミツミ,電気機器,25.5,★☆☆☆☆,16.8,0.0,0.0,0.0,2.7,6.0,0.0,0.0,,Skyworks,3.3,-12.0,5.1,-6.8,3364,3743.0,1.1,0.2,12212,Skyworks+9.1%連動(β0.30) 未反応+3.3% / 増収+16% / PER15倍
6627,テラプローブ,電気機器,25.4,★☆☆☆☆,10.9,0.0,0.0,0.0,9.0,5.5,0.0,0.0,,Coherent,-6.5,1.7,8.8,2.7,9641,11700.0,14.1,0.2,1595,Coherent+16.0%連動(β0.27) / MA上昇配列 / パーフェクトオーダー / 増収+20%
7012,川崎重工業,輸送用機器,25.2,★☆☆☆☆,2.6,10.6,2.0,0.0,5.0,5.0,0.0,0.0,,S&P500,-5.5,7.4,3.8,4.1,2666,2885.0,4.4,0.2,34311,S&P500+1.4%連動(β0.72) / 防衛(+2.3%) / PER22倍
6861,キーエンス,電気機器,25.0,★☆☆☆☆,6.0,0.0,2.0,0.0,12.0,5.0,0.0,0.0,,Skyworks,-1.6,13.2,4.0,8.5,77140,83800.0,3.3,0.3,59955,Skyworks+9.1%連動(β0.26) / MA上昇配列 / パーフェクトオーダー / 増収+33%
3962,チェンジホールディングス,情報・通信業,24.700000000000003,★☆☆☆☆,8.4,0.0,2.0,0.0,6.7,5.0,2.6,0.0,,S&P500,1.9,6.3,2.6,1.0,905,954.0,-0.6,0.1,271,S&P500+1.4%連動(β0.75) 未反応+1.9% / MA上昇配列 / 開示[自己株式の取得](2日前) / ROE30% / PER10倍
4203,住友ベークライト,化学,24.6,★☆☆☆☆,5.3,0.0,3.3,0.0,12.0,4.0,0.0,0.0,,Coherent,-2.5,8.4,5.3,7.0,6764,7572.0,16.3,0.1,5109,Coherent+16.0%連動(β0.13) / 買い出来高優勢 / MA上昇配列 / パーフェクトオーダー / PER24倍
6971,京セラ,電気機器,24.5,★☆☆☆☆,4.6,0.0,0.0,0.0,12.0,4.0,3.9,0.0,,Skyworks,-5.8,4.7,4.0,2.9,3507,3813.0,3.3,0.1,22040,Skyworks+9.1%連動(β0.20) / MA上昇配列 / パーフェクトオーダー / 開示[自己株式の取得](1日前) / 開示[業績予想の修正](8日前)
6996,ニチコン,電気機器,24.3,★☆☆☆☆,18.6,0.0,0.0,0.0,2.7,3.0,0.0,0.0,,Coherent,4.1,-14.7,8.0,-9.2,2424,2887.0,-1.4,0.2,3952,Coherent+16.0%連動(β0.16) 未反応+4.1%
3374,内外テック,卸売業,24.1,★☆☆☆☆,5.6,0.0,2.0,0.0,12.0,4.5,0.0,0.0,,Skyworks,-9.4,7.9,5.2,7.1,3176,3545.0,14.0,0.2,140,Skyworks+9.1%連動(β0.25) / MA上昇配列 / パーフェクトオーダー / PER13倍
6324,ハーモニック・ドライブ・システムズ,機械,23.8,★☆☆☆☆,3.4,14.9,0.0,0.0,4.0,1.5,0.0,0.0,,S&P500,-8.0,-5.5,8.0,-1.4,5810,6920.0,12.7,0.2,10750,S&P500+1.4%連動(β0.93) / ロボット(+4.4%)
6976,太陽誘電,電気機器,23.200000000000003,★☆☆☆☆,21.1,0.0,0.0,0.0,0.0,0.0,2.1,0.0,,Skyworks,7.4,-32.6,12.8,-22.6,7092,9544.0,-6.7,0.3,253587,Skyworks+9.1%連動(β0.40) 未反応+7.4% / 開示[業績予想の修正](2日前)
9310,日本トランスシティ,倉庫・運輸関連業,23.2,★☆☆☆☆,0.0,0.0,4.3,0.0,13.5,3.0,2.4,0.0,,,0.0,18.8,3.0,8.7,1316,1400.0,3.7,0.2,155,買い出来高優勢 / MA上昇配列 / パーフェクトオーダー / 52週高値目前 / 開示[自己株式の取得](3日前) / PER13倍
6707,サンケン電気,電気機器,21.9,★☆☆☆☆,21.9,0.0,0.0,0.0,0.0,0.0,0.0,0.0,,Skyworks,5.4,-15.5,5.6,-10.4,7484,8420.0,1.0,0.1,1213,Skyworks+9.1%連動(β0.44) 未反応+5.4%
6481,ＴＨＫ,機械,21.200000000000003,★☆☆☆☆,7.1,0.0,1.0,0.0,10.0,1.0,2.1,0.0,,Coherent,-5.2,0.9,6.0,3.2,6412,7294.0,8.9,0.3,9616,Coherent+16.0%連動(β0.18) / MA上昇配列 / パーフェクトオーダー / 開示[業績予想の修正](2日前)
9348,ｉｓｐａｃｅ,サービス業,19.7,★☆☆☆☆,0.0,15.7,0.0,0.0,4.0,0.0,0.0,0.0,,,0.0,-15.3,2.4,-1.9,398,418.0,3.2,0.1,792,宇宙(+4.8%)
6103,オークマ,機械,19.5,★☆☆☆☆,5.0,0.0,1.0,0.0,13.5,0.0,0.0,0.0,,Skyworks,-11.1,17.2,3.8,11.1,5115,5530.0,11.8,0.3,2691,Skyworks+9.1%連動(β0.22) / MA上昇配列 / パーフェクトオーダー / 52週高値目前
6273,ＳＭＣ,機械,19.400000000000002,★☆☆☆☆,6.3,0.0,0.0,0.0,11.0,0.0,2.1,0.0,,Skyworks,-1.3,4.7,4.2,2.3,67491,73700.0,4.6,0.3,19087,Skyworks+9.1%連動(β0.28) / MA上昇配列 / パーフェクトオーダー / 開示[自己株式の取得](4日前)
6302,住友重機械工業,機械,19.400000000000002,★☆☆☆☆,3.3,0.0,2.0,0.0,12.0,0.0,2.1,0.0,,SOX指数,-9.8,16.6,4.2,10.0,5381,5872.0,12.1,0.2,5260,SOX指数+5.4%連動(β0.24) / MA上昇配列 / パーフェクトオーダー / 開示[自己株式の取得](4日前)
6361,荏原製作所,機械,19.400000000000002,★☆☆☆☆,11.3,0.0,1.0,0.0,5.0,0.0,2.1,0.0,,Coherent,0.9,-0.5,6.1,-0.5,4996,5690.0,2.4,0.1,20117,Coherent+16.0%連動(β0.21) 未反応+0.9% / 開示[自己株式の取得](4日前)
5976,高周波熱錬,金属製品,19.4,★☆☆☆☆,0.0,0.0,5.3,0.0,12.2,0.0,1.9,0.0,,,0.0,12.9,1.8,6.6,1394,1445.0,4.7,1.6,100,買い出来高優勢 / MA上昇配列 / パーフェクトオーダー / 52週高値目前 / 開示[設備投資](1日前)
4901,富士フイルムホールディングス,化学,19.3,★☆☆☆☆,16.3,0.0,2.0,0.0,1.0,0.0,0.0,0.0,,Skyworks,17.5,-8.3,4.4,-13.4,2902,3180.0,-15.7,1.9,14928,Skyworks+9.1%連動(β0.19) 未反応+17.5%
4443,Ｓａｎｓａｎ,情報・通信業,19.3,★☆☆☆☆,11.8,0.0,0.0,0.0,7.5,0.0,0.0,0.0,,S&P500,2.8,14.6,4.5,3.8,1727,1899.0,-4.5,0.1,3281,S&P500+1.4%連動(β0.93) 未反応+2.8% / MA上昇配列 / パーフェクトオーダー
8078,阪和興業,卸売業,19.200000000000003,★☆☆☆☆,3.1,0.0,2.0,0.0,12.0,0.0,2.1,0.0,,Qorvo,-3.0,6.8,2.3,4.2,1707,1790.0,4.9,0.2,736,Qorvo+6.5%連動(β0.19) / MA上昇配列 / パーフェクトオーダー / 開示[自己株式の取得](4日前)
6526,ソシオネクスト,電気機器,19.2,★☆☆☆☆,19.2,0.0,0.0,0.0,0.0,0.0,0.0,0.0,,Broadcom,5.7,-23.6,8.0,-16.9,1656,1971.0,3.1,0.2,21224,Broadcom+7.2%連動(β0.40) 未反応+5.7%
4118,カネカ,化学,19.1,★☆☆☆☆,0.0,0.0,2.0,0.0,15.0,0.0,2.1,0.0,,,0.0,8.4,2.0,4.6,5755,5997.0,4.9,0.2,1199,MA上昇配列 / パーフェクトオーダー / 52週高値ブレイク! / 開示[自己株式の取得](4日前)
4966,上村工業,化学,19.0,★☆☆☆☆,12.2,0.0,1.0,0.0,3.7,0.0,2.1,0.0,,Coherent,1.9,-2.3,6.7,-2.4,20009,23110.0,3.3,0.2,1906,Coherent+16.0%連動(β0.17) 未反応+1.9% / 開示[自己株式の取得](4日前)
6737,ＥＩＺＯ,電気機器,18.8,★☆☆☆☆,0.0,0.0,1.0,0.0,12.0,0.0,5.8,0.0,,,0.0,18.2,3.6,8.3,2753,2964.0,2.3,0.2,624,MA上昇配列 / パーフェクトオーダー / 開示[自己株式の取得](4日前) / 開示[自己株式の取得](4日前)
6800,ヨコオ,電気機器,18.7,★☆☆☆☆,13.7,0.0,0.0,0.0,2.7,0.0,2.3,0.0,,Coherent,1.7,-14.8,8.3,-10.4,3385,4060.0,0.6,0.9,943,Coherent+16.0%連動(β0.22) 未反応+1.7% / 開示[業績予想の修正](1日前)
6988,日東電工,化学,18.6,★☆☆☆☆,4.8,0.0,2.0,0.0,9.0,0.0,2.8,0.0,,Skyworks,-3.8,15.5,3.3,6.5,3305,3540.0,6.5,0.2,11988,Skyworks+9.1%連動(β0.21) / MA上昇配列 / 開示[自己株式取得](1日前)
6859,エスペック,電気機器,18.6,★☆☆☆☆,4.8,0.0,0.0,0.0,8.7,0.0,5.1,0.0,,Coherent,-2.2,4.9,5.2,0.5,3639,4065.0,4.5,0.3,530,Coherent+16.0%連動(β0.12) / MA上昇配列 / パーフェクトオーダー / 開示[自己株式取得](1日前) / 開示[自己株式の取得](3日前)
9619,イチネンホールディングス,サービス業,18.6,★☆☆☆☆,0.0,0.0,3.0,0.0,13.5,0.0,2.1,0.0,,,0.0,14.4,2.4,9.8,2450,2576.0,8.7,0.5,100,MA上昇配列 / パーフェクトオーダー / 52週高値目前 / 開示[業績予想の修正](2日前)
8084,ＲＹＯＤＥＮ,卸売業,18.6,★☆☆☆☆,0.0,0.0,4.3,0.0,10.7,0.0,3.6,0.0,,,0.0,17.9,3.6,11.1,4216,4540.0,4.1,0.2,261,買い出来高優勢 / MA上昇配列 / パーフェクトオーダー / 開示[株式分割](7日前) / 開示[自己株式の取得](7日前)
6752,パナソニック　ホールディングス,電気機器,18.5,★☆☆☆☆,6.5,0.0,0.0,0.0,12.0,0.0,0.0,0.0,,Skyworks,0.4,0.1,5.4,4.1,3887,4355.0,1.7,0.2,40739,Skyworks+9.1%連動(β0.23) / MA上昇配列 / パーフェクトオーダー
4206,アイカ工業,化学,18.5,★☆☆☆☆,0.0,0.0,2.0,0.0,12.2,0.0,4.3,0.0,,,0.0,12.1,2.5,8.3,3858,4060.0,10.1,0.1,1182,MA上昇配列 / パーフェクトオーダー / 52週高値目前 / 開示[増配](3日前) / 開示[業績予想の修正](3日前)
6638,ミマキエンジニアリング,電気機器,18.5,★☆☆☆☆,4.5,0.0,3.0,0.0,11.0,0.0,0.0,0.0,,SOX指数,-1.9,12.9,3.7,5.2,2060,2223.0,5.1,0.1,272,SOX指数+5.4%連動(β0.34) / MA上昇配列 / パーフェクトオーダー / 52週高値目前
4004,レゾナック・ホールディングス,化学,18.400000000000002,★☆☆☆☆,9.1,0.0,1.0,0.0,6.0,0.0,2.3,0.0,,Coherent,-13.7,7.1,7.6,10.5,13989,16500.0,20.2,1.2,37787,Coherent+16.0%連動(β0.23) / 開示[業績予想の修正](1日前)
8551,北日本銀行,銀行業,18.400000000000002,★☆☆☆☆,0.0,0.0,5.3,0.0,9.5,0.0,3.6,0.0,,,0.0,20.4,4.0,5.2,6130,6670.0,0.3,0.2,306,買い出来高優勢 / 資金流入増 / MA上昇配列 / パーフェクトオーダー / 開示[自己株式の取得](4日前) / 開示[自己株式取得](7日前)
6125,岡本工作機械製作所,機械,18.4,★☆☆☆☆,6.7,0.0,2.0,0.0,9.7,0.0,0.0,0.0,,Coherent,-1.8,6.9,6.3,1.5,4687,5360.0,7.0,0.6,379,Coherent+16.0%連動(β0.17) / MA上昇配列 / パーフェクトオーダー
3993,ＰＫＳＨＡ　Ｔｅｃｈｎｏｌｏｇｙ,情報・通信業,18.4,★☆☆☆☆,3.9,6.3,2.0,0.0,4.7,0.0,1.5,0.0,,S&P500,0.2,7.0,3.4,1.7,2684,2879.0,3.3,0.2,834,S&P500+1.4%連動(β0.94) / 生成AI・ソフト(+0.1%) / 開示[自己株式取得](7日前)
3697,ＳＨＩＦＴ,情報・通信業,18.4,★☆☆☆☆,10.9,0.0,2.0,0.0,5.5,0.0,0.0,0.0,,Microsoft,2.5,28.4,6.8,10.3,747,865.0,-1.4,0.1,7185,Microsoft+2.5%連動(β0.55) 未反応+2.5% / MA上昇配列
3964,オークネット,情報・通信業,18.4,★☆☆☆☆,0.0,0.0,4.0,0.0,12.0,0.0,2.4,0.0,,,0.0,5.7,3.4,3.9,1356,1456.0,9.1,0.4,517,資金流入増 / MA上昇配列 / パーフェクトオーダー / 開示[増配](3日前)
3076,あい　ホールディングス,卸売業,18.3,★☆☆☆☆,0.0,0.0,3.3,0.0,15.0,0.0,0.0,0.0,,,0.0,14.0,2.2,7.1,2835,2964.0,0.5,0.2,467,買い出来高優勢 / MA上昇配列 / パーフェクトオーダー / 52週高値ブレイク!
2914,日本たばこ産業,食料品,18.1,★☆☆☆☆,0.0,0.0,3.3,0.0,13.5,0.0,1.3,0.0,,,0.0,17.1,2.7,9.5,6711,7099.0,-0.5,0.2,32989,買い出来高優勢 / MA上昇配列 / パーフェクトオーダー / 52週高値目前 / 開示[増配](8日前)
7167,めぶきフィナンシャルグループ,銀行業,18.1,★☆☆☆☆,0.0,0.0,2.0,0.0,13.5,0.0,2.6,0.0,,,0.0,5.6,3.2,5.5,1503,1605.5,7.2,0.2,4673,MA上昇配列 / パーフェクトオーダー / 52週高値目前 / 開示[増配](2日前)
8698,マネックスグループ,証券、商品先物取引業,18.1,★☆☆☆☆,16.1,0.0,2.0,0.0,0.0,0.0,0.0,0.0,,SOX指数,3.9,1.5,3.3,-4.7,640,685.0,-2.8,0.3,2140,SOX指数+5.4%連動(β0.33) 未反応+3.9%
6340,澁谷工業,機械,18.1,★☆☆☆☆,2.8,0.0,3.3,0.0,12.0,0.0,0.0,0.0,,SOX指数,-0.9,5.9,2.9,2.6,4215,4470.0,1.8,0.1,193,SOX指数+5.4%連動(β0.21) / 買い出来高優勢 / MA上昇配列 / パーフェクトオーダー
6652,ＩＤＥＣ,電気機器,18.099999999999998,★☆☆☆☆,4.1,0.0,3.3,0.0,10.7,0.0,0.0,0.0,,Skyworks,-4.4,13.0,3.4,8.8,3404,3655.0,3.4,1.0,445,Skyworks+9.1%連動(β0.18) / 買い出来高優勢 / MA上昇配列 / パーフェクトオーダー
6134,ＦＵＪＩ,機械,18.0,★☆☆☆☆,4.2,0.0,1.0,0.0,11.0,0.0,1.8,0.0,,SOX指数,-5.0,4.6,6.9,3.4,6845,7938.0,8.3,0.2,8110,SOX指数+5.4%連動(β0.31) / MA上昇配列 / パーフェクトオーダー / 開示[業績予想の修正](4日前)
3696,セレス,情報・通信業,18.0,★☆☆☆☆,14.7,0.0,1.0,0.0,1.2,0.0,1.1,0.0,,S&P500,3.6,-0.2,3.1,-1.8,1948,2079.0,-1.6,0.0,278,S&P500+1.4%連動(β1.05) 未反応+3.6% / 開示[業績予想の修正](8日前)
6326,クボタ,機械,18.0,★☆☆☆☆,11.5,0.0,0.0,0.0,2.2,0.0,4.3,0.0,,Skyworks,2.2,1.9,4.0,-1.1,2496,2710.0,-1.3,0.2,11169,Skyworks+9.1%連動(β0.21) 未反応+2.2% / 開示[業績予想の修正](3日前) / 開示[自己株式取得](3日前)
6832,アオイ電子,電気機器,18.0,★☆☆☆☆,15.3,0.0,0.0,0.0,2.7,0.0,0.0,0.0,,Intel,3.6,-10.0,6.5,-7.0,1932,2223.0,-5.2,0.2,122,Intel+9.7%連動(β0.18) 未反応+3.6%
8218,コメリ,小売業,18.0,★☆☆☆☆,0.0,0.0,3.0,0.0,12.0,0.0,3.0,0.0,,,0.0,15.3,3.5,8.5,3666,3940.0,2.1,0.2,510,MA上昇配列 / パーフェクトオーダー / 開示[自己株式の取得](4日前) / 開示[自己株式取得](10日前)
5401,日本製鉄,鉄鋼,18.0,★☆☆☆☆,0.0,0.0,4.3,0.0,11.7,0.0,2.0,0.0,,,0.0,27.2,2.8,13.9,656,694.2000122070312,6.9,0.4,29750,買い出来高優勢 / MA上昇配列 / 52週高値ブレイク! / 開示[業績予想の修正](3日前)
7613,シークス,卸売業,17.900000000000002,★☆☆☆☆,3.4,0.0,2.0,0.0,10.7,0.0,1.8,0.0,,SOX指数,-8.7,22.0,3.0,12.4,1476,1572.0,12.0,0.1,318,SOX指数+5.4%連動(β0.25) / MA上昇配列 / パーフェクトオーダー / 開示[業績予想の修正](4日前)
6622,ダイヘン,電気機器,17.900000000000002,★☆☆☆☆,13.6,0.0,0.0,0.0,2.7,0.0,1.6,0.0,,Coherent,2.1,-7.2,7.5,-6.0,11739,13810.0,0.1,0.2,4473,Coherent+16.0%連動(β0.18) 未反応+2.1% / 開示[株式分割](3日前)
6367,ダイキン工業,機械,17.9,★☆☆☆☆,15.1,0.0,0.0,0.0,0.0,0.0,2.8,0.0,,SOX指数,6.3,-9.8,2.7,-8.9,20928,22105.0,-5.1,0.2,35146,SOX指数+5.4%連動(β0.23) 未反応+6.3% / 開示[自己株式取得](1日前)
6351,鶴見製作所,機械,17.9,★☆☆☆☆,0.0,0.0,0.0,0.0,12.0,0.0,5.9,0.0,,,0.0,4.5,3.6,4.5,2214,2386.0,7.1,0.3,130,MA上昇配列 / パーフェクトオーダー / 開示[上方修正](1日前) / 開示[自己株式の取得](4日前)
5108,ブリヂストン,ゴム製品,17.9,★☆☆☆☆,0.0,0.0,2.0,0.0,13.5,0.0,2.4,0.0,,,0.0,16.1,2.5,7.4,3856,4061.0,2.4,0.2,16516,MA上昇配列 / パーフェクトオーダー / 52週高値目前 / 開示[自己株式の取得](3日前)
6981,村田製作所,電気機器,17.9,★☆☆☆☆,16.7,0.0,0.0,0.0,1.2,0.0,0.0,0.0,,Skyworks,3.1,-22.1,10.4,-13.8,5667,7154.0,-3.5,0.2,242587,Skyworks+9.1%連動(β0.33) 未反応+3.1%
2980,ＳＲＥホールディングス,不動産業,17.8,★☆☆☆☆,15.6,0.0,1.0,0.0,1.2,0.0,0.0,0.0,,S&P500,7.7,2.3,4.2,-3.1,2299,2510.0,-8.0,0.3,805,S&P500+1.4%連動(β1.01) 未反応+7.7%
5480,日本冶金工業,鉄鋼,17.8,★☆☆☆☆,0.0,0.0,2.0,0.0,13.7,0.0,2.1,0.0,,,0.0,18.3,2.8,12.7,5374,5690.0,12.9,1.0,450,MA上昇配列 / パーフェクトオーダー / 52週高値ブレイク! / 開示[業績予想の修正](2日前)
6337,テセック,機械,17.799999999999997,★☆☆☆☆,6.6,0.0,5.3,0.0,8.0,0.0,2.9,-5.0,,Skyworks,-3.4,40.2,7.3,23.9,2753,3220.0,2.7,0.1,435,Skyworks+9.1%連動(β0.29) / 買い出来高優勢 / 資金流入増 / 過熱⚠25MA+24% / 開示[自己株式の取得](4日前) / 開示[業績予想の修正](10日前)
5195,バンドー化学,ゴム製品,17.7,★☆☆☆☆,2.6,0.0,2.0,0.0,11.0,0.0,2.1,0.0,,Qorvo,-0.5,11.8,1.9,5.6,2357,2450.0,1.1,0.2,131,Qorvo+6.5%連動(β0.16) / MA上昇配列 / パーフェクトオーダー / 52週高値目前 / RSI過熱(89)⚠ / 開示[自己株式の取得](4日前)
8308,りそなホールディングス,銀行業,17.7,★☆☆☆☆,0.0,0.0,2.0,0.0,9.5,0.0,6.2,0.0,,,0.0,1.4,3.4,1.6,2183,2341.0,6.8,0.2,23250,MA上昇配列 / パーフェクトオーダー / 開示[自己株式の取得](2日前) / 開示[自己株式の取得](4日前)
2413,エムスリー,サービス業,17.7,★☆☆☆☆,14.6,0.0,1.0,0.0,0.0,0.0,2.1,0.0,,S&P500,18.0,-18.9,6.7,-20.5,1277,1475.0,-17.2,1.3,7028,S&P500+1.4%連動(β0.73) 未反応+18.0% / 開示[自己株式の取得](4日前)
6379,レイズネクスト,建設業,17.6,★☆☆☆☆,0.0,0.0,4.3,0.0,12.0,0.0,1.3,0.0,,,0.0,16.2,3.2,9.7,2650,2834.0,-2.6,0.1,493,買い出来高優勢 / MA上昇配列 / パーフェクトオーダー / 開示[増配](8日前)
8051,山善,卸売業,17.6,★☆☆☆☆,0.0,0.0,2.0,0.0,13.5,0.0,2.1,0.0,,,0.0,9.1,1.8,3.5,1759,1823.0,2.6,0.1,303,MA上昇配列 / パーフェクトオーダー / 52週高値目前 / 開示[自己株式の取得](4日前)
6841,横河電機,電気機器,17.6,★☆☆☆☆,15.6,0.0,1.0,0.0,1.0,0.0,0.0,0.0,,SOX指数,10.2,-1.9,5.0,-7.3,4686,5207.0,-9.9,0.3,7114,SOX指数+5.4%連動(β0.27) 未反応+10.2%
8411,みずほフィナンシャルグループ,銀行業,17.599999999999998,★☆☆☆☆,3.7,0.0,1.0,0.0,9.5,0.0,3.4,0.0,,Intel,-3.6,5.9,3.6,2.2,7892,8505.0,4.1,0.2,83594,Intel+9.7%連動(β0.15) / MA上昇配列 / パーフェクトオーダー / 開示[自己株式の取得](4日前) / 開示[自己株式取得](8日前)
8622,水戸証券,証券、商品先物取引業,17.5,★☆☆☆☆,0.0,0.0,5.3,0.0,12.2,0.0,0.0,0.0,,,0.0,27.4,3.9,12.5,783,849.0,4.2,0.3,304,買い出来高優勢 / 資金流入増 / MA上昇配列 / パーフェクトオーダー / 52週高値目前
5218,オハラ,ガラス・土石製品,17.5,★☆☆☆☆,3.5,0.0,2.0,0.0,12.0,0.0,0.0,0.0,,SOX指数,-5.2,12.3,3.7,7.7,1465,1583.0,10.0,0.2,132,SOX指数+5.4%連動(β0.26) / MA上昇配列 / パーフェクトオーダー
7246,プレス工業,輸送用機器,17.5,★☆☆☆☆,0.0,0.0,3.3,0.0,9.5,0.0,4.7,0.0,,,0.0,20.7,2.8,12.7,898,951.0,10.2,0.3,330,買い出来高優勢 / MA上昇配列 / パーフェクトオーダー / RSI過熱(86)⚠ / 開示[業績予想の修正](2日前) / 開示[増配](2日前)
8037,カメイ,卸売業,17.5,★☆☆☆☆,0.0,0.0,1.0,0.0,13.7,0.0,2.8,0.0,,,0.0,13.6,2.5,9.0,3871,4075.0,4.6,1.0,188,MA上昇配列 / パーフェクトオーダー / 52週高値ブレイク! / 開示[増配](1日前)
8601,大和証券グループ本社,証券、商品先物取引業,17.4,★☆☆☆☆,4.5,0.0,2.0,0.0,9.5,0.0,1.4,0.0,,Intel,0.4,7.5,2.6,1.2,1733,1829.0,1.2,0.2,8595,Intel+9.7%連動(β0.14) / MA上昇配列 / パーフェクトオーダー / 開示[子会社化](4日前)
6463,ＴＰＲ,機械,17.4,★☆☆☆☆,0.0,0.0,2.0,0.0,12.2,0.0,3.2,0.0,,,0.0,14.5,2.5,7.0,1471,1547.0,3.4,0.1,216,MA上昇配列 / パーフェクトオーダー / 52週高値目前 / 開示[自己株式の取得](4日前) / 開示[業績予想の修正](8日前)
7951,ヤマハ,その他製品,17.4,★☆☆☆☆,4.4,0.0,3.0,0.0,10.0,0.0,0.0,0.0,,Skyworks,-9.5,19.6,2.7,11.2,1294,1368.5,10.1,0.3,3087,Skyworks+9.1%連動(β0.19) / MA上昇配列 / パーフェクトオーダー
2681,ゲオホールディングス,小売業,17.3,★☆☆☆☆,0.0,0.0,5.3,0.0,12.0,0.0,0.0,0.0,,,0.0,19.7,3.5,14.7,2201,2367.0,13.3,2.7,375,出来高増2.7倍 / MA上昇配列 / パーフェクトオーダー
6473,ジェイテクト,機械,17.3,★☆☆☆☆,3.3,0.0,2.0,0.0,12.0,0.0,0.0,0.0,,SOX指数,-0.5,7.0,3.4,2.6,2010,2158.5,-2.6,0.1,2587,SOX指数+5.4%連動(β0.24) / MA上昇配列 / パーフェクトオーダー
7846,パイロットコーポレーション,その他製品,17.3,★☆☆☆☆,0.0,0.0,0.0,0.0,15.0,0.0,2.3,0.0,,,0.0,15.2,2.3,11.9,1914,2007.5,10.7,0.9,353,MA上昇配列 / パーフェクトオーダー / 52週高値ブレイク! / 開示[業績予想の修正](1日前)
8173,Ｊｏｓｈｉｎ,小売業,17.3,★☆☆☆☆,0.0,0.0,3.3,0.0,12.0,0.0,2.0,0.0,,,0.0,19.1,4.3,8.7,3727,4080.0,3.4,0.2,579,買い出来高優勢 / MA上昇配列 / パーフェクトオーダー / 開示[業績予想の修正](3日前)
8388,阿波銀行,銀行業,17.2,★☆☆☆☆,0.0,0.0,4.3,0.0,12.2,0.0,0.7,0.0,,,0.0,21.4,4.1,11.2,8310,9060.0,8.6,0.2,1090,買い出来高優勢 / MA上昇配列 / パーフェクトオーダー / 52週高値目前 / 開示[業績予想の修正](10日前)
7513,コジマ,小売業,17.2,★☆☆☆☆,0.0,0.0,5.3,0.0,9.5,0.0,2.4,0.0,,,0.0,10.2,2.9,2.2,1290,1370.0,-0.7,0.4,511,買い出来高優勢 / 資金流入増 / MA上昇配列 / パーフェクトオーダー / 開示[自己株式の取得](3日前)
7936,アシックス,その他製品,17.2,★☆☆☆☆,2.7,0.0,1.0,0.0,13.5,0.0,0.0,0.0,,S&P500,-5.5,11.2,2.7,4.3,4739,5014.0,5.5,0.1,15352,S&P500+1.4%連動(β0.74) / MA上昇配列 / パーフェクトオーダー / 52週高値目前
6875,メガチップス,電気機器,17.2,★☆☆☆☆,7.4,0.0,1.0,0.0,6.0,0.0,2.8,0.0,,Coherent,-16.8,7.0,4.4,12.6,10059,11030.0,21.7,0.6,1194,Coherent+16.0%連動(β0.19) / 開示[自己株式取得](1日前)
2664,カワチ薬品,小売業,17.1,★☆☆☆☆,0.0,0.0,0.0,0.0,15.0,0.0,2.1,0.0,,,0.0,8.0,2.7,7.1,3455,3655.0,9.9,0.3,205,MA上昇配列 / パーフェクトオーダー / 52週高値ブレイク! / 開示[自己株式取得](4日前)
6676,ＢＵＦＦＡＬＯ,電気機器,17.1,★☆☆☆☆,0.0,0.0,0.0,0.0,15.0,0.0,2.1,0.0,,,0.0,12.6,3.0,6.3,2678,2850.0,4.0,0.6,120,MA上昇配列 / パーフェクトオーダー / 52週高値ブレイク! / 開示[自己株式の取得](4日前)
7976,三菱鉛筆,その他製品,17.1,★☆☆☆☆,0.0,0.0,1.0,0.0,15.0,0.0,1.1,0.0,,,0.0,7.3,2.7,6.2,2709,2864.0,3.4,0.1,375,MA上昇配列 / パーフェクトオーダー / 52週高値ブレイク! / 開示[業績予想の修正](8日前)
6349,小森コーポレーション,機械,17.1,★☆☆☆☆,0.0,0.0,4.3,0.0,10.7,0.0,2.1,0.0,,,0.0,23.2,3.1,12.6,1790,1907.0,2.3,0.1,478,買い出来高優勢 / MA上昇配列 / パーフェクトオーダー / 開示[子会社化](9日前) / 開示[上方修正](9日前)
4008,住友精化,化学,17.099999999999998,★☆☆☆☆,0.0,0.0,4.0,0.0,13.7,0.0,2.4,-3.0,,,0.0,24.0,3.8,19.9,1433,1550.0,26.7,1.6,302,MA上昇配列 / パーフェクトオーダー / 52週高値ブレイク! / 伸びすぎ注意(25MA+20%) / 開示[自己株式の取得](3日前)
8159,立花エレテック,卸売業,17.099999999999998,★☆☆☆☆,0.0,0.0,3.0,0.0,13.7,0.0,3.4,-3.0,,,0.0,26.5,4.1,18.1,3731,4065.0,17.5,0.7,177,MA上昇配列 / パーフェクトオーダー / 52週高値ブレイク! / 伸びすぎ注意(25MA+18%) / 開示[上方修正](2日前)
7381,ＣＣＩグループ,銀行業,17.0,★☆☆☆☆,0.0,0.0,2.0,0.0,15.0,0.0,0.0,0.0,,,0.0,19.6,4.1,9.4,1119,1219.0,10.1,0.2,650,MA上昇配列 / パーフェクトオーダー / 52週高値ブレイク!
4634,ａｒｔｉｅｎｃｅ,化学,17.0,★☆☆☆☆,0.0,0.0,2.0,0.0,15.0,0.0,0.0,0.0,,,0.0,13.5,2.2,6.1,4548,4755.0,6.6,0.1,733,MA上昇配列 / パーフェクトオーダー / 52週高値ブレイク!
6742,京三製作所,電気機器,17.0,★☆☆☆☆,3.0,0.0,2.0,0.0,12.0,0.0,0.0,0.0,,SOX指数,-2.3,8.6,5.0,4.2,843,937.0,7.5,0.3,260,SOX指数+5.4%連動(β0.22) / MA上昇配列 / パーフェクトオーダー
7735,ＳＣＲＥＥＮホールディングス,電気機器,17.0,★☆☆☆☆,8.6,8.4,0.0,0.0,0.0,0.0,0.0,0.0,,Coherent,-3.0,-23.5,8.5,-16.8,10912,13150.0,4.4,0.3,58325,Coherent+16.0%連動(β0.21) / 半導体製造装置(+1.2%)
8015,豊田通商,卸売業,16.999999999999996,★☆☆☆☆,5.8,0.0,3.3,0.0,9.7,0.0,1.2,-3.0,,Skyworks,-11.5,26.7,3.3,16.9,7089,7593.0,13.0,0.2,20219,Skyworks+9.1%連動(β0.26) / 買い出来高優勢 / 52週高値ブレイク! / 伸びすぎ注意(25MA+17%) / 開示[業績予想の修正](7日前)
3176,三洋貿易,卸売業,16.900000000000002,★☆☆☆☆,0.0,0.0,5.3,0.0,12.5,0.0,2.1,-3.0,,,0.0,28.8,2.9,19.1,968,1028.0,18.8,0.7,229,買い出来高優勢 / 資金流入増 / MA上昇配列 / パーフェクトオーダー / 52週高値ブレイク! / RSI過熱(87)⚠ / 伸びすぎ注意(25MA+19%) / 開示[自己株式取得](4日前)
4183,三井化学,化学,16.9,★☆☆☆☆,2.9,0.0,2.0,0.0,12.0,0.0,0.0,0.0,,Qorvo,-3.8,6.7,3.0,2.1,2062,2194.0,3.6,0.1,4546,Qorvo+6.5%連動(β0.18) / MA上昇配列 / パーフェクトオーダー
6594,ニデック,電気機器,16.8,★☆☆☆☆,9.8,0.0,1.0,0.0,6.0,0.0,0.0,0.0,,Skyworks,0.9,7.2,3.5,4.6,2545,2738.0,5.7,0.2,12757,Skyworks+9.1%連動(β0.31) 未反応+0.9%
8697,日本取引所グループ,その他金融業,16.8,★☆☆☆☆,2.8,0.0,2.0,0.0,12.0,0.0,0.0,0.0,,SOX指数,-3.8,9.9,3.6,2.9,2119,2281.0,4.0,0.1,8988,SOX指数+5.4%連動(β0.21) / MA上昇配列 / パーフェクトオーダー
3402,東レ,繊維製品,16.8,★☆☆☆☆,0.0,0.0,3.3,0.0,13.5,0.0,0.0,0.0,,,0.0,17.6,3.0,12.6,1240,1320.5,14.0,0.6,5582,買い出来高優勢 / MA上昇配列 / パーフェクトオーダー / 52週高値目前
7350,おきなわフィナンシャルグループ,銀行業,16.8,★☆☆☆☆,0.0,0.0,3.3,0.0,13.5,0.0,0.0,0.0,,,0.0,15.7,3.5,7.4,7150,7680.0,4.5,0.2,543,買い出来高優勢 / MA上昇配列 / パーフェクトオーダー / 52週高値目前
3097,物語コーポレーション,小売業,16.8,★☆☆☆☆,0.0,0.0,3.3,0.0,13.5,0.0,0.0,0.0,,,0.0,11.3,3.0,6.5,5164,5490.0,0.2,0.2,947,買い出来高優勢 / MA上昇配列 / パーフェクトオーダー / 52週高値目前
3167,ＴＯＫＡＩホールディングス,卸売業,16.8,★☆☆☆☆,0.0,0.0,3.0,0.0,11.0,0.0,2.8,0.0,,,0.0,5.3,2.4,4.4,1146,1205.0,3.7,1.4,280,MA上昇配列 / パーフェクトオーダー / 52週高値目前 / 開示[自己株式取得](1日前)
2108,日本甜菜製糖,食料品,16.8,★☆☆☆☆,0.0,0.0,3.3,0.0,13.5,0.0,0.0,0.0,,,0.0,8.9,2.8,4.6,4859,5150.0,2.2,0.1,127,買い出来高優勢 / MA上昇配列 / パーフェクトオーダー / 52週高値目前
6083,ＥＲＩホールディングス,サービス業,16.8,★☆☆☆☆,0.0,0.0,4.3,0.0,12.5,0.0,0.0,0.0,,,0.0,23.9,2.9,11.1,1572,1670.0,6.0,0.3,154,買い出来高優勢 / MA上昇配列 / パーフェクトオーダー / 52週高値ブレイク! / RSI過熱(92)⚠
7537,丸文,卸売業,16.8,★☆☆☆☆,3.8,0.0,1.0,0.0,12.0,0.0,0.0,0.0,,SOX指数,-8.9,7.9,4.9,4.5,1581,1751.0,3.3,0.2,241,SOX指数+5.4%連動(β0.28) / MA上昇配列 / パーフェクトオーダー
8613,丸三証券,証券、商品先物取引業,16.8,★☆☆☆☆,0.0,0.0,2.0,0.0,13.5,0.0,1.3,0.0,,,0.0,12.3,2.1,5.5,1160,1211.0,-0.4,0.2,404,MA上昇配列 / パーフェクトオーダー / 52週高値目前 / 開示[増配](8日前)
4462,石原ケミカル,化学,16.7,★☆☆☆☆,3.2,0.0,2.0,0.0,10.0,0.0,1.5,0.0,,SOX指数,-7.3,5.0,5.4,3.7,2788,3125.0,7.7,0.1,122,SOX指数+5.4%連動(β0.24) / MA上昇配列 / パーフェクトオーダー / 開示[自己株式の取得](7日前)
3950,ザ・パック,パルプ・紙,16.7,★☆☆☆☆,0.0,0.0,3.3,0.0,11.0,0.0,2.4,0.0,,,0.0,10.4,1.9,1.8,1387,1441.0,-0.7,0.1,216,買い出来高優勢 / MA上昇配列 / パーフェクトオーダー / 52週高値目前 / 開示[自己株式の取得](3日前)
6758,ソニーグループ,電気機器,16.6,★☆☆☆☆,5.0,0.0,1.0,0.0,8.0,0.0,2.6,0.0,,Skyworks,-1.4,11.3,3.4,5.5,3458,3713.0,-2.0,0.2,65191,Skyworks+9.1%連動(β0.22) / MA上昇配列 / 開示[自己株式の取得](2日前)
4246,ダイキョーニシカワ,化学,16.6,★☆☆☆☆,0.0,0.0,1.0,0.0,10.7,0.0,4.9,0.0,,,0.0,9.6,2.0,5.4,1028,1071.0,4.0,0.8,279,MA上昇配列 / パーフェクトオーダー / 開示[増配](1日前) / 開示[自己株式の取得](4日前)
4180,Ａｐｐｉｅｒ　Ｇｒｏｕｐ,情報・通信業,16.6,★☆☆☆☆,8.6,0.0,0.0,0.0,8.0,0.0,0.0,0.0,,S&P500,1.6,11.8,3.7,5.6,905,977.0,2.5,0.2,878,S&P500+1.4%連動(β1.09) 未反応+1.6% / MA上昇配列
3110,日東紡績,ガラス・土石製品,16.6,★☆☆☆☆,13.9,0.0,0.0,0.0,2.7,0.0,0.0,0.0,,Coherent,0.9,-15.1,9.9,-10.2,2306,2872.0,2.6,0.3,18610,Coherent+16.0%連動(β0.28) 未反応+0.9%
6370,栗田工業,機械,16.6,★☆☆☆☆,9.9,0.0,0.0,0.0,3.7,0.0,3.0,0.0,,SOX指数,1.9,-0.3,4.3,-2.0,7952,8709.0,-0.4,0.6,4442,SOX指数+5.4%連動(β0.32) 未反応+1.9% / 開示[自己株式の取得](4日前) / 開示[業績予想の修正](9日前)
4027,テイカ,化学,16.599999999999998,★☆☆☆☆,0.0,0.0,2.0,0.0,12.2,0.0,2.4,0.0,,,0.0,8.6,3.6,4.4,2245,2419.0,8.8,0.2,154,MA上昇配列 / パーフェクトオーダー / 52週高値目前 / 開示[自己株式の取得](3日前)
8360,山梨中央銀行,銀行業,16.5,★☆☆☆☆,0.0,0.0,2.0,0.0,13.5,0.0,1.0,0.0,,,0.0,13.0,4.8,8.0,6521,7220.0,12.1,0.1,994,MA上昇配列 / パーフェクトオーダー / 52週高値目前 / 開示[株式分割](7日前)
8707,岩井コスモホールディングス,証券、商品先物取引業,16.5,★☆☆☆☆,0.0,0.0,3.0,0.0,13.5,0.0,0.0,0.0,,,0.0,6.5,3.0,2.6,4069,4330.0,3.2,0.1,523,MA上昇配列 / パーフェクトオーダー / 52週高値目前
2805,ヱスビー食品,食料品,16.5,★☆☆☆☆,0.0,0.0,3.0,0.0,13.5,0.0,0.0,0.0,,,0.0,21.0,4.3,13.1,6357,6960.0,5.5,0.1,363,MA上昇配列 / パーフェクトオーダー / 52週高値目前
6287,サトー,機械,16.5,★☆☆☆☆,0.0,0.0,3.0,0.0,13.5,0.0,0.0,0.0,,,0.0,11.1,1.9,5.5,2488,2587.0,5.7,0.1,306,MA上昇配列 / パーフェクトオーダー / 52週高値目前
8343,秋田銀行,銀行業,16.5,★☆☆☆☆,0.0,0.0,3.0,0.0,13.5,0.0,0.0,0.0,,,0.0,14.1,4.3,10.4,7399,8090.0,11.4,0.3,818,MA上昇配列 / パーフェクトオーダー / 52週高値目前
4997,日本農薬,化学,16.5,★☆☆☆☆,0.0,0.0,4.3,0.0,12.2,0.0,0.0,0.0,,,0.0,12.9,2.6,6.7,1057,1114.0,3.4,0.5,213,買い出来高優勢 / MA上昇配列 / パーフェクトオーダー / 52週高値目前
5122,オカモト,ゴム製品,16.400000000000002,★☆☆☆☆,0.0,0.0,3.3,0.0,11.0,0.0,2.1,0.0,,,0.0,22.6,3.1,14.7,6130,6540.0,9.0,0.1,171,買い出来高優勢 / MA上昇配列 / パーフェクトオーダー / 52週高値目前 / RSI過熱(95)⚠ / 開示[自己株式取得](4日前)
8544,京葉銀行,銀行業,16.400000000000002,★☆☆☆☆,2.8,0.0,2.0,0.0,9.5,0.0,2.1,0.0,,SOX指数,-0.7,3.8,4.6,0.1,2434,2682.0,1.2,0.2,1459,SOX指数+5.4%連動(β0.21) / MA上昇配列 / パーフェクトオーダー / 開示[自己株式の取得](4日前)
7715,長野計器,精密機器,16.4,★☆☆☆☆,4.4,0.0,2.0,0.0,10.0,0.0,0.0,0.0,,SOX指数,-1.0,3.5,5.2,2.0,3534,3940.0,4.5,0.2,358,SOX指数+5.4%連動(β0.33) / MA上昇配列 / パーフェクトオーダー
2492,インフォマート,サービス業,16.3,★☆☆☆☆,3.3,0.0,3.0,0.0,10.0,0.0,0.0,0.0,,S&P500,-12.3,21.7,6.2,14.0,520,593.0,4.2,0.2,1731,S&P500+1.4%連動(β0.93) / MA上昇配列 / パーフェクトオーダー
6264,マルマエ,機械,16.3,★☆☆☆☆,12.3,0.0,0.0,0.0,4.0,0.0,0.0,0.0,,Coherent,1.1,-0.8,7.0,-2.9,1759,2045.0,1.3,0.1,1820,Coherent+16.0%連動(β0.23) 未反応+1.1%
2782,セリア,小売業,16.3,★☆☆☆☆,0.0,0.0,4.3,0.0,12.0,0.0,0.0,0.0,,,0.0,15.8,3.6,9.3,3851,4150.0,7.8,0.1,1223,買い出来高優勢 / MA上昇配列 / パーフェクトオーダー
2760,東京エレクトロン　デバイス,卸売業,16.3,★☆☆☆☆,6.0,0.0,3.3,0.0,10.0,0.0,0.0,-3.0,,Skyworks,-10.1,23.5,5.4,15.9,4064,4555.0,13.0,0.3,944,Skyworks+9.1%連動(β0.26) / 買い出来高優勢 / MA上昇配列 / パーフェクトオーダー / 伸びすぎ注意(25MA+16%)
6333,ＴＥＩＫＯＫＵ,機械,16.3,★☆☆☆☆,0.0,0.0,4.3,0.0,12.0,0.0,0.0,0.0,,,0.0,6.7,3.3,1.2,3064,3280.0,-2.2,0.7,140,買い出来高優勢 / MA上昇配列 / パーフェクトオーダー
8005,スクロール,小売業,16.3,★☆☆☆☆,0.0,0.0,0.0,0.0,13.5,0.0,2.8,0.0,,,0.0,11.6,2.1,7.2,1783,1863.0,9.5,0.3,339,MA上昇配列 / パーフェクトオーダー / 52週高値目前 / 開示[業績予想の修正](7日前) / 開示[自己株式取得](7日前)
6480,日本トムソン,機械,16.2,★☆☆☆☆,4.1,0.0,1.0,0.0,9.0,0.0,2.1,0.0,,SOX指数,-4.7,-0.3,6.8,1.1,1657,1920.0,7.7,0.4,1757,SOX指数+5.4%連動(β0.31) / MA上昇配列 / パーフェクトオーダー / 開示[自己株式の取得](4日前)
6305,日立建機,機械,16.2,★☆☆☆☆,5.2,0.0,1.0,0.0,10.0,0.0,0.0,0.0,,Skyworks,-5.4,10.1,3.9,4.8,5196,5633.0,4.4,0.1,6726,Skyworks+9.1%連動(β0.23) / MA上昇配列 / パーフェクトオーダー
7741,ＨＯＹＡ,精密機器,16.1,★☆☆☆☆,7.9,0.0,2.0,0.0,4.7,0.0,1.5,0.0,,Coherent,0.8,5.8,3.1,2.3,24016,25630.0,3.9,0.1,25298,Coherent+16.0%連動(β0.14) 未反応+0.8% / 開示[自己株式取得](7日前)
4095,日本パーカライジング,化学,16.1,★☆☆☆☆,0.0,0.0,2.0,0.0,12.0,0.0,2.1,0.0,,,0.0,4.4,1.6,2.1,1655,1710.0,3.0,0.1,326,MA上昇配列 / パーフェクトオーダー / 開示[自己株式の取得](4日前)
1899,福田組,建設業,16.1,★☆☆☆☆,0.0,0.0,1.0,0.0,9.7,0.0,8.4,-3.0,,,0.0,23.5,3.2,16.4,4191,4480.0,15.8,0.9,242,52週高値ブレイク! / 伸びすぎ注意(25MA+16%) / 開示[自己株式の取得](1日前) / 開示[増配](1日前)
8101,ＧＳＩクレオス,卸売業,16.1,★☆☆☆☆,0.0,0.0,3.0,0.0,11.0,0.0,2.1,0.0,,,0.0,14.6,2.3,5.6,2607,2733.0,2.7,0.1,126,MA上昇配列 / パーフェクトオーダー / 52週高値目前 / 開示[自己株式の取得](4日前)
6258,平田機工,機械,16.0,★☆☆☆☆,7.0,0.0,2.0,0.0,7.0,0.0,0.0,0.0,,Coherent,-7.1,12.7,4.4,7.3,2901,3180.0,11.4,0.2,819,Coherent+16.0%連動(β0.18)
9900,サガミホールディングス,小売業,16.0,★☆☆☆☆,0.0,0.0,4.3,0.0,11.7,0.0,0.0,0.0,,,0.0,25.2,3.3,13.9,2040,2185.0,5.3,0.3,223,買い出来高優勢 / MA上昇配列 / 52週高値ブレイク!
6368,オルガノ,機械,16.0,★☆☆☆☆,13.3,0.0,0.0,0.0,2.7,0.0,0.0,0.0,,SOX指数,2.7,-3.0,6.8,-2.9,12582,14550.0,-0.9,0.1,4579,SOX指数+5.4%連動(β0.38) 未反応+2.7%
4025,多木化学,化学,16.0,★☆☆☆☆,0.0,0.0,4.3,0.0,11.0,0.0,3.7,-3.0,,,0.0,24.3,4.6,16.0,5244,5780.0,16.4,1.2,187,買い出来高優勢 / MA上昇配列 / パーフェクトオーダー / 伸びすぎ注意(25MA+16%) / 開示[上方修正](1日前)
8511,日本証券金融,その他金融業,16.0,★☆☆☆☆,0.0,0.0,1.0,0.0,15.0,0.0,0.0,0.0,,,0.0,10.5,2.4,6.8,2453,2579.0,8.0,0.6,619,MA上昇配列 / パーフェクトオーダー / 52週高値ブレイク!
9991,ジェコス,卸売業,15.9,★☆☆☆☆,0.0,0.0,4.3,0.0,10.7,0.0,0.9,0.0,,,0.0,14.2,2.2,7.0,1680,1759.0,0.7,0.2,110,買い出来高優勢 / MA上昇配列 / パーフェクトオーダー / 開示[子会社化](8日前)
7433,伯東,卸売業,15.9,★☆☆☆☆,0.0,0.0,4.3,0.0,9.5,0.0,2.1,0.0,,,0.0,20.2,3.0,13.0,5034,5350.0,8.3,0.4,514,買い出来高優勢 / MA上昇配列 / パーフェクトオーダー / RSI過熱(86)⚠ / 開示[上方修正](9日前) / 開示[株式分割](9日前)
5101,横浜ゴム,ゴム製品,15.9,★☆☆☆☆,2.9,0.0,2.0,0.0,11.0,0.0,0.0,0.0,,Analog Devices,-6.8,7.8,3.4,3.5,7367,7912.0,3.2,0.1,6307,Analog Devices+4.3%連動(β0.27) / MA上昇配列 / パーフェクトオーダー / 52週高値目前
5208,有沢製作所,化学,15.9,★☆☆☆☆,0.0,0.0,2.0,0.0,12.0,0.0,1.9,0.0,,,0.0,13.1,4.4,8.6,2506,2750.0,12.8,0.9,548,MA上昇配列 / パーフェクトオーダー / 開示[設備投資](1日前)
6136,オーエスジー,機械,15.8,★☆☆☆☆,2.8,0.0,1.0,0.0,12.0,0.0,0.0,0.0,,SOX指数,-8.1,5.5,3.8,3.0,3653,3951.0,7.5,0.1,2132,SOX指数+5.4%連動(β0.20) / MA上昇配列 / パーフェクトオーダー
5831,しずおかフィナンシャルグループ,銀行業,15.8,★☆☆☆☆,0.0,0.0,2.0,0.0,11.0,0.0,2.8,0.0,,,0.0,5.5,3.3,3.9,3193,3420.0,7.5,0.6,5520,MA上昇配列 / パーフェクトオーダー / 52週高値目前 / 開示[増配](1日前)
9278,ブックオフグループホールディングス,小売業,15.8,★☆☆☆☆,0.0,0.0,5.3,0.0,13.5,0.0,0.0,-3.0,,,0.0,36.4,4.6,15.7,2629,2898.0,2.9,0.1,575,買い出来高優勢 / 資金流入増 / MA上昇配列 / パーフェクトオーダー / 52週高値目前 / 伸びすぎ注意(25MA+16%)
4992,北興化学工業,化学,15.799999999999999,★☆☆☆☆,3.7,0.0,1.0,0.0,8.7,0.0,2.4,0.0,,SOX指数,-5.9,0.8,3.7,1.1,1834,1979.0,7.1,0.2,280,SOX指数+5.4%連動(β0.28) / MA上昇配列 / パーフェクトオーダー / 開示[自己株式の取得](3日前)
6364,ＡＩＲＭＡＮ,機械,15.7,★☆☆☆☆,0.0,0.0,5.3,0.0,10.7,0.0,4.7,-5.0,,,0.0,38.4,5.4,21.4,2296,2576.0,1.2,0.5,326,買い出来高優勢 / 資金流入増 / MA上昇配列 / パーフェクトオーダー / 過熱⚠25MA+21% / 開示[自己株式の取得](3日前) / 開示[業績予想の修正](8日前)
8368,百五銀行,銀行業,15.7,★☆☆☆☆,3.7,0.0,0.0,0.0,12.0,0.0,0.0,0.0,,Intel,-5.5,5.5,4.6,4.2,1950,2148.0,6.5,0.1,1791,Intel+9.7%連動(β0.15) / MA上昇配列 / パーフェクトオーダー
7942,ＪＳＰ,化学,15.7,★☆☆☆☆,0.0,0.0,5.3,0.0,12.2,0.0,1.2,-3.0,,,0.0,23.2,3.0,15.7,2781,2959.0,16.8,0.2,205,買い出来高優勢 / 資金流入増 / MA上昇配列 / パーフェクトオーダー / 52週高値目前 / 伸びすぎ注意(25MA+16%) / 開示[業績予想の修正](7日前)
4385,メルカリ,情報・通信業,15.7,★☆☆☆☆,3.1,0.0,0.0,0.0,10.0,0.0,2.6,0.0,,S&P500,-11.9,7.2,4.6,6.6,4396,4837.0,12.8,0.3,8221,S&P500+1.4%連動(β0.86) / MA上昇配列 / パーフェクトオーダー / 開示[自己株式取得](2日前)
8276,平和堂,小売業,15.7,★☆☆☆☆,0.0,0.0,6.7,0.0,9.0,0.0,0.0,0.0,,,0.0,7.2,2.3,3.2,2569,2692.0,1.1,2.3,376,出来高増2.3倍 / 買い出来高優勢 / MA上昇配列
4092,日本化学工業,化学,15.600000000000001,★☆☆☆☆,0.0,0.0,3.3,0.0,11.0,0.0,1.3,0.0,,,0.0,43.3,8.1,12.5,4756,5670.0,-4.4,0.1,1733,買い出来高優勢 / MA上昇配列 / パーフェクトオーダー / 開示[自己株式取得](8日前)
8358,スルガ銀行,銀行業,15.6,★☆☆☆☆,0.0,0.0,2.0,0.0,11.0,0.0,2.6,0.0,,,0.0,7.1,3.0,3.6,2583,2751.0,5.6,0.2,2294,MA上昇配列 / パーフェクトオーダー / 52週高値目前 / 開示[自己株式の取得](2日前)
3941,レンゴー,パルプ・紙,15.6,★☆☆☆☆,0.0,0.0,1.0,0.0,12.0,0.0,2.6,0.0,,,0.0,15.5,2.9,8.0,1502,1595.5,6.9,0.1,1642,MA上昇配列 / パーフェクトオーダー / 開示[自己株式の取得](2日前)
8154,加賀電子,卸売業,15.6,★☆☆☆☆,2.9,0.0,2.0,0.0,10.7,0.0,0.0,0.0,,SOX指数,-1.6,16.9,3.6,10.4,4509,4855.0,3.4,0.3,663,SOX指数+5.4%連動(β0.22) / MA上昇配列 / パーフェクトオーダー
5232,住友大阪セメント,ガラス・土石製品,15.6,★☆☆☆☆,0.0,0.0,2.0,0.0,12.0,0.0,1.6,0.0,,,0.0,13.2,4.8,6.8,5432,6009.0,10.2,0.1,2055,MA上昇配列 / パーフェクトオーダー / 開示[株式分割](3日前)
4674,クレスコ,情報・通信業,15.6,★☆☆☆☆,0.0,0.0,3.0,0.0,10.5,0.0,2.1,0.0,,,0.0,20.3,2.7,14.1,1709,1807.0,11.8,0.6,187,MA上昇配列 / 52週高値ブレイク! / RSI過熱(86)⚠ / 開示[自己株式の取得](4日前)
8306,三菱ＵＦＪフィナンシャル・グループ,銀行業,15.6,★☆☆☆☆,4.1,0.0,2.0,0.0,9.5,0.0,0.0,0.0,,SOX指数,0.4,7.6,3.0,0.8,3373,3592.0,0.6,0.2,163835,SOX指数+5.4%連動(β0.21) / MA上昇配列 / パーフェクトオーダー
6250,やまびこ,機械,15.6,★☆☆☆☆,0.0,0.0,2.0,0.0,12.2,0.0,1.4,0.0,,,0.0,12.9,3.1,7.6,3911,4165.0,7.5,0.2,357,MA上昇配列 / パーフェクトオーダー / 52週高値目前 / 開示[子会社化](4日前)
8011,三陽商会,繊維製品,15.6,★☆☆☆☆,0.0,0.0,2.0,0.0,11.0,0.0,2.6,0.0,,,0.0,23.2,3.4,12.4,4789,5140.0,4.9,0.2,167,MA上昇配列 / パーフェクトオーダー / 52週高値目前 / RSI過熱(86)⚠ / 開示[自己株式の取得](4日前) / 開示[株式分割](11日前)
6844,新電元工業,電気機器,15.6,★☆☆☆☆,4.6,0.0,0.0,0.0,11.0,0.0,0.0,0.0,,Intel,-3.9,1.1,5.0,3.2,3329,3700.0,8.3,0.1,411,Intel+9.7%連動(β0.19) / MA上昇配列 / パーフェクトオーダー
8362,福井銀行,銀行業,15.5,★☆☆☆☆,0.0,0.0,2.0,0.0,13.5,0.0,0.0,0.0,,,0.0,8.1,4.7,5.9,5689,6280.0,10.6,0.2,439,MA上昇配列 / パーフェクトオーダー / 52週高値目前
3864,三菱製紙,パルプ・紙,15.5,★☆☆☆☆,0.0,0.0,2.0,0.0,13.5,0.0,0.0,0.0,,,0.0,20.7,4.9,8.1,1077,1194.0,6.3,0.6,316,MA上昇配列 / パーフェクトオーダー / 52週高値目前
7276,小糸製作所,電気機器,15.5,★☆☆☆☆,3.1,0.0,2.0,0.0,7.0,0.0,3.4,0.0,,Qorvo,-1.2,9.4,2.8,5.2,2566,2717.5,0.8,0.1,2491,Qorvo+6.5%連動(β0.19) / 開示[自己株式の取得](4日前) / 開示[自己株式の取得](8日前)
7184,富山第一銀行,銀行業,15.5,★☆☆☆☆,0.0,0.0,2.0,0.0,13.5,0.0,0.0,0.0,,,0.0,16.7,5.0,7.7,2809,3120.0,7.2,0.1,687,MA上昇配列 / パーフェクトオーダー / 52週高値目前
8387,四国銀行,銀行業,15.5,★☆☆☆☆,0.0,0.0,2.0,0.0,13.5,0.0,0.0,0.0,,,0.0,15.3,3.8,9.5,3351,3625.0,8.9,0.2,450,MA上昇配列 / パーフェクトオーダー / 52週高値目前
6395,タダノ,機械,15.5,★☆☆☆☆,2.8,0.0,2.0,0.0,10.7,0.0,0.0,0.0,,Analog Devices,-5.1,12.7,3.8,7.5,1310,1417.0,5.9,0.2,639,Analog Devices+4.3%連動(β0.26) / MA上昇配列 / パーフェクトオーダー
9279,ギフトホールディングス,小売業,15.5,★☆☆☆☆,0.0,0.0,3.3,0.0,12.2,0.0,0.0,0.0,,,0.0,29.0,3.6,11.9,5026,5420.0,5.7,0.1,505,買い出来高優勢 / MA上昇配列 / パーフェクトオーダー / 52週高値目前
8345,岩手銀行,銀行業,15.5,★☆☆☆☆,0.0,0.0,2.0,0.0,13.5,0.0,0.0,0.0,,,0.0,15.0,4.2,8.3,2175,2375.0,10.2,0.2,622,MA上昇配列 / パーフェクトオーダー / 52週高値目前
8550,栃木銀行,銀行業,15.5,★☆☆☆☆,0.0,0.0,2.0,0.0,13.5,0.0,0.0,0.0,,,0.0,10.2,4.7,5.5,947,1045.0,9.9,0.2,873,MA上昇配列 / パーフェクトオーダー / 52週高値目前
8341,七十七銀行,銀行業,15.5,★☆☆☆☆,0.0,0.0,2.0,0.0,13.5,0.0,0.0,0.0,,,0.0,7.1,3.5,4.2,3434,3689.0,5.6,0.2,2131,MA上昇配列 / パーフェクトオーダー / 52週高値目前
5302,日本カーボン,ガラス・土石製品,15.5,★☆☆☆☆,0.0,0.0,2.0,0.0,13.5,0.0,0.0,0.0,,,0.0,7.3,1.9,4.5,4781,4975.0,5.1,0.1,274,MA上昇配列 / パーフェクトオーダー / 52週高値目前
7384,プロクレアホールディングス,銀行業,15.5,★☆☆☆☆,0.0,0.0,2.0,0.0,13.5,0.0,0.0,0.0,,,0.0,9.9,4.3,6.7,4033,4410.0,10.3,0.1,367,MA上昇配列 / パーフェクトオーダー / 52週高値目前
4205,日本ゼオン,化学,15.5,★☆☆☆☆,0.0,0.0,2.0,0.0,13.5,0.0,0.0,0.0,,,0.0,8.3,3.2,6.1,2271,2425.0,7.3,0.1,2438,MA上昇配列 / パーフェクトオーダー / 52週高値目前
8604,野村ホールディングス,証券、商品先物取引業,15.5,★☆☆☆☆,4.0,0.0,2.0,0.0,9.5,0.0,0.0,0.0,,Intel,-2.3,4.8,3.1,0.7,1465,1563.5,2.9,0.2,17200,Intel+9.7%連動(β0.16) / MA上昇配列 / パーフェクトオーダー
5830,いよぎんホールディングス,銀行業,15.5,★☆☆☆☆,0.0,0.0,2.0,0.0,13.5,0.0,0.0,0.0,,,0.0,14.4,3.9,6.2,3399,3687.0,1.5,0.2,3813,MA上昇配列 / パーフェクトオーダー / 52週高値目前
5121,藤倉コンポジット,ゴム製品,15.5,★☆☆☆☆,0.0,0.0,2.0,0.0,13.5,0.0,0.0,0.0,,,0.0,8.9,2.7,7.0,2582,2731.0,9.1,0.1,255,MA上昇配列 / パーフェクトオーダー / 52週高値目前
8600,トモニホールディングス,銀行業,15.5,★☆☆☆☆,0.0,0.0,3.3,0.0,12.2,0.0,0.0,0.0,,,0.0,17.7,3.3,7.1,972,1040.0,4.3,0.1,624,買い出来高優勢 / MA上昇配列 / パーフェクトオーダー / 52週高値目前
7047,ポート,サービス業,15.5,★☆☆☆☆,3.5,0.0,1.0,0.0,11.0,0.0,0.0,0.0,,S&P500,-3.9,6.3,3.4,3.6,2416,2593.0,6.3,0.2,223,S&P500+1.4%連動(β0.99) / MA上昇配列 / パーフェクトオーダー
8713,フィデアホールディングス,銀行業,15.5,★☆☆☆☆,0.0,0.0,3.3,0.0,12.2,0.0,0.0,0.0,,,0.0,12.7,2.7,6.4,2128,2249.0,4.1,0.3,146,買い出来高優勢 / MA上昇配列 / パーフェクトオーダー / 52週高値目前
8616,東海東京フィナンシャル・ホールディングス,証券、商品先物取引業,15.5,★☆☆☆☆,0.0,0.0,2.0,0.0,13.5,0.0,0.0,0.0,,,0.0,10.1,2.5,4.0,786,827.0,3.1,0.1,739,MA上昇配列 / パーフェクトオーダー / 52週高値目前
5393,ニチアス,ガラス・土石製品,15.4,★☆☆☆☆,2.9,0.0,0.0,0.0,6.0,0.0,6.5,0.0,,SOX指数,-4.0,-1.8,4.1,2.0,3271,3566.0,6.2,0.1,2251,SOX指数+5.4%連動(β0.22) / 開示[業績予想の修正](3日前) / 開示[自己株式の取得](3日前)
6080,Ｍ＆Ａキャピタルパートナーズ,サービス業,15.4,★☆☆☆☆,0.0,0.0,4.3,0.0,8.7,0.0,2.4,0.0,,,0.0,14.5,3.0,6.9,3780,4020.0,3.5,0.2,491,買い出来高優勢 / MA上昇配列 / パーフェクトオーダー / 開示[業績予想の修正](8日前) / 開示[増配](8日前)
6381,アネスト岩田,機械,15.4,★☆☆☆☆,0.0,0.0,2.0,0.0,11.0,0.0,2.4,0.0,,,0.0,10.3,1.7,5.9,1823,1889.0,4.8,0.1,177,MA上昇配列 / パーフェクトオーダー / 52週高値目前 / RSI過熱(92)⚠ / 開示[自己株式の取得](3日前)
8012,長瀬産業,卸売業,15.4,★☆☆☆☆,0.0,0.0,1.0,0.0,12.0,0.0,2.4,0.0,,,0.0,10.2,3.4,5.7,1160,1245.0,9.4,0.1,1050,MA上昇配列 / パーフェクトオーダー / 開示[自己株式取得](3日前)
4369,トリケミカル研究所,化学,15.4,★☆☆☆☆,9.4,0.0,1.0,0.0,5.0,0.0,0.0,0.0,,Coherent,-0.5,8.5,6.5,2.6,2957,3395.0,4.6,0.3,1798,Coherent+16.0%連動(β0.24)
6432,竹内製作所,機械,15.4,★☆☆☆☆,3.4,0.0,0.0,0.0,12.0,0.0,0.0,0.0,,SOX指数,-3.5,10.2,3.9,3.0,7031,7630.0,2.4,0.3,2580,SOX指数+5.4%連動(β0.25) / MA上昇配列 / パーフェクトオーダー
2801,キッコーマン,食料品,15.4,★☆☆☆☆,0.0,0.0,2.0,0.0,11.0,0.0,2.4,0.0,,,0.0,9.0,3.9,7.0,1630,1768.0,7.3,0.2,6651,MA上昇配列 / パーフェクトオーダー / 開示[自己株式の取得](3日前)
8150,三信電気,卸売業,15.4,★☆☆☆☆,0.0,0.0,2.0,0.0,10.0,0.0,3.4,0.0,,,0.0,9.1,3.0,4.0,2824,3005.0,3.4,0.3,162,MA上昇配列 / 開示[上方修正](2日前)
6855,日本電子材料,電気機器,15.399999999999999,★☆☆☆☆,12.7,0.0,0.0,0.0,2.7,0.0,0.0,0.0,,Coherent,0.6,-4.8,8.8,-1.9,5294,6430.0,5.6,0.3,4991,Coherent+16.0%連動(β0.27) 未反応+0.6%
6777,ｓａｎｔｅｃ　Ｈｏｌｄｉｎｇｓ,電気機器,15.399999999999999,★☆☆☆☆,11.7,0.0,1.0,0.0,2.7,0.0,0.0,0.0,,Coherent,0.5,-6.9,8.4,-4.7,15490,18600.0,7.6,0.3,2725,Coherent+16.0%連動(β0.26)
6200,インソース,サービス業,15.3,★☆☆☆☆,0.0,0.0,5.3,0.0,5.5,0.0,4.5,0.0,,,0.0,17.7,4.1,4.9,656,715.0,-5.2,0.1,660,買い出来高優勢 / 資金流入増 / MA上昇配列 / 開示[自己株式の取得](3日前) / 開示[自己株式の取得](4日前)
2730,エディオン,小売業,15.3,★☆☆☆☆,0.0,0.0,3.3,0.0,12.0,0.0,0.0,0.0,,,0.0,11.9,2.8,5.6,2404,2549.0,5.2,0.1,750,買い出来高優勢 / MA上昇配列 / パーフェクトオーダー
9436,沖縄セルラー電話,情報・通信業,15.299999999999999,★☆☆☆☆,0.0,0.0,1.0,0.0,12.2,0.0,2.1,0.0,,,0.0,11.2,2.2,7.2,3945,4130.0,6.7,0.2,428,MA上昇配列 / パーフェクトオーダー / 52週高値目前 / 開示[自己株式の取得](4日前)
4212,積水樹脂,化学,15.299999999999999,★☆☆☆☆,0.0,0.0,2.0,0.0,10.7,0.0,2.6,0.0,,,0.0,11.7,3.2,7.4,2749,2935.0,-0.5,0.1,237,MA上昇配列 / パーフェクトオーダー / 開示[増配](8日前) / 開示[自己株式取得](8日前)
8053,住友商事,卸売業,15.299999999999999,★☆☆☆☆,4.5,0.0,2.0,0.0,6.7,0.0,2.1,0.0,,Skyworks,-4.8,15.5,3.0,9.9,1665,1771.0,6.0,0.2,19123,Skyworks+9.1%連動(β0.20) / 開示[自己株式の取得](4日前)
8766,東京海上ホールディングス,保険業,15.2,★☆☆☆☆,0.0,0.0,1.0,0.0,9.5,0.0,4.7,0.0,,,0.0,3.4,2.7,1.1,7527,7953.0,-2.0,0.2,35475,MA上昇配列 / パーフェクトオーダー / 開示[自己株式の取得](3日前) / 開示[自己株式の取得](3日前)
4401,ＡＤＥＫＡ,化学,15.2,★☆☆☆☆,3.2,0.0,2.0,0.0,10.0,0.0,0.0,0.0,,SOX指数,-5.1,3.5,3.0,2.4,3935,4186.0,6.1,0.3,1619,SOX指数+5.4%連動(β0.23) / MA上昇配列 / パーフェクトオーダー
4968,荒川化学工業,化学,15.2,★☆☆☆☆,3.2,0.0,1.0,0.0,11.0,0.0,0.0,0.0,,SOX指数,-28.7,11.0,6.7,13.0,2046,2362.0,29.9,0.7,744,SOX指数+5.4%連動(β0.23) / MA上昇配列 / パーフェクトオーダー
1944,きんでん,建設業,15.100000000000001,★☆☆☆☆,0.0,11.9,1.0,0.0,2.2,0.0,0.0,0.0,,,0.0,-5.7,4.3,-4.9,6474,7081.0,-0.1,0.1,7023,AIデータセンター・電力(+2.9%)
5851,リョービ,非鉄金属,15.1,★☆☆☆☆,0.0,0.0,3.3,0.0,6.7,0.0,5.1,0.0,,,0.0,11.1,2.3,7.0,2604,2732.0,6.9,0.1,347,買い出来高優勢 / 開示[増配](2日前) / 開示[自己株式取得](2日前)
5020,ＥＮＥＯＳホールディングス,石油・石炭製品,15.1,★☆☆☆☆,0.0,0.0,2.0,0.0,11.0,0.0,2.1,0.0,,,0.0,9.9,2.5,5.0,1282,1350.0,1.7,0.4,8665,MA上昇配列 / パーフェクトオーダー / 開示[自己株式の取得](4日前)
9274,ＫＰＰグループホールディングス,卸売業,15.1,★☆☆☆☆,0.0,0.0,2.0,0.0,11.0,0.0,2.1,0.0,,,0.0,8.9,2.3,3.0,1058,1109.0,-0.1,0.2,249,MA上昇配列 / パーフェクトオーダー / 52週高値目前 / 開示[自己株式の取得](4日前)
3106,倉敷紡績,繊維製品,15.1,★☆☆☆☆,0.0,0.0,2.0,0.0,11.0,0.0,2.1,0.0,,,0.0,3.4,4.1,1.2,9324,10160.0,2.6,0.1,494,MA上昇配列 / パーフェクトオーダー / 開示[自己株式の取得](4日前)
8381,山陰合同銀行,銀行業,15.1,★☆☆☆☆,0.0,0.0,2.0,0.0,11.0,0.0,2.1,0.0,,,0.0,4.8,3.2,2.7,2344,2507.0,7.3,0.1,1005,MA上昇配列 / パーフェクトオーダー / 52週高値目前 / 開示[自己株式の取得](4日前)
9107,川崎汽船,海運業,15.1,★☆☆☆☆,0.0,0.0,2.0,0.0,11.0,0.0,2.1,0.0,,,0.0,12.6,2.6,4.5,2695,2843.5,-0.2,0.3,12377,MA上昇配列 / パーフェクトオーダー / 52週高値目前 / 開示[自己株式の取得](4日前) / 開示[業績予想の修正](14日前)
7943,ニチハ,ガラス・土石製品,15.1,★☆☆☆☆,0.0,0.0,1.0,0.0,9.0,0.0,5.1,0.0,,,0.0,12.2,2.6,4.5,3032,3200.0,3.6,0.2,261,MA上昇配列 / 開示[自己株式の取得](4日前) / 開示[増配](7日前)
6457,グローリー,機械,15.1,★☆☆☆☆,0.0,0.0,2.0,0.0,11.0,0.0,2.1,0.0,,,0.0,17.0,2.2,8.7,4550,4758.0,4.1,0.1,905,MA上昇配列 / パーフェクトオーダー / 52週高値目前 / RSI過熱(92)⚠ / 開示[自己株式の取得](4日前)
6371,椿本チエイン,機械,15.1,★☆☆☆☆,0.0,0.0,1.0,0.0,12.0,0.0,2.1,0.0,,,0.0,5.5,2.3,2.3,2561,2684.0,3.8,0.2,527,MA上昇配列 / パーフェクトオーダー / 開示[自己株式の取得](4日前)
9678,カナモト,サービス業,15.1,★☆☆☆☆,0.0,0.0,1.0,0.0,12.0,0.0,2.1,0.0,,,0.0,8.0,2.6,5.0,5153,5430.0,3.6,0.1,546,MA上昇配列 / パーフェクトオーダー / 開示[自己株式の取得](4日前)
8059,第一実業,卸売業,15.1,★☆☆☆☆,0.0,0.0,2.0,0.0,11.0,0.0,2.1,0.0,,,0.0,9.8,3.4,3.4,3252,3490.0,9.4,0.3,324,MA上昇配列 / パーフェクトオーダー / 52週高値目前 / 開示[自己株式の取得](4日前)
7915,ＮＩＳＳＨＡ,その他製品,15.1,★☆☆☆☆,15.1,0.0,0.0,0.0,0.0,0.0,0.0,0.0,,SOX指数,6.7,-1.2,3.2,-5.3,1178,1258.0,-5.3,0.4,302,SOX指数+5.4%連動(β0.23) 未反応+6.7%
6237,イワキポンプ,機械,15.0,★☆☆☆☆,0.0,0.0,3.0,0.0,12.0,0.0,0.0,0.0,,,0.0,29.0,5.9,13.9,4845,5490.0,6.6,0.4,811,資金流入増 / MA上昇配列 / パーフェクトオーダー
7327,第四北越フィナンシャルグループ,銀行業,15.0,★☆☆☆☆,0.0,0.0,2.0,0.0,11.0,0.0,2.0,0.0,,,0.0,7.7,2.8,3.2,2241,2375.0,2.9,0.1,1934,MA上昇配列 / パーフェクトオーダー / 52週高値目前 / 開示[上方修正](7日前)
2269,明治ホールディングス,食料品,15.0,★☆☆☆☆,0.0,0.0,0.0,0.0,15.0,0.0,0.0,0.0,,,0.0,8.4,2.9,7.0,3837,4077.0,7.6,0.3,4598,MA上昇配列 / パーフェクトオーダー / 52週高値ブレイク!
4452,花王,化学,15.0,★☆☆☆☆,0.0,0.0,2.0,0.0,13.0,0.0,0.0,0.0,,,0.0,13.6,2.8,10.4,3445,3649.0,11.7,0.5,11350,MA上昇配列 / 52週高値ブレイク!
5632,三菱製鋼,鉄鋼,15.0,★☆☆☆☆,0.0,0.0,2.0,0.0,10.7,0.0,2.3,0.0,,,0.0,13.4,3.0,7.5,2189,2329.0,6.8,0.6,154,MA上昇配列 / パーフェクトオーダー / 開示[業績予想の修正](1日前)
3946,トーモク,パルプ・紙,15.0,★☆☆☆☆,0.0,0.0,4.0,0.0,9.5,0.0,1.5,0.0,,,0.0,14.3,2.5,5.0,4328,4560.0,1.0,0.3,638,資金流入増 / MA上昇配列 / パーフェクトオーダー / 開示[自己株式取得](7日前)
6890,フェローテック,電気機器,15.0,★☆☆☆☆,9.0,0.0,1.0,0.0,5.0,0.0,0.0,0.0,,Coherent,-0.1,4.3,9.4,2.4,6893,8490.0,2.3,0.2,14496,Coherent+16.0%連動(β0.22)
6677,エスケーエレクトロニクス,電気機器,15.0,★☆☆☆☆,0.0,0.0,3.0,0.0,12.0,0.0,0.0,0.0,,,0.0,10.0,3.6,5.6,3404,3665.0,5.6,0.3,238,MA上昇配列 / パーフェクトオーダー
6965,浜松ホトニクス,電気機器,14.9,★☆☆☆☆,10.1,0.0,0.0,0.0,2.7,0.0,2.1,0.0,,Skyworks,1.3,-0.7,5.0,-2.3,2110,2346.0,1.0,0.6,7355,Skyworks+9.1%連動(β0.27) 未反応+1.3% / 開示[自己株式の取得](4日前)
6727,ワコム,電気機器,14.9,★☆☆☆☆,6.9,0.0,2.0,0.0,6.0,0.0,0.0,0.0,,SOX指数,1.1,3.3,3.9,1.7,723,785.0,0.6,0.1,685,SOX指数+5.4%連動(β0.26) 未反応+1.1%
8137,サンワテクノス,卸売業,14.9,★☆☆☆☆,2.9,0.0,0.0,0.0,12.0,0.0,0.0,0.0,,SOX指数,-6.9,5.6,3.7,4.0,3675,3965.0,10.0,0.1,290,SOX指数+5.4%連動(β0.21) / MA上昇配列 / パーフェクトオーダー
4613,関西ペイント,化学,14.899999999999999,★☆☆☆☆,0.0,0.0,2.0,0.0,12.2,0.0,0.7,0.0,,,0.0,10.7,2.0,6.2,2817,2933.0,3.6,0.2,2593,MA上昇配列 / パーフェクトオーダー / 52週高値目前 / 開示[子会社化](9日前)
4902,コニカミノルタ,電気機器,14.8,★☆☆☆☆,5.3,0.0,2.0,0.0,7.5,0.0,0.0,0.0,,Skyworks,-7.8,16.2,4.8,5.7,591,654.5999755859375,10.8,0.3,2710,Skyworks+9.1%連動(β0.23) / MA上昇配列
8541,愛媛銀行,銀行業,14.8,★☆☆☆☆,0.0,0.0,5.3,0.0,9.5,0.0,0.0,0.0,,,0.0,26.1,5.0,12.2,2553,2835.0,1.9,0.1,1036,買い出来高優勢 / 資金流入増 / MA上昇配列 / パーフェクトオーダー
8163,ＳＲＳホールディングス,小売業,14.8,★☆☆☆☆,0.0,0.0,5.3,0.0,12.5,0.0,0.0,-3.0,,,0.0,28.5,2.9,17.2,1500,1593.0,11.1,0.4,262,買い出来高優勢 / 資金流入増 / MA上昇配列 / パーフェクトオーダー / 52週高値ブレイク! / RSI過熱(87)⚠ / 伸びすぎ注意(25MA+17%)
4188,三菱ケミカルグループ,化学,14.799999999999999,★☆☆☆☆,2.6,0.0,0.0,0.0,11.0,0.0,1.2,0.0,,SOX指数,-5.7,6.2,3.9,2.7,1118,1212.0,2.0,0.1,7459,SOX指数+5.4%連動(β0.20) / MA上昇配列 / パーフェクトオーダー / 52週高値目前 / 開示[業績予想の修正](7日前)
4461,第一工業製薬,化学,14.799999999999997,★☆☆☆☆,4.9,0.0,3.0,0.0,11.0,0.0,0.9,-5.0,,SOX指数,-18.3,37.5,7.6,26.4,12073,14240.0,12.8,0.2,2364,SOX指数+5.4%連動(β0.36) / MA上昇配列 / パーフェクトオーダー / 過熱⚠25MA+26% / 開示[業績予想の修正](9日前)
7366,ＬＩＴＡＬＩＣＯ,サービス業,14.7,★☆☆☆☆,2.7,0.0,2.0,0.0,10.0,0.0,0.0,0.0,,S&P500,-10.4,8.8,3.5,7.0,1641,1764.0,10.9,0.5,188,S&P500+1.4%連動(β0.74) / MA上昇配列 / パーフェクトオーダー
6958,日本シイエムケイ,電気機器,14.7,★☆☆☆☆,4.6,0.0,1.0,0.0,7.0,0.0,2.1,0.0,,SOX指数,-8.5,13.1,4.6,8.3,631,695.0,10.3,0.2,501,SOX指数+5.4%連動(β0.34) / 開示[業績予想の修正](2日前)
6505,東洋電機製造,電気機器,14.7,★☆☆☆☆,0.0,0.0,4.0,0.0,10.7,0.0,0.0,0.0,,,0.0,24.4,2.7,8.2,2299,2432.0,3.5,0.1,238,資金流入増 / MA上昇配列 / パーフェクトオーダー
9889,ＪＢＣＣホールディングス,情報・通信業,14.7,★☆☆☆☆,0.0,0.0,3.0,0.0,8.7,0.0,3.0,0.0,,,0.0,24.2,3.7,13.5,1585,1712.0,5.9,0.2,368,MA上昇配列 / 開示[増配](7日前) / 開示[自己株式取得](7日前)
8399,琉球銀行,銀行業,14.7,★☆☆☆☆,0.0,0.0,1.0,0.0,13.7,0.0,0.0,0.0,,,0.0,15.7,3.4,8.2,2902,3115.0,5.8,0.1,412,MA上昇配列 / パーフェクトオーダー / 52週高値ブレイク!
5201,ＡＧＣ,ガラス・土石製品,14.7,★☆☆☆☆,14.7,0.0,0.0,0.0,0.0,0.0,0.0,0.0,,SOX指数,4.8,-7.5,3.7,-6.5,5405,5837.0,-4.0,0.1,9782,SOX指数+5.4%連動(β0.20) 未反応+4.8%
8075,神鋼商事,卸売業,14.600000000000001,★☆☆☆☆,0.0,0.0,4.3,0.0,10.5,0.0,2.8,-3.0,,,0.0,23.5,2.5,16.3,2810,2959.0,14.8,1.0,162,買い出来高優勢 / MA上昇配列 / 52週高値ブレイク! / RSI過熱(90)⚠ / 伸びすぎ注意(25MA+16%) / 開示[増配](1日前)
8097,三愛オブリ,卸売業,14.600000000000001,★☆☆☆☆,0.0,0.0,3.3,0.0,8.5,0.0,2.8,0.0,,,0.0,11.5,2.2,4.5,2241,2347.0,0.9,0.7,200,買い出来高優勢 / MA上昇配列 / パーフェクトオーダー / 開示[自己株式取得](1日前)
4527,ロート製薬,医薬品,14.600000000000001,★☆☆☆☆,0.0,0.0,4.3,0.0,8.0,0.0,2.3,0.0,,,0.0,15.4,3.6,14.4,2588,2785.5,16.6,2.8,2938,出来高増2.8倍 / MA上昇配列 / 開示[業績予想の修正](1日前)
8001,伊藤忠商事,卸売業,14.6,★☆☆☆☆,3.8,0.0,0.0,0.0,8.7,0.0,2.1,0.0,,Skyworks,-2.7,12.3,2.3,6.4,1983,2078.5,3.2,0.3,27533,Skyworks+9.1%連動(β0.17) / MA上昇配列 / 開示[自己株式の取得](4日前)
7806,ＭＴＧ,その他製品,14.6,★☆☆☆☆,0.0,0.0,2.0,0.0,9.5,0.0,3.1,0.0,,,0.0,6.9,5.3,1.7,6983,7810.0,2.6,0.2,1048,MA上昇配列 / パーフェクトオーダー / 開示[上方修正](3日前)
6834,精工技研,電気機器,14.6,★☆☆☆☆,9.6,0.0,0.0,0.0,5.0,0.0,0.0,0.0,,Coherent,-8.5,-4.1,9.0,0.6,17400,21240.0,13.2,0.2,3360,Coherent+16.0%連動(β0.24)
9449,ＧＭＯインターネットグループ,情報・通信業,14.6,★☆☆☆☆,0.0,0.0,1.0,0.0,11.0,0.0,2.6,0.0,,,0.0,12.8,3.1,4.8,3946,4205.0,-1.2,0.2,2027,MA上昇配列 / パーフェクトオーダー / 52週高値目前 / 開示[自己株式の取得](2日前)
5844,京都フィナンシャルグループ,銀行業,14.6,★☆☆☆☆,0.0,0.0,0.0,0.0,12.0,0.0,2.6,0.0,,,0.0,0.3,2.7,1.1,4435,4683.0,5.5,0.2,4129,MA上昇配列 / パーフェクトオーダー / 開示[自己株式の取得](2日前)
3563,ＦＯＯＤ　＆　ＬＩＦＥ　ＣＯＭＰＡＮＩＥＳ,小売業,14.5,★☆☆☆☆,0.0,0.0,1.0,0.0,13.5,0.0,0.0,0.0,,,0.0,25.6,3.6,11.6,5550,5975.0,7.5,0.3,10600,MA上昇配列 / パーフェクトオーダー / 52週高値目前
5574,ＡＢＥＪＡ,情報・通信業,14.5,★☆☆☆☆,0.0,0.0,5.3,0.0,8.0,0.0,1.2,0.0,,,0.0,31.2,5.4,14.6,2505,2810.0,2.9,0.2,481,買い出来高優勢 / 資金流入増 / MA上昇配列 / 開示[AI](3日前)
2737,トーメンデバイス,卸売業,14.5,★☆☆☆☆,4.5,0.0,4.0,0.0,9.7,0.0,1.3,-5.0,,SOX指数,-12.4,92.3,8.1,56.6,25027,29870.0,41.2,0.4,3135,SOX指数+5.4%連動(β0.33) / 資金流入増 / MA上昇配列 / パーフェクトオーダー / 過熱⚠25MA+57% / 開示[増配](8日前)
7189,西日本フィナンシャルホールディングス,銀行業,14.5,★☆☆☆☆,0.0,0.0,1.0,0.0,13.5,0.0,0.0,0.0,,,0.0,8.5,3.3,5.0,4270,4571.0,7.1,0.1,1963,MA上昇配列 / パーフェクトオーダー / 52週高値目前
8395,佐賀銀行,銀行業,14.5,★☆☆☆☆,0.0,0.0,1.0,0.0,13.5,0.0,0.0,0.0,,,0.0,9.6,4.1,4.9,5459,5950.0,6.2,0.2,343,MA上昇配列 / パーフェクトオーダー / 52週高値目前
7239,タチエス,輸送用機器,14.5,★☆☆☆☆,0.0,0.0,1.0,0.0,13.5,0.0,0.0,0.0,,,0.0,9.6,1.9,4.6,2209,2297.0,1.5,0.2,195,MA上昇配列 / パーフェクトオーダー / 52週高値目前
8002,丸紅,卸売業,14.499999999999998,★☆☆☆☆,10.2,0.0,0.0,0.0,2.2,0.0,2.1,0.0,,SOX指数,2.3,5.5,3.5,-0.2,4720,5077.0,-2.4,0.3,25222,SOX指数+5.4%連動(β0.24) 未反応+2.3% / 開示[自己株式の取得](4日前)
9432,ＮＴＴ,情報・通信業,14.4,★☆☆☆☆,0.0,0.0,3.3,0.0,9.0,0.0,2.1,0.0,,,0.0,8.0,2.1,3.7,151,157.3000030517578,3.2,0.4,37857,買い出来高優勢 / MA上昇配列 / 開示[自己株式の取得](4日前)
4471,三洋化成工業,化学,14.399999999999999,★☆☆☆☆,0.0,0.0,4.3,0.0,8.2,0.0,6.9,-5.0,,,0.0,27.5,3.4,20.6,5621,6030.0,23.9,1.2,531,買い出来高優勢 / 52週高値目前 / 過熱⚠25MA+21% / 開示[増配](2日前) / 開示[自己株式取得](2日前)
6932,遠藤照明,電気機器,14.3,★☆☆☆☆,0.0,0.0,3.3,0.0,11.0,0.0,0.0,0.0,,,0.0,15.8,2.9,5.7,2521,2675.0,2.6,0.2,132,買い出来高優勢 / MA上昇配列 / パーフェクトオーダー
9934,因幡電機産業,卸売業,14.3,★☆☆☆☆,0.0,0.0,3.3,0.0,11.0,0.0,0.0,0.0,,,0.0,13.6,2.3,6.9,2862,2997.5,4.7,0.7,540,買い出来高優勢 / MA上昇配列 / パーフェクトオーダー / 52週高値目前 / RSI過熱(88)⚠
7128,ユニソルホールディングス,卸売業,14.3,★☆☆☆☆,0.0,0.0,4.3,0.0,8.5,0.0,1.5,0.0,,,0.0,24.5,2.5,14.3,2876,3025.0,5.6,0.1,318,買い出来高優勢 / MA上昇配列 / パーフェクトオーダー / RSI過熱(89)⚠ / 開示[自己株式取得](7日前)
7752,リコー,電気機器,14.3,★☆☆☆☆,0.0,0.0,2.0,0.0,9.5,0.0,2.8,0.0,,,0.0,10.7,3.2,4.0,1499,1602.0,1.4,0.1,4651,MA上昇配列 / パーフェクトオーダー / 開示[自己株式の取得](1日前)
6448,ブラザー工業,電気機器,14.3,★☆☆☆☆,0.0,0.0,2.0,0.0,12.5,0.0,2.8,-3.0,,,0.0,29.1,2.7,19.4,4433,4687.0,16.9,1.0,3369,MA上昇配列 / パーフェクトオーダー / 52週高値ブレイク! / RSI過熱(89)⚠ / 伸びすぎ注意(25MA+19%) / 開示[自己株式の取得](1日前)
4221,大倉工業,化学,14.299999999999999,★☆☆☆☆,0.0,0.0,1.0,0.0,12.2,0.0,1.1,0.0,,,0.0,15.6,3.2,8.5,5226,5580.0,0.5,0.1,341,MA上昇配列 / パーフェクトオーダー / 52週高値目前 / 開示[業績予想の修正](8日前)
4228,積水化成品工業,化学,14.2,★☆☆☆☆,0.0,0.0,2.0,0.0,12.2,0.0,0.0,0.0,,,0.0,19.4,4.2,13.6,554,605.0,14.2,0.2,186,MA上昇配列 / パーフェクトオーダー / 52週高値目前
7296,エフ・シー・シー,輸送用機器,14.2,★☆☆☆☆,0.0,0.0,2.0,0.0,12.2,0.0,0.0,0.0,,,0.0,19.2,2.9,11.7,3835,4070.0,8.8,0.2,452,MA上昇配列 / パーフェクトオーダー / 52週高値目前
1939,四電工,建設業,14.2,★☆☆☆☆,0.0,0.0,2.0,0.0,12.2,0.0,0.0,0.0,,,0.0,9.0,2.2,5.3,2026,2120.0,5.6,0.1,163,MA上昇配列 / パーフェクトオーダー / 52週高値目前
5186,ニッタ,ゴム製品,14.2,★☆☆☆☆,0.0,0.0,2.0,0.0,12.2,0.0,0.0,0.0,,,0.0,8.2,2.9,4.4,6331,6720.0,5.2,0.1,492,MA上昇配列 / パーフェクトオーダー / 52週高値目前
4633,サカタインクス,化学,14.2,★☆☆☆☆,0.0,0.0,2.0,0.0,12.2,0.0,0.0,0.0,,,0.0,12.1,2.0,7.0,2541,2648.0,5.9,0.2,443,MA上昇配列 / パーフェクトオーダー / 52週高値目前
4220,リケンテクノス,化学,14.100000000000001,★☆☆☆☆,0.0,0.0,5.3,0.0,11.0,0.0,2.8,-5.0,,,0.0,60.2,4.7,40.7,2574,2838.0,28.1,0.3,443,買い出来高優勢 / 資金流入増 / MA上昇配列 / パーフェクトオーダー / 52週高値目前 / RSI過熱(96)⚠ / 過熱⚠25MA+41% / 開示[業績予想の修正](7日前) / 開示[自己株式取得](7日前)
7267,本田技研工業,輸送用機器,14.1,★☆☆☆☆,0.0,0.0,2.0,0.0,10.0,0.0,2.1,0.0,,,0.0,14.8,3.0,7.2,1586,1688.0,3.8,0.4,26726,MA上昇配列 / 開示[業績予想の修正](2日前)
2503,キリンホールディングス,食料品,14.1,★☆☆☆☆,0.0,0.0,0.0,0.0,9.5,0.0,4.6,0.0,,,0.0,5.3,2.6,3.2,2850,3006.0,1.8,0.3,11520,MA上昇配列 / パーフェクトオーダー / 開示[子会社化](0日前) / 開示[自己株式の取得](2日前)
9699,ニシオホールディングス,サービス業,14.1,★☆☆☆☆,0.0,0.0,2.0,0.0,10.0,0.0,2.1,0.0,,,0.0,13.5,2.5,6.6,4234,4460.0,3.8,0.1,237,MA上昇配列 / 開示[自己株式取得](4日前)
6617,東光高岳,電気機器,14.1,★☆☆☆☆,0.0,0.0,2.0,0.0,9.7,0.0,2.4,0.0,,,0.0,11.6,6.9,3.2,6769,7850.0,12.3,0.2,1497,MA上昇配列 / パーフェクトオーダー / 開示[自己株式の取得](3日前)
2659,サンエー,小売業,14.1,★☆☆☆☆,0.0,0.0,0.0,0.0,12.0,0.0,2.1,0.0,,,0.0,4.1,2.1,3.7,3216,3360.0,3.2,0.3,480,MA上昇配列 / パーフェクトオーダー / 開示[自己株式の取得](4日前)
4971,メック,化学,14.1,★☆☆☆☆,9.1,0.0,0.0,0.0,5.0,0.0,0.0,0.0,,Coherent,-3.9,1.7,7.8,2.4,7580,8980.0,5.4,0.2,2647,Coherent+16.0%連動(β0.23)
7236,ティラド,輸送用機器,14.1,★☆☆☆☆,0.0,0.0,0.0,0.0,12.0,0.0,2.1,0.0,,,0.0,5.7,3.7,1.8,1421,1535.0,3.5,0.1,551,MA上昇配列 / パーフェクトオーダー / 開示[増配](4日前)
3107,ダイワボウホールディングス,卸売業,14.1,★☆☆☆☆,0.0,0.0,0.0,0.0,12.0,0.0,2.1,0.0,,,0.0,10.0,2.5,4.1,3481,3662.0,2.4,0.2,997,MA上昇配列 / パーフェクトオーダー / 開示[自己株式の取得](4日前)
8725,ＭＳ＆ＡＤインシュアランスグループホールディングス,保険業,14.1,★☆☆☆☆,0.0,0.0,2.0,0.0,9.5,0.0,2.6,0.0,,,0.0,11.2,2.5,3.9,4657,4902.0,-0.4,0.2,20844,MA上昇配列 / パーフェクトオーダー / 開示[自己株式の取得](2日前)
8338,筑波銀行,銀行業,14.0,★☆☆☆☆,0.0,0.0,2.0,0.0,12.0,0.0,0.0,0.0,,,0.0,7.5,5.1,2.9,595,663.0,6.6,0.6,1111,MA上昇配列 / パーフェクトオーダー
8016,オンワードホールディングス,繊維製品,14.0,★☆☆☆☆,0.0,0.0,2.0,0.0,12.0,0.0,0.0,0.0,,,0.0,7.5,1.6,3.9,753,777.0,1.8,0.2,560,MA上昇配列 / パーフェクトオーダー
8117,中央自動車工業,卸売業,14.0,★☆☆☆☆,0.0,0.0,2.0,0.0,12.0,0.0,0.0,0.0,,,0.0,3.0,2.7,2.6,2047,2163.0,5.2,0.1,169,MA上昇配列 / パーフェクトオーダー
6966,三井ハイテック,電気機器,14.0,★☆☆☆☆,5.0,0.0,0.0,0.0,9.0,0.0,0.0,0.0,,SOX指数,-3.3,3.5,4.8,1.4,859,951.0,5.3,0.1,2049,SOX指数+5.4%連動(β0.37) / MA上昇配列 / パーフェクトオーダー
5246,ＥＬＥＭＥＮＴＳ,情報・通信業,14.0,★☆☆☆☆,0.0,0.0,4.0,0.0,10.0,0.0,0.0,0.0,,,0.0,25.0,5.1,9.1,711,793.0,6.7,0.1,584,資金流入増 / MA上昇配列 / パーフェクトオーダー
4114,日本触媒,化学,14.0,★☆☆☆☆,0.0,0.0,2.0,0.0,12.0,0.0,0.0,0.0,,,0.0,10.2,1.7,5.5,2169,2245.5,4.1,0.3,1097,MA上昇配列 / パーフェクトオーダー
9434,ソフトバンク,情報・通信業,14.0,★☆☆☆☆,0.0,0.0,2.0,0.0,12.0,0.0,0.0,0.0,,,0.0,10.0,2.5,4.2,219,230.6999969482422,3.3,0.2,18787,MA上昇配列 / パーフェクトオーダー
166A,タスキホールディングス,不動産業,14.0,★☆☆☆☆,0.0,0.0,2.0,0.0,12.0,0.0,0.0,0.0,,,0.0,5.5,3.7,3.6,1053,1137.0,2.5,0.1,790,MA上昇配列 / パーフェクトオーダー
6118,アイダエンジニアリング,機械,14.0,★☆☆☆☆,0.0,0.0,2.0,0.0,12.0,0.0,0.0,0.0,,,0.0,7.5,2.3,3.3,1188,1244.0,4.2,0.1,209,MA上昇配列 / パーフェクトオーダー
8032,日本紙パルプ商事,卸売業,14.0,★☆☆☆☆,0.0,0.0,2.0,0.0,12.0,0.0,0.0,0.0,,,0.0,7.8,2.0,4.3,1121,1168.0,4.6,0.2,199,MA上昇配列 / パーフェクトオーダー
3105,日清紡ホールディングス,電気機器,14.0,★☆☆☆☆,0.0,0.0,2.0,0.0,12.0,0.0,0.0,0.0,,,0.0,9.0,5.1,7.6,2198,2444.5,12.2,0.5,2061,MA上昇配列 / パーフェクトオーダー
2121,ＭＩＸＩ,情報・通信業,14.0,★☆☆☆☆,0.0,0.0,3.0,0.0,11.0,0.0,0.0,0.0,,,0.0,12.5,3.6,7.9,2990,3220.0,11.2,0.1,1220,MA上昇配列 / パーフェクトオーダー
8609,岡三証券グループ,証券、商品先物取引業,14.0,★☆☆☆☆,0.0,0.0,2.0,0.0,12.0,0.0,0.0,0.0,,,0.0,12.8,3.4,5.4,1036,1113.0,-0.2,0.1,515,MA上昇配列 / パーフェクトオーダー
5016,ＪＸ金属,非鉄金属,14.0,★☆☆☆☆,4.7,0.0,2.0,0.0,5.0,0.0,2.3,0.0,,Intel,0.3,2.9,7.4,1.6,3311,3891.0,2.5,0.4,82697,Intel+9.7%連動(β0.16) / 開示[業績予想の修正](1日前)
8508,Ｊトラスト,その他金融業,14.0,★☆☆☆☆,0.0,0.0,2.0,0.0,12.0,0.0,0.0,0.0,,,0.0,11.9,3.7,4.9,808,872.0,6.7,0.2,816,MA上昇配列 / パーフェクトオーダー
3932,アカツキ,情報・通信業,14.0,★☆☆☆☆,0.0,0.0,3.3,0.0,10.7,0.0,0.0,0.0,,,0.0,10.0,2.2,5.9,3010,3150.0,3.3,0.1,162,買い出来高優勢 / MA上昇配列 / パーフェクトオーダー
4631,ＤＩＣ,化学,13.9,★☆☆☆☆,3.9,0.0,0.0,0.0,10.0,0.0,0.0,0.0,,Skyworks,-6.0,3.1,2.7,2.9,4445,4702.0,6.3,0.1,2259,Skyworks+9.1%連動(β0.17) / MA上昇配列 / パーフェクトオーダー
6947,図研,電気機器,13.9,★☆☆☆☆,2.9,0.0,0.0,0.0,11.0,0.0,0.0,0.0,,SOX指数,-1.5,5.8,2.8,3.4,4607,4880.0,0.9,0.1,243,SOX指数+5.4%連動(β0.22) / MA上昇配列 / パーフェクトオーダー
8336,武蔵野銀行,銀行業,13.9,★☆☆☆☆,0.0,0.0,2.0,0.0,9.5,0.0,2.4,0.0,,,0.0,4.8,3.4,1.5,2494,2678.0,3.9,0.1,855,MA上昇配列 / パーフェクトオーダー / 開示[自己株式の取得](3日前)
4768,大塚商会,情報・通信業,13.8,★☆☆☆☆,0.0,0.0,2.0,0.0,10.0,0.0,1.8,0.0,,,0.0,19.0,3.7,9.9,3162,3415.0,4.3,0.1,5474,MA上昇配列 / 開示[業績予想の修正](4日前)
3436,ＳＵＭＣＯ,金属製品,13.8,★☆☆☆☆,12.8,0.0,1.0,0.0,0.0,0.0,0.0,0.0,,Skyworks,1.7,-20.5,10.3,-14.2,2780,3502.0,4.3,0.4,83249,Skyworks+9.1%連動(β0.33) 未反応+1.7%
296A,令和アカウンティング・ホールディングス,サービス業,13.8,★☆☆☆☆,0.0,0.0,5.3,0.0,8.5,0.0,0.0,0.0,,,0.0,20.3,4.5,4.3,785,863.0,0.7,0.0,162,買い出来高優勢 / 資金流入増 / MA上昇配列 / パーフェクトオーダー
3479,ＴＫＰ,不動産業,13.700000000000001,★☆☆☆☆,0.0,0.0,3.3,0.0,5.5,0.0,4.9,0.0,,,0.0,10.1,3.5,1.6,1725,1855.0,-3.2,0.2,335,買い出来高優勢 / MA上昇配列 / 開示[自己株式の取得](1日前) / 開示[自己株式の取得](4日前)
6986,双葉電子工業,電気機器,13.7,★☆☆☆☆,4.4,0.0,3.3,0.0,6.0,0.0,0.0,0.0,,SOX指数,0.4,13.0,3.0,6.2,589,626.0,1.8,0.2,170,SOX指数+5.4%連動(β0.23) / 買い出来高優勢
6194,アトラエ,サービス業,13.7,★☆☆☆☆,2.7,0.0,2.0,0.0,7.5,0.0,1.5,0.0,,S&P500,-0.2,23.8,2.4,6.8,826,868.0,0.8,0.2,169,S&P500+1.4%連動(β0.76) / 資金流入増 / MA上昇配列 / パーフェクトオーダー / 開示[増配](7日前)
4847,インテリジェント　ウェイブ,情報・通信業,13.7,★☆☆☆☆,0.0,0.0,7.7,0.0,11.0,0.0,0.0,-5.0,,,0.0,35.1,3.6,26.1,1172,1263.0,26.3,8.6,202,出来高急増8.6倍 / 資金流入増 / MA上昇配列 / パーフェクトオーダー / 52週高値目前 / RSI過熱(91)⚠ / 過熱⚠25MA+26%
8739,スパークス・グループ,証券、商品先物取引業,13.7,★☆☆☆☆,0.0,0.0,0.0,0.0,12.2,0.0,1.5,0.0,,,0.0,13.0,2.4,7.3,2349,2469.0,9.5,0.2,286,MA上昇配列 / パーフェクトオーダー / 52週高値目前 / 開示[増配](7日前)
8088,岩谷産業,卸売業,13.7,★☆☆☆☆,0.0,0.0,4.0,0.0,9.7,0.0,0.0,0.0,,,0.0,14.6,2.6,10.9,2113,2230.5,8.7,1.7,1611,MA上昇配列 / パーフェクトオーダー
6741,日本信号,電気機器,13.7,★☆☆☆☆,0.0,0.0,3.0,0.0,12.2,0.0,1.5,-3.0,,,0.0,18.9,3.3,15.3,1751,1874.0,16.6,0.2,401,MA上昇配列 / パーフェクトオーダー / 52週高値目前 / 伸びすぎ注意(25MA+15%) / 開示[資本業務提携](7日前)
8151,東陽テクニカ,卸売業,13.6,★☆☆☆☆,0.0,0.0,0.0,0.0,11.0,0.0,2.6,0.0,,,0.0,5.8,3.1,1.7,1872,1994.0,1.8,0.5,246,MA上昇配列 / パーフェクトオーダー / 開示[自己株式取得](2日前)
7337,ひろぎんホールディングス,銀行業,13.6,★☆☆☆☆,0.0,0.0,2.0,0.0,9.5,0.0,2.1,0.0,,,0.0,4.4,3.0,1.9,2139,2274.0,3.2,0.2,1763,MA上昇配列 / パーフェクトオーダー / 開示[自己株式の取得](4日前)
9202,ＡＮＡホールディングス,空運業,13.6,★☆☆☆☆,0.0,0.0,1.0,0.0,10.0,0.0,2.6,0.0,,,0.0,5.6,2.4,2.1,3000,3151.0,1.1,0.1,7742,MA上昇配列 / 開示[自己株式の取得](2日前)
5463,丸一鋼管,鉄鋼,13.6,★☆☆☆☆,0.0,0.0,2.0,0.0,9.5,0.0,2.1,0.0,,,0.0,4.3,2.3,1.1,1756,1840.5,2.9,0.2,1129,MA上昇配列 / パーフェクトオーダー / 開示[自己株式の取得](4日前)
6465,ホシザキ,機械,13.6,★☆☆☆☆,0.0,0.0,0.0,0.0,8.5,0.0,5.1,0.0,,,0.0,4.3,2.4,1.5,5381,5655.0,-0.9,0.3,2700,MA上昇配列 / パーフェクトオーダー / 開示[自己株式取得](1日前) / 開示[自己株式の取得](3日前)
9861,吉野家ホールディングス,小売業,13.6,★☆☆☆☆,0.0,0.0,2.0,0.0,9.5,0.0,2.1,0.0,,,0.0,15.4,3.1,5.1,3563,3799.0,-1.1,0.4,2425,MA上昇配列 / パーフェクトオーダー / 開示[自己株式の取得](4日前)
4956,コニシ,化学,13.5,★☆☆☆☆,0.0,0.0,0.0,0.0,12.0,0.0,1.5,0.0,,,0.0,5.7,2.7,2.8,1403,1484.0,5.0,0.1,161,MA上昇配列 / パーフェクトオーダー / 開示[自己株式の取得](10日前) / 開示[自己株式取得](11日前)
4478,フリー,情報・通信業,13.5,★☆☆☆☆,3.5,0.0,2.0,0.0,8.0,0.0,0.0,0.0,,Microsoft,-4.7,23.0,5.2,10.7,2427,2706.0,4.1,0.2,1029,Microsoft+2.5%連動(β0.56) / MA上昇配列
4417,グローバルセキュリティエキスパート,情報・通信業,13.5,★☆☆☆☆,0.0,0.0,1.0,0.0,12.5,0.0,0.0,0.0,,,0.0,26.7,5.6,13.5,4334,4880.0,6.6,0.5,256,MA上昇配列 / パーフェクトオーダー / 52週高値ブレイク!
4045,東亞合成,化学,13.5,★☆☆☆☆,0.0,0.0,1.0,0.0,11.0,0.0,1.5,0.0,,,0.0,9.3,1.8,4.8,1792,1860.5,3.6,0.1,546,MA上昇配列 / パーフェクトオーダー / 52週高値目前 / RSI過熱(85)⚠ / 開示[増配](7日前)
7550,ゼンショーホールディングス,小売業,13.5,★☆☆☆☆,0.0,0.0,2.0,0.0,11.5,0.0,0.0,0.0,,,0.0,18.6,3.1,10.1,9746,10395.0,4.2,0.2,5523,MA上昇配列 / 52週高値目前
9101,日本郵船,海運業,13.4,★☆☆☆☆,0.0,0.0,2.0,0.0,9.5,0.0,1.9,0.0,,,0.0,14.3,2.6,5.9,5753,6068.0,-0.7,0.2,17219,MA上昇配列 / パーフェクトオーダー / 開示[業績予想の修正](8日前) / 開示[子会社化](8日前)
7839,ＳＨＯＥＩ,その他製品,13.3,★☆☆☆☆,0.0,0.0,3.3,0.0,10.0,0.0,0.0,0.0,,,0.0,14.9,2.6,7.2,1939,2044.0,4.8,0.5,395,買い出来高優勢 / MA上昇配列 / パーフェクトオーダー
4116,大日精化工業,化学,13.3,★☆☆☆☆,0.0,0.0,3.0,0.0,11.0,0.0,2.3,-3.0,,,0.0,25.7,2.7,19.2,1251,1322.0,18.7,1.2,209,MA上昇配列 / パーフェクトオーダー / 52週高値目前 / RSI過熱(91)⚠ / 伸びすぎ注意(25MA+19%) / 開示[業績予想の修正](1日前)
7240,ＮＯＫ,輸送用機器,13.3,★☆☆☆☆,2.8,0.0,1.0,0.0,9.5,0.0,0.0,0.0,,Qorvo,-1.6,7.1,2.3,2.2,2899,3038.0,-0.3,0.3,1117,Qorvo+6.5%連動(β0.17) / MA上昇配列 / パーフェクトオーダー
3131,シンデン・ハイテックス,卸売業,13.3,★☆☆☆☆,0.0,0.0,4.3,0.0,12.0,0.0,0.0,-3.0,,,0.0,28.3,6.6,18.1,3901,4490.0,9.5,0.4,151,買い出来高優勢 / MA上昇配列 / パーフェクトオーダー / 伸びすぎ注意(25MA+18%)
5285,ヤマックス,ガラス・土石製品,13.3,★☆☆☆☆,0.0,0.0,5.3,0.0,8.0,0.0,0.0,0.0,,,0.0,5.8,4.6,1.0,1277,1406.0,-3.8,0.3,120,買い出来高優勢 / 資金流入増 / MA上昇配列
3539,ＪＭホールディングス,小売業,13.3,★☆☆☆☆,0.0,0.0,5.3,0.0,8.0,0.0,0.0,0.0,,,0.0,12.6,2.8,5.2,1307,1386.0,1.2,0.1,493,買い出来高優勢 / 資金流入増 / MA上昇配列
6866,日置電機,電気機器,13.299999999999999,★☆☆☆☆,4.2,0.0,0.0,0.0,7.0,0.0,2.1,0.0,,SOX指数,-4.8,12.0,5.7,5.7,10730,12100.0,7.9,0.1,883,SOX指数+5.4%連動(β0.31) / 開示[自己株式の取得](4日前)
2371,カカクコム,サービス業,13.2,★☆☆☆☆,0.0,0.0,2.0,0.0,11.2,0.0,0.0,0.0,,,0.0,5.1,0.7,2.3,3679,3732.0,1.1,0.1,1608,MA上昇配列 / パーフェクトオーダー / 52週高値ブレイク!
8304,あおぞら銀行,銀行業,13.2,★☆☆☆☆,0.0,0.0,1.0,0.0,12.2,0.0,0.0,0.0,,,0.0,14.7,2.7,7.6,3084,3257.0,7.2,0.2,4481,MA上昇配列 / パーフェクトオーダー / 52週高値目前
8065,佐藤商事,卸売業,13.2,★☆☆☆☆,0.0,0.0,2.0,0.0,12.2,0.0,2.0,-3.0,,,0.0,19.6,4.0,15.6,3290,3580.0,10.2,0.1,152,MA上昇配列 / パーフェクトオーダー / 52週高値目前 / 伸びすぎ注意(25MA+16%) / 開示[上方修正](7日前)
6952,カシオ計算機,電気機器,13.100000000000001,★☆☆☆☆,0.0,0.0,3.3,0.0,10.7,0.0,2.1,-3.0,,,0.0,24.9,4.0,19.3,2085,2266.0,28.4,0.4,3426,買い出来高優勢 / MA上昇配列 / パーフェクトオーダー / 伸びすぎ注意(25MA+19%) / 開示[業績予想の修正](7日前) / 開示[自己株式の取得](10日前)
3994,マネーフォワード,情報・通信業,13.100000000000001,★☆☆☆☆,3.9,0.0,3.0,0.0,6.2,0.0,0.0,0.0,,S&P500,-0.6,8.9,6.4,2.8,4651,5338.0,-2.1,0.1,3030,S&P500+1.4%連動(β1.08) / MA上昇配列 / パーフェクトオーダー
7245,大同メタル工業,輸送用機器,13.1,★☆☆☆☆,0.0,0.0,0.0,0.0,11.0,0.0,2.1,0.0,,,0.0,8.0,4.9,6.4,1349,1496.0,9.6,0.3,787,MA上昇配列 / パーフェクトオーダー / 開示[自己株式の取得](4日前)
8630,ＳＯＭＰＯホールディングス,保険業,13.1,★☆☆☆☆,0.0,0.0,1.0,0.0,9.5,0.0,2.6,0.0,,,0.0,9.5,2.5,3.6,6758,7118.0,0.1,0.1,17644,MA上昇配列 / パーフェクトオーダー / 開示[自己株式の取得](2日前)
8167,リテールパートナーズ,小売業,13.1,★☆☆☆☆,0.0,0.0,3.0,0.0,7.5,0.0,2.6,0.0,,,0.0,3.8,2.3,1.9,1320,1383.0,0.9,0.9,133,MA上昇配列 / パーフェクトオーダー / 開示[自己株式の取得](2日前)
5832,ちゅうぎんフィナンシャルグループ,銀行業,13.0,★☆☆☆☆,0.0,0.0,2.0,0.0,11.0,0.0,0.0,0.0,,,0.0,7.0,3.2,2.6,3176,3396.0,2.2,0.1,1086,MA上昇配列 / パーフェクトオーダー / 52週高値目前
5233,太平洋セメント,ガラス・土石製品,13.0,★☆☆☆☆,0.0,0.0,2.0,0.0,11.0,0.0,0.0,0.0,,,0.0,11.2,3.4,5.0,3998,4288.0,5.3,0.3,2513,MA上昇配列 / パーフェクトオーダー
7181,かんぽ生命保険,保険業,13.0,★☆☆☆☆,0.0,0.0,2.0,0.0,11.0,0.0,0.0,0.0,,,0.0,10.4,2.9,4.3,1672,1773.5,0.1,0.1,3745,MA上昇配列 / パーフェクトオーダー / 52週高値目前
8334,群馬銀行,銀行業,13.0,★☆☆☆☆,0.0,0.0,2.0,0.0,11.0,0.0,0.0,0.0,,,0.0,6.9,2.8,2.6,2455,2603.5,2.6,0.1,2473,MA上昇配列 / パーフェクトオーダー / 52週高値目前
8714,池田泉州ホールディングス,銀行業,13.0,★☆☆☆☆,0.0,0.0,1.0,0.0,12.0,0.0,0.0,0.0,,,0.0,4.9,4.4,2.3,952,1043.0,10.3,0.1,1419,MA上昇配列 / パーフェクトオーダー
7762,シチズン時計,精密機器,13.0,★☆☆☆☆,0.0,0.0,1.0,0.0,12.0,0.0,0.0,0.0,,,0.0,7.9,4.0,5.9,2199,2391.0,12.1,0.1,3169,MA上昇配列 / パーフェクトオーダー
7725,インターアクション,精密機器,13.0,★☆☆☆☆,5.0,0.0,4.3,0.0,3.7,0.0,0.0,0.0,,Intel,-3.6,10.8,5.0,2.1,1608,1785.0,5.6,0.1,390,Intel+9.7%連動(β0.21) / 買い出来高優勢
9104,商船三井,海運業,13.0,★☆☆☆☆,0.0,0.0,2.0,0.0,11.0,0.0,0.0,0.0,,,0.0,14.7,2.4,8.1,5856,6155.0,4.4,0.3,14027,MA上昇配列 / パーフェクトオーダー
3179,シュッピン,小売業,13.0,★☆☆☆☆,0.0,0.0,4.3,0.0,8.7,0.0,0.0,0.0,,,0.0,26.2,5.0,10.4,1204,1337.0,-1.3,0.1,206,買い出来高優勢 / MA上昇配列
5482,愛知製鋼,鉄鋼,13.0,★☆☆☆☆,0.0,0.0,1.0,0.0,12.0,0.0,0.0,0.0,,,0.0,8.3,2.9,4.2,3034,3220.0,8.9,0.1,553,MA上昇配列 / パーフェクトオーダー
5631,日本製鋼所,機械,13.0,★☆☆☆☆,4.7,0.0,3.3,0.0,5.0,0.0,0.0,0.0,,SOX指数,-2.2,0.6,4.0,0.8,7172,7798.0,4.1,0.1,6273,SOX指数+5.4%連動(β0.34) / 買い出来高優勢
2670,エービーシー・マート,小売業,13.0,★☆☆☆☆,0.0,0.0,2.0,0.0,11.0,0.0,0.0,0.0,,,0.0,10.5,2.2,2.6,2679,2802.5,2.9,0.1,2030,MA上昇配列 / パーフェクトオーダー
2702,日本マクドナルドホールディングス,小売業,13.0,★☆☆☆☆,0.0,0.0,1.0,0.0,12.0,0.0,0.0,0.0,,,0.0,5.7,2.2,4.3,7787,8150.0,0.9,0.2,4275,MA上昇配列 / パーフェクトオーダー
6062,チャーム・ケア・コーポレーション,サービス業,13.0,★☆☆☆☆,0.0,0.0,2.0,0.0,11.0,0.0,0.0,0.0,,,0.0,9.4,2.6,6.3,1369,1444.0,6.4,1.1,111,MA上昇配列 / パーフェクトオーダー
8750,第一ライフグループ,保険業,13.0,★☆☆☆☆,0.0,0.0,2.0,0.0,11.0,0.0,0.0,0.0,,,0.0,4.7,2.5,1.9,1824,1921.0,0.1,0.1,18664,MA上昇配列 / パーフェクトオーダー / 52週高値目前
8708,アイザワ証券グループ,証券、商品先物取引業,13.0,★☆☆☆☆,0.0,0.0,3.0,0.0,10.0,0.0,0.0,0.0,,,0.0,11.8,2.9,4.4,1600,1698.0,-0.5,0.1,281,MA上昇配列 / パーフェクトオーダー
8704,トレイダーズホールディングス,証券、商品先物取引業,13.0,★☆☆☆☆,0.0,0.0,1.0,0.0,12.0,0.0,0.0,0.0,,,0.0,8.8,3.5,2.7,1211,1302.0,4.4,0.2,120,MA上昇配列 / パーフェクトオーダー
367A,プリモグローバルホールディングス,小売業,13.0,★☆☆☆☆,0.0,0.0,2.0,0.0,11.0,0.0,0.0,0.0,,,0.0,-3.6,2.9,0.2,2646,2807.0,2.3,0.2,248,資金流入増 / MA上昇配列 / パーフェクトオーダー
9069,センコーグループホールディングス,陸運業,13.0,★☆☆☆☆,0.0,0.0,2.0,0.0,11.0,0.0,0.0,0.0,,,0.0,11.4,2.0,3.6,2137,2225.5,0.9,0.1,886,MA上昇配列 / パーフェクトオーダー / 52週高値目前
8418,山口フィナンシャルグループ,銀行業,13.0,★☆☆☆☆,0.0,0.0,2.0,0.0,11.0,0.0,0.0,0.0,,,0.0,4.3,3.0,2.0,2905,3091.0,3.9,0.1,1780,MA上昇配列 / パーフェクトオーダー / 52週高値目前
5981,東京製綱,金属製品,13.0,★☆☆☆☆,0.0,0.0,1.0,0.0,12.0,0.0,0.0,0.0,,,0.0,7.3,2.8,5.5,1966,2084.0,6.5,0.2,148,MA上昇配列 / パーフェクトオーダー
3001,片倉工業,繊維製品,13.0,★☆☆☆☆,0.0,0.0,4.3,0.0,8.7,0.0,0.0,0.0,,,0.0,16.0,2.5,9.8,2825,2974.0,5.4,0.2,151,買い出来高優勢 / MA上昇配列
6804,ホシデン,電気機器,13.0,★☆☆☆☆,0.0,0.0,2.0,0.0,11.0,0.0,0.0,0.0,,,0.0,7.5,2.5,5.3,2827,2976.0,3.8,0.2,656,MA上昇配列 / パーフェクトオーダー / 52週高値目前 / RSI過熱(86)⚠
3405,クラレ,化学,13.0,★☆☆☆☆,0.0,0.0,2.0,0.0,11.0,0.0,0.0,0.0,,,0.0,17.5,2.6,8.4,1847,1947.0,5.8,0.4,3232,MA上昇配列 / パーフェクトオーダー
4290,プレステージ・インターナショナル,サービス業,12.9,★☆☆☆☆,0.0,0.0,2.0,0.0,10.0,0.0,0.9,0.0,,,0.0,6.9,2.4,2.7,663,696.0,-2.0,0.1,399,MA上昇配列 / 開示[自己株式取得](10日前)
6471,日本精工,機械,12.9,★☆☆☆☆,2.8,0.0,2.0,0.0,7.0,0.0,1.1,0.0,,SOX指数,-3.1,5.9,3.8,2.8,1087,1177.0,2.2,0.1,3090,SOX指数+5.4%連動(β0.20) / 開示[業績予想の修正](8日前)
4434,サーバーワークス,情報・通信業,12.899999999999999,★☆☆☆☆,3.2,0.0,4.0,0.0,8.7,0.0,0.0,-3.0,,S&P500,0.1,26.6,4.7,15.4,2195,2425.0,2.8,0.0,174,S&P500+1.4%連動(β0.83) / 資金流入増 / MA上昇配列 / パーフェクトオーダー / 伸びすぎ注意(25MA+15%)
3091,ブロンコビリー,小売業,12.8,★☆☆☆☆,0.0,0.0,4.3,0.0,8.5,0.0,0.0,0.0,,,0.0,16.3,4.9,5.6,2352,2605.0,-3.3,0.1,494,買い出来高優勢 / MA上昇配列 / パーフェクトオーダー
3817,ＳＲＡホールディングス,情報・通信業,12.8,★☆☆☆☆,0.0,0.0,1.0,0.0,9.0,0.0,2.8,0.0,,,0.0,6.9,2.4,3.5,4549,4775.0,2.7,0.2,214,MA上昇配列 / 開示[自己株式の取得](1日前)
2146,ＵＴグループ,サービス業,12.8,★☆☆☆☆,6.2,0.0,0.0,0.0,4.2,0.0,2.4,0.0,,S&P500,1.1,5.8,2.0,1.1,176,183.0,-0.5,0.2,1026,S&P500+1.4%連動(β0.79) 未反応+1.1% / MA上昇配列 / 開示[自己株式の取得](3日前)
5410,合同製鐵,鉄鋼,12.8,★☆☆☆☆,0.0,0.0,2.0,0.0,8.0,0.0,2.8,0.0,,,0.0,10.3,2.3,4.2,2751,2881.0,1.4,0.1,273,MA上昇配列 / 開示[業績予想の修正](7日前) / 開示[自己株式の取得](7日前)
3673,ブロードリーフ,情報・通信業,12.8,★☆☆☆☆,0.0,0.0,0.0,0.0,11.0,0.0,1.8,0.0,,,0.0,10.0,3.3,4.3,425,455.0,3.4,0.2,320,MA上昇配列 / パーフェクトオーダー / 開示[業績予想の修正](4日前)
5423,東京製鐵,鉄鋼,12.799999999999999,★☆☆☆☆,0.0,0.0,1.0,0.0,9.7,0.0,2.1,0.0,,,0.0,4.8,2.5,1.3,1676,1763.0,-0.5,0.1,738,MA上昇配列 / パーフェクトオーダー / 開示[自己株式の取得](4日前)
9902,日伝,卸売業,12.799999999999999,★☆☆☆☆,0.0,0.0,1.0,0.0,9.7,0.0,2.1,0.0,,,0.0,17.9,2.6,9.2,2940,3100.0,0.5,0.1,250,MA上昇配列 / パーフェクトオーダー / 開示[自己株式の取得](4日前)
7716,ナカニシ,精密機器,12.799999999999999,★☆☆☆☆,0.0,0.0,1.0,0.0,9.7,0.0,2.1,0.0,,,0.0,2.1,3.2,0.0,2858,3050.0,0.5,0.4,601,MA上昇配列 / パーフェクトオーダー / 開示[自己株式の取得](4日前)
3156,レスター,卸売業,12.7,★☆☆☆☆,0.0,0.0,2.0,0.0,10.7,0.0,0.0,0.0,,,0.0,17.2,4.4,13.2,4002,4390.0,6.4,0.2,464,MA上昇配列 / パーフェクトオーダー
4041,日本曹達,化学,12.7,★☆☆☆☆,0.0,0.0,2.0,0.0,10.7,0.0,0.0,0.0,,,0.0,9.1,1.6,3.7,3764,3890.0,1.4,0.1,381,MA上昇配列 / パーフェクトオーダー
4612,日本ペイントホールディングス,化学,12.7,★☆☆☆☆,0.0,0.0,2.0,0.0,10.7,0.0,0.0,0.0,,,0.0,20.4,2.6,11.2,1206,1273.5,5.2,0.1,5074,MA上昇配列 / パーフェクトオーダー
5444,大和工業,鉄鋼,12.7,★☆☆☆☆,0.0,0.0,2.0,0.0,9.5,0.0,1.2,0.0,,,0.0,11.8,3.4,4.0,12598,13525.0,0.2,0.1,2099,MA上昇配列 / パーフェクトオーダー / 開示[業績予想の修正](7日前)
6464,ツバキ・ナカシマ,機械,12.7,★☆☆☆☆,3.7,0.0,0.0,0.0,9.0,0.0,0.0,0.0,,SOX指数,-2.3,-1.6,4.4,0.2,351,384.0,7.0,0.2,177,SOX指数+5.4%連動(β0.28) / MA上昇配列 / パーフェクトオーダー
1879,新日本建設,建設業,12.7,★☆☆☆☆,0.0,0.0,3.0,0.0,8.2,0.0,1.5,0.0,,,0.0,11.5,2.3,7.2,2167,2270.0,7.5,0.8,317,52週高値目前 / 開示[増配](7日前)
7637,白銅,卸売業,12.7,★☆☆☆☆,0.0,0.0,2.0,0.0,10.7,0.0,0.0,0.0,,,0.0,17.0,3.7,9.8,3481,3760.0,7.7,0.8,111,MA上昇配列 / パーフェクトオーダー
5334,日本特殊陶業,ガラス・土石製品,12.7,★☆☆☆☆,6.7,0.0,0.0,0.0,5.0,0.0,1.0,0.0,,SOX指数,1.2,-4.4,3.6,-1.2,9073,9772.0,3.8,0.1,11740,SOX指数+5.4%連動(β0.22) 未反応+1.2% / 開示[株式分割](7日前) / 開示[自己株式の取得](14日前)
6209,リケンＮＰＲ,機械,12.7,★☆☆☆☆,0.0,0.0,2.0,0.0,10.7,0.0,0.0,0.0,,,0.0,8.9,2.2,3.5,3933,4115.0,1.0,0.1,371,MA上昇配列 / パーフェクトオーダー
3201,日本毛織,繊維製品,12.7,★☆☆☆☆,0.0,0.0,2.0,0.0,10.7,0.0,0.0,0.0,,,0.0,9.8,2.1,5.3,1894,1977.0,3.4,0.1,258,MA上昇配列 / パーフェクトオーダー
7180,九州フィナンシャルグループ,銀行業,12.7,★☆☆☆☆,3.2,0.0,0.0,0.0,9.5,0.0,0.0,0.0,,SOX指数,-3.0,3.4,3.1,0.8,1452,1547.5,4.2,0.1,1848,SOX指数+5.4%連動(β0.24) / MA上昇配列 / パーフェクトオーダー
9616,共立メンテナンス,サービス業,12.7,★☆☆☆☆,0.0,0.0,2.0,0.0,10.7,0.0,0.0,0.0,,,0.0,21.5,2.9,10.0,3295,3500.0,0.8,0.2,3750,MA上昇配列 / パーフェクトオーダー
6278,ユニオンツール,機械,12.600000000000001,★☆☆☆☆,7.6,0.0,0.0,0.0,2.7,0.0,2.3,0.0,,Coherent,-3.1,-10.8,10.1,-8.5,13301,16650.0,6.6,0.5,6443,Coherent+16.0%連動(β0.19) / 開示[業績予想の修正](1日前)
7177,ＧＭＯフィナンシャルホールディングス,証券、商品先物取引業,12.6,★☆☆☆☆,0.0,0.0,0.0,0.0,12.0,0.0,0.6,0.0,,,0.0,7.7,2.4,2.7,1037,1090.0,0.2,0.3,236,MA上昇配列 / パーフェクトオーダー / 開示[増配](11日前)
4272,日本化薬,化学,12.6,★☆☆☆☆,0.0,0.0,1.0,0.0,7.0,0.0,4.6,0.0,,,0.0,5.6,2.4,3.4,1948,2047.0,6.5,0.1,1278,開示[自己株式の取得](1日前) / 開示[業績予想の修正](4日前)
7309,シマノ,輸送用機器,12.6,★☆☆☆☆,0.0,0.0,3.0,0.0,7.5,0.0,2.1,0.0,,,0.0,18.0,3.5,6.0,18357,19760.0,-1.8,0.1,7931,MA上昇配列 / パーフェクトオーダー / 開示[自己株式の取得](4日前)
8060,キヤノンマーケティングジャパン,卸売業,12.6,★☆☆☆☆,0.0,0.0,0.0,0.0,12.0,0.0,0.6,0.0,,,0.0,5.3,2.3,2.4,3482,3648.0,1.3,0.1,1073,MA上昇配列 / パーフェクトオーダー / 開示[自己株式の取得](11日前) / 開示[自己株式の取得](14日前)
7867,タカラトミー,その他製品,12.6,★☆☆☆☆,0.0,0.0,4.3,0.0,6.2,0.0,2.1,0.0,,,0.0,8.9,4.5,0.8,3184,3499.0,-3.5,0.2,2768,買い出来高優勢 / MA上昇配列 / パーフェクトオーダー / 開示[自己株式の取得](4日前)
8410,セブン銀行,銀行業,12.5,★☆☆☆☆,0.0,0.0,3.0,0.0,9.5,0.0,0.0,0.0,,,0.0,13.0,2.6,4.9,307,324.29998779296875,1.8,0.1,2198,MA上昇配列 / パーフェクトオーダー
5602,栗本鐵工所,鉄鋼,12.5,★☆☆☆☆,0.0,0.0,2.0,0.0,7.7,0.0,2.8,0.0,,,0.0,19.0,2.8,12.9,1599,1693.0,11.7,1.0,430,MA上昇配列 / 開示[自己株式取得](1日前)
9743,丹青社,サービス業,12.5,★☆☆☆☆,0.0,0.0,2.0,0.0,9.0,0.0,1.5,0.0,,,0.0,7.2,2.0,2.3,1356,1413.0,1.7,0.2,871,資金流入増 / MA上昇配列 / 開示[自己株式取得](7日前)
7453,良品計画,小売業,12.5,★☆☆☆☆,0.0,0.0,3.0,0.0,9.5,0.0,0.0,0.0,,,0.0,20.6,3.2,7.3,4151,4437.0,6.2,0.1,21178,MA上昇配列 / パーフェクトオーダー
6268,ナブテスコ,機械,12.5,★☆☆☆☆,4.0,0.0,2.0,0.0,3.7,0.0,2.8,0.0,,SOX指数,-0.2,-7.5,5.1,-3.2,4355,4854.0,3.4,0.1,6281,SOX指数+5.4%連動(β0.29) / 開示[業績予想の修正](7日前) / 開示[自己株式の取得](7日前)
3087,ドトール・日レスホールディングス,小売業,12.5,★☆☆☆☆,0.0,0.0,3.0,0.0,9.5,0.0,0.0,0.0,,,0.0,15.4,2.9,3.7,2932,3115.0,-2.5,0.1,557,MA上昇配列 / パーフェクトオーダー
7944,ローランド,その他製品,12.5,★☆☆☆☆,0.0,0.0,4.3,0.0,8.2,0.0,0.0,0.0,,,0.0,16.7,2.8,10.1,4337,4590.0,9.2,0.2,688,買い出来高優勢 / 52週高値目前
8133,伊藤忠エネクス,卸売業,12.5,★☆☆☆☆,0.0,0.0,3.0,0.0,9.5,0.0,0.0,0.0,,,0.0,7.2,2.6,2.3,2000,2111.0,-2.7,0.1,286,MA上昇配列 / パーフェクトオーダー
7826,フルヤ金属,その他製品,12.5,★☆☆☆☆,4.7,0.0,0.0,0.0,5.0,0.0,2.8,0.0,,SOX指数,-19.4,17.7,6.3,14.6,6919,7920.0,18.9,1.1,2881,SOX指数+5.4%連動(β0.35) / 開示[増配](1日前)
4755,楽天グループ,サービス業,12.4,★☆☆☆☆,3.4,0.0,1.0,0.0,8.0,0.0,0.0,0.0,,SOX指数,-2.9,11.2,2.5,7.8,834,877.4000244140625,5.3,0.3,9728,SOX指数+5.4%連動(β0.25) / MA上昇配列
7383,ネットプロテクションズホールディングス,その他金融業,12.4,★☆☆☆☆,3.7,0.0,2.0,0.0,6.7,0.0,0.0,0.0,,S&P500,-1.3,26.5,3.6,10.0,421,453.0,3.0,0.2,271,S&P500+1.4%連動(β1.02) / MA上昇配列
4970,東洋合成工業,化学,12.399999999999999,★☆☆☆☆,9.7,0.0,0.0,0.0,2.7,0.0,0.0,0.0,,Coherent,-3.9,-5.5,7.6,-4.5,11840,13950.0,7.7,0.2,1018,Coherent+16.0%連動(β0.24)
6856,堀場製作所,電気機器,12.399999999999999,★☆☆☆☆,8.7,0.0,0.0,0.0,3.7,0.0,0.0,0.0,,Skyworks,1.1,2.0,5.1,-0.9,23641,26355.0,2.6,0.2,6418,Skyworks+9.1%連動(β0.24) 未反応+1.1%
6523,ＰＨＣホールディングス,電気機器,12.399999999999999,★☆☆☆☆,0.0,0.0,6.7,0.0,8.7,0.0,0.0,-3.0,,,0.0,26.0,3.2,18.0,1202,1284.0,16.7,4.0,333,出来高急増4.0倍 / MA上昇配列 / パーフェクトオーダー / 伸びすぎ注意(25MA+18%)
8136,サンリオ,卸売業,12.3,★☆☆☆☆,0.0,0.0,3.3,0.0,9.0,0.0,0.0,0.0,,,0.0,24.5,4.8,13.3,1248,1380.0,8.4,0.5,27808,買い出来高優勢 / MA上昇配列
9433,ＫＤＤＩ,情報・通信業,12.3,★☆☆☆☆,0.0,0.0,0.0,0.0,9.5,0.0,2.8,0.0,,,0.0,8.1,2.6,3.1,2812,2966.5,1.6,0.3,24592,MA上昇配列 / パーフェクトオーダー / 開示[自己株式の取得](1日前)
4022,ラサ工業,化学,12.3,★☆☆☆☆,7.3,0.0,2.0,0.0,6.0,0.0,0.0,-3.0,,Coherent,-14.9,26.7,7.0,16.2,1920,2231.0,22.2,0.2,2663,Coherent+16.0%連動(β0.18) / 伸びすぎ注意(25MA+16%)
7272,ヤマハ発動機,輸送用機器,12.3,★☆☆☆☆,0.0,0.0,4.3,0.0,11.0,0.0,2.0,-5.0,,,0.0,58.1,4.5,40.0,1746,1917.5,42.8,0.3,13641,買い出来高優勢 / MA上昇配列 / パーフェクトオーダー / 52週高値目前 / RSI過熱(87)⚠ / 過熱⚠25MA+40% / 開示[業績予想の修正](3日前)
8031,三井物産,卸売業,12.3,★☆☆☆☆,2.9,0.0,1.0,0.0,6.0,0.0,2.4,0.0,,SOX指数,-0.7,10.0,2.7,3.7,4698,4966.0,0.6,0.3,30670,SOX指数+5.4%連動(β0.21) / 開示[自己株式取得](3日前)
6882,三社電機製作所,電気機器,12.3,★☆☆☆☆,6.3,0.0,1.0,0.0,5.0,0.0,0.0,0.0,,SOX指数,0.8,-0.7,4.7,1.5,1065,1176.0,5.6,0.1,123,SOX指数+5.4%連動(β0.29) 未反応+0.8%
9722,藤田観光,サービス業,12.3,★☆☆☆☆,0.0,0.0,2.0,0.0,8.0,0.0,2.3,0.0,,,0.0,21.3,3.7,14.5,2076,2240.0,11.1,1.3,405,MA上昇配列 / 開示[業績予想の修正](1日前)
9621,建設技術研究所,サービス業,12.3,★☆☆☆☆,0.0,0.0,2.0,0.0,9.0,0.0,1.3,0.0,,,0.0,10.6,2.7,6.1,3009,3180.0,0.2,0.2,194,MA上昇配列 / 開示[自己株式取得](8日前)
7734,理研計器,精密機器,12.3,★☆☆☆☆,4.3,0.0,1.0,0.0,7.0,0.0,0.0,0.0,,SOX指数,-1.1,7.1,3.2,4.4,3404,3635.0,4.0,0.1,301,SOX指数+5.4%連動(β0.32)
7979,松風,精密機器,12.299999999999999,★☆☆☆☆,0.0,0.0,0.0,0.0,9.7,0.0,2.6,0.0,,,0.0,10.8,3.0,5.0,2110,2245.0,6.4,0.2,194,MA上昇配列 / パーフェクトオーダー / 開示[増配](2日前)
7995,バルカー,化学,12.200000000000001,★☆☆☆☆,3.3,0.0,2.0,0.0,6.0,0.0,0.9,0.0,,SOX指数,-2.7,7.9,5.7,4.1,6143,6940.0,6.9,0.2,762,SOX指数+5.4%連動(β0.24) / 開示[業績予想の修正](9日前)
7504,高速,卸売業,12.2,★☆☆☆☆,0.0,0.0,3.0,0.0,10.7,0.0,1.5,-3.0,,,0.0,24.8,4.1,16.2,4243,4620.0,11.6,0.2,389,MA上昇配列 / パーフェクトオーダー / 伸びすぎ注意(25MA+16%) / 開示[自己株式取得](7日前)
287A,黒田グループ,卸売業,12.2,★☆☆☆☆,0.0,0.0,0.0,0.0,12.2,0.0,0.0,0.0,,,0.0,5.3,2.1,3.8,1099,1146.0,5.0,0.4,485,MA上昇配列 / パーフェクトオーダー / 52週高値目前
4746,東計電算,情報・通信業,12.100000000000001,★☆☆☆☆,0.0,0.0,0.0,0.0,11.0,0.0,6.1,-5.0,,,0.0,46.1,3.8,32.6,6201,6710.0,33.7,1.2,278,MA上昇配列 / パーフェクトオーダー / 52週高値目前 / RSI過熱(91)⚠ / 過熱⚠25MA+33% / 開示[増配](2日前) / 開示[増配](4日前)
9010,富士急行,陸運業,12.1,★☆☆☆☆,0.0,0.0,2.0,0.0,7.5,0.0,2.6,0.0,,,0.0,14.5,2.8,5.4,2644,2798.0,1.9,0.2,476,MA上昇配列 / パーフェクトオーダー / 開示[自己株式の取得](2日前)
3569,セーレン,繊維製品,12.1,★☆☆☆☆,0.0,0.0,2.0,0.0,8.0,0.0,2.1,0.0,,,0.0,9.0,2.6,5.7,3288,3465.0,9.0,0.1,593,開示[自己株式取得](4日前)
5537,ＡｌｂａＬｉｎｋ,不動産業,12.1,★☆☆☆☆,0.0,0.0,0.0,0.0,10.0,0.0,2.1,0.0,,,0.0,8.7,5.0,4.6,2720,3025.0,17.2,0.2,114,MA上昇配列 / パーフェクトオーダー / 開示[自己株式の取得](4日前)
2395,新日本科学,サービス業,12.1,★☆☆☆☆,0.0,0.0,2.0,0.0,8.0,0.0,2.1,0.0,,,0.0,18.2,3.5,11.2,1332,1433.0,12.2,0.2,354,MA上昇配列 / 開示[業績予想の修正](2日前)
7018,内海造船,輸送用機器,12.0,★☆☆☆☆,0.0,0.0,4.0,0.0,8.0,0.0,0.0,0.0,,,0.0,19.3,6.2,11.1,10201,11640.0,9.5,1.7,257,MA上昇配列
9507,四国電力,電気・ガス業,12.0,★☆☆☆☆,0.0,0.0,3.0,0.0,7.5,0.0,1.5,0.0,,,0.0,19.9,2.7,12.0,1666,1761.0,5.7,0.2,1186,MA上昇配列 / RSI過熱(87)⚠ / 開示[自己株式の取得](7日前)
8309,三井住友トラストグループ,銀行業,12.0,★☆☆☆☆,0.0,0.0,1.0,0.0,11.0,0.0,0.0,0.0,,,0.0,5.8,2.8,2.1,1604,1700.0,2.8,0.2,16642,MA上昇配列 / パーフェクトオーダー / 52週高値目前
7780,メニコン,精密機器,12.0,★☆☆☆☆,0.0,0.0,2.0,0.0,10.0,0.0,0.0,0.0,,,0.0,13.2,2.7,6.5,1730,1830.0,5.5,0.2,345,MA上昇配列 / パーフェクトオーダー
7242,カヤバ,輸送用機器,12.0,★☆☆☆☆,0.0,0.0,2.0,0.0,10.0,0.0,0.0,0.0,,,0.0,17.7,2.7,9.0,4454,4705.0,4.1,0.6,430,MA上昇配列
8130,サンゲツ,卸売業,12.0,★☆☆☆☆,0.0,0.0,2.0,0.0,10.0,0.0,0.0,0.0,,,0.0,7.6,1.8,3.8,3040,3155.0,1.9,0.2,607,MA上昇配列
6412,平和,機械,12.0,★☆☆☆☆,0.0,0.0,1.0,0.0,11.0,0.0,0.0,0.0,,,0.0,7.1,2.0,2.7,2038,2121.0,-0.9,0.1,588,MA上昇配列 / パーフェクトオーダー
7280,ミツバ,電気機器,12.0,★☆☆☆☆,0.0,0.0,2.0,0.0,10.0,0.0,0.0,0.0,,,0.0,3.6,3.5,0.4,1102,1184.0,-1.1,0.2,302,MA上昇配列 / パーフェクトオーダー
6960,フクダ電子,電気機器,12.0,★☆☆☆☆,0.0,0.0,0.0,0.0,12.0,0.0,0.0,0.0,,,0.0,4.2,3.3,1.7,10934,11710.0,3.4,0.3,472,MA上昇配列 / パーフェクトオーダー
7747,朝日インテック,精密機器,12.0,★☆☆☆☆,0.0,0.0,0.0,0.0,12.0,0.0,0.0,0.0,,,0.0,2.7,2.6,2.6,3490,3685.0,2.6,0.1,3392,MA上昇配列 / パーフェクトオーダー
6486,イーグル工業,機械,12.0,★☆☆☆☆,0.0,0.0,1.0,0.0,11.0,0.0,0.0,0.0,,,0.0,8.3,2.2,3.0,2893,3025.0,0.8,0.8,349,MA上昇配列 / パーフェクトオーダー
8706,極東証券,証券、商品先物取引業,12.0,★☆☆☆☆,0.0,0.0,3.0,0.0,9.0,0.0,0.0,0.0,,,0.0,12.0,2.4,3.9,1712,1797.0,1.1,0.1,364,MA上昇配列 / 52週高値目前
7990,グローブライド,その他製品,12.0,★☆☆☆☆,0.0,0.0,3.3,0.0,8.7,0.0,0.0,0.0,,,0.0,17.3,1.9,9.0,2608,2712.0,6.3,0.2,164,買い出来高優勢 / MA上昇配列 / パーフェクトオーダー
4064,日本カーバイド工業,化学,12.0,★☆☆☆☆,0.0,0.0,1.0,0.0,11.0,0.0,0.0,0.0,,,0.0,8.6,3.6,4.9,3245,3500.0,9.2,0.4,227,MA上昇配列 / パーフェクトオーダー
6588,東芝テック,電気機器,12.0,★☆☆☆☆,0.0,0.0,2.0,0.0,10.0,0.0,0.0,0.0,,,0.0,8.8,3.5,4.1,2960,3180.0,0.5,0.1,509,MA上昇配列 / パーフェクトオーダー
6298,ワイエイシイホールディングス,機械,12.0,★☆☆☆☆,9.3,0.0,0.0,0.0,2.7,0.0,0.0,0.0,,SOX指数,1.1,-2.6,4.1,-1.7,1092,1189.0,3.7,0.1,256,SOX指数+5.4%連動(β0.45) 未反応+1.1%
5726,大阪チタニウムテクノロジーズ,非鉄金属,12.0,★☆☆☆☆,0.0,0.0,2.0,0.0,10.0,0.0,0.0,0.0,,,0.0,22.2,5.5,13.2,2748,3090.0,9.0,0.3,1707,MA上昇配列 / パーフェクトオーダー
4044,セントラル硝子,化学,12.0,★☆☆☆☆,0.0,0.0,0.0,0.0,12.0,0.0,0.0,0.0,,,0.0,4.2,2.5,2.2,4068,4280.0,7.5,0.1,310,MA上昇配列 / パーフェクトオーダー
8473,ＳＢＩホールディングス,証券、商品先物取引業,12.0,★☆☆☆☆,3.0,0.0,2.0,0.0,7.0,0.0,0.0,0.0,,SOX指数,-1.7,14.3,3.3,6.0,2821,3023.0,-0.5,0.2,12983,SOX指数+5.4%連動(β0.23)
4912,ライオン,化学,12.0,★☆☆☆☆,0.0,0.0,0.0,0.0,12.0,0.0,0.0,0.0,,,0.0,7.8,2.5,5.9,1716,1806.0,5.7,0.3,1749,MA上昇配列 / パーフェクトオーダー
319A,技術承継機構,金属製品,12.0,★☆☆☆☆,0.0,0.0,0.0,0.0,12.0,0.0,0.0,0.0,,,0.0,16.4,7.0,10.4,16820,19550.0,18.1,0.2,763,MA上昇配列 / パーフェクトオーダー
4689,ＬＩＮＥヤフー,情報・通信業,12.0,★☆☆☆☆,0.0,0.0,2.0,0.0,10.0,0.0,0.0,0.0,,,0.0,10.3,3.1,7.1,452,482.1000061035156,7.9,0.4,7080,MA上昇配列 / パーフェクトオーダー
6810,マクセル,電気機器,12.0,★☆☆☆☆,0.0,0.0,2.0,0.0,10.0,0.0,0.0,0.0,,,0.0,20.5,4.0,14.4,2285,2486.0,20.1,0.2,605,MA上昇配列
3153,八洲電機,卸売業,12.0,★☆☆☆☆,0.0,0.0,3.0,0.0,9.0,0.0,0.0,0.0,,,0.0,9.4,3.9,4.3,2760,2992.0,-1.1,0.1,192,MA上昇配列
6814,古野電気,電気機器,12.0,★☆☆☆☆,0.0,0.0,4.0,0.0,8.0,0.0,0.0,0.0,,,0.0,25.0,4.8,10.1,7111,7860.0,8.7,0.1,4075,資金流入増 / MA上昇配列
8354,ふくおかフィナンシャルグループ,銀行業,12.0,★☆☆☆☆,0.0,0.0,1.0,0.0,11.0,0.0,0.0,0.0,,,0.0,6.1,2.9,2.6,7208,7654.0,4.0,0.2,4764,MA上昇配列 / パーフェクトオーダー / 52週高値目前
6744,能美防災,電気機器,12.0,★☆☆☆☆,0.0,0.0,1.0,0.0,11.0,0.0,0.0,0.0,,,0.0,5.9,2.8,2.2,4213,4465.0,0.3,0.4,350,MA上昇配列 / パーフェクトオーダー
2207,ｍｅｉｔｏ,食料品,11.9,★☆☆☆☆,0.0,0.0,0.0,0.0,9.5,0.0,2.4,0.0,,,0.0,3.3,2.1,1.8,3101,3235.0,1.3,0.5,105,MA上昇配列 / パーフェクトオーダー / 開示[自己株式の取得](3日前)
1969,高砂熱学工業,建設業,11.9,★☆☆☆☆,0.0,11.9,0.0,0.0,0.0,0.0,0.0,0.0,,,0.0,-10.4,4.0,-8.1,3846,4182.0,-1.9,0.2,2715,AIデータセンター・電力(+2.9%)
2331,ＡＬＳＯＫ,サービス業,11.9,★☆☆☆☆,0.0,0.0,2.0,0.0,5.2,0.0,4.7,0.0,,,0.0,5.5,2.9,0.8,1082,1148.0,-2.1,0.1,1513,MA上昇配列 / 開示[自己株式の取得](2日前) / 開示[自己株式の取得](4日前)
1942,関電工,建設業,11.9,★☆☆☆☆,0.0,11.9,0.0,0.0,0.0,0.0,0.0,0.0,,,0.0,-9.4,4.6,-6.4,5111,5629.0,4.9,0.1,7798,AIデータセンター・電力(+2.9%)
7231,トピー工業,輸送用機器,11.8,★☆☆☆☆,0.0,0.0,1.0,0.0,6.5,0.0,4.3,0.0,,,0.0,6.5,2.3,2.1,2804,2938.0,0.0,0.3,163,MA上昇配列 / 開示[自己株式の取得](3日前) / 開示[業績予想の修正](3日前)
6023,ダイハツインフィニアース,輸送用機器,11.8,★☆☆☆☆,0.0,0.0,3.3,0.0,7.0,0.0,1.5,0.0,,,0.0,17.0,5.1,7.9,2684,2990.0,8.7,0.2,557,買い出来高優勢 / 開示[増配](7日前)
4733,オービックビジネスコンサルタント,情報・通信業,11.8,★☆☆☆☆,0.0,0.0,5.3,0.0,6.5,0.0,0.0,0.0,,,0.0,22.7,4.8,9.2,7097,7856.0,-1.8,0.1,2745,買い出来高優勢 / 資金流入増 / MA上昇配列
9308,乾汽船,海運業,11.8,★☆☆☆☆,0.0,0.0,4.3,0.0,7.5,0.0,0.0,0.0,,,0.0,25.4,3.4,13.4,1835,1968.0,4.1,0.1,240,買い出来高優勢 / MA上昇配列 / パーフェクトオーダー / RSI過熱(95)⚠
7199,プレミアグループ,その他金融業,11.799999999999999,★☆☆☆☆,0.0,0.0,0.0,0.0,9.7,0.0,2.1,0.0,,,0.0,2.8,2.1,1.3,2029,2119.0,3.3,0.1,338,MA上昇配列 / パーフェクトオーダー / 開示[自己株式の取得](4日前)
7013,ＩＨＩ,機械,11.799999999999999,★☆☆☆☆,0.0,10.6,0.0,0.0,1.2,0.0,0.0,0.0,,,0.0,-1.1,5.1,-3.5,2437,2714.0,-4.0,0.4,37215,防衛(+2.3%)
4722,フューチャー,情報・通信業,11.7,★☆☆☆☆,0.0,0.0,4.0,0.0,7.7,0.0,0.0,0.0,,,0.0,41.3,2.9,13.9,2303,2446.0,0.0,0.1,3795,資金流入増 / MA上昇配列 / 52週高値目前
6254,野村マイクロ・サイエンス,機械,11.7,★☆☆☆☆,6.7,0.0,0.0,0.0,5.0,0.0,0.0,0.0,,SOX指数,-4.0,-0.0,7.3,0.6,3616,4235.0,5.6,0.2,3569,SOX指数+5.4%連動(β0.49)
3433,トーカロ,金属製品,11.7,★☆☆☆☆,4.7,0.0,1.0,0.0,6.0,0.0,0.0,0.0,,Skyworks,-1.0,1.4,4.7,0.5,2738,3020.0,3.7,0.1,1138,Skyworks+9.1%連動(β0.21)
9076,セイノーホールディングス,陸運業,11.7,★☆☆☆☆,0.0,0.0,2.0,0.0,9.7,0.0,0.0,0.0,,,0.0,2.5,2.3,1.1,2578,2704.5,2.7,0.3,1060,MA上昇配列 / パーフェクトオーダー / 52週高値目前
5943,ノーリツ,金属製品,11.6,★☆☆☆☆,0.0,0.0,0.0,0.0,9.5,0.0,2.1,0.0,,,0.0,5.8,1.8,1.2,2295,2379.0,0.2,0.2,170,MA上昇配列 / パーフェクトオーダー / 開示[自己株式の取得](4日前)
2170,リンクアンドモチベーション,サービス業,11.6,★☆☆☆☆,0.0,0.0,2.0,0.0,7.5,0.0,2.1,0.0,,,0.0,10.2,2.9,4.4,596,632.0,-0.2,0.2,288,MA上昇配列 / パーフェクトオーダー / 開示[自己株式の取得](4日前)
7278,エクセディ,輸送用機器,11.6,★☆☆☆☆,0.0,0.0,0.0,0.0,9.5,0.0,2.1,0.0,,,0.0,3.1,1.7,0.1,5783,5990.0,-0.8,0.1,1110,MA上昇配列 / パーフェクトオーダー / 開示[自己株式の取得](4日前)
6516,山洋電気,電気機器,11.6,★☆☆☆☆,4.6,0.0,2.0,0.0,5.0,0.0,0.0,0.0,,Intel,-4.5,1.4,5.6,1.0,5193,5850.0,6.4,0.1,1074,Intel+9.7%連動(β0.19)
8614,東洋証券,証券、商品先物取引業,11.5,★☆☆☆☆,0.0,0.0,2.0,0.0,9.5,0.0,0.0,0.0,,,0.0,8.0,2.3,2.3,643,675.0,2.3,0.2,476,MA上昇配列 / パーフェクトオーダー
2871,ニチレイ,食料品,11.5,★☆☆☆☆,0.0,0.0,2.0,0.0,9.5,0.0,0.0,0.0,,,0.0,5.3,3.2,3.1,2092,2233.5,1.4,0.1,4634,MA上昇配列 / パーフェクトオーダー
5018,ＭＯＲＥＳＣＯ,石油・石炭製品,11.5,★☆☆☆☆,0.0,0.0,2.0,0.0,9.5,0.0,0.0,0.0,,,0.0,17.0,3.5,4.3,2044,2200.0,1.6,0.1,117,資金流入増 / MA上昇配列 / パーフェクトオーダー
9110,ＮＳユナイテッド海運,海運業,11.5,★☆☆☆☆,0.0,0.0,4.0,0.0,11.0,0.0,1.5,-5.0,,,0.0,55.5,3.2,34.2,9780,10440.0,29.9,0.4,1115,資金流入増 / MA上昇配列 / パーフェクトオーダー / 52週高値目前 / RSI過熱(99)⚠ / 過熱⚠25MA+34% / 開示[自己株式の取得](7日前)
9824,泉州電業,卸売業,11.5,★☆☆☆☆,3.7,0.0,1.0,0.0,4.7,0.0,2.1,0.0,,SOX指数,-3.0,6.0,3.6,3.4,6107,6580.0,8.0,0.1,469,SOX指数+5.4%連動(β0.27) / 開示[自己株式取得](4日前)
8393,宮崎銀行,銀行業,11.5,★☆☆☆☆,0.0,0.0,2.0,0.0,9.5,0.0,0.0,0.0,,,0.0,11.1,4.5,4.9,2225,2444.0,4.5,0.1,651,MA上昇配列 / パーフェクトオーダー
8524,北洋銀行,銀行業,11.5,★☆☆☆☆,0.0,0.0,2.0,0.0,9.5,0.0,0.0,0.0,,,0.0,7.6,4.1,3.3,1123,1223.0,5.7,0.2,2317,MA上昇配列 / パーフェクトオーダー
8392,大分銀行,銀行業,11.5,★☆☆☆☆,0.0,0.0,2.0,0.0,9.5,0.0,0.0,0.0,,,0.0,9.1,4.6,4.5,2484,2733.0,6.5,0.1,676,MA上昇配列 / パーフェクトオーダー
8386,百十四銀行,銀行業,11.5,★☆☆☆☆,0.0,0.0,2.0,0.0,9.5,0.0,0.0,0.0,,,0.0,10.8,4.3,4.4,2652,2904.0,2.0,0.2,1081,MA上昇配列 / パーフェクトオーダー
6750,エレコム,電気機器,11.5,★☆☆☆☆,0.0,0.0,2.0,0.0,9.5,0.0,0.0,0.0,,,0.0,5.6,2.2,1.2,1783,1865.0,0.2,0.1,369,MA上昇配列 / パーフェクトオーダー
6178,日本郵政,サービス業,11.5,★☆☆☆☆,0.0,0.0,2.0,0.0,9.5,0.0,0.0,0.0,,,0.0,5.0,2.5,1.3,2299,2421.5,1.7,0.1,12667,MA上昇配列 / パーフェクトオーダー
3733,ソフトウェア・サービス,情報・通信業,11.5,★☆☆☆☆,0.0,0.0,2.0,0.0,8.0,0.0,1.5,0.0,,,0.0,0.6,3.8,3.3,10434,11300.0,2.5,0.0,183,MA上昇配列 / 開示[自己株式の取得](10日前) / 開示[自己株式の取得](11日前)
2354,ＹＥ　ＤＩＧＩＴＡＬ,情報・通信業,11.5,★☆☆☆☆,0.0,0.0,4.0,0.0,7.5,0.0,0.0,0.0,,,0.0,56.1,15.1,13.4,884,1268.0,2.7,0.0,3596,資金流入増 / MA上昇配列 / パーフェクトオーダー
6998,日本タングステン,電気機器,11.5,★☆☆☆☆,0.0,0.0,8.0,0.0,8.5,0.0,0.0,-5.0,,,0.0,43.8,4.3,41.6,2606,2853.0,49.8,10.4,109,出来高急増10.4倍 / 買い出来高優勢 / 52週高値ブレイク! / RSI過熱(86)⚠ / 過熱⚠25MA+42%
6345,アイチ　コーポレーション,機械,11.5,★☆☆☆☆,0.0,0.0,2.0,0.0,9.5,0.0,0.0,0.0,,,0.0,4.5,1.8,1.0,1373,1424.0,-1.9,0.1,161,MA上昇配列 / パーフェクトオーダー
9508,九州電力,電気・ガス業,11.5,★☆☆☆☆,0.0,0.0,2.0,0.0,9.5,0.0,0.0,0.0,,,0.0,8.5,2.6,3.2,1735,1831.5,3.0,0.1,3056,MA上昇配列 / パーフェクトオーダー
5192,三ツ星ベルト,ゴム製品,11.5,★☆☆☆☆,0.0,0.0,2.0,0.0,9.5,0.0,0.0,0.0,,,0.0,5.7,1.3,1.6,3994,4105.0,0.5,0.1,250,MA上昇配列 / パーフェクトオーダー
8370,紀陽銀行,銀行業,11.5,★☆☆☆☆,0.0,0.0,2.0,0.0,9.5,0.0,0.0,0.0,,,0.0,7.7,3.4,3.2,4547,4875.0,3.9,0.2,917,MA上昇配列 / パーフェクトオーダー
7282,豊田合成,輸送用機器,11.5,★☆☆☆☆,0.0,0.0,2.0,0.0,9.5,0.0,0.0,0.0,,,0.0,5.4,3.8,2.1,4835,5234.0,-5.9,0.2,2906,MA上昇配列 / パーフェクトオーダー
2109,ＤＭ三井製糖,食料品,11.5,★☆☆☆☆,0.0,0.0,2.0,0.0,9.5,0.0,0.0,0.0,,,0.0,5.8,2.0,2.2,3322,3460.0,0.9,0.1,149,MA上昇配列 / パーフェクトオーダー
3491,ＧＡ　ｔｅｃｈｎｏｌｏｇｉｅｓ,不動産業,11.4,★☆☆☆☆,3.4,0.0,2.0,0.0,6.0,0.0,0.0,0.0,,S&P500,-3.3,11.4,4.0,6.2,1368,1486.0,2.5,0.2,241,S&P500+1.4%連動(β0.93)
9119,飯野海運,海運業,11.4,★☆☆☆☆,0.0,0.0,2.0,0.0,7.0,0.0,2.4,0.0,,,0.0,6.2,2.9,3.9,1470,1562.0,5.2,0.1,351,開示[増配](3日前)
6999,ＫＯＡ,電気機器,11.4,★☆☆☆☆,4.4,0.0,3.0,0.0,4.0,0.0,0.0,0.0,,SOX指数,-5.0,1.3,9.1,-0.3,2009,2458.0,8.8,0.1,3639,SOX指数+5.4%連動(β0.32) / 資金流入増
6113,アマダ,機械,11.4,★☆☆☆☆,5.1,0.0,0.0,0.0,3.7,0.0,2.6,0.0,,Intel,0.4,-4.8,5.0,-4.0,2492,2766.5,-0.7,0.5,6164,Intel+9.7%連動(β0.16) / 開示[自己株式の取得](2日前)
4051,ＧＭＯフィナンシャルゲート,情報・通信業,11.399999999999999,★☆☆☆☆,2.7,0.0,0.0,0.0,8.7,0.0,0.0,0.0,,NASDAQ,-6.0,1.1,3.5,1.6,6217,6690.0,4.2,0.1,160,NASDAQ+1.7%連動(β0.63) / MA上昇配列 / パーフェクトオーダー
368A,北里,精密機器,11.3,★☆☆☆☆,0.0,0.0,3.3,0.0,8.0,0.0,0.0,0.0,,,0.0,12.4,2.5,6.5,1403,1477.0,7.3,0.1,174,買い出来高優勢 / MA上昇配列
3276,ＪＰＭＣ,不動産業,11.3,★☆☆☆☆,0.0,0.0,5.3,0.0,11.0,0.0,0.0,-5.0,,,0.0,60.5,3.4,27.4,2093,2244.0,23.2,0.4,525,買い出来高優勢 / 資金流入増 / MA上昇配列 / パーフェクトオーダー / 52週高値目前 / RSI過熱(94)⚠ / 過熱⚠25MA+27%
5411,ＪＦＥホールディングス,鉄鋼,11.3,★☆☆☆☆,0.0,0.0,3.3,0.0,8.0,0.0,0.0,0.0,,,0.0,18.3,2.9,8.2,1769,1877.5,3.3,0.2,10422,買い出来高優勢 / MA上昇配列
8876,リログループ,サービス業,11.3,★☆☆☆☆,0.0,0.0,0.0,0.0,8.5,0.0,2.8,0.0,,,0.0,0.3,2.3,1.6,1984,2081.0,3.3,0.2,1019,MA上昇配列 / パーフェクトオーダー / 開示[自己株式取得](1日前)
6532,ベイカレント,サービス業,11.3,★☆☆☆☆,0.0,0.0,1.0,0.0,7.5,0.0,2.8,0.0,,,0.0,8.7,4.4,4.1,6461,7088.0,-0.7,0.1,11808,MA上昇配列 / パーフェクトオーダー / 開示[自己株式の取得](1日前)
8020,兼松,卸売業,11.3,★☆☆☆☆,0.0,0.0,3.3,0.0,8.0,0.0,0.0,0.0,,,0.0,10.1,2.5,5.1,2104,2216.5,5.6,0.2,1093,買い出来高優勢
6407,ＣＫＤ,機械,11.2,★☆☆☆☆,8.5,0.0,0.0,0.0,2.7,0.0,0.0,0.0,,Coherent,-4.3,-5.5,7.7,-3.0,5343,6320.0,5.3,0.1,4714,Coherent+16.0%連動(β0.21)
7717,ブイ・テクノロジー,精密機器,11.2,★☆☆☆☆,11.2,0.0,0.0,0.0,0.0,0.0,0.0,0.0,,SOX指数,1.9,-13.4,8.0,-13.1,4658,5550.0,1.6,0.2,2474,SOX指数+5.4%連動(β0.41) 未反応+1.9%
5384,フジミインコーポレーテッド,ガラス・土石製品,11.100000000000001,★☆☆☆☆,6.4,0.0,2.0,0.0,2.7,0.0,0.0,0.0,,Coherent,-1.0,-1.0,7.3,-2.4,3381,3960.0,3.7,0.1,1841,Coherent+16.0%連動(β0.16)
5449,大阪製鐵,鉄鋼,11.1,★☆☆☆☆,0.0,0.0,2.0,0.0,8.0,0.0,1.1,0.0,,,0.0,14.4,5.2,7.3,2487,2776.0,10.8,0.1,114,MA上昇配列 / 開示[業績予想の修正](8日前)
7751,キヤノン,電気機器,11.1,★☆☆☆☆,0.0,0.0,1.0,0.0,7.5,0.0,2.6,0.0,,,0.0,9.3,2.7,3.4,4351,4600.0,3.9,0.2,20342,MA上昇配列 / 開示[自己株式の取得](2日前)
7063,Ｂｉｒｄｍａｎ,サービス業,11.1,★☆☆☆☆,0.0,0.0,1.0,0.0,8.0,0.0,2.1,0.0,,,0.0,28.3,10.7,14.1,84,107.0,24.4,0.2,122,MA上昇配列 / 開示[業務提携](2日前)
6653,正興電機製作所,電気機器,11.1,★☆☆☆☆,4.1,0.0,2.0,0.0,5.0,0.0,0.0,0.0,,SOX指数,-3.9,2.2,5.3,0.9,2004,2243.0,8.1,0.1,413,SOX指数+5.4%連動(β0.30) / 開示[業績予想の修正](14日前)
3360,シップヘルスケアホールディングス,卸売業,11.1,★☆☆☆☆,0.0,0.0,2.0,0.0,6.5,0.0,2.6,0.0,,,0.0,9.2,2.7,1.8,2299,2430.0,-5.1,0.1,628,MA上昇配列 / 開示[自己株式の取得](2日前)
6369,トーヨーカネツ,機械,11.1,★☆☆☆☆,0.0,0.0,0.0,0.0,9.0,0.0,2.1,0.0,,,0.0,6.5,1.8,3.2,2445,2534.0,3.6,0.3,204,MA上昇配列 / 開示[自己株式の取得](4日前)
9880,イノテック,電気機器,11.1,★☆☆☆☆,3.7,0.0,0.0,0.0,5.0,0.0,2.4,0.0,,SOX指数,-2.4,3.5,5.1,3.6,3218,3580.0,5.9,0.3,463,SOX指数+5.4%連動(β0.27) / 開示[自己株式の取得](3日前)
9435,光通信,情報・通信業,11.1,★☆☆☆☆,0.0,0.0,0.0,0.0,9.0,0.0,2.1,0.0,,,0.0,12.3,2.3,7.2,39033,40890.0,4.4,0.3,3105,MA上昇配列 / 開示[自己株式の取得](4日前)
167A,リョーサン菱洋ホールディングス,卸売業,11.0,★☆☆☆☆,0.0,0.0,3.3,0.0,7.7,0.0,0.0,0.0,,,0.0,13.1,2.1,7.0,2918,3045.0,3.8,0.2,572,買い出来高優勢 / MA上昇配列
6736,サン電子,電気機器,11.0,★☆☆☆☆,0.0,0.0,0.0,0.0,11.0,0.0,0.0,0.0,,,0.0,-1.2,6.1,7.0,9190,10460.0,7.2,0.1,216,MA上昇配列 / パーフェクトオーダー
6238,フリュー,機械,11.0,★☆☆☆☆,0.0,0.0,0.0,0.0,11.0,0.0,0.0,0.0,,,0.0,4.3,2.2,2.9,1362,1425.0,2.7,0.4,110,MA上昇配列 / パーフェクトオーダー
7740,タムロン,精密機器,11.0,★☆☆☆☆,0.0,0.0,3.0,0.0,11.0,0.0,0.0,-3.0,,,0.0,31.2,3.5,18.8,1346,1446.0,0.6,0.1,823,MA上昇配列 / パーフェクトオーダー / 52週高値目前 / RSI過熱(88)⚠ / 伸びすぎ注意(25MA+19%)
7480,スズデン,卸売業,11.0,★☆☆☆☆,0.0,0.0,5.3,0.0,10.7,0.0,0.0,-5.0,,,0.0,39.9,4.7,31.6,3079,3400.0,37.1,0.9,259,買い出来高優勢 / 資金流入増 / MA上昇配列 / パーフェクトオーダー / 過熱⚠25MA+32%
1518,三井松島ホールディングス,その他製品,11.0,★☆☆☆☆,0.0,0.0,5.3,0.0,10.7,0.0,0.0,-5.0,,,0.0,49.6,5.1,20.1,2046,2278.0,-2.1,0.1,1375,買い出来高優勢 / 資金流入増 / MA上昇配列 / パーフェクトオーダー / 過熱⚠25MA+20%
4208,ＵＢＥ,化学,11.0,★☆☆☆☆,0.0,0.0,0.0,0.0,11.0,0.0,0.0,0.0,,,0.0,7.9,2.0,3.6,3202,3338.0,4.9,0.3,2805,MA上昇配列 / パーフェクトオーダー / 52週高値目前
8253,クレディセゾン,その他金融業,11.0,★☆☆☆☆,0.0,0.0,0.0,0.0,11.0,0.0,0.0,0.0,,,0.0,4.4,2.3,2.0,4498,4716.0,3.6,0.1,3161,MA上昇配列 / パーフェクトオーダー / 52週高値目前
1762,高松コンストラクショングループ,建設業,11.0,★☆☆☆☆,0.0,0.0,1.0,0.0,10.0,0.0,0.0,0.0,,,0.0,9.7,2.7,4.5,3679,3885.0,4.0,0.2,187,MA上昇配列
6306,日工,機械,11.0,★☆☆☆☆,0.0,0.0,0.0,0.0,11.0,0.0,0.0,0.0,,,0.0,6.1,1.9,2.5,949,987.0,0.5,0.1,102,MA上昇配列 / パーフェクトオーダー / 52週高値目前
5707,東邦亜鉛,非鉄金属,11.0,★☆☆☆☆,4.0,0.0,1.0,0.0,6.0,0.0,0.0,0.0,,Albemarle,-8.6,24.4,5.7,13.1,845,954.0,8.3,0.2,316,Albemarle+5.7%連動(β0.29)
7971,東リ,化学,11.0,★☆☆☆☆,0.0,0.0,2.0,0.0,9.0,0.0,0.0,0.0,,,0.0,8.0,2.4,4.4,658,691.0,3.4,0.2,103,MA上昇配列
6310,井関農機,機械,11.0,★☆☆☆☆,0.0,0.0,2.0,0.0,9.0,0.0,0.0,0.0,,,0.0,12.8,3.8,6.6,1837,1988.0,7.5,0.3,193,MA上昇配列
6339,新東工業,機械,11.0,★☆☆☆☆,0.0,0.0,0.0,0.0,11.0,0.0,0.0,0.0,,,0.0,1.3,2.1,1.0,1137,1187.0,3.1,0.1,108,MA上昇配列 / パーフェクトオーダー
3401,帝人,繊維製品,11.0,★☆☆☆☆,0.0,0.0,0.0,0.0,11.0,0.0,0.0,0.0,,,0.0,5.1,2.6,2.2,1639,1727.5,5.5,0.2,1341,MA上昇配列 / パーフェクトオーダー / 52週高値目前
9830,トラスコ中山,卸売業,11.0,★☆☆☆☆,0.0,0.0,2.0,0.0,9.0,0.0,0.0,0.0,,,0.0,9.0,2.0,3.9,2365,2462.0,1.9,0.5,327,MA上昇配列
2212,山崎製パン,食料品,11.0,★☆☆☆☆,0.0,0.0,2.0,0.0,9.0,0.0,0.0,0.0,,,0.0,10.3,3.6,5.0,3277,3532.0,5.2,0.1,2489,MA上昇配列
8050,セイコーグループ,精密機器,11.0,★☆☆☆☆,0.0,0.0,2.0,0.0,12.0,0.0,0.0,-3.0,,,0.0,25.6,5.3,16.5,8164,9130.0,15.0,0.1,2755,MA上昇配列 / パーフェクトオーダー / 伸びすぎ注意(25MA+17%)
8074,ＹＵＡＳＡ,卸売業,11.0,★☆☆☆☆,0.0,0.0,0.0,0.0,11.0,0.0,0.0,0.0,,,0.0,7.7,2.0,3.0,5539,5770.0,-0.7,0.2,178,MA上昇配列 / パーフェクトオーダー
7864,フジシールインターナショナル,その他製品,11.0,★☆☆☆☆,0.0,0.0,1.0,0.0,10.0,0.0,0.0,0.0,,,0.0,12.6,2.5,7.7,3106,3270.0,8.1,0.4,471,MA上昇配列
5351,品川リフラ,ガラス・土石製品,11.0,★☆☆☆☆,0.0,0.0,2.0,0.0,9.0,0.0,0.0,0.0,,,0.0,10.4,1.7,4.1,2045,2117.0,2.9,0.1,216,MA上昇配列
9706,日本空港ビルデング,不動産業,11.0,★☆☆☆☆,0.0,0.0,0.0,0.0,11.0,0.0,0.0,0.0,,,0.0,10.7,2.7,4.4,5429,5736.0,1.2,0.1,1626,MA上昇配列 / パーフェクトオーダー
212A,フィットイージー,サービス業,11.0,★☆☆☆☆,0.0,0.0,0.0,0.0,11.0,0.0,0.0,0.0,,,0.0,12.2,2.9,7.6,2815,2990.0,9.2,0.2,350,MA上昇配列 / パーフェクトオーダー
4668,明光ネットワークジャパン,サービス業,11.0,★☆☆☆☆,0.0,0.0,4.0,0.0,7.0,0.0,0.0,0.0,,,0.0,10.2,1.5,1.0,740,763.0,-1.9,0.2,117,資金流入増 / MA上昇配列 / パーフェクトオーダー
1515,日鉄鉱業,鉱業,10.999999999999998,★☆☆☆☆,3.9,0.0,3.3,0.0,6.7,0.0,2.1,-5.0,,SOX指数,-9.9,51.3,5.2,25.1,3127,3490.0,15.4,0.3,1889,SOX指数+5.4%連動(β0.29) / 買い出来高優勢 / MA上昇配列 / 過熱⚠25MA+25% / 開示[自己株式の取得](4日前)
6645,オムロン,電気機器,10.9,★☆☆☆☆,5.9,0.0,2.0,0.0,6.0,0.0,0.0,-3.0,,Skyworks,-19.9,14.1,4.8,15.3,5925,6551.0,20.6,0.6,9356,Skyworks+9.1%連動(β0.26) / 伸びすぎ注意(25MA+15%)
7713,シグマ光機,精密機器,10.9,★☆☆☆☆,2.9,0.0,2.0,0.0,6.0,0.0,0.0,0.0,,SOX指数,-10.4,11.5,4.6,8.8,1970,2171.0,15.6,0.2,111,SOX指数+5.4%連動(β0.22)
5381,マイポックス,ガラス・土石製品,10.9,★☆☆☆☆,5.9,0.0,0.0,0.0,5.0,0.0,0.0,0.0,,SOX指数,-8.2,-3.4,5.9,0.9,767,869.0,14.3,0.3,183,SOX指数+5.4%連動(β0.43)
3431,宮地エンジニアリンググループ,金属製品,10.8,★☆☆☆☆,0.0,0.0,0.0,0.0,8.0,0.0,2.8,0.0,,,0.0,6.4,1.7,2.1,1539,1592.0,0.4,0.8,122,MA上昇配列 / 開示[自己株式の取得](1日前)
5991,日本発條,金属製品,10.8,★☆☆☆☆,3.8,0.0,2.0,0.0,5.0,0.0,0.0,0.0,,SOX指数,-2.6,-0.4,5.0,-0.3,3309,3677.0,1.9,0.4,3050,SOX指数+5.4%連動(β0.28)
6203,豊和工業,機械,10.8,★☆☆☆☆,0.0,0.0,0.0,0.0,5.0,0.0,5.8,0.0,,,0.0,-3.4,4.7,0.6,1362,1503.0,8.8,0.9,482,開示[自己株式の取得](0日前) / 開示[自己株式の取得](1日前)
1852,淺沼組,建設業,10.8,★☆☆☆☆,0.0,0.0,0.0,0.0,8.0,0.0,2.8,0.0,,,0.0,9.3,2.1,5.2,872,910.0,4.5,1.2,393,MA上昇配列 / 開示[自己株式の取得](1日前)
3661,エムアップホールディングス,情報・通信業,10.7,★☆☆☆☆,2.7,0.0,0.0,0.0,8.0,0.0,0.0,0.0,,S&P500,-2.1,9.5,3.0,4.6,752,800.0,1.4,0.2,442,S&P500+1.4%連動(β0.75) / MA上昇配列
8316,三井住友フィナンシャルグループ,銀行業,10.7,★☆☆☆☆,2.9,0.0,1.0,0.0,3.2,0.0,3.6,0.0,,SOX指数,-1.7,2.2,3.0,-1.0,6395,6802.0,-0.2,0.2,90347,SOX指数+5.4%連動(β0.21) / 開示[自己株式の取得](4日前) / 開示[株式分割](4日前)
6376,日機装,精密機器,10.7,★☆☆☆☆,0.0,0.0,0.0,0.0,10.7,0.0,0.0,0.0,,,0.0,9.0,5.0,2.4,3562,3960.0,5.6,0.1,1474,MA上昇配列 / パーフェクトオーダー
7821,前田工繊,その他製品,10.7,★☆☆☆☆,0.0,0.0,2.0,0.0,8.7,0.0,0.0,0.0,,,0.0,12.1,2.0,6.2,1932,2015.0,2.5,0.2,277,MA上昇配列
2685,アンドエスティＨＤ,小売業,10.7,★☆☆☆☆,0.0,0.0,0.0,0.0,10.7,0.0,0.0,0.0,,,0.0,0.7,2.3,0.4,3330,3490.0,3.3,0.4,624,MA上昇配列 / パーフェクトオーダー
8359,八十二長野銀行,銀行業,10.7,★☆☆☆☆,3.6,0.0,0.0,0.0,4.5,0.0,2.6,0.0,,Intel,-1.5,1.9,3.3,-0.1,2397,2566.0,2.3,0.3,3923,Intel+9.7%連動(β0.15) / 開示[自己株式の取得](2日前)
2222,寿スピリッツ,食料品,10.7,★☆☆☆☆,0.0,0.0,1.0,0.0,9.7,0.0,0.0,0.0,,,0.0,3.7,3.5,1.4,2415,2594.5,2.0,0.1,1576,MA上昇配列 / パーフェクトオーダー / 52週高値目前
7575,日本ライフライン,卸売業,10.7,★☆☆☆☆,0.0,0.0,2.0,0.0,8.7,0.0,0.0,0.0,,,0.0,12.9,2.4,7.1,1447,1519.0,-3.2,0.1,265,MA上昇配列
3923,ラクス,情報・通信業,10.7,★☆☆☆☆,6.5,0.0,0.0,0.0,4.2,0.0,0.0,0.0,,Microsoft,1.0,3.5,4.1,1.2,954,1040.0,-1.9,0.1,1816,Microsoft+2.5%連動(β0.55) 未反応+1.0% / MA上昇配列
5408,中山製鋼所,鉄鋼,10.7,★☆☆☆☆,0.0,0.0,2.0,0.0,8.7,0.0,0.0,0.0,,,0.0,8.3,2.0,4.1,639,666.0,1.4,0.3,129,MA上昇配列 / パーフェクトオーダー
6914,オプテックスグループ,電気機器,10.600000000000001,★☆☆☆☆,5.9,0.0,0.0,0.0,2.7,0.0,2.0,0.0,,Coherent,-0.1,-2.9,4.4,-2.0,3276,3595.0,3.5,0.1,626,Coherent+16.0%連動(β0.15) / 開示[上方修正](7日前)
6525,ＫＯＫＵＳＡＩ　ＥＬＥＣＴＲＩＣ,電気機器,10.600000000000001,★☆☆☆☆,7.4,0.0,0.0,0.0,0.0,0.0,3.2,0.0,,Coherent,-1.3,-22.5,10.0,-10.8,6493,8118.0,9.4,0.4,71608,Coherent+16.0%連動(β0.19) / 開示[業績予想の修正](1日前) / 開示[自己株式の取得](10日前)
2270,雪印メグミルク,食料品,10.6,★☆☆☆☆,0.0,0.0,0.0,0.0,8.2,0.0,2.4,0.0,,,0.0,3.6,2.9,1.0,3547,3765.0,0.0,0.2,673,MA上昇配列 / パーフェクトオーダー / 開示[自己株式の取得](3日前)
4099,四国化成ホールディングス,化学,10.6,★☆☆☆☆,4.6,0.0,0.0,0.0,6.0,0.0,0.0,0.0,,Intel,-9.2,8.1,7.0,7.2,2610,3035.0,8.7,0.1,1368,Intel+9.7%連動(β0.19)
6592,マブチモーター,電気機器,10.6,★☆☆☆☆,0.0,0.0,0.0,0.0,8.5,0.0,2.1,0.0,,,0.0,4.7,2.4,1.4,1581,1660.0,-0.3,0.2,1731,MA上昇配列 / パーフェクトオーダー / 開示[自己株式の取得](4日前)
1514,住石ホールディングス,鉱業,10.6,★☆☆☆☆,0.0,0.0,1.0,0.0,6.0,0.0,3.6,0.0,,,0.0,10.8,3.5,4.6,565,607.0,5.2,0.4,168,開示[自己株式の取得](4日前) / 開示[自己株式取得](7日前)
4765,ＳＢＩグローバルアセットマネジメント,サービス業,10.6,★☆☆☆☆,0.0,0.0,3.0,0.0,7.0,0.0,0.6,0.0,,,0.0,6.7,2.7,2.3,567,599.0,-3.5,0.1,276,開示[増配](11日前)
8624,いちよし証券,証券、商品先物取引業,10.5,★☆☆☆☆,0.0,0.0,1.0,0.0,9.5,0.0,0.0,0.0,,,0.0,9.6,4.0,2.2,1429,1554.0,-0.3,0.2,254,MA上昇配列 / パーフェクトオーダー
5911,横河ブリッジホールディングス,金属製品,10.5,★☆☆☆☆,0.0,0.0,0.0,0.0,7.5,0.0,3.0,0.0,,,0.0,4.7,1.7,1.0,2843,2942.0,-0.6,0.1,359,MA上昇配列 / 開示[自己株式の取得](3日前) / 開示[自己株式取得](11日前)
6387,サムコ,機械,10.5,★☆☆☆☆,9.0,0.0,0.0,0.0,1.5,0.0,0.0,0.0,,Coherent,-0.3,-22.1,9.0,-14.2,7258,8850.0,3.9,0.2,1094,Coherent+16.0%連動(β0.22)
7322,三十三フィナンシャルグループ,銀行業,10.5,★☆☆☆☆,0.0,0.0,1.0,0.0,9.5,0.0,0.0,0.0,,,0.0,7.9,5.1,2.1,1721,1918.0,0.4,0.1,706,MA上昇配列 / パーフェクトオーダー
6417,ＳＡＮＫＹＯ,機械,10.5,★☆☆☆☆,0.0,0.0,1.0,0.0,6.7,0.0,2.8,0.0,,,0.0,18.2,3.2,10.4,1806,1927.0,3.9,0.2,1777,MA上昇配列 / 開示[増配](1日前)
8424,芙蓉総合リース,その他金融業,10.5,★☆☆☆☆,0.0,0.0,1.0,0.0,9.5,0.0,0.0,0.0,,,0.0,6.5,1.9,1.4,4274,4447.0,-2.1,0.1,749,MA上昇配列 / パーフェクトオーダー
6769,ザインエレクトロニクス,電気機器,10.5,★☆☆☆☆,5.5,0.0,0.0,0.0,5.0,0.0,0.0,0.0,,SOX指数,-0.4,1.7,5.7,1.7,925,1043.0,4.3,0.3,123,SOX指数+5.4%連動(β0.40)
7616,コロワイド,小売業,10.5,★☆☆☆☆,0.0,0.0,3.0,0.0,7.5,0.0,0.0,0.0,,,0.0,10.1,2.9,4.2,1938,2057.0,-0.0,0.2,959,MA上昇配列 / パーフェクトオーダー
8364,清水銀行,銀行業,10.5,★☆☆☆☆,0.0,0.0,1.0,0.0,9.5,0.0,0.0,0.0,,,0.0,7.0,4.1,5.2,2578,2808.0,4.7,0.3,117,MA上昇配列 / パーフェクトオーダー
9536,西部ガスホールディングス,電気・ガス業,10.5,★☆☆☆☆,0.0,0.0,2.0,0.0,8.5,0.0,0.0,0.0,,,0.0,3.3,1.8,1.0,2283,2369.0,0.3,0.2,160,MA上昇配列 / パーフェクトオーダー
8142,トーホー,卸売業,10.5,★☆☆☆☆,0.0,0.0,1.0,0.0,9.5,0.0,0.0,0.0,,,0.0,5.7,2.1,1.5,1305,1363.0,0.6,0.1,259,MA上昇配列 / パーフェクトオーダー
8591,オリックス,その他金融業,10.5,★☆☆☆☆,3.4,0.0,0.0,0.0,4.5,0.0,2.6,0.0,,SOX指数,0.2,1.8,2.8,-0.6,6050,6411.0,0.0,0.5,20524,SOX指数+5.4%連動(β0.21) / 開示[自己株式の取得](2日前)
8098,稲畑産業,卸売業,10.5,★☆☆☆☆,0.0,0.0,1.0,0.0,9.5,0.0,0.0,0.0,,,0.0,4.9,1.6,1.4,3903,4035.0,1.8,0.2,355,MA上昇配列 / パーフェクトオーダー
2997,ストレージ王,不動産業,10.5,★☆☆☆☆,0.0,0.0,2.0,0.0,8.5,0.0,0.0,0.0,,,0.0,23.9,0.1,5.6,1332,1335.0,-0.1,0.2,125,資金流入増 / MA上昇配列 / パーフェクトオーダー / 52週高値目前
2705,大戸屋ホールディングス,小売業,10.5,★☆☆☆☆,0.0,0.0,1.0,0.0,9.5,0.0,0.0,0.0,,,0.0,8.4,2.9,3.9,8011,8510.0,-0.8,0.2,122,MA上昇配列 / パーフェクトオーダー
1377,サカタのタネ,水産・農林業,10.5,★☆☆☆☆,0.0,0.0,3.3,0.0,7.2,0.0,0.0,0.0,,,0.0,3.8,2.1,0.8,4199,4385.0,1.6,0.1,651,買い出来高優勢 / MA上昇配列 / パーフェクトオーダー
7970,信越ポリマー,化学,10.4,★☆☆☆☆,3.7,0.0,2.0,0.0,4.7,0.0,0.0,0.0,,SOX指数,-5.9,-0.6,3.6,-1.1,2152,2320.0,8.3,0.1,697,SOX指数+5.4%連動(β0.27) / 資金流入増
3445,ＲＳ　Ｔｅｃｈｎｏｌｏｇｉｅｓ,金属製品,10.4,★☆☆☆☆,7.7,0.0,0.0,0.0,2.7,0.0,0.0,0.0,,Coherent,-4.0,-7.6,7.9,-2.9,5747,6830.0,8.2,0.2,1942,Coherent+16.0%連動(β0.19) / 開示[資本提携](14日前)
3891,ニッポン高度紙工業,パルプ・紙,10.399999999999999,★☆☆☆☆,5.5,0.0,1.0,0.0,2.7,0.0,1.2,0.0,,Intel,-0.4,-6.8,8.8,-4.1,5753,6990.0,3.9,0.1,1454,Intel+9.7%連動(β0.23) / 開示[業績予想の修正](7日前)
5838,楽天銀行,銀行業,10.3,★☆☆☆☆,0.0,0.0,0.0,0.0,8.0,0.0,2.3,0.0,,,0.0,2.7,3.8,3.2,5289,5729.0,4.7,0.5,5450,MA上昇配列 / 開示[業績予想の修正](1日前)
3382,セブン＆アイ・ホールディングス,小売業,10.3,★☆☆☆☆,0.0,0.0,1.0,0.0,4.2,0.0,5.1,0.0,,,0.0,5.2,3.4,0.6,1945,2087.0,-1.0,0.1,20558,MA上昇配列 / 開示[自己株式の取得](4日前) / 開示[資本業務提携](7日前)
4052,フィーチャ,情報・通信業,10.3,★☆☆☆☆,0.0,0.0,7.3,0.0,8.0,0.0,0.0,-5.0,,,0.0,132.7,13.1,78.4,398,539.0,57.6,1.8,230,買い出来高優勢 / 資金流入増 / MA上昇配列 / 過熱⚠25MA+78%
7984,コクヨ,その他製品,10.3,★☆☆☆☆,0.0,0.0,0.0,0.0,7.5,0.0,2.8,0.0,,,0.0,5.2,2.3,1.1,835,874.0,-3.9,0.1,943,MA上昇配列 / 開示[自己株式の取得](1日前)
6770,アルプスアルパイン,電気機器,10.3,★☆☆☆☆,3.3,0.0,1.0,0.0,4.5,0.0,1.5,0.0,,SOX指数,-1.1,6.2,3.5,0.5,1988,2138.0,-3.4,0.1,3783,SOX指数+5.4%連動(β0.24) / 開示[自己株式取得](7日前)
7744,ノーリツ鋼機,精密機器,10.3,★☆☆☆☆,0.0,0.0,3.3,0.0,7.0,0.0,0.0,0.0,,,0.0,5.7,2.5,2.5,1946,2047.0,5.1,0.1,642,買い出来高優勢
9303,住友倉庫,倉庫・運輸関連業,10.299999999999999,★☆☆☆☆,0.0,0.0,0.0,0.0,8.2,0.0,2.1,0.0,,,0.0,5.6,2.1,1.1,3839,4010.0,-1.5,0.2,475,MA上昇配列 / パーフェクトオーダー / 開示[自己株式の取得](4日前)
4626,太陽ホールディングス,化学,10.299999999999999,★☆☆☆☆,3.1,0.0,1.0,0.0,5.0,0.0,1.2,0.0,,SOX指数,-0.7,2.1,1.4,0.7,4718,4853.0,2.7,0.1,2108,SOX指数+5.4%連動(β0.23) / 開示[業績予想の修正](7日前)
9735,セコム,サービス業,10.299999999999999,★☆☆☆☆,0.0,0.0,0.0,0.0,8.2,0.0,2.1,0.0,,,0.0,3.7,2.5,0.5,6450,6788.0,-1.4,0.1,8453,MA上昇配列 / パーフェクトオーダー / 開示[自己株式の取得](4日前)
6524,湖北工業,電気機器,10.2,★☆☆☆☆,0.0,0.0,2.0,0.0,5.0,0.0,3.2,0.0,,,0.0,11.8,6.4,8.8,4356,5000.0,14.2,1.2,1134,開示[業績予想の修正](1日前) / 開示[業績予想の修正](9日前)
2001,ニップン,食料品,10.2,★☆☆☆☆,0.0,0.0,2.0,0.0,8.2,0.0,0.0,0.0,,,0.0,2.3,2.3,0.8,2715,2844.0,1.2,0.2,688,MA上昇配列 / パーフェクトオーダー
3774,インターネットイニシアティブ,情報・通信業,10.2,★☆☆☆☆,0.0,0.0,2.0,0.0,8.2,0.0,0.0,0.0,,,0.0,2.6,2.6,0.7,3337,3518.0,0.4,0.1,1688,MA上昇配列 / パーフェクトオーダー
6963,ローム,電気機器,10.2,★☆☆☆☆,7.5,0.0,0.0,0.0,2.7,0.0,0.0,0.0,,Skyworks,-2.0,-15.8,6.9,-6.5,3922,4546.0,5.0,0.2,23457,Skyworks+9.1%連動(β0.33)
2590,ダイドーグループホールディングス,食料品,10.2,★☆☆☆☆,0.0,0.0,3.0,0.0,7.2,0.0,0.0,0.0,,,0.0,8.6,2.8,1.3,2763,2928.0,-2.7,0.1,423,MA上昇配列 / パーフェクトオーダー
3549,クスリのアオキホールディングス,小売業,10.1,★☆☆☆☆,0.0,0.0,1.0,0.0,6.5,0.0,2.6,0.0,,,0.0,5.2,3.4,2.2,3702,3974.0,-1.1,0.1,896,MA上昇配列 / 開示[自己株式の取得](2日前)
2726,パルグループホールディングス,小売業,10.1,★☆☆☆☆,0.0,0.0,0.0,0.0,8.0,0.0,2.1,0.0,,,0.0,1.4,3.6,0.5,1370,1475.0,-1.3,0.1,1344,MA上昇配列 / 開示[自己株式の取得](4日前)
7803,ブシロード,その他製品,10.1,★☆☆☆☆,0.0,0.0,3.0,0.0,5.0,0.0,2.1,0.0,,,0.0,22.0,5.5,1.7,336,378.0,0.3,0.1,703,資金流入増 / MA上昇配列 / パーフェクトオーダー / 開示[自己株式の取得](4日前)
7606,ユナイテッドアローズ,小売業,10.1,★☆☆☆☆,0.0,0.0,0.0,0.0,8.0,0.0,2.1,0.0,,,0.0,4.9,1.9,3.2,2434,2530.0,4.2,0.4,381,開示[自己株式の取得](4日前)
9166,ＧＥＮＤＡ,サービス業,10.1,★☆☆☆☆,0.0,0.0,1.0,0.0,8.0,0.0,1.1,0.0,,,0.0,18.0,4.1,11.1,603,657.0,9.1,0.2,839,MA上昇配列 / 開示[資本業務提携](9日前)
9843,ニトリホールディングス,小売業,10.0,★☆☆☆☆,0.0,0.0,2.0,0.0,8.0,0.0,0.0,0.0,,,0.0,16.8,3.8,10.8,2565,2776.0,9.4,0.3,8838,MA上昇配列
6637,寺崎電気産業,電気機器,10.0,★☆☆☆☆,0.0,0.0,2.0,0.0,8.0,0.0,0.0,0.0,,,0.0,14.8,4.8,5.2,3700,4090.0,1.1,0.3,194,MA上昇配列
3038,神戸物産,卸売業,10.0,★☆☆☆☆,0.0,0.0,2.0,0.0,8.0,0.0,0.0,0.0,,,0.0,7.4,3.4,3.9,2638,2832.0,2.9,0.2,4726,MA上昇配列
5243,ｎｏｔｅ,情報・通信業,10.0,★☆☆☆☆,0.0,0.0,0.0,0.0,10.0,0.0,0.0,0.0,,,0.0,14.8,6.3,6.5,1973,2260.0,6.2,0.1,861,MA上昇配列 / パーフェクトオーダー
7721,東京計器,精密機器,10.0,★☆☆☆☆,0.0,0.0,2.0,0.0,8.0,0.0,0.0,0.0,,,0.0,16.9,5.4,9.2,6559,7350.0,6.8,0.2,2250,MA上昇配列
4716,日本オラクル,情報・通信業,10.0,★☆☆☆☆,0.0,0.0,2.0,0.0,8.0,0.0,0.0,0.0,,,0.0,5.9,2.7,3.6,8518,9009.0,1.4,0.1,2841,MA上昇配列
5105,ＴＯＹＯ　ＴＩＲＥ,ゴム製品,10.0,★☆☆☆☆,0.0,0.0,0.0,0.0,10.0,0.0,0.0,0.0,,,0.0,12.6,2.7,5.8,4066,4300.0,0.5,0.2,2771,MA上昇配列
7014,名村造船所,輸送用機器,10.0,★☆☆☆☆,0.0,0.0,2.0,0.0,8.0,0.0,0.0,0.0,,,0.0,18.9,6.0,7.0,3851,4380.0,0.9,0.9,5348,MA上昇配列
5110,住友ゴム工業,ゴム製品,10.0,★☆☆☆☆,0.0,0.0,0.0,0.0,10.0,0.0,0.0,0.0,,,0.0,18.5,3.6,12.9,2365,2546.0,11.7,0.8,5288,MA上昇配列
3850,エヌ・ティ・ティ・データ・イントラマート,情報・通信業,10.0,★☆☆☆☆,0.0,0.0,2.0,0.0,8.0,0.0,0.0,0.0,,,0.0,6.4,3.0,5.4,3076,3275.0,2.5,0.2,110,MA上昇配列
4023,クレハ,化学,10.0,★☆☆☆☆,0.0,0.0,0.0,0.0,10.0,0.0,0.0,0.0,,,0.0,10.3,2.0,4.4,4240,4415.0,2.9,0.3,1078,MA上昇配列
4343,イオンファンタジー,サービス業,10.0,★☆☆☆☆,0.0,0.0,2.0,0.0,8.0,0.0,0.0,0.0,,,0.0,9.3,2.5,3.5,2639,2780.0,0.7,0.4,209,MA上昇配列
8194,ライフコーポレーション,小売業,10.0,★☆☆☆☆,0.0,0.0,2.0,0.0,8.0,0.0,0.0,0.0,,,0.0,8.7,2.5,4.4,2492,2623.0,1.5,0.2,541,-
4849,エン,サービス業,10.0,★☆☆☆☆,0.0,0.0,2.0,0.0,8.0,0.0,0.0,0.0,,,0.0,18.8,2.9,10.8,1306,1387.0,8.1,0.3,217,MA上昇配列
6701,日本電気,電気機器,10.0,★☆☆☆☆,0.0,0.0,2.0,0.0,8.0,0.0,0.0,0.0,,,0.0,11.4,4.0,6.9,4393,4780.0,0.8,0.2,31972,MA上昇配列
299A,クラシル,サービス業,10.0,★☆☆☆☆,0.0,0.0,2.0,0.0,8.0,0.0,0.0,0.0,,,0.0,18.0,4.6,6.2,1027,1132.0,-2.7,0.0,186,MA上昇配列
4543,テルモ,精密機器,10.0,★☆☆☆☆,0.0,0.0,2.0,0.0,8.0,0.0,0.0,0.0,,,0.0,8.1,3.3,3.9,2201,2354.5,1.3,0.2,9265,MA上昇配列
2734,サーラコーポレーション,小売業,10.0,★☆☆☆☆,0.0,0.0,1.0,0.0,6.2,0.0,2.8,0.0,,,0.0,4.0,2.1,1.9,1117,1165.0,1.7,0.1,192,MA上昇配列 / 開示[自己株式の取得](1日前)
1814,大末建設,建設業,10.0,★☆☆☆☆,0.0,0.0,1.0,0.0,9.0,0.0,0.0,0.0,,,0.0,9.9,3.4,6.1,3510,3770.0,8.0,0.4,331,MA上昇配列
2120,ＬＩＦＵＬＬ,サービス業,10.0,★☆☆☆☆,0.0,0.0,0.0,0.0,10.0,0.0,0.0,0.0,,,0.0,5.9,2.3,2.3,196,206.0,1.5,0.4,118,MA上昇配列 / パーフェクトオーダー
9201,日本航空,空運業,10.0,★☆☆☆☆,0.0,0.0,0.0,0.0,10.0,0.0,0.0,0.0,,,0.0,4.6,2.4,2.8,2900,3049.0,3.6,0.1,8409,MA上昇配列
4922,コーセーホールディングス,化学,10.0,★☆☆☆☆,0.0,0.0,2.0,0.0,8.0,0.0,0.0,0.0,,,0.0,16.7,3.5,7.6,5556,5978.0,5.2,0.9,1639,MA上昇配列
4704,トレンドマイクロ,情報・通信業,10.0,★☆☆☆☆,0.0,0.0,2.0,0.0,8.0,0.0,0.0,0.0,,,0.0,10.8,3.3,5.7,6337,6784.0,7.0,0.1,6025,MA上昇配列
4431,スマレジ,情報・通信業,10.0,★☆☆☆☆,0.0,0.0,2.0,0.0,8.0,0.0,0.0,0.0,,,0.0,13.7,4.3,5.5,2928,3205.0,0.5,0.1,299,MA上昇配列
4483,ＪＭＤＣ,情報・通信業,10.0,★☆☆☆☆,0.0,0.0,2.0,0.0,8.0,0.0,0.0,0.0,,,0.0,10.0,4.3,5.9,3097,3390.0,8.3,0.4,1110,MA上昇配列
7287,日本精機,輸送用機器,10.0,★☆☆☆☆,0.0,0.0,2.0,0.0,8.0,0.0,0.0,0.0,,,0.0,9.9,3.5,6.6,2422,2603.0,6.7,0.3,321,-
4911,資生堂,化学,10.0,★☆☆☆☆,0.0,0.0,3.0,0.0,10.0,0.0,0.0,-3.0,,,0.0,32.9,5.0,16.3,3227,3589.0,13.8,0.4,13233,MA上昇配列 / パーフェクトオーダー / 伸びすぎ注意(25MA+16%)
6027,弁護士ドットコム,サービス業,9.9,★☆☆☆☆,3.1,0.0,0.0,0.0,4.7,0.0,2.1,0.0,,S&P500,-4.0,4.8,3.5,2.4,2229,2397.0,3.7,0.2,145,S&P500+1.4%連動(β0.87) / 開示[自己株式の取得](4日前)
9304,澁澤倉庫,倉庫・運輸関連業,9.9,★☆☆☆☆,0.0,0.0,2.0,0.0,6.0,0.0,1.9,0.0,,,0.0,3.6,4.5,0.6,1718,1887.0,3.7,0.1,689,資金流入増 / MA上昇配列 / パーフェクトオーダー / 開示[増配](8日前) / 開示[自己株式の取得](11日前)
6047,Ｇｕｎｏｓｙ,サービス業,9.9,★☆☆☆☆,0.0,0.0,1.0,0.0,4.0,0.0,4.9,0.0,,,0.0,-17.3,3.1,-7.7,344,367.0,1.7,0.1,108,開示[自己株式の取得](2日前) / 開示[自己株式の取得](3日前)
8043,スターゼン,卸売業,9.9,★☆☆☆☆,0.0,0.0,0.0,0.0,7.5,0.0,2.4,0.0,,,0.0,6.9,2.2,4.0,1301,1362.0,1.1,0.1,195,MA上昇配列 / 開示[自己株式の取得](3日前)
9692,シーイーシー,情報・通信業,9.9,★☆☆☆☆,0.0,0.0,0.0,0.0,7.5,0.0,2.4,0.0,,,0.0,8.3,2.2,2.5,2147,2245.0,0.3,0.1,238,MA上昇配列 / 開示[自己株式の取得](3日前)
7458,第一興商,卸売業,9.8,★☆☆☆☆,0.0,0.0,0.0,0.0,7.5,0.0,2.3,0.0,,,0.0,7.9,2.6,3.6,1752,1846.5,2.0,0.3,475,MA上昇配列 / パーフェクトオーダー / 開示[業績予想の修正](1日前)
7581,サイゼリヤ,小売業,9.8,★☆☆☆☆,0.0,0.0,5.3,0.0,7.5,0.0,0.0,-3.0,,,0.0,46.1,4.3,16.2,7363,8060.0,2.3,0.4,8415,買い出来高優勢 / 資金流入増 / MA上昇配列 / 伸びすぎ注意(25MA+16%)
6284,日精エー・エス・ビー機械,機械,9.8,★☆☆☆☆,3.2,0.0,0.0,0.0,4.7,0.0,1.9,0.0,,SOX指数,-0.6,-3.0,4.2,-2.3,8463,9230.0,1.8,0.8,297,SOX指数+5.4%連動(β0.23) / 開示[設備投資](1日前)
6929,日本セラミック,電気機器,9.8,★☆☆☆☆,0.0,0.0,1.0,0.0,6.7,0.0,2.1,0.0,,,0.0,6.6,2.1,4.3,3754,3915.0,4.8,0.1,417,開示[自己株式の取得](4日前)
6908,イリソ電子工業,電気機器,9.8,★☆☆☆☆,5.1,0.0,2.0,0.0,2.7,0.0,0.0,0.0,,SOX指数,0.6,0.0,2.3,-1.5,2655,2782.0,1.5,0.2,460,SOX指数+5.4%連動(β0.25) 未反応+0.6%
5703,日本軽金属ホールディングス,非鉄金属,9.8,★☆☆☆☆,0.0,0.0,1.0,0.0,7.0,0.0,1.8,0.0,,,0.0,13.2,3.6,7.2,2712,2920.0,7.6,0.1,1063,開示[業績予想の修正](4日前)
1948,弘電社,建設業,9.7,★☆☆☆☆,0.0,0.0,0.0,0.0,9.7,0.0,0.0,0.0,,,0.0,2.7,0.2,0.3,11407,11450.0,0.4,0.1,148,MA上昇配列 / パーフェクトオーダー / 52週高値目前
9511,沖縄電力,電気・ガス業,9.7,★☆☆☆☆,0.0,0.0,3.0,0.0,6.7,0.0,0.0,0.0,,,0.0,19.6,2.9,11.4,1005,1068.0,1.3,0.1,306,MA上昇配列
6418,日本金銭機械,機械,9.7,★☆☆☆☆,0.0,0.0,3.0,0.0,6.7,0.0,0.0,0.0,,,0.0,15.6,2.3,10.4,1146,1202.0,6.1,1.2,116,MA上昇配列
4187,大阪有機化学工業,化学,9.7,★☆☆☆☆,7.0,0.0,0.0,0.0,2.7,0.0,0.0,0.0,,Coherent,-4.3,-4.2,6.2,-2.6,4304,4915.0,8.4,0.1,1197,Coherent+16.0%連動(β0.18)
5451,ヨドコウ,鉄鋼,9.7,★☆☆☆☆,0.0,0.0,1.0,0.0,8.7,0.0,0.0,0.0,,,0.0,14.0,2.1,8.4,1409,1472.0,6.3,1.2,343,MA上昇配列
4091,日本酸素ホールディングス,化学,9.7,★☆☆☆☆,0.0,0.0,0.0,0.0,9.7,0.0,0.0,0.0,,,0.0,0.6,3.1,0.6,5660,6040.0,4.5,0.1,3031,MA上昇配列 / パーフェクトオーダー
6809,ＴＯＡ,電気機器,9.7,★☆☆☆☆,0.0,0.0,2.0,0.0,7.7,0.0,0.0,0.0,,,0.0,5.8,1.9,3.0,1607,1670.0,2.6,0.2,136,MA上昇配列
4958,長谷川香料,化学,9.7,★☆☆☆☆,0.0,0.0,0.0,0.0,9.7,0.0,0.0,0.0,,,0.0,4.7,1.7,1.2,3191,3300.0,1.5,0.1,195,MA上昇配列 / パーフェクトオーダー / 52週高値目前
7220,武蔵精密工業,輸送用機器,9.7,★☆☆☆☆,5.7,0.0,0.0,0.0,4.0,0.0,0.0,0.0,,SOX指数,-3.1,-1.1,7.1,-0.4,2869,3340.0,3.6,0.2,4477,SOX指数+5.4%連動(β0.42)
9506,東北電力,電気・ガス業,9.7,★☆☆☆☆,0.0,0.0,2.0,0.0,7.7,0.0,0.0,0.0,,,0.0,14.8,2.3,7.7,1173,1230.5,4.2,0.3,3194,MA上昇配列
6923,スタンレー電気,電気機器,9.7,★☆☆☆☆,0.0,0.0,0.0,0.0,9.7,0.0,0.0,0.0,,,0.0,4.2,2.7,1.2,3376,3567.0,2.2,0.1,2251,MA上昇配列 / パーフェクトオーダー
4061,デンカ,化学,9.6,★☆☆☆☆,2.6,0.0,1.0,0.0,6.0,0.0,0.0,0.0,,Analog Devices,-10.6,0.2,4.7,2.1,3472,3834.0,11.8,0.2,2542,Analog Devices+4.3%連動(β0.25)
5461,中部鋼鈑,鉄鋼,9.6,★☆☆☆☆,0.0,0.0,3.3,0.0,3.5,0.0,2.8,0.0,,,0.0,5.7,1.6,1.4,2042,2109.0,-0.8,0.2,181,買い出来高優勢 / 開示[自己株式の取得](1日前)
4776,サイボウズ,情報・通信業,9.6,★☆☆☆☆,0.0,0.0,1.0,0.0,8.0,0.0,0.6,0.0,,,0.0,6.1,3.7,3.7,2517,2721.0,1.0,0.2,723,MA上昇配列 / 開示[自己株式の取得](11日前)
3659,ネクソン,情報・通信業,9.6,★☆☆☆☆,0.0,0.0,2.0,0.0,5.5,0.0,2.1,0.0,,,0.0,8.2,3.9,2.3,2213,2401.5,-4.0,0.1,6368,MA上昇配列 / 開示[自己株式の取得](4日前)
6191,エアトリ,サービス業,9.6,★☆☆☆☆,0.0,0.0,0.0,0.0,7.5,0.0,2.1,0.0,,,0.0,16.3,2.7,4.7,862,911.0,2.2,0.1,106,MA上昇配列 / パーフェクトオーダー / 開示[自己株式の取得](4日前)
6498,キッツ,機械,9.6,★☆☆☆☆,3.6,0.0,1.0,0.0,5.0,0.0,0.0,0.0,,SOX指数,-1.5,-1.0,4.7,-0.9,2082,2297.0,4.4,0.2,587,SOX指数+5.4%連動(β0.27)
3182,オイシックス,小売業,9.6,★☆☆☆☆,0.0,0.0,0.0,0.0,7.5,0.0,2.1,0.0,,,0.0,10.4,3.2,4.5,1548,1654.0,1.5,0.1,145,MA上昇配列 / パーフェクトオーダー / 開示[増配](4日前)
4493,サイバーセキュリティクラウド,情報・通信業,9.6,★☆☆☆☆,0.0,0.0,1.0,0.0,8.0,0.0,0.6,0.0,,,0.0,2.4,3.2,1.7,1760,1881.0,3.3,0.2,149,MA上昇配列 / 開示[自己株式の取得](11日前)
9837,モリト,卸売業,9.6,★☆☆☆☆,0.0,0.0,0.0,0.0,7.0,0.0,2.6,0.0,,,0.0,5.0,1.5,1.1,1766,1819.0,0.9,0.1,128,開示[自己株式の取得](2日前)
1721,コムシスホールディングス,建設業,9.6,★☆☆☆☆,0.0,0.0,1.0,0.0,6.0,0.0,2.6,0.0,,,0.0,2.9,2.3,1.4,5116,5365.0,1.9,0.2,2585,開示[自己株式の取得](2日前)
7552,ハピネット,卸売業,9.5,★☆☆☆☆,0.0,0.0,2.0,0.0,7.5,0.0,0.0,0.0,,,0.0,10.9,3.5,6.2,3132,3370.0,1.7,0.2,567,MA上昇配列
7173,東京きらぼしフィナンシャルグループ,銀行業,9.5,★☆☆☆☆,0.0,0.0,0.0,0.0,9.5,0.0,0.0,0.0,,,0.0,2.7,3.6,0.3,1620,1744.0,2.4,0.1,2330,MA上昇配列 / パーフェクトオーダー
7459,メディパルホールディングス,卸売業,9.5,★☆☆☆☆,0.0,0.0,3.3,0.0,6.2,0.0,0.0,0.0,,,0.0,7.2,2.8,1.2,2681,2842.0,-1.4,0.1,1219,買い出来高優勢 / MA上昇配列
3475,グッドコムアセット,不動産業,9.5,★☆☆☆☆,0.0,0.0,1.0,0.0,8.5,0.0,0.0,0.0,,,0.0,5.4,1.8,1.2,1469,1522.0,-1.5,0.1,111,MA上昇配列 / パーフェクトオーダー
8214,ＡＯＫＩホールディングス,小売業,9.5,★☆☆☆☆,0.0,0.0,2.0,0.0,7.5,0.0,0.0,0.0,,,0.0,6.7,1.7,2.4,1689,1748.0,1.5,0.1,314,MA上昇配列
4432,ウイングアーク１ｓｔ,情報・通信業,9.5,★☆☆☆☆,0.0,0.0,4.0,0.0,5.5,0.0,0.0,0.0,,,0.0,23.5,3.1,8.5,2910,3105.0,-2.7,0.1,1111,資金流入増 / MA上昇配列
1909,日本ドライケミカル,機械,9.5,★☆☆☆☆,0.0,0.0,0.0,0.0,9.5,0.0,0.0,0.0,,,0.0,2.5,0.2,0.2,3684,3700.0,0.3,0.1,753,MA上昇配列 / パーフェクトオーダー
8125,ワキタ,卸売業,9.5,★☆☆☆☆,0.0,0.0,2.0,0.0,7.5,0.0,0.0,0.0,,,0.0,11.3,1.6,3.9,1884,1948.0,1.4,0.1,357,MA上昇配列
9603,エイチ・アイ・エス,サービス業,9.5,★☆☆☆☆,0.0,0.0,0.0,0.0,8.0,0.0,1.5,0.0,,,0.0,15.5,3.4,9.1,1051,1127.0,10.2,0.3,569,MA上昇配列 / 開示[自己株式取得](7日前)
6436,アマノ,機械,9.5,★☆☆☆☆,0.0,0.0,3.0,0.0,6.5,0.0,0.0,0.0,,,0.0,6.6,2.8,2.0,3680,3902.0,0.7,0.1,1289,MA上昇配列
6135,牧野フライス製作所,機械,9.5,★☆☆☆☆,0.0,0.0,0.0,0.0,5.7,0.0,3.8,0.0,,,0.0,1.0,3.9,-0.5,13464,14600.0,4.9,0.2,3768,開示[株式分割](7日前) / 開示[買収](7日前)
8558,東和銀行,銀行業,9.5,★☆☆☆☆,0.0,0.0,1.0,0.0,8.5,0.0,0.0,0.0,,,0.0,7.4,4.1,0.7,1279,1393.0,5.0,0.1,386,MA上昇配列 / パーフェクトオーダー
5946,長府製作所,金属製品,9.5,★☆☆☆☆,0.0,0.0,1.0,0.0,8.5,0.0,0.0,0.0,,,0.0,10.1,2.0,3.4,2025,2111.0,0.4,0.1,234,MA上昇配列 / パーフェクトオーダー
7313,テイ・エス　テック,輸送用機器,9.5,★☆☆☆☆,0.0,0.0,2.0,0.0,7.5,0.0,0.0,0.0,,,0.0,7.3,1.7,2.3,1766,1828.0,-0.5,0.1,556,MA上昇配列
4174,アピリッツ,情報・通信業,9.5,★☆☆☆☆,0.0,0.0,2.0,0.0,7.5,0.0,0.0,0.0,,,0.0,11.9,3.2,1.1,693,740.0,2.2,0.0,106,資金流入増 / MA上昇配列 / パーフェクトオーダー
9869,加藤産業,卸売業,9.5,★☆☆☆☆,0.0,0.0,2.0,0.0,7.5,0.0,0.0,0.0,,,0.0,6.8,2.4,2.7,6093,6400.0,0.5,0.1,237,MA上昇配列
8593,三菱ＨＣキャピタル,その他金融業,9.5,★☆☆☆☆,0.0,0.0,0.0,0.0,9.5,0.0,0.0,0.0,,,0.0,7.9,2.1,1.9,1386,1448.0,-1.7,0.3,6106,MA上昇配列 / パーフェクトオーダー
2607,不二製油,食料品,9.5,★☆☆☆☆,0.0,0.0,0.0,0.0,9.5,0.0,0.0,0.0,,,0.0,2.1,3.3,2.4,3819,4085.0,3.1,0.1,1002,MA上昇配列 / パーフェクトオーダー
4258,網屋,情報・通信業,9.5,★☆☆☆☆,0.0,0.0,0.0,0.0,9.5,0.0,0.0,0.0,,,0.0,11.7,5.1,4.3,4164,4635.0,6.9,0.1,163,MA上昇配列 / パーフェクトオーダー
6616,トレックス・セミコンダクター,電気機器,9.4,★☆☆☆☆,5.4,0.0,0.0,0.0,4.0,0.0,0.0,0.0,,SOX指数,-5.4,-7.6,5.6,-0.3,1740,1958.0,9.2,0.1,224,SOX指数+5.4%連動(β0.40)
4109,ステラ　ケミファ,化学,9.399999999999999,★☆☆☆☆,5.1,0.0,0.0,0.0,1.5,0.0,2.8,0.0,,Intel,0.5,-9.1,5.8,-7.2,4548,5140.0,-0.6,0.4,527,Intel+9.7%連動(β0.15) / 開示[自己株式取得](1日前)
2809,キユーピー,食料品,9.3,★☆☆☆☆,0.0,0.0,1.0,0.0,6.2,0.0,2.1,0.0,,,0.0,4.2,2.9,0.6,4304,4573.0,0.4,0.2,2019,MA上昇配列 / 開示[自己株式の取得](4日前)
5711,三菱マテリアル,非鉄金属,9.3,★☆☆☆☆,0.0,0.0,2.0,0.0,5.0,0.0,2.3,0.0,,,0.0,7.2,4.4,5.9,4064,4457.0,12.2,0.9,6384,開示[業績予想の修正](1日前)
6918,アバールデータ,電気機器,9.3,★☆☆☆☆,4.3,0.0,0.0,0.0,5.0,0.0,0.0,0.0,,SOX指数,-2.3,3.3,4.6,0.7,2925,3220.0,3.2,0.2,103,SOX指数+5.4%連動(β0.32)
6222,島精機製作所,機械,9.3,★☆☆☆☆,3.3,0.0,0.0,0.0,6.0,0.0,0.0,0.0,,Qorvo,-3.2,8.7,2.8,4.6,892,945.0,1.7,0.1,222,Qorvo+6.5%連動(β0.20)
8282,ケーズホールディングス,小売業,9.3,★☆☆☆☆,0.0,0.0,3.3,0.0,6.0,0.0,0.0,0.0,,,0.0,5.1,3.0,2.0,1773,1888.0,0.1,0.3,1427,買い出来高優勢
1662,石油資源開発,鉱業,9.3,★☆☆☆☆,0.0,0.0,1.0,0.0,6.0,0.0,2.3,0.0,,,0.0,7.0,3.1,2.9,1652,1761.0,-0.3,0.4,2441,開示[業績予想の修正](1日前)
3544,サツドラホールディングス,小売業,9.2,★☆☆☆☆,0.0,0.0,1.0,0.0,8.2,0.0,0.0,0.0,,,0.0,3.0,0.4,0.3,1239,1249.0,0.2,0.0,232,MA上昇配列 / パーフェクトオーダー
8022,美津濃,その他製品,9.2,★☆☆☆☆,0.0,0.0,2.0,0.0,7.2,0.0,0.0,0.0,,,0.0,7.4,2.7,1.5,3481,3680.0,-0.4,0.4,565,MA上昇配列 / パーフェクトオーダー
7516,コーナン商事,小売業,9.2,★☆☆☆☆,0.0,0.0,1.0,0.0,8.2,0.0,0.0,0.0,,,0.0,5.2,2.1,0.8,4011,4190.0,-0.1,0.1,454,MA上昇配列 / パーフェクトオーダー
6058,ベクトル,サービス業,9.2,★☆☆☆☆,0.0,0.0,1.0,0.0,8.2,0.0,0.0,0.0,,,0.0,-2.2,3.5,1.0,1712,1841.0,3.7,0.1,857,MA上昇配列 / パーフェクトオーダー
4368,扶桑化学工業,化学,9.2,★☆☆☆☆,6.5,0.0,0.0,0.0,2.7,0.0,0.0,0.0,,Coherent,-1.5,-0.1,6.7,-1.2,3372,3895.0,4.0,0.2,2781,Coherent+16.0%連動(β0.16)
2674,ハードオフコーポレーション,小売業,9.2,★☆☆☆☆,0.0,0.0,1.0,0.0,8.2,0.0,0.0,0.0,,,0.0,6.3,4.3,0.5,2580,2820.0,-2.8,0.6,230,MA上昇配列 / パーフェクトオーダー
3762,テクマトリックス,情報・通信業,9.2,★☆☆☆☆,0.0,0.0,2.0,0.0,8.7,0.0,1.5,-3.0,,,0.0,26.3,3.6,15.5,2139,2303.0,12.8,0.1,555,MA上昇配列 / 伸びすぎ注意(25MA+16%) / 開示[自己株式の取得](7日前)
4182,三菱瓦斯化学,化学,9.2,★☆☆☆☆,3.5,0.0,2.0,0.0,3.7,0.0,0.0,0.0,,SOX指数,-5.8,-0.8,5.6,0.9,4007,4510.0,7.4,0.2,4551,SOX指数+5.4%連動(β0.26)
8628,松井証券,証券、商品先物取引業,9.2,★☆☆☆☆,0.0,0.0,1.0,0.0,8.2,0.0,0.0,0.0,,,0.0,10.4,2.6,1.1,1016,1071.0,2.1,0.1,1246,MA上昇配列 / パーフェクトオーダー
9324,安田倉庫,倉庫・運輸関連業,9.2,★☆☆☆☆,0.0,0.0,4.0,0.0,2.0,0.0,3.2,0.0,,,0.0,3.4,3.1,-2.3,2294,2446.0,-3.8,0.0,303,資金流入増 / 開示[業績予想の修正](3日前) / 開示[自己株式の取得](8日前)
590A,ギフティグループ,情報・通信業,9.100000000000001,★☆☆☆☆,3.4,0.0,1.0,0.0,4.7,0.0,0.0,0.0,,S&P500,-4.5,11.6,3.1,7.2,1049,1118.0,6.3,0.1,202,S&P500+1.4%連動(β0.94)
8061,西華産業,卸売業,9.1,★☆☆☆☆,0.0,0.0,0.0,0.0,7.0,0.0,2.1,0.0,,,0.0,10.1,4.2,7.9,2664,2910.0,10.6,0.2,561,開示[自己株式の取得](4日前)
3443,川田テクノロジーズ,金属製品,9.1,★☆☆☆☆,0.0,0.0,1.0,0.0,6.0,0.0,2.1,0.0,,,0.0,1.2,2.4,0.9,1261,1325.0,4.2,0.2,303,開示[自己株式の取得](4日前)
4047,関東電化工業,化学,9.1,★☆☆☆☆,4.1,0.0,1.0,0.0,4.0,0.0,0.0,0.0,,SOX指数,-1.5,-4.4,6.7,-1.3,2479,2865.0,7.3,0.2,1583,SOX指数+5.4%連動(β0.30)
4046,大阪ソーダ,化学,9.1,★☆☆☆☆,0.0,0.0,2.0,0.0,5.0,0.0,2.1,0.0,,,0.0,4.5,3.4,1.1,1698,1822.0,3.1,0.3,607,開示[自己株式の取得](4日前)
6472,ＮＴＮ,機械,9.1,★☆☆☆☆,3.1,0.0,0.0,0.0,6.0,0.0,0.0,0.0,,SOX指数,-0.0,3.7,3.9,2.1,364,394.3999938964844,0.9,0.1,1508,SOX指数+5.4%連動(β0.23)
5988,パイオラックス,金属製品,9.1,★☆☆☆☆,0.0,0.0,1.0,0.0,5.5,0.0,2.6,0.0,,,0.0,7.8,1.9,2.3,1656,1721.0,-1.3,0.1,155,MA上昇配列 / 開示[自己株式の取得](2日前)
278A,Ｔｅｒｒａ　Ｄｒｏｎｅ,精密機器,9.0,★☆☆☆☆,0.0,0.0,4.0,0.0,5.0,0.0,0.0,0.0,,,0.0,31.2,13.6,4.2,8907,12240.0,16.1,0.2,23606,資金流入増 / MA上昇配列 / パーフェクトオーダー
547A,ムニノバホールディングス,その他金融業,9.0,★☆☆☆☆,0.0,0.0,1.0,0.0,8.0,0.0,0.0,0.0,,,0.0,7.4,2.5,3.5,440,464.0,3.6,0.3,651,MA上昇配列
6143,ソディック,機械,9.0,★☆☆☆☆,4.3,0.0,0.0,0.0,4.7,0.0,0.0,0.0,,Intel,-6.8,4.0,6.2,1.7,1581,1805.0,7.3,0.3,821,Intel+9.7%連動(β0.18)
6460,セガサミーホールディングス,機械,9.0,★☆☆☆☆,0.0,0.0,1.0,0.0,8.0,0.0,0.0,0.0,,,0.0,18.9,4.1,9.5,2585,2813.5,2.4,0.3,2702,MA上昇配列
8058,三菱商事,卸売業,9.0,★☆☆☆☆,0.0,0.0,2.0,0.0,7.0,0.0,0.0,0.0,,,0.0,13.5,3.1,5.2,4597,4899.0,2.6,0.3,37596,-
9766,コナミグループ,情報・通信業,9.0,★☆☆☆☆,0.0,0.0,1.0,0.0,8.0,0.0,0.0,0.0,,,0.0,16.2,4.7,8.9,19096,21080.0,2.1,0.2,12402,MA上昇配列
7947,エフピコ,化学,9.0,★☆☆☆☆,0.0,0.0,1.0,0.0,8.0,0.0,0.0,0.0,,,0.0,9.8,2.5,5.8,2597,2734.0,8.4,0.3,553,MA上昇配列
7931,未来工業,化学,9.0,★☆☆☆☆,0.0,0.0,1.0,0.0,8.0,0.0,0.0,0.0,,,0.0,11.3,3.1,5.3,3275,3495.0,2.8,0.3,112,MA上昇配列
6459,だいわ,機械,9.0,★☆☆☆☆,0.0,0.0,2.0,0.0,7.0,0.0,0.0,0.0,,,0.0,8.9,2.8,4.1,1671,1769.0,2.1,0.2,132,-
6383,ダイフク,機械,9.0,★☆☆☆☆,6.3,0.0,0.0,0.0,2.7,0.0,0.0,0.0,,Coherent,-3.6,-5.3,3.8,-2.5,5773,6246.0,4.4,0.5,10749,Coherent+16.0%連動(β0.16)
1719,安藤・間,建設業,9.0,★☆☆☆☆,0.0,0.0,0.0,0.0,9.0,0.0,0.0,0.0,,,0.0,3.9,1.9,1.6,1780,1852.0,1.5,0.1,1359,MA上昇配列
3907,シリコンスタジオ,情報・通信業,9.0,★☆☆☆☆,0.0,0.0,4.0,0.0,10.0,0.0,0.0,-5.0,,,0.0,66.1,16.6,44.1,965,1446.0,44.0,0.5,1309,資金流入増 / MA上昇配列 / パーフェクトオーダー / 過熱⚠25MA+44%
5406,神戸製鋼所,鉄鋼,9.0,★☆☆☆☆,0.0,0.0,0.0,0.0,9.0,0.0,0.0,0.0,,,0.0,11.6,2.7,4.1,1942,2054.5,-1.1,0.2,4765,MA上昇配列
8570,イオンフィナンシャルサービス,その他金融業,9.0,★☆☆☆☆,0.0,0.0,0.0,0.0,9.0,0.0,0.0,0.0,,,0.0,6.9,2.1,3.2,1535,1601.5,2.0,0.2,780,MA上昇配列
3687,フィックスターズ,情報・通信業,9.0,★☆☆☆☆,0.0,0.0,0.0,0.0,9.0,0.0,0.0,0.0,,,0.0,3.9,5.0,1.2,2011,2234.0,6.9,0.2,1502,MA上昇配列 / パーフェクトオーダー
8425,みずほリース,その他金融業,9.0,★☆☆☆☆,0.0,0.0,2.0,0.0,7.0,0.0,0.0,0.0,,,0.0,5.8,2.0,2.6,1302,1355.0,-1.0,0.1,821,-
4889,レナサイエンス,医薬品,9.0,★☆☆☆☆,0.0,0.0,2.0,0.0,7.0,0.0,0.0,0.0,,,0.0,7.7,5.0,1.6,1376,1530.0,3.0,0.1,508,MA上昇配列
4169,ＥＮＥＣＨＡＮＧＥ,情報・通信業,9.0,★☆☆☆☆,0.0,0.0,0.0,0.0,6.0,0.0,3.0,0.0,,,0.0,20.6,4.4,7.6,219,240.0,0.4,0.1,132,開示[資本業務提携](7日前) / 開示[資本業務提携](7日前)
6363,酉島製作所,機械,9.0,★☆☆☆☆,0.0,0.0,2.0,0.0,7.0,0.0,0.0,0.0,,,0.0,9.6,4.4,8.1,2853,3130.0,13.1,0.6,538,-
7203,トヨタ自動車,輸送用機器,8.9,★☆☆☆☆,0.0,0.0,1.0,0.0,5.5,0.0,2.4,0.0,,,0.0,9.2,3.2,2.6,2821,3016.0,-1.7,0.2,106760,MA上昇配列 / 開示[自己株式取得](3日前)
6905,コーセル,電気機器,8.9,★☆☆☆☆,2.9,0.0,0.0,0.0,6.0,0.0,0.0,0.0,,SOX指数,-3.6,1.6,3.3,1.8,1252,1340.0,7.4,0.2,257,SOX指数+5.4%連動(β0.22)
5161,西川ゴム工業,ゴム製品,8.8,★☆☆☆☆,0.0,0.0,3.3,0.0,5.5,0.0,0.0,0.0,,,0.0,14.4,1.9,8.0,3319,3450.0,4.7,0.7,343,買い出来高優勢 / MA上昇配列 / RSI過熱(90)⚠
2695,くら寿司,小売業,8.8,★☆☆☆☆,0.0,0.0,3.3,0.0,5.5,0.0,0.0,0.0,,,0.0,5.0,2.1,1.6,1583,1652.0,-1.1,0.1,432,買い出来高優勢 / MA上昇配列
4063,信越化学工業,化学,8.8,★☆☆☆☆,6.2,0.0,0.0,0.0,0.0,0.0,2.6,0.0,,Skyworks,-2.6,-10.0,4.2,-8.2,5623,6144.0,5.9,0.2,55934,Skyworks+9.1%連動(β0.28) / 開示[自己株式の取得](8日前) / 開示[自己株式取得](8日前)
4071,プラスアルファ・コンサルティング,情報・通信業,8.8,★☆☆☆☆,8.8,0.0,0.0,0.0,0.0,0.0,0.0,0.0,,S&P500,2.0,-22.1,3.5,-10.7,2082,2238.0,-2.2,0.1,601,S&P500+1.4%連動(β0.77) 未反応+2.0%
2267,ヤクルト本社,食料品,8.8,★☆☆☆☆,0.0,0.0,0.0,0.0,6.2,0.0,2.6,0.0,,,0.0,3.3,3.1,1.2,2686,2863.5,1.6,0.1,3773,MA上昇配列 / パーフェクトオーダー / 開示[自己株式の取得](2日前)
6240,ヤマシンフィルタ,機械,8.8,★☆☆☆☆,2.8,0.0,0.0,0.0,6.0,0.0,0.0,0.0,,S&P500,-1.1,12.3,3.0,4.7,521,554.0,2.6,0.2,166,S&P500+1.4%連動(β0.77)
7241,フタバ産業,輸送用機器,8.7,★☆☆☆☆,0.0,0.0,0.0,0.0,8.7,0.0,0.0,0.0,,,0.0,11.8,2.0,4.3,1009,1051.0,1.4,0.1,260,MA上昇配列
3498,霞ヶ関キャピタル,不動産業,8.7,★☆☆☆☆,0.0,0.0,2.0,0.0,6.7,0.0,0.0,0.0,,,0.0,15.7,4.1,8.3,7101,7740.0,4.2,0.3,3156,MA上昇配列
8086,ニプロ,精密機器,8.7,★☆☆☆☆,0.0,0.0,2.0,0.0,6.7,0.0,0.0,0.0,,,0.0,5.4,2.0,0.9,1542,1607.5,-1.1,0.1,854,-
3040,ソリトンシステムズ,情報・通信業,8.7,★☆☆☆☆,0.0,0.0,0.0,0.0,8.7,0.0,0.0,0.0,,,0.0,4.4,2.5,1.0,1902,2002.0,2.7,0.2,108,MA上昇配列 / パーフェクトオーダー
3002,グンゼ,繊維製品,8.7,★☆☆☆☆,0.0,0.0,0.0,0.0,8.7,0.0,0.0,0.0,,,0.0,5.9,1.5,3.8,4046,4175.0,3.9,0.2,697,MA上昇配列
4684,オービック,情報・通信業,8.6,★☆☆☆☆,0.0,0.0,0.0,0.0,6.5,0.0,2.1,0.0,,,0.0,12.0,3.6,4.8,4188,4512.0,-0.3,0.1,8543,MA上昇配列 / 開示[自己株式の取得](4日前)
6962,大真空,電気機器,8.6,★☆☆☆☆,4.6,0.0,0.0,0.0,4.0,0.0,0.0,0.0,,SOX指数,-3.9,-3.9,4.5,-1.2,707,776.0,6.2,0.1,373,SOX指数+5.4%連動(β0.34)
7966,リンテック,その他製品,8.6,★☆☆☆☆,7.6,0.0,0.0,0.0,1.0,0.0,0.0,0.0,,Intel,1.4,-2.7,5.8,-5.1,5467,6190.0,-0.2,0.3,2492,Intel+9.7%連動(β0.14) 未反応+1.4%
5331,ノリタケ,ガラス・土石製品,8.6,★☆☆☆☆,2.6,0.0,1.0,0.0,5.0,0.0,0.0,0.0,,SOX指数,-2.0,-1.3,4.3,0.2,3224,3530.0,3.8,0.2,1021,SOX指数+5.4%連動(β0.20)
2918,わらべや日洋ホールディングス,食料品,8.5,★☆☆☆☆,0.0,0.0,3.0,0.0,5.5,0.0,0.0,0.0,,,0.0,8.3,1.8,1.9,2673,2773.0,-0.4,0.2,293,MA上昇配列
9602,東宝,情報・通信業,8.5,★☆☆☆☆,0.0,0.0,3.0,0.0,5.5,0.0,0.0,0.0,,,0.0,12.4,4.4,4.6,1362,1493.5,-1.9,0.2,7891,MA上昇配列
6522,アスタリスク,電気機器,8.5,★☆☆☆☆,0.0,0.0,1.0,0.0,7.5,0.0,0.0,0.0,,,0.0,-1.0,11.3,6.9,1421,1835.0,15.3,0.5,2656,MA上昇配列 / パーフェクトオーダー
4661,オリエンタルランド,サービス業,8.5,★☆☆☆☆,0.0,0.0,3.0,0.0,5.5,0.0,0.0,0.0,,,0.0,16.8,4.3,7.3,2722,2977.0,-6.0,0.1,22596,MA上昇配列
9022,東海旅客鉄道,陸運業,8.5,★☆☆☆☆,0.0,0.0,2.0,0.0,6.5,0.0,0.0,0.0,,,0.0,9.1,3.2,2.3,3656,3905.0,-2.1,0.1,11594,MA上昇配列
9746,ＴＫＣ,情報・通信業,8.5,★☆☆☆☆,0.0,0.0,2.0,0.0,6.5,0.0,0.0,0.0,,,0.0,9.2,2.8,2.5,3576,3785.0,-2.1,0.2,357,MA上昇配列
7888,三光合成,化学,8.5,★☆☆☆☆,0.0,0.0,2.0,0.0,6.5,0.0,0.0,0.0,,,0.0,26.5,3.2,6.8,881,942.0,-3.2,0.1,207,資金流入増 / MA上昇配列
5834,ＳＢＩリーシングサービス,証券、商品先物取引業,8.5,★☆☆☆☆,0.0,0.0,2.0,0.0,6.5,0.0,0.0,0.0,,,0.0,9.3,3.2,2.0,2620,2800.0,-1.1,0.1,234,MA上昇配列
6779,日本電波工業,電気機器,8.5,★☆☆☆☆,5.8,0.0,0.0,0.0,2.7,0.0,0.0,0.0,,SOX指数,-4.7,-10.3,8.4,-6.6,2278,2736.0,6.6,0.3,2716,SOX指数+5.4%連動(β0.43)
6768,タムラ製作所,電気機器,8.5,★☆☆☆☆,5.8,0.0,0.0,0.0,2.7,0.0,0.0,0.0,,Skyworks,-5.5,-4.7,5.9,-3.8,743,843.0,4.1,0.2,707,Skyworks+9.1%連動(β0.26)
4680,ラウンドワン,サービス業,8.5,★☆☆☆☆,0.0,0.0,0.0,0.0,8.5,0.0,0.0,0.0,,,0.0,9.8,4.0,6.5,1224,1330.0,9.4,0.4,3243,MA上昇配列 / パーフェクトオーダー
2429,ワールドホールディングス,サービス業,8.5,★☆☆☆☆,0.0,0.0,1.0,0.0,7.5,0.0,0.0,0.0,,,0.0,9.3,2.1,2.4,2588,2701.0,1.7,0.2,156,MA上昇配列
7949,小松ウオール工業,その他製品,8.5,★☆☆☆☆,0.0,0.0,1.0,0.0,7.5,0.0,0.0,0.0,,,0.0,7.5,1.8,2.2,2625,2725.0,-2.2,0.2,155,MA上昇配列
5240,ｍｏｎｏＡＩ　ｔｅｃｈｎｏｌｏｇｙ,情報・通信業,8.5,★☆☆☆☆,0.0,0.0,3.0,0.0,5.5,0.0,0.0,0.0,,,0.0,66.2,13.8,12.5,154,213.0,-0.5,0.0,745,資金流入増 / MA上昇配列
3197,すかいらーくホールディングス,小売業,8.5,★☆☆☆☆,0.0,0.0,2.0,0.0,6.5,0.0,0.0,0.0,,,0.0,8.3,2.9,3.2,2957,3139.0,-0.1,0.2,3833,MA上昇配列
2502,アサヒグループホールディングス,食料品,8.5,★☆☆☆☆,0.0,0.0,2.0,0.0,6.5,0.0,0.0,0.0,,,0.0,5.8,2.8,2.5,1589,1681.5,0.9,0.1,12369,MA上昇配列
3791,ＩＧポート,情報・通信業,8.4,★☆☆☆☆,0.0,0.0,2.0,0.0,4.0,0.0,2.4,0.0,,,0.0,-16.6,3.6,-4.5,1027,1107.0,3.8,0.1,256,資金流入増 / 開示[自己株式の取得](3日前)
6862,ミナトホールディングス,電気機器,8.4,★☆☆☆☆,0.0,0.0,3.3,0.0,6.0,0.0,2.1,-3.0,,,0.0,18.3,6.8,15.0,1974,2286.0,13.1,0.2,500,買い出来高優勢 / 伸びすぎ注意(25MA+15%) / 開示[自己株式の取得](4日前)
3778,さくらインターネット,情報・通信業,8.4,★☆☆☆☆,0.0,0.0,4.3,0.0,6.0,0.0,1.1,-3.0,,,0.0,27.9,5.8,15.4,3055,3455.0,12.4,0.2,4066,買い出来高優勢 / 伸びすぎ注意(25MA+15%) / 開示[業績予想の修正](10日前) / 開示[AI](10日前)
2802,味の素,食料品,8.4,★☆☆☆☆,0.0,0.0,0.0,0.0,3.7,0.0,4.7,0.0,,,0.0,-6.1,3.8,-2.0,4840,5238.0,5.5,0.3,20399,開示[業績予想の修正](1日前) / 開示[自己株式の取得](3日前)
3036,アルコニックス,卸売業,8.3,★☆☆☆☆,0.0,0.0,4.3,0.0,9.0,0.0,0.0,-5.0,,,0.0,46.2,3.9,33.6,3254,3530.0,35.7,0.8,465,買い出来高優勢 / MA上昇配列 / 52週高値目前 / RSI過熱(90)⚠ / 過熱⚠25MA+34%
6145,ＮＩＴＴＯＫＵ,機械,8.3,★☆☆☆☆,3.3,0.0,0.0,0.0,5.0,0.0,0.0,0.0,,SOX指数,-3.5,-1.0,4.1,0.2,2495,2719.0,3.8,0.2,293,SOX指数+5.4%連動(β0.24)
6474,不二越,機械,8.3,★☆☆☆☆,3.6,0.0,1.0,0.0,3.7,0.0,0.0,0.0,,Intel,-4.6,-2.4,4.8,-2.3,5194,5750.0,4.9,0.1,1067,Intel+9.7%連動(β0.15)
5698,エンビプロ・ホールディングス,鉄鋼,8.3,★☆☆☆☆,0.0,0.0,1.0,0.0,6.0,0.0,1.3,0.0,,,0.0,7.4,4.5,4.4,755,831.0,2.3,0.3,139,開示[増配](8日前)
8237,松屋,小売業,8.3,★☆☆☆☆,0.0,0.0,3.3,0.0,8.0,0.0,0.0,-3.0,,,0.0,24.8,5.2,17.1,1909,2130.0,10.9,0.1,589,買い出来高優勢 / MA上昇配列 / 伸びすぎ注意(25MA+17%)
4373,シンプレクス・ホールディングス,情報・通信業,8.2,★☆☆☆☆,0.0,0.0,0.0,0.0,8.2,0.0,0.0,0.0,,,0.0,6.2,4.5,1.5,994,1092.0,-3.4,0.2,1228,MA上昇配列 / パーフェクトオーダー
8057,内田洋行,卸売業,8.2,★☆☆☆☆,0.0,0.0,3.0,0.0,5.2,0.0,0.0,0.0,,,0.0,5.1,2.9,0.1,1965,2085.0,-2.6,0.1,548,MA上昇配列
4419,Ｆｉｎａｔｅｘｔホールディングス,情報・通信業,8.2,★☆☆☆☆,0.0,0.0,0.0,0.0,8.2,0.0,0.0,0.0,,,0.0,9.5,5.2,1.3,1431,1599.0,4.5,0.1,721,MA上昇配列 / パーフェクトオーダー
9037,ハマキョウレックス,陸運業,8.2,★☆☆☆☆,0.0,0.0,0.0,0.0,8.2,0.0,0.0,0.0,,,0.0,2.7,2.3,0.1,1738,1823.0,-0.7,0.3,211,MA上昇配列 / パーフェクトオーダー
2124,ジェイエイシーリクルートメント,サービス業,8.2,★☆☆☆☆,0.0,0.0,3.0,0.0,5.2,0.0,0.0,0.0,,,0.0,7.9,2.6,0.9,872,920.0,-2.4,0.1,540,MA上昇配列
9744,メイテックグループホールディングス,サービス業,8.2,★☆☆☆☆,0.0,0.0,2.0,0.0,6.2,0.0,0.0,0.0,,,0.0,4.9,1.7,0.6,3161,3273.0,-2.0,0.2,1191,MA上昇配列
4547,キッセイ薬品工業,医薬品,8.2,★☆☆☆☆,0.0,0.0,2.0,0.0,2.2,0.0,4.0,0.0,,,0.0,1.1,2.9,-0.3,3884,4120.0,0.9,0.3,328,開示[自己株式の取得](1日前) / 開示[業績予想の修正](7日前)
4502,武田薬品工業,医薬品,8.2,★☆☆☆☆,0.0,0.0,0.0,0.0,8.2,0.0,0.0,0.0,,,0.0,4.2,2.6,0.3,5204,5495.0,-0.3,0.2,22540,MA上昇配列 / パーフェクトオーダー
6235,オプトラン,機械,8.2,★☆☆☆☆,5.5,0.0,0.0,0.0,2.7,0.0,0.0,0.0,,SOX指数,-4.4,-6.9,6.8,-3.7,2744,3175.0,5.7,0.2,1111,SOX指数+5.4%連動(β0.41)
8566,リコーリース,その他金融業,8.2,★☆☆☆☆,0.0,0.0,0.0,0.0,8.2,0.0,0.0,0.0,,,0.0,5.8,2.2,0.6,6324,6620.0,-1.5,0.1,300,MA上昇配列 / パーフェクトオーダー
8079,正栄食品工業,卸売業,8.2,★☆☆☆☆,0.0,0.0,1.0,0.0,7.2,0.0,0.0,0.0,,,0.0,6.8,1.7,0.5,4195,4345.0,-1.6,0.1,200,MA上昇配列 / パーフェクトオーダー
9605,東映,情報・通信業,8.2,★☆☆☆☆,0.0,0.0,0.0,0.0,8.2,0.0,0.0,0.0,,,0.0,5.0,3.2,1.4,5570,5950.0,-1.5,0.1,552,MA上昇配列 / パーフェクトオーダー
5706,三井金属,非鉄金属,8.2,★☆☆☆☆,5.5,0.0,0.0,0.0,2.7,0.0,0.0,0.0,,Intel,-1.4,-6.4,8.7,-2.5,26405,32000.0,3.4,0.3,37646,Intel+9.7%連動(β0.23)
2004,昭和産業,食料品,8.2,★☆☆☆☆,0.0,0.0,0.0,0.0,8.2,0.0,0.0,0.0,,,0.0,3.1,2.1,1.0,3382,3530.0,-0.6,0.2,206,MA上昇配列 / パーフェクトオーダー
8160,木曽路,小売業,8.2,★☆☆☆☆,0.0,0.0,2.0,0.0,6.2,0.0,0.0,0.0,,,0.0,4.4,2.2,0.9,2327,2434.0,-1.1,0.3,218,MA上昇配列
1951,エクシオグループ,建設業,8.1,★☆☆☆☆,0.0,0.0,0.0,0.0,6.0,0.0,2.1,0.0,,,0.0,1.7,2.1,0.6,2545,2657.0,1.5,0.2,1517,開示[自己株式の取得](4日前)
4686,ジャストシステム,情報・通信業,8.0,★☆☆☆☆,0.0,0.0,0.0,0.0,8.0,0.0,0.0,0.0,,,0.0,7.5,2.4,4.3,3891,4085.0,1.4,0.1,322,MA上昇配列
4826,ＣＩＪ,情報・通信業,8.0,★☆☆☆☆,0.0,0.0,0.0,0.0,8.0,0.0,0.0,0.0,,,0.0,8.0,2.5,3.6,497,523.0,1.4,0.5,117,MA上昇配列
6745,ホーチキ,電気機器,8.0,★☆☆☆☆,0.0,0.0,1.0,0.0,7.0,0.0,0.0,0.0,,,0.0,-0.1,4.9,1.6,1808,2006.0,3.9,0.2,380,-
5013,ユシロ,石油・石炭製品,8.0,★☆☆☆☆,0.0,0.0,1.0,0.0,7.0,0.0,0.0,0.0,,,0.0,6.5,3.0,7.2,3000,3190.0,11.0,0.1,209,-
7733,オリンパス,精密機器,8.0,★☆☆☆☆,0.0,0.0,0.0,0.0,8.0,0.0,0.0,0.0,,,0.0,10.8,2.8,5.5,1780,1887.0,3.7,0.3,7218,MA上昇配列
8841,テーオーシー,不動産業,8.0,★☆☆☆☆,0.0,0.0,2.0,0.0,6.0,0.0,0.0,0.0,,,0.0,3.4,3.0,4.0,909,966.0,4.2,0.2,127,-
2768,双日,卸売業,8.0,★☆☆☆☆,0.0,0.0,2.0,0.0,6.0,0.0,0.0,0.0,,,0.0,12.4,2.8,7.0,5349,5663.0,5.2,0.4,6824,-
6289,技研製作所,機械,8.0,★☆☆☆☆,0.0,0.0,0.0,0.0,8.0,0.0,0.0,0.0,,,0.0,6.3,2.1,2.3,1827,1909.0,0.5,0.2,141,MA上昇配列
1871,ピーエス・コンストラクション,建設業,8.0,★☆☆☆☆,0.0,0.0,2.0,0.0,6.0,0.0,0.0,0.0,,,0.0,8.1,3.3,3.0,2147,2299.0,0.8,0.1,194,-
1934,ユアテック,建設業,8.0,★☆☆☆☆,0.0,0.0,2.0,0.0,6.0,0.0,0.0,0.0,,,0.0,5.4,3.2,4.4,2338,2496.0,4.3,0.4,394,-
9697,カプコン,情報・通信業,8.0,★☆☆☆☆,0.0,0.0,2.0,0.0,9.0,0.0,0.0,-3.0,,,0.0,25.7,4.5,15.5,3738,4109.0,3.7,0.2,13189,MA上昇配列 / 伸びすぎ注意(25MA+15%)
4996,クミアイ化学工業,化学,8.0,★☆☆☆☆,0.0,0.0,2.0,0.0,6.0,0.0,0.0,0.0,,,0.0,6.7,1.3,3.0,733,753.0,2.6,0.2,247,-
9211,エフ・コード,サービス業,8.0,★☆☆☆☆,0.0,0.0,2.0,0.0,6.0,0.0,0.0,0.0,,,0.0,7.4,3.6,5.2,1363,1469.0,8.8,0.2,158,-
3656,ＫＬａｂ,情報・通信業,8.0,★☆☆☆☆,0.0,0.0,2.0,0.0,6.0,0.0,0.0,0.0,,,0.0,9.6,6.0,2.2,197,224.0,-0.9,1.0,728,-
6946,日本アビオニクス,電気機器,8.0,★☆☆☆☆,0.0,0.0,2.0,0.0,6.0,0.0,0.0,0.0,,,0.0,18.6,6.7,9.7,4925,5690.0,7.2,0.3,1322,-
6794,フォスター電機,電気機器,8.0,★☆☆☆☆,0.0,0.0,1.0,0.0,7.0,0.0,0.0,0.0,,,0.0,4.8,3.5,3.9,2771,2981.0,4.6,0.2,396,-
4475,ＨＥＮＮＧＥ,情報・通信業,8.0,★☆☆☆☆,0.0,0.0,3.0,0.0,8.0,0.0,0.0,-3.0,,,0.0,30.1,5.1,16.7,1373,1528.0,17.4,0.3,700,MA上昇配列 / 伸びすぎ注意(25MA+17%)
4503,アステラス製薬,医薬品,8.0,★☆☆☆☆,0.0,0.0,1.0,0.0,7.0,0.0,0.0,0.0,,,0.0,10.5,2.8,5.6,2181,2311.0,5.0,0.2,15084,-
219A,Ｈｅａｒｔｓｅｅｄ,医薬品,8.0,★☆☆☆☆,0.0,0.0,2.0,0.0,6.0,0.0,0.0,0.0,,,0.0,14.9,4.8,8.7,1632,1805.0,7.2,0.3,316,-
215A,タイミー,サービス業,8.0,★☆☆☆☆,0.0,0.0,0.0,0.0,8.0,0.0,0.0,0.0,,,0.0,4.8,4.1,3.2,1428,1556.0,6.1,0.1,1925,MA上昇配列
3668,コロプラ,情報・通信業,8.0,★☆☆☆☆,0.0,0.0,0.0,0.0,8.0,0.0,0.0,0.0,,,0.0,7.6,2.9,3.6,380,404.0,3.1,0.6,211,MA上昇配列
9684,スクウェア・エニックス・ホールディングス,情報・通信業,8.0,★☆☆☆☆,0.0,0.0,0.0,0.0,8.0,0.0,0.0,0.0,,,0.0,7.8,3.3,4.4,2561,2740.0,-0.9,0.1,2929,MA上昇配列
6753,シャープ,電気機器,8.0,★☆☆☆☆,0.0,0.0,0.0,0.0,8.0,0.0,0.0,0.0,,,0.0,3.3,3.1,3.6,612,652.7000122070312,5.5,0.3,1967,MA上昇配列
6728,アルバック,電気機器,8.0,★☆☆☆☆,8.0,0.0,0.0,0.0,0.0,0.0,0.0,0.0,,Coherent,-0.1,-2.9,6.2,-5.1,7790,8883.0,2.7,0.2,5049,Coherent+16.0%連動(β0.20)
7832,バンダイナムコホールディングス,その他製品,8.0,★☆☆☆☆,0.0,0.0,2.0,0.0,8.7,0.0,2.3,-5.0,,,0.0,32.5,4.0,22.1,4845,5262.0,14.2,1.1,12118,MA上昇配列 / 過熱⚠25MA+22% / 開示[業績予想の修正](1日前)
9501,東京電力ホールディングス,電気・ガス業,8.0,★☆☆☆☆,0.0,0.0,2.0,0.0,6.0,0.0,0.0,0.0,,,0.0,13.8,4.2,5.4,489,533.9000244140625,2.7,0.3,18235,-
7974,任天堂,その他製品,8.0,★☆☆☆☆,0.0,0.0,2.0,0.0,6.0,0.0,0.0,0.0,,,0.0,14.1,3.7,8.6,7369,7954.0,3.6,0.8,72594,-
6016,ジャパンエンジンコーポレーション,輸送用機器,8.0,★☆☆☆☆,0.0,0.0,2.0,0.0,6.0,0.0,0.0,0.0,,,0.0,23.7,6.6,7.7,8363,9630.0,3.1,0.7,1152,-
5713,住友金属鉱山,非鉄金属,7.9,★☆☆☆☆,4.2,0.0,2.0,0.0,4.7,0.0,0.0,-3.0,,SOX指数,-14.1,30.6,5.1,19.9,8273,9217.0,12.6,0.5,23083,SOX指数+5.4%連動(β0.31) / 伸びすぎ注意(25MA+20%)
5592,くすりの窓口,情報・通信業,7.800000000000001,★☆☆☆☆,0.0,0.0,1.0,0.0,4.7,0.0,2.1,0.0,,,0.0,4.6,3.2,3.7,2318,2479.0,4.5,0.1,142,開示[自己株式取得](4日前)
5242,アイズ,情報・通信業,7.800000000000001,★☆☆☆☆,0.0,0.0,5.3,0.0,7.5,0.0,0.0,-5.0,,,0.0,140.8,15.6,28.8,1449,2105.0,-11.6,0.0,151,買い出来高優勢 / 資金流入増 / MA上昇配列 / パーフェクトオーダー / 過熱⚠25MA+29%
6584,三櫻工業,輸送用機器,7.8,★☆☆☆☆,3.8,0.0,0.0,0.0,4.0,0.0,0.0,0.0,,SOX指数,-2.2,1.1,4.2,-0.0,769,840.0,3.3,0.2,522,SOX指数+5.4%連動(β0.28)
3635,コーエーテクモホールディングス,情報・通信業,7.7,★☆☆☆☆,0.0,0.0,1.0,0.0,6.7,0.0,0.0,0.0,,,0.0,3.6,3.8,2.9,1497,1620.5,0.7,0.2,2334,MA上昇配列
1965,テクノ菱和,建設業,7.7,★☆☆☆☆,0.0,0.0,0.0,0.0,6.0,0.0,1.7,0.0,,,0.0,6.9,6.3,6.9,5693,6520.0,15.8,0.3,481,開示[株式分割](2日前)
9513,電源開発,電気・ガス業,7.7,★☆☆☆☆,0.0,0.0,2.0,0.0,5.7,0.0,0.0,0.0,,,0.0,10.1,2.3,4.5,3736,3913.0,3.0,0.1,2542,-
9552,クオンツ総研ホールディングス,サービス業,7.7,★☆☆☆☆,0.0,0.0,1.0,0.0,6.7,0.0,0.0,0.0,,,0.0,18.4,3.9,8.7,904,980.0,5.6,0.1,205,MA上昇配列
5541,大平洋金属,鉄鋼,7.7,★☆☆☆☆,0.0,0.0,1.0,0.0,6.7,0.0,0.0,0.0,,,0.0,19.6,3.6,9.9,2401,2586.0,4.7,0.7,546,MA上昇配列
6925,ウシオ電機,電気機器,7.7,★☆☆☆☆,4.0,0.0,1.0,0.0,2.7,0.0,0.0,0.0,,SOX指数,-2.9,-4.6,5.8,-3.1,3514,3971.0,4.9,0.1,1835,SOX指数+5.4%連動(β0.30)
3104,富士紡ホールディングス,繊維製品,7.6000000000000005,★☆☆☆☆,3.9,0.0,1.0,0.0,2.7,0.0,0.0,0.0,,Intel,-3.3,-2.6,6.7,-4.0,3196,3690.0,6.0,0.1,684,Intel+9.7%連動(β0.16)
268A,リガク・ホールディングス,精密機器,7.6000000000000005,★☆☆☆☆,4.9,0.0,0.0,0.0,2.7,0.0,0.0,0.0,,Coherent,-0.9,1.7,6.8,-1.7,1899,2198.0,5.9,0.2,5864,Coherent+16.0%連動(β0.12)
7447,ナガイレーベン,卸売業,7.6,★☆☆☆☆,0.0,0.0,0.0,0.0,5.5,0.0,2.1,0.0,,,0.0,3.4,1.7,0.8,1719,1778.0,-0.4,0.2,131,MA上昇配列 / 開示[自己株式の取得](4日前)
8795,Ｔ＆Ｄホールディングス,保険業,7.6,★☆☆☆☆,0.0,0.0,1.0,0.0,4.5,0.0,2.1,0.0,,,0.0,3.3,2.6,-0.1,4737,4992.0,-1.9,0.2,6667,開示[自己株式の取得](4日前)
4828,ビジネスエンジニアリング,情報・通信業,7.5,★☆☆☆☆,0.0,0.0,2.0,0.0,5.5,0.0,0.0,0.0,,,0.0,12.8,3.0,3.8,1136,1209.0,-1.1,0.2,148,MA上昇配列
5445,東京鐵鋼,鉄鋼,7.5,★☆☆☆☆,0.0,0.0,0.0,0.0,7.5,0.0,0.0,0.0,,,0.0,5.3,1.6,1.7,1901,1965.0,2.2,0.1,215,MA上昇配列
4928,ノエビアホールディングス,化学,7.5,★☆☆☆☆,0.0,0.0,1.0,0.0,6.5,0.0,0.0,0.0,,,0.0,8.0,2.5,2.5,4543,4785.0,-3.7,0.1,665,MA上昇配列
8113,ユニ・チャーム,化学,7.5,★☆☆☆☆,0.0,0.0,0.0,0.0,7.5,0.0,0.0,0.0,,,0.0,8.5,3.2,3.8,956,1020.0,1.3,0.2,4913,MA上昇配列 / パーフェクトオーダー
5889,Ｊａｐａｎ　Ｅｙｅｗｅａｒ　Ｈｏｌｄｉｎｇｓ,小売業,7.5,★☆☆☆☆,0.0,0.0,0.0,0.0,7.5,0.0,0.0,0.0,,,0.0,6.6,3.2,3.1,2332,2492.0,-1.2,0.1,296,MA上昇配列 / パーフェクトオーダー
8219,青山商事,小売業,7.5,★☆☆☆☆,0.0,0.0,1.0,0.0,6.5,0.0,0.0,0.0,,,0.0,6.1,1.9,2.7,718,746.0,-0.5,0.1,434,MA上昇配列
256A,飛島ホールディングス,建設業,7.5,★☆☆☆☆,0.0,0.0,1.0,0.0,6.5,0.0,0.0,0.0,,,0.0,4.0,1.8,0.9,1988,2064.0,-0.2,0.1,353,MA上昇配列
3028,アルペン,小売業,7.5,★☆☆☆☆,0.0,0.0,2.0,0.0,5.5,0.0,0.0,0.0,,,0.0,9.7,2.2,4.4,2177,2275.0,2.7,0.5,235,MA上昇配列
4194,ビジョナル,情報・通信業,7.5,★☆☆☆☆,0.0,0.0,2.0,0.0,5.5,0.0,0.0,0.0,,,0.0,11.2,3.4,4.6,8346,8959.0,2.8,0.1,1625,MA上昇配列
5440,共英製鋼,鉄鋼,7.5,★☆☆☆☆,0.0,0.0,1.0,0.0,5.5,0.0,1.0,0.0,,,0.0,8.7,2.5,2.1,1814,1908.0,-1.8,0.1,223,MA上昇配列 / 開示[設備投資](7日前)
4259,エクサウィザーズ,情報・通信業,7.5,★☆☆☆☆,3.5,0.0,0.0,0.0,4.0,0.0,0.0,0.0,,S&P500,-5.3,-4.0,4.1,-0.2,760,829.0,6.7,0.2,1234,S&P500+1.4%連動(β0.96)
7261,マツダ,輸送用機器,7.5,★☆☆☆☆,0.0,0.0,2.0,0.0,5.5,0.0,0.0,0.0,,,0.0,9.1,3.6,2.9,1096,1180.5,0.3,0.3,9163,MA上昇配列
3861,王子ホールディングス,パルプ・紙,7.5,★☆☆☆☆,0.0,0.0,0.0,0.0,7.5,0.0,0.0,0.0,,,0.0,9.4,2.2,3.4,843,882.2999877929688,0.3,0.2,3233,MA上昇配列
1414,ショーボンドホールディングス,建設業,7.5,★☆☆☆☆,0.0,0.0,1.0,0.0,6.5,0.0,0.0,0.0,,,0.0,4.3,1.9,0.6,1247,1294.5,-2.1,0.1,1073,MA上昇配列
4523,エーザイ,医薬品,7.5,★☆☆☆☆,0.0,0.0,2.0,0.0,5.5,0.0,0.0,0.0,,,0.0,13.6,3.4,5.0,4439,4768.0,-1.2,0.1,8376,MA上昇配列
4927,ポーラ・オルビスホールディングス,化学,7.5,★☆☆☆☆,0.0,0.0,2.0,0.0,5.5,0.0,0.0,0.0,,,0.0,8.4,2.5,5.4,1336,1406.0,4.9,0.5,837,MA上昇配列
3632,グリーホールディングス,情報・通信業,7.5,★☆☆☆☆,0.0,0.0,0.0,0.0,7.5,0.0,0.0,0.0,,,0.0,3.4,1.9,0.9,385,400.0,-0.5,0.2,201,MA上昇配列 / パーフェクトオーダー
6005,三浦工業,機械,7.5,★☆☆☆☆,3.0,0.0,1.0,0.0,3.5,0.0,0.0,0.0,,SOX指数,-0.6,2.7,1.9,0.4,3086,3209.0,-0.2,0.1,1142,SOX指数+5.4%連動(β0.22)
7593,ＶＴホールディングス,小売業,7.5,★☆☆☆☆,0.0,0.0,1.0,0.0,6.5,0.0,0.0,0.0,,,0.0,4.7,1.7,0.4,464,480.0,-2.4,0.2,166,MA上昇配列
4238,ミライアル,化学,7.4,★☆☆☆☆,4.7,0.0,0.0,0.0,2.7,0.0,0.0,0.0,,SOX指数,-1.7,1.1,4.8,-2.0,1469,1625.0,3.9,0.1,127,SOX指数+5.4%連動(β0.35)
5262,日本ヒューム,ガラス・土石製品,7.4,★☆☆☆☆,0.0,0.0,0.0,0.0,6.0,0.0,1.4,0.0,,,0.0,4.9,2.4,2.2,1011,1063.0,1.8,0.4,191,開示[子会社化](4日前)
7981,タカラスタンダード,その他製品,7.4,★☆☆☆☆,0.0,0.0,1.0,0.0,3.2,0.0,3.2,0.0,,,0.0,2.7,2.6,-0.9,2907,3065.0,1.5,0.1,483,開示[自己株式の取得](4日前) / 開示[業績予想の修正](8日前)
2353,日本駐車場開発,不動産業,7.300000000000001,★☆☆☆☆,0.0,0.0,3.0,0.0,2.2,0.0,2.1,0.0,,,0.0,2.3,2.3,-0.6,238,249.0,1.2,0.1,835,資金流入増 / 開示[自己株式の取得](4日前)
6845,アズビル,電気機器,7.300000000000001,★☆☆☆☆,0.0,0.0,2.0,0.0,3.2,0.0,2.1,0.0,,,0.0,-3.3,3.3,-4.8,1484,1589.0,-4.6,0.9,2215,開示[自己株式の取得](4日前)
4544,Ｈ．Ｕ．グループホールディングス,サービス業,7.300000000000001,★☆☆☆☆,0.0,0.0,0.0,0.0,5.2,0.0,2.1,0.0,,,0.0,4.3,2.2,0.4,3258,3410.0,-0.0,0.1,702,MA上昇配列 / 開示[自己株式の取得](4日前)
6419,マースグループホールディングス,機械,7.300000000000001,★☆☆☆☆,0.0,0.0,0.0,0.0,5.2,0.0,2.1,0.0,,,0.0,3.7,1.9,0.3,3009,3130.0,-0.3,0.1,204,MA上昇配列 / 開示[自己株式の取得](4日前)
7085,カーブスホールディングス,サービス業,7.300000000000001,★☆☆☆☆,0.0,0.0,2.0,0.0,3.2,0.0,2.1,0.0,,,0.0,5.1,2.2,-0.7,895,936.0,-2.5,0.3,568,資金流入増 / 開示[自己株式の取得](4日前)
9532,大阪瓦斯,電気・ガス業,7.3,★☆☆☆☆,0.0,0.0,0.0,0.0,4.5,0.0,2.8,0.0,,,0.0,3.0,2.3,0.2,5201,5452.0,-1.1,0.1,4976,開示[自己株式の取得](1日前)
4021,日産化学,化学,7.200000000000001,★☆☆☆☆,2.6,0.0,0.0,0.0,2.2,0.0,2.4,0.0,,SOX指数,-0.7,-4.9,3.6,-3.6,7022,7560.0,0.8,0.2,4869,SOX指数+5.4%連動(β0.19) / 開示[自己株式の取得](3日前)
9627,アインホールディングス,小売業,7.2,★☆☆☆☆,0.0,0.0,3.0,0.0,4.2,0.0,0.0,0.0,,,0.0,4.8,3.1,1.0,5486,5853.0,-0.5,0.1,1034,MA上昇配列
9075,福山通運,陸運業,7.2,★☆☆☆☆,0.0,0.0,0.0,0.0,7.2,0.0,0.0,0.0,,,0.0,13.1,3.5,4.9,5774,6210.0,4.0,0.8,687,MA上昇配列 / パーフェクトオーダー
6309,巴工業,機械,7.2,★☆☆☆☆,0.0,0.0,0.0,0.0,7.2,0.0,0.0,0.0,,,0.0,5.8,2.0,2.1,1856,1932.0,-0.3,0.1,239,MA上昇配列 / パーフェクトオーダー
9347,日本管財ホールディングス,サービス業,7.2,★☆☆☆☆,0.0,0.0,2.0,0.0,5.2,0.0,0.0,0.0,,,0.0,3.8,1.8,0.6,2679,2778.0,-0.9,0.2,152,MA上昇配列
3048,ビックカメラ,小売業,7.2,★☆☆☆☆,0.0,0.0,3.0,0.0,4.2,0.0,0.0,0.0,,,0.0,5.2,2.5,0.2,1615,1698.5,-2.6,0.4,1175,-
3034,クオールホールディングス,小売業,7.2,★☆☆☆☆,0.0,0.0,2.0,0.0,5.2,0.0,0.0,0.0,,,0.0,4.2,2.4,0.3,1974,2075.0,-0.9,0.1,277,MA上昇配列
1766,東建コーポレーション,建設業,7.2,★☆☆☆☆,0.0,0.0,2.0,0.0,5.2,0.0,0.0,0.0,,,0.0,2.5,2.1,0.3,12540,13090.0,-2.1,0.1,326,MA上昇配列
4202,ダイセル,化学,7.2,★☆☆☆☆,0.0,0.0,1.0,0.0,6.2,0.0,0.0,0.0,,,0.0,7.8,2.6,2.0,1398,1476.0,1.8,0.1,2137,MA上昇配列
4204,積水化学工業,化学,7.2,★☆☆☆☆,0.0,0.0,2.0,0.0,5.2,0.0,0.0,0.0,,,0.0,5.2,2.0,1.1,2586,2691.5,1.0,0.1,4516,MA上昇配列
2181,パーソルホールディングス,サービス業,7.2,★☆☆☆☆,0.0,0.0,2.0,0.0,5.2,0.0,0.0,0.0,,,0.0,4.8,2.5,0.8,250,263.5,-0.1,0.2,2080,MA上昇配列
8200,リンガーハット,小売業,7.2,★☆☆☆☆,0.0,0.0,1.0,0.0,6.2,0.0,0.0,0.0,,,0.0,6.0,2.6,0.2,2181,2299.0,-1.8,0.1,396,MA上昇配列
6101,ツガミ,機械,7.199999999999999,★☆☆☆☆,4.8,0.0,0.0,0.0,0.0,0.0,2.4,0.0,,Intel,-0.7,-18.9,8.1,-13.6,4923,5870.0,-2.3,0.2,3676,Intel+9.7%連動(β0.20) / 開示[自己株式の取得](3日前)
4216,旭有機材,化学,7.1000000000000005,★☆☆☆☆,3.4,0.0,1.0,0.0,2.7,0.0,0.0,0.0,,SOX指数,-1.9,-7.5,4.7,-5.3,5434,6000.0,-1.3,0.2,412,SOX指数+5.4%連動(β0.25)
4403,日油,化学,7.1,★☆☆☆☆,0.0,0.0,0.0,0.0,4.5,0.0,2.6,0.0,,,0.0,3.2,2.8,1.3,2649,2804.5,0.6,0.4,1799,開示[自己株式取得](2日前)
3769,ＧＭＯペイメントゲートウェイ,情報・通信業,7.1,★☆☆☆☆,2.9,0.0,0.0,0.0,4.2,0.0,0.0,0.0,,S&P500,-1.5,5.2,3.1,1.1,9289,9899.0,0.2,0.1,1958,S&P500+1.4%連動(β0.80) / MA上昇配列
4894,クオリプス,医薬品,7.1,★☆☆☆☆,0.0,0.0,0.0,0.0,6.0,0.0,1.1,0.0,,,0.0,8.6,6.8,7.2,4235,4905.0,9.4,0.1,622,開示[上方修正](10日前)
6823,リオン,電気機器,7.1,★☆☆☆☆,3.4,0.0,0.0,0.0,3.7,0.0,0.0,0.0,,SOX指数,-1.4,-0.9,3.5,-1.9,3146,3380.0,1.5,0.1,259,SOX指数+5.4%連動(β0.25)
7186,横浜フィナンシャルグループ,銀行業,7.1,★☆☆☆☆,0.0,0.0,0.0,0.0,4.5,0.0,2.6,0.0,,,0.0,0.4,3.3,-1.8,1725,1848.5,0.5,0.2,6575,開示[自己株式の取得](2日前)
4078,堺化学工業,化学,7.1,★☆☆☆☆,0.0,0.0,0.0,0.0,5.0,0.0,2.1,0.0,,,0.0,5.7,4.6,2.4,3802,4190.0,4.2,0.2,1374,開示[自己株式の取得](4日前)
7201,日産自動車,輸送用機器,7.0,★☆☆☆☆,0.0,0.0,1.0,0.0,6.0,0.0,0.0,0.0,,,0.0,14.3,3.5,4.4,317,340.79998779296875,1.4,0.2,11250,-
6651,日東工業,電気機器,7.0,★☆☆☆☆,0.0,0.0,1.0,0.0,6.0,0.0,0.0,0.0,,,0.0,1.0,2.9,1.2,4244,4505.0,3.6,0.4,412,-
9227,マイクロ波化学,サービス業,7.0,★☆☆☆☆,0.0,0.0,1.0,0.0,6.0,0.0,0.0,0.0,,,0.0,5.6,5.9,3.3,786,890.0,3.9,0.1,379,-
1887,日本国土開発,建設業,7.0,★☆☆☆☆,0.0,0.0,2.0,0.0,5.0,0.0,0.0,0.0,,,0.0,0.5,1.7,0.3,507,524.0,1.6,0.1,264,-
1820,西松建設,建設業,7.0,★☆☆☆☆,0.0,0.0,1.0,0.0,6.0,0.0,0.0,0.0,,,0.0,2.9,1.9,1.8,5228,5430.0,2.2,0.8,590,-
6572,オープングループ,サービス業,7.0,★☆☆☆☆,0.0,0.0,4.0,0.0,3.0,0.0,0.0,0.0,,,0.0,15.5,4.3,2.9,220,241.0,4.3,0.2,118,資金流入増 / MA上昇配列
3903,ｇｕｍｉ,情報・通信業,7.0,★☆☆☆☆,0.0,0.0,1.0,0.0,6.0,0.0,0.0,0.0,,,0.0,10.9,3.3,3.5,238,255.0,0.8,0.4,108,-
7456,松田産業,卸売業,7.0,★☆☆☆☆,0.0,0.0,2.0,0.0,5.0,0.0,0.0,0.0,,,0.0,6.6,4.0,6.5,5473,5950.0,10.6,0.6,512,-
1833,奥村組,建設業,7.0,★☆☆☆☆,0.0,0.0,0.0,0.0,7.0,0.0,0.0,0.0,,,0.0,4.3,1.8,1.8,5620,5830.0,0.7,0.2,596,-
150A,ＪＳＨ,サービス業,7.0,★☆☆☆☆,0.0,0.0,4.0,0.0,3.0,0.0,0.0,0.0,,,0.0,34.0,15.4,1.9,326,471.0,10.8,0.0,427,資金流入増 / MA上昇配列
2168,パソナグループ,サービス業,7.0,★☆☆☆☆,0.0,0.0,1.0,0.0,6.0,0.0,0.0,0.0,,,0.0,5.7,2.2,2.0,1517,1588.0,2.4,0.2,301,-
2220,亀田製菓,食料品,7.0,★☆☆☆☆,0.0,0.0,0.0,0.0,7.0,0.0,0.0,0.0,,,0.0,1.9,2.5,1.9,1218,1283.0,0.9,0.2,232,-
6840,ＡＫＩＢＡホールディングス,電気機器,7.0,★☆☆☆☆,0.0,0.0,2.0,0.0,5.0,0.0,0.0,0.0,,,0.0,7.0,7.3,7.4,633,742.0,6.9,0.4,292,-
4813,ＡＣＣＥＳＳ,情報・通信業,7.0,★☆☆☆☆,0.0,0.0,4.0,0.0,6.0,0.0,0.0,-3.0,,,0.0,19.7,5.2,16.1,364,406.0,18.4,0.5,429,資金流入増 / 伸びすぎ注意(25MA+16%)
1982,日比谷総合設備,建設業,7.0,★☆☆☆☆,0.0,0.0,2.0,0.0,5.0,0.0,0.0,0.0,,,0.0,-3.0,4.6,-0.6,2629,2894.0,3.9,0.3,339,-
6785,鈴木,電気機器,7.0,★☆☆☆☆,0.0,0.0,0.0,0.0,7.0,0.0,0.0,0.0,,,0.0,-0.9,4.0,0.7,2874,3125.0,4.2,0.1,225,-
7965,象印マホービン,電気機器,7.0,★☆☆☆☆,0.0,0.0,1.0,0.0,6.0,0.0,0.0,0.0,,,0.0,4.6,1.9,1.4,1379,1434.0,-0.4,0.1,260,-
4381,ビープラッツ,情報・通信業,7.0,★☆☆☆☆,0.0,0.0,4.0,0.0,3.0,0.0,0.0,0.0,,,0.0,66.2,17.1,2.4,250,380.0,34.3,0.2,322,資金流入増 / MA上昇配列
4390,ＩＰＳ,情報・通信業,7.0,★☆☆☆☆,0.0,0.0,0.0,0.0,7.0,0.0,0.0,0.0,,,0.0,4.8,3.5,2.6,3370,3620.0,3.9,0.4,190,-
7224,新明和工業,輸送用機器,7.0,★☆☆☆☆,0.0,0.0,2.0,0.0,5.0,0.0,0.0,0.0,,,0.0,5.4,2.9,1.3,1902,2020.0,2.4,0.1,354,-
7157,ライフネット生命保険,保険業,7.0,★☆☆☆☆,0.0,0.0,1.0,0.0,6.0,0.0,0.0,0.0,,,0.0,2.6,3.1,1.0,1593,1697.0,1.3,0.1,273,-
5714,ＤＯＷＡホールディングス,非鉄金属,7.0,★☆☆☆☆,0.0,0.0,2.0,0.0,5.0,0.0,0.0,0.0,,,0.0,14.1,3.9,9.8,8516,9227.0,12.0,1.1,4212,-
5715,古河機械金属,非鉄金属,7.0,★☆☆☆☆,0.0,0.0,1.0,0.0,6.0,0.0,0.0,0.0,,,0.0,11.7,4.5,6.8,3524,3875.0,9.0,0.1,996,-
290A,Ｓｙｎｓｐｅｃｔｉｖｅ,情報・通信業,7.0,★☆☆☆☆,0.0,0.0,1.0,0.0,6.0,0.0,0.0,0.0,,,0.0,14.1,5.1,12.1,1210,1348.0,17.4,0.2,1719,-
7094,ＮｅｘＴｏｎｅ,サービス業,7.0,★☆☆☆☆,0.0,0.0,5.3,0.0,6.7,0.0,0.0,-5.0,,,0.0,29.4,3.6,20.9,1648,1775.0,16.7,1.6,113,買い出来高優勢 / MA上昇配列 / 過熱⚠25MA+21%
8014,蝶理,卸売業,7.0,★☆☆☆☆,0.0,0.0,0.0,0.0,7.0,0.0,0.0,0.0,,,0.0,6.1,2.0,3.3,3897,4060.0,4.0,0.3,132,-
6425,ユニバーサルエンターテインメント,機械,7.0,★☆☆☆☆,0.0,0.0,1.0,0.0,6.0,0.0,0.0,0.0,,,0.0,4.3,3.3,2.1,638,684.0,2.4,0.2,164,-
6469,放電精密加工研究所,機械,7.0,★☆☆☆☆,0.0,0.0,1.0,0.0,6.0,0.0,0.0,0.0,,,0.0,-2.1,5.7,5.4,2525,2850.0,10.4,0.1,326,-
5992,中央発條,金属製品,7.0,★☆☆☆☆,0.0,0.0,2.0,0.0,5.0,0.0,0.0,0.0,,,0.0,1.6,3.5,-0.4,3463,3725.0,1.1,0.1,295,資金流入増
8139,ナガホリ,卸売業,7.0,★☆☆☆☆,0.0,0.0,3.0,0.0,4.0,0.0,0.0,0.0,,,0.0,-0.8,5.2,-2.5,1856,2072.0,0.2,0.1,114,-
8179,ロイヤルホールディングス,小売業,7.0,★☆☆☆☆,0.0,0.0,0.0,0.0,7.0,0.0,0.0,0.0,,,0.0,8.3,2.6,3.9,1263,1333.0,0.2,0.2,402,-
3315,日本コークス工業,石油・石炭製品,7.0,★☆☆☆☆,0.0,0.0,1.0,0.0,6.0,0.0,0.0,0.0,,,0.0,15.7,3.3,6.7,95,102.0,7.4,0.3,438,-
4028,石原産業,化学,7.0,★☆☆☆☆,0.0,0.0,1.0,0.0,6.0,0.0,0.0,0.0,,,0.0,15.0,3.5,5.5,2853,3070.0,3.5,0.1,816,-
2975,スター・マイカ・ホールディングス,不動産業,7.0,★☆☆☆☆,0.0,0.0,1.0,0.0,6.0,0.0,0.0,0.0,,,0.0,4.5,2.7,2.3,1476,1559.0,2.5,0.2,228,-
262A,インターメスティック,小売業,7.0,★☆☆☆☆,0.0,0.0,1.0,0.0,6.0,0.0,0.0,0.0,,,0.0,1.3,3.4,1.3,1825,1956.0,0.4,0.7,436,-
8331,千葉銀行,銀行業,6.9,★☆☆☆☆,0.0,0.0,0.0,0.0,4.5,0.0,2.4,0.0,,,0.0,1.0,3.2,-0.2,2520,2692.5,2.5,0.2,6980,開示[自己株式取得](3日前)
7988,ニフコ,化学,6.800000000000001,★☆☆☆☆,2.6,0.0,1.0,0.0,3.2,0.0,0.0,0.0,,SOX指数,-1.3,3.7,2.9,-0.1,4808,5105.0,-2.0,0.2,1548,SOX指数+5.4%連動(β0.19)
2326,デジタルアーツ,情報・通信業,6.800000000000001,★☆☆☆☆,0.0,0.0,0.0,0.0,4.7,0.0,2.1,0.0,,,0.0,19.2,3.3,12.3,4279,4580.0,12.7,0.2,823,開示[自己株式の取得](4日前)
2767,円谷フィールズホールディングス,卸売業,6.800000000000001,★☆☆☆☆,0.0,0.0,5.3,0.0,6.5,0.0,0.0,-5.0,,,0.0,76.7,5.7,39.5,2208,2491.0,3.4,0.1,2629,買い出来高優勢 / 資金流入増 / MA上昇配列 / RSI過熱(90)⚠ / 過熱⚠25MA+39%
4534,持田製薬,医薬品,6.800000000000001,★☆☆☆☆,0.0,0.0,0.0,0.0,4.7,0.0,2.1,0.0,,,0.0,3.5,2.3,0.6,3017,3165.0,1.4,0.1,212,開示[自己株式の取得](4日前)
5817,ＪＭＡＣＳ,非鉄金属,6.7,★☆☆☆☆,0.0,0.0,2.0,0.0,4.7,0.0,0.0,0.0,,,0.0,25.4,5.5,6.6,875,982.0,6.2,0.1,157,-
4587,ペプチドリーム,医薬品,6.7,★☆☆☆☆,3.0,0.0,0.0,0.0,3.7,0.0,0.0,0.0,,S&P500,-4.4,-1.2,3.1,0.6,925,985.4000244140625,4.0,0.1,776,S&P500+1.4%連動(β0.85)
5857,ＡＲＥホールディングス,非鉄金属,6.7,★☆☆☆☆,0.0,0.0,2.0,0.0,4.7,0.0,0.0,0.0,,,0.0,21.3,3.5,13.8,3264,3510.0,13.4,0.3,2165,-
6420,ガリレイホールディングス,機械,6.7,★☆☆☆☆,0.0,0.0,0.0,0.0,6.7,0.0,0.0,0.0,,,0.0,8.8,2.1,5.4,3399,3550.0,2.7,0.3,179,-
3558,ジェイドグループ,小売業,6.7,★☆☆☆☆,0.0,0.0,2.0,0.0,4.7,0.0,0.0,0.0,,,0.0,8.5,2.7,3.1,1599,1690.0,2.5,0.1,173,-
6036,ＫｅｅＰｅｒ技研,サービス業,6.7,★☆☆☆☆,0.0,0.0,0.0,0.0,6.7,0.0,0.0,0.0,,,0.0,0.2,2.1,1.5,2758,2880.0,2.6,0.1,261,MA上昇配列
6586,マキタ,機械,6.6000000000000005,★☆☆☆☆,3.4,0.0,1.0,0.0,2.2,0.0,0.0,0.0,,SOX指数,-3.1,0.6,3.7,-2.3,5087,5489.0,5.9,0.1,5575,SOX指数+5.4%連動(β0.26)
8252,丸井グループ,小売業,6.6,★☆☆☆☆,0.0,0.0,1.0,0.0,3.2,0.0,2.4,0.0,,,0.0,1.5,2.4,-0.8,2792,2934.0,-1.1,0.1,2737,開示[自己株式の取得](3日前)
3496,アズーム,不動産業,6.5,★☆☆☆☆,0.0,0.0,1.0,0.0,5.5,0.0,0.0,0.0,,,0.0,6.6,2.8,1.9,4344,4605.0,-1.1,0.1,274,MA上昇配列
5021,コスモエネルギーホールディングス,石油・石炭製品,6.5,★☆☆☆☆,0.0,0.0,0.0,0.0,6.5,0.0,0.0,0.0,,,0.0,8.9,2.6,5.6,3902,4119.0,3.4,0.6,2234,MA上昇配列
2379,ディップ,サービス業,6.5,★☆☆☆☆,0.0,0.0,1.0,0.0,5.5,0.0,0.0,0.0,,,0.0,0.9,2.0,0.3,1769,1842.0,-1.0,0.2,661,MA上昇配列
3660,アイスタイル,情報・通信業,6.5,★☆☆☆☆,0.0,0.0,1.0,0.0,5.5,0.0,0.0,0.0,,,0.0,13.3,2.9,4.7,412,437.0,-1.1,0.2,283,MA上昇配列
7380,十六フィナンシャルグループ,銀行業,6.5,★☆☆☆☆,0.0,0.0,2.0,0.0,4.5,0.0,0.0,0.0,,,0.0,0.1,4.0,-0.4,2248,2444.0,3.3,0.1,1251,-
8185,チヨダ,小売業,6.5,★☆☆☆☆,0.0,0.0,1.0,0.0,5.5,0.0,0.0,0.0,,,0.0,5.0,1.3,1.8,990,1016.0,1.8,0.3,152,MA上昇配列
4575,キャンバス,医薬品,6.5,★☆☆☆☆,0.0,0.0,1.0,0.0,5.5,0.0,0.0,0.0,,,0.0,14.7,5.3,2.3,661,739.0,0.3,0.1,207,MA上昇配列
9755,応用地質,サービス業,6.5,★☆☆☆☆,0.0,0.0,0.0,0.0,6.5,0.0,0.0,0.0,,,0.0,4.8,1.6,1.3,2736,2827.0,1.3,0.2,153,MA上昇配列
9503,関西電力,電気・ガス業,6.5,★☆☆☆☆,0.0,0.0,0.0,0.0,6.5,0.0,0.0,0.0,,,0.0,8.0,2.5,2.8,2299,2418.5,-0.9,0.2,7730,MA上昇配列
9509,北海道電力,電気・ガス業,6.5,★☆☆☆☆,0.0,0.0,1.0,0.0,5.5,0.0,0.0,0.0,,,0.0,8.8,2.5,3.2,987,1038.0,1.2,0.2,2085,MA上昇配列
4617,中国塗料,化学,6.5,★☆☆☆☆,0.0,0.0,1.0,0.0,5.5,0.0,0.0,0.0,,,0.0,8.2,3.7,2.6,3456,3730.0,4.0,0.1,1049,MA上昇配列
2815,アリアケジャパン,食料品,6.5,★☆☆☆☆,0.0,0.0,1.0,0.0,5.5,0.0,0.0,0.0,,,0.0,4.5,2.3,0.6,5069,5310.0,-1.1,0.2,460,MA上昇配列
3193,エターナルホスピタリティグループ,小売業,6.5,★☆☆☆☆,0.0,0.0,1.0,0.0,5.5,0.0,0.0,0.0,,,0.0,7.4,2.8,3.8,1383,1465.0,6.3,0.2,287,MA上昇配列
1786,オリエンタル白石,建設業,6.5,★☆☆☆☆,0.0,0.0,0.0,0.0,6.5,0.0,0.0,0.0,,,0.0,3.8,1.9,0.5,349,363.0,-0.8,0.3,189,MA上昇配列
9505,北陸電力,電気・ガス業,6.5,★☆☆☆☆,0.0,0.0,0.0,0.0,6.5,0.0,0.0,0.0,,,0.0,4.6,3.0,0.5,877,933.2000122070312,-2.9,0.2,881,MA上昇配列
1926,ライト工業,建設業,6.4,★☆☆☆☆,0.0,0.0,0.0,0.0,4.7,0.0,1.7,0.0,,,0.0,-1.4,2.7,-0.1,3684,3890.0,3.0,0.5,663,開示[株式分割](2日前)
9006,京浜急行電鉄,陸運業,6.4,★☆☆☆☆,0.0,0.0,2.0,0.0,2.0,0.0,2.4,0.0,,,0.0,-0.1,2.6,-3.5,1430,1506.5,-3.2,0.2,1410,開示[自己株式の取得](3日前)
6440,ＪＵＫＩ,機械,6.300000000000001,★☆☆☆☆,0.0,0.0,3.3,0.0,6.0,0.0,0.0,-3.0,,,0.0,23.0,4.7,16.4,578,638.0,21.5,0.3,203,買い出来高優勢 / 伸びすぎ注意(25MA+16%)
9404,日本テレビホールディングス,情報・通信業,6.300000000000001,★☆☆☆☆,0.0,0.0,0.0,0.0,4.2,0.0,2.1,0.0,,,0.0,2.7,3.2,0.9,2733,2921.0,0.2,0.2,1446,MA上昇配列 / 開示[自己株式の取得](4日前)
8255,アクシアル　リテイリング,小売業,6.300000000000001,★☆☆☆☆,0.0,0.0,1.0,0.0,3.2,0.0,2.1,0.0,,,0.0,3.1,3.0,-0.7,1122,1193.0,-5.9,0.1,259,開示[自己株式の取得](4日前)
1950,日本電設工業,建設業,6.300000000000001,★☆☆☆☆,0.0,0.0,0.0,0.0,2.7,0.0,3.6,0.0,,,0.0,-4.6,3.8,-3.7,3624,3925.0,-2.8,0.2,517,開示[自己株式の取得](4日前) / 開示[自己株式の取得](7日前)
9716,乃村工藝社,サービス業,6.2,★☆☆☆☆,0.0,0.0,1.0,0.0,5.2,0.0,0.0,0.0,,,0.0,10.9,2.0,1.5,1138,1186.0,1.2,0.1,455,MA上昇配列
4324,電通グループ,サービス業,6.2,★☆☆☆☆,0.0,0.0,0.0,0.0,6.2,0.0,0.0,0.0,,,0.0,10.4,3.5,4.4,3367,3621.0,2.1,0.2,5004,MA上昇配列 / パーフェクトオーダー
3397,トリドールホールディングス,小売業,6.2,★☆☆☆☆,0.0,0.0,2.0,0.0,4.2,0.0,0.0,0.0,,,0.0,7.5,3.0,2.2,3979,4229.0,-2.7,0.1,1364,MA上昇配列
7532,パン・パシフィック・インターナショナルホールディングス,小売業,6.2,★☆☆☆☆,0.0,0.0,1.0,0.0,5.2,0.0,0.0,0.0,,,0.0,7.3,3.2,3.5,856,913.4000244140625,1.2,0.2,7946,MA上昇配列
7421,カッパ・クリエイト,小売業,6.2,★☆☆☆☆,0.0,0.0,1.0,0.0,5.2,0.0,0.0,0.0,,,0.0,4.4,2.5,0.2,1485,1562.0,-4.1,0.2,151,MA上昇配列
2678,アスクル,小売業,6.2,★☆☆☆☆,0.0,0.0,2.0,0.0,4.2,0.0,0.0,0.0,,,0.0,1.2,2.8,0.3,1190,1260.0,-0.2,0.1,548,MA上昇配列
5947,リンナイ,金属製品,6.2,★☆☆☆☆,0.0,0.0,1.0,0.0,5.2,0.0,0.0,0.0,,,0.0,3.5,2.2,0.4,3467,3623.0,1.2,0.4,1222,MA上昇配列
6869,シスメックス,電気機器,6.2,★☆☆☆☆,0.0,0.0,2.0,0.0,4.2,0.0,0.0,0.0,,,0.0,10.5,3.1,3.4,1539,1639.5,2.5,0.2,3838,MA上昇配列
9948,アークス,小売業,6.2,★☆☆☆☆,0.0,0.0,1.0,0.0,5.2,0.0,0.0,0.0,,,0.0,3.4,2.5,0.9,3400,3580.0,-1.0,0.1,246,MA上昇配列
9041,近鉄グループホールディングス,陸運業,6.2,★☆☆☆☆,0.0,0.0,0.0,0.0,6.2,0.0,0.0,0.0,,,0.0,3.2,2.1,0.3,3344,3494.0,0.9,0.2,1779,MA上昇配列 / パーフェクトオーダー
8367,南都銀行,銀行業,6.2,★☆☆☆☆,0.0,0.0,3.0,0.0,3.2,0.0,0.0,0.0,,,0.0,1.1,3.7,-0.1,1700,1838.0,6.9,0.1,1079,-
9023,東京地下鉄,陸運業,6.2,★☆☆☆☆,0.0,0.0,2.0,0.0,4.2,0.0,0.0,0.0,,,0.0,3.3,2.2,0.2,1399,1464.5,0.5,0.2,3241,MA上昇配列
4919,ミルボン,化学,6.2,★☆☆☆☆,0.0,0.0,0.0,0.0,6.2,0.0,0.0,0.0,,,0.0,5.0,2.2,1.1,2714,2840.0,2.1,0.1,304,MA上昇配列 / パーフェクトオーダー
8771,イー・ギャランティ,その他金融業,6.2,★☆☆☆☆,0.0,0.0,0.0,0.0,6.2,0.0,0.0,0.0,,,0.0,4.0,2.1,0.8,1781,1857.0,0.8,0.3,180,MA上昇配列 / パーフェクトオーダー
3050,ＤＣＭホールディングス,小売業,6.2,★☆☆☆☆,0.0,0.0,1.0,0.0,5.2,0.0,0.0,0.0,,,0.0,4.6,2.1,1.2,1470,1535.0,-0.1,0.1,399,MA上昇配列
5214,日本電気硝子,ガラス・土石製品,6.199999999999999,★☆☆☆☆,2.8,0.0,0.0,0.0,0.0,0.0,3.4,0.0,,SOX指数,-11.1,-14.8,5.4,-10.9,4397,4932.0,-7.3,0.2,3899,SOX指数+5.4%連動(β0.21) / 開示[自己株式の取得](4日前) / 開示[業績予想の修正](7日前)
7911,ＴＯＰＰＡＮホールディングス,その他製品,6.1,★☆☆☆☆,0.0,0.0,0.0,0.0,4.0,0.0,2.1,0.0,,,0.0,-8.4,3.9,-2.9,4312,4682.0,3.4,0.1,7306,開示[自己株式の取得](4日前)
8174,日本瓦斯,小売業,6.1,★☆☆☆☆,0.0,0.0,2.0,0.0,2.0,0.0,2.1,0.0,,,0.0,-0.8,2.3,-2.2,2674,2802.5,-1.7,0.1,696,開示[自己株式の取得](4日前)
6330,東洋エンジニアリング,建設業,6.0,★☆☆☆☆,0.0,0.0,0.0,0.0,6.0,0.0,0.0,0.0,,,0.0,5.1,6.3,3.4,1776,2032.0,4.6,0.2,3860,-
6332,月島ホールディングス,機械,6.0,★☆☆☆☆,0.0,0.0,0.0,0.0,6.0,0.0,0.0,0.0,,,0.0,3.8,3.0,1.5,2552,2714.0,-0.7,0.4,279,-
5821,平河ヒューテック,非鉄金属,6.0,★☆☆☆☆,0.0,0.0,1.0,0.0,5.0,0.0,0.0,0.0,,,0.0,4.7,4.8,3.4,3036,3360.0,5.2,0.1,249,-
8283,ＰＡＬＴＡＣ,卸売業,6.0,★☆☆☆☆,0.0,0.0,0.0,0.0,6.0,0.0,0.0,0.0,,,0.0,1.5,0.4,-0.0,6573,6620.0,0.0,0.4,1191,52週高値目前
6648,かわでん,電気機器,6.0,★☆☆☆☆,0.0,0.0,0.0,0.0,6.0,0.0,0.0,0.0,,,0.0,6.0,3.7,5.4,1774,1917.0,10.2,0.2,105,-
6994,指月電機製作所,電気機器,6.0,★☆☆☆☆,0.0,0.0,1.0,0.0,5.0,0.0,0.0,0.0,,,0.0,2.5,7.3,2.7,954,1117.0,7.9,0.2,396,-
4082,第一稀元素化学工業,化学,6.0,★☆☆☆☆,0.0,0.0,1.0,0.0,5.0,0.0,0.0,0.0,,,0.0,1.3,4.4,3.2,1768,1939.0,10.5,0.4,336,-
247A,Ａｉロボティクス,化学,6.0,★☆☆☆☆,0.0,0.0,0.0,0.0,6.0,0.0,0.0,0.0,,,0.0,6.7,3.7,3.6,784,847.0,-1.7,0.1,511,-
1964,中外炉工業,建設業,6.0,★☆☆☆☆,0.0,0.0,1.0,0.0,5.0,0.0,0.0,0.0,,,0.0,2.1,3.4,0.2,3721,3990.0,3.2,0.1,246,-
8303,ＳＢＩ新生銀行,銀行業,6.0,★☆☆☆☆,0.0,0.0,1.0,0.0,5.0,0.0,0.0,0.0,,,0.0,10.5,3.0,6.6,1464,1556.5,4.4,0.2,5693,-
255A,ジーエルテクノホールディングス,精密機器,6.0,★☆☆☆☆,0.0,0.0,0.0,0.0,6.0,0.0,0.0,0.0,,,0.0,2.4,6.4,-0.2,5069,5810.0,0.9,0.3,571,-
4393,バンク・オブ・イノベーション,情報・通信業,6.0,★☆☆☆☆,0.0,0.0,0.0,0.0,6.0,0.0,0.0,0.0,,,0.0,5.2,3.1,2.2,4738,5050.0,2.3,0.8,130,-
7198,ＳＢＩアルヒ,その他金融業,6.0,★☆☆☆☆,0.0,0.0,0.0,0.0,6.0,0.0,0.0,0.0,,,0.0,3.6,1.5,1.0,790,814.0,-0.1,0.2,106,-
5367,ニッカトー,ガラス・土石製品,6.0,★☆☆☆☆,0.0,0.0,3.3,0.0,2.7,0.0,0.0,0.0,,,0.0,-4.4,9.2,-2.1,972,1190.0,-3.3,0.2,661,買い出来高優勢
186A,アストロスケールホールディングス,サービス業,6.0,★☆☆☆☆,0.0,0.0,1.0,0.0,5.0,0.0,0.0,0.0,,,0.0,13.3,5.8,13.2,1074,1216.0,20.2,0.3,4460,-
1885,東亜建設工業,建設業,6.0,★☆☆☆☆,0.0,0.0,1.0,0.0,5.0,0.0,0.0,0.0,,,0.0,3.8,3.3,1.0,1937,2075.0,1.9,0.2,782,-
2160,ジーエヌアイグループ,医薬品,6.0,★☆☆☆☆,0.0,0.0,1.0,0.0,5.0,0.0,0.0,0.0,,,0.0,7.8,4.1,5.7,2504,2729.0,10.3,0.3,2024,-
6378,木村化工機,機械,6.0,★☆☆☆☆,0.0,0.0,0.0,0.0,6.0,0.0,0.0,0.0,,,0.0,10.9,3.0,4.3,1193,1268.0,4.6,0.2,191,-
6269,三井海洋開発,機械,6.0,★☆☆☆☆,0.0,0.0,0.0,0.0,6.0,0.0,0.0,0.0,,,0.0,4.8,4.1,0.4,9277,10095.0,-2.2,0.3,4533,-
5885,ジーデップ・アドバンス,卸売業,6.0,★☆☆☆☆,0.0,0.0,1.0,0.0,5.0,0.0,0.0,0.0,,,0.0,1.0,4.1,4.3,2688,2928.0,8.3,0.2,194,-
7004,カナデビア,機械,6.0,★☆☆☆☆,0.0,0.0,0.0,0.0,6.0,0.0,0.0,0.0,,,0.0,1.7,3.3,0.7,1154,1235.0,4.0,0.7,947,-
4275,カーリット,化学,6.0,★☆☆☆☆,0.0,0.0,0.0,0.0,6.0,0.0,0.0,0.0,,,0.0,5.3,4.7,2.6,2200,2428.0,4.6,0.2,400,-
1813,不動テトラ,建設業,6.0,★☆☆☆☆,0.0,0.0,1.0,0.0,5.0,0.0,0.0,0.0,,,0.0,1.3,3.0,-0.4,2542,2705.0,0.9,0.3,237,-
1723,日本電技,建設業,6.0,★☆☆☆☆,0.0,0.0,2.0,0.0,4.0,0.0,0.0,0.0,,,0.0,-1.2,7.5,-0.6,1898,2234.0,5.9,0.1,589,-
4588,オンコリスバイオファーマ,医薬品,6.0,★☆☆☆☆,0.0,0.0,0.0,0.0,6.0,0.0,0.0,0.0,,,0.0,14.2,5.7,9.5,2501,2824.0,6.0,0.3,1420,-
7259,アイシン,輸送用機器,6.0,★☆☆☆☆,0.0,0.0,2.0,0.0,1.2,0.0,2.8,0.0,,,0.0,1.8,3.5,-1.2,2119,2276.5,2.4,0.1,5280,開示[自己株式の取得](1日前)
9416,ビジョン,情報・通信業,6.0,★☆☆☆☆,0.0,0.0,0.0,0.0,6.0,0.0,0.0,0.0,,,0.0,4.2,1.7,1.3,991,1027.0,-0.6,0.1,289,-
8715,アニコム　ホールディングス,保険業,5.9,★☆☆☆☆,0.0,0.0,0.0,0.0,5.0,0.0,0.9,0.0,,,0.0,0.7,2.5,0.1,1159,1220.0,1.4,0.6,334,開示[自己株式の取得](10日前)
6928,エノモト,電気機器,5.9,★☆☆☆☆,3.2,0.0,0.0,0.0,2.7,0.0,0.0,0.0,,SOX指数,-5.2,-7.0,5.0,-1.6,2333,2590.0,9.7,0.2,113,SOX指数+5.4%連動(β0.23)
2216,カンロ,食料品,5.9,★☆☆☆☆,0.0,0.0,1.0,0.0,0.0,0.0,4.9,0.0,,,0.0,-3.5,4.0,-5.2,1019,1109.0,0.8,0.1,139,開示[自己株式の取得](4日前) / 開示[業績予想の修正](7日前)
6644,大崎電気工業,電気機器,5.800000000000001,★☆☆☆☆,0.0,0.0,0.0,0.0,3.7,0.0,2.1,0.0,,,0.0,3.3,3.9,-0.3,1380,1496.0,-0.1,0.3,357,開示[自己株式の取得](4日前)
2206,江崎グリコ,食料品,5.7,★☆☆☆☆,0.0,0.0,0.0,0.0,1.0,0.0,4.7,0.0,,,0.0,-2.4,2.5,-2.4,4769,5021.0,-0.7,0.2,1499,開示[業績予想の修正](2日前) / 開示[自己株式の取得](2日前)
5032,ＡＮＹＣＯＬＯＲ,情報・通信業,5.7,★☆☆☆☆,0.0,0.0,1.0,0.0,4.7,0.0,0.0,0.0,,,0.0,16.6,3.6,8.1,2542,2736.0,4.5,0.1,1344,-
4784,ＧＭＯインターネット,サービス業,5.7,★☆☆☆☆,0.0,0.0,1.0,0.0,4.7,0.0,0.0,0.0,,,0.0,10.9,4.1,1.7,490,533.0,-4.8,0.1,1033,-
4480,メドレー,情報・通信業,5.7,★☆☆☆☆,0.0,0.0,1.0,0.0,4.7,0.0,0.0,0.0,,,0.0,6.2,3.7,2.2,1950,2104.0,2.7,0.2,310,-
5288,アジアパイルホールディングス,ガラス・土石製品,5.7,★☆☆☆☆,0.0,0.0,0.0,0.0,5.7,0.0,0.0,0.0,,,0.0,4.7,2.3,1.0,1452,1521.0,2.1,0.1,218,-
4377,ワンキャリア,情報・通信業,5.7,★☆☆☆☆,2.5,0.0,0.0,0.0,1.2,0.0,2.0,0.0,,NASDAQ,-0.7,-1.9,3.5,-1.6,1914,2058.0,-2.9,0.2,117,NASDAQ+1.7%連動(β0.60) / 開示[上方修正](7日前)
6433,ヒーハイスト,機械,5.7,★☆☆☆☆,0.0,0.0,2.0,0.0,3.7,0.0,0.0,0.0,,,0.0,1.5,7.2,0.5,851,993.0,11.3,0.3,153,-
6380,オリエンタルチエン工業,機械,5.7,★☆☆☆☆,0.0,0.0,3.0,0.0,2.7,0.0,0.0,0.0,,,0.0,-9.5,7.5,-4.7,3256,3830.0,4.8,0.0,109,資金流入増
6656,インスペック,電気機器,5.7,★☆☆☆☆,0.0,0.0,5.7,0.0,0.0,0.0,0.0,0.0,,,0.0,-20.5,9.9,-15.1,748,933.0,-1.2,8.1,142,出来高急増8.1倍
6227,ＡＩメカテック,機械,5.7,★☆☆☆☆,0.0,0.0,1.0,0.0,4.7,0.0,0.0,0.0,,,0.0,20.5,9.7,1.7,5510,6840.0,3.0,0.2,10464,-
141A,トライアルホールディングス,小売業,5.7,★☆☆☆☆,0.0,0.0,1.0,0.0,4.7,0.0,0.0,0.0,,,0.0,6.6,2.8,4.9,3047,3230.0,3.2,0.1,1342,-
8111,ゴールドウイン,繊維製品,5.6,★☆☆☆☆,0.0,0.0,3.3,0.0,0.0,0.0,2.3,0.0,,,0.0,-4.3,3.3,-7.7,1971,2109.5,-7.9,2.1,1012,出来高増2.1倍 / 開示[業績予想の修正](1日前)
9301,三菱倉庫,倉庫・運輸関連業,5.6,★☆☆☆☆,0.0,0.0,0.0,0.0,3.2,0.0,2.4,0.0,,,0.0,-2.6,2.8,-2.9,1448,1533.0,-4.4,0.2,1571,開示[自己株式の取得](3日前)
7731,ニコン,精密機器,5.6,★☆☆☆☆,4.6,0.0,0.0,0.0,1.0,0.0,0.0,0.0,,Intel,-3.1,-6.2,4.9,-7.5,1769,1959.5,2.6,0.4,3804,Intel+9.7%連動(β0.19)
9418,Ｕ－ＮＥＸＴ　ＨＯＬＤＩＮＧＳ,情報・通信業,5.5,★☆☆☆☆,0.0,0.0,0.0,0.0,5.5,0.0,0.0,0.0,,,0.0,2.3,2.5,0.9,1639,1725.0,0.8,0.3,1074,MA上昇配列
5210,日本山村硝子,ガラス・土石製品,5.5,★☆☆☆☆,0.0,0.0,0.0,0.0,5.5,0.0,0.0,0.0,,,0.0,2.9,2.2,0.7,2700,2824.0,2.2,0.2,134,MA上昇配列
4481,ベース,情報・通信業,5.5,★☆☆☆☆,0.0,0.0,0.0,0.0,5.5,0.0,0.0,0.0,,,0.0,5.2,2.0,0.9,3030,3155.0,-1.9,0.2,270,MA上昇配列
7148,ＦＰＧ,証券、商品先物取引業,5.5,★☆☆☆☆,0.0,0.0,0.0,0.0,5.5,0.0,0.0,0.0,,,0.0,7.5,2.9,1.8,1536,1631.0,-4.7,0.1,898,MA上昇配列
7226,極東開発工業,輸送用機器,5.5,★☆☆☆☆,0.0,0.0,2.0,0.0,3.5,0.0,0.0,0.0,,,0.0,6.5,2.0,1.6,2250,2345.0,-0.4,0.6,459,-
1929,日特建設,建設業,5.5,★☆☆☆☆,0.0,0.0,0.0,0.0,5.5,0.0,0.0,0.0,,,0.0,3.8,1.7,0.2,1095,1135.0,-0.7,0.1,109,MA上昇配列
3844,コムチュア,情報・通信業,5.5,★☆☆☆☆,0.0,0.0,0.0,0.0,5.5,0.0,0.0,0.0,,,0.0,7.4,2.0,2.2,1357,1414.0,-1.1,0.2,240,MA上昇配列
4088,エア・ウォーター,化学,5.5,★☆☆☆☆,0.0,0.0,2.0,0.0,3.5,0.0,0.0,0.0,,,0.0,0.7,3.2,-0.4,2419,2584.0,2.7,0.1,2426,-
3626,ＴＩＳＩ,情報・通信業,5.5,★☆☆☆☆,0.0,0.0,0.0,0.0,5.5,0.0,0.0,0.0,,,0.0,8.2,3.4,3.0,3420,3671.0,-2.9,0.1,3792,MA上昇配列
4914,高砂香料工業,化学,5.5,★☆☆☆☆,0.0,0.0,0.0,0.0,5.5,0.0,0.0,0.0,,,0.0,7.8,2.0,3.2,1174,1224.0,1.2,0.4,187,MA上昇配列
5741,ＵＡＣＪ,非鉄金属,5.5,★☆☆☆☆,0.0,0.0,0.0,0.0,2.7,0.0,2.8,0.0,,,0.0,-1.6,5.2,-0.5,2149,2399.0,1.9,0.4,1941,開示[増配](1日前)
1407,ウエストホールディングス,建設業,5.5,★☆☆☆☆,0.0,0.0,2.0,0.0,3.5,0.0,0.0,0.0,,,0.0,21.5,6.4,5.9,2362,2708.0,7.1,0.1,2022,-
7419,ノジマ,小売業,5.4,★☆☆☆☆,0.0,0.0,0.0,0.0,2.2,0.0,3.2,0.0,,,0.0,0.5,3.9,-2.9,1213,1316.0,0.8,0.1,1257,開示[自己株式の取得](4日前) / 開示[業績予想の修正](8日前)
5332,ＴＯＴＯ,ガラス・土石製品,5.4,★☆☆☆☆,5.4,0.0,0.0,0.0,0.0,0.0,0.0,0.0,,Skyworks,-3.7,-17.2,5.2,-12.2,5857,6530.0,-6.8,0.1,9703,Skyworks+9.1%連動(β0.24)
3103,ユニチカ,繊維製品,5.300000000000001,★☆☆☆☆,0.0,0.0,5.3,0.0,5.0,0.0,0.0,-5.0,,,0.0,25.9,8.2,24.5,961,1149.0,38.4,1.7,4317,買い出来高優勢 / 過熱⚠25MA+24%
4526,理研ビタミン,食料品,5.300000000000001,★☆☆☆☆,0.0,0.0,0.0,0.0,3.2,0.0,2.1,0.0,,,0.0,2.1,2.0,-0.7,3005,3130.0,-2.5,0.1,197,開示[自己株式の取得](4日前)
8242,エイチ・ツー・オー　リテイリング,小売業,5.300000000000001,★☆☆☆☆,0.0,0.0,0.0,0.0,3.2,0.0,2.1,0.0,,,0.0,1.1,3.4,-1.3,2614,2803.5,-2.1,0.1,1242,開示[自己株式の取得](4日前)
6703,沖電気工業,電気機器,5.3,★☆☆☆☆,5.3,0.0,0.0,0.0,0.0,0.0,0.0,0.0,,SOX指数,0.6,-17.2,6.6,-11.8,2446,2819.0,2.5,0.2,2595,SOX指数+5.4%連動(β0.26) 未反応+0.6%
4320,ＣＥホールディングス,情報・通信業,5.3,★☆☆☆☆,0.0,0.0,4.3,0.0,1.0,0.0,0.0,0.0,,,0.0,-3.4,2.8,-4.5,1557,1648.0,-1.6,2.5,147,出来高増2.5倍
7138,ＴＯＲＩＣＯ,小売業,5.3,★☆☆☆☆,0.0,0.0,5.3,0.0,0.0,0.0,0.0,0.0,,,0.0,-2.9,8.7,-7.3,103,125.0,0.8,0.0,248,買い出来高優勢 / 資金流入増
9974,ベルク,小売業,5.2,★☆☆☆☆,0.0,0.0,0.0,0.0,5.2,0.0,0.0,0.0,,,0.0,0.3,2.5,0.1,6229,6550.0,-1.7,0.2,214,MA上昇配列
1379,ホクト,水産・農林業,5.2,★☆☆☆☆,0.0,0.0,2.0,0.0,3.2,0.0,0.0,0.0,,,0.0,2.3,1.8,-0.4,1848,1916.0,-1.8,0.2,150,-
2053,中部飼料,食料品,5.2,★☆☆☆☆,0.0,0.0,2.0,0.0,3.2,0.0,0.0,0.0,,,0.0,1.6,1.9,-1.2,1827,1900.0,0.5,0.1,116,-
2471,エスプール,サービス業,5.2,★☆☆☆☆,0.0,0.0,1.0,0.0,4.2,0.0,0.0,0.0,,,0.0,2.4,2.5,0.2,256,270.0,-0.4,0.1,134,MA上昇配列
5253,カバー,情報・通信業,5.2,★☆☆☆☆,0.0,0.0,1.0,0.0,4.2,0.0,0.0,0.0,,,0.0,1.0,8.0,1.5,1352,1610.0,10.3,0.2,3760,MA上昇配列
4816,東映アニメーション,情報・通信業,5.2,★☆☆☆☆,0.0,0.0,1.0,0.0,4.2,0.0,0.0,0.0,,,0.0,8.4,4.7,2.8,2568,2836.0,-3.5,0.1,1236,MA上昇配列
1911,住友林業,建設業,5.2,★☆☆☆☆,0.0,0.0,1.0,0.0,4.2,0.0,0.0,0.0,,,0.0,5.0,2.4,0.5,1291,1356.0,0.6,0.2,4352,MA上昇配列
1928,積水ハウス,建設業,5.2,★☆☆☆☆,0.0,0.0,2.0,0.0,3.2,0.0,0.0,0.0,,,0.0,3.6,2.1,-0.3,3306,3448.0,-1.1,0.1,10368,-
9842,アークランズ,小売業,5.2,★☆☆☆☆,0.0,0.0,2.0,0.0,3.2,0.0,0.0,0.0,,,0.0,3.1,2.4,-0.2,1800,1891.0,-1.2,0.5,612,資金流入増
8227,しまむら,小売業,5.2,★☆☆☆☆,0.0,0.0,1.0,0.0,4.2,0.0,0.0,0.0,,,0.0,1.5,2.5,0.6,3237,3405.0,1.6,0.2,2343,MA上昇配列
8848,レオパレス２１,不動産業,5.2,★☆☆☆☆,0.0,0.0,0.0,0.0,5.2,0.0,0.0,0.0,,,0.0,3.6,2.2,0.9,644,674.0,-0.4,0.1,662,MA上昇配列
7611,ハイデイ日高,小売業,5.2,★☆☆☆☆,0.0,0.0,1.0,0.0,4.2,0.0,0.0,0.0,,,0.0,6.3,2.3,2.2,2731,2863.0,-0.6,0.6,594,MA上昇配列
3391,ツルハホールディングス,小売業,5.2,★☆☆☆☆,0.0,0.0,0.0,0.0,5.2,0.0,0.0,0.0,,,0.0,3.9,3.0,0.9,2250,2395.5,-1.2,0.1,3671,MA上昇配列
3880,大王製紙,パルプ・紙,5.2,★☆☆☆☆,0.0,0.0,1.0,0.0,4.2,0.0,0.0,0.0,,,0.0,8.0,2.4,1.2,932,978.0,-1.4,0.2,225,MA上昇配列
4165,プレイド,情報・通信業,5.2,★☆☆☆☆,0.0,0.0,1.0,0.0,4.2,0.0,0.0,0.0,,,0.0,11.3,4.0,3.7,542,589.0,1.9,0.1,168,MA上昇配列
7545,西松屋チェーン,小売業,5.2,★☆☆☆☆,0.0,0.0,1.0,0.0,4.2,0.0,0.0,0.0,,,0.0,2.5,2.1,1.0,1938,2023.0,1.6,0.8,695,MA上昇配列
3865,北越コーポレーション,パルプ・紙,5.2,★☆☆☆☆,0.0,0.0,1.0,0.0,4.2,0.0,0.0,0.0,,,0.0,10.1,2.7,1.8,876,925.0,0.9,0.6,208,MA上昇配列
4819,デジタルガレージ,情報・通信業,5.2,★☆☆☆☆,0.0,0.0,1.0,0.0,4.2,0.0,0.0,0.0,,,0.0,13.3,3.8,2.1,2137,2311.0,-4.1,0.1,655,MA上昇配列
4848,フルキャストホールディングス,サービス業,5.2,★☆☆☆☆,0.0,0.0,1.0,0.0,4.2,0.0,0.0,0.0,,,0.0,6.5,2.1,0.8,1590,1661.0,-3.9,0.1,174,MA上昇配列
8914,エリアリンク,不動産業,5.2,★☆☆☆☆,0.0,0.0,3.0,0.0,2.2,0.0,0.0,0.0,,,0.0,8.7,4.6,1.9,836,921.0,-7.6,0.2,142,-
1803,清水建設,建設業,5.1,★☆☆☆☆,0.0,0.0,0.0,0.0,2.7,0.0,2.4,0.0,,,0.0,-0.4,4.4,-1.8,2209,2422.0,1.8,0.1,8651,開示[業績予想の修正](8日前) / 開示[自己株式取得](8日前)
2334,イオレ,サービス業,5.0,★☆☆☆☆,0.0,0.0,0.0,0.0,5.0,0.0,0.0,0.0,,,0.0,-0.1,4.8,3.0,489,541.0,19.4,0.2,530,-
2325,ＮＪＳ,サービス業,5.0,★☆☆☆☆,0.0,0.0,0.0,0.0,5.0,0.0,0.0,0.0,,,0.0,5.1,2.4,1.5,4275,4490.0,1.1,0.1,114,-
6838,多摩川ホールディングス,電気機器,5.0,★☆☆☆☆,0.0,0.0,0.0,0.0,5.0,0.0,0.0,0.0,,,0.0,-1.4,5.8,1.7,1296,1467.0,13.7,0.2,341,-
6366,千代田化工建設,建設業,5.0,★☆☆☆☆,0.0,0.0,0.0,0.0,5.0,0.0,0.0,0.0,,,0.0,1.8,5.0,0.3,619,688.0,4.4,0.1,1806,-
9551,メタウォーター,電気・ガス業,5.0,★☆☆☆☆,0.0,0.0,0.0,0.0,5.0,0.0,0.0,0.0,,,0.0,2.2,3.5,1.7,3027,3255.0,5.5,0.2,463,-
3915,テラスカイ,情報・通信業,5.0,★☆☆☆☆,0.0,0.0,0.0,0.0,5.0,0.0,0.0,0.0,,,0.0,-3.7,4.2,0.6,2041,2226.0,7.1,0.1,418,-
3741,セック,情報・通信業,5.0,★☆☆☆☆,0.0,0.0,0.0,0.0,5.0,0.0,0.0,0.0,,,0.0,2.4,3.3,1.6,2860,3060.0,3.3,0.1,271,-
4107,伊勢化学工業,化学,5.0,★☆☆☆☆,0.0,0.0,0.0,0.0,5.0,0.0,0.0,0.0,,,0.0,2.0,4.1,2.0,3413,3715.0,9.9,0.2,760,-
7409,ＡｅｒｏＥｄｇｅ,輸送用機器,5.0,★☆☆☆☆,0.0,0.0,0.0,0.0,5.0,0.0,0.0,0.0,,,0.0,4.0,5.8,2.0,1425,1611.0,3.0,0.2,261,-
135A,ＶＲＡＩＮ　Ｓｏｌｕｔｉｏｎ,情報・通信業,5.0,★☆☆☆☆,0.0,0.0,0.0,0.0,5.0,0.0,0.0,0.0,,,0.0,-4.0,4.5,0.8,3604,3960.0,7.5,0.3,338,-
6666,リバーエレテック,電気機器,5.0,★☆☆☆☆,0.0,0.0,0.0,0.0,5.0,0.0,0.0,0.0,,,0.0,7.4,7.1,5.3,707,824.0,6.0,0.1,131,-
2153,Ｅ・Ｊホールディングス,サービス業,5.0,★☆☆☆☆,0.0,0.0,0.0,0.0,5.0,0.0,0.0,0.0,,,0.0,6.2,1.3,0.8,1698,1744.0,-0.1,0.1,109,MA上昇配列
2585,ライフドリンク　カンパニー,食料品,5.0,★☆☆☆☆,0.0,0.0,0.0,0.0,5.0,0.0,0.0,0.0,,,0.0,0.2,3.8,0.9,1386,1499.0,3.7,0.1,759,-
7921,ＴＡＫＡＲＡ　＆　ＣＯＭＰＡＮＹ,その他製品,5.0,★☆☆☆☆,0.0,0.0,1.0,0.0,4.0,0.0,0.0,0.0,,,0.0,1.2,3.1,0.2,3926,4190.0,-1.6,0.0,222,MA上昇配列
5563,新日本電工,鉄鋼,5.0,★☆☆☆☆,0.0,0.0,0.0,0.0,5.0,0.0,0.0,0.0,,,0.0,7.7,4.8,2.9,395,437.0,2.1,0.2,403,-
4499,Ｓｐｅｅｅ,情報・通信業,5.0,★☆☆☆☆,0.0,0.0,0.0,0.0,5.0,0.0,0.0,0.0,,,0.0,4.4,4.2,2.9,2076,2265.0,3.1,0.1,186,-
4825,ウェザーニューズ,情報・通信業,5.0,★☆☆☆☆,0.0,0.0,0.0,0.0,5.0,0.0,0.0,0.0,,,0.0,-1.9,1.7,-0.6,1912,1980.0,-1.7,0.2,436,-
3810,サイバーステップホールディングス,情報・通信業,5.0,★☆☆☆☆,0.0,0.0,0.0,0.0,5.0,0.0,0.0,0.0,,,0.0,2.4,6.1,6.3,164,187.0,21.4,0.5,261,-
5842,インテグラル,証券、商品先物取引業,5.0,★☆☆☆☆,0.0,0.0,1.0,0.0,4.0,0.0,0.0,0.0,,,0.0,3.3,3.4,-0.5,2657,2853.0,-2.7,0.1,237,-
6864,エヌエフホールディングス,電気機器,5.0,★☆☆☆☆,0.0,0.0,1.0,0.0,4.0,0.0,0.0,0.0,,,0.0,-1.4,4.6,-0.6,1400,1541.0,6.0,0.2,101,-
1946,トーエネック,建設業,5.0,★☆☆☆☆,0.0,0.0,0.0,0.0,5.0,0.0,0.0,0.0,,,0.0,-2.4,3.7,-0.5,1952,2106.0,2.7,0.2,412,-
6255,エヌ・ピー・シー,機械,5.0,★☆☆☆☆,0.0,0.0,0.0,0.0,5.0,0.0,0.0,0.0,,,0.0,2.8,5.7,4.6,615,694.0,5.8,0.1,220,-
1945,東京エネシス,建設業,5.0,★☆☆☆☆,0.0,0.0,0.0,0.0,5.0,0.0,0.0,0.0,,,0.0,2.0,3.5,0.8,1907,2048.0,2.7,0.9,430,-
5333,ＮＧＫ,ガラス・土石製品,4.9,★☆☆☆☆,4.9,0.0,0.0,0.0,0.0,0.0,0.0,0.0,,Coherent,-1.5,-16.5,5.8,-8.5,5053,5722.0,2.3,0.1,11279,Coherent+16.0%連動(β0.12)
2127,日本Ｍ＆Ａセンターホールディングス,サービス業,4.9,★☆☆☆☆,4.9,0.0,0.0,0.0,0.0,0.0,0.0,0.0,,S&P500,0.8,-2.9,2.8,-4.0,605,640.9000244140625,0.5,0.1,1409,S&P500+1.4%連動(β0.71) 未反応+0.8%
3480,ジェイ・エス・ビー,不動産業,4.7,★☆☆☆☆,0.0,0.0,0.0,0.0,4.7,0.0,0.0,0.0,,,0.0,2.4,1.1,-0.2,8781,8980.0,-2.7,0.2,458,52週高値目前
7564,ワークマン,小売業,4.7,★☆☆☆☆,0.0,0.0,1.0,0.0,3.7,0.0,0.0,0.0,,,0.0,6.4,2.9,4.4,5837,6190.0,5.5,0.2,2519,-
6277,ホソカワミクロン,機械,4.7,★☆☆☆☆,0.0,0.0,0.0,0.0,4.7,0.0,0.0,0.0,,,0.0,9.8,2.7,4.8,4938,5220.0,3.8,0.3,177,-
9983,ファーストリテイリング,小売業,4.7,★☆☆☆☆,0.0,0.0,0.0,0.0,4.7,0.0,0.0,0.0,,,0.0,-3.9,2.8,-0.8,75427,79840.0,2.1,0.2,100113,-
3825,リミックスポイント,小売業,4.7,★☆☆☆☆,0.0,0.0,0.0,0.0,4.7,0.0,0.0,0.0,,,0.0,7.6,3.7,2.0,188,203.0,3.6,0.1,153,-
1938,日本リーテック,建設業,4.7,★☆☆☆☆,0.0,0.0,2.0,0.0,2.7,0.0,0.0,0.0,,,0.0,-2.0,3.2,-3.0,2291,2449.0,1.1,0.6,247,-
6858,小野測器,電気機器,4.7,★☆☆☆☆,0.0,0.0,1.0,0.0,3.7,0.0,0.0,0.0,,,0.0,-1.0,4.3,-1.5,767,839.0,5.3,0.0,140,-
5989,エイチワン,金属製品,4.7,★☆☆☆☆,0.0,0.0,4.7,0.0,0.0,0.0,0.0,0.0,,,0.0,-8.1,3.6,-8.9,1325,1427.0,-7.6,3.1,216,出来高急増3.1倍
5702,大紀アルミニウム工業所,非鉄金属,4.7,★☆☆☆☆,0.0,0.0,2.0,0.0,5.7,0.0,0.0,-3.0,,,0.0,24.0,3.7,17.6,1656,1790.0,20.9,0.3,571,伸びすぎ注意(25MA+18%)
6013,タクマ,機械,4.6,★☆☆☆☆,0.0,0.0,0.0,0.0,2.2,0.0,2.4,0.0,,,0.0,-3.1,2.9,-4.9,3084,3275.0,-3.4,0.3,670,開示[自己株式の取得](3日前)
9147,ＮＩＰＰＯＮ　ＥＸＰＲＥＳＳホールディングス,陸運業,4.6,★☆☆☆☆,0.0,0.0,0.0,0.0,2.0,0.0,2.6,0.0,,,0.0,-3.0,2.4,-4.2,4903,5149.0,-2.4,0.1,5499,開示[自己株式の取得](2日前)
8103,明和産業,卸売業,4.6,★☆☆☆☆,0.0,0.0,0.0,0.0,2.2,0.0,2.4,0.0,,,0.0,1.9,1.9,-0.2,872,906.0,0.4,0.1,164,開示[自己株式の取得](3日前)
9065,山九,陸運業,4.6,★☆☆☆☆,0.0,0.0,0.0,0.0,2.2,0.0,2.4,0.0,,,0.0,0.7,2.8,-3.6,8156,8634.0,-8.8,0.2,1990,開示[自己株式の取得](3日前)
2579,コカ・コーラ　ボトラーズジャパンホールディングス,食料品,4.6,★☆☆☆☆,0.0,0.0,0.0,0.0,1.0,0.0,3.6,0.0,,,0.0,-4.1,4.6,-6.8,3555,3919.0,2.4,0.1,4151,開示[自己株式の取得](3日前) / 開示[自己株式取得](8日前)
9534,北海道瓦斯,電気・ガス業,4.5,★☆☆☆☆,0.0,0.0,0.0,0.0,3.2,0.0,1.3,0.0,,,0.0,4.6,2.1,1.1,750,783.0,1.4,0.1,102,開示[自己株式取得](8日前)
2264,森永乳業,食料品,4.5,★☆☆☆☆,0.0,0.0,0.0,0.0,4.5,0.0,0.0,0.0,,,0.0,-1.2,3.6,-0.1,1150,1240.0,4.1,0.2,2257,-
7483,ドウシシャ,卸売業,4.5,★☆☆☆☆,0.0,0.0,0.0,0.0,4.5,0.0,0.0,0.0,,,0.0,5.1,1.9,1.5,2890,3005.0,0.6,0.2,204,-
1870,矢作建設工業,建設業,4.5,★☆☆☆☆,0.0,0.0,1.0,0.0,3.5,0.0,0.0,0.0,,,0.0,4.4,1.3,0.5,1849,1900.0,-0.4,0.1,235,-
5019,出光興産,石油・石炭製品,4.5,★☆☆☆☆,0.0,0.0,1.0,0.0,3.5,0.0,0.0,0.0,,,0.0,9.0,2.6,3.9,1257,1325.5,1.1,0.3,4318,-
4424,Ａｍａｚｉａ,情報・通信業,4.5,★☆☆☆☆,0.0,0.0,2.0,0.0,2.5,0.0,0.0,0.0,,,0.0,11.6,18.0,-1.3,221,345.0,-9.0,0.1,647,資金流入増
6807,日本航空電子工業,電気機器,4.5,★☆☆☆☆,3.3,0.0,0.0,0.0,1.2,0.0,0.0,0.0,,Qorvo,-0.4,3.2,3.1,-1.2,2219,2368.0,-0.4,0.2,690,Qorvo+6.5%連動(β0.20)
4293,セプテーニ・ホールディングス,サービス業,4.5,★☆☆☆☆,0.0,0.0,0.0,0.0,2.2,0.0,2.3,0.0,,,0.0,1.8,3.3,-3.0,456,489.0,-5.0,0.9,252,開示[業績予想の修正](1日前)
8522,名古屋銀行,銀行業,4.5,★☆☆☆☆,0.0,0.0,0.0,0.0,4.5,0.0,0.0,0.0,,,0.0,1.8,4.1,-1.2,5926,6460.0,-0.8,0.1,1003,-
7994,オカムラ,その他製品,4.5,★☆☆☆☆,0.0,0.0,0.0,0.0,4.5,0.0,0.0,0.0,,,0.0,4.2,1.8,0.3,2219,2300.0,-1.7,0.1,733,-
9672,東京都競馬,サービス業,4.5,★☆☆☆☆,0.0,0.0,0.0,0.0,4.5,0.0,0.0,0.0,,,0.0,5.8,1.9,1.6,4807,4995.0,-0.7,0.1,477,-
1605,ＩＮＰＥＸ,鉱業,4.5,★☆☆☆☆,0.0,0.0,1.0,0.0,3.5,0.0,0.0,0.0,,,0.0,5.4,2.8,1.1,3331,3531.0,-2.6,0.3,15369,-
8337,千葉興業銀行,銀行業,4.5,★☆☆☆☆,0.0,0.0,0.0,0.0,4.5,0.0,0.0,0.0,,,0.0,-0.5,3.9,-1.3,2413,2617.0,0.2,0.3,338,-
9882,イエローハット,卸売業,4.4,★☆☆☆☆,0.0,0.0,0.0,0.0,2.0,0.0,2.4,0.0,,,0.0,-1.7,2.2,-2.8,1678,1753.0,-3.1,0.1,349,開示[自己株式の取得](3日前)
3663,セルシス,情報・通信業,4.4,★☆☆☆☆,0.0,0.0,1.0,0.0,2.2,0.0,1.2,0.0,,,0.0,-4.7,5.0,-2.5,1653,1835.0,6.5,0.1,585,開示[業績予想の修正](7日前)
2810,ハウス食品グループ本社,食料品,4.4,★☆☆☆☆,0.0,0.0,0.0,0.0,2.0,0.0,2.4,0.0,,,0.0,-1.0,2.7,-3.2,3546,3751.0,-3.2,0.1,1022,開示[自己株式の取得](3日前)
3191,ジョイフル本田,小売業,4.300000000000001,★☆☆☆☆,0.0,0.0,0.0,0.0,2.2,0.0,2.1,0.0,,,0.0,2.1,3.6,-3.0,2078,2239.0,-10.2,0.1,540,開示[増配](4日前)
2282,日本ハム,食料品,4.300000000000001,★☆☆☆☆,0.0,0.0,0.0,0.0,2.2,0.0,2.1,0.0,,,0.0,0.1,3.1,-2.3,5696,6079.0,-2.7,0.2,3838,開示[自己株式の取得](4日前)
9759,ＮＳＤ,情報・通信業,4.300000000000001,★☆☆☆☆,0.0,0.0,1.0,0.0,1.2,0.0,2.1,0.0,,,0.0,4.2,3.2,-0.5,2534,2705.0,-4.5,0.1,839,開示[自己株式の取得](4日前)
2875,東洋水産,食料品,4.300000000000001,★☆☆☆☆,0.0,0.0,0.0,0.0,2.2,0.0,2.1,0.0,,,0.0,0.9,3.5,-0.9,9846,10580.0,2.1,0.2,4855,開示[自己株式の取得](4日前)
5929,三和ホールディングス,金属製品,4.300000000000001,★☆☆☆☆,0.0,0.0,1.0,0.0,1.2,0.0,2.1,0.0,,,0.0,1.5,3.4,-1.3,3440,3690.0,7.2,0.2,2427,開示[自己株式の取得](4日前)
8818,京阪神ビルディング,不動産業,4.300000000000001,★☆☆☆☆,0.0,0.0,0.0,0.0,3.2,0.0,1.1,0.0,,,0.0,-4.6,3.1,-3.9,1003,1069.0,-7.0,0.2,408,開示[業績予想の修正](8日前)
7270,ＳＵＢＡＲＵ,輸送用機器,4.300000000000001,★☆☆☆☆,0.0,0.0,1.0,0.0,1.2,0.0,2.1,0.0,,,0.0,5.7,3.8,-0.4,2375,2570.5,-5.3,0.2,11740,開示[自己株式の取得](4日前)
276A,ククレブ・アドバイザーズ,不動産業,4.3,★☆☆☆☆,0.0,0.0,4.3,0.0,0.0,0.0,0.0,0.0,,,0.0,4.6,4.9,-1.9,3097,3430.0,-1.3,0.1,197,買い出来高優勢
7760,ＩＭＶ,精密機器,4.3,★☆☆☆☆,0.0,0.0,4.3,0.0,0.0,0.0,0.0,0.0,,,0.0,-20.6,9.5,-18.2,1611,1987.0,-14.2,2.7,264,出来高増2.7倍
5644,メタルアート,鉄鋼,4.3,★☆☆☆☆,0.0,0.0,0.0,0.0,2.0,0.0,2.3,0.0,,,0.0,-2.6,2.4,-3.6,6927,7270.0,0.3,0.2,230,開示[業績予想の修正](1日前)
4042,東ソー,化学,4.2,★☆☆☆☆,0.0,0.0,0.0,0.0,2.2,0.0,2.0,0.0,,,0.0,2.8,2.9,-1.0,2559,2718.5,0.3,0.1,4031,開示[業績予想の修正](3日前)
8584,ジャックス,その他金融業,4.2,★☆☆☆☆,0.0,0.0,0.0,0.0,4.2,0.0,0.0,0.0,,,0.0,4.4,2.2,0.5,3569,3730.0,-0.4,0.3,421,MA上昇配列
9044,ＮＡＮＫＡＩ,陸運業,4.2,★☆☆☆☆,0.0,0.0,2.0,0.0,2.2,0.0,0.0,0.0,,,0.0,-0.3,3.1,-2.2,2708,2889.5,-3.4,0.1,773,-
8804,東京建物,不動産業,4.2,★☆☆☆☆,0.0,0.0,0.0,0.0,4.2,0.0,0.0,0.0,,,0.0,4.0,2.7,0.3,3233,3415.0,0.8,0.3,3143,MA上昇配列
4743,アイティフォー,情報・通信業,4.2,★☆☆☆☆,0.0,0.0,1.0,0.0,3.2,0.0,0.0,0.0,,,0.0,1.0,2.0,-0.5,1612,1678.0,-2.6,0.2,111,-
2296,伊藤ハム米久ホールディングス,食料品,4.2,★☆☆☆☆,0.0,0.0,2.0,0.0,2.2,0.0,0.0,0.0,,,0.0,3.6,2.2,0.9,4717,4930.0,0.5,0.1,734,-
9031,西日本鉄道,陸運業,4.2,★☆☆☆☆,0.0,0.0,1.0,0.0,3.2,0.0,0.0,0.0,,,0.0,4.1,2.6,-0.5,2891,3049.0,-2.3,0.3,596,-
3245,ディア・ライフ,不動産業,4.2,★☆☆☆☆,0.0,0.0,0.0,0.0,4.2,0.0,0.0,0.0,,,0.0,4.3,1.7,0.5,1050,1086.0,-0.5,0.2,268,MA上昇配列
9663,ナガワ,サービス業,4.2,★☆☆☆☆,0.0,0.0,0.0,0.0,4.2,0.0,0.0,0.0,,,0.0,4.9,2.3,0.3,4881,5120.0,-1.3,0.1,105,MA上昇配列
3989,シェアリングテクノロジー,情報・通信業,4.2,★☆☆☆☆,0.0,0.0,1.0,0.0,3.2,0.0,0.0,0.0,,,0.0,1.9,3.1,-0.6,1309,1395.0,4.1,0.1,228,-
8537,大光銀行,銀行業,4.2,★☆☆☆☆,0.0,0.0,2.0,0.0,2.2,0.0,0.0,0.0,,,0.0,2.7,3.4,-1.2,2514,2699.0,4.1,0.1,128,-
8273,イズミ,小売業,4.2,★☆☆☆☆,0.0,0.0,0.0,0.0,4.2,0.0,0.0,0.0,,,0.0,3.2,2.3,0.1,951,998.0,-0.3,0.2,440,MA上昇配列
4595,ミズホメディー,医薬品,4.2,★☆☆☆☆,0.0,0.0,1.0,0.0,3.2,0.0,0.0,0.0,,,0.0,2.5,1.1,0.4,1639,1675.0,-0.1,0.4,113,-
4559,ゼリア新薬工業,医薬品,4.2,★☆☆☆☆,0.0,0.0,2.0,0.0,2.2,0.0,0.0,0.0,,,0.0,-0.9,2.3,-3.1,1921,2014.0,-3.6,1.7,180,-
3291,飯田グループホールディングス,不動産業,4.2,★☆☆☆☆,0.0,0.0,2.0,0.0,2.2,0.0,0.0,0.0,,,0.0,3.3,2.1,-0.4,2145,2238.0,-2.2,0.2,1189,-
9887,松屋フーズホールディングス,小売業,4.2,★☆☆☆☆,0.0,0.0,0.0,0.0,4.2,0.0,0.0,0.0,,,0.0,5.2,2.6,1.3,4783,5040.0,0.6,0.3,307,MA上昇配列
8157,都築電気,情報・通信業,4.2,★☆☆☆☆,0.0,0.0,1.0,0.0,3.2,0.0,0.0,0.0,,,0.0,1.9,3.6,-0.5,3699,3985.0,4.3,0.2,203,-
3765,ガンホー・オンライン・エンターテイメント,情報・通信業,4.2,★☆☆☆☆,0.0,0.0,0.0,0.0,4.2,0.0,0.0,0.0,,,0.0,3.5,2.8,0.1,2248,2380.0,-1.7,0.1,595,MA上昇配列
9009,京成電鉄,陸運業,4.2,★☆☆☆☆,0.0,0.0,0.0,0.0,4.2,0.0,0.0,0.0,,,0.0,5.7,2.9,1.1,1201,1274.0,-0.4,0.1,2215,MA上昇配列
9090,ＡＺ－ＣＯＭ丸和ホールディングス,陸運業,4.2,★☆☆☆☆,0.0,0.0,3.0,0.0,1.2,0.0,0.0,0.0,,,0.0,9.4,3.8,-0.7,801,866.0,-6.0,0.6,516,資金流入増
3387,クリエイト・レストランツ・ホールディングス,小売業,4.2,★☆☆☆☆,0.0,0.0,1.0,0.0,3.2,0.0,0.0,0.0,,,0.0,4.4,2.9,-0.9,717,761.0,-2.3,0.4,1329,-
7912,大日本印刷,その他製品,4.1,★☆☆☆☆,0.0,0.0,0.0,0.0,2.0,0.0,2.1,0.0,,,0.0,0.0,2.7,-0.5,2905,3068.0,5.0,0.1,4763,開示[自己株式の取得](4日前)
3151,バイタルケーエスケー・ホールディングス,卸売業,4.1,★☆☆☆☆,0.0,0.0,0.0,0.0,2.0,0.0,2.1,0.0,,,0.0,2.8,2.7,-2.8,1486,1571.0,-6.3,0.1,133,開示[自己株式の取得](4日前)
9039,サカイ引越センター,陸運業,4.0,★☆☆☆☆,0.0,0.0,2.0,0.0,2.0,0.0,0.0,0.0,,,0.0,2.0,1.9,-1.5,2790,2900.0,-2.6,0.2,193,-
1963,日揮ホールディングス,建設業,4.0,★☆☆☆☆,0.0,0.0,0.0,0.0,4.0,0.0,0.0,0.0,,,0.0,0.4,3.3,-1.3,2139,2287.5,1.2,0.1,3547,-
7868,広済堂ホールディングス,その他製品,4.0,★☆☆☆☆,0.0,0.0,0.0,0.0,4.0,0.0,0.0,0.0,,,0.0,-2.3,2.7,-1.8,494,523.0,3.6,0.3,286,-
6072,地盤ネットホールディングス,サービス業,4.0,★☆☆☆☆,0.0,0.0,0.0,0.0,4.0,0.0,0.0,0.0,,,0.0,-4.9,5.7,-2.5,820,927.0,-0.5,0.1,521,-
464A,ＱＰＳホールディングス,情報・通信業,4.0,★☆☆☆☆,0.0,0.0,0.0,0.0,4.0,0.0,0.0,0.0,,,0.0,-5.4,6.0,-0.3,1482,1683.0,9.5,0.2,2563,-
7906,ヨネックス,その他製品,4.0,★☆☆☆☆,0.0,0.0,1.0,0.0,3.0,0.0,0.0,0.0,,,0.0,5.9,3.2,0.7,2393,2557.0,-1.8,0.3,1124,MA上昇配列
9831,ヤマダホールディングス,小売業,4.0,★☆☆☆☆,0.0,0.0,3.0,0.0,1.0,0.0,0.0,0.0,,,0.0,4.0,3.6,-2.9,623,671.2000122070312,-5.9,0.2,3801,-
1968,太平電業,建設業,4.0,★☆☆☆☆,0.0,0.0,0.0,0.0,4.0,0.0,0.0,0.0,,,0.0,-0.9,3.6,-1.5,2259,2435.0,0.5,0.6,385,-
3853,アステリア,情報・通信業,4.0,★☆☆☆☆,0.0,0.0,0.0,0.0,4.0,0.0,0.0,0.0,,,0.0,2.3,3.8,-0.5,1009,1092.0,5.1,0.1,239,-
6331,三菱化工機,機械,3.9000000000000004,★☆☆☆☆,0.0,0.0,0.0,0.0,2.7,0.0,1.2,0.0,,,0.0,-5.8,4.5,-5.1,2918,3205.0,1.6,0.2,706,開示[業績予想の修正](7日前)
2780,コメ兵ホールディングス,小売業,3.9000000000000004,★☆☆☆☆,0.0,0.0,0.0,0.0,3.2,0.0,0.7,0.0,,,0.0,1.1,3.2,0.4,4849,5180.0,2.6,0.2,252,開示[子会社化](9日前)
9543,静岡ガス,電気・ガス業,3.8,★☆☆☆☆,0.0,0.0,0.0,0.0,1.2,0.0,2.6,0.0,,,0.0,1.4,1.9,-0.5,1194,1241.0,-1.6,0.4,210,開示[増配](2日前)
1447,ＳＡＡＦホールディングス,建設業,3.8,★☆☆☆☆,0.0,0.0,2.0,0.0,0.0,0.0,1.8,0.0,,,0.0,-4.6,6.3,-3.8,315,360.0,-3.7,0.0,162,開示[買収](4日前) / 開示[買収](14日前)
9072,ニッコンホールディングス,陸運業,3.7,★☆☆☆☆,0.0,0.0,0.0,0.0,3.7,0.0,0.0,0.0,,,0.0,-0.4,2.5,0.0,5021,5290.0,4.9,0.2,1015,-
1434,ＪＥＳＣＯホールディングス,建設業,3.7,★☆☆☆☆,0.0,0.0,1.0,0.0,2.7,0.0,0.0,0.0,,,0.0,-2.7,3.6,-2.5,1600,1722.0,1.0,0.1,164,-
5074,テスホールディングス,建設業,3.7,★☆☆☆☆,0.0,0.0,0.0,0.0,3.7,0.0,0.0,0.0,,,0.0,1.8,6.9,2.5,671,779.0,14.9,0.2,1850,-
4973,日本高純度化学,化学,3.7,★☆☆☆☆,0.0,0.0,1.0,0.0,2.7,0.0,0.0,0.0,,,0.0,-5.1,5.6,-3.1,4121,4645.0,8.4,0.1,732,-
6877,ＯＢＡＲＡ　ＧＲＯＵＰ,電気機器,3.7,★☆☆☆☆,0.0,0.0,0.0,0.0,3.7,0.0,0.0,0.0,,,0.0,-2.4,4.9,-2.1,5226,5790.0,0.7,0.2,314,-
3046,ジンズホールディングス,小売業,3.7,★☆☆☆☆,0.0,0.0,1.0,0.0,2.7,0.0,0.0,0.0,,,0.0,-19.6,4.6,-9.1,5697,6270.0,-1.7,0.6,2725,-
9369,キユーソー流通システム,倉庫・運輸関連業,3.7,★☆☆☆☆,0.0,0.0,0.0,0.0,3.7,0.0,0.0,0.0,,,0.0,-7.5,2.9,-2.9,2792,2965.0,2.3,0.0,152,-
9270,バリュエンスホールディングス,卸売業,3.7,★☆☆☆☆,0.0,0.0,1.0,0.0,2.7,0.0,0.0,0.0,,,0.0,-3.9,4.5,-0.3,1820,2000.0,8.7,0.1,276,-
3692,ＦＦＲＩセキュリティ,情報・通信業,3.7,★☆☆☆☆,0.0,0.0,0.0,0.0,3.7,0.0,0.0,0.0,,,0.0,0.9,3.9,-0.1,4774,5180.0,-0.2,0.2,409,-
6629,テクノホライゾン,電気機器,3.7,★☆☆☆☆,0.0,0.0,0.0,0.0,3.7,0.0,0.0,0.0,,,0.0,3.2,5.1,0.3,888,989.0,8.3,0.1,286,開示[子会社化](14日前)
1941,中電工,建設業,3.7,★☆☆☆☆,0.0,0.0,0.0,0.0,3.7,0.0,0.0,0.0,,,0.0,-1.3,2.6,-2.0,4756,5020.0,1.2,0.4,381,-
9960,東テク,卸売業,3.7,★☆☆☆☆,0.0,0.0,0.0,0.0,3.7,0.0,0.0,0.0,,,0.0,-2.3,3.7,-0.7,3729,4025.0,4.0,0.4,317,-
1980,ダイダン,建設業,3.7,★☆☆☆☆,0.0,0.0,1.0,0.0,2.7,0.0,0.0,0.0,,,0.0,-4.2,5.5,-1.4,2322,2609.0,6.9,0.2,2085,-
6140,旭ダイヤモンド工業,機械,3.7,★☆☆☆☆,0.0,0.0,0.0,0.0,3.7,0.0,0.0,0.0,,,0.0,2.5,3.9,1.5,1082,1174.0,6.4,0.2,631,-
3101,東洋紡,化学,3.7,★☆☆☆☆,0.0,0.0,0.0,0.0,3.7,0.0,0.0,0.0,,,0.0,-6.3,5.2,-3.5,1434,1601.0,5.3,0.4,1219,-
4593,ヘリオス,医薬品,3.7,★☆☆☆☆,0.0,0.0,0.0,0.0,3.7,0.0,0.0,0.0,,,0.0,0.4,4.8,1.3,227,251.0,6.4,0.2,360,-
1663,Ｋ＆Ｏエナジーグループ,鉱業,3.7,★☆☆☆☆,0.0,0.0,1.0,0.0,2.7,0.0,0.0,0.0,,,0.0,1.3,2.2,-1.0,1732,1811.0,-0.7,0.2,363,-
6817,スミダコーポレーション,電気機器,3.7,★☆☆☆☆,3.7,0.0,0.0,0.0,0.0,0.0,0.0,0.0,,SOX指数,-3.0,-9.2,4.5,-8.4,1087,1194.0,-7.6,0.2,412,SOX指数+5.4%連動(β0.28)
3168,ＭＥＲＦ,卸売業,3.7,★☆☆☆☆,0.0,0.0,2.0,0.0,4.7,0.0,0.0,-3.0,,,0.0,22.7,4.2,15.6,1366,1490.0,16.9,0.4,206,伸びすぎ注意(25MA+16%)
3302,帝国繊維,繊維製品,3.5,★☆☆☆☆,0.0,0.0,0.0,0.0,3.5,0.0,0.0,0.0,,,0.0,0.3,2.7,-0.7,3154,3335.0,-2.5,0.2,208,-
3093,トレジャー・ファクトリー,小売業,3.5,★☆☆☆☆,0.0,0.0,0.0,0.0,3.5,0.0,0.0,0.0,,,0.0,-6.2,3.3,-3.4,1922,2056.0,-1.9,0.1,382,-
2533,オエノンホールディングス,食料品,3.5,★☆☆☆☆,0.0,0.0,2.0,0.0,0.0,0.0,1.5,0.0,,,0.0,-10.0,4.3,-9.8,406,445.0,-9.2,0.6,122,資金流入増 / 開示[自己株式の取得](7日前)
2908,フジッコ,食料品,3.4000000000000004,★☆☆☆☆,0.0,0.0,0.0,0.0,2.2,0.0,1.2,0.0,,,0.0,2.0,1.7,-0.6,1491,1545.0,-3.0,0.2,106,開示[業績予想の修正](7日前)
9531,東京瓦斯,電気・ガス業,3.4,★☆☆☆☆,0.0,0.0,1.0,0.0,0.0,0.0,2.4,0.0,,,0.0,1.2,2.3,-1.6,5743,6015.0,-3.3,0.3,6292,開示[自己株式の取得](3日前)
4043,トクヤマ,化学,3.3,★☆☆☆☆,3.3,0.0,0.0,0.0,0.0,0.0,0.0,0.0,,SOX指数,-3.4,-9.0,4.8,-8.1,3672,4061.0,7.1,0.2,3463,SOX指数+5.4%連動(β0.24)
3288,オープンハウスグループ,不動産業,3.3,★☆☆☆☆,0.0,0.0,0.0,0.0,1.2,0.0,2.1,0.0,,,0.0,0.3,2.1,-0.7,8136,8494.0,-0.2,0.1,1900,開示[自己株式の取得](4日前)
3350,メタプラネット,卸売業,3.3,★☆☆☆☆,0.0,0.0,0.0,0.0,1.2,0.0,2.1,0.0,,,0.0,-5.6,7.3,-4.7,187,219.0,-10.6,0.1,4761,開示[自己株式の取得](4日前)
5216,倉元製作所,ガラス・土石製品,3.3,★☆☆☆☆,0.0,0.0,3.3,0.0,0.0,0.0,0.0,0.0,,,0.0,8.6,4.5,-2.7,140,154.0,-2.5,0.1,124,買い出来高優勢
9682,ＤＴＳ,情報・通信業,3.3,★☆☆☆☆,0.0,0.0,0.0,0.0,1.2,0.0,2.1,0.0,,,0.0,0.4,3.3,-2.7,984,1053.0,-9.1,0.1,663,開示[自己株式の取得](4日前)
6104,芝浦機械,機械,3.3,★☆☆☆☆,3.3,0.0,0.0,0.0,0.0,0.0,0.0,0.0,,SOX指数,-1.4,-8.9,5.2,-9.8,3639,4060.0,-1.6,0.1,889,SOX指数+5.4%連動(β0.25)
9832,オートバックスセブン,卸売業,3.2,★☆☆☆☆,0.0,0.0,1.0,0.0,2.2,0.0,0.0,0.0,,,0.0,3.0,1.6,-0.2,1459,1507.0,-3.1,0.1,357,-
4521,科研製薬,医薬品,3.2,★☆☆☆☆,0.0,0.0,0.0,0.0,3.2,0.0,0.0,0.0,,,0.0,3.2,1.7,0.2,3731,3860.0,1.7,0.2,502,-
3148,クリエイトＳＤホールディングス,小売業,3.2,★☆☆☆☆,0.0,0.0,0.0,0.0,3.2,0.0,0.0,0.0,,,0.0,1.2,2.2,-1.7,3133,3280.0,-1.5,0.1,416,-
5659,日本精線,鉄鋼,3.2,★☆☆☆☆,0.0,0.0,1.0,0.0,2.2,0.0,0.0,0.0,,,0.0,-0.6,3.9,-2.7,1271,1378.0,2.8,0.1,155,-
1878,大東建託,不動産業,3.2,★☆☆☆☆,0.0,0.0,0.0,0.0,2.2,0.0,1.0,0.0,,,0.0,3.9,3.1,-1.1,3014,3212.0,-4.7,0.1,5749,開示[子会社化](7日前)
5949,ユニプレス,輸送用機器,3.2,★☆☆☆☆,0.0,0.0,1.0,0.0,2.2,0.0,0.0,0.0,,,0.0,5.7,2.7,-0.3,1215,1285.0,-3.8,0.7,184,-
8572,アコム,その他金融業,3.2,★☆☆☆☆,0.0,0.0,0.0,0.0,3.2,0.0,0.0,0.0,,,0.0,2.4,1.9,-0.0,466,483.70001220703125,1.5,0.2,632,-
3349,コスモス薬品,小売業,3.2,★☆☆☆☆,0.0,0.0,2.0,0.0,1.2,0.0,0.0,0.0,,,0.0,0.1,3.8,-1.1,5882,6367.0,-0.3,0.2,3086,-
4935,リベルタ,化学,3.2,★☆☆☆☆,0.0,0.0,2.0,0.0,1.2,0.0,0.0,0.0,,,0.0,-22.1,11.8,-17.6,186,243.0,4.3,0.0,1172,資金流入増
4676,フジ・メディア・ホールディングス,情報・通信業,3.2,★☆☆☆☆,0.0,0.0,0.0,0.0,3.2,0.0,0.0,0.0,,,0.0,2.7,2.8,-0.0,3862,4087.0,2.7,0.1,2257,-
4972,綜研化学,化学,3.2,★☆☆☆☆,0.0,0.0,1.0,0.0,2.2,0.0,0.0,0.0,,,0.0,-2.8,6.9,-2.4,2860,3320.0,7.4,0.2,416,開示[買収](14日前)
4812,電通総研,情報・通信業,3.2,★☆☆☆☆,0.0,0.0,0.0,0.0,3.2,0.0,0.0,0.0,,,0.0,1.8,1.7,-0.3,2592,2684.0,-0.1,0.1,1535,-
3612,ワールド,繊維製品,3.2,★☆☆☆☆,0.0,0.0,0.0,0.0,3.2,0.0,0.0,0.0,,,0.0,2.0,1.5,-0.5,1559,1606.0,0.1,0.8,392,-
7269,スズキ,輸送用機器,3.2,★☆☆☆☆,0.0,0.0,1.0,0.0,2.2,0.0,0.0,0.0,,,0.0,1.2,4.0,-2.0,1841,2002.5,-4.0,0.2,16137,-
7389,あいちフィナンシャルグループ,銀行業,3.2,★☆☆☆☆,0.0,0.0,1.0,0.0,2.2,0.0,0.0,0.0,,,0.0,11.6,5.0,-1.3,1471,1633.0,-6.0,0.2,1656,-
1332,ニッスイ,水産・農林業,3.2,★☆☆☆☆,0.0,0.0,1.0,0.0,2.2,0.0,0.0,0.0,,,0.0,1.1,2.7,-0.6,1197,1264.5,0.2,0.1,2087,-
9946,ミニストップ,小売業,3.2,★☆☆☆☆,0.0,0.0,1.0,0.0,2.2,0.0,0.0,0.0,,,0.0,2.6,1.4,-0.4,1783,1834.0,-2.1,0.2,114,-
4732,ユー・エス・エス,サービス業,3.2,★☆☆☆☆,0.0,0.0,0.0,0.0,3.2,0.0,0.0,0.0,,,0.0,1.3,2.0,-0.1,1904,1984.5,-1.6,0.1,2201,-
8803,平和不動産,不動産業,3.2,★☆☆☆☆,0.0,0.0,0.0,0.0,3.2,0.0,0.0,0.0,,,0.0,0.6,1.4,-1.6,2252,2318.0,-1.6,0.2,424,-
2154,オープンアップグループ,サービス業,3.2,★☆☆☆☆,0.0,0.0,0.0,0.0,3.2,0.0,0.0,0.0,,,0.0,4.1,2.1,-0.4,1891,1974.0,-2.0,0.1,318,-
9601,松竹,情報・通信業,3.2,★☆☆☆☆,0.0,0.0,2.0,0.0,1.2,0.0,0.0,0.0,,,0.0,5.0,3.3,-1.2,10251,10970.0,-4.9,0.7,670,-
7599,ＩＤＯＭ,卸売業,3.2,★☆☆☆☆,0.0,0.0,1.0,0.0,2.2,0.0,0.0,0.0,,,0.0,-6.2,2.0,-2.8,1242,1293.0,0.7,0.1,1398,-
8366,滋賀銀行,銀行業,3.2,★☆☆☆☆,0.0,0.0,1.0,0.0,2.2,0.0,0.0,0.0,,,0.0,-8.0,4.7,-2.5,2349,2591.0,8.0,0.1,3413,-
2281,プリマハム,食料品,3.2,★☆☆☆☆,0.0,0.0,1.0,0.0,2.2,0.0,0.0,0.0,,,0.0,0.9,2.5,-2.1,2260,2379.0,-4.1,0.2,380,-
2292,Ｓ　Ｆｏｏｄｓ,食料品,3.2,★☆☆☆☆,0.0,0.0,1.0,0.0,2.2,0.0,0.0,0.0,,,0.0,1.4,1.9,-0.7,2622,2728.0,-0.8,0.3,525,-
8361,大垣共立銀行,銀行業,3.2,★☆☆☆☆,0.0,0.0,0.0,0.0,3.2,0.0,0.0,0.0,,,0.0,-2.7,4.7,-1.3,6894,7610.0,5.5,0.1,1452,-
7182,ゆうちょ銀行,銀行業,3.2,★☆☆☆☆,0.0,0.0,0.0,0.0,3.2,0.0,0.0,0.0,,,0.0,0.3,3.3,-1.4,3009,3220.0,3.5,0.1,21770,-
2897,日清食品ホールディングス,食料品,3.2,★☆☆☆☆,0.0,0.0,2.0,0.0,1.2,0.0,0.0,0.0,,,0.0,2.8,3.6,-0.1,2699,2906.5,0.7,0.2,4911,-
1860,戸田建設,建設業,3.2,★☆☆☆☆,0.0,0.0,0.0,0.0,3.2,0.0,0.0,0.0,,,0.0,-2.8,2.1,-1.6,1444,1506.5,1.1,0.1,1417,-
3708,特種東海製紙,パルプ・紙,3.2,★☆☆☆☆,0.0,0.0,0.0,0.0,3.2,0.0,0.0,0.0,,,0.0,6.8,2.6,-0.1,1946,2052.0,-1.6,0.1,148,-
9007,小田急電鉄,陸運業,3.1,★☆☆☆☆,0.0,0.0,1.0,0.0,0.0,0.0,2.1,0.0,,,0.0,2.4,2.8,-1.7,1606,1699.5,-3.7,0.2,2668,開示[自己株式の取得](4日前)
3863,日本製紙,パルプ・紙,3.1,★☆☆☆☆,0.0,0.0,0.0,0.0,1.0,0.0,2.1,0.0,,,0.0,8.4,4.9,-0.7,1261,1398.0,1.6,0.1,1397,開示[業績予想の修正](2日前)
2301,学情,サービス業,3.1,★☆☆☆☆,0.0,0.0,1.0,0.0,0.0,0.0,2.1,0.0,,,0.0,1.5,1.4,-1.4,1557,1603.0,-1.2,0.1,132,開示[自己株式の取得](4日前)
3099,三越伊勢丹ホールディングス,小売業,3.1,★☆☆☆☆,0.0,0.0,0.0,0.0,1.0,0.0,2.1,0.0,,,0.0,-3.2,3.1,-3.4,3401,3627.0,1.1,0.1,7906,開示[自己株式の取得](4日前)
3407,旭化成,化学,3.1,★☆☆☆☆,0.0,0.0,0.0,0.0,1.0,0.0,2.1,0.0,,,0.0,-6.5,3.5,-6.7,1569,1686.0,-2.1,0.2,10258,開示[自己株式の取得](4日前)
9401,ＴＢＳホールディングス,情報・通信業,3.1,★☆☆☆☆,0.0,0.0,0.0,0.0,1.0,0.0,2.1,0.0,,,0.0,-8.5,2.5,-7.0,5496,5784.0,-4.1,0.3,1854,開示[自己株式の取得](4日前)
9364,上組,倉庫・運輸関連業,3.1,★☆☆☆☆,0.0,0.0,0.0,0.0,1.0,0.0,2.1,0.0,,,0.0,-2.0,2.0,-2.5,4844,5044.0,-2.6,0.1,1690,開示[自己株式の取得](4日前)
6993,大黒屋ホールディングス,小売業,3.0,★☆☆☆☆,0.0,0.0,0.0,0.0,6.0,0.0,0.0,-3.0,,,0.0,22.2,6.9,16.7,89,103.0,14.4,0.4,1009,伸びすぎ注意(25MA+17%)
7003,三井Ｅ＆Ｓ,機械,3.0,★☆☆☆☆,0.0,0.0,0.0,0.0,1.2,0.0,1.8,0.0,,,0.0,-2.4,6.6,-7.5,3698,4262.0,-12.4,0.2,13353,開示[業績予想の修正](4日前)
9517,イーレックス,電気・ガス業,3.0,★☆☆☆☆,0.0,0.0,2.0,0.0,1.0,0.0,0.0,0.0,,,0.0,10.2,3.4,1.8,794,853.0,0.9,0.1,227,-
325A,ＴＥＮＴＩＡＬ,繊維製品,3.0,★☆☆☆☆,0.0,0.0,3.0,0.0,0.0,0.0,0.0,0.0,,,0.0,9.2,5.6,-1.9,1339,1508.0,-0.9,0.1,734,資金流入増
8008,ヨンドシーホールディングス,小売業,3.0,★☆☆☆☆,0.0,0.0,1.0,0.0,2.0,0.0,0.0,0.0,,,0.0,2.1,2.2,-0.2,1963,2054.0,-0.8,0.1,271,-
9020,東日本旅客鉄道,陸運業,3.0,★☆☆☆☆,0.0,0.0,2.0,0.0,1.0,0.0,0.0,0.0,,,0.0,1.2,3.4,-3.0,3241,3474.0,-5.5,0.2,12450,-
2602,日清オイリオグループ,食料品,3.0,★☆☆☆☆,0.0,0.0,1.0,0.0,2.0,0.0,0.0,0.0,,,0.0,2.3,2.3,-0.9,1803,1892.0,-0.7,0.2,505,-
8153,モスフードサービス,卸売業,3.0,★☆☆☆☆,0.0,0.0,0.0,0.0,1.0,0.0,2.0,0.0,,,0.0,0.3,2.4,-2.0,3544,3720.0,-3.5,0.2,327,開示[子会社化](7日前) / 開示[子会社化](7日前)
4418,ＪＤＳＣ,情報・通信業,3.0,★☆☆☆☆,0.0,0.0,3.0,0.0,0.0,0.0,0.0,0.0,,,0.0,10.2,5.4,-4.3,686,770.0,-4.3,0.0,303,資金流入増
2175,エス・エム・エス,サービス業,3.0,★☆☆☆☆,0.0,0.0,3.0,0.0,0.0,0.0,0.0,0.0,,,0.0,-1.5,4.2,-3.7,2074,2263.0,2.5,0.1,1512,資金流入増
7972,イトーキ,その他製品,3.0,★☆☆☆☆,0.0,0.0,3.0,0.0,0.0,0.0,0.0,0.0,,,0.0,-7.9,4.2,-10.0,2342,2557.0,-13.0,1.7,557,-
9142,九州旅客鉄道,陸運業,3.0,★☆☆☆☆,0.0,0.0,2.0,0.0,1.0,0.0,0.0,0.0,,,0.0,-0.3,2.5,-3.2,3310,3481.0,-3.2,0.2,2697,-
6328,荏原実業,機械,3.0,★☆☆☆☆,0.0,0.0,3.0,0.0,0.0,0.0,0.0,0.0,,,0.0,-6.6,3.9,-8.2,2028,2202.0,-8.4,1.6,231,-
9956,バローホールディングス,小売業,3.0,★☆☆☆☆,0.0,0.0,3.0,0.0,0.0,0.0,0.0,0.0,,,0.0,1.0,3.0,-2.8,3004,3195.0,-2.1,0.0,1941,資金流入増
4763,クリーク・アンド・リバー社,サービス業,2.9,★☆☆☆☆,0.0,0.0,2.0,0.0,0.0,0.0,0.9,0.0,,,0.0,9.9,2.1,-0.3,1373,1434.0,-0.7,0.1,104,資金流入増 / 開示[子会社化](8日前)
6232,ＡＣＳＬ,機械,2.7,★☆☆☆☆,0.0,0.0,0.0,0.0,2.7,0.0,0.0,0.0,,,0.0,1.9,6.2,-0.3,1510,1724.0,10.9,0.1,995,-
6245,ヒラノテクシード,機械,2.7,★☆☆☆☆,0.0,0.0,0.0,0.0,2.7,0.0,0.0,0.0,,,0.0,-3.6,2.6,-2.6,1534,1620.0,0.5,0.1,142,-
9412,スカパーＪＳＡＴ,情報・通信業,2.7,★☆☆☆☆,0.0,0.0,0.0,0.0,2.7,0.0,0.0,0.0,,,0.0,-7.5,5.2,-1.4,2076,2320.0,10.4,0.5,5791,-
7412,アトム,小売業,2.7,★☆☆☆☆,0.0,0.0,0.0,0.0,2.7,0.0,0.0,0.0,,,0.0,-1.5,3.0,-2.5,347,369.0,-3.1,0.2,200,-
2986,ＬＡホールディングス,不動産業,2.7,★☆☆☆☆,0.0,0.0,0.0,0.0,2.7,0.0,0.0,0.0,,,0.0,-6.6,2.3,-2.6,2576,2700.0,-1.5,0.1,524,-
5985,サンコール,金属製品,2.7,★☆☆☆☆,0.0,0.0,0.0,0.0,2.7,0.0,0.0,0.0,,,0.0,-7.8,7.3,-4.2,1112,1302.0,2.1,0.2,1037,-
7318,セレンディップ・ホールディングス,輸送用機器,2.7,★☆☆☆☆,0.0,0.0,0.0,0.0,2.7,0.0,0.0,0.0,,,0.0,-0.9,6.6,-3.8,1689,1945.0,2.3,0.2,260,-
6997,日本ケミコン,電気機器,2.7,★☆☆☆☆,0.0,0.0,0.0,0.0,2.7,0.0,0.0,0.0,,,0.0,-18.1,9.5,-11.6,2522,3115.0,-0.2,0.2,3657,-
3441,山王,金属製品,2.7,★☆☆☆☆,0.0,0.0,0.0,0.0,2.7,0.0,0.0,0.0,,,0.0,-5.4,6.1,-3.7,2297,2615.0,3.9,0.1,124,-
4506,住友ファーマ,医薬品,2.7,★☆☆☆☆,0.0,0.0,0.0,0.0,2.7,0.0,0.0,0.0,,,0.0,-7.6,3.8,-3.5,1192,1289.5,3.3,0.1,5624,-
6217,津田駒工業,機械,2.7,★☆☆☆☆,0.0,0.0,0.0,0.0,2.7,0.0,0.0,0.0,,,0.0,-4.1,8.2,-1.9,620,741.0,6.0,0.1,148,-
7777,スリー・ディー・マトリックス,精密機器,2.7,★☆☆☆☆,0.0,0.0,0.0,0.0,2.7,0.0,0.0,0.0,,,0.0,-0.5,4.1,-1.9,312,340.0,3.3,0.2,498,-
4691,ワシントンホテル,サービス業,2.7,★☆☆☆☆,0.0,0.0,0.0,0.0,2.7,0.0,0.0,0.0,,,0.0,-7.4,4.3,-1.5,2121,2319.0,7.8,0.2,127,-
1952,新日本空調,建設業,2.7,★☆☆☆☆,0.0,0.0,0.0,0.0,2.7,0.0,0.0,0.0,,,0.0,-4.3,4.1,-2.9,3094,3370.0,4.0,0.2,630,-
1893,五洋建設,建設業,2.7,★☆☆☆☆,0.0,0.0,0.0,0.0,2.7,0.0,0.0,0.0,,,0.0,-3.8,3.8,-3.2,1415,1532.5,1.6,0.2,2633,-
7238,曙ブレーキ工業,輸送用機器,2.7,★☆☆☆☆,0.0,0.0,0.0,0.0,2.7,0.0,0.0,0.0,,,0.0,2.4,3.7,-2.2,99,107.0,-2.7,0.5,208,-
4222,児玉化学工業,化学,2.7,★☆☆☆☆,0.0,0.0,0.0,0.0,2.7,0.0,0.0,0.0,,,0.0,-4.1,4.2,-2.0,553,604.0,5.6,0.1,123,-
280A,ＴＭＨ,卸売業,2.7,★☆☆☆☆,0.0,0.0,0.0,0.0,2.7,0.0,0.0,0.0,,,0.0,-42.2,8.0,-21.5,869,1035.0,10.5,0.1,108,-
4620,藤倉化成,化学,2.7,★☆☆☆☆,0.0,0.0,0.0,0.0,2.7,0.0,0.0,0.0,,,0.0,-3.4,4.3,-1.5,846,925.0,7.1,0.4,113,-
218A,Ｌｉｂｅｒａｗａｒｅ,精密機器,2.7,★☆☆☆☆,0.0,0.0,0.0,0.0,2.7,0.0,0.0,0.0,,,0.0,-16.7,5.2,-4.3,938,1046.0,-3.3,0.1,391,-
7779,ＣＹＢＥＲＤＹＮＥ,精密機器,2.7,★☆☆☆☆,0.0,0.0,0.0,0.0,2.7,0.0,0.0,0.0,,,0.0,0.6,3.2,-1.6,208,222.0,1.4,0.2,263,-
2432,ディー・エヌ・エー,情報・通信業,2.7,★☆☆☆☆,0.0,0.0,0.0,0.0,2.7,0.0,0.0,0.0,,,0.0,-1.8,2.3,-1.9,2333,2443.5,-1.1,0.3,2370,-
3444,菊池製作所,金属製品,2.7,★☆☆☆☆,0.0,0.0,0.0,0.0,2.7,0.0,0.0,0.0,,,0.0,-2.2,4.9,-3.3,869,964.0,3.7,0.1,130,-
4229,群栄化学工業,化学,2.7,★☆☆☆☆,0.0,0.0,0.0,0.0,2.7,0.0,0.0,0.0,,,0.0,2.3,4.8,-0.2,4077,4515.0,3.1,0.0,125,-
1801,大成建設,建設業,2.7,★☆☆☆☆,0.0,0.0,0.0,0.0,2.7,0.0,0.0,0.0,,,0.0,-2.6,3.8,-2.4,12341,13355.0,2.2,0.2,8387,-
6597,ＨＰＣシステムズ,電気機器,2.7,★☆☆☆☆,0.0,0.0,0.0,0.0,2.7,0.0,0.0,0.0,,,0.0,-9.1,5.5,-6.0,2984,3350.0,6.0,0.2,191,-
6613,ＱＤレーザ,電気機器,2.7,★☆☆☆☆,0.0,0.0,0.0,0.0,2.7,0.0,0.0,0.0,,,0.0,-29.8,9.5,-11.7,1394,1722.0,12.0,0.1,5307,-
6088,シグマクシス・ホールディングス,サービス業,2.6,★☆☆☆☆,0.0,0.0,0.0,0.0,0.0,0.0,2.6,0.0,,,0.0,-6.2,4.2,-9.1,478,521.0,-12.7,0.3,284,開示[自己株式の取得](2日前)
9533,東邦瓦斯,電気・ガス業,2.6,★☆☆☆☆,0.0,0.0,0.0,0.0,0.0,0.0,2.6,0.0,,,0.0,-4.7,2.6,-5.4,1071,1130.0,-2.7,0.2,1034,開示[自己株式の取得](2日前)
7719,東京衡機,精密機器,2.5,★☆☆☆☆,0.0,0.0,1.0,0.0,1.5,0.0,0.0,0.0,,,0.0,6.2,4.8,-2.5,390,431.0,2.1,0.0,158,-
5202,日本板硝子,ガラス・土石製品,2.5,★☆☆☆☆,0.0,0.0,0.0,0.0,2.5,0.0,0.0,0.0,,,0.0,2.4,0.3,-0.1,480,482.0,0.0,0.2,336,-
277A,グロービング,サービス業,2.5,★☆☆☆☆,0.0,0.0,1.0,0.0,1.5,0.0,0.0,0.0,,,0.0,-20.3,3.8,-11.5,1506,1631.0,0.6,0.1,593,-
3776,ブロードバンドタワー,情報・通信業,2.5,★☆☆☆☆,0.0,0.0,0.0,0.0,2.5,0.0,0.0,0.0,,,0.0,-13.6,6.9,-5.6,213,247.0,7.4,0.6,196,-
7373,アイドマ・ホールディングス,サービス業,2.5,★☆☆☆☆,0.0,0.0,1.0,0.0,0.0,0.0,1.5,0.0,,,0.0,-23.4,2.4,-12.1,871,916.0,-3.2,0.2,172,開示[自己株式の取得](7日前)
6902,デンソー,輸送用機器,2.4,★☆☆☆☆,0.0,0.0,0.0,0.0,1.2,0.0,1.2,0.0,,,0.0,3.2,3.3,-1.9,1817,1944.0,-1.2,0.1,16762,開示[業績予想の修正](7日前)
3092,ＺＯＺＯ,小売業,2.4,★☆☆☆☆,0.0,0.0,0.0,0.0,0.0,0.0,2.4,0.0,,,0.0,0.6,3.1,-0.9,1080,1153.0,0.9,0.1,4644,開示[自己株式の取得](3日前)
1417,ミライト・ワン,建設業,2.3,★☆☆☆☆,0.0,0.0,0.0,0.0,1.0,0.0,1.3,0.0,,,0.0,-3.8,2.1,-3.6,3371,3516.0,-1.0,0.2,890,開示[自己株式の取得](8日前)
1301,極洋,水産・農林業,2.2,★☆☆☆☆,0.0,0.0,0.0,0.0,2.2,0.0,0.0,0.0,,,0.0,2.2,1.7,-0.3,4356,4505.0,-0.8,0.2,201,-
1815,鉄建建設,建設業,2.2,★☆☆☆☆,0.0,0.0,1.0,0.0,1.2,0.0,0.0,0.0,,,0.0,-2.1,3.0,-3.5,4066,4325.0,-1.7,0.4,475,-
7172,ジャパンインベストメントアドバイザー,証券、商品先物取引業,2.2,★☆☆☆☆,0.0,0.0,0.0,0.0,2.2,0.0,0.0,0.0,,,0.0,-0.6,2.7,-3.4,1905,2014.0,-6.2,0.1,790,-
9470,学研ホールディングス,情報・通信業,2.2,★☆☆☆☆,0.0,0.0,0.0,0.0,2.2,0.0,0.0,0.0,,,0.0,0.9,1.5,-0.9,977,1007.0,-1.0,0.2,109,-
8850,スターツコーポレーション,不動産業,2.2,★☆☆☆☆,0.0,0.0,0.0,0.0,2.2,0.0,0.0,0.0,,,0.0,0.8,2.1,-1.0,4483,4680.0,-1.6,0.2,283,-
9425,ＲｅＹｕｕ　Ｊａｐａｎ,情報・通信業,2.2,★☆☆☆☆,0.0,0.0,0.0,0.0,1.2,0.0,1.0,0.0,,,0.0,-9.6,8.3,-4.2,171,205.0,9.0,0.9,140,開示[子会社化](7日前)
1822,大豊建設,建設業,2.2,★☆☆☆☆,0.0,0.0,0.0,0.0,2.2,0.0,0.0,0.0,,,0.0,-2.7,1.6,-0.9,755,780.0,-1.9,0.1,122,-
2317,システナ,情報・通信業,2.2,★☆☆☆☆,0.0,0.0,1.0,0.0,1.2,0.0,0.0,0.0,,,0.0,1.4,3.1,-1.1,394,420.0,0.0,0.2,529,-
6995,東海理化電機製作所,輸送用機器,2.2,★☆☆☆☆,0.0,0.0,0.0,0.0,2.2,0.0,0.0,0.0,,,0.0,4.4,3.0,-1.6,2881,3065.0,-3.5,0.1,490,-
7283,愛三工業,輸送用機器,2.2,★☆☆☆☆,0.0,0.0,0.0,0.0,2.2,0.0,0.0,0.0,,,0.0,-0.9,3.6,-3.5,2077,2239.0,-6.9,0.1,598,-
417A,ブルーゾーンホールディングス,小売業,2.2,★☆☆☆☆,0.0,0.0,0.0,0.0,2.2,0.0,0.0,0.0,,,0.0,0.8,2.5,-1.0,1662,1749.5,-2.2,0.4,488,-
3116,トヨタ紡織,輸送用機器,2.2,★☆☆☆☆,0.0,0.0,1.0,0.0,1.2,0.0,0.0,0.0,,,0.0,4.5,3.3,-1.0,2068,2216.0,-1.1,0.1,1935,-
9042,阪急阪神ホールディングス,陸運業,2.2,★☆☆☆☆,0.0,0.0,0.0,0.0,2.2,0.0,0.0,0.0,,,0.0,0.7,3.3,-1.8,4310,4610.0,-2.2,0.1,5339,-
7164,全国保証,その他金融業,2.2,★☆☆☆☆,0.0,0.0,0.0,0.0,2.2,0.0,0.0,0.0,,,0.0,1.6,2.1,-0.6,2954,3083.0,-1.5,0.1,1338,-
2587,サントリービバレッジ＆フード,食料品,2.2,★☆☆☆☆,0.0,0.0,0.0,0.0,2.2,0.0,0.0,0.0,,,0.0,2.0,2.8,-1.3,4332,4585.0,-0.3,0.2,5275,-
4681,リゾートトラスト,サービス業,2.2,★☆☆☆☆,0.0,0.0,0.0,0.0,2.2,0.0,0.0,0.0,,,0.0,2.8,2.4,-0.1,1667,1752.0,-2.1,0.1,719,-
9021,西日本旅客鉄道,陸運業,2.2,★☆☆☆☆,0.0,0.0,0.0,0.0,2.2,0.0,0.0,0.0,,,0.0,4.4,2.9,-0.1,2789,2964.0,-1.2,0.1,8854,-
9025,鴻池運輸,陸運業,2.2,★☆☆☆☆,0.0,0.0,0.0,0.0,2.2,0.0,0.0,0.0,,,0.0,6.1,2.2,-0.4,2735,2859.0,-4.4,0.2,285,-
1882,東亜道路工業,建設業,2.2,★☆☆☆☆,0.0,0.0,0.0,0.0,2.2,0.0,0.0,0.0,,,0.0,3.0,1.5,-0.4,1546,1593.0,-2.0,0.2,510,-
3543,コメダホールディングス,卸売業,2.2,★☆☆☆☆,0.0,0.0,0.0,0.0,2.2,0.0,0.0,0.0,,,0.0,2.6,1.8,-0.2,2752,2852.0,-1.3,0.3,729,-
3465,ケイアイスター不動産,不動産業,2.2,★☆☆☆☆,0.0,0.0,0.0,0.0,2.2,0.0,0.0,0.0,,,0.0,-0.3,2.6,-0.5,3430,3615.0,2.1,0.1,286,-
3636,三菱総合研究所,情報・通信業,2.2,★☆☆☆☆,0.0,0.0,0.0,0.0,2.2,0.0,0.0,0.0,,,0.0,1.0,2.8,-1.9,4345,4600.0,-4.4,0.1,289,-
9409,テレビ朝日ホールディングス,情報・通信業,2.2,★☆☆☆☆,0.0,0.0,0.0,0.0,2.2,0.0,0.0,0.0,,,0.0,-1.0,2.3,-1.9,2956,3100.0,-1.1,0.2,576,-
2229,カルビー,食料品,2.2,★☆☆☆☆,0.0,0.0,0.0,0.0,2.2,0.0,0.0,0.0,,,0.0,1.0,3.0,-0.2,2799,2977.5,2.5,0.5,1094,-
7202,いすゞ自動車,輸送用機器,2.2,★☆☆☆☆,0.0,0.0,0.0,0.0,2.2,0.0,0.0,0.0,,,0.0,0.7,3.8,-1.9,2125,2297.5,-4.4,0.2,6548,-
4751,サイバーエージェント,サービス業,2.2,★☆☆☆☆,0.0,0.0,1.0,0.0,1.2,0.0,0.0,0.0,,,0.0,1.5,3.5,0.0,1382,1484.5,2.0,0.4,5525,-
8267,イオン,小売業,2.2,★☆☆☆☆,0.0,0.0,1.0,0.0,1.2,0.0,0.0,0.0,,,0.0,-0.1,3.4,-0.6,1286,1379.5,1.1,0.2,14262,-
3289,東急不動産ホールディングス,不動産業,2.2,★☆☆☆☆,0.0,0.0,0.0,0.0,2.2,0.0,0.0,0.0,,,0.0,2.1,2.1,-2.0,1248,1303.0,-2.5,0.2,3784,-
3284,フージャースホールディングス,不動産業,2.2,★☆☆☆☆,0.0,0.0,0.0,0.0,2.2,0.0,0.0,0.0,,,0.0,2.1,1.4,-0.8,1189,1222.0,-1.5,0.1,188,-
8892,エスコン,不動産業,2.2,★☆☆☆☆,0.0,0.0,0.0,0.0,2.2,0.0,0.0,0.0,,,0.0,0.1,2.0,-1.2,1043,1087.0,1.3,0.1,217,-
8871,ゴールドクレスト,不動産業,2.2,★☆☆☆☆,0.0,0.0,0.0,0.0,2.2,0.0,0.0,0.0,,,0.0,-0.9,2.1,-2.1,3116,3255.0,0.3,0.1,169,-
1898,世紀東急工業,建設業,2.2,★☆☆☆☆,0.0,0.0,0.0,0.0,2.2,0.0,0.0,0.0,,,0.0,0.5,1.4,-1.4,1408,1450.0,-3.5,0.2,243,-
1925,大和ハウス工業,建設業,2.2,★☆☆☆☆,0.0,0.0,0.0,0.0,2.2,0.0,0.0,0.0,,,0.0,3.2,2.2,-1.1,4354,4557.0,-2.6,0.2,9441,-
9782,ディーエムエス,サービス業,2.2,★☆☆☆☆,0.0,0.0,0.0,0.0,2.2,0.0,0.0,0.0,,,0.0,-0.1,2.0,-1.8,3251,3390.0,-0.9,0.2,108,-
4666,パーク２４,不動産業,2.2,★☆☆☆☆,0.0,0.0,0.0,0.0,2.2,0.0,0.0,0.0,,,0.0,0.6,2.5,-1.0,1875,1973.0,-0.1,0.2,1512,-
1976,明星工業,建設業,2.2,★☆☆☆☆,0.0,0.0,0.0,0.0,2.2,0.0,0.0,0.0,,,0.0,3.2,3.8,-2.2,1710,1849.0,-9.3,0.1,199,-
2327,日鉄ソリューションズ,情報・通信業,2.2,★☆☆☆☆,0.0,0.0,0.0,0.0,2.2,0.0,0.0,0.0,,,0.0,3.2,3.1,-0.6,3533,3769.0,-3.7,0.1,1027,-
3003,ヒューリック,不動産業,2.2,★☆☆☆☆,0.0,0.0,0.0,0.0,2.2,0.0,0.0,0.0,,,0.0,1.5,2.9,-1.9,1642,1742.0,-0.9,0.2,4862,-
9068,丸全昭和運輸,陸運業,2.2,★☆☆☆☆,0.0,0.0,0.0,0.0,2.2,0.0,0.0,0.0,,,0.0,4.7,2.1,-0.1,7279,7590.0,-1.7,0.1,211,-
8802,三菱地所,不動産業,2.1,★☆☆☆☆,0.0,0.0,0.0,0.0,0.0,0.0,2.1,0.0,,,0.0,-5.4,2.8,-5.2,3649,3869.0,-0.6,0.2,13588,開示[自己株式の取得](4日前)
6632,ＪＶＣケンウッド,電気機器,2.1,★☆☆☆☆,0.0,0.0,0.0,0.0,0.0,0.0,2.1,0.0,,,0.0,-7.2,4.6,-10.0,903,995.0,-12.3,0.2,1307,開示[自己株式取得](4日前)
4665,ダスキン,サービス業,2.0,★☆☆☆☆,0.0,0.0,0.0,0.0,2.0,0.0,0.0,0.0,,,0.0,-0.4,2.1,-2.6,4169,4353.0,-2.1,0.2,404,-
2384,ＳＢＳホールディングス,陸運業,2.0,★☆☆☆☆,0.0,0.0,1.0,0.0,1.0,0.0,0.0,0.0,,,0.0,7.0,3.2,-1.1,4054,4330.0,-2.9,0.2,420,-
9005,東急,陸運業,2.0,★☆☆☆☆,0.0,0.0,1.0,0.0,1.0,0.0,0.0,0.0,,,0.0,1.0,2.3,-2.7,1610,1688.0,-3.4,0.2,3930,-
9001,東武鉄道,陸運業,2.0,★☆☆☆☆,0.0,0.0,2.0,0.0,0.0,0.0,0.0,0.0,,,0.0,3.9,2.7,-1.6,2796,2954.0,-4.6,0.1,1797,-
2157,コシダカホールディングス,サービス業,2.0,★☆☆☆☆,0.0,0.0,2.0,0.0,0.0,0.0,0.0,0.0,,,0.0,7.5,2.3,-1.1,973,1020.0,-2.5,0.5,714,-
2784,アルフレッサ　ホールディングス,卸売業,2.0,★☆☆☆☆,0.0,0.0,1.0,0.0,1.0,0.0,0.0,0.0,,,0.0,1.1,2.7,-3.6,2080,2197.5,-5.3,0.1,1285,-
8081,カナデン,卸売業,2.0,★☆☆☆☆,0.0,0.0,1.0,0.0,1.0,0.0,0.0,0.0,,,0.0,-1.0,2.9,-3.0,2281,2421.0,-1.2,0.1,148,-
4477,ＢＡＳＥ,情報・通信業,2.0,★☆☆☆☆,0.0,0.0,2.0,0.0,0.0,0.0,0.0,0.0,,,0.0,0.7,3.2,-5.3,266,284.0,-6.9,0.3,274,-
9424,日本通信,情報・通信業,2.0,★☆☆☆☆,0.0,0.0,2.0,0.0,0.0,0.0,0.0,0.0,,,0.0,-0.3,3.1,-4.6,101,108.0,-5.3,1.6,170,-
2002,日清製粉グループ本社,食料品,2.0,★☆☆☆☆,0.0,0.0,0.0,0.0,2.0,0.0,0.0,0.0,,,0.0,0.4,2.7,-1.7,1888,1995.0,-0.9,0.2,1588,-
8934,サンフロンティア不動産,不動産業,2.0,★☆☆☆☆,0.0,0.0,1.0,0.0,1.0,0.0,0.0,0.0,,,0.0,-0.4,2.1,-2.7,2333,2434.0,-3.0,0.5,280,-
4577,ダイト,医薬品,2.0,★☆☆☆☆,0.0,0.0,1.0,0.0,1.0,0.0,0.0,0.0,,,0.0,3.3,2.3,-0.9,1200,1258.0,0.4,0.1,104,-
4658,日本空調サービス,サービス業,2.0,★☆☆☆☆,0.0,0.0,0.0,0.0,2.0,0.0,0.0,0.0,,,0.0,-3.2,2.5,-3.6,1462,1540.0,-3.3,0.2,156,-
8439,東京センチュリー,その他金融業,2.0,★☆☆☆☆,0.0,0.0,0.0,0.0,2.0,0.0,0.0,0.0,,,0.0,0.8,2.5,-2.5,2405,2530.0,-3.5,0.1,1824,-
3371,ソフトクリエイトホールディングス,情報・通信業,2.0,★☆☆☆☆,0.0,0.0,2.0,0.0,0.0,0.0,0.0,0.0,,,0.0,1.0,3.0,-4.1,1773,1888.0,-9.6,0.2,127,資金流入増
9008,京王電鉄,陸運業,2.0,★☆☆☆☆,0.0,0.0,2.0,0.0,0.0,0.0,0.0,0.0,,,0.0,3.5,2.9,-2.4,716,760.5999755859375,-6.1,0.3,1769,-
9715,トランス・コスモス,サービス業,2.0,★☆☆☆☆,0.0,0.0,1.0,0.0,1.0,0.0,0.0,0.0,,,0.0,1.3,2.6,-1.7,3431,3620.0,-4.7,0.2,379,-
9997,ベルーナ,小売業,2.0,★☆☆☆☆,0.0,0.0,0.0,0.0,2.0,0.0,0.0,0.0,,,0.0,1.8,2.8,-3.2,945,1001.0,-6.8,0.2,334,-
9828,Ｇｅｎｋｉ　Ｇｌｏｂａｌ　Ｄｉｎｉｎｇ　Ｃｏｎｃｅｐｔｓ,小売業,2.0,★☆☆☆☆,0.0,0.0,2.0,0.0,0.0,0.0,0.0,0.0,,,0.0,1.6,3.8,-2.5,3010,3260.0,-7.8,0.1,276,-
8923,トーセイ,不動産業,2.0,★☆☆☆☆,0.0,0.0,0.0,0.0,2.0,0.0,0.0,0.0,,,0.0,3.2,2.5,-1.3,1664,1753.0,-3.6,0.1,484,-
3399,丸千代山岡家,小売業,2.0,★☆☆☆☆,0.0,0.0,1.0,0.0,1.0,0.0,0.0,0.0,,,0.0,8.2,3.1,-0.4,3349,3570.0,2.6,0.1,455,-
4516,日本新薬,医薬品,2.0,★☆☆☆☆,0.0,0.0,2.0,0.0,0.0,0.0,0.0,0.0,,,0.0,-10.1,3.7,-7.0,3320,3589.0,5.6,0.1,2048,資金流入増
6183,ベルシステム２４ホールディングス,サービス業,2.0,★☆☆☆☆,0.0,0.0,1.0,0.0,1.0,0.0,0.0,0.0,,,0.0,1.5,1.7,-1.3,1305,1350.0,-1.1,0.2,401,-
2613,Ｊ－オイルミルズ,食料品,2.0,★☆☆☆☆,0.0,0.0,0.0,0.0,2.0,0.0,0.0,0.0,,,0.0,-0.1,1.7,-1.2,1989,2060.0,-1.2,0.2,109,-
3662,エイチームホールディングス,情報・通信業,2.0,★☆☆☆☆,0.0,0.0,2.0,0.0,0.0,0.0,0.0,0.0,,,0.0,-9.6,1.9,-7.9,869,902.0,-0.9,0.2,167,資金流入増
3421,稲葉製作所,金属製品,2.0,★☆☆☆☆,0.0,0.0,1.0,0.0,1.0,0.0,0.0,0.0,,,0.0,-1.1,1.4,-2.7,1631,1679.0,-1.4,0.0,107,-
3856,Ａｂａｌａｎｃｅ,電気機器,2.0,★☆☆☆☆,0.0,0.0,2.0,0.0,0.0,0.0,0.0,0.0,,,0.0,-33.5,10.5,-30.9,259,328.0,-35.7,0.4,117,資金流入増
543A,ＡＲＣＨＩＯＮ,輸送用機器,2.0,★☆☆☆☆,0.0,0.0,2.0,0.0,0.0,0.0,0.0,0.0,,,0.0,-6.2,5.4,-4.3,248,278.0,4.1,0.6,7325,資金流入増
254A,ＡＩフュージョンキャピタルグループ,証券、商品先物取引業,2.0,★☆☆☆☆,0.0,0.0,2.0,0.0,0.0,0.0,0.0,0.0,,,0.0,-3.3,3.2,-4.4,1084,1158.0,-1.5,0.2,107,資金流入増
1930,北陸電気工事,建設業,2.0,★☆☆☆☆,0.0,0.0,1.0,0.0,1.0,0.0,0.0,0.0,,,0.0,-4.7,3.8,-3.7,1399,1513.0,1.9,0.1,194,-
3905,データセクション,情報・通信業,1.5,★☆☆☆☆,0.0,0.0,0.0,0.0,1.5,0.0,0.0,0.0,,,0.0,-33.7,10.6,-24.4,1473,1869.0,-12.4,0.4,5176,-
9708,帝国ホテル,サービス業,1.5,★☆☆☆☆,0.0,0.0,0.0,0.0,1.5,0.0,0.0,0.0,,,0.0,0.4,1.6,-1.8,947,979.0,-2.9,0.3,155,-
3186,ネクステージ,小売業,1.5,★☆☆☆☆,0.0,0.0,0.0,0.0,1.5,0.0,0.0,0.0,,,0.0,-2.9,4.0,-2.9,3139,3415.0,1.9,0.2,2075,-
3449,テクノフレックス,金属製品,1.5,★☆☆☆☆,0.0,0.0,0.0,0.0,1.5,0.0,0.0,0.0,,,0.0,-30.4,11.4,-21.5,3285,4255.0,-12.4,0.4,1151,-
7794,イーディーピー,その他製品,1.5,★☆☆☆☆,0.0,0.0,0.0,0.0,1.5,0.0,0.0,0.0,,,0.0,-16.9,4.9,-10.9,776,860.0,0.0,0.2,313,-
350A,デジタルグリッド,電気・ガス業,1.5,★☆☆☆☆,0.0,0.0,0.0,0.0,1.5,0.0,0.0,0.0,,,0.0,-0.3,4.2,-3.3,675,737.0,-0.7,0.2,216,-
6521,オキサイド,電気機器,1.5,★☆☆☆☆,0.0,0.0,0.0,0.0,1.5,0.0,0.0,0.0,,,0.0,-23.2,6.1,-11.7,2745,3125.0,7.6,0.1,818,-
6356,日本ギア工業,機械,1.5,★☆☆☆☆,0.0,0.0,0.0,0.0,1.5,0.0,0.0,0.0,,,0.0,-6.6,5.1,-5.3,1218,1355.0,7.0,0.1,253,-
4565,ネクセラファーマ,医薬品,1.5,★☆☆☆☆,0.0,0.0,0.0,0.0,1.5,0.0,0.0,0.0,,,0.0,-1.1,3.1,-3.6,814,869.0,-0.8,0.2,493,-
4592,サンバイオ,医薬品,1.5,★☆☆☆☆,0.0,0.0,0.0,0.0,1.5,0.0,0.0,0.0,,,0.0,1.2,4.5,-0.1,897,985.0,7.2,0.4,712,-
4425,Ｋｕｄａｎ,情報・通信業,1.5,★☆☆☆☆,0.0,0.0,0.0,0.0,1.5,0.0,0.0,0.0,,,0.0,-8.6,4.7,-6.8,1516,1673.0,3.9,0.2,221,-
4392,ＦＩＧ,情報・通信業,1.5,★☆☆☆☆,0.0,0.0,0.0,0.0,1.5,0.0,0.0,0.0,,,0.0,-11.0,6.9,-8.9,790,915.0,4.6,0.3,1079,-
1961,三機工業,建設業,1.5,★☆☆☆☆,0.0,0.0,0.0,0.0,1.5,0.0,0.0,0.0,,,0.0,-10.1,5.2,-6.4,2091,2335.0,1.1,0.2,1910,-
6619,ダブル・スコープ,電気機器,1.5,★☆☆☆☆,0.0,0.0,0.0,0.0,1.5,0.0,0.0,0.0,,,0.0,-10.3,5.2,-7.3,135,151.0,3.4,0.4,377,-
6492,岡野バルブ製造,機械,1.5,★☆☆☆☆,0.0,0.0,0.0,0.0,1.5,0.0,0.0,0.0,,,0.0,-15.8,6.7,-10.9,11959,13810.0,7.6,0.4,465,-
7956,ピジョン,その他製品,1.2,★☆☆☆☆,0.0,0.0,0.0,0.0,1.2,0.0,0.0,0.0,,,0.0,-0.2,2.7,-0.5,1910,2019.5,-0.0,0.6,1883,-
9790,福井コンピュータホールディングス,情報・通信業,1.2,★☆☆☆☆,0.0,0.0,0.0,0.0,1.2,0.0,0.0,0.0,,,0.0,-0.1,2.2,-1.1,2979,3115.0,-3.4,0.1,128,-
6071,ＩＢＪ,サービス業,1.2,★☆☆☆☆,0.0,0.0,0.0,0.0,1.2,0.0,0.0,0.0,,,0.0,3.0,1.9,-0.3,797,829.0,0.7,0.1,122,-
1975,朝日工業社,建設業,1.2,★☆☆☆☆,0.0,0.0,0.0,0.0,1.2,0.0,0.0,0.0,,,0.0,-11.5,5.1,-6.4,3452,3845.0,1.2,0.2,417,-
7595,アルゴグラフィックス,情報・通信業,1.2,★☆☆☆☆,0.0,0.0,0.0,0.0,1.2,0.0,0.0,0.0,,,0.0,2.7,2.5,-0.6,1236,1300.0,-4.8,0.3,295,-
146A,コロンビア・ワークス,不動産業,1.2,★☆☆☆☆,0.0,0.0,0.0,0.0,1.2,0.0,0.0,0.0,,,0.0,2.4,3.4,-0.2,2986,3205.0,-0.3,0.1,155,-
2749,ＪＰホールディングス,サービス業,1.2,★☆☆☆☆,0.0,0.0,0.0,0.0,1.2,0.0,0.0,0.0,,,0.0,3.5,1.7,-1.1,595,615.0,-3.3,0.3,146,-
2433,博報堂ＤＹホールディングス,サービス業,1.2,★☆☆☆☆,0.0,0.0,0.0,0.0,1.2,0.0,0.0,0.0,,,0.0,5.5,4.7,-0.9,1124,1239.5,-4.8,0.1,1162,-
1802,大林組,建設業,1.2,★☆☆☆☆,0.0,0.0,0.0,0.0,1.2,0.0,0.0,0.0,,,0.0,1.4,2.5,-0.6,3056,3217.0,1.7,0.2,7275,-
1835,東鉄工業,建設業,1.2,★☆☆☆☆,0.0,0.0,0.0,0.0,1.2,0.0,0.0,0.0,,,0.0,-3.1,2.4,-4.1,3800,3990.0,-4.4,0.8,292,-
2742,ハローズ,小売業,1.2,★☆☆☆☆,0.0,0.0,0.0,0.0,1.2,0.0,0.0,0.0,,,0.0,0.4,2.5,-0.9,3559,3750.0,-2.0,0.2,109,-
6336,石井表記,機械,1.2,★☆☆☆☆,0.0,0.0,0.0,0.0,1.2,0.0,0.0,0.0,,,0.0,-12.0,8.2,-8.6,1307,1565.0,-0.1,0.1,216,-
3196,ホットランドホールディングス,小売業,1.2,★☆☆☆☆,0.0,0.0,0.0,0.0,1.2,0.0,0.0,0.0,,,0.0,1.6,1.9,-1.4,1523,1585.0,-3.6,0.1,214,-
3482,ロードスターキャピタル,不動産業,1.2,★☆☆☆☆,0.0,0.0,0.0,0.0,1.2,0.0,0.0,0.0,,,0.0,-0.3,2.6,-3.2,2478,2614.0,-3.4,0.9,359,-
9793,ダイセキ,サービス業,1.2,★☆☆☆☆,0.0,0.0,0.0,0.0,1.2,0.0,0.0,0.0,,,0.0,-0.4,1.7,-1.6,3640,3770.0,-0.8,0.3,465,-
3415,ＴＯＫＹＯ　ＢＡＳＥ,小売業,1.2,★☆☆☆☆,0.0,0.0,0.0,0.0,1.2,0.0,0.0,0.0,,,0.0,-3.8,5.0,-1.5,355,394.0,3.1,0.2,265,-
3608,ＴＳＩホールディングス,繊維製品,1.2,★☆☆☆☆,0.0,0.0,0.0,0.0,1.2,0.0,0.0,0.0,,,0.0,2.6,2.0,-1.1,1164,1212.0,-1.5,0.1,295,-
4967,小林製薬,化学,1.2,★☆☆☆☆,0.0,0.0,0.0,0.0,1.2,0.0,0.0,0.0,,,0.0,0.2,2.4,-0.3,5303,5565.0,-0.4,0.3,1236,-
5471,大同特殊鋼,鉄鋼,1.2,★☆☆☆☆,0.0,0.0,0.0,0.0,1.2,0.0,0.0,0.0,,,0.0,-6.4,4.8,-3.6,2101,2325.5,2.2,0.1,2704,-
2158,ＦＲＯＮＴＥＯ,サービス業,1.2,★☆☆☆☆,0.0,0.0,0.0,0.0,1.2,0.0,0.0,0.0,,,0.0,4.8,3.3,-0.0,590,632.0,-0.3,0.1,105,開示[AI](14日前)
6455,モリタホールディングス,輸送用機器,1.2,★☆☆☆☆,0.0,0.0,0.0,0.0,1.2,0.0,0.0,0.0,,,0.0,-0.3,2.8,-2.9,2229,2360.0,-6.4,0.1,181,-
3064,ＭｏｎｏｔａＲＯ,小売業,1.2,★☆☆☆☆,0.0,0.0,0.0,0.0,1.2,0.0,0.0,0.0,,,0.0,-0.9,3.7,-2.1,1767,1910.0,-4.6,0.1,4532,-
2733,あらた,卸売業,1.2,★☆☆☆☆,0.0,0.0,0.0,0.0,1.2,0.0,0.0,0.0,,,0.0,3.6,1.9,-0.5,2466,2562.0,-1.9,0.1,231,-
8278,フジ,小売業,1.2,★☆☆☆☆,0.0,0.0,0.0,0.0,1.2,0.0,0.0,0.0,,,0.0,4.7,2.1,-0.0,1916,2001.0,-1.4,0.3,234,-
7630,壱番屋,小売業,1.2,★☆☆☆☆,0.0,0.0,0.0,0.0,1.2,0.0,0.0,0.0,,,0.0,3.2,2.5,-0.1,870,915.0,-2.0,0.3,400,-
4985,アース製薬,化学,1.2,★☆☆☆☆,0.0,0.0,0.0,0.0,1.2,0.0,0.0,0.0,,,0.0,0.4,2.1,-0.9,4471,4665.0,-1.4,0.6,324,-
7746,岡本硝子,精密機器,1.2,★☆☆☆☆,0.0,0.0,0.0,0.0,1.2,0.0,0.0,0.0,,,0.0,-1.7,4.1,-4.6,671,730.0,1.7,0.2,305,-
8897,ＭＩＲＡＲＴＨホールディングス,不動産業,1.2,★☆☆☆☆,0.0,0.0,0.0,0.0,1.2,0.0,0.0,0.0,,,0.0,2.6,1.5,-0.0,398,411.0,0.0,0.3,185,-
4507,塩野義製薬,医薬品,1.2,★☆☆☆☆,0.0,0.0,0.0,0.0,1.2,0.0,0.0,0.0,,,0.0,2.4,2.9,-1.3,2669,2836.0,-2.5,0.3,7397,-
8801,三井不動産,不動産業,1.2,★☆☆☆☆,0.0,0.0,0.0,0.0,1.2,0.0,0.0,0.0,,,0.0,2.2,2.5,-1.6,1442,1519.0,-2.6,0.2,13045,-
8877,エスリード,不動産業,1.2,★☆☆☆☆,0.0,0.0,0.0,0.0,1.2,0.0,0.0,0.0,,,0.0,4.6,2.3,-0.0,4896,5130.0,-1.5,0.2,134,-
3088,マツキヨココカラ＆カンパニー,小売業,1.2,★☆☆☆☆,0.0,0.0,0.0,0.0,1.2,0.0,0.0,0.0,,,0.0,1.4,2.9,-0.9,2323,2468.0,-2.6,0.1,3975,-
8919,カチタス,不動産業,1.2,★☆☆☆☆,0.0,0.0,0.0,0.0,1.2,0.0,0.0,0.0,,,0.0,0.6,3.6,-1.1,3031,3265.0,-3.8,0.4,553,-
4553,東和薬品,医薬品,1.0,★☆☆☆☆,0.0,0.0,0.0,0.0,1.0,0.0,0.0,0.0,,,0.0,-3.6,3.4,-7.8,3493,3750.0,-6.4,0.8,447,-
2594,キーコーヒー,食料品,1.0,★☆☆☆☆,0.0,0.0,0.0,0.0,1.0,0.0,0.0,0.0,,,0.0,1.6,1.0,-0.8,1929,1970.0,-1.5,0.2,134,-
3837,アドソル日進,情報・通信業,1.0,★☆☆☆☆,0.0,0.0,1.0,0.0,0.0,0.0,0.0,0.0,,,0.0,-4.9,3.2,-6.4,1300,1388.0,-8.3,1.3,129,-
8595,ジャフコ　グループ,証券、商品先物取引業,1.0,★☆☆☆☆,0.0,0.0,0.0,0.0,1.0,0.0,0.0,0.0,,,0.0,-2.4,1.8,-2.5,2159,2241.5,-0.0,0.1,819,-
2393,日本ケアサプライ,サービス業,1.0,★☆☆☆☆,0.0,0.0,0.0,0.0,1.0,0.0,0.0,0.0,,,0.0,-0.7,5.2,-0.9,3679,4110.0,5.7,0.1,117,-
2501,サッポロビール,食料品,1.0,★☆☆☆☆,0.0,0.0,0.0,0.0,1.0,0.0,0.0,0.0,,,0.0,-3.6,3.6,-2.8,1806,1946.0,-3.3,0.1,2633,-
2531,宝ホールディングス,食料品,1.0,★☆☆☆☆,0.0,0.0,0.0,0.0,1.0,0.0,0.0,0.0,,,0.0,-1.1,2.9,-2.1,1965,2085.5,-0.2,0.1,899,-
2593,伊藤園,食料品,1.0,★☆☆☆☆,0.0,0.0,1.0,0.0,0.0,0.0,0.0,0.0,,,0.0,0.9,3.1,-2.1,2760,2943.0,-1.4,0.2,1189,-
7610,テイツー,小売業,1.0,★☆☆☆☆,0.0,0.0,1.0,0.0,0.0,0.0,0.0,0.0,,,0.0,-2.3,2.6,-3.8,134,141.0,-4.1,0.2,178,-
4307,野村総合研究所,情報・通信業,1.0,★☆☆☆☆,0.0,0.0,1.0,0.0,0.0,0.0,0.0,0.0,,,0.0,-1.2,4.8,-3.3,4378,4838.0,3.2,0.2,15639,-
2288,丸大食品,食料品,1.0,★☆☆☆☆,0.0,0.0,0.0,0.0,1.0,0.0,0.0,0.0,,,0.0,-4.2,2.4,-6.1,2028,2132.0,-7.2,0.5,206,-
4568,第一三共,医薬品,1.0,★☆☆☆☆,0.0,0.0,1.0,0.0,0.0,0.0,0.0,0.0,,,0.0,1.4,3.5,-0.7,2518,2705.5,5.4,0.2,17971,-
4554,富士製薬工業,医薬品,1.0,★☆☆☆☆,0.0,0.0,1.0,0.0,0.0,0.0,0.0,0.0,,,0.0,-3.7,2.8,-7.4,1650,1749.0,-6.0,1.5,197,-
6535,アイモバイル,サービス業,1.0,★☆☆☆☆,0.0,0.0,1.0,0.0,0.0,0.0,0.0,0.0,,,0.0,0.9,2.4,-2.9,459,482.0,0.0,0.1,315,-
4687,ＴＤＣソフト,情報・通信業,1.0,★☆☆☆☆,0.0,0.0,1.0,0.0,0.0,0.0,0.0,0.0,,,0.0,-0.5,4.7,-5.9,859,948.0,-10.7,0.2,108,-
2962,テクニスコ,金属製品,1.0,★☆☆☆☆,0.0,0.0,1.0,0.0,0.0,0.0,0.0,0.0,,,0.0,-2.9,8.4,-7.8,983,1182.0,0.0,0.1,181,-
8233,高島屋,小売業,1.0,★☆☆☆☆,0.0,0.0,0.0,0.0,1.0,0.0,0.0,0.0,,,0.0,2.6,3.5,-0.7,2145,2307.0,1.4,0.1,4051,-
8129,東邦ホールディングス,卸売業,1.0,★☆☆☆☆,0.0,0.0,1.0,0.0,0.0,0.0,0.0,0.0,,,0.0,-2.6,3.9,-5.3,3493,3789.0,-5.6,0.2,722,-
6754,アンリツ,電気機器,1.0,★☆☆☆☆,0.0,0.0,1.0,0.0,0.0,0.0,0.0,0.0,,,0.0,-12.9,6.5,-10.4,3015,3465.0,-2.8,0.1,6146,-
9302,三井倉庫ホールディングス,倉庫・運輸関連業,1.0,★☆☆☆☆,0.0,0.0,1.0,0.0,0.0,0.0,0.0,0.0,,,0.0,-5.6,3.5,-9.2,2988,3212.0,-11.0,0.4,858,-
1979,大氣社,建設業,1.0,★☆☆☆☆,0.0,0.0,0.0,0.0,1.0,0.0,0.0,0.0,,,0.0,-3.8,3.1,-3.5,4086,4360.0,3.0,0.2,1267,-
9336,大栄環境,サービス業,1.0,★☆☆☆☆,0.0,0.0,0.0,0.0,1.0,0.0,0.0,0.0,,,0.0,-5.4,2.7,-3.5,3479,3680.0,-1.6,0.1,487,-
197A,タウンズ,医薬品,1.0,★☆☆☆☆,0.0,0.0,1.0,0.0,0.0,0.0,0.0,0.0,,,0.0,3.0,1.2,-0.8,457,468.0,-1.1,0.1,150,-
1333,Ｕｍｉｏｓ,水産・農林業,1.0,★☆☆☆☆,0.0,0.0,0.0,0.0,1.0,0.0,0.0,0.0,,,0.0,-0.9,2.1,-3.2,1222,1274.5,-2.8,0.2,677,-
9064,ヤマトホールディングス,陸運業,1.0,★☆☆☆☆,0.0,0.0,1.0,0.0,0.0,0.0,0.0,0.0,,,0.0,0.8,3.3,-3.8,1795,1922.0,-7.1,0.1,2811,-
3086,Ｊ．フロント　リテイリング,小売業,1.0,★☆☆☆☆,0.0,0.0,0.0,0.0,1.0,0.0,0.0,0.0,,,0.0,-5.8,3.7,-3.8,2753,2973.5,-0.3,0.1,3118,-
3922,ＰＲ　ＴＩＭＥＳ,情報・通信業,1.0,★☆☆☆☆,0.0,0.0,1.0,0.0,0.0,0.0,0.0,0.0,,,0.0,-14.9,2.1,-7.7,1948,2035.0,-2.7,0.2,156,-
7730,マニー,精密機器,1.0,★☆☆☆☆,0.0,0.0,1.0,0.0,0.0,0.0,0.0,0.0,,,0.0,-6.8,2.0,-4.9,1466,1526.0,0.9,0.2,665,-
7678,あさくま,小売業,1.0,★☆☆☆☆,0.0,0.0,0.0,0.0,1.0,0.0,0.0,0.0,,,0.0,-2.6,2.1,-1.9,3002,3135.0,4.8,0.2,101,-
3150,グリムス,電気・ガス業,1.0,★☆☆☆☆,0.0,0.0,0.0,0.0,1.0,0.0,0.0,0.0,,,0.0,1.2,2.3,-2.5,2374,2491.0,-3.2,0.4,124,-
8141,新光商事,卸売業,1.0,★☆☆☆☆,0.0,0.0,0.0,0.0,1.0,0.0,0.0,0.0,,,0.0,1.1,1.0,-1.0,1537,1568.0,0.8,0.1,195,-
4519,中外製薬,医薬品,1.0,★☆☆☆☆,0.0,0.0,1.0,0.0,0.0,0.0,0.0,0.0,,,0.0,-5.0,3.2,-4.8,6374,6812.0,-1.7,0.2,20052,-
2201,森永製菓,食料品,1.0,★☆☆☆☆,0.0,0.0,0.0,0.0,1.0,0.0,0.0,0.0,,,0.0,-3.1,2.7,-4.0,2419,2558.5,-3.1,0.6,786,-
9143,ＳＧホールディングス,陸運業,1.0,★☆☆☆☆,0.0,0.0,1.0,0.0,0.0,0.0,0.0,0.0,,,0.0,-1.2,2.5,-2.6,1468,1545.0,-2.3,0.1,2107,-
9502,中部電力,電気・ガス業,1.0,★☆☆☆☆,0.0,0.0,0.0,0.0,1.0,0.0,0.0,0.0,,,0.0,-13.1,3.5,-7.1,2553,2746.5,-1.5,0.1,11975,-
9757,船井総研ホールディングス,サービス業,1.0,★☆☆☆☆,0.0,0.0,1.0,0.0,0.0,0.0,0.0,0.0,,,0.0,2.1,2.0,-1.2,1055,1099.0,-0.5,0.2,478,-
7388,ＦＰパートナー,保険業,1.0,★☆☆☆☆,0.0,0.0,1.0,0.0,0.0,0.0,0.0,0.0,,,0.0,-1.7,2.2,-2.2,2047,2139.0,-2.8,0.1,104,-
4005,住友化学,化学,1.0,★☆☆☆☆,0.0,0.0,0.0,0.0,1.0,0.0,0.0,0.0,,,0.0,-4.4,3.4,-5.1,468,502.1000061035156,-3.7,0.1,7614,-
9987,スズケン,卸売業,1.0,★☆☆☆☆,0.0,0.0,1.0,0.0,0.0,0.0,0.0,0.0,,,0.0,0.9,2.3,-2.5,4718,4950.0,-2.8,0.1,885,-
7818,トランザクション,その他製品,1.0,★☆☆☆☆,0.0,0.0,0.0,0.0,1.0,0.0,0.0,0.0,,,0.0,-14.0,3.2,-8.8,1098,1173.0,-2.2,0.6,214,-
7917,ＺＡＣＲＯＳ,化学,1.0,★☆☆☆☆,0.0,0.0,0.0,0.0,1.0,0.0,0.0,0.0,,,0.0,2.2,4.1,-4.7,1192,1298.0,-4.3,0.6,229,-
9989,サンドラッグ,小売業,1.0,★☆☆☆☆,0.0,0.0,1.0,0.0,0.0,0.0,0.0,0.0,,,0.0,-1.0,2.0,-2.4,3571,3721.0,-1.6,0.1,1762,-
3222,ユナイテッド・スーパーマーケット・ホールディングス,小売業,1.0,★☆☆☆☆,0.0,0.0,1.0,0.0,0.0,0.0,0.0,0.0,,,0.0,-0.3,2.1,-1.4,771,805.0,-2.1,0.6,357,-
4536,参天製薬,医薬品,1.0,★☆☆☆☆,0.0,0.0,0.0,0.0,1.0,0.0,0.0,0.0,,,0.0,-12.5,2.9,-8.9,1741,1847.5,-1.9,0.4,2127,-
7102,日本車輌製造,輸送用機器,1.0,★☆☆☆☆,0.0,0.0,1.0,0.0,0.0,0.0,0.0,0.0,,,0.0,3.4,3.8,-1.6,3199,3465.0,2.5,0.1,194,-
4694,ビー・エム・エル,サービス業,1.0,★☆☆☆☆,0.0,0.0,0.0,0.0,1.0,0.0,0.0,0.0,,,0.0,-0.2,2.1,-1.1,3415,3565.0,-0.6,0.2,277,-
8844,コスモスイニシア,不動産業,1.0,★☆☆☆☆,0.0,0.0,0.0,0.0,1.0,0.0,0.0,0.0,,,0.0,-10.2,3.0,-9.7,1153,1226.0,-7.4,0.4,107,-
9003,相鉄ホールディングス,陸運業,1.0,★☆☆☆☆,0.0,0.0,1.0,0.0,0.0,0.0,0.0,0.0,,,0.0,-0.8,3.3,-3.7,2304,2467.5,-6.3,0.2,800,-
9247,ＴＲＥホールディングス,サービス業,1.0,★☆☆☆☆,0.0,0.0,0.0,0.0,1.0,0.0,0.0,0.0,,,0.0,-2.7,3.3,-4.9,1862,1993.0,-1.2,0.1,618,-
5076,インフロニア・ホールディングス,建設業,1.0,★☆☆☆☆,0.0,0.0,0.0,0.0,1.0,0.0,0.0,0.0,,,0.0,-8.6,2.7,-5.4,2446,2587.5,-0.4,0.1,4216,-
9267,Ｇｅｎｋｙ　ＤｒｕｇＳｔｏｒｅｓ,小売業,1.0,★☆☆☆☆,0.0,0.0,1.0,0.0,0.0,0.0,0.0,0.0,,,0.0,-2.1,4.1,-3.1,3335,3635.0,-2.7,0.1,359,-
7600,日本エム・ディ・エム,精密機器,0.0,★☆☆☆☆,0.0,0.0,0.0,0.0,0.0,0.0,0.0,0.0,,,0.0,6.6,4.8,-0.3,824,911.0,5.7,0.1,276,-
3836,アバントグループ,情報・通信業,0.0,★☆☆☆☆,0.0,0.0,0.0,0.0,0.0,0.0,0.0,0.0,,,0.0,-2.0,3.7,-6.7,1048,1131.0,-11.0,0.3,118,-
3854,アイル,情報・通信業,0.0,★☆☆☆☆,0.0,0.0,0.0,0.0,0.0,0.0,0.0,0.0,,,0.0,-5.7,2.4,-3.3,2119,2225.0,-1.5,0.1,197,-
3911,Ａｉｍｉｎｇ,情報・通信業,0.0,★☆☆☆☆,0.0,0.0,0.0,0.0,0.0,0.0,0.0,0.0,,,0.0,-8.5,4.4,-11.8,157,172.0,-6.5,0.1,110,-
9468,ＫＡＤＯＫＡＷＡ,情報・通信業,0.0,★☆☆☆☆,0.0,0.0,0.0,0.0,0.0,0.0,0.0,0.0,,,0.0,-4.4,2.6,-2.1,3355,3538.0,1.9,0.1,1876,-
2130,メンバーズ,サービス業,0.0,★☆☆☆☆,0.0,0.0,0.0,0.0,0.0,0.0,0.0,0.0,,,0.0,-15.8,4.1,-15.1,817,891.0,0.3,0.2,118,-
6458,新晃工業,機械,0.0,★☆☆☆☆,0.0,0.0,0.0,0.0,0.0,0.0,0.0,0.0,,,0.0,-2.0,1.6,-3.3,1166,1206.0,-1.5,0.9,241,-
3139,ラクト・ジャパン,卸売業,0.0,★☆☆☆☆,0.0,0.0,0.0,0.0,0.0,0.0,0.0,0.0,,,0.0,-3.5,1.9,-4.2,3154,3275.0,-3.1,0.2,124,-
6196,ストライクグループ,サービス業,0.0,★☆☆☆☆,0.0,0.0,0.0,0.0,0.0,0.0,0.0,0.0,,,0.0,0.4,2.7,-2.1,1242,1312.0,-0.8,0.1,483,-
6166,中村超硬,機械,0.0,★☆☆☆☆,0.0,0.0,0.0,0.0,0.0,0.0,0.0,0.0,,,0.0,-17.2,5.1,-10.0,557,620.0,1.5,0.1,202,-
5938,ＬＩＸＩＬ,金属製品,0.0,★☆☆☆☆,0.0,0.0,0.0,0.0,0.0,0.0,0.0,0.0,,,0.0,-1.0,2.8,-2.1,1705,1804.5,4.0,0.2,4062,-
5930,文化シヤッター,金属製品,0.0,★☆☆☆☆,0.0,0.0,0.0,0.0,0.0,0.0,0.0,0.0,,,0.0,-4.6,2.6,-4.6,1730,1824.0,-4.2,0.2,223,-
3333,あさひ,小売業,0.0,★☆☆☆☆,0.0,0.0,0.0,0.0,0.0,0.0,0.0,0.0,,,0.0,1.0,2.0,-1.5,1264,1318.0,-2.9,0.1,155,-
8830,住友不動産,不動産業,0.0,★☆☆☆☆,0.0,0.0,0.0,0.0,0.0,0.0,0.0,0.0,,,0.0,-4.5,2.8,-5.2,3336,3532.0,-2.0,0.2,8757,-
4685,菱友システムズ,情報・通信業,0.0,★☆☆☆☆,0.0,0.0,0.0,0.0,0.0,0.0,0.0,0.0,,,0.0,-6.8,3.4,-7.1,2452,2629.0,-8.7,0.6,108,-
4569,杏林製薬,医薬品,0.0,★☆☆☆☆,0.0,0.0,0.0,0.0,0.0,0.0,0.0,0.0,,,0.0,-6.4,2.5,-6.8,1026,1081.0,-5.3,0.2,194,-
4887,サワイグループホールディングス,医薬品,0.0,★☆☆☆☆,0.0,0.0,0.0,0.0,0.0,0.0,0.0,0.0,,,0.0,-0.9,1.9,-2.3,1573,1635.0,-0.9,0.1,714,-
2982,ＡＤワークスグループ,不動産業,0.0,★☆☆☆☆,0.0,0.0,0.0,0.0,0.0,0.0,0.0,0.0,,,0.0,3.4,2.6,-2.8,375,396.0,-3.4,1.0,129,-
2931,ユーグレナ,食料品,0.0,★☆☆☆☆,0.0,0.0,0.0,0.0,0.0,0.0,0.0,0.0,,,0.0,0.9,2.2,-1.2,324,339.0,-0.6,0.3,230,-
2811,カゴメ,食料品,0.0,★☆☆☆☆,0.0,0.0,0.0,0.0,0.0,0.0,0.0,0.0,,,0.0,-0.1,2.6,-2.0,2504,2639.5,1.1,0.3,870,-
4528,小野薬品工業,医薬品,0.0,★☆☆☆☆,0.0,0.0,0.0,0.0,0.0,0.0,0.0,0.0,,,0.0,-1.3,2.7,-2.0,2234,2359.0,-1.0,0.1,3820,-
8056,ＢＩＰＲＯＧＹ,情報・通信業,0.0,★☆☆☆☆,0.0,0.0,0.0,0.0,0.0,0.0,0.0,0.0,,,0.0,-3.9,4.6,-7.4,3922,4316.0,-11.3,0.4,2201,-
9519,レノバ,電気・ガス業,0.0,★☆☆☆☆,0.0,0.0,0.0,0.0,0.0,0.0,0.0,0.0,,,0.0,-5.1,4.3,-9.5,795,869.0,-6.6,0.7,730,-
3252,地主,不動産業,0.0,★☆☆☆☆,0.0,0.0,0.0,0.0,0.0,0.0,0.0,0.0,,,0.0,-0.5,1.8,-2.6,2728,2828.0,-3.2,0.1,280,-
9413,テレビ東京ホールディングス,情報・通信業,0.0,★☆☆☆☆,0.0,0.0,0.0,0.0,0.0,0.0,0.0,0.0,,,0.0,-8.6,2.7,-6.5,3161,3345.0,-2.8,0.3,333,-
9504,中国電力,電気・ガス業,0.0,★☆☆☆☆,0.0,0.0,0.0,0.0,0.0,0.0,0.0,0.0,,,0.0,1.0,2.2,-1.5,875,915.7000122070312,-2.6,0.2,1501,-
9474,ゼンリン,情報・通信業,0.0,★☆☆☆☆,0.0,0.0,0.0,0.0,0.0,0.0,0.0,0.0,,,0.0,-0.6,2.0,-2.8,849,884.0,-2.5,0.1,207,-
6226,守谷輸送機工業,機械,0.0,★☆☆☆☆,0.0,0.0,0.0,0.0,0.0,0.0,0.0,0.0,,,0.0,-10.5,7.9,-14.7,1710,2030.0,-12.9,0.5,547,-
6231,木村工機,機械,0.0,★☆☆☆☆,0.0,0.0,0.0,0.0,0.0,0.0,0.0,0.0,,,0.0,-6.1,3.7,-2.9,11239,12130.0,4.6,0.2,131,-
2752,フジオフードグループ本社,小売業,0.0,★☆☆☆☆,0.0,0.0,0.0,0.0,0.0,0.0,0.0,0.0,,,0.0,1.4,2.1,-1.7,1037,1082.0,-4.5,0.3,142,-
2791,大黒天物産,小売業,0.0,★☆☆☆☆,0.0,0.0,0.0,0.0,0.0,0.0,0.0,0.0,,,0.0,0.4,3.7,-3.4,4023,4340.0,-3.4,0.1,280,-
8585,オリエントコーポレーション,その他金融業,0.0,★☆☆☆☆,0.0,0.0,0.0,0.0,0.0,0.0,0.0,0.0,,,0.0,-0.3,2.4,-3.2,820,862.0,-4.5,0.1,489,-
9256,サクシード,サービス業,0.0,★☆☆☆☆,0.0,0.0,0.0,0.0,0.0,0.0,0.0,0.0,,,0.0,-66.4,28.4,-56.7,565,1311.0,2.8,0.2,631,-
9048,名古屋鉄道,陸運業,0.0,★☆☆☆☆,0.0,0.0,0.0,0.0,0.0,0.0,0.0,0.0,,,0.0,1.3,2.2,-2.0,1772,1854.5,-2.1,0.1,1659,-
9045,京阪ホールディングス,陸運業,0.0,★☆☆☆☆,0.0,0.0,0.0,0.0,0.0,0.0,0.0,0.0,,,0.0,-0.5,2.4,-2.9,2979,3132.0,-4.0,0.1,959,-
4552,ＪＣＲファーマ,医薬品,0.0,★☆☆☆☆,0.0,0.0,0.0,0.0,0.0,0.0,0.0,0.0,,,0.0,6.2,3.4,-0.4,458,492.0,2.7,0.2,313,-
4886,あすか製薬ホールディングス,医薬品,0.0,★☆☆☆☆,0.0,0.0,0.0,0.0,0.0,0.0,0.0,0.0,,,0.0,-10.5,3.2,-10.1,1863,1992.0,-7.4,0.3,194,-
6849,日本光電工業,電気機器,0.0,★☆☆☆☆,0.0,0.0,0.0,0.0,0.0,0.0,0.0,0.0,,,0.0,-3.1,3.5,-8.1,1317,1417.0,-10.9,1.0,1069,-
9024,西武ホールディングス,陸運業,0.0,★☆☆☆☆,0.0,0.0,0.0,0.0,0.0,0.0,0.0,0.0,,,0.0,-2.9,4.4,-6.8,2999,3288.0,-7.7,0.1,6250,-
7860,エイベックス,情報・通信業,0.0,★☆☆☆☆,0.0,0.0,0.0,0.0,0.0,0.0,0.0,0.0,,,0.0,1.4,2.4,-2.1,1184,1244.0,-5.8,0.6,227,-
7649,スギホールディングス,小売業,0.0,★☆☆☆☆,0.0,0.0,0.0,0.0,0.0,0.0,0.0,0.0,,,0.0,-10.5,3.1,-6.1,2598,2768.5,-1.9,0.1,3040,-
3591,ワコールホールディングス,繊維製品,0.0,★☆☆☆☆,0.0,0.0,0.0,0.0,0.0,0.0,0.0,0.0,,,0.0,1.2,2.1,-0.7,4230,4413.0,0.2,0.1,370,-
3968,セグエグループ,情報・通信業,0.0,★☆☆☆☆,0.0,0.0,0.0,0.0,0.0,0.0,0.0,0.0,,,0.0,0.0,2.3,-3.2,546,573.0,-3.4,0.2,133,-
3231,野村不動産ホールディングス,不動産業,0.0,★☆☆☆☆,0.0,0.0,0.0,0.0,0.0,0.0,0.0,0.0,,,0.0,-0.4,2.1,-3.3,872,910.7000122070312,-1.0,0.2,3886,-
4151,協和キリン,医薬品,0.0,★☆☆☆☆,0.0,0.0,0.0,0.0,0.0,0.0,0.0,0.0,,,0.0,-3.3,2.6,-3.8,2390,2522.0,-1.3,0.1,2649,-
3299,ムゲンエステート,不動産業,0.0,★☆☆☆☆,0.0,0.0,0.0,0.0,0.0,0.0,0.0,0.0,,,0.0,0.9,2.1,-1.7,1827,1907.0,-1.8,0.3,238,-
2874,横浜冷凍,卸売業,0.0,★☆☆☆☆,0.0,0.0,0.0,0.0,0.0,0.0,0.0,0.0,,,0.0,3.4,4.0,-0.8,1947,2117.0,-0.8,0.1,451,-
7701,島津製作所,精密機器,0.0,★☆☆☆☆,0.0,0.0,0.0,0.0,0.0,0.0,0.0,0.0,,,0.0,2.4,2.8,-2.8,3773,4001.0,-2.3,0.9,3946,-
7685,ＢｕｙＳｅｌｌ　Ｔｅｃｈｎｏｌｏｇｉｅｓ,卸売業,0.0,★☆☆☆☆,0.0,0.0,0.0,0.0,0.0,0.0,0.0,0.0,,,0.0,-13.5,4.9,-8.6,2701,2998.0,0.9,0.4,1013,-
7130,ヤマエグループホールディングス,卸売業,0.0,★☆☆☆☆,0.0,0.0,0.0,0.0,0.0,0.0,0.0,0.0,,,0.0,-1.9,2.5,-1.7,2756,2904.0,3.2,0.2,215,-
4540,ツムラ,医薬品,0.0,★☆☆☆☆,0.0,0.0,0.0,0.0,0.0,0.0,0.0,0.0,,,0.0,1.2,2.3,-2.1,3583,3753.0,-1.7,0.3,1483,-
1808,長谷工コーポレーション,建設業,0.0,★☆☆☆☆,0.0,0.0,0.0,0.0,0.0,0.0,0.0,0.0,,,0.0,1.3,2.2,-1.5,2627,2749.5,-1.1,0.3,2539,-
6327,北川精機,機械,0.0,★☆☆☆☆,0.0,0.0,0.0,0.0,0.0,0.0,0.0,0.0,,,0.0,-34.8,12.1,-25.6,2438,3220.0,13.1,0.1,2857,-
3395,サンマルクホールディングス,小売業,0.0,★☆☆☆☆,0.0,0.0,0.0,0.0,0.0,0.0,0.0,0.0,,,0.0,-5.7,2.5,-7.3,2236,2356.0,-8.1,0.7,222,-
6544,ジャパンエレベーターサービスホールディングス,サービス業,0.0,★☆☆☆☆,0.0,0.0,0.0,0.0,0.0,0.0,0.0,0.0,,,0.0,-16.7,3.6,-12.8,1396,1504.5,-11.1,1.1,902,-
336A,ダイナミックマッププラットフォーム,情報・通信業,0.0,★☆☆☆☆,0.0,0.0,0.0,0.0,0.0,0.0,0.0,0.0,,,0.0,-5.6,5.0,-6.4,708,788.0,-3.0,0.3,216,-
1720,東急建設,建設業,0.0,★☆☆☆☆,0.0,0.0,0.0,0.0,0.0,0.0,0.0,0.0,,,0.0,-3.1,2.5,-3.7,1074,1130.0,-3.1,0.2,393,-
2337,いちご,不動産業,0.0,★☆☆☆☆,0.0,0.0,0.0,0.0,0.0,0.0,0.0,0.0,,,0.0,-7.4,2.4,-6.5,379,398.0,-3.9,0.1,403,-
7211,三菱自動車工業,輸送用機器,0.0,★☆☆☆☆,0.0,0.0,0.0,0.0,0.0,0.0,0.0,0.0,,,0.0,8.6,4.6,-2.7,319,351.1000061035156,-4.6,0.1,6128,-
3916,デジタル・インフォメーション・テクノロジー,情報・通信業,0.0,★☆☆☆☆,0.0,0.0,0.0,0.0,0.0,0.0,0.0,0.0,,,0.0,3.5,2.6,-0.8,883,931.0,-1.7,0.1,110,-
4549,栄研化学,医薬品,0.0,★☆☆☆☆,0.0,0.0,0.0,0.0,0.0,0.0,0.0,0.0,,,0.0,-10.8,4.7,-10.4,1990,2196.0,2.1,0.1,606,-
1419,タマホーム,建設業,0.0,★☆☆☆☆,0.0,0.0,0.0,0.0,0.0,0.0,0.0,0.0,,,0.0,-0.4,2.2,-2.1,2798,2930.0,-3.6,0.1,426,-
9936,王将フードサービス,小売業,0.0,★☆☆☆☆,0.0,0.0,0.0,0.0,0.0,0.0,0.0,0.0,,,0.0,1.6,2.3,-1.4,2775,2907.0,-3.7,0.2,637,-
9305,ヤマタネ,卸売業,0.0,★☆☆☆☆,0.0,0.0,0.0,0.0,0.0,0.0,0.0,0.0,,,0.0,-0.1,1.8,-2.3,1978,2051.0,-2.8,0.2,126,-
4413,ボードルア,情報・通信業,0.0,★☆☆☆☆,0.0,0.0,0.0,0.0,0.0,0.0,0.0,0.0,,,0.0,-12.7,5.1,-10.5,2388,2657.0,-7.4,0.2,834,-
1861,熊谷組,建設業,0.0,★☆☆☆☆,0.0,0.0,0.0,0.0,0.0,0.0,0.0,0.0,,,0.0,-2.5,2.1,-2.5,1357,1416.0,-1.0,0.2,913,-
1959,クラフティア,建設業,0.0,★☆☆☆☆,0.0,0.0,0.0,0.0,0.0,0.0,0.0,0.0,,,0.0,-5.1,4.1,-5.8,7544,8221.0,-3.2,0.1,2190,-
7476,アズワン,卸売業,0.0,★☆☆☆☆,0.0,0.0,0.0,0.0,0.0,0.0,0.0,0.0,,,0.0,0.9,3.2,-2.4,2224,2375.0,-1.2,0.3,415,-
7512,イオン北海道,小売業,0.0,★☆☆☆☆,0.0,0.0,0.0,0.0,0.0,0.0,0.0,0.0,,,0.0,-0.8,1.8,-2.2,796,826.0,-2.4,0.3,149,-
1812,鹿島建設,建設業,0.0,★☆☆☆☆,0.0,0.0,0.0,0.0,0.0,0.0,0.0,0.0,,,0.0,-9.0,3.6,-7.8,4789,5155.0,-4.2,0.3,8760,-
