code,name,sector,score,stars,linkage,theme,supply,etf,tech,fund,material,penalty,signal,driver,gap_pct,rs20,atr_pct,dev25,stop,close,chg5d,v_ratio,turnover_m,reasons_str
6857,アドバンテスト,電気機器,38.5,★☆☆☆☆,17.4,6.0,1.0,0.0,12.0,0.0,2.1,0.0,,SK hynix,7.1,17.2,5.7,12.4,31793,35900.0,-2.6,0.7,305137,SK hynix+4.1%連動(β0.53) 未反応+7.1% / HBM・後工程(-7.1%) / MA上昇配列 / パーフェクトオーダー / 開示[自己株式の取得](4日前)
6508,明電舎,電気機器,34.9,★☆☆☆☆,14.9,6.0,3.0,0.0,11.0,0.0,0.0,0.0,,SK hynix,10.5,26.9,5.8,12.0,10141,11480.0,-7.2,0.8,3822,SK hynix+4.1%連動(β0.28) 未反応+10.5% / AIデータセンター・電力(-6.0%) / MA上昇配列 / パーフェクトオーダー
3110,日東紡績,ガラス・土石製品,30.2,★☆☆☆☆,16.5,0.0,0.0,0.0,3.7,10.0,0.0,0.0,,SK hynix,12.7,-4.8,9.2,0.2,2501,3065.0,-3.2,0.7,23558,SK hynix+4.1%連動(β0.44) 未反応+12.7% / 増収+21% / ROE28% / PER13倍
6264,マルマエ,機械,29.9,★☆☆☆☆,16.7,0.0,1.0,0.0,3.7,8.5,0.0,0.0,,SK hynix,10.3,0.6,5.5,0.6,1819,2045.0,-4.8,0.7,1146,SK hynix+4.1%連動(β0.46) 未反応+10.3% / 増収+58% / ROE25%
4062,イビデン,電気機器,29.5,★☆☆☆☆,17.5,6.0,0.0,0.0,6.0,0.0,0.0,0.0,,SK hynix,13.3,6.8,8.9,5.9,15757,19190.0,-7.7,0.7,154124,SK hynix+4.1%連動(β0.54) 未反応+13.3% / HBM・後工程(-7.1%)
5803,フジクラ,非鉄金属,29.5,★☆☆☆☆,16.5,6.0,1.0,0.0,6.0,0.0,0.0,0.0,,SK hynix,14.9,12.3,8.6,7.7,4375,5280.0,-6.8,1.0,319823,SK hynix+4.1%連動(β0.44) 未反応+14.9% / 光通信・電線(-6.6%)
5805,ＳＷＣＣ,非鉄金属,29.2,★☆☆☆☆,15.2,6.0,2.0,0.0,6.0,0.0,0.0,0.0,,SK hynix,6.7,22.1,6.3,12.7,12130,13890.0,-2.6,0.6,7085,SK hynix+4.1%連動(β0.32) 未反応+6.7% / 光通信・電線(-6.6%)
2108,日本甜菜製糖,食料品,29.1,★☆☆☆☆,0.0,0.0,7.7,0.0,12.5,0.0,8.9,0.0,,,0.0,18.6,2.7,12.7,5497,5810.0,6.8,2.1,163,出来高増2.1倍 / 買い出来高優勢 / MA上昇配列 / パーフェクトオーダー / 52週高値ブレイク! / RSI過熱(88)⚠ / 開示[自己株式の取得](0日前) / 開示[株式分割](0日前)
3932,アカツキ,情報・通信業,29.0,★☆☆☆☆,0.0,0.0,9.0,0.0,13.7,9.0,0.3,-3.0,,,0.0,29.3,3.8,18.9,3448,3730.0,11.0,3.3,305,出来高急増3.3倍 / 買い出来高優勢 / MA上昇配列 / パーフェクトオーダー / 52週高値ブレイク! / 伸びすぎ注意(25MA+19%) / 開示[株式分割](12日前) / 増収+25% / PER10倍
3441,山王,金属製品,28.9,★☆☆☆☆,14.9,0.0,0.0,0.0,5.0,9.0,0.0,0.0,,SK hynix,9.3,0.4,5.3,2.3,2410,2699.0,-1.5,0.8,128,SK hynix+4.1%連動(β0.28) 未反応+9.3% / 増収+58% / ROE21% / PER10倍
4238,ミライアル,化学,28.9,★☆☆☆☆,14.6,0.0,3.3,0.0,11.0,0.0,0.0,0.0,,SK hynix,5.5,2.7,3.9,3.3,1572,1707.0,-4.3,0.2,101,SK hynix+4.1%連動(β0.26) 未反応+5.5% / 買い出来高優勢 / MA上昇配列 / パーフェクトオーダー
3374,内外テック,卸売業,28.7,★☆☆☆☆,14.7,0.0,3.0,0.0,11.0,0.0,0.0,0.0,,SK hynix,7.8,18.1,6.3,11.1,3524,4030.0,-9.5,0.5,254,SK hynix+4.1%連動(β0.26) 未反応+7.8% / MA上昇配列 / パーフェクトオーダー
6954,ファナック,電気機器,28.3,★☆☆☆☆,14.8,6.0,0.0,0.0,0.0,7.5,0.0,0.0,,Albemarle,8.6,-12.4,5.1,-7.5,5424,6035.0,-6.2,0.7,50127,Albemarle+5.4%連動(β0.21) 未反応+8.6% / ロボット(-9.0%) / 増収+18%
6871,日本マイクロニクス,電気機器,28.3,★☆☆☆☆,17.6,6.0,2.0,0.0,2.7,0.0,0.0,0.0,,SK hynix,12.9,-15.8,7.9,-4.4,11514,13690.0,-8.9,0.7,22000,SK hynix+4.1%連動(β0.55) 未反応+12.9% / 半導体製造装置(-9.0%)
5801,古河電気工業,非鉄金属,28.2,★☆☆☆☆,16.2,6.0,0.0,0.0,6.0,0.0,0.0,0.0,,SK hynix,12.8,9.3,9.7,5.5,3077,3818.0,-5.9,0.7,120330,SK hynix+4.1%連動(β0.41) 未反応+12.8% / 光通信・電線(-6.6%)
6258,平田機工,機械,28.1,★☆☆☆☆,15.1,0.0,2.0,0.0,11.0,0.0,0.0,0.0,,SK hynix,8.1,19.0,6.4,10.5,3076,3525.0,-7.8,0.8,1359,SK hynix+4.1%連動(β0.31) 未反応+8.1% / MA上昇配列 / パーフェクトオーダー
3891,ニッポン高度紙工業,パルプ・紙,28.0,★☆☆☆☆,15.3,0.0,1.0,0.0,2.7,9.0,0.0,0.0,,SK hynix,15.3,-12.1,8.4,-6.1,5359,6440.0,-10.4,0.5,1541,SK hynix+4.1%連動(β0.32) 未反応+15.3% / 増収+30% / PER25倍
8622,水戸証券,証券、商品先物取引業,28.0,★☆☆☆☆,0.0,0.0,5.3,0.0,13.7,9.0,0.0,0.0,,,0.0,16.9,3.2,11.9,861,920.0,6.7,1.2,343,買い出来高優勢 / MA上昇配列 / パーフェクトオーダー / 52週高値ブレイク! / 増収+72% / PER18倍
9692,シーイーシー,情報・通信業,27.900000000000002,★☆☆☆☆,0.0,0.0,3.3,0.0,13.5,8.0,3.1,0.0,,,0.0,10.5,2.1,5.7,2296,2395.0,-0.6,0.7,258,買い出来高優勢 / MA上昇配列 / パーフェクトオーダー / 52週高値目前 / 開示[上方修正](3日前) / 増収+17% / PER15倍
4461,第一工業製薬,化学,27.9,★☆☆☆☆,15.4,0.0,4.0,0.0,8.5,0.0,0.0,0.0,,SK hynix,11.4,24.6,7.5,10.9,11776,13840.0,-9.4,0.8,3240,SK hynix+4.1%連動(β0.33) 未反応+11.4% / 資金流入増 / MA上昇配列 / パーフェクトオーダー
6146,ディスコ,機械,27.9,★☆☆☆☆,16.9,6.0,1.0,0.0,4.0,0.0,0.0,0.0,,SK hynix,8.8,-11.0,5.2,-1.2,54927,61360.0,-6.3,0.5,116485,SK hynix+4.1%連動(β0.48) 未反応+8.8% / HBM・後工程(-7.1%)
6337,テセック,機械,27.2,★☆☆☆☆,14.7,0.0,5.3,0.0,7.2,0.0,0.0,0.0,,SK hynix,11.0,27.2,7.1,4.7,2619,3055.0,-11.2,0.1,503,SK hynix+4.1%連動(β0.26) 未反応+11.0% / 買い出来高優勢 / 資金流入増 / MA上昇配列 / パーフェクトオーダー
2760,東京エレクトロン　デバイス,卸売業,27.2,★☆☆☆☆,15.0,0.0,3.0,0.0,1.2,8.0,0.0,0.0,,SK hynix,9.8,3.2,5.4,-1.9,3544,3970.0,-10.1,0.4,1038,SK hynix+4.1%連動(β0.29) 未反応+9.8% / 増収+34% / ROE18% / PER15倍
5310,東洋炭素,ガラス・土石製品,26.9,★☆☆☆☆,14.9,6.0,1.0,0.0,5.0,0.0,0.0,0.0,,SK hynix,6.1,2.5,4.8,0.5,6256,6920.0,-5.5,0.6,810,SK hynix+4.1%連動(β0.28) 未反応+6.1% / 核融合(-4.8%)
6918,アバールデータ,電気機器,26.6,★☆☆☆☆,14.8,0.0,5.3,0.0,6.0,0.0,0.5,0.0,,SK hynix,12.2,9.0,5.3,6.8,3175,3550.0,-9.7,0.5,248,SK hynix+4.1%連動(β0.27) 未反応+12.2% / 買い出来高優勢 / 資金流入増 / 開示[業績予想の修正](11日前)
7729,東京精密,精密機器,26.599999999999998,★☆☆☆☆,16.4,6.0,2.0,0.0,2.2,0.0,0.0,0.0,,SK hynix,12.0,-5.7,5.4,-2.6,15413,17290.0,-9.7,0.7,9099,SK hynix+4.1%連動(β0.43) 未反応+12.0% / HBM・後工程(-7.1%)
6668,アドテック　プラズマ　テクノロジー,電気機器,26.5,★☆☆☆☆,15.5,0.0,1.0,0.0,10.0,0.0,0.0,0.0,,SK hynix,13.8,4.5,7.9,2.0,2898,3445.0,-7.4,0.8,499,SK hynix+4.1%連動(β0.35) 未反応+13.8% / MA上昇配列 / パーフェクトオーダー
6627,テラプローブ,電気機器,26.2,★☆☆☆☆,17.4,0.0,0.0,0.0,1.2,7.0,0.6,0.0,,SK hynix,22.5,-13.4,9.7,-11.1,7929,9840.0,-23.4,0.8,2121,SK hynix+4.1%連動(β0.53) 未反応+22.5% / 開示[株式分割](10日前) / 増収+20% / PER19倍
3131,シンデン・ハイテックス,卸売業,26.2,★☆☆☆☆,14.9,0.0,5.3,0.0,11.0,0.0,0.0,-5.0,,SK hynix,13.4,71.4,9.1,28.5,4973,6080.0,-11.6,0.4,452,SK hynix+4.1%連動(β0.28) 未反応+13.4% / 買い出来高優勢 / 資金流入増 / MA上昇配列 / パーフェクトオーダー / 過熱⚠25MA+28%
7735,ＳＣＲＥＥＮホールディングス,電気機器,26.099999999999998,★☆☆☆☆,16.4,6.0,1.0,0.0,2.7,0.0,0.0,0.0,,SK hynix,13.0,-21.5,5.3,-9.0,11607,12970.0,-9.1,0.5,48335,SK hynix+4.1%連動(β0.43) 未反応+13.0% / 半導体製造装置(-9.0%)
8035,東京エレクトロン,電気機器,26.099999999999998,★☆☆☆☆,16.4,6.0,1.0,0.0,2.7,0.0,0.0,0.0,,SK hynix,11.4,-17.1,5.0,-7.5,48837,54290.0,-8.2,0.5,233938,SK hynix+4.1%連動(β0.43) 未反応+11.4% / 半導体製造装置(-9.0%)
3132,マクニカホールディングス,卸売業,26.099999999999998,★☆☆☆☆,14.9,0.0,2.0,0.0,2.2,7.0,0.0,0.0,,SK hynix,12.6,-1.6,5.5,-3.1,2963,3332.0,-12.3,0.6,4198,SK hynix+4.1%連動(β0.29) 未反応+12.6% / 増収+40% / PER22倍
6387,サムコ,機械,26.099999999999998,★☆☆☆☆,16.4,0.0,0.0,0.0,2.7,7.0,0.0,0.0,,SK hynix,18.4,-11.5,7.8,-5.1,7497,8880.0,-10.3,0.7,1095,SK hynix+4.1%連動(β0.43) 未反応+18.4% / 増収+33% / ROE15%
7806,ＭＴＧ,その他製品,25.8,★☆☆☆☆,0.0,0.0,4.3,0.0,15.0,6.5,0.0,0.0,,,0.0,11.9,5.0,10.6,7820,8680.0,6.8,1.0,1204,買い出来高優勢 / MA上昇配列 / パーフェクトオーダー / 52週高値ブレイク! / 増収+54% / ROE22%
6379,レイズネクスト,建設業,25.8,★☆☆☆☆,0.0,0.0,5.3,0.0,15.0,5.5,0.0,0.0,,,0.0,23.8,3.2,14.2,2979,3180.0,8.5,1.0,639,買い出来高優勢 / 資金流入増 / MA上昇配列 / パーフェクトオーダー / 52週高値ブレイク! / PER16倍
9984,ソフトバンクグループ,情報・通信業,25.599999999999998,★☆☆☆☆,16.4,0.0,0.0,0.0,2.7,6.5,0.0,0.0,,SK hynix,12.5,-10.6,6.8,-4.1,4544,5255.0,-8.4,0.6,242603,SK hynix+4.1%連動(β0.43) 未反応+12.5% / ROE32% / PER6倍
3232,三重交通グループホールディングス,不動産業,25.5,★☆☆☆☆,0.0,0.0,9.0,0.0,10.0,6.5,0.0,0.0,,,0.0,4.4,1.6,3.7,554,572.0,3.4,3.0,110,出来高急増3.0倍 / 買い出来高優勢 / MA上昇配列 / PER9倍
6506,安川電機,電気機器,25.3,★☆☆☆☆,15.6,6.0,1.0,0.0,2.7,0.0,0.0,0.0,,SK hynix,10.4,-6.1,4.2,-3.3,4563,4979.0,-8.3,0.6,27092,SK hynix+4.1%連動(β0.35) 未反応+10.4% / ロボット(-9.0%)
6862,ミナトホールディングス,電気機器,25.1,★☆☆☆☆,14.8,0.0,5.3,0.0,10.0,0.0,0.0,-5.0,,SK hynix,15.3,76.2,9.4,35.0,2740,3370.0,-11.3,0.7,1706,SK hynix+4.1%連動(β0.28) 未反応+15.3% / 買い出来高優勢 / 資金流入増 / MA上昇配列 / パーフェクトオーダー / 過熱⚠25MA+35% / 開示[増配](14日前)
4203,住友ベークライト,化学,25.1,★☆☆☆☆,14.6,0.0,3.0,0.0,3.5,4.0,0.0,0.0,,SK hynix,10.0,1.0,5.5,-0.4,6379,7171.0,-8.1,0.8,6441,SK hynix+4.1%連動(β0.25) 未反応+10.0% / PER23倍
5802,住友電気工業,非鉄金属,25.099999999999998,★☆☆☆☆,15.4,6.0,1.0,0.0,2.7,0.0,0.0,0.0,,SK hynix,13.3,-12.7,6.9,-4.2,1879,2178.5,-8.7,0.6,59773,SK hynix+4.1%連動(β0.33) 未反応+13.3% / 光通信・電線(-6.6%)
6134,ＦＵＪＩ,機械,25.099999999999998,★☆☆☆☆,14.9,0.0,3.0,0.0,2.2,5.0,0.0,0.0,,SK hynix,16.4,-4.0,6.5,-4.9,6310,7257.0,-12.5,0.8,8433,SK hynix+4.1%連動(β0.29) 未反応+16.4% / 増収+46%
6645,オムロン,電気機器,25.0,★☆☆☆☆,14.5,0.0,3.0,0.0,7.5,0.0,0.0,0.0,,Albemarle,11.7,14.5,5.5,4.6,5603,6292.0,-10.2,0.5,12019,Albemarle+5.4%連動(β0.19) 未反応+11.7% / MA上昇配列 / パーフェクトオーダー
2737,トーメンデバイス,卸売業,24.8,★☆☆☆☆,15.3,0.0,4.0,0.0,8.5,0.0,0.0,-3.0,,SK hynix,14.2,71.1,9.9,17.3,22716,28350.0,-9.7,0.5,4553,SK hynix+4.1%連動(β0.32) 未反応+14.2% / 資金流入増 / MA上昇配列 / パーフェクトオーダー / 伸びすぎ注意(25MA+17%)
5122,オカモト,ゴム製品,24.8,★☆☆☆☆,0.0,0.0,5.3,0.0,15.0,4.5,0.0,0.0,,,0.0,21.4,3.9,10.5,6151,6670.0,5.2,0.5,288,買い出来高優勢 / 資金流入増 / MA上昇配列 / パーフェクトオーダー / 52週高値ブレイク! / PER23倍
3993,ＰＫＳＨＡ　Ｔｅｃｈｎｏｌｏｇｙ,情報・通信業,24.700000000000003,★☆☆☆☆,2.9,10.8,3.0,0.0,8.0,0.0,0.0,0.0,,SK hynix,-8.3,18.8,4.8,13.1,2985,3305.0,4.3,1.0,1377,SK hynix+4.1%連動(β0.28) / 生成AI・ソフト(+2.4%) / MA上昇配列
5344,ＭＡＲＵＷＡ,ガラス・土石製品,24.7,★☆☆☆☆,16.0,0.0,1.0,0.0,2.7,5.0,0.0,0.0,,SK hynix,14.3,-6.8,6.2,-5.1,47344,54100.0,-11.3,0.7,8588,SK hynix+4.1%連動(β0.39) 未反応+14.3%
6255,エヌ・ピー・シー,機械,24.7,★☆☆☆☆,14.7,0.0,4.0,0.0,6.0,0.0,0.0,0.0,,SK hynix,6.7,12.9,4.2,2.6,628,686.0,-5.4,1.7,182,SK hynix+4.1%連動(β0.26) 未反応+6.7%
6323,ローツェ,機械,24.5,★☆☆☆☆,17.3,6.0,0.0,0.0,1.2,0.0,0.0,0.0,,SK hynix,12.1,-14.5,6.4,-5.6,3424,3929.0,-9.4,0.3,10464,SK hynix+4.1%連動(β0.52) 未反応+12.1% / 半導体製造装置(-9.0%)
285A,キオクシアホールディングス,電気機器,24.4,★☆☆☆☆,17.4,0.0,2.0,0.0,5.0,0.0,0.0,0.0,,SK hynix,14.3,-11.6,10.2,3.5,43239,54320.0,1.1,0.8,2415789,SK hynix+4.1%連動(β0.52) 未反応+14.3% / 開示[自己株式の取得](14日前)
6298,ワイエイシイホールディングス,機械,24.1,★☆☆☆☆,15.1,0.0,2.0,0.0,7.0,0.0,0.0,0.0,,SK hynix,4.7,11.9,4.4,9.0,1213,1331.0,1.0,0.8,303,SK hynix+4.1%連動(β0.31) 未反応+4.7%
7715,長野計器,精密機器,24.0,★☆☆☆☆,14.8,0.0,2.0,0.0,7.2,0.0,0.0,0.0,,SK hynix,11.4,1.9,6.1,1.3,3470,3950.0,-10.6,1.0,564,SK hynix+4.1%連動(β0.27) 未反応+11.4% / MA上昇配列 / パーフェクトオーダー
6920,レーザーテック,電気機器,23.8,★☆☆☆☆,16.6,6.0,0.0,0.0,1.2,0.0,0.0,0.0,,SK hynix,12.4,-21.6,7.9,-12.3,29590,35120.0,-9.5,0.7,133311,SK hynix+4.1%連動(β0.45) 未反応+12.4% / 半導体製造装置(-9.0%)
6834,精工技研,電気機器,23.6,★☆☆☆☆,15.6,0.0,2.0,0.0,6.0,0.0,0.0,0.0,,SK hynix,11.6,21.4,9.1,14.7,20307,24800.0,0.8,0.7,5920,SK hynix+4.1%連動(β0.35) 未反応+11.6% / 開示[増配](14日前)
6958,日本シイエムケイ,電気機器,23.6,★☆☆☆☆,14.6,0.0,2.0,0.0,7.0,0.0,0.0,0.0,,SK hynix,8.2,12.0,5.1,6.3,648,722.0,-7.8,0.4,616,SK hynix+4.1%連動(β0.26) 未反応+8.2%
6315,ＴＯＷＡ,機械,23.5,★☆☆☆☆,17.5,6.0,0.0,0.0,0.0,0.0,0.0,0.0,,SK hynix,13.2,-23.7,6.8,-14.0,1963,2274.0,-9.5,0.8,12927,SK hynix+4.1%連動(β0.54) 未反応+13.2% / HBM・後工程(-7.1%)
7826,フルヤ金属,その他製品,23.5,★☆☆☆☆,15.5,0.0,2.0,0.0,6.0,0.0,0.0,0.0,,SK hynix,12.5,17.4,6.9,10.5,7021,8140.0,-4.3,0.4,4024,SK hynix+4.1%連動(β0.34) 未反応+12.5%
5976,高周波熱錬,金属製品,23.3,★☆☆☆☆,0.0,0.0,6.3,0.0,12.5,4.5,0.0,0.0,,,0.0,15.3,2.1,10.0,1498,1563.0,4.6,1.5,137,買い出来高優勢 / MA上昇配列 / パーフェクトオーダー / 52週高値ブレイク! / RSI過熱(87)⚠ / 増収+17%
6504,富士電機,電気機器,23.3,★☆☆☆☆,15.1,6.0,0.0,0.0,2.2,0.0,0.0,0.0,,SK hynix,8.5,6.0,4.8,1.4,12556,13885.0,-6.8,0.8,15011,SK hynix+4.1%連動(β0.31) 未反応+8.5% / AIデータセンター・電力(-6.0%)
6235,オプトラン,機械,23.2,★☆☆☆☆,15.5,0.0,4.7,0.0,0.0,3.0,0.0,0.0,,SK hynix,18.0,-18.8,7.6,-13.6,2269,2674.0,-16.7,5.7,1516,SK hynix+4.1%連動(β0.34) 未反応+18.0% / 出来高急増5.7倍 / 増収+49%
6963,ローム,電気機器,23.1,★☆☆☆☆,15.1,0.0,0.0,0.0,5.0,3.0,0.0,0.0,,SK hynix,11.5,-2.8,5.2,1.1,4211,4699.0,-6.3,0.5,21146,SK hynix+4.1%連動(β0.30) 未反応+11.5% / 増収+17%
6855,日本電子材料,電気機器,23.0,★☆☆☆☆,17.3,0.0,1.0,0.0,4.7,0.0,0.0,0.0,,SK hynix,16.4,-0.8,7.9,0.9,5481,6510.0,-6.7,0.6,5806,SK hynix+4.1%連動(β0.52) 未反応+16.4%
7725,インターアクション,精密機器,22.9,★☆☆☆☆,14.9,0.0,2.0,0.0,6.0,0.0,0.0,0.0,,SK hynix,4.5,5.8,4.9,4.4,1693,1875.0,-5.6,0.5,253,SK hynix+4.1%連動(β0.28) 未反応+4.5%
6327,北川精機,機械,22.9,★☆☆☆☆,15.9,0.0,1.0,0.0,4.0,2.0,0.0,0.0,,SK hynix,20.4,-18.8,11.2,-7.3,2511,3235.0,-9.6,0.6,2616,SK hynix+4.1%連動(β0.38) 未反応+20.4%
6966,三井ハイテック,電気機器,22.7,★☆☆☆☆,15.0,0.0,0.0,0.0,6.2,1.5,0.0,0.0,,SK hynix,6.5,1.2,4.1,0.2,850,925.0,-4.6,0.5,1713,SK hynix+4.1%連動(β0.30) 未反応+6.5% / MA上昇配列 / パーフェクトオーダー
6890,フェローテック,電気機器,22.599999999999998,★☆☆☆☆,16.2,0.0,1.0,0.0,4.7,0.0,0.7,0.0,,SK hynix,13.7,-3.4,6.9,1.4,7393,8580.0,-5.8,1.0,16701,SK hynix+4.1%連動(β0.41) 未反応+13.7% / 開示[業績予想の修正](10日前)
5381,マイポックス,ガラス・土石製品,22.5,★☆☆☆☆,14.5,0.0,2.0,0.0,6.0,0.0,0.0,0.0,,SK hynix,3.6,11.1,6.1,9.0,826,941.0,-2.4,0.5,227,SK hynix+4.1%連動(β0.37) 未反応+3.6%
6969,松尾電機,電気機器,22.3,★☆☆☆☆,14.6,0.0,2.0,0.0,2.7,3.0,0.0,0.0,,SK hynix,8.6,-7.9,9.2,-5.9,820,1005.0,-6.4,0.7,118,SK hynix+4.1%連動(β0.25) 未反応+8.6% / PER9倍
6616,トレックス・セミコンダクター,電気機器,22.299999999999997,★☆☆☆☆,14.9,0.0,2.0,0.0,5.0,0.0,0.4,0.0,,SK hynix,11.6,2.8,6.0,1.3,1703,1933.0,-6.8,0.6,243,SK hynix+4.1%連動(β0.29) 未反応+11.6% / 開示[業績予想の修正](12日前)
6526,ソシオネクスト,電気機器,22.2,★☆☆☆☆,15.5,0.0,1.0,0.0,2.7,3.0,0.0,0.0,,SK hynix,8.0,-18.9,5.1,-6.4,1785,1990.0,-6.1,1.1,17526,SK hynix+4.1%連動(β0.34) 未反応+8.0%
6994,指月電機製作所,電気機器,22.0,★☆☆☆☆,15.0,0.0,1.0,0.0,6.0,0.0,0.0,0.0,,SK hynix,10.6,9.9,6.8,5.4,996,1153.0,-3.0,0.4,394,SK hynix+4.1%連動(β0.29) 未反応+10.6%
4022,ラサ工業,化学,22.0,★☆☆☆☆,15.0,0.0,1.0,0.0,6.0,0.0,0.0,0.0,,SK hynix,17.9,7.7,8.1,2.8,1769,2112.0,-10.9,0.6,3076,SK hynix+4.1%連動(β0.29) 未反応+17.9%
6324,ハーモニック・ドライブ・システムズ,機械,22.0,★☆☆☆☆,16.0,6.0,0.0,0.0,0.0,0.0,0.0,0.0,,SK hynix,14.0,-16.4,8.6,-11.2,4717,5700.0,-12.4,0.9,10108,SK hynix+4.1%連動(β0.39) 未反応+14.0% / ロボット(-9.0%)
6840,ＡＫＩＢＡホールディングス,電気機器,22.0,★☆☆☆☆,15.3,0.0,2.0,0.0,4.7,0.0,0.0,0.0,,SK hynix,8.3,7.8,9.1,3.8,598,732.0,-0.5,0.6,632,SK hynix+4.1%連動(β0.32) 未反応+8.3%
4004,レゾナック・ホールディングス,化学,21.8,★☆☆☆☆,15.8,0.0,0.0,0.0,6.0,0.0,0.0,0.0,,SK hynix,8.1,4.9,7.1,6.0,13793,16060.0,-2.5,0.6,45849,SK hynix+4.1%連動(β0.37) 未反応+8.1%
6525,ＫＯＫＵＳＡＩ　ＥＬＥＣＴＲＩＣ,電気機器,21.8,★☆☆☆☆,16.8,0.0,1.0,0.0,4.0,0.0,0.0,0.0,,SK hynix,12.5,-8.0,8.2,-0.0,6959,8321.0,-9.4,0.7,66567,SK hynix+4.1%連動(β0.47) 未反応+12.5%
4980,デクセリアルズ,化学,21.7,★☆☆☆☆,15.7,6.0,0.0,0.0,0.0,0.0,0.0,0.0,,SK hynix,10.9,-20.7,5.8,-11.9,2560,2896.0,-9.2,0.9,6235,SK hynix+4.1%連動(β0.36) 未反応+10.9% / 光通信・電線(-6.6%)
6524,湖北工業,電気機器,21.7,★☆☆☆☆,14.7,0.0,2.0,0.0,5.0,0.0,0.0,0.0,,SK hynix,9.9,2.1,6.7,1.3,4039,4660.0,-2.8,0.8,1334,SK hynix+4.1%連動(β0.26) 未反応+9.9%
7989,立川ブラインド工業,金属製品,21.7,★☆☆☆☆,0.0,0.0,6.7,0.0,15.0,0.0,0.0,0.0,,,0.0,6.0,1.9,4.2,2618,2723.0,2.0,3.5,104,出来高急増3.5倍 / MA上昇配列 / パーフェクトオーダー / 52週高値ブレイク!
3436,ＳＵＭＣＯ,金属製品,20.599999999999998,★☆☆☆☆,16.4,0.0,0.0,0.0,2.7,1.5,0.0,0.0,,SK hynix,18.4,-9.0,9.2,-6.5,2763,3384.0,-13.7,0.6,57893,SK hynix+4.1%連動(β0.43) 未反応+18.4%
7296,エフ・シー・シー,輸送用機器,18.8,★☆☆☆☆,0.0,0.0,5.3,0.0,13.5,0.0,0.0,0.0,,,0.0,16.8,3.2,7.3,3906,4170.0,0.5,0.5,673,買い出来高優勢 / 資金流入増 / MA上昇配列 / パーフェクトオーダー / 52週高値目前
8084,ＲＹＯＤＥＮ,卸売業,18.8,★☆☆☆☆,0.0,0.0,5.3,0.0,13.5,0.0,0.0,0.0,,,0.0,23.7,3.3,10.4,4486,4805.0,2.7,0.6,341,買い出来高優勢 / 資金流入増 / MA上昇配列 / パーフェクトオーダー / 52週高値目前
6981,村田製作所,電気機器,18.8,★☆☆☆☆,16.1,0.0,0.0,0.0,2.7,0.0,0.0,0.0,,SK hynix,16.1,-16.3,7.8,-6.8,5985,7091.0,-13.9,0.5,210826,SK hynix+4.1%連動(β0.40) 未反応+16.1%
7717,ブイ・テクノロジー,精密機器,18.7,★☆☆☆☆,16.0,0.0,0.0,0.0,2.7,0.0,0.0,0.0,,SK hynix,12.4,-17.4,6.4,-7.1,4729,5420.0,-6.7,0.6,1826,SK hynix+4.1%連動(β0.39) 未反応+12.4%
6777,ｓａｎｔｅｃ　Ｈｏｌｄｉｎｇｓ,電気機器,18.6,★☆☆☆☆,15.9,0.0,0.0,0.0,2.7,0.0,0.0,0.0,,SK hynix,12.5,-3.3,8.2,-2.2,15291,18270.0,-4.9,0.7,3229,SK hynix+4.1%連動(β0.38) 未反応+12.5%
2705,大戸屋ホールディングス,小売業,18.5,★☆☆☆☆,0.0,0.0,5.0,0.0,13.5,0.0,0.0,0.0,,,0.0,15.0,2.9,9.3,8697,9240.0,9.5,1.5,148,MA上昇配列 / パーフェクトオーダー / 52週高値目前
4063,信越化学工業,化学,18.5,★☆☆☆☆,14.5,0.0,0.0,0.0,4.0,0.0,0.0,0.0,,Albemarle,6.3,-12.6,2.7,-4.5,5724,6051.0,-5.0,0.6,50786,Albemarle+5.4%連動(β0.19) 未反応+6.3%
4970,東洋合成工業,化学,18.4,★☆☆☆☆,16.4,0.0,2.0,0.0,0.0,0.0,0.0,0.0,,SK hynix,14.1,-25.6,8.6,-14.4,9421,11390.0,-9.0,1.2,1350,SK hynix+4.1%連動(β0.43) 未反応+14.1%
6787,メイコー,電気機器,18.4,★☆☆☆☆,16.9,0.0,0.0,0.0,1.5,0.0,0.0,0.0,,SK hynix,13.3,-27.3,10.8,-17.0,13440,17160.0,-6.0,1.0,10954,SK hynix+4.1%連動(β0.48) 未反応+13.3%
6779,日本電波工業,電気機器,18.4,★☆☆☆☆,15.7,0.0,0.0,0.0,2.7,0.0,0.0,0.0,,SK hynix,15.7,-5.3,9.4,-2.6,2220,2732.0,-11.9,0.7,2974,SK hynix+4.1%連動(β0.36) 未反応+15.7%
8613,丸三証券,証券、商品先物取引業,18.3,★☆☆☆☆,0.0,0.0,3.3,0.0,15.0,0.0,0.0,0.0,,,0.0,11.8,1.8,6.4,1219,1265.0,3.8,0.9,346,買い出来高優勢 / MA上昇配列 / パーフェクトオーダー / 52週高値ブレイク!
6336,石井表記,機械,18.3,★☆☆☆☆,14.6,0.0,0.0,0.0,3.7,0.0,0.0,0.0,,SK hynix,9.6,-3.0,6.4,-0.0,1433,1642.0,-2.3,0.9,112,SK hynix+4.1%連動(β0.25) 未反応+9.6%
3167,ＴＯＫＡＩホールディングス,卸売業,18.3,★☆☆☆☆,0.0,0.0,3.3,0.0,15.0,0.0,0.0,0.0,,,0.0,12.1,2.1,6.6,1209,1263.0,2.5,0.6,341,買い出来高優勢 / MA上昇配列 / パーフェクトオーダー / 52週高値ブレイク!
4966,上村工業,化学,18.3,★☆☆☆☆,14.9,0.0,1.0,0.0,0.0,0.0,2.4,0.0,,SK hynix,12.3,-19.3,6.5,-13.2,16791,19320.0,-7.9,0.9,2240,SK hynix+4.1%連動(β0.28) 未反応+12.3% / 開示[自己株式の取得](3日前)
6999,ＫＯＡ,電気機器,18.2,★☆☆☆☆,15.0,0.0,2.0,0.0,1.2,0.0,0.0,0.0,,SK hynix,16.1,-11.5,6.7,-8.8,1898,2191.0,-13.4,0.4,3739,SK hynix+4.1%連動(β0.30) 未反応+16.1% / 資金流入増
6976,太陽誘電,電気機器,18.1,★☆☆☆☆,16.6,0.0,0.0,0.0,1.5,0.0,0.0,0.0,,SK hynix,19.5,-22.9,10.1,-11.9,7422,9300.0,-15.6,1.0,229780,SK hynix+4.1%連動(β0.45) 未反応+19.5%
6521,オキサイド,電気機器,18.1,★☆☆☆☆,11.8,0.0,0.0,0.0,5.0,0.0,1.3,0.0,,SK hynix,2.6,-1.6,5.9,3.8,2949,3345.0,-1.6,0.8,657,SK hynix+4.1%連動(β0.38) 未反応+2.6% / 開示[設備投資](5日前)
6481,ＴＨＫ,機械,18.1,★☆☆☆☆,14.9,0.0,1.0,0.0,2.2,0.0,0.0,0.0,,Albemarle,9.0,-2.5,5.8,-0.7,6132,6933.0,-6.7,0.5,10697,Albemarle+5.4%連動(β0.22) 未反応+9.0%
6676,ＢＵＦＦＡＬＯ,電気機器,18.0,★☆☆☆☆,0.0,0.0,3.0,0.0,15.0,0.0,0.0,0.0,,,0.0,8.2,2.9,6.1,2770,2942.0,2.1,1.3,118,MA上昇配列 / パーフェクトオーダー / 52週高値ブレイク!
7513,コジマ,小売業,18.0,★☆☆☆☆,0.0,0.0,3.0,0.0,15.0,0.0,0.0,0.0,,,0.0,11.1,2.5,7.9,1411,1484.0,9.3,1.0,492,MA上昇配列 / パーフェクトオーダー / 52週高値ブレイク!
8343,秋田銀行,銀行業,18.0,★☆☆☆☆,0.0,0.0,4.0,0.0,12.0,0.0,2.0,0.0,,,0.0,15.5,4.0,8.2,7756,8430.0,-1.4,0.7,1127,資金流入増 / MA上昇配列 / パーフェクトオーダー / 開示[株式分割](0日前)
8142,トーホー,卸売業,18.0,★☆☆☆☆,0.0,0.0,3.0,0.0,15.0,0.0,0.0,0.0,,,0.0,9.8,1.6,4.9,1392,1437.0,2.4,0.7,233,MA上昇配列 / パーフェクトオーダー / 52週高値ブレイク!
8707,岩井コスモホールディングス,証券、商品先物取引業,18.0,★☆☆☆☆,0.0,0.0,4.3,0.0,13.7,0.0,0.0,0.0,,,0.0,7.5,2.3,6.9,4386,4600.0,3.8,1.1,523,買い出来高優勢 / MA上昇配列 / パーフェクトオーダー / 52週高値ブレイク!
7914,共同印刷,その他製品,18.0,★☆☆☆☆,0.0,0.0,3.0,0.0,15.0,0.0,0.0,0.0,,,0.0,9.1,2.2,6.1,1693,1771.0,1.4,1.2,135,MA上昇配列 / パーフェクトオーダー / 52週高値ブレイク!
6762,ＴＤＫ,電気機器,17.9,★☆☆☆☆,15.2,0.0,0.0,0.0,2.7,0.0,0.0,0.0,,SK hynix,7.5,-1.8,4.5,-0.2,2769,3041.0,-5.3,0.6,35745,SK hynix+4.1%連動(β0.31) 未反応+7.5%
6800,ヨコオ,電気機器,17.9,★☆☆☆☆,15.2,0.0,0.0,0.0,2.7,0.0,0.0,0.0,,SK hynix,14.7,-16.0,7.8,-8.0,3248,3850.0,-8.4,0.9,951,SK hynix+4.1%連動(β0.32) 未反応+14.7%
6349,小森コーポレーション,機械,17.8,★☆☆☆☆,0.0,0.0,5.3,0.0,12.5,0.0,0.0,0.0,,,0.0,21.8,2.1,11.0,1940,2024.0,5.6,0.9,548,買い出来高優勢 / 資金流入増 / MA上昇配列 / パーフェクトオーダー / 52週高値ブレイク! / RSI過熱(86)⚠
4665,ダスキン,サービス業,17.8,★☆☆☆☆,0.0,0.0,4.3,0.0,13.5,0.0,0.0,0.0,,,0.0,6.4,2.1,4.0,4496,4691.0,2.3,1.3,558,買い出来高優勢 / MA上昇配列 / パーフェクトオーダー / 52週高値目前
8037,カメイ,卸売業,17.8,★☆☆☆☆,0.0,0.0,4.3,0.0,13.5,0.0,0.0,0.0,,,0.0,16.6,2.9,9.3,4106,4355.0,0.5,0.4,225,買い出来高優勢 / MA上昇配列 / パーフェクトオーダー / 52週高値目前
5706,三井金属,非鉄金属,17.7,★☆☆☆☆,16.2,0.0,0.0,0.0,1.5,0.0,0.0,0.0,,SK hynix,12.4,-16.2,8.9,-7.2,23161,28210.0,-4.0,0.8,53574,SK hynix+4.1%連動(β0.41) 未反応+12.4%
4413,ボードルア,情報・通信業,17.7,★☆☆☆☆,0.0,0.0,6.7,0.0,11.0,0.0,0.0,0.0,,,0.0,7.6,4.8,4.0,2728,3020.0,6.2,2.3,923,出来高増2.3倍 / 買い出来高優勢 / MA上昇配列 / パーフェクトオーダー
6490,ＰＩＬＬＡＲ,機械,17.6,★☆☆☆☆,15.4,0.0,0.0,0.0,2.2,0.0,0.0,0.0,,SK hynix,8.2,-5.5,7.7,-2.4,8253,9760.0,-4.1,0.6,1769,SK hynix+4.1%連動(β0.34) 未反応+8.2%
7220,武蔵精密工業,輸送用機器,17.6,★☆☆☆☆,14.9,0.0,0.0,0.0,2.7,0.0,0.0,0.0,,SK hynix,11.6,5.4,6.4,-0.2,2879,3300.0,-9.0,0.6,3543,SK hynix+4.1%連動(β0.28) 未反応+11.6%
4369,トリケミカル研究所,化学,17.599999999999998,★☆☆☆☆,16.4,0.0,0.0,0.0,1.2,0.0,0.0,0.0,,SK hynix,10.0,-5.3,5.7,-3.6,2809,3170.0,-5.8,0.8,1695,SK hynix+4.1%連動(β0.43) 未反応+10.0%
2607,不二製油,食料品,17.5,★☆☆☆☆,0.0,0.0,5.3,0.0,12.2,0.0,0.0,0.0,,,0.0,21.2,3.4,11.0,4300,4612.0,1.5,1.6,1416,買い出来高優勢 / MA上昇配列 / パーフェクトオーダー / 52週高値目前
3864,三菱製紙,パルプ・紙,17.5,★☆☆☆☆,0.0,0.0,4.0,0.0,13.5,0.0,0.0,0.0,,,0.0,0.7,3.7,4.5,1111,1199.0,4.1,1.9,255,MA上昇配列 / パーフェクトオーダー / 52週高値目前
1879,新日本建設,建設業,17.5,★☆☆☆☆,0.0,0.0,4.0,0.0,13.5,0.0,0.0,0.0,,,0.0,12.1,2.4,6.2,2208,2319.0,1.1,0.7,431,資金流入増 / MA上昇配列 / パーフェクトオーダー / 52週高値目前
8167,リテールパートナーズ,小売業,17.4,★☆☆☆☆,0.0,0.0,5.0,0.0,10.0,0.0,2.4,0.0,,,0.0,8.7,2.6,3.4,1360,1435.0,-0.9,1.4,283,資金流入増 / MA上昇配列 / パーフェクトオーダー / 開示[自己株式の取得](3日前)
6656,インスペック,電気機器,17.3,★☆☆☆☆,15.3,0.0,2.0,0.0,0.0,0.0,0.0,0.0,,SK hynix,13.4,-28.3,9.3,-16.3,649,798.0,-8.6,0.3,153,SK hynix+4.1%連動(β0.33) 未反応+13.4%
6952,カシオ計算機,電気機器,17.3,★☆☆☆☆,0.0,0.0,5.3,0.0,12.0,0.0,0.0,0.0,,,0.0,31.5,5.5,10.9,2057,2312.0,-5.9,0.7,4966,買い出来高優勢 / 資金流入増 / MA上昇配列 / パーフェクトオーダー
8158,ソーダニッカ,卸売業,17.3,★☆☆☆☆,0.0,0.0,5.3,0.0,12.0,0.0,0.0,0.0,,,0.0,12.4,3.4,7.0,1246,1336.0,1.4,0.6,107,買い出来高優勢 / 資金流入増 / MA上昇配列 / パーフェクトオーダー
6340,澁谷工業,機械,17.3,★☆☆☆☆,0.0,0.0,5.3,0.0,12.0,0.0,0.0,0.0,,,0.0,19.3,4.6,11.7,4664,5140.0,-4.8,0.6,527,買い出来高優勢 / 資金流入増 / MA上昇配列 / パーフェクトオーダー
6997,日本ケミコン,電気機器,17.3,★☆☆☆☆,15.8,0.0,0.0,0.0,1.5,0.0,0.0,0.0,,SK hynix,14.3,-15.9,8.6,-10.9,2274,2747.0,-13.2,0.5,3273,SK hynix+4.1%連動(β0.37) 未反応+14.3%
4186,東京応化工業,化学,17.3,★☆☆☆☆,16.1,0.0,0.0,0.0,1.2,0.0,0.0,0.0,,SK hynix,10.8,-17.2,5.7,-7.0,7710,8696.0,-7.1,0.6,9945,SK hynix+4.1%連動(β0.40) 未反応+10.8%
6622,ダイヘン,電気機器,17.3,★☆☆☆☆,15.8,0.0,0.0,0.0,1.5,0.0,0.0,0.0,,SK hynix,12.0,-12.7,6.3,-6.5,11386,13020.0,-6.4,0.7,4525,SK hynix+4.1%連動(β0.37) 未反応+12.0%
1379,ホクト,水産・農林業,17.3,★☆☆☆☆,0.0,0.0,4.3,0.0,13.0,0.0,0.0,0.0,,,0.0,10.0,2.3,7.5,2015,2112.0,5.9,1.0,230,買い出来高優勢 / MA上昇配列 / 52週高値ブレイク!
4368,扶桑化学工業,化学,17.3,★☆☆☆☆,15.3,0.0,2.0,0.0,0.0,0.0,0.0,0.0,,SK hynix,14.0,-24.0,7.9,-16.0,2589,3075.0,-10.5,1.6,3708,SK hynix+4.1%連動(β0.32) 未反応+14.0%
3825,リミックスポイント,小売業,17.299999999999997,★☆☆☆☆,0.0,0.0,4.7,0.0,8.0,0.0,4.6,0.0,,,0.0,18.5,6.1,14.8,208,237.0,7.7,3.4,416,出来高急増3.4倍 / MA上昇配列 / 開示[業務提携](7日前) / 開示[業務提携](7日前)
4971,メック,化学,17.2,★☆☆☆☆,16.2,0.0,1.0,0.0,0.0,0.0,0.0,0.0,,SK hynix,16.9,-24.0,9.4,-17.2,5483,6760.0,-10.3,0.8,4074,SK hynix+4.1%連動(β0.41) 未反応+16.9% / 開示[業績予想の修正](14日前)
4116,大日精化工業,化学,17.2,★☆☆☆☆,0.0,0.0,5.0,0.0,12.2,0.0,0.0,0.0,,,0.0,25.1,3.6,12.7,1258,1356.0,0.6,1.5,318,MA上昇配列 / パーフェクトオーダー / 52週高値目前
6965,浜松ホトニクス,電気機器,17.2,★☆☆☆☆,14.5,0.0,0.0,0.0,2.7,0.0,0.0,0.0,,SK hynix,10.4,-1.7,5.0,-0.8,2132,2367.0,-7.6,0.9,7875,SK hynix+4.1%連動(β0.25) 未反応+10.4%
6590,芝浦メカトロニクス,電気機器,17.1,★☆☆☆☆,17.1,0.0,0.0,0.0,0.0,0.0,0.0,0.0,,SK hynix,14.0,-24.9,9.0,-13.2,3309,4030.0,-10.1,0.6,9451,SK hynix+4.1%連動(β0.50) 未反応+14.0%
7760,ＩＭＶ,精密機器,17.1,★☆☆☆☆,15.1,0.0,2.0,0.0,0.0,0.0,0.0,0.0,,SK hynix,11.4,-17.4,8.1,-11.2,1650,1969.0,-6.9,0.4,356,SK hynix+4.1%連動(β0.30) 未反応+11.4%
6723,ルネサスエレクトロニクス,電気機器,17.1,★☆☆☆☆,15.9,0.0,0.0,0.0,1.2,0.0,0.0,0.0,,SK hynix,12.9,-17.6,6.4,-8.3,2991,3433.0,-8.4,0.5,55529,SK hynix+4.1%連動(β0.38) 未反応+12.9%
7267,本田技研工業,輸送用機器,17.0,★☆☆☆☆,0.0,0.0,2.0,0.0,15.0,0.0,0.0,0.0,,,0.0,12.5,3.2,7.4,1642,1753.0,5.7,0.8,31746,MA上昇配列 / パーフェクトオーダー / 52週高値ブレイク!
4526,理研ビタミン,食料品,17.0,★☆☆☆☆,0.0,0.0,2.0,0.0,15.0,0.0,0.0,0.0,,,0.0,7.8,1.8,4.4,3222,3340.0,1.8,0.8,188,MA上昇配列 / パーフェクトオーダー / 52週高値ブレイク!
9507,四国電力,電気・ガス業,17.0,★☆☆☆☆,0.0,0.0,5.3,0.0,11.7,0.0,0.0,0.0,,,0.0,24.4,2.6,12.2,1792,1889.5,5.1,1.1,1689,買い出来高優勢 / 資金流入増 / MA上昇配列 / 52週高値ブレイク!
6961,エンプラス,電気機器,17.0,★☆☆☆☆,16.0,0.0,1.0,0.0,0.0,0.0,0.0,0.0,,SK hynix,16.3,-19.9,8.4,-11.4,8420,10130.0,-11.3,0.8,2892,SK hynix+4.1%連動(β0.39) 未反応+16.3%
9104,商船三井,海運業,17.0,★☆☆☆☆,0.0,0.0,6.3,0.0,13.7,0.0,0.0,-3.0,,,0.0,26.2,2.9,18.4,6854,7278.0,12.5,1.9,20904,買い出来高優勢 / MA上昇配列 / パーフェクトオーダー / 52週高値ブレイク! / 伸びすぎ注意(25MA+18%)
8704,トレイダーズホールディングス,証券、商品先物取引業,17.0,★☆☆☆☆,0.0,0.0,2.0,0.0,15.0,0.0,0.0,0.0,,,0.0,7.2,2.9,6.6,1302,1383.0,2.4,1.3,119,MA上昇配列 / パーフェクトオーダー / 52週高値ブレイク!
8706,極東証券,証券、商品先物取引業,17.0,★☆☆☆☆,0.0,0.0,3.3,0.0,13.7,0.0,0.0,0.0,,,0.0,7.5,1.8,5.5,1831,1900.0,2.3,1.0,328,買い出来高優勢 / MA上昇配列 / パーフェクトオーダー / 52週高値ブレイク!
7244,市光工業,電気機器,17.0,★☆☆☆☆,0.0,0.0,5.0,0.0,12.0,0.0,0.0,0.0,,,0.0,10.7,3.8,6.9,535,579.0,-3.0,2.0,113,資金流入増 / MA上昇配列 / パーフェクトオーダー
2602,日清オイリオグループ,食料品,17.0,★☆☆☆☆,0.0,0.0,2.0,0.0,15.0,0.0,0.0,0.0,,,0.0,7.7,1.9,5.9,1989,2067.0,2.5,0.8,541,MA上昇配列 / パーフェクトオーダー / 52週高値ブレイク!
2384,ＳＢＳホールディングス,陸運業,17.0,★☆☆☆☆,0.0,0.0,2.0,0.0,15.0,0.0,0.0,0.0,,,0.0,17.1,3.4,11.8,4839,5190.0,6.7,1.2,417,MA上昇配列 / パーフェクトオーダー / 52週高値ブレイク!
7745,Ａ＆Ｄホロンホールディングス,精密機器,16.9,★☆☆☆☆,14.9,0.0,1.0,0.0,1.0,0.0,0.0,0.0,,SK hynix,6.4,-2.8,4.6,-4.2,2537,2796.0,-4.1,0.7,396,SK hynix+4.1%連動(β0.29) 未反応+6.4%
5970,ジーテクト,金属製品,16.8,★☆☆☆☆,0.0,0.0,3.3,0.0,13.5,0.0,0.0,0.0,,,0.0,12.2,2.3,7.5,2261,2372.0,2.7,0.9,273,買い出来高優勢 / MA上昇配列 / パーフェクトオーダー / 52週高値目前
8008,ヨンドシーホールディングス,小売業,16.8,★☆☆☆☆,0.0,0.0,3.3,0.0,13.5,0.0,0.0,0.0,,,0.0,6.3,1.5,4.7,2112,2179.0,2.9,1.0,199,買い出来高優勢 / MA上昇配列 / パーフェクトオーダー / 52週高値目前
4187,大阪有機化学工業,化学,16.8,★☆☆☆☆,15.6,0.0,0.0,0.0,1.2,0.0,0.0,0.0,,SK hynix,9.1,-13.6,4.9,-5.2,4159,4615.0,-6.6,0.8,825,SK hynix+4.1%連動(β0.35) 未反応+9.1%
4633,サカタインクス,化学,16.8,★☆☆☆☆,0.0,0.0,3.3,0.0,13.5,0.0,0.0,0.0,,,0.0,7.1,3.2,3.6,2476,2646.0,-0.4,0.6,534,買い出来高優勢 / MA上昇配列 / パーフェクトオーダー / 52週高値目前
4246,ダイキョーニシカワ,化学,16.8,★☆☆☆☆,0.0,0.0,3.3,0.0,13.5,0.0,0.0,0.0,,,0.0,11.0,2.6,5.9,1059,1118.0,-0.8,0.5,318,買い出来高優勢 / MA上昇配列 / パーフェクトオーダー / 52週高値目前
2613,Ｊ－オイルミルズ,食料品,16.8,★☆☆☆☆,0.0,0.0,3.3,0.0,13.5,0.0,0.0,0.0,,,0.0,7.9,1.7,5.7,2152,2226.0,4.0,1.1,145,買い出来高優勢 / MA上昇配列 / パーフェクトオーダー / 52週高値目前
8059,第一実業,卸売業,16.7,★☆☆☆☆,0.0,0.0,3.0,0.0,13.7,0.0,0.0,0.0,,,0.0,5.4,2.7,4.8,3444,3640.0,1.5,1.0,349,MA上昇配列 / パーフェクトオーダー / 52週高値ブレイク!
6266,タツモ,機械,16.7,★☆☆☆☆,16.7,0.0,0.0,0.0,0.0,0.0,0.0,0.0,,SK hynix,14.3,-26.4,9.0,-13.0,2904,3545.0,-11.8,0.9,1677,SK hynix+4.1%連動(β0.46) 未反応+14.3% / 開示[子会社化](14日前)
9619,イチネンホールディングス,サービス業,16.7,★☆☆☆☆,0.0,0.0,3.0,0.0,13.7,0.0,0.0,0.0,,,0.0,14.3,2.7,8.6,2556,2699.0,1.7,0.7,114,MA上昇配列 / パーフェクトオーダー / 52週高値ブレイク!
6728,アルバック,電気機器,16.7,★☆☆☆☆,15.7,0.0,1.0,0.0,0.0,0.0,0.0,0.0,,SK hynix,5.0,-23.3,6.2,-14.1,6651,7594.0,-19.0,1.3,6821,SK hynix+4.1%連動(β0.36) 未反応+5.0%
6055,ジャパンマテリアル,サービス業,16.7,★☆☆☆☆,15.7,0.0,1.0,0.0,0.0,0.0,0.0,0.0,,SK hynix,11.2,-10.5,5.1,-7.3,1857,2067.0,-7.8,0.6,1558,SK hynix+4.1%連動(β0.36) 未反応+11.2%
4997,日本農薬,化学,16.7,★☆☆☆☆,0.0,0.0,3.0,0.0,13.7,0.0,0.0,0.0,,,0.0,18.2,2.5,10.3,1158,1219.0,3.5,1.1,267,MA上昇配列 / パーフェクトオーダー / 52週高値ブレイク!
6254,野村マイクロ・サイエンス,機械,16.6,★☆☆☆☆,16.6,0.0,0.0,0.0,0.0,0.0,0.0,0.0,,SK hynix,10.0,-14.9,7.3,-8.2,3105,3635.0,-6.8,0.7,3757,SK hynix+4.1%連動(β0.45) 未反応+10.0%
5384,フジミインコーポレーテッド,ガラス・土石製品,16.6,★☆☆☆☆,15.4,0.0,0.0,0.0,1.2,0.0,0.0,0.0,,SK hynix,12.2,-13.1,6.1,-7.6,3206,3650.0,-9.8,0.6,1780,SK hynix+4.1%連動(β0.33) 未反応+12.2%
2734,サーラコーポレーション,小売業,16.5,★☆☆☆☆,0.0,0.0,4.3,0.0,12.2,0.0,0.0,0.0,,,0.0,9.3,1.8,5.4,1188,1232.0,2.8,1.2,176,買い出来高優勢 / MA上昇配列 / パーフェクトオーダー / 52週高値目前
3612,ワールド,繊維製品,16.5,★☆☆☆☆,0.0,0.0,3.0,0.0,13.5,0.0,0.0,0.0,,,0.0,6.3,1.3,3.8,1638,1682.0,3.2,1.3,634,MA上昇配列 / パーフェクトオーダー / 52週高値目前
9508,九州電力,電気・ガス業,16.5,★☆☆☆☆,0.0,0.0,3.0,0.0,13.5,0.0,0.0,0.0,,,0.0,11.0,2.7,7.4,1858,1963.5,4.9,0.9,3357,MA上昇配列 / パーフェクトオーダー / 52週高値目前
7552,ハピネット,卸売業,16.5,★☆☆☆☆,0.0,0.0,3.0,0.0,13.5,0.0,0.0,0.0,,,0.0,23.0,4.1,11.3,3389,3695.0,6.2,0.8,938,MA上昇配列 / パーフェクトオーダー / 52週高値目前
8609,岡三証券グループ,証券、商品先物取引業,16.5,★☆☆☆☆,0.0,0.0,3.0,0.0,13.5,0.0,0.0,0.0,,,0.0,8.6,2.7,6.0,1095,1157.0,3.8,0.9,556,MA上昇配列 / パーフェクトオーダー / 52週高値目前
6381,アネスト岩田,機械,16.5,★☆☆☆☆,0.0,0.0,4.3,0.0,12.2,0.0,0.0,0.0,,,0.0,10.9,2.2,5.5,1864,1951.0,-0.2,0.7,202,買い出来高優勢 / MA上昇配列 / パーフェクトオーダー / 52週高値目前 / 開示[業績予想の修正](14日前)
7246,プレス工業,輸送用機器,16.5,★☆☆☆☆,0.0,0.0,4.3,0.0,12.2,0.0,0.0,0.0,,,0.0,17.8,2.7,9.1,931,984.0,0.0,0.4,373,買い出来高優勢 / MA上昇配列 / パーフェクトオーダー / 52週高値目前
7976,三菱鉛筆,その他製品,16.5,★☆☆☆☆,0.0,0.0,3.0,0.0,13.5,0.0,0.0,0.0,,,0.0,15.5,2.7,7.2,2812,2971.0,2.6,0.8,421,MA上昇配列 / パーフェクトオーダー / 52週高値目前
7504,高速,卸売業,16.5,★☆☆☆☆,0.0,0.0,4.3,0.0,12.2,0.0,0.0,0.0,,,0.0,33.3,4.5,13.9,4501,4950.0,1.6,1.1,419,買い出来高優勢 / MA上昇配列 / パーフェクトオーダー / 52週高値目前
6287,サトー,機械,16.4,★☆☆☆☆,0.0,0.0,4.0,0.0,12.0,0.0,0.4,0.0,,,0.0,13.4,3.0,6.8,2596,2759.0,-1.1,0.7,487,資金流入増 / MA上昇配列 / パーフェクトオーダー / 開示[自己株式の取得](12日前)
3040,ソリトンシステムズ,情報・通信業,16.4,★☆☆☆☆,0.0,0.0,5.3,0.0,10.7,0.0,0.4,0.0,,,0.0,20.2,3.8,12.1,2202,2385.0,-6.9,0.6,327,買い出来高優勢 / 資金流入増 / MA上昇配列 / パーフェクトオーダー / 開示[増配](12日前)
5632,三菱製鋼,鉄鋼,16.3,★☆☆☆☆,0.0,0.0,4.3,0.0,12.0,0.0,0.0,0.0,,,0.0,12.4,3.5,7.8,2267,2440.0,0.4,0.7,247,買い出来高優勢 / MA上昇配列 / パーフェクトオーダー
4634,ａｒｔｉｅｎｃｅ,化学,16.3,★☆☆☆☆,0.0,0.0,4.3,0.0,12.0,0.0,0.0,0.0,,,0.0,10.0,3.0,5.6,4678,4975.0,-2.8,0.9,894,買い出来高優勢 / MA上昇配列 / パーフェクトオーダー
4025,多木化学,化学,16.3,★☆☆☆☆,0.0,0.0,4.3,0.0,12.0,0.0,0.0,0.0,,,0.0,19.4,5.6,12.9,5396,6070.0,4.5,0.7,226,買い出来高優勢 / MA上昇配列 / パーフェクトオーダー
6996,ニチコン,電気機器,16.3,★☆☆☆☆,14.8,0.0,0.0,0.0,1.5,0.0,0.0,0.0,,SK hynix,11.2,-11.8,6.6,-7.7,2341,2697.0,-9.4,0.6,3357,SK hynix+4.1%連動(β0.27) 未反応+11.2%
4401,ＡＤＥＫＡ,化学,16.3,★☆☆☆☆,0.0,0.0,4.3,0.0,12.0,0.0,0.0,0.0,,,0.0,11.2,3.8,6.8,4227,4572.0,-4.2,0.4,2664,買い出来高優勢 / MA上昇配列 / パーフェクトオーダー
5975,東プレ,金属製品,16.3,★☆☆☆☆,0.0,0.0,4.3,0.0,12.0,0.0,0.0,0.0,,,0.0,16.6,4.2,8.7,2904,3170.0,-2.2,0.6,462,買い出来高優勢 / MA上昇配列 / パーフェクトオーダー
2664,カワチ薬品,小売業,16.2,★☆☆☆☆,0.0,0.0,4.0,0.0,12.2,0.0,0.0,0.0,,,0.0,15.0,3.1,7.2,3551,3785.0,0.4,1.2,336,MA上昇配列 / パーフェクトオーダー / 52週高値目前
6125,岡本工作機械製作所,機械,16.2,★☆☆☆☆,15.0,0.0,0.0,0.0,1.2,0.0,0.0,0.0,,SK hynix,7.5,-7.5,6.5,-5.6,4175,4795.0,-3.8,0.8,357,SK hynix+4.1%連動(β0.29) 未反応+7.5%
7609,ダイトロン,卸売業,16.2,★☆☆☆☆,0.0,0.0,5.3,0.0,8.5,0.0,2.4,0.0,,,0.0,15.3,6.7,3.9,3513,4060.0,-14.9,0.7,946,買い出来高優勢 / 資金流入増 / MA上昇配列 / パーフェクトオーダー / 開示[自己株式の取得](3日前)
6941,山一電機,電気機器,16.2,★☆☆☆☆,16.2,0.0,0.0,0.0,0.0,0.0,0.0,0.0,,SK hynix,14.7,-15.8,9.3,-8.9,6399,7860.0,-6.2,0.6,3783,SK hynix+4.1%連動(β0.41) 未反応+14.7%
6407,ＣＫＤ,機械,16.2,★☆☆☆☆,16.2,0.0,0.0,0.0,0.0,0.0,0.0,0.0,,SK hynix,12.0,-16.4,7.1,-8.8,4784,5580.0,-9.3,0.7,5902,SK hynix+4.1%連動(β0.41) 未反応+12.0%
6480,日本トムソン,機械,16.1,★☆☆☆☆,14.9,0.0,0.0,0.0,1.2,0.0,0.0,0.0,,SK hynix,11.4,-6.4,7.5,-5.7,1446,1703.0,-8.9,0.9,2390,SK hynix+4.1%連動(β0.28) 未反応+11.4%
4099,四国化成ホールディングス,化学,16.1,★☆☆☆☆,15.1,0.0,1.0,0.0,0.0,0.0,0.0,0.0,,SK hynix,12.5,-11.2,8.0,-9.3,2087,2486.0,-10.6,0.5,2393,SK hynix+4.1%連動(β0.30) 未反応+12.5%
7747,朝日インテック,精密機器,16.1,★☆☆☆☆,0.0,0.0,3.0,0.0,12.0,0.0,1.1,0.0,,,0.0,19.6,3.5,8.8,3756,4043.0,4.4,0.9,5025,MA上昇配列 / パーフェクトオーダー / 開示[上方修正](10日前)
6856,堀場製作所,電気機器,16.1,★☆☆☆☆,15.1,0.0,1.0,0.0,0.0,0.0,0.0,0.0,,SK hynix,10.0,-13.4,4.8,-8.9,21076,23295.0,-7.0,0.5,6790,SK hynix+4.1%連動(β0.31) 未反応+10.0%
9130,共栄タンカー,海運業,16.0,★☆☆☆☆,0.0,0.0,6.0,0.0,10.0,0.0,0.0,0.0,,,0.0,13.9,4.6,12.5,1530,1684.0,9.8,1.9,100,資金流入増 / MA上昇配列 / パーフェクトオーダー
9107,川崎汽船,海運業,16.0,★☆☆☆☆,0.0,0.0,5.3,0.0,13.7,0.0,0.0,-3.0,,,0.0,22.7,3.0,17.5,3200,3405.0,12.4,1.8,16276,買い出来高優勢 / MA上昇配列 / パーフェクトオーダー / 52週高値ブレイク! / 伸びすぎ注意(25MA+18%)
7942,ＪＳＰ,化学,16.0,★☆☆☆☆,0.0,0.0,5.3,0.0,10.7,0.0,0.0,0.0,,,0.0,26.6,3.9,11.9,2870,3110.0,0.8,0.6,284,買い出来高優勢 / 資金流入増 / MA上昇配列 / パーフェクトオーダー
8065,佐藤商事,卸売業,16.0,★☆☆☆☆,0.0,0.0,4.0,0.0,12.0,0.0,0.0,0.0,,,0.0,20.4,4.8,9.1,3333,3690.0,-6.0,0.6,241,資金流入増 / MA上昇配列 / パーフェクトオーダー
3048,ビックカメラ,小売業,16.0,★☆☆☆☆,0.0,0.0,4.0,0.0,12.0,0.0,0.0,0.0,,,0.0,5.4,1.8,3.4,1724,1790.0,3.6,1.5,1484,MA上昇配列 / パーフェクトオーダー
3176,三洋貿易,卸売業,16.0,★☆☆☆☆,0.0,0.0,5.3,0.0,10.7,0.0,0.0,0.0,,,0.0,32.7,4.7,14.3,1010,1115.0,-4.7,0.7,416,買い出来高優勢 / 資金流入増 / MA上昇配列 / パーフェクトオーダー
8133,伊藤忠エネクス,卸売業,16.0,★☆☆☆☆,0.0,0.0,1.0,0.0,15.0,0.0,0.0,0.0,,,0.0,9.4,2.1,5.6,2136,2230.0,4.0,1.2,271,MA上昇配列 / パーフェクトオーダー / 52週高値ブレイク!
8075,神鋼商事,卸売業,16.0,★☆☆☆☆,0.0,0.0,5.3,0.0,10.7,0.0,0.0,0.0,,,0.0,19.6,3.3,10.7,2846,3045.0,0.8,0.5,240,買い出来高優勢 / 資金流入増 / MA上昇配列 / パーフェクトオーダー
6570,共和コーポレーション,サービス業,16.0,★☆☆☆☆,0.0,0.0,10.0,0.0,11.0,0.0,0.0,-5.0,,,0.0,93.5,6.7,55.1,3364,3880.0,25.4,4.1,178,出来高急増4.1倍 / 買い出来高優勢 / 資金流入増 / MA上昇配列 / パーフェクトオーダー / 52週高値目前 / RSI過熱(89)⚠ / 過熱⚠25MA+55%
6176,ブランジスタ,サービス業,16.0,★☆☆☆☆,0.0,0.0,5.3,0.0,10.7,0.0,0.0,0.0,,,0.0,8.7,2.3,6.7,950,997.0,1.2,0.8,120,買い出来高優勢 / 資金流入増 / MA上昇配列 / パーフェクトオーダー
7762,シチズン時計,精密機器,16.0,★☆☆☆☆,0.0,0.0,4.3,0.0,11.0,0.0,0.7,0.0,,,0.0,13.2,5.4,6.3,2255,2529.0,-8.1,0.7,5030,買い出来高優勢 / MA上昇配列 / パーフェクトオーダー / 開示[業績予想の修正](10日前)
2004,昭和産業,食料品,16.0,★☆☆☆☆,0.0,0.0,1.0,0.0,15.0,0.0,0.0,0.0,,,0.0,9.0,1.8,5.3,3607,3745.0,3.9,0.8,199,MA上昇配列 / パーフェクトオーダー / 52週高値ブレイク!
6383,ダイフク,機械,16.0,★☆☆☆☆,14.8,0.0,0.0,0.0,1.2,0.0,0.0,0.0,,Albemarle,8.2,-6.1,3.3,-3.8,5507,5900.0,-6.4,0.9,13237,Albemarle+5.4%連動(β0.21) 未反応+8.2%
4114,日本触媒,化学,16.0,★☆☆☆☆,0.0,0.0,5.3,0.0,10.7,0.0,0.0,0.0,,,0.0,23.4,3.6,12.8,2441,2633.0,-1.5,0.6,2573,買い出来高優勢 / 資金流入増 / MA上昇配列 / パーフェクトオーダー
6273,ＳＭＣ,機械,16.0,★☆☆☆☆,14.8,0.0,0.0,0.0,1.2,0.0,0.0,0.0,,Albemarle,9.5,-2.0,4.9,-2.0,64084,71090.0,-7.0,0.8,24008,Albemarle+5.4%連動(β0.21) 未反応+9.5%
9310,日本トランスシティ,倉庫・運輸関連業,15.9,★☆☆☆☆,0.0,0.0,4.0,0.0,9.5,0.0,2.4,0.0,,,0.0,11.6,3.4,3.0,1308,1403.0,-2.2,1.2,195,MA上昇配列 / パーフェクトオーダー / 開示[自己株式の取得](3日前)
4092,日本化学工業,化学,15.9,★☆☆☆☆,7.9,0.0,2.0,0.0,6.0,0.0,0.0,0.0,,SK hynix,1.8,-2.9,7.3,0.6,4719,5520.0,-0.5,0.5,1687,SK hynix+4.1%連動(β0.26) 未反応+1.8% / MA上昇配列 / パーフェクトオーダー / 開示[業績予想の修正](14日前)
4290,プレステージ・インターナショナル,サービス業,15.8,★☆☆☆☆,0.0,0.0,4.3,0.0,11.5,0.0,0.0,0.0,,,0.0,12.8,1.5,5.4,714,736.0,2.5,0.5,435,買い出来高優勢 / MA上昇配列 / 52週高値目前
8043,スターゼン,卸売業,15.799999999999999,★☆☆☆☆,0.0,0.0,3.0,0.0,12.2,0.0,0.6,0.0,,,0.0,17.9,2.5,9.9,1446,1521.0,0.9,1.0,235,MA上昇配列 / パーフェクトオーダー / 52週高値目前 / 開示[増配](11日前)
3433,トーカロ,金属製品,15.7,★☆☆☆☆,14.7,0.0,1.0,0.0,0.0,0.0,0.0,0.0,,SK hynix,8.1,-7.8,3.8,-5.4,2554,2765.0,-6.3,0.5,1127,SK hynix+4.1%連動(β0.26) 未反応+8.1%
7721,東京計器,精密機器,15.7,★☆☆☆☆,14.5,0.0,0.0,0.0,1.2,0.0,0.0,0.0,,SK hynix,11.9,0.6,5.9,-1.1,6111,6930.0,-6.6,0.8,2430,SK hynix+4.1%連動(β0.24) 未反応+11.9%
6361,荏原製作所,機械,15.7,★☆☆☆☆,15.7,0.0,0.0,0.0,0.0,0.0,0.0,0.0,,SK hynix,11.7,-13.8,6.1,-10.7,4324,4921.0,-16.0,0.7,21980,SK hynix+4.1%連動(β0.37) 未反応+11.7%
6227,ＡＩメカテック,機械,15.7,★☆☆☆☆,15.7,0.0,0.0,0.0,0.0,0.0,0.0,0.0,,SK hynix,11.1,-17.6,8.3,-9.7,4937,5920.0,-8.4,0.7,6684,SK hynix+4.1%連動(β0.36) 未反応+11.1%
4784,ＧＭＯインターネット,サービス業,15.7,★☆☆☆☆,0.0,0.0,7.7,0.0,8.0,0.0,0.0,0.0,,,0.0,19.3,5.2,10.7,540,603.0,6.0,2.3,1227,出来高増2.3倍 / 買い出来高優勢 / MA上昇配列
6141,ＤＭＧ森精機,機械,15.7,★☆☆☆☆,14.7,0.0,1.0,0.0,0.0,0.0,0.0,0.0,,SK hynix,10.1,-15.7,5.7,-14.2,2654,2996.5,-9.3,0.8,7367,SK hynix+4.1%連動(β0.27) 未反応+10.1%
3445,ＲＳ　Ｔｅｃｈｎｏｌｏｇｉｅｓ,金属製品,15.7,★☆☆☆☆,15.7,0.0,0.0,0.0,0.0,0.0,0.0,0.0,,SK hynix,14.9,-16.8,7.7,-14.2,4654,5500.0,-11.7,0.8,2050,SK hynix+4.1%連動(β0.36) 未反応+14.9%
5901,東洋製罐グループホールディングス,金属製品,15.5,★☆☆☆☆,0.0,0.0,2.0,0.0,13.5,0.0,0.0,0.0,,,0.0,10.1,2.6,5.6,4218,4448.0,0.7,1.1,1053,MA上昇配列 / パーフェクトオーダー / 52週高値目前
7278,エクセディ,輸送用機器,15.5,★☆☆☆☆,0.0,0.0,2.0,0.0,13.5,0.0,0.0,0.0,,,0.0,3.4,1.5,2.2,5984,6170.0,0.0,1.0,1151,MA上昇配列 / パーフェクトオーダー / 52週高値目前
1939,四電工,建設業,15.5,★☆☆☆☆,0.0,0.0,2.0,0.0,13.5,0.0,0.0,0.0,,,0.0,7.0,2.3,3.4,2023,2120.0,-0.2,0.8,197,MA上昇配列 / パーフェクトオーダー / 52週高値目前
9076,セイノーホールディングス,陸運業,15.5,★☆☆☆☆,0.0,0.0,2.0,0.0,13.5,0.0,0.0,0.0,,,0.0,4.3,2.5,3.1,2659,2798.0,0.8,0.7,1226,MA上昇配列 / パーフェクトオーダー / 52週高値目前
9039,サカイ引越センター,陸運業,15.5,★☆☆☆☆,0.0,0.0,2.0,0.0,13.5,0.0,0.0,0.0,,,0.0,2.8,1.9,2.2,2915,3030.0,0.8,1.0,250,MA上昇配列 / パーフェクトオーダー / 52週高値目前
8173,Ｊｏｓｈｉｎ,小売業,15.5,★☆☆☆☆,0.0,0.0,2.0,0.0,13.5,0.0,0.0,0.0,,,0.0,17.3,3.6,8.1,3987,4295.0,4.0,0.6,621,MA上昇配列 / パーフェクトオーダー / 52週高値目前
8098,稲畑産業,卸売業,15.5,★☆☆☆☆,0.0,0.0,2.0,0.0,13.5,0.0,0.0,0.0,,,0.0,5.5,1.8,4.0,4071,4225.0,0.8,0.7,402,MA上昇配列 / パーフェクトオーダー / 52週高値目前
8935,ＦＪネクストホールディングス,不動産業,15.5,★☆☆☆☆,0.0,0.0,2.0,0.0,13.5,0.0,0.0,0.0,,,0.0,11.0,2.2,6.1,1946,2038.0,0.7,0.7,131,MA上昇配列 / パーフェクトオーダー / 52週高値目前
2809,キユーピー,食料品,15.5,★☆☆☆☆,0.0,0.0,2.0,0.0,13.5,0.0,0.0,0.0,,,0.0,7.6,2.1,3.4,4575,4779.0,2.9,0.8,1609,MA上昇配列 / パーフェクトオーダー / 52週高値目前
6370,栗田工業,機械,15.5,★☆☆☆☆,14.5,0.0,0.0,0.0,1.0,0.0,0.0,0.0,,SK hynix,6.6,-10.6,3.9,-6.6,7394,8026.0,-5.1,0.9,5448,SK hynix+4.1%連動(β0.25) 未反応+6.6%
7846,パイロットコーポレーション,その他製品,15.5,★☆☆☆☆,0.0,0.0,2.0,0.0,13.5,0.0,0.0,0.0,,,0.0,13.9,2.7,6.7,1885,1991.5,0.4,1.4,447,MA上昇配列 / パーフェクトオーダー / 52週高値目前
7516,コーナン商事,小売業,15.5,★☆☆☆☆,0.0,0.0,2.0,0.0,13.5,0.0,0.0,0.0,,,0.0,9.9,1.7,5.8,4335,4490.0,4.7,0.7,392,MA上昇配列 / パーフェクトオーダー / 52週高値目前
7239,タチエス,輸送用機器,15.5,★☆☆☆☆,0.0,0.0,2.0,0.0,13.5,0.0,0.0,0.0,,,0.0,7.8,2.0,3.7,2244,2338.0,1.3,0.5,207,MA上昇配列 / パーフェクトオーダー / 52週高値目前
2001,ニップン,食料品,15.5,★☆☆☆☆,0.0,0.0,2.0,0.0,13.5,0.0,0.0,0.0,,,0.0,6.2,1.8,3.7,2844,2950.0,2.8,0.7,600,MA上昇配列 / パーフェクトオーダー / 52週高値目前
4611,大日本塗料,化学,15.5,★☆☆☆☆,0.0,0.0,2.0,0.0,13.5,0.0,0.0,0.0,,,0.0,9.6,2.8,5.2,1420,1503.0,-1.4,0.4,134,MA上昇配列 / パーフェクトオーダー / 52週高値目前
2109,ＤＭ三井製糖,食料品,15.5,★☆☆☆☆,0.0,0.0,2.0,0.0,13.5,0.0,0.0,0.0,,,0.0,9.7,1.6,5.5,3543,3660.0,4.1,0.8,173,MA上昇配列 / パーフェクトオーダー / 52週高値目前
6463,ＴＰＲ,機械,15.5,★☆☆☆☆,0.0,0.0,2.0,0.0,13.5,0.0,0.0,0.0,,,0.0,9.5,2.6,4.6,1478,1560.0,0.5,0.6,220,MA上昇配列 / パーフェクトオーダー / 52週高値目前
6368,オルガノ,機械,15.4,★☆☆☆☆,15.4,0.0,0.0,0.0,0.0,0.0,0.0,0.0,,SK hynix,9.5,-12.2,5.5,-6.1,12092,13575.0,-8.2,0.9,4880,SK hynix+4.1%連動(β0.33) 未反応+9.5%
6507,シンフォニアテクノロジー,電気機器,15.4,★☆☆☆☆,15.4,0.0,0.0,0.0,0.0,0.0,0.0,0.0,,SK hynix,11.0,-12.5,7.3,-7.3,10560,12360.0,-8.4,1.0,2624,SK hynix+4.1%連動(β0.33) 未反応+11.0%
6278,ユニオンツール,機械,15.4,★☆☆☆☆,15.4,0.0,0.0,0.0,0.0,0.0,0.0,0.0,,SK hynix,17.2,-21.3,9.8,-13.0,11607,14450.0,-11.7,0.9,5992,SK hynix+4.1%連動(β0.33) 未反応+17.2%
9308,乾汽船,海運業,15.3,★☆☆☆☆,0.0,0.0,5.3,0.0,10.0,0.0,0.0,0.0,,,0.0,24.0,3.8,9.2,1938,2097.0,1.8,0.4,336,買い出来高優勢 / 資金流入増 / MA上昇配列 / パーフェクトオーダー
6742,京三製作所,電気機器,15.3,★☆☆☆☆,0.0,0.0,3.3,0.0,12.0,0.0,0.0,0.0,,,0.0,12.4,6.3,8.6,902,1032.0,-2.3,0.9,334,買い出来高優勢 / MA上昇配列 / パーフェクトオーダー
8570,イオンフィナンシャルサービス,その他金融業,15.3,★☆☆☆☆,0.0,0.0,5.3,0.0,10.0,0.0,0.0,0.0,,,0.0,9.9,2.1,7.4,1643,1714.5,4.9,1.6,875,買い出来高優勢 / MA上昇配列
4118,カネカ,化学,15.3,★☆☆☆☆,0.0,0.0,3.3,0.0,12.0,0.0,0.0,0.0,,,0.0,6.7,2.5,4.6,5870,6185.0,-2.5,1.2,1758,買い出来高優勢 / MA上昇配列 / パーフェクトオーダー
5218,オハラ,ガラス・土石製品,15.3,★☆☆☆☆,0.0,0.0,3.3,0.0,12.0,0.0,0.0,0.0,,,0.0,12.4,4.4,5.1,1451,1590.0,-3.5,0.5,151,買い出来高優勢 / MA上昇配列 / パーフェクトオーダー
2489,アドウェイズ,サービス業,15.3,★☆☆☆☆,0.0,0.0,5.3,0.0,10.0,0.0,0.0,0.0,,,0.0,24.4,4.7,14.5,344,380.0,1.1,0.3,184,買い出来高優勢 / 資金流入増 / MA上昇配列 / パーフェクトオーダー
8919,カチタス,不動産業,15.3,★☆☆☆☆,0.0,0.0,4.3,0.0,11.0,0.0,0.0,0.0,,,0.0,19.1,3.8,11.4,3519,3805.0,6.6,1.2,851,買い出来高優勢 / MA上昇配列 / パーフェクトオーダー
6707,サンケン電気,電気機器,15.3,★☆☆☆☆,15.3,0.0,0.0,0.0,0.0,0.0,0.0,0.0,,Albemarle,13.4,-22.3,5.8,-13.7,6543,7405.0,-10.6,1.0,1417,Albemarle+5.4%連動(β0.25) 未反応+13.4%
9948,アークス,小売業,15.3,★☆☆☆☆,0.0,0.0,5.3,0.0,10.0,0.0,0.0,0.0,,,0.0,7.8,1.9,3.4,3568,3705.0,3.6,1.6,308,買い出来高優勢 / MA上昇配列
3771,システムリサーチ,情報・通信業,15.3,★☆☆☆☆,0.0,0.0,6.3,0.0,9.0,0.0,0.0,0.0,,,0.0,10.5,2.3,6.4,1873,1963.0,1.8,1.4,118,買い出来高優勢 / 資金流入増 / MA上昇配列
8032,日本紙パルプ商事,卸売業,15.3,★☆☆☆☆,0.0,0.0,3.3,0.0,12.0,0.0,0.0,0.0,,,0.0,8.5,2.7,4.3,1155,1221.0,-2.1,0.7,293,買い出来高優勢 / MA上昇配列 / パーフェクトオーダー
3778,さくらインターネット,情報・通信業,15.3,★☆☆☆☆,0.0,0.0,5.3,0.0,10.0,0.0,0.0,0.0,,,0.0,23.4,7.8,7.9,3016,3570.0,-7.8,0.9,6619,買い出来高優勢 / 資金流入増 / MA上昇配列 / パーフェクトオーダー
166A,タスキホールディングス,不動産業,15.3,★☆☆☆☆,0.0,0.0,3.3,0.0,12.0,0.0,0.0,0.0,,,0.0,8.4,3.7,3.0,1064,1149.0,0.3,0.4,818,買い出来高優勢 / MA上昇配列 / パーフェクトオーダー
5121,藤倉コンポジット,ゴム製品,15.3,★☆☆☆☆,0.0,0.0,3.3,0.0,12.0,0.0,0.0,0.0,,,0.0,10.9,3.3,4.7,2563,2745.0,-0.7,0.5,291,買い出来高優勢 / MA上昇配列 / パーフェクトオーダー
2269,明治ホールディングス,食料品,15.2,★☆☆☆☆,0.0,0.0,3.0,0.0,12.2,0.0,0.0,0.0,,,0.0,17.8,2.9,9.7,4100,4351.0,2.4,0.8,5501,MA上昇配列 / パーフェクトオーダー / 52週高値目前
1515,日鉄鉱業,鉱業,15.2,★☆☆☆☆,2.9,0.0,4.3,0.0,11.0,0.0,0.0,-3.0,,Albemarle,-4.7,27.7,6.6,16.4,3149,3625.0,7.7,0.9,2142,Albemarle+5.4%連動(β0.21) / 買い出来高優勢 / MA上昇配列 / パーフェクトオーダー / 伸びすぎ注意(25MA+16%)
5537,ＡｌｂａＬｉｎｋ,不動産業,15.2,★☆☆☆☆,0.0,0.0,3.0,0.0,11.0,0.0,1.2,0.0,,,0.0,12.8,6.4,11.7,2837,3255.0,19.7,1.4,246,MA上昇配列 / パーフェクトオーダー / 開示[業績予想の修正](11日前) / 開示[自己株式の取得](11日前)
4047,関東電化工業,化学,15.2,★☆☆☆☆,15.2,0.0,0.0,0.0,0.0,0.0,0.0,0.0,,SK hynix,15.6,-20.2,7.2,-13.7,1993,2326.0,-11.6,0.8,2224,SK hynix+4.1%連動(β0.31) 未反応+15.6% / 開示[業績予想の修正](14日前)
5016,ＪＸ金属,非鉄金属,15.1,★☆☆☆☆,15.1,0.0,0.0,0.0,0.0,0.0,0.0,0.0,,SK hynix,11.5,-8.4,6.4,-4.9,3134,3591.0,-5.1,0.6,79368,SK hynix+4.1%連動(β0.31) 未反応+11.5%
6071,ＩＢＪ,サービス業,15.0,★☆☆☆☆,0.0,0.0,4.3,0.0,8.7,0.0,2.0,0.0,,,0.0,17.6,3.0,12.0,898,955.0,13.6,0.9,318,買い出来高優勢 / MA上昇配列 / パーフェクトオーダー / 開示[上方修正](10日前) / 開示[増配](10日前)
6101,ツガミ,機械,15.0,★☆☆☆☆,15.0,0.0,0.0,0.0,0.0,0.0,0.0,0.0,,SK hynix,14.5,-21.0,6.4,-12.5,4716,5410.0,-12.7,0.7,3291,SK hynix+4.1%連動(β0.29) 未反応+14.5%
2121,ＭＩＸＩ,情報・通信業,15.0,★☆☆☆☆,0.0,0.0,4.3,0.0,10.7,0.0,0.0,0.0,,,0.0,25.6,3.4,11.8,3288,3530.0,6.2,1.1,1483,買い出来高優勢 / MA上昇配列 / パーフェクトオーダー
8537,大光銀行,銀行業,15.0,★☆☆☆☆,0.0,0.0,3.0,0.0,12.0,0.0,0.0,0.0,,,0.0,6.1,3.5,6.5,2767,2978.0,1.1,0.7,169,MA上昇配列 / パーフェクトオーダー
6592,マブチモーター,電気機器,15.0,★☆☆☆☆,0.0,0.0,3.0,0.0,12.0,0.0,0.0,0.0,,,0.0,10.3,2.6,5.6,1679,1770.5,1.6,1.0,2728,MA上昇配列 / パーフェクトオーダー
9324,安田倉庫,倉庫・運輸関連業,15.0,★☆☆☆☆,0.0,0.0,3.0,0.0,12.0,0.0,0.0,0.0,,,0.0,3.0,2.8,1.7,2440,2586.0,1.0,0.4,248,MA上昇配列 / パーフェクトオーダー
3569,セーレン,繊維製品,15.0,★☆☆☆☆,0.0,0.0,3.0,0.0,12.0,0.0,0.0,0.0,,,0.0,7.0,3.1,2.2,3198,3410.0,-3.5,0.4,804,MA上昇配列 / パーフェクトオーダー
4958,長谷川香料,化学,15.0,★☆☆☆☆,0.0,0.0,0.0,0.0,15.0,0.0,0.0,0.0,,,0.0,4.4,1.5,2.6,3281,3385.0,1.0,0.8,206,MA上昇配列 / パーフェクトオーダー / 52週高値ブレイク!
8395,佐賀銀行,銀行業,15.0,★☆☆☆☆,0.0,0.0,3.0,0.0,12.0,0.0,0.0,0.0,,,0.0,11.8,4.2,9.0,5913,6460.0,1.3,0.8,496,MA上昇配列 / パーフェクトオーダー
3465,ケイアイスター不動産,不動産業,15.0,★☆☆☆☆,0.0,0.0,3.0,0.0,12.0,0.0,0.0,0.0,,,0.0,7.4,3.3,5.4,3610,3865.0,-0.9,0.6,602,MA上昇配列 / パーフェクトオーダー
2782,セリア,小売業,15.0,★☆☆☆☆,0.0,0.0,3.0,0.0,12.0,0.0,0.0,0.0,,,0.0,14.7,4.2,6.8,3892,4250.0,3.9,0.6,1511,MA上昇配列 / パーフェクトオーダー
4228,積水化成品工業,化学,15.0,★☆☆☆☆,0.0,0.0,3.0,0.0,12.0,0.0,0.0,0.0,,,0.0,15.8,4.9,6.3,547,607.0,-7.0,0.4,243,MA上昇配列 / パーフェクトオーダー
2681,ゲオホールディングス,小売業,15.0,★☆☆☆☆,0.0,0.0,3.0,0.0,12.0,0.0,0.0,0.0,,,0.0,13.5,3.9,8.4,2169,2352.0,0.1,0.8,483,MA上昇配列 / パーフェクトオーダー
8551,北日本銀行,銀行業,15.0,★☆☆☆☆,0.0,0.0,3.0,0.0,12.0,0.0,0.0,0.0,,,0.0,13.4,3.8,9.2,6927,7490.0,1.5,0.6,367,資金流入増 / MA上昇配列 / パーフェクトオーダー
3221,ヨシックスホールディングス,小売業,15.0,★☆☆☆☆,0.0,0.0,3.0,0.0,12.0,0.0,0.0,0.0,,,0.0,5.6,2.1,3.8,3227,3370.0,3.1,0.5,118,MA上昇配列 / パーフェクトオーダー
8367,南都銀行,銀行業,15.0,★☆☆☆☆,0.0,0.0,3.0,0.0,12.0,0.0,0.0,0.0,,,0.0,-2.0,3.2,1.2,1751,1872.0,-3.6,0.6,1103,MA上昇配列 / パーフェクトオーダー
3946,トーモク,パルプ・紙,15.0,★☆☆☆☆,0.0,0.0,4.0,0.0,11.0,0.0,0.0,0.0,,,0.0,6.7,2.5,4.4,4519,4755.0,1.4,0.7,602,資金流入増 / MA上昇配列 / パーフェクトオーダー / 52週高値目前
2685,アンドエスティＨＤ,小売業,15.0,★☆☆☆☆,0.0,0.0,3.0,0.0,12.0,0.0,0.0,0.0,,,0.0,6.0,2.0,2.6,3394,3535.0,2.5,1.5,917,MA上昇配列 / パーフェクトオーダー
6135,牧野フライス製作所,機械,15.0,★☆☆☆☆,0.0,0.0,3.0,0.0,12.0,0.0,0.0,0.0,,,0.0,1.8,4.0,1.6,13830,15030.0,-2.1,0.6,4045,MA上昇配列 / パーフェクトオーダー
1847,イチケン,建設業,15.0,★☆☆☆☆,0.0,0.0,4.3,0.0,10.7,0.0,0.0,0.0,,,0.0,22.0,3.8,12.1,3088,3340.0,-1.6,0.5,159,買い出来高優勢 / MA上昇配列 / パーフェクトオーダー
7727,オーバル,精密機器,15.0,★☆☆☆☆,0.0,0.0,4.0,0.0,11.0,0.0,0.0,0.0,,,0.0,10.5,6.0,4.2,704,801.0,-13.4,0.4,138,資金流入増 / MA上昇配列 / パーフェクトオーダー
6333,ＴＥＩＫＯＫＵ,機械,15.0,★☆☆☆☆,0.0,0.0,4.3,0.0,10.7,0.0,0.0,0.0,,,0.0,6.1,3.6,2.8,3135,3375.0,5.1,0.5,168,買い出来高優勢 / MA上昇配列 / パーフェクトオーダー
6448,ブラザー工業,電気機器,15.0,★☆☆☆☆,0.0,0.0,4.3,0.0,10.7,0.0,0.0,0.0,,,0.0,17.3,3.2,8.8,4313,4608.0,-2.9,0.8,4810,買い出来高優勢 / MA上昇配列 / パーフェクトオーダー
8616,東海東京フィナンシャル・ホールディングス,証券、商品先物取引業,15.0,★☆☆☆☆,0.0,0.0,0.0,0.0,15.0,0.0,0.0,0.0,,,0.0,5.4,1.9,4.4,821,853.0,1.9,0.8,718,MA上昇配列 / パーフェクトオーダー / 52週高値ブレイク!
2002,日清製粉グループ本社,食料品,15.0,★☆☆☆☆,0.0,0.0,3.0,0.0,12.0,0.0,0.0,0.0,,,0.0,3.2,2.0,1.9,1983,2068.0,1.9,1.4,2027,MA上昇配列 / パーフェクトオーダー
6479,ミネベアミツミ,電気機器,14.9,★☆☆☆☆,14.9,0.0,0.0,0.0,0.0,0.0,0.0,0.0,,SK hynix,11.0,-14.6,4.6,-10.2,3053,3365.0,-10.7,0.7,11579,SK hynix+4.1%連動(β0.29) 未反応+11.0%
7752,リコー,電気機器,14.8,★☆☆☆☆,0.0,0.0,5.3,0.0,9.5,0.0,0.0,0.0,,,0.0,5.8,2.7,3.2,1555,1642.0,-2.1,2.6,5040,出来高増2.6倍 / MA上昇配列 / パーフェクトオーダー
6844,新電元工業,電気機器,14.8,★☆☆☆☆,14.8,0.0,0.0,0.0,0.0,0.0,0.0,0.0,,SK hynix,8.8,-13.0,5.4,-9.1,2747,3080.0,-4.6,0.5,455,SK hynix+4.1%連動(β0.27) 未反応+8.8%
6768,タムラ製作所,電気機器,14.8,★☆☆☆☆,14.8,0.0,0.0,0.0,0.0,0.0,0.0,0.0,,SK hynix,7.8,-16.5,5.2,-7.8,685,765.0,-5.6,0.7,728,SK hynix+4.1%連動(β0.27) 未反応+7.8%
8014,蝶理,卸売業,14.8,★☆☆☆☆,0.0,0.0,7.3,0.0,7.5,0.0,0.0,0.0,,,0.0,8.1,2.0,5.9,4089,4260.0,2.5,2.2,207,出来高増2.2倍 / 資金流入増 / MA上昇配列 / RSI過熱(91)⚠
4220,リケンテクノス,化学,14.8,★☆☆☆☆,0.0,0.0,5.3,0.0,9.5,0.0,0.0,0.0,,,0.0,46.0,4.9,13.8,2400,2659.0,-1.6,0.4,570,買い出来高優勢 / 資金流入増 / MA上昇配列 / パーフェクトオーダー
9101,日本郵船,海運業,14.7,★☆☆☆☆,0.0,0.0,4.0,0.0,13.7,0.0,0.0,-3.0,,,0.0,22.7,2.7,15.5,6718,7101.0,11.0,1.7,21071,MA上昇配列 / パーフェクトオーダー / 52週高値ブレイク! / 伸びすぎ注意(25MA+15%)
299A,クラシル,サービス業,14.7,★☆☆☆☆,0.0,0.0,6.7,0.0,8.0,0.0,0.0,0.0,,,0.0,26.5,4.0,14.4,1178,1280.0,10.1,2.6,193,出来高増2.6倍 / 買い出来高優勢 / MA上昇配列
6268,ナブテスコ,機械,14.6,★☆☆☆☆,14.6,0.0,0.0,0.0,0.0,0.0,0.0,0.0,,SK hynix,9.4,-9.6,4.4,-5.5,4133,4527.0,-7.6,0.5,5610,SK hynix+4.1%連動(β0.26) 未反応+9.4%
2120,ＬＩＦＵＬＬ,サービス業,14.6,★☆☆☆☆,0.0,0.0,5.3,0.0,8.7,0.0,0.6,0.0,,,0.0,24.6,3.7,14.2,225,243.0,0.0,1.1,231,買い出来高優勢 / 資金流入増 / MA上昇配列 / パーフェクトオーダー / 開示[上方修正](12日前)
8508,Ｊトラスト,その他金融業,14.6,★☆☆☆☆,0.0,0.0,2.0,0.0,12.0,0.0,0.6,0.0,,,0.0,4.4,5.4,2.6,775,868.0,-3.0,0.8,1379,資金流入増 / MA上昇配列 / パーフェクトオーダー / 開示[自己株式取得](11日前)
4182,三菱瓦斯化学,化学,14.6,★☆☆☆☆,14.6,0.0,0.0,0.0,0.0,0.0,0.0,0.0,,SK hynix,10.4,-15.6,6.1,-8.8,3362,3829.0,-4.7,0.8,7690,SK hynix+4.1%連動(β0.26) 未反応+10.4%
4975,ＪＣＵ,化学,14.6,★☆☆☆☆,14.6,0.0,0.0,0.0,0.0,0.0,0.0,0.0,,SK hynix,6.1,-14.6,5.6,-7.9,4843,5450.0,-2.7,0.6,749,SK hynix+4.1%連動(β0.25) 未反応+6.1%
325A,ＴＥＮＴＩＡＬ,繊維製品,14.6,★☆☆☆☆,0.0,0.0,3.0,0.0,9.7,0.0,1.9,0.0,,,0.0,9.7,3.8,11.9,1684,1824.0,15.1,1.3,389,MA上昇配列 / パーフェクトオーダー / 開示[自己株式の取得](5日前)
3950,ザ・パック,パルプ・紙,14.5,★☆☆☆☆,0.0,0.0,1.0,0.0,13.5,0.0,0.0,0.0,,,0.0,4.3,1.9,3.6,1451,1509.0,2.9,1.0,193,MA上昇配列 / パーフェクトオーダー / 52週高値目前
3763,プロシップ,情報・通信業,14.5,★☆☆☆☆,0.0,0.0,7.3,0.0,12.2,0.0,0.0,-5.0,,,0.0,39.5,4.9,26.4,2227,2468.0,22.1,1.8,155,買い出来高優勢 / 資金流入増 / MA上昇配列 / パーフェクトオーダー / 52週高値目前 / 過熱⚠25MA+26%
4912,ライオン,化学,14.5,★☆☆☆☆,0.0,0.0,1.0,0.0,13.5,0.0,0.0,0.0,,,0.0,14.9,2.8,7.0,1787,1894.0,-0.6,1.1,2596,MA上昇配列 / パーフェクトオーダー / 52週高値目前
7832,バンダイナムコホールディングス,その他製品,14.5,★☆☆☆☆,0.0,0.0,3.0,0.0,11.5,0.0,0.0,0.0,,,0.0,34.6,4.2,14.2,5025,5484.0,0.9,0.6,16937,MA上昇配列 / 52週高値目前
8713,フィデアホールディングス,銀行業,14.5,★☆☆☆☆,0.0,0.0,5.3,0.0,12.2,0.0,0.0,-3.0,,,0.0,30.6,4.0,17.7,2523,2742.0,4.3,1.2,285,買い出来高優勢 / 資金流入増 / MA上昇配列 / パーフェクトオーダー / 52週高値目前 / 伸びすぎ注意(25MA+18%)
6306,日工,機械,14.5,★☆☆☆☆,0.0,0.0,1.0,0.0,13.5,0.0,0.0,0.0,,,0.0,8.1,2.1,4.8,990,1034.0,2.0,0.9,137,MA上昇配列 / パーフェクトオーダー / 52週高値目前
8101,ＧＳＩクレオス,卸売業,14.5,★☆☆☆☆,0.0,0.0,1.0,0.0,13.5,0.0,0.0,0.0,,,0.0,3.3,2.4,3.2,2640,2775.0,3.2,0.9,104,MA上昇配列 / パーフェクトオーダー / 52週高値目前
417A,ブルーゾーンホールディングス,小売業,14.4,★☆☆☆☆,0.0,0.0,2.0,0.0,12.0,0.0,0.4,0.0,,,0.0,8.2,2.0,4.4,1787,1861.5,3.4,0.6,530,MA上昇配列 / パーフェクトオーダー / 開示[自己株式の取得](12日前) / 開示[自己株式の取得](14日前)
6418,日本金銭機械,機械,14.3,★☆☆☆☆,0.0,0.0,4.3,0.0,10.0,0.0,0.0,0.0,,,0.0,15.1,3.3,6.7,1153,1235.0,-3.3,0.8,209,買い出来高優勢 / MA上昇配列 / パーフェクトオーダー
5851,リョービ,非鉄金属,14.3,★☆☆☆☆,0.0,0.0,4.3,0.0,10.0,0.0,0.0,0.0,,,0.0,11.3,2.7,5.3,2646,2795.0,-2.7,0.6,408,買い出来高優勢 / MA上昇配列
7256,河西工業,輸送用機器,14.3,★☆☆☆☆,0.0,0.0,3.3,0.0,11.0,0.0,0.0,0.0,,,0.0,1.3,8.3,0.6,360,432.0,-4.2,0.5,209,買い出来高優勢 / MA上昇配列 / パーフェクトオーダー
2181,パーソルホールディングス,サービス業,14.3,★☆☆☆☆,0.0,0.0,4.3,0.0,10.0,0.0,0.0,0.0,,,0.0,13.7,2.2,7.3,278,291.5,1.3,0.8,3034,買い出来高優勢 / MA上昇配列
3989,シェアリングテクノロジー,情報・通信業,14.3,★☆☆☆☆,0.0,0.0,3.3,0.0,11.0,0.0,0.0,0.0,,,0.0,9.7,2.9,7.7,1449,1539.0,3.9,1.1,333,買い出来高優勢 / MA上昇配列 / パーフェクトオーダー / 52週高値目前 / RSI過熱(92)⚠
4674,クレスコ,情報・通信業,14.3,★☆☆☆☆,0.0,0.0,6.3,0.0,11.0,0.0,0.0,-3.0,,,0.0,32.5,3.3,17.5,1906,2041.0,4.4,1.3,424,買い出来高優勢 / 資金流入増 / MA上昇配列 / パーフェクトオーダー / 52週高値目前 / RSI過熱(95)⚠ / 伸びすぎ注意(25MA+18%)
8276,平和堂,小売業,14.3,★☆☆☆☆,0.0,0.0,5.3,0.0,9.0,0.0,0.0,0.0,,,0.0,9.5,2.0,4.2,2644,2752.0,1.3,0.3,946,買い出来高優勢 / 資金流入増 / MA上昇配列
3034,クオールホールディングス,小売業,14.3,★☆☆☆☆,0.0,0.0,4.3,0.0,10.0,0.0,0.0,0.0,,,0.0,21.3,4.7,11.6,2273,2510.0,-4.9,1.1,472,買い出来高優勢 / MA上昇配列
8273,イズミ,小売業,14.3,★☆☆☆☆,0.0,0.0,5.3,0.0,9.0,0.0,0.0,0.0,,,0.0,6.1,1.7,3.0,1002,1037.0,1.8,1.9,467,買い出来高優勢 / MA上昇配列
3197,すかいらーくホールディングス,小売業,14.3,★☆☆☆☆,0.0,0.0,4.3,0.0,10.0,0.0,0.0,0.0,,,0.0,13.5,2.7,6.6,3182,3362.0,3.2,1.2,4588,買い出来高優勢 / MA上昇配列
5185,フコク,ゴム製品,14.3,★☆☆☆☆,0.0,0.0,5.3,0.0,9.0,0.0,0.0,0.0,,,0.0,11.4,2.0,6.0,1968,2051.0,-0.7,0.6,148,買い出来高優勢 / 資金流入増 / MA上昇配列
2060,フィード・ワン,食料品,14.2,★☆☆☆☆,0.0,0.0,2.0,0.0,12.2,0.0,0.0,0.0,,,0.0,12.4,2.2,8.5,1372,1435.0,1.8,0.7,135,MA上昇配列 / パーフェクトオーダー / 52週高値目前
6412,平和,機械,14.0,★☆☆☆☆,0.0,0.0,2.0,0.0,12.0,0.0,0.0,0.0,,,0.0,10.5,1.9,5.2,2146,2230.0,2.4,0.8,740,MA上昇配列 / パーフェクトオーダー
2801,キッコーマン,食料品,14.0,★☆☆☆☆,0.0,0.0,2.0,0.0,12.0,0.0,0.0,0.0,,,0.0,15.1,3.3,7.7,1715,1837.5,2.5,0.7,7269,MA上昇配列 / パーフェクトオーダー
3097,物語コーポレーション,小売業,14.0,★☆☆☆☆,0.0,0.0,2.0,0.0,12.0,0.0,0.0,0.0,,,0.0,15.0,3.6,5.1,5260,5670.0,0.2,0.7,1287,MA上昇配列 / パーフェクトオーダー / 開示[増配](14日前)
8344,山形銀行,銀行業,14.0,★☆☆☆☆,0.0,0.0,2.0,0.0,12.0,0.0,0.0,0.0,,,0.0,11.5,4.6,6.1,3965,4365.0,-4.6,0.7,612,MA上昇配列 / パーフェクトオーダー
7177,ＧＭＯフィナンシャルホールディングス,証券、商品先物取引業,14.0,★☆☆☆☆,0.0,0.0,2.0,0.0,12.0,0.0,0.0,0.0,,,0.0,6.4,2.3,4.3,1074,1126.0,2.2,1.4,234,MA上昇配列 / パーフェクトオーダー
8550,栃木銀行,銀行業,14.0,★☆☆☆☆,0.0,0.0,2.0,0.0,12.0,0.0,0.0,0.0,,,0.0,2.3,4.1,2.0,956,1041.0,-6.8,0.5,875,MA上昇配列 / パーフェクトオーダー
7167,めぶきフィナンシャルグループ,銀行業,14.0,★☆☆☆☆,0.0,0.0,2.0,0.0,12.0,0.0,0.0,0.0,,,0.0,9.4,3.2,6.0,1543,1648.5,-0.6,0.9,4550,MA上昇配列 / パーフェクトオーダー
287A,黒田グループ,卸売業,14.0,★☆☆☆☆,0.0,0.0,2.0,0.0,12.0,0.0,0.0,0.0,,,0.0,8.2,2.7,4.1,1116,1181.0,-2.8,0.8,622,MA上昇配列 / パーフェクトオーダー
8368,百五銀行,銀行業,14.0,★☆☆☆☆,0.0,0.0,2.0,0.0,12.0,0.0,0.0,0.0,,,0.0,8.6,4.2,6.7,2066,2256.0,-2.3,1.0,2049,MA上昇配列 / パーフェクトオーダー
3156,レスター,卸売業,14.0,★☆☆☆☆,0.0,0.0,3.0,0.0,11.0,0.0,0.0,0.0,,,0.0,35.1,6.3,10.4,4154,4755.0,-13.7,0.4,768,MA上昇配列 / パーフェクトオーダー
3148,クリエイトＳＤホールディングス,小売業,14.0,★☆☆☆☆,0.0,0.0,2.0,0.0,12.0,0.0,0.0,0.0,,,0.0,4.1,1.6,2.1,3313,3420.0,2.5,0.6,329,MA上昇配列 / パーフェクトオーダー
8242,エイチ・ツー・オー　リテイリング,小売業,14.0,★☆☆☆☆,0.0,0.0,2.0,0.0,12.0,0.0,0.0,0.0,,,0.0,7.2,2.7,3.7,2792,2954.0,3.0,0.7,1264,MA上昇配列 / パーフェクトオーダー
3895,ハビックス,パルプ・紙,14.0,★☆☆☆☆,0.0,0.0,4.0,0.0,10.0,0.0,0.0,0.0,,,0.0,23.3,6.1,14.8,437,498.0,-12.5,0.6,121,資金流入増 / MA上昇配列 / パーフェクトオーダー
8051,山善,卸売業,14.0,★☆☆☆☆,0.0,0.0,2.0,0.0,12.0,0.0,0.0,0.0,,,0.0,8.6,2.6,3.8,1800,1898.0,-3.4,0.7,389,MA上昇配列 / パーフェクトオーダー / 開示[業績予想の修正](14日前)
2170,リンクアンドモチベーション,サービス業,14.0,★☆☆☆☆,0.0,0.0,4.0,0.0,10.0,0.0,0.0,0.0,,,0.0,19.1,4.7,12.2,638,704.0,16.0,0.9,522,資金流入増 / MA上昇配列 / パーフェクトオーダー
3106,倉敷紡績,繊維製品,14.0,★☆☆☆☆,0.0,0.0,3.0,0.0,11.0,0.0,0.0,0.0,,,0.0,4.4,3.8,2.1,9617,10400.0,-3.1,0.5,516,MA上昇配列 / パーフェクトオーダー
9678,カナモト,サービス業,14.0,★☆☆☆☆,0.0,0.0,2.0,0.0,12.0,0.0,0.0,0.0,,,0.0,7.7,2.2,3.1,5214,5450.0,-0.7,0.5,502,MA上昇配列 / パーフェクトオーダー
5076,インフロニア・ホールディングス,建設業,14.0,★☆☆☆☆,0.0,0.0,2.0,0.0,12.0,0.0,0.0,0.0,,,0.0,-2.1,3.3,1.7,2572,2755.0,-2.9,0.7,4954,MA上昇配列 / パーフェクトオーダー
9536,西部ガスホールディングス,電気・ガス業,14.0,★☆☆☆☆,0.0,0.0,2.0,0.0,12.0,0.0,0.0,0.0,,,0.0,5.7,1.6,4.1,2394,2473.0,3.8,1.3,185,MA上昇配列 / パーフェクトオーダー
7384,プロクレアホールディングス,銀行業,14.0,★☆☆☆☆,0.0,0.0,2.0,0.0,12.0,0.0,0.0,0.0,,,0.0,6.0,4.7,4.7,4062,4480.0,-3.1,0.7,442,MA上昇配列 / パーフェクトオーダー
7606,ユナイテッドアローズ,小売業,14.0,★☆☆☆☆,0.0,0.0,2.0,0.0,12.0,0.0,0.0,0.0,,,0.0,6.9,2.6,2.6,2425,2559.0,-0.2,0.7,562,MA上昇配列 / パーフェクトオーダー
5844,京都フィナンシャルグループ,銀行業,14.0,★☆☆☆☆,0.0,0.0,2.0,0.0,12.0,0.0,0.0,0.0,,,0.0,4.4,2.7,3.2,4575,4841.0,-4.6,1.2,4851,MA上昇配列 / パーフェクトオーダー
2222,寿スピリッツ,食料品,14.0,★☆☆☆☆,0.0,0.0,2.0,0.0,12.0,0.0,0.0,0.0,,,0.0,10.8,3.5,3.4,2491,2680.5,-2.4,0.6,1542,MA上昇配列 / パーフェクトオーダー
5831,しずおかフィナンシャルグループ,銀行業,14.0,★☆☆☆☆,0.0,0.0,2.0,0.0,12.0,0.0,0.0,0.0,,,0.0,3.2,3.1,3.3,3233,3450.0,-1.8,0.9,6604,MA上昇配列 / パーフェクトオーダー / 開示[自己株式の取得](14日前)
4689,ＬＩＮＥヤフー,情報・通信業,14.0,★☆☆☆☆,0.0,0.0,5.3,0.0,8.7,0.0,0.0,0.0,,,0.0,20.9,3.1,11.6,493,525.5999755859375,3.8,1.3,9486,買い出来高優勢 / MA上昇配列 / パーフェクトオーダー
7327,第四北越フィナンシャルグループ,銀行業,14.0,★☆☆☆☆,0.0,0.0,2.0,0.0,12.0,0.0,0.0,0.0,,,0.0,5.3,2.7,3.9,2331,2465.0,-1.4,0.8,2039,MA上昇配列 / パーフェクトオーダー
7322,三十三フィナンシャルグループ,銀行業,14.0,★☆☆☆☆,0.0,0.0,2.0,0.0,12.0,0.0,0.0,0.0,,,0.0,2.4,4.1,3.7,1848,2012.0,-3.1,0.5,805,MA上昇配列 / パーフェクトオーダー
2292,Ｓ　Ｆｏｏｄｓ,食料品,14.0,★☆☆☆☆,0.0,0.0,5.0,0.0,9.0,0.0,0.0,0.0,,,0.0,5.5,1.5,4.3,2801,2888.0,3.7,1.7,616,MA上昇配列
4631,ＤＩＣ,化学,14.0,★☆☆☆☆,0.0,0.0,3.0,0.0,11.0,0.0,0.0,0.0,,,0.0,14.8,4.3,7.4,4741,5190.0,-5.0,0.7,3916,MA上昇配列 / パーフェクトオーダー / 開示[業績予想の修正](14日前) / 開示[増配](14日前)
8562,福島銀行,銀行業,14.0,★☆☆☆☆,0.0,0.0,3.0,0.0,11.0,0.0,0.0,0.0,,,0.0,4.6,3.1,3.3,342,364.0,-2.7,0.6,115,MA上昇配列 / パーフェクトオーダー
4544,Ｈ．Ｕ．グループホールディングス,サービス業,14.0,★☆☆☆☆,0.0,0.0,2.0,0.0,12.0,0.0,0.0,0.0,,,0.0,11.7,2.8,5.9,3470,3680.0,1.3,0.9,899,MA上昇配列 / パーフェクトオーダー
2659,サンエー,小売業,14.0,★☆☆☆☆,0.0,0.0,2.0,0.0,12.0,0.0,0.0,0.0,,,0.0,7.4,1.7,2.8,3249,3365.0,1.1,0.9,459,MA上昇配列 / パーフェクトオーダー
7711,助川電気工業,精密機器,14.0,★☆☆☆☆,0.0,6.0,2.0,0.0,6.0,0.0,0.0,0.0,,,0.0,-0.4,5.0,3.5,4274,4750.0,-1.3,0.4,329,核融合(-4.8%)
7380,十六フィナンシャルグループ,銀行業,14.0,★☆☆☆☆,0.0,0.0,2.0,0.0,12.0,0.0,0.0,0.0,,,0.0,-1.1,3.7,1.8,2324,2512.0,-2.7,0.7,1361,MA上昇配列 / パーフェクトオーダー
8334,群馬銀行,銀行業,14.0,★☆☆☆☆,0.0,0.0,2.0,0.0,12.0,0.0,0.0,0.0,,,0.0,4.7,2.8,3.6,2551,2701.0,-2.3,0.9,2798,MA上昇配列 / パーフェクトオーダー
6750,エレコム,電気機器,14.0,★☆☆☆☆,0.0,0.0,2.0,0.0,12.0,0.0,0.0,0.0,,,0.0,7.1,2.7,3.0,1832,1938.0,0.5,0.8,462,MA上昇配列 / パーフェクトオーダー
8338,筑波銀行,銀行業,14.0,★☆☆☆☆,0.0,0.0,3.0,0.0,11.0,0.0,0.0,0.0,,,0.0,8.2,5.4,5.5,636,712.0,-5.7,0.5,1444,MA上昇配列 / パーフェクトオーダー
3333,あさひ,小売業,14.0,★☆☆☆☆,0.0,0.0,3.0,0.0,11.0,0.0,0.0,0.0,,,0.0,4.8,1.7,2.4,1311,1357.0,0.9,0.5,184,MA上昇配列 / パーフェクトオーダー
8151,東陽テクニカ,卸売業,14.0,★☆☆☆☆,0.0,0.0,2.0,0.0,12.0,0.0,0.0,0.0,,,0.0,3.9,3.3,2.4,1911,2045.0,-3.4,1.2,417,MA上昇配列 / パーフェクトオーダー
8078,阪和興業,卸売業,14.0,★☆☆☆☆,0.0,0.0,2.0,0.0,12.0,0.0,0.0,0.0,,,0.0,5.8,2.8,5.0,1739,1841.0,-0.1,1.0,806,MA上昇配列 / パーフェクトオーダー
6118,アイダエンジニアリング,機械,14.0,★☆☆☆☆,0.0,0.0,2.0,0.0,12.0,0.0,0.0,0.0,,,0.0,5.1,2.6,3.8,1197,1263.0,3.1,0.5,160,MA上昇配列 / パーフェクトオーダー
8097,三愛オブリ,卸売業,14.0,★☆☆☆☆,0.0,0.0,2.0,0.0,12.0,0.0,0.0,0.0,,,0.0,5.8,2.1,4.1,2314,2414.0,2.4,0.8,222,MA上昇配列 / パーフェクトオーダー
6305,日立建機,機械,13.9,★☆☆☆☆,0.0,0.0,2.0,0.0,10.0,0.0,1.9,0.0,,,0.0,4.8,3.2,3.3,5281,5644.0,1.6,1.2,12243,資金流入増 / MA上昇配列 / パーフェクトオーダー / 開示[自己株式取得](5日前)
9991,ジェコス,卸売業,13.8,★☆☆☆☆,0.0,0.0,4.3,0.0,9.5,0.0,0.0,0.0,,,0.0,9.3,2.0,4.1,1709,1780.0,1.1,0.4,116,買い出来高優勢 / MA上昇配列 / パーフェクトオーダー
6741,日本信号,電気機器,13.8,★☆☆☆☆,0.0,0.0,4.3,0.0,9.5,0.0,0.0,0.0,,,0.0,14.8,3.9,6.0,1665,1806.0,-2.9,0.8,457,買い出来高優勢 / MA上昇配列 / パーフェクトオーダー
6652,ＩＤＥＣ,電気機器,13.8,★☆☆☆☆,0.0,0.0,4.3,0.0,9.5,0.0,0.0,0.0,,,0.0,12.1,3.6,3.8,3385,3650.0,-3.8,0.6,579,買い出来高優勢 / MA上昇配列 / パーフェクトオーダー
9031,西日本鉄道,陸運業,13.7,★☆☆☆☆,0.0,0.0,3.0,0.0,10.7,0.0,0.0,0.0,,,0.0,1.7,2.2,2.1,3004,3143.0,3.5,1.0,642,MA上昇配列 / パーフェクトオーダー
7085,カーブスホールディングス,サービス業,13.7,★☆☆☆☆,0.0,0.0,3.0,0.0,10.7,0.0,0.0,0.0,,,0.0,4.1,1.6,2.1,938,970.0,1.6,1.3,571,MA上昇配列 / パーフェクトオーダー
4044,セントラル硝子,化学,13.7,★☆☆☆☆,0.0,0.0,3.0,0.0,10.7,0.0,0.0,0.0,,,0.0,9.3,3.3,4.8,4224,4520.0,-3.3,0.3,522,MA上昇配列 / パーフェクトオーダー / 開示[業績予想の修正](14日前)
4599,ステムリム,医薬品,13.7,★☆☆☆☆,0.0,0.0,5.0,0.0,8.7,0.0,0.0,0.0,,,0.0,19.6,4.5,13.3,325,357.0,2.6,1.8,101,MA上昇配列 / パーフェクトオーダー
4008,住友精化,化学,13.7,★☆☆☆☆,0.0,0.0,3.0,0.0,10.7,0.0,0.0,0.0,,,0.0,17.3,4.2,10.4,1388,1517.0,-2.6,0.5,423,MA上昇配列 / パーフェクトオーダー
9842,アークランズ,小売業,13.7,★☆☆☆☆,0.0,0.0,3.0,0.0,10.7,0.0,0.0,0.0,,,0.0,2.9,1.6,0.7,1859,1920.0,0.8,0.7,640,MA上昇配列 / パーフェクトオーダー
2207,ｍｅｉｔｏ,食料品,13.7,★☆☆☆☆,0.0,0.0,3.0,0.0,10.7,0.0,0.0,0.0,,,0.0,15.7,2.7,9.1,3427,3625.0,0.0,0.9,167,MA上昇配列 / パーフェクトオーダー / 開示[業績予想の修正](14日前)
8281,ゼビオホールディングス,小売業,13.7,★☆☆☆☆,0.0,0.0,3.0,0.0,10.7,0.0,0.0,0.0,,,0.0,11.3,2.7,7.1,1146,1212.0,-0.5,0.7,161,MA上昇配列 / パーフェクトオーダー
8897,ＭＩＲＡＲＴＨホールディングス,不動産業,13.7,★☆☆☆☆,0.0,0.0,4.0,0.0,9.7,0.0,0.0,0.0,,,0.0,11.8,2.2,7.2,437,457.0,-0.4,0.7,486,資金流入増 / MA上昇配列 / パーフェクトオーダー
7856,萩原工業,その他製品,13.5,★☆☆☆☆,0.0,0.0,0.0,0.0,13.5,0.0,0.0,0.0,,,0.0,4.4,1.6,2.5,1799,1860.0,-0.5,0.8,102,MA上昇配列 / パーフェクトオーダー / 52週高値目前
6702,富士通,電気機器,13.5,★☆☆☆☆,0.0,6.0,3.3,0.0,4.2,0.0,0.0,0.0,,,0.0,13.0,3.4,2.2,3400,3646.0,-5.1,0.5,32380,量子(-7.5%) / 買い出来高優勢 / MA上昇配列
8163,ＳＲＳホールディングス,小売業,13.5,★☆☆☆☆,0.0,0.0,4.0,0.0,9.5,0.0,0.0,0.0,,,0.0,17.8,3.3,6.7,1430,1531.0,3.4,0.4,305,資金流入増 / MA上昇配列 / パーフェクトオーダー
8159,立花エレテック,卸売業,13.5,★☆☆☆☆,0.0,0.0,4.0,0.0,9.5,0.0,0.0,0.0,,,0.0,18.1,5.2,6.0,3552,3965.0,-7.4,0.7,269,資金流入増 / MA上昇配列 / パーフェクトオーダー
8624,いちよし証券,証券、商品先物取引業,13.5,★☆☆☆☆,0.0,0.0,0.0,0.0,13.5,0.0,0.0,0.0,,,0.0,8.3,3.1,8.0,1598,1705.0,3.1,0.9,241,MA上昇配列 / パーフェクトオーダー / 52週高値目前
8522,名古屋銀行,銀行業,13.5,★☆☆☆☆,0.0,0.0,0.0,0.0,13.5,0.0,0.0,0.0,,,0.0,3.1,3.7,4.9,6463,6980.0,1.6,0.8,1158,MA上昇配列 / パーフェクトオーダー / 52週高値目前
7550,ゼンショーホールディングス,小売業,13.5,★☆☆☆☆,0.0,0.0,3.3,0.0,10.2,0.0,0.0,0.0,,,0.0,27.3,3.1,10.8,10767,11480.0,1.1,0.7,6791,買い出来高優勢 / MA上昇配列 / 52週高値目前
7510,たけびし,卸売業,13.5,★☆☆☆☆,0.0,0.0,4.0,0.0,9.5,0.0,0.0,0.0,,,0.0,9.9,4.0,2.4,2505,2725.0,-5.8,1.1,117,資金流入増 / MA上昇配列 / パーフェクトオーダー
3036,アルコニックス,卸売業,13.5,★☆☆☆☆,0.0,0.0,4.0,0.0,9.5,0.0,0.0,0.0,,,0.0,32.7,5.7,13.6,3040,3430.0,-8.7,0.7,706,資金流入増 / MA上昇配列 / パーフェクトオーダー
2124,ジェイエイシーリクルートメント,サービス業,13.4,★☆☆☆☆,0.0,0.0,4.0,0.0,9.0,0.0,0.4,0.0,,,0.0,8.7,3.5,2.8,914,984.0,-5.8,0.7,876,資金流入増 / MA上昇配列 / 開示[自己株式取得](12日前)
4471,三洋化成工業,化学,13.3,★☆☆☆☆,0.0,0.0,5.3,0.0,11.0,0.0,0.0,-3.0,,,0.0,28.3,4.3,15.2,5819,6360.0,0.2,0.8,937,買い出来高優勢 / 資金流入増 / MA上昇配列 / パーフェクトオーダー / 52週高値目前 / RSI過熱(85)⚠ / 伸びすぎ注意(25MA+15%)
4725,ＣＡＣ　Ｈｏｌｄｉｎｇｓ,情報・通信業,13.3,★☆☆☆☆,0.0,0.0,3.3,0.0,10.0,0.0,0.0,0.0,,,0.0,8.2,1.5,5.1,1902,1960.0,1.2,1.0,134,買い出来高優勢 / MA上昇配列
9044,ＮＡＮＫＡＩ,陸運業,13.3,★☆☆☆☆,0.0,0.0,3.3,0.0,10.0,0.0,0.0,0.0,,,0.0,5.2,2.0,2.7,2923,3043.0,3.4,0.8,819,買い出来高優勢 / MA上昇配列
8150,三信電気,卸売業,13.3,★☆☆☆☆,0.0,0.0,4.3,0.0,9.0,0.0,0.0,0.0,,,0.0,7.2,3.2,4.0,2905,3105.0,-0.8,0.6,198,買い出来高優勢 / MA上昇配列 / 52週高値目前
3543,コメダホールディングス,卸売業,13.3,★☆☆☆☆,0.0,0.0,3.3,0.0,10.0,0.0,0.0,0.0,,,0.0,5.5,1.2,2.9,2892,2962.0,2.1,1.1,852,買い出来高優勢 / MA上昇配列
2282,日本ハム,食料品,13.3,★☆☆☆☆,0.0,0.0,4.3,0.0,9.0,0.0,0.0,0.0,,,0.0,4.6,2.6,2.7,6090,6423.0,1.8,1.2,4420,買い出来高優勢 / MA上昇配列
7575,日本ライフライン,卸売業,13.2,★☆☆☆☆,0.0,0.0,3.0,0.0,10.2,0.0,0.0,0.0,,,0.0,15.0,2.4,6.4,1502,1576.0,3.0,0.5,365,MA上昇配列 / 52週高値目前
3284,フージャースホールディングス,不動産業,13.2,★☆☆☆☆,0.0,0.0,3.0,0.0,10.2,0.0,0.0,0.0,,,0.0,8.9,1.5,6.0,1293,1333.0,2.9,0.7,264,MA上昇配列 / 52週高値目前
2053,中部飼料,食料品,13.2,★☆☆☆☆,0.0,0.0,1.0,0.0,12.2,0.0,0.0,0.0,,,0.0,3.9,1.7,4.1,1962,2031.0,1.7,0.8,131,MA上昇配列 / パーフェクトオーダー / 52週高値目前
8739,スパークス・グループ,証券、商品先物取引業,13.2,★☆☆☆☆,0.0,0.0,1.0,0.0,12.2,0.0,0.0,0.0,,,0.0,13.4,2.5,6.5,2410,2538.0,0.6,0.5,317,MA上昇配列 / パーフェクトオーダー / 52週高値目前
9861,吉野家ホールディングス,小売業,13.2,★☆☆☆☆,0.0,0.0,2.0,0.0,8.2,0.0,3.0,0.0,,,0.0,10.6,1.8,3.1,3723,3860.0,2.1,0.7,2244,MA上昇配列 / パーフェクトオーダー / 開示[自己株式の取得](0日前)
4543,テルモ,精密機器,13.0,★☆☆☆☆,0.0,0.0,2.0,0.0,11.0,0.0,0.0,0.0,,,0.0,19.7,3.6,7.4,2385,2569.0,-3.9,0.9,12962,MA上昇配列 / パーフェクトオーダー
2594,キーコーヒー,食料品,13.0,★☆☆☆☆,0.0,0.0,3.0,0.0,10.0,0.0,0.0,0.0,,,0.0,3.3,0.9,1.5,1989,2027.0,0.2,0.6,160,MA上昇配列
9889,ＪＢＣＣホールディングス,情報・通信業,13.0,★☆☆☆☆,0.0,0.0,4.0,0.0,9.0,0.0,0.0,0.0,,,0.0,23.7,3.0,8.4,1653,1757.0,1.3,1.2,449,MA上昇配列 / 52週高値目前
4680,ラウンドワン,サービス業,13.0,★☆☆☆☆,0.0,0.0,2.0,0.0,11.0,0.0,0.0,0.0,,,0.0,11.3,5.6,5.1,1188,1338.5,-0.1,0.6,4332,MA上昇配列 / パーフェクトオーダー
8157,都築電気,情報・通信業,13.0,★☆☆☆☆,0.0,0.0,1.0,0.0,12.0,0.0,0.0,0.0,,,0.0,3.6,2.5,2.3,3910,4120.0,-1.4,0.5,214,MA上昇配列 / パーフェクトオーダー
8233,高島屋,小売業,13.0,★☆☆☆☆,0.0,0.0,1.0,0.0,12.0,0.0,0.0,0.0,,,0.0,6.3,2.5,2.7,2262,2383.0,3.6,1.0,3478,MA上昇配列 / パーフェクトオーダー
3632,グリーホールディングス,情報・通信業,13.0,★☆☆☆☆,0.0,0.0,3.0,0.0,10.0,0.0,0.0,0.0,,,0.0,7.8,2.3,3.4,400,420.0,-2.1,1.3,261,MA上昇配列 / パーフェクトオーダー
6794,フォスター電機,電気機器,13.0,★☆☆☆☆,0.0,0.0,2.0,0.0,11.0,0.0,0.0,0.0,,,0.0,6.4,4.4,3.8,2755,3020.0,-1.8,0.5,592,MA上昇配列 / パーフェクトオーダー
9511,沖縄電力,電気・ガス業,13.0,★☆☆☆☆,0.0,0.0,5.3,0.0,7.7,0.0,0.0,0.0,,,0.0,26.7,2.3,13.6,1123,1176.0,5.5,0.5,388,買い出来高優勢 / 資金流入増 / MA上昇配列
2212,山崎製パン,食料品,13.0,★☆☆☆☆,0.0,0.0,3.0,0.0,10.0,0.0,0.0,0.0,,,0.0,10.0,2.8,4.5,3406,3612.0,1.9,0.8,2598,MA上昇配列
8079,正栄食品工業,卸売業,13.0,★☆☆☆☆,0.0,0.0,2.0,0.0,11.0,0.0,0.0,0.0,,,0.0,5.0,1.4,3.2,4436,4560.0,2.9,0.8,163,MA上昇配列 / パーフェクトオーダー
9432,ＮＴＴ,情報・通信業,13.0,★☆☆☆☆,0.0,0.0,3.0,0.0,10.0,0.0,0.0,0.0,,,0.0,11.6,1.9,6.3,160,166.10000610351562,2.1,1.4,42637,MA上昇配列
215A,タイミー,サービス業,13.0,★☆☆☆☆,0.0,0.0,3.0,0.0,10.0,0.0,0.0,0.0,,,0.0,18.9,3.7,9.3,1545,1669.0,0.5,1.4,1971,MA上昇配列 / パーフェクトオーダー
319A,技術承継機構,金属製品,13.0,★☆☆☆☆,0.0,0.0,4.0,0.0,12.0,0.0,0.0,-3.0,,,0.0,32.0,8.0,15.5,17727,21080.0,3.4,1.2,881,MA上昇配列 / パーフェクトオーダー / 伸びすぎ注意(25MA+15%)
9434,ソフトバンク,情報・通信業,13.0,★☆☆☆☆,0.0,0.0,2.0,0.0,11.0,0.0,0.0,0.0,,,0.0,7.1,2.1,2.5,224,233.8000030517578,-0.5,0.9,18984,MA上昇配列 / パーフェクトオーダー / 52週高値目前
8362,福井銀行,銀行業,13.0,★☆☆☆☆,0.0,0.0,1.0,0.0,12.0,0.0,0.0,0.0,,,0.0,16.3,5.1,11.3,6161,6860.0,2.1,1.0,492,MA上昇配列 / パーフェクトオーダー
8364,清水銀行,銀行業,13.0,★☆☆☆☆,0.0,0.0,1.0,0.0,12.0,0.0,0.0,0.0,,,0.0,14.2,4.3,9.8,2822,3090.0,0.5,1.1,149,MA上昇配列 / パーフェクトオーダー
3762,テクマトリックス,情報・通信業,13.0,★☆☆☆☆,0.0,0.0,3.0,0.0,10.0,0.0,0.0,0.0,,,0.0,28.7,3.7,10.3,2213,2388.0,0.4,0.7,687,MA上昇配列
7189,西日本フィナンシャルホールディングス,銀行業,13.0,★☆☆☆☆,0.0,0.0,1.0,0.0,12.0,0.0,0.0,0.0,,,0.0,5.5,3.3,4.1,4358,4663.0,-2.3,0.6,2297,MA上昇配列 / パーフェクトオーダー
4208,ＵＢＥ,化学,13.0,★☆☆☆☆,0.0,0.0,1.0,0.0,12.0,0.0,0.0,0.0,,,0.0,9.6,2.8,6.0,3368,3568.0,-2.4,0.6,3673,MA上昇配列 / パーフェクトオーダー
3093,トレジャー・ファクトリー,小売業,13.0,★☆☆☆☆,0.0,0.0,1.0,0.0,12.0,0.0,0.0,0.0,,,0.0,4.5,2.8,2.4,2028,2147.0,1.7,0.8,290,MA上昇配列 / パーフェクトオーダー
8088,岩谷産業,卸売業,13.0,★☆☆☆☆,0.0,0.0,2.0,0.0,11.0,0.0,0.0,0.0,,,0.0,9.7,3.1,4.2,2042,2177.0,-3.2,0.6,1997,MA上昇配列 / パーフェクトオーダー
8308,りそなホールディングス,銀行業,13.0,★☆☆☆☆,0.0,0.0,1.0,0.0,12.0,0.0,0.0,0.0,,,0.0,1.8,3.3,2.3,2221,2378.0,-3.1,0.8,25059,MA上昇配列 / パーフェクトオーダー
6309,巴工業,機械,13.0,★☆☆☆☆,0.0,0.0,1.0,0.0,12.0,0.0,0.0,0.0,,,0.0,6.5,1.9,4.1,1934,2011.0,1.5,0.8,207,MA上昇配列 / パーフェクトオーダー
7774,ジャパン・ティッシュエンジニアリング,精密機器,13.0,★☆☆☆☆,0.0,0.0,5.3,0.0,10.7,0.0,0.0,-3.0,,,0.0,36.8,5.2,17.2,773,862.0,2.1,0.8,114,買い出来高優勢 / 資金流入増 / MA上昇配列 / パーフェクトオーダー / 伸びすぎ注意(25MA+17%)
4028,石原産業,化学,13.0,★☆☆☆☆,0.0,0.0,2.0,0.0,11.0,0.0,0.0,0.0,,,0.0,4.8,3.5,4.5,2924,3145.0,1.1,0.5,917,MA上昇配列 / パーフェクトオーダー
8876,リログループ,サービス業,13.0,★☆☆☆☆,0.0,0.0,1.0,0.0,12.0,0.0,0.0,0.0,,,0.0,8.5,2.2,4.4,2068,2162.0,0.0,0.8,1032,MA上昇配列 / パーフェクトオーダー
2670,エービーシー・マート,小売業,13.0,★☆☆☆☆,0.0,0.0,2.0,0.0,11.0,0.0,0.0,0.0,,,0.0,6.8,1.8,1.6,2691,2793.5,-1.9,0.7,1441,MA上昇配列 / パーフェクトオーダー
6339,新東工業,機械,13.0,★☆☆☆☆,0.0,0.0,1.0,0.0,12.0,0.0,0.0,0.0,,,0.0,4.5,2.9,2.1,1146,1215.0,-2.9,0.8,133,MA上昇配列 / パーフェクトオーダー
9147,ＮＩＰＰＯＮ　ＥＸＰＲＥＳＳホールディングス,陸運業,13.0,★☆☆☆☆,0.0,0.0,1.0,0.0,12.0,0.0,0.0,0.0,,,0.0,1.8,3.2,2.4,5206,5559.0,-2.2,0.9,7261,MA上昇配列 / パーフェクトオーダー
5943,ノーリツ,金属製品,13.0,★☆☆☆☆,0.0,0.0,1.0,0.0,12.0,0.0,0.0,0.0,,,0.0,4.8,1.8,2.1,2341,2427.0,1.3,0.7,200,MA上昇配列 / パーフェクトオーダー
6363,酉島製作所,機械,13.0,★☆☆☆☆,0.0,0.0,2.0,0.0,11.0,0.0,0.0,0.0,,,0.0,11.5,4.8,6.4,2865,3170.0,0.3,0.7,580,MA上昇配列 / パーフェクトオーダー
7354,ダイレクトマーケティングミックス,サービス業,13.0,★☆☆☆☆,0.0,0.0,3.0,0.0,10.0,0.0,0.0,0.0,,,0.0,10.1,4.3,8.0,346,379.0,4.7,1.9,118,MA上昇配列 / パーフェクトオーダー
9503,関西電力,電気・ガス業,13.0,★☆☆☆☆,0.0,0.0,3.0,0.0,10.0,0.0,0.0,0.0,,,0.0,11.1,2.6,8.7,2472,2610.0,8.7,1.4,8714,MA上昇配列
6923,スタンレー電気,電気機器,13.0,★☆☆☆☆,0.0,0.0,1.0,0.0,12.0,0.0,0.0,0.0,,,0.0,3.2,2.3,1.4,3432,3596.0,-1.7,0.8,2264,MA上昇配列 / パーフェクトオーダー
3994,マネーフォワード,情報・通信業,13.0,★☆☆☆☆,0.0,0.0,3.0,0.0,10.0,0.0,0.0,0.0,,,0.0,19.8,5.8,9.4,5387,6100.0,-5.8,0.9,3232,MA上昇配列 / パーフェクトオーダー
8524,北洋銀行,銀行業,13.0,★☆☆☆☆,0.0,0.0,1.0,0.0,12.0,0.0,0.0,0.0,,,0.0,4.9,3.5,3.3,1173,1261.0,-3.1,0.9,2353,MA上昇配列 / パーフェクトオーダー
4676,フジ・メディア・ホールディングス,情報・通信業,13.0,★☆☆☆☆,0.0,0.0,1.0,0.0,12.0,0.0,0.0,0.0,,,0.0,3.7,2.6,1.2,3929,4145.0,0.4,0.7,2288,MA上昇配列 / パーフェクトオーダー
7236,ティラド,輸送用機器,13.0,★☆☆☆☆,0.0,0.0,1.0,0.0,12.0,0.0,0.0,0.0,,,0.0,3.2,3.6,2.5,1447,1560.0,-1.6,0.5,591,MA上昇配列 / パーフェクトオーダー
5707,東邦亜鉛,非鉄金属,12.8,★☆☆☆☆,3.8,0.0,7.3,0.0,6.7,0.0,0.0,-5.0,,Albemarle,-3.6,36.4,6.8,22.5,990,1145.0,5.9,1.8,741,Albemarle+5.4%連動(β0.28) / 買い出来高優勢 / 資金流入増 / MA上昇配列 / 過熱⚠25MA+22%
4996,クミアイ化学工業,化学,12.8,★☆☆☆☆,0.0,0.0,5.3,0.0,7.5,0.0,0.0,0.0,,,0.0,8.6,1.6,6.3,770,796.0,4.7,1.7,285,買い出来高優勢 / MA上昇配列 / パーフェクトオーダー / RSI過熱(85)⚠
4434,サーバーワークス,情報・通信業,12.8,★☆☆☆☆,0.0,0.0,5.3,0.0,7.5,0.0,0.0,0.0,,,0.0,29.3,4.0,7.8,2249,2446.0,-2.4,0.4,175,買い出来高優勢 / 資金流入増 / MA上昇配列 / パーフェクトオーダー
6023,ダイハツインフィニアース,輸送用機器,12.8,★☆☆☆☆,0.0,0.0,4.3,0.0,8.5,0.0,0.0,0.0,,,0.0,10.5,5.0,5.0,2711,3010.0,1.2,0.6,761,買い出来高優勢 / MA上昇配列 / パーフェクトオーダー
9934,因幡電機産業,卸売業,12.8,★☆☆☆☆,0.0,0.0,3.3,0.0,9.5,0.0,0.0,0.0,,,0.0,6.8,2.3,2.2,2830,2966.0,-2.8,0.8,635,買い出来高優勢 / MA上昇配列 / パーフェクトオーダー
4251,恵和,化学,12.799999999999999,★☆☆☆☆,10.2,0.0,1.0,0.0,0.0,0.0,1.6,0.0,,SK hynix,2.5,-3.1,2.7,-3.9,1119,1182.0,-9.7,1.0,141,SK hynix+4.1%連動(β0.25) 未反応+2.5% / 開示[業績予想の修正](10日前) / 開示[自己株式取得](10日前)
5010,日本精蝋,石油・石炭製品,12.7,★☆☆☆☆,0.0,0.0,7.3,0.0,9.7,0.0,0.7,-5.0,,,0.0,33.5,5.6,24.1,280,315.0,28.0,2.4,127,出来高増2.4倍 / 資金流入増 / MA上昇配列 / パーフェクトオーダー / 過熱⚠25MA+24% / 開示[業績予想の修正](10日前)
6272,レオン自動機,機械,12.7,★☆☆☆☆,0.0,0.0,2.0,0.0,10.7,0.0,0.0,0.0,,,0.0,1.7,1.8,0.8,1476,1532.0,-0.1,1.6,108,MA上昇配列 / パーフェクトオーダー
1377,サカタのタネ,水産・農林業,12.7,★☆☆☆☆,0.0,0.0,2.0,0.0,10.7,0.0,0.0,0.0,,,0.0,3.6,1.6,2.9,4384,4525.0,3.7,0.8,479,MA上昇配列 / パーフェクトオーダー
8923,トーセイ,不動産業,12.7,★☆☆☆☆,0.0,0.0,2.0,0.0,10.7,0.0,0.0,0.0,,,0.0,4.2,2.2,2.6,1749,1829.0,1.9,1.0,419,MA上昇配列 / パーフェクトオーダー
4919,ミルボン,化学,12.7,★☆☆☆☆,0.0,0.0,4.0,0.0,8.7,0.0,0.0,0.0,,,0.0,17.0,3.1,10.4,3053,3255.0,0.2,1.2,539,MA上昇配列 / パーフェクトオーダー / 開示[上方修正](14日前) / 開示[自己株式取得](14日前)
1899,福田組,建設業,12.7,★☆☆☆☆,0.0,0.0,2.0,0.0,10.7,0.0,0.0,0.0,,,0.0,22.4,4.4,12.9,4357,4775.0,-2.5,0.7,407,資金流入増 / MA上昇配列 / パーフェクトオーダー
8358,スルガ銀行,銀行業,12.7,★☆☆☆☆,0.0,0.0,2.0,0.0,10.7,0.0,0.0,0.0,,,0.0,5.5,3.2,4.4,2680,2862.0,-1.2,0.9,2624,MA上昇配列 / パーフェクトオーダー
6098,リクルートホールディングス,サービス業,12.7,★☆☆☆☆,0.0,0.0,2.0,0.0,10.7,0.0,0.0,0.0,,,0.0,29.3,4.3,14.1,14524,15900.0,-3.4,0.6,63027,MA上昇配列 / パーフェクトオーダー
9831,ヤマダホールディングス,小売業,12.7,★☆☆☆☆,0.0,0.0,2.0,0.0,10.7,0.0,0.0,0.0,,,0.0,1.2,2.9,2.2,678,720.2999877929688,4.0,1.3,3240,MA上昇配列 / パーフェクトオーダー
4392,ＦＩＧ,情報・通信業,12.7,★☆☆☆☆,0.0,0.0,6.7,0.0,6.0,0.0,0.0,0.0,,,0.0,5.9,10.9,11.5,885,1132.0,7.8,2.1,5703,出来高増2.1倍 / 買い出来高優勢
8252,丸井グループ,小売業,12.7,★☆☆☆☆,0.0,0.0,1.0,0.0,8.7,0.0,3.0,0.0,,,0.0,2.8,1.8,1.0,2880,2989.5,0.7,0.5,2794,MA上昇配列 / 開示[自己株式取得](0日前)
8337,千葉興業銀行,銀行業,12.6,★☆☆☆☆,0.0,0.0,1.0,0.0,9.5,0.0,2.1,0.0,,,0.0,0.0,3.5,1.5,2511,2698.0,-4.2,0.6,366,MA上昇配列 / パーフェクトオーダー / 開示[自己株式の取得](4日前)
6951,日本電子,電気機器,12.6,★☆☆☆☆,12.6,0.0,0.0,0.0,0.0,0.0,0.0,0.0,,SK hynix,3.2,-10.9,5.7,-10.2,6444,7280.0,-17.7,0.8,3182,SK hynix+4.1%連動(β0.30) 未反応+3.2%
4206,アイカ工業,化学,12.5,★☆☆☆☆,0.0,0.0,3.0,0.0,9.5,0.0,0.0,0.0,,,0.0,12.2,2.7,4.8,3855,4077.0,-1.2,0.7,1369,MA上昇配列 / パーフェクトオーダー
8388,阿波銀行,銀行業,12.5,★☆☆☆☆,0.0,0.0,3.0,0.0,9.5,0.0,0.0,0.0,,,0.0,8.5,3.6,3.7,8356,9000.0,-3.4,1.2,1483,資金流入増 / MA上昇配列 / パーフェクトオーダー
4452,花王,化学,12.5,★☆☆☆☆,0.0,0.0,3.0,0.0,9.5,0.0,0.0,0.0,,,0.0,10.9,3.1,4.4,3338,3556.0,0.7,0.6,14577,MA上昇配列 / パーフェクトオーダー
7613,シークス,卸売業,12.5,★☆☆☆☆,0.0,0.0,4.3,0.0,8.2,0.0,0.0,0.0,,,0.0,14.0,3.4,5.6,1488,1596.0,-3.9,0.6,419,買い出来高優勢 / MA上昇配列 / パーフェクトオーダー
8015,豊田通商,卸売業,12.5,★☆☆☆☆,0.0,0.0,3.0,0.0,9.5,0.0,0.0,0.0,,,0.0,10.2,3.7,5.0,6697,7226.0,-1.4,0.4,21573,MA上昇配列 / パーフェクトオーダー
7350,おきなわフィナンシャルグループ,銀行業,12.5,★☆☆☆☆,0.0,0.0,3.0,0.0,9.5,0.0,0.0,0.0,,,0.0,5.4,3.8,2.1,7064,7650.0,-3.7,0.6,642,MA上昇配列 / パーフェクトオーダー
3402,東レ,繊維製品,12.5,★☆☆☆☆,0.0,0.0,3.0,0.0,9.5,0.0,0.0,0.0,,,0.0,10.7,3.6,5.0,1205,1298.5,-4.1,0.5,7301,MA上昇配列 / パーフェクトオーダー
4205,日本ゼオン,化学,12.5,★☆☆☆☆,0.0,0.0,3.0,0.0,9.5,0.0,0.0,0.0,,,0.0,7.0,2.5,2.8,2277,2399.5,-2.3,0.8,2871,MA上昇配列 / パーフェクトオーダー
8600,トモニホールディングス,銀行業,12.5,★☆☆☆☆,0.0,0.0,3.0,0.0,9.5,0.0,0.0,0.0,,,0.0,8.4,3.4,4.7,1009,1083.0,-3.1,0.5,767,MA上昇配列 / パーフェクトオーダー
7537,丸文,卸売業,12.5,★☆☆☆☆,0.0,0.0,3.0,0.0,9.5,0.0,0.0,0.0,,,0.0,3.8,4.8,2.7,1606,1778.0,-5.9,0.6,291,MA上昇配列 / パーフェクトオーダー
6351,鶴見製作所,機械,12.5,★☆☆☆☆,0.0,0.0,3.0,0.0,9.5,0.0,0.0,0.0,,,0.0,8.6,4.3,2.2,2144,2347.0,-2.7,0.4,189,MA上昇配列 / パーフェクトオーダー
7272,ヤマハ発動機,輸送用機器,12.5,★☆☆☆☆,0.0,0.0,5.3,0.0,12.2,0.0,0.0,-5.0,,,0.0,50.1,5.3,20.7,1736,1940.0,-0.5,0.6,17637,買い出来高優勢 / 資金流入増 / MA上昇配列 / パーフェクトオーダー / 52週高値目前 / 過熱⚠25MA+21%
7433,伯東,卸売業,12.5,★☆☆☆☆,0.0,0.0,3.0,0.0,9.5,0.0,0.0,0.0,,,0.0,15.3,3.0,5.2,4906,5220.0,-1.1,0.7,688,資金流入増 / MA上昇配列 / パーフェクトオーダー
8541,愛媛銀行,銀行業,12.5,★☆☆☆☆,0.0,0.0,2.0,0.0,13.5,0.0,0.0,-3.0,,,0.0,30.6,4.2,15.4,2984,3260.0,6.4,0.6,1192,資金流入増 / MA上昇配列 / パーフェクトオーダー / 52週高値目前 / 伸びすぎ注意(25MA+15%)
7637,白銅,卸売業,12.5,★☆☆☆☆,0.0,0.0,3.0,0.0,9.5,0.0,0.0,0.0,,,0.0,7.8,5.8,4.1,3286,3715.0,-6.4,0.7,209,MA上昇配列 / パーフェクトオーダー
8022,美津濃,その他製品,12.5,★☆☆☆☆,0.0,0.0,3.0,0.0,9.5,0.0,0.0,0.0,,,0.0,14.1,4.7,5.6,3700,4080.0,-4.4,0.9,1139,MA上昇配列 / パーフェクトオーダー
8341,七十七銀行,銀行業,12.5,★☆☆☆☆,0.0,0.0,3.0,0.0,9.5,0.0,0.0,0.0,,,0.0,4.3,3.2,3.1,3496,3736.0,-2.6,0.9,2589,MA上昇配列 / パーフェクトオーダー
3673,ブロードリーフ,情報・通信業,12.4,★☆☆☆☆,0.0,0.0,1.0,0.0,11.0,0.0,0.4,0.0,,,0.0,13.7,4.9,7.2,428,474.0,10.0,0.8,490,MA上昇配列 / パーフェクトオーダー / 開示[業績予想の修正](12日前)
7593,ＶＴホールディングス,小売業,12.4,★☆☆☆☆,0.0,0.0,3.3,0.0,8.7,0.0,0.4,0.0,,,0.0,12.6,2.0,8.7,519,541.0,4.0,1.0,242,買い出来高優勢 / MA上昇配列 / 開示[自己株式の取得](12日前) / 開示[自己株式の取得](14日前)
3851,日本一ソフトウェア,情報・通信業,12.3,★☆☆☆☆,0.0,0.0,5.3,0.0,10.0,0.0,0.0,-3.0,,,0.0,38.2,5.7,17.9,1098,1238.0,4.9,0.7,112,買い出来高優勢 / 資金流入増 / MA上昇配列 / パーフェクトオーダー / 伸びすぎ注意(25MA+18%)
3549,クスリのアオキホールディングス,小売業,12.3,★☆☆☆☆,0.0,0.0,3.3,0.0,9.0,0.0,0.0,0.0,,,0.0,11.5,2.3,3.6,3915,4108.0,1.8,1.1,916,買い出来高優勢 / MA上昇配列
7906,ヨネックス,その他製品,12.3,★☆☆☆☆,0.0,0.0,4.3,0.0,8.0,0.0,0.0,0.0,,,0.0,9.2,4.3,4.6,2534,2774.0,-2.0,0.6,1628,買い出来高優勢 / MA上昇配列 / 開示[業績予想の修正](14日前)
2820,やまみ,食料品,12.3,★☆☆☆☆,0.0,0.0,4.3,0.0,11.0,0.0,0.0,-3.0,,,0.0,28.5,4.4,19.4,5729,6280.0,6.4,1.2,115,買い出来高優勢 / MA上昇配列 / パーフェクトオーダー / 52週高値目前 / RSI過熱(90)⚠ / 伸びすぎ注意(25MA+19%)
7611,ハイデイ日高,小売業,12.3,★☆☆☆☆,0.0,0.0,4.3,0.0,8.0,0.0,0.0,0.0,,,0.0,8.9,1.7,4.5,2888,2991.0,2.6,0.9,760,買い出来高優勢 / MA上昇配列
3001,片倉工業,繊維製品,12.200000000000001,★☆☆☆☆,0.0,0.0,4.3,0.0,7.5,0.0,0.4,0.0,,,0.0,12.0,2.8,4.5,2789,2953.0,0.7,0.4,172,買い出来高優勢 / MA上昇配列 / 開示[業績予想の修正](12日前)
8218,コメリ,小売業,12.2,★☆☆☆☆,0.0,0.0,4.0,0.0,8.2,0.0,0.0,0.0,,,0.0,12.4,2.1,2.9,3714,3880.0,-0.1,0.6,580,資金流入増 / MA上昇配列 / パーフェクトオーダー
2429,ワールドホールディングス,サービス業,12.2,★☆☆☆☆,0.0,0.0,2.0,0.0,10.2,0.0,0.0,0.0,,,0.0,5.7,2.2,5.7,2739,2866.0,4.2,1.0,161,MA上昇配列 / 52週高値目前
6330,東洋エンジニアリング,建設業,12.0,★☆☆☆☆,0.0,0.0,4.0,0.0,8.0,0.0,0.0,0.0,,,0.0,22.4,7.8,10.4,1966,2328.0,-10.1,0.6,7560,資金流入増 / MA上昇配列
9504,中国電力,電気・ガス業,12.0,★☆☆☆☆,0.0,0.0,3.0,0.0,9.0,0.0,0.0,0.0,,,0.0,5.9,2.1,5.6,946,987.0,5.9,1.3,1834,MA上昇配列
5243,ｎｏｔｅ,情報・通信業,12.0,★☆☆☆☆,0.0,0.0,2.0,0.0,10.0,0.0,0.0,0.0,,,0.0,27.3,5.9,13.0,2251,2550.0,-0.4,0.8,705,MA上昇配列 / パーフェクトオーダー
8070,東京産業,卸売業,12.0,★☆☆☆☆,0.0,0.0,4.3,0.0,7.7,0.0,0.0,0.0,,,0.0,11.0,2.6,8.8,888,938.0,5.5,1.1,110,買い出来高優勢 / MA上昇配列
9041,近鉄グループホールディングス,陸運業,12.0,★☆☆☆☆,0.0,0.0,2.0,0.0,10.0,0.0,0.0,0.0,,,0.0,4.6,1.9,1.1,3413,3549.0,-0.2,0.8,2199,MA上昇配列 / パーフェクトオーダー
1934,ユアテック,建設業,12.0,★☆☆☆☆,0.0,0.0,4.0,0.0,8.0,0.0,0.0,0.0,,,0.0,8.3,2.6,4.4,2382,2515.0,1.5,1.2,452,MA上昇配列
4443,Ｓａｎｓａｎ,情報・通信業,12.0,★☆☆☆☆,0.0,0.0,2.0,0.0,10.0,0.0,0.0,0.0,,,0.0,26.5,4.3,14.5,2039,2231.0,5.9,1.0,2494,MA上昇配列 / パーフェクトオーダー
8194,ライフコーポレーション,小売業,12.0,★☆☆☆☆,0.0,0.0,2.0,0.0,10.0,0.0,0.0,0.0,,,0.0,9.6,2.4,4.2,2530,2657.0,2.1,0.8,528,MA上昇配列
8174,日本瓦斯,小売業,12.0,★☆☆☆☆,0.0,0.0,2.0,0.0,10.0,0.0,0.0,0.0,,,0.0,4.1,1.7,3.1,2860,2960.5,3.1,0.9,711,MA上昇配列
3399,丸千代山岡家,小売業,12.0,★☆☆☆☆,0.0,0.0,0.0,0.0,12.0,0.0,0.0,0.0,,,0.0,5.7,3.0,4.0,3597,3830.0,1.3,0.5,381,MA上昇配列 / パーフェクトオーダー
3401,帝人,繊維製品,12.0,★☆☆☆☆,0.0,0.0,0.0,0.0,12.0,0.0,0.0,0.0,,,0.0,3.1,2.9,2.5,1652,1753.0,-0.5,0.8,1508,MA上昇配列 / パーフェクトオーダー
3539,ＪＭホールディングス,小売業,12.0,★☆☆☆☆,0.0,0.0,4.3,0.0,7.7,0.0,0.0,0.0,,,0.0,13.4,2.1,7.1,1422,1483.0,3.5,0.4,407,買い出来高優勢 / MA上昇配列
4911,資生堂,化学,12.0,★☆☆☆☆,0.0,0.0,2.0,0.0,10.0,0.0,0.0,0.0,,,0.0,19.6,4.0,10.4,3404,3696.0,3.9,0.5,13228,MA上昇配列 / パーフェクトオーダー
8103,明和産業,卸売業,12.0,★☆☆☆☆,0.0,0.0,0.0,0.0,12.0,0.0,0.0,0.0,,,0.0,5.3,2.2,3.4,915,956.0,-1.5,0.5,211,MA上昇配列 / パーフェクトオーダー
4933,Ｉ－ｎｅ,化学,12.0,★☆☆☆☆,0.0,0.0,3.3,0.0,8.7,0.0,0.0,0.0,,,0.0,17.8,3.0,9.9,1355,1441.0,-0.4,0.7,110,買い出来高優勢 / MA上昇配列 / パーフェクトオーダー
9347,日本管財ホールディングス,サービス業,12.0,★☆☆☆☆,0.0,0.0,2.0,0.0,10.0,0.0,0.0,0.0,,,0.0,5.4,1.5,3.1,2804,2889.0,1.3,0.7,164,MA上昇配列
3475,グッドコムアセット,不動産業,12.0,★☆☆☆☆,0.0,0.0,1.0,0.0,11.0,0.0,0.0,0.0,,,0.0,8.4,1.7,4.4,1543,1598.0,1.5,0.8,125,MA上昇配列 / パーフェクトオーダー
8283,ＰＡＬＴＡＣ,卸売業,12.0,★☆☆☆☆,0.0,0.0,1.0,0.0,11.0,0.0,0.0,0.0,,,0.0,0.4,0.4,0.1,6583,6630.0,0.0,0.0,1134,MA上昇配列 / パーフェクトオーダー / 52週高値目前
6809,ＴＯＡ,電気機器,12.0,★☆☆☆☆,0.0,0.0,2.0,0.0,10.0,0.0,0.0,0.0,,,0.0,5.1,2.0,2.3,1626,1692.0,-3.1,0.9,162,MA上昇配列
3245,ディア・ライフ,不動産業,12.0,★☆☆☆☆,0.0,0.0,4.3,0.0,7.7,0.0,0.0,0.0,,,0.0,8.5,1.9,5.6,1122,1167.0,1.4,0.8,368,買い出来高優勢 / MA上昇配列
8361,大垣共立銀行,銀行業,12.0,★☆☆☆☆,0.0,0.0,0.0,0.0,12.0,0.0,0.0,0.0,,,0.0,0.5,3.7,2.9,7340,7920.0,-1.6,0.7,1513,MA上昇配列 / パーフェクトオーダー
7979,松風,精密機器,12.0,★☆☆☆☆,0.0,0.0,1.0,0.0,11.0,0.0,0.0,0.0,,,0.0,10.9,3.0,5.0,2198,2339.0,-1.0,0.8,235,MA上昇配列 / パーフェクトオーダー
1605,ＩＮＰＥＸ,鉱業,12.0,★☆☆☆☆,0.0,0.0,1.0,0.0,11.0,0.0,0.0,0.0,,,0.0,7.6,2.9,8.5,3722,3954.0,4.5,0.8,17739,MA上昇配列 / パーフェクトオーダー
1808,長谷工コーポレーション,建設業,12.0,★☆☆☆☆,0.0,0.0,3.0,0.0,9.0,0.0,0.0,0.0,,,0.0,3.8,2.0,2.6,2741,2856.5,2.1,1.2,2583,MA上昇配列
8050,セイコーグループ,精密機器,12.0,★☆☆☆☆,0.0,0.0,4.0,0.0,11.0,0.0,0.0,-3.0,,,0.0,39.9,6.7,15.9,9119,10530.0,-6.1,1.1,5229,資金流入増 / MA上昇配列 / パーフェクトオーダー / 伸びすぎ注意(25MA+16%)
9467,アルファポリス,情報・通信業,12.0,★☆☆☆☆,0.0,0.0,4.0,0.0,8.0,0.0,0.0,0.0,,,0.0,22.0,4.3,14.6,1119,1225.0,22.1,0.8,212,資金流入増 / MA上昇配列
5036,日本ビジネスシステムズ,情報・通信業,12.0,★☆☆☆☆,0.0,0.0,1.0,0.0,11.0,0.0,0.0,0.0,,,0.0,8.2,3.0,3.6,1542,1641.0,1.8,1.2,158,MA上昇配列 / パーフェクトオーダー
4968,荒川化学工業,化学,12.0,★☆☆☆☆,0.0,0.0,1.0,0.0,11.0,0.0,0.0,0.0,,,0.0,8.0,8.2,2.3,1849,2214.0,-11.0,0.9,804,MA上昇配列 / パーフェクトオーダー
4588,オンコリスバイオファーマ,医薬品,12.0,★☆☆☆☆,0.0,0.0,4.0,0.0,11.0,0.0,0.0,-3.0,,,0.0,34.1,8.1,18.9,2832,3380.0,4.0,1.6,3363,MA上昇配列 / パーフェクトオーダー / 伸びすぎ注意(25MA+19%)
8473,ＳＢＩホールディングス,証券、商品先物取引業,12.0,★☆☆☆☆,0.0,0.0,3.0,0.0,9.0,0.0,0.0,0.0,,,0.0,11.7,2.9,8.5,3030,3216.0,4.8,1.4,12031,MA上昇配列
7956,ピジョン,その他製品,12.0,★☆☆☆☆,0.0,0.0,2.0,0.0,10.0,0.0,0.0,0.0,,,0.0,9.5,2.5,5.2,2047,2155.5,2.0,0.9,2273,MA上昇配列 / パーフェクトオーダー
3050,ＤＣＭホールディングス,小売業,12.0,★☆☆☆☆,0.0,0.0,2.0,0.0,10.0,0.0,0.0,0.0,,,0.0,8.6,1.6,4.3,1561,1613.0,2.7,0.7,392,MA上昇配列
7971,東リ,化学,12.0,★☆☆☆☆,0.0,0.0,3.0,0.0,9.0,0.0,0.0,0.0,,,0.0,8.4,2.1,5.0,677,706.0,1.9,0.5,118,MA上昇配列
8714,池田泉州ホールディングス,銀行業,12.0,★☆☆☆☆,0.0,0.0,0.0,0.0,12.0,0.0,0.0,0.0,,,0.0,1.0,3.4,1.8,982,1055.0,-4.0,0.3,1452,MA上昇配列 / パーフェクトオーダー
9278,ブックオフグループホールディングス,小売業,12.0,★☆☆☆☆,0.0,0.0,1.0,0.0,11.0,0.0,0.0,0.0,,,0.0,18.4,4.8,6.5,2674,2955.0,1.0,1.0,446,MA上昇配列 / パーフェクトオーダー / 52週高値目前
7241,フタバ産業,輸送用機器,12.0,★☆☆☆☆,0.0,0.0,2.0,0.0,10.0,0.0,0.0,0.0,,,0.0,11.1,1.8,6.8,1076,1116.0,2.0,0.9,291,MA上昇配列
7366,ＬＩＴＡＬＩＣＯ,サービス業,12.0,★☆☆☆☆,0.0,0.0,3.3,0.0,8.7,0.0,0.0,0.0,,,0.0,15.9,3.9,7.8,1689,1833.0,2.3,0.7,239,買い出来高優勢 / MA上昇配列 / パーフェクトオーダー
9517,イーレックス,電気・ガス業,12.0,★☆☆☆☆,0.0,0.0,2.0,0.0,10.0,0.0,0.0,0.0,,,0.0,2.1,3.4,3.3,832,892.0,3.0,1.1,215,MA上昇配列 / パーフェクトオーダー
5889,Ｊａｐａｎ　Ｅｙｅｗｅａｒ　Ｈｏｌｄｉｎｇｓ,小売業,12.0,★☆☆☆☆,0.0,0.0,2.0,0.0,10.0,0.0,0.0,0.0,,,0.0,11.0,2.8,5.9,2478,2627.0,0.7,0.9,271,MA上昇配列 / パーフェクトオーダー
256A,飛島ホールディングス,建設業,12.0,★☆☆☆☆,0.0,0.0,3.0,0.0,9.0,0.0,0.0,0.0,,,0.0,3.6,2.0,3.2,2048,2135.0,0.8,0.5,467,MA上昇配列
2531,宝ホールディングス,食料品,12.0,★☆☆☆☆,0.0,0.0,0.0,0.0,12.0,0.0,0.0,0.0,,,0.0,1.0,2.9,3.3,2054,2182.0,5.4,1.1,930,MA上昇配列 / パーフェクトオーダー
4502,武田薬品工業,医薬品,12.0,★☆☆☆☆,0.0,0.0,0.0,0.0,12.0,0.0,0.0,0.0,,,0.0,5.3,2.1,3.3,5518,5764.0,2.7,0.7,24140,MA上昇配列 / パーフェクトオーダー
9869,加藤産業,卸売業,12.0,★☆☆☆☆,0.0,0.0,2.0,0.0,10.0,0.0,0.0,0.0,,,0.0,7.9,2.3,3.5,6307,6610.0,2.0,0.5,244,MA上昇配列
4521,科研製薬,医薬品,12.0,★☆☆☆☆,0.0,0.0,3.0,0.0,9.0,0.0,0.0,0.0,,,0.0,3.6,1.7,1.7,3846,3985.0,-0.7,1.7,658,MA上昇配列
4503,アステラス製薬,医薬品,12.0,★☆☆☆☆,0.0,0.0,1.0,0.0,11.0,0.0,0.0,0.0,,,0.0,11.1,2.9,5.6,2250,2387.0,1.3,0.7,15156,MA上昇配列 / パーフェクトオーダー
6058,ベクトル,サービス業,12.0,★☆☆☆☆,0.0,0.0,0.0,0.0,12.0,0.0,0.0,0.0,,,0.0,11.0,3.1,6.4,1781,1900.0,2.8,0.8,607,MA上昇配列 / パーフェクトオーダー
4373,シンプレクス・ホールディングス,情報・通信業,12.0,★☆☆☆☆,0.0,0.0,0.0,0.0,12.0,0.0,0.0,0.0,,,0.0,13.5,3.6,4.8,1082,1166.0,-0.5,0.5,1265,MA上昇配列 / パーフェクトオーダー
7280,ミツバ,電気機器,12.0,★☆☆☆☆,0.0,0.0,3.3,0.0,8.7,0.0,0.0,0.0,,,0.0,15.7,3.1,11.4,1264,1346.0,7.2,1.1,350,買い出来高優勢 / MA上昇配列 / パーフェクトオーダー
7389,あいちフィナンシャルグループ,銀行業,12.0,★☆☆☆☆,0.0,0.0,0.0,0.0,12.0,0.0,0.0,0.0,,,0.0,-1.5,5.1,3.1,1621,1803.0,-3.5,0.6,1700,MA上昇配列 / パーフェクトオーダー
3636,三菱総合研究所,情報・通信業,12.0,★☆☆☆☆,0.0,0.0,2.0,0.0,10.0,0.0,0.0,0.0,,,0.0,7.9,2.0,4.9,4814,5010.0,2.6,0.8,296,MA上昇配列
7094,ＮｅｘＴｏｎｅ,サービス業,12.0,★☆☆☆☆,0.0,0.0,4.0,0.0,8.0,0.0,0.0,0.0,,,0.0,26.3,4.4,12.6,1612,1768.0,0.5,0.6,163,資金流入増 / MA上昇配列
4221,大倉工業,化学,12.0,★☆☆☆☆,0.0,0.0,1.0,0.0,11.0,0.0,0.0,0.0,,,0.0,11.8,2.4,5.1,5411,5680.0,-0.2,0.8,349,MA上昇配列 / パーフェクトオーダー / 52週高値目前
8309,三井住友トラストグループ,銀行業,12.0,★☆☆☆☆,0.0,0.0,1.0,0.0,11.0,0.0,0.0,0.0,,,0.0,0.9,2.4,1.5,1633,1715.5,-1.2,0.5,16861,MA上昇配列 / パーフェクトオーダー / 52週高値目前
8366,滋賀銀行,銀行業,12.0,★☆☆☆☆,0.0,0.0,1.0,0.0,11.0,0.0,0.0,0.0,,,0.0,-0.1,3.8,2.0,2466,2666.0,-3.9,0.6,2680,MA上昇配列 / パーフェクトオーダー
9075,福山通運,陸運業,12.0,★☆☆☆☆,0.0,0.0,0.0,0.0,12.0,0.0,0.0,0.0,,,0.0,6.0,3.3,5.9,6054,6480.0,3.8,0.8,689,MA上昇配列 / パーフェクトオーダー
4595,ミズホメディー,医薬品,12.0,★☆☆☆☆,0.0,0.0,2.0,0.0,10.0,0.0,0.0,0.0,,,0.0,5.0,1.3,2.4,1675,1721.0,1.2,1.0,156,MA上昇配列
4027,テイカ,化学,12.0,★☆☆☆☆,0.0,0.0,0.0,0.0,12.0,0.0,0.0,0.0,,,0.0,-0.4,3.8,2.4,2210,2392.0,-0.3,0.9,162,MA上昇配列 / パーフェクトオーダー
4021,日産化学,化学,12.0,★☆☆☆☆,0.0,0.0,0.0,0.0,12.0,0.0,0.0,0.0,,,0.0,2.4,3.3,2.9,7455,7978.0,0.0,0.8,5947,MA上昇配列 / パーフェクトオーダー
4095,日本パーカライジング,化学,12.0,★☆☆☆☆,0.0,0.0,0.0,0.0,12.0,0.0,0.0,0.0,,,0.0,1.9,1.7,1.1,1653,1710.0,-1.4,0.8,363,MA上昇配列 / パーフェクトオーダー
4765,ＳＢＩグローバルアセットマネジメント,サービス業,12.0,★☆☆☆☆,0.0,0.0,4.3,0.0,7.7,0.0,0.0,0.0,,,0.0,10.5,2.1,4.2,598,625.0,1.1,0.8,278,買い出来高優勢 / MA上昇配列
6532,ベイカレント,サービス業,12.0,★☆☆☆☆,0.0,0.0,1.0,0.0,11.0,0.0,0.0,0.0,,,0.0,20.8,3.9,5.7,6905,7485.0,-2.6,0.7,10176,MA上昇配列 / パーフェクトオーダー
7458,第一興商,卸売業,12.0,★☆☆☆☆,0.0,0.0,2.0,0.0,10.0,0.0,0.0,0.0,,,0.0,7.4,2.0,3.4,1797,1872.5,2.6,0.6,444,MA上昇配列 / パーフェクトオーダー
9755,応用地質,サービス業,12.0,★☆☆☆☆,0.0,0.0,2.0,0.0,10.0,0.0,0.0,0.0,,,0.0,3.4,1.7,2.3,2793,2890.0,0.7,0.6,194,MA上昇配列
4051,ＧＭＯフィナンシャルゲート,情報・通信業,12.0,★☆☆☆☆,0.0,0.0,2.0,0.0,10.0,0.0,0.0,0.0,,,0.0,5.6,4.5,1.8,6080,6680.0,-1.6,0.5,212,MA上昇配列 / パーフェクトオーダー
7839,ＳＨＯＥＩ,その他製品,12.0,★☆☆☆☆,0.0,0.0,2.0,0.0,10.0,0.0,0.0,0.0,,,0.0,11.1,2.5,4.7,1974,2077.0,1.3,0.8,442,MA上昇配列 / パーフェクトオーダー
3968,セグエグループ,情報・通信業,11.9,★☆☆☆☆,0.0,0.0,3.0,0.0,8.0,0.0,0.9,0.0,,,0.0,6.5,3.7,4.2,579,626.0,-3.4,0.4,245,MA上昇配列 / 開示[上方修正](11日前)
6503,三菱電機,電気機器,11.9,★☆☆☆☆,0.0,6.0,2.0,0.0,1.0,0.0,2.9,0.0,,,0.0,-1.9,4.1,-1.9,5146,5602.0,-9.0,0.9,37034,AIデータセンター・電力(-6.0%) / 開示[子会社化](4日前) / 開示[子会社化](4日前)
6080,Ｍ＆Ａキャピタルパートナーズ,サービス業,11.8,★☆☆☆☆,0.0,0.0,4.3,0.0,7.5,0.0,0.0,0.0,,,0.0,11.2,2.6,5.4,3915,4130.0,1.1,0.9,542,買い出来高優勢 / MA上昇配列 / パーフェクトオーダー
8020,兼松,卸売業,11.8,★☆☆☆☆,0.0,0.0,3.3,0.0,8.5,0.0,0.0,0.0,,,0.0,2.4,3.0,2.0,2053,2184.0,-1.2,1.0,1265,買い出来高優勢 / MA上昇配列 / パーフェクトオーダー
6574,コンヴァノ,サービス業,11.7,★☆☆☆☆,0.0,0.0,4.0,0.0,6.7,0.0,6.0,-5.0,,,0.0,30.2,5.8,20.1,101,114.0,10.7,1.4,134,MA上昇配列 / 過熱⚠25MA+20% / 開示[自己株式の取得](0日前) / 開示[自己株式の取得](0日前)
2353,日本駐車場開発,不動産業,11.7,★☆☆☆☆,0.0,0.0,3.0,0.0,8.7,0.0,0.0,0.0,,,0.0,9.8,1.8,5.5,259,269.0,3.9,0.5,768,MA上昇配列
4527,ロート製薬,医薬品,11.7,★☆☆☆☆,0.0,0.0,3.0,0.0,8.7,0.0,0.0,0.0,,,0.0,23.3,3.3,11.6,2676,2866.5,1.8,0.6,4373,MA上昇配列 / パーフェクトオーダー
6345,アイチ　コーポレーション,機械,11.7,★☆☆☆☆,0.0,0.0,2.0,0.0,9.7,0.0,0.0,0.0,,,0.0,3.1,1.6,1.5,1389,1435.0,1.1,1.6,206,MA上昇配列 / パーフェクトオーダー / 52週高値目前
8789,フィンテック　グローバル,その他金融業,11.7,★☆☆☆☆,0.0,0.0,7.3,0.0,9.0,0.0,0.4,-5.0,,,0.0,30.7,2.9,22.7,163,173.0,12.3,1.7,230,買い出来高優勢 / 資金流入増 / MA上昇配列 / 52週高値目前 / RSI過熱(96)⚠ / 過熱⚠25MA+23% / 開示[自己株式取得](12日前)
9006,京浜急行電鉄,陸運業,11.7,★☆☆☆☆,0.0,0.0,1.0,0.0,10.7,0.0,0.0,0.0,,,0.0,1.6,1.5,0.7,1517,1565.0,3.1,0.6,1410,MA上昇配列 / パーフェクトオーダー
9304,澁澤倉庫,倉庫・運輸関連業,11.7,★☆☆☆☆,0.0,0.0,1.0,0.0,10.7,0.0,0.0,0.0,,,0.0,9.6,3.3,4.7,1857,1989.0,0.6,0.8,525,MA上昇配列 / パーフェクトオーダー
5020,ＥＮＥＯＳホールディングス,石油・石炭製品,11.7,★☆☆☆☆,0.0,0.0,2.0,0.0,9.7,0.0,0.0,0.0,,,0.0,0.2,3.1,2.3,1249,1331.0,3.1,1.1,9827,MA上昇配列 / パーフェクトオーダー
4628,エスケー化研,化学,11.7,★☆☆☆☆,0.0,0.0,6.7,0.0,5.0,0.0,0.0,0.0,,,0.0,0.8,1.9,0.3,8587,8930.0,0.0,3.2,120,出来高急増3.2倍 / 資金流入増
6433,ヒーハイスト,機械,11.7,★☆☆☆☆,0.0,0.0,5.7,0.0,6.0,0.0,0.0,0.0,,,0.0,3.0,7.3,6.4,885,1035.0,2.1,4.0,137,出来高急増4.0倍
3076,あい　ホールディングス,卸売業,11.7,★☆☆☆☆,0.0,0.0,2.0,0.0,9.7,0.0,0.0,0.0,,,0.0,9.9,2.2,2.4,2803,2933.0,-0.9,1.0,546,MA上昇配列 / パーフェクトオーダー / 52週高値目前
2433,博報堂ＤＹホールディングス,サービス業,11.7,★☆☆☆☆,0.0,0.0,3.0,0.0,8.7,0.0,0.0,0.0,,,0.0,7.8,3.9,2.7,1206,1307.5,2.5,1.0,1294,MA上昇配列 / パーフェクトオーダー
4722,フューチャー,情報・通信業,11.7,★☆☆☆☆,0.0,0.0,2.0,0.0,9.7,0.0,0.0,0.0,,,0.0,12.7,0.1,2.9,2442,2446.0,0.1,0.4,4124,資金流入増 / MA上昇配列 / パーフェクトオーダー / 52週高値目前
9699,ニシオホールディングス,サービス業,11.7,★☆☆☆☆,0.0,0.0,3.0,0.0,8.7,0.0,0.0,0.0,,,0.0,11.9,2.2,5.8,4415,4620.0,2.2,1.0,265,MA上昇配列
7381,ＣＣＩグループ,銀行業,11.5,★☆☆☆☆,0.0,0.0,2.0,0.0,9.5,0.0,0.0,0.0,,,0.0,5.5,3.7,4.1,1136,1227.0,-3.2,0.5,623,MA上昇配列 / パーフェクトオーダー
2730,エディオン,小売業,11.5,★☆☆☆☆,0.0,0.0,2.0,0.0,9.5,0.0,0.0,0.0,,,0.0,3.4,2.2,2.2,2436,2547.0,1.4,0.6,773,MA上昇配列 / パーフェクトオーダー
9888,ＵＥＸ,卸売業,11.5,★☆☆☆☆,0.0,0.0,3.0,0.0,8.5,0.0,0.0,0.0,,,0.0,18.9,5.4,8.7,1081,1212.0,-5.6,0.6,129,資金流入増 / MA上昇配列 / パーフェクトオーダー
9621,建設技術研究所,サービス業,11.5,★☆☆☆☆,0.0,0.0,5.3,0.0,6.2,0.0,0.0,0.0,,,0.0,9.9,3.0,4.3,3029,3225.0,2.1,1.5,273,買い出来高優勢 / MA上昇配列
7282,豊田合成,輸送用機器,11.5,★☆☆☆☆,0.0,0.0,2.0,0.0,9.5,0.0,0.0,0.0,,,0.0,5.3,3.3,3.3,4981,5337.0,2.5,0.7,3056,MA上昇配列 / パーフェクトオーダー
6282,オイレス工業,機械,11.5,★☆☆☆☆,0.0,0.0,2.0,0.0,9.5,0.0,0.0,0.0,,,0.0,4.4,2.0,0.7,2778,2894.0,-1.9,0.8,212,MA上昇配列 / パーフェクトオーダー
9201,日本航空,空運業,11.5,★☆☆☆☆,0.0,0.0,2.0,0.0,9.5,0.0,0.0,0.0,,,0.0,6.0,1.8,0.9,2893,3002.0,-1.7,0.5,7820,MA上昇配列 / パーフェクトオーダー
7480,スズデン,卸売業,11.5,★☆☆☆☆,0.0,0.0,5.0,0.0,9.5,0.0,0.0,-3.0,,,0.0,40.0,5.8,17.6,3002,3395.0,-0.4,1.5,354,資金流入増 / MA上昇配列 / パーフェクトオーダー / 伸びすぎ注意(25MA+18%)
8346,東邦銀行,銀行業,11.5,★☆☆☆☆,0.0,0.0,2.0,0.0,9.5,0.0,0.0,0.0,,,0.0,7.5,3.3,3.6,887,950.0,-5.3,0.6,1002,MA上昇配列 / パーフェクトオーダー
8360,山梨中央銀行,銀行業,11.5,★☆☆☆☆,0.0,0.0,2.0,0.0,9.5,0.0,0.0,0.0,,,0.0,4.4,4.2,2.7,6534,7130.0,-4.7,0.5,1054,MA上昇配列 / パーフェクトオーダー
3201,日本毛織,繊維製品,11.5,★☆☆☆☆,0.0,0.0,2.0,0.0,9.5,0.0,0.0,0.0,,,0.0,5.3,1.8,1.3,1882,1953.0,-2.2,0.5,218,MA上昇配列 / パーフェクトオーダー
9166,ＧＥＮＤＡ,サービス業,11.5,★☆☆☆☆,0.0,0.0,4.0,0.0,8.0,0.0,2.5,-3.0,,,0.0,30.2,5.8,16.1,661,748.0,1.1,1.5,1316,MA上昇配列 / 伸びすぎ注意(25MA+16%) / 開示[業務提携](0日前)
4578,大塚ホールディングス,医薬品,11.5,★☆☆☆☆,0.0,0.0,2.0,0.0,9.5,0.0,0.0,0.0,,,0.0,12.3,3.9,4.0,11243,12195.0,1.4,0.5,19861,MA上昇配列 / パーフェクトオーダー
9069,センコーグループホールディングス,陸運業,11.5,★☆☆☆☆,0.0,0.0,2.0,0.0,9.5,0.0,0.0,0.0,,,0.0,5.7,2.2,2.6,2197,2297.0,-0.3,0.7,987,MA上昇配列 / パーフェクトオーダー
3964,オークネット,情報・通信業,11.5,★☆☆☆☆,0.0,0.0,3.0,0.0,8.5,0.0,0.0,0.0,,,0.0,2.5,3.7,0.3,1321,1427.0,-3.3,0.7,760,資金流入増 / MA上昇配列 / パーフェクトオーダー
3941,レンゴー,パルプ・紙,11.5,★☆☆☆☆,0.0,0.0,2.0,0.0,9.5,0.0,0.0,0.0,,,0.0,7.0,3.0,2.4,1481,1574.5,-3.8,0.8,1843,MA上昇配列 / パーフェクトオーダー
6062,チャーム・ケア・コーポレーション,サービス業,11.5,★☆☆☆☆,0.0,0.0,3.0,0.0,8.5,0.0,0.0,0.0,,,0.0,5.9,3.2,1.6,1316,1407.0,-1.3,0.6,155,MA上昇配列 / パーフェクトオーダー
5192,三ツ星ベルト,ゴム製品,11.5,★☆☆☆☆,0.0,0.0,2.0,0.0,9.5,0.0,0.0,0.0,,,0.0,7.7,2.5,3.1,4145,4360.0,-3.2,0.5,427,MA上昇配列 / パーフェクトオーダー
4613,関西ペイント,化学,11.5,★☆☆☆☆,0.0,0.0,2.0,0.0,9.5,0.0,0.0,0.0,,,0.0,8.6,2.2,2.9,2791,2917.5,-0.7,0.6,3076,MA上昇配列 / パーフェクトオーダー
3087,ドトール・日レスホールディングス,小売業,11.5,★☆☆☆☆,0.0,0.0,2.0,0.0,9.5,0.0,0.0,0.0,,,0.0,8.0,2.0,4.4,3161,3290.0,2.7,0.6,497,MA上昇配列 / パーフェクトオーダー
8410,セブン銀行,銀行業,11.5,★☆☆☆☆,0.0,0.0,2.0,0.0,9.5,0.0,0.0,0.0,,,0.0,8.4,2.7,2.9,314,332.5,-1.1,0.8,2350,MA上昇配列 / パーフェクトオーダー
4041,日本曹達,化学,11.5,★☆☆☆☆,0.0,0.0,2.0,0.0,9.5,0.0,0.0,0.0,,,0.0,4.6,1.7,1.9,3795,3930.0,-0.1,0.7,372,MA上昇配列 / パーフェクトオーダー
8377,ほくほくフィナンシャルグループ,銀行業,11.5,★☆☆☆☆,0.0,0.0,2.0,0.0,9.5,0.0,0.0,0.0,,,0.0,5.4,3.7,2.6,7447,8041.0,-6.4,0.9,4283,MA上昇配列 / パーフェクトオーダー
6371,椿本チエイン,機械,11.5,★☆☆☆☆,0.0,0.0,2.0,0.0,9.5,0.0,0.0,0.0,,,0.0,3.4,2.0,1.4,2582,2687.0,-2.6,0.7,572,MA上昇配列 / パーフェクトオーダー
8381,山陰合同銀行,銀行業,11.5,★☆☆☆☆,0.0,0.0,2.0,0.0,9.5,0.0,0.0,0.0,,,0.0,2.1,3.1,1.5,2361,2517.0,-4.3,0.8,1180,MA上昇配列 / パーフェクトオーダー
6457,グローリー,機械,11.5,★☆☆☆☆,0.0,0.0,2.0,0.0,9.5,0.0,0.0,0.0,,,0.0,9.7,2.9,4.6,4537,4818.0,-2.2,0.8,1130,MA上昇配列 / パーフェクトオーダー
5830,いよぎんホールディングス,銀行業,11.5,★☆☆☆☆,0.0,0.0,2.0,0.0,9.5,0.0,0.0,0.0,,,0.0,10.5,3.7,5.4,3598,3882.0,-2.1,0.6,4563,MA上昇配列 / パーフェクトオーダー
2805,ヱスビー食品,食料品,11.5,★☆☆☆☆,0.0,0.0,2.0,0.0,9.5,0.0,0.0,0.0,,,0.0,11.2,3.7,4.7,6291,6800.0,1.8,0.4,427,MA上昇配列 / パーフェクトオーダー
8011,三陽商会,繊維製品,11.5,★☆☆☆☆,0.0,0.0,2.0,0.0,9.5,0.0,0.0,0.0,,,0.0,17.5,3.5,8.0,4953,5320.0,0.8,0.6,212,MA上昇配列 / パーフェクトオーダー
8418,山口フィナンシャルグループ,銀行業,11.5,★☆☆☆☆,0.0,0.0,2.0,0.0,9.5,0.0,0.0,0.0,,,0.0,0.1,2.9,1.3,2926,3106.0,-3.0,0.5,1724,MA上昇配列 / パーフェクトオーダー
6724,セイコーエプソン,電気機器,11.5,★☆☆☆☆,0.0,0.0,2.0,0.0,9.5,0.0,0.0,0.0,,,0.0,4.2,3.1,1.3,2876,3063.0,-3.4,0.7,5983,MA上昇配列 / パーフェクトオーダー
8370,紀陽銀行,銀行業,11.5,★☆☆☆☆,0.0,0.0,2.0,0.0,9.5,0.0,0.0,0.0,,,0.0,0.8,3.0,1.1,4596,4885.0,-3.6,0.7,961,MA上昇配列 / パーフェクトオーダー
8016,オンワードホールディングス,繊維製品,11.5,★☆☆☆☆,0.0,0.0,2.0,0.0,9.5,0.0,0.0,0.0,,,0.0,5.5,1.5,1.8,750,772.0,0.8,0.8,521,MA上昇配列 / パーフェクトオーダー
6501,日立製作所,電気機器,11.5,★☆☆☆☆,0.0,6.0,3.3,0.0,2.2,0.0,0.0,0.0,,,0.0,7.7,3.1,-0.9,4871,5196.0,-9.9,0.8,67921,AIデータセンター・電力(-6.0%) / 買い出来高優勢
7949,小松ウオール工業,その他製品,11.5,★☆☆☆☆,0.0,0.0,4.0,0.0,7.5,0.0,0.0,0.0,,,0.0,7.8,1.5,3.5,2742,2824.0,1.4,1.4,173,MA上昇配列
5108,ブリヂストン,ゴム製品,11.5,★☆☆☆☆,0.0,0.0,2.0,0.0,9.5,0.0,0.0,0.0,,,0.0,10.5,2.8,3.5,3884,4117.0,-0.4,0.5,20181,MA上昇配列 / パーフェクトオーダー
5302,日本カーボン,ガラス・土石製品,11.5,★☆☆☆☆,0.0,0.0,2.0,0.0,9.5,0.0,0.0,0.0,,,0.0,3.3,2.5,0.7,4637,4880.0,-3.6,0.8,322,MA上昇配列 / パーフェクトオーダー
3923,ラクス,情報・通信業,11.4,★☆☆☆☆,0.0,0.0,1.0,0.0,10.0,0.0,0.4,0.0,,,0.0,16.6,4.2,5.3,1019,1113.0,-5.3,0.6,2311,MA上昇配列 / パーフェクトオーダー / 開示[資本業務提携](12日前)
7059,コプロ・ホールディングス,サービス業,11.4,★☆☆☆☆,0.0,0.0,3.0,0.0,8.0,0.0,0.4,0.0,,,0.0,13.0,2.9,8.5,857,910.0,-1.4,0.8,152,MA上昇配列 / 開示[業績予想の修正](12日前)
9722,藤田観光,サービス業,11.399999999999999,★☆☆☆☆,0.0,0.0,7.7,0.0,8.7,0.0,0.0,-5.0,,,0.0,37.7,4.1,24.5,2433,2651.0,13.6,2.2,786,出来高増2.2倍 / 買い出来高優勢 / MA上昇配列 / 過熱⚠25MA+25%
3443,川田テクノロジーズ,金属製品,11.3,★☆☆☆☆,0.0,0.0,3.3,0.0,8.0,0.0,0.0,0.0,,,0.0,7.9,2.8,5.2,1323,1401.0,0.6,0.8,415,買い出来高優勢 / MA上昇配列
8132,シナネンホールディングス,卸売業,11.3,★☆☆☆☆,0.0,0.0,5.3,0.0,8.0,0.0,3.0,-5.0,,,0.0,26.9,5.6,20.5,7674,8650.0,9.2,0.9,186,買い出来高優勢 / 資金流入増 / 過熱⚠25MA+21% / 開示[自己株式の取得](0日前) / 開示[自己株式取得](14日前)
2695,くら寿司,小売業,11.3,★☆☆☆☆,0.0,0.0,3.3,0.0,8.0,0.0,0.0,0.0,,,0.0,10.7,1.9,4.3,1663,1729.0,2.9,1.2,457,買い出来高優勢 / MA上昇配列
4393,バンク・オブ・イノベーション,情報・通信業,11.3,★☆☆☆☆,0.0,0.0,3.3,0.0,8.0,0.0,0.0,0.0,,,0.0,15.2,4.2,8.5,4963,5420.0,5.0,0.6,196,買い出来高優勢 / MA上昇配列
6357,三精テクノロジーズ,機械,11.3,★☆☆☆☆,0.0,0.0,3.3,0.0,8.0,0.0,0.0,0.0,,,0.0,8.2,2.8,4.8,2427,2570.0,-1.5,0.6,103,買い出来高優勢
9509,北海道電力,電気・ガス業,11.3,★☆☆☆☆,0.0,0.0,3.3,0.0,8.0,0.0,0.0,0.0,,,0.0,8.1,2.6,5.5,1032,1088.0,4.3,1.1,2078,買い出来高優勢 / MA上昇配列
2301,学情,サービス業,11.3,★☆☆☆☆,0.0,0.0,3.3,0.0,8.0,0.0,0.0,0.0,,,0.0,5.4,1.6,3.4,1642,1695.0,1.6,0.9,153,買い出来高優勢 / MA上昇配列
3431,宮地エンジニアリンググループ,金属製品,11.3,★☆☆☆☆,0.0,0.0,3.3,0.0,8.0,0.0,0.0,0.0,,,0.0,5.5,1.6,3.4,1586,1639.0,1.4,1.0,139,買い出来高優勢 / MA上昇配列
3903,ｇｕｍｉ,情報・通信業,11.3,★☆☆☆☆,0.0,0.0,5.3,0.0,6.0,0.0,0.0,0.0,,,0.0,12.8,3.5,8.6,256,276.0,5.3,2.0,122,出来高増2.0倍
3850,エヌ・ティ・ティ・データ・イントラマート,情報・通信業,11.3,★☆☆☆☆,0.0,0.0,3.3,0.0,8.0,0.0,0.0,0.0,,,0.0,14.7,3.4,6.5,3161,3390.0,2.4,0.8,117,買い出来高優勢 / MA上昇配列
8139,ナガホリ,卸売業,11.3,★☆☆☆☆,0.0,0.0,4.3,0.0,7.0,0.0,0.0,0.0,,,0.0,18.1,6.3,10.9,2094,2395.0,-1.0,1.1,140,買い出来高優勢
2296,伊藤ハム米久ホールディングス,食料品,11.3,★☆☆☆☆,0.0,0.0,3.3,0.0,8.0,0.0,0.0,0.0,,,0.0,6.5,1.9,2.8,4912,5110.0,0.0,0.5,753,買い出来高優勢 / MA上昇配列
8278,フジ,小売業,11.3,★☆☆☆☆,0.0,0.0,3.3,0.0,8.0,0.0,0.0,0.0,,,0.0,7.4,1.6,3.9,2028,2094.0,4.1,0.9,268,買い出来高優勢 / MA上昇配列
7198,ＳＢＩアルヒ,その他金融業,11.3,★☆☆☆☆,0.0,0.0,3.3,0.0,8.0,0.0,0.0,0.0,,,0.0,6.5,1.7,3.4,816,845.0,0.0,0.6,126,買い出来高優勢 / MA上昇配列
4072,電算システムホールディングス,情報・通信業,11.3,★☆☆☆☆,0.0,0.0,3.3,0.0,8.0,0.0,0.0,0.0,,,0.0,7.1,2.5,3.4,2910,3065.0,-3.0,0.7,124,買い出来高優勢 / MA上昇配列
5240,ｍｏｎｏＡＩ　ｔｅｃｈｎｏｌｏｇｙ,情報・通信業,11.3,★☆☆☆☆,0.0,0.0,6.7,0.0,4.2,0.0,0.4,0.0,,,0.0,34.4,11.5,5.9,168,218.0,5.8,3.4,399,出来高急増3.4倍 / MA上昇配列 / 開示[AI](10日前)
6861,キーエンス,電気機器,11.2,★☆☆☆☆,0.0,0.0,3.0,0.0,8.2,0.0,0.0,0.0,,,0.0,11.2,3.2,0.1,74754,79900.0,-8.9,0.5,63862,MA上昇配列 / パーフェクトオーダー
4746,東計電算,情報・通信業,11.2,★☆☆☆☆,0.0,0.0,2.0,0.0,12.2,0.0,0.0,-3.0,,,0.0,39.4,4.3,16.9,6097,6670.0,2.6,1.2,593,資金流入増 / MA上昇配列 / パーフェクトオーダー / 52週高値目前 / 伸びすぎ注意(25MA+17%)
6364,ＡＩＲＭＡＮ,機械,11.2,★☆☆☆☆,0.0,0.0,4.0,0.0,7.2,0.0,0.0,0.0,,,0.0,26.4,4.2,5.5,2276,2483.0,-3.2,0.6,376,資金流入増 / MA上昇配列 / パーフェクトオーダー / 開示[自己株式の取得](14日前)
4189,ＫＨネオケム,化学,11.2,★☆☆☆☆,0.0,0.0,3.0,0.0,8.2,0.0,0.0,0.0,,,0.0,10.7,3.8,4.3,3136,3390.0,-1.2,0.8,724,MA上昇配列 / パーフェクトオーダー
4847,インテリジェント　ウェイブ,情報・通信業,11.0,★☆☆☆☆,0.0,0.0,3.0,0.0,11.0,0.0,0.0,-3.0,,,0.0,30.8,4.6,18.0,1198,1319.0,3.0,0.4,338,資金流入増 / MA上昇配列 / パーフェクトオーダー / 52週高値目前 / RSI過熱(87)⚠ / 伸びすぎ注意(25MA+18%)
5911,横河ブリッジホールディングス,金属製品,11.0,★☆☆☆☆,0.0,0.0,1.0,0.0,10.0,0.0,0.0,0.0,,,0.0,2.6,1.1,1.4,2918,2985.0,1.2,0.4,388,MA上昇配列
4377,ワンキャリア,情報・通信業,11.0,★☆☆☆☆,0.0,0.0,2.0,0.0,9.0,0.0,0.0,0.0,,,0.0,23.2,4.7,12.5,2211,2443.0,-4.5,0.6,253,MA上昇配列
3696,セレス,情報・通信業,11.0,★☆☆☆☆,0.0,0.0,1.0,0.0,10.0,0.0,0.0,0.0,,,0.0,8.0,3.9,7.0,2089,2267.0,9.7,1.1,435,MA上昇配列 / パーフェクトオーダー
9746,ＴＫＣ,情報・通信業,11.0,★☆☆☆☆,0.0,0.0,2.0,0.0,9.0,0.0,0.0,0.0,,,0.0,11.9,2.3,4.8,3852,4035.0,1.3,0.5,408,MA上昇配列
9757,船井総研ホールディングス,サービス業,11.0,★☆☆☆☆,0.0,0.0,2.0,0.0,9.0,0.0,0.0,0.0,,,0.0,5.9,1.5,3.0,1126,1160.0,1.3,0.6,502,MA上昇配列
3608,ＴＳＩホールディングス,繊維製品,11.0,★☆☆☆☆,0.0,0.0,0.0,0.0,11.0,0.0,0.0,0.0,,,0.0,4.0,1.7,2.6,1227,1270.0,0.2,1.0,290,MA上昇配列 / パーフェクトオーダー
4927,ポーラ・オルビスホールディングス,化学,11.0,★☆☆☆☆,0.0,0.0,3.0,0.0,8.0,0.0,0.0,0.0,,,0.0,8.0,2.3,3.2,1340,1406.0,-0.2,0.5,1007,MA上昇配列
9843,ニトリホールディングス,小売業,11.0,★☆☆☆☆,0.0,0.0,3.0,0.0,8.0,0.0,0.0,0.0,,,0.0,27.3,3.9,11.7,2791,3029.0,1.5,0.6,11445,MA上昇配列
9837,モリト,卸売業,11.0,★☆☆☆☆,0.0,0.0,0.0,0.0,11.0,0.0,0.0,0.0,,,0.0,1.2,1.4,0.5,1773,1823.0,-2.3,0.6,101,MA上昇配列 / パーフェクトオーダー
2229,カルビー,食料品,11.0,★☆☆☆☆,0.0,0.0,2.0,0.0,9.0,0.0,0.0,0.0,,,0.0,5.5,1.9,2.5,2956,3070.0,0.8,0.6,1145,MA上昇配列
2267,ヤクルト本社,食料品,11.0,★☆☆☆☆,0.0,0.0,1.0,0.0,10.0,0.0,0.0,0.0,,,0.0,8.3,2.3,4.8,2838,2974.5,3.2,0.8,4158,MA上昇配列 / パーフェクトオーダー
9627,アインホールディングス,小売業,11.0,★☆☆☆☆,0.0,0.0,3.0,0.0,8.0,0.0,0.0,0.0,,,0.0,6.4,2.6,3.2,5825,6140.0,-0.6,0.5,1155,MA上昇配列
9684,スクウェア・エニックス・ホールディングス,情報・通信業,11.0,★☆☆☆☆,0.0,0.0,3.0,0.0,8.0,0.0,0.0,0.0,,,0.0,17.6,3.9,6.1,2691,2917.0,-0.5,0.5,4536,MA上昇配列
1762,高松コンストラクショングループ,建設業,11.0,★☆☆☆☆,0.0,0.0,1.0,0.0,10.0,0.0,0.0,0.0,,,0.0,6.6,2.4,4.4,3804,4000.0,0.0,0.6,179,MA上昇配列
1719,安藤・間,建設業,11.0,★☆☆☆☆,0.0,0.0,2.0,0.0,9.0,0.0,0.0,0.0,,,0.0,4.0,1.9,2.4,1817,1888.5,-0.1,0.7,1343,MA上昇配列
3663,セルシス,情報・通信業,11.0,★☆☆☆☆,0.0,0.0,0.0,0.0,11.0,0.0,0.0,0.0,,,0.0,1.9,4.4,1.3,1715,1881.0,-0.5,0.6,479,MA上昇配列 / パーフェクトオーダー
4914,高砂香料工業,化学,11.0,★☆☆☆☆,0.0,0.0,3.0,0.0,8.0,0.0,0.0,0.0,,,0.0,10.7,2.2,7.1,1256,1315.0,2.7,1.3,228,MA上昇配列
7974,任天堂,その他製品,11.0,★☆☆☆☆,0.0,0.0,3.0,0.0,8.0,0.0,0.0,0.0,,,0.0,23.4,3.7,9.1,7970,8599.0,-3.4,0.5,94250,MA上昇配列
9348,ｉｓｐａｃｅ,サービス業,11.0,★☆☆☆☆,0.0,6.0,0.0,0.0,5.0,0.0,0.0,0.0,,,0.0,3.7,2.5,2.7,408,429.0,0.9,0.6,410,宇宙(-3.3%)
3708,特種東海製紙,パルプ・紙,11.0,★☆☆☆☆,0.0,0.0,0.0,0.0,11.0,0.0,0.0,0.0,,,0.0,1.9,2.5,3.1,2064,2174.0,1.5,0.8,145,MA上昇配列 / パーフェクトオーダー / 52週高値目前 / 開示[自己株式の取得](14日前)
8074,ＹＵＡＳＡ,卸売業,11.0,★☆☆☆☆,0.0,0.0,1.0,0.0,10.0,0.0,0.0,0.0,,,0.0,9.7,2.7,5.0,5791,6120.0,1.3,0.8,201,MA上昇配列
3491,ＧＡ　ｔｅｃｈｎｏｌｏｇｉｅｓ,不動産業,11.0,★☆☆☆☆,0.0,0.0,3.0,0.0,8.0,0.0,0.0,0.0,,,0.0,20.6,4.0,10.1,1460,1588.0,3.7,1.3,276,MA上昇配列
6986,双葉電子工業,電気機器,11.0,★☆☆☆☆,0.0,0.0,3.3,0.0,7.7,0.0,0.0,0.0,,,0.0,21.2,3.2,13.8,668,714.0,7.2,1.0,228,買い出来高優勢 / MA上昇配列
6998,日本タングステン,電気機器,11.0,★☆☆☆☆,0.0,0.0,5.3,0.0,10.7,0.0,0.0,-5.0,,,0.0,65.7,7.9,28.9,2676,3180.0,-2.8,0.9,457,買い出来高優勢 / 資金流入増 / MA上昇配列 / パーフェクトオーダー / 過熱⚠25MA+29%
7018,内海造船,輸送用機器,11.0,★☆☆☆☆,0.0,0.0,3.0,0.0,8.0,0.0,0.0,0.0,,,0.0,8.2,7.0,3.1,9829,11420.0,-5.1,1.0,384,資金流入増 / MA上昇配列
9303,住友倉庫,倉庫・運輸関連業,11.0,★☆☆☆☆,0.0,0.0,0.0,0.0,11.0,0.0,0.0,0.0,,,0.0,5.5,2.4,2.6,3959,4160.0,1.7,0.7,504,MA上昇配列 / パーフェクトオーダー / 52週高値目前
2918,わらべや日洋ホールディングス,食料品,11.0,★☆☆☆☆,0.0,0.0,3.0,0.0,8.0,0.0,0.0,0.0,,,0.0,4.4,1.4,3.3,2789,2871.0,1.3,1.0,303,MA上昇配列
5445,東京鐵鋼,鉄鋼,11.0,★☆☆☆☆,0.0,0.0,1.0,0.0,10.0,0.0,0.0,0.0,,,0.0,4.0,1.7,2.4,1946,2015.0,-0.5,0.5,236,MA上昇配列
4005,住友化学,化学,11.0,★☆☆☆☆,0.0,0.0,4.0,0.0,7.0,0.0,0.0,0.0,,,0.0,1.9,3.3,6.6,523,559.7999877929688,5.5,1.7,8184,-
212A,フィットイージー,サービス業,11.0,★☆☆☆☆,0.0,0.0,0.0,0.0,11.0,0.0,0.0,0.0,,,0.0,15.0,3.4,7.5,2876,3085.0,0.3,0.5,384,MA上昇配列 / パーフェクトオーダー
5273,三谷セキサン,ガラス・土石製品,11.0,★☆☆☆☆,0.0,0.0,2.0,0.0,9.0,0.0,0.0,0.0,,,0.0,13.5,3.8,5.6,1818,1968.0,1.3,0.7,124,MA上昇配列
3182,オイシックス,小売業,11.0,★☆☆☆☆,0.0,0.0,1.0,0.0,10.0,0.0,0.0,0.0,,,0.0,11.8,2.9,6.1,1645,1746.0,3.4,1.1,169,MA上昇配列 / パーフェクトオーダー
5246,ＥＬＥＭＥＮＴＳ,情報・通信業,11.0,★☆☆☆☆,0.0,0.0,1.0,0.0,10.0,0.0,0.0,0.0,,,0.0,11.1,4.5,8.1,777,853.0,-0.8,0.7,426,MA上昇配列 / パーフェクトオーダー
3291,飯田グループホールディングス,不動産業,11.0,★☆☆☆☆,0.0,0.0,2.0,0.0,9.0,0.0,0.0,0.0,,,0.0,5.8,2.1,3.6,2264,2361.5,1.6,0.7,1410,MA上昇配列
9974,ベルク,小売業,11.0,★☆☆☆☆,0.0,0.0,2.0,0.0,9.0,0.0,0.0,0.0,,,0.0,7.6,1.9,2.7,6493,6750.0,1.5,0.8,196,MA上昇配列
1407,ウエストホールディングス,建設業,11.0,★☆☆☆☆,0.0,0.0,1.0,0.0,10.0,0.0,0.0,0.0,,,0.0,6.2,5.7,5.5,2519,2845.0,8.8,1.2,1209,MA上昇配列 / パーフェクトオーダー
4258,網屋,情報・通信業,11.0,★☆☆☆☆,0.0,0.0,0.0,0.0,9.5,0.0,1.5,0.0,,,0.0,10.3,6.5,2.7,4008,4605.0,-1.5,0.8,233,MA上昇配列 / パーフェクトオーダー / 開示[自己株式の取得](11日前) / 開示[自己株式の取得](12日前)
8628,松井証券,証券、商品先物取引業,11.0,★☆☆☆☆,0.0,0.0,0.0,0.0,11.0,0.0,0.0,0.0,,,0.0,-0.6,1.9,2.1,1067,1109.0,0.4,0.6,928,MA上昇配列 / パーフェクトオーダー / 52週高値目前
4406,新日本理化,化学,11.0,★☆☆☆☆,0.0,0.0,4.3,0.0,6.7,0.0,0.0,0.0,,,0.0,22.5,4.4,11.7,223,245.0,-4.3,0.5,113,買い出来高優勢 / MA上昇配列
4343,イオンファンタジー,サービス業,11.0,★☆☆☆☆,0.0,0.0,3.0,0.0,8.0,0.0,0.0,0.0,,,0.0,12.2,2.4,5.4,2768,2905.0,2.2,0.7,226,MA上昇配列
2908,フジッコ,食料品,11.0,★☆☆☆☆,0.0,0.0,2.0,0.0,9.0,0.0,0.0,0.0,,,0.0,4.9,1.5,2.9,1571,1619.0,1.4,0.8,103,MA上昇配列
2897,日清食品ホールディングス,食料品,11.0,★☆☆☆☆,0.0,0.0,3.0,0.0,8.0,0.0,0.0,0.0,,,0.0,8.3,3.0,4.9,2901,3086.0,3.9,0.8,5022,MA上昇配列
7231,トピー工業,輸送用機器,11.0,★☆☆☆☆,0.0,0.0,2.0,0.0,9.0,0.0,0.0,0.0,,,0.0,6.7,2.3,5.4,2951,3095.0,2.5,1.0,173,MA上昇配列
2371,カカクコム,サービス業,11.0,★☆☆☆☆,0.0,0.0,0.0,0.0,11.0,0.0,0.0,0.0,,,0.0,2.4,0.6,0.5,3657,3700.0,-0.4,0.8,1308,MA上昇配列 / パーフェクトオーダー / 52週高値目前
8558,東和銀行,銀行業,11.0,★☆☆☆☆,0.0,0.0,0.0,0.0,11.0,0.0,0.0,0.0,,,0.0,1.4,4.0,3.2,1339,1456.0,-4.5,0.5,328,MA上昇配列 / パーフェクトオーダー
5644,メタルアート,鉄鋼,11.0,★☆☆☆☆,0.0,0.0,0.0,0.0,11.0,0.0,0.0,0.0,,,0.0,-2.6,2.9,0.4,7030,7460.0,0.9,0.3,124,MA上昇配列 / パーフェクトオーダー
5602,栗本鐵工所,鉄鋼,11.0,★☆☆☆☆,0.0,0.0,2.0,0.0,9.0,0.0,0.0,0.0,,,0.0,15.8,3.3,7.8,1604,1717.0,-0.3,1.1,616,MA上昇配列
5541,大平洋金属,鉄鋼,11.0,★☆☆☆☆,0.0,0.0,3.0,0.0,8.0,0.0,0.0,0.0,,,0.0,13.0,4.0,5.3,2413,2623.0,-2.5,0.6,679,MA上昇配列
7242,カヤバ,輸送用機器,11.0,★☆☆☆☆,0.0,0.0,2.0,0.0,9.0,0.0,0.0,0.0,,,0.0,8.8,2.5,4.7,4464,4695.0,1.3,0.8,451,MA上昇配列
5702,大紀アルミニウム工業所,非鉄金属,11.0,★☆☆☆☆,0.0,0.0,4.3,0.0,6.7,0.0,0.0,0.0,,,0.0,24.1,4.9,13.1,1683,1867.0,0.6,0.6,724,買い出来高優勢
2317,システナ,情報・通信業,11.0,★☆☆☆☆,0.0,0.0,2.0,0.0,9.0,0.0,0.0,0.0,,,0.0,5.9,2.1,2.4,422,440.0,0.5,0.4,596,MA上昇配列
8130,サンゲツ,卸売業,11.0,★☆☆☆☆,0.0,0.0,1.0,0.0,10.0,0.0,0.0,0.0,,,0.0,6.4,1.6,2.8,3078,3180.0,1.0,0.4,551,MA上昇配列
5161,西川ゴム工業,ゴム製品,11.0,★☆☆☆☆,0.0,0.0,3.0,0.0,8.0,0.0,0.0,0.0,,,0.0,12.6,2.4,6.8,3379,3550.0,3.8,0.7,450,MA上昇配列
8841,テーオーシー,不動産業,11.0,★☆☆☆☆,0.0,0.0,4.3,0.0,6.7,0.0,0.0,0.0,,,0.0,20.4,3.8,13.9,1001,1084.0,11.5,1.0,205,買い出来高優勢
9037,ハマキョウレックス,陸運業,11.0,★☆☆☆☆,0.0,0.0,3.0,0.0,8.0,0.0,0.0,0.0,,,0.0,4.3,2.0,1.3,1784,1859.0,-1.6,0.7,274,-
5301,東海カーボン,ガラス・土石製品,11.0,★☆☆☆☆,0.0,0.0,0.0,0.0,11.0,0.0,0.0,0.0,,,0.0,3.1,4.9,0.7,1520,1685.0,-6.2,0.6,3419,MA上昇配列 / パーフェクトオーダー
4046,大阪ソーダ,化学,11.0,★☆☆☆☆,0.0,0.0,2.0,0.0,9.0,0.0,0.0,0.0,,,0.0,13.0,3.7,6.5,1861,2011.0,-3.6,0.5,793,MA上昇配列
5892,ｙｕｔｏｒｉ,小売業,11.0,★☆☆☆☆,0.0,0.0,3.0,0.0,8.0,0.0,0.0,0.0,,,0.0,25.7,5.7,11.7,2176,2455.0,-3.1,0.4,181,MA上昇配列
1870,矢作建設工業,建設業,11.0,★☆☆☆☆,0.0,0.0,3.3,0.0,7.7,0.0,0.0,0.0,,,0.0,12.4,2.2,8.2,2045,2138.0,3.4,0.9,334,買い出来高優勢 / MA上昇配列
6194,アトラエ,サービス業,10.9,★☆☆☆☆,0.0,0.0,3.0,0.0,7.5,0.0,0.4,0.0,,,0.0,8.9,3.0,4.5,848,902.0,1.2,0.4,134,MA上昇配列 / パーフェクトオーダー / 開示[自己株式取得](12日前)
5715,古河機械金属,非鉄金属,10.8,★☆☆☆☆,0.0,0.0,4.3,0.0,6.0,0.0,0.5,0.0,,,0.0,12.3,5.1,9.5,3738,4160.0,-1.3,0.7,1363,買い出来高優勢 / 開示[業績予想の修正](11日前)
4023,クレハ,化学,10.8,★☆☆☆☆,0.0,0.0,3.3,0.0,7.5,0.0,0.0,0.0,,,0.0,3.9,2.3,2.2,4254,4455.0,-1.0,0.7,1326,買い出来高優勢 / MA上昇配列
1888,若築建設,建設業,10.8,★☆☆☆☆,0.0,0.0,5.3,0.0,5.5,0.0,0.0,0.0,,,0.0,9.2,3.3,4.3,3551,3800.0,-2.2,0.3,124,買い出来高優勢 / 資金流入増 / MA上昇配列
2767,円谷フィールズホールディングス,卸売業,10.8,★☆☆☆☆,0.0,0.0,5.3,0.0,8.5,0.0,0.0,-3.0,,,0.0,73.9,3.7,18.1,2352,2540.0,2.7,0.9,3432,買い出来高優勢 / 資金流入増 / MA上昇配列 / パーフェクトオーダー / 伸びすぎ注意(25MA+18%)
9506,東北電力,電気・ガス業,10.8,★☆☆☆☆,0.0,0.0,4.3,0.0,6.5,0.0,0.0,0.0,,,0.0,16.7,2.4,10.4,1267,1330.5,6.1,1.1,3644,買い出来高優勢 / MA上昇配列 / RSI過熱(86)⚠
7459,メディパルホールディングス,卸売業,10.7,★☆☆☆☆,0.0,0.0,2.0,0.0,8.7,0.0,0.0,0.0,,,0.0,2.8,2.3,2.0,2785,2917.5,3.2,1.0,1339,MA上昇配列
7733,オリンパス,精密機器,10.7,★☆☆☆☆,0.0,0.0,2.0,0.0,8.7,0.0,0.0,0.0,,,0.0,26.5,3.3,13.3,2024,2168.5,2.7,0.7,9996,MA上昇配列 / パーフェクトオーダー
6770,アルプスアルパイン,電気機器,10.7,★☆☆☆☆,0.0,0.0,0.0,0.0,10.7,0.0,0.0,0.0,,,0.0,2.4,3.3,1.5,2047,2193.5,-0.8,0.8,3857,MA上昇配列 / パーフェクトオーダー
4714,リソー教育グループ,サービス業,10.7,★☆☆☆☆,0.0,0.0,2.0,0.0,8.7,0.0,0.0,0.0,,,0.0,4.1,1.7,2.3,200,207.0,1.5,1.1,106,MA上昇配列 / パーフェクトオーダー
4499,Ｓｐｅｅｅ,情報・通信業,10.7,★☆☆☆☆,0.0,0.0,4.0,0.0,6.0,0.0,0.7,0.0,,,0.0,18.3,5.1,14.9,2362,2631.0,14.2,1.6,261,開示[業績予想の修正](10日前)
9997,ベルーナ,小売業,10.7,★☆☆☆☆,0.0,0.0,0.0,0.0,10.7,0.0,0.0,0.0,,,0.0,-0.0,2.3,2.1,1016,1064.0,3.0,0.7,290,MA上昇配列 / パーフェクトオーダー
4776,サイボウズ,情報・通信業,10.7,★☆☆☆☆,0.0,0.0,2.0,0.0,8.7,0.0,0.0,0.0,,,0.0,25.6,3.3,12.6,2887,3090.0,4.9,0.7,883,MA上昇配列 / パーフェクトオーダー
197A,タウンズ,医薬品,10.7,★☆☆☆☆,0.0,0.0,4.0,0.0,6.7,0.0,0.0,0.0,,,0.0,7.8,1.7,5.9,492,509.0,4.5,1.3,165,MA上昇配列
7313,テイ・エス　テック,輸送用機器,10.7,★☆☆☆☆,0.0,0.0,2.0,0.0,8.7,0.0,0.0,0.0,,,0.0,4.5,1.4,2.2,1802,1854.0,1.5,0.9,551,MA上昇配列
5011,ニチレキグループ,石油・石炭製品,10.7,★☆☆☆☆,0.0,0.0,4.0,0.0,6.7,0.0,0.0,0.0,,,0.0,11.1,2.3,6.2,2270,2379.0,1.1,1.8,129,MA上昇配列
3371,ソフトクリエイトホールディングス,情報・通信業,10.7,★☆☆☆☆,0.0,0.0,2.0,0.0,8.7,0.0,0.0,0.0,,,0.0,6.6,3.6,6.0,1983,2135.0,3.7,0.7,153,資金流入増 / MA上昇配列
3151,バイタルケーエスケー・ホールディングス,卸売業,10.7,★☆☆☆☆,0.0,0.0,0.0,0.0,10.7,0.0,0.0,0.0,,,0.0,2.0,2.4,2.3,1591,1672.0,3.6,1.0,138,MA上昇配列 / パーフェクトオーダー
7508,Ｇ‐７ホールディングス,小売業,10.7,★☆☆☆☆,0.0,0.0,2.0,0.0,8.7,0.0,0.0,0.0,,,0.0,3.2,1.8,1.8,1398,1451.0,0.6,0.8,107,MA上昇配列 / パーフェクトオーダー
9882,イエローハット,卸売業,10.7,★☆☆☆☆,0.0,0.0,1.0,0.0,9.7,0.0,0.0,0.0,,,0.0,1.1,1.7,0.6,1736,1797.0,2.0,0.6,321,MA上昇配列 / パーフェクトオーダー
9003,相鉄ホールディングス,陸運業,10.7,★☆☆☆☆,0.0,0.0,3.0,0.0,7.7,0.0,0.0,0.0,,,0.0,4.4,2.0,2.7,2529,2635.0,4.6,0.7,895,MA上昇配列
7912,大日本印刷,その他製品,10.7,★☆☆☆☆,0.0,0.0,0.0,0.0,10.7,0.0,0.0,0.0,,,0.0,2.6,2.7,3.1,3048,3225.0,-2.7,0.9,4863,MA上昇配列 / パーフェクトオーダー
8392,大分銀行,銀行業,10.5,★☆☆☆☆,0.0,0.0,1.0,0.0,9.5,0.0,0.0,0.0,,,0.0,1.5,4.1,2.3,2537,2763.0,-2.8,0.5,726,MA上昇配列 / パーフェクトオーダー
7184,富山第一銀行,銀行業,10.5,★☆☆☆☆,0.0,0.0,1.0,0.0,9.5,0.0,0.0,0.0,,,0.0,5.2,4.9,4.1,2864,3175.0,-4.1,0.8,689,MA上昇配列 / パーフェクトオーダー
8304,あおぞら銀行,銀行業,10.5,★☆☆☆☆,0.0,0.0,1.0,0.0,9.5,0.0,0.0,0.0,,,0.0,9.1,3.1,3.3,3084,3285.0,-4.3,0.7,5605,MA上昇配列 / パーフェクトオーダー
3276,ＪＰＭＣ,不動産業,10.5,★☆☆☆☆,0.0,0.0,2.0,0.0,8.5,0.0,0.0,0.0,,,0.0,24.9,1.5,10.6,2176,2244.0,-0.0,0.4,637,資金流入増 / MA上昇配列 / パーフェクトオーダー / 52週高値目前 / RSI過熱(100)⚠
8511,日本証券金融,その他金融業,10.5,★☆☆☆☆,0.0,0.0,1.0,0.0,9.5,0.0,0.0,0.0,,,0.0,1.5,2.6,1.0,2348,2479.0,-1.9,0.7,678,MA上昇配列 / パーフェクトオーダー / 開示[自己株式の取得](14日前)
8386,百十四銀行,銀行業,10.5,★☆☆☆☆,0.0,0.0,1.0,0.0,9.5,0.0,0.0,0.0,,,0.0,3.2,4.1,2.7,2734,2980.0,-3.4,0.6,1152,MA上昇配列 / パーフェクトオーダー
8818,京阪神ビルディング,不動産業,10.5,★☆☆☆☆,0.0,0.0,1.0,0.0,9.5,0.0,0.0,0.0,,,0.0,1.8,2.7,2.2,1058,1119.0,1.3,0.7,402,MA上昇配列 / パーフェクトオーダー
7803,ブシロード,その他製品,10.5,★☆☆☆☆,0.0,0.0,3.0,0.0,7.5,0.0,0.0,0.0,,,0.0,10.8,5.1,2.5,360,401.0,1.8,0.9,574,MA上昇配列 / パーフェクトオーダー
3091,ブロンコビリー,小売業,10.5,★☆☆☆☆,0.0,0.0,1.0,0.0,9.5,0.0,0.0,0.0,,,0.0,12.8,3.2,5.4,2578,2752.0,5.1,0.3,408,MA上昇配列 / パーフェクトオーダー
8393,宮崎銀行,銀行業,10.5,★☆☆☆☆,0.0,0.0,1.0,0.0,9.5,0.0,0.0,0.0,,,0.0,-0.2,3.8,1.6,2256,2440.0,-2.3,0.5,694,MA上昇配列 / パーフェクトオーダー
5480,日本冶金工業,鉄鋼,10.5,★☆☆☆☆,0.0,0.0,1.0,0.0,9.5,0.0,0.0,0.0,,,0.0,5.2,3.3,1.2,4930,5280.0,-3.6,0.7,462,MA上昇配列 / パーフェクトオーダー
8399,琉球銀行,銀行業,10.5,★☆☆☆☆,0.0,0.0,1.0,0.0,9.5,0.0,0.0,0.0,,,0.0,7.6,3.6,3.8,2929,3155.0,-4.2,0.5,475,MA上昇配列 / パーフェクトオーダー
9436,沖縄セルラー電話,情報・通信業,10.5,★☆☆☆☆,0.0,0.0,1.0,0.0,9.5,0.0,0.0,0.0,,,0.0,5.6,2.3,1.7,3816,4000.0,0.0,0.6,541,MA上昇配列 / パーフェクトオーダー
8336,武蔵野銀行,銀行業,10.5,★☆☆☆☆,0.0,0.0,1.0,0.0,9.5,0.0,0.0,0.0,,,0.0,-0.5,3.0,0.6,2532,2691.0,-3.0,0.6,839,MA上昇配列 / パーフェクトオーダー
4045,東亞合成,化学,10.5,★☆☆☆☆,0.0,0.0,1.0,0.0,9.5,0.0,0.0,0.0,,,0.0,5.0,1.6,1.5,1789,1847.5,-1.7,0.4,522,MA上昇配列 / パーフェクトオーダー
5482,愛知製鋼,鉄鋼,10.5,★☆☆☆☆,0.0,0.0,1.0,0.0,9.5,0.0,0.0,0.0,,,0.0,2.5,2.9,0.7,2980,3165.0,-2.3,0.5,563,MA上昇配列 / パーフェクトオーダー
2503,キリンホールディングス,食料品,10.5,★☆☆☆☆,0.0,0.0,1.0,0.0,9.5,0.0,0.0,0.0,,,0.0,5.6,2.9,2.2,2862,3038.0,-2.3,0.8,12569,MA上昇配列 / パーフェクトオーダー
8354,ふくおかフィナンシャルグループ,銀行業,10.5,★☆☆☆☆,0.0,0.0,1.0,0.0,9.5,0.0,0.0,0.0,,,0.0,-0.6,2.9,0.5,7118,7564.0,-2.1,0.5,5502,MA上昇配列 / パーフェクトオーダー
8005,スクロール,小売業,10.5,★☆☆☆☆,0.0,0.0,1.0,0.0,9.5,0.0,0.0,0.0,,,0.0,8.0,2.6,2.5,1742,1838.0,-2.3,1.1,455,MA上昇配列 / パーフェクトオーダー
7337,ひろぎんホールディングス,銀行業,10.5,★☆☆☆☆,0.0,0.0,1.0,0.0,9.5,0.0,0.0,0.0,,,0.0,1.9,2.7,1.5,2175,2300.5,-2.7,0.7,1796,MA上昇配列 / パーフェクトオーダー
6250,やまびこ,機械,10.5,★☆☆☆☆,0.0,0.0,1.0,0.0,9.5,0.0,0.0,0.0,,,0.0,6.4,3.5,0.7,3762,4045.0,-5.5,0.8,459,MA上昇配列 / パーフェクトオーダー
4475,ＨＥＮＮＧＥ,情報・通信業,10.5,★☆☆☆☆,0.0,0.0,3.0,0.0,7.5,0.0,0.0,0.0,,,0.0,15.2,5.7,8.5,1341,1512.0,-1.1,1.1,830,MA上昇配列 / パーフェクトオーダー
5832,ちゅうぎんフィナンシャルグループ,銀行業,10.5,★☆☆☆☆,0.0,0.0,1.0,0.0,9.5,0.0,0.0,0.0,,,0.0,1.2,2.8,1.1,3219,3411.0,-3.0,0.6,1127,MA上昇配列 / パーフェクトオーダー
9268,オプティマスグループ,卸売業,10.5,★☆☆☆☆,0.0,0.0,4.3,0.0,6.2,0.0,0.0,0.0,,,0.0,4.0,3.5,0.5,393,422.0,1.4,0.5,155,買い出来高優勢 / MA上昇配列 / パーフェクトオーダー
6302,住友重機械工業,機械,10.5,★☆☆☆☆,0.0,0.0,2.0,0.0,8.5,0.0,0.0,0.0,,,0.0,5.5,4.7,1.2,5088,5615.0,-6.4,0.6,5938,MA上昇配列 / パーフェクトオーダー
8697,日本取引所グループ,その他金融業,10.5,★☆☆☆☆,0.0,0.0,1.0,0.0,9.5,0.0,0.0,0.0,,,0.0,-0.2,2.5,0.2,2128,2238.0,-0.3,0.6,8718,MA上昇配列 / パーフェクトオーダー
8708,アイザワ証券グループ,証券、商品先物取引業,10.5,★☆☆☆☆,0.0,0.0,3.0,0.0,7.5,0.0,0.0,0.0,,,0.0,7.2,2.0,4.4,1688,1757.0,1.6,0.8,261,MA上昇配列 / パーフェクトオーダー
8137,サンワテクノス,卸売業,10.5,★☆☆☆☆,0.0,0.0,1.0,0.0,9.5,0.0,0.0,0.0,,,0.0,3.9,3.4,2.3,3694,3960.0,-5.3,0.6,309,MA上昇配列 / パーフェクトオーダー
8253,クレディセゾン,その他金融業,10.5,★☆☆☆☆,0.0,0.0,1.0,0.0,9.5,0.0,0.0,0.0,,,0.0,0.5,2.3,0.2,4438,4657.0,-1.6,0.5,3468,MA上昇配列 / パーフェクトオーダー
6737,ＥＩＺＯ,電気機器,10.5,★☆☆☆☆,0.0,0.0,1.0,0.0,9.5,0.0,0.0,0.0,,,0.0,9.9,2.7,4.6,2843,3005.0,0.2,0.8,618,MA上昇配列 / パーフェクトオーダー
2175,エス・エム・エス,サービス業,10.5,★☆☆☆☆,0.0,0.0,3.0,0.0,7.5,0.0,0.0,0.0,,,0.0,-0.1,3.2,1.8,2215,2366.0,0.6,1.2,1373,MA上昇配列 / パーフェクトオーダー
8117,中央自動車工業,卸売業,10.5,★☆☆☆☆,0.0,0.0,1.0,0.0,9.5,0.0,0.0,0.0,,,0.0,3.4,2.6,0.9,2029,2143.0,-1.1,0.7,241,MA上昇配列 / パーフェクトオーダー
1514,住石ホールディングス,鉱業,10.4,★☆☆☆☆,0.0,0.0,6.7,0.0,6.7,0.0,0.0,-3.0,,,0.0,18.3,4.0,15.8,649,706.0,9.3,2.4,254,出来高増2.4倍 / 買い出来高優勢 / MA上昇配列 / 伸びすぎ注意(25MA+16%)
8154,加賀電子,卸売業,10.4,★☆☆☆☆,0.0,0.0,0.0,0.0,9.5,0.0,0.9,0.0,,,0.0,15.7,3.6,5.1,4573,4930.0,-3.3,0.5,914,MA上昇配列 / パーフェクトオーダー / 開示[上方修正](11日前)
8237,松屋,小売業,10.3,★☆☆☆☆,0.0,0.0,6.3,0.0,9.0,0.0,0.0,-5.0,,,0.0,42.9,5.5,24.3,2183,2450.0,24.0,1.8,745,買い出来高優勢 / MA上昇配列 / 過熱⚠25MA+24%
5985,サンコール,金属製品,10.3,★☆☆☆☆,3.0,0.0,5.3,0.0,7.0,0.0,0.0,-5.0,,SK hynix,-4.8,91.9,7.9,53.9,2107,2500.0,16.9,1.2,2929,SK hynix+4.1%連動(β0.29) / 買い出来高優勢 / 52週高値目前 / RSI過熱(91)⚠ / 過熱⚠25MA+54%
4825,ウェザーニューズ,情報・通信業,10.3,★☆☆☆☆,0.0,0.0,3.3,0.0,7.0,0.0,0.0,0.0,,,0.0,9.6,1.9,4.5,1998,2076.0,2.3,0.8,398,買い出来高優勢
9425,ＲｅＹｕｕ　Ｊａｐａｎ,情報・通信業,10.3,★☆☆☆☆,0.0,0.0,4.3,0.0,6.0,0.0,0.0,0.0,,,0.0,-1.2,8.4,7.9,185,222.0,8.3,1.3,141,買い出来高優勢
2962,テクニスコ,金属製品,10.3,★☆☆☆☆,0.0,0.0,3.3,0.0,10.0,0.0,0.0,-3.0,,,0.0,15.8,9.8,16.1,1244,1549.0,12.8,2.5,514,出来高増2.5倍 / MA上昇配列 / パーフェクトオーダー / 伸びすぎ注意(25MA+16%)
9706,日本空港ビルデング,不動産業,10.2,★☆☆☆☆,0.0,0.0,1.0,0.0,6.2,0.0,3.0,0.0,,,0.0,8.1,2.7,1.5,5381,5683.0,0.4,0.6,1709,MA上昇配列 / パーフェクトオーダー / 開示[自己株式取得](0日前)
5195,バンドー化学,ゴム製品,10.2,★☆☆☆☆,0.0,0.0,2.0,0.0,8.2,0.0,0.0,0.0,,,0.0,5.3,2.5,0.7,2293,2412.0,-2.6,0.8,157,MA上昇配列 / パーフェクトオーダー
6517,デンヨー,電気機器,10.2,★☆☆☆☆,0.0,0.0,3.0,0.0,7.2,0.0,0.0,0.0,,,0.0,13.5,4.4,3.2,3719,4075.0,-2.7,0.5,283,資金流入増 / MA上昇配列 / パーフェクトオーダー
2702,日本マクドナルドホールディングス,小売業,10.2,★☆☆☆☆,0.0,0.0,2.0,0.0,8.2,0.0,0.0,0.0,,,0.0,7.5,2.3,2.5,7693,8070.0,3.5,0.9,5558,MA上昇配列 / パーフェクトオーダー
7128,ユニソルホールディングス,卸売業,10.2,★☆☆☆☆,0.0,0.0,3.0,0.0,7.2,0.0,0.0,0.0,,,0.0,6.6,3.1,1.8,2705,2882.0,-0.6,1.0,403,MA上昇配列 / パーフェクトオーダー
9616,共立メンテナンス,サービス業,10.2,★☆☆☆☆,0.0,0.0,2.0,0.0,8.2,0.0,0.0,0.0,,,0.0,13.3,3.2,5.7,3259,3482.0,6.2,0.8,4567,MA上昇配列 / パーフェクトオーダー
8871,ゴールドクレスト,不動産業,10.0,★☆☆☆☆,0.0,0.0,4.0,0.0,6.0,0.0,0.0,0.0,,,0.0,0.8,1.8,1.6,3238,3360.0,2.0,1.3,187,-
9470,学研ホールディングス,情報・通信業,10.0,★☆☆☆☆,0.0,0.0,0.0,0.0,10.0,0.0,0.0,0.0,,,0.0,3.2,1.5,1.7,1008,1040.0,-0.4,0.6,120,MA上昇配列
9505,北陸電力,電気・ガス業,10.0,★☆☆☆☆,0.0,0.0,1.0,0.0,9.0,0.0,0.0,0.0,,,0.0,4.8,2.4,4.3,943,990.7999877929688,2.5,0.7,907,MA上昇配列
6167,冨士ダイス,機械,10.0,★☆☆☆☆,0.0,0.0,2.0,0.0,8.0,0.0,0.0,0.0,,,0.0,10.5,3.8,5.5,975,1056.0,-2.9,0.5,118,MA上昇配列
4716,日本オラクル,情報・通信業,10.0,★☆☆☆☆,0.0,0.0,2.0,0.0,8.0,0.0,0.0,0.0,,,0.0,12.6,2.7,3.6,8733,9233.0,-3.2,0.6,2845,MA上昇配列
6222,島精機製作所,機械,10.0,★☆☆☆☆,0.0,0.0,2.0,0.0,8.0,0.0,0.0,0.0,,,0.0,12.6,2.1,5.7,931,973.0,2.5,0.7,173,MA上昇配列
3916,デジタル・インフォメーション・テクノロジー,情報・通信業,10.0,★☆☆☆☆,0.0,0.0,2.0,0.0,8.0,0.0,0.0,0.0,,,0.0,7.5,2.0,2.8,938,977.0,0.2,0.5,105,MA上昇配列
2484,出前館,情報・通信業,10.0,★☆☆☆☆,0.0,0.0,2.0,0.0,8.0,0.0,0.0,0.0,,,0.0,16.2,4.3,11.3,142,156.0,9.1,0.6,104,資金流入増 / MA上昇配列
3635,コーエーテクモホールディングス,情報・通信業,10.0,★☆☆☆☆,0.0,0.0,2.0,0.0,8.0,0.0,0.0,0.0,,,0.0,12.5,2.6,4.3,1586,1672.0,0.4,0.5,2421,MA上昇配列
3496,アズーム,不動産業,10.0,★☆☆☆☆,0.0,0.0,2.0,0.0,8.0,0.0,0.0,0.0,,,0.0,10.1,2.8,3.8,4541,4805.0,1.8,0.3,291,MA上昇配列
3486,グローバル・リンク・マネジメント,不動産業,10.0,★☆☆☆☆,0.0,0.0,2.0,0.0,8.0,0.0,0.0,0.0,,,0.0,4.8,2.5,3.7,1901,2001.0,2.5,0.6,112,MA上昇配列
3661,エムアップホールディングス,情報・通信業,10.0,★☆☆☆☆,0.0,0.0,2.0,0.0,8.0,0.0,0.0,0.0,,,0.0,17.7,3.5,7.6,792,851.0,1.8,0.9,528,MA上昇配列
3733,ソフトウェア・サービス,情報・通信業,10.0,★☆☆☆☆,0.0,0.0,3.3,0.0,6.7,0.0,0.0,0.0,,,0.0,24.7,2.8,11.8,11823,12530.0,5.9,0.8,143,買い出来高優勢 / MA上昇配列
4768,大塚商会,情報・通信業,10.0,★☆☆☆☆,0.0,0.0,1.0,0.0,9.0,0.0,0.0,0.0,,,0.0,17.3,3.1,5.4,3262,3478.0,-1.6,0.6,5587,MA上昇配列 / 52週高値目前
4681,リゾートトラスト,サービス業,10.0,★☆☆☆☆,0.0,0.0,0.0,0.0,10.0,0.0,0.0,0.0,,,0.0,9.7,2.6,4.0,1757,1854.5,1.3,0.5,1115,MA上昇配列
4666,パーク２４,不動産業,10.0,★☆☆☆☆,0.0,0.0,1.0,0.0,9.0,0.0,0.0,0.0,,,0.0,4.5,1.7,2.3,1967,2038.0,1.4,0.9,1505,MA上昇配列
8057,内田洋行,卸売業,10.0,★☆☆☆☆,0.0,0.0,1.0,0.0,9.0,0.0,0.0,0.0,,,0.0,6.5,1.9,3.4,2116,2200.0,0.7,0.5,350,MA上昇配列
4848,フルキャストホールディングス,サービス業,10.0,★☆☆☆☆,0.0,0.0,2.0,0.0,8.0,0.0,0.0,0.0,,,0.0,15.1,2.4,8.4,1795,1884.0,1.5,0.6,212,MA上昇配列
3817,ＳＲＡホールディングス,情報・通信業,10.0,★☆☆☆☆,0.0,0.0,1.0,0.0,9.0,0.0,0.0,0.0,,,0.0,7.4,2.0,2.9,4655,4850.0,-0.8,0.4,215,MA上昇配列
2220,亀田製菓,食料品,10.0,★☆☆☆☆,0.0,0.0,1.0,0.0,9.0,0.0,0.0,0.0,,,0.0,12.4,2.3,6.2,1299,1361.0,1.2,1.2,275,MA上昇配列
9824,泉州電業,卸売業,10.0,★☆☆☆☆,0.0,0.0,2.0,0.0,8.0,0.0,0.0,0.0,,,0.0,10.4,3.3,6.7,6484,6940.0,2.2,0.6,474,-
4985,アース製薬,化学,10.0,★☆☆☆☆,0.0,0.0,2.0,0.0,8.0,0.0,0.0,0.0,,,0.0,7.0,1.8,3.7,4744,4920.0,1.7,0.6,353,MA上昇配列
8153,モスフードサービス,卸売業,10.0,★☆☆☆☆,0.0,0.0,1.0,0.0,9.0,0.0,0.0,0.0,,,0.0,5.7,1.9,3.4,3794,3940.0,3.8,0.9,407,MA上昇配列
8131,ミツウロコグループホールディングス,卸売業,10.0,★☆☆☆☆,0.0,0.0,1.0,0.0,9.0,0.0,0.0,0.0,,,0.0,7.6,3.1,4.2,2053,2188.0,5.9,1.1,104,MA上昇配列
6706,電気興業,電気機器,10.0,★☆☆☆☆,0.0,0.0,2.0,0.0,8.0,0.0,0.0,0.0,,,0.0,9.4,2.9,3.9,3088,3280.0,-4.9,0.5,125,-
7164,全国保証,その他金融業,10.0,★☆☆☆☆,0.0,0.0,0.0,0.0,10.0,0.0,0.0,0.0,,,0.0,5.3,1.4,2.3,3098,3188.0,1.8,0.6,1301,MA上昇配列
7102,日本車輌製造,輸送用機器,10.0,★☆☆☆☆,0.0,0.0,1.0,0.0,9.0,0.0,0.0,0.0,,,0.0,-0.3,2.5,2.8,3492,3675.0,2.2,1.0,203,MA上昇配列
7071,アンビスホールディングス,サービス業,10.0,★☆☆☆☆,0.0,0.0,3.3,0.0,6.7,0.0,0.0,0.0,,,0.0,17.4,3.8,10.9,399,432.0,9.1,1.0,123,買い出来高優勢 / MA上昇配列
9416,ビジョン,情報・通信業,10.0,★☆☆☆☆,0.0,0.0,2.0,0.0,8.0,0.0,0.0,0.0,,,0.0,7.5,2.0,3.1,1017,1058.0,2.1,1.0,367,MA上昇配列
9418,Ｕ－ＮＥＸＴ　ＨＯＬＤＩＮＧＳ,情報・通信業,10.0,★☆☆☆☆,0.0,0.0,2.0,0.0,8.0,0.0,0.0,0.0,,,0.0,6.5,1.9,2.2,1689,1755.0,1.6,0.8,1110,MA上昇配列
3196,ホットランドホールディングス,小売業,10.0,★☆☆☆☆,0.0,0.0,2.0,0.0,8.0,0.0,0.0,0.0,,,0.0,5.5,1.8,3.3,1621,1680.0,2.9,0.9,230,MA上昇配列
5210,日本山村硝子,ガラス・土石製品,10.0,★☆☆☆☆,0.0,0.0,2.0,0.0,8.0,0.0,0.0,0.0,,,0.0,4.7,2.3,4.2,2829,2968.0,-0.7,0.9,164,MA上昇配列 / 開示[業績予想の修正](14日前)
5262,日本ヒューム,ガラス・土石製品,10.0,★☆☆☆☆,0.0,0.0,2.0,0.0,8.0,0.0,0.0,0.0,,,0.0,12.2,2.9,6.4,1075,1142.0,-0.3,0.6,284,MA上昇配列
6183,ベルシステム２４ホールディングス,サービス業,10.0,★☆☆☆☆,0.0,0.0,3.0,0.0,7.0,0.0,0.0,0.0,,,0.0,3.5,1.6,2.7,1365,1411.0,0.3,0.9,424,-
9766,コナミグループ,情報・通信業,10.0,★☆☆☆☆,0.0,0.0,1.0,0.0,9.0,0.0,0.0,0.0,,,0.0,20.6,3.4,6.7,20385,21885.0,-0.5,0.5,13693,MA上昇配列
6231,木村工機,機械,10.0,★☆☆☆☆,0.0,0.0,2.0,0.0,8.0,0.0,0.0,0.0,,,0.0,4.6,4.7,5.2,12013,13260.0,-1.1,0.9,177,MA上昇配列
5703,日本軽金属ホールディングス,非鉄金属,10.0,★☆☆☆☆,0.0,0.0,2.0,0.0,8.0,0.0,0.0,0.0,,,0.0,12.2,3.6,7.0,2805,3025.0,0.8,0.4,1086,-
5440,共英製鋼,鉄鋼,10.0,★☆☆☆☆,0.0,0.0,2.0,0.0,8.0,0.0,0.0,0.0,,,0.0,6.3,2.1,4.0,1917,2003.0,1.9,0.7,251,MA上昇配列
5410,合同製鐵,鉄鋼,10.0,★☆☆☆☆,0.0,0.0,2.0,0.0,8.0,0.0,0.0,0.0,,,0.0,7.6,1.9,3.6,2860,2970.0,0.2,0.9,297,MA上昇配列
2127,日本Ｍ＆Ａセンターホールディングス,サービス業,10.0,★☆☆☆☆,0.0,0.0,2.0,0.0,8.0,0.0,0.0,0.0,,,0.0,2.8,1.9,1.8,649,674.7999877929688,0.4,0.6,1595,MA上昇配列
4058,トヨクモ,情報・通信業,10.0,★☆☆☆☆,0.0,0.0,4.0,0.0,5.5,0.0,0.5,0.0,,,0.0,20.9,4.2,6.5,2256,2463.0,3.4,1.2,120,資金流入増 / MA上昇配列 / 開示[業績予想の修正](11日前)
2749,ＪＰホールディングス,サービス業,10.0,★☆☆☆☆,0.0,0.0,1.0,0.0,9.0,0.0,0.0,0.0,,,0.0,6.9,2.1,4.2,632,660.0,1.5,1.1,189,MA上昇配列
278A,Ｔｅｒｒａ　Ｄｒｏｎｅ,精密機器,10.0,★☆☆☆☆,0.0,0.0,0.0,0.0,10.0,0.0,0.0,0.0,,,0.0,2.0,8.8,9.3,11493,13960.0,15.4,1.0,13765,MA上昇配列 / パーフェクトオーダー
2768,双日,卸売業,10.0,★☆☆☆☆,0.0,0.0,2.0,0.0,8.0,0.0,0.0,0.0,,,0.0,3.4,2.9,3.3,5298,5624.0,-1.1,0.8,6749,MA上昇配列
4222,児玉化学工業,化学,10.0,★☆☆☆☆,0.0,0.0,4.0,0.0,6.0,0.0,0.0,0.0,,,0.0,11.7,5.5,9.1,604,679.0,-2.7,1.1,438,資金流入増
4323,日本システム技術,情報・通信業,10.0,★☆☆☆☆,0.0,0.0,2.0,0.0,8.0,0.0,0.0,0.0,,,0.0,9.3,3.8,4.5,1807,1954.0,-1.9,1.0,119,MA上昇配列
7545,西松屋チェーン,小売業,10.0,★☆☆☆☆,0.0,0.0,2.0,0.0,8.0,0.0,0.0,0.0,,,0.0,5.5,1.8,1.4,1938,2012.0,0.5,0.5,959,MA上昇配列
7512,イオン北海道,小売業,10.0,★☆☆☆☆,0.0,0.0,2.0,0.0,8.0,0.0,0.0,0.0,,,0.0,2.9,1.5,1.2,831,856.0,0.0,0.5,143,MA上昇配列
5838,楽天銀行,銀行業,10.0,★☆☆☆☆,0.0,0.0,2.0,0.0,8.0,0.0,0.0,0.0,,,0.0,7.3,4.0,7.4,5603,6095.0,0.6,0.6,7034,MA上昇配列
3962,チェンジホールディングス,情報・通信業,10.0,★☆☆☆☆,0.0,0.0,2.0,0.0,8.0,0.0,0.0,0.0,,,0.0,10.3,2.7,5.0,955,1010.0,5.2,0.7,282,MA上昇配列
2168,パソナグループ,サービス業,10.0,★☆☆☆☆,0.0,0.0,3.3,0.0,6.7,0.0,0.0,0.0,,,0.0,7.1,1.9,4.6,1608,1670.0,1.8,1.2,275,買い出来高優勢 / MA上昇配列
2146,ＵＴグループ,サービス業,10.0,★☆☆☆☆,0.0,0.0,4.3,0.0,8.7,0.0,0.0,-3.0,,,0.0,29.7,4.1,16.9,212,231.0,3.6,0.7,1716,買い出来高優勢 / MA上昇配列 / 伸びすぎ注意(25MA+17%)
2726,パルグループホールディングス,小売業,10.0,★☆☆☆☆,0.0,0.0,2.0,0.0,8.0,0.0,0.0,0.0,,,0.0,11.7,2.4,3.4,1450,1524.0,1.6,0.8,1190,MA上昇配列
4575,キャンバス,医薬品,10.0,★☆☆☆☆,0.0,0.0,2.0,0.0,8.0,0.0,0.0,0.0,,,0.0,10.9,4.9,7.1,723,802.0,1.4,1.8,179,MA上昇配列
4481,ベース,情報・通信業,10.0,★☆☆☆☆,0.0,0.0,2.0,0.0,8.0,0.0,0.0,0.0,,,0.0,9.9,2.4,5.4,3199,3360.0,2.3,0.8,318,MA上昇配列
7388,ＦＰパートナー,保険業,10.0,★☆☆☆☆,0.0,0.0,2.0,0.0,8.0,0.0,0.0,0.0,,,0.0,2.9,1.6,1.9,2163,2233.0,0.1,0.8,104,MA上昇配列
1871,ピーエス・コンストラクション,建設業,10.0,★☆☆☆☆,0.0,0.0,2.0,0.0,8.0,0.0,0.0,0.0,,,0.0,3.8,2.9,1.9,2180,2316.0,0.2,0.7,205,MA上昇配列
4528,小野薬品工業,医薬品,10.0,★☆☆☆☆,0.0,0.0,0.0,0.0,10.0,0.0,0.0,0.0,,,0.0,2.7,2.1,1.7,2347,2448.0,0.7,0.9,4051,MA上昇配列 / パーフェクトオーダー
4396,システムサポートホールディングス,情報・通信業,10.0,★☆☆☆☆,0.0,0.0,5.3,0.0,7.7,0.0,0.0,-3.0,,,0.0,28.9,4.1,16.2,1280,1394.0,-2.2,0.8,186,買い出来高優勢 / 資金流入増 / MA上昇配列 / 伸びすぎ注意(25MA+16%)
4390,ＩＰＳ,情報・通信業,10.0,★☆☆☆☆,0.0,0.0,2.0,0.0,8.0,0.0,0.0,0.0,,,0.0,18.4,4.7,11.2,3686,4065.0,0.5,0.8,365,-
6036,ＫｅｅＰｅｒ技研,サービス業,10.0,★☆☆☆☆,0.0,0.0,3.3,0.0,6.7,0.0,0.0,0.0,,,0.0,20.5,3.6,13.4,3045,3285.0,11.1,0.9,449,買い出来高優勢 / MA上昇配列
1822,大豊建設,建設業,10.0,★☆☆☆☆,0.0,0.0,0.0,0.0,10.0,0.0,0.0,0.0,,,0.0,4.1,1.5,2.2,782,807.0,-0.2,0.7,123,MA上昇配列
1852,淺沼組,建設業,10.0,★☆☆☆☆,0.0,0.0,2.0,0.0,8.0,0.0,0.0,0.0,,,0.0,8.7,1.9,4.8,897,933.0,1.0,0.7,514,MA上昇配列
2678,アスクル,小売業,10.0,★☆☆☆☆,0.0,0.0,2.0,0.0,8.0,0.0,0.0,0.0,,,0.0,6.4,2.0,1.9,1228,1280.0,0.8,0.7,526,MA上昇配列
9009,京成電鉄,陸運業,10.0,★☆☆☆☆,0.0,0.0,2.0,0.0,8.0,0.0,0.0,0.0,,,0.0,9.9,2.2,5.7,1295,1354.5,5.8,1.1,2299,MA上昇配列
1301,極洋,水産・農林業,10.0,★☆☆☆☆,0.0,0.0,0.0,0.0,10.0,0.0,0.0,0.0,,,0.0,7.4,1.8,4.1,4617,4785.0,1.3,0.9,238,MA上昇配列
4272,日本化薬,化学,10.0,★☆☆☆☆,0.0,0.0,2.0,0.0,8.0,0.0,0.0,0.0,,,0.0,5.5,2.5,3.4,1981,2084.5,-2.0,0.4,1263,-
3222,ユナイテッド・スーパーマーケット・ホールディングス,小売業,10.0,★☆☆☆☆,0.0,0.0,2.0,0.0,8.0,0.0,0.0,0.0,,,0.0,5.6,1.9,3.4,813,846.0,2.3,1.0,538,MA上昇配列
4307,野村総合研究所,情報・通信業,10.0,★☆☆☆☆,0.0,0.0,2.0,0.0,8.0,0.0,0.0,0.0,,,0.0,2.8,3.4,0.5,4667,5012.0,-2.3,0.6,15801,MA上昇配列
4570,免疫生物研究所,医薬品,10.0,★☆☆☆☆,0.0,0.0,4.0,0.0,6.0,0.0,0.0,0.0,,,0.0,9.5,4.9,9.7,974,1080.0,3.7,1.8,120,-
9023,東京地下鉄,陸運業,10.0,★☆☆☆☆,0.0,0.0,2.0,0.0,8.0,0.0,0.0,0.0,,,0.0,4.3,1.5,1.3,1436,1480.0,1.2,0.6,3063,MA上昇配列
3901,マークラインズ,情報・通信業,9.8,★☆☆☆☆,0.0,0.0,4.3,0.0,5.5,0.0,0.0,0.0,,,0.0,21.0,2.9,11.8,1519,1614.0,-0.1,0.8,165,買い出来高優勢 / MA上昇配列 / RSI過熱(86)⚠
6440,ＪＵＫＩ,機械,9.8,★☆☆☆☆,0.0,0.0,4.3,0.0,5.5,0.0,0.0,0.0,,,0.0,13.3,5.7,3.4,534,603.0,-6.2,0.4,255,買い出来高優勢 / MA上昇配列
7966,リンテック,その他製品,9.8,★☆☆☆☆,0.0,0.0,4.7,0.0,0.0,0.0,5.1,0.0,,,0.0,-18.4,6.2,-12.3,4811,5490.0,-10.6,4.0,2702,出来高急増4.0倍 / 開示[自己株式の取得](0日前) / 開示[自己株式取得](4日前)
167A,リョーサン菱洋ホールディングス,卸売業,9.8,★☆☆☆☆,0.0,0.0,3.3,0.0,6.5,0.0,0.0,0.0,,,0.0,11.0,2.8,4.0,2934,3110.0,-3.4,0.4,676,買い出来高優勢 / MA上昇配列
9048,名古屋鉄道,陸運業,9.7,★☆☆☆☆,0.0,0.0,0.0,0.0,9.7,0.0,0.0,0.0,,,0.0,1.1,1.7,0.7,1842,1905.0,2.2,0.8,1562,MA上昇配列 / パーフェクトオーダー
5949,ユニプレス,輸送用機器,9.7,★☆☆☆☆,0.0,0.0,1.0,0.0,8.7,0.0,0.0,0.0,,,0.0,3.4,2.4,2.6,1279,1343.0,1.1,0.6,212,MA上昇配列
6328,荏原実業,機械,9.7,★☆☆☆☆,0.0,0.0,4.0,0.0,5.7,0.0,0.0,0.0,,,0.0,2.2,3.8,3.5,2271,2458.0,4.0,0.5,356,資金流入増
5857,ＡＲＥホールディングス,非鉄金属,9.7,★☆☆☆☆,0.0,0.0,5.0,0.0,7.7,0.0,0.0,-3.0,,,0.0,24.3,4.2,17.8,3583,3910.0,7.7,1.7,2783,MA上昇配列 / 伸びすぎ注意(25MA+18%)
4828,ビジネスエンジニアリング,情報・通信業,9.7,★☆☆☆☆,0.0,0.0,2.0,0.0,7.7,0.0,0.0,0.0,,,0.0,23.7,3.4,13.1,1328,1425.0,3.2,0.6,204,MA上昇配列
2784,アルフレッサ　ホールディングス,卸売業,9.7,★☆☆☆☆,0.0,0.0,2.0,0.0,7.7,0.0,0.0,0.0,,,0.0,1.5,1.9,1.8,2246,2337.0,3.9,0.7,1309,MA上昇配列
6016,ジャパンエンジンコーポレーション,輸送用機器,9.7,★☆☆☆☆,0.0,0.0,3.0,0.0,6.7,0.0,0.0,0.0,,,0.0,8.4,6.6,2.5,8359,9640.0,-0.5,1.7,1300,MA上昇配列
9274,ＫＰＰグループホールディングス,卸売業,9.7,★☆☆☆☆,0.0,0.0,0.0,0.0,9.7,0.0,0.0,0.0,,,0.0,2.3,2.4,2.4,1068,1122.0,2.5,1.1,260,MA上昇配列 / パーフェクトオーダー / 52週高値目前
8934,サンフロンティア不動産,不動産業,9.7,★☆☆☆☆,0.0,0.0,2.0,0.0,7.7,0.0,0.0,0.0,,,0.0,1.0,2.0,1.1,2420,2522.0,2.5,0.7,279,MA上昇配列
1969,高砂熱学工業,建設業,9.7,★☆☆☆☆,0.0,6.0,1.0,0.0,2.7,0.0,0.0,0.0,,,0.0,-5.4,3.8,-2.1,3903,4220.0,-2.7,0.4,3344,AIデータセンター・電力(-6.0%)
9267,Ｇｅｎｋｙ　ＤｒｕｇＳｔｏｒｅｓ,小売業,9.7,★☆☆☆☆,0.0,0.0,4.0,0.0,5.7,0.0,0.0,0.0,,,0.0,0.7,2.9,1.0,3525,3740.0,4.2,1.5,381,MA上昇配列
8566,リコーリース,その他金融業,9.7,★☆☆☆☆,0.0,0.0,0.0,0.0,9.7,0.0,0.0,0.0,,,0.0,1.2,1.6,1.3,6546,6760.0,2.1,0.8,277,MA上昇配列 / パーフェクトオーダー / 52週高値目前
8614,東洋証券,証券、商品先物取引業,9.7,★☆☆☆☆,0.0,0.0,1.0,0.0,8.7,0.0,0.0,0.0,,,0.0,5.9,2.3,5.9,684,716.0,4.5,1.0,436,MA上昇配列
9119,飯野海運,海運業,9.7,★☆☆☆☆,0.0,0.0,2.0,0.0,7.7,0.0,0.0,0.0,,,0.0,14.5,3.4,9.7,1590,1706.0,7.2,1.2,431,MA上昇配列
8425,みずほリース,その他金融業,9.7,★☆☆☆☆,0.0,0.0,1.0,0.0,8.7,0.0,0.0,0.0,,,0.0,4.2,1.5,2.5,1333,1375.0,1.2,1.0,882,MA上昇配列
2334,イオレ,サービス業,9.7,★☆☆☆☆,0.0,0.0,4.7,0.0,5.0,0.0,0.0,0.0,,,0.0,2.0,6.2,-0.8,445,508.0,-6.4,4.1,597,出来高急増4.1倍
8185,チヨダ,小売業,9.7,★☆☆☆☆,0.0,0.0,3.0,0.0,6.7,0.0,0.0,0.0,,,0.0,7.8,1.1,4.7,1038,1062.0,2.9,0.7,158,MA上昇配列
7269,スズキ,輸送用機器,9.7,★☆☆☆☆,0.0,0.0,2.0,0.0,7.7,0.0,0.0,0.0,,,0.0,3.5,3.7,3.2,1949,2103.5,0.8,0.9,16451,MA上昇配列
1766,東建コーポレーション,建設業,9.7,★☆☆☆☆,0.0,0.0,2.0,0.0,7.7,0.0,0.0,0.0,,,0.0,4.2,1.9,2.3,12999,13500.0,1.1,0.6,314,MA上昇配列
4992,北興化学工業,化学,9.7,★☆☆☆☆,0.0,0.0,0.0,0.0,9.7,0.0,0.0,0.0,,,0.0,3.3,2.7,5.4,1945,2055.0,1.0,0.7,244,MA上昇配列 / パーフェクトオーダー
6238,フリュー,機械,9.7,★☆☆☆☆,0.0,0.0,0.0,0.0,9.7,0.0,0.0,0.0,,,0.0,3.3,3.2,1.0,1303,1392.0,3.3,1.1,147,MA上昇配列 / パーフェクトオーダー
3660,アイスタイル,情報・通信業,9.6,★☆☆☆☆,0.0,0.0,4.0,0.0,8.0,0.0,0.6,-3.0,,,0.0,30.0,4.4,17.6,487,533.0,3.1,1.0,847,資金流入増 / MA上昇配列 / 伸びすぎ注意(25MA+18%) / 開示[自己株式取得](11日前)
8255,アクシアル　リテイリング,小売業,9.6,★☆☆☆☆,0.0,0.0,0.0,0.0,8.7,0.0,0.9,0.0,,,0.0,7.4,2.5,3.0,1193,1257.0,4.1,0.6,280,MA上昇配列 / 開示[自己株式の取得](10日前)
4417,グローバルセキュリティエキスパート,情報・通信業,9.6,★☆☆☆☆,0.0,0.0,1.0,0.0,8.2,0.0,0.4,0.0,,,0.0,7.0,6.8,0.7,3885,4500.0,-5.5,0.4,257,MA上昇配列 / パーフェクトオーダー / 開示[資本業務提携](12日前)
7751,キヤノン,電気機器,9.6,★☆☆☆☆,0.0,0.0,0.0,0.0,7.5,0.0,2.1,0.0,,,0.0,2.0,1.8,1.3,4430,4593.0,-1.4,0.8,20015,MA上昇配列 / 開示[自己株式の取得](4日前)
3002,グンゼ,繊維製品,9.5,★☆☆☆☆,0.0,0.0,2.0,0.0,7.5,0.0,0.0,0.0,,,0.0,6.7,1.4,2.6,4079,4200.0,-0.8,0.7,835,MA上昇配列
1909,日本ドライケミカル,機械,9.5,★☆☆☆☆,0.0,0.0,0.0,0.0,9.5,0.0,0.0,0.0,,,0.0,0.7,0.2,0.1,3682,3700.0,0.0,0.6,381,MA上昇配列 / パーフェクトオーダー
8331,千葉銀行,銀行業,9.5,★☆☆☆☆,0.0,0.0,0.0,0.0,9.5,0.0,0.0,0.0,,,0.0,0.8,2.8,1.7,2601,2753.5,-2.7,0.7,6584,MA上昇配列 / パーフェクトオーダー
8125,ワキタ,卸売業,9.5,★☆☆☆☆,0.0,0.0,2.0,0.0,7.5,0.0,0.0,0.0,,,0.0,5.4,1.4,2.7,1917,1972.0,1.9,0.7,322,MA上昇配列
7199,プレミアグループ,その他金融業,9.5,★☆☆☆☆,0.0,0.0,1.0,0.0,8.5,0.0,0.0,0.0,,,0.0,5.6,2.7,1.5,2007,2123.0,-0.5,1.0,464,MA上昇配列 / パーフェクトオーダー
6947,図研,電気機器,9.5,★☆☆☆☆,0.0,0.0,1.0,0.0,8.5,0.0,0.0,0.0,,,0.0,9.3,2.6,2.9,4686,4940.0,-1.2,0.6,252,MA上昇配列 / パーフェクトオーダー
4733,オービックビジネスコンサルタント,情報・通信業,9.5,★☆☆☆☆,0.0,0.0,3.0,0.0,6.5,0.0,0.0,0.0,,,0.0,18.6,2.9,6.4,7800,8274.0,0.3,0.5,2393,MA上昇配列
7951,ヤマハ,その他製品,9.5,★☆☆☆☆,0.0,0.0,2.0,0.0,7.5,0.0,0.0,0.0,,,0.0,7.6,3.3,1.7,1223,1309.0,-3.5,0.6,3717,MA上昇配列 / パーフェクトオーダー
2281,プリマハム,食料品,9.5,★☆☆☆☆,0.0,0.0,4.0,0.0,5.5,0.0,0.0,0.0,,,0.0,0.8,2.2,0.3,2325,2430.0,1.1,0.4,431,資金流入増 / MA上昇配列
4385,メルカリ,情報・通信業,9.5,★☆☆☆☆,0.0,0.0,2.0,0.0,7.5,0.0,0.0,0.0,,,0.0,7.4,4.9,3.5,4281,4745.0,-2.2,0.7,9419,MA上昇配列 / パーフェクトオーダー
4493,サイバーセキュリティクラウド,情報・通信業,9.5,★☆☆☆☆,0.0,0.0,2.0,0.0,7.5,0.0,0.0,0.0,,,0.0,3.6,3.5,0.9,1742,1874.0,-5.4,0.7,191,MA上昇配列 / パーフェクトオーダー
7186,横浜フィナンシャルグループ,銀行業,9.5,★☆☆☆☆,0.0,0.0,0.0,0.0,9.5,0.0,0.0,0.0,,,0.0,-2.4,2.9,0.1,1773,1882.5,-2.7,1.1,7313,MA上昇配列 / パーフェクトオーダー
8345,岩手銀行,銀行業,9.5,★☆☆☆☆,0.0,0.0,0.0,0.0,9.5,0.0,0.0,0.0,,,0.0,4.3,3.9,1.6,2143,2325.0,-4.9,0.7,695,MA上昇配列 / パーフェクトオーダー
9782,ディーエムエス,サービス業,9.5,★☆☆☆☆,0.0,0.0,1.0,0.0,8.5,0.0,0.0,0.0,,,0.0,0.3,1.2,0.3,3374,3455.0,0.0,0.8,116,MA上昇配列 / パーフェクトオーダー
9743,丹青社,サービス業,9.5,★☆☆☆☆,0.0,0.0,2.0,0.0,7.5,0.0,0.0,0.0,,,0.0,11.2,1.8,5.5,1445,1498.0,2.5,0.4,793,MA上昇配列 / RSI過熱(87)⚠
2354,ＹＥ　ＤＩＧＩＴＡＬ,情報・通信業,9.5,★☆☆☆☆,0.0,0.0,2.0,0.0,7.5,0.0,0.0,0.0,,,0.0,-7.4,9.2,1.8,1081,1325.0,-4.1,0.3,2313,資金流入増 / MA上昇配列 / パーフェクトオーダー
5233,太平洋セメント,ガラス・土石製品,9.5,★☆☆☆☆,0.0,0.0,1.0,0.0,8.5,0.0,0.0,0.0,,,0.0,0.9,3.4,1.0,3901,4187.0,-1.0,0.5,2447,MA上昇配列 / パーフェクトオーダー
9110,ＮＳユナイテッド海運,海運業,9.5,★☆☆☆☆,0.0,0.0,4.0,0.0,8.5,0.0,0.0,-3.0,,,0.0,43.6,1.9,15.1,10037,10440.0,0.0,0.4,1552,資金流入増 / MA上昇配列 / パーフェクトオーダー / 52週高値目前 / RSI過熱(98)⚠ / 伸びすぎ注意(25MA+15%)
9900,サガミホールディングス,小売業,9.5,★☆☆☆☆,0.0,0.0,2.0,0.0,7.5,0.0,0.0,0.0,,,0.0,15.2,3.1,4.3,2033,2169.0,-3.6,0.7,280,MA上昇配列
4812,電通総研,情報・通信業,9.5,★☆☆☆☆,0.0,0.0,0.0,0.0,9.5,0.0,0.0,0.0,,,0.0,4.7,1.6,2.1,2664,2752.0,2.2,0.4,1488,MA上昇配列 / パーフェクトオーダー
7821,前田工繊,その他製品,9.5,★☆☆☆☆,0.0,0.0,2.0,0.0,7.5,0.0,0.0,0.0,,,0.0,10.4,3.5,4.0,1890,2032.0,0.9,0.5,370,MA上昇配列
8012,長瀬産業,卸売業,9.5,★☆☆☆☆,0.0,0.0,0.0,0.0,9.5,0.0,0.0,0.0,,,0.0,1.8,3.0,1.7,1148,1221.5,-1.8,0.9,1275,MA上昇配列 / パーフェクトオーダー
5142,アキレス,化学,9.3,★☆☆☆☆,0.0,0.0,5.3,0.0,9.0,0.0,0.0,-5.0,,,0.0,57.2,5.3,30.4,1772,1982.0,5.0,0.8,201,買い出来高優勢 / 資金流入増 / MA上昇配列 / 52週高値目前 / RSI過熱(87)⚠ / 過熱⚠25MA+30%
7868,広済堂ホールディングス,その他製品,9.3,★☆☆☆☆,0.0,0.0,3.3,0.0,6.0,0.0,0.0,0.0,,,0.0,9.0,3.1,6.5,532,567.0,3.1,0.4,263,買い出来高優勢
9902,日伝,卸売業,9.3,★☆☆☆☆,0.0,0.0,0.0,0.0,7.2,0.0,2.1,0.0,,,0.0,8.0,2.6,2.1,2874,3035.0,-1.3,0.4,232,MA上昇配列 / パーフェクトオーダー / 開示[自己株式の取得](4日前)
5592,くすりの窓口,情報・通信業,9.3,★☆☆☆☆,0.0,0.0,3.3,0.0,6.0,0.0,0.0,0.0,,,0.0,17.0,5.0,7.5,2401,2665.0,-7.5,0.4,195,買い出来高優勢
6425,ユニバーサルエンターテインメント,機械,9.3,★☆☆☆☆,0.0,0.0,3.3,0.0,6.0,0.0,0.0,0.0,,,0.0,11.8,5.1,5.5,654,728.0,-3.2,0.6,203,買い出来高優勢
4635,東京インキ,化学,9.3,★☆☆☆☆,0.0,0.0,5.3,0.0,9.0,0.0,0.0,-5.0,,,0.0,48.8,5.1,22.8,1878,2092.0,0.0,0.4,126,買い出来高優勢 / 資金流入増 / MA上昇配列 / 52週高値目前 / RSI過熱(87)⚠ / 過熱⚠25MA+23%
3302,帝国繊維,繊維製品,9.2,★☆☆☆☆,0.0,0.0,1.0,0.0,8.2,0.0,0.0,0.0,,,0.0,3.0,3.2,1.2,3161,3375.0,-1.3,1.1,237,MA上昇配列 / パーフェクトオーダー
2326,デジタルアーツ,情報・通信業,9.2,★☆☆☆☆,0.0,0.0,2.0,0.0,5.5,0.0,1.7,0.0,,,0.0,9.2,4.0,1.6,4019,4370.0,-6.8,0.5,740,MA上昇配列 / 開示[自己株式の取得](6日前)
2492,インフォマート,サービス業,9.2,★☆☆☆☆,0.0,0.0,3.0,0.0,6.2,0.0,0.0,0.0,,,0.0,18.1,7.3,6.0,504,590.0,-3.9,0.9,2040,MA上昇配列 / パーフェクトオーダー
2590,ダイドーグループホールディングス,食料品,9.2,★☆☆☆☆,0.0,0.0,2.0,0.0,7.2,0.0,0.0,0.0,,,0.0,4.7,2.4,2.5,2879,3025.0,2.1,0.9,265,MA上昇配列 / パーフェクトオーダー
8214,ＡＯＫＩホールディングス,小売業,9.2,★☆☆☆☆,0.0,0.0,3.0,0.0,6.2,0.0,0.0,0.0,,,0.0,3.8,1.7,1.2,1678,1737.0,1.9,0.8,362,MA上昇配列
7616,コロワイド,小売業,9.2,★☆☆☆☆,0.0,0.0,3.0,0.0,6.2,0.0,0.0,0.0,,,0.0,6.7,2.4,1.4,1953,2050.5,-0.4,0.6,967,MA上昇配列 / パーフェクトオーダー
3107,ダイワボウホールディングス,卸売業,9.2,★☆☆☆☆,0.0,0.0,1.0,0.0,8.2,0.0,0.0,0.0,,,0.0,5.0,2.7,0.5,3422,3620.0,-4.5,1.0,1021,MA上昇配列 / パーフェクトオーダー
7990,グローブライド,その他製品,9.2,★☆☆☆☆,0.0,0.0,3.0,0.0,6.2,0.0,0.0,0.0,,,0.0,3.2,3.4,0.6,2359,2532.0,1.3,1.0,297,MA上昇配列 / パーフェクトオーダー
4293,セプテーニ・ホールディングス,サービス業,9.2,★☆☆☆☆,0.0,0.0,2.0,0.0,7.2,0.0,0.0,0.0,,,0.0,2.0,3.0,0.6,480,511.0,0.4,0.4,217,MA上昇配列 / パーフェクトオーダー
9433,ＫＤＤＩ,情報・通信業,9.2,★☆☆☆☆,0.0,0.0,1.0,0.0,8.2,0.0,0.0,0.0,,,0.0,2.2,2.6,0.6,2766,2915.5,1.3,1.3,28325,MA上昇配列 / パーフェクトオーダー
5401,日本製鉄,鉄鋼,9.2,★☆☆☆☆,0.0,0.0,3.0,0.0,6.2,0.0,0.0,0.0,,,0.0,9.1,2.8,1.1,622,659.4000244140625,-2.5,0.6,34923,資金流入増 / MA上昇配列
8595,ジャフコ　グループ,証券、商品先物取引業,9.0,★☆☆☆☆,0.0,0.0,0.0,0.0,9.0,0.0,0.0,0.0,,,0.0,-0.3,1.1,1.0,2247,2299.0,0.1,0.6,854,MA上昇配列
1332,ニッスイ,水産・農林業,9.0,★☆☆☆☆,0.0,0.0,2.0,0.0,7.0,0.0,0.0,0.0,,,0.0,4.0,2.4,2.4,1242,1305.0,-0.4,0.5,2044,-
2982,ＡＤワークスグループ,不動産業,9.0,★☆☆☆☆,0.0,0.0,0.0,0.0,9.0,0.0,0.0,0.0,,,0.0,2.8,2.7,1.8,399,421.0,-0.9,0.4,138,MA上昇配列
3252,地主,不動産業,9.0,★☆☆☆☆,0.0,0.0,2.0,0.0,7.0,0.0,0.0,0.0,,,0.0,3.9,1.8,3.7,2916,3025.0,3.5,0.8,378,-
6469,放電精密加工研究所,機械,9.0,★☆☆☆☆,0.0,0.0,1.0,0.0,8.0,0.0,0.0,0.0,,,0.0,8.6,5.0,3.5,2543,2827.0,-4.0,0.4,253,MA上昇配列
9072,ニッコンホールディングス,陸運業,9.0,★☆☆☆☆,0.0,0.0,2.0,0.0,7.0,0.0,0.0,0.0,,,0.0,3.9,3.6,3.1,5054,5448.0,1.2,0.7,1223,-
1518,三井松島ホールディングス,その他製品,9.0,★☆☆☆☆,0.0,0.0,2.0,0.0,7.0,0.0,0.0,0.0,,,0.0,17.5,2.3,5.5,2178,2283.0,-2.8,0.4,1760,資金流入増 / MA上昇配列 / パーフェクトオーダー
4568,第一三共,医薬品,9.0,★☆☆☆☆,0.0,0.0,1.0,0.0,8.0,0.0,0.0,0.0,,,0.0,3.5,3.0,3.1,2663,2833.5,3.8,0.6,18898,MA上昇配列
9543,静岡ガス,電気・ガス業,9.0,★☆☆☆☆,0.0,0.0,0.0,0.0,9.0,0.0,0.0,0.0,,,0.0,2.7,1.8,2.0,1233,1279.0,2.2,0.8,234,MA上昇配列
3193,エターナルホスピタリティグループ,小売業,9.0,★☆☆☆☆,0.0,0.0,1.0,0.0,8.0,0.0,0.0,0.0,,,0.0,3.9,2.9,2.6,1392,1478.0,-0.9,0.4,289,MA上昇配列
2875,東洋水産,食料品,9.0,★☆☆☆☆,0.0,0.0,0.0,0.0,9.0,0.0,0.0,0.0,,,0.0,0.8,2.5,0.1,10131,10660.0,0.5,0.6,5268,MA上昇配列
2733,あらた,卸売業,9.0,★☆☆☆☆,0.0,0.0,1.0,0.0,8.0,0.0,0.0,0.0,,,0.0,4.6,1.6,3.3,2599,2683.0,4.0,0.8,230,MA上昇配列
9227,マイクロ波化学,サービス業,9.0,★☆☆☆☆,0.0,0.0,3.0,0.0,6.0,0.0,0.0,0.0,,,0.0,12.0,4.6,3.0,817,900.0,-2.9,0.5,417,-
8698,マネックスグループ,証券、商品先物取引業,9.0,★☆☆☆☆,0.0,0.0,1.0,0.0,8.0,0.0,0.0,0.0,,,0.0,-3.1,2.4,2.0,695,729.0,5.3,1.5,1391,MA上昇配列
2471,エスプール,サービス業,9.0,★☆☆☆☆,0.0,0.0,1.0,0.0,8.0,0.0,0.0,0.0,,,0.0,12.6,3.0,7.5,282,300.0,0.7,0.7,135,MA上昇配列
247A,Ａｉロボティクス,化学,9.0,★☆☆☆☆,0.0,0.0,1.0,0.0,8.0,0.0,0.0,0.0,,,0.0,21.9,5.5,13.4,858,963.0,11.2,0.8,1108,MA上昇配列
5563,新日本電工,鉄鋼,9.0,★☆☆☆☆,0.0,0.0,2.0,0.0,7.0,0.0,0.0,0.0,,,0.0,6.3,4.4,5.0,410,449.0,1.4,0.5,438,-
8877,エスリード,不動産業,9.0,★☆☆☆☆,0.0,0.0,1.0,0.0,8.0,0.0,0.0,0.0,,,0.0,4.7,2.0,3.5,5179,5390.0,2.3,0.8,151,MA上昇配列
2742,ハローズ,小売業,9.0,★☆☆☆☆,0.0,0.0,1.0,0.0,8.0,0.0,0.0,0.0,,,0.0,7.2,2.0,3.2,3791,3945.0,1.5,1.0,132,MA上昇配列
5842,インテグラル,証券、商品先物取引業,9.0,★☆☆☆☆,0.0,0.0,3.0,0.0,6.0,0.0,0.0,0.0,,,0.0,12.6,3.9,8.5,2919,3165.0,4.5,0.6,329,-
2975,スター・マイカ・ホールディングス,不動産業,9.0,★☆☆☆☆,0.0,0.0,2.0,0.0,7.0,0.0,0.0,0.0,,,0.0,4.1,2.2,2.7,1517,1586.0,0.1,0.5,234,-
8282,ケーズホールディングス,小売業,9.0,★☆☆☆☆,0.0,0.0,2.0,0.0,7.0,0.0,0.0,0.0,,,0.0,6.2,2.5,3.9,1871,1968.5,2.6,0.8,1537,-
8219,青山商事,小売業,9.0,★☆☆☆☆,0.0,0.0,0.0,0.0,9.0,0.0,0.0,0.0,,,0.0,6.3,1.9,2.9,733,762.0,0.8,0.8,471,MA上昇配列
6523,ＰＨＣホールディングス,電気機器,9.0,★☆☆☆☆,0.0,0.0,5.3,0.0,8.7,0.0,0.0,-5.0,,,0.0,37.4,4.8,21.0,1333,1473.0,4.1,1.0,928,買い出来高優勢 / 資金流入増 / MA上昇配列 / パーフェクトオーダー / 過熱⚠25MA+21%
6535,アイモバイル,サービス業,9.0,★☆☆☆☆,0.0,0.0,1.0,0.0,8.0,0.0,0.0,0.0,,,0.0,2.9,1.8,2.9,496,515.0,1.6,0.5,272,MA上昇配列
6928,エノモト,電気機器,9.0,★☆☆☆☆,0.0,0.0,3.0,0.0,6.0,0.0,0.0,0.0,,,0.0,17.0,6.6,10.4,2599,2993.0,-6.3,1.4,308,資金流入増 / 開示[増配](14日前) / 開示[自己株式取得](14日前)
5021,コスモエネルギーホールディングス,石油・石炭製品,9.0,★☆☆☆☆,0.0,0.0,0.0,0.0,9.0,0.0,0.0,0.0,,,0.0,7.9,3.1,6.7,4004,4266.0,2.8,1.1,2378,MA上昇配列
9672,東京都競馬,サービス業,9.0,★☆☆☆☆,0.0,0.0,0.0,0.0,9.0,0.0,0.0,0.0,,,0.0,6.1,1.7,2.5,4946,5120.0,0.2,0.5,377,MA上昇配列
6196,ストライクグループ,サービス業,9.0,★☆☆☆☆,0.0,0.0,1.0,0.0,8.0,0.0,0.0,0.0,,,0.0,2.6,1.9,1.8,1306,1359.0,1.3,0.8,525,MA上昇配列
4849,エン,サービス業,9.0,★☆☆☆☆,0.0,0.0,5.3,0.0,6.7,0.0,0.0,-3.0,,,0.0,29.5,3.6,17.3,1479,1594.0,6.6,1.0,353,買い出来高優勢 / 資金流入増 / MA上昇配列 / 伸びすぎ注意(25MA+17%)
4212,積水樹脂,化学,9.0,★☆☆☆☆,0.0,0.0,2.0,0.0,7.0,0.0,0.0,0.0,,,0.0,7.6,2.5,3.2,2730,2873.0,2.5,0.6,232,MA上昇配列 / パーフェクトオーダー
7630,壱番屋,小売業,9.0,★☆☆☆☆,0.0,0.0,1.0,0.0,8.0,0.0,0.0,0.0,,,0.0,7.0,1.8,2.3,914,947.0,1.1,0.6,412,MA上昇配列
7740,タムロン,精密機器,9.0,★☆☆☆☆,0.0,0.0,2.0,0.0,7.0,0.0,0.0,0.0,,,0.0,23.9,2.6,5.2,1309,1382.0,-3.6,0.6,946,MA上昇配列 / パーフェクトオーダー
6869,シスメックス,電気機器,9.0,★☆☆☆☆,0.0,0.0,3.3,0.0,8.7,0.0,0.0,-3.0,,,0.0,31.4,3.8,15.1,1826,1976.5,3.0,1.1,5782,買い出来高優勢 / MA上昇配列 / パーフェクトオーダー / 伸びすぎ注意(25MA+15%)
6875,メガチップス,電気機器,9.0,★☆☆☆☆,0.0,0.0,2.0,0.0,7.0,0.0,0.0,0.0,,,0.0,14.1,4.9,7.0,9764,10830.0,-3.7,0.9,1534,-
1820,西松建設,建設業,9.0,★☆☆☆☆,0.0,0.0,2.0,0.0,7.0,0.0,0.0,0.0,,,0.0,2.9,1.9,2.0,5276,5485.0,-0.3,0.6,702,-
7203,トヨタ自動車,輸送用機器,9.0,★☆☆☆☆,0.0,0.0,1.0,0.0,8.0,0.0,0.0,0.0,,,0.0,6.8,2.6,4.6,2971,3132.0,3.7,0.7,106856,MA上昇配列
9513,電源開発,電気・ガス業,9.0,★☆☆☆☆,0.0,0.0,2.0,0.0,7.0,0.0,0.0,0.0,,,0.0,4.6,2.1,3.4,3808,3977.0,1.6,0.9,2525,-
1982,日比谷総合設備,建設業,9.0,★☆☆☆☆,0.0,0.0,2.0,0.0,7.0,0.0,0.0,0.0,,,0.0,1.3,4.4,1.7,2675,2933.0,-1.6,0.6,379,-
9534,北海道瓦斯,電気・ガス業,9.0,★☆☆☆☆,0.0,0.0,0.0,0.0,9.0,0.0,0.0,0.0,,,0.0,6.5,1.7,5.0,794,822.0,4.6,1.1,121,MA上昇配列
1980,ダイダン,建設業,9.0,★☆☆☆☆,0.0,0.0,3.0,0.0,6.0,0.0,0.0,0.0,,,0.0,4.0,5.6,3.1,2394,2698.0,-2.6,0.4,2341,-
3315,日本コークス工業,石油・石炭製品,9.0,★☆☆☆☆,0.0,0.0,1.0,0.0,8.0,0.0,0.0,0.0,,,0.0,4.7,4.8,3.7,92,102.0,-1.9,0.7,548,MA上昇配列
1929,日特建設,建設業,9.0,★☆☆☆☆,0.0,0.0,0.0,0.0,9.0,0.0,0.0,0.0,,,0.0,3.4,1.3,2.3,1141,1172.0,0.4,0.6,101,MA上昇配列
2158,ＦＲＯＮＴＥＯ,サービス業,9.0,★☆☆☆☆,0.0,0.0,1.0,0.0,8.0,0.0,0.0,0.0,,,0.0,0.8,3.3,2.2,608,651.0,0.3,1.2,117,MA上昇配列
4826,ＣＩＪ,情報・通信業,9.0,★☆☆☆☆,0.0,0.0,1.0,0.0,8.0,0.0,0.0,0.0,,,0.0,8.9,2.6,5.6,519,548.0,2.0,1.5,136,MA上昇配列
4169,ＥＮＥＣＨＡＮＧＥ,情報・通信業,9.0,★☆☆☆☆,0.0,0.0,4.0,0.0,8.0,0.0,0.0,-3.0,,,0.0,36.0,9.0,18.1,251,306.0,-9.2,1.0,488,資金流入増 / MA上昇配列 / 伸びすぎ注意(25MA+18%)
9716,乃村工藝社,サービス業,9.0,★☆☆☆☆,0.0,0.0,0.0,0.0,9.0,0.0,0.0,0.0,,,0.0,4.6,1.7,3.9,1197,1239.0,1.5,0.5,350,MA上昇配列
4641,アルプス技研,サービス業,9.0,★☆☆☆☆,0.0,0.0,0.0,0.0,9.0,0.0,0.0,0.0,,,0.0,5.0,2.3,4.3,821,860.0,2.7,1.0,107,MA上昇配列
146A,コロンビア・ワークス,不動産業,9.0,★☆☆☆☆,0.0,0.0,0.0,0.0,9.0,0.0,0.0,0.0,,,0.0,18.8,5.0,11.6,3395,3770.0,-2.6,0.4,236,MA上昇配列
1419,タマホーム,建設業,9.0,★☆☆☆☆,0.0,0.0,3.0,0.0,6.0,0.0,0.0,0.0,,,0.0,5.2,1.5,3.9,3000,3095.0,3.7,1.6,293,開示[受注](14日前)
7287,日本精機,輸送用機器,9.0,★☆☆☆☆,0.0,0.0,1.0,0.0,8.0,0.0,0.0,0.0,,,0.0,9.8,3.8,4.1,2399,2599.0,0.3,0.8,434,-
1813,不動テトラ,建設業,9.0,★☆☆☆☆,0.0,0.0,1.0,0.0,8.0,0.0,0.0,0.0,,,0.0,3.3,2.4,2.7,2683,2821.0,-1.5,0.6,253,MA上昇配列
6753,シャープ,電気機器,8.8,★☆☆☆☆,0.0,0.0,3.3,0.0,5.5,0.0,0.0,0.0,,,0.0,5.6,4.0,1.8,590,641.0,-5.1,0.8,2514,買い出来高優勢 / MA上昇配列
3350,メタプラネット,卸売業,8.799999999999999,★☆☆☆☆,0.0,0.0,6.7,0.0,6.0,0.0,1.1,-5.0,,,0.0,28.6,6.6,32.7,266,306.0,38.5,4.7,5719,出来高急増4.7倍 / 過熱⚠25MA+33% / 開示[子会社化](6日前)
3139,ラクト・ジャパン,卸売業,8.7,★☆☆☆☆,0.0,0.0,1.0,0.0,7.7,0.0,0.0,0.0,,,0.0,-0.3,1.5,0.6,3310,3415.0,1.2,0.6,131,MA上昇配列
1333,Ｕｍｉｏｓ,水産・農林業,8.7,★☆☆☆☆,0.0,0.0,2.0,0.0,6.7,0.0,0.0,0.0,,,0.0,-0.3,1.7,0.2,1266,1311.0,1.4,1.2,715,MA上昇配列
7947,エフピコ,化学,8.7,★☆☆☆☆,0.0,0.0,2.0,0.0,6.7,0.0,0.0,0.0,,,0.0,10.4,2.0,5.4,2669,2782.0,2.1,0.5,590,MA上昇配列
3837,アドソル日進,情報・通信業,8.7,★☆☆☆☆,0.0,0.0,2.0,0.0,6.7,0.0,0.0,0.0,,,0.0,3.3,3.3,1.4,1406,1504.0,-0.9,0.4,156,MA上昇配列
9007,小田急電鉄,陸運業,8.7,★☆☆☆☆,0.0,0.0,0.0,0.0,8.7,0.0,0.0,0.0,,,0.0,4.4,2.1,2.4,1702,1775.0,4.0,1.0,2680,MA上昇配列 / パーフェクトオーダー
7261,マツダ,輸送用機器,8.7,★☆☆☆☆,0.0,0.0,2.0,0.0,6.7,0.0,0.0,0.0,,,0.0,4.8,3.3,3.6,1128,1207.5,3.3,0.8,9725,MA上昇配列
3387,クリエイト・レストランツ・ホールディングス,小売業,8.7,★☆☆☆☆,0.0,0.0,0.0,0.0,8.7,0.0,0.0,0.0,,,0.0,4.0,1.7,1.4,756,783.0,0.8,1.0,1294,MA上昇配列
9759,ＮＳＤ,情報・通信業,8.7,★☆☆☆☆,0.0,0.0,1.0,0.0,7.7,0.0,0.0,0.0,,,0.0,9.1,2.4,3.3,2729,2869.5,1.3,0.6,895,MA上昇配列
9946,ミニストップ,小売業,8.7,★☆☆☆☆,0.0,0.0,1.0,0.0,7.7,0.0,0.0,0.0,,,0.0,4.7,0.9,1.5,1833,1865.0,2.2,1.0,112,MA上昇配列
2379,ディップ,サービス業,8.7,★☆☆☆☆,0.0,0.0,2.0,0.0,6.7,0.0,0.0,0.0,,,0.0,6.2,1.6,2.2,1820,1880.0,1.1,0.7,599,MA上昇配列
8850,スターツコーポレーション,不動産業,8.7,★☆☆☆☆,0.0,0.0,0.0,0.0,8.7,0.0,0.0,0.0,,,0.0,2.9,1.8,1.2,4594,4765.0,1.8,0.7,304,MA上昇配列
9603,エイチ・アイ・エス,サービス業,8.7,★☆☆☆☆,0.0,0.0,2.0,0.0,6.7,0.0,0.0,0.0,,,0.0,17.0,2.7,7.1,1090,1152.0,1.2,0.6,626,MA上昇配列
2331,ＡＬＳＯＫ,サービス業,8.7,★☆☆☆☆,0.0,0.0,1.0,0.0,7.7,0.0,0.0,0.0,,,0.0,4.8,2.4,2.0,1128,1184.5,1.4,0.8,1644,MA上昇配列
1898,世紀東急工業,建設業,8.7,★☆☆☆☆,0.0,0.0,1.0,0.0,7.7,0.0,0.0,0.0,,,0.0,2.7,1.3,1.5,1461,1500.0,0.3,0.8,280,MA上昇配列
1942,関電工,建設業,8.7,★☆☆☆☆,0.0,6.0,0.0,0.0,2.7,0.0,0.0,0.0,,,0.0,-10.3,3.7,-5.4,4945,5337.0,-3.3,0.4,8019,AIデータセンター・電力(-6.0%)
3679,じげん,情報・通信業,8.7,★☆☆☆☆,0.0,0.0,2.0,0.0,6.7,0.0,0.0,0.0,,,0.0,14.9,2.6,9.0,439,463.0,5.5,1.0,125,MA上昇配列
3662,エイチームホールディングス,情報・通信業,8.7,★☆☆☆☆,0.0,0.0,2.0,0.0,6.7,0.0,0.0,0.0,,,0.0,0.0,2.2,3.2,946,989.0,2.3,0.3,184,資金流入増 / MA上昇配列
3668,コロプラ,情報・通信業,8.7,★☆☆☆☆,0.0,0.0,2.0,0.0,6.7,0.0,0.0,0.0,,,0.0,15.2,2.9,9.4,414,439.0,4.8,0.9,248,MA上昇配列
2160,ジーエヌアイグループ,医薬品,8.7,★☆☆☆☆,0.0,0.0,2.0,0.0,6.0,0.0,0.7,0.0,,,0.0,7.8,5.1,5.3,2504,2786.0,-5.1,1.6,3180,開示[業績予想の修正](10日前)
7595,アルゴグラフィックス,情報・通信業,8.7,★☆☆☆☆,0.0,0.0,1.0,0.0,7.7,0.0,0.0,0.0,,,0.0,5.0,2.2,2.1,1288,1346.0,0.8,0.5,331,MA上昇配列
141A,トライアルホールディングス,小売業,8.6,★☆☆☆☆,0.0,0.0,3.3,0.0,7.7,0.0,0.6,-3.0,,,0.0,31.5,4.9,18.7,3536,3920.0,6.5,1.0,2717,買い出来高優勢 / MA上昇配列 / 伸びすぎ注意(25MA+19%) / 開示[増配](11日前)
2815,アリアケジャパン,食料品,8.6,★☆☆☆☆,0.0,0.0,2.0,0.0,4.2,0.0,2.4,0.0,,,0.0,3.9,1.9,0.7,5161,5370.0,-0.7,0.9,515,MA上昇配列 / 開示[自己株式の取得](3日前)
9697,カプコン,情報・通信業,8.5,★☆☆☆☆,0.0,0.0,2.0,0.0,6.5,0.0,0.0,0.0,,,0.0,23.6,3.6,7.0,3832,4130.0,-1.2,0.6,14702,MA上昇配列
9682,ＤＴＳ,情報・通信業,8.5,★☆☆☆☆,0.0,0.0,2.0,0.0,6.5,0.0,0.0,0.0,,,0.0,5.9,2.8,2.3,1053,1116.0,1.6,0.6,755,MA上昇配列
4432,ウイングアーク１ｓｔ,情報・通信業,8.5,★☆☆☆☆,0.0,0.0,2.0,0.0,6.5,0.0,0.0,0.0,,,0.0,17.8,2.4,7.3,3162,3320.0,1.8,0.4,694,MA上昇配列
4684,オービック,情報・通信業,8.5,★☆☆☆☆,0.0,0.0,2.0,0.0,6.5,0.0,0.0,0.0,,,0.0,14.3,2.6,5.4,4487,4729.0,0.6,0.9,7673,MA上昇配列
4922,コーセーホールディングス,化学,8.5,★☆☆☆☆,0.0,0.0,3.0,0.0,5.5,0.0,0.0,0.0,,,0.0,7.8,3.5,3.3,5475,5893.0,2.5,0.9,2119,MA上昇配列
6810,マクセル,電気機器,8.5,★☆☆☆☆,0.0,0.0,1.0,0.0,7.5,0.0,0.0,0.0,,,0.0,10.8,4.7,2.6,2112,2333.0,-4.5,0.7,694,MA上昇配列
2395,新日本科学,サービス業,8.5,★☆☆☆☆,0.0,0.0,3.0,0.0,5.5,0.0,0.0,0.0,,,0.0,11.4,4.1,3.4,1303,1418.0,-4.5,1.0,383,MA上昇配列
4902,コニカミノルタ,電気機器,8.5,★☆☆☆☆,0.0,0.0,2.0,0.0,6.5,0.0,0.0,0.0,,,0.0,2.5,4.4,0.8,591,648.2999877929688,-6.2,0.5,3063,MA上昇配列
7011,三菱重工業,機械,8.5,★☆☆☆☆,0.0,6.0,0.0,0.0,2.5,0.0,0.0,0.0,,,0.0,0.7,4.5,-1.1,3575,3932.0,-7.6,0.8,78878,防衛(-9.3%)
4718,早稲田アカデミー,サービス業,8.5,★☆☆☆☆,0.0,0.0,1.0,0.0,7.5,0.0,0.0,0.0,,,0.0,0.2,3.0,0.4,2290,2436.0,1.2,0.8,105,MA上昇配列 / パーフェクトオーダー
7780,メニコン,精密機器,8.5,★☆☆☆☆,0.0,0.0,1.0,0.0,7.5,0.0,0.0,0.0,,,0.0,16.8,4.0,5.0,1766,1920.0,-2.3,0.6,568,MA上昇配列 / パーフェクトオーダー
6988,日東電工,化学,8.5,★☆☆☆☆,0.0,0.0,2.0,0.0,3.5,0.0,3.0,0.0,,,0.0,3.5,2.8,-0.2,3226,3414.0,-4.6,0.6,11968,開示[自己株式の取得](0日前)
4431,スマレジ,情報・通信業,8.5,★☆☆☆☆,0.0,0.0,1.0,0.0,7.5,0.0,0.0,0.0,,,0.0,17.7,3.7,6.6,3141,3395.0,-1.2,0.7,277,MA上昇配列 / パーフェクトオーダー
7172,ジャパンインベストメントアドバイザー,証券、商品先物取引業,8.5,★☆☆☆☆,0.0,0.0,0.0,0.0,8.5,0.0,0.0,0.0,,,0.0,-2.9,2.1,0.1,1992,2079.0,0.7,0.4,704,MA上昇配列 / パーフェクトオーダー
368A,北里,精密機器,8.5,★☆☆☆☆,0.0,0.0,3.0,0.0,5.5,0.0,0.0,0.0,,,0.0,14.1,3.4,6.0,1437,1542.0,-2.9,0.7,221,MA上昇配列
1663,Ｋ＆Ｏエナジーグループ,鉱業,8.4,★☆☆☆☆,0.0,0.0,2.0,0.0,6.0,0.0,0.4,0.0,,,0.0,5.7,2.2,4.4,1841,1927.0,0.5,0.8,438,開示[業績予想の修正](12日前)
3791,ＩＧポート,情報・通信業,8.3,★☆☆☆☆,0.0,0.0,3.3,0.0,5.0,0.0,0.0,0.0,,,0.0,20.3,2.6,5.5,1065,1124.0,0.4,0.3,128,買い出来高優勢
4813,ＡＣＣＥＳＳ,情報・通信業,8.3,★☆☆☆☆,0.0,0.0,5.3,0.0,6.0,0.0,0.0,-3.0,,,0.0,34.3,8.2,19.6,377,452.0,4.6,0.5,501,買い出来高優勢 / 資金流入増 / 伸びすぎ注意(25MA+20%)
5285,ヤマックス,ガラス・土石製品,8.3,★☆☆☆☆,0.0,0.0,5.3,0.0,3.0,0.0,0.0,0.0,,,0.0,5.7,3.3,0.5,1315,1407.0,0.9,0.2,132,買い出来高優勢 / 資金流入増 / MA上昇配列
3810,サイバーステップホールディングス,情報・通信業,8.200000000000001,★☆☆☆☆,0.0,0.0,7.7,0.0,4.7,0.0,0.8,-5.0,,,0.0,60.5,8.8,33.4,200,243.0,14.6,2.3,425,出来高増2.3倍 / 買い出来高優勢 / 過熱⚠25MA+33% / 開示[AI](7日前)
2154,オープンアップグループ,サービス業,8.2,★☆☆☆☆,0.0,0.0,0.0,0.0,8.2,0.0,0.0,0.0,,,0.0,3.7,2.4,1.6,1941,2039.0,0.2,0.5,365,MA上昇配列 / パーフェクトオーダー
8060,キヤノンマーケティングジャパン,卸売業,8.2,★☆☆☆☆,0.0,0.0,0.0,0.0,8.2,0.0,0.0,0.0,,,0.0,1.6,1.8,0.3,3477,3609.0,-2.4,0.8,1128,MA上昇配列 / パーフェクトオーダー
2871,ニチレイ,食料品,8.2,★☆☆☆☆,0.0,0.0,0.0,0.0,8.2,0.0,0.0,0.0,,,0.0,3.5,3.1,0.4,2050,2187.0,-0.1,0.6,3481,MA上昇配列 / パーフェクトオーダー
4691,ワシントンホテル,サービス業,8.2,★☆☆☆☆,0.0,0.0,4.7,0.0,3.5,0.0,0.0,0.0,,,0.0,0.2,4.8,2.6,2058,2275.0,2.5,5.4,154,出来高急増5.4倍
8725,ＭＳ＆ＡＤインシュアランスグループホールディングス,保険業,8.2,★☆☆☆☆,0.0,0.0,0.0,0.0,8.2,0.0,0.0,0.0,,,0.0,2.1,2.6,2.0,4686,4945.0,2.3,0.8,21092,MA上昇配列 / パーフェクトオーダー
9042,阪急阪神ホールディングス,陸運業,8.2,★☆☆☆☆,0.0,0.0,1.0,0.0,7.2,0.0,0.0,0.0,,,0.0,3.0,2.1,0.5,4520,4720.0,1.6,0.8,4674,MA上昇配列 / パーフェクトオーダー
6613,ＱＤレーザ,電気機器,8.2,★☆☆☆☆,5.2,0.0,2.0,0.0,6.0,0.0,0.0,-5.0,,SK hynix,0.6,20.4,8.9,20.6,1728,2100.0,16.3,0.6,5681,SK hynix+4.1%連動(β0.34) 未反応+0.6% / 過熱⚠25MA+21%
8160,木曽路,小売業,8.2,★☆☆☆☆,0.0,0.0,2.0,0.0,6.2,0.0,0.0,0.0,,,0.0,3.8,1.6,0.8,2364,2443.0,2.0,1.1,272,MA上昇配列
9744,メイテックグループホールディングス,サービス業,8.2,★☆☆☆☆,0.0,0.0,2.0,0.0,6.2,0.0,0.0,0.0,,,0.0,3.9,1.5,1.1,3241,3339.0,-0.5,0.6,1149,MA上昇配列
9605,東映,情報・通信業,8.2,★☆☆☆☆,0.0,0.0,0.0,0.0,8.2,0.0,0.0,0.0,,,0.0,5.2,2.7,0.5,5653,5980.0,0.7,0.4,603,MA上昇配列 / パーフェクトオーダー
7309,シマノ,輸送用機器,8.2,★☆☆☆☆,0.0,0.0,2.0,0.0,6.2,0.0,0.0,0.0,,,0.0,9.6,2.8,4.0,19201,20360.0,1.1,0.5,6887,MA上昇配列 / パーフェクトオーダー
6301,小松製作所,機械,8.2,★☆☆☆☆,0.0,0.0,0.0,0.0,8.2,0.0,0.0,0.0,,,0.0,7.3,3.1,1.4,6629,7065.0,-3.2,0.6,23142,MA上昇配列 / パーフェクトオーダー
4165,プレイド,情報・通信業,8.2,★☆☆☆☆,0.0,0.0,3.3,0.0,6.7,0.0,1.2,-3.0,,,0.0,33.3,4.4,19.9,669,734.0,7.5,1.0,315,買い出来高優勢 / MA上昇配列 / 伸びすぎ注意(25MA+20%) / 開示[業績予想の修正](11日前) / 開示[自己株式取得](11日前)
7014,名村造船所,輸送用機器,8.2,★☆☆☆☆,0.0,0.0,4.0,0.0,4.2,0.0,0.0,0.0,,,0.0,4.9,6.3,3.1,3861,4420.0,-0.8,1.5,6819,MA上昇配列
7864,フジシールインターナショナル,その他製品,8.2,★☆☆☆☆,0.0,0.0,0.0,0.0,8.2,0.0,0.0,0.0,,,0.0,9.2,2.3,4.4,3127,3280.0,-0.9,0.6,456,MA上昇配列 / パーフェクトオーダー
7867,タカラトミー,その他製品,8.2,★☆☆☆☆,0.0,0.0,2.0,0.0,6.2,0.0,0.0,0.0,,,0.0,6.4,3.4,1.6,3395,3641.0,1.2,0.7,2311,MA上昇配列 / パーフェクトオーダー
3853,アステリア,情報・通信業,8.1,★☆☆☆☆,0.0,0.0,2.0,0.0,5.0,0.0,1.1,0.0,,,0.0,3.1,4.8,3.6,1028,1138.0,-3.1,0.6,431,開示[上方修正](10日前)
5288,アジアパイルホールディングス,ガラス・土石製品,8.0,★☆☆☆☆,0.0,0.0,1.0,0.0,7.0,0.0,0.0,0.0,,,0.0,3.8,2.6,3.4,1493,1574.0,2.1,0.7,293,-
6522,アスタリスク,電気機器,8.0,★☆☆☆☆,0.0,0.0,1.0,0.0,10.0,0.0,0.0,-3.0,,,0.0,23.8,9.8,16.9,1616,2008.0,-7.3,0.3,3142,MA上昇配列 / パーフェクトオーダー / 伸びすぎ注意(25MA+17%)
2986,ＬＡホールディングス,不動産業,8.0,★☆☆☆☆,0.0,0.0,2.0,0.0,6.0,0.0,0.0,0.0,,,0.0,3.9,2.7,3.0,2672,2823.0,-0.1,0.4,542,-
7911,ＴＯＰＰＡＮホールディングス,その他製品,8.0,★☆☆☆☆,0.0,0.0,1.0,0.0,7.0,0.0,0.0,0.0,,,0.0,4.5,4.4,6.5,4675,5123.0,-3.0,0.6,9820,-
8803,平和不動産,不動産業,8.0,★☆☆☆☆,0.0,0.0,0.0,0.0,8.0,0.0,0.0,0.0,,,0.0,2.1,1.2,1.6,2332,2390.0,1.4,0.7,439,-
290A,Ｓｙｎｓｐｅｃｔｉｖｅ,情報・通信業,8.0,★☆☆☆☆,0.0,0.0,2.0,0.0,6.0,0.0,0.0,0.0,,,0.0,12.5,5.3,6.1,1200,1342.0,-6.0,0.7,2035,-
6882,三社電機製作所,電気機器,8.0,★☆☆☆☆,0.0,0.0,2.0,0.0,6.0,0.0,0.0,0.0,,,0.0,1.6,4.4,1.0,1070,1174.0,-3.9,0.4,107,-
2914,日本たばこ産業,食料品,8.0,★☆☆☆☆,0.0,0.0,1.0,0.0,7.0,0.0,0.0,0.0,,,0.0,10.2,2.3,2.7,6659,6980.0,-2.1,0.5,31683,MA上昇配列 / パーフェクトオーダー
6027,弁護士ドットコム,サービス業,8.0,★☆☆☆☆,0.0,0.0,6.3,0.0,6.7,0.0,0.0,-5.0,,,0.0,101.0,7.1,61.4,3844,4475.0,19.3,1.4,1199,買い出来高優勢 / 資金流入増 / MA上昇配列 / 過熱⚠25MA+61%
5032,ＡＮＹＣＯＬＯＲ,情報・通信業,8.0,★☆☆☆☆,0.0,0.0,0.0,0.0,8.0,0.0,0.0,0.0,,,0.0,16.0,2.8,6.3,2674,2830.0,0.0,0.7,1423,MA上昇配列
2325,ＮＪＳ,サービス業,8.0,★☆☆☆☆,0.0,0.0,2.0,0.0,6.0,0.0,0.0,0.0,,,0.0,11.1,2.7,6.9,4560,4825.0,1.6,0.9,155,-
6277,ホソカワミクロン,機械,8.0,★☆☆☆☆,0.0,0.0,2.0,0.0,6.0,0.0,0.0,0.0,,,0.0,8.3,3.3,4.6,4954,5300.0,1.1,1.4,198,-
7779,ＣＹＢＥＲＤＹＮＥ,精密機器,8.0,★☆☆☆☆,0.0,0.0,2.0,0.0,6.0,0.0,0.0,0.0,,,0.0,4.1,4.0,2.4,216,235.0,-8.2,0.6,287,-
4552,ＪＣＲファーマ,医薬品,8.0,★☆☆☆☆,0.0,0.0,0.0,0.0,8.0,0.0,0.0,0.0,,,0.0,2.1,3.5,3.4,492,529.0,0.6,0.7,335,MA上昇配列
3558,ジェイドグループ,小売業,8.0,★☆☆☆☆,0.0,0.0,2.0,0.0,6.0,0.0,0.0,0.0,,,0.0,9.7,2.3,7.9,1744,1828.0,3.9,1.0,151,-
5724,アサカ理研,非鉄金属,8.0,★☆☆☆☆,0.0,0.0,2.0,0.0,6.0,0.0,0.0,0.0,,,0.0,18.9,6.4,12.4,2472,2834.0,-5.5,0.6,231,-
4559,ゼリア新薬工業,医薬品,8.0,★☆☆☆☆,0.0,0.0,1.0,0.0,7.0,0.0,0.0,0.0,,,0.0,3.7,1.7,2.8,2078,2153.0,2.0,0.6,218,-
135A,ＶＲＡＩＮ　Ｓｏｌｕｔｉｏｎ,情報・通信業,8.0,★☆☆☆☆,0.0,0.0,3.3,0.0,4.7,0.0,0.0,0.0,,,0.0,18.1,4.4,13.0,4007,4390.0,6.6,1.0,211,買い出来高優勢
3168,ＭＥＲＦ,卸売業,8.0,★☆☆☆☆,0.0,0.0,2.0,0.0,6.0,0.0,0.0,0.0,,,0.0,16.8,6.5,6.0,1253,1442.0,-3.9,0.7,141,-
5202,日本板硝子,ガラス・土石製品,8.0,★☆☆☆☆,0.0,0.0,0.0,0.0,8.0,0.0,0.0,0.0,,,0.0,0.8,0.3,0.3,481,484.0,0.2,0.5,423,MA上昇配列
8081,カナデン,卸売業,8.0,★☆☆☆☆,0.0,0.0,1.0,0.0,7.0,0.0,0.0,0.0,,,0.0,0.5,3.1,2.2,2368,2525.0,0.2,0.6,172,-
8061,西華産業,卸売業,8.0,★☆☆☆☆,0.0,0.0,1.0,0.0,7.0,0.0,0.0,0.0,,,0.0,9.6,5.1,4.9,2659,2960.0,-4.1,0.7,629,-
6289,技研製作所,機械,8.0,★☆☆☆☆,0.0,0.0,0.0,0.0,8.0,0.0,0.0,0.0,,,0.0,6.2,1.9,2.5,1876,1950.0,0.3,0.9,122,MA上昇配列
4064,日本カーバイド工業,化学,8.0,★☆☆☆☆,0.0,0.0,1.0,0.0,7.0,0.0,0.0,0.0,,,0.0,2.6,4.2,2.1,3116,3400.0,0.4,0.5,294,-
4894,クオリプス,医薬品,8.0,★☆☆☆☆,0.0,0.0,0.0,0.0,8.0,0.0,0.0,0.0,,,0.0,6.9,6.0,8.7,4572,5190.0,-3.9,0.6,641,MA上昇配列
8303,ＳＢＩ新生銀行,銀行業,8.0,★☆☆☆☆,0.0,0.0,1.0,0.0,7.0,0.0,0.0,0.0,,,0.0,8.7,3.0,4.1,1474,1567.0,-1.8,0.5,6512,MA上昇配列
5946,長府製作所,金属製品,8.0,★☆☆☆☆,0.0,0.0,2.0,0.0,6.0,0.0,0.0,0.0,,,0.0,0.3,2.0,0.1,1986,2067.0,0.5,0.8,134,MA上昇配列 / パーフェクトオーダー
6474,不二越,機械,8.0,★☆☆☆☆,0.0,0.0,2.0,0.0,6.0,0.0,0.0,0.0,,,0.0,-0.1,4.2,1.3,5259,5740.0,-1.2,1.4,713,-
2811,カゴメ,食料品,8.0,★☆☆☆☆,0.0,0.0,0.0,0.0,8.0,0.0,0.0,0.0,,,0.0,1.5,1.8,0.7,2606,2701.0,1.3,0.6,1037,MA上昇配列
5711,三菱マテリアル,非鉄金属,8.0,★☆☆☆☆,0.0,0.0,6.3,0.0,6.7,0.0,0.0,-5.0,,,0.0,30.2,5.3,21.0,4980,5565.0,7.6,2.4,10388,出来高増2.4倍 / 過熱⚠25MA+21%
6245,ヒラノテクシード,機械,8.0,★☆☆☆☆,0.0,0.0,2.0,0.0,6.0,0.0,0.0,0.0,,,0.0,6.0,3.6,3.8,1613,1739.0,-7.0,0.4,161,-
7965,象印マホービン,電気機器,8.0,★☆☆☆☆,0.0,0.0,2.0,0.0,6.0,0.0,0.0,0.0,,,0.0,6.3,1.6,2.7,1426,1474.0,0.2,0.8,234,-
4344,ソースネクスト,情報・通信業,8.0,★☆☆☆☆,0.0,0.0,2.0,0.0,6.0,0.0,0.0,0.0,,,0.0,7.2,3.5,3.1,106,114.0,1.8,1.7,108,-
7564,ワークマン,小売業,8.0,★☆☆☆☆,0.0,0.0,2.0,0.0,6.0,0.0,0.0,0.0,,,0.0,7.1,3.3,0.5,5629,6030.0,-2.0,1.2,2797,-
4694,ビー・エム・エル,サービス業,8.0,★☆☆☆☆,0.0,0.0,2.0,0.0,6.0,0.0,0.0,0.0,,,0.0,3.0,1.9,1.1,3489,3625.0,1.1,0.7,263,-
9501,東京電力ホールディングス,電気・ガス業,8.0,★☆☆☆☆,0.0,0.0,2.0,0.0,6.0,0.0,0.0,0.0,,,0.0,6.9,3.9,5.5,506,549.2999877929688,6.3,1.3,19349,-
6226,守谷輸送機工業,機械,8.0,★☆☆☆☆,0.0,0.0,1.0,0.0,7.0,0.0,0.0,0.0,,,0.0,-3.0,5.4,4.2,2155,2415.0,18.3,0.9,630,MA上昇配列
4112,保土谷化学工業,化学,8.0,★☆☆☆☆,0.0,0.0,2.0,0.0,6.0,0.0,0.0,0.0,,,0.0,9.0,3.6,5.9,2108,2271.0,-2.4,0.6,109,-
1964,中外炉工業,建設業,8.0,★☆☆☆☆,0.0,0.0,1.0,0.0,7.0,0.0,0.0,0.0,,,0.0,-0.8,2.4,1.4,3864,4055.0,-3.5,0.4,246,-
7931,未来工業,化学,8.0,★☆☆☆☆,0.0,0.0,0.0,0.0,8.0,0.0,0.0,0.0,,,0.0,6.2,3.3,6.7,3452,3700.0,2.8,0.5,129,MA上昇配列
5019,出光興産,石油・石炭製品,8.0,★☆☆☆☆,0.0,0.0,1.0,0.0,7.0,0.0,0.0,0.0,,,0.0,5.0,2.9,6.0,1304,1383.5,5.9,1.1,5132,-
5885,ジーデップ・アドバンス,卸売業,8.0,★☆☆☆☆,0.0,0.0,2.0,0.0,6.0,0.0,0.0,0.0,,,0.0,15.9,4.3,11.5,2897,3170.0,-3.5,1.0,127,-
3844,コムチュア,情報・通信業,7.9,★☆☆☆☆,0.0,0.0,3.0,0.0,4.2,0.0,0.7,0.0,,,0.0,5.4,2.9,0.8,1329,1410.0,-4.2,0.7,385,MA上昇配列 / 開示[業績予想の修正](10日前)
7033,マネジメントソリューションズ,サービス業,7.800000000000001,★☆☆☆☆,0.0,0.0,3.3,0.0,7.5,0.0,0.0,-3.0,,,0.0,25.2,3.3,16.6,1594,1707.0,12.3,0.9,182,買い出来高優勢 / MA上昇配列 / パーフェクトオーダー / RSI過熱(85)⚠ / 伸びすぎ注意(25MA+17%)
4052,フィーチャ,情報・通信業,7.800000000000001,★☆☆☆☆,0.0,0.0,5.3,0.0,7.5,0.0,0.0,-5.0,,,0.0,61.5,17.9,23.6,341,531.0,-15.6,0.2,433,買い出来高優勢 / 資金流入増 / MA上昇配列 / パーフェクトオーダー / 過熱⚠25MA+24%
7456,松田産業,卸売業,7.7,★☆☆☆☆,0.0,0.0,3.0,0.0,4.7,0.0,0.0,0.0,,,0.0,21.6,5.2,13.7,6089,6800.0,-2.3,0.8,908,-
3088,マツキヨココカラ＆カンパニー,小売業,7.7,★☆☆☆☆,0.0,0.0,1.0,0.0,6.7,0.0,0.0,0.0,,,0.0,5.9,2.2,2.4,2459,2572.5,2.2,0.9,4035,MA上昇配列
9305,ヤマタネ,卸売業,7.7,★☆☆☆☆,0.0,0.0,1.0,0.0,6.7,0.0,0.0,0.0,,,0.0,1.4,2.2,1.8,2036,2131.0,1.4,1.1,158,MA上昇配列
4477,ＢＡＳＥ,情報・通信業,7.7,★☆☆☆☆,0.0,0.0,1.0,0.0,6.7,0.0,0.0,0.0,,,0.0,5.0,3.0,3.8,293,312.0,7.6,0.9,228,MA上昇配列
9279,ギフトホールディングス,小売業,7.7,★☆☆☆☆,0.0,0.0,2.0,0.0,3.2,0.0,2.5,0.0,,,0.0,7.5,3.8,-0.1,4716,5100.0,-4.0,0.9,475,開示[業績予想の修正](0日前)
7994,オカムラ,その他製品,7.7,★☆☆☆☆,0.0,0.0,0.0,0.0,7.7,0.0,0.0,0.0,,,0.0,2.6,1.6,0.9,2264,2339.0,-0.8,0.4,679,MA上昇配列
9832,オートバックスセブン,卸売業,7.7,★☆☆☆☆,0.0,0.0,0.0,0.0,7.7,0.0,0.0,0.0,,,0.0,3.7,1.4,1.8,1512,1554.0,1.2,0.5,334,MA上昇配列
3289,東急不動産ホールディングス,不動産業,7.7,★☆☆☆☆,0.0,0.0,0.0,0.0,7.7,0.0,0.0,0.0,,,0.0,0.9,1.7,1.3,1302,1347.5,2.0,1.0,3850,MA上昇配列
3765,ガンホー・オンライン・エンターテイメント,情報・通信業,7.7,★☆☆☆☆,0.0,0.0,1.0,0.0,6.7,0.0,0.0,0.0,,,0.0,6.9,2.5,2.2,2332,2455.0,0.3,0.8,629,MA上昇配列
2157,コシダカホールディングス,サービス業,7.7,★☆☆☆☆,0.0,0.0,1.0,0.0,6.7,0.0,0.0,0.0,,,0.0,1.5,1.7,1.1,1018,1055.0,1.7,0.6,710,MA上昇配列
6727,ワコム,電気機器,7.7,★☆☆☆☆,0.0,0.0,2.0,0.0,5.7,0.0,0.0,0.0,,,0.0,5.6,2.9,1.3,747,794.0,-4.1,0.3,634,-
9404,日本テレビホールディングス,情報・通信業,7.7,★☆☆☆☆,0.0,0.0,1.0,0.0,6.7,0.0,0.0,0.0,,,0.0,5.4,2.6,1.7,2803,2954.5,1.7,0.6,1425,MA上昇配列
6420,ガリレイホールディングス,機械,7.5,★☆☆☆☆,0.0,0.0,0.0,0.0,7.5,0.0,0.0,0.0,,,0.0,8.4,2.1,3.5,3389,3540.0,0.7,0.7,203,MA上昇配列
4687,ＴＤＣソフト,情報・通信業,7.5,★☆☆☆☆,0.0,0.0,2.0,0.0,5.5,0.0,0.0,0.0,,,0.0,5.3,4.0,0.6,940,1022.0,-1.4,0.7,125,MA上昇配列
4483,ＪＭＤＣ,情報・通信業,7.5,★☆☆☆☆,0.0,0.0,2.0,0.0,5.5,0.0,0.0,0.0,,,0.0,4.2,4.9,2.2,3033,3365.0,-3.0,0.7,1238,MA上昇配列
3498,霞ヶ関キャピタル,不動産業,7.5,★☆☆☆☆,0.0,0.0,2.0,0.0,5.5,0.0,0.0,0.0,,,0.0,15.0,3.8,4.3,7269,7860.0,-3.3,0.4,3148,MA上昇配列
6814,古野電気,電気機器,7.5,★☆☆☆☆,0.0,0.0,2.0,0.0,5.5,0.0,0.0,0.0,,,0.0,3.7,4.4,0.6,6900,7570.0,-3.9,0.8,2815,MA上昇配列
6701,日本電気,電気機器,7.5,★☆☆☆☆,0.0,0.0,3.3,0.0,4.2,0.0,0.0,0.0,,,0.0,10.4,4.1,0.1,4272,4656.0,-9.9,0.9,36676,買い出来高優勢 / MA上昇配列
6637,寺崎電気産業,電気機器,7.5,★☆☆☆☆,0.0,0.0,2.0,0.0,5.5,0.0,0.0,0.0,,,0.0,7.9,4.3,4.0,3853,4215.0,-2.1,0.6,224,MA上昇配列
5451,ヨドコウ,鉄鋼,7.5,★☆☆☆☆,0.0,0.0,1.0,0.0,6.5,0.0,0.0,0.0,,,0.0,4.6,2.1,1.0,1353,1411.0,-1.8,0.6,400,MA上昇配列
8052,椿本興業,卸売業,7.5,★☆☆☆☆,0.0,0.0,0.0,0.0,7.5,0.0,0.0,0.0,,,0.0,-1.7,2.0,0.4,2694,2807.0,0.5,0.8,115,MA上昇配列
7279,ハイレックスコーポレーション,輸送用機器,7.5,★☆☆☆☆,0.0,0.0,2.0,0.0,5.5,0.0,0.0,0.0,,,0.0,14.6,3.5,6.3,2361,2538.0,-0.7,0.5,232,MA上昇配列
8001,伊藤忠商事,卸売業,7.5,★☆☆☆☆,0.0,0.0,0.0,0.0,7.5,0.0,0.0,0.0,,,0.0,6.1,2.7,3.6,1969,2080.0,0.8,1.1,27416,MA上昇配列
9887,松屋フーズホールディングス,小売業,7.5,★☆☆☆☆,0.0,0.0,2.0,0.0,5.5,0.0,0.0,0.0,,,0.0,6.4,2.4,2.7,4889,5130.0,1.0,1.2,416,MA上昇配列
8572,アコム,その他金融業,7.5,★☆☆☆☆,0.0,0.0,0.0,0.0,7.5,0.0,0.0,0.0,,,0.0,0.5,1.5,1.0,475,488.79998779296875,1.1,0.8,674,MA上昇配列
7383,ネットプロテクションズホールディングス,その他金融業,7.5,★☆☆☆☆,0.0,0.0,2.0,0.0,5.5,0.0,0.0,0.0,,,0.0,10.8,4.8,4.8,411,455.0,-1.3,1.7,395,MA上昇配列
590A,ギフティグループ,情報・通信業,7.4,★☆☆☆☆,0.0,0.0,4.3,0.0,6.7,0.0,1.4,-5.0,,,0.0,39.4,4.5,24.4,1268,1393.0,17.3,1.2,382,買い出来高優勢 / MA上昇配列 / 過熱⚠25MA+24% / 開示[子会社化](10日前) / 開示[自己株式取得](10日前)
150A,ＪＳＨ,サービス業,7.299999999999999,★☆☆☆☆,0.0,0.0,3.0,0.0,8.7,0.0,0.6,-5.0,,,0.0,14.3,8.6,32.2,618,746.0,20.5,0.8,472,資金流入増 / MA上昇配列 / パーフェクトオーダー / 過熱⚠25MA+32% / 開示[自己株式取得](11日前)
8113,ユニ・チャーム,化学,7.2,★☆☆☆☆,0.0,0.0,1.0,0.0,6.2,0.0,0.0,0.0,,,0.0,5.4,2.7,1.2,949,1003.5,1.6,0.5,5548,MA上昇配列 / パーフェクトオーダー
4612,日本ペイントホールディングス,化学,7.2,★☆☆☆☆,0.0,0.0,0.0,0.0,7.2,0.0,0.0,0.0,,,0.0,6.4,3.1,0.5,1126,1201.0,-3.0,0.6,5584,MA上昇配列 / パーフェクトオーダー
3561,力の源ホールディングス,小売業,7.2,★☆☆☆☆,0.0,0.0,1.0,0.0,6.2,0.0,0.0,0.0,,,0.0,4.2,2.0,1.0,1569,1633.0,2.8,0.5,106,MA上昇配列 / パーフェクトオーダー
6465,ホシザキ,機械,7.2,★☆☆☆☆,0.0,0.0,0.0,0.0,7.2,0.0,0.0,0.0,,,0.0,5.6,2.5,0.8,5382,5662.0,-2.2,0.5,2484,MA上昇配列 / パーフェクトオーダー
8179,ロイヤルホールディングス,小売業,7.2,★☆☆☆☆,0.0,0.0,2.0,0.0,5.2,0.0,0.0,0.0,,,0.0,8.1,2.2,2.2,1278,1338.0,2.8,0.7,490,MA上昇配列
5726,大阪チタニウムテクノロジーズ,非鉄金属,7.2,★☆☆☆☆,0.0,0.0,1.0,0.0,6.2,0.0,0.0,0.0,,,0.0,6.4,6.8,3.5,2524,2924.0,-2.0,0.7,2019,MA上昇配列 / パーフェクトオーダー
8200,リンガーハット,小売業,7.2,★☆☆☆☆,0.0,0.0,1.0,0.0,6.2,0.0,0.0,0.0,,,0.0,5.1,1.8,1.6,2267,2351.0,2.7,0.9,279,MA上昇配列
3086,Ｊ．フロント　リテイリング,小売業,7.2,★☆☆☆☆,0.0,0.0,0.0,0.0,7.2,0.0,0.0,0.0,,,0.0,3.2,2.3,0.6,2881,3023.0,3.7,1.2,3008,MA上昇配列 / パーフェクトオーダー
9010,富士急行,陸運業,7.2,★☆☆☆☆,0.0,0.0,1.0,0.0,6.2,0.0,0.0,0.0,,,0.0,4.1,2.5,0.7,2602,2739.0,-0.3,0.7,434,MA上昇配列 / パーフェクトオーダー
5574,ＡＢＥＪＡ,情報・通信業,7.2,★☆☆☆☆,0.0,0.0,3.0,0.0,4.2,0.0,0.0,0.0,,,0.0,15.5,5.7,3.3,2434,2746.0,-9.4,0.7,410,MA上昇配列
7421,カッパ・クリエイト,小売業,7.2,★☆☆☆☆,0.0,0.0,2.0,0.0,5.2,0.0,0.0,0.0,,,0.0,6.3,2.1,2.2,1540,1609.0,2.5,0.5,167,MA上昇配列
6752,パナソニック　ホールディングス,電気機器,7.2,★☆☆☆☆,0.0,0.0,0.0,0.0,7.2,0.0,0.0,0.0,,,0.0,7.8,4.8,1.9,3894,4303.0,-8.9,0.9,40578,MA上昇配列 / パーフェクトオーダー
5659,日本精線,鉄鋼,7.0,★☆☆☆☆,0.0,0.0,1.0,0.0,6.0,0.0,0.0,0.0,,,0.0,-6.7,2.4,0.1,1328,1396.0,-1.6,0.4,154,-
2931,ユーグレナ,食料品,7.0,★☆☆☆☆,0.0,0.0,1.0,0.0,6.0,0.0,0.0,0.0,,,0.0,6.5,2.8,3.9,340,360.0,1.1,0.8,305,-
9552,クオンツ総研ホールディングス,サービス業,7.0,★☆☆☆☆,0.0,0.0,3.3,0.0,6.7,0.0,0.0,-3.0,,,0.0,24.6,4.9,15.8,992,1101.0,10.4,2.5,353,出来高増2.5倍 / MA上昇配列 / 伸びすぎ注意(25MA+16%)
402A,アクセルスペースホールディングス,輸送用機器,7.0,★☆☆☆☆,0.0,0.0,1.0,0.0,6.0,0.0,0.0,0.0,,,0.0,5.6,4.6,2.9,462,508.0,-6.6,0.9,666,-
9880,イノテック,電気機器,7.0,★☆☆☆☆,0.0,0.0,1.0,0.0,6.0,0.0,0.0,0.0,,,0.0,6.7,5.4,3.2,3206,3595.0,-3.6,0.8,666,開示[業績予想の修正](14日前)
5331,ノリタケ,ガラス・土石製品,7.0,★☆☆☆☆,0.0,0.0,1.0,0.0,6.0,0.0,0.0,0.0,,,0.0,2.7,4.8,1.3,3249,3595.0,-7.1,0.5,1209,-
3741,セック,情報・通信業,7.0,★☆☆☆☆,0.0,0.0,1.0,0.0,6.0,0.0,0.0,0.0,,,0.0,8.6,3.5,4.6,2988,3210.0,-2.1,0.6,268,-
3186,ネクステージ,小売業,7.0,★☆☆☆☆,0.0,0.0,1.0,0.0,6.0,0.0,0.0,0.0,,,0.0,2.5,3.3,1.0,3281,3515.0,-2.6,0.6,1539,-
1887,日本国土開発,建設業,7.0,★☆☆☆☆,0.0,0.0,1.0,0.0,6.0,0.0,0.0,0.0,,,0.0,7.0,1.6,4.6,530,548.0,2.6,0.6,203,-
3687,フィックスターズ,情報・通信業,7.0,★☆☆☆☆,0.0,0.0,2.0,0.0,5.0,0.0,0.0,0.0,,,0.0,2.0,4.8,0.2,1970,2181.0,-4.6,0.5,1344,-
9211,エフ・コード,サービス業,7.0,★☆☆☆☆,0.0,0.0,1.0,0.0,6.0,0.0,0.0,0.0,,,0.0,10.5,5.5,5.2,1340,1505.0,-5.0,0.9,248,-
5714,ＤＯＷＡホールディングス,非鉄金属,7.0,★☆☆☆☆,0.0,0.0,4.3,0.0,5.7,0.0,0.0,-3.0,,,0.0,19.1,3.9,15.1,9323,10120.0,6.8,1.1,5830,買い出来高優勢 / 伸びすぎ注意(25MA+15%)
1930,北陸電気工事,建設業,7.0,★☆☆☆☆,0.0,0.0,2.0,0.0,5.0,0.0,0.0,0.0,,,0.0,-4.8,2.4,-0.4,1452,1524.0,0.1,0.3,210,資金流入増
2802,味の素,食料品,7.0,★☆☆☆☆,0.0,0.0,0.0,0.0,7.0,0.0,0.0,0.0,,,0.0,6.4,4.2,3.3,4940,5396.0,-3.1,0.7,21725,-
4534,持田製薬,医薬品,7.0,★☆☆☆☆,0.0,0.0,0.0,0.0,7.0,0.0,0.0,0.0,,,0.0,5.1,2.0,2.4,3126,3260.0,0.3,0.7,202,-
4506,住友ファーマ,医薬品,7.0,★☆☆☆☆,0.0,0.0,1.0,0.0,6.0,0.0,0.0,0.0,,,0.0,10.4,4.0,7.3,1298,1411.5,2.9,0.9,5191,-
9828,Ｇｅｎｋｉ　Ｇｌｏｂａｌ　Ｄｉｎｉｎｇ　Ｃｏｎｃｅｐｔｓ,小売業,7.0,★☆☆☆☆,0.0,0.0,2.0,0.0,5.0,0.0,0.0,0.0,,,0.0,2.9,2.9,1.1,3213,3410.0,2.6,0.8,261,MA上昇配列 / パーフェクトオーダー
5013,ユシロ,石油・石炭製品,7.0,★☆☆☆☆,0.0,0.0,0.0,0.0,7.0,0.0,0.0,0.0,,,0.0,3.3,3.2,1.9,2844,3040.0,-0.3,0.4,133,-
3907,シリコンスタジオ,情報・通信業,7.0,★☆☆☆☆,0.0,0.0,2.0,0.0,10.0,0.0,0.0,-5.0,,,0.0,66.3,13.7,36.2,1267,1746.0,9.5,0.4,2119,資金流入増 / MA上昇配列 / パーフェクトオーダー / 過熱⚠25MA+36%
4593,ヘリオス,医薬品,7.0,★☆☆☆☆,0.0,0.0,1.0,0.0,6.0,0.0,0.0,0.0,,,0.0,6.9,6.2,7.1,236,270.0,-0.7,1.5,526,-
9533,東邦瓦斯,電気・ガス業,7.0,★☆☆☆☆,0.0,0.0,1.0,0.0,6.0,0.0,0.0,0.0,,,0.0,0.7,1.9,3.0,1168,1215.0,3.4,0.8,1150,-
7777,スリー・ディー・マトリックス,精密機器,7.0,★☆☆☆☆,0.0,0.0,1.0,0.0,6.0,0.0,0.0,0.0,,,0.0,2.0,4.0,2.9,330,359.0,-3.2,0.8,544,-
7012,川崎重工業,輸送用機器,7.0,★☆☆☆☆,0.0,6.0,1.0,0.0,0.0,0.0,0.0,0.0,,,0.0,-5.8,4.5,-5.3,2370,2603.5,-8.6,1.2,32054,防衛(-9.3%)
6962,大真空,電気機器,7.0,★☆☆☆☆,0.0,0.0,2.0,0.0,5.0,0.0,0.0,0.0,,,0.0,2.3,4.8,2.1,710,785.0,-3.4,0.5,325,-
1944,きんでん,建設業,7.0,★☆☆☆☆,0.0,6.0,1.0,0.0,0.0,0.0,0.0,0.0,,,0.0,-9.0,3.3,-6.0,6250,6686.0,-3.3,0.4,7889,AIデータセンター・電力(-6.0%)
6905,コーセル,電気機器,7.0,★☆☆☆☆,0.0,0.0,2.0,0.0,5.0,0.0,0.0,0.0,,,0.0,2.9,3.2,0.9,1235,1319.0,-5.6,0.7,243,-
3854,アイル,情報・通信業,7.0,★☆☆☆☆,0.0,0.0,1.0,0.0,6.0,0.0,0.0,0.0,,,0.0,11.7,2.6,7.3,2348,2477.0,1.6,1.0,271,-
7860,エイベックス,情報・通信業,7.0,★☆☆☆☆,0.0,0.0,2.0,0.0,5.0,0.0,0.0,0.0,,,0.0,1.4,2.2,0.3,1220,1276.0,2.7,0.6,240,MA上昇配列 / パーフェクトオーダー
5027,ＡｎｙＭｉｎｄ　Ｇｒｏｕｐ,情報・通信業,7.0,★☆☆☆☆,0.0,0.0,5.3,0.0,6.7,0.0,0.0,-5.0,,,0.0,49.6,5.1,33.4,722,803.0,28.9,1.0,288,買い出来高優勢 / 資金流入増 / MA上昇配列 / 過熱⚠25MA+33%
1662,石油資源開発,鉱業,7.0,★☆☆☆☆,0.0,0.0,1.0,0.0,6.0,0.0,0.0,0.0,,,0.0,6.7,3.0,6.3,1765,1877.0,3.1,0.7,2526,-
6823,リオン,電気機器,7.0,★☆☆☆☆,0.0,0.0,2.0,0.0,5.0,0.0,0.0,0.0,,,0.0,0.8,2.5,-1.0,3214,3385.0,-5.2,0.7,230,-
3936,グローバルウェイ,情報・通信業,7.0,★☆☆☆☆,0.0,0.0,1.0,0.0,6.0,0.0,0.0,0.0,,,0.0,3.8,6.8,1.4,139,161.0,-1.8,0.8,124,-
3915,テラスカイ,情報・通信業,7.0,★☆☆☆☆,0.0,0.0,1.0,0.0,6.0,0.0,0.0,0.0,,,0.0,11.2,4.7,6.1,2125,2347.0,-3.2,0.4,273,-
7794,イーディーピー,その他製品,7.0,★☆☆☆☆,0.0,0.0,2.0,0.0,5.0,0.0,0.0,0.0,,,0.0,-1.2,4.7,2.7,847,935.0,-1.2,0.6,328,-
7818,トランザクション,その他製品,7.0,★☆☆☆☆,0.0,0.0,1.0,0.0,6.0,0.0,0.0,0.0,,,0.0,4.0,2.2,3.5,1202,1259.0,4.9,1.1,313,-
4480,メドレー,情報・通信業,7.0,★☆☆☆☆,0.0,0.0,5.3,0.0,6.7,0.0,0.0,-5.0,,,0.0,43.1,5.0,26.8,2579,2863.0,6.9,0.8,936,買い出来高優勢 / 資金流入増 / MA上昇配列 / 過熱⚠25MA+27%
7731,ニコン,精密機器,7.0,★☆☆☆☆,0.0,0.0,2.0,0.0,5.0,0.0,0.0,0.0,,,0.0,-9.0,3.6,-1.6,1863,2008.0,-1.8,0.9,3793,-
186A,アストロスケールホールディングス,サービス業,7.0,★☆☆☆☆,0.0,0.0,1.0,0.0,6.0,0.0,0.0,0.0,,,0.0,17.7,6.3,8.1,1067,1219.0,-8.6,0.9,5012,-
6203,豊和工業,機械,7.0,★☆☆☆☆,0.0,0.0,2.0,0.0,5.0,0.0,0.0,0.0,,,0.0,0.9,4.2,0.1,1324,1446.0,-4.0,0.6,323,-
6072,地盤ネットホールディングス,サービス業,7.0,★☆☆☆☆,0.0,0.0,1.0,0.0,6.0,0.0,0.0,0.0,,,0.0,24.2,6.9,14.5,974,1131.0,-0.3,0.7,665,-
5713,住友金属鉱山,非鉄金属,7.0,★☆☆☆☆,3.3,0.0,3.0,0.0,5.7,0.0,0.0,-5.0,,Albemarle,-6.8,36.8,5.5,25.1,9570,10760.0,12.3,0.9,36212,Albemarle+5.4%連動(β0.25) / 過熱⚠25MA+25% / 開示[業績予想の修正](14日前)
219A,Ｈｅａｒｔｓｅｅｄ,医薬品,7.0,★☆☆☆☆,0.0,0.0,5.3,0.0,6.7,0.0,0.0,-5.0,,,0.0,29.4,5.1,23.6,2001,2229.0,14.9,2.1,574,出来高増2.1倍 / MA上昇配列 / 過熱⚠25MA+24%
7716,ナカニシ,精密機器,6.9,★☆☆☆☆,0.0,0.0,3.0,0.0,2.2,0.0,1.7,0.0,,,0.0,-0.0,3.9,-3.0,2796,3030.0,-7.6,0.7,915,開示[自己株式の取得](6日前)
4320,ＣＥホールディングス,情報・通信業,6.7,★☆☆☆☆,0.0,0.0,2.0,0.0,4.7,0.0,0.0,0.0,,,0.0,-3.1,1.5,-1.0,1626,1675.0,1.6,0.6,266,資金流入増
9369,キユーソー流通システム,倉庫・運輸関連業,6.7,★☆☆☆☆,0.0,0.0,1.0,0.0,5.7,0.0,0.0,0.0,,,0.0,8.1,2.8,5.5,2976,3155.0,4.0,0.6,135,開示[子会社化](14日前)
4587,ペプチドリーム,医薬品,6.7,★☆☆☆☆,0.0,0.0,2.0,0.0,4.7,0.0,0.0,0.0,,,0.0,17.6,4.2,13.0,1021,1114.5,8.0,1.0,1117,-
367A,プリモグローバルホールディングス,小売業,6.7,★☆☆☆☆,0.0,0.0,0.0,0.0,6.7,0.0,0.0,0.0,,,0.0,5.7,2.2,1.3,2658,2781.0,-2.1,1.0,166,-
3028,アルペン,小売業,6.7,★☆☆☆☆,0.0,0.0,0.0,0.0,6.7,0.0,0.0,0.0,,,0.0,10.1,2.1,4.8,2277,2376.0,0.8,0.6,283,MA上昇配列
4183,三井化学,化学,6.7,★☆☆☆☆,0.0,0.0,3.3,0.0,2.2,0.0,1.2,0.0,,,0.0,-2.4,3.1,-0.9,2011,2143.0,-4.0,0.8,4815,買い出来高優勢 / 開示[買収](7日前)
8892,エスコン,不動産業,6.7,★☆☆☆☆,0.0,0.0,0.0,0.0,6.7,0.0,0.0,0.0,,,0.0,4.1,1.6,3.7,1104,1140.0,2.6,0.9,235,-
1938,日本リーテック,建設業,6.7,★☆☆☆☆,0.0,0.0,3.0,0.0,3.7,0.0,0.0,0.0,,,0.0,-1.5,3.1,0.1,2312,2463.0,0.9,1.2,304,-
2791,大黒天物産,小売業,6.7,★☆☆☆☆,0.0,0.0,0.0,0.0,6.7,0.0,0.0,0.0,,,0.0,2.2,2.5,0.6,4319,4545.0,0.1,0.7,253,MA上昇配列
3116,トヨタ紡織,輸送用機器,6.7,★☆☆☆☆,0.0,0.0,0.0,0.0,6.7,0.0,0.0,0.0,,,0.0,0.3,2.3,0.4,2154,2260.0,0.8,0.8,1883,MA上昇配列
4403,日油,化学,6.7,★☆☆☆☆,0.0,0.0,1.0,0.0,5.7,0.0,0.0,0.0,,,0.0,1.5,3.0,0.9,2613,2782.0,1.9,1.3,2276,-
6085,アーキテクツ・スタジオ・ジャパン,サービス業,6.699999999999999,★☆☆☆☆,0.0,0.0,6.7,0.0,5.0,0.0,0.0,-5.0,,,0.0,3.1,9.8,21.6,98,122.0,58.4,5.8,454,出来高急増5.8倍 / 過熱⚠25MA+22%
3452,ビーロット,不動産業,6.5,★☆☆☆☆,0.0,0.0,0.0,0.0,6.5,0.0,0.0,0.0,,,0.0,1.6,1.9,0.4,1426,1482.0,-2.5,0.7,106,MA上昇配列
8053,住友商事,卸売業,6.5,★☆☆☆☆,0.0,0.0,2.0,0.0,4.5,0.0,0.0,0.0,,,0.0,5.5,3.0,2.0,1605,1709.0,-4.6,0.7,19414,-
4956,コニシ,化学,6.5,★☆☆☆☆,0.0,0.0,2.0,0.0,4.5,0.0,0.0,0.0,,,0.0,0.9,2.1,-0.5,1378,1440.0,-1.9,0.4,171,-
6745,ホーチキ,電気機器,6.5,★☆☆☆☆,0.0,0.0,2.0,0.0,4.5,0.0,0.0,0.0,,,0.0,5.8,4.7,2.0,1826,2015.0,-2.8,0.6,369,-
3003,ヒューリック,不動産業,6.5,★☆☆☆☆,0.0,0.0,0.0,0.0,6.5,0.0,0.0,0.0,,,0.0,0.8,1.6,0.6,1724,1780.0,1.3,0.6,4719,MA上昇配列
4194,ビジョナル,情報・通信業,6.5,★☆☆☆☆,0.0,0.0,1.0,0.0,5.5,0.0,0.0,0.0,,,0.0,11.2,3.1,4.2,8688,9261.0,-0.9,0.7,1985,MA上昇配列
3038,神戸物産,卸売業,6.5,★☆☆☆☆,0.0,0.0,1.0,0.0,5.5,0.0,0.0,0.0,,,0.0,7.0,2.5,1.2,2657,2797.0,0.4,0.8,5150,MA上昇配列
9715,トランス・コスモス,サービス業,6.5,★☆☆☆☆,0.0,0.0,2.0,0.0,4.5,0.0,0.0,0.0,,,0.0,0.9,2.0,0.4,3553,3700.0,0.7,1.1,364,-
7138,ＴＯＲＩＣＯ,小売業,6.5,★☆☆☆☆,0.0,0.0,8.0,0.0,3.5,0.0,0.0,-5.0,,,0.0,37.5,5.3,43.8,173,193.0,53.2,17.1,168,出来高急増17.1倍 / 買い出来高優勢 / RSI過熱(89)⚠ / 過熱⚠25MA+44%
7744,ノーリツ鋼機,精密機器,6.5,★☆☆☆☆,0.0,0.0,3.0,0.0,3.5,0.0,0.0,0.0,,,0.0,-0.1,3.2,-0.7,1872,2000.0,-7.7,1.0,880,-
6417,ＳＡＮＫＹＯ,機械,6.5,★☆☆☆☆,0.0,0.0,1.0,0.0,5.5,0.0,0.0,0.0,,,0.0,13.3,2.5,3.7,1815,1911.0,-1.0,0.7,1997,MA上昇配列
543A,ＡＲＣＨＩＯＮ,輸送用機器,6.4,★☆☆☆☆,0.0,0.0,2.0,0.0,4.0,0.0,0.4,0.0,,,0.0,-6.1,3.7,-0.2,259,280.0,1.4,0.5,10382,資金流入増 / 開示[業績予想の修正](12日前)
3103,ユニチカ,繊維製品,6.300000000000001,★☆☆☆☆,0.0,0.0,5.3,0.0,6.0,0.0,0.0,-5.0,,,0.0,59.0,12.9,29.5,1045,1410.0,-11.5,0.8,21658,買い出来高優勢 / 資金流入増 / 過熱⚠25MA+29%
3349,コスモス薬品,小売業,6.2,★☆☆☆☆,0.0,0.0,2.0,0.0,4.2,0.0,0.0,0.0,,,0.0,4.7,2.7,0.5,6104,6458.0,-1.9,0.9,2553,MA上昇配列
6460,セガサミーホールディングス,機械,6.2,★☆☆☆☆,0.0,0.0,2.0,0.0,4.2,0.0,0.0,0.0,,,0.0,15.4,3.3,3.8,2607,2791.5,2.0,0.5,3129,MA上昇配列
6995,東海理化電機製作所,輸送用機器,6.2,★☆☆☆☆,0.0,0.0,0.0,0.0,6.2,0.0,0.0,0.0,,,0.0,-1.6,2.0,0.2,2998,3125.0,1.3,0.5,471,MA上昇配列
2780,コメ兵ホールディングス,小売業,6.2,★☆☆☆☆,0.0,0.0,4.0,0.0,2.2,0.0,0.0,0.0,,,0.0,-1.7,4.8,-1.3,4651,5140.0,-0.6,1.7,677,-
2502,アサヒグループホールディングス,食料品,6.2,★☆☆☆☆,0.0,0.0,1.0,0.0,5.2,0.0,0.0,0.0,,,0.0,3.6,2.5,0.8,1598,1680.5,-3.6,0.7,13459,MA上昇配列
5110,住友ゴム工業,ゴム製品,6.2,★☆☆☆☆,0.0,0.0,1.0,0.0,5.2,0.0,0.0,0.0,,,0.0,2.8,3.6,0.3,2130,2297.0,-4.2,0.4,5966,MA上昇配列
9022,東海旅客鉄道,陸運業,6.2,★☆☆☆☆,0.0,0.0,1.0,0.0,5.2,0.0,0.0,0.0,,,0.0,3.4,2.3,1.1,3757,3936.0,1.9,0.9,10856,MA上昇配列
4743,アイティフォー,情報・通信業,6.2,★☆☆☆☆,0.0,0.0,3.0,0.0,3.2,0.0,0.0,0.0,,,0.0,1.1,2.5,-0.2,1607,1690.0,-1.4,0.8,165,-
547A,ムニノバホールディングス,その他金融業,6.2,★☆☆☆☆,0.0,0.0,2.0,0.0,4.2,0.0,0.0,0.0,,,0.0,-0.5,2.6,0.3,428,452.0,-0.7,0.5,849,MA上昇配列
1928,積水ハウス,建設業,6.2,★☆☆☆☆,0.0,0.0,0.0,0.0,6.2,0.0,0.0,0.0,,,0.0,1.3,1.5,0.4,3369,3471.0,0.8,0.8,9625,MA上昇配列
7936,アシックス,その他製品,6.1000000000000005,★☆☆☆☆,0.0,0.0,3.0,0.0,2.2,0.0,0.9,0.0,,,0.0,-2.9,5.2,-4.0,4202,4689.0,-11.2,1.3,26469,開示[増配](10日前)
3179,シュッピン,小売業,6.0,★☆☆☆☆,0.0,0.0,2.0,0.0,4.0,0.0,0.0,0.0,,,0.0,3.2,3.9,0.1,1170,1270.0,4.3,0.7,169,MA上昇配列
6331,三菱化工機,機械,6.0,★☆☆☆☆,0.0,0.0,1.0,0.0,5.0,0.0,0.0,0.0,,,0.0,-3.4,3.4,0.8,3040,3265.0,-0.6,0.9,654,-
6858,小野測器,電気機器,6.0,★☆☆☆☆,0.0,0.0,1.0,0.0,5.0,0.0,0.0,0.0,,,0.0,-5.4,2.7,-1.4,782,827.0,-2.9,0.1,131,-
7970,信越ポリマー,化学,6.0,★☆☆☆☆,0.0,0.0,1.0,0.0,5.0,0.0,0.0,0.0,,,0.0,-8.8,2.7,-1.8,2125,2244.0,-3.7,0.4,601,-
1946,トーエネック,建設業,6.0,★☆☆☆☆,0.0,0.0,0.0,0.0,6.0,0.0,0.0,0.0,,,0.0,1.9,3.0,1.7,1994,2120.0,0.9,1.0,436,-
4549,栄研化学,医薬品,6.0,★☆☆☆☆,0.0,0.0,1.0,0.0,5.0,0.0,0.0,0.0,,,0.0,-5.8,2.6,0.7,2254,2378.0,4.0,0.5,618,-
4082,第一稀元素化学工業,化学,6.0,★☆☆☆☆,0.0,0.0,0.0,0.0,6.0,0.0,0.0,0.0,,,0.0,6.7,4.8,3.6,1760,1947.0,-2.8,0.7,483,-
3659,ネクソン,情報・通信業,6.0,★☆☆☆☆,0.0,0.0,4.3,0.0,6.7,0.0,0.0,-5.0,,,0.0,38.4,4.8,21.1,2796,3095.0,2.4,1.1,10539,買い出来高優勢 / MA上昇配列 / 過熱⚠25MA+21%
350A,デジタルグリッド,電気・ガス業,6.0,★☆☆☆☆,0.0,0.0,0.0,0.0,6.0,0.0,0.0,0.0,,,0.0,1.5,3.5,3.7,735,790.0,1.3,0.9,183,-
7130,ヤマエグループホールディングス,卸売業,6.0,★☆☆☆☆,0.0,0.0,1.0,0.0,5.0,0.0,0.0,0.0,,,0.0,0.4,2.4,1.0,2799,2939.0,0.4,0.7,242,-
4109,ステラ　ケミファ,化学,6.0,★☆☆☆☆,0.0,0.0,1.0,0.0,5.0,0.0,0.0,0.0,,,0.0,-2.6,4.7,1.7,4986,5500.0,-3.5,0.5,599,-
6458,新晃工業,機械,6.0,★☆☆☆☆,0.0,0.0,1.0,0.0,5.0,0.0,0.0,0.0,,,0.0,0.8,1.7,0.7,1199,1242.0,0.8,0.7,302,-
7013,ＩＨＩ,機械,6.0,★☆☆☆☆,0.0,6.0,0.0,0.0,0.0,0.0,0.0,0.0,,,0.0,-6.9,5.2,-5.0,2393,2673.0,-11.7,1.0,42124,防衛(-9.3%)
277A,グロービング,サービス業,6.0,★☆☆☆☆,0.0,0.0,1.0,0.0,5.0,0.0,0.0,0.0,,,0.0,14.8,3.2,9.6,1729,1846.0,7.6,0.9,279,-
4928,ノエビアホールディングス,化学,6.0,★☆☆☆☆,0.0,0.0,1.0,0.0,5.0,0.0,0.0,0.0,,,0.0,7.4,1.9,2.3,4692,4875.0,1.0,0.5,713,MA上昇配列
6366,千代田化工建設,建設業,6.0,★☆☆☆☆,0.0,0.0,0.0,0.0,6.0,0.0,0.0,0.0,,,0.0,-0.7,4.2,1.1,637,696.0,-4.0,0.6,1716,-
6838,多摩川ホールディングス,電気機器,6.0,★☆☆☆☆,0.0,0.0,2.0,0.0,4.0,0.0,0.0,0.0,,,0.0,0.9,6.0,-0.4,1241,1409.0,-10.1,1.0,319,-
7746,岡本硝子,精密機器,6.0,★☆☆☆☆,0.0,0.0,1.0,0.0,5.0,0.0,0.0,0.0,,,0.0,-1.9,3.2,0.5,701,748.0,0.7,0.3,279,-
1941,中電工,建設業,6.0,★☆☆☆☆,0.0,0.0,0.0,0.0,6.0,0.0,0.0,0.0,,,0.0,0.6,2.1,0.3,4866,5080.0,0.6,0.6,482,-
1878,大東建託,不動産業,6.0,★☆☆☆☆,0.0,0.0,0.0,0.0,6.0,0.0,0.0,0.0,,,0.0,3.7,1.9,1.2,3191,3317.0,2.5,1.0,6027,MA上昇配列 / パーフェクトオーダー
8267,イオン,小売業,6.0,★☆☆☆☆,0.0,0.0,1.0,0.0,5.0,0.0,0.0,0.0,,,0.0,4.6,2.4,0.8,1320,1385.5,0.8,0.8,14161,-
2585,ライフドリンク　カンパニー,食料品,6.0,★☆☆☆☆,0.0,0.0,0.0,0.0,6.0,0.0,0.0,0.0,,,0.0,11.3,5.6,5.9,1422,1602.0,-10.4,0.9,1169,-
7730,マニー,精密機器,6.0,★☆☆☆☆,0.0,0.0,1.0,0.0,5.0,0.0,0.0,0.0,,,0.0,3.4,1.8,2.9,1545,1603.0,-1.0,0.6,599,-
9502,中部電力,電気・ガス業,6.0,★☆☆☆☆,0.0,0.0,0.0,0.0,6.0,0.0,0.0,0.0,,,0.0,-1.0,2.5,2.7,2763,2906.5,3.1,1.0,10658,-
8141,新光商事,卸売業,6.0,★☆☆☆☆,0.0,0.0,0.0,0.0,6.0,0.0,0.0,0.0,,,0.0,-0.1,0.5,0.1,1562,1576.0,0.4,0.8,134,-
4661,オリエンタルランド,サービス業,6.0,★☆☆☆☆,0.0,0.0,3.0,0.0,3.0,0.0,0.0,0.0,,,0.0,14.9,3.1,3.8,2824,3007.0,1.4,0.7,21808,MA上昇配列
2206,江崎グリコ,食料品,6.0,★☆☆☆☆,0.0,0.0,0.0,0.0,6.0,0.0,0.0,0.0,,,0.0,3.2,2.1,1.6,4963,5185.0,0.4,0.7,1416,-
3101,東洋紡,化学,6.0,★☆☆☆☆,0.0,0.0,0.0,0.0,6.0,0.0,0.0,0.0,,,0.0,-2.3,4.6,1.2,1480,1629.0,0.1,0.7,1234,-
218A,Ｌｉｂｅｒａｗａｒｅ,精密機器,6.0,★☆☆☆☆,0.0,0.0,0.0,0.0,6.0,0.0,0.0,0.0,,,0.0,8.7,3.6,6.6,1046,1128.0,4.9,0.7,169,-
9424,日本通信,情報・通信業,6.0,★☆☆☆☆,0.0,0.0,0.0,0.0,6.0,0.0,0.0,0.0,,,0.0,6.0,3.6,4.0,109,118.0,2.6,0.9,238,-
4972,綜研化学,化学,6.0,★☆☆☆☆,0.0,0.0,0.0,0.0,6.0,0.0,0.0,0.0,,,0.0,-11.5,3.8,0.2,3089,3345.0,0.0,0.6,390,-
6217,津田駒工業,機械,6.0,★☆☆☆☆,0.0,0.0,1.0,0.0,5.0,0.0,0.0,0.0,,,0.0,-2.2,7.7,3.8,675,797.0,-3.7,0.9,138,-
4259,エクサウィザーズ,情報・通信業,5.800000000000001,★☆☆☆☆,0.0,0.0,1.0,0.0,3.7,0.0,1.1,0.0,,,0.0,2.3,5.9,1.6,709,804.0,14.0,0.5,1395,開示[AI](4日前)
3676,デジタルハーツホールディングス,情報・通信業,5.800000000000001,★☆☆☆☆,0.0,0.0,5.3,0.0,5.5,0.0,0.0,-5.0,,,0.0,45.9,2.5,22.7,1006,1059.0,0.1,0.6,381,買い出来高優勢 / 資金流入増 / MA上昇配列 / RSI過熱(98)⚠ / 過熱⚠25MA+23%
3054,ハイパー,卸売業,5.800000000000001,★☆☆☆☆,0.0,0.0,5.3,0.0,5.5,0.0,0.0,-5.0,,,0.0,53.5,4.8,42.0,335,370.0,54.2,0.5,109,買い出来高優勢 / 資金流入増 / MA上昇配列 / RSI過熱(91)⚠ / 過熱⚠25MA+42%
6877,ＯＢＡＲＡ　ＧＲＯＵＰ,電気機器,5.7,★☆☆☆☆,0.0,0.0,2.0,0.0,3.7,0.0,0.0,0.0,,,0.0,-0.3,3.9,-1.6,5289,5730.0,-3.9,0.5,318,-
5631,日本製鋼所,機械,5.7,★☆☆☆☆,0.0,0.0,2.0,0.0,3.7,0.0,0.0,0.0,,,0.0,-3.8,3.9,-3.3,6827,7410.0,-5.2,1.1,5985,-
4151,協和キリン,医薬品,5.7,★☆☆☆☆,0.0,0.0,2.0,0.0,3.7,0.0,0.0,0.0,,,0.0,-0.1,2.4,-0.5,2451,2576.5,-0.1,0.9,2875,-
2752,フジオフードグループ本社,小売業,5.7,★☆☆☆☆,0.0,0.0,1.0,0.0,4.7,0.0,0.0,0.0,,,0.0,3.9,1.7,1.3,1085,1124.0,0.4,0.4,162,-
5367,ニッカトー,ガラス・土石製品,5.7,★☆☆☆☆,0.0,0.0,2.0,0.0,3.7,0.0,0.0,0.0,,,0.0,-2.1,6.0,2.2,1083,1231.0,-4.2,0.2,564,-
6232,ＡＣＳＬ,機械,5.7,★☆☆☆☆,0.0,0.0,1.0,0.0,4.0,0.0,0.7,0.0,,,0.0,-8.6,5.2,-2.9,1482,1655.0,-4.9,0.6,751,開示[業績予想の修正](10日前)
9270,バリュエンスホールディングス,卸売業,5.7,★☆☆☆☆,0.0,0.0,1.0,0.0,4.7,0.0,0.0,0.0,,,0.0,9.1,3.4,8.0,1993,2139.0,3.9,1.2,136,-
9956,バローホールディングス,小売業,5.7,★☆☆☆☆,0.0,0.0,1.0,0.0,4.7,0.0,0.0,0.0,,,0.0,1.9,2.3,0.3,3099,3250.0,1.4,0.5,885,-
7685,ＢｕｙＳｅｌｌ　Ｔｅｃｈｎｏｌｏｇｉｅｓ,卸売業,5.7,★☆☆☆☆,0.0,0.0,0.0,0.0,5.0,0.0,0.7,0.0,,,0.0,2.9,5.6,0.6,2840,3195.0,0.9,0.9,1449,開示[業績予想の修正](10日前)
4107,伊勢化学工業,化学,5.7,★☆☆☆☆,0.0,0.0,1.0,0.0,4.7,0.0,0.0,0.0,,,0.0,10.6,3.7,7.3,3614,3905.0,4.7,1.1,789,-
8129,東邦ホールディングス,卸売業,5.7,★☆☆☆☆,0.0,0.0,2.0,0.0,3.7,0.0,0.0,0.0,,,0.0,1.0,3.0,0.9,3762,4000.0,4.7,1.0,760,-
5992,中央発條,金属製品,5.7,★☆☆☆☆,0.0,0.0,1.0,0.0,4.7,0.0,0.0,0.0,,,0.0,0.1,2.5,0.5,3546,3730.0,-0.1,1.0,224,-
9532,大阪瓦斯,電気・ガス業,5.7,★☆☆☆☆,0.0,0.0,0.0,0.0,5.7,0.0,0.0,0.0,,,0.0,2.4,2.0,1.7,5324,5551.0,2.4,1.0,5355,-
5989,エイチワン,金属製品,5.7,★☆☆☆☆,0.0,0.0,1.0,0.0,4.7,0.0,0.0,0.0,,,0.0,-2.2,3.5,1.0,1442,1550.0,2.6,0.3,325,-
9519,レノバ,電気・ガス業,5.7,★☆☆☆☆,0.0,0.0,2.0,0.0,3.7,0.0,0.0,0.0,,,0.0,-1.1,4.0,1.0,884,960.0,2.1,1.3,691,-
9045,京阪ホールディングス,陸運業,5.5,★☆☆☆☆,0.0,0.0,1.0,0.0,4.5,0.0,0.0,0.0,,,0.0,1.8,1.8,0.3,3099,3212.0,2.2,0.7,1037,MA上昇配列
4381,ビープラッツ,情報・通信業,5.5,★☆☆☆☆,0.0,0.0,3.0,0.0,2.5,0.0,0.0,0.0,,,0.0,-11.3,16.1,-9.4,240,355.0,-17.2,0.5,252,資金流入増
6140,旭ダイヤモンド工業,機械,5.5,★☆☆☆☆,0.0,0.0,2.0,0.0,3.5,0.0,0.0,0.0,,,0.0,4.0,5.2,0.5,1061,1185.0,-8.3,0.5,872,-
3697,ＳＨＩＦＴ,情報・通信業,5.5,★☆☆☆☆,0.0,0.0,0.0,0.0,5.5,0.0,0.0,0.0,,,0.0,28.7,5.0,10.4,859,955.0999755859375,-0.1,0.5,6165,MA上昇配列
2288,丸大食品,食料品,5.5,★☆☆☆☆,0.0,0.0,2.0,0.0,3.5,0.0,0.0,0.0,,,0.0,-0.2,1.9,-0.1,2164,2248.0,0.9,0.7,253,-
5449,大阪製鐵,鉄鋼,5.5,★☆☆☆☆,0.0,0.0,0.0,0.0,5.5,0.0,0.0,0.0,,,0.0,2.3,4.6,0.2,2420,2665.0,-1.5,0.7,119,MA上昇配列
8359,八十二長野銀行,銀行業,5.5,★☆☆☆☆,0.0,0.0,1.0,0.0,4.5,0.0,0.0,0.0,,,0.0,-2.1,3.3,-0.4,2411,2581.0,-4.3,0.8,4252,-
4478,フリー,情報・通信業,5.4,★☆☆☆☆,0.0,0.0,4.3,0.0,5.5,0.0,0.6,-5.0,,,0.0,62.6,5.2,34.4,3383,3780.0,13.0,0.8,1780,買い出来高優勢 / MA上昇配列 / RSI過熱(91)⚠ / 過熱⚠25MA+34% / 開示[自己株式取得](11日前)
5988,パイオラックス,金属製品,5.2,★☆☆☆☆,0.0,0.0,1.0,0.0,4.2,0.0,0.0,0.0,,,0.0,3.7,1.9,0.8,1658,1724.0,0.0,1.0,155,MA上昇配列
5411,ＪＦＥホールディングス,鉄鋼,5.2,★☆☆☆☆,0.0,0.0,1.0,0.0,4.2,0.0,0.0,0.0,,,0.0,7.3,2.8,2.6,1742,1845.5,3.2,0.9,12566,MA上昇配列
6436,アマノ,機械,5.2,★☆☆☆☆,0.0,0.0,3.0,0.0,2.2,0.0,0.0,0.0,,,0.0,1.0,1.7,-0.2,3733,3864.0,-0.3,0.5,1307,-
4686,ジャストシステム,情報・通信業,5.2,★☆☆☆☆,0.0,0.0,1.0,0.0,4.2,0.0,0.0,0.0,,,0.0,9.1,2.7,1.9,3815,4035.0,-2.2,1.3,366,MA上昇配列
1882,東亜道路工業,建設業,5.2,★☆☆☆☆,0.0,0.0,0.0,0.0,5.2,0.0,0.0,0.0,,,0.0,1.5,1.4,0.5,1574,1619.0,-0.1,0.9,554,MA上昇配列
4523,エーザイ,医薬品,5.2,★☆☆☆☆,0.0,0.0,1.0,0.0,4.2,0.0,0.0,0.0,,,0.0,7.6,3.0,3.2,4606,4902.0,0.9,0.6,7989,MA上昇配列
1925,大和ハウス工業,建設業,5.2,★☆☆☆☆,0.0,0.0,0.0,0.0,5.2,0.0,0.0,0.0,,,0.0,3.3,1.5,1.2,4544,4689.0,1.7,1.0,9834,MA上昇配列
7276,小糸製作所,電気機器,5.2,★☆☆☆☆,0.0,0.0,2.0,0.0,3.2,0.0,0.0,0.0,,,0.0,8.2,2.2,2.4,2575,2691.5,-1.0,0.9,2762,-
6419,マースグループホールディングス,機械,5.2,★☆☆☆☆,0.0,0.0,0.0,0.0,5.2,0.0,0.0,0.0,,,0.0,1.4,1.5,0.5,3068,3160.0,-1.2,0.9,225,MA上昇配列
2327,日鉄ソリューションズ,情報・通信業,5.2,★☆☆☆☆,0.0,0.0,0.0,0.0,5.2,0.0,0.0,0.0,,,0.0,4.5,2.4,1.2,3681,3866.0,0.8,1.0,1028,MA上昇配列
9435,光通信,情報・通信業,5.2,★☆☆☆☆,0.0,0.0,0.0,0.0,5.2,0.0,0.0,0.0,,,0.0,7.6,2.5,1.6,37473,39410.0,2.2,0.7,4180,MA上昇配列
5351,品川リフラ,ガラス・土石製品,5.2,★☆☆☆☆,0.0,0.0,0.0,0.0,5.2,0.0,0.0,0.0,,,0.0,1.0,2.0,0.2,1983,2067.0,1.3,0.7,267,MA上昇配列
7270,ＳＵＢＡＲＵ,輸送用機器,5.2,★☆☆☆☆,0.0,0.0,1.0,0.0,4.2,0.0,0.0,0.0,,,0.0,2.3,3.2,1.9,2487,2655.5,2.8,0.9,14010,MA上昇配列
8584,ジャックス,その他金融業,5.2,★☆☆☆☆,0.0,0.0,1.0,0.0,4.2,0.0,0.0,0.0,,,0.0,2.5,1.7,1.1,3657,3785.0,-0.1,0.6,415,MA上昇配列
6332,月島ホールディングス,機械,5.2,★☆☆☆☆,0.0,0.0,1.0,0.0,4.2,0.0,0.0,0.0,,,0.0,3.5,3.1,1.1,2568,2737.0,-0.8,0.9,294,MA上昇配列
3397,トリドールホールディングス,小売業,5.2,★☆☆☆☆,0.0,0.0,0.0,0.0,5.2,0.0,0.0,0.0,,,0.0,8.5,2.5,3.0,4140,4355.0,3.6,0.7,1647,MA上昇配列
7483,ドウシシャ,卸売業,5.2,★☆☆☆☆,0.0,0.0,0.0,0.0,5.2,0.0,0.0,0.0,,,0.0,1.7,2.0,1.1,2902,3020.0,-0.3,0.6,219,MA上昇配列
1945,東京エネシス,建設業,5.0,★☆☆☆☆,0.0,0.0,0.0,0.0,5.0,0.0,0.0,0.0,,,0.0,1.0,3.1,1.2,1917,2042.0,0.8,0.6,418,-
9025,鴻池運輸,陸運業,5.0,★☆☆☆☆,0.0,0.0,1.0,0.0,4.0,0.0,0.0,0.0,,,0.0,2.1,2.1,1.1,2819,2942.0,1.1,0.6,315,MA上昇配列
464A,ＱＰＳホールディングス,情報・通信業,5.0,★☆☆☆☆,0.0,0.0,0.0,0.0,5.0,0.0,0.0,0.0,,,0.0,10.9,5.3,8.4,1597,1786.0,-1.6,0.8,2578,-
8995,誠建設工業,不動産業,5.0,★☆☆☆☆,0.0,0.0,2.0,0.0,8.0,0.0,0.0,-5.0,,,0.0,95.4,20.0,29.2,926,1543.0,-2.3,0.9,424,資金流入増 / MA上昇配列 / 過熱⚠25MA+29%
3774,インターネットイニシアティブ,情報・通信業,5.0,★☆☆☆☆,0.0,0.0,3.0,0.0,2.0,0.0,0.0,0.0,,,0.0,-0.0,2.8,-3.2,3191,3381.0,-3.5,1.9,1796,-
7259,アイシン,輸送用機器,5.0,★☆☆☆☆,0.0,0.0,1.0,0.0,4.0,0.0,0.0,0.0,,,0.0,-1.9,2.4,-0.6,2160,2269.0,0.2,0.6,5773,-
6597,ＨＰＣシステムズ,電気機器,5.0,★☆☆☆☆,0.0,0.0,1.0,0.0,4.0,0.0,0.0,0.0,,,0.0,-6.1,6.5,-2.3,2916,3355.0,-8.3,0.5,275,-
4816,東映アニメーション,情報・通信業,5.0,★☆☆☆☆,0.0,0.0,2.0,0.0,3.0,0.0,0.0,0.0,,,0.0,8.4,4.6,0.0,2573,2835.0,0.2,0.5,1436,MA上昇配列
7944,ローランド,その他製品,5.0,★☆☆☆☆,0.0,0.0,4.0,0.0,1.0,0.0,0.0,0.0,,,0.0,-3.8,4.5,-7.0,3514,3865.0,-10.3,0.4,803,資金流入増
6454,マックス,機械,5.0,★☆☆☆☆,0.0,0.0,3.0,0.0,2.0,0.0,0.0,0.0,,,0.0,5.3,2.8,-1.1,1678,1777.0,-2.5,0.8,598,-
4180,Ａｐｐｉｅｒ　Ｇｒｏｕｐ,情報・通信業,5.0,★☆☆☆☆,0.0,0.0,4.0,0.0,5.5,0.0,0.5,-5.0,,,0.0,49.6,4.8,28.0,1179,1305.0,15.3,1.3,1890,MA上昇配列 / RSI過熱(89)⚠ / 過熱⚠25MA+28% / 開示[業績予想の修正](11日前)
3922,ＰＲ　ＴＩＭＥＳ,情報・通信業,5.0,★☆☆☆☆,0.0,0.0,0.0,0.0,5.0,0.0,0.0,0.0,,,0.0,3.1,1.8,2.0,2065,2140.0,0.2,0.5,122,-
6104,芝浦機械,機械,5.0,★☆☆☆☆,0.0,0.0,0.0,0.0,5.0,0.0,0.0,0.0,,,0.0,-10.3,3.6,-1.8,3952,4255.0,0.0,0.6,816,-
9090,ＡＺ－ＣＯＭ丸和ホールディングス,陸運業,5.0,★☆☆☆☆,0.0,0.0,2.0,0.0,3.0,0.0,0.0,0.0,,,0.0,-2.1,2.8,0.2,841,891.0,1.2,0.4,513,資金流入増 / MA上昇配列
4592,サンバイオ,医薬品,5.0,★☆☆☆☆,0.0,0.0,0.0,0.0,5.0,0.0,0.0,0.0,,,0.0,1.5,4.1,2.4,927,1010.0,-3.2,0.7,654,-
5137,スマートドライブ,情報・通信業,5.0,★☆☆☆☆,0.0,0.0,3.3,0.0,6.7,0.0,0.0,-5.0,,,0.0,43.5,5.5,27.9,270,303.0,13.9,1.0,101,買い出来高優勢 / MA上昇配列 / 過熱⚠25MA+28%
9412,スカパーＪＳＡＴ,情報・通信業,5.0,★☆☆☆☆,0.0,0.0,1.0,0.0,4.0,0.0,0.0,0.0,,,0.0,-0.9,5.3,-1.5,1987,2225.0,-5.4,0.9,5903,-
9001,東武鉄道,陸運業,5.0,★☆☆☆☆,0.0,0.0,0.0,0.0,5.0,0.0,0.0,0.0,,,0.0,1.5,2.0,0.1,2893,3014.0,2.5,1.2,1854,MA上昇配列 / パーフェクトオーダー
4418,ＪＤＳＣ,情報・通信業,5.0,★☆☆☆☆,0.0,0.0,3.3,0.0,6.7,0.0,0.0,-5.0,,,0.0,28.6,5.3,22.2,932,1043.0,22.4,1.0,267,買い出来高優勢 / MA上昇配列 / 過熱⚠25MA+22%
4620,藤倉化成,化学,5.0,★☆☆☆☆,0.0,0.0,0.0,0.0,5.0,0.0,0.0,0.0,,,0.0,0.7,4.3,3.3,867,949.0,-3.4,0.8,137,-
7283,愛三工業,輸送用機器,5.0,★☆☆☆☆,0.0,0.0,0.0,0.0,5.0,0.0,0.0,0.0,,,0.0,1.1,2.7,0.2,2182,2305.0,-0.6,0.4,420,MA上昇配列
6464,ツバキ・ナカシマ,機械,4.9,★☆☆☆☆,2.7,0.0,1.0,0.0,1.2,0.0,0.0,0.0,,Albemarle,-1.3,-4.8,6.0,-4.2,307,348.0,6.4,0.6,241,Albemarle+5.4%連動(β0.20)
9336,大栄環境,サービス業,4.7,★☆☆☆☆,0.0,0.0,0.0,0.0,4.7,0.0,0.0,0.0,,,0.0,1.1,2.5,0.5,3579,3770.0,-0.3,0.6,581,-
1885,東亜建設工業,建設業,4.7,★☆☆☆☆,0.0,0.0,1.0,0.0,3.7,0.0,0.0,0.0,,,0.0,0.5,3.9,0.5,1894,2055.0,-1.3,0.7,933,-
4425,Ｋｕｄａｎ,情報・通信業,4.7,★☆☆☆☆,0.0,0.0,4.7,0.0,0.0,0.0,0.0,0.0,,,0.0,-22.9,6.3,-17.0,1218,1395.0,-16.6,6.7,279,出来高急増6.7倍
4516,日本新薬,医薬品,4.7,★☆☆☆☆,0.0,0.0,2.0,0.0,2.7,0.0,0.0,0.0,,,0.0,-8.1,2.2,-0.8,3504,3667.0,0.7,0.4,2250,資金流入増
4565,ネクセラファーマ,医薬品,4.7,★☆☆☆☆,0.0,0.0,3.0,0.0,4.7,0.0,0.0,-3.0,,,0.0,22.5,5.3,15.3,987,1103.0,-0.2,0.9,1006,伸びすぎ注意(25MA+15%)
1860,戸田建設,建設業,4.7,★☆☆☆☆,0.0,0.0,0.0,0.0,4.7,0.0,0.0,0.0,,,0.0,-2.6,2.1,-0.4,1432,1493.0,0.4,0.9,1465,-
9708,帝国ホテル,サービス業,4.7,★☆☆☆☆,0.0,0.0,1.0,0.0,3.7,0.0,0.0,0.0,,,0.0,3.1,1.4,2.0,984,1012.0,2.7,0.8,151,-
4967,小林製薬,化学,4.7,★☆☆☆☆,0.0,0.0,0.0,0.0,4.7,0.0,0.0,0.0,,,0.0,4.1,1.8,1.3,5429,5634.0,1.2,0.7,1395,-
6356,日本ギア工業,機械,4.7,★☆☆☆☆,0.0,0.0,2.0,0.0,2.7,0.0,0.0,0.0,,,0.0,-7.1,3.7,-4.2,1202,1299.0,-6.9,0.7,159,-
4886,あすか製薬ホールディングス,医薬品,4.7,★☆☆☆☆,0.0,0.0,1.0,0.0,3.7,0.0,0.0,0.0,,,0.0,-1.3,3.3,0.7,2026,2170.0,2.8,0.8,243,-
9987,スズケン,卸売業,4.7,★☆☆☆☆,0.0,0.0,1.0,0.0,3.7,0.0,0.0,0.0,,,0.0,0.6,2.3,0.9,4885,5124.0,2.5,0.7,855,-
4569,杏林製薬,医薬品,4.7,★☆☆☆☆,0.0,0.0,1.0,0.0,3.7,0.0,0.0,0.0,,,0.0,-0.4,2.3,1.4,1106,1158.0,3.6,0.9,266,-
6674,ジーエス・ユアサ　コーポレーション,電気機器,4.7,★☆☆☆☆,0.0,0.0,2.0,0.0,2.7,0.0,0.0,0.0,,,0.0,-11.7,5.6,-5.2,4684,5273.0,-6.7,0.8,5745,-
4507,塩野義製薬,医薬品,4.7,★☆☆☆☆,0.0,0.0,0.0,0.0,4.7,0.0,0.0,0.0,,,0.0,3.1,2.4,1.7,2780,2919.0,3.1,0.8,8014,-
1961,三機工業,建設業,4.7,★☆☆☆☆,0.0,0.0,2.0,0.0,2.7,0.0,0.0,0.0,,,0.0,-2.8,4.6,-1.6,2143,2360.0,-3.3,0.5,2058,-
4375,セーフィー,情報・通信業,4.7,★☆☆☆☆,0.0,0.0,1.0,0.0,3.7,0.0,0.0,0.0,,,0.0,4.8,3.9,2.6,615,667.0,1.8,1.3,130,-
336A,ダイナミックマッププラットフォーム,情報・通信業,4.7,★☆☆☆☆,0.0,0.0,1.0,0.0,3.7,0.0,0.0,0.0,,,0.0,-0.2,4.8,2.6,753,833.0,3.5,0.5,179,-
7224,新明和工業,輸送用機器,4.7,★☆☆☆☆,0.0,0.0,2.0,0.0,2.7,0.0,0.0,0.0,,,0.0,-0.8,2.3,-1.1,1880,1969.0,-2.3,0.7,357,-
9793,ダイセキ,サービス業,4.7,★☆☆☆☆,0.0,0.0,1.0,0.0,3.7,0.0,0.0,0.0,,,0.0,0.9,1.6,0.1,3685,3805.0,-1.3,0.4,468,-
6455,モリタホールディングス,輸送用機器,4.5,★☆☆☆☆,0.0,0.0,1.0,0.0,3.5,0.0,0.0,0.0,,,0.0,-0.5,2.3,0.2,2312,2424.0,2.4,0.9,182,-
5930,文化シヤッター,金属製品,4.5,★☆☆☆☆,0.0,0.0,3.0,0.0,1.5,0.0,0.0,0.0,,,0.0,-1.6,2.2,-0.4,1789,1872.0,1.4,0.7,315,-
9790,福井コンピュータホールディングス,情報・通信業,4.5,★☆☆☆☆,0.0,0.0,2.0,0.0,2.5,0.0,0.0,0.0,,,0.0,2.4,2.2,1.2,3017,3155.0,1.6,0.6,138,-
4658,日本空調サービス,サービス業,4.5,★☆☆☆☆,0.0,0.0,1.0,0.0,3.5,0.0,0.0,0.0,,,0.0,-2.3,2.0,-0.6,1492,1556.0,-0.5,0.6,156,-
5186,ニッタ,ゴム製品,4.5,★☆☆☆☆,0.0,0.0,0.0,0.0,4.5,0.0,0.0,0.0,,,0.0,2.0,3.6,-1.0,6089,6560.0,-5.2,0.5,409,-
6960,フクダ電子,電気機器,4.5,★☆☆☆☆,0.0,0.0,0.0,0.0,4.5,0.0,0.0,0.0,,,0.0,2.9,2.8,-0.7,10911,11570.0,-1.0,0.9,609,-
1965,テクノ菱和,建設業,4.5,★☆☆☆☆,0.0,0.0,1.0,0.0,3.5,0.0,0.0,0.0,,,0.0,-0.7,5.9,0.7,5390,6110.0,1.3,0.6,568,-
3856,Ａｂａｌａｎｃｅ,電気機器,4.4,★☆☆☆☆,0.0,0.0,2.0,0.0,1.5,0.0,0.9,0.0,,,0.0,-13.2,11.2,-0.0,333,429.0,23.6,1.1,190,資金流入増 / 開示[自己株式の取得](10日前)
2874,横浜冷凍,卸売業,4.4,★☆☆☆☆,0.0,0.0,0.0,0.0,3.7,0.0,0.7,0.0,,,0.0,-2.7,4.3,-1.7,1921,2102.0,-0.4,0.8,491,開示[業績予想の修正](10日前)
5232,住友大阪セメント,ガラス・土石製品,4.2,★☆☆☆☆,0.0,0.0,2.0,0.0,2.2,0.0,0.0,0.0,,,0.0,-3.2,5.1,-2.2,4967,5531.0,-6.4,0.5,2093,-
1786,オリエンタル白石,建設業,4.2,★☆☆☆☆,0.0,0.0,2.0,0.0,2.2,0.0,0.0,0.0,,,0.0,-1.0,3.2,-0.8,336,359.0,1.7,0.7,260,-
7741,ＨＯＹＡ,精密機器,4.2,★☆☆☆☆,0.0,0.0,2.0,0.0,2.2,0.0,0.0,0.0,,,0.0,0.8,3.1,-1.6,23358,24895.0,-6.6,0.9,25282,-
4202,ダイセル,化学,4.2,★☆☆☆☆,0.0,0.0,1.0,0.0,3.2,0.0,0.0,0.0,,,0.0,-1.3,2.3,-0.0,1397,1465.5,-1.5,0.5,1998,-
6486,イーグル工業,機械,4.2,★☆☆☆☆,0.0,0.0,2.0,0.0,2.2,0.0,0.0,0.0,,,0.0,0.8,1.9,-0.1,2874,2990.0,-3.4,0.5,335,-
3626,ＴＩＳＩ,情報・通信業,4.2,★☆☆☆☆,0.0,0.0,0.0,0.0,4.2,0.0,0.0,0.0,,,0.0,12.0,2.8,3.4,3607,3820.0,-0.7,0.6,3650,MA上昇配列
3479,ＴＫＰ,不動産業,4.2,★☆☆☆☆,0.0,0.0,0.0,0.0,4.2,0.0,0.0,0.0,,,0.0,3.7,3.0,1.6,1777,1889.0,3.1,0.3,211,MA上昇配列
6932,遠藤照明,電気機器,4.2,★☆☆☆☆,0.0,0.0,2.0,0.0,2.2,0.0,0.0,0.0,,,0.0,0.4,3.5,-1.7,2378,2556.0,-3.1,0.4,121,-
6369,トーヨーカネツ,機械,4.2,★☆☆☆☆,0.0,0.0,0.0,0.0,4.2,0.0,0.0,0.0,,,0.0,1.1,2.5,0.2,2330,2453.0,-2.0,0.9,262,MA上昇配列
8804,東京建物,不動産業,4.2,★☆☆☆☆,0.0,0.0,0.0,0.0,4.2,0.0,0.0,0.0,,,0.0,-0.6,2.3,0.3,3253,3411.0,0.8,0.8,3078,MA上昇配列
3863,日本製紙,パルプ・紙,4.2,★☆☆☆☆,0.0,0.0,2.0,0.0,2.2,0.0,0.0,0.0,,,0.0,-11.6,4.3,-1.8,1275,1396.0,-1.7,1.6,1448,-
8387,四国銀行,銀行業,4.2,★☆☆☆☆,0.0,0.0,1.0,0.0,3.2,0.0,0.0,0.0,,,0.0,2.3,4.2,-0.8,3088,3370.0,-4.9,0.7,555,-
8544,京葉銀行,銀行業,4.2,★☆☆☆☆,0.0,0.0,1.0,0.0,3.2,0.0,0.0,0.0,,,0.0,-2.7,4.3,-0.8,2454,2687.0,-3.6,0.6,1531,-
7240,ＮＯＫ,輸送用機器,4.2,★☆☆☆☆,0.0,0.0,1.0,0.0,3.2,0.0,0.0,0.0,,,0.0,0.7,1.9,-0.1,2897,3011.0,-2.7,0.7,961,-
1911,住友林業,建設業,4.2,★☆☆☆☆,0.0,0.0,0.0,0.0,4.2,0.0,0.0,0.0,,,0.0,2.5,2.4,0.6,1287,1353.0,0.4,1.0,5700,MA上昇配列
8601,大和証券グループ本社,証券、商品先物取引業,4.2,★☆☆☆☆,0.0,0.0,1.0,0.0,3.2,0.0,0.0,0.0,,,0.0,-4.1,2.4,-1.8,1695,1779.0,-1.2,0.7,8207,-
7981,タカラスタンダード,その他製品,4.2,★☆☆☆☆,0.0,0.0,1.0,0.0,3.2,0.0,0.0,0.0,,,0.0,-0.0,1.8,-0.1,2955,3065.0,-0.3,0.7,501,-
7226,極東開発工業,輸送用機器,4.2,★☆☆☆☆,0.0,0.0,0.0,0.0,4.2,0.0,0.0,0.0,,,0.0,0.2,1.8,0.5,2264,2346.0,0.0,0.9,459,MA上昇配列
6430,ダイコク電機,機械,4.2,★☆☆☆☆,0.0,0.0,0.0,0.0,4.2,0.0,0.0,0.0,,,0.0,4.8,1.9,1.7,2369,2462.0,-0.5,0.9,105,MA上昇配列
6929,日本セラミック,電気機器,4.2,★☆☆☆☆,0.0,0.0,2.0,0.0,2.2,0.0,0.0,0.0,,,0.0,1.2,2.5,-0.5,3533,3720.0,-0.9,1.0,495,-
5101,横浜ゴム,ゴム製品,4.2,★☆☆☆☆,0.0,0.0,1.0,0.0,3.2,0.0,0.0,0.0,,,0.0,-3.0,4.7,-1.4,6789,7494.0,-4.5,0.5,9847,開示[上方修正](14日前)
3880,大王製紙,パルプ・紙,4.2,★☆☆☆☆,0.0,0.0,0.0,0.0,4.2,0.0,0.0,0.0,,,0.0,-0.2,2.4,0.4,936,983.0,1.0,0.6,241,MA上昇配列
6758,ソニーグループ,電気機器,4.2,★☆☆☆☆,0.0,0.0,0.0,0.0,4.2,0.0,0.0,0.0,,,0.0,10.5,3.2,3.7,3542,3785.0,-3.2,0.5,70095,MA上昇配列
6103,オークマ,機械,4.2,★☆☆☆☆,0.0,0.0,2.0,0.0,2.2,0.0,0.0,0.0,,,0.0,0.5,4.3,-3.3,4511,4935.0,-10.3,0.8,2709,開示[自己株式の取得](14日前)
1833,奥村組,建設業,4.2,★☆☆☆☆,0.0,0.0,0.0,0.0,4.2,0.0,0.0,0.0,,,0.0,0.6,1.8,0.1,5519,5730.0,0.0,0.7,724,MA上昇配列
7211,三菱自動車工業,輸送用機器,4.2,★☆☆☆☆,0.0,0.0,0.0,0.0,4.2,0.0,0.0,0.0,,,0.0,-2.0,3.0,0.5,341,362.3999938964844,5.7,0.8,3952,MA上昇配列
9602,東宝,情報・通信業,4.2,★☆☆☆☆,0.0,0.0,0.0,0.0,4.2,0.0,0.0,0.0,,,0.0,14.2,2.8,3.8,1458,1543.5,2.5,0.5,6625,MA上昇配列
3905,データセクション,情報・通信業,4.1,★☆☆☆☆,0.0,0.0,2.0,0.0,1.5,0.0,0.6,0.0,,,0.0,-23.8,11.0,-11.2,1437,1840.0,-2.0,1.9,9799,開示[受注](10日前)
4043,トクヤマ,化学,4.0,★☆☆☆☆,0.0,0.0,0.0,0.0,4.0,0.0,0.0,0.0,,,0.0,-14.0,3.9,-3.9,3724,4039.0,-4.8,0.4,3723,-
5406,神戸製鋼所,鉄鋼,4.0,★☆☆☆☆,0.0,0.0,0.0,0.0,4.0,0.0,0.0,0.0,,,0.0,2.3,2.7,0.6,1917,2024.5,1.9,0.5,4728,MA上昇配列
3776,ブロードバンドタワー,情報・通信業,4.0,★☆☆☆☆,0.0,0.0,0.0,0.0,4.0,0.0,0.0,0.0,,,0.0,0.2,4.7,-1.1,220,243.0,-2.8,0.4,123,-
6473,ジェイテクト,機械,4.0,★☆☆☆☆,0.0,0.0,2.0,0.0,2.0,0.0,0.0,0.0,,,0.0,0.5,3.2,-1.4,1945,2077.5,-3.1,0.6,2575,-
6619,ダブル・スコープ,電気機器,4.0,★☆☆☆☆,0.0,0.0,0.0,0.0,4.0,0.0,0.0,0.0,,,0.0,-3.2,4.8,-1.7,137,152.0,-4.4,0.8,349,-
9468,ＫＡＤＯＫＡＷＡ,情報・通信業,4.0,★☆☆☆☆,0.0,0.0,1.0,0.0,2.5,0.0,0.5,0.0,,,0.0,1.0,2.7,-0.6,3335,3526.0,0.1,0.7,1854,開示[業績予想の修正](11日前)
7148,ＦＰＧ,証券、商品先物取引業,4.0,★☆☆☆☆,0.0,0.0,1.0,0.0,3.0,0.0,0.0,0.0,,,0.0,5.9,2.2,2.4,1589,1660.0,2.2,0.6,1005,MA上昇配列
9005,東急,陸運業,4.0,★☆☆☆☆,0.0,0.0,0.0,0.0,1.0,0.0,3.0,0.0,,,0.0,-2.8,1.7,-2.0,1620,1676.5,2.3,0.8,4574,開示[自己株式の取得](0日前)
6459,だいわ,機械,4.0,★☆☆☆☆,0.0,0.0,3.0,0.0,1.0,0.0,0.0,0.0,,,0.0,0.9,4.2,-1.4,1547,1688.0,-4.2,0.7,207,資金流入増
8914,エリアリンク,不動産業,4.0,★☆☆☆☆,0.0,0.0,1.0,0.0,3.0,0.0,0.0,0.0,,,0.0,-1.5,3.6,0.1,866,932.0,0.4,0.3,142,MA上昇配列
9021,西日本旅客鉄道,陸運業,4.0,★☆☆☆☆,0.0,0.0,0.0,0.0,4.0,0.0,0.0,0.0,,,0.0,1.9,2.2,0.0,2831,2959.5,1.4,0.8,7506,MA上昇配列
2130,メンバーズ,サービス業,4.0,★☆☆☆☆,0.0,0.0,0.0,0.0,4.0,0.0,0.0,0.0,,,0.0,-13.2,2.3,-4.5,903,946.0,0.4,0.3,110,-
5444,大和工業,鉄鋼,4.0,★☆☆☆☆,0.0,0.0,3.0,0.0,1.0,0.0,0.0,0.0,,,0.0,-8.9,3.2,-9.9,11051,11805.0,-10.8,1.9,2318,-
6200,インソース,サービス業,4.0,★☆☆☆☆,0.0,0.0,1.0,0.0,3.0,0.0,0.0,0.0,,,0.0,6.0,2.4,2.8,701,737.0,2.1,0.4,535,MA上昇配列
6492,岡野バルブ製造,機械,4.0,★☆☆☆☆,0.0,0.0,0.0,0.0,4.0,0.0,0.0,0.0,,,0.0,-7.7,8.0,-3.5,11617,13830.0,-9.7,0.6,372,-
9936,王将フードサービス,小売業,4.0,★☆☆☆☆,0.0,0.0,1.0,0.0,3.0,0.0,0.0,0.0,,,0.0,1.9,1.7,0.8,2852,2953.0,2.5,1.0,742,MA上昇配列
4973,日本高純度化学,化学,4.0,★☆☆☆☆,0.0,0.0,0.0,0.0,4.0,0.0,0.0,0.0,,,0.0,-9.9,3.1,-1.2,4319,4600.0,-5.9,0.3,623,-
1815,鉄建建設,建設業,3.7,★☆☆☆☆,0.0,0.0,1.0,0.0,2.7,0.0,0.0,0.0,,,0.0,-2.9,2.7,-0.9,4120,4355.0,0.2,0.4,488,-
1417,ミライト・ワン,建設業,3.7,★☆☆☆☆,0.0,0.0,0.0,0.0,3.7,0.0,0.0,0.0,,,0.0,-2.1,2.1,-0.3,3384,3533.0,1.6,0.7,1029,-
7318,セレンディップ・ホールディングス,輸送用機器,3.7,★☆☆☆☆,0.0,0.0,2.0,0.0,0.0,0.0,1.7,0.0,,,0.0,-25.5,10.0,-17.4,1184,1479.0,0.2,0.5,290,開示[自己株式取得](6日前)
5532,リアルゲイト,不動産業,3.7,★☆☆☆☆,0.0,0.0,1.0,0.0,2.7,0.0,0.0,0.0,,,0.0,-3.2,3.8,-1.5,3129,3390.0,-0.7,1.5,113,-
4536,参天製薬,医薬品,3.7,★☆☆☆☆,0.0,0.0,0.0,0.0,3.7,0.0,0.0,0.0,,,0.0,-3.6,3.2,-3.3,1759,1879.5,-2.0,1.1,2183,-
1963,日揮ホールディングス,建設業,3.7,★☆☆☆☆,0.0,0.0,1.0,0.0,2.7,0.0,0.0,0.0,,,0.0,-3.0,3.3,-2.3,2085,2233.0,-4.8,1.2,3477,-
1926,ライト工業,建設業,3.7,★☆☆☆☆,0.0,0.0,0.0,0.0,3.7,0.0,0.0,0.0,,,0.0,-2.3,2.2,-1.8,3566,3730.0,-0.5,0.5,647,-
3231,野村不動産ホールディングス,不動産業,3.7,★☆☆☆☆,0.0,0.0,0.0,0.0,3.7,0.0,0.0,0.0,,,0.0,-1.7,1.3,-0.3,904,928.5,1.0,0.8,4673,-
2432,ディー・エヌ・エー,情報・通信業,3.7,★☆☆☆☆,0.0,0.0,0.0,0.0,3.7,0.0,0.0,0.0,,,0.0,4.2,2.5,1.2,2373,2496.5,-1.6,0.7,2690,-
1721,コムシスホールディングス,建設業,3.7,★☆☆☆☆,0.0,0.0,0.0,0.0,3.7,0.0,0.0,0.0,,,0.0,1.8,2.4,-0.1,5005,5257.0,-0.9,0.6,2674,-
7915,ＮＩＳＳＨＡ,その他製品,3.7,★☆☆☆☆,0.0,0.0,1.0,0.0,2.7,0.0,0.0,0.0,,,0.0,-4.3,3.2,-1.3,1217,1299.0,-2.1,0.7,376,-
2337,いちご,不動産業,3.7,★☆☆☆☆,0.0,0.0,0.0,0.0,3.7,0.0,0.0,0.0,,,0.0,-2.7,1.7,0.2,399,413.0,1.5,0.9,312,-
6908,イリソ電子工業,電気機器,3.7,★☆☆☆☆,0.0,0.0,1.0,0.0,2.7,0.0,0.0,0.0,,,0.0,-1.7,2.1,-1.7,2624,2737.0,-2.1,0.5,347,-
2533,オエノンホールディングス,食料品,3.7,★☆☆☆☆,0.0,0.0,1.0,0.0,2.7,0.0,0.0,0.0,,,0.0,-3.2,3.7,-0.3,444,479.0,4.6,1.0,119,-
4216,旭有機材,化学,3.7,★☆☆☆☆,0.0,0.0,1.0,0.0,2.7,0.0,0.0,0.0,,,0.0,-6.1,3.5,-1.5,5570,5990.0,-1.0,0.6,411,-
7599,ＩＤＯＭ,卸売業,3.7,★☆☆☆☆,0.0,0.0,0.0,0.0,3.7,0.0,0.0,0.0,,,0.0,-1.4,1.4,-0.4,1250,1286.0,-0.9,1.0,1088,-
7447,ナガイレーベン,卸売業,3.7,★☆☆☆☆,0.0,0.0,1.0,0.0,1.2,0.0,1.5,0.0,,,0.0,2.0,1.4,-0.1,1723,1774.0,-1.6,1.2,166,開示[自己株式の取得](7日前)
4626,太陽ホールディングス,化学,3.7,★☆☆☆☆,0.0,0.0,1.0,0.0,2.7,0.0,0.0,0.0,,,0.0,0.0,1.6,-0.5,4616,4765.0,-1.0,0.4,1982,-
5741,ＵＡＣＪ,非鉄金属,3.5,★☆☆☆☆,0.0,0.0,2.0,0.0,1.5,0.0,0.0,0.0,,,0.0,-9.5,5.5,-5.1,1996,2241.0,-6.9,1.8,2434,-
5208,有沢製作所,化学,3.5,★☆☆☆☆,0.0,0.0,0.0,0.0,3.5,0.0,0.0,0.0,,,0.0,1.0,5.2,-0.6,2306,2574.0,-10.0,0.7,694,-
9409,テレビ朝日ホールディングス,情報・通信業,3.5,★☆☆☆☆,0.0,0.0,1.0,0.0,2.5,0.0,0.0,0.0,,,0.0,-0.0,2.2,-1.0,2941,3075.0,0.7,0.7,650,-
3395,サンマルクホールディングス,小売業,3.5,★☆☆☆☆,0.0,0.0,2.0,0.0,1.5,0.0,0.0,0.0,,,0.0,-2.1,2.0,-1.0,2371,2472.0,0.9,0.7,304,-
4071,プラスアルファ・コンサルティング,情報・通信業,3.4000000000000004,★☆☆☆☆,0.0,0.0,0.0,0.0,2.7,0.0,0.7,0.0,,,0.0,0.4,4.1,-1.1,2070,2254.0,1.3,0.5,691,開示[自己株式取得](12日前) / 開示[子会社化](12日前)
6644,大崎電気工業,電気機器,3.2,★☆☆☆☆,0.0,0.0,1.0,0.0,2.2,0.0,0.0,0.0,,,0.0,0.9,3.7,0.4,1410,1522.0,-3.2,0.9,453,-
6310,井関農機,機械,3.2,★☆☆☆☆,0.0,0.0,2.0,0.0,1.2,0.0,0.0,0.0,,,0.0,-2.8,4.3,-0.8,1676,1832.0,2.6,0.7,333,-
7004,カナデビア,機械,3.2,★☆☆☆☆,0.0,0.0,2.0,0.0,1.2,0.0,0.0,0.0,,,0.0,-2.8,3.5,-1.7,1105,1189.0,-4.6,0.7,1137,-
8411,みずほフィナンシャルグループ,銀行業,3.2,★☆☆☆☆,0.0,0.0,0.0,0.0,3.2,0.0,0.0,0.0,,,0.0,-6.9,3.1,-2.9,7612,8110.0,-5.9,0.7,80494,-
3563,ＦＯＯＤ　＆　ＬＩＦＥ　ＣＯＭＰＡＮＩＥＳ,小売業,3.2,★☆☆☆☆,0.0,0.0,0.0,0.0,3.2,0.0,0.0,0.0,,,0.0,2.7,4.7,-1.8,5026,5549.0,-5.3,0.8,13230,-
7180,九州フィナンシャルグループ,銀行業,3.2,★☆☆☆☆,0.0,0.0,0.0,0.0,3.2,0.0,0.0,0.0,,,0.0,-5.5,3.4,-1.4,1403,1507.0,-2.6,0.6,2001,開示[自己株式の取得](14日前)
8604,野村ホールディングス,証券、商品先物取引業,3.2,★☆☆☆☆,0.0,0.0,0.0,0.0,3.2,0.0,0.0,0.0,,,0.0,-4.9,2.3,-1.5,1466,1535.0,-2.2,0.7,15787,-
6859,エスペック,電気機器,3.2,★☆☆☆☆,0.0,0.0,1.0,0.0,2.2,0.0,0.0,0.0,,,0.0,-7.5,4.4,-3.8,3571,3915.0,-7.7,0.8,454,-
6326,クボタ,機械,3.2,★☆☆☆☆,0.0,0.0,1.0,0.0,2.2,0.0,0.0,0.0,,,0.0,-2.4,4.0,-0.4,2492,2712.0,-1.4,0.9,13273,-
6744,能美防災,電気機器,3.2,★☆☆☆☆,0.0,0.0,1.0,0.0,2.2,0.0,0.0,0.0,,,0.0,3.3,3.0,-0.6,4121,4380.0,-2.4,0.9,434,-
6648,かわでん,電気機器,3.2,★☆☆☆☆,0.0,0.0,2.0,0.0,1.2,0.0,0.0,0.0,,,0.0,-3.9,5.5,-4.4,1491,1676.0,-2.7,0.4,164,-
6191,エアトリ,サービス業,3.2,★☆☆☆☆,0.0,0.0,0.0,0.0,0.0,0.0,3.2,0.0,,,0.0,-2.9,3.5,-5.3,777,835.0,-10.1,0.5,122,開示[自己株式の取得](6日前) / 開示[自己株式の取得](7日前)
3405,クラレ,化学,3.2,★☆☆☆☆,0.0,0.0,1.0,0.0,2.2,0.0,0.0,0.0,,,0.0,1.0,3.3,-0.5,1717,1839.0,-2.3,0.7,4349,-
1814,大末建設,建設業,3.2,★☆☆☆☆,0.0,0.0,1.0,0.0,2.2,0.0,0.0,0.0,,,0.0,-0.8,3.6,-1.3,3310,3565.0,-3.8,1.0,379,-
7453,良品計画,小売業,3.2,★☆☆☆☆,0.0,0.0,0.0,0.0,3.2,0.0,0.0,0.0,,,0.0,0.9,3.1,-1.8,3972,4237.0,-5.8,0.9,13305,-
3480,ジェイ・エス・ビー,不動産業,3.2,★☆☆☆☆,0.0,0.0,0.0,0.0,3.2,0.0,0.0,0.0,,,0.0,0.2,0.7,-0.3,8827,8950.0,1.5,0.8,605,-
8306,三菱ＵＦＪフィナンシャル・グループ,銀行業,3.2,★☆☆☆☆,0.0,0.0,0.0,0.0,3.2,0.0,0.0,0.0,,,0.0,-5.8,2.8,-2.6,3314,3508.0,-4.8,0.6,150321,-
6594,ニデック,電気機器,3.2,★☆☆☆☆,0.0,0.0,2.0,0.0,1.2,0.0,0.0,0.0,,,0.0,3.4,3.8,-0.6,2429,2627.0,-5.2,0.6,10957,-
7182,ゆうちょ銀行,銀行業,3.2,★☆☆☆☆,0.0,0.0,0.0,0.0,3.2,0.0,0.0,0.0,,,0.0,-8.0,3.0,-2.4,2963,3151.0,-3.8,0.7,22268,-
7943,ニチハ,ガラス・土石製品,3.2,★☆☆☆☆,0.0,0.0,1.0,0.0,2.2,0.0,0.0,0.0,,,0.0,2.4,2.7,-0.6,2922,3090.0,-1.4,0.5,207,-
6617,東光高岳,電気機器,3.2,★☆☆☆☆,0.0,0.0,1.0,0.0,2.2,0.0,0.0,0.0,,,0.0,-11.2,6.4,-5.4,6280,7200.0,-6.9,0.6,1366,-
3983,オロ,情報・通信業,3.2,★☆☆☆☆,0.0,0.0,2.0,0.0,1.2,0.0,0.0,0.0,,,0.0,2.1,2.3,-0.7,2080,2181.0,-4.5,1.2,107,-
6505,東洋電機製造,電気機器,3.2,★☆☆☆☆,0.0,0.0,0.0,0.0,3.2,0.0,0.0,0.0,,,0.0,-0.1,2.8,-0.1,2256,2390.0,-1.6,0.9,132,-
6432,竹内製作所,機械,3.2,★☆☆☆☆,0.0,0.0,0.0,0.0,3.2,0.0,0.0,0.0,,,0.0,-2.4,3.4,-1.8,6870,7370.0,-3.7,0.7,1806,-
2593,伊藤園,食料品,3.2,★☆☆☆☆,0.0,0.0,2.0,0.0,1.2,0.0,0.0,0.0,,,0.0,0.8,2.2,-1.0,2839,2970.0,-1.4,0.6,1092,-
7047,ポート,サービス業,3.2,★☆☆☆☆,0.0,0.0,1.0,0.0,2.2,0.0,0.0,0.0,,,0.0,-3.8,5.5,-3.8,2084,2341.0,3.8,0.7,474,-
5947,リンナイ,金属製品,3.2,★☆☆☆☆,0.0,0.0,1.0,0.0,2.2,0.0,0.0,0.0,,,0.0,0.5,2.0,-0.9,3428,3575.0,-2.1,0.5,1454,-
4204,積水化学工業,化学,3.2,★☆☆☆☆,0.0,0.0,1.0,0.0,2.2,0.0,0.0,0.0,,,0.0,-0.0,1.9,-0.9,2545,2643.0,-1.9,0.8,4369,-
7921,ＴＡＫＡＲＡ　＆　ＣＯＭＰＡＮＹ,その他製品,3.2,★☆☆☆☆,0.0,0.0,0.0,0.0,3.2,0.0,0.0,0.0,,,0.0,-1.5,2.4,-0.3,4068,4275.0,0.0,0.5,147,-
6395,タダノ,機械,3.2,★☆☆☆☆,0.0,0.0,1.0,0.0,2.2,0.0,0.0,0.0,,,0.0,2.1,3.8,-0.9,1242,1343.0,-6.1,0.6,671,-
9449,ＧＭＯインターネットグループ,情報・通信業,3.0,★☆☆☆☆,0.0,0.0,1.0,0.0,2.0,0.0,0.0,0.0,,,0.0,2.9,3.6,-1.2,3758,4054.0,-6.7,0.7,2199,-
6209,リケンＮＰＲ,機械,3.0,★☆☆☆☆,0.0,0.0,1.0,0.0,2.0,0.0,0.0,0.0,,,0.0,-0.3,2.6,-1.1,3746,3950.0,-1.4,0.6,521,-
6632,ＪＶＣケンウッド,電気機器,3.0,★☆☆☆☆,0.0,0.0,3.0,0.0,0.0,0.0,0.0,0.0,,,0.0,-10.4,4.6,-5.3,914,1007.0,-3.5,0.8,1640,-
8439,東京センチュリー,その他金融業,3.0,★☆☆☆☆,0.0,0.0,1.0,0.0,2.0,0.0,0.0,0.0,,,0.0,-4.2,2.4,-1.0,2432,2557.0,0.4,1.3,1848,-
4419,Ｆｉｎａｔｅｘｔホールディングス,情報・通信業,3.0,★☆☆☆☆,0.0,0.0,3.0,0.0,0.0,0.0,0.0,0.0,,,0.0,-11.5,8.1,-9.1,1158,1380.0,-1.0,0.7,1076,-
6677,エスケーエレクトロニクス,電気機器,3.0,★☆☆☆☆,0.0,0.0,2.0,0.0,1.0,0.0,0.0,0.0,,,0.0,-7.0,4.5,-7.7,2891,3175.0,-5.6,1.0,374,資金流入増
7181,かんぽ生命保険,保険業,3.0,★☆☆☆☆,0.0,0.0,1.0,0.0,2.0,0.0,0.0,0.0,,,0.0,-5.0,3.4,-3.3,1538,1651.5,-2.7,0.6,4538,-
3360,シップヘルスケアホールディングス,卸売業,3.0,★☆☆☆☆,0.0,0.0,2.0,0.0,1.0,0.0,0.0,0.0,,,0.0,0.9,2.8,-1.9,2237,2369.5,0.5,0.9,718,-
8086,ニプロ,精密機器,3.0,★☆☆☆☆,0.0,0.0,1.0,0.0,2.0,0.0,0.0,0.0,,,0.0,2.7,2.4,-1.1,1509,1586.0,-0.6,1.2,1164,-
7888,三光合成,化学,3.0,★☆☆☆☆,0.0,0.0,2.0,0.0,1.0,0.0,0.0,0.0,,,0.0,-1.3,2.7,-1.9,866,915.0,-1.7,0.5,145,-
9830,トラスコ中山,卸売業,3.0,★☆☆☆☆,0.0,0.0,2.0,0.0,1.0,0.0,0.0,0.0,,,0.0,0.7,2.6,-0.9,2238,2360.0,-1.5,0.6,389,-
7988,ニフコ,化学,3.0,★☆☆☆☆,0.0,0.0,1.0,0.0,2.0,0.0,0.0,0.0,,,0.0,-0.9,2.5,-0.7,4819,5068.0,-0.9,0.5,1556,-
9142,九州旅客鉄道,陸運業,3.0,★☆☆☆☆,0.0,0.0,2.0,0.0,1.0,0.0,0.0,0.0,,,0.0,-1.7,1.8,-1.1,3390,3516.0,0.8,1.4,2931,-
6736,サン電子,電気機器,3.0,★☆☆☆☆,0.0,0.0,3.0,0.0,0.0,0.0,0.0,0.0,,,0.0,-15.3,10.4,-18.2,5981,7560.0,-6.3,1.5,509,-
6804,ホシデン,電気機器,3.0,★☆☆☆☆,0.0,0.0,2.0,0.0,1.0,0.0,0.0,0.0,,,0.0,-0.2,3.3,-3.3,2565,2749.0,-7.5,0.6,766,-
9008,京王電鉄,陸運業,3.0,★☆☆☆☆,0.0,0.0,0.0,0.0,3.0,0.0,0.0,0.0,,,0.0,1.6,2.0,0.5,754,785.4000244140625,3.4,0.8,1652,MA上昇配列
4554,富士製薬工業,医薬品,2.7,★☆☆☆☆,0.0,0.0,0.0,0.0,2.7,0.0,0.0,0.0,,,0.0,-1.2,2.7,-0.8,1745,1847.0,-0.2,0.7,204,-
6666,リバーエレテック,電気機器,2.7,★☆☆☆☆,0.0,0.0,0.0,0.0,2.7,0.0,0.0,0.0,,,0.0,-5.5,6.2,-0.8,676,772.0,-4.8,0.3,112,-
9474,ゼンリン,情報・通信業,2.7,★☆☆☆☆,0.0,0.0,0.0,0.0,2.7,0.0,0.0,0.0,,,0.0,-0.0,1.4,0.0,877,901.0,0.8,0.6,219,-
4519,中外製薬,医薬品,2.7,★☆☆☆☆,0.0,0.0,0.0,0.0,2.7,0.0,0.0,0.0,,,0.0,-2.2,2.5,-0.2,6658,7011.0,1.1,0.6,20765,-
7373,アイドマ・ホールディングス,サービス業,2.7,★☆☆☆☆,0.0,0.0,0.0,0.0,2.7,0.0,0.0,0.0,,,0.0,-3.8,2.4,-0.9,911,956.0,-0.4,0.6,112,-
4887,サワイグループホールディングス,医薬品,2.7,★☆☆☆☆,0.0,0.0,0.0,0.0,2.7,0.0,0.0,0.0,,,0.0,-1.2,2.7,-0.8,1545,1632.0,0.0,0.7,946,-
4229,群栄化学工業,化学,2.7,★☆☆☆☆,0.0,0.0,0.0,0.0,2.7,0.0,0.0,0.0,,,0.0,-4.3,3.6,-0.4,4173,4495.0,-4.7,0.5,120,-
7532,パン・パシフィック・インターナショナルホールディングス,小売業,2.7,★☆☆☆☆,0.0,0.0,1.0,0.0,0.0,0.0,1.7,0.0,,,0.0,-3.8,3.3,-8.3,764,818.2000122070312,-11.7,1.4,10799,開示[増配](6日前)
9413,テレビ東京ホールディングス,情報・通信業,2.7,★☆☆☆☆,0.0,0.0,0.0,0.0,2.7,0.0,0.0,0.0,,,0.0,-0.8,1.8,-1.0,3299,3420.0,0.9,0.7,349,-
3046,ジンズホールディングス,小売業,2.7,★☆☆☆☆,0.0,0.0,0.0,0.0,2.7,0.0,0.0,0.0,,,0.0,-1.7,3.5,-2.4,5927,6380.0,-3.3,0.5,2103,-
5333,ＮＧＫ,ガラス・土石製品,2.7,★☆☆☆☆,0.0,0.0,0.0,0.0,2.7,0.0,0.0,0.0,,,0.0,-11.4,4.6,-5.8,4964,5465.0,-7.8,0.6,9958,-
6584,三櫻工業,輸送用機器,2.7,★☆☆☆☆,0.0,0.0,0.0,0.0,2.7,0.0,0.0,0.0,,,0.0,-2.0,4.8,-0.9,732,809.0,-1.6,0.5,515,-
1975,朝日工業社,建設業,2.7,★☆☆☆☆,0.0,0.0,0.0,0.0,2.7,0.0,0.0,0.0,,,0.0,-4.1,4.4,-1.4,3500,3835.0,0.0,0.6,439,-
3457,Ａｎｄ　Ｄｏホールディングス,不動産業,2.7,★☆☆☆☆,0.0,0.0,0.0,0.0,2.7,0.0,0.0,0.0,,,0.0,-0.0,1.3,-0.3,905,929.0,-0.7,1.0,112,-
5471,大同特殊鋼,鉄鋼,2.7,★☆☆☆☆,0.0,0.0,0.0,0.0,2.7,0.0,0.0,0.0,,,0.0,-6.3,4.3,-4.5,2034,2227.0,-7.8,0.8,2907,-
3407,旭化成,化学,2.5,★☆☆☆☆,0.0,0.0,0.0,0.0,1.0,0.0,1.5,0.0,,,0.0,-11.4,3.0,-5.7,1545,1641.5,-3.6,0.5,10709,開示[自己株式の取得](7日前)
6629,テクノホライゾン,電気機器,2.5,★☆☆☆☆,0.0,0.0,0.0,0.0,2.5,0.0,0.0,0.0,,,0.0,-5.9,3.7,-2.2,886,956.0,-5.4,0.7,252,-
1893,五洋建設,建設業,2.5,★☆☆☆☆,0.0,0.0,1.0,0.0,1.5,0.0,0.0,0.0,,,0.0,-10.1,3.6,-4.3,1331,1433.5,-0.3,0.9,3360,-
1968,太平電業,建設業,2.5,★☆☆☆☆,0.0,0.0,1.0,0.0,1.5,0.0,0.0,0.0,,,0.0,-3.9,3.5,-2.7,2194,2357.0,-1.2,0.9,472,-
6832,アオイ電子,電気機器,2.5,★☆☆☆☆,0.0,0.0,1.0,0.0,1.5,0.0,0.0,0.0,,,0.0,-8.1,3.7,-3.6,2064,2231.0,-6.6,0.6,107,-
1720,東急建設,建設業,2.5,★☆☆☆☆,0.0,0.0,1.0,0.0,1.5,0.0,0.0,0.0,,,0.0,-2.0,2.3,-0.8,1090,1143.0,0.1,0.7,423,-
5929,三和ホールディングス,金属製品,2.5,★☆☆☆☆,0.0,0.0,0.0,0.0,2.5,0.0,0.0,0.0,,,0.0,-4.0,2.4,-2.0,3444,3617.0,-0.9,0.7,2656,-
9401,ＴＢＳホールディングス,情報・通信業,2.5,★☆☆☆☆,0.0,0.0,0.0,0.0,2.5,0.0,0.0,0.0,,,0.0,-3.5,2.5,-2.7,5565,5852.0,0.5,0.6,2034,-
9531,東京瓦斯,電気・ガス業,2.5,★☆☆☆☆,0.0,0.0,1.0,0.0,1.5,0.0,0.0,0.0,,,0.0,-0.5,2.0,-0.1,5848,6090.0,1.2,1.3,6485,-
7412,アトム,小売業,2.5,★☆☆☆☆,0.0,0.0,1.0,0.0,1.5,0.0,0.0,0.0,,,0.0,0.6,2.5,-0.8,352,370.0,-1.1,1.4,217,-
8795,Ｔ＆Ｄホールディングス,保険業,2.4,★☆☆☆☆,0.0,0.0,0.0,0.0,2.0,0.0,0.4,0.0,,,0.0,-4.4,2.7,-3.3,4534,4795.0,-2.7,1.1,7422,開示[自己株式の取得](12日前)
8031,三井物産,卸売業,2.2,★☆☆☆☆,0.0,0.0,0.0,0.0,2.2,0.0,0.0,0.0,,,0.0,-0.8,2.6,0.9,4646,4899.0,1.5,0.8,28731,-
6136,オーエスジー,機械,2.2,★☆☆☆☆,0.0,0.0,0.0,0.0,2.2,0.0,0.0,0.0,,,0.0,-2.9,3.9,-4.1,3354,3639.0,-6.9,0.8,1632,-
8227,しまむら,小売業,2.2,★☆☆☆☆,0.0,0.0,1.0,0.0,1.2,0.0,0.0,0.0,,,0.0,1.9,2.2,-0.4,3184,3329.0,-0.5,1.0,2483,-
6586,マキタ,機械,2.2,★☆☆☆☆,0.0,0.0,0.0,0.0,2.2,0.0,0.0,0.0,,,0.0,-7.8,2.4,-4.7,4963,5208.0,-4.0,0.5,5791,-
6651,日東工業,電気機器,2.2,★☆☆☆☆,0.0,0.0,0.0,0.0,2.2,0.0,0.0,0.0,,,0.0,1.1,2.9,-0.5,4143,4395.0,-3.3,0.7,373,-
3865,北越コーポレーション,パルプ・紙,2.2,★☆☆☆☆,0.0,0.0,1.0,0.0,1.2,0.0,0.0,0.0,,,0.0,-2.1,3.2,-1.5,847,905.0,1.1,0.7,226,-
3391,ツルハホールディングス,小売業,2.2,★☆☆☆☆,0.0,0.0,0.0,0.0,2.2,0.0,0.0,0.0,,,0.0,2.3,2.3,-0.4,2296,2404.5,0.0,0.8,3070,-
8058,三菱商事,卸売業,2.2,★☆☆☆☆,0.0,0.0,0.0,0.0,2.2,0.0,0.0,0.0,,,0.0,-1.9,2.7,0.7,4532,4794.0,0.5,0.8,36937,-
6516,山洋電気,電気機器,2.2,★☆☆☆☆,0.0,0.0,1.0,0.0,1.2,0.0,0.0,0.0,,,0.0,-4.2,4.5,-3.2,5009,5500.0,-6.8,0.5,1082,-
3104,富士紡ホールディングス,繊維製品,2.2,★☆☆☆☆,0.0,0.0,1.0,0.0,1.2,0.0,0.0,0.0,,,0.0,-14.7,4.9,-6.6,3109,3450.0,-5.3,0.8,602,-
3105,日清紡ホールディングス,電気機器,2.2,★☆☆☆☆,0.0,0.0,1.0,0.0,1.2,0.0,0.0,0.0,,,0.0,-5.9,6.3,-6.2,1866,2135.0,-13.9,0.9,2132,-
6653,正興電機製作所,電気機器,2.2,★☆☆☆☆,0.0,0.0,1.0,0.0,1.2,0.0,0.0,0.0,,,0.0,-3.5,4.4,-2.5,1955,2142.0,-5.9,0.9,406,-
5253,カバー,情報・通信業,2.2,★☆☆☆☆,0.0,0.0,1.0,0.0,1.2,0.0,0.0,0.0,,,0.0,-2.2,4.7,-3.6,1359,1501.0,-1.8,0.2,3618,-
7173,東京きらぼしフィナンシャルグループ,銀行業,2.2,★☆☆☆☆,0.0,0.0,0.0,0.0,2.2,0.0,0.0,0.0,,,0.0,-1.9,3.2,-1.1,1602,1713.0,-3.8,0.9,2068,-
4345,シーティーエス,サービス業,2.2,★☆☆☆☆,0.0,0.0,1.0,0.0,1.2,0.0,0.0,0.0,,,0.0,-1.0,2.0,-1.1,804,838.0,-0.9,0.6,101,-
4324,電通グループ,サービス業,2.2,★☆☆☆☆,0.0,0.0,1.0,0.0,1.2,0.0,0.0,0.0,,,0.0,5.3,3.8,-1.4,3254,3519.0,-6.9,0.6,5933,-
2264,森永乳業,食料品,2.2,★☆☆☆☆,0.0,0.0,0.0,0.0,2.2,0.0,0.0,0.0,,,0.0,-4.9,3.4,-2.9,1096,1176.0,-1.1,0.8,2207,-
4547,キッセイ薬品工業,医薬品,2.2,★☆☆☆☆,0.0,0.0,0.0,0.0,2.2,0.0,0.0,0.0,,,0.0,-2.4,2.5,-0.8,3893,4095.0,-1.7,0.5,326,-
7238,曙ブレーキ工業,輸送用機器,2.2,★☆☆☆☆,0.0,0.0,1.0,0.0,1.2,0.0,0.0,0.0,,,0.0,-1.2,3.3,-2.0,100,107.0,-1.8,0.7,251,-
5821,平河ヒューテック,非鉄金属,2.2,★☆☆☆☆,0.0,0.0,1.0,0.0,1.2,0.0,0.0,0.0,,,0.0,3.5,4.7,-2.0,2896,3200.0,-9.3,0.7,286,-
2652,まんだらけ,小売業,2.2,★☆☆☆☆,0.0,0.0,1.0,0.0,1.2,0.0,0.0,0.0,,,0.0,-0.3,4.3,-3.5,392,428.0,-10.8,0.8,109,-
2413,エムスリー,サービス業,2.2,★☆☆☆☆,0.0,0.0,1.0,0.0,1.2,0.0,0.0,0.0,,,0.0,-5.1,6.1,-4.0,1499,1708.0,0.6,0.6,10332,-
6971,京セラ,電気機器,2.2,★☆☆☆☆,0.0,0.0,0.0,0.0,2.2,0.0,0.0,0.0,,,0.0,-2.3,3.7,-3.0,3344,3608.0,-7.7,0.9,20739,-
6902,デンソー,輸送用機器,2.2,★☆☆☆☆,0.0,0.0,1.0,0.0,1.2,0.0,0.0,0.0,,,0.0,-1.6,2.1,-1.3,1867,1948.5,-0.3,0.6,18314,-
6925,ウシオ電機,電気機器,2.2,★☆☆☆☆,0.0,0.0,1.0,0.0,1.2,0.0,0.0,0.0,,,0.0,-9.1,5.6,-5.0,3398,3824.0,-11.6,0.6,1947,-
2579,コカ・コーラ　ボトラーズジャパンホールディングス,食料品,2.2,★☆☆☆☆,0.0,0.0,0.0,0.0,2.2,0.0,0.0,0.0,,,0.0,-8.1,3.4,-4.9,3604,3863.0,-2.9,0.6,4425,-
1723,日本電技,建設業,2.2,★☆☆☆☆,0.0,0.0,1.0,0.0,1.2,0.0,0.0,0.0,,,0.0,-4.9,5.2,-4.8,1857,2071.0,-2.1,0.8,670,-
5698,エンビプロ・ホールディングス,鉄鋼,2.2,★☆☆☆☆,0.0,0.0,1.0,0.0,1.2,0.0,0.0,0.0,,,0.0,-1.4,5.4,-0.8,713,799.0,3.5,0.7,240,-
4088,エア・ウォーター,化学,2.2,★☆☆☆☆,0.0,0.0,0.0,0.0,2.2,0.0,0.0,0.0,,,0.0,-1.9,2.9,-2.2,2352,2497.0,-1.5,1.0,2576,-
5981,東京製綱,金属製品,2.2,★☆☆☆☆,0.0,0.0,0.0,0.0,2.2,0.0,0.0,0.0,,,0.0,-1.3,4.1,-1.9,1775,1934.0,0.4,0.6,203,-
2587,サントリービバレッジ＆フード,食料品,2.2,★☆☆☆☆,0.0,0.0,0.0,0.0,2.2,0.0,0.0,0.0,,,0.0,-0.1,2.3,-1.3,4362,4571.0,-1.7,0.8,5831,-
7201,日産自動車,輸送用機器,2.2,★☆☆☆☆,0.0,0.0,0.0,0.0,2.2,0.0,0.0,0.0,,,0.0,1.7,3.3,0.6,314,336.0,1.8,0.7,12058,-
6806,ヒロセ電機,電気機器,2.0,★☆☆☆☆,0.0,0.0,2.0,0.0,0.0,0.0,0.0,0.0,,,0.0,-8.4,3.5,-5.1,23884,25665.0,-6.0,0.8,6402,-
7932,ニッピ,その他製品,2.0,★☆☆☆☆,0.0,0.0,1.0,0.0,1.0,0.0,0.0,0.0,,,0.0,-3.2,2.0,-1.7,11281,11750.0,0.3,0.3,124,-
9202,ＡＮＡホールディングス,空運業,2.0,★☆☆☆☆,0.0,0.0,0.0,0.0,2.0,0.0,0.0,0.0,,,0.0,2.2,1.7,-1.4,2935,3040.0,-2.8,0.7,8001,-
4188,三菱ケミカルグループ,化学,2.0,★☆☆☆☆,0.0,0.0,0.0,0.0,2.0,0.0,0.0,0.0,,,0.0,-5.0,3.3,-3.0,1071,1147.5,-5.0,0.6,7376,-
4732,ユー・エス・エス,サービス業,2.0,★☆☆☆☆,0.0,0.0,0.0,0.0,2.0,0.0,0.0,0.0,,,0.0,1.0,1.7,-1.6,1892,1960.0,-2.5,1.0,2111,-
6471,日本精工,機械,2.0,★☆☆☆☆,0.0,0.0,2.0,0.0,0.0,0.0,0.0,0.0,,,0.0,-1.6,3.0,-2.2,1050,1117.5,-4.9,0.6,3121,-
8593,三菱ＨＣキャピタル,その他金融業,2.0,★☆☆☆☆,0.0,0.0,0.0,0.0,2.0,0.0,0.0,0.0,,,0.0,-2.5,2.1,-2.2,1336,1395.0,-0.4,0.7,6844,-
6178,日本郵政,サービス業,2.0,★☆☆☆☆,0.0,0.0,0.0,0.0,2.0,0.0,0.0,0.0,,,0.0,-4.4,2.6,-2.4,2215,2336.0,-1.7,1.1,11860,-
3300,アンビション　ＤＸ　ホールディングス,不動産業,2.0,★☆☆☆☆,0.0,0.0,2.0,0.0,0.0,0.0,0.0,0.0,,,0.0,-7.7,3.0,-7.8,1820,1935.0,-4.2,1.5,149,-
8424,芙蓉総合リース,その他金融業,2.0,★☆☆☆☆,0.0,0.0,0.0,0.0,2.0,0.0,0.0,0.0,,,0.0,-0.2,1.7,-1.1,4239,4386.0,-2.4,1.1,851,-
4901,富士フイルムホールディングス,化学,2.0,★☆☆☆☆,0.0,0.0,1.0,0.0,1.0,0.0,0.0,0.0,,,0.0,-11.4,4.2,-9.0,2944,3217.0,-3.4,0.6,23174,-
8591,オリックス,その他金融業,2.0,★☆☆☆☆,0.0,0.0,0.0,0.0,2.0,0.0,0.0,0.0,,,0.0,-7.0,2.4,-4.2,5815,6115.0,-4.1,0.7,21966,-
3798,ＵＬＳグループ,情報・通信業,2.0,★☆☆☆☆,0.0,0.0,2.0,0.0,0.0,0.0,0.0,0.0,,,0.0,-2.9,3.4,-3.9,493,529.0,0.8,0.5,133,-
6841,横河電機,電気機器,2.0,★☆☆☆☆,0.0,0.0,2.0,0.0,0.0,0.0,0.0,0.0,,,0.0,-12.7,4.7,-9.8,4528,5000.0,-12.1,0.8,7416,-
2501,サッポロビール,食料品,2.0,★☆☆☆☆,0.0,0.0,1.0,0.0,1.0,0.0,0.0,0.0,,,0.0,-1.3,4.0,-3.9,1763,1916.5,-6.5,0.7,3193,-
9065,山九,陸運業,2.0,★☆☆☆☆,0.0,0.0,1.0,0.0,1.0,0.0,0.0,0.0,,,0.0,-8.8,2.8,-5.7,7873,8337.0,-2.2,0.8,2300,-
5957,日東精工,金属製品,2.0,★☆☆☆☆,0.0,0.0,0.0,0.0,2.0,0.0,0.0,0.0,,,0.0,-0.4,2.0,-0.6,742,773.0,-0.6,0.6,101,-
5242,アイズ,情報・通信業,2.0,★☆☆☆☆,0.0,0.0,2.0,0.0,0.0,0.0,0.0,0.0,,,0.0,-2.0,8.7,-4.7,1600,1938.0,-0.4,0.1,122,資金流入増
6237,イワキポンプ,機械,2.0,★☆☆☆☆,0.0,0.0,2.0,0.0,0.0,0.0,0.0,0.0,,,0.0,-12.6,8.2,-10.3,3681,4400.0,-5.1,0.5,1124,資金流入増
7157,ライフネット生命保険,保険業,2.0,★☆☆☆☆,0.0,0.0,2.0,0.0,0.0,0.0,0.0,0.0,,,0.0,-4.9,4.0,-5.6,1407,1529.0,1.7,1.2,485,-
4751,サイバーエージェント,サービス業,2.0,★☆☆☆☆,0.0,0.0,2.0,0.0,0.0,0.0,0.0,0.0,,,0.0,-6.4,4.0,-6.8,1202,1305.5,3.1,0.6,10188,-
9301,三菱倉庫,倉庫・運輸関連業,2.0,★☆☆☆☆,0.0,0.0,0.0,0.0,2.0,0.0,0.0,0.0,,,0.0,-5.1,2.5,-2.4,1434,1510.5,0.6,0.7,1917,-
4755,楽天グループ,サービス業,2.0,★☆☆☆☆,0.0,0.0,2.0,0.0,0.0,0.0,0.0,0.0,,,0.0,-1.5,4.0,-3.4,718,780.7999877929688,2.2,0.8,15253,-
2201,森永製菓,食料品,2.0,★☆☆☆☆,0.0,0.0,0.0,0.0,2.0,0.0,0.0,0.0,,,0.0,-1.8,1.9,-1.2,2484,2584.5,1.2,0.7,874,-
5991,日本発條,金属製品,2.0,★☆☆☆☆,0.0,0.0,1.0,0.0,1.0,0.0,0.0,0.0,,,0.0,-5.3,4.0,-2.9,3203,3479.0,-6.3,0.8,2703,-
6269,三井海洋開発,機械,2.0,★☆☆☆☆,0.0,0.0,2.0,0.0,0.0,0.0,0.0,0.0,,,0.0,-5.4,5.8,-5.3,8491,9600.0,-8.7,1.3,7173,-
2270,雪印メグミルク,食料品,2.0,★☆☆☆☆,0.0,0.0,0.0,0.0,2.0,0.0,0.0,0.0,,,0.0,-0.5,2.9,-0.9,3460,3670.0,0.1,0.5,773,-
7984,コクヨ,その他製品,2.0,★☆☆☆☆,0.0,0.0,0.0,0.0,2.0,0.0,0.0,0.0,,,0.0,2.4,1.9,-0.3,838,870.7000122070312,-0.3,0.5,948,-
2674,ハードオフコーポレーション,小売業,2.0,★☆☆☆☆,0.0,0.0,1.0,0.0,1.0,0.0,0.0,0.0,,,0.0,-2.2,4.0,-4.0,2509,2725.0,-2.1,0.6,256,-
8316,三井住友フィナンシャルグループ,銀行業,2.0,★☆☆☆☆,0.0,0.0,0.0,0.0,2.0,0.0,0.0,0.0,,,0.0,-7.2,2.7,-3.4,6250,6606.0,-5.2,0.6,83303,-
6145,ＮＩＴＴＯＫＵ,機械,2.0,★☆☆☆☆,0.0,0.0,2.0,0.0,0.0,0.0,0.0,0.0,,,0.0,-8.5,5.0,-6.0,2158,2400.0,-1.6,1.6,367,-
2810,ハウス食品グループ本社,食料品,2.0,★☆☆☆☆,0.0,0.0,0.0,0.0,2.0,0.0,0.0,0.0,,,0.0,-1.6,2.1,-1.7,3608,3766.0,-0.6,0.7,1010,-
8750,第一ライフグループ,保険業,2.0,★☆☆☆☆,0.0,0.0,0.0,0.0,2.0,0.0,0.0,0.0,,,0.0,-5.5,2.7,-4.6,1694,1788.5,-4.6,0.6,17962,-
8630,ＳＯＭＰＯホールディングス,保険業,2.0,★☆☆☆☆,0.0,0.0,0.0,0.0,2.0,0.0,0.0,0.0,,,0.0,-2.1,2.5,-2.6,6420,6757.0,-3.6,1.1,17516,-
3191,ジョイフル本田,小売業,2.0,★☆☆☆☆,0.0,0.0,0.0,0.0,2.0,0.0,0.0,0.0,,,0.0,2.2,3.1,-0.4,2164,2308.0,1.7,0.7,604,-
6588,東芝テック,電気機器,2.0,★☆☆☆☆,0.0,0.0,2.0,0.0,0.0,0.0,0.0,0.0,,,0.0,-4.0,4.1,-3.7,2766,3010.0,-7.1,0.4,590,-
1976,明星工業,建設業,2.0,★☆☆☆☆,0.0,0.0,1.0,0.0,1.0,0.0,0.0,0.0,,,0.0,-7.3,3.7,-5.8,1637,1769.0,-5.7,0.8,233,-
6638,ミマキエンジニアリング,電気機器,2.0,★☆☆☆☆,0.0,0.0,1.0,0.0,1.0,0.0,0.0,0.0,,,0.0,-14.1,4.8,-8.5,1702,1885.0,-5.8,0.6,260,-
8136,サンリオ,卸売業,2.0,★☆☆☆☆,0.0,0.0,2.0,0.0,0.0,0.0,0.0,0.0,,,0.0,3.5,6.9,-5.7,1014,1176.0,-8.3,0.6,37649,-
3288,オープンハウスグループ,不動産業,1.9,★☆☆☆☆,0.0,0.0,1.0,0.0,0.0,0.0,0.9,0.0,,,0.0,-2.6,2.4,-2.8,7742,8136.0,-1.3,1.2,2885,開示[自己株式の取得](10日前)
6376,日機装,精密機器,1.6,★☆☆☆☆,0.0,0.0,0.0,0.0,0.0,0.0,1.6,0.0,,,0.0,-12.8,7.6,-10.1,2929,3450.0,-21.3,0.7,2305,開示[業績予想の修正](10日前) / 開示[増配](10日前)
3099,三越伊勢丹ホールディングス,小売業,1.6,★☆☆☆☆,0.0,0.0,0.0,0.0,1.0,0.0,0.6,0.0,,,0.0,-4.7,3.7,-4.6,3215,3473.0,-2.1,0.6,11012,開示[自己株式取得](11日前)
5332,ＴＯＴＯ,ガラス・土石製品,1.5,★☆☆☆☆,0.0,0.0,0.0,0.0,1.5,0.0,0.0,0.0,,,0.0,-15.4,4.1,-7.0,5833,6351.0,-4.2,0.5,8433,-
3449,テクノフレックス,金属製品,1.5,★☆☆☆☆,0.0,0.0,0.0,0.0,1.5,0.0,0.0,0.0,,,0.0,-29.4,9.8,-16.4,3010,3745.0,-7.5,0.9,884,-
6544,ジャパンエレベーターサービスホールディングス,サービス業,1.5,★☆☆☆☆,0.0,0.0,0.0,0.0,1.5,0.0,0.0,0.0,,,0.0,-5.2,3.7,-3.8,1437,1551.5,1.0,0.6,1312,-
6367,ダイキン工業,機械,1.5,★☆☆☆☆,0.0,0.0,0.0,0.0,0.0,0.0,1.5,0.0,,,0.0,-13.5,2.9,-9.2,19515,20700.0,-2.6,0.7,35944,開示[自己株式取得](7日前)
9256,サクシード,サービス業,1.5,★☆☆☆☆,0.0,0.0,0.0,0.0,1.5,0.0,0.0,0.0,,,0.0,-56.0,8.6,-39.1,942,1138.0,-1.3,0.2,487,-
5214,日本電気硝子,ガラス・土石製品,1.5,★☆☆☆☆,0.0,0.0,0.0,0.0,1.5,0.0,0.0,0.0,,,0.0,-14.3,5.0,-7.2,4318,4795.0,-6.8,0.7,4051,-
3482,ロードスターキャピタル,不動産業,1.5,★☆☆☆☆,0.0,0.0,0.0,0.0,1.5,0.0,0.0,0.0,,,0.0,-3.6,2.3,-1.0,2519,2643.0,1.3,0.7,354,-
5201,ＡＧＣ,ガラス・土石製品,1.5,★☆☆☆☆,0.0,0.0,0.0,0.0,1.5,0.0,0.0,0.0,,,0.0,-7.5,3.3,-3.3,5418,5802.0,-2.7,0.8,10216,-
4685,菱友システムズ,情報・通信業,1.5,★☆☆☆☆,0.0,0.0,0.0,0.0,1.5,0.0,0.0,0.0,,,0.0,-5.4,3.5,-3.0,2482,2666.0,-3.8,0.4,110,-
1950,日本電設工業,建設業,1.5,★☆☆☆☆,0.0,0.0,0.0,0.0,1.5,0.0,0.0,0.0,,,0.0,-6.4,2.9,-2.8,3611,3835.0,-1.8,0.6,534,-
6088,シグマクシス・ホールディングス,サービス業,1.5,★☆☆☆☆,0.0,0.0,0.0,0.0,1.5,0.0,0.0,0.0,,,0.0,0.3,3.5,-0.5,520,560.0,0.7,0.6,340,-
1959,クラフティア,建設業,1.5,★☆☆☆☆,0.0,0.0,0.0,0.0,1.5,0.0,0.0,0.0,,,0.0,-6.1,2.6,-3.2,7756,8179.0,-2.6,0.7,2292,-
6817,スミダコーポレーション,電気機器,1.5,★☆☆☆☆,0.0,0.0,0.0,0.0,1.5,0.0,0.0,0.0,,,0.0,-7.5,3.6,-1.4,1152,1240.0,-2.1,0.6,407,-
9247,ＴＲＥホールディングス,サービス業,1.4,★☆☆☆☆,0.0,0.0,0.0,0.0,1.0,0.0,0.4,0.0,,,0.0,-9.0,3.4,-3.0,1839,1975.0,-2.1,0.8,530,開示[業績予想の修正](12日前)
4462,石原ケミカル,化学,1.2,★☆☆☆☆,0.0,0.0,0.0,0.0,1.2,0.0,0.0,0.0,,,0.0,1.2,5.0,-1.2,2696,2995.0,-9.0,0.6,147,-
4617,中国塗料,化学,1.2,★☆☆☆☆,0.0,0.0,0.0,0.0,1.2,0.0,0.0,0.0,,,0.0,-2.2,3.4,-1.8,3329,3570.0,-1.9,0.4,935,-
1803,清水建設,建設業,1.2,★☆☆☆☆,0.0,0.0,0.0,0.0,1.2,0.0,0.0,0.0,,,0.0,-5.3,2.9,-2.9,2203,2336.5,-3.3,0.5,9443,-
6703,沖電気工業,電気機器,1.2,★☆☆☆☆,0.0,0.0,0.0,0.0,1.2,0.0,0.0,0.0,,,0.0,-19.2,4.6,-9.8,2437,2686.0,-10.0,0.7,2613,-
6143,ソディック,機械,1.2,★☆☆☆☆,0.0,0.0,0.0,0.0,1.2,0.0,0.0,0.0,,,0.0,-6.3,6.4,-4.4,1453,1667.0,-6.8,0.8,966,-
9551,メタウォーター,電気・ガス業,1.2,★☆☆☆☆,0.0,0.0,0.0,0.0,1.2,0.0,0.0,0.0,,,0.0,-3.1,3.2,-1.8,2914,3110.0,-3.4,0.5,494,-
8771,イー・ギャランティ,その他金融業,1.2,★☆☆☆☆,0.0,0.0,0.0,0.0,1.2,0.0,0.0,0.0,,,0.0,0.1,2.1,-0.5,1759,1838.0,-0.9,1.0,211,-
7600,日本エム・ディ・エム,精密機器,1.2,★☆☆☆☆,0.0,0.0,0.0,0.0,1.2,0.0,0.0,0.0,,,0.0,-8.0,5.0,-6.1,754,838.0,-6.3,0.5,241,-
2216,カンロ,食料品,1.2,★☆☆☆☆,0.0,0.0,0.0,0.0,1.2,0.0,0.0,0.0,,,0.0,-9.3,2.2,-4.5,1047,1095.0,-1.0,0.5,117,-
7701,島津製作所,精密機器,1.2,★☆☆☆☆,0.0,0.0,0.0,0.0,1.2,0.0,0.0,0.0,,,0.0,1.7,2.6,-0.5,3891,4109.0,-2.7,0.8,3976,-
7476,アズワン,卸売業,1.2,★☆☆☆☆,0.0,0.0,0.0,0.0,1.2,0.0,0.0,0.0,,,0.0,0.6,2.3,-0.2,2312,2421.5,1.7,0.5,387,-
9143,ＳＧホールディングス,陸運業,1.2,★☆☆☆☆,0.0,0.0,0.0,0.0,1.2,0.0,0.0,0.0,,,0.0,-0.9,2.6,-1.5,1484,1566.0,-4.7,1.0,2234,-
6378,木村化工機,機械,1.2,★☆☆☆☆,0.0,0.0,0.0,0.0,1.2,0.0,0.0,0.0,,,0.0,0.8,3.7,-1.6,1126,1217.0,-5.5,0.7,160,-
4061,デンカ,化学,1.2,★☆☆☆☆,0.0,0.0,0.0,0.0,1.2,0.0,0.0,0.0,,,0.0,-9.3,5.4,-4.8,3017,3380.0,-4.4,0.7,3395,-
5938,ＬＩＸＩＬ,金属製品,1.2,★☆☆☆☆,0.0,0.0,0.0,0.0,1.2,0.0,0.0,0.0,,,0.0,-4.3,1.6,-2.6,1698,1756.0,-0.3,0.8,4498,-
6946,日本アビオニクス,電気機器,1.2,★☆☆☆☆,0.0,0.0,0.0,0.0,1.2,0.0,0.0,0.0,,,0.0,4.1,6.3,-1.0,4673,5350.0,-9.0,0.7,1264,-
4078,堺化学工業,化学,1.2,★☆☆☆☆,0.0,0.0,0.0,0.0,1.2,0.0,0.0,0.0,,,0.0,-6.0,4.9,-3.2,3491,3870.0,-3.2,0.4,1323,-
3092,ＺＯＺＯ,小売業,1.2,★☆☆☆☆,0.0,0.0,0.0,0.0,1.2,0.0,0.0,0.0,,,0.0,1.8,2.3,-1.4,1080,1133.0,-0.7,0.5,3833,-
6807,日本航空電子工業,電気機器,1.2,★☆☆☆☆,0.0,0.0,0.0,0.0,1.2,0.0,0.0,0.0,,,0.0,-4.1,2.5,-1.0,2243,2363.0,1.5,0.8,746,-
7995,バルカー,化学,1.2,★☆☆☆☆,0.0,0.0,0.0,0.0,1.2,0.0,0.0,0.0,,,0.0,-1.3,5.2,-2.1,5846,6520.0,-5.5,0.5,745,-
6866,日置電機,電気機器,1.2,★☆☆☆☆,0.0,0.0,0.0,0.0,1.2,0.0,0.0,0.0,,,0.0,-6.5,6.0,-6.6,9484,10770.0,-11.1,0.9,667,-
6240,ヤマシンフィルタ,機械,1.2,★☆☆☆☆,0.0,0.0,0.0,0.0,1.2,0.0,0.0,0.0,,,0.0,-1.2,3.3,-0.3,502,537.0,-1.6,0.6,195,-
3591,ワコールホールディングス,繊維製品,1.0,★☆☆☆☆,0.0,0.0,1.0,0.0,0.0,0.0,0.0,0.0,,,0.0,-3.0,2.6,-3.0,4034,4254.0,-1.9,0.6,481,-
9735,セコム,サービス業,1.0,★☆☆☆☆,0.0,0.0,0.0,0.0,1.0,0.0,0.0,0.0,,,0.0,-3.4,2.7,-3.9,6062,6413.0,-1.5,0.6,9215,-
5463,丸一鋼管,鉄鋼,1.0,★☆☆☆☆,0.0,0.0,0.0,0.0,1.0,0.0,0.0,0.0,,,0.0,-3.9,3.1,-3.7,1613,1718.0,-2.7,0.8,1292,-
6564,ミダックホールディングス,サービス業,1.0,★☆☆☆☆,0.0,0.0,1.0,0.0,0.0,0.0,0.0,0.0,,,0.0,-5.8,4.8,-6.4,1845,2040.0,-7.1,0.6,136,-
5393,ニチアス,ガラス・土石製品,1.0,★☆☆☆☆,0.0,0.0,1.0,0.0,0.0,0.0,0.0,0.0,,,0.0,-4.5,3.9,-5.1,2984,3236.0,-10.5,1.3,2149,-
6113,アマダ,機械,1.0,★☆☆☆☆,0.0,0.0,0.0,0.0,1.0,0.0,0.0,0.0,,,0.0,-9.9,4.7,-6.2,2358,2602.5,-5.9,0.9,6545,-
9601,松竹,情報・通信業,1.0,★☆☆☆☆,0.0,0.0,1.0,0.0,0.0,0.0,0.0,0.0,,,0.0,2.6,2.4,-0.8,10486,11020.0,1.8,0.6,633,-
8766,東京海上ホールディングス,保険業,1.0,★☆☆☆☆,0.0,0.0,0.0,0.0,1.0,0.0,0.0,0.0,,,0.0,-7.1,2.4,-5.6,6988,7347.0,-2.6,0.9,36538,-
5105,ＴＯＹＯ　ＴＩＲＥ,ゴム製品,1.0,★☆☆☆☆,0.0,0.0,1.0,0.0,0.0,0.0,0.0,0.0,,,0.0,-6.0,4.3,-4.3,3481,3811.0,0.3,0.9,6159,開示[自己株式の取得](14日前)
6472,ＮＴＮ,機械,1.0,★☆☆☆☆,0.0,0.0,1.0,0.0,0.0,0.0,0.0,0.0,,,0.0,-1.2,3.6,-2.2,347,374.0,-4.2,0.5,1524,-
4553,東和薬品,医薬品,1.0,★☆☆☆☆,0.0,0.0,0.0,0.0,1.0,0.0,0.0,0.0,,,0.0,-4.7,3.6,-2.0,3618,3895.0,2.6,0.9,476,-
7649,スギホールディングス,小売業,1.0,★☆☆☆☆,0.0,0.0,1.0,0.0,0.0,0.0,0.0,0.0,,,0.0,-5.1,2.6,-4.2,2571,2714.5,-4.3,1.2,2994,-
1861,熊谷組,建設業,1.0,★☆☆☆☆,0.0,0.0,1.0,0.0,0.0,0.0,0.0,0.0,,,0.0,-11.8,2.9,-7.1,1212,1287.0,-1.2,1.1,1581,-
9960,東テク,卸売業,1.0,★☆☆☆☆,0.0,0.0,0.0,0.0,1.0,0.0,0.0,0.0,,,0.0,-6.4,3.3,-5.1,3450,3695.0,-2.9,0.5,409,-
9983,ファーストリテイリング,小売業,1.0,★☆☆☆☆,0.0,0.0,0.0,0.0,1.0,0.0,0.0,0.0,,,0.0,-4.0,2.7,-5.6,69561,73510.0,-4.7,0.9,86685,-
4042,東ソー,化学,1.0,★☆☆☆☆,0.0,0.0,0.0,0.0,1.0,0.0,0.0,0.0,,,0.0,-6.0,2.5,-2.6,2522,2656.0,-3.4,0.6,3810,-
6845,アズビル,電気機器,1.0,★☆☆☆☆,0.0,0.0,0.0,0.0,1.0,0.0,0.0,0.0,,,0.0,-6.9,3.4,-7.0,1394,1496.0,-4.4,1.0,2497,-
1414,ショーボンドホールディングス,建設業,1.0,★☆☆☆☆,0.0,0.0,1.0,0.0,0.0,0.0,0.0,0.0,,,0.0,-0.7,1.7,-2.4,1216,1258.0,-0.7,0.9,1388,開示[増配](14日前) / 開示[自己株式取得](14日前)
9962,ミスミグループ本社,卸売業,1.0,★☆☆☆☆,0.0,0.0,1.0,0.0,0.0,0.0,0.0,0.0,,,0.0,-2.7,4.2,-3.2,3313,3615.0,-5.6,0.6,6916,-
5423,東京製鐵,鉄鋼,1.0,★☆☆☆☆,0.0,0.0,0.0,0.0,1.0,0.0,0.0,0.0,,,0.0,-0.6,2.4,-2.2,1614,1694.0,-2.5,0.6,591,-
5461,中部鋼鈑,鉄鋼,1.0,★☆☆☆☆,0.0,0.0,1.0,0.0,0.0,0.0,0.0,0.0,,,0.0,-0.1,1.9,-0.2,1998,2079.0,-0.4,0.7,212,-
5334,日本特殊陶業,ガラス・土石製品,1.0,★☆☆☆☆,0.0,0.0,1.0,0.0,0.0,0.0,0.0,0.0,,,0.0,-8.9,3.1,-7.4,8252,8803.0,-9.5,0.7,10111,-
3153,八洲電機,卸売業,1.0,★☆☆☆☆,0.0,0.0,1.0,0.0,0.0,0.0,0.0,0.0,,,0.0,-1.3,3.3,-2.4,2653,2838.0,-5.1,0.7,207,-
3788,ＧＭＯグローバルサイン・ホールディングス,情報・通信業,1.0,★☆☆☆☆,0.0,0.0,1.0,0.0,0.0,0.0,0.0,0.0,,,0.0,-3.3,5.2,-4.4,1900,2120.0,-9.2,0.6,114,-
6785,鈴木,電気機器,1.0,★☆☆☆☆,0.0,0.0,0.0,0.0,1.0,0.0,0.0,0.0,,,0.0,-3.9,4.0,-4.5,2655,2888.0,-5.8,0.9,282,-
6754,アンリツ,電気機器,1.0,★☆☆☆☆,0.0,0.0,1.0,0.0,0.0,0.0,0.0,0.0,,,0.0,-16.4,5.3,-9.1,2962,3315.0,-9.2,0.6,6053,-
8848,レオパレス２１,不動産業,1.0,★☆☆☆☆,0.0,0.0,0.0,0.0,1.0,0.0,0.0,0.0,,,0.0,-1.5,2.6,-2.1,608,641.0,3.4,0.7,772,-
3861,王子ホールディングス,パルプ・紙,1.0,★☆☆☆☆,0.0,0.0,0.0,0.0,1.0,0.0,0.0,0.0,,,0.0,0.3,2.1,-0.2,830,866.7000122070312,-1.0,0.5,3378,-
8844,コスモスイニシア,不動産業,1.0,★☆☆☆☆,0.0,0.0,0.0,0.0,1.0,0.0,0.0,0.0,,,0.0,-6.3,2.8,-2.8,1191,1262.0,1.5,0.3,109,-
3150,グリムス,電気・ガス業,1.0,★☆☆☆☆,0.0,0.0,0.0,0.0,1.0,0.0,0.0,0.0,,,0.0,-1.6,2.2,-0.8,2419,2529.0,1.1,0.6,124,-
8056,ＢＩＰＲＯＧＹ,情報・通信業,1.0,★☆☆☆☆,0.0,0.0,1.0,0.0,0.0,0.0,0.0,0.0,,,0.0,0.2,3.9,-1.8,4195,4546.0,-2.3,0.6,2795,-
6849,日本光電工業,電気機器,1.0,★☆☆☆☆,0.0,0.0,1.0,0.0,0.0,0.0,0.0,0.0,,,0.0,-0.4,3.7,-1.9,1394,1506.0,1.5,0.6,1335,-
4091,日本酸素ホールディングス,化学,1.0,★☆☆☆☆,0.0,0.0,0.0,0.0,1.0,0.0,0.0,0.0,,,0.0,-4.1,3.0,-5.1,5288,5629.0,-8.3,0.8,2883,-
1952,新日本空調,建設業,1.0,★☆☆☆☆,0.0,0.0,1.0,0.0,0.0,0.0,0.0,0.0,,,0.0,-12.1,4.3,-7.3,2750,3010.0,-4.1,0.5,823,-
1951,エクシオグループ,建設業,1.0,★☆☆☆☆,0.0,0.0,0.0,0.0,1.0,0.0,0.0,0.0,,,0.0,-2.0,2.6,-2.7,2408,2540.5,-3.5,0.7,1825,-
6284,日精エー・エス・ビー機械,機械,1.0,★☆☆☆☆,0.0,0.0,0.0,0.0,1.0,0.0,0.0,0.0,,,0.0,-5.7,3.7,-4.9,8106,8760.0,-7.0,0.7,348,-
9364,上組,倉庫・運輸関連業,1.0,★☆☆☆☆,0.0,0.0,0.0,0.0,1.0,0.0,0.0,0.0,,,0.0,-4.5,1.9,-4.2,4670,4856.0,-2.0,0.8,1738,-
7003,三井Ｅ＆Ｓ,機械,1.0,★☆☆☆☆,0.0,0.0,1.0,0.0,0.0,0.0,0.0,0.0,,,0.0,-12.0,6.1,-7.4,3638,4144.0,-4.6,0.9,14491,-
7734,理研計器,精密機器,1.0,★☆☆☆☆,0.0,0.0,1.0,0.0,0.0,0.0,0.0,0.0,,,0.0,-1.5,4.9,-3.7,2969,3290.0,-5.1,0.8,423,-
4704,トレンドマイクロ,情報・通信業,1.0,★☆☆☆☆,0.0,0.0,1.0,0.0,0.0,0.0,0.0,0.0,,,0.0,-10.6,5.0,-13.4,4920,5472.0,-6.5,1.2,7044,-
7917,ＺＡＣＲＯＳ,化学,1.0,★☆☆☆☆,0.0,0.0,0.0,0.0,1.0,0.0,0.0,0.0,,,0.0,-9.0,3.2,-5.5,1190,1272.0,-2.6,1.1,237,-
7581,サイゼリヤ,小売業,1.0,★☆☆☆☆,0.0,0.0,0.0,0.0,1.0,0.0,0.0,0.0,,,0.0,-0.3,3.2,-3.0,6884,7350.0,-2.0,0.6,5358,-
6013,タクマ,機械,1.0,★☆☆☆☆,0.0,0.0,0.0,0.0,1.0,0.0,0.0,0.0,,,0.0,-8.1,3.0,-6.2,2920,3105.0,-3.6,0.8,703,-
4540,ツムラ,医薬品,1.0,★☆☆☆☆,0.0,0.0,1.0,0.0,0.0,0.0,0.0,0.0,,,0.0,-0.8,1.4,-1.2,3660,3767.0,0.4,0.8,1739,-
9020,東日本旅客鉄道,陸運業,1.0,★☆☆☆☆,0.0,0.0,0.0,0.0,1.0,0.0,0.0,0.0,,,0.0,-0.1,2.4,-0.6,3368,3539.0,0.8,1.0,12526,-
9064,ヤマトホールディングス,陸運業,1.0,★☆☆☆☆,0.0,0.0,1.0,0.0,0.0,0.0,0.0,0.0,,,0.0,-4.4,3.0,-3.0,1815,1931.5,-2.0,0.5,3012,-
5074,テスホールディングス,建設業,0.6,★☆☆☆☆,0.0,0.0,0.0,0.0,0.0,0.0,0.6,0.0,,,0.0,-23.4,8.1,-14.3,512,611.0,-5.9,0.5,1531,開示[受注](10日前)
7245,大同メタル工業,輸送用機器,0.0,★☆☆☆☆,0.0,0.0,0.0,0.0,0.0,0.0,0.0,0.0,,,0.0,-2.9,5.9,-4.6,1132,1283.0,-5.9,0.7,726,-
9663,ナガワ,サービス業,0.0,★☆☆☆☆,0.0,0.0,0.0,0.0,0.0,0.0,0.0,0.0,,,0.0,0.0,1.9,-0.8,4911,5100.0,-2.1,0.9,108,-
4548,生化学工業,医薬品,0.0,★☆☆☆☆,0.0,0.0,0.0,0.0,0.0,0.0,0.0,0.0,,,0.0,-4.3,1.6,-2.7,681,704.0,-0.8,0.6,104,-
9989,サンドラッグ,小売業,0.0,★☆☆☆☆,0.0,0.0,0.0,0.0,0.0,0.0,0.0,0.0,,,0.0,-1.1,1.7,-1.4,3583,3712.0,-0.9,1.0,2059,-
3299,ムゲンエステート,不動産業,0.0,★☆☆☆☆,0.0,0.0,0.0,0.0,0.0,0.0,0.0,0.0,,,0.0,-10.3,3.2,-5.6,1646,1757.0,1.0,0.7,325,-
6223,西部技研,機械,0.0,★☆☆☆☆,0.0,0.0,0.0,0.0,0.0,0.0,0.0,0.0,,,0.0,-5.5,3.6,-4.5,1785,1922.0,-2.7,0.6,105,-
3382,セブン＆アイ・ホールディングス,小売業,0.0,★☆☆☆☆,0.0,0.0,0.0,0.0,0.0,0.0,0.0,0.0,,,0.0,-1.8,2.3,-2.6,1939,2030.5,-1.9,1.0,18346,-
6498,キッツ,機械,0.0,★☆☆☆☆,0.0,0.0,0.0,0.0,0.0,0.0,0.0,0.0,,,0.0,-16.1,5.1,-10.9,1730,1927.0,-7.0,0.8,782,-
3415,ＴＯＫＹＯ　ＢＡＳＥ,小売業,0.0,★☆☆☆☆,0.0,0.0,0.0,0.0,0.0,0.0,0.0,0.0,,,0.0,-13.2,3.5,-6.2,343,369.0,-3.9,0.5,204,-
1801,大成建設,建設業,0.0,★☆☆☆☆,0.0,0.0,0.0,0.0,0.0,0.0,0.0,0.0,,,0.0,-10.0,3.5,-5.8,11487,12355.0,-5.3,0.9,8394,-
3836,アバントグループ,情報・通信業,0.0,★☆☆☆☆,0.0,0.0,0.0,0.0,0.0,0.0,0.0,0.0,,,0.0,0.4,3.3,-0.3,1127,1206.0,2.5,0.9,128,-
8585,オリエントコーポレーション,その他金融業,0.0,★☆☆☆☆,0.0,0.0,0.0,0.0,0.0,0.0,0.0,0.0,,,0.0,-3.8,2.0,-1.2,838,874.0,0.0,0.7,422,-
8111,ゴールドウイン,繊維製品,0.0,★☆☆☆☆,0.0,0.0,0.0,0.0,0.0,0.0,0.0,0.0,,,0.0,-5.7,3.0,-4.1,2010,2139.0,0.3,0.7,1345,-
3064,ＭｏｎｏｔａＲＯ,小売業,0.0,★☆☆☆☆,0.0,0.0,0.0,0.0,0.0,0.0,0.0,0.0,,,0.0,-2.2,3.4,-5.2,1692,1816.0,-2.4,1.0,4626,-
2980,ＳＲＥホールディングス,不動産業,0.0,★☆☆☆☆,0.0,0.0,0.0,0.0,0.0,0.0,0.0,0.0,,,0.0,-5.4,4.5,-6.3,2186,2403.0,-7.5,0.7,907,-
3692,ＦＦＲＩセキュリティ,情報・通信業,0.0,★☆☆☆☆,0.0,0.0,0.0,0.0,0.0,0.0,0.0,0.0,,,0.0,-5.3,5.2,-5.2,4282,4780.0,1.1,0.8,505,-
1812,鹿島建設,建設業,0.0,★☆☆☆☆,0.0,0.0,0.0,0.0,0.0,0.0,0.0,0.0,,,0.0,-15.4,3.3,-9.2,4430,4747.0,-3.8,1.0,11818,-
1835,東鉄工業,建設業,0.0,★☆☆☆☆,0.0,0.0,0.0,0.0,0.0,0.0,0.0,0.0,,,0.0,-3.3,2.2,-3.1,3776,3950.0,-1.9,0.7,356,-
5408,中山製鋼所,鉄鋼,0.0,★☆☆☆☆,0.0,0.0,0.0,0.0,0.0,0.0,0.0,0.0,,,0.0,-0.6,2.5,-1.1,603,635.0,-0.5,0.8,187,-
255A,ジーエルテクノホールディングス,精密機器,0.0,★☆☆☆☆,0.0,0.0,0.0,0.0,0.0,0.0,0.0,0.0,,,0.0,-11.3,6.2,-8.6,4456,5090.0,-9.9,0.5,578,-
268A,リガク・ホールディングス,精密機器,0.0,★☆☆☆☆,0.0,0.0,0.0,0.0,0.0,0.0,0.0,0.0,,,0.0,-24.7,8.4,-18.3,1415,1701.0,-18.5,1.0,5662,-
4935,リベルタ,化学,0.0,★☆☆☆☆,0.0,0.0,0.0,0.0,0.0,0.0,0.0,0.0,,,0.0,-29.1,6.8,-14.5,182,211.0,-5.8,0.2,358,-
8002,丸紅,卸売業,0.0,★☆☆☆☆,0.0,0.0,0.0,0.0,0.0,0.0,0.0,0.0,,,0.0,-8.5,3.2,-3.5,4581,4893.0,-0.8,0.6,25069,-
262A,インターメスティック,小売業,0.0,★☆☆☆☆,0.0,0.0,0.0,0.0,0.0,0.0,0.0,0.0,,,0.0,3.2,4.7,-2.4,1678,1850.0,-3.9,0.3,548,-
7972,イトーキ,その他製品,0.0,★☆☆☆☆,0.0,0.0,0.0,0.0,0.0,0.0,0.0,0.0,,,0.0,-9.3,3.7,-7.1,2376,2565.0,-4.0,0.4,629,-
3984,ユーザーローカル,情報・通信業,0.0,★☆☆☆☆,0.0,0.0,0.0,0.0,0.0,0.0,0.0,0.0,,,0.0,-7.8,4.6,-7.1,1433,1577.0,-1.1,0.8,210,-
5834,ＳＢＩリーシングサービス,証券、商品先物取引業,0.0,★☆☆☆☆,0.0,0.0,0.0,0.0,0.0,0.0,0.0,0.0,,,0.0,-0.7,2.6,-0.3,2618,2762.0,-1.8,0.9,236,-
4819,デジタルガレージ,情報・通信業,0.0,★☆☆☆☆,0.0,0.0,0.0,0.0,0.0,0.0,0.0,0.0,,,0.0,2.2,4.2,-1.0,2095,2285.0,-0.6,0.8,627,-
4889,レナサイエンス,医薬品,0.0,★☆☆☆☆,0.0,0.0,0.0,0.0,0.0,0.0,0.0,0.0,,,0.0,-15.6,8.6,-8.3,1079,1302.0,8.4,0.9,619,-
9068,丸全昭和運輸,陸運業,0.0,★☆☆☆☆,0.0,0.0,0.0,0.0,0.0,0.0,0.0,0.0,,,0.0,-2.9,2.5,-2.8,6980,7340.0,-0.1,0.5,221,開示[株式分割](14日前)
6914,オプテックスグループ,電気機器,0.0,★☆☆☆☆,0.0,0.0,0.0,0.0,0.0,0.0,0.0,0.0,,,0.0,-10.7,4.7,-8.1,2925,3225.0,-8.0,0.8,633,-
9024,西武ホールディングス,陸運業,0.0,★☆☆☆☆,0.0,0.0,0.0,0.0,0.0,0.0,0.0,0.0,,,0.0,-2.8,3.9,-1.4,3142,3409.0,1.8,0.8,6080,-
7202,いすゞ自動車,輸送用機器,0.0,★☆☆☆☆,0.0,0.0,0.0,0.0,0.0,0.0,0.0,0.0,,,0.0,-3.7,3.1,-3.3,2090,2228.5,-1.6,0.7,7109,-
4424,Ａｍａｚｉａ,情報・通信業,0.0,★☆☆☆☆,0.0,0.0,0.0,0.0,0.0,0.0,0.0,0.0,,,0.0,3.4,11.4,-4.2,260,337.0,5.3,0.1,395,-
3656,ＫＬａｂ,情報・通信業,0.0,★☆☆☆☆,0.0,0.0,0.0,0.0,0.0,0.0,0.0,0.0,,,0.0,-11.3,6.0,-10.1,170,193.0,-5.9,0.7,798,-
6547,グリーンズ,サービス業,0.0,★☆☆☆☆,0.0,0.0,0.0,0.0,0.0,0.0,0.0,0.0,,,0.0,-3.4,4.1,-3.6,1886,2055.0,2.5,0.6,173,-
8830,住友不動産,不動産業,0.0,★☆☆☆☆,0.0,0.0,0.0,0.0,0.0,0.0,0.0,0.0,,,0.0,-9.0,2.4,-6.2,3177,3339.0,-1.3,1.1,10377,-
8802,三菱地所,不動産業,0.0,★☆☆☆☆,0.0,0.0,0.0,0.0,0.0,0.0,0.0,0.0,,,0.0,-8.6,2.6,-4.9,3496,3687.0,0.3,1.0,16182,-
8801,三井不動産,不動産業,0.0,★☆☆☆☆,0.0,0.0,0.0,0.0,0.0,0.0,0.0,0.0,,,0.0,-2.7,2.4,-1.2,1427,1498.0,2.8,0.8,15656,-
8715,アニコム　ホールディングス,保険業,0.0,★☆☆☆☆,0.0,0.0,0.0,0.0,0.0,0.0,0.0,0.0,,,0.0,-4.8,4.3,-3.7,1037,1135.0,-0.4,0.5,498,-
3769,ＧＭＯペイメントゲートウェイ,情報・通信業,0.0,★☆☆☆☆,0.0,0.0,0.0,0.0,0.0,0.0,0.0,0.0,,,0.0,-2.3,4.5,-5.4,8395,9222.0,-9.1,0.9,3124,-
1802,大林組,建設業,0.0,★☆☆☆☆,0.0,0.0,0.0,0.0,0.0,0.0,0.0,0.0,,,0.0,-9.5,2.8,-6.1,2779,2941.5,-3.6,0.6,8142,-
9302,三井倉庫ホールディングス,倉庫・運輸関連業,0.0,★☆☆☆☆,0.0,0.0,0.0,0.0,0.0,0.0,0.0,0.0,,,0.0,-8.5,3.0,-4.3,3113,3308.0,-2.3,0.5,920,-
6005,三浦工業,機械,0.0,★☆☆☆☆,0.0,0.0,0.0,0.0,0.0,0.0,0.0,0.0,,,0.0,-4.2,2.9,-3.9,2870,3044.0,-5.0,0.7,1500,-
4275,カーリット,化学,0.0,★☆☆☆☆,0.0,0.0,0.0,0.0,0.0,0.0,0.0,0.0,,,0.0,-10.7,4.9,-6.2,1895,2102.0,-0.5,0.5,510,-
1979,大氣社,建設業,0.0,★☆☆☆☆,0.0,0.0,0.0,0.0,0.0,0.0,0.0,0.0,,,0.0,-12.2,3.5,-8.0,3628,3905.0,-4.3,0.8,1316,-
7409,ＡｅｒｏＥｄｇｅ,輸送用機器,0.0,★☆☆☆☆,0.0,0.0,0.0,0.0,0.0,0.0,0.0,0.0,,,0.0,-5.9,8.4,-9.2,1136,1366.0,-18.8,0.5,511,-
7419,ノジマ,小売業,0.0,★☆☆☆☆,0.0,0.0,0.0,0.0,0.0,0.0,0.0,0.0,,,0.0,-8.0,2.2,-4.7,1223,1280.0,-2.9,0.7,1162,-
