code,name,sector,score,stars,linkage,theme,supply,etf,tech,fund,material,penalty,signal,driver,gap_pct,rs20,atr_pct,dev25,stop,close,chg5d,v_ratio,turnover_m,reasons_str
6501,日立製作所,電気機器,38.6,★☆☆☆☆,2.6,20.0,3.0,0.0,7.0,6.0,0.0,0.0,見送り(地合い🔴),Qorvo,-1.1,21.1,2.7,4.6,4690,4957.0,3.1,1.2,55359,Qorvo+3.5%連動(β0.30) / 量子(+9.6%)
8604,野村ホールディングス,証券、商品先物取引業,37.0,★☆☆☆☆,16.8,0.0,3.0,0.0,8.2,9.0,0.0,0.0,見送り(地合い🔴),GM,5.1,21.5,3.0,3.2,1478,1572.5,-1.9,1.3,16350,GM+8.2%連動(β0.24) 未反応+5.1% / MA上昇配列 / パーフェクトオーダー / 増収+28% / PER13倍
6702,富士通,電気機器,36.7,★☆☆☆☆,0.0,20.0,6.7,0.0,7.0,6.0,0.0,-3.0,見送り(地合い🔴),,0.0,28.6,3.2,15.1,3596,3844.0,16.1,2.4,27251,量子(+9.6%) / 出来高増2.4倍 / 買い出来高優勢 / 伸びすぎ注意(25MA+15%) / ROE16% / PER22倍
6857,アドバンテスト,電気機器,33.0,★☆☆☆☆,15.5,6.0,2.0,0.0,0.0,7.0,2.5,0.0,見送り(地合い🔴),Qorvo,19.6,-11.9,9.0,-15.4,20664,25200.0,-14.8,1.7,256831,Qorvo+3.5%連動(β0.40) 未反応+19.6% / HBM・後工程(-20.9%) / 開示[業績予想の修正](0日前) / 増収+41% / ROE58%
8035,東京エレクトロン,電気機器,32.7,★☆☆☆☆,17.7,6.0,2.0,0.0,0.0,7.0,0.0,0.0,見送り(地合い🔴),Google,26.5,-25.0,9.2,-27.8,40836,50000.0,-24.2,1.8,290465,Google+5.3%連動(β0.43) 未反応+26.5% / 半導体製造装置(-24.9%) / ROE29%
6323,ローツェ,機械,31.3,★☆☆☆☆,15.3,6.0,3.0,0.0,0.0,7.0,0.0,0.0,見送り(地合い🔴),Qorvo,26.8,-18.5,12.6,-24.0,2583,3450.0,-23.3,1.6,14917,Qorvo+3.5%連動(β0.39) 未反応+26.8% / 半導体製造装置(-24.9%) / ROE15%
4980,デクセリアルズ,化学,30.7,★☆☆☆☆,15.2,6.0,1.0,0.0,0.0,8.5,0.0,0.0,見送り(地合い🔴),NetApp,16.1,-16.1,6.7,-21.4,2713,3135.0,-15.1,1.3,6089,NetApp+3.3%連動(β0.39) 未反応+16.1% / 光通信・電線(-15.9%) / ROE27% / PER20倍
6146,ディスコ,機械,30.2,★☆☆☆☆,15.2,6.0,2.0,0.0,0.0,7.0,0.0,0.0,見送り(地合い🔴),Qorvo,27.3,-26.6,9.7,-28.4,41361,51320.0,-25.2,1.5,122811,Qorvo+3.5%連動(β0.37) 未反応+27.3% / HBM・後工程(-20.9%) / 増収+27% / ROE27%
7735,ＳＣＲＥＥＮホールディングス,電気機器,29.6,★☆☆☆☆,14.6,6.0,3.0,0.0,0.0,6.0,0.0,0.0,見送り(地合い🔴),Qorvo,30.6,-23.9,11.0,-31.3,9151,11730.0,-28.9,2.0,63364,Qorvo+3.5%連動(β0.30) 未反応+30.6% / 半導体製造装置(-24.9%) / ROE19% / PER24倍
6326,クボタ,機械,29.4,★☆☆☆☆,7.9,0.0,4.0,0.0,11.0,6.5,0.0,0.0,見送り(地合い🔴),GM,1.1,15.1,2.9,2.7,2656,2817.5,2.0,1.7,7867,GM+8.2%連動(β0.23) 未反応+1.1% / MA上昇配列 / パーフェクトオーダー / PER17倍
7729,東京精密,精密機器,29.1,★☆☆☆☆,14.6,6.0,1.0,0.0,0.0,7.5,0.0,0.0,見送り(地合い🔴),Qorvo,21.0,-16.5,8.3,-20.0,12306,14760.0,-19.1,1.4,9680,Qorvo+3.5%連動(β0.30) 未反応+21.0% / HBM・後工程(-20.9%) / PER24倍
5108,ブリヂストン,ゴム製品,28.9,★☆☆☆☆,3.5,0.0,6.7,0.0,13.7,5.0,0.0,0.0,見送り(地合い🔴),GM,-8.6,31.0,2.0,13.8,3954,4120.0,9.3,2.3,14728,GM+8.2%連動(β0.17) / 出来高増2.3倍 / 買い出来高優勢 / MA上昇配列 / パーフェクトオーダー / 52週高値ブレイク!
8388,阿波銀行,銀行業,28.6,★☆☆☆☆,0.0,0.0,6.3,0.0,12.0,8.0,2.3,0.0,見送り(地合い🔴),,0.0,25.8,4.1,8.1,7681,8370.0,2.4,2.1,977,出来高増2.1倍 / MA上昇配列 / パーフェクトオーダー / 開示[業績予想の修正](1日前) / 増収+28% / PER21倍
7085,カーブスホールディングス,サービス業,28.5,★☆☆☆☆,0.0,0.0,5.0,0.0,13.5,10.0,0.0,0.0,見送り(地合い🔴),,0.0,18.5,2.8,6.3,937,994.0,6.0,1.4,476,資金流入増 / MA上昇配列 / パーフェクトオーダー / 52週高値目前 / 増収+22% / ROE22% / PER21倍
6098,リクルートホールディングス,サービス業,28.4,★☆☆☆☆,4.6,0.0,4.3,0.0,12.5,7.0,0.0,0.0,見送り(地合い🔴),Google,-4.2,25.8,3.4,8.0,12212,13100.0,6.5,1.4,51911,Google+5.3%連動(β0.34) / 買い出来高優勢 / MA上昇配列 / パーフェクトオーダー / 52週高値ブレイク! / ROE31%
4743,アイティフォー,情報・通信業,28.3,★☆☆☆☆,0.0,0.0,4.3,0.0,15.0,9.0,0.0,0.0,見送り(地合い🔴),,0.0,21.0,1.6,6.8,1717,1774.0,6.7,1.5,112,買い出来高優勢 / MA上昇配列 / パーフェクトオーダー / 52週高値ブレイク! / 増収+30% / PER17倍
5344,ＭＡＲＵＷＡ,ガラス・土石製品,28.1,★☆☆☆☆,14.8,0.0,3.3,0.0,0.0,7.5,2.5,0.0,見送り(地合い🔴),Qorvo,15.1,-18.8,7.9,-19.5,42353,50280.0,-13.2,2.8,9346,Qorvo+3.5%連動(β0.33) 未反応+15.1% / 出来高増2.8倍 / 開示[業績予想の修正](0日前) / 増収+19%
7272,ヤマハ発動機,輸送用機器,27.9,★☆☆☆☆,3.5,0.0,6.7,0.0,10.7,7.0,0.0,0.0,見送り(地合い🔴),Ford,-7.2,25.0,2.2,11.3,1347,1409.0,7.6,2.3,7209,Ford+6.3%連動(β0.22) / 出来高増2.3倍 / 買い出来高優勢 / MA上昇配列 / パーフェクトオーダー / 増収+17% / PER9倍
8439,東京センチュリー,その他金融業,27.3,★☆☆☆☆,0.0,0.0,4.3,0.0,15.0,8.0,0.0,0.0,見送り(地合い🔴),,0.0,19.6,1.9,5.6,2619,2725.0,1.8,1.2,1587,買い出来高優勢 / MA上昇配列 / パーフェクトオーダー / 52週高値ブレイク! / 増収+17% / PER12倍
8697,日本取引所グループ,その他金融業,27.3,★☆☆☆☆,0.0,0.0,5.3,0.0,13.5,8.5,0.0,0.0,見送り(地合い🔴),,0.0,22.2,3.2,5.7,2142,2290.0,3.2,2.3,8570,出来高増2.3倍 / MA上昇配列 / パーフェクトオーダー / 52週高値目前 / 増収+45% / ROE23%
7433,伯東,卸売業,27.2,★☆☆☆☆,0.0,0.0,5.7,0.0,11.0,4.5,6.0,0.0,見送り(地合い🔴),,0.0,14.8,2.4,4.3,4534,4765.0,4.6,3.9,349,出来高急増3.9倍 / MA上昇配列 / パーフェクトオーダー / 開示[上方修正](0日前) / 開示[株式分割](0日前) / PER18倍
8015,豊田通商,卸売業,27.1,★☆☆☆☆,12.1,0.0,1.0,0.0,7.0,7.0,0.0,0.0,見送り(地合い🔴),GM,2.3,20.2,3.1,5.8,6164,6577.0,1.9,1.3,14838,GM+8.2%連動(β0.25) 未反応+2.3% / 増収+20% / PER19倍
8706,極東証券,証券、商品先物取引業,27.0,★☆☆☆☆,0.0,0.0,9.0,0.0,11.5,6.5,0.0,0.0,見送り(地合い🔴),,0.0,26.3,2.3,8.6,1724,1809.0,1.6,3.2,354,出来高急増3.2倍 / 買い出来高優勢 / MA上昇配列 / 52週高値目前 / PER12倍
6371,椿本チエイン,機械,27.0,★☆☆☆☆,2.7,0.0,5.3,0.0,12.0,7.0,0.0,0.0,見送り(地合い🔴),Ford,-0.8,14.5,1.9,1.8,2561,2664.0,2.0,2.4,438,Ford+6.3%連動(β0.17) / 出来高増2.4倍 / MA上昇配列 / パーフェクトオーダー / 増収+19% / PER9倍
8142,トーホー,卸売業,26.8,★☆☆☆☆,0.0,0.0,6.3,0.0,15.0,5.5,0.0,0.0,見送り(地合い🔴),,0.0,15.4,1.9,4.2,1337,1390.0,5.1,2.2,249,出来高増2.2倍 / 資金流入増 / MA上昇配列 / パーフェクトオーダー / 52週高値ブレイク! / PER10倍
7741,ＨＯＹＡ,精密機器,26.7,★☆☆☆☆,16.0,0.0,1.0,0.0,1.2,8.5,0.0,0.0,見送り(地合い🔴),Google,5.9,1.8,2.6,-5.8,22548,23765.0,-5.1,1.1,25336,Google+5.3%連動(β0.30) 未反応+5.9% / 増収+15% / ROE25%
6920,レーザーテック,電気機器,26.7,★☆☆☆☆,15.2,6.0,0.0,0.0,0.0,5.5,0.0,0.0,見送り(地合い🔴),Qorvo,25.2,-20.7,10.7,-24.4,26961,34330.0,-20.1,1.2,150547,Qorvo+3.5%連動(β0.37) 未反応+25.2% / 半導体製造装置(-24.9%) / ROE44%
3097,物語コーポレーション,小売業,26.5,★☆☆☆☆,0.0,0.0,4.0,0.0,15.0,7.5,0.0,0.0,見送り(地合い🔴),,0.0,23.8,2.5,9.1,5126,5400.0,7.4,1.9,911,MA上昇配列 / パーフェクトオーダー / 52週高値ブレイク! / 増収+22% / ROE18%
4062,イビデン,電気機器,26.5,★☆☆☆☆,15.5,6.0,0.0,0.0,0.0,5.0,0.0,0.0,見送り(地合い🔴),Qorvo,26.9,-33.2,13.4,-32.7,9849,13470.0,-26.2,1.1,162785,Qorvo+3.5%連動(β0.41) 未反応+26.9% / HBM・後工程(-20.9%) / 増収+19%
6463,ＴＰＲ,機械,26.4,★☆☆☆☆,3.9,0.0,3.0,0.0,15.0,4.5,0.0,0.0,見送り(地合い🔴),GM,-1.1,15.7,2.1,3.9,1409,1471.0,2.2,1.3,188,GM+8.2%連動(β0.19) / MA上昇配列 / パーフェクトオーダー / 52週高値ブレイク! / PER10倍
6301,小松製作所,機械,26.1,★☆☆☆☆,4.9,0.0,6.7,0.0,8.0,6.5,0.0,0.0,見送り(地合い🔴),GM,-7.8,25.9,3.0,11.7,6828,7265.0,12.7,3.1,21454,GM+8.2%連動(β0.24) / 出来高急増3.1倍 / PER18倍
3993,ＰＫＳＨＡ　Ｔｅｃｈｎｏｌｏｇｙ,情報・通信業,26.099999999999998,★☆☆☆☆,9.6,6.8,2.0,0.0,1.2,6.5,0.0,0.0,見送り(地合い🔴),Microsoft,2.2,14.2,3.7,-0.0,2563,2770.0,-1.8,1.2,805,Microsoft+2.3%連動(β0.53) 未反応+2.2% / 生成AI・ソフト(+0.4%) / 増収+89%
6951,日本電子,電気機器,26.0,★☆☆☆☆,14.5,0.0,2.0,0.0,3.5,6.0,0.0,0.0,見送り(地合い🔴),Qorvo,7.7,13.3,5.2,-1.2,6876,7676.0,-8.1,1.3,2892,Qorvo+3.5%連動(β0.29) 未反応+7.7% / ROE16% / PER18倍
2503,キリンホールディングス,食料品,25.8,★☆☆☆☆,0.0,0.0,4.3,0.0,15.0,6.5,0.0,0.0,見送り(地合い🔴),,0.0,21.7,2.1,9.2,3003,3133.0,7.8,1.3,8934,買い出来高優勢 / MA上昇配列 / パーフェクトオーダー / 52週高値ブレイク! / PER17倍
5975,東プレ,金属製品,25.6,★☆☆☆☆,4.1,0.0,4.0,0.0,12.0,5.5,0.0,0.0,見送り(地合い🔴),Ford,0.2,14.8,2.1,4.0,2649,2765.0,1.2,1.7,178,Ford+6.3%連動(β0.22) / MA上昇配列 / パーフェクトオーダー / PER7倍
4290,プレステージ・インターナショナル,サービス業,25.5,★☆☆☆☆,0.0,0.0,8.0,0.0,8.2,6.5,2.8,0.0,見送り(地合い🔴),,0.0,23.7,1.9,10.7,704,732.0,10.6,7.3,329,出来高急増7.3倍 / 買い出来高優勢 / 52週高値目前 / 開示[自己株式取得](1日前) / PER16倍
8163,ＳＲＳホールディングス,小売業,25.5,★☆☆☆☆,0.0,0.0,9.0,0.0,12.5,4.0,0.0,0.0,見送り(地合い🔴),,0.0,27.1,1.9,12.8,1387,1440.0,10.3,4.1,158,出来高急増4.1倍 / 買い出来高優勢 / MA上昇配列 / パーフェクトオーダー / 52週高値ブレイク! / RSI過熱(92)⚠
8084,ＲＹＯＤＥＮ,卸売業,25.5,★☆☆☆☆,0.0,0.0,5.3,0.0,13.5,3.0,3.7,0.0,見送り(地合い🔴),,0.0,14.1,2.7,5.3,3920,4145.0,5.7,2.2,168,出来高増2.2倍 / MA上昇配列 / パーフェクトオーダー / 52週高値目前 / 開示[上方修正](1日前) / PER17倍
2705,大戸屋ホールディングス,小売業,25.4,★☆☆☆☆,0.0,0.0,6.7,0.0,13.7,5.0,0.0,0.0,見送り(地合い🔴),,0.0,26.9,2.9,11.1,8289,8800.0,9.7,3.0,110,出来高増3.0倍 / 買い出来高優勢 / MA上昇配列 / パーフェクトオーダー / 52週高値ブレイク! / 増収+17% / ROE28%
4746,東計電算,情報・通信業,25.3,★☆☆☆☆,0.0,0.0,4.3,0.0,15.0,6.0,0.0,0.0,見送り(地合い🔴),,0.0,24.4,1.9,8.0,4844,5040.0,4.2,1.4,134,買い出来高優勢 / MA上昇配列 / パーフェクトオーダー / 52週高値ブレイク! / PER17倍
4613,関西ペイント,化学,25.0,★☆☆☆☆,0.0,0.0,4.0,0.0,15.0,4.0,2.0,0.0,見送り(地合い🔴),,0.0,18.4,2.1,6.1,2745,2864.0,7.1,1.9,2494,MA上昇配列 / パーフェクトオーダー / 52週高値ブレイク! / 開示[子会社化](0日前) / PER19倍
6506,安川電機,電気機器,24.8,★☆☆☆☆,14.8,6.0,1.0,0.0,0.0,3.0,0.0,0.0,見送り(地合い🔴),Qorvo,14.4,-23.9,9.0,-25.1,3800,4629.0,-11.2,1.0,49649,Qorvo+3.5%連動(β0.33) 未反応+14.4% / ロボット(-12.7%)
4689,ＬＩＮＥヤフー,情報・通信業,24.6,★☆☆☆☆,3.8,0.0,5.3,0.0,10.0,5.5,0.0,0.0,見送り(地合い🔴),Google,-6.6,19.2,2.3,7.6,451,472.6000061035156,6.8,1.6,5824,Google+5.3%連動(β0.28) / 買い出来高優勢 / MA上昇配列 / パーフェクトオーダー / PER17倍
6457,グローリー,機械,24.5,★☆☆☆☆,0.0,0.0,4.3,0.0,13.7,6.5,0.0,0.0,見送り(地合い🔴),,0.0,28.1,2.1,10.5,4416,4607.0,5.8,1.4,775,買い出来高優勢 / MA上昇配列 / パーフェクトオーダー / 52週高値ブレイク! / PER17倍
6305,日立建機,機械,24.5,★☆☆☆☆,5.3,0.0,6.7,0.0,6.0,6.5,0.0,0.0,見送り(地合い🔴),GM,-1.6,17.1,3.3,5.6,5245,5613.0,6.0,3.2,4898,GM+8.2%連動(β0.26) / 出来高急増3.2倍 / PER16倍
8218,コメリ,小売業,24.5,★☆☆☆☆,0.0,0.0,8.0,0.0,13.7,3.0,2.8,-3.0,見送り(地合い🔴),,0.0,24.6,2.4,15.1,3874,4065.0,16.5,8.6,329,出来高急増8.6倍 / 買い出来高優勢 / MA上昇配列 / パーフェクトオーダー / 52週高値ブレイク! / 伸びすぎ注意(25MA+15%) / 開示[自己株式取得](1日前) / PER13倍
9039,サカイ引越センター,陸運業,24.3,★☆☆☆☆,0.0,0.0,4.3,0.0,15.0,5.0,0.0,0.0,見送り(地合い🔴),,0.0,15.6,1.5,4.1,2975,3065.0,5.2,1.3,180,買い出来高優勢 / MA上昇配列 / パーフェクトオーダー / 52週高値ブレイク! / PER14倍
6379,レイズネクスト,建設業,24.3,★☆☆☆☆,0.0,0.0,5.3,0.0,13.5,5.5,0.0,0.0,見送り(地合い🔴),,0.0,28.4,3.1,9.2,2494,2659.0,4.4,1.4,391,買い出来高優勢 / MA上昇配列 / パーフェクトオーダー / 52週高値目前 / PER14倍
6472,ＮＴＮ,機械,24.2,★☆☆☆☆,17.7,0.0,2.0,0.0,0.0,4.5,0.0,0.0,見送り(地合い🔴),GM,6.7,1.8,3.5,-7.0,339,364.29998779296875,-5.4,1.5,1311,GM+8.2%連動(β0.28) 未反応+6.7% / PER16倍
9069,センコーグループホールディングス,陸運業,23.9,★☆☆☆☆,0.0,0.0,4.3,0.0,13.7,5.5,0.4,0.0,見送り(地合い🔴),,0.0,25.7,2.1,9.5,2166,2261.5,2.8,1.3,820,買い出来高優勢 / MA上昇配列 / パーフェクトオーダー / 52週高値ブレイク! / 開示[自己株式の取得](12日前) / PER20倍
7988,ニフコ,化学,23.8,★☆☆☆☆,4.3,0.0,3.0,0.0,11.5,5.0,0.0,0.0,見送り(地合い🔴),GM,-1.7,20.4,1.9,5.7,5120,5325.0,3.9,1.2,1378,GM+8.2%連動(β0.21) / MA上昇配列 / 52週高値目前 / PER15倍
5195,バンドー化学,ゴム製品,23.5,★☆☆☆☆,0.0,0.0,3.0,0.0,15.0,5.5,0.0,0.0,見送り(地合い🔴),,0.0,18.8,1.8,5.9,2307,2392.0,4.0,1.4,115,MA上昇配列 / パーフェクトオーダー / 52週高値ブレイク! / PER9倍
4901,富士フイルムホールディングス,化学,23.5,★☆☆☆☆,0.0,0.0,3.0,0.0,15.0,5.5,0.0,0.0,見送り(地合い🔴),,0.0,21.2,2.1,7.5,3700,3866.0,5.5,1.4,13651,MA上昇配列 / パーフェクトオーダー / 52週高値ブレイク! / PER17倍
9006,京浜急行電鉄,陸運業,23.4,★☆☆☆☆,0.0,0.0,6.7,0.0,12.2,4.5,0.0,0.0,見送り(地合い🔴),,0.0,22.4,1.8,7.2,1591,1651.5,5.3,2.1,1318,出来高増2.1倍 / 買い出来高優勢 / MA上昇配列 / パーフェクトオーダー / 52週高値目前 / PER16倍
7459,メディパルホールディングス,卸売業,23.4,★☆☆☆☆,0.0,0.0,6.7,0.0,13.7,3.0,0.0,0.0,見送り(地合い🔴),,0.0,27.1,2.6,11.3,2906,3064.0,6.7,2.2,1237,出来高増2.2倍 / 買い出来高優勢 / MA上昇配列 / パーフェクトオーダー / 52週高値ブレイク! / PER15倍
2053,中部飼料,食料品,23.3,★☆☆☆☆,0.0,0.0,5.3,0.0,15.0,3.0,0.0,0.0,見送り(地合い🔴),,0.0,18.7,1.6,4.9,1937,2000.0,1.8,1.9,103,買い出来高優勢 / MA上昇配列 / パーフェクトオーダー / 52週高値ブレイク! / PER10倍
6349,小森コーポレーション,機械,23.3,★☆☆☆☆,0.0,0.0,4.3,0.0,10.0,3.0,6.0,0.0,見送り(地合い🔴),,0.0,22.0,1.8,5.6,1612,1673.0,1.7,1.3,222,買い出来高優勢 / MA上昇配列 / 開示[子会社化](0日前) / 開示[上方修正](0日前) / PER12倍
8551,北日本銀行,銀行業,23.3,★☆☆☆☆,0.0,0.0,6.3,0.0,12.0,5.0,0.0,0.0,見送り(地合い🔴),,0.0,33.9,4.4,11.8,6087,6680.0,2.9,1.3,262,買い出来高優勢 / 資金流入増 / MA上昇配列 / パーフェクトオーダー / PER13倍
8133,伊藤忠エネクス,卸売業,23.3,★☆☆☆☆,0.0,0.0,4.3,0.0,15.0,4.0,0.0,0.0,見送り(地合い🔴),,0.0,15.9,1.8,3.6,2032,2109.0,1.2,1.3,259,買い出来高優勢 / MA上昇配列 / パーフェクトオーダー / 52週高値ブレイク! / PER15倍
9031,西日本鉄道,陸運業,22.9,★☆☆☆☆,0.0,0.0,6.7,0.0,12.2,4.0,0.0,0.0,見送り(地合い🔴),,0.0,21.5,1.8,7.4,3128,3245.0,3.7,2.4,515,出来高増2.4倍 / 買い出来高優勢 / MA上昇配列 / パーフェクトオーダー / 52週高値目前 / PER8倍
9310,日本トランスシティ,倉庫・運輸関連業,22.9,★☆☆☆☆,0.0,0.0,7.7,0.0,12.2,3.0,0.0,0.0,見送り(地合い🔴),,0.0,32.7,2.6,12.8,1306,1377.0,6.4,2.1,136,出来高増2.1倍 / 買い出来高優勢 / MA上昇配列 / パーフェクトオーダー / 52週高値目前 / PER13倍
3946,トーモク,パルプ・紙,22.8,★☆☆☆☆,0.0,0.0,7.3,0.0,12.5,3.0,0.0,0.0,見送り(地合い🔴),,0.0,30.1,2.1,11.3,4446,4640.0,3.9,1.7,459,買い出来高優勢 / 資金流入増 / MA上昇配列 / パーフェクトオーダー / 52週高値ブレイク! / RSI過熱(89)⚠ / PER10倍
4526,理研ビタミン,食料品,22.0,★☆☆☆☆,0.0,0.0,3.0,0.0,15.0,4.0,0.0,0.0,見送り(地合い🔴),,0.0,17.4,1.5,4.8,3179,3280.0,3.6,1.7,196,MA上昇配列 / パーフェクトオーダー / 52週高値ブレイク! / PER14倍
4665,ダスキン,サービス業,22.0,★☆☆☆☆,0.0,0.0,4.0,0.0,15.0,3.0,0.0,0.0,見送り(地合い🔴),,0.0,18.0,1.7,5.6,4536,4699.0,4.1,1.6,397,MA上昇配列 / パーフェクトオーダー / 52週高値ブレイク! / PER24倍
2270,雪印メグミルク,食料品,22.0,★☆☆☆☆,0.0,0.0,3.0,0.0,15.0,4.0,0.0,0.0,見送り(地合い🔴),,0.0,20.4,2.1,7.9,3837,4005.0,7.8,1.3,675,MA上昇配列 / パーフェクトオーダー / 52週高値ブレイク! / PER8倍
3151,バイタルケーエスケー・ホールディングス,卸売業,22.0,★☆☆☆☆,0.0,0.0,5.3,0.0,13.7,3.0,0.0,0.0,見送り(地合い🔴),,0.0,23.4,1.9,7.9,1648,1713.0,2.7,1.5,120,買い出来高優勢 / MA上昇配列 / パーフェクトオーダー / 52週高値ブレイク! / PER11倍
2002,日清製粉グループ本社,食料品,21.8,★☆☆☆☆,0.0,0.0,5.3,0.0,13.5,3.0,0.0,0.0,見送り(地合い🔴),,0.0,19.7,1.9,7.3,2090,2173.5,6.5,1.6,1418,買い出来高優勢 / MA上昇配列 / パーフェクトオーダー / 52週高値目前 / PER19倍
5301,東海カーボン,ガラス・土石製品,21.6,★☆☆☆☆,15.6,0.0,2.0,0.0,1.0,3.0,0.0,0.0,見送り(地合い🔴),Ford,7.3,0.4,2.4,-7.3,1472,1546.5,-6.2,1.8,2699,Ford+6.3%連動(β0.22) 未反応+7.3% / PER16倍
4970,東洋合成工業,化学,21.5,★☆☆☆☆,15.2,0.0,3.3,0.0,0.0,3.0,0.0,0.0,見送り(地合い🔴),Qorvo,23.0,-16.8,8.5,-22.0,10031,12080.0,-22.3,2.0,927,Qorvo+3.5%連動(β0.37) 未反応+23.0% / 出来高増2.0倍
9735,セコム,サービス業,21.5,★☆☆☆☆,0.0,0.0,4.3,0.0,13.7,3.5,0.0,0.0,見送り(地合い🔴),,0.0,21.3,1.9,8.0,6893,7172.0,6.5,1.4,9096,買い出来高優勢 / MA上昇配列 / パーフェクトオーダー / 52週高値ブレイク!
6473,ジェイテクト,機械,21.2,★☆☆☆☆,10.0,0.0,3.0,0.0,8.2,0.0,0.0,0.0,見送り(地合い🔴),GM,1.7,14.8,3.2,0.5,1952,2083.0,1.0,1.4,2418,GM+8.2%連動(β0.24) 未反応+1.7% / MA上昇配列 / パーフェクトオーダー
2004,昭和産業,食料品,21.0,★☆☆☆☆,0.0,0.0,3.0,0.0,15.0,3.0,0.0,0.0,見送り(地合い🔴),,0.0,17.5,1.9,5.0,3495,3635.0,4.0,1.3,207,MA上昇配列 / パーフェクトオーダー / 52週高値ブレイク! / PER11倍
2108,日本甜菜製糖,食料品,21.0,★☆☆☆☆,0.0,0.0,3.0,0.0,15.0,3.0,0.0,0.0,見送り(地合い🔴),,0.0,20.6,2.5,8.9,4987,5250.0,11.6,1.5,144,MA上昇配列 / パーフェクトオーダー / 52週高値ブレイク! / PER13倍
8566,リコーリース,その他金融業,21.0,★☆☆☆☆,0.0,0.0,4.3,0.0,13.7,3.0,0.0,0.0,見送り(地合い🔴),,0.0,22.3,1.8,6.8,6616,6860.0,0.6,1.4,285,買い出来高優勢 / MA上昇配列 / パーフェクトオーダー / 52週高値ブレイク! / PER16倍
8037,カメイ,卸売業,21.0,★☆☆☆☆,0.0,0.0,3.0,0.0,15.0,3.0,0.0,0.0,見送り(地合い🔴),,0.0,21.5,2.0,4.8,3642,3790.0,2.0,1.4,168,MA上昇配列 / パーフェクトオーダー / 52週高値ブレイク! / PER10倍
9861,吉野家ホールディングス,小売業,20.5,★☆☆☆☆,0.0,0.0,7.3,0.0,13.7,2.5,0.0,-3.0,見送り(地合い🔴),,0.0,39.2,3.2,18.3,3782,4040.0,14.2,1.5,2335,買い出来高優勢 / 資金流入増 / MA上昇配列 / パーフェクトオーダー / 52週高値ブレイク! / 伸びすぎ注意(25MA+18%)
8766,東京海上ホールディングス,保険業,20.5,★☆☆☆☆,0.0,0.0,3.0,0.0,15.0,2.5,0.0,0.0,見送り(地合い🔴),,0.0,26.8,2.4,9.8,7986,8393.0,5.3,1.2,40525,MA上昇配列 / パーフェクトオーダー / 52週高値ブレイク!
2109,ＤＭ三井製糖,食料品,20.4,★☆☆☆☆,0.0,0.0,6.7,0.0,12.2,1.5,0.0,0.0,見送り(地合い🔴),,0.0,21.7,1.4,7.8,3483,3585.0,6.4,2.8,136,出来高増2.8倍 / 買い出来高優勢 / MA上昇配列 / パーフェクトオーダー / 52週高値目前
7267,本田技研工業,輸送用機器,19.9,★☆☆☆☆,4.4,0.0,4.0,0.0,10.0,1.5,0.0,0.0,見送り(地合い🔴),GM,-6.0,24.3,2.4,10.6,1608,1688.5,8.3,2.0,26649,GM+8.2%連動(β0.22) / MA上昇配列
2871,ニチレイ,食料品,18.0,★☆☆☆☆,0.0,0.0,3.0,0.0,15.0,0.0,0.0,0.0,見送り(地合い🔴),,0.0,18.7,3.5,9.4,2189,2354.0,11.0,0.9,4603,MA上昇配列 / パーフェクトオーダー / 52週高値ブレイク!
2579,コカ・コーラ　ボトラーズジャパンホールディングス,食料品,18.0,★☆☆☆☆,0.0,0.0,3.0,0.0,15.0,0.0,0.0,0.0,見送り(地合い🔴),,0.0,17.2,2.9,6.9,4325,4591.0,8.8,1.4,3791,MA上昇配列 / パーフェクトオーダー / 52週高値ブレイク!
5911,横河ブリッジホールディングス,金属製品,17.900000000000002,★☆☆☆☆,0.0,0.0,5.3,0.0,10.0,0.0,2.6,0.0,見送り(地合い🔴),,0.0,15.6,1.7,3.9,2894,2993.0,2.3,2.1,302,出来高増2.1倍 / MA上昇配列 / 開示[自己株式取得](2日前)
6723,ルネサスエレクトロニクス,電気機器,17.9,★☆☆☆☆,15.9,0.0,2.0,0.0,0.0,0.0,0.0,0.0,見送り(地合い🔴),Qorvo,26.1,-23.8,9.8,-28.3,2546,3170.0,-24.1,1.7,63305,Qorvo+3.5%連動(β0.45) 未反応+26.1%
9605,東映,情報・通信業,17.9,★☆☆☆☆,0.0,0.0,5.7,0.0,12.2,0.0,0.0,0.0,見送り(地合い🔴),,0.0,21.1,2.5,10.5,6074,6400.0,11.7,5.9,545,出来高急増5.9倍 / MA上昇配列 / パーフェクトオーダー / 52週高値目前
7201,日産自動車,輸送用機器,17.8,★☆☆☆☆,6.5,0.0,5.3,0.0,6.0,0.0,0.0,0.0,見送り(地合い🔴),GM,-5.2,29.6,3.1,12.8,336,358.20001220703125,7.1,1.8,10526,GM+8.2%連動(β0.32) / 買い出来高優勢
8750,第一ライフグループ,保険業,17.8,★☆☆☆☆,0.0,0.0,4.3,0.0,13.5,0.0,0.0,0.0,見送り(地合い🔴),,0.0,19.1,2.6,5.0,1837,1936.0,2.1,1.2,18960,買い出来高優勢 / MA上昇配列 / パーフェクトオーダー / 52週高値目前
8101,ＧＳＩクレオス,卸売業,17.8,★☆☆☆☆,0.0,0.0,4.3,0.0,13.5,0.0,0.0,0.0,見送り(地合い🔴),,0.0,27.0,2.7,9.8,2599,2745.0,0.8,0.9,118,買い出来高優勢 / MA上昇配列 / パーフェクトオーダー / 52週高値目前
6178,日本郵政,サービス業,17.8,★☆☆☆☆,0.0,0.0,4.3,0.0,13.5,0.0,0.0,0.0,見送り(地合い🔴),,0.0,24.7,2.6,6.3,2354,2482.0,1.2,1.3,13228,買い出来高優勢 / MA上昇配列 / パーフェクトオーダー / 52週高値目前
7181,かんぽ生命保険,保険業,17.8,★☆☆☆☆,0.0,0.0,4.3,0.0,13.5,0.0,0.0,0.0,見送り(地合い🔴),,0.0,27.1,2.5,9.0,1694,1783.5,3.2,1.2,3802,買い出来高優勢 / MA上昇配列 / パーフェクトオーダー / 52週高値目前
9279,ギフトホールディングス,小売業,17.8,★☆☆☆☆,0.0,0.0,4.3,0.0,13.5,0.0,0.0,0.0,見送り(地合い🔴),,0.0,30.7,3.9,12.0,4666,5060.0,5.3,1.4,431,買い出来高優勢 / MA上昇配列 / パーフェクトオーダー / 52週高値目前 / 開示[株式分割](14日前)
8424,芙蓉総合リース,その他金融業,17.8,★☆☆☆☆,0.0,0.0,5.3,0.0,12.5,0.0,0.0,0.0,見送り(地合い🔴),,0.0,19.0,1.6,6.4,4448,4591.0,3.6,1.7,715,買い出来高優勢 / MA上昇配列 / パーフェクトオーダー / 52週高値ブレイク! / RSI過熱(85)⚠
2602,日清オイリオグループ,食料品,17.8,★☆☆☆☆,0.0,0.0,4.3,0.0,13.5,0.0,0.0,0.0,見送り(地合い🔴),,0.0,19.2,1.8,5.6,1934,2007.0,2.1,1.3,493,買い出来高優勢 / MA上昇配列 / パーフェクトオーダー / 52週高値目前
9048,名古屋鉄道,陸運業,17.7,★☆☆☆☆,0.0,0.0,6.7,0.0,11.0,0.0,0.0,0.0,見送り(地合い🔴),,0.0,18.3,1.7,6.0,1928,1994.5,4.1,2.0,1481,出来高増2.0倍 / 買い出来高優勢 / MA上昇配列 / パーフェクトオーダー
6627,テラプローブ,電気機器,17.7,★☆☆☆☆,15.7,0.0,2.0,0.0,0.0,0.0,0.0,0.0,見送り(地合い🔴),Qorvo,25.0,-24.7,11.5,-27.2,6739,8750.0,-23.1,2.0,1543,Qorvo+3.5%連動(β0.43) 未反応+25.0%
2674,ハードオフコーポレーション,小売業,17.7,★☆☆☆☆,0.0,0.0,4.0,0.0,13.7,0.0,0.0,0.0,見送り(地合い🔴),,0.0,25.7,2.9,13.1,2909,3085.0,8.9,2.0,185,MA上昇配列 / パーフェクトオーダー / 52週高値ブレイク!
3191,ジョイフル本田,小売業,17.7,★☆☆☆☆,0.0,0.0,4.0,0.0,13.7,0.0,0.0,0.0,見送り(地合い🔴),,0.0,21.8,1.9,10.7,2430,2524.0,10.5,1.9,424,MA上昇配列 / パーフェクトオーダー / 52週高値ブレイク!
8593,三菱ＨＣキャピタル,その他金融業,17.7,★☆☆☆☆,0.0,0.0,4.0,0.0,13.7,0.0,0.0,0.0,見送り(地合い🔴),,0.0,25.8,1.6,9.7,1469,1518.0,5.6,2.0,5728,MA上昇配列 / パーフェクトオーダー / 52週高値ブレイク!
5444,大和工業,鉄鋼,17.7,★☆☆☆☆,0.0,0.0,4.0,0.0,13.7,0.0,0.0,0.0,見送り(地合い🔴),,0.0,23.5,2.3,8.6,13122,13745.0,7.2,1.9,1714,MA上昇配列 / パーフェクトオーダー / 52週高値ブレイク!
3167,ＴＯＫＡＩホールディングス,卸売業,17.5,★☆☆☆☆,0.0,0.0,4.0,0.0,13.5,0.0,0.0,0.0,見送り(地合い🔴),,0.0,14.2,1.6,3.9,1157,1195.0,4.2,1.8,252,MA上昇配列 / パーフェクトオーダー / 52週高値目前
7296,エフ・シー・シー,輸送用機器,17.5,★☆☆☆☆,0.0,0.0,5.3,0.0,12.2,0.0,0.0,0.0,見送り(地合い🔴),,0.0,22.2,1.8,8.0,3660,3795.0,5.4,2.6,317,出来高増2.6倍 / MA上昇配列 / パーフェクトオーダー / 52週高値目前
1976,明星工業,建設業,17.5,★☆☆☆☆,0.0,0.0,4.0,0.0,13.5,0.0,0.0,0.0,見送り(地合い🔴),,0.0,17.9,2.6,6.0,1878,1983.0,4.5,2.0,165,MA上昇配列 / パーフェクトオーダー / 52週高値目前
3941,レンゴー,パルプ・紙,17.5,★☆☆☆☆,0.0,0.0,4.0,0.0,13.5,0.0,0.0,0.0,見送り(地合い🔴),,0.0,18.5,2.3,6.5,1465,1534.5,4.8,1.8,1409,MA上昇配列 / パーフェクトオーダー / 52週高値目前
6412,平和,機械,17.4,★☆☆☆☆,0.0,0.0,6.7,0.0,10.7,0.0,0.0,0.0,見送り(地合い🔴),,0.0,19.1,1.6,6.9,2107,2175.0,6.8,3.2,485,出来高急増3.2倍 / MA上昇配列 / パーフェクトオーダー
4369,トリケミカル研究所,化学,17.3,★☆☆☆☆,15.3,0.0,2.0,0.0,0.0,0.0,0.0,0.0,見送り(地合い🔴),NetApp,16.2,-7.5,7.4,-14.8,2445,2868.0,-14.1,1.9,1712,NetApp+3.3%連動(β0.40) 未反応+16.2%
6586,マキタ,機械,17.3,★☆☆☆☆,0.0,0.0,5.3,0.0,12.0,0.0,0.0,0.0,見送り(地合い🔴),,0.0,12.0,2.5,2.8,5594,5895.0,4.2,2.1,4391,出来高増2.1倍 / MA上昇配列 / パーフェクトオーダー
3863,日本製紙,パルプ・紙,17.3,★☆☆☆☆,0.0,0.0,5.3,0.0,12.0,0.0,0.0,0.0,見送り(地合い🔴),,0.0,25.7,3.5,6.9,1370,1474.0,-2.9,2.2,1143,出来高増2.2倍 / MA上昇配列 / パーフェクトオーダー
6479,ミネベアミツミ,電気機器,17.3,★☆☆☆☆,17.3,0.0,0.0,0.0,0.0,0.0,0.0,0.0,見送り(地合い🔴),GM,12.9,-15.2,4.8,-18.1,3205,3545.0,-10.3,1.1,14081,GM+8.2%連動(β0.26) 未反応+12.9%
4776,サイボウズ,情報・通信業,17.3,★☆☆☆☆,0.0,0.0,6.7,0.0,8.0,0.0,2.6,0.0,見送り(地合い🔴),,0.0,35.5,3.5,13.1,2634,2831.0,11.8,2.7,877,出来高増2.7倍 / 買い出来高優勢 / MA上昇配列 / 開示[自己株式の取得](2日前)
6787,メイコー,電気機器,17.2,★☆☆☆☆,15.2,0.0,2.0,0.0,0.0,0.0,0.0,0.0,見送り(地合い🔴),Qorvo,23.8,-30.3,9.9,-30.1,14800,18450.0,-24.4,1.6,11006,Qorvo+3.5%連動(β0.37) 未反応+23.8%
9107,川崎汽船,海運業,17.1,★☆☆☆☆,0.0,0.0,3.3,0.0,12.2,0.0,1.6,0.0,見送り(地合い🔴),,0.0,25.1,2.3,9.0,2726,2855.0,3.3,0.9,12105,買い出来高優勢 / MA上昇配列 / パーフェクトオーダー / 52週高値目前 / 開示[業績予想の修正](5日前)
296A,令和アカウンティング・ホールディングス,サービス業,17.1,★☆☆☆☆,0.0,0.0,5.3,0.0,10.7,0.0,1.1,0.0,見送り(地合い🔴),,0.0,30.4,3.9,14.6,841,911.0,-2.0,0.5,162,買い出来高優勢 / 資金流入増 / MA上昇配列 / パーフェクトオーダー / 開示[業務提携](8日前)
4246,ダイキョーニシカワ,化学,17.1,★☆☆☆☆,3.1,0.0,2.0,0.0,12.0,0.0,0.0,0.0,見送り(地合い🔴),Ford,-0.2,12.9,1.7,2.2,993,1028.0,2.1,0.8,288,Ford+6.3%連動(β0.20) / MA上昇配列 / パーフェクトオーダー
7246,プレス工業,輸送用機器,17.0,★☆☆☆☆,3.0,0.0,3.0,0.0,11.0,0.0,0.0,0.0,見送り(地合い🔴),Ford,-0.6,19.8,1.8,5.4,823,855.0,2.3,1.4,229,Ford+6.3%連動(β0.19) / MA上昇配列 / パーフェクトオーダー
7846,パイロットコーポレーション,その他製品,17.0,★☆☆☆☆,0.0,0.0,2.0,0.0,15.0,0.0,0.0,0.0,見送り(地合い🔴),,0.0,20.2,1.7,5.9,1794,1858.0,4.3,1.1,349,MA上昇配列 / パーフェクトオーダー / 52週高値ブレイク!
2501,サッポロホールディングス,食料品,17.0,★☆☆☆☆,0.0,0.0,2.0,0.0,15.0,0.0,0.0,0.0,見送り(地合い🔴),,0.0,16.8,3.2,8.0,2025,2163.0,7.2,1.1,2663,MA上昇配列 / パーフェクトオーダー / 52週高値ブレイク!
2001,ニップン,食料品,17.0,★☆☆☆☆,0.0,0.0,2.0,0.0,15.0,0.0,0.0,0.0,見送り(地合い🔴),,0.0,15.6,1.8,5.0,2848,2956.0,5.2,1.2,722,MA上昇配列 / パーフェクトオーダー / 52週高値ブレイク!
9831,ヤマダホールディングス,小売業,17.0,★☆☆☆☆,0.0,0.0,3.3,0.0,13.7,0.0,0.0,0.0,見送り(地合い🔴),,0.0,26.5,2.8,12.5,722,764.7999877929688,8.3,0.8,3414,買い出来高優勢 / MA上昇配列 / パーフェクトオーダー / 52週高値ブレイク!
2810,ハウス食品グループ本社,食料品,17.0,★☆☆☆☆,0.0,0.0,2.0,0.0,15.0,0.0,0.0,0.0,見送り(地合い🔴),,0.0,19.9,1.8,6.6,3964,4109.0,5.8,1.2,970,MA上昇配列 / パーフェクトオーダー / 52週高値ブレイク!
8410,セブン銀行,銀行業,17.0,★☆☆☆☆,0.0,0.0,5.3,0.0,11.7,0.0,0.0,0.0,見送り(地合い🔴),,0.0,28.7,2.0,12.1,320,333.5,6.0,1.9,1815,買い出来高優勢 / MA上昇配列 / 52週高値ブレイク!
5834,ＳＢＩリーシングサービス,証券、商品先物取引業,17.0,★☆☆☆☆,0.0,0.0,8.0,0.0,9.0,0.0,0.0,0.0,見送り(地合い🔴),,0.0,19.3,2.7,7.7,2758,2915.0,4.6,7.1,212,出来高急増7.1倍 / 買い出来高優勢 / MA上昇配列
7421,カッパ・クリエイト,小売業,17.0,★☆☆☆☆,0.0,0.0,8.0,0.0,9.0,0.0,0.0,0.0,見送り(地合い🔴),,0.0,21.9,1.9,8.6,1587,1651.0,7.5,3.7,130,出来高急増3.7倍 / 買い出来高優勢 / MA上昇配列
5830,いよぎんホールディングス,銀行業,17.0,★☆☆☆☆,0.0,0.0,5.0,0.0,12.0,0.0,0.0,0.0,見送り(地合い🔴),,0.0,24.6,3.8,7.6,3327,3599.0,4.3,1.8,3585,MA上昇配列 / パーフェクトオーダー
6762,ＴＤＫ,電気機器,16.9,★☆☆☆☆,14.9,0.0,2.0,0.0,0.0,0.0,0.0,0.0,見送り(地合い🔴),Qorvo,13.0,-12.9,5.5,-17.5,2442,2746.0,-11.6,1.7,41831,Qorvo+3.5%連動(β0.33) 未反応+13.0%
6758,ソニーグループ,電気機器,16.8,★☆☆☆☆,3.8,0.0,4.0,0.0,9.0,0.0,0.0,0.0,見送り(地合い🔴),Google,-9.1,26.4,2.4,11.8,3629,3809.0,10.6,2.0,59275,Google+5.3%連動(β0.28) / MA上昇配列
3923,ラクス,情報・通信業,16.8,★☆☆☆☆,3.5,0.0,5.3,0.0,8.0,0.0,0.0,0.0,見送り(地合い🔴),Microsoft,-13.7,27.0,4.1,10.9,1014,1104.0,13.6,1.8,1967,Microsoft+2.3%連動(β0.60) / 買い出来高優勢 / MA上昇配列
4668,明光ネットワークジャパン,サービス業,16.8,★☆☆☆☆,0.0,0.0,6.3,0.0,10.5,0.0,0.0,0.0,見送り(地合い🔴),,0.0,26.7,1.8,9.8,775,805.0,3.3,1.3,102,買い出来高優勢 / 資金流入増 / MA上昇配列 / 52週高値ブレイク! / RSI過熱(87)⚠
9274,ＫＰＰグループホールディングス,卸売業,16.8,★☆☆☆☆,0.0,0.0,2.0,0.0,13.5,0.0,1.3,0.0,見送り(地合い🔴),,0.0,17.0,2.4,4.4,1045,1098.0,-1.0,1.1,232,MA上昇配列 / パーフェクトオーダー / 52週高値目前 / 開示[自己株式の取得](8日前)
9433,ＫＤＤＩ,情報・通信業,16.8,★☆☆☆☆,0.0,0.0,4.3,0.0,12.5,0.0,0.0,0.0,見送り(地合い🔴),,0.0,23.4,1.9,10.5,2987,3108.0,8.1,1.4,23171,買い出来高優勢 / MA上昇配列 / パーフェクトオーダー / 52週高値ブレイク! / RSI過熱(90)⚠
4928,ノエビアホールディングス,化学,16.7,★☆☆☆☆,0.0,0.0,8.0,0.0,8.7,0.0,0.0,0.0,見送り(地合い🔴),,0.0,23.1,1.7,8.9,4789,4955.0,7.7,3.2,428,出来高急増3.2倍 / 買い出来高優勢 / MA上昇配列
8214,ＡＯＫＩホールディングス,小売業,16.7,★☆☆☆☆,0.0,0.0,6.7,0.0,10.0,0.0,0.0,0.0,見送り(地合い🔴),,0.0,18.0,1.5,5.2,1714,1767.0,3.5,2.7,292,出来高増2.7倍 / 買い出来高優勢 / MA上昇配列
9142,九州旅客鉄道,陸運業,16.7,★☆☆☆☆,0.0,0.0,6.7,0.0,10.0,0.0,0.0,0.0,見送り(地合い🔴),,0.0,19.2,1.6,6.2,3688,3811.0,5.2,2.4,2252,出来高増2.4倍 / 買い出来高優勢 / MA上昇配列
9984,ソフトバンクグループ,情報・通信業,16.7,★☆☆☆☆,15.7,0.0,1.0,0.0,0.0,0.0,0.0,0.0,見送り(地合い🔴),NetApp,21.4,-10.3,9.6,-20.2,3829,4741.0,-16.9,1.4,299649,NetApp+3.3%連動(β0.45) 未反応+21.4%
8160,木曽路,小売業,16.7,★☆☆☆☆,0.0,0.0,6.7,0.0,10.0,0.0,0.0,0.0,見送り(地合い🔴),,0.0,19.8,1.8,7.0,2458,2548.0,6.4,2.7,194,出来高増2.7倍 / 買い出来高優勢 / MA上昇配列
2170,リンクアンドモチベーション,サービス業,16.7,★☆☆☆☆,0.0,0.0,6.7,0.0,10.0,0.0,0.0,0.0,見送り(地合い🔴),,0.0,27.7,2.5,11.0,611,644.0,6.3,2.4,233,出来高増2.4倍 / 買い出来高優勢 / MA上昇配列 / パーフェクトオーダー
6995,東海理化電機製作所,輸送用機器,16.7,★☆☆☆☆,0.0,0.0,3.0,0.0,13.7,0.0,0.0,0.0,見送り(地合い🔴),,0.0,23.3,1.9,8.3,3218,3345.0,4.9,1.2,423,MA上昇配列 / パーフェクトオーダー / 52週高値ブレイク!
2914,日本たばこ産業,食料品,16.7,★☆☆☆☆,0.0,0.0,3.0,0.0,13.7,0.0,0.0,0.0,見送り(地合い🔴),,0.0,23.0,1.9,9.2,6524,6781.0,5.0,1.4,29132,MA上昇配列 / パーフェクトオーダー / 52週高値ブレイク!
3284,フージャースホールディングス,不動産業,16.7,★☆☆☆☆,0.0,0.0,6.7,0.0,10.0,0.0,0.0,0.0,見送り(地合い🔴),,0.0,16.7,1.4,4.1,1234,1269.0,2.7,2.8,185,出来高増2.8倍 / 買い出来高優勢 / MA上昇配列
4902,コニカミノルタ,電気機器,16.7,★☆☆☆☆,3.7,0.0,4.3,0.0,8.7,0.0,0.0,0.0,見送り(地合い🔴),Ford,-6.0,34.8,3.2,13.5,641,684.2000122070312,7.1,1.4,2178,Ford+6.3%連動(β0.23) / 買い出来高優勢 / MA上昇配列
6981,村田製作所,電気機器,16.6,★☆☆☆☆,14.6,0.0,2.0,0.0,0.0,0.0,0.0,0.0,見送り(地合い🔴),NetApp,28.1,-35.1,12.5,-33.8,4674,6231.0,-25.1,1.6,276850,NetApp+3.3%連動(β0.32) 未反応+28.1%
6728,アルバック,電気機器,16.6,★☆☆☆☆,14.6,0.0,2.0,0.0,0.0,0.0,0.0,0.0,見送り(地合い🔴),Qorvo,22.7,-14.1,8.0,-19.9,6568,7825.0,-20.2,1.7,5138,Qorvo+3.5%連動(β0.30) 未反応+22.7%
8059,第一実業,卸売業,16.5,★☆☆☆☆,0.0,0.0,3.0,0.0,13.5,0.0,0.0,0.0,見送り(地合い🔴),,0.0,24.2,2.5,6.3,3301,3475.0,0.1,1.0,301,MA上昇配列 / パーフェクトオーダー / 52週高値目前
8622,水戸証券,証券、商品先物取引業,16.5,★☆☆☆☆,0.0,0.0,4.3,0.0,12.2,0.0,0.0,0.0,見送り(地合い🔴),,0.0,30.0,3.0,11.2,740,787.0,1.0,1.1,222,買い出来高優勢 / MA上昇配列 / パーフェクトオーダー / 52週高値目前
6448,ブラザー工業,電気機器,16.5,★☆☆☆☆,0.0,0.0,3.0,0.0,13.5,0.0,0.0,0.0,見送り(地合い🔴),,0.0,20.0,2.2,5.9,3855,4029.0,2.6,1.4,2805,MA上昇配列 / パーフェクトオーダー / 52週高値目前
7981,タカラスタンダード,その他製品,16.5,★☆☆☆☆,0.0,0.0,3.0,0.0,13.5,0.0,0.0,0.0,見送り(地合い🔴),,0.0,16.0,1.9,5.4,3154,3280.0,5.8,1.4,335,MA上昇配列 / パーフェクトオーダー / 52週高値目前
2288,丸大食品,食料品,16.5,★☆☆☆☆,0.0,0.0,3.0,0.0,13.5,0.0,0.0,0.0,見送り(地合い🔴),,0.0,18.1,1.6,5.9,2332,2408.0,5.2,1.4,161,MA上昇配列 / パーフェクトオーダー / 52週高値目前
2269,明治ホールディングス,食料品,16.5,★☆☆☆☆,0.0,0.0,4.3,0.0,12.2,0.0,0.0,0.0,見送り(地合い🔴),,0.0,15.2,2.1,4.6,3804,3973.0,6.5,2.1,3538,出来高増2.1倍 / MA上昇配列 / パーフェクトオーダー / 52週高値目前
9882,イエローハット,卸売業,16.5,★☆☆☆☆,0.0,0.0,4.0,0.0,12.5,0.0,0.0,0.0,見送り(地合い🔴),,0.0,17.1,1.7,4.3,1816,1881.0,4.3,1.7,343,MA上昇配列 / パーフェクトオーダー / 52週高値ブレイク!
8304,あおぞら銀行,銀行業,16.5,★☆☆☆☆,0.0,0.0,3.0,0.0,13.5,0.0,0.0,0.0,見送り(地合い🔴),,0.0,23.5,2.2,6.0,2938,3074.0,2.3,1.3,3894,MA上昇配列 / パーフェクトオーダー / 52週高値目前
3148,クリエイトＳＤホールディングス,小売業,16.5,★☆☆☆☆,0.0,0.0,3.0,0.0,13.5,0.0,0.0,0.0,見送り(地合い🔴),,0.0,18.7,2.1,6.2,3374,3525.0,5.9,1.4,432,MA上昇配列 / パーフェクトオーダー / 52週高値目前
9324,安田倉庫,倉庫・運輸関連業,16.5,★☆☆☆☆,0.0,0.0,3.0,0.0,13.5,0.0,0.0,0.0,見送り(地合い🔴),,0.0,18.3,2.3,4.3,2468,2588.0,0.7,0.9,237,MA上昇配列 / パーフェクトオーダー / 52週高値目前
9842,アークランズ,小売業,16.5,★☆☆☆☆,0.0,0.0,3.0,0.0,13.5,0.0,0.0,0.0,見送り(地合い🔴),,0.0,13.8,1.8,4.9,1917,1990.0,5.9,1.7,512,MA上昇配列 / パーフェクトオーダー / 52週高値目前
8628,松井証券,証券、商品先物取引業,16.5,★☆☆☆☆,0.0,0.0,3.0,0.0,13.5,0.0,0.0,0.0,見送り(地合い🔴),,0.0,25.2,2.6,6.9,1048,1105.0,-0.4,1.2,1214,MA上昇配列 / パーフェクトオーダー / 52週高値目前
6345,アイチ　コーポレーション,機械,16.5,★☆☆☆☆,0.0,0.0,3.0,0.0,13.5,0.0,0.0,0.0,見送り(地合い🔴),,0.0,16.4,1.5,3.2,1392,1435.0,2.5,1.3,153,MA上昇配列 / パーフェクトオーダー / 52週高値目前
3778,さくらインターネット,情報・通信業,16.4,★☆☆☆☆,0.0,0.0,6.7,0.0,6.0,0.0,3.7,0.0,見送り(地合い🔴),,0.0,17.5,5.1,9.6,2845,3170.0,9.1,2.6,3409,出来高増2.6倍 / 買い出来高優勢 / 開示[業績予想の修正](1日前) / 開示[AI](1日前)
6923,スタンレー電気,電気機器,16.4,★☆☆☆☆,4.4,0.0,1.0,0.0,11.0,0.0,0.0,0.0,見送り(地合い🔴),GM,-1.7,13.4,2.0,2.5,3482,3628.0,3.1,1.5,2051,GM+8.2%連動(β0.21) / MA上昇配列 / パーフェクトオーダー
6976,太陽誘電,電気機器,16.4,★☆☆☆☆,15.4,0.0,1.0,0.0,0.0,0.0,0.0,0.0,見送り(地合い🔴),NetApp,27.3,-45.1,16.9,-39.6,5962,9005.0,-28.2,1.3,343195,NetApp+3.3%連動(β0.41) 未反応+27.3%
9001,東武鉄道,陸運業,16.4,★☆☆☆☆,0.0,0.0,6.7,0.0,9.7,0.0,0.0,0.0,見送り(地合い🔴),,0.0,19.6,1.9,7.6,3077,3198.0,5.1,2.0,1634,出来高増2.0倍 / 買い出来高優勢 / MA上昇配列 / パーフェクトオーダー
7616,コロワイド,小売業,16.4,★☆☆☆☆,0.0,0.0,6.7,0.0,9.7,0.0,0.0,0.0,見送り(地合い🔴),,0.0,26.6,2.3,12.3,2045,2143.5,9.2,2.5,827,出来高増2.5倍 / 買い出来高優勢 / MA上昇配列 / パーフェクトオーダー
1377,サカタのタネ,水産・農林業,16.3,★☆☆☆☆,0.0,0.0,4.3,0.0,12.0,0.0,0.0,0.0,見送り(地合い🔴),,0.0,18.5,2.3,5.1,4317,4525.0,4.4,1.5,649,買い出来高優勢 / MA上昇配列 / パーフェクトオーダー
9449,ＧＭＯインターネットグループ,情報・通信業,16.3,★☆☆☆☆,0.0,0.0,3.3,0.0,13.0,0.0,0.0,0.0,見送り(地合い🔴),,0.0,37.6,3.0,12.8,4000,4258.0,7.8,1.1,1877,買い出来高優勢 / MA上昇配列 / 52週高値ブレイク!
8541,愛媛銀行,銀行業,16.3,★☆☆☆☆,0.0,0.0,7.3,0.0,12.0,0.0,0.0,-3.0,見送り(地合い🔴),,0.0,40.9,4.7,19.1,2532,2793.0,12.4,1.5,951,買い出来高優勢 / 資金流入増 / MA上昇配列 / パーフェクトオーダー / 伸びすぎ注意(25MA+19%)
1518,三井松島ホールディングス,その他製品,16.3,★☆☆☆☆,0.0,0.0,7.3,0.0,11.0,0.0,3.0,-5.0,見送り(地合い🔴),,0.0,67.3,4.4,40.1,2141,2349.0,51.3,1.7,1104,買い出来高優勢 / 資金流入増 / MA上昇配列 / パーフェクトオーダー / 52週高値目前 / RSI過熱(87)⚠ / 過熱⚠25MA+40% / 開示[上方修正](7日前) / 開示[子会社化](7日前)
8713,フィデアホールディングス,銀行業,16.3,★☆☆☆☆,0.0,0.0,4.3,0.0,12.0,0.0,0.0,0.0,見送り(地合い🔴),,0.0,20.4,2.8,5.0,2026,2148.0,2.5,1.4,121,買い出来高優勢 / MA上昇配列 / パーフェクトオーダー
2353,日本駐車場開発,不動産業,16.3,★☆☆☆☆,0.0,0.0,7.3,0.0,9.0,0.0,0.0,0.0,見送り(地合い🔴),,0.0,17.0,1.8,4.4,250,259.0,3.9,2.8,793,出来高増2.8倍 / 資金流入増 / MA上昇配列
4293,セプテーニ・ホールディングス,サービス業,16.3,★☆☆☆☆,0.0,0.0,5.3,0.0,11.0,0.0,0.0,0.0,見送り(地合い🔴),,0.0,29.8,3.3,9.1,497,532.0,5.6,1.7,316,買い出来高優勢 / MA上昇配列 / パーフェクトオーダー
6337,テセック,機械,16.3,★☆☆☆☆,0.0,0.0,9.0,0.0,5.0,0.0,2.3,0.0,見送り(地合い🔴),,0.0,11.3,5.0,3.1,2244,2496.0,6.7,17.6,222,出来高急増17.6倍 / 買い出来高優勢 / 開示[業績予想の修正](1日前)
8600,トモニホールディングス,銀行業,16.3,★☆☆☆☆,0.0,0.0,4.3,0.0,12.0,0.0,0.0,0.0,見送り(地合い🔴),,0.0,25.4,3.4,8.3,943,1011.0,2.4,1.2,580,買い出来高優勢 / MA上昇配列 / パーフェクトオーダー
6590,芝浦メカトロニクス,電気機器,16.3,★☆☆☆☆,15.3,0.0,1.0,0.0,0.0,0.0,0.0,0.0,見送り(地合い🔴),Qorvo,25.4,-0.9,12.4,-20.7,3089,4105.0,-22.8,0.8,14699,Qorvo+3.5%連動(β0.38) 未反応+25.4%
8708,アイザワ証券グループ,証券、商品先物取引業,16.3,★☆☆☆☆,0.0,0.0,6.3,0.0,10.0,0.0,0.0,0.0,見送り(地合い🔴),,0.0,22.5,2.6,7.0,1592,1679.0,1.6,2.6,251,出来高増2.6倍 / MA上昇配列 / パーフェクトオーダー
4612,日本ペイントホールディングス,化学,16.3,★☆☆☆☆,0.0,0.0,5.3,0.0,11.0,0.0,0.0,0.0,見送り(地合い🔴),,0.0,27.7,2.6,13.0,1172,1237.0,12.7,2.5,4883,出来高増2.5倍 / MA上昇配列 / パーフェクトオーダー
4578,大塚ホールディングス,医薬品,16.3,★☆☆☆☆,0.0,0.0,2.0,0.0,12.0,0.0,2.3,0.0,見送り(地合い🔴),,0.0,16.7,2.7,3.6,10887,11505.0,4.9,1.3,13425,MA上昇配列 / パーフェクトオーダー / 開示[業績予想の修正](1日前)
9303,住友倉庫,倉庫・運輸関連業,16.2,★☆☆☆☆,0.0,0.0,4.0,0.0,12.2,0.0,0.0,0.0,見送り(地合い🔴),,0.0,21.1,1.7,6.4,4001,4140.0,4.0,1.8,469,MA上昇配列 / パーフェクトオーダー / 52週高値目前
7239,タチエス,輸送用機器,16.2,★☆☆☆☆,0.0,0.0,4.0,0.0,12.2,0.0,0.0,0.0,見送り(地合い🔴),,0.0,16.4,1.4,4.5,2190,2254.0,3.5,1.8,171,MA上昇配列 / パーフェクトオーダー / 52週高値目前
6306,日工,機械,16.0,★☆☆☆☆,0.0,0.0,1.0,0.0,15.0,0.0,0.0,0.0,見送り(地合い🔴),,0.0,17.3,1.9,6.0,963,1001.0,5.0,1.4,101,MA上昇配列 / パーフェクトオーダー / 52週高値ブレイク!
8386,百十四銀行,銀行業,16.0,★☆☆☆☆,0.0,0.0,4.0,0.0,12.0,0.0,0.0,0.0,見送り(地合い🔴),,0.0,19.4,3.8,3.2,2579,2790.0,-2.6,1.9,971,MA上昇配列 / パーフェクトオーダー
8098,稲畑産業,卸売業,16.0,★☆☆☆☆,0.0,0.0,4.0,0.0,12.0,0.0,0.0,0.0,見送り(地合い🔴),,0.0,14.0,1.3,1.9,3917,4025.0,-0.2,1.8,331,MA上昇配列 / パーフェクトオーダー
6209,リケンＮＰＲ,機械,16.0,★☆☆☆☆,0.0,0.0,4.0,0.0,12.0,0.0,0.0,0.0,見送り(地合い🔴),,0.0,13.8,2.1,2.1,3839,4010.0,0.8,1.9,286,MA上昇配列 / パーフェクトオーダー
2229,カルビー,食料品,16.0,★☆☆☆☆,0.0,0.0,4.0,0.0,12.0,0.0,0.0,0.0,見送り(地合い🔴),,0.0,18.4,2.0,7.2,3066,3195.0,8.4,1.9,913,MA上昇配列 / パーフェクトオーダー
5122,オカモト,ゴム製品,16.0,★☆☆☆☆,0.0,0.0,8.0,0.0,8.0,0.0,0.0,0.0,見送り(地合い🔴),,0.0,20.5,2.3,6.9,5530,5800.0,5.3,3.3,112,出来高急増3.3倍 / 買い出来高優勢
8370,紀陽銀行,銀行業,16.0,★☆☆☆☆,0.0,0.0,4.0,0.0,12.0,0.0,0.0,0.0,見送り(地合い🔴),,0.0,18.6,3.1,3.6,4509,4805.0,0.5,1.9,704,MA上昇配列 / パーフェクトオーダー
7516,コーナン商事,小売業,16.0,★☆☆☆☆,0.0,0.0,4.0,0.0,12.0,0.0,0.0,0.0,見送り(地合い🔴),,0.0,14.3,2.3,6.0,4174,4375.0,5.0,1.3,434,MA上昇配列 / パーフェクトオーダー
3003,ヒューリック,不動産業,16.0,★☆☆☆☆,0.0,0.0,4.0,0.0,12.0,0.0,0.0,0.0,見送り(地合い🔴),,0.0,22.6,2.1,8.3,1827,1907.0,5.5,1.8,4831,MA上昇配列 / パーフェクトオーダー
7350,おきなわフィナンシャルグループ,銀行業,16.0,★☆☆☆☆,0.0,0.0,4.0,0.0,12.0,0.0,0.0,0.0,見送り(地合い🔴),,0.0,23.0,3.8,4.8,6611,7160.0,0.7,1.5,514,MA上昇配列 / パーフェクトオーダー
9267,Ｇｅｎｋｙ　ＤｒｕｇＳｔｏｒｅｓ,小売業,16.0,★☆☆☆☆,0.0,0.0,8.0,0.0,8.0,0.0,0.0,0.0,見送り(地合い🔴),,0.0,33.3,2.9,13.5,3911,4155.0,12.4,3.2,376,出来高急増3.2倍 / 買い出来高優勢 / MA上昇配列
9508,九州電力,電気・ガス業,16.0,★☆☆☆☆,0.0,0.0,4.0,0.0,12.0,0.0,0.0,0.0,見送り(地合い🔴),,0.0,22.2,2.2,6.3,1756,1838.5,2.7,1.9,2982,MA上昇配列 / パーフェクトオーダー
8399,琉球銀行,銀行業,16.0,★☆☆☆☆,0.0,0.0,4.0,0.0,12.0,0.0,0.0,0.0,見送り(地合い🔴),,0.0,22.5,3.7,5.9,2707,2926.0,1.6,1.7,416,MA上昇配列 / パーフェクトオーダー
3107,ダイワボウホールディングス,卸売業,16.0,★☆☆☆☆,0.0,0.0,1.0,0.0,15.0,0.0,0.0,0.0,見送り(地合い🔴),,0.0,16.2,2.2,5.7,3495,3655.0,5.0,1.0,1009,MA上昇配列 / パーフェクトオーダー / 52週高値ブレイク!
4765,ＳＢＩグローバルアセットマネジメント,サービス業,15.9,★☆☆☆☆,0.0,0.0,6.3,0.0,7.0,0.0,2.6,0.0,見送り(地合い🔴),,0.0,16.9,2.0,6.0,584,608.0,5.9,2.4,241,出来高増2.4倍 / 開示[増配](2日前)
6963,ローム,電気機器,15.8,★☆☆☆☆,14.8,0.0,1.0,0.0,0.0,0.0,0.0,0.0,見送り(地合い🔴),Qorvo,20.4,-16.9,9.0,-23.5,3220,3925.0,-18.0,1.4,26650,Qorvo+3.5%連動(β0.33) 未反応+20.4%
6273,ＳＭＣ,機械,15.8,★☆☆☆☆,15.8,0.0,0.0,0.0,0.0,0.0,0.0,0.0,見送り(地合い🔴),Google,12.5,1.3,5.2,-9.7,58213,64930.0,-9.6,1.2,21015,Google+5.3%連動(β0.29) 未反応+12.5%
3087,ドトール・日レスホールディングス,小売業,15.8,★☆☆☆☆,0.0,0.0,6.3,0.0,12.5,0.0,0.0,-3.0,見送り(地合い🔴),,0.0,33.9,2.7,16.6,3172,3355.0,8.8,1.8,496,買い出来高優勢 / MA上昇配列 / パーフェクトオーダー / 52週高値ブレイク! / RSI過熱(92)⚠ / 伸びすぎ注意(25MA+17%)
8377,ほくほくフィナンシャルグループ,銀行業,15.8,★☆☆☆☆,0.0,0.0,6.3,0.0,8.2,0.0,1.3,0.0,見送り(地合い🔴),,0.0,23.9,4.4,3.9,6922,7588.0,0.6,2.6,3568,出来高増2.6倍 / MA上昇配列 / パーフェクトオーダー / 開示[株式分割](5日前)
9828,Ｇｅｎｋｉ　Ｇｌｏｂａｌ　Ｄｉｎｉｎｇ　Ｃｏｎｃｅｐｔｓ,小売業,15.7,★☆☆☆☆,0.0,0.0,6.7,0.0,9.0,0.0,0.0,0.0,見送り(地合い🔴),,0.0,23.2,2.8,9.4,3381,3580.0,7.7,2.1,230,出来高増2.1倍 / 買い出来高優勢 / MA上昇配列
6902,デンソー,輸送用機器,15.7,★☆☆☆☆,4.9,0.0,5.3,0.0,5.5,0.0,0.0,0.0,見送り(地合い🔴),GM,-8.8,27.9,1.9,12.7,2123,2208.0,11.0,2.4,14452,GM+8.2%連動(β0.24) / 出来高増2.4倍 / MA上昇配列 / RSI過熱(85)⚠
3563,ＦＯＯＤ　＆　ＬＩＦＥ　ＣＯＭＰＡＮＩＥＳ,小売業,15.7,★☆☆☆☆,0.0,0.0,2.0,0.0,13.7,0.0,0.0,0.0,見送り(地合い🔴),,0.0,30.0,3.6,14.3,5419,5846.0,9.7,1.3,10896,MA上昇配列 / パーフェクトオーダー / 52週高値ブレイク!
8630,ＳＯＭＰＯホールディングス,保険業,15.7,★☆☆☆☆,0.0,0.0,2.0,0.0,13.7,0.0,0.0,0.0,見送り(地合い🔴),,0.0,28.2,2.1,10.7,7051,7361.0,6.6,1.1,17872,MA上昇配列 / パーフェクトオーダー / 52週高値ブレイク!
9678,カナモト,サービス業,15.7,★☆☆☆☆,0.0,0.0,4.7,0.0,11.0,0.0,0.0,0.0,見送り(地合い🔴),,0.0,9.7,2.4,2.0,5031,5280.0,3.3,4.0,548,出来高急増4.0倍 / MA上昇配列 / パーフェクトオーダー
9045,京阪ホールディングス,陸運業,15.7,★☆☆☆☆,0.0,0.0,6.7,0.0,9.0,0.0,0.0,0.0,見送り(地合い🔴),,0.0,18.1,1.9,6.8,3307,3434.0,6.6,2.0,867,出来高増2.0倍 / 買い出来高優勢 / MA上昇配列
3397,トリドールホールディングス,小売業,15.7,★☆☆☆☆,0.0,0.0,8.0,0.0,7.7,0.0,0.0,0.0,見送り(地合い🔴),,0.0,29.4,2.5,14.4,4356,4584.0,12.8,3.0,1353,出来高急増3.0倍 / 買い出来高優勢 / MA上昇配列
3436,ＳＵＭＣＯ,金属製品,15.7,★☆☆☆☆,14.7,0.0,1.0,0.0,0.0,0.0,0.0,0.0,見送り(地合い🔴),Qorvo,22.3,-16.6,17.1,-30.8,1942,2948.5,-22.1,1.0,102293,Qorvo+3.5%連動(β0.31) 未反応+22.3%
8043,スターゼン,卸売業,15.7,★☆☆☆☆,0.0,0.0,4.0,0.0,11.7,0.0,0.0,0.0,見送り(地合い🔴),,0.0,26.7,2.0,10.0,1342,1398.0,6.6,1.5,197,MA上昇配列 / 52週高値ブレイク!
6707,サンケン電気,電気機器,15.6,★☆☆☆☆,15.6,0.0,0.0,0.0,0.0,0.0,0.0,0.0,見送り(地合い🔴),Qorvo,18.2,-19.4,6.7,-20.6,6935,8000.0,-17.3,1.0,1513,Qorvo+3.5%連動(β0.41) 未反応+18.2%
7177,ＧＭＯフィナンシャルホールディングス,証券、商品先物取引業,15.6,★☆☆☆☆,0.0,0.0,1.0,0.0,12.0,0.0,2.6,0.0,見送り(地合い🔴),,0.0,19.9,2.5,4.4,1025,1079.0,2.7,0.8,252,MA上昇配列 / パーフェクトオーダー / 開示[増配](2日前)
4452,花王,化学,15.5,★☆☆☆☆,0.0,0.0,4.0,0.0,11.5,0.0,0.0,0.0,見送り(地合い🔴),,0.0,16.3,2.0,5.1,3286,3419.0,5.9,1.8,9788,MA上昇配列 / 52週高値目前
3708,特種東海製紙,パルプ・紙,15.5,★☆☆☆☆,0.0,0.0,2.0,0.0,13.5,0.0,0.0,0.0,見送り(地合い🔴),,0.0,26.3,2.4,8.7,2064,2168.0,1.9,1.1,136,MA上昇配列 / パーフェクトオーダー / 52週高値目前
7278,エクセディ,輸送用機器,15.5,★☆☆☆☆,0.0,0.0,2.0,0.0,13.5,0.0,0.0,0.0,見送り(地合い🔴),,0.0,15.9,1.5,3.0,5943,6130.0,2.5,1.6,1016,MA上昇配列 / パーフェクトオーダー / 52週高値目前
8255,アクシアル　リテイリング,小売業,15.5,★☆☆☆☆,0.0,0.0,5.3,0.0,10.2,0.0,0.0,0.0,見送り(地合い🔴),,0.0,25.0,2.1,9.4,1225,1280.0,7.0,1.7,224,買い出来高優勢 / MA上昇配列 / 52週高値目前
2201,森永製菓,食料品,15.5,★☆☆☆☆,0.0,0.0,4.0,0.0,11.5,0.0,0.0,0.0,見送り(地合い🔴),,0.0,18.0,1.8,5.1,2701,2800.0,5.3,1.5,793,MA上昇配列 / 52週高値目前
5970,ジーテクト,金属製品,15.5,★☆☆☆☆,0.0,0.0,2.0,0.0,13.5,0.0,0.0,0.0,見送り(地合い🔴),,0.0,15.3,1.5,3.8,2105,2170.0,1.4,1.1,216,MA上昇配列 / パーフェクトオーダー / 52週高値目前
4373,シンプレクス・ホールディングス,情報・通信業,15.5,★☆☆☆☆,0.0,0.0,2.0,0.0,13.5,0.0,0.0,0.0,見送り(地合い🔴),,0.0,36.5,3.8,14.8,1094,1183.0,12.8,1.3,1234,MA上昇配列 / パーフェクトオーダー / 52週高値目前
1379,ホクト,水産・農林業,15.399999999999999,★☆☆☆☆,0.0,0.0,6.7,0.0,8.7,0.0,0.0,0.0,見送り(地合い🔴),,0.0,19.0,1.2,4.4,1941,1989.0,2.8,2.0,144,出来高増2.0倍 / 買い出来高優勢 / MA上昇配列
7949,小松ウオール工業,その他製品,15.3,★☆☆☆☆,0.0,0.0,5.3,0.0,10.0,0.0,0.0,0.0,見送り(地合い🔴),,0.0,19.9,1.5,7.0,2704,2789.0,5.2,1.9,139,買い出来高優勢 / MA上昇配列
7552,ハピネット,卸売業,15.3,★☆☆☆☆,0.0,0.0,5.3,0.0,10.0,0.0,0.0,0.0,見送り(地合い🔴),,0.0,22.5,2.8,10.4,3192,3380.0,9.2,2.9,506,出来高増2.9倍 / MA上昇配列
5445,東京鐵鋼,鉄鋼,15.3,★☆☆☆☆,0.0,0.0,5.3,0.0,10.0,0.0,0.0,0.0,見送り(地合い🔴),,0.0,18.8,1.4,4.5,1926,1980.0,1.9,1.8,227,買い出来高優勢 / MA上昇配列
2782,セリア,小売業,15.3,★☆☆☆☆,0.0,0.0,4.3,0.0,11.0,0.0,0.0,0.0,見送り(地合い🔴),,0.0,17.5,2.5,5.6,3701,3900.0,3.6,1.4,938,買い出来高優勢 / MA上昇配列 / パーフェクトオーダー
9044,ＮＡＮＫＡＩ,陸運業,15.3,★☆☆☆☆,0.0,0.0,5.3,0.0,10.0,0.0,0.0,0.0,見送り(地合い🔴),,0.0,21.7,2.0,8.7,3046,3170.0,7.8,1.5,726,買い出来高優勢 / MA上昇配列
2502,アサヒグループホールディングス,食料品,15.3,★☆☆☆☆,0.0,0.0,5.3,0.0,10.0,0.0,0.0,0.0,見送り(地合い🔴),,0.0,25.0,2.3,10.9,1696,1776.5,9.0,1.6,12475,買い出来高優勢 / MA上昇配列
8601,大和証券グループ本社,証券、商品先物取引業,15.3,★☆☆☆☆,0.0,0.0,4.3,0.0,11.0,0.0,0.0,0.0,見送り(地合い🔴),,0.0,25.5,2.7,5.0,1738,1838.5,-0.8,1.5,8382,買い出来高優勢 / MA上昇配列 / パーフェクトオーダー / 52週高値目前
3091,ブロンコビリー,小売業,15.3,★☆☆☆☆,0.0,0.0,6.3,0.0,12.5,0.0,1.5,-5.0,見送り(地合い🔴),,0.0,39.9,3.6,21.6,2647,2852.0,18.9,1.8,438,買い出来高優勢 / MA上昇配列 / パーフェクトオーダー / 52週高値ブレイク! / RSI過熱(90)⚠ / 過熱⚠25MA+22% / 開示[増配](7日前)
8306,三菱ＵＦＪフィナンシャル・グループ,銀行業,15.3,★☆☆☆☆,0.0,0.0,3.3,0.0,12.0,0.0,0.0,0.0,見送り(地合い🔴),,0.0,23.9,3.0,4.9,3425,3647.0,-0.6,1.1,150560,買い出来高優勢 / MA上昇配列 / パーフェクトオーダー
2533,オエノンホールディングス,食料品,15.3,★☆☆☆☆,0.0,0.0,6.3,0.0,9.0,0.0,0.0,0.0,見送り(地合い🔴),,0.0,18.5,3.2,4.9,487,521.0,3.0,2.1,104,出来高増2.1倍 / MA上昇配列
2594,キーコーヒー,食料品,15.3,★☆☆☆☆,0.0,0.0,5.3,0.0,10.0,0.0,0.0,0.0,見送り(地合い🔴),,0.0,12.6,0.8,1.7,1985,2016.0,1.5,2.2,122,出来高増2.2倍 / MA上昇配列
7458,第一興商,卸売業,15.3,★☆☆☆☆,0.0,0.0,5.3,0.0,10.0,0.0,0.0,0.0,見送り(地合い🔴),,0.0,19.9,2.0,7.1,1804,1878.0,6.2,1.6,424,買い出来高優勢 / MA上昇配列 / パーフェクトオーダー
9076,セイノーホールディングス,陸運業,15.2,★☆☆☆☆,0.0,0.0,3.0,0.0,12.2,0.0,0.0,0.0,見送り(地合い🔴),,0.0,13.4,1.6,1.5,2626,2714.5,0.1,1.3,935,MA上昇配列 / パーフェクトオーダー / 52週高値目前
7240,ＮＯＫ,輸送用機器,15.0,★☆☆☆☆,0.0,0.0,3.0,0.0,12.0,0.0,0.0,0.0,見送り(地合い🔴),,0.0,14.6,2.2,2.4,2890,3021.0,0.6,1.5,1159,MA上昇配列 / パーフェクトオーダー
2801,キッコーマン,食料品,15.0,★☆☆☆☆,0.0,0.0,4.0,0.0,11.0,0.0,0.0,0.0,見送り(地合い🔴),,0.0,15.0,2.7,6.4,1655,1748.0,7.9,1.9,5741,MA上昇配列 / パーフェクトオーダー
7513,コジマ,小売業,15.0,★☆☆☆☆,0.0,0.0,4.3,0.0,10.7,0.0,0.0,0.0,見送り(地合い🔴),,0.0,19.7,2.7,7.9,1342,1419.0,4.3,1.0,424,買い出来高優勢 / MA上昇配列 / パーフェクトオーダー
4502,武田薬品工業,医薬品,15.0,★☆☆☆☆,0.0,0.0,3.0,0.0,12.0,0.0,0.0,0.0,見送り(地合い🔴),,0.0,23.6,1.9,8.4,5619,5847.0,5.3,1.4,21397,MA上昇配列 / パーフェクトオーダー
6264,マルマエ,機械,15.0,★☆☆☆☆,15.0,0.0,0.0,0.0,0.0,0.0,0.0,0.0,見送り(地合い🔴),Qorvo,16.6,-28.4,8.5,-25.3,1436,1730.0,-13.8,0.8,3030,Qorvo+3.5%連動(β0.35) 未反応+16.6%
8200,リンガーハット,小売業,15.0,★☆☆☆☆,0.0,0.0,5.0,0.0,10.0,0.0,0.0,0.0,見送り(地合い🔴),,0.0,21.7,2.6,7.8,2303,2428.0,6.3,1.6,405,MA上昇配列
7453,良品計画,小売業,15.0,★☆☆☆☆,0.0,0.0,3.0,0.0,12.0,0.0,0.0,0.0,見送り(地合い🔴),,0.0,34.9,4.8,12.5,3990,4414.0,6.1,0.8,23019,MA上昇配列 / パーフェクトオーダー
8346,東邦銀行,銀行業,15.0,★☆☆☆☆,0.0,0.0,4.3,0.0,10.7,0.0,0.0,0.0,見送り(地合い🔴),,0.0,21.6,4.1,3.9,794,864.0,-2.4,2.1,771,出来高増2.1倍 / MA上昇配列 / パーフェクトオーダー
7504,高速,卸売業,15.0,★☆☆☆☆,0.0,0.0,4.0,0.0,11.0,0.0,0.0,0.0,見送り(地合い🔴),,0.0,28.0,3.6,9.3,3711,4000.0,7.4,1.3,298,MA上昇配列 / パーフェクトオーダー / 52週高値目前
2154,オープンアップグループ,サービス業,15.0,★☆☆☆☆,0.0,0.0,4.3,0.0,10.7,0.0,0.0,0.0,見送り(地合い🔴),,0.0,18.7,1.5,6.5,2016,2080.0,4.7,1.3,311,買い出来高優勢 / MA上昇配列 / パーフェクトオーダー
5943,ノーリツ,金属製品,15.0,★☆☆☆☆,0.0,0.0,3.0,0.0,12.0,0.0,0.0,0.0,見送り(地合い🔴),,0.0,17.0,1.6,5.0,2362,2439.0,3.5,1.5,158,MA上昇配列 / パーフェクトオーダー
4676,フジ・メディア・ホールディングス,情報・通信業,15.0,★☆☆☆☆,0.0,0.0,3.0,0.0,12.0,0.0,0.0,0.0,見送り(地合い🔴),,0.0,21.5,2.4,5.2,4055,4259.0,3.9,1.3,2153,MA上昇配列 / パーフェクトオーダー
4116,大日精化工業,化学,15.0,★☆☆☆☆,0.0,0.0,3.0,0.0,12.0,0.0,0.0,0.0,見送り(地合い🔴),,0.0,16.7,1.7,3.9,1080,1117.0,2.3,1.5,155,MA上昇配列 / パーフェクトオーダー
6724,セイコーエプソン,電気機器,15.0,★☆☆☆☆,0.0,0.0,3.0,0.0,12.0,0.0,0.0,0.0,見送り(地合い🔴),,0.0,20.6,3.4,5.1,2778,2978.0,1.4,1.3,5318,MA上昇配列 / パーフェクトオーダー
8572,アコム,その他金融業,15.0,★☆☆☆☆,0.0,0.0,3.0,0.0,12.0,0.0,0.0,0.0,見送り(地合い🔴),,0.0,19.1,1.5,3.7,479,494.0,0.4,1.4,640,MA上昇配列 / パーフェクトオーダー
4997,日本農薬,化学,15.0,★☆☆☆☆,0.0,0.0,3.0,0.0,12.0,0.0,0.0,0.0,見送り(地合い🔴),,0.0,15.9,2.3,3.2,1009,1058.0,1.5,1.3,175,MA上昇配列 / パーフェクトオーダー
8157,都築電気,情報・通信業,15.0,★☆☆☆☆,0.0,0.0,3.0,0.0,12.0,0.0,0.0,0.0,見送り(地合い🔴),,0.0,14.8,2.7,2.4,3865,4085.0,1.4,1.7,136,MA上昇配列 / パーフェクトオーダー
8051,山善,卸売業,15.0,★☆☆☆☆,0.0,0.0,3.0,0.0,12.0,0.0,0.0,0.0,見送り(地合い🔴),,0.0,17.9,1.7,4.5,1747,1810.0,3.1,1.4,333,MA上昇配列 / パーフェクトオーダー
2809,キユーピー,食料品,15.0,★☆☆☆☆,0.0,0.0,2.0,0.0,13.0,0.0,0.0,0.0,見送り(地合い🔴),,0.0,21.2,2.8,8.1,4571,4845.0,6.1,1.2,2119,MA上昇配列 / 52週高値ブレイク!
9997,ベルーナ,小売業,15.0,★☆☆☆☆,0.0,0.0,3.3,0.0,11.7,0.0,0.0,0.0,見送り(地合い🔴),,0.0,27.0,2.1,9.0,1059,1106.0,3.5,1.2,275,買い出来高優勢 / MA上昇配列 / 52週高値ブレイク!
4971,メック,化学,14.9,★☆☆☆☆,14.9,0.0,0.0,0.0,0.0,0.0,0.0,0.0,見送り(地合い🔴),Qorvo,19.3,-22.2,8.5,-21.2,6091,7340.0,-16.3,1.0,2663,Qorvo+3.5%連動(β0.34) 未反応+19.3%
7202,いすゞ自動車,輸送用機器,14.9,★☆☆☆☆,4.9,0.0,1.0,0.0,9.0,0.0,0.0,0.0,見送り(地合い🔴),GM,-4.1,25.1,2.5,7.3,2349,2470.5,6.1,1.1,6429,GM+8.2%連動(β0.24) / MA上昇配列
8011,三陽商会,繊維製品,14.899999999999999,★☆☆☆☆,0.0,0.0,1.0,0.0,12.2,0.0,1.7,0.0,見送り(地合い🔴),,0.0,25.6,2.9,10.2,4487,4760.0,5.4,0.5,210,MA上昇配列 / パーフェクトオーダー / 52週高値目前 / 開示[株式分割](2日前)
6526,ソシオネクスト,電気機器,14.8,★☆☆☆☆,14.8,0.0,0.0,0.0,0.0,0.0,0.0,0.0,見送り(地合い🔴),Qorvo,19.3,-10.5,9.3,-20.6,1646,2023.0,-18.6,1.1,24812,Qorvo+3.5%連動(β0.32) 未反応+19.3%
5832,ちゅうぎんフィナンシャルグループ,銀行業,14.7,★☆☆☆☆,0.0,0.0,4.0,0.0,10.7,0.0,0.0,0.0,見送り(地合い🔴),,0.0,17.4,3.0,1.8,3100,3301.0,-1.6,1.6,1070,MA上昇配列 / パーフェクトオーダー
7381,ＣＣＩグループ,銀行業,14.7,★☆☆☆☆,0.0,0.0,4.0,0.0,10.7,0.0,0.0,0.0,見送り(地合い🔴),,0.0,19.1,4.5,3.6,1011,1111.0,-4.5,1.7,553,MA上昇配列 / パーフェクトオーダー
7630,壱番屋,小売業,14.7,★☆☆☆☆,0.0,0.0,6.7,0.0,8.0,0.0,0.0,0.0,見送り(地合い🔴),,0.0,20.7,1.8,7.4,933,968.0,7.1,2.3,361,出来高増2.3倍 / 買い出来高優勢 / MA上昇配列
3844,コムチュア,情報・通信業,14.7,★☆☆☆☆,0.0,0.0,6.7,0.0,8.0,0.0,0.0,0.0,見送り(地合い🔴),,0.0,23.5,2.1,8.6,1395,1455.0,7.5,2.3,239,出来高増2.3倍 / 買い出来高優勢 / MA上昇配列
8345,岩手銀行,銀行業,14.7,★☆☆☆☆,0.0,0.0,4.0,0.0,10.7,0.0,0.0,0.0,見送り(地合い🔴),,0.0,16.1,4.3,1.7,1984,2170.0,-2.0,1.7,572,MA上昇配列 / パーフェクトオーダー
3182,オイシックス・ラ・大地,小売業,14.7,★☆☆☆☆,0.0,0.0,6.7,0.0,8.0,0.0,0.0,0.0,見送り(地合い🔴),,0.0,21.8,3.1,8.9,1574,1679.0,7.3,2.3,123,出来高増2.3倍 / 買い出来高優勢 / MA上昇配列
8544,京葉銀行,銀行業,14.7,★☆☆☆☆,0.0,0.0,4.0,0.0,10.7,0.0,0.0,0.0,見送り(地合い🔴),,0.0,21.0,4.0,4.3,2524,2744.0,2.7,1.5,1293,MA上昇配列 / パーフェクトオーダー
9936,王将フードサービス,小売業,14.7,★☆☆☆☆,0.0,0.0,6.7,0.0,8.0,0.0,0.0,0.0,見送り(地合い🔴),,0.0,19.5,1.6,6.7,3014,3115.0,5.8,2.0,601,出来高増2.0倍 / 買い出来高優勢 / MA上昇配列
8387,四国銀行,銀行業,14.7,★☆☆☆☆,0.0,0.0,4.0,0.0,10.7,0.0,0.0,0.0,見送り(地合い🔴),,0.0,21.4,4.0,4.9,3075,3340.0,1.8,1.8,448,MA上昇配列 / パーフェクトオーダー
3387,クリエイト・レストランツ・ホールディングス,小売業,14.5,★☆☆☆☆,0.0,0.0,3.0,0.0,11.5,0.0,0.0,0.0,見送り(地合い🔴),,0.0,20.6,3.1,7.4,762,812.0,4.0,1.2,1242,MA上昇配列 / 52週高値目前
8511,日本証券金融,その他金融業,14.5,★☆☆☆☆,0.0,0.0,1.0,0.0,13.5,0.0,0.0,0.0,見送り(地合い🔴),,0.0,14.2,2.2,2.1,2323,2430.0,-0.1,0.9,553,MA上昇配列 / パーフェクトオーダー / 52週高値目前
2805,ヱスビー食品,食料品,14.5,★☆☆☆☆,0.0,0.0,6.3,0.0,8.2,0.0,0.0,0.0,見送り(地合い🔴),,0.0,23.4,4.1,3.0,5440,5920.0,-3.4,2.0,325,出来高増2.0倍 / MA上昇配列 / パーフェクトオーダー
2371,カカクコム,サービス業,14.5,★☆☆☆☆,0.0,0.0,2.0,0.0,12.5,0.0,0.0,0.0,見送り(地合い🔴),,0.0,19.1,1.1,3.8,3608,3690.0,1.8,0.6,2137,MA上昇配列 / パーフェクトオーダー / 52週高値ブレイク!
6381,アネスト岩田,機械,14.5,★☆☆☆☆,0.0,0.0,1.0,0.0,13.5,0.0,0.0,0.0,見送り(地合い🔴),,0.0,16.1,1.5,3.0,1734,1789.0,1.9,1.3,154,MA上昇配列 / パーフェクトオーダー / 52週高値目前
3762,テクマトリックス,情報・通信業,14.4,★☆☆☆☆,0.0,0.0,6.7,0.0,7.7,0.0,0.0,0.0,見送り(地合い🔴),,0.0,34.0,2.2,14.7,2025,2117.0,12.5,2.2,370,出来高増2.2倍 / 買い出来高優勢 / MA上昇配列
9682,ＤＴＳ,情報・通信業,14.4,★☆☆☆☆,0.0,0.0,6.7,0.0,7.7,0.0,0.0,0.0,見送り(地合い🔴),,0.0,26.9,2.1,10.5,1119,1167.0,7.9,2.4,530,出来高増2.4倍 / 買い出来高優勢 / MA上昇配列
7270,ＳＵＢＡＲＵ,輸送用機器,14.4,★☆☆☆☆,0.0,0.0,6.7,0.0,7.7,0.0,0.0,0.0,見送り(地合い🔴),,0.0,29.4,2.1,12.8,2731,2848.5,10.3,2.3,9454,出来高増2.3倍 / 買い出来高優勢 / MA上昇配列
7203,トヨタ自動車,輸送用機器,14.3,★☆☆☆☆,3.3,0.0,5.3,0.0,5.7,0.0,0.0,0.0,見送り(地合い🔴),Ford,-8.0,28.5,2.2,12.5,3079,3224.0,9.7,2.3,83102,Ford+6.3%連動(β0.21) / 出来高増2.3倍
4540,ツムラ,医薬品,14.3,★☆☆☆☆,0.0,0.0,5.3,0.0,9.0,0.0,0.0,0.0,見送り(地合い🔴),,0.0,19.0,1.8,6.0,3897,4045.0,4.8,2.1,1332,出来高増2.1倍 / MA上昇配列
3950,ザ・パック,パルプ・紙,14.3,★☆☆☆☆,0.0,0.0,3.3,0.0,11.0,0.0,0.0,0.0,見送り(地合い🔴),,0.0,19.2,1.8,6.0,1419,1471.0,1.4,0.9,190,買い出来高優勢 / MA上昇配列 / パーフェクトオーダー / 52週高値目前 / RSI過熱(88)⚠
9143,ＳＧホールディングス,陸運業,14.3,★☆☆☆☆,0.0,0.0,4.3,0.0,10.0,0.0,0.0,0.0,見送り(地合い🔴),,0.0,17.8,2.0,5.1,1594,1660.0,5.0,1.3,2116,買い出来高優勢 / MA上昇配列 / パーフェクトオーダー
3001,片倉工業,繊維製品,14.3,★☆☆☆☆,0.0,0.0,5.3,0.0,9.0,0.0,0.0,0.0,見送り(地合い🔴),,0.0,28.8,2.3,11.3,2734,2869.0,8.5,2.5,105,出来高増2.5倍 / MA上昇配列
6436,アマノ,機械,14.3,★☆☆☆☆,0.0,0.0,5.3,0.0,9.0,0.0,0.0,0.0,見送り(地合い🔴),,0.0,17.2,2.5,3.8,3704,3895.0,1.6,2.4,1100,出来高増2.4倍 / MA上昇配列
9989,サンドラッグ,小売業,14.3,★☆☆☆☆,0.0,0.0,5.3,0.0,9.0,0.0,0.0,0.0,見送り(地合い🔴),,0.0,14.6,1.7,3.8,3835,3972.0,4.0,1.8,1750,買い出来高優勢 / MA上昇配列
2587,サントリービバレッジ＆フード,食料品,14.3,★☆☆☆☆,0.0,0.0,5.3,0.0,9.0,0.0,0.0,0.0,見送り(地合い🔴),,0.0,20.3,2.0,7.6,4747,4950.0,6.8,1.6,4187,買い出来高優勢 / MA上昇配列
4307,野村総合研究所,情報・通信業,14.3,★☆☆☆☆,0.0,0.0,5.3,0.0,9.0,0.0,0.0,0.0,見送り(地合い🔴),,0.0,29.8,3.2,11.8,5138,5493.0,10.3,1.6,12998,買い出来高優勢 / MA上昇配列
8022,美津濃,その他製品,14.3,★☆☆☆☆,0.0,0.0,3.3,0.0,11.0,0.0,0.0,0.0,見送り(地合い🔴),,0.0,22.9,2.6,6.8,3580,3775.0,4.6,1.1,668,買い出来高優勢 / MA上昇配列 / パーフェクトオーダー
5480,日本冶金工業,鉄鋼,14.3,★☆☆☆☆,0.0,0.0,3.3,0.0,11.0,0.0,0.0,0.0,見送り(地合い🔴),,0.0,18.6,2.1,2.8,4843,5060.0,-1.2,0.6,328,買い出来高優勢 / MA上昇配列 / パーフェクトオーダー / 52週高値目前
9005,東急,陸運業,14.3,★☆☆☆☆,0.0,0.0,4.3,0.0,10.0,0.0,0.0,0.0,見送り(地合い🔴),,0.0,20.5,1.8,7.3,1780,1846.5,5.6,1.3,3824,買い出来高優勢 / MA上昇配列
7867,タカラトミー,その他製品,14.3,★☆☆☆☆,0.0,0.0,4.3,0.0,10.0,0.0,0.0,0.0,見送り(地合い🔴),,0.0,27.0,3.1,10.7,3490,3720.0,7.7,1.3,2165,買い出来高優勢 / MA上昇配列 / パーフェクトオーダー
9202,ＡＮＡホールディングス,空運業,14.3,★☆☆☆☆,0.0,0.0,4.3,0.0,10.0,0.0,0.0,0.0,見送り(地合い🔴),,0.0,18.7,2.0,5.7,3092,3221.0,7.1,2.1,7956,出来高増2.1倍 / MA上昇配列
3349,コスモス薬品,小売業,14.3,★☆☆☆☆,0.0,0.0,6.3,0.0,8.0,0.0,0.0,0.0,見送り(地合い🔴),,0.0,23.4,3.5,10.0,6510,7004.0,13.3,1.9,3197,買い出来高優勢 / MA上昇配列
4544,Ｈ．Ｕ．グループホールディングス,サービス業,14.3,★☆☆☆☆,0.0,0.0,5.3,0.0,9.0,0.0,0.0,0.0,見送り(地合い🔴),,0.0,19.3,2.1,6.9,3446,3595.0,7.5,1.7,738,買い出来高優勢 / MA上昇配列
1762,高松コンストラクショングループ,建設業,14.3,★☆☆☆☆,0.0,0.0,5.3,0.0,9.0,0.0,0.0,0.0,見送り(地合い🔴),,0.0,16.2,2.3,4.1,3629,3805.0,1.2,2.3,167,出来高増2.3倍 / MA上昇配列
6947,図研,電気機器,14.3,★☆☆☆☆,0.0,0.0,3.3,0.0,11.0,0.0,0.0,0.0,見送り(地合い🔴),,0.0,16.5,2.0,5.1,4689,4885.0,6.5,2.0,186,出来高増2.0倍 / MA上昇配列 / パーフェクトオーダー
3774,インターネットイニシアティブ,情報・通信業,14.3,★☆☆☆☆,0.0,0.0,3.3,0.0,11.0,0.0,0.0,0.0,見送り(地合い🔴),,0.0,23.2,2.6,6.4,3424,3611.0,4.9,1.0,1898,買い出来高優勢 / MA上昇配列 / パーフェクトオーダー / 52週高値目前
3197,すかいらーくホールディングス,小売業,14.3,★☆☆☆☆,0.0,0.0,5.3,0.0,9.0,0.0,0.0,0.0,見送り(地合い🔴),,0.0,29.1,2.5,13.2,3167,3333.0,11.8,1.8,4322,買い出来高優勢 / MA上昇配列
4725,ＣＡＣ　Ｈｏｌｄｉｎｇｓ,情報・通信業,14.3,★☆☆☆☆,0.0,0.0,5.3,0.0,9.0,0.0,0.0,0.0,見送り(地合い🔴),,0.0,18.4,1.2,4.8,1844,1888.0,3.5,1.5,106,買い出来高優勢 / MA上昇配列
8174,日本瓦斯,小売業,14.3,★☆☆☆☆,0.0,0.0,4.3,0.0,10.0,0.0,0.0,0.0,見送り(地合い🔴),,0.0,13.7,1.8,3.6,2861,2970.5,3.9,1.2,717,買い出来高優勢 / MA上昇配列
2181,パーソルホールディングス,サービス業,14.3,★☆☆☆☆,0.0,0.0,5.3,0.0,9.0,0.0,0.0,0.0,見送り(地合い🔴),,0.0,22.1,2.0,7.9,266,276.79998779296875,6.7,1.8,1884,買い出来高優勢 / MA上昇配列
9757,船井総研ホールディングス,サービス業,14.3,★☆☆☆☆,0.0,0.0,5.3,0.0,9.0,0.0,0.0,0.0,見送り(地合い🔴),,0.0,19.5,1.6,5.8,1128,1165.0,4.4,1.8,451,買い出来高優勢 / MA上昇配列
2429,ワールドホールディングス,サービス業,14.3,★☆☆☆☆,0.0,0.0,4.3,0.0,10.0,0.0,0.0,0.0,見送り(地合い🔴),,0.0,21.7,1.9,6.0,2630,2735.0,-0.6,1.2,166,買い出来高優勢 / MA上昇配列
4118,カネカ,化学,14.2,★☆☆☆☆,0.0,0.0,2.0,0.0,12.2,0.0,0.0,0.0,見送り(地合い🔴),,0.0,10.8,2.0,0.3,5498,5728.0,-0.2,1.2,1236,MA上昇配列 / パーフェクトオーダー / 52週高値目前
3399,丸千代山岡家,小売業,14.2,★☆☆☆☆,0.0,0.0,4.7,0.0,9.5,0.0,0.0,0.0,見送り(地合い🔴),,0.0,18.5,3.6,4.3,3404,3665.0,2.8,4.0,420,出来高急増4.0倍 / MA上昇配列 / パーフェクトオーダー
8725,ＭＳ＆ＡＤインシュアランスグループホールディングス,保険業,14.2,★☆☆☆☆,0.0,0.0,2.0,0.0,12.2,0.0,0.0,0.0,見送り(地合い🔴),,0.0,29.3,2.1,10.7,4839,5050.0,5.2,1.1,22736,MA上昇配列 / パーフェクトオーダー / 52週高値目前
6861,キーエンス,電気機器,14.2,★☆☆☆☆,0.0,0.0,4.7,0.0,9.5,0.0,0.0,0.0,見送り(地合い🔴),,0.0,5.9,3.8,1.9,71649,77590.0,7.6,3.1,48884,出来高急増3.1倍 / MA上昇配列 / パーフェクトオーダー
2613,Ｊ－オイルミルズ,食料品,14.2,★☆☆☆☆,0.0,0.0,3.0,0.0,11.2,0.0,0.0,0.0,見送り(地合い🔴),,0.0,15.1,1.4,2.9,2084,2143.0,2.3,1.3,112,MA上昇配列 / パーフェクトオーダー / 52週高値ブレイク!
3076,あい　ホールディングス,卸売業,14.2,★☆☆☆☆,0.0,0.0,2.0,0.0,12.2,0.0,0.0,0.0,見送り(地合い🔴),,0.0,17.8,1.6,6.8,2790,2883.0,6.5,1.0,415,MA上昇配列 / パーフェクトオーダー / 52週高値目前
3116,トヨタ紡織,輸送用機器,14.2,★☆☆☆☆,4.2,0.0,4.0,0.0,6.0,0.0,0.0,0.0,見送り(地合い🔴),GM,-4.5,23.4,2.0,8.6,2312,2406.5,6.2,1.7,1590,GM+8.2%連動(β0.21)
5233,太平洋セメント,ガラス・土石製品,14.1,★☆☆☆☆,0.0,0.0,2.0,0.0,11.0,0.0,1.1,0.0,見送り(地合い🔴),,0.0,16.6,2.7,4.3,3993,4224.0,0.5,1.4,2342,MA上昇配列 / パーフェクトオーダー / 開示[業績予想の修正](8日前)
2875,東洋水産,食料品,14.0,★☆☆☆☆,0.0,0.0,4.0,0.0,10.0,0.0,0.0,0.0,見送り(地合い🔴),,0.0,20.6,2.0,7.9,10996,11460.0,7.1,1.7,3928,MA上昇配列
6804,ホシデン,電気機器,14.0,★☆☆☆☆,0.0,0.0,2.0,0.0,12.0,0.0,0.0,0.0,見送り(地合い🔴),,0.0,15.0,2.3,1.7,2699,2826.0,2.3,1.2,569,MA上昇配列 / パーフェクトオーダー
9020,東日本旅客鉄道,陸運業,14.0,★☆☆☆☆,0.0,0.0,5.3,0.0,8.7,0.0,0.0,0.0,見送り(地合い🔴),,0.0,25.7,2.3,11.0,3757,3935.0,8.8,1.5,10772,買い出来高優勢 / MA上昇配列
1766,東建コーポレーション,建設業,14.0,★☆☆☆☆,0.0,0.0,4.0,0.0,10.0,0.0,0.0,0.0,見送り(地合い🔴),,0.0,18.0,2.0,5.8,13131,13670.0,4.8,1.7,311,MA上昇配列
4092,日本化学工業,化学,14.0,★☆☆☆☆,0.0,0.0,3.0,0.0,11.0,0.0,0.0,0.0,見送り(地合い🔴),,0.0,25.7,8.2,12.9,4496,5380.0,-2.4,1.2,1496,MA上昇配列 / パーフェクトオーダー
6750,エレコム,電気機器,14.0,★☆☆☆☆,0.0,0.0,2.0,0.0,12.0,0.0,0.0,0.0,見送り(地合い🔴),,0.0,17.7,2.1,5.8,1840,1923.0,4.9,1.1,365,MA上昇配列 / パーフェクトオーダー
8167,リテールパートナーズ,小売業,14.0,★☆☆☆☆,0.0,0.0,4.0,0.0,10.0,0.0,0.0,0.0,見送り(地合い🔴),,0.0,14.5,2.6,3.7,1330,1402.0,3.2,1.5,103,MA上昇配列 / パーフェクトオーダー
4633,サカタインクス,化学,14.0,★☆☆☆☆,0.0,0.0,2.0,0.0,12.0,0.0,0.0,0.0,見送り(地合い🔴),,0.0,16.2,1.8,3.4,2421,2512.0,1.4,1.3,402,MA上昇配列 / パーフェクトオーダー
9706,日本空港ビルデング,不動産業,14.0,★☆☆☆☆,0.0,0.0,3.0,0.0,11.0,0.0,0.0,0.0,見送り(地合い🔴),,0.0,24.8,2.4,9.4,5504,5785.0,9.4,1.5,1704,MA上昇配列 / パーフェクトオーダー
9007,小田急電鉄,陸運業,14.0,★☆☆☆☆,0.0,0.0,5.3,0.0,8.7,0.0,0.0,0.0,見送り(地合い🔴),,0.0,21.5,1.9,8.3,1783,1855.0,7.9,1.7,2502,買い出来高優勢 / MA上昇配列 / パーフェクトオーダー
8252,丸井グループ,小売業,14.0,★☆☆☆☆,0.0,0.0,4.0,0.0,10.0,0.0,0.0,0.0,見送り(地合い🔴),,0.0,18.3,1.9,5.6,2977,3095.0,4.6,1.5,2517,MA上昇配列
2681,ゲオホールディングス,小売業,14.0,★☆☆☆☆,0.0,0.0,3.0,0.0,11.0,0.0,0.0,0.0,見送り(地合い🔴),,0.0,19.4,2.7,7.9,2084,2202.0,5.5,1.3,310,MA上昇配列 / パーフェクトオーダー
7282,豊田合成,輸送用機器,14.0,★☆☆☆☆,0.0,0.0,2.0,0.0,12.0,0.0,0.0,0.0,見送り(地合い🔴),,0.0,11.9,2.4,1.9,4949,5200.0,3.2,1.5,2237,MA上昇配列 / パーフェクトオーダー
6432,竹内製作所,機械,14.0,★☆☆☆☆,0.0,0.0,2.0,0.0,12.0,0.0,0.0,0.0,見送り(地合い🔴),,0.0,16.2,4.4,2.6,6834,7490.0,2.9,0.9,2471,MA上昇配列 / パーフェクトオーダー
6191,エアトリ,サービス業,14.0,★☆☆☆☆,0.0,0.0,4.0,0.0,10.0,0.0,0.0,0.0,見送り(地合い🔴),,0.0,29.5,3.7,8.9,841,908.0,3.8,1.9,103,MA上昇配列 / パーフェクトオーダー
7780,メニコン,精密機器,14.0,★☆☆☆☆,0.0,0.0,4.0,0.0,10.0,0.0,0.0,0.0,見送り(地合い🔴),,0.0,19.3,2.5,6.9,1718,1810.0,8.8,1.6,323,MA上昇配列 / パーフェクトオーダー
7752,リコー,電気機器,14.0,★☆☆☆☆,0.0,0.0,3.3,0.0,10.7,0.0,0.0,0.0,見送り(地合い🔴),,0.0,27.1,2.5,9.8,1560,1643.5,5.9,1.2,4040,買い出来高優勢 / MA上昇配列 / パーフェクトオーダー
4041,日本曹達,化学,14.0,★☆☆☆☆,0.0,0.0,2.0,0.0,12.0,0.0,0.0,0.0,見送り(地合い🔴),,0.0,19.3,1.6,4.9,3728,3855.0,2.5,0.9,420,MA上昇配列 / パーフェクトオーダー
6194,アトラエ,サービス業,14.0,★☆☆☆☆,0.0,0.0,5.3,0.0,8.7,0.0,0.0,0.0,見送り(地合い🔴),,0.0,31.7,2.7,11.6,813,860.0,2.9,1.0,152,買い出来高優勢 / 資金流入増 / MA上昇配列 / パーフェクトオーダー
4189,ＫＨネオケム,化学,14.0,★☆☆☆☆,0.0,0.0,3.0,0.0,11.0,0.0,0.0,0.0,見送り(地合い🔴),,0.0,13.1,2.5,2.3,2899,3050.0,-0.2,1.4,371,MA上昇配列 / パーフェクトオーダー / 52週高値目前
6080,Ｍ＆Ａキャピタルパートナーズ,サービス業,14.0,★☆☆☆☆,0.0,0.0,4.0,0.0,10.0,0.0,0.0,0.0,見送り(地合い🔴),,0.0,20.8,2.0,4.6,3621,3775.0,1.9,1.6,325,MA上昇配列 / パーフェクトオーダー
7864,フジシールインターナショナル,その他製品,14.0,★☆☆☆☆,0.0,0.0,5.3,0.0,8.7,0.0,0.0,0.0,見送り(地合い🔴),,0.0,21.5,1.9,6.2,3029,3150.0,4.5,1.6,447,買い出来高優勢 / MA上昇配列
9744,メイテックグループホールディングス,サービス業,14.0,★☆☆☆☆,0.0,0.0,5.3,0.0,8.7,0.0,0.0,0.0,見送り(地合い🔴),,0.0,19.3,1.2,6.1,3309,3390.0,4.4,1.8,1096,買い出来高優勢 / MA上昇配列
2590,ダイドーグループホールディングス,食料品,14.0,★☆☆☆☆,0.0,0.0,4.3,0.0,9.7,0.0,0.0,0.0,見送り(地合い🔴),,0.0,26.7,2.4,10.2,2941,3090.0,5.9,1.0,439,買い出来高優勢 / MA上昇配列 / パーフェクトオーダー
2730,エディオン,小売業,14.0,★☆☆☆☆,0.0,0.0,3.3,0.0,10.7,0.0,0.0,0.0,見送り(地合い🔴),,0.0,25.8,2.3,10.9,2484,2606.0,6.1,1.1,711,買い出来高優勢 / MA上昇配列 / パーフェクトオーダー
6592,マブチモーター,電気機器,14.0,★☆☆☆☆,0.0,0.0,3.0,0.0,11.0,0.0,0.0,0.0,見送り(地合い🔴),,0.0,17.5,2.5,4.4,1599,1684.0,4.0,1.5,1557,MA上昇配列 / パーフェクトオーダー
6676,ＢＵＦＦＡＬＯ,電気機器,14.0,★☆☆☆☆,0.0,0.0,2.0,0.0,12.0,0.0,0.0,0.0,見送り(地合い🔴),,0.0,20.1,3.0,3.6,2533,2694.0,-1.7,1.0,112,MA上昇配列 / パーフェクトオーダー
9692,シーイーシー,情報・通信業,14.0,★☆☆☆☆,0.0,0.0,5.3,0.0,8.7,0.0,0.0,0.0,見送り(地合い🔴),,0.0,21.8,1.9,7.9,2220,2306.0,5.3,2.1,232,出来高増2.1倍 / MA上昇配列
7389,あいちフィナンシャルグループ,銀行業,14.0,★☆☆☆☆,0.0,0.0,2.0,0.0,12.0,0.0,0.0,0.0,見送り(地合い🔴),,0.0,33.0,5.0,7.6,1529,1700.0,-6.3,1.2,1572,MA上昇配列 / パーフェクトオーダー
7581,サイゼリヤ,小売業,14.0,★☆☆☆☆,0.0,0.0,7.3,0.0,11.7,0.0,0.0,-5.0,見送り(地合い🔴),,0.0,63.5,4.9,33.0,7497,8310.0,16.7,1.6,7952,買い出来高優勢 / 資金流入増 / MA上昇配列 / 52週高値ブレイク! / 過熱⚠25MA+33% / 開示[増配](14日前)
3201,日本毛織,繊維製品,14.0,★☆☆☆☆,0.0,0.0,2.0,0.0,12.0,0.0,0.0,0.0,見送り(地合い🔴),,0.0,22.1,2.8,5.1,1799,1907.0,2.4,0.9,216,MA上昇配列 / パーフェクトオーダー
8614,東洋証券,証券、商品先物取引業,14.0,★☆☆☆☆,0.0,0.0,3.0,0.0,11.0,0.0,0.0,0.0,見送り(地合い🔴),,0.0,19.3,2.6,3.7,635,670.0,-0.7,0.9,435,MA上昇配列 / パーフェクトオーダー
2212,山崎製パン,食料品,14.0,★☆☆☆☆,0.0,0.0,4.0,0.0,10.0,0.0,0.0,0.0,見送り(地合い🔴),,0.0,24.8,2.6,11.4,3483,3676.0,10.5,1.7,1758,MA上昇配列
8795,Ｔ＆Ｄホールディングス,保険業,14.0,★☆☆☆☆,0.0,0.0,3.0,0.0,11.0,0.0,0.0,0.0,見送り(地合い🔴),,0.0,15.9,2.5,3.1,4829,5080.0,0.2,1.3,7782,MA上昇配列 / パーフェクトオーダー / 52週高値目前
4681,リゾートトラスト,サービス業,14.0,★☆☆☆☆,0.0,0.0,4.0,0.0,10.0,0.0,0.0,0.0,見送り(地合い🔴),,0.0,16.9,2.1,6.2,1778,1855.5,7.6,1.8,750,MA上昇配列
4732,ユー・エス・エス,サービス業,14.0,★☆☆☆☆,0.0,0.0,2.0,0.0,12.0,0.0,0.0,0.0,見送り(地合い🔴),,0.0,18.7,2.2,5.2,1974,2063.5,4.6,1.1,2233,MA上昇配列 / パーフェクトオーダー
6960,フクダ電子,電気機器,14.0,★☆☆☆☆,0.0,0.0,3.3,0.0,10.7,0.0,0.0,0.0,見送り(地合い🔴),,0.0,11.1,3.2,0.2,10636,11360.0,-1.1,2.8,421,出来高増2.8倍 / MA上昇配列 / パーフェクトオーダー
9948,アークス,小売業,14.0,★☆☆☆☆,0.0,0.0,4.0,0.0,10.0,0.0,0.0,0.0,見送り(地合い🔴),,0.0,20.1,2.2,6.9,3566,3730.0,6.9,1.5,285,MA上昇配列
5482,愛知製鋼,鉄鋼,14.0,★☆☆☆☆,0.0,0.0,2.0,0.0,12.0,0.0,0.0,0.0,見送り(地合い🔴),,0.0,15.7,2.1,3.3,3030,3165.0,2.6,1.5,472,MA上昇配列 / パーフェクトオーダー
6486,イーグル工業,機械,14.0,★☆☆☆☆,0.0,0.0,3.0,0.0,11.0,0.0,0.0,0.0,見送り(地合い🔴),,0.0,15.1,2.2,2.8,2860,2990.0,1.0,1.3,334,MA上昇配列 / パーフェクトオーダー
3861,王子ホールディングス,パルプ・紙,14.0,★☆☆☆☆,0.0,0.0,5.3,0.0,8.7,0.0,0.0,0.0,見送り(地合い🔴),,0.0,22.9,1.6,8.0,867,896.5,4.5,1.5,2748,買い出来高優勢 / MA上昇配列
3475,グッドコムアセット,不動産業,14.0,★☆☆☆☆,0.0,0.0,4.3,0.0,9.7,0.0,0.0,0.0,見送り(地合い🔴),,0.0,17.8,1.6,6.9,1529,1581.0,6.5,1.4,109,買い出来高優勢 / MA上昇配列 / パーフェクトオーダー
9278,ブックオフグループホールディングス,小売業,14.0,★☆☆☆☆,0.0,0.0,5.3,0.0,13.7,0.0,0.0,-5.0,見送り(地合い🔴),,0.0,57.9,4.7,26.9,2588,2858.0,12.4,1.0,525,買い出来高優勢 / 資金流入増 / MA上昇配列 / パーフェクトオーダー / 52週高値ブレイク! / 過熱⚠25MA+27%
5946,長府製作所,金属製品,14.0,★☆☆☆☆,0.0,0.0,4.3,0.0,9.7,0.0,0.0,0.0,見送り(地合い🔴),,0.0,17.1,1.9,5.5,2043,2124.0,1.7,0.6,231,買い出来高優勢 / MA上昇配列 / パーフェクトオーダー
3994,マネーフォワード,情報・通信業,13.899999999999999,★☆☆☆☆,3.6,0.0,5.3,0.0,10.0,0.0,0.0,-5.0,見送り(地合い🔴),Microsoft,-14.9,46.3,6.2,22.0,5218,5950.0,11.7,1.5,2946,Microsoft+2.3%連動(β0.62) / 買い出来高優勢 / MA上昇配列 / パーフェクトオーダー / 過熱⚠25MA+22%
7860,エイベックス,情報・通信業,13.8,★☆☆☆☆,0.0,0.0,5.3,0.0,8.5,0.0,0.0,0.0,見送り(地合い🔴),,0.0,22.8,1.7,8.4,1306,1351.0,6.7,1.8,218,買い出来高優勢 / MA上昇配列 / パーフェクトオーダー / RSI過熱(85)⚠
8336,武蔵野銀行,銀行業,13.7,★☆☆☆☆,0.0,0.0,3.0,0.0,10.7,0.0,0.0,0.0,見送り(地合い🔴),,0.0,14.8,3.3,0.7,2454,2627.0,-2.2,1.5,812,MA上昇配列 / パーフェクトオーダー
5401,日本製鉄,鉄鋼,13.7,★☆☆☆☆,0.0,0.0,7.7,0.0,9.0,0.0,0.0,-3.0,見送り(地合い🔴),,0.0,35.7,2.0,17.0,646,672.7999877929688,12.3,2.5,23687,出来高増2.5倍 / 買い出来高優勢 / MA上昇配列 / 52週高値目前 / RSI過熱(95)⚠ / 伸びすぎ注意(25MA+17%)
9536,西部ガスホールディングス,電気・ガス業,13.7,★☆☆☆☆,0.0,0.0,4.0,0.0,9.7,0.0,0.0,0.0,見送り(地合い🔴),,0.0,15.6,1.6,2.7,2293,2369.0,0.1,1.6,163,MA上昇配列 / パーフェクトオーダー
2207,ｍｅｉｔｏ,食料品,13.7,★☆☆☆☆,0.0,0.0,3.0,0.0,10.7,0.0,0.0,0.0,見送り(地合い🔴),,0.0,11.2,2.0,2.6,3130,3260.0,3.3,1.4,108,MA上昇配列 / パーフェクトオーダー
3405,クラレ,化学,13.7,★☆☆☆☆,0.0,0.0,4.0,0.0,9.7,0.0,0.0,0.0,見送り(地合い🔴),,0.0,23.6,1.9,8.6,1821,1891.0,4.8,1.7,2841,MA上昇配列 / パーフェクトオーダー
7184,富山第一銀行,銀行業,13.7,★☆☆☆☆,0.0,0.0,3.0,0.0,10.7,0.0,0.0,0.0,見送り(地合い🔴),,0.0,26.3,4.9,6.9,2657,2949.0,-0.7,1.4,672,MA上昇配列 / パーフェクトオーダー
9065,山九,陸運業,13.7,★☆☆☆☆,0.0,0.0,3.0,0.0,10.7,0.0,0.0,0.0,見送り(地合い🔴),,0.0,19.8,1.9,6.8,9092,9456.0,2.8,1.5,1533,MA上昇配列 / パーフェクトオーダー
7532,パン・パシフィック・インターナショナルホールディングス,小売業,13.7,★☆☆☆☆,0.0,0.0,6.7,0.0,7.0,0.0,0.0,0.0,見送り(地合い🔴),,0.0,27.4,2.9,12.4,908,964.5999755859375,11.3,2.1,8732,出来高増2.1倍 / 買い出来高優勢
1929,日特建設,建設業,13.7,★☆☆☆☆,0.0,0.0,6.7,0.0,7.0,0.0,0.0,0.0,見送り(地合い🔴),,0.0,16.8,1.7,4.6,1132,1172.0,3.5,3.4,111,出来高急増3.4倍
2607,不二製油,食料品,13.7,★☆☆☆☆,0.0,0.0,4.0,0.0,9.7,0.0,0.0,0.0,見送り(地合い🔴),,0.0,15.7,2.7,5.1,3945,4174.0,7.4,1.6,985,MA上昇配列 / パーフェクトオーダー / 52週高値目前
2281,プリマハム,食料品,13.7,★☆☆☆☆,0.0,0.0,6.7,0.0,7.0,0.0,0.0,0.0,見送り(地合い🔴),,0.0,18.5,1.5,6.0,2481,2555.0,5.8,3.2,214,出来高急増3.2倍
8392,大分銀行,銀行業,13.7,★☆☆☆☆,0.0,0.0,4.0,0.0,9.7,0.0,0.0,0.0,見送り(地合い🔴),,0.0,16.5,5.1,0.6,2298,2562.0,-4.5,1.6,750,MA上昇配列 / パーフェクトオーダー
8395,佐賀銀行,銀行業,13.5,★☆☆☆☆,0.0,0.0,5.3,0.0,8.2,0.0,0.0,0.0,見送り(地合い🔴),,0.0,16.1,4.1,0.5,5120,5580.0,-3.3,2.7,293,出来高増2.7倍 / MA上昇配列 / パーフェクトオーダー
8008,ヨンドシーホールディングス,小売業,13.5,★☆☆☆☆,0.0,0.0,4.0,0.0,9.5,0.0,0.0,0.0,見送り(地合い🔴),,0.0,17.3,3.1,2.7,1956,2083.0,0.6,0.7,285,資金流入増 / MA上昇配列 / パーフェクトオーダー
8060,キヤノンマーケティングジャパン,卸売業,13.5,★☆☆☆☆,0.0,0.0,1.0,0.0,8.0,0.0,4.5,0.0,見送り(地合い🔴),,0.0,15.9,2.3,4.1,3475,3639.0,1.7,1.3,1074,開示[自己株式の取得](2日前) / 開示[自己株式の取得](5日前)
254A,ＡＩフュージョンキャピタルグループ,証券、商品先物取引業,13.5,★☆☆☆☆,0.0,0.0,6.0,0.0,7.5,0.0,0.0,0.0,見送り(地合い🔴),,0.0,38.3,5.0,7.9,1126,1250.0,-3.0,1.8,120,資金流入増 / MA上昇配列 / パーフェクトオーダー
6287,サトー,機械,13.5,★☆☆☆☆,0.0,0.0,2.0,0.0,11.5,0.0,0.0,0.0,見送り(地合い🔴),,0.0,15.2,1.7,3.6,2407,2494.0,1.1,1.1,265,MA上昇配列 / 52週高値目前
3048,ビックカメラ,小売業,13.5,★☆☆☆☆,0.0,0.0,5.3,0.0,8.2,0.0,0.0,0.0,見送り(地合い🔴),,0.0,21.4,2.0,10.0,1763,1838.0,7.8,1.4,1068,買い出来高優勢 / 52週高値目前
4180,Ａｐｐｉｅｒ　Ｇｒｏｕｐ,情報・通信業,13.5,★☆☆☆☆,3.5,0.0,4.0,0.0,6.0,0.0,0.0,0.0,見送り(地合い🔴),Microsoft,-10.3,31.4,4.0,12.0,900,978.0,8.7,1.8,984,Microsoft+2.3%連動(β0.60)
3539,ＪＭホールディングス,小売業,13.5,★☆☆☆☆,0.0,0.0,10.0,0.0,3.5,0.0,0.0,0.0,見送り(地合い🔴),,0.0,26.8,1.9,11.1,1358,1411.0,6.6,3.1,444,出来高急増3.1倍 / 買い出来高優勢 / 資金流入増 / RSI過熱(91)⚠
9042,阪急阪神ホールディングス,陸運業,13.5,★☆☆☆☆,0.0,0.0,5.3,0.0,8.0,0.0,0.2,0.0,見送り(地合い🔴),,0.0,29.9,2.4,11.5,4869,5111.0,9.2,1.6,5691,買い出来高優勢 / 開示[自己株式の取得](13日前)
3636,三菱総合研究所,情報・通信業,13.4,★☆☆☆☆,0.0,0.0,6.7,0.0,6.7,0.0,0.0,0.0,見送り(地合い🔴),,0.0,23.5,1.8,8.7,4846,5030.0,6.3,2.2,246,出来高増2.2倍 / 買い出来高優勢
3479,ＴＫＰ,不動産業,13.4,★☆☆☆☆,0.0,0.0,6.7,0.0,6.7,0.0,0.0,0.0,見送り(地合い🔴),,0.0,23.1,3.1,9.8,1820,1940.0,6.8,2.5,323,出来高増2.5倍 / 買い出来高優勢 / MA上昇配列
9432,ＮＴＴ,情報・通信業,13.4,★☆☆☆☆,0.0,0.0,6.7,0.0,6.7,0.0,0.0,0.0,見送り(地合い🔴),,0.0,20.8,1.5,7.5,156,160.3000030517578,5.5,2.0,36658,出来高増2.0倍 / 買い出来高優勢
4324,電通グループ,サービス業,13.399999999999999,★☆☆☆☆,0.0,0.0,6.7,0.0,9.7,0.0,0.0,-3.0,見送り(地合い🔴),,0.0,35.3,3.1,16.4,3637,3874.0,15.1,2.0,4239,出来高増2.0倍 / 買い出来高優勢 / MA上昇配列 / パーフェクトオーダー / 伸びすぎ注意(25MA+16%)
4927,ポーラ・オルビスホールディングス,化学,13.3,★☆☆☆☆,0.0,0.0,5.3,0.0,8.0,0.0,0.0,0.0,見送り(地合い🔴),,0.0,20.7,1.7,6.6,1350,1398.0,6.0,1.5,680,買い出来高優勢 / MA上昇配列
4816,東映アニメーション,情報・通信業,13.3,★☆☆☆☆,0.0,0.0,5.3,0.0,8.0,0.0,0.0,0.0,見送り(地合い🔴),,0.0,33.2,3.2,14.0,2803,2994.0,12.2,1.7,967,買い出来高優勢 / MA上昇配列
6418,日本金銭機械,機械,13.3,★☆☆☆☆,0.0,0.0,5.3,0.0,8.0,0.0,0.0,0.0,見送り(地合い🔴),,0.0,22.2,2.2,5.9,1059,1107.0,2.4,2.1,116,出来高増2.1倍 / MA上昇配列
2811,カゴメ,食料品,13.3,★☆☆☆☆,0.0,0.0,5.3,0.0,8.0,0.0,0.0,0.0,見送り(地合い🔴),,0.0,18.8,1.7,6.5,2766,2864.5,5.5,1.7,699,買い出来高優勢 / MA上昇配列
4704,トレンドマイクロ,情報・通信業,13.3,★☆☆☆☆,0.0,0.0,5.3,0.0,8.0,0.0,0.0,0.0,見送り(地合い🔴),,0.0,23.9,2.8,9.1,6419,6799.0,7.6,1.5,5906,買い出来高優勢 / MA上昇配列
3276,ＪＰＭＣ,不動産業,13.3,★☆☆☆☆,0.0,0.0,5.3,0.0,11.0,0.0,0.0,-3.0,見送り(地合い🔴),,0.0,53.1,4.8,18.6,1653,1830.0,2.4,0.6,231,買い出来高優勢 / 資金流入増 / MA上昇配列 / パーフェクトオーダー / 52週高値目前 / RSI過熱(96)⚠ / 伸びすぎ注意(25MA+19%)
6419,マースグループホールディングス,機械,13.3,★☆☆☆☆,0.0,0.0,3.3,0.0,10.0,0.0,0.0,0.0,見送り(地合い🔴),,0.0,19.9,1.3,5.0,3146,3230.0,2.9,2.0,194,出来高増2.0倍 / MA上昇配列
3088,マツキヨココカラ＆カンパニー,小売業,13.3,★☆☆☆☆,0.0,0.0,4.3,0.0,9.0,0.0,0.0,0.0,見送り(地合い🔴),,0.0,22.3,2.5,9.4,2555,2692.0,9.2,1.2,4293,買い出来高優勢 / MA上昇配列
2327,日鉄ソリューションズ,情報・通信業,13.3,★☆☆☆☆,0.0,0.0,4.3,0.0,9.0,0.0,0.0,0.0,見送り(地合い🔴),,0.0,27.5,2.7,8.7,3767,3985.0,5.5,1.4,999,買い出来高優勢 / MA上昇配列
4194,ビジョナル,情報・通信業,13.3,★☆☆☆☆,0.0,0.0,5.3,0.0,8.0,0.0,0.0,0.0,見送り(地合い🔴),,0.0,29.5,3.1,13.4,8715,9296.0,10.6,1.6,1784,買い出来高優勢 / MA上昇配列
7261,マツダ,輸送用機器,13.3,★☆☆☆☆,0.0,0.0,5.3,0.0,8.0,0.0,0.0,0.0,見送り(地合い🔴),,0.0,22.2,2.5,8.0,1158,1218.5,5.0,2.1,7823,出来高増2.1倍 / MA上昇配列
6535,アイモバイル,サービス業,13.3,★☆☆☆☆,0.0,0.0,5.3,0.0,8.0,0.0,0.0,0.0,見送り(地合い🔴),,0.0,15.2,1.9,4.4,497,517.0,2.1,2.2,288,出来高増2.2倍 / MA上昇配列
3549,クスリのアオキホールディングス,小売業,13.3,★☆☆☆☆,0.0,0.0,4.3,0.0,9.0,0.0,0.0,0.0,見送り(地合い🔴),,0.0,26.7,3.3,11.4,3926,4199.0,9.9,1.3,1016,買い出来高優勢 / MA上昇配列
6532,ベイカレント,サービス業,13.3,★☆☆☆☆,0.0,0.0,4.3,0.0,9.0,0.0,0.0,0.0,見送り(地合い🔴),,0.0,32.9,4.5,14.1,6739,7406.0,19.1,1.0,12811,買い出来高優勢 / MA上昇配列
7148,ＦＰＧ,証券、商品先物取引業,13.3,★☆☆☆☆,0.0,0.0,5.3,0.0,8.0,0.0,0.0,0.0,見送り(地合い🔴),,0.0,18.5,1.7,6.8,1615,1673.0,5.4,1.7,688,買い出来高優勢 / MA上昇配列
8153,モスフードサービス,卸売業,13.3,★☆☆☆☆,0.0,0.0,5.3,0.0,8.0,0.0,0.0,0.0,見送り(地合い🔴),,0.0,21.5,1.9,8.2,3900,4055.0,6.9,2.1,310,出来高増2.1倍
6701,日本電気,電気機器,13.3,★☆☆☆☆,0.0,0.0,5.3,0.0,8.0,0.0,0.0,0.0,見送り(地合い🔴),,0.0,27.8,3.3,8.7,4308,4613.0,6.0,1.8,28648,買い出来高優勢 / MA上昇配列
2593,伊藤園,食料品,13.3,★☆☆☆☆,0.0,0.0,5.3,0.0,8.0,0.0,0.0,0.0,見送り(地合い🔴),,0.0,20.2,2.3,8.3,3085,3236.0,7.6,2.3,1127,出来高増2.3倍 / MA上昇配列
3543,コメダホールディングス,卸売業,13.3,★☆☆☆☆,0.0,0.0,5.3,0.0,8.0,0.0,0.0,0.0,見送り(地合い🔴),,0.0,17.5,1.6,5.3,2884,2978.0,4.9,2.0,657,出来高増2.0倍
6770,アルプスアルパイン,電気機器,13.3,★☆☆☆☆,0.0,0.0,5.3,0.0,8.0,0.0,0.0,0.0,見送り(地合い🔴),,0.0,19.0,3.0,5.6,2091,2224.5,4.6,1.5,3435,買い出来高優勢
1447,ＳＡＡＦホールディングス,建設業,13.3,★☆☆☆☆,0.0,0.0,5.3,0.0,5.0,0.0,3.0,0.0,見送り(地合い🔴),,0.0,43.2,10.1,9.2,306,383.0,6.4,0.1,295,買い出来高優勢 / 資金流入増 / MA上昇配列 / パーフェクトオーダー / 開示[買収](5日前) / 開示[買収](6日前)
9746,ＴＫＣ,情報・通信業,13.2,★☆☆☆☆,0.0,0.0,6.7,0.0,6.5,0.0,0.0,0.0,見送り(地合い🔴),,0.0,28.8,2.2,13.5,3876,4050.0,10.8,2.2,329,出来高増2.2倍 / 買い出来高優勢 / MA上昇配列 / RSI過熱(94)⚠
3050,ＤＣＭホールディングス,小売業,13.0,★☆☆☆☆,0.0,0.0,3.0,0.0,10.0,0.0,0.0,0.0,見送り(地合い🔴),,0.0,15.5,1.8,6.5,1549,1606.0,7.0,1.3,449,MA上昇配列
4919,ミルボン,化学,13.0,★☆☆☆☆,0.0,0.0,3.0,0.0,10.0,0.0,0.0,0.0,見送り(地合い🔴),,0.0,20.3,1.8,5.7,2824,2931.0,4.5,1.4,309,MA上昇配列 / パーフェクトオーダー
4221,大倉工業,化学,13.0,★☆☆☆☆,0.0,0.0,1.0,0.0,12.0,0.0,0.0,0.0,見送り(地合い🔴),,0.0,18.0,1.9,3.7,4946,5140.0,0.4,1.3,214,MA上昇配列 / パーフェクトオーダー
4045,東亞合成,化学,13.0,★☆☆☆☆,0.0,0.0,1.0,0.0,12.0,0.0,0.0,0.0,見送り(地合い🔴),,0.0,13.4,1.6,2.5,1737,1795.5,1.4,1.1,470,MA上昇配列 / パーフェクトオーダー
9474,ゼンリン,情報・通信業,13.0,★☆☆☆☆,0.0,0.0,5.3,0.0,7.7,0.0,0.0,0.0,見送り(地合い🔴),,0.0,20.6,1.3,6.2,930,956.0,4.6,2.2,168,出来高増2.2倍 / MA上昇配列
8057,内田洋行,卸売業,13.0,★☆☆☆☆,0.0,0.0,5.3,0.0,7.7,0.0,0.0,0.0,見送り(地合い🔴),,0.0,26.2,2.2,9.6,2127,2227.0,5.9,1.3,554,買い出来高優勢 / MA上昇配列
7931,未来工業,化学,13.0,★☆☆☆☆,0.0,0.0,3.3,0.0,8.0,0.0,1.7,0.0,見送り(地合い🔴),,0.0,21.1,3.0,6.2,3214,3420.0,5.4,1.2,108,買い出来高優勢 / MA上昇配列 / 開示[増配](6日前)
7164,全国保証,その他金融業,13.0,★☆☆☆☆,0.0,0.0,3.0,0.0,10.0,0.0,0.0,0.0,見送り(地合い🔴),,0.0,16.6,1.8,5.1,3122,3236.0,5.2,1.4,1293,MA上昇配列
2678,アスクル,小売業,13.0,★☆☆☆☆,0.0,0.0,6.3,0.0,6.7,0.0,0.0,0.0,見送り(地合い🔴),,0.0,17.5,2.8,2.9,1207,1278.0,3.0,1.7,642,買い出来高優勢 / MA上昇配列
8848,レオパレス２１,不動産業,13.0,★☆☆☆☆,0.0,0.0,4.0,0.0,9.0,0.0,0.0,0.0,見送り(地合い🔴),,0.0,17.0,2.0,5.7,668,696.0,4.2,1.9,669,MA上昇配列
9934,因幡電機産業,卸売業,13.0,★☆☆☆☆,0.0,0.0,1.0,0.0,12.0,0.0,0.0,0.0,見送り(地合い🔴),,0.0,12.3,1.8,1.2,2678,2778.5,-0.4,1.4,438,MA上昇配列 / パーフェクトオーダー
7751,キヤノン,電気機器,13.0,★☆☆☆☆,0.0,0.0,3.0,0.0,10.0,0.0,0.0,0.0,見送り(地合い🔴),,0.0,22.0,2.2,6.4,4428,4635.0,2.2,1.3,17646,MA上昇配列
4417,グローバルセキュリティエキスパート,情報・通信業,13.0,★☆☆☆☆,0.0,0.0,2.0,0.0,11.0,0.0,0.0,0.0,見送り(地合い🔴),,0.0,27.5,4.6,11.0,4098,4515.0,5.0,0.8,300,MA上昇配列 / パーフェクトオーダー / 52週高値目前
7984,コクヨ,その他製品,13.0,★☆☆☆☆,0.0,0.0,4.3,0.0,8.7,0.0,0.0,0.0,見送り(地合い🔴),,0.0,23.7,1.5,7.3,876,904.0,5.0,1.3,795,買い出来高優勢 / MA上昇配列
7419,ノジマ,小売業,13.0,★☆☆☆☆,0.0,0.0,1.0,0.0,12.0,0.0,0.0,0.0,見送り(地合い🔴),,0.0,20.5,2.9,7.5,1375,1461.0,7.2,1.3,1116,MA上昇配列 / パーフェクトオーダー
2124,ジェイエイシーリクルートメント,サービス業,13.0,★☆☆☆☆,0.0,0.0,5.3,0.0,7.7,0.0,0.0,0.0,見送り(地合い🔴),,0.0,25.9,2.1,11.4,947,988.0,8.0,1.4,491,買い出来高優勢 / MA上昇配列
8088,岩谷産業,卸売業,13.0,★☆☆☆☆,0.0,0.0,2.0,0.0,11.0,0.0,0.0,0.0,見送り(地合い🔴),,0.0,17.9,2.3,4.1,1950,2045.0,2.5,1.4,1577,MA上昇配列 / パーフェクトオーダー
9010,富士急行,陸運業,13.0,★☆☆☆☆,0.0,0.0,4.3,0.0,8.7,0.0,0.0,0.0,見送り(地合い🔴),,0.0,20.3,2.7,8.1,2656,2809.0,6.9,1.3,454,買い出来高優勢 / MA上昇配列 / パーフェクトオーダー
7575,日本ライフライン,卸売業,13.0,★☆☆☆☆,0.0,0.0,4.3,0.0,8.7,0.0,0.0,0.0,見送り(地合い🔴),,0.0,22.2,1.5,7.2,1406,1450.0,4.9,1.4,195,買い出来高優勢 / MA上昇配列
7593,ＶＴホールディングス,小売業,13.0,★☆☆☆☆,0.0,0.0,5.3,0.0,7.7,0.0,0.0,0.0,見送り(地合い🔴),,0.0,21.4,1.4,6.5,485,499.0,3.3,1.7,169,買い出来高優勢 / MA上昇配列
9601,松竹,情報・通信業,13.0,★☆☆☆☆,0.0,0.0,5.0,0.0,8.0,0.0,0.0,0.0,見送り(地合い🔴),,0.0,24.0,3.1,10.1,11224,11970.0,7.3,1.6,593,MA上昇配列
5901,東洋製罐グループホールディングス,金属製品,13.0,★☆☆☆☆,0.0,0.0,1.0,0.0,12.0,0.0,0.0,0.0,見送り(地合い🔴),,0.0,12.7,2.0,2.3,4017,4186.0,1.6,1.3,856,MA上昇配列 / パーフェクトオーダー
3864,三菱製紙,パルプ・紙,13.0,★☆☆☆☆,0.0,0.0,1.0,0.0,12.0,0.0,0.0,0.0,見送り(地合い🔴),,0.0,21.1,4.8,5.0,1015,1122.0,-4.5,0.8,281,MA上昇配列 / パーフェクトオーダー
1882,東亜道路工業,建設業,13.0,★☆☆☆☆,0.0,0.0,4.0,0.0,9.0,0.0,0.0,0.0,見送り(地合い🔴),,0.0,16.2,1.4,3.7,1593,1638.0,1.8,1.6,493,MA上昇配列
7821,前田工繊,その他製品,13.0,★☆☆☆☆,0.0,0.0,4.0,0.0,9.0,0.0,0.0,0.0,見送り(地合い🔴),,0.0,21.9,2.0,7.1,1888,1966.0,6.8,1.7,252,MA上昇配列
7839,ＳＨＯＥＩ,その他製品,12.8,★☆☆☆☆,0.0,0.0,5.3,0.0,7.5,0.0,0.0,0.0,見送り(地合い🔴),,0.0,23.7,1.8,8.8,1942,2012.0,7.0,1.8,318,買い出来高優勢 / MA上昇配列 / パーフェクトオーダー / RSI過熱(93)⚠
6869,シスメックス,電気機器,12.8,★☆☆☆☆,0.0,0.0,3.3,0.0,8.0,0.0,1.5,0.0,見送り(地合い🔴),,0.0,24.0,2.9,8.7,1576,1672.5,8.0,1.2,4295,買い出来高優勢 / MA上昇配列 / 開示[自己株式の取得](7日前)
8079,正栄食品工業,卸売業,12.8,★☆☆☆☆,0.0,0.0,3.3,0.0,9.5,0.0,0.0,0.0,見送り(地合い🔴),,0.0,21.4,1.5,7.8,4446,4585.0,4.4,1.0,263,買い出来高優勢 / MA上昇配列 / パーフェクトオーダー / RSI過熱(89)⚠
7990,グローブライド,その他製品,12.8,★☆☆☆☆,0.0,0.0,5.3,0.0,7.5,0.0,0.0,0.0,見送り(地合い🔴),,0.0,19.6,1.5,6.4,2474,2552.0,2.7,1.8,130,買い出来高優勢 / MA上昇配列 / パーフェクトオーダー / RSI過熱(85)⚠
7276,小糸製作所,電気機器,12.7,★☆☆☆☆,0.0,0.0,6.7,0.0,6.0,0.0,0.0,0.0,見送り(地合い🔴),,0.0,16.0,2.2,5.5,2578,2697.5,8.2,4.0,2039,出来高急増4.0倍
7337,ひろぎんホールディングス,銀行業,12.7,★☆☆☆☆,0.0,0.0,2.0,0.0,10.7,0.0,0.0,0.0,見送り(地合い🔴),,0.0,17.6,2.7,2.4,2130,2252.0,0.1,1.4,1549,MA上昇配列 / パーフェクトオーダー
7994,オカムラ,その他製品,12.7,★☆☆☆☆,0.0,0.0,5.7,0.0,7.0,0.0,0.0,0.0,見送り(地合い🔴),,0.0,13.6,1.6,3.4,2287,2364.0,3.2,3.7,693,出来高急増3.7倍
8393,宮崎銀行,銀行業,12.7,★☆☆☆☆,0.0,0.0,2.0,0.0,10.7,0.0,0.0,0.0,見送り(地合い🔴),,0.0,19.8,4.7,3.0,2106,2327.0,-3.0,1.3,696,MA上昇配列 / パーフェクトオーダー
9869,加藤産業,卸売業,12.7,★☆☆☆☆,0.0,0.0,4.0,0.0,8.7,0.0,0.0,0.0,見送り(地合い🔴),,0.0,20.6,2.0,7.8,6316,6580.0,5.4,1.8,214,MA上昇配列
5408,中山製鋼所,鉄鋼,12.7,★☆☆☆☆,0.0,0.0,6.7,0.0,6.0,0.0,0.0,0.0,見送り(地合い🔴),,0.0,19.5,1.9,5.1,633,657.0,4.0,2.2,129,出来高増2.2倍 / 買い出来高優勢
6454,マックス,機械,12.7,★☆☆☆☆,0.0,0.0,2.0,0.0,10.7,0.0,0.0,0.0,見送り(地合い🔴),,0.0,12.9,1.9,1.6,1678,1746.0,2.2,1.7,367,MA上昇配列 / パーフェクトオーダー
1333,Ｕｍｉｏｓ,水産・農林業,12.7,★☆☆☆☆,0.0,0.0,3.0,0.0,9.7,0.0,0.0,0.0,見送り(地合い🔴),,0.0,15.6,1.5,4.7,1338,1378.5,4.5,1.2,642,MA上昇配列 / パーフェクトオーダー
7951,ヤマハ,その他製品,12.7,★☆☆☆☆,0.0,0.0,4.0,0.0,8.7,0.0,0.0,0.0,見送り(地合い🔴),,0.0,23.0,2.1,8.2,1235,1288.5,5.4,1.7,2333,MA上昇配列 / パーフェクトオーダー
8591,オリックス,その他金融業,12.7,★☆☆☆☆,0.0,0.0,3.0,0.0,9.7,0.0,0.0,0.0,見送り(地合い🔴),,0.0,15.9,2.7,1.7,6143,6496.0,-1.3,1.5,19490,MA上昇配列 / パーフェクトオーダー / 52週高値目前
4528,小野薬品工業,医薬品,12.7,★☆☆☆☆,0.0,0.0,4.0,0.0,8.7,0.0,0.0,0.0,見送り(地合い🔴),,0.0,14.6,2.4,3.3,2370,2491.5,3.6,1.6,3487,MA上昇配列 / パーフェクトオーダー
9743,丹青社,サービス業,12.7,★☆☆☆☆,0.0,0.0,5.7,0.0,7.0,0.0,0.0,0.0,見送り(地合い🔴),,0.0,15.9,1.4,3.7,1365,1404.0,2.4,3.1,733,出来高急増3.1倍
1928,積水ハウス,建設業,12.7,★☆☆☆☆,0.0,0.0,4.0,0.0,8.7,0.0,0.0,0.0,見送り(地合い🔴),,0.0,21.1,1.5,7.7,3566,3678.0,6.3,1.7,9730,MA上昇配列
5192,三ツ星ベルト,ゴム製品,12.7,★☆☆☆☆,0.0,0.0,2.0,0.0,10.7,0.0,0.0,0.0,見送り(地合い🔴),,0.0,15.3,1.4,3.8,4034,4150.0,1.5,1.1,268,MA上昇配列 / パーフェクトオーダー
7309,シマノ,輸送用機器,12.5,★☆☆☆☆,0.0,0.0,8.0,0.0,7.5,0.0,0.0,-3.0,見送り(地合い🔴),,0.0,31.7,3.2,17.7,19723,21065.0,13.7,3.2,6923,出来高急増3.2倍 / 買い出来高優勢 / MA上昇配列 / パーフェクトオーダー / RSI過熱(87)⚠ / 伸びすぎ注意(25MA+18%)
9434,ソフトバンク,情報・通信業,12.5,★☆☆☆☆,0.0,0.0,4.3,0.0,8.2,0.0,0.0,0.0,見送り(地合い🔴),,0.0,23.6,2.0,9.4,227,235.89999389648438,6.5,1.3,17417,買い出来高優勢 / 52週高値目前
8923,トーセイ,不動産業,12.5,★☆☆☆☆,0.0,0.0,3.0,0.0,9.5,0.0,0.0,0.0,見送り(地合い🔴),,0.0,17.5,2.8,3.9,1715,1817.0,1.7,1.4,493,MA上昇配列 / パーフェクトオーダー
4478,フリー,情報・通信業,12.5,★☆☆☆☆,3.5,0.0,5.3,0.0,6.7,0.0,0.0,-3.0,見送り(地合い🔴),Microsoft,-14.5,45.7,4.6,19.7,2458,2705.0,12.1,2.0,1102,Microsoft+2.3%連動(β0.61) / 買い出来高優勢 / MA上昇配列 / 伸びすぎ注意(25MA+20%)
7979,松風,精密機器,12.5,★☆☆☆☆,0.0,0.0,4.0,0.0,8.5,0.0,0.0,0.0,見送り(地合い🔴),,0.0,17.7,2.4,3.7,2071,2174.0,0.7,1.6,187,MA上昇配列 / パーフェクトオーダー
8418,山口フィナンシャルグループ,銀行業,12.5,★☆☆☆☆,0.0,0.0,3.0,0.0,8.2,0.0,1.3,0.0,見送り(地合い🔴),,0.0,15.3,3.2,0.1,2806,3000.0,-2.8,1.5,1732,MA上昇配列 / パーフェクトオーダー / 開示[自己株式の取得](8日前)
8242,エイチ・ツー・オー　リテイリング,小売業,12.5,★☆☆☆☆,0.0,0.0,0.0,0.0,12.5,0.0,0.0,0.0,見送り(地合い🔴),,0.0,13.6,2.4,3.8,2810,2950.0,5.5,1.1,1197,MA上昇配列 / パーフェクトオーダー / 52週高値ブレイク!
8616,東海東京フィナンシャル・ホールディングス,証券、商品先物取引業,12.5,★☆☆☆☆,0.0,0.0,3.0,0.0,9.5,0.0,0.0,0.0,見送り(地合い🔴),,0.0,15.5,2.4,1.9,756,794.0,-2.2,1.7,600,MA上昇配列 / パーフェクトオーダー
1414,ショーボンドホールディングス,建設業,12.5,★☆☆☆☆,0.0,0.0,8.0,0.0,4.5,0.0,0.0,0.0,見送り(地合い🔴),,0.0,18.6,1.5,6.5,1314,1353.0,6.4,3.1,923,出来高急増3.1倍 / 買い出来高優勢 / RSI過熱(86)⚠
4206,アイカ工業,化学,12.5,★☆☆☆☆,0.0,0.0,3.0,0.0,9.5,0.0,0.0,0.0,見送り(地合い🔴),,0.0,12.7,1.5,2.5,3675,3786.0,3.4,1.5,832,MA上昇配列 / パーフェクトオーダー
6237,イワキポンプ,機械,12.5,★☆☆☆☆,0.0,0.0,4.0,0.0,8.5,0.0,0.0,0.0,見送り(地合い🔴),,0.0,32.5,6.4,6.0,4001,4585.0,-4.5,1.6,742,資金流入増 / MA上昇配列 / パーフェクトオーダー
4553,東和薬品,医薬品,12.5,★☆☆☆☆,0.0,0.0,3.0,0.0,9.5,0.0,0.0,0.0,見送り(地合い🔴),,0.0,21.2,2.5,4.9,4021,4235.0,0.7,1.5,536,MA上昇配列 / パーフェクトオーダー
7595,アルゴグラフィックス,情報・通信業,12.4,★☆☆☆☆,0.0,0.0,6.7,0.0,5.7,0.0,0.0,0.0,見送り(地合い🔴),,0.0,25.3,1.7,9.1,1343,1392.0,7.3,2.3,305,出来高増2.3倍 / 買い出来高優勢
3635,コーエーテクモホールディングス,情報・通信業,12.4,★☆☆☆☆,0.0,0.0,5.7,0.0,6.7,0.0,0.0,0.0,見送り(地合い🔴),,0.0,19.1,3.2,6.1,1542,1649.0,8.4,3.2,2122,出来高急増3.2倍 / MA上昇配列
7242,カヤバ,輸送用機器,12.4,★☆☆☆☆,0.0,0.0,6.7,0.0,5.7,0.0,0.0,0.0,見送り(地合い🔴),,0.0,28.2,2.1,10.1,4364,4555.0,5.6,2.0,421,出来高増2.0倍 / 買い出来高優勢
8179,ロイヤルホールディングス,小売業,12.4,★☆☆☆☆,0.0,0.0,6.7,0.0,5.7,0.0,0.0,0.0,見送り(地合い🔴),,0.0,22.7,2.0,9.6,1317,1373.0,8.4,2.2,406,出来高増2.2倍 / 買い出来高優勢
5602,栗本鐵工所,鉄鋼,12.3,★☆☆☆☆,0.0,0.0,4.3,0.0,8.0,0.0,0.0,0.0,見送り(地合い🔴),,0.0,19.2,1.9,3.5,1444,1500.0,1.4,1.3,309,買い出来高優勢 / MA上昇配列
9505,北陸電力,電気・ガス業,12.3,★☆☆☆☆,0.0,0.0,5.3,0.0,7.0,0.0,0.0,0.0,見送り(地合い🔴),,0.0,24.2,2.3,9.0,946,990.7999877929688,5.4,2.3,806,出来高増2.3倍
3391,ツルハホールディングス,小売業,12.3,★☆☆☆☆,0.0,0.0,3.3,0.0,9.0,0.0,0.0,0.0,見送り(地合い🔴),,0.0,36.0,3.0,14.1,2434,2588.0,8.9,1.1,4958,買い出来高優勢 / MA上昇配列
3983,オロ,情報・通信業,12.3,★☆☆☆☆,0.0,0.0,4.3,0.0,8.0,0.0,0.0,0.0,見送り(地合い🔴),,0.0,24.3,2.2,5.5,2130,2227.0,2.4,1.5,106,買い出来高優勢 / MA上昇配列
5351,品川リフラ,ガラス・土石製品,12.3,★☆☆☆☆,0.0,0.0,3.3,0.0,9.0,0.0,0.0,0.0,見送り(地合い🔴),,0.0,18.4,1.7,4.8,2012,2083.0,0.7,0.9,224,買い出来高優勢 / MA上昇配列
9832,オートバックスセブン,卸売業,12.3,★☆☆☆☆,0.0,0.0,5.3,0.0,7.0,0.0,0.0,0.0,見送り(地合い🔴),,0.0,18.2,1.3,5.5,1534,1575.0,4.6,1.7,278,買い出来高優勢
9003,相鉄ホールディングス,陸運業,12.3,★☆☆☆☆,0.0,0.0,5.3,0.0,7.0,0.0,0.0,0.0,見送り(地合い🔴),,0.0,19.3,1.8,6.8,2612,2710.0,5.7,1.6,597,買い出来高優勢
8934,サンフロンティア不動産,不動産業,12.3,★☆☆☆☆,0.0,0.0,5.3,0.0,7.0,0.0,0.0,0.0,見送り(地合い🔴),,0.0,16.5,1.8,3.9,2488,2582.0,1.5,1.6,294,買い出来高優勢
8522,名古屋銀行,銀行業,12.2,★☆☆☆☆,0.0,0.0,4.0,0.0,8.2,0.0,0.0,0.0,見送り(地合い🔴),,0.0,18.8,4.0,0.7,5949,6460.0,-2.6,1.6,990,MA上昇配列 / パーフェクトオーダー
9889,ＪＢＣＣホールディングス,情報・通信業,12.2,★☆☆☆☆,0.0,0.0,6.7,0.0,10.5,0.0,0.0,-5.0,見送り(地合い🔴),,0.0,45.4,2.9,21.4,1581,1679.0,16.4,2.3,286,出来高増2.3倍 / 買い出来高優勢 / MA上昇配列 / 52週高値ブレイク! / RSI過熱(85)⚠ / 過熱⚠25MA+21%
8354,ふくおかフィナンシャルグループ,銀行業,12.2,★☆☆☆☆,0.0,0.0,4.0,0.0,8.2,0.0,0.0,0.0,見送り(地合い🔴),,0.0,19.3,3.1,2.3,6999,7457.0,-1.2,1.5,4816,MA上昇配列 / パーフェクトオーダー
3733,ソフトウェア・サービス,情報・通信業,12.100000000000001,★☆☆☆☆,0.0,0.0,2.0,0.0,4.7,0.0,5.4,0.0,見送り(地合い🔴),,0.0,16.5,4.6,4.6,10294,11330.0,8.8,1.0,188,資金流入増 / 開示[自己株式の取得](1日前) / 開示[自己株式の取得](2日前)
1898,世紀東急工業,建設業,12.0,★☆☆☆☆,0.0,0.0,3.0,0.0,9.0,0.0,0.0,0.0,見送り(地合い🔴),,0.0,14.3,1.2,3.1,1472,1508.0,2.2,1.4,202,MA上昇配列
9347,日本管財ホールディングス,サービス業,12.0,★☆☆☆☆,0.0,0.0,5.3,0.0,6.7,0.0,0.0,0.0,見送り(地合い🔴),,0.0,18.6,1.4,5.3,2790,2873.0,3.2,1.9,140,買い出来高優勢
3836,アバントグループ,情報・通信業,12.0,★☆☆☆☆,0.0,0.0,5.3,0.0,6.7,0.0,0.0,0.0,見送り(地合い🔴),,0.0,32.3,2.4,12.9,1264,1328.0,9.5,1.5,106,買い出来高優勢 / MA上昇配列
9008,京王電鉄,陸運業,12.0,★☆☆☆☆,0.0,0.0,5.3,0.0,6.7,0.0,0.0,0.0,見送り(地合い🔴),,0.0,22.7,2.0,9.6,808,840.7999877929688,6.3,2.0,1663,買い出来高優勢 / MA上昇配列
5246,ＥＬＥＭＥＮＴＳ,情報・通信業,12.0,★☆☆☆☆,0.0,0.0,4.0,0.0,8.0,0.0,0.0,0.0,見送り(地合い🔴),,0.0,32.2,6.5,8.6,643,739.0,-3.5,0.8,595,資金流入増 / MA上昇配列
2127,日本Ｍ＆Ａセンターホールディングス,サービス業,12.0,★☆☆☆☆,0.0,0.0,4.0,0.0,8.0,0.0,0.0,0.0,見送り(地合い🔴),,0.0,19.6,1.7,5.0,672,696.5,4.8,1.7,1026,MA上昇配列
9830,トラスコ中山,卸売業,12.0,★☆☆☆☆,0.0,0.0,3.0,0.0,9.0,0.0,0.0,0.0,見送り(地合い🔴),,0.0,16.5,1.8,4.3,2330,2416.0,2.9,1.4,254,MA上昇配列
8613,丸三証券,証券、商品先物取引業,12.0,★☆☆☆☆,0.0,0.0,1.0,0.0,11.0,0.0,0.0,0.0,見送り(地合い🔴),,0.0,16.6,1.8,2.9,1102,1142.0,-0.4,0.7,364,MA上昇配列 / パーフェクトオーダー / 52週高値目前
4716,日本オラクル,情報・通信業,12.0,★☆☆☆☆,0.0,0.0,4.0,0.0,8.0,0.0,0.0,0.0,見送り(地合い🔴),,0.0,18.2,2.2,4.9,8564,8959.0,7.3,1.7,2865,MA上昇配列
2897,日清食品ホールディングス,食料品,12.0,★☆☆☆☆,0.0,0.0,4.0,0.0,8.0,0.0,0.0,0.0,見送り(地合い🔴),,0.0,21.2,2.3,7.9,2954,3097.0,7.3,1.8,3216,MA上昇配列
3496,アズーム,不動産業,12.0,★☆☆☆☆,0.0,0.0,4.0,0.0,8.0,0.0,0.0,0.0,見送り(地合い🔴),,0.0,22.8,2.6,7.1,4452,4695.0,4.3,1.5,286,MA上昇配列
7545,西松屋チェーン,小売業,12.0,★☆☆☆☆,0.0,0.0,5.0,0.0,7.0,0.0,0.0,0.0,見送り(地合い🔴),,0.0,16.2,2.1,4.2,1977,2065.0,5.4,1.8,651,-
167A,リョーサン菱洋ホールディングス,卸売業,12.0,★☆☆☆☆,0.0,0.0,4.0,0.0,8.0,0.0,0.0,0.0,見送り(地合い🔴),,0.0,16.0,1.8,2.8,2739,2840.0,1.2,1.8,515,MA上昇配列
9504,中国電力,電気・ガス業,12.0,★☆☆☆☆,0.0,0.0,3.0,0.0,9.0,0.0,0.0,0.0,見送り(地合い🔴),,0.0,17.6,1.6,3.4,923,954.0,1.3,1.6,1386,MA上昇配列
4912,ライオン,化学,12.0,★☆☆☆☆,0.0,0.0,2.0,0.0,10.0,0.0,0.0,0.0,見送り(地合い🔴),,0.0,13.8,2.3,4.5,1695,1775.0,6.2,1.2,1738,MA上昇配列
4914,高砂香料工業,化学,12.0,★☆☆☆☆,0.0,0.0,4.0,0.0,8.0,0.0,0.0,0.0,見送り(地合い🔴),,0.0,19.3,1.9,4.8,1174,1220.0,1.6,1.8,172,MA上昇配列
4674,クレスコ,情報・通信業,12.0,★☆☆☆☆,0.0,0.0,2.0,0.0,10.0,0.0,0.0,0.0,見送り(地合い🔴),,0.0,21.7,2.0,5.9,1544,1610.0,3.4,1.1,113,MA上昇配列
4958,長谷川香料,化学,12.0,★☆☆☆☆,0.0,0.0,1.0,0.0,11.0,0.0,0.0,0.0,見送り(地合い🔴),,0.0,13.2,1.5,1.3,3185,3285.0,0.3,1.2,168,MA上昇配列 / パーフェクトオーダー / 52週高値目前
4543,テルモ,精密機器,12.0,★☆☆☆☆,0.0,0.0,4.0,0.0,8.0,0.0,0.0,0.0,見送り(地合い🔴),,0.0,16.9,2.9,6.8,2245,2382.5,8.3,1.5,9655,MA上昇配列
2702,日本マクドナルドホールディングス,小売業,12.0,★☆☆☆☆,0.0,0.0,4.0,0.0,8.0,0.0,0.0,0.0,見送り(地合い🔴),,0.0,18.0,2.2,5.7,7709,8060.0,6.9,2.0,4254,-
8150,三信電気,卸売業,12.0,★☆☆☆☆,0.0,0.0,2.0,0.0,10.0,0.0,0.0,0.0,見送り(地合い🔴),,0.0,15.1,2.0,1.8,2750,2865.0,-1.6,1.5,106,MA上昇配列
256A,飛島ホールディングス,建設業,12.0,★☆☆☆☆,0.0,0.0,3.0,0.0,9.0,0.0,0.0,0.0,見送り(地合い🔴),,0.0,15.2,1.9,2.3,1993,2073.0,0.2,1.5,353,MA上昇配列
8086,ニプロ,精密機器,12.0,★☆☆☆☆,0.0,0.0,4.0,0.0,8.0,0.0,0.0,0.0,見送り(地合い🔴),,0.0,16.1,1.9,5.3,1607,1669.0,4.9,1.6,876,-
8103,明和産業,卸売業,12.0,★☆☆☆☆,0.0,0.0,1.0,0.0,11.0,0.0,0.0,0.0,見送り(地合い🔴),,0.0,15.8,1.5,2.9,898,926.0,1.8,1.2,162,MA上昇配列 / パーフェクトオーダー
6737,ＥＩＺＯ,電気機器,12.0,★☆☆☆☆,0.0,0.0,0.0,0.0,12.0,0.0,0.0,0.0,見送り(地合い🔴),,0.0,19.8,2.7,5.0,2575,2725.0,-0.9,1.1,539,MA上昇配列 / パーフェクトオーダー
417A,ブルーゾーンホールディングス,小売業,12.0,★☆☆☆☆,0.0,0.0,4.0,0.0,8.0,0.0,0.0,0.0,見送り(地合い🔴),,0.0,15.9,2.1,5.0,1775,1852.0,5.4,1.5,458,-
3291,飯田グループホールディングス,不動産業,12.0,★☆☆☆☆,0.0,0.0,4.3,0.0,7.7,0.0,0.0,0.0,見送り(地合い🔴),,0.0,18.7,1.7,6.4,2288,2369.0,5.3,1.2,1192,買い出来高優勢 / MA上昇配列
7613,シークス,卸売業,12.0,★☆☆☆☆,0.0,0.0,1.0,0.0,11.0,0.0,0.0,0.0,見送り(地合い🔴),,0.0,17.2,2.6,3.7,1323,1395.0,-0.7,1.5,249,MA上昇配列 / パーフェクトオーダー
5949,ユニプレス,輸送用機器,12.0,★☆☆☆☆,0.0,0.0,4.0,0.0,8.0,0.0,0.0,0.0,見送り(地合い🔴),,0.0,21.1,1.9,6.1,1289,1339.0,2.1,1.6,171,-
3245,ディア・ライフ,不動産業,12.0,★☆☆☆☆,0.0,0.0,3.0,0.0,9.0,0.0,0.0,0.0,見送り(地合い🔴),,0.0,19.1,1.4,4.8,1079,1111.0,2.2,1.7,244,MA上昇配列
8113,ユニ・チャーム,化学,12.0,★☆☆☆☆,0.0,0.0,2.0,0.0,10.0,0.0,0.0,0.0,見送り(地合い🔴),,0.0,21.6,2.3,9.0,1002,1050.5,9.4,1.5,4103,MA上昇配列 / パーフェクトオーダー
6523,ＰＨＣホールディングス,電気機器,12.0,★☆☆☆☆,0.0,0.0,2.0,0.0,10.0,0.0,0.0,0.0,見送り(地合い🔴),,0.0,18.9,2.3,5.2,1066,1117.0,1.4,1.1,273,MA上昇配列 / パーフェクトオーダー
325A,ＴＥＮＴＩＡＬ,繊維製品,12.0,★☆☆☆☆,0.0,0.0,4.0,0.0,8.0,0.0,0.0,0.0,見送り(地合い🔴),,0.0,27.9,6.5,10.2,1437,1650.0,-3.7,0.5,792,資金流入増 / MA上昇配列
5947,リンナイ,金属製品,12.0,★☆☆☆☆,0.0,0.0,3.0,0.0,9.0,0.0,0.0,0.0,見送り(地合い🔴),,0.0,16.5,1.7,4.9,3656,3781.0,5.4,1.8,1089,MA上昇配列
2331,ＡＬＳＯＫ,サービス業,12.0,★☆☆☆☆,0.0,0.0,5.3,0.0,6.7,0.0,0.0,0.0,見送り(地合い🔴),,0.0,25.3,2.2,10.2,1175,1228.5,7.0,1.6,1428,買い出来高優勢
6505,東洋電機製造,電気機器,12.0,★☆☆☆☆,0.0,0.0,4.0,0.0,8.0,0.0,0.0,0.0,見送り(地合い🔴),,0.0,29.7,4.0,9.3,2143,2328.0,-2.3,1.1,219,資金流入増 / 開示[買収](14日前)
3028,アルペン,小売業,12.0,★☆☆☆☆,0.0,0.0,5.3,0.0,6.7,0.0,0.0,0.0,見送り(地合い🔴),,0.0,22.9,1.7,8.3,2229,2307.0,5.5,1.9,264,買い出来高優勢 / MA上昇配列
9616,共立メンテナンス,サービス業,12.0,★☆☆☆☆,0.0,0.0,2.0,0.0,10.0,0.0,0.0,0.0,見送り(地合い🔴),,0.0,21.2,2.5,10.4,3198,3370.0,9.0,1.3,3262,MA上昇配列
6572,オープングループ,サービス業,12.0,★☆☆☆☆,0.0,0.0,4.0,0.0,8.0,0.0,0.0,0.0,見送り(地合い🔴),,0.0,32.8,5.1,8.7,219,244.0,-3.9,0.4,113,資金流入増 / MA上昇配列
5988,パイオラックス,金属製品,12.0,★☆☆☆☆,0.0,0.0,5.3,0.0,6.7,0.0,0.0,0.0,見送り(地合い🔴),,0.0,22.6,1.5,7.3,1705,1757.0,4.3,1.9,136,買い出来高優勢 / MA上昇配列
6465,ホシザキ,機械,12.0,★☆☆☆☆,0.0,0.0,0.0,0.0,12.0,0.0,0.0,0.0,見送り(地合い🔴),,0.0,20.6,2.2,6.9,5589,5844.0,9.5,0.9,2508,MA上昇配列 / パーフェクトオーダー
4956,コニシ,化学,11.9,★☆☆☆☆,0.0,0.0,3.3,0.0,3.2,0.0,5.4,0.0,見送り(地合い🔴),,0.0,7.1,2.5,-1.5,1360,1432.0,-2.1,2.1,127,出来高増2.1倍 / 開示[自己株式の取得](1日前) / 開示[自己株式取得](2日前)
3034,クオールホールディングス,小売業,11.8,★☆☆☆☆,0.0,0.0,4.3,0.0,7.5,0.0,0.0,0.0,見送り(地合い🔴),,0.0,29.0,2.1,10.2,2121,2212.0,5.8,1.4,312,買い出来高優勢 / MA上昇配列 / RSI過熱(91)⚠
9090,ＡＺ－ＣＯＭ丸和ホールディングス,陸運業,11.8,★☆☆☆☆,0.0,0.0,6.3,0.0,5.5,0.0,0.0,0.0,見送り(地合い🔴),,0.0,29.0,2.8,12.8,897,950.0,9.6,1.5,352,買い出来高優勢 / MA上昇配列 / RSI過熱(87)⚠
9900,サガミホールディングス,小売業,11.8,★☆☆☆☆,0.0,0.0,6.3,0.0,10.5,0.0,0.0,-5.0,見送り(地合い🔴),,0.0,42.1,2.5,21.4,2053,2161.0,12.8,1.7,217,買い出来高優勢 / MA上昇配列 / 52週高値ブレイク! / RSI過熱(88)⚠ / 過熱⚠25MA+21%
3333,あさひ,小売業,11.8,★☆☆☆☆,0.0,0.0,5.3,0.0,6.5,0.0,0.0,0.0,見送り(地合い🔴),,0.0,17.0,1.6,4.1,1333,1378.0,2.2,2.3,143,出来高増2.3倍 / MA上昇配列
8771,イー・ギャランティ,その他金融業,11.8,★☆☆☆☆,0.0,0.0,4.3,0.0,7.5,0.0,0.0,0.0,見送り(地合い🔴),,0.0,19.4,2.0,4.0,1805,1880.0,1.3,1.5,175,買い出来高優勢 / MA上昇配列 / パーフェクトオーダー
2121,ＭＩＸＩ,情報・通信業,11.8,★☆☆☆☆,0.0,0.0,5.3,0.0,6.5,0.0,0.0,0.0,見送り(地合い🔴),,0.0,20.8,2.1,5.2,2869,2994.0,3.0,1.7,928,買い出来高優勢 / MA上昇配列
8125,ワキタ,卸売業,11.7,★☆☆☆☆,0.0,0.0,3.0,0.0,8.7,0.0,0.0,0.0,見送り(地合い🔴),,0.0,21.7,1.7,6.3,1862,1927.0,2.3,1.4,319,MA上昇配列
6988,日東電工,化学,11.7,★☆☆☆☆,0.0,0.0,4.0,0.0,7.7,0.0,0.0,0.0,見送り(地合い🔴),,0.0,22.2,2.8,8.9,3352,3549.0,7.7,1.9,10867,MA上昇配列
9759,ＮＳＤ,情報・通信業,11.7,★☆☆☆☆,0.0,0.0,4.0,0.0,7.7,0.0,0.0,0.0,見送り(地合い🔴),,0.0,29.0,2.1,11.3,2804,2929.0,9.4,1.9,657,MA上昇配列
6083,ＥＲＩホールディングス,サービス業,11.7,★☆☆☆☆,0.0,0.0,3.0,0.0,8.7,0.0,0.0,0.0,見送り(地合い🔴),,0.0,25.6,3.6,10.0,1468,1583.0,5.6,1.0,158,MA上昇配列
7322,三十三フィナンシャルグループ,銀行業,11.7,★☆☆☆☆,0.0,0.0,1.0,0.0,10.7,0.0,0.0,0.0,見送り(地合い🔴),,0.0,18.6,4.7,1.6,1689,1864.0,-4.2,1.1,664,MA上昇配列 / パーフェクトオーダー
5451,ヨドコウ,鉄鋼,11.7,★☆☆☆☆,0.0,0.0,4.0,0.0,7.7,0.0,0.0,0.0,見送り(地合い🔴),,0.0,20.2,1.7,6.5,1367,1414.0,3.4,1.9,345,MA上昇配列
7888,三光合成,化学,11.7,★☆☆☆☆,0.0,0.0,4.0,0.0,7.7,0.0,0.0,0.0,見送り(地合い🔴),,0.0,35.4,3.7,13.9,876,945.0,-0.3,1.5,179,資金流入増 / MA上昇配列
8173,Ｊｏｓｈｉｎ,小売業,11.7,★☆☆☆☆,0.0,0.0,1.0,0.0,10.7,0.0,0.0,0.0,見送り(地合い🔴),,0.0,13.5,3.6,9.1,3768,4060.0,7.1,1.1,598,MA上昇配列 / パーフェクトオーダー
8253,クレディセゾン,その他金融業,11.7,★☆☆☆☆,0.0,0.0,2.0,0.0,9.7,0.0,0.0,0.0,見送り(地合い🔴),,0.0,16.1,2.5,2.3,4432,4663.0,-1.1,1.8,3360,MA上昇配列 / パーフェクトオーダー / 52週高値目前
3612,ワールド,繊維製品,11.7,★☆☆☆☆,0.0,0.0,2.0,0.0,9.7,0.0,0.0,0.0,見送り(地合い🔴),,0.0,13.8,1.6,2.9,1601,1654.0,3.3,1.0,421,MA上昇配列 / パーフェクトオーダー / 52週高値目前
9227,マイクロ波化学,サービス業,11.7,★☆☆☆☆,0.0,0.0,8.0,0.0,3.7,0.0,0.0,0.0,見送り(地合い🔴),,0.0,11.9,4.6,6.1,838,922.0,13.7,23.7,276,出来高急増23.7倍 / 買い出来高優勢
7172,ジャパンインベストメントアドバイザー,証券、商品先物取引業,11.5,★☆☆☆☆,0.0,0.0,3.0,0.0,8.5,0.0,0.0,0.0,見送り(地合い🔴),,0.0,14.7,2.1,2.2,2032,2123.0,0.2,1.5,620,MA上昇配列 / パーフェクトオーダー
7283,愛三工業,輸送用機器,11.5,★☆☆☆☆,0.0,0.0,5.3,0.0,6.2,0.0,0.0,0.0,見送り(地合い🔴),,0.0,33.5,3.2,5.8,2190,2339.0,2.4,0.4,841,買い出来高優勢 / 資金流入増 / MA上昇配列
5018,ＭＯＲＥＳＣＯ,石油・石炭製品,11.5,★☆☆☆☆,0.0,0.0,2.0,0.0,9.5,0.0,0.0,0.0,見送り(地合い🔴),,0.0,23.1,5.8,6.3,1902,2154.0,-0.3,0.7,111,資金流入増 / MA上昇配列 / パーフェクトオーダー
6638,ミマキエンジニアリング,電気機器,11.5,★☆☆☆☆,0.0,0.0,2.0,0.0,9.5,0.0,0.0,0.0,見送り(地合い🔴),,0.0,25.7,4.8,2.6,1865,2062.0,-6.8,0.9,246,MA上昇配列 / パーフェクトオーダー
8358,スルガ銀行,銀行業,11.5,★☆☆☆☆,0.0,0.0,3.3,0.0,8.2,0.0,0.0,0.0,見送り(地合い🔴),,0.0,18.4,3.4,1.8,2451,2631.0,-2.6,1.2,2268,買い出来高優勢 / MA上昇配列 / パーフェクトオーダー
3544,サツドラホールディングス,小売業,11.5,★☆☆☆☆,0.0,0.0,2.0,0.0,9.5,0.0,0.0,0.0,見送り(地合い🔴),,0.0,6.9,0.5,0.7,1243,1257.0,-0.1,0.5,275,資金流入増 / MA上昇配列 / パーフェクトオーダー
8892,エスコン,不動産業,11.4,★☆☆☆☆,0.0,0.0,4.7,0.0,6.7,0.0,0.0,0.0,見送り(地合い🔴),,0.0,13.7,1.9,1.5,1073,1115.0,-0.1,3.7,184,出来高急増3.7倍
3196,ホットランドホールディングス,小売業,11.4,★☆☆☆☆,0.0,0.0,6.7,0.0,4.7,0.0,0.0,0.0,見送り(地合い🔴),,0.0,16.5,1.6,5.7,1636,1690.0,4.3,2.1,202,出来高増2.1倍 / 買い出来高優勢
2216,カンロ,食料品,11.3,★☆☆☆☆,0.0,0.0,3.3,0.0,8.0,0.0,0.0,0.0,見送り(地合い🔴),,0.0,27.1,3.0,9.4,1196,1272.0,6.0,1.0,107,買い出来高優勢 / MA上昇配列
4481,ベース,情報・通信業,11.3,★☆☆☆☆,0.0,0.0,3.3,0.0,8.0,0.0,0.0,0.0,見送り(地合い🔴),,0.0,24.1,1.8,7.5,3144,3260.0,5.7,1.2,352,買い出来高優勢 / MA上昇配列
6088,シグマクシス・ホールディングス,サービス業,11.3,★☆☆☆☆,0.0,0.0,5.3,0.0,6.0,0.0,0.0,0.0,見送り(地合い🔴),,0.0,26.2,2.4,10.2,594,624.0,9.7,2.2,220,出来高増2.2倍
3038,神戸物産,卸売業,11.3,★☆☆☆☆,0.0,0.0,5.3,0.0,6.0,0.0,0.0,0.0,見送り(地合い🔴),,0.0,19.2,2.8,7.7,2715,2879.0,9.7,2.2,3867,出来高増2.2倍
9104,商船三井,海運業,11.3,★☆☆☆☆,0.0,0.0,4.3,0.0,7.0,0.0,0.0,0.0,見送り(地合い🔴),,0.0,24.4,2.1,8.7,5697,5953.0,2.9,1.2,13328,買い出来高優勢
9041,近鉄グループホールディングス,陸運業,11.3,★☆☆☆☆,0.0,0.0,5.3,0.0,6.0,0.0,0.0,0.0,見送り(地合い🔴),,0.0,18.3,1.7,5.8,3523,3648.0,5.5,2.0,1720,出来高増2.0倍
4755,楽天グループ,サービス業,11.3,★☆☆☆☆,0.0,0.0,3.3,0.0,8.0,0.0,0.0,0.0,見送り(地合い🔴),,0.0,21.8,2.9,8.0,792,840.4000244140625,6.3,0.9,10798,買い出来高優勢 / MA上昇配列
8337,千葉興業銀行,銀行業,11.3,★☆☆☆☆,0.0,0.0,4.3,0.0,7.0,0.0,0.0,0.0,見送り(地合い🔴),,0.0,19.7,3.9,0.4,2404,2609.0,-0.9,1.5,356,買い出来高優勢 / MA上昇配列 / パーフェクトオーダー
7974,任天堂,その他製品,11.3,★☆☆☆☆,0.0,0.0,5.3,0.0,6.0,0.0,0.0,0.0,見送り(地合い🔴),,0.0,27.4,2.7,12.6,7549,7986.0,14.0,2.2,65311,出来高増2.2倍
2296,伊藤ハム米久ホールディングス,食料品,11.3,★☆☆☆☆,0.0,0.0,4.3,0.0,7.0,0.0,0.0,0.0,見送り(地合い🔴),,0.0,19.2,1.7,6.2,4944,5120.0,5.0,1.5,729,買い出来高優勢
2168,パソナグループ,サービス業,11.3,★☆☆☆☆,0.0,0.0,5.3,0.0,6.0,0.0,0.0,0.0,見送り(地合い🔴),,0.0,17.8,2.3,5.4,1537,1611.0,2.7,2.1,333,出来高増2.1倍
5574,ＡＢＥＪＡ,情報・通信業,11.3,★☆☆☆☆,0.0,0.0,5.3,0.0,6.0,0.0,0.0,0.0,見送り(地合い🔴),,0.0,31.6,6.1,14.1,2294,2612.0,11.8,1.2,424,買い出来高優勢 / 開示[業績予想の修正](14日前) / 開示[AI](14日前)
7259,アイシン,輸送用機器,11.3,★☆☆☆☆,0.0,0.0,4.3,0.0,7.0,0.0,0.0,0.0,見送り(地合い🔴),,0.0,25.1,2.2,9.9,2403,2512.5,8.7,1.5,4407,買い出来高優勢
6395,タダノ,機械,11.3,★☆☆☆☆,0.0,0.0,4.3,0.0,7.0,0.0,0.0,0.0,見送り(地合い🔴),,0.0,15.9,2.9,3.6,1261,1338.0,4.5,2.0,458,出来高増2.0倍
3222,ユナイテッド・スーパーマーケット・ホールディングス,小売業,11.3,★☆☆☆☆,0.0,0.0,5.3,0.0,6.0,0.0,0.0,0.0,見送り(地合い🔴),,0.0,16.0,1.7,4.0,817,846.0,4.1,1.7,314,買い出来高優勢
9068,丸全昭和運輸,陸運業,11.3,★☆☆☆☆,0.0,0.0,4.3,0.0,7.0,0.0,0.0,0.0,見送り(地合い🔴),,0.0,16.3,2.3,3.9,7447,7800.0,2.5,1.2,211,買い出来高優勢
8425,みずほリース,その他金融業,11.3,★☆☆☆☆,0.0,0.0,3.3,0.0,8.0,0.0,0.0,0.0,見送り(地合い🔴),,0.0,19.1,1.5,5.6,1327,1368.0,3.2,1.1,887,買い出来高優勢
7483,ドウシシャ,卸売業,11.3,★☆☆☆☆,0.0,0.0,4.3,0.0,7.0,0.0,0.0,0.0,見送り(地合い🔴),,0.0,18.5,1.3,5.0,2993,3075.0,3.5,1.2,180,買い出来高優勢
7550,ゼンショーホールディングス,小売業,11.2,★☆☆☆☆,0.0,0.0,4.0,0.0,10.2,0.0,0.0,-3.0,見送り(地合い🔴),,0.0,38.2,3.1,16.7,9684,10325.0,12.7,1.6,5594,MA上昇配列 / 52週高値目前 / 伸びすぎ注意(25MA+17%)
8381,山陰合同銀行,銀行業,11.2,★☆☆☆☆,0.0,0.0,3.0,0.0,8.2,0.0,0.0,0.0,見送り(地合い🔴),,0.0,16.6,3.2,1.1,2270,2424.0,-1.5,1.3,1021,MA上昇配列 / パーフェクトオーダー
2222,寿スピリッツ,食料品,11.2,★☆☆☆☆,0.0,0.0,3.0,0.0,8.2,0.0,0.0,0.0,見送り(地合い🔴),,0.0,13.1,2.7,1.3,2422,2559.5,3.8,1.4,1439,MA上昇配列 / パーフェクトオーダー
8341,七十七銀行,銀行業,11.2,★☆☆☆☆,0.0,0.0,3.0,0.0,8.2,0.0,0.0,0.0,見送り(地合い🔴),,0.0,15.4,3.3,0.2,3257,3489.0,-2.0,1.4,1863,MA上昇配列 / パーフェクトオーダー
7186,横浜フィナンシャルグループ,銀行業,11.2,★☆☆☆☆,0.0,0.0,3.0,0.0,8.2,0.0,0.0,0.0,見送り(地合い🔴),,0.0,20.6,3.3,3.2,1787,1912.0,0.7,1.5,6710,MA上昇配列 / パーフェクトオーダー
8344,山形銀行,銀行業,11.2,★☆☆☆☆,0.0,0.0,3.0,0.0,8.2,0.0,0.0,0.0,見送り(地合い🔴),,0.0,19.9,5.0,2.7,3477,3865.0,-0.3,1.3,571,MA上昇配列 / パーフェクトオーダー
8343,秋田銀行,銀行業,11.2,★☆☆☆☆,0.0,0.0,3.0,0.0,8.2,0.0,0.0,0.0,見送り(地合い🔴),,0.0,16.5,4.1,2.3,6680,7270.0,0.3,1.4,759,MA上昇配列 / パーフェクトオーダー
8316,三井住友フィナンシャルグループ,銀行業,11.2,★☆☆☆☆,0.0,0.0,3.0,0.0,8.2,0.0,0.0,0.0,見送り(地合い🔴),,0.0,18.6,2.9,1.3,6478,6876.0,-2.8,1.4,86091,MA上昇配列 / パーフェクトオーダー
4443,Ｓａｎｓａｎ,情報・通信業,11.100000000000001,★☆☆☆☆,3.4,0.0,4.0,0.0,6.7,0.0,0.0,-3.0,見送り(地合い🔴),Microsoft,-14.4,42.3,5.0,19.5,1845,2051.0,14.6,1.2,3404,Microsoft+2.3%連動(β0.59) / MA上昇配列 / 伸びすぎ注意(25MA+19%)
4204,積水化学工業,化学,11.0,★☆☆☆☆,0.0,0.0,1.0,0.0,10.0,0.0,0.0,0.0,見送り(地合い🔴),,0.0,16.7,1.6,4.6,2672,2759.0,4.0,1.1,4743,MA上昇配列
7611,ハイデイ日高,小売業,11.0,★☆☆☆☆,0.0,0.0,6.3,0.0,4.7,0.0,0.0,0.0,見送り(地合い🔴),,0.0,27.3,2.0,9.9,2862,2984.0,7.5,1.5,588,買い出来高優勢
3498,霞ヶ関キャピタル,不動産業,11.0,★☆☆☆☆,0.0,0.0,3.0,0.0,8.0,0.0,0.0,0.0,見送り(地合い🔴),,0.0,19.6,4.5,7.3,6704,7370.0,6.7,0.7,3869,MA上昇配列
3480,ジェイ・エス・ビー,不動産業,11.0,★☆☆☆☆,0.0,0.0,0.0,0.0,11.0,0.0,0.0,0.0,見送り(地合い🔴),,0.0,10.6,0.5,0.3,8914,9010.0,0.0,0.4,515,MA上昇配列 / パーフェクトオーダー / 52週高値目前
4849,エン,サービス業,11.0,★☆☆☆☆,0.0,0.0,4.3,0.0,6.7,0.0,0.0,0.0,見送り(地合い🔴),,0.0,27.3,2.5,10.4,1262,1330.0,7.1,1.4,202,買い出来高優勢 / MA上昇配列
4507,塩野義製薬,医薬品,11.0,★☆☆☆☆,0.0,0.0,4.0,0.0,7.0,0.0,0.0,0.0,見送り(地合い🔴),,0.0,20.3,2.2,7.8,2934,3070.0,6.7,1.6,7244,-
2982,ＡＤワークスグループ,不動産業,11.0,★☆☆☆☆,0.0,0.0,2.0,0.0,9.0,0.0,0.0,0.0,見送り(地合い🔴),,0.0,15.0,2.4,2.3,394,414.0,-0.2,1.2,121,MA上昇配列
4751,サイバーエージェント,サービス業,11.0,★☆☆☆☆,0.0,0.0,3.0,0.0,8.0,0.0,0.0,0.0,見送り(地合い🔴),,0.0,25.9,3.1,9.0,1480,1576.0,11.6,1.5,6242,MA上昇配列
7014,名村造船所,輸送用機器,11.0,★☆☆☆☆,0.0,0.0,3.0,0.0,8.0,0.0,0.0,0.0,見送り(地合い🔴),,0.0,26.9,5.9,5.8,3650,4135.0,-0.6,1.4,5604,MA上昇配列
9699,ニシオホールディングス,サービス業,11.0,★☆☆☆☆,0.0,0.0,4.0,0.0,7.0,0.0,0.0,0.0,見送り(地合い🔴),,0.0,22.2,1.9,8.3,4219,4390.0,5.7,1.8,201,-
4768,大塚商会,情報・通信業,11.0,★☆☆☆☆,0.0,0.0,5.3,0.0,8.7,0.0,0.0,-3.0,見送り(地合い🔴),,0.0,33.6,2.6,16.4,3240,3421.0,13.6,1.6,4594,買い出来高優勢 / MA上昇配列 / 伸びすぎ注意(25MA+16%)
9543,静岡ガス,電気・ガス業,11.0,★☆☆☆☆,0.0,0.0,4.0,0.0,7.0,0.0,0.0,0.0,見送り(地合い🔴),,0.0,13.1,1.6,3.6,1247,1288.0,2.3,1.7,155,-
8001,伊藤忠商事,卸売業,11.0,★☆☆☆☆,0.0,0.0,4.3,0.0,6.7,0.0,0.0,0.0,見送り(地合い🔴),,0.0,20.4,1.9,7.2,1964,2043.0,4.0,1.4,26200,買い出来高優勢
9435,光通信,情報・通信業,11.0,★☆☆☆☆,0.0,0.0,4.0,0.0,7.0,0.0,0.0,0.0,見送り(地合い🔴),,0.0,23.7,2.3,9.2,38441,40270.0,8.0,1.6,3208,-
8273,イズミ,小売業,11.0,★☆☆☆☆,0.0,0.0,2.0,0.0,9.0,0.0,0.0,0.0,見送り(地合い🔴),,0.0,20.1,1.9,7.3,1015,1056.0,6.7,1.5,447,MA上昇配列
8227,しまむら,小売業,11.0,★☆☆☆☆,0.0,0.0,3.0,0.0,8.0,0.0,0.0,0.0,見送り(地合い🔴),,0.0,17.1,2.2,6.5,3417,3571.0,7.8,1.3,2583,MA上昇配列
4666,パーク２４,不動産業,11.0,★☆☆☆☆,0.0,0.0,2.0,0.0,9.0,0.0,0.0,0.0,見送り(地合い🔴),,0.0,13.0,2.1,2.9,1982,2068.0,4.8,1.4,1527,MA上昇配列
8185,チヨダ,小売業,11.0,★☆☆☆☆,0.0,0.0,3.0,0.0,8.0,0.0,0.0,0.0,見送り(地合い🔴),,0.0,14.9,1.2,3.5,998,1023.0,2.6,1.6,130,MA上昇配列
4343,イオンファンタジー,サービス業,11.0,★☆☆☆☆,0.0,0.0,3.0,0.0,8.0,0.0,0.0,0.0,見送り(地合い🔴),,0.0,16.5,2.7,4.8,2607,2753.0,4.6,1.6,168,MA上昇配列
2492,インフォマート,サービス業,11.0,★☆☆☆☆,3.0,0.0,3.0,0.0,10.0,0.0,0.0,-5.0,見送り(地合い🔴),Microsoft,-11.0,56.8,4.7,20.2,510,563.0,7.2,0.9,1613,Microsoft+2.3%連動(β0.51) / MA上昇配列 / パーフェクトオーダー / 過熱⚠25MA+20%
2433,博報堂ＤＹホールディングス,サービス業,11.0,★☆☆☆☆,0.0,0.0,5.3,0.0,8.7,0.0,0.0,-3.0,見送り(地合い🔴),,0.0,31.7,2.9,15.1,1313,1392.5,12.5,1.6,1036,買い出来高優勢 / MA上昇配列 / パーフェクトオーダー / 伸びすぎ注意(25MA+15%)
5105,ＴＯＹＯ　ＴＩＲＥ,ゴム製品,11.0,★☆☆☆☆,0.0,0.0,2.0,0.0,9.0,0.0,0.0,0.0,見送り(地合い🔴),,0.0,24.8,2.3,8.4,4078,4272.0,6.0,0.9,2829,MA上昇配列
2317,システナ,情報・通信業,11.0,★☆☆☆☆,0.0,0.0,5.3,0.0,5.7,0.0,0.0,0.0,見送り(地合い🔴),,0.0,25.1,1.9,9.5,438,455.0,7.8,1.7,403,買い出来高優勢
5406,神戸製鋼所,鉄鋼,11.0,★☆☆☆☆,0.0,0.0,4.0,0.0,7.0,0.0,0.0,0.0,見送り(地合い🔴),,0.0,20.9,2.0,7.7,1988,2072.0,4.4,1.7,4133,-
4431,スマレジ,情報・通信業,11.0,★☆☆☆☆,0.0,0.0,3.0,0.0,8.0,0.0,0.0,0.0,見送り(地合い🔴),,0.0,32.2,3.5,13.3,3065,3295.0,8.9,1.4,346,MA上昇配列
3231,野村不動産ホールディングス,不動産業,11.0,★☆☆☆☆,0.0,0.0,4.0,0.0,7.0,0.0,0.0,0.0,見送り(地合い🔴),,0.0,16.6,1.6,5.0,960,992.5999755859375,3.7,1.5,2795,-
1786,オリエンタル白石,建設業,11.0,★☆☆☆☆,0.0,0.0,2.0,0.0,9.0,0.0,0.0,0.0,見送り(地合い🔴),,0.0,21.2,2.1,5.9,359,374.0,3.0,1.2,182,MA上昇配列
3002,グンゼ,繊維製品,11.0,★☆☆☆☆,0.0,0.0,2.0,0.0,9.0,0.0,0.0,0.0,見送り(地合い🔴),,0.0,15.3,1.5,2.4,3942,4060.0,2.0,1.7,590,MA上昇配列
8276,平和堂,小売業,11.0,★☆☆☆☆,0.0,0.0,5.3,0.0,5.7,0.0,0.0,0.0,見送り(地合い🔴),,0.0,19.1,1.8,7.2,2655,2752.0,6.2,1.8,229,買い出来高優勢
9009,京成電鉄,陸運業,11.0,★☆☆☆☆,0.0,0.0,3.0,0.0,8.0,0.0,0.0,0.0,見送り(地合い🔴),,0.0,24.8,2.3,8.8,1269,1330.5,6.8,1.5,2336,MA上昇配列
3395,サンマルクホールディングス,小売業,11.0,★☆☆☆☆,0.0,0.0,4.0,0.0,7.0,0.0,0.0,0.0,見送り(地合い🔴),,0.0,16.5,1.6,4.8,2582,2668.0,4.5,1.8,158,-
9507,四国電力,電気・ガス業,11.0,★☆☆☆☆,0.0,0.0,4.0,0.0,7.0,0.0,0.0,0.0,見送り(地合い🔴),,0.0,19.4,1.9,6.5,1544,1605.5,5.1,1.9,816,-
4023,クレハ,化学,11.0,★☆☆☆☆,0.0,0.0,2.0,0.0,9.0,0.0,0.0,0.0,見送り(地合い🔴),,0.0,20.9,2.2,3.9,4081,4265.0,0.8,1.5,992,MA上昇配列
7269,スズキ,輸送用機器,11.0,★☆☆☆☆,0.0,0.0,2.0,0.0,9.0,0.0,0.0,0.0,見送り(地合い🔴),,0.0,19.9,2.5,5.5,2039,2145.5,4.4,1.1,15784,MA上昇配列
2153,Ｅ・Ｊホールディングス,サービス業,11.0,★☆☆☆☆,0.0,0.0,1.0,0.0,10.0,0.0,0.0,0.0,見送り(地合い🔴),,0.0,20.5,2.1,5.1,1705,1779.0,1.3,0.6,116,MA上昇配列
9025,鴻池運輸,陸運業,11.0,★☆☆☆☆,0.0,0.0,3.3,0.0,7.7,0.0,0.0,0.0,見送り(地合い🔴),,0.0,22.0,1.6,7.6,2926,3025.0,4.7,1.2,237,買い出来高優勢 / MA上昇配列
6814,古野電気,電気機器,11.0,★☆☆☆☆,0.0,0.0,3.0,0.0,8.0,0.0,0.0,0.0,見送り(地合い🔴),,0.0,32.5,6.5,4.2,6061,6960.0,-6.8,1.0,3974,資金流入増 / MA上昇配列
1899,福田組,建設業,11.0,★☆☆☆☆,0.0,0.0,4.0,0.0,7.0,0.0,0.0,0.0,見送り(地合い🔴),,0.0,14.8,2.7,2.4,3649,3860.0,0.5,1.8,156,-
1332,ニッスイ,水産・農林業,11.0,★☆☆☆☆,0.0,0.0,4.0,0.0,7.0,0.0,0.0,0.0,見送り(地合い🔴),,0.0,14.6,2.4,4.8,1277,1340.5,4.5,1.6,1905,-
1878,大東建託,不動産業,11.0,★☆☆☆☆,0.0,0.0,4.3,0.0,6.7,0.0,0.0,0.0,見送り(地合い🔴),,0.0,26.2,2.1,13.0,3452,3601.0,11.7,2.3,5329,出来高増2.3倍
9305,ヤマタネ,卸売業,11.0,★☆☆☆☆,0.0,0.0,4.3,0.0,6.7,0.0,0.0,0.0,見送り(地合い🔴),,0.0,18.1,1.5,4.6,2117,2182.0,2.9,1.3,133,買い出来高優勢 / MA上昇配列
9064,ヤマトホールディングス,陸運業,10.8,★☆☆☆☆,0.0,0.0,5.3,0.0,5.5,0.0,0.0,0.0,見送り(地合い🔴),,0.0,29.1,2.0,11.4,2091,2180.0,8.1,1.6,2570,買い出来高優勢 / MA上昇配列 / RSI過熱(86)⚠
4848,フルキャストホールディングス,サービス業,10.8,★☆☆☆☆,0.0,0.0,5.3,0.0,5.5,0.0,0.0,0.0,見送り(地合い🔴),,0.0,27.9,1.7,11.1,1715,1775.0,7.3,1.5,176,買い出来高優勢 / MA上昇配列 / RSI過熱(88)⚠
7313,テイ・エス　テック,輸送用機器,10.8,★☆☆☆☆,0.0,0.0,5.3,0.0,5.5,0.0,0.0,0.0,見送り(地合い🔴),,0.0,19.0,1.3,7.1,1841,1890.0,5.9,2.1,527,出来高増2.1倍 / RSI過熱(86)⚠
5110,住友ゴム工業,ゴム製品,10.7,★☆☆☆☆,0.0,0.0,3.0,0.0,7.7,0.0,0.0,0.0,見送り(地合い🔴),,0.0,21.7,2.9,5.3,2189,2322.0,5.2,1.3,4300,MA上昇配列
2267,ヤクルト本社,食料品,10.7,★☆☆☆☆,0.0,0.0,2.0,0.0,8.7,0.0,0.0,0.0,見送り(地合い🔴),,0.0,16.3,2.3,3.7,2779,2911.5,4.9,1.6,2993,MA上昇配列 / パーフェクトオーダー
9301,三菱倉庫,倉庫・運輸関連業,10.7,★☆☆☆☆,0.0,0.0,1.0,0.0,9.7,0.0,0.0,0.0,見送り(地合い🔴),,0.0,14.8,2.0,2.2,1548,1614.0,0.5,1.2,1404,MA上昇配列 / パーフェクトオーダー / 52週高値目前
5889,Ｊａｐａｎ　Ｅｙｅｗｅａｒ　Ｈｏｌｄｉｎｇｓ,小売業,10.7,★☆☆☆☆,0.0,0.0,2.0,0.0,8.7,0.0,0.0,0.0,見送り(地合い🔴),,0.0,19.2,3.1,6.3,2341,2495.0,3.5,1.1,332,MA上昇配列 / パーフェクトオーダー
6637,寺崎電気産業,電気機器,10.7,★☆☆☆☆,0.0,0.0,4.0,0.0,6.7,0.0,0.0,0.0,見送り(地合い🔴),,0.0,20.6,5.1,0.2,3334,3710.0,-6.1,1.5,211,MA上昇配列
9715,トランス・コスモス,サービス業,10.7,★☆☆☆☆,0.0,0.0,4.0,0.0,6.7,0.0,0.0,0.0,見送り(地合い🔴),,0.0,19.4,2.0,7.1,3767,3925.0,6.1,1.9,372,-
3817,ＳＲＡホールディングス,情報・通信業,10.7,★☆☆☆☆,0.0,0.0,2.0,0.0,7.0,0.0,1.7,0.0,見送り(地合い🔴),,0.0,18.1,2.2,5.4,4574,4785.0,4.2,1.0,199,開示[自己株式の取得](8日前) / 開示[自己株式の取得](12日前)
9506,東北電力,電気・ガス業,10.7,★☆☆☆☆,0.0,0.0,4.0,0.0,6.7,0.0,0.0,0.0,見送り(地合い🔴),,0.0,22.2,2.0,8.1,1144,1192.5,4.6,1.6,2749,MA上昇配列
2264,森永乳業,食料品,10.7,★☆☆☆☆,0.0,0.0,0.0,0.0,10.7,0.0,0.0,0.0,見送り(地合い🔴),,0.0,13.2,2.9,3.9,1228,1305.5,8.4,1.0,2474,MA上昇配列 / パーフェクトオーダー
9021,西日本旅客鉄道,陸運業,10.7,★☆☆☆☆,0.0,0.0,2.0,0.0,8.7,0.0,0.0,0.0,見送り(地合い🔴),,0.0,28.4,2.3,11.5,3074,3219.0,9.5,0.9,9582,MA上昇配列
7747,朝日インテック,精密機器,10.7,★☆☆☆☆,0.0,0.0,1.0,0.0,9.7,0.0,0.0,0.0,見送り(地合い🔴),,0.0,7.6,3.0,2.3,3482,3700.0,8.3,1.2,3707,MA上昇配列 / パーフェクトオーダー
8283,ＰＡＬＴＡＣ,卸売業,10.7,★☆☆☆☆,0.0,0.0,1.0,0.0,9.7,0.0,0.0,0.0,見送り(地合い🔴),,0.0,10.1,0.5,0.0,6570,6630.0,0.3,0.4,1314,MA上昇配列 / パーフェクトオーダー / 52週高値目前
3382,セブン＆アイ・ホールディングス,小売業,10.7,★☆☆☆☆,0.0,0.0,3.0,0.0,7.7,0.0,0.0,0.0,見送り(地合い🔴),,0.0,25.5,3.0,10.9,2122,2256.0,7.8,1.5,19654,MA上昇配列
8130,サンゲツ,卸売業,10.7,★☆☆☆☆,0.0,0.0,2.0,0.0,8.7,0.0,0.0,0.0,見送り(地合い🔴),,0.0,16.2,1.3,4.9,3065,3145.0,3.8,1.0,564,MA上昇配列
4169,ＥＮＥＣＨＡＮＧＥ,情報・通信業,10.6,★☆☆☆☆,0.0,0.0,2.0,0.0,6.0,0.0,2.6,0.0,見送り(地合い🔴),,0.0,26.4,5.3,4.0,193,216.0,-5.3,0.8,167,開示[子会社化](5日前) / 開示[子会社化](5日前)
3360,シップヘルスケアホールディングス,卸売業,10.5,★☆☆☆☆,0.0,0.0,3.0,0.0,7.5,0.0,0.0,0.0,見送り(地合い🔴),,0.0,28.6,1.8,11.7,2473,2565.0,8.3,1.5,567,MA上昇配列 / RSI過熱(90)⚠
2664,カワチ薬品,小売業,10.5,★☆☆☆☆,0.0,0.0,1.0,0.0,9.5,0.0,0.0,0.0,見送り(地合い🔴),,0.0,9.9,1.8,1.8,3349,3475.0,3.4,1.4,150,MA上昇配列 / パーフェクトオーダー
6309,巴工業,機械,10.5,★☆☆☆☆,0.0,0.0,2.0,0.0,8.5,0.0,0.0,0.0,見送り(地合い🔴),,0.0,16.8,2.1,2.5,1829,1908.0,1.0,1.1,215,MA上昇配列 / パーフェクトオーダー
4634,ａｒｔｉｅｎｃｅ,化学,10.5,★☆☆☆☆,0.0,0.0,1.0,0.0,9.5,0.0,0.0,0.0,見送り(地合い🔴),,0.0,14.3,2.3,2.1,4281,4490.0,-2.1,1.2,609,MA上昇配列 / パーフェクトオーダー
150A,ＪＳＨ,サービス業,10.5,★☆☆☆☆,0.0,0.0,5.0,0.0,5.5,0.0,0.0,0.0,見送り(地合い🔴),,0.0,39.9,14.5,5.6,322,454.0,-34.9,1.3,369,資金流入増 / MA上昇配列
4722,フューチャー,情報・通信業,10.5,★☆☆☆☆,0.0,0.0,5.3,0.0,10.2,0.0,0.0,-5.0,見送り(地合い🔴),,0.0,65.7,6.0,26.6,2096,2382.0,8.0,0.8,1720,買い出来高優勢 / 資金流入増 / MA上昇配列 / 52週高値目前 / 過熱⚠25MA+27%
4419,Ｆｉｎａｔｅｘｔホールディングス,情報・通信業,10.5,★☆☆☆☆,0.0,0.0,1.0,0.0,9.5,0.0,0.0,0.0,見送り(地合い🔴),,0.0,28.1,5.3,5.9,1434,1603.0,1.1,0.9,843,MA上昇配列 / パーフェクトオーダー
2874,横浜冷凍,卸売業,10.5,★☆☆☆☆,0.0,0.0,2.0,0.0,8.5,0.0,0.0,0.0,見送り(地合い🔴),,0.0,15.0,5.0,3.5,1968,2184.0,-2.5,1.0,453,MA上昇配列 / パーフェクトオーダー
4812,電通総研,情報・通信業,10.5,★☆☆☆☆,0.0,0.0,3.0,0.0,7.5,0.0,0.0,0.0,見送り(地合い🔴),,0.0,37.9,1.5,8.2,2651,2733.0,2.5,0.9,1925,資金流入増 / MA上昇配列
2670,エービーシー・マート,小売業,10.5,★☆☆☆☆,0.0,0.0,3.0,0.0,7.5,0.0,0.0,0.0,見送り(地合い🔴),,0.0,11.9,3.0,4.0,2680,2848.0,8.4,1.1,2770,MA上昇配列 / パーフェクトオーダー
4523,エーザイ,医薬品,10.4,★☆☆☆☆,0.0,0.0,6.7,0.0,6.7,0.0,0.0,-3.0,見送り(地合い🔴),,0.0,34.3,2.5,17.4,4859,5110.0,12.3,2.1,7647,出来高増2.1倍 / 買い出来高優勢 / MA上昇配列 / 伸びすぎ注意(25MA+17%)
8914,エリアリンク,不動産業,10.399999999999999,★☆☆☆☆,0.0,0.0,8.7,0.0,4.7,0.0,0.0,-3.0,見送り(地合い🔴),,0.0,32.6,3.9,15.9,927,1005.0,13.3,2.6,159,出来高増2.6倍 / 買い出来高優勢 / 資金流入増 / 伸びすぎ注意(25MA+16%)
5161,西川ゴム工業,ゴム製品,10.3,★☆☆☆☆,0.0,0.0,4.3,0.0,6.0,0.0,0.0,0.0,見送り(地合い🔴),,0.0,17.4,1.6,3.8,3116,3220.0,1.9,1.3,305,買い出来高優勢
3765,ガンホー・オンライン・エンターテイメント,情報・通信業,10.3,★☆☆☆☆,0.0,0.0,4.3,0.0,6.0,0.0,0.0,0.0,見送り(地合い🔴),,0.0,25.7,2.2,8.6,2419,2529.0,9.6,1.5,542,買い出来高優勢
1944,きんでん,建設業,10.3,★☆☆☆☆,0.0,6.0,3.3,0.0,1.0,0.0,0.0,0.0,見送り(地合い🔴),,0.0,0.9,3.9,-6.3,6636,7202.0,-1.9,2.7,5478,AIデータセンター・電力(-5.4%) / 出来高増2.7倍
3659,ネクソン,情報・通信業,10.3,★☆☆☆☆,0.0,0.0,4.3,0.0,6.0,0.0,0.0,0.0,見送り(地合い🔴),,0.0,31.0,2.8,14.2,2446,2590.5,16.2,1.4,5363,買い出来高優勢
9534,北海道瓦斯,電気・ガス業,10.3,★☆☆☆☆,0.0,0.0,3.3,0.0,7.0,0.0,0.0,0.0,見送り(地合い🔴),,0.0,15.1,1.7,3.3,764,791.0,0.9,0.8,104,買い出来高優勢
4661,オリエンタルランド,サービス業,10.3,★☆☆☆☆,0.0,0.0,5.3,0.0,8.0,0.0,0.0,-3.0,見送り(地合い🔴),,0.0,31.9,3.4,15.6,2824,3030.0,13.3,2.0,17342,買い出来高優勢 / MA上昇配列 / 伸びすぎ注意(25MA+16%)
7942,ＪＳＰ,化学,10.3,★☆☆☆☆,0.0,0.0,4.3,0.0,6.0,0.0,0.0,0.0,見送り(地合い🔴),,0.0,10.3,2.2,0.3,2384,2493.0,0.0,2.3,107,出来高増2.3倍
2395,新日本科学,サービス業,10.3,★☆☆☆☆,0.0,0.0,4.3,0.0,6.0,0.0,0.0,0.0,見送り(地合い🔴),,0.0,25.8,2.7,8.0,1261,1333.0,3.0,1.2,275,買い出来高優勢
4258,網屋,情報・通信業,10.3,★☆☆☆☆,0.0,0.0,4.3,0.0,6.0,0.0,0.0,0.0,見送り(地合い🔴),,0.0,36.6,5.7,6.5,3927,4430.0,3.1,0.9,297,買い出来高優勢 / MA上昇配列 / パーフェクトオーダー
8005,スクロール,小売業,10.2,★☆☆☆☆,0.0,0.0,2.0,0.0,8.2,0.0,0.0,0.0,見送り(地合い🔴),,0.0,16.2,1.4,1.9,1677,1725.0,0.2,1.0,264,MA上昇配列 / パーフェクトオーダー
8609,岡三証券グループ,証券、商品先物取引業,10.2,★☆☆☆☆,0.0,0.0,2.0,0.0,8.2,0.0,0.0,0.0,見送り(地合い🔴),,0.0,18.0,2.8,2.0,976,1034.0,-2.8,1.2,407,MA上昇配列 / パーフェクトオーダー
6954,ファナック,電気機器,10.2,★☆☆☆☆,0.0,6.0,3.0,0.0,1.2,0.0,0.0,0.0,見送り(地合い🔴),,0.0,-1.9,4.9,-7.5,5828,6463.0,-6.0,1.8,38910,ロボット(-12.7%)
5101,横浜ゴム,ゴム製品,10.2,★☆☆☆☆,0.0,0.0,2.0,0.0,8.2,0.0,0.0,0.0,見送り(地合い🔴),,0.0,15.8,3.6,0.9,7096,7648.0,-0.7,0.9,6681,MA上昇配列 / パーフェクトオーダー
8334,群馬銀行,銀行業,10.2,★☆☆☆☆,0.0,0.0,2.0,0.0,8.2,0.0,0.0,0.0,見送り(地合い🔴),,0.0,17.4,3.2,1.2,2347,2510.0,-2.9,1.1,2332,MA上昇配列 / パーフェクトオーダー
7327,第四北越フィナンシャルグループ,銀行業,10.2,★☆☆☆☆,0.0,0.0,2.0,0.0,8.2,0.0,0.0,0.0,見送り(地合い🔴),,0.0,16.7,3.1,0.9,2129,2268.0,-2.5,1.2,1803,MA上昇配列 / パーフェクトオーダー
3989,シェアリングテクノロジー,情報・通信業,10.2,★☆☆☆☆,0.0,0.0,2.0,0.0,8.2,0.0,0.0,0.0,見送り(地合い🔴),,0.0,10.7,3.1,3.6,1318,1405.0,-1.1,1.2,322,MA上昇配列 / パーフェクトオーダー
3697,ＳＨＩＦＴ,情報・通信業,10.2,★☆☆☆☆,3.5,0.0,5.0,0.0,6.7,0.0,0.0,-5.0,見送り(地合い🔴),Microsoft,-26.0,51.2,5.7,31.4,842,950.0,23.9,1.6,7104,Microsoft+2.3%連動(β0.61) / MA上昇配列 / 過熱⚠25MA+31% / 開示[業績予想の修正](14日前)
8524,北洋銀行,銀行業,10.2,★☆☆☆☆,0.0,0.0,2.0,0.0,8.2,0.0,0.0,0.0,見送り(地合い🔴),,0.0,15.6,4.1,1.1,1077,1174.0,-2.2,1.2,2212,MA上昇配列 / パーフェクトオーダー
4220,リケンテクノス,化学,10.2,★☆☆☆☆,0.0,0.0,2.0,0.0,8.2,0.0,0.0,0.0,見送り(地合い🔴),,0.0,16.3,2.9,0.5,1682,1787.0,-2.0,0.9,185,MA上昇配列 / パーフェクトオーダー
7447,ナガイレーベン,卸売業,10.0,★☆☆☆☆,0.0,0.0,2.0,0.0,8.0,0.0,0.0,0.0,見送り(地合い🔴),,0.0,15.5,1.5,6.1,1785,1841.0,5.1,1.8,116,MA上昇配列
9024,西武ホールディングス,陸運業,10.0,★☆☆☆☆,0.0,0.0,2.0,0.0,8.0,0.0,0.0,0.0,見送り(地合い🔴),,0.0,28.8,3.2,9.2,3520,3761.0,6.2,0.8,6365,MA上昇配列
9023,東京地下鉄,陸運業,10.0,★☆☆☆☆,0.0,0.0,4.0,0.0,6.0,0.0,0.0,0.0,見送り(地合い🔴),,0.0,17.0,2.0,5.0,1458,1518.0,4.9,1.9,3239,-
2292,Ｓ　Ｆｏｏｄｓ,食料品,10.0,★☆☆☆☆,0.0,0.0,3.0,0.0,7.0,0.0,0.0,0.0,見送り(地合い🔴),,0.0,19.4,1.9,6.0,2775,2884.0,4.5,1.1,500,-
8804,東京建物,不動産業,10.0,★☆☆☆☆,0.0,0.0,1.0,0.0,9.0,0.0,0.0,0.0,見送り(地合い🔴),,0.0,17.3,2.3,4.4,3364,3528.0,1.3,1.0,3361,MA上昇配列
7832,バンダイナムコホールディングス,その他製品,10.0,★☆☆☆☆,0.0,0.0,5.3,0.0,7.7,0.0,0.0,-3.0,見送り(地合い🔴),,0.0,35.7,2.8,17.1,4482,4747.0,15.9,2.0,9715,出来高増2.0倍 / MA上昇配列 / 伸びすぎ注意(25MA+17%)
3289,東急不動産ホールディングス,不動産業,10.0,★☆☆☆☆,0.0,0.0,3.0,0.0,7.0,0.0,0.0,0.0,見送り(地合い🔴),,0.0,18.4,1.8,6.1,1351,1402.0,4.7,1.3,3671,-
2695,くら寿司,小売業,10.0,★☆☆☆☆,0.0,0.0,4.0,0.0,6.0,0.0,0.0,0.0,見送り(地合い🔴),,0.0,15.1,1.9,4.9,1621,1685.0,4.9,1.7,416,-
8278,フジ,小売業,10.0,★☆☆☆☆,0.0,0.0,4.0,0.0,6.0,0.0,0.0,0.0,見送り(地合い🔴),,0.0,16.0,2.0,5.8,2018,2102.0,5.7,1.6,211,-
5831,しずおかフィナンシャルグループ,銀行業,10.0,★☆☆☆☆,0.0,0.0,3.0,0.0,7.0,0.0,0.0,0.0,見送り(地合い🔴),,0.0,17.9,3.3,0.6,3042,3257.0,-2.4,1.4,5939,MA上昇配列 / パーフェクトオーダー
9627,アインホールディングス,小売業,10.0,★☆☆☆☆,0.0,0.0,5.3,0.0,4.7,0.0,0.0,0.0,見送り(地合い🔴),,0.0,24.2,2.4,10.7,6005,6304.0,7.8,1.6,837,買い出来高優勢
4686,ジャストシステム,情報・通信業,10.0,★☆☆☆☆,0.0,0.0,2.0,0.0,8.0,0.0,0.0,0.0,見送り(地合い🔴),,0.0,21.3,2.4,6.8,3869,4065.0,8.8,1.3,329,MA上昇配列
9946,ミニストップ,小売業,10.0,★☆☆☆☆,0.0,0.0,3.0,0.0,7.0,0.0,0.0,0.0,見送り(地合い🔴),,0.0,11.2,1.4,2.7,1830,1883.0,3.1,1.3,124,-
7733,オリンパス,精密機器,10.0,★☆☆☆☆,0.0,0.0,2.0,0.0,8.0,0.0,0.0,0.0,見送り(地合い🔴),,0.0,19.8,2.5,6.8,1770,1862.5,7.9,1.5,7218,MA上昇配列
4985,アース製薬,化学,10.0,★☆☆☆☆,0.0,0.0,2.0,0.0,8.0,0.0,0.0,0.0,見送り(地合い🔴),,0.0,14.0,1.7,3.1,4700,4865.0,4.6,1.5,317,MA上昇配列
9418,Ｕ－ＮＥＸＴ　ＨＯＬＤＩＮＧＳ,情報・通信業,10.0,★☆☆☆☆,0.0,0.0,2.0,0.0,8.0,0.0,0.0,0.0,見送り(地合い🔴),,0.0,19.1,2.4,6.7,1709,1795.0,7.5,1.4,1056,MA上昇配列
9887,松屋フーズホールディングス,小売業,10.0,★☆☆☆☆,0.0,0.0,4.0,0.0,6.0,0.0,0.0,0.0,見送り(地合い🔴),,0.0,20.6,2.3,7.9,5030,5270.0,7.4,1.7,302,-
5411,ＪＦＥホールディングス,鉄鋼,10.0,★☆☆☆☆,0.0,0.0,5.3,0.0,4.7,0.0,0.0,0.0,見送り(地合い🔴),,0.0,29.9,2.1,12.7,1790,1867.5,8.9,1.9,9145,買い出来高優勢
3911,Ａｉｍｉｎｇ,情報・通信業,10.0,★☆☆☆☆,0.0,0.0,2.0,0.0,8.0,0.0,0.0,0.0,見送り(地合い🔴),,0.0,16.4,3.2,2.8,192,205.0,1.5,1.6,112,MA上昇配列
4922,コーセーホールディングス,化学,10.0,★☆☆☆☆,0.0,0.0,5.3,0.0,4.7,0.0,0.0,0.0,見送り(地合い🔴),,0.0,30.5,2.5,12.7,5743,6039.0,10.4,1.5,1515,買い出来高優勢
9101,日本郵船,海運業,10.0,★☆☆☆☆,0.0,0.0,3.3,0.0,6.7,0.0,0.0,0.0,見送り(地合い🔴),,0.0,28.0,2.3,11.5,5856,6141.0,5.6,1.0,15383,買い出来高優勢
8331,千葉銀行,銀行業,10.0,★☆☆☆☆,0.0,0.0,3.0,0.0,7.0,0.0,0.0,0.0,見送り(地合い🔴),,0.0,19.1,3.4,1.3,2502,2685.5,-0.8,1.2,6864,MA上昇配列 / パーフェクトオーダー
1808,長谷工コーポレーション,建設業,10.0,★☆☆☆☆,0.0,0.0,1.0,0.0,9.0,0.0,0.0,0.0,見送り(地合い🔴),,0.0,12.3,2.1,3.2,2779,2902.5,3.2,1.3,2394,MA上昇配列
1911,住友林業,建設業,10.0,★☆☆☆☆,0.0,0.0,2.0,0.0,8.0,0.0,0.0,0.0,見送り(地合い🔴),,0.0,14.4,2.2,4.4,1346,1406.5,6.0,1.3,4329,MA上昇配列
9843,ニトリホールディングス,小売業,10.0,★☆☆☆☆,0.0,0.0,4.0,0.0,6.0,0.0,0.0,0.0,見送り(地合い🔴),,0.0,23.3,3.2,12.2,2557,2731.0,14.8,1.7,7612,-
4568,第一三共,医薬品,10.0,★☆☆☆☆,0.0,0.0,2.0,0.0,8.0,0.0,0.0,0.0,見送り(地合い🔴),,0.0,20.9,2.3,6.6,2752,2886.5,4.5,1.0,17203,MA上昇配列
2749,ＪＰホールディングス,サービス業,10.0,★☆☆☆☆,0.0,0.0,4.3,0.0,5.7,0.0,0.0,0.0,見送り(地合い🔴),,0.0,22.3,1.5,6.9,632,652.0,5.3,1.2,138,買い出来高優勢
3415,ＴＯＫＹＯ　ＢＡＳＥ,小売業,10.0,★☆☆☆☆,0.0,0.0,3.3,0.0,6.7,0.0,0.0,0.0,見送り(地合い🔴),,0.0,30.7,4.9,6.7,372,412.0,-2.6,0.9,354,買い出来高優勢 / MA上昇配列
8111,ゴールドウイン,繊維製品,10.0,★☆☆☆☆,0.0,0.0,2.0,0.0,8.0,0.0,0.0,0.0,見送り(地合い🔴),,0.0,21.8,1.9,7.3,2336,2426.0,6.3,1.2,908,MA上昇配列
8154,加賀電子,卸売業,10.0,★☆☆☆☆,0.0,0.0,3.0,0.0,7.0,0.0,0.0,0.0,見送り(地合い🔴),,0.0,12.6,2.9,1.5,4054,4305.0,1.4,1.3,626,-
5930,文化シヤッター,金属製品,10.0,★☆☆☆☆,0.0,0.0,2.0,0.0,8.0,0.0,0.0,0.0,見送り(地合い🔴),,0.0,13.0,1.8,2.5,1900,1972.0,2.1,1.8,155,MA上昇配列
8801,三井不動産,不動産業,10.0,★☆☆☆☆,0.0,0.0,4.0,0.0,6.0,0.0,0.0,0.0,見送り(地合い🔴),,0.0,18.8,2.0,5.9,1561,1627.0,4.5,1.7,12606,-
8002,丸紅,卸売業,10.0,★☆☆☆☆,0.0,0.0,3.0,0.0,7.0,0.0,0.0,0.0,見送り(地合い🔴),,0.0,21.2,3.0,4.3,4891,5205.0,-1.0,1.6,22373,-
8818,京阪神ビルディング,不動産業,10.0,★☆☆☆☆,0.0,0.0,3.0,0.0,7.0,0.0,0.0,0.0,見送り(地合い🔴),,0.0,13.5,2.5,1.0,1061,1118.0,1.2,0.9,468,MA上昇配列 / パーフェクトオーダー
7241,フタバ産業,輸送用機器,10.0,★☆☆☆☆,0.0,0.0,2.0,0.0,8.0,0.0,0.0,0.0,見送り(地合い🔴),,0.0,20.7,1.8,5.8,1001,1038.0,1.9,1.1,239,-
9513,電源開発,電気・ガス業,10.0,★☆☆☆☆,0.0,0.0,3.0,0.0,7.0,0.0,0.0,0.0,見送り(地合い🔴),,0.0,15.3,1.9,4.0,3701,3849.0,1.2,1.4,2391,-
9509,北海道電力,電気・ガス業,10.0,★☆☆☆☆,0.0,0.0,2.0,0.0,8.0,0.0,0.0,0.0,見送り(地合い🔴),,0.0,21.2,2.5,5.3,977,1028.5,1.0,1.1,2160,MA上昇配列
2379,ディップ,サービス業,10.0,★☆☆☆☆,0.0,0.0,2.0,0.0,8.0,0.0,0.0,0.0,見送り(地合い🔴),,0.0,12.4,2.2,4.7,1819,1905.0,5.5,1.5,633,MA上昇配列
299A,クラシル,サービス業,10.0,★☆☆☆☆,0.0,0.0,2.0,0.0,8.0,0.0,0.0,0.0,見送り(地合い🔴),,0.0,23.0,4.6,7.2,984,1083.0,2.9,0.9,141,MA上昇配列
4475,ＨＥＮＮＧＥ,情報・通信業,10.0,★☆☆☆☆,0.0,0.0,2.0,0.0,8.0,0.0,0.0,0.0,見送り(地合い🔴),,0.0,27.0,3.7,8.0,1231,1330.0,-0.3,0.8,485,MA上昇配列
2354,ＹＥ　ＤＩＧＩＴＡＬ,情報・通信業,10.0,★☆☆☆☆,0.0,0.0,5.0,0.0,10.0,0.0,0.0,-5.0,見送り(地合い🔴),,0.0,79.7,12.5,33.2,989,1320.0,8.2,1.4,3059,資金流入増 / MA上昇配列 / パーフェクトオーダー / 過熱⚠25MA+33%
8016,オンワードホールディングス,繊維製品,10.0,★☆☆☆☆,0.0,0.0,2.0,0.0,8.0,0.0,0.0,0.0,見送り(地合い🔴),,0.0,16.3,1.8,4.2,741,769.0,3.6,1.1,582,-
7211,三菱自動車工業,輸送用機器,10.0,★☆☆☆☆,0.0,0.0,2.0,0.0,8.0,0.0,0.0,0.0,見送り(地合い🔴),,0.0,35.8,5.6,12.2,348,391.79998779296875,2.1,1.0,5936,MA上昇配列
4521,科研製薬,医薬品,10.0,★☆☆☆☆,0.0,0.0,4.3,0.0,5.7,0.0,0.0,0.0,見送り(地合い🔴),,0.0,14.0,1.3,3.5,3887,3990.0,2.6,2.7,422,出来高増2.7倍
9790,福井コンピュータホールディングス,情報・通信業,10.0,★☆☆☆☆,0.0,0.0,4.0,0.0,6.0,0.0,0.0,0.0,見送り(地合い🔴),,0.0,16.2,2.0,4.0,3133,3260.0,4.3,1.9,111,-
7476,アズワン,卸売業,10.0,★☆☆☆☆,0.0,0.0,3.3,0.0,6.7,0.0,0.0,0.0,見送り(地合い🔴),,0.0,24.2,2.0,8.0,2479,2581.0,5.0,1.1,400,買い出来高優勢 / MA上昇配列
4559,ゼリア新薬工業,医薬品,10.0,★☆☆☆☆,0.0,0.0,3.0,0.0,7.0,0.0,0.0,0.0,見送り(地合い🔴),,0.0,17.4,1.7,5.7,2114,2187.0,3.7,1.4,181,-
1515,日鉄鉱業,鉱業,10.0,★☆☆☆☆,0.0,0.0,2.0,0.0,8.0,0.0,0.0,0.0,見送り(地合い🔴),,0.0,27.6,5.6,5.8,2396,2700.0,-4.1,1.5,1503,MA上昇配列
1301,極洋,水産・農林業,10.0,★☆☆☆☆,0.0,0.0,3.0,0.0,7.0,0.0,0.0,0.0,見送り(地合い🔴),,0.0,17.1,1.4,4.2,4536,4670.0,3.0,1.4,181,-
3661,エムアップホールディングス,情報・通信業,10.0,★☆☆☆☆,0.0,0.0,2.0,0.0,8.0,0.0,0.0,0.0,見送り(地合い🔴),,0.0,22.7,2.8,9.6,759,805.0,9.8,1.1,520,MA上昇配列
3064,ＭｏｎｏｔａＲＯ,小売業,10.0,★☆☆☆☆,0.0,0.0,2.0,0.0,8.0,0.0,0.0,0.0,見送り(地合い🔴),,0.0,22.4,3.1,9.3,1954,2081.5,11.7,1.6,4354,MA上昇配列
9308,乾汽船,海運業,9.8,★☆☆☆☆,0.0,0.0,5.3,0.0,7.5,0.0,0.0,-3.0,見送り(地合い🔴),,0.0,40.9,3.3,17.3,1751,1875.0,11.5,1.4,181,買い出来高優勢 / MA上昇配列 / パーフェクトオーダー / RSI過熱(90)⚠ / 伸びすぎ注意(25MA+17%)
1925,大和ハウス工業,建設業,9.7,★☆☆☆☆,0.0,0.0,4.0,0.0,5.7,0.0,0.0,0.0,見送り(地合い🔴),,0.0,21.4,1.8,7.9,4734,4909.0,6.6,1.5,9213,-
6849,日本光電工業,電気機器,9.7,★☆☆☆☆,0.0,0.0,3.0,0.0,6.7,0.0,0.0,0.0,見送り(地合い🔴),,0.0,26.4,1.9,9.9,1595,1659.0,7.5,1.3,977,MA上昇配列
5929,三和ホールディングス,金属製品,9.7,★☆☆☆☆,0.0,0.0,3.0,0.0,6.7,0.0,0.0,0.0,見送り(地合い🔴),,0.0,14.6,1.7,4.7,3818,3953.0,5.0,1.6,2029,MA上昇配列
2157,コシダカホールディングス,サービス業,9.7,★☆☆☆☆,0.0,0.0,3.0,0.0,6.7,0.0,0.0,0.0,見送り(地合い🔴),,0.0,24.4,2.5,8.8,1042,1096.0,3.8,1.2,596,MA上昇配列
8219,青山商事,小売業,9.7,★☆☆☆☆,0.0,0.0,4.0,0.0,5.7,0.0,0.0,0.0,見送り(地合い🔴),,0.0,21.0,1.6,7.1,738,762.0,5.8,1.5,436,-
4434,サーバーワークス,情報・通信業,9.7,★☆☆☆☆,0.0,0.0,8.7,0.0,6.0,0.0,0.0,-5.0,見送り(地合い🔴),,0.0,32.8,4.9,20.6,2139,2372.0,29.4,2.9,134,出来高増2.9倍 / 買い出来高優勢 / 資金流入増 / 過熱⚠25MA+21%
7921,ＴＡＫＡＲＡ　＆　ＣＯＭＰＡＮＹ,その他製品,9.7,★☆☆☆☆,0.0,0.0,4.0,0.0,8.7,0.0,0.0,-3.0,見送り(地合い🔴),,0.0,52.0,3.5,16.7,4231,4550.0,3.5,0.9,287,資金流入増 / MA上昇配列 / 伸びすぎ注意(25MA+17%)
8020,兼松,卸売業,9.7,★☆☆☆☆,0.0,0.0,4.0,0.0,5.7,0.0,0.0,0.0,見送り(地合い🔴),,0.0,11.5,2.0,0.0,2004,2088.5,-1.9,1.6,920,-
2220,亀田製菓,食料品,9.7,★☆☆☆☆,0.0,0.0,4.0,0.0,5.7,0.0,0.0,0.0,見送り(地合い🔴),,0.0,16.4,2.0,4.2,1246,1299.0,4.8,1.9,219,-
7606,ユナイテッドアローズ,小売業,9.7,★☆☆☆☆,0.0,0.0,3.0,0.0,6.7,0.0,0.0,0.0,見送り(地合い🔴),,0.0,15.9,1.8,3.5,2426,2517.0,4.6,1.3,448,-
4174,アピリッツ,情報・通信業,9.5,★☆☆☆☆,0.0,0.0,2.0,0.0,7.5,0.0,0.0,0.0,見送り(地合い🔴),,0.0,20.3,8.1,2.4,613,731.5,-0.9,0.1,108,資金流入増 / MA上昇配列 / パーフェクトオーダー
3769,ＧＭＯペイメントゲートウェイ,情報・通信業,9.5,★☆☆☆☆,0.0,0.0,4.0,0.0,5.5,0.0,0.0,0.0,見送り(地合い🔴),,0.0,20.8,3.1,7.6,9637,10265.0,7.9,1.5,2425,MA上昇配列
9697,カプコン,情報・通信業,9.5,★☆☆☆☆,0.0,0.0,8.0,0.0,6.5,0.0,0.0,-5.0,見送り(地合い🔴),,0.0,50.6,3.5,28.6,3932,4229.0,25.8,7.8,10880,出来高急増7.8倍 / 買い出来高優勢 / MA上昇配列 / RSI過熱(86)⚠ / 過熱⚠25MA+29%
5938,ＬＩＸＩＬ,金属製品,9.5,★☆☆☆☆,0.0,0.0,4.0,0.0,5.5,0.0,0.0,0.0,見送り(地合い🔴),,0.0,17.3,2.0,4.6,1856,1931.0,5.5,1.7,3731,MA上昇配列
4527,ロート製薬,医薬品,9.5,★☆☆☆☆,0.0,0.0,5.3,0.0,4.2,0.0,0.0,0.0,見送り(地合い🔴),,0.0,16.0,2.5,4.4,2399,2524.5,6.1,2.4,2404,出来高増2.4倍 / MA上昇配列
6333,ＴＥＩＫＯＫＵ,機械,9.5,★☆☆☆☆,0.0,0.0,2.0,0.0,7.5,0.0,0.0,0.0,見送り(地合い🔴),,0.0,13.9,2.8,2.1,3053,3235.0,1.1,1.2,112,MA上昇配列
5805,ＳＷＣＣ,非鉄金属,9.5,★☆☆☆☆,0.0,6.0,2.0,0.0,1.5,0.0,0.0,0.0,見送り(地合い🔴),,0.0,-12.0,6.1,-12.5,9203,10470.0,-6.7,1.7,4554,光通信・電線(-15.9%)
7956,ピジョン,その他製品,9.5,★☆☆☆☆,0.0,0.0,3.3,0.0,6.2,0.0,0.0,0.0,見送り(地合い🔴),,0.0,11.8,2.0,3.4,2019,2102.5,5.4,2.4,1870,出来高増2.4倍 / MA上昇配列 / パーフェクトオーダー
3139,ラクト・ジャパン,卸売業,9.5,★☆☆☆☆,0.0,0.0,4.3,0.0,5.2,0.0,0.0,0.0,見送り(地合い🔴),,0.0,17.4,1.6,3.1,3404,3515.0,0.1,1.4,107,買い出来高優勢 / MA上昇配列
7936,アシックス,その他製品,9.5,★☆☆☆☆,0.0,0.0,0.0,0.0,9.5,0.0,0.0,0.0,見送り(地合い🔴),,0.0,19.9,3.3,2.5,4486,4800.0,1.0,1.1,15164,MA上昇配列 / パーフェクトオーダー
3962,チェンジホールディングス,情報・通信業,9.5,★☆☆☆☆,0.0,0.0,4.0,0.0,5.5,0.0,0.0,0.0,見送り(地合い🔴),,0.0,16.5,2.3,2.9,915,960.0,2.0,1.8,269,MA上昇配列
3968,セグエグループ,情報・通信業,9.5,★☆☆☆☆,0.0,0.0,4.0,0.0,5.5,0.0,0.0,0.0,見送り(地合い🔴),,0.0,17.0,2.9,3.1,568,603.0,2.6,1.6,151,MA上昇配列
9166,ＧＥＮＤＡ,サービス業,9.5,★☆☆☆☆,0.0,0.0,1.0,0.0,5.5,0.0,3.0,0.0,見送り(地合い🔴),,0.0,7.9,4.0,0.7,536,583.0,0.7,0.8,845,MA上昇配列 / 開示[資本業務提携](0日前)
9902,日伝,卸売業,9.5,★☆☆☆☆,0.0,0.0,2.0,0.0,7.5,0.0,0.0,0.0,見送り(地合い🔴),,0.0,18.9,2.0,3.4,2684,2796.0,-0.5,1.0,222,MA上昇配列 / パーフェクトオーダー
1814,大末建設,建設業,9.5,★☆☆☆☆,0.0,0.0,5.3,0.0,4.2,0.0,0.0,0.0,見送り(地合い🔴),,0.0,16.6,2.8,1.1,3295,3490.0,-3.6,2.1,269,出来高増2.1倍 / MA上昇配列
9621,建設技術研究所,サービス業,9.5,★☆☆☆☆,0.0,0.0,3.0,0.0,6.5,0.0,0.0,0.0,見送り(地合い🔴),,0.0,14.9,2.0,2.2,2859,2976.0,1.2,1.7,135,MA上昇配列
2767,円谷フィールズホールディングス,卸売業,9.5,★☆☆☆☆,0.0,0.0,9.0,0.0,5.5,0.0,0.0,-5.0,見送り(地合い🔴),,0.0,78.1,3.9,56.7,2149,2330.0,60.1,9.2,977,出来高急増9.2倍 / 買い出来高優勢 / MA上昇配列 / RSI過熱(93)⚠ / 過熱⚠25MA+57%
7102,日本車輌製造,輸送用機器,9.4,★☆☆☆☆,0.0,0.0,5.7,0.0,3.7,0.0,0.0,0.0,見送り(地合い🔴),,0.0,19.3,4.1,-0.3,3152,3435.0,-6.0,4.5,189,出来高急増4.5倍
6460,セガサミーホールディングス,機械,9.4,★☆☆☆☆,0.0,0.0,6.7,0.0,7.7,0.0,0.0,-5.0,見送り(地合い🔴),,0.0,42.6,3.0,20.9,2744,2921.5,18.8,2.3,2335,出来高増2.3倍 / 買い出来高優勢 / MA上昇配列 / 過熱⚠25MA+21%
1942,関電工,建設業,9.3,★☆☆☆☆,0.0,6.0,3.3,0.0,0.0,0.0,0.0,0.0,見送り(地合い🔴),,0.0,-6.5,4.1,-11.8,5139,5596.0,-6.1,2.8,5753,AIデータセンター・電力(-5.4%) / 出来高増2.8倍
8877,エスリード,不動産業,9.3,★☆☆☆☆,0.0,0.0,3.3,0.0,6.0,0.0,0.0,0.0,見送り(地合い🔴),,0.0,19.6,2.1,5.4,5102,5330.0,1.3,0.9,140,買い出来高優勢
4819,デジタルガレージ,情報・通信業,9.3,★☆☆☆☆,0.0,0.0,3.3,0.0,6.0,0.0,0.0,0.0,見送り(地合い🔴),,0.0,35.8,4.2,12.2,2183,2384.0,6.0,0.7,709,買い出来高優勢
5461,中部鋼鈑,鉄鋼,9.3,★☆☆☆☆,0.0,0.0,3.3,0.0,6.0,0.0,0.0,0.0,見送り(地合い🔴),,0.0,17.8,1.6,4.3,2066,2135.0,2.4,1.1,177,買い出来高優勢
9022,東海旅客鉄道,陸運業,9.3,★☆☆☆☆,0.0,0.0,4.3,0.0,6.5,0.0,1.5,-3.0,見送り(地合い🔴),,0.0,32.5,2.3,15.4,4045,4243.0,11.8,1.5,11422,買い出来高優勢 / MA上昇配列 / RSI過熱(87)⚠ / 伸びすぎ注意(25MA+15%) / 開示[自己株式の取得](7日前)
5019,出光興産,石油・石炭製品,9.3,★☆☆☆☆,0.0,0.0,3.3,0.0,6.0,0.0,0.0,0.0,見送り(地合い🔴),,0.0,20.5,2.1,5.2,1265,1321.0,0.4,1.1,4400,買い出来高優勢
1969,高砂熱学工業,建設業,9.3,★☆☆☆☆,0.0,6.0,3.3,0.0,0.0,0.0,0.0,0.0,見送り(地合い🔴),,0.0,-8.2,3.8,-13.2,3836,4148.0,-6.9,2.4,2394,AIデータセンター・電力(-5.4%) / 出来高増2.4倍
6508,明電舎,電気機器,9.3,★☆☆☆☆,0.0,6.0,3.3,0.0,0.0,0.0,0.0,0.0,見送り(地合い🔴),,0.0,-8.0,4.8,-13.3,7216,7990.0,-10.9,2.4,1622,AIデータセンター・電力(-5.4%) / 出来高増2.4倍
9603,エイチ・アイ・エス,サービス業,9.3,★☆☆☆☆,0.0,0.0,3.3,0.0,6.0,0.0,0.0,0.0,見送り(地合い🔴),,0.0,22.1,2.4,9.3,1040,1093.0,9.3,2.4,525,出来高増2.4倍
8739,スパークス・グループ,証券、商品先物取引業,9.2,★☆☆☆☆,0.0,0.0,1.0,0.0,8.2,0.0,0.0,0.0,見送り(地合い🔴),,0.0,13.3,2.1,1.0,2174,2268.0,0.3,1.3,202,MA上昇配列 / パーフェクトオーダー
8031,三井物産,卸売業,9.2,★☆☆☆☆,0.0,0.0,2.0,0.0,6.0,0.0,1.2,0.0,見送り(地合い🔴),,0.0,19.6,2.3,4.8,4695,4918.0,0.1,0.9,31177,開示[買収](7日前)
7610,テイツー,小売業,9.2,★☆☆☆☆,0.0,0.0,3.0,0.0,6.2,0.0,0.0,0.0,見送り(地合い🔴),,0.0,13.0,3.4,0.4,137,147.0,0.0,0.8,180,MA上昇配列 / パーフェクトオーダー
2175,エス・エム・エス,サービス業,9.2,★☆☆☆☆,0.0,0.0,3.0,0.0,6.2,0.0,0.0,0.0,見送り(地合い🔴),,0.0,16.4,3.5,1.8,2206,2372.0,-3.5,1.3,1327,MA上昇配列 / パーフェクトオーダー
4413,ボードルア,情報・通信業,9.2,★☆☆☆☆,0.0,0.0,2.0,0.0,7.2,0.0,0.0,0.0,見送り(地合い🔴),,0.0,25.7,5.0,4.5,2738,3045.0,2.2,0.8,957,MA上昇配列 / パーフェクトオーダー
2734,サーラコーポレーション,小売業,9.2,★☆☆☆☆,0.0,0.0,3.0,0.0,6.2,0.0,0.0,0.0,見送り(地合い🔴),,0.0,18.2,2.0,3.7,1113,1159.0,1.2,0.9,244,MA上昇配列
6932,遠藤照明,電気機器,9.0,★☆☆☆☆,0.0,0.0,3.3,0.0,5.7,0.0,0.0,0.0,見送り(地合い🔴),,0.0,19.5,2.3,5.1,2452,2568.0,-0.5,1.0,102,買い出来高優勢
9974,ベルク,小売業,9.0,★☆☆☆☆,0.0,0.0,2.0,0.0,7.0,0.0,0.0,0.0,見送り(地合い🔴),,0.0,16.1,2.6,5.8,6516,6880.0,7.3,1.9,213,-
8803,平和不動産,不動産業,9.0,★☆☆☆☆,0.0,0.0,1.0,0.0,8.0,0.0,0.0,0.0,見送り(地合い🔴),,0.0,10.4,1.1,1.7,2357,2412.0,2.1,1.3,372,-
2752,フジオフードグループ本社,小売業,9.0,★☆☆☆☆,0.0,0.0,4.0,0.0,5.0,0.0,0.0,0.0,見送り(地合い🔴),,0.0,12.6,1.3,2.7,1104,1134.0,4.2,1.8,115,-
8014,蝶理,卸売業,9.0,★☆☆☆☆,0.0,0.0,2.0,0.0,7.0,0.0,0.0,0.0,見送り(地合い🔴),,0.0,13.6,1.6,1.8,3845,3975.0,0.8,1.2,103,-
8032,日本紙パルプ商事,卸売業,9.0,★☆☆☆☆,0.0,0.0,1.0,0.0,8.0,0.0,0.0,0.0,見送り(地合い🔴),,0.0,15.3,2.3,1.6,1071,1122.0,-1.4,1.5,187,-
4403,日油,化学,9.0,★☆☆☆☆,0.0,0.0,2.0,0.0,7.0,0.0,0.0,0.0,見送り(地合い🔴),,0.0,17.3,1.8,3.4,2722,2825.5,3.0,1.4,1702,-
6807,日本航空電子工業,電気機器,9.0,★☆☆☆☆,0.0,0.0,2.0,0.0,7.0,0.0,0.0,0.0,見送り(地合い🔴),,0.0,16.8,2.8,3.2,2324,2462.0,-0.4,1.5,587,-
3837,アドソル日進,情報・通信業,9.0,★☆☆☆☆,0.0,0.0,3.0,0.0,6.0,0.0,0.0,0.0,見送り(地合い🔴),,0.0,19.8,2.6,6.2,1454,1534.0,3.3,1.2,137,-
9416,ビジョン,情報・通信業,9.0,★☆☆☆☆,0.0,0.0,3.0,0.0,6.0,0.0,0.0,0.0,見送り(地合い🔴),,0.0,18.5,1.7,5.1,1012,1049.0,5.0,1.4,344,-
7943,ニチハ,ガラス・土石製品,9.0,★☆☆☆☆,0.0,0.0,2.0,0.0,7.0,0.0,0.0,0.0,見送り(地合い🔴),,0.0,13.3,2.0,3.9,3011,3140.0,4.1,1.1,237,-
4826,ＣＩＪ,情報・通信業,9.0,★☆☆☆☆,0.0,0.0,1.0,0.0,8.0,0.0,0.0,0.0,見送り(地合い🔴),,0.0,15.1,1.8,3.2,496,514.0,1.0,1.3,105,MA上昇配列
4684,オービック,情報・通信業,9.0,★☆☆☆☆,0.0,0.0,4.3,0.0,7.7,0.0,0.0,-3.0,見送り(地合い🔴),,0.0,34.5,2.9,15.7,4472,4752.0,13.8,1.5,8382,買い出来高優勢 / MA上昇配列 / 伸びすぎ注意(25MA+16%)
8194,ライフコーポレーション,小売業,9.0,★☆☆☆☆,0.0,0.0,2.0,0.0,7.0,0.0,0.0,0.0,見送り(地合い🔴),,0.0,8.3,2.1,2.7,2480,2587.0,5.0,0.9,583,-
219A,Ｈｅａｒｔｓｅｅｄ,医薬品,9.0,★☆☆☆☆,0.0,0.0,3.0,0.0,6.0,0.0,0.0,0.0,見送り(地合い🔴),,0.0,8.5,5.0,1.7,1475,1640.0,1.6,1.5,341,-
4967,小林製薬,化学,9.0,★☆☆☆☆,0.0,0.0,3.0,0.0,6.0,0.0,0.0,0.0,見送り(地合い🔴),,0.0,18.0,1.8,5.8,5657,5874.0,7.8,1.6,1031,-
9501,東京電力ホールディングス,電気・ガス業,9.0,★☆☆☆☆,0.0,0.0,4.3,0.0,4.7,0.0,0.0,0.0,見送り(地合い🔴),,0.0,25.9,3.6,9.2,496,533.7000122070312,5.6,1.2,16504,買い出来高優勢
9503,関西電力,電気・ガス業,9.0,★☆☆☆☆,0.0,0.0,2.0,0.0,7.0,0.0,0.0,0.0,見送り(地合い🔴),,0.0,18.1,2.0,6.3,2366,2465.0,4.8,1.2,7896,-
6727,ワコム,電気機器,9.0,★☆☆☆☆,0.0,0.0,3.0,0.0,6.0,0.0,0.0,0.0,見送り(地合い🔴),,0.0,12.9,2.8,3.1,748,792.0,4.8,1.8,543,-
2282,日本ハム,食料品,9.0,★☆☆☆☆,0.0,0.0,2.0,0.0,7.0,0.0,0.0,0.0,見送り(地合い🔴),,0.0,22.3,2.0,7.8,6408,6670.0,7.1,1.2,2965,-
7947,エフピコ,化学,9.0,★☆☆☆☆,0.0,0.0,1.0,0.0,8.0,0.0,0.0,0.0,見送り(地合い🔴),,0.0,12.1,2.2,2.5,2527,2644.0,5.4,1.2,497,MA上昇配列
9511,沖縄電力,電気・ガス業,9.0,★☆☆☆☆,0.0,0.0,3.0,0.0,6.0,0.0,0.0,0.0,見送り(地合い🔴),,0.0,14.2,1.6,2.8,911,940.0,0.4,1.3,172,-
5020,ＥＮＥＯＳホールディングス,石油・石炭製品,9.0,★☆☆☆☆,0.0,0.0,2.0,0.0,7.0,0.0,0.0,0.0,見送り(地合い🔴),,0.0,19.7,2.2,4.2,1252,1310.5,-0.7,1.1,8421,-
8282,ケーズホールディングス,小売業,9.0,★☆☆☆☆,0.0,0.0,2.0,0.0,7.0,0.0,0.0,0.0,見送り(地合い🔴),,0.0,14.3,2.2,7.0,1895,1983.0,8.4,1.2,1544,-
7128,ユニソルホールディングス,卸売業,9.0,★☆☆☆☆,0.0,0.0,5.3,0.0,6.7,0.0,0.0,-3.0,見送り(地合い🔴),,0.0,40.9,3.4,16.1,2618,2810.0,5.7,0.8,349,買い出来高優勢 / 資金流入増 / MA上昇配列 / 伸びすぎ注意(25MA+16%)
3673,ブロードリーフ,情報・通信業,9.0,★☆☆☆☆,0.0,0.0,2.0,0.0,7.0,0.0,0.0,0.0,見送り(地合い🔴),,0.0,26.6,3.1,8.8,428,456.0,8.1,1.2,320,-
9755,応用地質,サービス業,9.0,★☆☆☆☆,0.0,0.0,0.0,0.0,9.0,0.0,0.0,0.0,見送り(地合い🔴),,0.0,13.0,1.5,2.4,2766,2850.0,0.7,1.2,180,MA上昇配列
3608,ＴＳＩホールディングス,繊維製品,9.0,★☆☆☆☆,0.0,0.0,2.0,0.0,7.0,0.0,0.0,0.0,見送り(地合い🔴),,0.0,20.9,2.0,5.9,1227,1278.0,3.6,0.9,312,-
6594,ニデック,電気機器,9.0,★☆☆☆☆,4.5,0.0,3.3,0.0,1.2,0.0,0.0,0.0,見送り(地合い🔴),Qorvo,0.6,7.3,3.3,-1.7,2398,2567.0,3.5,2.2,13802,Qorvo+3.5%連動(β0.30) 未反応+0.6% / 出来高増2.2倍
6455,モリタホールディングス,輸送用機器,9.0,★☆☆☆☆,0.0,0.0,2.0,0.0,7.0,0.0,0.0,0.0,見送り(地合い🔴),,0.0,15.7,1.7,5.2,2469,2556.0,4.2,1.5,156,-
3932,アカツキ,情報・通信業,9.0,★☆☆☆☆,0.0,0.0,2.0,0.0,7.0,0.0,0.0,0.0,見送り(地合い🔴),,0.0,14.9,1.9,3.3,2903,3020.0,4.5,1.2,172,-
9552,クオンツ総研ホールディングス,サービス業,9.0,★☆☆☆☆,0.0,0.0,2.0,0.0,7.0,0.0,0.0,0.0,見送り(地合い🔴),,0.0,15.7,4.2,6.2,845,922.0,5.0,1.2,210,MA上昇配列
9532,大阪瓦斯,電気・ガス業,9.0,★☆☆☆☆,0.0,0.0,2.0,0.0,7.0,0.0,0.0,0.0,見送り(地合い🔴),,0.0,13.2,1.9,3.4,5403,5616.0,3.8,1.3,4290,-
7384,プロクレアホールディングス,銀行業,9.0,★☆☆☆☆,0.0,0.0,2.0,0.0,7.0,0.0,0.0,0.0,見送り(地合い🔴),,0.0,18.4,4.4,0.7,3669,4025.0,-2.2,1.2,438,MA上昇配列 / パーフェクトオーダー
6632,ＪＶＣケンウッド,電気機器,9.0,★☆☆☆☆,0.0,0.0,3.0,0.0,6.0,0.0,0.0,0.0,見送り(地合い🔴),,0.0,11.6,2.2,1.3,1089,1139.0,1.2,1.3,827,-
4547,キッセイ薬品工業,医薬品,9.0,★☆☆☆☆,0.0,0.0,2.0,0.0,7.0,0.0,0.0,0.0,見送り(地合い🔴),,0.0,16.2,1.9,4.5,4174,4335.0,3.5,1.2,310,-
7063,Ｂｉｒｄｍａｎ,サービス業,9.0,★☆☆☆☆,0.0,0.0,6.0,0.0,6.0,0.0,0.0,-3.0,見送り(地合い🔴),,0.0,72.7,10.2,18.9,83,104.0,20.9,1.9,242,資金流入増 / 伸びすぎ注意(25MA+19%) / 開示[子会社化](14日前)
2726,パルグループホールディングス,小売業,9.0,★☆☆☆☆,0.0,0.0,1.0,0.0,8.0,0.0,0.0,0.0,見送り(地合い🔴),,0.0,14.7,3.4,5.5,1433,1538.0,11.9,1.4,1545,MA上昇配列
4595,ミズホメディー,医薬品,9.0,★☆☆☆☆,0.0,0.0,1.0,0.0,8.0,0.0,0.0,0.0,見送り(地合い🔴),,0.0,13.0,1.1,2.0,1658,1694.0,1.6,1.0,117,-
8129,東邦ホールディングス,卸売業,9.0,★☆☆☆☆,0.0,0.0,4.3,0.0,4.7,0.0,0.0,0.0,見送り(地合い🔴),,0.0,20.8,2.2,8.2,4126,4318.0,7.3,1.5,574,買い出来高優勢
1833,奥村組,建設業,9.0,★☆☆☆☆,0.0,0.0,3.0,0.0,6.0,0.0,0.0,0.0,見送り(地合い🔴),,0.0,13.6,1.9,2.1,5593,5810.0,2.5,1.8,586,-
8136,サンリオ,卸売業,9.0,★☆☆☆☆,0.0,0.0,4.0,0.0,8.0,0.0,0.0,-3.0,見送り(地合い🔴),,0.0,32.3,4.7,16.7,1217,1343.0,18.7,1.6,29899,MA上昇配列 / 伸びすぎ注意(25MA+17%)
6744,能美防災,電気機器,9.0,★☆☆☆☆,0.0,0.0,2.0,0.0,7.0,0.0,0.0,0.0,見送り(地合い🔴),,0.0,17.9,2.5,3.2,4186,4405.0,2.9,1.7,333,-
9987,スズケン,卸売業,9.0,★☆☆☆☆,0.0,0.0,2.0,0.0,7.0,0.0,0.0,0.0,見送り(地合い🔴),,0.0,19.3,2.1,6.3,5161,5385.0,3.6,1.0,985,-
3660,アイスタイル,情報・通信業,9.0,★☆☆☆☆,0.0,0.0,3.0,0.0,6.0,0.0,0.0,0.0,見送り(地合い🔴),,0.0,27.6,2.9,10.0,414,440.0,6.8,1.3,304,-
3150,グリムス,電気・ガス業,9.0,★☆☆☆☆,0.0,0.0,2.0,0.0,7.0,0.0,0.0,0.0,見送り(地合い🔴),,0.0,18.7,1.9,4.0,2523,2625.0,1.4,0.9,129,-
9424,日本通信,情報・通信業,9.0,★☆☆☆☆,0.0,0.0,3.0,0.0,6.0,0.0,0.0,0.0,見送り(地合い🔴),,0.0,15.8,3.1,2.3,107,114.0,1.8,1.7,164,-
4212,積水樹脂,化学,9.0,★☆☆☆☆,0.0,0.0,2.0,0.0,7.0,0.0,0.0,0.0,見送り(地合い🔴),,0.0,13.4,2.4,0.9,2530,2656.0,-1.7,0.9,217,MA上昇配列 / パーフェクトオーダー
6289,技研製作所,機械,9.0,★☆☆☆☆,0.0,0.0,1.0,0.0,8.0,0.0,0.0,0.0,見送り(地合い🔴),,0.0,18.4,2.5,4.3,1802,1896.0,2.6,1.4,137,MA上昇配列
7512,イオン北海道,小売業,9.0,★☆☆☆☆,0.0,0.0,3.0,0.0,6.0,0.0,0.0,0.0,見送り(地合い🔴),,0.0,14.4,1.7,2.8,838,868.0,2.7,1.8,128,-
3865,北越コーポレーション,パルプ・紙,9.0,★☆☆☆☆,0.0,0.0,3.0,0.0,6.0,0.0,0.0,0.0,見送り(地合い🔴),,0.0,18.2,2.7,5.7,895,947.0,-0.4,1.6,198,-
8919,カチタス,不動産業,9.0,★☆☆☆☆,0.0,0.0,3.0,0.0,6.0,0.0,0.0,0.0,見送り(地合い🔴),,0.0,13.7,3.1,3.9,3205,3420.0,5.4,1.3,528,-
8850,スターツコーポレーション,不動産業,9.0,★☆☆☆☆,0.0,0.0,1.0,0.0,8.0,0.0,0.0,0.0,見送り(地合い🔴),,0.0,17.9,1.8,4.1,4711,4885.0,3.4,1.2,302,-
7231,トピー工業,輸送用機器,9.0,★☆☆☆☆,0.0,0.0,2.0,0.0,7.0,0.0,0.0,0.0,見送り(地合い🔴),,0.0,18.2,1.7,3.5,2827,2925.0,0.4,1.0,148,-
3907,シリコンスタジオ,情報・通信業,9.0,★☆☆☆☆,0.0,0.0,8.0,0.0,6.0,0.0,0.0,-5.0,見送り(地合い🔴),,0.0,57.0,11.5,43.9,1016,1318.0,45.8,3.5,593,出来高急増3.5倍 / 買い出来高優勢 / 過熱⚠25MA+44%
9602,東宝,情報・通信業,9.0,★☆☆☆☆,0.0,0.0,5.3,0.0,6.7,0.0,0.0,-3.0,見送り(地合い🔴),,0.0,33.1,3.4,16.9,1489,1598.5,16.2,1.5,6816,買い出来高優勢 / MA上昇配列 / 伸びすぎ注意(25MA+17%)
3431,宮地エンジニアリンググループ,金属製品,9.0,★☆☆☆☆,0.0,0.0,3.0,0.0,6.0,0.0,0.0,0.0,見送り(地合い🔴),,0.0,13.8,1.5,2.7,1540,1587.0,1.5,1.8,123,-
9672,東京都競馬,サービス業,9.0,★☆☆☆☆,0.0,0.0,2.0,0.0,7.0,0.0,0.0,0.0,見送り(地合い🔴),,0.0,15.6,1.6,4.5,4913,5080.0,3.8,1.2,441,-
2384,ＳＢＳホールディングス,陸運業,9.0,★☆☆☆☆,0.0,0.0,2.0,0.0,7.0,0.0,0.0,0.0,見送り(地合い🔴),,0.0,16.0,3.1,4.7,4282,4570.0,-0.9,1.0,443,-
8056,ＢＩＰＲＯＧＹ,情報・通信業,9.0,★☆☆☆☆,0.0,0.0,4.3,0.0,4.7,0.0,0.0,0.0,見送り(地合い🔴),,0.0,29.3,2.5,11.9,4826,5084.0,10.6,1.3,1750,買い出来高優勢
8058,三菱商事,卸売業,9.0,★☆☆☆☆,0.0,0.0,2.0,0.0,7.0,0.0,0.0,0.0,見送り(地合い🔴),,0.0,21.1,2.7,5.8,4560,4819.0,-1.4,1.0,36442,開示[子会社化](14日前)
4733,オービックビジネスコンサルタント,情報・通信業,8.8,★☆☆☆☆,0.0,0.0,6.3,0.0,7.5,0.0,0.0,-5.0,見送り(地合い🔴),,0.0,48.8,3.7,26.5,7797,8426.0,23.2,1.9,2566,買い出来高優勢 / MA上昇配列 / RSI過熱(93)⚠ / 過熱⚠25MA+27%
5410,合同製鐵,鉄鋼,8.8,★☆☆☆☆,0.0,0.0,5.3,0.0,3.5,0.0,0.0,0.0,見送り(地合い🔴),,0.0,24.7,1.7,9.7,2851,2949.0,8.1,1.6,266,買い出来高優勢 / RSI過熱(89)⚠
5216,倉元製作所,ガラス・土石製品,8.8,★☆☆☆☆,0.0,0.0,3.3,0.0,5.5,0.0,0.0,0.0,見送り(地合い🔴),,0.0,16.8,7.2,2.4,138,161.0,2.5,0.4,129,買い出来高優勢 / MA上昇配列
8097,三愛オブリ,卸売業,8.8,★☆☆☆☆,0.0,0.0,3.3,0.0,5.5,0.0,0.0,0.0,見送り(地合い🔴),,0.0,23.0,1.7,7.8,2278,2358.0,3.6,1.0,208,買い出来高優勢 / RSI過熱(95)⚠
5440,共英製鋼,鉄鋼,8.8,★☆☆☆☆,0.0,0.0,5.3,0.0,3.5,0.0,0.0,0.0,見送り(地合い🔴),,0.0,24.7,1.6,9.5,1927,1992.0,5.7,1.5,198,買い出来高優勢 / RSI過熱(90)⚠
2784,アルフレッサ　ホールディングス,卸売業,8.8,★☆☆☆☆,0.0,0.0,3.3,0.0,5.5,0.0,0.0,0.0,見送り(地合い🔴),,0.0,23.3,1.7,8.9,2373,2457.5,5.4,1.2,1079,買い出来高優勢 / RSI過熱(85)⚠
4503,アステラス製薬,医薬品,8.7,★☆☆☆☆,0.0,0.0,3.0,0.0,5.7,0.0,0.0,0.0,見送り(地合い🔴),,0.0,15.8,2.0,6.0,2203,2295.5,5.5,1.5,13887,-
2733,あらた,卸売業,8.7,★☆☆☆☆,0.0,0.0,4.0,0.0,4.7,0.0,0.0,0.0,見送り(地合い🔴),,0.0,18.7,1.5,6.5,2628,2709.0,4.7,1.8,225,-
8267,イオン,小売業,8.7,★☆☆☆☆,0.0,0.0,4.0,0.0,4.7,0.0,0.0,0.0,見送り(地合い🔴),,0.0,17.6,3.3,4.5,1345,1439.5,6.0,2.0,14469,-
9110,ＮＳユナイテッド海運,海運業,8.7,★☆☆☆☆,0.0,0.0,3.0,0.0,5.7,0.0,0.0,0.0,見送り(地合い🔴),,0.0,28.4,2.5,9.6,7217,7600.0,5.3,1.3,369,-
2792,ハニーズホールディングス,小売業,8.7,★☆☆☆☆,0.0,0.0,3.0,0.0,5.7,0.0,0.0,0.0,見送り(地合い🔴),,0.0,16.0,1.5,4.8,1428,1472.0,3.2,1.4,108,-
5288,アジアパイルホールディングス,ガラス・土石製品,8.7,★☆☆☆☆,0.0,0.0,4.0,0.0,4.7,0.0,0.0,0.0,見送り(地合い🔴),,0.0,12.5,2.5,-0.5,1413,1488.0,-3.0,1.5,208,-
2815,アリアケジャパン,食料品,8.7,★☆☆☆☆,0.0,0.0,3.0,0.0,5.7,0.0,0.0,0.0,見送り(地合い🔴),,0.0,21.8,1.7,7.8,5410,5600.0,7.3,1.2,427,-
9663,ナガワ,サービス業,8.7,★☆☆☆☆,0.0,0.0,4.0,0.0,4.7,0.0,0.0,0.0,見送り(地合い🔴),,0.0,19.0,2.0,6.8,5198,5420.0,5.9,1.9,125,-
3880,大王製紙,パルプ・紙,8.7,★☆☆☆☆,0.0,0.0,4.0,0.0,4.7,0.0,0.0,0.0,見送り(地合い🔴),,0.0,21.0,1.9,7.3,978,1018.0,3.8,1.9,204,-
9766,コナミグループ,情報・通信業,8.7,★☆☆☆☆,0.0,0.0,8.0,0.0,5.7,0.0,0.0,-5.0,見送り(地合い🔴),,0.0,38.8,3.1,22.7,21275,22705.0,22.8,3.5,11323,出来高急増3.5倍 / 買い出来高優勢 / 過熱⚠25MA+23%
9037,ハマキョウレックス,陸運業,8.7,★☆☆☆☆,0.0,0.0,3.0,0.0,5.7,0.0,0.0,0.0,見送り(地合い🔴),,0.0,11.3,1.7,0.9,1773,1835.0,0.3,1.5,167,-
9348,ｉｓｐａｃｅ,サービス業,8.5,★☆☆☆☆,0.0,6.0,1.0,0.0,1.5,0.0,0.0,0.0,見送り(地合い🔴),,0.0,-0.7,5.4,-7.8,356,400.0,-3.6,1.2,823,宇宙(-3.8%)
4418,ＪＤＳＣ,情報・通信業,8.5,★☆☆☆☆,0.0,0.0,3.0,0.0,5.5,0.0,0.0,0.0,見送り(地合い🔴),,0.0,29.8,7.9,2.1,664,789.0,-6.6,0.5,316,資金流入増 / MA上昇配列
7011,三菱重工業,機械,8.5,★☆☆☆☆,0.0,6.0,0.0,0.0,2.5,0.0,0.0,0.0,見送り(地合い🔴),,0.0,12.2,3.3,-1.6,3496,3740.0,-3.9,0.9,70070,防衛(-2.3%)
4577,ダイト,医薬品,8.5,★☆☆☆☆,0.0,0.0,2.0,0.0,6.5,0.0,0.0,0.0,見送り(地合い🔴),,0.0,15.2,2.9,2.2,1219,1293.0,1.7,0.9,102,MA上昇配列
8244,近鉄百貨店,小売業,8.5,★☆☆☆☆,0.0,0.0,3.0,0.0,5.5,0.0,0.0,0.0,見送り(地合い🔴),,0.0,15.2,2.5,4.1,1820,1917.0,3.9,1.2,101,MA上昇配列
6196,ストライクグループ,サービス業,8.5,★☆☆☆☆,0.0,0.0,4.3,0.0,4.2,0.0,0.0,0.0,見送り(地合い🔴),,0.0,18.3,1.7,2.9,1312,1359.0,1.4,1.2,354,買い出来高優勢 / MA上昇配列
2471,エスプール,サービス業,8.5,★☆☆☆☆,0.0,0.0,3.0,0.0,5.5,0.0,0.0,0.0,見送り(地合い🔴),,0.0,18.4,2.6,4.5,263,278.0,3.3,1.6,124,MA上昇配列
4202,ダイセル,化学,8.5,★☆☆☆☆,0.0,0.0,2.0,0.0,6.5,0.0,0.0,0.0,見送り(地合い🔴),,0.0,15.6,2.2,1.6,1380,1445.0,-2.0,1.5,1775,MA上昇配列
2413,エムスリー,サービス業,8.5,★☆☆☆☆,0.0,0.0,3.0,0.0,5.5,0.0,0.0,0.0,見送り(地合い🔴),,0.0,19.5,3.1,6.4,1861,1984.0,7.9,1.4,6370,MA上昇配列
7012,川崎重工業,輸送用機器,8.5,★☆☆☆☆,0.0,6.0,1.0,0.0,1.5,0.0,0.0,0.0,見送り(地合い🔴),,0.0,1.7,4.1,-4.2,2455,2674.5,-2.3,0.7,43787,防衛(-2.3%)
8698,マネックスグループ,証券、商品先物取引業,8.5,★☆☆☆☆,0.0,0.0,3.0,0.0,5.5,0.0,0.0,0.0,見送り(地合い🔴),,0.0,27.1,3.6,4.2,676,729.0,-4.2,0.7,2582,MA上昇配列
4800,オリコン,情報・通信業,8.5,★☆☆☆☆,0.0,0.0,0.0,0.0,8.5,0.0,0.0,0.0,見送り(地合い🔴),,0.0,12.3,0.3,0.2,1350,1358.0,-0.1,0.1,121,MA上昇配列 / パーフェクトオーダー / 52週高値目前
3916,デジタル・インフォメーション・テクノロジー,情報・通信業,8.5,★☆☆☆☆,0.0,0.0,3.0,0.0,5.5,0.0,0.0,0.0,見送り(地合い🔴),,0.0,27.9,2.8,7.4,916,971.0,4.2,0.8,133,MA上昇配列
2301,学情,サービス業,8.5,★☆☆☆☆,0.0,0.0,3.0,0.0,5.5,0.0,0.0,0.0,見送り(地合い🔴),,0.0,14.0,1.4,2.1,1603,1650.0,1.1,1.3,127,MA上昇配列
9684,スクウェア・エニックス・ホールディングス,情報・通信業,8.4,★☆☆☆☆,0.0,0.0,6.7,0.0,4.7,0.0,0.0,-3.0,見送り(地合い🔴),,0.0,31.5,2.6,15.5,2770,2923.5,16.5,3.2,2767,出来高急増3.2倍 / 伸びすぎ注意(25MA+16%)
6200,インソース,サービス業,8.4,★☆☆☆☆,0.0,0.0,5.3,0.0,5.5,0.0,2.6,-5.0,見送り(地合い🔴),,0.0,36.5,3.0,20.6,727,774.0,12.2,1.2,554,買い出来高優勢 / MA上昇配列 / RSI過熱(93)⚠ / 過熱⚠25MA+21% / 開示[自己株式取得](8日前) / 開示[自己株式取得](8日前)
6238,フリュー,機械,8.2,★☆☆☆☆,0.0,0.0,1.0,0.0,7.2,0.0,0.0,0.0,見送り(地合い🔴),,0.0,13.4,2.3,2.1,1341,1407.0,3.8,1.0,126,MA上昇配列 / パーフェクトオーダー
4151,協和キリン,医薬品,8.2,★☆☆☆☆,0.0,0.0,2.0,0.0,6.2,0.0,0.0,0.0,見送り(地合い🔴),,0.0,14.7,2.1,2.7,2592,2703.0,2.9,1.5,2881,MA上昇配列 / パーフェクトオーダー
6071,ＩＢＪ,サービス業,8.2,★☆☆☆☆,0.0,0.0,2.0,0.0,6.2,0.0,0.0,0.0,見送り(地合い🔴),,0.0,16.4,2.6,0.9,783,826.0,-0.4,0.9,124,MA上昇配列 / パーフェクトオーダー
8159,立花エレテック,卸売業,8.2,★☆☆☆☆,0.0,0.0,0.0,0.0,8.2,0.0,0.0,0.0,見送り(地合い🔴),,0.0,12.9,3.0,0.5,3112,3310.0,-1.5,1.1,110,MA上昇配列 / パーフェクトオーダー
3402,東レ,繊維製品,8.2,★☆☆☆☆,0.0,0.0,1.0,0.0,7.2,0.0,0.0,0.0,見送り(地合い🔴),,0.0,13.4,2.3,0.7,1110,1163.0,-0.6,1.2,4881,MA上昇配列 / パーフェクトオーダー
9075,福山通運,陸運業,8.0,★☆☆☆☆,0.0,0.0,1.0,0.0,7.0,0.0,0.0,0.0,見送り(地合い🔴),,0.0,21.3,3.3,4.9,5739,6140.0,-0.3,0.9,719,-
9531,東京瓦斯,電気・ガス業,8.0,★☆☆☆☆,0.0,0.0,2.0,0.0,6.0,0.0,0.0,0.0,見送り(地合い🔴),,0.0,13.0,1.7,3.0,6071,6290.0,2.3,1.1,6062,-
5310,東洋炭素,ガラス・土石製品,8.0,★☆☆☆☆,0.0,6.0,2.0,0.0,0.0,0.0,0.0,0.0,見送り(地合い🔴),,0.0,-7.8,5.6,-14.9,5354,6030.0,-10.5,1.9,860,核融合(-8.8%)
9404,日本テレビホールディングス,情報・通信業,8.0,★☆☆☆☆,0.0,0.0,2.0,0.0,6.0,0.0,0.0,0.0,見送り(地合い🔴),,0.0,19.5,2.2,6.7,2921,3055.0,6.9,1.4,1354,-
9468,ＫＡＤＯＫＡＷＡ,情報・通信業,8.0,★☆☆☆☆,0.0,0.0,2.0,0.0,6.0,0.0,0.0,0.0,見送り(地合い🔴),,0.0,14.8,2.5,0.3,3441,3620.0,1.3,1.5,1908,MA上昇配列 / パーフェクトオーダー
2206,江崎グリコ,食料品,8.0,★☆☆☆☆,0.0,0.0,3.3,0.0,4.7,0.0,0.0,0.0,見送り(地合い🔴),,0.0,9.4,1.9,1.0,5102,5299.0,4.0,2.0,1417,出来高増2.0倍
4996,クミアイ化学工業,化学,8.0,★☆☆☆☆,0.0,0.0,2.0,0.0,6.0,0.0,0.0,0.0,見送り(地合い🔴),,0.0,13.3,1.4,1.8,718,739.0,0.4,0.9,264,-
9147,ＮＩＰＰＯＮ　ＥＸＰＲＥＳＳホールディングス,陸運業,8.0,★☆☆☆☆,0.0,0.0,1.0,0.0,7.0,0.0,0.0,0.0,見送り(地合い🔴),,0.0,16.7,2.5,0.8,5100,5372.0,-2.7,1.3,5388,MA上昇配列 / パーフェクトオーダー
1662,石油資源開発,鉱業,8.0,★☆☆☆☆,0.0,0.0,2.0,0.0,6.0,0.0,0.0,0.0,見送り(地合い🔴),,0.0,20.5,2.8,5.6,1668,1766.0,1.8,0.9,2384,-
3663,セルシス,情報・通信業,8.0,★☆☆☆☆,0.0,0.0,1.0,0.0,7.0,0.0,0.0,0.0,見送り(地合い🔴),,0.0,14.1,4.3,3.1,1785,1952.0,3.3,1.1,550,MA上昇配列 / パーフェクトオーダー
3558,ジェイドグループ,小売業,8.0,★☆☆☆☆,0.0,0.0,2.0,0.0,6.0,0.0,0.0,0.0,見送り(地合い🔴),,0.0,16.3,3.3,1.8,1520,1629.0,-2.5,1.0,174,-
4165,プレイド,情報・通信業,8.0,★☆☆☆☆,0.0,0.0,2.0,0.0,6.0,0.0,0.0,0.0,見送り(地合い🔴),,0.0,29.5,4.4,7.8,531,582.0,2.6,0.7,237,-
8570,イオンフィナンシャルサービス,その他金融業,8.0,★☆☆☆☆,0.0,0.0,1.0,0.0,7.0,0.0,0.0,0.0,見送り(地合い🔴),,0.0,18.2,2.2,3.8,1514,1583.0,0.2,1.0,811,-
6588,東芝テック,電気機器,8.0,★☆☆☆☆,0.0,0.0,2.0,0.0,6.0,0.0,0.0,0.0,見送り(地合い🔴),,0.0,19.5,3.5,4.4,2885,3100.0,-1.6,1.1,538,-
9517,イーレックス,電気・ガス業,8.0,★☆☆☆☆,0.0,0.0,2.0,0.0,6.0,0.0,0.0,0.0,見送り(地合い🔴),,0.0,27.8,3.5,8.3,815,876.0,0.0,0.8,229,開示[業績予想の修正](14日前)
7965,象印マホービン,電気機器,8.0,★☆☆☆☆,0.0,0.0,2.0,0.0,6.0,0.0,0.0,0.0,見送り(地合い🔴),,0.0,21.3,1.6,5.7,1433,1482.0,6.2,0.9,334,-
2146,ＵＴグループ,サービス業,8.0,★☆☆☆☆,0.0,0.0,2.0,0.0,6.0,0.0,0.0,0.0,見送り(地合い🔴),,0.0,18.3,1.9,4.8,180,187.0,4.5,1.2,967,-
7383,ネットプロテクションズホールディングス,その他金融業,8.0,★☆☆☆☆,0.0,0.0,3.3,0.0,4.7,0.0,0.0,0.0,見送り(地合い🔴),,0.0,37.6,3.6,14.2,405,437.0,6.6,0.8,292,買い出来高優勢
4784,ＧＭＯインターネット,サービス業,8.0,★☆☆☆☆,0.0,0.0,2.0,0.0,6.0,0.0,0.0,0.0,見送り(地合い🔴),,0.0,26.5,4.6,6.5,481,530.0,3.9,0.8,881,-
2791,大黒天物産,小売業,8.0,★☆☆☆☆,0.0,0.0,2.0,0.0,6.0,0.0,0.0,0.0,見送り(地合い🔴),,0.0,23.0,3.5,8.7,4463,4800.0,5.8,2.0,267,-
3036,アルコニックス,卸売業,8.0,★☆☆☆☆,0.0,0.0,2.0,0.0,6.0,0.0,0.0,0.0,見送り(地合い🔴),,0.0,11.7,2.6,1.0,2392,2525.0,-1.2,1.8,232,-
2659,サンエー,小売業,8.0,★☆☆☆☆,0.0,0.0,0.0,0.0,8.0,0.0,0.0,0.0,見送り(地合い🔴),,0.0,14.0,2.0,3.7,3204,3335.0,5.0,1.0,630,-
8584,ジャックス,その他金融業,8.0,★☆☆☆☆,0.0,0.0,2.0,0.0,6.0,0.0,0.0,0.0,見送り(地合い🔴),,0.0,18.6,1.9,4.5,3676,3820.0,1.1,1.3,402,-
7906,ヨネックス,その他製品,8.0,★☆☆☆☆,0.0,0.0,2.0,0.0,6.0,0.0,0.0,0.0,見送り(地合い🔴),,0.0,24.9,3.3,7.2,2475,2649.0,4.0,0.9,1183,-
1419,タマホーム,建設業,8.0,★☆☆☆☆,0.0,0.0,2.0,0.0,6.0,0.0,0.0,0.0,見送り(地合い🔴),,0.0,12.7,2.4,4.7,2955,3105.0,3.5,1.4,463,-
9956,バローホールディングス,小売業,8.0,★☆☆☆☆,0.0,0.0,2.0,0.0,6.0,0.0,0.0,0.0,見送り(地合い🔴),,0.0,-2.0,2.8,0.0,3229,3420.0,5.6,0.7,2759,資金流入増
9722,藤田観光,サービス業,8.0,★☆☆☆☆,0.0,0.0,2.0,0.0,6.0,0.0,0.0,0.0,見送り(地合い🔴),,0.0,14.6,2.5,3.5,1884,1985.0,2.8,1.7,382,-
1934,ユアテック,建設業,8.0,★☆☆☆☆,0.0,0.0,4.3,0.0,3.7,0.0,0.0,0.0,見送り(地合い🔴),,0.0,9.6,2.8,0.0,2262,2397.0,2.7,2.6,319,出来高増2.6倍
5541,大平洋金属,鉄鋼,8.0,★☆☆☆☆,0.0,0.0,2.0,0.0,6.0,0.0,0.0,0.0,見送り(地合い🔴),,0.0,19.3,2.7,4.0,2233,2361.0,2.7,1.7,465,-
3093,トレジャー・ファクトリー,小売業,8.0,★☆☆☆☆,0.0,0.0,1.0,0.0,7.0,0.0,0.0,0.0,見送り(地合い🔴),,0.0,5.8,4.6,0.1,1953,2150.0,2.9,0.8,463,MA上昇配列 / パーフェクトオーダー
7279,ハイレックスコーポレーション,輸送用機器,8.0,★☆☆☆☆,0.0,0.0,2.0,0.0,6.0,0.0,0.0,0.0,見送り(地合い🔴),,0.0,18.8,3.5,2.7,2021,2171.0,-0.7,1.0,161,-
7018,内海造船,輸送用機器,8.0,★☆☆☆☆,0.0,0.0,4.3,0.0,3.7,0.0,0.0,0.0,見送り(地合い🔴),,0.0,19.3,6.9,-1.0,8519,9890.0,-9.3,2.5,263,出来高増2.5倍
5032,ＡＮＹＣＯＬＯＲ,情報・通信業,8.0,★☆☆☆☆,0.0,0.0,2.0,0.0,6.0,0.0,0.0,0.0,見送り(地合い🔴),,0.0,30.4,3.1,12.3,2523,2691.0,8.1,1.0,1504,-
5242,アイズ,情報・通信業,8.0,★☆☆☆☆,0.0,0.0,6.3,0.0,6.7,0.0,0.0,-5.0,見送り(地合い🔴),,0.0,218.0,10.9,102.8,1949,2490.0,56.6,1.3,166,買い出来高優勢 / 資金流入増 / MA上昇配列 / 過熱⚠25MA+103%
1605,ＩＮＰＥＸ,鉱業,8.0,★☆☆☆☆,0.0,0.0,2.0,0.0,6.0,0.0,0.0,0.0,見送り(地合い🔴),,0.0,21.0,2.7,5.7,3421,3616.0,0.0,0.9,16202,-
8053,住友商事,卸売業,8.0,★☆☆☆☆,0.0,0.0,2.0,0.0,6.0,0.0,0.0,0.0,見送り(地合い🔴),,0.0,13.5,2.5,1.6,1520,1599.0,-0.3,1.2,17176,-
7226,極東開発工業,輸送用機器,8.0,★☆☆☆☆,0.0,0.0,3.3,0.0,4.7,0.0,0.0,0.0,見送り(地合い🔴),,0.0,22.4,1.7,5.4,2296,2376.0,1.8,1.0,467,買い出来高優勢
6517,デンヨー,電気機器,8.0,★☆☆☆☆,0.0,0.0,1.0,0.0,7.0,0.0,0.0,0.0,見送り(地合い🔴),,0.0,9.9,2.4,0.1,3426,3600.0,-0.3,1.5,142,-
8897,ＭＩＲＡＲＴＨホールディングス,不動産業,8.0,★☆☆☆☆,0.0,0.0,2.0,0.0,6.0,0.0,0.0,0.0,見送り(地合い🔴),,0.0,14.7,1.4,2.2,407,419.0,0.5,1.2,165,-
4114,日本触媒,化学,8.0,★☆☆☆☆,0.0,0.0,1.0,0.0,7.0,0.0,0.0,0.0,見送り(地合い🔴),,0.0,13.9,1.4,2.7,2099,2159.5,1.8,1.1,1075,-
4911,資生堂,化学,8.0,★☆☆☆☆,0.0,0.0,4.3,0.0,8.7,0.0,0.0,-5.0,見送り(地合い🔴),,0.0,43.2,3.9,20.8,3208,3481.0,14.5,1.3,10660,買い出来高優勢 / MA上昇配列 / パーフェクトオーダー / 過熱⚠25MA+21%
6503,三菱電機,電気機器,8.0,★☆☆☆☆,0.0,6.0,2.0,0.0,0.0,0.0,0.0,0.0,見送り(地合い🔴),,0.0,-1.8,4.2,-9.9,4741,5172.0,-8.1,1.7,29364,AIデータセンター・電力(-5.4%)
3179,シュッピン,小売業,7.800000000000001,★☆☆☆☆,0.0,0.0,3.3,0.0,7.5,0.0,0.0,-3.0,見送り(地合い🔴),,0.0,33.4,3.3,17.9,1245,1334.0,5.6,1.1,169,買い出来高優勢 / MA上昇配列 / RSI過熱(87)⚠ / 伸びすぎ注意(25MA+18%)
5036,日本ビジネスシステムズ,情報・通信業,7.7,★☆☆☆☆,0.0,0.0,2.0,0.0,5.7,0.0,0.0,0.0,見送り(地合い🔴),,0.0,21.1,2.5,3.9,1505,1586.0,1.2,1.1,119,-
547A,ムニノバホールディングス,その他金融業,7.7,★☆☆☆☆,0.0,0.0,1.0,0.0,6.7,0.0,0.0,0.0,見送り(地合い🔴),,0.0,13.2,2.3,1.4,430,451.0,-2.2,1.3,681,MA上昇配列
6183,ベルシステム２４ホールディングス,サービス業,7.7,★☆☆☆☆,0.0,0.0,3.0,0.0,4.7,0.0,0.0,0.0,見送り(地合い🔴),,0.0,13.3,1.8,2.0,1343,1394.0,1.9,1.2,382,-
3591,ワコールホールディングス,繊維製品,7.7,★☆☆☆☆,0.0,0.0,3.0,0.0,4.7,0.0,0.0,0.0,見送り(地合い🔴),,0.0,14.0,1.7,2.6,4409,4567.0,2.3,1.5,352,-
1871,ピーエス・コンストラクション,建設業,7.7,★☆☆☆☆,0.0,0.0,3.0,0.0,4.7,0.0,0.0,0.0,見送り(地合い🔴),,0.0,11.0,3.0,0.7,2090,2224.0,1.0,1.5,178,-
7003,三井Ｅ＆Ｓ,機械,7.7,★☆☆☆☆,0.0,0.0,3.0,0.0,4.7,0.0,0.0,0.0,見送り(地合い🔴),,0.0,22.8,5.1,1.9,4139,4613.0,-1.5,1.6,11227,-
9837,モリト,卸売業,7.7,★☆☆☆☆,0.0,0.0,2.0,0.0,5.7,0.0,0.0,0.0,見送り(地合い🔴),,0.0,12.6,2.2,0.7,1724,1802.0,-0.2,1.1,119,-
4205,日本ゼオン,化学,7.7,★☆☆☆☆,0.0,0.0,5.7,0.0,2.0,0.0,0.0,0.0,見送り(地合い🔴),,0.0,5.9,3.4,-1.7,2103,2254.0,-0.1,5.2,2156,出来高急増5.2倍
6809,ＴＯＡ,電気機器,7.7,★☆☆☆☆,0.0,0.0,2.0,0.0,5.7,0.0,0.0,0.0,見送り(地合い🔴),,0.0,15.0,1.7,2.4,1584,1639.0,1.2,1.0,128,-
9716,乃村工藝社,サービス業,7.7,★☆☆☆☆,0.0,0.0,2.0,0.0,5.7,0.0,0.0,0.0,見送り(地合い🔴),,0.0,22.4,2.6,6.4,1152,1215.0,2.2,0.9,448,-
6250,やまびこ,機械,7.7,★☆☆☆☆,0.0,0.0,2.0,0.0,5.7,0.0,0.0,0.0,見送り(地合い🔴),,0.0,10.9,3.4,-0.5,3539,3800.0,0.3,1.7,295,-
8871,ゴールドクレスト,不動産業,7.7,★☆☆☆☆,0.0,0.0,2.0,0.0,5.7,0.0,0.0,0.0,見送り(地合い🔴),,0.0,14.7,1.7,2.2,3284,3400.0,1.0,1.6,139,-
3092,ＺＯＺＯ,小売業,7.5,★☆☆☆☆,0.0,0.0,2.0,0.0,5.5,0.0,0.0,0.0,見送り(地合い🔴),,0.0,16.8,2.7,5.7,1158,1224.5,7.9,1.2,4658,MA上昇配列
8715,アニコム　ホールディングス,保険業,7.5,★☆☆☆☆,0.0,0.0,2.0,0.0,2.7,0.0,2.8,0.0,見送り(地合い🔴),,0.0,10.0,2.6,-0.2,1156,1220.0,1.5,1.8,325,開示[自己株式の取得](1日前)
4680,ラウンドワン,サービス業,7.5,★☆☆☆☆,0.0,0.0,2.0,0.0,5.5,0.0,0.0,0.0,見送り(地合い🔴),,0.0,18.4,4.6,2.8,1142,1257.0,4.4,0.9,3765,MA上昇配列
9336,大栄環境,サービス業,7.5,★☆☆☆☆,0.0,0.0,4.0,0.0,3.5,0.0,0.0,0.0,見送り(地合い🔴),,0.0,13.7,2.7,2.5,3707,3915.0,3.0,1.7,572,-
368A,北里コーポレーション,精密機器,7.5,★☆☆☆☆,0.0,0.0,2.0,0.0,5.5,0.0,0.0,0.0,見送り(地合い🔴),,0.0,15.1,2.2,3.2,1329,1390.0,2.8,1.2,137,MA上昇配列
7280,ミツバ,電気機器,7.5,★☆☆☆☆,0.0,0.0,5.3,0.0,2.2,0.0,0.0,0.0,見送り(地合い🔴),,0.0,10.7,2.7,0.6,1115,1177.0,0.5,2.9,267,出来高増2.9倍
4477,ＢＡＳＥ,情報・通信業,7.5,★☆☆☆☆,0.0,0.0,2.0,0.0,5.5,0.0,0.0,0.0,見送り(地合い🔴),,0.0,24.5,3.1,4.7,285,304.0,-0.7,0.9,274,MA上昇配列
5027,ＡｎｙＭｉｎｄ　Ｇｒｏｕｐ,情報・通信業,7.5,★☆☆☆☆,0.0,0.0,2.0,0.0,5.5,0.0,0.0,0.0,見送り(地合い🔴),,0.0,38.0,4.7,10.9,520,575.0,7.3,0.6,136,MA上昇配列
8237,松屋,小売業,7.5,★☆☆☆☆,0.0,0.0,2.0,0.0,5.5,0.0,0.0,0.0,見送り(地合い🔴),,0.0,14.2,5.0,4.3,1630,1813.0,4.1,1.2,548,MA上昇配列
5423,東京製鐵,鉄鋼,7.4,★☆☆☆☆,0.0,0.0,0.0,0.0,7.0,0.0,0.4,0.0,見送り(地合い🔴),,0.0,16.0,3.1,3.1,1671,1782.0,4.3,1.1,690,開示[業績予想の修正](12日前)
9364,上組,倉庫・運輸関連業,7.2,★☆☆☆☆,0.0,0.0,1.0,0.0,6.2,0.0,0.0,0.0,見送り(地合い🔴),,0.0,14.0,1.8,2.8,5096,5282.0,2.7,0.8,1849,MA上昇配列
4461,第一工業製薬,化学,7.2,★☆☆☆☆,0.0,0.0,4.7,0.0,0.0,0.0,2.5,0.0,見送り(地合い🔴),,0.0,-17.9,8.8,-20.8,7269,8830.0,-19.7,3.1,1367,出来高急増3.1倍 / 開示[業績予想の修正](0日前)
5253,カバー,情報・通信業,7.2,★☆☆☆☆,0.0,0.0,3.0,0.0,4.2,0.0,0.0,0.0,見送り(地合い🔴),,0.0,23.1,8.1,1.5,1296,1547.0,-8.6,1.8,3975,MA上昇配列
3302,帝国繊維,繊維製品,7.2,★☆☆☆☆,0.0,0.0,1.0,0.0,6.2,0.0,0.0,0.0,見送り(地合い🔴),,0.0,9.3,2.5,0.3,3208,3375.0,1.0,1.3,153,MA上昇配列
9201,日本航空,空運業,7.2,★☆☆☆☆,0.0,0.0,1.0,0.0,6.2,0.0,0.0,0.0,見送り(地合い🔴),,0.0,17.2,2.1,4.1,2918,3048.0,6.5,1.3,9425,MA上昇配列
6417,ＳＡＮＫＹＯ,機械,7.199999999999999,★☆☆☆☆,0.0,0.0,6.7,0.0,3.5,0.0,0.0,-3.0,見送り(地合い🔴),,0.0,32.1,2.2,15.6,1840,1923.0,14.1,2.2,1531,出来高増2.2倍 / 買い出来高優勢 / RSI過熱(91)⚠ / 伸びすぎ注意(25MA+16%)
5021,コスモエネルギーホールディングス,石油・石炭製品,7.0,★☆☆☆☆,0.0,0.0,0.0,0.0,7.0,0.0,0.0,0.0,見送り(地合い🔴),,0.0,15.5,1.9,3.2,3835,3988.0,1.1,0.8,2280,-
5240,ｍｏｎｏＡＩ　ｔｅｃｈｎｏｌｏｇｙ,情報・通信業,7.0,★☆☆☆☆,0.0,0.0,4.0,0.0,8.0,0.0,0.0,-5.0,見送り(地合い🔴),,0.0,89.8,18.1,38.8,145,228.0,35.7,0.9,665,資金流入増 / MA上昇配列 / 過熱⚠25MA+39%
3626,ＴＩＳ,情報・通信業,7.0,★☆☆☆☆,0.0,0.0,4.0,0.0,6.0,0.0,0.0,-3.0,見送り(地合い🔴),,0.0,34.6,2.8,15.8,3721,3939.0,13.7,1.8,3410,伸びすぎ注意(25MA+16%)
8473,ＳＢＩホールディングス,証券、商品先物取引業,7.0,★☆☆☆☆,0.0,0.0,1.0,0.0,6.0,0.0,0.0,0.0,見送り(地合い🔴),,0.0,18.3,2.8,3.2,2690,2852.0,1.3,0.9,12467,-
4424,Ａｍａｚｉａ,情報・通信業,7.0,★☆☆☆☆,0.0,0.0,4.0,0.0,8.0,0.0,0.0,-5.0,見送り(地合い🔴),,0.0,100.5,18.8,28.2,243,390.0,9.2,0.8,775,資金流入増 / MA上昇配列 / 過熱⚠25MA+28%
9302,三井倉庫ホールディングス,倉庫・運輸関連業,7.0,★☆☆☆☆,0.0,0.0,1.0,0.0,6.0,0.0,0.0,0.0,見送り(地合い🔴),,0.0,18.8,2.1,3.4,3516,3673.0,2.9,1.2,754,-
2685,アンドエスティＨＤ,小売業,7.0,★☆☆☆☆,0.0,0.0,0.0,0.0,7.0,0.0,0.0,0.0,見送り(地合い🔴),,0.0,11.2,2.2,1.2,3344,3500.0,3.1,1.1,772,MA上昇配列 / パーフェクトオーダー
8585,オリエントコーポレーション,その他金融業,7.0,★☆☆☆☆,0.0,0.0,1.0,0.0,6.0,0.0,0.0,0.0,見送り(地合い🔴),,0.0,19.8,1.8,5.3,897,930.0,1.0,0.8,474,-
1852,淺沼組,建設業,7.0,★☆☆☆☆,0.0,0.0,1.0,0.0,6.0,0.0,0.0,0.0,見送り(地合い🔴),,0.0,14.2,1.7,2.2,843,873.0,0.8,1.2,455,-
5802,住友電気工業,非鉄金属,7.0,★☆☆☆☆,0.0,6.0,1.0,0.0,0.0,0.0,0.0,0.0,見送り(地合い🔴),,0.0,-19.0,7.6,-19.1,1758,2072.0,-15.5,1.4,51509,光通信・電線(-15.9%)
1959,クラフティア,建設業,7.0,★☆☆☆☆,0.0,0.0,3.3,0.0,3.7,0.0,0.0,0.0,見送り(地合い🔴),,0.0,6.0,3.1,-1.3,8351,8912.0,2.3,2.4,1732,出来高増2.4倍
6277,ホソカワミクロン,機械,7.0,★☆☆☆☆,0.0,0.0,2.0,0.0,5.0,0.0,0.0,0.0,見送り(地合い🔴),,0.0,10.8,2.8,0.1,4664,4935.0,0.8,1.9,152,-
6240,ヤマシンフィルタ,機械,7.0,★☆☆☆☆,0.0,0.0,1.0,0.0,6.0,0.0,0.0,0.0,見送り(地合い🔴),,0.0,17.2,3.0,3.4,502,534.0,-0.7,1.5,165,-
6504,富士電機,電気機器,7.0,★☆☆☆☆,0.0,6.0,1.0,0.0,0.0,0.0,0.0,0.0,見送り(地合い🔴),,0.0,-0.7,4.7,-8.5,10904,12045.0,-6.9,1.4,11473,AIデータセンター・電力(-5.4%)
4569,杏林製薬,医薬品,7.0,★☆☆☆☆,0.0,0.0,2.0,0.0,5.0,0.0,0.0,0.0,見送り(地合い🔴),,0.0,15.6,1.6,3.8,1179,1218.0,4.4,1.3,173,-
197A,タウンズ,医薬品,7.0,★☆☆☆☆,0.0,0.0,1.0,0.0,6.0,0.0,0.0,0.0,見送り(地合い🔴),,0.0,12.3,1.6,2.1,466,482.0,1.3,1.4,151,-
6929,日本セラミック,電気機器,7.0,★☆☆☆☆,0.0,0.0,3.3,0.0,3.7,0.0,0.0,0.0,見送り(地合い🔴),,0.0,8.6,2.2,-1.1,3527,3690.0,-0.3,2.0,375,出来高増2.0倍
6871,日本マイクロニクス,電気機器,7.0,★☆☆☆☆,0.0,6.0,1.0,0.0,0.0,0.0,0.0,0.0,見送り(地合い🔴),,0.0,-22.2,12.9,-28.4,8344,11250.0,-28.0,1.3,19534,半導体製造装置(-24.9%)
8065,佐藤商事,卸売業,7.0,★☆☆☆☆,0.0,0.0,3.3,0.0,3.7,0.0,0.0,0.0,見送り(地合い🔴),,0.0,14.5,3.7,-0.6,2714,2932.0,-3.6,2.0,110,出来高増2.0倍
3668,コロプラ,情報・通信業,7.0,★☆☆☆☆,0.0,0.0,1.0,0.0,6.0,0.0,0.0,0.0,見送り(地合い🔴),,0.0,19.2,2.3,4.5,382,400.0,3.1,1.3,205,-
5801,古河電気工業,非鉄金属,7.0,★☆☆☆☆,0.0,6.0,1.0,0.0,0.0,0.0,0.0,0.0,見送り(地合い🔴),,0.0,-31.2,10.2,-26.8,2208,2772.5,-21.3,1.2,65206,光通信・電線(-15.9%)
5803,フジクラ,非鉄金属,7.0,★☆☆☆☆,0.0,6.0,1.0,0.0,0.0,0.0,0.0,0.0,見送り(地合い🔴),,0.0,-29.5,10.0,-26.6,3008,3760.0,-20.9,1.4,187284,光通信・電線(-15.9%)
6706,電気興業,電気機器,7.0,★☆☆☆☆,0.0,0.0,2.0,0.0,5.0,0.0,0.0,0.0,見送り(地合い🔴),,0.0,9.1,3.1,-0.4,2816,3005.0,-0.2,1.6,105,-
7167,めぶきフィナンシャルグループ,銀行業,7.0,★☆☆☆☆,0.0,0.0,0.0,0.0,7.0,0.0,0.0,0.0,見送り(地合い🔴),,0.0,16.4,3.1,0.5,1406,1498.5,-0.0,1.1,4555,MA上昇配列 / パーフェクトオーダー
7071,アンビスホールディングス,サービス業,7.0,★☆☆☆☆,0.0,0.0,1.0,0.0,6.0,0.0,0.0,0.0,見送り(地合い🔴),,0.0,25.8,3.9,6.6,355,385.0,1.6,1.3,114,-
9401,ＴＢＳホールディングス,情報・通信業,7.0,★☆☆☆☆,0.0,0.0,0.0,0.0,7.0,0.0,0.0,0.0,見送り(地合い🔴),,0.0,12.4,1.9,1.1,6111,6358.0,2.3,1.0,1994,MA上昇配列 / パーフェクトオーダー
6315,ＴＯＷＡ,機械,7.0,★☆☆☆☆,0.0,6.0,1.0,0.0,0.0,0.0,0.0,0.0,見送り(地合い🔴),,0.0,-20.7,10.4,-24.9,1826,2307.0,-19.3,1.4,12741,HBM・後工程(-20.9%)
6522,アスタリスク,電気機器,7.0,★☆☆☆☆,0.0,0.0,2.0,0.0,5.0,0.0,0.0,0.0,見送り(地合い🔴),,0.0,32.9,16.9,0.8,1082,1632.0,9.8,0.5,5777,資金流入増 / MA上昇配列 / パーフェクトオーダー
2768,双日,卸売業,7.0,★☆☆☆☆,0.0,0.0,1.0,0.0,6.0,0.0,0.0,0.0,見送り(地合い🔴),,0.0,13.5,2.5,1.8,5074,5338.0,-0.9,1.3,6093,-
4480,メドレー,情報・通信業,6.8,★☆☆☆☆,0.0,0.0,3.3,0.0,3.5,0.0,0.0,0.0,見送り(地合い🔴),,0.0,13.3,3.2,2.3,1950,2085.0,0.1,2.0,328,出来高増2.0倍
4828,ビジネスエンジニアリング,情報・通信業,6.8,★☆☆☆☆,0.0,0.0,3.3,0.0,3.5,0.0,0.0,0.0,見送り(地合い🔴),,0.0,38.4,2.8,14.6,1194,1266.0,8.4,1.0,176,買い出来高優勢 / RSI過熱(86)⚠
8074,ＹＵＡＳＡ,卸売業,6.7,★☆☆☆☆,0.0,0.0,1.0,0.0,5.7,0.0,0.0,0.0,見送り(地合い🔴),,0.0,19.3,1.9,5.9,5551,5770.0,3.0,0.9,171,-
6016,ジャパンエンジンコーポレーション,輸送用機器,6.7,★☆☆☆☆,0.0,0.0,2.0,0.0,4.7,0.0,0.0,0.0,見送り(地合い🔴),,0.0,20.9,6.4,1.2,7520,8630.0,-5.4,1.3,1215,-
5851,リョービ,非鉄金属,6.7,★☆☆☆☆,0.0,0.0,3.0,0.0,3.7,0.0,0.0,0.0,見送り(地合い🔴),,0.0,7.3,1.7,-1.0,2432,2520.0,-0.0,1.6,272,-
2931,ユーグレナ,食料品,6.7,★☆☆☆☆,0.0,0.0,2.0,0.0,4.7,0.0,0.0,0.0,見送り(地合い🔴),,0.0,14.4,2.5,1.7,329,346.0,0.9,1.4,230,-
7972,イトーキ,その他製品,6.7,★☆☆☆☆,0.0,0.0,2.0,0.0,4.7,0.0,0.0,0.0,見送り(地合い🔴),,0.0,19.5,2.9,4.0,2717,2887.0,1.1,1.1,593,-
247A,Ａｉロボティクス,化学,6.7,★☆☆☆☆,0.0,0.0,2.0,0.0,4.7,0.0,0.0,0.0,見送り(地合い🔴),,0.0,15.6,3.6,1.8,749,808.0,2.1,1.3,662,-
8537,大光銀行,銀行業,6.7,★☆☆☆☆,0.0,0.0,5.7,0.0,1.0,0.0,0.0,0.0,見送り(地合い🔴),,0.0,5.5,3.8,-5.5,2421,2619.0,-5.7,3.9,134,出来高急増3.9倍
3153,八洲電機,卸売業,6.7,★☆☆☆☆,0.0,0.0,2.0,0.0,4.7,0.0,0.0,0.0,見送り(地合い🔴),,0.0,11.2,3.3,0.0,2628,2813.0,-1.3,1.5,155,-
4694,ビー・エム・エル,サービス業,6.7,★☆☆☆☆,0.0,0.0,2.0,0.0,4.7,0.0,0.0,0.0,見送り(地合い🔴),,0.0,13.0,1.8,2.1,3569,3700.0,3.2,1.5,256,-
543A,ＡＲＣＨＩＯＮ,輸送用機器,6.7,★☆☆☆☆,0.0,0.0,6.7,0.0,0.0,0.0,0.0,0.0,見送り(地合い🔴),,0.0,7.1,5.5,-5.4,249,280.0,-7.9,21.0,5454,出来高急増21.0倍 / 資金流入増
3984,ユーザーローカル,情報・通信業,6.7,★☆☆☆☆,2.5,0.0,0.0,0.0,4.2,0.0,0.0,0.0,見送り(地合い🔴),Microsoft,-3.3,19.4,2.8,2.8,1694,1795.0,1.2,0.6,141,Microsoft+2.3%連動(β0.44) / MA上昇配列
1870,矢作建設工業,建設業,6.7,★☆☆☆☆,0.0,0.0,2.0,0.0,4.7,0.0,0.0,0.0,見送り(地合い🔴),,0.0,17.2,1.4,4.2,1892,1946.0,1.6,1.4,240,-
8338,筑波銀行,銀行業,6.7,★☆☆☆☆,0.0,0.0,2.0,0.0,4.7,0.0,0.0,0.0,見送り(地合い🔴),,0.0,12.2,4.8,-2.3,562,622.0,-7.4,1.6,1059,-
6302,住友重機械工業,機械,6.7,★☆☆☆☆,0.0,0.0,2.0,0.0,4.7,0.0,0.0,0.0,見送り(地合い🔴),,0.0,11.8,3.7,-1.6,4758,5138.0,-1.5,1.7,3530,-
3288,オープンハウスグループ,不動産業,6.7,★☆☆☆☆,0.0,0.0,2.0,0.0,4.7,0.0,0.0,0.0,見送り(地合い🔴),,0.0,14.2,2.0,3.1,8453,8812.0,3.6,1.3,2211,-
1514,住石ホールディングス,鉱業,6.7,★☆☆☆☆,0.0,0.0,2.0,0.0,4.7,0.0,0.0,0.0,見送り(地合い🔴),,0.0,18.6,3.7,1.3,527,570.0,-4.2,0.8,179,-
8367,南都銀行,銀行業,6.7,★☆☆☆☆,0.0,0.0,4.7,0.0,2.0,0.0,0.0,0.0,見送り(地合い🔴),,0.0,9.9,3.7,-4.5,1626,1757.0,-7.5,3.9,877,出来高急増3.9倍
2980,ＳＲＥホールディングス,不動産業,6.7,★☆☆☆☆,0.0,0.0,2.0,0.0,4.7,0.0,0.0,0.0,見送り(地合い🔴),,0.0,20.1,3.1,3.3,2433,2596.0,2.6,0.7,746,-
6332,月島ホールディングス,機械,6.7,★☆☆☆☆,0.0,0.0,2.0,0.0,4.7,0.0,0.0,0.0,見送り(地合い🔴),,0.0,12.0,2.5,0.5,2523,2655.0,1.3,1.2,261,-
6986,双葉電子工業,電気機器,6.7,★☆☆☆☆,0.0,0.0,3.0,0.0,3.7,0.0,0.0,0.0,見送り(地合い🔴),,0.0,14.8,3.0,0.7,542,576.0,-1.9,1.9,173,-
1719,安藤・間,建設業,6.7,★☆☆☆☆,0.0,0.0,1.0,0.0,5.7,0.0,0.0,0.0,見送り(地合い🔴),,0.0,12.1,1.6,1.2,1770,1828.0,0.1,1.2,1186,-
4381,ビープラッツ,情報・通信業,6.6,★☆☆☆☆,0.0,0.0,4.0,0.0,2.5,0.0,0.1,0.0,見送り(地合い🔴),,0.0,83.8,33.8,-5.3,98,302.0,-14.7,1.0,211,資金流入増 / 開示[AI](13日前)
7138,ＴＯＲＩＣＯ,小売業,6.5,★☆☆☆☆,0.0,0.0,5.3,0.0,1.2,0.0,0.0,0.0,見送り(地合い🔴),,0.0,11.9,14.6,-7.7,88,124.0,-16.2,0.2,240,買い出来高優勢 / 資金流入増
2918,わらべや日洋ホールディングス,食料品,6.5,★☆☆☆☆,0.0,0.0,3.0,0.0,3.5,0.0,0.0,0.0,見送り(地合い🔴),,0.0,19.2,1.7,7.3,2774,2871.0,4.6,1.0,321,RSI過熱(88)⚠
5202,日本板硝子,ガラス・土石製品,6.5,★☆☆☆☆,0.0,0.0,1.0,0.0,5.5,0.0,0.0,0.0,見送り(地合い🔴),,0.0,10.9,0.3,0.4,481,483.0,0.0,1.2,360,MA上昇配列
7380,十六フィナンシャルグループ,銀行業,6.5,★☆☆☆☆,0.0,0.0,3.0,0.0,2.0,0.0,1.5,0.0,見送り(地合い🔴),,0.0,11.8,4.3,-2.8,2165,2369.0,-6.4,1.4,1223,開示[増配](7日前)
7803,ブシロード,その他製品,6.5,★☆☆☆☆,0.0,0.0,4.0,0.0,5.5,0.0,0.0,-3.0,見送り(地合い🔴),,0.0,54.3,6.5,16.5,347,399.0,6.1,0.6,692,資金流入増 / MA上昇配列 / 伸びすぎ注意(25MA+16%)
6380,オリエンタルチエン工業,機械,6.5,★☆☆☆☆,0.0,0.0,5.0,0.0,1.5,0.0,0.0,0.0,見送り(地合い🔴),,0.0,-4.8,9.0,-7.0,3271,3985.0,8.6,1.5,108,資金流入増
5992,中央発條,金属製品,6.5,★☆☆☆☆,0.0,0.0,4.0,0.0,2.5,0.0,0.0,0.0,見送り(地合い🔴),,0.0,7.6,3.4,-1.9,3441,3695.0,-3.7,1.5,215,資金流入増
7701,島津製作所,精密機器,6.5,★☆☆☆☆,0.0,0.0,1.0,0.0,5.5,0.0,0.0,0.0,見送り(地合い🔴),,0.0,10.5,2.6,0.6,3918,4129.0,1.7,0.9,4035,MA上昇配列
8308,りそなホールディングス,銀行業,6.3,★☆☆☆☆,0.0,0.0,4.3,0.0,2.0,0.0,0.0,0.0,見送り(地合い🔴),,0.0,16.8,3.4,-1.0,2092,2245.5,-3.3,1.4,21603,買い出来高優勢
3854,アイル,情報・通信業,6.3,★☆☆☆☆,0.0,0.0,5.3,0.0,1.0,0.0,0.0,0.0,見送り(地合い🔴),,0.0,16.7,2.4,1.8,2211,2321.0,1.9,2.1,216,出来高増2.1倍
5186,ニッタ,ゴム製品,6.2,★☆☆☆☆,0.0,0.0,3.0,0.0,3.2,0.0,0.0,0.0,見送り(地合い🔴),,0.0,16.0,3.8,-0.9,5770,6240.0,-2.8,0.7,539,-
8359,八十二長野銀行,銀行業,6.2,★☆☆☆☆,0.0,0.0,3.0,0.0,3.2,0.0,0.0,0.0,見送り(地合い🔴),,0.0,16.2,3.3,-0.0,2367,2532.0,-3.3,1.3,3478,-
6753,シャープ,電気機器,6.2,★☆☆☆☆,0.0,0.0,2.0,0.0,4.2,0.0,0.0,0.0,見送り(地合い🔴),,0.0,7.8,3.0,0.6,597,635.5999755859375,2.2,1.8,2095,MA上昇配列
4617,中国塗料,化学,6.2,★☆☆☆☆,0.0,0.0,2.0,0.0,4.2,0.0,0.0,0.0,見送り(地合い🔴),,0.0,19.0,3.3,1.0,3361,3600.0,-1.9,1.4,1190,MA上昇配列
8550,栃木銀行,銀行業,6.2,★☆☆☆☆,0.0,0.0,4.0,0.0,2.2,0.0,0.0,0.0,見送り(地合い🔴),,0.0,13.4,4.8,-2.0,864,956.0,-5.3,1.5,776,-
4575,キャンバス,医薬品,6.2,★☆☆☆☆,0.0,0.0,2.0,0.0,4.2,0.0,0.0,0.0,見送り(地合い🔴),,0.0,25.2,7.8,0.5,576,682.0,-4.5,1.0,263,資金流入増 / MA上昇配列
7180,九州フィナンシャルグループ,銀行業,6.2,★☆☆☆☆,0.0,0.0,3.0,0.0,3.2,0.0,0.0,0.0,見送り(地合い🔴),,0.0,15.4,3.3,-0.5,1412,1511.0,-4.7,1.7,1906,-
2120,ＬＩＦＵＬＬ,サービス業,6.2,★☆☆☆☆,0.0,0.0,0.0,0.0,6.2,0.0,0.0,0.0,見送り(地合い🔴),,0.0,13.3,2.3,2.2,193,202.0,0.5,1.1,105,MA上昇配列 / パーフェクトオーダー
7189,西日本フィナンシャルホールディングス,銀行業,6.2,★☆☆☆☆,0.0,0.0,3.0,0.0,3.2,0.0,0.0,0.0,見送り(地合い🔴),,0.0,13.4,3.4,-0.7,3981,4268.0,-2.5,1.6,1772,-
3696,セレス,情報・通信業,6.2,★☆☆☆☆,0.0,0.0,2.0,0.0,4.2,0.0,0.0,0.0,見送り(地合い🔴),,0.0,12.7,2.9,2.7,2020,2142.0,0.2,1.1,290,MA上昇配列
4483,ＪＭＤＣ,情報・通信業,6.2,★☆☆☆☆,0.0,0.0,2.0,0.0,4.2,0.0,0.0,0.0,見送り(地合い🔴),,0.0,23.5,3.3,5.2,3044,3260.0,-0.9,1.2,1075,MA上昇配列
8411,みずほフィナンシャルグループ,銀行業,6.2,★☆☆☆☆,0.0,0.0,3.0,0.0,3.2,0.0,0.0,0.0,見送り(地合い🔴),,0.0,15.0,3.7,-1.0,7519,8112.0,-4.9,1.4,78838,-
5334,日本特殊陶業,ガラス・土石製品,6.199999999999999,★☆☆☆☆,0.0,0.0,3.3,0.0,1.0,0.0,1.9,0.0,見送り(地合い🔴),,0.0,-5.0,4.3,-10.9,8296,9078.0,-6.9,2.5,10376,出来高増2.5倍 / 開示[自己株式の取得](5日前)
6324,ハーモニック・ドライブ・システムズ,機械,6.0,★☆☆☆☆,0.0,6.0,0.0,0.0,0.0,0.0,0.0,0.0,見送り(地合い🔴),,0.0,-19.9,11.3,-25.7,4211,5440.0,-20.9,1.1,14298,ロボット(-12.7%)
5817,ＪＭＡＣＳ,非鉄金属,6.0,★☆☆☆☆,0.0,0.0,2.0,0.0,4.0,0.0,0.0,0.0,見送り(地合い🔴),,0.0,9.6,8.2,-1.4,748,895.0,-4.5,0.5,159,-
6413,理想科学工業,機械,6.0,★☆☆☆☆,0.0,0.0,0.0,0.0,6.0,0.0,0.0,0.0,見送り(地合い🔴),,0.0,20.2,1.9,5.8,1030,1071.0,3.0,0.8,116,-
8131,ミツウロコグループホールディングス,卸売業,6.0,★☆☆☆☆,0.0,0.0,2.0,0.0,4.0,0.0,0.0,0.0,見送り(地合い🔴),,0.0,19.7,3.0,4.1,2016,2143.0,2.9,1.0,108,MA上昇配列
4385,メルカリ,情報・通信業,6.0,★☆☆☆☆,0.0,0.0,1.0,0.0,5.0,0.0,0.0,0.0,見送り(地合い🔴),,0.0,20.3,4.1,2.5,4132,4501.0,1.9,0.8,8189,MA上昇配列 / パーフェクトオーダー
8362,福井銀行,銀行業,6.0,★☆☆☆☆,0.0,0.0,4.0,0.0,2.0,0.0,0.0,0.0,見送り(地合い🔴),,0.0,15.1,4.8,-0.9,5220,5780.0,-2.4,1.7,453,-
7238,曙ブレーキ工業,輸送用機器,6.0,★☆☆☆☆,0.0,0.0,3.3,0.0,2.7,0.0,0.0,0.0,見送り(地合い🔴),,0.0,11.2,3.3,-1.7,100,107.0,-2.7,2.3,180,出来高増2.3倍
8876,リログループ,サービス業,6.0,★☆☆☆☆,0.0,0.0,0.0,0.0,6.0,0.0,0.0,0.0,見送り(地合い🔴),,0.0,15.0,2.3,3.3,1996,2091.5,3.8,0.8,1322,MA上昇配列 / パーフェクトオーダー
2325,ＮＪＳ,サービス業,6.0,★☆☆☆☆,0.0,0.0,1.0,0.0,5.0,0.0,0.0,0.0,見送り(地合い🔴),,0.0,6.7,2.4,2.0,4369,4590.0,4.6,1.4,137,-
3156,レスター,卸売業,6.0,★☆☆☆☆,0.0,0.0,3.3,0.0,2.7,0.0,0.0,0.0,見送り(地合い🔴),,0.0,0.3,4.0,-2.2,3473,3775.0,6.5,2.1,330,出来高増2.1倍
3903,ｇｕｍｉ,情報・通信業,6.0,★☆☆☆☆,0.0,0.0,1.0,0.0,5.0,0.0,0.0,0.0,見送り(地合い🔴),,0.0,19.4,3.4,4.2,232,249.0,2.0,0.8,128,-
2326,デジタルアーツ,情報・通信業,6.0,★☆☆☆☆,0.0,0.0,0.0,0.0,6.0,0.0,0.0,0.0,見送り(地合い🔴),,0.0,22.6,2.4,6.9,3966,4165.0,3.2,1.0,665,-
7013,ＩＨＩ,機械,6.0,★☆☆☆☆,0.0,6.0,0.0,0.0,0.0,0.0,0.0,0.0,見送り(地合い🔴),,0.0,11.8,4.2,-1.7,2521,2755.0,-0.9,1.0,35285,防衛(-2.3%)
1407,ウエストホールディングス,建設業,6.0,★☆☆☆☆,0.0,0.0,0.0,0.0,6.0,0.0,0.0,0.0,見送り(地合い🔴),,0.0,21.3,7.2,6.8,2266,2648.0,0.3,0.6,1910,-
5013,ユシロ,石油・石炭製品,6.0,★☆☆☆☆,0.0,0.0,3.3,0.0,2.5,0.0,0.2,0.0,見送り(地合い🔴),,0.0,11.2,5.1,-3.1,2565,2858.0,-4.3,2.4,202,出来高増2.4倍 / 開示[自己株式の取得](13日前)
4552,ＪＣＲファーマ,医薬品,6.0,★☆☆☆☆,0.0,0.0,0.0,0.0,6.0,0.0,0.0,0.0,見送り(地合い🔴),,0.0,21.9,3.2,6.4,483,517.0,-1.0,0.8,298,-
1822,大豊建設,建設業,6.0,★☆☆☆☆,0.0,0.0,1.0,0.0,5.0,0.0,0.0,0.0,見送り(地合い🔴),,0.0,14.6,2.0,0.9,757,788.0,-0.3,0.9,145,MA上昇配列
7711,助川電気工業,精密機器,6.0,★☆☆☆☆,0.0,6.0,0.0,0.0,0.0,0.0,0.0,0.0,見送り(地合い🔴),,0.0,-5.9,6.6,-13.9,3580,4120.0,-11.9,1.0,315,核融合(-8.8%)
4534,持田製薬,医薬品,6.0,★☆☆☆☆,0.0,0.0,0.0,0.0,6.0,0.0,0.0,0.0,見送り(地合い🔴),,0.0,11.9,1.5,2.9,3149,3245.0,3.3,1.2,195,-
5592,くすりの窓口,情報・通信業,5.800000000000001,★☆☆☆☆,0.0,0.0,1.0,0.0,3.7,0.0,1.1,0.0,見送り(地合い🔴),,0.0,20.0,2.7,2.9,2281,2413.0,5.5,0.9,176,開示[子会社化](6日前)
6525,ＫＯＫＵＳＡＩ　ＥＬＥＣＴＲＩＣ,電気機器,5.8,★☆☆☆☆,0.0,0.0,3.0,0.0,0.0,0.0,2.8,0.0,見送り(地合い🔴),,0.0,-34.0,14.7,-38.2,4265,6049.0,-30.8,1.5,85749,開示[自己株式の取得](1日前)
1663,Ｋ＆Ｏエナジーグループ,鉱業,5.7,★☆☆☆☆,0.0,0.0,3.0,0.0,2.7,0.0,0.0,0.0,見送り(地合い🔴),,0.0,6.3,2.5,-1.7,1735,1826.0,0.1,1.5,383,-
9119,飯野海運,海運業,5.7,★☆☆☆☆,0.0,0.0,1.0,0.0,4.7,0.0,0.0,0.0,見送り(地合い🔴),,0.0,18.5,2.2,3.0,1441,1509.0,1.1,0.9,293,-
338A,ＺｅｎｍｕＴｅｃｈ,情報・通信業,5.7,★☆☆☆☆,0.0,0.0,3.0,0.0,2.7,0.0,0.0,0.0,見送り(地合い🔴),,0.0,13.1,5.0,-1.5,1885,2093.0,3.0,1.2,107,-
7198,ＳＢＩアルヒ,その他金融業,5.7,★☆☆☆☆,0.0,0.0,1.0,0.0,4.7,0.0,0.0,0.0,見送り(地合い🔴),,0.0,14.4,1.5,2.2,792,816.0,1.9,1.2,102,-
1879,新日本建設,建設業,5.7,★☆☆☆☆,0.0,0.0,0.0,0.0,5.7,0.0,0.0,0.0,見送り(地合い🔴),,0.0,12.4,2.1,1.0,2019,2108.0,1.5,1.2,154,-
3656,ＫＬａｂ,情報・通信業,5.7,★☆☆☆☆,0.0,0.0,2.0,0.0,3.7,0.0,0.0,0.0,見送り(地合い🔴),,0.0,12.1,4.8,1.5,193,214.0,0.9,0.3,1292,-
6420,ガリレイ,機械,5.7,★☆☆☆☆,0.0,0.0,1.0,0.0,4.7,0.0,0.0,0.0,見送り(地合い🔴),,0.0,12.8,1.7,1.9,3266,3380.0,2.7,1.4,152,-
3252,地主,不動産業,5.7,★☆☆☆☆,0.0,0.0,0.0,0.0,5.7,0.0,0.0,0.0,見送り(地合い🔴),,0.0,12.8,1.8,1.5,2837,2941.0,0.5,0.9,277,-
8714,池田泉州ホールディングス,銀行業,5.7,★☆☆☆☆,0.0,0.0,4.7,0.0,1.0,0.0,0.0,0.0,見送り(地合い🔴),,0.0,10.5,4.3,-3.4,897,981.0,-6.6,3.2,1290,出来高急増3.2倍
3193,エターナルホスピタリティグループ,小売業,5.7,★☆☆☆☆,0.0,0.0,5.7,0.0,0.0,0.0,0.0,0.0,見送り(地合い🔴),,0.0,-35.8,10.9,-46.8,1135,1451.5,-49.1,8.5,258,出来高急増8.5倍
5262,日本ヒューム,ガラス・土石製品,5.7,★☆☆☆☆,0.0,0.0,2.0,0.0,3.7,0.0,0.0,0.0,見送り(地合い🔴),,0.0,8.3,2.5,0.1,984,1037.0,1.9,1.8,195,-
1802,大林組,建設業,5.7,★☆☆☆☆,0.0,0.0,1.0,0.0,4.7,0.0,0.0,0.0,見送り(地合い🔴),,0.0,10.4,2.4,0.3,3108,3263.0,0.1,1.4,7134,-
9533,東邦瓦斯,電気・ガス業,5.7,★☆☆☆☆,0.0,0.0,1.0,0.0,4.7,0.0,0.0,0.0,見送り(地合い🔴),,0.0,11.1,1.9,1.1,1179,1226.0,1.0,1.5,935,-
9409,テレビ朝日ホールディングス,情報・通信業,5.7,★☆☆☆☆,0.0,0.0,1.0,0.0,4.7,0.0,0.0,0.0,見送り(地合い🔴),,0.0,14.2,2.1,3.1,3129,3265.0,4.0,1.1,615,-
3491,ＧＡ　ｔｅｃｈｎｏｌｏｇｉｅｓ,不動産業,5.7,★☆☆☆☆,0.0,0.0,2.0,0.0,3.7,0.0,0.0,0.0,見送り(地合い🔴),,0.0,13.1,3.6,1.9,1282,1380.0,2.6,1.6,222,-
3482,ロードスターキャピタル,不動産業,5.7,★☆☆☆☆,0.0,0.0,2.0,0.0,3.7,0.0,0.0,0.0,見送り(地合い🔴),,0.0,18.4,2.3,1.0,2600,2724.0,-0.9,0.7,388,-
7678,あさくま,小売業,5.7,★☆☆☆☆,0.0,0.0,5.7,0.0,0.0,0.0,0.0,0.0,見送り(地合い🔴),,0.0,-41.2,10.9,-50.1,2478,3165.0,-50.5,11.7,105,出来高急増11.7倍
4887,サワイグループホールディングス,医薬品,5.7,★☆☆☆☆,0.0,0.0,2.0,0.0,3.7,0.0,0.0,0.0,見送り(地合い🔴),,0.0,11.7,1.6,1.6,1655,1710.5,1.8,1.6,693,-
3662,エイチームホールディングス,情報・通信業,5.7,★☆☆☆☆,0.0,0.0,5.7,0.0,0.0,0.0,0.0,0.0,見送り(地合い🔴),,0.0,8.8,1.0,-1.5,964,983.0,-1.9,3.5,117,出来高急増3.5倍
4813,ＡＣＣＥＳＳ,情報・通信業,5.7,★☆☆☆☆,0.0,0.0,2.0,0.0,3.7,0.0,0.0,0.0,見送り(地合い🔴),,0.0,9.6,4.7,0.1,311,343.0,0.9,0.3,271,資金流入増
4432,ウイングアーク１ｓｔ,情報・通信業,5.699999999999999,★☆☆☆☆,0.0,0.0,4.0,0.0,6.7,0.0,0.0,-5.0,見送り(地合い🔴),,0.0,48.0,3.3,22.6,3017,3230.0,12.4,1.0,984,資金流入増 / MA上昇配列 / 過熱⚠25MA+23%
9304,澁澤倉庫,倉庫・運輸関連業,5.6,★☆☆☆☆,0.0,0.0,3.0,0.0,0.0,0.0,2.6,0.0,見送り(地合い🔴),,0.0,17.9,5.4,-5.6,1521,1706.0,-7.2,1.1,763,資金流入増 / 開示[自己株式の取得](2日前)
276A,ククレブ・アドバイザーズ,不動産業,5.5,★☆☆☆☆,0.0,0.0,4.3,0.0,1.2,0.0,0.0,0.0,見送り(地合い🔴),,0.0,18.5,6.8,-2.0,2890,3345.0,-8.0,0.7,221,買い出来高優勢
5632,三菱製鋼,鉄鋼,5.5,★☆☆☆☆,0.0,0.0,3.3,0.0,2.2,0.0,0.0,0.0,見送り(地合い🔴),,0.0,8.7,2.7,-1.7,2003,2119.0,-1.4,2.0,136,出来高増2.0倍
3299,ムゲンエステート,不動産業,5.5,★☆☆☆☆,0.0,0.0,2.0,0.0,3.5,0.0,0.0,0.0,見送り(地合い🔴),,0.0,21.0,2.3,4.4,1887,1977.0,-1.1,0.6,300,-
7537,丸文,卸売業,5.5,★☆☆☆☆,0.0,0.0,3.3,0.0,2.2,0.0,0.0,0.0,見送り(地合い🔴),,0.0,6.6,3.9,-4.4,1471,1595.0,-6.2,2.9,173,出来高増2.9倍
6370,栗田工業,機械,5.5,★☆☆☆☆,0.0,0.0,2.0,0.0,1.0,0.0,2.5,0.0,見送り(地合い🔴),,0.0,-0.4,4.3,-9.2,7480,8178.0,-8.2,1.6,3985,開示[業績予想の修正](0日前)
6677,エスケーエレクトロニクス,電気機器,5.5,★☆☆☆☆,0.0,0.0,3.3,0.0,2.2,0.0,0.0,0.0,見送り(地合い🔴),,0.0,5.5,3.3,-3.8,3088,3305.0,-2.7,2.2,180,出来高増2.2倍
8508,Ｊトラスト,その他金融業,5.5,★☆☆☆☆,0.0,0.0,3.3,0.0,2.2,0.0,0.0,0.0,見送り(地合い🔴),,0.0,4.2,4.5,-6.6,698,767.0,-9.1,2.1,650,出来高増2.1倍
9436,沖縄セルラー電話,情報・通信業,5.3,★☆☆☆☆,0.0,0.0,3.3,0.0,2.0,0.0,0.0,0.0,見送り(地合い🔴),,0.0,12.0,1.9,-0.7,3596,3735.0,-1.3,2.5,386,出来高増2.5倍
1930,北陸電気工事,建設業,5.3,★☆☆☆☆,0.0,0.0,4.3,0.0,1.0,0.0,0.0,0.0,見送り(地合い🔴),,0.0,-1.6,3.9,-9.8,1350,1466.0,-7.3,2.8,165,出来高増2.8倍
4044,セントラル硝子,化学,5.3,★☆☆☆☆,0.0,0.0,3.3,0.0,2.0,0.0,0.0,0.0,見送り(地合い🔴),,0.0,3.1,2.5,-3.4,3898,4105.0,-1.4,2.3,271,出来高増2.3倍
2438,アスカネット,サービス業,5.3,★☆☆☆☆,0.0,0.0,5.3,0.0,0.0,0.0,0.0,0.0,見送り(地合い🔴),,0.0,14.7,3.5,-4.5,303,326.0,-1.5,0.1,126,買い出来高優勢 / 資金流入増
7236,ティラド,輸送用機器,5.2,★☆☆☆☆,0.0,0.0,2.0,0.0,3.2,0.0,0.0,0.0,見送り(地合い🔴),,0.0,12.0,3.5,-2.1,1363,1467.0,-3.7,1.9,395,-
7716,ナカニシ,精密機器,5.2,★☆☆☆☆,0.0,0.0,3.0,0.0,2.2,0.0,0.0,0.0,見送り(地合い🔴),,0.0,9.8,2.6,-1.4,2825,2978.0,-2.0,1.9,599,-
1939,四電工,建設業,5.2,★☆☆☆☆,0.0,0.0,2.0,0.0,3.2,0.0,0.0,0.0,見送り(地合い🔴),,0.0,6.4,2.2,-1.1,1896,1983.0,0.5,1.8,145,-
6652,ＩＤＥＣ,電気機器,5.2,★☆☆☆☆,0.0,0.0,3.0,0.0,2.2,0.0,0.0,0.0,見送り(地合い🔴),,0.0,9.8,2.9,-1.4,3060,3245.0,-0.2,1.7,313,-
7744,ノーリツ鋼機,精密機器,5.2,★☆☆☆☆,0.0,0.0,3.0,0.0,2.2,0.0,0.0,0.0,見送り(地合い🔴),,0.0,8.5,2.4,-1.1,1887,1982.0,-0.6,1.7,502,-
6340,澁谷工業,機械,5.2,★☆☆☆☆,0.0,0.0,2.0,0.0,3.2,0.0,0.0,0.0,見送り(地合い🔴),,0.0,6.4,3.1,-2.0,3997,4260.0,-1.2,1.3,190,-
8360,山梨中央銀行,銀行業,5.2,★☆☆☆☆,0.0,0.0,3.0,0.0,2.2,0.0,0.0,0.0,見送り(地合い🔴),,0.0,15.1,5.0,-0.4,5834,6480.0,-3.4,1.8,969,-
3632,グリーホールディングス,情報・通信業,5.2,★☆☆☆☆,0.0,0.0,1.0,0.0,4.2,0.0,0.0,0.0,見送り(地合い🔴),,0.0,16.9,1.7,3.1,387,401.0,1.8,1.1,235,MA上昇配列
4377,ワンキャリア,情報・通信業,5.0,★☆☆☆☆,0.0,0.0,2.0,0.0,3.0,0.0,0.0,0.0,見送り(地合い🔴),,0.0,18.7,3.4,3.7,1973,2119.0,4.9,1.9,124,MA上昇配列
4028,石原産業,化学,5.0,★☆☆☆☆,0.0,0.0,1.0,0.0,4.0,0.0,0.0,0.0,見送り(地合い🔴),,0.0,10.2,3.5,-1.2,2645,2845.0,-5.6,1.2,768,-
5243,ｎｏｔｅ,情報・通信業,5.0,★☆☆☆☆,0.0,0.0,4.0,0.0,1.0,0.0,0.0,0.0,見送り(地合い🔴),,0.0,17.8,7.9,1.6,1739,2065.0,7.0,0.3,1466,資金流入増
7182,ゆうちょ銀行,銀行業,5.0,★☆☆☆☆,0.0,0.0,3.0,0.0,2.0,0.0,0.0,0.0,見送り(地合い🔴),,0.0,15.2,3.3,-0.9,3005,3216.0,-5.7,1.7,20657,-
8707,岩井コスモホールディングス,証券、商品先物取引業,5.0,★☆☆☆☆,0.0,0.0,3.0,0.0,2.0,0.0,0.0,0.0,見送り(地合い🔴),,0.0,12.0,3.3,-2.3,3786,4055.0,-4.4,1.8,487,-
6653,正興電機製作所,電気機器,4.9,★☆☆☆☆,0.0,0.0,3.3,0.0,0.0,0.0,1.6,0.0,見送り(地合い🔴),,0.0,-4.7,5.3,-11.8,1798,2011.0,-9.4,2.7,378,出来高増2.7倍 / 開示[業績予想の修正](5日前)
1723,日本電技,建設業,4.8,★☆☆☆☆,0.0,0.0,3.3,0.0,1.5,0.0,0.0,0.0,見送り(地合い🔴),,0.0,0.5,7.5,-7.9,1788,2101.0,-2.8,2.1,563,出来高増2.1倍
5842,インテグラル,証券、商品先物取引業,4.7,★☆☆☆☆,0.0,0.0,1.0,0.0,3.7,0.0,0.0,0.0,見送り(地合い🔴),,0.0,15.5,3.5,1.8,2686,2890.0,3.5,1.0,257,-
7412,アトム,小売業,4.7,★☆☆☆☆,0.0,0.0,1.0,0.0,3.7,0.0,0.0,0.0,見送り(地合い🔴),,0.0,14.2,3.0,2.9,365,388.0,1.6,1.3,252,-
1813,不動テトラ,建設業,4.7,★☆☆☆☆,0.0,0.0,4.7,0.0,0.0,0.0,0.0,0.0,見送り(地合い🔴),,0.0,6.5,3.0,-3.1,2464,2620.0,-4.2,5.1,204,出来高急増5.1倍
3457,Ａｎｄ　Ｄｏホールディングス,不動産業,4.7,★☆☆☆☆,0.0,0.0,1.0,0.0,3.7,0.0,0.0,0.0,見送り(地合い🔴),,0.0,11.9,1.7,1.0,928,961.0,2.3,0.8,102,-
141A,トライアルホールディングス,小売業,4.7,★☆☆☆☆,0.0,0.0,0.0,0.0,4.7,0.0,0.0,0.0,見送り(地合い🔴),,0.0,11.7,2.7,0.4,2874,3035.0,1.0,0.9,1672,-
1835,東鉄工業,建設業,4.7,★☆☆☆☆,0.0,0.0,2.0,0.0,2.7,0.0,0.0,0.0,見送り(地合い🔴),,0.0,9.2,2.1,-0.3,3993,4170.0,2.1,1.7,308,-
4043,トクヤマ,化学,4.7,★☆☆☆☆,0.0,0.0,4.7,0.0,0.0,0.0,0.0,0.0,見送り(地合い🔴),,0.0,-9.8,5.9,-17.0,3452,3911.0,-16.5,3.9,3164,出来高急増3.9倍
8309,三井住友トラストグループ,銀行業,4.7,★☆☆☆☆,0.0,0.0,4.7,0.0,0.0,0.0,0.0,0.0,見送り(地合い🔴),,0.0,-61.5,30.1,-72.8,681,1710.5,-75.0,5.5,17153,出来高急増5.5倍
1946,トーエネック,建設業,4.7,★☆☆☆☆,0.0,0.0,4.7,0.0,0.0,0.0,0.0,0.0,見送り(地合い🔴),,0.0,-1.0,3.8,-8.1,1841,1993.0,-4.2,3.2,374,出来高急増3.2倍
6864,エヌエフホールディングス,電気機器,4.7,★☆☆☆☆,0.0,0.0,4.7,0.0,0.0,0.0,0.0,0.0,見送り(地合い🔴),,0.0,-10.3,4.8,-14.6,1270,1405.0,-8.9,3.1,114,出来高急増3.1倍
4516,日本新薬,医薬品,4.7,★☆☆☆☆,0.0,0.0,4.7,0.0,0.0,0.0,0.0,0.0,見送り(地合い🔴),,0.0,-1.4,3.5,-11.6,3305,3550.0,-11.7,6.0,1445,出来高急増6.0倍
4549,栄研化学,医薬品,4.7,★☆☆☆☆,0.0,0.0,2.0,0.0,2.7,0.0,0.0,0.0,見送り(地合い🔴),,0.0,9.0,3.3,-1.4,2350,2515.0,-1.8,1.7,479,-
7915,ＮＩＳＳＨＡ,その他製品,4.7,★☆☆☆☆,0.0,0.0,2.0,0.0,2.7,0.0,0.0,0.0,見送り(地合い🔴),,0.0,7.4,2.3,-1.7,1263,1325.0,-2.1,1.5,247,-
5707,東邦亜鉛,非鉄金属,4.7,★☆☆☆☆,0.0,0.0,2.0,0.0,2.7,0.0,0.0,0.0,見送り(地合い🔴),,0.0,13.8,5.9,-1.1,711,805.0,-2.9,1.3,305,-
6269,三井海洋開発,機械,4.7,★☆☆☆☆,0.0,0.0,0.0,0.0,4.7,0.0,0.0,0.0,見送り(地合い🔴),,0.0,17.2,3.9,0.9,9153,9930.0,-0.9,1.2,5598,-
2337,いちご,不動産業,4.5,★☆☆☆☆,0.0,0.0,2.0,0.0,2.5,0.0,0.0,0.0,見送り(地合い🔴),,0.0,8.2,2.8,-0.7,407,431.0,1.9,1.2,370,-
6890,フェローテック,電気機器,4.5,★☆☆☆☆,0.0,0.0,2.0,0.0,0.0,0.0,2.5,0.0,見送り(地合い🔴),,0.0,-13.7,10.9,-15.5,5669,7250.0,-2.6,1.5,12982,開示[業績予想の修正](7日前) / 開示[業績予想の修正](7日前)
1951,エクシオグループ,建設業,4.5,★☆☆☆☆,0.0,0.0,2.0,0.0,2.5,0.0,0.0,0.0,見送り(地合い🔴),,0.0,6.0,2.2,-1.4,2531,2645.0,2.1,1.3,1526,-
6958,日本シイエムケイ,電気機器,4.5,★☆☆☆☆,0.0,0.0,3.3,0.0,1.2,0.0,0.0,0.0,見送り(地合い🔴),,0.0,-1.3,5.4,-10.4,515,578.0,-11.3,2.3,469,出来高増2.3倍
7917,ＺＡＣＲＯＳ,化学,4.5,★☆☆☆☆,0.0,0.0,1.0,0.0,3.5,0.0,0.0,0.0,見送り(地合い🔴),,0.0,7.6,3.5,-1.2,1248,1341.0,-3.7,1.3,226,-
8078,阪和興業,卸売業,4.5,★☆☆☆☆,0.0,0.0,2.0,0.0,2.5,0.0,0.0,0.0,見送り(地合い🔴),,0.0,10.6,2.4,-0.7,1619,1701.0,-1.3,1.1,796,-
7995,バルカー,化学,4.5,★☆☆☆☆,0.0,0.0,2.0,0.0,0.0,0.0,2.5,0.0,見送り(地合い🔴),,0.0,-6.8,5.0,-12.4,5364,5960.0,-8.3,1.7,619,開示[業績予想の修正](0日前)
8303,ＳＢＩ新生銀行,銀行業,4.5,★☆☆☆☆,0.0,0.0,3.0,0.0,1.5,0.0,0.0,0.0,見送り(地合い🔴),,0.0,13.5,2.3,-0.6,1359,1425.5,-1.2,1.7,4497,-
6524,湖北工業,電気機器,4.5,★☆☆☆☆,0.0,0.0,2.0,0.0,0.0,0.0,2.5,0.0,見送り(地合い🔴),,0.0,-17.5,7.4,-20.4,3277,3845.0,-18.8,1.8,945,開示[業績予想の修正](0日前)
8844,コスモスイニシア,不動産業,4.3,★☆☆☆☆,0.0,0.0,2.0,0.0,1.0,0.0,1.3,0.0,見送り(地合い🔴),,0.0,13.9,2.8,-0.9,1273,1348.0,-1.5,0.6,134,開示[自己株式の取得](8日前)
3374,内外テック,卸売業,4.3,★☆☆☆☆,0.0,0.0,3.3,0.0,1.0,0.0,0.0,0.0,見送り(地合い🔴),,0.0,-2.8,5.7,-12.2,2577,2908.0,-13.8,2.1,127,出来高増2.1倍 / 開示[子会社化](14日前)
1965,テクノ菱和,建設業,4.3,★☆☆☆☆,0.0,0.0,4.3,0.0,0.0,0.0,0.0,0.0,見送り(地合い🔴),,0.0,5.3,6.5,-9.8,4737,5440.0,-12.1,2.4,396,出来高増2.4倍
6785,鈴木,電気機器,4.3,★☆☆☆☆,0.0,0.0,3.3,0.0,1.0,0.0,0.0,0.0,見送り(地合い🔴),,0.0,-3.8,4.9,-11.5,2526,2798.0,-8.9,2.3,231,出来高増2.3倍
3922,ＰＲ　ＴＩＭＥＳ,情報・通信業,4.3,★☆☆☆☆,0.0,0.0,4.3,0.0,0.0,0.0,0.0,0.0,見送り(地合い🔴),,0.0,2.3,3.3,-7.2,1961,2101.0,0.0,2.1,156,出来高増2.1倍
9941,太洋物産,卸売業,4.3,★☆☆☆☆,0.0,0.0,4.3,0.0,0.0,0.0,0.0,0.0,見送り(地合い🔴),,0.0,6.6,7.3,-9.2,1061,1242.0,-5.3,0.2,350,買い出来高優勢
4091,日本酸素ホールディングス,化学,4.3,★☆☆☆☆,0.0,0.0,3.3,0.0,1.0,0.0,0.0,0.0,見送り(地合い🔴),,0.0,7.5,3.0,-3.0,5487,5835.0,-2.2,2.2,3095,出来高増2.2倍
6135,牧野フライス製作所,機械,4.3,★☆☆☆☆,0.0,0.0,3.3,0.0,1.0,0.0,0.0,0.0,見送り(地合い🔴),,0.0,1.9,2.6,-6.1,13216,13930.0,-3.9,2.0,2765,出来高増2.0倍
3106,倉敷紡績,繊維製品,4.3,★☆☆☆☆,0.0,0.0,3.3,0.0,1.0,0.0,0.0,0.0,見送り(地合い🔴),,0.0,4.1,4.3,-7.2,8561,9370.0,-9.4,2.1,399,出来高増2.1倍
4966,上村工業,化学,4.3,★☆☆☆☆,0.0,0.0,4.3,0.0,0.0,0.0,0.0,0.0,見送り(地合い🔴),,0.0,-16.1,7.3,-18.3,17266,20230.0,-15.4,2.3,1889,出来高増2.3倍
8137,サンワテクノス,卸売業,4.3,★☆☆☆☆,0.0,0.0,3.3,0.0,1.0,0.0,0.0,0.0,見送り(地合い🔴),,0.0,10.9,3.3,-2.6,3426,3670.0,-2.5,2.5,247,出来高増2.5倍
5121,藤倉コンポジット,ゴム製品,4.3,★☆☆☆☆,0.0,0.0,3.3,0.0,1.0,0.0,0.0,0.0,見送り(地合い🔴),,0.0,5.6,2.4,-4.1,2313,2432.0,-2.3,2.0,181,出来高増2.0倍
8368,百五銀行,銀行業,4.3,★☆☆☆☆,0.0,0.0,3.3,0.0,1.0,0.0,0.0,0.0,見送り(地合い🔴),,0.0,7.0,4.5,-5.7,1744,1915.0,-6.9,2.1,1555,出来高増2.1倍
8117,中央自動車工業,卸売業,4.3,★☆☆☆☆,0.0,0.0,3.3,0.0,1.0,0.0,0.0,0.0,見送り(地合い🔴),,0.0,10.0,2.7,-3.1,1908,2017.0,-4.3,2.4,157,出来高増2.4倍
8050,セイコーグループ,精密機器,4.3,★☆☆☆☆,0.0,0.0,3.3,0.0,1.0,0.0,0.0,0.0,見送り(地合い🔴),,0.0,-4.0,6.0,-9.6,6081,6910.0,-11.0,2.1,2267,出来高増2.1倍
4228,積水化成品工業,化学,4.3,★☆☆☆☆,0.0,0.0,3.3,0.0,1.0,0.0,0.0,0.0,見送り(地合い🔴),,0.0,4.4,3.3,-5.3,464,497.0,-4.8,2.2,127,出来高増2.2倍
6310,井関農機,機械,4.2,★☆☆☆☆,0.0,0.0,3.0,0.0,1.2,0.0,0.0,0.0,見送り(地合い🔴),,0.0,15.1,3.6,-0.4,1689,1818.0,-4.4,1.6,185,-
4095,日本パーカライジング,化学,4.2,★☆☆☆☆,0.0,0.0,2.0,0.0,2.2,0.0,0.0,0.0,見送り(地合い🔴),,0.0,8.9,1.8,-0.5,1612,1673.0,0.1,1.8,356,-
6841,横河電機,電気機器,4.2,★☆☆☆☆,0.0,0.0,2.0,0.0,2.2,0.0,0.0,0.0,見送り(地合い🔴),,0.0,8.9,3.5,-1.3,5166,5560.0,-2.9,1.4,5989,-
4208,ＵＢＥ,化学,4.2,★☆☆☆☆,0.0,0.0,1.0,0.0,3.2,0.0,0.0,0.0,見送り(地合い🔴),,0.0,10.4,2.4,-0.7,3034,3185.0,-1.7,1.5,2680,-
8624,いちよし証券,証券、商品先物取引業,4.2,★☆☆☆☆,0.0,0.0,2.0,0.0,2.2,0.0,0.0,0.0,見送り(地合い🔴),,0.0,14.8,4.5,-0.4,1337,1469.0,-6.4,1.7,202,-
8151,東陽テクニカ,卸売業,4.2,★☆☆☆☆,0.0,0.0,2.0,0.0,2.2,0.0,0.0,0.0,見送り(地合い🔴),,0.0,8.8,2.9,-1.7,1807,1917.0,-2.4,1.7,201,-
4188,三菱ケミカルグループ,化学,4.2,★☆☆☆☆,0.0,0.0,1.0,0.0,3.2,0.0,0.0,0.0,見送り(地合い🔴),,0.0,12.6,3.3,-0.9,1080,1155.5,-3.3,1.3,6984,-
6103,オークマ,機械,4.2,★☆☆☆☆,0.0,0.0,1.0,0.0,3.2,0.0,0.0,0.0,見送り(地合い🔴),,0.0,13.3,3.9,-1.1,4395,4765.0,-2.6,1.2,2372,-
3132,マクニカホールディングス,卸売業,4.2,★☆☆☆☆,0.0,0.0,2.0,0.0,2.2,0.0,0.0,0.0,見送り(地合い🔴),,0.0,4.2,6.4,-8.8,2576,2954.0,-12.3,1.8,3051,-
278A,Ｔｅｒｒａ　Ｄｒｏｎｅ,精密機器,4.2,★☆☆☆☆,0.0,0.0,3.0,0.0,1.2,0.0,0.0,0.0,見送り(地合い🔴),,0.0,41.9,18.2,-3.8,6450,10140.0,-34.8,0.6,20941,-
7725,インターアクション,精密機器,4.2,★☆☆☆☆,0.0,0.0,3.0,0.0,1.2,0.0,0.0,0.0,見送り(地合い🔴),,0.0,-2.5,7.0,-10.1,1376,1600.0,-8.5,0.9,421,-
5726,大阪チタニウムテクノロジーズ,非鉄金属,4.2,★☆☆☆☆,0.0,0.0,3.0,0.0,1.2,0.0,0.0,0.0,見送り(地合い🔴),,0.0,2.4,6.4,-5.4,2186,2506.0,-4.8,1.5,1324,-
5989,エイチワン,金属製品,4.2,★☆☆☆☆,0.0,0.0,2.0,0.0,2.2,0.0,0.0,0.0,見送り(地合い🔴),,0.0,12.1,2.5,-0.1,1476,1553.0,-2.7,1.0,189,-
6023,ダイハツインフィニアース,輸送用機器,4.2,★☆☆☆☆,0.0,0.0,3.0,0.0,1.2,0.0,0.0,0.0,見送り(地合い🔴),,0.0,9.7,4.7,-4.6,2310,2548.0,-7.9,1.6,385,-
7745,Ａ＆Ｄホロンホールディングス,精密機器,4.2,★☆☆☆☆,0.0,0.0,2.0,0.0,2.2,0.0,0.0,0.0,見送り(地合い🔴),,0.0,8.7,3.9,-1.9,2610,2829.0,-1.3,1.9,275,-
7970,信越ポリマー,化学,4.0,★☆☆☆☆,0.0,0.0,3.0,0.0,1.0,0.0,0.0,0.0,見送り(地合い🔴),,0.0,-2.1,4.1,-12.2,1933,2106.0,-15.4,1.4,684,資金流入増
8366,滋賀銀行,銀行業,4.0,★☆☆☆☆,0.0,0.0,3.0,0.0,1.0,0.0,0.0,0.0,見送り(地合い🔴),,0.0,4.2,5.3,-7.7,2189,2449.0,-9.6,1.3,3465,資金流入増
4446,Ｌｉｎｋ－Ｕグループ,情報・通信業,4.0,★☆☆☆☆,0.0,0.0,4.0,0.0,0.0,0.0,0.0,0.0,見送り(地合い🔴),,0.0,3.2,6.0,-1.5,704,800.0,3.0,0.1,368,資金流入増
3465,ケイアイスター不動産,不動産業,4.0,★☆☆☆☆,0.0,0.0,3.0,0.0,1.0,0.0,0.0,0.0,見送り(地合い🔴),,0.0,9.0,2.5,-0.8,3467,3650.0,-0.5,1.4,272,-
6806,ヒロセ電機,電気機器,4.0,★☆☆☆☆,0.0,0.0,3.0,0.0,1.0,0.0,0.0,0.0,見送り(地合い🔴),,0.0,0.3,4.2,-7.4,23799,25980.0,-7.7,1.6,4699,-
7599,ＩＤＯＭ,卸売業,4.0,★☆☆☆☆,0.0,0.0,3.0,0.0,1.0,0.0,0.0,0.0,見送り(地合い🔴),,0.0,4.9,3.4,-5.1,1200,1287.0,-0.2,1.5,1517,-
8361,大垣共立銀行,銀行業,4.0,★☆☆☆☆,0.0,0.0,3.0,0.0,1.0,0.0,0.0,0.0,見送り(地合い🔴),,0.0,11.3,4.9,-4.8,6621,7340.0,-4.9,1.6,1509,-
1982,日比谷総合設備,建設業,4.0,★☆☆☆☆,0.0,0.0,3.0,0.0,1.0,0.0,0.0,0.0,見送り(地合い🔴),,0.0,0.4,4.1,-6.8,2551,2778.0,-3.8,1.7,257,-
7912,大日本印刷,その他製品,4.0,★☆☆☆☆,0.0,0.0,2.0,0.0,2.0,0.0,0.0,0.0,見送り(地合い🔴),,0.0,11.4,2.8,-2.6,2825,2991.0,-5.1,1.3,5184,-
4935,リベルタ,化学,4.0,★☆☆☆☆,0.0,0.0,4.0,0.0,0.0,0.0,0.0,0.0,見送り(地合い🔴),,0.0,1.7,18.6,-16.6,156,248.0,-10.8,0.5,1845,資金流入増
6282,オイレス工業,機械,4.0,★☆☆☆☆,0.0,0.0,2.0,0.0,2.0,0.0,0.0,0.0,見送り(地合い🔴),,0.0,11.9,1.8,-0.4,2710,2810.0,-0.5,1.2,188,-
6339,新東工業,機械,4.0,★☆☆☆☆,0.0,0.0,3.0,0.0,1.0,0.0,0.0,0.0,見送り(地合い🔴),,0.0,5.5,2.7,-3.9,1080,1141.0,-1.7,1.5,119,-
6952,カシオ計算機,電気機器,3.8,★☆☆☆☆,0.0,0.0,0.0,0.0,1.0,0.0,2.8,0.0,見送り(地合い🔴),,0.0,0.6,2.8,-5.8,1638,1733.5,-3.7,1.2,1737,開示[自己株式の取得](1日前)
5857,ＡＲＥホールディングス,非鉄金属,3.7,★☆☆☆☆,0.0,0.0,1.0,0.0,2.7,0.0,0.0,0.0,見送り(地合い🔴),,0.0,12.5,3.3,-0.5,2797,2993.0,-2.3,1.3,1923,-
5702,大紀アルミニウム工業所,非鉄金属,3.7,★☆☆☆☆,0.0,0.0,1.0,0.0,2.7,0.0,0.0,0.0,見送り(地合い🔴),,0.0,8.2,3.0,-2.6,1366,1453.0,-2.2,1.4,403,-
9519,レノバ,電気・ガス業,3.7,★☆☆☆☆,0.0,0.0,0.0,0.0,3.7,0.0,0.0,0.0,見送り(地合い🔴),,0.0,8.0,4.3,-0.7,880,963.0,-3.4,0.8,768,-
4620,藤倉化成,化学,3.7,★☆☆☆☆,0.0,0.0,2.0,0.0,0.0,0.0,1.7,0.0,見送り(地合い🔴),,0.0,-9.6,4.8,-15.8,752,831.0,-13.4,1.7,106,開示[自己株式の取得](6日前)
6644,大崎電気工業,電気機器,3.7,★☆☆☆☆,0.0,0.0,1.0,0.0,2.7,0.0,0.0,0.0,見送り(地合い🔴),,0.0,7.3,2.9,-3.3,1357,1442.0,-4.4,1.5,276,-
2432,ディー・エヌ・エー,情報・通信業,3.7,★☆☆☆☆,0.0,0.0,0.0,0.0,3.7,0.0,0.0,0.0,見送り(地合い🔴),,0.0,14.1,1.9,2.3,2449,2544.5,4.7,1.0,3126,-
6810,マクセル,電気機器,3.7,★☆☆☆☆,0.0,0.0,0.0,0.0,3.7,0.0,0.0,0.0,見送り(地合い🔴),,0.0,7.6,2.6,-1.6,1969,2075.0,-1.2,1.0,363,-
6330,東洋エンジニアリング,建設業,3.7,★☆☆☆☆,0.0,0.0,1.0,0.0,2.7,0.0,0.0,0.0,見送り(地合い🔴),,0.0,4.0,6.2,-3.9,1655,1891.0,-0.6,1.3,3837,-
4894,クオリプス,医薬品,3.7,★☆☆☆☆,0.0,0.0,0.0,0.0,0.0,0.0,3.7,0.0,見送り(地合い🔴),,0.0,8.1,8.1,-4.2,3551,4235.0,1.2,0.8,696,開示[上方修正](1日前)
5703,日本軽金属ホールディングス,非鉄金属,3.7,★☆☆☆☆,0.0,0.0,1.0,0.0,2.7,0.0,0.0,0.0,見送り(地合い🔴),,0.0,5.2,3.1,-4.8,2425,2584.0,-4.4,1.4,876,-
4972,綜研化学,化学,3.6,★☆☆☆☆,0.0,0.0,2.0,0.0,0.0,0.0,1.6,0.0,見送り(地合い🔴),,0.0,-2.6,7.2,-13.2,2555,2981.0,-21.1,1.3,361,開示[買収](5日前)
4592,サンバイオ,医薬品,3.5,★☆☆☆☆,0.0,0.0,2.0,0.0,1.5,0.0,0.0,0.0,見送り(地合い🔴),,0.0,0.4,6.0,-9.8,791,900.0,-10.4,1.6,813,-
7740,タムロン,精密機器,3.5,★☆☆☆☆,0.0,0.0,0.0,0.0,3.5,0.0,0.0,0.0,見送り(地合い🔴),,0.0,8.4,2.0,-0.6,1089,1134.0,0.1,1.2,417,-
6366,千代田化工建設,建設業,3.5,★☆☆☆☆,0.0,0.0,2.0,0.0,1.5,0.0,0.0,0.0,見送り(地合い🔴),,0.0,4.3,5.5,-8.6,561,630.0,-8.7,1.7,2132,-
1820,西松建設,建設業,3.5,★☆☆☆☆,0.0,0.0,2.0,0.0,1.5,0.0,0.0,0.0,見送り(地合い🔴),,0.0,10.2,1.8,-0.4,5116,5307.0,-0.9,1.4,616,-
5714,ＤＯＷＡホールディングス,非鉄金属,3.5,★☆☆☆☆,0.0,0.0,2.0,0.0,1.5,0.0,0.0,0.0,見送り(地合い🔴),,0.0,1.5,4.0,-6.8,7268,7907.0,-6.5,1.6,3927,-
7721,東京計器,精密機器,3.5,★☆☆☆☆,0.0,0.0,1.0,0.0,2.5,0.0,0.0,0.0,見送り(地合い🔴),,0.0,10.5,5.9,-3.8,5514,6250.0,-2.8,1.1,2822,-
7224,新明和工業,輸送用機器,3.5,★☆☆☆☆,0.0,0.0,2.0,0.0,1.5,0.0,0.0,0.0,見送り(地合い🔴),,0.0,6.2,2.6,-4.1,1824,1924.0,-2.9,1.9,324,-
5644,メタルアート,鉄鋼,3.5,★☆☆☆☆,0.0,0.0,0.0,0.0,3.5,0.0,0.0,0.0,見送り(地合い🔴),,0.0,10.4,0.6,-0.4,7543,7630.0,-1.0,0.8,209,52週高値目前
4886,あすか製薬ホールディングス,医薬品,3.5,★☆☆☆☆,0.0,0.0,2.0,0.0,1.5,0.0,0.0,0.0,見送り(地合い🔴),,0.0,6.8,2.0,-2.0,2135,2224.0,0.0,1.4,127,-
4005,住友化学,化学,3.5,★☆☆☆☆,0.0,0.0,1.0,0.0,2.5,0.0,0.0,0.0,見送り(地合い🔴),,0.0,12.0,3.4,-1.9,487,522.5999755859375,-4.6,1.3,6386,-
1721,コムシスホールディングス,建設業,3.5,★☆☆☆☆,0.0,0.0,1.0,0.0,2.5,0.0,0.0,0.0,見送り(地合い🔴),,0.0,6.7,2.7,-1.5,4969,5257.0,0.5,1.3,2884,-
1885,東亜建設工業,建設業,3.5,★☆☆☆☆,0.0,0.0,2.0,0.0,1.5,0.0,0.0,0.0,見送り(地合い🔴),,0.0,6.3,3.0,-3.3,1871,1990.0,-2.4,1.8,739,-
3652,ディジタルメディアプロフェッショナル,情報・通信業,3.5,★☆☆☆☆,0.0,0.0,2.0,0.0,1.5,0.0,0.0,0.0,見送り(地合い🔴),,0.0,-1.7,7.1,-11.9,1751,2043.0,-4.4,1.6,110,-
1948,弘電社,建設業,3.5,★☆☆☆☆,0.0,0.0,0.0,0.0,3.5,0.0,0.0,0.0,見送り(地合い🔴),,0.0,9.4,0.2,-0.3,11364,11400.0,-0.1,0.6,246,52週高値目前
2585,ライフドリンク　カンパニー,食料品,3.5,★☆☆☆☆,0.0,0.0,2.0,0.0,1.5,0.0,0.0,0.0,見送り(地合い🔴),,0.0,1.7,4.5,-0.7,1371,1507.0,4.7,1.6,867,-
262A,インターメスティック,小売業,3.5,★☆☆☆☆,0.0,0.0,2.0,0.0,1.5,0.0,0.0,0.0,見送り(地合い🔴),,0.0,2.9,2.9,-2.5,1783,1892.0,2.7,1.5,446,-
6908,イリソ電子工業,電気機器,3.5,★☆☆☆☆,0.0,0.0,2.0,0.0,1.5,0.0,0.0,0.0,見送り(地合い🔴),,0.0,4.9,2.5,-3.8,2618,2758.0,-1.1,1.0,530,-
5821,平河ヒューテック,非鉄金属,3.3,★☆☆☆☆,0.0,0.0,3.3,0.0,0.0,0.0,0.0,0.0,見送り(地合い🔴),,0.0,-11.1,4.6,-11.0,2712,2988.0,-4.7,2.8,173,出来高増2.8倍
6862,ミナトホールディングス,電気機器,3.3,★☆☆☆☆,0.0,0.0,3.3,0.0,0.0,0.0,0.0,0.0,見送り(地合い🔴),,0.0,-15.5,7.5,-21.3,1332,1567.0,-16.2,2.3,314,出来高増2.3倍
4238,ミライアル,化学,3.3,★☆☆☆☆,0.0,0.0,3.3,0.0,0.0,0.0,0.0,0.0,見送り(地合い🔴),,0.0,-2.9,6.5,-14.1,1274,1466.0,-7.9,2.0,147,出来高増2.0倍
4064,日本カーバイド工業,化学,3.3,★☆☆☆☆,0.0,0.0,3.3,0.0,0.0,0.0,0.0,0.0,見送り(地合い🔴),,0.0,-3.1,4.0,-8.8,2862,3110.0,-8.1,2.2,232,出来高増2.2倍
6368,オルガノ,機械,3.3,★☆☆☆☆,0.0,0.0,3.3,0.0,0.0,0.0,0.0,0.0,見送り(地合い🔴),,0.0,-13.6,7.2,-19.8,10630,12420.0,-18.9,2.1,3412,出来高増2.1倍
4109,ステラ　ケミファ,化学,3.3,★☆☆☆☆,0.0,0.0,3.3,0.0,0.0,0.0,0.0,0.0,見送り(地合い🔴),,0.0,-14.1,5.1,-16.2,4473,4980.0,-10.6,2.2,431,出来高増2.2倍
4593,ヘリオス,医薬品,3.3,★☆☆☆☆,0.0,0.0,3.3,0.0,0.0,0.0,0.0,0.0,見送り(地合い🔴),,0.0,-6.0,7.2,-15.5,181,212.0,-16.5,2.8,367,出来高増2.8倍
6331,三菱化工機,機械,3.3,★☆☆☆☆,0.0,0.0,3.3,0.0,0.0,0.0,0.0,0.0,見送り(地合い🔴),,0.0,-5.7,4.6,-13.4,2786,3070.0,-7.0,2.0,679,出来高増2.0倍
1968,太平電業,建設業,3.3,★☆☆☆☆,0.0,0.0,3.3,0.0,0.0,0.0,0.0,0.0,見送り(地合い🔴),,0.0,4.0,3.0,-4.8,2251,2393.0,-2.5,2.2,354,出来高増2.2倍
9551,メタウォーター,電気・ガス業,3.3,★☆☆☆☆,0.0,0.0,3.3,0.0,0.0,0.0,0.0,0.0,見送り(地合い🔴),,0.0,2.4,3.0,-6.2,2882,3065.0,-4.5,2.4,375,出来高増2.4倍
6629,テクノホライゾン,電気機器,3.3,★☆☆☆☆,0.0,0.0,2.0,0.0,0.0,0.0,1.3,0.0,見送り(地合い🔴),,0.0,-0.4,6.3,-11.1,780,892.0,-12.4,1.5,276,開示[子会社化](5日前)
2160,ジーエヌアイグループ,医薬品,3.3,★☆☆☆☆,0.0,0.0,3.3,0.0,0.0,0.0,0.0,0.0,見送り(地合い🔴),,0.0,-9.0,4.5,-12.2,2093,2300.0,-8.0,2.6,2225,出来高増2.6倍
5985,サンコール,金属製品,3.3,★☆☆☆☆,0.0,0.0,3.3,0.0,0.0,0.0,0.0,0.0,見送り(地合い🔴),,0.0,-26.0,8.8,-26.4,900,1092.0,-16.0,2.1,1037,出来高増2.1倍
6145,ＮＩＴＴＯＫＵ,機械,3.3,★☆☆☆☆,0.0,0.0,3.3,0.0,0.0,0.0,0.0,0.0,見送り(地合い🔴),,0.0,-5.6,4.4,-12.4,2230,2447.0,-6.8,2.2,302,出来高増2.2倍
5471,大同特殊鋼,鉄鋼,3.3,★☆☆☆☆,0.0,0.0,3.3,0.0,0.0,0.0,0.0,0.0,見送り(地合い🔴),,0.0,-11.5,5.5,-15.9,1923,2159.0,-9.1,2.6,2929,出来高増2.6倍
5208,有沢製作所,化学,3.3,★☆☆☆☆,0.0,0.0,3.3,0.0,0.0,0.0,0.0,0.0,見送り(地合い🔴),,0.0,-2.3,4.5,-10.1,2082,2287.0,-10.0,2.1,464,出来高増2.1倍
6258,平田機工,機械,3.3,★☆☆☆☆,0.0,0.0,3.3,0.0,0.0,0.0,0.0,0.0,見送り(地合い🔴),,0.0,-1.7,5.8,-11.5,2333,2640.0,-9.8,2.2,749,出来高増2.2倍
5532,リアルゲイト,不動産業,3.3,★☆☆☆☆,0.0,0.0,3.3,0.0,0.0,0.0,0.0,0.0,見送り(地合い🔴),,0.0,2.1,4.7,-8.2,2926,3230.0,-9.7,2.0,101,出来高増2.0倍
1952,新日本空調,建設業,3.3,★☆☆☆☆,0.0,0.0,3.3,0.0,0.0,0.0,0.0,0.0,見送り(地合い🔴),,0.0,-6.3,4.3,-12.8,2863,3130.0,-10.2,2.9,634,出来高増2.9倍
1893,五洋建設,建設業,3.3,★☆☆☆☆,0.0,0.0,3.3,0.0,0.0,0.0,0.0,0.0,見送り(地合い🔴),,0.0,-4.8,4.1,-11.6,1326,1443.5,-9.4,2.3,2597,出来高増2.3倍
3433,トーカロ,金属製品,3.3,★☆☆☆☆,0.0,0.0,3.3,0.0,0.0,0.0,0.0,0.0,見送り(地合い🔴),,0.0,-7.3,4.6,-13.5,2430,2677.0,-9.7,2.3,951,出来高増2.3倍
6905,コーセル,電気機器,3.3,★☆☆☆☆,0.0,0.0,3.3,0.0,0.0,0.0,0.0,0.0,見送り(地合い🔴),,0.0,-9.3,3.6,-12.0,1121,1209.0,-6.5,2.3,270,出来高増2.3倍
6877,ＯＢＡＲＡ　ＧＲＯＵＰ,電気機器,3.3,★☆☆☆☆,0.0,0.0,3.3,0.0,0.0,0.0,0.0,0.0,見送り(地合い🔴),,0.0,0.5,4.1,-8.3,5044,5490.0,-5.0,2.0,293,出来高増2.0倍
6875,メガチップス,電気機器,3.3,★☆☆☆☆,0.0,0.0,3.3,0.0,0.0,0.0,0.0,0.0,見送り(地合い🔴),,0.0,-7.5,5.1,-13.8,7780,8660.0,-9.5,2.2,1111,出来高増2.2倍
1950,日本電設工業,建設業,3.3,★☆☆☆☆,0.0,0.0,3.3,0.0,0.0,0.0,0.0,0.0,見送り(地合い🔴),,0.0,0.2,3.1,-6.2,3691,3935.0,-3.1,2.1,427,出来高増2.1倍
4626,太陽ホールディングス,化学,3.3,★☆☆☆☆,0.0,0.0,3.3,0.0,0.0,0.0,0.0,0.0,見送り(地合い🔴),,0.0,4.6,1.4,-3.9,4553,4685.0,-2.4,2.1,1824,出来高増2.1倍
2737,トーメンデバイス,卸売業,3.3,★☆☆☆☆,0.0,0.0,3.3,0.0,0.0,0.0,0.0,0.0,見送り(地合い🔴),,0.0,-8.4,7.1,-13.9,12136,14150.0,-15.6,3.0,1313,出来高増3.0倍
6832,アオイ電子,電気機器,3.3,★☆☆☆☆,0.0,0.0,3.3,0.0,0.0,0.0,0.0,0.0,見送り(地合い🔴),,0.0,-11.5,6.6,-16.3,1836,2116.0,-13.5,2.3,101,出来高増2.3倍
6928,エノモト,電気機器,3.3,★☆☆☆☆,0.0,0.0,3.3,0.0,0.0,0.0,0.0,0.0,見送り(地合い🔴),,0.0,-19.9,6.0,-22.8,1913,2174.0,-16.1,2.9,117,出来高増2.9倍
2760,東京エレクトロン　デバイス,卸売業,3.3,★☆☆☆☆,0.0,0.0,3.3,0.0,0.0,0.0,0.0,0.0,見送り(地合い🔴),,0.0,-0.3,5.1,-9.7,3118,3470.0,-10.1,2.2,523,出来高増2.2倍
6961,エンプラス,電気機器,3.3,★☆☆☆☆,0.0,0.0,3.3,0.0,0.0,0.0,0.0,0.0,見送り(地合い🔴),,0.0,-4.0,8.9,-13.8,8931,10870.0,-12.1,2.5,1842,出来高増2.5倍
1945,東京エネシス,建設業,3.3,★☆☆☆☆,0.0,0.0,3.3,0.0,0.0,0.0,0.0,0.0,見送り(地合い🔴),,0.0,2.5,3.4,-6.7,1792,1921.0,-4.7,2.4,453,出来高増2.4倍
6840,ＡＫＩＢＡホールディングス,電気機器,3.3,★☆☆☆☆,0.0,0.0,3.3,0.0,0.0,0.0,0.0,0.0,見送り(地合い🔴),,0.0,-18.3,7.4,-22.4,477,560.0,-17.2,2.1,162,出来高増2.1倍
8558,東和銀行,銀行業,3.2,★☆☆☆☆,0.0,0.0,1.0,0.0,2.2,0.0,0.0,0.0,見送り(地合い🔴),,0.0,3.8,4.7,-3.5,1234,1363.0,-2.6,0.9,481,-
4183,三井化学,化学,3.2,★☆☆☆☆,0.0,0.0,1.0,0.0,2.2,0.0,0.0,0.0,見送り(地合い🔴),,0.0,10.4,3.0,-0.7,2008,2136.5,-3.0,1.4,3606,-
6741,日本信号,電気機器,3.2,★☆☆☆☆,0.0,0.0,1.0,0.0,2.2,0.0,0.0,0.0,見送り(地合い🔴),,0.0,9.1,2.6,-2.1,1468,1549.0,-2.7,1.4,323,-
8704,トレイダーズホールディングス,証券、商品先物取引業,3.2,★☆☆☆☆,0.0,0.0,0.0,0.0,3.2,0.0,0.0,0.0,見送り(地合い🔴),,0.0,12.7,3.6,-2.2,1123,1209.0,-3.4,1.1,108,-
3040,ソリトンシステムズ,情報・通信業,3.2,★☆☆☆☆,0.0,0.0,1.0,0.0,2.2,0.0,0.0,0.0,見送り(地合い🔴),,0.0,9.6,2.7,-2.0,1822,1926.0,-3.7,1.3,109,-
5302,日本カーボン,ガラス・土石製品,3.2,★☆☆☆☆,0.0,0.0,0.0,0.0,3.2,0.0,0.0,0.0,見送り(地合い🔴),,0.0,11.7,2.0,-0.4,4511,4700.0,-1.5,1.0,334,-
6617,東光高岳,電気機器,3.2,★☆☆☆☆,0.0,0.0,2.0,0.0,1.2,0.0,0.0,0.0,見送り(地合い🔴),,0.0,-1.1,7.3,-13.1,5679,6650.0,-18.0,1.8,1092,-
1909,日本ドライケミカル,機械,3.2,★☆☆☆☆,0.0,0.0,0.0,0.0,3.2,0.0,0.0,0.0,見送り(地合い🔴),,0.0,10.2,0.2,-0.1,3680,3695.0,0.0,0.4,1029,-
1926,ライト工業,建設業,3.2,★☆☆☆☆,0.0,0.0,2.0,0.0,1.0,0.0,0.2,0.0,見送り(地合い🔴),,0.0,4.2,2.5,-3.6,3637,3825.0,-1.2,1.8,584,開示[自己株式の取得](13日前)
2158,ＦＲＯＮＴＥＯ,サービス業,3.2,★☆☆☆☆,0.0,0.0,1.0,0.0,1.2,0.0,1.0,0.0,見送り(地合い🔴),,0.0,11.5,3.4,-1.4,573,615.0,-6.4,1.0,128,開示[AI](5日前)
6005,三浦工業,機械,3.2,★☆☆☆☆,0.0,0.0,2.0,0.0,1.2,0.0,0.0,0.0,見送り(地合い🔴),,0.0,10.8,2.1,-0.8,3031,3162.0,-0.8,2.0,1171,-
5232,住友大阪セメント,ガラス・土石製品,3.2,★☆☆☆☆,0.0,0.0,1.0,0.0,2.2,0.0,0.0,0.0,見送り(地合い🔴),,0.0,-0.3,4.0,-5.6,4999,5435.0,-4.9,1.4,1432,-
6226,守谷輸送機工業,機械,3.2,★☆☆☆☆,0.0,0.0,2.0,0.0,1.2,0.0,0.0,0.0,見送り(地合い🔴),,0.0,13.0,6.9,-4.1,1979,2297.0,-11.4,1.5,476,-
5210,日本山村硝子,ガラス・土石製品,3.2,★☆☆☆☆,0.0,0.0,2.0,0.0,1.2,0.0,0.0,0.0,見送り(地合い🔴),,0.0,8.3,2.6,-1.6,2611,2754.0,-3.5,1.6,134,-
8233,高島屋,小売業,3.2,★☆☆☆☆,0.0,0.0,0.0,0.0,3.2,0.0,0.0,0.0,見送り(地合い🔴),,0.0,5.2,3.8,-0.4,2198,2377.5,-1.0,0.7,4961,-
4471,三洋化成工業,化学,3.2,★☆☆☆☆,0.0,0.0,1.0,0.0,2.2,0.0,0.0,0.0,見送り(地合い🔴),,0.0,8.7,2.5,-2.3,4562,4805.0,-3.6,1.4,257,-
6141,ＤＭＧ森精機,機械,3.2,★☆☆☆☆,0.0,0.0,2.0,0.0,1.2,0.0,0.0,0.0,見送り(地合い🔴),,0.0,11.0,5.1,-2.1,3148,3506.0,0.0,1.4,4186,-
6222,島精機製作所,機械,3.2,★☆☆☆☆,0.0,0.0,1.0,0.0,2.2,0.0,0.0,0.0,見送り(地合い🔴),,0.0,14.2,2.7,0.6,845,893.0,1.9,1.4,227,-
6104,芝浦機械,機械,3.2,★☆☆☆☆,0.0,0.0,1.0,0.0,2.2,0.0,0.0,0.0,見送り(地合い🔴),,0.0,11.0,4.8,-1.8,4102,4535.0,2.4,1.2,651,-
6971,京セラ,電気機器,3.2,★☆☆☆☆,0.0,0.0,1.0,0.0,2.2,0.0,0.0,0.0,見送り(地合い🔴),,0.0,11.7,3.6,-1.7,3350,3613.0,-4.4,1.3,23098,-
6118,アイダエンジニアリング,機械,3.2,★☆☆☆☆,0.0,0.0,1.0,0.0,2.2,0.0,0.0,0.0,見送り(地合い🔴),,0.0,13.3,3.5,-0.3,1102,1186.0,-1.8,0.7,225,-
6136,オーエスジー,機械,3.2,★☆☆☆☆,0.0,0.0,1.0,0.0,2.2,0.0,0.0,0.0,見送り(地合い🔴),,0.0,9.9,4.9,-4.8,3266,3622.0,-3.4,0.9,2538,-
2531,宝ホールディングス,食料品,3.2,★☆☆☆☆,0.0,0.0,0.0,0.0,3.2,0.0,0.0,0.0,見送り(地合い🔴),,0.0,6.4,2.8,-0.5,2034,2155.0,-1.1,0.9,1169,-
2780,コメ兵ホールディングス,小売業,3.1,★☆☆☆☆,0.0,0.0,0.0,0.0,1.0,0.0,2.1,0.0,見送り(地合い🔴),,0.0,13.3,3.9,-1.9,4629,5020.0,-2.1,0.7,286,開示[子会社化](0日前) / 開示[子会社化](13日前)
3401,帝人,繊維製品,3.0,★☆☆☆☆,0.0,0.0,1.0,0.0,2.0,0.0,0.0,0.0,見送り(地合い🔴),,0.0,13.5,2.6,-0.1,1592,1679.0,-1.8,1.0,1266,-
7287,日本精機,輸送用機器,3.0,★☆☆☆☆,0.0,0.0,2.0,0.0,1.0,0.0,0.0,0.0,見送り(地合い🔴),,0.0,4.2,3.0,-5.0,2174,2312.0,-3.1,1.9,282,-
8595,ジャフコ　グループ,証券、商品先物取引業,3.0,★☆☆☆☆,0.0,0.0,2.0,0.0,1.0,0.0,0.0,0.0,見送り(地合い🔴),,0.0,6.4,1.8,-2.1,2197,2280.0,-1.4,1.7,843,-
4027,テイカ,化学,3.0,★☆☆☆☆,0.0,0.0,2.0,0.0,1.0,0.0,0.0,0.0,見送り(地合い🔴),,0.0,1.2,4.1,-7.8,1972,2148.0,-11.5,1.5,150,-
7806,ＭＴＧ,その他製品,3.0,★☆☆☆☆,0.0,0.0,2.0,0.0,1.0,0.0,0.0,0.0,見送り(地合い🔴),,0.0,8.1,5.8,-4.6,6450,7300.0,-4.8,1.4,905,-
8141,新光商事,卸売業,3.0,★☆☆☆☆,0.0,0.0,2.0,0.0,1.0,0.0,0.0,0.0,見送り(地合い🔴),,0.0,9.1,0.9,-1.0,1544,1572.0,-1.1,1.6,163,-
7730,マニー,精密機器,3.0,★☆☆☆☆,0.0,0.0,3.0,0.0,0.0,0.0,0.0,0.0,見送り(地合い🔴),,0.0,-1.3,3.1,-8.3,1431,1525.0,-2.2,1.7,622,開示[上方修正](14日前)
4992,北興化学工業,化学,3.0,★☆☆☆☆,0.0,0.0,3.0,0.0,0.0,0.0,0.0,0.0,見送り(地合い🔴),,0.0,-6.4,4.5,-12.5,1618,1779.0,-10.4,1.7,245,-
5218,オハラ,ガラス・土石製品,3.0,★☆☆☆☆,0.0,0.0,2.0,0.0,1.0,0.0,0.0,0.0,見送り(地合い🔴),,0.0,0.9,4.3,-5.0,1283,1405.0,-2.4,1.7,120,-
4658,日本空調サービス,サービス業,3.0,★☆☆☆☆,0.0,0.0,1.0,0.0,2.0,0.0,0.0,0.0,見送り(地合い🔴),,0.0,9.7,2.2,-2.3,1505,1574.0,-1.9,1.5,118,-
5844,京都フィナンシャルグループ,銀行業,3.0,★☆☆☆☆,0.0,0.0,1.0,0.0,2.0,0.0,0.0,0.0,見送り(地合い🔴),,0.0,11.1,2.8,-2.0,4275,4533.0,-1.8,1.2,4299,-
8081,カナデン,卸売業,3.0,★☆☆☆☆,0.0,0.0,2.0,0.0,1.0,0.0,0.0,0.0,見送り(地合い🔴),,0.0,6.9,2.4,-3.6,2318,2434.0,-3.1,2.0,101,-
6376,日機装,精密機器,3.0,★☆☆☆☆,0.0,0.0,2.0,0.0,1.0,0.0,0.0,0.0,見送り(地合い🔴),,0.0,-1.8,5.1,-8.9,3198,3565.0,-10.1,2.0,1712,-
3407,旭化成,化学,3.0,★☆☆☆☆,0.0,0.0,1.0,0.0,2.0,0.0,0.0,0.0,見送り(地合い🔴),,0.0,12.4,2.5,-0.4,1741,1830.5,-1.4,1.4,8153,-
3569,セーレン,繊維製品,3.0,★☆☆☆☆,0.0,0.0,2.0,0.0,1.0,0.0,0.0,0.0,見送り(地合い🔴),,0.0,8.4,2.3,-1.5,3069,3220.0,0.8,1.7,522,-
5715,古河機械金属,非鉄金属,3.0,★☆☆☆☆,0.0,0.0,3.0,0.0,0.0,0.0,0.0,0.0,見送り(地合い🔴),,0.0,4.4,4.9,-7.8,3006,3335.0,-9.7,1.8,894,-
6845,アズビル,電気機器,3.0,★☆☆☆☆,0.0,0.0,1.0,0.0,2.0,0.0,0.0,0.0,見送り(地合い🔴),,0.0,5.8,2.4,-2.2,1564,1643.0,0.1,1.2,2172,-
1941,中電工,建設業,3.0,★☆☆☆☆,0.0,0.0,2.0,0.0,1.0,0.0,0.0,0.0,見送り(地合い🔴),,0.0,2.2,2.7,-5.4,4706,4975.0,-2.3,1.8,370,-
9983,ファーストリテイリング,小売業,3.0,★☆☆☆☆,0.0,0.0,1.0,0.0,2.0,0.0,0.0,0.0,見送り(地合い🔴),,0.0,7.3,3.2,-1.7,75190,80400.0,2.3,1.4,100576,-
6284,日精エー・エス・ビー機械,機械,3.0,★☆☆☆☆,0.0,0.0,2.0,0.0,1.0,0.0,0.0,0.0,見送り(地合い🔴),,0.0,6.9,3.7,-6.6,8106,8760.0,-4.8,1.6,329,-
7480,スズデン,卸売業,3.0,★☆☆☆☆,0.0,0.0,2.0,0.0,1.0,0.0,0.0,0.0,見送り(地合い🔴),,0.0,12.1,3.0,-3.6,2189,2328.0,-4.6,1.3,142,-
4973,日本高純度化学,化学,3.0,★☆☆☆☆,0.0,0.0,3.0,0.0,0.0,0.0,0.0,0.0,見送り(地合い🔴),,0.0,-9.3,6.9,-17.2,3656,4240.0,-17.7,1.7,706,-
6268,ナブテスコ,機械,3.0,★☆☆☆☆,0.0,0.0,3.0,0.0,0.0,0.0,0.0,0.0,見送り(地合い🔴),,0.0,-7.1,6.3,-17.3,3713,4248.0,-14.0,1.5,6093,-
7157,ライフネット生命保険,保険業,3.0,★☆☆☆☆,0.0,0.0,2.0,0.0,1.0,0.0,0.0,0.0,見送り(地合い🔴),,0.0,18.9,3.2,3.1,1580,1689.0,1.7,1.6,286,-
6113,アマダ,機械,3.0,★☆☆☆☆,0.0,0.0,2.0,0.0,1.0,0.0,0.0,0.0,見送り(地合い🔴),,0.0,-0.7,4.7,-10.5,2381,2628.0,-8.3,1.6,6485,-
1979,大氣社,建設業,3.0,★☆☆☆☆,0.0,0.0,2.0,0.0,1.0,0.0,0.0,0.0,見送り(地合い🔴),,0.0,-4.8,3.9,-10.3,3894,4220.0,-7.0,1.6,1295,-
5659,日本精線,鉄鋼,3.0,★☆☆☆☆,0.0,0.0,2.0,0.0,1.0,0.0,0.0,0.0,見送り(地合い🔴),,0.0,3.5,4.4,-8.5,1204,1320.0,-10.2,1.7,132,-
367A,プリモグローバルホールディングス,小売業,3.0,★☆☆☆☆,0.0,0.0,2.0,0.0,1.0,0.0,0.0,0.0,見送り(地合い🔴),,0.0,2.7,3.4,-5.8,2485,2669.0,-0.7,1.2,250,資金流入増
1964,中外炉工業,建設業,3.0,★☆☆☆☆,0.0,0.0,3.0,0.0,0.0,0.0,0.0,0.0,見送り(地合い🔴),,0.0,4.7,3.7,-4.8,3535,3815.0,-6.3,1.9,217,-
166A,タスキホールディングス,不動産業,3.0,★☆☆☆☆,0.0,0.0,2.0,0.0,1.0,0.0,0.0,0.0,見送り(地合い🔴),,0.0,-1.0,3.3,-4.6,993,1064.0,-1.2,1.6,466,-
9425,ＲｅＹｕｕ　Ｊａｐａｎ,情報・通信業,3.0,★☆☆☆☆,0.0,0.0,3.0,0.0,0.0,0.0,0.0,0.0,見送り(地合い🔴),,0.0,23.6,13.4,-10.8,137,187.0,-6.0,0.2,366,資金流入増 / 開示[業務提携](14日前)
1860,戸田建設,建設業,3.0,★☆☆☆☆,0.0,0.0,1.0,0.0,2.0,0.0,0.0,0.0,見送り(地合い🔴),,0.0,2.6,2.5,-3.9,1428,1504.0,-1.3,1.3,1537,-
6999,ＫＯＡ,電気機器,3.0,★☆☆☆☆,0.0,0.0,3.0,0.0,0.0,0.0,0.0,0.0,見送り(地合い🔴),,0.0,-18.5,10.3,-21.2,1642,2066.0,-18.2,1.8,3140,-
4063,信越化学工業,化学,2.9,★☆☆☆☆,0.0,0.0,1.0,0.0,0.0,0.0,1.9,0.0,見送り(地合い🔴),,0.0,-8.6,5.5,-18.6,5063,5690.0,-19.6,1.5,57376,開示[自己株式取得](5日前)
6768,タムラ製作所,電気機器,2.9,★☆☆☆☆,0.0,0.0,2.0,0.0,0.0,0.0,0.9,0.0,見送り(地合い🔴),,0.0,-9.6,6.2,-17.8,658,751.0,-18.2,1.7,622,開示[子会社化](8日前)
4889,レナサイエンス,医薬品,2.8000000000000003,★☆☆☆☆,0.0,0.0,1.0,0.0,1.2,0.0,0.6,0.0,見送り(地合い🔴),,0.0,2.1,7.8,-5.5,1208,1432.0,-8.6,0.8,511,開示[AI](8日前)
4499,Ｓｐｅｅｅ,情報・通信業,2.7,★☆☆☆☆,0.0,0.0,0.0,0.0,2.7,0.0,0.0,0.0,見送り(地合い🔴),,0.0,2.5,6.4,-5.9,1808,2073.0,-4.0,0.9,296,-
5713,住友金属鉱山,非鉄金属,2.7,★☆☆☆☆,0.0,0.0,0.0,0.0,2.7,0.0,0.0,0.0,見送り(地合い🔴),,0.0,8.2,5.5,-2.1,6510,7315.0,-2.7,1.2,21098,-
9708,帝国ホテル,サービス業,2.7,★☆☆☆☆,0.0,0.0,0.0,0.0,2.7,0.0,0.0,0.0,見送り(地合い🔴),,0.0,10.7,1.1,-0.0,978,1000.0,1.4,0.8,119,-
4554,富士製薬工業,医薬品,2.7,★☆☆☆☆,0.0,0.0,0.0,0.0,2.7,0.0,0.0,0.0,見送り(地合い🔴),,0.0,5.4,2.5,-2.8,1803,1897.0,-0.5,0.8,243,-
9793,ダイセキ,サービス業,2.7,★☆☆☆☆,0.0,0.0,0.0,0.0,2.7,0.0,0.0,0.0,見送り(地合い🔴),,0.0,8.4,2.1,-0.5,3701,3860.0,2.7,0.9,635,-
7779,ＣＹＢＥＲＤＹＮＥ,精密機器,2.7,★☆☆☆☆,0.0,0.0,0.0,0.0,2.7,0.0,0.0,0.0,見送り(地合い🔴),,0.0,3.8,3.9,-4.8,203,220.0,-0.9,0.9,319,-
4493,サイバーセキュリティクラウド,情報・通信業,2.6,★☆☆☆☆,0.0,0.0,0.0,0.0,0.0,0.0,2.6,0.0,見送り(地合い🔴),,0.0,10.3,3.7,-2.8,1631,1762.0,-1.9,0.9,215,開示[自己株式の取得](2日前)
4026,神島化学工業,ガラス・土石製品,2.5,★☆☆☆☆,0.0,0.0,1.0,0.0,1.5,0.0,0.0,0.0,見送り(地合い🔴),,0.0,2.4,2.9,-4.5,1431,1520.0,-2.3,1.5,106,-
6946,日本アビオニクス,電気機器,2.5,★☆☆☆☆,0.0,0.0,1.0,0.0,1.5,0.0,0.0,0.0,見送り(地合い🔴),,0.0,5.8,6.2,-5.7,4149,4740.0,-2.8,1.5,1101,-
7564,ワークマン,小売業,2.5,★☆☆☆☆,0.0,0.0,1.0,0.0,1.5,0.0,0.0,0.0,見送り(地合い🔴),,0.0,-3.7,2.9,-4.0,5530,5870.0,5.2,1.3,2751,-
3046,ジンズホールディングス,小売業,2.5,★☆☆☆☆,0.0,0.0,1.0,0.0,1.5,0.0,0.0,0.0,見送り(地合い🔴),,0.0,-4.2,5.9,-5.5,6083,6890.0,5.4,0.8,2736,-
7220,武蔵精密工業,輸送用機器,2.5,★☆☆☆☆,0.0,0.0,1.0,0.0,1.5,0.0,0.0,0.0,見送り(地合い🔴),,0.0,-11.9,8.3,-14.1,2536,3040.0,-4.3,1.5,5037,-
3103,ユニチカ,繊維製品,2.5,★☆☆☆☆,0.0,0.0,1.0,0.0,1.5,0.0,0.0,0.0,見送り(地合い🔴),,0.0,-16.1,7.9,-19.2,642,762.0,-15.9,1.4,2325,-
3321,ミタチ産業,卸売業,2.5,★☆☆☆☆,0.0,0.0,1.0,0.0,1.5,0.0,0.0,0.0,見送り(地合い🔴),,0.0,-2.7,2.4,-6.6,1454,1527.0,-1.2,0.8,163,-
186A,アストロスケールホールディングス,サービス業,2.5,★☆☆☆☆,0.0,0.0,1.0,0.0,1.5,0.0,0.0,0.0,見送り(地合い🔴),,0.0,-12.7,7.9,-16.5,763,906.0,-10.7,1.5,4922,-
8139,ナガホリ,卸売業,2.5,★☆☆☆☆,0.0,0.0,1.0,0.0,1.5,0.0,0.0,0.0,見送り(地合い🔴),,0.0,7.0,6.8,-1.9,1810,2094.0,2.7,0.1,120,-
5711,三菱マテリアル,非鉄金属,2.5,★☆☆☆☆,0.0,0.0,1.0,0.0,1.5,0.0,0.0,0.0,見送り(地合い🔴),,0.0,1.6,4.7,-7.2,3570,3944.0,-6.2,1.1,6105,-
9413,テレビ東京ホールディングス,情報・通信業,2.5,★☆☆☆☆,0.0,0.0,0.0,0.0,2.5,0.0,0.0,0.0,見送り(地合い🔴),,0.0,11.5,2.2,1.1,3510,3675.0,4.4,1.1,300,-
1963,日揮ホールディングス,建設業,2.5,★☆☆☆☆,0.0,0.0,1.0,0.0,1.5,0.0,0.0,0.0,見送り(地合い🔴),,0.0,-0.9,3.6,-6.8,2064,2225.5,-2.8,1.4,3905,-
4825,ウェザーニューズ,情報・通信業,2.4,★☆☆☆☆,0.0,0.0,0.0,0.0,1.0,0.0,1.4,0.0,見送り(地合い🔴),,0.0,8.6,2.3,-1.3,1878,1968.0,1.2,0.9,443,開示[買収](6日前)
6227,ＡＩメカテック,機械,2.2,★☆☆☆☆,0.0,0.0,0.0,0.0,1.2,0.0,1.0,0.0,見送り(地合い🔴),,0.0,-11.5,13.7,-19.9,3951,5450.0,-17.8,0.9,10927,開示[受注](7日前)
6378,木村化工機,機械,2.2,★☆☆☆☆,0.0,0.0,1.0,0.0,1.2,0.0,0.0,0.0,見送り(地合い🔴),,0.0,11.2,3.5,-1.2,1108,1192.0,-2.1,1.3,191,-
7600,日本エム・ディ・エム,精密機器,2.2,★☆☆☆☆,0.0,0.0,1.0,0.0,1.2,0.0,0.0,0.0,見送り(地合い🔴),,0.0,12.5,4.4,-1.7,821,900.0,-4.4,1.3,219,-
4025,多木化学,化学,2.2,★☆☆☆☆,0.0,0.0,1.0,0.0,1.2,0.0,0.0,0.0,見送り(地合い🔴),,0.0,12.2,4.3,-1.9,4352,4760.0,-11.5,1.1,136,-
3350,メタプラネット,卸売業,2.2,★☆☆☆☆,0.0,0.0,1.0,0.0,1.2,0.0,0.0,0.0,見送り(地合い🔴),,0.0,18.2,8.3,-4.1,180,216.0,-14.6,0.8,4807,-
3086,Ｊ．フロント　リテイリング,小売業,2.2,★☆☆☆☆,0.0,0.0,0.0,0.0,2.2,0.0,0.0,0.0,見送り(地合い🔴),,0.0,-2.6,3.7,-1.4,2917,3153.0,1.2,0.8,4968,-
4042,東ソー,化学,2.2,★☆☆☆☆,0.0,0.0,0.0,0.0,2.2,0.0,0.0,0.0,見送り(地合い🔴),,0.0,2.9,2.6,-3.2,2575,2713.5,-3.5,1.1,3650,-
146A,コロンビア・ワークス,不動産業,2.2,★☆☆☆☆,0.0,0.0,1.0,0.0,1.2,0.0,0.0,0.0,見送り(地合い🔴),,0.0,14.7,3.9,-1.2,2865,3110.0,-4.2,0.8,196,-
5981,東京製綱,金属製品,2.2,★☆☆☆☆,0.0,0.0,0.0,0.0,2.2,0.0,0.0,0.0,見送り(地合い🔴),,0.0,9.3,2.7,-2.1,1804,1907.0,-2.5,1.1,143,-
6027,弁護士ドットコム,サービス業,2.0,★☆☆☆☆,0.0,0.0,2.0,0.0,0.0,0.0,0.0,0.0,見送り(地合い🔴),,0.0,10.4,3.5,-1.8,2110,2267.0,-0.9,1.7,178,-
7826,フルヤ金属,その他製品,2.0,★☆☆☆☆,0.0,0.0,2.0,0.0,0.0,0.0,0.0,0.0,見送り(地合い🔴),,0.0,-17.8,7.7,-20.3,4936,5830.0,-15.8,1.9,2910,-
7911,ＴＯＰＰＡＮホールディングス,その他製品,2.0,★☆☆☆☆,0.0,0.0,2.0,0.0,0.0,0.0,0.0,0.0,見送り(地合い🔴),,0.0,-5.9,4.8,-14.2,3872,4281.0,-10.7,1.7,7579,-
9880,イノテック,電気機器,2.0,★☆☆☆☆,0.0,0.0,2.0,0.0,0.0,0.0,0.0,0.0,見送り(地合い🔴),,0.0,-14.3,5.5,-16.5,2674,3005.0,-11.4,1.9,435,-
1815,鉄建建設,建設業,2.0,★☆☆☆☆,0.0,0.0,2.0,0.0,0.0,0.0,0.0,0.0,見送り(地合い🔴),,0.0,11.4,3.4,-1.9,4105,4400.0,-2.3,1.7,410,-
1803,清水建設,建設業,2.0,★☆☆☆☆,0.0,0.0,2.0,0.0,0.0,0.0,0.0,0.0,見送り(地合い🔴),,0.0,4.0,3.3,-4.8,2232,2391.5,-3.3,1.8,6568,-
1417,ミライト・ワン,建設業,2.0,★☆☆☆☆,0.0,0.0,1.0,0.0,1.0,0.0,0.0,0.0,見送り(地合い🔴),,0.0,3.1,2.3,-4.6,3417,3578.0,-2.5,1.3,874,-
6458,新晃工業,機械,2.0,★☆☆☆☆,0.0,0.0,2.0,0.0,0.0,0.0,0.0,0.0,見送り(地合い🔴),,0.0,9.1,1.5,-1.1,1202,1239.0,-0.3,1.5,212,-
6516,山洋電気,電気機器,2.0,★☆☆☆☆,0.0,0.0,2.0,0.0,0.0,0.0,0.0,0.0,見送り(地合い🔴),,0.0,-10.9,4.9,-15.7,4631,5140.0,-10.5,1.7,766,-
6507,シンフォニアテクノロジー,電気機器,2.0,★☆☆☆☆,0.0,0.0,2.0,0.0,0.0,0.0,0.0,0.0,見送り(地合い🔴),,0.0,-14.9,7.0,-18.9,10263,11930.0,-14.4,1.7,2084,-
6498,キッツ,機械,2.0,★☆☆☆☆,0.0,0.0,2.0,0.0,0.0,0.0,0.0,0.0,見送り(地合い🔴),,0.0,-9.3,5.0,-15.0,1828,2031.0,-12.0,1.7,532,-
4022,ラサ工業,化学,2.0,★☆☆☆☆,0.0,0.0,2.0,0.0,0.0,0.0,0.0,0.0,見送り(地合い🔴),,0.0,-10.9,8.0,-17.6,1354,1611.0,-17.0,1.8,2306,-
4021,日産化学,化学,2.0,★☆☆☆☆,0.0,0.0,1.0,0.0,1.0,0.0,0.0,0.0,見送り(地合い🔴),,0.0,-2.8,3.8,-8.9,6811,7373.0,-6.5,1.2,5409,-
4008,住友精化,化学,2.0,★☆☆☆☆,0.0,0.0,1.0,0.0,1.0,0.0,0.0,0.0,見送り(地合い🔴),,0.0,6.5,2.8,-4.8,1157,1225.0,-5.6,1.4,218,-
4272,日本化薬,化学,2.0,★☆☆☆☆,0.0,0.0,1.0,0.0,1.0,0.0,0.0,0.0,見送り(地合い🔴),,0.0,7.1,1.9,-3.1,1859,1931.0,-2.7,1.2,1088,-
5333,ＮＧＫ,ガラス・土石製品,2.0,★☆☆☆☆,0.0,0.0,2.0,0.0,0.0,0.0,0.0,0.0,見送り(地合い🔴),,0.0,-21.0,6.6,-23.7,4494,5180.0,-16.7,1.5,11739,-
8061,西華産業,卸売業,2.0,★☆☆☆☆,0.0,0.0,2.0,0.0,0.0,0.0,0.0,0.0,見送り(地合い🔴),,0.0,1.8,3.7,-7.1,2311,2498.0,-5.1,2.0,538,-
5537,ＡｌｂａＬｉｎｋ,不動産業,2.0,★☆☆☆☆,0.0,0.0,2.0,0.0,0.0,0.0,0.0,0.0,見送り(地合い🔴),,0.0,8.2,5.9,-6.6,2360,2677.0,-7.7,1.7,148,-
5463,丸一鋼管,鉄鋼,2.0,★☆☆☆☆,0.0,0.0,0.0,0.0,2.0,0.0,0.0,0.0,見送り(地合い🔴),,0.0,6.0,2.5,-1.2,1705,1796.0,-0.1,0.6,1414,-
4004,レゾナック・ホールディングス,化学,2.0,★☆☆☆☆,0.0,0.0,2.0,0.0,0.0,0.0,0.0,0.0,見送り(地合い🔴),,0.0,-20.6,8.7,-22.7,10112,12245.0,-19.7,1.9,36553,-
4099,四国化成ホールディングス,化学,2.0,★☆☆☆☆,0.0,0.0,2.0,0.0,0.0,0.0,0.0,0.0,見送り(地合い🔴),,0.0,-25.5,8.0,-24.6,1906,2267.0,-19.4,1.8,1177,-
4088,エア・ウォーター,化学,2.0,★☆☆☆☆,0.0,0.0,1.0,0.0,1.0,0.0,0.0,0.0,見送り(地合い🔴),,0.0,4.6,2.7,-1.7,2470,2610.0,2.0,1.3,2169,-
4082,第一稀元素化学工業,化学,2.0,★☆☆☆☆,0.0,0.0,2.0,0.0,0.0,0.0,0.0,0.0,見送り(地合い🔴),,0.0,-7.7,5.3,-13.5,1498,1677.0,-9.5,1.9,325,-
4061,デンカ,化学,2.0,★☆☆☆☆,0.0,0.0,2.0,0.0,0.0,0.0,0.0,0.0,見送り(地合い🔴),,0.0,-14.7,5.6,-17.8,2889,3255.0,-12.6,2.0,2536,-
4186,東京応化工業,化学,2.0,★☆☆☆☆,0.0,0.0,2.0,0.0,0.0,0.0,0.0,0.0,見送り(地合い🔴),,0.0,-16.0,8.2,-19.8,6993,8356.0,-18.8,1.6,8736,-
7366,ＬＩＴＡＬＩＣＯ,サービス業,2.0,★☆☆☆☆,0.0,0.0,2.0,0.0,0.0,0.0,0.0,0.0,見送り(地合い🔴),,0.0,12.1,3.0,-1.0,1513,1609.0,0.9,1.5,161,-
6407,ＣＫＤ,機械,2.0,★☆☆☆☆,0.0,0.0,2.0,0.0,0.0,0.0,0.0,0.0,見送り(地合い🔴),,0.0,-21.1,9.4,-25.7,4161,5130.0,-21.9,1.8,4780,-
6490,ＰＩＬＬＡＲ,機械,2.0,★☆☆☆☆,0.0,0.0,2.0,0.0,0.0,0.0,0.0,0.0,見送り(地合い🔴),,0.0,-10.5,7.1,-15.3,7324,8540.0,-15.6,1.5,1470,-
6481,ＴＨＫ,機械,2.0,★☆☆☆☆,0.0,0.0,2.0,0.0,0.0,0.0,0.0,0.0,見送り(地合い🔴),,0.0,-6.0,6.7,-15.1,5313,6131.0,-13.1,1.6,7831,-
6474,不二越,機械,2.0,★☆☆☆☆,0.0,0.0,2.0,0.0,0.0,0.0,0.0,0.0,見送り(地合い🔴),,0.0,-4.4,7.5,-15.7,4304,5060.0,-12.2,1.3,1002,-
4222,児玉化学工業,化学,2.0,★☆☆☆☆,0.0,0.0,2.0,0.0,0.0,0.0,0.0,0.0,見送り(地合い🔴),,0.0,-3.0,4.4,-12.5,507,556.0,-9.6,1.8,125,-
4216,旭有機材,化学,2.0,★☆☆☆☆,0.0,0.0,2.0,0.0,0.0,0.0,0.0,0.0,見送り(地合い🔴),,0.0,-9.7,4.5,-14.2,5227,5750.0,-8.6,1.7,369,-
4203,住友ベークライト,化学,2.0,★☆☆☆☆,0.0,0.0,2.0,0.0,0.0,0.0,0.0,0.0,見送り(地合い🔴),,0.0,-8.9,4.8,-15.8,5447,6026.0,-14.9,1.6,3025,-
1861,熊谷組,建設業,2.0,★☆☆☆☆,0.0,0.0,2.0,0.0,0.0,0.0,0.0,0.0,見送り(地合い🔴),,0.0,10.0,2.5,-1.6,1356,1426.0,-2.7,1.5,1087,-
9960,東テク,卸売業,2.0,★☆☆☆☆,0.0,0.0,1.0,0.0,1.0,0.0,0.0,0.0,見送り(地合い🔴),,0.0,1.5,4.0,-7.4,3480,3780.0,-6.3,1.5,407,-
1980,ダイダン,建設業,2.0,★☆☆☆☆,0.0,0.0,2.0,0.0,0.0,0.0,0.0,0.0,見送り(地合い🔴),,0.0,-7.3,4.6,-13.7,2151,2368.0,-9.8,1.8,1580,-
1975,朝日工業社,建設業,2.0,★☆☆☆☆,0.0,0.0,2.0,0.0,0.0,0.0,0.0,0.0,見送り(地合い🔴),,0.0,-7.6,5.6,-13.8,3271,3680.0,-9.6,2.0,433,-
1961,三機工業,建設業,2.0,★☆☆☆☆,0.0,0.0,2.0,0.0,0.0,0.0,0.0,0.0,見送り(地合い🔴),,0.0,-15.4,4.9,-18.0,1987,2203.0,-11.5,1.6,1756,-
9502,中部電力,電気・ガス業,2.0,★☆☆☆☆,0.0,0.0,1.0,0.0,1.0,0.0,0.0,0.0,見送り(地合い🔴),,0.0,2.3,3.9,-7.5,2595,2816.0,-5.1,1.2,13760,-
9369,キユーソー流通システム,倉庫・運輸関連業,2.0,★☆☆☆☆,0.0,0.0,2.0,0.0,0.0,0.0,0.0,0.0,見送り(地合い🔴),,0.0,-1.6,4.6,-6.8,2641,2910.0,-1.7,1.8,158,-
6965,浜松ホトニクス,電気機器,2.0,★☆☆☆☆,0.0,0.0,2.0,0.0,0.0,0.0,0.0,0.0,見送り(地合い🔴),,0.0,-9.1,5.1,-13.4,1932,2153.5,-10.3,1.5,7591,-
6817,スミダコーポレーション,電気機器,2.0,★☆☆☆☆,0.0,0.0,2.0,0.0,0.0,0.0,0.0,0.0,見送り(地合い🔴),,0.0,2.3,3.6,-7.2,1171,1261.0,-5.0,1.8,380,-
6823,リオン,電気機器,2.0,★☆☆☆☆,0.0,0.0,2.0,0.0,0.0,0.0,0.0,0.0,見送り(地合い🔴),,0.0,-6.0,3.7,-9.1,3008,3250.0,-4.6,1.8,266,-
6838,多摩川ホールディングス,電気機器,2.0,★☆☆☆☆,0.0,0.0,2.0,0.0,0.0,0.0,0.0,0.0,見送り(地合い🔴),,0.0,-21.4,6.8,-23.2,1041,1206.0,-13.8,1.5,414,-
6844,新電元工業,電気機器,2.0,★☆☆☆☆,0.0,0.0,2.0,0.0,0.0,0.0,0.0,0.0,見送り(地合い🔴),,0.0,-7.3,5.9,-15.4,2741,3110.0,-12.6,1.7,459,-
9962,ミスミグループ本社,卸売業,2.0,★☆☆☆☆,0.0,0.0,2.0,0.0,0.0,0.0,0.0,0.0,見送り(地合い🔴),,0.0,-1.7,4.3,-8.2,3214,3518.0,-5.2,1.7,4572,-
7734,理研計器,精密機器,2.0,★☆☆☆☆,0.0,0.0,2.0,0.0,0.0,0.0,0.0,0.0,見送り(地合い🔴),,0.0,-0.5,3.3,-6.0,3084,3300.0,-1.9,1.8,309,-
6703,沖電気工業,電気機器,2.0,★☆☆☆☆,0.0,0.0,2.0,0.0,0.0,0.0,0.0,0.0,見送り(地合い🔴),,0.0,-4.6,6.1,-12.7,2616,2976.0,-9.7,2.0,2145,-
255A,ジーエルテクノホールディングス,精密機器,2.0,★☆☆☆☆,0.0,0.0,2.0,0.0,0.0,0.0,0.0,0.0,見送り(地合い🔴),,0.0,-5.7,7.9,-14.9,4225,5020.0,-8.9,1.7,634,-
218A,Ｌｉｂｅｒａｗａｒｅ,精密機器,2.0,★☆☆☆☆,0.0,0.0,2.0,0.0,0.0,0.0,0.0,0.0,見送り(地合い🔴),,0.0,6.0,9.6,-6.5,811,1004.0,-3.0,0.6,843,-
6058,ベクトル,サービス業,2.0,★☆☆☆☆,0.0,0.0,1.0,0.0,1.0,0.0,0.0,0.0,見送り(地合い🔴),,0.0,11.1,5.5,-2.0,1571,1765.0,3.2,0.8,980,開示[業績予想の修正](14日前)
6134,ＦＵＪＩ,機械,2.0,★☆☆☆☆,0.0,0.0,2.0,0.0,0.0,0.0,0.0,0.0,見送り(地合い🔴),,0.0,-11.9,7.2,-16.8,5595,6537.0,-12.3,1.8,6297,-
7944,ローランド,その他製品,2.0,★☆☆☆☆,0.0,0.0,1.0,0.0,1.0,0.0,0.0,0.0,見送り(地合い🔴),,0.0,8.0,2.8,-2.0,3816,4040.0,0.0,1.0,395,-
7966,リンテック,その他製品,2.0,★☆☆☆☆,0.0,0.0,1.0,0.0,1.0,0.0,0.0,0.0,見送り(地合い🔴),,0.0,-6.6,4.5,-11.7,5364,5900.0,-11.7,1.3,2371,-
1887,日本国土開発,建設業,2.0,★☆☆☆☆,0.0,0.0,2.0,0.0,0.0,0.0,0.0,0.0,見送り(地合い🔴),,0.0,9.6,2.3,-0.9,493,517.0,0.6,1.5,248,開示[上方修正](14日前)
280A,ＴＭＨ,卸売業,2.0,★☆☆☆☆,0.0,0.0,2.0,0.0,0.0,0.0,0.0,0.0,見送り(地合い🔴),,0.0,-48.5,15.8,-48.0,566,828.0,-20.2,1.6,104,開示[業績予想の修正](14日前)
285A,キオクシアホールディングス,電気機器,2.0,★☆☆☆☆,0.0,0.0,2.0,0.0,0.0,0.0,0.0,0.0,見送り(地合い🔴),,0.0,-47.0,22.8,-46.7,20864,38380.0,-40.3,1.9,3048766,-
287A,黒田グループ,卸売業,2.0,★☆☆☆☆,0.0,0.0,0.0,0.0,2.0,0.0,0.0,0.0,見送り(地合い🔴),,0.0,12.6,2.6,-0.7,1025,1080.0,-0.7,1.2,553,-
290A,Ｓｙｎｓｐｅｃｔｉｖｅ,情報・通信業,2.0,★☆☆☆☆,0.0,0.0,2.0,0.0,0.0,0.0,0.0,0.0,見送り(地合い🔴),,0.0,-7.1,6.8,-14.6,880,1019.0,-14.5,2.0,1785,-
4968,荒川化学工業,化学,2.0,★☆☆☆☆,0.0,0.0,2.0,0.0,0.0,0.0,0.0,0.0,見送り(地合い🔴),,0.0,-7.0,8.5,-17.3,1443,1740.0,-16.0,1.3,618,-
4975,ＪＣＵ,化学,2.0,★☆☆☆☆,0.0,0.0,2.0,0.0,0.0,0.0,0.0,0.0,見送り(地合い🔴),,0.0,-17.6,6.1,-19.7,4843,5520.0,-14.4,1.8,610,-
4691,ワシントンホテル,サービス業,2.0,★☆☆☆☆,0.0,0.0,2.0,0.0,0.0,0.0,0.0,0.0,見送り(地合い🔴),,0.0,-8.5,4.9,-15.7,1888,2094.0,-11.1,1.8,141,-
7609,ダイトロン,卸売業,2.0,★☆☆☆☆,0.0,0.0,2.0,0.0,0.0,0.0,0.0,0.0,見送り(地合い🔴),,0.0,-6.0,5.0,-12.4,2774,3080.0,-12.5,1.7,324,-
6245,ヒラノテクシード,機械,2.0,★☆☆☆☆,0.0,0.0,2.0,0.0,0.0,0.0,0.0,0.0,見送り(地合い🔴),,0.0,-4.6,3.4,-9.5,1458,1565.0,-5.2,1.9,165,-
5838,楽天銀行,銀行業,2.0,★☆☆☆☆,0.0,0.0,2.0,0.0,0.0,0.0,0.0,0.0,見送り(地合い🔴),,0.0,15.6,4.1,-0.1,5004,5447.0,-0.7,0.8,6107,-
7976,三菱鉛筆,その他製品,2.0,★☆☆☆☆,0.0,0.0,0.0,0.0,2.0,0.0,0.0,0.0,見送り(地合い🔴),,0.0,8.2,2.0,-0.7,2538,2645.0,0.6,0.9,266,-
8012,長瀬産業,卸売業,2.0,★☆☆☆☆,0.0,0.0,1.0,0.0,1.0,0.0,0.0,0.0,見送り(地合い🔴),,0.0,6.8,2.7,-4.2,1065,1125.0,-5.9,1.3,809,-
5563,新日本電工,鉄鋼,2.0,★☆☆☆☆,0.0,0.0,2.0,0.0,0.0,0.0,0.0,0.0,見送り(地合い🔴),,0.0,2.2,4.1,-7.4,366,399.0,-5.2,1.7,324,-
7760,ＩＭＶ,精密機器,2.0,★☆☆☆☆,0.0,0.0,2.0,0.0,0.0,0.0,0.0,0.0,見送り(地合い🔴),,0.0,-5.1,6.0,-16.2,1822,2070.0,-13.5,1.5,240,-
7130,ヤマエグループホールディングス,卸売業,2.0,★☆☆☆☆,0.0,0.0,2.0,0.0,0.0,0.0,0.0,0.0,見送り(地合い🔴),,0.0,11.9,2.3,-1.7,2768,2899.0,-3.5,0.9,204,-
6651,日東工業,電気機器,2.0,★☆☆☆☆,0.0,0.0,1.0,0.0,1.0,0.0,0.0,0.0,見送り(地合い🔴),,0.0,-1.3,2.9,-7.2,3973,4215.0,-3.0,1.4,398,-
4631,ＤＩＣ,化学,2.0,★☆☆☆☆,0.0,0.0,1.0,0.0,1.0,0.0,0.0,0.0,見送り(地合い🔴),,0.0,0.8,3.0,-6.8,4095,4359.0,-4.5,1.4,2059,-
6328,荏原実業,機械,2.0,★☆☆☆☆,0.0,0.0,2.0,0.0,0.0,0.0,0.0,0.0,見送り(地合い🔴),,0.0,5.4,2.7,-3.5,2205,2329.0,-2.6,1.9,123,-
6351,鶴見製作所,機械,2.0,★☆☆☆☆,0.0,0.0,1.0,0.0,1.0,0.0,0.0,0.0,見送り(地合い🔴),,0.0,5.6,4.0,-3.4,2032,2207.0,0.2,1.4,139,-
7456,松田産業,卸売業,2.0,★☆☆☆☆,0.0,0.0,2.0,0.0,0.0,0.0,0.0,0.0,見送り(地合い🔴),,0.0,0.4,4.1,-8.4,4737,5160.0,-6.4,1.7,496,-
6278,ユニオンツール,機械,2.0,★☆☆☆☆,0.0,0.0,2.0,0.0,0.0,0.0,0.0,0.0,見送り(地合い🔴),,0.0,-29.3,11.5,-31.6,10479,13610.0,-26.1,1.8,5500,-
4519,中外製薬,医薬品,2.0,★☆☆☆☆,0.0,0.0,2.0,0.0,0.0,0.0,0.0,0.0,見送り(地合い🔴),,0.0,4.1,3.0,-3.6,6643,7069.0,-3.2,1.0,20137,-
4536,参天製薬,医薬品,2.0,★☆☆☆☆,0.0,0.0,1.0,0.0,1.0,0.0,0.0,0.0,見送り(地合い🔴),,0.0,5.0,2.3,-3.7,1927,2020.5,1.7,1.4,2408,-
7409,ＡｅｒｏＥｄｇｅ,輸送用機器,2.0,★☆☆☆☆,0.0,0.0,2.0,0.0,0.0,0.0,0.0,0.0,見送り(地合い🔴),,0.0,-12.1,7.8,-15.0,1180,1399.0,-4.0,1.7,289,-
6616,トレックス・セミコンダクター,電気機器,2.0,★☆☆☆☆,0.0,0.0,2.0,0.0,0.0,0.0,0.0,0.0,見送り(地合い🔴),,0.0,-25.8,7.1,-23.1,1417,1650.0,-13.0,1.9,231,-
6619,ダブル・スコープ,電気機器,2.0,★☆☆☆☆,0.0,0.0,2.0,0.0,0.0,0.0,0.0,0.0,見送り(地合い🔴),,0.0,-9.7,5.9,-17.5,124,141.0,-8.4,1.5,415,-
3441,山王,金属製品,2.0,★☆☆☆☆,0.0,0.0,2.0,0.0,0.0,0.0,0.0,0.0,見送り(地合い🔴),,0.0,-22.5,7.4,-22.6,1954,2291.0,-14.3,1.5,171,-
9211,エフ・コード,サービス業,2.0,★☆☆☆☆,0.0,0.0,2.0,0.0,0.0,0.0,0.0,0.0,見送り(地合い🔴),,0.0,9.5,3.7,-5.1,1214,1310.0,-5.7,1.8,156,-
9247,ＴＲＥホールディングス,サービス業,2.0,★☆☆☆☆,0.0,0.0,1.0,0.0,1.0,0.0,0.0,0.0,見送り(地合い🔴),,0.0,4.9,3.8,-6.9,1824,1976.0,-8.5,1.3,709,-
9256,サクシード,サービス業,2.0,★☆☆☆☆,0.0,0.0,2.0,0.0,0.0,0.0,0.0,0.0,見送り(地合い🔴),,0.0,-58.6,37.7,-64.0,356,1446.0,-56.4,2.0,748,-
3110,日東紡績,ガラス・土石製品,2.0,★☆☆☆☆,0.0,0.0,2.0,0.0,0.0,0.0,0.0,0.0,見送り(地合い🔴),,0.0,-29.0,9.2,-25.3,2138,2622.0,-17.5,1.9,17114,-
3104,富士紡ホールディングス,繊維製品,2.0,★☆☆☆☆,0.0,0.0,2.0,0.0,0.0,0.0,0.0,0.0,見送り(地合い🔴),,0.0,-9.5,6.3,-15.3,2981,3410.0,-16.5,1.8,720,-
6469,放電精密加工研究所,機械,2.0,★☆☆☆☆,0.0,0.0,2.0,0.0,0.0,0.0,0.0,0.0,見送り(地合い🔴),,0.0,7.3,7.7,-7.0,2089,2470.0,-1.1,0.9,462,資金流入増
4046,大阪ソーダ,化学,2.0,★☆☆☆☆,0.0,0.0,2.0,0.0,0.0,0.0,0.0,0.0,見送り(地合い🔴),,0.0,0.0,3.4,-7.3,1578,1692.0,-6.7,1.9,620,-
3964,オークネット,情報・通信業,2.0,★☆☆☆☆,0.0,0.0,1.0,0.0,1.0,0.0,0.0,0.0,見送り(地合い🔴),,0.0,11.4,2.6,-1.0,1309,1380.0,-2.8,1.3,167,-
7777,スリー・ディー・マトリックス,精密機器,2.0,★☆☆☆☆,0.0,0.0,2.0,0.0,0.0,0.0,0.0,0.0,見送り(地合い🔴),,0.0,-3.9,5.1,-9.7,285,317.0,-7.3,1.9,587,-
6140,旭ダイヤモンド工業,機械,2.0,★☆☆☆☆,0.0,0.0,2.0,0.0,0.0,0.0,0.0,0.0,見送り(地合い🔴),,0.0,-3.4,4.5,-11.2,953,1048.0,-8.8,1.7,633,-
6143,ソディック,機械,2.0,★☆☆☆☆,0.0,0.0,2.0,0.0,0.0,0.0,0.0,0.0,見送り(地合い🔴),,0.0,-11.9,7.4,-18.0,1277,1500.0,-14.9,1.9,781,-
6166,中村超硬,機械,2.0,★☆☆☆☆,0.0,0.0,2.0,0.0,0.0,0.0,0.0,0.0,見送り(地合い🔴),,0.0,-13.3,8.2,-16.4,490,586.0,-11.9,0.3,517,資金流入増
3891,ニッポン高度紙工業,パルプ・紙,2.0,★☆☆☆☆,0.0,0.0,2.0,0.0,0.0,0.0,0.0,0.0,見送り(地合い🔴),,0.0,-33.8,11.1,-33.4,4236,5440.0,-26.8,1.5,1329,-
6367,ダイキン工業,機械,2.0,★☆☆☆☆,0.0,0.0,2.0,0.0,0.0,0.0,0.0,0.0,見送り(地合い🔴),,0.0,6.8,2.0,-3.3,22901,23850.0,-1.6,1.5,29955,-
6369,トーヨーカネツ,機械,2.0,★☆☆☆☆,0.0,0.0,2.0,0.0,0.0,0.0,0.0,0.0,見送り(地合い🔴),,0.0,8.8,2.1,-1.7,2304,2403.0,-1.1,1.6,232,-
6383,ダイフク,機械,2.0,★☆☆☆☆,0.0,0.0,2.0,0.0,0.0,0.0,0.0,0.0,見送り(地合い🔴),,0.0,-9.0,4.4,-14.2,5252,5753.0,-9.8,1.8,9902,-
4401,ＡＤＥＫＡ,化学,2.0,★☆☆☆☆,0.0,0.0,2.0,0.0,0.0,0.0,0.0,0.0,見送り(地合い🔴),,0.0,1.2,3.2,-7.9,3571,3819.0,-7.3,1.9,1435,-
4425,Ｋｕｄａｎ,情報・通信業,2.0,★☆☆☆☆,0.0,0.0,2.0,0.0,0.0,0.0,0.0,0.0,見送り(地合い🔴),,0.0,-7.0,6.5,-17.8,1332,1529.0,-16.5,1.6,288,-
3791,ＩＧポート,情報・通信業,2.0,★☆☆☆☆,0.0,0.0,2.0,0.0,0.0,0.0,0.0,0.0,見送り(地合い🔴),,0.0,-10.4,6.5,-15.1,902,1036.0,4.3,0.8,249,資金流入増 / 開示[自己株式の取得](14日前)
6666,リバーエレテック,電気機器,2.0,★☆☆☆☆,0.0,0.0,2.0,0.0,0.0,0.0,0.0,0.0,見送り(地合い🔴),,0.0,-21.4,8.3,-21.9,536,643.0,-13.7,1.5,148,-
6544,ジャパンエレベーターサービスホールディングス,サービス業,2.0,★☆☆☆☆,0.0,0.0,1.0,0.0,1.0,0.0,0.0,0.0,見送り(地合い🔴),,0.0,8.8,2.8,-1.8,1619,1714.0,2.3,1.2,914,-
3445,ＲＳ　Ｔｅｃｈｎｏｌｏｇｉｅｓ,金属製品,1.6,★☆☆☆☆,0.0,0.0,0.0,0.0,0.0,0.0,1.6,0.0,見送り(地合い🔴),,0.0,-11.3,11.2,-21.0,4430,5710.0,-11.9,1.0,2370,開示[資本提携](5日前)
6217,津田駒工業,機械,1.5,★☆☆☆☆,0.0,0.0,0.0,0.0,1.5,0.0,0.0,0.0,見送り(地合い🔴),,0.0,-25.0,12.8,-24.6,473,635.0,-15.4,0.8,182,-
9412,スカパーＪＳＡＴ,情報・通信業,1.5,★☆☆☆☆,0.0,0.0,0.0,0.0,1.5,0.0,0.0,0.0,見送り(地合い🔴),,0.0,-13.6,4.4,-17.2,1861,2040.0,-11.3,0.9,6223,-
3741,セック,情報・通信業,1.5,★☆☆☆☆,0.0,0.0,0.0,0.0,1.5,0.0,0.0,0.0,見送り(地合い🔴),,0.0,-0.9,3.9,-7.0,2633,2853.0,-4.4,1.0,300,-
3853,アステリア,情報・通信業,1.5,★☆☆☆☆,0.0,0.0,0.0,0.0,1.5,0.0,0.0,0.0,見送り(地合い🔴),,0.0,-3.1,4.7,-10.2,916,1010.0,-9.6,1.1,323,-
2938,オカムラ食品工業,食料品,1.5,★☆☆☆☆,0.0,0.0,0.0,0.0,1.5,0.0,0.0,0.0,見送り(地合い🔴),,0.0,4.8,1.9,-2.6,1198,1246.0,2.3,0.5,112,-
6834,精工技研,電気機器,1.3,★☆☆☆☆,0.0,0.0,1.0,0.0,0.0,0.0,0.3,0.0,見送り(地合い🔴),,0.0,-37.5,10.4,-32.1,12754,16090.0,-24.3,1.4,3791,開示[株式分割](12日前)
3776,ブロードバンドタワー,情報・通信業,1.2,★☆☆☆☆,0.0,0.0,0.0,0.0,0.0,0.0,1.2,0.0,見送り(地合い🔴),,0.0,-10.1,6.5,-16.8,198,227.0,-5.8,0.9,216,開示[業績予想の修正](7日前)
4588,オンコリスバイオファーマ,医薬品,1.2,★☆☆☆☆,0.0,0.0,0.0,0.0,1.2,0.0,0.0,0.0,見送り(地合い🔴),,0.0,-6.9,5.9,-5.9,2163,2451.0,1.5,1.1,1404,-
336A,ダイナミックマッププラットフォーム,情報・通信業,1.2,★☆☆☆☆,0.0,0.0,0.0,0.0,1.2,0.0,0.0,0.0,見送り(地合い🔴),,0.0,10.1,5.9,-4.7,712,807.0,0.0,1.0,271,-
4179,ジーネクスト,情報・通信業,1.2,★☆☆☆☆,0.0,0.0,0.0,0.0,0.0,0.0,1.2,0.0,見送り(地合い🔴),,0.0,-33.1,6.3,-22.6,297,340.0,-11.7,0.2,147,開示[業務提携](7日前)
5590,ネットスターズ,情報・通信業,1.2,★☆☆☆☆,0.0,0.0,0.0,0.0,1.2,0.0,0.0,0.0,見送り(地合い🔴),,0.0,6.5,3.8,-4.3,600,650.0,-4.4,0.8,106,-
3825,リミックスポイント,小売業,1.2,★☆☆☆☆,0.0,0.0,0.0,0.0,1.2,0.0,0.0,0.0,見送り(地合い🔴),,0.0,14.1,4.6,-3.9,170,187.0,-7.9,0.8,191,-
4664,アール・エス・シー,サービス業,1.2,★☆☆☆☆,0.0,0.0,0.0,0.0,1.2,0.0,0.0,0.0,見送り(地合い🔴),,0.0,-8.4,7.6,-7.3,761,897.0,-4.0,0.2,133,-
7719,東京衡機,精密機器,1.2,★☆☆☆☆,0.0,0.0,0.0,0.0,1.2,0.0,0.0,0.0,見送り(地合い🔴),,0.0,3.6,10.3,-11.5,312,393.0,-9.4,0.6,159,-
319A,技術承継機構,金属製品,1.2,★☆☆☆☆,0.0,0.0,0.0,0.0,1.2,0.0,0.0,0.0,見送り(地合い🔴),,0.0,13.0,9.0,-5.2,13339,16270.0,1.6,1.1,640,-
3168,ＭＥＲＦ,卸売業,1.2,★☆☆☆☆,0.0,0.0,0.0,0.0,1.2,0.0,0.0,0.0,見送り(地合い🔴),,0.0,11.9,5.8,-3.6,1070,1211.0,-1.6,0.3,193,-
2334,イオレ,サービス業,1.1,★☆☆☆☆,0.0,0.0,0.0,0.0,0.0,0.0,1.1,0.0,見送り(地合い🔴),,0.0,-13.8,6.2,-17.5,401,458.0,-8.4,1.0,905,開示[データセンター](6日前)
6769,ザインエレクトロニクス,電気機器,1.1,★☆☆☆☆,0.0,0.0,0.0,0.0,0.0,0.0,1.1,0.0,見送り(地合い🔴),,0.0,-6.5,7.0,-12.3,795,924.0,-13.8,0.9,135,開示[業績予想の修正](8日前)
6055,ジャパンマテリアル,サービス業,1.1,★☆☆☆☆,0.0,0.0,0.0,0.0,0.0,0.0,1.1,0.0,見送り(地合い🔴),,0.0,-12.6,7.2,-19.5,1696,1983.0,-14.3,1.1,2350,開示[子会社化](6日前)
6480,日本トムソン,機械,1.0,★☆☆☆☆,0.0,0.0,1.0,0.0,0.0,0.0,0.0,0.0,見送り(地合い🔴),,0.0,-18.5,8.3,-22.9,1286,1543.0,-13.7,1.4,1646,-
6471,日本精工,機械,1.0,★☆☆☆☆,0.0,0.0,1.0,0.0,0.0,0.0,0.0,0.0,見送り(地合い🔴),,0.0,7.2,3.4,-3.9,1027,1102.0,-2.8,1.3,2504,-
5331,ノリタケ,ガラス・土石製品,1.0,★☆☆☆☆,0.0,0.0,1.0,0.0,0.0,0.0,0.0,0.0,見送り(地合い🔴),,0.0,-13.5,4.6,-16.2,2823,3110.0,-10.0,1.4,1027,-
5381,マイポックス,ガラス・土石製品,1.0,★☆☆☆☆,0.0,0.0,1.0,0.0,0.0,0.0,0.0,0.0,見送り(地合い🔴),,0.0,-24.8,7.7,-25.5,589,696.0,-18.3,1.3,183,-
6492,岡野バルブ製造,機械,1.0,★☆☆☆☆,0.0,0.0,1.0,0.0,0.0,0.0,0.0,0.0,見送り(地合い🔴),,0.0,-19.7,8.1,-26.7,10083,12030.0,-19.7,1.3,649,-
4368,扶桑化学工業,化学,1.0,★☆☆☆☆,0.0,0.0,1.0,0.0,0.0,0.0,0.0,0.0,見送り(地合い🔴),,0.0,-16.4,7.8,-20.3,2783,3300.0,-18.5,1.3,2680,-
6914,オプテックスグループ,電気機器,1.0,★☆☆☆☆,0.0,0.0,1.0,0.0,0.0,0.0,0.0,0.0,見送り(地合い🔴),,0.0,-12.1,4.8,-15.8,2932,3245.0,-10.4,1.3,577,-
4265,Ｉｎｓｔｉｔｕｔｉｏｎ　ｆｏｒ　ａ　Ｇｌｏｂａｌ　Ｓｏｃｉｅｔｙ,情報・通信業,1.0,★☆☆☆☆,0.0,0.0,1.0,0.0,0.0,0.0,0.0,0.0,見送り(地合い🔴),,0.0,-28.6,11.5,-20.8,215,279.0,-17.5,0.3,167,-
5332,ＴＯＴＯ,ガラス・土石製品,1.0,★☆☆☆☆,0.0,0.0,1.0,0.0,0.0,0.0,0.0,0.0,見送り(地合い🔴),,0.0,-11.9,4.5,-16.2,6108,6707.0,-11.8,1.4,9247,-
4078,堺化学工業,化学,1.0,★☆☆☆☆,0.0,0.0,1.0,0.0,0.0,0.0,0.0,0.0,見送り(地合い🔴),,0.0,-8.3,5.4,-11.2,3374,3780.0,-7.1,1.3,1461,-
1938,日本リーテック,建設業,1.0,★☆☆☆☆,0.0,0.0,1.0,0.0,0.0,0.0,0.0,0.0,見送り(地合い🔴),,0.0,-1.0,2.9,-7.6,2259,2399.0,-4.7,1.4,202,-
6882,三社電機製作所,電気機器,1.0,★☆☆☆☆,0.0,0.0,1.0,0.0,0.0,0.0,0.0,0.0,見送り(地合い🔴),,0.0,-5.9,4.0,-12.2,974,1058.0,-8.6,1.4,103,-
6464,ツバキ・ナカシマ,機械,1.0,★☆☆☆☆,0.0,0.0,1.0,0.0,0.0,0.0,0.0,0.0,見送り(地合い🔴),,0.0,-2.1,5.7,-11.9,304,343.0,-7.3,1.3,186,-
277A,グロービング,サービス業,1.0,★☆☆☆☆,0.0,0.0,1.0,0.0,0.0,0.0,0.0,0.0,見送り(地合い🔴),,0.0,-18.2,7.4,-19.5,1356,1593.0,-5.1,0.8,640,-
6777,ｓａｎｔｅｃ　Ｈｏｌｄｉｎｇｓ,電気機器,1.0,★☆☆☆☆,0.0,0.0,1.0,0.0,0.0,0.0,0.0,0.0,見送り(地合い🔴),,0.0,-32.3,9.4,-29.7,12406,15290.0,-19.9,1.4,2796,-
6779,日本電波工業,電気機器,1.0,★☆☆☆☆,0.0,0.0,1.0,0.0,0.0,0.0,0.0,0.0,見送り(地合い🔴),,0.0,-23.9,11.4,-29.9,1744,2256.0,-20.8,1.5,3134,-
5885,ジーデップ・アドバンス,卸売業,1.0,★☆☆☆☆,0.0,0.0,1.0,0.0,0.0,0.0,0.0,0.0,見送り(地合い🔴),,0.0,-0.0,7.2,-10.9,2155,2517.0,-6.2,0.6,188,-
5724,アサカ理研,非鉄金属,1.0,★☆☆☆☆,0.0,0.0,1.0,0.0,0.0,0.0,0.0,0.0,見送り(地合い🔴),,0.0,-0.1,5.3,-10.2,1955,2187.0,-8.6,1.3,130,-
6266,タツモ,機械,1.0,★☆☆☆☆,0.0,0.0,1.0,0.0,0.0,0.0,0.0,0.0,見送り(地合い🔴),,0.0,-13.0,11.7,-23.2,2766,3615.0,-23.0,1.0,1698,-
6966,三井ハイテック,電気機器,1.0,★☆☆☆☆,0.0,0.0,1.0,0.0,0.0,0.0,0.0,0.0,見送り(地合い🔴),,0.0,-0.2,6.1,-11.6,745,848.0,-7.5,1.4,2857,-
7794,イーディーピー,その他製品,1.0,★☆☆☆☆,0.0,0.0,1.0,0.0,0.0,0.0,0.0,0.0,見送り(地合い🔴),,0.0,-21.2,5.8,-19.0,747,844.0,-10.1,1.4,358,-
9824,泉州電業,卸売業,1.0,★☆☆☆☆,0.0,0.0,1.0,0.0,0.0,0.0,0.0,0.0,見送り(地合い🔴),,0.0,-6.7,3.9,-10.6,5380,5840.0,-5.8,1.4,403,-
1812,鹿島建設,建設業,1.0,★☆☆☆☆,0.0,0.0,1.0,0.0,0.0,0.0,0.0,0.0,見送り(地合い🔴),,0.0,2.1,3.2,-6.2,5052,5397.0,-3.6,1.4,9061,-
3186,ネクステージ,小売業,1.0,★☆☆☆☆,0.0,0.0,1.0,0.0,0.0,0.0,0.0,0.0,見送り(地合い🔴),,0.0,-8.4,4.7,-9.9,3001,3315.0,-3.6,1.1,2829,-
3443,川田テクノロジーズ,金属製品,1.0,★☆☆☆☆,0.0,0.0,1.0,0.0,0.0,0.0,0.0,0.0,見送り(地合い🔴),,0.0,8.8,2.7,-2.4,1213,1281.0,-1.2,1.3,306,-
6613,ＱＤレーザ,電気機器,1.0,★☆☆☆☆,0.0,0.0,1.0,0.0,0.0,0.0,0.0,0.0,見送り(地合い🔴),,0.0,-45.4,16.6,-45.8,831,1243.0,-24.9,1.3,6077,-
6298,ワイエイシイホールディングス,機械,1.0,★☆☆☆☆,0.0,0.0,1.0,0.0,0.0,0.0,0.0,0.0,見送り(地合い🔴),,0.0,-11.3,5.1,-14.0,980,1092.0,-9.2,1.3,360,-
6674,ジーエス・ユアサ　コーポレーション,電気機器,1.0,★☆☆☆☆,0.0,0.0,1.0,0.0,0.0,0.0,0.0,0.0,見送り(地合い🔴),,0.0,-9.7,5.6,-16.7,4597,5178.0,-12.4,1.3,4784,-
4667,アイサンテクノロジー,情報・通信業,1.0,★☆☆☆☆,0.0,0.0,1.0,0.0,0.0,0.0,0.0,0.0,見送り(地合い🔴),,0.0,-1.7,5.3,-12.8,1577,1762.0,-4.1,1.4,104,-
4565,ネクセラファーマ,医薬品,1.0,★☆☆☆☆,0.0,0.0,1.0,0.0,0.0,0.0,0.0,0.0,見送り(地合い🔴),,0.0,-1.9,3.7,-6.6,806,870.0,-5.5,1.5,556,-
4587,ペプチドリーム,医薬品,1.0,★☆☆☆☆,0.0,0.0,1.0,0.0,0.0,0.0,0.0,0.0,見送り(地合い🔴),,0.0,-0.7,3.0,-5.1,892,948.7000122070312,-0.6,1.3,804,-
6668,アドテック　プラズマ　テクノロジー,電気機器,1.0,★☆☆☆☆,0.0,0.0,1.0,0.0,0.0,0.0,0.0,0.0,見送り(地合い🔴),,0.0,-26.6,14.0,-28.8,1816,2525.0,-23.3,1.0,681,-
3687,フィックスターズ,情報・通信業,1.0,★☆☆☆☆,0.0,0.0,1.0,0.0,0.0,0.0,0.0,0.0,見送り(地合い🔴),,0.0,-5.3,6.1,-13.6,1733,1975.0,-7.0,1.3,2122,-
4259,エクサウィザーズ,情報・通信業,1.0,★☆☆☆☆,0.0,0.0,1.0,0.0,0.0,0.0,0.0,0.0,見送り(地合い🔴),,0.0,4.1,6.8,-9.9,649,751.0,-6.6,1.3,1591,-
6800,ヨコオ,電気機器,1.0,★☆☆☆☆,0.0,0.0,1.0,0.0,0.0,0.0,0.0,0.0,見送り(地合い🔴),,0.0,-31.4,9.3,-29.9,2904,3565.0,-21.5,1.4,864,-
7715,長野計器,精密機器,1.0,★☆☆☆☆,0.0,0.0,1.0,0.0,0.0,0.0,0.0,0.0,見送り(地合い🔴),,0.0,-15.5,5.8,-17.2,2963,3355.0,-12.9,1.3,406,-
5741,ＵＡＣＪ,非鉄金属,1.0,★☆☆☆☆,0.0,0.0,1.0,0.0,0.0,0.0,0.0,0.0,見送り(地合い🔴),,0.0,-4.5,5.0,-11.4,1956,2176.0,-8.6,1.2,2008,-
7762,シチズン時計,精密機器,1.0,★☆☆☆☆,0.0,0.0,1.0,0.0,0.0,0.0,0.0,0.0,見送り(地合い🔴),,0.0,-6.2,4.5,-12.1,1840,2023.0,-10.3,1.3,2940,-
6622,ダイヘン,電気機器,1.0,★☆☆☆☆,0.0,0.0,1.0,0.0,0.0,0.0,0.0,0.0,見送り(地合い🔴),,0.0,-23.8,7.5,-25.0,10106,11900.0,-19.9,1.5,3823,-
2975,スター・マイカ・ホールディングス,不動産業,1.0,★☆☆☆☆,0.0,0.0,0.0,0.0,1.0,0.0,0.0,0.0,見送り(地合い🔴),,0.0,2.5,3.2,-3.0,1391,1485.0,-5.3,0.9,305,-
7649,スギホールディングス,小売業,1.0,★☆☆☆☆,0.0,0.0,1.0,0.0,0.0,0.0,0.0,0.0,見送り(地合い🔴),,0.0,6.5,3.5,-0.2,2817,3032.0,3.6,1.5,2993,-
5016,ＪＸ金属,非鉄金属,1.0,★☆☆☆☆,0.0,0.0,1.0,0.0,0.0,0.0,0.0,0.0,見送り(地合い🔴),,0.0,-14.0,8.0,-16.4,2797,3331.0,-11.7,1.2,84047,-
5076,インフロニア・ホールディングス,建設業,1.0,★☆☆☆☆,0.0,0.0,0.0,0.0,1.0,0.0,0.0,0.0,見送り(地合い🔴),,0.0,8.7,3.3,-4.8,2459,2635.0,-7.1,1.1,4455,-
3905,データセクション,情報・通信業,1.0,★☆☆☆☆,0.0,0.0,1.0,0.0,0.0,0.0,0.0,0.0,見送り(地合い🔴),,0.0,-34.1,10.9,-35.4,1511,1930.0,-20.2,1.2,4793,-
7173,東京きらぼしフィナンシャルグループ,銀行業,1.0,★☆☆☆☆,0.0,0.0,0.0,0.0,1.0,0.0,0.0,0.0,見送り(地合い🔴),,0.0,4.8,4.2,-3.1,1558,1702.0,-2.0,1.1,2979,-
6584,三櫻工業,輸送用機器,1.0,★☆☆☆☆,0.0,0.0,1.0,0.0,0.0,0.0,0.0,0.0,見送り(地合い🔴),,0.0,-7.3,5.0,-11.7,701,779.0,-8.6,1.4,602,-
464A,ＱＰＳホールディングス,情報・通信業,1.0,★☆☆☆☆,0.0,0.0,1.0,0.0,0.0,0.0,0.0,0.0,見送り(地合い🔴),,0.0,-19.4,8.0,-23.3,1151,1371.0,-15.4,1.4,3044,-
6363,酉島製作所,機械,1.0,★☆☆☆☆,0.0,0.0,1.0,0.0,0.0,0.0,0.0,0.0,見送り(地合い🔴),,0.0,4.3,3.7,-8.5,2438,2630.0,-7.7,1.2,614,-
4390,ＩＰＳ,情報・通信業,1.0,★☆☆☆☆,0.0,0.0,1.0,0.0,0.0,0.0,0.0,0.0,見送り(地合い🔴),,0.0,10.2,3.6,-3.2,3131,3370.0,-5.6,1.3,240,-
4392,ＦＩＧ,情報・通信業,1.0,★☆☆☆☆,0.0,0.0,1.0,0.0,0.0,0.0,0.0,0.0,見送り(地合い🔴),,0.0,-14.6,9.2,-21.2,691,847.0,-20.5,1.4,1180,-
350A,デジタルグリッド,電気・ガス業,1.0,★☆☆☆☆,0.0,0.0,1.0,0.0,0.0,0.0,0.0,0.0,見送り(地合い🔴),,0.0,3.2,4.9,-6.5,645,715.0,-8.2,1.4,229,-
8802,三菱地所,不動産業,1.0,★☆☆☆☆,0.0,0.0,1.0,0.0,0.0,0.0,0.0,0.0,見送り(地合い🔴),,0.0,9.1,2.8,-1.0,3870,4100.0,-2.5,1.3,12650,-
5384,フジミインコーポレーテッド,ガラス・土石製品,1.0,★☆☆☆☆,0.0,0.0,1.0,0.0,0.0,0.0,0.0,0.0,見送り(地合い🔴),,0.0,-12.1,7.2,-15.9,3046,3555.0,-15.0,1.3,1600,-
4275,カーリット,化学,1.0,★☆☆☆☆,0.0,0.0,1.0,0.0,0.0,0.0,0.0,0.0,見送り(地合い🔴),,0.0,10.4,5.8,-6.3,1918,2169.0,-8.2,1.1,509,-
5201,ＡＧＣ,ガラス・土石製品,1.0,★☆☆☆☆,0.0,0.0,1.0,0.0,0.0,0.0,0.0,0.0,見送り(地合い🔴),,0.0,-2.8,3.2,-7.5,5678,6060.0,-4.5,1.4,7602,-
3099,三越伊勢丹ホールディングス,小売業,1.0,★☆☆☆☆,0.0,0.0,0.0,0.0,1.0,0.0,0.0,0.0,見送り(地合い🔴),,0.0,-1.6,3.1,-6.8,3401,3629.0,-5.7,1.1,8680,-
6387,サムコ,機械,1.0,★☆☆☆☆,0.0,0.0,1.0,0.0,0.0,0.0,0.0,0.0,見送り(地合い🔴),,0.0,-34.9,13.7,-35.6,5466,7535.0,-26.5,1.4,1091,-
6754,アンリツ,電気機器,1.0,★☆☆☆☆,0.0,0.0,1.0,0.0,0.0,0.0,0.0,0.0,見送り(地合い🔴),,0.0,-11.6,6.3,-16.4,3005,3438.0,-12.6,1.2,5757,-
6941,山一電機,電気機器,1.0,★☆☆☆☆,0.0,0.0,1.0,0.0,0.0,0.0,0.0,0.0,見送り(地合い🔴),,0.0,-11.7,9.5,-19.0,6021,7430.0,-20.8,1.4,2406,-
6856,堀場製作所,電気機器,1.0,★☆☆☆☆,0.0,0.0,1.0,0.0,0.0,0.0,0.0,0.0,見送り(地合い🔴),,0.0,-4.0,6.3,-13.0,20576,23520.0,-13.4,1.5,6253,-
4182,三菱瓦斯化学,化学,1.0,★☆☆☆☆,0.0,0.0,1.0,0.0,0.0,0.0,0.0,0.0,見送り(地合い🔴),,0.0,-14.4,5.8,-18.6,3374,3820.0,-15.7,1.5,4549,-
6859,エスペック,電気機器,1.0,★☆☆☆☆,0.0,0.0,1.0,0.0,0.0,0.0,0.0,0.0,見送り(地合い🔴),,0.0,-1.1,5.1,-9.5,3366,3750.0,-13.6,1.4,522,-
6858,小野測器,電気機器,1.0,★☆☆☆☆,0.0,0.0,1.0,0.0,0.0,0.0,0.0,0.0,見送り(地合い🔴),,0.0,-2.5,4.7,-11.4,698,771.0,-13.4,1.0,137,-
6013,タクマ,機械,1.0,★☆☆☆☆,0.0,0.0,0.0,0.0,1.0,0.0,0.0,0.0,見送り(地合い🔴),,0.0,3.2,2.8,-4.4,3176,3365.0,-1.0,1.1,717,-
1720,東急建設,建設業,1.0,★☆☆☆☆,0.0,0.0,1.0,0.0,0.0,0.0,0.0,0.0,見送り(地合い🔴),,0.0,9.1,2.2,-1.8,1107,1159.0,-1.2,1.3,361,-
6855,日本電子材料,電気機器,1.0,★☆☆☆☆,0.0,0.0,1.0,0.0,0.0,0.0,0.0,0.0,見送り(地合い🔴),,0.0,-24.6,11.0,-28.4,3929,5040.0,-22.5,1.4,5326,-
1801,大成建設,建設業,1.0,★☆☆☆☆,0.0,0.0,1.0,0.0,0.0,0.0,0.0,0.0,見送り(地合い🔴),,0.0,1.7,3.8,-6.7,12050,13035.0,-4.4,1.2,8683,-
4420,イーソル,情報・通信業,1.0,★☆☆☆☆,0.0,0.0,1.0,0.0,0.0,0.0,0.0,0.0,見送り(地合い🔴),,0.0,0.1,4.3,-11.4,646,708.0,-7.8,1.2,143,-
4047,関東電化工業,化学,1.0,★☆☆☆☆,0.0,0.0,1.0,0.0,0.0,0.0,0.0,0.0,見送り(地合い🔴),,0.0,-21.7,7.9,-23.2,2040,2420.0,-17.0,1.4,1693,-
4187,大阪有機化学工業,化学,1.0,★☆☆☆☆,0.0,0.0,1.0,0.0,0.0,0.0,0.0,0.0,見送り(地合い🔴),,0.0,-18.5,7.5,-21.0,3614,4250.0,-19.8,1.2,1298,-
7318,セレンディップ・ホールディングス,輸送用機器,1.0,★☆☆☆☆,0.0,0.0,1.0,0.0,0.0,0.0,0.0,0.0,見送り(地合い🔴),,0.0,-5.6,7.6,-12.7,1561,1839.0,-7.3,1.3,349,-
5214,日本電気硝子,ガラス・土石製品,1.0,★☆☆☆☆,0.0,0.0,1.0,0.0,0.0,0.0,0.0,0.0,見送り(地合い🔴),,0.0,-11.0,3.7,-13.6,4772,5159.0,-9.8,1.4,3429,-
6235,オプトラン,機械,1.0,★☆☆☆☆,0.0,0.0,1.0,0.0,0.0,0.0,0.0,0.0,見送り(地合い🔴),,0.0,-15.3,8.5,-20.7,2315,2787.0,-15.7,1.4,1257,-
7004,カナデビア,機械,1.0,★☆☆☆☆,0.0,0.0,1.0,0.0,0.0,0.0,0.0,0.0,見送り(地合い🔴),,0.0,2.4,3.5,-6.3,1089,1170.0,-3.8,1.4,1028,-
2802,味の素,食料品,1.0,★☆☆☆☆,0.0,0.0,1.0,0.0,0.0,0.0,0.0,0.0,見送り(地合い🔴),,0.0,-7.2,3.8,-12.8,4475,4847.0,-7.7,1.3,22338,-
6645,オムロン,電気機器,1.0,★☆☆☆☆,0.0,0.0,1.0,0.0,0.0,0.0,0.0,0.0,見送り(地合い🔴),,0.0,-0.6,4.9,-8.8,4662,5172.0,-5.3,1.1,7263,-
6794,フォスター電機,電気機器,1.0,★☆☆☆☆,0.0,0.0,1.0,0.0,0.0,0.0,0.0,0.0,見送り(地合い🔴),,0.0,-2.6,3.1,-7.8,2505,2668.0,-6.8,1.3,373,-
6125,岡本工作機械製作所,機械,1.0,★☆☆☆☆,0.0,0.0,1.0,0.0,0.0,0.0,0.0,0.0,見送り(地合い🔴),,0.0,-9.4,6.5,-16.5,3909,4495.0,-12.5,1.4,340,-
1434,ＪＥＳＣＯホールディングス,建設業,1.0,★☆☆☆☆,0.0,0.0,1.0,0.0,0.0,0.0,0.0,0.0,見送り(地合い🔴),,0.0,0.7,5.1,-10.4,1454,1618.0,-5.5,0.8,149,-
7713,シグマ光機,精密機器,1.0,★☆☆☆☆,0.0,0.0,1.0,0.0,0.0,0.0,0.0,0.0,見送り(地合い🔴),,0.0,-6.6,5.2,-12.1,1615,1802.0,-11.1,1.3,102,-
6994,指月電機製作所,電気機器,1.0,★☆☆☆☆,0.0,0.0,1.0,0.0,0.0,0.0,0.0,0.0,見送り(地合い🔴),,0.0,-21.4,7.6,-22.1,768,906.0,-15.2,1.5,311,-
7731,ニコン,精密機器,1.0,★☆☆☆☆,0.0,0.0,0.0,0.0,1.0,0.0,0.0,0.0,見送り(地合い🔴),,0.0,-3.5,5.0,-11.0,1763,1959.5,-11.4,1.2,3689,-
7717,ブイ・テクノロジー,精密機器,1.0,★☆☆☆☆,0.0,0.0,1.0,0.0,0.0,0.0,0.0,0.0,見送り(地合い🔴),,0.0,-34.9,10.9,-31.4,3903,4995.0,-23.5,1.3,3351,-
6072,地盤ネットホールディングス,サービス業,1.0,★☆☆☆☆,0.0,0.0,1.0,0.0,0.0,0.0,0.0,0.0,見送り(地合い🔴),,0.0,-4.0,7.3,-13.6,725,850.0,-5.3,1.5,691,-
6736,サン電子,電気機器,1.0,★☆☆☆☆,0.0,0.0,1.0,0.0,0.0,0.0,0.0,0.0,見送り(地合い🔴),,0.0,16.6,6.5,-3.0,7937,9130.0,1.6,0.5,345,-
6997,日本ケミコン,電気機器,1.0,★☆☆☆☆,0.0,0.0,1.0,0.0,0.0,0.0,0.0,0.0,見送り(地合い🔴),,0.0,-43.0,12.2,-38.8,1944,2570.0,-23.2,1.3,4702,-
6101,ツガミ,機械,1.0,★☆☆☆☆,0.0,0.0,1.0,0.0,0.0,0.0,0.0,0.0,見送り(地合い🔴),,0.0,-16.4,8.8,-19.5,4856,5890.0,-12.7,1.2,3504,-
7818,トランザクション,その他製品,1.0,★☆☆☆☆,0.0,0.0,0.0,0.0,1.0,0.0,0.0,0.0,見送り(地合い🔴),,0.0,-1.8,4.1,-7.8,1134,1234.0,0.4,1.1,168,-
8830,住友不動産,不動産業,1.0,★☆☆☆☆,0.0,0.0,1.0,0.0,0.0,0.0,0.0,0.0,見送り(地合い🔴),,0.0,10.3,2.8,-0.2,3532,3742.0,-1.3,1.4,9815,-
6361,荏原製作所,機械,1.0,★☆☆☆☆,0.0,0.0,1.0,0.0,0.0,0.0,0.0,0.0,見送り(地合い🔴),,0.0,-11.9,7.5,-17.2,4141,4871.0,-12.9,1.4,19308,-
5631,日本製鋼所,機械,1.0,★☆☆☆☆,0.0,0.0,1.0,0.0,0.0,0.0,0.0,0.0,見送り(地合い🔴),,0.0,4.3,4.7,-7.4,6543,7223.0,-3.8,1.2,7323,-
3101,東洋紡,化学,1.0,★☆☆☆☆,0.0,0.0,1.0,0.0,0.0,0.0,0.0,0.0,見送り(地合い🔴),,0.0,1.8,5.0,-12.9,1317,1463.0,-11.7,1.5,1130,-
9270,バリュエンスホールディングス,卸売業,1.0,★☆☆☆☆,0.0,0.0,1.0,0.0,0.0,0.0,0.0,0.0,見送り(地合い🔴),,0.0,-6.2,7.3,-12.0,1568,1838.0,-9.1,0.6,284,-
6047,Ｇｕｎｏｓｙ,サービス業,1.0,★☆☆☆☆,0.0,0.0,1.0,0.0,0.0,0.0,0.0,0.0,見送り(地合い🔴),,0.0,-10.7,5.4,-14.6,320,359.0,2.0,0.6,113,開示[業務提携](14日前)
6231,木村工機,機械,1.0,★☆☆☆☆,0.0,0.0,1.0,0.0,0.0,0.0,0.0,0.0,見送り(地合い🔴),,0.0,9.1,3.9,-5.2,10853,11760.0,-6.9,1.0,161,-
5074,テスホールディングス,建設業,0.3,★☆☆☆☆,0.0,0.0,0.0,0.0,0.0,0.0,0.3,0.0,見送り(地合い🔴),,0.0,-22.1,10.3,-23.4,501,631.0,-17.1,1.2,1931,開示[受注](12日前)
9072,ニッコンホールディングス,陸運業,0.0,★☆☆☆☆,0.0,0.0,0.0,0.0,0.0,0.0,0.0,0.0,見送り(地合い🔴),,0.0,-4.5,2.5,-8.4,4775,5030.0,-6.0,1.0,1265,-
6232,ＡＣＳＬ,機械,0.0,★☆☆☆☆,0.0,0.0,0.0,0.0,0.0,0.0,0.0,0.0,見送り(地合い🔴),,0.0,-2.6,7.9,-14.3,1262,1500.0,-20.1,0.8,1149,-
6962,大真空,電気機器,0.0,★☆☆☆☆,0.0,0.0,0.0,0.0,0.0,0.0,0.0,0.0,見送り(地合い🔴),,0.0,-11.3,5.6,-17.2,614,691.0,-8.8,1.0,504,-
6866,日置電機,電気機器,0.0,★☆☆☆☆,0.0,0.0,0.0,0.0,0.0,0.0,0.0,0.0,見送り(地合い🔴),,0.0,-4.9,6.4,-10.8,9011,10340.0,-10.8,1.1,824,-
268A,リガク・ホールディングス,精密機器,0.0,★☆☆☆☆,0.0,0.0,0.0,0.0,0.0,0.0,0.0,0.0,見送り(地合い🔴),,0.0,-16.8,10.5,-22.7,1444,1825.0,-19.1,1.2,6665,-
6656,インスペック,電気機器,0.0,★☆☆☆☆,0.0,0.0,0.0,0.0,0.0,0.0,0.0,0.0,見送り(地合い🔴),,0.0,-18.3,9.3,-26.9,703,864.0,-21.0,0.8,145,-
2986,ＬＡホールディングス,不動産業,0.0,★☆☆☆☆,0.0,0.0,0.0,0.0,0.0,0.0,0.0,0.0,見送り(地合い🔴),,0.0,6.7,3.3,-3.9,2506,2682.0,-1.9,1.1,575,-
6925,ウシオ電機,電気機器,0.0,★☆☆☆☆,0.0,0.0,0.0,0.0,0.0,0.0,0.0,0.0,見送り(地合い🔴),,0.0,-10.0,6.1,-15.9,3143,3582.0,-12.7,1.1,2009,-
4071,プラスアルファ・コンサルティング,情報・通信業,0.0,★☆☆☆☆,0.0,0.0,0.0,0.0,0.0,0.0,0.0,0.0,見送り(地合い🔴),,0.0,-1.6,5.0,-9.3,2123,2358.0,1.9,1.0,713,開示[資本業務提携](14日前)
2962,テクニスコ,金属製品,0.0,★☆☆☆☆,0.0,0.0,0.0,0.0,0.0,0.0,0.0,0.0,見送り(地合い🔴),,0.0,-35.0,11.9,-24.0,830,1090.0,-19.7,0.3,437,-
3105,日清紡ホールディングス,電気機器,0.0,★☆☆☆☆,0.0,0.0,0.0,0.0,0.0,0.0,0.0,0.0,見送り(地合い🔴),,0.0,-6.0,5.2,-10.8,1860,2073.5,-8.2,0.9,1920,-
6254,野村マイクロ・サイエンス,機械,0.0,★☆☆☆☆,0.0,0.0,0.0,0.0,0.0,0.0,0.0,0.0,見送り(地合い🔴),,0.0,-19.9,8.5,-22.1,2852,3440.0,-16.1,1.1,3823,-
7746,岡本硝子,精密機器,0.0,★☆☆☆☆,0.0,0.0,0.0,0.0,0.0,0.0,0.0,0.0,見送り(地合い🔴),,0.0,-12.8,5.1,-10.2,647,720.0,-5.9,0.7,437,-
7047,ポート,サービス業,0.0,★☆☆☆☆,0.0,0.0,0.0,0.0,0.0,0.0,0.0,0.0,見送り(地合い🔴),,0.0,17.2,4.0,-3.4,2130,2317.0,-6.8,0.9,263,-
3692,ＦＦＲＩセキュリティ,情報・通信業,0.0,★☆☆☆☆,0.0,0.0,0.0,0.0,0.0,0.0,0.0,0.0,見送り(地合い🔴),,0.0,10.5,5.0,-5.4,4314,4790.0,-3.2,1.2,549,-
7199,プレミアグループ,その他金融業,0.0,★☆☆☆☆,0.0,0.0,0.0,0.0,0.0,0.0,0.0,0.0,見送り(地合い🔴),,0.0,8.4,2.4,-1.7,1944,2042.0,-1.4,0.8,367,-
6597,ＨＰＣシステムズ,電気機器,0.0,★☆☆☆☆,0.0,0.0,0.0,0.0,0.0,0.0,0.0,0.0,見送り(地合い🔴),,0.0,-17.3,6.9,-22.4,2631,3050.0,-15.2,1.0,249,-
6203,豊和工業,機械,0.0,★☆☆☆☆,0.0,0.0,0.0,0.0,0.0,0.0,0.0,0.0,見送り(地合い🔴),,0.0,-2.0,6.6,-13.7,1148,1324.0,-8.1,0.9,600,-
3915,テラスカイ,情報・通信業,0.0,★☆☆☆☆,0.0,0.0,0.0,0.0,0.0,0.0,0.0,0.0,見送り(地合い🔴),,0.0,0.0,5.2,-10.2,1812,2025.0,-7.7,0.9,517,-
7256,河西工業,輸送用機器,0.0,★☆☆☆☆,0.0,0.0,0.0,0.0,0.0,0.0,0.0,0.0,見送り(地合い🔴),,0.0,7.8,4.9,-5.2,364,404.0,-5.8,0.6,110,-
5698,エンビプロ・ホールディングス,鉄鋼,0.0,★☆☆☆☆,0.0,0.0,0.0,0.0,0.0,0.0,0.0,0.0,見送り(地合い🔴),,0.0,-0.4,4.2,-6.7,680,743.0,-6.9,1.2,134,-
6356,日本ギア工業,機械,0.0,★☆☆☆☆,0.0,0.0,0.0,0.0,0.0,0.0,0.0,0.0,見送り(地合い🔴),,0.0,-5.9,6.4,-15.5,1091,1250.0,-11.5,0.6,449,-
6327,北川精機,機械,0.0,★☆☆☆☆,0.0,0.0,0.0,0.0,0.0,0.0,0.0,0.0,見送り(地合い🔴),,0.0,-55.9,22.1,-50.7,1493,2679.0,-33.6,0.9,4657,-
6336,石井表記,機械,0.0,★☆☆☆☆,0.0,0.0,0.0,0.0,0.0,0.0,0.0,0.0,見送り(地合い🔴),,0.0,-9.2,10.9,-19.7,1136,1452.0,-17.5,0.8,327,-
3810,サイバーステップホールディングス,情報・通信業,0.0,★☆☆☆☆,0.0,0.0,0.0,0.0,0.0,0.0,0.0,0.0,見送り(地合い🔴),,0.0,-4.4,11.2,-14.8,118,152.0,-6.7,0.3,284,-
3444,菊池製作所,金属製品,0.0,★☆☆☆☆,0.0,0.0,0.0,0.0,0.0,0.0,0.0,0.0,見送り(地合い🔴),,0.0,-10.2,6.4,-17.1,770,883.0,-9.7,0.6,229,-
3449,テクノフレックス,金属製品,0.0,★☆☆☆☆,0.0,0.0,0.0,0.0,0.0,0.0,0.0,0.0,見送り(地合い🔴),,0.0,-50.3,15.2,-42.4,2711,3895.0,-23.8,1.1,1540,開示[業績予想の修正](14日前)
4393,バンク・オブ・イノベーション,情報・通信業,0.0,★☆☆☆☆,0.0,0.0,0.0,0.0,0.0,0.0,0.0,0.0,見送り(地合い🔴),,0.0,7.9,3.3,-3.0,4401,4715.0,-1.2,0.7,152,-
4506,住友ファーマ,医薬品,0.0,★☆☆☆☆,0.0,0.0,0.0,0.0,0.0,0.0,0.0,0.0,見送り(地合い🔴),,0.0,-5.4,3.6,-9.3,1174,1266.0,-1.6,1.2,4967,-
6620,宮越ホールディングス,不動産業,0.0,★☆☆☆☆,0.0,0.0,0.0,0.0,0.0,0.0,0.0,0.0,見送り(地合い🔴),,0.0,-22.8,4.8,-14.9,574,636.0,-5.6,0.5,126,-
7245,大同メタル工業,輸送用機器,0.0,★☆☆☆☆,0.0,0.0,0.0,0.0,0.0,0.0,0.0,0.0,見送り(地合い🔴),,0.0,-15.8,5.3,-16.7,1108,1240.0,-6.9,0.6,1226,-
5393,ニチアス,ガラス・土石製品,0.0,★☆☆☆☆,0.0,0.0,0.0,0.0,0.0,0.0,0.0,0.0,見送り(地合い🔴),,0.0,-8.8,4.6,-12.1,2901,3197.0,-3.4,1.0,2159,-
6521,オキサイド,電気機器,0.0,★☆☆☆☆,0.0,0.0,0.0,0.0,0.0,0.0,0.0,0.0,見送り(地合い🔴),,0.0,-30.7,9.5,-30.8,2252,2783.0,-16.7,1.0,903,-
7685,ＢｕｙＳｅｌｌ　Ｔｅｃｈｎｏｌｏｇｉｅｓ,卸売業,0.0,★☆☆☆☆,0.0,0.0,0.0,0.0,0.0,0.0,0.0,0.0,見送り(地合い🔴),,0.0,2.0,4.9,-10.7,2727,3025.0,-5.9,0.9,1146,-
6752,パナソニック　ホールディングス,電気機器,0.0,★☆☆☆☆,0.0,0.0,0.0,0.0,0.0,0.0,0.0,0.0,見送り(地合い🔴),,0.0,-11.9,5.9,-17.9,3091,3507.0,-14.4,1.1,49283,-
5706,三井金属,非鉄金属,0.0,★☆☆☆☆,0.0,0.0,0.0,0.0,0.0,0.0,0.0,0.0,見送り(地合い🔴),,0.0,-29.5,10.6,-28.8,20207,25665.0,-23.6,1.2,43307,-
5367,ニッカトー,ガラス・土石製品,0.0,★☆☆☆☆,0.0,0.0,0.0,0.0,0.0,0.0,0.0,0.0,見送り(地合い🔴),,0.0,-23.3,9.1,-26.6,793,971.0,-21.2,0.9,583,-
6255,エヌ・ピー・シー,機械,0.0,★☆☆☆☆,0.0,0.0,0.0,0.0,0.0,0.0,0.0,0.0,見送り(地合い🔴),,0.0,-10.1,5.7,-15.0,508,573.0,-13.3,1.1,193,-
6036,ＫｅｅＰｅｒ技研,サービス業,0.0,★☆☆☆☆,0.0,0.0,0.0,0.0,0.0,0.0,0.0,0.0,見送り(地合い🔴),,0.0,13.3,2.2,-0.6,2678,2799.0,0.5,0.7,319,-
7373,アイドマ・ホールディングス,サービス業,0.0,★☆☆☆☆,0.0,0.0,0.0,0.0,0.0,0.0,0.0,0.0,見送り(地合い🔴),,0.0,-7.1,4.4,-11.3,894,980.0,-2.9,0.6,158,-
7352,ＴＷＯＳＴＯＮＥ＆Ｓｏｎｓ,サービス業,0.0,★☆☆☆☆,0.0,0.0,0.0,0.0,0.0,0.0,0.0,0.0,見送り(地合い🔴),,0.0,-18.7,9.1,-16.0,262,320.0,-5.6,0.3,120,-
4051,ＧＭＯフィナンシャルゲート,情報・通信業,0.0,★☆☆☆☆,0.0,0.0,0.0,0.0,0.0,0.0,0.0,0.0,見送り(地合い🔴),,0.0,0.7,3.3,-6.5,5794,6200.0,-4.8,0.9,185,-
7868,広済堂ホールディングス,その他製品,0.0,★☆☆☆☆,0.0,0.0,0.0,0.0,0.0,0.0,0.0,0.0,見送り(地合い🔴),,0.0,1.0,3.4,-5.5,476,511.0,-3.2,0.8,323,-
135A,ＶＲＡＩＮ　Ｓｏｌｕｔｉｏｎ,情報・通信業,0.0,★☆☆☆☆,0.0,0.0,0.0,0.0,0.0,0.0,0.0,0.0,見送り(地合い🔴),,0.0,-5.9,6.9,-11.7,3073,3565.0,-6.4,0.5,416,-
6433,ヒーハイスト,機械,0.0,★☆☆☆☆,0.0,0.0,0.0,0.0,0.0,0.0,0.0,0.0,見送り(地合い🔴),,0.0,-11.7,9.3,-19.6,674,828.0,-18.1,0.9,137,-
215A,タイミー,サービス業,0.0,★☆☆☆☆,0.0,0.0,0.0,0.0,0.0,0.0,0.0,0.0,見送り(地合い🔴),,0.0,8.5,4.5,-1.0,1361,1495.0,8.9,0.9,2675,-
6425,ユニバーサルエンターテインメント,機械,0.0,★☆☆☆☆,0.0,0.0,0.0,0.0,0.0,0.0,0.0,0.0,見送り(地合い🔴),,0.0,14.5,3.9,-0.2,606,657.0,2.2,1.0,162,-
212A,フィットイージー,サービス業,0.0,★☆☆☆☆,0.0,0.0,0.0,0.0,0.0,0.0,0.0,0.0,見送り(地合い🔴),,0.0,8.6,3.3,-0.8,2550,2728.0,0.2,1.2,376,-
281A,インフォメティス,情報・通信業,0.0,★☆☆☆☆,0.0,0.0,0.0,0.0,0.0,0.0,0.0,0.0,見送り(地合い🔴),,0.0,-27.2,7.8,-24.3,353,419.0,-10.3,0.5,158,-
6742,京三製作所,電気機器,0.0,★☆☆☆☆,0.0,0.0,0.0,0.0,0.0,0.0,0.0,0.0,見送り(地合い🔴),,0.0,-1.9,5.5,-9.2,732,822.0,-9.7,1.1,244,-
4055,ティアンドエスグループ,情報・通信業,0.0,★☆☆☆☆,0.0,0.0,0.0,0.0,0.0,0.0,0.0,0.0,見送り(地合い🔴),,0.0,-8.4,5.7,-16.8,1223,1380.0,-11.0,1.1,102,-
4107,伊勢化学工業,化学,0.0,★☆☆☆☆,0.0,0.0,0.0,0.0,0.0,0.0,0.0,0.0,見送り(地合い🔴),,0.0,-12.4,4.1,-9.4,3161,3445.0,-1.4,0.6,1119,-
6745,ホーチキ,電気機器,0.0,★☆☆☆☆,0.0,0.0,0.0,0.0,0.0,0.0,0.0,0.0,見送り(地合い🔴),,0.0,6.1,4.3,-5.4,1699,1859.0,-2.6,1.1,449,-
6996,ニチコン,電気機器,0.0,★☆☆☆☆,0.0,0.0,0.0,0.0,0.0,0.0,0.0,0.0,見送り(地合い🔴),,0.0,-28.9,8.7,-29.4,2088,2526.0,-18.0,0.9,4734,-
5991,日本発條,金属製品,0.0,★☆☆☆☆,0.0,0.0,0.0,0.0,0.0,0.0,0.0,0.0,見送り(地合い🔴),,0.0,-4.1,5.2,-12.0,2981,3328.0,-8.6,1.1,3234,-
