code,name,sector,score,stars,linkage,theme,supply,etf,tech,fund,material,penalty,signal,driver,gap_pct,rs20,atr_pct,dev25,stop,close,chg5d,v_ratio,turnover_m,reasons_str
6501,日立製作所,電気機器,41.400000000000006,★★☆☆☆,8.3,18.1,2.0,0.0,7.0,6.0,0.0,0.0,,Emerson,-1.5,22.9,2.7,6.2,4749,5023.0,6.5,1.0,54229,Emerson+6.9%連動(β0.48) / 量子(+6.0%)
6857,アドバンテスト,電気機器,40.5,★★☆☆☆,20.9,11.4,0.0,0.0,1.2,7.0,0.0,0.0,,Emerson,7.8,-1.8,7.2,-6.3,24300,28380.0,3.2,0.9,249262,Emerson+6.9%連動(β0.51) 未反応+7.8% / HBM・後工程(+2.7%) / 増収+41% / ROE58%
6146,ディスコ,機械,39.7,★☆☆☆☆,20.3,11.4,1.0,0.0,0.0,7.0,0.0,0.0,,Emerson,9.6,-9.5,7.6,-15.6,53166,62650.0,-3.3,1.1,120074,Emerson+6.9%連動(β0.48) 未反応+9.6% / HBM・後工程(+2.7%) / 増収+27% / ROE27%
7729,東京精密,精密機器,38.7,★☆☆☆☆,20.3,11.4,0.0,0.0,1.0,6.0,0.0,0.0,,Emerson,5.1,3.2,6.2,-4.9,15641,17865.0,4.7,0.7,9235,Emerson+6.9%連動(β0.48) 未反応+5.1% / HBM・後工程(+2.7%)
6098,リクルートホールディングス,サービス業,38.6,★☆☆☆☆,18.8,0.0,3.3,0.0,9.5,7.0,0.0,0.0,,Emerson,5.9,24.0,3.3,4.4,11681,12510.0,-2.4,1.0,49330,Emerson+6.9%連動(β0.39) 未反応+5.9% / 買い出来高優勢 / MA上昇配列 / パーフェクトオーダー / ROE31%
4062,イビデン,電気機器,37.8,★☆☆☆☆,21.4,11.4,0.0,0.0,0.0,5.0,0.0,0.0,,Emerson,7.9,-19.7,10.5,-20.2,13191,16700.0,6.5,0.8,171721,Emerson+6.9%連動(β0.54) 未反応+7.9% / HBM・後工程(+2.7%) / 増収+19%
7012,川崎重工業,輸送用機器,37.599999999999994,★☆☆☆☆,12.7,17.4,1.0,0.0,1.5,5.0,0.0,0.0,,Emerson,1.3,7.1,4.2,-3.4,2504,2734.5,5.0,0.5,44122,Emerson+6.9%連動(β0.51) 未反応+1.3% / 防衛(+5.7%) / PER21倍
8698,マネックスグループ,証券、商品先物取引業,37.0,★☆☆☆☆,19.7,0.0,4.3,0.0,8.0,5.0,0.0,0.0,,Emerson,4.9,31.5,3.3,7.4,694,743.0,1.2,0.5,2539,Emerson+6.9%連動(β0.45) 未反応+4.9% / 買い出来高優勢 / MA上昇配列 / PER17倍
6951,日本電子,電気機器,36.8,★☆☆☆☆,16.8,0.0,2.0,0.0,12.0,6.0,0.0,0.0,,Emerson,3.2,24.0,4.6,7.7,7556,8315.0,3.5,0.7,2792,Emerson+6.9%連動(β0.41) 未反応+3.2% / MA上昇配列 / パーフェクトオーダー / ROE16% / PER19倍
1944,きんでん,建設業,36.0,★☆☆☆☆,0.0,17.7,5.3,0.0,7.0,6.0,0.0,0.0,,,0.0,7.0,3.4,0.6,7263,7795.0,10.0,2.0,4576,AIデータセンター・電力(+5.8%) / 出来高増2.0倍 / MA上昇配列 / パーフェクトオーダー / PER22倍
8604,野村ホールディングス,証券、商品先物取引業,35.8,★☆☆☆☆,11.3,0.0,2.0,0.0,13.5,9.0,0.0,0.0,,Emerson,1.5,23.5,3.0,6.2,1510,1605.5,5.6,0.9,15919,Emerson+6.9%連動(β0.39) 未反応+1.5% / MA上昇配列 / パーフェクトオーダー / 52週高値目前 / 増収+28% / PER13倍
6954,ファナック,電気機器,35.5,★☆☆☆☆,16.9,10.6,2.0,0.0,0.0,6.0,0.0,0.0,,Emerson,3.0,7.3,4.6,-4.4,6158,6785.0,2.2,1.1,37298,Emerson+6.9%連動(β0.45) 未反応+3.0% / ロボット(+2.3%)
5830,いよぎんホールディングス,銀行業,35.5,★☆☆☆☆,4.8,0.0,6.7,0.0,15.0,9.0,0.0,0.0,,Emerson,-10.8,29.7,3.3,14.6,3537,3785.0,17.2,2.1,3193,Emerson+6.9%連動(β0.28) / 出来高増2.1倍 / 買い出来高優勢 / MA上昇配列 / パーフェクトオーダー / 52週高値ブレイク! / 増収+355% / PER15倍
8377,ほくほくフィナンシャルグループ,銀行業,35.400000000000006,★☆☆☆☆,6.5,0.0,3.3,0.0,15.0,9.0,1.6,0.0,,Emerson,-5.5,30.1,3.8,10.5,7403,8005.0,14.9,1.2,3131,Emerson+6.9%連動(β0.38) / 買い出来高優勢 / MA上昇配列 / パーフェクトオーダー / 52週高値ブレイク! / 開示[株式分割](3日前) / 増収+65% / PER17倍
8707,岩井コスモホールディングス,証券、商品先物取引業,35.1,★☆☆☆☆,9.1,0.0,5.0,0.0,11.0,10.0,0.0,0.0,,Emerson,1.5,19.8,2.9,4.3,4071,4320.0,2.7,1.5,446,Emerson+6.9%連動(β0.27) 未反応+1.5% / MA上昇配列 / パーフェクトオーダー / 52週高値目前 / 増収+40% / ROE17% / PER10倍
5802,住友電気工業,非鉄金属,35.0,★☆☆☆☆,14.9,12.1,0.0,0.0,1.5,6.5,0.0,0.0,,Emerson,2.3,-10.4,6.6,-11.1,2044,2355.0,4.7,0.8,51655,Emerson+6.9%連動(β0.45) 未反応+2.3% / 光通信・電線(+3.0%) / PER20倍
8750,第一ライフグループ,保険業,34.4,★☆☆☆☆,6.1,0.0,4.3,0.0,15.0,9.0,0.0,0.0,,Emerson,-1.9,24.2,2.4,6.7,1865,1959.0,8.9,1.4,19423,Emerson+6.9%連動(β0.35) / 買い出来高優勢 / MA上昇配列 / パーフェクトオーダー / 52週高値ブレイク! / 増収+26% / PER16倍
5803,フジクラ,非鉄金属,34.2,★☆☆☆☆,16.1,12.1,0.0,0.0,0.0,6.0,0.0,0.0,,Dell,9.1,-18.7,8.4,-18.6,3596,4325.0,-3.3,1.0,200114,Dell+5.6%連動(β0.29) 未反応+9.1% / 光通信・電線(+3.0%) / 増収+22% / ROE32%
6504,富士電機,電気機器,34.2,★☆☆☆☆,7.5,17.7,0.0,0.0,1.5,7.5,0.0,0.0,,Emerson,-0.3,5.6,4.0,-2.8,11939,12985.0,7.2,0.7,11320,Emerson+6.9%連動(β0.43) / AIデータセンター・電力(+5.8%) / PER20倍
8544,京葉銀行,銀行業,34.0,★☆☆☆☆,5.7,0.0,5.3,0.0,15.0,8.0,0.0,0.0,,Emerson,-9.8,29.5,3.5,12.7,2730,2935.0,18.9,1.9,1220,Emerson+6.9%連動(β0.33) / 買い出来高優勢 / MA上昇配列 / パーフェクトオーダー / 52週高値ブレイク! / 増収+44% / PER22倍
8035,東京エレクトロン,電気機器,33.9,★☆☆☆☆,20.3,8.1,0.0,0.0,0.0,5.5,0.0,0.0,,Emerson,9.0,-3.2,6.4,-11.6,54741,62800.0,-3.5,0.6,295542,Emerson+6.9%連動(β0.48) 未反応+9.0% / 半導体製造装置(+1.0%) / ROE29%
6508,明電舎,電気機器,33.9,★☆☆☆☆,7.2,17.7,0.0,0.0,1.5,7.5,0.0,0.0,,Emerson,-0.4,3.5,3.9,-3.9,8347,9050.0,6.8,1.2,1529,Emerson+6.9%連動(β0.41) / AIデータセンター・電力(+5.8%) / PER17倍
8395,佐賀銀行,銀行業,33.9,★☆☆☆☆,5.2,0.0,6.7,0.0,15.0,7.0,0.0,0.0,,Emerson,-3.8,25.7,3.5,8.9,5576,6000.0,12.4,2.3,257,Emerson+6.9%連動(β0.30) / 出来高増2.3倍 / 買い出来高優勢 / MA上昇配列 / パーフェクトオーダー / 52週高値ブレイク! / 増収+98% / PER12倍
8624,いちよし証券,証券、商品先物取引業,33.7,★☆☆☆☆,9.7,0.0,2.0,0.0,12.0,10.0,0.0,0.0,,Emerson,1.7,24.0,3.9,5.8,1428,1550.0,3.3,0.8,194,Emerson+6.9%連動(β0.27) 未反応+1.7% / MA上昇配列 / パーフェクトオーダー / 増収+69% / ROE15% / PER11倍
7337,ひろぎんホールディングス,銀行業,33.6,★☆☆☆☆,5.3,0.0,4.3,0.0,15.0,9.0,0.0,0.0,,Emerson,-4.4,22.7,2.4,7.6,2237,2352.5,10.4,1.3,1485,Emerson+6.9%連動(β0.31) / 買い出来高優勢 / MA上昇配列 / パーフェクトオーダー / 52週高値ブレイク! / 増収+40% / PER16倍
6702,富士通,電気機器,33.1,★☆☆☆☆,0.0,18.1,3.0,0.0,6.0,6.0,0.0,0.0,,,0.0,19.6,3.1,5.7,3265,3482.0,5.6,1.4,22825,量子(+6.0%) / ROE16% / PER20倍
8591,オリックス,その他金融業,33.1,★☆☆☆☆,5.8,0.0,3.3,0.0,15.0,9.0,0.0,0.0,,Emerson,-0.3,19.4,2.4,4.5,6349,6673.0,7.6,1.0,18610,Emerson+6.9%連動(β0.34) / 買い出来高優勢 / MA上昇配列 / パーフェクトオーダー / 52週高値ブレイク! / 増収+28% / PER17倍
8359,八十二長野銀行,銀行業,32.9,★☆☆☆☆,5.6,0.0,4.3,0.0,15.0,8.0,0.0,0.0,,Emerson,-2.5,23.8,2.8,7.2,2547,2699.5,9.9,1.2,3338,Emerson+6.9%連動(β0.32) / 買い出来高優勢 / MA上昇配列 / パーフェクトオーダー / 52週高値ブレイク! / 増収+170% / PER19倍
8714,池田泉州ホールディングス,銀行業,32.8,★☆☆☆☆,5.8,0.0,4.0,0.0,15.0,8.0,0.0,0.0,,Emerson,-3.8,22.1,2.8,7.4,1025,1086.0,10.3,1.7,1015,Emerson+6.9%連動(β0.34) / MA上昇配列 / パーフェクトオーダー / 52週高値ブレイク! / 増収+36% / PER17倍
8601,大和証券グループ本社,証券、商品先物取引業,32.8,★☆☆☆☆,10.0,0.0,3.3,0.0,13.5,6.0,0.0,0.0,,Emerson,1.2,27.9,2.6,8.0,1773,1871.5,5.2,0.7,8603,Emerson+6.9%連動(β0.37) 未反応+1.2% / 買い出来高優勢 / MA上昇配列 / パーフェクトオーダー / 52週高値目前 / PER15倍
8253,クレディセゾン,その他金融業,32.8,★☆☆☆☆,18.1,0.0,1.0,0.0,8.2,5.5,0.0,0.0,,Emerson,4.3,18.7,2.3,2.3,4426,4640.0,1.5,1.4,3633,Emerson+6.9%連動(β0.35) 未反応+4.3% / MA上昇配列 / パーフェクトオーダー / PER11倍
7189,西日本フィナンシャルホールディングス,銀行業,32.5,★☆☆☆☆,6.5,0.0,3.0,0.0,15.0,8.0,0.0,0.0,,Emerson,-2.1,18.5,3.0,5.7,4262,4530.0,10.3,1.2,1638,Emerson+6.9%連動(β0.37) / MA上昇配列 / パーフェクトオーダー / 52週高値ブレイク! / 増収+28% / PER0倍
5480,日本冶金工業,鉄鋼,32.4,★☆☆☆☆,12.6,0.0,3.3,0.0,13.5,3.0,0.0,0.0,,Emerson,2.1,19.3,2.3,4.6,4889,5120.0,3.9,0.5,345,Emerson+6.9%連動(β0.36) 未反応+2.1% / 買い出来高優勢 / MA上昇配列 / パーフェクトオーダー / 52週高値目前 / PER10倍
4063,信越化学工業,化学,32.4,★☆☆☆☆,19.2,0.0,3.3,0.0,0.0,7.5,2.4,0.0,,Emerson,17.6,0.6,5.0,-13.6,5527,6146.0,-14.1,2.1,53300,Emerson+6.9%連動(β0.42) 未反応+17.6% / 出来高増2.1倍 / 開示[自己株式取得](3日前) / PER24倍
7186,横浜フィナンシャルグループ,銀行業,32.3,★☆☆☆☆,6.0,0.0,3.3,0.0,15.0,8.0,0.0,0.0,,Emerson,-3.8,26.4,3.0,7.8,1862,1982.5,10.5,0.9,6249,Emerson+6.9%連動(β0.35) / 買い出来高優勢 / MA上昇配列 / パーフェクトオーダー / 52週高値ブレイク! / 増収+21% / PER21倍
8387,四国銀行,銀行業,32.2,★☆☆☆☆,4.9,0.0,4.3,0.0,15.0,8.0,0.0,0.0,,Emerson,-8.1,31.7,3.5,13.6,3308,3560.0,15.0,1.5,436,Emerson+6.9%連動(β0.28) / 買い出来高優勢 / MA上昇配列 / パーフェクトオーダー / 52週高値ブレイク! / 増収+49% / PER9倍
8367,南都銀行,銀行業,32.1,★☆☆☆☆,5.1,0.0,4.0,0.0,15.0,8.0,0.0,0.0,,Emerson,-2.0,21.7,2.8,6.3,1838,1949.0,8.8,1.5,761,Emerson+6.9%連動(β0.30) / MA上昇配列 / パーフェクトオーダー / 52週高値ブレイク! / 増収+17% / PER18倍
8411,みずほフィナンシャルグループ,銀行業,31.9,★☆☆☆☆,6.1,0.0,3.3,0.0,13.5,9.0,0.0,0.0,,Emerson,-1.5,21.5,3.2,5.6,8072,8631.0,8.8,1.0,75965,Emerson+6.9%連動(β0.35) / 買い出来高優勢 / MA上昇配列 / パーフェクトオーダー / 52週高値目前 / 増収+45% / PER17倍
8524,北洋銀行,銀行業,31.9,★☆☆☆☆,6.6,0.0,3.3,0.0,15.0,7.0,0.0,0.0,,Emerson,-3.2,24.4,3.6,9.8,1173,1263.0,13.4,1.2,2330,Emerson+6.9%連動(β0.38) / 買い出来高優勢 / MA上昇配列 / パーフェクトオーダー / 52週高値ブレイク! / 増収+144% / PER19倍
8341,七十七銀行,銀行業,31.7,★☆☆☆☆,5.7,0.0,2.0,0.0,15.0,9.0,0.0,0.0,,Emerson,-2.9,21.0,3.0,6.0,3457,3677.0,11.1,0.9,1807,Emerson+6.9%連動(β0.33) / MA上昇配列 / パーフェクトオーダー / 52週高値ブレイク! / 増収+24% / PER15倍
6432,竹内製作所,機械,31.7,★☆☆☆☆,7.7,0.0,2.0,0.0,13.5,8.5,0.0,0.0,,Emerson,-5.3,17.3,4.1,6.4,7134,7770.0,8.4,0.6,2423,Emerson+6.9%連動(β0.45) / MA上昇配列 / パーフェクトオーダー / 52週高値目前 / ROE16% / PER13倍
8370,紀陽銀行,銀行業,31.6,★☆☆☆☆,5.3,0.0,5.3,0.0,15.0,6.0,0.0,0.0,,Emerson,-3.9,23.0,2.9,8.8,4724,5010.0,10.1,1.6,674,Emerson+6.9%連動(β0.31) / 買い出来高優勢 / MA上昇配列 / パーフェクトオーダー / 52週高値ブレイク! / PER15倍
8354,ふくおかフィナンシャルグループ,銀行業,31.3,★☆☆☆☆,6.3,0.0,2.0,0.0,15.0,8.0,0.0,0.0,,Emerson,-2.8,24.4,2.9,7.6,7358,7803.0,10.2,0.8,4565,Emerson+6.9%連動(β0.36) / MA上昇配列 / パーフェクトオーダー / 52週高値ブレイク! / 増収+103% / PER17倍
7380,十六フィナンシャルグループ,銀行業,31.099999999999998,★☆☆☆☆,5.7,0.0,2.0,0.0,13.5,8.0,1.9,0.0,,Emerson,-3.1,23.2,3.8,6.4,2378,2576.0,11.4,1.2,1251,Emerson+6.9%連動(β0.33) / MA上昇配列 / パーフェクトオーダー / 52週高値目前 / 開示[増配](5日前) / 増収+31% / PER17倍
6503,三菱電機,電気機器,31.0,★☆☆☆☆,8.8,17.7,1.0,0.0,1.0,2.5,0.0,0.0,,Emerson,1.0,7.5,3.6,-2.5,5256,5669.0,5.6,1.1,28300,Emerson+6.9%連動(β0.34) 未反応+1.0% / AIデータセンター・電力(+5.8%)
8795,Ｔ＆Ｄホールディングス,保険業,30.6,★☆☆☆☆,6.1,0.0,2.0,0.0,15.0,7.5,0.0,0.0,,Emerson,-1.2,21.3,2.4,5.3,4929,5176.0,8.0,0.7,8329,Emerson+6.9%連動(β0.35) / MA上昇配列 / パーフェクトオーダー / 52週高値ブレイク! / PER19倍
8306,三菱ＵＦＪフィナンシャル・グループ,銀行業,30.3,★☆☆☆☆,6.0,0.0,3.3,0.0,15.0,6.0,0.0,0.0,,Emerson,-3.7,27.8,2.8,10.2,3585,3799.0,9.4,1.2,140793,Emerson+6.9%連動(β0.34) / 買い出来高優勢 / MA上昇配列 / パーフェクトオーダー / 52週高値ブレイク! / PER18倍
8418,山口フィナンシャルグループ,銀行業,30.3,★☆☆☆☆,5.6,0.0,2.0,0.0,15.0,6.0,1.7,0.0,,Emerson,-1.8,21.0,3.0,6.2,2980,3172.0,9.3,1.1,1657,Emerson+6.9%連動(β0.33) / MA上昇配列 / パーフェクトオーダー / 52週高値ブレイク! / 開示[自己株式の取得](6日前) / 増収+69% / PER20倍
8522,名古屋銀行,銀行業,30.2,★☆☆☆☆,6.7,0.0,2.0,0.0,15.0,6.5,0.0,0.0,,Emerson,-3.7,29.0,3.6,10.0,6491,6990.0,11.7,0.9,952,Emerson+6.9%連動(β0.39) / MA上昇配列 / パーフェクトオーダー / 52週高値ブレイク! / PER17倍
5831,しずおかフィナンシャルグループ,銀行業,30.2,★☆☆☆☆,3.9,0.0,3.3,0.0,15.0,8.0,0.0,0.0,,Emerson,-4.6,24.9,2.9,7.7,3262,3463.0,10.0,0.9,5545,Emerson+6.9%連動(β0.23) / 買い出来高優勢 / MA上昇配列 / パーフェクトオーダー / 52週高値ブレイク! / 増収+31% / PER21倍
8360,山梨中央銀行,銀行業,30.0,★☆☆☆☆,6.0,0.0,2.0,0.0,15.0,7.0,0.0,0.0,,Emerson,-7.8,28.8,4.1,12.5,6669,7260.0,17.3,1.2,901,Emerson+6.9%連動(β0.35) / MA上昇配列 / パーフェクトオーダー / 52週高値ブレイク! / 増収+86% / PER22倍
6787,メイコー,電気機器,29.9,★☆☆☆☆,22.4,0.0,0.0,0.0,0.0,7.5,0.0,0.0,,Emerson,6.5,-13.3,7.2,-16.7,19687,22990.0,1.6,0.6,11486,Emerson+6.9%連動(β0.60) 未反応+6.5% / 増収+24% / ROE15%
6871,日本マイクロニクス,電気機器,29.7,★☆☆☆☆,12.4,8.1,0.0,0.0,2.2,7.0,0.0,0.0,,Dell,2.7,-2.9,8.8,-7.8,12193,14810.0,6.0,0.7,20242,Dell+5.6%連動(β0.30) 未反応+2.7% / 半導体製造装置(+1.0%) / 増収+26% / ROE24%
8399,琉球銀行,銀行業,29.7,★☆☆☆☆,5.4,0.0,3.3,0.0,15.0,6.0,0.0,0.0,,Emerson,-5.2,30.9,3.5,12.1,2840,3055.0,11.9,0.8,396,Emerson+6.9%連動(β0.31) / 買い出来高優勢 / MA上昇配列 / パーフェクトオーダー / 52週高値ブレイク! / 増収+18% / PER14倍
8600,トモニホールディングス,銀行業,29.599999999999998,★☆☆☆☆,5.6,0.0,5.3,0.0,13.7,5.0,0.0,0.0,,Emerson,-7.0,30.6,3.0,14.1,986,1050.0,15.6,1.9,552,Emerson+6.9%連動(β0.32) / 買い出来高優勢 / MA上昇配列 / パーフェクトオーダー / 52週高値ブレイク! / PER13倍
8392,大分銀行,銀行業,29.5,★☆☆☆☆,5.5,0.0,2.0,0.0,15.0,7.0,0.0,0.0,,Emerson,-7.7,33.9,4.1,14.3,2640,2878.0,17.8,1.0,738,Emerson+6.9%連動(β0.32) / MA上昇配列 / パーフェクトオーダー / 52週高値ブレイク! / 増収+60% / PER21倍
5970,ジーテクト,金属製品,29.5,★☆☆☆☆,9.5,0.0,1.0,0.0,12.0,7.0,0.0,0.0,,Emerson,1.6,15.0,1.6,2.8,2071,2141.0,2.8,0.7,227,Emerson+6.9%連動(β0.28) 未反応+1.6% / MA上昇配列 / パーフェクトオーダー / 増収+17% / PER7倍
7888,三光合成,化学,29.099999999999998,★☆☆☆☆,18.4,0.0,1.0,0.0,5.7,4.0,0.0,0.0,,Emerson,4.3,35.2,3.3,14.6,876,937.0,2.2,0.9,162,Emerson+6.9%連動(β0.37) 未反応+4.3%
8541,愛媛銀行,銀行業,29.0,★☆☆☆☆,5.3,0.0,10.0,0.0,13.7,5.0,0.0,-5.0,,Emerson,-17.6,52.8,4.1,28.3,2676,2917.0,25.9,3.7,807,Emerson+6.9%連動(β0.30) / 出来高急増3.7倍 / 買い出来高優勢 / 資金流入増 / MA上昇配列 / パーフェクトオーダー / 52週高値ブレイク! / 過熱⚠25MA+28% / PER16倍
8316,三井住友フィナンシャルグループ,銀行業,29.0,★☆☆☆☆,5.7,0.0,3.3,0.0,15.0,5.0,0.0,0.0,,Emerson,-1.5,23.6,2.6,6.8,6844,7214.0,7.3,1.0,81782,Emerson+6.9%連動(β0.33) / 買い出来高優勢 / MA上昇配列 / パーフェクトオーダー / 52週高値ブレイク! / PER18倍
8336,武蔵野銀行,銀行業,29.0,★☆☆☆☆,5.5,0.0,2.0,0.0,15.0,6.5,0.0,0.0,,Emerson,-3.6,22.4,2.8,8.5,2653,2813.0,11.5,1.1,790,Emerson+6.9%連動(β0.32) / MA上昇配列 / パーフェクトオーダー / 52週高値ブレイク! / PER18倍
5444,大和工業,鉄鋼,28.7,★☆☆☆☆,5.4,0.0,4.3,0.0,15.0,4.0,0.0,0.0,,Emerson,-1.0,21.0,2.2,6.7,12809,13395.0,4.8,1.2,1579,Emerson+6.9%連動(β0.31) / 買い出来高優勢 / MA上昇配列 / パーフェクトオーダー / 52週高値ブレイク! / PER13倍
7327,第四北越フィナンシャルグループ,銀行業,28.3,★☆☆☆☆,5.3,0.0,2.0,0.0,15.0,6.0,0.0,0.0,,Emerson,-2.9,23.4,2.8,7.6,2266,2402.0,9.1,1.0,1837,Emerson+6.9%連動(β0.31) / MA上昇配列 / パーフェクトオーダー / 52週高値ブレイク! / PER15倍
6638,ミマキエンジニアリング,電気機器,28.2,★☆☆☆☆,8.2,0.0,2.0,0.0,12.0,6.0,0.0,0.0,,Emerson,-0.2,32.6,4.1,10.4,2016,2198.0,8.7,0.7,241,Emerson+6.9%連動(β0.48) / MA上昇配列 / パーフェクトオーダー / ROE19% / PER9倍
7970,信越ポリマー,化学,28.1,★☆☆☆☆,17.3,0.0,4.3,0.0,1.0,5.5,0.0,0.0,,Emerson,9.8,3.9,3.7,-6.5,2092,2257.0,-5.5,2.2,637,Emerson+6.9%連動(β0.31) 未反応+9.8% / 出来高増2.2倍 / PER18倍
6506,安川電機,電気機器,28.0,★☆☆☆☆,12.4,10.6,2.0,0.0,0.0,3.0,0.0,0.0,,Emerson,1.0,-12.1,7.9,-17.8,4430,5257.0,2.8,0.9,48273,Emerson+6.9%連動(β0.54) 未反応+1.0% / ロボット(+2.3%)
7011,三菱重工業,機械,27.9,★☆☆☆☆,0.0,17.4,2.0,0.0,3.5,5.0,0.0,0.0,,,0.0,19.8,3.3,2.3,3635,3891.0,5.7,0.7,71829,防衛(+5.7%)
6627,テラプローブ,電気機器,27.8,★☆☆☆☆,22.3,0.0,0.0,0.0,0.0,5.5,0.0,0.0,,Emerson,5.2,-7.1,8.8,-12.2,8950,10860.0,2.6,1.0,1588,Emerson+6.9%連動(β0.60) 未反応+5.2% / 増収+20%
8550,栃木銀行,銀行業,27.5,★☆☆☆☆,6.7,0.0,3.3,0.0,13.5,4.0,0.0,0.0,,Emerson,-5.1,26.3,3.9,9.1,975,1058.0,13.4,1.0,756,Emerson+6.9%連動(β0.39) / 買い出来高優勢 / MA上昇配列 / パーフェクトオーダー / 52週高値目前 / PER13倍
7180,九州フィナンシャルグループ,銀行業,27.2,★☆☆☆☆,6.7,0.0,2.0,0.0,13.5,5.0,0.0,0.0,,Emerson,-1.1,22.8,2.9,6.4,1517,1610.0,8.6,1.1,1808,Emerson+6.9%連動(β0.38) / MA上昇配列 / パーフェクトオーダー / 52週高値目前 / PER18倍
3091,ブロンコビリー,小売業,27.099999999999998,★☆☆☆☆,0.0,0.0,7.7,0.0,12.5,5.0,1.9,0.0,,,0.0,29.7,3.1,14.6,2478,2642.0,9.9,2.2,411,出来高増2.2倍 / 買い出来高優勢 / MA上昇配列 / パーフェクトオーダー / 52週高値ブレイク! / RSI過熱(87)⚠ / 開示[増配](5日前)
1976,明星工業,建設業,26.9,★☆☆☆☆,4.1,0.0,5.3,0.0,13.5,4.0,0.0,0.0,,Emerson,-4.2,19.4,2.4,7.3,1899,1994.0,7.8,2.2,150,Emerson+6.9%連動(β0.24) / 出来高増2.2倍 / MA上昇配列 / パーフェクトオーダー / 52週高値目前 / PER17倍
6958,日本シイエムケイ,電気機器,26.9,★☆☆☆☆,19.7,0.0,0.0,0.0,2.7,4.5,0.0,0.0,,Emerson,4.0,7.7,4.7,-2.5,577,637.0,1.6,0.6,459,Emerson+6.9%連動(β0.44) 未反応+4.0% / PER11倍
6463,ＴＰＲ,機械,26.8,★☆☆☆☆,6.8,0.0,2.0,0.0,13.5,4.5,0.0,0.0,,Emerson,0.5,14.2,2.2,2.8,1387,1451.0,3.6,1.1,185,Emerson+6.9%連動(β0.31) / MA上昇配列 / パーフェクトオーダー / 52週高値目前 / PER10倍
6178,日本郵政,サービス業,26.5,★☆☆☆☆,4.2,0.0,3.3,0.0,15.0,4.0,0.0,0.0,,Emerson,-2.6,27.4,2.5,8.9,2397,2521.5,8.3,1.1,12833,Emerson+6.9%連動(β0.24) / 買い出来高優勢 / MA上昇配列 / パーフェクトオーダー / 52週高値ブレイク! / PER20倍
5186,ニッタ,ゴム製品,26.5,★☆☆☆☆,10.0,0.0,3.0,0.0,9.5,4.0,0.0,0.0,,Emerson,2.0,17.9,3.6,4.0,6074,6540.0,-0.8,0.7,531,Emerson+6.9%連動(β0.24) 未反応+2.0% / MA上昇配列 / パーフェクトオーダー / PER13倍
8584,ジャックス,その他金融業,26.4,★☆☆☆☆,16.4,0.0,1.0,0.0,6.0,3.0,0.0,0.0,,Emerson,4.1,20.0,1.8,3.8,3631,3765.0,0.0,1.1,427,Emerson+6.9%連動(β0.25) 未反応+4.1% / PER10倍
8566,リコーリース,その他金融業,25.7,★☆☆☆☆,7.2,0.0,3.3,0.0,12.2,3.0,0.0,0.0,,Emerson,1.4,22.5,1.7,6.1,6534,6760.0,2.7,0.8,279,Emerson+6.9%連動(β0.18) 未反応+1.4% / 買い出来高優勢 / MA上昇配列 / パーフェクトオーダー / 52週高値目前 / PER16倍
5310,東洋炭素,ガラス・土石製品,23.6,★☆☆☆☆,7.4,14.7,0.0,0.0,0.0,1.5,0.0,0.0,,Emerson,-0.3,3.1,4.6,-5.0,6247,6880.0,6.2,0.8,862,Emerson+6.9%連動(β0.43) / 核融合(+4.4%)
6707,サンケン電気,電気機器,22.1,★☆☆☆☆,22.1,0.0,0.0,0.0,0.0,0.0,0.0,0.0,,Emerson,9.5,-9.2,6.0,-13.7,7791,8854.0,-2.1,0.8,1754,Emerson+6.9%連動(β0.58) 未反応+9.5%
9824,泉州電業,卸売業,22.0,★☆☆☆☆,17.7,0.0,3.3,0.0,1.0,0.0,0.0,0.0,,Emerson,4.5,-3.0,3.7,-8.0,5656,6110.0,-6.0,2.1,417,Emerson+6.9%連動(β0.33) 未反応+4.5% / 出来高増2.1倍
8346,東邦銀行,銀行業,22.0,★☆☆☆☆,5.0,0.0,2.0,0.0,15.0,0.0,0.0,0.0,,Emerson,-5.9,31.8,3.4,14.0,874,937.0,15.3,1.2,712,Emerson+6.9%連動(β0.29) / MA上昇配列 / パーフェクトオーダー / 52週高値ブレイク!
5110,住友ゴム工業,ゴム製品,22.0,★☆☆☆☆,15.0,0.0,3.0,0.0,4.0,0.0,0.0,0.0,,Emerson,3.1,15.7,2.9,2.1,2109,2240.5,0.8,1.3,4131,Emerson+6.9%連動(β0.32) 未反応+3.1% / MA上昇配列
6723,ルネサスエレクトロニクス,電気機器,22.0,★☆☆☆☆,22.0,0.0,0.0,0.0,0.0,0.0,0.0,0.0,,Emerson,8.2,-8.7,7.9,-15.0,3258,3866.0,1.2,0.6,64033,Emerson+6.9%連動(β0.58) 未反応+8.2%
9984,ソフトバンクグループ,情報・通信業,21.9,★☆☆☆☆,21.9,0.0,0.0,0.0,0.0,0.0,0.0,0.0,,Emerson,11.3,-3.7,8.4,-12.6,4437,5331.0,-1.7,1.0,303991,Emerson+6.9%連動(β0.57) 未反応+11.3%
8037,カメイ,卸売業,21.8,★☆☆☆☆,4.8,0.0,2.0,0.0,15.0,0.0,0.0,0.0,,Emerson,0.0,20.1,1.9,5.2,3638,3780.0,4.1,1.2,167,Emerson+6.9%連動(β0.27) / MA上昇配列 / パーフェクトオーダー / 52週高値ブレイク!
8309,三井住友トラストグループ,銀行業,21.8,★☆☆☆☆,5.0,0.0,3.3,0.0,13.5,0.0,0.0,0.0,,Emerson,-0.2,25.9,2.2,6.8,6578,6881.0,6.7,1.1,16676,Emerson+6.9%連動(β0.29) / 買い出来高優勢 / MA上昇配列 / パーフェクトオーダー / 52週高値目前
3132,マクニカホールディングス,卸売業,21.7,★☆☆☆☆,0.0,0.0,6.7,0.0,15.0,0.0,0.0,0.0,,,0.0,23.1,4.3,9.5,3269,3579.0,11.8,6.0,2508,出来高急増6.0倍 / MA上昇配列 / パーフェクトオーダー / 52週高値ブレイク!
8713,フィデアホールディングス,銀行業,21.7,★☆☆☆☆,4.4,0.0,5.3,0.0,12.0,0.0,0.0,0.0,,Emerson,-3.1,24.7,2.8,7.3,2057,2177.0,8.3,1.5,114,Emerson+6.9%連動(β0.25) / 買い出来高優勢 / MA上昇配列 / パーフェクトオーダー
8551,北日本銀行,銀行業,21.599999999999998,★☆☆☆☆,5.6,0.0,5.3,0.0,13.7,0.0,0.0,-3.0,,Emerson,-8.9,43.8,3.8,19.5,6463,7000.0,16.1,1.4,238,Emerson+6.9%連動(β0.33) / 買い出来高優勢 / MA上昇配列 / パーフェクトオーダー / 52週高値ブレイク! / 伸びすぎ注意(25MA+20%)
6141,ＤＭＧ森精機,機械,21.599999999999998,★☆☆☆☆,7.6,0.0,4.3,0.0,9.7,0.0,0.0,0.0,,Emerson,-8.7,20.2,4.5,5.8,3451,3796.0,12.0,1.5,3855,Emerson+6.9%連動(β0.44) / 買い出来高優勢 / MA上昇配列 / パーフェクトオーダー
6728,アルバック,電気機器,21.5,★☆☆☆☆,19.5,0.0,1.0,0.0,1.0,0.0,0.0,0.0,,Emerson,8.1,3.1,5.9,-6.3,8212,9301.0,-2.1,1.4,4974,Emerson+6.9%連動(β0.44) 未反応+8.1%
5805,ＳＷＣＣ,非鉄金属,21.4,★☆☆☆☆,7.8,12.1,0.0,0.0,1.5,0.0,0.0,0.0,,Emerson,-3.7,-4.1,5.5,-6.5,10220,11480.0,9.6,0.9,4359,Emerson+6.9%連動(β0.45) / 光通信・電線(+3.0%)
5832,ちゅうぎんフィナンシャルグループ,銀行業,21.4,★☆☆☆☆,4.4,0.0,2.0,0.0,15.0,0.0,0.0,0.0,,Emerson,-2.9,22.8,2.7,7.4,3276,3464.0,11.0,1.0,1051,Emerson+6.9%連動(β0.25) / MA上昇配列 / パーフェクトオーダー / 52週高値ブレイク!
1518,三井松島ホールディングス,その他製品,21.4,★☆☆☆☆,0.0,0.0,10.0,0.0,12.5,0.0,3.9,-5.0,,,0.0,69.7,3.9,47.9,2196,2381.0,57.4,7.1,897,出来高急増7.1倍 / 買い出来高優勢 / 資金流入増 / MA上昇配列 / パーフェクトオーダー / 52週高値ブレイク! / RSI過熱(92)⚠ / 過熱⚠25MA+48% / 開示[上方修正](5日前) / 開示[子会社化](5日前)
8388,阿波銀行,銀行業,21.4,★☆☆☆☆,5.4,0.0,5.3,0.0,13.7,0.0,0.0,-3.0,,Emerson,-8.7,36.0,3.4,16.4,8263,8860.0,16.1,1.8,824,Emerson+6.9%連動(β0.31) / 買い出来高優勢 / MA上昇配列 / パーフェクトオーダー / 52週高値ブレイク! / 伸びすぎ注意(25MA+16%)
5202,日本板硝子,ガラス・土石製品,21.4,★☆☆☆☆,14.7,0.0,0.0,0.0,6.7,0.0,0.0,0.0,,Emerson,2.6,11.8,0.3,0.7,481,484.0,0.6,0.2,392,Emerson+6.9%連動(β0.40) 未反応+2.6% / MA上昇配列
5101,横浜ゴム,ゴム製品,21.3,★☆☆☆☆,18.3,0.0,1.0,0.0,2.0,0.0,0.0,0.0,,Emerson,6.4,12.9,3.7,-0.5,6974,7538.0,-0.3,0.8,6625,Emerson+6.9%連動(β0.36) 未反応+6.4%
6268,ナブテスコ,機械,21.3,★☆☆☆☆,16.3,0.0,4.0,0.0,1.0,0.0,0.0,0.0,,Emerson,2.9,7.7,5.1,-6.0,4411,4908.0,2.9,1.6,5877,Emerson+6.9%連動(β0.43) 未反応+2.9%
8381,山陰合同銀行,銀行業,21.3,★☆☆☆☆,5.5,0.0,3.3,0.0,12.5,0.0,0.0,0.0,,Emerson,-2.7,25.1,2.8,7.0,2405,2547.0,8.8,1.0,1026,Emerson+6.9%連動(β0.32) / 買い出来高優勢 / MA上昇配列 / パーフェクトオーダー / 52週高値ブレイク!
8011,三陽商会,繊維製品,21.3,★☆☆☆☆,0.0,0.0,4.3,0.0,15.0,0.0,2.0,0.0,,,0.0,33.4,2.7,13.9,4584,4845.0,15.6,0.9,249,買い出来高優勢 / MA上昇配列 / パーフェクトオーダー / 52週高値ブレイク! / 開示[株式分割](0日前)
8386,百十四銀行,銀行業,21.299999999999997,★☆☆☆☆,5.6,0.0,2.0,0.0,13.7,0.0,0.0,0.0,,Emerson,-4.2,27.9,3.2,12.1,2806,3000.0,14.2,1.2,910,Emerson+6.9%連動(β0.32) / MA上昇配列 / パーフェクトオーダー / 52週高値ブレイク!
8393,宮崎銀行,銀行業,21.2,★☆☆☆☆,5.2,0.0,1.0,0.0,15.0,0.0,0.0,0.0,,Emerson,-6.0,30.9,4.0,14.3,2347,2553.0,18.9,1.0,672,Emerson+6.9%連動(β0.30) / MA上昇配列 / パーフェクトオーダー / 52週高値ブレイク!
8609,岡三証券グループ,証券、商品先物取引業,21.2,★☆☆☆☆,5.7,0.0,2.0,0.0,13.5,0.0,0.0,0.0,,Emerson,-0.1,22.6,2.6,6.6,1018,1073.0,5.0,1.0,392,Emerson+6.9%連動(β0.33) / MA上昇配列 / パーフェクトオーダー / 52週高値目前
6125,岡本工作機械製作所,機械,21.1,★☆☆☆☆,19.1,0.0,1.0,0.0,1.0,0.0,0.0,0.0,,Emerson,4.7,1.7,5.6,-6.4,4548,5120.0,-0.8,0.7,336,Emerson+6.9%連動(β0.41) 未反応+4.7%
8015,豊田通商,卸売業,21.1,★☆☆☆☆,13.1,0.0,1.0,0.0,7.0,0.0,0.0,0.0,,Emerson,2.0,20.8,3.2,6.0,6141,6558.0,7.9,1.0,14381,Emerson+6.9%連動(β0.41) 未反応+2.0%
4992,北興化学工業,化学,21.0,★☆☆☆☆,18.0,0.0,2.0,0.0,1.0,0.0,0.0,0.0,,Emerson,6.2,-2.7,4.1,-7.1,1757,1912.0,-0.8,1.4,234,Emerson+6.9%連動(β0.35) 未反応+6.2%
8361,大垣共立銀行,銀行業,21.0,★☆☆☆☆,5.5,0.0,2.0,0.0,13.5,0.0,0.0,0.0,,Emerson,-4.0,23.1,4.0,7.2,7564,8230.0,12.0,0.9,1440,Emerson+6.9%連動(β0.32) / MA上昇配列 / パーフェクトオーダー / 52週高値目前
8308,りそなホールディングス,銀行業,21.0,★☆☆☆☆,6.7,0.0,3.3,0.0,11.0,0.0,0.0,0.0,,Emerson,-2.0,24.6,3.1,5.8,2245,2393.5,7.6,1.1,20183,Emerson+6.9%連動(β0.39) / 買い出来高優勢 / MA上昇配列 / パーフェクトオーダー / 52週高値目前
6368,オルガノ,機械,21.0,★☆☆☆☆,19.0,0.0,2.0,0.0,0.0,0.0,0.0,0.0,,Emerson,5.6,2.3,5.2,-5.3,13441,15000.0,4.3,1.8,3287,Emerson+6.9%連動(β0.41) 未反応+5.6%
8078,阪和興業,卸売業,20.9,★☆☆☆☆,9.2,0.0,2.0,0.0,9.7,0.0,0.0,0.0,,Emerson,0.8,8.4,2.5,1.2,1648,1734.0,5.6,0.6,815,Emerson+6.9%連動(β0.39) 未反応+0.8% / MA上昇配列 / パーフェクトオーダー
7013,ＩＨＩ,機械,20.9,★☆☆☆☆,0.0,17.4,0.0,0.0,3.5,0.0,0.0,0.0,,,0.0,16.8,4.4,1.2,2584,2836.0,6.4,0.7,35175,防衛(+5.7%)
9107,川崎汽船,海運業,20.8,★☆☆☆☆,0.0,0.0,5.3,0.0,13.5,0.0,2.0,0.0,,,0.0,26.6,2.7,9.9,2694,2850.0,4.6,1.5,11846,買い出来高優勢 / MA上昇配列 / パーフェクトオーダー / 52週高値目前 / 開示[業績予想の修正](3日前)
5195,バンドー化学,ゴム製品,20.8,★☆☆☆☆,4.8,0.0,1.0,0.0,15.0,0.0,0.0,0.0,,Emerson,-2.1,17.0,1.8,5.2,2275,2360.0,6.0,0.9,124,Emerson+6.9%連動(β0.28) / MA上昇配列 / パーフェクトオーダー / 52週高値ブレイク!
6381,アネスト岩田,機械,20.7,★☆☆☆☆,4.7,0.0,1.0,0.0,15.0,0.0,0.0,0.0,,Emerson,-1.0,17.1,1.5,3.7,1737,1791.0,4.1,1.2,158,Emerson+6.9%連動(β0.27) / MA上昇配列 / パーフェクトオーダー / 52週高値ブレイク!
4966,上村工業,化学,20.7,★☆☆☆☆,18.7,0.0,1.0,0.0,1.0,0.0,0.0,0.0,,Emerson,6.2,-3.4,6.1,-8.5,20304,23130.0,0.6,1.3,1764,Emerson+6.9%連動(β0.39) 未反応+6.2%
5105,ＴＯＹＯ　ＴＩＲＥ,ゴム製品,20.7,★☆☆☆☆,9.7,0.0,2.0,0.0,9.0,0.0,0.0,0.0,,Emerson,1.4,20.3,2.5,6.5,3953,4159.0,4.0,0.8,2836,Emerson+6.9%連動(β0.32) 未反応+1.4% / MA上昇配列
7239,タチエス,輸送用機器,20.7,★☆☆☆☆,6.7,0.0,2.0,0.0,12.0,0.0,0.0,0.0,,Emerson,0.8,13.0,1.4,2.3,2137,2200.0,2.5,1.5,163,Emerson+6.9%連動(β0.26) 未反応+0.8% / MA上昇配列 / パーフェクトオーダー
8616,東海東京フィナンシャル・ホールディングス,証券、商品先物取引業,20.6,★☆☆☆☆,5.1,0.0,2.0,0.0,13.5,0.0,0.0,0.0,,Emerson,0.2,17.4,2.3,5.2,778,815.0,4.8,1.0,593,Emerson+6.9%連動(β0.26) / MA上昇配列 / パーフェクトオーダー / 52週高値目前
4118,カネカ,化学,20.5,★☆☆☆☆,4.5,0.0,1.0,0.0,15.0,0.0,0.0,0.0,,Emerson,-2.1,12.6,1.9,3.0,5663,5886.0,5.3,1.0,1227,Emerson+6.9%連動(β0.26) / MA上昇配列 / パーフェクトオーダー / 52週高値ブレイク!
8331,千葉銀行,銀行業,20.5,★☆☆☆☆,6.2,0.0,3.3,0.0,11.0,0.0,0.0,0.0,,Emerson,-3.0,24.6,3.1,6.4,2631,2805.0,10.6,0.8,6608,Emerson+6.9%連動(β0.36) / 買い出来高優勢 / MA上昇配列 / パーフェクトオーダー / 52週高値目前
4956,コニシ,化学,20.4,★☆☆☆☆,4.6,0.0,3.3,0.0,9.5,0.0,3.0,0.0,,Emerson,-0.6,10.4,2.1,1.7,1419,1481.0,2.7,2.9,107,Emerson+6.9%連動(β0.27) / 出来高増2.9倍 / MA上昇配列 / パーフェクトオーダー / 開示[自己株式取得](0日前)
4004,レゾナック・ホールディングス,化学,20.4,★☆☆☆☆,20.4,0.0,0.0,0.0,0.0,0.0,0.0,0.0,,Emerson,7.5,-8.7,7.5,-14.6,11864,13970.0,0.4,0.9,35745,Emerson+6.9%連動(β0.49) 未反応+7.5%
6464,ツバキ・ナカシマ,機械,20.4,★☆☆☆☆,19.4,0.0,1.0,0.0,0.0,0.0,0.0,0.0,,Emerson,4.0,4.6,5.6,-7.0,327,368.0,0.3,1.3,186,Emerson+6.9%連動(β0.43) 未反応+4.0%
6407,ＣＫＤ,機械,20.3,★☆☆☆☆,20.3,0.0,0.0,0.0,0.0,0.0,0.0,0.0,,Emerson,7.3,-3.4,7.2,-10.9,5433,6340.0,1.0,1.2,4501,Emerson+6.9%連動(β0.48) 未反応+7.3%
7182,ゆうちょ銀行,銀行業,20.2,★☆☆☆☆,4.7,0.0,2.0,0.0,13.5,0.0,0.0,0.0,,Emerson,-0.2,22.0,3.0,5.2,3212,3416.0,8.8,1.0,19349,Emerson+6.9%連動(β0.27) / MA上昇配列 / パーフェクトオーダー / 52週高値目前
8368,百五銀行,銀行業,20.2,★☆☆☆☆,6.0,0.0,2.0,0.0,12.2,0.0,0.0,0.0,,Emerson,-2.5,19.0,3.5,4.8,1973,2123.0,10.3,0.9,1437,Emerson+6.9%連動(β0.35) / MA上昇配列 / パーフェクトオーダー / 52週高値目前
6800,ヨコオ,電気機器,20.1,★☆☆☆☆,20.1,0.0,0.0,0.0,0.0,0.0,0.0,0.0,,Emerson,5.0,-20.1,7.6,-19.2,3623,4270.0,-0.7,1.0,906,Emerson+6.9%連動(β0.47) 未反応+5.0%
4971,メック,化学,20.1,★☆☆☆☆,20.1,0.0,0.0,0.0,0.0,0.0,0.0,0.0,,Emerson,3.9,-8.4,7.3,-12.8,7150,8380.0,2.3,0.9,2686,Emerson+6.9%連動(β0.49) 未反応+3.9%
6287,サトー,機械,20.1,★☆☆☆☆,7.6,0.0,1.0,0.0,11.5,0.0,0.0,0.0,,Emerson,1.1,15.4,1.8,3.7,2392,2480.0,1.3,0.8,258,Emerson+6.9%連動(β0.24) 未反応+1.1% / MA上昇配列 / 52週高値目前
4202,ダイセル,化学,20.0,★☆☆☆☆,9.0,0.0,1.0,0.0,10.0,0.0,0.0,0.0,,Emerson,1.4,21.8,2.1,5.5,1427,1489.0,2.3,1.0,1752,Emerson+6.9%連動(β0.27) 未反応+1.4% / MA上昇配列
7246,プレス工業,輸送用機器,20.0,★☆☆☆☆,7.0,0.0,2.0,0.0,11.0,0.0,0.0,0.0,,Emerson,0.6,17.9,1.9,5.1,815,847.0,5.1,1.1,226,Emerson+6.9%連動(β0.30) 未反応+0.6% / MA上昇配列 / パーフェクトオーダー
6841,横河電機,電気機器,19.9,★☆☆☆☆,5.9,0.0,2.0,0.0,12.0,0.0,0.0,0.0,,Emerson,-3.2,18.5,3.1,6.9,5645,6022.0,10.1,1.1,5913,Emerson+6.9%連動(β0.34) / MA上昇配列 / パーフェクトオーダー
6779,日本電波工業,電気機器,19.9,★☆☆☆☆,19.9,0.0,0.0,0.0,0.0,0.0,0.0,0.0,,Emerson,3.5,-18.0,9.4,-17.9,2255,2774.0,2.0,0.7,3395,Emerson+6.9%連動(β0.54) 未反応+3.5%
6995,東海理化電機製作所,輸送用機器,19.8,★☆☆☆☆,4.3,0.0,2.0,0.0,13.5,0.0,0.0,0.0,,Emerson,-3.2,19.4,1.8,6.9,3150,3270.0,6.0,0.9,424,Emerson+6.9%連動(β0.25) / MA上昇配列 / パーフェクトオーダー / 52週高値目前
4189,ＫＨネオケム,化学,19.8,★☆☆☆☆,5.3,0.0,1.0,0.0,13.5,0.0,0.0,0.0,,Emerson,-0.2,16.5,2.3,4.7,2961,3105.0,3.8,0.6,383,Emerson+6.9%連動(β0.31) / MA上昇配列 / パーフェクトオーダー / 52週高値目前
6371,椿本チエイン,機械,19.799999999999997,★☆☆☆☆,5.1,0.0,4.0,0.0,10.7,0.0,0.0,0.0,,Emerson,-0.9,14.0,1.9,2.3,2576,2677.0,3.6,1.8,400,Emerson+6.9%連動(β0.29) / MA上昇配列 / パーフェクトオーダー
5301,東海カーボン,ガラス・土石製品,19.6,★☆☆☆☆,18.6,0.0,0.0,0.0,1.0,0.0,0.0,0.0,,Emerson,3.7,5.8,2.1,-3.3,1557,1625.0,0.6,0.9,2582,Emerson+6.9%連動(β0.43) 未反応+3.7%
6143,ソディック,機械,19.4,★☆☆☆☆,18.4,0.0,0.0,0.0,1.0,0.0,0.0,0.0,,Emerson,4.2,-1.5,6.0,-7.4,1520,1729.0,1.5,0.9,755,Emerson+6.9%連動(β0.37) 未反応+4.2%
8304,あおぞら銀行,銀行業,19.3,★☆☆☆☆,0.0,0.0,4.3,0.0,15.0,0.0,0.0,0.0,,,0.0,25.3,2.2,8.6,2987,3124.0,8.4,1.4,3849,買い出来高優勢 / MA上昇配列 / パーフェクトオーダー / 52週高値ブレイク!
6507,シンフォニアテクノロジー,電気機器,19.3,★☆☆☆☆,17.3,0.0,1.0,0.0,1.0,0.0,0.0,0.0,,Emerson,3.2,0.2,5.9,-7.9,12201,13840.0,2.2,1.0,2060,Emerson+6.9%連動(β0.44) 未反応+3.2%
5108,ブリヂストン,ゴム製品,19.2,★☆☆☆☆,4.2,0.0,2.0,0.0,13.0,0.0,0.0,0.0,,Emerson,-0.4,24.1,1.8,8.1,3722,3858.0,3.5,1.2,13794,Emerson+6.9%連動(β0.24) / MA上昇配列 / 52週高値ブレイク!
8338,筑波銀行,銀行業,19.2,★☆☆☆☆,7.2,0.0,0.0,0.0,12.0,0.0,0.0,0.0,,Emerson,-5.4,20.8,4.1,8.5,634,690.0,15.2,1.0,1029,Emerson+6.9%連動(β0.42) / MA上昇配列 / パーフェクトオーダー
6859,エスペック,電気機器,19.1,★☆☆☆☆,14.4,0.0,0.0,0.0,4.7,0.0,0.0,0.0,,Emerson,3.0,5.6,4.5,-1.3,3771,4145.0,4.1,1.0,515,Emerson+6.9%連動(β0.31) 未反応+3.0%
8366,滋賀銀行,銀行業,19.1,★☆☆☆☆,8.9,0.0,2.0,0.0,8.2,0.0,0.0,0.0,,Emerson,1.1,23.7,4.7,3.3,2468,2725.0,7.2,1.2,3424,Emerson+6.9%連動(β0.31) 未反応+1.1% / 資金流入増 / MA上昇配列 / パーフェクトオーダー
4461,第一工業製薬,化学,19.1,★☆☆☆☆,19.1,0.0,0.0,0.0,0.0,0.0,0.0,0.0,,Emerson,8.0,-9.0,7.8,-12.5,8466,10040.0,-0.6,1.1,1220,Emerson+6.9%連動(β0.41) 未反応+8.0%
4902,コニカミノルタ,電気機器,19.099999999999998,★☆☆☆☆,6.1,0.0,4.3,0.0,8.7,0.0,0.0,0.0,,Emerson,-5.3,31.6,3.1,14.9,639,682.4000244140625,11.4,1.3,2028,Emerson+6.9%連動(β0.35) / 買い出来高優勢 / MA上昇配列
6326,クボタ,機械,19.0,★☆☆☆☆,7.0,0.0,1.0,0.0,11.0,0.0,0.0,0.0,,Emerson,-1.9,16.5,2.4,5.1,2741,2882.5,7.6,0.9,7628,Emerson+6.9%連動(β0.40) / MA上昇配列 / パーフェクトオーダー
7240,ＮＯＫ,輸送用機器,18.9,★☆☆☆☆,4.9,0.0,2.0,0.0,12.0,0.0,0.0,0.0,,Emerson,-2.2,15.9,2.0,4.4,2950,3072.0,5.3,0.9,1083,Emerson+6.9%連動(β0.28) / MA上昇配列 / パーフェクトオーダー
6592,マブチモーター,電気機器,18.9,★☆☆☆☆,3.9,0.0,3.0,0.0,12.0,0.0,0.0,0.0,,Emerson,-3.9,18.6,2.3,6.2,1627,1705.5,7.2,1.8,1471,Emerson+6.9%連動(β0.23) / MA上昇配列 / パーフェクトオーダー
9324,安田倉庫,倉庫・運輸関連業,18.8,★☆☆☆☆,0.0,0.0,5.3,0.0,13.5,0.0,0.0,0.0,,,0.0,20.2,2.3,5.2,2468,2589.0,0.6,1.3,228,買い出来高優勢 / MA上昇配列 / パーフェクトオーダー / 52週高値目前
3946,トーモク,パルプ・紙,18.8,★☆☆☆☆,0.0,0.0,6.3,0.0,12.5,0.0,0.0,0.0,,,0.0,27.1,2.0,10.9,4364,4550.0,5.2,1.2,412,買い出来高優勢 / 資金流入増 / MA上昇配列 / パーフェクトオーダー / 52週高値ブレイク! / RSI過熱(91)⚠
7981,タカラスタンダード,その他製品,18.8,★☆☆☆☆,0.0,0.0,5.3,0.0,13.5,0.0,0.0,0.0,,,0.0,15.2,1.9,4.7,3120,3240.0,6.1,2.0,329,出来高増2.0倍 / MA上昇配列 / パーフェクトオーダー / 52週高値目前
1515,日鉄鉱業,鉱業,18.7,★☆☆☆☆,7.7,0.0,1.0,0.0,10.0,0.0,0.0,0.0,,Emerson,-1.7,38.0,4.9,14.7,2627,2909.0,10.3,0.9,1404,Emerson+6.9%連動(β0.44) / MA上昇配列 / パーフェクトオーダー
8537,大光銀行,銀行業,18.7,★☆☆☆☆,6.0,0.0,2.0,0.0,10.7,0.0,0.0,0.0,,Emerson,-3.1,16.4,3.2,4.3,2709,2895.0,10.0,0.8,112,Emerson+6.9%連動(β0.35) / MA上昇配列 / パーフェクトオーダー
1942,関電工,建設業,18.7,★☆☆☆☆,0.0,17.7,0.0,0.0,1.0,0.0,0.0,0.0,,,0.0,1.3,3.6,-5.2,5643,6085.0,4.1,1.1,5300,AIデータセンター・電力(+5.8%)
9962,ミスミグループ本社,卸売業,18.6,★☆☆☆☆,18.6,0.0,0.0,0.0,0.0,0.0,0.0,0.0,,Emerson,3.9,7.1,4.1,-4.6,3379,3677.0,1.2,1.0,4608,Emerson+6.9%連動(β0.39) 未反応+3.9%
5192,三ツ星ベルト,ゴム製品,18.6,★☆☆☆☆,4.6,0.0,2.0,0.0,12.0,0.0,0.0,0.0,,Emerson,0.1,15.7,1.4,3.7,4021,4135.0,2.6,1.2,267,Emerson+6.9%連動(β0.25) / MA上昇配列 / パーフェクトオーダー
8344,山形銀行,銀行業,18.5,★☆☆☆☆,0.0,0.0,5.0,0.0,13.5,0.0,0.0,0.0,,,0.0,35.4,4.7,12.9,3801,4195.0,16.0,1.5,540,MA上昇配列 / パーフェクトオーダー / 52週高値目前
4203,住友ベークライト,化学,18.5,★☆☆☆☆,17.5,0.0,0.0,0.0,1.0,0.0,0.0,0.0,,Emerson,8.3,-2.0,4.3,-8.5,6077,6645.0,-4.6,0.9,2968,Emerson+6.9%連動(β0.32) 未反応+8.3%
8362,福井銀行,銀行業,18.5,★☆☆☆☆,5.5,0.0,3.3,0.0,9.7,0.0,0.0,0.0,,Emerson,-5.0,25.6,4.3,8.3,5713,6250.0,11.0,1.1,438,Emerson+6.9%連動(β0.32) / 買い出来高優勢 / MA上昇配列 / パーフェクトオーダー / 52週高値目前
6361,荏原製作所,機械,18.5,★☆☆☆☆,16.5,0.0,1.0,0.0,1.0,0.0,0.0,0.0,,Emerson,2.6,1.5,6.2,-6.1,4942,5641.0,4.8,0.7,19354,Emerson+6.9%連動(β0.51) 未反応+2.6%
7272,ヤマハ発動機,輸送用機器,18.4,★☆☆☆☆,5.4,0.0,2.0,0.0,11.0,0.0,0.0,0.0,,Emerson,-0.4,18.2,2.1,6.0,1271,1327.0,4.2,1.2,6744,Emerson+6.9%連動(β0.31) / MA上昇配列 / パーフェクトオーダー
6209,リケンＮＰＲ,機械,18.4,★☆☆☆☆,3.4,0.0,3.0,0.0,12.0,0.0,0.0,0.0,,Emerson,-1.3,14.9,2.1,3.8,3898,4065.0,6.3,1.8,262,Emerson+6.9%連動(β0.20) / MA上昇配列 / パーフェクトオーダー
8585,オリエントコーポレーション,その他金融業,18.4,★☆☆☆☆,10.4,0.0,2.0,0.0,6.0,0.0,0.0,0.0,,Emerson,2.1,21.5,1.7,4.8,887,918.0,1.3,0.9,487,Emerson+6.9%連動(β0.23) 未反応+2.1%
6383,ダイフク,機械,18.4,★☆☆☆☆,17.4,0.0,0.0,0.0,1.0,0.0,0.0,0.0,,Emerson,3.6,-0.9,3.9,-7.5,5813,6302.0,1.2,1.1,9602,Emerson+6.9%連動(β0.38) 未反応+3.6%
4975,ＪＣＵ,化学,18.3,★☆☆☆☆,18.3,0.0,0.0,0.0,0.0,0.0,0.0,0.0,,Emerson,5.2,-11.3,5.3,-12.4,5511,6170.0,0.8,0.7,622,Emerson+6.9%連動(β0.36) 未反応+5.2%
7384,プロクレアホールディングス,銀行業,18.3,★☆☆☆☆,0.0,0.0,3.3,0.0,15.0,0.0,0.0,0.0,,,0.0,34.9,3.9,11.9,4067,4415.0,14.4,0.7,446,買い出来高優勢 / MA上昇配列 / パーフェクトオーダー / 52週高値ブレイク!
2053,中部飼料,食料品,18.3,★☆☆☆☆,0.0,0.0,3.3,0.0,15.0,0.0,0.0,0.0,,,0.0,19.5,1.5,4.8,1925,1985.0,2.8,0.8,106,買い出来高優勢 / MA上昇配列 / パーフェクトオーダー / 52週高値ブレイク!
7181,かんぽ生命保険,保険業,18.3,★☆☆☆☆,0.0,0.0,3.3,0.0,15.0,0.0,0.0,0.0,,,0.0,31.1,2.4,11.1,1709,1795.5,11.5,1.0,3798,買い出来高優勢 / MA上昇配列 / パーフェクトオーダー / 52週高値ブレイク!
7350,おきなわフィナンシャルグループ,銀行業,18.3,★☆☆☆☆,0.0,0.0,3.3,0.0,15.0,0.0,0.0,0.0,,,0.0,30.1,3.4,11.9,7051,7560.0,10.7,1.1,485,買い出来高優勢 / MA上昇配列 / パーフェクトオーダー / 52週高値ブレイク!
8334,群馬銀行,銀行業,18.3,★☆☆☆☆,0.0,0.0,3.3,0.0,15.0,0.0,0.0,0.0,,,0.0,24.6,3.0,8.0,2501,2658.5,9.1,1.2,2271,買い出来高優勢 / MA上昇配列 / パーフェクトオーダー / 52週高値ブレイク!
7381,ＣＣＩグループ,銀行業,18.3,★☆☆☆☆,0.0,0.0,3.3,0.0,15.0,0.0,0.0,0.0,,,0.0,31.9,3.7,11.8,1097,1185.0,10.5,1.1,541,買い出来高優勢 / MA上昇配列 / パーフェクトオーダー / 52週高値ブレイク!
4633,サカタインクス,化学,18.2,★☆☆☆☆,5.2,0.0,1.0,0.0,12.0,0.0,0.0,0.0,,Emerson,-0.3,17.1,1.8,4.9,2450,2539.0,4.0,1.4,426,Emerson+6.9%連動(β0.30) / MA上昇配列 / パーフェクトオーダー
9274,ＫＰＰグループホールディングス,卸売業,18.2,★☆☆☆☆,0.0,0.0,3.0,0.0,13.5,0.0,1.7,0.0,,,0.0,20.9,2.4,6.4,1058,1112.0,6.2,1.4,224,MA上昇配列 / パーフェクトオーダー / 52週高値目前 / 開示[自己株式の取得](6日前)
9902,日伝,卸売業,18.2,★☆☆☆☆,6.2,0.0,2.0,0.0,10.0,0.0,0.0,0.0,,Emerson,0.5,22.4,1.8,6.5,2749,2852.0,2.2,1.1,221,Emerson+6.9%連動(β0.26) 未反応+0.5% / MA上昇配列 / パーフェクトオーダー
4980,デクセリアルズ,化学,18.2,★☆☆☆☆,6.1,12.1,0.0,0.0,0.0,0.0,0.0,0.0,,Dell,0.8,-6.8,5.6,-11.7,3227,3637.0,3.6,0.7,6695,Dell+5.6%連動(β0.26) 未反応+0.8% / 光通信・電線(+3.0%)
4246,ダイキョーニシカワ,化学,18.1,★☆☆☆☆,5.4,0.0,2.0,0.0,10.7,0.0,0.0,0.0,,Emerson,0.2,12.2,1.8,1.5,983,1020.0,2.7,0.8,308,Emerson+6.9%連動(β0.28) / MA上昇配列 / パーフェクトオーダー
4186,東京応化工業,化学,18.1,★☆☆☆☆,18.1,0.0,0.0,0.0,0.0,0.0,0.0,0.0,,Emerson,3.7,-0.2,6.1,-6.3,8728,9950.0,0.7,0.9,8546,Emerson+6.9%連動(β0.40) 未反応+3.7%
5975,東プレ,金属製品,18.0,★☆☆☆☆,6.0,0.0,0.0,0.0,12.0,0.0,0.0,0.0,,Emerson,-1.2,12.4,2.2,3.7,2630,2749.0,5.9,0.6,190,Emerson+6.9%連動(β0.34) / MA上昇配列 / パーフェクトオーダー
8075,神鋼商事,卸売業,18.0,★☆☆☆☆,5.0,0.0,3.0,0.0,10.0,0.0,0.0,0.0,,Emerson,-1.3,19.0,1.5,5.6,2509,2587.0,5.5,1.4,102,Emerson+6.9%連動(β0.29) / MA上昇配列
4109,ステラ　ケミファ,化学,18.0,★☆☆☆☆,17.0,0.0,1.0,0.0,0.0,0.0,0.0,0.0,,Emerson,4.0,-7.7,4.5,-11.1,4937,5420.0,0.2,1.2,407,Emerson+6.9%連動(β0.29) 未反応+4.0%
8345,岩手銀行,銀行業,18.0,★☆☆☆☆,0.0,0.0,3.0,0.0,15.0,0.0,0.0,0.0,,,0.0,27.1,3.6,11.7,2193,2363.0,14.8,1.5,541,MA上昇配列 / パーフェクトオーダー / 52週高値ブレイク!
6104,芝浦機械,機械,17.9,★☆☆☆☆,5.9,0.0,0.0,0.0,12.0,0.0,0.0,0.0,,Emerson,-7.3,17.4,4.2,5.2,4443,4850.0,7.8,0.8,663,Emerson+6.9%連動(β0.34) / MA上昇配列 / パーフェクトオーダー
7751,キヤノン,電気機器,17.9,★☆☆☆☆,3.9,0.0,5.3,0.0,8.7,0.0,0.0,0.0,,Emerson,-4.0,24.4,1.6,9.9,4594,4750.0,6.4,2.0,16957,Emerson+6.9%連動(β0.22) / 出来高増2.0倍 / MA上昇配列
6367,ダイキン工業,機械,17.9,★☆☆☆☆,16.9,0.0,0.0,0.0,1.0,0.0,0.0,0.0,,Emerson,3.8,11.1,2.1,-2.2,23131,24135.0,-1.5,0.8,29925,Emerson+6.9%連動(β0.32) 未反応+3.8%
6988,日東電工,化学,17.8,★☆☆☆☆,5.8,0.0,3.0,0.0,9.0,0.0,0.0,0.0,,Emerson,-2.8,20.2,2.5,6.7,3277,3451.0,7.1,1.4,10041,Emerson+6.9%連動(β0.33) / MA上昇配列
7201,日産自動車,輸送用機器,17.8,★☆☆☆☆,9.8,0.0,2.0,0.0,6.0,0.0,0.0,0.0,,GM,1.7,21.7,3.0,5.8,313,332.8999938964844,1.1,0.9,9798,GM+6.0%連動(β0.31) 未反応+1.7%
8059,第一実業,卸売業,17.8,★☆☆☆☆,0.0,0.0,4.3,0.0,13.5,0.0,0.0,0.0,,,0.0,27.4,2.3,9.1,3364,3530.0,6.8,0.5,306,買い出来高優勢 / MA上昇配列 / パーフェクトオーダー / 52週高値目前
6490,ＰＩＬＬＡＲ,機械,17.7,★☆☆☆☆,14.5,0.0,1.0,0.0,2.2,0.0,0.0,0.0,,Emerson,2.5,6.0,5.6,-2.7,8833,9950.0,6.1,1.3,1432,Emerson+6.9%連動(β0.41) 未反応+2.5%
1969,高砂熱学工業,建設業,17.7,★☆☆☆☆,0.0,17.7,0.0,0.0,0.0,0.0,0.0,0.0,,,0.0,-0.7,3.4,-6.5,4211,4518.0,0.6,0.8,2297,AIデータセンター・電力(+5.8%)
6481,ＴＨＫ,機械,17.6,★☆☆☆☆,14.6,0.0,2.0,0.0,1.0,0.0,0.0,0.0,,Emerson,2.1,3.7,5.3,-5.8,6200,6937.0,3.3,1.6,7116,Emerson+6.9%連動(β0.48) 未反応+2.1%
9861,吉野家ホールディングス,小売業,17.5,★☆☆☆☆,0.0,0.0,5.3,0.0,12.2,0.0,0.0,0.0,,,0.0,31.9,3.1,10.9,3480,3707.0,1.5,0.8,2174,買い出来高優勢 / 資金流入増 / MA上昇配列 / パーフェクトオーダー / 52週高値目前
6103,オークマ,機械,17.5,★☆☆☆☆,7.3,0.0,2.0,0.0,8.2,0.0,0.0,0.0,,Emerson,-0.1,23.1,3.7,4.6,4653,5020.0,4.8,0.7,2392,Emerson+6.9%連動(β0.42) / MA上昇配列 / パーフェクトオーダー
6379,レイズネクスト,建設業,17.5,★☆☆☆☆,0.0,0.0,4.0,0.0,13.5,0.0,0.0,0.0,,,0.0,29.7,3.0,10.9,2506,2665.0,7.1,1.7,369,MA上昇配列 / パーフェクトオーダー / 52週高値目前
7167,めぶきフィナンシャルグループ,銀行業,17.5,★☆☆☆☆,5.8,0.0,2.0,0.0,9.7,0.0,0.0,0.0,,Emerson,-3.1,21.2,2.9,4.8,1464,1554.5,8.9,0.6,4431,Emerson+6.9%連動(β0.33) / MA上昇配列 / パーフェクトオーダー / 52週高値目前
4901,富士フイルムホールディングス,化学,17.5,★☆☆☆☆,0.0,0.0,4.0,0.0,13.5,0.0,0.0,0.0,,,0.0,22.2,2.0,7.6,3676,3831.0,5.5,1.7,13561,MA上昇配列 / パーフェクトオーダー / 52週高値目前
4997,日本農薬,化学,17.5,★☆☆☆☆,0.0,0.0,4.0,0.0,13.5,0.0,0.0,0.0,,,0.0,16.5,2.3,5.8,1031,1081.0,9.5,1.9,164,MA上昇配列 / パーフェクトオーダー / 52週高値目前
6306,日工,機械,17.5,★☆☆☆☆,3.0,0.0,2.0,0.0,12.5,0.0,0.0,0.0,,Emerson,-2.5,18.6,1.9,5.0,946,984.0,5.6,1.5,106,Emerson+6.9%連動(β0.17) / MA上昇配列 / パーフェクトオーダー / 52週高値ブレイク!
6302,住友重機械工業,機械,17.4,★☆☆☆☆,6.7,0.0,1.0,0.0,9.7,0.0,0.0,0.0,,Emerson,-4.0,16.1,3.2,3.4,5071,5419.0,7.8,1.1,3362,Emerson+6.9%連動(β0.39) / MA上昇配列 / パーフェクトオーダー
6264,マルマエ,機械,17.4,★☆☆☆☆,17.4,0.0,0.0,0.0,0.0,0.0,0.0,0.0,,Emerson,2.8,-16.1,7.6,-17.0,1697,1999.0,3.5,0.3,3107,Emerson+6.9%連動(β0.52) 未反応+2.8%
2805,ヱスビー食品,食料品,17.3,★☆☆☆☆,0.0,0.0,5.3,0.0,12.0,0.0,0.0,0.0,,,0.0,27.7,4.0,7.9,5639,6130.0,2.5,1.3,298,買い出来高優勢 / MA上昇配列 / パーフェクトオーダー
6653,正興電機製作所,電気機器,17.3,★☆☆☆☆,9.6,0.0,5.7,0.0,0.0,0.0,2.0,0.0,,Emerson,1.0,4.3,4.3,-3.4,2045,2236.0,5.0,6.1,316,Emerson+6.9%連動(β0.39) 未反応+1.0% / 出来高急増6.1倍 / 開示[業績予想の修正](3日前)
6305,日立建機,機械,17.2,★☆☆☆☆,8.2,0.0,2.0,0.0,7.0,0.0,0.0,0.0,,Emerson,-5.8,16.9,2.7,7.1,5378,5680.0,11.1,1.8,4318,Emerson+6.9%連動(β0.47)
6584,三櫻工業,輸送用機器,17.2,★☆☆☆☆,17.2,0.0,0.0,0.0,0.0,0.0,0.0,0.0,,Emerson,3.6,-6.1,4.9,-9.9,739,819.0,1.7,0.7,614,Emerson+6.9%連動(β0.37) 未反応+3.6%
6118,アイダエンジニアリング,機械,17.1,★☆☆☆☆,8.9,0.0,1.0,0.0,7.2,0.0,0.0,0.0,,Emerson,1.3,14.7,3.6,1.2,1115,1202.0,2.3,0.3,234,Emerson+6.9%連動(β0.28) 未反応+1.3% / MA上昇配列 / パーフェクトオーダー
9301,三菱倉庫,倉庫・運輸関連業,17.0,★☆☆☆☆,0.0,0.0,2.0,0.0,15.0,0.0,0.0,0.0,,,0.0,19.2,1.9,4.6,1575,1637.0,4.8,1.2,1477,MA上昇配列 / パーフェクトオーダー / 52週高値ブレイク!
8697,日本取引所グループ,その他金融業,17.0,★☆☆☆☆,0.0,0.0,2.0,0.0,15.0,0.0,0.0,0.0,,,0.0,24.5,3.0,6.3,2152,2288.5,6.8,0.9,7636,MA上昇配列 / パーフェクトオーダー / 52週高値ブレイク!
8439,東京センチュリー,その他金融業,17.0,★☆☆☆☆,0.0,0.0,2.0,0.0,15.0,0.0,0.0,0.0,,,0.0,19.4,2.0,5.8,2599,2707.5,3.8,1.0,1580,MA上昇配列 / パーフェクトオーダー / 52週高値ブレイク!
9735,セコム,サービス業,17.0,★☆☆☆☆,0.0,0.0,2.0,0.0,15.0,0.0,0.0,0.0,,,0.0,18.7,1.8,4.7,6656,6908.0,2.4,1.0,8784,MA上昇配列 / パーフェクトオーダー / 52週高値ブレイク!
4064,日本カーバイド工業,化学,17.0,★☆☆☆☆,16.0,0.0,0.0,0.0,1.0,0.0,0.0,0.0,,Emerson,3.6,1.8,3.5,-4.2,3080,3310.0,2.6,0.8,234,Emerson+6.9%連動(β0.30) 未反応+3.6%
6448,ブラザー工業,電気機器,17.0,★☆☆☆☆,0.0,0.0,2.0,0.0,15.0,0.0,0.0,0.0,,,0.0,19.5,2.0,7.8,3915,4082.0,7.1,1.3,2652,MA上昇配列 / パーフェクトオーダー / 52週高値ブレイク!
8343,秋田銀行,銀行業,17.0,★☆☆☆☆,0.0,0.0,2.0,0.0,15.0,0.0,0.0,0.0,,,0.0,26.2,3.4,11.8,7311,7850.0,14.9,1.1,730,MA上昇配列 / パーフェクトオーダー / 52週高値ブレイク!
2108,日本甜菜製糖,食料品,17.0,★☆☆☆☆,0.0,0.0,2.0,0.0,15.0,0.0,0.0,0.0,,,0.0,19.5,2.4,6.7,4847,5090.0,9.6,1.1,142,MA上昇配列 / パーフェクトオーダー / 52週高値ブレイク!
7322,三十三フィナンシャルグループ,銀行業,17.0,★☆☆☆☆,0.0,0.0,2.0,0.0,15.0,0.0,0.0,0.0,,,0.0,30.1,4.2,13.1,1881,2054.0,15.7,1.0,662,MA上昇配列 / パーフェクトオーダー / 52週高値ブレイク!
8630,ＳＯＭＰＯホールディングス,保険業,17.0,★☆☆☆☆,0.0,0.0,2.0,0.0,15.0,0.0,0.0,0.0,,,0.0,29.2,2.1,10.4,6950,7261.0,9.5,0.7,17706,MA上昇配列 / パーフェクトオーダー / 52週高値ブレイク!
6737,ＥＩＺＯ,電気機器,17.0,★☆☆☆☆,0.0,0.0,2.0,0.0,15.0,0.0,0.0,0.0,,,0.0,31.6,2.6,10.1,2682,2831.0,8.5,1.1,569,MA上昇配列 / パーフェクトオーダー / 52週高値ブレイク!
6250,やまびこ,機械,16.9,★☆☆☆☆,6.2,0.0,0.0,0.0,10.7,0.0,0.0,0.0,,Emerson,-0.3,11.4,3.0,2.6,3683,3920.0,6.5,1.1,284,Emerson+6.9%連動(β0.36) / MA上昇配列 / パーフェクトオーダー
6349,小森コーポレーション,機械,16.9,★☆☆☆☆,6.2,0.0,2.0,0.0,8.7,0.0,0.0,0.0,,Emerson,0.2,21.4,1.8,6.3,1610,1670.0,4.0,0.9,213,Emerson+6.9%連動(β0.33) / MA上昇配列
6457,グローリー,機械,16.8,★☆☆☆☆,0.0,0.0,3.3,0.0,13.5,0.0,0.0,0.0,,,0.0,27.2,2.0,9.5,4330,4512.0,9.1,1.2,773,買い出来高優勢 / MA上昇配列 / パーフェクトオーダー / 52週高値目前
8358,スルガ銀行,銀行業,16.8,★☆☆☆☆,0.0,0.0,3.3,0.0,13.5,0.0,0.0,0.0,,,0.0,26.4,3.2,7.5,2581,2758.0,8.4,0.9,2395,買い出来高優勢 / MA上昇配列 / パーフェクトオーダー / 52週高値目前
8628,松井証券,証券、商品先物取引業,16.8,★☆☆☆☆,0.0,0.0,3.3,0.0,13.5,0.0,0.0,0.0,,,0.0,27.5,2.3,9.0,1065,1115.0,4.7,0.8,1096,買い出来高優勢 / MA上昇配列 / パーフェクトオーダー / 52週高値目前
9065,山九,陸運業,16.8,★☆☆☆☆,4.8,0.0,0.0,0.0,12.0,0.0,0.0,0.0,,Emerson,0.2,17.8,1.9,5.6,8935,9280.0,7.0,1.0,1413,Emerson+6.9%連動(β0.24) / MA上昇配列 / パーフェクトオーダー
5351,品川リフラ,ガラス・土石製品,16.8,★☆☆☆☆,5.8,0.0,2.0,0.0,9.0,0.0,0.0,0.0,,Emerson,0.4,20.3,1.7,5.9,2015,2088.0,3.1,0.8,228,Emerson+6.9%連動(β0.28) / MA上昇配列
3407,旭化成,化学,16.799999999999997,★☆☆☆☆,7.1,0.0,0.0,0.0,9.7,0.0,0.0,0.0,,Emerson,1.0,15.1,2.3,1.9,1785,1872.5,2.4,1.1,7876,Emerson+6.9%連動(β0.23) 未反応+1.0% / MA上昇配列 / パーフェクトオーダー / 52週高値目前
4116,大日精化工業,化学,16.6,★☆☆☆☆,4.6,0.0,0.0,0.0,12.0,0.0,0.0,0.0,,Emerson,-0.1,15.2,1.7,3.1,1068,1105.0,4.2,0.8,148,Emerson+6.9%連動(β0.27) / MA上昇配列 / パーフェクトオーダー
4369,トリケミカル研究所,化学,16.6,★☆☆☆☆,12.9,0.0,1.0,0.0,2.7,0.0,0.0,0.0,,Emerson,1.2,7.1,5.8,-2.3,2967,3355.0,5.2,0.8,1665,Emerson+6.9%連動(β0.53) 未反応+1.2%
6395,タダノ,機械,16.6,★☆☆☆☆,7.6,0.0,2.0,0.0,7.0,0.0,0.0,0.0,,Emerson,-4.8,17.2,2.6,6.2,1296,1368.0,9.3,1.1,452,Emerson+6.9%連動(β0.44)
4091,日本酸素ホールディングス,化学,16.6,★☆☆☆☆,8.6,0.0,1.0,0.0,7.0,0.0,0.0,0.0,,Emerson,1.1,13.2,2.4,1.5,5798,6087.0,1.3,1.0,3051,Emerson+6.9%連動(β0.31) 未反応+1.1% / MA上昇配列 / パーフェクトオーダー
4028,石原産業,化学,16.6,★☆☆☆☆,9.6,0.0,1.0,0.0,6.0,0.0,0.0,0.0,,Emerson,1.1,13.1,3.0,4.7,2843,3025.0,8.8,1.1,756,Emerson+6.9%連動(β0.36) 未反応+1.1%
8142,トーホー,卸売業,16.5,★☆☆☆☆,0.0,0.0,3.0,0.0,13.5,0.0,0.0,0.0,,,0.0,14.6,1.8,3.5,1353,1404.0,3.1,1.6,224,MA上昇配列 / パーフェクトオーダー / 52週高値目前
6724,セイコーエプソン,電気機器,16.5,★☆☆☆☆,0.0,0.0,3.0,0.0,13.5,0.0,0.0,0.0,,,0.0,25.9,3.1,10.2,2904,3099.0,10.1,1.3,5496,MA上昇配列 / パーフェクトオーダー / 52週高値目前
8622,水戸証券,証券、商品先物取引業,16.5,★☆☆☆☆,0.0,0.0,4.3,0.0,12.2,0.0,0.0,0.0,,,0.0,31.1,2.8,13.4,747,791.0,10.9,1.1,207,買い出来高優勢 / MA上昇配列 / パーフェクトオーダー / 52週高値目前
6472,ＮＴＮ,機械,16.5,★☆☆☆☆,16.5,0.0,0.0,0.0,0.0,0.0,0.0,0.0,,Emerson,3.4,4.8,3.2,-4.3,357,380.70001220703125,3.6,0.6,1478,Emerson+6.9%連動(β0.36) 未反応+3.4%
8101,ＧＳＩクレオス,卸売業,16.5,★☆☆☆☆,0.0,0.0,4.3,0.0,12.2,0.0,0.0,0.0,,,0.0,27.8,2.5,10.5,2593,2730.0,7.6,0.8,114,買い出来高優勢 / MA上昇配列 / パーフェクトオーダー / 52週高値目前
8133,伊藤忠エネクス,卸売業,16.5,★☆☆☆☆,0.0,0.0,3.0,0.0,13.5,0.0,0.0,0.0,,,0.0,14.0,1.7,2.8,2012,2084.0,1.5,1.4,256,MA上昇配列 / パーフェクトオーダー / 52週高値目前
9039,サカイ引越センター,陸運業,16.5,★☆☆☆☆,0.0,0.0,3.0,0.0,13.5,0.0,0.0,0.0,,,0.0,13.8,1.4,2.8,2926,3010.0,0.6,1.2,176,MA上昇配列 / パーフェクトオーダー / 52週高値目前
9069,センコーグループホールディングス,陸運業,16.4,★☆☆☆☆,0.0,0.0,3.3,0.0,12.2,0.0,0.9,0.0,,,0.0,25.5,2.1,8.2,2115,2205.5,0.5,0.9,793,買い出来高優勢 / MA上昇配列 / パーフェクトオーダー / 52週高値目前 / 開示[自己株式の取得](10日前)
8614,東洋証券,証券、商品先物取引業,16.3,★☆☆☆☆,0.0,0.0,4.3,0.0,12.0,0.0,0.0,0.0,,,0.0,22.9,2.5,6.4,648,682.0,4.3,0.7,422,買い出来高優勢 / MA上昇配列 / パーフェクトオーダー
5703,日本軽金属ホールディングス,非鉄金属,16.3,★☆☆☆☆,13.8,0.0,0.0,0.0,2.5,0.0,0.0,0.0,,Emerson,3.0,6.0,2.9,-2.2,2530,2685.0,1.8,1.1,876,Emerson+6.9%連動(β0.29) 未反応+3.0%
5233,太平洋セメント,ガラス・土石製品,16.299999999999997,★☆☆☆☆,5.2,0.0,0.0,0.0,9.7,0.0,1.4,0.0,,Emerson,-0.8,13.7,2.7,4.0,3978,4208.0,7.3,1.1,2419,Emerson+6.9%連動(β0.30) / MA上昇配列 / パーフェクトオーダー / 開示[業績予想の修正](6日前)
5344,ＭＡＲＵＷＡ,ガラス・土石製品,16.2,★☆☆☆☆,16.2,0.0,0.0,0.0,0.0,0.0,0.0,0.0,,Emerson,2.6,-6.3,7.3,-10.9,48584,56920.0,4.2,0.7,8533,Emerson+6.9%連動(β0.49) 未反応+2.6%
9310,日本トランスシティ,倉庫・運輸関連業,16.0,★☆☆☆☆,0.0,0.0,5.3,0.0,10.7,0.0,0.0,0.0,,,0.0,28.1,2.4,9.9,1259,1322.0,5.4,1.7,121,買い出来高優勢 / MA上昇配列 / パーフェクトオーダー
4373,シンプレクス・ホールディングス,情報・通信業,16.0,★☆☆☆☆,0.0,0.0,4.0,0.0,12.0,0.0,0.0,0.0,,,0.0,36.5,3.8,13.3,1059,1146.0,6.7,1.9,1090,MA上昇配列 / パーフェクトオーダー
6586,マキタ,機械,16.0,★☆☆☆☆,6.5,0.0,1.0,0.0,8.5,0.0,0.0,0.0,,Emerson,-1.4,11.5,2.4,2.1,5581,5860.0,5.2,0.9,4133,Emerson+6.9%連動(β0.38) / MA上昇配列 / パーフェクトオーダー
8766,東京海上ホールディングス,保険業,16.0,★☆☆☆☆,0.0,0.0,1.0,0.0,15.0,0.0,0.0,0.0,,,0.0,30.1,2.4,9.0,7851,8243.0,9.5,0.9,40656,MA上昇配列 / パーフェクトオーダー / 52週高値ブレイク!
5741,ＵＡＣＪ,非鉄金属,16.0,★☆☆☆☆,13.5,0.0,1.0,0.0,1.5,0.0,0.0,0.0,,Emerson,2.2,6.6,4.4,-4.3,2179,2391.0,4.0,0.7,2127,Emerson+6.9%連動(β0.40) 未反応+2.2%
2503,キリンホールディングス,食料品,16.0,★☆☆☆☆,0.0,0.0,1.0,0.0,15.0,0.0,0.0,0.0,,,0.0,15.9,2.0,4.3,2847,2968.0,2.0,0.9,8886,MA上昇配列 / パーフェクトオーダー / 52週高値ブレイク!
2914,日本たばこ産業,食料品,16.0,★☆☆☆☆,0.0,0.0,1.0,0.0,15.0,0.0,0.0,0.0,,,0.0,20.5,1.9,6.4,6288,6531.0,2.9,0.9,29356,MA上昇配列 / パーフェクトオーダー / 52週高値ブレイク!
6136,オーエスジー,機械,16.0,★☆☆☆☆,4.8,0.0,3.0,0.0,8.2,0.0,0.0,0.0,,Emerson,-3.8,21.2,4.2,5.3,3670,4007.0,7.1,1.1,2476,Emerson+6.9%連動(β0.28) / MA上昇配列 / パーフェクトオーダー
285A,キオクシアホールディングス,電気機器,15.9,★☆☆☆☆,14.9,0.0,1.0,0.0,0.0,0.0,0.0,0.0,,Dell,11.8,-30.1,15.7,-28.9,37394,54550.0,4.7,1.3,3155454,Dell+5.6%連動(β0.20) 未反応+11.8%
9934,因幡電機産業,卸売業,15.899999999999999,★☆☆☆☆,3.7,0.0,0.0,0.0,12.2,0.0,0.0,0.0,,Emerson,-0.4,15.1,1.7,2.9,2724,2820.0,2.8,0.9,446,Emerson+6.9%連動(β0.21) / MA上昇配列 / パーフェクトオーダー / 52週高値目前
5401,日本製鉄,鉄鋼,15.8,★☆☆☆☆,5.0,0.0,5.3,0.0,5.5,0.0,0.0,0.0,,Emerson,-4.4,27.9,1.7,12.4,615,636.9000244140625,8.8,1.5,19635,Emerson+6.9%連動(β0.29) / 買い出来高優勢 / RSI過熱(90)⚠
8337,千葉興業銀行,銀行業,15.8,★☆☆☆☆,0.0,0.0,3.3,0.0,12.5,0.0,0.0,0.0,,,0.0,29.0,3.3,8.2,2604,2790.0,13.3,0.7,333,買い出来高優勢 / MA上昇配列 / パーフェクトオーダー / 52週高値ブレイク!
6310,井関農機,機械,15.8,★☆☆☆☆,5.8,0.0,2.0,0.0,8.0,0.0,0.0,0.0,,Emerson,-1.1,20.0,3.1,6.1,1815,1935.0,6.8,0.9,183,Emerson+6.9%連動(β0.33) / MA上昇配列
7613,シークス,卸売業,15.7,★☆☆☆☆,6.0,0.0,0.0,0.0,9.7,0.0,0.0,0.0,,Emerson,-1.2,19.5,2.2,7.7,1379,1443.0,7.6,0.9,256,Emerson+6.9%連動(β0.35) / MA上昇配列 / パーフェクトオーダー
8012,長瀬産業,卸売業,15.7,★☆☆☆☆,5.0,0.0,0.0,0.0,10.7,0.0,0.0,0.0,,Emerson,-0.1,13.3,2.2,1.6,1146,1200.0,4.2,0.7,828,Emerson+6.9%連動(β0.29) / MA上昇配列 / パーフェクトオーダー
6479,ミネベアミツミ,電気機器,15.7,★☆☆☆☆,15.7,0.0,0.0,0.0,0.0,0.0,0.0,0.0,,Emerson,2.9,-8.1,4.3,-12.1,3568,3900.0,2.1,0.7,14196,Emerson+6.9%連動(β0.41) 未反応+2.9%
4746,東計電算,情報・通信業,15.7,★☆☆☆☆,0.0,0.0,2.0,0.0,13.7,0.0,0.0,0.0,,,0.0,24.4,2.1,7.5,4740,4950.0,3.6,0.9,145,MA上昇配列 / パーフェクトオーダー / 52週高値ブレイク!
8725,ＭＳ＆ＡＤインシュアランスグループホールディングス,保険業,15.7,★☆☆☆☆,0.0,0.0,2.0,0.0,13.7,0.0,0.0,0.0,,,0.0,29.3,2.0,11.0,4826,5029.0,12.2,0.9,23018,MA上昇配列 / パーフェクトオーダー / 52週高値ブレイク!
7711,助川電気工業,精密機器,15.7,★☆☆☆☆,0.0,14.7,1.0,0.0,0.0,0.0,0.0,0.0,,,0.0,2.7,6.0,-7.4,3968,4510.0,1.2,1.1,303,核融合(+4.4%)
4471,三洋化成工業,化学,15.600000000000001,★☆☆☆☆,10.9,0.0,0.0,0.0,4.7,0.0,0.0,0.0,,Emerson,2.3,10.4,2.3,1.0,4759,4985.0,2.5,0.9,252,Emerson+6.9%連動(β0.23) 未反応+2.3%
6856,堀場製作所,電気機器,15.600000000000001,★☆☆☆☆,12.4,0.0,0.0,0.0,3.2,0.0,0.0,0.0,,Emerson,2.1,7.2,5.2,-1.3,24208,26995.0,5.9,0.9,5925,Emerson+6.9%連動(β0.35) 未反応+2.1%
8511,日本証券金融,その他金融業,15.5,★☆☆☆☆,0.0,0.0,2.0,0.0,13.5,0.0,0.0,0.0,,,0.0,18.1,2.2,4.0,2358,2466.0,4.1,1.1,546,MA上昇配列 / パーフェクトオーダー / 52週高値目前
8002,丸紅,卸売業,15.5,★☆☆☆☆,6.5,0.0,2.0,0.0,7.0,0.0,0.0,0.0,,Emerson,-2.3,26.9,2.7,9.9,5157,5450.0,9.3,1.0,21173,Emerson+6.9%連動(β0.37)
9900,サガミホールディングス,小売業,15.5,★☆☆☆☆,0.0,0.0,5.3,0.0,10.2,0.0,0.0,0.0,,,0.0,34.6,2.3,15.0,1905,1998.0,11.4,1.6,191,買い出来高優勢 / MA上昇配列 / 52週高値目前
5715,古河機械金属,非鉄金属,15.5,★☆☆☆☆,8.8,0.0,3.0,0.0,3.7,0.0,0.0,0.0,,Emerson,0.8,12.9,3.8,1.3,3425,3710.0,6.0,1.3,854,Emerson+6.9%連動(β0.37) 未反応+0.8%
3087,ドトール・日レスホールディングス,小売業,15.5,★☆☆☆☆,0.0,0.0,3.0,0.0,12.5,0.0,0.0,0.0,,,0.0,30.0,2.5,13.7,3047,3210.0,8.5,1.1,474,MA上昇配列 / パーフェクトオーダー / 52週高値ブレイク! / RSI過熱(88)⚠
3941,レンゴー,パルプ・紙,15.5,★☆☆☆☆,0.0,0.0,2.0,0.0,13.5,0.0,0.0,0.0,,,0.0,17.2,2.1,6.7,1463,1528.0,6.8,1.4,1291,MA上昇配列 / パーフェクトオーダー / 52週高値目前
2602,日清オイリオグループ,食料品,15.5,★☆☆☆☆,0.0,0.0,2.0,0.0,13.5,0.0,0.0,0.0,,,0.0,17.6,1.6,5.4,1922,1986.0,2.2,1.0,484,MA上昇配列 / パーフェクトオーダー / 52週高値目前
6345,アイチ　コーポレーション,機械,15.5,★☆☆☆☆,0.0,0.0,2.0,0.0,13.5,0.0,0.0,0.0,,,0.0,16.1,1.5,3.4,1390,1432.0,3.0,0.9,150,MA上昇配列 / パーフェクトオーダー / 52週高値目前
6676,ＢＵＦＦＡＬＯ,電気機器,15.5,★☆☆☆☆,0.0,0.0,2.0,0.0,13.5,0.0,0.0,0.0,,,0.0,25.4,2.8,7.1,2625,2778.0,7.5,0.6,116,MA上昇配列 / パーフェクトオーダー / 52週高値目前
9831,ヤマダホールディングス,小売業,15.5,★☆☆☆☆,0.0,0.0,3.3,0.0,12.2,0.0,0.0,0.0,,,0.0,22.9,2.8,9.4,694,735.9000244140625,5.3,0.7,3380,買い出来高優勢 / MA上昇配列 / パーフェクトオーダー / 52週高値目前
6436,アマノ,機械,15.399999999999999,★☆☆☆☆,0.0,0.0,6.7,0.0,8.7,0.0,0.0,0.0,,,0.0,21.7,1.5,8.2,3916,4039.0,6.6,2.2,927,出来高増2.2倍 / 買い出来高優勢 / MA上昇配列
7184,富山第一銀行,銀行業,15.3,★☆☆☆☆,0.0,0.0,3.3,0.0,15.0,0.0,0.0,-3.0,,,0.0,41.9,4.4,17.8,2912,3195.0,19.0,0.9,643,買い出来高優勢 / MA上昇配列 / パーフェクトオーダー / 52週高値ブレイク! / 伸びすぎ注意(25MA+18%)
5943,ノーリツ,金属製品,15.3,★☆☆☆☆,0.0,0.0,3.3,0.0,12.0,0.0,0.0,0.0,,,0.0,14.1,1.6,3.9,2320,2395.0,2.3,0.9,174,買い出来高優勢 / MA上昇配列 / パーフェクトオーダー
1377,サカタのタネ,水産・農林業,15.3,★☆☆☆☆,0.0,0.0,3.3,0.0,12.0,0.0,0.0,0.0,,,0.0,17.4,2.2,4.3,4266,4465.0,2.3,0.7,630,買い出来高優勢 / MA上昇配列 / パーフェクトオーダー / 開示[増配](14日前) / 開示[自己株式の取得](14日前)
5946,長府製作所,金属製品,15.3,★☆☆☆☆,0.0,0.0,4.3,0.0,11.0,0.0,0.0,0.0,,,0.0,16.0,1.9,5.0,2022,2101.0,5.3,0.3,240,買い出来高優勢 / MA上昇配列 / パーフェクトオーダー
6237,イワキポンプ,機械,15.3,★☆☆☆☆,0.0,0.0,5.3,0.0,15.0,0.0,0.0,-5.0,,,0.0,54.1,5.2,21.3,4607,5140.0,16.7,0.8,655,買い出来高優勢 / 資金流入増 / MA上昇配列 / パーフェクトオーダー / 52週高値ブレイク! / 過熱⚠25MA+21%
7949,小松ウオール工業,その他製品,15.3,★☆☆☆☆,0.0,0.0,5.3,0.0,10.0,0.0,0.0,0.0,,,0.0,17.6,1.5,4.5,2620,2699.0,4.4,2.1,121,出来高増2.1倍 / MA上昇配列
3863,日本製紙,パルプ・紙,15.3,★☆☆☆☆,0.0,0.0,3.3,0.0,12.0,0.0,0.0,0.0,,,0.0,31.0,3.1,10.8,1409,1502.0,2.9,1.0,1122,買い出来高優勢 / MA上昇配列 / パーフェクトオーダー
254A,ＡＩフュージョンキャピタルグループ,証券、商品先物取引業,15.3,★☆☆☆☆,0.0,0.0,5.3,0.0,10.0,0.0,0.0,0.0,,,0.0,43.7,5.4,12.4,1138,1277.0,-0.7,1.2,107,買い出来高優勢 / 資金流入増 / MA上昇配列 / パーフェクトオーダー
1447,ＳＡＡＦホールディングス,建設業,15.3,★☆☆☆☆,0.0,0.0,5.3,0.0,6.2,0.0,3.8,0.0,,,0.0,53.2,12.1,7.7,279,369.0,-8.9,0.1,293,買い出来高優勢 / 資金流入増 / MA上昇配列 / パーフェクトオーダー / 開示[買収](3日前) / 開示[買収](4日前)
7279,ハイレックスコーポレーション,輸送用機器,15.3,★☆☆☆☆,7.3,0.0,2.0,0.0,6.0,0.0,0.0,0.0,,Emerson,0.3,20.7,3.6,5.5,2066,2225.0,5.7,0.8,163,Emerson+6.9%連動(β0.37)
9001,東武鉄道,陸運業,15.3,★☆☆☆☆,0.0,0.0,5.3,0.0,10.0,0.0,0.0,0.0,,,0.0,16.7,1.8,5.1,2988,3100.0,1.5,1.5,1501,買い出来高優勢 / MA上昇配列 / パーフェクトオーダー
9348,ｉｓｐａｃｅ,サービス業,15.2,★☆☆☆☆,0.0,13.7,0.0,0.0,1.5,0.0,0.0,0.0,,,0.0,8.2,5.3,-4.2,375,419.0,1.9,0.4,794,宇宙(+3.8%)
6999,ＫＯＡ,電気機器,15.2,★☆☆☆☆,7.0,0.0,6.7,0.0,1.5,0.0,0.0,0.0,,Emerson,-4.4,-2.2,7.6,-5.1,2163,2550.0,13.8,4.4,2791,Emerson+6.9%連動(β0.41) / 出来高急増4.4倍
7966,リンテック,その他製品,15.1,★☆☆☆☆,13.1,0.0,1.0,0.0,1.0,0.0,0.0,0.0,,Emerson,2.8,8.0,4.0,-2.3,6037,6560.0,-3.0,0.7,2477,Emerson+6.9%連動(β0.27) 未反応+2.8%
6301,小松製作所,機械,15.1,★☆☆☆☆,8.1,0.0,0.0,0.0,7.0,0.0,0.0,0.0,,Emerson,-4.3,19.8,2.5,6.7,6555,6901.0,10.4,1.0,19020,Emerson+6.9%連動(β0.47)
5020,ＥＮＥＯＳホールディングス,石油・石炭製品,15.0,★☆☆☆☆,6.0,0.0,2.0,0.0,7.0,0.0,0.0,0.0,,Emerson,0.3,19.7,2.2,5.6,1266,1323.5,6.4,0.9,8487,Emerson+6.9%連動(β0.30)
3993,ＰＫＳＨＡ　Ｔｅｃｈｎｏｌｏｇｙ,情報・通信業,15.0,★☆☆☆☆,0.0,7.5,5.3,0.0,2.2,0.0,0.0,0.0,,,0.0,22.2,3.6,1.1,2600,2801.0,-2.7,2.7,804,生成AI・ソフト(+0.7%) / 出来高増2.7倍
2001,ニップン,食料品,15.0,★☆☆☆☆,0.0,0.0,0.0,0.0,15.0,0.0,0.0,0.0,,,0.0,11.9,1.8,2.5,2768,2871.0,1.7,0.7,733,MA上昇配列 / パーフェクトオーダー / 52週高値ブレイク!
7453,良品計画,小売業,15.0,★☆☆☆☆,0.0,0.0,3.0,0.0,12.0,0.0,0.0,0.0,,,0.0,33.9,5.0,12.0,3883,4313.0,1.3,0.5,22735,MA上昇配列 / パーフェクトオーダー
8098,稲畑産業,卸売業,15.0,★☆☆☆☆,0.0,0.0,3.0,0.0,12.0,0.0,0.0,0.0,,,0.0,14.3,1.3,2.8,3947,4050.0,2.4,1.2,321,MA上昇配列 / パーフェクトオーダー
8572,アコム,その他金融業,15.0,★☆☆☆☆,0.0,0.0,3.0,0.0,12.0,0.0,0.0,0.0,,,0.0,20.5,1.5,4.4,479,493.6000061035156,2.0,1.6,631,MA上昇配列 / パーフェクトオーダー
5911,横河ブリッジホールディングス,金属製品,15.0,★☆☆☆☆,0.0,0.0,5.3,0.0,6.7,0.0,3.0,0.0,,,0.0,17.5,1.4,4.7,2923,3005.0,4.0,2.5,256,出来高増2.5倍 / 開示[自己株式取得](0日前)
9842,アークランズ,小売業,15.0,★☆☆☆☆,0.0,0.0,3.0,0.0,12.0,0.0,0.0,0.0,,,0.0,13.3,1.7,2.8,1874,1940.0,1.3,1.6,487,MA上昇配列 / パーフェクトオーダー
6240,ヤマシンフィルタ,機械,15.0,★☆☆☆☆,8.0,0.0,1.0,0.0,6.0,0.0,0.0,0.0,,Emerson,-2.3,20.5,2.5,6.9,523,551.0,7.4,0.9,155,Emerson+6.9%連動(β0.46)
9048,名古屋鉄道,陸運業,15.0,★☆☆☆☆,0.0,0.0,4.0,0.0,11.0,0.0,0.0,0.0,,,0.0,17.3,1.5,4.5,1892,1950.0,1.5,1.7,1414,MA上昇配列 / パーフェクトオーダー
3201,日本毛織,繊維製品,15.0,★☆☆☆☆,0.0,0.0,3.0,0.0,12.0,0.0,0.0,0.0,,,0.0,23.3,2.7,7.2,1821,1927.0,4.3,1.2,215,MA上昇配列 / パーフェクトオーダー
5332,ＴＯＴＯ,ガラス・土石製品,15.0,★☆☆☆☆,15.0,0.0,0.0,0.0,0.0,0.0,0.0,0.0,,Emerson,3.2,-1.9,3.9,-8.9,6879,7453.0,0.0,0.9,9202,Emerson+6.9%連動(β0.31) 未反応+3.2%
6486,イーグル工業,機械,15.0,★☆☆☆☆,0.0,0.0,4.0,0.0,11.0,0.0,0.0,0.0,,,0.0,17.1,2.1,4.9,2914,3045.0,5.9,1.9,315,MA上昇配列 / パーフェクトオーダー
8558,東和銀行,銀行業,15.0,★☆☆☆☆,5.5,0.0,1.0,0.0,8.5,0.0,0.0,0.0,,Emerson,-1.8,11.3,5.8,2.1,1280,1447.0,9.4,0.6,469,Emerson+6.9%連動(β0.32) / MA上昇配列 / パーフェクトオーダー
7177,ＧＭＯフィナンシャルホールディングス,証券、商品先物取引業,15.0,★☆☆☆☆,0.0,0.0,0.0,0.0,12.0,0.0,3.0,0.0,,,0.0,20.0,2.8,3.9,1005,1064.0,2.1,0.9,249,MA上昇配列 / パーフェクトオーダー / 開示[増配](0日前)
7389,あいちフィナンシャルグループ,銀行業,14.899999999999999,★☆☆☆☆,4.7,0.0,3.0,0.0,12.2,0.0,0.0,-5.0,,Emerson,-0.9,46.2,4.2,21.0,1719,1875.0,11.1,0.8,1539,Emerson+6.9%連動(β0.27) / MA上昇配列 / パーフェクトオーダー / 52週高値目前 / 過熱⚠25MA+21%
7203,トヨタ自動車,輸送用機器,14.899999999999999,★☆☆☆☆,9.2,0.0,1.0,0.0,4.7,0.0,0.0,0.0,,Emerson,1.3,17.9,2.0,4.6,2847,2965.5,2.3,1.0,77494,Emerson+6.9%連動(β0.30) 未反応+1.3%
6622,ダイヘン,電気機器,14.8,★☆☆☆☆,14.8,0.0,0.0,0.0,0.0,0.0,0.0,0.0,,Emerson,2.5,-9.4,5.9,-10.8,12909,14620.0,4.1,1.1,3663,Emerson+6.9%連動(β0.42) 未反応+2.5%
4188,三菱ケミカルグループ,化学,14.7,★☆☆☆☆,5.0,0.0,0.0,0.0,9.7,0.0,0.0,0.0,,Emerson,-0.7,22.6,2.8,5.6,1157,1225.0,4.9,1.0,7197,Emerson+6.9%連動(β0.29) / MA上昇配列 / パーフェクトオーダー / 52週高値目前
6677,エスケーエレクトロニクス,電気機器,14.7,★☆☆☆☆,0.0,0.0,4.0,0.0,10.7,0.0,0.0,0.0,,,0.0,13.8,2.9,2.3,3317,3525.0,7.5,1.9,166,MA上昇配列 / パーフェクトオーダー
7173,東京きらぼしフィナンシャルグループ,銀行業,14.7,★☆☆☆☆,6.5,0.0,0.0,0.0,8.2,0.0,0.0,0.0,,Emerson,-2.5,11.6,3.7,3.8,1678,1813.0,10.6,0.7,3588,Emerson+6.9%連動(β0.37) / MA上昇配列 / パーフェクトオーダー
7988,ニフコ,化学,14.7,★☆☆☆☆,5.2,0.0,2.0,0.0,7.5,0.0,0.0,0.0,,Emerson,-1.0,20.5,2.0,5.3,5049,5257.0,4.7,1.1,1331,Emerson+6.9%連動(β0.30) / MA上昇配列
4401,ＡＤＥＫＡ,化学,14.7,★☆☆☆☆,13.7,0.0,0.0,0.0,1.0,0.0,0.0,0.0,,Emerson,2.7,5.4,2.8,-3.0,3833,4061.0,0.9,0.9,1361,Emerson+6.9%連動(β0.32) 未反応+2.7%
3191,ジョイフル本田,小売業,14.7,★☆☆☆☆,0.0,0.0,1.0,0.0,13.7,0.0,0.0,0.0,,,0.0,18.3,1.7,6.4,2315,2398.0,4.3,1.3,411,MA上昇配列 / パーフェクトオーダー / 52週高値ブレイク!
6902,デンソー,輸送用機器,14.6,★☆☆☆☆,5.6,0.0,1.0,0.0,8.0,0.0,0.0,0.0,,Emerson,-0.9,20.4,1.8,6.1,1984,2056.0,4.7,1.3,14115,Emerson+6.9%連動(β0.33) / MA上昇配列
6473,ジェイテクト,機械,14.6,★☆☆☆☆,6.6,0.0,1.0,0.0,7.0,0.0,0.0,0.0,,Emerson,-0.0,14.5,3.1,1.7,1974,2105.0,3.2,1.0,2573,Emerson+6.9%連動(β0.38) / MA上昇配列 / パーフェクトオーダー
2810,ハウス食品グループ本社,食料品,14.5,★☆☆☆☆,0.0,0.0,2.0,0.0,12.5,0.0,0.0,0.0,,,0.0,19.3,1.8,4.4,3847,3988.0,2.3,1.1,1037,MA上昇配列 / パーフェクトオーダー / 52週高値ブレイク!
6083,ＥＲＩホールディングス,サービス業,14.5,★☆☆☆☆,0.0,0.0,4.3,0.0,10.0,0.0,0.2,0.0,,,0.0,27.5,3.5,10.6,1461,1573.0,8.0,0.5,154,買い出来高優勢 / MA上昇配列 / 開示[増配](13日前)
3950,ザ・パック,パルプ・紙,14.5,★☆☆☆☆,0.0,0.0,2.0,0.0,12.5,0.0,0.0,0.0,,,0.0,17.9,1.8,7.1,1420,1472.0,3.6,0.6,210,MA上昇配列 / パーフェクトオーダー / 52週高値ブレイク! / RSI過熱(87)⚠
9076,セイノーホールディングス,陸運業,14.5,★☆☆☆☆,0.0,0.0,1.0,0.0,13.5,0.0,0.0,0.0,,,0.0,14.1,1.6,1.6,2621,2707.5,0.1,0.7,942,MA上昇配列 / パーフェクトオーダー / 52週高値目前
5406,神戸製鋼所,鉄鋼,14.5,★☆☆☆☆,5.5,0.0,2.0,0.0,7.0,0.0,0.0,0.0,,Emerson,-1.6,19.7,1.9,6.8,1968,2044.5,5.7,1.1,4007,Emerson+6.9%連動(β0.32)
9433,ＫＤＤＩ,情報・通信業,14.5,★☆☆☆☆,0.0,0.0,2.0,0.0,12.5,0.0,0.0,0.0,,,0.0,20.9,1.9,6.2,2838,2953.0,3.0,1.0,23802,MA上昇配列 / パーフェクトオーダー / 52週高値ブレイク! / RSI過熱(87)⚠
8613,丸三証券,証券、商品先物取引業,14.5,★☆☆☆☆,0.0,0.0,1.0,0.0,13.5,0.0,0.0,0.0,,,0.0,18.7,1.8,3.4,1098,1140.0,-0.1,0.5,363,MA上昇配列 / パーフェクトオーダー / 52週高値目前
4228,積水化成品工業,化学,14.5,★☆☆☆☆,13.5,0.0,0.0,0.0,1.0,0.0,0.0,0.0,,Emerson,2.8,5.9,3.0,-2.2,486,518.0,1.8,1.0,114,Emerson+6.9%連動(β0.30) 未反応+2.8%
8031,三井物産,卸売業,14.4,★☆☆☆☆,5.8,0.0,1.0,0.0,6.0,0.0,1.6,0.0,,Emerson,-0.8,21.1,2.3,6.4,4742,4975.0,6.7,0.8,31053,Emerson+6.9%連動(β0.34) / 開示[買収](5日前)
7972,イトーキ,その他製品,14.4,★☆☆☆☆,6.4,0.0,2.0,0.0,6.0,0.0,0.0,0.0,,Emerson,-0.2,22.4,2.9,6.9,2769,2938.0,8.0,0.5,618,Emerson+6.9%連動(β0.37)
296A,令和アカウンティング・ホールディングス,サービス業,14.399999999999999,★☆☆☆☆,0.0,0.0,5.3,0.0,10.7,0.0,1.4,-3.0,,,0.0,31.2,3.6,16.2,846,911.0,21.3,0.5,156,買い出来高優勢 / 資金流入増 / MA上昇配列 / パーフェクトオーダー / 伸びすぎ注意(25MA+16%) / 開示[業務提携](6日前)
6905,コーセル,電気機器,14.3,★☆☆☆☆,14.3,0.0,0.0,0.0,0.0,0.0,0.0,0.0,,Emerson,3.2,-3.6,3.3,-7.9,1197,1282.0,1.8,0.7,263,Emerson+6.9%連動(β0.28) 未反応+3.2%
6807,日本航空電子工業,電気機器,14.3,★☆☆☆☆,5.3,0.0,2.0,0.0,7.0,0.0,0.0,0.0,,Emerson,-1.9,22.6,2.6,7.1,2414,2546.0,5.6,0.9,565,Emerson+6.9%連動(β0.31)
6284,日精エー・エス・ビー機械,機械,14.3,★☆☆☆☆,13.3,0.0,0.0,0.0,1.0,0.0,0.0,0.0,,Emerson,2.6,12.8,3.2,-2.2,8603,9200.0,-0.2,0.6,317,Emerson+6.9%連動(β0.32) 未反応+2.6%
5844,京都フィナンシャルグループ,銀行業,14.3,★☆☆☆☆,5.3,0.0,2.0,0.0,7.0,0.0,0.0,0.0,,Emerson,-2.0,15.4,2.7,1.1,4430,4687.0,6.9,0.9,4377,Emerson+6.9%連動(β0.31) / MA上昇配列 / パーフェクトオーダー
4043,トクヤマ,化学,14.3,★☆☆☆☆,14.3,0.0,0.0,0.0,0.0,0.0,0.0,0.0,,Emerson,3.0,1.2,4.7,-4.9,4127,4556.0,1.0,1.0,2807,Emerson+6.9%連動(β0.31) 未反応+3.0%
8060,キヤノンマーケティングジャパン,卸売業,14.200000000000001,★☆☆☆☆,0.0,0.0,3.3,0.0,5.5,0.0,5.4,0.0,,,0.0,17.5,2.2,2.4,3400,3557.0,1.6,2.2,1095,出来高増2.2倍 / 開示[自己株式の取得](0日前) / 開示[自己株式の取得](3日前)
8001,伊藤忠商事,卸売業,14.2,★☆☆☆☆,5.2,0.0,2.0,0.0,7.0,0.0,0.0,0.0,,Emerson,0.1,19.0,1.8,4.9,1911,1984.5,4.3,1.0,25385,Emerson+6.9%連動(β0.29)
4368,扶桑化学工業,化学,14.2,★☆☆☆☆,13.2,0.0,1.0,0.0,0.0,0.0,0.0,0.0,,Dell,3.5,-5.8,6.3,-8.8,3388,3875.0,-0.3,1.3,2480,Dell+5.6%連動(β0.18) 未反応+3.5%
4970,東洋合成工業,化学,14.2,★☆☆☆☆,12.2,0.0,2.0,0.0,0.0,0.0,0.0,0.0,,Emerson,1.2,2.0,6.3,-5.2,13097,15000.0,3.0,1.7,867,Emerson+6.9%連動(β0.50) 未反応+1.2%
7128,ユニソルホールディングス,卸売業,14.2,★☆☆☆☆,5.2,0.0,5.3,0.0,6.7,0.0,0.0,-3.0,,Emerson,-3.9,41.6,3.2,16.7,2577,2756.0,7.7,0.7,342,Emerson+6.9%連動(β0.30) / 買い出来高優勢 / 資金流入増 / MA上昇配列 / 伸びすぎ注意(25MA+17%)
3151,バイタルケーエスケー・ホールディングス,卸売業,14.2,★☆☆☆☆,0.0,0.0,2.0,0.0,12.2,0.0,0.0,0.0,,,0.0,19.5,1.8,5.2,1596,1654.0,1.2,0.8,115,MA上昇配列 / パーフェクトオーダー / 52週高値目前
6844,新電元工業,電気機器,14.2,★☆☆☆☆,13.2,0.0,0.0,0.0,1.0,0.0,0.0,0.0,,Emerson,2.2,-3.6,5.4,-7.3,3096,3470.0,3.4,1.1,463,Emerson+6.9%連動(β0.38) 未反応+2.2%
4187,大阪有機化学工業,化学,14.2,★☆☆☆☆,13.2,0.0,0.0,0.0,1.0,0.0,0.0,0.0,,Emerson,1.9,-2.2,5.6,-5.6,4609,5190.0,1.0,0.6,1264,Emerson+6.9%連動(β0.44) 未反応+1.9%
9278,ブックオフグループホールディングス,小売業,14.0,★☆☆☆☆,0.0,0.0,5.3,0.0,13.7,0.0,0.0,-5.0,,,0.0,51.4,5.0,24.6,2448,2722.0,9.7,0.9,480,買い出来高優勢 / 資金流入増 / MA上昇配列 / パーフェクトオーダー / 52週高値ブレイク! / 過熱⚠25MA+25%
8173,Ｊｏｓｈｉｎ,小売業,14.0,★☆☆☆☆,0.0,0.0,2.0,0.0,12.0,0.0,0.0,0.0,,,0.0,10.3,3.6,5.6,3625,3910.0,9.7,1.6,565,MA上昇配列 / パーフェクトオーダー
5018,ＭＯＲＥＳＣＯ,石油・石炭製品,14.0,★☆☆☆☆,0.0,0.0,2.0,0.0,12.0,0.0,0.0,0.0,,,0.0,29.4,5.6,7.2,1909,2148.0,3.3,1.1,105,資金流入増 / MA上昇配列 / パーフェクトオーダー
8424,芙蓉総合リース,その他金融業,14.0,★☆☆☆☆,0.0,0.0,3.0,0.0,11.0,0.0,0.0,0.0,,,0.0,17.4,1.4,5.4,4389,4520.0,4.0,1.3,676,MA上昇配列 / パーフェクトオーダー / 52週高値目前 / RSI過熱(87)⚠
2002,日清製粉グループ本社,食料品,14.0,★☆☆☆☆,0.0,0.0,2.0,0.0,12.0,0.0,0.0,0.0,,,0.0,14.7,1.8,3.2,1999,2074.5,1.0,0.9,1381,MA上昇配列 / パーフェクトオーダー
8051,山善,卸売業,14.0,★☆☆☆☆,0.0,0.0,3.3,0.0,10.7,0.0,0.0,0.0,,,0.0,16.2,1.7,1.9,1704,1766.0,2.2,1.2,328,買い出来高優勢 / MA上昇配列 / パーフェクトオーダー
7752,リコー,電気機器,14.0,★☆☆☆☆,0.0,0.0,3.3,0.0,10.7,0.0,0.0,0.0,,,0.0,26.2,2.3,10.0,1558,1632.5,8.8,1.1,3860,買い出来高優勢 / MA上昇配列 / パーフェクトオーダー
2730,エディオン,小売業,14.0,★☆☆☆☆,0.0,0.0,3.3,0.0,10.7,0.0,0.0,0.0,,,0.0,22.4,2.4,8.3,2397,2517.0,5.5,0.9,695,買い出来高優勢 / MA上昇配列 / パーフェクトオーダー
9508,九州電力,電気・ガス業,14.0,★☆☆☆☆,0.0,0.0,2.0,0.0,12.0,0.0,0.0,0.0,,,0.0,21.4,2.3,7.5,1759,1842.5,4.2,1.0,2767,MA上昇配列 / パーフェクトオーダー
4041,日本曹達,化学,14.0,★☆☆☆☆,0.0,0.0,2.0,0.0,12.0,0.0,0.0,0.0,,,0.0,19.1,1.6,6.3,3752,3880.0,5.9,1.0,420,MA上昇配列 / パーフェクトオーダー
2154,オープンアップグループ,サービス業,14.0,★☆☆☆☆,0.0,0.0,2.0,0.0,12.0,0.0,0.0,0.0,,,0.0,20.0,1.4,5.4,1981,2040.0,2.3,0.8,327,MA上昇配列 / パーフェクトオーダー
6194,アトラエ,サービス業,14.0,★☆☆☆☆,0.0,0.0,5.3,0.0,8.7,0.0,0.0,0.0,,,0.0,32.1,2.5,10.8,798,841.0,2.2,0.6,145,買い出来高優勢 / 資金流入増 / MA上昇配列 / パーフェクトオーダー
7716,ナカニシ,精密機器,14.0,★☆☆☆☆,0.0,0.0,2.0,0.0,12.0,0.0,0.0,0.0,,,0.0,18.7,2.1,6.2,3063,3195.0,4.8,1.3,579,MA上昇配列 / パーフェクトオーダー
6960,フクダ電子,電気機器,14.0,★☆☆☆☆,0.0,0.0,2.0,0.0,12.0,0.0,0.0,0.0,,,0.0,20.4,2.8,5.8,11231,11910.0,5.9,1.0,392,MA上昇配列 / パーフェクトオーダー
6498,キッツ,機械,13.9,★☆☆☆☆,12.9,0.0,0.0,0.0,1.0,0.0,0.0,0.0,,Emerson,2.3,1.4,4.2,-5.8,2095,2290.0,4.5,0.8,514,Emerson+6.9%連動(β0.34) 未反応+2.3%
4042,東ソー,化学,13.899999999999999,★☆☆☆☆,4.2,0.0,0.0,0.0,9.7,0.0,0.0,0.0,,Emerson,-1.1,7.8,2.3,0.9,2713,2844.0,4.7,1.0,3684,Emerson+6.9%連動(β0.24) / MA上昇配列 / パーフェクトオーダー
5333,ＮＧＫ,ガラス・土石製品,13.8,★☆☆☆☆,13.8,0.0,0.0,0.0,0.0,0.0,0.0,0.0,,Emerson,2.9,-8.5,5.3,-13.0,5418,6063.0,1.0,1.0,11899,Emerson+6.9%連動(β0.30) 未反応+2.9%
6505,東洋電機製造,電気機器,13.700000000000001,★☆☆☆☆,0.0,0.0,5.3,0.0,8.0,0.0,0.4,0.0,,,0.0,32.8,3.8,13.5,2206,2387.0,-3.0,0.5,202,買い出来高優勢 / 資金流入増 / 開示[買収](12日前)
8020,兼松,卸売業,13.7,★☆☆☆☆,7.0,0.0,1.0,0.0,5.7,0.0,0.0,0.0,,Emerson,0.9,13.4,1.9,2.3,2052,2133.5,2.9,0.9,901,Emerson+6.9%連動(β0.25) 未反応+0.9%
7513,コジマ,小売業,13.7,★☆☆☆☆,0.0,0.0,3.0,0.0,10.7,0.0,0.0,0.0,,,0.0,21.5,2.5,8.3,1340,1412.0,7.0,1.1,406,MA上昇配列 / パーフェクトオーダー / 開示[増配](14日前) / 開示[自己株式取得](14日前)
3708,特種東海製紙,パルプ・紙,13.7,★☆☆☆☆,0.0,0.0,0.0,0.0,13.7,0.0,0.0,0.0,,,0.0,28.0,2.2,10.7,2080,2177.0,6.2,0.9,136,MA上昇配列 / パーフェクトオーダー / 52週高値ブレイク!
6806,ヒロセ電機,電気機器,13.7,★☆☆☆☆,0.0,0.0,4.0,0.0,9.7,0.0,0.0,0.0,,,0.0,6.7,3.5,0.3,26489,28455.0,7.3,1.6,4323,MA上昇配列 / パーフェクトオーダー
6340,澁谷工業,機械,13.7,★☆☆☆☆,4.7,0.0,2.0,0.0,7.0,0.0,0.0,0.0,,Emerson,0.0,9.4,3.0,0.1,4087,4350.0,5.1,0.7,193,Emerson+6.9%連動(β0.27) / MA上昇配列 / パーフェクトオーダー
7242,カヤバ,輸送用機器,13.7,★☆☆☆☆,4.7,0.0,2.0,0.0,7.0,0.0,0.0,0.0,,Emerson,-2.7,26.9,2.0,9.8,4311,4490.0,7.0,1.1,394,Emerson+6.9%連動(β0.27)
9031,西日本鉄道,陸運業,13.7,★☆☆☆☆,0.0,0.0,3.0,0.0,10.7,0.0,0.0,0.0,,,0.0,19.9,1.7,6.1,3063,3171.0,1.9,1.3,485,MA上昇配列 / パーフェクトオーダー
3563,ＦＯＯＤ　＆　ＬＩＦＥ　ＣＯＭＰＡＮＩＥＳ,小売業,13.7,★☆☆☆☆,0.0,0.0,0.0,0.0,13.7,0.0,0.0,0.0,,,0.0,24.2,3.9,12.5,5215,5657.0,4.6,0.8,10608,MA上昇配列 / パーフェクトオーダー / 52週高値ブレイク!
6976,太陽誘電,電気機器,13.7,★☆☆☆☆,13.7,0.0,0.0,0.0,0.0,0.0,0.0,0.0,,Dell,3.3,-20.5,13.7,-25.6,8376,11545.0,4.6,0.7,360114,Dell+5.6%連動(β0.28) 未反応+3.3%
6652,ＩＤＥＣ,電気機器,13.600000000000001,★☆☆☆☆,4.9,0.0,3.0,0.0,5.7,0.0,0.0,0.0,,Emerson,-2.1,14.2,2.6,2.5,3199,3375.0,6.3,1.5,299,Emerson+6.9%連動(β0.28)
6282,オイレス工業,機械,13.6,★☆☆☆☆,5.6,0.0,1.0,0.0,7.0,0.0,0.0,0.0,,Emerson,0.5,13.6,1.7,1.2,2755,2854.0,1.7,0.9,184,Emerson+6.9%連動(β0.25) / MA上昇配列 / パーフェクトオーダー
9449,ＧＭＯインターネットグループ,情報・通信業,13.6,★☆☆☆☆,0.0,0.0,3.3,0.0,10.2,0.0,0.1,0.0,,,0.0,36.2,3.1,11.0,3864,4120.0,1.6,1.1,1781,買い出来高優勢 / MA上昇配列 / 52週高値目前 / 開示[AI](13日前) / 開示[AI](14日前)
8157,都築電気,情報・通信業,13.5,★☆☆☆☆,0.0,0.0,0.0,0.0,13.5,0.0,0.0,0.0,,,0.0,16.1,2.5,4.1,3930,4140.0,6.3,1.1,126,MA上昇配列 / パーフェクトオーダー / 52週高値目前
3989,シェアリングテクノロジー,情報・通信業,13.5,★☆☆☆☆,0.0,0.0,5.3,0.0,8.2,0.0,0.0,0.0,,,0.0,52.9,2.5,6.7,1344,1415.0,0.1,0.6,416,買い出来高優勢 / 資金流入増 / MA上昇配列 / パーフェクトオーダー
3107,ダイワボウホールディングス,卸売業,13.5,★☆☆☆☆,0.0,0.0,0.0,0.0,13.5,0.0,0.0,0.0,,,0.0,16.0,2.3,4.8,3433,3599.0,6.1,1.1,1031,MA上昇配列 / パーフェクトオーダー / 52週高値目前
4634,ａｒｔｉｅｎｃｅ,化学,13.5,★☆☆☆☆,0.0,0.0,0.0,0.0,13.5,0.0,0.0,0.0,,,0.0,18.5,2.2,4.0,4351,4555.0,1.2,0.7,637,MA上昇配列 / パーフェクトオーダー / 52週高値目前
2270,雪印メグミルク,食料品,13.5,★☆☆☆☆,0.0,0.0,0.0,0.0,13.5,0.0,0.0,0.0,,,0.0,13.7,1.9,2.9,3650,3795.0,3.1,0.8,690,MA上昇配列 / パーフェクトオーダー / 52週高値目前
8159,立花エレテック,卸売業,13.5,★☆☆☆☆,0.0,0.0,0.0,0.0,13.5,0.0,0.0,0.0,,,0.0,18.7,2.8,4.8,3248,3440.0,7.3,0.6,111,MA上昇配列 / パーフェクトオーダー / 52週高値目前
2674,ハードオフコーポレーション,小売業,13.5,★☆☆☆☆,0.0,0.0,0.0,0.0,13.5,0.0,0.0,0.0,,,0.0,20.5,2.9,6.7,2701,2870.0,4.5,1.1,168,MA上昇配列 / パーフェクトオーダー / 52週高値目前
6315,ＴＯＷＡ,機械,13.4,★☆☆☆☆,0.0,11.4,2.0,0.0,0.0,0.0,0.0,0.0,,,0.0,0.7,8.0,-9.2,2399,2858.0,2.4,0.8,12929,HBM・後工程(+2.7%)
9744,メイテックグループホールディングス,サービス業,13.3,★☆☆☆☆,0.0,0.0,3.3,0.0,10.0,0.0,0.0,0.0,,,0.0,18.6,1.1,4.5,3238,3310.0,1.6,1.0,1064,買い出来高優勢 / MA上昇配列
8057,内田洋行,卸売業,13.3,★☆☆☆☆,0.0,0.0,4.3,0.0,9.0,0.0,0.0,0.0,,,0.0,24.6,2.0,7.9,2076,2164.0,2.9,1.0,541,買い出来高優勢 / MA上昇配列
3116,トヨタ紡織,輸送用機器,13.3,★☆☆☆☆,5.3,0.0,2.0,0.0,6.0,0.0,0.0,0.0,,Emerson,-0.7,19.5,1.9,5.8,2240,2327.0,5.1,1.0,1514,Emerson+6.9%連動(β0.31)
9279,ギフトホールディングス,小売業,13.3,★☆☆☆☆,0.0,0.0,1.0,0.0,12.0,0.0,0.3,0.0,,,0.0,35.0,3.9,11.4,4549,4935.0,2.1,0.8,432,MA上昇配列 / パーフェクトオーダー / 開示[株式分割](12日前)
8163,ＳＲＳホールディングス,小売業,13.3,★☆☆☆☆,0.0,0.0,4.3,0.0,9.0,0.0,0.0,0.0,,,0.0,21.8,1.4,7.7,1320,1358.0,5.0,1.2,133,買い出来高優勢 / MA上昇配列 / 52週高値目前 / RSI過熱(95)⚠
6323,ローツェ,機械,13.3,★☆☆☆☆,0.0,8.1,3.0,0.0,2.2,0.0,0.0,0.0,,,0.0,10.3,8.8,-2.6,3721,4512.0,2.5,0.7,14215,半導体製造装置(+1.0%)
8150,三信電気,卸売業,13.3,★☆☆☆☆,0.0,0.0,3.3,0.0,10.0,0.0,0.0,0.0,,,0.0,18.9,1.8,4.9,2833,2942.0,5.8,1.0,107,買い出来高優勢 / MA上昇配列
4540,ツムラ,医薬品,13.3,★☆☆☆☆,0.0,0.0,4.3,0.0,9.0,0.0,0.0,0.0,,,0.0,16.4,1.7,3.8,3809,3941.0,2.4,2.1,1251,出来高増2.1倍 / MA上昇配列
2767,円谷フィールズホールディングス,卸売業,13.3,★☆☆☆☆,0.0,0.0,5.3,0.0,8.0,0.0,0.0,0.0,,,0.0,21.6,2.4,7.4,1456,1530.0,4.3,2.0,586,出来高増2.0倍 / MA上昇配列
8706,極東証券,証券、商品先物取引業,13.3,★☆☆☆☆,0.0,0.0,3.3,0.0,10.0,0.0,0.0,0.0,,,0.0,26.4,2.1,7.7,1700,1774.0,2.9,0.7,304,買い出来高優勢 / MA上昇配列
2354,ＹＥ　ＤＩＧＩＴＡＬ,情報・通信業,13.3,★☆☆☆☆,0.0,0.0,7.3,0.0,11.0,0.0,0.0,-5.0,,,0.0,85.4,10.9,40.4,1057,1350.0,27.5,2.9,2691,出来高増2.9倍 / 資金流入増 / MA上昇配列 / パーフェクトオーダー / 過熱⚠25MA+40%
8255,アクシアル　リテイリング,小売業,13.3,★☆☆☆☆,0.0,0.0,3.3,0.0,10.0,0.0,0.0,0.0,,,0.0,20.9,2.1,6.0,1172,1224.0,1.8,1.0,216,買い出来高優勢 / MA上昇配列
9682,ＤＴＳ,情報・通信業,13.3,★☆☆☆☆,0.0,0.0,4.3,0.0,9.0,0.0,0.0,0.0,,,0.0,25.3,2.0,7.3,1075,1119.0,3.8,1.3,481,買い出来高優勢 / MA上昇配列
3401,帝人,繊維製品,13.2,★☆☆☆☆,0.0,0.0,1.0,0.0,12.2,0.0,0.0,0.0,,,0.0,16.5,2.4,3.5,1652,1733.5,2.7,1.0,1256,MA上昇配列 / パーフェクトオーダー / 52週高値目前
5408,中山製鋼所,鉄鋼,13.2,★☆☆☆☆,5.2,0.0,2.0,0.0,6.0,0.0,0.0,0.0,,Emerson,-1.7,18.7,1.9,4.7,627,652.0,5.7,1.0,128,Emerson+6.9%連動(β0.30)
8074,ＹＵＡＳＡ,卸売業,13.100000000000001,★☆☆☆☆,4.4,0.0,3.0,0.0,5.7,0.0,0.0,0.0,,Emerson,-0.4,20.7,1.9,5.6,5497,5710.0,3.6,1.3,179,Emerson+6.9%連動(β0.26)
7931,未来工業,化学,13.1,★☆☆☆☆,0.0,0.0,3.0,0.0,8.0,0.0,2.1,0.0,,,0.0,23.1,2.9,7.0,3219,3415.0,6.4,1.2,102,MA上昇配列 / 開示[増配](4日前)
7259,アイシン,輸送用機器,13.099999999999998,★☆☆☆☆,5.1,0.0,3.3,0.0,4.7,0.0,0.0,0.0,,Emerson,-2.6,19.6,2.3,5.8,2291,2400.0,6.4,1.0,4517,Emerson+6.9%連動(β0.30) / 買い出来高優勢
3498,霞ヶ関キャピタル,不動産業,13.0,★☆☆☆☆,0.0,0.0,5.0,0.0,8.0,0.0,0.0,0.0,,,0.0,22.0,4.8,8.6,6674,7380.0,8.4,1.6,3837,MA上昇配列
9304,澁澤倉庫,倉庫・運輸関連業,13.0,★☆☆☆☆,0.0,0.0,4.0,0.0,6.0,0.0,3.0,0.0,,,0.0,24.1,5.6,0.1,1597,1798.0,-9.1,0.7,721,資金流入増 / MA上昇配列 / パーフェクトオーダー / 開示[自己株式の取得](0日前)
7839,ＳＨＯＥＩ,その他製品,13.0,★☆☆☆☆,0.0,0.0,4.3,0.0,8.7,0.0,0.0,0.0,,,0.0,20.8,1.5,6.5,1893,1953.0,4.2,1.3,299,買い出来高優勢 / MA上昇配列 / パーフェクトオーダー
2371,カカクコム,サービス業,13.0,★☆☆☆☆,0.0,0.0,2.0,0.0,11.0,0.0,0.0,0.0,,,0.0,21.9,1.2,4.4,3596,3681.0,1.8,0.6,2346,MA上昇配列 / パーフェクトオーダー / 52週高値目前
4502,武田薬品工業,医薬品,13.0,★☆☆☆☆,0.0,0.0,1.0,0.0,12.0,0.0,0.0,0.0,,,0.0,24.1,1.9,8.2,5550,5769.0,5.3,1.2,21753,MA上昇配列 / パーフェクトオーダー
9830,トラスコ中山,卸売業,13.0,★☆☆☆☆,0.0,0.0,4.0,0.0,9.0,0.0,0.0,0.0,,,0.0,19.1,1.7,4.6,2325,2405.0,3.5,1.8,253,MA上昇配列
7990,グローブライド,その他製品,13.0,★☆☆☆☆,0.0,0.0,3.0,0.0,10.0,0.0,0.0,0.0,,,0.0,17.9,1.4,4.0,2411,2481.0,2.0,1.4,128,MA上昇配列 / パーフェクトオーダー
2433,博報堂ＤＹホールディングス,サービス業,13.0,★☆☆☆☆,0.0,0.0,3.0,0.0,10.0,0.0,0.0,0.0,,,0.0,27.7,2.8,9.7,1231,1304.5,2.8,1.3,998,MA上昇配列 / パーフェクトオーダー
5482,愛知製鋼,鉄鋼,13.0,★☆☆☆☆,0.0,0.0,1.0,0.0,12.0,0.0,0.0,0.0,,,0.0,14.7,2.2,3.6,3023,3165.0,5.5,0.9,474,MA上昇配列 / パーフェクトオーダー
7780,メニコン,精密機器,13.0,★☆☆☆☆,0.0,0.0,3.0,0.0,10.0,0.0,0.0,0.0,,,0.0,14.4,2.5,5.2,1678,1765.0,4.7,2.0,319,MA上昇配列 / パーフェクトオーダー
4293,セプテーニ・ホールディングス,サービス業,13.0,★☆☆☆☆,0.0,0.0,2.0,0.0,11.0,0.0,0.0,0.0,,,0.0,23.7,3.3,4.4,471,504.0,2.9,0.5,286,MA上昇配列 / パーフェクトオーダー
8708,アイザワ証券グループ,証券、商品先物取引業,13.0,★☆☆☆☆,0.0,0.0,3.0,0.0,10.0,0.0,0.0,0.0,,,0.0,23.9,2.3,6.2,1578,1653.0,3.8,1.0,223,MA上昇配列 / パーフェクトオーダー
3399,丸千代山岡家,小売業,13.0,★☆☆☆☆,0.0,0.0,1.0,0.0,12.0,0.0,0.0,0.0,,,0.0,26.9,3.4,8.4,3516,3770.0,1.5,1.2,357,MA上昇配列 / パーフェクトオーダー
6750,エレコム,電気機器,13.0,★☆☆☆☆,0.0,0.0,1.0,0.0,12.0,0.0,0.0,0.0,,,0.0,15.6,2.1,4.7,1810,1888.0,5.8,1.0,352,MA上昇配列 / パーフェクトオーダー
4928,ノエビアホールディングス,化学,13.0,★☆☆☆☆,0.0,0.0,5.3,0.0,7.7,0.0,0.0,0.0,,,0.0,20.3,1.5,6.4,4637,4785.0,3.9,2.8,359,出来高増2.8倍 / MA上昇配列
6309,巴工業,機械,13.0,★☆☆☆☆,0.0,0.0,2.0,0.0,11.0,0.0,0.0,0.0,,,0.0,18.9,2.1,4.3,1852,1933.0,1.3,0.8,211,MA上昇配列 / パーフェクトオーダー
3433,トーカロ,金属製品,13.0,★☆☆☆☆,7.7,0.0,4.3,0.0,1.0,0.0,0.0,0.0,,Emerson,0.6,2.1,3.9,-4.4,2765,2999.0,4.0,2.8,763,Emerson+6.9%連動(β0.35) 未反応+0.6% / 出来高増2.8倍
2782,セリア,小売業,13.0,★☆☆☆☆,0.0,0.0,2.0,0.0,11.0,0.0,0.0,0.0,,,0.0,12.6,2.8,3.0,3573,3785.0,1.5,1.0,924,MA上昇配列 / パーフェクトオーダー
2288,丸大食品,食料品,13.0,★☆☆☆☆,0.0,0.0,1.0,0.0,12.0,0.0,0.0,0.0,,,0.0,14.2,1.4,2.5,2253,2318.0,1.7,0.8,161,MA上昇配列 / パーフェクトオーダー
4092,日本化学工業,化学,13.0,★☆☆☆☆,0.0,0.0,2.0,0.0,11.0,0.0,0.0,0.0,,,0.0,21.1,7.7,13.0,4551,5380.0,14.5,0.8,1515,MA上昇配列 / パーフェクトオーダー
7846,パイロットコーポレーション,その他製品,13.0,★☆☆☆☆,0.0,0.0,2.0,0.0,11.0,0.0,0.0,0.0,,,0.0,17.5,1.7,4.2,1749,1811.5,0.5,0.7,363,MA上昇配列 / パーフェクトオーダー / 52週高値目前
5574,ＡＢＥＪＡ,情報・通信業,12.9,★☆☆☆☆,0.0,0.0,6.3,0.0,6.0,0.0,0.6,0.0,,,0.0,32.1,6.1,11.0,2207,2515.0,7.9,1.6,384,買い出来高優勢 / 開示[業績予想の修正](12日前) / 開示[AI](12日前)
5411,ＪＦＥホールディングス,鉄鋼,12.899999999999999,★☆☆☆☆,5.2,0.0,3.0,0.0,4.7,0.0,0.0,0.0,,Emerson,-1.6,27.3,1.9,10.1,1737,1804.0,6.3,1.4,8613,Emerson+6.9%連動(β0.30)
4676,フジ・メディア・ホールディングス,情報・通信業,12.8,★☆☆☆☆,0.0,0.0,3.3,0.0,9.5,0.0,0.0,0.0,,,0.0,19.1,2.4,3.3,3964,4166.0,3.4,0.7,2144,買い出来高優勢 / MA上昇配列 / パーフェクトオーダー
3774,インターネットイニシアティブ,情報・通信業,12.8,★☆☆☆☆,0.0,0.0,3.3,0.0,9.5,0.0,0.0,0.0,,,0.0,22.1,2.6,3.8,3296,3479.0,-0.2,0.7,1897,買い出来高優勢 / MA上昇配列 / パーフェクトオーダー
3405,クラレ,化学,12.7,★☆☆☆☆,0.0,0.0,3.0,0.0,9.7,0.0,0.0,0.0,,,0.0,24.5,1.7,9.1,1819,1883.0,6.1,1.2,2940,MA上昇配列 / パーフェクトオーダー
8088,岩谷産業,卸売業,12.7,★☆☆☆☆,6.2,0.0,2.0,0.0,4.5,0.0,0.0,0.0,,Emerson,0.5,15.7,2.4,2.5,1910,2004.0,4.1,0.8,1551,Emerson+6.9%連動(β0.28)
2590,ダイドーグループホールディングス,食料品,12.7,★☆☆☆☆,0.0,0.0,3.0,0.0,9.7,0.0,0.0,0.0,,,0.0,25.5,2.3,8.6,2865,3005.0,3.5,0.8,445,MA上昇配列 / パーフェクトオーダー
7282,豊田合成,輸送用機器,12.7,★☆☆☆☆,5.7,0.0,0.0,0.0,7.0,0.0,0.0,0.0,,Emerson,-1.8,9.9,2.5,1.8,4924,5184.0,5.4,1.0,2318,Emerson+6.9%連動(β0.33) / MA上昇配列 / パーフェクトオーダー
4553,東和薬品,医薬品,12.7,★☆☆☆☆,0.0,0.0,2.0,0.0,10.7,0.0,0.0,0.0,,,0.0,21.2,2.6,3.4,3929,4145.0,-1.1,0.9,530,MA上昇配列 / パーフェクトオーダー
5302,日本カーボン,ガラス・土石製品,12.7,★☆☆☆☆,3.7,0.0,2.0,0.0,7.0,0.0,0.0,0.0,,Emerson,0.0,12.5,2.1,0.9,4552,4750.0,2.6,0.5,351,Emerson+6.9%連動(β0.21) / MA上昇配列 / パーフェクトオーダー
8473,ＳＢＩホールディングス,証券、商品先物取引業,12.7,★☆☆☆☆,5.7,0.0,1.0,0.0,6.0,0.0,0.0,0.0,,Emerson,-0.1,17.6,2.9,4.3,2714,2881.0,5.9,0.6,12519,Emerson+6.9%連動(β0.33)
6517,デンヨー,電気機器,12.7,★☆☆☆☆,7.0,0.0,0.0,0.0,5.7,0.0,0.0,0.0,,Emerson,0.4,12.0,2.3,1.6,3494,3665.0,5.2,1.0,138,Emerson+6.9%連動(β0.33)
6324,ハーモニック・ドライブ・システムズ,機械,12.6,★☆☆☆☆,0.0,10.6,2.0,0.0,0.0,0.0,0.0,0.0,,,0.0,3.5,9.3,-12.5,5367,6590.0,1.9,0.7,14384,ロボット(+2.3%)
6971,京セラ,電気機器,12.6,★☆☆☆☆,4.4,0.0,0.0,0.0,8.2,0.0,0.0,0.0,,Emerson,-1.8,22.0,3.3,3.2,3543,3796.0,6.7,0.9,23962,Emerson+6.9%連動(β0.26) / MA上昇配列 / パーフェクトオーダー
8043,スターゼン,卸売業,12.5,★☆☆☆☆,0.0,0.0,1.0,0.0,11.5,0.0,0.0,0.0,,,0.0,22.0,2.0,5.5,1272,1325.0,2.6,1.1,185,MA上昇配列 / 52週高値目前
5713,住友金属鉱山,非鉄金属,12.5,★☆☆☆☆,8.8,0.0,0.0,0.0,3.7,0.0,0.0,0.0,,Emerson,-2.9,12.7,5.0,2.9,7002,7785.0,14.6,1.0,21034,Emerson+6.9%連動(β0.51)
7504,高速,卸売業,12.5,★☆☆☆☆,0.0,0.0,3.0,0.0,9.5,0.0,0.0,0.0,,,0.0,26.9,3.7,7.1,3566,3850.0,7.7,0.9,296,MA上昇配列 / パーフェクトオーダー
8008,ヨンドシーホールディングス,小売業,12.5,★☆☆☆☆,0.0,0.0,3.0,0.0,9.5,0.0,0.0,0.0,,,0.0,17.6,2.9,1.9,1935,2054.0,-2.7,0.5,284,資金流入増 / MA上昇配列 / パーフェクトオーダー
9308,乾汽船,海運業,12.5,★☆☆☆☆,0.0,0.0,8.0,0.0,7.5,0.0,0.0,-3.0,,,0.0,39.9,3.1,18.8,1746,1860.0,12.3,3.0,168,出来高急増3.0倍 / 買い出来高優勢 / MA上昇配列 / パーフェクトオーダー / RSI過熱(91)⚠ / 伸びすぎ注意(25MA+19%)
8053,住友商事,卸売業,12.5,★☆☆☆☆,5.8,0.0,2.0,0.0,4.7,0.0,0.0,0.0,,Emerson,-0.1,14.7,2.6,2.3,1529,1611.5,6.4,0.7,17501,Emerson+6.9%連動(β0.33)
9699,ニシオホールディングス,サービス業,12.4,★☆☆☆☆,4.4,0.0,1.0,0.0,7.0,0.0,0.0,0.0,,Emerson,-1.0,19.6,1.7,6.2,4126,4270.0,5.7,0.9,197,Emerson+6.9%連動(β0.26)
7102,日本車輌製造,輸送用機器,12.4,★☆☆☆☆,0.0,0.0,6.7,0.0,5.7,0.0,0.0,0.0,,,0.0,34.7,3.1,13.7,3637,3880.0,8.4,2.2,148,出来高増2.2倍 / 買い出来高優勢
7226,極東開発工業,輸送用機器,12.4,★☆☆☆☆,4.4,0.0,3.3,0.0,4.7,0.0,0.0,0.0,,Emerson,-0.0,21.5,1.7,5.8,2286,2365.0,2.1,0.9,460,Emerson+6.9%連動(β0.25) / 買い出来高優勢
4403,日油,化学,12.4,★☆☆☆☆,4.7,0.0,2.0,0.0,5.7,0.0,0.0,0.0,,Emerson,-1.3,20.5,2.0,3.9,2714,2825.5,4.1,1.0,1741,Emerson+6.9%連動(β0.27)
4169,ＥＮＥＣＨＡＮＧＥ,情報・通信業,12.4,★☆☆☆☆,0.0,0.0,3.3,0.0,6.0,0.0,3.1,0.0,,,0.0,43.7,5.2,10.5,202,226.0,2.7,0.5,171,買い出来高優勢 / 開示[子会社化](3日前) / 開示[子会社化](3日前)
6923,スタンレー電気,電気機器,12.4,★☆☆☆☆,3.4,0.0,2.0,0.0,7.0,0.0,0.0,0.0,,GM,0.1,11.2,2.1,0.6,3412,3562.0,1.7,1.4,1987,GM+6.0%連動(β0.21) / MA上昇配列 / パーフェクトオーダー
5851,リョービ,非鉄金属,12.399999999999999,★☆☆☆☆,8.7,0.0,0.0,0.0,3.7,0.0,0.0,0.0,,Emerson,0.8,5.5,1.7,-0.7,2456,2544.0,3.2,0.9,276,Emerson+6.9%連動(β0.36) 未反応+0.8%
7148,ＦＰＧ,証券、商品先物取引業,12.3,★☆☆☆☆,0.0,0.0,4.3,0.0,8.0,0.0,0.0,0.0,,,0.0,18.4,1.6,4.5,1573,1626.0,3.8,1.3,674,買い出来高優勢 / MA上昇配列
4661,オリエンタルランド,サービス業,12.3,★☆☆☆☆,0.0,0.0,4.3,0.0,8.0,0.0,0.0,0.0,,,0.0,28.8,3.2,10.2,2649,2831.5,3.7,1.3,15897,買い出来高優勢 / MA上昇配列
2327,日鉄ソリューションズ,情報・通信業,12.3,★☆☆☆☆,0.0,0.0,3.3,0.0,9.0,0.0,0.0,0.0,,,0.0,30.7,2.8,8.3,3687,3904.0,1.7,1.2,1020,買い出来高優勢 / MA上昇配列
5122,オカモト,ゴム製品,12.3,★☆☆☆☆,0.0,0.0,4.3,0.0,8.0,0.0,0.0,0.0,,,0.0,18.5,2.3,5.6,5443,5700.0,7.5,1.3,101,買い出来高優勢
9997,ベルーナ,小売業,12.3,★☆☆☆☆,0.0,0.0,3.3,0.0,9.0,0.0,0.0,0.0,,,0.0,25.0,1.8,7.8,1042,1081.0,1.7,1.2,269,買い出来高優勢 / MA上昇配列 / 52週高値目前 / RSI過熱(87)⚠
8058,三菱商事,卸売業,12.3,★☆☆☆☆,5.0,0.0,0.0,0.0,7.0,0.0,0.3,0.0,,Emerson,-1.9,20.8,2.8,6.8,4580,4847.0,9.0,0.8,37295,Emerson+6.9%連動(β0.29) / 開示[子会社化](12日前)
7202,いすゞ自動車,輸送用機器,12.2,★☆☆☆☆,3.5,0.0,1.0,0.0,7.7,0.0,0.0,0.0,,GM,-2.0,20.5,2.6,5.4,2284,2410.0,3.7,1.4,6124,GM+6.0%連動(β0.24) / MA上昇配列
7278,エクセディ,輸送用機器,12.2,★☆☆☆☆,0.0,0.0,0.0,0.0,12.2,0.0,0.0,0.0,,,0.0,15.9,1.6,3.1,5911,6110.0,4.3,1.1,953,MA上昇配列 / パーフェクトオーダー / 52週高値目前
5384,フジミインコーポレーテッド,ガラス・土石製品,12.1,★☆☆☆☆,9.1,0.0,2.0,0.0,1.0,0.0,0.0,0.0,,Emerson,0.6,0.6,5.8,-5.3,3618,4095.0,3.4,1.3,1573,Emerson+6.9%連動(β0.41) 未反応+0.6%
6273,ＳＭＣ,機械,12.1,★☆☆☆☆,11.1,0.0,0.0,0.0,1.0,0.0,0.0,0.0,,Emerson,1.2,11.0,4.2,-1.0,65724,71800.0,3.7,0.7,20467,Emerson+6.9%連動(β0.44) 未反応+1.2%
5801,古河電気工業,非鉄金属,12.1,★☆☆☆☆,0.0,12.1,0.0,0.0,0.0,0.0,0.0,0.0,,,0.0,-16.9,8.1,-17.7,2746,3277.0,0.5,0.6,67318,光通信・電線(+3.0%)
7951,ヤマハ,その他製品,12.0,★☆☆☆☆,0.0,0.0,2.0,0.0,10.0,0.0,0.0,0.0,,,0.0,20.5,2.0,6.5,1204,1255.5,2.4,1.3,2248,MA上昇配列 / パーフェクトオーダー
7867,タカラトミー,その他製品,12.0,★☆☆☆☆,0.0,0.0,2.0,0.0,10.0,0.0,0.0,0.0,,,0.0,21.3,3.0,7.1,3324,3539.0,0.2,0.8,2089,MA上昇配列 / パーフェクトオーダー
7296,エフ・シー・シー,輸送用機器,12.0,★☆☆☆☆,0.0,0.0,0.0,0.0,12.0,0.0,0.0,0.0,,,0.0,16.8,1.7,5.7,3558,3685.0,5.7,1.2,293,MA上昇配列 / パーフェクトオーダー
6460,セガサミーホールディングス,機械,12.0,★☆☆☆☆,0.0,0.0,4.0,0.0,8.0,0.0,0.0,0.0,,,0.0,33.2,2.9,12.7,2511,2664.0,6.2,1.6,2037,MA上昇配列
3003,ヒューリック,不動産業,12.0,★☆☆☆☆,0.0,0.0,1.0,0.0,11.0,0.0,0.0,0.0,,,0.0,19.8,1.8,5.2,1770,1835.0,2.6,1.2,4614,MA上昇配列 / パーフェクトオーダー
8410,セブン銀行,銀行業,12.0,★☆☆☆☆,0.0,0.0,3.3,0.0,8.7,0.0,0.0,0.0,,,0.0,26.1,1.8,9.0,308,320.1000061035156,5.7,1.2,1677,買い出来高優勢 / MA上昇配列
8291,日産東京販売ホールディングス,小売業,12.0,★☆☆☆☆,0.0,0.0,0.0,0.0,12.0,0.0,0.0,0.0,,,0.0,14.7,1.6,2.4,550,568.0,4.2,0.5,111,MA上昇配列 / パーフェクトオーダー
8200,リンガーハット,小売業,12.0,★☆☆☆☆,0.0,0.0,2.0,0.0,10.0,0.0,0.0,0.0,,,0.0,20.1,2.4,5.8,2242,2356.0,2.3,0.7,400,MA上昇配列
5631,日本製鋼所,機械,12.0,★☆☆☆☆,10.0,0.0,2.0,0.0,0.0,0.0,0.0,0.0,,Emerson,0.5,10.1,4.5,-2.2,6988,7678.0,4.7,0.6,7295,Emerson+6.9%連動(β0.49) 未反応+0.5%
3864,三菱製紙,パルプ・紙,12.0,★☆☆☆☆,0.0,0.0,0.0,0.0,12.0,0.0,0.0,0.0,,,0.0,21.5,4.4,8.3,1050,1151.0,5.4,0.7,279,MA上昇配列 / パーフェクトオーダー
6455,モリタホールディングス,輸送用機器,12.0,★☆☆☆☆,4.0,0.0,1.0,0.0,7.0,0.0,0.0,0.0,,Emerson,-1.5,13.6,1.7,3.9,2428,2514.0,4.8,1.4,159,Emerson+6.9%連動(β0.23)
4526,理研ビタミン,食料品,12.0,★☆☆☆☆,0.0,0.0,1.0,0.0,11.0,0.0,0.0,0.0,,,0.0,13.8,1.5,2.1,3077,3175.0,0.6,1.3,187,MA上昇配列 / パーフェクトオーダー / 52週高値目前
7864,フジシールインターナショナル,その他製品,12.0,★☆☆☆☆,0.0,0.0,2.0,0.0,10.0,0.0,0.0,0.0,,,0.0,19.6,1.9,5.9,2999,3115.0,3.8,1.0,439,MA上昇配列
9010,富士急行,陸運業,12.0,★☆☆☆☆,0.0,0.0,2.0,0.0,10.0,0.0,0.0,0.0,,,0.0,19.2,2.6,6.3,2595,2736.0,3.7,1.2,442,MA上昇配列 / パーフェクトオーダー
9007,小田急電鉄,陸運業,12.0,★☆☆☆☆,0.0,0.0,2.0,0.0,10.0,0.0,0.0,0.0,,,0.0,18.3,1.8,5.0,1718,1782.5,1.5,1.1,2360,MA上昇配列 / パーフェクトオーダー
2874,横浜冷凍,卸売業,12.0,★☆☆☆☆,0.0,0.0,2.0,0.0,10.0,0.0,0.0,0.0,,,0.0,19.0,5.1,3.3,1942,2161.0,-2.2,0.6,452,MA上昇配列 / パーフェクトオーダー
7458,第一興商,卸売業,12.0,★☆☆☆☆,0.0,0.0,2.0,0.0,10.0,0.0,0.0,0.0,,,0.0,19.6,1.9,4.9,1754,1821.5,1.6,1.3,424,MA上昇配列 / パーフェクトオーダー
7550,ゼンショーホールディングス,小売業,12.0,★☆☆☆☆,0.0,0.0,2.0,0.0,10.0,0.0,0.0,0.0,,,0.0,33.0,3.1,12.2,9104,9696.0,4.2,1.3,5177,MA上昇配列
4324,電通グループ,サービス業,12.0,★☆☆☆☆,0.0,0.0,2.0,0.0,10.0,0.0,0.0,0.0,,,0.0,27.4,2.9,9.0,3352,3561.0,1.6,1.1,3817,MA上昇配列 / パーフェクトオーダー
4612,日本ペイントホールディングス,化学,12.0,★☆☆☆☆,0.0,0.0,1.0,0.0,11.0,0.0,0.0,0.0,,,0.0,21.9,2.4,7.6,1106,1162.5,6.0,1.1,4126,MA上昇配列 / パーフェクトオーダー
6080,Ｍ＆Ａキャピタルパートナーズ,サービス業,12.0,★☆☆☆☆,0.0,0.0,2.0,0.0,10.0,0.0,0.0,0.0,,,0.0,22.4,2.0,5.6,3636,3785.0,3.4,1.2,297,MA上昇配列 / パーフェクトオーダー
9889,ＪＢＣＣホールディングス,情報・通信業,12.0,★☆☆☆☆,0.0,0.0,3.3,0.0,8.7,0.0,0.0,0.0,,,0.0,38.2,2.8,14.7,1460,1545.0,8.3,1.2,255,買い出来高優勢 / MA上昇配列
6278,ユニオンツール,機械,12.0,★☆☆☆☆,12.0,0.0,0.0,0.0,0.0,0.0,0.0,0.0,,Emerson,1.6,-8.8,8.0,-12.8,15086,17970.0,4.2,0.7,5284,Emerson+6.9%連動(β0.42) 未反応+1.6%
2170,リンクアンドモチベーション,サービス業,12.0,★☆☆☆☆,0.0,0.0,2.0,0.0,10.0,0.0,0.0,0.0,,,0.0,26.3,2.6,6.6,579,610.0,2.2,1.1,239,MA上昇配列 / パーフェクトオーダー
6535,アイモバイル,サービス業,12.0,★☆☆☆☆,0.0,0.0,4.0,0.0,8.0,0.0,0.0,0.0,,,0.0,21.1,2.0,4.8,520,542.0,2.8,1.7,283,MA上昇配列
6572,オープングループ,サービス業,12.0,★☆☆☆☆,0.0,0.0,4.0,0.0,8.0,0.0,0.0,0.0,,,0.0,32.3,4.9,9.5,218,242.0,-10.4,0.7,109,資金流入増 / MA上昇配列
1814,大末建設,建設業,12.0,★☆☆☆☆,0.0,0.0,3.0,0.0,9.0,0.0,0.0,0.0,,,0.0,26.5,2.4,8.2,3529,3705.0,6.2,1.3,252,MA上昇配列
1928,積水ハウス,建設業,12.0,★☆☆☆☆,0.0,0.0,2.0,0.0,10.0,0.0,0.0,0.0,,,0.0,19.7,1.4,5.6,3538,3639.0,2.6,1.3,9677,MA上昇配列
5445,東京鐵鋼,鉄鋼,12.0,★☆☆☆☆,0.0,0.0,2.0,0.0,10.0,0.0,0.0,0.0,,,0.0,18.5,1.4,4.4,1910,1965.0,2.7,0.9,219,MA上昇配列
7984,コクヨ,その他製品,12.0,★☆☆☆☆,0.0,0.0,3.3,0.0,8.7,0.0,0.0,0.0,,,0.0,18.0,1.5,5.7,857,883.0999755859375,3.1,1.2,785,買い出来高優勢 / MA上昇配列
8130,サンゲツ,卸売業,12.0,★☆☆☆☆,0.0,0.0,2.0,0.0,10.0,0.0,0.0,0.0,,,0.0,15.3,1.2,3.6,3012,3085.0,2.7,1.4,573,MA上昇配列
8174,日本瓦斯,小売業,12.0,★☆☆☆☆,0.0,0.0,2.0,0.0,10.0,0.0,0.0,0.0,,,0.0,14.0,1.7,2.6,2824,2924.5,1.1,0.7,759,MA上昇配列
8160,木曽路,小売業,12.0,★☆☆☆☆,0.0,0.0,2.0,0.0,10.0,0.0,0.0,0.0,,,0.0,15.5,1.5,2.8,2353,2428.0,0.4,1.1,173,MA上昇配列
8218,コメリ,小売業,12.0,★☆☆☆☆,0.0,0.0,0.0,0.0,12.0,0.0,0.0,0.0,,,0.0,11.6,1.7,2.6,3466,3590.0,1.8,1.2,231,MA上昇配列 / パーフェクトオーダー
9064,ヤマトホールディングス,陸運業,12.0,★☆☆☆☆,0.0,0.0,4.0,0.0,8.0,0.0,0.0,0.0,,,0.0,24.3,1.9,7.3,1988,2067.5,3.2,1.5,2371,MA上昇配列
2157,コシダカホールディングス,サービス業,12.0,★☆☆☆☆,0.0,0.0,4.0,0.0,8.0,0.0,0.0,0.0,,,0.0,25.6,2.3,7.2,1017,1067.0,0.8,1.4,586,MA上昇配列
4095,日本パーカライジング,化学,12.0,★☆☆☆☆,6.0,0.0,0.0,0.0,6.0,0.0,0.0,0.0,,Emerson,0.7,8.5,1.8,0.2,1624,1684.0,2.6,0.8,347,Emerson+6.9%連動(β0.23) 未反応+0.7% / MA上昇配列 / パーフェクトオーダー
7917,ＺＡＣＲＯＳ,化学,12.0,★☆☆☆☆,0.0,0.0,0.0,0.0,12.0,0.0,0.0,0.0,,,0.0,13.9,3.1,2.8,1308,1394.0,0.5,0.7,230,MA上昇配列 / パーフェクトオーダー
4208,ＵＢＥ,化学,12.0,★☆☆☆☆,0.0,0.0,1.0,0.0,11.0,0.0,0.0,0.0,,,0.0,16.6,2.1,3.8,3189,3326.0,3.7,1.1,2579,MA上昇配列 / パーフェクトオーダー / 52週高値目前
7936,アシックス,その他製品,12.0,★☆☆☆☆,0.0,0.0,0.0,0.0,12.0,0.0,0.0,0.0,,,0.0,22.3,3.1,6.8,4642,4951.0,1.1,0.7,15053,MA上昇配列 / パーフェクトオーダー
325A,ＴＥＮＴＩＡＬ,繊維製品,12.0,★☆☆☆☆,0.0,0.0,4.0,0.0,8.0,0.0,0.0,0.0,,,0.0,32.0,6.4,13.5,1458,1672.0,2.4,0.3,771,資金流入増 / MA上昇配列
3284,フージャースホールディングス,不動産業,12.0,★☆☆☆☆,0.0,0.0,2.0,0.0,10.0,0.0,0.0,0.0,,,0.0,17.5,1.4,3.3,1217,1251.0,1.9,0.9,172,MA上昇配列
5410,合同製鐵,鉄鋼,11.9,★☆☆☆☆,5.2,0.0,2.0,0.0,4.7,0.0,0.0,0.0,,Emerson,-1.8,19.6,1.6,6.0,2733,2823.0,5.6,1.1,249,Emerson+6.9%連動(β0.30)
4275,カーリット,化学,11.9,★☆☆☆☆,6.4,0.0,2.0,0.0,3.5,0.0,0.0,0.0,,Emerson,-1.7,22.7,5.1,4.7,2170,2419.0,10.5,0.9,498,Emerson+6.9%連動(β0.37)
7593,ＶＴホールディングス,小売業,11.9,★☆☆☆☆,3.2,0.0,1.0,0.0,7.7,0.0,0.0,0.0,,Emerson,-0.4,19.6,1.4,5.3,476,489.0,3.6,0.8,173,Emerson+6.9%連動(β0.19) / MA上昇配列
5889,Ｊａｐａｎ　Ｅｙｅｗｅａｒ　Ｈｏｌｄｉｎｇｓ,小売業,11.8,★☆☆☆☆,0.0,0.0,4.3,0.0,7.5,0.0,0.0,0.0,,,0.0,25.6,3.3,6.3,2348,2514.0,8.2,1.5,331,買い出来高優勢 / MA上昇配列 / パーフェクトオーダー
3036,アルコニックス,卸売業,11.8,★☆☆☆☆,4.8,0.0,0.0,0.0,7.0,0.0,0.0,0.0,,Emerson,-2.8,18.7,2.4,5.5,2501,2625.0,7.1,1.1,242,Emerson+6.9%連動(β0.28)
3276,ＪＰＭＣ,不動産業,11.8,★☆☆☆☆,0.0,0.0,5.3,0.0,9.5,0.0,0.0,-3.0,,,0.0,51.2,4.7,19.7,1628,1795.0,0.8,0.7,225,買い出来高優勢 / 資金流入増 / MA上昇配列 / パーフェクトオーダー / RSI過熱(96)⚠ / 伸びすぎ注意(25MA+20%)
3106,倉敷紡績,繊維製品,11.8,★☆☆☆☆,0.0,0.0,3.3,0.0,8.5,0.0,0.0,0.0,,,0.0,10.2,4.0,1.0,9439,10250.0,4.0,2.5,371,出来高増2.5倍 / MA上昇配列 / パーフェクトオーダー
1979,大氣社,建設業,11.7,★☆☆☆☆,9.7,0.0,1.0,0.0,1.0,0.0,0.0,0.0,,Emerson,1.8,1.9,3.5,-4.8,4201,4515.0,0.8,1.3,1259,Emerson+6.9%連動(β0.25) 未反応+1.8%
7860,エイベックス,情報・通信業,11.7,★☆☆☆☆,0.0,0.0,2.0,0.0,9.7,0.0,0.0,0.0,,,0.0,20.5,1.7,5.7,1261,1305.0,2.4,1.4,212,MA上昇配列 / パーフェクトオーダー
7537,丸文,卸売業,11.7,★☆☆☆☆,0.0,0.0,1.0,0.0,10.7,0.0,0.0,0.0,,,0.0,14.3,3.3,1.9,1597,1711.0,6.2,1.1,156,MA上昇配列 / パーフェクトオーダー
8704,トレイダーズホールディングス,証券、商品先物取引業,11.7,★☆☆☆☆,0.0,0.0,2.0,0.0,9.7,0.0,0.0,0.0,,,0.0,22.1,3.3,3.6,1196,1280.0,3.1,1.0,108,MA上昇配列 / パーフェクトオーダー / 52週高値目前
8022,美津濃,その他製品,11.7,★☆☆☆☆,0.0,0.0,2.0,0.0,9.7,0.0,0.0,0.0,,,0.0,18.4,3.1,5.8,3476,3710.0,0.8,0.7,676,MA上昇配列 / パーフェクトオーダー
2871,ニチレイ,食料品,11.7,★☆☆☆☆,0.0,0.0,2.0,0.0,9.7,0.0,0.0,0.0,,,0.0,11.0,3.3,2.9,2048,2195.5,2.8,0.7,4423,MA上昇配列 / パーフェクトオーダー / 52週高値目前
1379,ホクト,水産・農林業,11.7,★☆☆☆☆,0.0,0.0,3.0,0.0,8.7,0.0,0.0,0.0,,,0.0,17.1,1.2,3.0,1909,1954.0,1.6,1.3,144,MA上昇配列
7433,伯東,卸売業,11.7,★☆☆☆☆,0.0,0.0,2.0,0.0,9.7,0.0,0.0,0.0,,,0.0,13.5,2.0,2.4,4492,4675.0,6.2,1.4,298,MA上昇配列 / パーフェクトオーダー
6617,東光高岳,電気機器,11.7,★☆☆☆☆,0.0,0.0,2.0,0.0,9.7,0.0,0.0,0.0,,,0.0,12.9,5.5,2.0,7020,7890.0,3.1,1.2,1026,MA上昇配列 / パーフェクトオーダー
4045,東亞合成,化学,11.7,★☆☆☆☆,0.0,0.0,1.0,0.0,10.7,0.0,0.0,0.0,,,0.0,14.0,1.7,3.2,1741,1801.5,4.5,1.3,461,MA上昇配列 / パーフェクトオーダー
9042,阪急阪神ホールディングス,陸運業,11.6,★☆☆☆☆,0.0,0.0,3.0,0.0,8.0,0.0,0.6,0.0,,,0.0,29.2,2.4,8.5,4667,4902.0,4.8,1.4,5393,開示[自己株式の取得](11日前)
3817,ＳＲＡホールディングス,情報・通信業,11.6,★☆☆☆☆,0.0,0.0,2.0,0.0,7.0,0.0,2.6,0.0,,,0.0,14.9,2.1,2.6,4436,4630.0,2.4,1.7,196,開示[自己株式の取得](6日前) / 開示[自己株式の取得](10日前)
4008,住友精化,化学,11.6,★☆☆☆☆,10.6,0.0,0.0,0.0,1.0,0.0,0.0,0.0,,Emerson,2.0,10.3,2.4,-0.8,1221,1283.0,1.2,0.9,224,Emerson+6.9%連動(β0.26) 未反応+2.0%
8923,トーセイ,不動産業,11.5,★☆☆☆☆,0.0,0.0,2.0,0.0,9.5,0.0,0.0,0.0,,,0.0,17.2,3.2,2.8,1675,1790.0,0.4,0.9,467,MA上昇配列 / パーフェクトオーダー
2175,エス・エム・エス,サービス業,11.5,★☆☆☆☆,0.0,0.0,4.0,0.0,7.5,0.0,0.0,0.0,,,0.0,24.7,3.5,4.1,2231,2400.0,-1.4,1.6,1237,MA上昇配列 / パーフェクトオーダー
3544,サツドラホールディングス,小売業,11.5,★☆☆☆☆,0.0,0.0,2.0,0.0,9.5,0.0,0.0,0.0,,,0.0,11.1,0.7,2.2,1240,1258.0,2.9,0.5,299,資金流入増 / MA上昇配列 / パーフェクトオーダー
3076,あい　ホールディングス,卸売業,11.5,★☆☆☆☆,0.0,0.0,2.0,0.0,9.5,0.0,0.0,0.0,,,0.0,16.7,1.6,5.6,2740,2831.0,5.4,1.7,412,52週高値目前
6454,マックス,機械,11.5,★☆☆☆☆,0.0,0.0,2.0,0.0,9.5,0.0,0.0,0.0,,,0.0,14.1,1.8,3.2,1701,1766.0,3.2,2.0,352,MA上昇配列 / パーフェクトオーダー
4743,アイティフォー,情報・通信業,11.5,★☆☆☆☆,0.0,0.0,2.0,0.0,9.5,0.0,0.0,0.0,,,0.0,19.2,1.7,4.8,1668,1727.0,4.3,1.1,115,52週高値目前
7459,メディパルホールディングス,卸売業,11.5,★☆☆☆☆,0.0,0.0,3.3,0.0,8.0,0.0,0.2,0.0,,,0.0,23.1,2.5,8.5,2806,2951.5,3.6,0.8,1105,買い出来高優勢 / 開示[業績予想の修正](13日前)
4220,リケンテクノス,化学,11.5,★☆☆☆☆,0.0,0.0,2.0,0.0,9.5,0.0,0.0,0.0,,,0.0,19.8,2.8,3.2,1730,1831.0,3.1,0.6,188,MA上昇配列 / パーフェクトオーダー
5929,三和ホールディングス,金属製品,11.4,★☆☆☆☆,4.7,0.0,0.0,0.0,6.7,0.0,0.0,0.0,,Emerson,-1.4,15.3,1.8,3.9,3756,3899.0,3.5,0.9,1993,Emerson+6.9%連動(β0.27) / MA上昇配列
6370,栗田工業,機械,11.4,★☆☆☆☆,7.4,0.0,2.0,0.0,2.0,0.0,0.0,0.0,,Emerson,0.5,9.6,3.7,-1.4,8306,8978.0,4.7,0.8,3940,Emerson+6.9%連動(β0.35)
5938,ＬＩＸＩＬ,金属製品,11.3,★☆☆☆☆,4.1,0.0,3.0,0.0,4.2,0.0,0.0,0.0,,Emerson,-0.4,18.0,2.0,3.8,1823,1900.0,1.4,1.3,3686,Emerson+6.9%連動(β0.23) / MA上昇配列
2216,カンロ,食料品,11.3,★☆☆☆☆,0.0,0.0,3.3,0.0,8.0,0.0,0.0,0.0,,,0.0,24.1,3.1,7.5,1160,1236.0,0.7,0.7,108,買い出来高優勢 / MA上昇配列
3479,ＴＫＰ,不動産業,11.3,★☆☆☆☆,0.0,0.0,3.3,0.0,8.0,0.0,0.0,0.0,,,0.0,19.5,3.1,5.6,1735,1850.0,4.4,0.7,291,買い出来高優勢 / MA上昇配列
5988,パイオラックス,金属製品,11.3,★☆☆☆☆,0.0,0.0,3.3,0.0,8.0,0.0,0.0,0.0,,,0.0,20.1,1.4,5.0,1657,1705.0,2.3,0.9,131,買い出来高優勢 / MA上昇配列
4765,ＳＢＩグローバルアセットマネジメント,サービス業,11.3,★☆☆☆☆,0.0,0.0,3.3,0.0,5.0,0.0,3.0,0.0,,,0.0,13.0,1.5,0.5,556,574.0,-0.9,2.6,189,出来高増2.6倍 / 開示[増配](0日前)
6770,アルプスアルパイン,電気機器,11.3,★☆☆☆☆,0.0,0.0,3.3,0.0,8.0,0.0,0.0,0.0,,,0.0,23.5,3.0,6.4,2103,2235.5,8.6,1.0,3371,買い出来高優勢
9602,東宝,情報・通信業,11.3,★☆☆☆☆,0.0,0.0,5.3,0.0,6.0,0.0,0.0,0.0,,,0.0,28.2,3.3,10.6,1384,1482.5,3.7,1.9,6206,買い出来高優勢
4204,積水化学工業,化学,11.3,★☆☆☆☆,3.8,0.0,0.0,0.0,7.5,0.0,0.0,0.0,,Emerson,-2.0,16.8,1.6,4.6,2650,2735.0,2.6,0.9,5284,Emerson+6.9%連動(β0.22) / MA上昇配列
6637,寺崎電気産業,電気機器,11.3,★☆☆☆☆,0.0,0.0,5.3,0.0,6.0,0.0,0.0,0.0,,,0.0,37.7,4.0,13.6,3832,4165.0,12.1,1.8,204,買い出来高優勢
5440,共英製鋼,鉄鋼,11.100000000000001,★☆☆☆☆,5.4,0.0,1.0,0.0,4.7,0.0,0.0,0.0,,Emerson,-0.5,21.6,1.5,7.2,1871,1930.0,5.0,1.0,205,Emerson+6.9%連動(β0.31)
2768,双日,卸売業,11.1,★☆☆☆☆,5.1,0.0,0.0,0.0,6.0,0.0,0.0,0.0,,Emerson,-1.2,13.8,2.4,4.1,5187,5446.0,7.4,0.9,6028,Emerson+6.9%連動(β0.29)
8214,ＡＯＫＩホールディングス,小売業,11.0,★☆☆☆☆,0.0,0.0,1.0,0.0,10.0,0.0,0.0,0.0,,,0.0,16.5,1.4,3.4,1677,1725.0,0.9,1.0,268,MA上昇配列
2502,アサヒグループホールディングス,食料品,11.0,★☆☆☆☆,0.0,0.0,2.0,0.0,9.0,0.0,0.0,0.0,,,0.0,19.6,2.5,5.9,1592,1674.0,4.4,1.0,11616,MA上昇配列
7575,日本ライフライン,卸売業,11.0,★☆☆☆☆,0.0,0.0,4.0,0.0,7.0,0.0,0.0,0.0,,,0.0,21.4,1.5,5.8,1375,1418.0,3.7,1.6,193,-
4958,長谷川香料,化学,11.0,★☆☆☆☆,0.0,0.0,0.0,0.0,11.0,0.0,0.0,0.0,,,0.0,13.0,1.5,1.6,3194,3290.0,-0.3,0.8,174,MA上昇配列 / パーフェクトオーダー / 52週高値目前
3391,ツルハホールディングス,小売業,11.0,★☆☆☆☆,0.0,0.0,2.0,0.0,9.0,0.0,0.0,0.0,,,0.0,34.7,3.0,11.6,2328,2479.0,4.1,0.6,4860,MA上昇配列
5644,メタルアート,鉄鋼,11.0,★☆☆☆☆,0.0,0.0,0.0,0.0,11.0,0.0,0.0,0.0,,,0.0,12.3,0.5,0.8,7644,7720.0,0.0,0.7,202,MA上昇配列 / パーフェクトオーダー / 52週高値目前
4194,ビジョナル,情報・通信業,11.0,★☆☆☆☆,0.0,0.0,3.0,0.0,8.0,0.0,0.0,0.0,,,0.0,34.9,3.1,12.9,8505,9060.0,6.8,1.4,1805,MA上昇配列
3911,Ａｉｍｉｎｇ,情報・通信業,11.0,★☆☆☆☆,0.0,0.0,3.0,0.0,8.0,0.0,0.0,0.0,,,0.0,23.9,3.2,8.6,200,214.0,8.1,1.5,114,MA上昇配列
9005,東急,陸運業,11.0,★☆☆☆☆,0.0,0.0,2.0,0.0,9.0,0.0,0.0,0.0,,,0.0,17.8,1.8,5.0,1728,1792.0,1.1,1.1,3760,MA上昇配列
9436,沖縄セルラー電話,情報・通信業,11.0,★☆☆☆☆,0.0,0.0,0.0,0.0,11.0,0.0,0.0,0.0,,,0.0,15.1,1.8,2.3,3709,3845.0,2.9,0.9,359,MA上昇配列 / パーフェクトオーダー / 52週高値目前
2681,ゲオホールディングス,小売業,11.0,★☆☆☆☆,0.0,0.0,0.0,0.0,11.0,0.0,0.0,0.0,,,0.0,14.0,2.6,3.3,1990,2101.0,3.8,0.6,312,MA上昇配列 / パーフェクトオーダー
8016,オンワードホールディングス,繊維製品,11.0,★☆☆☆☆,0.0,0.0,3.0,0.0,8.0,0.0,0.0,0.0,,,0.0,15.8,1.8,4.1,737,764.0,2.8,1.3,587,-
4221,大倉工業,化学,11.0,★☆☆☆☆,0.0,0.0,1.0,0.0,10.0,0.0,0.0,0.0,,,0.0,17.9,1.7,5.2,5009,5190.0,5.5,0.9,214,MA上昇配列
7419,ノジマ,小売業,11.0,★☆☆☆☆,0.0,0.0,0.0,0.0,11.0,0.0,0.0,0.0,,,0.0,19.4,2.9,6.7,1358,1443.0,7.8,0.7,1068,MA上昇配列 / パーフェクトオーダー
7616,コロワイド,小売業,11.0,★☆☆☆☆,0.0,0.0,1.0,0.0,10.0,0.0,0.0,0.0,,,0.0,21.1,2.1,5.8,1903,1988.5,0.1,1.2,749,MA上昇配列 / パーフェクトオーダー
7516,コーナン商事,小売業,11.0,★☆☆☆☆,0.0,0.0,3.0,0.0,8.0,0.0,0.0,0.0,,,0.0,16.0,2.2,4.0,4071,4260.0,2.0,0.9,439,-
7172,ジャパンインベストメントアドバイザー,証券、商品先物取引業,11.0,★☆☆☆☆,0.0,0.0,0.0,0.0,11.0,0.0,0.0,0.0,,,0.0,16.3,2.0,2.6,2039,2124.0,3.6,1.2,630,MA上昇配列 / パーフェクトオーダー
9743,丹青社,サービス業,11.0,★☆☆☆☆,0.0,0.0,4.0,0.0,7.0,0.0,0.0,0.0,,,0.0,18.6,1.4,4.3,1398,1438.0,2.8,1.9,641,-
6023,ダイハツインフィニアース,輸送用機器,11.0,★☆☆☆☆,0.0,0.0,5.3,0.0,5.7,0.0,0.0,0.0,,,0.0,22.4,3.9,6.5,2618,2840.0,9.1,2.2,364,出来高増2.2倍
2109,ＤＭ三井製糖,食料品,11.0,★☆☆☆☆,0.0,0.0,3.0,0.0,8.0,0.0,0.0,0.0,,,0.0,17.4,1.3,4.2,3351,3440.0,2.5,1.4,123,-
2004,昭和産業,食料品,11.0,★☆☆☆☆,0.0,0.0,0.0,0.0,11.0,0.0,0.0,0.0,,,0.0,14.4,2.1,2.6,3380,3525.0,-0.4,0.7,203,MA上昇配列 / パーフェクトオーダー / 52週高値目前
2153,Ｅ・Ｊホールディングス,サービス業,11.0,★☆☆☆☆,0.0,0.0,1.0,0.0,10.0,0.0,0.0,0.0,,,0.0,21.8,2.1,5.2,1691,1764.0,-0.2,0.6,120,MA上昇配列
9757,船井総研ホールディングス,サービス業,11.0,★☆☆☆☆,0.0,0.0,2.0,0.0,9.0,0.0,0.0,0.0,,,0.0,17.9,1.5,3.8,1101,1134.0,0.6,1.0,471,MA上昇配列
9142,九州旅客鉄道,陸運業,11.0,★☆☆☆☆,0.0,0.0,3.0,0.0,8.0,0.0,0.0,0.0,,,0.0,18.0,1.5,4.8,3619,3728.0,2.5,1.4,2076,-
7630,壱番屋,小売業,11.0,★☆☆☆☆,0.0,0.0,3.0,0.0,8.0,0.0,0.0,0.0,,,0.0,17.4,1.7,3.9,896,928.0,2.0,1.6,335,MA上昇配列
4816,東映アニメーション,情報・通信業,11.0,★☆☆☆☆,0.0,0.0,3.0,0.0,8.0,0.0,0.0,0.0,,,0.0,35.0,3.3,11.3,2681,2870.0,2.5,1.3,911,MA上昇配列
4665,ダスキン,サービス業,11.0,★☆☆☆☆,0.0,0.0,0.0,0.0,11.0,0.0,0.0,0.0,,,0.0,16.2,1.7,2.8,4378,4532.0,-0.1,0.9,398,MA上昇配列 / パーフェクトオーダー / 52週高値目前
3475,グッドコムアセット,不動産業,11.0,★☆☆☆☆,0.0,0.0,4.0,0.0,7.0,0.0,0.0,0.0,,,0.0,19.2,1.5,4.5,1487,1534.0,4.5,1.7,109,-
7309,シマノ,輸送用機器,11.0,★☆☆☆☆,0.0,0.0,1.0,0.0,10.0,0.0,0.0,0.0,,,0.0,19.5,2.8,8.0,17971,19050.0,1.6,1.2,5793,MA上昇配列 / パーフェクトオーダー
6412,平和,機械,11.0,★☆☆☆☆,0.0,0.0,2.0,0.0,9.0,0.0,0.0,0.0,,,0.0,15.6,1.5,3.7,2038,2099.0,4.2,1.9,433,MA上昇配列
7270,ＳＵＢＡＲＵ,輸送用機器,11.0,★☆☆☆☆,0.0,0.0,3.0,0.0,8.0,0.0,0.0,0.0,,,0.0,21.6,1.9,6.7,2562,2663.5,5.1,1.3,9096,MA上昇配列
6419,マースグループホールディングス,機械,11.0,★☆☆☆☆,0.0,0.0,2.0,0.0,9.0,0.0,0.0,0.0,,,0.0,20.1,1.2,3.4,3089,3165.0,1.4,0.7,188,MA上昇配列
6474,不二越,機械,11.0,★☆☆☆☆,8.8,0.0,1.0,0.0,1.0,0.0,0.2,0.0,,Emerson,1.0,8.2,6.2,-4.3,5094,5810.0,-0.7,0.7,960,Emerson+6.9%連動(β0.33) 未反応+1.0% / 開示[業績予想の修正](13日前)
6226,守谷輸送機工業,機械,11.0,★☆☆☆☆,0.0,0.0,2.0,0.0,9.0,0.0,0.0,0.0,,,0.0,25.3,5.5,7.2,2281,2565.0,4.6,0.7,450,MA上昇配列
9101,日本郵船,海運業,11.0,★☆☆☆☆,0.0,0.0,4.3,0.0,6.7,0.0,0.0,0.0,,,0.0,26.1,2.5,11.7,5768,6076.0,6.5,1.4,15087,買い出来高優勢
9692,シーイーシー,情報・通信業,11.0,★☆☆☆☆,0.0,0.0,1.0,0.0,10.0,0.0,0.0,0.0,,,0.0,21.6,1.8,5.9,2200,2283.0,4.8,0.8,219,MA上昇配列
1786,オリエンタル白石,建設業,11.0,★☆☆☆☆,0.0,0.0,2.0,0.0,9.0,0.0,0.0,0.0,,,0.0,20.5,2.1,5.9,356,371.0,5.1,1.2,178,MA上昇配列
3034,クオールホールディングス,小売業,11.0,★☆☆☆☆,0.0,0.0,3.3,0.0,7.7,0.0,0.0,0.0,,,0.0,27.5,1.9,7.4,2047,2128.0,2.2,1.0,301,買い出来高優勢 / MA上昇配列
2501,サッポロホールディングス,食料品,11.0,★☆☆☆☆,0.0,0.0,0.0,0.0,11.0,0.0,0.0,0.0,,,0.0,11.3,3.9,3.9,1898,2058.0,0.6,0.8,2656,MA上昇配列 / パーフェクトオーダー / 52週高値目前
3182,オイシックス・ラ・大地,小売業,11.0,★☆☆☆☆,0.0,0.0,3.0,0.0,8.0,0.0,0.0,0.0,,,0.0,22.9,2.8,7.7,1552,1645.0,5.7,1.3,115,MA上昇配列
2181,パーソルホールディングス,サービス業,11.0,★☆☆☆☆,0.0,0.0,2.0,0.0,9.0,0.0,0.0,0.0,,,0.0,20.1,1.9,4.8,256,266.0,-0.0,1.0,1726,MA上昇配列
9020,東日本旅客鉄道,陸運業,11.0,★☆☆☆☆,0.0,0.0,3.0,0.0,8.0,0.0,0.0,0.0,,,0.0,21.6,2.1,7.3,3597,3756.0,3.6,1.4,10299,-
2331,ＡＬＳＯＫ,サービス業,11.0,★☆☆☆☆,0.0,0.0,4.0,0.0,7.0,0.0,0.0,0.0,,,0.0,20.8,2.0,6.5,1128,1175.0,3.8,1.7,1335,-
2613,Ｊ－オイルミルズ,食料品,11.0,★☆☆☆☆,0.0,0.0,0.0,0.0,11.0,0.0,0.0,0.0,,,0.0,12.8,1.4,1.0,2035,2095.0,-0.4,0.6,115,MA上昇配列 / パーフェクトオーダー / 52週高値目前
9045,京阪ホールディングス,陸運業,11.0,★☆☆☆☆,0.0,0.0,4.0,0.0,7.0,0.0,0.0,0.0,,,0.0,15.4,1.7,3.3,3180,3295.0,1.3,1.6,791,-
9044,ＮＡＮＫＡＩ,陸運業,11.0,★☆☆☆☆,0.0,0.0,3.0,0.0,8.0,0.0,0.0,0.0,,,0.0,19.7,1.8,6.4,2953,3064.0,3.9,1.4,726,-
4023,クレハ,化学,11.0,★☆☆☆☆,0.0,0.0,1.0,0.0,10.0,0.0,0.0,0.0,,,0.0,24.7,1.9,6.9,4189,4355.0,4.6,1.0,972,MA上昇配列
4725,ＣＡＣ　Ｈｏｌｄｉｎｇｓ,情報・通信業,11.0,★☆☆☆☆,0.0,0.0,2.0,0.0,9.0,0.0,0.0,0.0,,,0.0,17.9,1.3,3.3,1800,1848.0,1.4,1.1,111,MA上昇配列
4674,クレスコ,情報・通信業,11.0,★☆☆☆☆,0.0,0.0,2.0,0.0,9.0,0.0,0.0,0.0,,,0.0,20.2,2.0,4.8,1517,1582.0,3.9,0.8,116,MA上昇配列
7581,サイゼリヤ,小売業,10.9,★☆☆☆☆,0.0,0.0,5.3,0.0,10.2,0.0,0.4,-5.0,,,0.0,54.2,4.9,27.2,6907,7660.0,0.8,0.9,7105,買い出来高優勢 / 資金流入増 / MA上昇配列 / 52週高値目前 / 過熱⚠25MA+27% / 開示[増配](12日前)
4183,三井化学,化学,10.899999999999999,★☆☆☆☆,0.0,0.0,0.0,0.0,10.7,0.0,0.2,0.0,,,0.0,13.0,2.8,2.5,2084,2206.0,4.0,1.0,3576,MA上昇配列 / パーフェクトオーダー / 開示[買収](13日前)
3539,ＪＭホールディングス,小売業,10.8,★☆☆☆☆,0.0,0.0,7.3,0.0,3.5,0.0,0.0,0.0,,,0.0,23.0,1.7,8.2,1323,1370.0,4.4,1.8,380,買い出来高優勢 / 資金流入増 / RSI過熱(88)⚠
8125,ワキタ,卸売業,10.8,★☆☆☆☆,0.0,0.0,3.3,0.0,7.5,0.0,0.0,0.0,,,0.0,22.0,1.5,6.4,1850,1909.0,1.4,1.0,317,買い出来高優勢 / MA上昇配列 / RSI過熱(86)⚠
4114,日本触媒,化学,10.8,★☆☆☆☆,3.8,0.0,0.0,0.0,7.0,0.0,0.0,0.0,,Emerson,-2.2,14.8,1.3,4.1,2125,2183.0,4.9,1.0,1081,Emerson+6.9%連動(β0.22)
8771,イー・ギャランティ,その他金融業,10.8,★☆☆☆☆,0.0,0.0,3.3,0.0,7.5,0.0,0.0,0.0,,,0.0,20.4,1.9,4.0,1791,1863.0,1.7,0.9,168,買い出来高優勢 / MA上昇配列 / パーフェクトオーダー
2737,トーメンデバイス,卸売業,10.7,★☆☆☆☆,0.0,0.0,1.0,0.0,9.7,0.0,0.0,0.0,,,0.0,1.3,5.6,0.3,14841,16730.0,10.6,1.2,1228,MA上昇配列 / パーフェクトオーダー
2429,ワールドホールディングス,サービス業,10.7,★☆☆☆☆,0.0,0.0,2.0,0.0,8.7,0.0,0.0,0.0,,,0.0,24.8,1.9,8.4,2670,2773.0,6.5,0.9,166,MA上昇配列
7085,カーブスホールディングス,サービス業,10.7,★☆☆☆☆,0.0,0.0,1.0,0.0,9.5,0.0,0.2,0.0,,,0.0,14.2,2.7,2.1,897,947.0,0.7,0.8,443,MA上昇配列 / パーフェクトオーダー / 開示[自己株式の取得](13日前) / 開示[自己株式の取得](14日前)
2760,東京エレクトロン　デバイス,卸売業,10.7,★☆☆☆☆,0.0,0.0,3.0,0.0,7.7,0.0,0.0,0.0,,,0.0,11.2,4.2,0.3,3577,3905.0,6.7,1.3,499,MA上昇配列 / パーフェクトオーダー
4417,グローバルセキュリティエキスパート,情報・通信業,10.7,★☆☆☆☆,0.0,0.0,1.0,0.0,9.7,0.0,0.0,0.0,,,0.0,45.2,5.4,12.2,3972,4450.0,2.1,0.4,350,MA上昇配列 / パーフェクトオーダー / 52週高値目前
7915,ＮＩＳＳＨＡ,その他製品,10.7,★☆☆☆☆,5.7,0.0,0.0,0.0,5.0,0.0,0.0,0.0,,Emerson,-0.8,10.7,2.0,2.8,1333,1389.0,4.4,1.1,253,Emerson+6.9%連動(β0.33)
2124,ジェイエイシーリクルートメント,サービス業,10.7,★☆☆☆☆,0.0,0.0,3.0,0.0,7.7,0.0,0.0,0.0,,,0.0,24.0,1.9,8.3,911,948.0,2.7,1.3,445,MA上昇配列
6258,平田機工,機械,10.7,★☆☆☆☆,9.7,0.0,1.0,0.0,0.0,0.0,0.0,0.0,,Emerson,0.8,7.9,4.9,-2.4,2659,2949.0,4.1,1.0,714,Emerson+6.9%連動(β0.42) 未反応+0.8%
6823,リオン,電気機器,10.6,★☆☆☆☆,9.6,0.0,0.0,0.0,1.0,0.0,0.0,0.0,,Emerson,1.5,-1.0,3.2,-5.0,3226,3445.0,0.1,0.8,268,Emerson+6.9%連動(β0.30) 未反応+1.5%
4205,日本ゼオン,化学,10.6,★☆☆☆☆,8.6,0.0,0.0,0.0,2.0,0.0,0.0,0.0,,Emerson,1.2,4.9,3.0,-2.0,2124,2257.0,1.6,1.0,1768,Emerson+6.9%連動(β0.28) 未反応+1.2%
8079,正栄食品工業,卸売業,10.5,★☆☆☆☆,0.0,0.0,2.0,0.0,8.5,0.0,0.0,0.0,,,0.0,20.1,1.5,6.5,4361,4500.0,3.4,0.8,266,MA上昇配列 / パーフェクトオーダー / RSI過熱(90)⚠
2353,日本駐車場開発,不動産業,10.5,★☆☆☆☆,0.0,0.0,4.0,0.0,6.5,0.0,0.0,0.0,,,0.0,18.0,1.8,3.4,255,264.0,1.1,1.8,699,MA上昇配列
6981,村田製作所,電気機器,10.5,★☆☆☆☆,10.5,0.0,0.0,0.0,0.0,0.0,0.0,0.0,,Emerson,1.3,-14.1,9.3,-17.4,6601,8102.0,6.2,0.7,274937,Emerson+6.9%連動(β0.38) 未反応+1.3%
4732,ユー・エス・エス,サービス業,10.5,★☆☆☆☆,0.0,0.0,1.0,0.0,9.5,0.0,0.0,0.0,,,0.0,14.5,2.2,2.6,1913,2001.0,-0.3,0.9,2248,MA上昇配列 / パーフェクトオーダー
4174,アピリッツ,情報・通信業,10.5,★☆☆☆☆,0.0,0.0,3.0,0.0,7.5,0.0,0.0,0.0,,,0.0,20.8,7.9,3.3,632,751.0,2.6,0.1,118,資金流入増 / MA上昇配列 / パーフェクトオーダー
7421,カッパ・クリエイト,小売業,10.5,★☆☆☆☆,0.0,0.0,4.0,0.0,6.5,0.0,0.0,0.0,,,0.0,19.2,1.7,3.4,1501,1552.0,0.2,1.7,113,MA上昇配列
3148,クリエイトＳＤホールディングス,小売業,10.5,★☆☆☆☆,0.0,0.0,1.0,0.0,9.5,0.0,0.0,0.0,,,0.0,14.1,2.0,2.0,3228,3365.0,0.7,0.6,427,MA上昇配列 / パーフェクトオーダー / 開示[増配](14日前)
2734,サーラコーポレーション,小売業,10.5,★☆☆☆☆,0.0,0.0,3.0,0.0,7.5,0.0,0.0,0.0,,,0.0,18.7,2.5,3.4,1091,1147.0,-0.7,0.5,258,MA上昇配列
6058,ベクトル,サービス業,10.4,★☆☆☆☆,0.0,0.0,3.0,0.0,7.0,0.0,0.4,0.0,,,0.0,18.1,5.5,1.3,1611,1809.0,8.4,0.6,983,資金流入増 / MA上昇配列 / パーフェクトオーダー / 開示[業績予想の修正](12日前)
6588,東芝テック,電気機器,10.3,★☆☆☆☆,0.0,0.0,4.3,0.0,6.0,0.0,0.0,0.0,,,0.0,23.1,3.5,9.1,3002,3225.0,10.1,2.1,520,出来高増2.1倍
6339,新東工業,機械,10.3,★☆☆☆☆,9.3,0.0,0.0,0.0,1.0,0.0,0.0,0.0,,Emerson,1.2,7.8,2.5,-1.7,1114,1172.0,2.1,0.8,116,Emerson+6.9%連動(β0.33) 未反応+1.2%
150A,ＪＳＨ,サービス業,10.3,★☆☆☆☆,0.0,0.0,7.3,0.0,8.0,0.0,0.0,-5.0,,,0.0,67.3,10.4,27.5,425,537.0,-0.9,1.8,299,買い出来高優勢 / 資金流入増 / MA上昇配列 / 過熱⚠25MA+27%
6932,遠藤照明,電気機器,10.3,★☆☆☆☆,0.0,0.0,3.3,0.0,7.0,0.0,0.0,0.0,,,0.0,20.5,2.3,7.0,2480,2600.0,4.6,0.6,101,買い出来高優勢
4258,網屋,情報・通信業,10.3,★☆☆☆☆,0.0,0.0,4.3,0.0,6.0,0.0,0.0,0.0,,,0.0,45.8,6.2,7.6,3845,4390.0,1.7,0.3,291,買い出来高優勢 / MA上昇配列 / パーフェクトオーダー
276A,ククレブ・アドバイザーズ,不動産業,10.3,★☆☆☆☆,0.0,0.0,4.3,0.0,5.5,0.0,0.5,0.0,,,0.0,29.7,5.9,6.3,3174,3600.0,0.6,0.2,214,買い出来高優勢 / MA上昇配列 / 開示[上方修正](13日前) / 開示[業務提携](13日前)
6804,ホシデン,電気機器,10.2,★☆☆☆☆,0.0,0.0,2.0,0.0,8.2,0.0,0.0,0.0,,,0.0,14.1,2.2,2.4,2712,2840.0,4.3,1.2,568,MA上昇配列 / パーフェクトオーダー
6522,アスタリスク,電気機器,10.2,★☆☆☆☆,0.0,0.0,4.0,0.0,6.2,0.0,0.0,0.0,,,0.0,70.2,18.8,2.6,1014,1627.0,24.4,0.5,5626,資金流入増 / MA上昇配列 / パーフェクトオーダー
7283,愛三工業,輸送用機器,10.2,★☆☆☆☆,0.0,0.0,4.0,0.0,6.2,0.0,0.0,0.0,,,0.0,33.8,3.6,8.4,2181,2349.0,4.4,0.3,877,資金流入増 / MA上昇配列
7912,大日本印刷,その他製品,10.2,★☆☆☆☆,0.0,0.0,2.0,0.0,8.2,0.0,0.0,0.0,,,0.0,20.5,2.3,3.7,3021,3169.0,1.3,0.6,5236,MA上昇配列 / パーフェクトオーダー
6920,レーザーテック,電気機器,10.1,★☆☆☆☆,0.0,8.1,2.0,0.0,0.0,0.0,0.0,0.0,,,0.0,-1.8,7.5,-7.2,36993,43560.0,4.0,0.7,150685,半導体製造装置(+1.0%)
7735,ＳＣＲＥＥＮホールディングス,電気機器,10.1,★☆☆☆☆,0.0,8.1,1.0,0.0,1.0,0.0,0.0,0.0,,,0.0,6.8,7.1,-8.5,13627,15895.0,-3.7,0.7,62944,半導体製造装置(+1.0%)
9627,アインホールディングス,小売業,10.0,★☆☆☆☆,0.0,0.0,4.0,0.0,6.0,0.0,0.0,0.0,,,0.0,19.1,2.2,4.6,5632,5895.0,1.3,1.6,764,-
2918,わらべや日洋ホールディングス,食料品,10.0,★☆☆☆☆,0.0,0.0,4.0,0.0,6.0,0.0,0.0,0.0,,,0.0,19.5,1.9,6.9,2727,2835.0,6.6,1.2,310,-
7138,ＴＯＲＩＣＯ,小売業,10.0,★☆☆☆☆,0.0,0.0,5.3,0.0,4.7,0.0,0.0,0.0,,,0.0,24.8,12.8,2.9,103,138.0,-2.1,0.4,236,買い出来高優勢 / 資金流入増
4443,Ｓａｎｓａｎ,情報・通信業,10.0,★☆☆☆☆,0.0,0.0,2.0,0.0,8.0,0.0,0.0,0.0,,,0.0,48.1,5.1,13.6,1706,1900.0,4.0,0.8,3317,MA上昇配列
9434,ソフトバンク,情報・通信業,10.0,★☆☆☆☆,0.0,0.0,3.3,0.0,6.7,0.0,0.0,0.0,,,0.0,22.2,1.9,7.0,220,228.3000030517578,3.5,1.0,17411,買い出来高優勢
3193,エターナルホスピタリティグループ,小売業,10.0,★☆☆☆☆,0.0,0.0,4.0,0.0,6.0,0.0,0.0,0.0,,,0.0,20.5,2.1,5.4,2832,2958.0,1.9,1.5,226,-
8276,平和堂,小売業,10.0,★☆☆☆☆,0.0,0.0,3.0,0.0,7.0,0.0,0.0,0.0,,,0.0,18.6,1.7,3.9,2559,2649.0,3.0,1.2,231,-
4914,高砂香料工業,化学,10.0,★☆☆☆☆,0.0,0.0,2.0,0.0,8.0,0.0,0.0,0.0,,,0.0,18.4,1.8,4.7,1166,1211.0,2.3,1.0,164,MA上昇配列
9347,日本管財ホールディングス,サービス業,10.0,★☆☆☆☆,0.0,0.0,2.0,0.0,8.0,0.0,0.0,0.0,,,0.0,16.7,1.3,3.2,2720,2795.0,0.8,1.1,134,-
7480,スズデン,卸売業,10.0,★☆☆☆☆,0.0,0.0,3.0,0.0,7.0,0.0,0.0,0.0,,,0.0,20.1,3.1,1.8,2295,2448.0,2.5,0.3,145,MA上昇配列 / パーフェクトオーダー
6523,ＰＨＣホールディングス,電気機器,10.0,★☆☆☆☆,0.0,0.0,0.0,0.0,10.0,0.0,0.0,0.0,,,0.0,20.1,2.3,5.1,1057,1107.0,1.1,1.0,283,MA上昇配列 / パーフェクトオーダー
9601,松竹,情報・通信業,10.0,★☆☆☆☆,0.0,0.0,2.0,0.0,8.0,0.0,0.0,0.0,,,0.0,23.8,3.0,6.3,10741,11420.0,1.8,1.0,587,MA上昇配列
9110,ＮＳユナイテッド海運,海運業,10.0,★☆☆☆☆,0.0,0.0,3.0,0.0,7.0,0.0,0.0,0.0,,,0.0,23.8,2.8,9.6,7111,7530.0,7.4,1.4,365,-
2492,インフォマート,サービス業,10.0,★☆☆☆☆,0.0,0.0,5.0,0.0,10.0,0.0,0.0,-5.0,,,0.0,66.7,4.7,21.1,499,550.0,12.5,1.6,1540,MA上昇配列 / パーフェクトオーダー / 過熱⚠25MA+21%
1898,世紀東急工業,建設業,10.0,★☆☆☆☆,0.0,0.0,1.0,0.0,9.0,0.0,0.0,0.0,,,0.0,14.1,1.2,2.4,1455,1492.0,2.8,1.2,198,MA上昇配列
8818,京阪神ビルディング,不動産業,10.0,★☆☆☆☆,0.0,0.0,3.0,0.0,7.0,0.0,0.0,0.0,,,0.0,15.8,2.6,2.0,1067,1125.0,5.1,0.8,451,MA上昇配列 / パーフェクトオーダー
9267,Ｇｅｎｋｙ　ＤｒｕｇＳｔｏｒｅｓ,小売業,10.0,★☆☆☆☆,0.0,0.0,4.0,0.0,6.0,0.0,0.0,0.0,,,0.0,29.4,3.1,9.3,3684,3930.0,4.2,1.5,321,-
7211,三菱自動車工業,輸送用機器,10.0,★☆☆☆☆,0.0,0.0,2.0,0.0,8.0,0.0,0.0,0.0,,,0.0,27.0,5.6,6.1,324,364.8999938964844,-4.1,0.9,5780,MA上昇配列
8892,エスコン,不動産業,10.0,★☆☆☆☆,0.0,0.0,2.0,0.0,8.0,0.0,0.0,0.0,,,0.0,15.8,1.6,2.1,1081,1117.0,1.6,1.6,166,-
9025,鴻池運輸,陸運業,10.0,★☆☆☆☆,0.0,0.0,3.0,0.0,7.0,0.0,0.0,0.0,,,0.0,19.9,1.6,5.7,2856,2948.0,4.1,1.4,230,-
8934,サンフロンティア不動産,不動産業,10.0,★☆☆☆☆,0.0,0.0,3.0,0.0,7.0,0.0,0.0,0.0,,,0.0,18.0,1.8,3.9,2471,2562.0,2.4,1.4,288,-
4684,オービック,情報・通信業,10.0,★☆☆☆☆,0.0,0.0,3.0,0.0,7.0,0.0,0.0,0.0,,,0.0,32.4,2.7,11.3,4243,4485.0,5.1,1.3,8043,-
9305,ヤマタネ,卸売業,10.0,★☆☆☆☆,0.0,0.0,2.0,0.0,8.0,0.0,0.0,0.0,,,0.0,18.0,1.4,3.2,2085,2143.0,1.6,1.1,133,MA上昇配列
7033,マネジメントソリューションズ,サービス業,10.0,★☆☆☆☆,0.0,0.0,0.0,0.0,10.0,0.0,0.0,0.0,,,0.0,15.4,2.1,2.2,1322,1381.0,1.4,0.5,111,MA上昇配列 / パーフェクトオーダー
8129,東邦ホールディングス,卸売業,10.0,★☆☆☆☆,0.0,0.0,4.0,0.0,6.0,0.0,0.0,0.0,,,0.0,20.7,2.2,6.7,4036,4219.0,3.7,1.5,554,-
8086,ニプロ,精密機器,10.0,★☆☆☆☆,0.0,0.0,3.0,0.0,7.0,0.0,0.0,0.0,,,0.0,12.1,1.8,2.8,1568,1628.0,2.3,1.8,853,-
7447,ナガイレーベン,卸売業,10.0,★☆☆☆☆,0.0,0.0,2.0,0.0,8.0,0.0,0.0,0.0,,,0.0,21.7,1.4,4.2,1741,1792.0,2.3,0.8,138,MA上昇配列
7832,バンダイナムコホールディングス,その他製品,10.0,★☆☆☆☆,0.0,0.0,2.0,0.0,8.0,0.0,0.0,0.0,,,0.0,30.2,2.8,11.2,4175,4419.0,5.5,1.3,8926,MA上昇配列
3382,セブン＆アイ・ホールディングス,小売業,10.0,★☆☆☆☆,0.0,0.0,1.0,0.0,9.0,0.0,0.0,0.0,,,0.0,22.9,2.9,6.4,2012,2134.5,2.6,1.1,18181,MA上昇配列
3636,三菱総合研究所,情報・通信業,10.0,★☆☆☆☆,0.0,0.0,2.0,0.0,8.0,0.0,0.0,0.0,,,0.0,20.3,1.7,5.8,4682,4850.0,4.6,1.3,230,-
9008,京王電鉄,陸運業,10.0,★☆☆☆☆,0.0,0.0,2.0,0.0,8.0,0.0,0.0,0.0,,,0.0,19.9,1.8,6.4,778,807.2999877929688,2.1,1.1,1511,MA上昇配列
9006,京浜急行電鉄,陸運業,10.0,★☆☆☆☆,0.0,0.0,2.0,0.0,8.0,0.0,0.0,0.0,,,0.0,21.0,1.8,4.7,1539,1596.0,0.4,1.0,1220,-
1833,奥村組,建設業,10.0,★☆☆☆☆,0.0,0.0,3.0,0.0,7.0,0.0,0.0,0.0,,,0.0,14.3,1.8,3.1,5644,5850.0,4.5,1.3,558,-
1414,ショーボンドホールディングス,建設業,10.0,★☆☆☆☆,0.0,0.0,3.0,0.0,7.0,0.0,0.0,0.0,,,0.0,18.0,1.2,4.6,1288,1320.0,3.7,1.4,827,-
9104,商船三井,海運業,10.0,★☆☆☆☆,0.0,0.0,3.0,0.0,7.0,0.0,0.0,0.0,,,0.0,24.0,2.3,8.9,5638,5912.0,5.4,1.3,13302,-
6333,ＴＥＩＫＯＫＵ,機械,10.0,★☆☆☆☆,0.0,0.0,0.0,0.0,10.0,0.0,0.0,0.0,,,0.0,14.3,2.5,4.4,3133,3300.0,5.8,1.1,111,MA上昇配列
9505,北陸電力,電気・ガス業,10.0,★☆☆☆☆,0.0,0.0,3.0,0.0,7.0,0.0,0.0,0.0,,,0.0,22.0,2.1,7.5,927,966.5,6.3,1.3,729,-
4755,楽天グループ,サービス業,10.0,★☆☆☆☆,0.0,0.0,2.0,0.0,8.0,0.0,0.0,0.0,,,0.0,28.8,3.1,6.2,765,815.0,2.0,1.1,11595,MA上昇配列
9303,住友倉庫,倉庫・運輸関連業,10.0,★☆☆☆☆,0.0,0.0,2.0,0.0,8.0,0.0,0.0,0.0,,,0.0,18.8,1.6,4.9,3922,4055.0,2.4,0.9,459,-
6277,ホソカワミクロン,機械,10.0,★☆☆☆☆,5.3,0.0,1.0,0.0,3.7,0.0,0.0,0.0,,Emerson,-0.6,12.0,2.8,1.5,4744,5020.0,4.5,1.2,147,Emerson+6.9%連動(β0.30)
7003,三井Ｅ＆Ｓ,機械,10.0,★☆☆☆☆,0.0,0.0,4.0,0.0,6.0,0.0,0.0,0.0,,,0.0,36.0,4.6,14.2,4654,5122.0,15.5,1.6,10197,-
6016,ジャパンエンジンコーポレーション,輸送用機器,10.0,★☆☆☆☆,0.0,0.0,4.0,0.0,6.0,0.0,0.0,0.0,,,0.0,28.0,6.1,14.1,8517,9690.0,12.7,1.8,1099,-
1762,高松コンストラクショングループ,建設業,10.0,★☆☆☆☆,0.0,0.0,1.0,0.0,9.0,0.0,0.0,0.0,,,0.0,20.4,2.1,5.9,3679,3840.0,5.3,0.9,162,MA上昇配列
2212,山崎製パン,食料品,10.0,★☆☆☆☆,0.0,0.0,1.0,0.0,9.0,0.0,0.0,0.0,,,0.0,16.4,2.4,4.1,3229,3389.0,0.5,1.4,1661,MA上昇配列
2749,ＪＰホールディングス,サービス業,10.0,★☆☆☆☆,0.0,0.0,3.0,0.0,7.0,0.0,0.0,0.0,,,0.0,20.9,1.5,5.3,617,636.0,2.9,1.3,146,-
3916,デジタル・インフォメーション・テクノロジー,情報・通信業,9.8,★☆☆☆☆,0.0,0.0,4.3,0.0,5.5,0.0,0.0,0.0,,,0.0,31.6,3.0,7.7,902,959.0,-2.5,0.6,134,買い出来高優勢 / MA上昇配列
6222,島精機製作所,機械,9.8,★☆☆☆☆,7.6,0.0,0.0,0.0,2.2,0.0,0.0,0.0,,Emerson,0.4,16.2,2.7,1.4,853,901.0,1.6,1.1,224,Emerson+6.9%連動(β0.37)
5726,大阪チタニウムテクノロジーズ,非鉄金属,9.7,★☆☆☆☆,0.0,0.0,2.0,0.0,7.7,0.0,0.0,0.0,,,0.0,11.0,5.8,0.3,2371,2680.0,8.1,0.5,1271,MA上昇配列 / パーフェクトオーダー
2784,アルフレッサ　ホールディングス,卸売業,9.7,★☆☆☆☆,0.0,0.0,3.0,0.0,6.7,0.0,0.0,0.0,,,0.0,21.3,1.7,7.7,2329,2409.0,3.9,1.3,1077,-
7267,本田技研工業,輸送用機器,9.7,★☆☆☆☆,0.0,0.0,1.0,0.0,8.7,0.0,0.0,0.0,,,0.0,19.9,2.4,5.0,1506,1583.0,3.1,0.8,26103,MA上昇配列
8242,エイチ・ツー・オー　リテイリング,小売業,9.7,★☆☆☆☆,0.0,0.0,0.0,0.0,9.7,0.0,0.0,0.0,,,0.0,10.1,2.4,1.0,2714,2853.0,0.5,0.9,1229,MA上昇配列 / パーフェクトオーダー / 52週高値目前
7821,前田工繊,その他製品,9.7,★☆☆☆☆,0.0,0.0,2.0,0.0,7.7,0.0,0.0,0.0,,,0.0,19.1,2.0,3.9,1818,1894.0,3.2,0.8,245,MA上昇配列
3291,飯田グループホールディングス,不動産業,9.7,★☆☆☆☆,0.0,0.0,2.0,0.0,7.7,0.0,0.0,0.0,,,0.0,17.8,1.8,5.6,2251,2334.0,3.7,1.2,1190,MA上昇配列
1879,新日本建設,建設業,9.7,★☆☆☆☆,0.0,0.0,4.0,0.0,5.7,0.0,0.0,0.0,,,0.0,12.0,2.1,1.6,2036,2124.0,4.4,1.8,160,-
5632,三菱製鋼,鉄鋼,9.7,★☆☆☆☆,0.0,0.0,0.0,0.0,9.7,0.0,0.0,0.0,,,0.0,11.1,2.5,0.6,2075,2186.0,4.0,0.7,136,MA上昇配列 / パーフェクトオーダー
9507,四国電力,電気・ガス業,9.7,★☆☆☆☆,0.0,0.0,4.0,0.0,5.7,0.0,0.0,0.0,,,0.0,19.9,1.8,7.9,1554,1613.0,7.2,1.9,746,-
8103,明和産業,卸売業,9.7,★☆☆☆☆,0.0,0.0,0.0,0.0,9.7,0.0,0.0,0.0,,,0.0,17.4,1.5,2.8,895,922.0,3.0,1.1,157,MA上昇配列 / パーフェクトオーダー
3402,東レ,繊維製品,9.7,★☆☆☆☆,0.0,0.0,0.0,0.0,9.7,0.0,0.0,0.0,,,0.0,14.2,2.2,2.0,1126,1178.5,2.6,0.8,4838,MA上昇配列 / パーフェクトオーダー
3040,ソリトンシステムズ,情報・通信業,9.7,★☆☆☆☆,0.0,0.0,1.0,0.0,8.7,0.0,0.0,0.0,,,0.0,17.0,2.6,2.1,1902,2005.0,1.7,1.4,110,MA上昇配列 / パーフェクトオーダー
9882,イエローハット,卸売業,9.7,★☆☆☆☆,0.0,0.0,0.0,0.0,9.7,0.0,0.0,0.0,,,0.0,14.5,1.8,2.0,1765,1829.0,0.4,1.0,325,MA上昇配列 / パーフェクトオーダー / 52週高値目前
9147,ＮＩＰＰＯＮ　ＥＸＰＲＥＳＳホールディングス,陸運業,9.7,★☆☆☆☆,0.0,0.0,0.0,0.0,9.7,0.0,0.0,0.0,,,0.0,21.6,2.4,4.3,5272,5540.0,2.9,0.6,6189,MA上昇配列 / パーフェクトオーダー / 52週高値目前
6200,インソース,サービス業,9.6,★☆☆☆☆,0.0,0.0,7.7,0.0,3.5,0.0,3.4,-5.0,,,0.0,38.6,2.9,20.0,709,752.0,20.1,2.7,511,出来高増2.7倍 / 買い出来高優勢 / RSI過熱(91)⚠ / 過熱⚠25MA+20% / 開示[自己株式取得](6日前) / 開示[自己株式取得](6日前)
9022,東海旅客鉄道,陸運業,9.6,★☆☆☆☆,0.0,0.0,2.0,0.0,5.7,0.0,1.9,0.0,,,0.0,28.3,2.4,11.6,3827,4023.0,6.8,1.0,11236,開示[自己株式の取得](5日前)
3360,シップヘルスケアホールディングス,卸売業,9.5,★☆☆☆☆,0.0,0.0,2.0,0.0,7.5,0.0,0.0,0.0,,,0.0,28.5,1.7,10.6,2417,2501.5,6.5,1.7,561,MA上昇配列 / RSI過熱(86)⚠
368A,北里コーポレーション,精密機器,9.5,★☆☆☆☆,0.0,0.0,4.0,0.0,5.5,0.0,0.0,0.0,,,0.0,20.8,2.4,5.7,1342,1409.0,3.7,1.9,142,MA上昇配列
3968,セグエグループ,情報・通信業,9.5,★☆☆☆☆,0.0,0.0,4.0,0.0,5.5,0.0,0.0,0.0,,,0.0,20.5,2.8,2.4,563,596.0,-1.0,1.5,144,MA上昇配列
6532,ベイカレント,サービス業,9.5,★☆☆☆☆,0.0,0.0,4.0,0.0,5.5,0.0,0.0,0.0,,,0.0,39.2,4.5,12.0,6471,7106.0,8.4,1.4,12253,MA上昇配列
3333,あさひ,小売業,9.5,★☆☆☆☆,0.0,0.0,3.0,0.0,6.5,0.0,0.0,0.0,,,0.0,15.3,1.6,1.7,1295,1338.0,-0.5,1.6,137,MA上昇配列
9706,日本空港ビルデング,不動産業,9.5,★☆☆☆☆,0.0,0.0,2.0,0.0,7.5,0.0,0.0,0.0,,,0.0,24.8,2.3,7.5,5338,5600.0,4.6,1.2,1646,MA上昇配列 / パーフェクトオーダー
3097,物語コーポレーション,小売業,9.5,★☆☆☆☆,0.0,0.0,0.0,0.0,9.5,0.0,0.0,0.0,,,0.0,22.2,2.5,5.3,4889,5150.0,-1.0,0.5,994,MA上昇配列 / パーフェクトオーダー
2531,宝ホールディングス,食料品,9.5,★☆☆☆☆,0.0,0.0,0.0,0.0,9.5,0.0,0.0,0.0,,,0.0,8.7,2.8,0.3,2063,2185.5,1.7,0.8,1163,MA上昇配列 / パーフェクトオーダー
8850,スターツコーポレーション,不動産業,9.5,★☆☆☆☆,5.3,0.0,0.0,0.0,4.2,0.0,0.0,0.0,,Emerson,0.5,16.2,1.7,2.4,4611,4775.0,0.7,0.7,311,Emerson+6.9%連動(β0.21) 未反応+0.5%
4578,大塚ホールディングス,医薬品,9.5,★☆☆☆☆,0.0,0.0,0.0,0.0,9.5,0.0,0.0,0.0,,,0.0,15.3,2.7,2.6,10713,11325.0,3.0,1.2,12917,MA上昇配列 / パーフェクトオーダー
1723,日本電技,建設業,9.4,★☆☆☆☆,0.0,0.0,5.7,0.0,3.7,0.0,0.0,0.0,,,0.0,15.0,6.0,5.1,2118,2404.0,16.1,3.5,513,出来高急増3.5倍
3415,ＴＯＫＹＯ　ＢＡＳＥ,小売業,9.3,★☆☆☆☆,0.0,0.0,3.3,0.0,6.0,0.0,0.0,0.0,,,0.0,33.5,5.1,10.4,378,421.0,5.2,0.9,341,買い出来高優勢
7383,ネットプロテクションズホールディングス,その他金融業,9.3,★☆☆☆☆,0.0,0.0,3.3,0.0,6.0,0.0,0.0,0.0,,,0.0,40.6,3.9,14.1,397,430.0,7.0,0.8,302,買い出来高優勢
4722,フューチャー,情報・通信業,9.3,★☆☆☆☆,0.0,0.0,5.3,0.0,9.0,0.0,0.0,-5.0,,,0.0,71.2,5.8,31.0,2095,2368.0,9.6,1.1,1625,買い出来高優勢 / 資金流入増 / MA上昇配列 / 52週高値目前 / RSI過熱(85)⚠ / 過熱⚠25MA+31%
3994,マネーフォワード,情報・通信業,9.3,★☆☆☆☆,0.0,0.0,4.3,0.0,10.0,0.0,0.0,-5.0,,,0.0,52.6,6.0,20.1,5013,5700.0,6.9,0.7,2724,買い出来高優勢 / MA上昇配列 / パーフェクトオーダー / 過熱⚠25MA+20% / 開示[業績予想の修正](14日前)
4424,Ａｍａｚｉａ,情報・通信業,9.3,★☆☆☆☆,0.0,0.0,6.3,0.0,8.0,0.0,0.0,-5.0,,,0.0,112.2,18.6,40.7,257,409.0,42.0,1.3,725,買い出来高優勢 / 資金流入増 / MA上昇配列 / 過熱⚠25MA+41%
4631,ＤＩＣ,化学,9.3,★☆☆☆☆,8.3,0.0,0.0,0.0,1.0,0.0,0.0,0.0,,Emerson,1.1,2.0,2.8,-4.3,4285,4537.0,2.3,1.0,2058,Emerson+6.9%連動(β0.28) 未反応+1.1%
278A,Ｔｅｒｒａ　Ｄｒｏｎｅ,精密機器,9.3,★☆☆☆☆,0.0,0.0,4.3,0.0,10.0,0.0,0.0,-5.0,,,0.0,79.6,12.9,24.1,9583,12920.0,-6.2,0.6,19907,買い出来高優勢 / MA上昇配列 / パーフェクトオーダー / 過熱⚠25MA+24%
5838,楽天銀行,銀行業,9.3,★☆☆☆☆,0.0,0.0,3.3,0.0,6.0,0.0,0.0,0.0,,,0.0,22.8,4.3,4.3,5160,5648.0,8.2,0.6,6168,買い出来高優勢
7224,新明和工業,輸送用機器,9.3,★☆☆☆☆,6.8,0.0,0.0,0.0,2.5,0.0,0.0,0.0,,Emerson,0.5,8.9,2.4,0.1,1924,2019.0,3.3,0.8,313,Emerson+6.9%連動(β0.31)
2222,寿スピリッツ,食料品,9.2,★☆☆☆☆,0.0,0.0,1.0,0.0,8.2,0.0,0.0,0.0,,,0.0,14.5,2.7,0.2,2376,2513.0,-3.3,0.9,1426,MA上昇配列 / パーフェクトオーダー
8005,スクロール,小売業,9.2,★☆☆☆☆,0.0,0.0,1.0,0.0,8.2,0.0,0.0,0.0,,,0.0,15.9,1.4,1.7,1668,1716.0,0.2,0.9,273,MA上昇配列 / パーフェクトオーダー
4776,サイボウズ,情報・通信業,9.2,★☆☆☆☆,0.0,0.0,2.0,0.0,4.2,0.0,3.0,0.0,,,0.0,33.6,3.4,6.5,2446,2625.0,2.3,0.9,817,MA上昇配列 / 開示[自己株式の取得](0日前)
4413,ボードルア,情報・通信業,9.2,★☆☆☆☆,0.0,0.0,2.0,0.0,7.2,0.0,0.0,0.0,,,0.0,35.5,5.1,4.4,2691,3000.0,-4.0,0.7,967,MA上昇配列 / パーフェクトオーダー
4812,電通総研,情報・通信業,9.2,★☆☆☆☆,0.0,0.0,3.0,0.0,6.2,0.0,0.0,0.0,,,0.0,46.6,1.6,9.9,2621,2710.0,0.6,0.8,1859,資金流入増 / MA上昇配列
3167,ＴＯＫＡＩホールディングス,卸売業,9.2,★☆☆☆☆,0.0,0.0,1.0,0.0,8.2,0.0,0.0,0.0,,,0.0,11.8,1.6,0.7,1119,1155.0,0.5,1.1,247,MA上昇配列 / パーフェクトオーダー
5246,ＥＬＥＭＥＮＴＳ,情報・通信業,9.2,★☆☆☆☆,0.0,0.0,5.3,0.0,6.7,0.0,0.2,-3.0,,,0.0,47.9,5.7,17.9,700,789.0,11.9,1.1,557,買い出来高優勢 / 資金流入増 / MA上昇配列 / 伸びすぎ注意(25MA+18%) / 開示[業績予想の修正](13日前)
7610,テイツー,小売業,9.2,★☆☆☆☆,0.0,0.0,3.0,0.0,6.2,0.0,0.0,0.0,,,0.0,17.9,3.5,2.5,139,150.0,0.7,0.7,174,MA上昇配列 / パーフェクトオーダー
7745,Ａ＆Ｄホロンホールディングス,精密機器,9.2,★☆☆☆☆,0.0,0.0,2.0,0.0,7.2,0.0,0.0,0.0,,,0.0,13.9,3.5,3.2,2767,2973.0,7.6,0.8,263,MA上昇配列 / パーフェクトオーダー
8117,中央自動車工業,卸売業,9.2,★☆☆☆☆,0.0,0.0,1.0,0.0,8.2,0.0,0.0,0.0,,,0.0,16.5,2.3,1.8,2022,2118.0,0.0,0.9,149,MA上昇配列 / パーフェクトオーダー
5714,ＤＯＷＡホールディングス,非鉄金属,9.1,★☆☆☆☆,7.6,0.0,0.0,0.0,1.5,0.0,0.0,0.0,,Emerson,0.5,7.1,3.5,-1.9,7833,8432.0,6.1,1.1,3869,Emerson+6.9%連動(β0.35)
1766,東建コーポレーション,建設業,9.0,★☆☆☆☆,0.0,0.0,2.0,0.0,7.0,0.0,0.0,0.0,,,0.0,16.4,2.0,3.5,12760,13280.0,2.8,1.5,293,-
9755,応用地質,サービス業,9.0,★☆☆☆☆,0.0,0.0,0.0,0.0,9.0,0.0,0.0,0.0,,,0.0,12.0,1.4,2.4,2764,2843.0,3.2,0.5,226,MA上昇配列
8425,みずほリース,その他金融業,9.0,★☆☆☆☆,0.0,0.0,2.0,0.0,7.0,0.0,0.0,0.0,,,0.0,18.6,1.5,4.5,1305,1345.0,3.9,0.9,874,-
2982,ＡＤワークスグループ,不動産業,9.0,★☆☆☆☆,0.0,0.0,0.0,0.0,9.0,0.0,0.0,0.0,,,0.0,15.0,2.4,3.6,398,418.0,3.0,0.7,130,MA上昇配列
8273,イズミ,小売業,9.0,★☆☆☆☆,0.0,0.0,0.0,0.0,9.0,0.0,0.0,0.0,,,0.0,18.0,1.9,4.4,980,1018.0,1.2,0.6,443,MA上昇配列
1925,大和ハウス工業,建設業,9.0,★☆☆☆☆,0.0,0.0,2.0,0.0,7.0,0.0,0.0,0.0,,,0.0,17.9,1.7,5.2,4582,4740.0,3.4,1.5,9819,-
4568,第一三共,医薬品,9.0,★☆☆☆☆,0.0,0.0,1.0,0.0,8.0,0.0,0.0,0.0,,,0.0,22.0,2.3,5.4,2690,2822.5,1.1,0.8,17056,MA上昇配列
5463,丸一鋼管,鉄鋼,9.0,★☆☆☆☆,0.0,0.0,2.0,0.0,7.0,0.0,0.0,0.0,,,0.0,17.7,2.8,1.1,1728,1829.5,1.3,0.8,1665,MA上昇配列 / パーフェクトオーダー
4768,大塚商会,情報・通信業,9.0,★☆☆☆☆,0.0,0.0,1.0,0.0,8.0,0.0,0.0,0.0,,,0.0,28.4,2.5,10.7,3034,3193.0,5.9,0.8,4439,-
9534,北海道瓦斯,電気・ガス業,9.0,★☆☆☆☆,0.0,0.0,2.0,0.0,7.0,0.0,0.0,0.0,,,0.0,14.7,1.6,2.9,758,784.0,1.0,0.6,109,-
6849,日本光電工業,電気機器,9.0,★☆☆☆☆,0.0,0.0,1.0,0.0,8.0,0.0,0.0,0.0,,,0.0,22.9,2.0,7.3,1537,1600.0,2.8,1.2,934,MA上昇配列
9021,西日本旅客鉄道,陸運業,9.0,★☆☆☆☆,0.0,0.0,0.0,0.0,9.0,0.0,0.0,0.0,,,0.0,25.6,2.2,8.1,2942,3075.0,2.7,0.9,9596,MA上昇配列
1965,テクノ菱和,建設業,9.0,★☆☆☆☆,0.0,0.0,4.3,0.0,4.7,0.0,0.0,0.0,,,0.0,22.5,5.1,5.4,5699,6350.0,8.0,1.5,366,買い出来高優勢
8137,サンワテクノス,卸売業,9.0,★☆☆☆☆,0.0,0.0,2.0,0.0,7.0,0.0,0.0,0.0,,,0.0,17.1,3.1,1.7,3601,3835.0,4.9,1.0,233,MA上昇配列 / パーフェクトオーダー
4483,ＪＭＤＣ,情報・通信業,9.0,★☆☆☆☆,0.0,0.0,1.0,0.0,8.0,0.0,0.0,0.0,,,0.0,29.6,3.2,7.7,3082,3295.0,4.4,0.4,1171,MA上昇配列
9090,ＡＺ－ＣＯＭ丸和ホールディングス,陸運業,9.0,★☆☆☆☆,0.0,0.0,4.3,0.0,4.7,0.0,0.0,0.0,,,0.0,30.7,2.7,12.4,883,932.0,7.0,1.5,328,買い出来高優勢
2384,ＳＢＳホールディングス,陸運業,9.0,★☆☆☆☆,0.0,0.0,2.0,0.0,7.0,0.0,0.0,0.0,,,0.0,17.3,3.1,4.3,4256,4540.0,-0.4,0.8,451,-
5602,栗本鐵工所,鉄鋼,9.0,★☆☆☆☆,0.0,0.0,3.0,0.0,6.0,0.0,0.0,0.0,,,0.0,19.4,1.9,5.3,1461,1519.0,5.0,1.2,304,-
3907,シリコンスタジオ,情報・通信業,9.0,★☆☆☆☆,0.0,0.0,8.0,0.0,6.0,0.0,0.0,-5.0,,,0.0,34.4,10.0,29.7,933,1166.0,78.3,9.7,411,出来高急増9.7倍 / 買い出来高優勢 / 過熱⚠25MA+30% / 開示[業績予想の修正](14日前)
7733,オリンパス,精密機器,9.0,★☆☆☆☆,0.0,0.0,1.0,0.0,8.0,0.0,0.0,0.0,,,0.0,18.4,2.5,4.9,1722,1813.5,2.4,1.4,7137,MA上昇配列
4343,イオンファンタジー,サービス業,9.0,★☆☆☆☆,0.0,0.0,1.0,0.0,8.0,0.0,0.0,0.0,,,0.0,21.7,2.3,5.4,2617,2745.0,2.7,1.3,165,MA上昇配列
7595,アルゴグラフィックス,情報・通信業,9.0,★☆☆☆☆,0.0,0.0,2.0,0.0,7.0,0.0,0.0,0.0,,,0.0,22.4,1.7,5.3,1283,1327.0,3.8,0.8,283,-
9432,ＮＴＴ,情報・通信業,9.0,★☆☆☆☆,0.0,0.0,2.0,0.0,7.0,0.0,0.0,0.0,,,0.0,17.6,1.4,4.3,150,154.3000030517578,2.1,1.0,33679,-
9663,ナガワ,サービス業,9.0,★☆☆☆☆,0.0,0.0,3.0,0.0,6.0,0.0,0.0,0.0,,,0.0,16.0,1.8,3.4,5028,5220.0,2.6,2.0,125,-
9536,西部ガスホールディングス,電気・ガス業,9.0,★☆☆☆☆,0.0,0.0,1.0,0.0,8.0,0.0,0.0,0.0,,,0.0,17.3,1.5,4.3,2322,2393.0,3.2,0.8,161,-
7611,ハイデイ日高,小売業,9.0,★☆☆☆☆,0.0,0.0,3.0,0.0,6.0,0.0,0.0,0.0,,,0.0,21.8,2.0,5.1,2700,2813.0,-0.5,0.7,569,-
1899,福田組,建設業,9.0,★☆☆☆☆,0.0,0.0,2.0,0.0,7.0,0.0,0.0,0.0,,,0.0,15.3,2.6,5.2,3752,3960.0,6.5,1.1,149,-
6547,グリーンズ,サービス業,9.0,★☆☆☆☆,0.0,0.0,0.0,0.0,9.0,0.0,0.0,0.0,,,0.0,12.0,2.4,2.5,2063,2165.0,4.3,0.5,102,MA上昇配列
2292,Ｓ　Ｆｏｏｄｓ,食料品,9.0,★☆☆☆☆,0.0,0.0,2.0,0.0,7.0,0.0,0.0,0.0,,,0.0,18.3,1.9,5.2,2730,2837.0,4.0,0.7,523,-
9716,乃村工藝社,サービス業,9.0,★☆☆☆☆,0.0,0.0,2.0,0.0,7.0,0.0,0.0,0.0,,,0.0,22.7,2.6,7.2,1149,1213.0,3.5,0.7,429,-
6629,テクノホライゾン,電気機器,9.0,★☆☆☆☆,0.0,0.0,4.7,0.0,2.7,0.0,1.6,0.0,,,0.0,5.9,5.4,-3.6,875,981.0,2.5,4.9,259,出来高急増4.9倍 / 開示[子会社化](3日前)
4922,コーセーホールディングス,化学,9.0,★☆☆☆☆,0.0,0.0,3.0,0.0,6.0,0.0,0.0,0.0,,,0.0,26.9,2.5,8.9,5469,5756.0,5.2,1.3,1460,-
2207,ｍｅｉｔｏ,食料品,9.0,★☆☆☆☆,0.0,0.0,2.0,0.0,7.0,0.0,0.0,0.0,,,0.0,11.0,1.8,0.2,3053,3170.0,1.3,1.0,105,MA上昇配列 / パーフェクトオーダー
9003,相鉄ホールディングス,陸運業,9.0,★☆☆☆☆,0.0,0.0,2.0,0.0,7.0,0.0,0.0,0.0,,,0.0,18.1,1.7,4.6,2542,2629.5,1.2,1.2,594,-
167A,リョーサン菱洋ホールディングス,卸売業,9.0,★☆☆☆☆,0.0,0.0,1.0,0.0,8.0,0.0,0.0,0.0,,,0.0,18.3,1.7,3.9,2760,2859.0,3.4,1.2,530,MA上昇配列
2281,プリマハム,食料品,9.0,★☆☆☆☆,0.0,0.0,2.0,0.0,7.0,0.0,0.0,0.0,,,0.0,16.2,1.4,3.8,2414,2483.0,2.6,1.6,188,-
9715,トランス・コスモス,サービス業,9.0,★☆☆☆☆,0.0,0.0,1.0,0.0,8.0,0.0,0.0,0.0,,,0.0,14.7,1.8,2.6,3610,3745.0,1.2,0.7,349,-
1882,東亜道路工業,建設業,9.0,★☆☆☆☆,0.0,0.0,2.0,0.0,7.0,0.0,0.0,0.0,,,0.0,17.7,1.4,4.1,1591,1635.0,2.3,1.2,471,-
9068,丸全昭和運輸,陸運業,9.0,★☆☆☆☆,0.0,0.0,2.0,0.0,7.0,0.0,0.0,0.0,,,0.0,17.0,2.3,4.1,7431,7790.0,2.6,1.2,214,-
8111,ゴールドウイン,繊維製品,9.0,★☆☆☆☆,0.0,0.0,1.0,0.0,8.0,0.0,0.0,0.0,,,0.0,20.4,1.9,5.0,2263,2354.5,3.9,1.1,908,MA上昇配列
7483,ドウシシャ,卸売業,9.0,★☆☆☆☆,0.0,0.0,2.0,0.0,7.0,0.0,0.0,0.0,,,0.0,16.2,1.3,3.8,2939,3020.0,3.1,0.9,185,-
3150,グリムス,電気・ガス業,9.0,★☆☆☆☆,0.0,0.0,2.0,0.0,7.0,0.0,0.0,0.0,,,0.0,19.8,2.0,5.4,2541,2646.0,1.9,0.6,126,-
8876,リログループ,サービス業,9.0,★☆☆☆☆,0.0,0.0,3.0,0.0,6.0,0.0,0.0,0.0,,,0.0,20.1,2.3,3.0,1970,2063.5,2.5,0.7,1446,MA上昇配列 / パーフェクトオーダー
3659,ネクソン,情報・通信業,9.0,★☆☆☆☆,0.0,0.0,3.0,0.0,6.0,0.0,0.0,0.0,,,0.0,26.8,2.9,9.2,2304,2444.5,6.4,1.5,5145,-
5834,ＳＢＩリーシングサービス,証券、商品先物取引業,9.0,★☆☆☆☆,0.0,0.0,0.0,0.0,9.0,0.0,0.0,0.0,,,0.0,18.2,2.3,5.3,2699,2828.0,6.6,1.0,162,MA上昇配列
5930,文化シヤッター,金属製品,9.0,★☆☆☆☆,0.0,0.0,1.0,0.0,8.0,0.0,0.0,0.0,,,0.0,13.5,1.8,2.5,1894,1964.0,2.7,1.4,148,MA上昇配列
7231,トピー工業,輸送用機器,9.0,★☆☆☆☆,0.0,0.0,2.0,0.0,7.0,0.0,0.0,0.0,,,0.0,18.3,1.6,3.8,2825,2920.0,2.6,0.7,161,-
5949,ユニプレス,輸送用機器,9.0,★☆☆☆☆,0.0,0.0,2.0,0.0,7.0,0.0,0.0,0.0,,,0.0,17.8,1.8,4.2,1258,1306.0,4.0,0.7,179,-
3608,ＴＳＩホールディングス,繊維製品,9.0,★☆☆☆☆,0.0,0.0,2.0,0.0,7.0,0.0,0.0,0.0,,,0.0,20.6,2.0,6.0,1219,1269.0,4.5,0.9,315,-
9832,オートバックスセブン,卸売業,9.0,★☆☆☆☆,0.0,0.0,2.0,0.0,7.0,0.0,0.0,0.0,,,0.0,15.8,1.2,3.6,1499,1537.0,1.9,1.1,270,-
9759,ＮＳＤ,情報・通信業,9.0,★☆☆☆☆,0.0,0.0,3.0,0.0,6.0,0.0,0.0,0.0,,,0.0,27.2,2.0,8.3,2692,2807.0,3.6,1.7,611,-
4475,ＨＥＮＮＧＥ,情報・通信業,9.0,★☆☆☆☆,0.0,0.0,1.0,0.0,8.0,0.0,0.0,0.0,,,0.0,39.6,4.0,10.3,1223,1331.0,-0.4,1.0,486,MA上昇配列
8185,チヨダ,小売業,9.0,★☆☆☆☆,0.0,0.0,1.0,0.0,8.0,0.0,0.0,0.0,,,0.0,16.3,1.2,2.4,984,1008.0,1.3,1.3,123,MA上昇配列
3660,アイスタイル,情報・通信業,9.0,★☆☆☆☆,0.0,0.0,3.0,0.0,6.0,0.0,0.0,0.0,,,0.0,30.8,2.8,11.0,413,437.0,7.1,1.7,299,-
5253,カバー,情報・通信業,8.9,★☆☆☆☆,0.0,0.0,6.7,0.0,2.2,0.0,0.0,0.0,,,0.0,46.2,7.2,10.2,1414,1650.0,0.6,3.4,3447,出来高急増3.4倍
7276,小糸製作所,電気機器,8.9,★☆☆☆☆,6.4,0.0,1.0,0.0,1.5,0.0,0.0,0.0,,Emerson,0.3,7.9,2.0,-1.9,2421,2520.5,2.0,1.0,1812,Emerson+6.9%連動(β0.31)
4477,ＢＡＳＥ,情報・通信業,8.8,★☆☆☆☆,0.0,0.0,3.3,0.0,5.5,0.0,0.0,0.0,,,0.0,29.9,2.9,6.2,287,305.0,-2.6,1.1,263,買い出来高優勢 / MA上昇配列
4704,トレンドマイクロ,情報・通信業,8.8,★☆☆☆☆,0.0,0.0,3.3,0.0,5.5,0.0,0.0,0.0,,,0.0,26.8,2.8,5.7,6130,6490.0,0.2,1.0,5749,買い出来高優勢 / MA上昇配列
3983,オロ,情報・通信業,8.8,★☆☆☆☆,0.0,0.0,3.3,0.0,5.5,0.0,0.0,0.0,,,0.0,25.1,2.1,5.4,2106,2200.0,0.2,0.6,110,買い出来高優勢 / MA上昇配列
8097,三愛オブリ,卸売業,8.8,★☆☆☆☆,0.0,0.0,4.3,0.0,4.5,0.0,0.0,0.0,,,0.0,22.4,1.7,7.6,2250,2331.0,4.7,1.2,210,買い出来高優勢 / RSI過熱(91)⚠
4848,フルキャストホールディングス,サービス業,8.8,★☆☆☆☆,0.0,0.0,3.3,0.0,5.5,0.0,0.0,0.0,,,0.0,24.0,1.6,6.9,1630,1685.0,2.6,0.5,187,買い出来高優勢 / MA上昇配列 / RSI過熱(85)⚠
4849,エン,サービス業,8.7,★☆☆☆☆,0.0,0.0,2.0,0.0,6.7,0.0,0.0,0.0,,,0.0,28.7,2.4,9.0,1234,1297.0,2.8,1.0,192,MA上昇配列
6744,能美防災,電気機器,8.7,★☆☆☆☆,0.0,0.0,3.0,0.0,5.7,0.0,0.0,0.0,,,0.0,17.5,2.6,3.7,4181,4410.0,5.3,1.3,316,-
8014,蝶理,卸売業,8.7,★☆☆☆☆,0.0,0.0,3.0,0.0,5.7,0.0,0.0,0.0,,,0.0,14.1,1.6,2.2,3853,3980.0,2.6,1.3,100,-
8151,東陽テクニカ,卸売業,8.7,★☆☆☆☆,0.0,0.0,0.0,0.0,8.7,0.0,0.0,0.0,,,0.0,11.5,2.6,1.2,1879,1981.0,4.6,1.0,194,MA上昇配列 / パーフェクトオーダー
9616,共立メンテナンス,サービス業,8.7,★☆☆☆☆,0.0,0.0,1.0,0.0,7.7,0.0,0.0,0.0,,,0.0,19.8,2.7,6.7,3046,3221.0,6.3,1.3,3117,MA上昇配列
9552,クオンツ総研ホールディングス,サービス業,8.7,★☆☆☆☆,0.0,0.0,3.0,0.0,5.7,0.0,0.0,0.0,,,0.0,23.0,4.5,4.4,829,911.0,6.5,1.7,215,MA上昇配列
9504,中国電力,電気・ガス業,8.7,★☆☆☆☆,0.0,0.0,1.0,0.0,7.7,0.0,0.0,0.0,,,0.0,18.3,1.7,3.8,919,951.0,2.1,1.2,1314,MA上昇配列
3861,王子ホールディングス,パルプ・紙,8.7,★☆☆☆☆,0.0,0.0,0.0,0.0,8.7,0.0,0.0,0.0,,,0.0,22.5,1.5,7.3,855,882.4000244140625,5.4,1.0,3127,MA上昇配列
7476,アズワン,卸売業,8.7,★☆☆☆☆,0.0,0.0,2.0,0.0,6.7,0.0,0.0,0.0,,,0.0,24.7,1.9,7.0,2424,2521.0,1.5,0.9,402,MA上昇配列
9506,東北電力,電気・ガス業,8.7,★☆☆☆☆,0.0,0.0,2.0,0.0,6.7,0.0,0.0,0.0,,,0.0,23.7,1.9,7.9,1133,1177.5,4.5,1.1,2649,MA上昇配列
8593,三菱ＨＣキャピタル,その他金融業,8.7,★☆☆☆☆,0.0,0.0,2.0,0.0,6.7,0.0,0.0,0.0,,,0.0,23.0,1.5,7.4,1426,1470.0,5.8,1.1,5410,-
4307,野村総合研究所,情報・通信業,8.7,★☆☆☆☆,0.0,0.0,1.0,0.0,7.7,0.0,0.0,0.0,,,0.0,31.5,3.3,7.8,4858,5196.0,2.4,0.9,12340,MA上昇配列
7018,内海造船,輸送用機器,8.7,★☆☆☆☆,0.0,0.0,4.0,0.0,4.7,0.0,0.0,0.0,,,0.0,33.0,6.1,12.1,9733,11090.0,16.2,1.6,225,-
3048,ビックカメラ,小売業,8.7,★☆☆☆☆,0.0,0.0,2.0,0.0,6.7,0.0,0.0,0.0,,,0.0,18.1,1.9,6.2,1691,1759.0,5.8,0.9,1021,-
3028,アルペン,小売業,8.7,★☆☆☆☆,0.0,0.0,2.0,0.0,6.7,0.0,0.0,0.0,,,0.0,20.4,1.6,6.2,2167,2241.0,2.1,0.8,281,MA上昇配列
4238,ミライアル,化学,8.6,★☆☆☆☆,6.6,0.0,1.0,0.0,1.0,0.0,0.0,0.0,,Emerson,0.1,6.5,5.6,-4.9,1498,1688.0,3.2,1.5,144,Emerson+6.9%連動(β0.37)
3387,クリエイト・レストランツ・ホールディングス,小売業,8.5,★☆☆☆☆,0.0,0.0,1.0,0.0,7.5,0.0,0.0,0.0,,,0.0,19.3,3.0,4.4,734,781.0,0.5,0.7,1239,MA上昇配列
7701,島津製作所,精密機器,8.5,★☆☆☆☆,0.0,0.0,2.0,0.0,6.5,0.0,0.0,0.0,,,0.0,16.3,2.3,4.8,4073,4274.0,2.2,0.9,4286,MA上昇配列
4800,オリコン,情報・通信業,8.5,★☆☆☆☆,0.0,0.0,0.0,0.0,8.5,0.0,0.0,0.0,,,0.0,12.7,0.3,0.3,1349,1357.0,0.0,0.1,138,MA上昇配列 / パーフェクトオーダー / 52週高値目前
7921,ＴＡＫＡＲＡ　＆　ＣＯＭＰＡＮＹ,その他製品,8.5,★☆☆☆☆,0.0,0.0,4.0,0.0,7.5,0.0,0.0,-3.0,,,0.0,50.6,4.3,17.3,4060,4440.0,-0.2,0.8,273,資金流入増 / MA上昇配列 / RSI過熱(85)⚠ / 伸びすぎ注意(25MA+17%)
3139,ラクト・ジャパン,卸売業,8.5,★☆☆☆☆,0.0,0.0,2.0,0.0,6.5,0.0,0.0,0.0,,,0.0,17.7,1.5,2.1,3354,3460.0,-0.4,0.5,107,MA上昇配列
4419,Ｆｉｎａｔｅｘｔホールディングス,情報・通信業,8.5,★☆☆☆☆,0.0,0.0,0.0,0.0,8.5,0.0,0.0,0.0,,,0.0,29.9,5.6,4.9,1393,1569.0,-4.4,0.7,833,MA上昇配列 / パーフェクトオーダー
4577,ダイト,医薬品,8.5,★☆☆☆☆,0.0,0.0,2.0,0.0,6.5,0.0,0.0,0.0,,,0.0,17.0,2.6,3.3,1234,1301.0,-0.6,0.7,105,MA上昇配列 / 開示[自己株式の取得](14日前)
2587,サントリービバレッジ＆フード,食料品,8.5,★☆☆☆☆,0.0,0.0,2.0,0.0,6.5,0.0,0.0,0.0,,,0.0,16.9,2.0,3.8,4543,4730.0,1.4,0.8,4267,MA上昇配列
1822,大豊建設,建設業,8.5,★☆☆☆☆,0.0,0.0,1.0,0.0,7.5,0.0,0.0,0.0,,,0.0,16.2,2.2,2.1,758,793.0,1.8,0.8,148,MA上昇配列
6330,東洋エンジニアリング,建設業,8.4,★☆☆☆☆,0.0,0.0,4.7,0.0,3.7,0.0,0.0,0.0,,,0.0,18.9,5.5,6.5,1866,2095.0,19.6,3.6,3973,出来高急増3.6倍
5711,三菱マテリアル,非鉄金属,8.4,★☆☆☆☆,5.9,0.0,1.0,0.0,1.5,0.0,0.0,0.0,,Emerson,-0.1,7.5,4.3,-2.0,3857,4224.0,6.4,0.6,6154,Emerson+6.9%連動(β0.34)
4972,綜研化学,化学,8.3,★☆☆☆☆,0.0,0.0,5.3,0.0,1.0,0.0,2.0,0.0,,,0.0,7.3,6.6,-10.6,2686,3095.0,-7.1,2.2,356,出来高増2.2倍 / 開示[買収](3日前)
6645,オムロン,電気機器,8.2,★☆☆☆☆,6.2,0.0,2.0,0.0,0.0,0.0,0.0,0.0,,Emerson,-3.0,11.4,4.3,-1.4,5169,5650.0,6.4,0.9,7286,Emerson+6.9%連動(β0.36)
2801,キッコーマン,食料品,8.2,★☆☆☆☆,0.0,0.0,1.0,0.0,7.2,0.0,0.0,0.0,,,0.0,10.9,2.6,0.3,1551,1636.5,-1.8,0.7,5560,MA上昇配列 / パーフェクトオーダー
6465,ホシザキ,機械,8.2,★☆☆☆☆,0.0,0.0,1.0,0.0,7.2,0.0,0.0,0.0,,,0.0,19.5,2.2,5.2,5459,5706.0,6.4,1.3,2431,MA上昇配列 / パーフェクトオーダー
1939,四電工,建設業,8.2,★☆☆☆☆,0.0,0.0,0.0,0.0,8.2,0.0,0.0,0.0,,,0.0,8.9,2.0,0.9,1944,2025.0,4.8,1.0,155,MA上昇配列 / パーフェクトオーダー
5076,インフロニア・ホールディングス,建設業,8.2,★☆☆☆☆,0.0,0.0,0.0,0.0,8.2,0.0,0.0,0.0,,,0.0,15.2,3.1,2.1,2655,2832.0,2.3,0.5,4322,MA上昇配列 / パーフェクトオーダー
287A,黒田グループ,卸売業,8.2,★☆☆☆☆,0.0,0.0,0.0,0.0,8.2,0.0,0.0,0.0,,,0.0,14.3,2.5,1.6,1051,1107.0,3.4,0.7,538,MA上昇配列 / パーフェクトオーダー
7979,松風,精密機器,8.2,★☆☆☆☆,0.0,0.0,1.0,0.0,7.2,0.0,0.0,0.0,,,0.0,16.7,2.3,2.7,2040,2138.0,-3.2,0.7,183,MA上昇配列 / パーフェクトオーダー
8050,セイコーグループ,精密機器,8.2,★☆☆☆☆,0.0,0.0,0.0,0.0,8.2,0.0,0.0,0.0,,,0.0,9.4,5.4,1.0,6916,7760.0,4.6,0.8,2196,MA上昇配列 / パーフェクトオーダー
8508,Ｊトラスト,その他金融業,8.2,★☆☆☆☆,0.0,0.0,0.0,0.0,8.2,0.0,0.0,0.0,,,0.0,13.4,3.7,1.1,767,829.0,-1.4,0.5,637,MA上昇配列 / パーフェクトオーダー
3002,グンゼ,繊維製品,8.2,★☆☆☆☆,0.0,0.0,3.0,0.0,5.2,0.0,0.0,0.0,,,0.0,16.4,1.4,3.0,3954,4065.0,3.3,1.7,559,MA上昇配列
9143,ＳＧホールディングス,陸運業,8.2,★☆☆☆☆,0.0,0.0,2.0,0.0,6.2,0.0,0.0,0.0,,,0.0,13.8,1.9,2.7,1548,1609.0,-0.7,1.1,2035,MA上昇配列 / パーフェクトオーダー
2809,キユーピー,食料品,8.2,★☆☆☆☆,0.0,0.0,2.0,0.0,6.2,0.0,0.0,0.0,,,0.0,13.6,2.7,2.0,4279,4523.0,-2.3,0.5,2042,MA上昇配列
4212,積水樹脂,化学,8.2,★☆☆☆☆,0.0,0.0,0.0,0.0,8.2,0.0,0.0,0.0,,,0.0,14.9,2.6,2.1,2526,2667.0,2.4,0.5,245,MA上昇配列 / パーフェクトオーダー
4689,ＬＩＮＥヤフー,情報・通信業,8.2,★☆☆☆☆,0.0,0.0,2.0,0.0,6.2,0.0,0.0,0.0,,,0.0,18.3,2.2,1.5,422,441.20001220703125,-1.4,1.0,5917,MA上昇配列 / パーフェクトオーダー
5989,エイチワン,金属製品,8.2,★☆☆☆☆,0.0,0.0,1.0,0.0,7.2,0.0,0.0,0.0,,,0.0,17.5,2.4,0.8,1487,1563.0,-0.3,1.0,202,MA上昇配列 / パーフェクトオーダー
5981,東京製綱,金属製品,8.2,★☆☆☆☆,0.0,0.0,0.0,0.0,8.2,0.0,0.0,0.0,,,0.0,12.0,2.6,0.5,1867,1969.0,3.8,0.6,147,MA上昇配列 / パーフェクトオーダー
6376,日機装,精密機器,8.2,★☆☆☆☆,0.0,0.0,0.0,0.0,8.2,0.0,0.0,0.0,,,0.0,7.3,4.3,2.9,3710,4060.0,6.3,0.6,1734,MA上昇配列 / パーフェクトオーダー
7236,ティラド,輸送用機器,8.2,★☆☆☆☆,0.0,0.0,0.0,0.0,8.2,0.0,0.0,0.0,,,0.0,13.0,3.5,2.7,1432,1540.0,3.9,0.7,379,MA上昇配列 / パーフェクトオーダー
2579,コカ・コーラ　ボトラーズジャパンホールディングス,食料品,8.2,★☆☆☆☆,0.0,0.0,0.0,0.0,8.2,0.0,0.0,0.0,,,0.0,12.6,2.9,2.6,4109,4364.0,1.7,0.8,3949,MA上昇配列 / パーフェクトオーダー
5901,東洋製罐グループホールディングス,金属製品,8.2,★☆☆☆☆,0.0,0.0,0.0,0.0,8.2,0.0,0.0,0.0,,,0.0,10.2,2.0,1.4,3983,4146.0,2.3,0.9,892,MA上昇配列 / パーフェクトオーダー
6861,キーエンス,電気機器,8.1,★☆☆☆☆,6.1,0.0,1.0,0.0,1.0,0.0,0.0,0.0,,Emerson,-0.6,6.9,3.2,-2.9,69494,74170.0,4.6,1.2,44611,Emerson+6.9%連動(β0.35)
9837,モリト,卸売業,8.1,★☆☆☆☆,0.0,0.0,2.0,0.0,5.7,0.0,0.4,0.0,,,0.0,14.6,2.1,2.2,1749,1825.0,2.0,0.7,114,開示[自己株式の取得](13日前) / 開示[自己株式取得](13日前)
6869,シスメックス,電気機器,8.1,★☆☆☆☆,0.0,0.0,2.0,0.0,4.2,0.0,1.9,0.0,,,0.0,20.4,3.0,5.8,1511,1606.0,-1.4,0.9,4166,MA上昇配列 / 開示[自己株式の取得](5日前)
9364,上組,倉庫・運輸関連業,8.0,★☆☆☆☆,0.0,0.0,1.0,0.0,7.0,0.0,0.0,0.0,,,0.0,20.3,1.8,2.8,5045,5238.0,1.8,0.8,2148,MA上昇配列 / パーフェクトオーダー
6101,ツガミ,機械,8.0,★☆☆☆☆,7.0,0.0,0.0,0.0,1.0,0.0,0.0,0.0,,Emerson,0.1,5.4,7.4,-6.2,5951,6980.0,3.7,0.9,3548,Emerson+6.9%連動(β0.39)
1605,ＩＮＰＥＸ,鉱業,8.0,★☆☆☆☆,0.0,0.0,2.0,0.0,6.0,0.0,0.0,0.0,,,0.0,21.5,2.6,7.2,3459,3652.0,7.4,1.3,16401,-
4481,ベース,情報・通信業,8.0,★☆☆☆☆,0.0,0.0,2.0,0.0,6.0,0.0,0.0,0.0,,,0.0,26.0,1.8,6.7,3081,3195.0,2.9,1.1,385,-
4521,科研製薬,医薬品,8.0,★☆☆☆☆,0.0,0.0,1.0,0.0,7.0,0.0,0.0,0.0,,,0.0,12.9,1.3,1.9,3811,3915.0,1.4,1.4,390,-
4613,関西ペイント,化学,8.0,★☆☆☆☆,0.0,0.0,1.0,0.0,7.0,0.0,0.0,0.0,,,0.0,14.8,2.1,2.1,2624,2739.0,2.7,1.4,2285,MA上昇配列 / パーフェクトオーダー
7241,フタバ産業,輸送用機器,8.0,★☆☆☆☆,0.0,0.0,1.0,0.0,7.0,0.0,0.0,0.0,,,0.0,18.4,1.9,4.5,980,1018.0,3.8,0.5,251,-
4547,キッセイ薬品工業,医薬品,8.0,★☆☆☆☆,0.0,0.0,1.0,0.0,7.0,0.0,0.0,0.0,,,0.0,16.2,1.8,4.3,4146,4300.0,3.2,0.6,331,-
4575,キャンバス,医薬品,8.0,★☆☆☆☆,0.0,0.0,3.0,0.0,8.0,0.0,0.0,-3.0,,,0.0,47.3,6.6,15.2,668,769.0,9.2,0.8,246,資金流入増 / MA上昇配列 / 伸びすぎ注意(25MA+15%)
7047,ポート,サービス業,8.0,★☆☆☆☆,0.0,0.0,2.0,0.0,6.0,0.0,0.0,0.0,,,0.0,29.1,3.9,1.8,2238,2428.0,-3.2,0.6,261,MA上昇配列 / パーフェクトオーダー
9474,ゼンリン,情報・通信業,8.0,★☆☆☆☆,0.0,0.0,2.0,0.0,6.0,0.0,0.0,0.0,,,0.0,20.5,1.3,4.3,906,930.0,2.1,1.4,158,-
1852,淺沼組,建設業,8.0,★☆☆☆☆,0.0,0.0,2.0,0.0,6.0,0.0,0.0,0.0,,,0.0,17.7,1.7,4.4,855,886.0,3.7,1.2,456,-
9501,東京電力ホールディングス,電気・ガス業,8.0,★☆☆☆☆,0.0,0.0,3.3,0.0,4.7,0.0,0.0,0.0,,,0.0,28.3,3.6,10.8,498,537.0,6.0,1.1,15453,買い出来高優勢
9605,東映,情報・通信業,8.0,★☆☆☆☆,0.0,0.0,0.0,0.0,8.0,0.0,0.0,0.0,,,0.0,16.2,2.2,4.3,5731,6000.0,2.7,1.1,396,-
4658,日本空調サービス,サービス業,8.0,★☆☆☆☆,0.0,0.0,1.0,0.0,7.0,0.0,0.0,0.0,,,0.0,13.2,1.8,1.3,1569,1629.0,1.9,1.0,118,MA上昇配列 / パーフェクトオーダー
8154,加賀電子,卸売業,8.0,★☆☆☆☆,0.0,0.0,2.0,0.0,6.0,0.0,0.0,0.0,,,0.0,16.0,2.6,5.4,4238,4475.0,9.0,0.8,637,-
3762,テクマトリックス,情報・通信業,8.0,★☆☆☆☆,0.0,0.0,2.0,0.0,6.0,0.0,0.0,0.0,,,0.0,28.7,2.1,8.7,1885,1969.0,3.5,1.1,350,-
9401,ＴＢＳホールディングス,情報・通信業,8.0,★☆☆☆☆,0.0,0.0,1.0,0.0,7.0,0.0,0.0,0.0,,,0.0,16.0,2.0,0.6,6058,6315.0,1.4,1.2,2089,MA上昇配列 / パーフェクトオーダー
8570,イオンフィナンシャルサービス,その他金融業,8.0,★☆☆☆☆,0.0,0.0,1.0,0.0,7.0,0.0,0.0,0.0,,,0.0,18.6,2.1,4.3,1514,1580.0,3.5,0.7,797,-
5288,アジアパイルホールディングス,ガラス・土石製品,8.0,★☆☆☆☆,0.0,0.0,1.0,0.0,7.0,0.0,0.0,0.0,,,0.0,14.4,2.3,2.9,1470,1540.0,2.5,0.8,211,-
8871,ゴールドクレスト,不動産業,8.0,★☆☆☆☆,0.0,0.0,1.0,0.0,7.0,0.0,0.0,0.0,,,0.0,13.9,1.7,1.8,3257,3375.0,2.3,1.2,127,-
5541,大平洋金属,鉄鋼,8.0,★☆☆☆☆,0.0,0.0,2.0,0.0,6.0,0.0,0.0,0.0,,,0.0,22.9,2.5,6.7,2294,2413.0,6.3,1.2,411,-
2593,伊藤園,食料品,8.0,★☆☆☆☆,0.0,0.0,0.0,0.0,8.0,0.0,0.0,0.0,,,0.0,16.7,2.3,3.8,2929,3072.0,-0.8,0.7,1071,MA上昇配列
9697,カプコン,情報・通信業,8.0,★☆☆☆☆,0.0,0.0,2.0,0.0,6.0,0.0,0.0,0.0,,,0.0,30.1,3.0,9.7,3309,3519.0,3.1,1.4,7326,-
9435,光通信,情報・通信業,8.0,★☆☆☆☆,0.0,0.0,1.0,0.0,7.0,0.0,0.0,0.0,,,0.0,18.9,2.2,6.0,37066,38770.0,4.9,1.0,3146,-
1514,住石ホールディングス,鉱業,8.0,★☆☆☆☆,0.0,0.0,2.0,0.0,6.0,0.0,0.0,0.0,,,0.0,26.1,3.6,7.1,557,600.0,7.1,0.8,180,-
4523,エーザイ,医薬品,8.0,★☆☆☆☆,0.0,0.0,2.0,0.0,6.0,0.0,0.0,0.0,,,0.0,29.8,2.3,11.4,4537,4753.0,6.8,1.2,7570,-
7313,テイ・エス　テック,輸送用機器,8.0,★☆☆☆☆,0.0,0.0,0.0,0.0,8.0,0.0,0.0,0.0,,,0.0,15.4,1.2,3.7,1773,1818.0,3.3,1.1,519,-
9119,飯野海運,海運業,8.0,★☆☆☆☆,0.0,0.0,2.0,0.0,6.0,0.0,0.0,0.0,,,0.0,20.3,2.4,5.4,1461,1534.0,4.6,1.0,309,-
9302,三井倉庫ホールディングス,倉庫・運輸関連業,8.0,★☆☆☆☆,0.0,0.0,2.0,0.0,6.0,0.0,0.0,0.0,,,0.0,16.4,2.1,3.1,3511,3665.0,2.1,0.8,793,-
8219,青山商事,小売業,8.0,★☆☆☆☆,0.0,0.0,1.0,0.0,7.0,0.0,0.0,0.0,,,0.0,18.3,1.4,4.4,716,737.0,2.4,0.7,436,-
4819,デジタルガレージ,情報・通信業,8.0,★☆☆☆☆,0.0,0.0,2.0,0.0,6.0,0.0,0.0,0.0,,,0.0,41.6,4.3,10.6,2096,2295.0,-0.7,0.5,787,-
7943,ニチハ,ガラス・土石製品,8.0,★☆☆☆☆,0.0,0.0,1.0,0.0,7.0,0.0,0.0,0.0,,,0.0,12.0,2.1,3.0,2971,3100.0,3.3,0.6,237,-
5240,ｍｏｎｏＡＩ　ｔｅｃｈｎｏｌｏｇｙ,情報・通信業,8.0,★☆☆☆☆,0.0,0.0,5.0,0.0,8.0,0.0,0.0,-5.0,,,0.0,126.2,14.1,59.9,180,250.0,46.2,1.4,608,資金流入増 / MA上昇配列 / 過熱⚠25MA+60%
3844,コムチュア,情報・通信業,8.0,★☆☆☆☆,0.0,0.0,2.0,0.0,6.0,0.0,0.0,0.0,,,0.0,23.1,1.9,4.5,1329,1382.0,0.8,1.6,224,-
4046,大阪ソーダ,化学,8.0,★☆☆☆☆,0.0,0.0,4.3,0.0,3.7,0.0,0.0,0.0,,,0.0,10.9,2.7,1.4,1765,1867.0,6.4,2.8,600,出来高増2.8倍
3245,ディア・ライフ,不動産業,8.0,★☆☆☆☆,0.0,0.0,0.0,0.0,8.0,0.0,0.0,0.0,,,0.0,19.8,1.3,4.0,1065,1093.0,1.0,0.6,234,MA上昇配列
5019,出光興産,石油・石炭製品,8.0,★☆☆☆☆,0.0,0.0,2.0,0.0,6.0,0.0,0.0,0.0,,,0.0,18.1,2.1,5.1,1259,1314.0,5.9,1.0,4648,-
3299,ムゲンエステート,不動産業,8.0,★☆☆☆☆,0.0,0.0,2.0,0.0,6.0,0.0,0.0,0.0,,,0.0,25.6,2.2,7.6,1924,2014.0,2.5,0.7,321,-
2317,システナ,情報・通信業,8.0,★☆☆☆☆,0.0,0.0,1.0,0.0,7.0,0.0,0.0,0.0,,,0.0,22.7,1.8,6.5,422,438.0,4.8,1.2,403,-
2395,新日本科学,サービス業,8.0,★☆☆☆☆,0.0,0.0,3.3,0.0,4.7,0.0,0.0,0.0,,,0.0,29.2,2.8,8.9,1251,1324.0,3.5,0.8,272,買い出来高優勢
2296,伊藤ハム米久ホールディングス,食料品,8.0,★☆☆☆☆,0.0,0.0,2.0,0.0,6.0,0.0,0.0,0.0,,,0.0,15.6,1.8,3.3,4766,4945.0,1.4,1.0,706,-
7906,ヨネックス,その他製品,8.0,★☆☆☆☆,0.0,0.0,2.0,0.0,6.0,0.0,0.0,0.0,,,0.0,24.5,3.6,7.0,2425,2613.0,0.0,0.8,1166,-
5161,西川ゴム工業,ゴム製品,8.0,★☆☆☆☆,0.0,0.0,2.0,0.0,6.0,0.0,0.0,0.0,,,0.0,19.2,1.7,4.7,3118,3225.0,4.5,1.2,298,-
5461,中部鋼鈑,鉄鋼,8.0,★☆☆☆☆,0.0,0.0,2.0,0.0,6.0,0.0,0.0,0.0,,,0.0,19.4,1.6,4.2,2052,2120.0,3.7,0.9,190,-
8877,エスリード,不動産業,8.0,★☆☆☆☆,0.0,0.0,2.0,0.0,6.0,0.0,0.0,0.0,,,0.0,18.7,2.1,5.3,5065,5290.0,4.3,1.0,142,-
4165,プレイド,情報・通信業,8.0,★☆☆☆☆,0.0,0.0,2.0,0.0,6.0,0.0,0.0,0.0,,,0.0,39.0,5.1,8.0,514,572.0,-1.7,0.5,240,-
8065,佐藤商事,卸売業,8.0,★☆☆☆☆,0.0,0.0,1.0,0.0,7.0,0.0,0.0,0.0,,,0.0,16.5,3.4,2.7,2835,3040.0,2.0,0.4,112,-
3543,コメダホールディングス,卸売業,8.0,★☆☆☆☆,0.0,0.0,0.0,0.0,8.0,0.0,0.0,0.0,,,0.0,15.9,1.4,2.8,2804,2887.0,1.4,1.1,612,-
3153,八洲電機,卸売業,8.0,★☆☆☆☆,0.0,0.0,1.0,0.0,7.0,0.0,0.0,0.0,,,0.0,16.8,2.7,6.0,2822,2984.0,9.9,1.5,146,-
3558,ジェイドグループ,小売業,8.0,★☆☆☆☆,0.0,0.0,2.0,0.0,6.0,0.0,0.0,0.0,,,0.0,23.4,3.0,5.1,1576,1678.0,1.4,0.5,169,-
8032,日本紙パルプ商事,卸売業,8.0,★☆☆☆☆,0.0,0.0,0.0,0.0,8.0,0.0,0.0,0.0,,,0.0,14.2,2.2,2.4,1078,1127.0,0.8,1.1,185,-
8056,ＢＩＰＲＯＧＹ,情報・通信業,8.0,★☆☆☆☆,0.0,0.0,2.0,0.0,6.0,0.0,0.0,0.0,,,0.0,27.8,2.4,8.7,4629,4863.0,4.3,1.1,1743,-
8153,モスフードサービス,卸売業,8.0,★☆☆☆☆,0.0,0.0,1.0,0.0,7.0,0.0,0.0,0.0,,,0.0,17.6,1.7,3.3,3696,3830.0,0.3,1.3,303,-
8084,ＲＹＯＤＥＮ,卸売業,8.0,★☆☆☆☆,0.0,0.0,1.0,0.0,7.0,0.0,0.0,0.0,,,0.0,10.7,2.3,0.2,3746,3925.0,3.6,0.9,131,MA上昇配列 / パーフェクトオーダー
2815,アリアケジャパン,食料品,8.0,★☆☆☆☆,0.0,0.0,2.0,0.0,6.0,0.0,0.0,0.0,,,0.0,19.3,1.6,5.7,5269,5440.0,4.4,1.6,432,-
3836,アバントグループ,情報・通信業,8.0,★☆☆☆☆,0.0,0.0,2.0,0.0,6.0,0.0,0.0,0.0,,,0.0,29.6,2.3,8.8,1200,1257.0,3.9,0.7,103,-
6814,古野電気,電気機器,8.0,★☆☆☆☆,0.0,0.0,3.0,0.0,8.0,0.0,0.0,-3.0,,,0.0,40.0,5.6,15.9,6784,7640.0,7.6,1.1,3667,MA上昇配列 / 伸びすぎ注意(25MA+16%)
9603,エイチ・アイ・エス,サービス業,8.0,★☆☆☆☆,0.0,0.0,3.3,0.0,4.7,0.0,0.0,0.0,,,0.0,22.2,2.2,6.2,1005,1051.0,5.0,2.1,484,出来高増2.1倍
1662,石油資源開発,鉱業,8.0,★☆☆☆☆,0.0,0.0,2.0,0.0,6.0,0.0,0.0,0.0,,,0.0,19.0,2.9,4.9,1642,1744.0,4.8,1.4,2344,-
4784,ＧＭＯインターネット,サービス業,8.0,★☆☆☆☆,0.0,0.0,2.0,0.0,6.0,0.0,0.0,0.0,,,0.0,26.1,4.9,6.1,473,524.0,-2.6,1.0,847,-
6890,フェローテック,電気機器,7.9,★☆☆☆☆,0.0,0.0,2.0,0.0,2.7,0.0,3.2,0.0,,,0.0,2.8,8.3,-2.8,7191,8620.0,23.0,1.6,11960,開示[業績予想の修正](5日前) / 開示[業績予想の修正](5日前)
4733,オービックビジネスコンサルタント,情報・通信業,7.800000000000001,★☆☆☆☆,0.0,0.0,6.3,0.0,6.5,0.0,0.0,-5.0,,,0.0,47.8,3.4,23.8,7440,7987.0,20.6,1.9,2343,買い出来高優勢 / MA上昇配列 / RSI過熱(90)⚠ / 過熱⚠25MA+24%
3179,シュッピン,小売業,7.800000000000001,★☆☆☆☆,0.0,0.0,3.3,0.0,7.5,0.0,0.0,-3.0,,,0.0,30.0,3.2,15.9,1209,1292.0,17.9,0.8,169,買い出来高優勢 / MA上昇配列 / RSI過熱(86)⚠ / 伸びすぎ注意(25MA+16%)
7803,ブシロード,その他製品,7.800000000000001,★☆☆☆☆,0.0,0.0,5.3,0.0,5.5,0.0,0.0,-3.0,,,0.0,63.1,6.3,18.9,344,394.0,-5.1,1.1,653,買い出来高優勢 / 資金流入増 / MA上昇配列 / 伸びすぎ注意(25MA+19%)
4503,アステラス製薬,医薬品,7.7,★☆☆☆☆,0.0,0.0,2.0,0.0,5.7,0.0,0.0,0.0,,,0.0,13.7,2.0,2.4,2123,2210.0,2.7,0.9,14268,-
3196,ホットランドホールディングス,小売業,7.7,★☆☆☆☆,0.0,0.0,3.0,0.0,4.7,0.0,0.0,0.0,,,0.0,16.5,1.6,4.3,1609,1661.0,3.7,1.7,219,-
3673,ブロードリーフ,情報・通信業,7.7,★☆☆☆☆,0.0,0.0,2.0,0.0,5.7,0.0,0.0,0.0,,,0.0,28.4,3.3,5.3,406,435.0,-0.9,0.8,326,-
6727,ワコム,電気機器,7.7,★☆☆☆☆,0.0,0.0,3.0,0.0,4.7,0.0,0.0,0.0,,,0.0,14.8,2.6,2.6,747,789.0,9.3,1.8,512,-
3765,ガンホー・オンライン・エンターテイメント,情報・通信業,7.7,★☆☆☆☆,0.0,0.0,3.0,0.0,4.7,0.0,0.0,0.0,,,0.0,21.0,2.2,4.7,2312,2416.0,2.9,1.2,527,-
5451,ヨドコウ,鉄鋼,7.7,★☆☆☆☆,0.0,0.0,0.0,0.0,7.7,0.0,0.0,0.0,,,0.0,18.3,1.6,5.7,1346,1391.0,4.6,1.0,361,MA上昇配列
1959,クラフティア,建設業,7.7,★☆☆☆☆,0.0,0.0,3.0,0.0,4.7,0.0,0.0,0.0,,,0.0,8.2,2.9,0.4,8582,9102.0,6.5,2.0,1630,-
9543,静岡ガス,電気・ガス業,7.7,★☆☆☆☆,0.0,0.0,2.0,0.0,5.7,0.0,0.0,0.0,,,0.0,13.9,1.6,3.3,1239,1280.0,2.9,0.9,157,-
6810,マクセル,電気機器,7.7,★☆☆☆☆,0.0,0.0,0.0,0.0,7.7,0.0,0.0,0.0,,,0.0,11.8,2.3,2.4,2072,2171.0,7.2,0.7,414,MA上昇配列
256A,飛島ホールディングス,建設業,7.7,★☆☆☆☆,0.0,0.0,0.0,0.0,7.7,0.0,0.0,0.0,,,0.0,17.2,1.9,3.6,2015,2094.0,5.1,1.2,336,MA上昇配列
8914,エリアリンク,不動産業,7.7,★☆☆☆☆,0.0,0.0,3.0,0.0,4.7,0.0,0.0,0.0,,,0.0,24.3,3.7,10.2,872,943.0,5.5,0.8,140,-
4617,中国塗料,化学,7.7,★☆☆☆☆,0.0,0.0,1.0,0.0,6.7,0.0,0.0,0.0,,,0.0,21.2,3.1,5.7,3510,3745.0,5.5,0.9,1093,MA上昇配列
6993,大黒屋ホールディングス,小売業,7.699999999999999,★☆☆☆☆,0.0,0.0,5.7,0.0,5.0,0.0,0.0,-3.0,,,0.0,22.9,5.4,17.3,90,101.0,32.9,3.7,1010,出来高急増3.7倍 / 伸びすぎ注意(25MA+17%)
4889,レナサイエンス,医薬品,7.6000000000000005,★☆☆☆☆,0.0,0.0,1.0,0.0,5.7,0.0,0.9,0.0,,,0.0,20.1,7.3,0.8,1321,1545.0,6.6,0.4,529,MA上昇配列 / 開示[AI](6日前)
6113,アマダ,機械,7.6,★☆☆☆☆,5.6,0.0,0.0,0.0,2.0,0.0,0.0,0.0,,Emerson,-0.8,9.7,3.7,-1.1,2716,2936.0,6.6,0.6,6558,Emerson+6.9%連動(β0.33)
6196,ストライクグループ,サービス業,7.5,★☆☆☆☆,0.0,0.0,2.0,0.0,5.5,0.0,0.0,0.0,,,0.0,19.9,1.7,3.2,1310,1356.0,1.2,1.1,344,MA上昇配列
4290,プレステージ・インターナショナル,サービス業,7.5,★☆☆☆☆,0.0,0.0,3.0,0.0,4.5,0.0,0.0,0.0,,,0.0,14.9,1.5,1.8,647,667.0,-0.7,1.3,233,-
7947,エフピコ,化学,7.5,★☆☆☆☆,0.0,0.0,3.3,0.0,4.2,0.0,0.0,0.0,,,0.0,11.1,2.1,2.4,2528,2638.0,3.9,2.1,492,出来高増2.1倍 / MA上昇配列
7600,日本エム・ディ・エム,精密機器,7.5,★☆☆☆☆,0.0,0.0,0.0,0.0,7.5,0.0,0.0,0.0,,,0.0,11.2,4.1,0.3,845,920.0,-4.5,0.7,219,MA上昇配列 / パーフェクトオーダー
6418,日本金銭機械,機械,7.5,★☆☆☆☆,0.0,0.0,2.0,0.0,5.5,0.0,0.0,0.0,,,0.0,21.2,2.4,4.9,1035,1087.0,4.1,1.0,108,MA上昇配列
6817,スミダコーポレーション,電気機器,7.5,★☆☆☆☆,6.5,0.0,0.0,0.0,1.0,0.0,0.0,0.0,,Emerson,-0.2,8.0,3.2,-1.3,1264,1350.0,4.7,0.7,362,Emerson+6.9%連動(β0.37)
2301,学情,サービス業,7.5,★☆☆☆☆,0.0,0.0,2.0,0.0,5.5,0.0,0.0,0.0,,,0.0,16.4,1.4,2.4,1601,1646.0,-0.1,0.9,127,MA上昇配列
2121,ＭＩＸＩ,情報・通信業,7.5,★☆☆☆☆,0.0,0.0,3.3,0.0,4.2,0.0,0.0,0.0,,,0.0,20.8,2.1,2.3,2760,2884.0,-2.5,0.7,928,買い出来高優勢 / MA上昇配列
9828,Ｇｅｎｋｉ　Ｇｌｏｂａｌ　Ｄｉｎｉｎｇ　Ｃｏｎｃｅｐｔｓ,小売業,7.5,★☆☆☆☆,0.0,0.0,2.0,0.0,5.5,0.0,0.0,0.0,,,0.0,23.7,2.6,6.9,3266,3445.0,-0.6,1.0,227,MA上昇配列
4418,ＪＤＳＣ,情報・通信業,7.5,★☆☆☆☆,0.0,0.0,4.0,0.0,3.5,0.0,0.0,0.0,,,0.0,43.6,7.5,10.0,711,837.0,-5.6,0.5,310,資金流入増
5216,倉元製作所,ガラス・土石製品,7.5,★☆☆☆☆,0.0,0.0,3.3,0.0,4.2,0.0,0.0,0.0,,,0.0,24.1,7.0,2.1,138,161.0,-12.5,0.3,129,買い出来高優勢 / MA上昇配列
4714,リソー教育グループ,サービス業,7.5,★☆☆☆☆,0.0,0.0,0.0,0.0,7.5,0.0,0.0,0.0,,,0.0,14.3,2.2,2.3,195,204.0,3.0,1.0,100,MA上昇配列 / パーフェクトオーダー
2594,キーコーヒー,食料品,7.5,★☆☆☆☆,0.0,0.0,1.0,0.0,6.5,0.0,0.0,0.0,,,0.0,12.4,0.8,0.8,1963,1994.0,0.3,1.4,120,MA上昇配列
4664,アール・エス・シー,サービス業,7.5,★☆☆☆☆,0.0,0.0,2.0,0.0,5.5,0.0,0.0,0.0,,,0.0,-6.0,6.6,3.5,860,992.0,16.3,0.3,324,資金流入増 / MA上昇配列
9746,ＴＫＣ,情報・通信業,7.5,★☆☆☆☆,0.0,0.0,3.0,0.0,4.5,0.0,0.0,0.0,,,0.0,23.8,1.9,8.4,3669,3815.0,4.7,1.3,298,RSI過熱(91)⚠ / 開示[自己株式の取得](14日前)
5027,ＡｎｙＭｉｎｄ　Ｇｒｏｕｐ,情報・通信業,7.5,★☆☆☆☆,0.0,0.0,3.3,0.0,4.2,0.0,0.0,0.0,,,0.0,46.2,4.9,10.1,506,561.0,4.9,1.0,135,買い出来高優勢 / MA上昇配列
6594,ニデック,電気機器,7.4,★☆☆☆☆,7.4,0.0,0.0,0.0,0.0,0.0,0.0,0.0,,Emerson,-0.7,11.3,3.1,-2.8,2397,2557.0,3.0,0.8,13083,Emerson+6.9%連動(β0.43)
3697,ＳＨＩＦＴ,情報・通信業,7.4,★☆☆☆☆,0.0,0.0,4.0,0.0,8.0,0.0,0.4,-5.0,,,0.0,53.7,5.5,26.7,785,882.2000122070312,18.7,1.6,6083,MA上昇配列 / 過熱⚠25MA+27% / 開示[業績予想の修正](12日前)
4911,資生堂,化学,7.300000000000001,★☆☆☆☆,0.0,0.0,4.3,0.0,6.0,0.0,0.0,-3.0,,,0.0,39.6,3.8,16.7,3030,3277.0,7.1,1.3,10192,買い出来高優勢 / 伸びすぎ注意(25MA+17%)
2229,カルビー,食料品,7.2,★☆☆☆☆,0.0,0.0,0.0,0.0,7.2,0.0,0.0,0.0,,,0.0,14.2,1.9,1.5,2887,2998.0,-0.2,0.6,918,MA上昇配列 / パーフェクトオーダー
4919,ミルボン,化学,7.2,★☆☆☆☆,0.0,0.0,1.0,0.0,6.2,0.0,0.0,0.0,,,0.0,16.5,1.7,2.7,2729,2823.0,-0.4,0.5,296,MA上昇配列 / パーフェクトオーダー
8131,ミツウロコグループホールディングス,卸売業,7.2,★☆☆☆☆,0.0,0.0,2.0,0.0,5.2,0.0,0.0,0.0,,,0.0,18.0,3.3,1.8,1938,2077.0,-0.7,0.8,111,MA上昇配列
3964,オークネット,情報・通信業,7.2,★☆☆☆☆,0.0,0.0,0.0,0.0,7.2,0.0,0.0,0.0,,,0.0,13.6,2.5,1.3,1338,1409.0,0.4,0.9,166,MA上昇配列 / パーフェクトオーダー
6328,荏原実業,機械,7.2,★☆☆☆☆,0.0,0.0,0.0,0.0,7.2,0.0,0.0,0.0,,,0.0,7.8,2.6,0.1,2293,2420.0,4.4,0.8,127,MA上昇配列 / パーフェクトオーダー
6071,ＩＢＪ,サービス業,7.2,★☆☆☆☆,0.0,0.0,1.0,0.0,6.2,0.0,0.0,0.0,,,0.0,18.8,2.6,1.3,782,825.0,-1.6,0.6,135,MA上昇配列 / パーフェクトオーダー
9948,アークス,小売業,7.2,★☆☆☆☆,0.0,0.0,0.0,0.0,7.2,0.0,0.0,0.0,,,0.0,15.9,2.1,2.9,3402,3555.0,0.1,0.7,283,MA上昇配列 / パーフェクトオーダー
8252,丸井グループ,小売業,7.2,★☆☆☆☆,0.0,0.0,1.0,0.0,6.2,0.0,0.0,0.0,,,0.0,17.6,1.8,2.9,2882,2991.5,0.9,1.1,2592,MA上昇配列
6238,フリュー,機械,7.2,★☆☆☆☆,0.0,0.0,0.0,0.0,7.2,0.0,0.0,0.0,,,0.0,13.1,2.4,1.2,1323,1389.0,3.7,0.9,128,MA上昇配列 / パーフェクトオーダー
4385,メルカリ,情報・通信業,7.2,★☆☆☆☆,0.0,0.0,1.0,0.0,6.2,0.0,0.0,0.0,,,0.0,29.1,4.1,2.5,4089,4453.0,-3.5,0.9,8191,MA上昇配列 / パーフェクトオーダー
4544,Ｈ．Ｕ．グループホールディングス,サービス業,7.2,★☆☆☆☆,0.0,0.0,2.0,0.0,5.2,0.0,0.0,0.0,,,0.0,16.6,2.0,3.1,3295,3434.0,1.4,0.9,728,MA上昇配列
7164,全国保証,その他金融業,7.2,★☆☆☆☆,0.0,0.0,1.0,0.0,6.2,0.0,0.0,0.0,,,0.0,15.1,1.7,2.7,3029,3133.0,2.2,1.0,1312,MA上昇配列
9517,イーレックス,電気・ガス業,7.1000000000000005,★☆☆☆☆,0.0,0.0,2.0,0.0,4.7,0.0,0.4,0.0,,,0.0,32.3,3.2,10.7,826,883.0,-0.5,0.5,228,開示[業績予想の修正](12日前)
6742,京三製作所,電気機器,7.1000000000000005,★☆☆☆☆,4.9,0.0,0.0,0.0,2.2,0.0,0.0,0.0,,Emerson,-0.6,4.1,4.6,-0.6,827,911.0,5.4,0.9,238,Emerson+6.9%連動(β0.28)
3252,地主,不動産業,7.0,★☆☆☆☆,0.0,0.0,0.0,0.0,7.0,0.0,0.0,0.0,,,0.0,15.4,1.7,2.6,2866,2967.0,3.4,0.8,298,-
7532,パン・パシフィック・インターナショナルホールディングス,小売業,7.0,★☆☆☆☆,0.0,0.0,1.0,0.0,6.0,0.0,0.0,0.0,,,0.0,20.1,2.9,5.5,843,894.0,0.6,0.9,8175,-
2792,ハニーズホールディングス,小売業,7.0,★☆☆☆☆,0.0,0.0,0.0,0.0,7.0,0.0,0.0,0.0,,,0.0,15.8,1.5,3.0,1394,1438.0,2.1,1.0,109,-
2733,あらた,卸売業,7.0,★☆☆☆☆,0.0,0.0,1.0,0.0,6.0,0.0,0.0,0.0,,,0.0,18.2,1.4,3.9,2549,2620.0,0.6,0.7,236,-
3289,東急不動産ホールディングス,不動産業,7.0,★☆☆☆☆,0.0,0.0,0.0,0.0,7.0,0.0,0.0,0.0,,,0.0,18.6,1.8,4.4,1321,1370.5,3.4,0.9,3861,-
9531,東京瓦斯,電気・ガス業,7.0,★☆☆☆☆,0.0,0.0,2.0,0.0,5.0,0.0,0.0,0.0,,,0.0,13.4,1.7,2.8,6058,6273.0,3.1,0.9,6076,-
3395,サンマルクホールディングス,小売業,7.0,★☆☆☆☆,0.0,0.0,0.0,0.0,7.0,0.0,0.0,0.0,,,0.0,15.1,1.6,2.5,2512,2593.0,0.9,0.9,157,-
3397,トリドールホールディングス,小売業,7.0,★☆☆☆☆,0.0,0.0,1.0,0.0,6.0,0.0,0.0,0.0,,,0.0,22.7,2.3,6.2,3989,4185.0,0.8,1.0,1211,-
3612,ワールド,繊維製品,7.0,★☆☆☆☆,0.0,0.0,0.0,0.0,7.0,0.0,0.0,0.0,,,0.0,13.3,1.7,1.1,1562,1617.0,0.6,0.9,421,MA上昇配列 / パーフェクトオーダー
9869,加藤産業,卸売業,7.0,★☆☆☆☆,0.0,0.0,0.0,0.0,7.0,0.0,0.0,0.0,,,0.0,17.5,1.9,4.6,6089,6330.0,2.1,1.1,207,-
8179,ロイヤルホールディングス,小売業,7.0,★☆☆☆☆,0.0,0.0,0.0,0.0,7.0,0.0,0.0,0.0,,,0.0,16.8,2.0,4.7,1249,1300.0,1.7,0.5,494,-
3482,ロードスターキャピタル,不動産業,7.0,★☆☆☆☆,0.0,0.0,2.0,0.0,5.0,0.0,0.0,0.0,,,0.0,5.3,2.3,2.9,2660,2787.0,6.0,0.9,415,-
7994,オカムラ,その他製品,7.0,★☆☆☆☆,0.0,0.0,0.0,0.0,7.0,0.0,0.0,0.0,,,0.0,11.4,1.5,3.0,2273,2346.0,3.3,1.0,598,-
9519,レノバ,電気・ガス業,7.0,★☆☆☆☆,0.0,0.0,1.0,0.0,6.0,0.0,0.0,0.0,,,0.0,23.3,3.9,6.7,949,1029.0,4.9,0.9,855,-
9672,東京都競馬,サービス業,7.0,★☆☆☆☆,0.0,0.0,0.0,0.0,7.0,0.0,0.0,0.0,,,0.0,15.0,1.6,3.8,4863,5020.0,3.5,0.9,484,-
9511,沖縄電力,電気・ガス業,7.0,★☆☆☆☆,0.0,0.0,1.0,0.0,6.0,0.0,0.0,0.0,,,0.0,17.0,1.5,3.5,914,942.0,2.4,1.0,177,-
9987,スズケン,卸売業,7.0,★☆☆☆☆,0.0,0.0,1.0,0.0,6.0,0.0,0.0,0.0,,,0.0,16.2,2.1,4.2,5032,5248.0,1.6,0.5,990,-
3880,大王製紙,パルプ・紙,7.0,★☆☆☆☆,0.0,0.0,1.0,0.0,6.0,0.0,0.0,0.0,,,0.0,18.7,1.8,5.5,958,993.0,3.1,0.7,198,-
3050,ＤＣＭホールディングス,小売業,7.0,★☆☆☆☆,0.0,0.0,0.0,0.0,7.0,0.0,0.0,0.0,,,0.0,12.7,1.7,2.5,1486,1538.0,2.0,0.7,512,-
5032,ＡＮＹＣＯＬＯＲ,情報・通信業,7.0,★☆☆☆☆,0.0,0.0,1.0,0.0,6.0,0.0,0.0,0.0,,,0.0,36.5,3.0,12.3,2478,2637.0,9.1,1.2,1572,-
3865,北越コーポレーション,パルプ・紙,7.0,★☆☆☆☆,0.0,0.0,1.0,0.0,6.0,0.0,0.0,0.0,,,0.0,18.6,2.6,5.7,894,944.0,2.4,0.9,197,-
197A,タウンズ,医薬品,7.0,★☆☆☆☆,0.0,0.0,1.0,0.0,6.0,0.0,0.0,0.0,,,0.0,12.0,1.6,1.1,462,477.0,-1.4,0.8,153,-
9503,関西電力,電気・ガス業,7.0,★☆☆☆☆,0.0,0.0,0.0,0.0,7.0,0.0,0.0,0.0,,,0.0,17.7,1.9,5.2,2338,2429.5,5.8,1.0,7659,-
1878,大東建託,不動産業,7.0,★☆☆☆☆,0.0,0.0,0.0,0.0,7.0,0.0,0.0,0.0,,,0.0,20.0,1.7,5.8,3216,3330.0,3.2,0.7,4931,-
9509,北海道電力,電気・ガス業,7.0,★☆☆☆☆,0.0,0.0,1.0,0.0,6.0,0.0,0.0,0.0,,,0.0,22.9,2.4,6.6,982,1032.0,3.4,1.1,2106,-
9887,松屋フーズホールディングス,小売業,7.0,★☆☆☆☆,0.0,0.0,1.0,0.0,6.0,0.0,0.0,0.0,,,0.0,20.7,2.2,5.4,4869,5090.0,1.6,1.0,295,-
8804,東京建物,不動産業,7.0,★☆☆☆☆,0.0,0.0,0.0,0.0,7.0,0.0,0.0,0.0,,,0.0,18.8,2.3,4.8,3357,3520.0,3.3,0.9,3403,-
6005,三浦工業,機械,7.0,★☆☆☆☆,0.0,0.0,1.0,0.0,6.0,0.0,0.0,0.0,,,0.0,13.6,1.8,2.0,3137,3252.0,3.0,1.2,1108,-
3231,野村不動産ホールディングス,不動産業,7.0,★☆☆☆☆,0.0,0.0,0.0,0.0,7.0,0.0,0.0,0.0,,,0.0,15.3,1.6,3.0,937,968.0,2.3,0.8,2762,-
4206,アイカ工業,化学,7.0,★☆☆☆☆,0.0,0.0,0.0,0.0,7.0,0.0,0.0,0.0,,,0.0,11.0,1.4,0.7,3598,3703.0,0.9,0.9,863,MA上昇配列 / パーフェクトオーダー
4751,サイバーエージェント,サービス業,7.0,★☆☆☆☆,0.0,0.0,4.0,0.0,3.0,0.0,0.0,0.0,,,0.0,24.0,3.1,3.2,1380,1472.5,-0.7,1.7,5713,MA上昇配列
6908,イリソ電子工業,電気機器,7.0,★☆☆☆☆,0.0,0.0,3.3,0.0,3.7,0.0,0.0,0.0,,,0.0,8.4,2.2,0.2,2761,2889.0,5.1,1.0,527,買い出来高優勢
2146,ＵＴグループ,サービス業,7.0,★☆☆☆☆,0.0,0.0,1.0,0.0,6.0,0.0,0.0,0.0,,,0.0,17.7,2.0,4.4,178,185.0,2.2,1.0,961,-
9684,スクウェア・エニックス・ホールディングス,情報・通信業,7.0,★☆☆☆☆,0.0,0.0,1.0,0.0,6.0,0.0,0.0,0.0,,,0.0,23.7,2.5,6.0,2518,2649.0,3.8,0.8,2450,-
7725,インターアクション,精密機器,7.0,★☆☆☆☆,0.0,0.0,4.3,0.0,2.7,0.0,0.0,0.0,,,0.0,8.6,6.1,-1.7,1557,1772.0,3.1,0.6,403,買い出来高優勢
8803,平和不動産,不動産業,7.0,★☆☆☆☆,0.0,0.0,0.0,0.0,7.0,0.0,0.0,0.0,,,0.0,10.4,1.2,1.7,2350,2407.0,3.0,0.9,381,-
1333,Ｕｍｉｏｓ,水産・農林業,7.0,★☆☆☆☆,0.0,0.0,0.0,0.0,7.0,0.0,0.0,0.0,,,0.0,13.8,1.4,2.3,1301,1339.5,0.5,1.0,662,-
1301,極洋,水産・農林業,7.0,★☆☆☆☆,0.0,0.0,0.0,0.0,7.0,0.0,0.0,0.0,,,0.0,15.5,1.4,3.0,4467,4595.0,2.0,0.8,183,-
9766,コナミグループ,情報・通信業,7.0,★☆☆☆☆,0.0,0.0,1.0,0.0,6.0,0.0,0.0,0.0,,,0.0,23.4,2.8,6.9,18371,19480.0,3.2,1.2,9571,-
9024,西武ホールディングス,陸運業,7.0,★☆☆☆☆,0.0,0.0,1.0,0.0,6.0,0.0,0.0,0.0,,,0.0,33.1,3.0,8.2,3442,3665.0,1.3,0.7,6575,-
9075,福山通運,陸運業,7.0,★☆☆☆☆,0.0,0.0,0.0,0.0,7.0,0.0,0.0,0.0,,,0.0,18.5,3.3,4.6,5707,6110.0,0.2,0.7,735,-
2269,明治ホールディングス,食料品,7.0,★☆☆☆☆,0.0,0.0,0.0,0.0,7.0,0.0,0.0,0.0,,,0.0,10.9,2.0,0.4,3644,3792.0,-0.5,0.9,3388,MA上昇配列 / パーフェクトオーダー
8919,カチタス,不動産業,7.0,★☆☆☆☆,0.0,0.0,2.0,0.0,5.0,0.0,0.0,0.0,,,0.0,14.6,3.1,2.8,3173,3380.0,4.8,1.1,514,-
2282,日本ハム,食料品,7.0,★☆☆☆☆,0.0,0.0,0.0,0.0,7.0,0.0,0.0,0.0,,,0.0,15.5,1.9,4.0,6142,6385.0,2.0,0.9,3026,-
4446,Ｌｉｎｋ－Ｕグループ,情報・通信業,7.0,★☆☆☆☆,0.0,0.0,4.0,0.0,3.0,0.0,0.0,0.0,,,0.0,31.8,7.5,0.1,684,804.0,2.7,0.1,414,資金流入増 / MA上昇配列
6332,月島ホールディングス,機械,7.0,★☆☆☆☆,0.0,0.0,1.0,0.0,6.0,0.0,0.0,0.0,,,0.0,12.9,2.3,3.2,2598,2725.0,5.0,0.9,259,-
2264,森永乳業,食料品,7.0,★☆☆☆☆,0.0,0.0,0.0,0.0,7.0,0.0,0.0,0.0,,,0.0,13.2,3.0,1.4,1194,1269.0,6.0,0.9,2509,MA上昇配列 / パーフェクトオーダー
4323,日本システム技術,情報・通信業,7.0,★☆☆☆☆,0.0,0.0,1.0,0.0,6.0,0.0,0.0,0.0,,,0.0,37.8,3.1,8.4,1775,1891.0,4.0,0.5,119,-
2168,パソナグループ,サービス業,7.0,★☆☆☆☆,0.0,0.0,1.0,0.0,6.0,0.0,0.0,0.0,,,0.0,23.7,2.2,3.8,1507,1575.0,1.3,0.5,343,-
3222,ユナイテッド・スーパーマーケット・ホールディングス,小売業,7.0,★☆☆☆☆,0.0,0.0,1.0,0.0,6.0,0.0,0.0,0.0,,,0.0,14.6,1.9,1.8,792,823.0,0.1,1.0,311,-
3197,すかいらーくホールディングス,小売業,7.0,★☆☆☆☆,0.0,0.0,0.0,0.0,7.0,0.0,0.0,0.0,,,0.0,22.6,2.4,6.5,2940,3088.0,1.4,0.5,4844,-
1815,鉄建建設,建設業,6.9,★☆☆☆☆,0.0,0.0,1.0,0.0,5.7,0.0,0.2,0.0,,,0.0,14.6,3.3,1.5,4256,4560.0,4.0,0.9,380,開示[増配](13日前)
2780,コメ兵ホールディングス,小売業,6.9,★☆☆☆☆,0.0,0.0,2.0,0.0,4.5,0.0,0.4,0.0,,,0.0,18.7,3.9,1.3,4799,5200.0,0.4,0.4,291,開示[子会社化](11日前)
2158,ＦＲＯＮＴＥＯ,サービス業,6.9,★☆☆☆☆,0.0,0.0,1.0,0.0,4.7,0.0,1.2,0.0,,,0.0,21.1,3.3,3.0,598,640.0,2.1,0.6,126,開示[AI](3日前)
6471,日本精工,機械,6.9,★☆☆☆☆,5.9,0.0,0.0,0.0,1.0,0.0,0.0,0.0,,Emerson,-0.0,9.3,3.2,-0.8,1072,1145.0,4.3,1.2,2657,Emerson+6.9%連動(β0.34)
7004,カナデビア,機械,6.9,★☆☆☆☆,5.9,0.0,0.0,0.0,1.0,0.0,0.0,0.0,,Emerson,-0.2,7.7,3.5,-3.6,1137,1222.0,4.2,0.9,1021,Emerson+6.9%連動(β0.34)
4432,ウイングアーク１ｓｔ,情報・通信業,6.899999999999999,★☆☆☆☆,0.0,0.0,5.0,0.0,4.7,0.0,0.2,-3.0,,,0.0,42.0,3.0,15.4,2780,2960.0,2.3,1.3,925,資金流入増 / 伸びすぎ注意(25MA+15%) / 開示[自己株式取得](13日前)
5242,アイズ,情報・通信業,6.800000000000001,★☆☆☆☆,0.0,0.0,6.3,0.0,5.5,0.0,0.0,-5.0,,,0.0,243.1,6.4,145.7,2362,2709.0,120.2,1.4,108,買い出来高優勢 / 資金流入増 / MA上昇配列 / RSI過熱(100)⚠ / 過熱⚠25MA+146%
4216,旭有機材,化学,6.8,★☆☆☆☆,5.8,0.0,0.0,0.0,1.0,0.0,0.0,0.0,,Emerson,-0.8,-3.7,4.0,-6.6,5894,6400.0,5.1,1.0,412,Emerson+6.9%連動(β0.33)
1820,西松建設,建設業,6.7,★☆☆☆☆,0.0,0.0,2.0,0.0,4.7,0.0,0.0,0.0,,,0.0,13.2,1.7,1.9,5239,5424.0,4.3,1.0,608,-
6632,ＪＶＣケンウッド,電気機器,6.7,★☆☆☆☆,0.0,0.0,2.0,0.0,4.7,0.0,0.0,0.0,,,0.0,15.9,2.4,2.1,1092,1146.0,1.1,0.8,863,-
6809,ＴＯＡ,電気機器,6.7,★☆☆☆☆,0.0,0.0,1.0,0.0,5.7,0.0,0.0,0.0,,,0.0,14.3,1.6,2.8,1585,1639.0,4.5,1.2,131,-
547A,ムニノバホールディングス,その他金融業,6.7,★☆☆☆☆,0.0,0.0,0.0,0.0,6.7,0.0,0.0,0.0,,,0.0,14.9,2.5,1.7,429,451.0,3.4,0.9,677,MA上昇配列
2897,日清食品ホールディングス,食料品,6.7,★☆☆☆☆,0.0,0.0,0.0,0.0,6.7,0.0,0.0,0.0,,,0.0,18.1,2.3,4.3,2822,2959.5,0.2,0.8,3029,MA上昇配列
6858,小野測器,電気機器,6.7,★☆☆☆☆,0.0,0.0,5.7,0.0,1.0,0.0,0.0,0.0,,,0.0,3.2,4.6,-7.8,738,814.0,-5.1,4.9,122,出来高急増4.9倍
7995,バルカー,化学,6.7,★☆☆☆☆,5.2,0.0,0.0,0.0,1.5,0.0,0.0,0.0,,Emerson,-0.4,1.9,4.0,-4.6,6096,6620.0,4.9,0.9,635,Emerson+6.9%連動(β0.30)
7261,マツダ,輸送用機器,6.7,★☆☆☆☆,0.0,0.0,0.0,0.0,6.7,0.0,0.0,0.0,,,0.0,16.7,2.6,4.1,1104,1165.0,2.5,1.2,7218,MA上昇配列
4828,ビジネスエンジニアリング,情報・通信業,6.7,★☆☆☆☆,0.0,0.0,2.0,0.0,4.7,0.0,0.0,0.0,,,0.0,35.5,2.9,12.4,1146,1217.0,6.5,0.7,182,-
4826,ＣＩＪ,情報・通信業,6.7,★☆☆☆☆,0.0,0.0,0.0,0.0,6.7,0.0,0.0,0.0,,,0.0,17.3,1.9,4.3,498,518.0,3.8,0.9,104,MA上昇配列
7552,ハピネット,卸売業,6.5,★☆☆☆☆,0.0,0.0,0.0,0.0,6.5,0.0,0.0,0.0,,,0.0,18.7,2.8,4.2,2959,3135.0,1.0,1.0,476,MA上昇配列
3661,エムアップホールディングス,情報・通信業,6.5,★☆☆☆☆,0.0,0.0,1.0,0.0,5.5,0.0,0.0,0.0,,,0.0,32.6,2.9,8.9,740,786.0,5.8,1.0,592,MA上昇配列
9936,王将フードサービス,小売業,6.5,★☆☆☆☆,0.0,0.0,1.0,0.0,5.5,0.0,0.0,0.0,,,0.0,17.7,1.5,3.9,2916,3005.0,1.1,1.0,582,MA上昇配列
338A,ＺｅｎｍｕＴｅｃｈ,情報・通信業,6.5,★☆☆☆☆,0.0,0.0,4.0,0.0,2.5,0.0,0.0,0.0,,,0.0,32.3,4.9,9.2,2084,2308.0,10.6,1.5,101,-
9009,京成電鉄,陸運業,6.5,★☆☆☆☆,0.0,0.0,1.0,0.0,5.5,0.0,0.0,0.0,,,0.0,25.2,2.3,7.0,1231,1290.0,1.7,0.9,2327,MA上昇配列
2811,カゴメ,食料品,6.5,★☆☆☆☆,0.0,0.0,1.0,0.0,5.5,0.0,0.0,0.0,,,0.0,16.1,1.7,3.2,2662,2754.0,0.2,0.8,701,MA上昇配列
3635,コーエーテクモホールディングス,情報・通信業,6.5,★☆☆☆☆,0.0,0.0,4.3,0.0,2.2,0.0,0.0,0.0,,,0.0,16.6,2.6,3.1,1514,1596.0,1.4,2.1,1606,出来高増2.1倍
5471,大同特殊鋼,鉄鋼,6.4,★☆☆☆☆,5.4,0.0,0.0,0.0,1.0,0.0,0.0,0.0,,Emerson,-0.8,-5.8,4.4,-7.0,2216,2431.5,6.0,0.8,2804,Emerson+6.9%連動(β0.31)
7014,名村造船所,輸送用機器,6.300000000000001,★☆☆☆☆,0.0,0.0,3.3,0.0,6.0,0.0,0.0,-3.0,,,0.0,31.6,5.3,15.3,3984,4460.0,17.8,1.1,5114,買い出来高優勢 / 伸びすぎ注意(25MA+15%)
6925,ウシオ電機,電気機器,6.3,★☆☆☆☆,5.3,0.0,0.0,0.0,1.0,0.0,0.0,0.0,,Emerson,-0.2,5.7,4.9,-4.4,3737,4142.0,8.3,0.5,2015,Emerson+6.9%連動(β0.31)
9946,ミニストップ,小売業,6.2,★☆☆☆☆,0.0,0.0,3.0,0.0,3.2,0.0,0.0,0.0,,,0.0,12.8,1.3,0.9,1792,1840.0,0.8,1.6,122,-
8113,ユニ・チャーム,化学,6.2,★☆☆☆☆,0.0,0.0,0.0,0.0,6.2,0.0,0.0,0.0,,,0.0,16.7,2.3,4.1,948,992.9000244140625,1.8,1.0,4050,MA上昇配列 / パーフェクトオーダー
4528,小野薬品工業,医薬品,6.2,★☆☆☆☆,0.0,0.0,0.0,0.0,6.2,0.0,0.0,0.0,,,0.0,13.3,2.3,1.5,2325,2439.5,0.6,1.1,3482,MA上昇配列 / パーフェクトオーダー
3302,帝国繊維,繊維製品,6.2,★☆☆☆☆,0.0,0.0,0.0,0.0,6.2,0.0,0.0,0.0,,,0.0,13.0,2.4,0.9,3236,3400.0,4.5,1.1,148,MA上昇配列
3088,マツキヨココカラ＆カンパニー,小売業,6.2,★☆☆☆☆,0.0,0.0,2.0,0.0,4.2,0.0,0.0,0.0,,,0.0,15.7,2.5,2.9,2381,2505.5,-1.0,1.0,4234,MA上昇配列
3696,セレス,情報・通信業,6.2,★☆☆☆☆,0.0,0.0,2.0,0.0,4.2,0.0,0.0,0.0,,,0.0,14.0,3.2,2.5,1968,2105.0,-0.1,0.4,331,MA上昇配列
3549,クスリのアオキホールディングス,小売業,6.2,★☆☆☆☆,0.0,0.0,2.0,0.0,4.2,0.0,0.0,0.0,,,0.0,17.4,3.3,1.0,3522,3770.0,-2.5,1.2,954,MA上昇配列
3529,アツギ,繊維製品,6.2,★☆☆☆☆,0.0,0.0,1.0,0.0,5.2,0.0,0.0,0.0,,,0.0,35.8,3.5,6.6,1029,1106.0,1.3,0.4,116,MA上昇配列
6701,日本電気,電気機器,6.2,★☆☆☆☆,0.0,0.0,2.0,0.0,4.2,0.0,0.0,0.0,,,0.0,27.8,3.3,6.4,4149,4445.0,2.1,0.9,28162,MA上昇配列
2127,日本Ｍ＆Ａセンターホールディングス,サービス業,6.2,★☆☆☆☆,0.0,0.0,2.0,0.0,4.2,0.0,0.0,0.0,,,0.0,20.5,1.8,3.4,656,681.0999755859375,1.3,1.2,1028,MA上昇配列
1964,中外炉工業,建設業,6.2,★☆☆☆☆,0.0,0.0,4.7,0.0,1.5,0.0,0.0,0.0,,,0.0,6.6,3.5,-3.8,3600,3875.0,0.8,4.9,190,出来高急増4.9倍
2201,森永製菓,食料品,6.2,★☆☆☆☆,0.0,0.0,0.0,0.0,6.2,0.0,0.0,0.0,,,0.0,14.0,1.7,2.2,2611,2704.0,0.1,0.9,782,MA上昇配列
5243,ｎｏｔｅ,情報・通信業,6.2,★☆☆☆☆,0.0,0.0,4.0,0.0,2.2,0.0,0.0,0.0,,,0.0,31.7,8.7,5.1,1746,2112.0,3.0,0.3,1478,資金流入増
4927,ポーラ・オルビスホールディングス,化学,6.2,★☆☆☆☆,0.0,0.0,2.0,0.0,4.2,0.0,0.0,0.0,,,0.0,17.5,1.6,2.9,1294,1337.0,0.1,1.0,669,MA上昇配列
3486,グローバル・リンク・マネジメント,不動産業,6.2,★☆☆☆☆,0.0,0.0,2.0,0.0,4.2,0.0,0.0,0.0,,,0.0,18.5,2.2,2.8,1837,1922.0,2.4,1.2,101,MA上昇配列
5947,リンナイ,金属製品,6.2,★☆☆☆☆,0.0,0.0,1.0,0.0,5.2,0.0,0.0,0.0,,,0.0,12.6,1.7,2.0,3535,3656.0,0.8,1.3,1058,MA上昇配列
4680,ラウンドワン,サービス業,6.2,★☆☆☆☆,0.0,0.0,2.0,0.0,4.2,0.0,0.0,0.0,,,0.0,19.6,4.8,2.4,1117,1234.0,-2.9,0.8,3751,MA上昇配列
8244,近鉄百貨店,小売業,6.2,★☆☆☆☆,0.0,0.0,2.0,0.0,4.2,0.0,0.0,0.0,,,0.0,12.7,2.5,0.0,1741,1832.0,-2.1,0.8,100,MA上昇配列
4381,ビープラッツ,情報・通信業,6.100000000000001,★☆☆☆☆,0.0,0.0,7.3,0.0,3.5,0.0,0.3,-5.0,,,0.0,116.1,23.7,22.8,202,384.0,-25.3,2.5,198,出来高増2.5倍 / 資金流入増 / 過熱⚠25MA+23% / 開示[AI](11日前)
3626,ＴＩＳ,情報・通信業,6.0,★☆☆☆☆,0.0,0.0,0.0,0.0,6.0,0.0,0.0,0.0,,,0.0,29.5,2.7,9.8,3466,3665.0,3.9,1.0,3236,-
7974,任天堂,その他製品,6.0,★☆☆☆☆,0.0,0.0,1.0,0.0,5.0,0.0,0.0,0.0,,,0.0,23.5,2.6,5.8,7038,7431.0,1.9,1.3,61322,-
3733,ソフトウェア・サービス,情報・通信業,6.0,★☆☆☆☆,0.0,0.0,2.0,0.0,1.0,0.0,3.0,0.0,,,0.0,12.3,4.4,0.3,9813,10760.0,4.6,0.6,184,資金流入増 / 開示[自己株式の取得](0日前)
1407,ウエストホールディングス,建設業,6.0,★☆☆☆☆,0.0,0.0,0.0,0.0,6.0,0.0,0.0,0.0,,,0.0,29.4,6.6,13.4,2416,2783.0,-1.8,0.9,1849,-
9989,サンドラッグ,小売業,6.0,★☆☆☆☆,0.0,0.0,2.0,0.0,4.0,0.0,0.0,0.0,,,0.0,11.3,1.8,0.4,3694,3829.0,-1.0,0.9,1714,MA上昇配列
9513,電源開発,電気・ガス業,6.0,★☆☆☆☆,0.0,0.0,0.0,0.0,6.0,0.0,0.0,0.0,,,0.0,16.6,1.9,4.0,3705,3849.0,5.3,1.1,2512,-
3431,宮地エンジニアリンググループ,金属製品,6.0,★☆☆☆☆,0.0,0.0,0.0,0.0,6.0,0.0,0.0,0.0,,,0.0,12.9,1.4,2.0,1528,1573.0,2.2,1.2,121,-
4996,クミアイ化学工業,化学,6.0,★☆☆☆☆,0.0,0.0,0.0,0.0,6.0,0.0,0.0,0.0,,,0.0,9.5,1.4,1.3,714,734.0,1.5,1.0,274,-
6758,ソニーグループ,電気機器,6.0,★☆☆☆☆,0.0,0.0,0.0,0.0,6.0,0.0,0.0,0.0,,,0.0,22.4,2.3,6.3,3409,3574.0,3.0,1.0,58453,-
8282,ケーズホールディングス,小売業,6.0,★☆☆☆☆,0.0,0.0,0.0,0.0,6.0,0.0,0.0,0.0,,,0.0,9.5,2.1,2.5,1819,1899.5,6.9,0.8,1557,-
6736,サン電子,電気機器,6.0,★☆☆☆☆,0.0,0.0,1.0,0.0,5.0,0.0,0.0,0.0,,,0.0,19.9,7.3,5.0,8420,9860.0,11.2,0.6,347,MA上昇配列 / パーフェクトオーダー
4478,フリー,情報・通信業,6.0,★☆☆☆☆,0.0,0.0,1.0,0.0,8.0,0.0,0.0,-3.0,,,0.0,46.6,4.6,15.8,2316,2550.0,5.9,1.1,1030,MA上昇配列 / 伸びすぎ注意(25MA+16%)
6413,理想科学工業,機械,6.0,★☆☆☆☆,0.0,0.0,0.0,0.0,6.0,0.0,0.0,0.0,,,0.0,21.5,1.8,5.5,1021,1059.0,4.1,0.5,115,-
8801,三井不動産,不動産業,6.0,★☆☆☆☆,0.0,0.0,0.0,0.0,6.0,0.0,0.0,0.0,,,0.0,18.0,2.0,4.1,1523,1588.0,3.3,0.8,12825,-
6947,図研,電気機器,6.0,★☆☆☆☆,0.0,0.0,0.0,0.0,6.0,0.0,0.0,0.0,,,0.0,14.6,2.1,1.2,4486,4680.0,3.1,0.9,192,MA上昇配列 / パーフェクトオーダー
9041,近鉄グループホールディングス,陸運業,6.0,★☆☆☆☆,0.0,0.0,0.0,0.0,6.0,0.0,0.0,0.0,,,0.0,16.5,1.5,3.0,3420,3529.0,1.6,0.8,1685,-
9202,ＡＮＡホールディングス,空運業,6.0,★☆☆☆☆,0.0,0.0,1.0,0.0,5.0,0.0,0.0,0.0,,,0.0,13.4,2.0,1.8,2958,3081.0,1.8,1.5,7172,MA上昇配列
8897,ＭＩＲＡＲＴＨホールディングス,不動産業,6.0,★☆☆☆☆,0.0,0.0,0.0,0.0,6.0,0.0,0.0,0.0,,,0.0,14.5,1.3,1.7,405,416.0,1.2,1.0,174,-
2326,デジタルアーツ,情報・通信業,6.0,★☆☆☆☆,0.0,0.0,0.0,0.0,6.0,0.0,0.0,0.0,,,0.0,22.4,2.4,5.2,3854,4050.0,1.4,0.6,653,-
4559,ゼリア新薬工業,医薬品,6.0,★☆☆☆☆,0.0,0.0,0.0,0.0,6.0,0.0,0.0,0.0,,,0.0,14.0,1.6,2.2,2037,2104.0,2.4,0.8,183,-
4493,サイバーセキュリティクラウド,情報・通信業,6.0,★☆☆☆☆,0.0,0.0,0.0,0.0,3.0,0.0,3.0,0.0,,,0.0,19.1,3.8,0.5,1679,1816.0,0.7,0.4,210,MA上昇配列 / 開示[自己株式の取得](0日前)
9201,日本航空,空運業,6.0,★☆☆☆☆,0.0,0.0,1.0,0.0,5.0,0.0,0.0,0.0,,,0.0,13.8,2.2,0.9,2804,2934.0,1.0,1.3,9045,MA上昇配列
2931,ユーグレナ,食料品,6.0,★☆☆☆☆,0.0,0.0,0.0,0.0,6.0,0.0,0.0,0.0,,,0.0,20.1,2.3,3.4,334,350.0,1.4,1.1,234,-
1870,矢作建設工業,建設業,6.0,★☆☆☆☆,0.0,0.0,0.0,0.0,6.0,0.0,0.0,0.0,,,0.0,18.0,1.3,4.6,1890,1942.0,3.6,0.9,234,-
6088,シグマクシス・ホールディングス,サービス業,6.0,★☆☆☆☆,0.0,0.0,0.0,0.0,6.0,0.0,0.0,0.0,,,0.0,22.0,2.2,5.5,564,590.0,2.8,1.2,212,-
9416,ビジョン,情報・通信業,6.0,★☆☆☆☆,0.0,0.0,0.0,0.0,6.0,0.0,0.0,0.0,,,0.0,16.6,1.7,2.8,987,1021.0,2.3,0.9,353,-
6289,技研製作所,機械,6.0,★☆☆☆☆,0.0,0.0,0.0,0.0,6.0,0.0,0.0,0.0,,,0.0,20.0,2.3,4.9,1805,1894.0,3.0,0.6,133,-
543A,ＡＲＣＨＩＯＮ,輸送用機器,5.9,★☆☆☆☆,0.0,0.0,4.7,0.0,1.2,0.0,0.0,0.0,,,0.0,16.1,5.1,-1.1,263,293.0,-0.7,7.6,2497,出来高急増7.6倍
9404,日本テレビホールディングス,情報・通信業,5.7,★☆☆☆☆,0.0,0.0,1.0,0.0,4.7,0.0,0.0,0.0,,,0.0,18.4,2.1,3.1,2806,2932.0,-0.1,0.8,1422,-
1951,エクシオグループ,建設業,5.7,★☆☆☆☆,0.0,0.0,1.0,0.0,4.7,0.0,0.0,0.0,,,0.0,9.1,2.0,0.3,2598,2705.0,5.1,1.4,1565,-
2875,東洋水産,食料品,5.7,★☆☆☆☆,0.0,0.0,0.0,0.0,5.7,0.0,0.0,0.0,,,0.0,17.5,1.9,4.2,10534,10945.0,0.9,0.8,3857,-
4813,ＡＣＣＥＳＳ,情報・通信業,5.7,★☆☆☆☆,0.0,0.0,2.0,0.0,3.7,0.0,0.0,0.0,,,0.0,14.0,4.6,0.3,314,346.0,1.2,0.5,274,資金流入増
6961,エンプラス,電気機器,5.7,★☆☆☆☆,0.0,0.0,2.0,0.0,3.7,0.0,0.0,0.0,,,0.0,9.7,6.8,2.1,11270,13030.0,14.3,1.8,1660,-
1871,ピーエス・コンストラクション,建設業,5.7,★☆☆☆☆,0.0,0.0,1.0,0.0,4.7,0.0,0.0,0.0,,,0.0,14.1,2.7,3.4,2166,2289.0,6.2,0.8,178,-
6269,三井海洋開発,機械,5.7,★☆☆☆☆,0.0,0.0,1.0,0.0,4.7,0.0,0.0,0.0,,,0.0,19.1,4.0,6.0,9578,10400.0,9.6,1.3,5555,-
5036,日本ビジネスシステムズ,情報・通信業,5.7,★☆☆☆☆,0.0,0.0,1.0,0.0,4.7,0.0,0.0,0.0,,,0.0,24.3,2.5,2.9,1481,1560.0,0.2,1.1,125,-
9256,サクシード,サービス業,5.7,★☆☆☆☆,0.0,0.0,5.7,0.0,0.0,0.0,0.0,0.0,,,0.0,-45.9,24.3,-43.6,1206,2346.0,-43.3,5.2,871,出来高急増5.2倍
1719,安藤・間,建設業,5.7,★☆☆☆☆,0.0,0.0,0.0,0.0,5.7,0.0,0.0,0.0,,,0.0,15.4,1.5,2.1,1783,1838.5,2.1,0.7,1211,-
4005,住友化学,化学,5.7,★☆☆☆☆,0.0,0.0,1.0,0.0,4.7,0.0,0.0,0.0,,,0.0,17.7,3.2,2.2,510,545.0,4.1,0.8,6274,-
5021,コスモエネルギーホールディングス,石油・石炭製品,5.7,★☆☆☆☆,0.0,0.0,0.0,0.0,5.7,0.0,0.0,0.0,,,0.0,16.5,2.1,3.4,3809,3976.0,5.3,0.9,2465,-
2980,ＳＲＥホールディングス,不動産業,5.7,★☆☆☆☆,0.0,0.0,1.0,0.0,4.7,0.0,0.0,0.0,,,0.0,23.6,3.1,4.2,2445,2606.0,4.4,1.2,802,-
5707,東邦亜鉛,非鉄金属,5.7,★☆☆☆☆,0.0,0.0,2.0,0.0,3.7,0.0,0.0,0.0,,,0.0,18.1,5.2,5.0,768,858.0,12.6,1.0,286,-
2702,日本マクドナルドホールディングス,小売業,5.7,★☆☆☆☆,0.0,0.0,0.0,0.0,5.7,0.0,0.0,0.0,,,0.0,14.3,2.1,2.3,7403,7730.0,1.3,0.5,4795,-
1332,ニッスイ,水産・農林業,5.7,★☆☆☆☆,0.0,0.0,1.0,0.0,4.7,0.0,0.0,0.0,,,0.0,11.1,2.3,1.4,1234,1292.5,1.6,1.2,1839,-
6378,木村化工機,機械,5.7,★☆☆☆☆,0.0,0.0,1.0,0.0,4.7,0.0,0.0,0.0,,,0.0,13.0,3.5,0.7,1134,1220.0,3.3,0.6,183,-
4025,多木化学,化学,5.7,★☆☆☆☆,0.0,0.0,1.0,0.0,4.7,0.0,0.0,0.0,,,0.0,15.2,4.0,2.0,4553,4945.0,1.9,0.6,135,-
3778,さくらインターネット,情報・通信業,5.7,★☆☆☆☆,0.0,0.0,2.0,0.0,3.7,0.0,0.0,0.0,,,0.0,13.3,4.2,0.5,2655,2900.0,4.2,1.0,2250,-
5659,日本精線,鉄鋼,5.7,★☆☆☆☆,0.0,0.0,4.7,0.0,1.0,0.0,0.0,0.0,,,0.0,8.5,4.1,-4.0,1285,1399.0,-1.3,4.6,116,出来高急増4.6倍
8844,コスモスイニシア,不動産業,5.7,★☆☆☆☆,0.0,0.0,3.0,0.0,1.0,0.0,1.7,0.0,,,0.0,17.8,3.3,-1.2,1250,1338.0,-2.9,0.8,137,開示[自己株式の取得](6日前)
5262,日本ヒューム,ガラス・土石製品,5.7,★☆☆☆☆,0.0,0.0,2.0,0.0,3.7,0.0,0.0,0.0,,,0.0,16.7,2.3,3.8,1025,1074.0,7.0,1.7,197,-
4595,ミズホメディー,医薬品,5.7,★☆☆☆☆,0.0,0.0,0.0,0.0,5.7,0.0,0.0,0.0,,,0.0,12.4,1.0,0.8,1636,1671.0,0.5,0.9,153,-
6417,ＳＡＮＫＹＯ,機械,5.7,★☆☆☆☆,0.0,0.0,1.0,0.0,4.7,0.0,0.0,0.0,,,0.0,23.5,2.1,9.4,1717,1791.5,6.4,1.0,1391,-
219A,Ｈｅａｒｔｓｅｅｄ,医薬品,5.7,★☆☆☆☆,0.0,0.0,1.0,0.0,4.7,0.0,0.0,0.0,,,0.0,22.5,4.6,7.3,1558,1717.0,14.8,0.9,334,-
3962,チェンジホールディングス,情報・通信業,5.5,★☆☆☆☆,0.0,0.0,0.0,0.0,5.5,0.0,0.0,0.0,,,0.0,10.5,2.2,0.3,893,935.0,-4.0,1.1,261,MA上昇配列
9533,東邦瓦斯,電気・ガス業,5.5,★☆☆☆☆,0.0,0.0,2.0,0.0,3.5,0.0,0.0,0.0,,,0.0,12.6,1.8,0.2,1171,1215.0,1.0,1.8,887,-
7721,東京計器,精密機器,5.5,★☆☆☆☆,0.0,0.0,2.0,0.0,3.5,0.0,0.0,0.0,,,0.0,24.9,5.1,8.0,6297,7020.0,13.6,0.9,2767,-
8136,サンリオ,卸売業,5.5,★☆☆☆☆,0.0,0.0,0.0,0.0,5.5,0.0,0.0,0.0,,,0.0,24.8,4.6,11.2,1130,1245.5,3.4,0.8,29538,MA上昇配列
3932,アカツキ,情報・通信業,5.5,★☆☆☆☆,0.0,0.0,2.0,0.0,3.5,0.0,0.0,0.0,,,0.0,13.6,2.0,1.6,2840,2958.0,2.6,0.7,174,-
8237,松屋,小売業,5.5,★☆☆☆☆,0.0,0.0,0.0,0.0,5.5,0.0,0.0,0.0,,,0.0,10.3,5.0,3.5,1600,1778.0,-3.9,1.2,553,MA上昇配列
3064,ＭｏｎｏｔａＲＯ,小売業,5.5,★☆☆☆☆,0.0,0.0,0.0,0.0,5.5,0.0,0.0,0.0,,,0.0,23.0,3.1,5.2,1858,1980.0,1.9,1.0,4220,MA上昇配列
3496,アズーム,不動産業,5.5,★☆☆☆☆,0.0,0.0,0.0,0.0,5.5,0.0,0.0,0.0,,,0.0,22.9,2.4,4.9,4335,4555.0,1.6,0.8,266,MA上昇配列
3923,ラクス,情報・通信業,5.4,★☆☆☆☆,0.0,0.0,1.0,0.0,4.2,0.0,0.2,0.0,,,0.0,27.1,4.1,5.0,945,1030.0,1.4,1.1,1857,MA上昇配列 / 開示[資本業務提携](13日前)
2438,アスカネット,サービス業,5.3,★☆☆☆☆,0.0,0.0,5.3,0.0,0.0,0.0,0.0,0.0,,,0.0,19.1,3.8,-0.9,311,337.0,-1.5,0.2,125,買い出来高優勢 / 資金流入増
5013,ユシロ,石油・石炭製品,5.3,★☆☆☆☆,0.0,0.0,0.0,0.0,4.7,0.0,0.6,0.0,,,0.0,15.2,4.6,1.5,2722,3000.0,3.8,0.6,184,開示[自己株式の取得](11日前)
1808,長谷工コーポレーション,建設業,5.2,★☆☆☆☆,0.0,0.0,0.0,0.0,5.2,0.0,0.0,0.0,,,0.0,10.7,2.2,1.8,2726,2851.0,1.4,1.0,2467,MA上昇配列
9621,建設技術研究所,サービス業,5.2,★☆☆☆☆,0.0,0.0,0.0,0.0,5.2,0.0,0.0,0.0,,,0.0,14.8,1.8,1.5,2835,2940.0,0.2,0.5,130,MA上昇配列
3092,ＺＯＺＯ,小売業,5.2,★☆☆☆☆,0.0,0.0,1.0,0.0,4.2,0.0,0.0,0.0,,,0.0,14.4,2.7,1.1,1102,1165.0,-2.3,0.9,5188,MA上昇配列
8848,レオパレス２１,不動産業,5.2,★☆☆☆☆,0.0,0.0,0.0,0.0,5.2,0.0,0.0,0.0,,,0.0,14.1,2.0,1.6,638,664.0,0.5,1.1,648,MA上昇配列
5210,日本山村硝子,ガラス・土石製品,5.2,★☆☆☆☆,0.0,0.0,1.0,0.0,4.2,0.0,0.0,0.0,,,0.0,14.4,2.5,1.4,2692,2836.0,4.1,1.1,128,MA上昇配列
2471,エスプール,サービス業,5.2,★☆☆☆☆,0.0,0.0,1.0,0.0,4.2,0.0,0.0,0.0,,,0.0,16.6,2.6,2.7,257,271.0,-0.4,0.3,115,MA上昇配列
6266,タツモ,機械,5.2,★☆☆☆☆,0.0,0.0,3.0,0.0,2.2,0.0,0.0,0.0,,,0.0,9.9,8.9,-6.3,3693,4495.0,-2.5,0.7,1622,-
4935,リベルタ,化学,5.2,★☆☆☆☆,0.0,0.0,4.0,0.0,1.2,0.0,0.0,0.0,,,0.0,52.7,16.8,-0.3,195,294.0,13.5,0.6,1861,資金流入増
1911,住友林業,建設業,5.2,★☆☆☆☆,0.0,0.0,1.0,0.0,4.2,0.0,0.0,0.0,,,0.0,12.7,2.1,2.8,1318,1376.5,0.8,1.3,4513,MA上昇配列
4666,パーク２４,不動産業,5.2,★☆☆☆☆,0.0,0.0,0.0,0.0,5.2,0.0,0.0,0.0,,,0.0,8.2,2.0,0.4,1932,2013.5,0.4,1.1,1520,MA上昇配列
4431,スマレジ,情報・通信業,5.2,★☆☆☆☆,0.0,0.0,1.0,0.0,4.2,0.0,0.0,0.0,,,0.0,26.2,3.4,6.9,2844,3050.0,1.7,0.7,336,MA上昇配列
3632,グリーホールディングス,情報・通信業,5.2,★☆☆☆☆,0.0,0.0,1.0,0.0,4.2,0.0,0.0,0.0,,,0.0,19.9,1.8,3.0,383,397.0,1.0,0.6,264,MA上昇配列
3445,ＲＳ　Ｔｅｃｈｎｏｌｏｇｉｅｓ,金属製品,5.0,★☆☆☆☆,0.0,0.0,2.0,0.0,1.0,0.0,2.0,0.0,,,0.0,12.6,8.8,-3.1,5854,7100.0,10.1,1.8,2252,開示[資本提携](3日前)
1982,日比谷総合設備,建設業,5.0,★☆☆☆☆,0.0,0.0,4.0,0.0,1.0,0.0,0.0,0.0,,,0.0,5.4,4.0,-2.2,2706,2939.0,7.9,1.8,249,-
6986,双葉電子工業,電気機器,5.0,★☆☆☆☆,0.0,0.0,0.0,0.0,5.0,0.0,0.0,0.0,,,0.0,21.6,2.7,5.0,568,601.0,6.2,0.9,169,-
4452,花王,化学,5.0,★☆☆☆☆,0.0,0.0,0.0,0.0,5.0,0.0,0.0,0.0,,,0.0,12.3,1.9,1.8,3159,3284.0,-0.7,0.6,9881,MA上昇配列
5537,ＡｌｂａＬｉｎｋ,不動産業,5.0,★☆☆☆☆,0.0,0.0,0.0,0.0,5.0,0.0,0.0,0.0,,,0.0,20.3,5.2,1.3,2593,2897.0,0.6,0.5,146,MA上昇配列 / パーフェクトオーダー
5331,ノリタケ,ガラス・土石製品,5.0,★☆☆☆☆,5.0,0.0,0.0,0.0,0.0,0.0,0.0,0.0,,Emerson,-0.1,-5.4,3.8,-8.5,3217,3485.0,6.6,0.8,1088,Emerson+6.9%連動(β0.29)
6231,木村工機,機械,5.0,★☆☆☆☆,0.0,0.0,2.0,0.0,3.0,0.0,0.0,0.0,,,0.0,22.6,3.6,2.5,11741,12660.0,-0.2,0.3,167,MA上昇配列
3349,コスモス薬品,小売業,5.0,★☆☆☆☆,0.0,0.0,2.0,0.0,3.0,0.0,0.0,0.0,,,0.0,14.3,3.6,1.4,5930,6385.0,-1.0,0.6,2960,MA上昇配列
2752,フジオフードグループ本社,小売業,5.0,★☆☆☆☆,0.0,0.0,0.0,0.0,5.0,0.0,0.0,0.0,,,0.0,7.1,1.3,0.8,1087,1116.0,0.5,0.9,130,-
7269,スズキ,輸送用機器,5.0,★☆☆☆☆,0.0,0.0,1.0,0.0,4.0,0.0,0.0,0.0,,,0.0,15.4,2.6,1.9,1947,2055.0,0.2,0.9,15724,MA上昇配列
4151,協和キリン,医薬品,5.0,★☆☆☆☆,0.0,0.0,0.0,0.0,5.0,0.0,0.0,0.0,,,0.0,16.6,2.2,1.8,2546,2661.0,0.2,0.7,2909,MA上昇配列 / パーフェクトオーダー
2267,ヤクルト本社,食料品,5.0,★☆☆☆☆,0.0,0.0,0.0,0.0,5.0,0.0,0.0,0.0,,,0.0,13.0,2.2,0.8,2690,2815.5,-0.7,1.1,2869,MA上昇配列 / パーフェクトオーダー
9843,ニトリホールディングス,小売業,5.0,★☆☆☆☆,0.0,0.0,0.0,0.0,5.0,0.0,0.0,0.0,,,0.0,13.8,3.3,4.5,2350,2516.0,2.3,1.0,7276,-
2678,アスクル,小売業,5.0,★☆☆☆☆,0.0,0.0,2.0,0.0,3.0,0.0,0.0,0.0,,,0.0,14.7,2.8,2.3,1190,1260.0,0.6,0.9,610,MA上昇配列
9502,中部電力,電気・ガス業,5.0,★☆☆☆☆,0.0,0.0,3.0,0.0,2.0,0.0,0.0,0.0,,,0.0,10.9,3.4,-1.4,2800,3005.0,5.0,1.0,13983,-
4549,栄研化学,医薬品,4.8,★☆☆☆☆,0.0,0.0,3.3,0.0,1.5,0.0,0.0,0.0,,,0.0,11.3,3.0,-0.8,2390,2540.0,-0.2,2.2,448,出来高増2.2倍
3480,ジェイ・エス・ビー,不動産業,4.7,★☆☆☆☆,0.0,0.0,0.0,0.0,4.7,0.0,0.0,0.0,,,0.0,10.7,0.3,-0.0,8924,8980.0,0.0,0.1,568,52週高値目前
141A,トライアルホールディングス,小売業,4.7,★☆☆☆☆,0.0,0.0,0.0,0.0,4.7,0.0,0.0,0.0,,,0.0,13.7,3.1,0.9,2840,3025.0,1.5,0.5,1722,-
8303,ＳＢＩ新生銀行,銀行業,4.7,★☆☆☆☆,0.0,0.0,1.0,0.0,3.7,0.0,0.0,0.0,,,0.0,15.8,2.5,1.9,1386,1460.0,3.7,0.8,4294,-
3591,ワコールホールディングス,繊維製品,4.7,★☆☆☆☆,0.0,0.0,0.0,0.0,4.7,0.0,0.0,0.0,,,0.0,12.3,1.7,1.2,4327,4481.0,-0.6,0.9,342,-
7965,象印マホービン,電気機器,4.7,★☆☆☆☆,0.0,0.0,1.0,0.0,3.7,0.0,0.0,0.0,,,0.0,10.9,1.5,2.3,1387,1430.0,2.7,0.6,414,-
4507,塩野義製薬,医薬品,4.7,★☆☆☆☆,0.0,0.0,0.0,0.0,4.7,0.0,0.0,0.0,,,0.0,15.8,2.2,2.1,2767,2894.5,0.6,0.8,7225,-
7198,ＳＢＩアルヒ,その他金融業,4.7,★☆☆☆☆,0.0,0.0,0.0,0.0,4.7,0.0,0.0,0.0,,,0.0,14.6,1.4,1.8,788,811.0,2.1,1.2,103,-
9424,日本通信,情報・通信業,4.7,★☆☆☆☆,0.0,0.0,0.0,0.0,4.7,0.0,0.0,0.0,,,0.0,17.3,2.9,2.6,107,114.0,0.9,0.7,164,-
3903,ｇｕｍｉ,情報・通信業,4.7,★☆☆☆☆,0.0,0.0,1.0,0.0,3.7,0.0,0.0,0.0,,,0.0,18.5,3.9,4.3,228,248.0,4.6,0.5,135,-
8278,フジ,小売業,4.7,★☆☆☆☆,0.0,0.0,0.0,0.0,4.7,0.0,0.0,0.0,,,0.0,12.9,1.9,1.4,1924,2000.0,0.0,0.8,205,-
6929,日本セラミック,電気機器,4.7,★☆☆☆☆,0.0,0.0,0.0,0.0,4.7,0.0,0.0,0.0,,,0.0,11.1,2.1,0.8,3611,3770.0,3.3,0.7,356,-
9722,藤田観光,サービス業,4.7,★☆☆☆☆,0.0,0.0,0.0,0.0,4.7,0.0,0.0,0.0,,,0.0,18.2,2.6,4.7,1886,1991.0,4.3,0.7,432,-
7071,アンビスホールディングス,サービス業,4.7,★☆☆☆☆,0.0,0.0,0.0,0.0,4.7,0.0,0.0,0.0,,,0.0,27.3,3.9,4.4,344,373.0,-1.1,0.5,117,-
1948,弘電社,建設業,4.7,★☆☆☆☆,0.0,0.0,0.0,0.0,4.7,0.0,0.0,0.0,,,0.0,10.0,0.2,-0.3,11357,11400.0,0.0,0.1,351,52週高値目前
9532,大阪瓦斯,電気・ガス業,4.7,★☆☆☆☆,0.0,0.0,0.0,0.0,4.7,0.0,0.0,0.0,,,0.0,14.2,1.8,2.8,5364,5568.0,3.7,1.1,4286,-
1835,東鉄工業,建設業,4.7,★☆☆☆☆,0.0,0.0,1.0,0.0,3.7,0.0,0.0,0.0,,,0.0,11.9,2.0,1.6,4076,4245.0,4.7,1.2,295,-
2791,大黒天物産,小売業,4.7,★☆☆☆☆,0.0,0.0,0.0,0.0,4.7,0.0,0.0,0.0,,,0.0,22.4,3.3,3.2,4209,4505.0,-2.3,0.4,259,-
4552,ＪＣＲファーマ,医薬品,4.7,★☆☆☆☆,0.0,0.0,0.0,0.0,4.7,0.0,0.0,0.0,,,0.0,30.3,3.0,10.6,500,532.0,4.1,0.6,302,-
6183,ベルシステム２４ホールディングス,サービス業,4.7,★☆☆☆☆,0.0,0.0,0.0,0.0,4.7,0.0,0.0,0.0,,,0.0,13.4,1.8,0.5,1321,1371.0,-1.2,1.1,364,-
3825,リミックスポイント,小売業,4.7,★☆☆☆☆,0.0,0.0,0.0,0.0,4.7,0.0,0.0,0.0,,,0.0,20.6,4.4,2.5,182,200.0,0.5,0.6,190,-
4534,持田製薬,医薬品,4.7,★☆☆☆☆,0.0,0.0,0.0,0.0,4.7,0.0,0.0,0.0,,,0.0,12.6,1.4,1.5,3104,3195.0,2.6,1.1,196,-
3038,神戸物産,卸売業,4.7,★☆☆☆☆,0.0,0.0,1.0,0.0,3.7,0.0,0.0,0.0,,,0.0,14.9,2.6,1.4,2549,2690.0,-1.1,1.2,3554,-
6420,ガリレイ,機械,4.7,★☆☆☆☆,0.0,0.0,0.0,0.0,4.7,0.0,0.0,0.0,,,0.0,13.1,1.7,1.8,3258,3370.0,3.7,1.1,155,-
3656,ＫＬａｂ,情報・通信業,4.5,★☆☆☆☆,0.0,0.0,2.0,0.0,2.5,0.0,0.0,0.0,,,0.0,16.9,5.2,5.3,200,223.0,11.5,0.4,1287,-
1909,日本ドライケミカル,機械,4.5,★☆☆☆☆,0.0,0.0,0.0,0.0,4.5,0.0,0.0,0.0,,,0.0,10.2,0.2,-0.0,3684,3700.0,0.3,0.1,1098,-
299A,クラシル,サービス業,4.5,★☆☆☆☆,0.0,0.0,1.0,0.0,3.5,0.0,0.0,0.0,,,0.0,25.5,4.6,3.6,943,1038.0,-3.6,1.0,136,-
4390,ＩＰＳ,情報・通信業,4.5,★☆☆☆☆,0.0,0.0,2.0,0.0,2.5,0.0,0.0,0.0,,,0.0,16.2,3.4,-0.2,3250,3485.0,1.3,0.7,251,-
9425,ＲｅＹｕｕ　Ｊａｐａｎ,情報・通信業,4.4,★☆☆☆☆,0.0,0.0,3.0,0.0,1.0,0.0,0.4,0.0,,,0.0,43.8,14.1,2.8,153,213.0,9.8,0.3,360,開示[業務提携](12日前)
5016,ＪＸ金属,非鉄金属,4.4,★☆☆☆☆,4.4,0.0,0.0,0.0,0.0,0.0,0.0,0.0,,Emerson,-1.6,-6.1,6.7,-8.0,3281,3788.0,6.5,0.7,88441,Emerson+6.9%連動(β0.26)
6877,ＯＢＡＲＡ　ＧＲＯＵＰ,電気機器,4.3,★☆☆☆☆,0.0,0.0,3.3,0.0,1.0,0.0,0.0,0.0,,,0.0,7.4,3.4,-3.0,5467,5860.0,0.9,2.0,258,出来高増2.0倍
4973,日本高純度化学,化学,4.3,★☆☆☆☆,0.0,0.0,4.3,0.0,0.0,0.0,0.0,0.0,,,0.0,-10.1,6.7,-15.3,3866,4465.0,-6.4,2.3,661,出来高増2.3倍
3662,エイチームホールディングス,情報・通信業,4.3,★☆☆☆☆,0.0,0.0,4.3,0.0,0.0,0.0,0.0,0.0,,,0.0,14.9,1.1,-0.6,978,1000.0,-2.1,2.3,105,出来高増2.3倍
6469,放電精密加工研究所,機械,4.2,★☆☆☆☆,0.0,0.0,2.0,0.0,2.2,0.0,0.0,0.0,,,0.0,24.3,7.4,3.6,2355,2765.0,12.9,0.9,442,資金流入増
4686,ジャストシステム,情報・通信業,4.2,★☆☆☆☆,0.0,0.0,2.0,0.0,2.2,0.0,0.0,0.0,,,0.0,20.4,2.3,4.8,3776,3960.0,4.1,1.5,327,-
3984,ユーザーローカル,情報・通信業,4.2,★☆☆☆☆,0.0,0.0,0.0,0.0,4.2,0.0,0.0,0.0,,,0.0,25.4,2.7,3.8,1706,1805.0,0.4,0.7,160,MA上昇配列
9409,テレビ朝日ホールディングス,情報・通信業,4.2,★☆☆☆☆,0.0,0.0,1.0,0.0,3.2,0.0,0.0,0.0,,,0.0,13.0,2.3,0.5,3029,3175.0,1.0,0.8,623,-
2413,エムスリー,サービス業,4.2,★☆☆☆☆,0.0,0.0,0.0,0.0,4.2,0.0,0.0,0.0,,,0.0,18.5,3.2,3.3,1784,1904.5,-0.8,0.9,6366,MA上昇配列
3769,ＧＭＯペイメントゲートウェイ,情報・通信業,4.2,★☆☆☆☆,0.0,0.0,0.0,0.0,4.2,0.0,0.0,0.0,,,0.0,21.2,3.1,4.9,9226,9838.0,-0.5,0.7,2468,MA上昇配列
319A,技術承継機構,金属製品,4.2,★☆☆☆☆,0.0,0.0,3.0,0.0,1.2,0.0,0.0,0.0,,,0.0,9.8,8.5,-3.9,13811,16650.0,-5.8,1.5,631,-
9166,ＧＥＮＤＡ,サービス業,4.2,★☆☆☆☆,0.0,0.0,0.0,0.0,4.2,0.0,0.0,0.0,,,0.0,12.6,4.1,1.0,540,588.0,2.6,0.9,889,MA上昇配列
9418,Ｕ－ＮＥＸＴ　ＨＯＬＤＩＮＧＳ,情報・通信業,4.2,★☆☆☆☆,0.0,0.0,0.0,0.0,4.2,0.0,0.0,0.0,,,0.0,19.6,2.4,3.1,1639,1720.0,2.5,1.2,1045,MA上昇配列
417A,ブルーゾーンホールディングス,小売業,4.2,★☆☆☆☆,0.0,0.0,0.0,0.0,4.2,0.0,0.0,0.0,,,0.0,11.7,2.0,1.0,1700,1772.5,0.3,0.8,446,-
4543,テルモ,精密機器,4.2,★☆☆☆☆,0.0,0.0,0.0,0.0,4.2,0.0,0.0,0.0,,,0.0,12.4,2.8,1.2,2122,2249.0,-0.8,1.1,9420,MA上昇配列
4716,日本オラクル,情報・通信業,4.0,★☆☆☆☆,0.0,0.0,1.0,0.0,3.0,0.0,0.0,0.0,,,0.0,18.0,2.3,2.2,8277,8679.0,1.9,1.2,3016,MA上昇配列
8227,しまむら,小売業,4.0,★☆☆☆☆,0.0,0.0,1.0,0.0,3.0,0.0,0.0,0.0,,,0.0,15.2,2.0,1.0,3231,3369.0,-0.1,0.6,2841,MA上昇配列
7545,西松屋チェーン,小売業,4.0,★☆☆☆☆,0.0,0.0,3.0,0.0,1.0,0.0,0.0,0.0,,,0.0,15.7,2.0,0.9,1905,1986.0,-1.6,1.0,652,-
2325,ＮＪＳ,サービス業,4.0,★☆☆☆☆,0.0,0.0,0.0,0.0,4.0,0.0,0.0,0.0,,,0.0,5.1,2.5,-0.7,4264,4490.0,4.5,0.8,136,-
7806,ＭＴＧ,その他製品,4.0,★☆☆☆☆,0.0,0.0,2.0,0.0,2.0,0.0,0.0,0.0,,,0.0,15.5,5.4,-0.7,6793,7610.0,2.0,0.8,890,-
5423,東京製鐵,鉄鋼,3.9000000000000004,★☆☆☆☆,0.0,0.0,0.0,0.0,3.2,0.0,0.7,0.0,,,0.0,14.5,3.0,0.8,1637,1742.0,-0.3,0.8,643,開示[業績予想の修正](10日前)
5592,くすりの窓口,情報・通信業,3.9,★☆☆☆☆,0.0,0.0,1.0,0.0,1.5,0.0,1.4,0.0,,,0.0,21.3,2.8,-1.5,2197,2326.0,-4.8,0.5,214,開示[子会社化](4日前)
1419,タマホーム,建設業,3.8000000000000003,★☆☆☆☆,0.0,0.0,0.0,0.0,3.7,0.0,0.1,0.0,,,0.0,18.2,2.3,1.9,2859,2998.0,0.5,0.7,470,開示[受注](13日前)
3288,オープンハウスグループ,不動産業,3.7,★☆☆☆☆,0.0,0.0,0.0,0.0,3.7,0.0,0.0,0.0,,,0.0,11.7,2.3,1.8,8262,8662.0,1.7,1.1,2142,-
1663,Ｋ＆Ｏエナジーグループ,鉱業,3.7,★☆☆☆☆,0.0,0.0,0.0,0.0,3.7,0.0,0.0,0.0,,,0.0,6.5,2.4,0.4,1784,1874.0,5.0,1.0,379,-
5857,ＡＲＥホールディングス,非鉄金属,3.7,★☆☆☆☆,0.0,0.0,0.0,0.0,3.7,0.0,0.0,0.0,,,0.0,17.9,2.9,3.5,2946,3125.0,6.5,0.8,1891,-
4593,ヘリオス,医薬品,3.7,★☆☆☆☆,0.0,0.0,1.0,0.0,2.7,0.0,0.0,0.0,,,0.0,9.5,5.8,-4.1,215,243.0,-5.1,1.2,321,-
5817,ＪＭＡＣＳ,非鉄金属,3.7,★☆☆☆☆,0.0,0.0,1.0,0.0,2.7,0.0,0.0,0.0,,,0.0,9.8,7.8,-1.8,772,914.0,-7.0,0.4,162,-
6941,山一電機,電気機器,3.7,★☆☆☆☆,0.0,0.0,0.0,0.0,3.7,0.0,0.0,0.0,,,0.0,0.8,6.8,-1.7,7980,9240.0,8.1,0.6,2587,-
6866,日置電機,電気機器,3.7,★☆☆☆☆,0.0,0.0,0.0,0.0,3.7,0.0,0.0,0.0,,,0.0,1.7,5.7,-2.7,10134,11430.0,5.4,0.7,810,-
5702,大紀アルミニウム工業所,非鉄金属,3.7,★☆☆☆☆,0.0,0.0,1.0,0.0,2.7,0.0,0.0,0.0,,,0.0,9.9,2.9,-0.5,1412,1498.0,3.7,1.4,390,-
6366,千代田化工建設,建設業,3.7,★☆☆☆☆,0.0,0.0,0.0,0.0,3.7,0.0,0.0,0.0,,,0.0,18.3,4.2,4.8,664,726.0,14.2,1.2,2011,-
6644,大崎電気工業,電気機器,3.7,★☆☆☆☆,0.0,0.0,0.0,0.0,3.7,0.0,0.0,0.0,,,0.0,15.7,2.6,2.1,1449,1528.0,4.7,1.0,274,-
3350,メタプラネット,卸売業,3.7,★☆☆☆☆,0.0,0.0,1.0,0.0,2.7,0.0,0.0,0.0,,,0.0,24.9,8.0,-0.9,189,225.0,1.8,0.7,4724,-
1926,ライト工業,建設業,3.6,★☆☆☆☆,0.0,0.0,1.0,0.0,2.0,0.0,0.6,0.0,,,0.0,8.0,2.2,-2.1,3727,3900.0,0.5,1.5,590,開示[自己株式の取得](11日前)
4272,日本化薬,化学,3.5,★☆☆☆☆,0.0,0.0,0.0,0.0,3.5,0.0,0.0,0.0,,,0.0,8.7,1.7,-0.8,1922,1987.5,1.8,1.1,1172,-
3652,ディジタルメディアプロフェッショナル,情報・通信業,3.5,★☆☆☆☆,0.0,0.0,2.0,0.0,1.5,0.0,0.0,0.0,,,0.0,12.0,5.8,-2.2,2050,2320.0,10.1,0.8,126,-
8283,ＰＡＬＴＡＣ,卸売業,3.5,★☆☆☆☆,0.0,0.0,0.0,0.0,3.5,0.0,0.0,0.0,,,0.0,10.4,0.5,-0.1,6552,6620.0,0.2,0.2,1390,52週高値目前
7609,ダイトロン,卸売業,3.5,★☆☆☆☆,0.0,0.0,1.0,0.0,2.5,0.0,0.0,0.0,,,0.0,4.4,4.1,-3.0,3176,3460.0,4.8,1.3,313,-
1802,大林組,建設業,3.5,★☆☆☆☆,0.0,0.0,0.0,0.0,3.5,0.0,0.0,0.0,,,0.0,14.7,2.3,2.6,3177,3331.0,3.8,0.7,7460,-
5590,ネットスターズ,情報・通信業,3.5,★☆☆☆☆,0.0,0.0,2.0,0.0,1.5,0.0,0.0,0.0,,,0.0,15.4,4.1,-0.2,620,676.0,-1.7,0.4,113,-
6946,日本アビオニクス,電気機器,3.5,★☆☆☆☆,0.0,0.0,1.0,0.0,2.5,0.0,0.0,0.0,,,0.0,19.0,5.8,4.7,4674,5290.0,15.1,1.1,1049,-
5992,中央発條,金属製品,3.5,★☆☆☆☆,0.0,0.0,1.0,0.0,2.5,0.0,0.0,0.0,,,0.0,7.5,3.3,-0.5,3509,3760.0,3.2,1.0,196,-
4516,日本新薬,医薬品,3.5,★☆☆☆☆,0.0,0.0,1.0,0.0,2.5,0.0,0.0,0.0,,,0.0,11.5,1.8,0.7,3933,4079.0,0.8,1.3,884,-
1963,日揮ホールディングス,建設業,3.5,★☆☆☆☆,0.0,0.0,1.0,0.0,2.5,0.0,0.0,0.0,,,0.0,4.0,3.4,-1.8,2209,2371.0,7.7,1.4,3828,-
247A,Ａｉロボティクス,化学,3.5,★☆☆☆☆,0.0,0.0,0.0,0.0,3.5,0.0,0.0,0.0,,,0.0,24.7,3.7,3.1,753,814.0,6.4,0.6,663,-
4887,サワイグループホールディングス,医薬品,3.5,★☆☆☆☆,0.0,0.0,2.0,0.0,1.5,0.0,0.0,0.0,,,0.0,14.0,1.7,-0.0,1623,1679.0,-0.1,1.5,701,-
5842,インテグラル,証券、商品先物取引業,3.5,★☆☆☆☆,0.0,0.0,2.0,0.0,1.5,0.0,0.0,0.0,,,0.0,9.7,3.8,-2.5,2557,2768.0,-0.1,1.9,253,-
5334,日本特殊陶業,ガラス・土石製品,3.4,★☆☆☆☆,0.0,0.0,0.0,0.0,1.0,0.0,2.4,0.0,,,0.0,-2.4,4.0,-8.8,8661,9421.0,0.7,0.8,9566,開示[自己株式の取得](3日前)
7130,ヤマエグループホールディングス,卸売業,3.3,★☆☆☆☆,0.0,0.0,3.3,0.0,0.0,0.0,0.0,0.0,,,0.0,14.0,2.3,-1.5,2760,2893.0,-3.9,0.5,215,買い出来高優勢
4519,中外製薬,医薬品,3.3,★☆☆☆☆,0.0,0.0,3.3,0.0,0.0,0.0,0.0,0.0,,,0.0,3.7,3.2,-7.0,6416,6848.0,-6.5,2.6,19611,出来高増2.6倍
7731,ニコン,精密機器,3.2,★☆☆☆☆,0.0,0.0,0.0,0.0,3.2,0.0,0.0,0.0,,,0.0,11.1,4.0,-0.8,2024,2198.5,0.0,0.7,3828,-
2659,サンエー,小売業,3.2,★☆☆☆☆,0.0,0.0,0.0,0.0,3.2,0.0,0.0,0.0,,,0.0,10.9,2.6,-0.3,3026,3190.0,0.2,0.7,651,-
8233,高島屋,小売業,3.2,★☆☆☆☆,0.0,0.0,1.0,0.0,2.2,0.0,0.0,0.0,,,0.0,1.1,3.9,-2.7,2140,2323.0,-6.3,0.7,5375,-
6741,日本信号,電気機器,3.2,★☆☆☆☆,0.0,0.0,0.0,0.0,3.2,0.0,0.0,0.0,,,0.0,11.2,2.3,1.0,1523,1598.0,2.6,1.0,313,-
146A,コロンビア・ワークス,不動産業,3.2,★☆☆☆☆,0.0,0.0,1.0,0.0,2.2,0.0,0.0,0.0,,,0.0,22.2,3.8,2.0,2955,3200.0,-0.3,0.9,204,開示[自己株式の取得](14日前)
9678,カナモト,サービス業,3.2,★☆☆☆☆,0.0,0.0,0.0,0.0,3.2,0.0,0.0,0.0,,,0.0,5.4,2.2,-0.7,4926,5150.0,1.4,1.0,498,-
2695,くら寿司,小売業,3.2,★☆☆☆☆,0.0,0.0,1.0,0.0,2.2,0.0,0.0,0.0,,,0.0,14.7,1.8,2.5,1579,1637.0,1.7,1.4,401,-
9247,ＴＲＥホールディングス,サービス業,3.2,★☆☆☆☆,0.0,0.0,0.0,0.0,3.2,0.0,0.0,0.0,,,0.0,10.6,3.2,-0.2,1992,2129.0,-0.3,0.6,761,-
3837,アドソル日進,情報・通信業,3.2,★☆☆☆☆,0.0,0.0,1.0,0.0,2.2,0.0,0.0,0.0,,,0.0,24.1,2.8,3.7,1398,1482.0,2.5,0.6,135,-
7606,ユナイテッドアローズ,小売業,3.2,★☆☆☆☆,0.0,0.0,0.0,0.0,3.2,0.0,0.0,0.0,,,0.0,10.4,1.9,0.3,2342,2436.0,0.1,0.8,444,-
3854,アイル,情報・通信業,3.2,★☆☆☆☆,0.0,0.0,2.0,0.0,1.2,0.0,0.0,0.0,,,0.0,17.5,2.6,-0.2,2179,2297.0,-2.3,1.2,201,-
3093,トレジャー・ファクトリー,小売業,3.0,★☆☆☆☆,0.0,0.0,2.0,0.0,1.0,0.0,0.0,0.0,,,0.0,11.3,4.6,-2.9,1883,2076.0,3.3,0.4,488,資金流入増
2337,いちご,不動産業,3.0,★☆☆☆☆,0.0,0.0,2.0,0.0,1.0,0.0,0.0,0.0,,,0.0,10.0,2.8,-0.4,408,432.0,0.2,1.0,371,-
7747,朝日インテック,精密機器,3.0,★☆☆☆☆,0.0,0.0,1.0,0.0,2.0,0.0,0.0,0.0,,,0.0,7.2,3.0,-1.6,3337,3549.0,-0.6,1.3,3690,-
4681,リゾートトラスト,サービス業,3.0,★☆☆☆☆,0.0,0.0,1.0,0.0,2.0,0.0,0.0,0.0,,,0.0,12.4,1.9,1.5,1696,1764.0,1.9,1.3,728,-
4078,堺化学工業,化学,3.0,★☆☆☆☆,3.0,0.0,0.0,0.0,0.0,0.0,0.0,0.0,,Dell,-0.4,-2.9,5.0,-6.1,3657,4065.0,6.1,0.8,1452,Dell+5.6%連動(β0.21)
9037,ハマキョウレックス,陸運業,3.0,★☆☆☆☆,0.0,0.0,0.0,0.0,3.0,0.0,0.0,0.0,,,0.0,11.8,1.7,0.3,1759,1822.0,0.1,1.0,168,-
9941,太洋物産,卸売業,3.0,★☆☆☆☆,0.0,0.0,3.0,0.0,0.0,0.0,0.0,0.0,,,0.0,14.0,8.1,-4.0,1098,1312.0,-2.9,0.1,437,資金流入増
1946,トーエネック,建設業,3.0,★☆☆☆☆,0.0,0.0,2.0,0.0,1.0,0.0,0.0,0.0,,,0.0,6.0,3.1,-1.2,2025,2159.0,5.9,1.6,332,-
6027,弁護士ドットコム,サービス業,3.0,★☆☆☆☆,0.0,0.0,2.0,0.0,1.0,0.0,0.0,0.0,,,0.0,23.7,3.1,0.8,2171,2316.0,-3.1,1.2,181,-
7744,ノーリツ鋼機,精密機器,3.0,★☆☆☆☆,0.0,0.0,2.0,0.0,1.0,0.0,0.0,0.0,,,0.0,8.0,2.4,-1.1,1890,1986.0,1.3,1.8,473,-
6458,新晃工業,機械,3.0,★☆☆☆☆,0.0,0.0,0.0,0.0,3.0,0.0,0.0,0.0,,,0.0,10.9,1.4,0.2,1221,1256.0,1.5,1.1,213,MA上昇配列
4377,ワンキャリア,情報・通信業,3.0,★☆☆☆☆,0.0,0.0,0.0,0.0,3.0,0.0,0.0,0.0,,,0.0,25.8,3.5,1.8,1914,2060.0,0.0,0.9,121,MA上昇配列
7280,ミツバ,電気機器,3.0,★☆☆☆☆,0.0,0.0,2.0,0.0,1.0,0.0,0.0,0.0,,,0.0,11.5,2.7,0.3,1106,1169.0,2.7,0.7,270,-
6013,タクマ,機械,3.0,★☆☆☆☆,0.0,0.0,1.0,0.0,2.0,0.0,0.0,0.0,,,0.0,5.9,2.6,-1.9,3292,3475.0,4.4,1.5,729,-
1417,ミライト・ワン,建設業,3.0,★☆☆☆☆,0.0,0.0,2.0,0.0,1.0,0.0,0.0,0.0,,,0.0,5.0,2.1,-2.7,3522,3673.0,1.6,1.5,856,-
3465,ケイアイスター不動産,不動産業,3.0,★☆☆☆☆,0.0,0.0,2.0,0.0,1.0,0.0,0.0,0.0,,,0.0,6.2,2.5,-2.6,3411,3590.0,0.3,1.8,262,-
3443,川田テクノロジーズ,金属製品,3.0,★☆☆☆☆,0.0,0.0,2.0,0.0,1.0,0.0,0.0,0.0,,,0.0,11.4,2.4,0.1,1248,1312.0,2.8,1.5,300,-
2670,エービーシー・マート,小売業,3.0,★☆☆☆☆,0.0,0.0,2.0,0.0,1.0,0.0,0.0,0.0,,,0.0,5.9,3.1,-0.7,2546,2714.0,1.6,0.7,2720,-
5208,有沢製作所,化学,3.0,★☆☆☆☆,0.0,0.0,2.0,0.0,1.0,0.0,0.0,0.0,,,0.0,8.7,4.0,-1.6,2331,2531.0,4.6,0.6,450,-
9956,バローホールディングス,小売業,3.0,★☆☆☆☆,0.0,0.0,2.0,0.0,1.0,0.0,0.0,0.0,,,0.0,-4.0,3.2,-5.9,3028,3235.0,-1.5,0.3,2656,資金流入増
212A,フィットイージー,サービス業,3.0,★☆☆☆☆,0.0,0.0,0.0,0.0,3.0,0.0,0.0,0.0,,,0.0,17.6,3.2,0.8,2595,2772.0,1.8,1.2,375,MA上昇配列
6769,ザインエレクトロニクス,電気機器,2.9,★☆☆☆☆,0.0,0.0,0.0,0.0,1.5,0.0,1.4,0.0,,,0.0,3.9,6.3,-6.2,886,1015.0,8.3,0.6,132,開示[業績予想の修正](6日前)
4825,ウェザーニューズ,情報・通信業,2.8,★☆☆☆☆,0.0,0.0,0.0,0.0,1.0,0.0,1.8,0.0,,,0.0,10.9,2.3,-2.8,1851,1941.0,-0.3,0.8,435,開示[買収](4日前)
4395,アクリート,情報・通信業,2.7,★☆☆☆☆,0.0,0.0,0.0,0.0,2.7,0.0,0.0,0.0,,,0.0,6.4,4.3,-1.5,684,748.0,4.3,0.2,113,-
4499,Ｓｐｅｅｅ,情報・通信業,2.7,★☆☆☆☆,0.0,0.0,0.0,0.0,2.7,0.0,0.0,0.0,,,0.0,5.6,7.3,-3.8,1831,2144.0,5.0,0.4,295,-
5698,エンビプロ・ホールディングス,鉄鋼,2.7,★☆☆☆☆,0.0,0.0,0.0,0.0,2.7,0.0,0.0,0.0,,,0.0,9.4,3.7,-0.5,739,798.0,3.1,0.8,131,-
2938,オカムラ食品工業,食料品,2.7,★☆☆☆☆,0.0,0.0,0.0,0.0,2.7,0.0,0.0,0.0,,,0.0,-1.9,2.2,-3.7,1198,1253.0,2.5,0.5,150,-
1950,日本電設工業,建設業,2.5,★☆☆☆☆,0.0,0.0,1.0,0.0,1.5,0.0,0.0,0.0,,,0.0,2.2,3.1,-3.1,3845,4100.0,3.7,1.2,406,-
9708,帝国ホテル,サービス業,2.5,★☆☆☆☆,0.0,0.0,1.0,0.0,1.5,0.0,0.0,0.0,,,0.0,10.2,1.3,-0.2,972,998.0,0.2,1.3,118,-
7287,日本精機,輸送用機器,2.5,★☆☆☆☆,0.0,0.0,0.0,0.0,2.5,0.0,0.0,0.0,,,0.0,8.2,2.7,-1.3,2284,2417.0,3.3,0.7,274,-
1720,東急建設,建設業,2.5,★☆☆☆☆,0.0,0.0,0.0,0.0,2.5,0.0,0.0,0.0,,,0.0,11.6,2.2,0.6,1137,1188.0,2.9,1.0,358,-
1813,不動テトラ,建設業,2.5,★☆☆☆☆,0.0,0.0,0.0,0.0,2.5,0.0,0.0,0.0,,,0.0,14.8,2.6,1.2,2593,2734.0,4.0,0.7,191,-
7456,松田産業,卸売業,2.5,★☆☆☆☆,0.0,0.0,1.0,0.0,1.5,0.0,0.0,0.0,,,0.0,8.3,3.4,-2.3,5201,5580.0,3.9,1.3,496,-
1803,清水建設,建設業,2.5,★☆☆☆☆,0.0,0.0,0.0,0.0,2.5,0.0,0.0,0.0,,,0.0,9.4,3.1,0.2,2366,2523.5,4.4,1.1,6351,-
7238,曙ブレーキ工業,輸送用機器,2.5,★☆☆☆☆,0.0,0.0,1.0,0.0,1.5,0.0,0.0,0.0,,,0.0,10.7,3.1,-0.1,102,109.0,1.9,1.2,160,-
4569,杏林製薬,医薬品,2.5,★☆☆☆☆,0.0,0.0,0.0,0.0,2.5,0.0,0.0,0.0,,,0.0,13.2,1.5,1.6,1146,1183.0,1.8,0.9,183,-
1885,東亜建設工業,建設業,2.5,★☆☆☆☆,0.0,0.0,0.0,0.0,2.5,0.0,0.0,0.0,,,0.0,11.5,2.8,0.9,1969,2088.0,5.2,0.8,756,-
7220,武蔵精密工業,輸送用機器,2.5,★☆☆☆☆,0.0,0.0,1.0,0.0,1.5,0.0,0.0,0.0,,,0.0,-13.9,8.3,-17.7,2522,3020.0,-0.3,1.4,4818,-
3104,富士紡ホールディングス,繊維製品,2.5,★☆☆☆☆,0.0,0.0,0.0,0.0,2.5,0.0,0.0,0.0,,,0.0,3.3,5.2,-1.9,3582,4000.0,8.7,0.9,694,-
7777,スリー・ディー・マトリックス,精密機器,2.5,★☆☆☆☆,0.0,0.0,1.0,0.0,1.5,0.0,0.0,0.0,,,0.0,15.3,4.7,-2.6,310,343.0,-2.6,0.7,598,-
4886,あすか製薬ホールディングス,医薬品,2.5,★☆☆☆☆,0.0,0.0,1.0,0.0,1.5,0.0,0.0,0.0,,,0.0,13.4,2.1,-1.8,2139,2233.0,-0.5,0.9,138,-
6227,ＡＩメカテック,機械,2.5,★☆☆☆☆,0.0,0.0,0.0,0.0,1.2,0.0,1.3,0.0,,,0.0,14.3,10.7,-2.1,5356,6810.0,-2.2,0.5,10853,開示[受注](5日前)
3791,ＩＧポート,情報・通信業,2.4,★☆☆☆☆,0.0,0.0,2.0,0.0,0.0,0.0,0.4,0.0,,,0.0,-9.1,6.6,-18.9,873,1006.0,4.6,1.3,235,開示[自己株式の取得](12日前)
6055,ジャパンマテリアル,サービス業,2.4,★☆☆☆☆,0.0,0.0,0.0,0.0,1.0,0.0,1.4,0.0,,,0.0,-1.9,6.5,-8.3,2001,2300.0,2.1,0.5,2383,開示[子会社化](4日前)
3449,テクノフレックス,金属製品,2.4,★☆☆☆☆,0.0,0.0,2.0,0.0,0.0,0.0,0.4,0.0,,,0.0,-37.5,13.3,-34.8,3462,4720.0,-3.9,1.7,1620,開示[業績予想の修正](12日前)
4694,ビー・エム・エル,サービス業,2.2,★☆☆☆☆,0.0,0.0,0.0,0.0,2.2,0.0,0.0,0.0,,,0.0,9.6,1.7,-0.4,3484,3605.0,-0.7,1.2,260,-
4968,荒川化学工業,化学,2.2,★☆☆☆☆,0.0,0.0,1.0,0.0,1.2,0.0,0.0,0.0,,,0.0,7.3,7.5,-6.3,1716,2018.0,-6.6,0.6,622,-
7740,タムロン,精密機器,2.2,★☆☆☆☆,0.0,0.0,0.0,0.0,2.2,0.0,0.0,0.0,,,0.0,7.0,2.0,-1.0,1088,1134.0,0.6,0.7,448,-
3086,Ｊ．フロント　リテイリング,小売業,2.2,★☆☆☆☆,0.0,0.0,0.0,0.0,2.2,0.0,0.0,0.0,,,0.0,4.7,3.9,-3.6,2827,3066.0,-6.2,0.5,5983,-
1861,熊谷組,建設業,2.2,★☆☆☆☆,0.0,0.0,0.0,0.0,2.2,0.0,0.0,0.0,,,0.0,16.6,2.4,1.7,1398,1469.0,1.6,1.0,1093,-
7512,イオン北海道,小売業,2.2,★☆☆☆☆,0.0,0.0,0.0,0.0,2.2,0.0,0.0,0.0,,,0.0,13.3,1.7,1.0,821,849.0,-0.8,0.8,129,-
4180,Ａｐｐｉｅｒ　Ｇｒｏｕｐ,情報・通信業,2.2,★☆☆☆☆,0.0,0.0,0.0,0.0,2.2,0.0,0.0,0.0,,,0.0,37.5,4.1,6.2,838,913.0,0.3,0.8,1006,-
2379,ディップ,サービス業,2.2,★☆☆☆☆,0.0,0.0,0.0,0.0,2.2,0.0,0.0,0.0,,,0.0,16.1,2.3,1.5,1751,1834.0,1.4,1.0,615,-
3668,コロプラ,情報・通信業,2.2,★☆☆☆☆,0.0,0.0,0.0,0.0,2.2,0.0,0.0,0.0,,,0.0,18.2,2.1,2.5,372,389.0,1.6,0.8,203,-
8141,新光商事,卸売業,2.2,★☆☆☆☆,0.0,0.0,0.0,0.0,2.2,0.0,0.0,0.0,,,0.0,11.6,0.9,-0.6,1552,1579.0,-1.6,0.5,167,-
166A,タスキホールディングス,不動産業,2.2,★☆☆☆☆,0.0,0.0,0.0,0.0,2.2,0.0,0.0,0.0,,,0.0,3.0,3.3,-2.4,1024,1095.0,0.9,0.8,472,-
9023,東京地下鉄,陸運業,2.2,★☆☆☆☆,0.0,0.0,0.0,0.0,2.2,0.0,0.0,0.0,,,0.0,15.9,1.9,1.6,1402,1458.5,-0.9,1.0,3139,-
3099,三越伊勢丹ホールディングス,小売業,2.2,★☆☆☆☆,0.0,0.0,0.0,0.0,2.2,0.0,0.0,0.0,,,0.0,0.3,3.3,-5.9,3445,3688.0,-5.3,1.1,8836,-
4527,ロート製薬,医薬品,2.2,★☆☆☆☆,0.0,0.0,1.0,0.0,1.2,0.0,0.0,0.0,,,0.0,9.7,2.6,-1.6,2250,2372.0,-4.3,1.4,2234,-
4620,藤倉化成,化学,2.1,★☆☆☆☆,0.0,0.0,0.0,0.0,0.0,0.0,2.1,0.0,,,0.0,-6.0,4.4,-11.9,813,892.0,-6.0,1.2,104,開示[自己株式の取得](4日前)
1721,コムシスホールディングス,建設業,2.0,★☆☆☆☆,0.0,0.0,1.0,0.0,1.0,0.0,0.0,0.0,,,0.0,9.7,2.5,-0.1,5083,5347.0,3.6,1.2,2801,-
9229,サンウェルズ,サービス業,2.0,★☆☆☆☆,0.0,0.0,2.0,0.0,0.0,0.0,0.0,0.0,,,0.0,20.9,6.9,-7.9,112,130.0,-7.1,0.2,103,資金流入増
5821,平河ヒューテック,非鉄金属,2.0,★☆☆☆☆,0.0,0.0,2.0,0.0,0.0,0.0,0.0,0.0,,,0.0,-5.8,4.4,-10.4,2806,3075.0,0.2,1.8,177,-
4265,Ｉｎｓｔｉｔｕｔｉｏｎ　ｆｏｒ　ａ　Ｇｌｏｂａｌ　Ｓｏｃｉｅｔｙ,情報・通信業,2.0,★☆☆☆☆,0.0,0.0,2.0,0.0,0.0,0.0,0.0,0.0,,,0.0,-1.9,12.2,-14.7,231,306.0,-6.4,0.3,239,資金流入増
7352,ＴＷＯＳＴＯＮＥ＆Ｓｏｎｓ,サービス業,2.0,★☆☆☆☆,0.0,0.0,2.0,0.0,0.0,0.0,0.0,0.0,,,0.0,-10.0,9.3,-13.3,268,329.0,-4.4,0.1,185,資金流入増
3186,ネクステージ,小売業,2.0,★☆☆☆☆,0.0,0.0,1.0,0.0,1.0,0.0,0.0,0.0,,,0.0,-0.1,5.4,-6.4,3119,3495.0,-0.6,0.6,2774,-
218A,Ｌｉｂｅｒａｗａｒｅ,精密機器,2.0,★☆☆☆☆,0.0,0.0,2.0,0.0,0.0,0.0,0.0,0.0,,,0.0,25.6,11.1,-3.9,803,1032.0,0.4,0.1,848,-
6590,芝浦メカトロニクス,電気機器,2.0,★☆☆☆☆,0.0,0.0,1.0,0.0,1.0,0.0,0.0,0.0,,,0.0,28.5,9.2,-1.3,4196,5140.0,2.0,0.4,14898,-
2220,亀田製菓,食料品,2.0,★☆☆☆☆,0.0,0.0,0.0,0.0,2.0,0.0,0.0,0.0,,,0.0,12.1,2.1,0.2,1190,1242.0,-0.9,0.6,219,-
4027,テイカ,化学,2.0,★☆☆☆☆,0.0,0.0,0.0,0.0,2.0,0.0,0.0,0.0,,,0.0,9.6,3.9,-1.7,2123,2302.0,-2.1,1.1,146,-
6845,アズビル,電気機器,2.0,★☆☆☆☆,0.0,0.0,0.0,0.0,2.0,0.0,0.0,0.0,,,0.0,9.3,2.4,-0.4,1598,1677.5,3.3,0.7,2230,-
5991,日本発條,金属製品,2.0,★☆☆☆☆,0.0,0.0,1.0,0.0,1.0,0.0,0.0,0.0,,,0.0,3.0,4.7,-4.5,3326,3668.0,4.9,0.6,3166,-
4912,ライオン,化学,2.0,★☆☆☆☆,0.0,0.0,0.0,0.0,2.0,0.0,0.0,0.0,,,0.0,9.6,2.2,-0.0,1614,1689.0,-1.3,0.6,1888,-
4044,セントラル硝子,化学,2.0,★☆☆☆☆,0.0,0.0,0.0,0.0,2.0,0.0,0.0,0.0,,,0.0,6.2,2.4,-1.4,3991,4195.0,2.6,1.2,263,-
7818,トランザクション,その他製品,2.0,★☆☆☆☆,0.0,0.0,1.0,0.0,1.0,0.0,0.0,0.0,,,0.0,-1.9,4.1,-9.6,1120,1219.0,-3.3,1.5,173,-
7741,ＨＯＹＡ,精密機器,2.0,★☆☆☆☆,0.0,0.0,1.0,0.0,1.0,0.0,0.0,0.0,,,0.0,7.4,2.7,-2.9,23395,24725.0,-1.9,0.6,26187,-
9336,大栄環境,サービス業,2.0,★☆☆☆☆,0.0,0.0,0.0,0.0,2.0,0.0,0.0,0.0,,,0.0,13.7,2.7,0.5,3620,3825.0,1.3,0.7,569,-
255A,ジーエルテクノホールディングス,精密機器,2.0,★☆☆☆☆,0.0,0.0,1.0,0.0,1.0,0.0,0.0,0.0,,,0.0,7.8,6.8,-4.0,4964,5750.0,9.3,1.4,582,-
367A,プリモグローバルホールディングス,小売業,2.0,★☆☆☆☆,0.0,0.0,1.0,0.0,1.0,0.0,0.0,0.0,,,0.0,6.1,3.5,-6.6,2470,2655.0,-1.7,0.6,235,-
8739,スパークス・グループ,証券、商品先物取引業,2.0,★☆☆☆☆,0.0,0.0,0.0,0.0,2.0,0.0,0.0,0.0,,,0.0,14.2,2.1,-0.1,2145,2237.0,-0.1,0.9,203,-
7599,ＩＤＯＭ,卸売業,2.0,★☆☆☆☆,0.0,0.0,1.0,0.0,1.0,0.0,0.0,0.0,,,0.0,7.8,3.6,-2.5,1229,1325.0,4.2,0.6,1460,-
1952,新日本空調,建設業,2.0,★☆☆☆☆,0.0,0.0,1.0,0.0,1.0,0.0,0.0,0.0,,,0.0,3.7,3.7,-4.6,3193,3450.0,1.3,1.4,578,-
5121,藤倉コンポジット,ゴム製品,2.0,★☆☆☆☆,0.0,0.0,0.0,0.0,2.0,0.0,0.0,0.0,,,0.0,6.6,2.2,-2.3,2378,2487.0,0.9,1.0,175,-
1941,中電工,建設業,2.0,★☆☆☆☆,0.0,0.0,0.0,0.0,2.0,0.0,0.0,0.0,,,0.0,2.4,2.5,-2.4,4909,5170.0,2.8,1.0,381,-
6668,アドテック　プラズマ　テクノロジー,電気機器,2.0,★☆☆☆☆,0.0,0.0,2.0,0.0,0.0,0.0,0.0,0.0,,,0.0,-18.0,11.6,-18.1,2286,2979.0,-4.7,1.2,694,資金流入増
9974,ベルク,小売業,2.0,★☆☆☆☆,0.0,0.0,0.0,0.0,2.0,0.0,0.0,0.0,,,0.0,13.4,2.5,1.3,6216,6540.0,1.7,0.6,209,-
1860,戸田建設,建設業,2.0,★☆☆☆☆,0.0,0.0,0.0,0.0,2.0,0.0,0.0,0.0,,,0.0,5.8,2.5,-1.8,1468,1544.0,3.0,0.7,1548,-
9960,東テク,卸売業,2.0,★☆☆☆☆,0.0,0.0,0.0,0.0,2.0,0.0,0.0,0.0,,,0.0,10.6,3.6,-0.6,3774,4070.0,3.0,0.9,407,-
6135,牧野フライス製作所,機械,2.0,★☆☆☆☆,0.0,0.0,0.0,0.0,2.0,0.0,0.0,0.0,,,0.0,7.1,2.2,-0.4,14136,14790.0,2.6,1.1,2497,-
6166,中村超硬,機械,2.0,★☆☆☆☆,0.0,0.0,2.0,0.0,0.0,0.0,0.0,0.0,,,0.0,23.1,9.1,-9.1,520,636.0,-3.6,0.2,569,資金流入増
2664,カワチ薬品,小売業,2.0,★☆☆☆☆,0.0,0.0,0.0,0.0,2.0,0.0,0.0,0.0,,,0.0,6.1,1.7,-2.9,3211,3325.0,-1.6,0.7,153,-
7199,プレミアグループ,その他金融業,2.0,★☆☆☆☆,0.0,0.0,1.0,0.0,1.0,0.0,0.0,0.0,,,0.0,14.7,2.6,-0.6,1952,2060.0,-1.8,0.8,400,-
6363,酉島製作所,機械,2.0,★☆☆☆☆,0.0,0.0,2.0,0.0,0.0,0.0,0.0,0.0,,,0.0,12.8,3.4,-1.9,2647,2843.0,3.0,0.4,604,-
1975,朝日工業社,建設業,2.0,★☆☆☆☆,0.0,0.0,1.0,0.0,1.0,0.0,0.0,0.0,,,0.0,3.9,5.0,-5.2,3674,4085.0,3.0,0.8,428,-
3156,レスター,卸売業,2.0,★☆☆☆☆,0.0,0.0,2.0,0.0,0.0,0.0,0.0,0.0,,,0.0,-3.2,3.7,-5.7,3427,3705.0,6.0,1.6,312,-
6620,宮越ホールディングス,不動産業,2.0,★☆☆☆☆,0.0,0.0,2.0,0.0,0.0,0.0,0.0,0.0,,,0.0,-13.8,5.2,-13.3,582,649.0,-2.8,0.2,249,資金流入増
8194,ライフコーポレーション,小売業,2.0,★☆☆☆☆,0.0,0.0,0.0,0.0,2.0,0.0,0.0,0.0,,,0.0,7.4,2.4,-0.5,2380,2500.0,1.1,0.6,604,-
7976,三菱鉛筆,その他製品,2.0,★☆☆☆☆,0.0,0.0,0.0,0.0,2.0,0.0,0.0,0.0,,,0.0,9.6,2.0,-0.8,2525,2632.0,-2.1,0.9,270,-
6882,三社電機製作所,電気機器,2.0,★☆☆☆☆,0.0,0.0,2.0,0.0,0.0,0.0,0.0,0.0,,,0.0,-5.0,3.5,-7.5,1059,1138.0,3.0,1.5,105,-
2607,不二製油,食料品,2.0,★☆☆☆☆,0.0,0.0,0.0,0.0,2.0,0.0,0.0,0.0,,,0.0,9.7,2.5,-0.7,3718,3916.0,-0.9,0.6,997,-
3776,ブロードバンドタワー,情報・通信業,1.6,★☆☆☆☆,0.0,0.0,0.0,0.0,0.0,0.0,1.6,0.0,,,0.0,-2.8,5.9,-14.2,209,237.0,-16.0,0.8,210,開示[業績予想の修正](5日前)
4179,ジーネクスト,情報・通信業,1.6,★☆☆☆☆,0.0,0.0,0.0,0.0,0.0,0.0,1.6,0.0,,,0.0,-22.5,6.5,-19.9,313,360.0,-10.0,0.2,233,開示[業務提携](5日前)
1887,日本国土開発,建設業,1.6,★☆☆☆☆,0.0,0.0,1.0,0.0,0.0,0.0,0.6,0.0,,,0.0,11.3,2.2,-0.3,498,521.0,2.2,1.1,236,開示[上方修正](12日前)
7730,マニー,精密機器,1.6,★☆☆☆☆,0.0,0.0,1.0,0.0,0.0,0.0,0.6,0.0,,,0.0,1.7,2.9,-7.5,1462,1551.0,-1.8,1.4,577,開示[上方修正](12日前)
9412,スカパーＪＳＡＴ,情報・通信業,1.5,★☆☆☆☆,0.0,0.0,0.0,0.0,1.5,0.0,0.0,0.0,,,0.0,-0.1,4.2,-12.7,2031,2216.0,-2.7,0.5,6842,-
6524,湖北工業,電気機器,1.5,★☆☆☆☆,0.0,0.0,0.0,0.0,1.5,0.0,0.0,0.0,,,0.0,-6.7,5.8,-9.6,3984,4510.0,6.5,0.6,915,-
8061,西華産業,卸売業,1.5,★☆☆☆☆,0.0,0.0,0.0,0.0,1.5,0.0,0.0,0.0,,,0.0,6.3,3.6,-2.6,2458,2647.0,4.5,0.9,511,-
6232,ＡＣＳＬ,機械,1.5,★☆☆☆☆,0.0,0.0,0.0,0.0,1.5,0.0,0.0,0.0,,,0.0,11.7,7.0,-5.4,1452,1690.0,1.7,0.6,1120,-
6666,リバーエレテック,電気機器,1.5,★☆☆☆☆,0.0,0.0,0.0,0.0,1.5,0.0,0.0,0.0,,,0.0,-13.2,7.4,-12.4,629,738.0,6.8,0.9,146,-
6217,津田駒工業,機械,1.5,★☆☆☆☆,0.0,0.0,0.0,0.0,1.5,0.0,0.0,0.0,,,0.0,-17.3,10.7,-15.2,594,755.0,5.4,0.3,182,開示[業績予想の修正](14日前)
7779,ＣＹＢＥＲＤＹＮＥ,精密機器,1.5,★☆☆☆☆,0.0,0.0,0.0,0.0,1.5,0.0,0.0,0.0,,,0.0,5.3,3.9,-2.7,209,227.0,2.7,0.5,330,-
9551,メタウォーター,電気・ガス業,1.5,★☆☆☆☆,0.0,0.0,0.0,0.0,1.5,0.0,0.0,0.0,,,0.0,1.1,2.6,-2.4,3054,3225.0,3.4,1.1,355,-
6619,ダブル・スコープ,電気機器,1.5,★☆☆☆☆,0.0,0.0,0.0,0.0,1.5,0.0,0.0,0.0,,,0.0,-1.3,6.1,-11.4,135,154.0,-2.5,0.9,402,-
7564,ワークマン,小売業,1.5,★☆☆☆☆,0.0,0.0,0.0,0.0,1.5,0.0,0.0,0.0,,,0.0,-2.6,3.0,-5.5,5493,5840.0,3.4,1.0,2843,-
350A,デジタルグリッド,電気・ガス業,1.5,★☆☆☆☆,0.0,0.0,0.0,0.0,1.5,0.0,0.0,0.0,,,0.0,14.4,4.7,-1.3,685,757.0,-0.8,0.8,221,-
4022,ラサ工業,化学,1.5,★☆☆☆☆,0.0,0.0,0.0,0.0,1.5,0.0,0.0,0.0,,,0.0,-3.3,6.3,-5.5,1664,1904.0,7.6,1.2,2302,-
6337,テセック,機械,1.5,★☆☆☆☆,0.0,0.0,0.0,0.0,1.5,0.0,0.0,0.0,,,0.0,4.3,4.1,-2.8,2178,2374.0,8.0,1.1,107,-
4026,神島化学工業,ガラス・土石製品,1.5,★☆☆☆☆,0.0,0.0,0.0,0.0,1.5,0.0,0.0,0.0,,,0.0,6.4,2.8,-1.4,1494,1582.0,5.3,0.8,102,-
290A,Ｓｙｎｓｐｅｃｔｉｖｅ,情報・通信業,1.5,★☆☆☆☆,0.0,0.0,0.0,0.0,1.5,0.0,0.0,0.0,,,0.0,10.0,6.1,-6.0,1002,1140.0,1.7,0.9,1777,-
1968,太平電業,建設業,1.5,★☆☆☆☆,0.0,0.0,0.0,0.0,1.5,0.0,0.0,0.0,,,0.0,6.2,2.8,-2.0,2341,2480.0,3.5,1.2,326,-
5724,アサカ理研,非鉄金属,1.5,★☆☆☆☆,0.0,0.0,0.0,0.0,1.5,0.0,0.0,0.0,,,0.0,12.8,4.6,-0.7,2222,2445.0,8.8,0.6,135,-
7412,アトム,小売業,1.5,★☆☆☆☆,0.0,0.0,0.0,0.0,1.5,0.0,0.0,0.0,,,0.0,6.1,3.2,-1.2,345,369.0,-1.6,0.4,285,-
4222,児玉化学工業,化学,1.5,★☆☆☆☆,0.0,0.0,0.0,0.0,1.5,0.0,0.0,0.0,,,0.0,0.8,4.1,-8.4,544,593.0,-1.3,1.0,117,-
186A,アストロスケールホールディングス,サービス業,1.5,★☆☆☆☆,0.0,0.0,0.0,0.0,1.5,0.0,0.0,0.0,,,0.0,4.3,6.9,-7.4,883,1025.0,4.5,0.6,5072,-
1945,東京エネシス,建設業,1.5,★☆☆☆☆,0.0,0.0,0.0,0.0,1.5,0.0,0.0,0.0,,,0.0,6.4,3.4,-2.3,1900,2037.0,4.6,0.9,426,-
4565,ネクセラファーマ,医薬品,1.5,★☆☆☆☆,0.0,0.0,0.0,0.0,1.5,0.0,0.0,0.0,,,0.0,5.2,3.7,-4.1,833,901.0,-0.9,0.6,551,-
4592,サンバイオ,医薬品,1.5,★☆☆☆☆,0.0,0.0,0.0,0.0,1.5,0.0,0.0,0.0,,,0.0,15.8,5.6,-3.7,857,966.0,-6.7,0.7,827,-
3103,ユニチカ,繊維製品,1.5,★☆☆☆☆,0.0,0.0,0.0,0.0,1.5,0.0,0.0,0.0,,,0.0,-6.0,7.1,-11.7,737,859.0,1.1,0.6,2324,-
4554,富士製薬工業,医薬品,1.5,★☆☆☆☆,0.0,0.0,0.0,0.0,1.5,0.0,0.0,0.0,,,0.0,0.1,2.8,-5.9,1763,1869.0,-2.7,0.7,276,-
3741,セック,情報・通信業,1.5,★☆☆☆☆,0.0,0.0,0.0,0.0,1.5,0.0,0.0,0.0,,,0.0,5.1,3.5,-3.6,2788,3000.0,5.9,0.7,307,-
3853,アステリア,情報・通信業,1.5,★☆☆☆☆,0.0,0.0,0.0,0.0,1.5,0.0,0.0,0.0,,,0.0,6.7,4.6,-5.2,982,1082.0,2.1,0.4,343,-
5563,新日本電工,鉄鋼,1.5,★☆☆☆☆,0.0,0.0,0.0,0.0,1.5,0.0,0.0,0.0,,,0.0,3.8,3.8,-2.8,392,424.0,3.4,0.7,321,-
6047,Ｇｕｎｏｓｙ,サービス業,1.4,★☆☆☆☆,0.0,0.0,1.0,0.0,0.0,0.0,0.4,0.0,,,0.0,-6.4,5.3,-15.2,324,362.0,3.4,1.1,113,開示[業務提携](12日前)
2334,イオレ,サービス業,1.4,★☆☆☆☆,0.0,0.0,0.0,0.0,0.0,0.0,1.4,0.0,,,0.0,-5.1,5.6,-10.5,453,510.0,1.0,0.5,919,開示[データセンター](4日前)
3374,内外テック,卸売業,1.3,★☆☆☆☆,0.0,0.0,0.0,0.0,1.0,0.0,0.3,0.0,,,0.0,5.4,4.9,-4.3,2899,3210.0,1.1,1.0,119,開示[子会社化](12日前)
2120,ＬＩＦＵＬＬ,サービス業,1.2,★☆☆☆☆,0.0,0.0,0.0,0.0,1.2,0.0,0.0,0.0,,,0.0,14.9,2.2,0.0,188,197.0,-1.0,0.9,105,-
7082,ジモティー,サービス業,1.2,★☆☆☆☆,0.0,0.0,0.0,0.0,1.2,0.0,0.0,0.0,,,0.0,11.1,0.1,-0.1,1401,1405.0,0.1,0.3,107,-
3168,ＭＥＲＦ,卸売業,1.2,★☆☆☆☆,0.0,0.0,0.0,0.0,1.2,0.0,0.0,0.0,,,0.0,11.8,6.0,-2.3,1091,1240.0,-0.2,0.2,193,開示[業績予想の修正](14日前)
7719,東京衡機,精密機器,1.2,★☆☆☆☆,0.0,0.0,0.0,0.0,1.2,0.0,0.0,0.0,,,0.0,8.2,9.3,-3.3,353,434.0,-5.2,0.4,156,-
4480,メドレー,情報・通信業,1.2,★☆☆☆☆,0.0,0.0,0.0,0.0,1.2,0.0,0.0,0.0,,,0.0,12.0,3.3,-1.4,1874,2006.0,-3.1,0.9,321,-
6768,タムラ製作所,電気機器,1.1,★☆☆☆☆,0.0,0.0,0.0,0.0,0.0,0.0,1.1,0.0,,,0.0,3.0,4.7,-4.8,802,885.0,1.7,0.7,590,開示[子会社化](6日前)
7762,シチズン時計,精密機器,1.0,★☆☆☆☆,0.0,0.0,0.0,0.0,1.0,0.0,0.0,0.0,,,0.0,-0.6,4.1,-4.4,2043,2226.0,2.2,0.8,2977,-
4021,日産化学,化学,1.0,★☆☆☆☆,0.0,0.0,0.0,0.0,1.0,0.0,0.0,0.0,,,0.0,3.2,3.6,-5.0,7203,7754.0,1.9,0.9,5313,-
5393,ニチアス,ガラス・土石製品,1.0,★☆☆☆☆,0.0,0.0,0.0,0.0,1.0,0.0,0.0,0.0,,,0.0,-2.0,4.0,-5.8,3209,3485.0,7.0,0.8,2130,-
6433,ヒーハイスト,機械,1.0,★☆☆☆☆,0.0,0.0,1.0,0.0,0.0,0.0,0.0,0.0,,,0.0,-7.6,8.7,-16.5,738,894.0,-10.5,1.3,137,-
7944,ローランド,その他製品,1.0,★☆☆☆☆,0.0,0.0,0.0,0.0,1.0,0.0,0.0,0.0,,,0.0,6.5,2.9,-1.8,3829,4065.0,-0.6,0.8,411,-
7911,ＴＯＰＰＡＮホールディングス,その他製品,1.0,★☆☆☆☆,0.0,0.0,1.0,0.0,0.0,0.0,0.0,0.0,,,0.0,1.3,3.9,-7.0,4326,4693.0,3.9,1.2,7195,-
5892,ｙｕｔｏｒｉ,小売業,1.0,★☆☆☆☆,0.0,0.0,1.0,0.0,0.0,0.0,0.0,0.0,,,0.0,14.0,3.3,-0.1,1908,2043.0,0.7,1.2,105,-
6331,三菱化工機,機械,1.0,★☆☆☆☆,0.0,0.0,0.0,0.0,1.0,0.0,0.0,0.0,,,0.0,-0.5,4.2,-5.9,3117,3400.0,7.1,0.9,651,-
8830,住友不動産,不動産業,1.0,★☆☆☆☆,0.0,0.0,0.0,0.0,1.0,0.0,0.0,0.0,,,0.0,16.6,2.8,1.3,3568,3781.0,0.5,1.0,10528,-
4967,小林製薬,化学,1.0,★☆☆☆☆,0.0,0.0,0.0,0.0,1.0,0.0,0.0,0.0,,,0.0,11.7,1.7,1.2,5394,5587.0,1.1,0.9,1061,-
7366,ＬＩＴＡＬＩＣＯ,サービス業,1.0,★☆☆☆☆,0.0,0.0,1.0,0.0,0.0,0.0,0.0,0.0,,,0.0,17.3,2.8,-0.5,1521,1612.0,-0.5,0.7,161,-
4393,バンク・オブ・イノベーション,情報・通信業,1.0,★☆☆☆☆,0.0,0.0,0.0,0.0,1.0,0.0,0.0,0.0,,,0.0,18.4,3.2,0.2,4527,4840.0,0.6,0.9,171,-
6752,パナソニック　ホールディングス,電気機器,1.0,★☆☆☆☆,0.0,0.0,0.0,0.0,1.0,0.0,0.0,0.0,,,0.0,-3.7,5.2,-10.3,3480,3886.0,-2.7,0.5,51843,-
4259,エクサウィザーズ,情報・通信業,1.0,★☆☆☆☆,0.0,0.0,1.0,0.0,0.0,0.0,0.0,0.0,,,0.0,15.9,6.0,-3.0,718,817.0,4.3,0.5,1602,-
3850,エヌ・ティ・ティ・データ・イントラマート,情報・通信業,1.0,★☆☆☆☆,0.0,0.0,1.0,0.0,0.0,0.0,0.0,0.0,,,0.0,13.8,3.0,-1.2,2808,2989.0,-1.5,0.4,102,-
6952,カシオ計算機,電気機器,1.0,★☆☆☆☆,0.0,0.0,0.0,0.0,1.0,0.0,0.0,0.0,,,0.0,-0.1,2.8,-4.2,1676,1775.0,-1.4,0.8,1786,-
1434,ＪＥＳＣＯホールディングス,建設業,1.0,★☆☆☆☆,0.0,0.0,1.0,0.0,0.0,0.0,0.0,0.0,,,0.0,3.8,4.8,-6.9,1538,1703.0,-2.7,0.9,150,-
7157,ライフネット生命保険,保険業,1.0,★☆☆☆☆,0.0,0.0,1.0,0.0,0.0,0.0,0.0,0.0,,,0.0,19.0,3.3,-0.3,1523,1631.0,-0.9,1.3,282,-
3663,セルシス,情報・通信業,1.0,★☆☆☆☆,0.0,0.0,0.0,0.0,1.0,0.0,0.0,0.0,,,0.0,14.2,4.8,-1.2,1677,1854.0,-1.9,0.6,536,-
3569,セーレン,繊維製品,1.0,★☆☆☆☆,0.0,0.0,0.0,0.0,1.0,0.0,0.0,0.0,,,0.0,9.6,2.4,-1.2,3091,3245.0,2.5,0.8,507,-
6651,日東工業,電気機器,1.0,★☆☆☆☆,0.0,0.0,0.0,0.0,1.0,0.0,0.0,0.0,,,0.0,2.6,2.5,-2.7,4221,4445.0,3.6,0.7,421,-
6754,アンリツ,電気機器,1.0,★☆☆☆☆,0.0,0.0,0.0,0.0,1.0,0.0,0.0,0.0,,,0.0,0.0,5.2,-6.6,3498,3908.0,7.0,0.7,5934,-
3101,東洋紡,化学,1.0,★☆☆☆☆,0.0,0.0,0.0,0.0,1.0,0.0,0.0,0.0,,,0.0,8.5,4.2,-5.0,1476,1612.0,-1.5,0.8,1121,-
8595,ジャフコ　グループ,証券、商品先物取引業,1.0,★☆☆☆☆,0.0,0.0,0.0,0.0,1.0,0.0,0.0,0.0,,,0.0,8.6,1.7,-2.2,2198,2273.5,-1.1,1.1,946,-
6336,石井表記,機械,1.0,★☆☆☆☆,0.0,0.0,1.0,0.0,0.0,0.0,0.0,0.0,,,0.0,-5.4,10.0,-13.3,1282,1603.0,-3.1,0.3,346,-
4061,デンカ,化学,1.0,★☆☆☆☆,0.0,0.0,1.0,0.0,0.0,0.0,0.0,0.0,,,0.0,-7.0,4.6,-10.5,3290,3623.0,0.7,1.4,2788,-
6351,鶴見製作所,機械,1.0,★☆☆☆☆,0.0,0.0,0.0,0.0,1.0,0.0,0.0,0.0,,,0.0,8.9,4.1,-2.5,2046,2230.0,0.6,0.6,139,-
464A,ＱＰＳホールディングス,情報・通信業,1.0,★☆☆☆☆,0.0,0.0,1.0,0.0,0.0,0.0,0.0,0.0,,,0.0,-12.0,7.6,-21.7,1224,1443.0,-9.6,1.2,2987,-
2206,江崎グリコ,食料品,1.0,★☆☆☆☆,0.0,0.0,0.0,0.0,1.0,0.0,0.0,0.0,,,0.0,5.5,1.7,-2.3,4963,5140.0,-0.6,1.2,1351,-
6369,トーヨーカネツ,機械,1.0,★☆☆☆☆,0.0,0.0,0.0,0.0,1.0,0.0,0.0,0.0,,,0.0,13.7,2.0,0.5,2357,2455.0,3.5,0.7,235,-
4536,参天製薬,医薬品,1.0,★☆☆☆☆,0.0,0.0,0.0,0.0,1.0,0.0,0.0,0.0,,,0.0,3.4,2.4,-5.9,1876,1972.0,-3.5,0.8,2498,-
277A,グロービング,サービス業,1.0,★☆☆☆☆,0.0,0.0,1.0,0.0,0.0,0.0,0.0,0.0,,,0.0,-6.6,7.4,-19.1,1388,1628.0,-3.4,0.6,641,-
6480,日本トムソン,機械,1.0,★☆☆☆☆,0.0,0.0,1.0,0.0,0.0,0.0,0.0,0.0,,,0.0,-9.5,7.2,-14.4,1521,1776.0,1.1,0.7,1677,-
2685,アンドエスティＨＤ,小売業,1.0,★☆☆☆☆,0.0,0.0,0.0,0.0,1.0,0.0,0.0,0.0,,,0.0,9.0,2.3,-1.4,3244,3400.0,-1.0,0.5,803,-
2962,テクニスコ,金属製品,1.0,★☆☆☆☆,0.0,0.0,1.0,0.0,0.0,0.0,0.0,0.0,,,0.0,-25.4,11.5,-17.1,929,1206.0,-13.5,0.3,835,-
2975,スター・マイカ・ホールディングス,不動産業,1.0,★☆☆☆☆,0.0,0.0,0.0,0.0,1.0,0.0,0.0,0.0,,,0.0,6.9,3.2,-2.4,1404,1500.0,-0.9,0.6,325,-
8267,イオン,小売業,1.0,★☆☆☆☆,0.0,0.0,0.0,0.0,1.0,0.0,0.0,0.0,,,0.0,16.2,3.1,0.8,1292,1378.0,-1.2,0.9,13659,-
3321,ミタチ産業,卸売業,1.0,★☆☆☆☆,0.0,0.0,1.0,0.0,0.0,0.0,0.0,0.0,,,0.0,0.0,3.5,-6.5,1443,1551.0,1.6,0.7,161,-
9983,ファーストリテイリング,小売業,1.0,★☆☆☆☆,0.0,0.0,0.0,0.0,1.0,0.0,0.0,0.0,,,0.0,2.7,3.3,-5.5,72206,77370.0,-1.9,0.9,96870,-
9790,福井コンピュータホールディングス,情報・通信業,1.0,★☆☆☆☆,0.0,0.0,0.0,0.0,1.0,0.0,0.0,0.0,,,0.0,12.5,1.8,0.2,3019,3130.0,0.3,0.8,108,-
9413,テレビ東京ホールディングス,情報・通信業,1.0,★☆☆☆☆,0.0,0.0,0.0,0.0,1.0,0.0,0.0,0.0,,,0.0,10.7,2.3,0.1,3454,3620.0,0.8,1.1,318,-
1934,ユアテック,建設業,1.0,★☆☆☆☆,0.0,0.0,1.0,0.0,0.0,0.0,0.0,0.0,,,0.0,8.1,2.2,-0.5,2280,2384.0,2.9,1.4,242,-
7760,ＩＭＶ,精密機器,1.0,★☆☆☆☆,0.0,0.0,1.0,0.0,0.0,0.0,0.0,0.0,,,0.0,10.5,5.3,-4.3,2136,2391.0,4.8,0.9,227,-
3105,日清紡ホールディングス,電気機器,1.0,★☆☆☆☆,0.0,0.0,0.0,0.0,1.0,0.0,0.0,0.0,,,0.0,2.6,4.6,-4.3,2033,2241.0,1.8,0.5,2103,-
1961,三機工業,建設業,1.0,★☆☆☆☆,0.0,0.0,1.0,0.0,0.0,0.0,0.0,0.0,,,0.0,-10.1,4.3,-10.1,2258,2472.0,0.1,1.5,1740,-
6134,ＦＵＪＩ,機械,1.0,★☆☆☆☆,0.0,0.0,0.0,0.0,1.0,0.0,0.0,0.0,,,0.0,5.1,5.9,-5.6,6648,7545.0,3.7,0.7,6040,-
3436,ＳＵＭＣＯ,金属製品,1.0,★☆☆☆☆,0.0,0.0,1.0,0.0,0.0,0.0,0.0,0.0,,,0.0,9.5,13.1,-13.3,2775,3762.0,-3.9,1.2,100419,-
6703,沖電気工業,電気機器,1.0,★☆☆☆☆,0.0,0.0,0.0,0.0,1.0,0.0,0.0,0.0,,,0.0,2.6,5.1,-0.9,3055,3400.0,11.1,0.8,2174,-
6785,鈴木,電気機器,1.0,★☆☆☆☆,0.0,0.0,0.0,0.0,1.0,0.0,0.0,0.0,,,0.0,3.1,4.5,-5.6,2744,3015.0,0.8,0.8,224,-
3046,ジンズホールディングス,小売業,1.0,★☆☆☆☆,0.0,0.0,1.0,0.0,0.0,0.0,0.0,0.0,,,0.0,-7.1,6.4,-9.8,5814,6670.0,5.2,1.1,2745,-
5218,オハラ,ガラス・土石製品,1.0,★☆☆☆☆,0.0,0.0,0.0,0.0,1.0,0.0,0.0,0.0,,,0.0,1.1,4.0,-5.1,1306,1420.0,0.2,0.7,116,-
5232,住友大阪セメント,ガラス・土石製品,1.0,★☆☆☆☆,0.0,0.0,0.0,0.0,1.0,0.0,0.0,0.0,,,0.0,2.5,3.6,-1.6,5290,5704.0,6.4,0.9,1444,-
9270,バリュエンスホールディングス,卸売業,1.0,★☆☆☆☆,0.0,0.0,1.0,0.0,0.0,0.0,0.0,0.0,,,0.0,-1.6,6.9,-10.3,1646,1909.0,-6.3,0.5,277,-
7734,理研計器,精密機器,1.0,★☆☆☆☆,0.0,0.0,1.0,0.0,0.0,0.0,0.0,0.0,,,0.0,4.7,3.3,-3.0,3201,3425.0,4.7,0.9,313,-
6794,フォスター電機,電気機器,1.0,★☆☆☆☆,0.0,0.0,0.0,0.0,1.0,0.0,0.0,0.0,,,0.0,9.3,2.4,-0.9,2743,2880.0,3.4,0.7,388,-
3457,Ａｎｄ　Ｄｏホールディングス,不動産業,1.0,★☆☆☆☆,0.0,0.0,1.0,0.0,0.0,0.0,0.0,0.0,,,0.0,6.2,1.7,-1.7,907,938.0,0.6,0.6,125,開示[業績予想の修正](14日前)
4088,エア・ウォーター,化学,1.0,★☆☆☆☆,0.0,0.0,0.0,0.0,1.0,0.0,0.0,0.0,,,0.0,6.1,2.6,-0.1,2510,2650.0,4.9,0.8,2142,-
4107,伊勢化学工業,化学,1.0,★☆☆☆☆,0.0,0.0,1.0,0.0,0.0,0.0,0.0,0.0,,,0.0,-5.1,3.8,-4.1,3394,3675.0,6.5,0.4,2281,-
6516,山洋電気,電気機器,1.0,★☆☆☆☆,0.0,0.0,1.0,0.0,0.0,0.0,0.0,0.0,,,0.0,-6.5,4.3,-8.3,5233,5720.0,5.0,1.2,773,-
6525,ＫＯＫＵＳＡＩ　ＥＬＥＣＴＲＩＣ,電気機器,1.0,★☆☆☆☆,0.0,0.0,1.0,0.0,0.0,0.0,0.0,0.0,,,0.0,-3.5,9.7,-14.7,6897,8561.0,-2.7,0.6,87824,-
8139,ナガホリ,卸売業,1.0,★☆☆☆☆,0.0,0.0,1.0,0.0,0.0,0.0,0.0,0.0,,,0.0,12.1,6.8,-0.3,1834,2122.0,5.9,0.9,120,-
6745,ホーチキ,電気機器,1.0,★☆☆☆☆,0.0,0.0,0.0,0.0,1.0,0.0,0.0,0.0,,,0.0,12.8,4.2,-0.1,1806,1972.0,7.1,0.5,456,-
6834,精工技研,電気機器,0.6,★☆☆☆☆,0.0,0.0,0.0,0.0,0.0,0.0,0.6,0.0,,,0.0,-24.6,7.9,-18.9,16960,20120.0,6.3,0.5,4206,開示[株式分割](10日前)
5074,テスホールディングス,建設業,0.6,★☆☆☆☆,0.0,0.0,0.0,0.0,0.0,0.0,0.6,0.0,,,0.0,-16.1,9.0,-18.2,577,705.0,-5.5,1.0,1894,開示[受注](10日前)
4071,プラスアルファ・コンサルティング,情報・通信業,0.6,★☆☆☆☆,0.0,0.0,0.0,0.0,0.0,0.0,0.6,0.0,,,0.0,0.6,4.9,-13.3,2044,2267.0,-5.4,0.6,708,開示[資本業務提携](12日前) / 開示[資本業務提携](13日前)
280A,ＴＭＨ,卸売業,0.4,★☆☆☆☆,0.0,0.0,0.0,0.0,0.0,0.0,0.4,0.0,,,0.0,-37.8,14.1,-44.1,682,949.0,-14.0,0.8,109,開示[業績予想の修正](12日前)
1812,鹿島建設,建設業,0.2,★☆☆☆☆,0.0,0.0,0.0,0.0,0.0,0.0,0.2,0.0,,,0.0,8.7,3.0,-2.2,5317,5655.0,2.4,0.6,9196,開示[自己株式の取得](13日前)
4894,クオリプス,医薬品,0.0,★☆☆☆☆,0.0,0.0,0.0,0.0,0.0,0.0,0.0,0.0,,,0.0,22.8,8.1,-1.7,3623,4320.0,-1.8,0.8,723,-
6928,エノモト,電気機器,0.0,★☆☆☆☆,0.0,0.0,0.0,0.0,0.0,0.0,0.0,0.0,,,0.0,-9.9,4.7,-13.6,2280,2514.0,-0.6,1.2,105,-
4691,ワシントンホテル,サービス業,0.0,★☆☆☆☆,0.0,0.0,0.0,0.0,0.0,0.0,0.0,0.0,,,0.0,-6.9,4.6,-10.3,2074,2286.0,-2.1,0.6,153,-
6875,メガチップス,電気機器,0.0,★☆☆☆☆,0.0,0.0,0.0,0.0,0.0,0.0,0.0,0.0,,,0.0,5.3,4.6,-7.1,8611,9480.0,2.0,1.0,1059,-
6914,オプテックスグループ,電気機器,0.0,★☆☆☆☆,0.0,0.0,0.0,0.0,0.0,0.0,0.0,0.0,,,0.0,-4.1,4.3,-8.9,3269,3575.0,1.9,0.8,572,-
4392,ＦＩＧ,情報・通信業,0.0,★☆☆☆☆,0.0,0.0,0.0,0.0,0.0,0.0,0.0,0.0,,,0.0,-4.2,8.3,-13.6,792,949.0,-10.8,1.2,1174,-
3692,ＦＦＲＩセキュリティ,情報・通信業,0.0,★☆☆☆☆,0.0,0.0,0.0,0.0,0.0,0.0,0.0,0.0,,,0.0,20.6,5.3,-4.0,4364,4880.0,-4.1,0.7,558,-
3687,フィックスターズ,情報・通信業,0.0,★☆☆☆☆,0.0,0.0,0.0,0.0,0.0,0.0,0.0,0.0,,,0.0,2.2,5.2,-6.8,1958,2184.0,2.6,0.4,2425,-
7868,広済堂ホールディングス,その他製品,0.0,★☆☆☆☆,0.0,0.0,0.0,0.0,0.0,0.0,0.0,0.0,,,0.0,8.3,3.2,-1.9,496,530.0,3.9,0.6,346,-
6962,大真空,電気機器,0.0,★☆☆☆☆,0.0,0.0,0.0,0.0,0.0,0.0,0.0,0.0,,,0.0,-5.1,4.9,-9.2,700,777.0,5.0,0.5,533,-
3810,サイバーステップホールディングス,情報・通信業,0.0,★☆☆☆☆,0.0,0.0,0.0,0.0,0.0,0.0,0.0,0.0,,,0.0,-1.5,11.3,-12.9,122,158.0,-4.2,0.3,285,-
3891,ニッポン高度紙工業,パルプ・紙,0.0,★☆☆☆☆,0.0,0.0,0.0,0.0,0.0,0.0,0.0,0.0,,,0.0,-21.9,8.3,-19.6,5699,6840.0,-1.6,0.9,1328,-
3905,データセクション,情報・通信業,0.0,★☆☆☆☆,0.0,0.0,0.0,0.0,0.0,0.0,0.0,0.0,,,0.0,-33.7,9.0,-27.6,1903,2323.0,-8.1,0.6,5520,-
7826,フルヤ金属,その他製品,0.0,★☆☆☆☆,0.0,0.0,0.0,0.0,0.0,0.0,0.0,0.0,,,0.0,-9.1,6.3,-11.2,5881,6730.0,3.5,0.9,2884,-
3915,テラスカイ,情報・通信業,0.0,★☆☆☆☆,0.0,0.0,0.0,0.0,0.0,0.0,0.0,0.0,,,0.0,-1.3,5.9,-11.6,1789,2030.0,-5.8,0.5,511,-
3922,ＰＲ　ＴＩＭＥＳ,情報・通信業,0.0,★☆☆☆☆,0.0,0.0,0.0,0.0,0.0,0.0,0.0,0.0,,,0.0,7.5,3.2,-5.9,2000,2138.0,3.4,0.9,123,-
4985,アース製薬,化学,0.0,★☆☆☆☆,0.0,0.0,0.0,0.0,0.0,0.0,0.0,0.0,,,0.0,9.0,1.6,-0.3,4538,4690.0,-0.1,0.5,340,-
6855,日本電子材料,電気機器,0.0,★☆☆☆☆,0.0,0.0,0.0,0.0,0.0,0.0,0.0,0.0,,,0.0,-14.0,8.4,-15.7,5123,6150.0,3.2,0.8,5426,-
6862,ミナトホールディングス,電気機器,0.0,★☆☆☆☆,0.0,0.0,0.0,0.0,0.0,0.0,0.0,0.0,,,0.0,-4.3,5.8,-9.4,1637,1851.0,4.9,0.7,302,-
6864,エヌエフホールディングス,電気機器,0.0,★☆☆☆☆,0.0,0.0,0.0,0.0,0.0,0.0,0.0,0.0,,,0.0,-8.1,3.9,-7.7,1437,1559.0,5.1,0.7,106,-
8802,三菱地所,不動産業,0.0,★☆☆☆☆,0.0,0.0,0.0,0.0,0.0,0.0,0.0,0.0,,,0.0,10.6,2.9,-0.7,3858,4098.0,-0.3,0.9,13133,-
7956,ピジョン,その他製品,0.0,★☆☆☆☆,0.0,0.0,0.0,0.0,0.0,0.0,0.0,0.0,,,0.0,9.5,1.9,-2.3,1899,1975.5,-2.7,0.7,1853,-
2160,ジーエヌアイグループ,医薬品,0.0,★☆☆☆☆,0.0,0.0,0.0,0.0,0.0,0.0,0.0,0.0,,,0.0,13.0,4.0,-2.1,2369,2575.0,5.5,0.8,2168,-
6327,北川精機,機械,0.0,★☆☆☆☆,0.0,0.0,0.0,0.0,0.0,0.0,0.0,0.0,,,0.0,-31.4,17.6,-36.1,2352,3635.0,-7.0,0.5,4995,-
5885,ジーデップ・アドバンス,卸売業,0.0,★☆☆☆☆,0.0,0.0,0.0,0.0,0.0,0.0,0.0,0.0,,,0.0,8.8,6.3,-4.4,2392,2739.0,5.5,0.4,185,-
6356,日本ギア工業,機械,0.0,★☆☆☆☆,0.0,0.0,0.0,0.0,0.0,0.0,0.0,0.0,,,0.0,5.2,6.2,-8.0,1208,1379.0,-2.2,0.7,459,-
9072,ニッコンホールディングス,陸運業,0.0,★☆☆☆☆,0.0,0.0,0.0,0.0,0.0,0.0,0.0,0.0,,,0.0,-2.3,2.7,-9.1,4815,5094.0,-4.8,0.6,1371,-
2802,味の素,食料品,0.0,★☆☆☆☆,0.0,0.0,0.0,0.0,0.0,0.0,0.0,0.0,,,0.0,-0.7,3.8,-10.2,4680,5069.0,-2.4,0.8,21887,-
281A,インフォメティス,情報・通信業,0.0,★☆☆☆☆,0.0,0.0,0.0,0.0,0.0,0.0,0.0,0.0,,,0.0,-22.7,8.8,-20.9,371,450.0,-1.1,0.3,180,-
2986,ＬＡホールディングス,不動産業,0.0,★☆☆☆☆,0.0,0.0,0.0,0.0,0.0,0.0,0.0,0.0,,,0.0,9.6,3.5,-1.8,2560,2750.0,3.2,0.6,577,-
262A,インターメスティック,小売業,0.0,★☆☆☆☆,0.0,0.0,0.0,0.0,0.0,0.0,0.0,0.0,,,0.0,4.2,3.4,-5.2,1731,1855.0,2.0,1.0,419,-
268A,リガク・ホールディングス,精密機器,0.0,★☆☆☆☆,0.0,0.0,0.0,0.0,0.0,0.0,0.0,0.0,,,0.0,-4.6,8.4,-12.2,1779,2140.0,-5.6,0.8,6926,-
2726,パルグループホールディングス,小売業,0.0,★☆☆☆☆,0.0,0.0,0.0,0.0,0.0,0.0,0.0,0.0,,,0.0,9.4,3.6,-0.3,1341,1444.0,2.0,0.9,1443,-
5706,三井金属,非鉄金属,0.0,★☆☆☆☆,0.0,0.0,0.0,0.0,0.0,0.0,0.0,0.0,,,0.0,-15.6,8.2,-17.5,26117,31230.0,4.2,0.7,47153,-
4587,ペプチドリーム,医薬品,0.0,★☆☆☆☆,0.0,0.0,0.0,0.0,0.0,0.0,0.0,0.0,,,0.0,3.9,3.1,-4.7,897,955.7999877929688,-2.0,0.8,813,-
4588,オンコリスバイオファーマ,医薬品,0.0,★☆☆☆☆,0.0,0.0,0.0,0.0,0.0,0.0,0.0,0.0,,,0.0,4.8,5.6,-1.6,2283,2572.0,9.4,0.4,1572,-
7245,大同メタル工業,輸送用機器,0.0,★☆☆☆☆,0.0,0.0,0.0,0.0,0.0,0.0,0.0,0.0,,,0.0,-10.2,6.0,-11.5,1176,1337.0,4.0,0.5,1385,-
7256,河西工業,輸送用機器,0.0,★☆☆☆☆,0.0,0.0,0.0,0.0,0.0,0.0,0.0,0.0,,,0.0,11.9,5.8,-4.7,365,412.0,-1.4,0.2,120,-
6492,岡野バルブ製造,機械,0.0,★☆☆☆☆,0.0,0.0,0.0,0.0,0.0,0.0,0.0,0.0,,,0.0,0.3,7.9,-16.7,11757,13950.0,-8.5,0.7,666,-
1938,日本リーテック,建設業,0.0,★☆☆☆☆,0.0,0.0,0.0,0.0,0.0,0.0,0.0,0.0,,,0.0,3.2,2.8,-3.6,2390,2529.0,2.8,1.1,193,-
6616,トレックス・セミコンダクター,電気機器,0.0,★☆☆☆☆,0.0,0.0,0.0,0.0,0.0,0.0,0.0,0.0,,,0.0,-19.0,6.2,-17.4,1606,1834.0,1.6,0.8,242,-
6613,ＱＤレーザ,電気機器,0.0,★☆☆☆☆,0.0,0.0,0.0,0.0,0.0,0.0,0.0,0.0,,,0.0,-34.7,13.0,-36.0,1146,1550.0,-12.2,0.6,6619,-
6597,ＨＰＣシステムズ,電気機器,0.0,★☆☆☆☆,0.0,0.0,0.0,0.0,0.0,0.0,0.0,0.0,,,0.0,-16.6,6.0,-16.3,2994,3405.0,-1.0,0.8,290,-
6656,インスペック,電気機器,0.0,★☆☆☆☆,0.0,0.0,0.0,0.0,0.0,0.0,0.0,0.0,,,0.0,-0.3,6.2,-7.6,976,1115.0,-0.8,0.4,144,-
6777,ｓａｎｔｅｃ　Ｈｏｌｄｉｎｇｓ,電気機器,0.0,★☆☆☆☆,0.0,0.0,0.0,0.0,0.0,0.0,0.0,0.0,,,0.0,-23.9,7.8,-19.7,15444,18310.0,-1.7,0.8,2836,-
7318,セレンディップ・ホールディングス,輸送用機器,0.0,★☆☆☆☆,0.0,0.0,0.0,0.0,0.0,0.0,0.0,0.0,,,0.0,2.6,7.2,-6.9,1717,2004.0,2.0,0.5,358,-
6753,シャープ,電気機器,0.0,★☆☆☆☆,0.0,0.0,0.0,0.0,0.0,0.0,0.0,0.0,,,0.0,11.1,3.1,-3.1,571,608.7000122070312,-3.0,1.0,2181,-
6674,ジーエス・ユアサ　コーポレーション,電気機器,0.0,★☆☆☆☆,0.0,0.0,0.0,0.0,0.0,0.0,0.0,0.0,,,0.0,-3.7,4.8,-9.1,5241,5793.0,4.0,0.8,4914,-
6838,多摩川ホールディングス,電気機器,0.0,★☆☆☆☆,0.0,0.0,0.0,0.0,0.0,0.0,0.0,0.0,,,0.0,-19.0,5.9,-16.3,1204,1365.0,1.6,0.7,434,-
6840,ＡＫＩＢＡホールディングス,電気機器,0.0,★☆☆☆☆,0.0,0.0,0.0,0.0,0.0,0.0,0.0,0.0,,,0.0,-11.3,5.6,-10.9,590,664.0,3.6,0.7,167,-
4047,関東電化工業,化学,0.0,★☆☆☆☆,0.0,0.0,0.0,0.0,0.0,0.0,0.0,0.0,,,0.0,-14.1,6.6,-14.5,2417,2782.0,3.0,0.7,1781,-
4051,ＧＭＯフィナンシャルゲート,情報・通信業,0.0,★☆☆☆☆,0.0,0.0,0.0,0.0,0.0,0.0,0.0,0.0,,,0.0,5.1,3.4,-6.7,5781,6200.0,-6.6,0.7,199,-
4055,ティアンドエスグループ,情報・通信業,0.0,★☆☆☆☆,0.0,0.0,0.0,0.0,0.0,0.0,0.0,0.0,,,0.0,-7.6,5.0,-11.8,1355,1507.0,-0.4,0.6,111,-
5381,マイポックス,ガラス・土石製品,0.0,★☆☆☆☆,0.0,0.0,0.0,0.0,0.0,0.0,0.0,0.0,,,0.0,-16.4,6.6,-16.9,702,809.0,-1.2,0.8,191,-
5367,ニッカトー,ガラス・土石製品,0.0,★☆☆☆☆,0.0,0.0,0.0,0.0,0.0,0.0,0.0,0.0,,,0.0,-20.3,7.8,-16.0,976,1157.0,3.3,0.5,745,-
6425,ユニバーサルエンターテインメント,機械,0.0,★☆☆☆☆,0.0,0.0,0.0,0.0,0.0,0.0,0.0,0.0,,,0.0,14.4,4.3,-1.1,593,649.0,0.3,0.9,160,-
6387,サムコ,機械,0.0,★☆☆☆☆,0.0,0.0,0.0,0.0,0.0,0.0,0.0,0.0,,,0.0,-22.0,11.1,-24.8,7243,9320.0,-6.7,1.1,1108,-
7409,ＡｅｒｏＥｄｇｅ,輸送用機器,0.0,★☆☆☆☆,0.0,0.0,0.0,0.0,0.0,0.0,0.0,0.0,,,0.0,-4.1,7.4,-10.3,1286,1508.0,8.1,0.7,272,-
8715,アニコム　ホールディングス,保険業,0.0,★☆☆☆☆,0.0,0.0,0.0,0.0,0.0,0.0,0.0,0.0,,,0.0,9.7,2.7,-1.6,1142,1207.0,4.1,1.0,313,-
6762,ＴＤＫ,電気機器,0.0,★☆☆☆☆,0.0,0.0,0.0,0.0,0.0,0.0,0.0,0.0,,,0.0,-5.0,4.9,-11.9,2715,3012.0,1.5,0.7,41608,-
7373,アイドマ・ホールディングス,サービス業,0.0,★☆☆☆☆,0.0,0.0,0.0,0.0,0.0,0.0,0.0,0.0,,,0.0,-3.0,4.6,-11.6,899,990.0,-2.8,0.6,154,-
9211,エフ・コード,サービス業,0.0,★☆☆☆☆,0.0,0.0,0.0,0.0,0.0,0.0,0.0,0.0,,,0.0,16.6,3.5,-1.1,1279,1374.0,-0.8,0.4,163,-
9227,マイクロ波化学,サービス業,0.0,★☆☆☆☆,0.0,0.0,0.0,0.0,0.0,0.0,0.0,0.0,,,0.0,4.7,4.5,-5.7,749,823.0,7.0,0.5,124,-
5985,サンコール,金属製品,0.0,★☆☆☆☆,0.0,0.0,0.0,0.0,0.0,0.0,0.0,0.0,,,0.0,-20.3,7.5,-19.6,1054,1241.0,0.9,0.6,1057,-
2432,ディー・エヌ・エー,情報・通信業,0.0,★☆☆☆☆,0.0,0.0,0.0,0.0,0.0,0.0,0.0,0.0,,,0.0,12.6,2.2,-1.2,2342,2451.5,1.5,0.8,3138,-
2585,ライフドリンク　カンパニー,食料品,0.0,★☆☆☆☆,0.0,0.0,0.0,0.0,0.0,0.0,0.0,0.0,,,0.0,2.7,4.6,-3.6,1331,1467.0,3.5,1.0,865,-
215A,タイミー,サービス業,0.0,★☆☆☆☆,0.0,0.0,0.0,0.0,0.0,0.0,0.0,0.0,,,0.0,9.2,4.9,-3.7,1313,1454.0,0.6,0.5,2781,-
4082,第一稀元素化学工業,化学,0.0,★☆☆☆☆,0.0,0.0,0.0,0.0,0.0,0.0,0.0,0.0,,,0.0,2.0,4.4,-5.8,1689,1852.0,7.1,0.7,327,-
7794,イーディーピー,その他製品,0.0,★☆☆☆☆,0.0,0.0,0.0,0.0,0.0,0.0,0.0,0.0,,,0.0,1.8,5.2,-12.2,837,935.0,2.4,0.8,438,-
6235,オプトラン,機械,0.0,★☆☆☆☆,0.0,0.0,0.0,0.0,0.0,0.0,0.0,0.0,,,0.0,-6.8,6.7,-10.1,2807,3245.0,4.2,0.9,1271,-
1801,大成建設,建設業,0.0,★☆☆☆☆,0.0,0.0,0.0,0.0,0.0,0.0,0.0,0.0,,,0.0,9.5,3.6,-1.7,12841,13835.0,3.7,0.6,8925,-
9793,ダイセキ,サービス業,0.0,★☆☆☆☆,0.0,0.0,0.0,0.0,0.0,0.0,0.0,0.0,,,0.0,8.3,2.1,-1.3,3675,3835.0,1.5,0.9,635,-
4626,太陽ホールディングス,化学,0.0,★☆☆☆☆,0.0,0.0,0.0,0.0,0.0,0.0,0.0,0.0,,,0.0,6.3,1.4,-3.4,4617,4749.0,-0.6,1.2,1606,-
135A,ＶＲＡＩＮ　Ｓｏｌｕｔｉｏｎ,情報・通信業,0.0,★☆☆☆☆,0.0,0.0,0.0,0.0,0.0,0.0,0.0,0.0,,,0.0,5.7,6.5,-7.8,3296,3785.0,0.9,0.8,425,-
6254,野村マイクロ・サイエンス,機械,0.0,★☆☆☆☆,0.0,0.0,0.0,0.0,0.0,0.0,0.0,0.0,,,0.0,-0.2,6.7,-9.0,3586,4140.0,7.5,0.8,4178,-
6245,ヒラノテクシード,機械,0.0,★☆☆☆☆,0.0,0.0,0.0,0.0,0.0,0.0,0.0,0.0,,,0.0,0.1,3.3,-7.5,1521,1629.0,0.4,0.8,148,-
6298,ワイエイシイホールディングス,機械,0.0,★☆☆☆☆,0.0,0.0,0.0,0.0,0.0,0.0,0.0,0.0,,,0.0,-4.6,5.1,-10.2,1050,1168.0,1.1,0.6,369,-
6140,旭ダイヤモンド工業,機械,0.0,★☆☆☆☆,0.0,0.0,0.0,0.0,0.0,0.0,0.0,0.0,,,0.0,4.6,3.8,-4.6,1054,1142.0,-1.0,0.9,616,-
6036,ＫｅｅＰｅｒ技研,サービス業,0.0,★☆☆☆☆,0.0,0.0,0.0,0.0,0.0,0.0,0.0,0.0,,,0.0,14.7,2.2,-1.5,2648,2772.0,-2.7,1.1,325,-
6072,地盤ネットホールディングス,サービス業,0.0,★☆☆☆☆,0.0,0.0,0.0,0.0,0.0,0.0,0.0,0.0,,,0.0,1.9,6.5,-12.8,769,884.0,-0.6,0.2,755,-
6085,アーキテクツ・スタジオ・ジャパン,サービス業,0.0,★☆☆☆☆,0.0,0.0,0.0,0.0,0.0,0.0,0.0,0.0,,,0.0,-52.2,21.9,-49.9,63,112.0,-28.2,1.0,671,-
1893,五洋建設,建設業,0.0,★☆☆☆☆,0.0,0.0,0.0,0.0,0.0,0.0,0.0,0.0,,,0.0,3.2,3.3,-4.2,1478,1583.5,3.2,0.8,2503,-
4420,イーソル,情報・通信業,0.0,★☆☆☆☆,0.0,0.0,0.0,0.0,0.0,0.0,0.0,0.0,,,0.0,3.4,4.0,-7.3,687,746.0,-5.3,0.4,143,-
4506,住友ファーマ,医薬品,0.0,★☆☆☆☆,0.0,0.0,0.0,0.0,0.0,0.0,0.0,0.0,,,0.0,0.8,3.8,-7.7,1202,1300.5,3.1,0.9,4978,-
4425,Ｋｕｄａｎ,情報・通信業,0.0,★☆☆☆☆,0.0,0.0,0.0,0.0,0.0,0.0,0.0,0.0,,,0.0,6.0,5.6,-8.9,1534,1729.0,-4.2,0.6,287,-
6965,浜松ホトニクス,電気機器,0.0,★☆☆☆☆,0.0,0.0,0.0,0.0,0.0,0.0,0.0,0.0,,,0.0,0.9,4.5,-6.5,2152,2367.5,2.8,0.7,7475,-
6966,三井ハイテック,電気機器,0.0,★☆☆☆☆,0.0,0.0,0.0,0.0,0.0,0.0,0.0,0.0,,,0.0,3.5,5.6,-6.8,817,920.0,3.1,0.6,2837,-
6994,指月電機製作所,電気機器,0.0,★☆☆☆☆,0.0,0.0,0.0,0.0,0.0,0.0,0.0,0.0,,,0.0,-13.5,6.4,-12.5,911,1045.0,5.3,0.7,333,-
6963,ローム,電気機器,0.0,★☆☆☆☆,0.0,0.0,0.0,0.0,0.0,0.0,0.0,0.0,,,0.0,-2.6,7.4,-11.9,3945,4628.0,2.1,0.7,26292,-
6996,ニチコン,電気機器,0.0,★☆☆☆☆,0.0,0.0,0.0,0.0,0.0,0.0,0.0,0.0,,,0.0,-19.5,7.7,-19.2,2539,3000.0,1.2,0.7,4816,-
6997,日本ケミコン,電気機器,0.0,★☆☆☆☆,0.0,0.0,0.0,0.0,0.0,0.0,0.0,0.0,,,0.0,-32.0,11.0,-27.7,2497,3200.0,1.3,0.5,5012,-
9369,キユーソー流通システム,倉庫・運輸関連業,0.0,★☆☆☆☆,0.0,0.0,0.0,0.0,0.0,0.0,0.0,0.0,,,0.0,2.5,4.8,-7.0,2634,2913.0,-2.1,0.7,157,-
1980,ダイダン,建設業,0.0,★☆☆☆☆,0.0,0.0,0.0,0.0,0.0,0.0,0.0,0.0,,,0.0,0.2,4.0,-5.2,2415,2628.0,2.1,1.0,1557,-
6203,豊和工業,機械,0.0,★☆☆☆☆,0.0,0.0,0.0,0.0,0.0,0.0,0.0,0.0,,,0.0,0.0,6.8,-7.9,1239,1435.0,0.6,0.4,602,-
6145,ＮＩＴＴＯＫＵ,機械,0.0,★☆☆☆☆,0.0,0.0,0.0,0.0,0.0,0.0,0.0,0.0,,,0.0,0.4,3.8,-6.3,2470,2673.0,4.1,0.9,282,-
9468,ＫＡＤＯＫＡＷＡ,情報・通信業,0.0,★☆☆☆☆,0.0,0.0,0.0,0.0,0.0,0.0,0.0,0.0,,,0.0,15.5,2.6,-1.7,3334,3518.0,-3.5,1.0,2057,-
9880,イノテック,電気機器,0.0,★☆☆☆☆,0.0,0.0,0.0,0.0,0.0,0.0,0.0,0.0,,,0.0,-9.1,5.1,-10.8,2974,3310.0,2.5,1.1,435,-
5214,日本電気硝子,ガラス・土石製品,0.0,★☆☆☆☆,0.0,0.0,0.0,0.0,0.0,0.0,0.0,0.0,,,0.0,-1.5,3.2,-7.8,5247,5607.0,0.6,1.0,3686,-
336A,ダイナミックマッププラットフォーム,情報・通信業,0.0,★☆☆☆☆,0.0,0.0,0.0,0.0,0.0,0.0,0.0,0.0,,,0.0,20.3,5.9,-4.1,714,810.0,-8.3,0.7,272,-
3110,日東紡績,ガラス・土石製品,0.0,★☆☆☆☆,0.0,0.0,0.0,0.0,0.0,0.0,0.0,0.0,,,0.0,-8.7,7.5,-12.3,2689,3165.0,4.3,0.5,18855,-
3083,スターシーズ,小売業,0.0,★☆☆☆☆,0.0,0.0,0.0,0.0,0.0,0.0,0.0,0.0,,,0.0,5.6,5.2,-4.1,846,944.0,6.4,0.9,101,-
6521,オキサイド,電気機器,0.0,★☆☆☆☆,0.0,0.0,0.0,0.0,0.0,0.0,0.0,0.0,,,0.0,-21.9,8.4,-24.1,2648,3180.0,-6.1,0.8,941,-
6526,ソシオネクスト,電気機器,0.0,★☆☆☆☆,0.0,0.0,0.0,0.0,0.0,0.0,0.0,0.0,,,0.0,5.9,7.2,-7.6,2052,2397.5,5.8,0.6,24825,-
6544,ジャパンエレベーターサービスホールディングス,サービス業,0.0,★☆☆☆☆,0.0,0.0,0.0,0.0,0.0,0.0,0.0,0.0,,,0.0,12.1,2.8,-3.0,1593,1689.0,-0.4,1.0,938,-
4099,四国化成ホールディングス,化学,0.0,★☆☆☆☆,0.0,0.0,0.0,0.0,0.0,0.0,0.0,0.0,,,0.0,-14.0,6.8,-13.3,2317,2683.0,2.0,0.9,1129,-
4182,三菱瓦斯化学,化学,0.0,★☆☆☆☆,0.0,0.0,0.0,0.0,0.0,0.0,0.0,0.0,,,0.0,-3.7,4.7,-9.4,3951,4363.0,0.7,1.2,4539,-
7649,スギホールディングス,小売業,0.0,★☆☆☆☆,0.0,0.0,0.0,0.0,0.0,0.0,0.0,0.0,,,0.0,3.8,3.7,-5.6,2665,2879.0,-2.6,0.9,2901,-
7685,ＢｕｙＳｅｌｌ　Ｔｅｃｈｎｏｌｏｇｉｅｓ,卸売業,0.0,★☆☆☆☆,0.0,0.0,0.0,0.0,0.0,0.0,0.0,0.0,,,0.0,1.7,5.3,-10.2,2751,3075.0,-9.6,0.9,1170,-
7713,シグマ光機,精密機器,0.0,★☆☆☆☆,0.0,0.0,0.0,0.0,0.0,0.0,0.0,0.0,,,0.0,-2.8,4.7,-7.5,1760,1941.0,0.6,0.7,101,-
7715,長野計器,精密機器,0.0,★☆☆☆☆,0.0,0.0,0.0,0.0,0.0,0.0,0.0,0.0,,,0.0,-5.7,4.9,-7.3,3462,3840.0,4.1,0.6,439,-
7717,ブイ・テクノロジー,精密機器,0.0,★☆☆☆☆,0.0,0.0,0.0,0.0,0.0,0.0,0.0,0.0,,,0.0,-24.4,8.7,-19.1,5027,6090.0,-4.4,0.8,3771,-
3441,山王,金属製品,0.0,★☆☆☆☆,0.0,0.0,0.0,0.0,0.0,0.0,0.0,0.0,,,0.0,-13.1,6.4,-14.6,2303,2640.0,1.2,0.5,172,-
3444,菊池製作所,金属製品,0.0,★☆☆☆☆,0.0,0.0,0.0,0.0,0.0,0.0,0.0,0.0,,,0.0,-10.2,6.8,-11.5,831,962.0,2.3,0.3,239,-
3491,ＧＡ　ｔｅｃｈｎｏｌｏｇｉｅｓ,不動産業,0.0,★☆☆☆☆,0.0,0.0,0.0,0.0,0.0,0.0,0.0,0.0,,,0.0,16.1,3.7,-2.1,1226,1323.0,-1.0,0.6,230,-
7746,岡本硝子,精密機器,0.0,★☆☆☆☆,0.0,0.0,0.0,0.0,0.0,0.0,0.0,0.0,,,0.0,1.3,4.7,-4.5,698,770.0,4.6,0.3,1022,-
5201,ＡＧＣ,ガラス・土石製品,0.0,★☆☆☆☆,0.0,0.0,0.0,0.0,0.0,0.0,0.0,0.0,,,0.0,-0.4,3.0,-5.8,5880,6260.0,2.0,0.8,7770,-
6255,エヌ・ピー・シー,機械,0.0,★☆☆☆☆,0.0,0.0,0.0,0.0,0.0,0.0,0.0,0.0,,,0.0,-0.9,5.1,-10.2,553,616.0,-3.1,1.1,189,-
