code,name,sector,score,stars,linkage,theme,supply,etf,tech,fund,material,penalty,signal,driver,gap_pct,rs20,atr_pct,dev25,stop,close,chg5d,v_ratio,turnover_m,reasons_str
6146,ディスコ,機械,42.4,★★☆☆☆,24.7,6.0,4.7,0.0,0.0,7.0,0.0,0.0,,Micron,11.1,-25.2,7.9,-19.0,51319,60890.0,-13.7,3.2,120751,Micron+14.4%連動(β0.35) 未反応+11.1% / HBM・後工程(-6.6%) / 出来高急増3.2倍 / 増収+27% / ROE27%
6323,ローツェ,機械,39.9,★☆☆☆☆,24.4,6.0,3.0,0.0,1.0,5.5,0.0,0.0,,Micron,5.1,-5.1,9.1,-5.4,3597,4395.0,-6.0,0.8,14063,Micron+14.4%連動(β0.34) 未反応+5.1% / 半導体製造装置(-8.7%) / ROE15%
7735,ＳＣＲＥＥＮホールディングス,電気機器,37.8,★☆☆☆☆,22.8,6.0,1.0,0.0,1.0,7.0,0.0,0.0,,Micron,8.3,-6.1,7.7,-8.9,13424,15850.0,-15.6,1.0,63935,Micron+14.4%連動(β0.30) 未反応+8.3% / 半導体製造装置(-8.7%) / ROE20%
8035,東京エレクトロン,電気機器,36.2,★☆☆☆☆,24.7,6.0,0.0,0.0,0.0,5.5,0.0,0.0,,Micron,8.8,-12.9,6.7,-12.4,54290,62660.0,-11.6,0.9,303527,Micron+14.4%連動(β0.35) 未反応+8.8% / 半導体製造装置(-8.7%) / ROE29%
6098,リクルートホールディングス,サービス業,35.2,★☆☆☆☆,18.0,0.0,2.0,0.0,8.2,7.0,0.0,0.0,,Emerson,8.3,11.2,3.2,1.1,11279,12055.0,-4.4,1.0,49091,Emerson+6.1%連動(β0.39) 未反応+8.3% / MA上昇配列 / パーフェクトオーダー / ROE31%
8544,京葉銀行,銀行業,33.3,★☆☆☆☆,5.0,0.0,5.3,0.0,15.0,8.0,0.0,0.0,,Emerson,-13.2,19.4,3.4,10.1,2648,2844.0,6.1,1.7,1141,Emerson+6.1%連動(β0.33) / 買い出来高優勢 / MA上昇配列 / パーフェクトオーダー / 52週高値ブレイク! / 増収+44% / PER22倍
8377,ほくほくフィナンシャルグループ,銀行業,33.2,★☆☆☆☆,5.7,0.0,3.3,0.0,13.5,9.0,1.7,0.0,,Emerson,-8.5,21.4,3.7,7.5,7136,7714.0,1.8,0.6,3035,Emerson+6.1%連動(β0.37) / 買い出来高優勢 / MA上昇配列 / パーフェクトオーダー / 52週高値目前 / 開示[株式分割](2日前) / 増収+65% / PER16倍
6951,日本電子,電気機器,32.8,★☆☆☆☆,12.8,0.0,2.0,0.0,12.0,6.0,0.0,0.0,,Micron,1.4,16.0,4.9,6.8,7395,8194.0,-5.4,0.7,2792,Micron+14.4%連動(β0.24) 未反応+1.4% / MA上昇配列 / パーフェクトオーダー / ROE16% / PER19倍
8750,第一ライフグループ,保険業,32.7,★☆☆☆☆,5.4,0.0,3.3,0.0,15.0,9.0,0.0,0.0,,Emerson,-4.9,16.8,2.5,5.2,1830,1925.0,4.8,1.0,18825,Emerson+6.1%連動(β0.35) / 買い出来高優勢 / MA上昇配列 / パーフェクトオーダー / 52週高値ブレイク! / 増収+26% / PER16倍
4980,デクセリアルズ,化学,32.7,★☆☆☆☆,18.2,6.0,0.0,0.0,0.0,8.5,0.0,0.0,,Dell,2.8,-25.3,5.9,-14.8,3132,3551.0,-6.0,0.6,7470,Dell+15.2%連動(β0.26) 未反応+2.8% / 光通信・電線(-1.3%) / ROE27% / PER22倍
8387,四国銀行,銀行業,32.6,★☆☆☆☆,4.3,0.0,5.3,0.0,15.0,8.0,0.0,0.0,,Emerson,-10.2,24.5,3.5,11.7,3221,3465.0,5.5,1.7,422,Emerson+6.1%連動(β0.28) / 買い出来高優勢 / MA上昇配列 / パーフェクトオーダー / 52週高値ブレイク! / 増収+49% / PER8倍
5830,いよぎんホールディングス,銀行業,32.0,★☆☆☆☆,4.2,0.0,5.3,0.0,13.5,9.0,0.0,0.0,,Emerson,-8.5,18.7,3.2,8.6,3332,3556.0,5.0,2.2,2963,Emerson+6.1%連動(β0.27) / 出来高増2.2倍 / MA上昇配列 / パーフェクトオーダー / 52週高値目前 / 増収+355% / PER14倍
8698,マネックスグループ,証券、商品先物取引業,31.8,★☆☆☆☆,14.5,0.0,4.3,0.0,8.0,5.0,0.0,0.0,,Emerson,2.6,24.3,3.4,7.0,685,735.0,-3.5,0.7,2569,Emerson+6.1%連動(β0.45) 未反応+2.6% / 買い出来高優勢 / MA上昇配列 / PER17倍
7337,ひろぎんホールディングス,銀行業,31.6,★☆☆☆☆,4.6,0.0,3.0,0.0,15.0,9.0,0.0,0.0,,Emerson,-6.3,15.1,2.4,5.9,2192,2304.0,3.2,1.2,1439,Emerson+6.1%連動(β0.30) / MA上昇配列 / パーフェクトオーダー / 52週高値ブレイク! / 増収+40% / PER16倍
4063,信越化学工業,化学,31.3,★☆☆☆☆,20.5,0.0,0.0,0.0,2.2,6.0,2.6,0.0,,Honeywell,9.8,-2.3,4.5,-6.4,6098,6702.0,-9.0,1.1,51782,Honeywell+8.9%連動(β0.38) 未反応+9.8% / 開示[自己株式取得](2日前)
6501,日立製作所,電気機器,31.2,★☆☆☆☆,9.1,7.1,2.0,0.0,7.0,6.0,0.0,0.0,,Micron,0.4,10.5,2.8,2.8,4575,4850.0,0.5,0.6,54399,Micron+14.4%連動(β0.22) / 量子(+0.6%)
8411,みずほフィナンシャルグループ,銀行業,31.2,★☆☆☆☆,5.4,0.0,3.3,0.0,13.5,9.0,0.0,0.0,,Emerson,-6.9,16.0,3.2,6.2,8094,8652.0,2.5,1.1,74930,Emerson+6.1%連動(β0.36) / 買い出来高優勢 / MA上昇配列 / パーフェクトオーダー / 52週高値目前 / 増収+45% / PER17倍
8359,八十二長野銀行,銀行業,31.2,★☆☆☆☆,4.9,0.0,3.3,0.0,15.0,8.0,0.0,0.0,,Emerson,-6.9,17.5,2.9,6.8,2522,2674.0,2.8,1.0,3242,Emerson+6.1%連動(β0.32) / 買い出来高優勢 / MA上昇配列 / パーフェクトオーダー / 52週高値ブレイク! / 増収+170% / PER19倍
8341,七十七銀行,銀行業,31.0,★☆☆☆☆,5.0,0.0,2.0,0.0,15.0,9.0,0.0,0.0,,Emerson,-7.7,12.8,3.0,5.1,3412,3631.0,3.4,1.1,1784,Emerson+6.1%連動(β0.33) / MA上昇配列 / パーフェクトオーダー / 52週高値ブレイク! / 増収+24% / PER15倍
6315,ＴＯＷＡ,機械,30.5,★☆☆☆☆,17.5,6.0,2.0,0.0,0.0,5.0,0.0,0.0,,Micron,2.1,-11.6,8.3,-9.8,2380,2854.0,-9.8,0.9,12892,Micron+14.4%連動(β0.31) 未反応+2.1% / HBM・後工程(-6.6%) / 増収+23%
8604,野村ホールディングス,証券、商品先物取引業,30.5,★☆☆☆☆,6.0,0.0,2.0,0.0,13.5,9.0,0.0,0.0,,Emerson,-2.9,17.2,3.0,6.4,1504,1600.0,-0.6,0.9,15962,Emerson+6.1%連動(β0.39) / MA上昇配列 / パーフェクトオーダー / 52週高値目前 / 増収+28% / PER13倍
6055,ジャパンマテリアル,サービス業,30.3,★☆☆☆☆,20.7,0.0,0.0,0.0,1.0,7.0,1.6,0.0,,Micron,4.2,-13.7,6.8,-10.9,1933,2238.0,-8.2,0.5,2475,Micron+14.4%連動(β0.24) 未反応+4.2% / 開示[子会社化](3日前) / ROE18% / PER22倍
8600,トモニホールディングス,銀行業,30.3,★☆☆☆☆,4.9,0.0,6.7,0.0,13.7,5.0,0.0,0.0,,Emerson,-10.8,22.5,3.0,12.2,963,1024.0,7.3,2.5,515,Emerson+6.1%連動(β0.32) / 出来高増2.5倍 / 買い出来高優勢 / MA上昇配列 / パーフェクトオーダー / 52週高値ブレイク! / PER12倍
6266,タツモ,機械,30.3,★☆☆☆☆,22.3,0.0,3.0,0.0,1.0,4.0,0.0,0.0,,Micron,7.8,-3.9,9.2,-7.5,3624,4440.0,-11.1,0.8,1622,Micron+14.4%連動(β0.29) 未反応+7.8% / PER18倍
8360,山梨中央銀行,銀行業,30.2,★☆☆☆☆,5.2,0.0,3.0,0.0,15.0,7.0,0.0,0.0,,Emerson,-12.4,20.8,4.0,10.9,6519,7090.0,5.3,1.2,881,Emerson+6.1%連動(β0.34) / MA上昇配列 / パーフェクトオーダー / 52週高値ブレイク! / 増収+86% / PER22倍
3445,ＲＳ　Ｔｅｃｈｎｏｌｏｇｉｅｓ,金属製品,30.1,★☆☆☆☆,20.5,0.0,0.0,0.0,0.0,7.5,2.1,0.0,,Micron,6.2,-7.5,9.9,-14.5,5033,6270.0,-12.4,0.8,2131,Micron+14.4%連動(β0.24) 未反応+6.2% / 開示[資本提携](2日前) / PER18倍
8388,阿波銀行,銀行業,30.0,★☆☆☆☆,4.7,0.0,5.3,0.0,15.0,8.0,0.0,-3.0,,Emerson,-11.9,29.8,3.3,15.3,8111,8680.0,8.2,1.6,768,Emerson+6.1%連動(β0.31) / 買い出来高優勢 / MA上昇配列 / パーフェクトオーダー / 52週高値ブレイク! / 伸びすぎ注意(25MA+15%) / 増収+28% / PER22倍
6590,芝浦メカトロニクス,電気機器,30.0,★☆☆☆☆,23.5,0.0,1.0,0.0,1.0,4.5,0.0,0.0,,Micron,4.2,8.8,9.9,-2.5,4054,5060.0,-6.6,0.7,15129,Micron+14.4%連動(β0.32) 未反応+4.2% / ROE22%
6871,日本マイクロニクス,電気機器,29.8,★☆☆☆☆,14.6,6.0,0.0,0.0,2.2,7.0,0.0,0.0,,Micron,-4.1,-9.0,8.6,-4.5,12704,15360.0,-3.6,0.8,20595,Micron+14.4%連動(β0.41) / 半導体製造装置(-8.7%) / 増収+26% / ROE24%
6954,ファナック,電気機器,29.8,★☆☆☆☆,15.8,6.0,2.0,0.0,0.0,6.0,0.0,0.0,,Emerson,3.0,-6.0,4.8,-7.0,5992,6624.0,-5.6,0.9,37562,Emerson+6.1%連動(β0.45) 未反応+3.0% / ロボット(-7.1%)
8395,佐賀銀行,銀行業,29.8,★☆☆☆☆,4.5,0.0,3.3,0.0,15.0,7.0,0.0,0.0,,Emerson,-8.9,17.6,3.6,7.9,5486,5910.0,1.9,1.0,237,Emerson+6.1%連動(β0.30) / 買い出来高優勢 / MA上昇配列 / パーフェクトオーダー / 52週高値ブレイク! / 増収+98% / PER12倍
7741,ＨＯＹＡ,精密機器,29.4,★☆☆☆☆,18.9,0.0,1.0,0.0,1.0,8.5,0.0,0.0,,Micron,5.3,-2.0,2.8,-4.0,23186,24560.0,-2.0,0.6,27042,Micron+14.4%連動(β0.19) 未反応+5.3% / 増収+15% / ROE25%
8522,名古屋銀行,銀行業,29.4,★☆☆☆☆,5.9,0.0,2.0,0.0,15.0,6.5,0.0,0.0,,Emerson,-7.7,21.0,3.6,9.2,6396,6890.0,3.3,0.8,936,Emerson+6.1%連動(β0.39) / MA上昇配列 / パーフェクトオーダー / 52週高値ブレイク! / PER17倍
7272,ヤマハ発動機,輸送用機器,29.3,★☆☆☆☆,9.3,0.0,2.0,0.0,11.0,7.0,0.0,0.0,,Emerson,1.5,8.9,2.1,2.4,1225,1278.0,-0.3,0.7,6805,Emerson+6.1%連動(β0.31) 未反応+1.5% / MA上昇配列 / パーフェクトオーダー / 増収+17% / PER8倍
6432,竹内製作所,機械,29.3,★☆☆☆☆,6.8,0.0,2.0,0.0,12.0,8.5,0.0,0.0,,Emerson,-3.1,9.2,4.1,4.1,6961,7590.0,3.3,0.6,2417,Emerson+6.1%連動(β0.45) / MA上昇配列 / パーフェクトオーダー / ROE16% / PER12倍
8309,三井住友トラストグループ,銀行業,29.2,★☆☆☆☆,4.4,0.0,3.3,0.0,13.5,8.0,0.0,0.0,,Emerson,-3.9,17.9,2.3,6.3,6499,6812.0,1.7,0.9,16280,Emerson+6.1%連動(β0.29) / 買い出来高優勢 / MA上昇配列 / パーフェクトオーダー / 52週高値目前 / 増収+18% / PER15倍
6506,安川電機,電気機器,29.1,★☆☆☆☆,19.1,6.0,1.0,0.0,0.0,3.0,0.0,0.0,,Micron,3.5,-25.2,8.6,-20.9,4239,5117.0,-6.9,0.8,48102,Micron+14.4%連動(β0.24) 未反応+3.5% / ロボット(-7.1%)
9984,ソフトバンクグループ,情報・通信業,29.1,★☆☆☆☆,22.6,0.0,0.0,0.0,0.0,6.5,0.0,0.0,,Dell,3.5,-18.8,7.9,-10.8,4627,5500.0,-7.7,0.8,312956,Dell+15.2%連動(β0.32) 未反応+3.5% / ROE33% / PER6倍
7380,十六フィナンシャルグループ,銀行業,29.1,★☆☆☆☆,5.0,0.0,3.0,0.0,11.0,8.0,2.1,0.0,,Emerson,-8.8,18.3,3.9,6.5,2365,2562.0,3.2,1.4,1225,Emerson+6.1%連動(β0.33) / MA上昇配列 / パーフェクトオーダー / 52週高値目前 / 開示[増配](4日前) / 増収+31% / PER17倍
8370,紀陽銀行,銀行業,29.0,★☆☆☆☆,4.7,0.0,3.3,0.0,15.0,6.0,0.0,0.0,,Emerson,-6.8,15.6,2.8,7.9,4669,4945.0,5.5,0.9,660,Emerson+6.1%連動(β0.31) / 買い出来高優勢 / MA上昇配列 / パーフェクトオーダー / 52週高値ブレイク! / PER15倍
8354,ふくおかフィナンシャルグループ,銀行業,29.0,★☆☆☆☆,5.5,0.0,2.0,0.0,13.5,8.0,0.0,0.0,,Emerson,-5.8,16.7,2.9,5.9,7207,7646.0,1.6,0.6,4546,Emerson+6.1%連動(β0.36) / MA上昇配列 / パーフェクトオーダー / 52週高値目前 / 増収+103% / PER17倍
8399,琉球銀行,銀行業,29.0,★☆☆☆☆,4.7,0.0,3.3,0.0,15.0,6.0,0.0,0.0,,Emerson,-8.0,21.5,3.5,11.0,2789,2999.0,3.6,0.9,394,Emerson+6.1%連動(β0.31) / 買い出来高優勢 / MA上昇配列 / パーフェクトオーダー / 52週高値ブレイク! / 増収+18% / PER14倍
5803,フジクラ,非鉄金属,29.0,★☆☆☆☆,17.0,6.0,0.0,0.0,0.0,6.0,0.0,0.0,,Micron,1.9,-24.7,7.7,-14.1,3883,4593.0,-3.5,0.7,210027,Micron+14.4%連動(β0.32) 未反応+1.9% / 光通信・電線(-1.3%) / 増収+22% / ROE32%
7970,信越ポリマー,化学,28.9,★☆☆☆☆,16.7,0.0,5.7,0.0,1.0,5.5,0.0,0.0,,Emerson,7.4,-0.9,3.8,-6.6,2085,2257.0,-8.5,5.6,603,Emerson+6.1%連動(β0.31) 未反応+7.4% / 出来高急増5.6倍 / PER18倍
8392,大分銀行,銀行業,28.8,★☆☆☆☆,4.8,0.0,2.0,0.0,15.0,7.0,0.0,0.0,,Emerson,-12.3,26.7,4.2,11.9,2555,2790.0,5.8,0.7,722,Emerson+6.1%連動(β0.32) / MA上昇配列 / パーフェクトオーダー / 52週高値ブレイク! / 増収+60% / PER20倍
6638,ミマキエンジニアリング,電気機器,28.8,★☆☆☆☆,7.3,0.0,2.0,0.0,13.5,6.0,0.0,0.0,,Emerson,-6.3,25.7,4.2,11.7,2025,2209.0,0.9,1.1,245,Emerson+6.1%連動(β0.48) / MA上昇配列 / パーフェクトオーダー / 52週高値目前 / ROE19% / PER9倍
6387,サムコ,機械,28.8,★☆☆☆☆,21.8,0.0,0.0,0.0,0.0,7.0,0.0,0.0,,Micron,5.7,-27.8,11.2,-22.1,7617,9810.0,-13.8,0.5,1112,Micron+14.4%連動(β0.27) 未反応+5.7% / 増収+33% / ROE15%
3091,ブロンコビリー,小売業,28.5,★☆☆☆☆,0.0,0.0,7.7,0.0,13.7,5.0,2.1,0.0,,,0.0,13.7,2.9,10.9,2393,2540.0,8.2,2.4,399,出来高増2.4倍 / 買い出来高優勢 / MA上昇配列 / パーフェクトオーダー / 52週高値ブレイク! / 開示[増配](4日前)
8601,大和証券グループ本社,証券、商品先物取引業,28.4,★☆☆☆☆,5.6,0.0,3.3,0.0,13.5,6.0,0.0,0.0,,Emerson,-2.1,20.8,2.7,7.9,1758,1857.0,-1.0,0.6,8581,Emerson+6.1%連動(β0.37) / 買い出来高優勢 / MA上昇配列 / パーフェクトオーダー / 52週高値目前 / PER15倍
8346,東邦銀行,銀行業,28.4,★☆☆☆☆,4.4,0.0,2.0,0.0,15.0,7.0,0.0,0.0,,Emerson,-9.4,22.1,3.4,11.0,843,904.0,6.4,0.7,689,Emerson+6.1%連動(β0.29) / MA上昇配列 / パーフェクトオーダー / 52週高値ブレイク! / 増収+15% / PER18倍
8336,武蔵野銀行,銀行業,28.3,★☆☆☆☆,4.8,0.0,2.0,0.0,15.0,6.5,0.0,0.0,,Emerson,-6.7,15.2,2.8,6.3,2586,2741.0,2.4,0.7,782,Emerson+6.1%連動(β0.32) / MA上昇配列 / パーフェクトオーダー / 52週高値ブレイク! / PER18倍
7012,川崎重工業,輸送用機器,28.3,★☆☆☆☆,7.7,10.9,2.0,0.0,2.7,5.0,0.0,0.0,,Emerson,-3.9,-1.3,4.5,-2.2,2537,2785.5,1.8,0.6,44775,Emerson+6.1%連動(β0.51) / 防衛(+2.5%) / PER22倍
8541,愛媛銀行,銀行業,28.299999999999997,★☆☆☆☆,4.6,0.0,10.0,0.0,13.7,5.0,0.0,-5.0,,Emerson,-18.7,42.9,4.0,25.0,2571,2794.0,15.4,11.7,672,Emerson+6.1%連動(β0.30) / 出来高急増11.7倍 / 買い出来高優勢 / 資金流入増 / MA上昇配列 / パーフェクトオーダー / 52週高値ブレイク! / 過熱⚠25MA+25% / PER15倍
6857,アドバンテスト,電気機器,28.2,★☆☆☆☆,13.0,6.0,0.0,0.0,2.2,7.0,0.0,0.0,,Micron,-0.0,-15.4,7.0,-4.9,24907,28945.0,-2.3,1.0,256210,Micron+14.4%連動(β0.36) / HBM・後工程(-6.6%) / 増収+41% / ROE58%
7729,東京精密,精密機器,28.2,★☆☆☆☆,15.2,6.0,0.0,0.0,1.0,6.0,0.0,0.0,,Micron,1.5,-8.7,6.6,-7.1,15196,17520.0,-7.1,0.8,9217,Micron+14.4%連動(β0.30) 未反応+1.5% / HBM・後工程(-6.6%)
8306,三菱ＵＦＪフィナンシャル・グループ,銀行業,28.1,★☆☆☆☆,5.3,0.0,3.3,0.0,13.5,6.0,0.0,0.0,,Emerson,-6.0,20.1,2.9,9.5,3538,3754.0,3.4,1.1,136408,Emerson+6.1%連動(β0.34) / 買い出来高優勢 / MA上昇配列 / パーフェクトオーダー / 52週高値目前 / PER18倍
7717,ブイ・テクノロジー,精密機器,27.9,★☆☆☆☆,20.4,0.0,1.0,0.0,0.0,6.5,0.0,0.0,,Micron,4.3,-25.2,8.7,-17.2,5217,6310.0,-9.2,0.5,4499,Micron+14.4%連動(β0.23) 未反応+4.3% / 増収+46%
5108,ブリヂストン,ゴム製品,27.6,★☆☆☆☆,9.1,0.0,2.0,0.0,11.5,5.0,0.0,0.0,,Emerson,1.8,14.4,1.8,4.7,3586,3716.0,0.3,0.9,13627,Emerson+6.1%連動(β0.24) 未反応+1.8% / MA上昇配列 / 52週高値目前
5186,ニッタ,ゴム製品,27.6,★☆☆☆☆,12.1,0.0,2.0,0.0,9.5,4.0,0.0,0.0,,Emerson,2.8,8.0,3.6,3.5,6034,6500.0,-3.6,0.7,527,Emerson+6.1%連動(β0.24) 未反応+2.8% / MA上昇配列 / パーフェクトオーダー / PER13倍
6287,サトー,機械,27.5,★☆☆☆☆,10.0,0.0,3.0,0.0,10.0,4.5,0.0,0.0,,Emerson,2.1,7.8,1.8,2.0,2345,2431.0,-0.0,1.6,254,Emerson+6.1%連動(β0.24) 未反応+2.1% / MA上昇配列 / PER16倍
5105,ＴＯＹＯ　ＴＩＲＥ,ゴム製品,27.4,★☆☆☆☆,11.4,0.0,1.0,0.0,9.0,6.0,0.0,0.0,,Emerson,2.2,10.8,2.5,2.6,3794,3991.0,-0.7,1.0,2925,Emerson+6.1%連動(β0.32) 未反応+2.2% / MA上昇配列 / PER10倍
1518,三井松島ホールディングス,その他製品,27.299999999999997,★☆☆☆☆,0.0,0.0,9.0,0.0,12.5,6.5,4.3,-5.0,,,0.0,53.0,3.6,42.3,2079,2241.0,44.8,27.1,637,出来高急増27.1倍 / 買い出来高優勢 / MA上昇配列 / パーフェクトオーダー / 52週高値ブレイク! / RSI過熱(90)⚠ / 過熱⚠25MA+42% / 開示[上方修正](4日前) / 開示[子会社化](4日前) / PER15倍
8418,山口フィナンシャルグループ,銀行業,27.299999999999997,★☆☆☆☆,4.9,0.0,1.0,0.0,13.5,6.0,1.9,0.0,,Emerson,-5.6,12.4,3.0,5.0,2931,3121.0,1.6,0.8,1626,Emerson+6.1%連動(β0.32) / MA上昇配列 / パーフェクトオーダー / 52週高値目前 / 開示[自己株式の取得](5日前) / 増収+69% / PER20倍
4997,日本農薬,化学,27.0,★☆☆☆☆,0.0,0.0,8.0,0.0,13.5,5.5,0.0,0.0,,,0.0,10.4,2.2,6.5,1037,1085.0,6.4,4.3,154,出来高急増4.3倍 / 買い出来高優勢 / MA上昇配列 / パーフェクトオーダー / 52週高値目前 / PER12倍
7011,三菱重工業,機械,27.0,★☆☆☆☆,3.1,10.9,2.0,0.0,6.0,5.0,0.0,0.0,,Eaton,-5.9,13.0,3.6,3.7,3658,3945.0,3.2,0.8,72237,Eaton+3.4%連動(β0.36) / 防衛(+2.5%)
6999,ＫＯＡ,電気機器,27.0,★☆☆☆☆,6.3,0.0,9.0,0.0,7.2,4.5,0.0,0.0,,Emerson,-21.7,-4.4,6.8,2.9,2404,2782.0,15.2,15.1,2353,Emerson+6.1%連動(β0.41) / 出来高急増15.1倍 / 買い出来高優勢 / MA上昇配列 / パーフェクトオーダー / 増収+24%
8386,百十四銀行,銀行業,26.9,★☆☆☆☆,4.9,0.0,2.0,0.0,15.0,5.0,0.0,0.0,,Emerson,-10.9,21.9,3.2,11.8,2773,2966.0,8.1,1.1,885,Emerson+6.1%連動(β0.32) / MA上昇配列 / パーフェクトオーダー / 52週高値ブレイク! / PER18倍
5110,住友ゴム工業,ゴム製品,26.7,★☆☆☆☆,16.9,0.0,4.3,0.0,0.0,5.5,0.0,0.0,,Emerson,5.7,4.3,2.9,-2.5,2016,2139.5,-3.7,2.3,4113,Emerson+6.1%連動(β0.32) 未反応+5.7% / 出来高増2.3倍 / PER11倍
7180,九州フィナンシャルグループ,銀行業,26.4,★☆☆☆☆,5.9,0.0,2.0,0.0,13.5,5.0,0.0,0.0,,Emerson,-5.8,16.5,2.9,6.6,1511,1604.5,4.2,0.8,1772,Emerson+6.1%連動(β0.39) / MA上昇配列 / パーフェクトオーダー / 52週高値目前 / PER18倍
8551,北日本銀行,銀行業,25.9,★☆☆☆☆,4.9,0.0,5.3,0.0,13.7,5.0,0.0,-3.0,,Emerson,-10.6,34.3,3.8,17.4,6273,6790.0,6.8,1.2,223,Emerson+6.1%連動(β0.32) / 買い出来高優勢 / MA上昇配列 / パーフェクトオーダー / 52週高値ブレイク! / 伸びすぎ注意(25MA+17%) / PER13倍
6920,レーザーテック,電気機器,25.6,★☆☆☆☆,14.6,6.0,1.0,0.0,0.0,4.0,0.0,0.0,,Micron,1.3,-14.5,7.8,-8.9,36409,43170.0,-6.9,0.8,152578,Micron+14.4%連動(β0.30) 未反応+1.3% / 半導体製造装置(-8.7%) / ROE44%
8584,ジャックス,その他金融業,25.5,★☆☆☆☆,14.5,0.0,2.0,0.0,6.0,3.0,0.0,0.0,,Emerson,3.5,11.7,1.8,2.0,3557,3690.0,-1.5,1.0,418,Emerson+6.1%連動(β0.25) 未反応+3.5% / PER10倍
8550,栃木銀行,銀行業,25.2,★☆☆☆☆,5.9,0.0,3.3,0.0,12.0,4.0,0.0,0.0,,Emerson,-7.8,16.0,3.9,6.6,948,1028.0,1.9,0.9,739,Emerson+6.1%連動(β0.39) / 買い出来高優勢 / MA上昇配列 / パーフェクトオーダー / PER13倍
6525,ＫＯＫＵＳＡＩ　ＥＬＥＣＴＲＩＣ,電気機器,25.2,★☆☆☆☆,22.2,0.0,1.0,0.0,0.0,2.0,0.0,0.0,,Micron,6.8,-11.7,10.4,-15.3,6775,8563.0,-13.4,0.7,88850,Micron+14.4%連動(β0.28) 未反応+6.8%
1976,明星工業,建設業,25.1,★☆☆☆☆,3.6,0.0,4.0,0.0,13.5,4.0,0.0,0.0,,Emerson,-4.1,10.5,2.3,5.4,1862,1952.0,4.9,1.6,138,Emerson+6.1%連動(β0.23) / MA上昇配列 / パーフェクトオーダー / 52週高値目前 / PER17倍
7725,インターアクション,精密機器,24.8,★☆☆☆☆,19.0,0.0,4.3,0.0,0.0,1.5,0.0,0.0,,Micron,3.9,-4.4,6.5,-6.0,1478,1700.0,-6.1,0.6,399,Micron+14.4%連動(β0.20) 未反応+3.9% / 買い出来高優勢
7201,日産自動車,輸送用機器,24.1,★☆☆☆☆,17.1,0.0,2.0,0.0,5.0,0.0,0.0,0.0,,GM,4.2,10.7,3.1,2.5,302,322.20001220703125,-2.1,0.9,9989,GM+6.4%連動(β0.32) 未反応+4.2%
5480,日本冶金工業,鉄鋼,24.0,★☆☆☆☆,5.5,0.0,2.0,0.0,13.5,3.0,0.0,0.0,,Emerson,-0.2,9.4,2.3,3.6,4816,5050.0,1.0,0.5,356,Emerson+6.1%連動(β0.36) / MA上昇配列 / パーフェクトオーダー / 52週高値目前 / PER10倍
6125,岡本工作機械製作所,機械,23.5,★☆☆☆☆,20.0,0.0,1.0,0.0,1.0,1.5,0.0,0.0,,Micron,5.1,-7.7,5.9,-7.7,4466,5060.0,-8.0,0.4,340,Micron+14.4%連動(β0.22) 未反応+5.1%
3436,ＳＵＭＣＯ,金属製品,23.4,★☆☆☆☆,22.4,0.0,1.0,0.0,0.0,0.0,0.0,0.0,,Micron,11.6,-0.3,13.7,-16.9,2631,3623.0,-21.5,0.8,98392,Micron+14.4%連動(β0.29) 未反応+11.6%
6178,日本郵政,サービス業,20.7,★☆☆☆☆,3.7,0.0,2.0,0.0,15.0,0.0,0.0,0.0,,Emerson,-5.3,17.8,2.5,7.9,2361,2485.5,4.1,1.1,12669,Emerson+6.1%連動(β0.24) / MA上昇配列 / パーフェクトオーダー / 52週高値ブレイク!
8714,池田泉州ホールディングス,銀行業,20.6,★☆☆☆☆,5.1,0.0,2.0,0.0,13.5,0.0,0.0,0.0,,Emerson,-4.3,12.5,2.8,3.9,989,1047.0,0.1,0.8,964,Emerson+6.1%連動(β0.34) / MA上昇配列 / パーフェクトオーダー / 52週高値目前
8591,オリックス,その他金融業,20.6,★☆☆☆☆,5.1,0.0,2.0,0.0,13.5,0.0,0.0,0.0,,Emerson,-3.3,9.9,2.4,2.6,6220,6535.0,0.3,0.8,18446,Emerson+6.1%連動(β0.33) / MA上昇配列 / パーフェクトオーダー / 52週高値目前
5832,ちゅうぎんフィナンシャルグループ,銀行業,20.6,★☆☆☆☆,3.8,0.0,3.3,0.0,13.5,0.0,0.0,0.0,,Emerson,-7.7,15.1,2.7,6.3,3224,3410.0,2.7,1.0,1038,Emerson+6.1%連動(β0.25) / 買い出来高優勢 / MA上昇配列 / パーフェクトオーダー / 52週高値目前
8316,三井住友フィナンシャルグループ,銀行業,20.5,★☆☆☆☆,5.0,0.0,2.0,0.0,13.5,0.0,0.0,0.0,,Emerson,-4.5,16.9,2.6,6.4,6783,7161.0,1.9,0.8,81129,Emerson+6.1%連動(β0.33) / MA上昇配列 / パーフェクトオーダー / 52週高値目前
8393,宮崎銀行,銀行業,20.5,★☆☆☆☆,4.5,0.0,1.0,0.0,15.0,0.0,0.0,0.0,,Emerson,-13.6,23.3,4.1,12.0,2274,2478.0,7.4,0.7,663,Emerson+6.1%連動(β0.30) / MA上昇配列 / パーフェクトオーダー / 52週高値ブレイク!
8609,岡三証券グループ,証券、商品先物取引業,20.5,★☆☆☆☆,5.0,0.0,2.0,0.0,13.5,0.0,0.0,0.0,,Emerson,-1.3,14.6,2.5,5.4,1003,1056.0,0.6,0.9,393,Emerson+6.1%連動(β0.33) / MA上昇配列 / パーフェクトオーダー / 52週高値目前
6367,ダイキン工業,機械,20.3,★☆☆☆☆,20.3,0.0,0.0,0.0,0.0,0.0,0.0,0.0,,Honeywell,5.9,4.1,2.2,-3.2,22834,23880.0,-4.0,0.9,30262,Honeywell+8.9%連動(β0.38) 未反応+5.9%
6463,ＴＰＲ,機械,20.299999999999997,★☆☆☆☆,7.6,0.0,2.0,0.0,10.7,0.0,0.0,0.0,,Emerson,1.0,4.2,2.2,0.2,1352,1413.0,-1.0,0.9,182,Emerson+6.1%連動(β0.31) 未反応+1.0% / MA上昇配列 / パーフェクトオーダー
8308,りそなホールディングス,銀行業,20.2,★☆☆☆☆,5.9,0.0,3.3,0.0,11.0,0.0,0.0,0.0,,Emerson,-4.0,16.2,3.1,4.9,2221,2365.5,0.5,1.1,19796,Emerson+6.1%連動(β0.39) / 買い出来高優勢 / MA上昇配列 / パーフェクトオーダー / 52週高値目前
5444,大和工業,鉄鋼,20.2,★☆☆☆☆,4.7,0.0,2.0,0.0,13.5,0.0,0.0,0.0,,Emerson,-0.9,12.6,2.2,5.0,12567,13140.0,1.4,1.1,1533,Emerson+6.1%連動(β0.31) / MA上昇配列 / パーフェクトオーダー / 52週高値目前
7189,西日本フィナンシャルホールディングス,銀行業,20.2,★☆☆☆☆,5.7,0.0,1.0,0.0,13.5,0.0,0.0,0.0,,Emerson,-5.9,10.6,2.9,4.1,4180,4441.0,2.2,0.8,1606,Emerson+6.1%連動(β0.37) / MA上昇配列 / パーフェクトオーダー / 52週高値目前
4189,ＫＨネオケム,化学,20.2,★☆☆☆☆,4.7,0.0,2.0,0.0,13.5,0.0,0.0,0.0,,Emerson,-0.8,9.6,2.4,4.0,2925,3070.0,0.3,0.6,404,Emerson+6.1%連動(β0.31) / MA上昇配列 / パーフェクトオーダー / 52週高値目前
7327,第四北越フィナンシャルグループ,銀行業,20.1,★☆☆☆☆,4.6,0.0,2.0,0.0,13.5,0.0,0.0,0.0,,Emerson,-5.5,16.2,2.9,6.5,2226,2365.0,1.2,0.7,1808,Emerson+6.1%連動(β0.31) / MA上昇配列 / パーフェクトオーダー / 52週高値目前
8367,南都銀行,銀行業,20.0,★☆☆☆☆,4.5,0.0,2.0,0.0,13.5,0.0,0.0,0.0,,Emerson,-5.5,14.9,2.8,5.3,1813,1922.0,1.1,0.8,736,Emerson+6.1%連動(β0.30) / MA上昇配列 / パーフェクトオーダー / 52週高値目前
8253,クレディセゾン,その他金融業,20.0,★☆☆☆☆,9.8,0.0,2.0,0.0,8.2,0.0,0.0,0.0,,Emerson,1.5,12.0,2.3,1.6,4386,4600.0,-1.3,0.6,3500,Emerson+6.1%連動(β0.35) 未反応+1.5% / MA上昇配列 / パーフェクトオーダー
7888,三光合成,化学,20.0,★☆☆☆☆,13.3,0.0,1.0,0.0,5.7,0.0,0.0,0.0,,Emerson,2.6,23.8,3.3,12.5,854,914.0,-0.8,0.9,158,Emerson+6.1%連動(β0.37) 未反応+2.6%
5202,日本板硝子,ガラス・土石製品,19.7,★☆☆☆☆,11.7,0.0,0.0,0.0,8.0,0.0,0.0,0.0,,Emerson,1.8,6.1,0.3,0.8,481,484.0,0.4,0.3,459,Emerson+6.1%連動(β0.40) 未反応+1.8% / MA上昇配列
8331,千葉銀行,銀行業,19.7,★☆☆☆☆,5.4,0.0,3.3,0.0,11.0,0.0,0.0,0.0,,Emerson,-6.5,17.0,3.2,5.0,2581,2755.5,2.3,0.8,6505,Emerson+6.1%連動(β0.36) / 買い出来高優勢 / MA上昇配列 / パーフェクトオーダー / 52週高値目前
7186,横浜フィナンシャルグループ,銀行業,19.6,★☆☆☆☆,5.3,0.0,3.3,0.0,11.0,0.0,0.0,0.0,,Emerson,-6.7,18.1,3.0,6.6,1832,1951.5,2.2,1.1,6191,Emerson+6.1%連動(β0.35) / 買い出来高優勢 / MA上昇配列 / パーフェクトオーダー / 52週高値目前
7182,ゆうちょ銀行,銀行業,19.6,★☆☆☆☆,4.1,0.0,2.0,0.0,13.5,0.0,0.0,0.0,,Emerson,-7.9,16.8,2.9,6.3,3240,3442.0,5.6,0.9,19413,Emerson+6.1%連動(β0.27) / MA上昇配列 / パーフェクトオーダー / 52週高値目前
4203,住友ベークライト,化学,19.5,★☆☆☆☆,18.5,0.0,0.0,0.0,1.0,0.0,0.0,0.0,,Micron,5.1,-6.5,4.3,-7.0,6205,6795.0,-6.5,1.1,3040,Micron+14.4%連動(β0.18) 未反応+5.1%
5101,横浜ゴム,ゴム製品,19.5,★☆☆☆☆,17.5,0.0,0.0,0.0,2.0,0.0,0.0,0.0,,Emerson,5.1,1.7,3.8,-3.2,6790,7345.0,-4.6,1.0,6669,Emerson+6.1%連動(β0.36) 未反応+5.1%
5351,品川リフラ,ガラス・土石製品,19.4,★☆☆☆☆,7.1,0.0,3.3,0.0,9.0,0.0,0.0,0.0,,Emerson,1.0,11.7,1.7,3.9,1971,2040.0,0.8,0.6,229,Emerson+6.1%連動(β0.28) 未反応+1.0% / 買い出来高優勢 / MA上昇配列
8361,大垣共立銀行,銀行業,19.3,★☆☆☆☆,4.8,0.0,1.0,0.0,13.5,0.0,0.0,0.0,,Emerson,-8.5,18.2,4.1,6.4,7454,8120.0,2.0,1.2,1435,Emerson+6.1%連動(β0.32) / MA上昇配列 / パーフェクトオーダー / 52週高値目前
6326,クボタ,機械,19.3,★☆☆☆☆,8.3,0.0,0.0,0.0,11.0,0.0,0.0,0.0,,Honeywell,-1.1,6.5,2.5,2.1,2659,2797.0,1.7,0.9,7673,Honeywell+8.9%連動(β0.37) / MA上昇配列 / パーフェクトオーダー
7240,ＮＯＫ,輸送用機器,19.3,★☆☆☆☆,4.3,0.0,3.0,0.0,12.0,0.0,0.0,0.0,,Emerson,-1.3,8.0,2.0,2.2,2887,3005.0,0.9,1.8,1091,Emerson+6.1%連動(β0.28) / MA上昇配列 / パーフェクトオーダー
6103,オークマ,機械,19.299999999999997,★☆☆☆☆,9.1,0.0,2.0,0.0,8.2,0.0,0.0,0.0,,Emerson,0.9,11.7,3.7,1.9,4510,4870.0,-1.6,0.6,2446,Emerson+6.1%連動(β0.42) 未反応+0.9% / MA上昇配列 / パーフェクトオーダー
6474,不二越,機械,19.299999999999997,★☆☆☆☆,16.9,0.0,1.0,0.0,1.0,0.0,0.4,0.0,,Emerson,5.6,-3.9,6.3,-7.3,4933,5640.0,-12.0,0.7,950,Emerson+6.1%連動(β0.32) 未反応+5.6% / 開示[業績予想の修正](12日前)
8713,フィデアホールディングス,銀行業,19.2,★☆☆☆☆,3.9,0.0,3.3,0.0,12.0,0.0,0.0,0.0,,Emerson,-4.5,15.3,2.7,5.5,2017,2132.0,0.2,1.1,110,Emerson+6.1%連動(β0.25) / 買い出来高優勢 / MA上昇配列 / パーフェクトオーダー
4369,トリケミカル研究所,化学,19.1,★☆☆☆☆,19.1,0.0,0.0,0.0,0.0,0.0,0.0,0.0,,Dell,2.4,-5.7,6.1,-5.4,2864,3265.0,-4.3,0.6,1682,Dell+15.2%連動(β0.31) 未反応+2.4%
8381,山陰合同銀行,銀行業,19.1,★☆☆☆☆,4.8,0.0,3.3,0.0,11.0,0.0,0.0,0.0,,Emerson,-5.3,17.3,2.8,6.2,2370,2511.0,1.6,0.8,1015,Emerson+6.1%連動(β0.32) / 買い出来高優勢 / MA上昇配列 / パーフェクトオーダー / 52週高値目前
8537,大光銀行,銀行業,19.0,★☆☆☆☆,5.3,0.0,3.0,0.0,10.7,0.0,0.0,0.0,,Emerson,-7.6,7.6,3.2,4.3,2703,2889.0,4.3,0.9,112,Emerson+6.1%連動(β0.35) / MA上昇配列 / パーフェクトオーダー
6890,フェローテック,電気機器,19.0,★☆☆☆☆,9.5,0.0,4.7,0.0,1.2,0.0,3.6,0.0,,Micron,-23.4,-8.2,7.9,-0.2,7504,8920.0,11.5,5.4,11775,Micron+14.4%連動(β0.26) / 出来高急増5.4倍 / 開示[業績予想の修正](4日前) / 開示[業績予想の修正](4日前)
6787,メイコー,電気機器,18.9,★☆☆☆☆,18.9,0.0,0.0,0.0,0.0,0.0,0.0,0.0,,Micron,2.5,-24.7,7.5,-18.3,19649,23100.0,-6.9,0.8,12240,Micron+14.4%連動(β0.32) 未反応+2.5%
8795,Ｔ＆Ｄホールディングス,保険業,18.9,★☆☆☆☆,5.4,0.0,1.0,0.0,12.5,0.0,0.0,0.0,,Emerson,-4.3,12.8,2.5,4.1,4847,5104.0,3.3,0.6,8413,Emerson+6.1%連動(β0.35) / MA上昇配列 / パーフェクトオーダー / 52週高値ブレイク!
7966,リンテック,その他製品,18.8,★☆☆☆☆,16.8,0.0,1.0,0.0,1.0,0.0,0.0,0.0,,Micron,4.0,2.5,4.2,-1.4,6060,6620.0,-2.6,0.7,2509,Micron+14.4%連動(β0.13) 未反応+4.0%
8133,伊藤忠エネクス,卸売業,18.8,★☆☆☆☆,0.0,0.0,5.3,0.0,13.5,0.0,0.0,0.0,,,0.0,7.6,1.8,2.3,1996,2070.0,1.5,2.1,252,出来高増2.1倍 / MA上昇配列 / パーフェクトオーダー / 52週高値目前
5195,バンドー化学,ゴム製品,18.7,★☆☆☆☆,4.2,0.0,1.0,0.0,13.5,0.0,0.0,0.0,,Emerson,-2.0,8.1,1.7,3.2,2229,2309.0,2.0,0.6,129,Emerson+6.1%連動(β0.28) / MA上昇配列 / パーフェクトオーダー / 52週高値目前
8524,北洋銀行,銀行業,18.7,★☆☆☆☆,5.7,0.0,2.0,0.0,11.0,0.0,0.0,0.0,,Emerson,-7.0,15.9,3.5,6.8,1131,1217.0,-0.2,0.5,2419,Emerson+6.1%連動(β0.38) / MA上昇配列 / パーフェクトオーダー / 52週高値目前
8037,カメイ,卸売業,18.7,★☆☆☆☆,4.2,0.0,1.0,0.0,13.5,0.0,0.0,0.0,,Emerson,-0.8,12.6,1.9,3.9,3575,3720.0,1.6,0.8,166,Emerson+6.1%連動(β0.27) / MA上昇配列 / パーフェクトオーダー / 52週高値目前
2354,ＹＥ　ＤＩＧＩＴＡＬ,情報・通信業,18.7,★☆☆☆☆,0.0,0.0,10.0,0.0,13.7,0.0,0.0,-5.0,,,0.0,80.4,7.7,69.6,1353,1600.0,63.6,3.1,2364,出来高急増3.1倍 / 買い出来高優勢 / 資金流入増 / MA上昇配列 / パーフェクトオーダー / 52週高値ブレイク! / 過熱⚠25MA+70%
6473,ジェイテクト,機械,18.7,★☆☆☆☆,14.7,0.0,2.0,0.0,2.0,0.0,0.0,0.0,,Emerson,3.0,3.0,3.2,-2.1,1897,2025.5,-4.7,0.8,2550,Emerson+6.1%連動(β0.38) 未反応+3.0%
6264,マルマエ,機械,18.5,★☆☆☆☆,18.5,0.0,0.0,0.0,0.0,0.0,0.0,0.0,,Micron,2.5,-28.0,9.0,-19.6,1614,1968.0,-5.9,0.4,3174,Micron+14.4%連動(β0.30) 未反応+2.5%
4633,サカタインクス,化学,18.5,★☆☆☆☆,6.5,0.0,0.0,0.0,12.0,0.0,0.0,0.0,,Emerson,0.7,7.1,1.7,2.4,2386,2470.0,0.7,0.9,439,Emerson+6.1%連動(β0.30) 未反応+0.7% / MA上昇配列 / パーフェクトオーダー
6702,富士通,電気機器,18.499999999999996,★☆☆☆☆,8.2,7.1,2.0,0.0,1.2,0.0,0.0,0.0,,SOX指数,1.8,6.9,3.0,-0.1,3084,3279.0,0.7,0.6,22188,SOX指数+5.1%連動(β0.23) 未反応+1.8% / 量子(+0.6%)
6758,ソニーグループ,電気機器,18.4,★☆☆☆☆,12.7,0.0,1.0,0.0,4.7,0.0,0.0,0.0,,SOX指数,3.1,10.6,2.2,1.9,3256,3409.0,-0.8,0.6,58660,SOX指数+5.1%連動(β0.26) 未反応+3.1%
7384,プロクレアホールディングス,銀行業,18.3,★☆☆☆☆,0.0,0.0,3.3,0.0,15.0,0.0,0.0,0.0,,,0.0,28.2,4.0,10.9,3983,4330.0,4.8,0.9,440,買い出来高優勢 / MA上昇配列 / パーフェクトオーダー / 52週高値ブレイク!
6723,ルネサスエレクトロニクス,電気機器,18.3,★☆☆☆☆,18.3,0.0,0.0,0.0,0.0,0.0,0.0,0.0,,Micron,2.1,-14.9,8.0,-14.3,3301,3928.0,-5.1,0.7,70005,Micron+14.4%連動(β0.34) 未反応+2.1%
7184,富山第一銀行,銀行業,18.3,★☆☆☆☆,0.0,0.0,3.3,0.0,15.0,0.0,0.0,0.0,,,0.0,30.3,4.5,14.3,2791,3065.0,5.8,0.7,630,買い出来高優勢 / MA上昇配列 / パーフェクトオーダー / 52週高値ブレイク!
7181,かんぽ生命保険,保険業,18.3,★☆☆☆☆,0.0,0.0,3.3,0.0,15.0,0.0,0.0,0.0,,,0.0,24.0,2.5,10.2,1679,1769.0,6.7,1.0,3746,買い出来高優勢 / MA上昇配列 / パーフェクトオーダー / 52週高値ブレイク!
8566,リコーリース,その他金融業,18.2,★☆☆☆☆,2.7,0.0,3.3,0.0,12.2,0.0,0.0,0.0,,Emerson,-0.6,13.8,1.7,5.4,6469,6690.0,1.7,0.9,281,Emerson+6.1%連動(β0.18) / 買い出来高優勢 / MA上昇配列 / パーフェクトオーダー / 52週高値目前
5970,ジーテクト,金属製品,18.2,★☆☆☆☆,6.5,0.0,1.0,0.0,10.7,0.0,0.0,0.0,,Emerson,0.8,6.3,1.6,1.0,2033,2102.0,0.2,0.9,233,Emerson+6.1%連動(β0.28) 未反応+0.8% / MA上昇配列 / パーフェクトオーダー
6383,ダイフク,機械,18.1,★☆☆☆☆,18.1,0.0,0.0,0.0,0.0,0.0,0.0,0.0,,Micron,3.5,-8.2,4.0,-9.5,5707,6202.0,-5.6,0.9,9788,Micron+14.4%連動(β0.21) 未反応+3.5%
3132,マクニカホールディングス,卸売業,18.1,★☆☆☆☆,4.1,0.0,2.0,0.0,12.0,0.0,0.0,0.0,,SOX指数,-3.9,5.5,4.3,3.7,3090,3378.0,2.4,1.3,1961,SOX指数+5.1%連動(β0.32) / MA上昇配列 / パーフェクトオーダー
8624,いちよし証券,証券、商品先物取引業,18.1,★☆☆☆☆,4.1,0.0,2.0,0.0,12.0,0.0,0.0,0.0,,Emerson,-1.6,17.1,4.0,6.4,1426,1550.0,-0.8,1.1,193,Emerson+6.1%連動(β0.27) / MA上昇配列 / パーフェクトオーダー
4755,楽天グループ,サービス業,18.1,★☆☆☆☆,12.6,0.0,2.0,0.0,3.5,0.0,0.0,0.0,,SOX指数,3.1,16.4,3.1,2.8,737,785.5999755859375,-2.9,0.7,11462,SOX指数+5.1%連動(β0.27) 未反応+3.1%
9824,泉州電業,卸売業,18.0,★☆☆☆☆,17.0,0.0,0.0,0.0,1.0,0.0,0.0,0.0,,Emerson,6.3,-9.3,3.6,-6.9,5769,6220.0,-6.6,1.0,402,Emerson+6.1%連動(β0.33) 未反応+6.3%
4091,日本酸素ホールディングス,化学,18.0,★☆☆☆☆,16.0,0.0,0.0,0.0,2.0,0.0,0.0,0.0,,Emerson,3.8,7.9,2.4,-1.3,5615,5895.0,-2.3,0.8,3124,Emerson+6.1%連動(β0.31) 未反応+3.8%
8343,秋田銀行,銀行業,18.0,★☆☆☆☆,0.0,0.0,3.0,0.0,15.0,0.0,0.0,0.0,,,0.0,20.7,3.4,10.2,7151,7670.0,5.2,1.4,720,MA上昇配列 / パーフェクトオーダー / 52週高値ブレイク!
6298,ワイエイシイホールディングス,機械,18.0,★☆☆☆☆,18.0,0.0,0.0,0.0,0.0,0.0,0.0,0.0,,Micron,3.0,-14.1,5.3,-11.5,1039,1162.0,-5.8,0.5,381,Micron+14.4%連動(β0.25) 未反応+3.0%
2805,ヱスビー食品,食料品,18.0,★☆☆☆☆,0.0,0.0,4.3,0.0,13.7,0.0,0.0,0.0,,,0.0,24.2,4.0,11.5,5791,6300.0,6.2,1.5,285,買い出来高優勢 / MA上昇配列 / パーフェクトオーダー / 52週高値ブレイク!
6728,アルバック,電気機器,18.0,★☆☆☆☆,17.0,0.0,0.0,0.0,1.0,0.0,0.0,0.0,,Micron,2.5,-2.2,5.6,-3.4,8540,9622.0,-6.6,0.8,5021,Micron+14.4%連動(β0.26) 未反応+2.5%
4062,イビデン,電気機器,18.0,★☆☆☆☆,12.0,6.0,0.0,0.0,0.0,0.0,0.0,0.0,,Micron,-5.9,-30.2,10.8,-18.2,13632,17370.0,-0.2,1.1,178286,Micron+14.4%連動(β0.33) / HBM・後工程(-6.6%)
8362,福井銀行,銀行業,17.9,★☆☆☆☆,4.9,0.0,3.3,0.0,9.7,0.0,0.0,0.0,,Emerson,-7.8,22.8,4.4,8.1,5640,6180.0,2.3,1.0,432,Emerson+6.1%連動(β0.32) / 買い出来高優勢 / MA上昇配列 / パーフェクトオーダー / 52週高値目前
6841,横河電機,電気機器,17.9,★☆☆☆☆,5.2,0.0,2.0,0.0,10.7,0.0,0.0,0.0,,Emerson,-3.9,7.8,3.1,3.3,5429,5792.0,5.4,0.8,5846,Emerson+6.1%連動(β0.34) / MA上昇配列 / パーフェクトオーダー
6995,東海理化電機製作所,輸送用機器,17.8,★☆☆☆☆,3.8,0.0,2.0,0.0,12.0,0.0,0.0,0.0,,Emerson,-1.2,10.7,1.8,4.0,3058,3170.0,1.3,1.1,426,Emerson+6.1%連動(β0.25) / MA上昇配列 / パーフェクトオーダー
8011,三陽商会,繊維製品,17.8,★☆☆☆☆,0.0,0.0,4.3,0.0,13.5,0.0,0.0,0.0,,,0.0,21.1,2.6,9.6,4382,4625.0,10.3,0.6,245,買い出来高優勢 / MA上昇配列 / パーフェクトオーダー / 52週高値目前
8059,第一実業,卸売業,17.8,★☆☆☆☆,0.0,0.0,4.3,0.0,13.5,0.0,0.0,0.0,,,0.0,19.9,2.4,7.7,3301,3465.0,1.9,0.6,305,買い出来高優勢 / MA上昇配列 / パーフェクトオーダー / 52週高値目前
9902,日伝,卸売業,17.8,★☆☆☆☆,5.8,0.0,2.0,0.0,10.0,0.0,0.0,0.0,,Emerson,0.6,15.4,1.8,5.8,2716,2819.0,-0.0,0.7,217,Emerson+6.1%連動(β0.26) 未反応+0.6% / MA上昇配列 / パーフェクトオーダー
8101,ＧＳＩクレオス,卸売業,17.8,★☆☆☆☆,0.0,0.0,4.3,0.0,13.5,0.0,0.0,0.0,,,0.0,17.9,2.4,9.2,2552,2682.0,4.0,0.7,112,買い出来高優勢 / MA上昇配列 / パーフェクトオーダー / 52週高値目前
5192,三ツ星ベルト,ゴム製品,17.7,★☆☆☆☆,3.7,0.0,2.0,0.0,12.0,0.0,0.0,0.0,,Emerson,-0.2,7.5,1.4,2.9,3987,4100.0,2.6,0.9,261,Emerson+6.1%連動(β0.25) / MA上昇配列 / パーフェクトオーダー
5831,しずおかフィナンシャルグループ,銀行業,17.7,★☆☆☆☆,3.4,0.0,3.3,0.0,11.0,0.0,0.0,0.0,,Emerson,-6.0,17.0,3.0,5.7,3176,3380.0,1.1,0.7,5502,Emerson+6.1%連動(β0.22) / 買い出来高優勢 / MA上昇配列 / パーフェクトオーダー / 52週高値目前
268A,リガク・ホールディングス,精密機器,17.7,★☆☆☆☆,17.7,0.0,0.0,0.0,0.0,0.0,0.0,0.0,,Micron,8.1,-19.0,8.6,-13.4,1768,2134.0,-11.3,0.6,7190,Micron+14.4%連動(β0.16) 未反応+8.1%
4202,ダイセル,化学,17.7,★☆☆☆☆,5.7,0.0,2.0,0.0,10.0,0.0,0.0,0.0,,Emerson,0.5,13.4,2.1,4.7,1411,1472.0,-0.3,0.9,1748,Emerson+6.1%連動(β0.27) 未反応+0.5% / MA上昇配列
1515,日鉄鉱業,鉱業,17.7,★☆☆☆☆,6.7,0.0,1.0,0.0,10.0,0.0,0.0,0.0,,Emerson,-2.7,20.0,5.1,10.3,2495,2780.0,3.8,0.7,1399,Emerson+6.1%連動(β0.44) / MA上昇配列 / パーフェクトオーダー
6222,島精機製作所,機械,17.6,★☆☆☆☆,17.6,0.0,0.0,0.0,0.0,0.0,0.0,0.0,,Emerson,4.6,3.0,2.7,-2.6,819,866.0,-4.2,0.9,224,Emerson+6.1%連動(β0.37) 未反応+4.6%
4972,綜研化学,化学,17.6,★☆☆☆☆,0.0,0.0,2.0,0.0,13.5,0.0,2.1,0.0,,,0.0,18.8,4.3,9.3,3472,3795.0,9.8,0.9,330,MA上昇配列 / パーフェクトオーダー / 52週高値目前 / 開示[買収](2日前)
8616,東海東京フィナンシャル・ホールディングス,証券、商品先物取引業,17.5,★☆☆☆☆,4.0,0.0,0.0,0.0,13.5,0.0,0.0,0.0,,Emerson,-2.8,11.7,2.3,5.2,775,812.0,0.6,1.0,607,Emerson+6.1%連動(β0.26) / MA上昇配列 / パーフェクトオーダー / 52週高値目前
6379,レイズネクスト,建設業,17.5,★☆☆☆☆,0.0,0.0,4.0,0.0,13.5,0.0,0.0,0.0,,,0.0,22.2,3.0,9.8,2461,2619.0,4.0,1.7,344,MA上昇配列 / パーフェクトオーダー / 52週高値目前
4118,カネカ,化学,17.5,★☆☆☆☆,4.0,0.0,0.0,0.0,13.5,0.0,0.0,0.0,,Emerson,-2.9,5.3,1.9,2.3,5623,5841.0,2.5,1.1,1214,Emerson+6.1%連動(β0.26) / MA上昇配列 / パーフェクトオーダー / 52週高値目前
5938,ＬＩＸＩＬ,金属製品,17.5,★☆☆☆☆,15.5,0.0,2.0,0.0,0.0,0.0,0.0,0.0,,Emerson,4.7,7.2,1.8,-0.6,1747,1813.5,-3.9,0.8,3662,Emerson+6.1%連動(β0.23) 未反応+4.7%
9107,川崎汽船,海運業,17.400000000000002,★☆☆☆☆,0.0,0.0,3.3,0.0,12.0,0.0,2.1,0.0,,,0.0,18.6,2.8,8.8,2651,2806.0,6.1,0.9,11435,買い出来高優勢 / MA上昇配列 / パーフェクトオーダー / 開示[業績予想の修正](2日前)
9274,ＫＰＰグループホールディングス,卸売業,17.4,★☆☆☆☆,0.0,0.0,2.0,0.0,13.5,0.0,1.9,0.0,,,0.0,12.0,2.5,4.5,1034,1088.0,0.0,0.9,213,MA上昇配列 / パーフェクトオーダー / 52週高値目前 / 開示[自己株式の取得](5日前)
3946,トーモク,パルプ・紙,17.3,★☆☆☆☆,0.0,0.0,6.3,0.0,11.0,0.0,0.0,0.0,,,0.0,19.7,2.0,10.0,4299,4480.0,5.5,1.3,391,買い出来高優勢 / 資金流入増 / MA上昇配列 / パーフェクトオーダー / 52週高値目前 / RSI過熱(87)⚠
7239,タチエス,輸送用機器,17.3,★☆☆☆☆,5.3,0.0,0.0,0.0,12.0,0.0,0.0,0.0,,Emerson,0.5,5.5,1.5,0.9,2106,2169.0,0.6,0.9,157,Emerson+6.1%連動(β0.25) / MA上昇配列 / パーフェクトオーダー
7203,トヨタ自動車,輸送用機器,17.2,★☆☆☆☆,10.2,0.0,1.0,0.0,6.0,0.0,0.0,0.0,,Emerson,1.9,11.3,2.1,2.5,2776,2897.0,-0.4,0.8,78009,Emerson+6.1%連動(β0.30) 未反応+1.9%
5975,東プレ,金属製品,17.2,★☆☆☆☆,5.2,0.0,0.0,0.0,12.0,0.0,0.0,0.0,,Emerson,-1.8,6.1,2.2,1.9,2582,2699.0,1.6,0.8,194,Emerson+6.1%連動(β0.34) / MA上昇配列 / パーフェクトオーダー
7220,武蔵精密工業,輸送用機器,17.2,★☆☆☆☆,15.7,0.0,0.0,0.0,1.5,0.0,0.0,0.0,,HPE,2.9,-19.8,8.8,-19.0,2491,3025.0,-10.2,0.5,4874,HPE+6.9%連動(β0.40) 未反応+2.9%
9962,ミスミグループ本社,卸売業,17.1,★☆☆☆☆,17.1,0.0,0.0,0.0,0.0,0.0,0.0,0.0,,Emerson,3.7,-0.9,4.2,-7.2,3280,3583.0,-5.0,0.9,4786,Emerson+6.1%連動(β0.39) 未反応+3.7%
8338,筑波銀行,銀行業,17.1,★☆☆☆☆,6.4,0.0,0.0,0.0,10.7,0.0,0.0,0.0,,Emerson,-9.3,11.4,4.1,5.8,615,670.0,4.7,1.0,1011,Emerson+6.1%連動(β0.42) / MA上昇配列 / パーフェクトオーダー
8766,東京海上ホールディングス,保険業,17.0,★☆☆☆☆,0.0,0.0,2.0,0.0,15.0,0.0,0.0,0.0,,,0.0,22.5,2.4,7.9,7720,8116.0,6.8,0.9,40855,MA上昇配列 / パーフェクトオーダー / 52週高値ブレイク!
7322,三十三フィナンシャルグループ,銀行業,17.0,★☆☆☆☆,0.0,0.0,2.0,0.0,15.0,0.0,0.0,0.0,,,0.0,23.7,4.3,10.9,1827,1997.0,5.4,0.9,664,MA上昇配列 / パーフェクトオーダー / 52週高値ブレイク!
8345,岩手銀行,銀行業,17.0,★☆☆☆☆,0.0,0.0,2.0,0.0,15.0,0.0,0.0,0.0,,,0.0,19.0,3.6,8.2,2106,2270.0,3.4,0.7,520,MA上昇配列 / パーフェクトオーダー / 52週高値ブレイク!
8630,ＳＯＭＰＯホールディングス,保険業,17.0,★☆☆☆☆,0.0,0.0,2.0,0.0,15.0,0.0,0.0,0.0,,,0.0,19.5,2.1,7.9,6748,7051.0,6.5,0.9,17616,MA上昇配列 / パーフェクトオーダー / 52週高値ブレイク!
6349,小森コーポレーション,機械,17.0,★☆☆☆☆,5.0,0.0,3.3,0.0,8.7,0.0,0.0,0.0,,Emerson,-0.8,14.1,1.9,5.6,1588,1651.0,1.4,0.6,212,Emerson+6.1%連動(β0.33) / 買い出来高優勢 / MA上昇配列
4187,大阪有機化学工業,化学,16.9,★☆☆☆☆,15.9,0.0,0.0,0.0,1.0,0.0,0.0,0.0,,Micron,2.5,-8.1,6.1,-6.1,4558,5190.0,-0.4,0.7,1271,Micron+14.4%連動(β0.24) 未反応+2.5%
5381,マイポックス,ガラス・土石製品,16.9,★☆☆☆☆,16.9,0.0,0.0,0.0,0.0,0.0,0.0,0.0,,SOX指数,3.9,-27.1,6.7,-18.6,697,805.0,-9.2,0.7,201,SOX指数+5.1%連動(β0.42) 未反応+3.9%
8358,スルガ銀行,銀行業,16.8,★☆☆☆☆,0.0,0.0,3.3,0.0,13.5,0.0,0.0,0.0,,,0.0,20.2,3.2,7.6,2570,2745.0,1.1,0.8,2341,買い出来高優勢 / MA上昇配列 / パーフェクトオーダー / 52週高値目前
4968,荒川化学工業,化学,16.8,★☆☆☆☆,14.6,0.0,1.0,0.0,1.2,0.0,0.0,0.0,,SOX指数,6.1,-3.7,7.3,-5.0,1751,2051.0,-14.9,0.4,638,SOX指数+5.1%連動(β0.21) 未反応+6.1%
7350,おきなわフィナンシャルグループ,銀行業,16.8,★☆☆☆☆,0.0,0.0,3.3,0.0,13.5,0.0,0.0,0.0,,,0.0,21.7,3.4,9.8,6860,7360.0,0.7,0.6,474,買い出来高優勢 / MA上昇配列 / パーフェクトオーダー / 52週高値目前
8439,東京センチュリー,その他金融業,16.8,★☆☆☆☆,0.0,0.0,3.3,0.0,13.5,0.0,0.0,0.0,,,0.0,11.0,2.0,4.7,2563,2669.5,0.6,0.7,1573,買い出来高優勢 / MA上昇配列 / パーフェクトオーダー / 52週高値目前
6237,イワキポンプ,機械,16.8,★☆☆☆☆,0.0,0.0,6.3,0.0,13.5,0.0,0.0,-3.0,,,0.0,43.4,5.8,19.6,4409,4990.0,7.8,1.3,635,買い出来高優勢 / 資金流入増 / MA上昇配列 / パーフェクトオーダー / 52週高値目前 / 伸びすぎ注意(25MA+20%)
6481,ＴＨＫ,機械,16.8,★☆☆☆☆,15.8,0.0,0.0,0.0,1.0,0.0,0.0,0.0,,Honeywell,2.0,-8.4,5.5,-7.2,6106,6854.0,-3.4,1.2,6856,Honeywell+8.9%連動(β0.45) 未反応+2.0%
7381,ＣＣＩグループ,銀行業,16.8,★☆☆☆☆,0.0,0.0,3.3,0.0,13.5,0.0,0.0,0.0,,,0.0,22.2,3.7,10.0,1071,1156.0,1.0,0.8,530,買い出来高優勢 / MA上昇配列 / パーフェクトオーダー / 52週高値目前
8628,松井証券,証券、商品先物取引業,16.8,★☆☆☆☆,0.0,0.0,3.3,0.0,13.5,0.0,0.0,0.0,,,0.0,19.1,2.2,8.8,1057,1107.0,1.1,1.2,1081,買い出来高優勢 / MA上昇配列 / パーフェクトオーダー / 52週高値目前
8334,群馬銀行,銀行業,16.8,★☆☆☆☆,0.0,0.0,3.3,0.0,13.5,0.0,0.0,0.0,,,0.0,16.5,3.1,6.5,2449,2609.0,1.0,0.9,2215,買い出来高優勢 / MA上昇配列 / パーフェクトオーダー / 52週高値目前
2053,中部飼料,食料品,16.8,★☆☆☆☆,0.0,0.0,3.3,0.0,13.5,0.0,0.0,0.0,,,0.0,9.0,1.6,3.5,1893,1954.0,2.5,0.8,106,買い出来高優勢 / MA上昇配列 / パーフェクトオーダー / 52週高値目前
8697,日本取引所グループ,その他金融業,16.799999999999997,★☆☆☆☆,2.6,0.0,2.0,0.0,12.2,0.0,0.0,0.0,,SOX指数,-2.7,13.5,3.0,3.5,2090,2222.0,-0.7,1.0,7605,SOX指数+5.1%連動(β0.20) / MA上昇配列 / パーフェクトオーダー / 52週高値目前
7167,めぶきフィナンシャルグループ,銀行業,16.799999999999997,★☆☆☆☆,5.1,0.0,2.0,0.0,9.7,0.0,0.0,0.0,,Emerson,-6.0,15.6,3.0,4.3,1450,1541.0,2.2,0.8,4466,Emerson+6.1%連動(β0.33) / MA上昇配列 / パーフェクトオーダー / 52週高値目前
8585,オリエントコーポレーション,その他金融業,16.7,★☆☆☆☆,8.7,0.0,2.0,0.0,6.0,0.0,0.0,0.0,,Emerson,1.7,13.4,1.7,3.4,872,903.0,2.3,0.9,483,Emerson+6.1%連動(β0.23) 未反応+1.7%
9069,センコーグループホールディングス,陸運業,16.6,★☆☆☆☆,0.0,0.0,3.3,0.0,12.2,0.0,1.1,0.0,,,0.0,19.1,2.1,8.0,2097,2187.5,3.1,0.8,782,買い出来高優勢 / MA上昇配列 / パーフェクトオーダー / 52週高値目前 / 開示[自己株式の取得](9日前)
5802,住友電気工業,非鉄金属,16.6,★☆☆☆☆,9.1,6.0,0.0,0.0,1.5,0.0,0.0,0.0,,Micron,-6.2,-15.3,6.2,-8.2,2161,2469.0,3.0,0.6,53386,Micron+14.4%連動(β0.25) / 光通信・電線(-1.3%)
6902,デンソー,輸送用機器,16.6,★☆☆☆☆,8.9,0.0,1.0,0.0,6.7,0.0,0.0,0.0,,Emerson,1.3,10.2,1.7,2.3,1911,1977.0,0.1,0.7,13738,Emerson+6.1%連動(β0.32) 未反応+1.3% / MA上昇配列
9039,サカイ引越センター,陸運業,16.5,★☆☆☆☆,0.0,0.0,3.0,0.0,13.5,0.0,0.0,0.0,,,0.0,7.2,1.4,2.1,2898,2982.0,-0.2,1.6,173,MA上昇配列 / パーフェクトオーダー / 52週高値目前
8707,岩井コスモホールディングス,証券、商品先物取引業,16.5,★☆☆☆☆,4.0,0.0,3.0,0.0,9.5,0.0,0.0,0.0,,Emerson,-0.0,11.0,2.9,3.5,4029,4275.0,-2.2,1.0,427,Emerson+6.1%連動(β0.27) / MA上昇配列 / パーフェクトオーダー
7613,シークス,卸売業,16.3,★☆☆☆☆,5.3,0.0,0.0,0.0,11.0,0.0,0.0,0.0,,Emerson,-2.6,10.2,2.2,5.1,1341,1404.0,3.0,0.6,261,Emerson+6.1%連動(β0.35) / MA上昇配列 / パーフェクトオーダー
3863,日本製紙,パルプ・紙,16.3,★☆☆☆☆,0.0,0.0,4.3,0.0,12.0,0.0,0.0,0.0,,,0.0,25.1,3.1,12.3,1415,1509.0,3.7,1.4,1107,買い出来高優勢 / MA上昇配列 / パーフェクトオーダー
6752,パナソニック　ホールディングス,電気機器,16.3,★☆☆☆☆,15.3,0.0,0.0,0.0,1.0,0.0,0.0,0.0,,SOX指数,4.1,-11.8,5.3,-10.8,3468,3883.0,-7.9,0.7,53875,SOX指数+5.1%連動(β0.26) 未反応+4.1%
9324,安田倉庫,倉庫・運輸関連業,16.3,★☆☆☆☆,0.0,0.0,4.3,0.0,12.0,0.0,0.0,0.0,,,0.0,12.6,2.4,3.9,2425,2546.0,-0.6,1.1,217,買い出来高優勢 / MA上昇配列 / パーフェクトオーダー
6707,サンケン電気,電気機器,16.3,★☆☆☆☆,16.3,0.0,0.0,0.0,0.0,0.0,0.0,0.0,,Micron,1.8,-10.4,5.9,-10.0,8173,9264.0,-2.2,1.0,1857,Micron+14.4%連動(β0.30) 未反応+1.8%
7389,あいちフィナンシャルグループ,銀行業,16.299999999999997,★☆☆☆☆,4.1,0.0,3.0,0.0,12.2,0.0,0.0,-3.0,,Emerson,-6.7,39.0,4.1,19.5,1678,1828.0,5.0,0.7,1521,Emerson+6.1%連動(β0.27) / MA上昇配列 / パーフェクトオーダー / 52週高値目前 / 伸びすぎ注意(25MA+20%)
4901,富士フイルムホールディングス,化学,16.2,★☆☆☆☆,7.0,0.0,1.0,0.0,8.2,0.0,0.0,0.0,,SOX指数,1.4,10.2,1.8,2.4,3493,3626.0,0.1,0.6,13237,SOX指数+5.1%連動(β0.23) 未反応+1.4% / MA上昇配列 / パーフェクトオーダー
6988,日東電工,化学,16.1,★☆☆☆☆,5.1,0.0,2.0,0.0,9.0,0.0,0.0,0.0,,Emerson,-1.1,7.4,2.4,3.1,3162,3322.0,0.2,1.1,9855,Emerson+6.1%連動(β0.33) / MA上昇配列
6448,ブラザー工業,電気機器,16.0,★☆☆☆☆,2.5,0.0,0.0,0.0,13.5,0.0,0.0,0.0,,SOX指数,-2.4,8.7,2.0,4.4,3781,3941.0,2.7,0.9,2609,SOX指数+5.1%連動(β0.20) / MA上昇配列 / パーフェクトオーダー / 52週高値目前
6464,ツバキ・ナカシマ,機械,16.0,★☆☆☆☆,16.0,0.0,0.0,0.0,0.0,0.0,0.0,0.0,,Emerson,3.2,-9.3,5.7,-8.0,323,365.0,-7.1,0.5,188,Emerson+6.1%連動(β0.43) 未反応+3.2%
6284,日精エー・エス・ビー機械,機械,16.0,★☆☆☆☆,13.8,0.0,0.0,0.0,2.2,0.0,0.0,0.0,,Emerson,2.9,4.1,4.0,-3.1,8407,9130.0,-5.0,0.5,320,Emerson+6.1%連動(β0.32) 未反応+2.9%
7745,Ａ＆Ｄホロンホールディングス,精密機器,15.8,★☆☆☆☆,7.6,0.0,1.0,0.0,7.2,0.0,0.0,0.0,,Micron,-2.0,5.2,3.5,0.9,2698,2901.0,-0.6,0.9,268,Micron+14.4%連動(β0.21) / MA上昇配列 / パーフェクトオーダー
6724,セイコーエプソン,電気機器,15.8,★☆☆☆☆,2.8,0.0,1.0,0.0,12.0,0.0,0.0,0.0,,SOX指数,-2.7,9.6,3.1,4.4,2742,2922.0,2.0,0.5,5366,SOX指数+5.1%連動(β0.22) / MA上昇配列 / パーフェクトオーダー
6616,トレックス・セミコンダクター,電気機器,15.8,★☆☆☆☆,15.8,0.0,0.0,0.0,0.0,0.0,0.0,0.0,,Micron,2.7,-25.8,6.7,-19.0,1573,1815.0,-5.0,0.6,257,Micron+14.4%連動(β0.22) 未反応+2.7%
6407,ＣＫＤ,機械,15.7,★☆☆☆☆,15.7,0.0,0.0,0.0,0.0,0.0,0.0,0.0,,Micron,2.2,-14.8,7.3,-11.1,5440,6370.0,-5.9,0.7,4497,Micron+14.4%連動(β0.25) 未反応+2.2%
8725,ＭＳ＆ＡＤインシュアランスグループホールディングス,保険業,15.7,★☆☆☆☆,0.0,0.0,2.0,0.0,13.7,0.0,0.0,0.0,,,0.0,19.2,2.0,8.6,4698,4898.0,7.6,0.9,23140,MA上昇配列 / パーフェクトオーダー / 52週高値ブレイク!
6209,リケンＮＰＲ,機械,15.7,★☆☆☆☆,3.0,0.0,2.0,0.0,10.7,0.0,0.0,0.0,,Emerson,-2.5,5.9,2.0,1.4,3809,3965.0,1.4,1.8,256,Emerson+6.1%連動(β0.20) / MA上昇配列 / パーフェクトオーダー
8078,阪和興業,卸売業,15.7,★☆☆☆☆,6.0,0.0,1.0,0.0,8.7,0.0,0.0,0.0,,Emerson,-2.4,6.8,2.6,0.5,1633,1721.0,2.2,0.6,912,Emerson+6.1%連動(β0.39) / MA上昇配列 / パーフェクトオーダー
6395,タダノ,機械,15.7,★☆☆☆☆,8.7,0.0,0.0,0.0,7.0,0.0,0.0,0.0,,Honeywell,-2.3,7.1,2.7,2.9,1254,1324.0,3.9,1.0,463,Honeywell+8.9%連動(β0.39)
7013,ＩＨＩ,機械,15.600000000000001,★☆☆☆☆,0.0,10.9,0.0,0.0,4.7,0.0,0.0,0.0,,,0.0,9.8,4.6,2.7,2615,2878.5,2.5,1.0,35340,防衛(+2.5%)
6923,スタンレー電気,電気機器,15.6,★☆☆☆☆,13.6,0.0,0.0,0.0,2.0,0.0,0.0,0.0,,GM,3.4,0.4,2.1,-3.2,3291,3433.0,-1.8,0.9,1968,GM+6.4%連動(β0.21) 未反応+3.4%
6302,住友重機械工業,機械,15.6,★☆☆☆☆,5.9,0.0,0.0,0.0,9.7,0.0,0.0,0.0,,Emerson,-2.5,5.1,3.3,0.6,4924,5276.0,0.5,0.9,3364,Emerson+6.1%連動(β0.39) / MA上昇配列 / パーフェクトオーダー
1447,ＳＡＡＦホールディングス,建設業,15.6,★☆☆☆☆,0.0,0.0,5.3,0.0,6.2,0.0,4.1,0.0,,,0.0,42.1,13.3,4.6,260,355.0,-13.4,0.1,292,買い出来高優勢 / 資金流入増 / MA上昇配列 / パーフェクトオーダー / 開示[買収](2日前) / 開示[買収](3日前)
6737,ＥＩＺＯ,電気機器,15.5,★☆☆☆☆,0.0,0.0,2.0,0.0,13.5,0.0,0.0,0.0,,,0.0,20.1,2.7,8.5,2624,2775.0,5.5,1.0,559,MA上昇配列 / パーフェクトオーダー / 52週高値目前
9831,ヤマダホールディングス,小売業,15.5,★☆☆☆☆,0.0,0.0,3.3,0.0,12.2,0.0,0.0,0.0,,,0.0,13.5,2.9,8.1,683,724.5,6.7,0.8,3351,買い出来高優勢 / MA上昇配列 / パーフェクトオーダー / 52週高値目前
4746,東計電算,情報・通信業,15.5,★☆☆☆☆,0.0,0.0,2.0,0.0,13.5,0.0,0.0,0.0,,,0.0,16.3,2.1,5.5,4627,4825.0,0.5,0.6,152,MA上昇配列 / パーフェクトオーダー / 52週高値目前
6676,ＢＵＦＦＡＬＯ,電気機器,15.5,★☆☆☆☆,0.0,0.0,2.0,0.0,13.5,0.0,0.0,0.0,,,0.0,12.2,2.8,4.5,2563,2712.0,2.3,0.6,120,MA上昇配列 / パーフェクトオーダー / 52週高値目前
9735,セコム,サービス業,15.5,★☆☆☆☆,0.0,0.0,2.0,0.0,13.5,0.0,0.0,0.0,,,0.0,10.7,1.8,3.4,6551,6802.0,1.9,0.8,8766,MA上昇配列 / パーフェクトオーダー / 52週高値目前
9076,セイノーホールディングス,陸運業,15.5,★☆☆☆☆,0.0,0.0,2.0,0.0,13.5,0.0,0.0,0.0,,,0.0,8.6,1.6,1.7,2619,2705.5,0.2,1.0,949,MA上昇配列 / パーフェクトオーダー / 52週高値目前
8368,百五銀行,銀行業,15.5,★☆☆☆☆,5.3,0.0,2.0,0.0,8.2,0.0,0.0,0.0,,Emerson,-6.0,12.7,3.6,3.1,1930,2080.0,-0.8,1.0,1450,Emerson+6.1%連動(β0.35) / MA上昇配列 / パーフェクトオーダー
8304,あおぞら銀行,銀行業,15.5,★☆☆☆☆,0.0,0.0,2.0,0.0,13.5,0.0,0.0,0.0,,,0.0,15.2,2.3,6.0,2897,3034.0,3.6,1.0,3699,MA上昇配列 / パーフェクトオーダー / 52週高値目前
7513,コジマ,小売業,15.4,★☆☆☆☆,0.0,0.0,3.0,0.0,12.0,0.0,0.4,0.0,,,0.0,9.3,2.5,4.5,1293,1361.0,3.1,1.0,390,MA上昇配列 / パーフェクトオーダー / 開示[増配](13日前) / 開示[自己株式取得](13日前)
5946,長府製作所,金属製品,15.3,★☆☆☆☆,0.0,0.0,4.3,0.0,11.0,0.0,0.0,0.0,,,0.0,7.7,1.8,3.1,1984,2058.0,3.3,0.3,258,買い出来高優勢 / MA上昇配列 / パーフェクトオーダー
6457,グローリー,機械,15.3,★☆☆☆☆,0.0,0.0,3.3,0.0,12.0,0.0,0.0,0.0,,,0.0,18.0,2.1,7.7,4233,4416.0,4.8,0.9,754,買い出来高優勢 / MA上昇配列 / パーフェクトオーダー
7537,丸文,卸売業,15.299999999999999,★☆☆☆☆,3.6,0.0,1.0,0.0,10.7,0.0,0.0,0.0,,SOX指数,-3.2,2.1,3.3,0.3,1573,1685.0,1.9,0.7,154,SOX指数+5.1%連動(β0.28) / MA上昇配列 / パーフェクトオーダー
4246,ダイキョーニシカワ,化学,15.299999999999999,★☆☆☆☆,5.6,0.0,1.0,0.0,8.7,0.0,0.0,0.0,,Emerson,0.5,3.5,1.9,0.0,967,1005.0,-0.9,1.0,313,Emerson+6.1%連動(β0.28) / MA上昇配列 / パーフェクトオーダー
6118,アイダエンジニアリング,機械,15.2,★☆☆☆☆,6.0,0.0,2.0,0.0,7.2,0.0,0.0,0.0,,Emerson,0.6,5.0,3.6,0.4,1101,1188.0,-3.6,0.4,238,Emerson+6.1%連動(β0.28) 未反応+0.6% / MA上昇配列 / パーフェクトオーダー
3151,バイタルケーエスケー・ホールディングス,卸売業,15.2,★☆☆☆☆,0.0,0.0,3.0,0.0,12.2,0.0,0.0,0.0,,,0.0,12.3,1.7,6.0,1604,1661.0,2.9,1.3,115,MA上昇配列 / パーフェクトオーダー / 52週高値目前
8012,長瀬産業,卸売業,15.1,★☆☆☆☆,4.4,0.0,0.0,0.0,10.7,0.0,0.0,0.0,,Emerson,-2.0,3.0,2.3,1.2,1141,1195.0,1.5,0.9,899,Emerson+6.1%連動(β0.29) / MA上昇配列 / パーフェクトオーダー
6381,アネスト岩田,機械,15.1,★☆☆☆☆,4.1,0.0,0.0,0.0,11.0,0.0,0.0,0.0,,Emerson,-1.2,9.0,1.5,2.6,1715,1769.0,2.3,0.6,153,Emerson+6.1%連動(β0.27) / MA上昇配列 / パーフェクトオーダー / 52週高値目前
6345,アイチ　コーポレーション,機械,15.0,★☆☆☆☆,0.0,0.0,3.0,0.0,12.0,0.0,0.0,0.0,,,0.0,9.7,1.5,2.9,1381,1423.0,1.6,1.3,147,MA上昇配列 / パーフェクトオーダー
7202,いすゞ自動車,輸送用機器,15.0,★☆☆☆☆,15.0,0.0,0.0,0.0,0.0,0.0,0.0,0.0,,GM,3.7,8.8,2.6,-0.4,2156,2272.0,-2.4,0.8,5927,GM+6.4%連動(β0.24) 未反応+3.7%
7988,ニフコ,化学,15.0,★☆☆☆☆,4.5,0.0,3.0,0.0,7.5,0.0,0.0,0.0,,Emerson,-0.5,11.7,2.1,3.5,4925,5138.0,1.0,1.3,1336,Emerson+6.1%連動(β0.30) / MA上昇配列
7453,良品計画,小売業,15.0,★☆☆☆☆,0.0,0.0,3.0,0.0,12.0,0.0,0.0,0.0,,,0.0,23.1,5.0,10.0,3779,4202.0,-3.8,0.5,22656,MA上昇配列 / パーフェクトオーダー
9861,吉野家ホールディングス,小売業,15.0,★☆☆☆☆,0.0,0.0,4.3,0.0,10.7,0.0,0.0,0.0,,,0.0,22.2,3.0,8.9,3393,3612.0,-0.1,0.7,2121,買い出来高優勢 / MA上昇配列 / パーフェクトオーダー
4902,コニカミノルタ,電気機器,15.0,★☆☆☆☆,5.3,0.0,2.0,0.0,7.7,0.0,0.0,0.0,,Emerson,-3.4,13.6,3.1,9.8,607,646.5999755859375,3.4,1.1,1984,Emerson+6.1%連動(β0.35) / MA上昇配列
8622,水戸証券,証券、商品先物取引業,15.0,★☆☆☆☆,0.0,0.0,4.3,0.0,10.7,0.0,0.0,0.0,,,0.0,22.3,2.8,12.6,737,780.0,7.7,0.9,200,買い出来高優勢 / MA上昇配列 / パーフェクトオーダー
8850,スターツコーポレーション,不動産業,14.8,★☆☆☆☆,10.6,0.0,1.0,0.0,3.2,0.0,0.0,0.0,,Emerson,2.5,7.7,1.7,0.7,4523,4685.0,-2.3,0.7,313,Emerson+6.1%連動(β0.21) 未反応+2.5%
5233,太平洋セメント,ガラス・土石製品,14.799999999999999,★☆☆☆☆,4.5,0.0,0.0,0.0,8.7,0.0,1.6,0.0,,Emerson,-3.3,4.7,2.8,1.8,3893,4121.0,4.1,1.0,2393,Emerson+6.1%連動(β0.30) / MA上昇配列 / パーフェクトオーダー / 開示[業績予想の修正](5日前)
1377,サカタのタネ,水産・農林業,14.700000000000001,★☆☆☆☆,0.0,0.0,3.3,0.0,11.0,0.0,0.4,0.0,,,0.0,10.0,2.3,3.1,4206,4405.0,0.6,0.6,630,買い出来高優勢 / MA上昇配列 / パーフェクトオーダー / 開示[増配](13日前) / 開示[自己株式の取得](13日前)
6083,ＥＲＩホールディングス,サービス業,14.700000000000001,★☆☆☆☆,0.0,0.0,4.3,0.0,10.0,0.0,0.4,0.0,,,0.0,18.5,3.7,8.3,1417,1531.0,4.9,0.8,154,買い出来高優勢 / MA上昇配列 / 開示[増配](12日前)
6141,ＤＭＧ森精機,機械,14.7,★☆☆☆☆,6.7,0.0,2.0,0.0,6.0,0.0,0.0,0.0,,Emerson,-4.0,3.5,4.7,0.9,3272,3615.0,0.8,0.9,3765,Emerson+6.1%連動(β0.44) / MA上昇配列 / パーフェクトオーダー
6504,富士電機,電気機器,14.6,★☆☆☆☆,7.1,6.0,0.0,0.0,1.5,0.0,0.0,0.0,,Micron,-3.9,-5.6,4.0,-3.7,11888,12925.0,1.8,0.8,11564,Micron+14.4%連動(β0.20) / AIデータセンター・電力(-0.3%)
6306,日工,機械,14.6,★☆☆☆☆,2.6,0.0,1.0,0.0,11.0,0.0,0.0,0.0,,Emerson,-2.0,10.1,1.9,2.8,923,960.0,1.1,1.0,102,Emerson+6.1%連動(β0.17) / MA上昇配列 / パーフェクトオーダー / 52週高値目前
4186,東京応化工業,化学,14.6,★☆☆☆☆,14.6,0.0,0.0,0.0,0.0,0.0,0.0,0.0,,Micron,1.9,-8.4,6.2,-5.8,8800,10050.0,-4.0,0.8,8628,Micron+14.4%連動(β0.25) 未反応+1.9%
8613,丸三証券,証券、商品先物取引業,14.5,★☆☆☆☆,0.0,0.0,1.0,0.0,13.5,0.0,0.0,0.0,,,0.0,11.2,1.9,3.4,1092,1136.0,-2.1,0.7,367,MA上昇配列 / パーフェクトオーダー / 52週高値目前
2914,日本たばこ産業,食料品,14.5,★☆☆☆☆,0.0,0.0,1.0,0.0,13.5,0.0,0.0,0.0,,,0.0,14.8,1.9,5.7,6215,6461.0,4.3,0.9,30387,MA上昇配列 / パーフェクトオーダー / 52週高値目前
8511,日本証券金融,その他金融業,14.5,★☆☆☆☆,0.0,0.0,1.0,0.0,13.5,0.0,0.0,0.0,,,0.0,10.9,2.2,3.6,2344,2451.0,0.7,0.7,549,MA上昇配列 / パーフェクトオーダー / 52週高値目前
3708,特種東海製紙,パルプ・紙,14.5,★☆☆☆☆,0.0,0.0,1.0,0.0,13.5,0.0,0.0,0.0,,,0.0,21.3,2.2,8.8,2032,2126.0,2.5,0.8,134,MA上昇配列 / パーフェクトオーダー / 52週高値目前
4204,積水化学工業,化学,14.5,★☆☆☆☆,8.3,0.0,1.0,0.0,5.2,0.0,0.0,0.0,,Emerson,1.7,8.3,1.5,1.9,2574,2655.5,-0.3,0.6,5448,Emerson+6.1%連動(β0.22) 未反応+1.7% / MA上昇配列
5805,ＳＷＣＣ,非鉄金属,14.4,★☆☆☆☆,6.9,6.0,0.0,0.0,1.5,0.0,0.0,0.0,,Emerson,-5.8,-14.7,5.5,-8.2,10110,11370.0,2.7,0.9,4456,Emerson+6.1%連動(β0.45) / 光通信・電線(-1.3%)
9279,ギフトホールディングス,小売業,14.4,★☆☆☆☆,0.0,0.0,2.0,0.0,12.0,0.0,0.4,0.0,,,0.0,21.8,4.0,8.9,4404,4790.0,-3.6,0.7,423,MA上昇配列 / パーフェクトオーダー / 開示[株式分割](11日前)
8558,東和銀行,銀行業,14.4,★☆☆☆☆,4.9,0.0,1.0,0.0,8.5,0.0,0.0,0.0,,Emerson,-8.4,5.4,5.6,3.1,1296,1460.0,5.8,0.9,464,Emerson+6.1%連動(β0.32) / MA上昇配列 / パーフェクトオーダー
3116,トヨタ紡織,輸送用機器,14.399999999999999,★☆☆☆☆,7.7,0.0,2.0,0.0,4.7,0.0,0.0,0.0,,Emerson,1.0,9.4,1.8,1.8,2154,2234.0,0.1,0.6,1522,Emerson+6.1%連動(β0.31) 未反応+1.0%
9744,メイテックグループホールディングス,サービス業,14.3,★☆☆☆☆,0.0,0.0,4.3,0.0,10.0,0.0,0.0,0.0,,,0.0,10.7,1.1,3.4,3191,3263.0,1.2,1.3,1056,買い出来高優勢 / MA上昇配列
8337,千葉興業銀行,銀行業,14.3,★☆☆☆☆,0.0,0.0,3.3,0.0,11.0,0.0,0.0,0.0,,,0.0,19.5,3.4,5.9,2530,2715.0,1.8,0.9,333,買い出来高優勢 / MA上昇配列 / パーフェクトオーダー / 52週高値目前
9310,日本トランスシティ,倉庫・運輸関連業,14.3,★☆☆☆☆,0.0,0.0,3.3,0.0,11.0,0.0,0.0,0.0,,,0.0,16.1,2.2,5.2,1202,1257.0,0.6,0.5,113,買い出来高優勢 / MA上昇配列 / パーフェクトオーダー
3087,ドトール・日レスホールディングス,小売業,14.3,★☆☆☆☆,0.0,0.0,3.3,0.0,11.0,0.0,0.0,0.0,,,0.0,19.8,2.4,10.3,2940,3090.0,6.0,1.0,460,買い出来高優勢 / MA上昇配列 / パーフェクトオーダー / 52週高値目前 / RSI過熱(86)⚠
6770,アルプスアルパイン,電気機器,14.2,★☆☆☆☆,3.2,0.0,4.3,0.0,6.7,0.0,0.0,0.0,,SOX指数,-4.0,6.5,3.0,3.2,2037,2166.0,1.7,1.5,3429,SOX指数+5.1%連動(β0.25) / 買い出来高優勢
5401,日本製鉄,鉄鋼,14.2,★☆☆☆☆,4.4,0.0,5.3,0.0,4.5,0.0,0.0,0.0,,Emerson,-3.6,16.8,1.7,9.5,596,616.9000244140625,6.3,1.9,18679,Emerson+6.1%連動(β0.29) / 買い出来高優勢 / RSI過熱(89)⚠
8015,豊田通商,卸売業,14.2,★☆☆☆☆,6.2,0.0,1.0,0.0,7.0,0.0,0.0,0.0,,Emerson,-3.3,11.1,3.2,4.1,6015,6425.0,3.5,0.9,14337,Emerson+6.1%連動(β0.41)
6310,井関農機,機械,14.1,★☆☆☆☆,5.1,0.0,1.0,0.0,8.0,0.0,0.0,0.0,,Emerson,-1.9,9.2,3.2,3.5,1763,1883.0,1.9,0.6,183,Emerson+6.1%連動(β0.33) / MA上昇配列
8137,サンワテクノス,卸売業,14.1,★☆☆☆☆,2.6,0.0,3.3,0.0,8.2,0.0,0.0,0.0,,SOX指数,-4.0,7.8,3.0,1.8,3606,3840.0,-0.1,0.5,232,SOX指数+5.1%連動(β0.20) / 買い出来高優勢 / MA上昇配列 / パーフェクトオーダー
6240,ヤマシンフィルタ,機械,14.0,★☆☆☆☆,7.0,0.0,1.0,0.0,6.0,0.0,0.0,0.0,,Emerson,-2.3,11.3,2.5,4.8,512,539.0,3.1,0.7,153,Emerson+6.1%連動(β0.46)
8051,山善,卸売業,14.0,★☆☆☆☆,0.0,0.0,3.3,0.0,10.7,0.0,0.0,0.0,,,0.0,7.4,1.7,0.7,1685,1745.0,-1.6,0.9,322,買い出来高優勢 / MA上昇配列 / パーフェクトオーダー
4041,日本曹達,化学,14.0,★☆☆☆☆,0.0,0.0,2.0,0.0,12.0,0.0,0.0,0.0,,,0.0,11.2,1.6,4.8,3688,3810.0,3.0,0.7,421,MA上昇配列 / パーフェクトオーダー
2874,横浜冷凍,卸売業,14.0,★☆☆☆☆,0.0,0.0,4.0,0.0,10.0,0.0,0.0,0.0,,,0.0,13.5,5.0,3.4,1936,2152.0,-0.8,1.7,458,MA上昇配列 / パーフェクトオーダー
2602,日清オイリオグループ,食料品,14.0,★☆☆☆☆,0.0,0.0,2.0,0.0,12.0,0.0,0.0,0.0,,,0.0,10.7,1.6,3.9,1888,1950.0,2.4,0.9,479,MA上昇配列 / パーフェクトオーダー
8366,滋賀銀行,銀行業,14.0,★☆☆☆☆,4.8,0.0,2.0,0.0,7.2,0.0,0.0,0.0,,Emerson,-2.5,17.8,4.7,1.3,2404,2655.0,-2.8,1.0,3337,Emerson+6.1%連動(β0.31) / 資金流入増 / MA上昇配列 / パーフェクトオーダー
6194,アトラエ,サービス業,14.0,★☆☆☆☆,0.0,0.0,5.3,0.0,8.7,0.0,0.0,0.0,,,0.0,22.8,2.5,9.1,781,822.0,-0.7,0.4,144,買い出来高優勢 / 資金流入増 / MA上昇配列 / パーフェクトオーダー
2154,オープンアップグループ,サービス業,14.0,★☆☆☆☆,0.0,0.0,2.0,0.0,12.0,0.0,0.0,0.0,,,0.0,13.3,1.5,4.1,1947,2006.0,1.7,0.7,355,MA上昇配列 / パーフェクトオーダー
8572,アコム,その他金融業,14.0,★☆☆☆☆,0.0,0.0,2.0,0.0,12.0,0.0,0.0,0.0,,,0.0,12.9,1.6,3.0,470,485.29998779296875,-0.1,1.4,609,MA上昇配列 / パーフェクトオーダー
5943,ノーリツ,金属製品,14.0,★☆☆☆☆,0.0,0.0,2.0,0.0,12.0,0.0,0.0,0.0,,,0.0,8.0,1.5,1.7,2266,2336.0,-0.0,0.5,183,MA上昇配列 / パーフェクトオーダー
2730,エディオン,小売業,14.0,★☆☆☆☆,0.0,0.0,3.3,0.0,10.7,0.0,0.0,0.0,,,0.0,13.9,2.4,7.7,2375,2497.0,5.2,0.8,706,買い出来高優勢 / MA上昇配列 / パーフェクトオーダー
4502,武田薬品工業,医薬品,14.0,★☆☆☆☆,0.0,0.0,2.0,0.0,12.0,0.0,0.0,0.0,,,0.0,15.7,1.9,6.6,5428,5648.0,5.7,0.9,21467,MA上昇配列 / パーフェクトオーダー
4553,東和薬品,医薬品,14.0,★☆☆☆☆,0.0,0.0,2.0,0.0,12.0,0.0,0.0,0.0,,,0.0,11.3,3.0,3.1,3866,4115.0,-2.0,0.8,535,MA上昇配列 / パーフェクトオーダー
8031,三井物産,卸売業,13.9,★☆☆☆☆,5.1,0.0,1.0,0.0,6.0,0.0,1.8,0.0,,Emerson,-4.5,15.7,2.4,6.5,4730,4966.0,4.8,0.8,31291,Emerson+6.1%連動(β0.34) / 開示[買収](4日前)
6976,太陽誘電,電気機器,13.9,★☆☆☆☆,12.9,0.0,1.0,0.0,0.0,0.0,0.0,0.0,,Dell,0.8,-35.4,15.2,-27.9,7938,11415.0,-8.9,0.8,367517,Dell+15.2%連動(β0.28) 未反応+0.8%
5408,中山製鋼所,鉄鋼,13.899999999999999,★☆☆☆☆,4.6,0.0,3.3,0.0,6.0,0.0,0.0,0.0,,Emerson,-2.2,10.6,1.9,3.3,617,642.0,2.9,0.9,127,Emerson+6.1%連動(β0.30) / 買い出来高優勢
9934,因幡電機産業,卸売業,13.899999999999999,★☆☆☆☆,3.2,0.0,0.0,0.0,10.7,0.0,0.0,0.0,,Emerson,-0.5,7.7,1.7,2.0,2697,2793.0,1.0,0.9,446,Emerson+6.1%連動(β0.21) / MA上昇配列 / パーフェクトオーダー
6301,小松製作所,機械,13.899999999999999,★☆☆☆☆,9.2,0.0,0.0,0.0,4.7,0.0,0.0,0.0,,Honeywell,-2.6,10.3,2.5,2.9,6312,6642.0,3.1,0.6,19435,Honeywell+8.9%連動(β0.41)
7173,東京きらぼしフィナンシャルグループ,銀行業,13.899999999999999,★☆☆☆☆,5.7,0.0,0.0,0.0,8.2,0.0,0.0,0.0,,Emerson,-5.8,5.9,3.9,2.0,1635,1772.0,1.8,0.3,3840,Emerson+6.1%連動(β0.37) / MA上昇配列 / パーフェクトオーダー
6668,アドテック　プラズマ　テクノロジー,電気機器,13.8,★☆☆☆☆,12.8,0.0,1.0,0.0,0.0,0.0,0.0,0.0,,SOX指数,2.2,-23.0,11.2,-14.6,2431,3135.0,-18.0,0.6,677,SOX指数+5.1%連動(β0.49) 未反応+2.2%
6505,東洋電機製造,電気機器,13.8,★☆☆☆☆,0.0,0.0,5.3,0.0,8.0,0.0,0.5,0.0,,,0.0,24.5,3.8,13.7,2194,2375.0,0.3,1.0,198,買い出来高優勢 / 資金流入増 / 開示[買収](11日前)
6371,椿本チエイン,機械,13.7,★☆☆☆☆,4.5,0.0,1.0,0.0,8.2,0.0,0.0,0.0,,Emerson,0.0,5.0,1.9,0.6,2532,2630.0,-0.0,1.1,384,Emerson+6.1%連動(β0.29) / MA上昇配列 / パーフェクトオーダー
6823,リオン,電気機器,13.7,★☆☆☆☆,12.7,0.0,0.0,0.0,1.0,0.0,0.0,0.0,,Applied Materials,3.1,-9.4,3.4,-7.2,3149,3380.0,-3.3,0.9,268,Applied Materials+7.1%連動(β0.19) 未反応+3.1%
8002,丸紅,卸売業,13.7,★☆☆☆☆,5.7,0.0,1.0,0.0,7.0,0.0,0.0,0.0,,Emerson,-5.4,20.5,2.8,8.8,5069,5370.0,5.6,0.8,21267,Emerson+6.1%連動(β0.37)
4116,大日精化工業,化学,13.7,★☆☆☆☆,4.0,0.0,0.0,0.0,9.7,0.0,0.0,0.0,,Emerson,-0.1,6.2,1.8,0.7,1039,1078.0,0.1,0.8,147,Emerson+6.1%連動(β0.26) / MA上昇配列 / パーフェクトオーダー
6282,オイレス工業,機械,13.6,★☆☆☆☆,10.6,0.0,1.0,0.0,2.0,0.0,0.0,0.0,,Emerson,2.3,4.0,1.8,-1.3,2681,2783.0,-1.5,0.8,184,Emerson+6.1%連動(β0.24) 未反応+2.3%
6807,日本航空電子工業,電気機器,13.6,★☆☆☆☆,4.6,0.0,2.0,0.0,7.0,0.0,0.0,0.0,,Emerson,-0.2,9.7,2.6,3.7,2334,2461.0,0.7,1.1,561,Emerson+6.1%連動(β0.30)
4188,三菱ケミカルグループ,化学,13.6,★☆☆☆☆,4.4,0.0,1.0,0.0,8.2,0.0,0.0,0.0,,Emerson,-0.0,12.6,2.9,2.9,1121,1189.0,-1.1,1.2,7135,Emerson+6.1%連動(β0.29) / MA上昇配列 / パーフェクトオーダー
7128,ユニソルホールディングス,卸売業,13.599999999999998,★☆☆☆☆,4.6,0.0,5.3,0.0,6.7,0.0,0.0,-3.0,,Emerson,-3.4,33.1,3.2,15.4,2521,2692.0,3.7,0.4,337,Emerson+6.1%連動(β0.30) / 買い出来高優勢 / 資金流入増 / MA上昇配列 / 伸びすぎ注意(25MA+15%)
8008,ヨンドシーホールディングス,小売業,13.5,★☆☆☆☆,0.0,0.0,4.0,0.0,9.5,0.0,0.0,0.0,,,0.0,9.4,2.9,0.2,1898,2014.0,-5.3,1.0,284,資金流入増 / MA上昇配列 / パーフェクトオーダー
6517,デンヨー,電気機器,13.5,★☆☆☆☆,5.0,0.0,0.0,0.0,8.5,0.0,0.0,0.0,,Micron,-1.6,2.9,2.3,0.0,3441,3610.0,2.7,0.8,136,Micron+14.4%連動(β0.14) / MA上昇配列 / パーフェクトオーダー
3191,ジョイフル本田,小売業,13.5,★☆☆☆☆,0.0,0.0,0.0,0.0,13.5,0.0,0.0,0.0,,,0.0,9.5,1.7,3.0,2238,2315.0,2.4,0.9,417,MA上昇配列 / パーフェクトオーダー / 52週高値目前
4634,ａｒｔｉｅｎｃｅ,化学,13.5,★☆☆☆☆,0.0,0.0,0.0,0.0,13.5,0.0,0.0,0.0,,,0.0,9.2,2.3,3.9,4324,4535.0,0.8,0.5,684,MA上昇配列 / パーフェクトオーダー / 52週高値目前
8001,伊藤忠商事,卸売業,13.4,★☆☆☆☆,4.4,0.0,2.0,0.0,7.0,0.0,0.0,0.0,,Emerson,-1.1,11.9,1.9,3.8,1884,1957.5,2.0,0.8,25180,Emerson+6.1%連動(β0.29)
7148,ＦＰＧ,証券、商品先物取引業,13.3,★☆☆☆☆,0.0,0.0,5.3,0.0,8.0,0.0,0.0,0.0,,,0.0,10.5,1.6,2.7,1542,1593.0,1.5,1.8,663,買い出来高優勢 / MA上昇配列
8057,内田洋行,卸売業,13.3,★☆☆☆☆,0.0,0.0,4.3,0.0,9.0,0.0,0.0,0.0,,,0.0,14.5,1.9,4.3,2000,2080.0,1.0,0.4,531,買い出来高優勢 / MA上昇配列
8150,三信電気,卸売業,13.3,★☆☆☆☆,0.0,0.0,3.3,0.0,10.0,0.0,0.0,0.0,,,0.0,9.5,1.8,3.0,2776,2882.0,2.3,0.6,108,買い出来高優勢 / MA上昇配列
9001,東武鉄道,陸運業,13.3,★☆☆☆☆,0.0,0.0,3.3,0.0,10.0,0.0,0.0,0.0,,,0.0,8.4,1.7,2.4,2907,3012.0,-0.2,0.8,1465,買い出来高優勢 / MA上昇配列 / パーフェクトオーダー
8163,ＳＲＳホールディングス,小売業,13.3,★☆☆☆☆,0.0,0.0,4.3,0.0,9.0,0.0,0.0,0.0,,,0.0,12.8,1.3,5.9,1292,1328.0,4.0,1.4,130,買い出来高優勢 / MA上昇配列 / 52週高値目前 / RSI過熱(94)⚠
6104,芝浦機械,機械,13.299999999999999,★☆☆☆☆,5.1,0.0,0.0,0.0,8.2,0.0,0.0,0.0,,Emerson,-4.3,12.0,4.3,4.2,4372,4785.0,0.0,0.9,681,Emerson+6.1%連動(β0.34) / MA上昇配列 / パーフェクトオーダー
276A,ククレブ・アドバイザーズ,不動産業,13.200000000000001,★☆☆☆☆,0.0,0.0,4.3,0.0,8.0,0.0,0.9,0.0,,,0.0,23.8,6.4,8.0,3167,3630.0,-6.7,0.3,214,買い出来高優勢 / MA上昇配列 / 開示[上方修正](12日前) / 開示[業務提携](12日前)
6136,オーエスジー,機械,13.2,★☆☆☆☆,4.2,0.0,2.0,0.0,7.0,0.0,0.0,0.0,,Emerson,-1.5,9.8,4.4,1.8,3522,3860.0,-1.2,1.2,2398,Emerson+6.1%連動(β0.28) / MA上昇配列 / パーフェクトオーダー
6503,三菱電機,電気機器,13.2,★☆☆☆☆,5.2,6.0,1.0,0.0,1.0,0.0,0.0,0.0,,Emerson,-3.1,-1.6,3.7,-3.1,5235,5650.0,-0.3,0.7,28228,Emerson+6.1%連動(β0.34) / AIデータセンター・電力(-0.3%)
9433,ＫＤＤＩ,情報・通信業,13.0,★☆☆☆☆,0.0,0.0,2.0,0.0,11.0,0.0,0.0,0.0,,,0.0,13.5,1.9,5.5,2810,2922.5,2.8,0.8,23706,MA上昇配列 / パーフェクトオーダー / 52週高値目前 / RSI過熱(87)⚠
8022,美津濃,その他製品,13.0,★☆☆☆☆,0.0,0.0,2.0,0.0,11.0,0.0,0.0,0.0,,,0.0,7.4,3.2,3.0,3373,3600.0,-2.0,1.1,678,MA上昇配列 / パーフェクトオーダー
7752,リコー,電気機器,13.0,★☆☆☆☆,0.0,0.0,3.3,0.0,9.7,0.0,0.0,0.0,,,0.0,10.1,2.2,5.3,1489,1556.5,3.4,0.8,3763,買い出来高優勢 / MA上昇配列 / パーフェクトオーダー
6309,巴工業,機械,13.0,★☆☆☆☆,0.0,0.0,2.0,0.0,11.0,0.0,0.0,0.0,,,0.0,10.3,2.1,2.4,1815,1894.0,-1.1,0.5,214,MA上昇配列 / パーフェクトオーダー
8708,アイザワ証券グループ,証券、商品先物取引業,13.0,★☆☆☆☆,0.0,0.0,3.0,0.0,10.0,0.0,0.0,0.0,,,0.0,16.2,2.2,6.5,1577,1649.0,1.9,0.9,218,MA上昇配列 / パーフェクトオーダー
5018,ＭＯＲＥＳＣＯ,石油・石炭製品,13.0,★☆☆☆☆,0.0,0.0,2.0,0.0,11.0,0.0,0.0,0.0,,,0.0,17.9,5.5,4.9,1862,2093.0,1.4,0.8,101,資金流入増 / MA上昇配列 / パーフェクトオーダー
3399,丸千代山岡家,小売業,13.0,★☆☆☆☆,0.0,0.0,1.0,0.0,12.0,0.0,0.0,0.0,,,0.0,16.7,3.3,6.0,3431,3675.0,-5.5,0.9,343,MA上昇配列 / パーフェクトオーダー
3405,クラレ,化学,13.0,★☆☆☆☆,0.0,0.0,2.0,0.0,11.0,0.0,0.0,0.0,,,0.0,13.1,1.6,5.9,1761,1819.5,3.0,0.7,2956,MA上昇配列 / パーフェクトオーダー
5929,三和ホールディングス,金属製品,13.0,★☆☆☆☆,7.8,0.0,1.0,0.0,4.2,0.0,0.0,0.0,,Emerson,1.2,4.9,1.8,1.1,3648,3785.0,1.7,0.7,2009,Emerson+6.1%連動(β0.27) 未反応+1.2% / MA上昇配列
9048,名古屋鉄道,陸運業,13.0,★☆☆☆☆,0.0,0.0,2.0,0.0,11.0,0.0,0.0,0.0,,,0.0,10.5,1.5,2.9,1857,1914.5,-0.2,1.0,1354,MA上昇配列 / パーフェクトオーダー
6627,テラプローブ,電気機器,13.0,★☆☆☆☆,13.0,0.0,0.0,0.0,0.0,0.0,0.0,0.0,,Micron,-1.9,-13.3,8.6,-9.0,9371,11330.0,-5.0,0.6,1608,Micron+14.4%連動(β0.36)
4674,クレスコ,情報・通信業,13.0,★☆☆☆☆,0.0,0.0,4.0,0.0,9.0,0.0,0.0,0.0,,,0.0,12.6,2.0,3.5,1494,1557.0,1.2,1.9,121,MA上昇配列
2810,ハウス食品グループ本社,食料品,13.0,★☆☆☆☆,0.0,0.0,2.0,0.0,11.0,0.0,0.0,0.0,,,0.0,10.2,1.8,3.0,3780,3919.0,1.2,0.8,1010,MA上昇配列 / パーフェクトオーダー / 52週高値目前
3201,日本毛織,繊維製品,13.0,★☆☆☆☆,0.0,0.0,2.0,0.0,11.0,0.0,0.0,0.0,,,0.0,13.5,2.6,3.4,1753,1849.0,-2.2,0.6,211,MA上昇配列 / パーフェクトオーダー
4092,日本化学工業,化学,13.0,★☆☆☆☆,0.0,0.0,2.0,0.0,11.0,0.0,0.0,0.0,,,0.0,2.3,7.9,8.7,4356,5180.0,0.8,1.1,1507,MA上昇配列 / パーフェクトオーダー
7172,ジャパンインベストメントアドバイザー,証券、商品先物取引業,13.0,★☆☆☆☆,0.0,0.0,2.0,0.0,11.0,0.0,0.0,0.0,,,0.0,10.4,1.9,3.3,2055,2136.0,0.5,1.4,671,MA上昇配列 / パーフェクトオーダー
8098,稲畑産業,卸売業,13.0,★☆☆☆☆,0.0,0.0,1.0,0.0,12.0,0.0,0.0,0.0,,,0.0,7.3,1.3,2.6,3927,4030.0,1.3,1.2,314,MA上昇配列 / パーフェクトオーダー
2002,日清製粉グループ本社,食料品,13.0,★☆☆☆☆,0.0,0.0,1.0,0.0,12.0,0.0,0.0,0.0,,,0.0,8.5,1.8,2.3,1974,2049.0,1.0,0.9,1441,MA上昇配列 / パーフェクトオーダー
6305,日立建機,機械,13.0,★☆☆☆☆,9.3,0.0,0.0,0.0,3.7,0.0,0.0,0.0,,Honeywell,-0.9,5.3,2.6,1.1,5072,5352.0,1.2,1.1,4086,Honeywell+8.9%連動(β0.42)
2371,カカクコム,サービス業,13.0,★☆☆☆☆,0.0,0.0,2.0,0.0,11.0,0.0,0.0,0.0,,,0.0,15.1,1.2,4.6,3585,3673.0,2.2,0.6,2427,MA上昇配列 / パーフェクトオーダー / 52週高値目前
3941,レンゴー,パルプ・紙,13.0,★☆☆☆☆,0.0,0.0,1.0,0.0,12.0,0.0,0.0,0.0,,,0.0,7.8,2.0,2.4,1403,1461.5,0.9,1.2,1268,MA上昇配列 / パーフェクトオーダー
3864,三菱製紙,パルプ・紙,13.0,★☆☆☆☆,0.0,0.0,1.0,0.0,12.0,0.0,0.0,0.0,,,0.0,13.6,4.4,7.1,1033,1133.0,3.5,1.3,275,MA上昇配列 / パーフェクトオーダー
9301,三菱倉庫,倉庫・運輸関連業,13.0,★☆☆☆☆,0.0,0.0,2.0,0.0,11.0,0.0,0.0,0.0,,,0.0,12.4,1.9,3.7,1556,1617.5,2.8,1.0,1468,MA上昇配列 / パーフェクトオーダー / 52週高値目前
2782,セリア,小売業,13.0,★☆☆☆☆,0.0,0.0,2.0,0.0,11.0,0.0,0.0,0.0,,,0.0,7.4,2.7,3.7,3599,3805.0,4.0,1.0,912,MA上昇配列 / パーフェクトオーダー
6486,イーグル工業,機械,13.0,★☆☆☆☆,0.0,0.0,2.0,0.0,11.0,0.0,0.0,0.0,,,0.0,7.2,2.2,2.3,2838,2966.0,0.9,0.9,296,MA上昇配列 / パーフェクトオーダー
2288,丸大食品,食料品,13.0,★☆☆☆☆,0.0,0.0,1.0,0.0,12.0,0.0,0.0,0.0,,,0.0,6.4,1.4,1.0,2217,2281.0,1.2,0.6,160,MA上昇配列 / パーフェクトオーダー
4293,セプテーニ・ホールディングス,サービス業,13.0,★☆☆☆☆,0.0,0.0,2.0,0.0,11.0,0.0,0.0,0.0,,,0.0,14.7,3.4,2.8,462,495.0,-2.8,1.0,293,MA上昇配列 / パーフェクトオーダー
5310,東洋炭素,ガラス・土石製品,12.9,★☆☆☆☆,6.9,6.0,0.0,0.0,0.0,0.0,0.0,0.0,,Micron,-1.0,-11.2,4.7,-8.0,6086,6720.0,-2.9,0.7,892,Micron+14.4%連動(β0.19) / 核融合(-3.1%)
6971,京セラ,電気機器,12.9,★☆☆☆☆,3.9,0.0,2.0,0.0,7.0,0.0,0.0,0.0,,Emerson,-2.2,7.7,3.6,0.5,3423,3689.0,1.6,0.5,24015,Emerson+6.1%連動(β0.26) / MA上昇配列 / パーフェクトオーダー
8058,三菱商事,卸売業,12.9,★☆☆☆☆,4.5,0.0,1.0,0.0,7.0,0.0,0.4,0.0,,Emerson,-8.8,15.8,2.7,8.6,4655,4918.0,8.6,0.9,37730,Emerson+6.1%連動(β0.29) / 開示[子会社化](11日前)
4471,三洋化成工業,化学,12.899999999999999,★☆☆☆☆,9.2,0.0,0.0,0.0,3.7,0.0,0.0,0.0,,Honeywell,1.2,2.0,2.3,-0.4,4689,4920.0,-0.5,0.8,256,Honeywell+8.9%連動(β0.26) 未反応+1.2%
3774,インターネットイニシアティブ,情報・通信業,12.8,★☆☆☆☆,0.0,0.0,3.3,0.0,9.5,0.0,0.0,0.0,,,0.0,15.2,2.7,2.4,3229,3413.0,-4.0,0.5,1910,買い出来高優勢 / MA上昇配列 / パーフェクトオーダー
4966,上村工業,化学,12.8,★☆☆☆☆,9.8,0.0,2.0,0.0,1.0,0.0,0.0,0.0,,Micron,0.9,-11.0,6.2,-7.9,20516,23430.0,-2.8,1.6,1724,Micron+14.4%連動(β0.19) 未反応+0.9%
5406,神戸製鋼所,鉄鋼,12.8,★☆☆☆☆,4.8,0.0,1.0,0.0,7.0,0.0,0.0,0.0,,Emerson,-0.7,9.8,1.9,3.8,1911,1984.5,1.7,0.8,3917,Emerson+6.1%連動(β0.32)
7283,愛三工業,輸送用機器,12.8,★☆☆☆☆,0.0,0.0,5.3,0.0,7.5,0.0,0.0,0.0,,,0.0,24.4,4.2,6.9,2099,2293.0,-3.5,0.5,901,買い出来高優勢 / 資金流入増 / MA上昇配列
5384,フジミインコーポレーテッド,ガラス・土石製品,12.8,★☆☆☆☆,12.8,0.0,0.0,0.0,0.0,0.0,0.0,0.0,,Micron,1.5,-10.6,6.0,-7.4,3543,4030.0,-1.8,1.1,1563,Micron+14.4%連動(β0.23) 未反応+1.5%
4169,ＥＮＥＣＨＡＮＧＥ,情報・通信業,12.700000000000001,★☆☆☆☆,0.0,0.0,3.3,0.0,6.0,0.0,3.4,0.0,,,0.0,29.7,5.4,8.9,196,220.0,-0.5,0.4,181,買い出来高優勢 / 開示[子会社化](2日前) / 開示[子会社化](2日前)
6653,正興電機製作所,電気機器,12.700000000000001,★☆☆☆☆,5.9,0.0,4.7,0.0,0.0,0.0,2.1,0.0,,Emerson,-1.8,-5.3,4.2,-4.5,2031,2218.0,-1.7,4.9,248,Emerson+6.1%連動(β0.39) / 出来高急増4.9倍 / 開示[業績予想の修正](2日前)
7972,イトーキ,その他製品,12.7,★☆☆☆☆,5.7,0.0,1.0,0.0,6.0,0.0,0.0,0.0,,Emerson,-3.0,15.3,3.1,4.8,2686,2862.0,2.2,0.3,719,Emerson+6.1%連動(β0.37)
1965,テクノ菱和,建設業,12.7,★☆☆☆☆,0.0,0.0,6.7,0.0,6.0,0.0,0.0,0.0,,,0.0,20.9,4.9,9.4,5921,6570.0,4.0,2.0,349,出来高増2.0倍 / 買い出来高優勢
2590,ダイドーグループホールディングス,食料品,12.7,★☆☆☆☆,0.0,0.0,3.0,0.0,9.7,0.0,0.0,0.0,,,0.0,17.6,2.3,7.2,2810,2947.0,1.6,0.5,439,MA上昇配列 / パーフェクトオーダー
4828,ビジネスエンジニアリング,情報・通信業,12.7,★☆☆☆☆,0.0,0.0,8.0,0.0,4.7,0.0,0.0,0.0,,,0.0,27.0,2.8,9.9,1113,1179.0,3.1,3.2,184,出来高急増3.2倍 / 買い出来高優勢
4183,三井化学,化学,12.7,★☆☆☆☆,2.6,0.0,0.0,0.0,9.7,0.0,0.4,0.0,,SOX指数,-1.3,3.2,2.7,1.0,2052,2170.5,-0.7,0.8,3578,SOX指数+5.1%連動(β0.20) / MA上昇配列 / パーフェクトオーダー / 開示[買収](12日前)
9031,西日本鉄道,陸運業,12.7,★☆☆☆☆,0.0,0.0,2.0,0.0,10.7,0.0,0.0,0.0,,,0.0,13.4,1.7,4.5,3002,3106.0,0.8,0.7,478,MA上昇配列 / パーフェクトオーダー
5410,合同製鐵,鉄鋼,12.6,★☆☆☆☆,4.6,0.0,2.0,0.0,6.0,0.0,0.0,0.0,,Emerson,-2.0,12.1,1.6,4.5,2686,2775.0,2.9,0.6,244,Emerson+6.1%連動(β0.30)
7279,ハイレックスコーポレーション,輸送用機器,12.6,★☆☆☆☆,5.6,0.0,2.0,0.0,5.0,0.0,0.0,0.0,,Emerson,-2.5,13.6,3.7,4.8,2045,2207.0,1.8,0.8,161,Emerson+6.1%連動(β0.37)
7504,高速,卸売業,12.5,★☆☆☆☆,0.0,0.0,3.0,0.0,9.5,0.0,0.0,0.0,,,0.0,21.6,3.8,7.4,3542,3830.0,2.0,0.6,291,MA上昇配列 / パーフェクトオーダー
7246,プレス工業,輸送用機器,12.5,★☆☆☆☆,4.5,0.0,1.0,0.0,7.0,0.0,0.0,0.0,,Emerson,-0.7,10.3,1.9,2.8,794,826.0,1.5,0.9,234,Emerson+6.1%連動(β0.30)
9278,ブックオフグループホールディングス,小売業,12.5,★☆☆☆☆,0.0,0.0,5.3,0.0,12.2,0.0,0.0,-5.0,,,0.0,38.2,5.0,20.7,2338,2598.0,7.8,1.1,457,買い出来高優勢 / 資金流入増 / MA上昇配列 / パーフェクトオーダー / 52週高値目前 / 過熱⚠25MA+21%
5020,ＥＮＥＯＳホールディングス,石油・石炭製品,12.5,★☆☆☆☆,4.5,0.0,1.0,0.0,7.0,0.0,0.0,0.0,,Emerson,-4.3,14.8,2.3,5.5,1259,1320.0,3.6,1.2,8478,Emerson+6.1%連動(β0.30)
6250,やまびこ,機械,12.4,★☆☆☆☆,5.4,0.0,0.0,0.0,7.0,0.0,0.0,0.0,,Emerson,-2.2,4.0,3.0,0.7,3610,3840.0,1.5,0.7,286,Emerson+6.1%連動(β0.36) / MA上昇配列 / パーフェクトオーダー
5801,古河電気工業,非鉄金属,12.4,★☆☆☆☆,6.4,6.0,0.0,0.0,0.0,0.0,0.0,0.0,,Coherent,-1.3,-28.2,7.8,-16.7,2859,3388.0,-2.5,0.5,72338,Coherent+9.7%連動(β0.26) / 光通信・電線(-1.3%)
4725,ＣＡＣ　Ｈｏｌｄｉｎｇｓ,情報・通信業,12.3,★☆☆☆☆,0.0,0.0,3.3,0.0,9.0,0.0,0.0,0.0,,,0.0,10.7,1.2,2.3,1779,1825.0,0.1,0.5,112,買い出来高優勢 / MA上昇配列
9997,ベルーナ,小売業,12.3,★☆☆☆☆,0.0,0.0,3.3,0.0,9.0,0.0,0.0,0.0,,,0.0,17.9,1.8,7.7,1034,1074.0,2.5,0.8,259,買い出来高優勢 / MA上昇配列 / 52週高値目前 / RSI過熱(88)⚠
3989,シェアリングテクノロジー,情報・通信業,12.3,★☆☆☆☆,0.0,0.0,5.3,0.0,7.0,0.0,0.0,0.0,,,0.0,44.5,2.5,7.0,1332,1402.0,-4.6,0.4,411,買い出来高優勢 / 資金流入増 / MA上昇配列 / パーフェクトオーダー
6941,山一電機,電気機器,12.3,★☆☆☆☆,9.6,0.0,0.0,0.0,2.7,0.0,0.0,0.0,,Micron,-2.9,-12.1,6.8,-3.4,7886,9130.0,-0.2,0.7,2674,Micron+14.4%連動(β0.27)
254A,ＡＩフュージョンキャピタルグループ,証券、商品先物取引業,12.3,★☆☆☆☆,0.0,0.0,5.3,0.0,10.0,0.0,0.0,-3.0,,,0.0,33.1,5.2,15.2,1159,1295.0,0.5,0.8,101,買い出来高優勢 / 資金流入増 / MA上昇配列 / パーフェクトオーダー / 伸びすぎ注意(25MA+15%)
9889,ＪＢＣＣホールディングス,情報・通信業,12.3,★☆☆☆☆,0.0,0.0,3.3,0.0,9.0,0.0,0.0,0.0,,,0.0,25.3,2.6,8.9,1374,1450.0,0.5,1.2,247,買い出来高優勢 / MA上昇配列
6508,明電舎,電気機器,12.3,★☆☆☆☆,6.3,6.0,0.0,0.0,0.0,0.0,0.0,0.0,,Emerson,-4.0,-8.5,4.0,-4.9,8299,9020.0,2.6,1.2,1518,Emerson+6.1%連動(β0.42) / AIデータセンター・電力(-0.3%)
9682,ＤＴＳ,情報・通信業,12.3,★☆☆☆☆,0.0,0.0,3.3,0.0,9.0,0.0,0.0,0.0,,,0.0,15.1,1.9,3.7,1034,1075.0,0.3,0.9,469,買い出来高優勢 / MA上昇配列
8159,立花エレテック,卸売業,12.2,★☆☆☆☆,0.0,0.0,0.0,0.0,12.2,0.0,0.0,0.0,,,0.0,8.0,3.0,3.0,3161,3365.0,2.1,0.5,114,MA上昇配列 / パーフェクトオーダー / 52週高値目前
3950,ザ・パック,パルプ・紙,12.2,★☆☆☆☆,0.0,0.0,0.0,0.0,12.2,0.0,0.0,0.0,,,0.0,10.9,1.8,5.7,1397,1448.0,2.4,0.5,256,MA上昇配列 / パーフェクトオーダー / 52週高値目前
5301,東海カーボン,ガラス・土石製品,12.2,★☆☆☆☆,11.2,0.0,0.0,0.0,1.0,0.0,0.0,0.0,,Emerson,1.6,0.0,2.1,-3.1,1564,1632.0,-0.9,0.6,2612,Emerson+6.1%連動(β0.43) 未反応+1.6%
6522,アスタリスク,電気機器,12.2,★☆☆☆☆,0.0,0.0,6.0,0.0,6.2,0.0,0.0,0.0,,,0.0,70.2,18.6,8.3,1061,1690.0,12.7,1.7,5578,資金流入増 / MA上昇配列 / パーフェクトオーダー
3563,ＦＯＯＤ　＆　ＬＩＦＥ　ＣＯＭＰＡＮＩＥＳ,小売業,12.2,★☆☆☆☆,0.0,0.0,0.0,0.0,12.2,0.0,0.0,0.0,,,0.0,13.8,3.9,8.9,5000,5428.0,0.1,0.5,10832,MA上昇配列 / パーフェクトオーダー / 52週高値目前
6200,インソース,サービス業,12.1,★☆☆☆☆,0.0,0.0,7.7,0.0,3.5,0.0,3.9,-3.0,,,0.0,30.3,2.7,16.8,685,724.0,15.7,2.9,453,出来高増2.9倍 / 買い出来高優勢 / RSI過熱(90)⚠ / 伸びすぎ注意(25MA+17%) / 開示[自己株式取得](5日前) / 開示[自己株式取得](5日前)
4205,日本ゼオン,化学,12.1,★☆☆☆☆,10.1,0.0,0.0,0.0,2.0,0.0,0.0,0.0,,Emerson,2.0,-4.7,3.0,-3.9,2082,2215.0,-2.2,0.8,1793,Emerson+6.1%連動(β0.28) 未反応+2.0%
4971,メック,化学,12.1,★☆☆☆☆,12.1,0.0,0.0,0.0,0.0,0.0,0.0,0.0,,Micron,0.7,-20.8,7.6,-13.0,7167,8460.0,-1.7,0.8,2720,Micron+14.4%連動(β0.28) 未反応+0.7%
6958,日本シイエムケイ,電気機器,12.1,★☆☆☆☆,10.6,0.0,0.0,0.0,1.5,0.0,0.0,0.0,,Emerson,1.3,-4.5,4.9,-3.3,574,636.0,-4.8,0.5,473,Emerson+6.1%連動(β0.44) 未反応+1.3%
7242,カヤバ,輸送用機器,12.1,★☆☆☆☆,4.1,0.0,1.0,0.0,7.0,0.0,0.0,0.0,,Emerson,-1.0,16.5,2.0,5.8,4129,4305.0,1.8,0.8,393,Emerson+6.1%連動(β0.27)
2433,博報堂ＤＹホールディングス,サービス業,12.0,★☆☆☆☆,0.0,0.0,2.0,0.0,10.0,0.0,0.0,0.0,,,0.0,16.3,2.8,5.4,1174,1244.0,1.3,1.2,972,MA上昇配列 / パーフェクトオーダー
8125,ワキタ,卸売業,12.0,★☆☆☆☆,0.0,0.0,3.3,0.0,8.7,0.0,0.0,0.0,,,0.0,15.6,1.5,4.7,1813,1870.0,-1.0,0.7,325,買い出来高優勢 / MA上昇配列
6080,Ｍ＆Ａキャピタルパートナーズ,サービス業,12.0,★☆☆☆☆,0.0,0.0,2.0,0.0,10.0,0.0,0.0,0.0,,,0.0,14.2,2.1,4.4,3579,3735.0,0.9,1.3,294,MA上昇配列 / パーフェクトオーダー
4612,日本ペイントホールディングス,化学,12.0,★☆☆☆☆,0.0,0.0,1.0,0.0,11.0,0.0,0.0,0.0,,,0.0,11.6,2.4,4.1,1067,1120.5,3.6,1.3,4051,MA上昇配列 / パーフェクトオーダー
6572,オープングループ,サービス業,12.0,★☆☆☆☆,0.0,0.0,4.0,0.0,8.0,0.0,0.0,0.0,,,0.0,25.7,4.8,9.9,218,241.0,-6.9,1.0,106,資金流入増 / MA上昇配列
2674,ハードオフコーポレーション,小売業,12.0,★☆☆☆☆,0.0,0.0,0.0,0.0,12.0,0.0,0.0,0.0,,,0.0,10.4,3.0,5.3,2647,2818.0,2.4,0.8,164,MA上昇配列 / パーフェクトオーダー
2503,キリンホールディングス,食料品,12.0,★☆☆☆☆,0.0,0.0,1.0,0.0,11.0,0.0,0.0,0.0,,,0.0,8.7,2.0,2.5,2791,2908.0,1.9,0.8,8923,MA上昇配列 / パーフェクトオーダー / 52週高値目前
7296,エフ・シー・シー,輸送用機器,12.0,★☆☆☆☆,0.0,0.0,0.0,0.0,12.0,0.0,0.0,0.0,,,0.0,7.5,1.7,1.9,3422,3540.0,1.4,0.8,295,MA上昇配列 / パーフェクトオーダー
325A,ＴＥＮＴＩＡＬ,繊維製品,12.0,★☆☆☆☆,0.0,0.0,4.0,0.0,8.0,0.0,0.0,0.0,,,0.0,26.2,6.7,14.6,1449,1672.0,2.1,0.6,770,資金流入増 / MA上昇配列
6460,セガサミーホールディングス,機械,12.0,★☆☆☆☆,0.0,0.0,4.0,0.0,8.0,0.0,0.0,0.0,,,0.0,21.6,2.9,7.6,2376,2520.0,1.6,1.7,1947,MA上昇配列
3003,ヒューリック,不動産業,12.0,★☆☆☆☆,0.0,0.0,1.0,0.0,11.0,0.0,0.0,0.0,,,0.0,10.1,1.7,1.8,1710,1769.5,-1.1,0.6,4601,MA上昇配列 / パーフェクトオーダー
7616,コロワイド,小売業,12.0,★☆☆☆☆,0.0,0.0,2.0,0.0,10.0,0.0,0.0,0.0,,,0.0,13.0,2.1,4.0,1862,1943.0,-1.2,0.8,735,MA上昇配列 / パーフェクトオーダー
7716,ナカニシ,精密機器,12.0,★☆☆☆☆,0.0,0.0,1.0,0.0,11.0,0.0,0.0,0.0,,,0.0,7.4,2.0,2.1,2940,3060.0,0.3,0.9,570,MA上昇配列 / パーフェクトオーダー
2170,リンクアンドモチベーション,サービス業,12.0,★☆☆☆☆,0.0,0.0,2.0,0.0,10.0,0.0,0.0,0.0,,,0.0,19.2,2.6,4.8,566,597.0,-0.5,0.7,270,MA上昇配列 / パーフェクトオーダー
8410,セブン銀行,銀行業,12.0,★☆☆☆☆,0.0,0.0,3.3,0.0,8.7,0.0,0.0,0.0,,,0.0,15.7,1.7,6.4,300,310.6000061035156,2.4,1.0,1624,買い出来高優勢 / MA上昇配列
4373,シンプレクス・ホールディングス,情報・通信業,12.0,★☆☆☆☆,0.0,0.0,1.0,0.0,11.0,0.0,0.0,0.0,,,0.0,18.3,3.6,4.4,972,1047.0,-1.7,1.1,1020,MA上昇配列 / パーフェクトオーダー
2429,ワールドホールディングス,サービス業,12.0,★☆☆☆☆,0.0,0.0,2.0,0.0,10.0,0.0,0.0,0.0,,,0.0,14.8,1.8,6.3,2606,2706.0,3.1,1.0,165,MA上昇配列
8706,極東証券,証券、商品先物取引業,12.0,★☆☆☆☆,0.0,0.0,3.3,0.0,8.7,0.0,0.0,0.0,,,0.0,18.1,2.1,7.4,1684,1759.0,0.3,0.8,301,買い出来高優勢 / MA上昇配列
7936,アシックス,その他製品,12.0,★☆☆☆☆,0.0,0.0,0.0,0.0,12.0,0.0,0.0,0.0,,,0.0,10.4,3.2,3.9,4489,4793.0,-3.7,0.7,15604,MA上昇配列 / パーフェクトオーダー
7846,パイロットコーポレーション,その他製品,12.0,★☆☆☆☆,0.0,0.0,1.0,0.0,11.0,0.0,0.0,0.0,,,0.0,9.6,1.7,2.8,1716,1778.0,-1.6,0.7,372,MA上昇配列 / パーフェクトオーダー / 52週高値目前
7839,ＳＨＯＥＩ,その他製品,12.0,★☆☆☆☆,0.0,0.0,2.0,0.0,10.0,0.0,0.0,0.0,,,0.0,9.3,1.5,3.8,1840,1897.0,1.4,1.4,322,MA上昇配列 / パーフェクトオーダー
7990,グローブライド,その他製品,12.0,★☆☆☆☆,0.0,0.0,2.0,0.0,10.0,0.0,0.0,0.0,,,0.0,10.3,1.4,3.0,2386,2455.0,0.5,0.6,125,MA上昇配列 / パーフェクトオーダー
5834,ＳＢＩリーシングサービス,証券、商品先物取引業,12.0,★☆☆☆☆,0.0,0.0,3.0,0.0,9.0,0.0,0.0,0.0,,,0.0,9.2,2.3,3.6,2642,2767.0,1.4,1.8,161,MA上昇配列
1379,ホクト,水産・農林業,12.0,★☆☆☆☆,0.0,0.0,3.3,0.0,8.7,0.0,0.0,0.0,,,0.0,8.5,1.2,2.2,1891,1936.0,0.7,0.6,145,買い出来高優勢 / MA上昇配列
2681,ゲオホールディングス,小売業,12.0,★☆☆☆☆,0.0,0.0,1.0,0.0,11.0,0.0,0.0,0.0,,,0.0,4.9,2.8,2.6,1973,2089.0,6.0,0.9,319,MA上昇配列 / パーフェクトオーダー
9007,小田急電鉄,陸運業,12.0,★☆☆☆☆,0.0,0.0,2.0,0.0,10.0,0.0,0.0,0.0,,,0.0,8.6,1.8,2.5,1672,1733.5,0.3,0.8,2320,MA上昇配列 / パーフェクトオーダー
9699,ニシオホールディングス,サービス業,11.9,★☆☆☆☆,3.9,0.0,1.0,0.0,7.0,0.0,0.0,0.0,,Emerson,-1.4,11.2,1.6,3.7,4024,4160.0,2.2,0.5,195,Emerson+6.1%連動(β0.26)
4992,北興化学工業,化学,11.9,★☆☆☆☆,9.9,0.0,1.0,0.0,1.0,0.0,0.0,0.0,,Emerson,1.5,-9.7,4.0,-6.1,1785,1939.0,-1.3,0.7,235,Emerson+6.1%連動(β0.35) 未反応+1.5%
7226,極東開発工業,輸送用機器,11.899999999999999,★☆☆☆☆,3.9,0.0,3.3,0.0,4.7,0.0,0.0,0.0,,Emerson,-0.1,15.6,1.7,5.7,2274,2356.0,0.7,0.8,458,Emerson+6.1%連動(β0.25) / 買い出来高優勢
9308,乾汽船,海運業,11.8,★☆☆☆☆,0.0,0.0,4.3,0.0,7.5,0.0,0.0,0.0,,,0.0,24.9,3.0,11.9,1633,1736.0,4.6,1.5,149,買い出来高優勢 / MA上昇配列 / パーフェクトオーダー / RSI過熱(89)⚠
2760,東京エレクトロン　デバイス,卸売業,11.8,★☆☆☆☆,8.1,0.0,1.0,0.0,2.7,0.0,0.0,0.0,,Micron,-1.5,1.3,4.2,-1.7,3509,3835.0,-0.4,0.7,497,Micron+14.4%連動(β0.23)
7276,小糸製作所,電気機器,11.8,★☆☆☆☆,11.8,0.0,0.0,0.0,0.0,0.0,0.0,0.0,,Emerson,2.4,-2.5,2.0,-4.7,2362,2460.5,-2.1,0.9,1881,Emerson+6.1%連動(β0.31) 未反応+2.4%
7731,ニコン,精密機器,11.799999999999999,★☆☆☆☆,3.6,0.0,0.0,0.0,8.2,0.0,0.0,0.0,,Applied Materials,-0.7,3.0,3.9,1.5,2072,2247.0,-2.2,0.9,3924,Applied Materials+7.1%連動(β0.21) / MA上昇配列 / パーフェクトオーダー
7459,メディパルホールディングス,卸売業,11.700000000000001,★☆☆☆☆,0.0,0.0,3.3,0.0,8.0,0.0,0.4,0.0,,,0.0,14.1,2.5,6.3,2733,2876.5,2.6,1.0,1114,買い出来高優勢 / 開示[業績予想の修正](12日前)
4424,Ａｍａｚｉａ,情報・通信業,11.7,★☆☆☆☆,0.0,0.0,8.7,0.0,8.0,0.0,0.0,-5.0,,,0.0,93.5,20.5,34.1,223,379.0,21.9,2.0,672,出来高増2.0倍 / 買い出来高優勢 / 資金流入増 / MA上昇配列 / 過熱⚠25MA+34%
8704,トレイダーズホールディングス,証券、商品先物取引業,11.7,★☆☆☆☆,0.0,0.0,1.0,0.0,10.7,0.0,0.0,0.0,,,0.0,11.0,3.4,3.4,1184,1272.0,-1.7,0.7,107,MA上昇配列 / パーフェクトオーダー
2108,日本甜菜製糖,食料品,11.7,★☆☆☆☆,0.0,0.0,2.0,0.0,9.7,0.0,0.0,0.0,,,0.0,10.0,2.4,4.4,4725,4960.0,5.6,1.4,141,MA上昇配列 / パーフェクトオーダー / 52週高値目前
9147,ＮＩＰＰＯＮ　ＥＸＰＲＥＳＳホールディングス,陸運業,11.7,★☆☆☆☆,0.0,0.0,2.0,0.0,9.7,0.0,0.0,0.0,,,0.0,15.7,2.5,3.7,5218,5493.0,1.2,0.8,6230,MA上昇配列 / パーフェクトオーダー / 52週高値目前
5411,ＪＦＥホールディングス,鉄鋼,11.7,★☆☆☆☆,5.0,0.0,2.0,0.0,4.7,0.0,0.0,0.0,,Emerson,0.1,15.6,1.9,5.9,1661,1726.0,1.7,0.9,8405,Emerson+6.1%連動(β0.30)
150A,ＪＳＨ,サービス業,11.7,★☆☆☆☆,0.0,0.0,8.7,0.0,8.0,0.0,0.0,-5.0,,,0.0,67.5,9.2,34.5,453,556.0,20.3,2.4,279,出来高増2.4倍 / 買い出来高優勢 / 資金流入増 / MA上昇配列 / 過熱⚠25MA+34%
8074,ＹＵＡＳＡ,卸売業,11.600000000000001,★☆☆☆☆,3.9,0.0,2.0,0.0,5.7,0.0,0.0,0.0,,Emerson,-1.0,14.1,1.9,4.8,5437,5650.0,2.4,0.7,173,Emerson+6.1%連動(β0.25)
4403,日油,化学,11.6,★☆☆☆☆,5.1,0.0,2.0,0.0,4.5,0.0,0.0,0.0,,Emerson,0.4,10.4,2.0,1.2,2641,2749.0,0.3,0.6,1782,Emerson+6.1%連動(β0.27)
8060,キヤノンマーケティングジャパン,卸売業,11.6,★☆☆☆☆,0.0,0.0,1.0,0.0,8.0,0.0,2.6,0.0,,,0.0,12.7,2.1,3.2,3424,3574.0,1.6,1.3,1061,開示[自己株式の取得](2日前)
9065,山九,陸運業,11.6,★☆☆☆☆,3.6,0.0,0.0,0.0,8.0,0.0,0.0,0.0,,Emerson,-5.0,11.3,1.9,5.3,8881,9230.0,6.7,1.1,1391,Emerson+6.1%連動(β0.24)
5332,ＴＯＴＯ,ガラス・土石製品,11.5,★☆☆☆☆,11.5,0.0,0.0,0.0,0.0,0.0,0.0,0.0,,Emerson,2.3,-12.3,4.0,-9.7,6831,7422.0,-5.0,0.5,9415,Emerson+6.1%連動(β0.31) 未反応+2.3%
4258,網屋,情報・通信業,11.5,★☆☆☆☆,0.0,0.0,4.3,0.0,7.2,0.0,0.0,0.0,,,0.0,36.4,7.1,5.4,3646,4250.0,-10.1,0.5,294,買い出来高優勢 / MA上昇配列 / パーフェクトオーダー
6855,日本電子材料,電気機器,11.5,★☆☆☆☆,11.5,0.0,0.0,0.0,0.0,0.0,0.0,0.0,,Micron,-0.8,-24.7,8.2,-14.8,5247,6280.0,-5.1,0.9,5550,Micron+14.4%連動(β0.32)
4028,石原産業,化学,11.5,★☆☆☆☆,5.5,0.0,0.0,0.0,6.0,0.0,0.0,0.0,,Emerson,-5.6,5.1,3.0,3.6,2815,2997.0,4.7,1.0,749,Emerson+6.1%連動(β0.36)
4676,フジ・メディア・ホールディングス,情報・通信業,11.5,★☆☆☆☆,0.0,0.0,2.0,0.0,9.5,0.0,0.0,0.0,,,0.0,5.6,2.5,0.7,3853,4055.0,-1.4,0.6,2221,MA上昇配列 / パーフェクトオーダー
4228,積水化成品工業,化学,11.5,★☆☆☆☆,10.5,0.0,0.0,0.0,1.0,0.0,0.0,0.0,,Emerson,2.0,-5.3,3.2,-4.3,475,508.0,-0.6,0.8,113,Emerson+6.1%連動(β0.29) 未反応+2.0%
4220,リケンテクノス,化学,11.5,★☆☆☆☆,0.0,0.0,2.0,0.0,9.5,0.0,0.0,0.0,,,0.0,11.5,2.8,3.1,1721,1823.0,-0.8,1.0,187,MA上昇配列 / パーフェクトオーダー
3544,サツドラホールディングス,小売業,11.5,★☆☆☆☆,0.0,0.0,2.0,0.0,9.5,0.0,0.0,0.0,,,0.0,6.1,0.8,3.7,1239,1258.0,2.8,0.2,314,資金流入増 / MA上昇配列 / パーフェクトオーダー
7912,大日本印刷,その他製品,11.5,★☆☆☆☆,0.0,0.0,2.0,0.0,9.5,0.0,0.0,0.0,,,0.0,15.3,2.4,3.3,2986,3139.0,-1.8,0.6,5362,MA上昇配列 / パーフェクトオーダー
1964,中外炉工業,建設業,11.4,★☆☆☆☆,0.0,0.0,6.7,0.0,4.7,0.0,0.0,0.0,,,0.0,6.3,2.9,2.3,3890,4130.0,2.7,5.1,163,出来高急増5.1倍
9090,ＡＺ－ＣＯＭ丸和ホールディングス,陸運業,11.4,★☆☆☆☆,0.0,0.0,6.7,0.0,4.7,0.0,0.0,0.0,,,0.0,24.3,2.6,12.1,873,922.0,7.8,2.3,309,出来高増2.3倍 / 買い出来高優勢
4368,扶桑化学工業,化学,11.4,★☆☆☆☆,11.4,0.0,0.0,0.0,0.0,0.0,0.0,0.0,,Dell,1.5,-14.3,6.2,-8.0,3445,3935.0,-3.6,1.1,2465,Dell+15.2%連動(β0.18) 未反応+1.5%
1723,日本電技,建設業,11.4,★☆☆☆☆,0.0,0.0,6.7,0.0,4.7,0.0,0.0,0.0,,,0.0,13.3,5.2,9.9,2248,2510.0,16.5,6.8,448,出来高急増6.8倍
5988,パイオラックス,金属製品,11.3,★☆☆☆☆,0.0,0.0,3.3,0.0,8.0,0.0,0.0,0.0,,,0.0,11.6,1.4,2.7,1618,1663.0,-0.1,0.4,130,買い出来高優勢 / MA上昇配列
3479,ＴＫＰ,不動産業,11.3,★☆☆☆☆,0.0,0.0,3.3,0.0,8.0,0.0,0.0,0.0,,,0.0,10.4,3.1,3.7,1700,1812.0,-0.8,1.0,289,買い出来高優勢 / MA上昇配列
2216,カンロ,食料品,11.3,★☆☆☆☆,0.0,0.0,3.3,0.0,8.0,0.0,0.0,0.0,,,0.0,19.2,3.1,7.8,1155,1232.0,1.3,0.6,109,買い出来高優勢 / MA上昇配列
8614,東洋証券,証券、商品先物取引業,11.3,★☆☆☆☆,0.0,0.0,4.3,0.0,7.0,0.0,0.0,0.0,,,0.0,14.1,2.5,5.5,639,673.0,0.3,0.9,422,買い出来高優勢
3076,あい　ホールディングス,卸売業,11.3,★☆☆☆☆,0.0,0.0,3.3,0.0,8.0,0.0,0.0,0.0,,,0.0,6.0,1.5,2.1,2651,2732.0,1.0,2.5,405,出来高増2.5倍
7480,スズデン,卸売業,11.3,★☆☆☆☆,0.0,0.0,4.3,0.0,7.0,0.0,0.0,0.0,,,0.0,11.7,3.4,1.6,2269,2434.0,0.7,0.3,145,買い出来高優勢 / MA上昇配列 / パーフェクトオーダー
4114,日本触媒,化学,11.3,★☆☆☆☆,3.3,0.0,1.0,0.0,7.0,0.0,0.0,0.0,,Emerson,-1.8,6.9,1.3,2.6,2090,2146.5,2.2,1.5,1084,Emerson+6.1%連動(β0.22)
7259,アイシン,輸送用機器,11.2,★☆☆☆☆,4.5,0.0,2.0,0.0,4.7,0.0,0.0,0.0,,Emerson,-0.4,10.6,2.4,1.8,2196,2305.5,0.9,0.9,4592,Emerson+6.1%連動(β0.29)
8344,山形銀行,銀行業,11.2,★☆☆☆☆,0.0,0.0,3.0,0.0,8.2,0.0,0.0,0.0,,,0.0,25.7,4.7,8.6,3621,4000.0,2.3,0.8,509,MA上昇配列 / パーフェクトオーダー
4970,東洋合成工業,化学,11.2,★☆☆☆☆,11.2,0.0,0.0,0.0,0.0,0.0,0.0,0.0,,Micron,-0.7,-5.4,6.6,-3.4,13313,15320.0,1.6,0.9,824,Micron+14.4%連動(β0.31)
6143,ソディック,機械,11.2,★☆☆☆☆,10.2,0.0,0.0,0.0,1.0,0.0,0.0,0.0,,Emerson,1.5,-12.0,6.2,-8.7,1504,1716.0,-8.8,0.8,758,Emerson+6.1%連動(β0.37) 未反応+1.5%
9304,澁澤倉庫,倉庫・運輸関連業,11.2,★☆☆☆☆,0.0,0.0,4.0,0.0,7.2,0.0,0.0,0.0,,,0.0,18.1,6.0,0.7,1583,1800.0,-11.8,0.6,705,資金流入増 / MA上昇配列 / パーフェクトオーダー
6960,フクダ電子,電気機器,11.2,★☆☆☆☆,0.0,0.0,3.0,0.0,8.2,0.0,0.0,0.0,,,0.0,11.2,2.8,2.1,10791,11440.0,-1.0,1.5,387,MA上昇配列 / パーフェクトオーダー
9449,ＧＭＯインターネットグループ,情報・通信業,11.100000000000001,★☆☆☆☆,0.0,0.0,3.3,0.0,7.5,0.0,0.3,0.0,,,0.0,25.3,3.0,6.8,3680,3916.0,-3.9,0.4,1750,買い出来高優勢 / MA上昇配列 / 開示[AI](12日前) / 開示[AI](13日前)
3391,ツルハホールディングス,小売業,11.0,★☆☆☆☆,0.0,0.0,2.0,0.0,9.0,0.0,0.0,0.0,,,0.0,24.3,3.2,9.0,2245,2401.0,2.0,0.6,4808,MA上昇配列
3861,王子ホールディングス,パルプ・紙,11.0,★☆☆☆☆,0.0,0.0,2.0,0.0,9.0,0.0,0.0,0.0,,,0.0,14.1,1.6,5.1,834,860.9000244140625,2.6,0.8,3132,MA上昇配列
8130,サンゲツ,卸売業,11.0,★☆☆☆☆,0.0,0.0,1.0,0.0,10.0,0.0,0.0,0.0,,,0.0,7.4,1.2,1.7,2950,3020.0,0.8,0.9,569,MA上昇配列
7984,コクヨ,その他製品,11.0,★☆☆☆☆,0.0,0.0,2.0,0.0,9.0,0.0,0.0,0.0,,,0.0,10.1,1.5,3.0,832,857.2999877929688,0.2,1.0,771,MA上昇配列
6226,守谷輸送機工業,機械,11.0,★☆☆☆☆,0.0,0.0,2.0,0.0,9.0,0.0,0.0,0.0,,,0.0,18.4,5.3,9.5,2334,2611.0,-0.6,0.8,450,MA上昇配列
8291,日産東京販売ホールディングス,小売業,11.0,★☆☆☆☆,0.0,0.0,0.0,0.0,11.0,0.0,0.0,0.0,,,0.0,6.0,1.6,1.1,544,562.0,1.8,0.4,114,MA上昇配列 / パーフェクトオーダー
6523,ＰＨＣホールディングス,電気機器,11.0,★☆☆☆☆,0.0,0.0,1.0,0.0,10.0,0.0,0.0,0.0,,,0.0,9.9,2.3,2.7,1030,1079.0,-2.1,0.6,280,MA上昇配列 / パーフェクトオーダー
1814,大末建設,建設業,11.0,★☆☆☆☆,0.0,0.0,2.0,0.0,9.0,0.0,0.0,0.0,,,0.0,17.5,2.5,6.0,3430,3610.0,1.3,0.8,243,MA上昇配列
9101,日本郵船,海運業,11.0,★☆☆☆☆,0.0,0.0,4.3,0.0,6.7,0.0,0.0,0.0,,,0.0,16.8,2.6,10.0,5641,5946.0,7.3,1.2,14709,買い出来高優勢
8473,ＳＢＩホールディングス,証券、商品先物取引業,11.0,★☆☆☆☆,5.0,0.0,0.0,0.0,6.0,0.0,0.0,0.0,,Emerson,-1.7,7.1,3.0,2.3,2656,2823.5,-0.6,0.7,12770,Emerson+6.1%連動(β0.33)
5644,メタルアート,鉄鋼,11.0,★☆☆☆☆,0.0,0.0,0.0,0.0,11.0,0.0,0.0,0.0,,,0.0,5.2,0.5,0.6,7624,7700.0,-0.4,0.6,203,MA上昇配列 / パーフェクトオーダー / 52週高値目前
256A,飛島ホールディングス,建設業,11.0,★☆☆☆☆,0.0,0.0,2.0,0.0,9.0,0.0,0.0,0.0,,,0.0,9.1,2.0,2.3,1984,2066.0,2.6,1.6,330,MA上昇配列
9601,松竹,情報・通信業,11.0,★☆☆☆☆,0.0,0.0,3.0,0.0,8.0,0.0,0.0,0.0,,,0.0,12.7,3.0,4.0,10440,11110.0,-1.8,0.8,574,MA上昇配列
3034,クオールホールディングス,小売業,11.0,★☆☆☆☆,0.0,0.0,3.3,0.0,7.7,0.0,0.0,0.0,,,0.0,18.7,2.1,6.0,2001,2088.0,0.4,0.8,293,買い出来高優勢 / MA上昇配列
2502,アサヒグループホールディングス,食料品,11.0,★☆☆☆☆,0.0,0.0,2.0,0.0,9.0,0.0,0.0,0.0,,,0.0,12.8,2.6,4.7,1563,1648.0,4.1,0.8,11540,MA上昇配列
3817,ＳＲＡホールディングス,情報・通信業,11.0,★☆☆☆☆,0.0,0.0,3.3,0.0,4.7,0.0,3.0,0.0,,,0.0,9.7,2.1,0.4,4339,4525.0,-1.1,2.3,191,出来高増2.3倍 / 開示[自己株式の取得](5日前) / 開示[自己株式の取得](9日前)
9692,シーイーシー,情報・通信業,11.0,★☆☆☆☆,0.0,0.0,1.0,0.0,10.0,0.0,0.0,0.0,,,0.0,12.0,1.7,3.7,2151,2229.0,2.1,0.6,219,MA上昇配列
5445,東京鐵鋼,鉄鋼,11.0,★☆☆☆☆,0.0,0.0,2.0,0.0,9.0,0.0,0.0,0.0,,,0.0,11.5,1.5,3.6,1888,1945.0,0.9,0.7,217,MA上昇配列
7516,コーナン商事,小売業,11.0,★☆☆☆☆,0.0,0.0,3.0,0.0,8.0,0.0,0.0,0.0,,,0.0,7.7,2.2,1.6,3973,4155.0,1.1,0.8,430,-
6436,アマノ,機械,11.0,★☆☆☆☆,0.0,0.0,3.3,0.0,7.7,0.0,0.0,0.0,,,0.0,11.5,1.4,4.4,3767,3879.0,2.5,0.9,853,買い出来高優勢 / MA上昇配列
7419,ノジマ,小売業,11.0,★☆☆☆☆,0.0,0.0,0.0,0.0,11.0,0.0,0.0,0.0,,,0.0,11.2,2.9,6.4,1355,1439.0,7.5,1.1,1077,MA上昇配列 / パーフェクトオーダー
2001,ニップン,食料品,11.0,★☆☆☆☆,0.0,0.0,0.0,0.0,11.0,0.0,0.0,0.0,,,0.0,4.9,1.8,1.3,2729,2832.0,1.6,0.8,776,MA上昇配列 / パーフェクトオーダー / 52週高値目前
7951,ヤマハ,その他製品,11.0,★☆☆☆☆,0.0,0.0,1.0,0.0,10.0,0.0,0.0,0.0,,,0.0,8.9,2.0,2.6,1156,1203.5,-1.5,0.8,2184,MA上昇配列 / パーフェクトオーダー
8876,リログループ,サービス業,11.0,★☆☆☆☆,0.0,0.0,5.0,0.0,6.0,0.0,0.0,0.0,,,0.0,13.0,2.4,0.4,1906,2000.5,-0.3,1.5,1453,MA上昇配列 / パーフェクトオーダー
2004,昭和産業,食料品,11.0,★☆☆☆☆,0.0,0.0,0.0,0.0,11.0,0.0,0.0,0.0,,,0.0,7.4,2.1,1.4,3331,3475.0,0.3,1.1,207,MA上昇配列 / パーフェクトオーダー / 52週高値目前
2153,Ｅ・Ｊホールディングス,サービス業,11.0,★☆☆☆☆,0.0,0.0,1.0,0.0,10.0,0.0,0.0,0.0,,,0.0,14.1,2.0,4.2,1669,1740.0,-3.0,0.6,119,MA上昇配列
8111,ゴールドウイン,繊維製品,11.0,★☆☆☆☆,0.0,0.0,3.0,0.0,8.0,0.0,0.0,0.0,,,0.0,10.1,1.9,2.9,2213,2301.0,1.1,1.3,894,MA上昇配列
1928,積水ハウス,建設業,11.0,★☆☆☆☆,0.0,0.0,1.0,0.0,10.0,0.0,0.0,0.0,,,0.0,11.8,1.4,3.1,3438,3536.0,-0.5,0.8,9455,MA上昇配列
4443,Ｓａｎｓａｎ,情報・通信業,11.0,★☆☆☆☆,0.0,0.0,3.0,0.0,8.0,0.0,0.0,0.0,,,0.0,29.1,5.2,8.1,1602,1787.0,-2.7,0.8,3266,MA上昇配列
4928,ノエビアホールディングス,化学,11.0,★☆☆☆☆,0.0,0.0,2.0,0.0,9.0,0.0,0.0,0.0,,,0.0,11.3,1.4,3.5,4503,4635.0,1.4,1.5,330,MA上昇配列
7949,小松ウオール工業,その他製品,11.0,★☆☆☆☆,0.0,0.0,2.0,0.0,9.0,0.0,0.0,0.0,,,0.0,8.3,1.4,2.0,2555,2628.0,0.4,0.8,114,MA上昇配列
3179,シュッピン,小売業,11.0,★☆☆☆☆,0.0,0.0,3.3,0.0,7.7,0.0,0.0,0.0,,,0.0,20.6,3.0,11.9,1165,1240.0,14.2,0.5,169,買い出来高優勢 / MA上昇配列
8173,Ｊｏｓｈｉｎ,小売業,11.0,★☆☆☆☆,0.0,0.0,0.0,0.0,11.0,0.0,0.0,0.0,,,0.0,0.2,3.6,1.9,3501,3770.0,6.5,0.9,534,MA上昇配列 / パーフェクトオーダー
4665,ダスキン,サービス業,11.0,★☆☆☆☆,0.0,0.0,0.0,0.0,11.0,0.0,0.0,0.0,,,0.0,8.4,1.7,1.6,4314,4466.0,-0.6,0.8,397,MA上昇配列 / パーフェクトオーダー / 52週高値目前
2270,雪印メグミルク,食料品,11.0,★☆☆☆☆,0.0,0.0,0.0,0.0,11.0,0.0,0.0,0.0,,,0.0,8.4,1.9,3.0,3651,3795.0,3.5,0.8,723,MA上昇配列 / パーフェクトオーダー / 52週高値目前
6101,ツガミ,機械,10.9,★☆☆☆☆,10.9,0.0,0.0,0.0,0.0,0.0,0.0,0.0,,Emerson,1.6,-8.9,7.7,-9.0,5739,6780.0,-5.8,0.6,3551,Emerson+6.1%連動(β0.39) 未反応+1.6%
6762,ＴＤＫ,電気機器,10.9,★☆☆☆☆,10.9,0.0,0.0,0.0,0.0,0.0,0.0,0.0,,Micron,1.2,-18.7,5.3,-12.6,2702,3021.0,-2.1,0.6,43505,Micron+14.4%連動(β0.20) 未反応+1.2%
5218,オハラ,ガラス・土石製品,10.9,★☆☆☆☆,9.9,0.0,0.0,0.0,1.0,0.0,0.0,0.0,,SOX指数,2.2,-8.3,4.0,-6.6,1292,1405.0,-1.7,0.5,119,SOX指数+5.1%連動(β0.26) 未反応+2.2%
9900,サガミホールディングス,小売業,10.8,★☆☆☆☆,0.0,0.0,3.3,0.0,7.5,0.0,0.0,0.0,,,0.0,23.4,2.5,11.6,1823,1921.0,8.3,1.1,180,買い出来高優勢 / MA上昇配列 / RSI過熱(85)⚠
3539,ＪＭホールディングス,小売業,10.8,★☆☆☆☆,0.0,0.0,7.3,0.0,3.5,0.0,0.0,0.0,,,0.0,15.4,1.8,7.2,1302,1350.0,4.6,1.5,354,買い出来高優勢 / 資金流入増 / RSI過熱(89)⚠
8771,イー・ギャランティ,その他金融業,10.8,★☆☆☆☆,0.0,0.0,3.3,0.0,7.5,0.0,0.0,0.0,,,0.0,12.3,1.9,2.6,1759,1830.0,-1.9,0.7,166,買い出来高優勢 / MA上昇配列 / パーフェクトオーダー
8154,加賀電子,卸売業,10.8,★☆☆☆☆,2.8,0.0,2.0,0.0,6.0,0.0,0.0,0.0,,SOX指数,-5.0,4.7,2.7,2.6,4123,4355.0,3.9,0.9,648,SOX指数+5.1%連動(β0.22)
8053,住友商事,卸売業,10.8,★☆☆☆☆,5.1,0.0,1.0,0.0,4.7,0.0,0.0,0.0,,Emerson,-3.9,8.6,2.6,1.8,1520,1604.0,1.3,0.8,17728,Emerson+6.1%連動(β0.33)
7867,タカラトミー,その他製品,10.8,★☆☆☆☆,0.0,0.0,3.3,0.0,7.5,0.0,0.0,0.0,,,0.0,12.4,3.0,4.2,3214,3417.0,-1.4,0.7,2118,買い出来高優勢 / MA上昇配列 / パーフェクトオーダー
6339,新東工業,機械,10.8,★☆☆☆☆,9.8,0.0,0.0,0.0,1.0,0.0,0.0,0.0,,Emerson,1.6,-0.7,2.5,-3.3,1095,1153.0,-3.0,0.6,118,Emerson+6.1%連動(β0.33) 未反応+1.6%
8255,アクシアル　リテイリング,小売業,10.8,★☆☆☆☆,0.0,0.0,3.3,0.0,7.5,0.0,0.0,0.0,,,0.0,13.5,2.1,3.7,1141,1192.0,-0.7,0.6,214,買い出来高優勢 / MA上昇配列
6961,エンプラス,電気機器,10.7,★☆☆☆☆,6.0,0.0,1.0,0.0,3.7,0.0,0.0,0.0,,SOX指数,-13.0,2.3,6.6,2.9,11426,13150.0,4.1,1.3,1584,SOX指数+5.1%連動(β0.47)
3993,ＰＫＳＨＡ　Ｔｅｃｈｎｏｌｏｇｙ,情報・通信業,10.7,★☆☆☆☆,0.0,6.0,1.0,0.0,3.7,0.0,0.0,0.0,,,0.0,7.9,3.5,-1.6,2535,2725.0,-8.2,0.5,765,生成AI・ソフト(-4.5%)
5482,愛知製鋼,鉄鋼,10.7,★☆☆☆☆,0.0,0.0,1.0,0.0,9.7,0.0,0.0,0.0,,,0.0,4.8,2.3,0.7,2931,3070.0,0.7,0.5,479,MA上昇配列 / パーフェクトオーダー
6617,東光高岳,電気機器,10.7,★☆☆☆☆,0.0,0.0,1.0,0.0,9.7,0.0,0.0,0.0,,,0.0,4.0,5.4,2.7,7089,7950.0,-1.2,0.6,1006,MA上昇配列 / パーフェクトオーダー
4045,東亞合成,化学,10.7,★☆☆☆☆,0.0,0.0,0.0,0.0,10.7,0.0,0.0,0.0,,,0.0,5.2,1.6,1.5,1710,1768.5,2.0,1.0,462,MA上昇配列 / パーフェクトオーダー
6629,テクノホライゾン,電気機器,10.7,★☆☆☆☆,0.0,0.0,5.3,0.0,3.7,0.0,1.7,0.0,,,0.0,0.1,4.6,1.3,937,1031.0,0.2,2.5,220,出来高増2.5倍 / 開示[子会社化](2日前)
7211,三菱自動車工業,輸送用機器,10.7,★☆☆☆☆,0.0,0.0,4.0,0.0,6.7,0.0,0.0,0.0,,,0.0,16.1,5.7,1.5,307,347.0,-10.8,1.7,5682,MA上昇配列
7278,エクセディ,輸送用機器,10.7,★☆☆☆☆,0.0,0.0,0.0,0.0,10.7,0.0,0.0,0.0,,,0.0,6.9,1.6,0.7,5769,5960.0,0.5,1.0,936,MA上昇配列 / パーフェクトオーダー
5344,ＭＡＲＵＷＡ,ガラス・土石製品,10.7,★☆☆☆☆,10.7,0.0,0.0,0.0,0.0,0.0,0.0,0.0,,Micron,-1.1,-12.7,7.9,-10.6,48476,57560.0,-1.4,0.6,8734,Micron+14.4%連動(β0.30)
4475,ＨＥＮＮＧＥ,情報・通信業,10.7,★☆☆☆☆,0.0,0.0,4.0,0.0,6.7,0.0,0.0,0.0,,,0.0,23.1,4.0,4.8,1151,1251.0,-5.3,1.6,472,MA上昇配列
3107,ダイワボウホールディングス,卸売業,10.7,★☆☆☆☆,0.0,0.0,0.0,0.0,10.7,0.0,0.0,0.0,,,0.0,7.7,2.3,2.6,3349,3512.0,2.1,0.7,1021,MA上昇配列 / パーフェクトオーダー
2124,ジェイエイシーリクルートメント,サービス業,10.7,★☆☆☆☆,0.0,0.0,3.0,0.0,7.7,0.0,0.0,0.0,,,0.0,16.2,1.9,5.9,887,922.0,-0.1,1.3,446,MA上昇配列
7433,伯東,卸売業,10.7,★☆☆☆☆,2.5,0.0,1.0,0.0,7.2,0.0,0.0,0.0,,KLA,-3.3,5.1,1.9,0.7,4413,4590.0,1.7,1.5,292,KLA+5.4%連動(β0.19) / MA上昇配列 / パーフェクトオーダー
3148,クリエイトＳＤホールディングス,小売業,10.7,★☆☆☆☆,0.0,0.0,1.0,0.0,9.5,0.0,0.2,0.0,,,0.0,7.6,2.1,1.2,3195,3335.0,-0.6,0.8,430,MA上昇配列 / パーフェクトオーダー / 開示[増配](13日前)
7751,キヤノン,電気機器,10.7,★☆☆☆☆,0.0,0.0,2.0,0.0,8.7,0.0,0.0,0.0,,,0.0,12.3,1.5,5.2,4389,4526.0,2.9,0.7,16150,MA上昇配列
4208,ＵＢＥ,化学,10.7,★☆☆☆☆,0.0,0.0,1.0,0.0,9.7,0.0,0.0,0.0,,,0.0,6.9,2.1,2.3,3139,3274.0,-0.4,1.0,2566,MA上昇配列 / パーフェクトオーダー / 52週高値目前
6861,キーエンス,電気機器,10.7,★☆☆☆☆,8.7,0.0,1.0,0.0,1.0,0.0,0.0,0.0,,Micron,1.0,-3.2,3.3,-6.1,67120,71820.0,-3.0,1.1,44323,Micron+14.4%連動(β0.16) 未反応+1.0%
6471,日本精工,機械,10.6,★☆☆☆☆,8.6,0.0,2.0,0.0,0.0,0.0,0.0,0.0,,Emerson,1.1,-3.4,3.4,-4.2,1033,1107.5,-3.2,1.6,2640,Emerson+6.1%連動(β0.34) 未反応+1.1%
6592,マブチモーター,電気機器,10.6,★☆☆☆☆,3.4,0.0,0.0,0.0,7.2,0.0,0.0,0.0,,Emerson,-0.0,6.4,2.2,0.8,1544,1613.5,-0.2,1.0,1406,Emerson+6.1%連動(β0.22) / MA上昇配列 / パーフェクトオーダー
296A,令和アカウンティング・ホールディングス,サービス業,10.6,★☆☆☆☆,0.0,0.0,5.3,0.0,6.7,0.0,1.6,-3.0,,,0.0,26.3,3.5,18.1,854,919.0,22.5,0.8,152,買い出来高優勢 / 資金流入増 / 伸びすぎ注意(25MA+18%) / 開示[業務提携](5日前)
6586,マキタ,機械,10.6,★☆☆☆☆,9.6,0.0,0.0,0.0,1.0,0.0,0.0,0.0,,Emerson,1.3,-0.0,2.3,-2.0,5360,5623.0,-1.0,0.9,4190,Emerson+6.1%連動(β0.37) 未反応+1.3%
4975,ＪＣＵ,化学,10.6,★☆☆☆☆,10.6,0.0,0.0,0.0,0.0,0.0,0.0,0.0,,Micron,1.3,-18.5,5.5,-12.6,5516,6200.0,-5.6,0.6,638,Micron+14.4%連動(β0.18) 未反応+1.3%
7593,ＶＴホールディングス,小売業,10.5,★☆☆☆☆,2.8,0.0,2.0,0.0,5.7,0.0,0.0,0.0,,Emerson,-0.8,11.6,1.4,4.0,467,481.0,1.9,0.9,173,Emerson+6.1%連動(β0.19)
2175,エス・エム・エス,サービス業,10.5,★☆☆☆☆,0.0,0.0,3.0,0.0,7.5,0.0,0.0,0.0,,,0.0,19.3,3.5,4.1,2218,2384.0,-5.2,1.2,1179,MA上昇配列 / パーフェクトオーダー
9757,船井総研ホールディングス,サービス業,10.5,★☆☆☆☆,0.0,0.0,4.0,0.0,6.5,0.0,0.0,0.0,,,0.0,10.2,1.5,2.7,1084,1117.0,0.0,1.6,532,MA上昇配列
4174,アピリッツ,情報・通信業,10.5,★☆☆☆☆,0.0,0.0,3.0,0.0,7.5,0.0,0.0,0.0,,,0.0,10.7,7.8,4.7,638,757.0,-7.7,0.2,118,資金流入増 / MA上昇配列 / パーフェクトオーダー
5440,共英製鋼,鉄鋼,10.5,★☆☆☆☆,4.8,0.0,1.0,0.0,4.7,0.0,0.0,0.0,,Emerson,-1.1,14.9,1.5,5.6,1837,1894.0,2.8,0.7,211,Emerson+6.1%連動(β0.31)
2734,サーラコーポレーション,小売業,10.5,★☆☆☆☆,0.0,0.0,3.0,0.0,7.5,0.0,0.0,0.0,,,0.0,12.2,2.5,2.6,1076,1134.0,-1.2,0.6,258,MA上昇配列
3994,マネーフォワード,情報・通信業,10.5,★☆☆☆☆,0.0,0.0,3.3,0.0,10.0,0.0,0.2,-3.0,,,0.0,41.2,6.3,15.4,4721,5407.0,3.0,1.0,2678,買い出来高優勢 / MA上昇配列 / パーフェクトオーダー / 伸びすぎ注意(25MA+15%) / 開示[業績予想の修正](13日前)
4401,ＡＤＥＫＡ,化学,10.5,★☆☆☆☆,9.5,0.0,0.0,0.0,1.0,0.0,0.0,0.0,,Emerson,1.5,-3.2,2.9,-3.5,3811,4042.0,-3.1,0.9,1417,Emerson+6.1%連動(β0.32) 未反応+1.5%
5703,日本軽金属ホールディングス,非鉄金属,10.5,★☆☆☆☆,9.0,0.0,0.0,0.0,1.5,0.0,0.0,0.0,,Emerson,1.5,-2.3,2.9,-4.1,2489,2644.0,-3.3,1.0,878,Emerson+6.1%連動(β0.29) 未反応+1.5%
4733,オービックビジネスコンサルタント,情報・通信業,10.5,★☆☆☆☆,0.0,0.0,9.0,0.0,6.5,0.0,0.0,-5.0,,,0.0,37.4,3.2,20.1,7142,7638.0,16.3,3.2,2179,出来高急増3.2倍 / 買い出来高優勢 / MA上昇配列 / RSI過熱(88)⚠ / 過熱⚠25MA+20%
7421,カッパ・クリエイト,小売業,10.5,★☆☆☆☆,0.0,0.0,4.0,0.0,6.5,0.0,0.0,0.0,,,0.0,12.5,1.8,2.7,1480,1534.0,-0.8,1.7,108,MA上昇配列
8079,正栄食品工業,卸売業,10.5,★☆☆☆☆,0.0,0.0,2.0,0.0,8.5,0.0,0.0,0.0,,,0.0,11.8,1.5,4.6,4269,4405.0,1.1,0.4,266,MA上昇配列 / パーフェクトオーダー / RSI過熱(85)⚠
3097,物語コーポレーション,小売業,10.5,★☆☆☆☆,0.0,0.0,1.0,0.0,9.5,0.0,0.0,0.0,,,0.0,10.9,2.7,2.1,4711,4975.0,-2.1,0.5,1133,MA上昇配列 / パーフェクトオーダー
8005,スクロール,小売業,10.5,★☆☆☆☆,0.0,0.0,1.0,0.0,9.5,0.0,0.0,0.0,,,0.0,7.2,1.5,0.7,1644,1695.0,-2.4,1.1,269,MA上昇配列 / パーフェクトオーダー
2768,双日,卸売業,10.4,★☆☆☆☆,4.4,0.0,0.0,0.0,6.0,0.0,0.0,0.0,,Emerson,-4.5,6.9,2.5,3.1,5117,5390.0,3.4,0.8,6017,Emerson+6.1%連動(β0.29)
6479,ミネベアミツミ,電気機器,10.4,★☆☆☆☆,10.4,0.0,0.0,0.0,0.0,0.0,0.0,0.0,,Dell,1.2,-22.1,4.9,-13.2,3499,3879.0,-4.9,0.6,14743,Dell+15.2%連動(β0.18) 未反応+1.2%
8919,カチタス,不動産業,10.4,★☆☆☆☆,0.0,0.0,6.7,0.0,3.7,0.0,0.0,0.0,,,0.0,3.4,3.1,0.7,3106,3310.0,-0.9,3.4,503,出来高急増3.4倍
6727,ワコム,電気機器,10.3,★☆☆☆☆,3.5,0.0,4.3,0.0,2.5,0.0,0.0,0.0,,SOX指数,-5.2,0.2,2.7,-0.1,729,770.0,4.9,2.1,487,SOX指数+5.1%連動(β0.27) / 出来高増2.1倍
3374,内外テック,卸売業,10.3,★☆☆☆☆,6.7,0.0,0.0,0.0,3.2,0.0,0.4,0.0,,Micron,-3.1,-0.7,4.7,-0.3,3046,3360.0,-0.3,0.5,120,Micron+14.4%連動(β0.19) / 開示[子会社化](11日前)
6932,遠藤照明,電気機器,10.3,★☆☆☆☆,0.0,0.0,3.3,0.0,7.0,0.0,0.0,0.0,,,0.0,12.1,2.4,6.4,2455,2576.0,3.9,1.1,102,買い出来高優勢
5715,古河機械金属,非鉄金属,10.3,★☆☆☆☆,5.6,0.0,2.0,0.0,2.7,0.0,0.0,0.0,,Emerson,-0.0,1.3,4.0,-2.6,3292,3580.0,-1.9,1.0,843,Emerson+6.1%連動(β0.37)
2327,日鉄ソリューションズ,情報・通信業,10.3,★☆☆☆☆,0.0,0.0,3.3,0.0,7.0,0.0,0.0,0.0,,,0.0,22.2,2.8,6.2,3586,3800.0,-0.4,0.8,997,買い出来高優勢
4413,ボードルア,情報・通信業,10.2,★☆☆☆☆,0.0,0.0,3.0,0.0,7.2,0.0,0.0,0.0,,,0.0,23.4,5.2,2.8,2628,2934.0,-5.7,1.1,960,MA上昇配列 / パーフェクトオーダー
4417,グローバルセキュリティエキスパート,情報・通信業,10.2,★☆☆☆☆,0.0,0.0,2.0,0.0,8.2,0.0,0.0,0.0,,,0.0,32.2,5.7,7.9,3748,4230.0,-4.4,0.4,352,MA上昇配列 / パーフェクトオーダー
2871,ニチレイ,食料品,10.2,★☆☆☆☆,0.0,0.0,2.0,0.0,8.2,0.0,0.0,0.0,,,0.0,4.1,3.3,1.1,2007,2150.0,6.1,0.7,4394,MA上昇配列 / パーフェクトオーダー
285A,キオクシアホールディングス,電気機器,10.2,★☆☆☆☆,9.2,0.0,1.0,0.0,0.0,0.0,0.0,0.0,,Micron,-3.8,-42.1,15.3,-29.0,38913,56010.0,-9.8,1.0,3205427,Micron+14.4%連動(β0.26)
4212,積水樹脂,化学,10.2,★☆☆☆☆,0.0,0.0,2.0,0.0,8.2,0.0,0.0,0.0,,,0.0,8.8,2.7,1.7,2503,2645.0,0.5,0.5,252,MA上昇配列 / パーフェクトオーダー
6859,エスペック,電気機器,10.100000000000001,★☆☆☆☆,5.4,0.0,0.0,0.0,4.7,0.0,0.0,0.0,,Micron,-2.2,-5.3,4.4,-1.6,3788,4155.0,1.8,0.8,512,Micron+14.4%連動(β0.15)
6227,ＡＩメカテック,機械,10.1,★☆☆☆☆,0.0,0.0,0.0,0.0,8.7,0.0,1.4,0.0,,,0.0,-0.8,10.7,0.9,5524,7020.0,-0.1,0.7,11113,MA上昇配列 / パーフェクトオーダー / 開示[受注](4日前)
6507,シンフォニアテクノロジー,電気機器,10.1,★☆☆☆☆,8.1,0.0,1.0,0.0,1.0,0.0,0.0,0.0,,Micron,-2.4,-6.2,5.8,-5.4,12654,14300.0,-0.6,0.8,2055,Micron+14.4%連動(β0.22)
4275,カーリット,化学,10.1,★☆☆☆☆,5.6,0.0,1.0,0.0,3.5,0.0,0.0,0.0,,Emerson,-5.5,14.5,5.6,2.4,2093,2358.0,-0.7,0.5,501,Emerson+6.1%連動(β0.37)
7915,ＮＩＳＳＨＡ,その他製品,10.1,★☆☆☆☆,8.6,0.0,0.0,0.0,1.5,0.0,0.0,0.0,,Emerson,1.2,0.5,2.1,-0.7,1285,1341.0,1.1,0.8,257,Emerson+6.1%連動(β0.33) 未反応+1.2%
5851,リョービ,非鉄金属,10.1,★☆☆☆☆,9.1,0.0,0.0,0.0,1.0,0.0,0.0,0.0,,Emerson,1.2,-3.4,1.7,-3.1,2406,2491.0,-0.6,1.0,284,Emerson+6.1%連動(β0.36) 未反応+1.2%
6361,荏原製作所,機械,10.0,★☆☆☆☆,9.0,0.0,0.0,0.0,1.0,0.0,0.0,0.0,,Micron,-1.9,-7.7,6.2,-6.0,4972,5681.0,-2.6,0.6,20014,Micron+14.4%連動(β0.25)
7270,ＳＵＢＡＲＵ,輸送用機器,10.0,★☆☆☆☆,0.0,0.0,2.0,0.0,8.0,0.0,0.0,0.0,,,0.0,10.5,2.0,2.8,2456,2557.0,1.5,1.1,8849,MA上昇配列
4848,フルキャストホールディングス,サービス業,10.0,★☆☆☆☆,0.0,0.0,3.3,0.0,6.7,0.0,0.0,0.0,,,0.0,15.2,1.6,5.0,1596,1648.0,0.4,0.4,227,買い出来高優勢 / MA上昇配列
4743,アイティフォー,情報・通信業,10.0,★☆☆☆☆,0.0,0.0,2.0,0.0,8.0,0.0,0.0,0.0,,,0.0,9.8,1.6,2.4,1628,1683.0,1.5,1.1,112,-
3415,ＴＯＫＹＯ　ＢＡＳＥ,小売業,10.0,★☆☆☆☆,0.0,0.0,4.0,0.0,6.0,0.0,0.0,0.0,,,0.0,23.6,5.4,7.7,364,408.0,0.7,1.7,333,-
7721,東京計器,精密機器,10.0,★☆☆☆☆,0.0,0.0,4.0,0.0,6.0,0.0,0.0,0.0,,,0.0,12.7,5.8,7.9,6171,6980.0,9.1,1.6,2821,-
9434,ソフトバンク,情報・通信業,10.0,★☆☆☆☆,0.0,0.0,3.3,0.0,6.7,0.0,0.0,0.0,,,0.0,13.0,1.8,4.2,214,221.60000610351562,0.9,0.7,17270,買い出来高優勢
7309,シマノ,輸送用機器,10.0,★☆☆☆☆,0.0,0.0,0.0,0.0,10.0,0.0,0.0,0.0,,,0.0,12.2,2.8,5.7,17530,18570.0,2.4,0.7,5701,MA上昇配列 / パーフェクトオーダー
9602,東宝,情報・通信業,10.0,★☆☆☆☆,0.0,0.0,4.0,0.0,6.0,0.0,0.0,0.0,,,0.0,17.2,3.3,8.7,1351,1446.5,3.5,1.6,5859,-
4023,クレハ,化学,10.0,★☆☆☆☆,0.0,0.0,1.0,0.0,9.0,0.0,0.0,0.0,,,0.0,16.5,2.0,5.4,4105,4275.0,1.1,0.7,981,MA上昇配列
4194,ビジョナル,情報・通信業,10.0,★☆☆☆☆,0.0,0.0,2.0,0.0,8.0,0.0,0.0,0.0,,,0.0,22.8,2.9,5.6,7896,8387.0,0.0,0.9,1777,MA上昇配列
4221,大倉工業,化学,10.0,★☆☆☆☆,0.0,0.0,0.0,0.0,10.0,0.0,0.0,0.0,,,0.0,9.0,1.7,3.0,4897,5070.0,1.4,0.7,222,MA上昇配列
2492,インフォマート,サービス業,10.0,★☆☆☆☆,0.0,0.0,3.0,0.0,10.0,0.0,0.0,-3.0,,,0.0,47.7,4.6,16.3,473,521.0,9.0,0.9,1449,MA上昇配列 / パーフェクトオーダー / 伸びすぎ注意(25MA+16%)
1762,高松コンストラクショングループ,建設業,10.0,★☆☆☆☆,0.0,0.0,1.0,0.0,9.0,0.0,0.0,0.0,,,0.0,13.4,2.2,5.0,3626,3790.0,3.0,0.6,160,MA上昇配列
7550,ゼンショーホールディングス,小売業,10.0,★☆☆☆☆,0.0,0.0,1.0,0.0,9.0,0.0,0.0,0.0,,,0.0,17.2,3.2,6.6,8535,9127.0,-0.8,0.5,5001,MA上昇配列
3048,ビックカメラ,小売業,10.0,★☆☆☆☆,0.0,0.0,2.0,0.0,8.0,0.0,0.0,0.0,,,0.0,9.5,1.9,4.0,1655,1719.5,4.3,0.8,1003,-
8151,東陽テクニカ,卸売業,10.0,★☆☆☆☆,0.0,0.0,0.0,0.0,10.0,0.0,0.0,0.0,,,0.0,2.6,2.6,0.7,1872,1973.0,1.4,0.8,194,MA上昇配列 / パーフェクトオーダー
8593,三菱ＨＣキャピタル,その他金融業,10.0,★☆☆☆☆,0.0,0.0,2.0,0.0,8.0,0.0,0.0,0.0,,,0.0,14.5,1.5,5.6,1396,1439.0,1.9,0.8,5332,-
8818,京阪神ビルディング,不動産業,10.0,★☆☆☆☆,0.0,0.0,3.0,0.0,7.0,0.0,0.0,0.0,,,0.0,7.3,2.8,0.6,1045,1108.0,2.9,0.8,443,MA上昇配列 / パーフェクトオーダー
9064,ヤマトホールディングス,陸運業,10.0,★☆☆☆☆,0.0,0.0,2.0,0.0,8.0,0.0,0.0,0.0,,,0.0,16.8,2.0,6.8,1962,2044.5,3.9,0.9,2274,MA上昇配列
4722,フューチャー,情報・通信業,10.0,★☆☆☆☆,0.0,0.0,6.3,0.0,8.7,0.0,0.0,-5.0,,,0.0,58.6,5.7,24.8,1960,2210.0,2.8,1.3,1544,買い出来高優勢 / 資金流入増 / MA上昇配列 / 過熱⚠25MA+25%
9305,ヤマタネ,卸売業,10.0,★☆☆☆☆,0.0,0.0,2.0,0.0,8.0,0.0,0.0,0.0,,,0.0,8.7,1.4,2.4,2062,2121.0,1.1,0.9,134,MA上昇配列
3382,セブン＆アイ・ホールディングス,小売業,10.0,★☆☆☆☆,0.0,0.0,1.0,0.0,9.0,0.0,0.0,0.0,,,0.0,16.3,2.9,7.4,2023,2146.0,6.9,1.2,17592,MA上昇配列
9006,京浜急行電鉄,陸運業,10.0,★☆☆☆☆,0.0,0.0,2.0,0.0,8.0,0.0,0.0,0.0,,,0.0,11.7,1.9,2.6,1498,1557.5,-1.9,0.8,1198,-
9021,西日本旅客鉄道,陸運業,10.0,★☆☆☆☆,0.0,0.0,1.0,0.0,9.0,0.0,0.0,0.0,,,0.0,16.8,2.2,5.3,2846,2975.0,0.5,0.6,9466,MA上昇配列
2109,ＤＭ三井製糖,食料品,10.0,★☆☆☆☆,0.0,0.0,2.0,0.0,8.0,0.0,0.0,0.0,,,0.0,8.8,1.3,2.4,3286,3370.0,1.2,0.7,121,-
3182,オイシックス・ラ・大地,小売業,10.0,★☆☆☆☆,0.0,0.0,2.0,0.0,8.0,0.0,0.0,0.0,,,0.0,11.9,2.7,4.4,1502,1587.0,0.4,1.1,112,MA上昇配列
9303,住友倉庫,倉庫・運輸関連業,10.0,★☆☆☆☆,0.0,0.0,2.0,0.0,8.0,0.0,0.0,0.0,,,0.0,11.4,1.7,3.5,3857,3990.0,1.7,0.7,455,-
2292,Ｓ　Ｆｏｏｄｓ,食料品,10.0,★☆☆☆☆,0.0,0.0,3.0,0.0,7.0,0.0,0.0,0.0,,,0.0,8.6,1.8,2.5,2655,2756.0,2.6,0.6,520,-
6005,三浦工業,機械,9.9,★☆☆☆☆,2.9,0.0,1.0,0.0,6.0,0.0,0.0,0.0,,SOX指数,-0.2,4.5,1.8,0.5,3086,3199.0,-1.3,0.9,1087,SOX指数+5.1%連動(β0.23)
5844,京都フィナンシャルグループ,銀行業,9.9,★☆☆☆☆,4.7,0.0,2.0,0.0,3.2,0.0,0.0,0.0,,Emerson,-3.8,6.2,2.9,-0.1,4370,4634.0,-0.3,1.0,4381,Emerson+6.1%連動(β0.31)
9042,阪急阪神ホールディングス,陸運業,9.9,★☆☆☆☆,0.0,0.0,2.0,0.0,7.0,0.0,0.9,0.0,,,0.0,18.3,2.4,5.0,4497,4719.0,0.3,0.8,5211,開示[自己株式の取得](10日前)
5574,ＡＢＥＪＡ,情報・通信業,9.9,★☆☆☆☆,0.0,0.0,4.3,0.0,4.7,0.0,0.9,0.0,,,0.0,10.4,6.2,1.6,2006,2287.0,-4.6,0.7,361,買い出来高優勢 / 開示[業績予想の修正](11日前) / 開示[AI](11日前)
5214,日本電気硝子,ガラス・土石製品,9.8,★☆☆☆☆,8.8,0.0,1.0,0.0,0.0,0.0,0.0,0.0,,SOX指数,2.1,-12.6,3.3,-10.0,5151,5517.0,-4.3,1.2,3707,SOX指数+5.1%連動(β0.20) 未反応+2.1%
3276,ＪＰＭＣ,不動産業,9.8,★☆☆☆☆,0.0,0.0,5.3,0.0,9.5,0.0,0.0,-5.0,,,0.0,44.6,4.6,21.4,1629,1794.0,3.9,0.7,224,買い出来高優勢 / 資金流入増 / MA上昇配列 / パーフェクトオーダー / RSI過熱(96)⚠ / 過熱⚠25MA+21%
6856,堀場製作所,電気機器,9.8,★☆☆☆☆,7.6,0.0,0.0,0.0,2.2,0.0,0.0,0.0,,Micron,-1.0,-2.7,5.3,-3.2,23731,26540.0,-4.7,0.9,5941,Micron+14.4%連動(β0.21)
3916,デジタル・インフォメーション・テクノロジー,情報・通信業,9.8,★☆☆☆☆,0.0,0.0,4.3,0.0,5.5,0.0,0.0,0.0,,,0.0,21.7,3.0,4.4,866,922.0,-5.2,0.4,137,買い出来高優勢 / MA上昇配列
9022,東海旅客鉄道,陸運業,9.8,★☆☆☆☆,0.0,0.0,2.0,0.0,5.7,0.0,2.1,0.0,,,0.0,20.5,2.3,8.8,3713,3892.0,4.9,1.0,11174,開示[自己株式の取得](4日前)
7085,カーブスホールディングス,サービス業,9.799999999999999,★☆☆☆☆,0.0,0.0,1.0,0.0,8.2,0.0,0.6,0.0,,,0.0,6.3,2.7,1.5,888,939.0,-2.0,0.7,438,MA上昇配列 / パーフェクトオーダー / 開示[自己株式の取得](12日前) / 開示[自己株式の取得](13日前)
5631,日本製鋼所,機械,9.7,★☆☆☆☆,7.5,0.0,1.0,0.0,1.2,0.0,0.0,0.0,,Emerson,-2.8,1.6,4.7,-1.3,7032,7756.0,-1.9,0.5,7425,Emerson+6.1%連動(β0.49)
9830,トラスコ中山,卸売業,9.7,★☆☆☆☆,0.0,0.0,2.0,0.0,7.7,0.0,0.0,0.0,,,0.0,12.6,1.6,2.9,2279,2357.0,-0.5,0.9,244,MA上昇配列
9436,沖縄セルラー電話,情報・通信業,9.7,★☆☆☆☆,0.0,0.0,0.0,0.0,9.7,0.0,0.0,0.0,,,0.0,8.1,1.9,2.0,3679,3825.0,0.7,0.7,356,MA上昇配列 / パーフェクトオーダー / 52週高値目前
7860,エイベックス,情報・通信業,9.7,★☆☆☆☆,0.0,0.0,1.0,0.0,8.7,0.0,0.0,0.0,,,0.0,10.7,1.6,2.7,1223,1263.0,-0.1,0.6,203,MA上昇配列 / パーフェクトオーダー
7921,ＴＡＫＡＲＡ　＆　ＣＯＭＰＡＮＹ,その他製品,9.7,★☆☆☆☆,0.0,0.0,4.0,0.0,8.7,0.0,0.0,-3.0,,,0.0,45.2,4.3,15.7,3948,4320.0,-3.8,0.5,267,資金流入増 / MA上昇配列 / 伸びすぎ注意(25MA+16%)
4575,キャンバス,医薬品,9.7,★☆☆☆☆,0.0,0.0,3.0,0.0,6.7,0.0,0.0,0.0,,,0.0,30.6,6.9,8.3,616,714.0,-3.5,0.5,239,資金流入増 / MA上昇配列
7917,ＺＡＣＲＯＳ,化学,9.7,★☆☆☆☆,0.0,0.0,0.0,0.0,9.7,0.0,0.0,0.0,,,0.0,6.1,3.2,0.9,1280,1367.0,-3.2,0.5,233,MA上昇配列 / パーフェクトオーダー
6875,メガチップス,電気機器,9.7,★☆☆☆☆,9.7,0.0,0.0,0.0,0.0,0.0,0.0,0.0,,Micron,0.7,-5.7,4.6,-7.4,8619,9500.0,-4.9,0.9,1059,Micron+14.4%連動(β0.21) 未反応+0.7%
8020,兼松,卸売業,9.6,★☆☆☆☆,3.9,0.0,0.0,0.0,5.7,0.0,0.0,0.0,,Emerson,-0.6,6.8,2.0,1.7,2036,2118.5,-0.3,0.7,905,Emerson+6.1%連動(β0.25)
7581,サイゼリヤ,小売業,9.6,★☆☆☆☆,0.0,0.0,5.3,0.0,8.7,0.0,0.6,-5.0,,,0.0,41.6,4.9,25.4,6709,7430.0,9.6,0.8,6811,買い出来高優勢 / 資金流入増 / MA上昇配列 / 過熱⚠25MA+25% / 開示[増配](11日前)
2780,コメ兵ホールディングス,小売業,9.6,★☆☆☆☆,0.0,0.0,2.0,0.0,7.0,0.0,0.6,0.0,,,0.0,9.4,4.0,1.1,4777,5190.0,-3.5,0.7,312,開示[子会社化](10日前)
7803,ブシロード,その他製品,9.5,★☆☆☆☆,0.0,0.0,4.0,0.0,5.5,0.0,0.0,0.0,,,0.0,46.0,6.4,12.5,320,367.0,-11.6,0.7,623,資金流入増 / MA上昇配列
6455,モリタホールディングス,輸送用機器,9.5,★☆☆☆☆,3.5,0.0,0.0,0.0,6.0,0.0,0.0,0.0,,Emerson,-1.0,5.4,1.7,1.7,2372,2456.0,1.6,0.8,154,Emerson+6.1%連動(β0.23)
4732,ユー・エス・エス,サービス業,9.5,★☆☆☆☆,0.0,0.0,0.0,0.0,9.5,0.0,0.0,0.0,,,0.0,6.5,2.1,0.5,1871,1955.0,-1.0,1.0,2217,MA上昇配列 / パーフェクトオーダー
5889,Ｊａｐａｎ　Ｅｙｅｗｅａｒ　Ｈｏｌｄｉｎｇｓ,小売業,9.5,★☆☆☆☆,0.0,0.0,3.3,0.0,6.2,0.0,0.0,0.0,,,0.0,13.2,3.3,1.3,2229,2386.0,-1.2,0.7,317,買い出来高優勢 / MA上昇配列 / パーフェクトオーダー
4526,理研ビタミン,食料品,9.5,★☆☆☆☆,0.0,0.0,0.0,0.0,9.5,0.0,0.0,0.0,,,0.0,5.4,1.5,0.6,3027,3120.0,-0.8,0.8,184,MA上昇配列 / パーフェクトオーダー
7981,タカラスタンダード,その他製品,9.5,★☆☆☆☆,0.0,0.0,0.0,0.0,9.5,0.0,0.0,0.0,,,0.0,4.0,1.7,1.6,3027,3135.0,0.6,1.2,317,MA上昇配列 / パーフェクトオーダー
8174,日本瓦斯,小売業,9.5,★☆☆☆☆,0.0,0.0,2.0,0.0,7.5,0.0,0.0,0.0,,,0.0,5.6,1.8,0.8,2760,2863.5,-0.7,0.6,769,MA上昇配列
7458,第一興商,卸売業,9.5,★☆☆☆☆,0.0,0.0,2.0,0.0,7.5,0.0,0.0,0.0,,,0.0,11.3,1.7,1.9,1701,1762.0,-0.7,0.7,420,MA上昇配列 / パーフェクトオーダー
3284,フージャースホールディングス,不動産業,9.5,★☆☆☆☆,0.0,0.0,2.0,0.0,7.5,0.0,0.0,0.0,,,0.0,9.4,1.4,2.2,1198,1234.0,-0.4,0.9,169,MA上昇配列
2501,サッポロホールディングス,食料品,9.5,★☆☆☆☆,0.0,0.0,0.0,0.0,9.5,0.0,0.0,0.0,,,0.0,2.9,3.9,1.3,1841,1996.0,-0.0,0.8,2664,MA上昇配列 / パーフェクトオーダー
8200,リンガーハット,小売業,9.5,★☆☆☆☆,0.0,0.0,2.0,0.0,7.5,0.0,0.0,0.0,,,0.0,11.3,2.3,3.5,2188,2294.0,-1.5,0.6,396,MA上昇配列
6750,エレコム,電気機器,9.5,★☆☆☆☆,0.0,0.0,0.0,0.0,9.5,0.0,0.0,0.0,,,0.0,7.1,2.0,2.1,1761,1835.0,-0.9,0.6,355,MA上昇配列 / パーフェクトオーダー
6490,ＰＩＬＬＡＲ,機械,9.5,★☆☆☆☆,7.5,0.0,1.0,0.0,1.0,0.0,0.0,0.0,,Micron,-4.5,-2.9,5.7,-1.9,8934,10080.0,-0.2,0.6,1405,Micron+14.4%連動(β0.21)
9010,富士急行,陸運業,9.5,★☆☆☆☆,0.0,0.0,2.0,0.0,7.5,0.0,0.0,0.0,,,0.0,6.9,2.5,2.8,2504,2637.0,-2.1,0.8,440,MA上昇配列 / パーフェクトオーダー
5076,インフロニア・ホールディングス,建設業,9.5,★☆☆☆☆,0.0,0.0,0.0,0.0,9.5,0.0,0.0,0.0,,,0.0,7.2,3.2,0.8,2610,2790.5,-0.8,0.9,4342,MA上昇配列 / パーフェクトオーダー
4324,電通グループ,サービス業,9.5,★☆☆☆☆,0.0,0.0,2.0,0.0,7.5,0.0,0.0,0.0,,,0.0,15.4,2.8,4.2,3191,3382.0,-1.9,0.7,3750,MA上昇配列 / パーフェクトオーダー
6268,ナブテスコ,機械,9.5,★☆☆☆☆,6.5,0.0,2.0,0.0,1.0,0.0,0.0,0.0,,Emerson,-0.2,-3.1,5.2,-6.3,4398,4907.0,-5.1,0.7,5693,Emerson+6.1%連動(β0.43)
6370,栗田工業,機械,9.3,★☆☆☆☆,6.3,0.0,1.0,0.0,2.0,0.0,0.0,0.0,,Micron,-1.8,-0.7,3.8,-2.0,8268,8943.0,-0.3,0.9,3995,Micron+14.4%連動(β0.17)
2737,トーメンデバイス,卸売業,9.3,★☆☆☆☆,7.1,0.0,0.0,0.0,2.2,0.0,0.0,0.0,,Micron,-6.4,-7.3,5.6,-0.9,14659,16520.0,2.7,0.5,1263,Micron+14.4%連動(β0.20)
4481,ベース,情報・通信業,9.3,★☆☆☆☆,0.0,0.0,3.3,0.0,6.0,0.0,0.0,0.0,,,0.0,16.1,1.8,4.0,2983,3095.0,-0.5,0.4,405,買い出来高優勢
278A,Ｔｅｒｒａ　Ｄｒｏｎｅ,精密機器,9.3,★☆☆☆☆,0.0,0.0,4.3,0.0,10.0,0.0,0.0,-5.0,,,0.0,62.6,13.1,24.3,9366,12690.0,4.7,1.1,19425,買い出来高優勢 / MA上昇配列 / パーフェクトオーダー / 過熱⚠25MA+24%
4911,資生堂,化学,9.3,★☆☆☆☆,0.0,0.0,3.3,0.0,6.0,0.0,0.0,0.0,,,0.0,27.2,3.7,9.6,2820,3045.0,0.7,0.7,9839,買い出来高優勢
7383,ネットプロテクションズホールディングス,その他金融業,9.3,★☆☆☆☆,0.0,0.0,3.3,0.0,6.0,0.0,0.0,0.0,,,0.0,22.9,3.8,7.7,372,402.0,-0.2,0.6,304,買い出来高優勢
4523,エーザイ,医薬品,9.3,★☆☆☆☆,0.0,0.0,3.3,0.0,6.0,0.0,0.0,0.0,,,0.0,21.9,2.2,10.0,4448,4656.0,7.3,0.8,7407,買い出来高優勢
6966,三井ハイテック,電気機器,9.3,★☆☆☆☆,9.3,0.0,0.0,0.0,0.0,0.0,0.0,0.0,,SOX指数,1.5,-10.3,6.2,-10.4,784,895.0,-7.1,0.7,2913,SOX指数+5.1%連動(β0.37) 未反応+1.5%
6588,東芝テック,電気機器,9.3,★☆☆☆☆,0.0,0.0,3.3,0.0,6.0,0.0,0.0,0.0,,,0.0,9.6,3.3,4.3,2869,3075.0,4.5,2.1,487,出来高増2.1倍
6637,寺崎電気産業,電気機器,9.3,★☆☆☆☆,0.0,0.0,3.3,0.0,6.0,0.0,0.0,0.0,,,0.0,26.7,4.0,12.0,3746,4075.0,7.0,1.1,189,買い出来高優勢
2395,新日本科学,サービス業,9.3,★☆☆☆☆,0.0,0.0,3.3,0.0,6.0,0.0,0.0,0.0,,,0.0,20.2,2.8,5.8,1204,1276.0,-2.2,0.5,269,買い出来高優勢
5461,中部鋼鈑,鉄鋼,9.3,★☆☆☆☆,0.0,0.0,3.3,0.0,6.0,0.0,0.0,0.0,,,0.0,10.3,1.6,2.8,2018,2086.0,0.8,0.7,189,買い出来高優勢
8923,トーセイ,不動産業,9.2,★☆☆☆☆,0.0,0.0,2.0,0.0,7.2,0.0,0.0,0.0,,,0.0,8.8,3.5,0.6,1626,1747.0,-5.3,0.6,459,MA上昇配列 / パーフェクトオーダー
8117,中央自動車工業,卸売業,9.2,★☆☆☆☆,0.0,0.0,1.0,0.0,8.2,0.0,0.0,0.0,,,0.0,8.8,2.4,0.6,1991,2090.0,-3.4,0.7,146,MA上昇配列 / パーフェクトオーダー
7610,テイツー,小売業,9.2,★☆☆☆☆,0.0,0.0,3.0,0.0,6.2,0.0,0.0,0.0,,,0.0,6.0,3.7,1.3,137,148.0,-2.0,0.8,170,MA上昇配列 / パーフェクトオーダー
7047,ポート,サービス業,9.2,★☆☆☆☆,0.0,0.0,2.0,0.0,7.2,0.0,0.0,0.0,,,0.0,19.8,4.1,0.5,2190,2388.0,-11.2,0.9,262,MA上昇配列 / パーフェクトオーダー
8142,トーホー,卸売業,9.2,★☆☆☆☆,0.0,0.0,1.0,0.0,8.2,0.0,0.0,0.0,,,0.0,5.5,1.8,1.1,1318,1367.0,0.1,1.1,211,MA上昇配列 / パーフェクトオーダー
5713,住友金属鉱山,非鉄金属,9.2,★☆☆☆☆,7.7,0.0,0.0,0.0,1.5,0.0,0.0,0.0,,Emerson,-6.7,1.5,5.2,-1.8,6690,7460.0,2.5,1.0,21024,Emerson+6.1%連動(β0.51)
8508,Ｊトラスト,その他金融業,9.2,★☆☆☆☆,0.0,0.0,1.0,0.0,8.2,0.0,0.0,0.0,,,0.0,8.4,3.7,1.9,771,833.0,-2.8,0.6,656,MA上昇配列 / パーフェクトオーダー
9842,アークランズ,小売業,9.2,★☆☆☆☆,0.0,0.0,1.0,0.0,8.2,0.0,0.0,0.0,,,0.0,4.1,1.9,0.9,1828,1899.0,1.4,0.9,459,MA上昇配列 / パーフェクトオーダー
5246,ＥＬＥＭＥＮＴＳ,情報・通信業,9.1,★☆☆☆☆,0.0,0.0,5.0,0.0,6.7,0.0,0.4,-3.0,,,0.0,35.0,5.6,18.3,695,782.0,9.8,1.3,532,資金流入増 / MA上昇配列 / 伸びすぎ注意(25MA+18%) / 開示[業績予想の修正](12日前)
3433,トーカロ,金属製品,9.1,★☆☆☆☆,6.1,0.0,2.0,0.0,1.0,0.0,0.0,0.0,,Micron,-0.2,-7.3,4.0,-6.1,2722,2959.0,-3.1,1.6,705,Micron+14.4%連動(β0.17)
4004,レゾナック・ホールディングス,化学,9.1,★☆☆☆☆,9.1,0.0,0.0,0.0,0.0,0.0,0.0,0.0,,Micron,-0.6,-14.4,7.5,-12.3,12329,14505.0,-2.6,0.6,37005,Micron+14.4%連動(β0.25)
4432,ウイングアーク１ｓｔ,情報・通信業,9.1,★☆☆☆☆,0.0,0.0,4.0,0.0,4.7,0.0,0.4,0.0,,,0.0,29.5,3.0,11.6,2659,2831.0,-0.3,0.7,881,資金流入増 / 開示[自己株式取得](12日前)
3001,片倉工業,繊維製品,9.0,★☆☆☆☆,0.0,0.0,2.0,0.0,7.0,0.0,0.0,0.0,,,0.0,16.2,2.3,4.9,2529,2652.0,2.0,0.5,102,-
9005,東急,陸運業,9.0,★☆☆☆☆,0.0,0.0,2.0,0.0,7.0,0.0,0.0,0.0,,,0.0,9.8,1.8,2.7,1683,1746.5,-0.4,0.8,3735,-
9508,九州電力,電気・ガス業,9.0,★☆☆☆☆,0.0,0.0,2.0,0.0,7.0,0.0,0.0,0.0,,,0.0,12.0,2.2,4.4,1703,1781.5,0.8,0.7,2726,-
5949,ユニプレス,輸送用機器,9.0,★☆☆☆☆,0.0,0.0,2.0,0.0,7.0,0.0,0.0,0.0,,,0.0,9.8,1.9,2.4,1231,1279.0,0.5,0.7,181,-
9364,上組,倉庫・運輸関連業,9.0,★☆☆☆☆,0.0,0.0,2.0,0.0,7.0,0.0,0.0,0.0,,,0.0,13.2,1.9,1.6,4958,5153.0,0.9,0.7,2133,MA上昇配列 / パーフェクトオーダー
9832,オートバックスセブン,卸売業,9.0,★☆☆☆☆,0.0,0.0,2.0,0.0,7.0,0.0,0.0,0.0,,,0.0,8.7,1.3,2.4,1478,1517.0,1.1,1.0,272,-
4826,ＣＩＪ,情報・通信業,9.0,★☆☆☆☆,0.0,0.0,1.0,0.0,8.0,0.0,0.0,0.0,,,0.0,7.1,1.9,1.4,483,502.0,-0.2,0.7,104,MA上昇配列
9505,北陸電力,電気・ガス業,9.0,★☆☆☆☆,0.0,0.0,2.0,0.0,7.0,0.0,0.0,0.0,,,0.0,11.9,2.2,4.6,895,935.2000122070312,2.4,1.0,705,-
9068,丸全昭和運輸,陸運業,9.0,★☆☆☆☆,0.0,0.0,2.0,0.0,7.0,0.0,0.0,0.0,,,0.0,9.5,2.2,2.2,7290,7630.0,1.3,0.4,213,-
1882,東亜道路工業,建設業,9.0,★☆☆☆☆,0.0,0.0,2.0,0.0,7.0,0.0,0.0,0.0,,,0.0,9.9,1.4,2.5,1560,1604.0,0.0,0.8,460,-
1662,石油資源開発,鉱業,9.0,★☆☆☆☆,0.0,0.0,3.0,0.0,6.0,0.0,0.0,0.0,,,0.0,18.3,2.7,8.1,1695,1793.0,6.2,1.4,2288,-
4547,キッセイ薬品工業,医薬品,9.0,★☆☆☆☆,0.0,0.0,2.0,0.0,7.0,0.0,0.0,0.0,,,0.0,8.8,1.8,2.9,4079,4230.0,0.8,1.1,334,-
1414,ショーボンドホールディングス,建設業,9.0,★☆☆☆☆,0.0,0.0,2.0,0.0,7.0,0.0,0.0,0.0,,,0.0,8.6,1.2,1.8,1251,1281.0,0.7,0.7,828,-
5451,ヨドコウ,鉄鋼,9.0,★☆☆☆☆,0.0,0.0,0.0,0.0,9.0,0.0,0.0,0.0,,,0.0,11.2,1.6,3.8,1318,1360.0,1.6,0.7,374,MA上昇配列
9507,四国電力,電気・ガス業,9.0,★☆☆☆☆,0.0,0.0,2.0,0.0,7.0,0.0,0.0,0.0,,,0.0,8.3,1.7,4.0,1494,1548.0,3.4,1.1,709,-
7832,バンダイナムコホールディングス,その他製品,9.0,★☆☆☆☆,0.0,0.0,1.0,0.0,8.0,0.0,0.0,0.0,,,0.0,14.2,2.6,4.3,3897,4111.0,0.1,0.6,8620,MA上昇配列
9347,日本管財ホールディングス,サービス業,9.0,★☆☆☆☆,0.0,0.0,2.0,0.0,7.0,0.0,0.0,0.0,,,0.0,9.3,1.4,2.4,2691,2768.0,0.3,0.4,138,-
6800,ヨコオ,電気機器,9.0,★☆☆☆☆,9.0,0.0,0.0,0.0,0.0,0.0,0.0,0.0,,Emerson,0.6,-26.8,7.8,-17.9,3706,4395.0,-9.5,1.0,923,Emerson+6.1%連動(β0.47) 未反応+0.6%
7014,名村造船所,輸送用機器,9.0,★☆☆☆☆,0.0,0.0,3.0,0.0,6.0,0.0,0.0,0.0,,,0.0,21.7,6.1,11.5,3764,4285.0,8.2,1.4,4962,-
6364,ＡＩＲＭＡＮ,機械,9.0,★☆☆☆☆,0.0,0.0,1.0,0.0,8.0,0.0,0.0,0.0,,,0.0,10.9,2.9,4.9,1872,1988.0,3.9,0.7,102,MA上昇配列
7575,日本ライフライン,卸売業,9.0,★☆☆☆☆,0.0,0.0,2.0,0.0,7.0,0.0,0.0,0.0,,,0.0,13.5,1.5,3.5,1340,1381.0,1.5,1.0,186,-
9432,ＮＴＴ,情報・通信業,9.0,★☆☆☆☆,0.0,0.0,2.0,0.0,7.0,0.0,0.0,0.0,,,0.0,9.2,1.4,2.5,147,151.3000030517578,0.3,0.8,33425,-
7138,ＴＯＲＩＣＯ,小売業,9.0,★☆☆☆☆,0.0,0.0,5.3,0.0,3.7,0.0,0.0,0.0,,,0.0,8.9,13.5,-3.4,94,129.0,-22.8,0.6,233,買い出来高優勢 / 資金流入増
9536,西部ガスホールディングス,電気・ガス業,9.0,★☆☆☆☆,0.0,0.0,2.0,0.0,7.0,0.0,0.0,0.0,,,0.0,10.8,1.6,3.2,2285,2361.0,1.9,0.9,160,-
7102,日本車輌製造,輸送用機器,9.0,★☆☆☆☆,0.0,0.0,3.3,0.0,5.7,0.0,0.0,0.0,,,0.0,23.0,3.0,9.7,3492,3715.0,3.3,0.6,134,買い出来高優勢
9627,アインホールディングス,小売業,9.0,★☆☆☆☆,0.0,0.0,3.0,0.0,6.0,0.0,0.0,0.0,,,0.0,11.8,2.4,3.9,5551,5833.0,1.3,1.2,728,-
9142,九州旅客鉄道,陸運業,9.0,★☆☆☆☆,0.0,0.0,2.0,0.0,7.0,0.0,0.0,0.0,,,0.0,10.1,1.5,3.2,3550,3657.0,1.5,0.9,2012,-
9020,東日本旅客鉄道,陸運業,9.0,★☆☆☆☆,0.0,0.0,2.0,0.0,7.0,0.0,0.0,0.0,,,0.0,12.6,2.0,4.2,3484,3632.0,0.9,0.9,9879,-
1766,東建コーポレーション,建設業,9.0,★☆☆☆☆,0.0,0.0,2.0,0.0,7.0,0.0,0.0,0.0,,,0.0,8.9,2.0,1.9,12523,13050.0,1.1,0.7,282,-
2331,ＡＬＳＯＫ,サービス業,9.0,★☆☆☆☆,0.0,0.0,2.0,0.0,7.0,0.0,0.0,0.0,,,0.0,12.9,2.0,5.4,1111,1157.5,2.6,0.9,1288,-
7806,ＭＴＧ,その他製品,9.0,★☆☆☆☆,0.0,0.0,2.0,0.0,7.0,0.0,0.0,0.0,,,0.0,6.7,5.3,0.1,6863,7670.0,-5.7,0.6,894,MA上昇配列 / パーフェクトオーダー
7611,ハイデイ日高,小売業,9.0,★☆☆☆☆,0.0,0.0,3.0,0.0,6.0,0.0,0.0,0.0,,,0.0,13.9,2.2,4.3,2659,2780.0,-1.3,0.7,567,-
3636,三菱総合研究所,情報・通信業,9.0,★☆☆☆☆,0.0,0.0,2.0,0.0,7.0,0.0,0.0,0.0,,,0.0,10.2,1.6,2.6,4537,4685.0,0.4,0.6,222,-
7483,ドウシシャ,卸売業,9.0,★☆☆☆☆,0.0,0.0,2.0,0.0,7.0,0.0,0.0,0.0,,,0.0,8.7,1.3,2.3,2893,2971.0,0.4,0.8,188,-
3291,飯田グループホールディングス,不動産業,9.0,★☆☆☆☆,0.0,0.0,2.0,0.0,7.0,0.0,0.0,0.0,,,0.0,8.2,1.7,2.4,2180,2257.0,0.7,0.6,1169,-
9534,北海道瓦斯,電気・ガス業,9.0,★☆☆☆☆,0.0,0.0,2.0,0.0,7.0,0.0,0.0,0.0,,,0.0,8.9,1.7,1.9,749,775.0,0.1,0.4,111,-
8129,東邦ホールディングス,卸売業,9.0,★☆☆☆☆,0.0,0.0,3.0,0.0,6.0,0.0,0.0,0.0,,,0.0,11.1,2.2,4.1,3922,4101.0,2.0,1.3,532,-
3193,エターナルホスピタリティグループ,小売業,9.0,★☆☆☆☆,0.0,0.0,3.0,0.0,6.0,0.0,0.0,0.0,,,0.0,14.0,2.2,4.8,2800,2926.0,1.6,0.7,223,-
3245,ディア・ライフ,不動産業,9.0,★☆☆☆☆,0.0,0.0,1.0,0.0,8.0,0.0,0.0,0.0,,,0.0,12.7,1.3,2.8,1048,1076.0,-0.9,0.7,239,MA上昇配列
2767,円谷フィールズホールディングス,卸売業,9.0,★☆☆☆☆,0.0,0.0,3.0,0.0,6.0,0.0,0.0,0.0,,,0.0,12.6,2.6,4.1,1399,1475.0,-0.2,1.3,555,-
8276,平和堂,小売業,9.0,★☆☆☆☆,0.0,0.0,2.0,0.0,7.0,0.0,0.0,0.0,,,0.0,5.0,1.7,1.6,2499,2586.0,1.1,0.6,246,-
3028,アルペン,小売業,9.0,★☆☆☆☆,0.0,0.0,1.0,0.0,8.0,0.0,0.0,0.0,,,0.0,11.3,1.7,4.5,2122,2197.0,1.4,0.6,325,MA上昇配列
8179,ロイヤルホールディングス,小売業,9.0,★☆☆☆☆,0.0,0.0,2.0,0.0,7.0,0.0,0.0,0.0,,,0.0,7.6,1.9,1.9,1213,1261.0,-0.4,0.4,588,-
1786,オリエンタル白石,建設業,9.0,★☆☆☆☆,0.0,0.0,2.0,0.0,7.0,0.0,0.0,0.0,,,0.0,13.6,2.2,4.9,350,366.0,2.8,0.8,172,-
9025,鴻池運輸,陸運業,9.0,★☆☆☆☆,0.0,0.0,2.0,0.0,7.0,0.0,0.0,0.0,,,0.0,11.9,1.6,3.7,2791,2881.0,1.5,0.9,222,-
9003,相鉄ホールディングス,陸運業,9.0,★☆☆☆☆,0.0,0.0,2.0,0.0,7.0,0.0,0.0,0.0,,,0.0,10.7,1.6,2.8,2492,2576.0,0.4,0.8,589,-
9716,乃村工藝社,サービス業,9.0,★☆☆☆☆,0.0,0.0,2.0,0.0,7.0,0.0,0.0,0.0,,,0.0,14.6,2.7,5.4,1123,1188.0,1.6,0.9,423,-
9755,応用地質,サービス業,9.0,★☆☆☆☆,0.0,0.0,0.0,0.0,9.0,0.0,0.0,0.0,,,0.0,5.4,1.4,1.1,2729,2806.0,1.7,0.3,278,MA上昇配列
8425,みずほリース,その他金融業,9.0,★☆☆☆☆,0.0,0.0,2.0,0.0,7.0,0.0,0.0,0.0,,,0.0,10.6,1.6,3.2,1285,1326.0,1.6,0.8,867,-
2157,コシダカホールディングス,サービス業,9.0,★☆☆☆☆,0.0,0.0,3.0,0.0,6.0,0.0,0.0,0.0,,,0.0,18.2,2.4,6.2,1002,1052.0,-0.4,0.6,559,-
2212,山崎製パン,食料品,9.0,★☆☆☆☆,0.0,0.0,0.0,0.0,9.0,0.0,0.0,0.0,,,0.0,10.8,2.4,3.5,3196,3359.0,1.5,0.8,1631,MA上昇配列
3880,大王製紙,パルプ・紙,9.0,★☆☆☆☆,0.0,0.0,3.0,0.0,6.0,0.0,0.0,0.0,,,0.0,10.3,1.8,3.7,939,974.0,1.4,1.2,198,-
6777,ｓａｎｔｅｃ　Ｈｏｌｄｉｎｇｓ,電気機器,8.9,★☆☆☆☆,8.9,0.0,0.0,0.0,0.0,0.0,0.0,0.0,,Lumentum,0.8,-28.6,7.9,-18.4,15963,18950.0,-8.1,1.0,2893,Lumentum+8.9%連動(β0.29) 未反応+0.8%
6584,三櫻工業,輸送用機器,8.9,★☆☆☆☆,8.9,0.0,0.0,0.0,0.0,0.0,0.0,0.0,,SOX指数,1.8,-17.9,5.2,-12.6,718,802.0,-6.6,1.2,633,SOX指数+5.1%連動(β0.28) 未反応+1.8%
3036,アルコニックス,卸売業,8.9,★☆☆☆☆,4.2,0.0,0.0,0.0,4.7,0.0,0.0,0.0,,Emerson,-3.3,11.5,2.4,3.8,2449,2573.0,1.3,0.6,251,Emerson+6.1%連動(β0.28)
4661,オリエンタルランド,サービス業,8.8,★☆☆☆☆,0.0,0.0,3.3,0.0,5.5,0.0,0.0,0.0,,,0.0,16.1,3.2,5.2,2512,2682.5,-0.5,0.8,15296,買い出来高優勢 / MA上昇配列
6196,ストライクグループ,サービス業,8.8,★☆☆☆☆,0.0,0.0,3.3,0.0,5.5,0.0,0.0,0.0,,,0.0,11.3,1.8,2.1,1289,1338.0,-2.2,1.0,338,買い出来高優勢 / MA上昇配列
4477,ＢＡＳＥ,情報・通信業,8.8,★☆☆☆☆,0.0,0.0,3.3,0.0,5.5,0.0,0.0,0.0,,,0.0,19.2,2.9,3.3,278,295.0,-8.1,0.4,261,買い出来高優勢 / MA上昇配列
3983,オロ,情報・通信業,8.8,★☆☆☆☆,0.0,0.0,3.3,0.0,5.5,0.0,0.0,0.0,,,0.0,17.1,2.2,3.7,2063,2157.0,-0.9,0.4,124,買い出来高優勢 / MA上昇配列
4577,ダイト,医薬品,8.7,★☆☆☆☆,0.0,0.0,2.0,0.0,6.5,0.0,0.2,0.0,,,0.0,6.6,2.7,1.5,1206,1274.0,-2.0,0.5,104,MA上昇配列 / 開示[自己株式の取得](13日前)
4849,エン,サービス業,8.7,★☆☆☆☆,0.0,0.0,2.0,0.0,6.7,0.0,0.0,0.0,,,0.0,17.6,2.4,6.1,1196,1257.0,1.0,0.8,189,MA上昇配列
9506,東北電力,電気・ガス業,8.7,★☆☆☆☆,0.0,0.0,2.0,0.0,6.7,0.0,0.0,0.0,,,0.0,13.4,1.9,5.1,1099,1142.0,0.9,0.8,2597,MA上昇配列
6535,アイモバイル,サービス業,8.7,★☆☆☆☆,0.0,0.0,2.0,0.0,6.7,0.0,0.0,0.0,,,0.0,13.2,2.1,3.3,510,532.0,1.1,0.7,264,MA上昇配列
4418,ＪＤＳＣ,情報・通信業,8.7,★☆☆☆☆,0.0,0.0,4.0,0.0,4.7,0.0,0.0,0.0,,,0.0,25.3,7.8,5.2,668,792.0,-15.7,0.4,307,資金流入増
7261,マツダ,輸送用機器,8.7,★☆☆☆☆,0.0,0.0,2.0,0.0,6.7,0.0,0.0,0.0,,,0.0,6.8,2.7,0.6,1062,1123.0,-1.1,1.6,7071,MA上昇配列
5911,横河ブリッジホールディングス,金属製品,8.7,★☆☆☆☆,0.0,0.0,2.0,0.0,6.7,0.0,0.0,0.0,,,0.0,8.8,1.3,2.5,2862,2936.0,1.3,1.1,241,-
9837,モリト,卸売業,8.6,★☆☆☆☆,0.0,0.0,2.0,0.0,5.7,0.0,0.9,0.0,,,0.0,6.1,2.1,0.5,1717,1792.0,-0.3,0.6,113,開示[自己株式の取得](12日前) / 開示[自己株式取得](12日前)
2353,日本駐車場開発,不動産業,8.5,★☆☆☆☆,0.0,0.0,2.0,0.0,6.5,0.0,0.0,0.0,,,0.0,9.3,1.8,1.2,249,258.0,-1.9,1.1,653,MA上昇配列
6337,テセック,機械,8.5,★☆☆☆☆,8.5,0.0,0.0,0.0,0.0,0.0,0.0,0.0,,Micron,-3.1,-6.3,4.2,-4.5,2141,2340.0,-0.2,0.7,105,Micron+14.4%連動(β0.24)
6622,ダイヘン,電気機器,8.5,★☆☆☆☆,8.5,0.0,0.0,0.0,0.0,0.0,0.0,0.0,,Micron,-1.0,-18.6,5.8,-11.3,12943,14650.0,-2.6,0.5,3654,Micron+14.4%連動(β0.23)
3333,あさひ,小売業,8.5,★☆☆☆☆,0.0,0.0,1.0,0.0,7.5,0.0,0.0,0.0,,,0.0,8.2,1.6,0.5,1276,1319.0,-1.6,1.0,132,MA上昇配列 / パーフェクトオーダー
3964,オークネット,情報・通信業,8.5,★☆☆☆☆,0.0,0.0,0.0,0.0,8.5,0.0,0.0,0.0,,,0.0,6.9,2.8,0.4,1317,1394.0,-2.4,0.9,168,MA上昇配列 / パーフェクトオーダー
3139,ラクト・ジャパン,卸売業,8.5,★☆☆☆☆,0.0,0.0,2.0,0.0,6.5,0.0,0.0,0.0,,,0.0,10.5,1.6,1.8,3332,3440.0,-0.7,0.6,107,MA上昇配列
3387,クリエイト・レストランツ・ホールディングス,小売業,8.5,★☆☆☆☆,0.0,0.0,1.0,0.0,7.5,0.0,0.0,0.0,,,0.0,12.3,3.1,2.9,719,766.0,-2.9,0.7,1333,MA上昇配列
8160,木曽路,小売業,8.5,★☆☆☆☆,0.0,0.0,2.0,0.0,6.5,0.0,0.0,0.0,,,0.0,7.4,1.5,1.5,2320,2392.0,-0.5,1.1,171,MA上昇配列
6532,ベイカレント,サービス業,8.5,★☆☆☆☆,0.0,0.0,4.3,0.0,4.2,0.0,0.0,0.0,,,0.0,22.4,4.4,3.9,5944,6522.0,-3.4,1.0,11636,買い出来高優勢 / MA上昇配列
9948,アークス,小売業,8.5,★☆☆☆☆,0.0,0.0,0.0,0.0,8.5,0.0,0.0,0.0,,,0.0,8.6,2.4,1.5,3329,3495.0,-0.6,0.6,284,MA上昇配列 / パーフェクトオーダー
4800,オリコン,情報・通信業,8.5,★☆☆☆☆,0.0,0.0,0.0,0.0,8.5,0.0,0.0,0.0,,,0.0,6.0,0.3,0.4,1349,1357.0,-0.1,0.4,149,MA上昇配列 / パーフェクトオーダー / 52週高値目前
2181,パーソルホールディングス,サービス業,8.5,★☆☆☆☆,0.0,0.0,2.0,0.0,6.5,0.0,0.0,0.0,,,0.0,12.0,1.8,2.9,250,259.8999938964844,-0.9,0.9,1703,MA上昇配列
8214,ＡＯＫＩホールディングス,小売業,8.5,★☆☆☆☆,0.0,0.0,1.0,0.0,7.5,0.0,0.0,0.0,,,0.0,8.5,1.4,1.7,1645,1692.0,-0.5,1.0,270,MA上昇配列
8043,スターゼン,卸売業,8.5,★☆☆☆☆,0.0,0.0,1.0,0.0,7.5,0.0,0.0,0.0,,,0.0,12.8,2.0,3.9,1246,1299.0,1.3,0.7,180,MA上昇配列
4042,東ソー,化学,8.4,★☆☆☆☆,3.7,0.0,0.0,0.0,4.7,0.0,0.0,0.0,,Emerson,-2.2,-0.6,2.4,-0.2,2683,2816.0,1.9,0.8,3617,Emerson+6.1%連動(β0.24)
6526,ソシオネクスト,電気機器,8.4,★☆☆☆☆,8.4,0.0,0.0,0.0,0.0,0.0,0.0,0.0,,Micron,-2.2,-7.3,7.8,-8.1,2018,2392.5,-3.2,0.6,25218,Micron+14.4%連動(β0.23)
6981,村田製作所,電気機器,8.4,★☆☆☆☆,8.4,0.0,0.0,0.0,0.0,0.0,0.0,0.0,,Dell,-5.6,-25.7,9.7,-16.5,6702,8311.0,-1.1,0.8,278366,Dell+15.2%連動(β0.22)
6869,シスメックス,電気機器,8.3,★☆☆☆☆,0.0,0.0,2.0,0.0,4.2,0.0,2.1,0.0,,,0.0,10.8,3.0,1.4,1438,1530.0,-1.4,0.6,4152,MA上昇配列 / 開示[自己株式の取得](4日前)
6779,日本電波工業,電気機器,8.3,★☆☆☆☆,8.3,0.0,0.0,0.0,0.0,0.0,0.0,0.0,,Emerson,-0.3,-25.3,9.5,-18.4,2280,2817.0,-7.0,0.6,3577,Emerson+6.1%連動(β0.54)
5302,日本カーボン,ガラス・土石製品,8.3,★☆☆☆☆,4.3,0.0,2.0,0.0,2.0,0.0,0.0,0.0,,Emerson,0.4,5.8,2.2,-0.7,4468,4670.0,-0.1,0.6,371,Emerson+6.1%連動(β0.20)
5901,東洋製罐グループホールディングス,金属製品,8.2,★☆☆☆☆,0.0,0.0,0.0,0.0,8.2,0.0,0.0,0.0,,,0.0,3.6,2.0,0.2,3936,4097.0,1.0,1.2,902,MA上昇配列 / パーフェクトオーダー
4578,大塚ホールディングス,医薬品,8.2,★☆☆☆☆,0.0,0.0,0.0,0.0,8.2,0.0,0.0,0.0,,,0.0,7.6,2.8,1.4,10533,11155.0,1.2,1.0,12650,MA上昇配列 / パーフェクトオーダー
3401,帝人,繊維製品,8.2,★☆☆☆☆,0.0,0.0,0.0,0.0,8.2,0.0,0.0,0.0,,,0.0,8.0,2.5,1.6,1612,1696.0,-2.1,0.6,1257,MA上昇配列 / パーフェクトオーダー
3407,旭化成,化学,8.2,★☆☆☆☆,0.0,0.0,0.0,0.0,8.2,0.0,0.0,0.0,,,0.0,6.8,2.5,0.6,1754,1845.5,-1.6,0.8,7753,MA上昇配列 / パーフェクトオーダー
6769,ザインエレクトロニクス,電気機器,8.2,★☆☆☆☆,5.1,0.0,0.0,0.0,1.5,0.0,1.6,0.0,,SOX指数,-6.9,-10.5,6.5,-6.1,888,1021.0,1.8,0.8,135,SOX指数+5.1%連動(β0.40) / 開示[業績予想の修正](5日前)
6454,マックス,機械,8.2,★☆☆☆☆,0.0,0.0,0.0,0.0,8.2,0.0,0.0,0.0,,,0.0,6.2,1.8,0.4,1651,1714.0,-0.6,1.0,333,MA上昇配列 / パーフェクトオーダー
4689,ＬＩＮＥヤフー,情報・通信業,8.2,★☆☆☆☆,0.0,0.0,2.0,0.0,6.2,0.0,0.0,0.0,,,0.0,10.2,2.2,0.4,416,435.29998779296875,-4.3,0.7,5906,MA上昇配列 / パーフェクトオーダー
6376,日機装,精密機器,8.2,★☆☆☆☆,0.0,0.0,0.0,0.0,8.2,0.0,0.0,0.0,,,0.0,0.7,4.5,1.6,3640,4000.0,3.6,0.6,1822,MA上昇配列 / パーフェクトオーダー
2809,キユーピー,食料品,8.2,★☆☆☆☆,0.0,0.0,2.0,0.0,6.2,0.0,0.0,0.0,,,0.0,7.4,2.7,1.3,4230,4475.0,-1.1,0.7,2078,MA上昇配列
3907,シリコンスタジオ,情報・通信業,8.2,★☆☆☆☆,0.0,0.0,8.0,0.0,5.0,0.0,0.2,-5.0,,,0.0,8.8,9.1,25.2,908,1110.0,60.2,20.0,280,出来高急増20.0倍 / 買い出来高優勢 / 過熱⚠25MA+25% / 開示[業績予想の修正](13日前)
287A,黒田グループ,卸売業,8.2,★☆☆☆☆,0.0,0.0,0.0,0.0,8.2,0.0,0.0,0.0,,,0.0,5.1,2.7,0.8,1039,1098.0,-0.6,1.0,546,MA上昇配列 / パーフェクトオーダー
8157,都築電気,情報・通信業,8.2,★☆☆☆☆,0.0,0.0,0.0,0.0,8.2,0.0,0.0,0.0,,,0.0,5.0,2.6,0.5,3790,3995.0,0.0,0.8,127,MA上昇配列 / パーフェクトオーダー
4043,トクヤマ,化学,8.2,★☆☆☆☆,8.2,0.0,0.0,0.0,0.0,0.0,0.0,0.0,,Emerson,1.2,-7.8,4.7,-5.6,4115,4545.0,-2.6,0.7,2813,Emerson+6.1%連動(β0.31) 未反応+1.2%
6340,澁谷工業,機械,8.1,★☆☆☆☆,4.1,0.0,2.0,0.0,2.0,0.0,0.0,0.0,,Emerson,-2.2,3.2,3.1,-0.9,4031,4300.0,-0.2,0.5,200,Emerson+6.1%連動(β0.27)
6594,ニデック,電気機器,8.1,★☆☆☆☆,8.1,0.0,0.0,0.0,0.0,0.0,0.0,0.0,,Micron,0.2,0.0,3.3,-3.3,2380,2549.0,-1.3,0.8,13237,Micron+14.4%連動(β0.20)
4238,ミライアル,化学,8.1,★☆☆☆☆,7.1,0.0,0.0,0.0,1.0,0.0,0.0,0.0,,Micron,-0.1,-7.9,5.7,-5.8,1492,1684.0,-6.0,0.5,142,Micron+14.4%連動(β0.20)
6905,コーセル,電気機器,8.1,★☆☆☆☆,8.1,0.0,0.0,0.0,0.0,0.0,0.0,0.0,,Emerson,1.3,-12.6,3.8,-9.6,1169,1264.0,-4.5,0.7,271,Emerson+6.1%連動(β0.28) 未反応+1.3%
9302,三井倉庫ホールディングス,倉庫・運輸関連業,8.0,★☆☆☆☆,0.0,0.0,2.0,0.0,6.0,0.0,0.0,0.0,,,0.0,8.3,2.1,2.3,3486,3643.0,3.0,1.2,797,-
9715,トランス・コスモス,サービス業,8.0,★☆☆☆☆,0.0,0.0,1.0,0.0,7.0,0.0,0.0,0.0,,,0.0,5.6,1.8,1.0,3551,3685.0,0.0,0.6,354,-
4478,フリー,情報・通信業,8.0,★☆☆☆☆,0.0,0.0,2.0,0.0,6.0,0.0,0.0,0.0,,,0.0,31.4,4.8,10.3,2175,2405.0,-3.0,0.7,998,-
2815,アリアケジャパン,食料品,8.0,★☆☆☆☆,0.0,0.0,2.0,0.0,6.0,0.0,0.0,0.0,,,0.0,10.1,1.5,3.3,5136,5300.0,2.1,1.9,431,-
3836,アバントグループ,情報・通信業,8.0,★☆☆☆☆,0.0,0.0,2.0,0.0,6.0,0.0,0.0,0.0,,,0.0,20.8,2.2,6.5,1167,1221.0,2.7,0.7,110,-
7595,アルゴグラフィックス,情報・通信業,8.0,★☆☆☆☆,0.0,0.0,2.0,0.0,6.0,0.0,0.0,0.0,,,0.0,13.2,1.6,3.0,1251,1293.0,0.5,0.6,283,-
8056,ＢＩＰＲＯＧＹ,情報・通信業,8.0,★☆☆☆☆,0.0,0.0,2.0,0.0,6.0,0.0,0.0,0.0,,,0.0,15.7,2.2,3.9,4415,4622.0,-0.3,0.7,1708,-
3050,ＤＣＭホールディングス,小売業,8.0,★☆☆☆☆,0.0,0.0,1.0,0.0,7.0,0.0,0.0,0.0,,,0.0,5.8,1.7,0.8,1459,1510.0,1.8,0.5,512,-
5602,栗本鐵工所,鉄鋼,8.0,★☆☆☆☆,0.0,0.0,2.0,0.0,6.0,0.0,0.0,0.0,,,0.0,10.8,2.0,3.3,1427,1487.0,1.1,0.7,298,-
9987,スズケン,卸売業,8.0,★☆☆☆☆,0.0,0.0,2.0,0.0,6.0,0.0,0.0,0.0,,,0.0,8.1,2.2,3.1,4951,5174.0,1.3,0.7,1014,-
7943,ニチハ,ガラス・土石製品,8.0,★☆☆☆☆,0.0,0.0,1.0,0.0,7.0,0.0,0.0,0.0,,,0.0,2.7,2.0,0.9,2909,3030.0,-1.3,0.4,244,-
9008,京王電鉄,陸運業,8.0,★☆☆☆☆,0.0,0.0,2.0,0.0,6.0,0.0,0.0,0.0,,,0.0,10.5,1.7,3.6,757,784.0,0.3,0.8,1485,-
167A,リョーサン菱洋ホールディングス,卸売業,8.0,★☆☆☆☆,0.0,0.0,2.0,0.0,6.0,0.0,0.0,0.0,,,0.0,9.3,1.7,2.4,2716,2813.0,0.4,1.1,528,-
6016,ジャパンエンジンコーポレーション,輸送用機器,8.0,★☆☆☆☆,0.0,0.0,2.0,0.0,6.0,0.0,0.0,0.0,,,0.0,14.1,6.5,10.8,8149,9360.0,7.7,1.4,1021,-
4816,東映アニメーション,情報・通信業,8.0,★☆☆☆☆,0.0,0.0,2.0,0.0,6.0,0.0,0.0,0.0,,,0.0,22.0,3.2,5.9,2535,2708.0,-2.5,1.0,880,-
1899,福田組,建設業,8.0,★☆☆☆☆,0.0,0.0,1.0,0.0,7.0,0.0,0.0,0.0,,,0.0,7.4,2.7,3.6,3691,3900.0,2.1,0.8,152,-
9511,沖縄電力,電気・ガス業,8.0,★☆☆☆☆,0.0,0.0,2.0,0.0,6.0,0.0,0.0,0.0,,,0.0,8.0,1.4,1.6,897,923.0,-0.2,0.6,176,-
9267,Ｇｅｎｋｙ　ＤｒｕｇＳｔｏｒｅｓ,小売業,8.0,★☆☆☆☆,0.0,0.0,2.0,0.0,6.0,0.0,0.0,0.0,,,0.0,16.0,3.3,5.9,3534,3780.0,1.1,0.9,307,-
4078,堺化学工業,化学,8.0,★☆☆☆☆,8.0,0.0,0.0,0.0,0.0,0.0,0.0,0.0,,Dell,-3.7,-15.9,5.2,-6.0,3666,4095.0,1.0,0.6,1510,Dell+15.2%連動(β0.21)
3762,テクマトリックス,情報・通信業,8.0,★☆☆☆☆,0.0,0.0,2.0,0.0,6.0,0.0,0.0,0.0,,,0.0,18.2,2.0,4.7,1809,1885.0,-1.4,0.8,340,-
7231,トピー工業,輸送用機器,8.0,★☆☆☆☆,0.0,0.0,2.0,0.0,6.0,0.0,0.0,0.0,,,0.0,11.4,1.7,2.4,2777,2873.0,-0.5,0.7,163,-
9543,静岡ガス,電気・ガス業,8.0,★☆☆☆☆,0.0,0.0,2.0,0.0,6.0,0.0,0.0,0.0,,,0.0,7.1,1.6,1.6,1216,1257.0,1.4,0.6,163,-
7003,三井Ｅ＆Ｓ,機械,8.0,★☆☆☆☆,0.0,0.0,2.0,0.0,6.0,0.0,0.0,0.0,,,0.0,22.7,5.2,9.5,4371,4877.0,4.7,1.1,9573,-
9605,東映,情報・通信業,8.0,★☆☆☆☆,0.0,0.0,0.0,0.0,8.0,0.0,0.0,0.0,,,0.0,7.7,2.3,2.5,5617,5890.0,2.1,0.7,403,-
5021,コスモエネルギーホールディングス,石油・石炭製品,8.0,★☆☆☆☆,0.0,0.0,1.0,0.0,7.0,0.0,0.0,0.0,,,0.0,12.0,2.2,3.4,3796,3969.0,4.2,0.6,2468,-
7018,内海造船,輸送用機器,8.0,★☆☆☆☆,0.0,0.0,2.0,0.0,6.0,0.0,0.0,0.0,,,0.0,23.4,6.7,10.2,9371,10830.0,7.4,1.0,209,-
2749,ＪＰホールディングス,サービス業,8.0,★☆☆☆☆,0.0,0.0,2.0,0.0,6.0,0.0,0.0,0.0,,,0.0,14.1,1.5,3.4,603,622.0,0.2,0.7,144,-
2733,あらた,卸売業,8.0,★☆☆☆☆,0.0,0.0,2.0,0.0,6.0,0.0,0.0,0.0,,,0.0,10.5,1.3,2.5,2506,2574.0,0.2,0.6,245,-
2579,コカ・コーラ　ボトラーズジャパンホールディングス,食料品,8.0,★☆☆☆☆,0.0,0.0,1.0,0.0,7.0,0.0,0.0,0.0,,,0.0,3.6,2.8,0.6,4016,4258.0,0.7,0.6,4039,MA上昇配列 / パーフェクトオーダー
6908,イリソ電子工業,電気機器,8.0,★☆☆☆☆,3.2,0.0,3.3,0.0,1.5,0.0,0.0,0.0,,SOX指数,-0.5,-0.3,2.3,-3.2,2670,2798.0,-2.3,0.6,520,SOX指数+5.1%連動(β0.25) / 買い出来高優勢
8219,青山商事,小売業,8.0,★☆☆☆☆,0.0,0.0,1.0,0.0,7.0,0.0,0.0,0.0,,,0.0,10.6,1.5,3.3,705,727.0,1.7,0.7,435,-
7906,ヨネックス,その他製品,8.0,★☆☆☆☆,0.0,0.0,2.0,0.0,6.0,0.0,0.0,0.0,,,0.0,14.3,3.9,4.7,2344,2541.0,-5.1,0.9,1150,-
8153,モスフードサービス,卸売業,8.0,★☆☆☆☆,0.0,0.0,1.0,0.0,7.0,0.0,0.0,0.0,,,0.0,10.0,1.7,1.8,3634,3765.0,0.1,0.9,295,-
3608,ＴＳＩホールディングス,繊維製品,8.0,★☆☆☆☆,0.0,0.0,2.0,0.0,6.0,0.0,0.0,0.0,,,0.0,11.1,2.2,3.2,1177,1231.0,0.3,0.6,313,-
5288,アジアパイルホールディングス,ガラス・土石製品,8.0,★☆☆☆☆,0.0,0.0,1.0,0.0,7.0,0.0,0.0,0.0,,,0.0,6.0,2.3,1.1,1444,1515.0,-1.4,1.0,208,-
4768,大塚商会,情報・通信業,8.0,★☆☆☆☆,0.0,0.0,1.0,0.0,7.0,0.0,0.0,0.0,,,0.0,17.6,2.4,5.6,2879,3026.0,1.4,0.5,4561,-
6814,古野電気,電気機器,8.0,★☆☆☆☆,0.0,0.0,2.0,0.0,6.0,0.0,0.0,0.0,,,0.0,25.0,5.9,13.6,6547,7420.0,2.8,0.6,3538,-
4914,高砂香料工業,化学,8.0,★☆☆☆☆,0.0,0.0,2.0,0.0,6.0,0.0,0.0,0.0,,,0.0,9.6,1.8,2.7,1140,1184.0,-0.1,0.7,163,-
6324,ハーモニック・ドライブ・システムズ,機械,8.0,★☆☆☆☆,0.0,6.0,2.0,0.0,0.0,0.0,0.0,0.0,,,0.0,-13.0,9.6,-13.4,5300,6560.0,-8.9,0.5,14513,ロボット(-7.1%)
8570,イオンフィナンシャルサービス,その他金融業,8.0,★☆☆☆☆,0.0,0.0,1.0,0.0,7.0,0.0,0.0,0.0,,,0.0,10.6,2.1,3.4,1495,1562.0,1.7,0.7,795,-
3150,グリムス,電気・ガス業,8.0,★☆☆☆☆,0.0,0.0,1.0,0.0,7.0,0.0,0.0,0.0,,,0.0,9.9,2.1,3.0,2467,2578.0,-0.6,0.7,131,-
3299,ムゲンエステート,不動産業,8.0,★☆☆☆☆,0.0,0.0,2.0,0.0,6.0,0.0,0.0,0.0,,,0.0,17.4,2.4,5.6,1868,1963.0,-1.1,0.4,337,-
3397,トリドールホールディングス,小売業,8.0,★☆☆☆☆,0.0,0.0,2.0,0.0,6.0,0.0,0.0,0.0,,,0.0,12.1,2.3,4.0,3882,4070.0,-0.6,0.6,1202,-
4631,ＤＩＣ,化学,8.0,★☆☆☆☆,7.0,0.0,0.0,0.0,1.0,0.0,0.0,0.0,,Emerson,0.9,-7.9,2.8,-6.1,4220,4473.0,-1.9,1.1,2073,Emerson+6.1%連動(β0.28) 未反応+0.9%
5161,西川ゴム工業,ゴム製品,8.0,★☆☆☆☆,0.0,0.0,2.0,0.0,6.0,0.0,0.0,0.0,,,0.0,10.7,1.7,2.7,3049,3155.0,0.8,0.8,294,-
2918,わらべや日洋ホールディングス,食料品,8.0,★☆☆☆☆,0.0,0.0,2.0,0.0,6.0,0.0,0.0,0.0,,,0.0,12.5,1.9,5.3,2673,2781.0,4.4,1.0,297,-
9663,ナガワ,サービス業,8.0,★☆☆☆☆,0.0,0.0,2.0,0.0,6.0,0.0,0.0,0.0,,,0.0,6.6,1.6,1.5,4945,5110.0,-0.4,0.4,116,-
2317,システナ,情報・通信業,8.0,★☆☆☆☆,0.0,0.0,2.0,0.0,6.0,0.0,0.0,0.0,,,0.0,13.8,1.7,3.5,410,424.0,1.0,1.3,396,-
1898,世紀東急工業,建設業,8.0,★☆☆☆☆,0.0,0.0,1.0,0.0,7.0,0.0,0.0,0.0,,,0.0,6.8,1.2,1.0,1433,1469.0,0.5,0.8,196,-
4684,オービック,情報・通信業,8.0,★☆☆☆☆,0.0,0.0,2.0,0.0,6.0,0.0,0.0,0.0,,,0.0,17.7,2.5,4.8,3984,4192.0,-0.4,0.8,7780,-
2296,伊藤ハム米久ホールディングス,食料品,8.0,★☆☆☆☆,0.0,0.0,2.0,0.0,6.0,0.0,0.0,0.0,,,0.0,7.8,1.8,1.5,4672,4850.0,0.4,0.7,699,-
1514,住石ホールディングス,鉱業,8.0,★☆☆☆☆,0.0,0.0,2.0,0.0,6.0,0.0,0.0,0.0,,,0.0,16.7,3.9,6.4,547,593.0,1.5,0.7,178,-
8877,エスリード,不動産業,8.0,★☆☆☆☆,0.0,0.0,2.0,0.0,6.0,0.0,0.0,0.0,,,0.0,10.9,2.1,2.5,4916,5130.0,-1.2,0.9,141,-
8914,エリアリンク,不動産業,8.0,★☆☆☆☆,0.0,0.0,2.0,0.0,6.0,0.0,0.0,0.0,,,0.0,14.5,3.7,8.9,860,929.0,5.3,0.9,141,-
9746,ＴＫＣ,情報・通信業,8.0,★☆☆☆☆,0.0,0.0,3.3,0.0,4.5,0.0,0.2,0.0,,,0.0,14.4,1.8,4.4,3522,3655.0,1.5,0.7,288,買い出来高優勢 / RSI過熱(85)⚠ / 開示[自己株式の取得](13日前)
4483,ＪＭＤＣ,情報・通信業,8.0,★☆☆☆☆,0.0,0.0,2.0,0.0,6.0,0.0,0.0,0.0,,,0.0,22.5,3.4,5.4,2983,3200.0,-0.5,0.5,1221,-
4812,電通総研,情報・通信業,8.0,★☆☆☆☆,0.0,0.0,3.0,0.0,5.0,0.0,0.0,0.0,,,0.0,38.9,1.7,9.1,2567,2658.0,-1.6,0.4,1808,資金流入増 / MA上昇配列
4819,デジタルガレージ,情報・通信業,8.0,★☆☆☆☆,0.0,0.0,2.0,0.0,6.0,0.0,0.0,0.0,,,0.0,33.6,4.6,9.0,2032,2238.0,-2.6,0.6,788,-
1925,大和ハウス工業,建設業,8.0,★☆☆☆☆,0.0,0.0,1.0,0.0,7.0,0.0,0.0,0.0,,,0.0,9.2,1.6,2.0,4431,4579.0,-0.4,0.7,9487,-
4922,コーセーホールディングス,化学,8.0,★☆☆☆☆,0.0,0.0,2.0,0.0,6.0,0.0,0.0,0.0,,,0.0,15.3,2.3,4.4,5236,5490.0,2.0,0.6,1480,-
9743,丹青社,サービス業,8.0,★☆☆☆☆,0.0,0.0,1.0,0.0,7.0,0.0,0.0,0.0,,,0.0,10.2,1.4,2.4,1368,1408.0,-0.1,1.0,598,-
2158,ＦＲＯＮＴＥＯ,サービス業,8.0,★☆☆☆☆,0.0,0.0,2.0,0.0,4.7,0.0,1.3,0.0,,,0.0,10.9,3.3,1.8,588,630.0,-1.9,1.1,127,開示[AI](2日前)
6273,ＳＭＣ,機械,7.9,★☆☆☆☆,7.9,0.0,0.0,0.0,0.0,0.0,0.0,0.0,,Micron,0.3,1.3,4.4,-2.2,64767,70970.0,-3.4,0.7,20714,Micron+14.4%連動(β0.19)
6986,双葉電子工業,電気機器,7.9,★☆☆☆☆,2.9,0.0,0.0,0.0,5.0,0.0,0.0,0.0,,SOX指数,-3.6,10.3,2.8,3.6,560,593.0,3.0,0.4,209,SOX指数+5.1%連動(β0.23)
5714,ＤＯＷＡホールディングス,非鉄金属,7.9,★☆☆☆☆,5.4,0.0,1.0,0.0,1.5,0.0,0.0,0.0,,Emerson,-2.0,-1.3,3.6,-4.2,7678,8276.0,-0.9,1.0,3836,Emerson+6.1%連動(β0.35)
8097,三愛オブリ,卸売業,7.8,★☆☆☆☆,0.0,0.0,3.3,0.0,4.5,0.0,0.0,0.0,,,0.0,16.5,1.7,7.7,2240,2321.0,4.8,0.9,204,買い出来高優勢 / RSI過熱(91)⚠
4008,住友精化,化学,7.8,★☆☆☆☆,6.8,0.0,0.0,0.0,1.0,0.0,0.0,0.0,,Emerson,1.0,2.8,2.6,-1.5,1210,1276.0,-0.9,0.9,223,Emerson+6.1%連動(β0.26) 未反応+1.0%
1833,奥村組,建設業,7.7,★☆☆☆☆,0.0,0.0,3.0,0.0,4.7,0.0,0.0,0.0,,,0.0,6.8,1.8,1.5,5546,5750.0,1.2,1.4,541,-
9104,商船三井,海運業,7.7,★☆☆☆☆,0.0,0.0,2.0,0.0,5.7,0.0,0.0,0.0,,,0.0,15.2,2.4,8.1,5566,5843.0,5.8,0.8,13089,-
4641,アルプス技研,サービス業,7.7,★☆☆☆☆,0.0,0.0,2.0,0.0,5.7,0.0,0.0,0.0,,,0.0,14.3,1.8,4.9,797,826.0,3.0,0.9,106,-
6744,能美防災,電気機器,7.7,★☆☆☆☆,0.0,0.0,3.0,0.0,4.7,0.0,0.0,0.0,,,0.0,9.3,2.5,2.6,4136,4355.0,2.1,1.2,311,-
3360,シップヘルスケアホールディングス,卸売業,7.7,★☆☆☆☆,0.0,0.0,0.0,0.0,7.7,0.0,0.0,0.0,,,0.0,18.0,1.6,6.6,2318,2393.5,3.3,1.0,538,MA上昇配列
5711,三菱マテリアル,非鉄金属,7.7,★☆☆☆☆,5.2,0.0,1.0,0.0,1.5,0.0,0.0,0.0,,Emerson,-2.9,-1.9,4.4,-3.9,3799,4166.0,-0.6,0.6,6219,Emerson+6.1%連動(β0.34)
2982,ＡＤワークスグループ,不動産業,7.7,★☆☆☆☆,0.0,0.0,0.0,0.0,7.7,0.0,0.0,0.0,,,0.0,6.5,2.4,1.4,388,408.0,-2.4,0.8,143,MA上昇配列
6946,日本アビオニクス,電気機器,7.7,★☆☆☆☆,0.0,0.0,4.0,0.0,3.7,0.0,0.0,0.0,,,0.0,10.8,6.0,5.9,4714,5360.0,9.9,1.8,1022,-
2784,アルフレッサ　ホールディングス,卸売業,7.7,★☆☆☆☆,0.0,0.0,2.0,0.0,5.7,0.0,0.0,0.0,,,0.0,12.1,1.6,5.4,2274,2349.0,2.1,0.9,1042,-
4461,第一工業製薬,化学,7.7,★☆☆☆☆,7.7,0.0,0.0,0.0,0.0,0.0,0.0,0.0,,Micron,-0.9,-13.7,8.0,-9.2,8813,10500.0,-2.7,0.7,1217,Micron+14.4%連動(β0.21)
2384,ＳＢＳホールディングス,陸運業,7.7,★☆☆☆☆,0.0,0.0,2.0,0.0,5.7,0.0,0.0,0.0,,,0.0,10.4,3.1,1.7,4141,4415.0,-2.6,0.9,471,-
6963,ローム,電気機器,7.6,★☆☆☆☆,7.6,0.0,0.0,0.0,0.0,0.0,0.0,0.0,,Micron,-0.4,-13.2,7.6,-11.4,3974,4688.0,-6.2,0.7,26950,Micron+14.4%連動(β0.21)
6368,オルガノ,機械,7.6,★☆☆☆☆,7.6,0.0,0.0,0.0,0.0,0.0,0.0,0.0,,Micron,-2.2,-7.5,5.3,-5.1,13531,15140.0,-2.9,0.6,3159,Micron+14.4%連動(β0.21)
5741,ＵＡＣＪ,非鉄金属,7.6,★☆☆☆☆,6.1,0.0,0.0,0.0,1.5,0.0,0.0,0.0,,Emerson,-2.5,0.6,4.5,-4.0,2198,2414.0,-1.8,0.6,2222,Emerson+6.1%連動(β0.40)
7864,フジシールインターナショナル,その他製品,7.5,★☆☆☆☆,0.0,0.0,1.0,0.0,6.5,0.0,0.0,0.0,,,0.0,9.8,1.8,3.0,2910,3020.0,0.0,0.7,435,MA上昇配列
2301,学情,サービス業,7.5,★☆☆☆☆,0.0,0.0,2.0,0.0,5.5,0.0,0.0,0.0,,,0.0,7.8,1.3,0.8,1574,1617.0,-2.0,0.9,126,MA上昇配列
9828,Ｇｅｎｋｉ　Ｇｌｏｂａｌ　Ｄｉｎｉｎｇ　Ｃｏｎｃｅｐｔｓ,小売業,7.5,★☆☆☆☆,0.0,0.0,2.0,0.0,5.5,0.0,0.0,0.0,,,0.0,14.3,2.5,5.3,3199,3370.0,-2.0,0.7,224,MA上昇配列
9009,京成電鉄,陸運業,7.5,★☆☆☆☆,0.0,0.0,2.0,0.0,5.5,0.0,0.0,0.0,,,0.0,15.5,2.5,4.1,1183,1246.0,-1.9,0.8,2313,MA上昇配列
3088,マツキヨココカラ＆カンパニー,小売業,7.5,★☆☆☆☆,0.0,0.0,2.0,0.0,5.5,0.0,0.0,0.0,,,0.0,7.8,2.5,1.3,2333,2458.5,-0.4,0.8,4184,MA上昇配列
3697,ＳＨＩＦＴ,情報・通信業,7.5,★☆☆☆☆,0.0,0.0,2.0,0.0,8.0,0.0,0.5,-3.0,,,0.0,35.4,5.7,17.6,716,807.0,18.7,1.2,5676,MA上昇配列 / 伸びすぎ注意(25MA+18%) / 開示[業績予想の修正](11日前)
7447,ナガイレーベン,卸売業,7.5,★☆☆☆☆,0.0,0.0,2.0,0.0,5.5,0.0,0.0,0.0,,,0.0,11.1,1.4,2.0,1698,1748.0,-0.2,0.6,135,MA上昇配列
5027,ＡｎｙＭｉｎｄ　Ｇｒｏｕｐ,情報・通信業,7.5,★☆☆☆☆,0.0,0.0,3.3,0.0,4.2,0.0,0.0,0.0,,,0.0,29.1,5.1,3.6,470,523.0,-4.2,0.5,133,買い出来高優勢 / MA上昇配列
7476,アズワン,卸売業,7.5,★☆☆☆☆,0.0,0.0,2.0,0.0,5.5,0.0,0.0,0.0,,,0.0,14.6,1.9,4.3,2354,2445.0,-0.6,0.7,400,MA上昇配列
8424,芙蓉総合リース,その他金融業,7.5,★☆☆☆☆,0.0,0.0,2.0,0.0,5.5,0.0,0.0,0.0,,,0.0,9.7,1.4,3.6,4306,4432.0,1.8,0.7,664,RSI過熱(85)⚠
4704,トレンドマイクロ,情報・通信業,7.5,★☆☆☆☆,0.0,0.0,3.3,0.0,4.2,0.0,0.0,0.0,,,0.0,14.0,2.7,2.6,5925,6269.0,-3.1,0.9,5638,買い出来高優勢 / MA上昇配列
6333,ＴＥＩＫＯＫＵ,機械,7.5,★☆☆☆☆,0.0,0.0,0.0,0.0,7.5,0.0,0.0,0.0,,,0.0,7.2,2.8,2.6,3054,3235.0,0.5,1.2,112,MA上昇配列
6418,日本金銭機械,機械,7.5,★☆☆☆☆,0.0,0.0,2.0,0.0,5.5,0.0,0.0,0.0,,,0.0,10.6,2.4,2.3,1006,1056.0,-0.8,1.0,106,MA上昇配列
2121,ＭＩＸＩ,情報・通信業,7.5,★☆☆☆☆,0.0,0.0,3.3,0.0,4.2,0.0,0.0,0.0,,,0.0,14.8,2.2,0.7,2705,2827.0,-4.4,0.5,948,買い出来高優勢 / MA上昇配列
7224,新明和工業,輸送用機器,7.4,★☆☆☆☆,4.7,0.0,0.0,0.0,2.7,0.0,0.0,0.0,,Emerson,-1.2,2.3,2.4,-0.3,1917,2014.0,1.2,1.1,316,Emerson+6.1%連動(β0.31)
4381,ビープラッツ,情報・通信業,7.4,★☆☆☆☆,0.0,0.0,4.0,0.0,6.0,0.0,0.4,-3.0,,,0.0,92.6,23.4,19.0,195,366.0,-36.9,0.6,181,資金流入増 / 伸びすぎ注意(25MA+19%) / 開示[AI](10日前)
7282,豊田合成,輸送用機器,7.4,★☆☆☆☆,5.4,0.0,0.0,0.0,2.0,0.0,0.0,0.0,,Emerson,0.1,2.0,2.5,-1.4,4756,5011.0,-0.1,0.9,2422,Emerson+6.1%連動(β0.33)
6645,オムロン,電気機器,7.4,★☆☆☆☆,5.4,0.0,2.0,0.0,0.0,0.0,0.0,0.0,,Emerson,-1.0,-2.1,4.5,-4.7,4986,5479.0,-2.1,0.6,7395,Emerson+6.1%連動(β0.36)
5240,ｍｏｎｏＡＩ　ｔｅｃｈｎｏｌｏｇｙ,情報・通信業,7.300000000000001,★☆☆☆☆,0.0,0.0,6.3,0.0,6.0,0.0,0.0,-5.0,,,0.0,86.0,14.7,40.8,151,213.0,7.0,2.1,560,出来高増2.1倍 / 資金流入増 / 過熱⚠25MA+41%
6277,ホソカワミクロン,機械,7.3,★☆☆☆☆,4.6,0.0,0.0,0.0,2.7,0.0,0.0,0.0,,Emerson,-0.1,3.1,2.7,-1.1,4638,4900.0,0.2,0.8,147,Emerson+6.1%連動(β0.30)
6472,ＮＴＮ,機械,7.3,★☆☆☆☆,7.3,0.0,0.0,0.0,0.0,0.0,0.0,0.0,,Emerson,0.6,-7.4,3.3,-6.8,348,372.8999938964844,-4.4,0.9,1503,Emerson+6.1%連動(β0.36) 未反応+0.6%
6652,ＩＤＥＣ,電気機器,7.3,★☆☆☆☆,4.3,0.0,2.0,0.0,1.0,0.0,0.0,0.0,,Emerson,-1.1,4.3,2.6,-0.6,3094,3265.0,-1.5,0.9,292,Emerson+6.1%連動(β0.28)
3529,アツギ,繊維製品,7.3,★☆☆☆☆,0.0,0.0,3.3,0.0,4.0,0.0,0.0,0.0,,,0.0,26.7,3.6,4.3,995,1071.0,-4.1,0.3,115,買い出来高優勢 / MA上昇配列
6844,新電元工業,電気機器,7.3,★☆☆☆☆,6.3,0.0,0.0,0.0,1.0,0.0,0.0,0.0,,Micron,-1.2,-12.8,5.6,-7.5,3089,3480.0,-2.1,0.6,477,Micron+14.4%連動(β0.17)
9348,ｉｓｐａｃｅ,サービス業,7.3,★☆☆☆☆,0.0,7.3,0.0,0.0,0.0,0.0,0.0,0.0,,,0.0,-2.8,5.4,-5.7,368,413.0,-1.9,0.6,809,宇宙(+0.6%)
6947,図研,電気機器,7.3,★☆☆☆☆,6.3,0.0,0.0,0.0,1.0,0.0,0.0,0.0,,SOX指数,1.1,5.5,2.0,-1.7,4358,4540.0,-2.3,0.7,192,SOX指数+5.1%連動(β0.22) 未反応+1.1%
9517,イーレックス,電気・ガス業,7.2,★☆☆☆☆,0.0,0.0,2.0,0.0,4.7,0.0,0.5,0.0,,,0.0,24.6,3.3,10.0,814,871.0,-3.2,0.8,229,開示[業績予想の修正](11日前)
8141,新光商事,卸売業,7.2,★☆☆☆☆,0.0,0.0,0.0,0.0,7.2,0.0,0.0,0.0,,,0.0,5.1,0.8,0.2,1566,1592.0,-0.6,0.6,170,MA上昇配列 / パーフェクトオーダー
7267,本田技研工業,輸送用機器,7.2,★☆☆☆☆,0.0,0.0,2.0,0.0,5.2,0.0,0.0,0.0,,,0.0,12.6,2.5,2.4,1459,1536.0,-1.4,0.6,26130,MA上昇配列
4528,小野薬品工業,医薬品,7.2,★☆☆☆☆,0.0,0.0,1.0,0.0,6.2,0.0,0.0,0.0,,,0.0,8.0,2.3,1.7,2321,2435.0,3.8,1.1,3455,MA上昇配列 / パーフェクトオーダー
4544,Ｈ．Ｕ．グループホールディングス,サービス業,7.2,★☆☆☆☆,0.0,0.0,2.0,0.0,5.2,0.0,0.0,0.0,,,0.0,8.6,2.0,0.8,3211,3347.0,-0.6,0.5,731,MA上昇配列
7701,島津製作所,精密機器,7.2,★☆☆☆☆,0.0,0.0,2.0,0.0,5.2,0.0,0.0,0.0,,,0.0,10.2,2.4,2.5,3966,4164.0,-0.9,1.0,4410,MA上昇配列
4919,ミルボン,化学,7.2,★☆☆☆☆,0.0,0.0,1.0,0.0,6.2,0.0,0.0,0.0,,,0.0,10.0,1.7,1.7,2691,2785.0,-1.0,0.8,302,MA上昇配列 / パーフェクトオーダー
4714,リソー教育グループ,サービス業,7.2,★☆☆☆☆,0.0,0.0,1.0,0.0,6.2,0.0,0.0,0.0,,,0.0,7.1,2.2,0.1,190,199.0,0.0,0.7,101,MA上昇配列 / パーフェクトオーダー
6419,マースグループホールディングス,機械,7.2,★☆☆☆☆,0.0,0.0,2.0,0.0,5.2,0.0,0.0,0.0,,,0.0,11.1,1.2,1.9,3037,3110.0,-0.3,0.6,193,MA上昇配列
3498,霞ヶ関キャピタル,不動産業,7.2,★☆☆☆☆,0.0,0.0,3.0,0.0,4.2,0.0,0.0,0.0,,,0.0,6.8,5.4,2.8,6194,6940.0,0.4,0.6,3649,MA上昇配列
8131,ミツウロコグループホールディングス,卸売業,7.2,★☆☆☆☆,0.0,0.0,2.0,0.0,5.2,0.0,0.0,0.0,,,0.0,12.6,3.6,1.7,1915,2064.0,-1.5,0.5,112,MA上昇配列
7821,前田工繊,その他製品,7.2,★☆☆☆☆,0.0,0.0,2.0,0.0,5.2,0.0,0.0,0.0,,,0.0,9.9,2.0,1.4,1769,1843.0,0.2,0.5,246,MA上昇配列
2127,日本Ｍ＆Ａセンターホールディングス,サービス業,7.2,★☆☆☆☆,0.0,0.0,3.0,0.0,4.2,0.0,0.0,0.0,,,0.0,10.4,1.9,1.0,638,664.0,-1.4,1.4,1030,MA上昇配列
4419,Ｆｉｎａｔｅｘｔホールディングス,情報・通信業,7.2,★☆☆☆☆,0.0,0.0,0.0,0.0,7.2,0.0,0.0,0.0,,,0.0,20.8,5.7,1.3,1331,1502.0,-11.5,1.0,828,MA上昇配列 / パーフェクトオーダー
2587,サントリービバレッジ＆フード,食料品,7.2,★☆☆☆☆,0.0,0.0,2.0,0.0,5.2,0.0,0.0,0.0,,,0.0,9.4,1.9,2.0,4453,4630.0,0.4,0.9,4293,MA上昇配列
7979,松風,精密機器,7.2,★☆☆☆☆,0.0,0.0,1.0,0.0,6.2,0.0,0.0,0.0,,,0.0,7.7,2.2,0.5,1995,2088.0,-5.5,0.8,182,MA上昇配列 / パーフェクトオーダー
9706,日本空港ビルデング,不動産業,7.2,★☆☆☆☆,0.0,0.0,1.0,0.0,6.2,0.0,0.0,0.0,,,0.0,12.6,2.3,2.4,5053,5296.0,-1.6,0.9,1613,MA上昇配列 / パーフェクトオーダー
8103,明和産業,卸売業,7.2,★☆☆☆☆,0.0,0.0,0.0,0.0,7.2,0.0,0.0,0.0,,,0.0,8.1,1.5,1.1,877,904.0,0.0,0.9,158,MA上昇配列 / パーフェクトオーダー
5334,日本特殊陶業,ガラス・土石製品,7.199999999999999,★☆☆☆☆,3.6,0.0,0.0,0.0,1.0,0.0,2.6,0.0,,SOX指数,0.3,-9.1,4.3,-9.2,8635,9438.0,-5.5,1.1,9627,SOX指数+5.1%連動(β0.22) / 開示[自己株式の取得](2日前)
5991,日本発條,金属製品,7.1,★☆☆☆☆,6.1,0.0,0.0,0.0,1.0,0.0,0.0,0.0,,Micron,-2.2,-4.8,4.8,-5.2,3305,3659.0,0.1,0.8,3210,Micron+14.4%連動(β0.17)
2168,パソナグループ,サービス業,7.0,★☆☆☆☆,0.0,0.0,1.0,0.0,6.0,0.0,0.0,0.0,,,0.0,10.5,2.2,2.7,1487,1555.0,0.5,0.9,400,-
7711,助川電気工業,精密機器,7.0,★☆☆☆☆,0.0,6.0,1.0,0.0,0.0,0.0,0.0,0.0,,,0.0,-7.3,6.0,-8.6,3949,4490.0,-9.5,1.3,296,核融合(-3.1%)
3626,ＴＩＳ,情報・通信業,7.0,★☆☆☆☆,0.0,0.0,1.0,0.0,6.0,0.0,0.0,0.0,,,0.0,19.2,2.7,5.3,3301,3490.0,0.5,0.6,3170,-
4784,ＧＭＯインターネット,サービス業,7.0,★☆☆☆☆,0.0,0.0,1.0,0.0,6.0,0.0,0.0,0.0,,,0.0,15.2,5.0,1.1,447,497.0,-10.0,0.7,838,-
1944,きんでん,建設業,7.0,★☆☆☆☆,0.0,6.0,0.0,0.0,1.0,0.0,0.0,0.0,,,0.0,-4.5,3.4,-3.8,6971,7474.0,1.1,1.1,4410,AIデータセンター・電力(-0.3%)
4446,Ｌｉｎｋ－Ｕグループ,情報・通信業,7.0,★☆☆☆☆,0.0,0.0,4.0,0.0,3.0,0.0,0.0,0.0,,,0.0,20.8,8.6,0.4,666,804.0,-0.4,0.1,414,資金流入増 / MA上昇配列
3543,コメダホールディングス,卸売業,7.0,★☆☆☆☆,0.0,0.0,0.0,0.0,7.0,0.0,0.0,0.0,,,0.0,7.6,1.4,1.3,2754,2836.0,0.4,0.6,610,-
9513,電源開発,電気・ガス業,7.0,★☆☆☆☆,0.0,0.0,1.0,0.0,6.0,0.0,0.0,0.0,,,0.0,8.7,1.8,3.6,3693,3834.0,4.5,0.9,2484,-
9509,北海道電力,電気・ガス業,7.0,★☆☆☆☆,0.0,0.0,1.0,0.0,6.0,0.0,0.0,0.0,,,0.0,12.4,2.4,4.6,958,1007.5,-0.5,0.8,2053,-
1301,極洋,水産・農林業,7.0,★☆☆☆☆,0.0,0.0,0.0,0.0,7.0,0.0,0.0,0.0,,,0.0,7.5,1.4,1.4,4386,4515.0,0.0,0.7,186,-
1333,Ｕｍｉｏｓ,水産・農林業,7.0,★☆☆☆☆,0.0,0.0,0.0,0.0,7.0,0.0,0.0,0.0,,,0.0,6.9,1.5,1.2,1283,1321.0,-0.2,0.8,670,-
3197,すかいらーくホールディングス,小売業,7.0,★☆☆☆☆,0.0,0.0,1.0,0.0,6.0,0.0,0.0,0.0,,,0.0,10.5,2.4,3.3,2837,2980.5,-0.7,0.3,5733,-
9869,加藤産業,卸売業,7.0,★☆☆☆☆,0.0,0.0,0.0,0.0,7.0,0.0,0.0,0.0,,,0.0,11.2,1.9,3.1,5986,6220.0,1.6,1.2,206,-
9110,ＮＳユナイテッド海運,海運業,7.0,★☆☆☆☆,0.0,0.0,0.0,0.0,7.0,0.0,0.0,0.0,,,0.0,13.7,2.9,7.5,6934,7360.0,4.5,0.5,356,-
9075,福山通運,陸運業,7.0,★☆☆☆☆,0.0,0.0,0.0,0.0,7.0,0.0,0.0,0.0,,,0.0,11.0,3.3,4.7,5710,6110.0,0.3,0.9,729,-
1878,大東建託,不動産業,7.0,★☆☆☆☆,0.0,0.0,0.0,0.0,7.0,0.0,0.0,0.0,,,0.0,13.2,1.8,4.6,3161,3281.0,1.5,0.9,4945,-
9697,カプコン,情報・通信業,7.0,★☆☆☆☆,0.0,0.0,1.0,0.0,6.0,0.0,0.0,0.0,,,0.0,20.4,2.9,5.8,3168,3364.0,2.6,0.9,7206,-
9759,ＮＳＤ,情報・通信業,7.0,★☆☆☆☆,0.0,0.0,1.0,0.0,6.0,0.0,0.0,0.0,,,0.0,14.8,1.9,3.7,2570,2672.5,-0.4,0.7,581,-
4521,科研製薬,医薬品,7.0,★☆☆☆☆,0.0,0.0,0.0,0.0,7.0,0.0,0.0,0.0,,,0.0,5.1,1.4,1.4,3784,3890.0,0.4,0.6,379,-
2281,プリマハム,食料品,7.0,★☆☆☆☆,0.0,0.0,0.0,0.0,7.0,0.0,0.0,0.0,,,0.0,8.5,1.4,1.6,2356,2423.0,0.9,0.9,180,-
6269,三井海洋開発,機械,7.0,★☆☆☆☆,0.0,0.0,1.0,0.0,6.0,0.0,0.0,0.0,,,0.0,13.9,4.3,7.4,9587,10500.0,6.4,1.3,5414,-
7236,ティラド,輸送用機器,7.0,★☆☆☆☆,0.0,0.0,0.0,0.0,7.0,0.0,0.0,0.0,,,0.0,5.7,3.7,0.5,1392,1502.0,-1.6,0.6,382,MA上昇配列 / パーフェクトオーダー
4064,日本カーバイド工業,化学,7.0,★☆☆☆☆,6.0,0.0,0.0,0.0,1.0,0.0,0.0,0.0,,Emerson,0.5,-8.6,3.7,-5.9,3029,3270.0,-2.8,0.9,236,Emerson+6.1%連動(β0.30)
9503,関西電力,電気・ガス業,7.0,★☆☆☆☆,0.0,0.0,0.0,0.0,7.0,0.0,0.0,0.0,,,0.0,6.5,1.8,2.7,2280,2366.5,1.9,0.8,7639,-
4935,リベルタ,化学,7.0,★☆☆☆☆,0.0,0.0,4.0,0.0,3.0,0.0,0.0,0.0,,,0.0,49.8,16.9,6.8,207,312.0,7.6,1.0,1817,資金流入増 / MA上昇配列
8065,佐藤商事,卸売業,7.0,★☆☆☆☆,0.0,0.0,0.0,0.0,7.0,0.0,0.0,0.0,,,0.0,7.0,3.4,2.2,2824,3030.0,0.5,0.6,118,-
1942,関電工,建設業,7.0,★☆☆☆☆,0.0,6.0,0.0,0.0,1.0,0.0,0.0,0.0,,,0.0,-6.5,3.6,-7.4,5545,5974.0,-2.3,0.9,5284,AIデータセンター・電力(-0.3%)
2264,森永乳業,食料品,7.0,★☆☆☆☆,0.0,0.0,0.0,0.0,7.0,0.0,0.0,0.0,,,0.0,7.0,3.0,0.9,1182,1258.5,4.7,1.2,2498,MA上昇配列 / パーフェクトオーダー
1820,西松建設,建設業,7.0,★☆☆☆☆,0.0,0.0,2.0,0.0,5.0,0.0,0.0,0.0,,,0.0,6.5,1.8,1.0,5177,5375.0,2.0,0.9,602,-
3153,八洲電機,卸売業,7.0,★☆☆☆☆,0.0,0.0,0.0,0.0,7.0,0.0,0.0,0.0,,,0.0,5.8,2.7,2.7,2731,2884.0,3.7,1.0,138,-
3558,ジェイドグループ,小売業,7.0,★☆☆☆☆,0.0,0.0,2.0,0.0,5.0,0.0,0.0,0.0,,,0.0,11.4,3.1,2.1,1528,1628.0,-2.9,0.7,173,-
9435,光通信,情報・通信業,7.0,★☆☆☆☆,0.0,0.0,0.0,0.0,7.0,0.0,0.0,0.0,,,0.0,10.3,2.1,2.6,35843,37430.0,-0.8,0.8,3133,-
4568,第一三共,医薬品,7.0,★☆☆☆☆,0.0,0.0,1.0,0.0,6.0,0.0,0.0,0.0,,,0.0,13.1,2.5,4.9,2658,2799.5,1.9,0.8,16806,-
197A,タウンズ,医薬品,7.0,★☆☆☆☆,0.0,0.0,1.0,0.0,6.0,0.0,0.0,0.0,,,0.0,4.2,1.7,0.5,458,474.0,-2.9,1.1,155,-
9119,飯野海運,海運業,7.0,★☆☆☆☆,0.0,0.0,1.0,0.0,6.0,0.0,0.0,0.0,,,0.0,10.9,2.5,3.3,1424,1498.0,0.0,0.6,308,-
3196,ホットランドホールディングス,小売業,7.0,★☆☆☆☆,0.0,0.0,1.0,0.0,6.0,0.0,0.0,0.0,,,0.0,6.1,1.5,2.0,1573,1623.0,1.2,0.4,243,-
7994,オカムラ,その他製品,7.0,★☆☆☆☆,0.0,0.0,0.0,0.0,7.0,0.0,0.0,0.0,,,0.0,4.4,1.5,0.8,2222,2292.0,0.5,0.6,606,-
8897,ＭＩＲＡＲＴＨホールディングス,不動産業,7.0,★☆☆☆☆,0.0,0.0,1.0,0.0,6.0,0.0,0.0,0.0,,,0.0,5.5,1.2,0.4,400,410.0,-1.2,1.1,174,-
8871,ゴールドクレスト,不動産業,7.0,★☆☆☆☆,0.0,0.0,0.0,0.0,7.0,0.0,0.0,0.0,,,0.0,7.6,1.7,0.5,3214,3330.0,-1.6,0.6,124,-
8282,ケーズホールディングス,小売業,7.0,★☆☆☆☆,0.0,0.0,1.0,0.0,6.0,0.0,0.0,0.0,,,0.0,2.2,2.1,1.5,1805,1883.5,6.1,1.4,1556,-
7532,パン・パシフィック・インターナショナルホールディングス,小売業,7.0,★☆☆☆☆,0.0,0.0,1.0,0.0,6.0,0.0,0.0,0.0,,,0.0,9.8,3.0,2.2,811,862.7000122070312,-0.7,0.7,8290,-
9531,東京瓦斯,電気・ガス業,7.0,★☆☆☆☆,0.0,0.0,2.0,0.0,5.0,0.0,0.0,0.0,,,0.0,6.6,1.8,2.1,6003,6226.0,2.6,0.9,6190,-
6480,日本トムソン,機械,7.0,★☆☆☆☆,7.0,0.0,0.0,0.0,0.0,0.0,0.0,0.0,,SOX指数,1.1,-23.8,7.5,-15.8,1499,1762.0,-8.4,0.6,1731,SOX指数+5.1%連動(β0.29) 未反応+1.1%
3656,ＫＬａｂ,情報・通信業,7.0,★☆☆☆☆,0.0,0.0,2.0,0.0,5.0,0.0,0.0,0.0,,,0.0,11.2,6.5,5.7,195,224.0,8.7,0.6,1284,-
3660,アイスタイル,情報・通信業,7.0,★☆☆☆☆,0.0,0.0,1.0,0.0,6.0,0.0,0.0,0.0,,,0.0,16.9,2.7,5.4,390,412.0,-1.9,0.6,292,-
2282,日本ハム,食料品,7.0,★☆☆☆☆,0.0,0.0,0.0,0.0,7.0,0.0,0.0,0.0,,,0.0,8.5,1.9,2.1,6012,6251.0,1.6,0.8,3019,-
9672,東京都競馬,サービス業,7.0,★☆☆☆☆,0.0,0.0,0.0,0.0,7.0,0.0,0.0,0.0,,,0.0,5.3,1.5,0.6,4709,4855.0,-1.2,0.5,530,-
5838,楽天銀行,銀行業,6.8,★☆☆☆☆,0.0,0.0,3.3,0.0,3.5,0.0,0.0,0.0,,,0.0,15.5,4.4,3.4,5087,5576.0,0.4,0.7,6180,買い出来高優勢
4626,太陽ホールディングス,化学,6.8,★☆☆☆☆,6.8,0.0,0.0,0.0,0.0,0.0,0.0,0.0,,SOX指数,1.3,-1.5,1.4,-3.3,4641,4775.0,-0.7,1.0,1573,SOX指数+5.1%連動(β0.23) 未反応+1.3%
6023,ダイハツインフィニアース,輸送用機器,6.7,★☆☆☆☆,0.0,0.0,2.0,0.0,4.7,0.0,0.0,0.0,,,0.0,13.3,4.0,5.2,2572,2799.0,2.0,1.2,334,-
6632,ＪＶＣケンウッド,電気機器,6.7,★☆☆☆☆,0.0,0.0,2.0,0.0,4.7,0.0,0.0,0.0,,,0.0,6.0,2.4,0.3,1070,1124.5,-0.9,0.7,871,-
9501,東京電力ホールディングス,電気・ガス業,6.7,★☆☆☆☆,0.0,0.0,2.0,0.0,4.7,0.0,0.0,0.0,,,0.0,11.4,3.6,6.9,480,516.7000122070312,3.0,0.9,15544,-
6817,スミダコーポレーション,電気機器,6.7,★☆☆☆☆,5.7,0.0,0.0,0.0,1.0,0.0,0.0,0.0,,Emerson,-1.3,-0.9,3.3,-2.5,1246,1335.0,0.3,0.8,371,Emerson+6.1%連動(β0.37)
3659,ネクソン,情報・通信業,6.7,★☆☆☆☆,0.0,0.0,2.0,0.0,4.7,0.0,0.0,0.0,,,0.0,12.2,2.7,2.2,2155,2278.0,-0.3,0.8,4999,-
9519,レノバ,電気・ガス業,6.7,★☆☆☆☆,0.0,0.0,2.0,0.0,4.7,0.0,0.0,0.0,,,0.0,17.8,4.2,5.1,921,1005.0,-2.7,0.9,870,-
3395,サンマルクホールディングス,小売業,6.7,★☆☆☆☆,0.0,0.0,1.0,0.0,5.7,0.0,0.0,0.0,,,0.0,7.4,1.6,1.0,2465,2548.0,-0.1,0.6,159,-
7313,テイ・エス　テック,輸送用機器,6.7,★☆☆☆☆,0.0,0.0,0.0,0.0,6.7,0.0,0.0,0.0,,,0.0,7.4,1.2,1.3,1730,1772.5,0.5,0.8,522,-
8016,オンワードホールディングス,繊維製品,6.7,★☆☆☆☆,0.0,0.0,2.0,0.0,4.7,0.0,0.0,0.0,,,0.0,5.2,1.7,-0.1,707,732.0,-0.8,0.5,572,-
5541,大平洋金属,鉄鋼,6.7,★☆☆☆☆,0.0,0.0,2.0,0.0,4.7,0.0,0.0,0.0,,,0.0,11.0,2.5,3.0,2209,2324.0,1.3,0.7,401,-
6858,小野測器,電気機器,6.7,★☆☆☆☆,0.0,0.0,5.7,0.0,1.0,0.0,0.0,0.0,,,0.0,0.8,4.0,-1.3,806,876.0,-0.7,22.3,103,出来高急増22.3倍
4165,プレイド,情報・通信業,6.7,★☆☆☆☆,0.0,0.0,2.0,0.0,4.7,0.0,0.0,0.0,,,0.0,24.2,5.5,3.3,483,542.0,-8.1,0.5,238,-
5019,出光興産,石油・石炭製品,6.7,★☆☆☆☆,0.0,0.0,2.0,0.0,4.7,0.0,0.0,0.0,,,0.0,14.2,2.1,6.8,1278,1333.5,5.6,1.1,4626,-
6547,グリーンズ,サービス業,6.7,★☆☆☆☆,0.0,0.0,0.0,0.0,6.7,0.0,0.0,0.0,,,0.0,3.9,2.4,0.8,2023,2124.0,1.0,0.4,109,MA上昇配列
1605,ＩＮＰＥＸ,鉱業,6.7,★☆☆☆☆,0.0,0.0,2.0,0.0,4.7,0.0,0.0,0.0,,,0.0,20.3,2.5,10.7,3573,3761.0,9.7,1.4,16204,-
219A,Ｈｅａｒｔｓｅｅｄ,医薬品,6.7,★☆☆☆☆,0.0,0.0,2.0,0.0,4.7,0.0,0.0,0.0,,,0.0,12.5,4.9,4.5,1507,1670.0,6.8,1.0,332,-
4022,ラサ工業,化学,6.6,★☆☆☆☆,5.1,0.0,0.0,0.0,1.5,0.0,0.0,0.0,,HPE,-4.5,-14.0,6.6,-7.1,1637,1885.0,0.8,0.7,2301,HPE+6.9%連動(β0.29)
4617,中国塗料,化学,6.5,★☆☆☆☆,0.0,0.0,1.0,0.0,5.5,0.0,0.0,0.0,,,0.0,10.4,3.7,2.7,3361,3630.0,0.0,0.7,1069,MA上昇配列
6742,京三製作所,電気機器,6.5,★☆☆☆☆,4.3,0.0,0.0,0.0,2.2,0.0,0.0,0.0,,Emerson,-3.6,-4.9,4.6,-1.2,825,910.0,2.4,0.6,253,Emerson+6.1%連動(β0.29)
9044,ＮＡＮＫＡＩ,陸運業,6.5,★☆☆☆☆,0.0,0.0,2.0,0.0,4.5,0.0,0.0,0.0,,,0.0,9.7,1.7,2.1,2824,2925.0,-0.3,0.5,716,-
4540,ツムラ,医薬品,6.5,★☆☆☆☆,0.0,0.0,1.0,0.0,5.5,0.0,0.0,0.0,,,0.0,6.7,1.5,0.3,3681,3799.0,-1.6,1.0,1168,MA上昇配列
2811,カゴメ,食料品,6.5,★☆☆☆☆,0.0,0.0,1.0,0.0,5.5,0.0,0.0,0.0,,,0.0,8.5,1.6,1.4,2610,2697.5,-0.2,0.9,759,MA上昇配列
6412,平和,機械,6.5,★☆☆☆☆,0.0,0.0,0.0,0.0,6.5,0.0,0.0,0.0,,,0.0,5.9,1.4,1.1,1986,2043.0,-0.2,0.9,414,MA上昇配列
6278,ユニオンツール,機械,6.5,★☆☆☆☆,6.5,0.0,0.0,0.0,0.0,0.0,0.0,0.0,,Emerson,-5.2,-16.7,7.8,-11.0,15690,18600.0,-1.5,0.8,5488,Emerson+6.1%連動(β0.43)
9936,王将フードサービス,小売業,6.5,★☆☆☆☆,0.0,0.0,1.0,0.0,5.5,0.0,0.0,0.0,,,0.0,9.7,1.4,2.1,2856,2941.0,-0.3,0.6,584,MA上昇配列
3110,日東紡績,ガラス・土石製品,6.4,★☆☆☆☆,6.4,0.0,0.0,0.0,0.0,0.0,0.0,0.0,,Coherent,-2.7,-17.9,7.5,-12.2,2719,3195.0,-2.6,0.7,19831,Coherent+9.7%連動(β0.26)
6258,平田機工,機械,6.4,★☆☆☆☆,6.4,0.0,0.0,0.0,0.0,0.0,0.0,0.0,,Emerson,-0.0,-3.7,5.0,-4.0,2617,2907.0,-6.2,0.9,712,Emerson+6.1%連動(β0.42)
1419,タマホーム,建設業,6.3,★☆☆☆☆,0.0,0.0,1.0,0.0,5.0,0.0,0.3,0.0,,,0.0,13.0,2.4,2.3,2855,2999.0,0.9,0.8,478,開示[受注](12日前)
6834,精工技研,電気機器,6.3,★☆☆☆☆,5.6,0.0,0.0,0.0,0.0,0.0,0.7,0.0,,Lumentum,-6.3,-30.0,8.0,-18.6,17260,20540.0,1.2,0.5,4424,Lumentum+8.9%連動(β0.25) / 開示[株式分割](9日前)
9621,建設技術研究所,サービス業,6.2,★☆☆☆☆,0.0,0.0,1.0,0.0,5.2,0.0,0.0,0.0,,,0.0,8.6,1.9,1.1,2811,2920.0,-1.2,0.9,140,MA上昇配列
2678,アスクル,小売業,6.2,★☆☆☆☆,0.0,0.0,2.0,0.0,4.2,0.0,0.0,0.0,,,0.0,5.7,3.1,0.6,1159,1235.0,-0.6,0.9,603,MA上昇配列
6866,日置電機,電気機器,6.2,★☆☆☆☆,3.7,0.0,0.0,0.0,2.5,0.0,0.0,0.0,,SOX指数,-5.2,-4.6,5.7,-2.0,10254,11570.0,3.0,0.6,821,SOX指数+5.1%連動(β0.29)
2201,森永製菓,食料品,6.2,★☆☆☆☆,0.0,0.0,0.0,0.0,6.2,0.0,0.0,0.0,,,0.0,7.5,1.7,0.4,2556,2648.5,-0.4,0.9,788,MA上昇配列
9143,ＳＧホールディングス,陸運業,6.2,★☆☆☆☆,0.0,0.0,0.0,0.0,6.2,0.0,0.0,0.0,,,0.0,10.6,1.9,1.8,1527,1588.5,-0.2,1.2,2074,MA上昇配列 / パーフェクトオーダー
6498,キッツ,機械,6.2,★☆☆☆☆,5.2,0.0,0.0,0.0,1.0,0.0,0.0,0.0,,Micron,-1.8,-7.5,4.2,-7.0,2086,2276.0,-3.8,0.8,544,Micron+14.4%連動(β0.14)
4307,野村総合研究所,情報・通信業,6.2,★☆☆☆☆,0.0,0.0,2.0,0.0,4.2,0.0,0.0,0.0,,,0.0,19.6,3.4,3.1,4599,4935.0,-3.2,0.6,12185,MA上昇配列
5333,ＮＧＫ,ガラス・土石製品,6.2,★☆☆☆☆,6.2,0.0,0.0,0.0,0.0,0.0,0.0,0.0,,Emerson,0.5,-18.5,5.4,-13.3,5429,6085.0,-5.9,0.5,12450,Emerson+6.1%連動(β0.30) 未反応+0.5%
8113,ユニ・チャーム,化学,6.2,★☆☆☆☆,0.0,0.0,0.0,0.0,6.2,0.0,0.0,0.0,,,0.0,7.6,2.3,0.6,913,957.2000122070312,-0.8,0.9,4090,MA上昇配列 / パーフェクトオーダー
4927,ポーラ・オルビスホールディングス,化学,6.2,★☆☆☆☆,0.0,0.0,2.0,0.0,4.2,0.0,0.0,0.0,,,0.0,10.1,1.7,1.2,1267,1310.5,-1.2,0.9,681,MA上昇配列
1822,大豊建設,建設業,6.2,★☆☆☆☆,0.0,0.0,1.0,0.0,5.2,0.0,0.0,0.0,,,0.0,9.4,2.2,0.7,746,780.0,-1.4,0.6,149,MA上昇配列
8252,丸井グループ,小売業,6.2,★☆☆☆☆,0.0,0.0,2.0,0.0,4.2,0.0,0.0,0.0,,,0.0,8.8,1.8,0.8,2816,2921.5,-1.4,0.9,2538,-
6231,木村工機,機械,6.2,★☆☆☆☆,0.0,0.0,2.0,0.0,4.2,0.0,0.0,0.0,,,0.0,14.5,3.9,2.3,11611,12590.0,-2.6,0.5,167,MA上昇配列
3968,セグエグループ,情報・通信業,6.2,★☆☆☆☆,0.0,0.0,2.0,0.0,4.2,0.0,0.0,0.0,,,0.0,8.9,2.8,0.4,550,582.0,-5.1,1.1,139,MA上昇配列
5243,ｎｏｔｅ,情報・通信業,6.2,★☆☆☆☆,0.0,0.0,4.0,0.0,2.2,0.0,0.0,0.0,,,0.0,21.0,9.2,1.5,1652,2025.0,-7.7,0.5,1471,資金流入増
6254,野村マイクロ・サイエンス,機械,6.1,★☆☆☆☆,6.1,0.0,0.0,0.0,0.0,0.0,0.0,0.0,,SOX指数,-4.6,-12.6,7.0,-10.0,3545,4120.0,-3.1,0.7,4202,SOX指数+5.1%連動(β0.48)
4216,旭有機材,化学,6.1,★☆☆☆☆,5.1,0.0,0.0,0.0,1.0,0.0,0.0,0.0,,Emerson,-2.9,-11.8,4.2,-7.5,5857,6390.0,0.3,0.8,422,Emerson+6.1%連動(β0.33)
2326,デジタルアーツ,情報・通信業,6.0,★☆☆☆☆,0.0,0.0,0.0,0.0,6.0,0.0,0.0,0.0,,,0.0,14.2,2.4,2.7,3746,3935.0,-2.0,0.9,658,-
6465,ホシザキ,機械,6.0,★☆☆☆☆,0.0,0.0,0.0,0.0,6.0,0.0,0.0,0.0,,,0.0,7.5,2.2,0.6,5200,5435.0,3.0,0.9,2333,MA上昇配列 / パーフェクトオーダー
4559,ゼリア新薬工業,医薬品,6.0,★☆☆☆☆,0.0,0.0,0.0,0.0,6.0,0.0,0.0,0.0,,,0.0,6.7,1.6,1.2,2013,2081.0,2.0,0.7,189,-
9532,大阪瓦斯,電気・ガス業,6.0,★☆☆☆☆,0.0,0.0,0.0,0.0,6.0,0.0,0.0,0.0,,,0.0,7.0,1.9,2.0,5309,5523.0,2.8,0.8,4204,-
1870,矢作建設工業,建設業,6.0,★☆☆☆☆,0.0,0.0,0.0,0.0,6.0,0.0,0.0,0.0,,,0.0,11.3,1.4,3.6,1866,1920.0,2.3,0.8,232,-
9041,近鉄グループホールディングス,陸運業,6.0,★☆☆☆☆,0.0,0.0,0.0,0.0,6.0,0.0,0.0,0.0,,,0.0,8.7,1.6,1.7,3369,3479.0,0.1,1.2,1706,-
7965,象印マホービン,電気機器,6.0,★☆☆☆☆,0.0,0.0,1.0,0.0,5.0,0.0,0.0,0.0,,,0.0,3.1,1.6,0.3,1358,1402.0,0.9,0.6,411,-
6413,理想科学工業,機械,6.0,★☆☆☆☆,0.0,0.0,0.0,0.0,6.0,0.0,0.0,0.0,,,0.0,11.2,1.9,3.5,997,1036.0,1.6,0.4,116,-
2146,ＵＴグループ,サービス業,6.0,★☆☆☆☆,0.0,0.0,0.0,0.0,6.0,0.0,0.0,0.0,,,0.0,9.2,2.0,2.3,174,181.0,0.6,1.0,947,-
3482,ロードスターキャピタル,不動産業,6.0,★☆☆☆☆,0.0,0.0,1.0,0.0,5.0,0.0,0.0,0.0,,,0.0,1.9,2.4,1.3,2616,2748.0,0.3,0.4,459,-
2791,大黒天物産,小売業,6.0,★☆☆☆☆,0.0,0.0,0.0,0.0,6.0,0.0,0.0,0.0,,,0.0,14.5,3.6,2.2,4131,4450.0,-0.6,0.5,267,-
3865,北越コーポレーション,パルプ・紙,6.0,★☆☆☆☆,0.0,0.0,0.0,0.0,6.0,0.0,0.0,0.0,,,0.0,10.1,2.6,3.7,877,925.0,-0.4,1.2,194,-
5537,ＡｌｂａＬｉｎｋ,不動産業,6.0,★☆☆☆☆,0.0,0.0,1.0,0.0,5.0,0.0,0.0,0.0,,,0.0,16.3,5.4,2.0,2589,2904.0,-4.9,0.6,145,MA上昇配列 / パーフェクトオーダー
8804,東京建物,不動産業,6.0,★☆☆☆☆,0.0,0.0,0.0,0.0,6.0,0.0,0.0,0.0,,,0.0,10.1,2.4,2.4,3264,3427.0,-0.5,0.6,3449,-
1969,高砂熱学工業,建設業,6.0,★☆☆☆☆,0.0,6.0,0.0,0.0,0.0,0.0,0.0,0.0,,,0.0,-7.0,3.5,-8.6,4123,4429.0,-5.4,1.1,2446,AIデータセンター・電力(-0.3%)
6289,技研製作所,機械,6.0,★☆☆☆☆,0.0,0.0,0.0,0.0,6.0,0.0,0.0,0.0,,,0.0,11.9,2.3,2.7,1764,1850.0,-1.9,1.0,133,-
3825,リミックスポイント,小売業,6.0,★☆☆☆☆,0.0,0.0,0.0,0.0,6.0,0.0,0.0,0.0,,,0.0,7.6,5.1,1.3,178,198.0,-4.3,0.6,193,-
7609,ダイトロン,卸売業,5.9,★☆☆☆☆,3.4,0.0,0.0,0.0,2.5,0.0,0.0,0.0,,Applied Materials,-5.9,-2.2,4.0,-1.2,3254,3540.0,2.5,0.9,310,Applied Materials+7.1%連動(β0.19)
6806,ヒロセ電機,電気機器,5.9,★☆☆☆☆,2.9,0.0,2.0,0.0,1.0,0.0,0.0,0.0,,SOX指数,-5.7,-2.3,3.6,-0.3,26298,28340.0,3.7,1.3,4346,SOX指数+5.1%連動(β0.23)
8844,コスモスイニシア,不動産業,5.9,★☆☆☆☆,0.0,0.0,3.0,0.0,1.0,0.0,1.9,0.0,,,0.0,12.2,3.3,-1.0,1248,1336.0,-4.0,0.7,133,開示[自己株式の取得](5日前)
6113,アマダ,機械,5.9,★☆☆☆☆,4.9,0.0,0.0,0.0,1.0,0.0,0.0,0.0,,Emerson,-2.2,-3.2,3.9,-3.6,2642,2867.0,0.0,0.5,6623,Emerson+6.1%連動(β0.32)
5471,大同特殊鋼,鉄鋼,5.8,★☆☆☆☆,4.8,0.0,0.0,0.0,1.0,0.0,0.0,0.0,,Emerson,-3.0,-14.7,4.8,-8.2,2173,2405.0,-1.5,1.0,2963,Emerson+6.1%連動(β0.31)
2875,東洋水産,食料品,5.7,★☆☆☆☆,0.0,0.0,0.0,0.0,5.7,0.0,0.0,0.0,,,0.0,12.7,2.0,2.3,10276,10695.0,1.4,0.6,4034,-
7241,フタバ産業,輸送用機器,5.7,★☆☆☆☆,0.0,0.0,0.0,0.0,5.7,0.0,0.0,0.0,,,0.0,9.9,1.9,2.9,961,1000.0,0.8,0.5,252,-
6809,ＴＯＡ,電気機器,5.7,★☆☆☆☆,0.0,0.0,0.0,0.0,5.7,0.0,0.0,0.0,,,0.0,6.0,1.7,1.3,1558,1612.0,1.7,0.6,129,-
4503,アステラス製薬,医薬品,5.7,★☆☆☆☆,0.0,0.0,2.0,0.0,3.7,0.0,0.0,0.0,,,0.0,4.9,2.1,0.5,2077,2166.5,0.9,0.7,14296,-
5032,ＡＮＹＣＯＬＯＲ,情報・通信業,5.7,★☆☆☆☆,0.0,0.0,1.0,0.0,4.7,0.0,0.0,0.0,,,0.0,24.4,3.0,6.3,2323,2473.0,0.7,0.9,1558,-
4025,多木化学,化学,5.7,★☆☆☆☆,0.0,0.0,1.0,0.0,4.7,0.0,0.0,0.0,,,0.0,10.4,3.9,3.7,4627,5020.0,0.9,0.7,134,-
8283,ＰＡＬＴＡＣ,卸売業,5.7,★☆☆☆☆,0.0,0.0,1.0,0.0,4.7,0.0,0.0,0.0,,,0.0,3.7,0.5,-0.1,6555,6620.0,0.3,0.7,1476,52週高値目前
7177,ＧＭＯフィナンシャルホールディングス,証券、商品先物取引業,5.7,★☆☆☆☆,0.0,0.0,0.0,0.0,5.7,0.0,0.0,0.0,,,0.0,9.9,2.8,2.3,985,1043.0,-2.0,0.9,257,-
9504,中国電力,電気・ガス業,5.7,★☆☆☆☆,0.0,0.0,1.0,0.0,4.7,0.0,0.0,0.0,,,0.0,7.7,1.8,1.4,894,926.2000122070312,-0.5,0.9,1310,-
1719,安藤・間,建設業,5.7,★☆☆☆☆,0.0,0.0,0.0,0.0,5.7,0.0,0.0,0.0,,,0.0,9.3,1.5,1.4,1767,1823.0,0.5,0.6,1213,-
4973,日本高純度化学,化学,5.7,★☆☆☆☆,0.0,0.0,5.7,0.0,0.0,0.0,0.0,0.0,,,0.0,-20.1,6.7,-17.1,3828,4425.0,-11.4,6.8,624,出来高急増6.8倍
8032,日本紙パルプ商事,卸売業,5.7,★☆☆☆☆,0.0,0.0,0.0,0.0,5.7,0.0,0.0,0.0,,,0.0,7.4,2.3,0.6,1056,1106.0,-3.3,1.0,186,-
9722,藤田観光,サービス業,5.7,★☆☆☆☆,0.0,0.0,1.0,0.0,4.7,0.0,0.0,0.0,,,0.0,9.3,2.7,1.7,1823,1929.0,0.8,0.4,497,-
6925,ウシオ電機,電気機器,5.7,★☆☆☆☆,4.7,0.0,0.0,0.0,1.0,0.0,0.0,0.0,,Emerson,-7.0,-3.7,5.0,-4.3,3745,4164.0,2.2,0.8,2040,Emerson+6.1%連動(β0.31)
1852,淺沼組,建設業,5.7,★☆☆☆☆,0.0,0.0,1.0,0.0,4.7,0.0,0.0,0.0,,,0.0,9.7,1.7,1.9,833,862.0,0.8,0.5,445,-
2792,ハニーズホールディングス,小売業,5.7,★☆☆☆☆,0.0,0.0,0.0,0.0,5.7,0.0,0.0,0.0,,,0.0,7.7,1.5,1.0,1365,1407.0,0.1,0.6,108,-
9256,サクシード,サービス業,5.7,★☆☆☆☆,0.0,0.0,5.7,0.0,0.0,0.0,0.0,0.0,,,0.0,-51.0,28.9,-49.1,896,2120.0,-55.3,3.2,837,出来高急増3.2倍
8088,岩谷産業,卸売業,5.7,★☆☆☆☆,0.0,0.0,1.0,0.0,4.7,0.0,0.0,0.0,,,0.0,9.0,2.5,1.5,1880,1979.0,0.7,0.8,1549,-
3252,地主,不動産業,5.7,★☆☆☆☆,0.0,0.0,0.0,0.0,5.7,0.0,0.0,0.0,,,0.0,7.6,1.8,0.8,2803,2908.0,-0.4,0.7,320,-
3289,東急不動産ホールディングス,不動産業,5.7,★☆☆☆☆,0.0,0.0,0.0,0.0,5.7,0.0,0.0,0.0,,,0.0,8.5,1.8,1.3,1281,1327.5,-0.3,0.7,3896,-
6417,ＳＡＮＫＹＯ,機械,5.7,★☆☆☆☆,0.0,0.0,1.0,0.0,4.7,0.0,0.0,0.0,,,0.0,14.1,2.0,5.7,1652,1721.5,3.7,1.0,1391,-
3231,野村不動産ホールディングス,不動産業,5.7,★☆☆☆☆,0.0,0.0,0.0,0.0,5.7,0.0,0.0,0.0,,,0.0,7.6,1.6,0.9,917,946.5,-0.7,0.8,2747,-
4343,イオンファンタジー,サービス業,5.5,★☆☆☆☆,0.0,0.0,0.0,0.0,5.5,0.0,0.0,0.0,,,0.0,12.0,2.4,2.8,2539,2666.0,-2.7,0.8,158,MA上昇配列
8136,サンリオ,卸売業,5.5,★☆☆☆☆,0.0,0.0,0.0,0.0,5.5,0.0,0.0,0.0,,,0.0,19.3,4.9,4.7,1046,1159.5,-4.7,0.5,32283,MA上昇配列
9887,松屋フーズホールディングス,小売業,5.5,★☆☆☆☆,0.0,0.0,2.0,0.0,3.5,0.0,0.0,0.0,,,0.0,10.4,2.2,2.0,4687,4900.0,-2.0,0.7,296,-
3673,ブロードリーフ,情報・通信業,5.5,★☆☆☆☆,0.0,0.0,2.0,0.0,3.5,0.0,0.0,0.0,,,0.0,18.4,3.4,2.0,390,419.0,-4.1,0.9,321,-
6849,日本光電工業,電気機器,5.5,★☆☆☆☆,0.0,0.0,0.0,0.0,5.5,0.0,0.0,0.0,,,0.0,11.0,1.8,2.1,1459,1514.0,-2.5,0.9,907,MA上昇配列
3222,ユナイテッド・スーパーマーケット・ホールディングス,小売業,5.5,★☆☆☆☆,0.0,0.0,2.0,0.0,3.5,0.0,0.0,0.0,,,0.0,6.4,1.9,0.4,780,811.0,-0.9,0.8,310,-
9045,京阪ホールディングス,陸運業,5.5,★☆☆☆☆,0.0,0.0,2.0,0.0,3.5,0.0,0.0,0.0,,,0.0,6.4,1.7,0.7,3094,3204.0,-0.7,0.9,761,-
4290,プレステージ・インターナショナル,サービス業,5.5,★☆☆☆☆,0.0,0.0,1.0,0.0,4.5,0.0,0.0,0.0,,,0.0,8.1,1.5,0.8,641,660.0,-2.1,1.0,237,-
8273,イズミ,小売業,5.5,★☆☆☆☆,0.0,0.0,0.0,0.0,5.5,0.0,0.0,0.0,,,0.0,10.0,2.0,2.7,960,999.0,1.2,0.8,448,MA上昇配列
6703,沖電気工業,電気機器,5.4,★☆☆☆☆,3.2,0.0,0.0,0.0,2.2,0.0,0.0,0.0,,SOX指数,-8.2,-9.1,5.3,-2.1,2997,3350.0,0.9,0.8,2279,SOX指数+5.1%連動(β0.25)
2438,アスカネット,サービス業,5.3,★☆☆☆☆,0.0,0.0,5.3,0.0,0.0,0.0,0.0,0.0,,,0.0,10.8,4.5,-2.7,300,330.0,-6.8,0.2,126,買い出来高優勢 / 資金流入増
6768,タムラ製作所,電気機器,5.3,★☆☆☆☆,4.0,0.0,0.0,0.0,0.0,0.0,1.3,0.0,,SOX指数,-0.8,-4.7,4.9,-4.7,804,891.0,-3.0,0.8,601,SOX指数+5.1%連動(β0.31) / 開示[子会社化](5日前)
9616,共立メンテナンス,サービス業,5.2,★☆☆☆☆,0.0,0.0,0.0,0.0,5.2,0.0,0.0,0.0,,,0.0,6.4,2.8,2.0,2890,3064.0,0.4,0.6,3085,MA上昇配列
2593,伊藤園,食料品,5.2,★☆☆☆☆,0.0,0.0,1.0,0.0,4.2,0.0,0.0,0.0,,,0.0,9.7,2.3,1.7,2860,2999.0,-0.6,0.7,1110,MA上昇配列
3002,グンゼ,繊維製品,5.2,★☆☆☆☆,0.0,0.0,0.0,0.0,5.2,0.0,0.0,0.0,,,0.0,6.8,1.3,1.1,3876,3980.0,0.0,0.8,539,MA上昇配列
4431,スマレジ,情報・通信業,5.2,★☆☆☆☆,0.0,0.0,1.0,0.0,4.2,0.0,0.0,0.0,,,0.0,7.3,3.5,2.5,2694,2900.0,0.0,0.9,343,MA上昇配列
6469,放電精密加工研究所,機械,5.2,★☆☆☆☆,0.0,0.0,3.0,0.0,2.2,0.0,0.0,0.0,,,0.0,10.9,7.6,1.7,2299,2710.0,1.5,1.5,428,資金流入増
2897,日清食品ホールディングス,食料品,5.2,★☆☆☆☆,0.0,0.0,1.0,0.0,4.2,0.0,0.0,0.0,,,0.0,9.9,2.4,2.3,2757,2893.5,0.7,0.8,3085,MA上昇配列
4027,テイカ,化学,5.2,★☆☆☆☆,0.0,0.0,2.0,0.0,3.2,0.0,0.0,0.0,,,0.0,3.4,4.0,-0.8,2145,2329.0,-0.5,1.0,143,-
2471,エスプール,サービス業,5.2,★☆☆☆☆,0.0,0.0,1.0,0.0,4.2,0.0,0.0,0.0,,,0.0,9.5,2.6,1.4,253,267.0,0.0,0.6,116,MA上昇配列
4323,日本システム技術,情報・通信業,5.2,★☆☆☆☆,0.0,0.0,3.0,0.0,2.2,0.0,0.0,0.0,,,0.0,23.6,3.1,4.4,1697,1809.0,-1.7,0.5,119,-
5210,日本山村硝子,ガラス・土石製品,5.2,★☆☆☆☆,0.0,0.0,1.0,0.0,4.2,0.0,0.0,0.0,,,0.0,5.8,2.5,0.5,2666,2808.0,1.3,0.8,127,MA上昇配列
3475,グッドコムアセット,不動産業,5.2,★☆☆☆☆,0.0,0.0,2.0,0.0,3.2,0.0,0.0,0.0,,,0.0,10.3,1.4,1.9,1448,1490.0,-0.6,0.8,105,-
3911,Ａｉｍｉｎｇ,情報・通信業,5.2,★☆☆☆☆,0.0,0.0,1.0,0.0,4.2,0.0,0.0,0.0,,,0.0,11.3,3.3,4.5,191,204.0,2.5,1.0,110,MA上昇配列
8934,サンフロンティア不動産,不動産業,5.2,★☆☆☆☆,0.0,0.0,2.0,0.0,3.2,0.0,0.0,0.0,,,0.0,9.1,1.8,1.1,2399,2487.0,-1.9,0.9,281,-
7004,カナデビア,機械,5.2,★☆☆☆☆,5.2,0.0,0.0,0.0,0.0,0.0,0.0,0.0,,Emerson,-0.4,-2.3,3.6,-5.8,1115,1202.0,-1.4,0.8,1030,Emerson+6.1%連動(β0.34)
8185,チヨダ,小売業,5.2,★☆☆☆☆,0.0,0.0,1.0,0.0,4.2,0.0,0.0,0.0,,,0.0,7.1,1.1,0.8,967,990.0,-0.3,1.3,118,MA上昇配列
7552,ハピネット,卸売業,5.2,★☆☆☆☆,0.0,0.0,0.0,0.0,5.2,0.0,0.0,0.0,,,0.0,11.1,2.7,1.6,2874,3040.0,-2.9,0.7,496,MA上昇配列
7630,壱番屋,小売業,5.2,★☆☆☆☆,0.0,0.0,1.0,0.0,4.2,0.0,0.0,0.0,,,0.0,8.6,1.7,1.7,875,906.0,0.2,1.0,321,MA上昇配列
3496,アズーム,不動産業,5.2,★☆☆☆☆,0.0,0.0,1.0,0.0,4.2,0.0,0.0,0.0,,,0.0,11.1,2.5,0.6,4134,4350.0,-5.0,1.2,282,MA上昇配列
6235,オプトラン,機械,5.1,★☆☆☆☆,5.1,0.0,0.0,0.0,0.0,0.0,0.0,0.0,,Applied Materials,-2.0,-17.0,7.0,-10.9,2784,3240.0,-3.6,1.0,1281,Applied Materials+7.1%連動(β0.29)
7734,理研計器,精密機器,5.1,★☆☆☆☆,4.1,0.0,1.0,0.0,0.0,0.0,0.0,0.0,,SOX指数,-0.1,-4.2,3.4,-6.1,3099,3325.0,-2.5,0.5,322,SOX指数+5.1%連動(β0.32)
2931,ユーグレナ,食料品,5.0,★☆☆☆☆,0.0,0.0,0.0,0.0,5.0,0.0,0.0,0.0,,,0.0,10.2,2.3,0.6,324,340.0,-2.3,0.7,232,-
368A,北里コーポレーション,精密機器,5.0,★☆☆☆☆,0.0,0.0,2.0,0.0,3.0,0.0,0.0,0.0,,,0.0,9.4,2.3,2.3,1295,1356.0,0.0,0.6,136,MA上昇配列
2222,寿スピリッツ,食料品,5.0,★☆☆☆☆,0.0,0.0,3.0,0.0,2.0,0.0,0.0,0.0,,,0.0,3.5,2.7,-2.7,2303,2434.0,-7.5,1.6,1428,-
9843,ニトリホールディングス,小売業,5.0,★☆☆☆☆,0.0,0.0,0.0,0.0,5.0,0.0,0.0,0.0,,,0.0,4.4,3.2,0.2,2251,2407.0,-0.3,0.8,7290,-
4452,花王,化学,5.0,★☆☆☆☆,0.0,0.0,0.0,0.0,5.0,0.0,0.0,0.0,,,0.0,8.5,1.9,0.2,3100,3223.0,-1.9,0.8,10686,MA上昇配列
4776,サイボウズ,情報・通信業,5.0,★☆☆☆☆,0.0,0.0,2.0,0.0,3.0,0.0,0.0,0.0,,,0.0,18.8,3.4,1.4,2314,2485.0,-4.8,0.7,820,MA上昇配列
5817,ＪＭＡＣＳ,非鉄金属,5.0,★☆☆☆☆,0.0,0.0,1.0,0.0,4.0,0.0,0.0,0.0,,,0.0,-5.2,7.7,-2.3,772,914.0,-13.0,0.5,173,-
3632,グリーホールディングス,情報・通信業,5.0,★☆☆☆☆,0.0,0.0,2.0,0.0,3.0,0.0,0.0,0.0,,,0.0,11.8,1.7,0.8,374,387.0,-2.8,0.5,292,MA上昇配列
7780,メニコン,精密機器,5.0,★☆☆☆☆,0.0,0.0,0.0,0.0,5.0,0.0,0.0,0.0,,,0.0,2.5,2.3,0.1,1597,1675.0,-2.9,0.8,307,MA上昇配列 / パーフェクトオーダー
4151,協和キリン,医薬品,5.0,★☆☆☆☆,0.0,0.0,0.0,0.0,5.0,0.0,0.0,0.0,,,0.0,7.7,2.3,0.4,2500,2618.0,-1.0,0.7,3007,MA上昇配列 / パーフェクトオーダー
3661,エムアップホールディングス,情報・通信業,5.0,★☆☆☆☆,0.0,0.0,2.0,0.0,3.0,0.0,0.0,0.0,,,0.0,20.8,2.8,2.8,694,736.0,-2.9,0.8,591,MA上昇配列
9502,中部電力,電気・ガス業,5.0,★☆☆☆☆,0.0,0.0,3.0,0.0,2.0,0.0,0.0,0.0,,,0.0,2.7,3.3,-1.3,2802,2999.5,-0.7,0.6,13995,-
2752,フジオフードグループ本社,小売業,5.0,★☆☆☆☆,0.0,0.0,1.0,0.0,4.0,0.0,0.0,0.0,,,0.0,-1.6,1.3,-1.2,1069,1097.0,0.0,0.5,137,-
4996,クミアイ化学工業,化学,5.0,★☆☆☆☆,0.0,0.0,0.0,0.0,5.0,0.0,0.0,0.0,,,0.0,3.8,1.4,1.1,711,732.0,0.8,0.7,274,-
1979,大氣社,建設業,4.9,★☆☆☆☆,3.9,0.0,0.0,0.0,1.0,0.0,0.0,0.0,,Emerson,-0.1,-3.7,3.4,-4.2,4249,4555.0,-0.9,1.2,1250,Emerson+6.1%連動(β0.26)
4026,神島化学工業,ガラス・土石製品,4.8,★☆☆☆☆,0.0,0.0,3.3,0.0,1.5,0.0,0.0,0.0,,,0.0,-3.5,2.8,-4.1,1455,1543.0,-0.5,2.1,102,出来高増2.1倍
543A,ＡＲＣＨＩＯＮ,輸送用機器,4.8,★☆☆☆☆,0.0,0.0,3.3,0.0,1.5,0.0,0.0,0.0,,,0.0,3.3,5.4,-5.5,250,280.0,-5.1,2.3,1884,出来高増2.3倍
4549,栄研化学,医薬品,4.7,★☆☆☆☆,0.0,0.0,1.0,0.0,3.7,0.0,0.0,0.0,,,0.0,7.6,2.6,0.6,2446,2580.0,0.9,0.7,425,-
5016,ＪＸ金属,非鉄金属,4.7,★☆☆☆☆,4.7,0.0,0.0,0.0,0.0,0.0,0.0,0.0,,Dell,-4.1,-18.9,6.8,-9.3,3258,3770.0,-2.1,0.7,93552,Dell+15.2%連動(β0.12)
7071,アンビスホールディングス,サービス業,4.7,★☆☆☆☆,0.0,0.0,0.0,0.0,4.7,0.0,0.0,0.0,,,0.0,13.1,4.2,1.3,330,360.0,-5.8,0.5,121,-
4507,塩野義製薬,医薬品,4.7,★☆☆☆☆,0.0,0.0,0.0,0.0,4.7,0.0,0.0,0.0,,,0.0,9.0,2.3,0.9,2726,2855.5,0.5,0.7,7274,-
5393,ニチアス,ガラス・土石製品,4.7,★☆☆☆☆,2.7,0.0,1.0,0.0,1.0,0.0,0.0,0.0,,SOX指数,-2.3,-13.2,4.2,-9.4,3085,3366.0,-2.0,1.3,2187,SOX指数+5.1%連動(β0.21)
5726,大阪チタニウムテクノロジーズ,非鉄金属,4.7,★☆☆☆☆,0.0,0.0,2.0,0.0,2.7,0.0,0.0,0.0,,,0.0,2.9,5.9,-1.7,2322,2630.0,-3.0,0.9,1307,-
3431,宮地エンジニアリンググループ,金属製品,4.7,★☆☆☆☆,0.0,0.0,0.0,0.0,4.7,0.0,0.0,0.0,,,0.0,6.1,1.5,0.4,1501,1546.0,0.1,0.9,122,-
3480,ジェイ・エス・ビー,不動産業,4.7,★☆☆☆☆,0.0,0.0,0.0,0.0,4.7,0.0,0.0,0.0,,,0.0,4.0,0.3,-0.0,8927,8980.0,-0.1,0.5,611,52週高値目前
4552,ＪＣＲファーマ,医薬品,4.7,★☆☆☆☆,0.0,0.0,0.0,0.0,4.7,0.0,0.0,0.0,,,0.0,17.9,3.0,8.2,486,517.0,-1.0,0.6,309,-
7777,スリー・ディー・マトリックス,精密機器,4.7,★☆☆☆☆,0.0,0.0,2.0,0.0,2.7,0.0,0.0,0.0,,,0.0,5.5,5.1,-2.3,308,343.0,-2.3,0.6,615,-
8086,ニプロ,精密機器,4.7,★☆☆☆☆,0.0,0.0,1.0,0.0,3.7,0.0,0.0,0.0,,,0.0,0.7,1.7,-0.9,1516,1570.0,-0.6,1.0,806,-
3040,ソリトンシステムズ,情報・通信業,4.7,★☆☆☆☆,0.0,0.0,1.0,0.0,3.7,0.0,0.0,0.0,,,0.0,7.0,2.5,-0.3,1857,1957.0,-2.5,1.4,106,-
6134,ＦＵＪＩ,機械,4.7,★☆☆☆☆,3.7,0.0,0.0,0.0,1.0,0.0,0.0,0.0,,Applied Materials,-0.6,-8.3,6.3,-7.4,6498,7428.0,-2.8,0.6,6097,Applied Materials+7.1%連動(β0.21)
5632,三菱製鋼,鉄鋼,4.7,★☆☆☆☆,0.0,0.0,0.0,0.0,4.7,0.0,0.0,0.0,,,0.0,2.2,2.6,-0.1,2066,2177.0,1.4,0.5,138,-
9766,コナミグループ,情報・通信業,4.7,★☆☆☆☆,0.0,0.0,1.0,0.0,3.7,0.0,0.0,0.0,,,0.0,9.4,2.8,1.0,17285,18320.0,0.5,0.8,9309,-
1948,弘電社,建設業,4.7,★☆☆☆☆,0.0,0.0,0.0,0.0,4.7,0.0,0.0,0.0,,,0.0,3.3,0.2,-0.4,11349,11400.0,-0.2,0.0,400,52週高値目前
281A,インフォメティス,情報・通信業,4.7,★☆☆☆☆,0.0,0.0,4.7,0.0,0.0,0.0,0.0,0.0,,,0.0,-36.3,9.0,-21.6,369,450.0,-6.1,3.1,193,出来高急増3.1倍
547A,ムニノバホールディングス,その他金融業,4.7,★☆☆☆☆,0.0,0.0,0.0,0.0,4.7,0.0,0.0,0.0,,,0.0,7.2,2.4,1.6,428,450.0,2.0,0.7,683,-
4894,クオリプス,医薬品,4.7,★☆☆☆☆,0.0,0.0,4.7,0.0,0.0,0.0,0.0,0.0,,,0.0,11.4,8.4,-4.3,3482,4190.0,-7.0,3.5,705,出来高急増3.5倍
8801,三井不動産,不動産業,4.7,★☆☆☆☆,0.0,0.0,0.0,0.0,4.7,0.0,0.0,0.0,,,0.0,9.1,2.0,1.9,1487,1550.0,0.1,0.7,13490,-
5013,ユシロ,石油・石炭製品,4.6000000000000005,★☆☆☆☆,0.0,0.0,0.0,0.0,3.7,0.0,0.9,0.0,,,0.0,4.9,4.7,-1.2,2649,2925.0,-0.1,0.7,182,開示[自己株式の取得](10日前)
7995,バルカー,化学,4.6,★☆☆☆☆,4.6,0.0,0.0,0.0,0.0,0.0,0.0,0.0,,Emerson,-3.4,-9.6,4.1,-5.1,6096,6640.0,0.3,1.2,664,Emerson+6.1%連動(β0.30)
4095,日本パーカライジング,化学,4.6,★☆☆☆☆,3.6,0.0,0.0,0.0,1.0,0.0,0.0,0.0,,Emerson,-1.0,1.2,1.8,-0.2,1620,1680.0,3.0,0.7,355,Emerson+6.1%連動(β0.23)
9474,ゼンリン,情報・通信業,4.5,★☆☆☆☆,0.0,0.0,1.0,0.0,3.5,0.0,0.0,0.0,,,0.0,10.9,1.4,2.2,882,908.0,-1.1,1.0,153,-
4005,住友化学,化学,4.5,★☆☆☆☆,0.0,0.0,1.0,0.0,3.5,0.0,0.0,0.0,,,0.0,7.4,3.3,1.0,503,538.5999755859375,-0.4,0.8,6315,-
6058,ベクトル,サービス業,4.5,★☆☆☆☆,0.0,0.0,3.0,0.0,1.0,0.0,0.5,0.0,,,0.0,8.2,5.8,-1.6,1548,1750.0,2.6,0.9,998,資金流入増 / 開示[業績予想の修正](11日前)
2980,ＳＲＥホールディングス,不動産業,4.5,★☆☆☆☆,0.0,0.0,2.0,0.0,2.5,0.0,0.0,0.0,,,0.0,10.7,3.3,0.9,2353,2518.0,-1.9,0.6,789,-
247A,Ａｉロボティクス,化学,4.5,★☆☆☆☆,0.0,0.0,1.0,0.0,3.5,0.0,0.0,0.0,,,0.0,14.6,4.2,3.4,745,814.0,1.6,0.9,674,-
5036,日本ビジネスシステムズ,情報・通信業,4.5,★☆☆☆☆,0.0,0.0,1.0,0.0,3.5,0.0,0.0,0.0,,,0.0,14.3,2.7,1.3,1449,1531.0,-2.1,0.8,126,-
2531,宝ホールディングス,食料品,4.5,★☆☆☆☆,0.0,0.0,0.0,0.0,4.5,0.0,0.0,0.0,,,0.0,-1.7,2.8,-1.0,2039,2160.0,-0.1,0.6,1171,-
4390,ＩＰＳ,情報・通信業,4.5,★☆☆☆☆,0.0,0.0,2.0,0.0,2.5,0.0,0.0,0.0,,,0.0,7.4,3.5,-0.6,3230,3470.0,-0.3,0.6,262,-
5216,倉元製作所,ガラス・土石製品,4.5,★☆☆☆☆,0.0,0.0,3.3,0.0,1.2,0.0,0.0,0.0,,,0.0,4.6,7.2,-0.9,133,155.0,-1.3,0.4,131,買い出来高優勢
4519,中外製薬,医薬品,4.5,★☆☆☆☆,0.0,0.0,2.0,0.0,2.5,0.0,0.0,0.0,,,0.0,3.3,2.5,0.3,7043,7416.0,2.4,1.2,18208,-
9024,西武ホールディングス,陸運業,4.5,★☆☆☆☆,0.0,0.0,1.0,0.0,3.5,0.0,0.0,0.0,,,0.0,21.9,3.3,6.0,3329,3560.0,-1.1,1.1,6770,-
4109,ステラ　ケミファ,化学,4.5,★☆☆☆☆,4.5,0.0,0.0,0.0,0.0,0.0,0.0,0.0,,Emerson,-1.0,-14.5,4.4,-9.8,5076,5560.0,-2.8,0.6,410,Emerson+6.1%連動(β0.29)
9425,ＲｅＹｕｕ　Ｊａｐａｎ,情報・通信業,4.5,★☆☆☆☆,0.0,0.0,3.0,0.0,1.0,0.0,0.5,0.0,,,0.0,32.0,14.8,2.2,148,210.0,-0.9,0.3,355,開示[業務提携](11日前)
5331,ノリタケ,ガラス・土石製品,4.4,★☆☆☆☆,4.4,0.0,0.0,0.0,0.0,0.0,0.0,0.0,,Emerson,-4.8,-15.7,3.9,-9.4,3211,3485.0,1.5,0.6,1129,Emerson+6.1%連動(β0.29)
5706,三井金属,非鉄金属,4.3,★☆☆☆☆,4.3,0.0,0.0,0.0,0.0,0.0,0.0,0.0,,SOX指数,-4.7,-27.2,8.0,-17.2,26810,31910.0,-1.1,0.5,48485,SOX指数+5.1%連動(β0.33)
5253,カバー,情報・通信業,4.3,★☆☆☆☆,0.0,0.0,4.3,0.0,0.0,0.0,0.0,0.0,,,0.0,19.9,7.6,-9.0,1145,1350.0,-19.5,2.7,2984,出来高増2.7倍
6962,大真空,電気機器,4.3,★☆☆☆☆,4.3,0.0,0.0,0.0,0.0,0.0,0.0,0.0,,SOX指数,-1.7,-16.9,5.2,-11.5,685,765.0,-1.3,0.4,565,SOX指数+5.1%連動(β0.33)
2613,Ｊ－オイルミルズ,食料品,4.2,★☆☆☆☆,0.0,0.0,1.0,0.0,3.2,0.0,0.0,0.0,,,0.0,5.8,1.4,-0.2,2009,2067.0,-1.4,0.6,117,-
8848,レオパレス２１,不動産業,4.2,★☆☆☆☆,0.0,0.0,2.0,0.0,2.2,0.0,0.0,0.0,,,0.0,6.5,2.0,-0.3,624,650.0,-2.8,1.9,638,-
7164,全国保証,その他金融業,4.2,★☆☆☆☆,0.0,0.0,1.0,0.0,3.2,0.0,0.0,0.0,,,0.0,7.8,1.6,0.8,2963,3064.0,-0.3,0.6,1338,-
5989,エイチワン,金属製品,4.2,★☆☆☆☆,0.0,0.0,2.0,0.0,2.2,0.0,0.0,0.0,,,0.0,9.4,2.5,-0.1,1469,1547.0,-2.4,0.8,201,-
5930,文化シヤッター,金属製品,4.2,★☆☆☆☆,0.0,0.0,0.0,0.0,4.2,0.0,0.0,0.0,,,0.0,6.4,1.7,0.8,1863,1930.0,0.5,0.7,145,MA上昇配列
7715,長野計器,精密機器,4.2,★☆☆☆☆,4.2,0.0,0.0,0.0,0.0,0.0,0.0,0.0,,Applied Materials,-2.3,-15.0,5.1,-8.0,3444,3835.0,-1.8,0.5,458,Applied Materials+7.1%連動(β0.24)
6701,日本電気,電気機器,4.2,★☆☆☆☆,0.0,0.0,2.0,0.0,2.2,0.0,0.0,0.0,,,0.0,17.1,3.5,2.4,3954,4249.0,-4.3,0.5,28074,-
3104,富士紡ホールディングス,繊維製品,4.2,★☆☆☆☆,3.2,0.0,0.0,0.0,1.0,0.0,0.0,0.0,,Applied Materials,-6.9,-3.2,5.5,-2.6,3541,3980.0,2.6,0.5,702,Applied Materials+7.1%連動(β0.18)
3167,ＴＯＫＡＩホールディングス,卸売業,4.2,★☆☆☆☆,0.0,0.0,1.0,0.0,3.2,0.0,0.0,0.0,,,0.0,4.3,1.6,-0.4,1104,1140.0,-0.5,0.8,243,-
7826,フルヤ金属,その他製品,4.1,★☆☆☆☆,4.1,0.0,0.0,0.0,0.0,0.0,0.0,0.0,,SOX指数,-1.3,-20.1,6.4,-12.7,5837,6690.0,-4.2,0.7,2935,SOX指数+5.1%連動(β0.32)
4958,長谷川香料,化学,4.0,★☆☆☆☆,0.0,0.0,2.0,0.0,2.0,0.0,0.0,0.0,,,0.0,2.6,1.4,-0.3,3135,3225.0,-0.9,1.6,182,-
5074,テスホールディングス,建設業,4.0,★☆☆☆☆,0.0,0.0,3.3,0.0,0.0,0.0,0.7,0.0,,,0.0,-24.2,9.1,-16.9,592,723.0,-9.3,2.3,1898,出来高増2.3倍 / 開示[受注](9日前)
9960,東テク,卸売業,4.0,★☆☆☆☆,0.0,0.0,2.0,0.0,2.0,0.0,0.0,0.0,,,0.0,6.7,3.6,-0.1,3795,4090.0,-0.7,1.6,406,-
5463,丸一鋼管,鉄鋼,4.0,★☆☆☆☆,0.0,0.0,2.0,0.0,2.0,0.0,0.0,0.0,,,0.0,12.8,3.0,-0.5,1687,1793.0,-2.6,0.4,1678,-
2207,ｍｅｉｔｏ,食料品,4.0,★☆☆☆☆,0.0,0.0,2.0,0.0,2.0,0.0,0.0,0.0,,,0.0,4.8,1.9,-0.1,3038,3155.0,0.5,0.9,106,-
6965,浜松ホトニクス,電気機器,4.0,★☆☆☆☆,4.0,0.0,0.0,0.0,0.0,0.0,0.0,0.0,,SOX指数,-0.9,-9.9,4.8,-7.5,2134,2360.0,-1.6,0.9,7684,SOX指数+5.1%連動(β0.32)
4658,日本空調サービス,サービス業,4.0,★☆☆☆☆,0.0,0.0,2.0,0.0,2.0,0.0,0.0,0.0,,,0.0,5.1,1.9,-0.3,1542,1601.0,-1.3,1.3,116,-
1982,日比谷総合設備,建設業,4.0,★☆☆☆☆,0.0,0.0,3.0,0.0,1.0,0.0,0.0,0.0,,,0.0,-2.6,4.0,-4.2,2653,2886.0,0.5,1.3,235,-
9229,サンウェルズ,サービス業,4.0,★☆☆☆☆,0.0,0.0,4.0,0.0,0.0,0.0,0.0,0.0,,,0.0,17.8,7.3,-6.4,113,132.0,-10.2,0.1,105,資金流入増
3891,ニッポン高度紙工業,パルプ・紙,4.0,★☆☆☆☆,4.0,0.0,0.0,0.0,0.0,0.0,0.0,0.0,,SOX指数,-1.0,-27.7,8.5,-17.7,5919,7130.0,-5.7,0.5,1364,SOX指数+5.1%連動(β0.32)
3776,ブロードバンドタワー,情報・通信業,3.8,★☆☆☆☆,0.0,0.0,2.0,0.0,0.0,0.0,1.8,0.0,,,0.0,-11.4,6.0,-15.1,208,236.0,-17.5,1.6,207,開示[業績予想の修正](4日前)
1871,ピーエス・コンストラクション,建設業,3.7,★☆☆☆☆,0.0,0.0,0.0,0.0,3.7,0.0,0.0,0.0,,,0.0,8.8,2.7,1.9,2132,2254.0,1.0,0.9,182,-
1802,大林組,建設業,3.7,★☆☆☆☆,0.0,0.0,0.0,0.0,3.7,0.0,0.0,0.0,,,0.0,9.3,2.5,1.2,3121,3284.0,1.3,0.8,7661,-
6996,ニチコン,電気機器,3.7,★☆☆☆☆,3.7,0.0,0.0,0.0,0.0,0.0,0.0,0.0,,SOX指数,-1.3,-28.6,8.3,-19.5,2539,3045.0,-5.7,0.9,4853,SOX指数+5.1%連動(β0.29)
6882,三社電機製作所,電気機器,3.7,★☆☆☆☆,3.7,0.0,0.0,0.0,0.0,0.0,0.0,0.0,,SOX指数,-1.3,-15.0,3.6,-8.5,1053,1135.0,-0.8,0.4,105,SOX指数+5.1%連動(β0.29)
6332,月島ホールディングス,機械,3.7,★☆☆☆☆,0.0,0.0,0.0,0.0,3.7,0.0,0.0,0.0,,,0.0,7.3,2.3,1.1,2544,2669.0,0.7,0.7,283,-
3350,メタプラネット,卸売業,3.7,★☆☆☆☆,0.0,0.0,1.0,0.0,2.7,0.0,0.0,0.0,,,0.0,5.3,8.1,-2.0,187,223.0,-4.3,1.0,4906,-
6366,千代田化工建設,建設業,3.7,★☆☆☆☆,0.0,0.0,0.0,0.0,3.7,0.0,0.0,0.0,,,0.0,6.9,4.7,1.8,640,707.0,5.4,0.9,1980,-
7033,マネジメントソリューションズ,サービス業,3.7,★☆☆☆☆,0.0,0.0,0.0,0.0,3.7,0.0,0.0,0.0,,,0.0,5.8,2.1,-0.5,1287,1344.0,-1.2,0.5,120,-
6378,木村化工機,機械,3.7,★☆☆☆☆,0.0,0.0,1.0,0.0,2.7,0.0,0.0,0.0,,,0.0,1.1,3.7,-1.0,1112,1201.0,-3.3,0.6,185,-
8303,ＳＢＩ新生銀行,銀行業,3.7,★☆☆☆☆,0.0,0.0,1.0,0.0,2.7,0.0,0.0,0.0,,,0.0,6.0,2.6,-0.6,1349,1423.5,-2.4,0.9,4351,-
4593,ヘリオス,医薬品,3.7,★☆☆☆☆,0.0,0.0,1.0,0.0,2.7,0.0,0.0,0.0,,,0.0,0.7,5.8,-5.9,211,239.0,-10.5,1.2,310,-
4569,杏林製薬,医薬品,3.7,★☆☆☆☆,0.0,0.0,0.0,0.0,3.7,0.0,0.0,0.0,,,0.0,7.0,1.6,1.4,1139,1177.0,1.3,0.8,183,-
3903,ｇｕｍｉ,情報・通信業,3.7,★☆☆☆☆,0.0,0.0,0.0,0.0,3.7,0.0,0.0,0.0,,,0.0,12.0,4.4,2.0,221,242.0,-0.4,0.6,144,-
350A,デジタルグリッド,電気・ガス業,3.7,★☆☆☆☆,0.0,0.0,1.0,0.0,2.7,0.0,0.0,0.0,,,0.0,6.7,4.9,-1.0,684,758.0,-3.7,0.6,220,-
6644,大崎電気工業,電気機器,3.7,★☆☆☆☆,0.0,0.0,0.0,0.0,3.7,0.0,0.0,0.0,,,0.0,7.1,2.6,0.8,1429,1508.0,0.1,0.7,269,-
3778,さくらインターネット,情報・通信業,3.7,★☆☆☆☆,0.0,0.0,1.0,0.0,2.7,0.0,0.0,0.0,,,0.0,-1.7,4.3,-2.7,2577,2818.0,-3.7,0.6,2278,-
4889,レナサイエンス,医薬品,3.7,★☆☆☆☆,0.0,0.0,0.0,0.0,2.7,0.0,1.0,0.0,,,0.0,-5.2,7.5,-2.4,1274,1499.0,-1.5,0.4,595,開示[AI](5日前)
5857,ＡＲＥホールディングス,非鉄金属,3.7,★☆☆☆☆,0.0,0.0,0.0,0.0,3.7,0.0,0.0,0.0,,,0.0,11.7,3.0,1.9,2898,3080.0,0.5,0.8,1960,-
1815,鉄建建設,建設業,3.6,★☆☆☆☆,0.0,0.0,1.0,0.0,2.2,0.0,0.4,0.0,,,0.0,7.5,3.5,0.2,4189,4500.0,-1.7,1.1,378,開示[増配](12日前)
4047,関東電化工業,化学,3.6,★☆☆☆☆,3.6,0.0,0.0,0.0,0.0,0.0,0.0,0.0,,SOX指数,-1.9,-27.2,6.9,-15.6,2408,2790.0,-4.6,0.8,1890,SOX指数+5.1%連動(β0.28)
6914,オプテックスグループ,電気機器,3.6,★☆☆☆☆,3.6,0.0,0.0,0.0,0.0,0.0,0.0,0.0,,SOX指数,-1.3,-12.1,4.4,-9.0,3287,3605.0,-2.6,0.9,574,SOX指数+5.1%連動(β0.28)
6516,山洋電気,電気機器,3.6,★☆☆☆☆,3.6,0.0,0.0,0.0,0.0,0.0,0.0,0.0,,SOX指数,-3.5,-15.8,4.4,-8.9,5216,5720.0,-1.0,0.8,775,SOX指数+5.1%連動(β0.28)
5592,くすりの窓口,情報・通信業,3.6,★☆☆☆☆,0.0,0.0,2.0,0.0,0.0,0.0,1.6,0.0,,,0.0,3.6,3.0,-3.8,2143,2282.0,-5.2,0.2,245,開示[子会社化](3日前)
5992,中央発條,金属製品,3.5,★☆☆☆☆,0.0,0.0,1.0,0.0,2.5,0.0,0.0,0.0,,,0.0,2.0,3.2,-0.8,3512,3750.0,1.4,0.7,192,-
3652,ディジタルメディアプロフェッショナル,情報・通信業,3.5,★☆☆☆☆,0.0,0.0,2.0,0.0,1.5,0.0,0.0,0.0,,,0.0,-9.4,6.0,-5.7,1983,2254.0,-0.7,1.2,132,-
7564,ワークマン,小売業,3.5,★☆☆☆☆,0.0,0.0,2.0,0.0,1.5,0.0,0.0,0.0,,,0.0,-10.3,3.1,-6.5,5447,5810.0,2.5,1.5,2791,-
4886,あすか製薬ホールディングス,医薬品,3.5,★☆☆☆☆,0.0,0.0,2.0,0.0,1.5,0.0,0.0,0.0,,,0.0,3.7,2.2,-2.0,2133,2230.0,0.8,0.7,142,-
6183,ベルシステム２４ホールディングス,サービス業,3.5,★☆☆☆☆,0.0,0.0,0.0,0.0,3.5,0.0,0.0,0.0,,,0.0,7.5,1.8,0.2,1316,1367.0,0.1,0.6,357,-
5590,ネットスターズ,情報・通信業,3.5,★☆☆☆☆,0.0,0.0,2.0,0.0,1.5,0.0,0.0,0.0,,,0.0,6.9,4.5,-1.5,606,666.0,-4.6,0.5,119,-
3402,東レ,繊維製品,3.5,★☆☆☆☆,0.0,0.0,0.0,0.0,3.5,0.0,0.0,0.0,,,0.0,3.6,2.2,-0.0,1103,1154.0,-1.1,0.6,4864,-
6666,リバーエレテック,電気機器,3.5,★☆☆☆☆,0.0,0.0,2.0,0.0,1.5,0.0,0.0,0.0,,,0.0,-18.6,7.2,-10.2,653,763.0,1.9,1.7,157,-
4813,ＡＣＣＥＳＳ,情報・通信業,3.5,★☆☆☆☆,0.0,0.0,2.0,0.0,1.5,0.0,0.0,0.0,,,0.0,2.8,4.8,-3.3,303,335.0,-0.3,0.7,273,資金流入増
141A,トライアルホールディングス,小売業,3.5,★☆☆☆☆,0.0,0.0,0.0,0.0,3.5,0.0,0.0,0.0,,,0.0,3.3,3.2,0.1,2797,2989.0,-1.4,0.5,1801,-
7238,曙ブレーキ工業,輸送用機器,3.5,★☆☆☆☆,0.0,0.0,2.0,0.0,1.5,0.0,0.0,0.0,,,0.0,4.9,3.1,-1.2,101,108.0,-2.7,1.7,159,-
4272,日本化薬,化学,3.5,★☆☆☆☆,0.0,0.0,0.0,0.0,3.5,0.0,0.0,0.0,,,0.0,0.3,1.7,-1.3,1915,1982.0,1.1,0.9,1160,-
4222,児玉化学工業,化学,3.5,★☆☆☆☆,0.0,0.0,2.0,0.0,1.5,0.0,0.0,0.0,,,0.0,-7.1,4.1,-9.2,543,592.0,-5.6,2.0,116,-
4620,藤倉化成,化学,3.4,★☆☆☆☆,0.0,0.0,1.0,0.0,0.0,0.0,2.4,0.0,,,0.0,-10.8,4.3,-10.1,839,919.0,-5.0,1.4,105,開示[自己株式の取得](3日前)
9880,イノテック,電気機器,3.4,★☆☆☆☆,3.4,0.0,0.0,0.0,0.0,0.0,0.0,0.0,,Applied Materials,-1.3,-18.7,5.1,-11.6,2974,3315.0,-3.2,0.7,440,Applied Materials+7.1%連動(β0.19)
6255,エヌ・ピー・シー,機械,3.3,★☆☆☆☆,0.0,0.0,3.3,0.0,0.0,0.0,0.0,0.0,,,0.0,-14.5,5.4,-15.7,518,581.0,-12.6,2.7,186,出来高増2.7倍
7130,ヤマエグループホールディングス,卸売業,3.3,★☆☆☆☆,0.0,0.0,3.3,0.0,0.0,0.0,0.0,0.0,,,0.0,6.6,2.3,-2.5,2732,2864.0,-7.6,0.7,220,買い出来高優勢
1950,日本電設工業,建設業,3.3,★☆☆☆☆,0.0,0.0,3.3,0.0,0.0,0.0,0.0,0.0,,,0.0,-2.9,3.0,-4.0,3826,4075.0,1.5,2.1,408,出来高増2.1倍
4182,三菱瓦斯化学,化学,3.3,★☆☆☆☆,3.3,0.0,0.0,0.0,0.0,0.0,0.0,0.0,,SOX指数,0.0,-12.9,4.8,-9.8,3964,4383.0,-4.7,0.8,4590,SOX指数+5.1%連動(β0.24)
7280,ミツバ,電気機器,3.3,★☆☆☆☆,0.0,0.0,3.3,0.0,0.0,0.0,0.0,0.0,,,0.0,6.6,2.8,-1.7,1079,1143.0,-1.9,0.5,281,買い出来高優勢
3083,スターシーズ,小売業,3.3,★☆☆☆☆,0.0,0.0,3.3,0.0,0.0,0.0,0.0,0.0,,,0.0,-2.4,5.2,-2.5,863,962.0,-1.5,2.8,100,出来高増2.8倍
1980,ダイダン,建設業,3.3,★☆☆☆☆,0.0,0.0,3.3,0.0,0.0,0.0,0.0,0.0,,,0.0,-5.5,4.2,-5.2,2407,2630.0,-1.6,2.1,1564,出来高増2.1倍
6674,ジーエス・ユアサ　コーポレーション,電気機器,3.3,★☆☆☆☆,3.3,0.0,0.0,0.0,0.0,0.0,0.0,0.0,,SOX指数,-3.7,-14.0,5.0,-8.9,5269,5850.0,-0.9,0.8,5034,SOX指数+5.1%連動(β0.26)
218A,Ｌｉｂｅｒａｗａｒｅ,精密機器,3.2,★☆☆☆☆,0.0,0.0,2.0,0.0,1.2,0.0,0.0,0.0,,,0.0,6.5,11.9,-4.2,778,1022.0,-6.5,0.2,861,-
9882,イエローハット,卸売業,3.2,★☆☆☆☆,0.0,0.0,0.0,0.0,3.2,0.0,0.0,0.0,,,0.0,5.3,1.8,-0.2,1722,1787.0,-2.2,0.7,328,-
2659,サンエー,小売業,3.2,★☆☆☆☆,0.0,0.0,0.0,0.0,3.2,0.0,0.0,0.0,,,0.0,4.8,2.7,-0.8,2998,3170.0,-0.8,0.6,652,-
2594,キーコーヒー,食料品,3.2,★☆☆☆☆,0.0,0.0,1.0,0.0,2.2,0.0,0.0,0.0,,,0.0,4.1,0.7,-0.5,1938,1967.0,-0.8,1.2,116,-
6071,ＩＢＪ,サービス業,3.2,★☆☆☆☆,0.0,0.0,2.0,0.0,1.2,0.0,0.0,0.0,,,0.0,9.6,2.7,-1.2,760,803.0,-6.3,1.2,148,-
9247,ＴＲＥホールディングス,サービス業,3.2,★☆☆☆☆,0.0,0.0,0.0,0.0,3.2,0.0,0.0,0.0,,,0.0,2.0,3.4,-0.8,1973,2115.0,-3.0,0.5,798,-
3837,アドソル日進,情報・通信業,3.2,★☆☆☆☆,0.0,0.0,1.0,0.0,2.2,0.0,0.0,0.0,,,0.0,15.3,2.8,2.5,1376,1458.0,0.4,0.6,134,-
5981,東京製綱,金属製品,3.2,★☆☆☆☆,0.0,0.0,0.0,0.0,3.2,0.0,0.0,0.0,,,0.0,3.5,2.7,-0.3,1852,1957.0,0.2,0.5,151,-
3038,神戸物産,卸売業,3.2,★☆☆☆☆,0.0,0.0,1.0,0.0,2.2,0.0,0.0,0.0,,,0.0,7.7,2.6,0.4,2519,2659.0,-0.7,1.0,3494,-
8218,コメリ,小売業,3.2,★☆☆☆☆,0.0,0.0,0.0,0.0,3.2,0.0,0.0,0.0,,,0.0,3.3,1.7,-0.1,3379,3495.0,0.3,0.8,227,-
9336,大栄環境,サービス業,3.2,★☆☆☆☆,0.0,0.0,1.0,0.0,2.2,0.0,0.0,0.0,,,0.0,7.5,2.9,-0.7,3558,3775.0,-0.1,0.8,571,-
9684,スクウェア・エニックス・ホールディングス,情報・通信業,3.2,★☆☆☆☆,0.0,0.0,1.0,0.0,2.2,0.0,0.0,0.0,,,0.0,10.1,2.4,0.7,2386,2506.5,0.3,0.7,2442,-
8227,しまむら,小売業,3.2,★☆☆☆☆,0.0,0.0,2.0,0.0,1.2,0.0,0.0,0.0,,,0.0,5.1,2.1,-0.9,3161,3300.0,-1.4,0.7,2903,-
1939,四電工,建設業,3.2,★☆☆☆☆,0.0,0.0,0.0,0.0,3.2,0.0,0.0,0.0,,,0.0,1.9,2.1,-0.8,1905,1990.0,0.7,0.6,156,-
3549,クスリのアオキホールディングス,小売業,3.2,★☆☆☆☆,0.0,0.0,2.0,0.0,1.2,0.0,0.0,0.0,,,0.0,8.4,3.5,-0.1,3463,3720.0,-2.9,0.8,929,-
9404,日本テレビホールディングス,情報・通信業,3.2,★☆☆☆☆,0.0,0.0,1.0,0.0,2.2,0.0,0.0,0.0,,,0.0,9.6,2.1,0.5,2731,2850.5,-0.9,0.5,1442,-
8892,エスコン,不動産業,3.2,★☆☆☆☆,0.0,0.0,0.0,0.0,3.2,0.0,0.0,0.0,,,0.0,8.0,1.6,0.4,1062,1097.0,-1.1,1.1,161,-
2801,キッコーマン,食料品,3.2,★☆☆☆☆,0.0,0.0,1.0,0.0,2.2,0.0,0.0,0.0,,,0.0,2.5,2.6,-0.9,1528,1613.0,-1.2,0.6,5590,-
4099,四国化成ホールディングス,化学,3.2,★☆☆☆☆,3.2,0.0,0.0,0.0,0.0,0.0,0.0,0.0,,SOX指数,-3.6,-20.0,6.9,-11.8,2376,2759.0,-0.8,0.7,1155,SOX指数+5.1%連動(β0.25)
8278,フジ,小売業,3.2,★☆☆☆☆,0.0,0.0,1.0,0.0,2.2,0.0,0.0,0.0,,,0.0,6.0,1.9,0.3,1900,1976.0,0.4,0.7,204,-
3844,コムチュア,情報・通信業,3.2,★☆☆☆☆,0.0,0.0,1.0,0.0,2.2,0.0,0.0,0.0,,,0.0,13.0,1.9,1.6,1288,1339.0,-2.8,0.6,213,-
3612,ワールド,繊維製品,3.2,★☆☆☆☆,0.0,0.0,0.0,0.0,3.2,0.0,0.0,0.0,,,0.0,5.0,2.0,-0.5,1523,1588.0,-2.5,1.0,422,-
2702,日本マクドナルドホールディングス,小売業,3.2,★☆☆☆☆,0.0,0.0,0.0,0.0,3.2,0.0,0.0,0.0,,,0.0,6.5,2.1,0.7,7271,7590.0,1.1,0.5,5824,-
4180,Ａｐｐｉｅｒ　Ｇｒｏｕｐ,情報・通信業,3.2,★☆☆☆☆,0.0,0.0,2.0,0.0,1.2,0.0,0.0,0.0,,,0.0,20.2,4.5,-0.4,775,852.0,-7.6,1.3,994,-
5201,ＡＧＣ,ガラス・土石製品,3.1,★☆☆☆☆,3.1,0.0,0.0,0.0,0.0,0.0,0.0,0.0,,SOX指数,0.2,-9.6,3.2,-7.6,5794,6187.0,-3.7,0.8,7839,SOX指数+5.1%連動(β0.20)
4825,ウェザーニューズ,情報・通信業,3.0,★☆☆☆☆,0.0,0.0,0.0,0.0,1.0,0.0,2.0,0.0,,,0.0,0.9,2.4,-4.0,1830,1920.0,-4.7,0.9,451,開示[買収](3日前)
3696,セレス,情報・通信業,3.0,★☆☆☆☆,0.0,0.0,0.0,0.0,3.0,0.0,0.0,0.0,,,0.0,25.4,3.3,1.1,1928,2063.0,-3.8,0.5,462,MA上昇配列
1407,ウエストホールディングス,建設業,3.0,★☆☆☆☆,0.0,0.0,0.0,0.0,6.0,0.0,0.0,-3.0,,,0.0,26.2,6.4,15.1,2441,2800.0,1.9,1.0,1807,伸びすぎ注意(25MA+15%)
2670,エービーシー・マート,小売業,3.0,★☆☆☆☆,0.0,0.0,2.0,0.0,1.0,0.0,0.0,0.0,,,0.0,-2.1,3.3,-3.5,2464,2637.0,-0.4,0.5,2712,-
9941,太洋物産,卸売業,3.0,★☆☆☆☆,0.0,0.0,3.0,0.0,0.0,0.0,0.0,0.0,,,0.0,9.2,9.4,-4.6,1065,1311.0,-4.9,0.1,439,-
6804,ホシデン,電気機器,3.0,★☆☆☆☆,0.0,0.0,1.0,0.0,2.0,0.0,0.0,0.0,,,0.0,4.1,2.2,-0.3,2644,2765.0,1.5,0.8,558,-
9956,バローホールディングス,小売業,3.0,★☆☆☆☆,0.0,0.0,2.0,0.0,1.0,0.0,0.0,0.0,,,0.0,-10.7,3.4,-6.8,3004,3220.0,-3.0,0.4,2633,資金流入増
7733,オリンパス,精密機器,3.0,★☆☆☆☆,0.0,0.0,0.0,0.0,3.0,0.0,0.0,0.0,,,0.0,9.7,2.4,0.4,1646,1729.5,-1.0,0.7,7017,MA上昇配列
8084,ＲＹＯＤＥＮ,卸売業,3.0,★☆☆☆☆,0.0,0.0,1.0,0.0,2.0,0.0,0.0,0.0,,,0.0,3.6,2.3,-1.1,3694,3870.0,-0.3,0.7,133,-
3765,ガンホー・オンライン・エンターテイメント,情報・通信業,3.0,★☆☆☆☆,0.0,0.0,2.0,0.0,1.0,0.0,0.0,0.0,,,0.0,9.5,2.1,1.4,2231,2330.0,-0.9,0.9,515,-
3769,ＧＭＯペイメントゲートウェイ,情報・通信業,3.0,★☆☆☆☆,0.0,0.0,0.0,0.0,3.0,0.0,0.0,0.0,,,0.0,17.3,3.0,0.7,8821,9381.0,-4.0,1.0,2624,MA上昇配列
1975,朝日工業社,建設業,3.0,★☆☆☆☆,0.0,0.0,2.0,0.0,1.0,0.0,0.0,0.0,,,0.0,-0.6,4.9,-4.4,3722,4125.0,-2.3,1.2,426,-
3635,コーエーテクモホールディングス,情報・通信業,3.0,★☆☆☆☆,0.0,0.0,3.0,0.0,0.0,0.0,0.0,0.0,,,0.0,3.9,2.4,-2.5,1430,1503.0,-2.6,1.5,1500,-
3093,トレジャー・ファクトリー,小売業,3.0,★☆☆☆☆,0.0,0.0,2.0,0.0,1.0,0.0,0.0,0.0,,,0.0,7.6,4.8,-2.4,1884,2085.0,-1.2,0.6,494,資金流入増
2337,いちご,不動産業,3.0,★☆☆☆☆,0.0,0.0,2.0,0.0,1.0,0.0,0.0,0.0,,,0.0,3.7,2.8,-2.3,400,424.0,2.4,0.7,375,-
7545,西松屋チェーン,小売業,3.0,★☆☆☆☆,0.0,0.0,3.0,0.0,0.0,0.0,0.0,0.0,,,0.0,7.7,2.1,-0.7,1870,1952.0,-2.0,0.8,650,-
8739,スパークス・グループ,証券、商品先物取引業,3.0,★☆☆☆☆,0.0,0.0,1.0,0.0,2.0,0.0,0.0,0.0,,,0.0,7.3,2.1,-0.4,2132,2227.0,-2.8,1.3,204,-
9946,ミニストップ,小売業,3.0,★☆☆☆☆,0.0,0.0,2.0,0.0,1.0,0.0,0.0,0.0,,,0.0,5.4,1.3,-1.0,1758,1803.0,-1.5,1.2,116,-
8595,ジャフコ　グループ,証券、商品先物取引業,3.0,★☆☆☆☆,0.0,0.0,2.0,0.0,1.0,0.0,0.0,0.0,,,0.0,2.0,1.6,-2.2,2199,2270.5,-1.8,1.9,979,-
5208,有沢製作所,化学,3.0,★☆☆☆☆,0.0,0.0,2.0,0.0,1.0,0.0,0.0,0.0,,,0.0,-0.6,4.2,-2.6,2298,2510.0,-2.0,0.6,459,-
1887,日本国土開発,建設業,2.9,★☆☆☆☆,0.0,0.0,2.0,0.0,0.0,0.0,0.9,0.0,,,0.0,3.6,2.2,-2.5,487,510.0,0.2,1.7,230,開示[上方修正](11日前)
1926,ライト工業,建設業,2.9,★☆☆☆☆,0.0,0.0,0.0,0.0,2.0,0.0,0.9,0.0,,,0.0,0.1,2.2,-3.2,3691,3860.0,-0.6,0.8,568,開示[自己株式の取得](10日前)
7730,マニー,精密機器,2.9,★☆☆☆☆,0.0,0.0,2.0,0.0,0.0,0.0,0.9,0.0,,,0.0,-6.1,2.9,-9.0,1443,1533.0,-4.2,1.5,559,開示[上方修正](11日前)
4395,アクリート,情報・通信業,2.7,★☆☆☆☆,0.0,0.0,0.0,0.0,2.7,0.0,0.0,0.0,,,0.0,14.3,4.3,-0.4,689,753.0,-2.5,0.5,112,-
4499,Ｓｐｅｅｅ,情報・通信業,2.7,★☆☆☆☆,0.0,0.0,0.0,0.0,2.7,0.0,0.0,0.0,,,0.0,-4.4,7.5,-3.7,1828,2149.0,-2.5,0.4,295,-
1885,東亜建設工業,建設業,2.7,★☆☆☆☆,0.0,0.0,0.0,0.0,2.7,0.0,0.0,0.0,,,0.0,3.7,3.1,-1.7,1913,2038.0,0.1,0.6,785,-
7412,アトム,小売業,2.7,★☆☆☆☆,0.0,0.0,0.0,0.0,2.7,0.0,0.0,0.0,,,0.0,2.4,3.7,-2.5,337,364.0,-4.5,0.7,301,-
9424,日本通信,情報・通信業,2.7,★☆☆☆☆,0.0,0.0,0.0,0.0,2.7,0.0,0.0,0.0,,,0.0,6.8,3.0,-1.0,103,110.0,-5.2,1.0,164,-
4765,ＳＢＩグローバルアセットマネジメント,サービス業,2.7,★☆☆☆☆,0.0,0.0,0.0,0.0,2.7,0.0,0.0,0.0,,,0.0,5.0,1.5,-0.7,550,567.0,-2.9,1.2,176,-
3791,ＩＧポート,情報・通信業,2.6,★☆☆☆☆,0.0,0.0,2.0,0.0,0.0,0.0,0.6,0.0,,,0.0,-21.8,7.0,-22.9,830,964.0,-6.0,1.2,226,開示[自己株式の取得](11日前)
3853,アステリア,情報・通信業,2.5,★☆☆☆☆,0.0,0.0,1.0,0.0,1.5,0.0,0.0,0.0,,,0.0,-3.2,4.8,-5.0,989,1093.0,-1.7,0.4,360,-
1879,新日本建設,建設業,2.5,★☆☆☆☆,0.0,0.0,0.0,0.0,2.5,0.0,0.0,0.0,,,0.0,2.5,2.0,-1.6,1979,2061.0,-0.4,1.0,151,-
4516,日本新薬,医薬品,2.5,★☆☆☆☆,0.0,0.0,0.0,0.0,2.5,0.0,0.0,0.0,,,0.0,4.7,1.8,0.4,3919,4066.0,1.9,0.8,882,-
5842,インテグラル,証券、商品先物取引業,2.5,★☆☆☆☆,0.0,0.0,1.0,0.0,1.5,0.0,0.0,0.0,,,0.0,0.8,3.9,-4.2,2513,2725.0,-3.8,1.4,242,-
1663,Ｋ＆Ｏエナジーグループ,鉱業,2.5,★☆☆☆☆,0.0,0.0,1.0,0.0,1.5,0.0,0.0,0.0,,,0.0,1.4,2.4,-1.2,1755,1845.0,1.5,1.2,402,-
9533,東邦瓦斯,電気・ガス業,2.5,★☆☆☆☆,0.0,0.0,0.0,0.0,2.5,0.0,0.0,0.0,,,0.0,6.7,1.7,-0.1,1172,1212.0,1.0,1.1,845,-
5707,東邦亜鉛,非鉄金属,2.5,★☆☆☆☆,0.0,0.0,1.0,0.0,1.5,0.0,0.0,0.0,,,0.0,6.9,5.8,-1.0,716,810.0,-0.1,0.8,281,-
280A,ＴＭＨ,卸売業,2.5,★☆☆☆☆,0.0,0.0,2.0,0.0,0.0,0.0,0.5,0.0,,,0.0,-49.3,14.9,-45.1,675,960.0,-31.6,1.8,114,開示[業績予想の修正](11日前)
464A,ＱＰＳホールディングス,情報・通信業,2.5,★☆☆☆☆,0.0,0.0,1.0,0.0,1.5,0.0,0.0,0.0,,,0.0,-20.0,7.3,-19.4,1288,1509.0,-13.1,1.4,3037,-
9552,クオンツ総研ホールディングス,サービス業,2.5,★☆☆☆☆,0.0,0.0,1.0,0.0,1.5,0.0,0.0,0.0,,,0.0,6.8,4.5,-1.7,785,863.0,0.7,1.1,215,-
6929,日本セラミック,電気機器,2.5,★☆☆☆☆,0.0,0.0,0.0,0.0,2.5,0.0,0.0,0.0,,,0.0,1.7,2.2,-1.1,3534,3700.0,-0.4,0.6,367,-
290A,Ｓｙｎｓｐｅｃｔｉｖｅ,情報・通信業,2.5,★☆☆☆☆,0.0,0.0,1.0,0.0,1.5,0.0,0.0,0.0,,,0.0,-0.6,6.4,-7.2,986,1130.0,-9.3,0.9,1814,-
186A,アストロスケールホールディングス,サービス業,2.5,★☆☆☆☆,0.0,0.0,1.0,0.0,1.5,0.0,0.0,0.0,,,0.0,-7.7,7.1,-7.9,881,1026.0,0.4,0.7,5272,-
3923,ラクス,情報・通信業,2.4,★☆☆☆☆,0.0,0.0,2.0,0.0,0.0,0.0,0.4,0.0,,,0.0,11.9,4.1,-1.6,882,960.7999877929688,-5.7,1.2,1810,開示[資本業務提携](12日前)
2975,スター・マイカ・ホールディングス,不動産業,2.2,★☆☆☆☆,0.0,0.0,0.0,0.0,2.2,0.0,0.0,0.0,,,0.0,-0.0,3.4,-3.1,1391,1492.0,-5.4,0.8,324,-
9023,東京地下鉄,陸運業,2.2,★☆☆☆☆,0.0,0.0,0.0,0.0,2.2,0.0,0.0,0.0,,,0.0,8.0,2.0,0.2,1378,1435.0,-2.2,0.7,3140,-
8237,松屋,小売業,2.2,★☆☆☆☆,0.0,0.0,1.0,0.0,1.2,0.0,0.0,0.0,,,0.0,6.7,5.3,-1.3,1509,1688.0,-7.0,0.5,581,-
6736,サン電子,電気機器,2.2,★☆☆☆☆,0.0,0.0,1.0,0.0,1.2,0.0,0.0,0.0,,,0.0,8.7,8.2,-1.1,7747,9260.0,3.5,0.3,349,-
7512,イオン北海道,小売業,2.2,★☆☆☆☆,0.0,0.0,0.0,0.0,2.2,0.0,0.0,0.0,,,0.0,6.5,1.7,0.2,813,841.0,-0.8,0.8,128,-
299A,クラシル,サービス業,2.2,★☆☆☆☆,0.0,0.0,1.0,0.0,1.2,0.0,0.0,0.0,,,0.0,10.7,4.5,-1.0,899,988.0,-8.9,0.7,139,-
417A,ブルーゾーンホールディングス,小売業,2.2,★☆☆☆☆,0.0,0.0,0.0,0.0,2.2,0.0,0.0,0.0,,,0.0,4.5,2.1,-0.5,1672,1745.5,-0.1,0.7,448,-
2229,カルビー,食料品,2.2,★☆☆☆☆,0.0,0.0,0.0,0.0,2.2,0.0,0.0,0.0,,,0.0,6.7,1.9,-0.1,2828,2940.5,-0.7,0.9,938,-
146A,コロンビア・ワークス,不動産業,2.2,★☆☆☆☆,0.0,0.0,2.0,0.0,0.0,0.0,0.2,0.0,,,0.0,8.3,4.0,-2.1,2816,3060.0,-8.0,0.9,205,開示[自己株式の取得](13日前)
9166,ＧＥＮＤＡ,サービス業,2.2,★☆☆☆☆,0.0,0.0,1.0,0.0,1.2,0.0,0.0,0.0,,,0.0,6.7,4.4,-0.8,524,575.0,-3.2,1.0,902,-
6810,マクセル,電気機器,2.2,★☆☆☆☆,0.0,0.0,0.0,0.0,2.2,0.0,0.0,0.0,,,0.0,1.4,2.3,-0.2,2022,2118.0,3.8,0.9,419,-
6741,日本信号,電気機器,2.2,★☆☆☆☆,0.0,0.0,0.0,0.0,2.2,0.0,0.0,0.0,,,0.0,2.8,2.4,-0.9,1492,1567.0,-1.8,0.7,312,-
1861,熊谷組,建設業,2.2,★☆☆☆☆,0.0,0.0,0.0,0.0,2.2,0.0,0.0,0.0,,,0.0,11.0,2.4,1.1,1387,1457.0,-1.4,0.6,1077,-
6238,フリュー,機械,2.2,★☆☆☆☆,0.0,0.0,0.0,0.0,2.2,0.0,0.0,0.0,,,0.0,4.3,2.5,-0.9,1290,1357.0,-2.6,0.9,129,-
6088,シグマクシス・ホールディングス,サービス業,2.2,★☆☆☆☆,0.0,0.0,0.0,0.0,2.2,0.0,0.0,0.0,,,0.0,13.2,2.1,1.8,542,566.0,-1.4,0.9,214,-
7976,三菱鉛筆,その他製品,2.0,★☆☆☆☆,0.0,0.0,0.0,0.0,2.0,0.0,0.0,0.0,,,0.0,5.3,2.0,-1.5,2504,2610.0,-3.0,0.9,275,-
3092,ＺＯＺＯ,小売業,2.0,★☆☆☆☆,0.0,0.0,2.0,0.0,0.0,0.0,0.0,0.0,,,0.0,4.2,2.7,-2.2,1064,1124.5,-5.2,1.1,5171,-
1952,新日本空調,建設業,2.0,★☆☆☆☆,0.0,0.0,1.0,0.0,1.0,0.0,0.0,0.0,,,0.0,-0.4,3.8,-4.0,3207,3470.0,-1.1,1.0,569,-
3663,セルシス,情報・通信業,2.0,★☆☆☆☆,0.0,0.0,1.0,0.0,1.0,0.0,0.0,0.0,,,0.0,3.3,5.0,-3.3,1629,1810.0,-5.1,0.9,548,-
7599,ＩＤＯＭ,卸売業,2.0,★☆☆☆☆,0.0,0.0,1.0,0.0,1.0,0.0,0.0,0.0,,,0.0,-0.7,3.9,-4.8,1193,1295.0,-0.2,0.6,1463,-
367A,プリモグローバルホールディングス,小売業,2.0,★☆☆☆☆,0.0,0.0,1.0,0.0,1.0,0.0,0.0,0.0,,,0.0,-5.0,3.7,-8.3,2418,2610.0,-6.1,1.1,233,-
3854,アイル,情報・通信業,2.0,★☆☆☆☆,0.0,0.0,2.0,0.0,0.0,0.0,0.0,0.0,,,0.0,8.9,2.5,-2.5,2124,2238.0,-6.0,1.2,197,-
3099,三越伊勢丹ホールディングス,小売業,2.0,★☆☆☆☆,0.0,0.0,1.0,0.0,1.0,0.0,0.0,0.0,,,0.0,-8.1,3.5,-7.4,3379,3634.0,-9.0,1.4,8762,-
8242,エイチ・ツー・オー　リテイリング,小売業,2.0,★☆☆☆☆,0.0,0.0,0.0,0.0,2.0,0.0,0.0,0.0,,,0.0,0.3,2.4,-1.8,2631,2763.5,-2.9,0.9,1237,-
8233,高島屋,小売業,2.0,★☆☆☆☆,0.0,0.0,1.0,0.0,1.0,0.0,0.0,0.0,,,0.0,-10.1,4.2,-6.3,2049,2236.0,-10.3,0.8,5580,-
7352,ＴＷＯＳＴＯＮＥ＆Ｓｏｎｓ,サービス業,2.0,★☆☆☆☆,0.0,0.0,2.0,0.0,0.0,0.0,0.0,0.0,,,0.0,-7.9,10.1,-16.1,254,318.0,-14.7,0.2,232,資金流入増
4912,ライオン,化学,2.0,★☆☆☆☆,0.0,0.0,1.0,0.0,1.0,0.0,0.0,0.0,,,0.0,2.7,2.2,-1.6,1586,1659.5,-1.3,0.8,1977,-
1332,ニッスイ,水産・農林業,2.0,★☆☆☆☆,0.0,0.0,1.0,0.0,1.0,0.0,0.0,0.0,,,0.0,3.7,2.3,-0.4,1209,1267.5,1.9,0.7,1794,-
6166,中村超硬,機械,2.0,★☆☆☆☆,0.0,0.0,2.0,0.0,0.0,0.0,0.0,0.0,,,0.0,16.7,9.4,-6.1,533,656.0,-3.5,0.1,566,資金流入増
6135,牧野フライス製作所,機械,2.0,★☆☆☆☆,0.0,0.0,0.0,0.0,2.0,0.0,0.0,0.0,,,0.0,-2.4,2.3,-0.9,14044,14710.0,1.0,0.7,2525,-
9037,ハマキョウレックス,陸運業,2.0,★☆☆☆☆,0.0,0.0,0.0,0.0,2.0,0.0,0.0,0.0,,,0.0,4.5,1.8,-0.9,1735,1799.0,-1.4,0.9,170,-
1860,戸田建設,建設業,2.0,★☆☆☆☆,0.0,0.0,0.0,0.0,2.0,0.0,0.0,0.0,,,0.0,-1.3,2.5,-3.2,1449,1525.0,0.8,0.7,1561,-
8803,平和不動産,不動産業,2.0,★☆☆☆☆,0.0,0.0,0.0,0.0,2.0,0.0,0.0,0.0,,,0.0,3.3,1.1,-0.6,2296,2350.0,0.0,1.0,385,-
2962,テクニスコ,金属製品,2.0,★☆☆☆☆,0.0,0.0,2.0,0.0,0.0,0.0,0.0,0.0,,,0.0,-19.5,11.7,-12.1,977,1277.0,-6.9,0.1,1071,資金流入増
2269,明治ホールディングス,食料品,2.0,★☆☆☆☆,0.0,0.0,0.0,0.0,2.0,0.0,0.0,0.0,,,0.0,3.8,2.0,-0.7,3594,3743.0,0.1,0.9,3397,-
9202,ＡＮＡホールディングス,空運業,2.0,★☆☆☆☆,0.0,0.0,1.0,0.0,1.0,0.0,0.0,0.0,,,0.0,2.6,1.9,-2.3,2838,2951.0,-1.6,1.4,6935,-
4587,ペプチドリーム,医薬品,2.0,★☆☆☆☆,0.0,0.0,2.0,0.0,0.0,0.0,0.0,0.0,,,0.0,-1.8,3.2,-6.3,880,939.5999755859375,-4.0,1.6,820,-
6620,宮越ホールディングス,不動産業,2.0,★☆☆☆☆,0.0,0.0,2.0,0.0,0.0,0.0,0.0,0.0,,,0.0,-8.7,5.7,-12.0,586,661.0,-7.2,0.4,316,資金流入増
9401,ＴＢＳホールディングス,情報・通信業,2.0,★☆☆☆☆,0.0,0.0,0.0,0.0,2.0,0.0,0.0,0.0,,,0.0,5.8,2.0,-2.8,5856,6101.0,-3.3,1.1,2043,-
6845,アズビル,電気機器,2.0,★☆☆☆☆,0.0,0.0,0.0,0.0,2.0,0.0,0.0,0.0,,,0.0,-0.9,2.4,-2.9,1556,1634.5,-1.1,0.9,2266,-
262A,インターメスティック,小売業,2.0,★☆☆☆☆,0.0,0.0,2.0,0.0,0.0,0.0,0.0,0.0,,,0.0,-6.6,3.7,-8.9,1663,1795.0,-2.6,1.7,411,-
4206,アイカ工業,化学,2.0,★☆☆☆☆,0.0,0.0,0.0,0.0,2.0,0.0,0.0,0.0,,,0.0,3.2,1.4,-1.1,3530,3631.0,-1.6,0.7,904,-
4265,Ｉｎｓｔｉｔｕｔｉｏｎ　ｆｏｒ　ａ　Ｇｌｏｂａｌ　Ｓｏｃｉｅｔｙ,情報・通信業,2.0,★☆☆☆☆,0.0,0.0,2.0,0.0,0.0,0.0,0.0,0.0,,,0.0,7.8,12.0,-9.5,247,325.0,-10.0,0.1,256,資金流入増
2664,カワチ薬品,小売業,2.0,★☆☆☆☆,0.0,0.0,0.0,0.0,2.0,0.0,0.0,0.0,,,0.0,-1.0,1.7,-2.8,3221,3335.0,-1.6,0.7,157,-
4044,セントラル硝子,化学,2.0,★☆☆☆☆,0.0,0.0,0.0,0.0,2.0,0.0,0.0,0.0,,,0.0,-4.5,2.5,-3.0,3919,4125.0,-1.1,0.5,279,-
4021,日産化学,化学,2.0,★☆☆☆☆,0.0,0.0,1.0,0.0,1.0,0.0,0.0,0.0,,,0.0,-6.7,3.6,-6.8,7080,7621.0,-3.3,1.2,5324,-
4680,ラウンドワン,サービス業,2.0,★☆☆☆☆,0.0,0.0,2.0,0.0,0.0,0.0,0.0,0.0,,,0.0,4.6,4.8,-1.6,1063,1176.0,-10.3,0.9,3839,-
1951,エクシオグループ,建設業,2.0,★☆☆☆☆,0.0,0.0,1.0,0.0,1.0,0.0,0.0,0.0,,,0.0,-0.4,2.0,-2.3,2536,2639.5,0.6,1.4,1559,-
5121,藤倉コンポジット,ゴム製品,2.0,★☆☆☆☆,0.0,0.0,0.0,0.0,2.0,0.0,0.0,0.0,,,0.0,0.4,2.1,-2.7,2378,2484.0,-2.2,0.8,175,-
9409,テレビ朝日ホールディングス,情報・通信業,2.0,★☆☆☆☆,0.0,0.0,1.0,0.0,1.0,0.0,0.0,0.0,,,0.0,5.3,2.3,-1.5,2966,3110.0,-2.0,0.9,626,-
6027,弁護士ドットコム,サービス業,2.0,★☆☆☆☆,0.0,0.0,2.0,0.0,0.0,0.0,0.0,0.0,,,0.0,13.4,3.1,-4.1,2065,2199.0,-7.9,0.8,178,-
319A,技術承継機構,金属製品,2.0,★☆☆☆☆,0.0,0.0,2.0,0.0,0.0,0.0,0.0,0.0,,,0.0,-4.1,8.7,-8.3,13134,15910.0,-15.1,1.8,598,-
6013,タクマ,機械,2.0,★☆☆☆☆,0.0,0.0,0.0,0.0,2.0,0.0,0.0,0.0,,,0.0,-3.0,2.7,-2.7,3270,3455.0,1.5,1.2,716,-
9989,サンドラッグ,小売業,2.0,★☆☆☆☆,0.0,0.0,2.0,0.0,0.0,0.0,0.0,0.0,,,0.0,3.6,1.8,-0.9,3640,3776.0,-1.0,1.1,1706,-
3349,コスモス薬品,小売業,2.0,★☆☆☆☆,0.0,0.0,2.0,0.0,0.0,0.0,0.0,0.0,,,0.0,7.9,3.6,-0.7,5786,6236.0,-1.1,0.7,2982,-
7762,シチズン時計,精密機器,2.0,★☆☆☆☆,0.0,0.0,1.0,0.0,1.0,0.0,0.0,0.0,,,0.0,-10.5,4.3,-6.7,1991,2178.0,-4.0,1.4,2991,-
3668,コロプラ,情報・通信業,2.0,★☆☆☆☆,0.0,0.0,1.0,0.0,1.0,0.0,0.0,0.0,,,0.0,10.8,2.1,0.0,362,378.0,-2.6,0.7,202,-
8139,ナガホリ,卸売業,2.0,★☆☆☆☆,0.0,0.0,1.0,0.0,1.0,0.0,0.0,0.0,,,0.0,10.0,7.0,0.5,1838,2136.0,-3.1,0.6,120,-
1959,クラフティア,建設業,2.0,★☆☆☆☆,0.0,0.0,1.0,0.0,1.0,0.0,0.0,0.0,,,0.0,-2.6,2.9,-2.4,8358,8869.0,0.0,1.0,1551,-
6363,酉島製作所,機械,2.0,★☆☆☆☆,0.0,0.0,2.0,0.0,0.0,0.0,0.0,0.0,,,0.0,1.3,3.8,-3.5,2595,2808.0,-2.2,0.5,618,-
4751,サイバーエージェント,サービス業,2.0,★☆☆☆☆,0.0,0.0,2.0,0.0,0.0,0.0,0.0,0.0,,,0.0,12.6,3.3,-1.1,1311,1404.5,-6.0,1.0,5489,-
6351,鶴見製作所,機械,2.0,★☆☆☆☆,0.0,0.0,1.0,0.0,1.0,0.0,0.0,0.0,,,0.0,2.0,4.3,-5.2,1984,2171.0,-6.7,0.6,140,-
4595,ミズホメディー,医薬品,2.0,★☆☆☆☆,0.0,0.0,0.0,0.0,2.0,0.0,0.0,0.0,,,0.0,5.1,1.1,0.1,1622,1657.0,-0.2,0.4,158,-
4613,関西ペイント,化学,2.0,★☆☆☆☆,0.0,0.0,0.0,0.0,2.0,0.0,0.0,0.0,,,0.0,4.5,2.1,-0.6,2551,2661.5,0.2,0.7,2235,-
3733,ソフトウェア・サービス,情報・通信業,2.0,★☆☆☆☆,0.0,0.0,2.0,0.0,0.0,0.0,0.0,0.0,,,0.0,3.3,4.4,-4.7,9284,10180.0,-1.5,1.2,184,資金流入増
9678,カナモト,サービス業,2.0,★☆☆☆☆,0.0,0.0,0.0,0.0,2.0,0.0,0.0,0.0,,,0.0,0.0,2.3,-1.6,4874,5110.0,0.2,0.6,524,-
4664,アール・エス・シー,サービス業,2.0,★☆☆☆☆,0.0,0.0,2.0,0.0,0.0,0.0,0.0,0.0,,,0.0,-9.7,7.0,-3.4,787,915.0,-6.5,0.1,417,資金流入増
1909,日本ドライケミカル,機械,2.0,★☆☆☆☆,0.0,0.0,0.0,0.0,2.0,0.0,0.0,0.0,,,0.0,3.0,0.2,-0.4,3674,3690.0,0.0,0.7,1119,-
5423,東京製鐵,鉄鋼,1.9,★☆☆☆☆,0.0,0.0,0.0,0.0,1.0,0.0,0.9,0.0,,,0.0,4.5,3.0,-2.4,1584,1687.0,-4.7,0.8,637,開示[業績予想の修正](9日前)
4179,ジーネクスト,情報・通信業,1.8,★☆☆☆☆,0.0,0.0,0.0,0.0,0.0,0.0,1.8,0.0,,,0.0,-15.8,6.9,-19.2,317,368.0,-12.0,0.3,257,開示[業務提携](4日前)
6217,津田駒工業,機械,1.7,★☆☆☆☆,0.0,0.0,0.0,0.0,1.5,0.0,0.2,0.0,,,0.0,-32.4,10.7,-16.5,593,755.0,-1.3,0.7,192,開示[業績予想の修正](13日前)
2334,イオレ,サービス業,1.6,★☆☆☆☆,0.0,0.0,0.0,0.0,0.0,0.0,1.6,0.0,,,0.0,-11.0,6.4,-10.3,449,515.0,-6.5,1.2,944,開示[データセンター](3日前)
4887,サワイグループホールディングス,医薬品,1.5,★☆☆☆☆,0.0,0.0,0.0,0.0,1.5,0.0,0.0,0.0,,,0.0,4.5,1.8,-1.1,1600,1659.5,-1.1,0.7,714,-
5563,新日本電工,鉄鋼,1.5,★☆☆☆☆,0.0,0.0,0.0,0.0,1.5,0.0,0.0,0.0,,,0.0,-4.4,3.9,-4.2,387,420.0,-3.0,0.7,329,-
1945,東京エネシス,建設業,1.5,★☆☆☆☆,0.0,0.0,0.0,0.0,1.5,0.0,0.0,0.0,,,0.0,-3.3,3.6,-3.7,1874,2021.0,1.3,0.4,424,-
8061,西華産業,卸売業,1.5,★☆☆☆☆,0.0,0.0,0.0,0.0,1.5,0.0,0.0,0.0,,,0.0,1.2,3.5,-1.8,2492,2678.0,1.1,1.0,509,-
5698,エンビプロ・ホールディングス,鉄鋼,1.5,★☆☆☆☆,0.0,0.0,0.0,0.0,1.5,0.0,0.0,0.0,,,0.0,0.0,3.9,-3.1,719,779.0,-2.1,1.1,133,-
5702,大紀アルミニウム工業所,非鉄金属,1.5,★☆☆☆☆,0.0,0.0,0.0,0.0,1.5,0.0,0.0,0.0,,,0.0,1.1,2.9,-2.0,1397,1482.0,-1.7,0.8,382,-
1835,東鉄工業,建設業,1.5,★☆☆☆☆,0.0,0.0,0.0,0.0,1.5,0.0,0.0,0.0,,,0.0,3.3,2.0,-1.1,3961,4130.0,-0.2,1.0,289,-
4554,富士製薬工業,医薬品,1.5,★☆☆☆☆,0.0,0.0,0.0,0.0,1.5,0.0,0.0,0.0,,,0.0,-8.7,2.8,-6.2,1773,1879.0,-3.1,0.3,280,-
6619,ダブル・スコープ,電気機器,1.5,★☆☆☆☆,0.0,0.0,0.0,0.0,1.5,0.0,0.0,0.0,,,0.0,-6.8,6.2,-10.2,138,157.0,-6.5,0.8,401,-
6433,ヒーハイスト,機械,1.5,★☆☆☆☆,0.0,0.0,0.0,0.0,1.5,0.0,0.0,0.0,,,0.0,-12.0,7.9,-10.4,814,968.0,-11.4,0.8,139,-
2325,ＮＪＳ,サービス業,1.5,★☆☆☆☆,0.0,0.0,0.0,0.0,1.5,0.0,0.0,0.0,,,0.0,-3.0,2.9,-4.1,4105,4355.0,-0.1,0.4,149,-
4592,サンバイオ,医薬品,1.5,★☆☆☆☆,0.0,0.0,0.0,0.0,1.5,0.0,0.0,0.0,,,0.0,0.5,6.0,-4.8,843,957.0,-10.8,1.1,849,-
4565,ネクセラファーマ,医薬品,1.5,★☆☆☆☆,0.0,0.0,0.0,0.0,1.5,0.0,0.0,0.0,,,0.0,0.4,3.7,-4.2,836,903.0,-3.6,0.4,561,-
9412,スカパーＪＳＡＴ,情報・通信業,1.5,★☆☆☆☆,0.0,0.0,0.0,0.0,1.5,0.0,0.0,0.0,,,0.0,-10.6,4.5,-14.1,2015,2213.0,-5.6,0.6,7670,-
6232,ＡＣＳＬ,機械,1.5,★☆☆☆☆,0.0,0.0,0.0,0.0,1.5,0.0,0.0,0.0,,,0.0,1.1,7.0,-2.4,1502,1748.0,-0.5,0.8,1132,-
6047,Ｇｕｎｏｓｙ,サービス業,1.5,★☆☆☆☆,0.0,0.0,1.0,0.0,0.0,0.0,0.5,0.0,,,0.0,-15.4,5.4,-17.8,315,353.0,-9.0,0.7,109,開示[業務提携](11日前)
1813,不動テトラ,建設業,1.5,★☆☆☆☆,0.0,0.0,0.0,0.0,1.5,0.0,0.0,0.0,,,0.0,8.2,2.5,-0.6,2548,2684.0,-0.0,0.6,199,-
3741,セック,情報・通信業,1.5,★☆☆☆☆,0.0,0.0,0.0,0.0,1.5,0.0,0.0,0.0,,,0.0,-5.5,3.7,-5.8,2722,2937.0,0.1,0.9,314,-
7456,松田産業,卸売業,1.5,★☆☆☆☆,0.0,0.0,0.0,0.0,1.5,0.0,0.0,0.0,,,0.0,0.3,3.5,-3.9,5139,5520.0,-0.4,0.7,499,-
4534,持田製薬,医薬品,1.5,★☆☆☆☆,0.0,0.0,0.0,0.0,1.5,0.0,0.0,0.0,,,0.0,3.3,1.4,-0.8,3032,3120.0,0.3,0.7,194,-
7974,任天堂,その他製品,1.5,★☆☆☆☆,0.0,0.0,0.0,0.0,1.5,0.0,0.0,0.0,,,0.0,5.6,2.5,-0.6,6625,6969.0,-1.6,0.5,61383,-
3103,ユニチカ,繊維製品,1.5,★☆☆☆☆,0.0,0.0,0.0,0.0,1.5,0.0,0.0,0.0,,,0.0,-17.9,7.4,-14.9,713,836.0,-11.5,1.1,2381,-
7779,ＣＹＢＥＲＤＹＮＥ,精密機器,1.5,★☆☆☆☆,0.0,0.0,0.0,0.0,1.5,0.0,0.0,0.0,,,0.0,-7.6,4.1,-5.6,203,221.0,-5.6,0.5,344,-
9708,帝国ホテル,サービス業,1.5,★☆☆☆☆,0.0,0.0,0.0,0.0,1.5,0.0,0.0,0.0,,,0.0,3.9,1.4,-0.6,967,994.0,-0.4,1.1,113,-
4392,ＦＩＧ,情報・通信業,1.5,★☆☆☆☆,0.0,0.0,0.0,0.0,1.5,0.0,0.0,0.0,,,0.0,-8.5,7.9,-8.2,855,1015.0,-9.0,1.0,1187,-
6524,湖北工業,電気機器,1.5,★☆☆☆☆,0.0,0.0,0.0,0.0,1.5,0.0,0.0,0.0,,,0.0,-19.1,6.0,-10.4,3974,4520.0,-1.4,0.6,953,-
9793,ダイセキ,サービス業,1.2,★☆☆☆☆,0.0,0.0,0.0,0.0,1.2,0.0,0.0,0.0,,,0.0,1.0,2.2,-2.1,3637,3805.0,-0.3,0.6,633,-
4493,サイバーセキュリティクラウド,情報・通信業,1.2,★☆☆☆☆,0.0,0.0,0.0,0.0,1.2,0.0,0.0,0.0,,,0.0,9.9,4.3,-2.4,1608,1759.0,-5.9,0.8,214,-
9790,福井コンピュータホールディングス,情報・通信業,1.2,★☆☆☆☆,0.0,0.0,0.0,0.0,1.2,0.0,0.0,0.0,,,0.0,5.8,1.9,-0.7,2981,3100.0,-1.0,0.4,108,-
7157,ライフネット生命保険,保険業,1.2,★☆☆☆☆,0.0,0.0,0.0,0.0,1.2,0.0,0.0,0.0,,,0.0,12.6,3.5,-1.9,1496,1607.0,-5.8,0.8,281,-
2938,オカムラ食品工業,食料品,1.2,★☆☆☆☆,0.0,0.0,0.0,0.0,1.2,0.0,0.0,0.0,,,0.0,-15.3,2.3,-7.5,1157,1212.0,-2.7,0.4,175,-
7198,ＳＢＩアルヒ,その他金融業,1.2,★☆☆☆☆,0.0,0.0,0.0,0.0,1.2,0.0,0.0,0.0,,,0.0,6.7,1.4,-0.3,770,793.0,-1.5,0.9,103,-
3457,Ａｎｄ　Ｄｏホールディングス,不動産業,1.2,★☆☆☆☆,0.0,0.0,1.0,0.0,0.0,0.0,0.2,0.0,,,0.0,-2.5,1.7,-3.0,897,928.0,-0.2,0.7,132,開示[業績予想の修正](13日前)
7719,東京衡機,精密機器,1.2,★☆☆☆☆,0.0,0.0,0.0,0.0,1.2,0.0,0.0,0.0,,,0.0,-1.4,9.2,-2.7,356,436.0,-15.0,0.8,157,-
3591,ワコールホールディングス,繊維製品,1.2,★☆☆☆☆,0.0,0.0,0.0,0.0,1.2,0.0,0.0,0.0,,,0.0,4.2,1.7,-0.5,4246,4397.0,-2.1,0.8,340,-
3962,チェンジホールディングス,情報・通信業,1.2,★☆☆☆☆,0.0,0.0,0.0,0.0,1.2,0.0,0.0,0.0,,,0.0,1.3,2.2,-1.8,875,915.0,-5.7,0.8,260,-
7600,日本エム・ディ・エム,精密機器,1.2,★☆☆☆☆,0.0,0.0,0.0,0.0,1.2,0.0,0.0,0.0,,,0.0,1.0,4.2,-1.8,824,900.0,-6.5,0.7,220,-
2220,亀田製菓,食料品,1.2,★☆☆☆☆,0.0,0.0,0.0,0.0,1.2,0.0,0.0,0.0,,,0.0,5.6,2.2,-1.3,1168,1222.0,-2.2,0.6,222,-
4071,プラスアルファ・コンサルティング,情報・通信業,1.1,★☆☆☆☆,0.0,0.0,0.0,0.0,0.0,0.0,1.1,0.0,,,0.0,-7.9,5.1,-15.5,1995,2220.0,-10.4,0.7,715,開示[資本業務提携](11日前) / 開示[資本業務提携](12日前)
6785,鈴木,電気機器,1.0,★☆☆☆☆,0.0,0.0,0.0,0.0,1.0,0.0,0.0,0.0,,,0.0,-5.3,4.7,-7.1,2701,2980.0,-5.1,0.9,232,-
4666,パーク２４,不動産業,1.0,★☆☆☆☆,0.0,0.0,0.0,0.0,1.0,0.0,0.0,0.0,,,0.0,-1.2,1.9,-2.9,1875,1950.0,-2.3,0.9,1529,-
6794,フォスター電機,電気機器,1.0,★☆☆☆☆,0.0,0.0,0.0,0.0,1.0,0.0,0.0,0.0,,,0.0,-0.4,2.6,-2.7,2685,2833.0,-1.6,0.8,406,-
6677,エスケーエレクトロニクス,電気機器,1.0,★☆☆☆☆,0.0,0.0,0.0,0.0,1.0,0.0,0.0,0.0,,,0.0,2.0,2.9,-0.4,3231,3430.0,0.3,0.9,157,-
2267,ヤクルト本社,食料品,1.0,★☆☆☆☆,0.0,0.0,1.0,0.0,0.0,0.0,0.0,0.0,,,0.0,4.7,2.2,-1.6,2623,2746.0,-1.5,1.4,2832,-
4259,エクサウィザーズ,情報・通信業,1.0,★☆☆☆☆,0.0,0.0,1.0,0.0,0.0,0.0,0.0,0.0,,,0.0,0.5,6.7,-5.4,691,799.0,-3.5,1.0,1650,-
4385,メルカリ,情報・通信業,1.0,★☆☆☆☆,0.0,0.0,1.0,0.0,0.0,0.0,0.0,0.0,,,0.0,12.7,4.1,-1.7,3905,4250.0,-9.0,1.0,8031,-
4480,メドレー,情報・通信業,1.0,★☆☆☆☆,0.0,0.0,1.0,0.0,0.0,0.0,0.0,0.0,,,0.0,0.6,3.3,-5.2,1802,1929.0,-8.7,1.3,317,-
255A,ジーエルテクノホールディングス,精密機器,1.0,★☆☆☆☆,0.0,0.0,0.0,0.0,1.0,0.0,0.0,0.0,,,0.0,-3.1,6.8,-3.5,4999,5790.0,2.5,0.9,571,-
2802,味の素,食料品,1.0,★☆☆☆☆,0.0,0.0,0.0,0.0,1.0,0.0,0.0,0.0,,,0.0,-7.3,4.0,-10.2,4686,5096.0,-4.9,0.8,22374,-
2206,江崎グリコ,食料品,1.0,★☆☆☆☆,0.0,0.0,0.0,0.0,1.0,0.0,0.0,0.0,,,0.0,-2.2,1.7,-4.3,4871,5040.0,-1.6,0.9,1446,-
2160,ジーエヌアイグループ,医薬品,1.0,★☆☆☆☆,0.0,0.0,1.0,0.0,0.0,0.0,0.0,0.0,,,0.0,4.8,4.1,-1.0,2390,2602.0,3.1,0.6,2165,-
4536,参天製薬,医薬品,1.0,★☆☆☆☆,0.0,0.0,0.0,0.0,1.0,0.0,0.0,0.0,,,0.0,-3.3,2.5,-5.7,1876,1973.5,-5.7,0.6,2549,-
2685,アンドエスティＨＤ,小売業,1.0,★☆☆☆☆,0.0,0.0,0.0,0.0,1.0,0.0,0.0,0.0,,,0.0,4.0,2.5,-3.3,3171,3335.0,-5.4,0.6,835,-
4088,エア・ウォーター,化学,1.0,★☆☆☆☆,0.0,0.0,0.0,0.0,1.0,0.0,0.0,0.0,,,0.0,-5.4,2.7,-2.0,2450,2591.0,2.4,0.9,2246,-
7245,大同メタル工業,輸送用機器,1.0,★☆☆☆☆,0.0,0.0,1.0,0.0,0.0,0.0,0.0,0.0,,,0.0,-21.7,6.5,-14.4,1130,1299.0,-2.7,0.3,1525,-
4107,伊勢化学工業,化学,1.0,★☆☆☆☆,0.0,0.0,1.0,0.0,0.0,0.0,0.0,0.0,,,0.0,1.6,3.9,-6.8,3304,3580.0,-1.5,0.2,2338,-
2607,不二製油,食料品,1.0,★☆☆☆☆,0.0,0.0,0.0,0.0,1.0,0.0,0.0,0.0,,,0.0,2.6,2.5,-2.4,3642,3835.0,-2.7,0.5,1023,-
7818,トランザクション,その他製品,1.0,★☆☆☆☆,0.0,0.0,0.0,0.0,1.0,0.0,0.0,0.0,,,0.0,-9.1,4.0,-10.0,1121,1217.0,-5.7,0.8,168,-
3491,ＧＡ　ｔｅｃｈｎｏｌｏｇｉｅｓ,不動産業,1.0,★☆☆☆☆,0.0,0.0,1.0,0.0,0.0,0.0,0.0,0.0,,,0.0,10.6,3.6,-2.5,1223,1318.0,-4.4,0.6,244,-
3692,ＦＦＲＩセキュリティ,情報・通信業,1.0,★☆☆☆☆,0.0,0.0,1.0,0.0,0.0,0.0,0.0,0.0,,,0.0,10.8,5.2,-1.7,4477,5000.0,-9.4,0.4,568,-
7606,ユナイテッドアローズ,小売業,1.0,★☆☆☆☆,0.0,0.0,0.0,0.0,1.0,0.0,0.0,0.0,,,0.0,4.5,1.9,-1.2,2308,2401.0,-1.9,0.9,453,-
3101,東洋紡,化学,1.0,★☆☆☆☆,0.0,0.0,0.0,0.0,1.0,0.0,0.0,0.0,,,0.0,-2.3,4.4,-5.3,1469,1612.0,-7.2,0.8,1134,-
8267,イオン,小売業,1.0,★☆☆☆☆,0.0,0.0,1.0,0.0,0.0,0.0,0.0,0.0,,,0.0,7.0,3.3,-1.9,1250,1339.0,-2.3,0.8,13486,-
3850,エヌ・ティ・ティ・データ・イントラマート,情報・通信業,1.0,★☆☆☆☆,0.0,0.0,1.0,0.0,0.0,0.0,0.0,0.0,,,0.0,7.0,3.1,-1.9,2777,2964.0,2.6,0.7,104,-
7373,アイドマ・ホールディングス,サービス業,1.0,★☆☆☆☆,0.0,0.0,1.0,0.0,0.0,0.0,0.0,0.0,,,0.0,-9.5,4.7,-11.7,900,994.0,-2.4,1.2,153,-
6877,ＯＢＡＲＡ　ＧＲＯＵＰ,電気機器,1.0,★☆☆☆☆,0.0,0.0,0.0,0.0,1.0,0.0,0.0,0.0,,,0.0,-2.9,3.5,-6.1,5286,5680.0,-6.6,0.6,245,-
6952,カシオ計算機,電気機器,1.0,★☆☆☆☆,0.0,0.0,0.0,0.0,1.0,0.0,0.0,0.0,,,0.0,-7.0,2.8,-7.4,1624,1720.5,-5.3,1.0,1954,-
2726,パルグループホールディングス,小売業,1.0,★☆☆☆☆,0.0,0.0,1.0,0.0,0.0,0.0,0.0,0.0,,,0.0,-0.5,3.5,-3.3,1298,1397.0,-1.8,1.4,1426,-
3932,アカツキ,情報・通信業,1.0,★☆☆☆☆,0.0,0.0,0.0,0.0,1.0,0.0,0.0,0.0,,,0.0,5.6,2.0,-0.0,2787,2905.0,1.3,0.8,201,-
7287,日本精機,輸送用機器,1.0,★☆☆☆☆,0.0,0.0,0.0,0.0,1.0,0.0,0.0,0.0,,,0.0,-2.5,2.8,-3.6,2236,2367.0,-2.7,1.0,294,-
3984,ユーザーローカル,情報・通信業,1.0,★☆☆☆☆,0.0,0.0,1.0,0.0,0.0,0.0,0.0,0.0,,,0.0,8.3,2.7,-1.4,1620,1712.0,-6.4,0.6,172,-
8194,ライフコーポレーション,小売業,1.0,★☆☆☆☆,0.0,0.0,0.0,0.0,1.0,0.0,0.0,0.0,,,0.0,-0.7,2.5,-2.6,2327,2450.0,0.5,0.7,600,-
277A,グロービング,サービス業,1.0,★☆☆☆☆,0.0,0.0,1.0,0.0,0.0,0.0,0.0,0.0,,,0.0,-14.0,7.6,-19.0,1390,1640.0,-9.5,0.8,638,-
9603,エイチ・アイ・エス,サービス業,1.0,★☆☆☆☆,0.0,0.0,0.0,0.0,1.0,0.0,0.0,0.0,,,0.0,8.8,2.0,0.0,946,986.0,-2.7,0.8,455,-
7199,プレミアグループ,その他金融業,1.0,★☆☆☆☆,0.0,0.0,1.0,0.0,0.0,0.0,0.0,0.0,,,0.0,6.1,2.6,-2.4,1910,2016.0,-5.5,0.9,403,-
9270,バリュエンスホールディングス,卸売業,1.0,★☆☆☆☆,0.0,0.0,1.0,0.0,0.0,0.0,0.0,0.0,,,0.0,-12.3,7.0,-10.7,1647,1917.0,-4.4,0.8,283,-
7944,ローランド,その他製品,1.0,★☆☆☆☆,0.0,0.0,0.0,0.0,1.0,0.0,0.0,0.0,,,0.0,-2.2,3.0,-4.0,3745,3980.0,-4.2,1.0,408,-
3086,Ｊ．フロント　リテイリング,小売業,1.0,★☆☆☆☆,0.0,0.0,0.0,0.0,1.0,0.0,0.0,0.0,,,0.0,-4.6,3.9,-7.0,2706,2937.5,-10.8,0.5,6158,-
3443,川田テクノロジーズ,金属製品,1.0,★☆☆☆☆,0.0,0.0,1.0,0.0,0.0,0.0,0.0,0.0,,,0.0,3.9,2.5,-1.2,1229,1294.0,-0.8,0.6,294,-
3064,ＭｏｎｏｔａＲＯ,小売業,1.0,★☆☆☆☆,0.0,0.0,1.0,0.0,0.0,0.0,0.0,0.0,,,0.0,11.1,2.9,-0.3,1757,1867.0,-5.2,1.2,4185,-
3302,帝国繊維,繊維製品,1.0,★☆☆☆☆,0.0,0.0,0.0,0.0,1.0,0.0,0.0,0.0,,,0.0,1.6,2.4,-2.1,3143,3300.0,0.0,1.1,148,-
8050,セイコーグループ,精密機器,1.0,★☆☆☆☆,0.0,0.0,0.0,0.0,1.0,0.0,0.0,0.0,,,0.0,-6.1,5.6,-4.6,6493,7320.0,-5.4,0.8,2249,-
7746,岡本硝子,精密機器,1.0,★☆☆☆☆,0.0,0.0,1.0,0.0,0.0,0.0,0.0,0.0,,,0.0,3.2,4.8,-6.2,685,758.0,-2.9,0.6,1368,-
7760,ＩＭＶ,精密機器,1.0,★☆☆☆☆,0.0,0.0,1.0,0.0,0.0,0.0,0.0,0.0,,,0.0,2.1,5.6,-3.6,2139,2410.0,-0.5,0.5,225,-
7747,朝日インテック,精密機器,1.0,★☆☆☆☆,0.0,0.0,0.0,0.0,1.0,0.0,0.0,0.0,,,0.0,-1.6,3.1,-6.2,3169,3379.0,-2.6,0.9,3691,-
7744,ノーリツ鋼機,精密機器,1.0,★☆☆☆☆,0.0,0.0,0.0,0.0,1.0,0.0,0.0,0.0,,,0.0,2.3,2.5,-1.7,1875,1974.0,-1.3,0.8,469,-
3465,ケイアイスター不動産,不動産業,1.0,★☆☆☆☆,0.0,0.0,0.0,0.0,1.0,0.0,0.0,0.0,,,0.0,-1.1,2.6,-3.4,3391,3575.0,-3.5,1.0,253,-
7740,タムロン,精密機器,1.0,★☆☆☆☆,0.0,0.0,0.0,0.0,1.0,0.0,0.0,0.0,,,0.0,-2.5,2.1,-2.8,1069,1116.0,-0.8,0.6,461,-
7911,ＴＯＰＰＡＮホールディングス,その他製品,1.0,★☆☆☆☆,0.0,0.0,0.0,0.0,1.0,0.0,0.0,0.0,,,0.0,-2.9,3.6,-3.7,4501,4852.0,2.2,0.6,7238,-
3106,倉敷紡績,繊維製品,1.0,★☆☆☆☆,0.0,0.0,0.0,0.0,1.0,0.0,0.0,0.0,,,0.0,1.3,3.9,-1.6,9211,9990.0,2.1,1.1,340,-
3105,日清紡ホールディングス,電気機器,1.0,★☆☆☆☆,0.0,0.0,0.0,0.0,1.0,0.0,0.0,0.0,,,0.0,-4.1,4.8,-3.7,2035,2253.5,-4.0,0.5,2153,-
6036,ＫｅｅＰｅｒ技研,サービス業,1.0,★☆☆☆☆,0.0,0.0,1.0,0.0,0.0,0.0,0.0,0.0,,,0.0,3.0,2.4,-4.5,2562,2691.0,-7.2,1.4,322,-
9983,ファーストリテイリング,小売業,1.0,★☆☆☆☆,0.0,0.0,0.0,0.0,1.0,0.0,0.0,0.0,,,0.0,-5.6,3.5,-7.2,70900,76220.0,-3.3,0.8,96539,-
1417,ミライト・ワン,建設業,1.0,★☆☆☆☆,0.0,0.0,0.0,0.0,1.0,0.0,0.0,0.0,,,0.0,-1.5,2.1,-3.8,3489,3639.0,-1.6,1.2,844,-
1434,ＪＥＳＣＯホールディングス,建設業,1.0,★☆☆☆☆,0.0,0.0,1.0,0.0,0.0,0.0,0.0,0.0,,,0.0,-6.0,5.0,-8.4,1515,1683.0,-8.6,0.6,148,-
3186,ネクステージ,小売業,1.0,★☆☆☆☆,0.0,0.0,1.0,0.0,0.0,0.0,0.0,0.0,,,0.0,-9.6,5.7,-10.3,2990,3375.0,-6.0,0.6,2764,-
9201,日本航空,空運業,1.0,★☆☆☆☆,0.0,0.0,0.0,0.0,1.0,0.0,0.0,0.0,,,0.0,2.9,2.1,-4.0,2667,2787.0,-4.1,1.2,8917,-
3569,セーレン,繊維製品,1.0,★☆☆☆☆,0.0,0.0,0.0,0.0,1.0,0.0,0.0,0.0,,,0.0,1.2,2.5,-3.4,3022,3180.0,-2.6,0.7,508,-
7366,ＬＩＴＡＬＩＣＯ,サービス業,1.0,★☆☆☆☆,0.0,0.0,1.0,0.0,0.0,0.0,0.0,0.0,,,0.0,6.0,2.9,-1.7,1499,1593.0,-4.5,0.4,162,-
7269,スズキ,輸送用機器,1.0,★☆☆☆☆,0.0,0.0,0.0,0.0,1.0,0.0,0.0,0.0,,,0.0,5.6,2.6,-2.1,1866,1968.5,-4.1,0.8,16205,-
6651,日東工業,電気機器,1.0,★☆☆☆☆,0.0,0.0,0.0,0.0,1.0,0.0,0.0,0.0,,,0.0,-5.1,2.6,-5.2,4115,4340.0,-2.7,0.7,433,-
6745,ホーチキ,電気機器,1.0,★☆☆☆☆,0.0,0.0,0.0,0.0,1.0,0.0,0.0,0.0,,,0.0,5.0,4.5,-1.0,1781,1955.0,1.6,0.7,461,-
6754,アンリツ,電気機器,1.0,★☆☆☆☆,0.0,0.0,0.0,0.0,1.0,0.0,0.0,0.0,,,0.0,-9.4,5.7,-5.9,3502,3950.0,0.7,0.8,6144,-
9369,キユーソー流通システム,倉庫・運輸関連業,1.0,★☆☆☆☆,0.0,0.0,1.0,0.0,0.0,0.0,0.0,0.0,,,0.0,-2.8,5.1,-7.0,2623,2919.0,-8.5,0.7,161,-
4681,リゾートトラスト,サービス業,1.0,★☆☆☆☆,0.0,0.0,0.0,0.0,1.0,0.0,0.0,0.0,,,0.0,1.0,1.9,-2.0,1636,1701.5,-0.8,0.8,720,-
4694,ビー・エム・エル,サービス業,1.0,★☆☆☆☆,0.0,0.0,0.0,0.0,1.0,0.0,0.0,0.0,,,0.0,1.8,1.7,-1.8,3437,3555.0,-2.3,0.8,261,-
4716,日本オラクル,情報・通信業,1.0,★☆☆☆☆,0.0,0.0,1.0,0.0,0.0,0.0,0.0,0.0,,,0.0,5.0,2.2,-2.2,7938,8306.0,-2.2,1.1,3165,-
1946,トーエネック,建設業,1.0,★☆☆☆☆,0.0,0.0,0.0,0.0,1.0,0.0,0.0,0.0,,,0.0,-3.5,3.1,-4.5,1959,2089.0,-0.8,0.8,319,-
6420,ガリレイ,機械,1.0,★☆☆☆☆,0.0,0.0,0.0,0.0,1.0,0.0,0.0,0.0,,,0.0,4.4,1.6,-1.1,3170,3275.0,-0.2,0.6,154,-
6331,三菱化工機,機械,1.0,★☆☆☆☆,0.0,0.0,0.0,0.0,1.0,0.0,0.0,0.0,,,0.0,-9.6,4.4,-6.6,3096,3395.0,1.5,1.0,659,-
6330,東洋エンジニアリング,建設業,1.0,★☆☆☆☆,0.0,0.0,1.0,0.0,0.0,0.0,0.0,0.0,,,0.0,0.2,5.6,-4.2,1672,1884.0,-0.6,1.3,3415,-
6328,荏原実業,機械,1.0,★☆☆☆☆,0.0,0.0,0.0,0.0,1.0,0.0,0.0,0.0,,,0.0,0.4,2.7,-0.8,2268,2397.0,0.1,0.6,132,-
6327,北川精機,機械,1.0,★☆☆☆☆,0.0,0.0,1.0,0.0,0.0,0.0,0.0,0.0,,,0.0,-37.9,18.9,-33.4,2380,3830.0,-16.2,0.3,5211,-
1961,三機工業,建設業,1.0,★☆☆☆☆,0.0,0.0,1.0,0.0,0.0,0.0,0.0,0.0,,,0.0,-18.0,4.4,-12.1,2223,2438.0,-6.1,1.4,1707,-
6336,石井表記,機械,1.0,★☆☆☆☆,0.0,0.0,1.0,0.0,0.0,0.0,0.0,0.0,,,0.0,-15.4,10.2,-12.6,1297,1627.0,-14.2,0.3,356,-
8830,住友不動産,不動産業,1.0,★☆☆☆☆,0.0,0.0,1.0,0.0,0.0,0.0,0.0,0.0,,,0.0,9.3,2.8,-1.2,3471,3680.0,-3.8,1.0,10575,-
5232,住友大阪セメント,ガラス・土石製品,1.0,★☆☆☆☆,0.0,0.0,0.0,0.0,1.0,0.0,0.0,0.0,,,0.0,-6.7,3.7,-2.0,5276,5692.0,0.7,0.9,1452,-
5947,リンナイ,金属製品,1.0,★☆☆☆☆,0.0,0.0,0.0,0.0,1.0,0.0,0.0,0.0,,,0.0,4.4,1.6,-0.5,3444,3557.0,-1.7,1.0,1046,-
5532,リアルゲイト,不動産業,1.0,★☆☆☆☆,0.0,0.0,0.0,0.0,1.0,0.0,0.0,0.0,,,0.0,7.7,4.2,0.5,3194,3490.0,-3.5,0.5,101,-
5724,アサカ理研,非鉄金属,1.0,★☆☆☆☆,0.0,0.0,1.0,0.0,0.0,0.0,0.0,0.0,,,0.0,-0.5,5.1,-5.4,2096,2335.0,-2.3,0.5,134,-
5892,ｙｕｔｏｒｉ,小売業,1.0,★☆☆☆☆,0.0,0.0,1.0,0.0,0.0,0.0,0.0,0.0,,,0.0,1.7,3.5,-4.0,1824,1962.0,-4.8,1.4,102,-
1941,中電工,建設業,1.0,★☆☆☆☆,0.0,0.0,0.0,0.0,1.0,0.0,0.0,0.0,,,0.0,-7.1,2.6,-4.8,4791,5050.0,-1.2,1.1,383,-
166A,タスキホールディングス,不動産業,1.0,★☆☆☆☆,0.0,0.0,0.0,0.0,1.0,0.0,0.0,0.0,,,0.0,-9.1,3.4,-4.9,994,1067.0,-5.0,0.7,490,-
1808,長谷工コーポレーション,建設業,1.0,★☆☆☆☆,0.0,0.0,1.0,0.0,0.0,0.0,0.0,0.0,,,0.0,3.9,2.2,-1.3,2638,2760.0,-1.7,1.4,2515,-
1721,コムシスホールディングス,建設業,1.0,★☆☆☆☆,0.0,0.0,0.0,0.0,1.0,0.0,0.0,0.0,,,0.0,2.5,2.5,-1.6,5005,5269.0,-0.1,1.0,2737,-
3449,テクノフレックス,金属製品,0.5,★☆☆☆☆,0.0,0.0,0.0,0.0,0.0,0.0,0.5,0.0,,,0.0,-45.7,14.8,-33.6,3470,4925.0,-8.5,0.8,1588,開示[業績予想の修正](11日前)
1812,鹿島建設,建設業,0.4,★☆☆☆☆,0.0,0.0,0.0,0.0,0.0,0.0,0.4,0.0,,,0.0,2.4,3.1,-3.7,5231,5580.0,-1.8,0.5,9333,開示[自己株式の取得](12日前)
3168,ＭＥＲＦ,卸売業,0.2,★☆☆☆☆,0.0,0.0,0.0,0.0,0.0,0.0,0.2,0.0,,,0.0,1.0,6.3,-3.3,1077,1233.0,-5.2,0.3,199,開示[業績予想の修正](13日前)
4051,ＧＭＯフィナンシャルゲート,情報・通信業,0.0,★☆☆☆☆,0.0,0.0,0.0,0.0,0.0,0.0,0.0,0.0,,,0.0,-2.5,3.5,-8.6,5666,6090.0,-9.5,1.2,205,-
4055,ティアンドエスグループ,情報・通信業,0.0,★☆☆☆☆,0.0,0.0,0.0,0.0,0.0,0.0,0.0,0.0,,,0.0,-16.8,5.0,-11.4,1375,1527.0,-7.2,0.5,116,-
4061,デンカ,化学,0.0,★☆☆☆☆,0.0,0.0,0.0,0.0,0.0,0.0,0.0,0.0,,,0.0,-12.8,4.4,-9.5,3369,3693.0,-4.3,0.5,2833,-
4967,小林製薬,化学,0.0,★☆☆☆☆,0.0,0.0,0.0,0.0,0.0,0.0,0.0,0.0,,,0.0,2.9,1.7,-1.2,5253,5439.0,-1.4,0.6,1257,-
9211,エフ・コード,サービス業,0.0,★☆☆☆☆,0.0,0.0,0.0,0.0,0.0,0.0,0.0,0.0,,,0.0,2.2,3.6,-2.9,1254,1351.0,-5.8,0.6,186,-
8802,三菱地所,不動産業,0.0,★☆☆☆☆,0.0,0.0,0.0,0.0,0.0,0.0,0.0,0.0,,,0.0,4.1,2.9,-3.3,3756,3990.0,-5.3,1.1,13521,-
9416,ビジョン,情報・通信業,0.0,★☆☆☆☆,0.0,0.0,0.0,0.0,0.0,0.0,0.0,0.0,,,0.0,7.6,1.6,-0.5,956,988.0,-1.8,0.9,390,-
9413,テレビ東京ホールディングス,情報・通信業,0.0,★☆☆☆☆,0.0,0.0,0.0,0.0,0.0,0.0,0.0,0.0,,,0.0,4.0,2.3,-3.9,3310,3470.0,-4.7,0.4,334,-
6425,ユニバーサルエンターテインメント,機械,0.0,★☆☆☆☆,0.0,0.0,0.0,0.0,0.0,0.0,0.0,0.0,,,0.0,3.0,4.4,-4.5,571,626.0,-4.3,0.8,159,-
6458,新晃工業,機械,0.0,★☆☆☆☆,0.0,0.0,0.0,0.0,0.0,0.0,0.0,0.0,,,0.0,3.2,1.4,-1.3,1202,1237.0,-2.2,0.8,214,-
6521,オキサイド,電気機器,0.0,★☆☆☆☆,0.0,0.0,0.0,0.0,0.0,0.0,0.0,0.0,,,0.0,-32.0,8.2,-22.9,2750,3290.0,-9.7,0.5,1013,-
6492,岡野バルブ製造,機械,0.0,★☆☆☆☆,0.0,0.0,0.0,0.0,0.0,0.0,0.0,0.0,,,0.0,-9.7,8.9,-16.8,11540,14030.0,-14.9,1.1,664,-
6613,ＱＤレーザ,電気機器,0.0,★☆☆☆☆,0.0,0.0,0.0,0.0,0.0,0.0,0.0,0.0,,,0.0,-45.5,12.8,-33.3,1222,1643.0,-15.3,0.5,7543,-
6597,ＨＰＣシステムズ,電気機器,0.0,★☆☆☆☆,0.0,0.0,0.0,0.0,0.0,0.0,0.0,0.0,,,0.0,-27.4,6.2,-15.1,3054,3490.0,-7.4,0.3,321,-
6203,豊和工業,機械,0.0,★☆☆☆☆,0.0,0.0,0.0,0.0,0.0,0.0,0.0,0.0,,,0.0,-5.3,7.1,-8.4,1230,1434.0,-1.6,0.4,651,-
6369,トーヨーカネツ,機械,0.0,★☆☆☆☆,0.0,0.0,0.0,0.0,0.0,0.0,0.0,0.0,,,0.0,6.0,2.0,-0.4,2330,2429.0,-0.1,0.9,236,-
9418,Ｕ－ＮＥＸＴ　ＨＯＬＤＩＮＧＳ,情報・通信業,0.0,★☆☆☆☆,0.0,0.0,0.0,0.0,0.0,0.0,0.0,0.0,,,0.0,9.1,2.3,-0.7,1576,1651.0,-2.1,0.9,1012,-
9468,ＫＡＤＯＫＡＷＡ,情報・通信業,0.0,★☆☆☆☆,0.0,0.0,0.0,0.0,0.0,0.0,0.0,0.0,,,0.0,7.5,2.6,-2.5,3298,3481.0,-5.3,0.7,2080,-
6356,日本ギア工業,機械,0.0,★☆☆☆☆,0.0,0.0,0.0,0.0,0.0,0.0,0.0,0.0,,,0.0,-6.2,7.2,-9.4,1166,1362.0,-10.8,0.6,456,-
9227,マイクロ波化学,サービス業,0.0,★☆☆☆☆,0.0,0.0,0.0,0.0,0.0,0.0,0.0,0.0,,,0.0,-7.9,4.6,-9.8,717,790.0,-3.7,0.4,126,-
1893,五洋建設,建設業,0.0,★☆☆☆☆,0.0,0.0,0.0,0.0,0.0,0.0,0.0,0.0,,,0.0,-2.4,3.4,-5.5,1462,1569.0,-2.5,0.7,2516,-
1968,太平電業,建設業,0.0,★☆☆☆☆,0.0,0.0,0.0,0.0,0.0,0.0,0.0,0.0,,,0.0,-0.2,2.9,-2.8,2321,2466.0,-1.3,1.1,323,-
1911,住友林業,建設業,0.0,★☆☆☆☆,0.0,0.0,0.0,0.0,0.0,0.0,0.0,0.0,,,0.0,3.7,2.1,-1.3,1264,1319.0,-3.4,0.7,4560,-
1934,ユアテック,建設業,0.0,★☆☆☆☆,0.0,0.0,0.0,0.0,0.0,0.0,0.0,0.0,,,0.0,1.1,2.2,-2.6,2233,2336.0,-1.9,0.9,238,-
215A,タイミー,サービス業,0.0,★☆☆☆☆,0.0,0.0,0.0,0.0,0.0,0.0,0.0,0.0,,,0.0,1.4,5.1,-2.7,1322,1471.0,-0.9,0.9,2812,-
1963,日揮ホールディングス,建設業,0.0,★☆☆☆☆,0.0,0.0,0.0,0.0,0.0,0.0,0.0,0.0,,,0.0,-5.8,3.5,-5.7,2132,2291.5,0.9,0.7,3833,-
3046,ジンズホールディングス,小売業,0.0,★☆☆☆☆,0.0,0.0,0.0,0.0,0.0,0.0,0.0,0.0,,,0.0,-8.4,6.4,-7.2,6023,6910.0,7.8,1.0,2691,-
2986,ＬＡホールディングス,不動産業,0.0,★☆☆☆☆,0.0,0.0,0.0,0.0,0.0,0.0,0.0,0.0,,,0.0,0.8,3.7,-3.5,2503,2705.0,-2.6,0.5,605,-
2695,くら寿司,小売業,0.0,★☆☆☆☆,0.0,0.0,0.0,0.0,0.0,0.0,0.0,0.0,,,0.0,8.2,1.7,-0.5,1532,1586.0,-2.1,0.9,398,-
3922,ＰＲ　ＴＩＭＥＳ,情報・通信業,0.0,★☆☆☆☆,0.0,0.0,0.0,0.0,0.0,0.0,0.0,0.0,,,0.0,-1.0,3.2,-7.6,1969,2103.0,-3.0,0.9,121,-
2585,ライフドリンク　カンパニー,食料品,0.0,★☆☆☆☆,0.0,0.0,0.0,0.0,0.0,0.0,0.0,0.0,,,0.0,-8.6,4.7,-8.0,1273,1405.0,-2.2,0.9,851,-
2379,ディップ,サービス業,0.0,★☆☆☆☆,0.0,0.0,0.0,0.0,0.0,0.0,0.0,0.0,,,0.0,6.9,2.2,-1.4,1701,1779.0,-1.8,0.8,599,-
2432,ディー・エヌ・エー,情報・通信業,0.0,★☆☆☆☆,0.0,0.0,0.0,0.0,0.0,0.0,0.0,0.0,,,0.0,5.2,2.3,-3.6,2276,2386.5,-1.0,0.6,3154,-
2413,エムスリー,サービス業,0.0,★☆☆☆☆,0.0,0.0,0.0,0.0,0.0,0.0,0.0,0.0,,,0.0,8.3,3.1,-0.7,1706,1820.0,-5.5,0.8,6423,-
2120,ＬＩＦＵＬＬ,サービス業,0.0,★☆☆☆☆,0.0,0.0,0.0,0.0,0.0,0.0,0.0,0.0,,,0.0,6.6,2.2,-0.9,187,195.0,-3.9,1.0,104,-
212A,フィットイージー,サービス業,0.0,★☆☆☆☆,0.0,0.0,0.0,0.0,0.0,0.0,0.0,0.0,,,0.0,4.0,3.3,-3.1,2482,2660.0,-4.8,0.6,366,-
4506,住友ファーマ,医薬品,0.0,★☆☆☆☆,0.0,0.0,0.0,0.0,0.0,0.0,0.0,0.0,,,0.0,-10.0,3.8,-9.2,1186,1284.5,-2.5,1.2,4970,-
4588,オンコリスバイオファーマ,医薬品,0.0,★☆☆☆☆,0.0,0.0,0.0,0.0,0.0,0.0,0.0,0.0,,,0.0,-2.9,5.8,-5.6,2180,2469.0,-1.3,0.5,1624,-
5985,サンコール,金属製品,0.0,★☆☆☆☆,0.0,0.0,0.0,0.0,0.0,0.0,0.0,0.0,,,0.0,-31.7,7.9,-20.7,1050,1248.0,-10.2,0.5,1102,-
4691,ワシントンホテル,サービス業,0.0,★☆☆☆☆,0.0,0.0,0.0,0.0,0.0,0.0,0.0,0.0,,,0.0,-14.5,4.7,-10.9,2068,2280.0,-4.9,0.5,159,-
3687,フィックスターズ,情報・通信業,0.0,★☆☆☆☆,0.0,0.0,0.0,0.0,0.0,0.0,0.0,0.0,,,0.0,-16.3,5.5,-9.1,1907,2144.0,-6.4,0.3,2775,-
4527,ロート製薬,医薬品,0.0,★☆☆☆☆,0.0,0.0,0.0,0.0,0.0,0.0,0.0,0.0,,,0.0,3.8,2.6,-2.5,2228,2350.0,-3.4,0.9,2195,-
6245,ヒラノテクシード,機械,0.0,★☆☆☆☆,0.0,0.0,0.0,0.0,0.0,0.0,0.0,0.0,,,0.0,-9.5,3.4,-8.7,1515,1626.0,-3.4,0.9,162,-
6140,旭ダイヤモンド工業,機械,0.0,★☆☆☆☆,0.0,0.0,0.0,0.0,0.0,0.0,0.0,0.0,,,0.0,-4.7,3.9,-6.7,1035,1123.0,-6.5,0.8,619,-
6145,ＮＩＴＴＯＫＵ,機械,0.0,★☆☆☆☆,0.0,0.0,0.0,0.0,0.0,0.0,0.0,0.0,,,0.0,-10.3,4.1,-8.7,2410,2624.0,-3.2,1.0,286,-
5885,ジーデップ・アドバンス,卸売業,0.0,★☆☆☆☆,0.0,0.0,0.0,0.0,0.0,0.0,0.0,0.0,,,0.0,-5.1,6.5,-7.0,2321,2670.0,-3.9,0.8,186,-
5821,平河ヒューテック,非鉄金属,0.0,★☆☆☆☆,0.0,0.0,0.0,0.0,0.0,0.0,0.0,0.0,,,0.0,-14.9,4.2,-11.2,2810,3070.0,-5.5,0.8,173,-
5572,Ｒｉｄｇｅ－ｉ,情報・通信業,0.0,★☆☆☆☆,0.0,0.0,0.0,0.0,0.0,0.0,0.0,0.0,,,0.0,-1.7,4.6,-5.6,2279,2509.0,-5.4,0.9,101,-
5367,ニッカトー,ガラス・土石製品,0.0,★☆☆☆☆,0.0,0.0,0.0,0.0,0.0,0.0,0.0,0.0,,,0.0,-34.4,8.3,-15.5,985,1180.0,-2.6,0.4,802,-
5262,日本ヒューム,ガラス・土石製品,0.0,★☆☆☆☆,0.0,0.0,0.0,0.0,0.0,0.0,0.0,0.0,,,0.0,5.5,2.1,-0.7,981,1025.0,0.6,0.6,189,-
6072,地盤ネットホールディングス,サービス業,0.0,★☆☆☆☆,0.0,0.0,0.0,0.0,0.0,0.0,0.0,0.0,,,0.0,-21.0,6.7,-13.6,766,884.0,-9.8,0.3,1066,-
6085,アーキテクツ・スタジオ・ジャパン,サービス業,0.0,★☆☆☆☆,0.0,0.0,0.0,0.0,0.0,0.0,0.0,0.0,,,0.0,-56.0,21.7,-48.3,68,120.0,-28.1,0.6,673,-
9551,メタウォーター,電気・ガス業,0.0,★☆☆☆☆,0.0,0.0,0.0,0.0,0.0,0.0,0.0,0.0,,,0.0,-6.7,2.6,-4.0,3013,3180.0,-0.6,0.9,356,-
3905,データセクション,情報・通信業,0.0,★☆☆☆☆,0.0,0.0,0.0,0.0,0.0,0.0,0.0,0.0,,,0.0,-48.1,9.9,-30.0,1868,2328.0,-13.4,0.7,5978,-
3810,サイバーステップホールディングス,情報・通信業,0.0,★☆☆☆☆,0.0,0.0,0.0,0.0,0.0,0.0,0.0,0.0,,,0.0,-8.1,11.2,-12.5,124,160.0,-4.2,0.6,287,-
4082,第一稀元素化学工業,化学,0.0,★☆☆☆☆,0.0,0.0,0.0,0.0,0.0,0.0,0.0,0.0,,,0.0,-11.7,4.4,-8.2,1651,1812.0,-3.3,0.7,335,-
4686,ジャストシステム,情報・通信業,0.0,★☆☆☆☆,0.0,0.0,0.0,0.0,0.0,0.0,0.0,0.0,,,0.0,9.2,2.3,-1.2,3556,3725.0,-2.9,0.7,322,-
4985,アース製薬,化学,0.0,★☆☆☆☆,0.0,0.0,0.0,0.0,0.0,0.0,0.0,0.0,,,0.0,2.5,1.6,-1.8,4469,4620.0,-1.9,0.7,387,-
4543,テルモ,精密機器,0.0,★☆☆☆☆,0.0,0.0,0.0,0.0,0.0,0.0,0.0,0.0,,,0.0,2.7,2.8,-2.6,2044,2164.5,-1.9,0.6,9430,-
4425,Ｋｕｄａｎ,情報・通信業,0.0,★☆☆☆☆,0.0,0.0,0.0,0.0,0.0,0.0,0.0,0.0,,,0.0,-0.9,5.5,-7.4,1570,1764.0,-9.4,0.6,297,-
4377,ワンキャリア,情報・通信業,0.0,★☆☆☆☆,0.0,0.0,0.0,0.0,0.0,0.0,0.0,0.0,,,0.0,13.6,3.5,-2.1,1837,1975.0,-6.3,1.2,122,-
4393,バンク・オブ・イノベーション,情報・通信業,0.0,★☆☆☆☆,0.0,0.0,0.0,0.0,0.0,0.0,0.0,0.0,,,0.0,9.6,3.4,-3.3,4341,4660.0,-5.5,0.5,171,-
4420,イーソル,情報・通信業,0.0,★☆☆☆☆,0.0,0.0,0.0,0.0,0.0,0.0,0.0,0.0,,,0.0,-2.5,4.0,-6.2,698,759.0,-7.1,0.4,143,-
4046,大阪ソーダ,化学,0.0,★☆☆☆☆,0.0,0.0,0.0,0.0,0.0,0.0,0.0,0.0,,,0.0,-1.8,2.7,-3.6,1684,1779.0,-2.3,0.9,545,-
8715,アニコム　ホールディングス,保険業,0.0,★☆☆☆☆,0.0,0.0,0.0,0.0,0.0,0.0,0.0,0.0,,,0.0,5.3,2.9,-3.1,1123,1192.0,-0.2,0.9,320,-
9974,ベルク,小売業,0.0,★☆☆☆☆,0.0,0.0,0.0,0.0,0.0,0.0,0.0,0.0,,,0.0,6.0,2.5,-0.4,6097,6420.0,-0.6,0.7,210,-
135A,ＶＲＡＩＮ　Ｓｏｌｕｔｉｏｎ,情報・通信業,0.0,★☆☆☆☆,0.0,0.0,0.0,0.0,0.0,0.0,0.0,0.0,,,0.0,-8.2,6.6,-10.7,3186,3670.0,-3.7,0.3,422,-
9072,ニッコンホールディングス,陸運業,0.0,★☆☆☆☆,0.0,0.0,0.0,0.0,0.0,0.0,0.0,0.0,,,0.0,-10.4,2.8,-8.2,4895,5185.0,-4.4,0.7,1449,-
7947,エフピコ,化学,0.0,★☆☆☆☆,0.0,0.0,0.0,0.0,0.0,0.0,0.0,0.0,,,0.0,0.1,1.9,-2.4,2416,2512.0,-1.1,1.0,481,-
7956,ピジョン,その他製品,0.0,★☆☆☆☆,0.0,0.0,0.0,0.0,0.0,0.0,0.0,0.0,,,0.0,2.8,1.9,-3.7,1871,1945.5,-3.5,0.7,1947,-
7868,広済堂ホールディングス,その他製品,0.0,★☆☆☆☆,0.0,0.0,0.0,0.0,0.0,0.0,0.0,0.0,,,0.0,1.9,3.3,-2.7,490,524.0,0.6,0.4,353,-
7794,イーディーピー,その他製品,0.0,★☆☆☆☆,0.0,0.0,0.0,0.0,0.0,0.0,0.0,0.0,,,0.0,-8.5,5.7,-14.2,814,919.0,-3.5,0.4,433,-
7649,スギホールディングス,小売業,0.0,★☆☆☆☆,0.0,0.0,0.0,0.0,0.0,0.0,0.0,0.0,,,0.0,-1.8,3.8,-5.2,2683,2901.5,-0.6,0.8,2844,-
7685,ＢｕｙＳｅｌｌ　Ｔｅｃｈｎｏｌｏｇｉｅｓ,卸売業,0.0,★☆☆☆☆,0.0,0.0,0.0,0.0,0.0,0.0,0.0,0.0,,,0.0,-5.6,5.3,-8.6,2811,3145.0,-10.5,0.9,1215,-
7713,シグマ光機,精密機器,0.0,★☆☆☆☆,0.0,0.0,0.0,0.0,0.0,0.0,0.0,0.0,,,0.0,-16.5,4.8,-9.0,1742,1929.0,-3.9,0.5,104,-
7318,セレンディップ・ホールディングス,輸送用機器,0.0,★☆☆☆☆,0.0,0.0,0.0,0.0,0.0,0.0,0.0,0.0,,,0.0,-9.4,7.0,-7.0,1729,2012.0,-2.5,0.3,382,-
7409,ＡｅｒｏＥｄｇｅ,輸送用機器,0.0,★☆☆☆☆,0.0,0.0,0.0,0.0,0.0,0.0,0.0,0.0,,,0.0,-14.8,7.9,-13.0,1245,1478.0,-4.5,0.6,277,-
7256,河西工業,輸送用機器,0.0,★☆☆☆☆,0.0,0.0,0.0,0.0,0.0,0.0,0.0,0.0,,,0.0,0.2,6.2,-5.6,360,411.0,-3.3,0.6,131,-
7082,ジモティー,サービス業,0.0,★☆☆☆☆,0.0,0.0,0.0,0.0,0.0,0.0,0.0,0.0,,,0.0,3.3,0.1,-0.2,1400,1404.0,-0.1,0.9,113,-
6994,指月電機製作所,電気機器,0.0,★☆☆☆☆,0.0,0.0,0.0,0.0,0.0,0.0,0.0,0.0,,,0.0,-23.2,6.6,-11.9,919,1060.0,-0.4,0.4,360,-
6997,日本ケミコン,電気機器,0.0,★☆☆☆☆,0.0,0.0,0.0,0.0,0.0,0.0,0.0,0.0,,,0.0,-41.8,11.5,-28.4,2494,3240.0,-10.7,0.6,5234,-
6928,エノモト,電気機器,0.0,★☆☆☆☆,0.0,0.0,0.0,0.0,0.0,0.0,0.0,0.0,,,0.0,-19.6,4.4,-12.7,2347,2576.0,-7.5,1.1,104,-
6862,ミナトホールディングス,電気機器,0.0,★☆☆☆☆,0.0,0.0,0.0,0.0,0.0,0.0,0.0,0.0,,,0.0,-16.8,6.0,-10.8,1626,1846.0,-5.5,0.6,324,-
6864,エヌエフホールディングス,電気機器,0.0,★☆☆☆☆,0.0,0.0,0.0,0.0,0.0,0.0,0.0,0.0,,,0.0,-19.1,4.0,-9.6,1416,1540.0,0.0,1.0,112,-
6838,多摩川ホールディングス,電気機器,0.0,★☆☆☆☆,0.0,0.0,0.0,0.0,0.0,0.0,0.0,0.0,,,0.0,-32.3,6.5,-18.3,1180,1355.0,-5.7,0.5,458,-
6840,ＡＫＩＢＡホールディングス,電気機器,0.0,★☆☆☆☆,0.0,0.0,0.0,0.0,0.0,0.0,0.0,0.0,,,0.0,-20.0,5.6,-12.1,590,664.0,-4.9,0.5,180,-
6753,シャープ,電気機器,0.0,★☆☆☆☆,0.0,0.0,0.0,0.0,0.0,0.0,0.0,0.0,,,0.0,1.6,3.1,-6.4,550,586.7999877929688,-7.5,1.1,2211,-
6656,インスペック,電気機器,0.0,★☆☆☆☆,0.0,0.0,0.0,0.0,0.0,0.0,0.0,0.0,,,0.0,-11.8,6.8,-9.1,948,1097.0,-8.0,0.2,163,-
6544,ジャパンエレベーターサービスホールディングス,サービス業,0.0,★☆☆☆☆,0.0,0.0,0.0,0.0,0.0,0.0,0.0,0.0,,,0.0,3.9,2.9,-4.3,1572,1667.0,-4.3,0.6,931,-
3441,山王,金属製品,0.0,★☆☆☆☆,0.0,0.0,0.0,0.0,0.0,0.0,0.0,0.0,,,0.0,-23.4,6.8,-14.8,2304,2670.0,-3.4,0.5,182,-
3444,菊池製作所,金属製品,0.0,★☆☆☆☆,0.0,0.0,0.0,0.0,0.0,0.0,0.0,0.0,,,0.0,-23.8,7.0,-11.0,830,966.0,-3.9,0.3,260,-
3915,テラスカイ,情報・通信業,0.0,★☆☆☆☆,0.0,0.0,0.0,0.0,0.0,0.0,0.0,0.0,,,0.0,-12.8,6.3,-11.4,1793,2051.0,-9.5,0.6,525,-
3288,オープンハウスグループ,不動産業,0.0,★☆☆☆☆,0.0,0.0,0.0,0.0,0.0,0.0,0.0,0.0,,,0.0,3.8,2.3,-1.4,8001,8380.0,-2.0,0.8,2112,-
3321,ミタチ産業,卸売業,0.0,★☆☆☆☆,0.0,0.0,0.0,0.0,0.0,0.0,0.0,0.0,,,0.0,-8.4,3.9,-8.2,1414,1533.0,-2.0,0.4,159,-
336A,ダイナミックマッププラットフォーム,情報・通信業,0.0,★☆☆☆☆,0.0,0.0,0.0,0.0,0.0,0.0,0.0,0.0,,,0.0,4.5,6.3,-4.6,702,803.0,-12.4,0.8,277,-
3156,レスター,卸売業,0.0,★☆☆☆☆,0.0,0.0,0.0,0.0,0.0,0.0,0.0,0.0,,,0.0,-18.0,3.8,-10.5,3268,3540.0,-2.7,0.9,312,-
1938,日本リーテック,建設業,0.0,★☆☆☆☆,0.0,0.0,0.0,0.0,0.0,0.0,0.0,0.0,,,0.0,-3.3,2.7,-4.9,2368,2506.0,-2.9,1.1,190,-
1720,東急建設,建設業,0.0,★☆☆☆☆,0.0,0.0,0.0,0.0,0.0,0.0,0.0,0.0,,,0.0,5.4,2.3,-1.1,1115,1168.0,-1.6,1.0,362,-
1801,大成建設,建設業,0.0,★☆☆☆☆,0.0,0.0,0.0,0.0,0.0,0.0,0.0,0.0,,,0.0,3.8,3.9,-3.1,12620,13675.0,-1.7,0.6,9287,-
1803,清水建設,建設業,0.0,★☆☆☆☆,0.0,0.0,0.0,0.0,0.0,0.0,0.0,0.0,,,0.0,2.7,3.3,-2.5,2297,2457.0,-2.1,0.9,6398,-
