code,name,sector,score,stars,linkage,theme,supply,etf,tech,fund,material,penalty,signal,driver,gap_pct,rs20,atr_pct,dev25,stop,close,chg5d,v_ratio,turnover_m,reasons_str
6146,ディスコ,機械,59.0,★★★☆☆,26.3,20.0,2.0,0.0,3.7,7.0,0.0,0.0,監視,SK hynix,2.8,-10.2,6.5,3.2,57284,65910.0,12.8,0.4,127621,SK hynix+15.4%連動(β0.48) 未反応+2.8% / HBM・後工程(+11.0%) / 増収+27% / ROE27%
6315,ＴＯＷＡ,機械,58.5,★★★☆☆,30.0,20.0,2.0,0.0,0.0,6.5,0.0,0.0,監視,SK hynix,7.9,-22.9,7.7,-8.4,2159,2554.0,0.9,0.6,13455,SK hynix+15.4%連動(β0.55) 未反応+7.9% / HBM・後工程(+11.0%) / 増収+100%
7729,東京精密,精密機器,56.099999999999994,★★★☆☆,17.3,20.0,3.3,0.0,8.0,7.5,0.0,0.0,監視,SK hynix,0.2,-1.3,5.9,7.5,16985,19270.0,10.9,0.4,9365,SK hynix+15.4%連動(β0.43) / HBM・後工程(+11.0%) / 買い出来高優勢 / 増収+19%
6920,レーザーテック,電気機器,56.0,★★★☆☆,29.5,20.0,1.0,0.0,1.5,4.0,0.0,0.0,監視,SK hynix,7.8,-18.9,9.2,-5.9,32047,39260.0,4.8,0.5,148289,SK hynix+15.4%連動(β0.45) 未反応+7.8% / 半導体製造装置(+9.8%) / ROE34%
6501,日立製作所,電気機器,55.5,★★★☆☆,20.5,16.2,3.3,0.0,10.0,5.5,0.0,0.0,監視,SK hynix,4.3,11.8,3.2,8.1,5218,5571.0,-0.9,0.8,65929,SK hynix+15.4%連動(β0.22) 未反応+4.3% / AIデータセンター・電力(+5.1%) / 買い出来高優勢 / MA上昇配列 / 増収+20%
6871,日本マイクロニクス,電気機器,55.5,★★★☆☆,18.0,20.0,4.3,0.0,4.7,8.5,0.0,0.0,監視,SK hynix,-1.7,-7.4,9.0,3.9,12554,15320.0,11.7,1.3,21758,SK hynix+15.4%連動(β0.56) / 半導体製造装置(+9.8%) / 買い出来高優勢 / 増収+26% / ROE26%
6323,ローツェ,機械,54.900000000000006,★★★☆☆,18.2,20.0,1.0,0.0,8.7,7.0,0.0,0.0,,SK hynix,0.1,-10.3,7.8,2.1,3683,4363.0,10.3,0.4,12372,SK hynix+15.4%連動(β0.52) / 半導体製造装置(+9.8%) / MA上昇配列 / パーフェクトオーダー / ROE15%
6857,アドバンテスト,電気機器,54.5,★★★☆☆,18.0,20.0,1.0,0.0,13.5,7.0,0.0,-5.0,,SK hynix,-2.0,23.9,7.0,21.7,32472,37780.0,17.4,0.7,308541,SK hynix+15.4%連動(β0.54) / HBM・後工程(+11.0%) / MA上昇配列 / パーフェクトオーダー / 52週高値目前 / 過熱⚠25MA+22% / 増収+39% / ROE57%
5310,東洋炭素,ガラス・土石製品,52.8,★★★☆☆,22.9,18.4,2.0,0.0,7.0,2.5,0.0,0.0,,SK hynix,6.2,1.6,5.3,5.4,6514,7280.0,0.8,0.7,850,SK hynix+15.4%連動(β0.28) 未反応+6.2% / 核融合(+6.2%)
8035,東京エレクトロン,電気機器,50.5,★★★☆☆,19.8,20.0,1.0,0.0,2.7,7.0,0.0,0.0,,SK hynix,0.9,-18.8,6.5,-2.3,52264,60090.0,10.3,0.6,257830,SK hynix+15.4%連動(β0.44) 未反応+0.9% / 半導体製造装置(+9.8%) / 増収+33% / ROE31%
6504,富士電機,電気機器,48.7,★★☆☆☆,19.0,16.2,0.0,0.0,7.0,6.5,0.0,0.0,,SK hynix,2.4,14.4,5.5,10.5,13321,14970.0,2.3,0.4,15324,SK hynix+15.4%連動(β0.31) 未反応+2.4% / AIデータセンター・電力(+5.1%) / PER22倍
6508,明電舎,電気機器,48.1,★★☆☆☆,10.9,16.2,4.3,0.0,13.7,8.0,0.0,-5.0,,SK hynix,-13.0,40.5,5.5,28.8,11277,12660.0,16.7,0.9,3407,SK hynix+15.4%連動(β0.28) / AIデータセンター・電力(+5.1%) / 買い出来高優勢 / MA上昇配列 / パーフェクトオーダー / 52週高値ブレイク! / 過熱⚠25MA+29% / 増収+26% / ROE18% / PER24倍
4062,イビデン,電気機器,48.0,★★☆☆☆,18.0,20.0,1.0,0.0,6.0,6.0,0.0,-3.0,,SK hynix,-0.1,20.4,9.3,19.8,17574,21580.0,12.9,0.8,158758,SK hynix+15.4%連動(β0.55) / HBM・後工程(+11.0%) / 伸びすぎ注意(25MA+20%) / 増収+26%
5802,住友電気工業,非鉄金属,46.6,★★☆☆☆,12.9,20.0,2.0,0.0,3.7,8.0,0.0,0.0,,SK hynix,-9.3,-0.4,7.0,6.8,2126,2473.0,16.1,0.7,60108,SK hynix+15.4%連動(β0.33) / 光通信・電線(+12.6%) / 増収+16% / ROE16% / PER20倍
5805,ＳＷＣＣ,非鉄金属,46.3,★★☆☆☆,12.1,20.0,3.3,0.0,6.0,9.0,0.9,-5.0,,SK hynix,-2.6,29.0,6.1,23.0,12894,14680.0,13.3,0.9,6644,SK hynix+15.4%連動(β0.31) / 光通信・電線(+12.6%) / 買い出来高優勢 / 過熱⚠25MA+23% / 開示[上方修正](11日前) / 増収+25% / ROE24% / PER23倍
7735,ＳＣＲＥＥＮホールディングス,電気機器,44.8,★★☆☆☆,16.8,20.0,2.0,0.0,1.5,4.5,0.0,0.0,,SK hynix,-4.2,-25.7,7.1,-2.9,12536,14615.0,11.7,0.5,53759,SK hynix+15.4%連動(β0.44) / 半導体製造装置(+9.8%) / ROE19%
5803,フジクラ,非鉄金属,44.7,★★☆☆☆,17.2,20.0,2.0,0.0,6.0,4.0,0.5,-5.0,,SK hynix,-2.0,24.1,7.3,25.8,5186,6078.0,17.2,1.2,281432,SK hynix+15.4%連動(β0.45) / 光通信・電線(+12.6%) / 過熱⚠25MA+26% / 開示[業績予想の修正](11日前) / ROE39%
6627,テラプローブ,電気機器,44.699999999999996,★★☆☆☆,25.0,0.0,4.3,0.0,7.0,7.0,1.4,0.0,,SK hynix,2.3,-0.0,8.4,9.1,10273,12350.0,6.5,2.5,2001,SK hynix+15.4%連動(β0.54) 未反応+2.3% / 出来高増2.5倍 / 開示[株式分割](4日前) / 増収+20% / PER21倍
2760,東京エレクトロン　デバイス,卸売業,44.2,★★☆☆☆,23.2,0.0,3.0,0.0,10.0,8.0,0.0,0.0,,SK hynix,4.0,9.3,5.9,8.1,3835,4345.0,-1.2,0.5,1038,SK hynix+15.4%連動(β0.29) 未反応+4.0% / MA上昇配列 / パーフェクトオーダー / 増収+34% / ROE18% / PER16倍
4980,デクセリアルズ,化学,44.0,★★☆☆☆,17.5,20.0,0.0,0.0,1.5,5.0,0.0,0.0,,SK hynix,1.2,-18.9,5.9,-7.3,2819,3199.0,4.8,0.9,6164,SK hynix+15.4%連動(β0.36) 未反応+1.2% / 光通信・電線(+12.6%) / PER19倍
4401,ＡＤＥＫＡ,化学,42.6,★★☆☆☆,17.8,0.0,4.3,0.0,12.0,8.0,0.5,0.0,,SK hynix,3.4,10.1,3.9,12.4,4370,4739.0,0.7,0.6,2641,SK hynix+15.4%連動(β0.19) 未反応+3.4% / 買い出来高優勢 / MA上昇配列 / パーフェクトオーダー / 開示[業績予想の修正](11日前) / 増収+15% / PER17倍
6324,ハーモニック・ドライブ・システムズ,機械,42.400000000000006,★★☆☆☆,27.2,6.0,2.0,0.0,2.7,4.0,0.5,0.0,,SK hynix,4.0,-13.2,8.9,-2.8,5357,6510.0,-9.1,0.5,10312,SK hynix+15.4%連動(β0.39) 未反応+4.0% / ロボット(-1.8%) / 開示[業績予想の修正](11日前) / 増収+24%
3993,ＰＫＳＨＡ　Ｔｅｃｈｎｏｌｏｇｙ,情報・通信業,42.3,★★☆☆☆,11.2,14.6,4.0,0.0,6.0,6.5,0.0,0.0,,SK hynix,0.2,-1.8,4.7,5.0,2737,3020.0,5.6,1.5,1206,SK hynix+15.4%連動(β0.28) / 生成AI・ソフト(+4.3%) / 増収+89%
5801,古河電気工業,非鉄金属,41.5,★★☆☆☆,15.5,20.0,0.0,0.0,6.0,5.0,0.0,-5.0,,SK hynix,-2.5,20.2,8.8,20.4,3544,4298.0,11.5,1.0,105195,SK hynix+15.4%連動(β0.40) / 光通信・電線(+12.6%) / 過熱⚠25MA+20% / 増収+24% / ROE23%
8622,水戸証券,証券、商品先物取引業,41.4,★★☆☆☆,13.6,0.0,5.3,0.0,13.5,9.0,0.0,0.0,,SK hynix,2.6,15.1,3.7,8.6,796,859.0,1.2,1.0,330,SK hynix+15.4%連動(β0.15) 未反応+2.6% / 買い出来高優勢 / 資金流入増 / MA上昇配列 / パーフェクトオーダー / 52週高値目前 / 増収+72% / PER17倍
6258,平田機工,機械,40.8,★★☆☆☆,23.8,0.0,2.0,0.0,12.0,8.0,0.0,-5.0,,SK hynix,6.8,18.5,6.0,21.4,3335,3785.0,19.6,0.8,1313,SK hynix+15.4%連動(β0.31) 未反応+6.8% / MA上昇配列 / パーフェクトオーダー / 過熱⚠25MA+21% / 増収+17% / PER19倍
6103,オークマ,機械,40.8,★★☆☆☆,20.0,0.0,2.0,0.0,12.0,5.5,1.3,0.0,,SK hynix,4.1,6.9,4.0,7.2,5029,5470.0,-2.0,0.5,2731,SK hynix+15.4%連動(β0.21) 未反応+4.1% / MA上昇配列 / パーフェクトオーダー / 開示[自己株式の取得](8日前) / 増収+16%
6273,ＳＭＣ,機械,40.7,★★☆☆☆,22.2,0.0,0.0,0.0,11.0,7.5,0.0,0.0,,SK hynix,5.0,2.1,5.2,6.5,69603,77610.0,4.6,0.8,23238,SK hynix+15.4%連動(β0.26) 未反応+5.0% / MA上昇配列 / パーフェクトオーダー / 増収+35%
4251,恵和,化学,40.699999999999996,★★☆☆☆,21.9,0.0,4.7,0.0,3.7,6.5,3.9,0.0,,SK hynix,9.8,-5.0,2.8,-3.0,1133,1200.0,-5.4,7.0,114,SK hynix+15.4%連動(β0.26) 未反応+9.8% / 出来高急増7.0倍 / 開示[業績予想の修正](4日前) / 開示[自己株式取得](4日前) / PER7倍
6503,三菱電機,電気機器,40.6,★★☆☆☆,9.4,16.2,2.0,0.0,8.0,5.0,0.0,0.0,,SK hynix,-1.1,4.6,4.5,7.4,5580,6126.0,5.1,0.6,37417,SK hynix+15.4%連動(β0.24) / AIデータセンター・電力(+5.1%)
6954,ファナック,電気機器,40.6,★★☆☆☆,22.4,6.0,2.0,0.0,2.7,7.5,0.0,0.0,,SK hynix,4.0,-10.6,5.8,-2.1,5772,6523.0,-0.2,0.6,52190,SK hynix+15.4%連動(β0.27) 未反応+4.0% / ロボット(-1.8%) / 増収+18%
6840,ＡＫＩＢＡホールディングス,電気機器,40.4,★★☆☆☆,24.4,0.0,2.0,0.0,6.0,8.0,0.0,0.0,,SK hynix,11.3,9.2,9.5,13.1,638,787.0,2.6,1.1,541,SK hynix+15.4%連動(β0.32) 未反応+11.3% / 増収+148% / ROE26% / PER9倍
4971,メック,化学,40.2,★★☆☆☆,27.9,0.0,1.0,0.0,1.2,9.0,1.1,0.0,,SK hynix,17.6,-11.0,9.6,-6.2,6439,7970.0,-9.9,1.5,3860,SK hynix+15.4%連動(β0.41) 未反応+17.6% / 開示[業績予想の修正](8日前) / 増収+88% / PER22倍
4369,トリケミカル研究所,化学,40.0,★★☆☆☆,25.8,0.0,1.0,0.0,4.7,8.5,0.0,0.0,,SK hynix,3.1,-2.2,6.4,4.1,3013,3455.0,2.4,0.5,1706,SK hynix+15.4%連動(β0.43) 未反応+3.1% / ROE18% / PER20倍
6506,安川電機,電気機器,39.8,★☆☆☆☆,23.8,6.0,2.0,0.0,5.0,3.0,0.0,0.0,,SK hynix,3.4,-4.0,4.7,3.3,4954,5472.0,3.9,0.4,32747,SK hynix+15.4%連動(β0.35) 未反応+3.4% / ロボット(-1.8%)
6517,デンヨー,電気機器,39.1,★☆☆☆☆,18.1,0.0,3.0,0.0,11.0,7.0,0.0,0.0,,SK hynix,5.0,14.2,4.8,7.2,3741,4140.0,-1.8,0.5,273,SK hynix+15.4%連動(β0.16) 未反応+5.0% / MA上昇配列 / パーフェクトオーダー / 増収+19% / PER15倍
4189,ＫＨネオケム,化学,39.1,★☆☆☆☆,18.1,0.0,3.0,0.0,12.0,6.0,0.0,0.0,,SK hynix,5.0,7.4,4.2,6.2,3109,3395.0,-3.3,0.4,717,SK hynix+15.4%連動(β0.16) 未反応+5.0% / MA上昇配列 / パーフェクトオーダー / PER13倍
6361,荏原製作所,機械,38.7,★☆☆☆☆,26.2,0.0,4.3,0.0,2.7,5.5,0.0,0.0,,SK hynix,7.4,-9.5,6.8,-3.2,4741,5482.0,-3.6,2.3,22149,SK hynix+15.4%連動(β0.37) 未反応+7.4% / 出来高増2.3倍 / 増収+51%
6301,小松製作所,機械,38.6,★☆☆☆☆,18.1,0.0,2.0,0.0,12.0,6.5,0.0,0.0,,SK hynix,5.6,8.4,3.7,5.0,6672,7211.0,-1.9,0.4,23197,SK hynix+15.4%連動(β0.16) 未反応+5.6% / MA上昇配列 / パーフェクトオーダー / PER17倍
6723,ルネサスエレクトロニクス,電気機器,38.599999999999994,★☆☆☆☆,26.9,0.0,0.0,0.0,2.7,9.0,0.0,0.0,,SK hynix,4.7,-10.0,7.2,-0.7,3313,3873.0,3.1,0.6,58505,SK hynix+15.4%連動(β0.39) 未反応+4.7% / 増収+28% / PER20倍
8015,豊田通商,卸売業,37.5,★☆☆☆☆,15.8,0.0,3.0,0.0,10.7,8.0,0.0,0.0,,SK hynix,2.9,15.2,3.4,10.0,6874,7377.0,-0.6,0.5,22448,SK hynix+15.4%連動(β0.18) 未反応+2.9% / MA上昇配列 / パーフェクトオーダー / 増収+38% / ROE16% / PER21倍
4183,三井化学,化学,37.4,★☆☆☆☆,14.6,0.0,3.3,0.0,10.7,6.5,2.3,0.0,,SK hynix,2.9,-3.0,2.9,1.7,2069,2197.0,0.9,0.9,4839,SK hynix+15.4%連動(β0.15) 未反応+2.9% / 買い出来高優勢 / MA上昇配列 / パーフェクトオーダー / 開示[買収](1日前) / PER24倍
5195,バンドー化学,ゴム製品,37.3,★☆☆☆☆,16.8,0.0,2.0,0.0,12.0,6.5,0.0,0.0,,SK hynix,4.3,5.3,2.4,4.0,2345,2464.0,-0.5,0.7,156,SK hynix+15.4%連動(β0.12) 未反応+4.3% / MA上昇配列 / パーフェクトオーダー / PER10倍
6741,日本信号,電気機器,37.2,★☆☆☆☆,16.2,0.0,3.0,0.0,12.0,6.0,0.0,0.0,,SK hynix,4.5,11.1,3.8,9.1,1691,1830.0,-2.2,0.9,443,SK hynix+15.4%連動(β0.11) 未反応+4.5% / MA上昇配列 / パーフェクトオーダー / 増収+30% / PER10倍
6302,住友重機械工業,機械,37.2,★☆☆☆☆,15.2,0.0,3.0,0.0,12.0,7.0,0.0,0.0,,SK hynix,2.8,9.5,4.3,8.4,5424,5933.0,0.8,0.5,5810,SK hynix+15.4%連動(β0.18) 未反応+2.8% / MA上昇配列 / パーフェクトオーダー / 増収+18% / PER17倍
5301,東海カーボン,ガラス・土石製品,36.6,★☆☆☆☆,17.6,0.0,0.0,0.0,12.0,7.0,0.0,0.0,,SK hynix,3.8,5.3,4.2,8.1,1641,1792.5,3.4,0.4,3439,SK hynix+15.4%連動(β0.16) 未反応+3.8% / MA上昇配列 / パーフェクトオーダー / 増収+18% / PER21倍
5713,住友金属鉱山,非鉄金属,36.5,★☆☆☆☆,22.4,0.0,3.0,0.0,6.0,9.0,1.1,-5.0,,SK hynix,5.3,33.1,5.5,22.3,8855,9947.0,10.5,0.6,34313,SK hynix+15.4%連動(β0.27) 未反応+5.3% / 過熱⚠25MA+22% / 開示[業績予想の修正](8日前) / 増収+42% / PER15倍
4099,四国化成ホールディングス,化学,36.5,★☆☆☆☆,23.8,0.0,1.0,0.0,2.7,9.0,0.0,0.0,,SK hynix,8.6,-2.9,9.1,-0.0,2292,2800.0,-5.2,0.8,2224,SK hynix+15.4%連動(β0.30) 未反応+8.6% / 増収+50% / PER21倍
6652,ＩＤＥＣ,電気機器,36.5,★☆☆☆☆,13.7,0.0,4.3,0.0,12.0,6.5,0.0,0.0,,SK hynix,2.6,11.4,3.6,10.1,3532,3810.0,3.0,0.5,537,SK hynix+15.4%連動(β0.15) 未反応+2.6% / 買い出来高優勢 / MA上昇配列 / パーフェクトオーダー / 増収+36%
6337,テセック,機械,36.400000000000006,★☆☆☆☆,17.6,0.0,5.3,0.0,12.0,6.5,0.0,-5.0,,SK hynix,2.5,41.1,8.0,21.2,2845,3390.0,5.3,0.2,495,SK hynix+15.4%連動(β0.27) 未反応+2.5% / 買い出来高優勢 / 資金流入増 / MA上昇配列 / パーフェクトオーダー / 過熱⚠25MA+21% / 増収+79%
6988,日東電工,化学,36.4,★☆☆☆☆,17.9,0.0,3.3,0.0,7.7,7.5,0.0,0.0,,SK hynix,4.6,1.3,3.4,2.3,3242,3476.0,-1.2,0.5,12328,SK hynix+15.4%連動(β0.15) 未反応+4.6% / 買い出来高優勢 / MA上昇配列 / PER18倍
4092,日本化学工業,化学,36.1,★☆☆☆☆,21.8,0.0,2.0,0.0,7.2,4.0,1.1,0.0,,SK hynix,5.0,4.6,7.4,4.9,4733,5560.0,-0.7,0.3,1920,SK hynix+15.4%連動(β0.25) 未反応+5.0% / MA上昇配列 / パーフェクトオーダー / 開示[業績予想の修正](8日前) / PER18倍
6407,ＣＫＤ,機械,36.099999999999994,★☆☆☆☆,25.9,0.0,0.0,0.0,2.7,7.5,0.0,0.0,,SK hynix,3.3,-11.7,8.3,-1.8,5186,6220.0,-1.7,0.8,5828,SK hynix+15.4%連動(β0.42) 未反応+3.3% / 増収+36%
7013,ＩＨＩ,機械,35.9,★☆☆☆☆,0.0,19.4,0.0,0.0,8.0,8.5,0.0,0.0,,,0.0,3.6,4.4,6.9,2746,3011.0,9.7,0.6,41619,防衛(+6.7%) / MA上昇配列 / ROE33% / PER20倍
5186,ニッタ,ゴム製品,35.9,★☆☆☆☆,15.9,0.0,1.0,0.0,12.0,6.5,0.5,0.0,,SK hynix,3.9,-1.0,3.6,4.5,6410,6910.0,-2.3,0.6,442,SK hynix+15.4%連動(β0.11) 未反応+3.9% / MA上昇配列 / パーフェクトオーダー / 開示[業績予想の修正](11日前) / PER14倍
7012,川崎重工業,輸送用機器,35.599999999999994,★☆☆☆☆,2.7,19.4,2.0,0.0,6.0,5.5,0.0,0.0,,Quanta Services,-4.9,0.7,4.0,3.7,2629,2855.5,2.8,0.5,33511,Quanta Services+3.5%連動(β0.31) / 防衛(+6.7%) / PER22倍
4047,関東電化工業,化学,35.3,★☆☆☆☆,24.0,0.0,0.0,0.0,2.7,7.5,1.1,0.0,,SK hynix,7.4,-10.7,7.1,-2.8,2328,2715.0,-4.6,1.2,2225,SK hynix+15.4%連動(β0.31) 未反応+7.4% / 開示[業績予想の修正](8日前) / 増収+31%
6728,アルバック,電気機器,35.2,★☆☆☆☆,26.0,0.0,4.7,0.0,0.0,4.5,0.0,0.0,,SK hynix,19.5,-27.2,7.6,-14.8,6675,7870.0,-10.4,4.3,5710,SK hynix+15.4%連動(β0.36) 未反応+19.5% / 出来高急増4.3倍 / PER23倍
3445,ＲＳ　Ｔｅｃｈｎｏｌｏｇｉｅｓ,金属製品,35.2,★☆☆☆☆,26.2,0.0,0.0,0.0,1.5,7.5,0.0,0.0,,SK hynix,12.8,-14.9,8.6,-5.7,5254,6350.0,-4.5,1.0,2045,SK hynix+15.4%連動(β0.37) 未反応+12.8% / PER16倍
8012,長瀬産業,卸売業,35.099999999999994,★☆☆☆☆,17.4,0.0,0.0,0.0,10.7,7.0,0.0,0.0,,SK hynix,4.1,0.8,3.6,3.2,1142,1229.5,-2.0,0.8,1190,SK hynix+15.4%連動(β0.14) 未反応+4.1% / MA上昇配列 / パーフェクトオーダー / 増収+18% / PER15倍
6278,ユニオンツール,機械,35.0,★☆☆☆☆,23.8,0.0,1.0,0.0,2.7,7.5,0.0,0.0,,SK hynix,3.6,-12.7,10.1,-2.1,13690,17160.0,4.1,0.6,6400,SK hynix+15.4%連動(β0.34) 未反応+3.6% / 増収+54%
6376,日機装,精密機器,34.5,★☆☆☆☆,19.4,0.0,4.7,0.0,1.0,5.5,3.9,0.0,,SK hynix,8.0,-7.2,7.4,-4.0,3167,3720.0,-6.1,5.0,2175,SK hynix+15.4%連動(β0.19) 未反応+8.0% / 出来高急増5.0倍 / 開示[業績予想の修正](4日前) / 開示[増配](4日前) / PER14倍
7715,長野計器,精密機器,34.1,★☆☆☆☆,10.4,0.0,6.7,0.0,12.0,5.0,0.0,0.0,,SK hynix,-7.7,9.2,5.7,13.1,3906,4405.0,12.1,2.3,529,SK hynix+15.4%連動(β0.27) / 出来高増2.3倍 / 買い出来高優勢 / MA上昇配列 / パーフェクトオーダー / PER14倍
8020,兼松,卸売業,33.9,★☆☆☆☆,13.1,0.0,3.3,0.0,11.0,6.5,0.0,0.0,,SK hynix,2.7,-1.1,3.1,2.3,2042,2177.5,-1.4,0.8,1221,SK hynix+15.4%連動(β0.12) 未反応+2.7% / 買い出来高優勢 / MA上昇配列 / パーフェクトオーダー / ROE18% / PER11倍
8053,住友商事,卸売業,33.9,★☆☆☆☆,18.4,0.0,2.0,0.0,8.0,5.5,0.0,0.0,,SK hynix,4.6,7.0,3.3,5.9,1636,1750.0,-2.1,0.6,19748,SK hynix+15.4%連動(β0.17) 未反応+4.6% / PER14倍
6966,三井ハイテック,電気機器,33.4,★☆☆☆☆,21.9,0.0,0.0,0.0,10.0,1.5,0.0,0.0,,SK hynix,3.5,-1.4,4.4,4.9,890,977.0,2.4,0.4,1860,SK hynix+15.4%連動(β0.29) 未反応+3.5% / MA上昇配列 / パーフェクトオーダー
7537,丸文,卸売業,33.3,★☆☆☆☆,13.8,0.0,3.0,0.0,13.5,3.0,0.0,0.0,,SK hynix,1.6,9.4,4.9,9.0,1684,1867.0,6.0,0.7,284,SK hynix+15.4%連動(β0.24) 未反応+1.6% / MA上昇配列 / パーフェクトオーダー / 52週高値目前 / PER15倍
6951,日本電子,電気機器,33.2,★☆☆☆☆,23.5,0.0,4.7,0.0,1.0,4.0,0.0,0.0,,SK hynix,16.2,-17.8,6.2,-9.8,6501,7425.0,-10.6,3.3,3080,SK hynix+15.4%連動(β0.30) 未反応+16.2% / 出来高急増3.3倍 / PER17倍
6440,ＪＵＫＩ,機械,33.0,★☆☆☆☆,19.7,0.0,4.3,0.0,6.0,3.0,0.0,0.0,,SK hynix,6.5,16.2,5.4,13.4,577,648.0,1.4,0.7,239,SK hynix+15.4%連動(β0.20) 未反応+6.5% / 買い出来高優勢 / PER11倍
6861,キーエンス,電気機器,33.0,★☆☆☆☆,11.5,0.0,3.0,0.0,13.5,5.0,0.0,0.0,,SK hynix,1.2,13.6,3.9,9.7,79969,86750.0,1.9,0.7,64643,SK hynix+15.4%連動(β0.21) 未反応+1.2% / MA上昇配列 / パーフェクトオーダー / 52週高値目前 / 増収+33%
6525,ＫＯＫＵＳＡＩ　ＥＬＥＣＴＲＩＣ,電気機器,33.0,★☆☆☆☆,18.0,0.0,1.0,0.0,9.0,5.0,0.0,0.0,,SK hynix,-8.9,-9.5,9.0,6.9,7639,9306.0,14.4,0.7,72289,SK hynix+15.4%連動(β0.48) / MA上昇配列 / パーフェクトオーダー / 増収+46%
6227,ＡＩメカテック,機械,32.9,★☆☆☆☆,25.8,0.0,0.0,0.0,1.2,5.5,0.4,0.0,,SK hynix,6.1,-10.4,9.1,-3.6,5353,6550.0,-5.9,0.4,8782,SK hynix+15.4%連動(β0.36) 未反応+6.1% / 開示[受注](11日前) / ROE28%
7011,三菱重工業,機械,32.9,★☆☆☆☆,2.5,19.4,2.0,0.0,7.0,2.0,0.0,0.0,,Quanta Services,-7.6,10.2,3.7,10.9,4024,4350.0,7.6,0.8,78668,Quanta Services+3.5%連動(β0.29) / 防衛(+6.7%)
4203,住友ベークライト,化学,32.8,★☆☆☆☆,11.0,0.0,4.3,0.0,13.5,4.0,0.0,0.0,,SK hynix,0.4,4.9,5.4,9.8,7029,7880.0,5.9,0.6,5719,SK hynix+15.4%連動(β0.26) / 買い出来高優勢 / MA上昇配列 / パーフェクトオーダー / 52週高値目前 / PER24倍
6505,東洋電機製造,電気機器,32.599999999999994,★☆☆☆☆,18.4,0.0,1.0,0.0,8.2,5.0,0.0,0.0,,SK hynix,5.8,-2.2,2.9,2.9,2263,2401.0,-0.2,0.3,176,SK hynix+15.4%連動(β0.16) 未反応+5.8% / MA上昇配列 / パーフェクトオーダー / PER7倍
6254,野村マイクロ・サイエンス,機械,32.3,★☆☆☆☆,27.1,0.0,0.0,0.0,2.7,2.5,0.0,0.0,,SK hynix,3.3,-10.4,8.2,-3.2,3312,3960.0,-6.3,0.4,3976,SK hynix+15.4%連動(β0.45) 未反応+3.3%
3105,日清紡ホールディングス,電気機器,31.8,★☆☆☆☆,14.8,0.0,2.0,0.0,12.0,3.0,0.0,0.0,,SK hynix,3.0,1.0,5.6,7.4,2179,2454.5,1.4,0.5,2154,SK hynix+15.4%連動(β0.15) 未反応+3.0% / MA上昇配列 / パーフェクトオーダー / PER15倍
4188,三菱ケミカルグループ,化学,31.599999999999998,★☆☆☆☆,18.4,0.0,0.0,0.0,10.7,2.5,0.0,0.0,,SK hynix,5.7,-4.3,3.9,0.5,1100,1194.0,-2.1,0.6,7766,SK hynix+15.4%連動(β0.17) 未反応+5.7% / MA上昇配列 / パーフェクトオーダー
6235,オプトラン,機械,31.099999999999998,★☆☆☆☆,25.4,0.0,0.0,0.0,2.7,3.0,0.0,0.0,,SK hynix,5.7,-8.2,7.1,-0.5,2751,3205.0,1.3,0.5,1372,SK hynix+15.4%連動(β0.35) 未反応+5.7% / 増収+49%
6962,大真空,電気機器,29.8,★☆☆☆☆,21.3,0.0,2.0,0.0,5.0,1.5,0.0,0.0,,SK hynix,4.7,1.6,5.2,5.7,729,815.0,5.6,0.6,357,SK hynix+15.4%連動(β0.24) 未反応+4.7%
5632,三菱製鋼,鉄鋼,27.4,★☆☆☆☆,7.0,0.0,6.7,0.0,13.7,0.0,0.0,0.0,,SK hynix,-3.7,10.9,3.3,11.3,2298,2458.0,7.6,2.4,198,SK hynix+15.4%連動(β0.18) / 出来高増2.4倍 / 買い出来高優勢 / MA上昇配列 / パーフェクトオーダー / 52週高値ブレイク!
5384,フジミインコーポレーテッド,ガラス・土石製品,27.2,★☆☆☆☆,16.5,0.0,2.0,0.0,8.7,0.0,0.0,0.0,,SK hynix,1.2,-3.8,6.4,1.9,3567,4095.0,4.6,0.5,1947,SK hynix+15.4%連動(β0.33) 未反応+1.2% / MA上昇配列 / パーフェクトオーダー
7725,インターアクション,精密機器,27.2,★☆☆☆☆,19.2,0.0,2.0,0.0,6.0,0.0,0.0,0.0,,SK hynix,2.8,3.7,4.7,8.5,1757,1941.0,8.1,0.4,284,SK hynix+15.4%連動(β0.28) 未反応+2.8%
5218,オハラ,ガラス・土石製品,27.0,★☆☆☆☆,12.0,0.0,3.0,0.0,12.0,0.0,0.0,0.0,,SK hynix,1.5,8.5,4.4,7.7,1459,1601.0,0.3,1.3,143,SK hynix+15.4%連動(β0.20) 未反応+1.5% / MA上昇配列 / パーフェクトオーダー
4008,住友精化,化学,27.0,★☆☆☆☆,13.5,0.0,4.3,0.0,12.2,0.0,0.0,-3.0,,SK hynix,2.8,16.3,4.3,15.4,1410,1544.0,0.1,0.6,403,SK hynix+15.4%連動(β0.13) 未反応+2.8% / 買い出来高優勢 / MA上昇配列 / パーフェクトオーダー / 52週高値目前 / 伸びすぎ注意(25MA+15%)
4212,積水樹脂,化学,26.8,★☆☆☆☆,16.3,0.0,2.0,0.0,8.5,0.0,0.0,0.0,,SK hynix,4.6,2.1,3.4,0.9,2589,2781.0,-4.7,0.8,240,SK hynix+15.4%連動(β0.11) 未反応+4.6% / MA上昇配列 / パーフェクトオーダー
3156,レスター,卸売業,26.799999999999997,★☆☆☆☆,14.9,0.0,4.0,0.0,12.0,0.0,0.9,-5.0,,SK hynix,3.2,35.7,6.3,22.5,4432,5070.0,14.8,1.3,711,SK hynix+15.4%連動(β0.14) 未反応+3.2% / MA上昇配列 / パーフェクトオーダー / 過熱⚠25MA+23% / 開示[上方修正](11日前)
5302,日本カーボン,ガラス・土石製品,26.6,★☆☆☆☆,10.5,0.0,2.0,0.0,13.5,0.0,0.6,0.0,,SK hynix,2.1,3.8,2.3,4.5,4784,5020.0,-0.4,0.9,320,SK hynix+15.4%連動(β0.11) 未反応+2.1% / MA上昇配列 / パーフェクトオーダー / 52週高値目前 / 開示[自己株式の取得](11日前)
4187,大阪有機化学工業,化学,26.5,★☆☆☆☆,21.8,0.0,0.0,0.0,4.7,0.0,0.0,0.0,,SK hynix,2.8,-7.6,5.7,1.2,4427,5000.0,3.0,0.3,1005,SK hynix+15.4%連動(β0.35) 未反応+2.8%
4220,リケンテクノス,化学,26.5,★☆☆☆☆,15.5,0.0,5.3,0.0,10.7,0.0,0.0,-5.0,,SK hynix,3.0,44.4,5.6,23.5,2412,2719.0,-4.2,0.9,533,SK hynix+15.4%連動(β0.17) 未反応+3.0% / 買い出来高優勢 / 資金流入増 / MA上昇配列 / パーフェクトオーダー / 過熱⚠25MA+23%
6969,松尾電機,電気機器,26.4,★☆☆☆☆,21.7,0.0,2.0,0.0,2.7,0.0,0.0,0.0,,SK hynix,17.5,-6.9,9.8,-0.5,874,1087.0,-3.5,0.6,114,SK hynix+15.4%連動(β0.25) 未反応+17.5%
6134,ＦＵＪＩ,機械,26.4,★☆☆☆☆,11.1,0.0,3.3,0.0,12.0,0.0,0.0,0.0,,SK hynix,-1.8,8.5,6.6,11.1,7434,8561.0,8.2,0.5,8499,SK hynix+15.4%連動(β0.29) / 買い出来高優勢 / MA上昇配列 / パーフェクトオーダー
7762,シチズン時計,精密機器,26.3,★☆☆☆☆,6.8,0.0,9.0,0.0,13.7,0.0,1.8,-5.0,,SK hynix,-6.2,19.9,4.6,20.0,2543,2801.0,17.0,3.6,4678,SK hynix+15.4%連動(β0.18) / 出来高急増3.6倍 / 買い出来高優勢 / MA上昇配列 / パーフェクトオーダー / 52週高値ブレイク! / 過熱⚠25MA+20% / 開示[業績予想の修正](4日前)
4462,石原ケミカル,化学,26.3,★☆☆☆☆,13.3,0.0,2.0,0.0,11.0,0.0,0.0,0.0,,SK hynix,1.6,5.4,5.5,8.8,2931,3295.0,4.8,0.6,142,SK hynix+15.4%連動(β0.22) 未反応+1.6% / MA上昇配列 / パーフェクトオーダー
285A,キオクシアホールディングス,電気機器,26.3,★☆☆☆☆,18.0,0.0,2.0,0.0,5.0,0.0,1.3,0.0,,SK hynix,-20.8,-4.0,10.7,11.7,48571,61840.0,29.6,1.0,2464409,SK hynix+15.4%連動(β0.52) / 開示[自己株式の取得](8日前)
4205,日本ゼオン,化学,26.2,★☆☆☆☆,9.7,0.0,3.0,0.0,13.5,0.0,0.0,0.0,,SK hynix,1.3,5.4,3.1,6.7,2312,2467.5,1.6,0.7,2624,SK hynix+15.4%連動(β0.15) 未反応+1.3% / MA上昇配列 / パーフェクトオーダー / 52週高値目前
3374,内外テック,卸売業,26.0,★☆☆☆☆,14.5,0.0,4.0,0.0,12.0,0.0,0.5,-5.0,,SK hynix,1.4,24.6,5.7,22.6,3824,4320.0,23.1,1.4,238,SK hynix+15.4%連動(β0.26) 未反応+1.4% / MA上昇配列 / パーフェクトオーダー / 過熱⚠25MA+23% / 開示[業績予想の修正](11日前)
6480,日本トムソン,機械,26.0,★☆☆☆☆,20.8,0.0,1.0,0.0,3.7,0.0,0.5,0.0,,SK hynix,3.3,-4.9,7.8,2.4,1600,1898.0,3.9,0.5,2308,SK hynix+15.4%連動(β0.28) 未反応+3.3% / 開示[業績予想の修正](11日前)
6479,ミネベアミツミ,電気機器,25.7,★☆☆☆☆,23.2,0.0,1.0,0.0,1.5,0.0,0.0,0.0,,SK hynix,4.3,-12.1,4.9,-3.6,3363,3731.0,1.0,0.7,11919,SK hynix+15.4%連動(β0.29) 未反応+4.3%
3436,ＳＵＭＣＯ,金属製品,25.7,★☆☆☆☆,16.7,0.0,0.0,0.0,9.0,0.0,0.0,0.0,,SK hynix,-9.8,-15.6,8.9,4.5,3337,4061.0,17.0,0.7,65377,SK hynix+15.4%連動(β0.43) / MA上昇配列 / パーフェクトオーダー
6141,ＤＭＧ森精機,機械,25.4,★☆☆☆☆,22.4,0.0,3.0,0.0,0.0,0.0,0.0,0.0,,SK hynix,14.5,-11.7,6.1,-8.2,2890,3294.0,-9.9,1.8,6702,SK hynix+15.4%連動(β0.27) 未反応+14.5%
7711,助川電気工業,精密機器,25.4,★☆☆☆☆,0.0,18.4,2.0,0.0,5.0,0.0,0.0,0.0,,,0.0,-3.5,5.1,7.6,4460,4965.0,10.2,0.7,356,核融合(+6.2%)
6707,サンケン電気,電気機器,25.2,★☆☆☆☆,23.7,0.0,0.0,0.0,1.5,0.0,0.0,0.0,,SK hynix,8.1,-14.7,5.6,-6.4,7487,8423.0,-0.0,1.1,1394,SK hynix+15.4%連動(β0.30) 未反応+8.1%
5830,いよぎんホールディングス,銀行業,25.099999999999998,★☆☆☆☆,6.4,0.0,4.0,0.0,13.5,0.0,1.2,0.0,,SK hynix,-5.3,14.6,3.7,11.5,3707,4005.0,5.0,0.6,4747,SK hynix+15.4%連動(β0.17) / 資金流入増 / MA上昇配列 / パーフェクトオーダー / 52週高値目前 / 開示[業績予想の修正](11日前) / 開示[自己株式取得](11日前)
6264,マルマエ,機械,24.9,★☆☆☆☆,17.9,0.0,2.0,0.0,5.0,0.0,0.0,0.0,,SK hynix,-1.6,3.2,6.4,9.0,1947,2232.0,9.6,0.6,1368,SK hynix+15.4%連動(β0.46)
7995,バルカー,化学,24.9,★☆☆☆☆,15.9,0.0,2.0,0.0,7.0,0.0,0.0,0.0,,SK hynix,2.6,1.7,5.7,4.1,6169,6970.0,0.4,0.4,778,SK hynix+15.4%連動(β0.21) 未反応+2.6%
8360,山梨中央銀行,銀行業,24.8,★☆☆☆☆,7.0,0.0,4.3,0.0,13.5,0.0,0.0,0.0,,SK hynix,-7.3,9.2,4.5,11.0,6909,7590.0,7.4,0.8,1136,SK hynix+15.4%連動(β0.18) / 買い出来高優勢 / MA上昇配列 / パーフェクトオーダー / 52週高値目前
7741,ＨＯＹＡ,精密機器,24.8,★☆☆☆☆,15.8,0.0,2.0,0.0,7.0,0.0,0.0,0.0,,SK hynix,2.6,1.8,3.3,4.4,24671,26400.0,3.0,0.6,25675,SK hynix+15.4%連動(β0.21) 未反応+2.6%
8550,栃木銀行,銀行業,24.8,★☆☆☆☆,7.0,0.0,4.3,0.0,13.5,0.0,0.0,0.0,,SK hynix,-7.6,7.4,4.4,11.0,1021,1120.0,8.9,0.6,915,SK hynix+15.4%連動(β0.18) / 買い出来高優勢 / MA上昇配列 / パーフェクトオーダー / 52週高値目前
6490,ＰＩＬＬＡＲ,機械,24.799999999999997,★☆☆☆☆,15.1,0.0,0.0,0.0,9.7,0.0,0.0,0.0,,SK hynix,0.7,0.2,7.8,4.9,8844,10480.0,1.9,0.6,1798,SK hynix+15.4%連動(β0.34) 未反応+0.7% / MA上昇配列 / パーフェクトオーダー
3132,マクニカホールディングス,卸売業,24.7,★☆☆☆☆,11.0,0.0,3.0,0.0,10.7,0.0,0.0,0.0,,SK hynix,-0.3,10.4,6.0,10.0,3306,3760.0,3.8,0.4,4101,SK hynix+15.4%連動(β0.29) / MA上昇配列 / パーフェクトオーダー
6268,ナブテスコ,機械,24.5,★☆☆☆☆,18.8,0.0,1.0,0.0,4.7,0.0,0.0,0.0,,SK hynix,2.9,-8.1,5.1,0.9,4432,4938.0,0.6,0.7,6126,SK hynix+15.4%連動(β0.26) 未反応+2.9%
8154,加賀電子,卸売業,24.3,★☆☆☆☆,6.2,0.0,2.0,0.0,13.5,0.0,2.6,0.0,,SK hynix,-1.7,19.8,3.9,13.0,4764,5170.0,6.7,0.9,892,SK hynix+15.4%連動(β0.16) / MA上昇配列 / パーフェクトオーダー / 52週高値目前 / 開示[上方修正](5日前)
6785,鈴木,電気機器,24.099999999999998,★☆☆☆☆,19.4,0.0,0.0,0.0,4.7,0.0,0.0,0.0,,SK hynix,7.2,-5.8,4.4,0.1,2802,3070.0,-2.4,0.6,278,SK hynix+15.4%連動(β0.19) 未反応+7.2%
6855,日本電子材料,電気機器,24.0,★☆☆☆☆,18.0,0.0,3.0,0.0,6.0,0.0,0.0,-3.0,,SK hynix,-7.2,11.1,8.0,16.5,6369,7590.0,17.7,1.2,5932,SK hynix+15.4%連動(β0.53) / 伸びすぎ注意(25MA+17%)
5714,ＤＯＷＡホールディングス,非鉄金属,23.8,★☆☆☆☆,14.5,0.0,3.3,0.0,6.0,0.0,0.0,0.0,,SK hynix,2.2,11.8,3.9,12.2,8876,9630.0,5.4,0.9,5369,SK hynix+15.4%連動(β0.20) 未反応+2.2% / 買い出来高優勢
5344,ＭＡＲＵＷＡ,ガラス・土石製品,23.8,★☆☆☆☆,16.8,0.0,2.0,0.0,5.0,0.0,0.0,0.0,,SK hynix,0.6,2.6,6.5,7.1,53889,61980.0,11.5,0.6,8630,SK hynix+15.4%連動(β0.39) 未反応+0.6%
8343,秋田銀行,銀行業,23.8,★☆☆☆☆,5.5,0.0,6.3,0.0,15.0,0.0,0.0,-3.0,,SK hynix,-8.8,16.7,3.9,15.9,8080,8770.0,9.2,1.9,977,SK hynix+15.4%連動(β0.14) / 買い出来高優勢 / MA上昇配列 / パーフェクトオーダー / 52週高値ブレイク! / 伸びすぎ注意(25MA+16%)
6473,ジェイテクト,機械,23.799999999999997,★☆☆☆☆,13.6,0.0,2.0,0.0,8.2,0.0,0.0,0.0,,SK hynix,2.3,-3.3,3.4,1.1,1986,2129.5,-1.4,0.6,2487,SK hynix+15.4%連動(β0.17) 未反応+2.3% / MA上昇配列 / パーフェクトオーダー
6284,日精エー・エス・ビー機械,機械,23.799999999999997,★☆☆☆☆,13.1,0.0,0.0,0.0,10.7,0.0,0.0,0.0,,SK hynix,2.2,-6.2,3.8,0.0,8647,9360.0,1.1,0.8,334,SK hynix+15.4%連動(β0.17) 未反応+2.2% / MA上昇配列 / パーフェクトオーダー
4004,レゾナック・ホールディングス,化学,23.7,★☆☆☆☆,15.7,0.0,1.0,0.0,7.0,0.0,0.0,0.0,,SK hynix,0.4,11.9,7.5,14.2,14621,17200.0,4.9,0.6,45935,SK hynix+15.4%連動(β0.37)
6844,新電元工業,電気機器,23.7,★☆☆☆☆,22.5,0.0,0.0,0.0,1.2,0.0,0.0,0.0,,SK hynix,4.3,-9.8,5.9,-4.0,2939,3335.0,-10.0,0.9,465,SK hynix+15.4%連動(β0.27) 未反応+4.3%
6890,フェローテック,電気機器,23.6,★☆☆☆☆,15.8,0.0,2.0,0.0,7.0,0.0,1.8,-3.0,,SK hynix,-1.5,18.3,7.4,16.0,8311,9750.0,12.6,1.4,15356,SK hynix+15.4%連動(β0.41) / 伸びすぎ注意(25MA+16%) / 開示[業績予想の修正](4日前)
6668,アドテック　プラズマ　テクノロジー,電気機器,23.6,★☆☆☆☆,13.6,0.0,2.0,0.0,11.0,0.0,0.0,-3.0,,SK hynix,-8.3,-0.8,7.6,15.6,3332,3930.0,11.8,0.2,629,SK hynix+15.4%連動(β0.35) / MA上昇配列 / パーフェクトオーダー / 伸びすぎ注意(25MA+16%)
6327,北川精機,機械,23.5,★☆☆☆☆,14.5,0.0,4.0,0.0,5.0,0.0,0.0,0.0,,SK hynix,-18.3,-16.4,10.3,4.7,3166,3985.0,24.0,1.6,2567,SK hynix+15.4%連動(β0.38)
8377,ほくほくフィナンシャルグループ,銀行業,23.5,★☆☆☆☆,7.0,0.0,3.0,0.0,13.5,0.0,0.0,0.0,,SK hynix,-7.5,9.6,3.9,10.5,7902,8577.0,6.5,1.0,4202,SK hynix+15.4%連動(β0.18) / MA上昇配列 / パーフェクトオーダー / 52週高値目前
7731,ニコン,精密機器,23.4,★☆☆☆☆,18.9,0.0,2.0,0.0,2.5,0.0,0.0,0.0,,SK hynix,5.5,-16.1,4.6,-3.8,1827,2010.0,0.4,0.7,3869,SK hynix+15.4%連動(β0.18) 未反応+5.5%
6055,ジャパンマテリアル,サービス業,23.4,★☆☆☆☆,17.7,0.0,2.0,0.0,3.7,0.0,0.0,0.0,,SK hynix,1.2,-9.6,5.9,-0.9,2021,2290.0,4.2,0.7,1682,SK hynix+15.4%連動(β0.36) 未反応+1.2%
6677,エスケーエレクトロニクス,電気機器,23.4,★☆☆☆☆,20.4,0.0,2.0,0.0,1.0,0.0,0.0,0.0,,SK hynix,12.4,-4.7,4.6,-2.7,3070,3380.0,-7.9,0.9,333,SK hynix+15.4%連動(β0.22) 未反応+12.4% / 資金流入増
5331,ノリタケ,ガラス・土石製品,23.3,★☆☆☆☆,13.8,0.0,2.0,0.0,7.0,0.0,0.5,0.0,,SK hynix,2.0,10.0,5.1,10.6,3501,3900.0,9.6,0.5,1274,SK hynix+15.4%連動(β0.20) 未反応+2.0% / 開示[業績予想の修正](11日前)
3131,シンデン・ハイテックス,卸売業,23.3,★☆☆☆☆,11.0,0.0,6.3,0.0,11.0,0.0,0.0,-5.0,,SK hynix,-29.9,94.1,7.8,61.2,5849,6930.0,55.6,1.2,400,SK hynix+15.4%連動(β0.28) / 買い出来高優勢 / 資金流入増 / MA上昇配列 / パーフェクトオーダー / 52週高値目前 / RSI過熱(85)⚠ / 過熱⚠25MA+61%
7350,おきなわフィナンシャルグループ,銀行業,23.3,★☆☆☆☆,6.0,0.0,5.3,0.0,12.0,0.0,0.0,0.0,,SK hynix,-4.7,5.7,3.6,8.6,7411,7990.0,5.0,1.5,624,SK hynix+15.4%連動(β0.16) / 買い出来高優勢 / MA上昇配列 / パーフェクトオーダー
8084,ＲＹＯＤＥＮ,卸売業,23.299999999999997,★☆☆☆☆,4.3,0.0,5.3,0.0,13.7,0.0,0.0,0.0,,SK hynix,-2.7,18.1,3.8,12.0,4358,4720.0,3.5,1.2,315,SK hynix+15.4%連動(β0.11) / 買い出来高優勢 / MA上昇配列 / パーフェクトオーダー / 52週高値ブレイク!
7613,シークス,卸売業,23.299999999999997,★☆☆☆☆,5.8,0.0,5.3,0.0,12.2,0.0,0.0,0.0,,SK hynix,-1.5,19.4,3.2,14.1,1567,1676.0,4.8,1.3,413,SK hynix+15.4%連動(β0.15) / 買い出来高優勢 / MA上昇配列 / パーフェクトオーダー / 52週高値目前
6368,オルガノ,機械,23.2,★☆☆☆☆,20.5,0.0,0.0,0.0,2.7,0.0,0.0,0.0,,SK hynix,2.5,-8.8,6.4,-0.1,12889,14770.0,1.5,0.8,4842,SK hynix+15.4%連動(β0.33) 未反応+2.5%
9348,ｉｓｐａｃｅ,サービス業,23.1,★☆☆☆☆,0.0,18.1,0.0,0.0,5.0,0.0,0.0,0.0,,,0.0,-0.5,2.4,3.5,413,434.0,4.6,0.8,456,宇宙(+6.1%)
9934,因幡電機産業,卸売業,23.099999999999998,★☆☆☆☆,7.6,0.0,3.3,0.0,12.2,0.0,0.0,0.0,,SK hynix,1.3,6.3,2.5,6.1,2886,3038.0,1.1,0.7,611,SK hynix+15.4%連動(β0.09) 未反応+1.3% / 買い出来高優勢 / MA上昇配列 / パーフェクトオーダー / 52週高値目前
4461,第一工業製薬,化学,23.0,★☆☆☆☆,13.0,0.0,4.3,0.0,10.7,0.0,0.0,-5.0,,SK hynix,-2.3,39.1,7.7,27.9,13010,15390.0,9.6,0.6,2990,SK hynix+15.4%連動(β0.34) / 買い出来高優勢 / MA上昇配列 / パーフェクトオーダー / 過熱⚠25MA+28%
8159,立花エレテック,卸売業,22.9,★☆☆☆☆,9.7,0.0,4.0,0.0,12.2,0.0,0.0,-3.0,,SK hynix,1.4,26.0,4.7,17.7,3872,4270.0,4.0,0.8,242,SK hynix+15.4%連動(β0.14) 未反応+1.4% / 資金流入増 / MA上昇配列 / パーフェクトオーダー / 52週高値目前 / 伸びすぎ注意(25MA+18%)
8395,佐賀銀行,銀行業,22.8,★☆☆☆☆,6.3,0.0,3.0,0.0,13.5,0.0,0.0,0.0,,SK hynix,-8.9,7.5,4.1,11.0,5910,6440.0,9.5,0.9,419,SK hynix+15.4%連動(β0.16) / MA上昇配列 / パーフェクトオーダー / 52週高値目前
4238,ミライアル,化学,22.8,★☆☆☆☆,9.8,0.0,2.0,0.0,11.0,0.0,0.0,0.0,,SK hynix,-1.7,-1.7,4.1,7.3,1639,1787.0,7.7,0.6,116,SK hynix+15.4%連動(β0.25) / MA上昇配列 / パーフェクトオーダー
8338,筑波銀行,銀行業,22.8,★☆☆☆☆,8.0,0.0,4.3,0.0,13.5,0.0,0.0,-3.0,,SK hynix,-11.2,16.6,4.9,16.7,694,769.0,17.0,0.9,1445,SK hynix+15.4%連動(β0.21) / 買い出来高優勢 / MA上昇配列 / パーフェクトオーダー / 52週高値目前 / 伸びすぎ注意(25MA+17%)
4631,ＤＩＣ,化学,22.700000000000003,★☆☆☆☆,6.1,0.0,4.0,0.0,12.0,0.0,3.6,-3.0,,SK hynix,-1.1,18.5,4.0,17.9,5121,5567.0,19.0,1.2,3629,SK hynix+15.4%連動(β0.16) / MA上昇配列 / パーフェクトオーダー / 伸びすぎ注意(25MA+18%) / 開示[業績予想の修正](8日前) / 開示[増配](8日前)
3878,巴川コーポレーション,化学,22.7,★☆☆☆☆,10.4,0.0,5.3,0.0,7.0,0.0,0.0,0.0,,SK hynix,0.9,12.1,3.9,7.9,818,887.0,3.4,0.5,107,SK hynix+15.4%連動(β0.20) 未反応+0.9% / 買い出来高優勢 / 資金流入増
8707,岩井コスモホールディングス,証券、商品先物取引業,22.7,★☆☆☆☆,10.0,0.0,2.0,0.0,10.7,0.0,0.0,0.0,,SK hynix,1.4,-4.3,2.7,1.7,4102,4340.0,0.8,0.6,522,SK hynix+15.4%連動(β0.15) 未反応+1.4% / MA上昇配列 / パーフェクトオーダー
6298,ワイエイシイホールディングス,機械,22.7,★☆☆☆☆,11.7,0.0,4.0,0.0,7.0,0.0,0.0,0.0,,SK hynix,-8.9,8.2,4.1,13.9,1265,1378.0,15.2,1.8,299,SK hynix+15.4%連動(β0.30)
5334,日本特殊陶業,ガラス・土石製品,22.7,★☆☆☆☆,18.0,0.0,1.0,0.0,3.7,0.0,0.0,0.0,,SK hynix,3.7,-7.5,3.2,-1.0,8977,9600.0,-2.4,0.5,11195,SK hynix+15.4%連動(β0.18) 未反応+3.7%
6742,京三製作所,電気機器,22.7,★☆☆☆☆,7.4,0.0,4.3,0.0,13.5,0.0,0.5,-3.0,,SK hynix,-5.5,17.7,5.9,16.1,950,1078.0,16.7,1.4,307,SK hynix+15.4%連動(β0.19) / 買い出来高優勢 / MA上昇配列 / パーフェクトオーダー / 52週高値目前 / 伸びすぎ注意(25MA+16%) / 開示[業績予想の修正](11日前)
8388,阿波銀行,銀行業,22.7,★☆☆☆☆,5.2,0.0,4.0,0.0,13.5,0.0,0.0,0.0,,SK hynix,-5.1,13.5,3.9,11.1,8653,9390.0,5.2,1.0,1393,SK hynix+15.4%連動(β0.14) / 資金流入増 / MA上昇配列 / パーフェクトオーダー / 52週高値目前
5367,ニッカトー,ガラス・土石製品,22.7,★☆☆☆☆,9.4,0.0,3.3,0.0,10.0,0.0,0.0,0.0,,SK hynix,-7.8,6.2,7.3,10.3,1137,1330.0,11.6,0.4,662,SK hynix+15.4%連動(β0.24) / 買い出来高優勢 / MA上昇配列 / パーフェクトオーダー
6071,ＩＢＪ,サービス業,22.7,★☆☆☆☆,0.0,0.0,9.0,0.0,8.7,0.0,5.0,0.0,,,0.0,6.1,2.5,12.1,893,940.0,13.7,15.1,231,出来高急増15.1倍 / 買い出来高優勢 / MA上昇配列 / パーフェクトオーダー / 開示[上方修正](4日前) / 開示[増配](4日前)
8386,百十四銀行,銀行業,22.7,★☆☆☆☆,6.2,0.0,3.0,0.0,13.5,0.0,0.0,0.0,,SK hynix,-7.9,10.4,4.2,9.6,2864,3125.0,8.8,0.8,1233,SK hynix+15.4%連動(β0.16) / MA上昇配列 / パーフェクトオーダー / 52週高値目前
8346,東邦銀行,銀行業,22.5,★☆☆☆☆,6.0,0.0,3.0,0.0,13.5,0.0,0.0,0.0,,SK hynix,-5.6,14.3,3.4,11.9,933,1002.0,6.4,0.8,1010,SK hynix+15.4%連動(β0.16) / MA上昇配列 / パーフェクトオーダー / 52週高値目前
6370,栗田工業,機械,22.5,★☆☆☆☆,21.5,0.0,0.0,0.0,1.0,0.0,0.0,0.0,,SK hynix,4.0,-8.9,4.4,-3.1,7759,8499.0,-2.3,0.8,5286,SK hynix+15.4%連動(β0.25) 未反応+4.0%
8524,北洋銀行,銀行業,22.5,★☆☆☆☆,6.7,0.0,2.0,0.0,13.5,0.0,0.3,0.0,,SK hynix,-6.2,3.9,3.7,8.6,1215,1311.0,7.4,0.7,2389,SK hynix+15.4%連動(β0.17) / MA上昇配列 / パーフェクトオーダー / 52週高値目前 / 開示[AI](11日前)
6387,サムコ,機械,22.5,★☆☆☆☆,16.5,0.0,1.0,0.0,5.0,0.0,0.0,0.0,,SK hynix,-9.6,-9.1,7.5,7.8,9052,10650.0,20.6,1.1,1012,SK hynix+15.4%連動(β0.43)
8368,百五銀行,銀行業,22.5,★☆☆☆☆,7.0,0.0,2.0,0.0,13.5,0.0,0.0,0.0,,SK hynix,-9.1,6.4,4.6,10.4,2093,2305.0,8.7,0.8,1972,SK hynix+15.4%連動(β0.18) / MA上昇配列 / パーフェクトオーダー / 52週高値目前
3433,トーカロ,金属製品,22.4,★☆☆☆☆,16.7,0.0,1.0,0.0,4.7,0.0,0.0,0.0,,SK hynix,2.1,-6.2,4.7,0.4,2693,2974.0,0.4,0.4,1167,SK hynix+15.4%連動(β0.27) 未反応+2.1%
3040,ソリトンシステムズ,情報・通信業,22.4,★☆☆☆☆,7.2,0.0,6.3,0.0,12.2,0.0,1.7,-5.0,,SK hynix,-19.4,22.1,3.5,22.5,2346,2524.0,25.8,1.3,305,SK hynix+15.4%連動(β0.19) / 買い出来高優勢 / 資金流入増 / MA上昇配列 / パーフェクトオーダー / 52週高値目前 / 過熱⚠25MA+23% / 開示[増配](6日前)
3153,八洲電機,卸売業,22.3,★☆☆☆☆,15.1,0.0,2.0,0.0,5.2,0.0,0.0,0.0,,SK hynix,2.9,2.9,3.7,2.0,2739,2960.0,-1.2,0.6,207,SK hynix+15.4%連動(β0.17) 未反応+2.9% / MA上昇配列
8381,山陰合同銀行,銀行業,22.3,★☆☆☆☆,5.5,0.0,3.3,0.0,13.5,0.0,0.0,0.0,,SK hynix,-6.1,3.2,3.4,7.1,2462,2639.0,5.4,1.1,1139,SK hynix+15.4%連動(β0.14) / 買い出来高優勢 / MA上昇配列 / パーフェクトオーダー / 52週高値目前
7747,朝日インテック,精密機器,22.299999999999997,★☆☆☆☆,0.0,0.0,5.7,0.0,13.7,0.0,2.9,0.0,,,0.0,14.7,2.8,12.9,3869,4103.0,11.2,3.3,4255,出来高急増3.3倍 / MA上昇配列 / パーフェクトオーダー / 52週高値ブレイク! / 開示[上方修正](4日前)
5831,しずおかフィナンシャルグループ,銀行業,22.2,★☆☆☆☆,5.4,0.0,3.3,0.0,12.2,0.0,1.3,0.0,,SK hynix,-3.8,2.6,3.2,6.9,3317,3548.0,4.0,0.9,6386,SK hynix+15.4%連動(β0.14) / 買い出来高優勢 / MA上昇配列 / パーフェクトオーダー / 52週高値目前 / 開示[自己株式の取得](8日前)
4027,テイカ,化学,22.2,★☆☆☆☆,6.7,0.0,0.0,0.0,15.0,0.0,0.5,0.0,,SK hynix,-3.2,3.2,3.8,7.3,2309,2499.0,3.6,1.2,165,SK hynix+15.4%連動(β0.17) / MA上昇配列 / パーフェクトオーダー / 52週高値ブレイク! / 開示[業績予想の修正](11日前)
6176,ブランジスタ,サービス業,22.2,★☆☆☆☆,0.0,0.0,10.0,0.0,12.2,0.0,0.0,0.0,,,0.0,4.9,2.3,8.8,962,1007.0,11.0,3.6,103,出来高急増3.6倍 / 買い出来高優勢 / 資金流入増 / MA上昇配列 / パーフェクトオーダー / 52週高値目前
7911,ＴＯＰＰＡＮホールディングス,その他製品,22.1,★☆☆☆☆,8.1,0.0,2.0,0.0,12.0,0.0,0.0,0.0,,SK hynix,-9.6,10.9,4.2,13.3,4975,5433.0,15.6,1.0,9558,SK hynix+15.4%連動(β0.21) / MA上昇配列 / パーフェクトオーダー
6471,日本精工,機械,22.1,★☆☆☆☆,11.8,0.0,3.3,0.0,7.0,0.0,0.0,0.0,,SK hynix,1.9,-0.2,3.5,3.3,1101,1183.5,0.9,0.3,3140,SK hynix+15.4%連動(β0.16) 未反応+1.9% / 買い出来高優勢
4634,ａｒｔｉｅｎｃｅ,化学,22.099999999999998,★☆☆☆☆,5.6,0.0,4.3,0.0,12.2,0.0,0.0,0.0,,SK hynix,-2.7,9.1,2.7,9.7,4793,5070.0,6.5,1.0,859,SK hynix+15.4%連動(β0.15) / 買い出来高優勢 / MA上昇配列 / パーフェクトオーダー / 52週高値目前
2737,トーメンデバイス,卸売業,22.0,★☆☆☆☆,12.3,0.0,4.0,0.0,10.7,0.0,0.0,-5.0,,SK hynix,-5.9,98.7,9.1,47.7,26597,32550.0,13.0,0.4,4081,SK hynix+15.4%連動(β0.32) / 資金流入増 / MA上昇配列 / パーフェクトオーダー / 過熱⚠25MA+48%
6363,酉島製作所,機械,21.9,★☆☆☆☆,6.6,0.0,3.3,0.0,12.0,0.0,0.0,0.0,,SK hynix,-0.5,11.2,4.9,12.1,2975,3295.0,1.9,1.0,584,SK hynix+15.4%連動(β0.17) / 買い出来高優勢 / MA上昇配列 / パーフェクトオーダー
3825,リミックスポイント,小売業,21.799999999999997,★☆☆☆☆,0.0,0.0,4.7,0.0,8.0,0.0,9.1,0.0,,,0.0,-2.6,5.9,2.7,184,209.0,3.0,3.4,316,出来高急増3.4倍 / MA上昇配列 / 開示[業務提携](1日前) / 開示[業務提携](1日前)
9984,ソフトバンクグループ,情報・通信業,21.7,★☆☆☆☆,16.7,0.0,0.0,0.0,5.0,0.0,0.0,0.0,,SK hynix,-0.7,-4.8,6.4,4.4,5130,5886.0,6.0,0.6,253798,SK hynix+15.4%連動(β0.43)
8616,東海東京フィナンシャル・ホールディングス,証券、商品先物取引業,21.7,★☆☆☆☆,7.2,0.0,1.0,0.0,13.5,0.0,0.0,0.0,,SK hynix,0.6,-0.3,2.4,3.1,793,833.0,1.3,0.5,728,SK hynix+15.4%連動(β0.14) 未反応+0.6% / MA上昇配列 / パーフェクトオーダー / 52週高値目前
6941,山一電機,電気機器,21.7,★☆☆☆☆,16.0,0.0,2.0,0.0,3.7,0.0,0.0,0.0,,SK hynix,-3.8,-4.8,9.6,3.0,7313,9040.0,11.6,0.9,3639,SK hynix+15.4%連動(β0.41)
6752,パナソニック　ホールディングス,電気機器,21.6,★☆☆☆☆,8.6,0.0,1.0,0.0,12.0,0.0,0.0,0.0,,SK hynix,-4.5,9.9,5.3,13.5,4280,4788.0,11.0,0.7,41282,SK hynix+15.4%連動(β0.22) / MA上昇配列 / パーフェクトオーダー
8508,Ｊトラスト,その他金融業,21.6,★☆☆☆☆,0.0,0.0,4.0,0.0,15.0,0.0,2.6,0.0,,,0.0,3.2,5.0,8.9,824,915.0,3.4,1.6,1147,MA上昇配列 / パーフェクトオーダー / 52週高値ブレイク! / 開示[自己株式取得](5日前) / 開示[自己株式取得](11日前)
7327,第四北越フィナンシャルグループ,銀行業,21.6,★☆☆☆☆,6.1,0.0,2.0,0.0,13.5,0.0,0.0,0.0,,SK hynix,-5.2,4.2,2.7,7.5,2383,2519.0,6.2,0.6,2069,SK hynix+15.4%連動(β0.16) / MA上昇配列 / パーフェクトオーダー / 52週高値目前
6266,タツモ,機械,21.599999999999998,★☆☆☆☆,17.7,0.0,3.0,0.0,0.0,0.0,0.9,0.0,,SK hynix,-9.0,-22.5,9.6,-6.3,3270,4050.0,20.2,0.7,1753,SK hynix+15.4%連動(β0.46) / 開示[子会社化](8日前)
9962,ミスミグループ本社,卸売業,21.5,★☆☆☆☆,8.5,0.0,2.0,0.0,11.0,0.0,0.0,0.0,,SK hynix,-3.4,1.1,4.7,5.1,3578,3948.0,5.3,0.7,6895,SK hynix+15.4%連動(β0.22) / MA上昇配列 / パーフェクトオーダー
5844,京都フィナンシャルグループ,銀行業,21.4,★☆☆☆☆,5.9,0.0,2.0,0.0,13.5,0.0,0.0,0.0,,SK hynix,-6.7,5.9,2.5,9.2,4833,5091.0,9.1,0.7,4693,SK hynix+15.4%連動(β0.15) / MA上昇配列 / パーフェクトオーダー / 52週高値目前
8399,琉球銀行,銀行業,21.3,★☆☆☆☆,5.8,0.0,2.0,0.0,13.5,0.0,0.0,0.0,,SK hynix,-6.4,10.8,3.6,11.4,3069,3310.0,6.9,1.0,470,SK hynix+15.4%連動(β0.15) / MA上昇配列 / パーフェクトオーダー / 52週高値目前
6976,太陽誘電,電気機器,21.2,★☆☆☆☆,17.5,0.0,0.0,0.0,3.7,0.0,0.0,0.0,,SK hynix,-11.3,-13.4,10.1,2.2,9016,11295.0,16.5,0.6,246817,SK hynix+15.4%連動(β0.45)
6237,イワキポンプ,機械,21.2,★☆☆☆☆,19.2,0.0,2.0,0.0,0.0,0.0,0.0,0.0,,SK hynix,5.3,-1.9,7.8,-4.1,3967,4705.0,-13.8,0.4,1033,SK hynix+15.4%連動(β0.19) 未反応+5.3% / 資金流入増
5381,マイポックス,ガラス・土石製品,21.2,★☆☆☆☆,14.2,0.0,1.0,0.0,6.0,0.0,0.0,0.0,,SK hynix,-1.5,4.8,6.3,11.8,840,961.0,11.4,1.2,221,SK hynix+15.4%連動(β0.37)
6305,日立建機,機械,21.2,★☆☆☆☆,18.2,0.0,3.0,0.0,0.0,0.0,0.0,0.0,,SK hynix,5.9,-1.6,3.9,-0.5,4968,5390.0,-3.9,1.5,8316,SK hynix+15.4%連動(β0.16) 未反応+5.9%
7637,白銅,卸売業,21.1,★☆☆☆☆,7.1,0.0,2.0,0.0,12.0,0.0,0.0,0.0,,SK hynix,-4.7,13.1,5.3,11.2,3492,3910.0,8.3,0.9,198,SK hynix+15.4%連動(β0.18) / MA上昇配列 / パーフェクトオーダー
7745,Ａ＆Ｄホロンホールディングス,精密機器,21.1,★☆☆☆☆,11.9,0.0,2.0,0.0,7.2,0.0,0.0,0.0,,SK hynix,0.3,-2.5,4.9,0.2,2661,2950.0,1.7,0.4,386,SK hynix+15.4%連動(β0.29) / MA上昇配列 / パーフェクトオーダー
6856,堀場製作所,電気機器,21.1,★☆☆☆☆,18.1,0.0,2.0,0.0,1.0,0.0,0.0,0.0,,SK hynix,2.1,-11.8,5.3,-2.6,22815,25540.0,-0.5,1.1,7099,SK hynix+15.4%連動(β0.31) 未反応+2.1%
5563,新日本電工,鉄鋼,21.0,★☆☆☆☆,13.0,0.0,1.0,0.0,7.0,0.0,0.0,0.0,,SK hynix,2.2,-1.0,4.9,4.6,400,444.0,1.8,0.6,426,SK hynix+15.4%連動(β0.17) 未反応+2.2%
8065,佐藤商事,卸売業,21.0,★☆☆☆☆,6.0,0.0,6.3,0.0,13.7,0.0,0.0,-5.0,,SK hynix,-13.9,29.1,4.8,22.6,3617,4000.0,11.3,1.7,212,SK hynix+15.4%連動(β0.15) / 買い出来高優勢 / MA上昇配列 / パーフェクトオーダー / 52週高値ブレイク! / 過熱⚠25MA+23%
6521,オキサイド,電気機器,21.0,★☆☆☆☆,16.0,0.0,0.0,0.0,5.0,0.0,0.0,0.0,,SK hynix,0.4,-10.8,6.1,1.0,2970,3380.0,7.6,0.8,662,SK hynix+15.4%連動(β0.38)
7189,西日本フィナンシャルホールディングス,銀行業,21.0,★☆☆☆☆,6.5,0.0,1.0,0.0,13.5,0.0,0.0,0.0,,SK hynix,-7.0,7.9,3.3,9.4,4528,4844.0,6.9,1.1,2250,SK hynix+15.4%連動(β0.17) / MA上昇配列 / パーフェクトオーダー / 52週高値目前
6326,クボタ,機械,20.9,★☆☆☆☆,17.9,0.0,2.0,0.0,1.0,0.0,0.0,0.0,,SK hynix,5.1,-5.9,4.1,-1.9,2468,2687.0,-2.6,0.6,12444,SK hynix+15.4%連動(β0.15) 未反応+5.1%
6971,京セラ,電気機器,20.9,★☆☆☆☆,10.2,0.0,0.0,0.0,10.7,0.0,0.0,0.0,,SK hynix,1.3,3.0,3.9,4.1,3567,3872.0,2.1,0.5,21779,SK hynix+15.4%連動(β0.17) 未反応+1.3% / MA上昇配列 / パーフェクトオーダー
6859,エスペック,電気機器,20.8,★☆☆☆☆,7.8,0.0,2.0,0.0,11.0,0.0,0.0,0.0,,SK hynix,-0.5,1.5,4.2,5.4,3924,4285.0,3.1,0.4,512,SK hynix+15.4%連動(β0.20) / MA上昇配列 / パーフェクトオーダー
6481,ＴＨＫ,機械,20.8,★☆☆☆☆,10.8,0.0,2.0,0.0,8.0,0.0,0.0,0.0,,SK hynix,-2.8,2.4,6.4,6.8,6559,7520.0,4.5,0.6,10640,SK hynix+15.4%連動(β0.28)
7609,ダイトロン,卸売業,20.8,★☆☆☆☆,8.3,0.0,5.3,0.0,12.2,0.0,0.0,-5.0,,SK hynix,-1.5,32.5,5.7,24.4,4169,4700.0,11.1,0.7,882,SK hynix+15.4%連動(β0.21) / 買い出来高優勢 / 資金流入増 / MA上昇配列 / パーフェクトオーダー / 52週高値目前 / 過熱⚠25MA+24%
8150,三信電気,卸売業,20.8,★☆☆☆☆,5.0,0.0,4.3,0.0,11.5,0.0,0.0,0.0,,SK hynix,-2.5,8.6,3.0,7.2,2969,3160.0,3.4,1.0,192,SK hynix+15.4%連動(β0.13) / 買い出来高優勢 / MA上昇配列 / 52週高値目前
6464,ツバキ・ナカシマ,機械,20.8,★☆☆☆☆,19.8,0.0,1.0,0.0,0.0,0.0,0.0,0.0,,SK hynix,18.1,-17.1,6.3,-8.6,297,340.0,-13.7,1.5,230,SK hynix+15.4%連動(β0.20) 未反応+18.1%
8331,千葉銀行,銀行業,20.799999999999997,★☆☆☆☆,6.6,0.0,2.0,0.0,12.2,0.0,0.0,0.0,,SK hynix,-3.7,2.0,2.8,4.9,2681,2843.5,6.7,0.7,6860,SK hynix+15.4%連動(β0.17) / MA上昇配列 / パーフェクトオーダー / 52週高値目前
5706,三井金属,非鉄金属,20.7,★☆☆☆☆,15.6,0.0,1.0,0.0,3.7,0.0,0.4,0.0,,SK hynix,-7.2,-5.7,9.3,0.4,25684,31590.0,-2.0,1.0,50819,SK hynix+15.4%連動(β0.40) / 開示[株式分割](11日前)
4208,ＵＢＥ,化学,20.7,★☆☆☆☆,5.2,0.0,2.0,0.0,13.5,0.0,0.0,0.0,,SK hynix,-0.7,7.6,2.8,10.6,3452,3653.0,9.0,0.7,3527,SK hynix+15.4%連動(β0.13) / MA上昇配列 / パーフェクトオーダー / 52週高値目前
8367,南都銀行,銀行業,20.7,★☆☆☆☆,5.5,0.0,3.0,0.0,12.2,0.0,0.0,0.0,,SK hynix,-8.0,-0.4,3.7,6.3,1817,1962.0,8.5,0.6,1109,SK hynix+15.4%連動(β0.14) / MA上昇配列 / パーフェクトオーダー / 52週高値目前
6590,芝浦メカトロニクス,電気機器,20.7,★☆☆☆☆,20.7,0.0,0.0,0.0,0.0,0.0,0.0,0.0,,SK hynix,0.9,-19.1,9.3,-6.1,3729,4580.0,6.3,0.5,10682,SK hynix+15.4%連動(β0.50) 未反応+0.9%
7389,あいちフィナンシャルグループ,銀行業,20.7,★☆☆☆☆,5.5,0.0,3.0,0.0,12.2,0.0,0.0,0.0,,SK hynix,-16.2,3.4,5.2,9.2,1670,1862.0,14.8,1.8,1785,SK hynix+15.4%連動(β0.14) / MA上昇配列 / パーフェクトオーダー / 52週高値目前
7337,ひろぎんホールディングス,銀行業,20.7,★☆☆☆☆,5.5,0.0,3.0,0.0,12.2,0.0,0.0,0.0,,SK hynix,-3.5,2.1,2.7,4.8,2230,2359.5,4.0,0.6,1850,SK hynix+15.4%連動(β0.14) / MA上昇配列 / パーフェクトオーダー / 52週高値目前
7322,三十三フィナンシャルグループ,銀行業,20.7,★☆☆☆☆,6.5,0.0,2.0,0.0,12.2,0.0,0.0,0.0,,SK hynix,-11.4,6.1,4.8,8.8,1877,2078.0,9.3,0.6,826,SK hynix+15.4%連動(β0.17) / MA上昇配列 / パーフェクトオーダー / 52週高値目前
6645,オムロン,電気機器,20.6,★☆☆☆☆,10.3,0.0,3.3,0.0,10.0,0.0,0.0,-3.0,,SK hynix,0.8,22.3,5.1,19.5,6326,7043.0,6.2,0.7,11584,SK hynix+15.4%連動(β0.21) 未反応+0.8% / 買い出来高優勢 / MA上昇配列 / パーフェクトオーダー / 伸びすぎ注意(25MA+20%)
8473,ＳＢＩホールディングス,証券、商品先物取引業,20.6,★☆☆☆☆,9.6,0.0,2.0,0.0,9.0,0.0,0.0,0.0,,SK hynix,0.8,4.5,3.1,5.2,2882,3070.0,2.2,0.4,12456,SK hynix+15.4%連動(β0.19) 未反応+0.8% / MA上昇配列
1515,日鉄鉱業,鉱業,20.5,★☆☆☆☆,11.5,0.0,2.0,0.0,10.0,0.0,0.0,-3.0,,SK hynix,0.5,24.3,6.8,15.9,2957,3425.0,7.9,0.7,2128,SK hynix+15.4%連動(β0.26) 未反応+0.5% / MA上昇配列 / パーフェクトオーダー / 伸びすぎ注意(25MA+16%)
3110,日東紡績,ガラス・土石製品,20.5,★☆☆☆☆,16.8,0.0,0.0,0.0,3.7,0.0,0.0,0.0,,SK hynix,-15.5,1.3,9.0,10.4,2819,3440.0,21.8,1.1,21999,SK hynix+15.4%連動(β0.43)
6918,アバールデータ,電気機器,20.400000000000002,★☆☆☆☆,10.5,0.0,7.3,0.0,6.0,0.0,1.6,-5.0,,SK hynix,-16.9,20.7,4.6,22.1,3626,3995.0,23.9,1.7,221,SK hynix+15.4%連動(β0.27) / 買い出来高優勢 / 資金流入増 / 過熱⚠25MA+22% / 開示[業績予想の修正](5日前)
7177,ＧＭＯフィナンシャルホールディングス,証券、商品先物取引業,20.4,★☆☆☆☆,10.9,0.0,0.0,0.0,9.5,0.0,0.0,0.0,,SK hynix,2.1,-1.5,2.4,1.1,1034,1086.0,-0.2,0.8,236,SK hynix+15.4%連動(β0.12) 未反応+2.1% / MA上昇配列 / パーフェクトオーダー
4258,網屋,情報・通信業,20.4,★☆☆☆☆,0.0,0.0,3.0,0.0,12.0,0.0,5.4,0.0,,,0.0,-2.1,6.1,6.8,4214,4795.0,0.7,1.7,212,MA上昇配列 / パーフェクトオーダー / 開示[自己株式の取得](5日前) / 開示[自己株式の取得](6日前)
6779,日本電波工業,電気機器,20.4,★☆☆☆☆,13.9,0.0,1.0,0.0,5.0,0.0,0.5,0.0,,SK hynix,-1.8,1.5,8.5,11.2,2643,3185.0,13.9,0.5,3082,SK hynix+15.4%連動(β0.36) / 開示[業績予想の修正](11日前)
8418,山口フィナンシャルグループ,銀行業,20.4,★☆☆☆☆,6.2,0.0,2.0,0.0,12.2,0.0,0.0,0.0,,SK hynix,-3.7,0.1,3.0,4.4,2990,3183.0,3.5,0.5,1915,SK hynix+15.4%連動(β0.16) / MA上昇配列 / パーフェクトオーダー / 52週高値目前
7721,東京計器,精密機器,20.4,★☆☆☆☆,9.4,0.0,2.0,0.0,9.0,0.0,0.0,0.0,,SK hynix,-2.2,18.0,5.3,13.1,6951,7780.0,7.9,0.9,2522,SK hynix+15.4%連動(β0.24) / MA上昇配列
3741,セック,情報・通信業,20.4,★☆☆☆☆,13.4,0.0,1.0,0.0,6.0,0.0,0.0,0.0,,SK hynix,1.8,7.4,3.6,7.3,3023,3255.0,5.7,0.8,294,SK hynix+15.4%連動(β0.21) 未反応+1.8%
6914,オプテックスグループ,電気機器,20.3,★☆☆☆☆,16.6,0.0,0.0,0.0,3.7,0.0,0.0,0.0,,SK hynix,3.0,-6.8,4.7,0.2,3240,3580.0,-0.1,0.9,643,SK hynix+15.4%連動(β0.20) 未反応+3.0%
7380,十六フィナンシャルグループ,銀行業,20.299999999999997,★☆☆☆☆,6.3,0.0,3.3,0.0,10.7,0.0,0.0,0.0,,SK hynix,-7.7,0.8,3.9,5.5,2387,2591.0,7.2,0.7,1392,SK hynix+15.4%連動(β0.16) / 買い出来高優勢 / MA上昇配列 / パーフェクトオーダー
8336,武蔵野銀行,銀行業,20.299999999999997,★☆☆☆☆,6.1,0.0,2.0,0.0,12.2,0.0,0.0,0.0,,SK hynix,-4.1,0.7,3.2,4.8,2612,2790.0,5.1,0.5,869,SK hynix+15.4%連動(β0.16) / MA上昇配列 / パーフェクトオーダー / 52週高値目前
8151,東陽テクニカ,卸売業,20.2,★☆☆☆☆,5.2,0.0,3.0,0.0,12.0,0.0,0.0,0.0,,SK hynix,-3.3,4.8,3.3,6.2,1969,2108.0,5.8,1.9,365,SK hynix+15.4%連動(β0.13) / MA上昇配列 / パーフェクトオーダー
6282,オイレス工業,機械,20.2,★☆☆☆☆,4.7,0.0,2.0,0.0,13.5,0.0,0.0,0.0,,SK hynix,0.3,1.2,2.0,3.3,2843,2960.0,1.0,0.7,215,SK hynix+15.4%連動(β0.10) / MA上昇配列 / パーフェクトオーダー / 52週高値目前
6653,正興電機製作所,電気機器,20.1,★☆☆☆☆,11.1,0.0,2.0,0.0,7.0,0.0,0.0,0.0,,SK hynix,0.8,-0.4,4.6,5.1,2113,2328.0,6.3,0.6,419,SK hynix+15.4%連動(β0.23) 未反応+0.8%
5707,東邦亜鉛,非鉄金属,20.099999999999998,★☆☆☆☆,10.4,0.0,10.0,0.0,4.7,0.0,0.0,-5.0,,SK hynix,-4.2,30.7,6.3,22.6,952,1089.0,14.4,3.6,542,SK hynix+15.4%連動(β0.27) / 出来高急増3.6倍 / 買い出来高優勢 / 資金流入増 / 過熱⚠25MA+23%
6255,エヌ・ピー・シー,機械,20.0,★☆☆☆☆,13.0,0.0,1.0,0.0,6.0,0.0,0.0,0.0,,SK hynix,0.9,5.8,4.9,9.2,656,727.0,5.8,0.5,199,SK hynix+15.4%連動(β0.26) 未反応+0.9%
5471,大同特殊鋼,鉄鋼,20.0,★☆☆☆☆,8.0,0.0,2.0,0.0,10.0,0.0,0.0,0.0,,SK hynix,-5.8,0.0,4.5,7.3,2299,2528.5,9.7,1.2,2854,SK hynix+15.4%連動(β0.21) / MA上昇配列 / パーフェクトオーダー
8364,清水銀行,銀行業,20.0,★☆☆☆☆,5.0,0.0,3.0,0.0,15.0,0.0,0.0,-3.0,,SK hynix,-14.0,15.2,3.9,16.3,2939,3185.0,14.0,1.3,136,SK hynix+15.4%連動(β0.13) / MA上昇配列 / パーフェクトオーダー / 52週高値ブレイク! / 伸びすぎ注意(25MA+16%)
4078,堺化学工業,化学,20.0,★☆☆☆☆,17.3,0.0,0.0,0.0,2.7,0.0,0.0,0.0,,SK hynix,3.0,-4.2,5.5,-0.2,3590,4030.0,1.6,0.5,1457,SK hynix+15.4%連動(β0.21) 未反応+3.0%
8558,東和銀行,銀行業,20.0,★☆☆☆☆,6.0,0.0,2.0,0.0,12.0,0.0,0.0,0.0,,SK hynix,-10.3,7.2,4.0,10.2,1407,1528.0,10.3,0.6,343,SK hynix+15.4%連動(β0.16) / MA上昇配列 / パーフェクトオーダー
6981,村田製作所,電気機器,19.900000000000002,★☆☆☆☆,15.6,0.0,0.0,0.0,3.7,0.0,0.6,0.0,,SK hynix,-7.3,-4.9,8.7,4.6,6844,8290.0,14.1,0.6,231972,SK hynix+15.4%連動(β0.40) / 開示[自己株式の取得](11日前)
7716,ナカニシ,精密機器,19.9,★☆☆☆☆,0.0,0.0,4.3,0.0,10.7,0.0,4.9,0.0,,,0.0,1.8,3.8,3.3,2971,3215.0,-0.9,0.8,870,買い出来高優勢 / MA上昇配列 / パーフェクトオーダー / 開示[自己株式の取得](0日前) / 開示[上方修正](11日前)
8137,サンワテクノス,卸売業,19.9,★☆☆☆☆,6.4,0.0,0.0,0.0,13.5,0.0,0.0,0.0,,SK hynix,-2.5,4.0,3.7,7.4,3829,4135.0,4.2,0.5,304,SK hynix+15.4%連動(β0.17) / MA上昇配列 / パーフェクトオーダー / 52週高値目前
1969,高砂熱学工業,建設業,19.9,★☆☆☆☆,0.0,16.2,1.0,0.0,2.7,0.0,0.0,0.0,,,0.0,-10.1,4.1,-0.4,4014,4373.0,6.3,1.0,3324,AIデータセンター・電力(+5.1%)
8601,大和証券グループ本社,証券、商品先物取引業,19.9,★☆☆☆☆,15.9,0.0,2.0,0.0,2.0,0.0,0.0,0.0,,SK hynix,3.1,-8.7,2.6,-2.2,1685,1778.5,-2.2,0.7,8476,SK hynix+15.4%連動(β0.17) 未反応+3.1%
5991,日本発條,金属製品,19.9,★☆☆☆☆,9.2,0.0,2.0,0.0,8.7,0.0,0.0,0.0,,SK hynix,-2.1,-0.9,4.5,3.5,3413,3753.0,5.6,0.6,3006,SK hynix+15.4%連動(β0.24) / MA上昇配列 / パーフェクトオーダー
4992,北興化学工業,化学,19.9,★☆☆☆☆,8.9,0.0,0.0,0.0,11.0,0.0,0.0,0.0,,SK hynix,0.2,-0.4,3.1,4.2,1900,2027.0,2.5,0.5,242,SK hynix+15.4%連動(β0.22) / MA上昇配列 / パーフェクトオーダー
8362,福井銀行,銀行業,19.8,★☆☆☆☆,5.8,0.0,2.0,0.0,12.0,0.0,0.0,0.0,,SK hynix,-11.5,9.8,5.0,13.7,6171,6850.0,10.8,0.6,488,SK hynix+15.4%連動(β0.15) / MA上昇配列 / パーフェクトオーダー
7912,大日本印刷,その他製品,19.8,★☆☆☆☆,5.3,0.0,1.0,0.0,13.5,0.0,0.0,0.0,,SK hynix,-1.4,0.2,3.1,6.6,3116,3319.0,9.5,0.7,4900,SK hynix+15.4%連動(β0.14) / MA上昇配列 / パーフェクトオーダー / 52週高値目前
2207,ｍｅｉｔｏ,食料品,19.8,★☆☆☆☆,0.0,0.0,5.0,0.0,13.7,0.0,1.1,0.0,,,0.0,12.7,2.7,12.7,3454,3650.0,12.5,1.7,154,MA上昇配列 / パーフェクトオーダー / 52週高値ブレイク! / 開示[業績予想の修正](8日前)
8050,セイコーグループ,精密機器,19.700000000000003,★☆☆☆☆,9.4,0.0,4.0,0.0,10.7,0.0,0.6,-5.0,,SK hynix,-1.0,40.9,6.0,30.9,9844,11180.0,21.9,0.9,4493,SK hynix+15.4%連動(β0.24) / 資金流入増 / MA上昇配列 / パーフェクトオーダー / 過熱⚠25MA+31% / 開示[増配](11日前)
166A,タスキホールディングス,不動産業,19.7,★☆☆☆☆,4.4,0.0,3.3,0.0,12.0,0.0,0.0,0.0,,SK hynix,-5.1,2.6,3.8,7.6,1100,1192.0,3.7,0.8,817,SK hynix+15.4%連動(β0.11) / 買い出来高優勢 / MA上昇配列 / パーフェクトオーダー
6507,シンフォニアテクノロジー,電気機器,19.7,★☆☆☆☆,13.0,0.0,2.0,0.0,4.7,0.0,0.0,0.0,,SK hynix,-3.7,-8.4,7.4,0.1,11643,13680.0,6.1,0.8,2581,SK hynix+15.4%連動(β0.34)
6222,島精機製作所,機械,19.7,★☆☆☆☆,11.7,0.0,0.0,0.0,8.0,0.0,0.0,0.0,,SK hynix,1.9,1.9,2.5,4.2,906,953.0,0.1,0.4,202,SK hynix+15.4%連動(β0.16) 未反応+1.9% / MA上昇配列
6777,ｓａｎｔｅｃ　Ｈｏｌｄｉｎｇｓ,電気機器,19.6,★☆☆☆☆,14.6,0.0,0.0,0.0,5.0,0.0,0.0,0.0,,SK hynix,-8.6,-4.1,8.1,7.5,17191,20520.0,7.2,0.7,3268,SK hynix+15.4%連動(β0.38)
8392,大分銀行,銀行業,19.6,★☆☆☆☆,6.4,0.0,2.0,0.0,10.7,0.0,0.5,0.0,,SK hynix,-6.4,4.9,4.4,7.4,2608,2860.0,5.5,0.7,747,SK hynix+15.4%連動(β0.17) / MA上昇配列 / パーフェクトオーダー / 開示[業績予想の修正](11日前)
4118,カネカ,化学,19.6,★☆☆☆☆,4.3,0.0,3.3,0.0,12.0,0.0,0.0,0.0,,SK hynix,-2.1,6.6,2.5,7.7,5968,6277.0,5.1,1.0,1624,SK hynix+15.4%連動(β0.11) / 買い出来高優勢 / MA上昇配列 / パーフェクトオーダー
8078,阪和興業,卸売業,19.6,★☆☆☆☆,5.6,0.0,2.0,0.0,12.0,0.0,0.0,0.0,,SK hynix,0.0,3.9,2.8,4.6,1710,1810.0,-0.6,1.0,802,SK hynix+15.4%連動(β0.14) / MA上昇配列 / パーフェクトオーダー
8624,いちよし証券,証券、商品先物取引業,19.6,★☆☆☆☆,6.1,0.0,0.0,0.0,13.5,0.0,0.0,0.0,,SK hynix,-1.7,1.3,4.0,5.6,1509,1639.0,5.0,0.6,228,SK hynix+15.4%連動(β0.16) / MA上昇配列 / パーフェクトオーダー / 52週高値目前
5715,古河機械金属,非鉄金属,19.6,★☆☆☆☆,6.7,0.0,5.3,0.0,6.0,0.0,1.6,0.0,,SK hynix,-3.6,13.0,4.6,14.3,3861,4255.0,11.2,1.3,1333,SK hynix+15.4%連動(β0.17) / 買い出来高優勢 / 開示[業績予想の修正](5日前)
6806,ヒロセ電機,電気機器,19.5,★☆☆☆☆,14.0,0.0,3.0,0.0,2.5,0.0,0.0,0.0,,SK hynix,2.4,-4.5,4.3,-0.9,24724,27065.0,0.3,1.0,6350,SK hynix+15.4%連動(β0.18) 未反応+2.4%
4112,保土谷化学工業,化学,19.5,★☆☆☆☆,10.5,0.0,2.0,0.0,7.0,0.0,0.0,0.0,,SK hynix,1.0,7.0,3.5,9.6,2150,2310.0,4.1,0.8,111,SK hynix+15.4%連動(β0.20) 未反応+1.0%
6616,トレックス・セミコンダクター,電気機器,19.5,★☆☆☆☆,11.1,0.0,2.0,0.0,5.0,0.0,1.4,0.0,,SK hynix,-1.6,9.5,5.7,11.9,1913,2159.0,11.4,0.7,239,SK hynix+15.4%連動(β0.29) / 開示[業績予想の修正](6日前)
5832,ちゅうぎんフィナンシャルグループ,銀行業,19.5,★☆☆☆☆,5.3,0.0,2.0,0.0,12.2,0.0,0.0,0.0,,SK hynix,-4.3,2.8,3.1,5.3,3312,3530.0,4.3,0.6,1187,SK hynix+15.4%連動(β0.14) / MA上昇配列 / パーフェクトオーダー / 52週高値目前
6787,メイコー,電気機器,19.5,★☆☆☆☆,18.0,0.0,0.0,0.0,1.5,0.0,0.0,0.0,,SK hynix,-7.1,-25.5,11.9,-12.1,14743,19360.0,3.0,0.9,10605,SK hynix+15.4%連動(β0.48)
8337,千葉興業銀行,銀行業,19.4,★☆☆☆☆,7.7,0.0,1.0,0.0,10.7,0.0,0.0,0.0,,SK hynix,-2.8,0.4,3.6,4.1,2571,2773.0,7.7,0.9,359,SK hynix+15.4%連動(β0.20) / MA上昇配列 / パーフェクトオーダー
8393,宮崎銀行,銀行業,19.4,★☆☆☆☆,6.7,0.0,2.0,0.0,10.7,0.0,0.0,0.0,,SK hynix,-5.9,5.2,4.3,6.0,2295,2510.0,5.1,0.8,708,SK hynix+15.4%連動(β0.17) / MA上昇配列 / パーフェクトオーダー
4186,東京応化工業,化学,19.4,★☆☆☆☆,15.7,0.0,1.0,0.0,2.7,0.0,0.0,0.0,,SK hynix,0.1,-12.1,6.9,-0.6,8261,9577.0,8.8,0.5,10446,SK hynix+15.4%連動(β0.40)
8713,フィデアホールディングス,銀行業,19.4,★☆☆☆☆,4.6,0.0,7.3,0.0,12.5,0.0,0.0,-5.0,,SK hynix,-9.6,23.6,3.5,21.3,2518,2705.0,10.2,1.6,233,SK hynix+15.4%連動(β0.12) / 買い出来高優勢 / 資金流入増 / MA上昇配列 / パーフェクトオーダー / 52週高値ブレイク! / RSI過熱(87)⚠ / 過熱⚠25MA+21%
3891,ニッポン高度紙工業,パルプ・紙,19.3,★☆☆☆☆,12.3,0.0,2.0,0.0,5.0,0.0,0.0,0.0,,SK hynix,-6.0,-4.5,8.3,6.3,6241,7490.0,10.0,0.4,1530,SK hynix+15.4%連動(β0.32)
1944,きんでん,建設業,19.2,★☆☆☆☆,0.0,16.2,2.0,0.0,1.0,0.0,0.0,0.0,,,0.0,-7.7,4.1,-2.1,6501,7083.0,1.6,0.5,7965,AIデータセンター・電力(+5.1%)
8361,大垣共立銀行,銀行業,19.2,★☆☆☆☆,6.0,0.0,1.0,0.0,12.2,0.0,0.0,0.0,,SK hynix,-9.2,-1.2,4.3,6.1,7451,8150.0,7.8,0.6,1542,SK hynix+15.4%連動(β0.16) / MA上昇配列 / パーフェクトオーダー / 52週高値目前
6999,ＫＯＡ,電気機器,19.1,★☆☆☆☆,11.4,0.0,4.0,0.0,3.7,0.0,0.0,0.0,,SK hynix,-0.1,3.0,6.8,5.5,2222,2574.0,5.9,0.2,3824,SK hynix+15.4%連動(β0.29) / 資金流入増
6136,オーエスジー,機械,19.1,★☆☆☆☆,7.4,0.0,1.0,0.0,10.7,0.0,0.0,0.0,,SK hynix,0.6,-2.3,3.9,3.1,3647,3955.0,0.6,0.7,1748,SK hynix+15.4%連動(β0.15) 未反応+0.6% / MA上昇配列 / パーフェクトオーダー
6203,豊和工業,機械,19.1,★☆☆☆☆,11.0,0.0,2.0,0.0,5.0,0.0,1.1,0.0,,SK hynix,1.1,2.1,4.4,4.8,1405,1540.0,3.5,0.5,370,SK hynix+15.4%連動(β0.20) 未反応+1.1% / 開示[自己株式の取得](11日前) / 開示[自己株式の取得](12日前)
7936,アシックス,その他製品,19.1,★☆☆☆☆,0.0,0.0,5.0,0.0,12.0,0.0,2.1,0.0,,,0.0,-0.1,4.2,5.5,4718,5148.0,3.4,1.9,24339,MA上昇配列 / パーフェクトオーダー / 開示[増配](4日前)
8354,ふくおかフィナンシャルグループ,銀行業,19.0,★☆☆☆☆,5.8,0.0,1.0,0.0,12.2,0.0,0.0,0.0,,SK hynix,-4.4,-0.5,3.0,3.4,7281,7751.0,2.7,0.7,5714,SK hynix+15.4%連動(β0.15) / MA上昇配列 / パーフェクトオーダー / 52週高値目前
7256,河西工業,輸送用機器,19.0,★☆☆☆☆,0.0,0.0,8.0,0.0,11.0,0.0,0.0,0.0,,,0.0,5.4,6.6,8.3,402,463.0,7.7,3.1,184,出来高急増3.1倍 / 買い出来高優勢 / MA上昇配列 / パーフェクトオーダー
2664,カワチ薬品,小売業,19.0,★☆☆☆☆,0.0,0.0,5.3,0.0,13.7,0.0,0.0,0.0,,,0.0,8.8,3.2,9.8,3569,3810.0,4.5,1.9,269,買い出来高優勢 / MA上昇配列 / パーフェクトオーダー / 52週高値ブレイク!
7970,信越ポリマー,化学,19.0,★☆☆☆☆,7.0,0.0,1.0,0.0,11.0,0.0,0.0,0.0,,SK hynix,-0.6,-8.3,2.8,1.3,2219,2350.0,3.8,0.3,694,SK hynix+15.4%連動(β0.18) / MA上昇配列 / パーフェクトオーダー
6135,牧野フライス製作所,機械,19.0,★☆☆☆☆,0.0,0.0,4.0,0.0,15.0,0.0,0.0,0.0,,,0.0,9.2,4.1,11.7,15077,16430.0,12.5,1.3,4178,MA上昇配列 / パーフェクトオーダー / 52週高値ブレイク!
6834,精工技研,電気機器,18.900000000000002,★☆☆☆☆,13.6,0.0,3.0,0.0,6.0,0.0,1.3,-5.0,,SK hynix,-25.6,32.5,8.3,30.1,22999,27600.0,26.8,1.4,5421,SK hynix+15.4%連動(β0.35) / 過熱⚠25MA+30% / 開示[増配](8日前)
1965,テクノ菱和,建設業,18.9,★☆☆☆☆,13.2,0.0,1.0,0.0,4.7,0.0,0.0,0.0,,SK hynix,2.0,-4.7,6.4,2.7,5446,6250.0,1.0,0.9,557,SK hynix+15.4%連動(β0.19) 未反応+2.0%
6963,ローム,電気機器,18.9,★☆☆☆☆,11.9,0.0,1.0,0.0,6.0,0.0,0.0,0.0,,SK hynix,-6.5,1.2,5.9,10.8,4624,5239.0,14.6,0.6,22667,SK hynix+15.4%連動(β0.31)
4611,大日本塗料,化学,18.9,★☆☆☆☆,4.4,0.0,1.0,0.0,13.5,0.0,0.0,0.0,,SK hynix,-1.6,5.7,2.7,7.5,1435,1517.0,5.3,1.1,122,SK hynix+15.4%連動(β0.11) / MA上昇配列 / パーフェクトオーダー / 52週高値目前
6862,ミナトホールディングス,電気機器,18.8,★☆☆☆☆,10.7,0.0,6.3,0.0,5.5,0.0,1.3,-5.0,,SK hynix,-56.0,97.3,7.2,74.9,3361,3925.0,74.3,1.8,1422,SK hynix+15.4%連動(β0.28) / 買い出来高優勢 / RSI過熱(87)⚠ / 過熱⚠25MA+75% / 開示[増配](8日前)
7510,たけびし,卸売業,18.8,★☆☆☆☆,0.0,0.0,5.3,0.0,13.5,0.0,0.0,0.0,,,0.0,18.4,3.8,10.9,2659,2879.0,0.0,0.9,108,買い出来高優勢 / 資金流入増 / MA上昇配列 / パーフェクトオーダー / 52週高値目前
3989,シェアリングテクノロジー,情報・通信業,18.8,★☆☆☆☆,0.0,0.0,5.3,0.0,13.5,0.0,0.0,0.0,,,0.0,-1.8,3.6,5.5,1388,1495.0,7.1,2.4,306,出来高増2.4倍 / MA上昇配列 / パーフェクトオーダー / 52週高値目前
7717,ブイ・テクノロジー,精密機器,18.8,★☆☆☆☆,15.1,0.0,1.0,0.0,2.7,0.0,0.0,0.0,,SK hynix,-2.9,-16.1,7.0,-0.3,5225,6080.0,11.4,0.5,2050,SK hynix+15.4%連動(β0.39)
8697,日本取引所グループ,その他金融業,18.8,★☆☆☆☆,16.8,0.0,0.0,0.0,2.0,0.0,0.0,0.0,,SK hynix,3.8,-4.3,3.3,-0.5,2076,2221.5,-1.9,0.7,8822,SK hynix+15.4%連動(β0.14) 未反応+3.8%
5208,有沢製作所,化学,18.8,★☆☆☆☆,6.8,0.0,0.0,0.0,12.0,0.0,0.0,0.0,,SK hynix,-3.7,7.5,5.0,10.4,2558,2843.0,3.4,0.6,680,SK hynix+15.4%連動(β0.18) / MA上昇配列 / パーフェクトオーダー
7224,新明和工業,輸送用機器,18.8,★☆☆☆☆,13.1,0.0,2.0,0.0,3.7,0.0,0.0,0.0,,SK hynix,2.4,-2.0,2.7,1.6,1913,2023.0,0.2,0.6,356,SK hynix+15.4%連動(β0.15) 未反応+2.4%
4275,カーリット,化学,18.700000000000003,★☆☆☆☆,18.1,0.0,0.0,0.0,0.0,0.0,0.6,0.0,,SK hynix,3.0,-14.0,5.7,-7.1,1885,2127.0,-11.9,0.6,540,SK hynix+15.4%連動(β0.24) 未反応+3.0% / 開示[自己株式取得](11日前)
5016,ＪＸ金属,非鉄金属,18.7,★☆☆☆☆,14.0,0.0,1.0,0.0,3.7,0.0,0.0,0.0,,SK hynix,0.7,0.3,7.0,4.5,3440,4000.0,2.9,0.8,83611,SK hynix+15.4%連動(β0.31) 未反応+0.7%
6336,石井表記,機械,18.7,★☆☆☆☆,9.7,0.0,0.0,0.0,9.0,0.0,0.0,0.0,,SK hynix,-8.0,-8.9,6.9,6.3,1547,1796.0,12.4,0.6,134,SK hynix+15.4%連動(β0.25) / MA上昇配列 / パーフェクトオーダー
6287,サトー,機械,18.7,★☆☆☆☆,0.0,0.0,5.0,0.0,12.0,0.0,1.7,0.0,,,0.0,11.3,3.0,10.6,2626,2793.0,7.7,1.4,455,資金流入増 / MA上昇配列 / パーフェクトオーダー / 開示[自己株式の取得](6日前)
7744,ノーリツ鋼機,精密機器,18.7,★☆☆☆☆,0.0,0.0,7.7,0.0,11.0,0.0,0.0,0.0,,,0.0,0.0,3.1,2.9,1945,2072.0,1.2,2.0,825,出来高増2.0倍 / 買い出来高優勢 / MA上昇配列 / パーフェクトオーダー
8411,みずほフィナンシャルグループ,銀行業,18.5,★☆☆☆☆,7.8,0.0,0.0,0.0,10.7,0.0,0.0,0.0,,SK hynix,-0.4,-2.5,3.5,1.7,7933,8530.0,1.0,0.7,87093,SK hynix+15.4%連動(β0.20) / MA上昇配列 / パーフェクトオーダー
4617,中国塗料,化学,18.5,★☆☆☆☆,15.5,0.0,0.0,0.0,3.0,0.0,0.0,0.0,,SK hynix,2.9,-2.7,3.7,0.6,3386,3660.0,-1.5,0.5,971,SK hynix+15.4%連動(β0.17) 未反応+2.9% / MA上昇配列
6737,ＥＩＺＯ,電気機器,18.5,★☆☆☆☆,4.5,0.0,2.0,0.0,12.0,0.0,0.0,0.0,,SK hynix,-0.7,11.3,3.3,7.1,2822,3020.0,1.7,0.6,631,SK hynix+15.4%連動(β0.12) / MA上昇配列 / パーフェクトオーダー
6770,アルプスアルパイン,電気機器,18.5,★☆☆☆☆,6.8,0.0,1.0,0.0,10.7,0.0,0.0,0.0,,SK hynix,0.0,0.0,3.5,2.6,2052,2205.0,5.5,0.5,3846,SK hynix+15.4%連動(β0.17) / MA上昇配列 / パーフェクトオーダー
8544,京葉銀行,銀行業,18.400000000000002,★☆☆☆☆,6.3,0.0,2.0,0.0,9.5,0.0,0.6,0.0,,SK hynix,-6.3,0.9,4.4,3.9,2553,2800.0,5.9,0.6,1582,SK hynix+15.4%連動(β0.16) / MA上昇配列 / パーフェクトオーダー / 開示[自己株式の取得](11日前)
4064,日本カーバイド工業,化学,18.4,★☆☆☆☆,6.4,0.0,1.0,0.0,11.0,0.0,0.0,0.0,,SK hynix,-4.9,-1.3,4.4,3.6,3134,3440.0,-2.5,0.8,300,SK hynix+15.4%連動(β0.17) / MA上昇配列 / パーフェクトオーダー
8043,スターゼン,卸売業,18.4,★☆☆☆☆,0.0,0.0,3.0,0.0,13.5,0.0,1.9,0.0,,,0.0,13.4,2.6,11.4,1421,1499.0,9.8,1.0,229,MA上昇配列 / パーフェクトオーダー / 52週高値目前 / 開示[増配](5日前)
6769,ザインエレクトロニクス,電気機器,18.4,★☆☆☆☆,10.4,0.0,2.0,0.0,6.0,0.0,0.0,0.0,,SK hynix,-2.6,10.1,4.1,10.6,1046,1140.0,9.3,0.5,124,SK hynix+15.4%連動(β0.27)
6986,双葉電子工業,電気機器,18.4,★☆☆☆☆,7.4,0.0,5.3,0.0,5.7,0.0,0.0,0.0,,SK hynix,-3.1,15.5,3.1,13.0,644,686.0,7.7,2.0,195,SK hynix+15.4%連動(β0.19) / 買い出来高優勢
6592,マブチモーター,電気機器,18.3,★☆☆☆☆,0.0,0.0,6.3,0.0,12.0,0.0,0.0,0.0,,,0.0,6.9,2.4,8.1,1699,1786.0,8.3,2.2,2426,出来高増2.2倍 / MA上昇配列 / パーフェクトオーダー
3465,ケイアイスター不動産,不動産業,18.3,★☆☆☆☆,0.0,0.0,6.3,0.0,12.0,0.0,0.0,0.0,,,0.0,1.7,3.2,6.9,3653,3900.0,7.9,2.1,543,出来高増2.1倍 / MA上昇配列 / パーフェクトオーダー
4063,信越化学工業,化学,18.3,★☆☆☆☆,13.3,0.0,0.0,0.0,5.0,0.0,0.0,0.0,,SK hynix,1.7,-16.8,3.1,-2.5,5985,6385.0,4.4,0.5,53716,SK hynix+15.4%連動(β0.21) 未反応+1.7%
8281,ゼビオホールディングス,小売業,18.3,★☆☆☆☆,0.0,0.0,6.3,0.0,12.0,0.0,0.0,0.0,,,0.0,5.8,2.6,7.8,1136,1200.0,8.1,2.3,146,出来高増2.3倍 / MA上昇配列 / パーフェクトオーダー
5970,ジーテクト,金属製品,18.3,★☆☆☆☆,0.0,0.0,3.3,0.0,15.0,0.0,0.0,0.0,,,0.0,7.9,2.1,8.2,2238,2338.0,5.1,0.9,255,買い出来高優勢 / MA上昇配列 / パーフェクトオーダー / 52週高値ブレイク!
6622,ダイヘン,電気機器,18.2,★☆☆☆☆,14.5,0.0,0.0,0.0,3.7,0.0,0.0,0.0,,SK hynix,-2.3,-6.9,7.1,2.0,12474,14540.0,5.1,0.6,4717,SK hynix+15.4%連動(β0.38)
7245,大同メタル工業,輸送用機器,18.2,★☆☆☆☆,9.5,0.0,1.0,0.0,7.7,0.0,0.0,0.0,,SK hynix,0.7,0.7,6.0,2.8,1224,1392.0,4.7,0.6,774,SK hynix+15.4%連動(β0.19) 未反応+0.7% / MA上昇配列 / パーフェクトオーダー
8309,三井住友トラストグループ,銀行業,18.2,★☆☆☆☆,5.0,0.0,1.0,0.0,12.2,0.0,0.0,0.0,,SK hynix,-1.0,-0.4,2.6,2.7,1637,1728.5,2.9,0.5,17651,SK hynix+15.4%連動(β0.13) / MA上昇配列 / パーフェクトオーダー / 52週高値目前
4228,積水化成品工業,化学,18.1,★☆☆☆☆,5.9,0.0,3.0,0.0,12.2,0.0,0.0,-3.0,,SK hynix,-0.5,24.0,4.7,17.4,591,652.0,6.2,1.0,234,SK hynix+15.4%連動(β0.15) / MA上昇配列 / パーフェクトオーダー / 52週高値目前 / 伸びすぎ注意(25MA+17%)
8604,野村ホールディングス,証券、商品先物取引業,18.1,★☆☆☆☆,15.1,0.0,1.0,0.0,2.0,0.0,0.0,0.0,,SK hynix,2.5,-6.7,2.8,-0.3,1470,1559.0,-0.2,0.6,16617,SK hynix+15.4%連動(β0.20) 未反応+2.5%
5631,日本製鋼所,機械,18.1,★☆☆☆☆,8.8,0.0,3.3,0.0,6.0,0.0,0.0,0.0,,SK hynix,-1.9,-1.8,3.7,5.1,7459,8052.0,4.0,0.8,5762,SK hynix+15.4%連動(β0.23) / 買い出来高優勢
6762,ＴＤＫ,電気機器,18.1,★☆☆☆☆,12.1,0.0,1.0,0.0,5.0,0.0,0.0,0.0,,SK hynix,-1.7,1.6,5.1,5.2,2912,3244.0,8.6,0.5,37880,SK hynix+15.4%連動(β0.31)
8935,ＦＪネクストホールディングス,不動産業,18.0,★☆☆☆☆,0.0,0.0,3.0,0.0,15.0,0.0,0.0,0.0,,,0.0,8.8,2.6,8.6,1941,2048.0,6.6,1.3,124,MA上昇配列 / パーフェクトオーダー / 52週高値ブレイク!
6340,澁谷工業,機械,18.0,★☆☆☆☆,6.0,0.0,6.3,0.0,10.7,0.0,0.0,-5.0,,SK hynix,-17.8,21.5,4.1,20.8,4943,5390.0,20.0,1.2,506,SK hynix+15.4%連動(β0.16) / 買い出来高優勢 / 資金流入増 / MA上昇配列 / パーフェクトオーダー / 過熱⚠25MA+21%
6247,日阪製作所,機械,18.0,★☆☆☆☆,5.0,0.0,1.0,0.0,12.0,0.0,0.0,0.0,,SK hynix,-3.9,4.0,4.0,6.0,1645,1786.0,2.3,0.6,105,SK hynix+15.4%連動(β0.13) / MA上昇配列 / パーフェクトオーダー
4970,東洋合成工業,化学,18.0,★☆☆☆☆,16.5,0.0,1.0,0.0,0.0,0.0,0.5,0.0,,SK hynix,-3.5,-17.4,9.1,-6.3,10620,12990.0,-4.1,0.9,1367,SK hynix+15.4%連動(β0.43) / 開示[業績予想の修正](11日前)
3964,オークネット,情報・通信業,18.0,★☆☆☆☆,0.0,0.0,6.0,0.0,12.0,0.0,0.0,0.0,,,0.0,0.4,3.5,4.9,1381,1485.0,1.0,1.7,695,資金流入増 / MA上昇配列 / パーフェクトオーダー
135A,ＶＲＡＩＮ　Ｓｏｌｕｔｉｏｎ,情報・通信業,18.0,★☆☆☆☆,9.0,0.0,3.0,0.0,6.0,0.0,0.0,0.0,,SK hynix,-7.2,10.1,4.2,11.9,3966,4330.0,12.2,1.4,233,SK hynix+15.4%連動(β0.23)
5985,サンコール,金属製品,18.0,★☆☆☆☆,11.2,0.0,4.3,0.0,7.0,0.0,0.5,-5.0,,SK hynix,-30.3,66.1,7.3,60.3,2016,2358.0,62.6,1.4,2061,SK hynix+15.4%連動(β0.29) / 買い出来高優勢 / 52週高値目前 / RSI過熱(86)⚠ / 過熱⚠25MA+60% / 開示[業績予想の修正](11日前)
6379,レイズネクスト,建設業,17.900000000000002,★☆☆☆☆,0.0,0.0,5.3,0.0,12.0,0.0,0.6,0.0,,,0.0,13.2,3.6,9.5,2725,2939.0,2.5,0.6,582,買い出来高優勢 / 資金流入増 / MA上昇配列 / パーフェクトオーダー / 開示[自己株式取得](11日前)
2108,日本甜菜製糖,食料品,17.900000000000002,★☆☆☆☆,0.0,0.0,3.3,0.0,13.5,0.0,1.1,0.0,,,0.0,11.0,2.9,7.2,5070,5380.0,4.1,0.6,148,買い出来高優勢 / MA上昇配列 / パーフェクトオーダー / 52週高値目前 / 開示[業績予想の修正](8日前)
5122,オカモト,ゴム製品,17.900000000000002,★☆☆☆☆,0.0,0.0,5.3,0.0,12.0,0.0,0.6,0.0,,,0.0,15.4,4.1,8.0,5806,6330.0,-3.9,0.8,276,買い出来高優勢 / 資金流入増 / MA上昇配列 / パーフェクトオーダー / 開示[増配](11日前)
9902,日伝,卸売業,17.9,★☆☆☆☆,4.9,0.0,2.0,0.0,11.0,0.0,0.0,0.0,,SK hynix,-2.1,10.4,2.9,10.0,3026,3215.0,3.0,1.6,241,SK hynix+15.4%連動(β0.13) / MA上昇配列 / パーフェクトオーダー
8031,三井物産,卸売業,17.9,★☆☆☆☆,17.9,0.0,0.0,0.0,0.0,0.0,0.0,0.0,,SK hynix,4.1,-2.3,2.7,-0.7,4540,4796.0,-2.8,0.7,30723,SK hynix+15.4%連動(β0.15) 未反応+4.1%
8600,トモニホールディングス,銀行業,17.8,★☆☆☆☆,0.0,0.0,4.3,0.0,13.5,0.0,0.0,0.0,,,0.0,14.1,3.5,11.4,1045,1123.0,4.2,0.8,750,買い出来高優勢 / MA上昇配列 / パーフェクトオーダー / 52週高値目前
8341,七十七銀行,銀行業,17.8,★☆☆☆☆,0.0,0.0,4.3,0.0,13.5,0.0,0.0,0.0,,,0.0,6.9,3.3,8.1,3623,3881.0,6.0,0.8,2440,買い出来高優勢 / MA上昇配列 / パーフェクトオーダー / 52週高値目前
7282,豊田合成,輸送用機器,17.799999999999997,★☆☆☆☆,7.6,0.0,2.0,0.0,8.2,0.0,0.0,0.0,,SK hynix,0.6,1.5,3.7,2.7,4884,5270.0,2.0,0.5,3013,SK hynix+15.4%連動(β0.15) 未反応+0.6% / MA上昇配列 / パーフェクトオーダー
1942,関電工,建設業,17.7,★☆☆☆☆,0.0,16.2,0.0,0.0,1.5,0.0,0.0,0.0,,,0.0,-9.7,4.7,-0.6,5198,5740.0,4.4,0.7,8264,AIデータセンター・電力(+5.1%)
1980,ダイダン,建設業,17.7,★☆☆☆☆,7.7,0.0,3.0,0.0,7.0,0.0,0.0,0.0,,SK hynix,-11.4,5.1,5.4,11.3,2591,2906.0,15.7,1.0,2348,SK hynix+15.4%連動(β0.20)
2124,ジェイエイシーリクルートメント,サービス業,17.7,★☆☆☆☆,0.0,0.0,6.0,0.0,10.0,0.0,1.7,0.0,,,0.0,9.0,3.4,10.6,968,1039.0,12.2,1.6,833,資金流入増 / MA上昇配列 / 開示[自己株式取得](6日前)
6961,エンプラス,電気機器,17.6,★☆☆☆☆,15.1,0.0,0.0,0.0,2.5,0.0,0.0,0.0,,SK hynix,-5.9,-9.6,8.7,0.6,9811,11870.0,16.6,0.4,2817,SK hynix+15.4%連動(β0.39)
4216,旭有機材,化学,17.6,★☆☆☆☆,15.1,0.0,1.0,0.0,1.5,0.0,0.0,0.0,,SK hynix,2.5,-8.1,4.5,-1.5,5537,6080.0,1.0,1.1,437,SK hynix+15.4%連動(β0.20) 未反応+2.5%
6381,アネスト岩田,機械,17.6,★☆☆☆☆,0.0,0.0,4.3,0.0,12.2,0.0,1.1,0.0,,,0.0,8.3,2.1,6.4,1852,1934.0,2.3,0.7,201,買い出来高優勢 / MA上昇配列 / パーフェクトオーダー / 52週高値目前 / 開示[業績予想の修正](8日前)
5976,高周波熱錬,金属製品,17.6,★☆☆☆☆,0.0,0.0,3.3,0.0,13.7,0.0,0.6,0.0,,,0.0,9.0,1.9,8.2,1447,1504.0,3.2,1.2,125,買い出来高優勢 / MA上昇配列 / パーフェクトオーダー / 52週高値ブレイク! / 開示[自己株式の取得](11日前)
4021,日産化学,化学,17.6,★☆☆☆☆,5.6,0.0,0.0,0.0,12.0,0.0,0.0,0.0,,SK hynix,-1.8,-0.1,3.2,5.2,7643,8158.0,8.8,0.7,5556,SK hynix+15.4%連動(β0.15) / MA上昇配列 / パーフェクトオーダー
6349,小森コーポレーション,機械,17.5,★☆☆☆☆,0.0,0.0,5.3,0.0,12.2,0.0,0.0,0.0,,,0.0,15.6,3.1,10.0,1820,1942.0,2.1,0.8,516,買い出来高優勢 / 資金流入増 / MA上昇配列 / パーフェクトオーダー / 52週高値目前
6594,ニデック,電気機器,17.5,★☆☆☆☆,9.5,0.0,2.0,0.0,6.0,0.0,0.0,0.0,,SK hynix,0.8,5.4,3.8,6.7,2602,2815.0,3.8,0.4,12225,SK hynix+15.4%連動(β0.18) 未反応+0.8%
6617,東光高岳,電気機器,17.5,★☆☆☆☆,10.8,0.0,1.0,0.0,5.7,0.0,0.0,0.0,,SK hynix,0.6,-6.4,6.8,2.1,6750,7820.0,1.3,0.4,1431,SK hynix+15.4%連動(β0.23) 未反応+0.6%
6143,ソディック,機械,17.5,★☆☆☆☆,12.3,0.0,0.0,0.0,4.7,0.0,0.5,0.0,,SK hynix,1.0,-6.5,6.9,2.9,1575,1825.0,0.3,0.6,962,SK hynix+15.4%連動(β0.24) 未反応+1.0% / 開示[業績予想の修正](11日前)
8075,神鋼商事,卸売業,17.5,★☆☆☆☆,0.0,0.0,5.3,0.0,12.2,0.0,0.0,0.0,,,0.0,18.1,2.9,13.8,2851,3025.0,0.7,0.9,225,買い出来高優勢 / 資金流入増 / MA上昇配列 / パーフェクトオーダー / 52週高値目前
8551,北日本銀行,銀行業,17.5,★☆☆☆☆,0.0,0.0,4.0,0.0,13.5,0.0,0.0,0.0,,,0.0,13.1,3.7,12.0,6877,7420.0,10.6,1.0,291,資金流入増 / MA上昇配列 / パーフェクトオーダー / 52週高値目前
3932,アカツキ,情報・通信業,17.400000000000002,★☆☆☆☆,0.0,0.0,5.3,0.0,11.0,0.0,1.1,0.0,,,0.0,15.6,3.2,12.5,3201,3420.0,6.9,1.8,240,買い出来高優勢 / MA上昇配列 / パーフェクトオーダー / 52週高値目前 / RSI過熱(86)⚠ / 開示[株式分割](6日前)
5185,フコク,ゴム製品,17.4,★☆☆☆☆,0.0,0.0,8.7,0.0,8.7,0.0,0.0,0.0,,,0.0,9.0,1.9,9.5,2006,2084.0,4.6,2.0,138,出来高増2.0倍 / 買い出来高優勢 / 資金流入増 / MA上昇配列
6364,ＡＩＲＭＡＮ,機械,17.3,★☆☆☆☆,0.0,0.0,4.0,0.0,12.0,0.0,1.3,0.0,,,0.0,30.1,5.6,13.6,2274,2558.0,-1.7,0.4,385,資金流入増 / MA上昇配列 / パーフェクトオーダー / 開示[自己株式の取得](8日前)
6702,富士通,電気機器,17.3,★☆☆☆☆,0.0,6.0,3.3,0.0,8.0,0.0,0.0,0.0,,,0.0,8.9,4.4,4.2,3344,3664.0,-0.3,0.6,33091,量子(-0.6%) / 買い出来高優勢 / MA上昇配列
8167,リテールパートナーズ,小売業,17.3,★☆☆☆☆,0.0,0.0,7.3,0.0,10.0,0.0,0.0,0.0,,,0.0,3.8,2.5,5.0,1367,1439.0,3.6,2.2,211,出来高増2.2倍 / 資金流入増 / MA上昇配列 / パーフェクトオーダー
2120,ＬＩＦＵＬＬ,サービス業,17.3,★☆☆☆☆,0.0,0.0,6.3,0.0,8.7,0.0,2.3,0.0,,,0.0,12.7,3.4,14.3,220,236.0,13.5,1.9,199,買い出来高優勢 / MA上昇配列 / パーフェクトオーダー / 開示[上方修正](6日前)
6472,ＮＴＮ,機械,17.3,★☆☆☆☆,13.6,0.0,0.0,0.0,3.7,0.0,0.0,0.0,,SK hynix,2.3,-4.5,3.7,0.7,357,386.20001220703125,-1.5,0.7,1547,SK hynix+15.4%連動(β0.17) 未反応+2.3%
6994,指月電機製作所,電気機器,17.2,★☆☆☆☆,11.2,0.0,2.0,0.0,7.0,0.0,0.0,-3.0,,SK hynix,-10.1,16.1,6.6,17.2,1106,1273.0,14.3,0.9,392,SK hynix+15.4%連動(β0.29) / 伸びすぎ注意(25MA+17%)
6925,ウシオ電機,電気機器,17.2,★☆☆☆☆,8.2,0.0,2.0,0.0,7.0,0.0,0.0,0.0,,SK hynix,-1.6,3.4,5.2,6.9,3907,4358.0,9.4,0.5,1809,SK hynix+15.4%連動(β0.21)
6794,フォスター電機,電気機器,17.2,★☆☆☆☆,8.2,0.0,2.0,0.0,7.0,0.0,0.0,0.0,,SK hynix,-2.6,5.0,4.5,8.3,2842,3125.0,5.9,1.2,576,SK hynix+15.4%連動(β0.21)
6866,日置電機,電気機器,17.2,★☆☆☆☆,8.2,0.0,1.0,0.0,8.0,0.0,0.0,0.0,,SK hynix,-1.1,6.6,5.5,6.8,11010,12370.0,0.6,0.6,737,SK hynix+15.4%連動(β0.21)
8002,丸紅,卸売業,17.1,★☆☆☆☆,17.1,0.0,0.0,0.0,0.0,0.0,0.0,0.0,,SK hynix,3.4,-6.9,3.4,-3.2,4580,4917.0,-2.1,0.6,26562,SK hynix+15.4%連動(β0.18) 未反応+3.4%
287A,黒田グループ,卸売業,17.1,★☆☆☆☆,2.9,0.0,2.0,0.0,12.2,0.0,0.0,0.0,,SK hynix,-5.0,6.8,2.6,8.8,1156,1220.0,6.9,0.8,607,SK hynix+15.4%連動(β0.08) / MA上昇配列 / パーフェクトオーダー / 52週高値目前
6997,日本ケミコン,電気機器,17.1,★☆☆☆☆,14.4,0.0,0.0,0.0,2.7,0.0,0.0,0.0,,SK hynix,-2.8,-16.8,9.3,-2.5,2563,3150.0,-0.3,0.4,3475,SK hynix+15.4%連動(β0.37)
5142,アキレス,化学,17.099999999999998,★☆☆☆☆,5.9,0.0,6.3,0.0,9.0,0.0,0.9,-5.0,,SK hynix,-4.1,51.5,4.6,36.3,1736,1912.0,13.2,1.4,159,SK hynix+15.4%連動(β0.15) / 買い出来高優勢 / 資金流入増 / MA上昇配列 / 52週高値目前 / RSI過熱(92)⚠ / 過熱⚠25MA+36% / 開示[上方修正](11日前)
8410,セブン銀行,銀行業,17.0,★☆☆☆☆,0.0,0.0,3.0,0.0,13.5,0.0,0.5,0.0,,,0.0,7.1,2.8,5.7,317,335.6000061035156,3.3,0.8,2390,MA上昇配列 / パーフェクトオーダー / 52週高値目前 / 開示[業績予想の修正](11日前)
2613,Ｊ－オイルミルズ,食料品,17.0,★☆☆☆☆,0.0,0.0,2.0,0.0,15.0,0.0,0.0,0.0,,,0.0,0.1,1.8,4.0,2095,2174.0,5.1,1.8,130,MA上昇配列 / パーフェクトオーダー / 52週高値ブレイク!
9107,川崎汽船,海運業,17.0,★☆☆☆☆,0.0,0.0,2.0,0.0,15.0,0.0,0.0,0.0,,,0.0,12.6,2.7,9.8,2904,3072.0,7.6,1.1,14074,MA上昇配列 / パーフェクトオーダー / 52週高値ブレイク!
6524,湖北工業,電気機器,17.0,★☆☆☆☆,10.0,0.0,2.0,0.0,5.0,0.0,0.0,0.0,,SK hynix,-3.2,7.9,6.4,11.0,4454,5110.0,2.9,1.0,1281,SK hynix+15.4%連動(β0.26)
8142,トーホー,卸売業,17.0,★☆☆☆☆,0.0,0.0,2.0,0.0,15.0,0.0,0.0,0.0,,,0.0,2.9,1.9,4.9,1369,1422.0,4.9,1.0,254,MA上昇配列 / パーフェクトオーダー / 52週高値ブレイク!
9101,日本郵船,海運業,17.0,★☆☆☆☆,0.0,0.0,2.0,0.0,15.0,0.0,0.0,0.0,,,0.0,13.6,2.5,9.6,6172,6490.0,6.1,0.8,18774,MA上昇配列 / パーフェクトオーダー / 52週高値ブレイク!
7826,フルヤ金属,その他製品,17.0,★☆☆☆☆,13.0,0.0,2.0,0.0,7.0,0.0,0.0,-5.0,,SK hynix,-1.8,27.7,6.5,27.2,7967,9160.0,15.7,0.9,3974,SK hynix+15.4%連動(β0.34) / 過熱⚠25MA+27%
7727,オーバル,精密機器,17.0,★☆☆☆☆,0.0,0.0,5.0,0.0,12.0,0.0,0.0,0.0,,,0.0,13.0,5.3,14.0,774,865.0,11.0,2.0,134,MA上昇配列 / パーフェクトオーダー
9880,イノテック,電気機器,17.0,★☆☆☆☆,8.9,0.0,1.0,0.0,6.0,0.0,1.1,0.0,,SK hynix,-1.0,9.3,5.5,11.4,3443,3865.0,7.2,0.7,631,SK hynix+15.4%連動(β0.23) / 開示[業績予想の修正](8日前)
3441,山王,金属製品,16.9,★☆☆☆☆,10.9,0.0,1.0,0.0,5.0,0.0,0.0,0.0,,SK hynix,-7.2,3.8,5.5,10.3,2616,2938.0,12.5,1.4,123,SK hynix+15.4%連動(β0.28)
5537,ＡｌｂａＬｉｎｋ,不動産業,16.9,★☆☆☆☆,0.0,0.0,4.7,0.0,8.7,0.0,3.5,0.0,,,0.0,-7.1,6.7,1.9,2554,2947.0,-3.5,3.5,195,出来高急増3.5倍 / MA上昇配列 / パーフェクトオーダー / 開示[業績予想の修正](5日前) / 開示[自己株式の取得](5日前)
8358,スルガ銀行,銀行業,16.8,★☆☆☆☆,0.0,0.0,3.3,0.0,13.5,0.0,0.0,0.0,,,0.0,3.3,3.1,7.3,2726,2903.0,6.1,0.7,2524,買い出来高優勢 / MA上昇配列 / パーフェクトオーダー / 52週高値目前
7167,めぶきフィナンシャルグループ,銀行業,16.8,★☆☆☆☆,0.0,0.0,3.3,0.0,13.5,0.0,0.0,0.0,,,0.0,7.2,3.2,8.7,1565,1671.0,5.8,0.6,4575,買い出来高優勢 / MA上昇配列 / パーフェクトオーダー / 52週高値目前
7384,プロクレアホールディングス,銀行業,16.8,★☆☆☆☆,0.0,0.0,3.3,0.0,13.5,0.0,0.0,0.0,,,0.0,11.8,4.4,13.3,4348,4765.0,10.4,1.0,419,買い出来高優勢 / MA上昇配列 / パーフェクトオーダー / 52週高値目前
3076,あい　ホールディングス,卸売業,16.8,★☆☆☆☆,0.0,0.0,3.3,0.0,13.5,0.0,0.0,0.0,,,0.0,5.3,2.1,4.3,2824,2945.0,-0.9,0.7,463,買い出来高優勢 / MA上昇配列 / パーフェクトオーダー / 52週高値目前
6958,日本シイエムケイ,電気機器,16.8,★☆☆☆☆,9.8,0.0,2.0,0.0,8.0,0.0,0.0,-3.0,,SK hynix,-4.3,12.9,5.0,16.5,700,778.0,10.7,0.9,590,SK hynix+15.4%連動(β0.25) / 伸びすぎ注意(25MA+16%)
6474,不二越,機械,16.799999999999997,★☆☆☆☆,8.1,0.0,0.0,0.0,8.7,0.0,0.0,0.0,,SK hynix,-0.1,-11.5,4.5,1.9,5369,5900.0,2.8,0.6,747,SK hynix+15.4%連動(β0.21) / MA上昇配列 / パーフェクトオーダー
7033,マネジメントソリューションズ,サービス業,16.7,★☆☆☆☆,0.0,0.0,8.0,0.0,8.7,0.0,0.0,0.0,,,0.0,15.8,3.1,14.9,1522,1624.0,12.9,5.5,151,出来高急増5.5倍 / 買い出来高優勢 / MA上昇配列 / パーフェクトオーダー
4619,日本特殊塗料,化学,16.7,★☆☆☆☆,0.0,0.0,3.0,0.0,13.7,0.0,0.0,0.0,,,0.0,10.3,2.1,9.8,2630,2748.0,8.7,0.9,101,MA上昇配列 / パーフェクトオーダー / 52週高値ブレイク!
6125,岡本工作機械製作所,機械,16.7,★☆☆☆☆,13.5,0.0,1.0,0.0,2.2,0.0,0.0,0.0,,SK hynix,0.7,-10.5,7.1,-1.5,4391,5120.0,-0.8,0.5,366,SK hynix+15.4%連動(β0.30) 未反応+0.7%
8522,名古屋銀行,銀行業,16.6,★☆☆☆☆,7.1,0.0,0.0,0.0,9.5,0.0,0.0,0.0,,SK hynix,-3.1,-1.6,3.9,3.0,6269,6800.0,5.4,0.8,1031,SK hynix+15.4%連動(β0.19) / MA上昇配列 / パーフェクトオーダー
8051,山善,卸売業,16.6,★☆☆☆☆,0.0,0.0,2.0,0.0,13.5,0.0,1.1,0.0,,,0.0,5.4,2.7,7.2,1830,1933.0,6.7,1.2,383,MA上昇配列 / パーフェクトオーダー / 52週高値目前 / 開示[業績予想の修正](8日前)
3968,セグエグループ,情報・通信業,16.6,★☆☆☆☆,0.0,0.0,5.0,0.0,9.0,0.0,2.6,0.0,,,0.0,3.3,3.4,9.4,611,655.0,13.1,1.8,233,MA上昇配列 / 開示[上方修正](5日前)
8037,カメイ,卸売業,16.5,★☆☆☆☆,0.0,0.0,4.3,0.0,12.2,0.0,0.0,0.0,,,0.0,15.0,2.8,12.0,4096,4340.0,4.6,0.8,225,買い出来高優勢 / MA上昇配列 / パーフェクトオーダー / 52週高値目前
9268,オプティマスグループ,卸売業,16.5,★☆☆☆☆,0.0,0.0,9.0,0.0,7.5,0.0,0.0,0.0,,,0.0,-0.4,3.1,1.5,397,423.0,-5.4,13.1,139,出来高急増13.1倍 / 買い出来高優勢 / MA上昇配列 / パーフェクトオーダー
4997,日本農薬,化学,16.5,★☆☆☆☆,0.0,0.0,4.3,0.0,12.2,0.0,0.0,0.0,,,0.0,12.1,2.4,9.7,1123,1180.0,4.2,0.8,265,買い出来高優勢 / MA上昇配列 / パーフェクトオーダー / 52週高値目前
7296,エフ・シー・シー,輸送用機器,16.5,★☆☆☆☆,0.0,0.0,4.3,0.0,12.2,0.0,0.0,0.0,,,0.0,16.3,3.0,10.8,3931,4185.0,0.7,1.0,610,買い出来高優勢 / MA上昇配列 / パーフェクトオーダー / 52週高値目前
6457,グローリー,機械,16.5,★☆☆☆☆,0.0,0.0,3.0,0.0,13.5,0.0,0.0,0.0,,,0.0,12.0,2.8,7.9,4601,4870.0,0.3,0.8,1088,MA上昇配列 / パーフェクトオーダー / 52週高値目前
1871,ピーエス・コンストラクション,建設業,16.5,★☆☆☆☆,9.8,0.0,2.0,0.0,4.7,0.0,0.0,0.0,,SK hynix,1.5,0.4,3.4,3.2,2162,2321.0,1.6,0.7,198,SK hynix+15.4%連動(β0.14) 未反応+1.5%
3763,プロシップ,情報・通信業,16.5,★☆☆☆☆,0.0,0.0,9.0,0.0,12.5,0.0,0.0,-5.0,,,0.0,32.5,3.7,34.0,2318,2503.0,38.4,5.7,110,出来高急増5.7倍 / 買い出来高優勢 / MA上昇配列 / パーフェクトオーダー / 52週高値ブレイク! / RSI過熱(90)⚠ / 過熱⚠25MA+34%
9619,イチネンホールディングス,サービス業,16.5,★☆☆☆☆,0.0,0.0,3.0,0.0,13.5,0.0,0.0,0.0,,,0.0,6.4,2.7,7.8,2475,2614.0,0.6,0.8,109,MA上昇配列 / パーフェクトオーダー / 52週高値目前
7552,ハピネット,卸売業,16.5,★☆☆☆☆,0.0,0.0,3.0,0.0,13.5,0.0,0.0,0.0,,,0.0,6.8,4.2,6.7,3161,3455.0,1.9,1.1,843,MA上昇配列 / パーフェクトオーダー / 52週高値目前
3941,レンゴー,パルプ・紙,16.5,★☆☆☆☆,0.0,0.0,3.0,0.0,13.5,0.0,0.0,0.0,,,0.0,8.5,2.8,7.3,1532,1624.0,3.0,0.7,1836,MA上昇配列 / パーフェクトオーダー / 52週高値目前
6965,浜松ホトニクス,電気機器,16.5,★☆☆☆☆,9.5,0.0,1.0,0.0,6.0,0.0,0.0,0.0,,SK hynix,-5.1,5.3,4.9,8.8,2357,2611.5,12.4,0.6,7983,SK hynix+15.4%連動(β0.25)
4968,荒川化学工業,化学,16.4,★☆☆☆☆,7.4,0.0,0.0,0.0,12.0,0.0,0.0,-3.0,,SK hynix,-7.9,-0.6,6.9,15.3,2136,2481.0,10.2,0.8,769,SK hynix+15.4%連動(β0.19) / MA上昇配列 / パーフェクトオーダー / 伸びすぎ注意(25MA+15%)
5975,東プレ,金属製品,16.3,★☆☆☆☆,0.0,0.0,4.3,0.0,12.0,0.0,0.0,0.0,,,0.0,16.5,3.9,12.9,2943,3190.0,6.3,0.7,411,買い出来高優勢 / MA上昇配列 / パーフェクトオーダー
6928,エノモト,電気機器,16.200000000000003,★☆☆☆☆,8.6,0.0,3.0,0.0,7.0,0.0,2.6,-5.0,,SK hynix,-2.4,13.1,5.5,20.9,2889,3250.0,26.6,0.6,226,SK hynix+15.4%連動(β0.22) / 過熱⚠25MA+21% / 開示[増配](8日前) / 開示[自己株式取得](8日前)
8304,あおぞら銀行,銀行業,16.2,★☆☆☆☆,0.0,0.0,4.0,0.0,12.2,0.0,0.0,0.0,,,0.0,13.5,2.7,9.9,3242,3428.0,5.2,1.3,5097,MA上昇配列 / パーフェクトオーダー / 52週高値目前
1964,中外炉工業,建設業,16.2,★☆☆☆☆,6.2,0.0,3.0,0.0,7.0,0.0,0.0,0.0,,SK hynix,-2.6,0.4,2.2,4.7,3994,4180.0,5.7,0.9,262,SK hynix+15.4%連動(β0.16) / 資金流入増
4022,ラサ工業,化学,16.2,★☆☆☆☆,11.2,0.0,2.0,0.0,8.0,0.0,0.0,-5.0,,SK hynix,-8.2,32.0,7.2,26.5,2172,2535.0,10.4,0.8,3093,SK hynix+15.4%連動(β0.29) / 過熱⚠25MA+26%
5192,三ツ星ベルト,ゴム製品,16.2,★☆☆☆☆,0.0,0.0,3.0,0.0,12.0,0.0,1.2,0.0,,,0.0,8.1,2.3,7.2,4256,4460.0,3.1,0.6,447,MA上昇配列 / パーフェクトオーダー / 開示[自己株式取得](11日前) / 開示[業績予想の修正](11日前)
6332,月島ホールディングス,機械,16.1,★☆☆☆☆,8.1,0.0,1.0,0.0,7.0,0.0,0.0,0.0,,SK hynix,0.9,1.4,3.0,3.4,2616,2783.0,2.2,0.8,301,SK hynix+15.4%連動(β0.14) 未反応+0.9%
6113,アマダ,機械,16.1,★☆☆☆☆,11.4,0.0,0.0,0.0,4.7,0.0,0.0,0.0,,SK hynix,1.0,-4.8,5.2,0.3,2540,2832.5,4.6,0.9,6564,SK hynix+15.4%連動(β0.22) 未反応+1.0%
7381,ＣＣＩグループ,銀行業,16.1,★☆☆☆☆,0.0,0.0,2.0,0.0,13.5,0.0,0.6,0.0,,,0.0,7.3,3.8,10.3,1174,1270.0,4.6,0.5,662,MA上昇配列 / パーフェクトオーダー / 52週高値目前 / 開示[自己株式の取得](11日前)
4044,セントラル硝子,化学,16.1,★☆☆☆☆,0.0,0.0,3.0,0.0,12.0,0.0,1.1,0.0,,,0.0,7.8,3.4,9.1,4330,4645.0,8.5,0.7,510,MA上昇配列 / パーフェクトオーダー / 開示[業績予想の修正](8日前)
8158,ソーダニッカ,卸売業,16.0,★☆☆☆☆,0.0,0.0,5.3,0.0,10.7,0.0,0.0,0.0,,,0.0,9.5,3.3,8.7,1243,1331.0,0.3,0.7,101,買い出来高優勢 / 資金流入増 / MA上昇配列 / パーフェクトオーダー
6383,ダイフク,機械,16.0,★☆☆☆☆,11.3,0.0,0.0,0.0,4.7,0.0,0.0,0.0,,SK hynix,0.6,-7.0,3.7,1.4,5876,6347.0,2.8,1.1,12868,SK hynix+15.4%連動(β0.24) 未反応+0.6%
6516,山洋電気,電気機器,16.0,★☆☆☆☆,9.0,0.0,2.0,0.0,5.0,0.0,0.0,0.0,,SK hynix,0.1,0.6,5.5,4.9,5363,6020.0,2.7,0.6,1098,SK hynix+15.4%連動(β0.23)
4633,サカタインクス,化学,16.0,★☆☆☆☆,0.0,0.0,2.0,0.0,13.5,0.0,0.5,0.0,,,0.0,5.5,3.2,6.1,2505,2675.0,7.9,0.5,542,MA上昇配列 / パーフェクトオーダー / 52週高値目前 / 開示[業績予想の修正](11日前)
8897,ＭＩＲＡＲＴＨホールディングス,不動産業,16.0,★☆☆☆☆,0.0,0.0,5.0,0.0,11.0,0.0,0.0,0.0,,,0.0,7.0,2.1,9.4,440,459.0,11.7,2.0,425,MA上昇配列 / パーフェクトオーダー
8537,大光銀行,銀行業,16.0,★☆☆☆☆,0.0,0.0,5.0,0.0,11.0,0.0,0.0,0.0,,,0.0,8.5,3.4,12.8,2895,3105.0,15.2,1.6,162,52週高値ブレイク!
6306,日工,機械,16.0,★☆☆☆☆,0.0,0.0,1.0,0.0,15.0,0.0,0.0,0.0,,,0.0,4.4,2.3,5.5,979,1026.0,3.8,1.0,134,MA上昇配列 / パーフェクトオーダー / 52週高値ブレイク!
296A,令和アカウンティング・ホールディングス,サービス業,16.0,★☆☆☆☆,0.0,0.0,5.3,0.0,10.7,0.0,0.0,0.0,,,0.0,18.4,2.8,6.6,864,915.0,4.8,0.2,165,買い出来高優勢 / 資金流入増 / MA上昇配列 / パーフェクトオーダー
4028,石原産業,化学,16.0,★☆☆☆☆,7.5,0.0,2.0,0.0,6.0,0.0,0.5,0.0,,SK hynix,-1.1,5.3,3.9,5.1,2874,3115.0,-1.3,0.4,998,SK hynix+15.4%連動(β0.19) / 開示[業績予想の修正](11日前)
3923,ラクス,情報・通信業,16.0,★☆☆☆☆,0.0,0.0,4.3,0.0,10.0,0.0,1.7,0.0,,,0.0,4.4,4.4,5.3,1002,1100.0,4.5,2.5,2298,出来高増2.5倍 / MA上昇配列 / パーフェクトオーダー / 開示[資本業務提携](6日前)
8541,愛媛銀行,銀行業,15.8,★☆☆☆☆,0.0,0.0,5.3,0.0,13.5,0.0,0.0,-3.0,,,0.0,28.2,4.4,19.3,2908,3190.0,11.8,0.5,1119,買い出来高優勢 / 資金流入増 / MA上昇配列 / パーフェクトオーダー / 52週高値目前 / 伸びすぎ注意(25MA+19%)
4109,ステラ　ケミファ,化学,15.8,★☆☆☆☆,8.8,0.0,2.0,0.0,5.0,0.0,0.0,0.0,,SK hynix,-4.6,-3.4,5.1,5.0,5148,5730.0,8.5,0.6,597,SK hynix+15.4%連動(β0.23)
5703,日本軽金属ホールディングス,非鉄金属,15.8,★☆☆☆☆,5.8,0.0,2.0,0.0,8.0,0.0,0.0,0.0,,SK hynix,0.2,6.2,3.7,8.0,2775,3000.0,3.0,0.4,1070,SK hynix+15.4%連動(β0.13)
6526,ソシオネクスト,電気機器,15.8,★☆☆☆☆,13.3,0.0,1.0,0.0,1.5,0.0,0.0,0.0,,SK hynix,-3.0,-17.4,6.3,-4.8,1862,2131.0,7.6,0.6,19050,SK hynix+15.4%連動(β0.34)
6800,ヨコオ,電気機器,15.8,★☆☆☆☆,12.1,0.0,0.0,0.0,3.7,0.0,0.0,0.0,,SK hynix,-1.2,-12.0,7.7,2.4,3762,4445.0,10.2,0.6,1012,SK hynix+15.4%連動(β0.31)
5393,ニチアス,ガラス・土石製品,15.8,★☆☆☆☆,8.1,0.0,2.0,0.0,5.7,0.0,0.0,0.0,,SK hynix,0.4,0.8,4.1,4.0,3287,3584.0,2.2,0.6,2178,SK hynix+15.4%連動(β0.18)
7287,日本精機,輸送用機器,15.7,★☆☆☆☆,7.7,0.0,0.0,0.0,8.0,0.0,0.0,0.0,,SK hynix,0.5,5.2,3.9,7.0,2440,2646.0,1.8,0.7,419,SK hynix+15.4%連動(β0.16) 未反応+0.5%
6209,リケンＮＰＲ,機械,15.7,★☆☆☆☆,4.5,0.0,3.0,0.0,8.2,0.0,0.0,0.0,,SK hynix,-1.8,-0.4,2.7,1.4,3818,4035.0,-2.3,0.9,520,SK hynix+15.4%連動(β0.12) / MA上昇配列 / パーフェクトオーダー
6768,タムラ製作所,電気機器,15.7,★☆☆☆☆,14.2,0.0,0.0,0.0,1.5,0.0,0.0,0.0,,SK hynix,1.2,-14.3,6.1,-3.7,720,820.0,-1.3,0.4,759,SK hynix+15.4%連動(β0.27) 未反応+1.2%
4246,ダイキョーニシカワ,化学,15.6,★☆☆☆☆,0.0,0.0,2.0,0.0,12.5,0.0,1.1,0.0,,,0.0,7.9,2.3,9.0,1079,1130.0,3.8,0.8,326,MA上昇配列 / パーフェクトオーダー / 52週高値ブレイク! / RSI過熱(86)⚠ / 開示[増配](11日前) / 開示[増配](12日前)
6882,三社電機製作所,電気機器,15.6,★☆☆☆☆,7.6,0.0,2.0,0.0,6.0,0.0,0.0,0.0,,SK hynix,-2.7,6.4,4.5,8.5,1144,1258.0,5.6,0.5,117,SK hynix+15.4%連動(β0.20)
7278,エクセディ,輸送用機器,15.5,★☆☆☆☆,0.0,0.0,2.0,0.0,13.5,0.0,0.0,0.0,,,0.0,0.8,1.5,3.1,5999,6190.0,3.5,0.8,1137,MA上昇配列 / パーフェクトオーダー / 52週高値目前
2914,日本たばこ産業,食料品,15.5,★☆☆☆☆,0.0,0.0,2.0,0.0,13.5,0.0,0.0,0.0,,,0.0,11.0,2.8,6.5,6706,7100.0,-0.1,0.5,33670,MA上昇配列 / パーフェクトオーダー / 52週高値目前
8308,りそなホールディングス,銀行業,15.5,★☆☆☆☆,0.0,0.0,2.0,0.0,13.5,0.0,0.0,0.0,,,0.0,1.8,3.3,7.0,2318,2481.5,7.3,0.7,24634,MA上昇配列 / パーフェクトオーダー / 52週高値目前
1939,四電工,建設業,15.5,★☆☆☆☆,0.0,0.0,2.0,0.0,13.5,0.0,0.0,0.0,,,0.0,4.2,2.4,4.9,2028,2130.0,2.4,1.0,188,MA上昇配列 / パーフェクトオーダー / 52週高値目前
5901,東洋製罐グループホールディングス,金属製品,15.5,★☆☆☆☆,0.0,0.0,2.0,0.0,13.5,0.0,0.0,0.0,,,0.0,5.6,2.5,6.5,4208,4426.0,2.3,1.0,1068,MA上昇配列 / パーフェクトオーダー / 52週高値目前
2222,寿スピリッツ,食料品,15.5,★☆☆☆☆,0.0,0.0,2.0,0.0,13.5,0.0,0.0,0.0,,,0.0,-0.8,3.5,4.7,2515,2704.0,3.6,0.9,1666,MA上昇配列 / パーフェクトオーダー / 52週高値目前
9069,センコーグループホールディングス,陸運業,15.5,★☆☆☆☆,0.0,0.0,2.0,0.0,13.5,0.0,0.0,0.0,,,0.0,5.3,2.2,4.7,2209,2310.0,2.8,0.9,959,MA上昇配列 / パーフェクトオーダー / 52週高値目前
6676,ＢＵＦＦＡＬＯ,電気機器,15.5,★☆☆☆☆,0.0,0.0,2.0,0.0,13.5,0.0,0.0,0.0,,,0.0,6.2,2.8,6.2,2745,2910.0,0.6,0.6,132,MA上昇配列 / パーフェクトオーダー / 52週高値目前
3106,倉敷紡績,繊維製品,15.5,★☆☆☆☆,0.0,0.0,3.0,0.0,12.0,0.0,0.5,0.0,,,0.0,6.0,4.4,6.2,9781,10720.0,-1.7,0.4,537,MA上昇配列 / パーフェクトオーダー / 開示[業績予想の修正](11日前)
7806,ＭＴＧ,その他製品,15.5,★☆☆☆☆,0.0,0.0,2.0,0.0,13.5,0.0,0.0,0.0,,,0.0,-2.3,5.1,6.7,7391,8230.0,0.7,0.8,1096,MA上昇配列 / パーフェクトオーダー / 52週高値目前
2060,フィード・ワン,食料品,15.5,★☆☆☆☆,0.0,0.0,2.0,0.0,13.5,0.0,0.0,0.0,,,0.0,3.9,2.5,7.8,1332,1402.0,10.1,1.9,120,MA上昇配列 / パーフェクトオーダー / 52週高値目前
3167,ＴＯＫＡＩホールディングス,卸売業,15.5,★☆☆☆☆,0.0,0.0,2.0,0.0,13.5,0.0,0.0,0.0,,,0.0,4.1,2.5,5.6,1172,1234.0,1.2,0.7,340,MA上昇配列 / パーフェクトオーダー / 52週高値目前
2109,ＤＭ三井製糖,食料品,15.5,★☆☆☆☆,0.0,0.0,2.0,0.0,13.5,0.0,0.0,0.0,,,0.0,1.8,1.9,2.6,3375,3510.0,1.3,0.8,157,MA上昇配列 / パーフェクトオーダー / 52週高値目前
7239,タチエス,輸送用機器,15.5,★☆☆☆☆,0.0,0.0,2.0,0.0,13.5,0.0,0.0,0.0,,,0.0,4.3,2.0,4.5,2233,2326.0,1.8,0.7,210,MA上昇配列 / パーフェクトオーダー / 52週高値目前
9076,セイノーホールディングス,陸運業,15.5,★☆☆☆☆,0.0,0.0,2.0,0.0,13.5,0.0,0.0,0.0,,,0.0,0.1,2.6,3.9,2653,2799.0,4.0,0.9,1238,MA上昇配列 / パーフェクトオーダー / 52週高値目前
6140,旭ダイヤモンド工業,機械,15.5,★☆☆☆☆,7.0,0.0,2.0,0.0,6.0,0.0,0.5,0.0,,SK hynix,-0.2,5.3,5.1,11.0,1174,1307.0,2.8,0.6,889,SK hynix+15.4%連動(β0.18) / 開示[業績予想の修正](11日前)
6463,ＴＰＲ,機械,15.5,★☆☆☆☆,0.0,0.0,2.0,0.0,13.5,0.0,0.0,0.0,,,0.0,5.3,2.8,5.8,1465,1553.0,4.9,0.6,234,MA上昇配列 / パーフェクトオーダー / 52週高値目前
8133,伊藤忠エネクス,卸売業,15.5,★☆☆☆☆,0.0,0.0,2.0,0.0,13.5,0.0,0.0,0.0,,,0.0,1.3,2.5,2.5,2034,2139.0,1.3,0.7,272,MA上昇配列 / パーフェクトオーダー / 52週高値目前
7186,横浜フィナンシャルグループ,銀行業,15.5,★☆☆☆☆,6.0,0.0,0.0,0.0,9.5,0.0,0.0,0.0,,SK hynix,-1.6,-3.5,3.0,1.4,1796,1911.0,3.9,0.8,7160,SK hynix+15.4%連動(β0.15) / MA上昇配列 / パーフェクトオーダー
7220,武蔵精密工業,輸送用機器,15.5,★☆☆☆☆,10.8,0.0,1.0,0.0,3.7,0.0,0.0,0.0,,SK hynix,-4.0,5.8,6.4,11.0,3210,3685.0,10.2,0.5,3993,SK hynix+15.4%連動(β0.28)
9434,ソフトバンク,情報・通信業,15.5,★☆☆☆☆,0.0,0.0,2.0,0.0,13.5,0.0,0.0,0.0,,,0.0,3.4,2.5,4.2,223,234.89999389648438,1.7,0.6,18965,MA上昇配列 / パーフェクトオーダー / 52週高値目前
8334,群馬銀行,銀行業,15.5,★☆☆☆☆,0.0,0.0,2.0,0.0,13.5,0.0,0.0,0.0,,,0.0,3.4,2.7,6.9,2611,2761.5,6.4,0.7,2782,MA上昇配列 / パーフェクトオーダー / 52週高値目前
4434,サーバーワークス,情報・通信業,15.3,★☆☆☆☆,0.0,0.0,5.3,0.0,10.0,0.0,0.0,0.0,,,0.0,23.7,4.7,12.1,2234,2468.0,2.7,0.5,178,買い出来高優勢 / 資金流入増 / MA上昇配列 / パーフェクトオーダー
2489,アドウェイズ,サービス業,15.3,★☆☆☆☆,0.0,0.0,5.3,0.0,10.0,0.0,0.0,0.0,,,0.0,14.6,4.7,13.5,331,365.0,17.4,1.0,175,買い出来高優勢 / 資金流入増 / MA上昇配列 / パーフェクトオーダー
8276,平和堂,小売業,15.3,★☆☆☆☆,0.0,0.0,6.3,0.0,9.0,0.0,0.0,0.0,,,0.0,3.8,2.1,3.9,2632,2745.0,2.1,1.5,644,買い出来高優勢 / 資金流入増 / MA上昇配列
6118,アイダエンジニアリング,機械,15.3,★☆☆☆☆,0.0,0.0,3.3,0.0,12.0,0.0,0.0,0.0,,,0.0,-1.9,2.5,3.4,1190,1252.0,0.0,1.1,159,買い出来高優勢 / MA上昇配列 / パーフェクトオーダー
3771,システムリサーチ,情報・通信業,15.3,★☆☆☆☆,0.0,0.0,6.3,0.0,9.0,0.0,0.0,0.0,,,0.0,1.6,2.5,4.5,1820,1915.0,6.2,1.7,105,買い出来高優勢 / MA上昇配列
7246,プレス工業,輸送用機器,15.3,★☆☆☆☆,0.0,0.0,4.3,0.0,11.0,0.0,0.0,0.0,,,0.0,16.9,2.6,12.0,929,981.0,3.5,0.8,375,買い出来高優勢 / MA上昇配列 / パーフェクトオーダー / 52週高値目前 / RSI過熱(88)⚠
319A,技術承継機構,金属製品,15.3,★☆☆☆☆,0.0,0.0,4.3,0.0,11.0,0.0,0.0,0.0,,,0.0,-0.6,8.2,5.4,16143,19300.0,-0.4,2.3,787,出来高増2.3倍 / MA上昇配列 / パーフェクトオーダー
9104,商船三井,海運業,15.3,★☆☆☆☆,0.0,0.0,3.3,0.0,12.0,0.0,0.0,0.0,,,0.0,16.5,2.6,12.4,6280,6629.0,7.2,1.2,16502,買い出来高優勢 / MA上昇配列 / パーフェクトオーダー
3097,物語コーポレーション,小売業,15.3,★☆☆☆☆,0.0,0.0,2.0,0.0,12.0,0.0,1.3,0.0,,,0.0,6.9,3.6,6.2,5211,5610.0,1.8,0.6,1267,MA上昇配列 / パーフェクトオーダー / 開示[増配](8日前)
3221,ヨシックスホールディングス,小売業,15.299999999999999,★☆☆☆☆,0.0,0.0,5.0,0.0,9.7,0.0,0.6,0.0,,,0.0,-1.9,2.3,1.3,3127,3275.0,1.1,1.7,119,MA上昇配列 / パーフェクトオーダー / 開示[自己株式の取得](11日前)
2053,中部飼料,食料品,15.2,★☆☆☆☆,0.0,0.0,3.0,0.0,12.2,0.0,0.0,0.0,,,0.0,0.4,2.0,2.6,1903,1982.0,4.4,1.3,132,MA上昇配列 / パーフェクトオーダー / 52週高値目前
8059,第一実業,卸売業,15.2,★☆☆☆☆,0.0,0.0,3.0,0.0,12.2,0.0,0.0,0.0,,,0.0,1.7,3.4,4.1,3334,3580.0,2.6,1.1,338,MA上昇配列 / パーフェクトオーダー / 52週高値目前
1982,日比谷総合設備,建設業,15.100000000000001,★☆☆☆☆,6.4,0.0,3.0,0.0,5.7,0.0,0.0,0.0,,SK hynix,0.2,1.2,4.5,4.6,2739,3010.0,7.1,0.7,393,SK hynix+15.4%連動(β0.15)
5711,三菱マテリアル,非鉄金属,15.100000000000001,★☆☆☆☆,9.4,0.0,3.0,0.0,5.7,0.0,0.0,-3.0,,SK hynix,0.4,22.0,5.1,19.3,4729,5264.0,2.1,1.0,8403,SK hynix+15.4%連動(β0.22) / 伸びすぎ注意(25MA+19%)
4182,三菱瓦斯化学,化学,15.100000000000001,★☆☆☆☆,9.9,0.0,2.0,0.0,2.7,0.0,0.5,0.0,,SK hynix,-6.8,-11.6,7.0,-2.3,3635,4226.0,-5.2,1.3,6755,SK hynix+15.4%連動(β0.26) / 開示[業績予想の修正](11日前)
6395,タダノ,機械,15.0,★☆☆☆☆,0.0,0.0,3.0,0.0,12.0,0.0,0.0,0.0,,,0.0,6.4,3.8,4.5,1293,1401.0,-1.2,0.4,700,MA上昇配列 / パーフェクトオーダー
7593,ＶＴホールディングス,小売業,15.0,★☆☆☆☆,0.0,0.0,2.0,0.0,10.0,0.0,3.0,0.0,,,0.0,7.4,2.0,7.6,503,524.0,9.6,1.1,222,MA上昇配列 / 開示[自己株式の取得](6日前) / 開示[自己株式の取得](8日前)
2782,セリア,小売業,15.0,★☆☆☆☆,0.0,0.0,3.0,0.0,12.0,0.0,0.0,0.0,,,0.0,7.6,4.0,4.4,3748,4070.0,-2.2,0.5,1464,MA上昇配列 / パーフェクトオーダー
4613,関西ペイント,化学,15.0,★☆☆☆☆,0.0,0.0,3.0,0.0,12.0,0.0,0.0,0.0,,,0.0,6.6,2.4,4.4,2786,2924.5,0.9,0.5,3119,MA上昇配列 / パーフェクトオーダー
8022,美津濃,その他製品,15.0,★☆☆☆☆,0.0,0.0,3.0,0.0,12.0,0.0,0.0,0.0,,,0.0,7.3,4.3,7.5,3726,4075.0,2.0,1.1,1077,MA上昇配列 / パーフェクトオーダー
9991,ジェコス,卸売業,15.0,★☆☆☆☆,0.0,0.0,3.0,0.0,12.0,0.0,0.0,0.0,,,0.0,7.7,2.4,5.5,1687,1772.0,1.2,0.7,123,MA上昇配列 / パーフェクトオーダー
7267,本田技研工業,輸送用機器,15.0,★☆☆☆☆,0.0,0.0,3.0,0.0,12.0,0.0,0.0,0.0,,,0.0,4.7,3.2,5.6,1580,1687.0,0.2,1.4,30210,MA上昇配列 / パーフェクトオーダー
7433,伯東,卸売業,15.0,★☆☆☆☆,0.0,0.0,3.0,0.0,12.0,0.0,0.0,0.0,,,0.0,10.7,3.6,6.0,4789,5160.0,-3.7,0.7,649,MA上昇配列 / パーフェクトオーダー
4206,アイカ工業,化学,15.0,★☆☆☆☆,0.0,0.0,3.0,0.0,12.0,0.0,0.0,0.0,,,0.0,6.6,2.9,6.1,3831,4066.0,-0.5,0.5,1308,MA上昇配列 / パーフェクトオーダー
5480,日本冶金工業,鉄鋼,15.0,★☆☆☆☆,0.0,0.0,3.0,0.0,12.0,0.0,0.0,0.0,,,0.0,6.2,2.9,6.4,5174,5490.0,-2.0,0.5,479,MA上昇配列 / パーフェクトオーダー
7914,共同印刷,その他製品,15.0,★☆☆☆☆,0.0,0.0,1.0,0.0,13.5,0.0,0.5,0.0,,,0.0,3.8,2.0,5.5,1673,1742.0,5.5,1.2,125,MA上昇配列 / パーフェクトオーダー / 52週高値目前 / 開示[業績予想の修正](11日前)
4919,ミルボン,化学,15.0,★☆☆☆☆,0.0,0.0,2.0,0.0,10.0,0.0,3.0,0.0,,,0.0,9.2,3.2,10.0,2967,3170.0,9.5,1.0,478,MA上昇配列 / パーフェクトオーダー / 開示[上方修正](8日前) / 開示[自己株式取得](8日前)
9037,ハマキョウレックス,陸運業,15.0,★☆☆☆☆,0.0,0.0,3.0,0.0,12.0,0.0,0.0,0.0,,,0.0,-0.9,2.3,2.4,1787,1873.0,1.8,1.0,260,MA上昇配列 / パーフェクトオーダー
6448,ブラザー工業,電気機器,15.0,★☆☆☆☆,0.0,0.0,4.3,0.0,10.7,0.0,0.0,0.0,,,0.0,16.8,3.2,12.4,4325,4618.0,1.2,0.9,4459,買い出来高優勢 / MA上昇配列 / パーフェクトオーダー
4042,東ソー,化学,14.9,★☆☆☆☆,12.4,0.0,0.0,0.0,2.5,0.0,0.0,0.0,,SK hynix,2.4,-4.7,2.7,-0.3,2583,2733.0,0.4,0.5,4045,SK hynix+15.4%連動(β0.14) 未反応+2.4%
6832,アオイ電子,電気機器,14.899999999999999,★☆☆☆☆,9.2,0.0,2.0,0.0,3.7,0.0,0.0,0.0,,SK hynix,-2.2,-2.8,4.9,2.9,2183,2420.0,7.8,0.3,118,SK hynix+15.4%連動(β0.24)
7942,ＪＳＰ,化学,14.8,★☆☆☆☆,0.0,0.0,5.3,0.0,12.5,0.0,0.0,-3.0,,,0.0,25.6,3.5,19.3,2966,3190.0,7.0,1.0,258,買い出来高優勢 / 資金流入増 / MA上昇配列 / パーフェクトオーダー / 52週高値ブレイク! / RSI過熱(87)⚠ / 伸びすぎ注意(25MA+19%)
4543,テルモ,精密機器,14.8,★☆☆☆☆,0.0,0.0,3.3,0.0,11.0,0.0,0.5,0.0,,,0.0,15.1,3.4,12.1,2440,2620.0,10.4,0.7,11581,買い出来高優勢 / MA上昇配列 / パーフェクトオーダー / 開示[業績予想の修正](11日前)
2734,サーラコーポレーション,小売業,14.8,★☆☆☆☆,0.0,0.0,3.3,0.0,11.5,0.0,0.0,0.0,,,0.0,1.6,2.0,4.6,1158,1207.0,4.4,0.9,185,買い出来高優勢 / MA上昇配列 / 52週高値目前
5121,藤倉コンポジット,ゴム製品,14.799999999999999,★☆☆☆☆,0.0,0.0,2.0,0.0,12.2,0.0,0.6,0.0,,,0.0,6.7,3.4,8.1,2608,2801.0,0.4,0.8,305,MA上昇配列 / パーフェクトオーダー / 52週高値目前 / 開示[自己株式の取得](11日前)
7180,九州フィナンシャルグループ,銀行業,14.700000000000001,★☆☆☆☆,6.4,0.0,0.0,0.0,7.0,0.0,1.3,0.0,,SK hynix,-2.0,-3.5,3.6,0.6,1431,1541.0,3.5,0.7,2092,SK hynix+15.4%連動(β0.17) / MA上昇配列 / パーフェクトオーダー / 開示[自己株式の取得](8日前)
7760,ＩＭＶ,精密機器,14.7,★☆☆☆☆,11.5,0.0,2.0,0.0,1.2,0.0,0.0,0.0,,SK hynix,-9.9,-13.0,8.5,-4.8,1820,2193.0,12.8,0.8,339,SK hynix+15.4%連動(β0.30)
8789,フィンテック　グローバル,その他金融業,14.7,★☆☆☆☆,0.0,0.0,9.0,0.0,9.0,0.0,1.7,-5.0,,,0.0,21.0,2.4,20.1,154,162.0,20.9,3.4,157,出来高急増3.4倍 / 買い出来高優勢 / MA上昇配列 / 52週高値目前 / RSI過熱(89)⚠ / 過熱⚠25MA+20% / 開示[自己株式取得](6日前)
9304,澁澤倉庫,倉庫・運輸関連業,14.6,★☆☆☆☆,0.0,0.0,2.0,0.0,12.0,0.0,0.6,0.0,,,0.0,-7.0,3.8,3.9,1822,1970.0,3.6,0.8,683,資金流入増 / MA上昇配列 / パーフェクトオーダー / 開示[自己株式取得](11日前)
6656,インスペック,電気機器,14.6,★☆☆☆☆,12.6,0.0,2.0,0.0,0.0,0.0,0.0,0.0,,SK hynix,-1.1,-27.4,10.4,-10.6,718,908.0,0.1,0.6,153,SK hynix+15.4%連動(β0.33)
6339,新東工業,機械,14.6,★☆☆☆☆,0.0,0.0,2.0,0.0,12.0,0.0,0.6,0.0,,,0.0,3.2,2.6,7.0,1203,1270.0,8.0,1.0,129,MA上昇配列 / パーフェクトオーダー / 開示[自己株式取得](11日前)
7182,ゆうちょ銀行,銀行業,14.6,★☆☆☆☆,5.1,0.0,1.0,0.0,8.5,0.0,0.0,0.0,,SK hynix,-4.1,-3.0,3.1,0.9,3076,3277.0,2.8,0.5,23044,SK hynix+15.4%連動(β0.13) / MA上昇配列 / パーフェクトオーダー
7606,ユナイテッドアローズ,小売業,14.6,★☆☆☆☆,0.0,0.0,2.0,0.0,12.0,0.0,0.6,0.0,,,0.0,-0.3,2.6,2.3,2397,2528.0,-1.6,1.1,533,MA上昇配列 / パーフェクトオーダー / 開示[増配](11日前)
8032,日本紙パルプ商事,卸売業,14.6,★☆☆☆☆,0.0,0.0,2.0,0.0,12.0,0.0,0.6,0.0,,,0.0,4.6,2.5,7.3,1174,1237.0,2.7,0.8,286,MA上昇配列 / パーフェクトオーダー / 開示[自己株式取得](11日前)
3107,ダイワボウホールディングス,卸売業,14.5,★☆☆☆☆,0.0,0.0,1.0,0.0,13.5,0.0,0.0,0.0,,,0.0,6.4,2.3,5.8,3608,3784.0,3.9,0.8,974,MA上昇配列 / パーフェクトオーダー / 52週高値目前
6908,イリソ電子工業,電気機器,14.5,★☆☆☆☆,10.0,0.0,2.0,0.0,2.5,0.0,0.0,0.0,,SK hynix,1.2,-4.3,2.1,1.1,2720,2841.0,2.2,0.6,384,SK hynix+15.4%連動(β0.17) 未反応+1.2%
5726,大阪チタニウムテクノロジーズ,非鉄金属,14.5,★☆☆☆☆,0.0,0.0,4.0,0.0,10.0,0.0,0.5,0.0,,,0.0,12.3,6.4,12.9,2739,3140.0,4.7,1.8,2096,MA上昇配列 / パーフェクトオーダー / 開示[業績予想の修正](11日前)
9900,サガミホールディングス,小売業,14.5,★☆☆☆☆,0.0,0.0,3.0,0.0,11.5,0.0,0.0,0.0,,,0.0,22.2,3.3,10.9,2083,2229.0,1.6,1.1,275,MA上昇配列 / 52週高値目前
2269,明治ホールディングス,食料品,14.5,★☆☆☆☆,0.0,0.0,1.0,0.0,13.5,0.0,0.0,0.0,,,0.0,8.6,3.3,8.1,3915,4195.0,2.1,0.6,5310,MA上昇配列 / パーフェクトオーダー / 52週高値目前
4045,東亞合成,化学,14.5,★☆☆☆☆,0.0,0.0,1.0,0.0,13.5,0.0,0.0,0.0,,,0.0,4.3,1.8,3.9,1802,1870.5,-0.9,0.4,563,MA上昇配列 / パーフェクトオーダー / 52週高値目前
4221,大倉工業,化学,14.5,★☆☆☆☆,0.0,0.0,1.0,0.0,13.5,0.0,0.0,0.0,,,0.0,10.4,3.2,7.6,5339,5700.0,1.2,0.4,345,MA上昇配列 / パーフェクトオーダー / 52週高値目前
4526,理研ビタミン,食料品,14.5,★☆☆☆☆,0.0,0.0,1.0,0.0,13.5,0.0,0.0,0.0,,,0.0,-0.2,2.0,2.4,3123,3250.0,3.0,0.7,204,MA上昇配列 / パーフェクトオーダー / 52週高値目前
6845,アズビル,電気機器,14.4,★☆☆☆☆,12.4,0.0,1.0,0.0,1.0,0.0,0.0,0.0,,SK hynix,2.1,-9.8,3.4,-5.3,1446,1550.5,-0.5,0.9,2400,SK hynix+15.4%連動(β0.15) 未反応+2.1%
4229,群栄化学工業,化学,14.399999999999999,★☆☆☆☆,9.7,0.0,0.0,0.0,4.7,0.0,0.0,0.0,,SK hynix,0.5,-2.2,4.9,3.1,4214,4670.0,4.9,0.6,122,SK hynix+15.4%連動(β0.21) 未反応+0.5%
8088,岩谷産業,卸売業,14.3,★☆☆☆☆,0.0,0.0,3.3,0.0,11.0,0.0,0.0,0.0,,,0.0,10.6,3.1,9.2,2104,2244.0,0.8,0.8,2007,買い出来高優勢 / MA上昇配列 / パーフェクトオーダー
6062,チャーム・ケア・コーポレーション,サービス業,14.3,★☆☆☆☆,0.0,0.0,3.3,0.0,11.0,0.0,0.0,0.0,,,0.0,1.7,3.2,3.9,1339,1430.0,-3.4,1.2,147,買い出来高優勢 / MA上昇配列 / パーフェクトオーダー
3245,ディア・ライフ,不動産業,14.3,★☆☆☆☆,0.0,0.0,5.3,0.0,9.0,0.0,0.0,0.0,,,0.0,3.1,2.2,6.0,1107,1158.0,6.3,1.2,358,買い出来高優勢 / MA上昇配列
1379,ホクト,水産・農林業,14.3,★☆☆☆☆,0.0,0.0,4.3,0.0,10.0,0.0,0.0,0.0,,,0.0,0.8,2.5,3.5,1907,2007.0,4.3,1.2,201,買い出来高優勢 / MA上昇配列
1899,福田組,建設業,14.3,★☆☆☆☆,0.0,0.0,4.0,0.0,12.2,0.0,1.1,-3.0,,,0.0,24.0,4.0,19.9,4486,4875.0,9.8,1.3,357,資金流入増 / MA上昇配列 / パーフェクトオーダー / 52週高値目前 / 伸びすぎ注意(25MA+20%) / 開示[自己株式の取得](11日前) / 開示[自己株式の取得](12日前)
8132,シナネンホールディングス,卸売業,14.3,★☆☆☆☆,0.0,0.0,10.0,0.0,8.0,0.0,1.3,-5.0,,,0.0,24.5,5.1,27.4,7894,8800.0,37.7,3.8,126,出来高急増3.8倍 / 買い出来高優勢 / 資金流入増 / 過熱⚠25MA+27% / 開示[自己株式取得](8日前)
6996,ニチコン,電気機器,14.3,★☆☆☆☆,10.6,0.0,1.0,0.0,2.7,0.0,0.0,0.0,,SK hynix,-0.6,-10.7,7.4,-0.3,2558,3000.0,3.8,0.4,3613,SK hynix+15.4%連動(β0.27)
5246,ＥＬＥＭＥＮＴＳ,情報・通信業,14.3,★☆☆☆☆,0.0,0.0,4.3,0.0,10.0,0.0,0.0,0.0,,,0.0,15.5,4.4,11.2,773,848.0,5.3,0.8,484,買い出来高優勢 / MA上昇配列 / パーフェクトオーダー
6080,Ｍ＆Ａキャピタルパートナーズ,サービス業,14.3,★☆☆☆☆,0.0,0.0,4.3,0.0,10.0,0.0,0.0,0.0,,,0.0,6.0,3.1,5.3,3807,4055.0,0.9,0.6,538,買い出来高優勢 / MA上昇配列 / パーフェクトオーダー
6674,ジーエス・ユアサ　コーポレーション,電気機器,14.2,★☆☆☆☆,8.2,0.0,3.3,0.0,2.7,0.0,0.0,0.0,,SK hynix,-1.0,-7.3,5.9,-0.1,5014,5681.0,8.7,0.8,5908,SK hynix+15.4%連動(β0.21) / 買い出来高優勢
8370,紀陽銀行,銀行業,14.2,★☆☆☆☆,0.0,0.0,2.0,0.0,12.2,0.0,0.0,0.0,,,0.0,4.4,3.1,5.6,4748,5060.0,4.4,0.4,944,MA上昇配列 / パーフェクトオーダー / 52週高値目前
150A,ＪＳＨ,サービス業,14.2,★☆☆☆☆,0.0,0.0,7.3,0.0,10.0,0.0,1.9,-5.0,,,0.0,40.2,8.1,32.1,557,664.0,40.4,3.0,520,出来高増3.0倍 / 資金流入増 / MA上昇配列 / パーフェクトオーダー / 過熱⚠25MA+32% / 開示[自己株式取得](5日前)
2602,日清オイリオグループ,食料品,14.2,★☆☆☆☆,0.0,0.0,2.0,0.0,12.2,0.0,0.0,0.0,,,0.0,1.3,2.3,3.5,1903,1996.0,3.7,0.7,587,MA上昇配列 / パーフェクトオーダー / 52週高値目前
8359,八十二長野銀行,銀行業,14.2,★☆☆☆☆,0.0,0.0,2.0,0.0,12.2,0.0,0.0,0.0,,,0.0,1.0,3.2,5.1,2546,2721.5,4.4,0.6,4306,MA上昇配列 / パーフェクトオーダー / 52週高値目前
6905,コーセル,電気機器,14.1,★☆☆☆☆,6.1,0.0,1.0,0.0,7.0,0.0,0.0,0.0,,SK hynix,-1.4,1.9,3.2,6.3,1307,1395.0,4.9,0.6,259,SK hynix+15.4%連動(β0.16)
2594,キーコーヒー,食料品,14.0,★☆☆☆☆,0.0,0.0,4.0,0.0,10.0,0.0,0.0,0.0,,,0.0,-1.6,1.0,1.6,1981,2023.0,2.0,1.3,155,MA上昇配列
2681,ゲオホールディングス,小売業,14.0,★☆☆☆☆,0.0,0.0,3.0,0.0,11.0,0.0,0.0,0.0,,,0.0,12.7,4.0,8.3,2109,2292.0,-1.2,0.7,511,MA上昇配列 / パーフェクトオーダー
5108,ブリヂストン,ゴム製品,14.0,★☆☆☆☆,0.0,0.0,2.0,0.0,12.0,0.0,0.0,0.0,,,0.0,7.0,3.2,5.0,3834,4098.0,-2.4,0.6,20804,MA上昇配列 / パーフェクトオーダー
4041,日本曹達,化学,14.0,★☆☆☆☆,0.0,0.0,2.0,0.0,12.0,0.0,0.0,0.0,,,0.0,2.9,1.8,3.4,3801,3940.0,-0.5,0.6,393,MA上昇配列 / パーフェクトオーダー
2607,不二製油,食料品,14.0,★☆☆☆☆,0.0,0.0,2.0,0.0,12.0,0.0,0.0,0.0,,,0.0,10.2,3.8,10.2,4143,4484.0,9.2,0.7,1328,MA上昇配列 / パーフェクトオーダー
3093,トレジャー・ファクトリー,小売業,14.0,★☆☆☆☆,0.0,0.0,2.0,0.0,12.0,0.0,0.0,0.0,,,0.0,-2.9,2.9,1.4,2002,2126.0,5.0,1.0,339,MA上昇配列 / パーフェクトオーダー
3201,日本毛織,繊維製品,14.0,★☆☆☆☆,0.0,0.0,2.0,0.0,12.0,0.0,0.0,0.0,,,0.0,0.8,1.9,3.2,1896,1973.0,0.1,0.7,226,MA上昇配列 / パーフェクトオーダー
2121,ＭＩＸＩ,情報・通信業,14.0,★☆☆☆☆,0.0,0.0,3.0,0.0,11.0,0.0,0.0,0.0,,,0.0,8.2,3.6,7.7,3065,3305.0,0.9,0.5,1326,MA上昇配列 / パーフェクトオーダー
6250,やまびこ,機械,14.0,★☆☆☆☆,0.0,0.0,2.0,0.0,12.0,0.0,0.0,0.0,,,0.0,8.5,3.5,7.0,3944,4240.0,-2.5,0.7,448,MA上昇配列 / パーフェクトオーダー
2659,サンエー,小売業,14.0,★☆☆☆☆,0.0,0.0,2.0,0.0,12.0,0.0,0.0,0.0,,,0.0,0.0,2.1,1.8,3170,3310.0,-1.3,0.7,489,MA上昇配列 / パーフェクトオーダー
6083,ＥＲＩホールディングス,サービス業,14.0,★☆☆☆☆,0.0,0.0,3.3,0.0,10.7,0.0,0.0,0.0,,,0.0,13.9,3.1,9.6,1610,1715.0,2.2,0.4,115,買い出来高優勢 / MA上昇配列 / パーフェクトオーダー
8011,三陽商会,繊維製品,14.0,★☆☆☆☆,0.0,0.0,2.0,0.0,12.0,0.0,0.0,0.0,,,0.0,18.0,3.7,7.0,4718,5100.0,-0.4,1.0,211,MA上昇配列 / パーフェクトオーダー
8098,稲畑産業,卸売業,14.0,★☆☆☆☆,0.0,0.0,2.0,0.0,12.0,0.0,0.0,0.0,,,0.0,1.2,1.8,3.7,4021,4170.0,3.0,0.9,406,MA上昇配列 / パーフェクトオーダー
6351,鶴見製作所,機械,14.0,★☆☆☆☆,0.0,0.0,2.0,0.0,12.0,0.0,0.0,0.0,,,0.0,-0.6,4.3,4.9,2188,2396.0,-1.9,0.9,182,MA上昇配列 / パーフェクトオーダー
6724,セイコーエプソン,電気機器,14.0,★☆☆☆☆,0.0,0.0,3.3,0.0,10.7,0.0,0.0,0.0,,,0.0,5.9,3.2,4.8,2933,3136.0,-1.2,0.9,5982,買い出来高優勢 / MA上昇配列 / パーフェクトオーダー
3402,東レ,繊維製品,14.0,★☆☆☆☆,0.0,0.0,2.0,0.0,12.0,0.0,0.0,0.0,,,0.0,10.7,3.4,10.0,1241,1333.0,-1.6,0.7,6993,MA上昇配列 / パーフェクトオーダー
8173,Ｊｏｓｈｉｎ,小売業,14.0,★☆☆☆☆,0.0,0.0,2.0,0.0,12.0,0.0,0.0,0.0,,,0.0,11.7,3.7,5.8,3776,4080.0,0.7,0.6,641,MA上昇配列 / パーフェクトオーダー
9678,カナモト,サービス業,14.0,★☆☆☆☆,0.0,0.0,2.0,0.0,12.0,0.0,0.0,0.0,,,0.0,2.9,2.7,3.6,5141,5430.0,0.6,0.5,525,MA上昇配列 / パーフェクトオーダー
6584,三櫻工業,輸送用機器,14.0,★☆☆☆☆,9.0,0.0,0.0,0.0,5.0,0.0,0.0,0.0,,SK hynix,-6.7,-4.0,4.9,3.6,772,855.0,3.1,0.7,586,SK hynix+15.4%連動(β0.23)
4095,日本パーカライジング,化学,14.0,★☆☆☆☆,0.0,0.0,2.0,0.0,12.0,0.0,0.0,0.0,,,0.0,2.7,1.7,3.1,1674,1733.0,1.4,0.8,363,MA上昇配列 / パーフェクトオーダー
6412,平和,機械,14.0,★☆☆☆☆,0.0,0.0,2.0,0.0,12.0,0.0,0.0,0.0,,,0.0,3.3,2.1,4.6,2095,2189.0,3.2,1.2,720,MA上昇配列 / パーフェクトオーダー
3946,トーモク,パルプ・紙,14.0,★☆☆☆☆,0.0,0.0,3.0,0.0,11.0,0.0,0.0,0.0,,,0.0,7.5,2.5,5.6,4479,4715.0,3.2,1.0,751,資金流入増 / MA上昇配列 / パーフェクトオーダー / 52週高値目前
7279,ハイレックスコーポレーション,輸送用機器,14.0,★☆☆☆☆,7.3,0.0,2.0,0.0,4.7,0.0,0.0,0.0,,SK hynix,-0.7,15.1,3.7,10.6,2384,2574.0,3.0,0.4,240,SK hynix+15.4%連動(β0.19)
6804,ホシデン,電気機器,14.0,★☆☆☆☆,0.0,0.0,2.0,0.0,12.0,0.0,0.0,0.0,,,0.0,2.8,3.3,1.9,2706,2896.0,-3.0,1.0,764,MA上昇配列 / パーフェクトオーダー
8163,ＳＲＳホールディングス,小売業,13.9,★☆☆☆☆,0.0,0.0,4.0,0.0,9.5,0.0,0.4,0.0,,,0.0,11.2,4.0,4.9,1347,1465.0,-3.3,0.4,315,資金流入増 / MA上昇配列 / パーフェクトオーダー / 開示[子会社化](11日前)
5821,平河ヒューテック,非鉄金属,13.9,★☆☆☆☆,6.9,0.0,1.0,0.0,6.0,0.0,0.0,0.0,,SK hynix,-2.2,8.0,4.7,10.9,3285,3625.0,8.4,0.7,277,SK hynix+15.4%連動(β0.18)
6841,横河電機,電気機器,13.9,★☆☆☆☆,9.0,0.0,3.3,0.0,1.0,0.0,0.6,0.0,,SK hynix,0.4,-1.7,4.6,-0.2,5082,5599.0,3.4,0.5,7449,SK hynix+15.4%連動(β0.20) / 買い出来高優勢 / 開示[自己株式取得](11日前)
4165,プレイド,情報・通信業,13.899999999999999,★☆☆☆☆,0.0,0.0,6.7,0.0,6.7,0.0,3.5,-3.0,,,0.0,14.9,3.8,18.9,645,699.0,19.5,2.3,261,出来高増2.3倍 / 買い出来高優勢 / MA上昇配列 / 伸びすぎ注意(25MA+19%) / 開示[業績予想の修正](5日前) / 開示[自己株式取得](5日前)
9039,サカイ引越センター,陸運業,13.7,★☆☆☆☆,0.0,0.0,3.0,0.0,10.7,0.0,0.0,0.0,,,0.0,-3.7,2.1,0.9,2860,2983.0,2.9,0.6,245,MA上昇配列 / パーフェクトオーダー
2802,味の素,食料品,13.7,★☆☆☆☆,5.7,0.0,0.0,0.0,8.0,0.0,0.0,0.0,,SK hynix,-6.2,3.1,4.1,8.6,5255,5721.0,10.1,0.8,22458,SK hynix+15.4%連動(β0.15)
6371,椿本チエイン,機械,13.7,★☆☆☆☆,0.0,0.0,3.0,0.0,10.7,0.0,0.0,0.0,,,0.0,-0.4,2.4,2.8,2586,2715.0,0.6,0.8,578,MA上昇配列 / パーフェクトオーダー
7752,リコー,電気機器,13.7,★☆☆☆☆,0.0,0.0,3.0,0.0,10.7,0.0,0.0,0.0,,,0.0,5.0,3.1,3.8,1534,1635.5,1.2,0.8,4926,MA上昇配列 / パーフェクトオーダー
6194,アトラエ,サービス業,13.7,★☆☆☆☆,0.0,0.0,2.0,0.0,10.0,0.0,1.7,0.0,,,0.0,6.2,3.3,7.0,848,909.0,4.5,1.4,123,MA上昇配列 / パーフェクトオーダー / 開示[自己株式取得](6日前)
417A,ブルーゾーンホールディングス,小売業,13.7,★☆☆☆☆,0.0,0.0,0.0,0.0,10.7,0.0,3.0,0.0,,,0.0,-1.3,2.5,0.9,1696,1786.0,1.4,0.5,539,MA上昇配列 / パーフェクトオーダー / 開示[自己株式の取得](6日前) / 開示[自己株式の取得](8日前)
7966,リンテック,その他製品,13.7,★☆☆☆☆,12.7,0.0,0.0,0.0,1.0,0.0,0.0,0.0,,SK hynix,1.3,-12.4,5.6,-3.0,5507,6200.0,2.1,0.3,2530,SK hynix+15.4%連動(β0.23) 未反応+1.3%
5333,ＮＧＫ,ガラス・土石製品,13.600000000000001,★☆☆☆☆,8.9,0.0,1.0,0.0,3.7,0.0,0.0,0.0,,SK hynix,-4.0,-8.9,5.6,2.2,5440,6121.0,8.5,0.7,10781,SK hynix+15.4%連動(β0.23)
6331,三菱化工機,機械,13.600000000000001,★☆☆☆☆,7.9,0.0,2.0,0.0,3.7,0.0,0.0,0.0,,SK hynix,-0.4,-3.9,4.1,1.7,3060,3335.0,3.7,0.4,690,SK hynix+15.4%連動(β0.20)
7102,日本車輌製造,輸送用機器,13.6,★☆☆☆☆,6.1,0.0,1.0,0.0,6.5,0.0,0.0,0.0,,SK hynix,-3.0,-0.9,3.4,3.5,3441,3690.0,6.3,1.0,199,SK hynix+15.4%連動(β0.16) / MA上昇配列
2004,昭和産業,食料品,13.5,★☆☆☆☆,0.0,0.0,0.0,0.0,13.5,0.0,0.0,0.0,,,0.0,0.3,2.0,2.3,3459,3600.0,1.7,0.6,209,MA上昇配列 / パーフェクトオーダー / 52週高値目前
5957,日東精工,金属製品,13.5,★☆☆☆☆,5.3,0.0,0.0,0.0,8.2,0.0,0.0,0.0,,SK hynix,-0.5,-2.3,2.2,0.7,749,784.0,-2.2,0.7,104,SK hynix+15.4%連動(β0.14) / MA上昇配列 / パーフェクトオーダー
4912,ライオン,化学,13.5,★☆☆☆☆,0.0,0.0,0.0,0.0,13.5,0.0,0.0,0.0,,,0.0,8.6,2.8,8.6,1781,1887.0,5.0,1.0,2315,MA上昇配列 / パーフェクトオーダー / 52週高値目前
8344,山形銀行,銀行業,13.5,★☆☆☆☆,0.0,0.0,3.0,0.0,13.5,0.0,0.0,-3.0,,,0.0,15.5,4.5,16.3,4236,4655.0,10.0,0.7,610,MA上昇配列 / パーフェクトオーダー / 52週高値目前 / 伸びすぎ注意(25MA+16%)
8704,トレイダーズホールディングス,証券、商品先物取引業,13.5,★☆☆☆☆,0.0,0.0,0.0,0.0,13.5,0.0,0.0,0.0,,,0.0,-0.0,3.2,4.3,1253,1340.0,3.3,0.8,122,MA上昇配列 / パーフェクトオーダー / 52週高値目前
8218,コメリ,小売業,13.5,★☆☆☆☆,0.0,0.0,4.0,0.0,9.5,0.0,0.0,0.0,,,0.0,6.2,3.5,3.2,3557,3825.0,-2.0,0.5,559,資金流入増 / MA上昇配列 / パーフェクトオーダー
8706,極東証券,証券、商品先物取引業,13.5,★☆☆☆☆,0.0,0.0,2.0,0.0,11.5,0.0,0.0,0.0,,,0.0,1.4,2.2,3.8,1759,1840.0,2.1,0.7,321,MA上昇配列 / 52週高値目前
9888,ＵＥＸ,卸売業,13.5,★☆☆☆☆,0.0,0.0,4.0,0.0,12.0,0.0,0.5,-3.0,,,0.0,23.6,5.0,16.2,1130,1254.0,11.6,0.9,119,資金流入増 / MA上昇配列 / パーフェクトオーダー / 伸びすぎ注意(25MA+16%) / 開示[業績予想の修正](11日前)
5101,横浜ゴム,ゴム製品,13.399999999999999,★☆☆☆☆,0.0,0.0,1.0,0.0,10.7,0.0,1.7,0.0,,,0.0,-4.1,4.5,0.6,6971,7660.0,-1.7,0.5,10139,MA上昇配列 / パーフェクトオーダー / 開示[上方修正](8日前)
9432,ＮＴＴ,情報・通信業,13.3,★☆☆☆☆,0.0,0.0,3.3,0.0,10.0,0.0,0.0,0.0,,,0.0,3.5,2.1,4.7,155,161.5,1.9,0.9,42015,買い出来高優勢 / MA上昇配列
9621,建設技術研究所,サービス業,13.3,★☆☆☆☆,0.0,0.0,4.3,0.0,9.0,0.0,0.0,0.0,,,0.0,3.9,3.4,4.0,2956,3175.0,0.3,1.1,244,買い出来高優勢 / MA上昇配列
3539,ＪＭホールディングス,小売業,13.3,★☆☆☆☆,0.0,0.0,5.3,0.0,8.0,0.0,0.0,0.0,,,0.0,8.4,2.7,6.1,1355,1433.0,4.0,0.4,463,買い出来高優勢 / 資金流入増 / MA上昇配列
219A,Ｈｅａｒｔｓｅｅｄ,医薬品,13.3,★☆☆☆☆,0.0,0.0,5.3,0.0,8.0,0.0,0.0,0.0,,,0.0,20.8,4.7,13.1,1762,1945.0,7.3,2.1,400,出来高増2.1倍 / MA上昇配列
4493,サイバーセキュリティクラウド,情報・通信業,13.3,★☆☆☆☆,0.0,0.0,5.3,0.0,8.0,0.0,0.0,0.0,,,0.0,-1.8,3.3,2.4,1776,1902.0,1.7,2.9,197,出来高増2.9倍 / MA上昇配列
3443,川田テクノロジーズ,金属製品,13.3,★☆☆☆☆,0.0,0.0,5.3,0.0,8.0,0.0,0.0,0.0,,,0.0,4.9,2.9,7.4,1333,1415.0,6.6,1.5,389,買い出来高優勢 / MA上昇配列
4025,多木化学,化学,13.3,★☆☆☆☆,0.0,0.0,4.3,0.0,12.0,0.0,0.0,-3.0,,,0.0,21.3,5.3,19.4,5558,6210.0,1.1,1.2,244,買い出来高優勢 / MA上昇配列 / パーフェクトオーダー / 伸びすぎ注意(25MA+19%)
1888,若築建設,建設業,13.3,★☆☆☆☆,0.0,0.0,5.3,0.0,8.0,0.0,0.0,0.0,,,0.0,10.3,3.6,8.2,3592,3870.0,5.2,0.9,123,買い出来高優勢 / 資金流入増 / MA上昇配列
4471,三洋化成工業,化学,13.3,★☆☆☆☆,0.0,0.0,5.3,0.0,11.0,0.0,0.0,-3.0,,,0.0,24.4,3.9,19.3,5839,6330.0,3.4,0.9,802,買い出来高優勢 / 資金流入増 / MA上昇配列 / パーフェクトオーダー / 52週高値目前 / RSI過熱(86)⚠ / 伸びすぎ注意(25MA+19%)
4674,クレスコ,情報・通信業,13.3,★☆☆☆☆,0.0,0.0,7.3,0.0,9.0,0.0,0.0,-3.0,,,0.0,23.5,3.1,17.8,1833,1955.0,8.3,2.2,320,出来高増2.2倍 / 資金流入増 / MA上昇配列 / 52週高値目前 / RSI過熱(88)⚠ / 伸びすぎ注意(25MA+18%)
2301,学情,サービス業,13.3,★☆☆☆☆,0.0,0.0,5.3,0.0,8.0,0.0,0.0,0.0,,,0.0,-2.2,1.5,2.5,1621,1673.0,4.6,2.7,151,出来高増2.7倍 / MA上昇配列
8316,三井住友フィナンシャルグループ,銀行業,13.3,★☆☆☆☆,6.3,0.0,0.0,0.0,7.0,0.0,0.0,0.0,,SK hynix,-1.8,-5.2,2.8,0.5,6526,6918.0,2.0,0.6,89522,SK hynix+15.4%連動(β0.16) / MA上昇配列 / パーフェクトオーダー
3679,じげん,情報・通信業,13.3,★☆☆☆☆,0.0,0.0,5.3,0.0,8.0,0.0,0.0,0.0,,,0.0,6.8,2.5,7.4,424,446.0,6.4,2.2,106,出来高増2.2倍 / MA上昇配列
4114,日本触媒,化学,13.3,★☆☆☆☆,0.0,0.0,5.3,0.0,11.0,0.0,0.0,-3.0,,,0.0,23.5,3.3,18.7,2492,2667.5,9.1,0.8,2374,買い出来高優勢 / 資金流入増 / MA上昇配列 / パーフェクトオーダー / 52週高値目前 / RSI過熱(85)⚠ / 伸びすぎ注意(25MA+19%)
7240,ＮＯＫ,輸送用機器,13.299999999999999,★☆☆☆☆,0.0,0.0,2.0,0.0,10.7,0.0,0.6,0.0,,,0.0,-0.3,2.2,2.4,2942,3076.0,1.7,0.5,1033,MA上昇配列 / パーフェクトオーダー / 開示[自己株式の取得](11日前)
4966,上村工業,化学,13.2,★☆☆☆☆,11.0,0.0,1.0,0.0,1.2,0.0,0.0,0.0,,SK hynix,-0.0,-13.4,7.0,-5.0,18707,21750.0,-2.0,0.9,2203,SK hynix+15.4%連動(β0.28)
8714,池田泉州ホールディングス,銀行業,13.2,★☆☆☆☆,0.0,0.0,1.0,0.0,12.2,0.0,0.0,0.0,,,0.0,1.9,4.4,7.1,1007,1103.0,7.0,0.5,1486,MA上昇配列 / パーフェクトオーダー / 52週高値目前
8739,スパークス・グループ,証券、商品先物取引業,13.2,★☆☆☆☆,0.0,0.0,1.0,0.0,12.2,0.0,0.0,0.0,,,0.0,6.3,2.6,7.1,2382,2515.0,1.7,0.6,318,MA上昇配列 / パーフェクトオーダー / 52週高値目前
5332,ＴＯＴＯ,ガラス・土石製品,13.1,★☆☆☆☆,10.6,0.0,1.0,0.0,1.5,0.0,0.0,0.0,,SK hynix,1.2,-18.3,4.8,-6.1,6027,6660.0,2.7,0.8,8972,SK hynix+15.4%連動(β0.18) 未反応+1.2%
1961,三機工業,建設業,13.099999999999998,★☆☆☆☆,6.2,0.0,2.0,0.0,3.7,0.0,1.2,0.0,,SK hynix,-4.2,-6.2,5.1,4.1,2267,2527.0,7.5,0.7,2063,SK hynix+15.4%連動(β0.16) / 開示[自己株式取得](11日前) / 開示[業績予想の修正](11日前)
9507,四国電力,電気・ガス業,13.0,★☆☆☆☆,0.0,0.0,4.3,0.0,8.7,0.0,0.0,0.0,,,0.0,17.2,2.6,11.2,1713,1807.5,5.1,0.7,1450,買い出来高優勢 / MA上昇配列
9755,応用地質,サービス業,13.0,★☆☆☆☆,0.0,0.0,3.0,0.0,10.0,0.0,0.0,0.0,,,0.0,0.9,1.8,2.6,2777,2880.0,2.5,1.4,196,MA上昇配列
8345,岩手銀行,銀行業,13.0,★☆☆☆☆,0.0,0.0,1.0,0.0,12.0,0.0,0.0,0.0,,,0.0,8.5,4.3,9.4,2248,2460.0,4.3,0.9,692,MA上昇配列 / パーフェクトオーダー
146A,コロンビア・ワークス,不動産業,13.0,★☆☆☆☆,6.3,0.0,2.0,0.0,7.7,0.0,0.0,-3.0,,SK hynix,-16.6,13.9,4.5,18.0,3557,3905.0,22.2,1.8,223,SK hynix+15.4%連動(β0.16) / MA上昇配列 / 伸びすぎ注意(25MA+18%)
2670,エービーシー・マート,小売業,13.0,★☆☆☆☆,0.0,0.0,2.0,0.0,11.0,0.0,0.0,0.0,,,0.0,1.6,2.3,2.1,2659,2785.0,-0.3,0.5,1607,MA上昇配列 / パーフェクトオーダー
2326,デジタルアーツ,情報・通信業,13.0,★☆☆☆☆,0.0,0.0,2.0,0.0,8.0,0.0,3.0,0.0,,,0.0,8.0,4.0,5.8,4121,4480.0,-2.1,0.6,938,MA上昇配列 / 開示[自己株式の取得](0日前)
7971,東リ,化学,13.0,★☆☆☆☆,0.0,0.0,4.0,0.0,9.0,0.0,0.0,0.0,,,0.0,3.1,2.6,3.9,656,692.0,4.4,1.9,118,MA上昇配列
4680,ラウンドワン,サービス業,13.0,★☆☆☆☆,0.0,0.0,3.0,0.0,10.0,0.0,0.0,0.0,,,0.0,-4.5,5.6,2.8,1154,1299.0,-2.1,0.6,4449,MA上昇配列 / パーフェクトオーダー
4725,ＣＡＣ　Ｈｏｌｄｉｎｇｓ,情報・通信業,13.0,★☆☆☆☆,0.0,0.0,3.0,0.0,10.0,0.0,0.0,0.0,,,0.0,3.2,1.6,5.5,1884,1947.0,5.8,1.3,128,MA上昇配列
9743,丹青社,サービス業,13.0,★☆☆☆☆,0.0,0.0,3.0,0.0,10.0,0.0,0.0,0.0,,,0.0,4.0,2.0,5.6,1419,1479.0,4.7,0.7,897,資金流入増 / MA上昇配列
3762,テクマトリックス,情報・通信業,13.0,★☆☆☆☆,0.0,0.0,3.0,0.0,10.0,0.0,0.0,0.0,,,0.0,17.2,4.0,10.7,2125,2310.0,1.1,0.5,660,MA上昇配列
4578,大塚ホールディングス,医薬品,13.0,★☆☆☆☆,0.0,0.0,1.0,0.0,12.0,0.0,0.0,0.0,,,0.0,5.4,4.0,4.2,11054,12015.0,-5.4,0.5,19518,MA上昇配列 / パーフェクトオーダー
2371,カカクコム,サービス業,13.0,★☆☆☆☆,0.0,0.0,2.0,0.0,11.0,0.0,0.0,0.0,,,0.0,-0.6,0.6,0.9,3653,3700.0,-0.3,0.5,1424,MA上昇配列 / パーフェクトオーダー / 52週高値目前
7846,パイロットコーポレーション,その他製品,13.0,★☆☆☆☆,0.0,0.0,1.0,0.0,12.0,0.0,0.0,0.0,,,0.0,3.8,2.7,5.5,1836,1940.0,-3.2,0.9,419,MA上昇配列 / パーフェクトオーダー
8103,明和産業,卸売業,13.0,★☆☆☆☆,0.0,0.0,1.0,0.0,12.0,0.0,0.0,0.0,,,0.0,3.3,2.2,5.2,924,966.0,6.0,1.0,206,MA上昇配列 / パーフェクトオーダー
5482,愛知製鋼,鉄鋼,13.0,★☆☆☆☆,0.0,0.0,1.0,0.0,12.0,0.0,0.0,0.0,,,0.0,4.5,3.0,5.8,3099,3295.0,3.5,0.9,573,MA上昇配列 / パーフェクトオーダー
8511,日本証券金融,その他金融業,13.0,★☆☆☆☆,0.0,0.0,1.0,0.0,10.7,0.0,1.3,0.0,,,0.0,-1.9,2.6,1.4,2348,2476.0,-2.9,0.6,671,MA上昇配列 / パーフェクトオーダー / 開示[自己株式の取得](8日前)
7976,三菱鉛筆,その他製品,13.0,★☆☆☆☆,0.0,0.0,1.0,0.0,12.0,0.0,0.0,0.0,,,0.0,2.7,3.2,4.4,2678,2859.0,-2.6,0.7,414,MA上昇配列 / パーフェクトオーダー
6486,イーグル工業,機械,13.0,★☆☆☆☆,0.0,0.0,3.3,0.0,9.7,0.0,0.0,0.0,,,0.0,1.2,2.1,3.5,2953,3080.0,1.5,0.5,359,買い出来高優勢 / MA上昇配列 / パーフェクトオーダー
8306,三菱ＵＦＪフィナンシャル・グループ,銀行業,12.9,★☆☆☆☆,5.9,0.0,0.0,0.0,7.0,0.0,0.0,0.0,,SK hynix,-1.6,-3.0,2.9,1.1,3439,3649.0,2.4,0.6,162027,SK hynix+15.4%連動(β0.15) / MA上昇配列 / パーフェクトオーダー
6644,大崎電気工業,電気機器,12.899999999999999,★☆☆☆☆,6.2,0.0,2.0,0.0,4.7,0.0,0.0,0.0,,SK hynix,-1.5,0.9,3.6,4.2,1460,1574.0,5.9,0.7,400,SK hynix+15.4%連動(β0.16)
6875,メガチップス,電気機器,12.899999999999999,★☆☆☆☆,8.2,0.0,2.0,0.0,5.7,0.0,0.0,-3.0,,SK hynix,-0.5,14.4,4.5,18.2,10724,11790.0,6.2,1.0,1489,SK hynix+15.4%連動(β0.21) / 伸びすぎ注意(25MA+18%)
5741,ＵＡＣＪ,非鉄金属,12.8,★☆☆☆☆,8.1,0.0,1.0,0.0,3.7,0.0,0.0,0.0,,SK hynix,-2.1,-3.7,5.3,2.7,2196,2454.0,5.5,1.2,2117,SK hynix+15.4%連動(β0.21)
4272,日本化薬,化学,12.8,★☆☆☆☆,0.0,0.0,3.3,0.0,9.5,0.0,0.0,0.0,,,0.0,5.7,2.5,7.1,2035,2141.0,5.3,0.5,1338,買い出来高優勢 / 52週高値目前
1518,三井松島ホールディングス,その他製品,12.700000000000001,★☆☆☆☆,0.0,0.0,5.3,0.0,7.0,0.0,0.4,0.0,,,0.0,45.7,2.9,12.7,2175,2310.0,1.1,0.6,1598,買い出来高優勢 / 資金流入増 / MA上昇配列 / パーフェクトオーダー / 開示[子会社化](11日前)
5076,インフロニア・ホールディングス,建設業,12.7,★☆☆☆☆,0.0,0.0,2.0,0.0,10.7,0.0,0.0,0.0,,,0.0,-3.3,3.4,3.5,2629,2820.5,7.9,0.6,4868,MA上昇配列 / パーフェクトオーダー
7184,富山第一銀行,銀行業,12.7,★☆☆☆☆,0.0,0.0,2.0,0.0,10.7,0.0,0.0,0.0,,,0.0,8.8,4.8,9.2,2946,3255.0,6.5,0.9,728,MA上昇配列 / パーフェクトオーダー
4393,バンク・オブ・イノベーション,情報・通信業,12.7,★☆☆☆☆,0.0,0.0,6.7,0.0,6.0,0.0,0.0,0.0,,,0.0,5.2,4.1,8.4,4919,5360.0,6.3,4.8,188,出来高急増4.8倍
6101,ツガミ,機械,12.7,★☆☆☆☆,11.2,0.0,0.0,0.0,1.5,0.0,0.0,0.0,,SK hynix,-1.6,-16.9,7.6,-4.1,5296,6240.0,7.4,0.5,3532,SK hynix+15.4%連動(β0.29)
8097,三愛オブリ,卸売業,12.7,★☆☆☆☆,0.0,0.0,2.0,0.0,10.7,0.0,0.0,0.0,,,0.0,3.1,2.2,3.2,2258,2363.0,0.9,1.0,226,MA上昇配列 / パーフェクトオーダー
7740,タムロン,精密機器,12.7,★☆☆☆☆,0.0,0.0,2.0,0.0,10.7,0.0,0.0,0.0,,,0.0,21.3,4.1,10.1,1289,1405.0,-2.9,0.6,897,MA上昇配列 / パーフェクトオーダー
6929,日本セラミック,電気機器,12.6,★☆☆☆☆,4.3,0.0,2.0,0.0,5.7,0.0,0.6,0.0,,SK hynix,-1.5,-1.4,2.6,1.3,3596,3795.0,0.8,0.8,491,SK hynix+15.4%連動(β0.11) / 開示[自己株式取得](11日前)
6754,アンリツ,電気機器,12.6,★☆☆☆☆,9.1,0.0,2.0,0.0,1.5,0.0,0.0,0.0,,SK hynix,0.4,-9.4,5.5,-1.8,3286,3695.0,4.8,0.6,6388,SK hynix+15.4%連動(β0.20)
3660,アイスタイル,情報・通信業,12.599999999999998,★☆☆☆☆,0.0,0.0,9.0,0.0,6.7,0.0,1.9,-5.0,,,0.0,29.8,3.5,28.9,521,560.0,27.9,9.1,575,出来高急増9.1倍 / 買い出来高優勢 / MA上昇配列 / 過熱⚠25MA+29% / 開示[自己株式取得](5日前)
4023,クレハ,化学,12.5,★☆☆☆☆,0.0,0.0,2.0,0.0,10.0,0.0,0.5,0.0,,,0.0,3.2,2.2,4.7,4316,4515.0,2.1,0.5,1359,MA上昇配列 / 開示[業績予想の修正](11日前)
6454,マックス,機械,12.5,★☆☆☆☆,0.0,0.0,3.0,0.0,9.5,0.0,0.0,0.0,,,0.0,2.9,3.4,2.8,1710,1836.0,-3.1,0.7,603,MA上昇配列 / パーフェクトオーダー
4368,扶桑化学工業,化学,12.5,★☆☆☆☆,12.5,0.0,0.0,0.0,0.0,0.0,0.0,0.0,,SK hynix,0.0,-17.3,8.3,-7.4,2934,3520.0,-7.6,0.7,3423,SK hynix+15.4%連動(β0.32)
255A,ジーエルテクノホールディングス,精密機器,12.5,★☆☆☆☆,7.8,0.0,0.0,0.0,4.7,0.0,0.0,0.0,,SK hynix,-3.2,-2.2,6.7,0.7,4959,5730.0,3.8,0.6,642,SK hynix+15.4%連動(β0.20)
7685,ＢｕｙＳｅｌｌ　Ｔｅｃｈｎｏｌｏｇｉｅｓ,卸売業,12.5,★☆☆☆☆,0.0,0.0,4.7,0.0,6.0,0.0,1.8,0.0,,,0.0,-6.8,4.5,5.5,3096,3400.0,11.1,3.4,1384,出来高急増3.4倍 / 開示[業績予想の修正](4日前)
7272,ヤマハ発動機,輸送用機器,12.5,★☆☆☆☆,0.0,0.0,5.3,0.0,12.2,0.0,0.0,-5.0,,,0.0,47.5,5.1,29.1,1738,1936.5,5.1,0.5,16670,買い出来高優勢 / 資金流入増 / MA上昇配列 / パーフェクトオーダー / 52週高値目前 / 過熱⚠25MA+29%
9310,日本トランスシティ,倉庫・運輸関連業,12.5,★☆☆☆☆,0.0,0.0,3.0,0.0,9.5,0.0,0.0,0.0,,,0.0,9.6,3.5,6.3,1315,1413.0,-0.4,0.9,179,MA上昇配列 / パーフェクトオーダー
3176,三洋貿易,卸売業,12.5,★☆☆☆☆,0.0,0.0,6.3,0.0,10.7,0.0,0.5,-5.0,,,0.0,34.8,4.2,22.3,1036,1132.0,5.9,1.4,370,買い出来高優勢 / 資金流入増 / MA上昇配列 / パーフェクトオーダー / 過熱⚠25MA+22% / 開示[業績予想の修正](11日前)
3104,富士紡ホールディングス,繊維製品,12.5,★☆☆☆☆,7.0,0.0,2.0,0.0,3.5,0.0,0.0,0.0,,SK hynix,-1.5,-6.0,5.7,0.8,3351,3785.0,3.6,0.6,695,SK hynix+15.4%連動(β0.18)
4973,日本高純度化学,化学,12.4,★☆☆☆☆,6.4,0.0,1.0,0.0,5.0,0.0,0.0,0.0,,SK hynix,-1.6,-5.9,3.1,3.6,4576,4880.0,5.1,0.4,712,SK hynix+15.4%連動(β0.17)
7734,理研計器,精密機器,12.3,★☆☆☆☆,7.6,0.0,1.0,0.0,3.7,0.0,0.0,0.0,,SK hynix,0.0,-1.5,4.6,0.9,3163,3480.0,-4.4,1.0,392,SK hynix+15.4%連動(β0.19)
9627,アインホールディングス,小売業,12.3,★☆☆☆☆,0.0,0.0,4.3,0.0,8.0,0.0,0.0,0.0,,,0.0,2.5,3.2,4.1,5712,6108.0,3.2,0.7,1254,買い出来高優勢 / MA上昇配列
3733,ソフトウェア・サービス,情報・通信業,12.3,★☆☆☆☆,0.0,0.0,4.3,0.0,8.0,0.0,0.0,0.0,,,0.0,12.0,3.3,8.7,11161,11940.0,5.2,0.4,170,買い出来高優勢 / MA上昇配列
141A,トライアルホールディングス,小売業,12.3,★☆☆☆☆,0.0,0.0,6.7,0.0,6.7,0.0,1.9,-3.0,,,0.0,21.5,4.5,19.7,3447,3790.0,16.1,2.2,2336,出来高増2.2倍 / 買い出来高優勢 / MA上昇配列 / 伸びすぎ注意(25MA+20%) / 開示[増配](5日前)
4116,大日精化工業,化学,12.3,★☆☆☆☆,0.0,0.0,4.3,0.0,11.0,0.0,0.0,-3.0,,,0.0,21.2,3.2,15.5,1259,1344.0,2.2,0.7,292,買い出来高優勢 / MA上昇配列 / パーフェクトオーダー / 52週高値目前 / RSI過熱(85)⚠ / 伸びすぎ注意(25MA+15%)
3853,アステリア,情報・通信業,12.200000000000001,★☆☆☆☆,0.0,0.0,4.3,0.0,5.0,0.0,2.9,0.0,,,0.0,0.1,4.8,5.3,1042,1153.0,7.8,1.2,433,買い出来高優勢 / 開示[上方修正](4日前)
4499,Ｓｐｅｅｅ,情報・通信業,12.200000000000001,★☆☆☆☆,0.0,0.0,5.7,0.0,4.7,0.0,1.8,0.0,,,0.0,11.9,4.1,14.3,2337,2545.0,11.9,3.2,201,出来高急増3.2倍 / 開示[業績予想の修正](4日前)
3001,片倉工業,繊維製品,12.200000000000001,★☆☆☆☆,0.0,0.0,4.3,0.0,6.5,0.0,1.4,0.0,,,0.0,8.1,3.0,4.4,2726,2903.0,-3.2,0.5,175,買い出来高優勢 / MA上昇配列 / 開示[業績予想の修正](6日前)
4958,長谷川香料,化学,12.2,★☆☆☆☆,0.0,0.0,0.0,0.0,12.2,0.0,0.0,0.0,,,0.0,-1.6,1.6,1.3,3211,3320.0,0.3,0.6,210,MA上昇配列 / パーフェクトオーダー / 52週高値目前
1879,新日本建設,建設業,12.2,★☆☆☆☆,0.0,0.0,4.0,0.0,8.2,0.0,0.0,0.0,,,0.0,8.2,2.2,7.7,2212,2314.0,3.2,1.1,384,資金流入増 / 52週高値目前
6877,ＯＢＡＲＡ　ＧＲＯＵＰ,電気機器,12.2,★☆☆☆☆,5.2,0.0,1.0,0.0,6.0,0.0,0.0,0.0,,SK hynix,-3.1,-3.4,4.3,3.7,5571,6090.0,4.8,0.6,327,SK hynix+15.4%連動(β0.13)
7236,ティラド,輸送用機器,12.2,★☆☆☆☆,0.0,0.0,0.0,0.0,12.2,0.0,0.0,0.0,,,0.0,-1.0,3.6,3.4,1454,1566.0,2.6,0.6,586,MA上昇配列 / パーフェクトオーダー / 52週高値目前
3091,ブロンコビリー,小売業,12.2,★☆☆☆☆,0.0,0.0,4.0,0.0,8.2,0.0,0.0,0.0,,,0.0,10.3,4.1,5.4,2453,2673.0,4.0,0.5,517,資金流入増 / MA上昇配列 / パーフェクトオーダー
6036,ＫｅｅＰｅｒ技研,サービス業,12.2,★☆☆☆☆,0.0,0.0,6.7,0.0,5.5,0.0,0.0,0.0,,,0.0,5.9,2.5,11.0,3014,3175.0,10.5,6.0,371,出来高急増6.0倍 / MA上昇配列 / RSI過熱(86)⚠
9147,ＮＩＰＰＯＮ　ＥＸＰＲＥＳＳホールディングス,陸運業,12.2,★☆☆☆☆,0.0,0.0,1.0,0.0,10.7,0.0,0.5,0.0,,,0.0,-0.1,3.1,3.8,5263,5614.0,8.0,0.7,7077,MA上昇配列 / パーフェクトオーダー / 開示[業績予想の修正](11日前)
7504,高速,卸売業,12.2,★☆☆☆☆,0.0,0.0,3.0,0.0,12.2,0.0,0.0,-3.0,,,0.0,24.8,4.7,15.1,4369,4820.0,3.9,0.9,403,MA上昇配列 / パーフェクトオーダー / 52週高値目前 / 伸びすぎ注意(25MA+15%)
2503,キリンホールディングス,食料品,12.1,★☆☆☆☆,0.0,0.0,1.0,0.0,10.7,0.0,0.4,0.0,,,0.0,1.5,3.4,1.8,2794,3000.0,-1.3,0.6,12445,MA上昇配列 / パーフェクトオーダー / 開示[子会社化](11日前)
7906,ヨネックス,その他製品,12.1,★☆☆☆☆,0.0,0.0,3.0,0.0,8.0,0.0,1.1,0.0,,,0.0,-1.1,4.2,5.1,2512,2744.0,6.1,1.0,1634,MA上昇配列 / 開示[業績予想の修正](8日前)
6807,日本航空電子工業,電気機器,12.1,★☆☆☆☆,12.1,0.0,0.0,0.0,0.0,0.0,0.0,0.0,,SK hynix,2.1,-7.7,2.9,-2.0,2209,2345.0,-0.2,0.8,728,SK hynix+15.4%連動(β0.15) 未反応+2.1%
7059,コプロ・ホールディングス,サービス業,12.1,★☆☆☆☆,0.0,0.0,3.0,0.0,7.7,0.0,1.4,0.0,,,0.0,13.3,2.6,13.8,885,933.0,15.8,1.3,141,MA上昇配列 / 開示[業績予想の修正](6日前)
5602,栗本鐵工所,鉄鋼,12.0,★☆☆☆☆,0.0,0.0,3.0,0.0,9.0,0.0,0.0,0.0,,,0.0,14.0,3.3,11.3,1617,1730.0,2.7,0.9,558,MA上昇配列
8876,リログループ,サービス業,12.0,★☆☆☆☆,0.0,0.0,0.0,0.0,12.0,0.0,0.0,0.0,,,0.0,2.0,2.6,3.1,2010,2118.5,-0.7,0.6,1072,MA上昇配列 / パーフェクトオーダー
9692,シーイーシー,情報・通信業,12.0,★☆☆☆☆,0.0,0.0,2.0,0.0,10.0,0.0,0.0,0.0,,,0.0,5.9,2.4,5.4,2237,2350.0,5.1,1.1,265,MA上昇配列
8060,キヤノンマーケティングジャパン,卸売業,12.0,★☆☆☆☆,0.0,0.0,0.0,0.0,12.0,0.0,0.0,0.0,,,0.0,-1.1,2.0,0.4,3457,3603.0,-1.7,0.7,1140,MA上昇配列 / パーフェクトオーダー
4689,ＬＩＮＥヤフー,情報・通信業,12.0,★☆☆☆☆,0.0,0.0,2.0,0.0,10.0,0.0,0.0,0.0,,,0.0,4.5,3.5,6.7,457,491.8999938964844,1.7,0.6,8619,MA上昇配列 / パーフェクトオーダー
6809,ＴＯＡ,電気機器,12.0,★☆☆☆☆,0.0,0.0,2.0,0.0,10.0,0.0,0.0,0.0,,,0.0,5.2,1.9,5.2,1659,1724.0,3.3,0.8,166,MA上昇配列
8613,丸三証券,証券、商品先物取引業,12.0,★☆☆☆☆,0.0,0.0,1.0,0.0,11.0,0.0,0.0,0.0,,,0.0,0.7,2.3,3.2,1155,1209.0,-0.8,0.4,364,MA上昇配列 / パーフェクトオーダー / 52週高値目前
6810,マクセル,電気機器,12.0,★☆☆☆☆,0.0,0.0,2.0,0.0,10.0,0.0,0.0,0.0,,,0.0,15.0,4.4,8.4,2206,2419.0,-0.4,0.6,668,MA上昇配列
7839,ＳＨＯＥＩ,その他製品,12.0,★☆☆☆☆,0.0,0.0,2.0,0.0,10.0,0.0,0.0,0.0,,,0.0,5.6,2.7,4.8,1933,2042.0,1.2,0.7,436,MA上昇配列 / パーフェクトオーダー
6952,カシオ計算機,電気機器,12.0,★☆☆☆☆,0.0,0.0,4.3,0.0,10.7,0.0,0.0,-3.0,,,0.0,28.5,4.9,19.6,2166,2399.0,9.0,0.8,4475,買い出来高優勢 / MA上昇配列 / パーフェクトオーダー / 伸びすぎ注意(25MA+20%)
6923,スタンレー電気,電気機器,12.0,★☆☆☆☆,0.0,0.0,0.0,0.0,12.0,0.0,0.0,0.0,,,0.0,1.4,2.5,3.9,3486,3672.0,3.6,0.5,2349,MA上昇配列 / パーフェクトオーダー
5011,ニチレキグループ,石油・石炭製品,12.0,★☆☆☆☆,0.0,0.0,4.0,0.0,8.0,0.0,0.0,0.0,,,0.0,5.5,2.2,6.4,2238,2342.0,6.0,1.5,116,MA上昇配列
6309,巴工業,機械,12.0,★☆☆☆☆,0.0,0.0,0.0,0.0,12.0,0.0,0.0,0.0,,,0.0,0.3,1.8,3.9,1917,1990.0,2.4,0.9,212,MA上昇配列 / パーフェクトオーダー
3284,フージャースホールディングス,不動産業,12.0,★☆☆☆☆,0.0,0.0,2.0,0.0,10.0,0.0,0.0,0.0,,,0.0,1.0,1.6,4.2,1255,1296.0,6.7,0.9,227,MA上昇配列
3901,マークラインズ,情報・通信業,12.0,★☆☆☆☆,0.0,0.0,5.3,0.0,6.7,0.0,0.0,0.0,,,0.0,14.6,2.9,14.8,1521,1613.0,8.4,1.3,142,買い出来高優勢 / MA上昇配列
5851,リョービ,非鉄金属,12.0,★☆☆☆☆,0.0,0.0,3.3,0.0,8.7,0.0,0.0,0.0,,,0.0,9.9,2.5,8.9,2702,2842.0,2.5,0.6,403,買い出来高優勢 / MA上昇配列
6947,図研,電気機器,12.0,★☆☆☆☆,0.0,0.0,1.0,0.0,11.0,0.0,0.0,0.0,,,0.0,3.1,2.9,4.0,4666,4955.0,2.0,0.5,253,MA上昇配列 / パーフェクトオーダー
2705,大戸屋ホールディングス,小売業,12.0,★☆☆☆☆,0.0,0.0,1.0,0.0,11.0,0.0,0.0,0.0,,,0.0,3.6,3.2,4.3,8131,8690.0,1.9,1.1,129,MA上昇配列 / パーフェクトオーダー / 52週高値目前
2393,日本ケアサプライ,サービス業,12.0,★☆☆☆☆,0.0,0.0,0.0,0.0,12.0,0.0,0.0,0.0,,,0.0,-5.2,3.8,3.2,3946,4275.0,2.9,0.2,117,MA上昇配列 / パーフェクトオーダー
9511,沖縄電力,電気・ガス業,12.0,★☆☆☆☆,0.0,0.0,4.3,0.0,7.7,0.0,0.0,0.0,,,0.0,19.9,3.1,14.5,1071,1142.0,6.8,1.0,358,買い出来高優勢 / MA上昇配列
2384,ＳＢＳホールディングス,陸運業,12.0,★☆☆☆☆,0.0,0.0,0.0,0.0,12.0,0.0,0.0,0.0,,,0.0,5.3,3.5,9.4,4588,4935.0,7.3,0.5,478,MA上昇配列 / パーフェクトオーダー
7071,アンビスホールディングス,サービス業,12.0,★☆☆☆☆,0.0,0.0,4.0,0.0,8.0,0.0,0.0,0.0,,,0.0,5.3,3.7,9.0,385,416.0,5.6,2.0,110,MA上昇配列
5445,東京鐵鋼,鉄鋼,12.0,★☆☆☆☆,0.0,0.0,2.0,0.0,10.0,0.0,0.0,0.0,,,0.0,1.3,1.8,3.5,1948,2022.0,3.4,0.8,226,MA上昇配列
8283,ＰＡＬＴＡＣ,卸売業,12.0,★☆☆☆☆,0.0,0.0,1.0,0.0,11.0,0.0,0.0,0.0,,,0.0,-3.8,0.4,0.1,6583,6630.0,0.0,0.0,1134,MA上昇配列 / パーフェクトオーダー / 52週高値目前
7366,ＬＩＴＡＬＩＣＯ,サービス業,12.0,★☆☆☆☆,0.0,0.0,3.3,0.0,8.7,0.0,0.0,0.0,,,0.0,7.0,3.9,10.2,1699,1844.0,3.9,1.1,225,買い出来高優勢 / MA上昇配列 / パーフェクトオーダー
4475,ＨＥＮＮＧＥ,情報・通信業,12.0,★☆☆☆☆,0.0,0.0,2.0,0.0,10.0,0.0,0.0,0.0,,,0.0,6.6,5.7,7.2,1290,1455.0,-1.4,0.9,814,MA上昇配列 / パーフェクトオーダー
4595,ミズホメディー,医薬品,12.0,★☆☆☆☆,0.0,0.0,2.0,0.0,10.0,0.0,0.0,0.0,,,0.0,-0.7,1.3,2.0,1662,1708.0,0.8,0.9,149,MA上昇配列
9308,乾汽船,海運業,12.0,★☆☆☆☆,0.0,0.0,6.3,0.0,8.7,0.0,0.0,-3.0,,,0.0,25.8,3.9,16.5,1981,2147.0,10.9,1.3,323,買い出来高優勢 / 資金流入増 / MA上昇配列 / パーフェクトオーダー / 伸びすぎ注意(25MA+17%)
1847,イチケン,建設業,12.0,★☆☆☆☆,0.0,0.0,4.3,0.0,10.7,0.0,0.0,-3.0,,,0.0,23.5,3.7,19.6,3175,3430.0,5.2,0.7,159,買い出来高優勢 / MA上昇配列 / パーフェクトオーダー / 伸びすぎ注意(25MA+20%)
4765,ＳＢＩグローバルアセットマネジメント,サービス業,12.0,★☆☆☆☆,0.0,0.0,3.0,0.0,9.0,0.0,0.0,0.0,,,0.0,1.9,2.8,3.6,581,616.0,2.7,0.3,279,MA上昇配列
8117,中央自動車工業,卸売業,12.0,★☆☆☆☆,0.0,0.0,0.0,0.0,12.0,0.0,0.0,0.0,,,0.0,-3.4,3.0,2.1,2034,2166.0,-0.8,1.1,229,MA上昇配列 / パーフェクトオーダー
8074,ＹＵＡＳＡ,卸売業,12.0,★☆☆☆☆,0.0,0.0,2.0,0.0,10.0,0.0,0.0,0.0,,,0.0,4.8,2.6,4.3,5674,5980.0,-2.1,1.0,197,MA上昇配列
6532,ベイカレント,サービス業,12.0,★☆☆☆☆,0.0,0.0,1.0,0.0,11.0,0.0,0.0,0.0,,,0.0,6.0,4.4,6.5,6752,7400.0,3.9,0.6,10682,MA上昇配列 / パーフェクトオーダー
2801,キッコーマン,食料品,12.0,★☆☆☆☆,0.0,0.0,0.0,0.0,12.0,0.0,0.0,0.0,,,0.0,5.6,4.0,6.3,1640,1781.5,1.2,0.6,7417,MA上昇配列 / パーフェクトオーダー
6637,寺崎電気産業,電気機器,12.0,★☆☆☆☆,0.0,0.0,3.0,0.0,9.0,0.0,0.0,0.0,,,0.0,11.3,4.7,9.7,3961,4375.0,4.9,1.1,221,MA上昇配列
4452,花王,化学,12.0,★☆☆☆☆,0.0,0.0,0.0,0.0,12.0,0.0,0.0,0.0,,,0.0,2.8,3.4,3.8,3254,3493.0,-4.4,0.6,13853,MA上昇配列 / パーフェクトオーダー
2484,出前館,情報・通信業,12.0,★☆☆☆☆,0.0,0.0,4.0,0.0,8.0,0.0,0.0,0.0,,,0.0,21.9,4.3,9.1,135,148.0,2.1,0.7,104,資金流入増 / MA上昇配列
4290,プレステージ・インターナショナル,サービス業,12.0,★☆☆☆☆,0.0,0.0,2.0,0.0,10.0,0.0,0.0,0.0,,,0.0,3.3,2.2,4.6,688,720.0,3.6,0.9,421,MA上昇配列
256A,飛島ホールディングス,建設業,12.0,★☆☆☆☆,0.0,0.0,3.0,0.0,9.0,0.0,0.0,0.0,,,0.0,2.8,2.0,4.4,2055,2142.0,5.9,1.2,449,MA上昇配列
9699,ニシオホールディングス,サービス業,12.0,★☆☆☆☆,0.0,0.0,2.0,0.0,10.0,0.0,0.0,0.0,,,0.0,7.5,2.5,5.7,4294,4520.0,0.7,1.0,240,MA上昇配列
3276,ＪＰＭＣ,不動産業,12.0,★☆☆☆☆,0.0,0.0,4.0,0.0,11.0,0.0,0.0,-3.0,,,0.0,26.4,2.3,16.1,2142,2244.0,0.0,1.0,598,資金流入増 / MA上昇配列 / パーフェクトオーダー / 52週高値目前 / RSI過熱(97)⚠ / 伸びすぎ注意(25MA+16%)
1762,高松コンストラクショングループ,建設業,12.0,★☆☆☆☆,0.0,0.0,2.0,0.0,10.0,0.0,0.0,0.0,,,0.0,4.0,2.5,4.9,3760,3960.0,2.7,0.6,197,MA上昇配列
3475,グッドコムアセット,不動産業,12.0,★☆☆☆☆,0.0,0.0,1.0,0.0,11.0,0.0,0.0,0.0,,,0.0,0.7,1.8,2.9,1508,1563.0,3.1,1.1,121,MA上昇配列 / パーフェクトオーダー
7280,ミツバ,電気機器,12.0,★☆☆☆☆,0.0,0.0,2.0,0.0,10.0,0.0,0.0,0.0,,,0.0,6.7,3.4,8.4,1197,1285.0,8.6,0.8,327,MA上昇配列 / パーフェクトオーダー
7821,前田工繊,その他製品,12.0,★☆☆☆☆,0.0,0.0,2.0,0.0,10.0,0.0,0.0,0.0,,,0.0,5.5,3.6,4.1,1862,2007.0,3.0,0.6,368,MA上昇配列
8005,スクロール,小売業,12.0,★☆☆☆☆,0.0,0.0,0.0,0.0,12.0,0.0,0.0,0.0,,,0.0,2.9,2.4,4.3,1762,1850.0,-1.5,0.9,396,MA上昇配列 / パーフェクトオーダー
2181,パーソルホールディングス,サービス業,12.0,★☆☆☆☆,0.0,0.0,3.0,0.0,9.0,0.0,0.0,0.0,,,0.0,4.6,2.7,6.5,268,283.79998779296875,7.8,0.8,2833,MA上昇配列
268A,リガク・ホールディングス,精密機器,11.8,★☆☆☆☆,9.1,0.0,0.0,0.0,2.7,0.0,0.0,0.0,,SK hynix,-4.8,-15.8,7.7,-3.7,1784,2111.0,-2.8,0.5,5838,SK hynix+15.4%連動(β0.24)
1945,東京エネシス,建設業,11.8,★☆☆☆☆,8.1,0.0,0.0,0.0,3.7,0.0,0.0,0.0,,SK hynix,0.3,1.0,3.3,3.5,1950,2087.0,2.0,1.0,445,SK hynix+15.4%連動(β0.19)
4620,藤倉化成,化学,11.8,★☆☆☆☆,6.8,0.0,0.0,0.0,5.0,0.0,0.0,0.0,,SK hynix,-0.9,-4.1,4.6,4.1,873,962.0,10.4,1.0,136,SK hynix+15.4%連動(β0.18)
5232,住友大阪セメント,ガラス・土石製品,11.7,★☆☆☆☆,0.0,0.0,2.0,0.0,9.7,0.0,0.0,0.0,,,0.0,-0.2,5.1,3.7,5248,5845.0,0.5,0.5,2152,MA上昇配列 / パーフェクトオーダー
3401,帝人,繊維製品,11.7,★☆☆☆☆,0.0,0.0,1.0,0.0,10.7,0.0,0.0,0.0,,,0.0,-2.6,3.0,2.9,1644,1749.5,-0.1,0.7,1460,MA上昇配列 / パーフェクトオーダー
9508,九州電力,電気・ガス業,11.7,★☆☆☆☆,0.0,0.0,1.0,0.0,10.7,0.0,0.0,0.0,,,0.0,1.4,2.6,3.3,1760,1855.0,3.4,0.6,3121,MA上昇配列 / パーフェクトオーダー
8995,誠建設工業,不動産業,11.7,★☆☆☆☆,0.0,0.0,10.0,0.0,6.7,0.0,0.0,-5.0,,,0.0,137.0,11.0,93.5,1544,1980.0,100.8,4.4,267,出来高急増4.4倍 / 買い出来高優勢 / 資金流入増 / MA上昇配列 / 過熱⚠25MA+93%
2585,ライフドリンク　カンパニー,食料品,11.7,★☆☆☆☆,0.0,0.0,5.7,0.0,6.0,0.0,0.0,0.0,,,0.0,13.1,5.1,12.4,1505,1676.0,10.8,3.5,1053,出来高急増3.5倍
1941,中電工,建設業,11.7,★☆☆☆☆,0.0,0.0,2.0,0.0,9.7,0.0,0.0,0.0,,,0.0,-2.6,2.5,1.8,4901,5160.0,3.0,1.5,454,MA上昇配列 / パーフェクトオーダー
4091,日本酸素ホールディングス,化学,11.7,★☆☆☆☆,0.0,0.0,1.0,0.0,10.7,0.0,0.0,0.0,,,0.0,-2.7,3.4,1.7,5673,6083.0,0.6,0.4,3057,MA上昇配列 / パーフェクトオーダー
4902,コニカミノルタ,電気機器,11.7,★☆☆☆☆,0.0,0.0,3.0,0.0,8.7,0.0,0.0,0.0,,,0.0,3.7,5.1,5.3,602,670.7000122070312,1.9,0.8,2960,MA上昇配列
6750,エレコム,電気機器,11.7,★☆☆☆☆,0.0,0.0,1.0,0.0,10.7,0.0,0.0,0.0,,,0.0,-0.4,2.7,2.4,1804,1909.0,3.3,0.8,434,MA上昇配列 / パーフェクトオーダー
3950,ザ・パック,パルプ・紙,11.7,★☆☆☆☆,0.0,0.0,2.0,0.0,9.7,0.0,0.0,0.0,,,0.0,-0.0,2.0,1.9,1406,1464.0,0.5,0.6,203,MA上昇配列 / パーフェクトオーダー / 52週高値目前
4665,ダスキン,サービス業,11.7,★☆☆☆☆,0.0,0.0,1.0,0.0,10.7,0.0,0.0,0.0,,,0.0,-2.4,2.4,1.2,4320,4543.0,3.6,0.6,531,MA上昇配列 / パーフェクトオーダー
6597,ＨＰＣシステムズ,電気機器,11.7,★☆☆☆☆,0.0,0.0,6.7,0.0,5.0,0.0,0.0,0.0,,,0.0,-4.1,5.9,7.3,3307,3750.0,10.1,4.6,264,出来高急増4.6倍
8157,都築電気,情報・通信業,11.7,★☆☆☆☆,0.0,0.0,1.0,0.0,10.7,0.0,0.0,0.0,,,0.0,-0.6,3.5,2.1,3826,4115.0,1.7,0.8,219,MA上昇配列 / パーフェクトオーダー
7173,東京きらぼしフィナンシャルグループ,銀行業,11.7,★☆☆☆☆,0.0,0.0,1.0,0.0,10.7,0.0,0.0,0.0,,,0.0,-0.2,3.4,3.8,1677,1798.0,4.2,0.6,2274,MA上昇配列 / パーフェクトオーダー
8366,滋賀銀行,銀行業,11.7,★☆☆☆☆,0.0,0.0,1.0,0.0,10.7,0.0,0.0,0.0,,,0.0,-2.4,4.3,4.9,2526,2765.0,8.3,0.4,2996,MA上昇配列 / パーフェクトオーダー
4480,メドレー,情報・通信業,11.7,★☆☆☆☆,0.0,0.0,10.0,0.0,6.7,0.0,0.0,-5.0,,,0.0,29.5,4.5,32.1,2558,2810.0,34.4,9.4,698,出来高急増9.4倍 / 買い出来高優勢 / 資金流入増 / MA上昇配列 / 過熱⚠25MA+32%
2429,ワールドホールディングス,サービス業,11.7,★☆☆☆☆,0.0,0.0,3.0,0.0,8.7,0.0,0.0,0.0,,,0.0,1.8,2.2,3.4,2644,2766.0,2.8,1.0,178,MA上昇配列
8101,ＧＳＩクレオス,卸売業,11.7,★☆☆☆☆,0.0,0.0,2.0,0.0,9.7,0.0,0.0,0.0,,,0.0,2.5,2.5,3.9,2597,2737.0,-0.4,0.9,120,MA上昇配列 / パーフェクトオーダー / 52週高値目前
9467,アルファポリス,情報・通信業,11.7,★☆☆☆☆,0.0,0.0,8.7,0.0,6.0,0.0,0.0,-3.0,,,0.0,12.1,4.1,15.7,1103,1201.0,16.3,7.3,173,出来高急増7.3倍 / 資金流入増 / 伸びすぎ注意(25MA+16%)
6638,ミマキエンジニアリング,電気機器,11.7,★☆☆☆☆,8.7,0.0,2.0,0.0,1.0,0.0,0.0,0.0,,SK hynix,-1.8,-13.8,5.0,-6.2,1767,1965.0,3.4,0.7,292,SK hynix+15.4%連動(β0.23)
280A,ＴＭＨ,卸売業,11.6,★☆☆☆☆,6.6,0.0,0.0,0.0,5.0,0.0,0.0,0.0,,SK hynix,-19.4,-13.1,6.9,9.1,1093,1269.0,23.7,0.8,112,SK hynix+15.4%連動(β0.17)
9279,ギフトホールディングス,小売業,11.5,★☆☆☆☆,0.0,0.0,2.0,0.0,9.5,0.0,0.0,0.0,,,0.0,-1.6,4.0,0.9,4669,5070.0,-5.6,1.2,489,MA上昇配列 / パーフェクトオーダー
7128,ユニソルホールディングス,卸売業,11.5,★☆☆☆☆,0.0,0.0,3.0,0.0,8.5,0.0,0.0,0.0,,,0.0,10.3,3.1,6.5,2773,2956.0,-2.6,0.9,379,MA上昇配列 / パーフェクトオーダー
6869,シスメックス,電気機器,11.5,★☆☆☆☆,0.0,0.0,1.0,0.0,10.0,0.0,0.5,0.0,,,0.0,15.7,4.1,11.6,1700,1850.5,12.0,0.5,5594,MA上昇配列 / パーフェクトオーダー / 開示[業績予想の修正](11日前)
2805,ヱスビー食品,食料品,11.5,★☆☆☆☆,0.0,0.0,2.0,0.0,9.5,0.0,0.0,0.0,,,0.0,8.9,4.8,5.1,6036,6670.0,-3.2,0.6,421,MA上昇配列 / パーフェクトオーダー
8725,ＭＳ＆ＡＤインシュアランスグループホールディングス,保険業,11.5,★☆☆☆☆,0.0,0.0,3.0,0.0,8.5,0.0,0.0,0.0,,,0.0,4.6,2.4,2.9,4687,4925.0,1.5,1.4,21896,MA上昇配列 / パーフェクトオーダー / 52週高値目前
5401,日本製鉄,鉄鋼,11.5,★☆☆☆☆,0.0,0.0,4.0,0.0,7.5,0.0,0.0,0.0,,,0.0,11.9,2.9,5.6,631,670.0,-3.9,0.5,33880,資金流入増 / MA上昇配列
2170,リンクアンドモチベーション,サービス業,11.5,★☆☆☆☆,0.0,0.0,4.0,0.0,7.5,0.0,0.0,0.0,,,0.0,1.4,4.1,2.5,578,630.0,-1.6,1.5,401,MA上昇配列 / パーフェクトオーダー
8591,オリックス,その他金融業,11.4,★☆☆☆☆,9.4,0.0,0.0,0.0,2.0,0.0,0.0,0.0,,SK hynix,1.1,-6.1,2.6,-1.3,6017,6353.0,0.3,0.6,22362,SK hynix+15.4%連動(β0.16) 未反応+1.1%
3034,クオールホールディングス,小売業,11.3,★☆☆☆☆,0.0,0.0,4.3,0.0,10.0,0.0,0.0,-3.0,,,0.0,20.0,4.3,18.4,2348,2569.0,22.7,0.8,433,買い出来高優勢 / MA上昇配列 / 伸びすぎ注意(25MA+18%)
6023,ダイハツインフィニアース,輸送用機器,11.3,★☆☆☆☆,0.0,0.0,4.3,0.0,7.0,0.0,0.0,0.0,,,0.0,8.6,4.9,9.2,2776,3080.0,3.3,1.2,659,買い出来高優勢
2695,くら寿司,小売業,11.3,★☆☆☆☆,0.0,0.0,3.3,0.0,8.0,0.0,0.0,0.0,,,0.0,0.6,2.2,2.8,1614,1688.0,1.7,0.7,451,買い出来高優勢 / MA上昇配列
3498,霞ヶ関キャピタル,不動産業,11.3,★☆☆☆☆,0.0,0.0,3.3,0.0,8.0,0.0,0.0,0.0,,,0.0,11.8,3.5,8.0,7409,7970.0,2.7,0.6,3169,買い出来高優勢 / MA上昇配列
9211,エフ・コード,サービス業,11.3,★☆☆☆☆,0.0,0.0,5.3,0.0,6.0,0.0,0.0,0.0,,,0.0,1.5,4.8,5.9,1363,1506.0,0.7,2.7,205,出来高増2.7倍
5838,楽天銀行,銀行業,11.3,★☆☆☆☆,0.0,0.0,3.3,0.0,8.0,0.0,0.0,0.0,,,0.0,8.4,3.9,10.7,5733,6220.0,7.7,1.1,6761,買い出来高優勢 / MA上昇配列
5410,合同製鐵,鉄鋼,11.3,★☆☆☆☆,0.0,0.0,3.3,0.0,8.0,0.0,0.0,0.0,,,0.0,5.5,2.2,4.4,2815,2942.0,1.5,0.6,284,買い出来高優勢 / MA上昇配列
4828,ビジネスエンジニアリング,情報・通信業,11.3,★☆☆☆☆,0.0,0.0,3.3,0.0,8.0,0.0,0.0,0.0,,,0.0,14.3,3.5,11.2,1254,1348.0,12.3,0.8,192,買い出来高優勢 / MA上昇配列
3569,セーレン,繊維製品,11.3,★☆☆☆☆,0.0,0.0,3.3,0.0,8.0,0.0,0.0,0.0,,,0.0,3.8,2.9,6.1,3304,3505.0,2.2,1.1,764,買い出来高優勢
2296,伊藤ハム米久ホールディングス,食料品,11.3,★☆☆☆☆,0.0,0.0,3.3,0.0,8.0,0.0,0.0,0.0,,,0.0,1.2,2.2,2.6,4842,5060.0,2.5,0.7,788,買い出来高優勢 / MA上昇配列
3850,エヌ・ティ・ティ・データ・イントラマート,情報・通信業,11.3,★☆☆☆☆,0.0,0.0,3.3,0.0,8.0,0.0,0.0,0.0,,,0.0,13.0,3.6,7.3,3125,3370.0,3.1,0.7,122,買い出来高優勢 / MA上昇配列
9552,クオンツ総研ホールディングス,サービス業,11.3,★☆☆☆☆,0.0,0.0,3.3,0.0,8.0,0.0,0.0,0.0,,,0.0,11.6,4.4,6.7,899,987.0,1.0,2.9,257,出来高増2.9倍 / MA上昇配列
3632,グリーホールディングス,情報・通信業,11.299999999999999,★☆☆☆☆,0.0,0.0,2.0,0.0,8.7,0.0,0.6,0.0,,,0.0,4.2,2.2,6.8,410,429.0,6.7,1.0,250,MA上昇配列 / パーフェクトオーダー / 開示[増配](11日前)
5644,メタルアート,鉄鋼,11.2,★☆☆☆☆,0.0,0.0,0.0,0.0,11.2,0.0,0.0,0.0,,,0.0,-4.5,3.0,2.6,7194,7660.0,6.2,0.3,190,MA上昇配列 / パーフェクトオーダー / 52週高値目前
8387,四国銀行,銀行業,11.2,★☆☆☆☆,0.0,0.0,3.0,0.0,8.2,0.0,0.0,0.0,,,0.0,3.9,4.2,5.0,3231,3530.0,0.4,0.8,555,MA上昇配列 / パーフェクトオーダー
8818,京阪神ビルディング,不動産業,11.2,★☆☆☆☆,0.0,0.0,3.0,0.0,8.2,0.0,0.0,0.0,,,0.0,-1.2,3.2,0.4,1033,1103.0,3.9,1.0,437,MA上昇配列 / パーフェクトオーダー
7383,ネットプロテクションズホールディングス,その他金融業,11.2,★☆☆☆☆,0.0,0.0,5.7,0.0,5.5,0.0,0.0,0.0,,,0.0,7.1,3.8,4.1,412,446.0,-1.3,4.2,330,出来高急増4.2倍 / MA上昇配列
7550,ゼンショーホールディングス,小売業,11.2,★☆☆☆☆,0.0,0.0,2.0,0.0,8.7,0.0,0.5,0.0,,,0.0,19.9,3.4,14.0,10586,11360.0,8.4,0.8,6699,MA上昇配列 / 開示[業績予想の修正](11日前)
3087,ドトール・日レスホールディングス,小売業,11.2,★☆☆☆☆,0.0,0.0,3.0,0.0,8.2,0.0,0.0,0.0,,,0.0,4.5,2.5,2.0,2994,3150.0,1.1,0.8,562,MA上昇配列 / パーフェクトオーダー
9324,安田倉庫,倉庫・運輸関連業,11.2,★☆☆☆☆,0.0,0.0,3.0,0.0,8.2,0.0,0.0,0.0,,,0.0,-3.2,2.9,1.7,2422,2571.0,3.9,0.9,275,MA上昇配列 / パーフェクトオーダー
3101,東洋紡,化学,11.100000000000001,★☆☆☆☆,6.4,0.0,0.0,0.0,4.7,0.0,0.0,0.0,,SK hynix,-1.9,-8.0,4.9,1.9,1496,1660.0,2.7,0.5,1252,SK hynix+15.4%連動(β0.17)
5210,日本山村硝子,ガラス・土石製品,11.1,★☆☆☆☆,0.0,0.0,2.0,0.0,8.0,0.0,1.1,0.0,,,0.0,3.9,2.3,5.4,2841,2979.0,5.9,0.6,178,MA上昇配列 / 開示[業績予想の修正](8日前)
3431,宮地エンジニアリンググループ,金属製品,11.1,★☆☆☆☆,0.0,0.0,2.0,0.0,8.0,0.0,1.1,0.0,,,0.0,1.3,1.7,3.0,1565,1620.0,2.1,1.1,135,MA上昇配列 / 開示[自己株式の取得](11日前) / 開示[自己株式の取得](12日前)
2918,わらべや日洋ホールディングス,食料品,11.0,★☆☆☆☆,0.0,0.0,4.3,0.0,6.7,0.0,0.0,0.0,,,0.0,1.6,1.6,1.9,2710,2801.0,1.2,1.1,315,買い出来高優勢 / MA上昇配列
8185,チヨダ,小売業,11.0,★☆☆☆☆,0.0,0.0,3.0,0.0,8.0,0.0,0.0,0.0,,,0.0,0.4,1.2,2.6,1007,1032.0,1.4,1.0,152,MA上昇配列
3048,ビックカメラ,小売業,11.0,★☆☆☆☆,0.0,0.0,4.0,0.0,7.0,0.0,0.0,0.0,,,0.0,0.5,2.3,0.3,1637,1716.0,0.4,1.5,1292,MA上昇配列 / パーフェクトオーダー
1929,日特建設,建設業,11.0,★☆☆☆☆,0.0,0.0,2.0,0.0,9.0,0.0,0.0,0.0,,,0.0,1.6,1.8,3.1,1132,1174.0,3.4,0.9,111,MA上昇配列
3036,アルコニックス,卸売業,11.0,★☆☆☆☆,0.0,0.0,5.3,0.0,10.7,0.0,0.0,-5.0,,,0.0,40.1,4.7,27.1,3307,3650.0,3.7,0.7,652,買い出来高優勢 / 資金流入増 / MA上昇配列 / パーフェクトオーダー / 過熱⚠25MA+27%
212A,フィットイージー,サービス業,11.0,★☆☆☆☆,0.0,0.0,0.0,0.0,11.0,0.0,0.0,0.0,,,0.0,3.7,3.5,6.2,2792,2999.0,-0.2,0.8,386,MA上昇配列 / パーフェクトオーダー
9119,飯野海運,海運業,11.0,★☆☆☆☆,0.0,0.0,2.0,0.0,9.0,0.0,0.0,0.0,,,0.0,6.2,3.1,7.9,1543,1645.0,4.2,1.2,392,MA上昇配列
9837,モリト,卸売業,11.0,★☆☆☆☆,0.0,0.0,0.0,0.0,11.0,0.0,0.0,0.0,,,0.0,-0.1,1.5,2.9,1806,1860.0,2.3,0.7,101,MA上昇配列 / パーフェクトオーダー
6231,木村工機,機械,11.0,★☆☆☆☆,0.0,0.0,2.0,0.0,9.0,0.0,0.0,0.0,,,0.0,2.7,4.4,9.3,12521,13740.0,15.3,1.0,182,MA上昇配列
9843,ニトリホールディングス,小売業,11.0,★☆☆☆☆,0.0,0.0,3.0,0.0,8.0,0.0,0.0,0.0,,,0.0,17.1,4.4,11.1,2657,2914.0,3.2,0.5,11196,MA上昇配列
5889,Ｊａｐａｎ　Ｅｙｅｗｅａｒ　Ｈｏｌｄｉｎｇｓ,小売業,11.0,★☆☆☆☆,0.0,0.0,1.0,0.0,10.0,0.0,0.0,0.0,,,0.0,3.2,3.1,3.5,2381,2536.0,2.7,1.2,296,MA上昇配列 / パーフェクトオーダー
1822,大豊建設,建設業,11.0,★☆☆☆☆,0.0,0.0,1.0,0.0,10.0,0.0,0.0,0.0,,,0.0,-1.4,1.6,2.5,781,808.0,4.3,1.2,123,MA上昇配列
9722,藤田観光,サービス業,11.0,★☆☆☆☆,0.0,0.0,2.0,0.0,9.0,0.0,0.0,0.0,,,0.0,17.7,4.2,14.0,2125,2322.0,3.9,0.9,635,MA上昇配列
3002,グンゼ,繊維製品,11.0,★☆☆☆☆,0.0,0.0,1.0,0.0,10.0,0.0,0.0,0.0,,,0.0,3.0,1.5,4.4,4114,4240.0,1.9,0.9,792,MA上昇配列
4503,アステラス製薬,医薬品,11.0,★☆☆☆☆,0.0,0.0,0.0,0.0,11.0,0.0,0.0,0.0,,,0.0,2.7,3.2,2.7,2137,2283.0,-1.9,0.5,15761,MA上昇配列 / パーフェクトオーダー
368A,北里,精密機器,11.0,★☆☆☆☆,0.0,0.0,3.0,0.0,8.0,0.0,0.0,0.0,,,0.0,9.0,3.1,6.8,1432,1527.0,2.4,0.9,215,MA上昇配列
2353,日本駐車場開発,不動産業,11.0,★☆☆☆☆,0.0,0.0,2.0,0.0,9.0,0.0,0.0,0.0,,,0.0,0.3,2.2,4.5,253,264.0,5.6,1.0,839,MA上昇配列
215A,タイミー,サービス業,11.0,★☆☆☆☆,0.0,0.0,1.0,0.0,10.0,0.0,0.0,0.0,,,0.0,6.0,4.2,7.7,1490,1626.0,5.2,1.1,2024,MA上昇配列 / パーフェクトオーダー
8130,サンゲツ,卸売業,11.0,★☆☆☆☆,0.0,0.0,1.0,0.0,10.0,0.0,0.0,0.0,,,0.0,0.9,1.7,2.2,3021,3130.0,0.6,0.4,598,MA上昇配列
1719,安藤・間,建設業,11.0,★☆☆☆☆,0.0,0.0,2.0,0.0,9.0,0.0,0.0,0.0,,,0.0,1.3,2.0,3.8,1828,1903.0,2.6,0.8,1363,MA上昇配列
167A,リョーサン菱洋ホールディングス,卸売業,11.0,★☆☆☆☆,0.0,0.0,3.3,0.0,7.7,0.0,0.0,0.0,,,0.0,11.7,2.9,9.9,3044,3230.0,4.5,0.7,693,買い出来高優勢 / MA上昇配列
3333,あさひ,小売業,11.0,★☆☆☆☆,0.0,0.0,2.0,0.0,9.0,0.0,0.0,0.0,,,0.0,-1.3,2.0,2.1,1317,1371.0,4.2,0.7,167,MA上昇配列
9075,福山通運,陸運業,11.0,★☆☆☆☆,0.0,0.0,0.0,0.0,11.0,0.0,0.0,0.0,,,0.0,1.0,3.3,6.0,5954,6370.0,4.6,0.9,751,MA上昇配列 / パーフェクトオーダー
4927,ポーラ・オルビスホールディングス,化学,11.0,★☆☆☆☆,0.0,0.0,3.0,0.0,8.0,0.0,0.0,0.0,,,0.0,0.3,2.8,2.1,1299,1377.5,-1.5,0.5,987,MA上昇配列
5440,共英製鋼,鉄鋼,11.0,★☆☆☆☆,0.0,0.0,3.0,0.0,8.0,0.0,0.0,0.0,,,0.0,4.8,2.5,5.3,1897,1998.0,5.8,1.2,247,MA上昇配列
4390,ＩＰＳ,情報・通信業,11.0,★☆☆☆☆,0.0,0.0,3.0,0.0,8.0,0.0,0.0,0.0,,,0.0,14.0,4.3,14.4,3735,4090.0,13.3,1.2,331,-
9551,メタウォーター,電気・ガス業,11.0,★☆☆☆☆,7.3,0.0,0.0,0.0,3.7,0.0,0.0,0.0,,SK hynix,0.7,-2.3,3.6,1.7,3008,3240.0,0.5,0.6,502,SK hynix+15.4%連動(β0.14) 未反応+0.7%
6701,日本電気,電気機器,11.0,★☆☆☆☆,0.0,0.0,3.0,0.0,8.0,0.0,0.0,0.0,,,0.0,4.2,4.8,4.1,4331,4786.0,-1.6,1.4,35548,MA上昇配列
4911,資生堂,化学,11.0,★☆☆☆☆,0.0,0.0,1.0,0.0,10.0,0.0,0.0,0.0,,,0.0,12.3,4.7,8.3,3174,3504.0,-3.2,0.4,14053,MA上昇配列 / パーフェクトオーダー
8562,福島銀行,銀行業,11.0,★☆☆☆☆,0.0,0.0,4.0,0.0,7.0,0.0,0.0,0.0,,,0.0,6.0,3.1,8.8,356,379.0,8.6,1.3,112,-
8570,イオンフィナンシャルサービス,その他金融業,11.0,★☆☆☆☆,0.0,0.0,2.0,0.0,9.0,0.0,0.0,0.0,,,0.0,1.5,2.1,2.6,1547,1614.5,-0.2,0.9,754,MA上昇配列
2395,新日本科学,サービス業,11.0,★☆☆☆☆,0.0,0.0,3.0,0.0,8.0,0.0,0.0,0.0,,,0.0,8.8,4.0,9.0,1350,1467.0,-0.2,1.0,372,MA上昇配列
5574,ＡＢＥＪＡ,情報・通信業,11.0,★☆☆☆☆,0.0,0.0,3.0,0.0,8.0,0.0,0.0,0.0,,,0.0,18.5,5.8,13.3,2587,2927.0,7.3,1.0,446,MA上昇配列
7231,トピー工業,輸送用機器,11.0,★☆☆☆☆,0.0,0.0,2.0,0.0,9.0,0.0,0.0,0.0,,,0.0,0.3,2.3,3.1,2861,2998.0,2.3,0.8,170,MA上昇配列
3687,フィックスターズ,情報・通信業,11.0,★☆☆☆☆,0.0,0.0,1.0,0.0,10.0,0.0,0.0,0.0,,,0.0,-2.2,5.3,5.5,2076,2322.0,3.7,0.7,1477,MA上昇配列 / パーフェクトオーダー
7956,ピジョン,その他製品,11.0,★☆☆☆☆,0.0,0.0,1.0,0.0,10.0,0.0,0.0,0.0,,,0.0,1.8,2.8,4.4,2007,2125.0,1.6,1.1,2209,MA上昇配列 / パーフェクトオーダー
7931,未来工業,化学,11.0,★☆☆☆☆,0.0,0.0,3.0,0.0,8.0,0.0,0.0,0.0,,,0.0,6.5,3.3,5.8,3363,3600.0,-2.8,0.5,154,MA上昇配列
6858,小野測器,電気機器,11.0,★☆☆☆☆,0.0,0.0,1.0,0.0,10.0,0.0,0.0,0.0,,,0.0,-6.2,2.9,1.5,809,859.0,3.0,0.3,140,MA上昇配列 / パーフェクトオーダー
2780,コメ兵ホールディングス,小売業,11.0,★☆☆☆☆,0.0,0.0,5.3,0.0,5.7,0.0,0.0,0.0,,,0.0,-4.7,4.0,2.0,4894,5320.0,2.3,2.7,573,出来高増2.7倍
7242,カヤバ,輸送用機器,11.0,★☆☆☆☆,0.0,0.0,2.0,0.0,9.0,0.0,0.0,0.0,,,0.0,5.3,2.8,4.6,4349,4605.0,1.3,0.6,452,MA上昇配列
4343,イオンファンタジー,サービス業,11.0,★☆☆☆☆,0.0,0.0,3.0,0.0,8.0,0.0,0.0,0.0,,,0.0,-1.3,2.5,2.8,2660,2802.0,0.8,1.0,212,MA上昇配列
7480,スズデン,卸売業,11.0,★☆☆☆☆,0.0,0.0,4.0,0.0,12.0,0.0,0.0,-5.0,,,0.0,37.6,5.3,23.8,3047,3410.0,0.7,0.6,308,資金流入増 / MA上昇配列 / パーフェクトオーダー / 過熱⚠25MA+24%
7199,プレミアグループ,その他金融業,11.0,★☆☆☆☆,0.0,0.0,0.0,0.0,11.0,0.0,0.0,0.0,,,0.0,-4.7,2.7,1.0,1996,2109.0,-1.0,0.8,456,MA上昇配列 / パーフェクトオーダー
3452,ビーロット,不動産業,11.0,★☆☆☆☆,0.0,0.0,3.3,0.0,7.7,0.0,0.0,0.0,,,0.0,-4.0,1.9,1.2,1437,1494.0,0.9,2.6,117,出来高増2.6倍 / MA上昇配列
7780,メニコン,精密機器,11.0,★☆☆☆☆,0.0,0.0,1.0,0.0,10.0,0.0,0.0,0.0,,,0.0,9.9,3.9,9.6,1805,1957.0,-6.2,1.0,539,MA上昇配列 / パーフェクトオーダー
7094,ＮｅｘＴｏｎｅ,サービス業,11.0,★☆☆☆☆,0.0,0.0,3.0,0.0,8.0,0.0,0.0,0.0,,,0.0,16.7,4.3,13.9,1587,1736.0,-0.1,0.8,146,MA上昇配列
5842,インテグラル,証券、商品先物取引業,11.0,★☆☆☆☆,0.0,0.0,5.0,0.0,6.0,0.0,0.0,0.0,,,0.0,5.2,3.7,6.4,2849,3080.0,9.8,2.0,339,-
4768,大塚商会,情報・通信業,11.0,★☆☆☆☆,0.0,0.0,1.0,0.0,10.0,0.0,0.0,0.0,,,0.0,11.6,3.7,6.8,3183,3437.0,-0.2,0.6,5763,MA上昇配列
7951,ヤマハ,その他製品,11.0,★☆☆☆☆,0.0,0.0,1.0,0.0,10.0,0.0,0.0,0.0,,,0.0,4.9,3.3,4.4,1238,1326.0,-3.7,0.7,3694,MA上昇配列 / パーフェクトオーダー
1870,矢作建設工業,建設業,11.0,★☆☆☆☆,0.0,0.0,3.3,0.0,7.7,0.0,0.0,0.0,,,0.0,9.1,2.1,9.3,2024,2114.0,6.1,1.0,326,買い出来高優勢 / MA上昇配列
3103,ユニチカ,繊維製品,11.0,★☆☆☆☆,0.0,0.0,10.0,0.0,6.0,0.0,0.0,-5.0,,,0.0,72.6,9.7,66.8,1343,1665.0,62.9,5.9,16388,出来高急増5.9倍 / 買い出来高優勢 / 資金流入増 / 過熱⚠25MA+67%
3182,オイシックス,小売業,11.0,★☆☆☆☆,0.0,0.0,1.0,0.0,10.0,0.0,0.0,0.0,,,0.0,3.0,3.3,4.5,1574,1684.0,1.8,0.8,154,MA上昇配列 / パーフェクトオーダー
7979,松風,精密機器,11.0,★☆☆☆☆,0.0,0.0,0.0,0.0,11.0,0.0,0.0,0.0,,,0.0,2.0,3.4,6.5,2177,2333.0,2.5,0.8,235,MA上昇配列 / パーフェクトオーダー
2160,ジーエヌアイグループ,医薬品,10.8,★☆☆☆☆,0.0,0.0,4.3,0.0,4.7,0.0,1.8,0.0,,,0.0,2.4,5.0,2.6,2407,2673.0,-3.7,2.7,2700,出来高増2.7倍 / 開示[業績予想の修正](4日前)
1663,Ｋ＆Ｏエナジーグループ,鉱業,10.700000000000001,★☆☆☆☆,0.0,0.0,3.3,0.0,6.0,0.0,1.4,0.0,,,0.0,3.4,2.4,6.1,1850,1945.0,8.1,1.1,441,買い出来高優勢 / 開示[業績予想の修正](6日前)
3399,丸千代山岡家,小売業,10.7,★☆☆☆☆,0.0,0.0,0.0,0.0,10.7,0.0,0.0,0.0,,,0.0,-5.9,3.1,4.1,3563,3800.0,6.1,0.6,414,MA上昇配列 / パーフェクトオーダー
4373,シンプレクス・ホールディングス,情報・通信業,10.7,★☆☆☆☆,0.0,0.0,0.0,0.0,10.7,0.0,0.0,0.0,,,0.0,4.0,4.1,4.6,1053,1146.0,4.8,0.7,1328,MA上昇配列 / パーフェクトオーダー
2292,Ｓ　Ｆｏｏｄｓ,食料品,10.7,★☆☆☆☆,0.0,0.0,3.0,0.0,7.7,0.0,0.0,0.0,,,0.0,0.6,1.8,1.5,2695,2796.0,2.5,1.9,537,MA上昇配列
3994,マネーフォワード,情報・通信業,10.7,★☆☆☆☆,0.0,0.0,2.0,0.0,8.7,0.0,0.0,0.0,,,0.0,10.7,6.5,10.8,5218,6000.0,11.2,0.9,2972,MA上昇配列 / パーフェクトオーダー
3659,ネクソン,情報・通信業,10.7,★☆☆☆☆,0.0,0.0,9.0,0.0,6.7,0.0,0.0,-5.0,,,0.0,29.7,4.8,25.2,2752,3045.0,25.3,5.4,8574,出来高急増5.4倍 / 買い出来高優勢 / MA上昇配列 / 過熱⚠25MA+25%
8253,クレディセゾン,その他金融業,10.7,★☆☆☆☆,0.0,0.0,0.0,0.0,10.7,0.0,0.0,0.0,,,0.0,-2.6,2.6,1.3,4458,4705.0,-0.6,1.1,3527,MA上昇配列 / パーフェクトオーダー
6703,沖電気工業,電気機器,10.7,★☆☆☆☆,9.2,0.0,0.0,0.0,1.5,0.0,0.0,0.0,,SK hynix,-3.6,-13.9,5.8,-3.0,2631,2978.0,8.0,0.5,2665,SK hynix+15.4%連動(β0.24)
4418,ＪＤＳＣ,情報・通信業,10.7,★☆☆☆☆,0.0,0.0,5.7,0.0,8.0,0.0,0.0,-3.0,,,0.0,-1.0,5.1,16.8,866,964.0,24.7,5.7,220,出来高急増5.7倍 / MA上昇配列 / 伸びすぎ注意(25MA+17%)
6272,レオン自動機,機械,10.7,★☆☆☆☆,0.0,0.0,0.0,0.0,10.7,0.0,0.0,0.0,,,0.0,-1.9,1.9,1.8,1485,1544.0,2.1,0.9,103,MA上昇配列 / パーフェクトオーダー
4676,フジ・メディア・ホールディングス,情報・通信業,10.7,★☆☆☆☆,0.0,0.0,0.0,0.0,10.7,0.0,0.0,0.0,,,0.0,-3.8,2.8,0.2,3873,4103.0,1.2,0.8,2314,MA上昇配列 / パーフェクトオーダー
9041,近鉄グループホールディングス,陸運業,10.7,★☆☆☆☆,0.0,0.0,2.0,0.0,8.7,0.0,0.0,0.0,,,0.0,-2.0,2.4,0.9,3362,3532.0,0.9,0.6,2248,MA上昇配列 / パーフェクトオーダー
7516,コーナン商事,小売業,10.7,★☆☆☆☆,0.0,0.0,0.0,0.0,10.7,0.0,0.0,0.0,,,0.0,0.3,2.0,1.6,4100,4270.0,0.4,0.8,402,MA上昇配列 / パーフェクトオーダー
9347,日本管財ホールディングス,サービス業,10.7,★☆☆☆☆,0.0,0.0,2.0,0.0,8.7,0.0,0.0,0.0,,,0.0,-1.1,1.8,1.7,2730,2830.0,1.7,0.6,166,MA上昇配列
4746,東計電算,情報・通信業,10.7,★☆☆☆☆,0.0,0.0,3.0,0.0,10.7,0.0,0.0,-3.0,,,0.0,31.6,4.1,19.5,5964,6490.0,-1.7,1.2,435,資金流入増 / MA上昇配列 / パーフェクトオーダー / 伸びすぎ注意(25MA+19%)
3608,ＴＳＩホールディングス,繊維製品,10.7,★☆☆☆☆,0.0,0.0,1.0,0.0,9.7,0.0,0.0,0.0,,,0.0,-1.1,1.9,2.2,1209,1257.0,3.3,1.2,291,MA上昇配列 / パーフェクトオーダー
8614,東洋証券,証券、商品先物取引業,10.7,★☆☆☆☆,0.0,0.0,0.0,0.0,10.7,0.0,0.0,0.0,,,0.0,-2.1,2.4,1.9,648,681.0,1.5,0.7,402,MA上昇配列 / パーフェクトオーダー
6960,フクダ電子,電気機器,10.7,★☆☆☆☆,0.0,0.0,0.0,0.0,10.7,0.0,0.0,0.0,,,0.0,-1.4,3.2,1.7,11047,11800.0,-0.2,0.7,574,MA上昇配列 / パーフェクトオーダー
7508,Ｇ‐７ホールディングス,小売業,10.7,★☆☆☆☆,0.0,0.0,2.0,0.0,8.7,0.0,0.0,0.0,,,0.0,-1.0,2.1,1.5,1380,1440.0,2.3,0.7,101,MA上昇配列 / パーフェクトオーダー
3449,テクノフレックス,金属製品,10.7,★☆☆☆☆,9.2,0.0,0.0,0.0,1.5,0.0,0.0,0.0,,SK hynix,-5.1,-25.5,10.5,-13.5,3321,4200.0,-1.2,0.5,1096,SK hynix+15.4%連動(β0.24)
5233,太平洋セメント,ガラス・土石製品,10.7,★☆☆☆☆,0.0,0.0,1.0,0.0,9.7,0.0,0.0,0.0,,,0.0,2.5,3.3,2.2,3922,4201.0,-0.2,0.9,2739,MA上昇配列 / パーフェクトオーダー
9506,東北電力,電気・ガス業,10.7,★☆☆☆☆,0.0,0.0,3.0,0.0,7.7,0.0,0.0,0.0,,,0.0,7.5,2.2,7.2,1201,1257.0,3.3,0.8,3371,MA上昇配列
4848,フルキャストホールディングス,サービス業,10.6,★☆☆☆☆,0.0,0.0,2.0,0.0,8.0,0.0,0.6,0.0,,,0.0,8.7,2.6,8.4,1748,1844.0,9.8,0.9,209,MA上昇配列 / 開示[自己株式取得](11日前)
5451,ヨドコウ,鉄鋼,10.6,★☆☆☆☆,0.0,0.0,1.0,0.0,9.0,0.0,0.6,0.0,,,0.0,2.5,2.2,2.7,1358,1420.0,-2.1,0.6,406,MA上昇配列 / 開示[資本業務提携](11日前)
3486,グローバル・リンク・マネジメント,不動産業,10.6,★☆☆☆☆,0.0,0.0,2.0,0.0,8.0,0.0,0.6,0.0,,,0.0,-1.2,2.7,2.7,1864,1970.0,4.9,0.7,115,MA上昇配列 / 開示[自己株式の取得](11日前)
9746,ＴＫＣ,情報・通信業,10.6,★☆☆☆☆,0.0,0.0,1.0,0.0,9.0,0.0,0.6,0.0,,,0.0,6.3,2.8,4.6,3732,3955.0,4.8,1.0,403,MA上昇配列 / 開示[増配](11日前)
6191,エアトリ,サービス業,10.5,★☆☆☆☆,0.0,0.0,4.7,0.0,0.0,0.0,5.8,0.0,,,0.0,-9.8,3.8,-4.9,781,845.0,-6.8,5.5,113,出来高急増5.5倍 / 開示[自己株式の取得](0日前) / 開示[自己株式の取得](1日前)
7575,日本ライフライン,卸売業,10.5,★☆☆☆☆,0.0,0.0,3.0,0.0,7.5,0.0,0.0,0.0,,,0.0,7.8,2.7,4.4,1433,1515.0,0.2,0.8,314,MA上昇配列
8008,ヨンドシーホールディングス,小売業,10.5,★☆☆☆☆,0.0,0.0,1.0,0.0,9.5,0.0,0.0,0.0,,,0.0,-5.1,1.9,0.8,2016,2094.0,1.9,0.9,207,MA上昇配列 / パーフェクトオーダー
7803,ブシロード,その他製品,10.5,★☆☆☆☆,0.0,0.0,3.0,0.0,7.5,0.0,0.0,0.0,,,0.0,-2.8,5.0,7.9,376,418.0,9.1,0.7,672,資金流入増 / MA上昇配列 / パーフェクトオーダー
9436,沖縄セルラー電話,情報・通信業,10.5,★☆☆☆☆,0.0,0.0,1.0,0.0,9.5,0.0,0.0,0.0,,,0.0,1.8,2.7,2.8,3791,4005.0,-3.1,0.7,519,MA上昇配列 / パーフェクトオーダー
6753,シャープ,電気機器,10.5,★☆☆☆☆,0.0,0.0,2.0,0.0,8.0,0.0,0.5,0.0,,,0.0,-3.0,4.3,0.9,583,637.5,-0.8,1.1,2462,MA上昇配列 / 開示[業績予想の修正](11日前)
7949,小松ウオール工業,その他製品,10.5,★☆☆☆☆,0.0,0.0,3.0,0.0,7.5,0.0,0.0,0.0,,,0.0,2.3,1.7,2.7,2674,2770.0,1.6,0.9,165,MA上昇配列
4733,オービックビジネスコンサルタント,情報・通信業,10.5,★☆☆☆☆,0.0,0.0,5.3,0.0,5.2,0.0,0.0,0.0,,,0.0,18.2,3.8,6.4,7395,8000.0,0.7,0.3,2906,買い出来高優勢 / 資金流入増 / MA上昇配列
2809,キユーピー,食料品,10.5,★☆☆☆☆,0.0,0.0,1.0,0.0,9.5,0.0,0.0,0.0,,,0.0,-0.8,2.8,1.6,4392,4652.0,0.1,0.5,1712,MA上昇配列 / パーフェクトオーダー
8708,アイザワ証券グループ,証券、商品先物取引業,10.5,★☆☆☆☆,0.0,0.0,3.0,0.0,7.5,0.0,0.0,0.0,,,0.0,2.4,2.7,3.4,1623,1715.0,0.9,0.7,286,MA上昇配列 / パーフェクトオーダー
5214,日本電気硝子,ガラス・土石製品,10.5,★☆☆☆☆,8.0,0.0,1.0,0.0,1.5,0.0,0.0,0.0,,SK hynix,-1.6,-13.5,5.1,-2.5,4667,5194.0,5.4,0.6,4115,SK hynix+15.4%連動(β0.21)
7611,ハイデイ日高,小売業,10.5,★☆☆☆☆,0.0,0.0,5.0,0.0,5.5,0.0,0.0,0.0,,,0.0,-1.0,2.2,1.9,2760,2888.0,1.5,1.7,696,MA上昇配列
9889,ＪＢＣＣホールディングス,情報・通信業,10.5,★☆☆☆☆,0.0,0.0,3.0,0.0,7.5,0.0,0.0,0.0,,,0.0,14.5,3.7,8.3,1577,1704.0,0.5,1.0,412,MA上昇配列
3817,ＳＲＡホールディングス,情報・通信業,10.4,★☆☆☆☆,0.0,0.0,1.0,0.0,9.0,0.0,0.4,0.0,,,0.0,0.7,2.2,2.2,4558,4770.0,-1.3,0.8,247,MA上昇配列 / 開示[自己株式の取得](12日前)
6817,スミダコーポレーション,電気機器,10.4,★☆☆☆☆,7.9,0.0,1.0,0.0,1.5,0.0,0.0,0.0,,SK hynix,-1.9,-8.2,4.1,-0.5,1166,1269.0,5.6,0.4,426,SK hynix+15.4%連動(β0.21)
4061,デンカ,化学,10.4,★☆☆☆☆,7.2,0.0,0.0,0.0,2.7,0.0,0.5,0.0,,SK hynix,-2.5,-10.1,5.8,-0.9,3186,3606.0,0.9,0.8,3358,SK hynix+15.4%連動(β0.19) / 開示[業績予想の修正](11日前)
2652,まんだらけ,小売業,10.4,★☆☆☆☆,0.0,0.0,6.7,0.0,3.7,0.0,0.0,0.0,,,0.0,-7.5,4.5,-0.3,404,444.0,-1.1,3.4,110,出来高急増3.4倍 / 資金流入増
5592,くすりの窓口,情報・通信業,10.3,★☆☆☆☆,0.0,0.0,4.3,0.0,6.0,0.0,0.0,0.0,,,0.0,9.0,4.4,11.3,2469,2710.0,10.7,2.4,202,出来高増2.4倍
8919,カチタス,不動産業,10.3,★☆☆☆☆,0.0,0.0,3.3,0.0,7.0,0.0,0.0,0.0,,,0.0,5.1,4.0,8.2,3343,3630.0,8.4,1.1,744,買い出来高優勢
1514,住石ホールディングス,鉱業,10.3,★☆☆☆☆,0.0,0.0,4.3,0.0,6.0,0.0,0.0,0.0,,,0.0,6.9,3.7,8.3,598,645.0,8.0,1.3,198,買い出来高優勢
4046,大阪ソーダ,化学,10.3,★☆☆☆☆,0.0,0.0,3.3,0.0,7.0,0.0,0.0,0.0,,,0.0,10.8,3.8,12.3,1922,2082.0,12.5,0.8,795,買い出来高優勢
6727,ワコム,電気機器,10.3,★☆☆☆☆,0.0,0.0,3.3,0.0,7.0,0.0,0.0,0.0,,,0.0,8.4,3.5,5.5,765,822.0,4.6,0.4,677,買い出来高優勢
8841,テーオーシー,不動産業,10.3,★☆☆☆☆,0.0,0.0,3.3,0.0,7.0,0.0,0.0,0.0,,,0.0,3.1,3.1,4.8,915,976.0,0.5,0.6,141,買い出来高優勢
3663,セルシス,情報・通信業,10.299999999999999,★☆☆☆☆,0.0,0.0,0.0,0.0,9.7,0.0,0.6,0.0,,,0.0,-4.4,5.4,1.0,1689,1892.0,1.2,0.6,509,MA上昇配列 / パーフェクトオーダー / 開示[増配](11日前)
5981,東京製綱,金属製品,10.2,★☆☆☆☆,0.0,0.0,2.0,0.0,8.2,0.0,0.0,0.0,,,0.0,-1.6,4.0,0.8,1833,1993.0,-3.8,1.4,201,MA上昇配列 / パーフェクトオーダー
2730,エディオン,小売業,10.2,★☆☆☆☆,0.0,0.0,2.0,0.0,8.2,0.0,0.0,0.0,,,0.0,0.6,2.6,0.5,2344,2473.0,-2.9,0.9,741,MA上昇配列 / パーフェクトオーダー
8609,岡三証券グループ,証券、商品先物取引業,10.2,★☆☆☆☆,0.0,0.0,2.0,0.0,8.2,0.0,0.0,0.0,,,0.0,0.4,3.5,1.6,1016,1092.0,-2.1,0.5,519,MA上昇配列 / パーフェクトオーダー
3864,三菱製紙,パルプ・紙,10.2,★☆☆☆☆,0.0,0.0,2.0,0.0,8.2,0.0,0.0,0.0,,,0.0,1.5,3.9,1.8,1062,1151.0,-1.6,0.4,323,MA上昇配列 / パーフェクトオーダー
2001,ニップン,食料品,10.2,★☆☆☆☆,0.0,0.0,2.0,0.0,8.2,0.0,0.0,0.0,,,0.0,-1.3,2.2,0.7,2724,2850.0,0.0,0.5,633,MA上昇配列 / パーフェクトオーダー
9278,ブックオフグループホールディングス,小売業,10.2,★☆☆☆☆,0.0,0.0,2.0,0.0,8.2,0.0,0.0,0.0,,,0.0,12.2,5.0,5.0,2514,2791.0,-5.7,0.7,501,資金流入増 / MA上昇配列 / パーフェクトオーダー
7085,カーブスホールディングス,サービス業,10.2,★☆☆☆☆,0.0,0.0,2.0,0.0,8.2,0.0,0.0,0.0,,,0.0,-4.0,2.0,0.6,915,954.0,1.7,1.5,531,MA上昇配列 / パーフェクトオーダー
4058,トヨクモ,情報・通信業,10.1,★☆☆☆☆,0.0,0.0,3.0,0.0,5.5,0.0,1.6,0.0,,,0.0,3.4,4.5,4.9,2178,2391.0,-2.1,1.3,109,MA上昇配列 / 開示[業績予想の修正](5日前)
4478,フリー,情報・通信業,10.1,★☆☆☆☆,0.0,0.0,7.7,0.0,5.5,0.0,1.9,-5.0,,,0.0,31.5,5.5,28.7,2978,3350.0,22.6,2.8,1494,出来高増2.8倍 / 買い出来高優勢 / MA上昇配列 / RSI過熱(85)⚠ / 過熱⚠25MA+29% / 開示[自己株式取得](5日前)
590A,ギフティグループ,情報・通信業,10.1,★☆☆☆☆,0.0,0.0,8.0,0.0,3.5,0.0,3.6,-5.0,,,0.0,31.2,3.8,29.0,1271,1376.0,24.5,6.5,273,出来高急増6.5倍 / 買い出来高優勢 / RSI過熱(92)⚠ / 過熱⚠25MA+29% / 開示[子会社化](4日前) / 開示[自己株式取得](4日前)
2168,パソナグループ,サービス業,10.0,★☆☆☆☆,0.0,0.0,2.0,0.0,8.0,0.0,0.0,0.0,,,0.0,2.4,2.1,3.8,1572,1640.0,2.6,0.6,284,MA上昇配列
8595,ジャフコ　グループ,証券、商品先物取引業,10.0,★☆☆☆☆,0.0,0.0,1.0,0.0,9.0,0.0,0.0,0.0,,,0.0,-4.2,1.4,0.5,2233,2297.0,2.3,0.6,854,MA上昇配列
4443,Ｓａｎｓａｎ,情報・通信業,10.0,★☆☆☆☆,0.0,0.0,0.0,0.0,10.0,0.0,0.0,0.0,,,0.0,6.0,4.7,6.4,1824,2013.0,5.9,0.8,2586,MA上昇配列 / パーフェクトオーダー
6469,放電精密加工研究所,機械,10.0,★☆☆☆☆,0.0,0.0,2.0,0.0,8.0,0.0,0.0,0.0,,,0.0,12.2,4.9,13.7,2786,3090.0,11.2,0.9,269,MA上昇配列
6814,古野電気,電気機器,10.0,★☆☆☆☆,0.0,0.0,2.0,0.0,8.0,0.0,0.0,0.0,,,0.0,6.1,4.3,6.7,7244,7920.0,2.7,0.7,3090,MA上昇配列
4813,ＡＣＣＥＳＳ,情報・通信業,10.0,★☆☆☆☆,0.0,0.0,4.0,0.0,6.0,0.0,0.0,0.0,,,0.0,17.0,7.8,11.4,342,405.0,6.3,0.8,467,資金流入増
7198,ＳＢＩアルヒ,その他金融業,10.0,★☆☆☆☆,0.0,0.0,2.0,0.0,8.0,0.0,0.0,0.0,,,0.0,1.0,1.7,3.5,813,842.0,2.8,0.9,125,MA上昇配列
2975,スター・マイカ・ホールディングス,不動産業,10.0,★☆☆☆☆,0.0,0.0,3.0,0.0,7.0,0.0,0.0,0.0,,,0.0,-1.0,2.1,5.3,1549,1618.0,4.4,1.2,243,-
299A,クラシル,サービス業,10.0,★☆☆☆☆,0.0,0.0,2.0,0.0,8.0,0.0,0.0,0.0,,,0.0,3.5,4.5,5.9,1056,1161.0,3.1,0.8,168,MA上昇配列
2962,テクニスコ,金属製品,10.0,★☆☆☆☆,0.0,0.0,0.0,0.0,10.0,0.0,0.0,0.0,,,0.0,-4.5,6.8,6.6,1173,1359.0,8.7,1.2,152,MA上昇配列 / パーフェクトオーダー
4716,日本オラクル,情報・通信業,10.0,★☆☆☆☆,0.0,0.0,2.0,0.0,8.0,0.0,0.0,0.0,,,0.0,4.3,2.9,3.9,8624,9160.0,0.5,0.7,2962,MA上昇配列
4072,電算システムホールディングス,情報・通信業,10.0,★☆☆☆☆,0.0,0.0,3.3,0.0,6.7,0.0,0.0,0.0,,,0.0,6.3,2.3,7.4,3014,3160.0,7.0,1.0,125,買い出来高優勢 / MA上昇配列
4051,ＧＭＯフィナンシャルゲート,情報・通信業,10.0,★☆☆☆☆,0.0,0.0,0.0,0.0,10.0,0.0,0.0,0.0,,,0.0,-3.3,4.0,2.8,6210,6750.0,0.7,0.9,203,MA上昇配列 / パーフェクトオーダー
4377,ワンキャリア,情報・通信業,10.0,★☆☆☆☆,0.0,0.0,5.3,0.0,7.7,0.0,0.0,-3.0,,,0.0,16.4,4.2,19.1,2318,2528.0,21.5,2.3,234,出来高増2.3倍 / MA上昇配列 / 伸びすぎ注意(25MA+19%)
5161,西川ゴム工業,ゴム製品,10.0,★☆☆☆☆,0.0,0.0,2.0,0.0,8.0,0.0,0.0,0.0,,,0.0,5.9,2.4,4.8,3264,3425.0,0.1,0.6,433,MA上昇配列
9110,ＮＳユナイテッド海運,海運業,10.0,★☆☆☆☆,0.0,0.0,4.0,0.0,11.0,0.0,0.0,-5.0,,,0.0,44.7,2.8,22.7,9864,10440.0,-0.1,0.7,1420,資金流入増 / MA上昇配列 / パーフェクトオーダー / 52週高値目前 / RSI過熱(98)⚠ / 過熱⚠25MA+23%
4914,高砂香料工業,化学,10.0,★☆☆☆☆,0.0,0.0,2.0,0.0,8.0,0.0,0.0,0.0,,,0.0,3.8,2.2,5.1,1215,1272.0,2.3,0.7,219,MA上昇配列
8139,ナガホリ,卸売業,10.0,★☆☆☆☆,0.0,0.0,5.3,0.0,4.7,0.0,0.0,0.0,,,0.0,-4.6,6.4,2.2,1901,2181.0,2.0,1.4,134,買い出来高優勢
4575,キャンバス,医薬品,10.0,★☆☆☆☆,0.0,0.0,2.0,0.0,8.0,0.0,0.0,0.0,,,0.0,5.9,4.6,8.9,736,810.0,7.6,1.1,159,MA上昇配列
4849,エン,サービス業,10.0,★☆☆☆☆,0.0,0.0,2.0,0.0,8.0,0.0,0.0,0.0,,,0.0,14.7,3.8,12.6,1359,1471.0,8.8,1.2,306,MA上昇配列
7864,フジシールインターナショナル,その他製品,10.0,★☆☆☆☆,0.0,0.0,0.0,0.0,10.0,0.0,0.0,0.0,,,0.0,5.0,2.6,5.9,3108,3280.0,1.9,0.6,479,MA上昇配列
5032,ＡＮＹＣＯＬＯＲ,情報・通信業,10.0,★☆☆☆☆,0.0,0.0,2.0,0.0,8.0,0.0,0.0,0.0,,,0.0,10.5,3.4,7.7,2613,2802.0,2.7,0.6,1487,MA上昇配列
8014,蝶理,卸売業,10.0,★☆☆☆☆,0.0,0.0,3.0,0.0,7.0,0.0,0.0,0.0,,,0.0,2.4,2.1,4.3,3969,4145.0,1.6,1.2,161,-
9509,北海道電力,電気・ガス業,10.0,★☆☆☆☆,0.0,0.0,2.0,0.0,8.0,0.0,0.0,0.0,,,0.0,0.8,2.6,3.9,1002,1057.0,3.4,0.8,2078,MA上昇配列
9842,アークランズ,小売業,10.0,★☆☆☆☆,0.0,0.0,3.0,0.0,7.0,0.0,0.0,0.0,,,0.0,-1.8,2.1,0.4,1825,1906.0,0.7,0.9,666,資金流入増 / MA上昇配列 / パーフェクトオーダー
4431,スマレジ,情報・通信業,10.0,★☆☆☆☆,0.0,0.0,0.0,0.0,10.0,0.0,0.0,0.0,,,0.0,11.9,4.2,7.8,3071,3350.0,4.7,0.7,312,MA上昇配列 / パーフェクトオーダー
7018,内海造船,輸送用機器,10.0,★☆☆☆☆,0.0,0.0,2.0,0.0,8.0,0.0,0.0,0.0,,,0.0,16.9,5.9,12.6,10704,12140.0,7.6,0.7,329,MA上昇配列
4776,サイボウズ,情報・通信業,10.0,★☆☆☆☆,0.0,0.0,2.0,0.0,8.0,0.0,0.0,0.0,,,0.0,8.3,3.7,9.1,2702,2919.0,6.1,0.8,833,MA上昇配列
4825,ウェザーニューズ,情報・通信業,10.0,★☆☆☆☆,0.0,0.0,3.0,0.0,7.0,0.0,0.0,0.0,,,0.0,-1.5,1.9,4.0,1979,2056.0,4.8,1.3,404,-
4527,ロート製薬,医薬品,10.0,★☆☆☆☆,0.0,0.0,2.0,0.0,8.0,0.0,0.0,0.0,,,0.0,9.5,3.9,9.6,2533,2750.0,-3.9,0.5,4270,MA上昇配列
9201,日本航空,空運業,10.0,★☆☆☆☆,0.0,0.0,0.0,0.0,10.0,0.0,0.0,0.0,,,0.0,0.6,2.0,2.2,2906,3029.0,-0.7,0.6,8499,MA上昇配列
6357,三精テクノロジーズ,機械,10.0,★☆☆☆☆,0.0,0.0,3.3,0.0,6.7,0.0,0.0,0.0,,,0.0,6.1,2.8,8.3,2479,2629.0,2.3,0.6,103,買い出来高優勢
3563,ＦＯＯＤ　＆　ＬＩＦＥ　ＣＯＭＰＡＮＩＥＳ,小売業,10.0,★☆☆☆☆,0.0,0.0,0.0,0.0,9.5,0.0,0.5,0.0,,,0.0,4.1,4.5,5.1,5315,5840.0,3.0,0.5,12760,MA上昇配列 / パーフェクトオーダー / 開示[業績予想の修正](11日前)
7733,オリンパス,精密機器,10.0,★☆☆☆☆,0.0,0.0,0.0,0.0,10.0,0.0,0.0,0.0,,,0.0,15.3,3.3,12.0,1938,2076.0,8.9,0.8,9277,MA上昇配列 / パーフェクトオーダー
5541,大平洋金属,鉄鋼,10.0,★☆☆☆☆,0.0,0.0,2.0,0.0,8.0,0.0,0.0,0.0,,,0.0,12.3,4.3,9.3,2433,2659.0,4.1,0.9,671,MA上昇配列
5110,住友ゴム工業,ゴム製品,10.0,★☆☆☆☆,0.0,0.0,1.0,0.0,9.0,0.0,0.0,0.0,,,0.0,2.6,3.6,3.6,2191,2360.5,-5.1,0.4,6199,MA上昇配列
9684,スクウェア・エニックス・ホールディングス,情報・通信業,10.0,★☆☆☆☆,0.0,0.0,2.0,0.0,8.0,0.0,0.0,0.0,,,0.0,11.9,4.5,7.1,2624,2886.0,4.2,0.9,4421,MA上昇配列
9470,学研ホールディングス,情報・通信業,10.0,★☆☆☆☆,0.0,0.0,0.0,0.0,10.0,0.0,0.0,0.0,,,0.0,0.2,1.6,2.9,1017,1050.0,4.7,1.1,124,MA上昇配列
9697,カプコン,情報・通信業,10.0,★☆☆☆☆,0.0,0.0,1.0,0.0,9.0,0.0,0.0,0.0,,,0.0,22.6,4.9,11.1,3729,4138.0,-0.3,0.5,14860,MA上昇配列
8194,ライフコーポレーション,小売業,10.0,★☆☆☆☆,0.0,0.0,2.0,0.0,8.0,0.0,0.0,0.0,,,0.0,2.5,2.6,2.6,2452,2585.0,-1.4,0.8,544,-
3708,特種東海製紙,パルプ・紙,9.9,★☆☆☆☆,0.0,0.0,1.0,0.0,7.0,0.0,1.9,0.0,,,0.0,-1.7,2.9,1.2,1988,2112.0,3.0,0.6,157,MA上昇配列 / パーフェクトオーダー / 開示[自己株式の取得](8日前) / 開示[自己株式の取得](11日前)
4417,グローバルセキュリティエキスパート,情報・通信業,9.899999999999999,★☆☆☆☆,0.0,0.0,0.0,0.0,8.2,0.0,1.7,0.0,,,0.0,-0.6,6.8,3.3,3934,4555.0,-8.3,0.7,281,MA上昇配列 / パーフェクトオーダー / 開示[資本業務提携](6日前)
6418,日本金銭機械,機械,9.8,★☆☆☆☆,0.0,0.0,6.3,0.0,6.5,0.0,0.0,-3.0,,,0.0,18.9,2.8,15.4,1230,1304.0,8.7,1.9,185,買い出来高優勢 / MA上昇配列 / RSI過熱(89)⚠ / 伸びすぎ注意(25MA+15%)
6998,日本タングステン,電気機器,9.8,★☆☆☆☆,0.0,0.0,5.3,0.0,9.5,0.0,0.0,-5.0,,,0.0,58.9,6.2,40.2,2793,3190.0,2.2,0.7,369,買い出来高優勢 / 資金流入増 / MA上昇配列 / パーフェクトオーダー / RSI過熱(86)⚠ / 過熱⚠25MA+40%
6232,ＡＣＳＬ,機械,9.8,★☆☆☆☆,0.0,0.0,3.0,0.0,5.0,0.0,1.8,0.0,,,0.0,-3.0,5.3,2.8,1577,1766.0,2.3,1.4,936,開示[業績予想の修正](4日前)
3196,ホットランドホールディングス,小売業,9.8,★☆☆☆☆,0.0,0.0,4.3,0.0,5.5,0.0,0.0,0.0,,,0.0,-2.3,1.9,0.6,1564,1625.0,2.5,2.4,223,出来高増2.4倍 / MA上昇配列
3636,三菱総合研究所,情報・通信業,9.7,★☆☆☆☆,0.0,0.0,1.0,0.0,8.7,0.0,0.0,0.0,,,0.0,0.3,2.6,2.5,4594,4845.0,4.5,0.7,299,MA上昇配列
2267,ヤクルト本社,食料品,9.7,★☆☆☆☆,0.0,0.0,1.0,0.0,8.7,0.0,0.0,0.0,,,0.0,-1.7,3.0,0.4,2672,2840.5,-0.4,0.8,3980,MA上昇配列 / パーフェクトオーダー
7269,スズキ,輸送用機器,9.7,★☆☆☆☆,0.0,0.0,2.0,0.0,7.7,0.0,0.0,0.0,,,0.0,-1.6,3.8,3.0,1933,2092.5,7.0,0.6,16649,MA上昇配列
4385,メルカリ,情報・通信業,9.7,★☆☆☆☆,0.0,0.0,1.0,0.0,8.7,0.0,0.0,0.0,,,0.0,-4.9,5.1,0.4,4138,4610.0,-8.3,1.1,9189,MA上昇配列 / パーフェクトオーダー
4722,フューチャー,情報・通信業,9.7,★☆☆☆☆,0.0,0.0,2.0,0.0,7.7,0.0,0.0,0.0,,,0.0,10.2,0.9,6.5,2399,2445.0,-0.0,0.7,4151,資金流入増 / MA上昇配列 / 52週高値目前
5027,ＡｎｙＭｉｎｄ　Ｇｒｏｕｐ,情報・通信業,9.7,★☆☆☆☆,0.0,0.0,8.0,0.0,6.7,0.0,0.0,-5.0,,,0.0,28.8,4.6,27.6,656,723.0,27.3,8.9,192,出来高急増8.9倍 / 買い出来高優勢 / MA上昇配列 / 過熱⚠25MA+28%
3291,飯田グループホールディングス,不動産業,9.7,★☆☆☆☆,0.0,0.0,2.0,0.0,7.7,0.0,0.0,0.0,,,0.0,-1.3,2.2,1.2,2189,2291.0,2.3,0.7,1408,MA上昇配列
7241,フタバ産業,輸送用機器,9.7,★☆☆☆☆,0.0,0.0,1.0,0.0,8.7,0.0,0.0,0.0,,,0.0,7.0,1.9,7.1,1055,1097.0,5.6,1.0,285,MA上昇配列
8425,みずほリース,その他金融業,9.7,★☆☆☆☆,0.0,0.0,2.0,0.0,7.7,0.0,0.0,0.0,,,0.0,0.0,1.9,1.5,1300,1352.0,-0.3,0.8,872,MA上昇配列
4975,ＪＣＵ,化学,9.7,★☆☆☆☆,9.7,0.0,0.0,0.0,0.0,0.0,0.0,0.0,,SK hynix,-0.1,-16.2,6.0,-6.5,5047,5740.0,3.4,0.7,746,SK hynix+15.4%連動(β0.25)
9757,船井総研ホールディングス,サービス業,9.7,★☆☆☆☆,0.0,0.0,2.0,0.0,7.7,0.0,0.0,0.0,,,0.0,-1.9,2.0,1.4,1091,1136.0,2.6,0.7,509,MA上昇配列
5020,ＥＮＥＯＳホールディングス,石油・石炭製品,9.7,★☆☆☆☆,0.0,0.0,2.0,0.0,7.2,0.0,0.5,0.0,,,0.0,-2.0,3.0,0.1,1217,1294.5,-4.1,0.7,10076,MA上昇配列 / パーフェクトオーダー / 開示[買収](11日前)
6167,冨士ダイス,機械,9.5,★☆☆☆☆,0.0,0.0,3.0,0.0,6.0,0.0,0.5,0.0,,,0.0,8.9,3.5,9.8,1007,1083.0,8.8,0.6,113,開示[業績予想の修正](11日前)
8125,ワキタ,卸売業,9.5,★☆☆☆☆,0.0,0.0,2.0,0.0,7.5,0.0,0.0,0.0,,,0.0,-0.4,1.6,2.3,1886,1948.0,0.2,0.8,328,MA上昇配列
4481,ベース,情報・通信業,9.5,★☆☆☆☆,0.0,0.0,5.3,0.0,4.2,0.0,0.0,0.0,,,0.0,-1.2,2.4,0.7,3034,3185.0,0.8,3.0,295,出来高増3.0倍 / MA上昇配列
4847,インテリジェント　ウェイブ,情報・通信業,9.5,★☆☆☆☆,0.0,0.0,3.0,0.0,9.5,0.0,0.0,-3.0,,,0.0,29.2,4.4,19.9,1162,1275.0,3.2,0.5,317,資金流入増 / MA上昇配列 / パーフェクトオーダー / RSI過熱(85)⚠ / 伸びすぎ注意(25MA+20%)
4043,トクヤマ,化学,9.5,★☆☆☆☆,8.0,0.0,0.0,0.0,1.5,0.0,0.0,0.0,,SK hynix,-4.8,-12.0,4.6,-0.6,3875,4270.0,6.1,0.6,3731,SK hynix+15.4%連動(β0.21)
3315,日本コークス工業,石油・石炭製品,9.3,★☆☆☆☆,0.0,0.0,3.3,0.0,6.0,0.0,0.0,0.0,,,0.0,0.5,4.3,4.9,93,102.0,5.2,2.2,498,出来高増2.2倍
4052,フィーチャ,情報・通信業,9.3,★☆☆☆☆,0.0,0.0,6.3,0.0,8.0,0.0,0.0,-5.0,,,0.0,137.1,17.4,52.2,378,580.0,8.8,1.3,432,買い出来高優勢 / 資金流入増 / MA上昇配列 / 過熱⚠25MA+52%
4996,クミアイ化学工業,化学,9.3,★☆☆☆☆,0.0,0.0,3.3,0.0,6.0,0.0,0.0,0.0,,,0.0,1.7,1.4,3.3,743,764.0,1.1,0.8,251,買い出来高優勢
2768,双日,卸売業,9.3,★☆☆☆☆,0.0,0.0,3.3,0.0,6.0,0.0,0.0,0.0,,,0.0,3.8,2.9,4.2,5277,5600.0,-1.2,0.7,7003,買い出来高優勢
3778,さくらインターネット,情報・通信業,9.3,★☆☆☆☆,0.0,0.0,4.3,0.0,10.0,0.0,0.0,-5.0,,,0.0,26.3,6.5,20.2,3305,3800.0,10.5,1.0,4678,買い出来高優勢 / MA上昇配列 / パーフェクトオーダー / 過熱⚠25MA+20%
4635,東京インキ,化学,9.3,★☆☆☆☆,0.0,0.0,5.3,0.0,9.0,0.0,0.0,-5.0,,,0.0,45.0,4.4,29.9,1892,2072.0,1.2,0.5,116,買い出来高優勢 / 資金流入増 / MA上昇配列 / 52週高値目前 / RSI過熱(86)⚠ / 過熱⚠25MA+30%
6932,遠藤照明,電気機器,9.2,★☆☆☆☆,0.0,0.0,2.0,0.0,7.2,0.0,0.0,0.0,,,0.0,2.8,3.1,2.6,2477,2638.0,-0.8,0.6,134,MA上昇配列 / パーフェクトオーダー
1605,ＩＮＰＥＸ,鉱業,9.2,★☆☆☆☆,0.0,0.0,2.0,0.0,6.0,0.0,1.2,0.0,,,0.0,6.5,3.1,5.7,3544,3775.0,7.9,0.8,17458,開示[業績予想の修正](11日前) / 開示[自己株式の取得](11日前)
6744,能美防災,電気機器,9.2,★☆☆☆☆,0.0,0.0,2.0,0.0,7.2,0.0,0.0,0.0,,,0.0,0.8,2.8,1.2,4204,4450.0,-3.4,1.0,405,MA上昇配列 / パーフェクトオーダー
2354,ＹＥ　ＤＩＧＩＴＡＬ,情報・通信業,9.2,★☆☆☆☆,0.0,0.0,3.0,0.0,6.2,0.0,0.0,0.0,,,0.0,31.6,10.1,7.9,1055,1322.0,3.0,0.2,3906,資金流入増 / MA上昇配列 / パーフェクトオーダー
9861,吉野家ホールディングス,小売業,9.2,★☆☆☆☆,0.0,0.0,1.0,0.0,8.2,0.0,0.0,0.0,,,0.0,-0.4,2.7,0.7,3531,3733.0,-1.0,1.0,2283,MA上昇配列 / パーフェクトオーダー
7915,ＮＩＳＳＨＡ,その他製品,9.2,★☆☆☆☆,6.7,0.0,0.0,0.0,2.5,0.0,0.0,0.0,,SK hynix,-4.0,-3.0,3.2,0.8,1249,1334.0,6.5,0.8,357,SK hynix+15.4%連動(β0.17)
8016,オンワードホールディングス,繊維製品,9.2,★☆☆☆☆,0.0,0.0,1.0,0.0,8.2,0.0,0.0,0.0,,,0.0,-0.5,1.5,1.2,739,761.0,-1.9,1.3,520,MA上昇配列 / パーフェクトオーダー
3148,クリエイトＳＤホールディングス,小売業,9.2,★☆☆☆☆,0.0,0.0,1.0,0.0,8.2,0.0,0.0,0.0,,,0.0,-3.9,2.1,0.2,3204,3345.0,1.8,0.6,355,MA上昇配列 / パーフェクトオーダー
4933,Ｉ－ｎｅ,化学,9.2,★☆☆☆☆,0.0,0.0,2.0,0.0,6.7,0.0,0.5,0.0,,,0.0,13.6,3.1,12.8,1353,1444.0,13.8,1.0,105,MA上昇配列 / 開示[業績予想の修正](11日前)
2492,インフォマート,サービス業,9.2,★☆☆☆☆,0.0,0.0,3.0,0.0,6.2,0.0,0.0,0.0,,,0.0,15.3,6.9,5.6,490,568.0,-2.9,0.9,1985,MA上昇配列 / パーフェクトオーダー
9536,西部ガスホールディングス,電気・ガス業,9.2,★☆☆☆☆,0.0,0.0,1.0,0.0,8.2,0.0,0.0,0.0,,,0.0,-0.7,1.7,1.1,2301,2382.0,1.1,1.1,174,MA上昇配列 / パーフェクトオーダー
8923,トーセイ,不動産業,9.2,★☆☆☆☆,0.0,0.0,1.0,0.0,8.2,0.0,0.0,0.0,,,0.0,-6.5,2.4,0.5,1704,1790.0,1.6,0.6,435,MA上昇配列 / パーフェクトオーダー
8242,エイチ・ツー・オー　リテイリング,小売業,9.2,★☆☆☆☆,0.0,0.0,1.0,0.0,8.2,0.0,0.0,0.0,,,0.0,-3.8,3.0,0.1,2669,2837.5,1.7,0.6,1346,MA上昇配列 / パーフェクトオーダー
3543,コメダホールディングス,卸売業,9.2,★☆☆☆☆,0.0,0.0,3.0,0.0,6.2,0.0,0.0,0.0,,,0.0,-1.6,1.6,0.5,2792,2881.0,1.2,1.6,789,MA上昇配列
3612,ワールド,繊維製品,9.2,★☆☆☆☆,0.0,0.0,1.0,0.0,8.2,0.0,0.0,0.0,,,0.0,-3.7,1.5,1.0,1578,1627.0,1.3,1.4,522,MA上昇配列 / パーフェクトオーダー
543A,ＡＲＣＨＩＯＮ,輸送用機器,9.1,★☆☆☆☆,0.0,0.0,4.0,0.0,3.7,0.0,1.4,0.0,,,0.0,-6.3,4.1,0.8,264,287.0,3.6,1.5,9777,資金流入増 / 開示[業績予想の修正](6日前)
3907,シリコンスタジオ,情報・通信業,9.0,★☆☆☆☆,0.0,0.0,4.0,0.0,10.0,0.0,0.0,-5.0,,,0.0,109.3,17.4,28.6,961,1475.0,-11.8,0.2,1828,資金流入増 / MA上昇配列 / パーフェクトオーダー / 過熱⚠25MA+29%
4222,児玉化学工業,化学,9.0,★☆☆☆☆,0.0,0.0,7.3,0.0,4.7,0.0,0.0,-3.0,,,0.0,10.1,5.0,15.5,642,713.0,17.3,1.7,337,買い出来高優勢 / 資金流入増 / 伸びすぎ注意(25MA+15%)
1852,淺沼組,建設業,9.0,★☆☆☆☆,0.0,0.0,1.0,0.0,8.0,0.0,0.0,0.0,,,0.0,4.0,1.9,4.8,884,920.0,0.9,1.1,493,MA上昇配列
2471,エスプール,サービス業,9.0,★☆☆☆☆,0.0,0.0,1.0,0.0,8.0,0.0,0.0,0.0,,,0.0,7.7,2.8,8.2,280,297.0,7.6,0.8,135,MA上昇配列
7832,バンダイナムコホールディングス,その他製品,9.0,★☆☆☆☆,0.0,0.0,2.0,0.0,10.0,0.0,0.0,-3.0,,,0.0,26.2,4.5,16.3,4851,5332.0,-1.2,0.5,16287,MA上昇配列 / 伸びすぎ注意(25MA+16%)
5021,コスモエネルギーホールディングス,石油・石炭製品,9.0,★☆☆☆☆,0.0,0.0,0.0,0.0,9.0,0.0,0.0,0.0,,,0.0,5.3,2.9,5.2,3903,4146.0,1.4,0.8,2433,MA上昇配列
2982,ＡＤワークスグループ,不動産業,9.0,★☆☆☆☆,0.0,0.0,0.0,0.0,9.0,0.0,0.0,0.0,,,0.0,-1.2,2.5,3.9,406,428.0,7.0,1.0,140,MA上昇配列
5242,アイズ,情報・通信業,9.0,★☆☆☆☆,0.0,0.0,4.0,0.0,5.0,0.0,0.0,0.0,,,0.0,93.6,12.7,8.2,1507,2019.0,-0.5,0.0,151,資金流入増 / MA上昇配列 / パーフェクトオーダー
9416,ビジョン,情報・通信業,9.0,★☆☆☆☆,0.0,0.0,1.0,0.0,8.0,0.0,0.0,0.0,,,0.0,0.1,2.1,2.3,1000,1043.0,2.7,1.2,359,MA上昇配列
2220,亀田製菓,食料品,9.0,★☆☆☆☆,0.0,0.0,0.0,0.0,9.0,0.0,0.0,0.0,,,0.0,4.0,2.7,5.9,1273,1345.0,3.5,0.6,263,MA上昇配列
9824,泉州電業,卸売業,9.0,★☆☆☆☆,0.0,0.0,1.0,0.0,8.0,0.0,0.0,0.0,,,0.0,-1.0,3.3,6.6,6376,6830.0,3.2,0.4,474,-
290A,Ｓｙｎｓｐｅｃｔｉｖｅ,情報・通信業,9.0,★☆☆☆☆,0.0,0.0,3.0,0.0,6.0,0.0,0.0,0.0,,,0.0,10.4,5.1,14.5,1276,1420.0,5.0,1.3,2051,-
9766,コナミグループ,情報・通信業,9.0,★☆☆☆☆,0.0,0.0,0.0,0.0,9.0,0.0,0.0,0.0,,,0.0,14.9,4.8,8.1,19519,21595.0,2.6,0.7,13997,MA上昇配列
1301,極洋,水産・農林業,9.0,★☆☆☆☆,0.0,0.0,0.0,0.0,9.0,0.0,0.0,0.0,,,0.0,0.9,1.9,3.4,4540,4715.0,2.4,0.6,233,MA上昇配列
1820,西松建設,建設業,9.0,★☆☆☆☆,0.0,0.0,2.0,0.0,7.0,0.0,0.0,0.0,,,0.0,1.3,2.0,3.2,5308,5527.0,1.5,0.7,699,-
9603,エイチ・アイ・エス,サービス業,9.0,★☆☆☆☆,0.0,0.0,1.0,0.0,8.0,0.0,0.0,0.0,,,0.0,7.6,3.3,6.8,1051,1126.0,0.8,0.5,612,MA上昇配列
247A,Ａｉロボティクス,化学,9.0,★☆☆☆☆,0.0,0.0,8.0,0.0,6.0,0.0,0.0,-5.0,,,0.0,21.2,4.3,20.9,913,999.0,20.8,7.8,824,出来高急増7.8倍 / 買い出来高優勢 / 過熱⚠25MA+21%
4396,システムサポートホールディングス,情報・通信業,9.0,★☆☆☆☆,0.0,0.0,4.3,0.0,7.7,0.0,0.0,-3.0,,,0.0,24.3,3.8,19.6,1268,1373.0,20.5,1.2,168,買い出来高優勢 / MA上昇配列 / 伸びすぎ注意(25MA+20%)
6245,ヒラノテクシード,機械,9.0,★☆☆☆☆,0.0,0.0,3.0,0.0,6.0,0.0,0.0,0.0,,,0.0,4.3,3.4,8.7,1691,1815.0,11.7,1.3,165,-
6027,弁護士ドットコム,サービス業,9.0,★☆☆☆☆,0.0,0.0,7.3,0.0,6.7,0.0,0.0,-5.0,,,0.0,37.1,5.7,35.7,2978,3360.0,40.7,1.8,599,買い出来高優勢 / 資金流入増 / MA上昇配列 / 過熱⚠25MA+36%
6289,技研製作所,機械,9.0,★☆☆☆☆,0.0,0.0,1.0,0.0,8.0,0.0,0.0,0.0,,,0.0,-0.5,2.2,2.8,1856,1943.0,3.1,0.8,126,MA上昇配列
2146,ＵＴグループ,サービス業,9.0,★☆☆☆☆,0.0,0.0,3.0,0.0,7.7,0.0,1.3,-3.0,,,0.0,21.4,4.0,18.3,207,225.0,23.0,0.8,1640,MA上昇配列 / 伸びすぎ注意(25MA+18%) / 開示[自己株式の取得](11日前) / 開示[自己株式取得](11日前)
4612,日本ペイントホールディングス,化学,9.0,★☆☆☆☆,0.0,0.0,0.0,0.0,8.5,0.0,0.5,0.0,,,0.0,10.7,3.2,5.1,1156,1236.0,-1.9,0.6,5519,MA上昇配列 / パーフェクトオーダー / 開示[業績予想の修正](11日前)
3635,コーエーテクモホールディングス,情報・通信業,9.0,★☆☆☆☆,0.0,0.0,1.0,0.0,8.0,0.0,0.0,0.0,,,0.0,4.0,3.4,4.5,1548,1660.0,2.5,0.7,2457,MA上昇配列
3668,コロプラ,情報・通信業,9.0,★☆☆☆☆,0.0,0.0,1.0,0.0,8.0,0.0,0.0,0.0,,,0.0,3.4,3.0,4.9,390,415.0,2.2,0.8,231,MA上昇配列
5885,ジーデップ・アドバンス,卸売業,9.0,★☆☆☆☆,0.0,0.0,3.0,0.0,6.0,0.0,0.0,0.0,,,0.0,9.3,4.1,10.1,2875,3135.0,7.0,1.2,147,-
6330,東洋エンジニアリング,建設業,9.0,★☆☆☆☆,0.0,0.0,6.0,0.0,6.0,0.0,0.0,-3.0,,,0.0,25.1,6.6,19.5,2117,2438.0,17.7,1.8,6802,資金流入増 / 伸びすぎ注意(25MA+19%)
7868,広済堂ホールディングス,その他製品,9.0,★☆☆☆☆,0.0,0.0,3.0,0.0,6.0,0.0,0.0,0.0,,,0.0,7.2,3.1,8.8,541,577.0,10.5,1.5,269,-
4544,Ｈ．Ｕ．グループホールディングス,サービス業,9.0,★☆☆☆☆,0.0,0.0,0.0,0.0,9.0,0.0,0.0,0.0,,,0.0,1.7,3.2,3.1,3316,3542.0,1.9,1.1,882,MA上昇配列
8282,ケーズホールディングス,小売業,9.0,★☆☆☆☆,0.0,0.0,3.3,0.0,5.7,0.0,0.0,0.0,,,0.0,4.2,3.0,2.2,1799,1912.0,0.8,0.7,1591,買い出来高優勢
8219,青山商事,小売業,9.0,★☆☆☆☆,0.0,0.0,0.0,0.0,9.0,0.0,0.0,0.0,,,0.0,1.3,2.1,2.4,718,750.0,1.8,0.6,485,MA上昇配列
6417,ＳＡＮＫＹＯ,機械,9.0,★☆☆☆☆,0.0,0.0,1.0,0.0,8.0,0.0,0.0,0.0,,,0.0,10.8,3.0,5.5,1786,1899.0,-1.0,0.7,1981,MA上昇配列
7388,ＦＰパートナー,保険業,9.0,★☆☆☆☆,0.0,0.0,1.0,0.0,8.0,0.0,0.0,0.0,,,0.0,-3.9,2.0,2.3,2150,2239.0,3.7,1.1,106,MA上昇配列
5243,ｎｏｔｅ,情報・通信業,9.0,★☆☆☆☆,0.0,0.0,2.0,0.0,10.0,0.0,0.0,-3.0,,,0.0,13.7,5.8,17.5,2277,2573.0,13.1,0.6,745,MA上昇配列 / パーフェクトオーダー / 伸びすぎ注意(25MA+17%)
6745,ホーチキ,電気機器,9.0,★☆☆☆☆,0.0,0.0,2.0,0.0,7.0,0.0,0.0,0.0,,,0.0,4.8,4.6,5.7,1897,2087.0,2.3,0.8,384,-
6166,中村超硬,機械,9.0,★☆☆☆☆,0.0,0.0,0.0,0.0,9.0,0.0,0.0,0.0,,,0.0,-6.5,4.5,1.2,600,660.0,3.8,0.6,183,MA上昇配列 / パーフェクトオーダー
7779,ＣＹＢＥＲＤＹＮＥ,精密機器,9.0,★☆☆☆☆,0.0,0.0,3.0,0.0,6.0,0.0,0.0,0.0,,,0.0,-0.1,3.8,5.9,223,242.0,5.7,1.5,310,-
1934,ユアテック,建設業,9.0,★☆☆☆☆,0.0,0.0,3.0,0.0,6.0,0.0,0.0,0.0,,,0.0,1.3,3.2,4.3,2339,2498.0,1.3,0.6,422,-
9513,電源開発,電気・ガス業,9.0,★☆☆☆☆,0.0,0.0,2.0,0.0,7.0,0.0,0.0,0.0,,,0.0,3.7,2.3,3.6,3756,3933.0,0.5,0.8,2658,-
2726,パルグループホールディングス,小売業,9.0,★☆☆☆☆,0.0,0.0,1.0,0.0,8.0,0.0,0.0,0.0,,,0.0,0.2,3.0,0.9,1389,1477.0,-0.9,0.5,1279,MA上昇配列
3028,アルペン,小売業,9.0,★☆☆☆☆,0.0,0.0,1.0,0.0,8.0,0.0,0.0,0.0,,,0.0,5.1,2.3,5.6,2247,2353.0,2.6,1.0,288,MA上昇配列
6523,ＰＨＣホールディングス,電気機器,9.0,★☆☆☆☆,0.0,0.0,5.3,0.0,8.7,0.0,0.0,-5.0,,,0.0,23.0,4.0,20.8,1282,1395.0,6.4,1.2,778,買い出来高優勢 / 資金流入増 / MA上昇配列 / パーフェクトオーダー / 過熱⚠25MA+21%
8237,松屋,小売業,8.8,★☆☆☆☆,0.0,0.0,3.3,0.0,5.5,0.0,0.0,0.0,,,0.0,6.8,5.9,5.7,1766,2003.0,-7.9,0.6,621,買い出来高優勢 / MA上昇配列
9830,トラスコ中山,卸売業,8.7,★☆☆☆☆,0.0,0.0,3.0,0.0,5.2,0.0,0.5,0.0,,,0.0,-3.0,2.8,0.1,2251,2382.0,1.1,0.7,398,MA上昇配列 / 開示[業績予想の修正](11日前)
1814,大末建設,建設業,8.7,★☆☆☆☆,0.0,0.0,1.0,0.0,7.7,0.0,0.0,0.0,,,0.0,0.8,3.8,3.3,3440,3720.0,0.8,0.4,372,MA上昇配列
4483,ＪＭＤＣ,情報・通信業,8.7,★☆☆☆☆,0.0,0.0,2.0,0.0,6.7,0.0,0.0,0.0,,,0.0,1.3,4.8,3.4,3050,3370.0,-0.1,0.9,1288,MA上昇配列
4528,小野薬品工業,医薬品,8.7,★☆☆☆☆,0.0,0.0,0.0,0.0,8.7,0.0,0.0,0.0,,,0.0,-0.9,2.7,0.4,2280,2408.5,1.2,0.9,4015,MA上昇配列 / パーフェクトオーダー
3252,地主,不動産業,8.7,★☆☆☆☆,0.0,0.0,3.0,0.0,5.7,0.0,0.0,0.0,,,0.0,-1.9,1.9,2.1,2857,2969.0,4.6,1.8,363,-
4323,日本システム技術,情報・通信業,8.7,★☆☆☆☆,0.0,0.0,2.0,0.0,6.7,0.0,0.0,0.0,,,0.0,0.7,3.3,3.4,1792,1920.0,4.9,1.0,106,MA上昇配列
9143,ＳＧホールディングス,陸運業,8.7,★☆☆☆☆,0.0,0.0,0.0,0.0,8.7,0.0,0.0,0.0,,,0.0,-1.1,2.7,2.6,1543,1631.5,5.9,1.0,2310,MA上昇配列 / パーフェクトオーダー
2749,ＪＰホールディングス,サービス業,8.7,★☆☆☆☆,0.0,0.0,1.0,0.0,7.7,0.0,0.0,0.0,,,0.0,-0.0,2.2,2.4,615,643.0,4.0,1.1,179,MA上昇配列
547A,ムニノバホールディングス,その他金融業,8.7,★☆☆☆☆,0.0,0.0,2.0,0.0,6.7,0.0,0.0,0.0,,,0.0,-1.3,2.7,0.2,427,451.0,-3.0,0.7,923,MA上昇配列
1407,ウエストホールディングス,建設業,8.7,★☆☆☆☆,0.0,0.0,0.0,0.0,8.7,0.0,0.0,0.0,,,0.0,-1.9,6.0,6.0,2460,2794.0,4.2,0.7,1513,MA上昇配列 / パーフェクトオーダー
3050,ＤＣＭホールディングス,小売業,8.7,★☆☆☆☆,0.0,0.0,0.0,0.0,8.7,0.0,0.0,0.0,,,0.0,1.8,2.1,2.2,1496,1562.0,0.9,0.6,399,MA上昇配列
8877,エスリード,不動産業,8.7,★☆☆☆☆,0.0,0.0,2.0,0.0,6.7,0.0,0.0,0.0,,,0.0,-0.7,2.0,3.3,5127,5340.0,4.9,1.3,148,MA上昇配列
2282,日本ハム,食料品,8.7,★☆☆☆☆,0.0,0.0,1.0,0.0,7.7,0.0,0.0,0.0,,,0.0,-1.1,3.1,1.4,5921,6306.0,3.2,0.6,4159,MA上昇配列
2908,フジッコ,食料品,8.7,★☆☆☆☆,0.0,0.0,1.0,0.0,7.7,0.0,0.0,0.0,,,0.0,-1.3,1.9,1.3,1526,1585.0,1.7,0.7,106,MA上昇配列
7014,名村造船所,輸送用機器,8.7,★☆☆☆☆,0.0,0.0,2.0,0.0,6.7,0.0,0.0,0.0,,,0.0,10.3,5.5,7.7,4013,4510.0,4.2,0.7,5853,MA上昇配列
6706,電気興業,電気機器,8.7,★☆☆☆☆,0.0,0.0,2.0,0.0,6.7,0.0,0.0,0.0,,,0.0,11.3,2.9,10.4,3237,3435.0,7.3,0.9,122,-
5201,ＡＧＣ,ガラス・土石製品,8.6,★☆☆☆☆,7.1,0.0,0.0,0.0,1.5,0.0,0.0,0.0,,SK hynix,0.3,-10.2,3.3,-1.8,5605,5996.0,3.2,0.6,9929,SK hynix+15.4%連動(β0.16)
3696,セレス,情報・通信業,8.5,★☆☆☆☆,0.0,0.0,1.0,0.0,7.5,0.0,0.0,0.0,,,0.0,-3.5,4.1,1.8,1971,2147.0,4.4,1.0,395,MA上昇配列 / パーフェクトオーダー
6498,キッツ,機械,8.3,★☆☆☆☆,8.3,0.0,0.0,0.0,0.0,0.0,0.0,0.0,,SK hynix,-0.2,-15.1,5.9,-6.0,1847,2094.0,0.1,0.6,783,SK hynix+15.4%連動(β0.22)
6838,多摩川ホールディングス,電気機器,8.3,★☆☆☆☆,0.0,0.0,3.3,0.0,5.0,0.0,0.0,0.0,,,0.0,6.8,5.9,11.8,1398,1586.0,10.4,0.9,345,買い出来高優勢
6522,アスタリスク,電気機器,8.3,★☆☆☆☆,0.0,0.0,3.3,0.0,10.0,0.0,0.0,-5.0,,,0.0,35.3,10.3,22.1,1653,2081.0,13.7,1.0,3095,買い出来高優勢 / MA上昇配列 / パーフェクトオーダー / 過熱⚠25MA+22%
2502,アサヒグループホールディングス,食料品,8.2,★☆☆☆☆,0.0,0.0,3.0,0.0,5.2,0.0,0.0,0.0,,,0.0,1.4,3.3,0.3,1552,1661.0,-2.0,1.1,13721,MA上昇配列
7867,タカラトミー,その他製品,8.2,★☆☆☆☆,0.0,0.0,2.0,0.0,6.2,0.0,0.0,0.0,,,0.0,0.3,3.8,1.5,3325,3600.0,-0.1,0.5,2772,MA上昇配列 / パーフェクトオーダー
7888,三光合成,化学,8.2,★☆☆☆☆,0.0,0.0,3.0,0.0,5.2,0.0,0.0,0.0,,,0.0,-1.9,3.0,2.2,880,936.0,-1.1,0.5,178,MA上昇配列
9303,住友倉庫,倉庫・運輸関連業,8.2,★☆☆☆☆,0.0,0.0,0.0,0.0,8.2,0.0,0.0,0.0,,,0.0,-0.4,2.6,0.7,3839,4050.0,-2.9,0.6,525,MA上昇配列 / パーフェクトオーダー
9869,加藤産業,卸売業,8.2,★☆☆☆☆,0.0,0.0,2.0,0.0,6.2,0.0,0.0,0.0,,,0.0,1.0,2.6,1.3,6064,6400.0,-0.3,0.5,257,MA上昇配列
5943,ノーリツ,金属製品,8.2,★☆☆☆☆,0.0,0.0,0.0,0.0,8.2,0.0,0.0,0.0,,,0.0,-1.3,1.9,1.3,2297,2390.0,0.4,0.9,194,MA上昇配列 / パーフェクトオーダー
7313,テイ・エス　テック,輸送用機器,8.2,★☆☆☆☆,0.0,0.0,2.0,0.0,6.2,0.0,0.0,0.0,,,0.0,0.2,1.7,1.8,1769,1830.5,0.5,0.6,582,MA上昇配列
9605,東映,情報・通信業,8.2,★☆☆☆☆,0.0,0.0,0.0,0.0,8.2,0.0,0.0,0.0,,,0.0,-1.1,3.6,0.1,5486,5910.0,-1.3,0.7,618,MA上昇配列 / パーフェクトオーダー
2154,オープンアップグループ,サービス業,8.2,★☆☆☆☆,0.0,0.0,0.0,0.0,8.2,0.0,0.0,0.0,,,0.0,-1.0,2.6,1.4,1919,2023.0,2.8,0.8,369,MA上昇配列 / パーフェクトオーダー
6058,ベクトル,サービス業,8.2,★☆☆☆☆,0.0,0.0,0.0,0.0,8.2,0.0,0.0,0.0,,,0.0,4.1,3.2,1.9,1719,1837.0,-0.6,0.4,722,MA上昇配列 / パーフェクトオーダー
7532,パン・パシフィック・インターナショナルホールディングス,小売業,8.2,★☆☆☆☆,0.0,0.0,0.0,0.0,5.2,0.0,3.0,0.0,,,0.0,1.0,3.1,1.4,852,909.0999755859375,-0.9,0.8,8589,MA上昇配列 / 開示[増配](0日前)
3405,クラレ,化学,8.2,★☆☆☆☆,0.0,0.0,1.0,0.0,7.2,0.0,0.0,0.0,,,0.0,1.2,3.5,1.1,1721,1851.0,-5.3,0.7,4338,MA上昇配列 / パーフェクトオーダー
4732,ユー・エス・エス,サービス業,8.2,★☆☆☆☆,0.0,0.0,0.0,0.0,8.2,0.0,0.0,0.0,,,0.0,-2.5,1.9,0.2,1921,1996.0,0.5,0.8,2214,MA上昇配列 / パーフェクトオーダー
7453,良品計画,小売業,8.2,★☆☆☆☆,0.0,0.0,0.0,0.0,8.2,0.0,0.0,0.0,,,0.0,-4.1,3.3,1.5,4057,4345.0,-1.5,0.7,14827,MA上昇配列 / パーフェクトオーダー
9202,ＡＮＡホールディングス,空運業,8.2,★☆☆☆☆,0.0,0.0,0.0,0.0,8.2,0.0,0.0,0.0,,,0.0,-0.6,2.1,0.3,2956,3088.0,-1.7,0.8,8153,MA上昇配列 / パーフェクトオーダー
8771,イー・ギャランティ,その他金融業,8.2,★☆☆☆☆,0.0,0.0,2.0,0.0,6.2,0.0,0.0,0.0,,,0.0,-3.8,2.3,0.6,1778,1862.0,0.1,1.5,215,MA上昇配列 / パーフェクトオーダー
7309,シマノ,輸送用機器,8.2,★☆☆☆☆,0.0,0.0,2.0,0.0,6.2,0.0,0.0,0.0,,,0.0,4.1,3.7,1.8,18071,19530.0,-1.9,0.5,7738,MA上昇配列 / パーフェクトオーダー
6564,ミダックホールディングス,サービス業,8.2,★☆☆☆☆,0.0,0.0,2.0,0.0,6.2,0.0,0.0,0.0,,,0.0,-1.2,4.0,1.7,2049,2225.0,-1.2,1.0,113,MA上昇配列 / パーフェクトオーダー
6345,アイチ　コーポレーション,機械,8.2,★☆☆☆☆,0.0,0.0,0.0,0.0,8.2,0.0,0.0,0.0,,,0.0,-2.4,1.8,0.2,1365,1416.0,0.1,1.1,184,MA上昇配列 / パーフェクトオーダー
1909,日本ドライケミカル,機械,8.2,★☆☆☆☆,0.0,0.0,0.0,0.0,8.2,0.0,0.0,0.0,,,0.0,-3.3,0.2,0.1,3683,3700.0,-0.1,0.5,453,MA上昇配列 / パーフェクトオーダー
278A,Ｔｅｒｒａ　Ｄｒｏｎｅ,精密機器,8.2,★☆☆☆☆,0.0,0.0,2.0,0.0,6.2,0.0,0.0,0.0,,,0.0,10.1,10.2,10.8,10977,13780.0,14.2,1.0,19170,資金流入増 / MA上昇配列 / パーフェクトオーダー
3480,ジェイ・エス・ビー,不動産業,8.0,★☆☆☆☆,0.0,0.0,3.3,0.0,4.7,0.0,0.0,0.0,,,0.0,-3.9,1.4,-0.3,8716,8960.0,-0.1,2.3,704,出来高増2.3倍 / 52週高値目前
6217,津田駒工業,機械,8.0,★☆☆☆☆,0.0,0.0,8.0,0.0,5.0,0.0,0.0,-5.0,,,0.0,17.7,6.2,22.8,813,928.0,26.3,4.7,141,出来高急増4.7倍 / 買い出来高優勢 / 過熱⚠25MA+23%
2158,ＦＲＯＮＴＥＯ,サービス業,8.0,★☆☆☆☆,0.0,0.0,3.3,0.0,4.7,0.0,0.0,0.0,,,0.0,-3.3,3.2,1.2,603,644.0,1.9,2.6,114,出来高増2.6倍
2986,ＬＡホールディングス,不動産業,8.0,★☆☆☆☆,0.0,0.0,2.0,0.0,6.0,0.0,0.0,0.0,,,0.0,-1.6,2.8,3.4,2675,2832.0,6.7,0.5,597,-
6378,木村化工機,機械,8.0,★☆☆☆☆,0.0,0.0,0.0,0.0,8.0,0.0,0.0,0.0,,,0.0,1.6,3.4,5.8,1217,1306.0,4.2,0.9,174,MA上昇配列
1813,不動テトラ,建設業,8.0,★☆☆☆☆,0.0,0.0,2.0,0.0,6.0,0.0,0.0,0.0,,,0.0,3.6,2.8,5.5,2715,2877.0,6.2,0.7,259,-
1662,石油資源開発,鉱業,8.0,★☆☆☆☆,0.0,0.0,2.0,0.0,6.0,0.0,0.0,0.0,,,0.0,4.2,3.1,4.7,1708,1820.0,4.6,0.6,2512,-
2325,ＮＪＳ,サービス業,8.0,★☆☆☆☆,0.0,0.0,2.0,0.0,6.0,0.0,0.0,0.0,,,0.0,4.9,2.9,5.8,4456,4730.0,5.7,0.8,155,-
197A,タウンズ,医薬品,8.0,★☆☆☆☆,0.0,0.0,2.0,0.0,6.0,0.0,0.0,0.0,,,0.0,-2.3,1.6,4.0,478,494.0,5.6,1.2,161,-
6588,東芝テック,電気機器,8.0,★☆☆☆☆,0.0,0.0,3.0,0.0,5.0,0.0,0.0,0.0,,,0.0,2.3,4.1,0.0,2857,3115.0,-4.4,0.6,610,MA上昇配列 / パーフェクトオーダー
7974,任天堂,その他製品,8.0,★☆☆☆☆,0.0,0.0,3.0,0.0,8.0,0.0,0.0,-3.0,,,0.0,20.2,3.8,15.0,8093,8761.0,8.9,1.0,95397,MA上昇配列 / 伸びすぎ注意(25MA+15%)
6369,トーヨーカネツ,機械,8.0,★☆☆☆☆,0.0,0.0,0.0,0.0,8.0,0.0,0.0,0.0,,,0.0,-0.4,2.5,2.5,2382,2508.0,0.3,0.9,259,MA上昇配列
7777,スリー・ディー・マトリックス,精密機器,8.0,★☆☆☆☆,0.0,0.0,2.0,0.0,6.0,0.0,0.0,0.0,,,0.0,6.4,3.8,11.3,356,386.0,14.5,1.3,554,-
6946,日本アビオニクス,電気機器,8.0,★☆☆☆☆,0.0,0.0,2.0,0.0,6.0,0.0,0.0,0.0,,,0.0,19.1,6.2,12.6,5234,5980.0,4.9,0.4,1319,-
3962,チェンジホールディングス,情報・通信業,8.0,★☆☆☆☆,0.0,0.0,0.0,0.0,8.0,0.0,0.0,0.0,,,0.0,-3.5,2.7,1.6,918,971.0,2.0,1.1,299,MA上昇配列
7447,ナガイレーベン,卸売業,8.0,★☆☆☆☆,0.0,0.0,1.0,0.0,4.2,0.0,2.8,0.0,,,0.0,-1.7,1.6,0.8,1727,1785.0,-0.1,1.1,153,MA上昇配列 / 開示[自己株式の取得](1日前)
6183,ベルシステム２４ホールディングス,サービス業,8.0,★☆☆☆☆,0.0,0.0,1.0,0.0,7.0,0.0,0.0,0.0,,,0.0,-1.2,1.7,2.1,1349,1398.0,3.2,0.8,426,-
4082,第一稀元素化学工業,化学,8.0,★☆☆☆☆,0.0,0.0,2.0,0.0,6.0,0.0,0.0,0.0,,,0.0,7.8,4.6,11.2,1892,2085.0,5.5,1.4,467,-
3444,菊池製作所,金属製品,8.0,★☆☆☆☆,0.0,0.0,3.0,0.0,5.0,0.0,0.0,0.0,,,0.0,4.6,4.2,11.6,997,1087.0,12.4,1.7,111,-
1887,日本国土開発,建設業,8.0,★☆☆☆☆,0.0,0.0,2.0,0.0,6.0,0.0,0.0,0.0,,,0.0,4.3,1.7,5.1,531,549.0,4.8,1.5,223,-
367A,プリモグローバルホールディングス,小売業,8.0,★☆☆☆☆,0.0,0.0,0.0,0.0,8.0,0.0,0.0,0.0,,,0.0,-1.5,2.4,2.4,2701,2837.0,-0.5,0.4,178,-
5262,日本ヒューム,ガラス・土石製品,8.0,★☆☆☆☆,0.0,0.0,2.0,0.0,6.0,0.0,0.0,0.0,,,0.0,6.8,2.9,6.5,1060,1125.0,5.8,1.2,272,-
5444,大和工業,鉄鋼,8.0,★☆☆☆☆,0.0,0.0,1.0,0.0,7.0,0.0,0.0,0.0,,,0.0,-1.9,3.4,0.1,12272,13165.0,-1.8,0.6,2165,MA上昇配列 / パーフェクトオーダー
5532,リアルゲイト,不動産業,8.0,★☆☆☆☆,0.0,0.0,3.3,0.0,4.7,0.0,0.0,0.0,,,0.0,-3.7,4.4,4.1,3291,3610.0,7.8,2.8,115,出来高増2.8倍
9227,マイクロ波化学,サービス業,8.0,★☆☆☆☆,0.0,0.0,2.0,0.0,6.0,0.0,0.0,0.0,,,0.0,13.7,6.0,11.7,846,962.0,5.7,0.5,409,-
7947,エフピコ,化学,8.0,★☆☆☆☆,0.0,0.0,0.0,0.0,8.0,0.0,0.0,0.0,,,0.0,2.5,2.3,3.4,2566,2692.0,-0.6,0.7,588,MA上昇配列
3558,ジェイドグループ,小売業,8.0,★☆☆☆☆,0.0,0.0,2.0,0.0,6.0,0.0,0.0,0.0,,,0.0,1.1,2.3,5.2,1674,1755.0,4.7,0.9,153,-
4826,ＣＩＪ,情報・通信業,8.0,★☆☆☆☆,0.0,0.0,0.0,0.0,8.0,0.0,0.0,0.0,,,0.0,3.0,2.6,4.4,509,536.0,2.1,0.8,133,MA上昇配列
4392,ＦＩＧ,情報・通信業,8.0,★☆☆☆☆,0.0,0.0,8.0,0.0,5.0,0.0,0.0,-5.0,,,0.0,6.7,7.3,25.5,1051,1230.0,36.7,10.2,2502,出来高急増10.2倍 / 買い出来高優勢 / 過熱⚠25MA+25%
3565,アセンテック,卸売業,8.0,★☆☆☆☆,0.0,0.0,2.0,0.0,6.0,0.0,0.0,0.0,,,0.0,8.2,3.9,6.7,417,452.0,8.1,0.8,101,-
8079,正栄食品工業,卸売業,8.0,★☆☆☆☆,0.0,0.0,2.0,0.0,6.0,0.0,0.0,0.0,,,0.0,-2.5,1.6,0.5,4261,4400.0,1.4,0.7,169,MA上昇配列 / パーフェクトオーダー
4985,アース製薬,化学,8.0,★☆☆☆☆,0.0,0.0,0.0,0.0,8.0,0.0,0.0,0.0,,,0.0,-1.8,2.1,1.7,4592,4795.0,1.5,0.5,378,MA上昇配列
6758,ソニーグループ,電気機器,8.0,★☆☆☆☆,0.0,0.0,0.0,0.0,8.0,0.0,0.0,0.0,,,0.0,6.4,3.9,5.3,3486,3780.0,1.6,0.7,72260,MA上昇配列
5857,ＡＲＥホールディングス,非鉄金属,8.0,★☆☆☆☆,0.0,0.0,2.0,0.0,6.0,0.0,0.0,0.0,,,0.0,14.9,4.0,13.1,3339,3630.0,4.6,0.6,2520,-
2334,イオレ,サービス業,8.0,★☆☆☆☆,0.0,0.0,3.0,0.0,5.0,0.0,0.0,0.0,,,0.0,-3.4,5.5,7.2,491,552.0,6.2,1.7,543,-
8061,西華産業,卸売業,8.0,★☆☆☆☆,0.0,0.0,1.0,0.0,7.0,0.0,0.0,0.0,,,0.0,11.1,5.1,9.8,2730,3040.0,0.8,0.5,642,-
6651,日東工業,電気機器,8.0,★☆☆☆☆,0.0,0.0,0.0,0.0,8.0,0.0,0.0,0.0,,,0.0,-0.4,2.9,3.7,4334,4600.0,2.7,0.8,397,-
1976,明星工業,建設業,7.9,★☆☆☆☆,4.9,0.0,2.0,0.0,1.0,0.0,0.0,0.0,,SK hynix,-0.2,-5.3,4.0,-3.0,1683,1829.0,-0.6,1.2,226,SK hynix+15.4%連動(β0.13)
3810,サイバーステップホールディングス,情報・通信業,7.9,★☆☆☆☆,0.0,0.0,8.0,0.0,3.5,0.0,1.4,-5.0,,,0.0,33.0,6.5,29.0,198,228.0,25.3,4.3,222,出来高急増4.3倍 / 買い出来高優勢 / RSI過熱(86)⚠ / 過熱⚠25MA+29% / 開示[AI](1日前)
1952,新日本空調,建設業,7.8,★☆☆☆☆,6.8,0.0,1.0,0.0,0.0,0.0,0.0,0.0,,SK hynix,-2.1,-13.4,4.8,-4.7,2859,3165.0,4.8,0.6,814,SK hynix+15.4%連動(β0.18)
4180,Ａｐｐｉｅｒ　Ｇｒｏｕｐ,情報・通信業,7.799999999999999,★☆☆☆☆,0.0,0.0,5.7,0.0,5.5,0.0,1.6,-5.0,,,0.0,37.6,4.4,35.5,1189,1302.0,34.1,8.3,1441,出来高急増8.3倍 / MA上昇配列 / RSI過熱(90)⚠ / 過熱⚠25MA+36% / 開示[業績予想の修正](5日前)
4641,アルプス技研,サービス業,7.7,★☆☆☆☆,0.0,0.0,0.0,0.0,7.7,0.0,0.0,0.0,,,0.0,0.2,2.4,1.8,793,832.0,5.3,0.7,111,MA上昇配列
9663,ナガワ,サービス業,7.7,★☆☆☆☆,0.0,0.0,1.0,0.0,6.7,0.0,0.0,0.0,,,0.0,-1.8,2.2,1.7,4986,5220.0,2.6,0.7,100,MA上昇配列
7276,小糸製作所,電気機器,7.7,★☆☆☆☆,0.0,0.0,2.0,0.0,5.7,0.0,0.0,0.0,,,0.0,5.0,2.8,4.7,2577,2729.0,1.2,0.8,2826,-
6016,ジャパンエンジンコーポレーション,輸送用機器,7.7,★☆☆☆☆,0.0,0.0,3.0,0.0,4.7,0.0,0.0,0.0,,,0.0,10.9,6.3,8.7,8706,9950.0,6.9,0.5,1246,-
4681,リゾートトラスト,サービス業,7.7,★☆☆☆☆,0.0,0.0,0.0,0.0,7.7,0.0,0.0,0.0,,,0.0,2.2,3.2,2.7,1699,1814.0,3.2,0.8,1086,MA上昇配列
3193,エターナルホスピタリティグループ,小売業,7.7,★☆☆☆☆,0.0,0.0,1.0,0.0,6.7,0.0,0.0,0.0,,,0.0,-1.6,3.3,1.3,1349,1446.0,-0.6,0.5,296,MA上昇配列
9716,乃村工藝社,サービス業,7.7,★☆☆☆☆,0.0,0.0,0.0,0.0,7.7,0.0,0.0,0.0,,,0.0,0.1,1.9,2.2,1166,1212.0,3.1,0.7,366,MA上昇配列
4666,パーク２４,不動産業,7.7,★☆☆☆☆,0.0,0.0,0.0,0.0,7.7,0.0,0.0,0.0,,,0.0,-3.6,2.4,0.4,1900,1996.0,1.8,0.6,1565,MA上昇配列
9672,東京都競馬,サービス業,7.7,★☆☆☆☆,0.0,0.0,0.0,0.0,7.7,0.0,0.0,0.0,,,0.0,-0.8,1.8,1.7,4870,5050.0,1.0,0.6,469,MA上昇配列
8057,内田洋行,卸売業,7.7,★☆☆☆☆,0.0,0.0,0.0,0.0,7.7,0.0,0.0,0.0,,,0.0,1.7,2.4,2.7,2061,2167.0,3.9,0.5,411,MA上昇配列
5036,日本ビジネスシステムズ,情報・通信業,7.7,★☆☆☆☆,0.0,0.0,3.0,0.0,4.7,0.0,0.0,0.0,,,0.0,-2.9,3.1,-0.3,1478,1575.0,-2.5,1.7,146,-
6419,マースグループホールディングス,機械,7.7,★☆☆☆☆,0.0,0.0,0.0,0.0,7.7,0.0,0.0,0.0,,,0.0,-1.3,1.9,1.7,3068,3190.0,2.2,0.7,216,MA上昇配列
2229,カルビー,食料品,7.7,★☆☆☆☆,0.0,0.0,0.0,0.0,7.7,0.0,0.0,0.0,,,0.0,-2.0,2.9,0.7,2833,3006.0,0.7,0.4,1160,MA上昇配列
7994,オカムラ,その他製品,7.7,★☆☆☆☆,0.0,0.0,0.0,0.0,7.7,0.0,0.0,0.0,,,0.0,-1.2,1.8,1.1,2252,2334.0,0.6,0.4,742,MA上昇配列
3662,エイチームホールディングス,情報・通信業,7.7,★☆☆☆☆,0.0,0.0,2.0,0.0,5.7,0.0,0.0,0.0,,,0.0,-6.7,2.4,1.8,934,981.0,10.6,0.7,187,資金流入増 / MA上昇配列
6535,アイモバイル,サービス業,7.7,★☆☆☆☆,0.0,0.0,1.0,0.0,6.7,0.0,0.0,0.0,,,0.0,-1.5,2.2,2.6,487,510.0,5.4,0.6,312,MA上昇配列
1885,東亜建設工業,建設業,7.7,★☆☆☆☆,0.0,0.0,4.0,0.0,3.7,0.0,0.0,0.0,,,0.0,0.1,3.8,3.2,1949,2110.0,4.9,1.6,906,-
6098,リクルートホールディングス,サービス業,7.699999999999999,★☆☆☆☆,0.0,0.0,2.0,0.0,10.7,0.0,0.0,-5.0,,,0.0,26.3,4.3,22.4,14982,16380.0,24.4,0.7,63902,MA上昇配列 / パーフェクトオーダー / 過熱⚠25MA+22%
6574,コンヴァノ,サービス業,7.699999999999999,★☆☆☆☆,0.0,0.0,8.0,0.0,4.7,0.0,0.0,-5.0,,,0.0,19.8,4.4,21.7,101,111.0,19.4,4.2,100,出来高急増4.2倍 / 買い出来高優勢 / 過熱⚠25MA+22%
3905,データセクション,情報・通信業,7.6,★☆☆☆☆,0.0,0.0,4.7,0.0,1.5,0.0,1.4,0.0,,,0.0,-36.4,11.0,-19.9,1411,1807.0,-4.5,3.8,6324,出来高急増3.8倍 / 開示[受注](4日前)
6200,インソース,サービス業,7.6,★☆☆☆☆,0.0,0.0,4.0,0.0,3.0,0.0,0.6,0.0,,,0.0,10.5,2.8,1.9,674,714.0,0.1,0.4,700,資金流入増 / MA上昇配列 / 開示[自己株式の取得](11日前)
5273,三谷セキサン,ガラス・土石製品,7.5,★☆☆☆☆,0.0,0.0,1.0,0.0,6.5,0.0,0.0,0.0,,,0.0,5.7,3.7,6.6,1805,1950.0,4.7,1.0,120,MA上昇配列
4784,ＧＭＯインターネット,サービス業,7.5,★☆☆☆☆,0.0,0.0,3.3,0.0,4.2,0.0,0.0,0.0,,,0.0,-5.6,4.8,0.5,489,541.0,1.7,2.0,1000,出来高増2.0倍 / MA上昇配列
3837,アドソル日進,情報・通信業,7.5,★☆☆☆☆,0.0,0.0,2.0,0.0,5.5,0.0,0.0,0.0,,,0.0,1.3,3.3,2.8,1420,1522.0,8.8,0.9,163,MA上昇配列
3496,アズーム,不動産業,7.5,★☆☆☆☆,0.0,0.0,2.0,0.0,5.5,0.0,0.0,0.0,,,0.0,-1.1,2.9,2.8,4425,4695.0,1.8,0.8,269,MA上昇配列
6333,ＴＥＩＫＯＫＵ,機械,7.5,★☆☆☆☆,0.0,0.0,4.3,0.0,3.2,0.0,0.0,0.0,,,0.0,-2.6,3.9,-0.1,2995,3250.0,-0.6,0.8,159,買い出来高優勢
4432,ウイングアーク１ｓｔ,情報・通信業,7.5,★☆☆☆☆,0.0,0.0,2.0,0.0,5.5,0.0,0.0,0.0,,,0.0,8.1,3.1,6.0,2971,3170.0,1.3,0.4,880,MA上昇配列
5074,テスホールディングス,建設業,7.4,★☆☆☆☆,0.0,0.0,3.3,0.0,2.7,0.0,1.4,0.0,,,0.0,-17.5,7.8,-7.5,579,686.0,-10.9,2.3,1720,出来高増2.3倍 / 開示[受注](4日前)
5240,ｍｏｎｏＡＩ　ｔｅｃｈｎｏｌｏｇｙ,情報・通信業,7.4,★☆☆☆☆,0.0,0.0,3.3,0.0,3.0,0.0,1.1,0.0,,,0.0,2.5,11.1,2.8,164,211.0,2.9,0.8,311,買い出来高優勢 / MA上昇配列 / 開示[AI](4日前)
6145,ＮＩＴＴＯＫＵ,機械,7.4,★☆☆☆☆,7.4,0.0,0.0,0.0,0.0,0.0,0.0,0.0,,SK hynix,-5.9,-10.6,5.5,-3.8,2243,2520.0,-7.9,0.7,359,SK hynix+15.4%連動(β0.19)
1812,鹿島建設,建設業,7.3,★☆☆☆☆,7.3,0.0,0.0,0.0,0.0,0.0,0.0,0.0,,SK hynix,0.6,-15.9,3.6,-7.2,4619,4981.0,-1.5,0.7,11167,SK hynix+15.4%連動(β0.14) 未反応+0.6%
4901,富士フイルムホールディングス,化学,7.2,★☆☆☆☆,5.2,0.0,1.0,0.0,1.0,0.0,0.0,0.0,,SK hynix,-0.5,-14.1,4.6,-10.0,2945,3242.0,0.2,1.1,22245,SK hynix+15.4%連動(β0.13)
6328,荏原実業,機械,7.2,★☆☆☆☆,0.0,0.0,4.0,0.0,3.2,0.0,0.0,0.0,,,0.0,-3.9,4.0,0.4,2196,2385.0,9.0,0.8,331,資金流入増
6238,フリュー,機械,7.2,★☆☆☆☆,0.0,0.0,0.0,0.0,7.2,0.0,0.0,0.0,,,0.0,-4.0,2.8,0.6,1310,1387.0,-1.1,1.1,140,MA上昇配列 / パーフェクトオーダー
3371,ソフトクリエイトホールディングス,情報・通信業,7.2,★☆☆☆☆,0.0,0.0,2.0,0.0,5.2,0.0,0.0,0.0,,,0.0,-0.2,3.6,4.1,1919,2069.0,10.3,0.9,147,資金流入増 / MA上昇配列
4202,ダイセル,化学,7.2,★☆☆☆☆,0.0,0.0,1.0,0.0,6.2,0.0,0.0,0.0,,,0.0,-3.7,2.6,0.9,1397,1474.5,-0.2,0.5,2117,MA上昇配列
6459,だいわ,機械,7.2,★☆☆☆☆,0.0,0.0,5.0,0.0,2.2,0.0,0.0,0.0,,,0.0,-0.9,4.3,-0.4,1557,1702.0,-4.0,1.3,194,資金流入増
9948,アークス,小売業,7.2,★☆☆☆☆,0.0,0.0,1.0,0.0,6.2,0.0,0.0,0.0,,,0.0,-1.0,2.2,1.3,3444,3605.0,0.1,1.1,273,MA上昇配列
5834,ＳＢＩリーシングサービス,証券、商品先物取引業,7.2,★☆☆☆☆,0.0,0.0,2.0,0.0,5.2,0.0,0.0,0.0,,,0.0,-0.7,3.2,1.5,2630,2808.0,1.1,0.6,245,MA上昇配列
7172,ジャパンインベストメントアドバイザー,証券、商品先物取引業,7.2,★☆☆☆☆,0.0,0.0,0.0,0.0,7.2,0.0,0.0,0.0,,,0.0,-5.1,2.3,0.6,1996,2093.0,4.2,0.6,786,MA上昇配列 / パーフェクトオーダー
2317,システナ,情報・通信業,7.2,★☆☆☆☆,0.0,0.0,3.0,0.0,4.2,0.0,0.0,0.0,,,0.0,-0.2,3.0,1.6,408,434.0,2.8,0.7,586,MA上昇配列
1766,東建コーポレーション,建設業,7.2,★☆☆☆☆,0.0,0.0,2.0,0.0,5.2,0.0,0.0,0.0,,,0.0,-0.9,2.1,1.2,12713,13260.0,1.1,0.6,320,MA上昇配列
6465,ホシザキ,機械,7.2,★☆☆☆☆,0.0,0.0,0.0,0.0,7.2,0.0,0.0,0.0,,,0.0,4.5,2.7,2.1,5402,5705.0,-0.6,0.7,2623,MA上昇配列 / パーフェクトオーダー
5989,エイチワン,金属製品,7.2,★☆☆☆☆,0.0,0.0,0.0,0.0,7.2,0.0,0.0,0.0,,,0.0,-5.7,3.4,0.3,1446,1552.0,9.4,0.9,323,MA上昇配列 / パーフェクトオーダー
7595,アルゴグラフィックス,情報・通信業,7.2,★☆☆☆☆,0.0,0.0,2.0,0.0,5.2,0.0,0.0,0.0,,,0.0,0.2,2.4,1.7,1271,1336.0,3.2,1.1,327,MA上昇配列
9744,メイテックグループホールディングス,サービス業,7.2,★☆☆☆☆,0.0,0.0,1.0,0.0,6.2,0.0,0.0,0.0,,,0.0,-1.1,1.8,0.7,3184,3305.0,0.6,0.7,1194,MA上昇配列
7730,マニー,精密機器,7.0,★☆☆☆☆,0.0,0.0,2.0,0.0,5.0,0.0,0.0,0.0,,,0.0,-2.8,2.0,2.2,1549,1614.0,5.9,0.7,663,-
3903,ｇｕｍｉ,情報・通信業,7.0,★☆☆☆☆,0.0,0.0,1.0,0.0,6.0,0.0,0.0,0.0,,,0.0,4.3,3.5,4.7,244,262.0,4.4,0.7,107,-
3222,ユナイテッド・スーパーマーケット・ホールディングス,小売業,7.0,★☆☆☆☆,0.0,0.0,4.3,0.0,2.7,0.0,0.0,0.0,,,0.0,-3.9,2.2,-0.2,779,815.0,0.4,2.4,487,出来高増2.4倍
4972,綜研化学,化学,7.0,★☆☆☆☆,0.0,0.0,2.0,0.0,5.0,0.0,0.0,0.0,,,0.0,-6.5,4.4,-0.2,3060,3355.0,0.3,0.4,427,-
2742,ハローズ,小売業,7.0,★☆☆☆☆,0.0,0.0,1.0,0.0,6.0,0.0,0.0,0.0,,,0.0,1.3,2.5,2.5,3692,3890.0,3.0,0.7,122,-
8174,日本瓦斯,小売業,7.0,★☆☆☆☆,0.0,0.0,2.0,0.0,5.0,0.0,0.0,0.0,,,0.0,-4.2,2.1,0.2,2746,2866.0,3.0,0.8,689,MA上昇配列
8303,ＳＢＩ新生銀行,銀行業,7.0,★☆☆☆☆,0.0,0.0,2.0,0.0,5.0,0.0,0.0,0.0,,,0.0,8.1,3.1,9.5,1526,1627.5,4.9,0.8,6538,-
4587,ペプチドリーム,医薬品,7.0,★☆☆☆☆,0.0,0.0,1.0,0.0,6.0,0.0,0.0,0.0,,,0.0,-1.2,4.1,2.6,920,1002.5,1.6,1.4,997,-
3491,ＧＡ　ｔｅｃｈｎｏｌｏｇｉｅｓ,不動産業,7.0,★☆☆☆☆,0.0,0.0,1.0,0.0,6.0,0.0,0.0,0.0,,,0.0,4.3,4.3,5.0,1357,1486.0,0.3,1.0,247,-
6864,エヌエフホールディングス,電気機器,7.0,★☆☆☆☆,0.0,0.0,2.0,0.0,5.0,0.0,0.0,0.0,,,0.0,4.5,4.4,7.5,1516,1664.0,4.4,0.8,105,-
6823,リオン,電気機器,7.0,★☆☆☆☆,0.0,0.0,1.0,0.0,6.0,0.0,0.0,0.0,,,0.0,-1.3,3.2,4.0,3349,3575.0,3.6,0.6,255,-
7564,ワークマン,小売業,7.0,★☆☆☆☆,0.0,0.0,2.0,0.0,5.0,0.0,0.0,0.0,,,0.0,5.8,3.1,4.4,5820,6200.0,0.6,0.6,2621,-
4593,ヘリオス,医薬品,7.0,★☆☆☆☆,0.0,0.0,1.0,0.0,6.0,0.0,0.0,0.0,,,0.0,-3.6,5.8,6.2,236,267.0,8.1,1.4,450,-
6433,ヒーハイスト,機械,7.0,★☆☆☆☆,0.0,0.0,2.0,0.0,5.0,0.0,0.0,0.0,,,0.0,-9.3,6.8,5.6,890,1030.0,9.0,0.7,148,-
8628,松井証券,証券、商品先物取引業,7.0,★☆☆☆☆,0.0,0.0,0.0,0.0,7.0,0.0,0.0,0.0,,,0.0,-3.5,2.5,1.5,1041,1096.0,2.0,0.4,1075,MA上昇配列 / パーフェクトオーダー
4502,武田薬品工業,医薬品,7.0,★☆☆☆☆,0.0,0.0,0.0,0.0,7.0,0.0,0.0,0.0,,,0.0,-0.4,2.5,0.1,5238,5513.0,-0.5,0.6,23281,MA上昇配列 / パーフェクトオーダー
6420,ガリレイホールディングス,機械,7.0,★☆☆☆☆,0.0,0.0,0.0,0.0,7.0,0.0,0.0,0.0,,,0.0,3.3,2.3,3.2,3341,3505.0,-2.5,0.8,195,-
6432,竹内製作所,機械,7.0,★☆☆☆☆,0.0,0.0,0.0,0.0,7.0,0.0,0.0,0.0,,,0.0,-0.3,3.7,1.4,7031,7590.0,-1.4,0.4,1921,MA上昇配列 / パーフェクトオーダー
9412,スカパーＪＳＡＴ,情報・通信業,7.0,★☆☆☆☆,0.0,0.0,2.0,0.0,5.0,0.0,0.0,0.0,,,0.0,-2.7,5.2,3.0,2120,2365.0,1.3,0.6,5804,-
3544,サツドラホールディングス,小売業,7.0,★☆☆☆☆,0.0,0.0,0.0,0.0,7.0,0.0,0.0,0.0,,,0.0,-1.6,0.3,0.1,1242,1248.0,0.1,0.4,191,MA上昇配列 / パーフェクトオーダー
4626,太陽ホールディングス,化学,7.0,★☆☆☆☆,0.0,0.0,2.0,0.0,5.0,0.0,0.0,0.0,,,0.0,-2.7,1.5,1.2,4705,4855.0,0.3,0.7,2112,-
3854,アイル,情報・通信業,7.0,★☆☆☆☆,0.0,0.0,1.0,0.0,6.0,0.0,0.0,0.0,,,0.0,-0.8,2.7,4.9,2281,2410.0,8.3,1.2,256,-
7794,イーディーピー,その他製品,7.0,★☆☆☆☆,0.0,0.0,2.0,0.0,5.0,0.0,0.0,0.0,,,0.0,-1.7,4.8,4.8,877,970.0,11.5,1.2,327,-
1721,コムシスホールディングス,建設業,7.0,★☆☆☆☆,0.0,0.0,1.0,0.0,6.0,0.0,0.0,0.0,,,0.0,-0.9,2.5,2.9,5146,5417.0,3.3,0.8,2710,-
5659,日本精線,鉄鋼,7.0,★☆☆☆☆,0.0,0.0,1.0,0.0,6.0,0.0,0.0,0.0,,,0.0,-4.2,2.5,2.1,1366,1438.0,5.2,0.6,152,-
3676,デジタルハーツホールディングス,情報・通信業,6.800000000000001,★☆☆☆☆,0.0,0.0,6.3,0.0,5.5,0.0,0.0,-5.0,,,0.0,41.0,3.0,30.5,994,1058.0,17.2,1.4,314,買い出来高優勢 / 資金流入増 / MA上昇配列 / RSI過熱(93)⚠ / 過熱⚠25MA+30%
325A,ＴＥＮＴＩＡＬ,繊維製品,6.8,★☆☆☆☆,0.0,0.0,0.0,0.0,6.2,0.0,0.6,0.0,,,0.0,-3.6,4.1,4.4,1502,1637.0,10.0,0.5,515,MA上昇配列 / パーフェクトオーダー / 開示[自己株式の取得](11日前)
8081,カナデン,卸売業,6.7,★☆☆☆☆,0.0,0.0,2.0,0.0,4.7,0.0,0.0,0.0,,,0.0,-6.3,3.3,1.2,2347,2514.0,5.0,1.3,164,-
1808,長谷工コーポレーション,建設業,6.7,★☆☆☆☆,0.0,0.0,0.0,0.0,6.7,0.0,0.0,0.0,,,0.0,-3.7,2.1,0.9,2688,2806.0,1.7,0.8,2681,MA上昇配列
5013,ユシロ,石油・石炭製品,6.7,★☆☆☆☆,0.0,0.0,1.0,0.0,5.7,0.0,0.0,0.0,,,0.0,1.3,3.7,2.9,2844,3070.0,-3.6,0.4,139,-
1938,日本リーテック,建設業,6.7,★☆☆☆☆,0.0,0.0,3.0,0.0,3.7,0.0,0.0,0.0,,,0.0,-6.3,3.2,1.2,2349,2510.0,5.7,1.1,289,-
1332,ニッスイ,水産・農林業,6.7,★☆☆☆☆,0.0,0.0,1.0,0.0,5.7,0.0,0.0,0.0,,,0.0,0.3,2.8,2.0,1220,1292.0,3.6,0.7,2207,-
7512,イオン北海道,小売業,6.7,★☆☆☆☆,0.0,0.0,0.0,0.0,6.7,0.0,0.0,0.0,,,0.0,-3.5,1.7,0.6,820,849.0,2.8,0.6,150,MA上昇配列
6425,ユニバーサルエンターテインメント,機械,6.7,★☆☆☆☆,0.0,0.0,2.0,0.0,4.7,0.0,0.0,0.0,,,0.0,11.1,4.6,9.2,681,750.0,8.5,0.5,214,-
4381,ビープラッツ,情報・通信業,6.7,★☆☆☆☆,0.0,0.0,3.0,0.0,3.7,0.0,0.0,0.0,,,0.0,-33.7,15.0,-3.0,284,405.0,1.8,0.7,275,資金流入増
7004,カナデビア,機械,6.7,★☆☆☆☆,0.0,0.0,2.0,0.0,4.7,0.0,0.0,0.0,,,0.0,-1.4,3.2,2.6,1165,1245.0,0.2,0.6,1092,-
7746,岡本硝子,精密機器,6.7,★☆☆☆☆,0.0,0.0,3.0,0.0,3.7,0.0,0.0,0.0,,,0.0,-5.2,3.3,2.3,718,768.0,2.7,1.9,346,-
4521,科研製薬,医薬品,6.7,★☆☆☆☆,0.0,0.0,1.0,0.0,5.7,0.0,0.0,0.0,,,0.0,-1.1,2.0,2.1,3808,3970.0,1.8,0.8,610,-
5698,エンビプロ・ホールディングス,鉄鋼,6.7,★☆☆☆☆,0.0,0.0,3.0,0.0,3.7,0.0,0.0,0.0,,,0.0,-3.7,5.8,-1.3,703,795.0,-4.1,1.6,221,-
8892,エスコン,不動産業,6.7,★☆☆☆☆,0.0,0.0,0.0,0.0,6.7,0.0,0.0,0.0,,,0.0,-3.7,2.0,0.8,1064,1108.0,3.1,0.7,228,-
9404,日本テレビホールディングス,情報・通信業,6.7,★☆☆☆☆,0.0,0.0,0.0,0.0,6.7,0.0,0.0,0.0,,,0.0,-1.8,3.1,1.1,2747,2926.5,0.2,0.7,1512,MA上昇配列
6269,三井海洋開発,機械,6.7,★☆☆☆☆,0.0,0.0,2.0,0.0,4.7,0.0,0.0,0.0,,,0.0,3.1,4.8,4.1,9520,10535.0,2.1,0.9,6355,-
8584,ジャックス,その他金融業,6.7,★☆☆☆☆,0.0,0.0,0.0,0.0,6.7,0.0,0.0,0.0,,,0.0,-3.4,1.8,0.3,3613,3750.0,0.1,0.6,449,MA上昇配列
7818,トランザクション,その他製品,6.7,★☆☆☆☆,0.0,0.0,3.0,0.0,3.7,0.0,0.0,0.0,,,0.0,-10.8,2.7,-3.8,1134,1198.0,2.0,1.8,288,-
5019,出光興産,石油・石炭製品,6.7,★☆☆☆☆,0.0,0.0,2.0,0.0,4.7,0.0,0.0,0.0,,,0.0,1.8,2.6,3.2,1262,1330.0,0.7,0.8,4785,-
3479,ＴＫＰ,不動産業,6.6000000000000005,★☆☆☆☆,0.0,0.0,2.0,0.0,4.2,0.0,0.4,0.0,,,0.0,-0.8,3.2,1.8,1758,1877.0,1.8,0.4,277,MA上昇配列 / 開示[自己株式の取得](12日前)
3549,クスリのアオキホールディングス,小売業,6.5,★☆☆☆☆,0.0,0.0,0.0,0.0,6.5,0.0,0.0,0.0,,,0.0,0.5,3.1,1.8,3737,3987.0,-0.1,0.7,886,MA上昇配列
3844,コムチュア,情報・通信業,6.5,★☆☆☆☆,0.0,0.0,4.7,0.0,0.0,0.0,1.8,0.0,,,0.0,-7.9,3.1,-5.9,1236,1317.0,-7.7,5.0,323,出来高急増5.0倍 / 開示[業績予想の修正](4日前)
7701,島津製作所,精密機器,6.5,★☆☆☆☆,0.0,0.0,0.0,0.0,6.5,0.0,0.0,0.0,,,0.0,-4.7,2.6,0.2,3940,4156.0,1.9,0.6,4105,MA上昇配列
4956,コニシ,化学,6.5,★☆☆☆☆,0.0,0.0,2.0,0.0,4.5,0.0,0.0,0.0,,,0.0,-4.5,2.5,-0.0,1376,1448.0,-1.9,0.4,174,-
6277,ホソカワミクロン,機械,6.5,★☆☆☆☆,0.0,0.0,0.0,0.0,6.0,0.0,0.5,0.0,,,0.0,1.7,3.3,2.3,4814,5150.0,-0.8,0.5,192,開示[業績予想の修正](11日前)
6310,井関農機,機械,6.4,★☆☆☆☆,6.4,0.0,0.0,0.0,0.0,0.0,0.0,0.0,,SK hynix,-0.2,-6.2,4.7,-2.8,1631,1799.0,-7.2,1.0,297,SK hynix+15.4%連動(β0.16)
4406,新日本理化,化学,6.300000000000001,★☆☆☆☆,0.0,0.0,5.3,0.0,5.5,0.0,0.5,-5.0,,,0.0,23.3,4.0,20.1,235,255.0,22.0,1.3,103,買い出来高優勢 / MA上昇配列 / RSI過熱(91)⚠ / 過熱⚠25MA+20% / 開示[業績予想の修正](11日前)
3179,シュッピン,小売業,6.3,★☆☆☆☆,0.0,0.0,5.3,0.0,1.0,0.0,0.0,0.0,,,0.0,10.0,4.6,-0.6,1120,1233.0,-6.4,0.4,246,買い出来高優勢 / 資金流入増
7458,第一興商,卸売業,6.2,★☆☆☆☆,0.0,0.0,0.0,0.0,6.2,0.0,0.0,0.0,,,0.0,-0.6,2.4,1.7,1740,1827.5,-0.7,0.4,468,MA上昇配列 / パーフェクトオーダー
9505,北陸電力,電気・ガス業,6.2,★☆☆☆☆,0.0,0.0,1.0,0.0,5.2,0.0,0.0,0.0,,,0.0,1.6,2.8,2.5,906,959.7000122070312,4.0,0.7,929,MA上昇配列
4928,ノエビアホールディングス,化学,6.2,★☆☆☆☆,0.0,0.0,1.0,0.0,5.2,0.0,0.0,0.0,,,0.0,0.2,2.4,0.4,4517,4740.0,-1.0,0.6,708,MA上昇配列
4661,オリエンタルランド,サービス業,6.2,★☆☆☆☆,0.0,0.0,2.0,0.0,4.2,0.0,0.0,0.0,,,0.0,3.3,4.0,1.0,2650,2881.0,-3.3,0.7,22425,MA上昇配列
9010,富士急行,陸運業,6.2,★☆☆☆☆,0.0,0.0,0.0,0.0,6.2,0.0,0.0,0.0,,,0.0,-2.6,2.8,0.8,2568,2719.0,-1.1,0.6,460,MA上昇配列 / パーフェクトオーダー
9418,Ｕ－ＮＥＸＴ　ＨＯＬＤＩＮＧＳ,情報・通信業,6.2,★☆☆☆☆,0.0,0.0,2.0,0.0,4.2,0.0,0.0,0.0,,,0.0,-1.2,2.2,0.9,1651,1726.0,0.3,1.0,1145,MA上昇配列
7261,マツダ,輸送用機器,6.2,★☆☆☆☆,0.0,0.0,2.0,0.0,4.2,0.0,0.0,0.0,,,0.0,0.1,3.3,2.1,1099,1177.5,0.8,0.6,9428,MA上昇配列
3697,ＳＨＩＦＴ,情報・通信業,6.2,★☆☆☆☆,0.0,0.0,2.0,0.0,4.2,0.0,0.0,0.0,,,0.0,29.3,6.3,8.8,788,902.9000244140625,0.7,0.5,7044,MA上昇配列
2433,博報堂ＤＹホールディングス,サービス業,6.2,★☆☆☆☆,0.0,0.0,0.0,0.0,6.2,0.0,0.0,0.0,,,0.0,-0.4,4.3,0.5,1157,1267.0,2.0,0.9,1243,MA上昇配列 / パーフェクトオーダー
7944,ローランド,その他製品,6.2,★☆☆☆☆,0.0,0.0,4.0,0.0,2.2,0.0,0.0,0.0,,,0.0,-5.4,4.4,-2.3,3724,4080.0,-4.8,0.7,795,資金流入増
3387,クリエイト・レストランツ・ホールディングス,小売業,6.2,★☆☆☆☆,0.0,0.0,0.0,0.0,6.2,0.0,0.0,0.0,,,0.0,-5.6,2.2,0.0,738,773.0,2.8,1.0,1301,MA上昇配列
2897,日清食品ホールディングス,食料品,6.2,★☆☆☆☆,0.0,0.0,2.0,0.0,4.2,0.0,0.0,0.0,,,0.0,-1.9,3.6,0.1,2712,2921.0,-0.6,0.3,5059,MA上昇配列
7164,全国保証,その他金融業,6.2,★☆☆☆☆,0.0,0.0,0.0,0.0,6.2,0.0,0.0,0.0,,,0.0,-1.5,1.8,1.1,3028,3139.0,1.3,0.7,1350,MA上昇配列
9534,北海道瓦斯,電気・ガス業,6.2,★☆☆☆☆,0.0,0.0,1.0,0.0,5.2,0.0,0.0,0.0,,,0.0,-3.1,2.1,0.1,746,778.0,0.6,1.4,113,MA上昇配列
2212,山崎製パン,食料品,6.2,★☆☆☆☆,0.0,0.0,1.0,0.0,5.2,0.0,0.0,0.0,,,0.0,1.2,3.8,1.6,3202,3467.0,-2.2,0.5,2498,MA上昇配列
5949,ユニプレス,輸送用機器,6.2,★☆☆☆☆,0.0,0.0,1.0,0.0,5.2,0.0,0.0,0.0,,,0.0,-0.0,2.5,1.5,1252,1318.0,2.6,0.7,217,MA上昇配列
9025,鴻池運輸,陸運業,6.2,★☆☆☆☆,0.0,0.0,1.0,0.0,5.2,0.0,0.0,0.0,,,0.0,-0.7,2.4,0.9,2780,2920.0,2.0,0.6,325,MA上昇配列
4194,ビジョナル,情報・通信業,6.2,★☆☆☆☆,0.0,0.0,2.0,0.0,4.2,0.0,0.0,0.0,,,0.0,4.5,3.6,3.5,8403,9064.0,0.7,1.0,1975,MA上昇配列
3197,すかいらーくホールディングス,小売業,6.2,★☆☆☆☆,0.0,0.0,1.0,0.0,5.2,0.0,0.0,0.0,,,0.0,1.8,3.4,2.1,2952,3165.0,0.1,1.0,4400,MA上昇配列
3661,エムアップホールディングス,情報・通信業,6.2,★☆☆☆☆,0.0,0.0,2.0,0.0,4.2,0.0,0.0,0.0,,,0.0,0.9,3.6,1.9,735,792.0,-1.4,2.0,484,MA上昇配列
3186,ネクステージ,小売業,6.0,★☆☆☆☆,0.0,0.0,0.0,0.0,6.0,0.0,0.0,0.0,,,0.0,-2.6,3.5,4.6,3371,3625.0,4.8,0.4,1779,-
2590,ダイドーグループホールディングス,食料品,6.0,★☆☆☆☆,0.0,0.0,0.0,0.0,6.0,0.0,0.0,0.0,,,0.0,-2.3,2.7,0.3,2777,2937.0,-0.2,0.5,292,MA上昇配列 / パーフェクトオーダー
262A,インターメスティック,小売業,6.0,★☆☆☆☆,0.0,0.0,1.0,0.0,5.0,0.0,0.0,0.0,,,0.0,0.7,4.4,1.0,1752,1922.0,3.2,1.1,528,-
5817,ＪＭＡＣＳ,非鉄金属,6.0,★☆☆☆☆,0.0,0.0,0.0,0.0,6.0,0.0,0.0,0.0,,,0.0,-4.6,4.5,8.5,947,1040.0,4.1,0.2,110,-
7581,サイゼリヤ,小売業,6.0,★☆☆☆☆,0.0,0.0,2.0,0.0,4.0,0.0,0.0,0.0,,,0.0,5.0,3.9,0.6,6784,7360.0,-6.5,0.3,8686,資金流入増 / MA上昇配列
5911,横河ブリッジホールディングス,金属製品,6.0,★☆☆☆☆,0.0,0.0,1.0,0.0,5.0,0.0,0.0,0.0,,,0.0,-1.5,1.4,1.1,2873,2959.0,0.9,0.6,381,MA上昇配列
5724,アサカ理研,非鉄金属,6.0,★☆☆☆☆,0.0,0.0,5.0,0.0,6.0,0.0,0.0,-5.0,,,0.0,20.3,5.7,20.3,2620,2960.0,22.6,1.8,209,過熱⚠25MA+20%
3791,ＩＧポート,情報・通信業,6.0,★☆☆☆☆,0.0,0.0,2.0,0.0,4.0,0.0,0.0,0.0,,,0.0,3.4,2.9,-0.7,1034,1098.0,-0.5,0.4,195,-
4894,クオリプス,医薬品,6.0,★☆☆☆☆,0.0,0.0,0.0,0.0,6.0,0.0,0.0,0.0,,,0.0,15.2,5.4,13.6,4772,5350.0,6.8,1.1,725,-
3776,ブロードバンドタワー,情報・通信業,6.0,★☆☆☆☆,0.0,0.0,0.0,0.0,6.0,0.0,0.0,0.0,,,0.0,-14.8,5.1,0.3,228,254.0,0.8,0.3,183,-
3983,オロ,情報・通信業,5.8999999999999995,★☆☆☆☆,0.0,0.0,5.3,0.0,0.0,0.0,0.6,0.0,,,0.0,-6.9,2.4,-4.3,2003,2105.0,-6.1,2.6,101,出来高増2.6倍 / 開示[自己株式の取得](11日前)
5702,大紀アルミニウム工業所,非鉄金属,5.800000000000001,★☆☆☆☆,0.0,0.0,4.3,0.0,4.5,0.0,0.0,-3.0,,,0.0,19.8,4.7,16.5,1686,1859.0,3.5,0.3,708,買い出来高優勢 / RSI過熱(86)⚠ / 伸びすぎ注意(25MA+17%)
5288,アジアパイルホールディングス,ガラス・土石製品,5.7,★☆☆☆☆,0.0,0.0,0.0,0.0,5.7,0.0,0.0,0.0,,,0.0,-1.7,2.5,3.5,1486,1565.0,3.8,1.0,282,-
3915,テラスカイ,情報・通信業,5.7,★☆☆☆☆,0.0,0.0,1.0,0.0,4.7,0.0,0.0,0.0,,,0.0,4.2,4.1,10.4,2244,2442.0,10.1,0.5,315,-
1963,日揮ホールディングス,建設業,5.7,★☆☆☆☆,0.0,0.0,1.0,0.0,4.7,0.0,0.0,0.0,,,0.0,0.2,3.4,2.8,2193,2355.5,3.1,0.8,3569,-
4534,持田製薬,医薬品,5.7,★☆☆☆☆,0.0,0.0,0.0,0.0,5.7,0.0,0.0,0.0,,,0.0,-0.8,2.4,1.0,3041,3195.0,-0.5,0.6,210,-
3300,アンビション　ＤＸ　ホールディングス,不動産業,5.7,★☆☆☆☆,0.0,0.0,5.7,0.0,0.0,0.0,0.0,0.0,,,0.0,-9.9,3.0,-5.9,1884,2003.0,-6.5,5.7,106,出来高急増5.7倍
7965,象印マホービン,電気機器,5.7,★☆☆☆☆,0.0,0.0,1.0,0.0,4.7,0.0,0.0,0.0,,,0.0,0.4,2.0,1.5,1387,1445.0,0.9,0.7,240,-
9793,ダイセキ,サービス業,5.7,★☆☆☆☆,0.0,0.0,2.0,0.0,3.7,0.0,0.0,0.0,,,0.0,-2.7,1.6,0.8,3724,3850.0,2.4,0.8,484,-
1951,エクシオグループ,建設業,5.7,★☆☆☆☆,0.0,0.0,1.0,0.0,4.7,0.0,0.0,0.0,,,0.0,-2.2,2.7,1.3,2515,2660.0,-0.6,0.7,1873,-
6366,千代田化工建設,建設業,5.7,★☆☆☆☆,0.0,0.0,1.0,0.0,4.7,0.0,0.0,0.0,,,0.0,3.7,4.7,5.1,652,720.0,5.7,0.6,1842,-
9166,ＧＥＮＤＡ,サービス業,5.699999999999999,★☆☆☆☆,0.0,0.0,4.0,0.0,6.7,0.0,0.0,-5.0,,,0.0,24.4,4.6,22.0,686,755.0,14.2,1.6,1008,MA上昇配列 / 過熱⚠25MA+22%
4588,オンコリスバイオファーマ,医薬品,5.699999999999999,★☆☆☆☆,0.0,0.0,4.0,0.0,6.7,0.0,0.0,-5.0,,,0.0,36.0,6.8,29.8,3016,3490.0,22.5,1.6,2705,過熱⚠25MA+30%
3168,ＭＥＲＦ,卸売業,5.699999999999999,★☆☆☆☆,0.0,0.0,3.0,0.0,5.7,0.0,0.0,-3.0,,,0.0,17.2,4.8,16.7,1419,1570.0,6.1,1.5,133,伸びすぎ注意(25MA+17%)
2767,円谷フィールズホールディングス,卸売業,5.699999999999999,★☆☆☆☆,0.0,0.0,4.0,0.0,6.7,0.0,0.0,-5.0,,,0.0,59.0,6.6,20.7,2086,2403.0,-4.2,0.6,3125,資金流入増 / MA上昇配列 / 過熱⚠25MA+21%
9369,キユーソー流通システム,倉庫・運輸関連業,5.6000000000000005,★☆☆☆☆,0.0,0.0,0.0,0.0,4.7,0.0,0.9,0.0,,,0.0,-5.9,3.0,3.7,2927,3115.0,5.4,0.9,145,開示[子会社化](8日前)
4071,プラスアルファ・コンサルティング,情報・通信業,5.6,★☆☆☆☆,0.0,0.0,0.0,0.0,2.7,0.0,2.9,0.0,,,0.0,-14.5,4.7,-6.9,1997,2206.0,-3.4,1.1,738,開示[自己株式取得](6日前) / 開示[子会社化](6日前)
1975,朝日工業社,建設業,5.5,★☆☆☆☆,0.0,0.0,3.0,0.0,2.5,0.0,0.0,0.0,,,0.0,-10.2,4.9,-0.4,3553,3940.0,4.1,1.4,427,-
3038,神戸物産,卸売業,5.5,★☆☆☆☆,0.0,0.0,0.0,0.0,5.5,0.0,0.0,0.0,,,0.0,0.1,3.2,1.1,2597,2776.5,-2.2,0.6,5004,MA上昇配列
1930,北陸電気工事,建設業,5.5,★☆☆☆☆,0.0,0.0,2.0,0.0,3.5,0.0,0.0,0.0,,,0.0,-8.0,3.6,0.1,1433,1545.0,3.5,0.4,213,資金流入増
8255,アクシアル　リテイリング,小売業,5.300000000000001,★☆☆☆☆,0.0,0.0,0.0,0.0,3.2,0.0,2.1,0.0,,,0.0,-3.4,2.8,-0.6,1135,1202.0,1.1,0.6,277,開示[自己株式の取得](4日前)
1786,オリエンタル白石,建設業,5.3,★☆☆☆☆,0.0,0.0,4.3,0.0,1.0,0.0,0.0,0.0,,,0.0,-3.3,3.2,-1.3,334,357.0,-7.0,0.8,242,買い出来高優勢
6196,ストライクグループ,サービス業,5.2,★☆☆☆☆,0.0,0.0,1.0,0.0,4.2,0.0,0.0,0.0,,,0.0,-5.3,2.6,0.4,1274,1344.0,2.8,0.8,506,MA上昇配列
4684,オービック,情報・通信業,5.2,★☆☆☆☆,0.0,0.0,0.0,0.0,5.2,0.0,0.0,0.0,,,0.0,4.3,3.3,2.8,4235,4539.0,-0.5,0.6,8470,MA上昇配列
4523,エーザイ,医薬品,5.2,★☆☆☆☆,0.0,0.0,1.0,0.0,4.2,0.0,0.0,0.0,,,0.0,5.4,3.6,1.6,4389,4729.0,-1.0,0.6,8364,MA上昇配列
3765,ガンホー・オンライン・エンターテイメント,情報・通信業,5.2,★☆☆☆☆,0.0,0.0,1.0,0.0,4.2,0.0,0.0,0.0,,,0.0,-0.5,2.8,1.5,2288,2421.0,1.3,0.6,622,MA上昇配列
4816,東映アニメーション,情報・通信業,5.2,★☆☆☆☆,0.0,0.0,1.0,0.0,4.2,0.0,0.0,0.0,,,0.0,-2.3,5.0,0.1,2529,2813.0,-2.6,0.7,1421,MA上昇配列
8278,フジ,小売業,5.2,★☆☆☆☆,0.0,0.0,1.0,0.0,4.2,0.0,0.0,0.0,,,0.0,-1.2,2.1,0.6,1931,2015.0,0.1,0.8,266,MA上昇配列
9832,オートバックスセブン,卸売業,5.2,★☆☆☆☆,0.0,0.0,0.0,0.0,5.2,0.0,0.0,0.0,,,0.0,-2.0,1.6,0.5,1477,1525.0,1.3,0.5,354,MA上昇配列
9974,ベルク,小売業,5.2,★☆☆☆☆,0.0,0.0,0.0,0.0,5.2,0.0,0.0,0.0,,,0.0,-2.3,2.3,0.2,6240,6540.0,-0.5,0.8,197,MA上昇配列
8001,伊藤忠商事,卸売業,5.2,★☆☆☆☆,0.0,0.0,0.0,0.0,5.2,0.0,0.0,0.0,,,0.0,0.2,2.8,0.1,1880,1991.5,-4.3,0.8,27997,MA上昇配列
3997,トレードワークス,情報・通信業,5.2,★☆☆☆☆,0.0,0.0,1.0,0.0,4.2,0.0,0.0,0.0,,,0.0,1.6,7.0,2.6,332,386.0,-7.7,1.2,105,MA上昇配列
5411,ＪＦＥホールディングス,鉄鋼,5.2,★☆☆☆☆,0.0,0.0,1.0,0.0,4.2,0.0,0.0,0.0,,,0.0,1.4,3.1,0.7,1671,1781.0,-4.5,0.7,12049,MA上昇配列
5449,大阪製鐵,鉄鋼,5.2,★☆☆☆☆,0.0,0.0,1.0,0.0,4.2,0.0,0.0,0.0,,,0.0,0.8,5.6,1.2,2363,2664.0,-3.3,0.6,117,MA上昇配列
7630,壱番屋,小売業,5.2,★☆☆☆☆,0.0,0.0,1.0,0.0,4.2,0.0,0.0,0.0,,,0.0,-0.0,2.2,1.8,894,936.0,2.1,0.8,420,MA上昇配列
7203,トヨタ自動車,輸送用機器,5.2,★☆☆☆☆,0.0,0.0,1.0,0.0,4.2,0.0,0.0,0.0,,,0.0,0.0,3.1,1.7,2826,3013.0,1.1,0.4,108561,MA上昇配列
6460,セガサミーホールディングス,機械,5.2,★☆☆☆☆,0.0,0.0,1.0,0.0,4.2,0.0,0.0,0.0,,,0.0,6.4,4.4,3.7,2489,2730.0,-1.4,0.6,3159,MA上昇配列
8914,エリアリンク,不動産業,5.2,★☆☆☆☆,0.0,0.0,4.0,0.0,1.2,0.0,0.0,0.0,,,0.0,0.7,4.5,-0.4,838,920.0,2.2,1.4,152,-
276A,ククレブ・アドバイザーズ,不動産業,5.2,★☆☆☆☆,0.0,0.0,1.0,0.0,4.2,0.0,0.0,0.0,,,0.0,-10.8,4.0,2.7,3321,3610.0,6.2,1.0,107,MA上昇配列
5285,ヤマックス,ガラス・土石製品,5.2,★☆☆☆☆,0.0,0.0,4.0,0.0,1.2,0.0,0.0,0.0,,,0.0,-2.0,5.0,-0.1,1259,1397.0,0.4,0.3,132,資金流入増
2331,ＡＬＳＯＫ,サービス業,5.2,★☆☆☆☆,0.0,0.0,0.0,0.0,5.2,0.0,0.0,0.0,,,0.0,-1.2,2.9,0.5,1087,1155.0,0.3,0.7,1649,MA上昇配列
9602,東宝,情報・通信業,5.2,★☆☆☆☆,0.0,0.0,1.0,0.0,4.2,0.0,0.0,0.0,,,0.0,3.7,3.7,2.8,1387,1499.0,-0.1,0.4,7374,MA上昇配列
5947,リンナイ,金属製品,5.2,★☆☆☆☆,0.0,0.0,0.0,0.0,5.2,0.0,0.0,0.0,,,0.0,-3.8,2.3,0.0,3444,3609.0,-0.1,0.7,1447,MA上昇配列
7226,極東開発工業,輸送用機器,5.2,★☆☆☆☆,0.0,0.0,1.0,0.0,4.2,0.0,0.0,0.0,,,0.0,-2.9,1.9,1.2,2265,2354.0,0.8,0.6,476,MA上昇配列
1898,世紀東急工業,建設業,5.2,★☆☆☆☆,0.0,0.0,0.0,0.0,5.2,0.0,0.0,0.0,,,0.0,-2.0,1.5,0.8,1440,1484.0,2.6,0.8,277,MA上昇配列
6430,ダイコク電機,機械,5.2,★☆☆☆☆,0.0,0.0,1.0,0.0,4.2,0.0,0.0,0.0,,,0.0,0.1,2.2,2.0,2349,2456.0,2.0,1.4,101,MA上昇配列
9759,ＮＳＤ,情報・通信業,5.2,★☆☆☆☆,0.0,0.0,1.0,0.0,4.2,0.0,0.0,0.0,,,0.0,-0.3,2.9,0.8,2608,2772.0,0.7,0.7,880,MA上昇配列
4743,アイティフォー,情報・通信業,5.0,★☆☆☆☆,0.0,0.0,3.0,0.0,2.0,0.0,0.0,0.0,,,0.0,-3.6,2.8,-2.2,1566,1657.0,-1.7,2.0,160,-
4592,サンバイオ,医薬品,5.0,★☆☆☆☆,0.0,0.0,0.0,0.0,5.0,0.0,0.0,0.0,,,0.0,-9.2,4.2,2.7,929,1013.0,2.1,1.0,674,-
6492,岡野バルブ製造,機械,5.0,★☆☆☆☆,0.0,0.0,0.0,0.0,5.0,0.0,0.0,0.0,,,0.0,-10.7,7.4,4.1,13059,15310.0,12.9,0.4,441,-
9270,バリュエンスホールディングス,卸売業,5.0,★☆☆☆☆,0.0,0.0,0.0,0.0,5.0,0.0,0.0,0.0,,,0.0,1.4,3.7,6.5,1951,2105.0,6.3,0.9,158,-
4320,ＣＥホールディングス,情報・通信業,5.0,★☆☆☆☆,0.0,0.0,4.0,0.0,1.0,0.0,0.0,0.0,,,0.0,-11.2,2.1,-3.1,1587,1657.0,0.4,1.6,227,資金流入増
4107,伊勢化学工業,化学,5.0,★☆☆☆☆,0.0,0.0,0.0,0.0,5.0,0.0,0.0,0.0,,,0.0,2.3,4.1,6.3,3531,3850.0,4.5,0.9,785,-
218A,Ｌｉｂｅｒａｗａｒｅ,精密機器,5.0,★☆☆☆☆,0.0,0.0,0.0,0.0,5.0,0.0,0.0,0.0,,,0.0,-2.6,4.2,2.6,1010,1104.0,4.6,0.8,211,-
4506,住友ファーマ,医薬品,5.0,★☆☆☆☆,0.0,0.0,0.0,0.0,5.0,0.0,0.0,0.0,,,0.0,-0.7,3.6,3.7,1257,1355.5,4.7,0.6,5267,-
6666,リバーエレテック,電気機器,5.0,★☆☆☆☆,0.0,0.0,0.0,0.0,5.0,0.0,0.0,0.0,,,0.0,9.5,6.6,8.9,734,847.0,4.2,0.6,135,-
2815,アリアケジャパン,食料品,5.0,★☆☆☆☆,0.0,0.0,2.0,0.0,3.0,0.0,0.0,0.0,,,0.0,-0.9,2.3,0.4,5081,5330.0,0.9,0.6,535,MA上昇配列
2432,ディー・エヌ・エー,情報・通信業,5.0,★☆☆☆☆,0.0,0.0,0.0,0.0,5.0,0.0,0.0,0.0,,,0.0,0.6,2.6,1.8,2379,2510.0,1.9,0.9,2588,-
6613,ＱＤレーザ,電気機器,5.0,★☆☆☆☆,0.0,0.0,3.0,0.0,5.0,0.0,0.0,-3.0,,,0.0,3.8,9.1,15.6,1703,2083.0,19.4,1.7,5642,伸びすぎ注意(25MA+16%)
8052,椿本興業,卸売業,5.0,★☆☆☆☆,0.0,0.0,0.0,0.0,5.0,0.0,0.0,0.0,,,0.0,-4.8,2.1,0.1,2682,2800.0,2.3,1.1,113,MA上昇配列
9503,関西電力,電気・ガス業,5.0,★☆☆☆☆,0.0,0.0,1.0,0.0,4.0,0.0,0.0,0.0,,,0.0,-0.5,2.4,0.9,2280,2393.5,0.4,0.7,7750,MA上昇配列
350A,デジタルグリッド,電気・ガス業,5.0,★☆☆☆☆,0.0,0.0,0.0,0.0,5.0,0.0,0.0,0.0,,,0.0,-4.5,3.6,2.5,724,780.0,5.1,0.9,195,-
186A,アストロスケールホールディングス,サービス業,5.0,★☆☆☆☆,0.0,0.0,2.0,0.0,6.0,0.0,0.0,-3.0,,,0.0,25.3,6.0,19.5,1159,1317.0,9.3,0.9,4796,伸びすぎ注意(25MA+20%)
7751,キヤノン,電気機器,5.0,★☆☆☆☆,0.0,0.0,0.0,0.0,5.0,0.0,0.0,0.0,,,0.0,0.2,2.6,1.2,4326,4561.0,-1.6,0.4,20917,MA上昇配列
1882,東亜道路工業,建設業,5.0,★☆☆☆☆,0.0,0.0,1.0,0.0,4.0,0.0,0.0,0.0,,,0.0,-2.6,1.4,0.8,1573,1620.0,2.0,1.0,542,MA上昇配列
1434,ＪＥＳＣＯホールディングス,建設業,5.0,★☆☆☆☆,0.0,0.0,0.0,0.0,5.0,0.0,0.0,0.0,,,0.0,-7.0,3.1,2.1,1667,1778.0,3.9,0.5,110,-
6619,ダブル・スコープ,電気機器,5.0,★☆☆☆☆,0.0,0.0,0.0,0.0,5.0,0.0,0.0,0.0,,,0.0,-7.1,4.7,2.6,147,162.0,5.9,0.9,357,-
1948,弘電社,建設業,4.7,★☆☆☆☆,0.0,0.0,0.0,0.0,4.7,0.0,0.0,0.0,,,0.0,-3.7,0.2,-0.0,11364,11410.0,-0.3,0.2,119,52週高値目前
3769,ＧＭＯペイメントゲートウェイ,情報・通信業,4.7,★☆☆☆☆,0.0,0.0,4.7,0.0,0.0,0.0,0.0,0.0,,,0.0,-13.4,4.8,-10.3,7965,8809.0,-12.4,6.7,2737,出来高急増6.7倍
3922,ＰＲ　ＴＩＭＥＳ,情報・通信業,4.7,★☆☆☆☆,0.0,0.0,1.0,0.0,3.7,0.0,0.0,0.0,,,0.0,-4.9,1.9,0.1,2058,2141.0,4.4,0.6,133,-
4559,ゼリア新薬工業,医薬品,4.7,★☆☆☆☆,0.0,0.0,0.0,0.0,4.7,0.0,0.0,0.0,,,0.0,-0.9,2.1,0.6,2006,2094.0,2.9,1.0,214,-
4565,ネクセラファーマ,医薬品,4.7,★☆☆☆☆,0.0,0.0,3.0,0.0,4.7,0.0,0.0,-3.0,,,0.0,14.3,4.4,19.6,1007,1104.0,27.6,1.3,768,伸びすぎ注意(25MA+20%)
2931,ユーグレナ,食料品,4.7,★☆☆☆☆,0.0,0.0,0.0,0.0,4.7,0.0,0.0,0.0,,,0.0,-2.1,3.0,2.1,332,353.0,3.8,0.7,301,-
7409,ＡｅｒｏＥｄｇｅ,輸送用機器,4.7,★☆☆☆☆,0.0,0.0,2.0,0.0,2.7,0.0,0.0,0.0,,,0.0,-6.0,8.4,-2.2,1256,1510.0,-6.5,1.6,492,-
2752,フジオフードグループ本社,小売業,4.7,★☆☆☆☆,0.0,0.0,1.0,0.0,3.7,0.0,0.0,0.0,,,0.0,-2.7,2.4,0.3,1055,1107.0,1.7,0.6,166,-
2206,江崎グリコ,食料品,4.7,★☆☆☆☆,0.0,0.0,0.0,0.0,4.7,0.0,0.0,0.0,,,0.0,-3.0,2.6,0.8,4884,5151.0,1.4,0.6,1537,-
9887,松屋フーズホールディングス,小売業,4.7,★☆☆☆☆,0.0,0.0,4.7,0.0,0.0,0.0,0.0,0.0,,,0.0,-8.6,2.7,-4.9,4495,4750.0,-5.0,4.6,369,出来高急増4.6倍
9072,ニッコンホールディングス,陸運業,4.7,★☆☆☆☆,0.0,0.0,0.0,0.0,4.7,0.0,0.0,0.0,,,0.0,-3.5,2.9,3.0,5117,5431.0,1.7,0.5,1036,-
4704,トレンドマイクロ,情報・通信業,4.7,★☆☆☆☆,0.0,0.0,4.7,0.0,0.0,0.0,0.0,0.0,,,0.0,-20.8,5.7,-16.8,4737,5352.0,-20.5,4.4,7010,出来高急増4.4倍
8795,Ｔ＆Ｄホールディングス,保険業,4.7,★☆☆☆☆,0.0,0.0,1.0,0.0,2.0,0.0,1.7,0.0,,,0.0,-3.6,2.7,-1.0,4671,4938.0,-1.4,0.7,7305,開示[自己株式の取得](6日前)
6356,日本ギア工業,機械,4.7,★☆☆☆☆,0.0,0.0,1.0,0.0,3.7,0.0,0.0,0.0,,,0.0,-11.4,4.4,1.4,1284,1408.0,5.5,0.6,208,-
1946,トーエネック,建設業,4.7,★☆☆☆☆,0.0,0.0,0.0,0.0,4.7,0.0,0.0,0.0,,,0.0,-0.7,3.7,3.8,2007,2167.0,5.0,0.9,422,-
4169,ＥＮＥＣＨＡＮＧＥ,情報・通信業,4.699999999999999,★☆☆☆☆,0.0,0.0,3.0,0.0,6.7,0.0,0.0,-5.0,,,0.0,44.4,7.6,34.3,277,327.0,31.3,1.1,422,MA上昇配列 / 過熱⚠25MA+34%
3673,ブロードリーフ,情報・通信業,4.6,★☆☆☆☆,0.0,0.0,1.0,0.0,2.2,0.0,1.4,0.0,,,0.0,-3.8,4.7,-0.4,395,436.0,-4.0,1.0,464,開示[業績予想の修正](6日前)
5992,中央発條,金属製品,4.5,★☆☆☆☆,0.0,0.0,2.0,0.0,2.5,0.0,0.0,0.0,,,0.0,-3.8,3.0,-0.7,3469,3690.0,0.0,0.3,249,資金流入増
8803,平和不動産,不動産業,4.5,★☆☆☆☆,0.0,0.0,0.0,0.0,4.5,0.0,0.0,0.0,,,0.0,-3.4,1.3,0.2,2291,2355.0,1.8,0.6,445,-
9533,東邦瓦斯,電気・ガス業,4.5,★☆☆☆☆,0.0,0.0,1.0,0.0,3.5,0.0,0.0,0.0,,,0.0,-4.9,2.4,0.5,1128,1185.0,5.0,0.7,1164,-
4005,住友化学,化学,4.5,★☆☆☆☆,0.0,0.0,1.0,0.0,3.5,0.0,0.0,0.0,,,0.0,-6.0,3.1,0.4,495,528.0,3.7,0.7,7872,-
4658,日本空調サービス,サービス業,4.5,★☆☆☆☆,0.0,0.0,1.0,0.0,3.5,0.0,0.0,0.0,,,0.0,-7.7,2.5,-1.5,1478,1555.0,1.3,0.7,162,-
2127,日本Ｍ＆Ａセンターホールディングス,サービス業,4.5,★☆☆☆☆,0.0,0.0,3.0,0.0,1.5,0.0,0.0,0.0,,,0.0,-6.2,2.9,-1.3,617,655.4000244140625,2.0,0.6,1574,-
7599,ＩＤＯＭ,卸売業,4.5,★☆☆☆☆,0.0,0.0,1.0,0.0,3.5,0.0,0.0,0.0,,,0.0,-3.2,1.6,0.0,1260,1302.0,0.9,1.4,1049,-
6736,サン電子,電気機器,4.3,★☆☆☆☆,0.0,0.0,4.3,0.0,0.0,0.0,0.0,0.0,,,0.0,-14.4,9.9,-16.4,6396,7980.0,-25.9,2.9,399,出来高増2.9倍
4419,Ｆｉｎａｔｅｘｔホールディングス,情報・通信業,4.3,★☆☆☆☆,0.0,0.0,4.3,0.0,0.0,0.0,0.0,0.0,,,0.0,-28.4,9.1,-18.4,1042,1275.0,-20.2,2.4,1031,出来高増2.4倍
2791,大黒天物産,小売業,4.2,★☆☆☆☆,0.0,0.0,0.0,0.0,4.2,0.0,0.0,0.0,,,0.0,-2.2,3.3,0.8,4239,4535.0,2.8,1.0,272,MA上昇配列
5105,ＴＯＹＯ　ＴＩＲＥ,ゴム製品,4.2,★☆☆☆☆,0.0,0.0,1.0,0.0,0.0,0.0,3.2,0.0,,,0.0,-8.9,4.3,-5.1,3479,3804.0,5.6,1.0,5403,開示[自己株式の取得](8日前) / 開示[自己株式の取得](11日前)
5202,日本板硝子,ガラス・土石製品,4.2,★☆☆☆☆,0.0,0.0,0.0,0.0,4.2,0.0,0.0,0.0,,,0.0,-3.2,0.3,0.3,481,484.0,0.4,0.7,494,MA上昇配列
9435,光通信,情報・通信業,4.2,★☆☆☆☆,0.0,0.0,2.0,0.0,2.2,0.0,0.0,0.0,,,0.0,-2.5,2.7,-1.3,36056,38140.0,-5.0,1.6,3947,-
3916,デジタル・インフォメーション・テクノロジー,情報・通信業,4.2,★☆☆☆☆,0.0,0.0,0.0,0.0,4.2,0.0,0.0,0.0,,,0.0,-4.8,2.3,1.3,916,961.0,3.1,1.0,118,MA上昇配列
4324,電通グループ,サービス業,4.2,★☆☆☆☆,0.0,0.0,3.0,0.0,1.2,0.0,0.0,0.0,,,0.0,-1.7,4.3,-1.1,3205,3510.0,-4.0,1.8,5779,-
3626,ＴＩＳＩ,情報・通信業,4.2,★☆☆☆☆,0.0,0.0,0.0,0.0,4.2,0.0,0.0,0.0,,,0.0,4.3,3.4,2.9,3493,3745.0,1.1,0.8,3850,MA上昇配列
4686,ジャストシステム,情報・通信業,4.2,★☆☆☆☆,0.0,0.0,0.0,0.0,4.2,0.0,0.0,0.0,,,0.0,0.1,2.9,0.9,3744,3975.0,-2.1,1.0,347,MA上昇配列
2685,アンドエスティＨＤ,小売業,4.2,★☆☆☆☆,0.0,0.0,2.0,0.0,2.2,0.0,0.0,0.0,,,0.0,-6.4,2.1,-0.7,3280,3425.0,-1.3,1.9,755,-
3774,インターネットイニシアティブ,情報・通信業,4.2,★☆☆☆☆,0.0,0.0,1.0,0.0,3.2,0.0,0.0,0.0,,,0.0,-6.7,2.8,-1.8,3250,3443.0,-5.2,0.7,1873,-
9009,京成電鉄,陸運業,4.2,★☆☆☆☆,0.0,0.0,0.0,0.0,4.2,0.0,0.0,0.0,,,0.0,-2.7,2.5,0.7,1216,1280.0,-0.6,0.7,2240,MA上昇配列
6367,ダイキン工業,機械,4.2,★☆☆☆☆,0.0,0.0,1.0,0.0,0.0,0.0,3.2,0.0,,,0.0,-17.3,2.9,-8.5,20221,21450.0,-3.4,0.4,37556,開示[自己株式取得](1日前) / 開示[自己株式取得](12日前)
4922,コーセーホールディングス,化学,4.2,★☆☆☆☆,0.0,0.0,0.0,0.0,4.2,0.0,0.0,0.0,,,0.0,1.1,3.8,0.0,5200,5631.0,-4.9,0.7,1994,MA上昇配列
5988,パイオラックス,金属製品,4.2,★☆☆☆☆,0.0,0.0,0.0,0.0,4.2,0.0,0.0,0.0,,,0.0,-0.4,2.0,1.0,1648,1717.0,0.7,0.8,155,MA上昇配列
7148,ＦＰＧ,証券、商品先物取引業,4.2,★☆☆☆☆,0.0,0.0,0.0,0.0,4.2,0.0,0.0,0.0,,,0.0,-0.4,2.9,0.4,1523,1618.0,0.2,0.7,980,MA上昇配列
3856,Ａｂａｌａｎｃｅ,電気機器,4.1,★☆☆☆☆,0.0,0.0,2.0,0.0,0.0,0.0,2.1,0.0,,,0.0,-28.6,9.8,-16.1,298,371.0,8.8,0.6,129,資金流入増 / 開示[自己株式の取得](4日前)
277A,グロービング,サービス業,4.0,★☆☆☆☆,0.0,0.0,0.0,0.0,4.0,0.0,0.0,0.0,,,0.0,-8.0,3.0,-0.3,1629,1732.0,5.9,0.5,407,-
5406,神戸製鋼所,鉄鋼,4.0,★☆☆☆☆,0.0,0.0,0.0,0.0,4.0,0.0,0.0,0.0,,,0.0,-1.0,2.7,0.5,1893,2002.0,-1.9,0.6,4722,MA上昇配列
8630,ＳＯＭＰＯホールディングス,保険業,4.0,★☆☆☆☆,0.0,0.0,2.0,0.0,2.0,0.0,0.0,0.0,,,0.0,-2.1,2.5,-2.9,6374,6714.0,-5.0,1.5,17922,-
7318,セレンディップ・ホールディングス,輸送用機器,4.0,★☆☆☆☆,0.0,0.0,1.0,0.0,0.0,0.0,3.0,0.0,,,0.0,-28.7,10.5,-17.9,1220,1545.0,-20.6,0.9,289,開示[自己株式取得](0日前)
7459,メディパルホールディングス,卸売業,4.0,★☆☆☆☆,0.0,0.0,2.0,0.0,2.0,0.0,0.0,0.0,,,0.0,-3.1,2.9,-0.4,2651,2817.5,-0.5,1.5,1313,-
6178,日本郵政,サービス業,4.0,★☆☆☆☆,0.0,0.0,2.0,0.0,2.0,0.0,0.0,0.0,,,0.0,-3.3,2.5,-0.0,2274,2394.5,-0.8,0.6,12329,-
4687,ＴＤＣソフト,情報・通信業,4.0,★☆☆☆☆,0.0,0.0,1.0,0.0,3.0,0.0,0.0,0.0,,,0.0,-2.6,4.4,0.5,929,1018.0,7.6,0.8,122,MA上昇配列
8750,第一ライフグループ,保険業,4.0,★☆☆☆☆,0.0,0.0,2.0,0.0,2.0,0.0,0.0,0.0,,,0.0,-3.0,2.8,-2.1,1745,1847.0,-4.4,0.9,19453,-
9504,中国電力,電気・ガス業,4.0,★☆☆☆☆,0.0,0.0,1.0,0.0,3.0,0.0,0.0,0.0,,,0.0,-3.3,2.1,0.7,894,933.7999877929688,2.8,0.6,1651,MA上昇配列
3116,トヨタ紡織,輸送用機器,4.0,★☆☆☆☆,0.0,0.0,1.0,0.0,3.0,0.0,0.0,0.0,,,0.0,-2.6,3.1,0.5,2112,2252.5,2.4,0.4,1921,MA上昇配列
4755,楽天グループ,サービス業,4.0,★☆☆☆☆,0.0,0.0,4.0,0.0,0.0,0.0,0.0,0.0,,,0.0,-7.5,4.0,-4.4,715,777.4000244140625,-12.3,1.5,14116,-
7181,かんぽ生命保険,保険業,4.0,★☆☆☆☆,0.0,0.0,2.0,0.0,2.0,0.0,0.0,0.0,,,0.0,-2.1,3.4,-1.4,1568,1681.5,-6.0,0.7,4607,-
8214,ＡＯＫＩホールディングス,小売業,4.0,★☆☆☆☆,0.0,0.0,2.0,0.0,2.0,0.0,0.0,0.0,,,0.0,-3.6,2.0,-0.7,1631,1700.0,-2.6,0.6,388,-
6436,アマノ,機械,4.0,★☆☆☆☆,0.0,0.0,3.0,0.0,1.0,0.0,0.0,0.0,,,0.0,-2.1,2.7,-0.3,3633,3841.0,-2.4,0.6,1338,-
3099,三越伊勢丹ホールディングス,小売業,3.9,★☆☆☆☆,0.0,0.0,1.0,0.0,1.0,0.0,1.9,0.0,,,0.0,-15.1,3.7,-5.0,3271,3530.0,-2.8,1.0,11276,開示[自己株式取得](5日前)
5892,ｙｕｔｏｒｉ,小売業,3.8000000000000007,★☆☆☆☆,0.0,0.0,5.3,0.0,3.5,0.0,0.0,-5.0,,,0.0,26.5,4.3,25.4,2450,2679.0,23.3,2.4,168,出来高増2.4倍 / RSI過熱(85)⚠ / 過熱⚠25MA+25%
3407,旭化成,化学,3.8,★☆☆☆☆,0.0,0.0,0.0,0.0,1.0,0.0,2.8,0.0,,,0.0,-12.6,3.6,-3.8,1584,1707.0,0.9,0.5,10878,開示[自己株式の取得](1日前)
2874,横浜冷凍,卸売業,3.8,★☆☆☆☆,0.0,0.0,2.0,0.0,0.0,0.0,1.8,0.0,,,0.0,-6.6,3.8,-1.5,1943,2104.0,-0.6,1.6,490,開示[業績予想の修正](4日前)
9424,日本通信,情報・通信業,3.7,★☆☆☆☆,0.0,0.0,0.0,0.0,3.7,0.0,0.0,0.0,,,0.0,-5.3,3.8,0.7,105,114.0,7.5,0.6,206,-
9956,バローホールディングス,小売業,3.7,★☆☆☆☆,0.0,0.0,0.0,0.0,3.7,0.0,0.0,0.0,,,0.0,-6.9,3.0,-1.1,3017,3210.0,-1.1,0.3,1117,-
7238,曙ブレーキ工業,輸送用機器,3.7,★☆☆☆☆,0.0,0.0,0.0,0.0,3.7,0.0,0.0,0.0,,,0.0,-3.6,3.4,1.4,103,111.0,3.7,0.8,234,-
6629,テクノホライゾン,電気機器,3.7,★☆☆☆☆,0.0,0.0,0.0,0.0,3.7,0.0,0.0,0.0,,,0.0,-5.5,4.1,2.4,927,1009.0,2.9,0.6,276,-
7456,松田産業,卸売業,3.7,★☆☆☆☆,0.0,0.0,2.0,0.0,4.7,0.0,0.0,-3.0,,,0.0,21.5,4.8,19.2,6271,6930.0,18.5,0.6,848,伸びすぎ注意(25MA+19%)
464A,ＱＰＳホールディングス,情報・通信業,3.7,★☆☆☆☆,0.0,0.0,0.0,0.0,3.7,0.0,0.0,0.0,,,0.0,2.7,5.6,11.6,1639,1846.0,12.4,0.7,2576,-
4694,ビー・エム・エル,サービス業,3.7,★☆☆☆☆,0.0,0.0,0.0,0.0,3.7,0.0,0.0,0.0,,,0.0,-5.2,2.1,-0.3,3431,3580.0,-0.3,0.6,278,-
4375,セーフィー,情報・通信業,3.7,★☆☆☆☆,0.0,0.0,0.0,0.0,3.7,0.0,0.0,0.0,,,0.0,-2.8,3.0,2.3,627,667.0,4.4,1.0,115,-
1414,ショーボンドホールディングス,建設業,3.6,★☆☆☆☆,0.0,0.0,1.0,0.0,0.0,0.0,2.6,0.0,,,0.0,-3.9,2.1,-1.7,1215,1267.5,-1.7,0.9,1350,開示[増配](8日前) / 開示[自己株式取得](8日前)
5946,長府製作所,金属製品,3.5,★☆☆☆☆,0.0,0.0,2.0,0.0,1.0,0.0,0.5,0.0,,,0.0,-1.0,2.0,-0.3,1962,2044.0,-3.0,0.9,155,開示[業績予想の修正](11日前)
1959,クラフティア,建設業,3.5,★☆☆☆☆,0.0,0.0,1.0,0.0,2.5,0.0,0.0,0.0,,,0.0,-8.1,3.8,-1.0,7818,8467.0,3.9,1.0,2257,-
6380,オリエンタルチエン工業,機械,3.5,★☆☆☆☆,0.0,0.0,2.0,0.0,1.5,0.0,0.0,0.0,,,0.0,-10.7,5.3,-6.0,3241,3625.0,-2.6,0.5,103,資金流入増
1815,鉄建建設,建設業,3.5,★☆☆☆☆,0.0,0.0,1.0,0.0,2.5,0.0,0.0,0.0,,,0.0,-6.3,2.9,0.6,4199,4455.0,4.5,1.1,507,-
2264,森永乳業,食料品,3.5,★☆☆☆☆,0.0,0.0,2.0,0.0,1.0,0.0,0.5,0.0,,,0.0,-4.4,4.0,-2.3,1097,1192.0,-4.0,0.9,2390,開示[業績予想の修正](11日前)
4552,ＪＣＲファーマ,医薬品,3.5,★☆☆☆☆,0.0,0.0,1.0,0.0,2.5,0.0,0.0,0.0,,,0.0,-8.2,3.9,-1.4,459,498.0,-0.4,1.4,300,-
8871,ゴールドクレスト,不動産業,3.5,★☆☆☆☆,0.0,0.0,1.0,0.0,2.5,0.0,0.0,0.0,,,0.0,-5.9,2.1,-0.2,3167,3305.0,2.6,1.1,190,-
1860,戸田建設,建設業,3.5,★☆☆☆☆,0.0,0.0,0.0,0.0,3.5,0.0,0.0,0.0,,,0.0,-4.3,2.2,-0.2,1436,1501.5,0.8,0.6,1493,-
4516,日本新薬,医薬品,3.5,★☆☆☆☆,0.0,0.0,2.0,0.0,1.5,0.0,0.0,0.0,,,0.0,-13.4,3.8,-4.3,3323,3598.0,0.5,0.5,2226,資金流入増
4547,キッセイ薬品工業,医薬品,3.5,★☆☆☆☆,0.0,0.0,1.0,0.0,2.5,0.0,0.0,0.0,,,0.0,-6.1,3.0,-1.0,3846,4090.0,-1.4,0.9,338,-
4691,ワシントンホテル,サービス業,3.3,★☆☆☆☆,0.0,0.0,3.3,0.0,0.0,0.0,0.0,0.0,,,0.0,-15.2,5.2,-6.8,1900,2119.0,-7.0,2.7,120,出来高増2.7倍
7157,ライフネット生命保険,保険業,3.3,★☆☆☆☆,0.0,0.0,3.3,0.0,0.0,0.0,0.0,0.0,,,0.0,-16.5,4.1,-10.3,1364,1485.0,-12.9,2.1,395,出来高増2.1倍
6547,グリーンズ,サービス業,3.3,★☆☆☆☆,0.0,0.0,3.3,0.0,0.0,0.0,0.0,0.0,,,0.0,-9.2,4.1,-7.4,1824,1985.0,-10.3,2.4,163,出来高増2.4倍
2811,カゴメ,食料品,3.3,★☆☆☆☆,0.0,0.0,3.3,0.0,0.0,0.0,0.0,0.0,,,0.0,-6.4,2.5,-2.1,2498,2628.0,-0.5,2.0,999,出来高増2.0倍
4889,レナサイエンス,医薬品,3.3,★☆☆☆☆,0.0,0.0,3.3,0.0,0.0,0.0,0.0,0.0,,,0.0,-16.8,8.6,-9.2,1094,1320.0,-13.1,2.0,598,出来高増2.0倍
2871,ニチレイ,食料品,3.2,★☆☆☆☆,0.0,0.0,0.0,0.0,3.2,0.0,0.0,0.0,,,0.0,3.0,3.8,-0.2,1996,2159.0,-3.0,0.5,4069,-
7616,コロワイド,小売業,3.2,★☆☆☆☆,0.0,0.0,2.0,0.0,1.2,0.0,0.0,0.0,,,0.0,-1.6,3.1,-0.2,1880,2005.0,-1.7,0.9,1021,-
8252,丸井グループ,小売業,3.2,★☆☆☆☆,0.0,0.0,0.0,0.0,3.2,0.0,0.0,0.0,,,0.0,-4.2,2.2,-0.5,2813,2944.5,-0.7,0.7,2888,-
3350,メタプラネット,卸売業,3.2,★☆☆☆☆,0.0,0.0,0.0,0.0,1.2,0.0,2.0,0.0,,,0.0,-10.4,6.4,-5.4,189,217.0,-1.4,0.9,4227,開示[子会社化](0日前)
9616,共立メンテナンス,サービス業,3.2,★☆☆☆☆,0.0,0.0,1.0,0.0,2.2,0.0,0.0,0.0,,,0.0,1.4,3.5,-0.7,2979,3206.0,-7.1,0.9,4490,-
7283,愛三工業,輸送用機器,3.2,★☆☆☆☆,0.0,0.0,0.0,0.0,3.2,0.0,0.0,0.0,,,0.0,-6.5,3.5,-0.5,2142,2305.0,2.5,0.5,477,-
8136,サンリオ,卸売業,3.2,★☆☆☆☆,0.0,0.0,2.0,0.0,1.2,0.0,0.0,0.0,,,0.0,-3.9,7.4,-2.6,1033,1212.0,-13.2,1.0,37786,-
2379,ディップ,サービス業,3.2,★☆☆☆☆,0.0,0.0,2.0,0.0,1.2,0.0,0.0,0.0,,,0.0,-2.9,1.8,-0.7,1758,1823.0,-0.7,1.3,599,-
5423,東京製鐵,鉄鋼,3.2,★☆☆☆☆,0.0,0.0,1.0,0.0,2.2,0.0,0.0,0.0,,,0.0,-6.6,2.4,-1.2,1634,1717.0,-3.3,0.8,755,-
9031,西日本鉄道,陸運業,3.0,★☆☆☆☆,0.0,0.0,1.0,0.0,2.0,0.0,0.0,0.0,,,0.0,-5.5,2.5,-1.6,2870,3021.0,0.9,0.8,626,-
7988,ニフコ,化学,3.0,★☆☆☆☆,0.0,0.0,1.0,0.0,2.0,0.0,0.0,0.0,,,0.0,-4.2,3.1,-1.0,4737,5053.0,-0.4,0.5,1622,-
9142,九州旅客鉄道,陸運業,3.0,★☆☆☆☆,0.0,0.0,2.0,0.0,1.0,0.0,0.0,0.0,,,0.0,-7.2,2.3,-2.9,3314,3471.0,0.3,0.7,2862,-
9090,ＡＺ－ＣＯＭ丸和ホールディングス,陸運業,3.0,★☆☆☆☆,0.0,0.0,3.0,0.0,0.0,0.0,0.0,0.0,,,0.0,-1.0,3.1,-0.5,823,877.0,3.8,0.5,584,資金流入増
4424,Ａｍａｚｉａ,情報・通信業,3.0,★☆☆☆☆,0.0,0.0,3.0,0.0,0.0,0.0,0.0,0.0,,,0.0,-0.4,13.7,-9.9,233,321.0,-5.3,0.1,401,-
1723,日本電技,建設業,3.0,★☆☆☆☆,0.0,0.0,3.0,0.0,0.0,0.0,0.0,0.0,,,0.0,-1.9,5.9,-0.2,1933,2192.0,-0.3,0.8,637,-
4088,エア・ウォーター,化学,3.0,★☆☆☆☆,0.0,0.0,2.0,0.0,1.0,0.0,0.0,0.0,,,0.0,-2.8,3.2,-0.4,2385,2549.0,-1.0,0.5,2607,-
2281,プリマハム,食料品,3.0,★☆☆☆☆,0.0,0.0,2.0,0.0,1.0,0.0,0.0,0.0,,,0.0,-4.1,2.4,-1.4,2276,2390.0,0.3,0.6,420,資金流入増
1377,サカタのタネ,水産・農林業,3.0,★☆☆☆☆,0.0,0.0,2.0,0.0,1.0,0.0,0.0,0.0,,,0.0,-3.6,1.9,-0.0,4213,4380.0,-0.5,0.5,495,-
9449,ＧＭＯインターネットグループ,情報・通信業,3.0,★☆☆☆☆,0.0,0.0,2.0,0.0,1.0,0.0,0.0,0.0,,,0.0,-7.1,3.8,-4.2,3629,3930.0,-6.0,1.8,2167,-
7513,コジマ,小売業,3.0,★☆☆☆☆,0.0,0.0,1.0,0.0,2.0,0.0,0.0,0.0,,,0.0,-1.7,2.7,-0.6,1272,1345.0,-1.5,1.0,479,-
6072,地盤ネットホールディングス,サービス業,3.0,★☆☆☆☆,0.0,0.0,0.0,0.0,6.0,0.0,0.0,-3.0,,,0.0,12.1,6.8,16.5,980,1134.0,22.7,0.6,706,伸びすぎ注意(25MA+16%)
5463,丸一鋼管,鉄鋼,3.0,★☆☆☆☆,0.0,0.0,2.0,0.0,1.0,0.0,0.0,0.0,,,0.0,-7.0,2.9,-1.0,1675,1777.5,-2.9,1.1,1268,-
5461,中部鋼鈑,鉄鋼,3.0,★☆☆☆☆,0.0,0.0,3.0,0.0,0.0,0.0,0.0,0.0,,,0.0,-3.8,2.1,-0.7,1980,2066.0,-0.7,1.3,215,-
5930,文化シヤッター,金属製品,3.0,★☆☆☆☆,0.0,0.0,3.0,0.0,0.0,0.0,0.0,0.0,,,0.0,-8.5,2.6,-3.5,1732,1825.0,0.3,1.4,275,-
9064,ヤマトホールディングス,陸運業,3.0,★☆☆☆☆,0.0,0.0,3.0,0.0,0.0,0.0,0.0,0.0,,,0.0,-4.6,3.3,-2.4,1819,1948.0,0.6,0.6,3165,-
9044,ＮＡＮＫＡＩ,陸運業,3.0,★☆☆☆☆,0.0,0.0,2.0,0.0,1.0,0.0,0.0,0.0,,,0.0,-3.7,2.9,-0.7,2763,2931.5,2.1,0.7,821,-
3302,帝国繊維,繊維製品,3.0,★☆☆☆☆,0.0,0.0,2.0,0.0,1.0,0.0,0.0,0.0,,,0.0,-4.5,3.3,-2.4,3052,3270.0,-2.7,1.3,234,-
9468,ＫＡＤＯＫＡＷＡ,情報・通信業,2.8,★☆☆☆☆,0.0,0.0,0.0,0.0,1.2,0.0,1.6,0.0,,,0.0,-7.7,2.9,-1.5,3322,3523.0,-1.8,0.7,1916,開示[業績予想の修正](5日前)
4425,Ｋｕｄａｎ,情報・通信業,2.7,★☆☆☆☆,0.0,0.0,0.0,0.0,2.7,0.0,0.0,0.0,,,0.0,-16.5,4.8,-2.7,1533,1697.0,0.8,0.6,213,-
8267,イオン,小売業,2.7,★☆☆☆☆,0.0,0.0,0.0,0.0,2.7,0.0,0.0,0.0,,,0.0,-4.2,3.2,-1.1,1274,1362.5,-2.0,0.9,14422,-
3288,オープンハウスグループ,不動産業,2.7,★☆☆☆☆,0.0,0.0,0.0,0.0,0.0,0.0,2.7,0.0,,,0.0,-7.8,2.5,-3.2,7788,8191.0,-3.7,0.7,2548,開示[自己株式の取得](4日前) / 開示[業績予想の修正](11日前)
7130,ヤマエグループホールディングス,卸売業,2.7,★☆☆☆☆,0.0,0.0,0.0,0.0,2.7,0.0,0.0,0.0,,,0.0,-9.8,2.4,-0.9,2766,2906.0,1.1,0.5,235,-
4554,富士製薬工業,医薬品,2.7,★☆☆☆☆,0.0,0.0,0.0,0.0,2.7,0.0,0.0,0.0,,,0.0,-8.9,2.8,-2.0,1735,1836.0,3.7,0.8,206,-
7412,アトム,小売業,2.7,★☆☆☆☆,0.0,0.0,0.0,0.0,2.7,0.0,0.0,0.0,,,0.0,-7.5,2.7,-2.7,346,366.0,0.0,0.8,212,-
7990,グローブライド,その他製品,2.7,★☆☆☆☆,0.0,0.0,1.0,0.0,1.2,0.0,0.5,0.0,,,0.0,-2.4,3.4,-1.4,2300,2470.0,-9.0,0.9,272,開示[業績予想の修正](11日前)
2702,日本マクドナルドホールディングス,小売業,2.7,★☆☆☆☆,0.0,0.0,0.0,0.0,2.2,0.0,0.5,0.0,,,0.0,-0.8,2.7,-1.4,7296,7720.0,-4.2,0.9,5364,開示[業績予想の修正](11日前)
3046,ジンズホールディングス,小売業,2.7,★☆☆☆☆,0.0,0.0,0.0,0.0,2.7,0.0,0.0,0.0,,,0.0,-3.1,4.1,-1.9,5914,6440.0,3.5,0.7,2245,-
6223,西部技研,機械,2.7,★☆☆☆☆,0.0,0.0,0.0,0.0,2.7,0.0,0.0,0.0,,,0.0,-7.7,4.2,-1.3,1851,2019.0,-3.1,0.5,109,-
4519,中外製薬,医薬品,2.7,★☆☆☆☆,0.0,0.0,0.0,0.0,2.7,0.0,0.0,0.0,,,0.0,-8.8,2.9,-2.9,6461,6864.0,0.1,0.6,21368,-
9433,ＫＤＤＩ,情報・通信業,2.6,★☆☆☆☆,0.0,0.0,0.0,0.0,2.0,0.0,0.6,0.0,,,0.0,-3.9,3.2,-2.0,2655,2833.5,-4.9,0.7,28029,開示[自己株式の取得](11日前)
1926,ライト工業,建設業,2.5,★☆☆☆☆,0.0,0.0,0.0,0.0,2.5,0.0,0.0,0.0,,,0.0,-5.9,2.7,-0.8,3592,3795.0,-1.0,0.6,697,-
1417,ミライト・ワン,建設業,2.5,★☆☆☆☆,0.0,0.0,0.0,0.0,2.5,0.0,0.0,0.0,,,0.0,-7.6,2.3,-0.8,3390,3552.0,2.4,0.9,998,-
4536,参天製薬,医薬品,2.5,★☆☆☆☆,0.0,0.0,0.0,0.0,2.5,0.0,0.0,0.0,,,0.0,-12.8,3.3,-4.0,1776,1899.5,-1.7,0.8,2262,-
4549,栄研化学,医薬品,2.5,★☆☆☆☆,0.0,0.0,1.0,0.0,1.5,0.0,0.0,0.0,,,0.0,-12.0,4.1,-2.3,2152,2342.0,5.7,0.5,636,-
9502,中部電力,電気・ガス業,2.5,★☆☆☆☆,0.0,0.0,0.0,0.0,2.5,0.0,0.0,0.0,,,0.0,-9.3,3.4,-0.5,2655,2849.5,5.2,0.5,11261,-
7649,スギホールディングス,小売業,2.5,★☆☆☆☆,0.0,0.0,1.0,0.0,1.5,0.0,0.0,0.0,,,0.0,-9.9,3.1,-4.6,2564,2735.5,-2.9,1.4,2798,-
9336,大栄環境,サービス業,2.5,★☆☆☆☆,0.0,0.0,0.0,0.0,2.5,0.0,0.0,0.0,,,0.0,-6.6,3.1,-3.0,3435,3665.0,-0.5,0.8,606,-
1801,大成建設,建設業,2.5,★☆☆☆☆,0.0,0.0,1.0,0.0,1.5,0.0,0.0,0.0,,,0.0,-10.6,3.8,-3.1,11950,12925.0,0.3,0.7,8425,-
9247,ＴＲＥホールディングス,サービス業,2.4,★☆☆☆☆,0.0,0.0,0.0,0.0,1.0,0.0,1.4,0.0,,,0.0,-11.3,3.6,-2.8,1867,2013.0,2.8,1.0,547,開示[業績予想の修正](6日前)
7421,カッパ・クリエイト,小売業,2.2,★☆☆☆☆,0.0,0.0,0.0,0.0,2.2,0.0,0.0,0.0,,,0.0,-2.3,2.7,-0.1,1482,1566.0,0.9,0.5,172,-
9983,ファーストリテイリング,小売業,2.2,★☆☆☆☆,0.0,0.0,0.0,0.0,2.2,0.0,0.0,0.0,,,0.0,-6.1,2.6,-2.4,72864,76820.0,-3.1,0.7,92698,-
7545,西松屋チェーン,小売業,2.2,★☆☆☆☆,0.0,0.0,1.0,0.0,1.2,0.0,0.0,0.0,,,0.0,-3.3,1.9,-0.2,1919,1996.0,-1.0,1.0,808,-
6648,かわでん,電気機器,2.2,★☆☆☆☆,0.0,0.0,1.0,0.0,1.2,0.0,0.0,0.0,,,0.0,-6.3,5.8,-1.0,1559,1762.0,-8.7,0.5,164,-
8273,イズミ,小売業,2.2,★☆☆☆☆,0.0,0.0,1.0,0.0,1.2,0.0,0.0,0.0,,,0.0,-2.3,2.2,-0.1,956,1000.0,0.5,1.2,452,-
7943,ニチハ,ガラス・土石製品,2.2,★☆☆☆☆,0.0,0.0,0.0,0.0,2.2,0.0,0.0,0.0,,,0.0,-2.9,2.9,-0.2,2914,3090.0,-3.4,0.9,224,-
8179,ロイヤルホールディングス,小売業,2.2,★☆☆☆☆,0.0,0.0,0.0,0.0,2.2,0.0,0.0,0.0,,,0.0,-1.6,2.8,-0.7,1218,1291.0,-2.4,1.1,477,-
6005,三浦工業,機械,2.2,★☆☆☆☆,0.0,0.0,1.0,0.0,1.2,0.0,0.0,0.0,,,0.0,-5.2,2.9,-0.1,3001,3187.0,-2.4,0.7,1448,-
8153,モスフードサービス,卸売業,2.2,★☆☆☆☆,0.0,0.0,0.0,0.0,2.2,0.0,0.0,0.0,,,0.0,-3.0,2.4,-0.4,3600,3780.0,1.1,0.8,390,-
336A,ダイナミックマッププラットフォーム,情報・通信業,2.2,★☆☆☆☆,0.0,0.0,0.0,0.0,2.2,0.0,0.0,0.0,,,0.0,-13.4,5.1,0.8,742,827.0,4.4,0.7,226,-
4293,セプテーニ・ホールディングス,サービス業,2.2,★☆☆☆☆,0.0,0.0,0.0,0.0,2.2,0.0,0.0,0.0,,,0.0,-4.7,3.1,-1.1,471,503.0,1.6,0.3,242,-
9790,福井コンピュータホールディングス,情報・通信業,2.2,★☆☆☆☆,0.0,0.0,1.0,0.0,1.2,0.0,0.0,0.0,,,0.0,-4.8,2.6,-1.1,2932,3090.0,3.3,0.8,145,-
2980,ＳＲＥホールディングス,不動産業,2.2,★☆☆☆☆,0.0,0.0,1.0,0.0,1.2,0.0,0.0,0.0,,,0.0,-4.9,4.5,-2.0,2306,2535.0,1.4,1.0,895,-
6240,ヤマシンフィルタ,機械,2.2,★☆☆☆☆,0.0,0.0,0.0,0.0,2.2,0.0,0.0,0.0,,,0.0,0.3,3.4,1.5,506,543.0,-2.3,0.8,203,-
3397,トリドールホールディングス,小売業,2.2,★☆☆☆☆,0.0,0.0,1.0,0.0,1.2,0.0,0.0,0.0,,,0.0,-2.2,3.2,-1.0,3887,4152.0,-0.9,1.3,1623,-
1419,タマホーム,建設業,2.1,★☆☆☆☆,0.0,0.0,0.0,0.0,1.2,0.0,0.9,0.0,,,0.0,-3.5,1.7,-0.3,2872,2974.0,1.7,0.5,331,開示[受注](8日前)
8424,芙蓉総合リース,その他金融業,2.0,★☆☆☆☆,0.0,0.0,0.0,0.0,2.0,0.0,0.0,0.0,,,0.0,-3.4,2.1,-1.5,4173,4358.0,-2.6,1.1,806,-
8439,東京センチュリー,その他金融業,2.0,★☆☆☆☆,0.0,0.0,0.0,0.0,2.0,0.0,0.0,0.0,,,0.0,-8.6,2.6,-2.8,2388,2519.5,-0.1,0.6,1841,-
5253,カバー,情報・通信業,2.0,★☆☆☆☆,0.0,0.0,2.0,0.0,0.0,0.0,0.0,0.0,,,0.0,-11.9,5.7,-2.6,1362,1538.0,-5.8,0.4,4282,資金流入増
7981,タカラスタンダード,その他製品,2.0,★☆☆☆☆,0.0,0.0,1.0,0.0,1.0,0.0,0.0,0.0,,,0.0,-7.7,2.6,-3.1,2830,2985.0,-2.6,0.9,478,-
4259,エクサウィザーズ,情報・通信業,2.0,★☆☆☆☆,0.0,0.0,2.0,0.0,0.0,0.0,0.0,0.0,,,0.0,-14.2,6.5,-8.1,644,740.0,-11.5,1.6,1394,-
2413,エムスリー,サービス業,2.0,★☆☆☆☆,0.0,0.0,2.0,0.0,0.0,0.0,0.0,0.0,,,0.0,-13.7,6.5,-4.2,1508,1732.0,13.2,1.6,9940,-
2501,サッポロビール,食料品,2.0,★☆☆☆☆,0.0,0.0,1.0,0.0,1.0,0.0,0.0,0.0,,,0.0,-5.8,4.5,-2.6,1777,1952.0,-0.4,1.0,3227,-
2587,サントリービバレッジ＆フード,食料品,2.0,★☆☆☆☆,0.0,0.0,1.0,0.0,1.0,0.0,0.0,0.0,,,0.0,-5.0,2.9,-2.0,4281,4547.0,-2.2,0.6,5912,-
2674,ハードオフコーポレーション,小売業,2.0,★☆☆☆☆,0.0,0.0,1.0,0.0,1.0,0.0,0.0,0.0,,,0.0,-5.2,4.4,-4.3,2470,2707.0,-4.1,0.9,267,-
4540,ツムラ,医薬品,2.0,★☆☆☆☆,0.0,0.0,2.0,0.0,0.0,0.0,0.0,0.0,,,0.0,-7.2,2.0,-2.8,3571,3720.0,-1.4,1.2,1636,-
9274,ＫＰＰグループホールディングス,卸売業,2.0,★☆☆☆☆,0.0,0.0,0.0,0.0,2.0,0.0,0.0,0.0,,,0.0,-3.9,2.5,-0.3,1030,1084.0,-3.0,1.0,271,-
9301,三菱倉庫,倉庫・運輸関連業,2.0,★☆☆☆☆,0.0,0.0,0.0,0.0,2.0,0.0,0.0,0.0,,,0.0,-8.4,2.9,-3.8,1412,1498.5,-2.1,0.7,1863,-
1861,熊谷組,建設業,2.0,★☆☆☆☆,0.0,0.0,2.0,0.0,0.0,0.0,0.0,0.0,,,0.0,-14.7,3.0,-7.3,1235,1313.0,-5.4,1.8,1386,-
9882,イエローハット,卸売業,2.0,★☆☆☆☆,0.0,0.0,0.0,0.0,2.0,0.0,0.0,0.0,,,0.0,-7.5,1.9,-2.0,1688,1755.0,0.6,0.7,334,-
9831,ヤマダホールディングス,小売業,2.0,★☆☆☆☆,0.0,0.0,1.0,0.0,1.0,0.0,0.0,0.0,,,0.0,-2.7,3.2,-1.9,641,685.2000122070312,1.6,0.5,3686,-
9782,ディーエムエス,サービス業,2.0,★☆☆☆☆,0.0,0.0,1.0,0.0,1.0,0.0,0.0,0.0,,,0.0,-4.4,1.8,-0.3,3317,3440.0,1.3,0.9,113,-
9936,王将フードサービス,小売業,2.0,★☆☆☆☆,0.0,0.0,2.0,0.0,0.0,0.0,0.0,0.0,,,0.0,-7.9,2.1,-3.9,2701,2820.0,-2.2,1.6,707,-
9682,ＤＴＳ,情報・通信業,2.0,★☆☆☆☆,0.0,0.0,1.0,0.0,1.0,0.0,0.0,0.0,,,0.0,-2.7,3.2,-0.3,1012,1081.0,3.1,1.0,735,-
4307,野村総合研究所,情報・通信業,2.0,★☆☆☆☆,0.0,0.0,2.0,0.0,0.0,0.0,0.0,0.0,,,0.0,-8.1,5.0,-2.5,4379,4869.0,0.2,0.7,16080,-
1720,東急建設,建設業,2.0,★☆☆☆☆,0.0,0.0,2.0,0.0,0.0,0.0,0.0,0.0,,,0.0,-7.1,2.4,-1.2,1091,1145.0,1.8,0.6,416,-
2270,雪印メグミルク,食料品,2.0,★☆☆☆☆,0.0,0.0,0.0,0.0,2.0,0.0,0.0,0.0,,,0.0,-3.2,3.3,-0.7,3435,3680.0,0.7,0.6,791,-
4751,サイバーエージェント,サービス業,2.0,★☆☆☆☆,0.0,0.0,2.0,0.0,0.0,0.0,0.0,0.0,,,0.0,-19.1,4.8,-11.8,1142,1263.0,-15.7,1.4,9338,-
3151,バイタルケーエスケー・ホールディングス,卸売業,2.0,★☆☆☆☆,0.0,0.0,0.0,0.0,2.0,0.0,0.0,0.0,,,0.0,-4.8,2.7,-2.0,1508,1594.0,0.5,0.9,143,-
4345,シーティーエス,サービス業,2.0,★☆☆☆☆,0.0,0.0,2.0,0.0,0.0,0.0,0.0,0.0,,,0.0,-6.6,2.6,-2.3,789,832.0,1.3,0.9,102,資金流入増
7047,ポート,サービス業,2.0,★☆☆☆☆,0.0,0.0,2.0,0.0,0.0,0.0,0.0,0.0,,,0.0,-21.1,5.9,-10.7,1959,2219.0,-14.4,1.6,408,-
4403,日油,化学,2.0,★☆☆☆☆,0.0,0.0,0.0,0.0,2.0,0.0,0.0,0.0,,,0.0,-2.9,3.0,0.2,2592,2760.5,-0.4,0.9,2145,-
6632,ＪＶＣケンウッド,電気機器,2.0,★☆☆☆☆,0.0,0.0,2.0,0.0,0.0,0.0,0.0,0.0,,,0.0,-13.0,4.6,-5.3,932,1027.0,3.6,0.7,1451,-
2810,ハウス食品グループ本社,食料品,2.0,★☆☆☆☆,0.0,0.0,0.0,0.0,2.0,0.0,0.0,0.0,,,0.0,-6.3,2.5,-2.0,3583,3769.0,0.2,0.6,1074,-
8593,三菱ＨＣキャピタル,その他金融業,2.0,★☆☆☆☆,0.0,0.0,0.0,0.0,2.0,0.0,0.0,0.0,,,0.0,-5.4,2.5,-2.9,1316,1385.5,-4.2,0.8,6999,-
3360,シップヘルスケアホールディングス,卸売業,2.0,★☆☆☆☆,0.0,0.0,1.0,0.0,1.0,0.0,0.0,0.0,,,0.0,-2.8,3.0,-2.7,2195,2335.0,-4.8,0.6,701,-
8566,リコーリース,その他金融業,2.0,★☆☆☆☆,0.0,0.0,0.0,0.0,2.0,0.0,0.0,0.0,,,0.0,-4.2,2.1,-1.5,6261,6540.0,-1.4,1.2,301,-
8572,アコム,その他金融業,2.0,★☆☆☆☆,0.0,0.0,0.0,0.0,2.0,0.0,0.0,0.0,,,0.0,-4.8,1.8,-0.8,462,479.79998779296875,-0.7,1.0,687,-
9042,阪急阪神ホールディングス,陸運業,2.0,★☆☆☆☆,0.0,0.0,1.0,0.0,1.0,0.0,0.0,0.0,,,0.0,-5.0,2.9,-1.3,4366,4635.0,0.7,0.6,5129,-
7984,コクヨ,その他製品,2.0,★☆☆☆☆,0.0,0.0,0.0,0.0,2.0,0.0,0.0,0.0,,,0.0,-2.5,2.2,-0.7,827,864.7000122070312,-1.2,0.5,950,-
2288,丸大食品,食料品,2.0,★☆☆☆☆,0.0,0.0,1.0,0.0,1.0,0.0,0.0,0.0,,,0.0,-5.0,2.4,-1.3,2118,2223.0,3.6,0.7,254,-
8934,サンフロンティア不動産,不動産業,2.0,★☆☆☆☆,0.0,0.0,1.0,0.0,1.0,0.0,0.0,0.0,,,0.0,-6.2,2.1,-1.1,2362,2467.0,0.4,1.0,290,-
9065,山九,陸運業,2.0,★☆☆☆☆,0.0,0.0,1.0,0.0,1.0,0.0,0.0,0.0,,,0.0,-5.3,2.6,-4.3,8061,8500.0,-0.6,0.7,2392,-
9409,テレビ朝日ホールディングス,情報・通信業,2.0,★☆☆☆☆,0.0,0.0,1.0,0.0,1.0,0.0,0.0,0.0,,,0.0,-7.2,2.4,-2.1,2911,3060.0,-0.3,0.9,677,-
9997,ベルーナ,小売業,2.0,★☆☆☆☆,0.0,0.0,0.0,0.0,2.0,0.0,0.0,0.0,,,0.0,-5.6,2.7,-1.4,972,1027.0,3.1,0.6,308,-
9989,サンドラッグ,小売業,2.0,★☆☆☆☆,0.0,0.0,2.0,0.0,0.0,0.0,0.0,0.0,,,0.0,-6.6,2.1,-2.3,3547,3700.0,-0.7,1.9,1965,-
9946,ミニストップ,小売業,2.0,★☆☆☆☆,0.0,0.0,1.0,0.0,1.0,0.0,0.0,0.0,,,0.0,-3.9,1.0,-0.7,1786,1824.0,-0.2,0.8,116,-
7419,ノジマ,小売業,2.0,★☆☆☆☆,0.0,0.0,1.0,0.0,1.0,0.0,0.0,0.0,,,0.0,-6.6,3.2,-4.0,1214,1298.0,-1.7,1.2,1203,-
2002,日清製粉グループ本社,食料品,2.0,★☆☆☆☆,0.0,0.0,0.0,0.0,2.0,0.0,0.0,0.0,,,0.0,-4.4,2.6,-0.8,1905,2011.0,0.5,0.9,1845,-
7483,ドウシシャ,卸売業,2.0,★☆☆☆☆,0.0,0.0,1.0,0.0,1.0,0.0,0.0,0.0,,,0.0,-3.2,2.1,-0.2,2848,2971.0,-0.8,1.0,216,-
9003,相鉄ホールディングス,陸運業,2.0,★☆☆☆☆,0.0,0.0,2.0,0.0,0.0,0.0,0.0,0.0,,,0.0,-4.9,3.1,-1.0,2376,2532.5,2.4,0.7,887,-
9006,京浜急行電鉄,陸運業,2.0,★☆☆☆☆,0.0,0.0,0.0,0.0,2.0,0.0,0.0,0.0,,,0.0,-8.1,2.2,-2.5,1450,1516.0,0.7,0.6,1472,-
8200,リンガーハット,小売業,2.0,★☆☆☆☆,0.0,0.0,0.0,0.0,2.0,0.0,0.0,0.0,,,0.0,-4.6,2.3,-0.3,2200,2305.0,0.7,0.5,314,-
8160,木曽路,小売業,2.0,★☆☆☆☆,0.0,0.0,1.0,0.0,1.0,0.0,0.0,0.0,,,0.0,-4.4,2.1,-1.3,2284,2386.0,-1.6,1.0,254,-
9960,東テク,卸売業,2.0,★☆☆☆☆,0.0,0.0,1.0,0.0,1.0,0.0,0.0,0.0,,,0.0,-9.9,3.7,-2.3,3573,3860.0,-1.7,0.7,411,-
7932,ニッピ,その他製品,2.0,★☆☆☆☆,0.0,0.0,1.0,0.0,1.0,0.0,0.0,0.0,,,0.0,-7.8,2.2,-3.3,11126,11640.0,-4.3,0.6,130,-
4812,電通総研,情報・通信業,2.0,★☆☆☆☆,0.0,0.0,0.0,0.0,2.0,0.0,0.0,0.0,,,0.0,-5.2,1.6,-1.3,2573,2656.0,-1.4,0.6,1490,-
4819,デジタルガレージ,情報・通信業,2.0,★☆☆☆☆,0.0,0.0,2.0,0.0,0.0,0.0,0.0,0.0,,,0.0,-7.8,4.4,-4.3,2004,2200.0,-6.0,1.9,631,-
5408,中山製鋼所,鉄鋼,1.6,★☆☆☆☆,0.0,0.0,1.0,0.0,0.0,0.0,0.6,0.0,,,0.0,-1.5,2.6,-0.5,604,637.0,-4.6,1.1,186,開示[資本業務提携](11日前)
9005,東急,陸運業,1.6,★☆☆☆☆,0.0,0.0,0.0,0.0,1.0,0.0,0.6,0.0,,,0.0,-10.4,2.2,-5.0,1563,1634.0,-2.2,1.1,4610,開示[自己株式の取得](11日前)
1979,大氣社,建設業,1.6,★☆☆☆☆,0.0,0.0,0.0,0.0,1.0,0.0,0.6,0.0,,,0.0,-13.5,3.7,-5.0,3830,4140.0,2.1,0.6,1372,開示[自己株式の取得](11日前)
1803,清水建設,建設業,1.5,★☆☆☆☆,0.0,0.0,0.0,0.0,1.5,0.0,0.0,0.0,,,0.0,-7.0,4.1,-0.3,2223,2423.5,1.3,0.5,9444,-
1950,日本電設工業,建設業,1.5,★☆☆☆☆,0.0,0.0,0.0,0.0,1.5,0.0,0.0,0.0,,,0.0,-5.3,3.4,-1.0,3676,3945.0,2.3,0.5,560,-
4685,菱友システムズ,情報・通信業,1.5,★☆☆☆☆,0.0,0.0,0.0,0.0,1.5,0.0,0.0,0.0,,,0.0,-10.2,3.4,-3.1,2522,2704.0,3.1,0.7,109,-
7373,アイドマ・ホールディングス,サービス業,1.5,★☆☆☆☆,0.0,0.0,0.0,0.0,1.5,0.0,0.0,0.0,,,0.0,-10.0,2.6,-3.2,904,953.0,4.5,0.6,124,-
4886,あすか製薬ホールディングス,医薬品,1.5,★☆☆☆☆,0.0,0.0,0.0,0.0,1.5,0.0,0.0,0.0,,,0.0,-7.9,3.3,-2.1,1979,2118.0,5.4,1.0,218,-
9708,帝国ホテル,サービス業,1.5,★☆☆☆☆,0.0,0.0,0.0,0.0,1.5,0.0,0.0,0.0,,,0.0,-5.2,1.6,-1.1,951,982.0,0.3,0.4,154,-
1968,太平電業,建設業,1.5,★☆☆☆☆,0.0,0.0,0.0,0.0,1.5,0.0,0.0,0.0,,,0.0,-6.2,3.5,-0.2,2263,2433.0,0.5,0.9,450,-
9519,レノバ,電気・ガス業,1.5,★☆☆☆☆,0.0,0.0,0.0,0.0,1.5,0.0,0.0,0.0,,,0.0,-11.8,3.9,-0.7,873,948.0,7.2,0.6,709,-
2337,いちご,不動産業,1.5,★☆☆☆☆,0.0,0.0,0.0,0.0,1.5,0.0,0.0,0.0,,,0.0,-5.3,2.0,-2.6,391,407.0,2.0,0.5,376,-
7476,アズワン,卸売業,1.3,★☆☆☆☆,0.0,0.0,0.0,0.0,0.0,0.0,1.3,0.0,,,0.0,-8.2,3.0,-3.6,2208,2346.5,-1.8,0.6,436,開示[自己株式の取得](11日前) / 開示[自己株式の取得](11日前)
3088,マツキヨココカラ＆カンパニー,小売業,1.2,★☆☆☆☆,0.0,0.0,0.0,0.0,1.2,0.0,0.0,0.0,,,0.0,-3.2,3.0,-0.8,2326,2477.5,-0.5,0.8,4036,-
4967,小林製薬,化学,1.2,★☆☆☆☆,0.0,0.0,0.0,0.0,1.2,0.0,0.0,0.0,,,0.0,-3.7,2.4,-0.9,5248,5510.0,0.7,0.8,1380,-
8227,しまむら,小売業,1.2,★☆☆☆☆,0.0,0.0,0.0,0.0,1.2,0.0,0.0,0.0,,,0.0,-3.6,2.6,-0.9,3174,3347.0,-2.1,0.7,2435,-
3349,コスモス薬品,小売業,1.2,★☆☆☆☆,0.0,0.0,0.0,0.0,1.2,0.0,0.0,0.0,,,0.0,-2.8,3.8,-1.0,5871,6356.0,-1.5,0.9,2713,-
8113,ユニ・チャーム,化学,1.2,★☆☆☆☆,0.0,0.0,0.0,0.0,1.2,0.0,0.0,0.0,,,0.0,-2.8,3.4,-1.4,907,972.2000122070312,-5.0,0.6,5634,-
3692,ＦＦＲＩセキュリティ,情報・通信業,1.2,★☆☆☆☆,0.0,0.0,0.0,0.0,1.2,0.0,0.0,0.0,,,0.0,-17.7,5.3,-7.9,4236,4740.0,-9.0,1.1,508,-
9023,東京地下鉄,陸運業,1.2,★☆☆☆☆,0.0,0.0,0.0,0.0,1.2,0.0,0.0,0.0,,,0.0,-5.1,2.1,-1.0,1386,1445.5,-1.6,0.7,3215,-
7201,日産自動車,輸送用機器,1.2,★☆☆☆☆,0.0,0.0,0.0,0.0,1.2,0.0,0.0,0.0,,,0.0,-3.2,3.6,-0.1,307,330.20001220703125,-3.1,0.6,11480,-
9501,東京電力ホールディングス,電気・ガス業,1.0,★☆☆☆☆,0.0,0.0,0.0,0.0,1.0,0.0,0.0,0.0,,,0.0,0.6,3.9,1.3,481,522.7000122070312,0.3,0.7,18642,-
1928,積水ハウス,建設業,1.0,★☆☆☆☆,0.0,0.0,0.0,0.0,1.0,0.0,0.0,0.0,,,0.0,-5.9,1.9,-1.5,3275,3406.0,-0.6,0.4,10182,-
1833,奥村組,建設業,1.0,★☆☆☆☆,0.0,0.0,0.0,0.0,1.0,0.0,0.0,0.0,,,0.0,-2.7,2.1,0.2,5494,5730.0,-0.9,0.7,730,-
9828,Ｇｅｎｋｉ　Ｇｌｏｂａｌ　Ｄｉｎｉｎｇ　Ｃｏｎｃｅｐｔｓ,小売業,1.0,★☆☆☆☆,0.0,0.0,1.0,0.0,0.0,0.0,0.0,0.0,,,0.0,-7.8,3.7,-2.1,3054,3295.0,0.9,0.9,279,-
1878,大東建託,不動産業,1.0,★☆☆☆☆,0.0,0.0,0.0,0.0,1.0,0.0,0.0,0.0,,,0.0,-3.7,2.9,-1.0,3046,3231.0,0.5,0.6,6066,-
9735,セコム,サービス業,1.0,★☆☆☆☆,0.0,0.0,0.0,0.0,1.0,0.0,0.0,0.0,,,0.0,-7.6,3.2,-4.6,5995,6408.0,-6.3,0.8,9653,-
1925,大和ハウス工業,建設業,1.0,★☆☆☆☆,0.0,0.0,0.0,0.0,1.0,0.0,0.0,0.0,,,0.0,-4.2,2.0,-1.1,4392,4571.0,-0.3,0.6,9976,-
1893,五洋建設,建設業,1.0,★☆☆☆☆,0.0,0.0,1.0,0.0,0.0,0.0,0.0,0.0,,,0.0,-12.6,4.1,-4.2,1343,1464.5,-2.3,0.9,3268,-
6849,日本光電工業,電気機器,1.0,★☆☆☆☆,0.0,0.0,1.0,0.0,0.0,0.0,0.0,0.0,,,0.0,-9.7,4.0,-5.3,1342,1458.0,1.6,0.9,1347,-
2157,コシダカホールディングス,サービス業,1.0,★☆☆☆☆,0.0,0.0,1.0,0.0,0.0,0.0,0.0,0.0,,,0.0,-6.4,2.0,-1.5,984,1026.0,0.1,1.0,684,-
8844,コスモスイニシア,不動産業,1.0,★☆☆☆☆,0.0,0.0,0.0,0.0,1.0,0.0,0.0,0.0,,,0.0,-13.0,2.8,-4.4,1190,1260.0,4.2,0.8,116,-
8141,新光商事,卸売業,1.0,★☆☆☆☆,0.0,0.0,0.0,0.0,1.0,0.0,0.0,0.0,,,0.0,-5.8,0.7,-0.8,1543,1566.0,0.0,0.2,176,-
2175,エス・エム・エス,サービス業,1.0,★☆☆☆☆,0.0,0.0,1.0,0.0,0.0,0.0,0.0,0.0,,,0.0,-12.7,4.0,-2.7,2102,2286.0,-0.3,0.7,1440,-
2201,森永製菓,食料品,1.0,★☆☆☆☆,0.0,0.0,0.0,0.0,1.0,0.0,0.0,0.0,,,0.0,-8.4,2.5,-4.0,2403,2530.5,-1.6,0.6,869,-
9020,東日本旅客鉄道,陸運業,1.0,★☆☆☆☆,0.0,0.0,0.0,0.0,1.0,0.0,0.0,0.0,,,0.0,-7.5,3.0,-3.1,3253,3460.0,-0.0,0.5,12310,-
9532,大阪瓦斯,電気・ガス業,1.0,★☆☆☆☆,0.0,0.0,0.0,0.0,1.0,0.0,0.0,0.0,,,0.0,-2.7,2.5,-0.4,5143,5415.0,0.1,0.6,5454,-
9601,松竹,情報・通信業,1.0,★☆☆☆☆,0.0,0.0,1.0,0.0,0.0,0.0,0.0,0.0,,,0.0,-8.6,2.9,-3.5,10111,10740.0,-1.4,0.7,669,-
4413,ボードルア,情報・通信業,1.0,★☆☆☆☆,0.0,0.0,0.0,0.0,1.0,0.0,0.0,0.0,,,0.0,-11.6,4.6,-2.4,2598,2861.0,6.0,0.4,663,-
9364,上組,倉庫・運輸関連業,1.0,★☆☆☆☆,0.0,0.0,0.0,0.0,1.0,0.0,0.0,0.0,,,0.0,-7.1,2.0,-3.7,4728,4929.0,-2.6,1.0,1786,-
6013,タクマ,機械,1.0,★☆☆☆☆,0.0,0.0,0.0,0.0,1.0,0.0,0.0,0.0,,,0.0,-8.1,3.1,-3.3,3047,3250.0,1.4,0.7,698,-
6226,守谷輸送機工業,機械,1.0,★☆☆☆☆,0.0,0.0,1.0,0.0,0.0,0.0,0.0,0.0,,,0.0,-19.1,6.4,-4.7,1935,2220.0,8.9,1.5,569,-
9302,三井倉庫ホールディングス,倉庫・運輸関連業,1.0,★☆☆☆☆,0.0,0.0,1.0,0.0,0.0,0.0,0.0,0.0,,,0.0,-9.1,3.3,-4.4,3121,3342.0,2.9,0.6,933,-
6104,芝浦機械,機械,1.0,★☆☆☆☆,0.0,0.0,0.0,0.0,1.0,0.0,0.0,0.0,,,0.0,-14.1,4.5,-3.5,3894,4280.0,3.4,0.5,857,-
3139,ラクト・ジャパン,卸売業,1.0,★☆☆☆☆,0.0,0.0,0.0,0.0,1.0,0.0,0.0,0.0,,,0.0,-6.0,1.8,-0.7,3260,3380.0,2.4,1.0,130,-
3150,グリムス,電気・ガス業,1.0,★☆☆☆☆,0.0,0.0,0.0,0.0,1.0,0.0,0.0,0.0,,,0.0,-6.8,2.1,-1.6,2403,2510.0,1.4,1.1,128,-
3191,ジョイフル本田,小売業,1.0,★☆☆☆☆,0.0,0.0,0.0,0.0,1.0,0.0,0.0,0.0,,,0.0,-3.7,3.7,-2.3,2090,2258.0,-0.1,0.8,607,-
8056,ＢＩＰＲＯＧＹ,情報・通信業,1.0,★☆☆☆☆,0.0,0.0,1.0,0.0,0.0,0.0,0.0,0.0,,,0.0,-7.3,4.6,-3.9,4051,4462.0,3.6,0.9,2670,-
7972,イトーキ,その他製品,1.0,★☆☆☆☆,0.0,0.0,1.0,0.0,0.0,0.0,0.0,0.0,,,0.0,-10.0,3.9,-6.5,2414,2620.0,2.6,1.0,683,-
3231,野村不動産ホールディングス,不動産業,1.0,★☆☆☆☆,0.0,0.0,0.0,0.0,1.0,0.0,0.0,0.0,,,0.0,-7.5,1.9,-2.1,881,915.2999877929688,1.3,0.8,4465,-
3289,東急不動産ホールディングス,不動産業,1.0,★☆☆☆☆,0.0,0.0,0.0,0.0,1.0,0.0,0.0,0.0,,,0.0,-4.6,1.9,-0.7,1267,1317.5,0.4,0.5,3841,-
3003,ヒューリック,不動産業,1.0,★☆☆☆☆,0.0,0.0,0.0,0.0,1.0,0.0,0.0,0.0,,,0.0,-6.4,2.5,-1.9,1653,1740.0,0.1,0.6,4926,-
8715,アニコム　ホールディングス,保険業,1.0,★☆☆☆☆,0.0,0.0,1.0,0.0,0.0,0.0,0.0,0.0,,,0.0,-12.1,4.4,-8.7,996,1092.0,-9.9,1.4,491,-
8766,東京海上ホールディングス,保険業,1.0,★☆☆☆☆,0.0,0.0,0.0,0.0,1.0,0.0,0.0,0.0,,,0.0,-5.1,2.7,-4.7,7080,7481.0,-5.8,1.2,37663,-
2678,アスクル,小売業,1.0,★☆☆☆☆,0.0,0.0,1.0,0.0,0.0,0.0,0.0,0.0,,,0.0,-3.6,2.5,-1.1,1180,1242.0,-1.3,1.0,563,-
2875,東洋水産,食料品,1.0,★☆☆☆☆,0.0,0.0,0.0,0.0,1.0,0.0,0.0,0.0,,,0.0,-3.2,3.5,-0.5,9849,10590.0,-0.9,0.5,5506,-
9715,トランス・コスモス,サービス業,1.0,★☆☆☆☆,0.0,0.0,0.0,0.0,1.0,0.0,0.0,0.0,,,0.0,-4.7,2.5,-1.1,3463,3645.0,1.0,0.9,371,-
8086,ニプロ,精密機器,1.0,★☆☆☆☆,0.0,0.0,0.0,0.0,1.0,0.0,0.0,0.0,,,0.0,-3.4,2.5,-1.2,1504,1583.0,-1.7,1.0,1107,-
8129,東邦ホールディングス,卸売業,1.0,★☆☆☆☆,0.0,0.0,1.0,0.0,0.0,0.0,0.0,0.0,,,0.0,-7.5,3.6,-2.6,3585,3864.0,1.7,1.1,752,-
9401,ＴＢＳホールディングス,情報・通信業,1.0,★☆☆☆☆,0.0,0.0,0.0,0.0,1.0,0.0,0.0,0.0,,,0.0,-9.8,2.7,-2.9,5603,5919.0,1.5,0.8,2076,-
2533,オエノンホールディングス,食料品,1.0,★☆☆☆☆,0.0,0.0,1.0,0.0,0.0,0.0,0.0,0.0,,,0.0,-8.0,4.2,-2.2,435,475.0,6.3,0.9,123,-
3561,力の源ホールディングス,小売業,1.0,★☆☆☆☆,0.0,0.0,1.0,0.0,0.0,0.0,0.0,0.0,,,0.0,-3.4,2.5,-0.8,1516,1594.0,-0.5,0.8,108,-
8233,高島屋,小売業,1.0,★☆☆☆☆,0.0,0.0,0.0,0.0,1.0,0.0,0.0,0.0,,,0.0,-13.5,2.8,-3.4,2118,2245.0,-2.4,0.9,3907,-
2784,アルフレッサ　ホールディングス,卸売業,1.0,★☆☆☆☆,0.0,0.0,0.0,0.0,1.0,0.0,0.0,0.0,,,0.0,-5.8,2.4,-1.4,2142,2250.0,2.3,0.6,1292,-
8850,スターツコーポレーション,不動産業,1.0,★☆☆☆☆,0.0,0.0,0.0,0.0,1.0,0.0,0.0,0.0,,,0.0,-6.0,2.1,-0.7,4485,4680.0,1.8,0.7,315,-
5351,品川リフラ,ガラス・土石製品,1.0,★☆☆☆☆,0.0,0.0,0.0,0.0,1.0,0.0,0.0,0.0,,,0.0,-2.6,2.0,-0.5,1961,2043.0,-3.4,1.0,273,-
3798,ＵＬＳグループ,情報・通信業,1.0,★☆☆☆☆,0.0,0.0,1.0,0.0,0.0,0.0,0.0,0.0,,,0.0,-8.9,3.7,-4.9,489,528.0,-4.9,1.4,134,-
3863,日本製紙,パルプ・紙,1.0,★☆☆☆☆,0.0,0.0,0.0,0.0,1.0,0.0,0.0,0.0,,,0.0,-11.6,5.0,-5.7,1205,1338.0,-4.8,0.7,1495,-
1333,Ｕｍｉｏｓ,水産・農林業,1.0,★☆☆☆☆,0.0,0.0,0.0,0.0,1.0,0.0,0.0,0.0,,,0.0,-6.7,2.0,-2.0,1232,1282.5,0.9,0.9,731,-
9022,東海旅客鉄道,陸運業,1.0,★☆☆☆☆,0.0,0.0,1.0,0.0,0.0,0.0,0.0,0.0,,,0.0,-1.2,3.0,-1.6,3572,3796.0,-2.7,0.5,11501,-
2216,カンロ,食料品,1.0,★☆☆☆☆,0.0,0.0,1.0,0.0,0.0,0.0,0.0,0.0,,,0.0,-13.6,3.9,-5.8,1008,1094.0,-1.6,0.5,131,-
7860,エイベックス,情報・通信業,1.0,★☆☆☆☆,0.0,0.0,1.0,0.0,0.0,0.0,0.0,0.0,,,0.0,-4.5,2.3,-1.5,1194,1252.0,1.3,0.9,250,-
6455,モリタホールディングス,輸送用機器,1.0,★☆☆☆☆,0.0,0.0,1.0,0.0,0.0,0.0,0.0,0.0,,,0.0,-5.6,2.5,-2.1,2251,2367.0,0.6,0.9,181,-
7917,ＺＡＣＲＯＳ,化学,1.0,★☆☆☆☆,0.0,0.0,0.0,0.0,1.0,0.0,0.0,0.0,,,0.0,-10.7,3.5,-3.2,1220,1311.0,2.6,0.6,247,-
9021,西日本旅客鉄道,陸運業,1.0,★☆☆☆☆,0.0,0.0,0.0,0.0,1.0,0.0,0.0,0.0,,,0.0,-6.0,2.7,-2.6,2729,2888.0,-1.3,0.9,8112,-
9987,スズケン,卸売業,1.0,★☆☆☆☆,0.0,0.0,1.0,0.0,0.0,0.0,0.0,0.0,,,0.0,-6.0,2.7,-1.5,4717,4985.0,2.5,0.7,879,-
2579,コカ・コーラ　ボトラーズジャパンホールディングス,食料品,1.0,★☆☆☆☆,0.0,0.0,0.0,0.0,1.0,0.0,0.0,0.0,,,0.0,-12.0,4.7,-6.1,3503,3869.0,-3.4,0.5,4286,-
2327,日鉄ソリューションズ,情報・通信業,1.0,★☆☆☆☆,0.0,0.0,0.0,0.0,1.0,0.0,0.0,0.0,,,0.0,-4.5,2.7,-1.0,3573,3779.0,-0.1,0.7,1040,-
2531,宝ホールディングス,食料品,1.0,★☆☆☆☆,0.0,0.0,0.0,0.0,1.0,0.0,0.0,0.0,,,0.0,-6.9,3.1,-0.9,1960,2091.5,1.5,0.7,963,-
7921,ＴＡＫＡＲＡ　＆　ＣＯＭＰＡＮＹ,その他製品,1.0,★☆☆☆☆,0.0,0.0,0.0,0.0,1.0,0.0,0.0,0.0,,,0.0,-9.7,3.1,-2.0,3951,4215.0,-0.1,0.7,173,-
4553,東和薬品,医薬品,1.0,★☆☆☆☆,0.0,0.0,0.0,0.0,1.0,0.0,0.0,0.0,,,0.0,-15.1,3.9,-7.4,3426,3715.0,-5.9,0.7,503,-
6586,マキタ,機械,1.0,★☆☆☆☆,0.0,0.0,0.0,0.0,1.0,0.0,0.0,0.0,,,0.0,-9.7,3.6,-3.6,4949,5331.0,-2.9,0.7,5591,-
6995,東海理化電機製作所,輸送用機器,1.0,★☆☆☆☆,0.0,0.0,0.0,0.0,1.0,0.0,0.0,0.0,,,0.0,-5.5,2.8,-1.3,2896,3070.0,1.3,0.4,508,-
3861,王子ホールディングス,パルプ・紙,1.0,★☆☆☆☆,0.0,0.0,0.0,0.0,1.0,0.0,0.0,0.0,,,0.0,-0.8,2.2,-0.0,824,861.7999877929688,-2.7,0.8,3492,-
4204,積水化学工業,化学,1.0,★☆☆☆☆,0.0,0.0,0.0,0.0,1.0,0.0,0.0,0.0,,,0.0,-4.0,1.9,-0.6,2550,2652.5,-1.2,0.8,4398,-
7259,アイシン,輸送用機器,1.0,★☆☆☆☆,0.0,0.0,1.0,0.0,0.0,0.0,0.0,0.0,,,0.0,-5.5,3.5,-1.9,2086,2241.0,-0.8,0.8,5766,-
9305,ヤマタネ,卸売業,1.0,★☆☆☆☆,0.0,0.0,1.0,0.0,0.0,0.0,0.0,0.0,,,0.0,-4.4,2.5,-0.8,1978,2080.0,-1.1,0.7,160,-
9068,丸全昭和運輸,陸運業,0.9,★☆☆☆☆,0.0,0.0,0.0,0.0,0.0,0.0,0.9,0.0,,,0.0,-5.7,2.6,-2.8,6980,7370.0,-3.4,0.8,237,開示[株式分割](8日前)
3984,ユーザーローカル,情報・通信業,0.6,★☆☆☆☆,0.0,0.0,0.0,0.0,0.0,0.0,0.6,0.0,,,0.0,-17.6,4.5,-9.3,1432,1572.0,2.9,0.8,202,開示[自己株式の取得](11日前)
1911,住友林業,建設業,0.5,★☆☆☆☆,0.0,0.0,0.0,0.0,0.0,0.0,0.5,0.0,,,0.0,-6.2,2.6,-1.2,1261,1329.0,-1.3,0.7,5079,開示[業績予想の修正](11日前)
8698,マネックスグループ,証券、商品先物取引業,0.0,★☆☆☆☆,0.0,0.0,0.0,0.0,0.0,0.0,0.0,0.0,,,0.0,-13.5,2.6,-4.7,651,686.0,-0.6,0.6,1595,-
6458,新晃工業,機械,0.0,★☆☆☆☆,0.0,0.0,0.0,0.0,0.0,0.0,0.0,0.0,,,0.0,-5.9,1.8,-0.1,1191,1236.0,2.7,0.8,300,-
8802,三菱地所,不動産業,0.0,★☆☆☆☆,0.0,0.0,0.0,0.0,0.0,0.0,0.0,0.0,,,0.0,-16.4,2.9,-7.3,3464,3675.0,-4.1,0.6,15892,-
3086,Ｊ．フロント　リテイリング,小売業,0.0,★☆☆☆☆,0.0,0.0,0.0,0.0,0.0,0.0,0.0,0.0,,,0.0,-16.9,2.9,-6.2,2689,2854.0,-3.0,0.8,3043,-
8848,レオパレス２１,不動産業,0.0,★☆☆☆☆,0.0,0.0,0.0,0.0,0.0,0.0,0.0,0.0,,,0.0,-10.6,3.0,-5.8,585,622.0,-7.7,0.7,785,-
8830,住友不動産,不動産業,0.0,★☆☆☆☆,0.0,0.0,0.0,0.0,0.0,0.0,0.0,0.0,,,0.0,-15.7,2.5,-7.6,3191,3360.0,-4.1,0.9,9882,-
3064,ＭｏｎｏｔａＲＯ,小売業,0.0,★☆☆☆☆,0.0,0.0,0.0,0.0,0.0,0.0,0.0,0.0,,,0.0,-12.1,4.0,-7.1,1655,1800.5,-6.4,0.9,4496,-
4935,リベルタ,化学,0.0,★☆☆☆☆,0.0,0.0,0.0,0.0,0.0,0.0,0.0,0.0,,,0.0,-24.9,9.7,-16.0,184,228.0,-6.6,0.3,503,-
3092,ＺＯＺＯ,小売業,0.0,★☆☆☆☆,0.0,0.0,0.0,0.0,0.0,0.0,0.0,0.0,,,0.0,-9.9,3.1,-3.9,1043,1111.5,-3.3,0.7,4309,-
6902,デンソー,輸送用機器,0.0,★☆☆☆☆,0.0,0.0,0.0,0.0,0.0,0.0,0.0,0.0,,,0.0,-6.4,3.4,-2.8,1791,1920.0,-0.5,0.6,18037,-
4477,ＢＡＳＥ,情報・通信業,0.0,★☆☆☆☆,0.0,0.0,0.0,0.0,0.0,0.0,0.0,0.0,,,0.0,-11.0,3.1,-1.0,279,297.0,5.7,0.7,232,-
3865,北越コーポレーション,パルプ・紙,0.0,★☆☆☆☆,0.0,0.0,0.0,0.0,0.0,0.0,0.0,0.0,,,0.0,-9.6,3.3,-4.9,816,873.0,-6.1,1.0,237,-
3880,大王製紙,パルプ・紙,0.0,★☆☆☆☆,0.0,0.0,0.0,0.0,0.0,0.0,0.0,0.0,,,0.0,-4.4,2.6,-2.2,904,953.0,-3.7,0.8,245,-
6544,ジャパンエレベーターサービスホールディングス,サービス業,0.0,★☆☆☆☆,0.0,0.0,0.0,0.0,0.0,0.0,0.0,0.0,,,0.0,-15.8,3.7,-7.8,1415,1527.5,2.8,1.2,1295,-
3395,サンマルクホールディングス,小売業,0.0,★☆☆☆☆,0.0,0.0,0.0,0.0,0.0,0.0,0.0,0.0,,,0.0,-8.2,2.4,-3.1,2315,2433.0,3.5,1.2,288,-
5216,倉元製作所,ガラス・土石製品,0.0,★☆☆☆☆,0.0,0.0,0.0,0.0,0.0,0.0,0.0,0.0,,,0.0,-5.5,3.1,-2.5,145,154.0,0.7,0.3,120,-
4507,塩野義製薬,医薬品,0.0,★☆☆☆☆,0.0,0.0,0.0,0.0,0.0,0.0,0.0,0.0,,,0.0,-5.0,3.0,-2.0,2634,2803.0,-0.2,0.6,8174,-
2733,あらた,卸売業,0.0,★☆☆☆☆,0.0,0.0,0.0,0.0,0.0,0.0,0.0,0.0,,,0.0,-3.4,2.0,-0.3,2474,2575.0,-0.3,0.6,248,-
4548,生化学工業,医薬品,0.0,★☆☆☆☆,0.0,0.0,0.0,0.0,0.0,0.0,0.0,0.0,,,0.0,-6.7,1.8,-2.7,681,707.0,1.4,0.5,104,-
3591,ワコールホールディングス,繊維製品,0.0,★☆☆☆☆,0.0,0.0,0.0,0.0,0.0,0.0,0.0,0.0,,,0.0,-9.6,2.9,-4.4,3977,4220.0,-5.3,1.1,498,-
3656,ＫＬａｂ,情報・通信業,0.0,★☆☆☆☆,0.0,0.0,0.0,0.0,0.0,0.0,0.0,0.0,,,0.0,-4.5,6.2,-6.0,179,204.0,-2.4,0.7,818,-
2593,伊藤園,食料品,0.0,★☆☆☆☆,0.0,0.0,0.0,0.0,0.0,0.0,0.0,0.0,,,0.0,-6.3,2.9,-2.2,2765,2935.5,-1.2,0.6,1222,-
8585,オリエントコーポレーション,その他金融業,0.0,★☆☆☆☆,0.0,0.0,0.0,0.0,0.0,0.0,0.0,0.0,,,0.0,-7.1,2.3,-4.0,812,852.0,-2.3,1.0,487,-
3382,セブン＆アイ・ホールディングス,小売業,0.0,★☆☆☆☆,0.0,0.0,0.0,0.0,0.0,0.0,0.0,0.0,,,0.0,-1.6,3.0,-1.5,1923,2046.5,-2.4,0.6,19019,-
3391,ツルハホールディングス,小売業,0.0,★☆☆☆☆,0.0,0.0,0.0,0.0,0.0,0.0,0.0,0.0,,,0.0,-2.8,2.9,-1.2,2234,2371.0,-1.7,0.9,3228,-
8804,東京建物,不動産業,0.0,★☆☆☆☆,0.0,0.0,0.0,0.0,0.0,0.0,0.0,0.0,,,0.0,-6.0,2.6,-1.3,3187,3360.0,-2.1,0.6,3251,-
3836,アバントグループ,情報・通信業,0.0,★☆☆☆☆,0.0,0.0,0.0,0.0,0.0,0.0,0.0,0.0,,,0.0,-5.8,3.6,-3.8,1079,1162.0,2.9,0.7,126,-
8801,三井不動産,不動産業,0.0,★☆☆☆☆,0.0,0.0,0.0,0.0,0.0,0.0,0.0,0.0,,,0.0,-10.0,2.6,-5.1,1374,1449.0,-5.0,0.7,15385,-
9517,イーレックス,電気・ガス業,0.0,★☆☆☆☆,0.0,0.0,0.0,0.0,0.0,0.0,0.0,0.0,,,0.0,-9.0,3.8,-0.2,787,851.0,-1.6,1.2,215,-
1835,東鉄工業,建設業,0.0,★☆☆☆☆,0.0,0.0,0.0,0.0,0.0,0.0,0.0,0.0,,,0.0,-6.6,2.3,-2.2,3827,4015.0,2.0,0.7,351,-
4887,サワイグループホールディングス,医薬品,0.0,★☆☆☆☆,0.0,0.0,0.0,0.0,0.0,0.0,0.0,0.0,,,0.0,-8.2,2.8,-3.3,1509,1600.0,-3.0,1.0,921,-
9001,東武鉄道,陸運業,0.0,★☆☆☆☆,0.0,0.0,0.0,0.0,0.0,0.0,0.0,0.0,,,0.0,-6.7,2.4,-2.7,2784,2925.5,-0.8,0.8,1859,-
4568,第一三共,医薬品,0.0,★☆☆☆☆,0.0,0.0,0.0,0.0,0.0,0.0,0.0,0.0,,,0.0,-6.7,3.7,-2.7,2461,2660.0,-3.3,0.8,18943,-
8058,三菱商事,卸売業,0.0,★☆☆☆☆,0.0,0.0,0.0,0.0,0.0,0.0,0.0,0.0,,,0.0,0.4,2.7,-0.3,4452,4709.0,-3.3,0.8,39534,-
3415,ＴＯＫＹＯ　ＢＡＳＥ,小売業,0.0,★☆☆☆☆,0.0,0.0,0.0,0.0,0.0,0.0,0.0,0.0,,,0.0,-10.0,4.0,-4.9,349,379.0,-1.0,0.5,230,-
3299,ムゲンエステート,不動産業,0.0,★☆☆☆☆,0.0,0.0,0.0,0.0,0.0,0.0,0.0,0.0,,,0.0,-15.8,3.4,-8.2,1624,1742.0,2.0,0.7,329,-
9007,小田急電鉄,陸運業,0.0,★☆☆☆☆,0.0,0.0,0.0,0.0,0.0,0.0,0.0,0.0,,,0.0,-5.0,2.5,-1.6,1616,1702.0,-0.3,0.5,2844,-
9008,京王電鉄,陸運業,0.0,★☆☆☆☆,0.0,0.0,0.0,0.0,0.0,0.0,0.0,0.0,,,0.0,-6.6,2.5,-2.8,720,758.0999755859375,0.5,0.4,1797,-
9024,西武ホールディングス,陸運業,0.0,★☆☆☆☆,0.0,0.0,0.0,0.0,0.0,0.0,0.0,0.0,,,0.0,-12.5,5.1,-6.0,2946,3278.0,-1.9,0.7,6660,-
9045,京阪ホールディングス,陸運業,0.0,★☆☆☆☆,0.0,0.0,0.0,0.0,0.0,0.0,0.0,0.0,,,0.0,-7.2,2.3,-3.2,2962,3107.0,-0.9,0.6,1042,-
4569,杏林製薬,医薬品,0.0,★☆☆☆☆,0.0,0.0,0.0,0.0,0.0,0.0,0.0,0.0,,,0.0,-7.4,2.6,-2.5,1058,1117.0,1.2,1.0,228,-
7138,ＴＯＲＩＣＯ,小売業,0.0,★☆☆☆☆,0.0,0.0,0.0,0.0,0.0,0.0,0.0,0.0,,,0.0,-28.1,4.5,-5.4,115,126.0,3.3,0.1,105,-
7003,三井Ｅ＆Ｓ,機械,0.0,★☆☆☆☆,0.0,0.0,0.0,0.0,0.0,0.0,0.0,0.0,,,0.0,-9.6,6.2,-3.5,3837,4379.0,4.2,0.5,13649,-
9474,ゼンリン,情報・通信業,0.0,★☆☆☆☆,0.0,0.0,0.0,0.0,0.0,0.0,0.0,0.0,,,0.0,-6.3,1.9,-1.3,859,893.0,2.2,0.6,225,-
4151,協和キリン,医薬品,0.0,★☆☆☆☆,0.0,0.0,0.0,0.0,0.0,0.0,0.0,0.0,,,0.0,-7.5,2.7,-2.2,2403,2541.5,-0.2,0.7,2825,-
7270,ＳＵＢＡＲＵ,輸送用機器,0.0,★☆☆☆☆,0.0,0.0,0.0,0.0,0.0,0.0,0.0,0.0,,,0.0,-2.0,3.8,-1.2,2365,2557.5,-0.4,0.6,13309,-
7211,三菱自動車工業,輸送用機器,0.0,★☆☆☆☆,0.0,0.0,0.0,0.0,0.0,0.0,0.0,0.0,,,0.0,-14.2,3.5,-4.0,324,348.0,-0.3,0.7,4224,-
7202,いすゞ自動車,輸送用機器,0.0,★☆☆☆☆,0.0,0.0,0.0,0.0,0.0,0.0,0.0,0.0,,,0.0,-6.4,3.6,-2.7,2099,2260.5,-1.3,0.6,6900,-
9706,日本空港ビルデング,不動産業,0.0,★☆☆☆☆,0.0,0.0,0.0,0.0,0.0,0.0,0.0,0.0,,,0.0,-1.3,2.9,-1.0,5190,5504.0,-3.9,1.0,1733,-
9267,Ｇｅｎｋｙ　ＤｒｕｇＳｔｏｒｅｓ,小売業,0.0,★☆☆☆☆,0.0,0.0,0.0,0.0,0.0,0.0,0.0,0.0,,,0.0,-9.2,4.2,-5.2,3234,3530.0,-2.2,0.5,365,-
9256,サクシード,サービス業,0.0,★☆☆☆☆,0.0,0.0,0.0,0.0,0.0,0.0,0.0,0.0,,,0.0,-77.2,15.8,-48.4,855,1249.0,-6.5,0.4,597,-
6088,シグマクシス・ホールディングス,サービス業,0.0,★☆☆☆☆,0.0,0.0,0.0,0.0,0.0,0.0,0.0,0.0,,,0.0,-9.5,4.1,-4.7,495,540.0,5.1,0.7,337,-
7610,テイツー,小売業,0.0,★☆☆☆☆,0.0,0.0,0.0,0.0,0.0,0.0,0.0,0.0,,,0.0,-10.2,2.0,-3.1,135,141.0,0.0,0.7,121,-
7600,日本エム・ディ・エム,精密機器,0.0,★☆☆☆☆,0.0,0.0,0.0,0.0,0.0,0.0,0.0,0.0,,,0.0,-12.7,5.2,-4.2,783,875.0,-4.9,0.5,237,-
3482,ロードスターキャピタル,不動産業,0.0,★☆☆☆☆,0.0,0.0,0.0,0.0,0.0,0.0,0.0,0.0,,,0.0,-7.1,2.4,-1.6,2516,2643.0,1.6,0.8,385,-
5852,アーレスティ,非鉄金属,0.0,★☆☆☆☆,0.0,0.0,0.0,0.0,0.0,0.0,0.0,0.0,,,0.0,-9.4,2.3,-2.9,647,678.0,0.7,0.7,103,-
8111,ゴールドウイン,繊維製品,0.0,★☆☆☆☆,0.0,0.0,0.0,0.0,0.0,0.0,0.0,0.0,,,0.0,-11.4,3.3,-7.0,1958,2098.0,1.1,1.1,1303,-
3911,Ａｉｍｉｎｇ,情報・通信業,0.0,★☆☆☆☆,0.0,0.0,0.0,0.0,0.0,0.0,0.0,0.0,,,0.0,-14.6,3.8,-6.6,164,177.0,2.9,0.7,113,-
5929,三和ホールディングス,金属製品,0.0,★☆☆☆☆,0.0,0.0,0.0,0.0,0.0,0.0,0.0,0.0,,,0.0,-8.1,3.7,-4.2,3290,3552.0,-2.7,0.8,2618,-
5938,ＬＩＸＩＬ,金属製品,0.0,★☆☆☆☆,0.0,0.0,0.0,0.0,0.0,0.0,0.0,0.0,,,0.0,-11.0,2.4,-4.3,1662,1746.0,-3.8,0.7,4314,-
9048,名古屋鉄道,陸運業,0.0,★☆☆☆☆,0.0,0.0,0.0,0.0,0.0,0.0,0.0,0.0,,,0.0,-6.6,2.2,-1.7,1778,1860.0,0.7,0.4,1688,-
2130,メンバーズ,サービス業,0.0,★☆☆☆☆,0.0,0.0,0.0,0.0,0.0,0.0,0.0,0.0,,,0.0,-18.3,3.9,-6.9,878,951.0,6.0,0.8,109,-
9543,静岡ガス,電気・ガス業,0.0,★☆☆☆☆,0.0,0.0,0.0,0.0,0.0,0.0,0.0,0.0,,,0.0,-3.2,1.9,-0.5,1196,1244.0,0.6,0.7,234,-
9531,東京瓦斯,電気・ガス業,0.0,★☆☆☆☆,0.0,0.0,0.0,0.0,0.0,0.0,0.0,0.0,,,0.0,-4.6,2.4,-1.3,5720,6005.0,0.7,0.7,6622,-
9413,テレビ東京ホールディングス,情報・通信業,0.0,★☆☆☆☆,0.0,0.0,0.0,0.0,0.0,0.0,0.0,0.0,,,0.0,-11.1,2.5,-3.8,3194,3365.0,0.7,0.5,345,-
1802,大林組,建設業,0.0,★☆☆☆☆,0.0,0.0,0.0,0.0,0.0,0.0,0.0,0.0,,,0.0,-10.0,3.0,-4.4,2853,3034.0,0.1,1.0,8427,-
