code,name,sector,score,score_raw,days_in_top,rank,stars,linkage,ignition,rs_days,rs_slope,theme,supply,etf,tech,fund,material,penalty,signal,driver,gap_pct,rs20,atr_pct,dev25,stop,close,chg5d,v_ratio,turnover_m,reasons_str
6857,アドバンテスト,電気機器,38.6,36.5,2,1,★★★★☆,0.0,11.0,19,1.8,8.4,0.0,0.0,9.5,7.0,0.6,0.0,監視(強),,0.0,18.9,5.5,6.8,31393,35270.0,-1.8,1.1,303555,高値圏かつ未過熱 / HBM・後工程(+1.2%) / MA上昇配列 / パーフェクトオーダー / 開示[自己株式の取得](11日前) / 増収+39% / ROE57%
8628,松井証券,証券、商品先物取引業,37.7,37.7,2,2,★★★★☆,0.0,16.0,0,8.4,0.0,8.0,0.0,13.7,0.0,0.0,0.0,🔥新規買い候補,,0.0,7.8,2.0,10.4,1163,1211.0,9.2,3.3,915,RS転換0日目 / RS加速+8.4 / 高値圏かつ未過熱 / 出来高急増3.3倍 / 買い出来高優勢 / MA上昇配列 / パーフェクトオーダー / 52週高値ブレイク!
6508,明電舎,電気機器,37.2,37.2,2,3,★★★★☆,0.0,13.0,19,6.0,10.7,4.0,0.0,9.5,0.0,0.0,0.0,監視(強),,0.0,32.9,4.8,8.2,10586,11720.0,2.1,1.2,4297,RS加速+6.0 / 高値圏かつ未過熱 / AIデータセンター・電力(+2.3%) / 資金流入増 / MA上昇配列 / パーフェクトオーダー
8707,岩井コスモホールディングス,証券、商品先物取引業,37.0,42.0,2,4,★★★★☆,0.0,14.0,7,2.9,0.0,4.3,0.0,13.7,10.0,0.0,0.0,監視(強),,0.0,10.3,2.1,9.5,4592,4795.0,4.2,1.2,510,RS転換7日目 / 高値圏かつ未過熱 / 買い出来高優勢 / MA上昇配列 / パーフェクトオーダー / 52週高値ブレイク! / 増収+40% / ROE17% / PER11倍
7711,助川電気工業,精密機器,36.7,36.7,2,5,★★★★☆,0.0,12.0,4,19.7,14.7,4.0,0.0,6.0,0.0,0.0,0.0,🔥新規買い候補,,0.0,19.2,4.1,12.5,4808,5240.0,10.3,1.7,356,RS転換4日目 / RS加速+19.7 / 核融合(+4.4%)
6501,日立製作所,電気機器,36.4,36.4,2,6,★★★★☆,0.0,4.0,-1,-9.4,19.9,4.3,0.0,8.2,0.0,0.0,0.0,監視,,0.0,-1.7,2.7,3.6,5247,5550.0,6.8,1.3,63716,25MA上抜け4日目 / 量子(+6.9%) / 買い出来高優勢 / MA上昇配列 / パーフェクトオーダー
8537,大光銀行,銀行業,35.5,34.9,2,7,★★★☆☆,0.0,16.0,1,4.7,0.0,3.3,0.0,12.0,0.0,3.6,0.0,監視,,0.0,10.8,3.7,7.3,2827,3055.0,2.6,0.4,135,RS転換1日目 / RS加速+4.7 / 高値圏かつ未過熱 / 買い出来高優勢 / MA上昇配列 / パーフェクトオーダー / 開示[自己株式の取得](5日前) / 開示[自己株式の取得](6日前)
7322,三十三フィナンシャルグループ,銀行業,35.5,39.0,2,8,★★★☆☆,0.0,16.0,1,7.1,0.0,1.0,0.0,15.0,7.0,0.0,0.0,監視,,0.0,9.5,3.6,9.1,1999,2152.0,7.0,0.8,747,RS転換1日目 / RS加速+7.1 / 高値圏かつ未過熱 / MA上昇配列 / パーフェクトオーダー / 52週高値ブレイク! / 増収+26% / PER18倍
8359,八十二長野銀行,銀行業,35.5,39.5,2,9,★★★☆☆,0.0,16.0,0,2.9,0.0,2.0,0.0,13.5,8.0,0.0,0.0,監視,,0.0,0.8,2.6,3.6,2558,2697.5,4.5,0.6,3738,RS転換0日目 / 25MA上抜け3日目 / 高値圏かつ未過熱 / MA上昇配列 / パーフェクトオーダー / 52週高値目前 / 増収+25% / PER19倍
8387,四国銀行,銀行業,35.5,40.0,2,10,★★★☆☆,0.0,16.0,0,0.4,0.0,4.0,0.0,11.0,9.0,0.0,0.0,監視,,0.0,2.7,3.4,5.0,3367,3615.0,7.3,1.5,532,RS転換0日目 / 25MA上抜け2日目 / 高値圏かつ未過熱 / MA上昇配列 / パーフェクトオーダー / 52週高値目前 / 増収+69% / PER9倍
8361,大垣共立銀行,銀行業,35.5,39.5,2,11,★★★☆☆,0.0,16.0,1,8.5,0.0,2.0,0.0,13.5,8.0,0.0,0.0,監視,,0.0,9.0,3.3,5.9,7674,8210.0,3.7,0.8,1415,RS転換1日目 / RS加速+8.5 / 高値圏かつ未過熱 / MA上昇配列 / パーフェクトオーダー / 52週高値目前 / 増収+20% / PER18倍
8386,百十四銀行,銀行業,35.5,39.5,2,12,★★★☆☆,0.0,16.0,1,3.9,0.0,2.0,0.0,13.5,8.0,0.0,0.0,監視,,0.0,7.1,3.4,6.3,2921,3135.0,5.2,0.6,1011,RS転換1日目 / RS加速+3.9 / 高値圏かつ未過熱 / MA上昇配列 / パーフェクトオーダー / 52週高値目前 / 増収+78% / PER19倍
8614,東洋証券,証券、商品先物取引業,35.5,40.5,2,13,★★★☆☆,0.0,14.0,7,0.9,0.0,4.0,0.0,12.5,10.0,0.0,0.0,監視,,0.0,6.8,2.0,10.2,727,758.0,5.9,1.5,482,RS転換7日目 / 高値圏かつ未過熱 / MA上昇配列 / パーフェクトオーダー / 52週高値ブレイク! / RSI過熱(85)⚠ / 増収+55% / ROE18% / PER13倍
278A,Ｔｅｒｒａ　Ｄｒｏｎｅ,精密機器,35.4,35.1,2,14,★★★☆☆,0.0,15.0,5,101.2,0.0,10.0,0.0,13.7,0.0,1.4,-5.0,監視,,0.0,103.2,6.7,61.8,18744,21620.0,54.9,5.2,30009,RS転換5日目 / RS加速+101.2 / 25MA上抜け9日目 / 出来高急増5.2倍 / 買い出来高優勢 / 資金流入増 / MA上昇配列 / パーフェクトオーダー / 52週高値ブレイク! / 過熱⚠25MA+62% / 開示[株式分割](4日前)
8338,筑波銀行,銀行業,35.3,39.3,2,15,★★★☆☆,0.0,16.0,2,9.0,0.0,3.3,0.0,12.0,8.0,0.0,0.0,監視,,0.0,17.2,4.8,9.7,684,757.0,6.3,1.1,1447,RS転換2日目 / RS加速+9.0 / 高値圏かつ未過熱 / 買い出来高優勢 / MA上昇配列 / パーフェクトオーダー / 増収+26% / PER9倍
8381,山陰合同銀行,銀行業,35.3,39.8,2,16,★★★☆☆,0.0,14.0,0,1.9,0.0,3.3,0.0,13.5,9.0,0.0,0.0,監視,,0.0,4.0,2.7,4.7,2481,2623.0,4.2,0.6,1104,RS転換0日目 / 高値圏かつ未過熱 / 買い出来高優勢 / MA上昇配列 / パーフェクトオーダー / 52週高値目前 / 増収+38% / PER17倍
8604,野村ホールディングス,証券、商品先物取引業,35.0,35.0,2,17,★★★☆☆,0.0,18.0,0,9.3,0.0,2.0,0.0,15.0,0.0,0.0,0.0,監視,,0.0,4.4,2.0,5.3,1577,1642.0,7.0,1.1,14735,RS転換0日目 / RS加速+9.3 / 25MA上抜け3日目 / 高値圏かつ未過熱 / MA上昇配列 / パーフェクトオーダー / 52週高値ブレイク!
7389,あいちフィナンシャルグループ,銀行業,35.0,39.0,2,18,★★★☆☆,0.0,16.0,1,11.3,0.0,0.0,0.0,15.0,8.0,0.0,0.0,監視,,0.0,9.8,4.6,10.9,1778,1958.0,8.6,1.0,1689,RS転換1日目 / RS加速+11.3 / 高値圏かつ未過熱 / MA上昇配列 / パーフェクトオーダー / 52週高値ブレイク! / 増収+46% / PER22倍
4493,サイバーセキュリティクラウド,情報・通信業,35.0,39.0,2,19,★★★☆☆,0.0,12.0,0,2.6,0.0,9.0,0.0,10.0,8.0,0.0,0.0,監視,,0.0,6.2,4.0,8.2,1864,2027.0,8.2,5.6,272,RS転換0日目 / 25MA上抜け0日目 / 出来高急増5.6倍 / 買い出来高優勢 / MA上昇配列 / パーフェクトオーダー / 増収+42% / ROE23% / PER22倍
8616,東海東京フィナンシャル・ホールディングス,証券、商品先物取引業,35.0,39.5,2,20,★★★☆☆,0.0,16.0,8,3.3,0.0,2.0,0.0,12.5,9.0,0.0,0.0,監視,,0.0,8.7,1.8,10.5,886,920.0,7.9,1.5,699,RS転換8日目 / RS加速+3.3 / 高値圏かつ未過熱 / MA上昇配列 / パーフェクトオーダー / 52週高値ブレイク! / RSI過熱(86)⚠ / 増収+43% / PER14倍
8522,名古屋銀行,銀行業,35.0,39.0,2,21,★★★☆☆,0.0,14.0,1,2.8,0.0,2.0,0.0,15.0,8.0,0.0,0.0,監視,,0.0,5.9,3.3,6.6,6707,7180.0,2.9,0.7,1131,RS転換1日目 / 高値圏かつ未過熱 / MA上昇配列 / パーフェクトオーダー / 52週高値ブレイク! / 増収+19% / PER17倍
7177,ＧＭＯフィナンシャルホールディングス,証券、商品先物取引業,35.0,39.2,2,22,★★★☆☆,0.0,14.0,7,-1.2,0.0,3.0,0.0,13.7,8.5,0.0,0.0,監視,,0.0,5.3,2.1,9.3,1154,1205.0,7.0,1.3,252,RS転換7日目 / 25MA上抜け6日目 / 高値圏かつ未過熱 / MA上昇配列 / パーフェクトオーダー / 52週高値ブレイク! / ROE21% / PER13倍
6176,ブランジスタ,サービス業,34.9,38.4,2,23,★★★☆☆,0.0,9.0,11,-0.7,0.0,8.7,0.0,13.7,7.0,0.0,0.0,監視,,0.0,8.0,2.7,10.3,994,1050.0,5.3,2.2,142,高値圏かつ未過熱 / 出来高増2.2倍 / 買い出来高優勢 / 資金流入増 / MA上昇配列 / パーフェクトオーダー / 52週高値ブレイク! / ROE38% / PER7倍
8714,池田泉州ホールディングス,銀行業,34.8,34.8,2,24,★★★☆☆,0.0,18.0,1,8.5,0.0,3.3,0.0,13.5,0.0,0.0,0.0,監視,,0.0,9.5,2.9,5.7,1041,1104.0,4.6,0.6,1039,RS転換1日目 / RS加速+8.5 / 25MA上抜け3日目 / 高値圏かつ未過熱 / 買い出来高優勢 / MA上昇配列 / パーフェクトオーダー / 52週高値目前
7380,十六フィナンシャルグループ,銀行業,34.8,34.8,2,25,★★★☆☆,0.0,18.0,1,7.4,0.0,3.3,0.0,13.5,0.0,0.0,0.0,監視,,0.0,6.3,3.4,5.3,2442,2617.0,4.2,0.7,1318,RS転換1日目 / RS加速+7.4 / 25MA上抜け3日目 / 高値圏かつ未過熱 / 買い出来高優勢 / MA上昇配列 / パーフェクトオーダー / 52週高値目前
8550,栃木銀行,銀行業,34.8,38.8,2,26,★★★☆☆,0.0,18.0,1,7.5,0.0,3.3,0.0,9.5,8.0,0.0,0.0,監視,,0.0,9.8,3.4,6.0,1019,1094.0,5.1,0.7,777,RS転換1日目 / RS加速+7.5 / 25MA上抜け2日目 / 高値圏かつ未過熱 / 買い出来高優勢 / MA上昇配列 / パーフェクトオーダー / 増収+30% / PER14倍
5805,ＳＷＣＣ,非鉄金属,34.6,39.1,2,27,★★★☆☆,0.0,9.0,17,9.5,11.8,3.3,0.0,6.0,9.0,0.0,0.0,監視,,0.0,31.6,5.2,13.0,13149,14670.0,5.6,0.7,7102,RS加速+9.5 / 光通信・電線(+2.9%) / 買い出来高優勢 / 増収+25% / ROE24% / PER23倍
5831,しずおかフィナンシャルグループ,銀行業,34.3,34.3,2,28,★★★☆☆,0.0,16.0,3,4.9,0.0,3.3,0.0,15.0,0.0,0.0,0.0,監視,,0.0,8.2,2.5,7.6,3464,3650.0,5.8,1.0,6329,RS転換3日目 / RS加速+4.9 / 高値圏かつ未過熱 / 買い出来高優勢 / MA上昇配列 / パーフェクトオーダー / 52週高値ブレイク!
8117,中央自動車工業,卸売業,34.2,33.9,2,29,★★★☆☆,0.0,16.0,7,1.6,0.0,2.0,0.0,13.5,0.0,2.4,0.0,監視,,0.0,4.9,2.5,6.4,2173,2286.0,6.7,1.0,275,RS転換7日目 / 25MA上抜け5日目 / 高値圏かつ未過熱 / MA上昇配列 / パーフェクトオーダー / 52週高値目前 / 開示[自己株式取得](3日前)
3993,ＰＫＳＨＡ　Ｔｅｃｈｎｏｌｏｇｙ,情報・通信業,34.2,33.9,2,30,★★★☆☆,0.0,8.0,7,-6.5,12.5,3.0,0.0,8.0,0.0,2.4,0.0,監視,,0.0,12.3,5.7,12.1,2974,3355.0,1.5,1.1,1383,RS転換7日目 / 生成AI・ソフト(+3.3%) / MA上昇配列 / 開示[自己株式取得](3日前)
8337,千葉興業銀行,銀行業,34.2,37.1,2,31,★★★☆☆,0.0,16.0,0,1.2,0.0,2.0,0.0,12.0,6.5,0.6,0.0,監視,,0.0,1.2,3.1,3.6,2607,2778.0,3.0,1.0,341,RS転換0日目 / 25MA上抜け5日目 / 高値圏かつ未過熱 / MA上昇配列 / パーフェクトオーダー / 開示[自己株式の取得](11日前) / 増収+24%
6118,アイダエンジニアリング,機械,34.0,34.0,2,32,★★★☆☆,0.0,14.0,8,-0.5,0.0,8.0,0.0,12.0,0.0,0.0,0.0,監視,,0.0,4.5,2.5,7.0,1253,1318.0,4.4,3.2,174,RS転換8日目 / 25MA上抜け10日目 / 高値圏かつ未過熱 / 出来高急増3.2倍 / 買い出来高優勢 / MA上昇配列 / パーフェクトオーダー
4431,スマレジ,情報・通信業,34.0,38.2,2,33,★★★☆☆,0.0,12.0,0,-9.7,0.0,6.7,0.0,11.0,8.5,0.0,0.0,監視,,0.0,7.9,3.8,13.6,3448,3735.0,10.0,2.2,349,RS転換0日目 / 高値圏かつ未過熱 / 出来高増2.2倍 / 買い出来高優勢 / MA上昇配列 / パーフェクトオーダー / 増収+17% / ROE26%
7846,パイロットコーポレーション,その他製品,34.0,37.7,2,34,★★★☆☆,0.0,7.5,36,-8.0,0.0,7.7,0.0,15.0,7.5,0.0,0.0,監視,,0.0,5.9,2.0,8.1,1989,2071.5,4.0,2.6,595,高値圏かつ未過熱 / 出来高増2.6倍 / 買い出来高優勢 / MA上昇配列 / パーフェクトオーダー / 52週高値ブレイク! / PER15倍
8345,岩手銀行,銀行業,34.0,34.0,2,35,★★★☆☆,0.0,16.0,2,6.8,0.0,3.0,0.0,15.0,0.0,0.0,0.0,監視,,0.0,11.1,3.5,9.8,2386,2566.0,10.4,1.5,660,RS転換2日目 / RS加速+6.8 / 高値圏かつ未過熱 / MA上昇配列 / パーフェクトオーダー / 52週高値ブレイク!
8341,七十七銀行,銀行業,33.8,38.3,2,36,★★★☆☆,0.0,11.5,43,4.2,0.0,4.3,0.0,13.5,9.0,0.0,0.0,監視,,0.0,8.5,2.7,6.9,3739,3950.0,5.7,0.7,2525,RS加速+4.2 / 高値圏かつ未過熱 / 買い出来高優勢 / MA上昇配列 / パーフェクトオーダー / 52週高値目前 / 増収+39% / PER16倍
8098,稲畑産業,卸売業,33.8,37.3,2,37,★★★☆☆,0.0,12.0,0,-4.2,0.0,3.3,0.0,15.0,7.0,0.0,0.0,監視,,0.0,1.2,1.6,6.0,4222,4365.0,3.3,1.1,401,RS転換0日目 / 高値圏かつ未過熱 / 買い出来高優勢 / MA上昇配列 / パーフェクトオーダー / 52週高値ブレイク! / 増収+19% / PER11倍
6058,ベクトル,サービス業,33.8,38.0,2,38,★★★☆☆,0.0,14.0,9,-3.9,0.0,2.0,0.0,13.5,8.5,0.0,0.0,監視,,0.0,7.1,3.2,10.7,1916,2047.0,7.7,1.2,662,RS転換9日目 / 25MA上抜け10日目 / 高値圏かつ未過熱 / MA上昇配列 / パーフェクトオーダー / 52週高値目前 / ROE30% / PER19倍
8393,宮崎銀行,銀行業,33.8,35.3,2,39,★★★☆☆,0.0,18.0,0,4.9,0.0,3.3,0.0,11.0,3.0,0.0,0.0,監視,,0.0,4.7,3.3,4.8,2375,2544.0,4.3,0.9,637,RS転換0日目 / RS加速+4.9 / 25MA上抜け3日目 / 高値圏かつ未過熱 / 買い出来高優勢 / MA上昇配列 / パーフェクトオーダー / 52週高値目前 / PER15倍
7806,ＭＴＧ,その他製品,33.8,33.8,2,40,★★★☆☆,0.0,16.0,8,9.6,0.0,4.3,0.0,13.5,0.0,0.0,0.0,監視,,0.0,21.5,4.0,14.5,8501,9250.0,6.6,1.0,1403,RS転換8日目 / RS加速+9.6 / 高値圏かつ未過熱 / 買い出来高優勢 / MA上昇配列 / パーフェクトオーダー / 52週高値目前
4373,シンプレクス・ホールディングス,情報・通信業,33.7,33.7,2,41,★★★☆☆,0.0,12.0,0,-12.5,0.0,6.7,0.0,15.0,0.0,0.0,0.0,監視,,0.0,1.0,3.2,10.3,1179,1259.0,8.0,3.5,1201,RS転換0日目 / 高値圏かつ未過熱 / 出来高急増3.5倍 / MA上昇配列 / パーフェクトオーダー / 52週高値ブレイク!
8367,南都銀行,銀行業,33.5,33.5,2,42,★★★☆☆,0.0,18.0,1,9.8,0.0,2.0,0.0,13.5,0.0,0.0,0.0,監視,,0.0,7.8,2.9,5.4,1842,1956.0,4.5,0.8,908,RS転換1日目 / RS加速+9.8 / 25MA上抜け3日目 / 高値圏かつ未過熱 / MA上昇配列 / パーフェクトオーダー / 52週高値目前
8392,大分銀行,銀行業,33.5,33.5,2,43,★★★☆☆,0.0,18.0,1,8.0,0.0,2.0,0.0,13.5,0.0,0.0,0.0,監視,,0.0,9.4,3.6,6.0,2694,2902.0,5.0,1.1,673,RS転換1日目 / RS加速+8.0 / 25MA上抜け3日目 / 高値圏かつ未過熱 / MA上昇配列 / パーフェクトオーダー / 52週高値目前
9824,泉州電業,卸売業,33.5,37.0,2,44,★★★☆☆,0.0,16.0,8,3.9,0.0,2.0,0.0,12.0,7.0,0.0,0.0,監視,,0.0,14.4,2.5,8.1,6819,7180.0,3.5,0.6,336,RS転換8日目 / RS加速+3.9 / 高値圏かつ未過熱 / MA上昇配列 / パーフェクトオーダー / 増収+26% / PER16倍
2354,ＹＥ　ＤＩＧＩＴＡＬ,情報・通信業,33.5,36.0,2,45,★★★☆☆,0.0,18.0,3,28.0,0.0,2.0,0.0,11.0,5.0,0.0,0.0,監視,,0.0,20.6,7.7,12.5,1269,1499.0,14.3,0.5,1341,RS転換3日目 / RS加速+28.0 / 25MA上抜け6日目 / 高値圏かつ未過熱 / MA上昇配列 / パーフェクトオーダー / ROE16% / PER22倍
8336,武蔵野銀行,銀行業,33.5,33.5,2,46,★★★☆☆,0.0,18.0,0,3.4,0.0,2.0,0.0,13.5,0.0,0.0,0.0,監視,,0.0,2.9,2.5,3.8,2655,2795.0,3.9,0.7,754,RS転換0日目 / RS加速+3.4 / 25MA上抜け3日目 / 高値圏かつ未過熱 / MA上昇配列 / パーフェクトオーダー / 52週高値目前
8418,山口フィナンシャルグループ,銀行業,33.5,37.5,2,47,★★★☆☆,0.0,14.0,0,1.8,0.0,2.0,0.0,13.5,8.0,0.0,0.0,監視,,0.0,1.9,2.6,3.6,3030,3198.0,3.0,0.8,1524,RS転換0日目 / 高値圏かつ未過熱 / MA上昇配列 / パーフェクトオーダー / 52週高値目前 / 増収+41% / PER20倍
8334,群馬銀行,銀行業,33.5,37.2,2,48,★★★☆☆,0.0,9.5,35,2.3,0.0,6.7,0.0,13.5,7.5,0.0,0.0,監視,,0.0,7.0,2.6,6.7,2686,2830.5,4.8,2.6,2959,高値圏かつ未過熱 / 出来高増2.6倍 / 買い出来高優勢 / MA上昇配列 / パーフェクトオーダー / 52週高値目前 / PER18倍
5076,インフロニア・ホールディングス,建設業,33.3,37.3,2,49,★★★☆☆,0.0,14.0,1,5.4,0.0,3.3,0.0,12.0,8.0,0.0,0.0,監視,,0.0,3.3,2.7,5.6,2705,2858.0,3.7,0.7,4739,RS転換1日目 / RS加速+5.4 / 高値圏かつ未過熱 / 買い出来高優勢 / MA上昇配列 / パーフェクトオーダー / 増収+61% / ROE24% / PER11倍
7762,シチズン時計,精密機器,33.3,37.3,2,50,★★★☆☆,0.0,13.0,18,14.1,0.0,4.3,0.0,12.0,8.0,0.0,0.0,監視,,0.0,27.2,4.7,10.9,2481,2740.0,8.3,0.6,5324,RS加速+14.1 / 高値圏かつ未過熱 / 買い出来高優勢 / MA上昇配列 / パーフェクトオーダー / 増収+30% / PER22倍
3153,八洲電機,卸売業,33.3,37.3,2,51,★★★☆☆,0.0,16.0,0,1.6,0.0,4.3,0.0,9.0,8.0,0.0,0.0,監視,,0.0,0.4,2.7,5.1,2921,3090.0,8.9,2.0,213,RS転換0日目 / 25MA上抜け2日目 / 高値圏かつ未過熱 / 出来高増2.0倍 / MA上昇配列 / 増収+28% / ROE17% / PER13倍
8706,極東証券,証券、商品先物取引業,33.3,37.8,2,52,★★★☆☆,0.0,12.0,0,-3.2,0.0,4.3,0.0,12.5,9.0,0.0,0.0,監視,,0.0,4.3,1.6,7.4,1905,1970.0,3.7,1.4,281,RS転換0日目 / 高値圏かつ未過熱 / 買い出来高優勢 / MA上昇配列 / パーフェクトオーダー / 52週高値ブレイク! / RSI過熱(87)⚠ / 増収+66% / PER13倍
8366,滋賀銀行,銀行業,33.2,36.5,2,53,★★★☆☆,0.0,16.0,1,12.1,0.0,2.0,0.0,12.0,6.5,0.0,0.0,監視,,0.0,11.9,3.1,7.3,2641,2817.0,5.7,0.7,2159,RS転換1日目 / RS加速+12.1 / 高値圏かつ未過熱 / MA上昇配列 / パーフェクトオーダー / 増収+31%
8551,北日本銀行,銀行業,33.2,37.2,2,54,★★★☆☆,0.0,11.5,36,3.6,0.0,4.0,0.0,13.7,8.0,0.0,0.0,監視,,0.0,17.0,3.8,13.8,7473,8080.0,7.9,1.4,363,RS加速+3.6 / 高値圏かつ未過熱 / MA上昇配列 / パーフェクトオーダー / 52週高値ブレイク! / 増収+23% / PER15倍
8388,阿波銀行,銀行業,33.1,32.9,2,55,★★★☆☆,0.0,11.5,43,8.4,0.0,5.3,0.0,15.0,0.0,1.1,0.0,監視,,0.0,16.9,3.3,13.5,9520,10200.0,13.3,1.4,1570,RS加速+8.4 / 高値圏かつ未過熱 / 買い出来高優勢 / MA上昇配列 / パーフェクトオーダー / 52週高値ブレイク! / 開示[株式分割](6日前)
8331,千葉銀行,銀行業,33.0,37.5,2,56,★★★☆☆,0.0,12.0,0,-0.2,0.0,3.0,0.0,13.5,9.0,0.0,0.0,監視,,0.0,0.6,2.6,3.0,2667,2814.5,2.2,1.5,6489,RS転換0日目 / 高値圏かつ未過熱 / MA上昇配列 / パーフェクトオーダー / 52週高値目前 / 増収+52% / PER19倍
3399,丸千代山岡家,小売業,33.0,33.0,2,57,★★★☆☆,0.0,14.0,7,0.4,0.0,5.3,0.0,13.7,0.0,0.0,0.0,監視,,0.0,6.1,3.1,8.4,3801,4050.0,5.7,1.8,308,RS転換7日目 / 高値圏かつ未過熱 / 買い出来高優勢 / MA上昇配列 / パーフェクトオーダー / 52週高値ブレイク!
8343,秋田銀行,銀行業,33.0,35.3,2,58,★★★☆☆,0.0,11.5,43,3.2,0.0,4.3,0.0,13.5,5.0,1.0,0.0,監視,,0.0,18.7,3.6,11.9,8407,9060.0,7.5,0.9,1132,RS加速+3.2 / 高値圏かつ未過熱 / 買い出来高優勢 / MA上昇配列 / パーフェクトオーダー / 52週高値目前 / 開示[株式分割](7日前) / PER21倍
5310,東洋炭素,ガラス・土石製品,33.0,34.2,2,59,★★★☆☆,0.0,14.0,2,4.6,14.7,2.0,0.0,1.0,2.5,0.0,0.0,監視,,0.0,7.2,4.3,0.3,6359,6950.0,0.4,0.7,720,RS転換2日目 / RS加速+4.6 / 25MA上抜け2日目 / 核融合(+4.4%)
6702,富士通,電気機器,32.9,32.9,2,60,★★★☆☆,0.0,2.0,-1,-20.3,19.9,2.0,0.0,9.0,0.0,0.0,0.0,監視,,0.0,-7.3,3.0,6.5,3671,3904.0,7.1,1.2,25701,量子(+6.9%) / MA上昇配列
7184,富山第一銀行,銀行業,32.8,32.8,2,61,★★★☆☆,0.0,16.0,3,6.9,0.0,3.3,0.0,13.5,0.0,0.0,0.0,監視,,0.0,12.1,4.0,9.0,3138,3415.0,7.6,0.8,664,RS転換3日目 / RS加速+6.9 / 高値圏かつ未過熱 / 買い出来高優勢 / MA上昇配列 / パーフェクトオーダー / 52週高値目前
8360,山梨中央銀行,銀行業,32.8,36.8,2,62,★★★☆☆,0.0,16.0,1,6.1,0.0,3.3,0.0,9.5,8.0,0.0,0.0,監視,,0.0,10.5,3.4,4.9,6904,7410.0,3.9,1.1,942,RS転換1日目 / RS加速+6.1 / 高値圏かつ未過熱 / 買い出来高優勢 / MA上昇配列 / パーフェクトオーダー / 増収+30% / PER23倍
6357,三精テクノロジーズ,機械,32.8,32.8,2,63,★★★☆☆,0.0,13.0,14,5.8,0.0,6.3,0.0,13.5,0.0,0.0,0.0,監視,,0.0,14.0,2.3,11.9,2686,2816.0,9.6,1.8,121,RS加速+5.8 / 高値圏かつ未過熱 / 買い出来高優勢 / MA上昇配列 / パーフェクトオーダー / 52週高値目前
3232,三重交通グループホールディングス,不動産業,32.5,32.5,2,64,★★★☆☆,0.0,12.0,0,-1.5,0.0,10.0,0.0,10.5,0.0,0.0,0.0,監視,,0.0,2.9,2.1,10.6,597,623.0,8.9,3.1,184,RS転換0日目 / 高値圏かつ未過熱 / 出来高急増3.1倍 / 買い出来高優勢 / 資金流入増 / MA上昇配列 / 52週高値ブレイク! / RSI過熱(96)⚠
8308,りそなホールディングス,銀行業,32.5,32.5,2,65,★★★☆☆,0.0,16.0,2,6.2,0.0,3.0,0.0,13.5,0.0,0.0,0.0,監視,,0.0,8.0,2.9,6.9,2367,2512.5,5.7,1.3,22698,RS転換2日目 / RS加速+6.2 / 高値圏かつ未過熱 / MA上昇配列 / パーフェクトオーダー / 52週高値目前
9304,澁澤倉庫,倉庫・運輸関連業,32.5,34.5,2,66,★★★☆☆,0.0,16.0,6,5.1,0.0,2.0,0.0,12.5,4.0,0.0,0.0,監視,,0.0,14.7,3.0,13.1,2048,2180.0,9.6,0.9,496,RS転換6日目 / RS加速+5.1 / 高値圏かつ未過熱 / MA上昇配列 / パーフェクトオーダー / 52週高値ブレイク! / RSI過熱(86)⚠ / PER20倍
8020,兼松,卸売業,32.5,35.8,2,67,★★★☆☆,0.0,14.0,0,-2.1,0.0,3.3,0.0,12.0,6.5,0.0,0.0,監視,,0.0,0.3,2.4,3.9,2137,2244.0,2.7,1.0,1307,RS転換0日目 / 25MA上抜け6日目 / 高値圏かつ未過熱 / 買い出来高優勢 / MA上昇配列 / パーフェクトオーダー / ROE18% / PER12倍
8059,第一実業,卸売業,32.3,32.3,2,68,★★★☆☆,0.0,12.0,1,-3.3,0.0,5.3,0.0,15.0,0.0,0.0,0.0,監視,,0.0,2.0,2.2,7.4,3623,3790.0,4.1,1.5,425,RS転換1日目 / 高値圏かつ未過熱 / 買い出来高優勢 / MA上昇配列 / パーフェクトオーダー / 52週高値ブレイク!
2705,大戸屋ホールディングス,小売業,32.2,34.7,2,69,★★★☆☆,0.0,12.0,0,-12.3,0.0,4.0,0.0,13.7,5.0,0.0,0.0,監視,,0.0,2.7,3.0,9.5,8986,9560.0,3.5,1.3,163,RS転換0日目 / 高値圏かつ未過熱 / MA上昇配列 / パーフェクトオーダー / 52週高値ブレイク! / 増収+18% / ROE34%
5302,日本カーボン,ガラス・土石製品,32.0,34.0,2,70,★★★☆☆,0.0,12.0,0,-0.1,0.0,3.0,0.0,15.0,4.0,0.0,0.0,監視,,0.0,3.2,2.5,6.0,4931,5190.0,6.4,1.3,359,RS転換0日目 / 高値圏かつ未過熱 / MA上昇配列 / パーフェクトオーダー / 52週高値ブレイク! / PER15倍
6958,日本シイエムケイ,電気機器,32.0,35.0,2,71,★★★☆☆,0.0,13.0,24,11.9,0.0,4.0,0.0,12.0,6.0,0.0,0.0,監視,,0.0,23.9,4.8,9.6,694,768.0,6.4,2.0,733,RS加速+11.9 / 高値圏かつ未過熱 / MA上昇配列 / パーフェクトオーダー / 増収+19% / PER14倍
8066,三谷商事,卸売業,31.5,34.0,2,72,★★☆☆☆,0.0,11.5,39,3.8,0.0,4.0,0.0,13.5,5.0,0.0,0.0,監視,,0.0,13.3,5.2,12.5,3121,3480.0,11.7,0.2,113,RS加速+3.8 / 高値圏かつ未過熱 / 資金流入増 / MA上昇配列 / パーフェクトオーダー / 52週高値目前 / PER12倍
8558,東和銀行,銀行業,31.5,33.0,2,73,★★☆☆☆,0.0,16.0,0,4.1,0.0,2.0,0.0,12.0,3.0,0.0,0.0,監視,,0.0,5.6,3.5,4.9,1392,1496.0,2.7,0.8,289,RS転換0日目 / RS加速+4.1 / 高値圏かつ未過熱 / MA上昇配列 / パーフェクトオーダー / 増収+38%
4667,アイサンテクノロジー,情報・通信業,31.5,33.5,2,74,★★☆☆☆,0.0,13.0,6,30.3,0.0,9.0,0.0,12.5,4.0,0.0,-5.0,監視,,0.0,42.8,4.8,34.6,2406,2661.0,26.4,20.9,179,RS転換6日目 / RS加速+30.3 / 出来高急増20.9倍 / 買い出来高優勢 / MA上昇配列 / パーフェクトオーダー / 52週高値ブレイク! / RSI過熱(87)⚠ / 過熱⚠25MA+35%
7384,プロクレアホールディングス,銀行業,31.3,33.8,2,75,★★☆☆☆,0.0,16.0,3,6.5,0.0,3.3,0.0,9.5,5.0,0.0,0.0,監視,,0.0,12.5,4.3,6.4,4253,4650.0,3.8,0.7,413,RS転換3日目 / RS加速+6.5 / 高値圏かつ未過熱 / 買い出来高優勢 / MA上昇配列 / パーフェクトオーダー
6323,ローツェ,機械,31.1,25.8,2,76,★★☆☆☆,0.0,10.0,2,26.9,8.8,2.0,0.0,5.0,0.0,0.0,0.0,監視,,0.0,12.5,4.8,0.2,3689,4080.0,3.8,0.5,8736,RS転換2日目 / RS加速+26.9 / 半導体製造装置(+1.4%)
5801,古河電気工業,非鉄金属,31.1,25.5,2,77,★★☆☆☆,0.0,9.0,17,23.9,11.8,0.0,0.0,4.7,0.0,0.0,0.0,監視,,0.0,33.2,7.8,5.1,3296,3903.0,2.2,0.7,136190,RS加速+23.9 / 光通信・電線(+2.9%)
5803,フジクラ,非鉄金属,31.0,26.0,2,78,★★☆☆☆,0.0,9.0,14,23.9,11.8,3.0,0.0,2.2,0.0,0.0,0.0,監視,,0.0,36.2,6.9,6.3,4600,5340.0,1.1,0.6,349216,RS加速+23.9 / 光通信・電線(+2.9%)
7011,三菱重工業,機械,30.9,31.9,2,79,★★☆☆☆,0.0,10.0,0,-0.3,14.7,1.0,0.0,4.2,2.0,0.0,0.0,監視,,0.0,0.4,3.1,0.6,3772,4025.0,2.4,0.8,76493,RS転換0日目 / 25MA上抜け0日目 / 核融合(+4.4%) / MA上昇配列
5901,東洋製罐グループホールディングス,金属製品,30.8,33.0,2,80,★★☆☆☆,0.0,12.0,0,-7.6,0.0,3.0,0.0,13.5,4.5,0.0,0.0,監視,,0.0,2.6,1.9,5.2,4341,4513.0,1.5,1.2,1097,RS転換0日目 / 高値圏かつ未過熱 / MA上昇配列 / パーフェクトオーダー / 52週高値目前 / PER12倍
7729,東京精密,精密機器,30.4,27.4,2,81,★★☆☆☆,0.0,10.0,2,14.8,8.4,2.0,0.0,7.0,0.0,0.0,0.0,監視,,0.0,9.1,4.7,1.6,16304,17990.0,4.0,0.5,8489,RS転換2日目 / RS加速+14.8 / HBM・後工程(+1.2%)
3864,三菱製紙,パルプ・紙,29.6,30.3,2,82,★★☆☆☆,0.0,12.0,0,-0.7,0.0,3.3,0.0,13.5,1.5,0.0,0.0,,,0.0,0.0,2.8,3.9,1131,1199.0,0.0,1.0,234,RS転換0日目 / 高値圏かつ未過熱 / 買い出来高優勢 / MA上昇配列 / パーフェクトオーダー / 52週高値目前
4170,Ｋａｉｚｅｎ　Ｐｌａｔｆｏｒｍ,情報・通信業,29.3,29.3,2,83,★★☆☆☆,0.0,14.0,6,10.2,0.0,7.3,0.0,8.0,0.0,0.0,0.0,,,0.0,14.2,15.8,7.8,97,141.0,15.6,2.0,507,RS転換6日目 / RS加速+10.2 / 25MA上抜け6日目 / 買い出来高優勢 / 資金流入増 / MA上昇配列
3825,リミックスポイント,小売業,29.2,27.799999999999997,2,84,★★☆☆☆,0.0,12.0,8,14.4,0.0,5.7,0.0,8.0,0.0,7.1,-5.0,,,0.0,32.9,7.1,24.1,228,265.0,11.8,4.0,588,RS転換8日目 / RS加速+14.4 / 出来高急増4.0倍 / MA上昇配列 / 過熱⚠25MA+24% / 開示[業績予想の修正](3日前) / 開示[業務提携](3日前)
9147,ＮＩＰＰＯＮ　ＥＸＰＲＥＳＳホールディングス,陸運業,29.2,30.0,2,85,★★☆☆☆,0.0,12.0,0,-0.4,0.0,3.0,0.0,13.5,1.5,0.0,0.0,,,0.0,1.4,2.9,4.7,5403,5735.0,3.2,1.6,7117,RS転換0日目 / 高値圏かつ未過熱 / MA上昇配列 / パーフェクトオーダー / 52週高値目前
8704,トレイダーズホールディングス,証券、商品先物取引業,28.5,28.5,2,86,★★☆☆☆,0.0,14.0,8,1.8,0.0,1.0,0.0,13.5,0.0,0.0,0.0,,,0.0,9.0,2.8,6.0,1322,1399.0,1.2,0.9,119,RS転換8日目 / 高値圏かつ未過熱 / MA上昇配列 / パーフェクトオーダー / 52週高値目前
8362,福井銀行,銀行業,28.5,28.5,2,87,★★☆☆☆,0.0,13.0,15,7.9,0.0,2.0,0.0,13.5,0.0,0.0,0.0,,,0.0,24.2,4.7,13.2,6533,7210.0,5.1,0.9,511,RS加速+7.9 / 高値圏かつ未過熱 / MA上昇配列 / パーフェクトオーダー / 52週高値目前
8368,百五銀行,銀行業,28.5,28.5,2,88,★★☆☆☆,0.0,11.5,35,14.0,0.0,2.0,0.0,15.0,0.0,0.0,0.0,,,0.0,22.5,3.6,12.5,2267,2443.0,8.3,1.1,1999,RS加速+14.0 / 高値圏かつ未過熱 / MA上昇配列 / パーフェクトオーダー / 52週高値ブレイク!
4062,イビデン,電気機器,28.4,25.4,2,89,★★☆☆☆,0.0,9.0,16,33.7,8.4,2.0,0.0,6.0,0.0,0.0,0.0,,,0.0,40.5,7.0,8.3,17333,20175.0,5.1,0.8,155892,RS加速+33.7 / HBM・後工程(+1.2%)
7727,オーバル,精密機器,28.3,28.3,2,90,★★☆☆☆,0.0,11.0,22,1.2,0.0,5.3,0.0,12.0,0.0,0.0,0.0,,,0.0,11.7,5.6,7.1,750,845.0,5.5,0.7,144,高値圏かつ未過熱 / 買い出来高優勢 / 資金流入増 / MA上昇配列 / パーフェクトオーダー
3964,オークネット,情報・通信業,28.3,28.3,2,91,★★☆☆☆,0.0,14.0,0,-2.1,0.0,7.3,0.0,7.0,0.0,0.0,0.0,,,0.0,0.4,2.7,1.0,1364,1443.0,1.1,2.2,958,RS転換0日目 / 25MA上抜け0日目 / 高値圏かつ未過熱 / 出来高増2.2倍 / 資金流入増 / MA上昇配列 / パーフェクトオーダー
1899,福田組,建設業,28.3,28.3,2,92,★★☆☆☆,0.0,9.5,33,1.9,0.0,5.3,0.0,13.5,0.0,0.0,0.0,,,0.0,24.3,3.7,12.9,4656,5030.0,5.3,0.8,395,高値圏かつ未過熱 / 買い出来高優勢 / 資金流入増 / MA上昇配列 / パーフェクトオーダー / 52週高値目前
8011,三陽商会,繊維製品,28.2,27.3,2,93,★★☆☆☆,0.0,7.5,43,-17.1,0.0,5.3,0.0,8.5,0.0,6.0,0.0,,,0.0,0.5,4.6,3.3,1531,1688.0,-0.5,2.7,229,高値圏かつ未過熱 / 出来高増2.7倍 / MA上昇配列 / パーフェクトオーダー / 開示[業績予想の修正](3日前) / 開示[自己株式の取得](3日前)
7102,日本車輌製造,輸送用機器,28.0,28.0,2,94,★★☆☆☆,0.0,18.0,1,4.8,0.0,1.0,0.0,9.0,0.0,0.0,0.0,,,0.0,4.4,2.5,4.2,3565,3750.0,2.0,1.2,151,RS転換1日目 / RS加速+4.8 / 25MA上抜け6日目 / 高値圏かつ未過熱 / MA上昇配列
4417,グローバルセキュリティエキスパート,情報・通信業,28.0,28.0,2,95,★★☆☆☆,0.0,14.0,0,-1.7,0.0,4.3,0.0,9.7,0.0,0.0,0.0,,,0.0,5.3,5.1,9.3,4444,4950.0,10.0,2.1,261,RS転換0日目 / 25MA上抜け6日目 / 高値圏かつ未過熱 / 出来高増2.1倍 / MA上昇配列 / パーフェクトオーダー / 52週高値目前
7746,岡本硝子,精密機器,28.0,28.0,2,96,★★☆☆☆,0.0,14.0,0,3.5,0.0,8.0,0.0,6.0,0.0,0.0,0.0,,,0.0,1.7,3.3,5.6,733,786.0,5.1,3.1,335,RS転換0日目 / RS加速+3.5 / 25MA上抜け3日目 / 出来高急増3.1倍 / 買い出来高優勢
3374,内外テック,卸売業,28.0,28.0,2,97,★★☆☆☆,0.0,13.0,18,21.7,0.0,3.0,0.0,12.0,0.0,0.0,0.0,,,0.0,39.8,5.5,13.7,3854,4325.0,7.3,0.4,249,RS加速+21.7 / 高値圏かつ未過熱 / MA上昇配列 / パーフェクトオーダー
5537,ＡｌｂａＬｉｎｋ,不動産業,28.0,28.0,1,98,★★☆☆☆,0.0,15.0,8,18.5,0.0,4.0,0.0,12.0,0.0,0.0,-3.0,,,0.0,31.3,7.2,17.6,3001,3510.0,7.8,0.8,319,RS転換8日目 / RS加速+18.5 / 25MA上抜け9日目 / 資金流入増 / MA上昇配列 / パーフェクトオーダー / 伸びすぎ注意(25MA+18%)
6448,ブラザー工業,電気機器,27.8,27.8,1,99,★☆☆☆☆,0.0,7.5,31,-4.8,0.0,5.3,0.0,15.0,0.0,0.0,0.0,,,0.0,12.4,2.4,10.0,4616,4844.0,5.1,1.3,4934,高値圏かつ未過熱 / 買い出来高優勢 / MA上昇配列 / パーフェクトオーダー / 52週高値ブレイク!
7350,おきなわフィナンシャルグループ,銀行業,27.8,27.8,1,100,★☆☆☆☆,0.0,14.0,1,-0.9,0.0,4.3,0.0,9.5,0.0,0.0,0.0,,,0.0,4.5,3.4,4.5,7397,7940.0,3.8,1.1,652,RS転換1日目 / 25MA上抜け3日目 / 高値圏かつ未過熱 / 買い出来高優勢 / MA上昇配列 / パーフェクトオーダー
4432,ウイングアーク１ｓｔ,情報・通信業,27.7,27.7,1,101,★☆☆☆☆,0.0,12.0,0,-13.7,0.0,8.0,0.0,7.7,0.0,0.0,0.0,,,0.0,4.1,2.4,13.2,3392,3565.0,9.1,4.0,774,RS転換0日目 / 高値圏かつ未過熱 / 出来高急増4.0倍 / 買い出来高優勢 / MA上昇配列
8370,紀陽銀行,銀行業,27.5,27.5,1,102,★☆☆☆☆,0.0,14.0,0,0.7,0.0,0.0,0.0,13.5,0.0,0.0,0.0,,,0.0,1.5,2.5,4.4,4845,5100.0,4.4,0.6,836,RS転換0日目 / 高値圏かつ未過熱 / MA上昇配列 / パーフェクトオーダー / 52週高値目前
4008,住友精化,化学,27.5,27.5,1,103,★☆☆☆☆,0.0,11.0,15,1.2,0.0,4.3,0.0,12.2,0.0,0.0,0.0,,,0.0,18.5,2.5,8.0,1465,1541.0,1.6,0.5,429,高値圏かつ未過熱 / 買い出来高優勢 / MA上昇配列 / パーフェクトオーダー / 52週高値目前
7337,ひろぎんホールディングス,銀行業,27.5,27.5,1,104,★☆☆☆☆,0.0,12.0,0,-1.3,0.0,2.0,0.0,13.5,0.0,0.0,0.0,,,0.0,0.6,2.3,3.9,2269,2378.0,3.4,0.7,1574,RS転換0日目 / 高値圏かつ未過熱 / MA上昇配列 / パーフェクトオーダー / 52週高値目前
9934,因幡電機産業,卸売業,27.5,27.5,1,105,★☆☆☆☆,0.0,7.5,32,-4.8,0.0,9.0,0.0,11.0,0.0,0.0,0.0,,,0.0,2.0,1.9,3.8,2947,3062.0,3.2,3.6,711,高値圏かつ未過熱 / 出来高急増3.6倍 / 買い出来高優勢 / MA上昇配列 / パーフェクトオーダー / 52週高値目前
9508,九州電力,電気・ガス業,27.5,27.5,1,106,★☆☆☆☆,0.0,12.0,0,-9.9,0.0,2.0,0.0,13.5,0.0,0.0,0.0,,,0.0,1.1,2.4,5.5,1875,1968.0,0.2,0.8,3062,RS転換0日目 / 高値圏かつ未過熱 / MA上昇配列 / パーフェクトオーダー / 52週高値目前
4588,オンコリスバイオファーマ,医薬品,27.4,27.4,1,107,★☆☆☆☆,0.0,10.0,19,53.9,0.0,8.7,0.0,13.7,0.0,0.0,-5.0,,,0.0,88.0,7.7,51.1,4069,4810.0,42.3,2.1,5117,RS加速+53.9 / 出来高増2.1倍 / 買い出来高優勢 / 資金流入増 / MA上昇配列 / パーフェクトオーダー / 52週高値ブレイク! / 過熱⚠25MA+51%
5702,大紀アルミニウム工業所,非鉄金属,27.3,27.3,1,108,★☆☆☆☆,0.0,11.0,24,1.6,0.0,4.3,0.0,12.0,0.0,0.0,0.0,,,0.0,25.7,3.8,10.9,1779,1926.0,3.2,0.7,744,高値圏かつ未過熱 / 買い出来高優勢 / MA上昇配列 / パーフェクトオーダー
3132,マクニカホールディングス,卸売業,27.2,27.2,1,109,★☆☆☆☆,0.0,18.0,2,9.5,0.0,1.0,0.0,8.2,0.0,0.0,0.0,,,0.0,7.9,4.2,2.9,3276,3577.0,7.4,1.0,3292,RS転換2日目 / RS加速+9.5 / 25MA上抜け2日目 / 高値圏かつ未過熱 / MA上昇配列 / パーフェクトオーダー
2060,フィード・ワン,食料品,27.2,27.2,1,110,★☆☆☆☆,0.0,12.0,0,-11.6,0.0,3.0,0.0,12.2,0.0,0.0,0.0,,,0.0,0.7,2.2,4.5,1346,1408.0,-1.9,0.9,149,RS転換0日目 / 高値圏かつ未過熱 / MA上昇配列 / パーフェクトオーダー / 52週高値目前
8035,東京エレクトロン,電気機器,27.1,22.8,2,111,★☆☆☆☆,0.0,10.0,1,17.4,8.8,0.0,0.0,4.0,0.0,0.0,0.0,,,0.0,0.3,4.0,-0.3,51714,56230.0,3.6,0.8,201211,RS転換1日目 / RS加速+17.4 / 半導体製造装置(+1.4%)
7735,ＳＣＲＥＥＮホールディングス,電気機器,27.1,23.8,2,112,★☆☆☆☆,0.0,10.0,1,28.6,8.8,0.0,0.0,5.0,0.0,0.0,0.0,,,0.0,7.1,4.3,1.5,12534,13715.0,5.7,0.6,40165,RS転換1日目 / RS加速+28.6 / 半導体製造装置(+1.4%)
8344,山形銀行,銀行業,27.0,27.0,1,113,★☆☆☆☆,0.0,11.5,43,9.0,0.0,2.0,0.0,13.5,0.0,0.0,0.0,,,0.0,20.5,4.1,11.4,4344,4730.0,8.4,1.1,604,RS加速+9.0 / 高値圏かつ未過熱 / MA上昇配列 / パーフェクトオーダー / 52週高値目前
8137,サンワテクノス,卸売業,27.0,27.0,1,114,★☆☆☆☆,0.0,11.5,33,9.4,0.0,2.0,0.0,13.5,0.0,0.0,0.0,,,0.0,13.3,2.5,6.9,3997,4210.0,6.3,0.5,244,RS加速+9.4 / 高値圏かつ未過熱 / MA上昇配列 / パーフェクトオーダー / 52週高値目前
3968,セグエグループ,情報・通信業,27.0,27.0,1,115,★☆☆☆☆,0.0,14.0,0,-0.6,0.0,4.0,0.0,9.0,0.0,0.0,0.0,,,0.0,6.0,4.4,11.4,622,681.0,8.8,1.3,270,RS転換0日目 / 25MA上抜け10日目 / 高値圏かつ未過熱 / MA上昇配列
8562,福島銀行,銀行業,27.0,27.0,1,116,★☆☆☆☆,0.0,14.0,1,2.6,0.0,2.0,0.0,11.0,0.0,0.0,0.0,,,0.0,7.3,2.8,5.6,356,377.0,3.6,1.1,114,RS転換1日目 / 高値圏かつ未過熱 / MA上昇配列 / パーフェクトオーダー
3673,ブロードリーフ,情報・通信業,27.0,27.0,1,117,★☆☆☆☆,0.0,14.0,0,-12.0,0.0,1.0,0.0,12.0,0.0,0.0,0.0,,,0.0,1.7,5.1,9.6,442,493.0,4.0,0.8,489,RS転換0日目 / 25MA上抜け7日目 / 高値圏かつ未過熱 / MA上昇配列 / パーフェクトオーダー
6724,セイコーエプソン,電気機器,27.0,27.0,1,118,★☆☆☆☆,0.0,14.0,0,-2.9,0.0,3.3,0.0,9.7,0.0,0.0,0.0,,,0.0,1.4,2.4,4.7,3062,3218.0,5.1,1.0,5428,RS転換0日目 / 25MA上抜け6日目 / 高値圏かつ未過熱 / 買い出来高優勢 / MA上昇配列 / パーフェクトオーダー / 52週高値目前
4812,電通総研,情報・通信業,27.0,27.0,1,119,★☆☆☆☆,0.0,4.0,-1,-4.9,0.0,8.0,0.0,15.0,0.0,0.0,0.0,,,0.0,-0.2,1.7,7.1,2806,2908.0,5.7,12.4,1836,25MA上抜け8日目 / 出来高急増12.4倍 / 買い出来高優勢 / MA上昇配列 / パーフェクトオーダー / 52週高値ブレイク!
2181,パーソルホールディングス,サービス業,27.0,27.0,1,120,★☆☆☆☆,0.0,12.0,0,-11.4,0.0,4.3,0.0,10.7,0.0,0.0,0.0,,,0.0,2.3,2.0,7.4,287,298.8999938964844,2.5,1.1,3166,RS転換0日目 / 高値圏かつ未過熱 / 買い出来高優勢 / MA上昇配列 / パーフェクトオーダー
8037,カメイ,卸売業,26.5,26.5,1,121,★☆☆☆☆,0.0,7.5,36,-6.2,0.0,5.3,0.0,13.7,0.0,0.0,0.0,,,0.0,10.4,2.2,10.7,4386,4585.0,5.3,1.4,232,高値圏かつ未過熱 / 買い出来高優勢 / MA上昇配列 / パーフェクトオーダー / 52週高値ブレイク!
8609,岡三証券グループ,証券、商品先物取引業,26.5,26.5,1,122,★☆☆☆☆,0.0,7.5,40,-2.9,0.0,5.3,0.0,13.7,0.0,0.0,0.0,,,0.0,5.7,2.4,11.7,1193,1254.0,8.4,1.5,582,高値圏かつ未過熱 / 買い出来高優勢 / MA上昇配列 / パーフェクトオーダー / 52週高値ブレイク!
8173,Ｊｏｓｈｉｎ,小売業,26.5,26.5,1,123,★☆☆☆☆,0.0,12.0,0,-16.7,0.0,1.0,0.0,13.5,0.0,0.0,0.0,,,0.0,0.6,2.9,5.4,4079,4330.0,0.8,0.9,606,RS転換0日目 / 高値圏かつ未過熱 / MA上昇配列 / パーフェクトオーダー / 52週高値目前
6810,マクセル,電気機器,26.5,26.5,1,124,★☆☆☆☆,0.0,13.0,27,3.7,0.0,2.0,0.0,11.5,0.0,0.0,0.0,,,0.0,14.5,2.7,6.8,2374,2507.0,7.5,0.7,731,RS加速+3.7 / 高値圏かつ未過熱 / MA上昇配列 / 52週高値目前
7537,丸文,卸売業,26.5,26.5,1,125,★☆☆☆☆,0.0,11.5,33,3.5,0.0,3.0,0.0,12.0,0.0,0.0,0.0,,,0.0,7.3,3.3,5.9,1744,1866.0,4.9,0.8,268,RS加速+3.5 / 高値圏かつ未過熱 / MA上昇配列 / パーフェクトオーダー
1879,新日本建設,建設業,26.5,26.5,1,126,★☆☆☆☆,0.0,9.0,28,-8.2,0.0,4.0,0.0,13.5,0.0,0.0,0.0,,,0.0,3.9,1.9,4.5,2251,2340.0,0.9,1.0,491,高値圏かつ未過熱 / 資金流入増 / MA上昇配列 / パーフェクトオーダー / 52週高値目前
8600,トモニホールディングス,銀行業,26.3,26.3,1,127,★☆☆☆☆,0.0,12.0,1,-0.1,0.0,3.3,0.0,11.0,0.0,0.0,0.0,,,0.0,8.2,3.1,7.7,1071,1143.0,5.5,0.7,646,RS転換1日目 / 高値圏かつ未過熱 / 買い出来高優勢 / MA上昇配列 / パーフェクトオーダー / 52週高値目前
3989,シェアリングテクノロジー,情報・通信業,26.3,26.3,1,128,★☆☆☆☆,0.0,12.0,8,-0.4,0.0,3.3,0.0,11.0,0.0,0.0,0.0,,,0.0,9.3,3.2,9.4,1494,1595.0,3.6,0.6,312,RS転換8日目 / 高値圏かつ未過熱 / 買い出来高優勢 / MA上昇配列 / パーフェクトオーダー / 52週高値目前 / RSI過熱(85)⚠
4116,大日精化工業,化学,26.3,26.3,1,129,★☆☆☆☆,0.0,7.5,33,-9.4,0.0,5.3,0.0,13.5,0.0,0.0,0.0,,,0.0,15.7,2.5,9.4,1315,1383.0,2.0,0.6,330,高値圏かつ未過熱 / 買い出来高優勢 / 資金流入増 / MA上昇配列 / パーフェクトオーダー / 52週高値目前
8358,スルガ銀行,銀行業,26.3,26.3,1,130,★☆☆☆☆,0.0,9.5,42,2.0,0.0,3.3,0.0,13.5,0.0,0.0,0.0,,,0.0,7.6,2.9,6.9,2815,2985.0,4.3,0.7,2524,高値圏かつ未過熱 / 買い出来高優勢 / MA上昇配列 / パーフェクトオーダー / 52週高値目前
7327,第四北越フィナンシャルグループ,銀行業,26.3,26.3,1,131,★☆☆☆☆,0.0,9.5,35,2.4,0.0,3.3,0.0,13.5,0.0,0.0,0.0,,,0.0,7.6,2.6,7.1,2454,2586.0,4.9,1.0,1980,高値圏かつ未過熱 / 買い出来高優勢 / MA上昇配列 / パーフェクトオーダー / 52週高値目前
7613,シークス,卸売業,26.2,26.2,1,132,★☆☆☆☆,0.0,7.5,32,-4.9,0.0,7.7,0.0,11.0,0.0,0.0,0.0,,,0.0,9.1,2.8,6.0,1554,1645.0,3.1,2.1,452,高値圏かつ未過熱 / 出来高増2.1倍 / 買い出来高優勢 / MA上昇配列 / パーフェクトオーダー / 52週高値目前
4203,住友ベークライト,化学,26.2,26.2,1,133,★☆☆☆☆,0.0,15.0,18,15.2,0.0,3.0,0.0,8.2,0.0,0.0,0.0,,,0.0,16.2,3.5,2.5,6919,7444.0,3.8,0.6,7104,RS加速+15.2 / 25MA上抜け4日目 / 高値圏かつ未過熱 / MA上昇配列 / パーフェクトオーダー
4912,ライオン,化学,26.0,26.0,1,134,★☆☆☆☆,0.0,12.0,0,-14.3,0.0,3.0,0.0,11.0,0.0,0.0,0.0,,,0.0,0.6,2.7,4.3,1789,1889.5,-0.2,1.5,2695,RS転換0日目 / 高値圏かつ未過熱 / MA上昇配列 / パーフェクトオーダー / 52週高値目前
6769,ザインエレクトロニクス,電気機器,26.0,26.0,1,135,★☆☆☆☆,0.0,12.0,4,22.1,0.0,8.0,0.0,6.0,0.0,0.0,0.0,,,0.0,21.8,4.5,13.8,1098,1207.0,14.2,6.2,105,RS転換4日目 / RS加速+22.1 / 出来高急増6.2倍 / 買い出来高優勢
8395,佐賀銀行,銀行業,26.0,26.0,1,136,★☆☆☆☆,0.0,9.5,32,2.1,0.0,3.0,0.0,13.5,0.0,0.0,0.0,,,0.0,13.9,3.7,9.0,6146,6630.0,2.6,0.6,451,高値圏かつ未過熱 / MA上昇配列 / パーフェクトオーダー / 52週高値目前
4021,日産化学,化学,26.0,26.0,1,137,★☆☆☆☆,0.0,14.0,6,1.4,0.0,0.0,0.0,12.0,0.0,0.0,0.0,,,0.0,3.9,3.0,4.1,7643,8130.0,1.9,0.7,5680,RS転換6日目 / 高値圏かつ未過熱 / MA上昇配列 / パーフェクトオーダー
6742,京三製作所,電気機器,25.8,25.8,1,138,★☆☆☆☆,0.0,13.0,22,4.5,0.0,3.3,0.0,9.5,0.0,0.0,0.0,,,0.0,16.9,5.0,5.9,933,1036.0,0.4,0.8,324,RS加速+4.5 / 高値圏かつ未過熱 / 買い出来高優勢 / MA上昇配列 / パーフェクトオーダー
5715,古河機械金属,非鉄金属,25.8,25.8,1,139,★☆☆☆☆,0.0,9.0,26,12.5,0.0,4.3,0.0,8.0,0.0,4.5,0.0,,,0.0,24.8,4.8,12.8,4029,4460.0,7.2,1.1,1569,RS加速+12.5 / 買い出来高優勢 / MA上昇配列 / 開示[自己株式の取得](3日前) / 開示[自己株式の取得](4日前)
8150,三信電気,卸売業,25.8,25.8,1,140,★☆☆☆☆,0.0,7.5,33,-0.9,0.0,5.3,0.0,13.0,0.0,0.0,0.0,,,0.0,6.2,2.3,8.1,3147,3295.0,6.1,1.2,218,高値圏かつ未過熱 / 買い出来高優勢 / MA上昇配列 / 52週高値ブレイク!
7138,ＴＯＲＩＣＯ,小売業,25.7,25.7,1,141,★☆☆☆☆,0.0,14.0,5,3.5,0.0,8.7,0.0,8.0,0.0,0.0,-5.0,,,0.0,41.0,10.0,26.6,143,178.0,-7.8,2.3,392,RS転換5日目 / RS加速+3.5 / 25MA上抜け6日目 / 出来高増2.3倍 / 買い出来高優勢 / 資金流入増 / MA上昇配列 / 過熱⚠25MA+27%
5885,ジーデップ・アドバンス,卸売業,25.7,25.7,1,142,★☆☆☆☆,0.0,12.0,10,11.3,0.0,6.7,0.0,10.0,0.0,0.0,-3.0,,,0.0,27.2,4.6,17.8,3158,3480.0,9.8,3.0,162,RS転換10日目 / RS加速+11.3 / 出来高増3.0倍 / 買い出来高優勢 / MA上昇配列 / パーフェクトオーダー / 伸びすぎ注意(25MA+18%)
3692,ＦＦＲＩセキュリティ,情報・通信業,25.7,25.7,1,143,★☆☆☆☆,0.0,14.0,1,16.3,0.0,5.7,0.0,6.0,0.0,0.0,0.0,,,0.0,11.0,5.6,12.7,5065,5710.0,19.5,4.5,681,RS転換1日目 / RS加速+16.3 / 25MA上抜け1日目 / 出来高急増4.5倍
4114,日本触媒,化学,25.6,25.6,1,144,★☆☆☆☆,0.0,7.5,32,-9.2,0.0,5.3,0.0,11.0,0.0,1.8,0.0,,,0.0,14.2,2.7,8.4,2503,2646.5,0.5,0.7,2721,高値圏かつ未過熱 / 買い出来高優勢 / 資金流入増 / MA上昇配列 / パーフェクトオーダー / 52週高値目前 / 開示[新工場](4日前)
8346,東邦銀行,銀行業,25.5,25.5,1,145,★☆☆☆☆,0.0,14.0,2,2.4,0.0,2.0,0.0,9.5,0.0,0.0,0.0,,,0.0,9.9,3.0,5.8,933,992.0,4.4,0.7,928,RS転換2日目 / 高値圏かつ未過熱 / MA上昇配列 / パーフェクトオーダー
8739,スパークス・グループ,証券、商品先物取引業,25.5,25.5,1,146,★☆☆☆☆,0.0,7.5,33,-4.4,0.0,3.0,0.0,15.0,0.0,0.0,0.0,,,0.0,9.0,2.0,7.4,2521,2626.0,3.5,0.9,317,高値圏かつ未過熱 / MA上昇配列 / パーフェクトオーダー / 52週高値ブレイク!
8377,ほくほくフィナンシャルグループ,銀行業,25.5,25.5,1,147,★☆☆☆☆,0.0,14.0,1,2.7,0.0,2.0,0.0,9.5,0.0,0.0,0.0,,,0.0,8.1,3.2,4.8,7817,8359.0,4.0,0.6,3623,RS転換1日目 / 高値圏かつ未過熱 / MA上昇配列 / パーフェクトオーダー
2269,明治ホールディングス,食料品,25.5,25.5,1,148,★☆☆☆☆,0.0,9.0,15,-11.9,0.0,4.3,0.0,12.2,0.0,0.0,0.0,,,0.0,5.9,2.1,9.0,4280,4471.0,2.8,0.6,5663,高値圏かつ未過熱 / 買い出来高優勢 / MA上昇配列 / パーフェクトオーダー / 52週高値目前
4768,大塚商会,情報・通信業,25.5,25.5,1,149,★☆☆☆☆,0.0,12.0,0,-17.1,0.0,1.0,0.0,12.5,0.0,0.0,0.0,,,0.0,0.2,2.3,7.0,3485,3652.0,5.0,0.7,5123,RS転換0日目 / 高値圏かつ未過熱 / MA上昇配列 / パーフェクトオーダー / 52週高値ブレイク!
8057,内田洋行,卸売業,25.5,25.5,1,150,★☆☆☆☆,0.0,12.0,0,-6.2,0.0,4.0,0.0,9.5,0.0,0.0,0.0,,,0.0,0.2,1.7,7.8,2250,2330.0,5.9,1.5,279,RS転換0日目 / 高値圏かつ未過熱 / MA上昇配列 / パーフェクトオーダー / RSI過熱(87)⚠
8524,北洋銀行,銀行業,25.5,25.5,1,151,★☆☆☆☆,0.0,14.0,1,2.3,0.0,2.0,0.0,9.5,0.0,0.0,0.0,,,0.0,7.2,2.8,5.6,1232,1306.0,3.6,0.7,2142,RS転換1日目 / 高値圏かつ未過熱 / MA上昇配列 / パーフェクトオーダー
3106,倉敷紡績,繊維製品,25.4,25.4,1,152,★☆☆☆☆,0.0,12.0,5,-0.3,0.0,1.0,0.0,10.7,0.0,1.7,0.0,,,0.0,4.1,3.0,5.3,10189,10850.0,4.3,0.6,403,RS転換5日目 / 高値圏かつ未過熱 / MA上昇配列 / パーフェクトオーダー / 開示[自己株式の取得](6日前)
8841,テーオーシー,不動産業,25.3,25.3,1,153,★☆☆☆☆,0.0,9.0,15,-14.8,0.0,5.3,0.0,11.0,0.0,0.0,0.0,,,0.0,5.6,3.7,5.3,954,1029.0,-5.1,0.3,213,高値圏かつ未過熱 / 買い出来高優勢 / 資金流入増 / MA上昇配列 / パーフェクトオーダー
319A,技術承継機構,金属製品,25.2,25.2,1,154,★☆☆☆☆,0.0,14.0,7,-6.7,0.0,3.0,0.0,8.2,0.0,0.0,0.0,,,0.0,25.2,8.1,8.2,17124,20440.0,-3.0,0.5,913,RS転換7日目 / 25MA上抜け6日目 / 高値圏かつ未過熱 / MA上昇配列 / パーフェクトオーダー
2652,まんだらけ,小売業,25.0,25.0,1,155,★☆☆☆☆,0.0,14.0,4,4.0,0.0,1.0,0.0,10.0,0.0,0.0,0.0,,,0.0,3.6,3.7,4.8,430,465.0,8.6,0.9,105,RS転換4日目 / RS加速+4.0 / 25MA上抜け3日目 / MA上昇配列 / パーフェクトオーダー
6532,ベイカレント,サービス業,25.0,25.0,1,156,★☆☆☆☆,0.0,12.0,0,-16.3,0.0,1.0,0.0,12.0,0.0,0.0,0.0,,,0.0,4.5,3.4,11.1,7571,8126.0,9.5,1.0,8250,RS転換0日目 / 高値圏かつ未過熱 / MA上昇配列 / パーフェクトオーダー
7189,西日本フィナンシャルホールディングス,銀行業,25.0,25.0,1,157,★☆☆☆☆,0.0,9.5,35,2.9,0.0,2.0,0.0,13.5,0.0,0.0,0.0,,,0.0,8.3,2.8,6.1,4571,4839.0,3.8,0.7,2099,高値圏かつ未過熱 / MA上昇配列 / パーフェクトオーダー / 52週高値目前
8364,清水銀行,銀行業,25.0,25.0,1,158,★☆☆☆☆,0.0,9.5,36,0.0,0.0,2.0,0.0,13.5,0.0,0.0,0.0,,,0.0,14.3,4.0,10.3,2952,3210.0,3.9,0.6,154,高値圏かつ未過熱 / MA上昇配列 / パーフェクトオーダー / 52週高値目前
8163,ＳＲＳホールディングス,小売業,25.0,25.0,1,159,★☆☆☆☆,0.0,12.0,0,-17.4,0.0,2.0,0.0,11.0,0.0,0.0,0.0,,,0.0,0.3,2.4,6.0,1503,1577.0,3.0,0.6,267,RS転換0日目 / 高値圏かつ未過熱 / MA上昇配列 / パーフェクトオーダー / 52週高値目前
4674,クレスコ,情報・通信業,25.0,25.0,1,160,★☆☆☆☆,0.0,7.5,33,-15.3,0.0,5.3,0.0,12.2,0.0,0.0,0.0,,,0.0,17.1,3.0,11.9,1927,2050.0,0.4,0.7,505,高値圏かつ未過熱 / 買い出来高優勢 / 資金流入増 / MA上昇配列 / パーフェクトオーダー / 52週高値目前
2222,寿スピリッツ,食料品,25.0,25.0,1,161,★☆☆☆☆,0.0,12.0,0,-9.9,0.0,2.0,0.0,11.0,0.0,0.0,0.0,,,0.0,0.9,2.6,4.5,2605,2748.0,2.5,0.7,1349,RS転換0日目 / 高値圏かつ未過熱 / MA上昇配列 / パーフェクトオーダー / 52週高値目前
8014,蝶理,卸売業,25.0,25.0,1,162,★☆☆☆☆,0.0,12.0,0,-7.7,0.0,3.0,0.0,10.0,0.0,0.0,0.0,,,0.0,0.4,2.1,3.8,4079,4255.0,-0.1,0.8,227,RS転換0日目 / 高値圏かつ未過熱 / 資金流入増 / MA上昇配列
9889,ＪＢＣＣホールディングス,情報・通信業,25.0,25.0,1,163,★☆☆☆☆,0.0,12.0,0,-23.1,0.0,2.0,0.0,11.0,0.0,0.0,0.0,,,0.0,0.6,2.6,6.1,1688,1782.0,1.4,0.7,424,RS転換0日目 / 高値圏かつ未過熱 / MA上昇配列 / パーフェクトオーダー / 52週高値目前
3097,物語コーポレーション,小売業,25.0,25.0,1,164,★☆☆☆☆,0.0,12.0,0,-12.5,0.0,2.0,0.0,11.0,0.0,0.0,0.0,,,0.0,2.6,3.4,6.6,5489,5890.0,3.9,1.0,1224,RS転換0日目 / 高値圏かつ未過熱 / MA上昇配列 / パーフェクトオーダー / 52週高値目前
7911,ＴＯＰＰＡＮホールディングス,その他製品,24.9,24.9,1,165,★☆☆☆☆,0.0,13.0,11,3.7,0.0,2.0,0.0,8.5,0.0,1.4,0.0,,,0.0,8.2,4.9,3.2,4529,5019.0,-2.0,0.7,9537,RS加速+3.7 / 高値圏かつ未過熱 / MA上昇配列 / パーフェクトオーダー / 開示[株式分割](4日前)
2820,やまみ,食料品,24.8,24.8,1,166,★☆☆☆☆,0.0,7.5,32,-16.1,0.0,5.3,0.0,12.0,0.0,0.0,0.0,,,0.0,12.4,5.2,9.3,5354,5980.0,-4.8,0.9,128,高値圏かつ未過熱 / 買い出来高優勢 / 資金流入増 / MA上昇配列 / パーフェクトオーダー
5844,京都フィナンシャルグループ,銀行業,24.8,24.8,1,167,★☆☆☆☆,0.0,12.0,0,-1.4,0.0,3.3,0.0,9.5,0.0,0.0,0.0,,,0.0,3.0,2.5,3.9,4688,4936.0,2.0,0.7,4578,RS転換0日目 / 高値圏かつ未過熱 / 買い出来高優勢 / MA上昇配列 / パーフェクトオーダー
6340,澁谷工業,機械,24.8,24.8,1,168,★☆☆☆☆,0.0,7.5,47,-2.8,0.0,5.3,0.0,12.0,0.0,0.0,0.0,,,0.0,16.5,4.9,10.7,4783,5300.0,3.1,0.7,573,高値圏かつ未過熱 / 買い出来高優勢 / 資金流入増 / MA上昇配列 / パーフェクトオーダー
1847,イチケン,建設業,24.8,24.8,1,169,★☆☆☆☆,0.0,9.5,32,1.6,0.0,4.3,0.0,11.0,0.0,0.0,0.0,,,0.0,23.5,2.7,10.5,3271,3455.0,3.4,0.3,162,高値圏かつ未過熱 / 買い出来高優勢 / MA上昇配列 / パーフェクトオーダー / 52週高値目前
6309,巴工業,機械,24.7,24.7,1,170,★☆☆☆☆,0.0,12.0,7,-4.7,0.0,2.0,0.0,10.7,0.0,0.0,0.0,,,0.0,1.8,1.6,5.6,2002,2070.0,2.9,0.7,179,RS転換7日目 / 高値圏かつ未過熱 / MA上昇配列 / パーフェクトオーダー
4992,北興化学工業,化学,24.7,24.7,1,171,★☆☆☆☆,0.0,14.0,7,1.5,0.0,1.0,0.0,9.7,0.0,0.0,0.0,,,0.0,4.8,2.3,1.9,1902,1994.0,-3.0,0.5,195,RS転換7日目 / 高値圏かつ未過熱 / MA上昇配列 / パーフェクトオーダー
6351,鶴見製作所,機械,24.7,24.7,1,172,★☆☆☆☆,0.0,12.0,8,-4.4,0.0,2.0,0.0,10.7,0.0,0.0,0.0,,,0.0,4.2,2.9,4.7,2297,2441.0,4.0,0.6,179,RS転換8日目 / 高値圏かつ未過熱 / MA上昇配列 / パーフェクトオーダー
2384,ＳＢＳホールディングス,陸運業,24.5,24.5,1,173,★☆☆☆☆,0.0,9.0,30,-9.6,0.0,2.0,0.0,13.5,0.0,0.0,0.0,,,0.0,7.6,2.8,8.7,4877,5170.0,-0.4,0.8,383,高値圏かつ未過熱 / MA上昇配列 / パーフェクトオーダー / 52週高値目前
166A,タスキホールディングス,不動産業,24.5,24.5,1,174,★☆☆☆☆,0.0,9.0,22,-7.6,0.0,2.0,0.0,13.5,0.0,0.0,0.0,,,0.0,0.8,2.9,6.3,1140,1210.0,5.3,0.5,576,高値圏かつ未過熱 / MA上昇配列 / パーフェクトオーダー / 52週高値目前
6676,ＢＵＦＦＡＬＯ,電気機器,24.5,24.5,1,175,★☆☆☆☆,0.0,7.5,33,-2.0,0.0,2.0,0.0,15.0,0.0,0.0,0.0,,,0.0,6.3,2.4,8.9,2937,3085.0,4.9,1.0,123,高値圏かつ未過熱 / MA上昇配列 / パーフェクトオーダー / 52週高値ブレイク!
6258,平田機工,機械,24.5,24.5,1,176,★☆☆☆☆,0.0,13.0,18,4.5,0.0,3.0,0.0,8.5,0.0,0.0,0.0,,,0.0,23.5,6.2,6.4,3064,3500.0,-0.7,0.8,1360,RS加速+4.5 / 高値圏かつ未過熱 / MA上昇配列 / パーフェクトオーダー
7976,三菱鉛筆,その他製品,24.5,24.5,1,177,★☆☆☆☆,0.0,7.5,42,-5.8,0.0,2.0,0.0,15.0,0.0,0.0,0.0,,,0.0,9.7,2.1,7.7,2936,3065.0,3.2,0.6,378,高値圏かつ未過熱 / MA上昇配列 / パーフェクトオーダー / 52週高値ブレイク!
7480,スズデン,卸売業,24.5,24.5,1,178,★☆☆☆☆,0.0,9.5,43,1.2,0.0,4.0,0.0,11.0,0.0,0.0,0.0,,,0.0,41.2,3.3,13.3,3283,3515.0,3.5,0.6,393,高値圏かつ未過熱 / 資金流入増 / MA上昇配列 / パーフェクトオーダー / 52週高値目前
4390,ＩＰＳ,情報・通信業,24.5,24.5,1,179,★☆☆☆☆,0.0,9.0,29,-1.6,0.0,2.0,0.0,13.5,0.0,0.0,0.0,,,0.0,16.8,4.9,11.3,3776,4185.0,3.0,1.1,414,高値圏かつ未過熱 / MA上昇配列 / パーフェクトオーダー / 52週高値目前
325A,ＴＥＮＴＩＡＬ,繊維製品,24.4,24.4,1,180,★☆☆☆☆,0.0,10.0,0,-3.2,0.0,3.0,0.0,11.0,0.0,0.4,0.0,,,0.0,6.5,4.7,7.3,1599,1766.0,-3.2,1.2,433,RS転換0日目 / 25MA上抜け10日目 / MA上昇配列 / パーフェクトオーダー / 開示[自己株式の取得](12日前)
9425,ＲｅＹｕｕ　Ｊａｐａｎ,情報・通信業,24.4,24.400000000000002,1,181,★☆☆☆☆,0.0,14.0,2,31.2,0.0,4.3,0.0,8.0,0.0,1.1,-3.0,,,0.0,30.0,8.2,18.5,209,250.0,12.6,1.3,226,RS転換2日目 / RS加速+31.2 / 25MA上抜け8日目 / 買い出来高優勢 / MA上昇配列 / 伸びすぎ注意(25MA+18%) / 開示[子会社化](6日前)
4575,キャンバス,医薬品,24.3,24.3,1,182,★☆☆☆☆,0.0,12.0,9,7.1,0.0,4.3,0.0,8.0,0.0,0.0,0.0,,,0.0,18.1,5.2,15.0,792,884.0,10.2,2.1,192,RS転換9日目 / RS加速+7.1 / 出来高増2.1倍 / MA上昇配列
8051,山善,卸売業,24.3,24.3,1,183,★☆☆☆☆,0.0,7.5,31,-5.5,0.0,3.3,0.0,13.5,0.0,0.0,0.0,,,0.0,3.1,2.6,5.2,1862,1963.0,3.4,1.1,390,高値圏かつ未過熱 / 買い出来高優勢 / MA上昇配列 / パーフェクトオーダー / 52週高値目前
4634,ａｒｔｉｅｎｃｅ,化学,24.3,24.3,1,184,★☆☆☆☆,0.0,7.5,41,-4.1,0.0,3.3,0.0,13.5,0.0,0.0,0.0,,,0.0,5.9,2.7,5.9,4825,5100.0,2.5,0.6,828,高値圏かつ未過熱 / 買い出来高優勢 / MA上昇配列 / パーフェクトオーダー / 52週高値目前
8078,阪和興業,卸売業,24.3,24.3,1,185,★☆☆☆☆,0.0,7.5,31,-2.4,0.0,3.3,0.0,13.5,0.0,0.0,0.0,,,0.0,3.4,2.2,5.4,1801,1883.0,2.3,0.9,813,高値圏かつ未過熱 / 買い出来高優勢 / MA上昇配列 / パーフェクトオーダー / 52週高値目前
4246,ダイキョーニシカワ,化学,24.3,24.3,1,186,★☆☆☆☆,0.0,7.5,31,-8.0,0.0,3.3,0.0,13.5,0.0,0.0,0.0,,,0.0,3.0,2.0,4.9,1087,1133.0,1.3,0.4,305,高値圏かつ未過熱 / 買い出来高優勢 / MA上昇配列 / パーフェクトオーダー / 52週高値目前
218A,Ｌｉｂｅｒａｗａｒｅ,精密機器,24.3,24.3,1,187,★☆☆☆☆,0.0,14.0,8,5.9,0.0,4.3,0.0,6.0,0.0,0.0,0.0,,,0.0,14.6,4.2,13.0,1111,1214.0,7.6,2.5,211,RS転換8日目 / RS加速+5.9 / 25MA上抜け9日目 / 出来高増2.5倍
6918,アバールデータ,電気機器,24.3,24.3,1,188,★☆☆☆☆,0.0,9.0,18,5.7,0.0,5.3,0.0,10.0,0.0,0.0,0.0,,,0.0,14.7,5.1,5.5,3229,3600.0,1.4,0.5,271,RS加速+5.7 / 買い出来高優勢 / 資金流入増 / MA上昇配列 / パーフェクトオーダー
2170,リンクアンドモチベーション,サービス業,24.3,24.3,1,189,★☆☆☆☆,0.0,10.0,7,-12.3,0.0,4.3,0.0,10.0,0.0,0.0,0.0,,,0.0,6.8,5.1,10.9,645,718.0,2.0,0.8,513,RS転換7日目 / 25MA上抜け9日目 / 買い出来高優勢 / MA上昇配列 / パーフェクトオーダー
7381,ＣＣＩグループ,銀行業,24.3,24.3,1,190,★☆☆☆☆,0.0,11.5,36,6.8,0.0,3.3,0.0,9.5,0.0,0.0,0.0,,,0.0,12.3,3.3,6.1,1188,1273.0,3.7,0.8,554,RS加速+6.8 / 高値圏かつ未過熱 / 買い出来高優勢 / MA上昇配列 / パーフェクトオーダー
7014,名村造船所,輸送用機器,24.3,24.3,1,191,★☆☆☆☆,0.0,10.0,1,2.6,0.0,5.3,0.0,9.0,0.0,0.0,0.0,,,0.0,7.5,5.1,10.5,4379,4880.0,10.4,1.3,6876,RS転換1日目 / 買い出来高優勢 / MA上昇配列
9706,日本空港ビルデング,不動産業,24.2,24.2,1,192,★☆☆☆☆,0.0,4.0,-1,-11.3,0.0,7.7,0.0,11.0,0.0,1.5,0.0,,,0.0,-3.2,2.4,5.1,5705,5998.0,5.5,2.3,2329,25MA上抜け6日目 / 出来高増2.3倍 / 買い出来高優勢 / MA上昇配列 / パーフェクトオーダー / 開示[自己株式取得](7日前)
9119,飯野海運,海運業,24.2,24.2,1,193,★☆☆☆☆,0.0,7.5,32,-6.2,0.0,7.7,0.0,9.0,0.0,0.0,0.0,,,0.0,8.3,2.8,8.3,1640,1736.0,1.8,2.2,526,高値圏かつ未過熱 / 出来高増2.2倍 / 買い出来高優勢 / MA上昇配列
8624,いちよし証券,証券、商品先物取引業,24.2,24.2,1,194,★☆☆☆☆,0.0,9.5,43,1.7,0.0,1.0,0.0,13.7,0.0,0.0,0.0,,,0.0,10.0,2.9,10.9,1685,1789.0,4.9,1.2,229,高値圏かつ未過熱 / MA上昇配列 / パーフェクトオーダー / 52週高値ブレイク!
8473,ＳＢＩホールディングス,証券、商品先物取引業,24.1,24.099999999999998,1,195,★☆☆☆☆,0.0,11.0,29,2.2,0.0,2.0,0.0,8.7,0.0,2.4,0.0,,,0.0,13.9,2.5,11.7,3256,3427.0,6.6,1.1,13302,高値圏かつ未過熱 / MA上昇配列 / 開示[資本業務提携](3日前)
9692,シーイーシー,情報・通信業,24.1,24.1,1,196,★☆☆☆☆,0.0,7.5,36,-7.0,0.0,3.3,0.0,12.2,0.0,1.1,0.0,,,0.0,3.5,2.4,9.5,2433,2555.0,6.7,1.0,283,高値圏かつ未過熱 / 買い出来高優勢 / MA上昇配列 / パーフェクトオーダー / 52週高値目前 / 開示[上方修正](10日前)
4997,日本農薬,化学,24.0,24.0,1,197,★☆☆☆☆,0.0,7.5,32,-10.1,0.0,4.3,0.0,12.2,0.0,0.0,0.0,,,0.0,8.1,2.2,7.8,1182,1236.0,1.4,0.9,243,高値圏かつ未過熱 / 買い出来高優勢 / MA上昇配列 / パーフェクトオーダー / 52週高値目前
1762,高松コンストラクショングループ,建設業,24.0,24.0,1,198,★☆☆☆☆,0.0,12.0,0,-5.9,0.0,2.0,0.0,10.0,0.0,0.0,0.0,,,0.0,0.7,1.8,5.2,3949,4100.0,2.5,0.8,157,RS転換0日目 / 高値圏かつ未過熱 / MA上昇配列
4972,綜研化学,化学,24.0,24.0,1,199,★☆☆☆☆,0.0,14.0,3,25.7,0.0,2.0,0.0,8.0,0.0,0.0,0.0,,,0.0,14.3,2.7,10.6,3460,3660.0,9.4,1.0,316,RS転換3日目 / RS加速+25.7 / 高値圏かつ未過熱
5632,三菱製鋼,鉄鋼,24.0,24.0,1,200,★☆☆☆☆,0.0,9.0,26,-5.2,0.0,3.0,0.0,12.0,0.0,0.0,0.0,,,0.0,7.2,3.3,5.2,2285,2448.0,0.3,0.7,288,高値圏かつ未過熱 / MA上昇配列 / パーフェクトオーダー
5208,有沢製作所,化学,24.0,24.0,1,201,★☆☆☆☆,0.0,18.0,2,4.9,0.0,0.0,0.0,6.0,0.0,0.0,0.0,,,0.0,5.9,3.8,1.5,2448,2647.0,2.8,0.6,664,RS転換2日目 / RS加速+4.9 / 25MA上抜け1日目 / 高値圏かつ未過熱 / MA上昇配列 / パーフェクトオーダー
2681,ゲオホールディングス,小売業,24.0,24.0,1,202,★☆☆☆☆,0.0,9.0,29,-9.9,0.0,3.0,0.0,12.0,0.0,0.0,0.0,,,0.0,3.6,2.9,7.3,2257,2398.0,2.0,0.8,492,高値圏かつ未過熱 / MA上昇配列 / パーフェクトオーダー
5976,高周波熱錬,金属製品,24.0,24.0,1,203,★☆☆☆☆,0.0,7.5,32,-13.0,0.0,3.0,0.0,13.5,0.0,0.0,0.0,,,0.0,2.3,1.9,5.0,1476,1535.0,-1.8,0.8,144,高値圏かつ未過熱 / MA上昇配列 / パーフェクトオーダー / 52週高値目前
5253,カバー,情報・通信業,24.0,24.0,1,204,★☆☆☆☆,0.0,14.0,1,6.8,0.0,2.0,0.0,8.0,0.0,0.0,0.0,,,0.0,4.6,4.3,10.7,1581,1730.0,15.3,1.0,2567,RS転換1日目 / RS加速+6.8 / 25MA上抜け4日目 / MA上昇配列
1965,テクノ菱和,建設業,24.0,24.0,1,205,★☆☆☆☆,0.0,14.0,3,22.1,0.0,2.0,0.0,8.0,0.0,0.0,0.0,,,0.0,21.4,4.6,11.5,6261,6900.0,12.9,1.1,575,RS転換3日目 / RS加速+22.1 / 25MA上抜け5日目 / MA上昇配列
1946,トーエネック,建設業,24.0,24.0,1,206,★☆☆☆☆,0.0,16.0,1,0.0,0.0,1.0,0.0,7.0,0.0,0.0,0.0,,,0.0,1.9,2.2,3.5,2080,2176.0,2.6,0.5,339,RS転換1日目 / 25MA上抜け6日目 / 高値圏かつ未過熱
2782,セリア,小売業,24.0,24.0,1,207,★☆☆☆☆,0.0,7.5,32,-9.2,0.0,3.0,0.0,13.5,0.0,0.0,0.0,,,0.0,5.5,3.0,7.9,4176,4440.0,4.5,0.7,1601,高値圏かつ未過熱 / MA上昇配列 / パーフェクトオーダー / 52週高値目前
6741,日本信号,電気機器,24.0,24.0,1,208,★☆☆☆☆,0.0,7.5,33,-3.6,0.0,4.3,0.0,12.2,0.0,0.0,0.0,,,0.0,11.2,2.7,6.4,1771,1872.0,3.7,0.4,442,高値圏かつ未過熱 / 買い出来高優勢 / MA上昇配列 / パーフェクトオーダー / 52週高値目前
9619,イチネンホールディングス,サービス業,24.0,24.0,1,209,★☆☆☆☆,0.0,7.5,34,-8.2,0.0,3.0,0.0,13.5,0.0,0.0,0.0,,,0.0,6.1,1.7,6.9,2637,2730.0,1.1,0.7,119,高値圏かつ未過熱 / MA上昇配列 / パーフェクトオーダー / 52週高値目前
4471,三洋化成工業,化学,24.0,24.0,1,210,★☆☆☆☆,0.0,9.0,29,-3.6,0.0,4.0,0.0,11.0,0.0,0.0,0.0,,,0.0,24.7,2.9,9.6,5999,6370.0,0.2,0.9,1076,高値圏かつ未過熱 / 資金流入増 / MA上昇配列 / パーフェクトオーダー / 52週高値目前
6454,マックス,機械,24.0,24.0,1,211,★☆☆☆☆,0.0,14.0,0,-3.4,0.0,3.0,0.0,7.0,0.0,0.0,0.0,,,0.0,1.9,2.2,2.5,1784,1866.0,5.0,0.7,569,RS転換0日目 / 25MA上抜け3日目 / 高値圏かつ未過熱 / MA上昇配列 / パーフェクトオーダー
9278,ブックオフグループホールディングス,小売業,24.0,24.0,1,212,★☆☆☆☆,0.0,12.0,0,-16.9,0.0,1.0,0.0,11.0,0.0,0.0,0.0,,,0.0,1.5,4.0,8.0,2852,3100.0,4.9,0.8,399,RS転換0日目 / 高値圏かつ未過熱 / MA上昇配列 / パーフェクトオーダー / 52週高値目前
3040,ソリトンシステムズ,情報・通信業,23.8,23.8,1,213,★☆☆☆☆,0.0,9.0,28,-2.6,0.0,5.3,0.0,9.5,0.0,0.0,0.0,,,0.0,17.6,4.4,9.4,2188,2400.0,0.6,0.8,339,高値圏かつ未過熱 / 買い出来高優勢 / 資金流入増 / MA上昇配列 / パーフェクトオーダー
6952,カシオ計算機,電気機器,23.8,23.8,1,214,★☆☆☆☆,0.0,9.0,21,-2.1,0.0,5.3,0.0,9.5,0.0,0.0,0.0,,,0.0,29.4,4.0,9.3,2214,2404.5,4.0,0.5,5268,高値圏かつ未過熱 / 買い出来高優勢 / 資金流入増 / MA上昇配列 / パーフェクトオーダー
8075,神鋼商事,卸売業,23.8,23.8,1,215,★☆☆☆☆,0.0,7.5,32,-6.9,0.0,5.3,0.0,11.0,0.0,0.0,0.0,,,0.0,12.7,2.3,8.2,2959,3100.0,1.8,0.6,244,高値圏かつ未過熱 / 買い出来高優勢 / 資金流入増 / MA上昇配列 / パーフェクトオーダー / 52週高値目前
4635,東京インキ,化学,23.8,23.8,1,216,★☆☆☆☆,0.0,7.5,43,-5.6,0.0,5.3,0.0,11.0,0.0,0.0,0.0,,,0.0,43.1,2.9,13.4,1969,2090.0,-0.1,0.9,131,高値圏かつ未過熱 / 買い出来高優勢 / 資金流入増 / MA上昇配列 / パーフェクトオーダー / 52週高値目前
7942,ＪＳＰ,化学,23.8,23.8,1,217,★☆☆☆☆,0.0,9.0,29,-8.0,0.0,5.3,0.0,9.5,0.0,0.0,0.0,,,0.0,18.6,3.0,7.0,2923,3110.0,0.0,0.5,278,高値圏かつ未過熱 / 買い出来高優勢 / 資金流入増 / MA上昇配列 / パーフェクトオーダー
7774,ジャパン・ティッシュエンジニアリング,精密機器,23.8,23.8,1,218,★☆☆☆☆,0.0,7.5,36,-11.7,0.0,5.3,0.0,11.0,0.0,0.0,0.0,,,0.0,25.1,4.8,11.7,790,874.0,1.4,0.8,116,高値圏かつ未過熱 / 買い出来高優勢 / 資金流入増 / MA上昇配列 / パーフェクトオーダー / 52週高値目前
3763,プロシップ,情報・通信業,23.8,23.8,1,219,★☆☆☆☆,0.0,7.5,36,-25.9,0.0,5.3,0.0,11.0,0.0,0.0,0.0,,,0.0,13.6,6.2,9.7,1976,2257.0,-8.5,0.5,160,高値圏かつ未過熱 / 買い出来高優勢 / 資金流入増 / MA上昇配列 / パーフェクトオーダー
9534,北海道瓦斯,電気・ガス業,23.7,23.7,1,220,★☆☆☆☆,0.0,14.0,0,-5.0,0.0,1.0,0.0,8.7,0.0,0.0,0.0,,,0.0,1.6,1.6,6.6,818,845.0,2.8,1.0,118,RS転換0日目 / 25MA上抜け10日目 / 高値圏かつ未過熱 / MA上昇配列
6070,キャリアリンク,サービス業,23.7,23.7,1,221,★☆☆☆☆,0.0,12.0,0,-11.9,0.0,3.0,0.0,8.7,0.0,0.0,0.0,,,0.0,0.2,2.4,4.8,2463,2588.0,-2.5,0.8,100,RS転換0日目 / 高値圏かつ未過熱 / MA上昇配列
6135,牧野フライス製作所,機械,23.5,23.5,1,222,★☆☆☆☆,0.0,12.0,10,-0.9,0.0,2.0,0.0,9.5,0.0,0.0,0.0,,,0.0,0.9,3.3,1.8,14240,15240.0,1.4,0.2,3617,RS転換10日目 / 高値圏かつ未過熱 / MA上昇配列 / パーフェクトオーダー
8015,豊田通商,卸売業,23.5,23.5,1,223,★☆☆☆☆,0.0,9.0,29,-2.8,0.0,1.0,0.0,13.5,0.0,0.0,0.0,,,0.0,7.4,2.8,6.9,7171,7598.0,5.1,0.5,17837,高値圏かつ未過熱 / MA上昇配列 / パーフェクトオーダー / 52週高値目前
9110,ＮＳユナイテッド海運,海運業,23.5,23.5,1,224,★☆☆☆☆,0.0,7.5,31,-15.6,0.0,5.0,0.0,11.0,0.0,0.0,0.0,,,0.0,28.1,0.2,7.7,10437,10480.0,0.4,1.7,1841,高値圏かつ未過熱 / 資金流入増 / MA上昇配列 / パーフェクトオーダー / 52週高値目前
5711,三菱マテリアル,非鉄金属,23.5,23.5,1,225,★☆☆☆☆,0.0,10.0,16,15.0,0.0,5.0,0.0,13.5,0.0,0.0,-5.0,,,0.0,45.2,4.8,22.6,5471,6058.0,8.9,1.2,14515,RS加速+15.0 / 資金流入増 / MA上昇配列 / パーフェクトオーダー / 52週高値目前 / 過熱⚠25MA+23%
2805,ヱスビー食品,食料品,23.5,23.5,1,226,★☆☆☆☆,0.0,9.5,39,2.8,0.0,3.0,0.0,11.0,0.0,0.0,0.0,,,0.0,14.0,3.4,6.8,6634,7120.0,4.7,0.9,420,高値圏かつ未過熱 / MA上昇配列 / パーフェクトオーダー / 52週高値目前
6287,サトー,機械,23.5,23.5,1,227,★☆☆☆☆,0.0,7.5,32,-6.3,0.0,4.0,0.0,12.0,0.0,0.0,0.0,,,0.0,7.1,2.7,7.7,2703,2860.0,3.7,0.5,503,高値圏かつ未過熱 / 資金流入増 / MA上昇配列 / パーフェクトオーダー
8622,水戸証券,証券、商品先物取引業,23.3,23.3,1,228,★☆☆☆☆,0.0,6.5,36,1.0,0.0,7.3,0.0,12.5,0.0,0.0,-3.0,,,0.0,17.9,2.8,15.8,942,998.0,8.5,1.6,402,買い出来高優勢 / 資金流入増 / MA上昇配列 / パーフェクトオーダー / 52週高値ブレイク! / RSI過熱(89)⚠ / 伸びすぎ注意(25MA+16%)
7719,東京衡機,精密機器,23.3,23.3,1,229,★☆☆☆☆,0.0,14.0,6,19.0,0.0,6.3,0.0,6.0,0.0,0.0,-3.0,,,0.0,24.5,6.1,18.7,469,534.0,14.3,2.0,201,RS転換6日目 / RS加速+19.0 / 25MA上抜け5日目 / 出来高増2.0倍 / 伸びすぎ注意(25MA+19%)
6071,ＩＢＪ,サービス業,23.3,23.3,1,230,★☆☆☆☆,0.0,8.0,9,-12.9,0.0,5.3,0.0,10.0,0.0,0.0,0.0,,,0.0,4.7,3.8,5.5,849,919.0,-3.8,0.6,336,RS転換9日目 / 買い出来高優勢 / 資金流入増 / MA上昇配列 / パーフェクトオーダー
8411,みずほフィナンシャルグループ,銀行業,23.2,23.2,1,231,★☆☆☆☆,0.0,14.0,0,8.1,0.0,1.0,0.0,8.2,0.0,0.0,0.0,,,0.0,1.2,2.5,1.9,8055,8486.0,4.6,1.1,71102,RS転換0日目 / RS加速+8.1 / 高値圏かつ未過熱 / MA上昇配列 / パーフェクトオーダー
3569,セーレン,繊維製品,23.2,23.2,1,232,★☆☆☆☆,0.0,12.0,0,-6.3,0.0,3.0,0.0,8.2,0.0,0.0,0.0,,,0.0,0.7,2.2,1.4,3278,3430.0,0.6,0.5,781,RS転換0日目 / 高値圏かつ未過熱 / MA上昇配列 / パーフェクトオーダー
7715,長野計器,精密機器,23.2,23.2,1,233,★☆☆☆☆,0.0,14.0,2,7.9,0.0,2.0,0.0,7.2,0.0,0.0,0.0,,,0.0,9.8,5.2,2.3,3589,4005.0,1.4,0.9,594,RS転換2日目 / RS加速+7.9 / 25MA上抜け1日目 / MA上昇配列 / パーフェクトオーダー
3167,ＴＯＫＡＩホールディングス,卸売業,23.2,23.2,1,234,★☆☆☆☆,0.0,9.0,14,-11.4,0.0,2.0,0.0,12.2,0.0,0.0,0.0,,,0.0,0.7,1.5,6.7,1256,1295.0,2.5,0.8,334,高値圏かつ未過熱 / MA上昇配列 / パーフェクトオーダー / 52週高値目前
8613,丸三証券,証券、商品先物取引業,23.2,23.2,1,235,★☆☆☆☆,0.0,7.5,33,-6.4,0.0,2.0,0.0,13.7,0.0,0.0,0.0,,,0.0,5.3,1.7,9.0,1280,1326.0,4.8,1.0,329,高値圏かつ未過熱 / MA上昇配列 / パーフェクトオーダー / 52週高値ブレイク!
4452,花王,化学,23.2,23.2,1,236,★☆☆☆☆,0.0,12.0,0,-10.8,0.0,3.0,0.0,8.2,0.0,0.0,0.0,,,0.0,0.1,2.1,4.6,3482,3635.0,2.2,0.6,14581,RS転換0日目 / 高値圏かつ未過熱 / MA上昇配列 / パーフェクトオーダー
8022,美津濃,その他製品,23.2,23.2,1,237,★☆☆☆☆,0.0,12.0,0,-13.9,0.0,3.0,0.0,8.2,0.0,0.0,0.0,,,0.0,0.2,4.2,3.4,3743,4085.0,0.1,1.1,1218,RS転換0日目 / 高値圏かつ未過熱 / MA上昇配列 / パーフェクトオーダー
2607,不二製油,食料品,23.2,23.2,1,238,★☆☆☆☆,0.0,9.0,14,-17.5,0.0,2.0,0.0,12.2,0.0,0.0,0.0,,,0.0,3.7,3.0,7.1,4322,4596.0,-0.3,0.9,1414,高値圏かつ未過熱 / MA上昇配列 / パーフェクトオーダー / 52週高値目前
336A,ダイナミックマッププラットフォーム,情報・通信業,23.0,23.0,1,239,★☆☆☆☆,0.0,14.0,1,28.0,0.0,8.0,0.0,6.0,0.0,0.0,-5.0,,,0.0,27.8,5.0,28.5,945,1051.0,26.2,8.1,253,RS転換1日目 / RS加速+28.0 / 25MA上抜け6日目 / 出来高急増8.1倍 / 買い出来高優勢 / 過熱⚠25MA+28%
1939,四電工,建設業,23.0,23.0,1,240,★☆☆☆☆,0.0,7.5,33,-4.7,0.0,2.0,0.0,13.5,0.0,0.0,0.0,,,0.0,2.3,1.9,4.3,2096,2179.0,2.8,0.8,195,高値圏かつ未過熱 / MA上昇配列 / パーフェクトオーダー / 52週高値目前
9900,サガミホールディングス,小売業,23.0,23.0,1,241,★☆☆☆☆,0.0,12.0,0,-14.9,0.0,2.0,0.0,9.0,0.0,0.0,0.0,,,0.0,0.2,2.9,5.7,1068,1135.0,4.7,1.3,278,RS転換0日目 / 高値圏かつ未過熱 / MA上昇配列 / 52週高値目前
7167,めぶきフィナンシャルグループ,銀行業,23.0,23.0,1,242,★☆☆☆☆,0.0,7.5,43,-0.7,0.0,2.0,0.0,13.5,0.0,0.0,0.0,,,0.0,8.7,2.5,6.7,1614,1700.5,3.2,0.8,4530,高値圏かつ未過熱 / MA上昇配列 / パーフェクトオーダー / 52週高値目前
9507,四国電力,電気・ガス業,23.0,23.0,1,243,★☆☆☆☆,0.0,7.5,32,-10.5,0.0,5.3,0.0,10.2,0.0,0.0,0.0,,,0.0,13.9,2.2,9.1,1841,1926.0,1.9,1.0,1826,高値圏かつ未過熱 / 買い出来高優勢 / 資金流入増 / MA上昇配列 / 52週高値目前
9369,キユーソー流通システム,倉庫・運輸関連業,23.0,23.0,1,244,★☆☆☆☆,0.0,14.0,0,-6.5,0.0,2.0,0.0,7.0,0.0,0.0,0.0,,,0.0,1.6,2.8,5.0,2991,3170.0,0.5,1.0,124,RS転換0日目 / 25MA上抜け10日目 / 高値圏かつ未過熱
6166,中村超硬,機械,23.0,23.0,1,245,★☆☆☆☆,0.0,10.0,3,9.4,0.0,3.0,0.0,10.0,0.0,0.0,0.0,,,0.0,4.5,4.6,5.5,609,670.0,5.5,1.6,112,RS転換3日目 / RS加速+9.4 / MA上昇配列 / パーフェクトオーダー
4005,住友化学,化学,23.0,23.0,1,246,★☆☆☆☆,0.0,14.0,0,-1.7,0.0,2.0,0.0,7.0,0.0,0.0,0.0,,,0.0,0.2,2.6,5.3,527,555.9000244140625,-0.7,0.5,7714,RS転換0日目 / 25MA上抜け5日目 / 高値圏かつ未過熱
7552,ハピネット,卸売業,23.0,23.0,1,247,★☆☆☆☆,0.0,7.5,43,-20.0,0.0,2.0,0.0,13.5,0.0,0.0,0.0,,,0.0,2.9,3.8,8.9,3473,3755.0,1.6,0.7,901,高値圏かつ未過熱 / MA上昇配列 / パーフェクトオーダー / 52週高値目前
1982,日比谷総合設備,建設業,23.0,23.0,1,248,★☆☆☆☆,0.0,14.0,1,-1.3,0.0,2.0,0.0,7.0,0.0,0.0,0.0,,,0.0,0.0,2.9,2.2,2806,2976.0,1.5,0.7,350,RS転換1日目 / 25MA上抜け6日目 / 高値圏かつ未過熱
4044,セントラル硝子,化学,22.8,22.8,1,249,★☆☆☆☆,0.0,9.0,18,-7.5,0.0,4.3,0.0,9.5,0.0,0.0,0.0,,,0.0,1.8,3.0,2.2,4207,4475.0,-1.0,0.6,492,高値圏かつ未過熱 / 買い出来高優勢 / MA上昇配列 / パーフェクトオーダー
4118,カネカ,化学,22.8,22.8,1,250,★☆☆☆☆,0.0,9.0,30,-6.3,0.0,4.3,0.0,9.5,0.0,0.0,0.0,,,0.0,0.4,2.3,2.2,5855,6133.0,-0.8,0.8,1749,高値圏かつ未過熱 / 買い出来高優勢 / MA上昇配列 / パーフェクトオーダー
2590,ダイドーグループホールディングス,食料品,22.8,22.8,1,251,★☆☆☆☆,0.0,2.0,-1,-11.1,0.0,8.0,0.0,11.0,0.0,1.8,0.0,,,0.0,-6.4,3.0,3.7,2905,3090.0,2.1,8.7,346,出来高急増8.7倍 / 買い出来高優勢 / MA上昇配列 / パーフェクトオーダー / 開示[業績予想の修正](4日前)
3907,シリコンスタジオ,情報・通信業,22.7,22.7,1,252,★☆☆☆☆,0.0,10.0,26,85.2,0.0,4.0,0.0,13.7,0.0,0.0,-5.0,,,0.0,151.5,9.9,71.8,2112,2635.0,50.9,0.6,2126,RS加速+85.2 / 資金流入増 / MA上昇配列 / パーフェクトオーダー / 52週高値ブレイク! / 過熱⚠25MA+72%
3176,三洋貿易,卸売業,22.7,22.7,1,253,★☆☆☆☆,0.0,4.5,36,-2.6,0.0,8.7,0.0,12.5,0.0,0.0,-3.0,,,0.0,30.1,3.7,15.1,1106,1193.0,7.0,2.4,523,出来高増2.4倍 / 買い出来高優勢 / 資金流入増 / MA上昇配列 / パーフェクトオーダー / 52週高値ブレイク! / 伸びすぎ注意(25MA+15%)
6966,三井ハイテック,電気機器,22.7,22.7,1,254,★☆☆☆☆,0.0,14.0,8,3.5,0.0,0.0,0.0,8.7,0.0,0.0,0.0,,,0.0,4.7,3.2,2.2,887,947.0,2.4,1.0,1432,RS転換8日目 / RS加速+3.5 / 25MA上抜け5日目 / MA上昇配列 / パーフェクトオーダー
4611,大日本塗料,化学,22.7,22.7,1,255,★☆☆☆☆,0.0,7.5,36,-1.7,0.0,3.0,0.0,12.2,0.0,0.0,0.0,,,0.0,7.9,2.3,8.5,1516,1589.0,5.7,1.1,142,高値圏かつ未過熱 / MA上昇配列 / パーフェクトオーダー / 52週高値目前
8541,愛媛銀行,銀行業,22.5,22.5,1,256,★☆☆☆☆,0.0,12.0,1,-19.7,0.0,1.0,0.0,9.5,0.0,0.0,0.0,,,0.0,10.9,4.7,8.6,2915,3215.0,-1.4,0.7,673,RS転換1日目 / 高値圏かつ未過熱 / MA上昇配列 / パーフェクトオーダー
7979,松風,精密機器,22.5,22.5,1,257,★☆☆☆☆,0.0,12.0,0,-10.5,0.0,2.0,0.0,8.5,0.0,0.0,0.0,,,0.0,0.4,2.3,3.4,2230,2335.0,-0.2,0.7,223,RS転換0日目 / 高値圏かつ未過熱 / MA上昇配列 / パーフェクトオーダー
2121,ＭＩＸＩ,情報・通信業,22.5,22.5,1,258,★☆☆☆☆,0.0,7.5,36,-12.8,0.0,4.3,0.0,10.7,0.0,0.0,0.0,,,0.0,12.9,2.3,9.2,3430,3595.0,1.8,0.6,1547,高値圏かつ未過熱 / 買い出来高優勢 / MA上昇配列 / パーフェクトオーダー
8131,ミツウロコグループホールディングス,卸売業,22.5,22.5,1,259,★☆☆☆☆,0.0,4.0,-1,-9.1,0.0,4.0,0.0,10.0,0.0,4.5,0.0,,,0.0,-1.5,2.8,6.3,2137,2264.0,3.5,1.6,111,25MA上抜け8日目 / MA上昇配列 / 開示[自己株式の取得](3日前) / 開示[自己株式の取得](4日前)
7296,エフ・シー・シー,輸送用機器,22.5,22.5,1,260,★☆☆☆☆,0.0,7.5,32,-13.4,0.0,5.3,0.0,9.7,0.0,0.0,0.0,,,0.0,3.4,2.0,4.2,4012,4175.0,0.1,0.6,651,高値圏かつ未過熱 / 買い出来高優勢 / 資金流入増 / MA上昇配列 / パーフェクトオーダー / 52週高値目前
5975,東プレ,金属製品,22.5,22.5,1,261,★☆☆☆☆,0.0,9.0,29,-8.1,0.0,4.0,0.0,9.5,0.0,0.0,0.0,,,0.0,8.5,3.4,6.4,2993,3210.0,1.3,0.5,492,高値圏かつ未過熱 / 資金流入増 / MA上昇配列 / パーフェクトオーダー
7504,高速,卸売業,22.4,22.4,1,262,★☆☆☆☆,0.0,7.5,46,-24.6,0.0,3.0,0.0,9.5,0.0,2.4,0.0,,,0.0,8.7,4.6,4.4,4338,4775.0,-3.5,1.3,508,高値圏かつ未過熱 / 資金流入増 / MA上昇配列 / パーフェクトオーダー / 開示[自己株式の取得](3日前)
6231,木村工機,機械,22.4,22.400000000000002,1,263,★☆☆☆☆,0.0,10.0,7,1.2,0.0,3.3,0.0,5.5,0.0,3.6,0.0,,,0.0,5.8,4.3,3.1,11957,13090.0,-1.3,0.6,181,RS転換7日目 / 買い出来高優勢 / MA上昇配列 / 開示[自己株式の取得](5日前) / 開示[自己株式の取得](6日前)
215A,タイミー,サービス業,22.3,22.3,1,264,★☆☆☆☆,0.0,7.0,14,1.6,0.0,5.3,0.0,10.0,0.0,0.0,0.0,,,0.0,20.5,3.4,14.5,1694,1818.0,8.9,1.5,2213,買い出来高優勢 / MA上昇配列 / パーフェクトオーダー
6440,ＪＵＫＩ,機械,22.3,22.3,1,265,★☆☆☆☆,0.0,9.0,29,17.4,0.0,5.3,0.0,8.0,0.0,0.0,0.0,,,0.0,30.7,4.4,14.3,636,697.0,15.6,0.7,322,RS加速+17.4 / 買い出来高優勢 / 資金流入増 / MA上昇配列
4392,ＦＩＧ,情報・通信業,22.3,22.3,1,266,★☆☆☆☆,0.0,10.0,3,26.2,0.0,6.3,0.0,6.0,0.0,0.0,0.0,,,0.0,32.1,12.8,12.5,847,1139.0,0.6,1.3,7602,RS転換3日目 / RS加速+26.2 / 買い出来高優勢 / 資金流入増
8237,松屋,小売業,22.2,22.2,1,267,★☆☆☆☆,0.0,8.5,47,7.3,0.0,8.7,0.0,10.0,0.0,0.0,-5.0,,,0.0,50.2,6.0,26.9,2430,2762.0,13.0,2.0,1177,RS加速+7.3 / 出来高増2.0倍 / 買い出来高優勢 / 資金流入増 / MA上昇配列 / 過熱⚠25MA+27%
8065,佐藤商事,卸売業,22.2,22.2,1,268,★☆☆☆☆,0.0,9.0,28,-4.5,0.0,5.0,0.0,8.2,0.0,0.0,0.0,,,0.0,16.0,4.3,5.4,3389,3705.0,0.4,1.3,266,高値圏かつ未過熱 / 資金流入増 / MA上昇配列 / パーフェクトオーダー
4206,アイカ工業,化学,22.2,22.2,1,269,★☆☆☆☆,0.0,7.5,36,-10.3,0.0,5.0,0.0,9.7,0.0,0.0,0.0,,,0.0,1.9,1.7,3.4,3977,4115.0,0.9,1.6,1399,高値圏かつ未過熱 / MA上昇配列 / パーフェクトオーダー / 52週高値目前
5480,日本冶金工業,鉄鋼,22.2,22.2,1,270,★☆☆☆☆,0.0,7.5,42,-1.8,0.0,4.0,0.0,10.7,0.0,0.0,0.0,,,0.0,3.4,2.2,5.1,5336,5580.0,5.7,1.2,505,高値圏かつ未過熱 / MA上昇配列 / パーフェクトオーダー
6668,アドテック　プラズマ　テクノロジー,電気機器,22.0,22.0,1,271,★☆☆☆☆,0.0,13.0,8,51.1,0.0,2.0,0.0,12.0,0.0,0.0,-5.0,,,0.0,55.6,6.0,20.5,3674,4180.0,21.9,0.6,474,RS転換8日目 / RS加速+51.1 / MA上昇配列 / パーフェクトオーダー / 過熱⚠25MA+21%
2175,エス・エム・エス,サービス業,22.0,22.0,1,272,★☆☆☆☆,0.0,10.0,0,6.4,0.0,2.0,0.0,10.0,0.0,0.0,0.0,,,0.0,6.3,2.8,6.4,2325,2462.0,4.1,0.9,1157,RS転換0日目 / RS加速+6.4 / MA上昇配列 / パーフェクトオーダー
6834,精工技研,電気機器,22.0,16.0,2,273,★☆☆☆☆,0.0,9.0,12,31.8,0.0,1.0,0.0,6.0,0.0,0.0,0.0,,,0.0,53.2,8.7,14.0,4296,5200.0,4.8,0.5,7031,RS加速+31.8
5186,ニッタ,ゴム製品,22.0,22.0,1,274,★☆☆☆☆,0.0,14.0,7,-0.4,0.0,1.0,0.0,7.0,0.0,0.0,0.0,,,0.0,1.6,3.0,0.9,6327,6730.0,2.6,0.6,374,RS転換7日目 / 25MA上抜け3日目 / 高値圏かつ未過熱 / MA上昇配列 / パーフェクトオーダー
1723,日本電技,建設業,22.0,22.0,1,275,★☆☆☆☆,0.0,14.0,1,11.2,0.0,2.0,0.0,6.0,0.0,0.0,0.0,,,0.0,6.3,4.0,6.5,2156,2343.0,13.1,0.9,526,RS転換1日目 / RS加速+11.2 / 25MA上抜け2日目
6330,東洋エンジニアリング,建設業,22.0,22.0,1,276,★☆☆☆☆,0.0,9.0,27,17.4,0.0,10.0,0.0,8.0,0.0,0.0,-5.0,,,0.0,39.7,8.2,23.2,2327,2781.0,19.5,3.6,11610,RS加速+17.4 / 出来高急増3.6倍 / 買い出来高優勢 / 資金流入増 / MA上昇配列 / 過熱⚠25MA+23%
7513,コジマ,小売業,22.0,22.0,1,277,★☆☆☆☆,0.0,4.0,-1,-19.6,0.0,4.3,0.0,12.0,0.0,1.7,0.0,,,0.0,-8.5,2.6,0.7,1313,1384.0,-4.9,2.8,625,25MA上抜け8日目 / 出来高増2.8倍 / MA上昇配列 / パーフェクトオーダー / 開示[自己株式の取得](6日前)
8084,ＲＹＯＤＥＮ,卸売業,22.0,22.0,1,278,★☆☆☆☆,0.0,9.0,29,-17.6,0.0,2.0,0.0,11.0,0.0,0.0,0.0,,,0.0,6.1,2.8,5.7,4516,4785.0,-0.4,0.4,308,高値圏かつ未過熱 / MA上昇配列 / パーフェクトオーダー / 52週高値目前
8061,西華産業,卸売業,22.0,22.0,1,279,★☆☆☆☆,0.0,13.0,26,8.2,0.0,2.0,0.0,7.0,0.0,0.0,0.0,,,0.0,17.8,3.5,7.0,2899,3120.0,5.4,0.5,600,RS加速+8.2 / 高値圏かつ未過熱
6366,千代田化工建設,建設業,22.0,22.0,1,280,★☆☆☆☆,0.0,14.0,1,10.1,0.0,2.0,0.0,6.0,0.0,0.0,0.0,,,0.0,9.4,3.5,5.9,687,738.0,6.0,1.3,1465,RS転換1日目 / RS加速+10.1 / 25MA上抜け6日目
6986,双葉電子工業,電気機器,22.0,22.0,1,281,★☆☆☆☆,0.0,10.0,29,5.0,0.0,6.3,0.0,8.7,0.0,0.0,-3.0,,,0.0,26.2,3.8,19.1,724,784.0,9.8,1.6,271,RS加速+5.0 / 買い出来高優勢 / MA上昇配列 / 伸びすぎ注意(25MA+19%)
3156,レスター,卸売業,22.0,22.0,1,282,★☆☆☆☆,0.0,9.0,21,-16.8,0.0,1.0,0.0,12.0,0.0,0.0,0.0,,,0.0,18.3,6.0,11.9,4529,5150.0,8.3,0.8,734,高値圏かつ未過熱 / MA上昇配列 / パーフェクトオーダー
7287,日本精機,輸送用機器,22.0,22.0,1,283,★☆☆☆☆,0.0,9.0,24,-3.0,0.0,1.0,0.0,12.0,0.0,0.0,0.0,,,0.0,6.8,3.4,5.9,2523,2704.0,4.0,1.0,464,高値圏かつ未過熱 / MA上昇配列 / パーフェクトオーダー
6203,豊和工業,機械,22.0,22.0,1,284,★☆☆☆☆,0.0,14.0,7,7.1,0.0,2.0,0.0,6.0,0.0,0.0,0.0,,,0.0,8.0,3.2,7.0,1460,1559.0,7.8,1.1,290,RS転換7日目 / RS加速+7.1 / 25MA上抜け6日目
3612,ワールド,繊維製品,21.8,21.8,1,285,★☆☆☆☆,0.0,2.0,-1,-11.1,0.0,6.3,0.0,13.5,0.0,0.0,0.0,,,0.0,-4.8,1.5,3.0,1606,1656.0,0.3,2.8,933,出来高増2.8倍 / 資金流入増 / MA上昇配列 / パーフェクトオーダー / 52週高値目前
6381,アネスト岩田,機械,21.8,21.8,1,286,★☆☆☆☆,0.0,7.5,42,-9.0,0.0,3.3,0.0,11.0,0.0,0.0,0.0,,,0.0,1.9,1.8,3.8,1893,1966.0,0.8,1.2,195,高値圏かつ未過熱 / 買い出来高優勢 / MA上昇配列 / パーフェクトオーダー / 52週高値目前
9052,山陽電気鉄道,陸運業,21.7,21.7,1,287,★☆☆☆☆,0.0,4.0,-1,-10.7,0.0,8.7,0.0,9.0,0.0,0.0,0.0,,,0.0,-8.0,1.2,1.5,1981,2031.0,0.0,4.2,117,25MA上抜け9日目 / 出来高急増4.2倍 / 資金流入増 / MA上昇配列
4668,明光ネットワークジャパン,サービス業,21.7,21.7,1,288,★☆☆☆☆,0.0,4.0,-1,-8.7,0.0,6.7,0.0,11.0,0.0,0.0,0.0,,,0.0,-8.2,1.1,0.8,755,772.0,1.4,3.5,128,25MA上抜け4日目 / 出来高急増3.5倍 / 資金流入増 / MA上昇配列 / パーフェクトオーダー / 52週高値目前
3276,ＪＰＭＣ,不動産業,21.7,21.7,1,289,★☆☆☆☆,0.0,7.5,36,-9.5,0.0,3.0,0.0,11.2,0.0,0.0,0.0,,,0.0,15.4,0.1,5.9,2246,2249.0,0.2,0.5,747,高値圏かつ未過熱 / 資金流入増 / MA上昇配列 / パーフェクトオーダー / 52週高値ブレイク!
6433,ヒーハイスト,機械,21.7,21.7,1,290,★☆☆☆☆,0.0,14.0,6,32.8,0.0,8.0,0.0,4.7,0.0,0.0,-5.0,,,0.0,35.8,5.8,22.3,1063,1201.0,16.0,5.3,175,RS転換6日目 / RS加速+32.8 / 25MA上抜け10日目 / 出来高急増5.3倍 / 買い出来高優勢 / 過熱⚠25MA+22%
7832,バンダイナムコホールディングス,その他製品,21.5,21.5,1,291,★☆☆☆☆,0.0,7.5,36,-21.9,0.0,3.0,0.0,11.0,0.0,0.0,0.0,,,0.0,12.7,3.1,11.5,5336,5687.0,3.7,0.7,16688,高値圏かつ未過熱 / MA上昇配列 / パーフェクトオーダー / 52週高値目前
8043,スターゼン,卸売業,21.5,21.5,1,292,★☆☆☆☆,0.0,7.5,36,-12.6,0.0,3.0,0.0,11.0,0.0,0.0,0.0,,,0.0,5.3,2.3,8.6,1483,1554.0,2.2,0.8,234,高値圏かつ未過熱 / MA上昇配列 / パーフェクトオーダー / 52週高値目前 / RSI過熱(85)⚠
8354,ふくおかフィナンシャルグループ,銀行業,21.5,21.5,1,293,★☆☆☆☆,0.0,6.0,-1,0.5,0.0,2.0,0.0,13.5,0.0,0.0,0.0,,,0.0,-0.2,2.6,3.6,7432,7846.0,3.7,0.8,5114,25MA上抜け5日目 / MA上昇配列 / パーフェクトオーダー / 52週高値目前
8919,カチタス,不動産業,21.5,21.5,1,294,★☆☆☆☆,0.0,7.5,31,-13.5,0.0,4.3,0.0,9.7,0.0,0.0,0.0,,,0.0,5.6,3.6,8.9,3560,3835.0,0.8,0.9,852,高値圏かつ未過熱 / 買い出来高優勢 / MA上昇配列 / パーフェクトオーダー
2353,日本駐車場開発,不動産業,21.5,21.5,1,295,★☆☆☆☆,0.0,12.0,0,-9.6,0.0,2.0,0.0,7.5,0.0,0.0,0.0,,,0.0,0.1,1.7,5.4,264,273.0,1.5,0.7,539,RS転換0日目 / 高値圏かつ未過熱 / MA上昇配列 / RSI過熱(93)⚠
7246,プレス工業,輸送用機器,21.5,21.5,1,296,★☆☆☆☆,0.0,7.5,31,-9.0,0.0,3.0,0.0,11.0,0.0,0.0,0.0,,,0.0,8.7,1.7,6.6,963,997.0,1.3,0.6,369,高値圏かつ未過熱 / MA上昇配列 / パーフェクトオーダー / 52週高値目前
6998,日本タングステン,電気機器,21.5,21.5,1,297,★☆☆☆☆,0.0,9.0,17,-1.1,0.0,5.3,0.0,7.2,0.0,0.0,0.0,,,0.0,64.6,6.8,14.6,2689,3110.0,-2.2,0.3,492,高値圏かつ未過熱 / 買い出来高優勢 / 資金流入増 / MA上昇配列 / パーフェクトオーダー
7637,白銅,卸売業,21.5,21.5,1,298,★☆☆☆☆,0.0,9.0,25,-2.1,0.0,3.0,0.0,9.5,0.0,0.0,0.0,,,0.0,5.8,4.8,2.7,3396,3755.0,1.1,0.6,214,高値圏かつ未過熱 / MA上昇配列 / パーフェクトオーダー
6085,アーキテクツ・スタジオ・ジャパン,サービス業,21.4,21.4,1,299,★☆☆☆☆,0.0,14.0,5,139.5,0.0,7.7,0.0,4.7,0.0,0.0,-5.0,,,0.0,142.7,12.9,104.3,167,225.0,84.4,2.2,1772,RS転換5日目 / RS加速+139.5 / 25MA上抜け5日目 / 出来高増2.2倍 / 買い出来高優勢 / 過熱⚠25MA+104%
3103,ユニチカ,繊維製品,21.3,21.3,1,300,★☆☆☆☆,0.0,9.0,16,51.5,0.0,7.3,0.0,10.0,0.0,0.0,-5.0,,,0.0,110.5,10.2,38.7,1340,1686.0,19.6,1.8,28401,RS加速+51.5 / 買い出来高優勢 / 資金流入増 / MA上昇配列 / パーフェクトオーダー / 過熱⚠25MA+39%
5121,藤倉コンポジット,ゴム製品,21.3,21.3,1,301,★☆☆☆☆,0.0,11.0,29,-8.5,0.0,3.3,0.0,7.0,0.0,0.0,0.0,,,0.0,2.4,2.9,1.4,2538,2693.0,-1.9,0.5,272,25MA上抜け0日目 / 高値圏かつ未過熱 / 買い出来高優勢 / MA上昇配列 / パーフェクトオーダー
3915,テラスカイ,情報・通信業,21.3,21.3,1,302,★☆☆☆☆,0.0,10.0,10,1.0,0.0,5.3,0.0,6.0,0.0,0.0,0.0,,,0.0,12.1,4.3,7.2,2192,2399.0,2.2,2.5,270,RS転換10日目 / 出来高増2.5倍
8897,ＭＩＲＡＲＴＨホールディングス,不動産業,21.2,21.2,1,303,★☆☆☆☆,0.0,7.5,32,-7.8,0.0,4.0,0.0,9.7,0.0,0.0,0.0,,,0.0,4.0,2.1,6.0,443,462.0,1.1,1.4,577,高値圏かつ未過熱 / 資金流入増 / MA上昇配列 / パーフェクトオーダー
9107,川崎汽船,海運業,21.2,21.2,1,304,★☆☆☆☆,0.0,7.5,31,-11.8,0.0,3.0,0.0,10.7,0.0,0.0,0.0,,,0.0,10.9,3.2,11.8,3164,3382.0,-0.7,0.7,18617,高値圏かつ未過熱 / MA上昇配列 / パーフェクトオーダー
9104,商船三井,海運業,21.2,21.2,1,305,★☆☆☆☆,0.0,7.5,31,-13.9,0.0,3.0,0.0,10.7,0.0,0.0,0.0,,,0.0,12.3,3.0,10.2,6668,7096.0,-2.5,0.7,23930,高値圏かつ未過熱 / MA上昇配列 / パーフェクトオーダー
4570,免疫生物研究所,医薬品,21.2,21.2,1,306,★☆☆☆☆,0.0,7.5,33,5.6,0.0,7.7,0.0,6.0,0.0,0.0,0.0,,,0.0,15.0,5.3,10.5,993,1110.0,2.8,2.1,148,RS加速+5.6 / 出来高増2.1倍 / 買い出来高優勢
4968,荒川化学工業,化学,21.2,21.2,1,307,★☆☆☆☆,0.0,12.0,8,11.0,0.0,2.0,0.0,7.2,0.0,0.0,0.0,,,0.0,19.0,5.9,0.8,1928,2186.0,-1.3,0.5,805,RS転換8日目 / RS加速+11.0 / MA上昇配列 / パーフェクトオーダー
6146,ディスコ,機械,21.1,21.099999999999998,1,308,★☆☆☆☆,0.0,10.0,2,18.1,8.4,0.0,0.0,2.7,0.0,0.0,0.0,,,0.0,7.1,4.9,-2.0,53514,59350.0,-3.3,0.6,97598,RS転換2日目 / RS加速+18.1 / HBM・後工程(+1.2%)
7354,ダイレクトマーケティングミックス,サービス業,21.0,21.0,1,309,★☆☆☆☆,0.0,10.0,7,-8.3,0.0,1.0,0.0,10.0,0.0,0.0,0.0,,,0.0,1.9,4.7,6.8,344,379.0,0.0,0.7,125,RS転換7日目 / 25MA上抜け8日目 / MA上昇配列 / パーフェクトオーダー
7272,ヤマハ発動機,輸送用機器,21.0,21.0,1,310,★☆☆☆☆,0.0,7.5,33,-18.9,0.0,4.0,0.0,9.5,0.0,0.0,0.0,,,0.0,31.2,3.2,10.7,1801,1924.5,-0.8,0.8,18549,高値圏かつ未過熱 / 資金流入増 / MA上昇配列 / パーフェクトオーダー
7794,イーディーピー,その他製品,21.0,21.0,1,311,★☆☆☆☆,0.0,14.0,3,14.2,0.0,1.0,0.0,6.0,0.0,0.0,0.0,,,0.0,13.0,5.4,7.1,881,987.0,5.6,0.8,393,RS転換3日目 / RS加速+14.2 / 25MA上抜け10日目
4058,トヨクモ,情報・通信業,21.0,21.0,1,312,★☆☆☆☆,0.0,8.0,0,-18.0,0.0,5.0,0.0,8.0,0.0,0.0,0.0,,,0.0,2.9,4.4,9.3,2366,2594.0,5.3,1.7,126,RS転換0日目 / 資金流入増 / MA上昇配列
8158,ソーダニッカ,卸売業,21.0,21.0,1,313,★☆☆☆☆,0.0,7.5,33,-6.6,0.0,5.3,0.0,8.2,0.0,0.0,0.0,,,0.0,5.8,2.6,3.7,1254,1324.0,-0.9,0.5,109,高値圏かつ未過熱 / 買い出来高優勢 / 資金流入増 / MA上昇配列 / パーフェクトオーダー
4418,ＪＤＳＣ,情報・通信業,21.0,21.0,1,314,★☆☆☆☆,0.0,14.0,8,15.0,0.0,5.3,0.0,6.7,0.0,0.0,-5.0,,,0.0,43.6,5.9,27.9,1003,1138.0,9.1,1.3,306,RS転換8日目 / RS加速+15.0 / 25MA上抜け10日目 / 買い出来高優勢 / MA上昇配列 / 過熱⚠25MA+28%
7810,クロスフォー,その他製品,21.0,21.0,1,315,★☆☆☆☆,0.0,14.0,2,15.4,0.0,5.3,0.0,4.7,0.0,0.0,-3.0,,,0.0,11.8,5.4,15.1,155,174.0,19.2,0.8,336,RS転換2日目 / RS加速+15.4 / 25MA上抜け2日目 / 買い出来高優勢 / 資金流入増 / 伸びすぎ注意(25MA+15%)
3036,アルコニックス,卸売業,21.0,21.0,1,316,★☆☆☆☆,0.0,7.5,42,-2.9,0.0,5.3,0.0,8.2,0.0,0.0,0.0,,,0.0,29.9,4.2,10.0,3234,3530.0,2.9,0.8,753,高値圏かつ未過熱 / 買い出来高優勢 / 資金流入増 / MA上昇配列 / パーフェクトオーダー
4377,ワンキャリア,情報・通信業,21.0,21.0,1,317,★☆☆☆☆,0.0,9.0,10,-5.9,0.0,5.0,0.0,10.0,0.0,0.0,-3.0,,,0.0,17.3,4.6,17.0,2405,2649.0,8.4,1.5,281,RS転換10日目 / 資金流入増 / MA上昇配列 / 伸びすぎ注意(25MA+17%)
4443,Ｓａｎｓａｎ,情報・通信業,21.0,21.0,1,318,★☆☆☆☆,0.0,8.0,0,-18.9,0.0,3.0,0.0,10.0,0.0,0.0,0.0,,,0.0,7.6,4.6,14.1,2101,2315.0,3.8,1.4,2386,RS転換0日目 / MA上昇配列 / パーフェクトオーダー
8074,ＹＵＡＳＡ,卸売業,21.0,21.0,1,319,★☆☆☆☆,0.0,7.5,32,-6.2,0.0,2.0,0.0,11.5,0.0,0.0,0.0,,,0.0,3.5,2.3,7.9,6140,6440.0,5.2,0.8,213,高値圏かつ未過熱 / MA上昇配列 / 52週高値目前
9467,アルファポリス,情報・通信業,21.0,21.0,1,320,★☆☆☆☆,0.0,10.0,9,-20.1,0.0,3.0,0.0,8.0,0.0,0.0,0.0,,,0.0,1.9,4.4,7.0,1078,1181.0,-3.6,0.4,215,RS転換9日目 / 25MA上抜け9日目 / 資金流入増 / MA上昇配列
3923,ラクス,情報・通信業,21.0,21.0,1,321,★☆☆☆☆,0.0,8.0,0,-15.4,0.0,3.0,0.0,10.0,0.0,0.0,0.0,,,0.0,1.2,4.5,8.6,1072,1176.5,5.7,1.8,2178,RS転換0日目 / MA上昇配列 / パーフェクトオーダー
2334,イオレ,サービス業,21.0,21.0,1,322,★☆☆☆☆,0.0,14.0,3,18.8,0.0,1.0,0.0,6.0,0.0,0.0,0.0,,,0.0,20.8,5.8,10.6,507,574.0,13.0,0.8,643,RS転換3日目 / RS加速+18.8 / 25MA上抜け3日目
8935,ＦＪネクストホールディングス,不動産業,21.0,21.0,1,323,★☆☆☆☆,0.0,7.5,33,-6.6,0.0,1.0,0.0,12.5,0.0,0.0,0.0,,,0.0,4.4,2.1,5.6,1984,2073.0,1.7,0.8,132,高値圏かつ未過熱 / MA上昇配列 / パーフェクトオーダー / 52週高値ブレイク!
5038,ｅＷｅＬＬ,情報・通信業,20.8,20.8,1,324,★☆☆☆☆,0.0,10.0,0,-8.4,0.0,5.3,0.0,5.5,0.0,0.0,0.0,,,0.0,2.3,5.3,8.4,2080,2329.0,3.2,2.6,101,RS転換0日目 / 25MA上抜け0日目 / 出来高増2.6倍 / MA上昇配列
4401,ＡＤＥＫＡ,化学,20.8,20.8,1,325,★☆☆☆☆,0.0,9.5,36,0.3,0.0,4.3,0.0,7.0,0.0,0.0,0.0,,,0.0,11.5,2.6,5.4,4375,4618.0,1.0,0.3,2422,高値圏かつ未過熱 / 買い出来高優勢 / MA上昇配列 / パーフェクトオーダー
8273,イズミ,小売業,20.7,20.7,1,326,★☆☆☆☆,0.0,4.0,-1,-12.3,0.0,7.7,0.0,9.0,0.0,0.0,0.0,,,0.0,-6.2,2.0,3.4,1001,1043.0,2.0,2.1,863,25MA上抜け8日目 / 出来高増2.1倍 / 買い出来高優勢 / MA上昇配列
8929,青山財産ネットワークス,不動産業,20.7,20.7,1,327,★☆☆☆☆,0.0,10.0,7,-1.8,0.0,4.0,0.0,6.7,0.0,0.0,0.0,,,0.0,3.8,2.1,9.8,1369,1429.0,6.8,1.5,105,RS転換7日目 / 25MA上抜け10日目 / MA上昇配列
6522,アスタリスク,電気機器,20.7,20.7,1,328,★☆☆☆☆,0.0,9.0,11,24.7,0.0,6.7,0.0,10.0,0.0,0.0,-5.0,,,0.0,48.5,8.9,25.0,1918,2335.0,16.3,2.1,3851,RS加速+24.7 / 出来高増2.1倍 / 買い出来高優勢 / MA上昇配列 / パーフェクトオーダー / 過熱⚠25MA+25%
7550,ゼンショーホールディングス,小売業,20.7,20.7,1,329,★☆☆☆☆,0.0,7.5,39,-17.0,0.0,2.0,0.0,11.2,0.0,0.0,0.0,,,0.0,10.3,3.2,10.3,11242,12000.0,4.5,0.8,6506,高値圏かつ未過熱 / MA上昇配列 / パーフェクトオーダー / 52週高値ブレイク!
6376,日機装,精密機器,20.7,20.7,1,330,★☆☆☆☆,0.0,10.0,0,14.4,0.0,2.0,0.0,8.7,0.0,0.0,0.0,,,0.0,1.6,6.8,1.7,3314,3840.0,11.3,1.4,2558,RS転換0日目 / RS加速+14.4 / MA上昇配列 / パーフェクトオーダー
6524,湖北工業,電気機器,20.7,20.7,1,331,★☆☆☆☆,0.0,14.0,5,10.8,0.0,2.0,0.0,4.7,0.0,0.0,0.0,,,0.0,12.9,5.7,5.7,4386,4955.0,6.3,0.8,1352,RS転換5日目 / RS加速+10.8 / 25MA上抜け6日目
367A,プリモグローバルホールディングス,小売業,20.7,20.7,1,332,★☆☆☆☆,0.0,12.0,0,-4.4,0.0,2.0,0.0,6.7,0.0,0.0,0.0,,,0.0,1.3,2.0,4.1,2707,2821.0,3.6,1.8,153,RS転換0日目 / 高値圏かつ未過熱
7803,ブシロード,その他製品,20.5,20.5,1,333,★☆☆☆☆,0.0,8.0,0,-5.5,0.0,4.0,0.0,8.5,0.0,0.0,0.0,,,0.0,5.3,4.8,11.1,396,438.0,9.2,1.9,558,RS転換0日目 / MA上昇配列 / パーフェクトオーダー
6016,ジャパンエンジンコーポレーション,輸送用機器,20.5,20.5,1,334,★☆☆☆☆,0.0,7.5,31,9.2,0.0,5.0,0.0,8.0,0.0,0.0,0.0,,,0.0,17.7,5.6,14.9,9944,11200.0,16.2,1.6,1306,RS加速+9.2 / MA上昇配列
2146,ＵＴグループ,サービス業,20.5,20.5,1,335,★☆☆☆☆,0.0,7.5,33,-9.3,0.0,4.3,0.0,8.7,0.0,0.0,0.0,,,0.0,20.4,4.5,13.0,214,235.0,1.7,0.5,1771,高値圏かつ未過熱 / 買い出来高優勢 / MA上昇配列
5246,ＥＬＥＭＥＮＴＳ,情報・通信業,20.5,20.5,1,336,★☆☆☆☆,0.0,7.5,39,8.5,0.0,3.0,0.0,10.0,0.0,0.0,0.0,,,0.0,19.6,4.6,13.3,839,924.0,8.3,1.3,407,RS加速+8.5 / MA上昇配列 / パーフェクトオーダー
8304,あおぞら銀行,銀行業,20.5,20.5,1,337,★☆☆☆☆,0.0,7.5,39,-4.0,0.0,2.0,0.0,11.0,0.0,0.0,0.0,,,0.0,5.1,2.5,5.2,3255,3429.0,4.4,0.8,5368,高値圏かつ未過熱 / MA上昇配列 / パーフェクトオーダー / 52週高値目前
8050,セイコーグループ,精密機器,20.5,20.5,1,338,★☆☆☆☆,0.0,10.0,20,9.0,0.0,4.0,0.0,9.5,0.0,0.0,-3.0,,,0.0,48.9,5.9,16.1,9999,11340.0,7.7,1.2,5953,RS加速+9.0 / 資金流入増 / MA上昇配列 / パーフェクトオーダー / 伸びすぎ注意(25MA+16%)
8070,東京産業,卸売業,20.5,20.5,1,339,★☆☆☆☆,0.0,7.5,33,-3.4,0.0,5.3,0.0,7.7,0.0,0.0,0.0,,,0.0,7.5,2.8,8.2,905,959.0,2.2,1.0,131,高値圏かつ未過熱 / 買い出来高優勢 / 資金流入増 / MA上昇配列
8570,イオンフィナンシャルサービス,その他金融業,20.5,20.5,1,340,★☆☆☆☆,0.0,7.5,32,-8.1,0.0,3.0,0.0,10.0,0.0,0.0,0.0,,,0.0,1.8,2.0,4.9,1616,1683.0,-0.4,1.6,993,高値圏かつ未過熱 / MA上昇配列
5851,リョービ,非鉄金属,20.5,20.5,1,341,★☆☆☆☆,0.0,9.0,24,-10.2,0.0,3.3,0.0,8.2,0.0,0.0,0.0,,,0.0,1.1,2.1,2.5,2659,2776.0,-0.7,0.8,375,高値圏かつ未過熱 / 買い出来高優勢 / MA上昇配列 / パーフェクトオーダー
6737,ＥＩＺＯ,電気機器,20.5,20.5,1,342,★☆☆☆☆,0.0,7.5,33,-0.8,0.0,2.0,0.0,11.0,0.0,0.0,0.0,,,0.0,9.1,2.2,6.5,3003,3140.0,4.5,0.8,616,高値圏かつ未過熱 / MA上昇配列 / パーフェクトオーダー / 52週高値目前
2737,トーメンデバイス,卸売業,20.5,20.5,1,343,★☆☆☆☆,0.0,10.0,20,7.9,0.0,4.0,0.0,9.5,0.0,0.0,-3.0,,,0.0,79.0,7.0,17.0,27447,31950.0,12.7,0.4,4968,RS加速+7.9 / 資金流入増 / MA上昇配列 / パーフェクトオーダー / 伸びすぎ注意(25MA+17%)
2664,カワチ薬品,小売業,20.5,20.5,1,344,★☆☆☆☆,0.0,9.0,24,-13.7,0.0,2.0,0.0,9.5,0.0,0.0,0.0,,,0.0,1.3,2.3,2.8,3536,3710.0,-2.0,0.9,377,高値圏かつ未過熱 / MA上昇配列 / パーフェクトオーダー
4746,東計電算,情報・通信業,20.5,20.5,1,345,★☆☆☆☆,0.0,7.5,42,-9.5,0.0,2.0,0.0,11.0,0.0,0.0,0.0,,,0.0,29.9,2.3,12.3,6524,6840.0,2.5,0.5,674,高値圏かつ未過熱 / 資金流入増 / MA上昇配列 / パーフェクトオーダー / 52週高値目前
8713,フィデアホールディングス,銀行業,20.5,20.5,1,346,★☆☆☆☆,0.0,4.5,32,-3.8,0.0,5.3,0.0,13.7,0.0,0.0,-3.0,,,0.0,26.8,3.8,16.6,2662,2878.0,5.0,0.8,299,買い出来高優勢 / 資金流入増 / MA上昇配列 / パーフェクトオーダー / 52週高値ブレイク! / 伸びすぎ注意(25MA+17%)
2108,日本甜菜製糖,食料品,20.4,20.4,1,347,★☆☆☆☆,0.0,2.0,-1,-20.0,0.0,5.0,0.0,9.5,0.0,3.9,0.0,,,0.0,-1.5,3.5,1.5,5036,5410.0,-6.9,1.7,198,MA上昇配列 / パーフェクトオーダー / 開示[自己株式の取得](7日前) / 開示[株式分割](7日前)
4107,伊勢化学工業,化学,20.4,20.4,1,348,★☆☆☆☆,0.0,12.0,9,9.0,0.0,6.7,0.0,4.7,0.0,0.0,-3.0,,,0.0,19.6,3.5,15.3,4034,4340.0,11.1,2.3,1059,RS転換9日目 / RS加速+9.0 / 出来高増2.3倍 / 買い出来高優勢 / 伸びすぎ注意(25MA+15%)
5714,ＤＯＷＡホールディングス,非鉄金属,20.3,20.3,1,349,★☆☆☆☆,0.0,9.0,16,3.7,0.0,4.3,0.0,7.0,0.0,0.0,0.0,,,0.0,22.8,3.8,13.0,9601,10395.0,2.7,0.6,6198,RS加速+3.7 / 買い出来高優勢
5185,フコク,ゴム製品,20.3,20.3,1,350,★☆☆☆☆,0.0,7.5,32,-8.4,0.0,5.3,0.0,7.5,0.0,0.0,0.0,,,0.0,3.0,1.6,4.5,2000,2067.0,0.8,0.5,144,高値圏かつ未過熱 / 買い出来高優勢 / 資金流入増 / MA上昇配列
287A,黒田グループ,卸売業,20.3,20.3,1,351,★☆☆☆☆,0.0,7.5,36,-4.8,0.0,3.3,0.0,9.5,0.0,0.0,0.0,,,0.0,3.4,2.4,3.7,1142,1198.0,1.4,0.5,575,高値圏かつ未過熱 / 買い出来高優勢 / MA上昇配列 / パーフェクトオーダー
6752,パナソニック　ホールディングス,電気機器,20.2,20.2,1,352,★☆☆☆☆,0.0,13.0,13,8.1,0.0,0.0,0.0,7.2,0.0,0.0,0.0,,,0.0,15.8,3.8,3.1,4076,4414.0,2.6,0.8,38412,RS加速+8.1 / 高値圏かつ未過熱 / MA上昇配列 / パーフェクトオーダー
9101,日本郵船,海運業,20.2,20.2,1,353,★☆☆☆☆,0.0,7.5,31,-13.4,0.0,2.0,0.0,10.7,0.0,0.0,0.0,,,0.0,9.3,2.7,10.9,6732,7115.0,0.2,0.8,23868,高値圏かつ未過熱 / MA上昇配列 / パーフェクトオーダー
3350,メタプラネット,卸売業,20.1,20.1,1,354,★☆☆☆☆,0.0,14.0,5,19.2,0.0,6.3,0.0,4.7,0.0,0.1,-5.0,,,0.0,47.8,7.9,40.2,291,346.0,13.1,2.7,9783,RS転換5日目 / RS加速+19.2 / 25MA上抜け6日目 / 出来高増2.7倍 / 資金流入増 / 過熱⚠25MA+40% / 開示[子会社化](13日前)
7716,ナカニシ,精密機器,20.1,20.099999999999998,1,355,★☆☆☆☆,0.0,4.0,-1,-1.4,0.0,7.7,0.0,8.2,0.0,0.2,0.0,,,0.0,-1.4,3.5,0.8,2954,3175.0,4.8,2.2,982,25MA上抜け3日目 / 出来高増2.2倍 / 買い出来高優勢 / MA上昇配列 / パーフェクトオーダー / 開示[自己株式の取得](13日前)
5122,オカモト,ゴム製品,20.0,20.0,1,356,★☆☆☆☆,0.0,9.0,29,-19.6,0.0,4.0,0.0,7.0,0.0,0.0,0.0,,,0.0,1.9,3.6,2.9,5949,6410.0,-3.9,1.3,298,高値圏かつ未過熱 / 資金流入増 / MA上昇配列 / パーフェクトオーダー
6302,住友重機械工業,機械,20.0,20.0,1,357,★☆☆☆☆,0.0,11.0,30,-2.0,0.0,2.0,0.0,7.0,0.0,0.0,0.0,,,0.0,3.5,3.6,0.0,5261,5673.0,1.0,0.8,5632,25MA上抜け6日目 / 高値圏かつ未過熱 / MA上昇配列 / パーフェクトオーダー
4911,資生堂,化学,20.0,20.0,1,358,★☆☆☆☆,0.0,8.0,0,-14.9,0.0,2.0,0.0,10.0,0.0,0.0,0.0,,,0.0,4.7,3.3,8.5,3519,3766.0,1.9,0.5,11185,RS転換0日目 / MA上昇配列 / パーフェクトオーダー
4847,インテリジェント　ウェイブ,情報・通信業,20.0,20.0,1,359,★☆☆☆☆,0.0,6.5,32,0.7,0.0,4.0,0.0,12.5,0.0,0.0,-3.0,,,0.0,31.5,2.7,17.1,1322,1398.0,6.0,0.4,354,資金流入増 / MA上昇配列 / パーフェクトオーダー / 52週高値ブレイク! / RSI過熱(89)⚠ / 伸びすぎ注意(25MA+17%)
6613,ＱＤレーザ,電気機器,20.0,20.0,1,360,★☆☆☆☆,0.0,14.0,9,41.6,0.0,3.0,0.0,6.0,0.0,0.0,-3.0,,,0.0,62.0,9.5,18.4,1784,2203.0,4.9,1.2,7381,RS転換9日目 / RS加速+41.6 / 25MA上抜け9日目 / 伸びすぎ注意(25MA+18%)
4578,大塚ホールディングス,医薬品,20.0,20.0,1,361,★☆☆☆☆,0.0,12.0,0,-12.0,0.0,1.0,0.0,7.0,0.0,0.0,0.0,,,0.0,0.3,2.7,1.7,11505,12170.0,-0.2,0.8,16280,RS転換0日目 / 高値圏かつ未過熱 / MA上昇配列 / パーフェクトオーダー
6890,フェローテック,電気機器,20.0,20.0,1,362,★☆☆☆☆,0.0,12.0,3,30.2,0.0,1.0,0.0,7.0,0.0,0.0,0.0,,,0.0,26.7,5.5,9.9,8537,9600.0,11.9,1.0,13178,RS転換3日目 / RS加速+30.2
9888,ＵＥＸ,卸売業,20.0,20.0,1,363,★☆☆☆☆,0.0,7.5,36,-0.4,0.0,3.0,0.0,9.5,0.0,0.0,0.0,,,0.0,18.4,3.8,9.7,1177,1274.0,5.1,0.6,135,高値圏かつ未過熱 / 資金流入増 / MA上昇配列 / パーフェクトオーダー
6217,津田駒工業,機械,20.0,20.0,1,364,★☆☆☆☆,0.0,12.0,4,22.3,0.0,2.0,0.0,6.0,0.0,0.0,0.0,,,0.0,20.1,7.2,6.9,717,837.0,5.0,0.3,134,RS転換4日目 / RS加速+22.3
8032,日本紙パルプ商事,卸売業,20.0,20.0,1,365,★☆☆☆☆,0.0,7.5,32,-7.5,0.0,4.3,0.0,8.2,0.0,0.0,0.0,,,0.0,0.9,2.5,2.5,1155,1216.0,-0.4,1.0,305,高値圏かつ未過熱 / 買い出来高優勢 / MA上昇配列 / パーフェクトオーダー
3034,クオールホールディングス,小売業,20.0,20.0,1,366,★☆☆☆☆,0.0,7.5,35,-11.8,0.0,3.0,0.0,9.5,0.0,0.0,0.0,,,0.0,9.5,5.1,8.0,2268,2527.0,0.7,0.5,468,高値圏かつ未過熱 / MA上昇配列 / パーフェクトオーダー
2962,テクニスコ,金属製品,20.0,20.0,1,367,★☆☆☆☆,0.0,12.0,8,34.9,0.0,3.0,0.0,10.0,0.0,0.0,-5.0,,,0.0,50.7,10.6,25.8,1383,1754.0,13.2,1.4,700,RS転換8日目 / RS加速+34.9 / MA上昇配列 / パーフェクトオーダー / 過熱⚠25MA+26%
4082,第一稀元素化学工業,化学,20.0,20.0,1,368,★☆☆☆☆,0.0,9.0,14,51.3,0.0,10.0,0.0,6.0,0.0,0.0,-5.0,,,0.0,58.0,5.8,40.4,2502,2830.0,45.4,6.0,2914,RS加速+51.3 / 出来高急増6.0倍 / 買い出来高優勢 / 資金流入増 / 過熱⚠25MA+40%
3048,ビックカメラ,小売業,20.0,20.0,1,369,★☆☆☆☆,0.0,2.0,-1,-12.7,0.0,7.3,0.0,10.7,0.0,0.0,0.0,,,0.0,-7.3,1.7,3.0,1723,1784.0,1.0,2.3,2099,出来高増2.3倍 / 資金流入増 / MA上昇配列 / パーフェクトオーダー
5857,ＡＲＥホールディングス,非鉄金属,20.0,20.0,1,370,★☆☆☆☆,0.0,10.0,29,7.8,0.0,5.3,0.0,7.7,0.0,0.0,-3.0,,,0.0,32.1,4.0,18.4,3834,4165.0,6.5,1.5,3308,RS加速+7.8 / 買い出来高優勢 / MA上昇配列 / 伸びすぎ注意(25MA+18%)
7456,松田産業,卸売業,20.0,20.0,1,371,★☆☆☆☆,0.0,9.0,24,12.6,0.0,4.3,0.0,9.7,0.0,0.0,-3.0,,,0.0,34.3,5.0,16.0,6583,7320.0,7.6,0.9,1058,RS加速+12.6 / 買い出来高優勢 / MA上昇配列 / パーフェクトオーダー / 伸びすぎ注意(25MA+16%)
4052,フィーチャ,情報・通信業,20.0,20.0,1,372,★☆☆☆☆,0.0,7.5,32,77.3,0.0,10.0,0.0,7.5,0.0,0.0,-5.0,,,0.0,138.8,13.7,32.7,468,645.0,21.5,3.3,521,RS加速+77.3 / 出来高急増3.3倍 / 買い出来高優勢 / 資金流入増 / MA上昇配列 / パーフェクトオーダー / 過熱⚠25MA+33%
6379,レイズネクスト,建設業,20.0,20.0,1,373,★☆☆☆☆,0.0,7.5,40,-15.6,0.0,3.0,0.0,9.5,0.0,0.0,0.0,,,0.0,8.2,2.9,7.1,2920,3100.0,-2.5,0.7,658,高値圏かつ未過熱 / 資金流入増 / MA上昇配列 / パーフェクトオーダー
6871,日本マイクロニクス,電気機器,19.8,19.8,1,374,★☆☆☆☆,0.0,10.0,1,17.6,8.8,1.0,0.0,0.0,0.0,0.0,0.0,,,0.0,1.8,6.9,-6.6,11220,13020.0,-4.9,0.8,21133,RS転換1日目 / RS加速+17.6 / 半導体製造装置(+1.4%)
4475,ＨＥＮＮＧＥ,情報・通信業,19.8,19.8,1,375,★☆☆☆☆,0.0,7.5,39,15.8,0.0,7.3,0.0,10.0,0.0,0.0,-5.0,,,0.0,31.1,4.5,23.5,1626,1788.0,18.3,2.6,1055,RS加速+15.8 / 出来高増2.6倍 / 資金流入増 / MA上昇配列 / パーフェクトオーダー / 過熱⚠25MA+23%
4220,リケンテクノス,化学,19.8,19.8,1,376,★☆☆☆☆,0.0,7.5,43,-8.2,0.0,5.3,0.0,7.0,0.0,0.0,0.0,,,0.0,37.8,3.0,5.3,2479,2635.0,-0.9,0.5,624,高値圏かつ未過熱 / 買い出来高優勢 / 資金流入増 / MA上昇配列 / パーフェクトオーダー
6574,コンヴァノ,サービス業,19.8,19.8,1,377,★☆☆☆☆,0.0,3.5,33,-1.8,0.0,5.3,0.0,8.0,0.0,3.0,0.0,,,0.0,28.4,7.6,13.3,97,114.0,0.0,0.4,249,買い出来高優勢 / 資金流入増 / MA上昇配列 / 開示[自己株式の取得](7日前) / 開示[自己株式の取得](7日前)
6250,やまびこ,機械,19.7,19.7,1,378,★☆☆☆☆,0.0,7.5,36,-0.8,0.0,4.0,0.0,8.2,0.0,0.0,0.0,,,0.0,5.6,2.8,4.5,4046,4285.0,5.9,1.3,468,高値圏かつ未過熱 / MA上昇配列 / パーフェクトオーダー
8159,立花エレテック,卸売業,19.7,19.7,1,379,★☆☆☆☆,0.0,7.5,35,-6.1,0.0,4.0,0.0,8.2,0.0,0.0,0.0,,,0.0,12.0,3.7,3.9,3745,4045.0,2.0,0.4,282,高値圏かつ未過熱 / 資金流入増 / MA上昇配列 / パーフェクトオーダー
1969,高砂熱学工業,建設業,19.7,19.7,1,380,★☆☆☆☆,0.0,2.0,-1,0.1,10.7,2.0,0.0,5.0,0.0,0.0,0.0,,,0.0,-5.3,3.0,1.1,4062,4318.0,2.3,0.5,3073,AIデータセンター・電力(+2.3%)
2220,亀田製菓,食料品,19.7,19.7,1,381,★☆☆☆☆,0.0,9.0,14,-11.3,0.0,2.0,0.0,8.7,0.0,0.0,0.0,,,0.0,1.0,2.1,6.5,1339,1398.0,2.7,0.8,288,高値圏かつ未過熱 / MA上昇配列
5243,ｎｏｔｅ,情報・通信業,19.7,19.7,1,382,★☆☆☆☆,0.0,8.5,39,16.7,0.0,6.7,0.0,9.5,0.0,0.0,-5.0,,,0.0,44.0,5.2,28.9,2766,3085.0,21.0,2.8,883,RS加速+16.7 / 出来高増2.8倍 / 買い出来高優勢 / MA上昇配列 / パーフェクトオーダー / RSI過熱(88)⚠ / 過熱⚠25MA+29%
8242,エイチ・ツー・オー　リテイリング,小売業,19.7,19.7,1,383,★☆☆☆☆,0.0,2.0,-1,-10.9,0.0,6.7,0.0,11.0,0.0,0.0,0.0,,,0.0,-3.7,2.1,5.2,2912,3037.0,2.8,2.2,1302,出来高増2.2倍 / 買い出来高優勢 / MA上昇配列 / パーフェクトオーダー / 52週高値目前 / RSI過熱(85)⚠
4722,フューチャー,情報・通信業,19.7,19.7,1,384,★☆☆☆☆,4.7,2.0,-1,-19.9,0.0,2.0,0.0,11.0,0.0,0.0,0.0,,Microsoft,1.0,-7.3,0.1,1.0,2444,2451.0,0.2,0.7,3342,Microsoft+4.4%連動(β0.27) / 資金流入増 / MA上昇配列 / パーフェクトオーダー / 52週高値目前
9603,エイチ・アイ・エス,サービス業,19.6,19.6,1,385,★☆☆☆☆,0.0,8.0,0,-13.3,0.0,2.0,0.0,8.0,0.0,1.6,0.0,,,0.0,3.7,2.0,6.6,1137,1185.0,2.9,0.8,527,RS転換0日目 / MA上昇配列 / 開示[子会社化](3日前)
1515,日鉄鉱業,鉱業,19.5,19.5,1,386,★☆☆☆☆,0.0,8.5,31,10.6,0.0,4.3,0.0,9.7,0.0,0.0,-3.0,,,0.0,38.3,5.5,19.4,3549,3985.0,9.9,0.7,2488,RS加速+10.6 / 買い出来高優勢 / MA上昇配列 / パーフェクトオーダー / 伸びすぎ注意(25MA+19%)
7721,東京計器,精密機器,19.5,19.5,1,387,★☆☆☆☆,0.0,14.0,1,5.1,0.0,0.0,0.0,5.5,0.0,0.0,0.0,,,0.0,5.7,5.3,4.1,6661,7450.0,7.5,0.7,2098,RS転換1日目 / RS加速+5.1 / 25MA上抜け3日目 / MA上昇配列
1870,矢作建設工業,建設業,19.5,19.5,1,388,★☆☆☆☆,0.0,7.5,32,-6.4,0.0,4.3,0.0,7.7,0.0,0.0,0.0,,,0.0,6.0,1.8,8.1,2117,2194.0,2.6,1.0,347,高値圏かつ未過熱 / 買い出来高優勢 / MA上昇配列
8008,ヨンドシーホールディングス,小売業,19.5,19.5,1,389,★☆☆☆☆,0.0,2.0,-1,-10.3,0.0,5.3,0.0,12.2,0.0,0.0,0.0,,,0.0,-4.0,1.6,3.6,2064,2131.0,-0.2,2.0,234,出来高増2.0倍 / MA上昇配列 / パーフェクトオーダー / 52週高値目前
3107,ダイワボウホールディングス,卸売業,19.5,19.5,1,390,★☆☆☆☆,0.0,4.0,-1,-7.4,0.0,2.0,0.0,13.5,0.0,0.0,0.0,,,0.0,-2.4,2.3,3.5,3609,3781.0,4.4,0.8,957,25MA上抜け5日目 / MA上昇配列 / パーフェクトオーダー / 52週高値目前
9506,東北電力,電気・ガス業,19.5,19.5,1,391,★☆☆☆☆,0.0,7.5,42,-13.4,0.0,3.0,0.0,9.0,0.0,0.0,0.0,,,0.0,3.2,2.2,5.1,1246,1303.5,-2.0,0.9,3590,高値圏かつ未過熱 / MA上昇配列
4046,大阪ソーダ,化学,19.3,19.3,1,392,★☆☆☆☆,0.0,7.0,24,1.4,0.0,3.3,0.0,9.0,0.0,0.0,0.0,,,0.0,14.4,3.5,8.0,1952,2099.0,4.4,0.9,729,買い出来高優勢 / MA上昇配列
4293,セプテーニ・ホールディングス,サービス業,19.3,19.3,1,393,★☆☆☆☆,0.0,4.0,-1,-8.2,0.0,4.3,0.0,11.0,0.0,0.0,0.0,,,0.0,-6.2,2.5,3.6,503,529.0,3.5,2.7,195,25MA上抜け6日目 / 出来高増2.7倍 / MA上昇配列 / パーフェクトオーダー
9861,吉野家ホールディングス,小売業,19.3,19.3,1,394,★☆☆☆☆,0.0,4.0,-1,-20.3,0.0,4.3,0.0,9.5,0.0,1.5,0.0,,,0.0,-9.7,1.7,1.2,3701,3828.0,-0.5,2.5,2698,25MA上抜け7日目 / 出来高増2.5倍 / MA上昇配列 / パーフェクトオーダー / 開示[自己株式の取得](7日前)
9722,藤田観光,サービス業,19.3,19.3,1,395,★☆☆☆☆,0.0,8.5,42,7.1,0.0,5.3,0.0,10.5,0.0,0.0,-5.0,,,0.0,44.8,3.6,30.3,2789,3005.0,13.4,1.1,984,RS加速+7.1 / 買い出来高優勢 / 資金流入増 / MA上昇配列 / 52週高値ブレイク! / RSI過熱(92)⚠ / 過熱⚠25MA+30%
5724,アサカ理研,非鉄金属,19.3,19.3,1,396,★☆☆☆☆,0.0,9.0,15,26.3,0.0,7.3,0.0,8.0,0.0,0.0,-5.0,,,0.0,45.2,8.5,22.2,2757,3325.0,17.3,1.7,673,RS加速+26.3 / 買い出来高優勢 / 資金流入増 / MA上昇配列 / 過熱⚠25MA+22%
5218,オハラ,ガラス・土石製品,19.2,19.2,1,397,★☆☆☆☆,0.0,9.0,18,-5.9,0.0,2.0,0.0,8.2,0.0,0.0,0.0,,,0.0,6.5,3.5,4.5,1504,1616.0,1.6,1.0,128,高値圏かつ未過熱 / MA上昇配列 / パーフェクトオーダー
4461,第一工業製薬,化学,19.2,19.2,1,398,★☆☆☆☆,0.0,9.0,19,-0.8,0.0,3.0,0.0,7.2,0.0,0.0,0.0,,,0.0,23.8,6.3,3.8,11853,13550.0,-2.1,0.5,3268,高値圏かつ未過熱 / 資金流入増 / MA上昇配列 / パーフェクトオーダー
2484,出前館,情報・通信業,19.2,19.2,1,399,★☆☆☆☆,0.0,7.5,33,14.6,0.0,10.0,0.0,6.7,0.0,0.0,-5.0,,,0.0,30.7,4.9,24.5,167,185.0,18.6,4.0,145,RS加速+14.6 / 出来高急増4.0倍 / 買い出来高優勢 / 資金流入増 / MA上昇配列 / 過熱⚠25MA+24%
9536,西部ガスホールディングス,電気・ガス業,19.2,19.2,1,400,★☆☆☆☆,0.0,2.0,-1,-7.4,0.0,7.7,0.0,9.5,0.0,0.0,0.0,,,0.0,-1.8,1.3,4.5,2449,2515.0,1.7,4.6,257,出来高急増4.6倍 / MA上昇配列 / パーフェクトオーダー / RSI過熱(92)⚠
9436,沖縄セルラー電話,情報・通信業,19.2,19.2,1,401,★☆☆☆☆,0.0,7.5,32,-2.7,0.0,2.0,0.0,9.7,0.0,0.0,0.0,,,0.0,2.9,1.9,3.0,3958,4110.0,2.8,0.7,548,高値圏かつ未過熱 / MA上昇配列 / パーフェクトオーダー / 52週高値目前
2802,味の素,食料品,19.0,19.0,1,402,★☆☆☆☆,0.0,12.0,9,-1.5,0.0,0.0,0.0,7.0,0.0,0.0,0.0,,,0.0,4.9,3.6,3.1,5035,5431.0,0.6,0.6,19606,RS転換9日目 / 高値圏かつ未過熱
277A,グロービング,サービス業,19.0,19.0,1,403,★☆☆☆☆,0.0,10.0,7,-1.7,0.0,4.3,0.0,4.7,0.0,0.0,0.0,,,0.0,13.1,3.7,13.1,1804,1947.0,5.5,1.5,268,RS転換7日目 / 25MA上抜け8日目 / 買い出来高優勢
5713,住友金属鉱山,非鉄金属,19.0,19.0,1,404,★☆☆☆☆,0.0,10.0,25,11.0,0.0,3.0,0.0,11.0,0.0,0.0,-5.0,,,0.0,47.8,5.7,22.4,10213,11525.0,7.1,0.6,42449,RS加速+11.0 / MA上昇配列 / パーフェクトオーダー / 過熱⚠25MA+22%
350A,デジタルグリッド,電気・ガス業,19.0,19.0,1,405,★☆☆☆☆,0.0,12.0,6,1.9,0.0,1.0,0.0,6.0,0.0,0.0,0.0,,,0.0,3.4,2.9,3.1,741,786.0,-0.5,0.9,175,RS転換6日目 / 25MA上抜け6日目
4027,テイカ,化学,19.0,19.0,1,406,★☆☆☆☆,0.0,12.0,3,1.4,0.0,0.0,0.0,7.0,0.0,0.0,0.0,,,0.0,1.0,3.4,0.1,2173,2331.0,-2.6,0.7,134,RS転換3日目 / 高値圏かつ未過熱 / MA上昇配列 / パーフェクトオーダー
8399,琉球銀行,銀行業,19.0,19.0,1,407,★☆☆☆☆,0.0,7.5,36,-0.4,0.0,2.0,0.0,9.5,0.0,0.0,0.0,,,0.0,7.2,3.4,6.0,3066,3290.0,4.3,1.1,454,高値圏かつ未過熱 / MA上昇配列 / パーフェクトオーダー
4552,ＪＣＲファーマ,医薬品,19.0,19.0,1,408,★☆☆☆☆,0.0,10.0,0,-1.7,0.0,1.0,0.0,8.0,0.0,0.0,0.0,,,0.0,0.4,3.3,5.7,508,543.0,2.6,0.6,326,RS転換0日目 / 25MA上抜け8日目 / MA上昇配列
4222,児玉化学工業,化学,19.0,19.0,1,409,★☆☆☆☆,0.0,9.0,11,5.1,0.0,4.0,0.0,6.0,0.0,0.0,0.0,,,0.0,16.8,5.5,6.9,608,683.0,0.6,1.0,479,RS加速+5.1 / 資金流入増
2168,パソナグループ,サービス業,19.0,19.0,1,410,★☆☆☆☆,0.0,8.0,0,-5.8,0.0,4.3,0.0,6.7,0.0,0.0,0.0,,,0.0,1.4,1.8,6.4,1663,1725.0,3.3,1.5,250,RS転換0日目 / 買い出来高優勢 / MA上昇配列
2160,ジーエヌアイグループ,医薬品,19.0,19.0,1,411,★☆☆☆☆,0.0,9.0,15,9.7,0.0,2.0,0.0,8.0,0.0,0.0,0.0,,,0.0,17.5,5.1,8.0,2623,2920.0,4.8,1.0,3279,RS加速+9.7 / MA上昇配列
464A,ＱＰＳホールディングス,情報・通信業,19.0,19.0,1,412,★☆☆☆☆,0.0,12.0,9,20.1,0.0,1.0,0.0,6.0,0.0,0.0,0.0,,,0.0,31.0,4.9,14.1,1732,1920.0,7.5,1.1,2455,RS転換9日目 / RS加速+20.1
5838,楽天銀行,銀行業,19.0,19.0,1,413,★☆☆☆☆,0.0,9.0,11,6.6,0.0,2.0,0.0,8.0,0.0,0.0,0.0,,,0.0,13.9,3.6,9.9,5971,6441.0,5.7,1.2,7558,RS加速+6.6 / MA上昇配列
5830,いよぎんホールディングス,銀行業,19.0,19.0,1,414,★☆☆☆☆,0.0,7.5,42,-6.8,0.0,2.0,0.0,9.5,0.0,0.0,0.0,,,0.0,3.7,2.9,5.2,3751,3985.0,2.7,0.7,3715,高値圏かつ未過熱 / MA上昇配列 / パーフェクトオーダー
6328,荏原実業,機械,19.0,19.0,1,415,★☆☆☆☆,0.0,4.0,-1,-9.3,0.0,4.0,0.0,11.0,0.0,0.0,0.0,,,0.0,-7.1,2.7,0.2,2261,2388.0,-2.8,0.2,347,25MA上抜け6日目 / 資金流入増 / MA上昇配列 / パーフェクトオーダー
2492,インフォマート,サービス業,19.0,19.0,1,416,★☆☆☆☆,0.0,8.0,0,-4.7,0.0,4.0,0.0,10.0,0.0,0.0,-3.0,,,0.0,13.5,5.9,18.2,604,685.0,16.1,1.5,2058,RS転換0日目 / MA上昇配列 / パーフェクトオーダー / 伸びすぎ注意(25MA+18%)
4011,ヘッドウォータース,情報・通信業,19.0,19.0,1,417,★☆☆☆☆,0.0,8.0,9,-2.3,0.0,5.0,0.0,6.0,0.0,0.0,0.0,,,0.0,22.0,5.5,14.5,2175,2441.0,1.0,1.8,118,RS転換9日目
6469,放電精密加工研究所,機械,19.0,19.0,1,418,★☆☆☆☆,0.0,9.0,12,9.0,0.0,2.0,0.0,8.0,0.0,0.0,0.0,,,0.0,17.6,4.3,5.6,2719,2976.0,5.3,0.6,184,RS加速+9.0 / MA上昇配列
4208,ＵＢＥ,化学,19.0,19.0,1,419,★☆☆☆☆,0.0,7.5,31,-4.1,0.0,2.0,0.0,9.5,0.0,0.0,0.0,,,0.0,5.5,2.4,4.2,3398,3570.0,0.1,0.6,3425,高値圏かつ未過熱 / MA上昇配列 / パーフェクトオーダー
8283,ＰＡＬＴＡＣ,卸売業,19.0,19.0,1,420,★☆☆☆☆,0.0,7.0,19,-6.3,0.0,1.0,0.0,11.0,0.0,0.0,0.0,,,0.0,-7.6,0.4,0.1,6583,6630.0,0.0,0.0,1134,高値圏かつ未過熱 / MA上昇配列 / パーフェクトオーダー / 52週高値目前
8309,三井住友トラストグループ,銀行業,19.0,19.0,1,421,★☆☆☆☆,0.0,2.0,-1,-1.2,0.0,2.0,0.0,15.0,0.0,0.0,0.0,,,0.0,-0.3,2.0,5.0,1717,1789.5,4.3,1.0,14971,MA上昇配列 / パーフェクトオーダー / 52週高値ブレイク!
6946,日本アビオニクス,電気機器,19.0,19.0,1,422,★☆☆☆☆,0.0,11.0,26,7.6,0.0,0.0,0.0,8.0,0.0,0.0,0.0,,,0.0,11.7,5.1,6.4,5340,5940.0,11.0,1.1,1111,RS加速+7.6 / 25MA上抜け4日目 / MA上昇配列
6333,ＴＥＩＫＯＫＵ,機械,19.0,19.0,1,423,★☆☆☆☆,0.0,4.0,-1,-10.4,0.0,3.0,0.0,12.0,0.0,0.0,0.0,,,0.0,-4.3,3.1,2.0,3188,3395.0,0.6,0.5,160,25MA上抜け8日目 / MA上昇配列 / パーフェクトオーダー
4025,多木化学,化学,19.0,19.0,1,424,★☆☆☆☆,0.0,7.5,31,-3.5,0.0,4.3,0.0,7.2,0.0,0.0,0.0,,,0.0,15.9,4.8,6.6,5376,5950.0,-2.0,1.1,228,高値圏かつ未過熱 / 買い出来高優勢 / MA上昇配列 / パーフェクトオーダー
3932,アカツキ,情報・通信業,19.0,19.0,1,425,★☆☆☆☆,0.0,4.5,32,-9.6,0.0,5.3,0.0,12.2,0.0,0.0,-3.0,,,0.0,19.8,4.1,16.3,3549,3870.0,3.8,0.9,394,買い出来高優勢 / 資金流入増 / MA上昇配列 / パーフェクトオーダー / 52週高値目前 / 伸びすぎ注意(25MA+16%)
3441,山王,金属製品,19.0,19.0,1,426,★☆☆☆☆,0.0,14.0,3,13.3,0.0,0.0,0.0,5.0,0.0,0.0,0.0,,,0.0,13.7,4.5,4.4,2514,2764.0,2.4,0.7,111,RS転換3日目 / RS加速+13.3 / 25MA上抜け6日目
8052,椿本興業,卸売業,19.0,19.0,1,427,★☆☆☆☆,0.0,4.0,-1,-3.7,0.0,6.3,0.0,8.7,0.0,0.0,0.0,,,0.0,-5.4,1.5,5.0,2854,2942.0,4.8,1.9,133,25MA上抜け5日目 / 買い出来高優勢 / MA上昇配列
4477,ＢＡＳＥ,情報・通信業,18.8,18.799999999999997,1,428,★☆☆☆☆,0.0,4.0,-1,-8.7,0.0,1.0,0.0,6.7,0.0,7.1,0.0,,,0.0,-3.7,2.7,4.9,299,316.0,1.3,1.0,228,25MA上抜け6日目 / MA上昇配列 / 開示[資本業務提携](3日前) / 開示[自己株式の取得](3日前)
6349,小森コーポレーション,機械,18.7,18.7,1,429,★☆☆☆☆,0.0,2.0,-1,-22.2,0.0,3.0,0.0,13.7,0.0,0.0,0.0,,,0.0,-0.4,1.8,8.6,1990,2066.0,2.1,0.4,447,MA上昇配列 / パーフェクトオーダー / 52週高値ブレイク!
6264,マルマエ,機械,18.7,18.7,1,430,★☆☆☆☆,0.0,14.0,9,7.5,0.0,1.0,0.0,3.7,0.0,0.0,0.0,,,0.0,8.1,5.2,1.3,1838,2052.0,1.6,0.8,1222,RS転換9日目 / RS加速+7.5 / 25MA上抜け6日目
9336,大栄環境,サービス業,18.7,18.7,1,431,★☆☆☆☆,0.0,4.0,-1,-5.0,0.0,6.7,0.0,8.0,0.0,0.0,0.0,,,0.0,-3.8,2.6,5.3,3761,3970.0,5.3,3.1,615,25MA上抜け5日目 / 出来高急増3.1倍
7459,メディパルホールディングス,卸売業,18.7,18.7,1,432,★☆☆☆☆,0.0,4.0,-1,-14.1,0.0,4.7,0.0,10.0,0.0,0.0,0.0,,,0.0,-11.3,1.8,0.4,2781,2883.5,-1.2,3.7,1354,25MA上抜け8日目 / 出来高急増3.7倍 / MA上昇配列
9031,西日本鉄道,陸運業,18.7,18.7,1,433,★☆☆☆☆,0.0,0.0,-1,-11.3,0.0,6.7,0.0,12.0,0.0,0.0,0.0,,,0.0,-9.7,1.8,1.4,3007,3120.0,-0.7,3.0,636,出来高急増3.0倍 / MA上昇配列 / パーフェクトオーダー
4565,ネクセラファーマ,医薬品,18.7,18.7,1,434,★☆☆☆☆,0.0,7.0,13,1.6,0.0,3.0,0.0,8.7,0.0,0.0,0.0,,,0.0,24.0,5.4,12.7,1001,1122.0,1.7,0.6,1045,MA上昇配列 / パーフェクトオーダー
7409,ＡｅｒｏＥｄｇｅ,輸送用機器,18.7,18.7,1,435,★☆☆☆☆,0.0,14.0,3,11.3,0.0,1.0,0.0,3.7,0.0,0.0,0.0,,,0.0,5.5,7.5,4.1,1347,1587.0,16.2,0.6,552,RS転換3日目 / RS加速+11.3 / 25MA上抜け3日目
4189,ＫＨネオケム,化学,18.5,18.5,1,436,★☆☆☆☆,0.0,9.5,43,-6.3,0.0,2.0,0.0,7.0,0.0,0.0,0.0,,,0.0,4.4,2.7,1.6,3201,3380.0,-0.3,0.4,679,25MA上抜け6日目 / 高値圏かつ未過熱 / MA上昇配列 / パーフェクトオーダー
5832,ちゅうぎんフィナンシャルグループ,銀行業,18.5,18.5,1,437,★☆☆☆☆,0.0,4.0,-1,-1.2,0.0,1.0,0.0,13.5,0.0,0.0,0.0,,,0.0,-0.1,2.5,4.2,3373,3550.0,4.1,0.9,954,25MA上抜け5日目 / MA上昇配列 / パーフェクトオーダー / 52週高値目前
6345,アイチ　コーポレーション,機械,18.5,18.5,1,438,★☆☆☆☆,0.0,4.0,-1,-9.5,0.0,1.0,0.0,13.5,0.0,0.0,0.0,,,0.0,-6.4,1.4,2.1,1413,1454.0,1.3,0.9,220,25MA上抜け5日目 / MA上昇配列 / パーフェクトオーダー / 52週高値目前
3778,さくらインターネット,情報・通信業,18.5,18.5,1,439,★☆☆☆☆,0.0,7.0,26,1.5,0.0,4.0,0.0,7.5,0.0,0.0,0.0,,,0.0,24.9,7.0,11.8,3326,3865.0,8.3,1.3,5818,MA上昇配列 / パーフェクトオーダー
7510,たけびし,卸売業,18.5,18.5,1,440,★☆☆☆☆,0.0,7.5,32,-6.2,0.0,4.0,0.0,7.0,0.0,0.0,0.0,,,0.0,3.7,2.6,0.5,2600,2745.0,0.7,0.9,132,高値圏かつ未過熱 / 資金流入増 / MA上昇配列 / パーフェクトオーダー
3762,テクマトリックス,情報・通信業,18.5,18.5,1,441,★☆☆☆☆,0.0,7.5,33,-18.7,0.0,2.0,0.0,9.0,0.0,0.0,0.0,,,0.0,10.1,2.7,8.5,2324,2455.0,2.8,1.0,642,高値圏かつ未過熱 / MA上昇配列 / 52週高値目前
8157,都築電気,情報・通信業,18.5,18.5,1,442,★☆☆☆☆,0.0,4.0,-1,-12.6,0.0,1.0,0.0,13.5,0.0,0.0,0.0,,,0.0,-9.0,2.1,3.1,4017,4195.0,1.8,0.7,197,25MA上抜け6日目 / MA上昇配列 / パーフェクトオーダー / 52週高値目前
5802,住友電気工業,非鉄金属,18.5,18.5,1,443,★☆☆☆☆,0.0,4.0,-1,8.7,11.8,0.0,0.0,2.7,0.0,0.0,0.0,,,0.0,-4.0,5.2,-2.5,1955,2180.0,0.1,0.7,57224,RS加速+8.7 / 光通信・電線(+2.9%)
6706,電気興業,電気機器,18.5,18.5,1,444,★☆☆☆☆,0.0,9.0,29,-7.2,0.0,0.0,0.0,9.5,0.0,0.0,0.0,,,0.0,2.2,2.8,3.6,3159,3345.0,2.0,0.7,108,高値圏かつ未過熱 / MA上昇配列 / パーフェクトオーダー
8154,加賀電子,卸売業,18.5,18.5,1,445,★☆☆☆☆,0.0,9.0,29,-10.7,0.0,0.0,0.0,9.5,0.0,0.0,0.0,,,0.0,5.0,2.9,3.7,4729,5020.0,1.8,0.6,856,高値圏かつ未過熱 / MA上昇配列 / パーフェクトオーダー
8697,日本取引所グループ,その他金融業,18.5,18.5,1,446,★☆☆☆☆,0.0,4.0,-1,-1.1,0.0,1.0,0.0,13.5,0.0,0.0,0.0,,,0.0,-1.4,1.8,2.2,2209,2293.0,2.5,0.9,6962,25MA上抜け5日目 / MA上昇配列 / パーフェクトオーダー / 52週高値目前
4980,デクセリアルズ,化学,18.5,18.5,1,447,★☆☆☆☆,0.0,4.0,-1,10.8,11.8,0.0,0.0,2.7,0.0,0.0,0.0,,,0.0,-9.9,4.5,-3.3,2778,3055.0,5.5,0.8,6067,RS加速+10.8 / 光通信・電線(+2.9%)
219A,Ｈｅａｒｔｓｅｅｄ,医薬品,18.4,18.4,1,448,★☆☆☆☆,0.0,9.0,28,16.3,0.0,7.7,0.0,6.7,0.0,0.0,-5.0,,,0.0,45.7,6.0,27.5,2202,2500.0,12.2,2.1,796,RS加速+16.3 / 出来高増2.1倍 / 買い出来高優勢 / MA上昇配列 / 過熱⚠25MA+28%
7279,ハイレックスコーポレーション,輸送用機器,18.3,18.3,1,449,★☆☆☆☆,0.0,5.0,29,-2.2,0.0,5.3,0.0,8.0,0.0,0.0,0.0,,,0.0,12.4,2.4,8.2,2541,2671.0,5.2,2.1,245,出来高増2.1倍 / MA上昇配列
4973,日本高純度化学,化学,18.3,18.3,1,450,★☆☆☆☆,0.0,10.0,4,17.3,0.0,3.3,0.0,5.0,0.0,0.0,0.0,,,0.0,7.4,2.6,4.5,4562,4815.0,4.7,0.7,343,RS転換4日目 / RS加速+17.3 / 買い出来高優勢
7777,スリー・ディー・マトリックス,精密機器,18.3,18.3,1,451,★☆☆☆☆,0.0,9.0,13,10.4,0.0,3.3,0.0,6.0,0.0,0.0,0.0,,,0.0,12.5,4.1,5.0,339,369.0,2.8,1.0,500,RS加速+10.4 / 買い出来高優勢
3853,アステリア,情報・通信業,18.3,18.3,1,452,★☆☆☆☆,0.0,9.0,15,9.4,0.0,3.3,0.0,6.0,0.0,0.0,0.0,,,0.0,12.5,4.9,6.8,1078,1194.0,4.9,1.0,471,RS加速+9.4 / 買い出来高優勢
3189,ＡＮＡＰホールディングス,小売業,18.3,18.3,1,453,★☆☆☆☆,0.0,5.0,15,-47.3,0.0,5.3,0.0,8.0,0.0,0.0,0.0,,,0.0,17.9,14.6,10.7,88,124.0,-23.9,2.2,162,出来高増2.2倍 / 資金流入増 / MA上昇配列
2613,Ｊ－オイルミルズ,食料品,18.3,18.3,1,454,★☆☆☆☆,0.0,2.0,-1,-9.1,0.0,5.3,0.0,11.0,0.0,0.0,0.0,,,0.0,-1.2,1.7,6.3,2197,2272.0,2.1,1.4,176,買い出来高優勢 / MA上昇配列 / パーフェクトオーダー / 52週高値目前 / RSI過熱(94)⚠
6432,竹内製作所,機械,18.2,18.2,1,455,★☆☆☆☆,0.0,6.0,-1,0.2,0.0,0.0,0.0,12.2,0.0,0.0,0.0,,,0.0,-2.2,2.6,2.4,7240,7640.0,5.2,1.2,1689,25MA上抜け4日目 / MA上昇配列 / パーフェクトオーダー / 52週高値目前
1407,ウエストホールディングス,建設業,18.2,18.2,1,456,★☆☆☆☆,0.0,10.0,0,-0.5,0.0,2.0,0.0,6.2,0.0,0.0,0.0,,,0.0,5.6,5.6,3.6,2450,2760.0,-1.7,0.8,1145,RS転換0日目 / 25MA上抜け2日目 / MA上昇配列 / パーフェクトオーダー
6517,デンヨー,電気機器,18.2,18.2,1,457,★☆☆☆☆,0.0,9.0,29,-7.9,0.0,2.0,0.0,7.2,0.0,0.0,0.0,,,0.0,5.6,2.4,2.4,3952,4155.0,2.0,0.8,281,高値圏かつ未過熱 / 資金流入増 / MA上昇配列 / パーフェクトオーダー
6098,リクルートホールディングス,サービス業,18.2,18.2,1,458,★☆☆☆☆,0.0,6.5,40,1.2,0.0,3.0,0.0,13.7,0.0,0.0,-5.0,,,0.0,30.5,4.3,20.1,16263,17800.0,11.9,1.3,65071,MA上昇配列 / パーフェクトオーダー / 52週高値ブレイク! / 過熱⚠25MA+20%
6645,オムロン,電気機器,18.2,18.2,1,459,★☆☆☆☆,0.0,9.0,16,6.5,0.0,3.0,0.0,6.2,0.0,0.0,0.0,,,0.0,21.0,3.9,6.6,6121,6633.0,5.4,1.1,12414,RS加速+6.5 / MA上昇配列 / パーフェクトオーダー
3994,マネーフォワード,情報・通信業,18.2,18.2,1,460,★☆☆☆☆,0.0,3.5,39,-2.2,0.0,7.7,0.0,10.0,0.0,0.0,-3.0,,,0.0,17.6,6.2,15.7,5882,6712.0,10.0,2.1,3406,出来高増2.1倍 / 買い出来高優勢 / MA上昇配列 / パーフェクトオーダー / 伸びすぎ注意(25MA+16%)
6337,テセック,機械,18.2,18.2,1,461,★☆☆☆☆,0.0,9.0,21,-17.8,0.0,1.0,0.0,8.2,0.0,0.0,0.0,,,0.0,9.4,5.0,6.2,2956,3285.0,7.5,0.3,326,高値圏かつ未過熱 / MA上昇配列 / パーフェクトオーダー
6855,日本電子材料,電気機器,18.2,18.2,1,462,★☆☆☆☆,0.0,14.0,3,20.5,0.0,2.0,0.0,2.2,0.0,0.0,0.0,,,0.0,19.8,6.7,0.1,5599,6470.0,-0.6,0.5,5420,RS転換3日目 / RS加速+20.5 / 25MA上抜け1日目
5273,三谷セキサン,ガラス・土石製品,18.2,18.2,1,463,★☆☆☆☆,0.0,7.5,40,-11.6,0.0,2.0,0.0,8.7,0.0,0.0,0.0,,,0.0,1.9,3.5,9.5,1960,2108.0,7.1,0.8,123,高値圏かつ未過熱 / MA上昇配列
6457,グローリー,機械,18.0,18.0,1,464,★☆☆☆☆,0.0,2.0,-1,-10.7,0.0,6.3,0.0,9.7,0.0,0.0,0.0,,,0.0,-1.0,2.5,3.2,4629,4877.0,1.2,1.9,1124,買い出来高優勢 / MA上昇配列 / パーフェクトオーダー / 52週高値目前
5602,栗本鐵工所,鉄鋼,18.0,18.0,1,465,★☆☆☆☆,0.0,7.5,36,-6.0,0.0,4.0,0.0,6.5,0.0,0.0,0.0,,,0.0,9.7,2.2,7.8,1699,1777.0,3.5,0.9,661,高値圏かつ未過熱 / 資金流入増 / MA上昇配列
8544,京葉銀行,銀行業,18.0,18.0,1,466,★☆☆☆☆,0.0,6.0,-1,2.0,0.0,0.0,0.0,12.0,0.0,0.0,0.0,,,0.0,-0.7,3.6,4.5,2648,2852.0,6.1,0.6,1203,25MA上抜け2日目 / MA上昇配列 / パーフェクトオーダー
6947,図研,電気機器,18.0,18.0,1,467,★☆☆☆☆,0.0,2.0,-1,-10.2,0.0,4.0,0.0,12.0,0.0,0.0,0.0,,,0.0,-0.9,2.0,6.0,4969,5180.0,4.9,1.7,261,MA上昇配列 / パーフェクトオーダー
2767,円谷フィールズホールディングス,卸売業,18.0,18.0,1,468,★☆☆☆☆,0.0,7.5,33,-73.3,0.0,2.0,0.0,8.5,0.0,0.0,0.0,,,0.0,0.6,3.3,10.3,2435,2605.0,2.6,0.4,2588,高値圏かつ未過熱 / 資金流入増 / MA上昇配列 / パーフェクトオーダー
6750,エレコム,電気機器,18.0,18.0,1,469,★☆☆☆☆,0.0,2.0,-1,-9.5,0.0,1.0,0.0,15.0,0.0,0.0,0.0,,,0.0,-2.4,2.7,5.0,1899,2007.0,3.6,0.8,434,MA上昇配列 / パーフェクトオーダー / 52週高値ブレイク!
1980,ダイダン,建設業,18.0,18.0,1,470,★☆☆☆☆,0.0,9.0,11,3.8,0.0,3.0,0.0,6.0,0.0,0.0,0.0,,,0.0,7.8,3.5,4.4,2567,2760.0,2.3,1.3,2179,RS加速+3.8
5703,日本軽金属ホールディングス,非鉄金属,18.0,18.0,1,471,★☆☆☆☆,0.0,9.0,24,-1.9,0.0,1.0,0.0,8.0,0.0,0.0,0.0,,,0.0,10.3,2.7,5.1,2883,3045.0,0.7,0.4,984,高値圏かつ未過熱
4593,ヘリオス,医薬品,18.0,18.0,1,472,★☆☆☆☆,0.0,12.0,8,25.5,0.0,3.0,0.0,6.0,0.0,0.0,-3.0,,,0.0,32.4,6.0,18.9,269,306.0,13.3,1.3,530,RS転換8日目 / RS加速+25.5 / 伸びすぎ注意(25MA+19%)
6928,エノモト,電気機器,18.0,18.0,1,473,★☆☆☆☆,0.0,9.0,13,8.8,0.0,3.0,0.0,6.0,0.0,0.0,0.0,,,0.0,25.8,6.2,7.1,2611,2978.0,-0.5,0.2,307,RS加速+8.8 / 資金流入増
3221,ヨシックスホールディングス,小売業,18.0,18.0,1,474,★☆☆☆☆,0.0,4.0,-1,-11.0,0.0,3.0,0.0,11.0,0.0,0.0,0.0,,,0.0,-5.4,1.9,2.1,3221,3350.0,-0.6,0.8,106,25MA上抜け10日目 / MA上昇配列 / パーフェクトオーダー
6597,ＨＰＣシステムズ,電気機器,18.0,18.0,1,475,★☆☆☆☆,0.0,10.0,1,14.7,0.0,3.0,0.0,5.0,0.0,0.0,0.0,,,0.0,8.6,5.9,5.4,3172,3600.0,7.3,1.3,282,RS転換1日目 / RS加速+14.7
6923,スタンレー電気,電気機器,18.0,18.0,1,476,★☆☆☆☆,0.0,4.0,-1,-8.5,0.0,2.0,0.0,12.0,0.0,0.0,0.0,,,0.0,-5.3,1.9,1.4,3478,3618.0,0.6,0.6,1899,25MA上抜け6日目 / MA上昇配列 / パーフェクトオーダー
150A,ＪＳＨ,サービス業,17.8,17.8,1,477,★☆☆☆☆,0.0,7.5,36,49.5,0.0,5.3,0.0,10.0,0.0,0.0,-5.0,,,0.0,63.8,8.9,29.1,630,765.0,2.5,0.4,402,RS加速+49.5 / 買い出来高優勢 / 資金流入増 / MA上昇配列 / パーフェクトオーダー / 過熱⚠25MA+29%
9348,ｉｓｐａｃｅ,サービス業,17.8,17.8,1,478,★☆☆☆☆,0.0,4.0,-1,-4.9,8.8,0.0,0.0,5.0,0.0,0.0,0.0,,,0.0,-1.2,2.4,2.5,411,431.0,0.5,0.6,317,25MA上抜け10日目 / 宇宙(+1.4%)
6276,シリウスビジョン,電気機器,17.8,17.8,1,479,★☆☆☆☆,0.0,5.0,11,-7.8,0.0,5.3,0.0,7.5,0.0,0.0,0.0,,,0.0,13.2,10.9,4.7,280,358.0,-2.2,0.2,110,買い出来高優勢 / 資金流入増 / MA上昇配列 / パーフェクトオーダー
8789,フィンテック　グローバル,その他金融業,17.8,17.8,1,480,★☆☆☆☆,0.0,4.5,36,-6.0,0.0,7.3,0.0,9.0,0.0,0.0,-3.0,,,0.0,24.7,3.5,15.9,161,173.0,0.0,1.5,290,買い出来高優勢 / 資金流入増 / MA上昇配列 / 52週高値目前 / RSI過熱(90)⚠ / 伸びすぎ注意(25MA+16%)
7366,ＬＩＴＡＬＩＣＯ,サービス業,17.8,17.8,1,481,★☆☆☆☆,0.0,3.5,33,-3.9,0.0,4.3,0.0,10.0,0.0,0.0,0.0,,,0.0,12.0,3.1,7.3,1771,1886.0,2.9,0.7,275,買い出来高優勢 / MA上昇配列 / パーフェクトオーダー
4733,オービックビジネスコンサルタント,情報・通信業,17.7,17.7,1,482,★☆☆☆☆,4.2,2.0,-1,-20.9,0.0,5.3,0.0,6.2,0.0,0.0,0.0,,Microsoft,-3.8,-2.3,2.5,7.8,8311,8755.0,5.8,2.0,1713,Microsoft+4.4%連動(β0.24) 実反応+4.9% / 買い出来高優勢 / MA上昇配列
6463,ＴＰＲ,機械,17.7,17.7,1,483,★☆☆☆☆,0.0,2.0,-1,-10.5,0.0,2.0,0.0,13.7,0.0,0.0,0.0,,,0.0,-1.0,1.9,5.0,1537,1597.0,2.4,1.2,206,MA上昇配列 / パーフェクトオーダー / 52週高値ブレイク!
6840,ＡＫＩＢＡホールディングス,電気機器,17.7,17.7,1,484,★☆☆☆☆,0.0,12.0,10,8.3,0.0,1.0,0.0,4.7,0.0,0.0,0.0,,,0.0,16.1,9.0,4.6,622,758.0,3.6,0.4,619,RS転換10日目 / RS加速+8.3
6364,ＡＩＲＭＡＮ,機械,17.7,17.7,1,485,★☆☆☆☆,0.0,7.5,43,-23.4,0.0,2.0,0.0,8.2,0.0,0.0,0.0,,,0.0,2.9,2.8,5.8,2468,2617.0,5.4,0.6,335,高値圏かつ未過熱 / 資金流入増 / MA上昇配列 / パーフェクトオーダー
6616,トレックス・セミコンダクター,電気機器,17.7,17.7,1,486,★☆☆☆☆,0.0,11.0,11,5.6,0.0,3.0,0.0,3.7,0.0,0.0,0.0,,,0.0,8.4,5.1,0.3,1734,1933.0,0.0,1.2,242,RS加速+5.6 / 25MA上抜け6日目
5016,ＪＸ金属,非鉄金属,17.7,17.7,1,487,★☆☆☆☆,0.0,14.0,2,15.1,0.0,0.0,0.0,3.7,0.0,0.0,0.0,,,0.0,6.7,4.6,0.6,3458,3810.0,6.1,0.6,78097,RS転換2日目 / RS加速+15.1 / 25MA上抜け0日目
7575,日本ライフライン,卸売業,17.5,17.5,1,488,★☆☆☆☆,0.0,7.5,32,-13.2,0.0,1.0,0.0,9.0,0.0,0.0,0.0,,,0.0,1.8,2.1,4.2,1519,1584.0,0.5,0.7,359,高値圏かつ未過熱 / MA上昇配列 / 52週高値目前
7239,タチエス,輸送用機器,17.5,17.5,1,489,★☆☆☆☆,0.0,2.0,-1,-11.7,0.0,2.0,0.0,13.5,0.0,0.0,0.0,,,0.0,-3.9,1.4,2.7,2287,2355.0,0.7,0.8,199,MA上昇配列 / パーフェクトオーダー / 52週高値目前
7018,内海造船,輸送用機器,17.5,17.5,1,490,★☆☆☆☆,0.0,7.5,37,11.5,0.0,5.0,0.0,8.0,0.0,0.0,-3.0,,,0.0,19.7,6.3,15.1,11617,13280.0,16.3,1.5,402,RS加速+11.5 / MA上昇配列 / 伸びすぎ注意(25MA+15%)
8566,リコーリース,その他金融業,17.5,17.5,1,491,★☆☆☆☆,0.0,4.0,-1,-8.1,0.0,0.0,0.0,13.5,0.0,0.0,0.0,,,0.0,-6.9,1.3,2.8,6697,6880.0,1.8,0.7,247,25MA上抜け6日目 / MA上昇配列 / パーフェクトオーダー / 52週高値目前
9678,カナモト,サービス業,17.5,17.5,1,492,★☆☆☆☆,0.0,2.0,-1,-9.1,0.0,2.0,0.0,13.5,0.0,0.0,0.0,,,0.0,-1.4,1.6,3.0,5353,5530.0,1.5,0.9,372,MA上昇配列 / パーフェクトオーダー / 52週高値目前
2120,ＬＩＦＵＬＬ,サービス業,17.5,17.5,1,493,★☆☆☆☆,0.0,3.5,33,-13.2,0.0,4.0,0.0,10.0,0.0,0.0,0.0,,,0.0,11.4,4.1,9.4,221,241.0,-0.8,1.0,266,資金流入増 / MA上昇配列 / パーフェクトオーダー
8194,ライフコーポレーション,小売業,17.5,17.5,1,494,★☆☆☆☆,0.0,2.0,-1,-12.2,0.0,2.0,0.0,13.5,0.0,0.0,0.0,,,0.0,-2.6,1.8,4.8,2593,2691.0,2.6,1.1,524,MA上昇配列 / パーフェクトオーダー / 52週高値目前
8601,大和証券グループ本社,証券、商品先物取引業,17.5,17.5,1,495,★☆☆☆☆,0.0,2.0,-1,0.7,0.0,2.0,0.0,13.5,0.0,0.0,0.0,,,0.0,-3.4,1.9,3.1,1793,1863.0,4.7,1.2,8427,MA上昇配列 / パーフェクトオーダー / 52週高値目前
8725,ＭＳ＆ＡＤインシュアランスグループホールディングス,保険業,17.5,17.5,1,496,★☆☆☆☆,0.0,4.0,-1,-6.9,0.0,0.0,0.0,13.5,0.0,0.0,0.0,,,0.0,-4.8,2.4,3.9,4871,5114.0,3.4,0.8,19221,25MA上抜け5日目 / MA上昇配列 / パーフェクトオーダー / 52週高値目前
2734,サーラコーポレーション,小売業,17.5,17.5,1,497,★☆☆☆☆,0.0,2.0,-1,-10.9,0.0,3.3,0.0,12.2,0.0,0.0,0.0,,,0.0,-1.5,1.6,4.3,1196,1236.0,0.3,0.9,179,買い出来高優勢 / MA上昇配列 / パーフェクトオーダー / 52週高値目前
9115,明海グループ,海運業,17.5,17.5,1,498,★☆☆☆☆,0.0,3.5,32,-6.9,0.0,4.0,0.0,10.0,0.0,0.0,0.0,,,0.0,27.3,10.2,10.6,846,1061.0,-6.0,0.7,116,資金流入増 / MA上昇配列 / パーフェクトオーダー
9434,ソフトバンク,情報・通信業,17.5,17.5,1,499,★☆☆☆☆,0.0,2.0,-1,-12.0,0.0,2.0,0.0,13.5,0.0,0.0,0.0,,,0.0,-4.9,1.7,2.6,230,237.6999969482422,1.7,0.7,17961,MA上昇配列 / パーフェクトオーダー / 52週高値目前
6301,小松製作所,機械,17.5,17.5,1,500,★☆☆☆☆,0.0,4.0,-1,-8.3,0.0,0.0,0.0,13.5,0.0,0.0,0.0,,,0.0,-1.0,2.5,5.1,7168,7538.0,6.7,0.9,19770,25MA上抜け6日目 / MA上昇配列 / パーフェクトオーダー / 52週高値目前
2001,ニップン,食料品,17.5,17.5,1,501,★☆☆☆☆,0.0,2.0,-1,-13.8,0.0,2.0,0.0,13.5,0.0,0.0,0.0,,,0.0,-7.6,1.4,1.3,2827,2906.0,-1.5,0.6,506,MA上昇配列 / パーフェクトオーダー / 52週高値目前
6305,日立建機,機械,17.4,17.4,1,502,★☆☆☆☆,0.0,4.0,-1,-8.1,0.0,2.0,0.0,11.0,0.0,0.4,0.0,,,0.0,-3.3,3.1,4.2,5460,5824.0,3.2,0.9,14603,25MA上抜け6日目 / 資金流入増 / MA上昇配列 / パーフェクトオーダー / 開示[自己株式取得](12日前)
4684,オービック,情報・通信業,17.4,17.4,1,503,★☆☆☆☆,0.0,2.0,-1,-15.2,0.0,6.7,0.0,8.7,0.0,0.0,0.0,,,0.0,-0.9,2.4,9.2,4800,5041.0,6.6,2.2,7083,出来高増2.2倍 / 買い出来高優勢 / MA上昇配列
7868,広済堂ホールディングス,その他製品,17.3,17.3,1,504,★☆☆☆☆,0.0,8.0,10,-6.7,0.0,3.3,0.0,6.0,0.0,0.0,0.0,,,0.0,2.3,3.1,2.9,522,556.0,-1.9,0.5,250,RS転換10日目 / 買い出来高優勢
3222,ユナイテッド・スーパーマーケット・ホールディングス,小売業,17.3,17.3,1,505,★☆☆☆☆,0.0,4.0,-1,-14.9,0.0,5.3,0.0,8.0,0.0,0.0,0.0,,,0.0,-9.4,1.8,1.3,796,826.0,-1.4,2.3,708,25MA上抜け8日目 / 出来高増2.3倍 / 資金流入増 / MA上昇配列
296A,令和アカウンティング・ホールディングス,サービス業,17.3,17.3,1,506,★☆☆☆☆,0.0,8.0,29,1.2,0.0,3.3,0.0,11.0,0.0,0.0,-5.0,,,0.0,21.4,4.5,22.1,1056,1161.0,6.8,0.9,112,買い出来高優勢 / MA上昇配列 / パーフェクトオーダー / 52週高値目前 / RSI過熱(86)⚠ / 過熱⚠25MA+22%
3877,中越パルプ工業,パルプ・紙,17.3,17.3,1,507,★☆☆☆☆,0.0,2.0,-1,-5.6,0.0,4.3,0.0,11.0,0.0,0.0,0.0,,,0.0,-1.1,1.5,2.7,2175,2241.0,-0.9,0.7,100,買い出来高優勢 / MA上昇配列 / パーフェクトオーダー / 52週高値目前
6036,ＫｅｅＰｅｒ技研,サービス業,17.3,17.3,1,508,★☆☆☆☆,0.0,5.0,11,-11.2,0.0,4.3,0.0,8.0,0.0,0.0,0.0,,,0.0,9.2,4.0,10.2,3026,3290.0,0.2,0.7,453,買い出来高優勢 / MA上昇配列
2127,日本Ｍ＆Ａセンターホールディングス,サービス業,17.3,17.3,1,509,★☆☆☆☆,0.0,4.0,-1,-12.0,0.0,5.3,0.0,8.0,0.0,0.0,0.0,,,0.0,-9.2,1.9,3.4,663,688.5,2.0,2.3,1597,25MA上抜け6日目 / 出来高増2.3倍 / MA上昇配列
9843,ニトリホールディングス,小売業,17.3,17.3,1,510,★☆☆☆☆,0.0,5.0,29,-18.3,0.0,4.3,0.0,8.0,0.0,0.0,0.0,,,0.0,9.1,3.4,8.0,2862,3068.0,1.3,0.6,10938,買い出来高優勢 / MA上昇配列
5985,サンコール,金属製品,17.3,17.3,1,511,★☆☆☆☆,0.0,6.0,14,-6.8,0.0,5.3,0.0,11.0,0.0,0.0,-5.0,,,0.0,85.1,10.7,20.5,1718,2188.0,-12.5,0.7,3762,買い出来高優勢 / 資金流入増 / MA上昇配列 / パーフェクトオーダー / 過熱⚠25MA+21%
8511,日本証券金融,その他金融業,17.2,17.2,1,512,★☆☆☆☆,0.0,4.0,-1,-3.2,0.0,1.0,0.0,12.2,0.0,0.0,0.0,,,0.0,-1.7,2.1,3.4,2448,2554.0,3.0,0.6,669,25MA上抜け3日目 / MA上昇配列 / パーフェクトオーダー / 52週高値目前
9962,ミスミグループ本社,卸売業,17.2,17.2,1,513,★☆☆☆☆,0.0,10.0,0,3.3,0.0,1.0,0.0,6.2,0.0,0.0,0.0,,,0.0,0.6,3.2,0.8,3517,3754.0,3.8,1.0,6717,RS転換0日目 / RS加速+3.3 / MA上昇配列 / パーフェクトオーダー
4221,大倉工業,化学,17.2,17.2,1,514,★☆☆☆☆,0.0,7.5,36,-7.6,0.0,0.0,0.0,9.7,0.0,0.0,0.0,,,0.0,4.1,2.2,2.1,5397,5640.0,-0.7,0.4,243,高値圏かつ未過熱 / MA上昇配列 / パーフェクトオーダー / 52週高値目前
8053,住友商事,卸売業,17.2,17.2,1,515,★☆☆☆☆,0.0,9.0,29,-1.3,0.0,0.0,0.0,8.2,0.0,0.0,0.0,,,0.0,4.2,2.6,3.7,1684,1775.5,3.9,0.8,18548,高値圏かつ未過熱 / MA上昇配列 / パーフェクトオーダー
8244,近鉄百貨店,小売業,17.2,17.2,1,516,★☆☆☆☆,0.0,2.0,-1,-8.2,0.0,7.7,0.0,7.5,0.0,0.0,0.0,,,0.0,-1.5,1.5,6.8,1949,2008.0,4.5,2.5,153,出来高増2.5倍 / 買い出来高優勢 / MA上昇配列 / パーフェクトオーダー / RSI過熱(95)⚠
5269,日本コンクリート工業,ガラス・土石製品,17.2,17.2,1,517,★☆☆☆☆,0.0,3.5,35,-10.9,0.0,4.0,0.0,9.7,0.0,0.0,0.0,,,0.0,4.0,2.5,5.8,363,382.0,-0.5,0.8,105,資金流入増 / MA上昇配列 / パーフェクトオーダー
4680,ラウンドワン,サービス業,17.2,17.2,1,518,★☆☆☆☆,0.0,8.0,0,-10.7,0.0,2.0,0.0,7.2,0.0,0.0,0.0,,,0.0,0.6,5.1,4.4,1209,1347.5,0.7,0.5,4090,RS転換0日目 / MA上昇配列 / パーフェクトオーダー
6994,指月電機製作所,電気機器,17.0,17.0,1,519,★☆☆☆☆,0.0,9.0,11,13.0,0.0,2.0,0.0,6.0,0.0,0.0,0.0,,,0.0,22.9,5.0,9.3,1104,1227.0,6.4,0.5,395,RS加速+13.0
7182,ゆうちょ銀行,銀行業,17.0,17.0,1,520,★☆☆☆☆,0.0,4.0,-1,7.9,0.0,1.0,0.0,12.0,0.0,0.0,0.0,,,0.0,-0.1,2.6,3.7,3160,3335.0,5.8,0.8,19462,RS加速+7.9 / MA上昇配列 / パーフェクトオーダー
4967,小林製薬,化学,17.0,17.0,1,521,★☆☆☆☆,0.0,4.0,-1,-12.2,0.0,3.0,0.0,10.0,0.0,0.0,0.0,,,0.0,-8.1,1.4,1.6,5527,5690.0,1.0,1.9,1201,25MA上抜け6日目 / MA上昇配列 / パーフェクトオーダー
2270,雪印メグミルク,食料品,17.0,17.0,1,522,★☆☆☆☆,0.0,4.0,-1,-12.0,0.0,1.0,0.0,12.0,0.0,0.0,0.0,,,0.0,-12.4,1.8,0.7,3599,3735.0,1.8,0.6,697,25MA上抜け2日目 / MA上昇配列 / パーフェクトオーダー
4933,Ｉ－ｎｅ,化学,17.0,17.0,1,523,★☆☆☆☆,0.0,5.0,29,-9.2,0.0,3.3,0.0,8.7,0.0,0.0,0.0,,,0.0,8.6,3.3,8.6,1379,1477.0,2.5,0.5,105,買い出来高優勢 / MA上昇配列 / パーフェクトオーダー
4620,藤倉化成,化学,17.0,17.0,1,524,★☆☆☆☆,0.0,10.0,5,8.7,0.0,1.0,0.0,6.0,0.0,0.0,0.0,,,0.0,9.4,3.3,5.4,905,968.0,2.0,0.8,131,RS転換5日目 / RS加速+8.7
7186,横浜フィナンシャルグループ,銀行業,17.0,17.0,1,525,★☆☆☆☆,0.0,4.0,-1,-0.1,0.0,1.0,0.0,12.0,0.0,0.0,0.0,,,0.0,-2.5,2.4,2.5,1840,1933.0,2.7,1.0,6980,25MA上抜け3日目 / MA上昇配列 / パーフェクトオーダー
6027,弁護士ドットコム,サービス業,17.0,17.0,1,526,★☆☆☆☆,0.0,9.0,14,11.2,0.0,6.3,0.0,6.7,0.0,0.0,-5.0,,,0.0,112.3,9.2,55.6,4172,5110.0,14.2,1.3,1884,RS加速+11.2 / 買い出来高優勢 / 資金流入増 / MA上昇配列 / 過熱⚠25MA+56%
6245,ヒラノテクシード,機械,17.0,17.0,1,527,★☆☆☆☆,0.0,9.0,12,3.8,0.0,2.0,0.0,6.0,0.0,0.0,0.0,,,0.0,9.8,3.5,7.9,1717,1845.0,6.1,0.6,132,RS加速+3.8
2002,日清製粉グループ本社,食料品,17.0,17.0,1,528,★☆☆☆☆,0.0,4.0,-1,-14.1,0.0,1.0,0.0,12.0,0.0,0.0,0.0,,,0.0,-10.9,1.7,0.3,1969,2038.0,-1.5,0.8,1946,25MA上抜け7日目 / MA上昇配列 / パーフェクトオーダー
6525,ＫＯＫＵＳＡＩ　ＥＬＥＣＴＲＩＣ,電気機器,17.0,17.0,1,529,★☆☆☆☆,0.0,10.0,2,39.5,0.0,2.0,0.0,5.0,0.0,0.0,0.0,,,0.0,31.4,6.1,8.4,7822,8911.0,7.1,0.8,63470,RS転換2日目 / RS加速+39.5
9468,ＫＡＤＯＫＡＷＡ,情報・通信業,17.0,17.0,1,530,★☆☆☆☆,0.0,4.0,-1,-3.6,0.0,2.0,0.0,11.0,0.0,0.0,0.0,,,0.0,-2.6,2.5,5.3,3561,3749.0,6.3,0.7,1702,25MA上抜け4日目 / MA上昇配列 / パーフェクトオーダー
4406,新日本理化,化学,17.0,17.0,1,531,★☆☆☆☆,0.0,5.0,29,-3.3,0.0,5.3,0.0,6.7,0.0,0.0,0.0,,,0.0,19.2,4.5,10.2,230,253.0,3.3,0.2,119,買い出来高優勢 / 資金流入増 / MA上昇配列
5301,東海カーボン,ガラス・土石製品,17.0,17.0,1,532,★☆☆☆☆,0.0,14.0,1,-0.4,0.0,1.0,0.0,2.0,0.0,0.0,0.0,,,0.0,2.7,3.4,0.2,1568,1681.5,-0.2,0.7,2996,RS転換1日目 / 25MA上抜け0日目 / 高値圏かつ未過熱
9039,サカイ引越センター,陸運業,17.0,17.0,1,533,★☆☆☆☆,0.0,4.0,-1,-12.1,0.0,1.0,0.0,12.0,0.0,0.0,0.0,,,0.0,-9.3,1.7,0.7,2891,2995.0,-1.2,1.0,253,25MA上抜け10日目 / MA上昇配列 / パーフェクトオーダー
3950,ザ・パック,パルプ・紙,17.0,17.0,1,534,★☆☆☆☆,0.0,2.0,-1,-8.3,0.0,0.0,0.0,15.0,0.0,0.0,0.0,,,0.0,-4.0,1.9,3.8,1470,1527.0,1.2,0.7,171,MA上昇配列 / パーフェクトオーダー / 52週高値ブレイク!
9072,ニッコンホールディングス,陸運業,17.0,17.0,1,535,★☆☆☆☆,0.0,8.0,8,-3.1,0.0,2.0,0.0,7.0,0.0,0.0,0.0,,,0.0,0.8,3.3,2.9,5098,5455.0,0.1,0.6,1128,RS転換8日目
5381,マイポックス,ガラス・土石製品,17.0,17.0,1,536,★☆☆☆☆,0.0,9.0,12,21.6,0.0,2.0,0.0,6.0,0.0,0.0,0.0,,,0.0,32.7,5.2,10.5,878,980.0,4.1,0.8,233,RS加速+21.6
6277,ホソカワミクロン,機械,17.0,17.0,1,537,★☆☆☆☆,0.0,7.0,28,-3.4,0.0,1.0,0.0,9.0,0.0,0.0,0.0,,,0.0,4.9,2.9,8.3,5276,5600.0,5.7,0.9,192,25MA上抜け6日目 / MA上昇配列
4718,早稲田アカデミー,サービス業,17.0,17.0,1,538,★☆☆☆☆,0.0,4.0,-1,-8.7,0.0,2.0,0.0,11.0,0.0,0.0,0.0,,,0.0,-8.6,2.4,3.7,2414,2536.0,4.1,1.1,110,25MA上抜け6日目 / MA上昇配列 / パーフェクトオーダー
4691,ワシントンホテル,サービス業,17.0,17.0,1,539,★☆☆☆☆,0.0,10.0,3,12.2,0.0,1.0,0.0,6.0,0.0,0.0,0.0,,,0.0,12.4,4.7,9.7,2201,2431.0,6.9,0.8,166,RS転換3日目 / RS加速+12.2
8818,京阪神ビルディング,不動産業,17.0,17.0,1,540,★☆☆☆☆,0.0,4.0,-1,-8.7,0.0,1.0,0.0,12.0,0.0,0.0,0.0,,,0.0,-6.9,2.1,2.3,1079,1126.0,0.6,1.4,411,25MA上抜け6日目 / MA上昇配列 / パーフェクトオーダー
7752,リコー,電気機器,17.0,17.0,1,541,★☆☆☆☆,0.0,2.0,-1,-9.8,0.0,3.0,0.0,12.0,0.0,0.0,0.0,,,0.0,-4.1,2.1,4.5,1624,1695.0,3.2,0.5,4800,MA上昇配列 / パーフェクトオーダー
8923,トーセイ,不動産業,17.0,17.0,1,542,★☆☆☆☆,0.0,4.0,-1,-12.1,0.0,1.0,0.0,12.0,0.0,0.0,0.0,,,0.0,-7.9,1.7,2.5,1773,1835.0,0.3,1.3,316,25MA上抜け6日目 / MA上昇配列 / パーフェクトオーダー
3854,アイル,情報・通信業,17.0,17.0,1,543,★☆☆☆☆,0.0,8.0,0,-11.5,0.0,1.0,0.0,8.0,0.0,0.0,0.0,,,0.0,0.2,2.9,6.3,2339,2483.0,0.2,1.2,250,RS転換0日目 / MA上昇配列
8233,高島屋,小売業,17.0,17.0,1,544,★☆☆☆☆,0.0,4.0,-1,-8.1,0.0,1.0,0.0,12.0,0.0,0.0,0.0,,,0.0,-1.8,2.6,4.2,2274,2400.5,1.6,1.3,3834,25MA上抜け6日目 / MA上昇配列 / パーフェクトオーダー
9743,丹青社,サービス業,17.0,17.0,1,545,★☆☆☆☆,0.0,7.5,33,-8.0,0.0,2.0,0.0,7.5,0.0,0.0,0.0,,,0.0,3.2,1.5,5.3,1482,1527.0,1.9,0.5,605,高値圏かつ未過熱 / MA上昇配列 / RSI過熱(88)⚠
4393,バンク・オブ・イノベーション,情報・通信業,16.9,16.9,1,546,★☆☆☆☆,0.0,5.5,32,1.4,0.0,7.7,0.0,6.7,0.0,0.0,-3.0,,,0.0,16.6,4.7,15.0,5396,5950.0,9.8,2.5,271,出来高増2.5倍 / 買い出来高優勢 / MA上昇配列 / 伸びすぎ注意(25MA+15%)
4776,サイボウズ,情報・通信業,16.9,16.9,1,547,★☆☆☆☆,0.0,3.5,37,-11.2,0.0,6.7,0.0,9.7,0.0,0.0,-3.0,,,0.0,14.3,3.9,17.3,3081,3345.0,8.3,3.1,908,出来高急増3.1倍 / MA上昇配列 / パーフェクトオーダー / 伸びすぎ注意(25MA+17%)
1514,住石ホールディングス,鉱業,16.9,16.9,1,548,★☆☆☆☆,0.0,3.5,33,-7.4,0.0,3.0,0.0,8.0,0.0,2.4,0.0,,,0.0,10.9,4.3,5.7,612,669.0,-5.2,1.1,325,MA上昇配列 / 開示[自己株式の取得](3日前)
8139,ナガホリ,卸売業,16.8,16.8,1,549,★☆☆☆☆,0.0,8.0,8,-13.5,0.0,5.3,0.0,3.5,0.0,0.0,0.0,,,0.0,4.6,6.2,3.0,1989,2268.0,-5.3,0.3,157,RS転換8日目 / 買い出来高優勢 / 資金流入増
2292,Ｓ　Ｆｏｏｄｓ,食料品,16.7,16.7,1,550,★☆☆☆☆,0.0,4.0,-1,-10.0,0.0,5.0,0.0,7.7,0.0,0.0,0.0,,,0.0,-4.5,1.5,4.0,2784,2867.0,1.2,1.9,777,25MA上抜け10日目 / MA上昇配列
6282,オイレス工業,機械,16.7,16.7,1,551,★☆☆☆☆,0.0,4.0,-1,-8.0,0.0,3.0,0.0,9.7,0.0,0.0,0.0,,,0.0,-3.6,1.4,1.4,2856,2936.0,1.5,1.4,221,25MA上抜け6日目 / MA上昇配列 / パーフェクトオーダー / 52週高値目前
8185,チヨダ,小売業,16.7,16.7,1,552,★☆☆☆☆,0.0,2.0,-1,-12.2,0.0,6.7,0.0,8.0,0.0,0.0,0.0,,,0.0,-4.4,1.1,1.2,991,1014.0,-2.0,3.2,185,出来高急増3.2倍 / MA上昇配列
4028,石原産業,化学,16.7,16.7,1,553,★☆☆☆☆,0.0,5.0,28,-1.7,0.0,2.0,0.0,9.7,0.0,0.0,0.0,,,0.0,3.1,2.8,3.9,2999,3180.0,1.1,0.6,811,MA上昇配列 / パーフェクトオーダー
4956,コニシ,化学,16.7,16.7,1,554,★☆☆☆☆,0.0,4.0,-1,-5.4,0.0,2.0,0.0,10.7,0.0,0.0,0.0,,,0.0,-4.5,1.8,1.9,1424,1477.0,2.6,0.8,124,25MA上抜け2日目 / MA上昇配列 / パーフェクトオーダー
6838,多摩川ホールディングス,電気機器,16.7,16.7,1,555,★☆☆☆☆,0.0,11.0,12,10.4,0.0,2.0,0.0,3.7,0.0,0.0,0.0,,,0.0,11.3,4.9,1.8,1307,1448.0,2.8,0.6,293,RS加速+10.4 / 25MA上抜け2日目
3087,ドトール・日レスホールディングス,小売業,16.5,16.5,1,556,★☆☆☆☆,0.0,2.0,-1,-11.2,0.0,2.0,0.0,12.5,0.0,0.0,0.0,,,0.0,-3.2,1.9,6.5,3282,3410.0,4.6,0.8,436,MA上昇配列 / パーフェクトオーダー / 52週高値ブレイク! / RSI過熱(87)⚠
2109,ＤＭ三井製糖,食料品,16.5,16.5,1,557,★☆☆☆☆,0.0,2.0,-1,-14.2,0.0,1.0,0.0,13.5,0.0,0.0,0.0,,,0.0,-4.5,1.5,3.6,3557,3665.0,0.1,0.7,163,MA上昇配列 / パーフェクトオーダー / 52週高値目前
3895,ハビックス,パルプ・紙,16.5,16.5,1,558,★☆☆☆☆,0.0,5.0,29,-12.8,0.0,4.0,0.0,7.5,0.0,0.0,0.0,,,0.0,10.5,7.5,5.6,405,476.0,-4.4,0.1,130,資金流入増 / MA上昇配列 / パーフェクトオーダー
7278,エクセディ,輸送用機器,16.5,16.5,1,559,★☆☆☆☆,0.0,2.0,-1,-10.0,0.0,1.0,0.0,13.5,0.0,0.0,0.0,,,0.0,-6.5,1.3,1.7,6024,6190.0,0.3,1.1,1161,MA上昇配列 / パーフェクトオーダー / 52週高値目前
3850,エヌ・ティ・ティ・データ・イントラマート,情報・通信業,16.5,16.5,1,560,★☆☆☆☆,0.0,3.5,47,-8.0,0.0,4.0,0.0,9.0,0.0,0.0,0.0,,,0.0,6.7,3.0,9.5,3367,3580.0,5.6,1.5,118,MA上昇配列
3402,東レ,繊維製品,16.5,16.5,1,561,★☆☆☆☆,0.0,7.5,31,-6.5,0.0,2.0,0.0,7.0,0.0,0.0,0.0,,,0.0,4.2,2.4,2.4,1226,1288.5,-0.8,0.7,7318,高値圏かつ未過熱 / MA上昇配列 / パーフェクトオーダー
4689,ＬＩＮＥヤフー,情報・通信業,16.5,16.5,1,562,★☆☆☆☆,0.0,3.5,36,-7.3,0.0,4.3,0.0,8.7,0.0,0.0,0.0,,,0.0,13.5,2.7,12.8,524,554.0,5.4,0.9,10654,買い出来高優勢 / MA上昇配列 / パーフェクトオーダー
7516,コーナン商事,小売業,16.5,16.5,1,563,★☆☆☆☆,0.0,2.0,-1,-13.4,0.0,1.0,0.0,13.5,0.0,0.0,0.0,,,0.0,-3.5,1.6,4.1,4274,4420.0,-0.0,1.5,391,MA上昇配列 / パーフェクトオーダー / 52週高値目前
4272,日本化薬,化学,16.5,16.5,1,564,★☆☆☆☆,0.0,9.0,28,-3.6,0.0,2.0,0.0,5.5,0.0,0.0,0.0,,,0.0,1.9,1.8,1.9,2001,2077.5,-0.3,0.8,1165,高値圏かつ未過熱
2053,中部飼料,食料品,16.5,16.5,1,565,★☆☆☆☆,0.0,2.0,-1,-9.3,0.0,1.0,0.0,13.5,0.0,0.0,0.0,,,0.0,-5.4,1.7,1.8,1934,2002.0,-1.4,0.8,122,MA上昇配列 / パーフェクトオーダー / 52週高値目前
3660,アイスタイル,情報・通信業,16.5,16.5,1,566,★☆☆☆☆,0.0,3.5,33,-11.6,0.0,5.0,0.0,8.0,0.0,0.0,0.0,,,0.0,18.4,4.9,14.7,493,547.0,2.6,1.2,965,資金流入増 / MA上昇配列
9303,住友倉庫,倉庫・運輸関連業,16.5,16.5,1,567,★☆☆☆☆,0.0,2.0,-1,-10.4,0.0,1.0,0.0,13.5,0.0,0.0,0.0,,,0.0,-4.9,1.7,3.1,4084,4230.0,1.7,1.0,454,MA上昇配列 / パーフェクトオーダー / 52週高値目前
3708,特種東海製紙,パルプ・紙,16.5,16.5,1,568,★☆☆☆☆,0.0,2.0,-1,-6.2,0.0,1.0,0.0,13.5,0.0,0.0,0.0,,,0.0,-4.4,2.3,3.2,2088,2191.0,0.8,0.7,125,MA上昇配列 / パーフェクトオーダー / 52週高値目前
9404,日本テレビホールディングス,情報・通信業,16.4,16.4,1,569,★☆☆☆☆,0.0,4.0,-1,-11.8,0.0,2.0,0.0,8.0,0.0,2.4,0.0,,,0.0,-6.5,2.0,3.2,2911,3030.0,2.6,0.7,1425,25MA上抜け10日目 / MA上昇配列 / 開示[自己株式の取得](3日前)
2331,ＡＬＳＯＫ,サービス業,16.3,16.3,1,570,★☆☆☆☆,0.0,2.0,-1,-12.6,0.0,4.3,0.0,10.0,0.0,0.0,0.0,,,0.0,-7.8,1.8,2.6,1158,1202.5,1.5,2.2,1546,出来高増2.2倍 / MA上昇配列
3679,じげん,情報・通信業,16.3,16.3,1,571,★☆☆☆☆,0.0,2.0,-1,-15.2,0.0,6.3,0.0,8.0,0.0,0.0,0.0,,,0.0,-0.3,2.8,4.9,430,455.0,-1.7,2.0,138,出来高増2.0倍 / MA上昇配列
2918,わらべや日洋ホールディングス,食料品,16.3,16.3,1,572,★☆☆☆☆,0.0,2.0,-1,-10.9,0.0,6.3,0.0,8.0,0.0,0.0,0.0,,,0.0,-6.5,1.3,2.0,2737,2808.0,-0.1,1.8,318,買い出来高優勢 / MA上昇配列
8132,シナネンホールディングス,卸売業,16.3,16.3,1,573,★☆☆☆☆,0.0,5.0,12,-21.9,0.0,5.3,0.0,4.5,0.0,1.5,0.0,,,0.0,5.0,6.6,3.5,6636,7640.0,-11.7,0.3,200,買い出来高優勢 / 資金流入増 / 開示[自己株式の取得](7日前)
9505,北陸電力,電気・ガス業,16.3,16.3,1,574,★☆☆☆☆,0.0,2.0,-1,-11.0,0.0,5.3,0.0,9.0,0.0,0.0,0.0,,,0.0,-6.2,2.2,3.5,951,994.5,0.4,2.6,875,出来高増2.6倍 / MA上昇配列
6418,日本金銭機械,機械,16.3,16.3,1,575,★☆☆☆☆,0.0,3.5,36,-10.1,0.0,4.3,0.0,8.5,0.0,0.0,0.0,,,0.0,5.0,3.1,5.2,1178,1255.0,1.6,0.7,216,買い出来高優勢 / MA上昇配列 / パーフェクトオーダー
3903,ｇｕｍｉ,情報・通信業,16.3,16.3,1,576,★☆☆☆☆,0.0,5.0,30,-5.1,0.0,3.3,0.0,8.0,0.0,0.0,0.0,,,0.0,7.7,3.6,8.1,262,283.0,2.5,1.0,140,買い出来高優勢 / MA上昇配列
9045,京阪ホールディングス,陸運業,16.3,16.3,1,577,★☆☆☆☆,0.0,4.0,-1,-13.1,0.0,3.3,0.0,9.0,0.0,0.0,0.0,,,0.0,-11.4,1.4,0.6,3135,3224.0,0.4,2.6,999,25MA上抜け5日目 / 出来高増2.6倍 / MA上昇配列
4633,サカタインクス,化学,16.3,16.3,1,578,★☆☆☆☆,0.0,2.0,-1,-7.6,0.0,3.3,0.0,11.0,0.0,0.0,0.0,,,0.0,-0.5,2.4,3.7,2563,2692.0,1.7,0.7,467,買い出来高優勢 / MA上昇配列 / パーフェクトオーダー / 52週高値目前
3443,川田テクノロジーズ,金属製品,16.3,16.3,1,579,★☆☆☆☆,0.0,5.0,14,-6.3,0.0,3.3,0.0,8.0,0.0,0.0,0.0,,,0.0,1.6,2.7,4.1,1332,1409.0,0.6,0.8,411,買い出来高優勢 / MA上昇配列
247A,Ａｉロボティクス,化学,16.2,16.2,1,580,★☆☆☆☆,0.0,5.5,42,2.6,0.0,7.7,0.0,8.0,0.0,0.0,-5.0,,,0.0,24.5,5.9,21.6,953,1080.0,12.1,3.4,1490,出来高急増3.4倍 / MA上昇配列 / 過熱⚠25MA+22%
4665,ダスキン,サービス業,16.2,16.2,1,581,★☆☆☆☆,0.0,2.0,-1,-12.4,0.0,2.0,0.0,12.2,0.0,0.0,0.0,,,0.0,-6.0,1.9,2.9,4504,4682.0,-0.2,0.7,537,MA上昇配列 / パーフェクトオーダー / 52週高値目前
9310,日本トランスシティ,倉庫・運輸関連業,16.1,16.099999999999998,1,582,★☆☆☆☆,0.0,4.0,-1,-16.6,0.0,3.0,0.0,8.2,0.0,0.9,0.0,,,0.0,-5.0,3.5,2.5,1324,1422.0,1.4,1.0,196,25MA上抜け2日目 / MA上昇配列 / パーフェクトオーダー / 開示[自己株式の取得](10日前)
3663,セルシス,情報・通信業,16.0,16.0,1,583,★☆☆☆☆,0.0,4.0,-1,-8.1,0.0,0.0,0.0,12.0,0.0,0.0,0.0,,,0.0,-6.2,3.7,6.8,1842,1988.0,5.7,0.9,488,25MA上抜け6日目 / MA上昇配列 / パーフェクトオーダー
4506,住友ファーマ,医薬品,16.0,16.0,1,584,★☆☆☆☆,0.0,8.0,8,-2.6,0.0,2.0,0.0,6.0,0.0,0.0,0.0,,,0.0,7.7,3.4,10.3,1384,1485.0,5.2,0.7,4990,RS転換8日目
9037,ハマキョウレックス,陸運業,16.0,16.0,1,585,★☆☆☆☆,0.0,2.0,-1,-10.4,0.0,2.0,0.0,12.0,0.0,0.0,0.0,,,0.0,-6.1,1.7,1.0,1799,1863.0,0.2,0.5,276,MA上昇配列 / パーフェクトオーダー
5943,ノーリツ,金属製品,16.0,16.0,1,586,★☆☆☆☆,0.0,2.0,-1,-11.8,0.0,2.0,0.0,12.0,0.0,0.0,0.0,,,0.0,-7.0,1.5,1.8,2363,2438.0,0.5,1.1,206,MA上昇配列 / パーフェクトオーダー
8708,アイザワ証券グループ,証券、商品先物取引業,16.0,16.0,1,587,★☆☆☆☆,0.0,5.5,36,0.3,0.0,3.0,0.0,7.5,0.0,0.0,0.0,,,0.0,7.5,2.0,9.9,1815,1890.0,7.6,1.4,257,MA上昇配列 / パーフェクトオーダー / RSI過熱(88)⚠
6770,アルプスアルパイン,電気機器,16.0,16.0,1,588,★☆☆☆☆,0.0,4.0,-1,-9.8,0.0,0.0,0.0,12.0,0.0,0.0,0.0,,,0.0,-7.5,2.6,2.8,2124,2239.0,2.1,0.8,3305,25MA上抜け6日目 / MA上昇配列 / パーフェクトオーダー
6653,正興電機製作所,電気機器,16.0,16.0,1,589,★☆☆☆☆,0.0,10.0,1,7.1,0.0,1.0,0.0,5.0,0.0,0.0,0.0,,,0.0,3.6,2.9,2.5,2118,2249.0,5.0,0.7,226,RS転換1日目 / RS加速+7.1
7956,ピジョン,その他製品,16.0,16.0,1,590,★☆☆☆☆,0.0,2.0,-1,-13.0,0.0,4.0,0.0,10.0,0.0,0.0,0.0,,,0.0,-3.5,2.0,3.0,2052,2137.0,-0.9,1.7,2216,MA上昇配列 / パーフェクトオーダー
285A,キオクシアホールディングス,電気機器,16.0,16.0,1,591,★☆☆☆☆,0.0,10.0,2,25.5,0.0,3.3,0.0,2.7,0.0,0.0,0.0,,,0.0,13.9,9.7,-5.2,38606,47900.0,-11.8,0.7,2101361,RS転換2日目 / RS加速+25.5 / 買い出来高優勢
6762,ＴＤＫ,電気機器,16.0,16.0,1,592,★☆☆☆☆,0.0,10.0,1,5.1,0.0,1.0,0.0,5.0,0.0,0.0,0.0,,,0.0,3.4,3.3,2.1,2905,3112.0,2.3,0.7,30727,RS転換1日目 / RS加速+5.1
3771,システムリサーチ,情報・通信業,16.0,16.0,1,593,★☆☆☆☆,0.0,2.0,-1,-13.2,0.0,5.0,0.0,9.0,0.0,0.0,0.0,,,0.0,-2.7,2.4,4.6,1867,1960.0,-0.2,1.7,119,MA上昇配列
5889,Ｊａｐａｎ　Ｅｙｅｗｅａｒ　Ｈｏｌｄｉｎｇｓ,小売業,16.0,16.0,1,594,★☆☆☆☆,0.0,2.0,-1,-11.2,0.0,4.0,0.0,10.0,0.0,0.0,0.0,,,0.0,-0.2,2.6,5.4,2526,2666.0,1.5,1.6,238,MA上昇配列 / パーフェクトオーダー
2379,ディップ,サービス業,16.0,16.0,1,595,★☆☆☆☆,0.0,4.0,-1,-13.9,0.0,4.0,0.0,8.0,0.0,0.0,0.0,,,0.0,-7.8,1.3,1.7,1790,1840.0,0.4,1.7,611,25MA上抜け7日目 / MA上昇配列
7914,共同印刷,その他製品,16.0,16.0,1,596,★☆☆☆☆,0.0,2.0,-1,-9.8,0.0,3.0,0.0,11.0,0.0,0.0,0.0,,,0.0,-0.7,1.8,3.6,1690,1755.0,-0.9,0.6,142,MA上昇配列 / パーフェクトオーダー / 52週高値目前
9744,メイテックグループホールディングス,サービス業,16.0,16.0,1,597,★☆☆☆☆,0.0,2.0,-1,-10.5,0.0,5.3,0.0,8.7,0.0,0.0,0.0,,,0.0,-6.7,1.2,2.7,3341,3422.0,2.5,1.8,1120,買い出来高優勢 / MA上昇配列
5707,東邦亜鉛,非鉄金属,16.0,16.0,1,598,★☆☆☆☆,0.0,7.0,26,1.6,0.0,4.0,0.0,8.0,0.0,0.0,-3.0,,,0.0,38.1,8.1,16.9,991,1182.0,3.2,1.1,1271,資金流入増 / MA上昇配列 / 伸びすぎ注意(25MA+17%)
7860,エイベックス,情報・通信業,16.0,16.0,1,599,★☆☆☆☆,0.0,4.0,-1,-13.0,0.0,1.0,0.0,11.0,0.0,0.0,0.0,,,0.0,-11.6,1.7,1.0,1245,1288.0,0.9,0.5,207,25MA上抜け6日目 / MA上昇配列 / パーフェクトオーダー
8595,ジャフコ　グループ,証券、商品先物取引業,16.0,16.0,1,600,★☆☆☆☆,0.0,4.0,-1,-3.5,0.0,3.3,0.0,8.7,0.0,0.0,0.0,,,0.0,-3.8,1.0,2.9,2302,2348.0,2.1,1.0,678,25MA上抜け6日目 / 買い出来高優勢 / MA上昇配列
8572,アコム,その他金融業,16.0,16.0,1,601,★☆☆☆☆,0.0,4.0,-1,-7.8,0.0,2.0,0.0,10.0,0.0,0.0,0.0,,,0.0,-7.3,1.2,1.1,478,489.70001220703125,0.2,1.0,575,25MA上抜け5日目 / MA上昇配列
8892,エスコン,不動産業,16.0,16.0,1,602,★☆☆☆☆,0.0,4.0,-1,-7.7,0.0,0.0,0.0,12.0,0.0,0.0,0.0,,,0.0,-3.6,1.5,1.9,1091,1125.0,-1.3,0.9,201,25MA上抜け6日目 / MA上昇配列 / パーフェクトオーダー
1961,三機工業,建設業,16.0,16.0,1,603,★☆☆☆☆,0.0,10.0,1,5.1,0.0,1.0,0.0,5.0,0.0,0.0,0.0,,,0.0,2.3,3.3,2.3,2280,2440.0,3.4,1.3,1855,RS転換1日目 / RS加速+5.1
4259,エクサウィザーズ,情報・通信業,16.0,16.0,1,604,★☆☆☆☆,0.0,10.0,0,3.3,0.0,2.0,0.0,3.7,0.0,0.3,0.0,,,0.0,5.6,5.9,7.6,748,848.0,5.5,1.2,1347,RS転換0日目 / RS加速+3.3 / 開示[AI](11日前)
4592,サンバイオ,医薬品,16.0,16.0,1,605,★☆☆☆☆,0.0,10.0,6,5.3,0.0,1.0,0.0,5.0,0.0,0.0,0.0,,,0.0,6.8,4.1,5.1,948,1032.0,2.2,1.3,638,RS転換6日目 / RS加速+5.3
2212,山崎製パン,食料品,16.0,16.0,1,606,★☆☆☆☆,0.0,2.0,-1,-16.0,0.0,4.0,0.0,10.0,0.0,0.0,0.0,,,0.0,-6.0,2.1,3.4,3494,3645.0,0.9,1.7,2504,MA上昇配列
3131,シンデン・ハイテックス,卸売業,16.0,16.0,1,607,★☆☆☆☆,0.0,3.5,39,-8.2,0.0,4.0,0.0,8.5,0.0,0.0,0.0,,,0.0,63.2,9.0,14.1,4899,5970.0,-1.8,0.2,493,資金流入増 / MA上昇配列 / パーフェクトオーダー
7180,九州フィナンシャルグループ,銀行業,16.0,16.0,1,608,★☆☆☆☆,0.0,4.0,-1,3.8,0.0,0.0,0.0,12.0,0.0,0.0,0.0,,,0.0,-1.7,2.6,2.6,1485,1565.5,3.9,0.7,1763,RS加速+3.8 / MA上昇配列 / パーフェクトオーダー
8876,リログループ,サービス業,16.0,16.0,1,609,★☆☆☆☆,0.0,2.0,-1,-9.6,0.0,2.0,0.0,12.0,0.0,0.0,0.0,,,0.0,-1.0,1.7,3.6,2103,2179.0,0.8,0.5,917,MA上昇配列 / パーフェクトオーダー
3151,バイタルケーエスケー・ホールディングス,卸売業,16.0,16.0,1,610,★☆☆☆☆,0.0,4.0,-1,-11.4,0.0,0.0,0.0,12.0,0.0,0.0,0.0,,,0.0,-9.4,1.8,2.1,1613,1673.0,0.1,1.0,136,25MA上抜け6日目 / MA上昇配列 / パーフェクトオーダー
2433,博報堂ＤＹホールディングス,サービス業,16.0,16.0,1,611,★☆☆☆☆,0.0,4.0,-1,-16.3,0.0,2.0,0.0,10.0,0.0,0.0,0.0,,,0.0,-8.4,2.6,5.2,1290,1360.5,4.1,0.8,1195,25MA上抜け10日目 / MA上昇配列 / パーフェクトオーダー
9227,マイクロ波化学,サービス業,16.0,16.0,1,612,★☆☆☆☆,0.0,8.0,0,-9.0,0.0,2.0,0.0,6.0,0.0,0.0,0.0,,,0.0,3.0,4.0,8.8,900,979.0,8.8,0.7,181,RS転換0日目
4587,ペプチドリーム,医薬品,16.0,16.0,1,613,★☆☆☆☆,0.0,8.0,8,-6.0,0.0,2.0,0.0,6.0,0.0,0.0,0.0,,,0.0,11.6,4.4,9.9,1016,1114.5,0.0,1.0,1139,RS転換8日目
8214,ＡＯＫＩホールディングス,小売業,16.0,16.0,1,614,★☆☆☆☆,0.0,4.0,-1,-10.4,0.0,2.0,0.0,10.0,0.0,0.0,0.0,,,0.0,-6.7,1.6,2.9,1721,1780.0,2.5,0.7,312,25MA上抜け6日目 / MA上昇配列
4165,プレイド,情報・通信業,16.0,16.0,1,615,★☆☆☆☆,0.0,8.0,10,-15.5,0.0,3.0,0.0,8.0,0.0,0.0,-3.0,,,0.0,17.8,5.1,15.5,661,736.0,0.3,1.2,362,RS転換10日目 / MA上昇配列 / 伸びすぎ注意(25MA+16%)
7282,豊田合成,輸送用機器,16.0,16.0,1,616,★☆☆☆☆,0.0,4.0,-1,-9.7,0.0,0.0,0.0,12.0,0.0,0.0,0.0,,,0.0,-4.4,2.5,3.2,5137,5407.0,1.3,0.8,2831,25MA上抜け6日目 / MA上昇配列 / パーフェクトオーダー
590A,ギフティグループ,情報・通信業,16.0,16.0,1,617,★☆☆☆☆,0.0,5.0,29,-15.5,0.0,3.0,0.0,8.0,0.0,0.0,0.0,,,0.0,23.8,5.6,14.7,1206,1360.0,-2.4,0.9,426,MA上昇配列
3050,ＤＣＭホールディングス,小売業,16.0,16.0,1,618,★☆☆☆☆,0.0,2.0,-1,-15.3,0.0,4.0,0.0,10.0,0.0,0.0,0.0,,,0.0,-6.7,1.4,2.7,1544,1589.0,-0.0,1.8,379,MA上昇配列
6436,アマノ,機械,16.0,16.0,1,619,★☆☆☆☆,0.0,4.0,-1,-6.4,0.0,2.0,0.0,10.0,0.0,0.0,0.0,,,0.0,-5.3,1.4,2.4,3875,3990.0,3.3,1.0,1003,25MA上抜け4日目 / MA上昇配列
8103,明和産業,卸売業,16.0,16.0,1,620,★☆☆☆☆,0.0,2.0,-1,-6.1,0.0,2.0,0.0,12.0,0.0,0.0,0.0,,,0.0,-0.8,1.9,4.4,942,979.0,2.4,0.9,200,MA上昇配列 / パーフェクトオーダー
135A,ＶＲＡＩＮ　Ｓｏｌｕｔｉｏｎ,情報・通信業,16.0,16.0,1,621,★☆☆☆☆,0.0,8.0,10,-8.5,0.0,2.0,0.0,6.0,0.0,0.0,0.0,,,0.0,9.6,4.6,6.0,3819,4205.0,-4.2,0.9,215,RS転換10日目
8079,正栄食品工業,卸売業,16.0,16.0,1,622,★☆☆☆☆,0.0,2.0,-1,-12.5,0.0,3.0,0.0,11.0,0.0,0.0,0.0,,,0.0,-7.6,1.2,1.4,4404,4515.0,-1.0,1.3,145,MA上昇配列 / パーフェクトオーダー
8160,木曽路,小売業,16.0,16.0,1,623,★☆☆☆☆,0.0,4.0,-1,-13.1,0.0,2.0,0.0,10.0,0.0,0.0,0.0,,,0.0,-9.3,1.3,1.9,2421,2485.0,1.7,0.9,279,25MA上抜け6日目 / MA上昇配列
6298,ワイエイシイホールディングス,機械,16.0,16.0,1,624,★☆☆☆☆,0.0,7.0,12,2.6,0.0,2.0,0.0,7.0,0.0,0.0,0.0,,,0.0,14.5,4.1,5.8,1210,1319.0,-0.9,0.8,276,-
4765,ＳＢＩグローバルアセットマネジメント,サービス業,16.0,16.0,1,625,★☆☆☆☆,0.0,2.0,-1,-14.8,0.0,3.0,0.0,11.0,0.0,0.0,0.0,,,0.0,-4.3,2.0,6.3,625,650.0,4.0,1.3,211,MA上昇配列 / パーフェクトオーダー
8803,平和不動産,不動産業,16.0,16.0,1,626,★☆☆☆☆,0.0,4.0,-1,-10.6,0.0,0.0,0.0,12.0,0.0,0.0,0.0,,,0.0,-8.4,1.0,1.0,2337,2387.0,-0.1,0.8,429,25MA上抜け6日目 / MA上昇配列 / パーフェクトオーダー
2815,アリアケジャパン,食料品,15.9,15.9,1,627,★☆☆☆☆,0.0,4.0,-1,-12.8,0.0,2.0,0.0,9.0,0.0,0.9,0.0,,,0.0,-8.9,1.5,2.2,5333,5500.0,2.4,0.7,441,25MA上抜け6日目 / MA上昇配列 / 開示[自己株式の取得](10日前)
4109,ステラ　ケミファ,化学,15.7,15.7,1,628,★☆☆☆☆,0.0,10.0,2,4.6,0.0,2.0,0.0,3.7,0.0,0.0,0.0,,,0.0,2.0,3.0,0.1,5067,5390.0,-2.0,0.6,549,RS転換2日目 / RS加速+4.6
5195,バンドー化学,ゴム製品,15.7,15.7,1,629,★☆☆☆☆,0.0,4.0,-1,-9.7,0.0,2.0,0.0,9.7,0.0,0.0,0.0,,,0.0,-4.3,2.2,2.3,2385,2493.0,3.4,0.8,156,25MA上抜け6日目 / MA上昇配列 / パーフェクトオーダー / 52週高値目前
6492,岡野バルブ製造,機械,15.7,15.7,1,630,★☆☆☆☆,0.0,10.0,2,18.8,0.0,2.0,0.0,3.7,0.0,0.0,0.0,,,0.0,11.1,6.3,0.1,12293,14060.0,1.7,0.3,294,RS転換2日目 / RS加速+18.8
3687,フィックスターズ,情報・通信業,15.7,15.7,1,631,★☆☆☆☆,0.0,10.0,1,-0.3,0.0,2.0,0.0,3.7,0.0,0.0,0.0,,,0.0,1.7,4.5,4.1,2066,2271.0,4.1,1.2,1165,RS転換1日目 / 25MA上抜け1日目
3101,東洋紡,化学,15.7,15.7,1,632,★☆☆☆☆,0.0,10.0,3,7.0,0.0,0.0,0.0,5.7,0.0,0.0,0.0,,,0.0,4.7,3.0,2.3,1543,1641.0,0.7,0.7,1185,RS転換3日目 / RS加速+7.0
6905,コーセル,電気機器,15.7,15.7,1,633,★☆☆☆☆,0.0,10.0,1,-1.6,0.0,2.0,0.0,3.7,0.0,0.0,0.0,,,0.0,1.3,2.4,0.9,1260,1323.0,0.3,0.6,209,RS転換1日目 / 25MA上抜け1日目
4599,ステムリム,医薬品,15.7,15.7,1,634,★☆☆☆☆,0.0,5.0,21,-3.4,0.0,2.0,0.0,8.7,0.0,0.0,0.0,,,0.0,16.2,4.6,9.4,324,357.0,0.0,0.9,115,MA上昇配列 / パーフェクトオーダー
5020,ＥＮＥＯＳホールディングス,石油・石炭製品,15.7,15.7,1,635,★☆☆☆☆,0.0,4.0,-1,-6.0,0.0,2.0,0.0,9.7,0.0,0.0,0.0,,,0.0,-5.8,2.7,1.3,1253,1324.0,-0.5,0.7,9469,25MA上抜け6日目 / MA上昇配列 / パーフェクトオーダー
3148,クリエイトＳＤホールディングス,小売業,15.7,15.7,1,636,★☆☆☆☆,0.0,4.0,-1,-13.9,0.0,1.0,0.0,10.7,0.0,0.0,0.0,,,0.0,-9.8,1.4,1.3,3316,3410.0,-0.3,0.7,286,25MA上抜け9日目 / MA上昇配列 / パーフェクトオーダー
8253,クレディセゾン,その他金融業,15.7,15.7,1,637,★☆☆☆☆,0.0,4.0,-1,-4.3,0.0,2.0,0.0,9.7,0.0,0.0,0.0,,,0.0,-3.8,2.2,1.7,4533,4742.0,1.8,0.9,3029,25MA上抜け7日目 / MA上昇配列 / パーフェクトオーダー / 52週高値目前
9948,アークス,小売業,15.7,15.7,1,638,★☆☆☆☆,0.0,2.0,-1,-12.7,0.0,5.0,0.0,8.7,0.0,0.0,0.0,,,0.0,-4.9,1.6,5.0,3658,3780.0,3.1,1.6,400,MA上昇配列
8088,岩谷産業,卸売業,15.7,15.7,1,639,★☆☆☆☆,0.0,7.5,36,-8.5,0.0,1.0,0.0,7.2,0.0,0.0,0.0,,,0.0,1.2,2.2,4.2,2124,2223.5,2.1,0.7,1859,高値圏かつ未過熱 / MA上昇配列 / パーフェクトオーダー
6503,三菱電機,電気機器,15.6,15.6,1,640,★☆☆☆☆,0.0,2.0,-1,0.8,10.7,1.0,0.0,1.0,0.0,0.9,0.0,,,0.0,-1.1,3.1,-1.1,5299,5648.0,0.8,1.0,34826,AIデータセンター・電力(+2.3%) / 開示[子会社化](11日前) / 開示[子会社化](11日前)
2429,ワールドホールディングス,サービス業,15.5,15.5,1,641,★☆☆☆☆,0.0,2.0,-1,-7.6,0.0,2.0,0.0,11.5,0.0,0.0,0.0,,,0.0,-1.8,2.1,4.0,2736,2853.0,-0.5,0.9,146,MA上昇配列 / 52週高値目前
7989,立川ブラインド工業,金属製品,15.5,15.5,1,642,★☆☆☆☆,0.0,2.0,-1,-12.0,0.0,0.0,0.0,13.5,0.0,0.0,0.0,,,0.0,-6.0,1.5,2.6,2634,2715.0,-0.3,0.8,116,MA上昇配列 / パーフェクトオーダー / 52週高値目前
3558,ジェイドグループ,小売業,15.5,15.5,1,643,★☆☆☆☆,0.0,3.5,32,-4.9,0.0,2.0,0.0,10.0,0.0,0.0,0.0,,,0.0,4.7,2.1,5.9,1750,1828.0,0.0,1.0,158,MA上昇配列 / パーフェクトオーダー
4631,ＤＩＣ,化学,15.5,15.5,1,644,★☆☆☆☆,0.0,5.0,16,-7.0,0.0,2.0,0.0,8.5,0.0,0.0,0.0,,,0.0,7.8,4.3,0.3,4524,4953.0,-4.6,0.8,3833,MA上昇配列 / パーフェクトオーダー
4480,メドレー,情報・通信業,15.5,15.5,1,645,★☆☆☆☆,0.0,3.5,32,-22.0,0.0,5.3,0.0,6.7,0.0,0.0,0.0,,,0.0,21.2,5.6,13.7,2411,2714.0,-5.2,0.8,1041,買い出来高優勢 / 資金流入増 / MA上昇配列
4483,ＪＭＤＣ,情報・通信業,15.5,15.5,1,646,★☆☆☆☆,0.0,8.0,0,-2.1,0.0,2.0,0.0,5.5,0.0,0.0,0.0,,,0.0,2.0,3.4,5.0,3259,3500.0,4.0,0.5,1181,RS転換0日目 / MA上昇配列
8439,東京センチュリー,その他金融業,15.5,15.5,1,647,★☆☆☆☆,0.0,0.0,-1,-0.6,0.0,2.0,0.0,13.5,0.0,0.0,0.0,,,0.0,-4.8,1.9,4.8,2593,2696.5,5.5,1.5,1909,MA上昇配列 / パーフェクトオーダー / 52週高値目前
6814,古野電気,電気機器,15.5,15.5,1,648,★☆☆☆☆,0.0,8.0,1,-0.1,0.0,3.3,0.0,4.2,0.0,0.0,0.0,,,0.0,3.6,3.5,2.8,7205,7740.0,3.3,0.7,2326,RS転換1日目 / 買い出来高優勢 / MA上昇配列
7033,マネジメントソリューションズ,サービス業,15.5,15.5,1,649,★☆☆☆☆,0.0,3.5,32,-15.8,0.0,3.3,0.0,8.7,0.0,0.0,0.0,,,0.0,9.4,3.4,11.4,1587,1702.0,-0.3,0.6,185,買い出来高優勢 / MA上昇配列 / パーフェクトオーダー
6080,Ｍ＆Ａキャピタルパートナーズ,サービス業,15.5,15.5,1,650,★☆☆☆☆,0.0,3.5,33,-7.3,0.0,2.0,0.0,10.0,0.0,0.0,0.0,,,0.0,3.9,2.2,5.6,4067,4250.0,2.9,0.5,522,MA上昇配列 / パーフェクトオーダー
8255,アクシアル　リテイリング,小売業,15.5,15.5,1,651,★☆☆☆☆,0.0,4.0,-1,-16.1,0.0,0.0,0.0,11.5,0.0,0.0,0.0,,,0.0,-8.7,1.9,2.8,1222,1270.0,1.0,0.5,258,25MA上抜け8日目 / MA上昇配列 / 52週高値目前
6960,フクダ電子,電気機器,15.5,15.5,1,652,★☆☆☆☆,0.0,4.0,-1,-4.3,0.0,3.3,0.0,8.2,0.0,0.0,0.0,,,0.0,-1.3,2.5,1.0,11277,11860.0,2.5,2.8,611,25MA上抜け4日目 / 出来高増2.8倍 / MA上昇配列 / パーフェクトオーダー
9504,中国電力,電気・ガス業,15.5,15.5,1,653,★☆☆☆☆,0.0,4.0,-1,-8.9,0.0,5.0,0.0,6.5,0.0,0.0,0.0,,,0.0,-2.9,1.8,4.5,951,986.5999755859375,-0.0,1.7,1961,25MA上抜け10日目 / MA上昇配列 / RSI過熱(92)⚠
9130,共栄タンカー,海運業,15.5,15.5,1,654,★☆☆☆☆,0.0,3.5,36,-5.0,0.0,2.0,0.0,10.0,0.0,0.0,0.0,,,0.0,9.0,4.6,6.3,1478,1628.0,-3.3,0.6,119,資金流入増 / MA上昇配列 / パーフェクトオーダー
8133,伊藤忠エネクス,卸売業,15.5,15.5,1,655,★☆☆☆☆,0.0,2.0,-1,-9.9,0.0,0.0,0.0,13.5,0.0,0.0,0.0,,,0.0,-0.5,1.7,4.4,2165,2243.0,0.6,1.2,266,MA上昇配列 / パーフェクトオーダー / 52週高値目前
5161,西川ゴム工業,ゴム製品,15.5,15.5,1,656,★☆☆☆☆,0.0,3.5,32,-4.6,0.0,3.0,0.0,9.0,0.0,0.0,0.0,,,0.0,8.0,2.3,9.8,3596,3770.0,6.2,0.8,458,MA上昇配列
1942,関電工,建設業,15.4,15.399999999999999,1,657,★☆☆☆☆,0.0,2.0,-1,2.7,10.7,0.0,0.0,2.7,0.0,0.0,0.0,,,0.0,-7.6,2.7,-1.1,5177,5474.0,2.6,0.5,6817,AIデータセンター・電力(+2.3%)
8167,リテールパートナーズ,小売業,15.4,15.4,1,658,★☆☆☆☆,0.0,2.0,-1,-13.7,0.0,5.0,0.0,7.5,0.0,0.9,0.0,,,0.0,-5.1,2.5,2.4,1346,1418.0,0.2,1.7,340,資金流入増 / MA上昇配列 / パーフェクトオーダー / 開示[自己株式の取得](10日前)
6521,オキサイド,電気機器,15.3,15.3,1,659,★☆☆☆☆,0.0,10.0,3,16.9,0.0,0.0,0.0,5.0,0.0,0.3,0.0,,,0.0,15.3,5.6,3.4,2941,3310.0,-1.0,0.6,597,RS転換3日目 / RS加速+16.9 / 開示[設備投資](12日前)
9432,ＮＴＴ,情報・通信業,15.3,15.3,1,660,★☆☆☆☆,0.0,2.0,-1,-12.9,0.0,3.3,0.0,10.0,0.0,0.0,0.0,,,0.0,-1.3,1.6,5.6,163,168.60000610351562,1.5,0.7,39154,買い出来高優勢 / MA上昇配列
4919,ミルボン,化学,15.2,15.2,1,661,★☆☆☆☆,0.0,3.5,32,-11.4,0.0,3.0,0.0,8.7,0.0,0.0,0.0,,,0.0,5.6,3.0,7.5,3077,3270.0,0.5,0.5,571,MA上昇配列 / パーフェクトオーダー
8174,日本瓦斯,小売業,15.2,15.200000000000001,1,662,★☆☆☆☆,0.0,2.0,-1,-9.9,0.0,3.3,0.0,7.5,0.0,2.4,0.0,,,0.0,-5.8,1.5,3.6,2906,2996.0,1.2,0.8,629,買い出来高優勢 / MA上昇配列 / RSI過熱(95)⚠ / 開示[自己株式取得](3日前)
9211,エフ・コード,サービス業,15.2,15.2,1,663,★☆☆☆☆,0.0,5.5,32,-0.7,0.0,3.0,0.0,6.7,0.0,0.0,0.0,,,0.0,9.8,4.9,6.2,1394,1544.0,2.6,0.7,252,25MA上抜け6日目 / MA上昇配列
2602,日清オイリオグループ,食料品,15.2,15.2,1,664,★☆☆☆☆,0.0,2.0,-1,-11.6,0.0,1.0,0.0,12.2,0.0,0.0,0.0,,,0.0,-3.9,1.5,3.6,1985,2046.0,-1.0,0.7,475,MA上昇配列 / パーフェクトオーダー / 52週高値目前
7616,コロワイド,小売業,15.0,15.0,1,665,★☆☆☆☆,0.0,4.0,-1,-14.7,0.0,0.0,0.0,11.0,0.0,0.0,0.0,,,0.0,-8.1,2.0,4.5,2059,2143.0,4.5,1.0,834,25MA上抜け5日目 / MA上昇配列 / パーフェクトオーダー
1964,中外炉工業,建設業,15.0,15.0,1,666,★☆☆☆☆,0.0,6.0,-1,0.4,0.0,2.0,0.0,7.0,0.0,0.0,0.0,,,0.0,-0.5,2.0,1.1,3898,4060.0,0.1,0.4,139,25MA上抜け6日目
6196,ストライクグループ,サービス業,15.0,15.0,1,667,★☆☆☆☆,0.0,4.0,-1,-12.6,0.0,1.0,0.0,8.0,0.0,2.0,0.0,,,0.0,-10.0,1.8,0.9,1302,1350.0,-0.7,0.5,510,25MA上抜け6日目 / MA上昇配列 / 開示[業績予想の修正](3日前)
4041,日本曹達,化学,15.0,15.0,1,668,★☆☆☆☆,0.0,2.0,-1,-7.4,0.0,2.0,0.0,11.0,0.0,0.0,0.0,,,0.0,-2.8,1.4,3.0,3904,4020.0,2.3,1.1,350,MA上昇配列 / パーフェクトオーダー / 52週高値目前
2975,スター・マイカ・ホールディングス,不動産業,15.0,15.0,1,669,★☆☆☆☆,0.0,2.0,-1,-4.8,0.0,2.0,0.0,11.0,0.0,0.0,0.0,,,0.0,-0.7,1.9,2.5,1531,1592.0,0.4,1.0,214,MA上昇配列 / パーフェクトオーダー
3110,日東紡績,ガラス・土石製品,15.0,15.0,1,670,★☆☆☆☆,0.0,10.0,1,14.3,0.0,0.0,0.0,5.0,0.0,0.0,0.0,,,0.0,9.5,6.5,0.5,2638,3035.0,-1.0,0.5,24111,RS転換1日目 / RS加速+14.3
6963,ローム,電気機器,15.0,15.0,1,671,★☆☆☆☆,0.0,10.0,3,19.6,0.0,0.0,0.0,5.0,0.0,0.0,0.0,,,0.0,16.8,4.7,4.0,4372,4830.0,2.8,0.7,18583,RS転換3日目 / RS加速+19.6
6419,マースグループホールディングス,機械,15.0,15.0,1,672,★☆☆☆☆,0.0,4.0,-1,-9.7,0.0,0.0,0.0,11.0,0.0,0.0,0.0,,,0.0,-8.3,1.3,1.2,3110,3195.0,1.1,0.6,208,25MA上抜け3日目 / MA上昇配列 / パーフェクトオーダー
6619,ダブル・スコープ,電気機器,15.0,15.0,1,673,★☆☆☆☆,0.0,10.0,1,9.4,0.0,0.0,0.0,5.0,0.0,0.0,0.0,,,0.0,6.2,3.5,3.3,148,159.0,4.6,0.9,312,RS転換1日目 / RS加速+9.4
9090,ＡＺ－ＣＯＭ丸和ホールディングス,陸運業,15.0,15.0,1,674,★☆☆☆☆,0.0,4.0,-1,-8.1,0.0,4.3,0.0,6.7,0.0,0.0,0.0,,,0.0,-10.2,2.0,1.9,873,909.0,2.0,2.1,508,25MA上抜け0日目 / 出来高増2.1倍 / MA上昇配列
3563,ＦＯＯＤ　＆　ＬＩＦＥ　ＣＯＭＰＡＮＩＥＳ,小売業,15.0,15.0,1,675,★☆☆☆☆,0.0,4.0,-1,-5.7,0.0,0.0,0.0,11.0,0.0,0.0,0.0,,,0.0,-2.9,3.8,4.7,5533,5990.0,7.9,1.2,12933,25MA上抜け3日目 / MA上昇配列 / パーフェクトオーダー / 52週高値目前
9076,セイノーホールディングス,陸運業,15.0,15.0,1,676,★☆☆☆☆,0.0,2.0,-1,-7.4,0.0,2.0,0.0,11.0,0.0,0.0,0.0,,,0.0,-3.0,1.8,1.5,2669,2771.0,-1.0,0.8,1248,MA上昇配列 / パーフェクトオーダー / 52週高値目前
7826,フルヤ金属,その他製品,15.0,15.0,1,677,★☆☆☆☆,0.0,9.0,16,27.3,0.0,2.0,0.0,7.0,0.0,0.0,-3.0,,,0.0,44.7,6.0,15.4,7899,8970.0,10.2,0.5,4065,RS加速+27.3 / 伸びすぎ注意(25MA+15%)
5970,ジーテクト,金属製品,15.0,15.0,1,678,★☆☆☆☆,0.0,2.0,-1,-13.4,0.0,2.0,0.0,11.0,0.0,0.0,0.0,,,0.0,-1.2,2.0,3.4,2236,2327.0,-1.9,0.6,276,MA上昇配列 / パーフェクトオーダー / 52週高値目前
7974,任天堂,その他製品,15.0,15.0,1,679,★☆☆☆☆,0.0,5.0,29,-20.4,0.0,2.0,0.0,8.0,0.0,0.0,0.0,,,0.0,3.1,3.5,9.2,8361,8993.0,4.6,1.2,87996,MA上昇配列
9513,電源開発,電気・ガス業,15.0,15.0,1,680,★☆☆☆☆,0.0,2.0,-1,-5.6,0.0,2.0,0.0,11.0,0.0,0.0,0.0,,,0.0,-1.0,1.7,3.6,3900,4041.0,1.6,0.7,2219,MA上昇配列 / パーフェクトオーダー
3608,ＴＳＩホールディングス,繊維製品,15.0,15.0,1,681,★☆☆☆☆,0.0,2.0,-1,-11.5,0.0,2.0,0.0,11.0,0.0,0.0,0.0,,,0.0,-7.5,1.6,1.3,1221,1263.0,-0.6,1.7,315,MA上昇配列 / パーフェクトオーダー
3733,ソフトウェア・サービス,情報・通信業,15.0,15.0,1,682,★☆☆☆☆,0.0,5.0,14,-21.8,0.0,2.0,0.0,8.0,0.0,0.0,0.0,,,0.0,2.8,3.0,7.8,11787,12550.0,0.2,0.8,116,MA上昇配列
4813,ＡＣＣＥＳＳ,情報・通信業,15.0,15.0,1,683,★☆☆☆☆,0.0,5.0,24,-13.6,0.0,4.0,0.0,6.0,0.0,0.0,0.0,,,0.0,20.7,7.5,9.4,372,438.0,-3.1,0.7,538,資金流入増
5563,新日本電工,鉄鋼,15.0,15.0,1,684,★☆☆☆☆,0.0,8.0,8,-2.4,0.0,0.0,0.0,7.0,0.0,0.0,0.0,,,0.0,3.9,2.9,3.1,420,446.0,-0.7,0.3,393,RS転換8日目
8584,ジャックス,その他金融業,15.0,15.0,1,685,★☆☆☆☆,0.0,4.0,-1,-7.6,0.0,3.0,0.0,8.0,0.0,0.0,0.0,,,0.0,-5.1,1.4,2.3,3746,3850.0,1.7,1.7,423,25MA上抜け6日目 / MA上昇配列
9699,ニシオホールディングス,サービス業,15.0,15.0,1,686,★☆☆☆☆,0.0,2.0,-1,-13.5,0.0,3.0,0.0,10.0,0.0,0.0,0.0,,,0.0,-1.6,1.9,4.1,4491,4665.0,1.0,0.8,272,MA上昇配列
4502,武田薬品工業,医薬品,15.0,15.0,1,687,★☆☆☆☆,0.0,2.0,-1,-11.2,0.0,1.0,0.0,12.0,0.0,0.0,0.0,,,0.0,-5.9,1.8,2.7,5594,5800.0,0.6,0.8,21854,MA上昇配列 / パーフェクトオーダー
9042,阪急阪神ホールディングス,陸運業,15.0,15.0,1,688,★☆☆☆☆,0.0,4.0,-1,-15.4,0.0,0.0,0.0,11.0,0.0,0.0,0.0,,,0.0,-12.4,1.7,0.9,4592,4753.0,0.7,0.7,3692,25MA上抜け5日目 / MA上昇配列 / パーフェクトオーダー
1808,長谷工コーポレーション,建設業,15.0,15.0,1,689,★☆☆☆☆,0.0,4.0,-1,-9.5,0.0,2.0,0.0,9.0,0.0,0.0,0.0,,,0.0,-5.7,1.7,3.0,2784,2880.5,0.8,0.7,2360,25MA上抜け6日目 / MA上昇配列
4527,ロート製薬,医薬品,15.0,15.0,1,690,★☆☆☆☆,0.0,5.0,14,-5.6,0.0,3.0,0.0,10.0,0.0,0.0,-3.0,,,0.0,17.7,2.3,15.4,2966,3106.0,8.4,0.7,4749,MA上昇配列 / パーフェクトオーダー / 伸びすぎ注意(25MA+15%)
9682,ＤＴＳ,情報・通信業,15.0,15.0,1,691,★☆☆☆☆,0.0,4.0,-1,-15.8,0.0,2.0,0.0,9.0,0.0,0.0,0.0,,,0.0,-9.9,2.3,3.9,1091,1144.0,2.5,2.0,702,25MA上抜け8日目 / MA上昇配列
9552,クオンツ総研ホールディングス,サービス業,15.0,15.0,1,692,★☆☆☆☆,0.0,5.0,25,-12.9,0.0,0.0,0.0,10.0,0.0,0.0,0.0,,,0.0,11.7,5.3,11.0,989,1106.0,0.5,1.2,405,MA上昇配列 / パーフェクトオーダー
5592,くすりの窓口,情報・通信業,15.0,15.0,1,693,★☆☆☆☆,0.0,5.0,24,-7.2,0.0,2.0,0.0,8.0,0.0,0.0,0.0,,,0.0,9.8,4.4,8.0,2514,2759.0,3.5,0.8,178,MA上昇配列
5262,日本ヒューム,ガラス・土石製品,15.0,15.0,1,694,★☆☆☆☆,0.0,5.0,29,-9.2,0.0,2.0,0.0,8.0,0.0,0.0,0.0,,,0.0,3.1,2.8,5.0,1090,1155.0,1.1,0.6,279,MA上昇配列
7685,ＢｕｙＳｅｌｌ　Ｔｅｃｈｎｏｌｏｇｉｅｓ,卸売業,15.0,15.0,1,695,★☆☆☆☆,0.0,8.0,1,0.8,0.0,1.0,0.0,6.0,0.0,0.0,0.0,,,0.0,3.7,5.3,3.1,2916,3265.0,2.2,0.9,1436,RS転換1日目
4694,ビー・エム・エル,サービス業,15.0,15.0,1,696,★☆☆☆☆,0.0,4.0,-1,-10.8,0.0,2.0,0.0,9.0,0.0,0.0,0.0,,,0.0,-7.7,1.5,1.7,3542,3655.0,0.8,1.1,242,25MA上抜け6日目 / MA上昇配列
8179,ロイヤルホールディングス,小売業,15.0,15.0,1,697,★☆☆☆☆,0.0,4.0,-1,-13.8,0.0,2.0,0.0,9.0,0.0,0.0,0.0,,,0.0,-5.7,2.0,4.8,1338,1394.0,4.2,0.8,476,25MA上抜け6日目 / MA上昇配列
4307,野村総合研究所,情報・通信業,15.0,15.0,1,698,★☆☆☆☆,0.0,4.0,-1,-15.7,0.0,2.0,0.0,9.0,0.0,0.0,0.0,,,0.0,-12.9,3.1,5.3,4940,5266.0,5.1,0.9,13977,25MA上抜け6日目 / MA上昇配列
3003,ヒューリック,不動産業,15.0,15.0,1,699,★☆☆☆☆,0.0,4.0,-1,-9.9,0.0,2.0,0.0,9.0,0.0,0.0,0.0,,,0.0,-9.1,1.3,1.5,1748,1796.5,0.9,0.6,3728,25MA上抜け5日目 / MA上昇配列
8001,伊藤忠商事,卸売業,15.0,15.0,1,700,★☆☆☆☆,0.0,4.0,-1,-8.9,0.0,1.0,0.0,10.0,0.0,0.0,0.0,,,0.0,-2.7,2.3,3.6,2018,2116.5,1.8,0.9,25950,25MA上抜け6日目 / MA上昇配列
8125,ワキタ,卸売業,14.8,14.8,1,701,★☆☆☆☆,0.0,2.0,-1,-10.7,0.0,5.3,0.0,7.5,0.0,0.0,0.0,,,0.0,-5.3,1.2,1.9,1882,1928.0,0.3,2.3,336,出来高増2.3倍 / MA上昇配列
9832,オートバックスセブン,卸売業,14.8,14.8,1,702,★☆☆☆☆,0.0,2.0,-1,-12.0,0.0,2.0,0.0,9.0,0.0,1.8,0.0,,,0.0,-8.3,1.2,2.0,1530,1567.0,0.8,2.0,320,MA上昇配列 / 開示[業績予想の修正](4日前)
6862,ミナトホールディングス,電気機器,14.8,14.8,1,703,★☆☆☆☆,0.0,5.0,19,-3.1,0.0,5.3,0.0,7.5,0.0,0.0,-3.0,,,0.0,73.1,10.6,17.6,2599,3300.0,-2.1,0.4,1745,買い出来高優勢 / 資金流入増 / MA上昇配列 / パーフェクトオーダー / 伸びすぎ注意(25MA+18%)
2594,キーコーヒー,食料品,14.8,14.8,1,704,★☆☆☆☆,0.0,2.0,-1,-9.0,0.0,5.3,0.0,7.5,0.0,0.0,0.0,,,0.0,-5.7,0.8,2.1,2017,2049.0,1.1,1.7,153,買い出来高優勢 / MA上昇配列 / RSI過熱(89)⚠
3901,マークラインズ,情報・通信業,14.8,14.8,1,705,★☆☆☆☆,0.0,5.0,14,-14.0,0.0,4.3,0.0,5.5,0.0,0.0,0.0,,,0.0,7.0,2.6,5.3,1482,1565.0,-3.0,0.6,183,買い出来高優勢 / MA上昇配列
3302,帝国繊維,繊維製品,14.7,14.7,1,706,★☆☆☆☆,0.0,4.0,-1,-9.5,0.0,0.0,0.0,10.7,0.0,0.0,0.0,,,0.0,-6.4,2.6,0.7,3197,3375.0,0.0,0.5,217,25MA上抜け6日目 / MA上昇配列 / パーフェクトオーダー
4004,レゾナック・ホールディングス,化学,14.7,14.7,1,707,★☆☆☆☆,0.0,9.0,16,21.1,0.0,1.0,0.0,4.7,0.0,0.0,0.0,,,0.0,26.1,5.9,5.0,14257,16175.0,0.7,0.5,43402,RS加速+21.1
402A,アクセルスペースホールディングス,輸送用機器,14.7,14.7,1,708,★☆☆☆☆,0.0,9.0,15,5.5,0.0,1.0,0.0,4.7,0.0,0.0,0.0,,,0.0,11.1,4.0,3.7,480,521.0,2.6,0.9,649,RS加速+5.5
417A,ブルーゾーンホールディングス,小売業,14.7,14.7,1,709,★☆☆☆☆,0.0,2.0,-1,-14.4,0.0,2.0,0.0,10.7,0.0,0.0,0.0,,,0.0,-6.3,1.8,3.2,1797,1863.5,0.1,0.8,491,MA上昇配列 / パーフェクトオーダー
7981,タカラスタンダード,その他製品,14.7,14.7,1,710,★☆☆☆☆,0.0,4.0,-1,-5.2,0.0,0.0,0.0,10.7,0.0,0.0,0.0,,,0.0,-5.2,1.7,0.9,2998,3100.0,1.1,0.5,420,25MA上抜け4日目 / MA上昇配列 / パーフェクトオーダー
9997,ベルーナ,小売業,14.7,14.7,1,711,★☆☆☆☆,0.0,4.0,-1,-9.2,0.0,0.0,0.0,10.7,0.0,0.0,0.0,,,0.0,-9.3,1.5,2.8,1041,1074.0,0.9,0.6,273,25MA上抜け6日目 / MA上昇配列 / パーフェクトオーダー
9503,関西電力,電気・ガス業,14.7,14.7,1,712,★☆☆☆☆,0.0,4.0,-1,-11.8,0.0,2.0,0.0,8.7,0.0,0.0,0.0,,,0.0,-0.7,2.4,6.4,2489,2612.5,0.1,0.8,8484,25MA上抜け6日目 / MA上昇配列
1663,Ｋ＆Ｏエナジーグループ,鉱業,14.7,14.7,1,713,★☆☆☆☆,0.0,8.0,0,-5.2,0.0,2.0,0.0,4.7,0.0,0.0,0.0,,,0.0,0.6,2.2,4.9,1875,1962.0,1.8,1.0,414,RS転換0日目
6627,テラプローブ,電気機器,14.7,14.7,1,714,★☆☆☆☆,0.0,10.0,2,33.0,0.0,1.0,0.0,3.7,0.0,0.0,0.0,,,0.0,19.5,7.5,1.0,9444,11100.0,12.8,0.6,2134,RS転換2日目 / RS加速+33.0
8316,三井住友フィナンシャルグループ,銀行業,14.7,14.7,1,715,★☆☆☆☆,0.0,4.0,-1,3.4,0.0,1.0,0.0,9.7,0.0,0.0,0.0,,,0.0,-3.8,2.2,1.7,6599,6902.0,4.5,1.2,75455,RS加速+3.4 / MA上昇配列 / パーフェクトオーダー
7199,プレミアグループ,その他金融業,14.7,14.7,1,716,★☆☆☆☆,0.0,4.0,-1,-7.9,0.0,1.0,0.0,9.7,0.0,0.0,0.0,,,0.0,-2.3,2.5,2.7,2051,2158.0,1.6,0.7,454,25MA上抜け6日目 / MA上昇配列 / パーフェクトオーダー
6412,平和,機械,14.7,14.7,1,717,★☆☆☆☆,0.0,2.0,-1,-15.0,0.0,2.0,0.0,10.7,0.0,0.0,0.0,,,0.0,-4.4,1.6,3.7,2170,2242.0,0.5,0.6,662,MA上昇配列 / パーフェクトオーダー
5233,太平洋セメント,ガラス・土石製品,14.7,14.7,1,718,★☆☆☆☆,0.0,4.0,-1,-7.5,0.0,1.0,0.0,9.7,0.0,0.0,0.0,,,0.0,-6.7,2.4,0.7,4003,4202.0,0.4,0.7,2120,25MA上抜け5日目 / MA上昇配列 / パーフェクトオーダー
9166,ＧＥＮＤＡ,サービス業,14.7,14.7,1,719,★☆☆☆☆,0.0,3.5,32,-9.1,0.0,2.0,0.0,8.0,0.0,1.2,0.0,,,0.0,21.2,5.5,11.7,679,762.0,1.9,0.6,1482,MA上昇配列 / 開示[業務提携](7日前)
2702,日本マクドナルドホールディングス,小売業,14.7,14.7,1,720,★☆☆☆☆,0.0,4.0,-1,-16.9,0.0,0.0,0.0,10.7,0.0,0.0,0.0,,,0.0,-9.4,2.2,0.5,7664,8020.0,-0.6,0.7,5412,25MA上抜け7日目 / MA上昇配列 / パーフェクトオーダー
9347,日本管財ホールディングス,サービス業,14.7,14.7,1,721,★☆☆☆☆,0.0,2.0,-1,-11.1,0.0,4.0,0.0,8.7,0.0,0.0,0.0,,,0.0,-5.7,1.2,2.9,2844,2913.0,0.8,1.6,164,MA上昇配列
5331,ノリタケ,ガラス・土石製品,14.7,14.7,1,722,★☆☆☆☆,0.0,9.0,16,5.9,0.0,1.0,0.0,4.7,0.0,0.0,0.0,,,0.0,8.7,4.3,1.8,3348,3660.0,1.8,0.4,1117,RS加速+5.9
9605,東映,情報・通信業,14.7,14.7,1,723,★☆☆☆☆,0.0,4.0,-1,-16.2,0.0,0.0,0.0,10.7,0.0,0.0,0.0,,,0.0,-11.0,2.7,0.4,5714,6040.0,1.0,0.8,417,25MA上抜け10日目 / MA上昇配列 / パーフェクトオーダー
4212,積水樹脂,化学,14.7,14.7,1,724,★☆☆☆☆,0.0,4.0,-1,-9.4,0.0,0.0,0.0,10.7,0.0,0.0,0.0,,,0.0,-1.8,2.1,3.6,2813,2937.0,2.2,0.6,208,25MA上抜け6日目 / MA上昇配列 / パーフェクトオーダー
6629,テクノホライゾン,電気機器,14.7,14.7,1,725,★☆☆☆☆,0.0,10.0,1,10.3,0.0,1.0,0.0,3.7,0.0,0.0,0.0,,,0.0,4.3,2.9,2.4,938,996.0,4.2,0.8,160,RS転換1日目 / RS加速+10.3
5946,長府製作所,金属製品,14.7,14.7,1,726,★☆☆☆☆,0.0,4.0,-1,-8.8,0.0,1.0,0.0,9.7,0.0,0.0,0.0,,,0.0,-8.5,1.8,1.9,2037,2111.0,2.1,1.0,129,25MA上抜け0日目 / MA上昇配列 / パーフェクトオーダー
3371,ソフトクリエイトホールディングス,情報・通信業,14.5,14.5,1,727,★☆☆☆☆,0.0,4.0,-1,-11.0,0.0,3.0,0.0,7.5,0.0,0.0,0.0,,,0.0,-4.5,2.7,6.8,2061,2178.0,2.0,0.5,145,25MA上抜け10日目 / 資金流入増 / MA上昇配列 / RSI過熱(94)⚠
2207,ｍｅｉｔｏ,食料品,14.5,14.5,1,728,★☆☆☆☆,0.0,2.0,-1,-17.8,0.0,3.0,0.0,9.5,0.0,0.0,0.0,,,0.0,-2.1,3.1,1.3,3215,3430.0,-5.4,1.2,179,MA上昇配列 / パーフェクトオーダー
2489,アドウェイズ,サービス業,14.5,14.5,1,729,★☆☆☆☆,0.0,3.5,43,-0.8,0.0,5.3,0.0,8.7,0.0,0.0,-3.0,,,0.0,23.6,5.3,19.6,374,419.0,10.3,0.8,207,買い出来高優勢 / 資金流入増 / MA上昇配列 / パーフェクトオーダー / 伸びすぎ注意(25MA+20%)
9010,富士急行,陸運業,14.5,14.5,1,730,★☆☆☆☆,0.0,4.0,-1,-11.1,0.0,3.0,0.0,7.5,0.0,0.0,0.0,,,0.0,-6.9,2.0,1.7,2678,2792.0,1.9,1.8,453,25MA上抜け7日目 / MA上昇配列 / パーフェクトオーダー
3315,日本コークス工業,石油・石炭製品,14.5,14.5,1,731,★☆☆☆☆,0.0,5.5,31,1.0,0.0,1.0,0.0,8.0,0.0,0.0,0.0,,,0.0,5.7,3.9,4.3,96,104.0,2.0,0.7,622,MA上昇配列
4828,ビジネスエンジニアリング,情報・通信業,14.5,14.5,1,732,★☆☆☆☆,0.0,3.5,33,-14.9,0.0,3.3,0.0,7.7,0.0,0.0,0.0,,,0.0,8.7,3.9,10.8,1339,1453.0,2.0,0.9,185,買い出来高優勢 / MA上昇配列
6523,ＰＨＣホールディングス,電気機器,14.5,14.5,1,733,★☆☆☆☆,0.0,3.5,32,-5.5,0.0,5.3,0.0,8.7,0.0,0.0,-3.0,,,0.0,31.9,3.7,18.3,1427,1540.0,4.5,1.0,1156,買い出来高優勢 / 資金流入増 / MA上昇配列 / パーフェクトオーダー / 伸びすぎ注意(25MA+18%)
6637,寺崎電気産業,電気機器,14.5,14.5,1,734,★☆☆☆☆,0.0,3.5,39,-2.3,0.0,2.0,0.0,9.0,0.0,0.0,0.0,,,0.0,5.6,4.0,5.3,4018,4370.0,3.7,0.8,187,MA上昇配列
7094,ＮｅｘＴｏｎｅ,サービス業,14.5,14.5,1,735,★☆☆☆☆,0.0,3.5,39,-3.1,0.0,6.0,0.0,8.0,0.0,0.0,-3.0,,,0.0,23.2,3.7,19.5,1828,1975.0,11.7,1.9,216,資金流入増 / MA上昇配列 / 伸びすぎ注意(25MA+19%)
6592,マブチモーター,電気機器,14.5,14.5,1,736,★☆☆☆☆,0.0,2.0,-1,-12.2,0.0,3.0,0.0,9.5,0.0,0.0,0.0,,,0.0,-2.0,2.6,3.3,1671,1762.0,-0.5,0.6,2694,MA上昇配列 / パーフェクトオーダー
1822,大豊建設,建設業,14.4,14.399999999999999,1,737,★☆☆☆☆,0.0,2.0,-1,-6.1,0.0,0.0,0.0,10.7,0.0,1.7,0.0,,,0.0,-2.0,1.4,4.1,806,829.0,2.7,1.0,124,MA上昇配列 / パーフェクトオーダー / 開示[資本業務提携](6日前)
1944,きんでん,建設業,14.4,14.399999999999999,1,738,★☆☆☆☆,0.0,0.0,-1,-3.4,10.7,1.0,0.0,2.7,0.0,0.0,0.0,,,0.0,-12.4,2.5,-2.8,6491,6837.0,2.3,1.2,5620,AIデータセンター・電力(+2.3%)
5142,アキレス,化学,14.3,14.3,1,739,★☆☆☆☆,0.0,4.5,36,-9.0,0.0,5.3,0.0,7.5,0.0,0.0,-3.0,,,0.0,48.2,4.6,16.0,1751,1930.0,-2.6,0.8,235,買い出来高優勢 / 資金流入増 / MA上昇配列 / 伸びすぎ注意(25MA+16%)
5574,ＡＢＥＪＡ,情報・通信業,14.3,14.3,1,740,★☆☆☆☆,0.0,3.5,33,-1.8,0.0,5.3,0.0,5.5,0.0,0.0,0.0,,,0.0,13.7,4.7,11.4,2793,3080.0,12.2,2.3,394,出来高増2.3倍 / MA上昇配列
1719,安藤・間,建設業,14.3,14.3,1,741,★☆☆☆☆,0.0,2.0,-1,-6.3,0.0,3.3,0.0,9.0,0.0,0.0,0.0,,,0.0,-2.3,1.4,3.1,1870,1923.5,1.9,0.9,1404,買い出来高優勢 / MA上昇配列
9268,オプティマスグループ,卸売業,14.3,14.3,1,742,★☆☆☆☆,0.0,4.0,-1,-9.0,0.0,5.3,0.0,5.0,0.0,0.0,0.0,,,0.0,-5.0,3.2,2.1,405,432.0,2.4,0.7,161,25MA上抜け1日目 / 買い出来高優勢 / 資金流入増 / MA上昇配列 / パーフェクトオーダー
290A,Ｓｙｎｓｐｅｃｔｉｖｅ,情報・通信業,14.3,14.3,1,743,★☆☆☆☆,0.0,9.0,17,33.6,0.0,4.3,0.0,6.0,0.0,0.0,-5.0,,,0.0,46.1,4.9,22.5,1465,1622.0,20.9,1.4,2163,RS加速+33.6 / 買い出来高優勢 / 過熱⚠25MA+22%
4825,ウェザーニューズ,情報・通信業,14.3,14.3,1,744,★☆☆☆☆,0.0,2.0,-1,-9.8,0.0,3.3,0.0,8.0,0.0,1.0,0.0,,,0.0,-0.2,2.1,6.2,2055,2144.0,3.3,1.1,423,買い出来高優勢 / 開示[AI](5日前)
7751,キヤノン,電気機器,14.3,14.299999999999999,1,745,★☆☆☆☆,0.0,4.0,-1,-6.5,0.0,1.0,0.0,8.7,0.0,0.6,0.0,,,0.0,-4.4,1.5,2.6,4541,4686.0,2.0,0.8,16337,25MA上抜け5日目 / MA上昇配列 / 開示[自己株式の取得](11日前)
9433,ＫＤＤＩ,情報・通信業,14.3,14.3,1,746,★☆☆☆☆,0.0,4.0,-1,-13.7,0.0,3.3,0.0,7.0,0.0,0.0,0.0,,,0.0,-11.6,2.3,0.6,2788,2922.0,0.2,2.1,27378,25MA上抜け0日目 / 出来高増2.1倍 / MA上昇配列 / パーフェクトオーダー
6869,シスメックス,電気機器,14.3,14.3,1,747,★☆☆☆☆,0.0,3.5,36,-21.7,0.0,3.3,0.0,7.5,0.0,0.0,0.0,,,0.0,9.7,4.0,9.0,1797,1955.0,-1.1,0.7,5823,買い出来高優勢 / MA上昇配列 / パーフェクトオーダー
4499,Ｓｐｅｅｅ,情報・通信業,14.3,14.3,1,748,★☆☆☆☆,0.0,5.0,11,-1.8,0.0,3.3,0.0,6.0,0.0,0.0,0.0,,,0.0,16.5,6.3,8.3,2267,2591.0,-1.5,1.0,335,買い出来高優勢
8934,サンフロンティア不動産,不動産業,14.3,14.3,1,749,★☆☆☆☆,0.0,0.0,-1,-10.2,0.0,5.3,0.0,9.0,0.0,0.0,0.0,,,0.0,-9.2,1.6,0.3,2420,2500.0,-0.9,2.4,272,出来高増2.4倍 / MA上昇配列
8060,キヤノンマーケティングジャパン,卸売業,14.2,14.2,1,750,★☆☆☆☆,0.0,4.0,-1,-6.8,0.0,2.0,0.0,8.2,0.0,0.0,0.0,,,0.0,-5.2,2.0,2.5,3542,3688.0,2.2,1.6,1554,25MA上抜け0日目 / MA上昇配列 / パーフェクトオーダー
6794,フォスター電機,電気機器,14.2,14.2,1,751,★☆☆☆☆,0.0,5.0,20,-5.5,0.0,2.0,0.0,7.2,0.0,0.0,0.0,,,0.0,0.8,4.2,0.4,2700,2949.0,-2.4,0.5,603,MA上昇配列 / パーフェクトオーダー
2004,昭和産業,食料品,14.2,14.2,1,752,★☆☆☆☆,0.0,2.0,-1,-12.9,0.0,0.0,0.0,12.2,0.0,0.0,0.0,,,0.0,-3.9,1.6,4.0,3638,3755.0,0.3,1.1,185,MA上昇配列 / パーフェクトオーダー / 52週高値目前
7453,良品計画,小売業,14.2,14.2,1,753,★☆☆☆☆,0.0,4.0,-1,-4.3,0.0,2.0,0.0,8.2,0.0,0.0,0.0,,,0.0,-3.4,2.8,1.5,4129,4375.0,3.6,0.8,11637,25MA上抜け0日目 / MA上昇配列 / パーフェクトオーダー
6395,タダノ,機械,14.2,14.2,1,754,★☆☆☆☆,0.0,4.0,-1,-4.0,0.0,2.0,0.0,8.2,0.0,0.0,0.0,,,0.0,-1.9,2.6,2.1,1330,1404.0,4.5,0.8,568,25MA上抜け4日目 / MA上昇配列 / パーフェクトオーダー
3168,ＭＥＲＦ,卸売業,14.2,14.2,1,755,★☆☆☆☆,0.0,5.0,24,-5.1,0.0,3.0,0.0,6.2,0.0,0.0,0.0,,,0.0,11.7,5.7,4.7,1286,1450.0,2.0,1.3,164,MA上昇配列 / パーフェクトオーダー
7240,ＮＯＫ,輸送用機器,14.2,14.2,1,756,★☆☆☆☆,0.0,4.0,-1,-6.6,0.0,2.0,0.0,8.2,0.0,0.0,0.0,,,0.0,-5.9,1.6,0.7,2951,3049.0,1.3,1.1,835,25MA上抜け2日目 / MA上昇配列 / パーフェクトオーダー
7236,ティラド,輸送用機器,14.2,14.2,1,757,★☆☆☆☆,0.0,4.0,-1,-5.4,0.0,2.0,0.0,8.2,0.0,0.0,0.0,,,0.0,-2.3,2.8,1.3,1464,1550.0,-0.6,0.5,573,25MA上抜け6日目 / MA上昇配列 / パーフェクトオーダー
6371,椿本チエイン,機械,14.2,14.2,1,758,★☆☆☆☆,0.0,4.0,-1,-8.3,0.0,2.0,0.0,8.2,0.0,0.0,0.0,,,0.0,-4.9,1.5,1.5,2626,2708.0,0.8,0.9,485,25MA上抜け6日目 / MA上昇配列 / パーフェクトオーダー
7609,ダイトロン,卸売業,14.2,14.200000000000001,1,759,★☆☆☆☆,0.0,7.0,18,4.0,0.0,5.3,0.0,1.0,0.0,0.9,0.0,,,0.0,19.3,5.4,-0.9,3560,3990.0,-1.7,0.4,955,RS加速+4.0 / 買い出来高優勢 / 資金流入増 / 開示[自己株式の取得](10日前)
3091,ブロンコビリー,小売業,14.2,14.2,1,760,★☆☆☆☆,0.0,2.0,-1,-20.1,0.0,0.0,0.0,12.2,0.0,0.0,0.0,,,0.0,-7.3,2.6,5.7,2692,2840.0,3.2,0.7,244,MA上昇配列 / パーフェクトオーダー / 52週高値目前
4996,クミアイ化学工業,化学,14.0,14.0,1,761,★☆☆☆☆,0.0,2.0,-1,-10.8,0.0,2.0,0.0,10.0,0.0,0.0,0.0,,,0.0,-2.2,1.6,2.5,753,778.0,-2.3,0.9,283,MA上昇配列 / パーフェクトオーダー
1882,東亜道路工業,建設業,14.0,14.0,1,762,★☆☆☆☆,0.0,4.0,-1,-9.7,0.0,1.0,0.0,9.0,0.0,0.0,0.0,,,0.0,-8.1,1.1,0.7,1592,1628.0,0.6,0.9,576,25MA上抜け6日目 / MA上昇配列
9007,小田急電鉄,陸運業,14.0,14.0,1,763,★☆☆☆☆,0.0,4.0,-1,-13.4,0.0,0.0,0.0,10.0,0.0,0.0,0.0,,,0.0,-9.1,1.6,2.5,1726,1785.0,0.6,0.6,2326,25MA上抜け5日目 / MA上昇配列 / パーフェクトオーダー
4725,ＣＡＣ　Ｈｏｌｄｉｎｇｓ,情報・通信業,14.0,14.0,1,764,★☆☆☆☆,0.0,2.0,-1,-10.7,0.0,3.3,0.0,8.7,0.0,0.0,0.0,,,0.0,-2.5,1.4,3.5,1900,1955.0,-0.3,0.5,119,買い出来高優勢 / MA上昇配列
2678,アスクル,小売業,14.0,14.0,1,765,★☆☆☆☆,0.0,4.0,-1,-12.1,0.0,2.0,0.0,8.0,0.0,0.0,0.0,,,0.0,-5.7,1.8,3.2,1260,1308.0,2.2,0.7,462,25MA上抜け7日目 / MA上昇配列
3088,マツキヨココカラ＆カンパニー,小売業,14.0,14.0,1,766,★☆☆☆☆,0.0,4.0,-1,-13.7,0.0,2.0,0.0,8.0,0.0,0.0,0.0,,,0.0,-7.8,2.0,3.6,2518,2625.0,2.0,1.2,3764,25MA上抜け7日目 / MA上昇配列
9270,バリュエンスホールディングス,卸売業,14.0,14.0,1,767,★☆☆☆☆,0.0,8.0,6,-6.0,0.0,0.0,0.0,6.0,0.0,0.0,0.0,,,0.0,3.2,3.8,4.6,1882,2037.0,-2.6,0.8,128,RS転換6日目
3245,ディア・ライフ,不動産業,14.0,14.0,1,768,★☆☆☆☆,0.0,2.0,-1,-11.5,0.0,4.3,0.0,7.7,0.0,0.0,0.0,,,0.0,-3.0,1.8,4.2,1125,1167.0,0.0,0.8,372,買い出来高優勢 / MA上昇配列
8278,フジ,小売業,14.0,14.0,1,769,★☆☆☆☆,0.0,2.0,-1,-14.3,0.0,4.0,0.0,8.0,0.0,0.0,0.0,,,0.0,-6.8,1.4,3.2,2032,2092.0,0.6,1.7,316,MA上昇配列
3086,Ｊ．フロント　リテイリング,小売業,14.0,14.0,1,770,★☆☆☆☆,0.0,0.0,-1,-7.8,0.0,3.0,0.0,11.0,0.0,0.0,0.0,,,0.0,-4.7,2.3,2.9,2908,3047.0,1.7,1.9,3186,MA上昇配列 / パーフェクトオーダー
8056,ＢＩＰＲＯＧＹ,情報・通信業,14.0,14.0,1,771,★☆☆☆☆,0.0,4.0,-1,-12.8,0.0,2.0,0.0,8.0,0.0,0.0,0.0,,,0.0,-12.6,2.6,3.6,4553,4807.0,5.7,0.8,2728,25MA上抜け2日目 / MA上昇配列
4526,理研ビタミン,食料品,14.0,14.0,1,772,★☆☆☆☆,0.0,2.0,-1,-10.0,0.0,1.0,0.0,11.0,0.0,0.0,0.0,,,0.0,-2.1,1.5,5.5,3326,3430.0,2.7,0.9,175,MA上昇配列 / パーフェクトオーダー / 52週高値目前 / RSI過熱(88)⚠
4544,Ｈ．Ｕ．グループホールディングス,サービス業,14.0,14.0,1,773,★☆☆☆☆,0.0,2.0,-1,-14.1,0.0,0.0,0.0,12.0,0.0,0.0,0.0,,,0.0,-2.4,2.7,3.2,3449,3648.0,-0.9,0.8,860,MA上昇配列 / パーフェクトオーダー
9887,松屋フーズホールディングス,小売業,14.0,14.0,1,774,★☆☆☆☆,0.0,4.0,-1,-12.4,0.0,2.0,0.0,8.0,0.0,0.0,0.0,,,0.0,-6.0,2.4,4.7,5051,5300.0,3.3,0.7,443,25MA上抜け6日目 / MA上昇配列
4628,エスケー化研,化学,14.0,14.0,1,775,★☆☆☆☆,0.0,4.0,-1,-4.4,0.0,4.0,0.0,6.0,0.0,0.0,0.0,,,0.0,-3.6,2.0,2.0,8759,9130.0,2.2,0.9,153,25MA上抜け5日目 / 資金流入増
6332,月島ホールディングス,機械,14.0,14.0,1,776,★☆☆☆☆,0.0,4.0,-1,-7.0,0.0,1.0,0.0,9.0,0.0,0.0,0.0,,,0.0,-3.5,2.3,2.0,2664,2793.0,2.0,0.7,288,25MA上抜け6日目 / MA上昇配列
5010,日本精蝋,石油・石炭製品,14.0,14.0,1,777,★☆☆☆☆,0.0,3.5,35,-17.7,0.0,3.0,0.0,7.5,0.0,0.0,0.0,,,0.0,15.8,6.9,7.9,248,287.0,-8.9,0.2,140,資金流入増 / MA上昇配列 / パーフェクトオーダー
4095,日本パーカライジング,化学,14.0,14.0,1,778,★☆☆☆☆,0.0,2.0,-1,-4.0,0.0,0.0,0.0,12.0,0.0,0.0,0.0,,,0.0,-2.1,1.5,2.3,1696,1747.0,2.2,0.7,348,MA上昇配列 / パーフェクトオーダー
7780,メニコン,精密機器,14.0,14.0,1,779,★☆☆☆☆,0.0,8.0,0,-15.3,0.0,1.0,0.0,5.0,0.0,0.0,0.0,,,0.0,1.5,2.9,2.9,1813,1926.0,0.3,0.9,544,RS転換0日目 / MA上昇配列 / パーフェクトオーダー
4396,システムサポートホールディングス,情報・通信業,14.0,14.0,1,780,★☆☆☆☆,0.0,3.5,39,-12.9,0.0,5.3,0.0,5.2,0.0,0.0,0.0,,,0.0,16.0,4.4,12.4,1287,1412.0,1.3,1.0,196,買い出来高優勢 / 資金流入増 / MA上昇配列
6460,セガサミーホールディングス,機械,14.0,14.0,1,781,★☆☆☆☆,0.0,2.0,-1,-15.9,0.0,3.0,0.0,9.0,0.0,0.0,0.0,,,0.0,-0.4,3.0,11.3,2927,3111.0,11.4,1.0,3103,MA上昇配列
5461,中部鋼鈑,鉄鋼,14.0,14.0,1,782,★☆☆☆☆,0.0,4.0,-1,-8.0,0.0,2.0,0.0,8.0,0.0,0.0,0.0,,,0.0,-8.0,1.7,1.9,2059,2130.0,2.5,0.8,207,25MA上抜け4日目 / MA上昇配列
3197,すかいらーくホールディングス,小売業,14.0,14.0,1,783,★☆☆☆☆,0.0,2.0,-1,-18.0,0.0,2.0,0.0,10.0,0.0,0.0,0.0,,,0.0,-4.5,2.6,5.1,3217,3390.0,0.8,0.6,4180,MA上昇配列
6140,旭ダイヤモンド工業,機械,14.0,14.0,1,784,★☆☆☆☆,0.0,11.0,16,3.4,0.0,2.0,0.0,1.0,0.0,0.0,0.0,,,0.0,7.4,4.1,1.9,1113,1214.0,2.4,0.8,895,RS加速+3.4 / 25MA上抜け3日目
7261,マツダ,輸送用機器,14.0,14.0,1,785,★☆☆☆☆,0.0,4.0,-1,-12.5,0.0,2.0,0.0,8.0,0.0,0.0,0.0,,,0.0,-7.7,2.6,3.4,1152,1216.0,0.7,0.8,8551,25MA上抜け6日目 / MA上昇配列
7984,コクヨ,その他製品,14.0,14.0,1,786,★☆☆☆☆,0.0,4.0,-1,-8.7,0.0,0.0,0.0,10.0,0.0,0.0,0.0,,,0.0,-6.3,1.6,3.2,880,908.7000122070312,4.4,0.7,766,25MA上抜け4日目 / MA上昇配列
7947,エフピコ,化学,14.0,14.0,1,787,★☆☆☆☆,0.0,2.0,-1,-12.1,0.0,2.0,0.0,10.0,0.0,0.0,0.0,,,0.0,-1.7,1.6,3.1,2686,2774.0,-0.3,0.7,513,MA上昇配列 / パーフェクトオーダー
9075,福山通運,陸運業,14.0,14.0,1,788,★☆☆☆☆,0.0,2.0,-1,-9.2,0.0,1.0,0.0,11.0,0.0,0.0,0.0,,,0.0,-3.2,2.7,2.3,5966,6300.0,-2.8,0.9,666,MA上昇配列 / パーフェクトオーダー
8410,セブン銀行,銀行業,14.0,14.0,1,789,★☆☆☆☆,0.0,2.0,-1,-12.1,0.0,1.0,0.0,11.0,0.0,0.0,0.0,,,0.0,-3.7,2.4,3.0,322,338.70001220703125,1.9,1.0,2101,MA上昇配列 / パーフェクトオーダー / 52週高値目前
1815,鉄建建設,建設業,14.0,14.0,1,790,★☆☆☆☆,0.0,6.0,-1,0.2,0.0,1.0,0.0,7.0,0.0,0.0,0.0,,,0.0,-2.8,2.1,4.0,4379,4575.0,5.1,1.0,469,25MA上抜け4日目
6272,レオン自動機,機械,14.0,14.0,1,791,★☆☆☆☆,0.0,2.0,-1,-6.8,0.0,0.0,0.0,12.0,0.0,0.0,0.0,,,0.0,-5.2,1.3,2.4,1524,1565.0,2.2,1.0,112,MA上昇配列 / パーフェクトオーダー
9532,大阪瓦斯,電気・ガス業,14.0,14.0,1,792,★☆☆☆☆,0.0,4.0,-1,-7.3,0.0,1.0,0.0,9.0,0.0,0.0,0.0,,,0.0,-4.8,1.9,2.8,5446,5657.0,1.9,0.7,4468,25MA上抜け6日目 / MA上昇配列
3284,フージャースホールディングス,不動産業,14.0,14.0,1,793,★☆☆☆☆,0.0,2.0,-1,-10.8,0.0,3.0,0.0,9.0,0.0,0.0,0.0,,,0.0,-1.9,1.6,4.5,1292,1334.0,0.1,1.0,263,MA上昇配列 / 52週高値目前 / RSI過熱(89)⚠
9308,乾汽船,海運業,14.0,14.0,1,794,★☆☆☆☆,0.0,3.5,33,-17.8,0.0,3.0,0.0,7.5,0.0,0.0,0.0,,,0.0,6.2,3.5,6.4,1986,2135.0,1.8,0.6,325,MA上昇配列 / パーフェクトオーダー
4816,東映アニメーション,情報・通信業,14.0,14.0,1,795,★☆☆☆☆,0.0,2.0,-1,-13.7,0.0,2.0,0.0,10.0,0.0,0.0,0.0,,,0.0,-5.3,3.6,5.8,2838,3060.0,7.9,0.5,1466,MA上昇配列 / パーフェクトオーダー
7864,フジシールインターナショナル,その他製品,14.0,14.0,1,796,★☆☆☆☆,0.0,2.0,-1,-10.0,0.0,1.0,0.0,11.0,0.0,0.0,0.0,,,0.0,-0.8,1.5,3.8,3222,3325.0,1.4,0.5,408,MA上昇配列 / パーフェクトオーダー / 52週高値目前
1379,ホクト,水産・農林業,14.0,14.0,1,797,★☆☆☆☆,0.0,2.0,-1,-12.0,0.0,3.0,0.0,9.0,0.0,0.0,0.0,,,0.0,-2.0,2.0,5.7,2029,2116.0,0.2,0.8,220,MA上昇配列 / 52週高値目前 / RSI過熱(86)⚠
7269,スズキ,輸送用機器,14.0,14.0,1,798,★☆☆☆☆,0.0,4.0,-1,-10.1,0.0,1.0,0.0,9.0,0.0,0.0,0.0,,,0.0,-6.6,2.4,5.5,2068,2170.0,3.2,0.7,15197,25MA上抜け6日目 / MA上昇配列
3549,クスリのアオキホールディングス,小売業,14.0,14.0,1,799,★☆☆☆☆,0.0,2.0,-1,-18.7,0.0,3.0,0.0,9.0,0.0,0.0,0.0,,,0.0,-7.3,2.4,4.0,3990,4196.0,2.1,1.2,841,MA上昇配列
4022,ラサ工業,化学,14.0,14.0,1,800,★☆☆☆☆,0.0,9.0,17,15.0,0.0,0.0,0.0,5.0,0.0,0.0,0.0,,,0.0,22.6,6.3,2.1,1875,2146.0,1.6,0.6,2807,RS加速+15.0 / MA上昇配列 / パーフェクトオーダー
2281,プリマハム,食料品,14.0,14.0,1,801,★☆☆☆☆,0.0,4.0,-1,-12.6,0.0,1.0,0.0,9.0,0.0,0.0,0.0,,,0.0,-11.8,1.2,0.2,2372,2432.0,0.1,0.8,409,25MA上抜け0日目 / MA上昇配列
3765,ガンホー・オンライン・エンターテイメント,情報・通信業,13.9,13.9,1,802,★☆☆☆☆,0.0,2.0,-1,-15.2,0.0,4.0,0.0,5.5,0.0,2.4,0.0,,,0.0,-8.3,2.2,2.0,2363,2473.0,0.7,1.8,533,MA上昇配列 / 開示[資本業務提携](3日前)
6315,ＴＯＷＡ,機械,13.9,13.9,1,803,★☆☆☆☆,0.0,4.0,-1,15.8,8.4,0.0,0.0,1.5,0.0,0.0,0.0,,,0.0,-7.9,4.7,-8.1,2098,2317.0,1.9,0.6,12143,RS加速+15.8 / HBM・後工程(+1.2%)
7611,ハイデイ日高,小売業,13.8,13.8,1,804,★☆☆☆☆,0.0,2.0,-1,-14.6,0.0,6.3,0.0,5.5,0.0,0.0,0.0,,,0.0,-5.7,1.5,4.1,2904,2995.0,1.0,2.2,937,出来高増2.2倍 / MA上昇配列 / RSI過熱(85)⚠
9003,相鉄ホールディングス,陸運業,13.8,13.8,1,805,★☆☆☆☆,0.0,4.0,-1,-18.1,0.0,3.3,0.0,6.5,0.0,0.0,0.0,,,0.0,-13.8,1.5,2.3,2556,2637.0,0.1,2.3,872,25MA上抜け8日目 / 出来高増2.3倍 / MA上昇配列 / RSI過熱(86)⚠
4714,リソー教育グループ,サービス業,13.8,13.8,1,806,★☆☆☆☆,0.0,2.0,-1,-8.5,0.0,4.3,0.0,7.5,0.0,0.0,0.0,,,0.0,-4.4,1.3,3.3,206,211.0,1.9,2.2,105,出来高増2.2倍 / MA上昇配列 / パーフェクトオーダー
4434,サーバーワークス,情報・通信業,13.8,13.8,1,807,★☆☆☆☆,0.0,2.0,-1,-31.0,0.0,4.3,0.0,7.5,0.0,0.0,0.0,,,0.0,-1.7,3.8,6.3,2328,2522.0,3.7,2.1,128,出来高増2.1倍 / MA上昇配列 / パーフェクトオーダー
6504,富士電機,電気機器,13.7,13.7,1,808,★☆☆☆☆,0.0,3.0,24,-4.5,10.7,0.0,0.0,0.0,0.0,0.0,0.0,,,0.0,1.5,3.8,-1.0,12758,13815.0,-0.5,0.6,13671,AIデータセンター・電力(+2.3%)
9449,ＧＭＯインターネットグループ,情報・通信業,13.7,13.7,1,809,★☆☆☆☆,0.0,4.0,-1,-9.1,0.0,0.0,0.0,9.7,0.0,0.0,0.0,,,0.0,-6.2,3.3,3.3,3978,4259.0,5.1,0.7,1787,25MA上抜け1日目 / MA上昇配列 / パーフェクトオーダー / 52週高値目前
6023,ダイハツインフィニアース,輸送用機器,13.7,13.7,1,810,★☆☆☆☆,0.0,3.5,32,-5.8,0.0,3.0,0.0,7.2,0.0,0.0,0.0,,,0.0,4.8,3.8,1.3,2736,2960.0,-1.7,0.3,700,MA上昇配列 / パーフェクトオーダー
6178,日本郵政,サービス業,13.7,13.7,1,811,★☆☆☆☆,0.0,0.0,-1,-2.3,0.0,3.0,0.0,10.7,0.0,0.0,0.0,,,0.0,-6.8,2.2,1.7,2325,2432.5,4.1,1.3,10478,MA上昇配列 / パーフェクトオーダー
3543,コメダホールディングス,卸売業,13.7,13.7,1,812,★☆☆☆☆,0.0,2.0,-1,-12.5,0.0,3.0,0.0,8.7,0.0,0.0,0.0,,,0.0,-7.0,1.1,2.2,2878,2944.0,0.4,1.7,1158,MA上昇配列
6777,ｓａｎｔｅｃ　Ｈｏｌｄｉｎｇｓ,電気機器,13.7,13.7,1,813,★☆☆☆☆,0.0,10.0,3,21.2,0.0,0.0,0.0,3.7,0.0,0.0,0.0,,,0.0,17.8,6.8,2.6,16554,19140.0,4.8,0.5,3230,RS転換3日目 / RS加速+21.2
9274,ＫＰＰグループホールディングス,卸売業,13.7,13.7,1,814,★☆☆☆☆,0.0,4.0,-1,-11.4,0.0,0.0,0.0,9.7,0.0,0.0,0.0,,,0.0,-9.0,2.5,0.4,1050,1105.0,-1.5,1.0,246,25MA上抜け2日目 / MA上昇配列 / パーフェクトオーダー / 52週高値目前
6238,フリュー,機械,13.7,13.7,1,815,★☆☆☆☆,0.0,4.0,-1,-10.7,0.0,0.0,0.0,9.7,0.0,0.0,0.0,,,0.0,-7.3,3.2,0.8,1309,1400.0,0.6,0.7,149,25MA上抜け6日目 / MA上昇配列 / パーフェクトオーダー
8153,モスフードサービス,卸売業,13.7,13.7,1,816,★☆☆☆☆,0.0,4.0,-1,-13.6,0.0,2.0,0.0,7.7,0.0,0.0,0.0,,,0.0,-8.0,1.7,3.4,3844,3980.0,1.0,1.0,379,25MA上抜け7日目 / MA上昇配列
7717,ブイ・テクノロジー,精密機器,13.7,13.7,1,817,★☆☆☆☆,0.0,10.0,1,21.4,0.0,1.0,0.0,2.7,0.0,0.0,0.0,,,0.0,4.0,5.4,-0.5,4977,5580.0,3.0,0.8,1419,RS転換1日目 / RS加速+21.4
4716,日本オラクル,情報・通信業,13.6,13.6,1,818,★☆☆☆☆,4.1,2.0,-1,-16.1,0.0,2.0,0.0,5.5,0.0,0.0,0.0,,Microsoft,-0.4,-3.5,2.6,4.5,9019,9510.0,3.0,0.9,2260,Microsoft+4.4%連動(β0.23) 実反応+1.5% / MA上昇配列
4375,セーフィー,情報・通信業,13.6,13.6,1,819,★☆☆☆☆,0.0,4.0,-1,-5.3,0.0,2.0,0.0,6.0,0.0,1.6,0.0,,,0.0,-0.5,3.9,6.9,646,701.0,5.1,1.8,146,25MA上抜け6日目 / 開示[子会社化](3日前)
8142,トーホー,卸売業,13.5,13.5,1,820,★☆☆☆☆,0.0,2.0,-1,-14.9,0.0,2.0,0.0,9.5,0.0,0.0,0.0,,,0.0,-5.2,1.6,1.6,1365,1411.0,-1.8,0.5,161,MA上昇配列 / パーフェクトオーダー
6969,松尾電機,電気機器,13.5,13.5,1,821,★☆☆☆☆,0.0,10.0,1,8.8,0.0,2.0,0.0,1.5,0.0,0.0,0.0,,,0.0,0.8,7.3,-2.9,872,1020.0,1.5,0.2,110,RS転換1日目 / RS加速+8.8
4914,高砂香料工業,化学,13.5,13.5,1,822,★☆☆☆☆,0.0,3.5,32,-8.1,0.0,2.0,0.0,8.0,0.0,0.0,0.0,,,0.0,2.5,1.9,6.4,1285,1336.0,1.6,0.7,227,MA上昇配列
3810,サイバーステップホールディングス,情報・通信業,13.5,13.5,1,823,★☆☆☆☆,0.0,6.0,10,-45.7,0.0,6.3,0.0,1.2,0.0,0.0,0.0,,,0.0,14.7,12.8,-2.0,140,188.0,-22.6,2.7,543,RS転換10日目 / 出来高増2.7倍 / 資金流入増 / 開示[AI](14日前)
4894,クオリプス,医薬品,13.5,13.5,1,824,★☆☆☆☆,0.0,7.5,39,29.7,0.0,3.0,0.0,8.0,0.0,0.0,-5.0,,,0.0,36.5,5.5,20.2,5345,6000.0,15.6,1.4,609,RS加速+29.7 / MA上昇配列 / 過熱⚠25MA+20%
3465,ケイアイスター不動産,不動産業,13.5,13.5,1,825,★☆☆☆☆,0.0,2.0,-1,-10.5,0.0,2.0,0.0,9.5,0.0,0.0,0.0,,,0.0,-3.1,3.6,0.8,3461,3730.0,-3.5,1.0,668,MA上昇配列 / パーフェクトオーダー
6630,ヤーマン,電気機器,13.5,13.5,1,826,★☆☆☆☆,0.0,2.0,-1,-15.3,0.0,4.0,0.0,7.5,0.0,0.0,0.0,,,0.0,-2.1,2.6,3.0,759,801.0,-3.8,1.0,106,資金流入増 / MA上昇配列 / パーフェクトオーダー
9044,ＮＡＮＫＡＩ,陸運業,13.5,13.5,1,827,★☆☆☆☆,0.0,4.0,-1,-16.3,0.0,2.0,0.0,7.5,0.0,0.0,0.0,,,0.0,-11.1,1.7,3.9,2997,3103.0,2.0,1.0,705,25MA上抜け8日目 / MA上昇配列 / RSI過熱(88)⚠
5192,三ツ星ベルト,ゴム製品,13.5,13.5,1,828,★☆☆☆☆,0.0,2.0,-1,-8.0,0.0,2.0,0.0,9.5,0.0,0.0,0.0,,,0.0,-0.3,2.1,2.5,4222,4405.0,1.0,0.3,400,MA上昇配列 / パーフェクトオーダー
4676,フジ・メディア・ホールディングス,情報・通信業,13.5,13.5,1,829,★☆☆☆☆,0.0,4.0,-1,-11.5,0.0,0.0,0.0,9.5,0.0,0.0,0.0,,,0.0,-7.8,2.3,0.6,3939,4130.0,-0.4,0.9,2392,25MA上抜け0日目 / MA上昇配列 / パーフェクトオーダー
9627,アインホールディングス,小売業,13.4,13.4,1,830,★☆☆☆☆,0.0,2.0,-1,-12.5,0.0,2.0,0.0,8.0,0.0,1.4,0.0,,,0.0,-6.1,2.1,3.4,5971,6228.0,1.4,0.7,1003,MA上昇配列 / 開示[買収](6日前)
8016,オンワードホールディングス,繊維製品,13.3,13.3,1,831,★☆☆☆☆,0.0,2.0,-1,-13.4,0.0,4.3,0.0,7.0,0.0,0.0,0.0,,,0.0,-7.9,1.4,0.1,729,750.0,-0.8,2.5,589,出来高増2.5倍 / MA上昇配列 / パーフェクトオーダー
4151,協和キリン,医薬品,13.3,13.3,1,832,★☆☆☆☆,0.0,0.0,-1,-6.8,0.0,3.3,0.0,10.0,0.0,0.0,0.0,,,0.0,-6.8,1.9,3.1,2562,2663.5,3.4,1.1,2876,買い出来高優勢 / MA上昇配列 / パーフェクトオーダー
7630,壱番屋,小売業,13.3,13.3,1,833,★☆☆☆☆,0.0,2.0,-1,-16.3,0.0,3.3,0.0,8.0,0.0,0.0,0.0,,,0.0,-9.3,1.4,1.6,915,941.0,0.2,2.2,404,出来高増2.2倍 / MA上昇配列
1813,不動テトラ,建設業,13.3,13.3,1,834,★☆☆☆☆,0.0,2.0,-1,-3.3,0.0,3.3,0.0,8.0,0.0,0.0,0.0,,,0.0,-0.1,1.9,3.6,2769,2881.0,2.1,0.6,201,買い出来高優勢 / MA上昇配列
167A,リョーサン菱洋ホールディングス,卸売業,13.3,13.3,1,835,★☆☆☆☆,0.0,3.5,32,-7.9,0.0,3.3,0.0,6.5,0.0,0.0,0.0,,,0.0,3.1,2.5,4.3,3035,3195.0,2.7,0.5,570,買い出来高優勢 / MA上昇配列
2296,伊藤ハム米久ホールディングス,食料品,13.3,13.3,1,836,★☆☆☆☆,0.0,2.0,-1,-12.9,0.0,3.3,0.0,8.0,0.0,0.0,0.0,,,0.0,-6.3,1.5,1.7,4955,5110.0,0.0,0.4,643,買い出来高優勢 / MA上昇配列
4478,フリー,情報・通信業,13.3,13.3,1,837,★☆☆☆☆,0.0,5.5,37,0.1,0.0,7.3,0.0,5.5,0.0,0.0,-5.0,,,0.0,62.7,5.7,41.3,3933,4435.0,17.3,1.7,2468,買い出来高優勢 / 資金流入増 / MA上昇配列 / RSI過熱(91)⚠ / 過熱⚠25MA+41%
6625,ＪＡＬＣＯホールディングス,不動産業,13.2,13.2,1,838,★☆☆☆☆,0.0,3.5,36,-3.2,0.0,3.0,0.0,6.7,0.0,0.0,0.0,,,0.0,7.7,2.1,6.9,373,390.0,1.3,1.4,100,MA上昇配列
5482,愛知製鋼,鉄鋼,13.2,13.2,1,839,★☆☆☆☆,0.0,4.0,-1,-8.5,0.0,1.0,0.0,8.2,0.0,0.0,0.0,,,0.0,-5.9,2.3,1.8,3079,3230.0,2.1,0.5,511,25MA上抜け6日目 / MA上昇配列 / パーフェクトオーダー
7725,インターアクション,精密機器,13.2,13.2,1,840,★☆☆☆☆,0.0,9.0,17,0.5,0.0,2.0,0.0,2.2,0.0,0.0,0.0,,,0.0,6.3,4.6,0.5,1659,1828.0,-2.5,0.6,213,25MA上抜け6日目
3436,ＳＵＭＣＯ,金属製品,13.2,13.2,1,841,★☆☆☆☆,0.0,10.0,2,21.9,0.0,2.0,0.0,1.2,0.0,0.0,0.0,,,0.0,12.9,8.1,-2.3,2878,3434.0,1.5,0.8,50313,RS転換2日目 / RS加速+21.9
7280,ミツバ,電気機器,13.2,13.2,1,842,★☆☆☆☆,0.0,3.5,36,-9.5,0.0,1.0,0.0,8.7,0.0,0.0,0.0,,,0.0,6.2,2.6,8.2,1273,1344.0,-0.1,1.5,345,MA上昇配列 / パーフェクトオーダー
6925,ウシオ電機,電気機器,13.2,13.2,1,843,★☆☆☆☆,0.0,10.0,1,9.7,0.0,2.0,0.0,1.2,0.0,0.0,0.0,,,0.0,0.6,4.1,-2.6,3573,3891.0,1.8,0.6,1901,RS転換1日目 / RS加速+9.7
6486,イーグル工業,機械,13.2,13.2,1,844,★☆☆☆☆,0.0,4.0,-1,-6.1,0.0,2.0,0.0,7.2,0.0,0.0,0.0,,,0.0,-5.3,1.6,1.2,2946,3045.0,1.8,0.7,299,25MA上抜け2日目 / MA上昇配列 / パーフェクトオーダー
5032,ＡＮＹＣＯＬＯＲ,情報・通信業,13.2,13.2,1,845,★☆☆☆☆,0.0,3.5,33,-10.7,0.0,3.0,0.0,6.7,0.0,0.0,0.0,,,0.0,5.3,2.5,9.6,2880,3030.0,7.1,1.3,1383,MA上昇配列
7059,コプロ・ホールディングス,サービス業,13.2,13.2,1,846,★☆☆☆☆,0.0,3.5,36,-5.9,0.0,3.0,0.0,6.7,0.0,0.0,0.0,,,0.0,7.1,3.0,7.8,873,929.0,2.1,0.4,158,MA上昇配列
4902,コニカミノルタ,電気機器,13.2,13.2,1,847,★☆☆☆☆,0.0,4.0,-1,-14.2,0.0,1.0,0.0,8.2,0.0,0.0,0.0,,,0.0,-11.7,3.5,1.9,614,660.7000122070312,1.9,0.5,2734,25MA上抜け6日目 / MA上昇配列 / パーフェクトオーダー
1934,ユアテック,建設業,13.0,13.0,1,848,★☆☆☆☆,0.0,2.0,-1,-8.4,0.0,3.0,0.0,8.0,0.0,0.0,0.0,,,0.0,-0.1,2.0,5.1,2472,2576.0,2.4,1.3,388,MA上昇配列
1925,大和ハウス工業,建設業,13.0,13.0,1,849,★☆☆☆☆,0.0,4.0,-1,-13.0,0.0,0.0,0.0,9.0,0.0,0.0,0.0,,,0.0,-9.7,1.3,1.3,4597,4716.0,0.6,0.7,8729,25MA上抜け6日目 / MA上昇配列
9021,西日本旅客鉄道,陸運業,13.0,13.0,1,850,★☆☆☆☆,0.0,4.0,-1,-14.3,0.0,0.0,0.0,9.0,0.0,0.0,0.0,,,0.0,-12.4,1.7,0.7,2879,2983.0,0.8,0.8,6665,25MA上抜け3日目 / MA上昇配列
2327,日鉄ソリューションズ,情報・通信業,13.0,13.0,1,851,★☆☆☆☆,0.0,4.0,-1,-10.5,0.0,0.0,0.0,9.0,0.0,0.0,0.0,,,0.0,-5.9,2.1,3.7,3816,3986.0,3.1,1.0,861,25MA上抜け6日目 / MA上昇配列
2229,カルビー,食料品,13.0,13.0,1,852,★☆☆☆☆,0.0,2.0,-1,-14.5,0.0,2.0,0.0,9.0,0.0,0.0,0.0,,,0.0,-9.0,1.4,1.6,2979,3067.0,-0.1,0.5,956,MA上昇配列
2153,Ｅ・Ｊホールディングス,サービス業,13.0,13.0,1,853,★☆☆☆☆,0.0,2.0,-1,-6.7,0.0,2.0,0.0,9.0,0.0,0.0,0.0,,,0.0,-0.8,1.3,5.4,1822,1871.0,2.5,1.1,103,MA上昇配列 / 52週高値目前 / RSI過熱(86)⚠
7241,フタバ産業,輸送用機器,13.0,13.0,1,854,★☆☆☆☆,0.0,2.0,-1,-11.4,0.0,1.0,0.0,10.0,0.0,0.0,0.0,,,0.0,-0.3,1.7,4.4,1076,1115.0,-0.1,0.8,288,MA上昇配列
6306,日工,機械,13.0,13.0,1,855,★☆☆☆☆,0.0,2.0,-1,-11.9,0.0,0.0,0.0,11.0,0.0,0.0,0.0,,,0.0,-3.8,2.1,3.1,990,1034.0,0.0,0.8,131,MA上昇配列 / パーフェクトオーダー / 52週高値目前
1820,西松建設,建設業,13.0,13.0,1,856,★☆☆☆☆,0.0,2.0,-1,-6.5,0.0,2.0,0.0,9.0,0.0,0.0,0.0,,,0.0,-3.6,1.5,1.9,5363,5533.0,0.9,0.8,688,MA上昇配列
1518,三井松島ホールディングス,その他製品,13.0,13.0,1,857,★☆☆☆☆,0.0,2.0,-1,-21.9,0.0,0.0,0.0,11.0,0.0,0.0,0.0,,,0.0,-4.4,2.1,2.6,2264,2362.0,3.5,1.0,952,MA上昇配列 / パーフェクトオーダー / 52週高値目前
1938,日本リーテック,建設業,13.0,13.0,1,858,★☆☆☆☆,0.0,4.0,-1,-0.3,0.0,3.0,0.0,6.0,0.0,0.0,0.0,,,0.0,-1.8,2.5,2.7,2407,2536.0,3.0,0.8,311,25MA上抜け5日目
2695,くら寿司,小売業,13.0,13.0,1,859,★☆☆☆☆,0.0,2.0,-1,-13.8,0.0,4.3,0.0,6.7,0.0,0.0,0.0,,,0.0,-3.0,1.8,5.0,1708,1771.0,2.4,1.3,381,買い出来高優勢 / MA上昇配列
3291,飯田グループホールディングス,不動産業,13.0,13.0,1,860,★☆☆☆☆,0.0,2.0,-1,-12.6,0.0,2.0,0.0,9.0,0.0,0.0,0.0,,,0.0,-6.7,1.8,2.2,2265,2351.5,-0.4,0.9,1356,MA上昇配列
8097,三愛オブリ,卸売業,13.0,13.0,1,861,★☆☆☆☆,0.0,2.0,-1,-9.9,0.0,1.0,0.0,10.0,0.0,0.0,0.0,,,0.0,-4.1,1.5,3.2,2356,2428.0,0.6,0.7,204,MA上昇配列
2982,ＡＤワークスグループ,不動産業,13.0,13.0,1,862,★☆☆☆☆,0.0,4.0,-1,-4.3,0.0,0.0,0.0,9.0,0.0,0.0,0.0,,,0.0,-1.6,2.1,5.5,420,439.0,4.3,1.2,132,25MA上抜け6日目 / MA上昇配列
5892,ｙｕｔｏｒｉ,小売業,13.0,13.0,1,863,★☆☆☆☆,0.0,5.0,29,-6.6,0.0,3.0,0.0,8.0,0.0,0.0,-3.0,,,0.0,19.1,5.9,15.4,2328,2642.0,7.6,0.9,194,MA上昇配列 / 伸びすぎ注意(25MA+15%)
4928,ノエビアホールディングス,化学,13.0,13.0,1,864,★☆☆☆☆,0.0,2.0,-1,-16.8,0.0,1.0,0.0,10.0,0.0,0.0,0.0,,,0.0,-9.4,1.4,2.2,4799,4935.0,1.2,0.6,576,MA上昇配列
3636,三菱総合研究所,情報・通信業,13.0,13.0,1,865,★☆☆☆☆,0.0,2.0,-1,-8.5,0.0,2.0,0.0,9.0,0.0,0.0,0.0,,,0.0,-0.6,1.9,6.3,4957,5150.0,2.8,1.0,243,MA上昇配列 / 52週高値目前 / RSI過熱(89)⚠
8081,カナデン,卸売業,13.0,13.0,1,866,★☆☆☆☆,0.0,4.0,-1,-2.6,0.0,1.0,0.0,8.0,0.0,0.0,0.0,,,0.0,-2.1,2.4,4.7,2476,2598.0,2.9,0.7,172,25MA上抜け6日目
7458,第一興商,卸売業,13.0,13.0,1,867,★☆☆☆☆,0.0,2.0,-1,-13.5,0.0,1.0,0.0,10.0,0.0,0.0,0.0,,,0.0,-6.1,1.5,3.3,1834,1893.0,1.1,1.1,413,MA上昇配列 / パーフェクトオーダー
7476,アズワン,卸売業,13.0,13.0,1,868,★☆☆☆☆,0.0,4.0,-1,-10.3,0.0,1.0,0.0,8.0,0.0,0.0,0.0,,,0.0,-9.7,1.7,3.6,2431,2517.0,3.9,0.9,350,25MA上抜け4日目 / MA上昇配列
9869,加藤産業,卸売業,13.0,13.0,1,869,★☆☆☆☆,0.0,2.0,-1,-14.5,0.0,1.0,0.0,10.0,0.0,0.0,0.0,,,0.0,-6.6,2.0,2.7,6384,6650.0,0.6,0.8,215,MA上昇配列
9830,トラスコ中山,卸売業,13.0,13.0,1,870,★☆☆☆☆,0.0,4.0,-1,-8.2,0.0,0.0,0.0,9.0,0.0,0.0,0.0,,,0.0,-7.5,2.1,1.4,2325,2427.0,2.8,0.7,318,25MA上抜け2日目 / MA上昇配列
9936,王将フードサービス,小売業,13.0,13.0,1,871,★☆☆☆☆,0.0,4.0,-1,-12.0,0.0,1.0,0.0,8.0,0.0,0.0,0.0,,,0.0,-10.1,1.3,1.8,2913,2990.0,1.3,0.7,695,25MA上抜け5日目 / MA上昇配列
4595,ミズホメディー,医薬品,13.0,13.0,1,872,★☆☆☆☆,0.0,2.0,-1,-8.9,0.0,1.0,0.0,10.0,0.0,0.0,0.0,,,0.0,-3.8,1.2,2.7,1698,1741.0,1.2,0.9,171,MA上昇配列
6363,酉島製作所,機械,13.0,13.0,1,873,★☆☆☆☆,0.0,5.0,17,-3.0,0.0,2.0,0.0,6.0,0.0,0.0,0.0,,,0.0,8.5,3.6,1.1,2847,3065.0,-3.3,0.9,565,MA上昇配列 / パーフェクトオーダー
4528,小野薬品工業,医薬品,13.0,13.0,1,874,★☆☆☆☆,0.0,2.0,-1,-10.0,0.0,1.0,0.0,10.0,0.0,0.0,0.0,,,0.0,-7.4,2.0,1.5,2361,2457.0,0.4,0.8,3855,MA上昇配列 / パーフェクトオーダー
4568,第一三共,医薬品,13.0,13.0,1,875,★☆☆☆☆,0.0,4.0,-1,-9.3,0.0,1.0,0.0,8.0,0.0,0.0,0.0,,,0.0,-5.9,2.7,5.8,2775,2931.0,3.4,1.0,17988,25MA上抜け6日目 / MA上昇配列
7733,オリンパス,精密機器,13.0,13.0,1,876,★☆☆☆☆,0.0,3.5,32,-18.1,0.0,2.0,0.0,7.5,0.0,0.0,0.0,,,0.0,8.4,3.3,7.7,2006,2149.0,-0.9,1.1,10223,MA上昇配列 / パーフェクトオーダー
4413,ボードルア,情報・通信業,13.0,13.0,1,877,★☆☆☆☆,0.0,0.0,-1,-17.4,0.0,2.0,0.0,11.0,0.0,0.0,0.0,,,0.0,-9.9,3.6,2.6,2754,2967.0,-1.8,1.5,1159,MA上昇配列 / パーフェクトオーダー
1878,大東建託,不動産業,13.0,13.0,1,878,★☆☆☆☆,0.0,4.0,-1,-15.3,0.0,0.0,0.0,9.0,0.0,0.0,0.0,,,0.0,-11.7,1.5,1.6,3256,3353.0,1.1,0.6,5337,25MA上抜け6日目 / MA上昇配列
6727,ワコム,電気機器,13.0,13.0,1,879,★☆☆☆☆,0.0,4.0,-1,-9.4,0.0,2.0,0.0,7.0,0.0,0.0,0.0,,,0.0,-3.8,2.3,5.4,801,840.0,5.8,0.9,472,25MA上抜け6日目
3922,ＰＲ　ＴＩＭＥＳ,情報・通信業,13.0,13.0,1,880,★☆☆☆☆,0.0,4.0,-1,-6.5,0.0,3.0,0.0,6.0,0.0,0.0,0.0,,,0.0,-3.4,1.7,3.1,2105,2178.0,1.8,1.3,107,25MA上抜け9日目
3496,アズーム,不動産業,13.0,13.0,1,881,★☆☆☆☆,0.0,2.0,-1,-10.8,0.0,2.0,0.0,9.0,0.0,0.0,0.0,,,0.0,-0.7,2.7,5.9,4724,4995.0,4.0,0.5,249,MA上昇配列
5137,スマートドライブ,情報・通信業,12.9,12.899999999999999,1,882,★☆☆☆☆,0.0,3.5,37,-10.6,0.0,7.7,0.0,6.7,0.0,0.0,-5.0,,,0.0,32.9,6.2,25.2,278,317.0,4.6,2.5,140,出来高増2.5倍 / 買い出来高優勢 / MA上昇配列 / 過熱⚠25MA+25%
4023,クレハ,化学,12.8,12.8,1,883,★☆☆☆☆,0.0,2.0,-1,-4.6,0.0,3.3,0.0,7.5,0.0,0.0,0.0,,,0.0,-0.8,2.2,2.9,4344,4540.0,1.9,0.7,1188,買い出来高優勢 / MA上昇配列
7839,ＳＨＯＥＩ,その他製品,12.8,12.8,1,884,★☆☆☆☆,0.0,2.0,-1,-11.8,0.0,3.3,0.0,7.5,0.0,0.0,0.0,,,0.0,-0.7,1.8,4.3,2036,2113.0,1.7,0.6,398,買い出来高優勢 / MA上昇配列 / パーフェクトオーダー
4343,イオンファンタジー,サービス業,12.8,12.8,1,885,★☆☆☆☆,0.0,2.0,-1,-17.3,0.0,5.3,0.0,5.5,0.0,0.0,0.0,,,0.0,-5.1,2.2,1.8,2717,2840.0,-1.9,2.5,271,出来高増2.5倍 / MA上昇配列
6920,レーザーテック,電気機器,12.8,12.8,1,886,★☆☆☆☆,0.0,4.0,-1,17.3,8.8,0.0,0.0,0.0,0.0,0.0,0.0,,,0.0,-4.3,5.4,-9.4,30887,34640.0,-1.4,0.5,121860,RS加速+17.3 / 半導体製造装置(+1.4%)
9435,光通信,情報・通信業,12.7,12.7,1,887,★☆☆☆☆,0.0,4.0,-1,-12.7,0.0,1.0,0.0,7.7,0.0,0.0,0.0,,,0.0,-5.1,2.2,3.4,38917,40740.0,3.4,0.6,3975,25MA上抜け6日目 / MA上昇配列
5445,東京鐵鋼,鉄鋼,12.7,12.7,1,888,★☆☆☆☆,0.0,2.0,-1,-7.4,0.0,2.0,0.0,8.7,0.0,0.0,0.0,,,0.0,-3.4,1.4,2.7,1983,2042.0,1.3,0.5,217,MA上昇配列
2282,日本ハム,食料品,12.7,12.7,1,889,★☆☆☆☆,0.0,2.0,-1,-15.2,0.0,3.0,0.0,7.7,0.0,0.0,0.0,,,0.0,-10.5,1.8,1.2,6135,6365.0,-0.9,0.6,4206,MA上昇配列
6387,サムコ,機械,12.7,12.7,1,890,★☆☆☆☆,0.0,10.0,1,23.7,0.0,0.0,0.0,2.7,0.0,0.0,0.0,,,0.0,12.2,6.8,-2.6,7607,8810.0,-0.8,0.5,1070,RS転換1日目 / RS加速+23.7
8101,ＧＳＩクレオス,卸売業,12.7,12.7,1,891,★☆☆☆☆,0.0,2.0,-1,-10.0,0.0,1.0,0.0,9.7,0.0,0.0,0.0,,,0.0,-6.7,2.4,1.2,2607,2741.0,-1.2,0.7,103,MA上昇配列 / パーフェクトオーダー / 52週高値目前
9543,静岡ガス,電気・ガス業,12.7,12.7,1,892,★☆☆☆☆,0.0,4.0,-1,-7.3,0.0,1.0,0.0,7.7,0.0,0.0,0.0,,,0.0,-4.6,1.5,3.0,1260,1300.0,1.6,1.0,210,25MA上抜け7日目 / MA上昇配列
1766,東建コーポレーション,建設業,12.7,12.7,1,893,★☆☆☆☆,0.0,2.0,-1,-11.1,0.0,2.0,0.0,8.7,0.0,0.0,0.0,,,0.0,-6.9,1.5,2.7,13286,13690.0,1.4,0.8,261,MA上昇配列
9828,Ｇｅｎｋｉ　Ｇｌｏｂａｌ　Ｄｉｎｉｎｇ　Ｃｏｎｃｅｐｔｓ,小売業,12.7,12.7,1,894,★☆☆☆☆,0.0,4.0,-1,-13.2,0.0,0.0,0.0,8.7,0.0,0.0,0.0,,,0.0,-10.3,2.2,4.8,3406,3565.0,4.5,0.8,228,25MA上抜け7日目 / MA上昇配列 / パーフェクトオーダー
6779,日本電波工業,電気機器,12.7,12.7,1,895,★☆☆☆☆,0.0,10.0,3,12.9,0.0,0.0,0.0,2.7,0.0,0.0,0.0,,,0.0,7.6,8.3,-1.8,2284,2740.0,0.3,0.5,2658,RS転換3日目 / RS加速+12.9
6988,日東電工,化学,12.7,12.7,1,896,★☆☆☆☆,0.0,4.0,-1,-10.0,0.0,2.0,0.0,5.2,0.0,1.5,0.0,,,0.0,-6.5,2.3,0.7,3311,3471.0,1.7,0.9,9480,25MA上抜け0日目 / MA上昇配列 / 開示[自己株式の取得](7日前)
6981,村田製作所,電気機器,12.7,12.7,1,897,★☆☆☆☆,0.0,10.0,1,24.3,0.0,0.0,0.0,2.7,0.0,0.0,0.0,,,0.0,8.0,5.8,-0.2,6543,7397.0,4.3,0.9,190481,RS転換1日目 / RS加速+24.3
6800,ヨコオ,電気機器,12.7,12.7,1,898,★☆☆☆☆,0.0,10.0,1,19.6,0.0,0.0,0.0,2.7,0.0,0.0,0.0,,,0.0,3.6,5.5,-2.4,3519,3955.0,2.7,0.6,904,RS転換1日目 / RS加速+19.6
3076,あい　ホールディングス,卸売業,12.7,12.7,1,899,★☆☆☆☆,0.0,2.0,-1,-14.2,0.0,1.0,0.0,9.7,0.0,0.0,0.0,,,0.0,-4.3,1.7,2.7,2889,2994.0,2.1,0.6,470,MA上昇配列 / パーフェクトオーダー / 52週高値目前
6327,北川精機,機械,12.7,12.7,1,900,★☆☆☆☆,0.0,10.0,2,24.4,0.0,0.0,0.0,2.7,0.0,0.0,0.0,,,0.0,5.6,10.2,-3.9,2530,3175.0,-1.9,0.4,2345,RS転換2日目 / RS加速+24.4
2154,オープンアップグループ,サービス業,12.7,12.7,1,901,★☆☆☆☆,0.0,2.0,-1,-9.7,0.0,0.0,0.0,10.7,0.0,0.0,0.0,,,0.0,-5.9,2.0,3.1,1998,2082.0,2.1,1.0,343,MA上昇配列 / パーフェクトオーダー
3696,セレス,情報・通信業,12.7,12.7,1,902,★☆☆☆☆,0.0,4.0,-1,-11.4,0.0,0.0,0.0,8.7,0.0,0.0,0.0,,,0.0,-3.5,4.1,5.1,2071,2257.0,-0.4,0.8,414,25MA上抜け9日目 / MA上昇配列 / パーフェクトオーダー
3891,ニッポン高度紙工業,パルプ・紙,12.7,12.7,1,903,★☆☆☆☆,0.0,10.0,1,19.8,0.0,0.0,0.0,2.7,0.0,0.0,0.0,,,0.0,7.7,6.3,-1.5,5759,6590.0,2.3,0.5,1457,RS転換1日目 / RS加速+19.8
2659,サンエー,小売業,12.7,12.7,1,904,★☆☆☆☆,0.0,2.0,-1,-14.3,0.0,0.0,0.0,10.7,0.0,0.0,0.0,,,0.0,-6.9,1.4,1.3,3260,3355.0,-0.3,0.8,406,MA上昇配列 / パーフェクトオーダー
7593,ＶＴホールディングス,小売業,12.7,12.7,1,905,★☆☆☆☆,0.0,2.0,-1,-13.2,0.0,2.0,0.0,8.7,0.0,0.0,0.0,,,0.0,-0.5,2.1,5.0,512,534.0,-1.3,0.6,242,MA上昇配列
6753,シャープ,電気機器,12.7,12.7,1,906,★☆☆☆☆,0.0,4.0,-1,-10.6,0.0,2.0,0.0,6.7,0.0,0.0,0.0,,,0.0,-5.0,3.8,2.5,599,647.7000122070312,1.0,0.6,2322,25MA上抜け2日目 / MA上昇配列
4258,網屋,情報・通信業,12.5,12.5,1,907,★☆☆☆☆,0.0,0.0,-1,-10.4,0.0,4.3,0.0,8.2,0.0,0.0,0.0,,,0.0,-0.1,6.5,4.5,4067,4680.0,1.6,2.1,277,出来高増2.1倍 / MA上昇配列 / パーフェクトオーダー
4290,プレステージ・インターナショナル,サービス業,12.5,12.5,1,908,★☆☆☆☆,0.0,2.0,-1,-20.7,0.0,4.3,0.0,6.2,0.0,0.0,0.0,,,0.0,-7.9,1.6,2.0,703,726.0,-1.4,2.0,366,出来高増2.0倍 / MA上昇配列
3491,ＧＡ　ｔｅｃｈｎｏｌｏｇｉｅｓ,不動産業,12.5,12.5,1,909,★☆☆☆☆,0.0,3.5,33,-15.7,0.0,1.0,0.0,8.0,0.0,0.0,0.0,,,0.0,4.8,3.3,5.9,1473,1576.0,-0.8,0.7,277,MA上昇配列
3475,グッドコムアセット,不動産業,12.5,12.5,1,910,★☆☆☆☆,0.0,2.0,-1,-15.4,0.0,2.0,0.0,8.5,0.0,0.0,0.0,,,0.0,-7.0,1.7,0.2,1499,1553.0,-2.8,1.6,110,MA上昇配列 / パーフェクトオーダー
8281,ゼビオホールディングス,小売業,12.5,12.5,1,911,★☆☆☆☆,0.0,2.0,-1,-13.5,0.0,2.0,0.0,8.5,0.0,0.0,0.0,,,0.0,-2.3,2.9,2.7,1109,1178.0,-2.8,0.8,168,MA上昇配列 / パーフェクトオーダー
5027,ＡｎｙＭｉｎｄ　Ｇｒｏｕｐ,情報・通信業,12.5,12.5,1,912,★☆☆☆☆,0.0,3.5,39,-11.6,0.0,5.3,0.0,8.7,0.0,0.0,-5.0,,,0.0,38.0,5.9,24.4,718,814.0,1.4,1.1,369,買い出来高優勢 / 資金流入増 / MA上昇配列 / パーフェクトオーダー / 過熱⚠25MA+24%
8276,平和堂,小売業,12.5,12.5,1,913,★☆☆☆☆,0.0,2.0,-1,-17.8,0.0,4.0,0.0,6.5,0.0,0.0,0.0,,,0.0,-8.3,1.8,0.4,2592,2687.0,-2.4,0.3,940,資金流入増 / MA上昇配列
2801,キッコーマン,食料品,12.5,12.5,1,914,★☆☆☆☆,0.0,2.0,-1,-17.1,0.0,1.0,0.0,9.5,0.0,0.0,0.0,,,0.0,-2.0,2.4,3.8,1726,1811.0,-1.4,0.9,6904,MA上昇配列 / パーフェクトオーダー
8995,誠建設工業,不動産業,12.5,12.5,1,915,★☆☆☆☆,0.0,5.0,24,-32.8,0.0,2.0,0.0,5.5,0.0,0.0,0.0,,,0.0,62.7,19.9,12.9,907,1508.0,-2.3,0.2,467,資金流入増 / MA上昇配列
6425,ユニバーサルエンターテインメント,機械,12.5,12.5,1,916,★☆☆☆☆,0.0,5.0,15,-8.7,0.0,2.0,0.0,5.5,0.0,0.0,0.0,,,0.0,3.1,4.7,3.6,662,731.0,0.4,0.4,191,MA上昇配列
7244,市光工業,電気機器,12.5,12.5,1,917,★☆☆☆☆,0.0,2.0,-1,-13.4,0.0,2.0,0.0,8.5,0.0,0.0,0.0,,,0.0,-2.7,4.0,1.7,516,561.0,-3.1,0.6,118,資金流入増 / MA上昇配列 / パーフェクトオーダー
8005,スクロール,小売業,12.4,12.4,1,918,★☆☆☆☆,0.0,2.0,-1,-9.7,0.0,1.0,0.0,7.0,0.0,2.4,0.0,,,0.0,-1.6,1.9,0.1,1752,1821.0,-0.9,1.1,493,MA上昇配列 / パーフェクトオーダー / 開示[自己株式の取得](3日前)
141A,トライアルホールディングス,小売業,12.3,12.3,1,919,★☆☆☆☆,0.0,4.5,42,-4.8,0.0,4.3,0.0,6.5,0.0,0.0,-3.0,,,0.0,26.7,4.9,18.2,3726,4135.0,5.5,1.0,3130,買い出来高優勢 / MA上昇配列 / RSI過熱(85)⚠ / 伸びすぎ注意(25MA+18%)
6570,共和コーポレーション,サービス業,12.2,12.2,1,920,★☆☆☆☆,0.0,3.5,47,-29.2,0.0,4.0,0.0,9.7,0.0,0.0,-5.0,,,0.0,64.2,10.6,27.1,2893,3675.0,-5.3,0.7,298,資金流入増 / MA上昇配列 / パーフェクトオーダー / 過熱⚠25MA+27%
2730,エディオン,小売業,12.2,12.2,1,921,★☆☆☆☆,0.0,2.0,-1,-9.6,0.0,2.0,0.0,8.2,0.0,0.0,0.0,,,0.0,-6.2,1.7,1.1,2452,2540.0,-0.3,0.7,712,MA上昇配列 / パーフェクトオーダー
299A,クラシル,サービス業,12.2,12.2,1,922,★☆☆☆☆,0.0,3.5,33,-9.3,0.0,2.0,0.0,6.7,0.0,0.0,0.0,,,0.0,17.2,4.3,14.0,1217,1331.0,4.0,1.1,241,MA上昇配列
6490,ＰＩＬＬＡＲ,機械,12.2,12.2,1,923,★☆☆☆☆,0.0,10.0,3,14.1,0.0,0.0,0.0,2.2,0.0,0.0,0.0,,,0.0,8.6,5.2,-0.4,8924,9970.0,2.2,0.7,1687,RS転換3日目 / RS加速+14.1
3668,コロプラ,情報・通信業,12.2,12.2,1,924,★☆☆☆☆,0.0,3.5,32,-10.6,0.0,2.0,0.0,6.7,0.0,0.0,0.0,,,0.0,4.6,2.4,6.8,419,440.0,0.2,0.7,257,MA上昇配列
9616,共立メンテナンス,サービス業,12.2,12.2,1,925,★☆☆☆☆,0.0,4.0,-1,-20.4,0.0,0.0,0.0,8.2,0.0,0.0,0.0,,,0.0,-7.1,2.9,2.1,3239,3435.0,-1.3,0.9,4183,25MA上抜け8日目 / MA上昇配列 / パーフェクトオーダー
9201,日本航空,空運業,12.2,12.2,1,926,★☆☆☆☆,0.0,2.0,-1,-10.5,0.0,2.0,0.0,8.2,0.0,0.0,0.0,,,0.0,-4.5,1.4,1.9,2974,3062.0,2.0,0.7,6365,MA上昇配列 / パーフェクトオーダー
3861,王子ホールディングス,パルプ・紙,12.2,12.2,1,927,★☆☆☆☆,0.0,4.0,-1,-8.9,0.0,2.0,0.0,6.2,0.0,0.0,0.0,,,0.0,-8.6,1.6,0.9,854,881.5,1.7,1.6,3295,25MA上抜け2日目 / MA上昇配列
7779,ＣＹＢＥＲＤＹＮＥ,精密機器,12.2,12.2,1,928,★☆☆☆☆,0.0,8.0,0,-3.5,0.0,2.0,0.0,2.2,0.0,0.0,0.0,,,0.0,0.6,3.8,0.0,214,231.0,-1.7,1.9,286,RS転換0日目
6999,ＫＯＡ,電気機器,12.2,12.2,1,929,★☆☆☆☆,0.0,10.0,1,17.1,0.0,1.0,0.0,1.2,0.0,0.0,0.0,,,0.0,5.6,4.9,-0.5,2128,2359.0,7.7,0.5,1873,RS転換1日目 / RS加速+17.1
8130,サンゲツ,卸売業,12.2,12.2,1,930,★☆☆☆☆,0.0,2.0,-1,-11.2,0.0,0.0,0.0,10.2,0.0,0.0,0.0,,,0.0,-4.8,1.2,3.1,3155,3230.0,1.6,0.8,468,MA上昇配列 / 52週高値目前
6588,東芝テック,電気機器,12.2,12.2,1,931,★☆☆☆☆,0.0,4.0,-1,-2.9,0.0,2.0,0.0,6.2,0.0,0.0,0.0,,,0.0,-6.9,3.9,1.1,2934,3180.0,5.6,0.7,475,25MA上抜け0日目 / MA上昇配列 / パーフェクトオーダー
6505,東洋電機製造,電気機器,12.2,12.2,1,932,★☆☆☆☆,0.0,4.0,-1,-1.2,0.0,0.0,0.0,8.2,0.0,0.0,0.0,,,0.0,-1.3,2.2,1.8,2332,2440.0,2.1,0.6,107,25MA上抜け4日目 / MA上昇配列 / パーフェクトオーダー
4651,サニックスホールディングス,サービス業,12.2,12.2,1,933,★☆☆☆☆,0.0,4.0,-1,-10.6,0.0,2.0,0.0,6.2,0.0,0.0,0.0,,,0.0,-4.7,3.9,1.0,251,272.0,-2.9,1.4,100,25MA上抜け7日目 / MA上昇配列 / パーフェクトオーダー
5410,合同製鐵,鉄鋼,12.0,12.0,1,934,★☆☆☆☆,0.0,2.0,-1,-9.5,0.0,2.0,0.0,8.0,0.0,0.0,0.0,,,0.0,-1.9,1.7,4.1,2946,3050.0,2.7,0.4,269,MA上昇配列
4503,アステラス製薬,医薬品,12.0,12.0,1,935,★☆☆☆☆,0.0,2.0,-1,-14.8,0.0,1.0,0.0,9.0,0.0,0.0,0.0,,,0.0,-3.7,2.2,2.8,2264,2370.5,-0.7,1.0,14167,MA上昇配列
4784,ＧＭＯインターネット,サービス業,12.0,12.0,1,936,★☆☆☆☆,0.0,2.0,-1,-21.0,0.0,2.0,0.0,8.0,0.0,0.0,0.0,,,0.0,-1.7,5.5,4.9,517,582.0,-3.5,0.9,1186,MA上昇配列
6183,ベルシステム２４ホールディングス,サービス業,12.0,12.0,1,937,★☆☆☆☆,0.0,2.0,-1,-9.4,0.0,3.0,0.0,7.0,0.0,0.0,0.0,,,0.0,-6.0,1.6,2.3,1341,1386.0,0.3,1.6,448,-
4507,塩野義製薬,医薬品,12.0,12.0,1,938,★☆☆☆☆,0.0,4.0,-1,-14.7,0.0,0.0,0.0,8.0,0.0,0.0,0.0,,,0.0,-11.6,1.8,1.2,2805,2912.5,-0.2,0.6,7215,25MA上抜け6日目 / MA上昇配列
6268,ナブテスコ,機械,12.0,12.0,1,939,★☆☆☆☆,0.0,10.0,1,10.7,0.0,2.0,0.0,0.0,0.0,0.0,0.0,,,0.0,1.2,3.5,-0.2,4375,4706.0,4.0,1.6,4984,RS転換1日目 / RS加速+10.7
7203,トヨタ自動車,輸送用機器,12.0,12.0,1,940,★☆☆☆☆,0.0,4.0,-1,-14.4,0.0,0.0,0.0,8.0,0.0,0.0,0.0,,,0.0,-7.7,2.0,2.9,2991,3116.0,-0.5,0.8,84490,25MA上抜け6日目 / MA上昇配列
3817,ＳＲＡホールディングス,情報・通信業,12.0,12.0,1,941,★☆☆☆☆,0.0,2.0,-1,-9.3,0.0,1.0,0.0,9.0,0.0,0.0,0.0,,,0.0,-1.8,2.0,4.5,4791,4995.0,3.0,1.0,184,MA上昇配列
7965,象印マホービン,電気機器,12.0,12.0,1,942,★☆☆☆☆,0.0,2.0,-1,-12.5,0.0,2.0,0.0,8.0,0.0,0.0,0.0,,,0.0,-6.2,1.4,2.6,1450,1491.0,1.2,0.8,200,MA上昇配列
3252,地主,不動産業,12.0,12.0,1,943,★☆☆☆☆,0.0,2.0,-1,-8.4,0.0,1.0,0.0,9.0,0.0,0.0,0.0,,,0.0,-4.5,1.7,2.0,2891,2990.0,-1.2,0.5,366,MA上昇配列
5019,出光興産,石油・石炭製品,12.0,12.0,1,944,★☆☆☆☆,0.0,2.0,-1,-6.9,0.0,1.0,0.0,9.0,0.0,0.0,0.0,,,0.0,-1.9,2.5,4.4,1311,1379.5,-0.3,0.7,4939,MA上昇配列
3431,宮地エンジニアリンググループ,金属製品,12.0,12.0,1,945,★☆☆☆☆,0.0,2.0,-1,-12.1,0.0,2.0,0.0,8.0,0.0,0.0,0.0,,,0.0,-6.5,1.4,1.1,1576,1621.0,-1.1,1.0,133,MA上昇配列
2811,カゴメ,食料品,12.0,12.0,1,946,★☆☆☆☆,0.0,4.0,-1,-12.4,0.0,0.0,0.0,8.0,0.0,0.0,0.0,,,0.0,-10.9,1.5,1.8,2651,2731.5,1.1,0.7,953,25MA上抜け6日目 / MA上昇配列
5911,横河ブリッジホールディングス,金属製品,12.0,12.0,1,947,★☆☆☆☆,0.0,2.0,-1,-9.3,0.0,0.0,0.0,10.0,0.0,0.0,0.0,,,0.0,-6.6,1.0,1.0,2929,2990.0,0.2,0.9,298,MA上昇配列
2791,大黒天物産,小売業,12.0,12.0,1,948,★☆☆☆☆,0.0,4.0,-1,-12.2,0.0,0.0,0.0,8.0,0.0,0.0,0.0,,,0.0,-10.1,2.2,2.2,4424,4630.0,1.9,0.5,215,25MA上抜け10日目 / MA上昇配列
6535,アイモバイル,サービス業,12.0,12.0,1,949,★☆☆☆☆,0.0,2.0,-1,-6.5,0.0,2.0,0.0,8.0,0.0,0.0,0.0,,,0.0,-3.7,2.0,1.8,491,511.0,-0.8,0.5,183,MA上昇配列
1721,コムシスホールディングス,建設業,12.0,12.0,1,950,★☆☆☆☆,0.0,4.0,-1,-5.7,0.0,1.0,0.0,7.0,0.0,0.0,0.0,,,0.0,-3.8,1.9,2.5,5226,5433.0,3.3,0.8,2400,25MA上抜け4日目
2749,ＪＰホールディングス,サービス業,12.0,12.0,1,951,★☆☆☆☆,0.0,2.0,-1,-11.1,0.0,1.0,0.0,9.0,0.0,0.0,0.0,,,0.0,-4.2,2.2,3.7,636,665.0,0.8,0.9,187,MA上昇配列
4381,ビープラッツ,情報・通信業,12.0,12.0,1,952,★☆☆☆☆,0.0,10.0,0,12.4,0.0,2.0,0.0,0.0,0.0,0.0,0.0,,,0.0,1.1,14.2,-18.5,211,295.0,-16.9,0.4,234,RS転換0日目 / RS加速+12.4 / 資金流入増
9882,イエローハット,卸売業,12.0,12.0,1,953,★☆☆☆☆,0.0,0.0,-1,-13.0,0.0,0.0,0.0,12.0,0.0,0.0,0.0,,,0.0,-11.9,1.3,0.2,1739,1785.0,-0.7,0.8,280,MA上昇配列 / パーフェクトオーダー
5449,大阪製鐵,鉄鋼,12.0,12.0,1,954,★☆☆☆☆,0.0,4.0,-1,-7.5,0.0,0.0,0.0,8.0,0.0,0.0,0.0,,,0.0,-5.2,3.6,6.3,2668,2875.0,7.9,0.7,107,25MA上抜け2日目 / MA上昇配列
9509,北海道電力,電気・ガス業,12.0,12.0,1,955,★☆☆☆☆,0.0,2.0,-1,-8.9,0.0,2.0,0.0,8.0,0.0,0.0,0.0,,,0.0,-0.8,2.3,3.7,1034,1084.0,-0.4,0.9,2039,MA上昇配列
1887,日本国土開発,建設業,12.0,12.0,1,956,★☆☆☆☆,0.0,2.0,-1,-8.0,0.0,2.0,0.0,8.0,0.0,0.0,0.0,,,0.0,-1.0,1.5,3.5,534,550.0,0.4,0.7,160,MA上昇配列
1898,世紀東急工業,建設業,12.0,12.0,1,957,★☆☆☆☆,0.0,2.0,-1,-11.0,0.0,1.0,0.0,9.0,0.0,0.0,0.0,,,0.0,-8.3,1.0,1.1,1470,1501.0,0.1,0.9,269,MA上昇配列
4687,ＴＤＣソフト,情報・通信業,12.0,12.0,1,958,★☆☆☆☆,0.0,4.0,-1,-20.9,0.0,0.0,0.0,8.0,0.0,0.0,0.0,,,0.0,-15.6,2.8,0.4,968,1026.0,0.4,0.6,109,25MA上抜け6日目 / MA上昇配列
2325,ＮＪＳ,サービス業,12.0,12.0,1,959,★☆☆☆☆,0.0,2.0,-1,-11.3,0.0,5.3,0.0,4.7,0.0,0.0,0.0,,,0.0,-0.1,2.9,6.1,4614,4895.0,1.5,1.5,154,買い出来高優勢
8425,みずほリース,その他金融業,12.0,12.0,1,960,★☆☆☆☆,0.0,2.0,-1,-9.0,0.0,0.0,0.0,10.0,0.0,0.0,0.0,,,0.0,-4.8,1.2,1.8,1345,1379.0,0.3,0.9,834,MA上昇配列
4681,リゾートトラスト,サービス業,12.0,12.0,1,961,★☆☆☆☆,0.0,2.0,-1,-15.3,0.0,0.0,0.0,10.0,0.0,0.0,0.0,,,0.0,-5.6,2.5,3.6,1787,1881.0,1.4,0.6,1108,MA上昇配列
5541,大平洋金属,鉄鋼,12.0,12.0,1,962,★☆☆☆☆,0.0,3.5,31,-7.2,0.0,3.0,0.0,5.5,0.0,0.0,0.0,,,0.0,5.8,3.4,4.7,2508,2692.0,2.6,0.7,687,MA上昇配列
7148,ＦＰＧ,証券、商品先物取引業,12.0,12.0,1,963,★☆☆☆☆,0.0,4.0,-1,-12.4,0.0,0.0,0.0,8.0,0.0,0.0,0.0,,,0.0,-6.5,1.6,2.1,1620,1673.0,0.8,0.5,900,25MA上抜け6日目 / MA上昇配列
4169,ＥＮＥＣＨＡＮＧＥ,情報・通信業,12.0,12.0,1,964,★☆☆☆☆,0.0,3.5,39,-18.3,0.0,3.0,0.0,5.5,0.0,0.0,0.0,,,0.0,17.7,10.2,3.1,223,280.0,-8.5,0.4,514,資金流入増 / MA上昇配列
7231,トピー工業,輸送用機器,12.0,12.0,1,965,★☆☆☆☆,0.0,2.0,-1,-9.8,0.0,1.0,0.0,9.0,0.0,0.0,0.0,,,0.0,-3.1,1.9,3.7,2963,3080.0,-0.5,0.6,172,MA上昇配列
7270,ＳＵＢＡＲＵ,輸送用機器,12.0,12.0,1,966,★☆☆☆☆,0.0,4.0,-1,-16.1,0.0,0.0,0.0,8.0,0.0,0.0,0.0,,,0.0,-13.9,2.3,0.8,2517,2639.0,-0.6,0.8,12708,25MA上抜け0日目 / MA上昇配列
5210,日本山村硝子,ガラス・土石製品,12.0,12.0,1,967,★☆☆☆☆,0.0,2.0,-1,-5.0,0.0,2.0,0.0,8.0,0.0,0.0,0.0,,,0.0,-0.3,2.1,2.5,2829,2951.0,-0.6,0.5,153,MA上昇配列
6417,ＳＡＮＫＹＯ,機械,12.0,12.0,1,968,★☆☆☆☆,0.0,2.0,-1,-15.0,0.0,2.0,0.0,8.0,0.0,0.0,0.0,,,0.0,-1.8,1.9,6.3,1944,2021.5,5.8,1.2,1916,MA上昇配列
2317,システナ,情報・通信業,12.0,12.0,1,969,★☆☆☆☆,0.0,2.0,-1,-15.8,0.0,1.0,0.0,9.0,0.0,0.0,0.0,,,0.0,-9.9,2.0,4.8,438,456.0,3.6,1.5,511,MA上昇配列
6458,新晃工業,機械,12.0,12.0,1,970,★☆☆☆☆,0.0,4.0,-1,-6.7,0.0,2.0,0.0,6.0,0.0,0.0,0.0,,,0.0,-6.0,1.6,1.3,1212,1252.0,0.8,0.9,312,25MA上抜け6日目
1885,東亜建設工業,建設業,12.0,12.0,1,971,★☆☆☆☆,0.0,4.0,-1,-2.5,0.0,2.0,0.0,6.0,0.0,0.0,0.0,,,0.0,-2.0,3.0,3.5,2007,2134.0,3.8,1.5,977,25MA上抜け6日目
8914,エリアリンク,不動産業,12.0,12.0,1,972,★☆☆☆☆,0.0,4.0,-1,-11.7,0.0,0.0,0.0,8.0,0.0,0.0,0.0,,,0.0,-13.2,3.0,0.6,891,948.0,1.7,0.5,110,25MA上抜け6日目 / MA上昇配列
6134,ＦＵＪＩ,機械,12.0,12.0,1,973,★☆☆☆☆,0.0,10.0,2,5.1,0.0,2.0,0.0,0.0,0.0,0.0,0.0,,,0.0,1.1,4.5,-7.0,6407,7044.0,-2.9,0.6,8021,RS転換2日目 / RS加速+5.1
6289,技研製作所,機械,12.0,12.0,1,974,★☆☆☆☆,0.0,2.0,-1,-11.1,0.0,2.0,0.0,8.0,0.0,0.0,0.0,,,0.0,-4.8,1.6,2.6,1890,1953.0,1.5,1.8,141,MA上昇配列
7906,ヨネックス,その他製品,11.8,11.8,1,975,★☆☆☆☆,0.0,2.0,-1,-12.0,0.0,4.3,0.0,5.5,0.0,0.0,0.0,,,0.0,-2.8,4.1,3.6,2562,2793.0,0.7,0.4,1610,買い出来高優勢 / MA上昇配列
9757,船井総研ホールディングス,サービス業,11.8,11.8,1,976,★☆☆☆☆,0.0,2.0,-1,-10.8,0.0,3.3,0.0,6.5,0.0,0.0,0.0,,,0.0,-4.9,1.3,3.9,1152,1182.0,1.9,0.8,420,買い出来高優勢 / MA上昇配列 / RSI過熱(89)⚠
256A,飛島ホールディングス,建設業,11.7,11.7,1,977,★☆☆☆☆,0.0,2.0,-1,-4.9,0.0,2.0,0.0,7.7,0.0,0.0,0.0,,,0.0,-1.3,1.8,4.1,2104,2181.0,2.2,0.5,447,MA上昇配列
1605,ＩＮＰＥＸ,鉱業,11.7,11.7,1,978,★☆☆☆☆,0.0,2.0,-1,-8.1,0.0,1.0,0.0,8.7,0.0,0.0,0.0,,,0.0,-0.5,2.8,4.5,3662,3876.0,-2.0,0.7,16598,MA上昇配列 / パーフェクトオーダー
9715,トランス・コスモス,サービス業,11.7,11.7,1,979,★☆☆☆☆,0.0,4.0,-1,-13.6,0.0,1.0,0.0,6.7,0.0,0.0,0.0,,,0.0,-12.7,1.5,0.9,3616,3725.0,0.7,1.1,333,25MA上抜け5日目
7931,未来工業,化学,11.7,11.7,1,980,★☆☆☆☆,0.0,3.5,36,-4.8,0.0,2.0,0.0,6.2,0.0,0.0,0.0,,,0.0,1.3,2.6,4.3,3507,3700.0,0.0,0.9,112,MA上昇配列 / パーフェクトオーダー
7483,ドウシシャ,卸売業,11.7,11.7,1,981,★☆☆☆☆,0.0,4.0,-1,-10.0,0.0,0.0,0.0,7.7,0.0,0.0,0.0,,,0.0,-8.3,1.6,0.6,2925,3020.0,0.0,0.7,213,25MA上抜け6日目 / MA上昇配列
6474,不二越,機械,11.7,11.7,1,982,★☆☆☆☆,0.0,8.0,2,0.9,0.0,0.0,0.0,3.7,0.0,0.0,0.0,,,0.0,0.8,4.0,-0.4,5153,5600.0,-2.4,0.5,566,RS転換2日目
7545,西松屋チェーン,小売業,11.7,11.7,1,983,★☆☆☆☆,0.0,4.0,-1,-13.4,0.0,1.0,0.0,6.7,0.0,0.0,0.0,,,0.0,-8.0,1.7,0.9,1946,2016.0,0.2,0.5,866,25MA上抜け8日目 / MA上昇配列
9974,ベルク,小売業,11.7,11.7,1,984,★☆☆☆☆,0.0,2.0,-1,-14.0,0.0,2.0,0.0,7.7,0.0,0.0,0.0,,,0.0,-6.4,1.7,3.6,6605,6840.0,2.3,0.9,197,MA上昇配列
9023,東京地下鉄,陸運業,11.7,11.7,1,985,★☆☆☆☆,0.0,4.0,-1,-13.4,0.0,1.0,0.0,6.7,0.0,0.0,0.0,,,0.0,-9.1,1.2,0.6,1438,1474.0,-0.4,0.6,2518,25MA上抜け6日目 / MA上昇配列
9006,京浜急行電鉄,陸運業,11.7,11.7,1,986,★☆☆☆☆,0.0,0.0,-1,-11.8,0.0,1.0,0.0,10.7,0.0,0.0,0.0,,,0.0,-10.1,1.2,1.4,1536,1575.0,0.6,0.8,1187,MA上昇配列 / パーフェクトオーダー
4958,長谷川香料,化学,11.7,11.7,1,987,★☆☆☆☆,0.0,2.0,-1,-10.4,0.0,0.0,0.0,9.7,0.0,0.0,0.0,,,0.0,-6.0,1.4,0.2,3229,3320.0,-1.9,0.7,198,MA上昇配列 / パーフェクトオーダー / 52週高値目前
7421,カッパ・クリエイト,小売業,11.7,11.7,1,988,★☆☆☆☆,0.0,4.0,-1,-14.7,0.0,0.0,0.0,7.7,0.0,0.0,0.0,,,0.0,-8.4,1.6,3.1,1589,1642.0,2.1,1.1,132,25MA上抜け8日目 / MA上昇配列
3349,コスモス薬品,小売業,11.7,11.7,1,989,★☆☆☆☆,0.0,4.0,-1,-17.2,0.0,1.0,0.0,6.7,0.0,0.0,0.0,,,0.0,-12.5,2.4,0.6,6206,6524.0,1.0,1.0,2253,25MA上抜け7日目 / MA上昇配列
6326,クボタ,機械,11.7,11.7,1,990,★☆☆☆☆,0.0,4.0,-1,-3.7,0.0,2.0,0.0,5.7,0.0,0.0,0.0,,,0.0,-6.1,2.9,3.4,2664,2826.5,4.2,0.7,13097,25MA上抜け4日目
7013,ＩＨＩ,機械,11.6,11.6,1,991,★☆☆☆☆,0.0,0.0,-1,-0.7,10.4,0.0,0.0,1.2,0.0,0.0,0.0,,,0.0,-7.5,3.8,-1.1,2556,2766.0,3.5,0.6,41282,防衛(+2.2%)
6506,安川電機,電気機器,11.5,11.5,1,992,★☆☆☆☆,0.0,4.0,-1,5.4,6.0,0.0,0.0,1.5,0.0,0.0,0.0,,,0.0,-0.7,3.6,-4.6,4466,4811.0,-2.7,1.1,22116,RS加速+5.4 / ロボット(-0.5%)
9755,応用地質,サービス業,11.5,11.5,1,993,★☆☆☆☆,0.0,2.0,-1,-10.5,0.0,1.0,0.0,8.5,0.0,0.0,0.0,,,0.0,-7.1,1.6,0.8,2768,2862.0,-1.0,0.7,192,MA上昇配列 / パーフェクトオーダー
4543,テルモ,精密機器,11.5,11.5,1,994,★☆☆☆☆,0.0,2.0,-1,-21.9,0.0,1.0,0.0,8.5,0.0,0.0,0.0,,,0.0,-2.2,3.5,3.1,2363,2539.0,-1.2,0.8,12262,MA上昇配列 / パーフェクトオーダー
2733,あらた,卸売業,11.5,11.5,1,995,★☆☆☆☆,0.0,4.0,-1,-10.3,0.0,2.0,0.0,5.5,0.0,0.0,0.0,,,0.0,-5.7,1.3,4.3,2669,2738.0,2.0,0.9,211,25MA上抜け8日目 / MA上昇配列 / RSI過熱(87)⚠
9746,ＴＫＣ,情報・通信業,11.5,11.5,1,996,★☆☆☆☆,0.0,2.0,-1,-15.5,0.0,2.0,0.0,7.5,0.0,0.0,0.0,,,0.0,-3.6,2.0,6.0,4020,4185.0,3.7,1.0,350,MA上昇配列 / RSI過熱(94)⚠
6997,日本ケミコン,電気機器,11.5,11.5,1,997,★☆☆☆☆,0.0,10.0,0,16.0,0.0,0.0,0.0,1.5,0.0,0.0,0.0,,,0.0,0.1,6.5,-4.8,2459,2824.0,2.8,1.0,2961,RS転換0日目 / RS加速+16.0
7995,バルカー,化学,11.5,11.5,1,998,★☆☆☆☆,0.0,10.0,2,3.2,0.0,0.0,0.0,1.5,0.0,0.0,0.0,,,0.0,1.8,3.6,-0.4,6191,6670.0,2.3,0.6,609,RS転換2日目 / RS加速+3.2
6227,ＡＩメカテック,機械,11.5,11.5,1,999,★☆☆☆☆,0.0,10.0,1,20.5,0.0,0.0,0.0,1.5,0.0,0.0,0.0,,,0.0,2.9,7.6,-2.8,5296,6250.0,5.6,0.9,6649,RS転換1日目 / RS加速+20.5
8306,三菱ＵＦＪフィナンシャル・グループ,銀行業,11.5,11.5,1,1000,★☆☆☆☆,0.0,2.0,-1,2.3,0.0,0.0,0.0,9.5,0.0,0.0,0.0,,,0.0,-3.6,2.4,1.8,3486,3658.0,4.3,1.0,130092,MA上昇配列 / パーフェクトオーダー
6222,島精機製作所,機械,11.5,11.5,1,1001,★☆☆☆☆,0.0,3.5,32,-10.5,0.0,0.0,0.0,8.0,0.0,0.0,0.0,,,0.0,2.1,1.8,4.8,951,986.0,1.3,0.9,150,MA上昇配列
3632,グリーホールディングス,情報・通信業,11.5,11.5,1,1002,★☆☆☆☆,0.0,2.0,-1,-9.8,0.0,2.0,0.0,7.5,0.0,0.0,0.0,,,0.0,-2.1,2.3,2.3,402,421.0,0.2,0.8,273,MA上昇配列 / パーフェクトオーダー
2809,キユーピー,食料品,11.5,11.5,1,1003,★☆☆☆☆,0.0,2.0,-1,-15.2,0.0,0.0,0.0,9.5,0.0,0.0,0.0,,,0.0,-7.5,1.7,1.5,4562,4720.0,-1.2,0.8,1408,MA上昇配列 / パーフェクトオーダー
4323,日本システム技術,情報・通信業,11.5,11.5,1,1004,★☆☆☆☆,0.0,4.0,-1,-14.0,0.0,2.0,0.0,5.5,0.0,0.0,0.0,,,0.0,-4.7,3.8,4.3,1827,1975.0,1.1,0.9,124,25MA上抜け7日目 / MA上昇配列
6167,冨士ダイス,機械,11.5,11.5,1,1005,★☆☆☆☆,0.0,5.0,15,-6.9,0.0,1.0,0.0,5.5,0.0,0.0,0.0,,,0.0,3.6,3.6,2.0,963,1038.0,-1.7,0.5,118,MA上昇配列
9716,乃村工藝社,サービス業,11.5,11.5,1,1006,★☆☆☆☆,0.0,2.0,-1,-4.9,0.0,3.0,0.0,6.5,0.0,0.0,0.0,,,0.0,-0.3,1.7,5.7,1215,1257.0,3.2,1.3,345,MA上昇配列 / RSI過熱(87)⚠
6809,ＴＯＡ,電気機器,11.5,11.5,1,1007,★☆☆☆☆,0.0,2.0,-1,-8.0,0.0,2.0,0.0,7.5,0.0,0.0,0.0,,,0.0,-2.9,1.5,1.9,1654,1705.0,0.8,0.7,153,MA上昇配列
9621,建設技術研究所,サービス業,11.5,11.5,1,1008,★☆☆☆☆,0.0,2.0,-1,-10.1,0.0,3.0,0.0,6.5,0.0,0.0,0.0,,,0.0,-0.1,2.6,2.1,3044,3210.0,-0.5,0.9,288,MA上昇配列
7747,朝日インテック,精密機器,11.5,11.5,1,1009,★☆☆☆☆,0.0,2.0,-1,-21.8,0.0,1.0,0.0,8.5,0.0,0.0,0.0,,,0.0,-2.1,4.0,0.1,3504,3810.0,-5.8,0.8,5079,MA上昇配列 / パーフェクトオーダー
6194,アトラエ,サービス業,11.5,11.5,1,1010,★☆☆☆☆,0.0,2.0,-1,-9.2,0.0,2.0,0.0,7.5,0.0,0.0,0.0,,,0.0,-0.3,3.1,2.5,843,898.0,-0.4,0.9,142,MA上昇配列 / パーフェクトオーダー
7867,タカラトミー,その他製品,11.5,11.5,1,1011,★☆☆☆☆,0.0,2.0,-1,-13.8,0.0,2.0,0.0,7.5,0.0,0.0,0.0,,,0.0,-7.4,2.2,3.1,3563,3727.0,2.4,0.7,2101,MA上昇配列 / パーフェクトオーダー
9324,安田倉庫,倉庫・運輸関連業,11.5,11.5,1,1012,★☆☆☆☆,0.0,0.0,-1,-11.6,0.0,2.0,0.0,9.5,0.0,0.0,0.0,,,0.0,-8.6,1.9,0.0,2441,2538.0,-1.9,0.7,242,MA上昇配列 / パーフェクトオーダー
5631,日本製鋼所,機械,11.5,11.5,1,1013,★☆☆☆☆,0.0,6.0,-1,2.4,0.0,3.3,0.0,2.2,0.0,0.0,0.0,,,0.0,-1.4,3.5,1.8,7272,7819.0,5.5,0.7,5577,25MA上抜け1日目 / 買い出来高優勢
2288,丸大食品,食料品,11.5,11.5,1,1014,★☆☆☆☆,0.0,0.0,-1,-12.2,0.0,2.0,0.0,9.5,0.0,0.0,0.0,,,0.0,-12.4,1.4,1.1,2209,2271.0,1.0,0.8,256,MA上昇配列 / パーフェクトオーダー / RSI過熱(89)⚠
2124,ジェイエイシーリクルートメント,サービス業,11.5,11.5,1,1015,★☆☆☆☆,0.0,2.0,-1,-15.0,0.0,3.0,0.0,6.5,0.0,0.0,0.0,,,0.0,-6.2,3.5,2.5,926,996.0,1.2,0.7,841,MA上昇配列
2897,日清食品ホールディングス,食料品,11.5,11.5,1,1016,★☆☆☆☆,0.0,4.0,-1,-17.4,0.0,2.0,0.0,5.5,0.0,0.0,0.0,,,0.0,-9.2,2.1,1.0,2869,2992.5,-3.0,0.7,4918,25MA上抜け7日目 / MA上昇配列
7242,カヤバ,輸送用機器,11.5,11.5,1,1017,★☆☆☆☆,0.0,2.0,-1,-11.0,0.0,2.0,0.0,7.5,0.0,0.0,0.0,,,0.0,-2.2,1.8,3.5,4561,4730.0,0.7,1.0,419,MA上昇配列
6768,タムラ製作所,電気機器,11.5,11.5,1,1018,★☆☆☆☆,0.0,4.0,-1,15.0,0.0,2.0,0.0,3.7,0.0,1.8,0.0,,,0.0,-1.5,4.6,0.9,736,811.0,6.0,1.6,783,RS加速+15.0 / 開示[業績予想の修正](4日前)
6996,ニチコン,電気機器,11.5,11.5,1,1019,★☆☆☆☆,0.0,10.0,0,12.2,0.0,0.0,0.0,1.5,0.0,0.0,0.0,,,0.0,0.3,4.8,-3.8,2474,2736.0,1.4,1.0,3103,RS転換0日目 / RS加速+12.2
2531,宝ホールディングス,食料品,11.3,11.3,1,1020,★☆☆☆☆,0.0,0.0,-1,-10.4,0.0,3.3,0.0,8.0,0.0,0.0,0.0,,,0.0,-9.4,2.9,0.6,2000,2121.5,-2.8,2.7,931,出来高増2.7倍
3946,トーモク,パルプ・紙,11.2,11.2,1,1021,★☆☆☆☆,0.0,0.0,-1,-14.8,0.0,6.3,0.0,3.2,0.0,1.7,0.0,,,0.0,-8.1,2.3,-0.1,4381,4595.0,-3.4,2.1,683,出来高増2.1倍 / 資金流入増 / 開示[自己株式の取得](6日前)
6965,浜松ホトニクス,電気機器,11.2,11.2,1,1022,★☆☆☆☆,0.0,10.0,2,3.3,0.0,0.0,0.0,1.2,0.0,0.0,0.0,,,0.0,1.5,4.0,-1.7,2154,2343.5,-1.0,0.5,7092,RS転換2日目 / RS加速+3.3
3941,レンゴー,パルプ・紙,11.2,11.2,1,1023,★☆☆☆☆,0.0,2.0,-1,-10.7,0.0,1.0,0.0,8.2,0.0,0.0,0.0,,,0.0,-3.7,2.0,0.8,1511,1574.0,-0.0,0.7,1606,MA上昇配列 / パーフェクトオーダー
5367,ニッカトー,ガラス・土石製品,11.2,11.2,1,1024,★☆☆☆☆,0.0,10.0,3,14.0,0.0,0.0,0.0,1.2,0.0,0.0,0.0,,,0.0,11.9,4.8,-1.0,1079,1194.0,-3.0,0.3,511,RS転換3日目 / RS加速+14.0
4229,群栄化学工業,化学,11.2,11.2,1,1025,★☆☆☆☆,0.0,10.0,0,7.8,0.0,0.0,0.0,1.2,0.0,0.0,0.0,,,0.0,3.5,3.1,-1.7,4114,4390.0,-2.3,0.3,100,RS転換0日目 / RS加速+7.8
7267,本田技研工業,輸送用機器,11.2,11.2,1,1026,★☆☆☆☆,0.0,2.0,-1,-17.9,0.0,1.0,0.0,8.2,0.0,0.0,0.0,,,0.0,-5.4,2.9,2.5,1603,1702.5,-2.9,0.9,30105,MA上昇配列 / パーフェクトオーダー
186A,アストロスケールホールディングス,サービス業,11.2,11.2,1,1027,★☆☆☆☆,0.0,9.0,17,0.8,0.0,0.0,0.0,2.2,0.0,0.0,0.0,,,0.0,18.5,7.1,4.4,1030,1202.0,-1.4,1.0,5249,25MA上抜け0日目
4849,エン,サービス業,11.2,11.2,1,1028,★☆☆☆☆,0.0,3.5,32,-11.2,0.0,4.0,0.0,6.7,0.0,0.0,-3.0,,,0.0,18.3,3.4,15.6,1554,1668.0,4.6,0.7,437,資金流入増 / MA上昇配列 / 伸びすぎ注意(25MA+16%)
3201,日本毛織,繊維製品,11.2,11.2,1,1029,★☆☆☆☆,0.0,2.0,-1,-9.5,0.0,1.0,0.0,8.2,0.0,0.0,0.0,,,0.0,-4.3,1.4,1.3,1916,1972.0,1.0,0.4,153,MA上昇配列 / パーフェクトオーダー
5036,日本ビジネスシステムズ,情報・通信業,11.2,11.2,1,1030,★☆☆☆☆,0.0,4.0,-1,-13.0,0.0,0.0,0.0,7.2,0.0,0.0,0.0,,,0.0,-4.8,3.3,2.8,1533,1640.0,-0.1,1.0,166,25MA上抜け2日目 / MA上昇配列 / パーフェクトオーダー
2326,デジタルアーツ,情報・通信業,11.2,11.2,1,1031,★☆☆☆☆,0.0,3.5,36,-1.3,0.0,2.0,0.0,5.5,0.0,0.2,0.0,,,0.0,7.9,3.2,7.5,4425,4730.0,8.2,0.8,718,MA上昇配列 / 開示[自己株式の取得](13日前)
6481,ＴＨＫ,機械,11.0,11.0,1,1032,★☆☆☆☆,0.0,10.0,2,3.8,0.0,0.0,0.0,1.0,0.0,0.0,0.0,,,0.0,1.3,4.3,-4.5,6060,6631.0,-4.4,0.7,9105,RS転換2日目 / RS加速+3.8
4686,ジャストシステム,情報・通信業,11.0,11.0,1,1033,★☆☆☆☆,0.0,2.0,-1,-13.5,0.0,1.0,0.0,8.0,0.0,0.0,0.0,,,0.0,-4.4,2.5,4.5,3996,4210.0,4.3,1.1,357,MA上昇配列
6807,日本航空電子工業,電気機器,11.0,11.0,1,1034,★☆☆☆☆,0.0,2.0,-1,0.7,0.0,2.0,0.0,7.0,0.0,0.0,0.0,,,0.0,-3.4,2.2,4.6,2384,2494.0,5.5,1.0,680,-
3498,霞ヶ関キャピタル,不動産業,11.0,11.0,1,1035,★☆☆☆☆,0.0,3.5,47,-13.2,0.0,2.0,0.0,5.5,0.0,0.0,0.0,,,0.0,1.8,3.5,4.2,7351,7900.0,2.6,1.0,2981,MA上昇配列
7994,オカムラ,その他製品,11.0,11.0,1,1036,★☆☆☆☆,0.0,2.0,-1,-9.3,0.0,0.0,0.0,9.0,0.0,0.0,0.0,,,0.0,-6.7,1.3,1.8,2314,2378.0,1.7,0.9,485,MA上昇配列
1662,石油資源開発,鉱業,11.0,11.0,1,1037,★☆☆☆☆,0.0,2.0,-1,-7.4,0.0,1.0,0.0,8.0,0.0,0.0,0.0,,,0.0,-0.7,2.6,4.9,1786,1882.0,0.3,0.6,2356,MA上昇配列
5021,コスモエネルギーホールディングス,石油・石炭製品,11.0,11.0,1,1038,★☆☆☆☆,0.0,2.0,-1,-10.2,0.0,0.0,0.0,9.0,0.0,0.0,0.0,,,0.0,-2.2,2.3,3.2,3995,4192.0,-1.7,0.7,2379,MA上昇配列
7951,ヤマハ,その他製品,11.0,11.0,1,1039,★☆☆☆☆,0.0,2.0,-1,-9.9,0.0,4.0,0.0,5.0,0.0,0.0,0.0,,,0.0,-2.3,2.4,2.0,1268,1332.0,1.8,1.3,3608,MA上昇配列 / パーフェクトオーダー
6644,大崎電気工業,電気機器,11.0,11.0,1,1040,★☆☆☆☆,0.0,4.0,-1,-2.1,0.0,1.0,0.0,6.0,0.0,0.0,0.0,,,0.0,-1.2,2.4,1.9,1480,1554.0,2.1,0.8,452,25MA上抜け5日目
6143,ソディック,機械,11.0,11.0,1,1041,★☆☆☆☆,0.0,10.0,2,10.1,0.0,0.0,0.0,1.0,0.0,0.0,0.0,,,0.0,3.8,4.9,-1.3,1537,1706.0,2.3,0.9,955,RS転換2日目 / RS加速+10.1
6758,ソニーグループ,電気機器,11.0,11.0,1,1042,★☆☆☆☆,0.0,2.0,-1,-14.7,0.0,0.0,0.0,9.0,0.0,0.0,0.0,,,0.0,-4.2,2.7,5.2,3719,3928.0,3.8,1.2,62476,MA上昇配列
8136,サンリオ,卸売業,11.0,11.0,1,1043,★☆☆☆☆,0.0,4.0,-1,-17.2,0.0,2.0,0.0,5.0,0.0,0.0,0.0,,,0.0,-13.7,5.9,0.8,1118,1268.0,7.8,0.6,33373,25MA上抜け0日目 / MA上昇配列 / パーフェクトオーダー
4228,積水化成品工業,化学,11.0,11.0,1,1044,★☆☆☆☆,0.0,7.0,25,-9.3,0.0,3.0,0.0,1.0,0.0,0.0,0.0,,,0.0,6.5,3.8,-0.0,541,586.0,-3.5,0.5,236,高値圏かつ未過熱
2931,ユーグレナ,食料品,11.0,11.0,1,1045,★☆☆☆☆,0.0,2.0,-1,-9.7,0.0,1.0,0.0,8.0,0.0,0.0,0.0,,,0.0,-3.2,2.5,1.7,337,355.0,-1.4,0.7,288,MA上昇配列
8282,ケーズホールディングス,小売業,11.0,11.0,1,1046,★☆☆☆☆,0.0,2.0,-1,-14.1,0.0,2.0,0.0,7.0,0.0,0.0,0.0,,,0.0,-7.9,2.0,1.1,1868,1945.0,-1.2,0.7,1372,-
9424,日本通信,情報・通信業,11.0,11.0,1,1047,★☆☆☆☆,0.0,4.0,-1,-10.7,0.0,1.0,0.0,6.0,0.0,0.0,0.0,,,0.0,-4.7,3.8,3.5,109,118.0,0.0,0.9,250,25MA上抜け3日目
4188,三菱ケミカルグループ,化学,11.0,11.0,1,1048,★☆☆☆☆,0.0,2.0,-1,1.7,0.0,2.0,0.0,7.0,0.0,0.0,0.0,,,0.0,-3.3,2.5,0.8,1126,1183.5,3.1,2.0,7145,MA上昇配列 / パーフェクトオーダー
6062,チャーム・ケア・コーポレーション,サービス業,11.0,11.0,1,1049,★☆☆☆☆,0.0,2.0,-1,-11.8,0.0,3.0,0.0,6.0,0.0,0.0,0.0,,,0.0,-5.9,2.4,0.6,1338,1404.0,-0.2,0.7,149,MA上昇配列 / パーフェクトオーダー
3635,コーエーテクモホールディングス,情報・通信業,11.0,11.0,1,1050,★☆☆☆☆,0.0,2.0,-1,-16.7,0.0,1.0,0.0,8.0,0.0,0.0,0.0,,,0.0,-4.3,2.2,5.2,1645,1722.0,3.0,0.8,1677,MA上昇配列
9759,ＮＳＤ,情報・通信業,11.0,11.0,1,1051,★☆☆☆☆,0.0,2.0,-1,-16.8,0.0,0.0,0.0,9.0,0.0,0.0,0.0,,,0.0,-7.8,1.9,4.6,2838,2950.0,2.8,1.0,770,MA上昇配列
6104,芝浦機械,機械,11.0,11.0,1,1052,★☆☆☆☆,0.0,4.0,-1,4.8,0.0,0.0,0.0,7.0,0.0,0.0,0.0,,,0.0,-5.5,2.9,3.7,4204,4460.0,4.8,0.5,782,RS加速+4.8
4481,ベース,情報・通信業,11.0,11.0,1,1053,★☆☆☆☆,0.0,2.0,-1,-13.7,0.0,1.0,0.0,8.0,0.0,0.0,0.0,,,0.0,-3.8,2.7,4.7,3206,3390.0,0.9,0.9,314,MA上昇配列
3962,チェンジホールディングス,情報・通信業,11.0,11.0,1,1054,★☆☆☆☆,0.0,2.0,-1,-12.7,0.0,1.0,0.0,8.0,0.0,0.0,0.0,,,0.0,-2.4,2.4,5.5,978,1028.0,1.8,1.0,245,MA上昇配列
9793,ダイセキ,サービス業,11.0,11.0,1,1055,★☆☆☆☆,0.0,4.0,-1,-8.0,0.0,1.0,0.0,6.0,0.0,0.0,0.0,,,0.0,-7.1,1.5,0.8,3693,3805.0,1.1,1.1,439,25MA上抜け5日目
3405,クラレ,化学,11.0,11.0,1,1056,★☆☆☆☆,0.0,4.0,-1,-9.7,0.0,1.0,0.0,6.0,0.0,0.0,0.0,,,0.0,-8.7,2.4,0.2,1767,1856.5,1.0,1.3,4033,25MA上抜け0日目 / MA上昇配列 / パーフェクトオーダー
2301,学情,サービス業,10.8,10.8,1,1057,★☆☆☆☆,0.0,2.0,-1,-6.5,0.0,3.3,0.0,5.5,0.0,0.0,0.0,,,0.0,-1.2,1.7,5.0,1679,1740.0,2.7,0.5,156,買い出来高優勢 / MA上昇配列 / RSI過熱(93)⚠
4072,電算システムホールディングス,情報・通信業,10.8,10.8,1,1058,★☆☆☆☆,0.0,2.0,-1,-8.9,0.0,3.3,0.0,5.5,0.0,0.0,0.0,,,0.0,-1.8,2.7,2.8,2925,3090.0,0.8,0.6,116,買い出来高優勢 / MA上昇配列
1951,エクシオグループ,建設業,10.7,10.7,1,1059,★☆☆☆☆,0.0,4.0,-1,-5.0,0.0,2.0,0.0,4.7,0.0,0.0,0.0,,,0.0,-7.0,2.0,0.8,2533,2636.5,3.8,0.8,1589,25MA上抜け2日目
3880,大王製紙,パルプ・紙,10.7,10.7,1,1060,★☆☆☆☆,0.0,4.0,-1,-9.7,0.0,0.0,0.0,6.7,0.0,0.0,0.0,,,0.0,-9.9,1.8,0.2,948,983.0,0.0,1.0,216,25MA上抜け5日目 / MA上昇配列
4985,アース製薬,化学,10.7,10.7,1,1061,★☆☆☆☆,0.0,2.0,-1,-13.1,0.0,2.0,0.0,6.7,0.0,0.0,0.0,,,0.0,-6.1,1.3,2.5,4786,4915.0,-0.1,0.7,319,MA上昇配列
1833,奥村組,建設業,10.7,10.7,1,1062,★☆☆☆☆,0.0,4.0,-1,-7.4,0.0,0.0,0.0,6.7,0.0,0.0,0.0,,,0.0,-6.8,1.7,1.1,5626,5820.0,1.6,1.0,707,25MA上抜け5日目 / MA上昇配列
212A,フィットイージー,サービス業,10.7,10.7,1,1063,★☆☆☆☆,0.0,3.5,51,-13.2,0.0,0.0,0.0,7.2,0.0,0.0,0.0,,,0.0,1.9,3.1,1.2,2779,2962.0,-4.0,0.7,329,MA上昇配列 / パーフェクトオーダー
7949,小松ウオール工業,その他製品,10.7,10.7,1,1064,★☆☆☆☆,0.0,2.0,-1,-14.2,0.0,0.0,0.0,8.7,0.0,0.0,0.0,,,0.0,-6.3,1.3,2.8,2775,2848.0,0.8,0.9,142,MA上昇配列
4569,杏林製薬,医薬品,10.7,10.7,1,1065,★☆☆☆☆,0.0,4.0,-1,-9.7,0.0,2.0,0.0,4.7,0.0,0.0,0.0,,,0.0,-10.1,1.8,3.0,1134,1177.0,1.6,0.9,288,25MA上抜け7日目
197A,タウンズ,医薬品,10.7,10.7,1,1066,★☆☆☆☆,0.0,2.0,-1,-8.2,0.0,2.0,0.0,6.7,0.0,0.0,0.0,,,0.0,-0.4,1.9,4.9,490,509.0,0.0,0.6,152,MA上昇配列
6420,ガリレイホールディングス,機械,10.7,10.7,1,1067,★☆☆☆☆,0.0,2.0,-1,-13.8,0.0,0.0,0.0,8.7,0.0,0.0,0.0,,,0.0,-5.5,1.7,2.3,3433,3555.0,0.4,0.6,194,MA上昇配列
1301,極洋,水産・農林業,10.7,10.7,1,1068,★☆☆☆☆,0.0,2.0,-1,-11.7,0.0,0.0,0.0,8.7,0.0,0.0,0.0,,,0.0,-4.3,1.4,2.8,4641,4775.0,-0.2,0.7,231,MA上昇配列
2742,ハローズ,小売業,10.7,10.7,1,1069,★☆☆☆☆,0.0,2.0,-1,-14.8,0.0,2.0,0.0,6.7,0.0,0.0,0.0,,,0.0,-7.6,2.1,2.8,3787,3950.0,1.0,1.0,143,MA上昇配列
8698,マネックスグループ,証券、商品先物取引業,10.7,10.7,1,1070,★☆☆☆☆,0.0,2.0,-1,2.6,0.0,2.0,0.0,6.7,0.0,0.0,0.0,,,0.0,-0.5,2.1,7.3,733,765.0,4.9,1.3,1351,MA上昇配列
6369,トーヨーカネツ,機械,10.7,10.7,1,1071,★☆☆☆☆,0.0,4.0,-1,-4.6,0.0,0.0,0.0,6.7,0.0,0.0,0.0,,,0.0,-3.4,2.2,1.7,2396,2506.0,2.2,0.5,237,25MA上抜け6日目 / MA上昇配列
4112,保土谷化学工業,化学,10.5,10.5,1,1072,★☆☆☆☆,0.0,5.0,28,-5.6,0.0,2.0,0.0,2.2,0.0,1.3,0.0,,,0.0,3.5,3.1,2.5,2091,2229.0,-1.8,0.9,105,開示[子会社化](5日前)
3697,ＳＨＩＦＴ,情報・通信業,10.5,10.5,1,1073,★☆☆☆☆,0.0,2.0,-1,-30.2,0.0,3.0,0.0,5.5,0.0,0.0,0.0,,,0.0,-1.6,4.7,6.5,872,963.2999877929688,1.3,1.3,4246,MA上昇配列
2471,エスプール,サービス業,10.5,10.5,1,1074,★☆☆☆☆,0.0,2.0,-1,-13.3,0.0,1.0,0.0,7.5,0.0,0.0,0.0,,,0.0,-0.7,2.9,2.6,274,291.0,-3.0,0.5,115,MA上昇配列 / パーフェクトオーダー
5842,インテグラル,証券、商品先物取引業,10.5,10.5,1,1075,★☆☆☆☆,0.0,4.0,-1,-19.1,0.0,3.0,0.0,3.5,0.0,0.0,0.0,,,0.0,-6.5,4.4,1.0,2725,2990.0,-5.5,0.9,362,25MA上抜け0日目
6455,モリタホールディングス,輸送用機器,10.5,10.5,1,1076,★☆☆☆☆,0.0,4.0,-1,-8.7,0.0,2.0,0.0,4.5,0.0,0.0,0.0,,,0.0,-9.2,1.5,3.2,2435,2512.0,3.6,1.1,185,25MA上抜け5日目 / RSI過熱(87)⚠
8303,ＳＢＩ新生銀行,銀行業,10.5,10.5,1,1077,★☆☆☆☆,0.0,3.5,31,-4.6,0.0,0.0,0.0,7.0,0.0,0.0,0.0,,,0.0,4.2,2.3,3.5,1508,1581.0,0.9,0.5,6107,MA上昇配列
3182,オイシックス,小売業,10.5,10.5,1,1078,★☆☆☆☆,0.0,2.0,-1,-16.4,0.0,1.0,0.0,7.5,0.0,0.0,0.0,,,0.0,-4.6,2.8,2.1,1620,1715.0,-1.8,0.8,159,MA上昇配列 / パーフェクトオーダー
9831,ヤマダホールディングス,小売業,10.5,10.5,1,1079,★☆☆☆☆,0.0,0.0,-1,-11.9,0.0,1.0,0.0,9.5,0.0,0.0,0.0,,,0.0,-10.7,2.5,0.3,671,706.2000122070312,-2.0,0.7,3055,MA上昇配列 / パーフェクトオーダー
9511,沖縄電力,電気・ガス業,10.5,10.5,1,1080,★☆☆☆☆,0.0,3.5,32,-9.0,0.0,3.0,0.0,4.0,0.0,0.0,0.0,,,0.0,17.7,1.9,7.4,1119,1164.0,-1.0,0.5,402,資金流入増 / MA上昇配列 / RSI過熱(86)⚠
9025,鴻池運輸,陸運業,10.5,10.5,1,1081,★☆☆☆☆,0.0,4.0,-1,-12.5,0.0,0.0,0.0,6.5,0.0,0.0,0.0,,,0.0,-10.4,1.8,0.3,2827,2932.0,-0.3,0.6,280,25MA上抜け0日目 / MA上昇配列
9533,東邦瓦斯,電気・ガス業,10.5,10.5,1,1082,★☆☆☆☆,0.0,4.0,-1,-6.0,0.0,2.0,0.0,4.5,0.0,0.0,0.0,,,0.0,-5.3,1.7,3.5,1183,1224.0,0.7,0.7,1019,25MA上抜け9日目 / RSI過熱(90)⚠
4045,東亞合成,化学,10.5,10.5,1,1083,★☆☆☆☆,0.0,2.0,-1,-8.9,0.0,0.0,0.0,8.5,0.0,0.0,0.0,,,0.0,-3.9,1.4,0.6,1801,1852.0,0.2,0.7,408,MA上昇配列 / パーフェクトオーダー / 52週高値目前
146A,コロンビア・ワークス,不動産業,10.5,10.5,1,1084,★☆☆☆☆,0.0,5.0,11,-9.1,0.0,0.0,0.0,5.5,0.0,0.0,0.0,,,0.0,9.7,4.9,5.2,3283,3640.0,-3.4,0.5,225,MA上昇配列
3676,デジタルハーツホールディングス,情報・通信業,10.5,10.5,1,1085,★☆☆☆☆,0.0,3.5,33,-12.9,0.0,4.0,0.0,3.0,0.0,0.0,0.0,,,0.0,33.0,1.2,13.9,1033,1058.0,-0.1,0.4,422,資金流入増 / MA上昇配列 / RSI過熱(99)⚠
3397,トリドールホールディングス,小売業,10.5,10.5,1,1086,★☆☆☆☆,0.0,4.0,-1,-18.9,0.0,0.0,0.0,6.5,0.0,0.0,0.0,,,0.0,-10.4,2.2,2.2,4177,4370.0,0.3,0.8,1332,25MA上抜け7日目 / MA上昇配列
6072,地盤ネットホールディングス,サービス業,10.5,10.5,1,1087,★☆☆☆☆,0.0,5.0,13,-8.9,0.0,2.0,0.0,3.5,0.0,0.0,0.0,,,0.0,15.3,7.9,5.4,902,1072.0,-5.2,0.9,676,-
7085,カーブスホールディングス,サービス業,10.5,10.5,1,1088,★☆☆☆☆,0.0,0.0,-1,-15.2,0.0,4.3,0.0,4.5,0.0,1.7,0.0,,,0.0,-11.1,1.7,-0.6,898,929.0,-2.2,2.0,683,出来高増2.0倍 / 開示[自己株式の取得](6日前)
7012,川崎重工業,輸送用機器,10.4,10.4,1,1089,★☆☆☆☆,0.0,0.0,-1,-3.8,10.4,0.0,0.0,0.0,0.0,0.0,0.0,,,0.0,-9.6,3.3,-3.9,2448,2623.0,0.7,0.7,31701,防衛(+2.2%)
6701,日本電気,電気機器,10.2,10.2,1,1090,★☆☆☆☆,0.0,4.0,-1,-19.6,0.0,2.0,0.0,4.2,0.0,0.0,0.0,,,0.0,-9.2,3.7,3.8,4545,4908.0,5.4,1.0,33034,25MA上抜け1日目 / MA上昇配列
3001,片倉工業,繊維製品,10.2,10.2,1,1091,★☆☆☆☆,0.0,2.0,-1,-16.4,0.0,2.0,0.0,6.2,0.0,0.0,0.0,,,0.0,-4.4,2.3,2.5,2827,2964.0,0.4,0.5,121,MA上昇配列
1814,大末建設,建設業,10.2,10.2,1,1092,★☆☆☆☆,0.0,4.0,-1,-1.0,0.0,1.0,0.0,5.2,0.0,0.0,0.0,,,0.0,-1.8,2.2,2.1,3550,3710.0,4.1,0.5,352,25MA上抜け4日目 / MA上昇配列
2503,キリンホールディングス,食料品,10.2,10.2,1,1093,★☆☆☆☆,0.0,2.0,-1,-13.4,0.0,0.0,0.0,8.2,0.0,0.0,0.0,,,0.0,-7.8,2.3,1.5,2912,3053.0,0.5,0.7,9754,MA上昇配列 / パーフェクトオーダー
4324,電通グループ,サービス業,10.2,10.2,1,1094,★☆☆☆☆,0.0,4.0,-1,-15.3,0.0,0.0,0.0,6.2,0.0,0.0,0.0,,,0.0,-10.0,3.7,1.6,3392,3662.0,4.1,0.8,4469,25MA上抜け0日目 / MA上昇配列 / パーフェクトオーダー
5240,ｍｏｎｏＡＩ　ｔｅｃｈｎｏｌｏｇｙ,情報・通信業,10.2,10.2,1,1095,★☆☆☆☆,0.0,4.0,-1,-37.0,0.0,2.0,0.0,4.2,0.0,0.0,0.0,,,0.0,-2.6,10.0,3.5,177,222.0,1.8,0.9,301,25MA上抜け1日目 / MA上昇配列
9987,スズケン,卸売業,10.1,10.1,1,1096,★☆☆☆☆,0.0,0.0,-1,-10.0,0.0,3.0,0.0,4.7,0.0,2.4,0.0,,,0.0,-9.5,2.0,2.1,4968,5172.0,0.9,1.7,807,開示[自己株式取得](3日前)
9902,日伝,卸売業,10.1,10.1,1,1097,★☆☆☆☆,0.0,3.5,36,-5.6,0.0,0.0,0.0,6.0,0.0,0.6,0.0,,,0.0,2.4,2.2,0.7,2908,3040.0,0.2,0.6,212,MA上昇配列 / パーフェクトオーダー / 開示[自己株式の取得](11日前)
7740,タムロン,精密機器,10.0,10.0,1,1098,★☆☆☆☆,0.0,2.0,-1,-35.3,0.0,1.0,0.0,7.0,0.0,0.0,0.0,,,0.0,-11.4,2.3,1.0,1312,1375.0,-0.5,0.7,973,MA上昇配列 / パーフェクトオーダー
7818,トランザクション,その他製品,10.0,10.0,1,1099,★☆☆☆☆,0.0,0.0,-1,-13.0,0.0,4.0,0.0,6.0,0.0,0.0,0.0,,,0.0,-9.0,2.3,1.1,1141,1197.0,-2.5,1.7,382,資金流入増
4534,持田製薬,医薬品,10.0,10.0,1,1100,★☆☆☆☆,0.0,2.0,-1,-10.6,0.0,1.0,0.0,7.0,0.0,0.0,0.0,,,0.0,-5.5,1.4,2.3,3199,3290.0,0.9,0.7,187,-
9956,バローホールディングス,小売業,10.0,10.0,1,1101,★☆☆☆☆,0.0,4.0,-1,-12.4,0.0,0.0,0.0,6.0,0.0,0.0,0.0,,,0.0,-10.6,1.9,1.5,3171,3295.0,1.4,0.5,681,25MA上抜け6日目
4205,日本ゼオン,化学,10.0,10.0,1,1102,★☆☆☆☆,0.0,2.0,-1,-10.6,0.0,1.0,0.0,7.0,0.0,0.0,0.0,,,0.0,-3.6,2.1,1.5,2298,2400.5,0.0,0.5,2217,MA上昇配列 / パーフェクトオーダー
7512,イオン北海道,小売業,10.0,10.0,1,1103,★☆☆☆☆,0.0,2.0,-1,-11.4,0.0,0.0,0.0,8.0,0.0,0.0,0.0,,,0.0,-8.5,1.3,1.3,838,860.0,0.5,1.0,136,MA上昇配列
7433,伯東,卸売業,10.0,10.0,1,1104,★☆☆☆☆,0.0,2.0,-1,-16.6,0.0,1.0,0.0,7.0,0.0,0.0,0.0,,,0.0,-1.3,2.6,3.0,4995,5270.0,1.0,0.5,587,MA上昇配列 / パーフェクトオーダー
6480,日本トムソン,機械,10.0,10.0,1,1105,★☆☆☆☆,0.0,10.0,2,8.8,0.0,0.0,0.0,0.0,0.0,0.0,0.0,,,0.0,2.4,5.6,-3.4,1542,1735.0,1.9,0.5,2356,RS転換2日目 / RS加速+8.8
3038,神戸物産,卸売業,10.0,10.0,1,1106,★☆☆☆☆,0.0,2.0,-1,-14.0,0.0,0.0,0.0,8.0,0.0,0.0,0.0,,,0.0,-7.0,2.0,2.5,2753,2870.0,2.6,0.9,4397,MA上昇配列
6324,ハーモニック・ドライブ・システムズ,機械,10.0,10.0,1,1107,★☆☆☆☆,0.0,4.0,-1,13.6,6.0,0.0,0.0,0.0,0.0,0.0,0.0,,,0.0,-2.8,6.6,-7.4,4990,5750.0,0.9,0.4,8877,RS加速+13.6 / ロボット(-0.5%)
8877,エスリード,不動産業,10.0,10.0,1,1108,★☆☆☆☆,0.0,2.0,-1,-10.9,0.0,0.0,0.0,8.0,0.0,0.0,0.0,,,0.0,-6.2,1.8,2.0,5159,5350.0,-0.7,1.1,163,MA上昇配列
6430,ダイコク電機,機械,10.0,10.0,1,1109,★☆☆☆☆,0.0,2.0,-1,-10.2,0.0,0.0,0.0,8.0,0.0,0.0,0.0,,,0.0,-5.4,1.5,3.8,2465,2543.0,3.3,0.8,105,MA上昇配列
4369,トリケミカル研究所,化学,10.0,10.0,1,1110,★☆☆☆☆,0.0,10.0,1,6.2,0.0,0.0,0.0,0.0,0.0,0.0,0.0,,,0.0,0.8,4.4,-4.0,2857,3135.0,-1.1,1.1,1547,RS転換1日目 / RS加速+6.2
6703,沖電気工業,電気機器,10.0,10.0,1,1111,★☆☆☆☆,0.0,4.0,-1,15.2,0.0,2.0,0.0,4.0,0.0,0.0,0.0,,,0.0,-4.1,3.5,-0.5,2668,2867.0,6.7,1.2,2289,RS加速+15.2
4826,ＣＩＪ,情報・通信業,10.0,10.0,1,1112,★☆☆☆☆,0.0,2.0,-1,-11.2,0.0,0.0,0.0,8.0,0.0,0.0,0.0,,,0.0,-2.3,2.2,3.5,521,545.0,-0.5,0.8,136,MA上昇配列
2432,ディー・エヌ・エー,情報・通信業,10.0,10.0,1,1113,★☆☆☆☆,0.0,4.0,-1,-9.8,0.0,0.0,0.0,6.0,0.0,0.0,0.0,,,0.0,-5.6,2.2,2.5,2437,2550.0,2.1,1.1,2803,25MA上抜け6日目
3401,帝人,繊維製品,10.0,10.0,1,1114,★☆☆☆☆,0.0,2.0,-1,-6.0,0.0,1.0,0.0,7.0,0.0,0.0,0.0,,,0.0,-3.0,2.1,0.6,1653,1726.0,-1.5,0.5,1437,MA上昇配列 / パーフェクトオーダー
9984,ソフトバンクグループ,情報・通信業,10.0,10.0,1,1115,★☆☆☆☆,0.0,10.0,1,14.9,0.0,0.0,0.0,0.0,0.0,0.0,0.0,,,0.0,4.3,5.2,-3.6,4626,5161.0,-1.8,0.7,213313,RS転換1日目 / RS加速+14.9
1871,ピーエス・コンストラクション,建設業,10.0,10.0,1,1116,★☆☆☆☆,0.0,2.0,-1,-7.1,0.0,0.0,0.0,8.0,0.0,0.0,0.0,,,0.0,-3.3,2.2,1.4,2231,2334.0,0.8,1.0,199,MA上昇配列
4344,ソースネクスト,情報・通信業,10.0,10.0,1,1117,★☆☆☆☆,0.0,2.0,-1,-9.1,0.0,0.0,0.0,8.0,0.0,0.0,0.0,,,0.0,-2.0,3.8,4.8,109,118.0,3.5,0.8,128,MA上昇配列
6875,メガチップス,電気機器,10.0,10.0,1,1118,★☆☆☆☆,0.0,7.0,14,1.0,0.0,2.0,0.0,1.0,0.0,0.0,0.0,,,0.0,15.1,4.0,3.4,9834,10700.0,-1.2,0.5,1408,-
2986,ＬＡホールディングス,不動産業,10.0,10.0,1,1119,★☆☆☆☆,0.0,2.0,-1,-5.4,0.0,3.3,0.0,4.7,0.0,0.0,0.0,,,0.0,-1.5,2.3,3.0,2713,2846.0,0.8,0.4,508,買い出来高優勢
4187,大阪有機化学工業,化学,10.0,10.0,1,1120,★☆☆☆☆,0.0,10.0,1,14.5,0.0,0.0,0.0,0.0,0.0,0.0,0.0,,,0.0,0.8,3.7,-5.2,4160,4495.0,-2.6,0.5,675,RS転換1日目 / RS加速+14.5
5288,アジアパイルホールディングス,ガラス・土石製品,10.0,10.0,1,1121,★☆☆☆☆,0.0,2.0,-1,-5.8,0.0,1.0,0.0,7.0,0.0,0.0,0.0,,,0.0,-2.0,2.3,2.3,1493,1565.0,-0.6,1.4,290,-
9602,東宝,情報・通信業,10.0,10.0,1,1122,★☆☆☆☆,0.0,2.0,-1,-21.9,0.0,0.0,0.0,8.0,0.0,0.0,0.0,,,0.0,-7.7,2.3,3.6,1493,1564.5,2.1,1.0,5418,MA上昇配列
3626,ＴＩＳＩ,情報・通信業,10.0,10.0,1,1123,★☆☆☆☆,0.0,2.0,-1,-18.9,0.0,0.0,0.0,8.0,0.0,0.0,0.0,,,0.0,-6.8,2.5,4.9,3757,3957.0,3.6,0.9,3090,MA上昇配列
6995,東海理化電機製作所,輸送用機器,10.0,10.0,1,1124,★☆☆☆☆,0.0,0.0,-1,-8.7,0.0,0.0,0.0,10.0,0.0,0.0,0.0,,,0.0,-10.3,1.7,0.1,3011,3120.0,-0.2,0.6,371,MA上昇配列
4553,東和薬品,医薬品,9.7,9.7,1,1125,★☆☆☆☆,0.0,0.0,-1,-7.7,0.0,1.0,0.0,8.7,0.0,0.0,0.0,,,0.0,-12.4,2.7,0.5,3721,3935.0,1.0,0.8,425,MA上昇配列 / パーフェクトオーダー
8219,青山商事,小売業,9.7,9.7,1,1126,★☆☆☆☆,0.0,2.0,-1,-10.7,0.0,0.0,0.0,7.7,0.0,0.0,0.0,,,0.0,-4.4,1.7,3.5,752,778.0,2.1,0.8,449,MA上昇配列
6005,三浦工業,機械,9.7,9.7,1,1127,★☆☆☆☆,0.0,4.0,-1,-2.0,0.0,1.0,0.0,4.7,0.0,0.0,0.0,,,0.0,-6.2,2.9,1.7,3038,3225.0,5.9,0.7,1492,25MA上抜け4日目
7172,ジャパンインベストメントアドバイザー,証券、商品先物取引業,9.7,9.7,1,1128,★☆☆☆☆,0.0,0.0,-1,-3.6,0.0,0.0,0.0,9.7,0.0,0.0,0.0,,,0.0,-6.5,1.4,2.9,2077,2138.0,2.8,0.5,533,MA上昇配列 / パーフェクトオーダー
6962,大真空,電気機器,9.7,9.7,1,1129,★☆☆☆☆,0.0,5.0,11,-0.1,0.0,1.0,0.0,3.7,0.0,0.0,0.0,,,0.0,2.2,4.1,0.8,717,781.0,-0.5,0.5,294,-
9009,京成電鉄,陸運業,9.7,9.7,1,1130,★☆☆☆☆,0.0,2.0,-1,-13.0,0.0,1.0,0.0,6.7,0.0,0.0,0.0,,,0.0,-3.0,1.8,4.4,1306,1355.5,0.1,0.9,2078,MA上昇配列
7164,全国保証,その他金融業,9.5,9.5,1,1131,★☆☆☆☆,0.0,2.0,-1,-11.3,0.0,0.0,0.0,7.5,0.0,0.0,0.0,,,0.0,-6.0,1.1,2.6,3151,3222.0,1.1,0.6,1170,MA上昇配列 / RSI過熱(87)⚠
9766,コナミグループ,情報・通信業,9.5,9.5,1,1132,★☆☆☆☆,0.0,2.0,-1,-25.9,0.0,1.0,0.0,6.5,0.0,0.0,0.0,,,0.0,-5.3,3.2,4.9,20861,22280.0,1.8,0.8,10783,MA上昇配列
9470,学研ホールディングス,情報・通信業,9.5,9.5,1,1133,★☆☆☆☆,0.0,2.0,-1,-9.6,0.0,0.0,0.0,7.5,0.0,0.0,0.0,,,0.0,-6.5,1.6,0.7,1001,1035.0,-0.5,1.1,123,MA上昇配列
9416,ビジョン,情報・通信業,9.5,9.5,1,1134,★☆☆☆☆,0.0,2.0,-1,-13.3,0.0,2.0,0.0,5.5,0.0,0.0,0.0,,,0.0,-5.8,1.9,1.8,1014,1055.0,-0.3,1.1,328,MA上昇配列
4194,ビジョナル,情報・通信業,9.5,9.5,1,1135,★☆☆☆☆,0.0,2.0,-1,-12.1,0.0,2.0,0.0,5.5,0.0,0.0,0.0,,,0.0,-1.0,2.9,5.5,9023,9574.0,3.4,0.9,1826,MA上昇配列
5988,パイオラックス,金属製品,9.5,9.5,1,1136,★☆☆☆☆,0.0,4.0,-1,-11.9,0.0,0.0,0.0,5.5,0.0,0.0,0.0,,,0.0,-8.3,1.5,0.4,1675,1727.0,0.2,0.7,141,25MA上抜け5日目 / MA上昇配列
3479,ＴＫＰ,不動産業,9.5,9.5,1,1137,★☆☆☆☆,0.0,4.0,-1,-12.3,0.0,0.0,0.0,5.5,0.0,0.0,0.0,,,0.0,-8.6,2.2,1.6,1823,1905.0,0.8,0.9,138,25MA上抜け6日目 / MA上昇配列
4521,科研製薬,医薬品,9.5,9.5,1,1138,★☆☆☆☆,0.0,2.0,-1,-8.9,0.0,1.0,0.0,6.5,0.0,0.0,0.0,,,0.0,-5.3,1.6,1.3,3864,3990.0,0.1,0.5,609,MA上昇配列
5949,ユニプレス,輸送用機器,9.5,9.5,1,1139,★☆☆☆☆,0.0,2.0,-1,-11.2,0.0,0.0,0.0,7.5,0.0,0.0,0.0,,,0.0,-7.8,1.6,1.1,1292,1335.0,-0.6,0.6,218,MA上昇配列
7198,ＳＢＩアルヒ,その他金融業,9.5,9.5,1,1140,★☆☆☆☆,0.0,2.0,-1,-10.3,0.0,2.0,0.0,5.5,0.0,0.0,0.0,,,0.0,-3.8,1.6,1.8,814,841.0,-0.5,0.7,114,MA上昇配列
3539,ＪＭホールディングス,小売業,9.5,9.5,1,1141,★☆☆☆☆,0.0,2.0,-1,-18.0,0.0,1.0,0.0,6.5,0.0,0.0,0.0,,,0.0,-4.6,1.8,4.3,1430,1484.0,0.1,0.9,239,MA上昇配列 / RSI過熱(86)⚠
9684,スクウェア・エニックス・ホールディングス,情報・通信業,9.5,9.5,1,1142,★☆☆☆☆,0.0,2.0,-1,-23.2,0.0,2.0,0.0,5.5,0.0,0.0,0.0,,,0.0,-5.6,3.8,3.9,2719,2945.0,1.0,0.8,4149,MA上昇配列
7313,テイ・エス　テック,輸送用機器,9.5,9.5,1,1143,★☆☆☆☆,0.0,2.0,-1,-12.8,0.0,0.0,0.0,7.5,0.0,0.0,0.0,,,0.0,-8.3,1.1,0.8,1803,1843.0,-0.6,1.0,503,MA上昇配列
7821,前田工繊,その他製品,9.5,9.5,1,1144,★☆☆☆☆,0.0,2.0,-1,-14.2,0.0,0.0,0.0,7.5,0.0,0.0,0.0,,,0.0,-3.8,2.7,3.1,1943,2055.0,1.1,0.5,332,MA上昇配列
3916,デジタル・インフォメーション・テクノロジー,情報・通信業,9.5,9.5,1,1145,★☆☆☆☆,0.0,2.0,-1,-14.3,0.0,2.0,0.0,5.5,0.0,0.0,0.0,,,0.0,-6.8,2.1,1.8,930,970.0,-0.7,0.9,102,MA上昇配列
3741,セック,情報・通信業,9.5,9.5,1,1146,★☆☆☆☆,0.0,5.0,21,-4.4,0.0,1.0,0.0,3.5,0.0,0.0,0.0,,,0.0,4.1,3.3,3.3,3000,3215.0,0.2,1.0,242,-
9946,ミニストップ,小売業,9.4,9.4,1,1147,★☆☆☆☆,0.0,0.0,-1,-15.3,0.0,4.7,0.0,4.7,0.0,0.0,0.0,,,0.0,-10.6,0.9,-1.0,1786,1817.0,-2.1,3.7,132,出来高急増3.7倍
5821,平河ヒューテック,非鉄金属,9.2,9.2,1,1148,★☆☆☆☆,0.0,6.0,0,-1.2,0.0,2.0,0.0,1.2,0.0,0.0,0.0,,,0.0,2.3,3.6,-0.4,3029,3265.0,2.0,0.8,252,RS転換0日目
9022,東海旅客鉄道,陸運業,9.2,9.2,1,1149,★☆☆☆☆,0.0,4.0,-1,-16.4,0.0,0.0,0.0,5.2,0.0,0.0,0.0,,,0.0,-13.1,1.8,0.3,3791,3935.0,-0.0,0.9,9318,25MA上抜け5日目 / MA上昇配列
5406,神戸製鋼所,鉄鋼,9.2,9.2,1,1150,★☆☆☆☆,0.0,4.0,-1,-11.7,0.0,0.0,0.0,5.2,0.0,0.0,0.0,,,0.0,-9.4,1.6,0.2,1962,2027.5,0.1,0.7,4145,25MA上抜け0日目 / MA上昇配列
3002,グンゼ,繊維製品,9.2,9.2,1,1151,★☆☆☆☆,0.0,2.0,-1,-11.8,0.0,1.0,0.0,6.2,0.0,0.0,0.0,,,0.0,-5.1,1.2,0.5,4059,4160.0,-1.0,1.1,804,MA上昇配列
6255,エヌ・ピー・シー,機械,9.2,9.2,1,1152,★☆☆☆☆,0.0,5.0,18,-2.2,0.0,2.0,0.0,2.2,0.0,0.0,0.0,,,0.0,10.6,3.1,2.8,643,686.0,1.5,1.1,157,-
5351,品川リフラ,ガラス・土石製品,9.2,9.2,1,1153,★☆☆☆☆,0.0,4.0,-1,-7.8,0.0,0.0,0.0,5.2,0.0,0.0,0.0,,,0.0,-6.7,1.9,0.8,2009,2088.0,1.0,0.4,256,25MA上抜け5日目 / MA上昇配列
5451,ヨドコウ,鉄鋼,9.0,9.0,1,1154,★☆☆☆☆,0.0,2.0,-1,-10.3,0.0,2.0,0.0,5.0,0.0,0.0,0.0,,,0.0,-5.7,1.6,1.4,1386,1431.0,1.4,0.6,371,MA上昇配列
7607,進和,卸売業,9.0,9.0,1,1155,★☆☆☆☆,0.0,0.0,-1,-11.2,0.0,4.3,0.0,4.7,0.0,0.0,0.0,,,0.0,-10.4,1.3,-0.7,2973,3055.0,-0.6,2.5,133,出来高増2.5倍
1968,太平電業,建設業,9.0,9.0,1,1156,★☆☆☆☆,0.0,4.0,-1,-0.4,0.0,0.0,0.0,5.0,0.0,0.0,0.0,,,0.0,-4.3,2.8,2.2,2344,2481.0,5.3,0.6,461,25MA上抜け4日目
8850,スターツコーポレーション,不動産業,9.0,9.0,1,1157,★☆☆☆☆,0.0,0.0,-1,-12.6,0.0,0.0,0.0,9.0,0.0,0.0,0.0,,,0.0,-9.7,1.5,0.0,4573,4710.0,-1.2,0.8,279,MA上昇配列
8218,コメリ,小売業,9.0,9.0,1,1158,★☆☆☆☆,0.0,2.0,-1,-24.1,0.0,0.0,0.0,7.0,0.0,0.0,0.0,,,0.0,-11.7,1.6,0.4,3736,3860.0,-0.5,0.9,443,MA上昇配列 / パーフェクトオーダー
2206,江崎グリコ,食料品,9.0,9.0,1,1159,★☆☆☆☆,0.0,2.0,-1,-10.8,0.0,0.0,0.0,7.0,0.0,0.0,0.0,,,0.0,-7.6,1.4,1.6,5060,5207.0,0.4,0.5,1179,-
5108,ブリヂストン,ゴム製品,9.0,9.0,1,1160,★☆☆☆☆,0.0,2.0,-1,-16.3,0.0,0.0,0.0,7.0,0.0,0.0,0.0,,,0.0,-5.8,2.1,1.5,3943,4113.0,-0.1,0.7,17324,MA上昇配列 / パーフェクトオーダー
1975,朝日工業社,建設業,9.0,9.0,1,1161,★☆☆☆☆,0.0,2.0,-1,2.5,0.0,1.0,0.0,6.0,0.0,0.0,0.0,,,0.0,-1.7,3.2,1.2,3655,3905.0,1.8,0.9,395,-
2685,アンドエスティＨＤ,小売業,9.0,9.0,1,1162,★☆☆☆☆,0.0,0.0,-1,-14.5,0.0,4.3,0.0,4.7,0.0,0.0,0.0,,,0.0,-8.5,1.8,-0.6,3276,3400.0,-2.6,2.1,1233,出来高増2.1倍
6638,ミマキエンジニアリング,電気機器,9.0,9.0,1,1163,★☆☆☆☆,0.0,2.0,-1,2.3,0.0,2.0,0.0,5.0,0.0,0.0,0.0,,,0.0,-11.8,3.6,-1.6,1851,1994.0,5.8,1.1,258,-
6861,キーエンス,電気機器,9.0,9.0,1,1164,★☆☆☆☆,0.0,2.0,-1,-13.5,0.0,0.0,0.0,7.0,0.0,0.0,0.0,,,0.0,-2.3,2.4,1.5,78896,82960.0,3.8,0.7,52008,MA上昇配列 / パーフェクトオーダー
7730,マニー,精密機器,9.0,9.0,1,1165,★☆☆☆☆,0.0,2.0,-1,-5.4,0.0,1.0,0.0,6.0,0.0,0.0,0.0,,,0.0,-1.9,1.8,2.3,1520,1577.0,-0.1,1.1,540,-
7760,ＩＭＶ,精密機器,9.0,9.0,1,1166,★☆☆☆☆,0.0,4.0,-1,5.6,0.0,1.0,0.0,4.0,0.0,0.0,0.0,,,0.0,-11.8,4.1,-2.7,1924,2094.0,6.3,0.3,327,RS加速+5.6
9020,東日本旅客鉄道,陸運業,9.0,9.0,1,1167,★☆☆☆☆,0.0,0.0,-1,-13.5,0.0,0.0,0.0,9.0,0.0,0.0,0.0,,,0.0,-13.7,1.8,0.6,3446,3578.0,1.1,0.6,11354,MA上昇配列
3659,ネクソン,情報・通信業,9.0,9.0,1,1168,★☆☆☆☆,0.0,3.5,33,-24.7,0.0,3.0,0.0,5.5,0.0,0.0,-3.0,,,0.0,13.6,4.5,15.5,2867,3148.0,1.7,0.7,10001,MA上昇配列 / RSI過熱(90)⚠ / 伸びすぎ注意(25MA+15%)
2914,日本たばこ産業,食料品,9.0,9.0,1,1169,★☆☆☆☆,0.0,2.0,-1,-13.3,0.0,0.0,0.0,7.0,0.0,0.0,0.0,,,0.0,-3.1,1.7,0.5,6712,6948.0,-0.5,0.7,27584,MA上昇配列 / パーフェクトオーダー
8871,ゴールドクレスト,不動産業,9.0,9.0,1,1170,★☆☆☆☆,0.0,0.0,-1,-8.1,0.0,2.0,0.0,7.0,0.0,0.0,0.0,,,0.0,-7.3,1.5,0.6,3226,3325.0,-1.0,0.8,180,-
3905,データセクション,情報・通信業,8.8,8.8,1,1171,★☆☆☆☆,0.0,4.0,-1,8.5,0.0,3.3,0.0,1.5,0.0,0.0,0.0,,,0.0,-15.3,9.4,-8.7,1401,1727.0,-6.1,2.0,11387,RS加速+8.5 / 出来高増2.0倍
3064,ＭｏｎｏｔａＲＯ,小売業,8.8,8.8,1,1172,★☆☆☆☆,0.0,0.0,-1,-12.8,0.0,1.0,0.0,5.7,0.0,2.1,0.0,,,0.0,-15.0,2.7,0.6,1816,1918.5,5.6,0.9,4080,MA上昇配列 / 開示[自己株式取得](4日前)
5440,共英製鋼,鉄鋼,8.7,8.7,1,1173,★☆☆☆☆,0.0,2.0,-1,-13.0,0.0,0.0,0.0,6.7,0.0,0.0,0.0,,,0.0,-6.6,1.8,3.7,1958,2032.0,1.4,0.8,241,MA上昇配列
1941,中電工,建設業,8.7,8.7,1,1174,★☆☆☆☆,0.0,4.0,-1,-7.0,0.0,0.0,0.0,4.7,0.0,0.0,0.0,,,0.0,-6.3,2.0,0.2,4881,5080.0,0.0,0.8,468,25MA上抜け6日目
6526,ソシオネクスト,電気機器,8.7,8.7,1,1175,★☆☆☆☆,0.0,4.0,-1,17.5,0.0,2.0,0.0,2.7,0.0,0.0,0.0,,,0.0,-1.4,4.7,-1.6,1816,2005.0,0.8,0.8,15775,RS加速+17.5
9842,アークランズ,小売業,8.7,8.7,1,1176,★☆☆☆☆,0.0,0.0,-1,-17.3,0.0,6.7,0.0,2.0,0.0,0.0,0.0,,,0.0,-14.4,1.3,-2.9,1785,1834.0,-3.5,5.3,879,出来高急増5.3倍 / 資金流入増
6674,ジーエス・ユアサ　コーポレーション,電気機器,8.7,8.7,1,1177,★☆☆☆☆,0.0,4.0,-1,4.8,0.0,2.0,0.0,2.7,0.0,0.0,0.0,,,0.0,-6.9,3.6,-3.5,4901,5277.0,0.1,0.8,5285,RS加速+4.8
2413,エムスリー,サービス業,8.7,8.7,1,1178,★☆☆☆☆,0.0,0.0,-1,-6.1,0.0,3.0,0.0,5.7,0.0,0.0,0.0,,,0.0,-11.3,4.3,5.5,1697,1855.0,8.6,0.8,10503,MA上昇配列
2784,アルフレッサ　ホールディングス,卸売業,8.7,8.7,1,1179,★☆☆☆☆,0.0,0.0,-1,-11.8,0.0,1.0,0.0,7.7,0.0,0.0,0.0,,,0.0,-10.4,1.3,0.8,2253,2314.0,-1.0,0.7,1210,MA上昇配列
4385,メルカリ,情報・通信業,8.7,8.7,1,1180,★☆☆☆☆,0.0,0.0,-1,-9.1,0.0,2.0,0.0,5.0,0.0,1.7,0.0,,,0.0,-1.7,4.4,0.7,4210,4617.0,-2.7,0.7,9694,MA上昇配列 / パーフェクトオーダー / 開示[自己株式の取得](6日前)
7564,ワークマン,小売業,8.7,8.7,1,1181,★☆☆☆☆,0.0,2.0,-1,-8.0,0.0,2.0,0.0,4.7,0.0,0.0,0.0,,,0.0,-0.9,2.9,2.3,5907,6270.0,4.0,0.8,2755,-
4043,トクヤマ,化学,8.7,8.7,1,1182,★☆☆☆☆,0.0,4.0,-1,12.2,0.0,2.0,0.0,2.7,0.0,0.0,0.0,,,0.0,-1.9,3.3,-1.7,3743,4009.0,-0.7,0.5,2946,RS加速+12.2
8031,三井物産,卸売業,8.7,8.7,1,1183,★☆☆☆☆,0.0,4.0,-1,-5.3,0.0,0.0,0.0,4.7,0.0,0.0,0.0,,,0.0,-6.1,2.0,2.0,4779,4979.0,1.6,1.0,27461,25MA上抜け5日目
1945,東京エネシス,建設業,8.7,8.7,1,1184,★☆☆☆☆,0.0,4.0,-1,-1.7,0.0,0.0,0.0,4.7,0.0,0.0,0.0,,,0.0,-0.8,2.4,2.0,1974,2074.0,1.6,0.7,354,25MA上抜け6日目
5202,日本板硝子,ガラス・土石製品,8.7,8.7,1,1185,★☆☆☆☆,0.0,2.0,-1,-6.1,0.0,0.0,0.0,6.7,0.0,0.0,0.0,,,0.0,-5.3,0.4,1.5,488,492.0,1.7,1.2,614,MA上昇配列
8804,東京建物,不動産業,8.7,8.7,1,1186,★☆☆☆☆,0.0,0.0,-1,-8.1,0.0,1.0,0.0,7.7,0.0,0.0,0.0,,,0.0,-8.7,1.8,1.6,3324,3446.0,1.0,0.6,2629,MA上昇配列
3865,北越コーポレーション,パルプ・紙,8.7,8.7,1,1187,★☆☆☆☆,0.0,0.0,-1,-7.1,0.0,2.0,0.0,6.7,0.0,0.0,0.0,,,0.0,-9.1,2.7,0.8,873,923.0,2.0,0.7,213,MA上昇配列
3798,ＵＬＳグループ,情報・通信業,8.7,8.7,1,1188,★☆☆☆☆,0.0,0.0,-1,-9.9,0.0,3.0,0.0,5.7,0.0,0.0,0.0,,,0.0,-12.8,3.5,1.6,516,555.0,4.9,1.8,141,MA上昇配列
3486,グローバル・リンク・マネジメント,不動産業,8.5,8.5,1,1189,★☆☆☆☆,0.0,2.0,-1,-8.9,0.0,1.0,0.0,5.5,0.0,0.0,0.0,,,0.0,-4.1,2.3,1.8,1884,1976.0,-1.2,0.4,105,MA上昇配列
4064,日本カーバイド工業,化学,8.5,8.5,1,1190,★☆☆☆☆,0.0,4.0,-1,-2.7,0.0,0.0,0.0,4.5,0.0,0.0,0.0,,,0.0,-0.1,3.5,0.4,3118,3350.0,-1.5,0.6,269,25MA上抜け6日目
9672,東京都競馬,サービス業,8.5,8.5,1,1191,★☆☆☆☆,0.0,2.0,-1,-13.6,0.0,0.0,0.0,6.5,0.0,0.0,0.0,,,0.0,-7.5,1.5,0.5,4907,5060.0,-1.2,0.5,273,MA上昇配列
9697,カプコン,情報・通信業,8.5,8.5,1,1192,★☆☆☆☆,0.0,2.0,-1,-26.3,0.0,0.0,0.0,6.5,0.0,0.0,0.0,,,0.0,-2.7,3.3,6.5,4017,4299.0,4.1,0.7,10113,MA上昇配列
7595,アルゴグラフィックス,情報・通信業,8.5,8.5,1,1193,★☆☆☆☆,0.0,2.0,-1,-14.8,0.0,0.0,0.0,6.5,0.0,0.0,0.0,,,0.0,-9.7,1.7,1.4,1301,1347.0,0.1,1.0,291,MA上昇配列
3939,カナミックネットワーク,情報・通信業,8.5,8.5,1,1194,★☆☆☆☆,0.0,2.0,-1,-12.3,0.0,1.0,0.0,5.5,0.0,0.0,0.0,,,0.0,-0.7,2.7,2.9,500,529.0,-1.1,0.7,123,MA上昇配列
7071,アンビスホールディングス,サービス業,8.5,8.5,1,1195,★☆☆☆☆,0.0,2.0,-1,-17.8,0.0,1.0,0.0,5.5,0.0,0.0,0.0,,,0.0,-0.4,3.8,4.8,385,417.0,-3.5,0.9,130,MA上昇配列
3661,エムアップホールディングス,情報・通信業,8.5,8.5,1,1196,★☆☆☆☆,0.0,2.0,-1,-19.0,0.0,1.0,0.0,5.5,0.0,0.0,0.0,,,0.0,-1.3,3.6,3.8,783,844.0,-0.8,0.7,499,MA上昇配列
8141,新光商事,卸売業,8.4,8.4,1,1197,★☆☆☆☆,0.0,0.0,-1,-6.8,0.0,4.7,0.0,3.7,0.0,0.0,0.0,,,0.0,-6.9,0.3,-0.1,1559,1567.0,-0.6,12.3,158,出来高急増12.3倍
6632,ＪＶＣケンウッド,電気機器,8.3,8.3,1,1198,★☆☆☆☆,0.0,0.0,-1,-5.8,0.0,4.3,0.0,4.0,0.0,0.0,0.0,,,0.0,-16.2,2.4,-0.5,986,1036.5,2.9,0.6,1703,買い出来高優勢
7970,信越ポリマー,化学,8.3,8.3,1,1199,★☆☆☆☆,0.0,4.0,-1,7.3,0.0,3.3,0.0,1.0,0.0,0.0,0.0,,,0.0,-1.5,2.0,-0.7,2135,2225.0,-0.8,1.0,356,RS加速+7.3 / 買い出来高優勢
1419,タマホーム,建設業,8.3,8.3,1,1200,★☆☆☆☆,0.0,0.0,-1,-15.7,0.0,3.3,0.0,5.0,0.0,0.0,0.0,,,0.0,-10.5,1.7,-0.3,2884,2988.0,-3.5,2.8,284,出来高増2.8倍
4927,ポーラ・オルビスホールディングス,化学,8.2,8.2,1,1201,★☆☆☆☆,0.0,2.0,-1,-15.3,0.0,0.0,0.0,6.2,0.0,0.0,0.0,,,0.0,-7.3,1.7,1.7,1351,1399.5,-0.5,0.5,820,MA上昇配列 / パーフェクトオーダー
4202,ダイセル,化学,8.2,8.2,1,1202,★☆☆☆☆,0.0,0.0,-1,-4.6,0.0,0.0,0.0,8.2,0.0,0.0,0.0,,,0.0,-5.9,1.9,0.2,1412,1466.0,0.0,0.6,1692,MA上昇配列 / パーフェクトオーダー
4922,コーセーホールディングス,化学,8.2,8.2,1,1203,★☆☆☆☆,0.0,2.0,-1,-16.3,0.0,2.0,0.0,4.2,0.0,0.0,0.0,,,0.0,-8.5,2.5,1.3,5571,5865.0,-0.5,0.6,1920,MA上昇配列
2768,双日,卸売業,8.2,8.2,1,1204,★☆☆☆☆,0.0,2.0,-1,-5.4,0.0,2.0,0.0,4.2,0.0,0.0,0.0,,,0.0,-2.0,2.4,2.1,5359,5630.0,0.1,0.7,6606,MA上昇配列
7309,シマノ,輸送用機器,8.2,8.2,1,1205,★☆☆☆☆,0.0,2.0,-1,-22.1,0.0,0.0,0.0,6.2,0.0,0.0,0.0,,,0.0,-12.6,2.5,0.1,18881,19875.0,-2.4,0.8,5334,MA上昇配列 / パーフェクトオーダー
9517,イーレックス,電気・ガス業,8.2,8.2,1,1206,★☆☆☆☆,0.0,0.0,-1,-5.9,0.0,2.0,0.0,6.2,0.0,0.0,0.0,,,0.0,-3.8,3.1,1.5,820,875.0,-1.9,0.5,199,MA上昇配列 / パーフェクトオーダー
9501,東京電力ホールディングス,電気・ガス業,8.2,8.2,1,1207,★☆☆☆☆,0.0,4.0,-1,-13.5,0.0,0.0,0.0,4.2,0.0,0.0,0.0,,,0.0,-6.6,3.9,0.5,487,528.0999755859375,-3.9,0.7,19161,25MA上抜け2日目 / MA上昇配列
368A,北里,精密機器,8.2,8.2,1,1208,★☆☆☆☆,0.0,2.0,-1,-14.3,0.0,2.0,0.0,4.2,0.0,0.0,0.0,,,0.0,-0.3,3.0,1.2,1411,1500.0,-2.7,0.5,203,MA上昇配列
4180,Ａｐｐｉｅｒ　Ｇｒｏｕｐ,情報・通信業,8.2,8.2,1,1209,★☆☆☆☆,0.0,3.5,36,-20.6,0.0,3.0,0.0,6.7,0.0,0.0,-5.0,,,0.0,29.0,5.7,20.1,1171,1321.0,1.2,0.9,2014,MA上昇配列 / 過熱⚠25MA+20%
7383,ネットプロテクションズホールディングス,その他金融業,8.2,8.2,1,1210,★☆☆☆☆,0.0,4.0,-1,-13.5,0.0,0.0,0.0,4.2,0.0,0.0,0.0,,,0.0,-2.7,4.7,2.3,412,455.0,0.0,0.9,412,25MA上抜け6日目 / MA上昇配列
1852,淺沼組,建設業,8.1,8.1,1,1211,★☆☆☆☆,0.0,2.0,-1,-11.9,0.0,0.0,0.0,4.2,0.0,1.9,0.0,,,0.0,-3.1,1.6,1.6,888,918.0,-1.6,0.8,509,MA上昇配列 / 開示[自己株式の取得](5日前)
9267,Ｇｅｎｋｙ　ＤｒｕｇＳｔｏｒｅｓ,小売業,8.0,8.0,1,1212,★☆☆☆☆,0.0,0.0,-1,-9.8,0.0,0.0,0.0,8.0,0.0,0.0,0.0,,,0.0,-9.1,2.7,0.3,3503,3705.0,-0.9,0.6,265,MA上昇配列
9142,九州旅客鉄道,陸運業,8.0,8.0,1,1213,★☆☆☆☆,0.0,0.0,-1,-9.9,0.0,0.0,0.0,8.0,0.0,0.0,0.0,,,0.0,-11.6,1.4,1.5,3491,3594.0,2.2,1.0,2797,MA上昇配列
3836,アバントグループ,情報・通信業,8.0,8.0,1,1214,★☆☆☆☆,0.0,0.0,-1,-14.1,0.0,0.0,0.0,8.0,0.0,0.0,0.0,,,0.0,-13.6,2.5,1.1,1159,1221.0,1.2,1.0,123,MA上昇配列
5930,文化シヤッター,金属製品,8.0,8.0,1,1215,★☆☆☆☆,0.0,0.0,-1,-9.6,0.0,3.0,0.0,5.0,0.0,0.0,0.0,,,0.0,-11.2,1.3,0.8,1840,1888.0,0.9,0.5,307,-
2752,フジオフードグループ本社,小売業,8.0,8.0,1,1216,★☆☆☆☆,0.0,2.0,-1,-14.8,0.0,0.0,0.0,6.0,0.0,0.0,0.0,,,0.0,-10.9,1.5,2.4,1112,1146.0,2.0,0.6,138,-
9409,テレビ朝日ホールディングス,情報・通信業,8.0,8.0,1,1217,★☆☆☆☆,0.0,0.0,-1,-10.7,0.0,2.0,0.0,6.0,0.0,0.0,0.0,,,0.0,-10.7,1.9,0.8,3012,3130.0,1.8,0.7,637,-
1930,北陸電気工事,建設業,8.0,8.0,1,1218,★☆☆☆☆,0.0,2.0,-1,2.8,0.0,0.0,0.0,6.0,0.0,0.0,0.0,,,0.0,-2.0,1.8,1.6,1488,1544.0,1.3,0.6,115,-
8585,オリエントコーポレーション,その他金融業,8.0,8.0,1,1219,★☆☆☆☆,0.0,0.0,-1,-7.6,0.0,1.0,0.0,7.0,0.0,0.0,0.0,,,0.0,-11.4,1.4,0.2,856,881.0,0.8,0.7,383,MA上昇配列
3231,野村不動産ホールディングス,不動産業,8.0,8.0,1,1220,★☆☆☆☆,0.0,0.0,-1,-9.4,0.0,2.0,0.0,6.0,0.0,0.0,0.0,,,0.0,-11.1,1.2,0.9,914,936.2000122070312,0.8,0.6,4702,-
5401,日本製鉄,鉄鋼,8.0,8.0,1,1221,★☆☆☆☆,0.0,2.0,-1,-13.9,0.0,1.0,0.0,5.0,0.0,0.0,0.0,,,0.0,-4.8,2.2,1.4,647,677.0,2.7,0.6,28232,MA上昇配列
2157,コシダカホールディングス,サービス業,7.9,7.9,1,1222,★☆☆☆☆,0.0,0.0,-1,-13.4,0.0,6.7,0.0,1.2,0.0,0.0,0.0,,,0.0,-12.0,1.8,-1.0,979,1016.0,-2.3,3.6,1013,出来高急増3.6倍 / 資金流入増
8200,リンガーハット,小売業,7.9,7.9,1,1223,★☆☆☆☆,0.0,0.0,-1,-16.3,0.0,4.7,0.0,3.2,0.0,0.0,0.0,,,0.0,-11.3,1.5,-0.5,2238,2307.0,-1.6,3.0,318,出来高急増3.0倍
6547,グリーンズ,サービス業,7.7,7.7,1,1224,★☆☆☆☆,0.0,0.0,-1,-6.0,0.0,1.0,0.0,6.7,0.0,0.0,0.0,,,0.0,-9.4,3.7,2.5,2021,2182.0,6.2,0.9,184,MA上昇配列
5741,ＵＡＣＪ,非鉄金属,7.7,7.7,1,1225,★☆☆☆☆,0.0,4.0,-1,6.5,0.0,1.0,0.0,2.7,0.0,0.0,0.0,,,0.0,-3.0,4.4,-1.1,2121,2327.0,3.8,1.4,2753,RS加速+6.5
7211,三菱自動車工業,輸送用機器,7.7,7.7,1,1226,★☆☆☆☆,0.0,0.0,-1,-3.7,0.0,1.0,0.0,6.7,0.0,0.0,0.0,,,0.0,-5.7,2.6,8.4,368,388.70001220703125,7.3,1.3,3651,MA上昇配列
4516,日本新薬,医薬品,7.7,7.7,1,1227,★☆☆☆☆,0.0,4.0,-1,3.5,0.0,1.0,0.0,2.7,0.0,0.0,0.0,,,0.0,-4.6,2.0,-0.5,3447,3592.0,-2.0,0.7,1615,RS加速+3.5
4320,ＣＥホールディングス,情報・通信業,7.7,7.7,1,1228,★☆☆☆☆,0.0,0.0,-1,-5.9,0.0,4.0,0.0,3.7,0.0,0.0,0.0,,,0.0,-9.0,0.5,-1.3,1633,1650.0,-1.5,1.5,302,資金流入増
6055,ジャパンマテリアル,サービス業,7.7,7.7,1,1229,★☆☆☆☆,0.0,4.0,-1,9.3,0.0,1.0,0.0,2.7,0.0,0.0,0.0,,,0.0,-1.2,4.5,-1.9,1949,2143.0,3.7,1.2,1476,RS加速+9.3
9790,福井コンピュータホールディングス,情報・通信業,7.7,7.7,1,1230,★☆☆☆☆,0.0,4.0,-1,-13.5,0.0,0.0,0.0,3.7,0.0,0.0,0.0,,,0.0,-11.2,1.6,0.7,3040,3140.0,-0.5,0.8,127,25MA上抜け0日目
6976,太陽誘電,電気機器,7.7,7.7,1,1231,★☆☆☆☆,0.0,4.0,-1,21.5,0.0,1.0,0.0,2.7,0.0,0.0,0.0,,,0.0,-1.4,8.6,-7.4,7654,9244.0,-0.6,1.3,237828,RS加速+21.5
6656,インスペック,電気機器,7.5,7.5,1,1232,★☆☆☆☆,0.0,4.0,-1,14.9,0.0,2.0,0.0,1.5,0.0,0.0,0.0,,,0.0,-13.3,5.4,-7.0,740,830.0,4.0,0.2,138,RS加速+14.9
6200,インソース,サービス業,7.5,7.5,1,1233,★☆☆☆☆,0.0,2.0,-1,-17.1,0.0,0.0,0.0,5.5,0.0,0.0,0.0,,,0.0,-11.1,1.9,1.0,712,741.0,0.5,0.7,353,MA上昇配列
5393,ニチアス,ガラス・土石製品,7.5,7.5,1,1234,★☆☆☆☆,0.0,4.0,-1,4.3,0.0,1.0,0.0,2.5,0.0,0.0,0.0,,,0.0,-0.2,3.2,-0.1,3198,3414.0,5.5,0.8,2096,RS加速+4.3
6266,タツモ,機械,7.5,7.5,1,1235,★☆☆☆☆,0.0,4.0,-1,20.1,0.0,1.0,0.0,2.5,0.0,0.0,0.0,,,0.0,-6.3,6.1,-6.6,3136,3575.0,0.8,0.7,1552,RS加速+20.1
9474,ゼンリン,情報・通信業,7.5,7.5,1,1236,★☆☆☆☆,0.0,0.0,-1,-6.7,0.0,2.0,0.0,5.5,0.0,0.0,0.0,,,0.0,-6.8,1.3,2.3,897,921.0,2.2,1.8,204,MA上昇配列 / RSI過熱(85)⚠
3139,ラクト・ジャパン,卸売業,7.5,7.5,1,1237,★☆☆☆☆,0.0,0.0,-1,-7.1,0.0,1.0,0.0,6.5,0.0,0.0,0.0,,,0.0,-7.3,1.3,2.2,3369,3460.0,1.3,0.6,130,MA上昇配列 / RSI過熱(88)⚠
3387,クリエイト・レストランツ・ホールディングス,小売業,7.5,7.5,1,1238,★☆☆☆☆,0.0,0.0,-1,-17.6,0.0,4.3,0.0,3.2,0.0,0.0,0.0,,,0.0,-13.5,1.4,-2.5,729,750.0,-3.9,2.6,1582,出来高増2.6倍
7921,ＴＡＫＡＲＡ　＆　ＣＯＭＰＡＮＹ,その他製品,7.5,7.5,1,1239,★☆☆☆☆,0.0,0.0,-1,-7.1,0.0,0.0,0.0,7.5,0.0,0.0,0.0,,,0.0,-8.6,2.2,2.8,4198,4395.0,2.8,0.9,116,MA上昇配列
4661,オリエンタルランド,サービス業,7.5,7.5,1,1240,★☆☆☆☆,0.0,2.0,-1,-18.2,0.0,0.0,0.0,5.5,0.0,0.0,0.0,,,0.0,-3.3,2.3,2.6,2900,3039.0,1.1,0.5,17891,MA上昇配列
5411,ＪＦＥホールディングス,鉄鋼,7.2,7.2,1,1241,★☆☆☆☆,0.0,2.0,-1,-15.0,0.0,1.0,0.0,4.2,0.0,0.0,0.0,,,0.0,-7.7,2.2,1.9,1779,1859.0,0.7,0.8,12119,MA上昇配列
4848,フルキャストホールディングス,サービス業,7.2,7.2,1,1242,★☆☆☆☆,0.0,2.0,-1,-15.9,0.0,1.0,0.0,4.2,0.0,0.0,0.0,,,0.0,-0.8,2.3,5.2,1789,1876.0,-0.4,0.7,187,MA上昇配列
7599,ＩＤＯＭ,卸売業,7.2,7.2,1,1243,★☆☆☆☆,0.0,0.0,-1,-7.8,0.0,4.7,0.0,2.5,0.0,0.0,0.0,,,0.0,-9.2,1.3,-1.6,1215,1248.0,-1.4,3.2,1435,出来高急増3.2倍
5947,リンナイ,金属製品,7.2,7.2,1,1244,★☆☆☆☆,0.0,0.0,-1,-11.1,0.0,2.0,0.0,5.2,0.0,0.0,0.0,,,0.0,-10.6,1.7,0.6,3504,3624.0,1.4,0.9,1315,MA上昇配列
7276,小糸製作所,電気機器,7.2,7.2,1,1245,★☆☆☆☆,0.0,2.0,-1,-15.1,0.0,2.0,0.0,3.2,0.0,0.0,0.0,,,0.0,-6.9,1.6,1.0,2604,2692.5,0.0,1.9,2451,-
7966,リンテック,その他製品,7.1,7.1,1,1246,★☆☆☆☆,0.0,4.0,-1,5.4,0.0,1.0,0.0,0.0,0.0,2.1,0.0,,,0.0,-13.0,3.6,-8.3,5123,5520.0,0.5,1.0,2934,RS加速+5.4 / 開示[自己株式の取得](7日前) / 開示[自己株式取得](11日前)
9302,三井倉庫ホールディングス,倉庫・運輸関連業,7.0,7.0,1,1247,★☆☆☆☆,0.0,0.0,-1,-6.9,0.0,3.0,0.0,4.0,0.0,0.0,0.0,,,0.0,-15.3,1.9,-1.4,3232,3358.0,1.5,1.6,917,-
1720,東急建設,建設業,7.0,7.0,1,1248,★☆☆☆☆,0.0,0.0,-1,-4.5,0.0,1.0,0.0,6.0,0.0,0.0,0.0,,,0.0,-6.6,1.8,1.8,1131,1172.0,2.5,0.7,411,-
4658,日本空調サービス,サービス業,7.0,7.0,1,1249,★☆☆☆☆,0.0,0.0,-1,-5.5,0.0,0.0,0.0,7.0,0.0,0.0,0.0,,,0.0,-7.8,1.4,1.5,1536,1579.0,1.5,1.2,147,-
9001,東武鉄道,陸運業,7.0,7.0,1,1250,★☆☆☆☆,0.0,0.0,-1,-14.2,0.0,3.3,0.0,3.7,0.0,0.0,0.0,,,0.0,-12.6,1.4,-1.0,2889,2975.0,-1.3,2.9,1870,出来高増2.9倍
1332,ニッスイ,水産・農林業,7.0,7.0,1,1251,★☆☆☆☆,0.0,0.0,-1,-12.7,0.0,1.0,0.0,6.0,0.0,0.0,0.0,,,0.0,-8.7,1.9,-0.1,1228,1278.0,-2.1,1.2,1905,-
6908,イリソ電子工業,電気機器,7.0,7.0,1,1252,★☆☆☆☆,0.0,0.0,-1,-3.1,0.0,2.0,0.0,5.0,0.0,0.0,0.0,,,0.0,-4.8,1.9,1.9,2729,2834.0,3.5,1.2,315,-
2874,横浜冷凍,卸売業,7.0,7.0,1,1253,★☆☆☆☆,0.0,0.0,-1,-0.9,0.0,0.0,0.0,7.0,0.0,0.0,0.0,,,0.0,-3.6,3.8,4.4,2054,2224.0,5.8,0.5,445,-
7003,三井Ｅ＆Ｓ,機械,7.0,7.0,1,1254,★☆☆☆☆,0.0,2.0,-1,0.8,0.0,0.0,0.0,5.0,0.0,0.0,0.0,,,0.0,-11.1,4.2,3.2,4174,4556.0,9.9,0.8,12905,-
6088,シグマクシス・ホールディングス,サービス業,7.0,7.0,1,1255,★☆☆☆☆,0.0,0.0,-1,-14.3,0.0,0.0,0.0,7.0,0.0,0.0,0.0,,,0.0,-14.0,2.7,1.9,541,572.0,2.1,1.2,325,MA上昇配列
1860,戸田建設,建設業,7.0,7.0,1,1256,★☆☆☆☆,0.0,0.0,-1,-2.7,0.0,0.0,0.0,7.0,0.0,0.0,0.0,,,0.0,-5.3,1.7,1.3,1467,1518.0,1.7,0.6,1425,-
9502,中部電力,電気・ガス業,7.0,7.0,1,1257,★☆☆☆☆,0.0,0.0,-1,-1.3,0.0,0.0,0.0,7.0,0.0,0.0,0.0,,,0.0,-2.3,2.3,0.8,2711,2841.0,-2.3,0.8,8481,-
3863,日本製紙,パルプ・紙,6.7,6.7,1,1258,★☆☆☆☆,0.0,2.0,-1,0.8,0.0,1.0,0.0,3.7,0.0,0.0,0.0,,,0.0,-10.8,3.2,-0.0,1306,1396.0,0.0,0.6,1203,-
3856,Ａｂａｌａｎｃｅ,電気機器,6.7,6.7,1,1259,★☆☆☆☆,0.0,0.0,-1,-52.8,0.0,6.7,0.0,0.0,0.0,0.0,0.0,,,0.0,-66.0,22.2,-46.4,117,211.0,-50.8,14.8,229,出来高急増14.8倍 / 資金流入増
6787,メイコー,電気機器,6.7,6.7,1,1260,★☆☆☆☆,0.0,4.0,-1,18.8,0.0,0.0,0.0,2.7,0.0,0.0,0.0,,,0.0,-8.5,6.8,-4.1,16219,18760.0,9.3,0.7,10839,RS加速+18.8
1926,ライト工業,建設業,6.7,6.7,1,1261,★☆☆☆☆,0.0,0.0,-1,-5.2,0.0,2.0,0.0,4.7,0.0,0.0,0.0,,,0.0,-7.5,1.4,0.6,3701,3805.0,2.0,0.6,563,-
6356,日本ギア工業,機械,6.7,6.7,1,1262,★☆☆☆☆,0.0,4.0,-1,5.5,0.0,0.0,0.0,2.7,0.0,0.0,0.0,,,0.0,-1.5,3.2,-0.5,1243,1328.0,2.2,0.6,127,RS加速+5.5
9305,ヤマタネ,卸売業,6.7,6.7,1,1263,★☆☆☆☆,0.0,0.0,-1,-11.6,0.0,0.0,0.0,6.7,0.0,0.0,0.0,,,0.0,-10.2,1.9,0.4,2020,2102.0,-1.4,0.8,147,MA上昇配列
2305,スタジオアリス,サービス業,6.7,6.7,1,1264,★☆☆☆☆,0.0,0.0,-1,-12.5,0.0,5.7,0.0,1.0,0.0,0.0,0.0,,,0.0,-12.9,1.0,-2.7,1856,1892.0,-1.9,5.5,101,出来高急増5.5倍
9008,京王電鉄,陸運業,6.7,6.7,1,1265,★☆☆☆☆,0.0,0.0,-1,-14.4,0.0,0.0,0.0,6.7,0.0,0.0,0.0,,,0.0,-12.8,1.5,0.6,763,786.2000122070312,0.1,0.8,1376,MA上昇配列
4970,東洋合成工業,化学,6.5,6.5,1,1266,★☆☆☆☆,0.0,4.0,-1,16.8,0.0,1.0,0.0,1.5,0.0,0.0,0.0,,,0.0,-8.8,7.2,-9.3,9810,11460.0,0.6,1.1,1361,RS加速+16.8
5074,テスホールディングス,建設業,6.5,6.5,1,1267,★☆☆☆☆,0.0,4.0,-1,15.1,0.0,1.0,0.0,1.5,0.0,0.0,0.0,,,0.0,-8.3,6.6,-7.5,551,634.0,3.8,0.5,1245,RS加速+15.1
7731,ニコン,精密機器,6.5,6.5,1,1268,★☆☆☆☆,0.0,4.0,-1,7.2,0.0,0.0,0.0,2.5,0.0,0.0,0.0,,,0.0,-1.8,3.2,-2.4,1818,1942.0,-3.3,0.9,3522,RS加速+7.2
7932,ニッピ,その他製品,6.5,6.5,1,1269,★☆☆☆☆,0.0,0.0,-1,-6.1,0.0,1.0,0.0,5.5,0.0,0.0,0.0,,,0.0,-9.4,1.9,0.3,11493,11950.0,1.7,0.3,119,MA上昇配列
3093,トレジャー・ファクトリー,小売業,6.5,6.5,1,1270,★☆☆☆☆,0.0,0.0,-1,-14.7,0.0,3.0,0.0,3.5,0.0,0.0,0.0,,,0.0,-10.3,3.0,-1.2,1939,2063.0,-2.8,1.9,288,-
4182,三菱瓦斯化学,化学,6.5,6.5,1,1271,★☆☆☆☆,0.0,4.0,-1,9.4,0.0,1.0,0.0,1.5,0.0,0.0,0.0,,,0.0,-6.2,4.6,-4.1,3553,3910.0,2.1,0.9,8131,RS加速+9.4
8252,丸井グループ,小売業,6.4,6.4,1,1272,★☆☆☆☆,0.0,0.0,-1,-13.0,0.0,0.0,0.0,3.2,0.0,3.2,0.0,,,0.0,-10.2,1.5,-0.4,2864,2950.5,-1.3,0.9,3039,開示[自己株式の取得](6日前) / 開示[自己株式取得](7日前)
6339,新東工業,機械,6.2,6.2,1,1273,★☆☆☆☆,0.0,2.0,-1,-6.3,0.0,0.0,0.0,4.2,0.0,0.0,0.0,,,0.0,-1.7,2.6,0.5,1141,1205.0,-0.8,1.1,129,-
4523,エーザイ,医薬品,6.2,6.2,1,1274,★☆☆☆☆,0.0,2.0,-1,-19.0,0.0,0.0,0.0,4.2,0.0,0.0,0.0,,,0.0,-11.4,2.3,0.1,4599,4824.0,-1.6,0.7,6262,MA上昇配列
4051,ＧＭＯフィナンシャルゲート,情報・通信業,6.2,6.2,1,1275,★☆☆☆☆,0.0,0.0,-1,-8.2,0.0,0.0,0.0,6.2,0.0,0.0,0.0,,,0.0,-2.6,4.1,1.3,6094,6640.0,-0.6,1.1,210,MA上昇配列 / パーフェクトオーダー
3028,アルペン,小売業,6.2,6.2,1,1276,★☆☆☆☆,0.0,2.0,-1,-13.3,0.0,0.0,0.0,4.2,0.0,0.0,0.0,,,0.0,-3.2,1.6,3.3,2302,2380.0,0.2,0.6,244,MA上昇配列
7173,東京きらぼしフィナンシャルグループ,銀行業,6.2,6.2,1,1277,★☆☆☆☆,0.0,0.0,-1,-4.2,0.0,4.0,0.0,2.2,0.0,0.0,0.0,,,0.0,-6.2,2.9,-0.8,1614,1714.0,0.1,1.9,1916,-
5471,大同特殊鋼,鉄鋼,6.2,6.2,1,1278,★☆☆☆☆,0.0,4.0,-1,3.4,0.0,1.0,0.0,1.2,0.0,0.0,0.0,,,0.0,-2.8,3.8,-3.0,2068,2240.0,0.6,0.7,2396,RS加速+3.4
9069,センコーグループホールディングス,陸運業,6.2,6.2,1,1279,★☆☆☆☆,0.0,0.0,-1,-12.6,0.0,3.0,0.0,3.2,0.0,0.0,0.0,,,0.0,-7.0,2.2,-0.4,2144,2245.0,-2.3,1.3,1001,-
7744,ノーリツ鋼機,精密機器,6.2,6.2,1,1280,★☆☆☆☆,0.0,0.0,-1,-3.5,0.0,4.0,0.0,2.2,0.0,0.0,0.0,,,0.0,-3.6,3.1,-0.3,1890,2015.0,0.8,1.6,868,-
1434,ＪＥＳＣＯホールディングス,建設業,6.2,6.2,1,1281,★☆☆☆☆,0.0,0.0,-1,-6.2,0.0,4.7,0.0,1.5,0.0,0.0,0.0,,,0.0,-8.9,2.5,-1.8,1537,1618.0,0.1,3.4,103,出来高急増3.4倍
7318,セレンディップ・ホールディングス,輸送用機器,6.1,6.1,1,1282,★☆☆☆☆,0.0,0.0,-1,-1.4,0.0,2.0,0.0,1.5,0.0,2.6,0.0,,,0.0,-26.9,8.4,-13.8,1209,1452.0,-1.8,0.9,277,開示[自己株式取得](3日前) / 開示[自己株式取得](13日前)
5989,エイチワン,金属製品,6.0,6.0,1,1283,★☆☆☆☆,0.0,0.0,-1,-6.6,0.0,1.0,0.0,5.0,0.0,0.0,0.0,,,0.0,-8.8,2.5,-0.4,1442,1518.0,-2.1,0.6,316,-
9048,名古屋鉄道,陸運業,6.0,6.0,1,1284,★☆☆☆☆,0.0,0.0,-1,-11.9,0.0,0.0,0.0,6.0,0.0,0.0,0.0,,,0.0,-10.8,1.4,-0.2,1831,1884.0,-1.1,0.4,1232,-
4901,富士フイルムホールディングス,化学,6.0,6.0,1,1285,★☆☆☆☆,0.0,0.0,-1,-9.3,0.0,1.0,0.0,5.0,0.0,0.0,0.0,,,0.0,-20.7,2.5,-4.1,3150,3319.0,3.2,0.6,22332,-
1952,新日本空調,建設業,6.0,6.0,1,1286,★☆☆☆☆,0.0,2.0,-1,2.3,0.0,0.0,0.0,4.0,0.0,0.0,0.0,,,0.0,-9.8,2.4,-1.7,2973,3120.0,3.7,0.6,684,-
3289,東急不動産ホールディングス,不動産業,6.0,6.0,1,1287,★☆☆☆☆,0.0,0.0,-1,-12.2,0.0,0.0,0.0,6.0,0.0,0.0,0.0,,,0.0,-11.3,1.4,-0.0,1293,1330.5,-1.3,1.1,3565,-
7373,アイドマ・ホールディングス,サービス業,6.0,6.0,1,1288,★☆☆☆☆,0.0,0.0,-1,-0.8,0.0,1.0,0.0,5.0,0.0,0.0,0.0,,,0.0,-4.6,2.9,5.4,920,977.0,5.4,0.7,114,-
6617,東光高岳,電気機器,6.0,6.0,1,1289,★☆☆☆☆,0.0,4.0,-1,8.6,0.0,2.0,0.0,0.0,0.0,0.0,0.0,,,0.0,-2.5,4.6,-6.3,6324,6970.0,-3.2,0.5,1084,RS加速+8.6
6859,エスペック,電気機器,6.0,6.0,1,1290,★☆☆☆☆,0.0,4.0,-1,4.2,0.0,1.0,0.0,1.0,0.0,0.0,0.0,,,0.0,-3.2,3.3,-2.0,3687,3945.0,0.8,0.6,384,RS加速+4.2
8129,東邦ホールディングス,卸売業,6.0,6.0,1,1291,★☆☆☆☆,0.0,0.0,-1,-13.7,0.0,1.0,0.0,5.0,0.0,0.0,0.0,,,0.0,-12.6,2.0,0.2,3798,3957.0,-1.1,0.6,638,-
6954,ファナック,電気機器,6.0,6.0,1,1292,★☆☆☆☆,0.0,0.0,-1,-3.6,6.0,0.0,0.0,0.0,0.0,0.0,0.0,,,0.0,-16.0,3.0,-4.9,5685,6052.0,0.3,0.6,44879,ロボット(-0.5%)
3662,エイチームホールディングス,情報・通信業,6.0,6.0,1,1293,★☆☆☆☆,0.0,0.0,-1,-2.7,0.0,0.0,0.0,6.0,0.0,0.0,0.0,,,0.0,-2.7,2.2,2.5,933,975.0,-1.4,0.4,129,-
1333,Ｕｍｉｏｓ,水産・農林業,6.0,6.0,1,1294,★☆☆☆☆,0.0,0.0,-1,-11.4,0.0,1.0,0.0,5.0,0.0,0.0,0.0,,,0.0,-11.7,1.4,-0.6,1258,1295.0,-1.2,0.8,713,-
1417,ミライト・ワン,建設業,6.0,6.0,1,1295,★☆☆☆☆,0.0,0.0,-1,-2.5,0.0,0.0,0.0,6.0,0.0,0.0,0.0,,,0.0,-4.6,1.8,2.2,3487,3614.0,2.3,0.6,940,-
4966,上村工業,化学,5.9,5.9,1,1296,★☆☆☆☆,0.0,4.0,-1,8.7,0.0,1.0,0.0,0.0,0.0,0.9,0.0,,,0.0,-10.7,4.3,-7.5,18081,19770.0,2.3,1.3,1981,RS加速+8.7 / 開示[自己株式の取得](10日前)
8151,東陽テクニカ,卸売業,5.9,5.9,1,1297,★☆☆☆☆,0.0,0.0,-1,-8.0,0.0,2.0,0.0,2.2,0.0,1.7,0.0,,,0.0,-4.2,2.8,-1.4,1866,1977.0,-3.3,1.1,505,資金流入増 / 開示[自己株式の取得](6日前)
3092,ＺＯＺＯ,小売業,5.7,5.7,1,1298,★☆☆☆☆,0.0,0.0,-1,-13.1,0.0,0.0,0.0,5.7,0.0,0.0,0.0,,,0.0,-11.3,2.0,0.2,1103,1148.0,1.3,0.7,3091,MA上昇配列
9960,東テク,卸売業,5.7,5.7,1,1299,★☆☆☆☆,0.0,0.0,-1,-0.1,0.0,1.0,0.0,4.7,0.0,0.0,0.0,,,0.0,-6.6,2.4,0.0,3666,3855.0,4.3,0.6,350,-
6331,三菱化工機,機械,5.7,5.7,1,1300,★☆☆☆☆,0.0,2.0,-1,1.0,0.0,0.0,0.0,3.7,0.0,0.0,0.0,,,0.0,-2.4,2.6,1.0,3092,3265.0,0.0,0.9,557,-
543A,ＡＲＣＨＩＯＮ,輸送用機器,5.7,5.7,1,1301,★☆☆☆☆,0.0,0.0,-1,-0.9,0.0,3.0,0.0,2.7,0.0,0.0,0.0,,,0.0,-7.0,3.2,-0.1,257,275.0,-1.8,0.7,7057,-
4540,ツムラ,医薬品,5.7,5.7,1,1302,★☆☆☆☆,0.0,0.0,-1,-10.4,0.0,3.0,0.0,2.7,0.0,0.0,0.0,,,0.0,-11.2,1.2,-0.4,3691,3784.0,0.5,0.8,1638,-
3395,サンマルクホールディングス,小売業,5.7,5.7,1,1303,★☆☆☆☆,0.0,0.0,-1,-10.0,0.0,2.0,0.0,3.7,0.0,0.0,0.0,,,0.0,-12.1,1.5,1.2,2443,2518.0,1.9,0.8,311,-
1803,清水建設,建設業,5.7,5.7,1,1304,★☆☆☆☆,0.0,2.0,-1,0.7,0.0,1.0,0.0,2.7,0.0,0.0,0.0,,,0.0,-4.6,2.2,-0.4,2276,2381.0,1.9,1.3,7438,-
3449,テクノフレックス,金属製品,5.5,5.5,1,1305,★☆☆☆☆,0.0,4.0,-1,16.2,0.0,0.0,0.0,1.5,0.0,0.0,0.0,,,0.0,-13.2,7.0,-7.5,3370,3915.0,4.5,0.7,706,RS加速+16.2
7912,大日本印刷,その他製品,5.5,5.5,1,1306,★☆☆☆☆,0.0,0.0,-1,-4.6,0.0,1.0,0.0,4.5,0.0,0.0,0.0,,,0.0,-2.1,2.9,-0.8,2917,3093.0,-4.1,0.9,4652,-
4061,デンカ,化学,5.5,5.5,1,1307,★☆☆☆☆,0.0,4.0,-1,4.4,0.0,0.0,0.0,1.5,0.0,0.0,0.0,,,0.0,-4.9,3.8,-4.2,3085,3338.0,-1.2,0.8,3165,RS加速+4.4
6622,ダイヘン,電気機器,5.5,5.5,1,1308,★☆☆☆☆,0.0,4.0,-1,11.3,0.0,0.0,0.0,1.5,0.0,0.0,0.0,,,0.0,-1.4,4.5,-4.5,11816,12980.0,-0.3,0.4,4001,RS加速+11.3
4889,レナサイエンス,医薬品,5.5,5.5,1,1309,★☆☆☆☆,0.0,4.0,-1,5.3,0.0,0.0,0.0,1.5,0.0,0.0,0.0,,,0.0,-10.2,8.8,-2.5,1108,1345.0,3.3,0.8,687,RS加速+5.3
6586,マキタ,機械,5.5,5.5,1,1310,★☆☆☆☆,0.0,2.0,-1,1.1,0.0,1.0,0.0,2.5,0.0,0.0,0.0,,,0.0,-6.7,1.8,-1.2,5135,5329.0,2.3,0.8,4758,-
4063,信越化学工業,化学,5.5,5.5,1,1311,★☆☆☆☆,0.0,4.0,-1,9.5,0.0,0.0,0.0,1.5,0.0,0.0,0.0,,,0.0,-3.1,2.0,-1.7,5759,6001.0,-0.8,0.8,40503,RS加速+9.5
6145,ＮＩＴＴＯＫＵ,機械,5.5,5.5,1,1312,★☆☆☆☆,0.0,2.0,-1,1.4,0.0,2.0,0.0,1.5,0.0,0.0,0.0,,,0.0,-7.1,4.1,-1.3,2284,2489.0,3.7,0.4,351,-
4935,リベルタ,化学,5.5,5.5,1,1313,★☆☆☆☆,0.0,4.0,-1,13.9,0.0,0.0,0.0,1.5,0.0,0.0,0.0,,,0.0,-15.2,5.1,-9.4,189,211.0,0.0,0.4,169,RS加速+13.9
5706,三井金属,非鉄金属,5.5,5.5,1,1314,★☆☆☆☆,0.0,4.0,-1,15.9,0.0,0.0,0.0,1.5,0.0,0.0,0.0,,,0.0,-0.3,7.1,-2.4,24876,29000.0,2.8,0.5,54510,RS加速+15.9
6648,かわでん,電気機器,5.5,5.5,1,1315,★☆☆☆☆,0.0,2.0,-1,1.5,0.0,2.0,0.0,1.5,0.0,0.0,0.0,,,0.0,-2.4,4.4,-0.7,1576,1730.0,3.2,0.2,147,-
9256,サクシード,サービス業,5.5,5.5,1,1316,★☆☆☆☆,0.0,4.0,-1,37.1,0.0,0.0,0.0,1.5,0.0,0.0,0.0,,,0.0,-18.8,5.9,-11.4,1053,1194.0,4.9,0.4,183,RS加速+37.1
4183,三井化学,化学,5.5,5.5,1,1317,★☆☆☆☆,0.0,0.0,-1,-3.3,0.0,3.3,0.0,2.2,0.0,0.0,0.0,,,0.0,-5.7,2.3,-0.4,2048,2145.5,0.1,0.8,4576,買い出来高優勢 / 開示[買収](14日前)
6849,日本光電工業,電気機器,5.5,5.5,1,1318,★☆☆☆☆,0.0,0.0,-1,-15.6,0.0,3.0,0.0,2.5,0.0,0.0,0.0,,,0.0,-16.0,2.8,-1.5,1418,1504.0,-0.1,1.5,1344,-
9418,Ｕ－ＮＥＸＴ　ＨＯＬＤＩＮＧＳ,情報・通信業,5.5,5.5,1,1319,★☆☆☆☆,0.0,0.0,-1,-16.8,0.0,4.3,0.0,1.2,0.0,0.0,0.0,,,0.0,-10.3,1.8,-1.0,1645,1708.0,-2.2,2.1,1363,出来高増2.1倍
6754,アンリツ,電気機器,5.5,5.5,1,1320,★☆☆☆☆,0.0,4.0,-1,4.6,0.0,0.0,0.0,1.5,0.0,0.0,0.0,,,0.0,-11.8,3.9,-4.4,3134,3396.0,2.4,0.4,5464,RS加速+4.6
7447,ナガイレーベン,卸売業,5.5,5.5,1,1321,★☆☆☆☆,0.0,0.0,-1,-11.7,0.0,4.3,0.0,1.2,0.0,0.0,0.0,,,0.0,-9.6,1.5,-0.1,1659,1712.0,0.5,2.8,203,出来高増2.8倍 / 開示[自己株式の取得](14日前)
4419,Ｆｉｎａｔｅｘｔホールディングス,情報・通信業,5.5,5.5,1,1322,★☆☆☆☆,0.0,0.0,-1,-2.1,0.0,3.0,0.0,2.5,0.0,0.0,0.0,,,0.0,-13.6,7.3,-1.7,1239,1451.0,5.1,0.7,1071,-
8795,Ｔ＆Ｄホールディングス,保険業,5.3,5.3,1,1323,★☆☆☆☆,0.0,0.0,-1,-6.1,0.0,3.3,0.0,2.0,0.0,0.0,0.0,,,0.0,-10.5,2.4,-1.4,4622,4859.0,1.3,2.5,7711,出来高増2.5倍
8766,東京海上ホールディングス,保険業,5.2,5.2,1,1324,★☆☆☆☆,0.0,0.0,-1,-6.5,0.0,0.0,0.0,3.5,0.0,1.7,0.0,,,0.0,-13.5,2.1,-0.5,7371,7693.0,4.7,1.2,35865,開示[自己株式取得](6日前)
6941,山一電機,電気機器,5.2,5.2,1,1325,★☆☆☆☆,0.0,4.0,-1,10.9,0.0,0.0,0.0,1.2,0.0,0.0,0.0,,,0.0,-4.9,5.9,-6.4,6924,7850.0,-0.1,0.7,3734,RS加速+10.9
6961,エンプラス,電気機器,5.2,5.2,1,1326,★☆☆☆☆,0.0,4.0,-1,11.4,0.0,0.0,0.0,1.2,0.0,0.0,0.0,,,0.0,-8.5,6.9,-7.6,8793,10190.0,0.6,0.6,2300,RS加速+11.4
9279,ギフトホールディングス,小売業,5.2,5.2,1,1327,★☆☆☆☆,0.0,0.0,-1,-17.2,0.0,2.0,0.0,2.0,0.0,1.2,0.0,,,0.0,-9.7,3.8,-3.9,2285,2475.0,-2.9,1.8,491,開示[業績予想の修正](7日前)
2502,アサヒグループホールディングス,食料品,5.2,5.2,1,1328,★☆☆☆☆,0.0,0.0,-1,-15.4,0.0,3.0,0.0,2.2,0.0,0.0,0.0,,,0.0,-11.8,2.1,-0.5,1600,1670.5,-0.6,1.8,12108,-
7701,島津製作所,精密機器,5.2,5.2,1,1329,★☆☆☆☆,0.0,0.0,-1,-8.9,0.0,1.0,0.0,4.2,0.0,0.0,0.0,,,0.0,-7.1,1.9,0.1,3971,4130.0,0.5,0.8,3529,MA上昇配列
2158,ＦＲＯＮＴＥＯ,サービス業,5.2,5.2,1,1330,★☆☆☆☆,0.0,0.0,-1,-1.8,0.0,1.0,0.0,4.2,0.0,0.0,0.0,,,0.0,-1.1,3.4,1.2,600,644.0,-1.1,1.0,121,MA上昇配列
4559,ゼリア新薬工業,医薬品,5.2,5.2,1,1331,★☆☆☆☆,0.0,0.0,-1,-17.0,0.0,3.0,0.0,2.2,0.0,0.0,0.0,,,0.0,-13.3,1.8,-2.5,1966,2040.0,-5.2,1.8,254,-
4186,東京応化工業,化学,5.2,5.2,1,1332,★☆☆☆☆,0.0,4.0,-1,12.4,0.0,0.0,0.0,1.2,0.0,0.0,0.0,,,0.0,-4.8,4.4,-4.8,7850,8609.0,-1.0,0.5,8343,RS加速+12.4
6226,守谷輸送機工業,機械,5.0,5.0,1,1333,★☆☆☆☆,0.0,0.0,-1,-2.8,0.0,1.0,0.0,4.0,0.0,0.0,0.0,,,0.0,-5.8,4.8,-1.1,2017,2233.0,-7.5,0.4,614,-
4099,四国化成ホールディングス,化学,5.0,5.0,1,1334,★☆☆☆☆,0.0,4.0,-1,6.1,0.0,1.0,0.0,0.0,0.0,0.0,0.0,,,0.0,-5.1,6.2,-9.7,2121,2421.0,-2.6,0.4,2274,RS加速+6.1
6232,ＡＣＳＬ,機械,5.0,5.0,1,1335,★☆☆☆☆,0.0,4.0,-1,3.9,0.0,1.0,0.0,0.0,0.0,0.0,0.0,,,0.0,-4.6,6.6,-6.5,1344,1547.0,-6.5,1.1,1268,RS加速+3.9
9413,テレビ東京ホールディングス,情報・通信業,5.0,5.0,1,1336,★☆☆☆☆,0.0,0.0,-1,-12.9,0.0,0.0,0.0,5.0,0.0,0.0,0.0,,,0.0,-13.7,1.6,0.2,3333,3445.0,0.7,0.6,316,-
9531,東京瓦斯,電気・ガス業,5.0,5.0,1,1337,★☆☆☆☆,0.0,0.0,-1,-8.8,0.0,0.0,0.0,5.0,0.0,0.0,0.0,,,0.0,-9.4,1.7,0.8,5924,6136.0,0.8,0.7,5918,-
4971,メック,化学,5.0,5.0,1,1338,★☆☆☆☆,0.0,4.0,-1,6.2,0.0,1.0,0.0,0.0,0.0,0.0,0.0,,,0.0,-17.8,6.9,-14.6,5727,6650.0,-1.6,0.6,4084,RS加速+6.2
3457,Ａｎｄ　Ｄｏホールディングス,不動産業,5.0,5.0,1,1339,★☆☆☆☆,0.0,0.0,-1,-8.5,0.0,0.0,0.0,5.0,0.0,0.0,0.0,,,0.0,-8.5,1.3,0.8,915,939.0,1.1,0.5,111,-
8058,三菱商事,卸売業,5.0,5.0,1,1340,★☆☆☆☆,0.0,4.0,-1,-5.3,0.0,0.0,0.0,1.0,0.0,0.0,0.0,,,0.0,-7.1,2.0,0.2,4596,4786.0,-0.2,0.9,34257,25MA上抜け0日目
6707,サンケン電気,電気機器,5.0,5.0,1,1341,★☆☆☆☆,0.0,4.0,-1,8.3,0.0,1.0,0.0,0.0,0.0,0.0,0.0,,,0.0,-14.1,5.1,-9.5,6646,7402.0,-0.0,1.3,1473,RS加速+8.3
1909,日本ドライケミカル,機械,5.0,5.0,1,1342,★☆☆☆☆,0.0,2.0,-1,-7.9,0.0,0.0,0.0,3.0,0.0,0.0,0.0,,,0.0,-7.2,0.2,0.0,3685,3700.0,0.0,0.6,364,-
4548,生化学工業,医薬品,5.0,5.0,1,1343,★☆☆☆☆,0.0,0.0,-1,-8.0,0.0,1.0,0.0,4.0,0.0,0.0,0.0,,,0.0,-12.2,1.3,-0.5,697,716.0,1.7,0.9,142,-
3116,トヨタ紡織,輸送用機器,5.0,5.0,1,1344,★☆☆☆☆,0.0,0.0,-1,-14.7,0.0,0.0,0.0,5.0,0.0,0.0,0.0,,,0.0,-14.4,1.8,-0.1,2169,2248.5,-0.5,0.8,1701,-
6507,シンフォニアテクノロジー,電気機器,5.0,5.0,1,1345,★☆☆☆☆,0.0,4.0,-1,4.9,0.0,1.0,0.0,0.0,0.0,0.0,0.0,,,0.0,-7.6,5.4,-5.9,10907,12220.0,-1.1,1.3,2602,RS加速+4.9
4519,中外製薬,医薬品,5.0,5.0,1,1346,★☆☆☆☆,0.0,0.0,-1,-5.7,0.0,0.0,0.0,5.0,0.0,0.0,0.0,,,0.0,-7.9,2.3,1.0,6716,7033.0,0.3,0.8,16867,-
4685,菱友システムズ,情報・通信業,5.0,5.0,1,1347,★☆☆☆☆,0.0,0.0,-1,-5.9,0.0,0.0,0.0,5.0,0.0,0.0,0.0,,,0.0,-11.4,1.9,1.8,2661,2767.0,3.8,1.0,107,-
1950,日本電設工業,建設業,5.0,5.0,1,1348,★☆☆☆☆,0.0,0.0,-1,-0.0,0.0,0.0,0.0,5.0,0.0,0.0,0.0,,,0.0,-6.4,2.3,1.0,3786,3965.0,3.4,0.6,465,-
7412,アトム,小売業,5.0,5.0,1,1349,★☆☆☆☆,0.0,0.0,-1,-11.2,0.0,0.0,0.0,5.0,0.0,0.0,0.0,,,0.0,-10.6,2.9,2.5,360,382.0,3.2,0.8,224,-
4071,プラスアルファ・コンサルティング,情報・通信業,4.8,4.800000000000001,1,1350,★☆☆☆☆,0.0,0.0,-1,-11.6,0.0,0.0,0.0,2.7,0.0,2.1,0.0,,,0.0,-11.2,4.1,-0.5,2059,2243.0,-0.5,0.9,661,開示[自己株式の取得](4日前)
2593,伊藤園,食料品,4.7,4.7,1,1351,★☆☆☆☆,0.0,0.0,-1,-13.2,0.0,1.0,0.0,3.7,0.0,0.0,0.0,,,0.0,-12.4,1.8,-0.4,2878,2984.0,0.5,0.7,962,-
3046,ジンズホールディングス,小売業,4.7,4.7,1,1352,★☆☆☆☆,0.0,0.0,-1,-14.8,0.0,2.0,0.0,2.7,0.0,0.0,0.0,,,0.0,-16.5,2.9,-6.2,5674,6020.0,-4.6,1.9,2145,-
3480,ジェイ・エス・ビー,不動産業,4.7,4.7,1,1353,★☆☆☆☆,0.0,0.0,-1,-10.3,0.0,0.0,0.0,4.7,0.0,0.0,0.0,,,0.0,-10.2,0.5,0.0,8877,8970.0,0.2,0.4,575,52週高値目前
3382,セブン＆アイ・ホールディングス,小売業,4.7,4.7,1,1354,★☆☆☆☆,0.0,0.0,-1,-14.6,0.0,4.7,0.0,0.0,0.0,0.0,0.0,,,0.0,-16.3,1.7,-2.1,1932,2001.5,0.1,4.3,18332,出来高急増4.3倍
9301,三菱倉庫,倉庫・運輸関連業,4.7,4.7,1,1355,★☆☆☆☆,0.0,0.0,-1,-7.4,0.0,0.0,0.0,4.7,0.0,0.0,0.0,,,0.0,-12.4,1.7,-0.9,1469,1521.0,0.7,0.8,1870,-
5992,中央発條,金属製品,4.7,4.7,1,1356,★☆☆☆☆,0.0,0.0,-1,-7.0,0.0,0.0,0.0,4.7,0.0,0.0,0.0,,,0.0,-6.9,1.8,0.3,3589,3720.0,-0.3,0.6,164,-
4078,堺化学工業,化学,4.7,4.7,1,1357,★☆☆☆☆,0.0,2.0,-1,1.8,0.0,0.0,0.0,2.7,0.0,0.0,0.0,,,0.0,-4.2,3.5,-1.6,3641,3915.0,1.2,0.4,1101,-
4403,日油,化学,4.7,4.7,1,1358,★☆☆☆☆,0.0,0.0,-1,-10.5,0.0,0.0,0.0,4.7,0.0,0.0,0.0,,,0.0,-9.0,1.9,-0.3,2653,2755.5,-1.0,1.1,2333,-
5105,ＴＯＹＯ　ＴＩＲＥ,ゴム製品,4.5,4.5,1,1359,★☆☆☆☆,0.0,0.0,-1,-13.6,0.0,2.0,0.0,2.5,0.0,0.0,0.0,,,0.0,-19.6,2.9,-5.0,3518,3735.0,-2.0,1.2,6353,資金流入増
9412,スカパーＪＳＡＴ,情報・通信業,4.5,4.5,1,1360,★☆☆☆☆,0.0,2.0,-1,0.7,0.0,1.0,0.0,1.5,0.0,0.0,0.0,,,0.0,-0.3,3.5,-2.0,2038,2193.0,-1.4,1.0,6062,-
5214,日本電気硝子,ガラス・土石製品,4.5,4.5,1,1361,★☆☆☆☆,0.0,2.0,-1,0.4,0.0,1.0,0.0,1.5,0.0,0.0,0.0,,,0.0,-13.8,2.9,-3.8,4516,4796.0,0.0,0.7,3682,-
7256,河西工業,輸送用機器,4.5,4.5,1,1362,★☆☆☆☆,0.0,0.0,-1,-5.9,0.0,3.3,0.0,1.2,0.0,0.0,0.0,,,0.0,-4.6,7.5,-2.9,354,416.0,-3.7,0.2,211,買い出来高優勢
5232,住友大阪セメント,ガラス・土石製品,4.3,4.3,1,1363,★☆☆☆☆,0.0,0.0,-1,-0.3,0.0,3.3,0.0,1.0,0.0,0.0,0.0,,,0.0,-3.5,3.2,-0.6,5272,5627.0,1.7,0.5,1941,買い出来高優勢
3360,シップヘルスケアホールディングス,卸売業,4.3,4.3,1,1364,★☆☆☆☆,0.0,0.0,-1,-16.7,0.0,3.3,0.0,1.0,0.0,0.0,0.0,,,0.0,-15.8,2.2,-2.2,2263,2365.0,-0.2,2.6,658,出来高増2.6倍
4536,参天製薬,医薬品,4.3,4.3,1,1365,★☆☆☆☆,0.0,0.0,-1,-8.3,0.0,3.3,0.0,1.0,0.0,0.0,0.0,,,0.0,-11.9,2.7,-3.4,1748,1847.5,-1.7,2.6,2270,出来高増2.6倍
9601,松竹,情報・通信業,4.3,4.3,1,1366,★☆☆☆☆,0.0,0.0,-1,-20.3,0.0,4.3,0.0,0.0,0.0,0.0,0.0,,,0.0,-17.7,2.3,-3.7,10176,10660.0,-3.3,2.4,770,出来高増2.4倍
2780,コメ兵ホールディングス,小売業,4.2,4.2,1,1367,★☆☆☆☆,0.0,0.0,-1,-5.1,0.0,2.0,0.0,2.2,0.0,0.0,0.0,,,0.0,-6.7,4.6,-2.1,4608,5070.0,-1.4,0.7,738,資金流入増
4732,ユー・エス・エス,サービス業,4.2,4.2,1,1368,★☆☆☆☆,0.0,0.0,-1,-12.6,0.0,1.0,0.0,3.2,0.0,0.0,0.0,,,0.0,-11.5,1.4,-0.7,1922,1977.5,0.9,1.2,2038,-
4819,デジタルガレージ,情報・通信業,4.2,4.2,1,1369,★☆☆☆☆,0.0,0.0,-1,-16.4,0.0,0.0,0.0,4.2,0.0,0.0,0.0,,,0.0,-14.3,4.0,0.3,2128,2312.0,1.2,0.9,607,MA上昇配列
4617,中国塗料,化学,4.2,4.2,1,1370,★☆☆☆☆,0.0,0.0,-1,-3.8,0.0,0.0,0.0,4.2,0.0,0.0,0.0,,,0.0,-6.1,2.4,0.8,3482,3660.0,2.5,0.7,748,MA上昇配列
9880,イノテック,電気機器,4.2,4.2,1,1371,★☆☆☆☆,0.0,3.0,17,-1.3,0.0,0.0,0.0,1.2,0.0,0.0,0.0,,,0.0,5.4,4.9,-0.8,3156,3500.0,-2.6,0.9,689,-
2670,エービーシー・マート,小売業,4.2,4.2,1,1372,★☆☆☆☆,0.0,0.0,-1,-15.9,0.0,2.0,0.0,2.2,0.0,0.0,0.0,,,0.0,-9.1,1.6,-0.3,2642,2730.0,-0.8,1.6,1366,-
2585,ライフドリンク　カンパニー,食料品,4.2,4.2,1,1373,★☆☆☆☆,0.0,2.0,-1,-13.6,0.0,0.0,0.0,2.2,0.0,0.0,0.0,,,0.0,-2.2,6.2,1.7,1375,1570.0,-2.0,0.6,1176,-
7988,ニフコ,化学,4.2,4.2,1,1374,★☆☆☆☆,0.0,0.0,-1,-11.5,0.0,1.0,0.0,3.2,0.0,0.0,0.0,,,0.0,-12.5,1.7,-0.6,4889,5063.0,-0.1,1.0,1350,-
3445,ＲＳ　Ｔｅｃｈｎｏｌｏｇｉｅｓ,金属製品,4.0,4.0,1,1375,★☆☆☆☆,0.0,4.0,-1,10.0,0.0,0.0,0.0,0.0,0.0,0.0,0.0,,,0.0,-6.8,6.1,-9.3,4930,5620.0,2.2,0.6,1906,RS加速+10.0
6723,ルネサスエレクトロニクス,電気機器,4.0,4.0,1,1376,★☆☆☆☆,0.0,4.0,-1,17.2,0.0,0.0,0.0,0.0,0.0,0.0,0.0,,,0.0,-0.4,4.8,-5.4,3092,3417.0,-0.5,0.9,50340,RS加速+17.2
7915,ＮＩＳＳＨＡ,その他製品,4.0,4.0,1,1377,★☆☆☆☆,0.0,0.0,-1,-5.2,0.0,0.0,0.0,4.0,0.0,0.0,0.0,,,0.0,-9.5,2.5,-1.0,1231,1295.0,-0.3,0.6,345,-
5333,ＮＧＫ,ガラス・土石製品,4.0,4.0,1,1378,★☆☆☆☆,0.0,4.0,-1,4.9,0.0,0.0,0.0,0.0,0.0,0.0,0.0,,,0.0,-6.6,3.9,-6.3,4876,5285.0,-3.3,0.7,8718,RS加速+4.9
5384,フジミインコーポレーテッド,ガラス・土石製品,4.0,4.0,1,1379,★☆☆☆☆,0.0,4.0,-1,3.8,0.0,0.0,0.0,0.0,0.0,0.0,0.0,,,0.0,-9.3,4.2,-8.8,3213,3510.0,-3.8,0.7,1548,RS加速+3.8
3482,ロードスターキャピタル,不動産業,4.0,4.0,1,1380,★☆☆☆☆,0.0,0.0,-1,-5.5,0.0,0.0,0.0,4.0,0.0,0.0,0.0,,,0.0,-9.1,1.6,-0.5,2558,2644.0,0.0,0.6,301,-
255A,ジーエルテクノホールディングス,精密機器,4.0,4.0,1,1381,★☆☆☆☆,0.0,4.0,-1,6.7,0.0,0.0,0.0,0.0,0.0,0.0,0.0,,,0.0,-4.6,4.4,-4.4,4799,5260.0,3.3,0.7,468,RS加速+6.7
1835,東鉄工業,建設業,4.0,4.0,1,1382,★☆☆☆☆,0.0,0.0,-1,-8.5,0.0,0.0,0.0,4.0,0.0,0.0,0.0,,,0.0,-11.8,1.6,-1.4,3869,4000.0,1.3,0.7,331,-
4047,関東電化工業,化学,4.0,4.0,1,1383,★☆☆☆☆,0.0,4.0,-1,10.2,0.0,0.0,0.0,0.0,0.0,0.0,0.0,,,0.0,-10.1,5.5,-9.0,2103,2360.0,1.5,0.8,2171,RS加速+10.2
6254,野村マイクロ・サイエンス,機械,4.0,4.0,1,1384,★☆☆☆☆,0.0,4.0,-1,8.1,0.0,0.0,0.0,0.0,0.0,0.0,0.0,,,0.0,-6.8,5.4,-7.4,3182,3570.0,-1.8,0.4,3272,RS加速+8.1
6856,堀場製作所,電気機器,4.0,4.0,1,1385,★☆☆☆☆,0.0,4.0,-1,3.9,0.0,0.0,0.0,0.0,0.0,0.0,0.0,,,0.0,-9.5,3.8,-6.0,21592,23385.0,0.4,0.7,5830,RS加速+3.9
6101,ツガミ,機械,4.0,4.0,1,1386,★☆☆☆☆,0.0,4.0,-1,7.9,0.0,0.0,0.0,0.0,0.0,0.0,0.0,,,0.0,-13.1,5.5,-11.0,4664,5240.0,-3.1,0.6,2529,RS加速+7.9
4554,富士製薬工業,医薬品,4.0,4.0,1,1387,★☆☆☆☆,0.0,0.0,-1,-9.6,0.0,0.0,0.0,4.0,0.0,0.0,0.0,,,0.0,-10.8,2.3,-1.0,1745,1830.0,-0.9,0.7,222,-
6728,アルバック,電気機器,4.0,4.0,1,1388,★☆☆☆☆,0.0,4.0,-1,10.1,0.0,0.0,0.0,0.0,0.0,0.0,0.0,,,0.0,-13.2,5.1,-9.4,6818,7600.0,0.1,0.6,6485,RS加速+10.1
8111,ゴールドウイン,繊維製品,4.0,4.0,1,1389,★☆☆☆☆,0.0,0.0,-1,-8.5,0.0,0.0,0.0,4.0,0.0,0.0,0.0,,,0.0,-14.2,2.0,-0.9,2102,2190.0,2.4,0.7,1319,-
6736,サン電子,電気機器,4.0,4.0,1,1390,★☆☆☆☆,0.0,2.0,-1,1.4,0.0,2.0,0.0,0.0,0.0,0.0,0.0,,,0.0,-13.9,7.6,-5.7,7269,8580.0,13.5,0.5,547,資金流入増
2130,メンバーズ,サービス業,4.0,4.0,1,1391,★☆☆☆☆,0.0,0.0,-1,-9.4,0.0,0.0,0.0,4.0,0.0,0.0,0.0,,,0.0,-22.5,2.0,-2.6,895,933.0,-1.4,0.4,109,-
6806,ヒロセ電機,電気機器,4.0,4.0,1,1392,★☆☆☆☆,0.0,2.0,-1,0.9,0.0,1.0,0.0,1.0,0.0,0.0,0.0,,,0.0,-7.5,2.9,-2.6,24516,26000.0,1.3,0.5,5710,-
9708,帝国ホテル,サービス業,4.0,4.0,1,1393,★☆☆☆☆,0.0,0.0,-1,-11.3,0.0,0.0,0.0,4.0,0.0,0.0,0.0,,,0.0,-8.1,1.2,-0.1,969,992.0,-2.0,0.7,135,-
3433,トーカロ,金属製品,4.0,4.0,1,1394,★☆☆☆☆,0.0,4.0,-1,3.7,0.0,0.0,0.0,0.0,0.0,0.0,0.0,,,0.0,-4.1,2.5,-4.4,2617,2755.0,-0.4,0.8,846,RS加速+3.7
4425,Ｋｕｄａｎ,情報・通信業,4.0,4.0,1,1395,★☆☆☆☆,0.0,4.0,-1,15.1,0.0,0.0,0.0,0.0,0.0,0.0,0.0,,,0.0,-7.8,5.9,-3.5,1360,1543.0,10.6,1.0,326,RS加速+15.1
6407,ＣＫＤ,機械,4.0,4.0,1,1396,★☆☆☆☆,0.0,4.0,-1,13.4,0.0,0.0,0.0,0.0,0.0,0.0,0.0,,,0.0,-3.0,5.6,-7.2,4863,5480.0,-1.8,0.5,5284,RS加速+13.4
6278,ユニオンツール,機械,4.0,4.0,1,1397,★☆☆☆☆,0.0,4.0,-1,19.2,0.0,0.0,0.0,0.0,0.0,0.0,0.0,,,0.0,-2.1,6.6,-9.5,12486,14370.0,-0.6,0.7,5397,RS加速+19.2
3774,インターネットイニシアティブ,情報・通信業,4.0,4.0,1,1398,★☆☆☆☆,0.0,0.0,-1,-13.2,0.0,2.0,0.0,2.0,0.0,0.0,0.0,,,0.0,-13.2,2.8,-3.0,3175,3361.0,-0.6,1.6,2067,-
4549,栄研化学,医薬品,4.0,4.0,1,1399,★☆☆☆☆,0.0,0.0,-1,-10.1,0.0,0.0,0.0,4.0,0.0,0.0,0.0,,,0.0,-15.8,2.5,-0.8,2185,2298.0,-3.4,0.5,532,-
4368,扶桑化学工業,化学,4.0,4.0,1,1400,★☆☆☆☆,0.0,4.0,-1,5.4,0.0,0.0,0.0,0.0,0.0,0.0,0.0,,,0.0,-18.6,5.9,-14.2,2618,2971.0,-3.4,0.7,3521,RS加速+5.4
4886,あすか製薬ホールディングス,医薬品,4.0,4.0,1,1401,★☆☆☆☆,0.0,0.0,-1,-10.2,0.0,0.0,0.0,4.0,0.0,0.0,0.0,,,0.0,-11.5,2.6,-1.0,2008,2117.0,-2.4,0.5,228,-
9005,東急,陸運業,4.0,4.0,1,1402,★☆☆☆☆,0.0,0.0,-1,-13.8,0.0,0.0,0.0,2.5,0.0,1.5,0.0,,,0.0,-16.6,1.5,-2.7,1596,1646.5,-1.8,0.7,4229,開示[自己株式の取得](7日前)
3105,日清紡ホールディングス,電気機器,4.0,4.0,1,1403,★☆☆☆☆,0.0,2.0,-1,2.1,0.0,1.0,0.0,1.0,0.0,0.0,0.0,,,0.0,-3.8,4.1,-4.0,1981,2157.0,1.0,0.6,1894,-
6235,オプトラン,機械,4.0,4.0,1,1404,★☆☆☆☆,0.0,4.0,-1,9.8,0.0,0.0,0.0,0.0,0.0,0.0,0.0,,,0.0,-9.0,6.4,-10.8,2319,2659.0,-0.6,0.5,1450,RS加速+9.8
6479,ミネベアミツミ,電気機器,4.0,4.0,1,1405,★☆☆☆☆,0.0,4.0,-1,4.2,0.0,0.0,0.0,0.0,0.0,0.0,0.0,,,0.0,-10.5,3.1,-6.3,3188,3401.0,1.1,0.8,11292,RS加速+4.2
2337,いちご,不動産業,4.0,4.0,1,1406,★☆☆☆☆,0.0,0.0,-1,-9.6,0.0,0.0,0.0,4.0,0.0,0.0,0.0,,,0.0,-12.2,1.5,-0.8,395,407.0,-1.5,0.8,282,-
3104,富士紡ホールディングス,繊維製品,4.0,4.0,1,1407,★☆☆☆☆,0.0,4.0,-1,6.2,0.0,0.0,0.0,0.0,0.0,0.0,0.0,,,0.0,-8.5,3.7,-5.7,3149,3400.0,-1.4,0.8,565,RS加速+6.2
268A,リガク・ホールディングス,精密機器,4.0,4.0,1,1408,★☆☆☆☆,0.0,4.0,-1,5.9,0.0,0.0,0.0,0.0,0.0,0.0,0.0,,,0.0,-18.8,7.1,-14.0,1444,1684.0,-1.0,0.7,5543,RS加速+5.9
6544,ジャパンエレベーターサービスホールディングス,サービス業,4.0,4.0,1,1409,★☆☆☆☆,0.0,0.0,-1,-10.2,0.0,0.0,0.0,4.0,0.0,0.0,0.0,,,0.0,-15.4,2.8,-1.7,1475,1561.5,0.6,0.7,1296,-
7181,かんぽ生命保険,保険業,4.0,4.0,1,1410,★☆☆☆☆,0.0,0.0,-1,-7.4,0.0,2.0,0.0,2.0,0.0,0.0,0.0,,,0.0,-12.3,2.8,-1.5,1583,1678.0,1.6,1.0,4136,-
6125,岡本工作機械製作所,機械,4.0,4.0,1,1411,★☆☆☆☆,0.0,4.0,-1,5.0,0.0,0.0,0.0,0.0,0.0,0.0,0.0,,,0.0,-2.5,3.9,-4.4,4401,4770.0,-0.5,0.5,340,RS加速+5.0
6590,芝浦メカトロニクス,電気機器,4.0,4.0,1,1412,★☆☆☆☆,0.0,4.0,-1,18.8,0.0,0.0,0.0,0.0,0.0,0.0,0.0,,,0.0,-6.1,6.0,-7.9,3557,4045.0,0.4,0.5,8452,RS加速+18.8
1801,大成建設,建設業,3.7,3.7,1,1413,★☆☆☆☆,0.0,0.0,-1,-0.1,0.0,1.0,0.0,2.7,0.0,0.0,0.0,,,0.0,-10.1,2.6,-1.9,12018,12690.0,2.7,0.8,8441,-
9519,レノバ,電気・ガス業,3.7,3.7,1,1414,★☆☆☆☆,0.0,0.0,-1,-8.7,0.0,1.0,0.0,2.7,0.0,0.0,0.0,,,0.0,-9.8,4.9,-3.7,816,905.0,-5.7,1.3,774,-
8802,三菱地所,不動産業,3.7,3.7,1,1415,★☆☆☆☆,0.0,0.0,-1,-5.0,0.0,0.0,0.0,3.7,0.0,0.0,0.0,,,0.0,-13.6,2.1,0.8,3663,3827.0,3.8,0.8,16117,-
9401,ＴＢＳホールディングス,情報・通信業,3.7,3.7,1,1416,★☆☆☆☆,0.0,0.0,-1,-8.6,0.0,0.0,0.0,3.7,0.0,0.0,0.0,,,0.0,-12.1,2.1,-0.5,5667,5918.0,1.1,1.1,2074,-
8801,三井不動産,不動産業,3.7,3.7,1,1417,★☆☆☆☆,0.0,0.0,-1,-9.0,0.0,0.0,0.0,3.7,0.0,0.0,0.0,,,0.0,-11.7,1.9,2.0,1480,1540.0,2.8,0.9,14565,-
3099,三越伊勢丹ホールディングス,小売業,3.5,3.5,1,1418,★☆☆☆☆,0.0,0.0,-1,-4.4,0.0,1.0,0.0,2.5,0.0,0.0,0.0,,,0.0,-9.1,3.3,-1.1,3300,3535.0,1.8,1.0,10338,-
9064,ヤマトホールディングス,陸運業,3.5,3.5,1,1419,★☆☆☆☆,0.0,0.0,-1,-11.8,0.0,1.0,0.0,2.5,0.0,0.0,0.0,,,0.0,-16.2,2.0,-1.5,1871,1949.5,0.9,1.5,2828,-
4975,ＪＣＵ,化学,3.5,3.5,1,1420,★☆☆☆☆,0.0,2.0,-1,2.8,0.0,0.0,0.0,1.5,0.0,0.0,0.0,,,0.0,-11.8,3.6,-6.5,4979,5360.0,-1.7,0.9,709,-
2371,カカクコム,サービス業,3.5,3.5,1,1421,★☆☆☆☆,0.0,0.0,-1,-10.0,0.0,0.0,0.0,3.5,0.0,0.0,0.0,,,0.0,-7.6,0.7,-0.1,3637,3690.0,-0.3,0.8,1078,52週高値目前
4547,キッセイ薬品工業,医薬品,3.5,3.5,1,1422,★☆☆☆☆,0.0,0.0,-1,-7.5,0.0,1.0,0.0,2.5,0.0,0.0,0.0,,,0.0,-9.8,1.6,-0.1,3974,4105.0,0.2,0.6,298,-
3333,あさひ,小売業,3.5,3.5,1,1423,★☆☆☆☆,0.0,0.0,-1,-14.6,0.0,0.0,0.0,3.5,0.0,0.0,0.0,,,0.0,-9.8,1.6,-0.1,1286,1329.0,-2.1,0.6,153,-
5332,ＴＯＴＯ,ガラス・土石製品,3.5,3.5,1,1424,★☆☆☆☆,0.0,2.0,-1,2.5,0.0,0.0,0.0,1.5,0.0,0.0,0.0,,,0.0,-12.9,2.7,-3.7,6009,6345.0,-0.1,0.6,7347,-
1893,五洋建設,建設業,3.5,3.5,1,1425,★☆☆☆☆,0.0,2.0,-1,2.2,0.0,0.0,0.0,1.5,0.0,0.0,0.0,,,0.0,-7.9,3.0,-1.2,1365,1452.0,1.3,1.2,3252,-
3837,アドソル日進,情報・通信業,3.5,3.5,1,1426,★☆☆☆☆,0.0,0.0,-1,-16.2,0.0,1.0,0.0,2.5,0.0,0.0,0.0,,,0.0,-12.8,2.9,-2.2,1365,1448.0,-3.7,0.9,153,-
4275,カーリット,化学,3.5,3.5,1,1427,★☆☆☆☆,0.0,2.0,-1,1.9,0.0,0.0,0.0,1.5,0.0,0.0,0.0,,,0.0,-8.8,4.3,-2.4,1969,2152.0,2.4,0.7,504,-
4216,旭有機材,化学,3.5,3.5,1,1428,★☆☆☆☆,0.0,2.0,-1,0.1,0.0,0.0,0.0,1.5,0.0,0.0,0.0,,,0.0,-6.0,2.4,-1.8,5620,5900.0,-1.5,0.5,345,-
5011,ニチレキグループ,石油・石炭製品,3.5,3.5,1,1429,★☆☆☆☆,0.0,0.0,-1,-19.2,0.0,1.0,0.0,2.5,0.0,0.0,0.0,,,0.0,-8.2,2.6,-0.9,2136,2251.0,-5.4,0.9,147,-
3983,オロ,情報・通信業,3.3,3.3,1,1430,★☆☆☆☆,0.0,0.0,-1,-14.8,0.0,3.3,0.0,0.0,0.0,0.0,0.0,,,0.0,-12.8,2.6,-2.9,2011,2119.0,-2.8,2.4,105,出来高増2.4倍
6269,三井海洋開発,機械,3.3,3.3,1,1431,★☆☆☆☆,0.0,0.0,-1,-4.9,0.0,3.3,0.0,0.0,0.0,0.0,0.0,,,0.0,-10.2,5.0,-2.6,8849,9843.0,2.5,0.7,6952,買い出来高優勢
1928,積水ハウス,建設業,3.2,3.2,1,1432,★☆☆☆☆,0.0,0.0,-1,-13.1,0.0,0.0,0.0,3.2,0.0,0.0,0.0,,,0.0,-11.8,1.3,-0.8,3341,3428.0,-1.2,1.0,7806,-
1377,サカタのタネ,水産・農林業,3.2,3.2,1,1433,★☆☆☆☆,0.0,0.0,-1,-12.1,0.0,1.0,0.0,2.2,0.0,0.0,0.0,,,0.0,-8.6,1.3,-0.7,4265,4380.0,-3.2,0.7,428,-
9041,近鉄グループホールディングス,陸運業,3.2,3.2,1,1434,★☆☆☆☆,0.0,0.0,-1,-13.5,0.0,2.0,0.0,1.2,0.0,0.0,0.0,,,0.0,-8.9,1.8,-0.2,3393,3520.0,-0.8,0.9,2056,-
7917,ＺＡＣＲＯＳ,化学,3.2,3.2,1,1435,★☆☆☆☆,0.0,0.0,-1,-2.2,0.0,1.0,0.0,2.2,0.0,0.0,0.0,,,0.0,-11.2,2.0,-3.0,1228,1280.0,0.6,0.8,225,-
7745,Ａ＆Ｄホロンホールディングス,精密機器,3.2,3.2,1,1436,★☆☆☆☆,0.0,0.0,-1,-4.8,0.0,1.0,0.0,2.2,0.0,0.0,0.0,,,0.0,-7.6,2.7,-1.1,2734,2892.0,3.4,0.5,351,-
4613,関西ペイント,化学,3.2,3.2,1,1437,★☆☆☆☆,0.0,0.0,-1,-15.5,0.0,0.0,0.0,3.2,0.0,0.0,0.0,,,0.0,-6.9,1.9,-0.6,2753,2859.0,-2.0,0.4,2576,-
4743,アイティフォー,情報・通信業,3.2,3.2,1,1438,★☆☆☆☆,0.0,0.0,-1,-13.5,0.0,0.0,0.0,3.2,0.0,0.0,0.0,,,0.0,-12.3,2.2,-0.5,1611,1687.0,-0.2,1.0,155,-
7004,カナデビア,機械,3.0,3.0,1,1439,★☆☆☆☆,0.0,0.0,-1,-3.6,0.0,3.0,0.0,0.0,0.0,0.0,0.0,,,0.0,-6.4,2.9,-1.7,1117,1186.0,-0.3,1.7,1157,-
8591,オリックス,その他金融業,3.0,3.0,1,1440,★☆☆☆☆,0.0,0.0,-1,-1.9,0.0,1.0,0.0,2.0,0.0,0.0,0.0,,,0.0,-8.9,2.1,-1.9,5960,6218.0,1.7,1.5,20611,-
6932,遠藤照明,電気機器,3.0,3.0,1,1441,★☆☆☆☆,0.0,0.0,-1,-7.9,0.0,2.0,0.0,1.0,0.0,0.0,0.0,,,0.0,-7.5,2.4,-0.2,2479,2605.0,1.9,0.6,113,-
6209,リケンＮＰＲ,機械,3.0,3.0,1,1442,★☆☆☆☆,0.0,0.0,-1,-8.4,0.0,1.0,0.0,2.0,0.0,0.0,0.0,,,0.0,-8.7,2.3,-1.0,3780,3965.0,0.4,0.5,490,-
6866,日置電機,電気機器,3.0,3.0,1,1443,★☆☆☆☆,0.0,2.0,-1,2.6,0.0,1.0,0.0,0.0,0.0,0.0,0.0,,,0.0,-3.9,4.1,-6.2,9837,10720.0,-0.5,0.5,584,-
6370,栗田工業,機械,3.0,3.0,1,1444,★☆☆☆☆,0.0,2.0,-1,2.3,0.0,0.0,0.0,1.0,0.0,0.0,0.0,,,0.0,-8.3,3.3,-4.2,7560,8100.0,0.9,0.6,5346,-
6841,横河電機,電気機器,3.0,3.0,1,1445,★☆☆☆☆,0.0,0.0,-1,-3.3,0.0,2.0,0.0,1.0,0.0,0.0,0.0,,,0.0,-16.0,3.1,-5.9,4799,5120.0,2.4,0.7,6903,-
8508,Ｊトラスト,その他金融業,3.0,3.0,1,1446,★☆☆☆☆,0.0,0.0,-1,-14.9,0.0,3.0,0.0,0.0,0.0,0.0,0.0,,,0.0,-10.4,6.9,-9.9,648,753.0,-13.2,1.3,1775,資金流入増
5444,大和工業,鉄鋼,3.0,3.0,1,1447,★☆☆☆☆,0.0,0.0,-1,-7.4,0.0,2.0,0.0,1.0,0.0,0.0,0.0,,,0.0,-16.2,2.8,-5.9,11541,12225.0,3.6,1.9,2290,-
1786,オリエンタル白石,建設業,3.0,3.0,1,1448,★☆☆☆☆,0.0,0.0,-1,-9.0,0.0,2.0,0.0,1.0,0.0,0.0,0.0,,,0.0,-10.0,2.6,-0.3,343,361.0,0.6,0.7,260,-
6677,エスケーエレクトロニクス,電気機器,3.0,3.0,1,1449,★☆☆☆☆,0.0,0.0,-1,-1.4,0.0,2.0,0.0,1.0,0.0,0.0,0.0,,,0.0,-8.4,3.3,-4.4,3044,3260.0,2.7,0.5,368,資金流入増
7936,アシックス,その他製品,3.0,3.0,1,1450,★☆☆☆☆,0.0,0.0,-1,-9.2,0.0,2.0,0.0,1.0,0.0,0.0,0.0,,,0.0,-12.1,5.5,-4.8,4094,4601.0,-1.9,1.3,28109,-
6459,だいわ,機械,3.0,3.0,1,1451,★☆☆☆☆,0.0,0.0,-1,-11.0,0.0,2.0,0.0,1.0,0.0,0.0,0.0,,,0.0,-10.1,3.9,-3.3,1532,1663.0,-1.5,1.0,201,-
6745,ホーチキ,電気機器,3.0,3.0,1,1452,★☆☆☆☆,0.0,0.0,-1,-6.5,0.0,2.0,0.0,1.0,0.0,0.0,0.0,,,0.0,-0.7,3.6,-0.3,1848,1989.0,-1.3,0.7,358,-
5423,東京製鐵,鉄鋼,3.0,3.0,1,1453,★☆☆☆☆,0.0,0.0,-1,-9.1,0.0,2.0,0.0,1.0,0.0,0.0,0.0,,,0.0,-9.7,1.9,-0.6,1652,1719.0,1.5,1.7,531,-
6744,能美防災,電気機器,3.0,3.0,1,1454,★☆☆☆☆,0.0,0.0,-1,-12.4,0.0,2.0,0.0,1.0,0.0,0.0,0.0,,,0.0,-9.0,2.3,-2.6,4106,4305.0,-1.7,1.4,428,-
2395,新日本科学,サービス業,3.0,3.0,1,1455,★☆☆☆☆,0.0,0.0,-1,-11.4,0.0,3.0,0.0,0.0,0.0,0.0,0.0,,,0.0,-0.1,3.1,-0.4,1299,1385.0,-2.3,0.5,378,-
6498,キッツ,機械,3.0,3.0,1,1456,★☆☆☆☆,0.0,2.0,-1,3.0,0.0,1.0,0.0,0.0,0.0,0.0,0.0,,,0.0,-13.2,3.4,-8.3,1787,1918.0,-0.5,0.8,905,-
4088,エア・ウォーター,化学,3.0,3.0,1,1457,★☆☆☆☆,0.0,0.0,-1,-7.4,0.0,2.0,0.0,1.0,0.0,0.0,0.0,,,0.0,-9.3,2.1,-1.6,2401,2505.0,0.3,0.6,2233,-
6817,スミダコーポレーション,電気機器,2.7,2.7,1,1458,★☆☆☆☆,0.0,0.0,-1,-4.5,0.0,0.0,0.0,2.7,0.0,0.0,0.0,,,0.0,-12.0,2.5,-2.4,1148,1208.0,-2.6,0.5,342,-
1802,大林組,建設業,2.7,2.7,1,1459,★☆☆☆☆,0.0,0.0,-1,-5.2,0.0,0.0,0.0,2.7,0.0,0.0,0.0,,,0.0,-14.7,1.9,-3.0,2876,2990.5,1.7,0.9,8005,-
7259,アイシン,輸送用機器,2.7,2.7,1,1460,★☆☆☆☆,0.0,0.0,-1,-16.8,0.0,0.0,0.0,2.7,0.0,0.0,0.0,,,0.0,-18.7,1.9,-1.8,2147,2233.0,-1.6,1.0,5424,-
5201,ＡＧＣ,ガラス・土石製品,2.7,2.7,1,1461,★☆☆☆☆,0.0,0.0,-1,-3.9,0.0,0.0,0.0,2.7,0.0,0.0,0.0,,,0.0,-11.5,2.1,-2.7,5483,5729.0,-1.3,0.5,9093,-
6013,タクマ,機械,2.7,2.7,1,1462,★☆☆☆☆,0.0,0.0,-1,-7.3,0.0,0.0,0.0,1.0,0.0,1.7,0.0,,,0.0,-15.3,2.0,-6.0,2930,3055.0,-1.6,0.5,649,開示[自己株式の取得](6日前)
1963,日揮ホールディングス,建設業,2.7,2.7,1,1463,★☆☆☆☆,0.0,0.0,-1,-2.2,0.0,0.0,0.0,2.7,0.0,0.0,0.0,,,0.0,-5.2,3.0,-0.4,2139,2276.0,1.9,0.7,3064,-
8012,長瀬産業,卸売業,2.7,2.7,1,1464,★☆☆☆☆,0.0,0.0,-1,-6.6,0.0,0.0,0.0,1.0,0.0,1.7,0.0,,,0.0,-4.8,2.3,-3.8,1100,1153.5,-5.6,0.8,1375,開示[自己株式の取得](6日前)
1959,クラフティア,建設業,2.7,2.7,1,1465,★☆☆☆☆,0.0,0.0,-1,-1.2,0.0,0.0,0.0,2.7,0.0,0.0,0.0,,,0.0,-7.3,2.1,-2.1,7838,8178.0,-0.0,0.7,1864,-
9989,サンドラッグ,小売業,2.7,2.7,1,1466,★☆☆☆☆,0.0,0.0,-1,-10.7,0.0,0.0,0.0,2.7,0.0,0.0,0.0,,,0.0,-11.8,1.6,-0.2,3622,3740.0,0.8,1.1,2002,-
9024,西武ホールディングス,陸運業,2.7,2.7,1,1467,★☆☆☆☆,0.0,0.0,-1,-11.0,0.0,0.0,0.0,2.7,0.0,0.0,0.0,,,0.0,-13.8,3.1,-1.0,3179,3386.0,-0.7,0.7,5811,-
7130,ヤマエグループホールディングス,卸売業,2.7,2.7,1,1468,★☆☆☆☆,0.0,0.0,-1,-8.9,0.0,0.0,0.0,2.7,0.0,0.0,0.0,,,0.0,-8.5,1.9,-0.7,2762,2870.0,-2.3,0.5,251,-
6191,エアトリ,サービス業,2.6,2.6,1,1469,★☆☆☆☆,0.0,0.0,-1,-13.8,0.0,0.0,0.0,0.0,0.0,2.6,0.0,,,0.0,-16.6,3.6,-5.2,769,828.0,-0.8,0.6,114,開示[自己株式の取得](3日前) / 開示[自己株式の取得](13日前)
4424,Ａｍａｚｉａ,情報・通信業,2.6,2.5999999999999996,1,1470,★☆☆☆☆,0.0,0.0,-1,-25.4,0.0,0.0,0.0,1.2,0.0,1.4,0.0,,,0.0,-22.0,10.0,-5.7,269,337.0,0.0,0.3,238,開示[業績予想の修正](6日前)
9551,メタウォーター,電気・ガス業,2.5,2.5,1,1471,★☆☆☆☆,0.0,0.0,-1,-1.8,0.0,1.0,0.0,1.5,0.0,0.0,0.0,,,0.0,-4.9,2.3,-0.9,2984,3130.0,0.6,0.5,368,-
3196,ホットランドホールディングス,小売業,2.5,2.5,1,1472,★☆☆☆☆,0.0,0.0,-1,-15.6,0.0,0.0,0.0,2.5,0.0,0.0,0.0,,,0.0,-10.1,1.6,-0.4,1576,1628.0,-3.1,0.7,179,-
1861,熊谷組,建設業,2.5,2.5,1,1473,★☆☆☆☆,0.0,0.0,-1,-4.4,0.0,1.0,0.0,1.5,0.0,0.0,0.0,,,0.0,-16.3,2.5,-4.1,1232,1297.0,0.8,0.7,1604,-
7972,イトーキ,その他製品,2.5,2.5,1,1474,★☆☆☆☆,0.0,0.0,-1,-7.1,0.0,0.0,0.0,2.5,0.0,0.0,0.0,,,0.0,-16.4,2.4,-2.9,2512,2639.0,2.9,0.7,586,-
2579,コカ・コーラ　ボトラーズジャパンホールディングス,食料品,2.5,2.5,1,1475,★☆☆☆☆,0.0,0.0,-1,-11.9,0.0,0.0,0.0,2.5,0.0,0.0,0.0,,,0.0,-20.0,2.6,-1.8,3719,3922.0,1.5,0.6,3966,-
4751,サイバーエージェント,サービス業,2.5,2.5,1,1476,★☆☆☆☆,0.0,0.0,-1,-14.0,0.0,1.0,0.0,1.5,0.0,0.0,0.0,,,0.0,-20.4,3.6,-3.1,1238,1335.5,2.3,1.0,9924,-
2501,サッポロビール,食料品,2.2,2.2,1,1477,★☆☆☆☆,0.0,0.0,-1,-13.1,0.0,0.0,0.0,2.2,0.0,0.0,0.0,,,0.0,-14.5,3.0,-2.3,1816,1932.0,0.8,0.7,2678,-
7226,極東開発工業,輸送用機器,2.2,2.2,1,1478,★☆☆☆☆,0.0,0.0,-1,-8.5,0.0,1.0,0.0,1.2,0.0,0.0,0.0,,,0.0,-8.3,1.2,-0.0,2282,2337.0,-0.4,1.3,453,-
6929,日本セラミック,電気機器,2.2,2.2,1,1479,★☆☆☆☆,0.0,0.0,-1,-8.5,0.0,0.0,0.0,2.2,0.0,0.0,0.0,,,0.0,-7.3,1.7,-0.4,3602,3730.0,0.3,0.5,447,-
2726,パルグループホールディングス,小売業,2.2,2.2,1,1480,★☆☆☆☆,0.0,0.0,-1,-22.1,0.0,1.0,0.0,1.2,0.0,0.0,0.0,,,0.0,-10.4,2.4,-0.6,1417,1488.0,-2.4,0.8,958,-
4666,パーク２４,不動産業,2.2,2.2,1,1481,★☆☆☆☆,0.0,0.0,-1,-13.8,0.0,0.0,0.0,2.2,0.0,0.0,0.0,,,0.0,-9.3,1.7,-0.6,1917,1984.0,-2.6,1.2,1433,-
7283,愛三工業,輸送用機器,2.2,2.2,1,1482,★☆☆☆☆,0.0,0.0,-1,-14.4,0.0,0.0,0.0,2.2,0.0,0.0,0.0,,,0.0,-13.3,2.1,-1.1,2177,2273.0,-1.4,0.4,337,-
3191,ジョイフル本田,小売業,2.2,2.2,1,1483,★☆☆☆☆,0.0,0.0,-1,-19.2,0.0,0.0,0.0,2.2,0.0,0.0,0.0,,,0.0,-17.0,1.9,-2.1,2183,2268.0,-1.7,0.6,514,-
3150,グリムス,電気・ガス業,2.2,2.2,1,1484,★☆☆☆☆,0.0,0.0,-1,-10.0,0.0,0.0,0.0,2.2,0.0,0.0,0.0,,,0.0,-11.6,1.7,-1.7,2404,2488.0,-1.6,0.9,129,-
2875,東洋水産,食料品,2.2,2.2,1,1485,★☆☆☆☆,0.0,0.0,-1,-15.0,0.0,0.0,0.0,2.2,0.0,0.0,0.0,,,0.0,-14.2,1.9,-0.5,10175,10575.0,-0.8,0.7,4663,-
3936,グローバルウェイ,情報・通信業,2.2,2.2,1,1486,★☆☆☆☆,0.0,0.0,-1,-7.8,0.0,1.0,0.0,1.2,0.0,0.0,0.0,,,0.0,-4.0,7.0,-3.2,132,153.0,-5.0,0.5,132,-
6914,オプテックスグループ,電気機器,2.0,2.0,1,1487,★☆☆☆☆,0.0,2.0,-1,1.8,0.0,0.0,0.0,0.0,0.0,0.0,0.0,,,0.0,-8.9,3.8,-6.9,2954,3195.0,-0.9,0.9,558,-
6877,ＯＢＡＲＡ　ＧＲＯＵＰ,電気機器,2.0,2.0,1,1488,★☆☆☆☆,0.0,0.0,-1,-5.7,0.0,1.0,0.0,1.0,0.0,0.0,0.0,,,0.0,-5.9,2.5,-2.4,5387,5670.0,-1.0,0.4,249,-
7606,ユナイテッドアローズ,小売業,2.0,2.0,1,1489,★☆☆☆☆,0.0,0.0,-1,-14.7,0.0,1.0,0.0,1.0,0.0,0.0,0.0,,,0.0,-7.8,2.3,-1.4,2360,2473.0,-3.4,0.8,553,-
6804,ホシデン,電気機器,2.0,2.0,1,1490,★☆☆☆☆,0.0,0.0,-1,-11.9,0.0,1.0,0.0,1.0,0.0,0.0,0.0,,,0.0,-12.1,2.9,-3.6,2571,2731.0,-0.7,0.7,704,-
8593,三菱ＨＣキャピタル,その他金融業,2.0,2.0,1,1491,★☆☆☆☆,0.0,0.0,-1,-10.8,0.0,0.0,0.0,2.0,0.0,0.0,0.0,,,0.0,-13.2,1.6,-1.3,1357,1402.5,0.5,0.7,6111,-
6844,新電元工業,電気機器,2.0,2.0,1,1492,★☆☆☆☆,0.0,2.0,-1,2.5,0.0,0.0,0.0,0.0,0.0,0.0,0.0,,,0.0,-10.5,3.7,-6.5,2860,3090.0,0.3,0.8,404,-
8424,芙蓉総合リース,その他金融業,2.0,2.0,1,1493,★☆☆☆☆,0.0,0.0,-1,-9.3,0.0,0.0,0.0,2.0,0.0,0.0,0.0,,,0.0,-9.5,1.3,-0.4,4304,4421.0,0.8,1.0,789,-
6273,ＳＭＣ,機械,2.0,2.0,1,1494,★☆☆☆☆,0.0,2.0,-1,0.9,0.0,0.0,0.0,0.0,0.0,0.0,0.0,,,0.0,-1.1,4.0,-3.0,64729,70300.0,-1.1,0.6,23474,-
6383,ダイフク,機械,2.0,2.0,1,1495,★☆☆☆☆,0.0,2.0,-1,0.1,0.0,0.0,0.0,0.0,0.0,0.0,0.0,,,0.0,-6.0,2.8,-4.6,5419,5745.0,-2.6,0.9,12711,-
6103,オークマ,機械,2.0,2.0,1,1496,★☆☆☆☆,0.0,0.0,-1,-8.2,0.0,1.0,0.0,1.0,0.0,0.0,0.0,,,0.0,-7.6,3.5,-5.8,4466,4805.0,-2.6,0.6,2527,-
9202,ＡＮＡホールディングス,空運業,2.0,2.0,1,1497,★☆☆☆☆,0.0,0.0,-1,-12.2,0.0,0.0,0.0,2.0,0.0,0.0,0.0,,,0.0,-10.0,1.5,-0.7,2978,3068.0,0.9,0.8,6165,-
6141,ＤＭＧ森精機,機械,2.0,2.0,1,1498,★☆☆☆☆,0.0,0.0,-1,-4.6,0.0,2.0,0.0,0.0,0.0,0.0,0.0,,,0.0,-20.3,3.9,-10.5,2805,3045.0,1.6,1.2,7386,-
8771,イー・ギャランティ,その他金融業,2.0,2.0,1,1499,★☆☆☆☆,0.0,0.0,-1,-11.5,0.0,2.0,0.0,0.0,0.0,0.0,0.0,,,0.0,-11.4,1.9,-2.1,1735,1802.0,-2.0,1.5,225,-
2810,ハウス食品グループ本社,食料品,2.0,2.0,1,1500,★☆☆☆☆,0.0,0.0,-1,-12.6,0.0,0.0,0.0,2.0,0.0,0.0,0.0,,,0.0,-14.2,1.3,-1.7,3644,3739.0,-0.7,0.7,915,-
9065,山九,陸運業,2.0,2.0,1,1501,★☆☆☆☆,0.0,0.0,-1,-9.2,0.0,1.0,0.0,1.0,0.0,0.0,0.0,,,0.0,-18.0,1.8,-3.9,8075,8385.0,0.6,0.6,2107,-
4704,トレンドマイクロ,情報・通信業,2.0,2.0,1,1502,★☆☆☆☆,0.0,0.0,-1,-7.0,0.0,2.0,0.0,0.0,0.0,0.0,0.0,,,0.0,-17.6,4.5,-2.2,5506,6050.0,10.6,1.1,6315,-
7943,ニチハ,ガラス・土石製品,2.0,2.0,1,1503,★☆☆☆☆,0.0,0.0,-1,-11.4,0.0,1.0,0.0,1.0,0.0,0.0,0.0,,,0.0,-8.9,1.9,-1.3,2966,3085.0,-0.2,0.6,201,-
6652,ＩＤＥＣ,電気機器,2.0,2.0,1,1504,★☆☆☆☆,0.0,0.0,-1,-13.8,0.0,1.0,0.0,1.0,0.0,0.0,0.0,,,0.0,-1.8,2.8,-2.2,3301,3500.0,-4.1,0.4,536,-
547A,ムニノバホールディングス,その他金融業,2.0,2.0,1,1505,★☆☆☆☆,0.0,0.0,-1,-6.2,0.0,2.0,0.0,0.0,0.0,0.0,0.0,,,0.0,-6.7,2.2,-0.4,430,450.0,-0.4,1.0,843,-
6113,アマダ,機械,2.0,2.0,1,1506,★☆☆☆☆,0.0,2.0,-1,1.0,0.0,0.0,0.0,0.0,0.0,0.0,0.0,,,0.0,-9.0,3.6,-5.2,2393,2578.0,-0.9,0.7,6179,-
7944,ローランド,その他製品,2.0,2.0,1,1507,★☆☆☆☆,0.0,0.0,-1,-13.4,0.0,1.0,0.0,1.0,0.0,0.0,0.0,,,0.0,-17.2,3.2,-8.0,3536,3775.0,-2.3,1.4,590,-
4755,楽天グループ,サービス業,2.0,2.0,1,1508,★☆☆☆☆,0.0,0.0,-1,-11.3,0.0,2.0,0.0,0.0,0.0,0.0,0.0,,,0.0,-12.8,3.7,-1.4,733,792.0,1.4,0.8,15427,-
7224,新明和工業,輸送用機器,2.0,2.0,1,1509,★☆☆☆☆,0.0,0.0,-1,-5.8,0.0,2.0,0.0,0.0,0.0,0.0,0.0,,,0.0,-6.6,1.5,-0.6,1922,1979.0,0.5,0.6,321,-
3300,アンビション　ＤＸ　ホールディングス,不動産業,2.0,2.0,1,1510,★☆☆☆☆,0.0,0.0,-1,-8.7,0.0,2.0,0.0,0.0,0.0,0.0,0.0,,,0.0,-16.4,2.8,-6.9,1812,1921.0,-0.7,1.1,168,資金流入増
5101,横浜ゴム,ゴム製品,2.0,2.0,1,1511,★☆☆☆☆,0.0,0.0,-1,-9.4,0.0,1.0,0.0,1.0,0.0,0.0,0.0,,,0.0,-12.4,4.6,-3.4,6626,7301.0,-2.6,0.7,9260,-
6971,京セラ,電気機器,2.0,2.0,1,1512,★☆☆☆☆,0.0,0.0,-1,-3.0,0.0,0.0,0.0,2.0,0.0,0.0,0.0,,,0.0,-5.2,2.8,-2.3,3422,3625.0,0.5,0.8,17889,-
6237,イワキポンプ,機械,2.0,2.0,1,1513,★☆☆☆☆,0.0,0.0,-1,-11.2,0.0,2.0,0.0,0.0,0.0,0.0,0.0,,,0.0,-23.8,7.2,-15.5,3466,4045.0,-8.1,0.5,1023,資金流入増
8750,第一ライフグループ,保険業,2.0,2.0,1,1514,★☆☆☆☆,0.0,0.0,-1,-4.7,0.0,0.0,0.0,2.0,0.0,0.0,0.0,,,0.0,-10.2,2.3,-1.2,1760,1843.0,3.0,1.0,15294,-
5981,東京製綱,金属製品,2.0,2.0,1,1515,★☆☆☆☆,0.0,0.0,-1,-4.2,0.0,0.0,0.0,2.0,0.0,0.0,0.0,,,0.0,-5.5,3.4,-1.2,1818,1950.0,0.8,0.4,230,-
8630,ＳＯＭＰＯホールディングス,保険業,2.0,2.0,1,1516,★☆☆☆☆,0.0,0.0,-1,-10.2,0.0,0.0,0.0,2.0,0.0,0.0,0.0,,,0.0,-12.3,2.1,-1.1,6567,6861.0,1.5,0.8,15961,-
7741,ＨＯＹＡ,精密機器,2.0,2.0,1,1517,★☆☆☆☆,0.0,0.0,-1,-5.8,0.0,1.0,0.0,1.0,0.0,0.0,0.0,,,0.0,-5.0,2.5,-3.3,23202,24405.0,-2.0,1.4,25068,-
6368,オルガノ,機械,2.0,2.0,1,1518,★☆☆☆☆,0.0,2.0,-1,2.7,0.0,0.0,0.0,0.0,0.0,0.0,0.0,,,0.0,-9.5,4.1,-6.2,12117,13190.0,-2.8,0.5,4262,-
2871,ニチレイ,食料品,2.0,2.0,1,1519,★☆☆☆☆,0.0,0.0,-1,-17.8,0.0,0.0,0.0,2.0,0.0,0.0,0.0,,,0.0,-14.3,2.7,-1.7,2033,2149.5,-1.7,0.5,3009,-
6361,荏原製作所,機械,2.0,2.0,1,1520,★☆☆☆☆,0.0,2.0,-1,1.2,0.0,0.0,0.0,0.0,0.0,0.0,0.0,,,0.0,-12.7,5.2,-12.5,4199,4688.0,-4.7,1.1,19235,-
3591,ワコールホールディングス,繊維製品,1.5,1.5,1,1521,★☆☆☆☆,0.0,0.0,-1,-8.5,0.0,0.0,0.0,1.5,0.0,0.0,0.0,,,0.0,-11.5,2.2,-1.0,4113,4304.0,1.2,0.8,470,-
1812,鹿島建設,建設業,1.5,1.5,1,1522,★☆☆☆☆,0.0,0.0,-1,-2.1,0.0,0.0,0.0,1.5,0.0,0.0,0.0,,,0.0,-17.5,2.4,-4.7,4603,4834.0,1.8,0.7,11694,-
8830,住友不動産,不動産業,1.5,1.5,1,1523,★☆☆☆☆,0.0,0.0,-1,-6.6,0.0,0.0,0.0,1.5,0.0,0.0,0.0,,,0.0,-15.6,2.0,-2.5,3260,3396.0,1.7,0.7,9592,-
5929,三和ホールディングス,金属製品,1.5,1.5,1,1524,★☆☆☆☆,0.0,0.0,-1,-12.5,0.0,0.0,0.0,1.5,0.0,0.0,0.0,,,0.0,-16.4,2.0,-2.1,3442,3586.0,-0.9,0.7,2432,-
6367,ダイキン工業,機械,1.5,1.5,1,1525,★☆☆☆☆,0.0,0.0,-1,-5.4,0.0,0.0,0.0,1.5,0.0,0.0,0.0,,,0.0,-18.9,1.8,-5.3,20131,20895.0,0.9,0.6,32754,開示[自己株式取得](14日前)
5938,ＬＩＸＩＬ,金属製品,1.5,1.5,1,1526,★☆☆☆☆,0.0,0.0,-1,-9.8,0.0,0.0,0.0,1.5,0.0,0.0,0.0,,,0.0,-14.1,1.2,-1.5,1716,1758.5,0.1,0.7,3983,-
9068,丸全昭和運輸,陸運業,1.5,1.5,1,1527,★☆☆☆☆,0.0,0.0,-1,-9.0,0.0,0.0,0.0,1.5,0.0,0.0,0.0,,,0.0,-11.9,2.1,-0.8,7141,7450.0,1.5,1.0,206,-
4887,サワイグループホールディングス,医薬品,1.5,1.5,1,1528,★☆☆☆☆,0.0,0.0,-1,-11.1,0.0,0.0,0.0,1.5,0.0,0.0,0.0,,,0.0,-12.3,2.3,-1.2,1538,1613.5,-1.1,0.8,891,-
7238,曙ブレーキ工業,輸送用機器,1.2,1.2,1,1529,★☆☆☆☆,0.0,0.0,-1,-6.1,0.0,0.0,0.0,1.2,0.0,0.0,0.0,,,0.0,-7.3,2.5,-0.8,103,108.0,0.9,1.0,250,-
6902,デンソー,輸送用機器,1.2,1.2,1,1530,★☆☆☆☆,0.0,0.0,-1,-18.5,0.0,0.0,0.0,1.2,0.0,0.0,0.0,,,0.0,-20.2,1.8,-2.4,1848,1915.5,-1.7,0.9,15481,-
262A,インターメスティック,小売業,1.2,1.2,1,1531,★☆☆☆☆,0.0,0.0,-1,-15.8,0.0,0.0,0.0,1.2,0.0,0.0,0.0,,,0.0,-12.6,3.7,-4.4,1680,1815.0,-1.9,0.6,473,-
6378,木村化工機,機械,1.2,1.2,1,1532,★☆☆☆☆,0.0,0.0,-1,-4.3,0.0,0.0,0.0,1.2,0.0,0.0,0.0,,,0.0,-3.5,3.0,-0.9,1154,1227.0,0.8,0.8,150,-
3984,ユーザーローカル,情報・通信業,1.2,1.2,1,1533,★☆☆☆☆,0.0,0.0,-1,-12.6,0.0,0.0,0.0,1.2,0.0,0.0,0.0,,,0.0,-20.4,3.3,-5.2,1464,1566.0,-0.7,0.6,222,-
7532,パン・パシフィック・インターナショナルホールディングス,小売業,1.2,1.2,1,1534,★☆☆☆☆,0.0,0.0,-1,-17.5,0.0,1.0,0.0,0.0,0.0,0.2,0.0,,,0.0,-21.3,3.2,-8.1,758,809.5,-1.1,1.5,11045,開示[増配](13日前)
2980,ＳＲＥホールディングス,不動産業,1.2,1.2,1,1535,★☆☆☆☆,0.0,0.0,-1,-7.5,0.0,0.0,0.0,1.2,0.0,0.0,0.0,,,0.0,-12.9,3.5,-1.7,2324,2500.0,4.0,0.9,901,-
3299,ムゲンエステート,不動産業,1.2,1.2,1,1536,★☆☆☆☆,0.0,0.0,-1,-9.6,0.0,0.0,0.0,1.2,0.0,0.0,0.0,,,0.0,-19.9,1.9,-5.0,1656,1722.0,-2.0,0.6,324,-
3193,エターナルホスピタリティグループ,小売業,1.2,1.2,1,1537,★☆☆☆☆,0.0,0.0,-1,-9.2,0.0,0.0,0.0,1.2,0.0,0.0,0.0,,,0.0,-5.3,2.3,-0.7,1368,1435.0,-2.9,0.6,196,-
5532,リアルゲイト,不動産業,1.2,1.2,1,1538,★☆☆☆☆,0.0,0.0,-1,-2.9,0.0,0.0,0.0,1.2,0.0,0.0,0.0,,,0.0,-6.1,3.5,-1.0,3127,3365.0,-0.7,0.7,120,-
7419,ノジマ,小売業,1.0,1.0,1,1539,★☆☆☆☆,0.0,0.0,-1,-7.2,0.0,1.0,0.0,0.0,0.0,0.0,0.0,,,0.0,-15.2,1.6,-3.9,1231,1273.0,-0.5,1.3,1011,-
2267,ヤクルト本社,食料品,1.0,1.0,1,1540,★☆☆☆☆,0.0,0.0,-1,-18.8,0.0,1.0,0.0,0.0,0.0,0.0,0.0,,,0.0,-10.6,2.1,-1.6,2694,2809.5,-5.5,0.8,4056,-
2264,森永乳業,食料品,1.0,1.0,1,1541,★☆☆☆☆,0.0,0.0,-1,-11.3,0.0,0.0,0.0,1.0,0.0,0.0,0.0,,,0.0,-16.2,2.7,-4.5,1088,1149.5,-2.3,1.0,2065,-
6651,日東工業,電気機器,1.0,1.0,1,1542,★☆☆☆☆,0.0,0.0,-1,-4.8,0.0,0.0,0.0,1.0,0.0,0.0,0.0,,,0.0,-3.7,2.0,-0.4,4229,4405.0,0.2,0.6,321,-
4204,積水化学工業,化学,1.0,1.0,1,1543,★☆☆☆☆,0.0,0.0,-1,-10.7,0.0,0.0,0.0,1.0,0.0,0.0,0.0,,,0.0,-10.8,1.4,-0.8,2565,2640.5,-0.1,0.9,3963,-
6310,井関農機,機械,1.0,1.0,1,1544,★☆☆☆☆,0.0,0.0,-1,-5.3,0.0,1.0,0.0,0.0,0.0,0.0,0.0,,,0.0,-8.2,3.2,-1.1,1702,1817.0,-0.8,0.6,325,-
3179,シュッピン,小売業,1.0,1.0,1,1545,★☆☆☆☆,0.0,0.0,-1,-19.7,0.0,0.0,0.0,1.0,0.0,0.0,0.0,,,0.0,-16.5,3.3,-4.5,1141,1221.0,-3.9,0.8,157,-
3391,ツルハホールディングス,小売業,1.0,1.0,1,1546,★☆☆☆☆,0.0,0.0,-1,-17.0,0.0,1.0,0.0,0.0,0.0,0.0,0.0,,,0.0,-14.7,2.1,-2.1,2246,2343.5,-1.5,1.2,2693,-
2674,ハードオフコーポレーション,小売業,1.0,1.0,1,1547,★☆☆☆☆,0.0,0.0,-1,-16.8,0.0,0.0,0.0,1.0,0.0,0.0,0.0,,,0.0,-19.1,2.8,-5.0,2523,2675.0,-1.8,0.8,227,-
9983,ファーストリテイリング,小売業,1.0,1.0,1,1548,★☆☆☆☆,0.0,0.0,-1,-12.1,0.0,0.0,0.0,1.0,0.0,0.0,0.0,,,0.0,-16.2,2.3,-6.4,67994,71260.0,-2.6,0.9,72845,-
5463,丸一鋼管,鉄鋼,1.0,1.0,1,1549,★☆☆☆☆,0.0,0.0,-1,-5.2,0.0,0.0,0.0,1.0,0.0,0.0,0.0,,,0.0,-9.1,2.5,-1.2,1664,1751.0,1.9,1.0,1280,-
5698,エンビプロ・ホールディングス,鉄鋼,1.0,1.0,1,1550,★☆☆☆☆,0.0,0.0,-1,-1.2,0.0,1.0,0.0,0.0,0.0,0.0,0.0,,,0.0,-2.5,4.8,-2.5,711,786.0,-1.6,0.5,240,-
4626,太陽ホールディングス,化学,1.0,1.0,1,1551,★☆☆☆☆,0.0,0.0,-1,-6.5,0.0,1.0,0.0,0.0,0.0,0.0,0.0,,,0.0,-6.5,0.9,-0.8,4657,4740.0,-0.5,0.5,1621,-
5334,日本特殊陶業,ガラス・土石製品,1.0,1.0,1,1552,★☆☆☆☆,0.0,0.0,-1,-5.6,0.0,1.0,0.0,0.0,0.0,0.0,0.0,,,0.0,-14.5,2.9,-10.9,7783,8262.0,-6.1,1.2,8972,-
9735,セコム,サービス業,1.0,1.0,1,1553,★☆☆☆☆,0.0,0.0,-1,-12.8,0.0,0.0,0.0,1.0,0.0,0.0,0.0,,,0.0,-16.2,2.2,-2.7,6153,6437.0,0.4,0.9,8166,-
1414,ショーボンドホールディングス,建設業,1.0,1.0,1,1554,★☆☆☆☆,0.0,0.0,-1,-11.9,0.0,0.0,0.0,1.0,0.0,0.0,0.0,,,0.0,-12.6,1.4,-1.4,1236,1271.5,1.1,0.7,1247,-
5344,ＭＡＲＵＷＡ,ガラス・土石製品,1.0,1.0,1,1555,★☆☆☆☆,0.0,0.0,-1,-0.2,0.0,1.0,0.0,0.0,0.0,0.0,0.0,,,0.0,-7.0,5.4,-5.9,47299,53020.0,-2.0,0.4,6952,-
4091,日本酸素ホールディングス,化学,1.0,1.0,1,1556,★☆☆☆☆,0.0,0.0,-1,-7.2,0.0,0.0,0.0,1.0,0.0,0.0,0.0,,,0.0,-11.3,2.6,-4.5,5307,5601.0,-0.5,1.1,2564,-
3844,コムチュア,情報・通信業,1.0,1.0,1,1557,★☆☆☆☆,0.0,0.0,-1,-18.2,0.0,1.0,0.0,0.0,0.0,0.0,0.0,,,0.0,-12.8,3.1,-2.1,1287,1371.0,-2.8,0.6,364,-
2201,森永製菓,食料品,1.0,1.0,1,1558,★☆☆☆☆,0.0,0.0,-1,-13.5,0.0,0.0,0.0,1.0,0.0,0.0,0.0,,,0.0,-15.2,1.3,-2.6,2460,2527.5,-2.2,1.1,828,-
2587,サントリービバレッジ＆フード,食料品,1.0,1.0,1,1559,★☆☆☆☆,0.0,0.0,-1,-14.6,0.0,0.0,0.0,1.0,0.0,0.0,0.0,,,0.0,-14.7,1.8,-1.8,4371,4531.0,-0.9,1.0,4894,-
6845,アズビル,電気機器,1.0,1.0,1,1560,★☆☆☆☆,0.0,0.0,-1,-7.4,0.0,0.0,0.0,1.0,0.0,0.0,0.0,,,0.0,-14.4,2.2,-3.5,1463,1529.0,2.2,0.8,2432,-
6284,日精エー・エス・ビー機械,機械,1.0,1.0,1,1561,★☆☆☆☆,0.0,0.0,-1,-0.3,0.0,0.0,0.0,1.0,0.0,0.0,0.0,,,0.0,-6.0,2.2,-1.8,8550,8950.0,2.2,0.6,323,-
4092,日本化学工業,化学,1.0,1.0,1,1562,★☆☆☆☆,0.0,0.0,-1,-9.5,0.0,0.0,0.0,1.0,0.0,0.0,0.0,,,0.0,-12.4,6.2,-4.3,4621,5270.0,-4.5,0.3,1407,-
5726,大阪チタニウムテクノロジーズ,非鉄金属,1.0,1.0,1,1563,★☆☆☆☆,0.0,0.0,-1,-10.7,0.0,1.0,0.0,0.0,0.0,0.0,0.0,,,0.0,-4.3,7.0,-5.9,2305,2679.0,-8.4,0.7,2261,-
5110,住友ゴム工業,ゴム製品,1.0,1.0,1,1564,★☆☆☆☆,0.0,0.0,-1,-14.2,0.0,0.0,0.0,1.0,0.0,0.0,0.0,,,0.0,-11.4,2.6,-3.3,2107,2223.5,-3.2,0.9,4903,-
4612,日本ペイントホールディングス,化学,1.0,1.0,1,1565,★☆☆☆☆,0.0,0.0,-1,-17.6,0.0,0.0,0.0,1.0,0.0,0.0,0.0,,,0.0,-11.1,2.8,-2.9,1111,1178.0,-1.9,0.6,4335,-
3788,ＧＭＯグローバルサイン・ホールディングス,情報・通信業,1.0,1.0,1,1566,★☆☆☆☆,0.0,0.0,-1,-11.9,0.0,1.0,0.0,0.0,0.0,0.0,0.0,,,0.0,-15.2,5.0,-3.5,1913,2125.0,0.2,0.6,109,-
6473,ジェイテクト,機械,1.0,1.0,1,1567,★☆☆☆☆,0.0,0.0,-1,-11.0,0.0,0.0,0.0,1.0,0.0,0.0,0.0,,,0.0,-10.5,2.7,-3.3,1927,2035.0,-2.0,0.7,2322,-
7128,ユニソルホールディングス,卸売業,1.0,1.0,1,1568,★☆☆☆☆,0.0,0.0,-1,-14.3,0.0,1.0,0.0,0.0,0.0,0.0,0.0,,,0.0,-7.7,2.9,-2.1,2649,2810.0,-2.5,0.9,418,-
6564,ミダックホールディングス,サービス業,1.0,1.0,1,1569,★☆☆☆☆,0.0,0.0,-1,-9.0,0.0,1.0,0.0,0.0,0.0,0.0,0.0,,,0.0,-14.8,5.2,-4.7,1846,2059.0,0.9,0.7,145,-
9247,ＴＲＥホールディングス,サービス業,1.0,1.0,1,1570,★☆☆☆☆,0.0,0.0,-1,-3.1,0.0,0.0,0.0,1.0,0.0,0.0,0.0,,,0.0,-12.1,3.4,-3.6,1792,1921.0,-2.7,1.1,503,-
8086,ニプロ,精密機器,1.0,1.0,1,1571,★☆☆☆☆,0.0,0.0,-1,-18.6,0.0,0.0,0.0,1.0,0.0,0.0,0.0,,,0.0,-15.9,2.5,-4.5,1451,1528.0,-3.7,1.1,1144,-
9364,上組,倉庫・運輸関連業,1.0,1.0,1,1572,★☆☆☆☆,0.0,0.0,-1,-9.7,0.0,0.0,0.0,1.0,0.0,0.0,0.0,,,0.0,-14.2,1.4,-2.9,4731,4868.0,0.2,0.6,1569,-
4042,東ソー,化学,1.0,1.0,1,1573,★☆☆☆☆,0.0,0.0,-1,-2.2,0.0,0.0,0.0,1.0,0.0,0.0,0.0,,,0.0,-8.2,1.7,-1.6,2565,2657.5,0.1,0.7,3557,-
7888,三光合成,化学,1.0,1.0,1,1574,★☆☆☆☆,0.0,0.0,-1,-10.4,0.0,0.0,0.0,1.0,0.0,0.0,0.0,,,0.0,-11.7,2.2,-1.9,871,910.0,-0.5,0.6,109,-
7047,ポート,サービス業,1.0,1.0,1,1575,★☆☆☆☆,0.0,0.0,-1,-4.6,0.0,1.0,0.0,0.0,0.0,0.0,0.0,,,0.0,-8.4,5.3,-3.4,2068,2311.0,-1.3,0.5,498,-
6136,オーエスジー,機械,1.0,1.0,1,1576,★☆☆☆☆,0.0,0.0,-1,-0.4,0.0,0.0,0.0,1.0,0.0,0.0,0.0,,,0.0,-3.3,3.3,-2.0,3463,3706.0,1.8,1.2,1326,-
3407,旭化成,化学,1.0,1.0,1,1577,★☆☆☆☆,0.0,0.0,-1,-6.6,0.0,0.0,0.0,1.0,0.0,0.0,0.0,,,0.0,-18.1,2.2,-4.7,1546,1615.5,-1.6,1.1,10196,開示[自己株式の取得](14日前)
7734,理研計器,精密機器,1.0,1.0,1,1578,★☆☆☆☆,0.0,0.0,-1,-6.0,0.0,1.0,0.0,0.0,0.0,0.0,0.0,,,0.0,-7.5,4.1,-1.7,3078,3355.0,2.0,0.4,393,-
6785,鈴木,電気機器,1.0,1.0,1,1579,★☆☆☆☆,0.0,0.0,-1,-1.3,0.0,0.0,0.0,1.0,0.0,0.0,0.0,,,0.0,-5.2,3.3,-2.4,2727,2919.0,1.1,0.7,256,-
7990,グローブライド,その他製品,1.0,1.0,1,1580,★☆☆☆☆,0.0,0.0,-1,-14.6,0.0,1.0,0.0,0.0,0.0,0.0,0.0,,,0.0,-11.4,3.2,-2.1,2312,2472.0,-2.4,1.0,305,-
6465,ホシザキ,機械,1.0,1.0,1,1581,★☆☆☆☆,0.0,0.0,-1,-15.6,0.0,0.0,0.0,1.0,0.0,0.0,0.0,,,0.0,-10.1,1.8,-0.4,5454,5662.0,0.0,0.6,1883,-
5013,ユシロ,石油・石炭製品,1.0,1.0,1,1582,★☆☆☆☆,0.0,0.0,-1,-5.5,0.0,0.0,0.0,1.0,0.0,0.0,0.0,,,0.0,-2.2,3.0,-0.4,2796,2976.0,-2.1,0.7,133,-
1976,明星工業,建設業,1.0,1.0,1,1583,★☆☆☆☆,0.0,0.0,-1,-14.9,0.0,0.0,0.0,1.0,0.0,0.0,0.0,,,0.0,-22.2,2.6,-6.3,1645,1735.0,-1.9,0.8,196,-
7157,ライフネット生命保険,保険業,1.0,1.0,1,1584,★☆☆☆☆,0.0,0.0,-1,-17.6,0.0,1.0,0.0,0.0,0.0,0.0,0.0,,,0.0,-22.5,3.8,-7.9,1351,1461.0,-4.4,0.7,500,-
5408,中山製鋼所,鉄鋼,1.0,1.0,1,1585,★☆☆☆☆,0.0,0.0,-1,-9.0,0.0,1.0,0.0,0.0,0.0,0.0,0.0,,,0.0,-9.6,2.2,-0.5,613,641.0,0.9,0.7,178,-
4251,恵和,化学,1.0,1.0,1,1586,★☆☆☆☆,0.0,0.0,-1,-6.8,0.0,1.0,0.0,0.0,0.0,0.0,0.0,,,0.0,-10.0,2.2,-3.6,1127,1180.0,-0.2,0.6,140,-
7581,サイゼリヤ,小売業,1.0,1.0,1,1587,★☆☆☆☆,0.0,0.0,-1,-16.6,0.0,0.0,0.0,1.0,0.0,0.0,0.0,,,0.0,-16.9,2.4,-3.6,6914,7270.0,-0.6,0.4,3681,-
6464,ツバキ・ナカシマ,機械,0.0,0.0,1,1588,★☆☆☆☆,0.0,0.0,-1,-6.3,0.0,0.0,0.0,0.0,0.0,0.0,0.0,,,0.0,-11.1,5.0,-6.5,300,333.0,-4.3,0.6,228,-
6471,日本精工,機械,0.0,0.0,1,1589,★☆☆☆☆,0.0,0.0,-1,-8.4,0.0,0.0,0.0,0.0,0.0,0.0,0.0,,,0.0,-9.9,2.2,-3.4,1052,1100.5,-1.5,0.6,2529,-
3656,ＫＬａｂ,情報・通信業,0.0,0.0,1,1590,★☆☆☆☆,0.0,0.0,-1,-7.4,0.0,0.0,0.0,0.0,0.0,0.0,0.0,,,0.0,-18.7,3.0,-7.8,183,195.0,1.0,0.4,743,-
3769,ＧＭＯペイメントゲートウェイ,情報・通信業,0.0,0.0,1,1591,★☆☆☆☆,0.0,0.0,-1,-9.7,0.0,0.0,0.0,0.0,0.0,0.0,0.0,,,0.0,-12.0,4.4,-0.8,8788,9628.0,4.4,0.6,3003,-
6823,リオン,電気機器,0.0,0.0,1,1592,★☆☆☆☆,0.0,0.0,-1,-8.1,0.0,0.0,0.0,0.0,0.0,0.0,0.0,,,0.0,-7.3,2.1,-2.5,3173,3315.0,-2.1,0.8,187,-
1979,大氣社,建設業,0.0,0.0,1,1593,★☆☆☆☆,0.0,0.0,-1,-2.6,0.0,0.0,0.0,0.0,0.0,0.0,0.0,,,0.0,-14.9,2.4,-6.0,3690,3875.0,-0.8,0.7,1223,-
2760,東京エレクトロン　デバイス,卸売業,0.0,0.0,1,1594,★☆☆☆☆,0.0,0.0,-1,-3.7,0.0,0.0,0.0,0.0,0.0,0.0,0.0,,,0.0,-0.5,4.0,-2.0,3682,4005.0,0.9,0.9,865,-
8715,アニコム　ホールディングス,保険業,0.0,0.0,1,1595,★☆☆☆☆,0.0,0.0,-1,-11.2,0.0,0.0,0.0,0.0,0.0,0.0,0.0,,,0.0,-16.0,4.4,-5.2,1004,1102.0,-2.9,0.4,464,-
8113,ユニ・チャーム,化学,0.0,0.0,1,1596,★☆☆☆☆,0.0,0.0,-1,-17.0,0.0,0.0,0.0,0.0,0.0,0.0,0.0,,,0.0,-11.5,2.0,-0.9,948,987.5999755859375,-1.6,0.8,5247,-
6594,ニデック,電気機器,0.0,0.0,1,1597,★☆☆☆☆,0.0,0.0,-1,-4.8,0.0,0.0,0.0,0.0,0.0,0.0,0.0,,,0.0,-1.4,3.0,-1.3,2467,2626.0,-0.0,0.6,8343,-
6951,日本電子,電気機器,0.0,0.0,1,1598,★☆☆☆☆,0.0,0.0,-1,-4.7,0.0,0.0,0.0,0.0,0.0,0.0,0.0,,,0.0,-15.6,5.1,-9.5,6397,7125.0,-2.1,0.5,2808,-
7600,日本エム・ディ・エム,精密機器,0.0,0.0,1,1599,★☆☆☆☆,0.0,0.0,-1,-6.5,0.0,0.0,0.0,0.0,0.0,0.0,0.0,,,0.0,-14.5,4.4,-6.9,737,807.0,-3.7,0.6,230,-
7649,スギホールディングス,小売業,0.0,0.0,1,1600,★☆☆☆☆,0.0,0.0,-1,-12.3,0.0,0.0,0.0,0.0,0.0,0.0,0.0,,,0.0,-17.4,2.4,-4.3,1256,1321.0,-1.6,0.7,2811,-
8848,レオパレス２１,不動産業,0.0,0.0,1,1601,★☆☆☆☆,0.0,0.0,-1,-14.5,0.0,0.0,0.0,0.0,0.0,0.0,0.0,,,0.0,-16.0,2.5,-2.3,602,634.0,-1.1,0.6,702,-
3186,ネクステージ,小売業,0.0,0.0,1,1602,★☆☆☆☆,0.0,0.0,-1,-10.7,0.0,0.0,0.0,0.0,0.0,0.0,0.0,,,0.0,-8.2,3.2,-3.9,3109,3320.0,-5.5,0.9,1262,-
9143,ＳＧホールディングス,陸運業,0.0,0.0,1,1603,★☆☆☆☆,0.0,0.0,-1,-13.9,0.0,0.0,0.0,0.0,0.0,0.0,0.0,,,0.0,-14.8,2.5,-4.4,1434,1508.5,-3.7,1.0,2231,-
6472,ＮＴＮ,機械,0.0,0.0,1,1604,★☆☆☆☆,0.0,0.0,-1,-6.3,0.0,0.0,0.0,0.0,0.0,0.0,0.0,,,0.0,-7.5,2.4,-2.3,354,372.20001220703125,-0.5,0.5,1361,-
8227,しまむら,小売業,0.0,0.0,1,1605,★☆☆☆☆,0.0,0.0,-1,-13.9,0.0,0.0,0.0,0.0,0.0,0.0,0.0,,,0.0,-11.9,2.2,-1.2,3159,3307.0,-0.7,1.0,2515,-
5834,ＳＢＩリーシングサービス,証券、商品先物取引業,0.0,0.0,1,1606,★☆☆☆☆,0.0,0.0,-1,-8.8,0.0,0.0,0.0,0.0,0.0,0.0,0.0,,,0.0,-9.5,2.2,-1.8,2595,2714.0,-1.7,1.0,164,-
6584,三櫻工業,輸送用機器,0.0,0.0,1,1607,★☆☆☆☆,0.0,0.0,-1,-4.1,0.0,0.0,0.0,0.0,0.0,0.0,0.0,,,0.0,-6.2,3.9,-3.0,722,784.0,-3.1,0.5,464,-
8002,丸紅,卸売業,0.0,0.0,1,1608,★☆☆☆☆,0.0,0.0,-1,-4.3,0.0,0.0,0.0,0.0,0.0,0.0,0.0,,,0.0,-12.8,2.1,-2.2,4706,4910.0,0.3,0.7,22798,-
3415,ＴＯＫＹＯ　ＢＡＳＥ,小売業,0.0,0.0,1,1609,★☆☆☆☆,0.0,0.0,-1,-2.6,0.0,0.0,0.0,0.0,0.0,0.0,0.0,,,0.0,-15.7,2.4,-3.8,353,371.0,0.5,0.8,145,-
6516,山洋電気,電気機器,0.0,0.0,1,1610,★☆☆☆☆,0.0,0.0,-1,-0.1,0.0,0.0,0.0,0.0,0.0,0.0,0.0,,,0.0,-4.3,3.3,-3.7,5067,5430.0,-1.3,0.4,753,-
7245,大同メタル工業,輸送用機器,0.0,0.0,1,1611,★☆☆☆☆,0.0,0.0,-1,-8.7,0.0,0.0,0.0,0.0,0.0,0.0,0.0,,,0.0,-11.6,3.7,-8.0,1135,1225.0,-4.5,0.6,685,-
2216,カンロ,食料品,0.0,0.0,1,1612,★☆☆☆☆,0.0,0.0,-1,-12.4,0.0,0.0,0.0,0.0,0.0,0.0,0.0,,,0.0,-21.7,1.5,-3.6,1048,1081.0,-1.3,0.3,112,-
7220,武蔵精密工業,輸送用機器,0.0,0.0,1,1613,★☆☆☆☆,0.0,0.0,-1,-9.6,0.0,0.0,0.0,0.0,0.0,0.0,0.0,,,0.0,-4.2,5.4,-5.2,2803,3140.0,-4.8,0.7,2995,-
8267,イオン,小売業,0.0,0.0,1,1614,★☆☆☆☆,0.0,0.0,-1,-15.9,0.0,0.0,0.0,0.0,0.0,0.0,0.0,,,0.0,-11.3,2.2,-0.7,1300,1358.5,-1.4,1.0,13849,-
5991,日本発條,金属製品,0.0,0.0,1,1615,★☆☆☆☆,0.0,0.0,-1,-2.1,0.0,0.0,0.0,0.0,0.0,0.0,0.0,,,0.0,-7.4,3.4,-5.9,3113,3337.0,-4.1,0.9,2543,-
3288,オープンハウスグループ,不動産業,0.0,0.0,1,1616,★☆☆☆☆,0.0,0.0,-1,-13.0,0.0,0.0,0.0,0.0,0.0,0.0,0.0,,,0.0,-15.6,2.4,-3.8,7579,7955.0,-2.2,1.0,2890,-
7201,日産自動車,輸送用機器,0.0,0.0,1,1617,★☆☆☆☆,0.0,0.0,-1,-18.6,0.0,0.0,0.0,0.0,0.0,0.0,0.0,,,0.0,-16.9,3.3,-3.4,300,321.0,-4.5,1.2,11798,-
1911,住友林業,建設業,0.0,0.0,1,1618,★☆☆☆☆,0.0,0.0,-1,-13.7,0.0,0.0,0.0,0.0,0.0,0.0,0.0,,,0.0,-11.2,2.2,-1.0,1271,1329.5,-1.7,0.6,5397,-
7202,いすゞ自動車,輸送用機器,0.0,0.0,1,1619,★☆☆☆☆,0.0,0.0,-1,-13.1,0.0,0.0,0.0,0.0,0.0,0.0,0.0,,,0.0,-16.8,2.1,-2.5,2134,2227.5,-0.0,0.9,6569,-
4462,石原ケミカル,化学,0.0,0.0,1,1620,★☆☆☆☆,0.0,0.0,-1,-3.2,0.0,0.0,0.0,0.0,0.0,0.0,0.0,,,0.0,-2.0,3.8,-4.3,2677,2896.0,-3.3,0.5,135,-
6240,ヤマシンフィルタ,機械,0.0,0.0,1,1621,★☆☆☆☆,0.0,0.0,-1,-5.2,0.0,0.0,0.0,0.0,0.0,0.0,0.0,,,0.0,-6.4,2.8,-0.7,507,537.0,0.0,0.6,182,-
