code,name,sector,score,stars,linkage,theme,supply,etf,tech,fund,material,penalty,signal,driver,gap_pct,rs20,atr_pct,dev25,stop,close,chg5d,v_ratio,turnover_m,reasons_str
5803,フジクラ,非鉄金属,50.1,★★★☆☆,24.7,20.0,3.0,0.0,6.0,0.0,1.4,-5.0,,Ciena,5.1,15.4,7.6,22.8,4914,5800.0,25.3,1.4,253468,Ciena+14.2%連動(β0.36) 未反応+5.1% / 光通信・電線(+8.3%) / 過熱⚠25MA+23% / 開示[業績予想の修正](6日前)
5802,住友電気工業,非鉄金属,41.3,★★☆☆☆,18.8,20.0,1.0,0.0,1.5,0.0,0.0,0.0,,Ciena,3.4,-9.1,7.7,-2.0,1920,2270.0,5.0,1.1,58052,Ciena+14.2%連動(β0.24) 未反応+3.4% / 光通信・電線(+8.3%)
6871,日本マイクロニクス,電気機器,38.0,★☆☆☆☆,25.2,6.0,5.3,0.0,1.5,0.0,0.0,0.0,,Lam Research,6.5,-12.9,9.7,-2.2,11669,14460.0,-9.2,2.5,20153,Lam Research+10.0%連動(β0.53) 未反応+6.5% / 半導体製造装置(-3.7%) / 出来高増2.5倍
5801,古河電気工業,非鉄金属,37.1,★☆☆☆☆,11.9,20.0,1.0,0.0,6.0,0.0,1.2,-3.0,,Ciena,-0.4,16.4,9.1,16.8,3364,4111.0,4.9,1.4,99985,Ciena+14.2%連動(β0.33) / 光通信・電線(+8.3%) / 伸びすぎ注意(25MA+17%) / 開示[業績予想の修正](7日前)
6501,日立製作所,電気機器,35.5,★☆☆☆☆,6.9,17.8,3.3,0.0,7.5,0.0,0.0,0.0,,Lam Research,-0.9,18.3,3.0,12.2,5363,5702.0,4.1,0.7,66857,Lam Research+10.0%連動(β0.28) / 量子(+5.9%) / 買い出来高優勢 / MA上昇配列 / RSI過熱(88)⚠
6146,ディスコ,機械,35.5,★☆☆☆☆,24.0,8.0,2.0,0.0,1.5,0.0,0.0,0.0,,Lam Research,4.8,-11.6,7.7,-2.3,53316,62960.0,3.4,0.7,128774,Lam Research+10.0%連動(β0.48) 未反応+4.8% / HBM・後工程(+1.0%)
7012,川崎重工業,輸送用機器,34.5,★☆☆☆☆,14.9,14.9,1.0,0.0,3.7,0.0,0.0,0.0,,Emerson,3.5,4.3,4.1,2.5,2586,2818.0,-3.6,0.9,37217,Emerson+3.5%連動(β0.51) 未反応+3.5% / 防衛(+4.4%)
5805,ＳＷＣＣ,非鉄金属,33.5,★☆☆☆☆,6.2,20.0,2.0,0.0,6.0,0.0,2.3,-3.0,,Lam Research,-14.0,20.9,6.1,19.2,12244,13930.0,9.3,0.9,6346,Lam Research+10.0%連動(β0.25) / 光通信・電線(+8.3%) / 伸びすぎ注意(25MA+19%) / 開示[上方修正](6日前)
6103,オークマ,機械,33.3,★☆☆☆☆,16.9,0.0,2.0,0.0,12.0,0.0,2.4,0.0,,Lam Research,3.9,8.9,4.2,7.5,4967,5420.0,2.7,1.0,2723,Lam Research+10.0%連動(β0.21) 未反応+3.9% / MA上昇配列 / パーフェクトオーダー / 開示[自己株式の取得](3日前)
5310,東洋炭素,ガラス・土石製品,33.1,★☆☆☆☆,7.4,16.7,2.0,0.0,7.0,0.0,0.0,0.0,,Lam Research,0.2,6.9,4.9,8.8,6744,7480.0,3.0,0.7,856,Lam Research+10.0%連動(β0.28) / 核融合(+5.3%)
2760,東京エレクトロン　デバイス,卸売業,32.8,★☆☆☆☆,19.8,0.0,3.0,0.0,10.0,0.0,0.0,0.0,,Lam Research,6.7,12.6,5.9,8.6,3801,4310.0,-5.0,0.5,1022,Lam Research+10.0%連動(β0.31) 未反応+6.7% / MA上昇配列 / パーフェクトオーダー
6857,アドバンテスト,電気機器,32.5,★☆☆☆☆,12.5,8.0,0.0,0.0,15.0,0.0,0.0,-3.0,,Lam Research,-4.2,20.3,7.3,18.5,30684,35940.0,6.6,0.8,303137,Lam Research+10.0%連動(β0.50) / HBM・後工程(+1.0%) / MA上昇配列 / パーフェクトオーダー / 52週高値ブレイク! / 伸びすぎ注意(25MA+18%)
6323,ローツェ,機械,32.1,★☆☆☆☆,22.6,6.0,1.0,0.0,2.5,0.0,0.0,0.0,,Lam Research,3.1,-5.7,8.4,-0.7,3541,4253.0,-5.4,0.9,13861,Lam Research+10.0%連動(β0.53) 未反応+3.1% / 半導体製造装置(-3.7%)
6315,ＴＯＷＡ,機械,32.1,★☆☆☆☆,23.1,8.0,1.0,0.0,0.0,0.0,0.0,0.0,,Lam Research,4.4,-19.9,8.4,-10.8,2113,2541.0,-10.7,0.9,13554,Lam Research+10.0%連動(β0.44) 未反応+4.4% / HBM・後工程(+1.0%)
8015,豊田通商,卸売業,32.1,★☆☆☆☆,17.1,0.0,3.0,0.0,12.0,0.0,0.0,0.0,,Lam Research,5.6,18.3,3.5,8.9,6699,7198.0,-0.6,0.8,22250,Lam Research+10.0%連動(β0.20) 未反応+5.6% / MA上昇配列 / パーフェクトオーダー
6627,テラプローブ,電気機器,32.0,★☆☆☆☆,25.3,0.0,1.0,0.0,5.7,0.0,0.0,0.0,,Lam Research,9.3,3.0,8.2,6.6,10034,12000.0,-7.2,1.4,1744,Lam Research+10.0%連動(β0.53) 未反応+9.3%
6490,ＰＩＬＬＡＲ,機械,31.0,★☆☆☆☆,19.8,0.0,0.0,0.0,9.7,0.0,1.5,0.0,,Lam Research,4.7,6.3,7.9,5.1,8786,10440.0,-7.6,0.8,1798,Lam Research+10.0%連動(β0.31) 未反応+4.7% / MA上昇配列 / パーフェクトオーダー / 開示[増配](7日前)
6920,レーザーテック,電気機器,30.9,★☆☆☆☆,23.9,6.0,1.0,0.0,0.0,0.0,0.0,0.0,,Lam Research,4.8,-13.4,9.5,-7.5,31594,38980.0,-11.6,0.9,165204,Lam Research+10.0%連動(β0.48) 未反応+4.8% / 半導体製造装置(-3.7%)
7715,長野計器,精密機器,30.8,★☆☆☆☆,13.1,0.0,6.7,0.0,11.0,0.0,0.0,0.0,,Lam Research,2.3,8.2,5.4,6.8,3671,4115.0,-2.5,3.7,444,Lam Research+10.0%連動(β0.24) 未反応+2.3% / 出来高急増3.7倍 / MA上昇配列 / パーフェクトオーダー
8035,東京エレクトロン,電気機器,30.8,★☆☆☆☆,24.8,6.0,0.0,0.0,0.0,0.0,0.0,0.0,,Lam Research,5.1,-18.7,7.1,-7.0,49913,58230.0,2.7,0.6,278025,Lam Research+10.0%連動(β0.51) 未反応+5.1% / 半導体製造装置(-3.7%)
4980,デクセリアルズ,化学,30.5,★☆☆☆☆,10.5,20.0,0.0,0.0,0.0,0.0,0.0,0.0,,HPE,0.6,-19.3,6.3,-9.3,2789,3188.0,-3.1,0.6,6069,HPE+9.4%連動(β0.38) 未反応+0.6% / 光通信・電線(+8.3%)
7011,三菱重工業,機械,30.4,★☆☆☆☆,4.7,16.7,2.0,0.0,7.0,0.0,0.0,0.0,,GE Vernova,-4.6,13.2,3.7,9.6,3939,4256.0,6.4,1.2,78457,GE Vernova+5.9%連動(β0.32) / 核融合(+5.3%)
6517,デンヨー,電気機器,30.4,★☆☆☆☆,16.2,0.0,2.0,0.0,11.0,0.0,1.2,0.0,,Lam Research,7.7,17.1,4.9,7.6,3701,4100.0,-7.9,0.8,272,Lam Research+10.0%連動(β0.17) 未反応+7.7% / MA上昇配列 / パーフェクトオーダー / 開示[業績予想の修正](7日前)
4971,メック,化学,30.3,★☆☆☆☆,22.1,0.0,4.7,0.0,1.5,0.0,2.0,0.0,,Lam Research,4.0,-15.1,9.9,-10.9,6166,7690.0,-12.1,4.3,3267,Lam Research+10.0%連動(β0.40) 未反応+4.0% / 出来高急増4.3倍 / 開示[業績予想の修正](3日前)
4189,ＫＨネオケム,化学,30.2,★☆☆☆☆,13.7,0.0,3.0,0.0,13.5,0.0,0.0,0.0,,Lam Research,3.3,16.7,4.0,9.8,3190,3465.0,0.9,0.5,740,Lam Research+10.0%連動(β0.16) 未反応+3.3% / MA上昇配列 / パーフェクトオーダー / 52週高値目前
6702,富士通,電気機器,30.1,★☆☆☆☆,0.0,17.8,3.3,0.0,9.0,0.0,0.0,0.0,,,0.0,10.6,4.1,7.6,3440,3750.0,7.7,0.6,33760,量子(+5.9%) / 買い出来高優勢 / MA上昇配列
6463,ＴＰＲ,機械,29.8,★☆☆☆☆,15.8,0.0,2.0,0.0,12.0,0.0,0.0,0.0,,HPE,4.5,7.5,3.0,3.6,1417,1507.0,-1.2,0.7,239,HPE+9.4%連動(β0.16) 未反応+4.5% / MA上昇配列 / パーフェクトオーダー
5480,日本冶金工業,鉄鋼,29.3,★☆☆☆☆,15.2,0.0,1.0,0.0,12.0,0.0,1.1,0.0,,Emerson,5.5,8.6,2.9,6.6,5131,5450.0,9.3,0.5,478,Emerson+3.5%連動(β0.37) 未反応+5.5% / MA上昇配列 / パーフェクトオーダー / 開示[業績予想の修正](8日前)
7735,ＳＣＲＥＥＮホールディングス,電気機器,28.8,★☆☆☆☆,22.8,6.0,0.0,0.0,0.0,0.0,0.0,0.0,,Lam Research,4.3,-23.0,7.8,-10.8,11587,13745.0,5.2,0.8,58259,Lam Research+10.0%連動(β0.43) 未反応+4.3% / 半導体製造装置(-3.7%)
6481,ＴＨＫ,機械,28.7,★☆☆☆☆,18.9,0.0,2.0,0.0,6.7,0.0,1.1,0.0,,HPE,4.7,2.6,6.5,6.0,6482,7443.0,-0.2,0.9,10500,HPE+9.4%連動(β0.29) 未反応+4.7% / 開示[業績予想の修正](8日前)
2737,トーメンデバイス,卸売業,28.5,★☆☆☆☆,18.5,0.0,4.0,0.0,11.0,0.0,0.0,-5.0,,Lam Research,4.5,98.3,9.1,48.2,25099,30700.0,-8.1,0.9,3855,Lam Research+10.0%連動(β0.26) 未反応+4.5% / 資金流入増 / MA上昇配列 / パーフェクトオーダー / 過熱⚠25MA+48%
3040,ソリトンシステムズ,情報・通信業,28.3,★☆☆☆☆,5.8,0.0,9.0,0.0,13.7,0.0,2.8,-3.0,,SK hynix,1.1,16.5,2.9,15.1,2163,2299.0,16.8,12.5,198,SK hynix+5.8%連動(β0.18) 未反応+1.1% / 出来高急増12.5倍 / 買い出来高優勢 / MA上昇配列 / パーフェクトオーダー / 52週高値ブレイク! / 伸びすぎ注意(25MA+15%) / 開示[増配](1日前)
6668,アドテック　プラズマ　テクノロジー,電気機器,28.3,★☆☆☆☆,16.3,0.0,1.0,0.0,11.0,0.0,0.0,0.0,,Lam Research,2.5,-4.1,8.3,10.0,3090,3705.0,-3.9,0.4,695,Lam Research+10.0%連動(β0.36) 未反応+2.5% / MA上昇配列 / パーフェクトオーダー
6266,タツモ,機械,27.900000000000002,★☆☆☆☆,21.3,0.0,4.0,0.0,0.0,0.0,2.6,0.0,,Lam Research,3.6,-27.6,10.4,-10.6,3095,3910.0,-14.7,1.5,1784,Lam Research+10.0%連動(β0.42) 未反応+3.6% / 開示[子会社化](3日前) / 開示[業績予想の修正](8日前)
6284,日精エー・エス・ビー機械,機械,27.7,★☆☆☆☆,16.0,0.0,0.0,0.0,10.7,0.0,1.0,0.0,,KLA,7.4,-2.8,4.0,0.6,8700,9450.0,-3.4,0.7,331,KLA+8.6%連動(β0.19) 未反応+7.4% / MA上昇配列 / パーフェクトオーダー / 開示[設備投資](7日前)
6503,三菱電機,電気機器,27.6,★☆☆☆☆,11.8,6.8,2.0,0.0,7.0,0.0,0.0,0.0,,Lam Research,2.1,3.9,4.5,3.9,5367,5892.0,4.3,0.8,36484,Lam Research+10.0%連動(β0.21) 未反応+2.1% / AIデータセンター・電力(+0.4%)
4022,ラサ工業,化学,27.1,★☆☆☆☆,19.1,0.0,2.0,0.0,6.0,0.0,0.0,0.0,,HPE,5.5,11.0,7.5,11.3,1844,2171.0,-8.1,1.4,2900,HPE+9.4%連動(β0.30) 未反応+5.5%
7128,ユニソルホールディングス,卸売業,27.1,★☆☆☆☆,14.6,0.0,4.0,0.0,8.5,0.0,0.0,0.0,,Emerson,5.6,13.1,3.1,5.6,2702,2883.0,-2.3,1.2,367,Emerson+3.5%連動(β0.30) 未反応+5.6% / MA上昇配列 / パーフェクトオーダー
4369,トリケミカル研究所,化学,26.9,★☆☆☆☆,23.2,0.0,0.0,0.0,3.7,0.0,0.0,0.0,,Lam Research,5.4,-0.3,6.5,3.2,2960,3405.0,-7.2,0.4,1806,Lam Research+10.0%連動(β0.45) 未反応+5.4%
6407,ＣＫＤ,機械,26.9,★☆☆☆☆,22.2,0.0,2.0,0.0,2.7,0.0,0.0,0.0,,Lam Research,7.0,-6.7,8.2,-1.1,5274,6310.0,-6.5,1.8,5757,Lam Research+10.0%連動(β0.41) 未反応+7.0%
6301,小松製作所,機械,26.8,★☆☆☆☆,12.8,0.0,2.0,0.0,12.0,0.0,0.0,0.0,,HPE,2.6,15.2,3.7,8.2,6810,7362.0,2.9,0.7,23460,HPE+9.4%連動(β0.22) 未反応+2.6% / MA上昇配列 / パーフェクトオーダー
4092,日本化学工業,化学,26.8,★☆☆☆☆,15.6,0.0,2.0,0.0,7.2,0.0,2.0,0.0,,SK hynix,4.4,30.4,8.0,6.3,4617,5500.0,-10.0,0.9,2067,SK hynix+5.8%連動(β0.25) 未反応+4.4% / MA上昇配列 / パーフェクトオーダー / 開示[業績予想の修正](3日前)
4238,ミライアル,化学,26.7,★☆☆☆☆,14.7,0.0,2.0,0.0,10.0,0.0,0.0,0.0,,Lam Research,2.7,-5.3,4.5,2.8,1547,1699.0,6.1,0.4,119,Lam Research+10.0%連動(β0.27) 未反応+2.7% / MA上昇配列 / パーフェクトオーダー
4970,東洋合成工業,化学,26.7,★☆☆☆☆,23.3,0.0,2.0,0.0,0.0,0.0,1.4,0.0,,Lam Research,4.5,-18.3,9.7,-15.3,9699,12020.0,-12.2,1.3,1291,Lam Research+10.0%連動(β0.45) 未反応+4.5% / 開示[業績予想の修正](6日前)
4203,住友ベークライト,化学,26.4,★☆☆☆☆,8.6,0.0,4.3,0.0,13.5,0.0,0.0,0.0,,Lam Research,0.9,10.1,5.6,10.7,6994,7879.0,0.1,0.6,5676,Lam Research+10.0%連動(β0.24) 未反応+0.9% / 買い出来高優勢 / MA上昇配列 / パーフェクトオーダー / 52週高値目前
7729,東京精密,精密機器,26.4,★☆☆☆☆,11.7,8.0,2.0,0.0,4.7,0.0,0.0,0.0,,Lam Research,0.4,1.6,6.2,5.0,16380,18690.0,-0.3,0.8,9543,Lam Research+10.0%連動(β0.43) / HBM・後工程(+1.0%)
3132,マクニカホールディングス,卸売業,26.1,★☆☆☆☆,12.1,0.0,2.0,0.0,12.0,0.0,0.0,0.0,,Lam Research,2.0,14.0,6.2,10.5,3259,3723.0,-3.2,0.5,4037,Lam Research+10.0%連動(β0.25) 未反応+2.0% / MA上昇配列 / パーフェクトオーダー
6264,マルマエ,機械,26.0,★☆☆☆☆,22.3,0.0,0.0,0.0,3.7,0.0,0.0,0.0,,Lam Research,4.2,-2.1,6.7,4.5,1846,2133.0,-2.2,0.5,1494,Lam Research+10.0%連動(β0.41) 未反応+4.2%
1515,日鉄鉱業,鉱業,25.9,★☆☆☆☆,15.9,0.0,2.0,0.0,8.0,0.0,0.0,0.0,,Emerson,8.6,27.7,6.7,13.3,2820,3255.0,-5.1,0.7,2116,Emerson+3.5%連動(β0.45) 未反応+8.6% / MA上昇配列
4401,ＡＤＥＫＡ,化学,25.4,★☆☆☆☆,9.7,0.0,5.3,0.0,12.0,0.0,1.4,-3.0,,Lam Research,1.8,16.0,3.7,15.1,4416,4774.0,21.0,1.2,2523,Lam Research+10.0%連動(β0.18) 未反応+1.8% / 買い出来高優勢 / MA上昇配列 / パーフェクトオーダー / 伸びすぎ注意(25MA+15%) / 開示[業績予想の修正](6日前)
9984,ソフトバンクグループ,情報・通信業,25.4,★☆☆☆☆,22.7,0.0,0.0,0.0,2.7,0.0,0.0,0.0,,Ciena,6.4,-15.6,7.2,-1.1,4776,5575.0,-6.4,0.5,263008,Ciena+14.2%連動(β0.30) 未反応+6.4%
6473,ジェイテクト,機械,25.4,★☆☆☆☆,15.2,0.0,2.0,0.0,8.2,0.0,0.0,0.0,,Lam Research,3.6,1.9,3.6,1.2,1974,2125.5,-1.4,0.7,2549,Lam Research+10.0%連動(β0.17) 未反応+3.6% / MA上昇配列 / パーフェクトオーダー
4258,網屋,情報・通信業,25.299999999999997,★☆☆☆☆,0.0,0.0,4.7,0.0,12.0,0.0,8.6,0.0,,,0.0,-1.1,6.3,1.8,3976,4545.0,-3.1,3.7,197,出来高急増3.7倍 / MA上昇配列 / パーフェクトオーダー / 開示[自己株式の取得](0日前) / 開示[自己株式の取得](1日前)
5381,マイポックス,ガラス・土石製品,25.2,★☆☆☆☆,18.2,0.0,2.0,0.0,5.0,0.0,0.0,0.0,,Lam Research,3.3,1.7,6.0,9.6,824,936.0,10.5,1.4,210,Lam Research+10.0%連動(β0.33) 未反応+3.3%
6951,日本電子,電気機器,25.1,★☆☆☆☆,8.6,0.0,3.0,0.0,13.5,0.0,0.0,0.0,,Lam Research,-1.0,13.6,4.0,10.3,8289,9002.0,3.2,1.5,2897,Lam Research+10.0%連動(β0.34) / MA上昇配列 / パーフェクトオーダー / 52週高値目前
6969,松尾電機,電気機器,25.0,★☆☆☆☆,15.6,0.0,6.7,0.0,2.7,0.0,0.0,0.0,,SK hynix,9.8,-9.1,10.2,-4.2,841,1055.0,-13.0,6.2,111,SK hynix+5.8%連動(β0.25) 未反応+9.8% / 出来高急増6.2倍
6616,トレックス・セミコンダクター,電気機器,24.900000000000002,★☆☆☆☆,16.6,0.0,1.0,0.0,5.0,0.0,2.3,0.0,,Lam Research,3.0,-1.9,5.6,5.3,1810,2040.0,8.2,0.9,225,Lam Research+10.0%連動(β0.30) 未反応+3.0% / 開示[業績予想の修正](1日前)
4118,カネカ,化学,24.9,★☆☆☆☆,3.2,0.0,6.7,0.0,15.0,0.0,0.0,0.0,,Lam Research,-2.3,7.3,2.0,5.8,5861,6107.0,5.8,2.0,1322,Lam Research+10.0%連動(β0.13) / 出来高増2.0倍 / 買い出来高優勢 / MA上昇配列 / パーフェクトオーダー / 52週高値ブレイク!
3374,内外テック,卸売業,24.599999999999998,★☆☆☆☆,6.9,0.0,6.3,0.0,15.0,0.0,1.4,-5.0,,Lam Research,-21.5,34.7,5.3,30.6,4012,4485.0,21.9,1.6,218,Lam Research+10.0%連動(β0.28) / 買い出来高優勢 / MA上昇配列 / パーフェクトオーダー / 52週高値ブレイク! / 過熱⚠25MA+31% / 開示[業績予想の修正](6日前)
6432,竹内製作所,機械,24.4,★☆☆☆☆,13.7,0.0,0.0,0.0,10.7,0.0,0.0,0.0,,Lam Research,3.0,6.1,3.6,2.9,7106,7660.0,-3.4,0.6,2026,Lam Research+10.0%連動(β0.19) 未反応+3.0% / MA上昇配列 / パーフェクトオーダー
6976,太陽誘電,電気機器,24.3,★☆☆☆☆,20.7,0.0,1.0,0.0,1.5,0.0,1.1,0.0,,Lam Research,3.8,-14.2,10.9,-11.2,8023,10265.0,-0.2,1.3,255754,Lam Research+10.0%連動(β0.38) 未反応+3.8% / 開示[業績予想の修正](8日前)
6459,だいわ,機械,24.1,★☆☆☆☆,14.6,0.0,5.0,0.0,4.5,0.0,0.0,0.0,,Emerson,4.6,5.5,3.8,2.1,1607,1740.0,-3.0,2.0,181,Emerson+3.5%連動(β0.30) 未反応+4.6%
5411,ＪＦＥホールディングス,鉄鋼,24.1,★☆☆☆☆,14.6,0.0,4.0,0.0,5.5,0.0,0.0,0.0,,Emerson,4.3,7.5,3.2,2.3,1684,1797.5,-2.2,1.7,11739,Emerson+3.5%連動(β0.30) 未反応+4.3% / MA上昇配列
6349,小森コーポレーション,機械,24.099999999999998,★☆☆☆☆,6.6,0.0,5.3,0.0,12.2,0.0,0.0,0.0,,Emerson,1.3,17.6,3.1,10.0,1791,1910.0,-0.2,0.5,504,Emerson+3.5%連動(β0.30) 未反応+1.3% / 買い出来高優勢 / 資金流入増 / MA上昇配列 / パーフェクトオーダー / 52週高値目前
6806,ヒロセ電機,電気機器,24.099999999999998,★☆☆☆☆,9.1,0.0,3.3,0.0,8.7,0.0,3.0,0.0,,Lam Research,1.7,2.3,4.2,1.4,25399,27715.0,0.6,0.9,6086,Lam Research+10.0%連動(β0.16) 未反応+1.7% / 買い出来高優勢 / MA上昇配列 / パーフェクトオーダー / 開示[業績予想の修正](9日前) / 開示[自己株式の取得](9日前)
8084,ＲＹＯＤＥＮ,卸売業,24.0,★☆☆☆☆,8.8,0.0,3.0,0.0,12.2,0.0,0.0,0.0,,Lam Research,1.9,18.4,3.8,10.9,4256,4605.0,-0.9,0.7,297,Lam Research+10.0%連動(β0.12) 未反応+1.9% / MA上昇配列 / パーフェクトオーダー / 52週高値目前
6305,日立建機,機械,24.0,★☆☆☆☆,11.0,0.0,2.0,0.0,11.0,0.0,0.0,0.0,,HPE,2.0,9.3,3.8,5.4,5249,5684.0,7.1,1.0,7282,HPE+9.4%連動(β0.21) 未反応+2.0% / MA上昇配列 / パーフェクトオーダー
6707,サンケン電気,電気機器,23.9,★☆☆☆☆,22.4,0.0,0.0,0.0,1.5,0.0,0.0,0.0,,Lam Research,4.1,-16.4,5.4,-7.4,7609,8536.0,-1.3,0.8,1243,Lam Research+10.0%連動(β0.41) 未反応+4.1%
9880,イノテック,電気機器,23.9,★☆☆☆☆,16.9,0.0,0.0,0.0,5.0,0.0,2.0,0.0,,Lam Research,4.0,4.0,5.8,6.0,3234,3655.0,-2.4,1.0,611,Lam Research+10.0%連動(β0.20) 未反応+4.0% / 開示[業績予想の修正](3日前)
6590,芝浦メカトロニクス,電気機器,23.9,★☆☆☆☆,23.9,0.0,0.0,0.0,0.0,0.0,0.0,0.0,,Lam Research,16.8,-19.6,9.9,-11.5,3516,4380.0,-13.1,0.8,11183,Lam Research+10.0%連動(β0.48) 未反応+16.8%
7995,バルカー,化学,23.8,★☆☆☆☆,15.8,0.0,1.0,0.0,7.0,0.0,0.0,0.0,,Lam Research,3.7,4.1,5.8,4.9,6184,6990.0,-7.3,0.7,790,Lam Research+10.0%連動(β0.19) 未反応+3.7%
6861,キーエンス,電気機器,23.7,★☆☆☆☆,9.5,0.0,2.0,0.0,12.2,0.0,0.0,0.0,,Lam Research,1.1,14.5,3.9,10.9,79940,86630.0,-0.9,0.7,62421,Lam Research+10.0%連動(β0.24) 未反応+1.1% / MA上昇配列 / パーフェクトオーダー / 52週高値目前
6141,ＤＭＧ森精機,機械,23.7,★☆☆☆☆,18.0,0.0,5.7,0.0,0.0,0.0,0.0,0.0,,Lam Research,15.2,-7.7,6.4,-9.2,2858,3280.0,-12.0,4.9,5992,Lam Research+10.0%連動(β0.24) 未反応+15.2% / 出来高急増4.9倍
6752,パナソニック　ホールディングス,電気機器,23.7,★☆☆☆☆,11.7,0.0,0.0,0.0,12.0,0.0,0.0,0.0,,HPE,2.1,3.1,5.3,9.4,4092,4574.0,8.0,1.1,41817,HPE+9.4%連動(β0.23) 未反応+2.1% / MA上昇配列 / パーフェクトオーダー
8388,阿波銀行,銀行業,23.7,★☆☆☆☆,2.7,0.0,6.0,0.0,15.0,0.0,0.0,0.0,,Emerson,-3.5,21.5,4.2,12.9,8606,9390.0,8.2,1.9,1306,Emerson+3.5%連動(β0.31) / 資金流入増 / MA上昇配列 / パーフェクトオーダー / 52週高値ブレイク!
6143,ソディック,機械,23.599999999999998,★☆☆☆☆,17.5,0.0,0.0,0.0,4.7,0.0,1.4,0.0,,HPE,7.1,-7.1,7.1,1.0,1531,1784.0,-8.3,1.0,955,HPE+9.4%連動(β0.23) 未反応+7.1% / 開示[業績予想の修正](6日前)
6287,サトー,機械,23.5,★☆☆☆☆,2.5,0.0,8.7,0.0,12.5,0.0,2.8,-3.0,,ASML,-11.8,20.1,2.4,17.1,2777,2920.0,14.9,4.4,402,ASML+6.6%連動(β0.15) / 出来高急増4.4倍 / 資金流入増 / MA上昇配列 / パーフェクトオーダー / 52週高値ブレイク! / RSI過熱(85)⚠ / 伸びすぎ注意(25MA+17%) / 開示[自己株式の取得](1日前)
5105,ＴＯＹＯ　ＴＩＲＥ,ゴム製品,23.4,★☆☆☆☆,14.9,0.0,1.0,0.0,0.0,0.0,7.5,0.0,,Emerson,10.8,-4.0,4.5,-5.6,3449,3794.0,-8.5,1.0,5219,Emerson+3.5%連動(β0.34) 未反応+10.8% / 開示[自己株式の取得](3日前) / 開示[自己株式の取得](6日前)
6925,ウシオ電機,電気機器,23.2,★☆☆☆☆,12.5,0.0,2.0,0.0,8.7,0.0,0.0,0.0,,Lam Research,2.3,0.2,5.5,3.8,3761,4222.0,5.2,0.7,1898,Lam Research+10.0%連動(β0.23) 未反応+2.3% / MA上昇配列 / パーフェクトオーダー
7167,めぶきフィナンシャルグループ,銀行業,23.1,★☆☆☆☆,4.8,0.0,2.0,0.0,15.0,0.0,1.3,0.0,,Emerson,0.6,7.1,3.3,7.0,1529,1637.0,7.6,0.8,4700,Emerson+3.5%連動(β0.34) 未反応+0.6% / MA上昇配列 / パーフェクトオーダー / 52週高値ブレイク! / 開示[増配](8日前)
5706,三井金属,非鉄金属,23.1,★☆☆☆☆,18.5,0.0,2.0,0.0,1.5,0.0,1.1,0.0,,Lam Research,10.3,-14.6,10.2,-7.2,23459,29500.0,-16.6,1.4,48631,Lam Research+10.0%連動(β0.26) 未反応+10.3% / 開示[株式分割](6日前)
6787,メイコー,電気機器,23.0,★☆☆☆☆,23.0,0.0,0.0,0.0,0.0,0.0,0.0,0.0,,Lam Research,25.4,-27.4,12.1,-16.8,14241,18790.0,-24.2,1.0,10722,Lam Research+10.0%連動(β0.44) 未反応+25.4%
4047,関東電化工業,化学,23.0,★☆☆☆☆,17.5,0.0,2.0,0.0,1.5,0.0,2.0,0.0,,Lam Research,9.8,-12.8,7.7,-5.8,2252,2659.0,-13.7,1.7,2057,Lam Research+10.0%連動(β0.22) 未反応+9.8% / 開示[業績予想の修正](3日前)
6376,日機装,精密機器,22.9,★☆☆☆☆,14.7,0.0,0.0,0.0,8.2,0.0,0.0,0.0,,SK hynix,6.4,2.0,4.9,0.7,3495,3875.0,-4.7,0.9,1516,SK hynix+5.8%連動(β0.19) 未反応+6.4% / MA上昇配列 / パーフェクトオーダー
6361,荏原製作所,機械,22.9,★☆☆☆☆,17.2,0.0,1.0,0.0,4.7,0.0,0.0,0.0,,Lam Research,2.7,0.0,5.8,4.0,5223,5906.0,-1.9,0.8,21024,Lam Research+10.0%連動(β0.36) 未反応+2.7%
6800,ヨコオ,電気機器,22.9,★☆☆☆☆,19.0,0.0,0.0,0.0,2.7,0.0,1.2,0.0,,Lam Research,3.8,-10.8,7.9,-1.5,3639,4320.0,-7.0,0.6,1013,Lam Research+10.0%連動(β0.31) 未反応+3.8% / 開示[業績予想の修正](7日前)
2124,ジェイエイシーリクルートメント,サービス業,22.8,★☆☆☆☆,0.0,0.0,10.0,0.0,10.0,0.0,2.8,0.0,,,0.0,13.3,3.2,9.9,951,1017.0,12.3,4.8,730,出来高急増4.8倍 / 買い出来高優勢 / 資金流入増 / MA上昇配列 / 開示[自己株式取得](1日前)
6337,テセック,機械,22.8,★☆☆☆☆,7.5,0.0,5.3,0.0,15.0,0.0,0.0,-5.0,,Lam Research,-1.0,44.4,7.5,30.3,3001,3530.0,1.9,0.9,487,Lam Research+10.0%連動(β0.30) / 買い出来高優勢 / 資金流入増 / MA上昇配列 / パーフェクトオーダー / 52週高値ブレイク! / 過熱⚠25MA+30%
6134,ＦＵＪＩ,機械,22.8,★☆☆☆☆,8.8,0.0,2.0,0.0,12.0,0.0,0.0,0.0,,Lam Research,1.0,7.0,6.8,7.6,7109,8232.0,-3.0,0.7,8390,Lam Research+10.0%連動(β0.24) 未反応+1.0% / MA上昇配列 / パーフェクトオーダー
3433,トーカロ,金属製品,22.8,★☆☆☆☆,18.1,0.0,1.0,0.0,3.7,0.0,0.0,0.0,,Lam Research,5.6,-2.2,4.9,-0.1,2674,2965.0,-7.1,0.4,1175,Lam Research+10.0%連動(β0.25) 未反応+5.6%
7537,丸文,卸売業,22.8,★☆☆☆☆,5.3,0.0,4.0,0.0,13.5,0.0,0.0,0.0,,Lam Research,-0.7,11.7,4.9,8.9,1665,1844.0,2.8,1.3,270,Lam Research+10.0%連動(β0.21) / MA上昇配列 / パーフェクトオーダー / 52週高値目前
3131,シンデン・ハイテックス,卸売業,22.799999999999997,★☆☆☆☆,4.1,0.0,10.0,0.0,13.7,0.0,0.0,-5.0,,SK hynix,-35.8,79.8,7.2,60.3,5546,6480.0,32.4,7.4,323,SK hynix+5.8%連動(β0.28) / 出来高急増7.4倍 / 買い出来高優勢 / 資金流入増 / MA上昇配列 / パーフェクトオーダー / 52週高値ブレイク! / 過熱⚠25MA+60%
4062,イビデン,電気機器,22.7,★☆☆☆☆,12.7,8.0,1.0,0.0,6.0,0.0,0.0,-5.0,,Lam Research,-8.3,19.5,9.2,20.7,17582,21560.0,6.1,1.2,156928,Lam Research+10.0%連動(β0.51) / HBM・後工程(+1.0%) / 過熱⚠25MA+21%
6480,日本トムソン,機械,22.7,★☆☆☆☆,17.6,0.0,0.0,0.0,3.7,0.0,1.4,0.0,,Lam Research,10.3,-7.8,7.8,1.6,1597,1890.0,-9.9,0.9,2290,Lam Research+10.0%連動(β0.22) 未反応+10.3% / 開示[業績予想の修正](6日前)
6954,ファナック,電気機器,22.7,★☆☆☆☆,10.9,6.0,3.0,0.0,1.5,0.0,1.3,0.0,,Lam Research,1.5,-5.3,6.0,-2.7,5729,6505.0,0.7,1.2,51453,Lam Research+10.0%連動(β0.26) 未反応+1.5% / ロボット(-1.3%) / 開示[自己株式の取得](8日前)
6254,野村マイクロ・サイエンス,機械,22.6,★☆☆☆☆,21.1,0.0,0.0,0.0,1.5,0.0,0.0,0.0,,Lam Research,15.4,-11.4,8.6,-5.4,3226,3895.0,-15.4,1.0,4082,Lam Research+10.0%連動(β0.36) 未反応+15.4%
6508,明電舎,電気機器,22.6,★☆☆☆☆,6.5,6.8,3.3,0.0,11.0,0.0,0.0,-5.0,,HPE,-4.1,35.0,5.6,24.4,10560,11880.0,5.6,1.2,3109,HPE+9.4%連動(β0.28) / AIデータセンター・電力(+0.4%) / 買い出来高優勢 / 52週高値ブレイク! / 過熱⚠25MA+24%
6055,ジャパンマテリアル,サービス業,22.599999999999998,★☆☆☆☆,20.4,0.0,0.0,0.0,2.2,0.0,0.0,0.0,,Lam Research,9.3,-13.7,6.2,-4.5,1950,2227.0,-8.4,0.7,1733,Lam Research+10.0%連動(β0.34) 未反応+9.3%
7762,シチズン時計,精密機器,22.5,★☆☆☆☆,5.5,0.0,2.0,0.0,15.0,0.0,0.0,0.0,,SK hynix,1.0,16.2,4.2,14.2,2378,2595.0,10.1,1.2,3487,SK hynix+5.8%連動(β0.17) 未反応+1.0% / MA上昇配列 / パーフェクトオーダー / 52週高値ブレイク!
6235,オプトラン,機械,22.4,★☆☆☆☆,19.7,0.0,0.0,0.0,2.7,0.0,0.0,0.0,,Lam Research,4.3,-10.7,7.1,-0.1,2779,3235.0,-2.6,0.6,1372,Lam Research+10.0%連動(β0.31) 未反応+4.3%
6918,アバールデータ,電気機器,22.4,★☆☆☆☆,6.2,0.0,7.7,0.0,6.0,0.0,2.5,0.0,,Lam Research,-2.7,7.1,4.2,8.7,3191,3485.0,4.2,3.1,130,Lam Research+10.0%連動(β0.25) / 出来高急増3.1倍 / 開示[業績予想の修正](0日前)
5444,大和工業,鉄鋼,22.4,★☆☆☆☆,10.9,0.0,2.0,0.0,9.5,0.0,0.0,0.0,,Emerson,2.7,4.1,3.4,1.3,12352,13260.0,-1.1,0.6,2138,Emerson+3.5%連動(β0.31) 未反応+2.7% / MA上昇配列 / パーフェクトオーダー
6136,オーエスジー,機械,22.4,★☆☆☆☆,11.7,0.0,0.0,0.0,10.7,0.0,0.0,0.0,,Lam Research,2.7,-2.1,4.1,2.1,3587,3904.0,-2.2,0.6,1844,Lam Research+10.0%連動(β0.15) 未反応+2.7% / MA上昇配列 / パーフェクトオーダー
4631,ＤＩＣ,化学,22.3,★☆☆☆☆,4.4,0.0,4.0,0.0,12.2,0.0,6.7,-5.0,,HPE,-18.7,23.5,3.6,21.8,5265,5675.0,21.3,1.9,3431,HPE+9.4%連動(β0.19) / MA上昇配列 / パーフェクトオーダー / 52週高値目前 / 過熱⚠25MA+22% / 開示[業績予想の修正](3日前) / 開示[増配](3日前)
6999,ＫＯＡ,電気機器,22.2,★☆☆☆☆,15.5,0.0,3.0,0.0,3.7,0.0,0.0,0.0,,Lam Research,3.1,4.9,8.4,4.8,2123,2549.0,-4.4,0.4,3783,Lam Research+10.0%連動(β0.25) 未反応+3.1% / 資金流入増
7717,ブイ・テクノロジー,精密機器,22.2,★☆☆☆☆,19.7,0.0,1.0,0.0,1.5,0.0,0.0,0.0,,Lam Research,3.9,-19.4,7.7,-5.5,4915,5810.0,-4.9,0.6,2162,Lam Research+10.0%連動(β0.32) 未反応+3.9%
7613,シークス,卸売業,22.2,★☆☆☆☆,4.7,0.0,5.3,0.0,12.2,0.0,0.0,0.0,,HPE,-1.7,22.6,3.2,14.9,1548,1654.0,5.1,1.3,383,HPE+9.4%連動(β0.20) / 買い出来高優勢 / MA上昇配列 / パーフェクトオーダー / 52週高値目前
6856,堀場製作所,電気機器,22.2,★☆☆☆☆,19.2,0.0,2.0,0.0,1.0,0.0,0.0,0.0,,Lam Research,11.5,-8.8,5.6,-5.2,22121,24910.0,-10.3,1.3,7134,Lam Research+10.0%連動(β0.29) 未反応+11.5%
8377,ほくほくフィナンシャルグループ,銀行業,22.2,★☆☆☆☆,4.2,0.0,3.0,0.0,15.0,0.0,0.0,0.0,,KLA,-3.5,10.5,4.2,10.2,7755,8458.0,7.0,0.8,4026,KLA+8.6%連動(β0.19) / MA上昇配列 / パーフェクトオーダー / 52週高値ブレイク!
6966,三井ハイテック,電気機器,22.1,★☆☆☆☆,13.4,0.0,0.0,0.0,8.7,0.0,0.0,0.0,,SK hynix,3.1,-5.0,4.7,1.6,855,943.0,-3.2,0.5,1905,SK hynix+5.8%連動(β0.30) 未反応+3.1% / MA上昇配列 / パーフェクトオーダー
8346,東邦銀行,銀行業,22.1,★☆☆☆☆,5.6,0.0,3.0,0.0,13.5,0.0,0.0,0.0,,Emerson,1.0,13.7,3.5,6.9,870,935.0,5.3,0.9,935,Emerson+3.5%連動(β0.30) 未反応+1.0% / MA上昇配列 / パーフェクトオーダー / 52週高値目前
6941,山一電機,電気機器,22.0,★☆☆☆☆,21.0,0.0,1.0,0.0,0.0,0.0,0.0,0.0,,Lam Research,5.1,-5.3,10.0,-2.9,6804,8500.0,-17.2,0.8,3604,Lam Research+10.0%連動(β0.36) 未反応+5.1%
4633,サカタインクス,化学,22.0,★☆☆☆☆,2.6,0.0,3.0,0.0,15.0,0.0,1.4,0.0,,Emerson,-1.5,10.7,3.2,8.0,2527,2699.0,5.7,1.3,542,Emerson+3.5%連動(β0.30) / MA上昇配列 / パーフェクトオーダー / 52週高値ブレイク! / 開示[業績予想の修正](6日前)
8600,トモニホールディングス,銀行業,22.0,★☆☆☆☆,2.7,0.0,4.3,0.0,15.0,0.0,0.0,0.0,,Emerson,-6.1,18.0,3.6,11.5,1025,1105.0,8.5,1.2,722,Emerson+3.5%連動(β0.31) / 買い出来高優勢 / MA上昇配列 / パーフェクトオーダー / 52週高値ブレイク!
6677,エスケーエレクトロニクス,電気機器,22.0,★☆☆☆☆,7.0,0.0,4.3,0.0,10.7,0.0,0.0,0.0,,SK hynix,1.3,2.4,4.4,0.2,3175,3480.0,-5.4,2.6,290,SK hynix+5.8%連動(β0.22) 未反応+1.3% / 出来高増2.6倍 / MA上昇配列 / パーフェクトオーダー
6395,タダノ,機械,22.0,★☆☆☆☆,8.3,0.0,3.0,0.0,10.7,0.0,0.0,0.0,,Emerson,1.5,12.1,3.7,7.1,1316,1421.0,3.6,0.7,677,Emerson+3.5%連動(β0.44) 未反応+1.5% / MA上昇配列 / パーフェクトオーダー
5844,京都フィナンシャルグループ,銀行業,21.900000000000002,★☆☆☆☆,2.6,0.0,3.0,0.0,15.0,0.0,1.3,0.0,,Emerson,-6.9,6.0,2.5,7.8,4746,5000.0,6.9,1.6,4548,Emerson+3.5%連動(β0.30) / MA上昇配列 / パーフェクトオーダー / 52週高値ブレイク! / 開示[自己株式の取得](8日前)
4099,四国化成ホールディングス,化学,21.9,★☆☆☆☆,12.5,0.0,5.7,0.0,3.7,0.0,0.0,0.0,,Lam Research,2.3,0.5,7.8,3.2,2442,2893.0,0.5,6.1,1891,Lam Research+10.0%連動(β0.23) 未反応+2.3% / 出来高急増6.1倍
8386,百十四銀行,銀行業,21.8,★☆☆☆☆,2.8,0.0,4.0,0.0,15.0,0.0,0.0,0.0,,Emerson,-4.4,15.7,4.2,9.7,2833,3090.0,7.0,1.5,1200,Emerson+3.5%連動(β0.32) / MA上昇配列 / パーフェクトオーダー / 52週高値ブレイク!
7327,第四北越フィナンシャルグループ,銀行業,21.8,★☆☆☆☆,5.8,0.0,1.0,0.0,15.0,0.0,0.0,0.0,,Emerson,1.0,6.5,2.8,4.9,2292,2426.0,5.9,0.9,2031,Emerson+3.5%連動(β0.30) 未反応+1.0% / MA上昇配列 / パーフェクトオーダー / 52週高値ブレイク!
8253,クレディセゾン,その他金融業,21.8,★☆☆☆☆,4.8,0.0,2.0,0.0,15.0,0.0,0.0,0.0,,HPE,-1.4,5.6,2.4,4.4,4611,4844.0,5.6,1.9,3370,HPE+9.4%連動(β0.20) / MA上昇配列 / パーフェクトオーダー / 52週高値ブレイク!
6505,東洋電機製造,電気機器,21.799999999999997,★☆☆☆☆,9.6,0.0,4.0,0.0,8.2,0.0,0.0,0.0,,Emerson,2.3,19.7,2.9,5.2,2279,2418.0,-1.6,0.4,243,Emerson+3.5%連動(β0.32) 未反応+2.3% / 資金流入増 / MA上昇配列 / パーフェクトオーダー
5233,太平洋セメント,ガラス・土石製品,21.799999999999997,★☆☆☆☆,11.1,0.0,1.0,0.0,9.7,0.0,0.0,0.0,,Emerson,2.8,6.9,3.2,4.0,3986,4255.0,4.0,0.9,2681,Emerson+3.5%連動(β0.30) 未反応+2.8% / MA上昇配列 / パーフェクトオーダー
5016,ＪＸ金属,非鉄金属,21.799999999999997,★☆☆☆☆,16.9,0.0,0.0,0.0,3.7,0.0,1.2,0.0,,Ciena,8.7,-1.3,7.3,1.2,3297,3861.0,-11.2,0.9,84625,Ciena+14.2%連動(β0.14) 未反応+8.7% / 開示[業績予想の修正](7日前)
7911,ＴＯＰＰＡＮホールディングス,その他製品,21.7,★☆☆☆☆,3.0,0.0,6.7,0.0,12.0,0.0,0.0,0.0,,SK hynix,-15.5,10.6,4.0,13.8,5008,5448.0,15.9,4.1,9074,SK hynix+5.8%連動(β0.21) / 出来高急増4.1倍 / MA上昇配列 / パーフェクトオーダー
8360,山梨中央銀行,銀行業,21.6,★☆☆☆☆,6.6,0.0,3.0,0.0,12.0,0.0,0.0,0.0,,Emerson,1.2,7.9,4.7,4.8,6371,7040.0,4.9,0.7,1037,Emerson+3.5%連動(β0.35) 未反応+1.2% / MA上昇配列 / パーフェクトオーダー
7013,ＩＨＩ,機械,21.6,★☆☆☆☆,0.0,14.9,0.0,0.0,6.7,0.0,0.0,0.0,,,0.0,5.3,4.6,6.1,2703,2975.0,10.5,1.2,41402,防衛(+4.4%) / MA上昇配列
6504,富士電機,電気機器,21.6,★☆☆☆☆,7.8,6.8,0.0,0.0,7.0,0.0,0.0,0.0,,Ciena,-1.3,16.9,5.5,11.9,13314,14970.0,-0.2,0.6,15342,Ciena+14.2%連動(β0.22) / AIデータセンター・電力(+0.4%)
7711,助川電気工業,精密機器,21.4,★☆☆☆☆,0.0,16.7,1.0,0.0,3.7,0.0,0.0,0.0,,,0.0,-0.6,5.5,3.5,4246,4770.0,6.6,0.5,383,核融合(+5.3%)
6840,ＡＫＩＢＡホールディングス,電気機器,21.4,★☆☆☆☆,16.7,0.0,1.0,0.0,3.7,0.0,0.0,0.0,,SK hynix,7.3,-1.7,9.8,1.0,562,698.0,-7.4,1.4,469,SK hynix+5.8%連動(β0.32) 未反応+7.3%
6324,ハーモニック・ドライブ・システムズ,機械,21.4,★☆☆☆☆,12.5,6.0,0.0,0.0,1.5,0.0,1.4,0.0,,SK hynix,2.3,-12.0,8.9,-6.3,5266,6400.0,-6.4,0.8,10984,SK hynix+5.8%連動(β0.39) 未反応+2.3% / ロボット(-1.3%) / 開示[業績予想の修正](6日前)
7716,ナカニシ,精密機器,21.4,★☆☆☆☆,0.0,0.0,4.3,0.0,12.0,0.0,5.1,0.0,,,0.0,10.7,3.7,8.0,3098,3345.0,6.2,1.2,845,買い出来高優勢 / MA上昇配列 / パーフェクトオーダー / 開示[上方修正](6日前) / 開示[自己株式の取得](6日前)
5122,オカモト,ゴム製品,21.4,★☆☆☆☆,0.0,0.0,7.7,0.0,12.0,0.0,1.7,0.0,,,0.0,14.3,4.1,6.2,5644,6150.0,-6.1,2.8,263,出来高増2.8倍 / 買い出来高優勢 / MA上昇配列 / パーフェクトオーダー / 開示[増配](6日前)
8043,スターゼン,卸売業,21.3,★☆☆☆☆,0.0,0.0,5.3,0.0,13.0,0.0,3.0,0.0,,,0.0,15.0,2.5,12.0,1415,1489.0,14.5,2.7,212,出来高増2.7倍 / MA上昇配列 / 52週高値ブレイク! / 開示[増配](0日前)
8551,北日本銀行,銀行業,21.2,★☆☆☆☆,6.2,0.0,4.0,0.0,11.0,0.0,0.0,0.0,,Emerson,1.1,12.0,3.8,6.9,6341,6870.0,2.4,0.6,283,Emerson+3.5%連動(β0.32) 未反応+1.1% / 資金流入増 / MA上昇配列 / パーフェクトオーダー / 52週高値目前
5302,日本カーボン,ガラス・土石製品,21.2,★☆☆☆☆,3.0,0.0,3.0,0.0,13.5,0.0,1.7,0.0,,Lam Research,-0.2,8.2,2.3,5.7,4821,5050.0,3.8,1.4,316,Lam Research+10.0%連動(β0.12) / MA上昇配列 / パーフェクトオーダー / 52週高値目前 / 開示[自己株式の取得](6日前)
8524,北洋銀行,銀行業,21.2,★☆☆☆☆,3.3,0.0,2.0,0.0,15.0,0.0,0.9,0.0,,Emerson,-4.8,9.3,3.9,9.0,1203,1305.0,7.3,0.9,2406,Emerson+3.5%連動(β0.38) / MA上昇配列 / パーフェクトオーダー / 52週高値ブレイク! / 開示[AI](6日前)
268A,リガク・ホールディングス,精密機器,21.0,★☆☆☆☆,16.3,0.0,2.0,0.0,2.7,0.0,0.0,0.0,,HPE,3.4,-9.6,7.8,-1.1,1837,2174.0,-6.6,1.6,6257,HPE+9.4%連動(β0.26) 未反応+3.4%
2207,ｍｅｉｔｏ,食料品,21.0,★☆☆☆☆,0.0,0.0,5.3,0.0,13.7,0.0,2.0,0.0,,,0.0,14.3,2.6,12.0,3406,3590.0,13.6,2.1,137,出来高増2.1倍 / MA上昇配列 / パーフェクトオーダー / 52週高値ブレイク! / 開示[業績予想の修正](3日前)
6302,住友重機械工業,機械,21.0,★☆☆☆☆,6.0,0.0,3.0,0.0,12.0,0.0,0.0,0.0,,HPE,0.4,16.4,4.3,10.8,5474,5991.0,-0.1,0.7,5692,HPE+9.4%連動(β0.20) / MA上昇配列 / パーフェクトオーダー
5831,しずおかフィナンシャルグループ,銀行業,20.9,★☆☆☆☆,0.0,0.0,2.0,0.0,15.0,0.0,3.9,0.0,,,0.0,4.6,3.3,5.3,3247,3480.0,8.0,1.1,6119,MA上昇配列 / パーフェクトオーダー / 52週高値ブレイク! / 開示[自己株式の取得](3日前) / 開示[増配](7日前)
5101,横浜ゴム,ゴム製品,20.9,★☆☆☆☆,8.6,0.0,1.0,0.0,8.2,0.0,3.1,0.0,,Emerson,1.8,-0.5,4.6,0.3,6925,7626.0,1.0,0.7,10086,Emerson+3.5%連動(β0.36) 未反応+1.8% / MA上昇配列 / パーフェクトオーダー / 開示[上方修正](3日前)
8341,七十七銀行,銀行業,20.8,★☆☆☆☆,2.8,0.0,3.0,0.0,15.0,0.0,0.0,0.0,,Emerson,-2.7,8.2,3.3,7.6,3578,3834.0,6.5,1.3,2367,Emerson+3.5%連動(β0.33) / MA上昇配列 / パーフェクトオーダー / 52週高値ブレイク!
6617,東光高岳,電気機器,20.8,★☆☆☆☆,15.3,0.0,1.0,0.0,4.5,0.0,0.0,0.0,,SK hynix,7.0,-3.1,6.9,1.0,6616,7680.0,-10.2,0.4,1471,SK hynix+5.8%連動(β0.23) 未反応+7.0%
8338,筑波銀行,銀行業,20.799999999999997,★☆☆☆☆,8.1,0.0,2.0,0.0,10.7,0.0,0.0,0.0,,Emerson,1.5,8.5,4.9,3.6,603,669.0,3.9,0.9,1218,Emerson+3.5%連動(β0.43) 未反応+1.5% / MA上昇配列 / パーフェクトオーダー
7914,共同印刷,その他製品,20.7,★☆☆☆☆,0.0,0.0,4.3,0.0,15.0,0.0,1.4,0.0,,,0.0,4.9,1.9,5.8,1670,1737.0,7.6,2.1,121,出来高増2.1倍 / MA上昇配列 / パーフェクトオーダー / 52週高値ブレイク! / 開示[業績予想の修正](6日前)
6981,村田製作所,電気機器,20.7,★☆☆☆☆,17.5,0.0,0.0,0.0,1.5,0.0,1.7,0.0,,Lam Research,3.2,-17.3,9.5,-6.2,6112,7538.0,5.7,0.8,233370,Lam Research+10.0%連動(β0.32) 未反応+3.2% / 開示[自己株式の取得](6日前)
8308,りそなホールディングス,銀行業,20.6,★☆☆☆☆,3.3,0.0,1.0,0.0,15.0,0.0,1.3,0.0,,Emerson,-3.1,2.8,3.3,5.8,2283,2446.5,7.2,1.1,24501,Emerson+3.5%連動(β0.39) / MA上昇配列 / パーフェクトオーダー / 52週高値ブレイク! / 開示[自己株式の取得](8日前)
8395,佐賀銀行,銀行業,20.6,★☆☆☆☆,2.6,0.0,3.0,0.0,15.0,0.0,0.0,0.0,,Emerson,-6.2,8.3,4.1,9.0,5736,6250.0,7.8,1.2,374,Emerson+3.5%連動(β0.30) / MA上昇配列 / パーフェクトオーダー / 52週高値ブレイク!
7189,西日本フィナンシャルホールディングス,銀行業,20.6,★☆☆☆☆,7.1,0.0,0.0,0.0,13.5,0.0,0.0,0.0,,Emerson,1.3,6.6,3.3,6.2,4329,4640.0,8.9,0.9,2075,Emerson+3.5%連動(β0.37) 未反応+1.3% / MA上昇配列 / パーフェクトオーダー / 52週高値目前
7279,ハイレックスコーポレーション,輸送用機器,20.6,★☆☆☆☆,12.6,0.0,2.0,0.0,6.0,0.0,0.0,0.0,,Emerson,3.1,16.9,3.8,10.7,2338,2528.0,-1.7,0.5,239,Emerson+3.5%連動(β0.37) 未反応+3.1%
6368,オルガノ,機械,20.6,★☆☆☆☆,19.1,0.0,0.0,0.0,1.5,0.0,0.0,0.0,,Lam Research,6.5,-5.5,6.4,-2.4,12616,14475.0,-7.4,0.7,4787,Lam Research+10.0%連動(β0.29) 未反応+6.5%
6645,オムロン,電気機器,20.6,★☆☆☆☆,11.6,0.0,2.0,0.0,10.0,0.0,0.0,-3.0,,Lam Research,2.1,21.4,4.9,19.2,6179,6850.0,23.7,1.0,10707,Lam Research+10.0%連動(β0.21) 未反応+2.1% / MA上昇配列 / パーフェクトオーダー / 伸びすぎ注意(25MA+19%)
5830,いよぎんホールディングス,銀行業,20.6,★☆☆☆☆,0.0,0.0,4.0,0.0,13.5,0.0,3.1,0.0,,,0.0,15.3,4.1,9.0,3514,3830.0,7.9,0.8,4545,資金流入増 / MA上昇配列 / パーフェクトオーダー / 52週高値目前 / 開示[業績予想の修正](6日前) / 開示[自己株式取得](6日前)
8601,大和証券グループ本社,証券、商品先物取引業,20.6,★☆☆☆☆,11.6,0.0,2.0,0.0,7.0,0.0,0.0,0.0,,HPE,2.3,0.5,2.6,0.1,1724,1818.0,0.4,0.8,8832,HPE+9.4%連動(β0.20) 未反応+2.3% / MA上昇配列 / パーフェクトオーダー
7246,プレス工業,輸送用機器,20.5,★☆☆☆☆,2.6,0.0,3.3,0.0,12.2,0.0,2.4,0.0,,Emerson,0.0,18.2,2.7,11.9,912,964.0,2.9,0.6,361,Emerson+3.5%連動(β0.30) / 買い出来高優勢 / MA上昇配列 / パーフェクトオーダー / 52週高値目前 / 開示[業績予想の修正](8日前) / 開示[増配](8日前)
4044,セントラル硝子,化学,20.5,★☆☆☆☆,0.0,0.0,5.0,0.0,13.5,0.0,2.0,0.0,,,0.0,12.0,3.2,10.5,4352,4650.0,12.2,1.7,487,MA上昇配列 / パーフェクトオーダー / 52週高値目前 / 開示[業績予想の修正](3日前)
8032,日本紙パルプ商事,卸売業,20.5,★☆☆☆☆,0.0,0.0,5.3,0.0,13.5,0.0,1.7,0.0,,,0.0,13.5,2.5,10.5,1192,1254.0,10.6,1.6,262,買い出来高優勢 / MA上昇配列 / パーフェクトオーダー / 52週高値目前 / 開示[自己株式取得](6日前)
6742,京三製作所,電気機器,20.5,★☆☆☆☆,4.1,0.0,3.0,0.0,15.0,0.0,1.4,-3.0,,Lam Research,-4.4,23.9,5.6,17.1,950,1069.0,8.0,1.4,302,Lam Research+10.0%連動(β0.16) / MA上昇配列 / パーフェクトオーダー / 52週高値ブレイク! / 伸びすぎ注意(25MA+17%) / 開示[業績予想の修正](6日前)
6340,澁谷工業,機械,20.5,★☆☆☆☆,6.5,0.0,2.0,0.0,12.0,0.0,0.0,0.0,,ASML,1.2,1.9,2.9,1.4,4159,4410.0,0.0,0.8,204,ASML+6.6%連動(β0.18) 未反応+1.2% / MA上昇配列 / パーフェクトオーダー
6652,ＩＤＥＣ,電気機器,20.5,★☆☆☆☆,4.2,0.0,4.3,0.0,12.0,0.0,0.0,0.0,,Lam Research,-4.2,16.2,3.7,12.7,3570,3855.0,7.7,0.8,525,Lam Research+10.0%連動(β0.17) / 買い出来高優勢 / MA上昇配列 / パーフェクトオーダー
4187,大阪有機化学工業,化学,20.4,★☆☆☆☆,18.9,0.0,0.0,0.0,1.5,0.0,0.0,0.0,,Lam Research,3.4,-2.9,6.2,-2.7,4241,4840.0,1.1,0.6,1128,Lam Research+10.0%連動(β0.34) 未反応+3.4%
6961,エンプラス,電気機器,20.4,★☆☆☆☆,20.4,0.0,0.0,0.0,0.0,0.0,0.0,0.0,,Lam Research,3.8,-10.6,9.8,-5.4,8999,11200.0,-9.7,0.6,2836,Lam Research+10.0%連動(β0.36) 未反応+3.8%
6785,鈴木,電気機器,20.4,★☆☆☆☆,14.7,0.0,2.0,0.0,3.7,0.0,0.0,0.0,,SK hynix,4.1,-3.6,4.5,-0.7,2778,3055.0,-6.4,1.6,276,SK hynix+5.8%連動(β0.19) 未反応+4.1%
7593,ＶＴホールディングス,小売業,20.4,★☆☆☆☆,0.0,0.0,5.3,0.0,10.0,0.0,5.1,0.0,,,0.0,10.5,2.0,7.7,499,520.0,9.0,1.7,214,買い出来高優勢 / MA上昇配列 / 開示[自己株式の取得](1日前) / 開示[自己株式の取得](3日前)
5384,フジミインコーポレーテッド,ガラス・土石製品,20.4,★☆☆☆☆,9.7,0.0,2.0,0.0,8.7,0.0,0.0,0.0,,Lam Research,0.7,-1.0,6.8,2.0,3544,4100.0,-8.7,0.8,1952,Lam Research+10.0%連動(β0.31) 未反応+0.7% / MA上昇配列 / パーフェクトオーダー
7637,白銅,卸売業,20.4,★☆☆☆☆,5.4,0.0,3.0,0.0,12.0,0.0,0.0,0.0,,SK hynix,0.9,12.1,5.0,10.0,3428,3810.0,0.5,1.2,179,SK hynix+5.8%連動(β0.18) 未反応+0.9% / MA上昇配列 / パーフェクトオーダー
3891,ニッポン高度紙工業,パルプ・紙,20.3,★☆☆☆☆,15.6,0.0,1.0,0.0,3.7,0.0,0.0,0.0,,Lam Research,3.0,-5.3,8.8,0.9,5886,7150.0,-2.2,0.9,1540,Lam Research+10.0%連動(β0.26) 未反応+3.0%
7609,ダイトロン,卸売業,20.3,★☆☆☆☆,5.0,0.0,5.3,0.0,15.0,0.0,0.0,-5.0,,HPE,-6.8,37.1,5.3,24.8,4104,4585.0,6.0,0.9,833,HPE+9.4%連動(β0.21) / 買い出来高優勢 / 資金流入増 / MA上昇配列 / パーフェクトオーダー / 52週高値ブレイク! / 過熱⚠25MA+25%
2108,日本甜菜製糖,食料品,20.3,★☆☆☆☆,0.0,0.0,3.3,0.0,15.0,0.0,2.0,0.0,,,0.0,14.5,2.9,9.2,5114,5430.0,8.2,1.1,145,買い出来高優勢 / MA上昇配列 / パーフェクトオーダー / 52週高値ブレイク! / 開示[業績予想の修正](3日前)
4611,大日本塗料,化学,20.3,★☆☆☆☆,0.0,0.0,5.3,0.0,15.0,0.0,0.0,0.0,,,0.0,9.7,2.7,9.0,1444,1528.0,9.8,2.1,116,出来高増2.1倍 / MA上昇配列 / パーフェクトオーダー / 52週高値ブレイク!
6750,エレコム,電気機器,20.3,★☆☆☆☆,0.0,0.0,5.3,0.0,15.0,0.0,0.0,0.0,,,0.0,9.4,2.5,7.8,1900,2000.0,7.1,2.3,400,出来高増2.3倍 / MA上昇配列 / パーフェクトオーダー / 52週高値ブレイク!
4186,東京応化工業,化学,20.2,★☆☆☆☆,18.7,0.0,0.0,0.0,1.5,0.0,0.0,0.0,,Lam Research,3.4,-10.2,7.1,-3.7,8004,9336.0,1.7,0.9,10345,Lam Research+10.0%連動(β0.34) 未反応+3.4%
5273,三谷セキサン,ガラス・土石製品,20.2,★☆☆☆☆,9.0,0.0,4.7,0.0,6.5,0.0,0.0,0.0,,Emerson,1.9,5.3,3.5,2.7,1731,1862.0,0.6,3.0,113,Emerson+3.5%連動(β0.37) 未反応+1.9% / 出来高急増3.0倍 / MA上昇配列
8550,栃木銀行,銀行業,20.1,★☆☆☆☆,7.4,0.0,2.0,0.0,10.7,0.0,0.0,0.0,,Emerson,1.4,4.5,4.6,3.1,930,1024.0,6.4,0.6,884,Emerson+3.5%連動(β0.39) 未反応+1.4% / MA上昇配列 / パーフェクトオーダー
6997,日本ケミコン,電気機器,20.099999999999998,★☆☆☆☆,17.4,0.0,0.0,0.0,2.7,0.0,0.0,0.0,,SK hynix,7.1,-16.4,9.9,-6.4,2471,3080.0,-13.2,0.7,3703,SK hynix+5.8%連動(β0.37) 未反応+7.1%
6125,岡本工作機械製作所,機械,20.099999999999998,★☆☆☆☆,15.4,0.0,2.0,0.0,2.7,0.0,0.0,0.0,,Lam Research,2.8,-9.7,7.3,-3.9,4278,5010.0,-8.4,0.8,394,Lam Research+10.0%連動(β0.28) 未反応+2.8%
4078,堺化学工業,化学,20.099999999999998,★☆☆☆☆,16.4,0.0,0.0,0.0,3.7,0.0,0.0,0.0,,Dell,5.0,-2.2,5.4,0.4,3618,4055.0,-7.5,0.8,1495,Dell+8.0%連動(β0.22) 未反応+5.0%
3993,ＰＫＳＨＡ　Ｔｅｃｈｎｏｌｏｇｙ,情報・通信業,20.0,★☆☆☆☆,4.0,6.0,4.0,0.0,6.0,0.0,0.0,0.0,,SK hynix,-1.4,2.2,3.6,3.6,2737,2951.0,-0.2,1.9,932,SK hynix+5.8%連動(β0.28) / 生成AI・ソフト(-0.3%)
2780,コメ兵ホールディングス,小売業,20.0,★☆☆☆☆,0.0,0.0,8.0,0.0,12.0,0.0,0.0,0.0,,,0.0,2.9,3.1,7.9,5285,5630.0,10.6,4.1,351,出来高急増4.1倍 / 買い出来高優勢 / MA上昇配列 / パーフェクトオーダー
6855,日本電子材料,電気機器,20.0,★☆☆☆☆,15.3,0.0,1.0,0.0,3.7,0.0,0.0,0.0,,Lam Research,1.3,-2.4,8.3,7.1,5785,6940.0,-4.7,0.9,5632,Lam Research+10.0%連動(β0.46) 未反応+1.3%
6507,シンフォニアテクノロジー,電気機器,19.9,★☆☆☆☆,19.9,0.0,0.0,0.0,0.0,0.0,0.0,0.0,,Lam Research,9.7,-8.4,7.9,-4.7,11019,13100.0,-11.6,0.9,2496,Lam Research+10.0%連動(β0.32) 未反応+9.7%
6622,ダイヘン,電気機器,19.9,★☆☆☆☆,18.4,0.0,0.0,0.0,1.5,0.0,0.0,0.0,,Lam Research,3.3,-10.3,7.6,-5.7,11510,13580.0,-8.1,0.9,4787,Lam Research+10.0%連動(β0.33) 未反応+3.3%
8541,愛媛銀行,銀行業,19.9,★☆☆☆☆,2.6,0.0,5.3,0.0,15.0,0.0,0.0,-3.0,,Emerson,-7.2,32.1,5.0,16.5,2739,3040.0,11.6,0.6,1086,Emerson+3.5%連動(β0.30) / 買い出来高優勢 / 資金流入増 / MA上昇配列 / パーフェクトオーダー / 52週高値ブレイク! / 伸びすぎ注意(25MA+17%)
6506,安川電機,電気機器,19.9,★☆☆☆☆,8.2,6.0,2.0,0.0,3.7,0.0,0.0,0.0,,Lam Research,-1.0,0.4,4.9,1.5,4948,5480.0,1.8,0.5,38380,Lam Research+10.0%連動(β0.33) / ロボット(-1.3%)
8362,福井銀行,銀行業,19.8,★☆☆☆☆,2.8,0.0,2.0,0.0,15.0,0.0,0.0,0.0,,Emerson,-6.8,14.7,5.0,13.5,6093,6770.0,15.7,1.4,486,Emerson+3.5%連動(β0.33) / MA上昇配列 / パーフェクトオーダー / 52週高値ブレイク!
8392,大分銀行,銀行業,19.7,★☆☆☆☆,2.8,0.0,2.0,0.0,13.5,0.0,1.4,0.0,,Emerson,-2.6,11.1,4.5,8.2,2601,2855.0,7.4,1.5,747,Emerson+3.5%連動(β0.32) / MA上昇配列 / パーフェクトオーダー / 52週高値目前 / 開示[業績予想の修正](6日前)
8381,山陰合同銀行,銀行業,19.7,★☆☆☆☆,2.7,0.0,2.0,0.0,15.0,0.0,0.0,0.0,,Emerson,-2.0,4.8,3.5,5.3,2401,2579.0,6.0,1.2,1084,Emerson+3.5%連動(β0.32) / MA上昇配列 / パーフェクトオーダー / 52週高値ブレイク!
4966,上村工業,化学,19.7,★☆☆☆☆,18.7,0.0,1.0,0.0,0.0,0.0,0.0,0.0,,Lam Research,15.6,-12.3,7.4,-8.4,18046,21170.0,-17.0,0.9,2154,Lam Research+10.0%連動(β0.27) 未反応+15.6%
7745,Ａ＆Ｄホロンホールディングス,精密機器,19.7,★☆☆☆☆,15.5,0.0,2.0,0.0,2.2,0.0,0.0,0.0,,Lam Research,2.8,-0.4,5.0,-1.3,2609,2900.0,-10.4,0.7,408,Lam Research+10.0%連動(β0.28) 未反応+2.8%
6273,ＳＭＣ,機械,19.6,★☆☆☆☆,7.6,0.0,1.0,0.0,11.0,0.0,0.0,0.0,,Lam Research,0.2,6.0,5.1,6.8,69461,77330.0,2.0,1.5,22519,Lam Research+10.0%連動(β0.28) / MA上昇配列 / パーフェクトオーダー
8604,野村ホールディングス,証券、商品先物取引業,19.6,★☆☆☆☆,11.6,0.0,1.0,0.0,7.0,0.0,0.0,0.0,,HPE,2.1,1.1,2.8,0.4,1478,1566.0,3.4,0.7,17647,HPE+9.4%連動(β0.23) 未反応+2.1% / MA上昇配列 / パーフェクトオーダー
6339,新東工業,機械,19.599999999999998,★☆☆☆☆,2.9,0.0,3.0,0.0,12.0,0.0,1.7,0.0,,Emerson,-4.0,3.4,2.6,6.2,1188,1254.0,7.0,1.3,123,Emerson+3.5%連動(β0.34) / MA上昇配列 / パーフェクトオーダー / 開示[自己株式取得](6日前)
3932,アカツキ,情報・通信業,19.599999999999998,★☆☆☆☆,0.0,0.0,6.7,0.0,11.0,0.0,1.9,0.0,,,0.0,14.3,2.6,9.9,3130,3300.0,8.4,2.9,205,出来高増2.9倍 / 買い出来高優勢 / MA上昇配列 / パーフェクトオーダー / 52週高値目前 / RSI過熱(85)⚠ / 開示[株式分割](1日前)
8418,山口フィナンシャルグループ,銀行業,19.5,★☆☆☆☆,2.8,0.0,3.0,0.0,13.7,0.0,0.0,0.0,,Emerson,-2.9,5.5,3.0,5.2,3005,3197.0,5.9,1.4,1885,Emerson+3.5%連動(β0.32) / MA上昇配列 / パーフェクトオーダー / 52週高値ブレイク!
6282,オイレス工業,機械,19.5,★☆☆☆☆,2.8,0.0,2.0,0.0,13.5,0.0,1.2,0.0,,Lam Research,-0.8,3.2,2.1,2.6,2809,2931.0,0.3,1.2,212,Lam Research+10.0%連動(β0.11) / MA上昇配列 / パーフェクトオーダー / 52週高値目前 / 開示[業績予想の修正](7日前)
5301,東海カーボン,ガラス・土石製品,19.400000000000002,★☆☆☆☆,5.3,0.0,0.0,0.0,12.0,0.0,2.1,0.0,,HPE,-1.0,10.4,4.0,10.0,1666,1812.5,11.7,0.6,3415,HPE+9.4%連動(β0.23) / MA上昇配列 / パーフェクトオーダー / 開示[業績予想の修正](8日前) / 開示[自己株式取得](9日前)
5851,リョービ,非鉄金属,19.400000000000002,★☆☆☆☆,6.8,0.0,3.3,0.0,6.7,0.0,2.6,0.0,,Emerson,1.2,11.6,2.4,8.3,2653,2784.0,5.0,1.1,380,Emerson+3.5%連動(β0.36) 未反応+1.2% / 買い出来高優勢 / 開示[増配](8日前) / 開示[自己株式取得](8日前)
1899,福田組,建設業,19.4,★☆☆☆☆,0.0,0.0,4.0,0.0,12.2,0.0,6.2,-3.0,,,0.0,26.4,3.9,19.7,4387,4755.0,21.6,1.4,326,資金流入増 / MA上昇配列 / パーフェクトオーダー / 52週高値目前 / 伸びすぎ注意(25MA+20%) / 開示[自己株式の取得](6日前) / 開示[自己株式の取得](7日前)
8399,琉球銀行,銀行業,19.4,★☆☆☆☆,5.9,0.0,0.0,0.0,13.5,0.0,0.0,0.0,,Emerson,1.1,11.1,3.5,5.0,2841,3055.0,3.4,0.8,433,Emerson+3.5%連動(β0.31) 未反応+1.1% / MA上昇配列 / パーフェクトオーダー / 52週高値目前
6723,ルネサスエレクトロニクス,電気機器,19.3,★☆☆☆☆,17.8,0.0,0.0,0.0,1.5,0.0,0.0,0.0,,Lam Research,2.2,-14.7,7.7,-5.6,3179,3754.0,-1.5,0.7,59980,Lam Research+10.0%連動(β0.44) 未反応+2.2%
8358,スルガ銀行,銀行業,19.3,★☆☆☆☆,0.0,0.0,3.0,0.0,15.0,0.0,1.3,0.0,,,0.0,8.3,3.1,7.3,2704,2880.0,6.2,1.3,2569,MA上昇配列 / パーフェクトオーダー / 52週高値ブレイク! / 開示[自己株式の取得](8日前)
5408,中山製鋼所,鉄鋼,19.3,★☆☆☆☆,14.6,0.0,3.0,0.0,0.0,0.0,1.7,0.0,,Emerson,6.7,0.2,2.5,-1.8,597,628.0,-4.4,1.6,175,Emerson+3.5%連動(β0.30) 未反応+6.7% / 開示[資本業務提携](6日前)
8591,オリックス,その他金融業,19.3,★☆☆☆☆,16.0,0.0,0.0,0.0,2.0,0.0,1.3,0.0,,HPE,3.9,-1.3,2.7,-1.1,6029,6372.0,-2.7,0.9,22432,HPE+9.4%連動(β0.18) 未反応+3.9% / 開示[自己株式の取得](8日前)
5195,バンドー化学,ゴム製品,19.299999999999997,★☆☆☆☆,6.6,0.0,2.0,0.0,10.7,0.0,0.0,0.0,,Lam Research,1.1,9.8,2.5,5.2,2349,2474.0,1.2,0.7,157,Lam Research+10.0%連動(β0.13) 未反応+1.1% / MA上昇配列 / パーフェクトオーダー
1965,テクノ菱和,建設業,19.299999999999997,★☆☆☆☆,12.7,0.0,1.0,0.0,4.7,0.0,0.9,0.0,,GE Vernova,2.9,3.2,6.8,2.6,5396,6250.0,-3.7,0.8,535,GE Vernova+5.9%連動(β0.28) 未反応+2.9% / 開示[株式分割](8日前)
7888,三光合成,化学,19.2,★☆☆☆☆,12.0,0.0,2.0,0.0,5.2,0.0,0.0,0.0,,Emerson,3.0,19.3,3.1,2.8,870,927.0,-0.3,0.4,217,Emerson+3.5%連動(β0.36) 未反応+3.0% / 資金流入増 / MA上昇配列
8012,長瀬産業,卸売業,19.2,★☆☆☆☆,7.2,0.0,0.0,0.0,12.0,0.0,0.0,0.0,,KLA,1.3,8.7,3.5,4.9,1152,1239.0,6.9,1.2,1131,KLA+8.6%連動(β0.15) 未反応+1.3% / MA上昇配列 / パーフェクトオーダー
6971,京セラ,電気機器,19.1,★☆☆☆☆,4.1,0.0,0.0,0.0,13.5,0.0,1.5,0.0,,Lam Research,-0.3,6.3,3.9,5.4,3603,3905.0,1.0,0.7,21866,Lam Research+10.0%連動(β0.17) / MA上昇配列 / パーフェクトオーダー / 52週高値目前 / 開示[自己株式の取得](7日前)
6525,ＫＯＫＵＳＡＩ　ＥＬＥＣＴＲＩＣ,電気機器,19.099999999999998,★☆☆☆☆,10.2,0.0,0.0,0.0,7.7,0.0,1.2,0.0,,Lam Research,-5.5,-13.4,9.3,2.6,7345,9015.0,6.2,1.1,71402,Lam Research+10.0%連動(β0.41) / MA上昇配列 / パーフェクトオーダー / 開示[業績予想の修正](7日前)
6370,栗田工業,機械,19.0,★☆☆☆☆,18.0,0.0,0.0,0.0,1.0,0.0,0.0,0.0,,Lam Research,7.3,-6.3,4.3,-3.0,7801,8532.0,-7.1,1.1,5135,Lam Research+10.0%連動(β0.24) 未反応+7.3%
8154,加賀電子,卸売業,19.0,★☆☆☆☆,0.0,0.0,4.3,0.0,13.7,0.0,4.0,-3.0,,,0.0,23.0,3.6,15.6,4790,5160.0,7.9,1.3,742,買い出来高優勢 / MA上昇配列 / パーフェクトオーダー / 52週高値ブレイク! / 伸びすぎ注意(25MA+16%) / 開示[上方修正](0日前)
8411,みずほフィナンシャルグループ,銀行業,19.0,★☆☆☆☆,10.8,0.0,0.0,0.0,8.2,0.0,0.0,0.0,,HPE,2.0,0.6,3.4,2.0,7917,8502.0,4.6,0.9,86640,HPE+9.4%連動(β0.21) 未反応+2.0% / MA上昇配列 / パーフェクトオーダー
7384,プロクレアホールディングス,銀行業,19.0,★☆☆☆☆,0.0,0.0,4.0,0.0,15.0,0.0,0.0,0.0,,,0.0,10.6,4.2,10.1,4199,4585.0,9.4,1.8,395,MA上昇配列 / パーフェクトオーダー / 52週高値ブレイク!
2120,ＬＩＦＵＬＬ,サービス業,18.9,★☆☆☆☆,0.0,0.0,7.7,0.0,7.5,0.0,3.7,0.0,,,0.0,8.9,2.7,9.3,210,222.0,7.8,3.7,149,出来高急増3.7倍 / MA上昇配列 / パーフェクトオーダー / RSI過熱(91)⚠ / 開示[上方修正](1日前)
8714,池田泉州ホールディングス,銀行業,18.9,★☆☆☆☆,2.9,0.0,1.0,0.0,15.0,0.0,0.0,0.0,,Emerson,-3.9,5.7,4.4,7.4,1001,1099.0,7.3,1.4,1503,Emerson+3.5%連動(β0.34) / MA上昇配列 / パーフェクトオーダー / 52週高値ブレイク!
6278,ユニオンツール,機械,18.9,★☆☆☆☆,16.2,0.0,0.0,0.0,1.5,0.0,1.2,0.0,,Lam Research,2.9,-20.4,10.4,-6.9,13146,16580.0,1.4,0.8,6561,Lam Research+10.0%連動(β0.29) 未反応+2.9% / 開示[業績予想の修正](7日前)
4368,扶桑化学工業,化学,18.9,★☆☆☆☆,18.9,0.0,0.0,0.0,0.0,0.0,0.0,0.0,,Lam Research,14.7,-14.1,8.6,-8.9,2901,3500.0,-17.7,1.1,3361,Lam Research+10.0%連動(β0.28) 未反応+14.7%
7220,武蔵精密工業,輸送用機器,18.9,★☆☆☆☆,13.9,0.0,0.0,0.0,5.0,0.0,0.0,0.0,,HPE,1.4,6.9,6.6,9.2,3136,3610.0,1.1,0.6,4188,HPE+9.4%連動(β0.41) 未反応+1.4%
8609,岡三証券グループ,証券、商品先物取引業,18.8,★☆☆☆☆,6.3,0.0,3.0,0.0,9.5,0.0,0.0,0.0,,Emerson,1.2,10.8,3.4,5.2,1047,1124.0,1.7,0.9,541,Emerson+3.5%連動(β0.32) 未反応+1.2% / MA上昇配列 / パーフェクトオーダー
8622,水戸証券,証券、商品先物取引業,18.8,★☆☆☆☆,0.0,0.0,5.3,0.0,13.5,0.0,0.0,0.0,,,0.0,23.1,3.5,10.7,800,860.0,3.4,0.5,319,買い出来高優勢 / 資金流入増 / MA上昇配列 / パーフェクトオーダー / 52週高値目前
4061,デンカ,化学,18.799999999999997,★☆☆☆☆,14.7,0.0,0.0,0.0,2.7,0.0,1.4,0.0,,SK hynix,5.7,-8.6,5.8,-2.3,3169,3586.0,-7.4,0.9,3286,SK hynix+5.8%連動(β0.19) 未反応+5.7% / 開示[業績予想の修正](6日前)
8897,ＭＩＲＡＲＴＨホールディングス,不動産業,18.7,★☆☆☆☆,0.0,0.0,7.7,0.0,11.0,0.0,0.0,0.0,,,0.0,8.5,2.1,8.7,433,452.0,12.4,3.5,358,出来高急増3.5倍 / MA上昇配列 / パーフェクトオーダー
4004,レゾナック・ホールディングス,化学,18.7,★☆☆☆☆,9.5,0.0,1.0,0.0,7.0,0.0,1.2,0.0,,Ciena,-8.4,9.9,7.6,13.6,14421,17000.0,5.1,1.3,45405,Ciena+14.2%連動(β0.27) / 開示[業績予想の修正](7日前)
4461,第一工業製薬,化学,18.7,★☆☆☆☆,7.2,0.0,3.0,0.0,13.5,0.0,0.0,-5.0,,Lam Research,-4.2,40.5,7.8,33.3,13104,15510.0,10.0,0.9,2865,Lam Research+10.0%連動(β0.29) / MA上昇配列 / パーフェクトオーダー / 52週高値目前 / 過熱⚠25MA+33%
6367,ダイキン工業,機械,18.6,★☆☆☆☆,16.1,0.0,1.0,0.0,0.0,0.0,1.5,0.0,,Lam Research,5.0,-14.6,2.9,-10.1,20146,21365.0,-4.0,1.2,37393,Lam Research+10.0%連動(β0.16) 未反応+5.0% / 開示[自己株式取得](7日前)
8167,リテールパートナーズ,小売業,18.6,★☆☆☆☆,0.0,0.0,7.3,0.0,10.0,0.0,1.3,0.0,,,0.0,2.4,2.4,4.0,1351,1419.0,6.9,2.6,184,出来高増2.6倍 / 資金流入増 / MA上昇配列 / パーフェクトオーダー / 開示[自己株式の取得](8日前)
9824,泉州電業,卸売業,18.6,★☆☆☆☆,10.6,0.0,1.0,0.0,7.0,0.0,0.0,0.0,,Lam Research,1.9,4.8,3.5,4.8,6210,6680.0,-0.7,0.5,487,Lam Research+10.0%連動(β0.20) 未反応+1.9%
5208,有沢製作所,化学,18.5,★☆☆☆☆,5.5,0.0,0.0,0.0,12.0,0.0,1.0,0.0,,SK hynix,1.0,7.6,4.7,5.2,2410,2659.0,4.0,0.9,621,SK hynix+5.8%連動(β0.17) 未反応+1.0% / MA上昇配列 / パーフェクトオーダー / 開示[設備投資](7日前)
8037,カメイ,卸売業,18.5,★☆☆☆☆,0.0,0.0,3.3,0.0,13.7,0.0,1.5,0.0,,,0.0,18.5,2.8,13.6,4099,4340.0,12.9,1.1,219,買い出来高優勢 / MA上昇配列 / パーフェクトオーダー / 52週高値ブレイク! / 開示[増配](7日前)
4919,ミルボン,化学,18.5,★☆☆☆☆,0.0,0.0,4.3,0.0,8.7,0.0,5.5,0.0,,,0.0,13.9,3.0,12.7,3016,3210.0,16.9,2.6,452,出来高増2.6倍 / MA上昇配列 / パーフェクトオーダー / 開示[上方修正](3日前) / 開示[自己株式取得](3日前)
6594,ニデック,電気機器,18.5,★☆☆☆☆,11.5,0.0,1.0,0.0,6.0,0.0,0.0,0.0,,Lam Research,1.7,6.1,3.7,6.0,2573,2778.0,-0.3,0.4,12472,Lam Research+10.0%連動(β0.26) 未反応+1.7%
5901,東洋製罐グループホールディングス,金属製品,18.5,★☆☆☆☆,0.0,0.0,2.0,0.0,13.5,0.0,3.0,0.0,,,0.0,8.4,2.5,5.6,4141,4359.0,2.8,1.1,1016,MA上昇配列 / パーフェクトオーダー / 52週高値目前 / 開示[上方修正](8日前) / 開示[自己株式の取得](8日前)
5537,ＡｌｂａＬｉｎｋ,不動産業,18.5,★☆☆☆☆,0.0,0.0,2.0,0.0,11.0,0.0,5.5,0.0,,,0.0,3.9,5.0,7.9,2812,3125.0,7.6,1.8,133,MA上昇配列 / パーフェクトオーダー / 開示[業績予想の修正](0日前) / 開示[自己株式の取得](0日前)
7240,ＮＯＫ,輸送用機器,18.4,★☆☆☆☆,3.7,0.0,1.0,0.0,12.0,0.0,1.7,0.0,,Lam Research,-3.0,5.0,2.2,4.2,2976,3114.0,4.5,0.6,1073,Lam Research+10.0%連動(β0.15) / MA上昇配列 / パーフェクトオーダー / 開示[自己株式の取得](6日前)
6250,やまびこ,機械,18.4,★☆☆☆☆,3.1,0.0,3.3,0.0,12.0,0.0,0.0,0.0,,Emerson,-1.5,14.7,3.5,9.7,4007,4310.0,3.7,0.7,442,Emerson+3.5%連動(β0.35) / 買い出来高優勢 / MA上昇配列 / パーフェクトオーダー
8331,千葉銀行,銀行業,18.4,★☆☆☆☆,6.7,0.0,2.0,0.0,9.7,0.0,0.0,0.0,,Emerson,1.2,-0.6,3.0,1.8,2581,2747.0,4.4,0.9,6969,Emerson+3.5%連動(β0.35) 未反応+1.2% / MA上昇配列 / パーフェクトオーダー / 52週高値目前
4246,ダイキョーニシカワ,化学,18.4,★☆☆☆☆,0.0,0.0,3.0,0.0,12.2,0.0,3.2,0.0,,,0.0,10.8,2.2,7.5,1051,1100.0,8.7,1.5,318,MA上昇配列 / パーフェクトオーダー / 52週高値目前 / 開示[増配](6日前) / 開示[増配](7日前)
8078,阪和興業,卸売業,18.3,★☆☆☆☆,4.3,0.0,2.0,0.0,12.0,0.0,0.0,0.0,,Lam Research,-0.3,6.1,2.6,4.0,1700,1792.0,3.6,0.8,794,Lam Research+10.0%連動(β0.17) / MA上昇配列 / パーフェクトオーダー
6227,ＡＩメカテック,機械,18.3,★☆☆☆☆,17.2,0.0,0.0,0.0,0.0,0.0,1.1,0.0,,SK hynix,17.2,-22.9,10.0,-6.7,5023,6280.0,-14.9,0.8,9442,SK hynix+5.8%連動(β0.36) 未反応+17.2% / 開示[受注](6日前)
5192,三ツ星ベルト,ゴム製品,18.3,★☆☆☆☆,0.0,0.0,3.0,0.0,12.2,0.0,3.1,0.0,,,0.0,13.1,2.2,9.7,4321,4520.0,11.2,0.9,437,MA上昇配列 / パーフェクトオーダー / 52週高値目前 / 開示[自己株式取得](6日前) / 開示[業績予想の修正](6日前)
4064,日本カーバイド工業,化学,18.3,★☆☆☆☆,14.6,0.0,0.0,0.0,3.7,0.0,0.0,0.0,,Emerson,7.7,-0.9,4.6,-0.2,2999,3305.0,-6.9,1.1,291,Emerson+3.5%連動(β0.30) 未反応+7.7%
6381,アネスト岩田,機械,18.3,★☆☆☆☆,0.0,0.0,4.3,0.0,11.0,0.0,3.0,0.0,,,0.0,10.4,2.0,6.9,1849,1926.0,3.0,1.1,196,買い出来高優勢 / MA上昇配列 / パーフェクトオーダー / 52週高値目前 / RSI過熱(92)⚠ / 開示[業績予想の修正](3日前) / 開示[自己株式の取得](9日前)
7760,ＩＭＶ,精密機器,18.3,★☆☆☆☆,16.3,0.0,2.0,0.0,0.0,0.0,0.0,0.0,,SK hynix,7.7,-16.1,9.2,-11.4,1690,2069.0,-23.4,1.3,327,SK hynix+5.8%連動(β0.30) 未反応+7.7%
6882,三社電機製作所,電気機器,18.3,★☆☆☆☆,11.3,0.0,2.0,0.0,5.0,0.0,0.0,0.0,,Lam Research,2.1,3.6,4.6,4.1,1090,1202.0,3.6,0.7,124,Lam Research+10.0%連動(β0.21) 未反応+2.1%
5121,藤倉コンポジット,ゴム製品,18.2,★☆☆☆☆,0.0,0.0,3.0,0.0,13.5,0.0,1.7,0.0,,,0.0,5.6,3.4,6.3,2551,2736.0,-0.5,1.3,295,MA上昇配列 / パーフェクトオーダー / 52週高値目前 / 開示[自己株式の取得](6日前)
6638,ミマキエンジニアリング,電気機器,18.2,★☆☆☆☆,16.2,0.0,1.0,0.0,1.0,0.0,0.0,0.0,,Emerson,14.9,-8.6,5.0,-7.8,1741,1933.0,-13.2,0.8,294,Emerson+3.5%連動(β0.48) 未反応+14.9%
6498,キッツ,機械,18.2,★☆☆☆☆,17.2,0.0,1.0,0.0,0.0,0.0,0.0,0.0,,Lam Research,15.4,-10.8,6.1,-7.6,1826,2081.0,-14.7,1.4,782,Lam Research+10.0%連動(β0.21) 未反応+15.4%
4975,ＪＣＵ,化学,18.2,★☆☆☆☆,18.2,0.0,0.0,0.0,0.0,0.0,0.0,0.0,,Lam Research,15.3,-14.6,6.3,-8.9,4950,5670.0,-15.8,0.5,749,Lam Research+10.0%連動(β0.25) 未反応+15.3%
6310,井関農機,機械,18.1,★☆☆☆☆,14.8,0.0,3.3,0.0,0.0,0.0,0.0,0.0,,Emerson,13.1,-4.6,4.9,-5.7,1575,1746.0,-10.0,2.2,281,Emerson+3.5%連動(β0.33) 未反応+13.1% / 出来高増2.2倍
8368,百五銀行,銀行業,18.1,★☆☆☆☆,3.1,0.0,0.0,0.0,15.0,0.0,0.0,0.0,,Emerson,-2.6,10.3,4.6,10.1,2070,2278.0,5.1,1.2,1929,Emerson+3.5%連動(β0.35) / MA上昇配列 / パーフェクトオーダー / 52週高値ブレイク!
8370,紀陽銀行,銀行業,18.1,★☆☆☆☆,2.6,0.0,2.0,0.0,13.5,0.0,0.0,0.0,,Emerson,-1.9,7.7,3.3,5.5,4689,5020.0,6.2,0.9,947,Emerson+3.5%連動(β0.31) / MA上昇配列 / パーフェクトオーダー / 52週高値目前
6947,図研,電気機器,18.1,★☆☆☆☆,7.1,0.0,0.0,0.0,11.0,0.0,0.0,0.0,,ASML,1.3,4.9,2.9,4.3,4653,4940.0,5.7,0.7,253,ASML+6.6%連動(β0.19) 未反応+1.3% / MA上昇配列 / パーフェクトオーダー
4275,カーリット,化学,18.099999999999998,★☆☆☆☆,15.4,0.0,1.0,0.0,0.0,0.0,1.7,0.0,,SK hynix,15.6,-13.8,5.9,-10.6,1819,2064.0,-15.4,1.5,522,SK hynix+5.8%連動(β0.24) 未反応+15.6% / 開示[自己株式取得](6日前)
6379,レイズネクスト,建設業,18.0,★☆☆☆☆,0.0,0.0,4.3,0.0,12.0,0.0,1.7,0.0,,,0.0,17.6,3.8,9.5,2673,2895.0,5.1,0.8,578,買い出来高優勢 / MA上昇配列 / パーフェクトオーダー / 開示[自己株式取得](6日前)
8343,秋田銀行,銀行業,18.0,★☆☆☆☆,0.0,0.0,3.0,0.0,15.0,0.0,0.0,0.0,,,0.0,18.8,4.2,13.4,7744,8450.0,12.5,1.1,889,MA上昇配列 / パーフェクトオーダー / 52週高値ブレイク!
6371,椿本チエイン,機械,18.0,★☆☆☆☆,2.5,0.0,2.0,0.0,13.5,0.0,0.0,0.0,,ASML,-1.5,4.5,2.4,3.7,2598,2728.0,4.3,0.9,566,ASML+6.6%連動(β0.15) / MA上昇配列 / パーフェクトオーダー / 52週高値目前
4997,日本農薬,化学,18.0,★☆☆☆☆,0.0,0.0,4.3,0.0,13.7,0.0,0.0,0.0,,,0.0,16.5,2.7,11.5,1121,1184.0,10.6,1.1,258,買い出来高優勢 / MA上昇配列 / パーフェクトオーダー / 52週高値ブレイク!
8075,神鋼商事,卸売業,18.0,★☆☆☆☆,0.0,0.0,4.3,0.0,12.2,0.0,1.5,0.0,,,0.0,20.4,2.7,14.6,2831,2992.0,12.4,0.9,212,買い出来高優勢 / MA上昇配列 / パーフェクトオーダー / 52週高値目前 / 開示[増配](7日前)
7350,おきなわフィナンシャルグループ,銀行業,18.0,★☆☆☆☆,0.0,0.0,3.0,0.0,15.0,0.0,0.0,0.0,,,0.0,14.0,3.5,9.2,7379,7930.0,5.3,1.0,584,MA上昇配列 / パーフェクトオーダー / 52週高値ブレイク!
5985,サンコール,金属製品,17.999999999999996,★☆☆☆☆,9.2,0.0,6.7,0.0,5.7,0.0,1.4,-5.0,,SK hynix,1.7,33.5,6.9,43.8,1718,1994.0,49.6,5.3,1558,SK hynix+5.8%連動(β0.29) 未反応+1.7% / 出来高急増5.3倍 / 過熱⚠25MA+44% / 開示[業績予想の修正](6日前)
8367,南都銀行,銀行業,17.799999999999997,★☆☆☆☆,2.6,0.0,3.0,0.0,12.2,0.0,0.0,0.0,,Emerson,-3.5,2.9,3.8,4.7,1780,1925.0,7.6,0.7,1115,Emerson+3.5%連動(β0.30) / MA上昇配列 / パーフェクトオーダー / 52週高値目前
7381,ＣＣＩグループ,銀行業,17.7,★☆☆☆☆,0.0,0.0,1.0,0.0,15.0,0.0,1.7,0.0,,,0.0,17.2,3.8,10.8,1162,1257.0,7.8,0.8,685,MA上昇配列 / パーフェクトオーダー / 52週高値ブレイク! / 開示[自己株式の取得](6日前)
6866,日置電機,電気機器,17.7,★☆☆☆☆,12.0,0.0,0.0,0.0,5.7,0.0,0.0,0.0,,Lam Research,2.2,2.7,5.7,2.6,10409,11740.0,-3.9,0.7,901,Lam Research+10.0%連動(β0.22) 未反応+2.2%
4462,石原ケミカル,化学,17.7,★☆☆☆☆,4.7,0.0,2.0,0.0,11.0,0.0,0.0,0.0,,Lam Research,-2.5,10.2,5.4,10.3,2959,3320.0,3.8,0.9,137,Lam Research+10.0%連動(β0.19) / MA上昇配列 / パーフェクトオーダー
5036,日本ビジネスシステムズ,情報・通信業,17.7,★☆☆☆☆,0.0,0.0,8.0,0.0,9.7,0.0,0.0,0.0,,,0.0,4.9,2.7,4.1,1553,1642.0,2.6,3.5,114,出来高急増3.5倍 / 買い出来高優勢 / MA上昇配列 / パーフェクトオーダー
255A,ジーエルテクノホールディングス,精密機器,17.6,★☆☆☆☆,14.9,0.0,0.0,0.0,2.7,0.0,0.0,0.0,,SK hynix,9.4,-4.0,6.9,-0.8,4876,5660.0,-10.6,0.7,644,SK hynix+5.8%連動(β0.20) 未反応+9.4%
7970,信越ポリマー,化学,17.6,★☆☆☆☆,12.1,0.0,2.0,0.0,3.5,0.0,0.0,0.0,,Lam Research,2.4,-6.1,3.5,-0.5,2149,2310.0,0.2,0.4,704,Lam Research+10.0%連動(β0.20) 未反応+2.4% / 資金流入増
6779,日本電波工業,電気機器,17.5,★☆☆☆☆,9.1,0.0,2.0,0.0,5.0,0.0,1.4,0.0,,HPE,-4.4,0.2,8.3,10.5,2642,3165.0,6.5,1.3,3019,HPE+9.4%連動(β0.39) / 開示[業績予想の修正](6日前)
7245,大同メタル工業,輸送用機器,17.5,★☆☆☆☆,14.8,0.0,0.0,0.0,2.7,0.0,0.0,0.0,,SK hynix,12.8,-0.9,6.3,-0.7,1180,1349.0,-11.9,0.6,798,SK hynix+5.8%連動(β0.19) 未反応+12.8%
6962,大真空,電気機器,17.4,★☆☆☆☆,10.7,0.0,3.0,0.0,3.7,0.0,0.0,0.0,,ASML,1.9,-0.2,5.2,1.9,708,790.0,5.3,1.6,372,ASML+6.6%連動(β0.29) 未反応+1.9%
8537,大光銀行,銀行業,17.3,★☆☆☆☆,3.0,0.0,6.3,0.0,8.0,0.0,0.0,0.0,,Emerson,-7.0,5.9,3.3,7.4,2740,2931.0,10.8,2.2,140,Emerson+3.5%連動(β0.34) / 出来高増2.2倍
6526,ソシオネクスト,電気機器,17.3,★☆☆☆☆,17.3,0.0,0.0,0.0,0.0,0.0,0.0,0.0,,HPE,3.2,-27.1,7.3,-14.8,1678,1963.5,-5.2,0.7,19769,HPE+9.4%連動(β0.34) 未反応+3.2%
4025,多木化学,化学,17.3,★☆☆☆☆,0.0,0.0,4.3,0.0,11.0,0.0,2.0,0.0,,,0.0,19.7,5.0,13.7,5215,5800.0,10.9,0.9,234,買い出来高優勢 / MA上昇配列 / パーフェクトオーダー / 開示[上方修正](7日前)
7282,豊田合成,輸送用機器,17.299999999999997,★☆☆☆☆,8.1,0.0,1.0,0.0,8.2,0.0,0.0,0.0,,Emerson,1.7,3.7,3.8,1.2,4782,5179.0,-0.0,0.6,2994,Emerson+3.5%連動(β0.33) 未反応+1.7% / MA上昇配列 / パーフェクトオーダー
4228,積水化成品工業,化学,17.299999999999997,★☆☆☆☆,2.6,0.0,4.0,0.0,13.7,0.0,0.0,-3.0,,Emerson,-4.6,25.2,4.6,18.1,584,643.0,9.4,1.3,219,Emerson+3.5%連動(β0.30) / MA上昇配列 / パーフェクトオーダー / 52週高値ブレイク! / 伸びすぎ注意(25MA+18%)
7734,理研計器,精密機器,17.2,★☆☆☆☆,11.5,0.0,2.0,0.0,3.7,0.0,0.0,0.0,,Lam Research,2.1,0.2,4.3,-0.1,3156,3450.0,-3.1,1.6,351,Lam Research+10.0%連動(β0.21) 未反応+2.1%
6844,新電元工業,電気機器,17.2,★☆☆☆☆,17.2,0.0,0.0,0.0,0.0,0.0,0.0,0.0,,Lam Research,16.8,-9.8,6.2,-7.7,2839,3240.0,-16.9,1.0,458,Lam Research+10.0%連動(β0.21) 未反応+16.8%
6859,エスペック,電気機器,17.1,★☆☆☆☆,4.9,0.0,1.0,0.0,9.7,0.0,1.5,0.0,,Lam Research,-0.7,7.8,4.5,4.4,3841,4220.0,0.6,0.5,532,Lam Research+10.0%連動(β0.20) / MA上昇配列 / パーフェクトオーダー / 開示[自己株式取得](7日前)
417A,ブルーゾーンホールディングス,小売業,17.1,★☆☆☆☆,0.0,0.0,0.0,0.0,12.0,0.0,5.1,0.0,,,0.0,1.2,2.7,1.4,1699,1794.0,5.2,0.7,540,MA上昇配列 / パーフェクトオーダー / 開示[自己株式の取得](1日前) / 開示[自己株式の取得](3日前)
8473,ＳＢＩホールディングス,証券、商品先物取引業,17.1,★☆☆☆☆,8.1,0.0,2.0,0.0,7.0,0.0,0.0,0.0,,Lam Research,1.3,9.7,3.2,7.3,2906,3103.0,0.9,0.6,12842,Lam Research+10.0%連動(β0.17) 未反応+1.3%
6194,アトラエ,サービス業,17.1,★☆☆☆☆,0.0,0.0,4.3,0.0,10.0,0.0,2.8,0.0,,,0.0,6.8,3.1,6.9,837,892.0,5.3,2.1,117,出来高増2.1倍 / MA上昇配列 / パーフェクトオーダー / 開示[自己株式取得](1日前)
3167,ＴＯＫＡＩホールディングス,卸売業,17.0,★☆☆☆☆,0.0,0.0,2.0,0.0,13.5,0.0,1.5,0.0,,,0.0,7.6,2.5,6.5,1176,1239.0,12.0,1.0,335,MA上昇配列 / パーフェクトオーダー / 52週高値目前 / 開示[自己株式取得](7日前)
547A,ムニノバホールディングス,その他金融業,17.0,★☆☆☆☆,0.0,0.0,8.0,0.0,9.0,0.0,0.0,0.0,,,0.0,7.8,2.4,5.9,453,476.0,9.4,3.8,820,出来高急増3.8倍 / 買い出来高優勢 / MA上昇配列
6988,日東電工,化学,17.0,★☆☆☆☆,4.5,0.0,2.0,0.0,9.0,0.0,1.5,0.0,,Lam Research,0.0,6.4,3.4,5.5,3312,3551.0,3.8,0.8,12317,Lam Research+10.0%連動(β0.18) / MA上昇配列 / 開示[自己株式取得](7日前)
5832,ちゅうぎんフィナンシャルグループ,銀行業,17.0,★☆☆☆☆,0.0,0.0,2.0,0.0,15.0,0.0,0.0,0.0,,,0.0,7.0,3.2,6.1,3312,3535.0,5.6,1.0,1173,MA上昇配列 / パーフェクトオーダー / 52週高値ブレイク!
8697,日本取引所グループ,その他金融業,17.0,★☆☆☆☆,7.3,0.0,0.0,0.0,9.7,0.0,0.0,0.0,,ASML,1.4,3.1,3.2,2.9,2142,2289.0,-0.1,0.6,8947,ASML+6.6%連動(β0.18) 未反応+1.4% / MA上昇配列 / パーフェクトオーダー / 52週高値目前
5976,高周波熱錬,金属製品,16.9,★☆☆☆☆,0.0,0.0,2.0,0.0,12.2,0.0,2.7,0.0,,,0.0,10.8,1.8,7.5,1419,1472.0,7.2,1.0,117,MA上昇配列 / パーフェクトオーダー / 52週高値目前 / 開示[自己株式の取得](6日前) / 開示[設備投資](7日前)
6653,正興電機製作所,電気機器,16.9,★☆☆☆☆,12.2,0.0,1.0,0.0,3.7,0.0,0.0,0.0,,Lam Research,2.2,0.6,5.3,2.0,2016,2255.0,1.5,0.4,426,Lam Research+10.0%連動(β0.22) 未反応+2.2%
8511,日本証券金融,その他金融業,16.9,★☆☆☆☆,0.0,0.0,1.0,0.0,13.5,0.0,2.4,0.0,,,0.0,6.6,2.5,4.0,2404,2530.0,3.1,0.8,673,MA上昇配列 / パーフェクトオーダー / 52週高値目前 / 開示[自己株式の取得](3日前)
7721,東京計器,精密機器,16.9,★☆☆☆☆,6.9,0.0,2.0,0.0,8.0,0.0,0.0,0.0,,SK hynix,1.1,14.7,5.8,9.8,6589,7450.0,0.0,0.8,2451,SK hynix+5.8%連動(β0.24) 未反応+1.1% / MA上昇配列
3449,テクノフレックス,金属製品,16.9,★☆☆☆☆,15.4,0.0,0.0,0.0,1.5,0.0,0.0,0.0,,SK hynix,18.3,-32.3,11.6,-18.6,3157,4110.0,-20.2,0.8,1178,SK hynix+5.8%連動(β0.24) 未反応+18.3%
8336,武蔵野銀行,銀行業,16.9,★☆☆☆☆,2.7,0.0,2.0,0.0,12.2,0.0,0.0,0.0,,Emerson,-2.5,5.5,3.3,4.8,2592,2776.0,5.5,1.0,888,Emerson+3.5%連動(β0.32) / MA上昇配列 / パーフェクトオーダー / 52週高値目前
8001,伊藤忠商事,卸売業,16.9,★☆☆☆☆,5.9,0.0,1.0,0.0,10.0,0.0,0.0,0.0,,ASML,1.1,11.2,2.3,6.4,1999,2096.0,5.9,0.8,28187,ASML+6.6%連動(β0.16) 未反応+1.1% / MA上昇配列
6584,三櫻工業,輸送用機器,16.9,★☆☆☆☆,15.4,0.0,0.0,0.0,1.5,0.0,0.0,0.0,,SK hynix,7.7,-7.2,5.1,-3.7,715,796.0,-7.5,0.8,579,SK hynix+5.8%連動(β0.23) 未反応+7.7%
3076,あい　ホールディングス,卸売業,16.8,★☆☆☆☆,0.0,0.0,3.3,0.0,13.5,0.0,0.0,0.0,,,0.0,9.0,2.3,4.5,2795,2928.0,1.5,0.5,470,買い出来高優勢 / MA上昇配列 / パーフェクトオーダー / 52週高値目前
2914,日本たばこ産業,食料品,16.8,★☆☆☆☆,0.0,0.0,3.3,0.0,13.5,0.0,0.0,0.0,,,0.0,14.7,2.8,7.1,6626,7026.0,3.0,0.7,34151,買い出来高優勢 / MA上昇配列 / パーフェクトオーダー / 52週高値目前
6516,山洋電気,電気機器,16.8,★☆☆☆☆,11.1,0.0,2.0,0.0,3.7,0.0,0.0,0.0,,Lam Research,2.0,1.1,5.5,3.4,5276,5930.0,-2.6,0.4,1092,Lam Research+10.0%連動(β0.20) 未反応+2.0%
5344,ＭＡＲＵＷＡ,ガラス・土石製品,16.8,★☆☆☆☆,10.8,0.0,1.0,0.0,5.0,0.0,0.0,0.0,,Ciena,-4.7,3.9,6.3,7.7,54281,62170.0,3.2,0.8,8630,Ciena+14.2%連動(β0.30)
4008,住友精化,化学,16.8,★☆☆☆☆,0.0,0.0,6.3,0.0,13.5,0.0,0.0,-3.0,,,0.0,20.4,4.2,17.8,1421,1550.0,23.1,1.5,385,買い出来高優勢 / MA上昇配列 / パーフェクトオーダー / 52週高値目前 / 伸びすぎ注意(25MA+18%)
6237,イワキポンプ,機械,16.7,★☆☆☆☆,14.7,0.0,2.0,0.0,0.0,0.0,0.0,0.0,,SK hynix,20.5,5.8,8.1,-7.4,3782,4515.0,-24.1,0.7,1014,SK hynix+5.8%連動(β0.19) 未反応+20.5% / 資金流入増
8304,あおぞら銀行,銀行業,16.7,★☆☆☆☆,0.0,0.0,3.0,0.0,13.7,0.0,0.0,0.0,,,0.0,14.9,2.7,10.3,3210,3395.0,5.4,0.9,4808,MA上昇配列 / パーフェクトオーダー / 52週高値ブレイク!
5632,三菱製鋼,鉄鋼,16.7,★☆☆☆☆,0.0,0.0,2.0,0.0,13.5,0.0,1.2,0.0,,,0.0,9.8,3.1,8.3,2215,2363.0,4.1,0.9,169,MA上昇配列 / パーフェクトオーダー / 52週高値目前 / 開示[業績予想の修正](7日前)
5703,日本軽金属ホールディングス,非鉄金属,16.7,★☆☆☆☆,8.7,0.0,1.0,0.0,7.0,0.0,0.0,0.0,,HPE,1.6,6.1,3.8,6.9,2716,2937.0,0.7,0.7,1059,HPE+9.4%連動(β0.17) 未反応+1.6%
8276,平和堂,小売業,16.7,★☆☆☆☆,0.0,0.0,7.7,0.0,9.0,0.0,0.0,0.0,,,0.0,5.7,2.2,3.5,2592,2713.0,3.6,3.0,535,出来高増3.0倍 / 買い出来高優勢 / MA上昇配列
7606,ユナイテッドアローズ,小売業,16.7,★☆☆☆☆,0.0,0.0,3.0,0.0,12.0,0.0,1.7,0.0,,,0.0,4.3,2.4,3.4,2428,2553.0,4.6,1.4,506,MA上昇配列 / パーフェクトオーダー / 開示[増配](6日前)
4992,北興化学工業,化学,16.7,★☆☆☆☆,8.0,0.0,0.0,0.0,8.7,0.0,0.0,0.0,,Lam Research,1.0,1.5,3.4,2.8,1862,1999.0,2.1,0.6,247,Lam Research+10.0%連動(β0.19) 未反応+1.0% / MA上昇配列 / パーフェクトオーダー
1888,若築建設,建設業,16.7,★☆☆☆☆,0.0,0.0,8.7,0.0,8.0,0.0,0.0,0.0,,,0.0,15.9,3.5,11.0,3649,3920.0,10.0,2.2,116,出来高増2.2倍 / 買い出来高優勢 / 資金流入増 / MA上昇配列
4634,ａｒｔｉｅｎｃｅ,化学,16.7,★☆☆☆☆,0.0,0.0,3.0,0.0,13.7,0.0,0.0,0.0,,,0.0,14.7,2.5,12.2,4858,5110.0,10.6,1.2,842,MA上昇配列 / パーフェクトオーダー / 52週高値ブレイク!
5715,古河機械金属,非鉄金属,16.6,★☆☆☆☆,7.1,0.0,1.0,0.0,6.0,0.0,2.5,0.0,,Emerson,1.3,11.4,4.5,9.0,3621,3980.0,10.9,1.1,1090,Emerson+3.5%連動(β0.38) 未反応+1.3% / 開示[業績予想の修正](0日前)
4968,荒川化学工業,化学,16.6,★☆☆☆☆,6.6,0.0,1.0,0.0,12.0,0.0,0.0,-3.0,,Lam Research,0.7,12.0,6.9,16.1,2127,2465.0,5.5,0.9,785,Lam Research+10.0%連動(β0.18) 未反応+0.7% / MA上昇配列 / パーフェクトオーダー / 伸びすぎ注意(25MA+16%)
8151,東陽テクニカ,卸売業,16.6,★☆☆☆☆,0.0,0.0,3.3,0.0,12.0,0.0,1.3,0.0,,,0.0,5.0,3.0,5.0,1943,2069.0,0.5,2.4,306,出来高増2.4倍 / MA上昇配列 / パーフェクトオーダー / 開示[自己株式取得](8日前)
4205,日本ゼオン,化学,16.5,★☆☆☆☆,0.0,0.0,3.0,0.0,13.5,0.0,0.0,0.0,,,0.0,7.2,3.2,6.8,2302,2457.5,3.4,0.6,2559,MA上昇配列 / パーフェクトオーダー / 52週高値目前
5218,オハラ,ガラス・土石製品,16.5,★☆☆☆☆,2.8,0.0,3.0,0.0,10.7,0.0,0.0,0.0,,SK hynix,-0.4,15.0,3.7,10.7,1512,1634.0,3.1,1.3,134,SK hynix+5.8%連動(β0.20) / MA上昇配列 / パーフェクトオーダー
6457,グローリー,機械,16.5,★☆☆☆☆,0.0,0.0,3.0,0.0,13.5,0.0,0.0,0.0,,,0.0,13.0,2.6,6.7,4503,4752.0,1.6,1.1,1046,MA上昇配列 / パーフェクトオーダー / 52週高値目前
2664,カワチ薬品,小売業,16.5,★☆☆☆☆,0.0,0.0,3.0,0.0,13.5,0.0,0.0,0.0,,,0.0,6.9,3.1,6.9,3455,3680.0,5.3,1.5,238,MA上昇配列 / パーフェクトオーダー / 52週高値目前
8065,佐藤商事,卸売業,16.5,★☆☆☆☆,0.0,0.0,3.0,0.0,13.5,0.0,0.0,0.0,,,0.0,21.1,4.4,13.1,3247,3560.0,4.2,1.4,161,MA上昇配列 / パーフェクトオーダー / 52週高値目前
3097,物語コーポレーション,小売業,16.4,★☆☆☆☆,0.0,0.0,2.0,0.0,12.0,0.0,2.4,0.0,,,0.0,12.1,3.5,7.8,5253,5650.0,5.0,1.1,1231,MA上昇配列 / パーフェクトオーダー / 開示[増配](3日前)
9991,ジェコス,卸売業,16.3,★☆☆☆☆,0.0,0.0,4.3,0.0,12.0,0.0,0.0,0.0,,,0.0,11.5,2.4,5.9,1678,1762.0,2.7,0.8,119,買い出来高優勢 / MA上昇配列 / パーフェクトオーダー
2782,セリア,小売業,16.3,★☆☆☆☆,0.0,0.0,4.3,0.0,12.0,0.0,0.0,0.0,,,0.0,12.9,3.9,6.8,3805,4130.0,5.1,0.8,1409,買い出来高優勢 / MA上昇配列 / パーフェクトオーダー
7276,小糸製作所,電気機器,16.2,★☆☆☆☆,7.2,0.0,2.0,0.0,7.0,0.0,0.0,0.0,,ASML,1.3,5.9,2.9,4.2,2541,2696.5,2.5,0.9,2664,ASML+6.6%連動(β0.20) 未反応+1.3%
8359,八十二長野銀行,銀行業,16.2,★☆☆☆☆,2.7,0.0,0.0,0.0,12.2,0.0,1.3,0.0,,Emerson,-3.8,3.1,3.3,3.9,2504,2680.5,3.9,1.1,4308,Emerson+3.5%連動(β0.31) / MA上昇配列 / パーフェクトオーダー / 52週高値目前 / 開示[自己株式の取得](8日前)
8051,山善,卸売業,16.2,★☆☆☆☆,0.0,0.0,2.0,0.0,12.2,0.0,2.0,0.0,,,0.0,10.0,2.6,8.7,1839,1939.0,7.4,0.9,373,MA上昇配列 / パーフェクトオーダー / 52週高値目前 / 開示[業績予想の修正](3日前)
3176,三洋貿易,卸売業,16.2,★☆☆☆☆,0.0,0.0,7.3,0.0,12.5,0.0,1.4,-5.0,,,0.0,39.2,3.8,25.1,1040,1125.0,13.9,1.8,318,買い出来高優勢 / 資金流入増 / MA上昇配列 / パーフェクトオーダー / 52週高値ブレイク! / RSI過熱(86)⚠ / 過熱⚠25MA+25% / 開示[業績予想の修正](6日前)
2607,不二製油,食料品,16.2,★☆☆☆☆,0.0,0.0,4.0,0.0,12.2,0.0,0.0,0.0,,,0.0,13.3,3.6,12.2,4201,4531.0,16.7,1.6,1343,MA上昇配列 / パーフェクトオーダー / 52週高値目前
3569,セーレン,繊維製品,16.2,★☆☆☆☆,0.0,0.0,8.0,0.0,8.2,0.0,0.0,0.0,,,0.0,10.3,2.8,8.4,3361,3560.0,5.0,3.2,724,出来高急増3.2倍 / 買い出来高優勢 / 52週高値目前
9619,イチネンホールディングス,サービス業,16.1,★☆☆☆☆,0.0,0.0,3.0,0.0,12.0,0.0,1.1,0.0,,,0.0,14.7,2.6,9.4,2467,2601.0,12.5,1.0,113,MA上昇配列 / パーフェクトオーダー / 開示[業績予想の修正](8日前)
6890,フェローテック,電気機器,16.1,★☆☆☆☆,10.4,0.0,1.0,0.0,4.7,0.0,0.0,0.0,,Lam Research,0.1,13.5,7.8,11.0,7790,9230.0,-1.5,0.5,14348,Lam Research+10.0%連動(β0.40)
6794,フォスター電機,電気機器,16.1,★☆☆☆☆,6.1,0.0,3.0,0.0,7.0,0.0,0.0,0.0,,SK hynix,1.0,2.8,4.2,3.5,2718,2970.0,-2.0,1.8,506,SK hynix+5.8%連動(β0.21) 未反応+1.0%
2060,フィード・ワン,食料品,16.0,★☆☆☆☆,0.0,0.0,1.0,0.0,15.0,0.0,0.0,0.0,,,0.0,4.3,2.2,4.4,1284,1342.0,7.4,1.4,101,MA上昇配列 / パーフェクトオーダー / 52週高値ブレイク!
5108,ブリヂストン,ゴム製品,16.0,★☆☆☆☆,0.0,0.0,4.0,0.0,12.0,0.0,0.0,0.0,,,0.0,17.7,3.1,10.1,3966,4229.0,8.9,1.3,20203,MA上昇配列 / パーフェクトオーダー
8364,清水銀行,銀行業,16.0,★☆☆☆☆,0.0,0.0,1.0,0.0,15.0,0.0,0.0,0.0,,,0.0,9.8,4.0,8.7,2702,2939.0,9.0,1.2,122,MA上昇配列 / パーフェクトオーダー / 52週高値ブレイク!
7296,エフ・シー・シー,輸送用機器,16.0,★☆☆☆☆,0.0,0.0,4.0,0.0,12.0,0.0,0.0,0.0,,,0.0,18.1,3.1,10.8,3844,4100.0,7.9,1.3,544,MA上昇配列 / パーフェクトオーダー
6277,ホソカワミクロン,機械,16.0,★☆☆☆☆,8.6,0.0,0.0,0.0,6.0,0.0,1.4,0.0,,Emerson,2.0,6.1,3.3,3.5,4836,5180.0,-1.3,0.7,190,Emerson+3.5%連動(β0.30) 未反応+2.0% / 開示[業績予想の修正](6日前)
6351,鶴見製作所,機械,16.0,★☆☆☆☆,0.0,0.0,2.0,0.0,12.0,0.0,2.0,0.0,,,0.0,8.6,4.2,6.4,2234,2436.0,9.1,1.0,163,MA上昇配列 / パーフェクトオーダー / 開示[上方修正](7日前)
7184,富山第一銀行,銀行業,16.0,★☆☆☆☆,0.0,0.0,1.0,0.0,15.0,0.0,0.0,0.0,,,0.0,19.9,4.9,11.1,2948,3265.0,8.5,1.0,725,MA上昇配列 / パーフェクトオーダー / 52週高値ブレイク!
6769,ザインエレクトロニクス,電気機器,16.0,★☆☆☆☆,12.3,0.0,0.0,0.0,3.7,0.0,0.0,0.0,,ASML,2.2,6.1,4.7,6.3,984,1086.0,5.4,0.5,127,ASML+6.6%連動(β0.34) 未反応+2.2%
8345,岩手銀行,銀行業,16.0,★☆☆☆☆,0.0,0.0,1.0,0.0,15.0,0.0,0.0,0.0,,,0.0,18.6,4.3,11.3,2259,2474.0,8.8,1.2,682,MA上昇配列 / パーフェクトオーダー / 52週高値ブレイク!
3964,オークネット,情報・通信業,16.0,★☆☆☆☆,0.0,0.0,4.0,0.0,12.0,0.0,0.0,0.0,,,0.0,4.1,3.4,4.7,1376,1477.0,0.5,0.9,615,資金流入増 / MA上昇配列 / パーフェクトオーダー
8616,東海東京フィナンシャル・ホールディングス,証券、商品先物取引業,16.0,★☆☆☆☆,0.0,0.0,1.0,0.0,15.0,0.0,0.0,0.0,,,0.0,7.6,2.4,4.7,799,840.0,2.6,1.0,768,MA上昇配列 / パーフェクトオーダー / 52週高値ブレイク!
2805,ヱスビー食品,食料品,16.0,★☆☆☆☆,0.0,0.0,4.0,0.0,12.0,0.0,0.0,0.0,,,0.0,18.0,4.7,8.3,6164,6810.0,-2.2,1.2,410,MA上昇配列 / パーフェクトオーダー
6240,ヤマシンフィルタ,機械,16.0,★☆☆☆☆,16.0,0.0,0.0,0.0,0.0,0.0,0.0,0.0,,Emerson,6.3,4.7,3.4,-0.1,495,531.0,-5.0,1.1,208,Emerson+3.5%連動(β0.46) 未反応+6.3%
7337,ひろぎんホールディングス,銀行業,16.0,★☆☆☆☆,5.8,0.0,2.0,0.0,8.2,0.0,0.0,0.0,,Emerson,1.0,3.2,2.9,2.3,2154,2286.5,5.4,0.7,1814,Emerson+3.5%連動(β0.30) 未反応+1.0% / MA上昇配列 / パーフェクトオーダー
6471,日本精工,機械,15.9,★☆☆☆☆,6.9,0.0,2.0,0.0,7.0,0.0,0.0,0.0,,Lam Research,1.1,4.3,3.8,3.1,1088,1178.0,-1.2,0.6,3225,Lam Research+10.0%連動(β0.15) 未反応+1.1%
9147,ＮＩＰＰＯＮ　ＥＸＰＲＥＳＳホールディングス,陸運業,15.899999999999999,★☆☆☆☆,0.0,0.0,1.0,0.0,12.2,0.0,2.7,0.0,,,0.0,2.8,3.1,3.7,5241,5592.0,8.4,1.4,7006,MA上昇配列 / パーフェクトオーダー / 52週高値目前 / 開示[業績予想の修正](6日前) / 開示[自己株式の取得](8日前)
5393,ニチアス,ガラス・土石製品,15.8,★☆☆☆☆,9.8,0.0,0.0,0.0,6.0,0.0,0.0,0.0,,Lam Research,2.0,2.4,4.1,3.5,3285,3576.0,-1.9,0.5,2211,Lam Research+10.0%連動(β0.16) 未反応+2.0%
4544,Ｈ．Ｕ．グループホールディングス,サービス業,15.7,★☆☆☆☆,0.0,0.0,5.7,0.0,10.0,0.0,0.0,0.0,,,0.0,9.6,2.8,7.8,3475,3680.0,10.0,3.3,822,出来高急増3.3倍 / MA上昇配列
6418,日本金銭機械,機械,15.7,★☆☆☆☆,0.0,0.0,8.0,0.0,7.7,0.0,0.0,0.0,,,0.0,19.0,2.8,13.6,1192,1263.0,11.9,3.0,160,出来高急増3.0倍 / 買い出来高優勢 / MA上昇配列
4681,リゾートトラスト,サービス業,15.7,★☆☆☆☆,0.0,0.0,5.7,0.0,10.0,0.0,0.0,0.0,,,0.0,7.5,3.2,5.7,1743,1860.0,8.1,3.2,1042,出来高急増3.2倍 / MA上昇配列
7380,十六フィナンシャルグループ,銀行業,15.6,★☆☆☆☆,2.9,0.0,3.0,0.0,9.7,0.0,0.0,0.0,,Emerson,-3.2,4.6,3.8,5.2,2382,2579.0,8.2,1.3,1334,Emerson+3.5%連動(β0.33) / MA上昇配列 / パーフェクトオーダー / 52週高値目前
9962,ミスミグループ本社,卸売業,15.6,★☆☆☆☆,13.4,0.0,1.0,0.0,1.2,0.0,0.0,0.0,,Lam Research,2.4,-5.2,5.0,-2.2,3315,3687.0,-9.0,1.0,6682,Lam Research+10.0%連動(β0.24) 未反応+2.4%
9076,セイノーホールディングス,陸運業,15.5,★☆☆☆☆,0.0,0.0,2.0,0.0,13.5,0.0,0.0,0.0,,,0.0,2.8,2.6,3.2,2629,2774.0,7.3,0.9,1214,MA上昇配列 / パーフェクトオーダー / 52週高値目前
5401,日本製鉄,鉄鋼,15.5,★☆☆☆☆,0.0,0.0,5.3,0.0,10.2,0.0,0.0,0.0,,,0.0,23.0,2.9,11.3,650,690.9000244140625,7.0,0.7,33155,買い出来高優勢 / 資金流入増 / MA上昇配列 / 52週高値目前
7752,リコー,電気機器,15.5,★☆☆☆☆,0.0,0.0,2.0,0.0,12.0,0.0,1.5,0.0,,,0.0,7.3,3.1,5.7,1549,1651.0,7.7,0.6,4871,MA上昇配列 / パーフェクトオーダー / 開示[自己株式の取得](7日前)
1939,四電工,建設業,15.5,★☆☆☆☆,0.0,0.0,2.0,0.0,13.5,0.0,0.0,0.0,,,0.0,6.2,2.4,3.7,1991,2090.0,0.8,1.2,172,MA上昇配列 / パーフェクトオーダー / 52週高値目前
7741,ＨＯＹＡ,精密機器,15.5,★☆☆☆☆,6.5,0.0,2.0,0.0,7.0,0.0,0.0,0.0,,Lam Research,-1.7,3.5,3.2,5.7,24865,26560.0,2.5,0.8,25871,Lam Research+10.0%連動(β0.26)
9434,ソフトバンク,情報・通信業,15.5,★☆☆☆☆,0.0,0.0,2.0,0.0,13.5,0.0,0.0,0.0,,,0.0,6.3,2.5,4.3,222,233.39999389648438,1.1,1.0,19351,MA上昇配列 / パーフェクトオーダー / 52週高値目前
7239,タチエス,輸送用機器,15.5,★☆☆☆☆,0.0,0.0,2.0,0.0,13.5,0.0,0.0,0.0,,,0.0,6.7,2.1,3.0,2184,2278.0,-1.6,0.9,208,MA上昇配列 / パーフェクトオーダー / 52週高値目前
8133,伊藤忠エネクス,卸売業,15.5,★☆☆☆☆,0.0,0.0,2.0,0.0,13.5,0.0,0.0,0.0,,,0.0,4.9,2.6,3.2,2031,2142.0,4.3,0.6,279,MA上昇配列 / パーフェクトオーダー / 52週高値目前
3401,帝人,繊維製品,15.5,★☆☆☆☆,0.0,0.0,2.0,0.0,13.5,0.0,0.0,0.0,,,0.0,5.9,2.9,5.4,1685,1788.5,9.7,0.9,1487,MA上昇配列 / パーフェクトオーダー / 52週高値目前
5707,東邦亜鉛,非鉄金属,15.5,★☆☆☆☆,8.5,0.0,4.0,0.0,6.0,0.0,0.0,-3.0,,SK hynix,1.6,24.1,5.6,17.6,894,1006.0,11.2,1.9,368,SK hynix+5.8%連動(β0.27) 未反応+1.6% / 伸びすぎ注意(25MA+18%)
3402,東レ,繊維製品,15.5,★☆☆☆☆,0.0,0.0,2.0,0.0,13.5,0.0,0.0,0.0,,,0.0,16.9,3.3,13.2,1265,1355.0,14.0,1.2,6539,MA上昇配列 / パーフェクトオーダー / 52週高値目前
2602,日清オイリオグループ,食料品,15.5,★☆☆☆☆,0.0,0.0,2.0,0.0,13.5,0.0,0.0,0.0,,,0.0,3.8,2.4,3.0,1884,1978.0,9.0,0.8,573,MA上昇配列 / パーフェクトオーダー / 52週高値目前
5970,ジーテクト,金属製品,15.5,★☆☆☆☆,0.0,0.0,2.0,0.0,13.5,0.0,0.0,0.0,,,0.0,9.2,2.2,6.6,2182,2281.0,7.0,1.0,248,MA上昇配列 / パーフェクトオーダー / 52週高値目前
4578,大塚ホールディングス,医薬品,15.5,★☆☆☆☆,0.0,0.0,2.0,0.0,13.5,0.0,0.0,0.0,,,0.0,12.6,3.8,8.5,11501,12435.0,5.3,0.7,19349,MA上昇配列 / パーフェクトオーダー / 52週高値目前
9279,ギフトホールディングス,小売業,15.5,★☆☆☆☆,0.0,0.0,3.3,0.0,12.2,0.0,0.0,0.0,,,0.0,13.5,3.6,7.4,4937,5320.0,0.6,0.7,504,買い出来高優勢 / MA上昇配列 / パーフェクトオーダー / 52週高値目前
2503,キリンホールディングス,食料品,15.4,★☆☆☆☆,0.0,0.0,1.0,0.0,12.0,0.0,2.4,0.0,,,0.0,5.8,3.2,3.6,2848,3041.0,7.5,0.8,12330,MA上昇配列 / パーフェクトオーダー / 開示[子会社化](6日前) / 開示[自己株式の取得](8日前)
8410,セブン銀行,銀行業,15.4,★☆☆☆☆,0.0,0.0,2.0,0.0,12.0,0.0,1.4,0.0,,,0.0,9.4,2.8,5.5,313,331.5,3.3,0.5,2329,MA上昇配列 / パーフェクトオーダー / 開示[業績予想の修正](6日前)
6298,ワイエイシイホールディングス,機械,15.4,★☆☆☆☆,8.4,0.0,2.0,0.0,5.0,0.0,0.0,0.0,,Lam Research,-2.3,2.7,3.8,7.0,1186,1284.0,4.2,1.8,253,Lam Research+10.0%連動(β0.34)
4543,テルモ,精密機器,15.4,★☆☆☆☆,0.0,0.0,4.3,0.0,9.7,0.0,1.4,0.0,,,0.0,16.9,3.3,13.7,2445,2620.5,14.5,1.3,11192,買い出来高優勢 / MA上昇配列 / パーフェクトオーダー / 開示[業績予想の修正](6日前)
6364,ＡＩＲＭＡＮ,機械,15.399999999999999,★☆☆☆☆,0.0,0.0,5.3,0.0,10.7,0.0,2.4,-3.0,,,0.0,37.7,5.4,18.4,2325,2604.0,-4.3,0.8,373,買い出来高優勢 / 資金流入増 / MA上昇配列 / パーフェクトオーダー / 伸びすぎ注意(25MA+18%) / 開示[自己株式の取得](3日前)
5991,日本発條,金属製品,15.399999999999999,★☆☆☆☆,11.7,0.0,0.0,0.0,3.7,0.0,0.0,0.0,,Lam Research,2.1,-3.4,5.0,-1.0,3246,3606.0,0.0,0.8,3154,Lam Research+10.0%連動(β0.21) 未反応+2.1%
6724,セイコーエプソン,電気機器,15.3,★☆☆☆☆,0.0,0.0,2.0,0.0,12.0,0.0,1.3,0.0,,,0.0,10.3,3.5,6.5,2937,3157.0,4.0,1.0,5766,MA上昇配列 / パーフェクトオーダー / 開示[自己株式取得](8日前)
3941,レンゴー,パルプ・紙,15.3,★☆☆☆☆,0.0,0.0,2.0,0.0,12.0,0.0,1.3,0.0,,,0.0,13.3,3.0,7.8,1516,1614.5,0.0,0.8,1789,MA上昇配列 / パーフェクトオーダー / 開示[自己株式の取得](8日前)
6522,アスタリスク,電気機器,15.3,★☆☆☆☆,0.0,0.0,5.3,0.0,10.0,0.0,0.0,0.0,,,0.0,3.7,11.1,11.4,1480,1901.0,14.4,2.1,2615,出来高増2.1倍 / MA上昇配列 / パーフェクトオーダー
4091,日本酸素ホールディングス,化学,15.3,★☆☆☆☆,3.3,0.0,0.0,0.0,12.0,0.0,0.0,0.0,,ASML,-0.6,0.9,3.4,2.7,5731,6149.0,3.6,0.8,3123,ASML+6.6%連動(β0.20) / MA上昇配列 / パーフェクトオーダー
3001,片倉工業,繊維製品,15.3,★☆☆☆☆,0.0,0.0,4.3,0.0,8.7,0.0,2.3,0.0,,,0.0,15.5,2.7,9.4,2840,3000.0,3.8,0.8,163,買い出来高優勢 / MA上昇配列 / 開示[業績予想の修正](1日前)
7979,松風,精密機器,15.3,★☆☆☆☆,0.0,0.0,2.0,0.0,12.0,0.0,1.3,0.0,,,0.0,13.1,3.3,11.2,2251,2410.0,9.4,1.8,238,MA上昇配列 / パーフェクトオーダー / 開示[増配](8日前)
8393,宮崎銀行,銀行業,15.299999999999999,★☆☆☆☆,2.6,0.0,3.0,0.0,9.7,0.0,0.0,0.0,,Emerson,-0.2,11.4,4.4,6.5,2283,2502.0,4.4,1.3,687,Emerson+3.5%連動(β0.30) / MA上昇配列 / パーフェクトオーダー / 52週高値目前
6834,精工技研,電気機器,15.299999999999997,★☆☆☆☆,5.6,0.0,5.3,0.0,5.0,0.0,2.4,-3.0,,Lumentum,-8.9,13.8,8.6,18.3,20503,24780.0,2.7,2.6,4894,Lumentum+8.2%連動(β0.27) / 出来高増2.6倍 / 伸びすぎ注意(25MA+18%) / 開示[増配](3日前)
287A,黒田グループ,卸売業,15.2,★☆☆☆☆,0.0,0.0,3.0,0.0,12.2,0.0,0.0,0.0,,,0.0,7.9,2.6,7.0,1130,1191.0,3.7,1.3,585,MA上昇配列 / パーフェクトオーダー / 52週高値目前
6474,不二越,機械,15.2,★☆☆☆☆,10.5,0.0,1.0,0.0,3.7,0.0,0.0,0.0,,HPE,1.9,-7.9,4.9,-2.4,5123,5680.0,2.2,0.4,1022,HPE+9.4%連動(β0.20) 未反応+1.9%
4206,アイカ工業,化学,15.2,★☆☆☆☆,0.0,0.0,3.0,0.0,12.2,0.0,0.0,0.0,,,0.0,13.2,2.7,10.3,3948,4176.0,7.0,0.9,1294,MA上昇配列 / パーフェクトオーダー / 52週高値目前
4208,ＵＢＥ,化学,15.2,★☆☆☆☆,0.0,0.0,3.0,0.0,12.2,0.0,0.0,0.0,,,0.0,17.3,2.5,12.3,3465,3650.0,16.0,1.5,3383,MA上昇配列 / パーフェクトオーダー / 52週高値目前
5334,日本特殊陶業,ガラス・土石製品,15.100000000000001,★☆☆☆☆,11.4,0.0,0.0,0.0,3.7,0.0,0.0,0.0,,Lam Research,2.4,-3.4,3.5,-0.6,9030,9703.0,-4.5,0.5,11424,Lam Research+10.0%連動(β0.17) 未反応+2.4%
5142,アキレス,化学,15.100000000000001,★☆☆☆☆,0.0,0.0,7.3,0.0,10.5,0.0,2.3,-5.0,,,0.0,46.9,4.3,36.2,1679,1835.0,33.9,1.8,137,買い出来高優勢 / 資金流入増 / MA上昇配列 / 52週高値ブレイク! / RSI過熱(91)⚠ / 過熱⚠25MA+36% / 開示[上方修正](6日前)
8337,千葉興業銀行,銀行業,15.1,★☆☆☆☆,2.9,0.0,0.0,0.0,12.2,0.0,0.0,0.0,,SK hynix,-5.8,0.1,3.6,4.1,2567,2764.0,6.1,1.0,342,SK hynix+5.8%連動(β0.20) / MA上昇配列 / パーフェクトオーダー / 52週高値目前
4188,三菱ケミカルグループ,化学,15.1,★☆☆☆☆,2.9,0.0,0.0,0.0,12.2,0.0,0.0,0.0,,ASML,-2.4,1.6,4.0,3.5,1130,1227.0,6.3,0.7,7735,ASML+6.6%連動(β0.17) / MA上昇配列 / パーフェクトオーダー / 52週高値目前
8117,中央自動車工業,卸売業,15.0,★☆☆☆☆,0.0,0.0,3.0,0.0,12.0,0.0,0.0,0.0,,,0.0,2.3,3.1,2.4,2038,2171.0,1.3,1.7,215,MA上昇配列 / パーフェクトオーダー
5975,東プレ,金属製品,15.0,★☆☆☆☆,3.0,0.0,4.3,0.0,10.7,0.0,0.0,-3.0,,Emerson,-7.9,24.7,3.7,16.9,3002,3245.0,15.5,0.9,394,Emerson+3.5%連動(β0.35) / 買い出来高優勢 / MA上昇配列 / パーフェクトオーダー / 伸びすぎ注意(25MA+17%)
8218,コメリ,小売業,15.0,★☆☆☆☆,0.0,0.0,3.0,0.0,12.0,0.0,0.0,0.0,,,0.0,10.9,3.6,5.2,3595,3870.0,2.8,0.5,551,MA上昇配列 / パーフェクトオーダー
7912,大日本印刷,その他製品,15.0,★☆☆☆☆,0.0,0.0,0.0,0.0,15.0,0.0,0.0,0.0,,,0.0,3.7,3.0,6.5,3104,3302.0,11.2,1.1,4965,MA上昇配列 / パーフェクトオーダー / 52週高値ブレイク!
4743,アイティフォー,情報・通信業,15.0,★☆☆☆☆,0.0,0.0,4.0,0.0,11.0,0.0,0.0,0.0,,,0.0,4.9,2.0,3.4,1681,1752.0,5.9,1.7,122,MA上昇配列 / パーフェクトオーダー / 52週高値目前
6454,マックス,機械,15.0,★☆☆☆☆,0.0,0.0,3.0,0.0,12.0,0.0,0.0,0.0,,,0.0,7.2,3.4,3.5,1716,1842.0,-5.1,0.6,586,MA上昇配列 / パーフェクトオーダー
8022,美津濃,その他製品,15.0,★☆☆☆☆,0.0,0.0,3.0,0.0,12.0,0.0,0.0,0.0,,,0.0,14.9,3.8,11.7,3857,4175.0,13.0,1.2,1007,MA上昇配列 / パーフェクトオーダー
8361,大垣共立銀行,銀行業,15.0,★☆☆☆☆,2.8,0.0,0.0,0.0,12.2,0.0,0.0,0.0,,Emerson,-4.3,2.7,4.5,4.8,7314,8040.0,7.5,1.0,1527,Emerson+3.5%連動(β0.32) / MA上昇配列 / パーフェクトオーダー / 52週高値目前
8344,山形銀行,銀行業,15.0,★☆☆☆☆,0.0,0.0,3.0,0.0,15.0,0.0,0.0,-3.0,,,0.0,21.4,4.8,16.4,4149,4585.0,13.9,1.1,593,MA上昇配列 / パーフェクトオーダー / 52週高値ブレイク! / 伸びすぎ注意(25MA+16%)
3901,マークラインズ,情報・通信業,14.9,★☆☆☆☆,0.0,0.0,6.7,0.0,6.7,0.0,1.5,0.0,,,0.0,11.9,2.7,12.0,1471,1553.0,16.2,2.6,124,出来高増2.6倍 / 買い出来高優勢 / MA上昇配列 / 開示[自己株式取得](7日前)
9310,日本トランスシティ,倉庫・運輸関連業,14.9,★☆☆☆☆,0.0,0.0,4.3,0.0,9.5,0.0,1.1,0.0,,,0.0,8.8,3.7,5.0,1277,1378.0,0.5,0.7,172,買い出来高優勢 / MA上昇配列 / パーフェクトオーダー / 開示[自己株式の取得](9日前)
7725,インターアクション,精密機器,14.9,★☆☆☆☆,6.9,0.0,2.0,0.0,6.0,0.0,0.0,0.0,,Lam Research,-4.7,6.8,5.1,10.1,1744,1941.0,3.4,0.4,306,Lam Research+10.0%連動(β0.28)
6098,リクルートホールディングス,サービス業,14.899999999999999,★☆☆☆☆,4.4,0.0,3.3,0.0,12.2,0.0,0.0,-5.0,,ASML,-29.0,32.2,4.1,28.6,15403,16790.0,32.0,1.1,60333,ASML+6.6%連動(β0.27) / 買い出来高優勢 / MA上昇配列 / パーフェクトオーダー / 52週高値目前 / 過熱⚠25MA+29%
4665,ダスキン,サービス業,14.899999999999999,★☆☆☆☆,0.0,0.0,6.7,0.0,8.2,0.0,0.0,0.0,,,0.0,3.1,2.5,2.7,4377,4603.0,6.5,4.2,517,出来高急増4.2倍 / MA上昇配列 / パーフェクトオーダー
6875,メガチップス,電気機器,14.899999999999999,★☆☆☆☆,7.4,0.0,2.0,0.0,7.0,0.0,1.5,-3.0,,Ciena,-11.2,11.8,4.3,15.7,10461,11440.0,21.1,0.9,1405,Ciena+14.2%連動(β0.21) / 伸びすぎ注意(25MA+16%) / 開示[自己株式取得](7日前)
9348,ｉｓｐａｃｅ,サービス業,14.899999999999999,★☆☆☆☆,0.0,12.2,0.0,0.0,2.7,0.0,0.0,0.0,,,0.0,-4.7,2.6,-0.4,399,421.0,-0.2,0.6,543,宇宙(+3.1%)
3878,巴川コーポレーション,化学,14.8,★☆☆☆☆,2.8,0.0,6.3,0.0,5.7,0.0,0.0,0.0,,SK hynix,-5.3,17.0,4.2,10.6,822,897.0,5.8,1.2,103,SK hynix+5.8%連動(β0.20) / 買い出来高優勢 / 資金流入増
6448,ブラザー工業,電気機器,14.8,★☆☆☆☆,0.0,0.0,5.3,0.0,11.0,0.0,1.5,-3.0,,,0.0,25.4,3.0,16.7,4418,4701.0,15.2,1.4,4294,買い出来高優勢 / MA上昇配列 / パーフェクトオーダー / 52週高値目前 / RSI過熱(87)⚠ / 伸びすぎ注意(25MA+17%) / 開示[自己株式の取得](7日前)
2734,サーラコーポレーション,小売業,14.8,★☆☆☆☆,0.0,0.0,4.3,0.0,9.0,0.0,1.5,0.0,,,0.0,4.7,2.0,3.5,1142,1190.0,4.8,1.2,185,買い出来高優勢 / MA上昇配列 / 52週高値目前 / 開示[自己株式の取得](7日前)
7942,ＪＳＰ,化学,14.8,★☆☆☆☆,0.0,0.0,5.3,0.0,12.5,0.0,0.0,-3.0,,,0.0,26.2,3.6,18.5,2883,3105.0,7.8,1.1,243,買い出来高優勢 / 資金流入増 / MA上昇配列 / パーフェクトオーダー / 52週高値ブレイク! / RSI過熱(86)⚠ / 伸びすぎ注意(25MA+19%)
8011,三陽商会,繊維製品,14.8,★☆☆☆☆,0.0,0.0,5.3,0.0,12.5,0.0,0.0,-3.0,,,0.0,30.0,3.4,17.0,5121,5490.0,7.6,1.7,193,買い出来高優勢 / MA上昇配列 / パーフェクトオーダー / 52週高値ブレイク! / RSI過熱(86)⚠ / 伸びすぎ注意(25MA+17%)
8306,三菱ＵＦＪフィナンシャル・グループ,銀行業,14.799999999999999,★☆☆☆☆,6.6,0.0,0.0,0.0,8.2,0.0,0.0,0.0,,ASML,1.2,1.4,3.0,0.7,3390,3606.0,3.9,0.9,167710,ASML+6.6%連動(β0.18) 未反応+1.2% / MA上昇配列 / パーフェクトオーダー
2222,寿スピリッツ,食料品,14.7,★☆☆☆☆,0.0,0.0,1.0,0.0,13.7,0.0,0.0,0.0,,,0.0,2.0,3.4,4.6,2505,2687.5,5.8,0.9,1606,MA上昇配列 / パーフェクトオーダー / 52週高値ブレイク!
6145,ＮＩＴＴＯＫＵ,機械,14.7,★☆☆☆☆,14.7,0.0,0.0,0.0,0.0,0.0,0.0,0.0,,SK hynix,15.2,-12.7,5.8,-9.0,2126,2406.0,-15.2,0.9,363,SK hynix+5.8%連動(β0.19) 未反応+15.2%
4396,システムサポートホールディングス,情報・通信業,14.7,★☆☆☆☆,0.0,0.0,8.0,0.0,6.7,0.0,0.0,0.0,,,0.0,18.6,2.9,14.6,1193,1268.0,14.9,14.5,122,出来高急増14.5倍 / 買い出来高優勢 / MA上昇配列
3632,グリーホールディングス,情報・通信業,14.7,★☆☆☆☆,0.0,0.0,3.0,0.0,10.0,0.0,1.7,0.0,,,0.0,8.3,2.2,6.7,406,425.0,8.4,1.5,238,MA上昇配列 / パーフェクトオーダー / 開示[増配](6日前)
4471,三洋化成工業,化学,14.7,★☆☆☆☆,0.0,0.0,5.3,0.0,11.0,0.0,3.4,-5.0,,,0.0,28.8,3.6,23.2,5926,6390.0,23.4,1.0,739,買い出来高優勢 / 資金流入増 / MA上昇配列 / パーフェクトオーダー / 52週高値目前 / RSI過熱(86)⚠ / 過熱⚠25MA+23% / 開示[増配](8日前) / 開示[自己株式取得](8日前)
4072,電算システムホールディングス,情報・通信業,14.7,★☆☆☆☆,0.0,0.0,6.7,0.0,8.0,0.0,0.0,0.0,,,0.0,3.4,2.1,3.4,2890,3015.0,4.0,7.0,102,出来高急増7.0倍 / MA上昇配列
7433,伯東,卸売業,14.7,★☆☆☆☆,0.0,0.0,4.0,0.0,10.7,0.0,0.0,0.0,,,0.0,17.4,3.1,10.7,4973,5300.0,2.9,1.4,573,MA上昇配列 / パーフェクトオーダー
6958,日本シイエムケイ,電気機器,14.600000000000001,★☆☆☆☆,6.5,0.0,2.0,0.0,8.0,0.0,1.1,-3.0,,Lam Research,-4.3,16.5,4.9,16.4,687,762.0,13.7,1.0,561,Lam Research+10.0%連動(β0.26) / 伸びすぎ注意(25MA+16%) / 開示[業績予想の修正](8日前)
8163,ＳＲＳホールディングス,小売業,14.6,★☆☆☆☆,0.0,0.0,4.0,0.0,9.5,0.0,1.1,0.0,,,0.0,14.2,4.1,5.9,1341,1461.0,-4.3,0.6,310,資金流入増 / MA上昇配列 / パーフェクトオーダー / 開示[子会社化](6日前)
4902,コニカミノルタ,電気機器,14.6,★☆☆☆☆,2.9,0.0,3.0,0.0,8.7,0.0,0.0,0.0,,Emerson,-5.3,9.1,5.1,5.5,596,663.5,9.7,0.9,2860,Emerson+3.5%連動(β0.34) / MA上昇配列
8354,ふくおかフィナンシャルグループ,銀行業,14.6,★☆☆☆☆,4.9,0.0,0.0,0.0,9.7,0.0,0.0,0.0,,Emerson,0.6,2.5,3.1,3.1,7227,7704.0,2.7,1.0,5549,Emerson+3.5%連動(β0.36) 未反応+0.6% / MA上昇配列 / パーフェクトオーダー / 52週高値目前
5631,日本製鋼所,機械,14.6,★☆☆☆☆,6.3,0.0,3.3,0.0,5.0,0.0,0.0,0.0,,Lam Research,-0.5,3.1,3.8,3.9,7366,7974.0,4.1,0.8,5999,Lam Research+10.0%連動(β0.25) / 買い出来高優勢
4221,大倉工業,化学,14.5,★☆☆☆☆,0.0,0.0,1.0,0.0,13.5,0.0,0.0,0.0,,,0.0,14.2,3.2,8.5,5314,5680.0,2.5,0.3,350,MA上昇配列 / パーフェクトオーダー / 52週高値目前
9900,サガミホールディングス,小売業,14.5,★☆☆☆☆,0.0,0.0,4.3,0.0,10.2,0.0,0.0,0.0,,,0.0,25.2,3.2,12.6,2065,2205.0,5.6,0.8,235,買い出来高優勢 / MA上昇配列 / 52週高値目前
8707,岩井コスモホールディングス,証券、商品先物取引業,14.5,★☆☆☆☆,0.0,0.0,1.0,0.0,13.5,0.0,0.0,0.0,,,0.0,3.8,2.8,3.8,4169,4415.0,2.9,0.7,544,MA上昇配列 / パーフェクトオーダー / 52週高値目前
6258,平田機工,機械,14.5,★☆☆☆☆,6.5,0.0,3.0,0.0,8.0,0.0,0.0,-3.0,,Lam Research,-10.6,19.1,5.7,19.7,3222,3640.0,13.7,1.5,1203,Lam Research+10.0%連動(β0.26) / 伸びすぎ注意(25MA+20%)
2269,明治ホールディングス,食料品,14.5,★☆☆☆☆,0.0,0.0,1.0,0.0,13.5,0.0,0.0,0.0,,,0.0,10.7,3.3,8.8,3918,4192.0,16.1,0.8,5217,MA上昇配列 / パーフェクトオーダー / 52週高値目前
8613,丸三証券,証券、商品先物取引業,14.5,★☆☆☆☆,0.0,0.0,1.0,0.0,13.5,0.0,0.0,0.0,,,0.0,7.8,2.2,4.9,1165,1219.0,2.4,0.5,407,MA上昇配列 / パーフェクトオーダー / 52週高値目前
7278,エクセディ,輸送用機器,14.5,★☆☆☆☆,0.0,0.0,1.0,0.0,13.5,0.0,0.0,0.0,,,0.0,3.3,1.7,2.6,5930,6140.0,4.1,0.8,1143,MA上昇配列 / パーフェクトオーダー / 52週高値目前
6676,ＢＵＦＦＡＬＯ,電気機器,14.5,★☆☆☆☆,0.0,0.0,1.0,0.0,13.5,0.0,0.0,0.0,,,0.0,8.3,2.9,5.6,2701,2866.0,2.4,1.4,134,MA上昇配列 / パーフェクトオーダー / 52週高値目前
8935,ＦＪネクストホールディングス,不動産業,14.5,★☆☆☆☆,0.0,0.0,1.0,0.0,13.5,0.0,0.0,0.0,,,0.0,8.8,2.6,6.2,1878,1982.0,2.2,1.1,111,MA上昇配列 / パーフェクトオーダー / 52週高値目前
5367,ニッカトー,ガラス・土石製品,14.5,★☆☆☆☆,3.5,0.0,3.3,0.0,7.7,0.0,0.0,0.0,,SK hynix,-5.4,5.4,7.8,8.1,1096,1300.0,1.3,0.7,659,SK hynix+5.8%連動(β0.24) / 買い出来高優勢 / MA上昇配列 / パーフェクトオーダー
8142,トーホー,卸売業,14.5,★☆☆☆☆,0.0,0.0,1.0,0.0,13.5,0.0,0.0,0.0,,,0.0,0.9,2.0,2.2,1323,1378.0,3.0,0.3,245,MA上昇配列 / パーフェクトオーダー / 52週高値目前
4182,三菱瓦斯化学,化学,14.4,★☆☆☆☆,8.2,0.0,3.3,0.0,1.5,0.0,1.4,0.0,,SK hynix,1.5,-11.7,7.2,-7.7,3463,4050.0,-6.3,2.5,6078,SK hynix+5.8%連動(β0.26) 未反応+1.5% / 出来高増2.5倍 / 開示[業績予想の修正](6日前)
9934,因幡電機産業,卸売業,14.3,★☆☆☆☆,0.0,0.0,3.3,0.0,11.0,0.0,0.0,0.0,,,0.0,11.5,2.5,7.5,2898,3048.0,3.2,0.9,607,買い出来高優勢 / MA上昇配列 / パーフェクトオーダー / 52週高値目前 / RSI過熱(87)⚠
8088,岩谷産業,卸売業,14.3,★☆☆☆☆,0.0,0.0,3.3,0.0,11.0,0.0,0.0,0.0,,,0.0,12.1,2.9,9.5,2093,2220.0,10.8,1.0,1936,買い出来高優勢 / MA上昇配列 / パーフェクトオーダー
2749,ＪＰホールディングス,サービス業,14.3,★☆☆☆☆,0.0,0.0,5.3,0.0,9.0,0.0,0.0,0.0,,,0.0,5.0,2.0,5.2,631,657.0,7.4,2.5,174,出来高増2.5倍 / MA上昇配列
7846,パイロットコーポレーション,その他製品,14.2,★☆☆☆☆,0.0,0.0,1.0,0.0,12.0,0.0,1.2,0.0,,,0.0,11.3,2.6,8.0,1869,1969.5,10.9,0.9,415,MA上昇配列 / パーフェクトオーダー / 開示[業績予想の修正](7日前)
7976,三菱鉛筆,その他製品,14.2,★☆☆☆☆,0.0,0.0,2.0,0.0,12.2,0.0,0.0,0.0,,,0.0,7.8,3.0,7.0,2741,2917.0,4.4,0.5,408,MA上昇配列 / パーフェクトオーダー / 52週高値目前
6440,ＪＵＫＩ,機械,14.100000000000001,★☆☆☆☆,6.8,0.0,4.3,0.0,6.0,0.0,0.0,-3.0,,Emerson,1.2,23.7,5.3,16.4,585,654.0,1.1,0.6,232,Emerson+3.5%連動(β0.38) 未反応+1.2% / 買い出来高優勢 / 伸びすぎ注意(25MA+16%)
3106,倉敷紡績,繊維製品,14.1,★☆☆☆☆,0.0,0.0,3.0,0.0,9.7,0.0,1.4,0.0,,,0.0,3.2,4.8,1.9,9257,10230.0,3.1,0.7,556,MA上昇配列 / パーフェクトオーダー / 開示[業績予想の修正](6日前)
4595,ミズホメディー,医薬品,14.0,★☆☆☆☆,0.0,0.0,4.0,0.0,10.0,0.0,0.0,0.0,,,0.0,3.4,1.3,2.8,1674,1719.0,4.1,1.7,141,MA上昇配列
4613,関西ペイント,化学,14.0,★☆☆☆☆,0.0,0.0,2.0,0.0,12.0,0.0,0.0,0.0,,,0.0,9.7,2.5,6.2,2811,2958.5,3.3,0.8,3053,MA上昇配列 / パーフェクトオーダー
8098,稲畑産業,卸売業,14.0,★☆☆☆☆,0.0,0.0,2.0,0.0,12.0,0.0,0.0,0.0,,,0.0,4.5,1.7,3.1,3984,4125.0,2.9,1.1,399,MA上昇配列 / パーフェクトオーダー
4680,ラウンドワン,サービス業,14.0,★☆☆☆☆,0.0,0.0,3.0,0.0,11.0,0.0,0.0,0.0,,,0.0,-1.3,5.5,4.2,1165,1308.5,4.5,1.0,4447,MA上昇配列 / パーフェクトオーダー
1379,ホクト,水産・農林業,14.0,★☆☆☆☆,0.0,0.0,4.0,0.0,10.0,0.0,0.0,0.0,,,0.0,2.2,2.4,2.3,1883,1977.0,6.3,1.8,190,MA上昇配列
8173,Ｊｏｓｈｉｎ,小売業,14.0,★☆☆☆☆,0.0,0.0,2.0,0.0,12.0,0.0,0.0,0.0,,,0.0,16.5,4.2,5.9,3668,4005.0,-1.4,0.5,607,MA上昇配列 / パーフェクトオーダー
6062,チャーム・ケア・コーポレーション,サービス業,14.0,★☆☆☆☆,0.0,0.0,3.0,0.0,11.0,0.0,0.0,0.0,,,0.0,5.6,3.1,4.1,1337,1427.0,6.8,1.5,139,MA上昇配列 / パーフェクトオーダー
9069,センコーグループホールディングス,陸運業,14.0,★☆☆☆☆,0.0,0.0,3.0,0.0,11.0,0.0,0.0,0.0,,,0.0,8.2,2.2,5.2,2194,2296.5,4.6,1.4,952,MA上昇配列 / パーフェクトオーダー / 52週高値目前
9308,乾汽船,海運業,14.0,★☆☆☆☆,0.0,0.0,5.3,0.0,8.7,0.0,0.0,0.0,,,0.0,23.0,4.3,12.9,1860,2033.0,3.8,0.6,307,買い出来高優勢 / 資金流入増 / MA上昇配列 / パーフェクトオーダー
9436,沖縄セルラー電話,情報・通信業,14.0,★☆☆☆☆,0.0,0.0,2.0,0.0,12.0,0.0,0.0,0.0,,,0.0,4.2,2.6,1.8,3743,3950.0,-4.1,1.9,492,MA上昇配列 / パーフェクトオーダー
2681,ゲオホールディングス,小売業,14.0,★☆☆☆☆,0.0,0.0,3.0,0.0,11.0,0.0,0.0,0.0,,,0.0,15.0,3.6,8.5,2096,2260.0,10.9,1.0,482,MA上昇配列 / パーフェクトオーダー
6914,オプテックスグループ,電気機器,14.0,★☆☆☆☆,11.3,0.0,0.0,0.0,2.7,0.0,0.0,0.0,,Lam Research,2.1,-2.6,4.5,-1.9,3224,3545.0,-2.7,1.0,627,Lam Research+10.0%連動(β0.21) 未反応+2.1%
2121,ＭＩＸＩ,情報・通信業,14.0,★☆☆☆☆,0.0,0.0,3.0,0.0,11.0,0.0,0.0,0.0,,,0.0,11.2,3.6,8.1,3048,3285.0,2.2,0.6,1330,MA上昇配列 / パーフェクトオーダー
7575,日本ライフライン,卸売業,14.0,★☆☆☆☆,0.0,0.0,4.0,0.0,10.0,0.0,0.0,0.0,,,0.0,11.5,2.7,6.9,1456,1538.0,1.7,1.5,298,MA上昇配列
6777,ｓａｎｔｅｃ　Ｈｏｌｄｉｎｇｓ,電気機器,14.0,★☆☆☆☆,9.3,0.0,1.0,0.0,3.7,0.0,0.0,0.0,,Lam Research,0.3,-4.5,8.0,5.4,16939,20150.0,-6.1,1.3,3216,Lam Research+10.0%連動(β0.34)
4041,日本曹達,化学,14.0,★☆☆☆☆,0.0,0.0,2.0,0.0,12.0,0.0,0.0,0.0,,,0.0,8.4,1.8,4.4,3795,3940.0,3.3,0.8,413,MA上昇配列 / パーフェクトオーダー
8706,極東証券,証券、商品先物取引業,14.0,★☆☆☆☆,0.0,0.0,1.0,0.0,13.0,0.0,0.0,0.0,,,0.0,10.2,2.2,5.5,1771,1852.0,4.9,0.8,367,MA上昇配列 / 52週高値ブレイク!
7906,ヨネックス,その他製品,14.0,★☆☆☆☆,0.0,0.0,4.0,0.0,8.0,0.0,2.0,0.0,,,0.0,10.5,3.8,9.3,2608,2824.0,12.9,1.4,1609,MA上昇配列 / 開示[業績予想の修正](3日前)
6306,日工,機械,14.0,★☆☆☆☆,0.0,0.0,3.0,0.0,11.0,0.0,0.0,0.0,,,0.0,5.0,2.3,2.5,947,992.0,2.2,1.6,126,MA上昇配列 / パーフェクトオーダー / 52週高値目前
3201,日本毛織,繊維製品,14.0,★☆☆☆☆,0.0,0.0,3.3,0.0,10.7,0.0,0.0,0.0,,,0.0,7.6,2.1,5.3,1914,2000.0,4.1,0.6,255,買い出来高優勢 / MA上昇配列 / パーフェクトオーダー
6952,カシオ計算機,電気機器,14.0,★☆☆☆☆,0.0,0.0,5.3,0.0,13.7,0.0,0.0,-5.0,,,0.0,36.2,4.4,27.0,2268,2488.5,6.8,1.2,4163,買い出来高優勢 / MA上昇配列 / パーフェクトオーダー / 52週高値ブレイク! / 過熱⚠25MA+27%
5185,フコク,ゴム製品,14.0,★☆☆☆☆,0.0,0.0,5.3,0.0,8.7,0.0,0.0,0.0,,,0.0,11.6,1.8,9.8,1993,2067.0,11.5,1.2,126,買い出来高優勢 / MA上昇配列
8016,オンワードホールディングス,繊維製品,14.0,★☆☆☆☆,0.0,0.0,2.0,0.0,12.0,0.0,0.0,0.0,,,0.0,6.2,1.6,2.5,743,768.0,2.0,0.6,526,MA上昇配列 / パーフェクトオーダー
6804,ホシデン,電気機器,14.0,★☆☆☆☆,0.0,0.0,2.0,0.0,12.0,0.0,0.0,0.0,,,0.0,5.4,3.3,3.2,2730,2922.0,-0.4,0.9,736,MA上昇配列 / パーフェクトオーダー
4183,三井化学,化学,14.0,★☆☆☆☆,0.0,0.0,3.3,0.0,10.7,0.0,0.0,0.0,,,0.0,3.7,2.9,3.9,2106,2236.5,4.5,0.7,4831,買い出来高優勢 / MA上昇配列 / パーフェクトオーダー
4095,日本パーカライジング,化学,14.0,★☆☆☆☆,0.0,0.0,2.0,0.0,12.0,0.0,0.0,0.0,,,0.0,4.6,1.7,3.0,1667,1727.0,2.8,1.0,351,MA上昇配列 / パーフェクトオーダー
9101,日本郵船,海運業,14.0,★☆☆☆☆,0.0,0.0,2.0,0.0,12.0,0.0,0.0,0.0,,,0.0,14.8,2.7,5.7,5800,6128.0,1.8,0.7,18159,MA上昇配列 / パーフェクトオーダー
4434,サーバーワークス,情報・通信業,14.0,★☆☆☆☆,0.0,0.0,4.0,0.0,10.0,0.0,0.0,0.0,,,0.0,17.3,5.1,12.2,2176,2423.0,-2.1,0.5,185,資金流入増 / MA上昇配列 / パーフェクトオーダー
4452,花王,化学,14.0,★☆☆☆☆,0.0,0.0,2.0,0.0,12.0,0.0,0.0,0.0,,,0.0,8.1,3.3,6.3,3321,3557.0,11.6,1.3,13644,MA上昇配列 / パーフェクトオーダー
166A,タスキホールディングス,不動産業,14.0,★☆☆☆☆,0.0,0.0,2.0,0.0,12.0,0.0,0.0,0.0,,,0.0,4.9,3.9,5.1,1069,1158.0,2.6,0.6,805,MA上昇配列 / パーフェクトオーダー
6965,浜松ホトニクス,電気機器,13.9,★☆☆☆☆,7.9,0.0,1.0,0.0,5.0,0.0,0.0,0.0,,Lam Research,0.7,4.1,5.0,6.7,2292,2547.5,-0.1,1.3,7997,Lam Research+10.0%連動(β0.23) 未反応+0.7%
5410,合同製鐵,鉄鋼,13.9,★☆☆☆☆,2.6,0.0,3.3,0.0,8.0,0.0,0.0,0.0,,Emerson,-0.9,8.7,2.2,4.7,2798,2925.0,3.2,0.8,285,Emerson+3.5%連動(β0.30) / 買い出来高優勢 / MA上昇配列
6928,エノモト,電気機器,13.899999999999999,★☆☆☆☆,3.2,0.0,4.0,0.0,5.0,0.0,4.7,-3.0,,SK hynix,-16.4,8.5,5.7,17.0,2752,3105.0,16.9,1.4,211,SK hynix+5.8%連動(β0.22) / 伸びすぎ注意(25MA+17%) / 開示[増配](3日前) / 開示[自己株式取得](3日前)
6994,指月電機製作所,電気機器,13.899999999999999,★☆☆☆☆,9.2,0.0,1.0,0.0,3.7,0.0,0.0,0.0,,SK hynix,1.7,-1.8,7.1,2.3,945,1101.0,2.7,0.3,395,SK hynix+5.8%連動(β0.29) 未反応+1.7%
7272,ヤマハ発動機,輸送用機器,13.899999999999999,★☆☆☆☆,2.9,0.0,5.3,0.0,10.7,0.0,0.0,-5.0,,Emerson,-0.3,52.3,5.0,31.6,1710,1900.0,5.3,0.7,16006,Emerson+3.5%連動(β0.34) / 買い出来高優勢 / 資金流入増 / MA上昇配列 / パーフェクトオーダー / 過熱⚠25MA+32%
8050,セイコーグループ,精密機器,13.899999999999999,★☆☆☆☆,3.5,0.0,3.0,0.0,10.7,0.0,1.7,-5.0,,SK hynix,-18.9,51.2,5.8,35.9,9883,11190.0,18.8,1.1,4194,SK hynix+5.8%連動(β0.24) / MA上昇配列 / パーフェクトオーダー / 過熱⚠25MA+36% / 開示[増配](6日前)
3104,富士紡ホールディングス,繊維製品,13.8,★☆☆☆☆,10.3,0.0,1.0,0.0,2.5,0.0,0.0,0.0,,Lam Research,1.9,-4.2,5.9,-1.5,3273,3710.0,-5.2,0.5,698,Lam Research+10.0%連動(β0.19) 未反応+1.9%
3091,ブロンコビリー,小売業,13.8,★☆☆☆☆,0.0,0.0,4.3,0.0,9.5,0.0,0.0,0.0,,,0.0,15.9,4.8,5.0,2380,2632.0,2.3,0.6,515,買い出来高優勢 / MA上昇配列 / パーフェクトオーダー
3036,アルコニックス,卸売業,13.8,★☆☆☆☆,2.5,0.0,5.3,0.0,11.0,0.0,0.0,-5.0,,Emerson,-0.5,44.8,4.3,29.7,3285,3595.0,13.8,0.8,611,Emerson+3.5%連動(β0.29) / 買い出来高優勢 / 資金流入増 / MA上昇配列 / パーフェクトオーダー / 52週高値目前 / RSI過熱(86)⚠ / 過熱⚠25MA+30%
4674,クレスコ,情報・通信業,13.8,★☆☆☆☆,0.0,0.0,6.3,0.0,10.5,0.0,0.0,-3.0,,,0.0,22.8,2.9,16.7,1786,1898.0,14.7,2.1,262,出来高増2.1倍 / MA上昇配列 / 52週高値ブレイク! / RSI過熱(88)⚠ / 伸びすぎ注意(25MA+17%)
8544,京葉銀行,銀行業,13.799999999999999,★☆☆☆☆,2.9,0.0,1.0,0.0,8.2,0.0,1.7,0.0,,Emerson,-2.3,7.8,4.4,5.6,2583,2834.0,5.5,1.0,1577,Emerson+3.5%連動(β0.33) / MA上昇配列 / パーフェクトオーダー / 開示[自己株式の取得](6日前)
4478,フリー,情報・通信業,13.7,★☆☆☆☆,0.0,0.0,4.0,0.0,6.7,0.0,3.0,0.0,,,0.0,22.4,5.3,13.1,2543,2844.0,6.8,1.8,1226,MA上昇配列 / 開示[自己株式取得](0日前)
5852,アーレスティ,非鉄金属,13.7,★☆☆☆☆,13.7,0.0,0.0,0.0,0.0,0.0,0.0,0.0,,Emerson,3.4,-7.5,2.5,-4.5,636,669.0,0.5,0.6,102,Emerson+3.5%連動(β0.42) 未反応+3.4%
8150,三信電気,卸売業,13.7,★☆☆☆☆,0.0,0.0,2.0,0.0,10.0,0.0,1.7,0.0,,,0.0,8.6,3.0,5.5,2898,3080.0,-2.4,0.9,180,MA上昇配列 / 開示[上方修正](8日前)
2489,アドウェイズ,サービス業,13.7,★☆☆☆☆,0.0,0.0,10.0,0.0,8.7,0.0,0.0,-5.0,,,0.0,23.7,4.2,22.2,354,386.0,22.5,7.8,156,出来高急増7.8倍 / 買い出来高優勢 / 資金流入増 / MA上昇配列 / パーフェクトオーダー / 過熱⚠25MA+22%
6741,日本信号,電気機器,13.7,★☆☆☆☆,0.0,0.0,3.0,0.0,10.7,0.0,0.0,0.0,,,0.0,15.3,3.6,11.7,1720,1852.0,3.6,0.7,435,MA上昇配列 / パーフェクトオーダー
7504,高速,卸売業,13.7,★☆☆☆☆,0.0,0.0,3.0,0.0,10.7,0.0,0.0,0.0,,,0.0,17.5,4.3,13.7,4260,4665.0,3.7,0.5,403,MA上昇配列 / パーフェクトオーダー
8698,マネックスグループ,証券、商品先物取引業,13.6,★☆☆☆☆,13.6,0.0,0.0,0.0,0.0,0.0,0.0,0.0,,ASML,3.0,-5.5,2.7,-3.5,657,695.0,-0.6,0.5,1848,ASML+6.6%連動(β0.28) 未反応+3.0%
6532,ベイカレント,サービス業,13.5,★☆☆☆☆,0.0,0.0,1.0,0.0,11.0,0.0,1.5,0.0,,,0.0,7.0,4.6,7.0,6679,7359.0,5.6,0.6,11703,MA上昇配列 / パーフェクトオーダー / 開示[自己株式の取得](7日前)
8309,三井住友トラストグループ,銀行業,13.5,★☆☆☆☆,0.0,0.0,1.0,0.0,12.5,0.0,0.0,0.0,,,0.0,5.0,2.6,4.6,1661,1753.0,5.5,1.0,17702,MA上昇配列 / パーフェクトオーダー / 52週高値ブレイク!
3946,トーモク,パルプ・紙,13.5,★☆☆☆☆,0.0,0.0,4.0,0.0,9.5,0.0,0.0,0.0,,,0.0,11.8,2.5,4.3,4351,4580.0,4.4,0.7,689,資金流入増 / MA上昇配列 / パーフェクトオーダー
8387,四国銀行,銀行業,13.5,★☆☆☆☆,0.0,0.0,4.0,0.0,9.5,0.0,0.0,0.0,,,0.0,11.3,4.5,5.9,3215,3535.0,2.5,1.3,540,MA上昇配列 / パーフェクトオーダー
8795,Ｔ＆Ｄホールディングス,保険業,13.5,★☆☆☆☆,8.7,0.0,0.0,0.0,2.0,0.0,2.8,0.0,,Emerson,1.9,-0.9,2.8,-1.2,4649,4927.0,-2.1,0.9,7478,Emerson+3.5%連動(β0.35) 未反応+1.9% / 開示[自己株式の取得](1日前)
8876,リログループ,サービス業,13.5,★☆☆☆☆,0.0,0.0,0.0,0.0,12.0,0.0,1.5,0.0,,,0.0,5.8,2.7,5.5,2054,2169.0,8.5,0.6,1079,MA上昇配列 / パーフェクトオーダー / 開示[自己株式取得](7日前)
4165,プレイド,情報・通信業,13.5,★☆☆☆☆,0.0,0.0,0.0,0.0,8.0,0.0,5.5,0.0,,,0.0,-1.9,3.6,3.3,551,594.0,2.8,1.1,153,MA上昇配列 / 開示[業績予想の修正](0日前) / 開示[自己株式取得](0日前)
4958,長谷川香料,化学,13.5,★☆☆☆☆,0.0,0.0,0.0,0.0,13.5,0.0,0.0,0.0,,,0.0,2.4,1.8,1.5,3203,3320.0,1.8,0.7,211,MA上昇配列 / パーフェクトオーダー / 52週高値目前
3107,ダイワボウホールディングス,卸売業,13.5,★☆☆☆☆,0.0,0.0,0.0,0.0,13.5,0.0,0.0,0.0,,,0.0,10.2,2.4,6.5,3597,3777.0,0.8,0.9,976,MA上昇配列 / パーフェクトオーダー / 52週高値目前
9303,住友倉庫,倉庫・運輸関連業,13.5,★☆☆☆☆,0.0,0.0,0.0,0.0,13.5,0.0,0.0,0.0,,,0.0,5.6,2.5,3.1,3922,4130.0,5.1,0.8,530,MA上昇配列 / パーフェクトオーダー / 52週高値目前
8334,群馬銀行,銀行業,13.5,★☆☆☆☆,0.0,0.0,1.0,0.0,12.5,0.0,0.0,0.0,,,0.0,5.6,2.8,4.5,2515,2664.0,6.8,1.0,2656,MA上昇配列 / パーフェクトオーダー / 52週高値ブレイク!
8704,トレイダーズホールディングス,証券、商品先物取引業,13.5,★☆☆☆☆,0.0,0.0,0.0,0.0,13.5,0.0,0.0,0.0,,,0.0,4.4,3.4,4.8,1246,1336.0,0.5,0.4,125,MA上昇配列 / パーフェクトオーダー / 52週高値目前
4116,大日精化工業,化学,13.5,★☆☆☆☆,0.0,0.0,4.3,0.0,11.0,0.0,1.2,-3.0,,,0.0,25.3,3.0,18.9,1265,1344.0,19.9,1.0,264,買い出来高優勢 / MA上昇配列 / パーフェクトオーダー / 52週高値目前 / RSI過熱(88)⚠ / 伸びすぎ注意(25MA+19%) / 開示[業績予想の修正](7日前)
4635,東京インキ,化学,13.400000000000002,★☆☆☆☆,0.0,0.0,5.3,0.0,10.5,0.0,2.6,-5.0,,,0.0,52.0,4.1,37.3,1935,2110.0,26.1,0.8,113,買い出来高優勢 / 資金流入増 / MA上昇配列 / 52週高値ブレイク! / RSI過熱(91)⚠ / 過熱⚠25MA+37% / 開示[自己株式取得](8日前) / 開示[増配](8日前)
5186,ニッタ,ゴム製品,13.4,★☆☆☆☆,0.0,0.0,0.0,0.0,12.0,0.0,1.4,0.0,,,0.0,3.2,3.4,3.8,6344,6810.0,0.9,0.8,497,MA上昇配列 / パーフェクトオーダー / 開示[業績予想の修正](6日前)
3563,ＦＯＯＤ　＆　ＬＩＦＥ　ＣＯＭＰＡＮＩＥＳ,小売業,13.4,★☆☆☆☆,0.0,0.0,0.0,0.0,12.0,0.0,1.4,0.0,,,0.0,13.2,4.6,6.0,5238,5770.0,2.6,1.1,12951,MA上昇配列 / パーフェクトオーダー / 開示[業績予想の修正](6日前)
4612,日本ペイントホールディングス,化学,13.4,★☆☆☆☆,0.0,0.0,1.0,0.0,11.0,0.0,1.4,0.0,,,0.0,14.0,3.3,7.2,1166,1248.0,1.8,0.9,5435,MA上昇配列 / パーフェクトオーダー / 開示[業績予想の修正](6日前)
4023,クレハ,化学,13.4,★☆☆☆☆,0.0,0.0,2.0,0.0,10.0,0.0,1.4,0.0,,,0.0,6.9,2.2,5.0,4297,4495.0,4.2,1.0,1330,MA上昇配列 / 開示[業績予想の修正](6日前)
8558,東和銀行,銀行業,13.399999999999999,★☆☆☆☆,2.7,0.0,0.0,0.0,10.7,0.0,0.0,0.0,,Emerson,-5.8,9.8,4.1,8.3,1366,1487.0,12.5,1.2,343,Emerson+3.5%連動(β0.32) / MA上昇配列 / パーフェクトオーダー
6268,ナブテスコ,機械,13.3,★☆☆☆☆,8.6,0.0,0.0,0.0,4.7,0.0,0.0,0.0,,HPE,1.0,-4.3,4.9,0.9,4484,4974.0,-0.3,0.7,6139,HPE+9.4%連動(β0.23) 未反応+1.0%
4051,ＧＭＯフィナンシャルゲート,情報・通信業,13.3,★☆☆☆☆,0.0,0.0,3.3,0.0,10.0,0.0,0.0,0.0,,,0.0,0.9,3.8,6.1,6440,6970.0,4.2,2.1,188,出来高増2.1倍 / MA上昇配列 / パーフェクトオーダー
4028,石原産業,化学,13.3,★☆☆☆☆,5.2,0.0,2.0,0.0,4.7,0.0,1.4,0.0,,Emerson,0.7,10.0,3.8,5.8,2867,3105.0,-0.2,0.6,986,Emerson+3.5%連動(β0.35) 未反応+0.7% / 開示[業績予想の修正](6日前)
3539,ＪＭホールディングス,小売業,13.3,★☆☆☆☆,0.0,0.0,5.3,0.0,8.0,0.0,0.0,0.0,,,0.0,11.8,2.8,6.1,1338,1418.0,5.6,0.4,475,買い出来高優勢 / 資金流入増 / MA上昇配列
5331,ノリタケ,ガラス・土石製品,13.3,★☆☆☆☆,2.9,0.0,2.0,0.0,7.0,0.0,1.4,0.0,,SK hynix,-5.3,11.6,5.1,10.2,3471,3870.0,5.6,1.1,1279,SK hynix+5.8%連動(β0.20) / 開示[業績予想の修正](6日前)
5574,ＡＢＥＪＡ,情報・通信業,13.3,★☆☆☆☆,0.0,0.0,5.3,0.0,8.0,0.0,0.0,0.0,,,0.0,16.1,5.9,11.8,2483,2815.0,1.7,0.7,509,買い出来高優勢 / 資金流入増 / MA上昇配列
6728,アルバック,電気機器,13.3,★☆☆☆☆,9.8,0.0,0.0,0.0,3.5,0.0,0.0,0.0,,Lam Research,-0.0,-5.2,5.7,1.2,8338,9404.0,0.0,0.8,4939,Lam Research+10.0%連動(β0.39)
7198,ＳＢＩアルヒ,その他金融業,13.3,★☆☆☆☆,0.0,0.0,5.3,0.0,8.0,0.0,0.0,0.0,,,0.0,4.0,1.7,4.2,815,844.0,5.0,2.0,121,出来高増2.0倍 / MA上昇配列
9432,ＮＴＴ,情報・通信業,13.3,★☆☆☆☆,0.0,0.0,3.3,0.0,10.0,0.0,0.0,0.0,,,0.0,6.4,2.1,4.8,154,160.5,6.3,0.9,40784,買い出来高優勢 / MA上昇配列
3034,クオールホールディングス,小売業,13.3,★☆☆☆☆,0.0,0.0,6.3,0.0,10.0,0.0,0.0,-3.0,,,0.0,17.4,3.7,15.3,2245,2427.0,20.7,1.8,384,買い出来高優勢 / MA上昇配列 / 伸びすぎ注意(25MA+15%)
4828,ビジネスエンジニアリング,情報・通信業,13.3,★☆☆☆☆,0.0,0.0,5.3,0.0,8.0,0.0,0.0,0.0,,,0.0,17.9,3.5,11.4,1222,1315.0,11.4,1.8,179,買い出来高優勢 / MA上昇配列
6383,ダイフク,機械,13.3,★☆☆☆☆,8.6,0.0,0.0,0.0,4.7,0.0,0.0,0.0,,Lam Research,0.5,-4.7,3.8,0.5,5842,6322.0,1.2,1.0,12241,Lam Research+10.0%連動(β0.28)
7839,ＳＨＯＥＩ,その他製品,13.3,★☆☆☆☆,0.0,0.0,3.3,0.0,10.0,0.0,0.0,0.0,,,0.0,10.9,2.7,6.3,1933,2043.0,4.6,1.0,428,買い出来高優勢 / MA上昇配列 / パーフェクトオーダー
9621,建設技術研究所,サービス業,13.3,★☆☆☆☆,0.0,0.0,3.3,0.0,10.0,0.0,0.0,0.0,,,0.0,10.7,2.8,7.5,3076,3260.0,4.3,1.0,212,買い出来高優勢 / MA上昇配列
3708,特種東海製紙,パルプ・紙,13.299999999999999,★☆☆☆☆,0.0,0.0,1.0,0.0,8.2,0.0,4.1,0.0,,,0.0,5.8,3.0,1.2,1967,2092.0,2.9,1.0,163,MA上昇配列 / パーフェクトオーダー / 開示[自己株式の取得](3日前) / 開示[自己株式の取得](6日前)
9304,澁澤倉庫,倉庫・運輸関連業,13.2,★☆☆☆☆,0.0,0.0,2.0,0.0,9.5,0.0,1.7,0.0,,,0.0,-2.9,3.6,3.6,1816,1955.0,3.5,0.7,685,資金流入増 / MA上昇配列 / パーフェクトオーダー / 開示[自己株式取得](6日前)
4045,東亞合成,化学,13.2,★☆☆☆☆,0.0,0.0,1.0,0.0,12.2,0.0,0.0,0.0,,,0.0,9.8,1.9,5.3,1808,1879.5,3.0,0.5,564,MA上昇配列 / パーフェクトオーダー / 52週高値目前
7747,朝日インテック,精密機器,13.2,★☆☆☆☆,0.0,0.0,1.0,0.0,12.2,0.0,0.0,0.0,,,0.0,7.2,2.7,8.4,3699,3912.0,7.5,0.8,3642,MA上昇配列 / パーフェクトオーダー / 52週高値目前
8739,スパークス・グループ,証券、商品先物取引業,13.2,★☆☆☆☆,0.0,0.0,1.0,0.0,12.2,0.0,0.0,0.0,,,0.0,8.4,2.6,7.7,2375,2504.0,0.8,1.1,317,MA上昇配列 / パーフェクトオーダー / 52週高値目前
2146,ＵＴグループ,サービス業,13.2,★☆☆☆☆,0.0,0.0,4.0,0.0,7.7,0.0,4.5,-3.0,,,0.0,19.4,3.9,17.0,201,218.0,20.4,1.4,1528,MA上昇配列 / 伸びすぎ注意(25MA+17%) / 開示[自己株式の取得](6日前) / 開示[自己株式取得](6日前)
8159,立花エレテック,卸売業,13.2,★☆☆☆☆,0.0,0.0,4.3,0.0,12.2,0.0,1.7,-5.0,,,0.0,30.3,4.4,20.6,3899,4280.0,7.4,0.9,225,買い出来高優勢 / MA上昇配列 / パーフェクトオーダー / 52週高値目前 / 過熱⚠25MA+21% / 開示[上方修正](8日前)
3445,ＲＳ　Ｔｅｃｈｎｏｌｏｇｉｅｓ,金属製品,13.100000000000001,★☆☆☆☆,8.4,0.0,0.0,0.0,4.7,0.0,0.0,0.0,,Lam Research,-0.6,-5.2,7.9,3.4,5983,7100.0,-1.1,0.8,1840,Lam Research+10.0%連動(β0.34)
6586,マキタ,機械,13.1,★☆☆☆☆,12.1,0.0,0.0,0.0,1.0,0.0,0.0,0.0,,Lam Research,2.4,-3.1,3.7,-1.9,5041,5446.0,0.2,0.7,5786,Lam Research+10.0%連動(β0.19) 未反応+2.4%
7267,本田技研工業,輸送用機器,13.1,★☆☆☆☆,0.0,0.0,2.0,0.0,10.0,0.0,1.1,0.0,,,0.0,8.4,3.2,3.9,1543,1647.5,0.7,0.7,28783,MA上昇配列 / 開示[業績予想の修正](8日前)
2801,キッコーマン,食料品,13.0,★☆☆☆☆,0.0,0.0,1.0,0.0,12.0,0.0,0.0,0.0,,,0.0,8.2,4.0,6.7,1635,1779.0,11.6,0.9,7303,MA上昇配列 / パーフェクトオーダー
2670,エービーシー・マート,小売業,13.0,★☆☆☆☆,0.0,0.0,2.0,0.0,11.0,0.0,0.0,0.0,,,0.0,4.9,2.2,3.6,2696,2822.5,2.8,0.7,1693,MA上昇配列 / パーフェクトオーダー
8097,三愛オブリ,卸売業,13.0,★☆☆☆☆,0.0,0.0,2.0,0.0,9.5,0.0,1.5,0.0,,,0.0,7.0,2.2,4.0,2250,2354.0,4.4,1.2,221,MA上昇配列 / パーフェクトオーダー / 開示[自己株式取得](7日前)
4272,日本化薬,化学,13.0,★☆☆☆☆,0.0,0.0,2.0,0.0,9.5,0.0,1.5,0.0,,,0.0,7.4,2.5,7.0,2021,2127.5,4.9,0.7,1341,52週高値目前 / 開示[自己株式の取得](7日前)
6080,Ｍ＆Ａキャピタルパートナーズ,サービス業,13.0,★☆☆☆☆,0.0,0.0,4.3,0.0,8.7,0.0,0.0,0.0,,,0.0,10.9,3.0,7.2,3825,4070.0,2.1,0.6,523,買い出来高優勢 / MA上昇配列 / パーフェクトオーダー
6222,島精機製作所,機械,13.0,★☆☆☆☆,7.0,0.0,0.0,0.0,6.0,0.0,0.0,0.0,,Emerson,1.3,2.4,2.7,4.3,897,948.0,2.9,0.4,218,Emerson+3.5%連動(β0.37) 未反応+1.3%
9107,川崎汽船,海運業,13.0,★☆☆☆☆,0.0,0.0,2.0,0.0,11.0,0.0,0.0,0.0,,,0.0,12.7,2.7,4.6,2717,2871.0,0.3,0.9,12989,MA上昇配列 / パーフェクトオーダー / 52週高値目前
9104,商船三井,海運業,13.0,★☆☆☆☆,0.0,0.0,2.0,0.0,11.0,0.0,0.0,0.0,,,0.0,13.7,2.6,8.1,5947,6279.0,5.2,1.0,15503,MA上昇配列 / パーフェクトオーダー
6744,能美防災,電気機器,13.0,★☆☆☆☆,0.0,0.0,2.0,0.0,11.0,0.0,0.0,0.0,,,0.0,5.1,3.0,2.3,4220,4485.0,-2.9,0.5,397,MA上昇配列 / パーフェクトオーダー
8522,名古屋銀行,銀行業,13.0,★☆☆☆☆,3.3,0.0,0.0,0.0,9.7,0.0,0.0,0.0,,Emerson,-7.0,4.6,3.9,5.0,6367,6910.0,6.5,1.0,1021,Emerson+3.5%連動(β0.38) / MA上昇配列 / パーフェクトオーダー / 52週高値目前
5210,日本山村硝子,ガラス・土石製品,13.0,★☆☆☆☆,0.0,0.0,3.0,0.0,8.0,0.0,2.0,0.0,,,0.0,5.7,2.5,6.0,2834,2980.0,5.9,1.2,171,MA上昇配列 / 開示[業績予想の修正](3日前)
6412,平和,機械,13.0,★☆☆☆☆,0.0,0.0,2.0,0.0,11.0,0.0,0.0,0.0,,,0.0,4.2,2.2,3.2,2052,2148.0,3.7,1.0,670,MA上昇配列 / パーフェクトオーダー
7951,ヤマハ,その他製品,13.0,★☆☆☆☆,0.0,0.0,3.0,0.0,10.0,0.0,0.0,0.0,,,0.0,14.0,3.1,9.6,1291,1377.0,4.7,0.8,3575,MA上昇配列 / パーフェクトオーダー
3105,日清紡ホールディングス,電気機器,13.0,★☆☆☆☆,0.0,0.0,2.0,0.0,11.0,0.0,0.0,0.0,,,0.0,5.9,5.5,6.5,2152,2420.0,5.3,0.6,2184,MA上昇配列 / パーフェクトオーダー
8074,ＹＵＡＳＡ,卸売業,13.0,★☆☆☆☆,0.0,0.0,1.0,0.0,12.0,0.0,0.0,0.0,,,0.0,10.2,2.5,5.3,5663,5960.0,4.0,0.8,187,MA上昇配列 / パーフェクトオーダー
9678,カナモト,サービス業,13.0,★☆☆☆☆,0.0,0.0,1.0,0.0,12.0,0.0,0.0,0.0,,,0.0,5.0,2.6,3.9,5124,5410.0,1.5,0.6,537,MA上昇配列 / パーフェクトオーダー
141A,トライアルホールディングス,小売業,13.0,★☆☆☆☆,0.0,0.0,5.3,0.0,4.7,0.0,3.0,0.0,,,0.0,11.5,3.2,10.2,3202,3420.0,5.2,2.0,1438,出来高増2.0倍 / 開示[増配](0日前)
3989,シェアリングテクノロジー,情報・通信業,13.0,★☆☆☆☆,0.0,0.0,2.0,0.0,11.0,0.0,0.0,0.0,,,0.0,3.0,3.3,4.8,1377,1475.0,8.9,0.9,271,MA上昇配列 / パーフェクトオーダー / 52週高値目前
2371,カカクコム,サービス業,13.0,★☆☆☆☆,0.0,0.0,2.0,0.0,11.0,0.0,0.0,0.0,,,0.0,2.7,0.7,1.4,3661,3714.0,0.4,0.6,1567,MA上昇配列 / パーフェクトオーダー / 52週高値目前
2659,サンエー,小売業,13.0,★☆☆☆☆,0.0,0.0,1.0,0.0,12.0,0.0,0.0,0.0,,,0.0,3.3,2.1,2.1,3178,3320.0,3.1,0.8,498,MA上昇配列 / パーフェクトオーダー
7004,カナデビア,機械,13.0,★☆☆☆☆,6.3,0.0,2.0,0.0,4.7,0.0,0.0,0.0,,Emerson,1.1,1.7,3.3,1.5,1151,1233.0,0.0,0.9,1095,Emerson+3.5%連動(β0.34) 未反応+1.1%
3994,マネーフォワード,情報・通信業,13.0,★☆☆☆☆,0.0,0.0,3.0,0.0,10.0,0.0,0.0,0.0,,,0.0,21.2,6.0,10.5,5166,5874.0,13.7,0.6,2880,MA上昇配列 / パーフェクトオーダー
6486,イーグル工業,機械,13.0,★☆☆☆☆,0.0,0.0,2.0,0.0,11.0,0.0,0.0,0.0,,,0.0,6.2,2.1,4.3,2955,3085.0,4.2,0.9,367,MA上昇配列 / パーフェクトオーダー
6113,アマダ,機械,12.9,★☆☆☆☆,10.6,0.0,0.0,0.0,1.0,0.0,1.3,0.0,,Lam Research,1.9,-7.4,5.3,-3.8,2449,2739.5,-3.3,1.1,6727,Lam Research+10.0%連動(β0.19) 未反応+1.9% / 開示[自己株式の取得](8日前)
6464,ツバキ・ナカシマ,機械,12.899999999999999,★☆☆☆☆,8.1,0.0,3.3,0.0,1.5,0.0,0.0,0.0,,Emerson,1.5,-16.5,6.2,-10.8,298,340.0,-13.9,3.0,186,Emerson+3.5%連動(β0.43) 未反応+1.5% / 出来高増3.0倍
3612,ワールド,繊維製品,12.8,★☆☆☆☆,0.0,0.0,3.3,0.0,9.5,0.0,0.0,0.0,,,0.0,-0.2,1.5,0.2,1565,1614.0,2.3,2.1,483,出来高増2.1倍 / MA上昇配列 / パーフェクトオーダー
8713,フィデアホールディングス,銀行業,12.8,★☆☆☆☆,0.0,0.0,5.3,0.0,12.5,0.0,0.0,-5.0,,,0.0,24.2,3.4,20.5,2449,2628.0,21.1,1.5,203,買い出来高優勢 / MA上昇配列 / パーフェクトオーダー / 52週高値ブレイク! / RSI過熱(87)⚠ / 過熱⚠25MA+21%
7806,ＭＴＧ,その他製品,12.7,★☆☆☆☆,0.0,0.0,2.0,0.0,10.7,0.0,0.0,0.0,,,0.0,9.8,5.1,5.3,7264,8090.0,7.7,0.9,1130,MA上昇配列 / パーフェクトオーダー
5110,住友ゴム工業,ゴム製品,12.7,★☆☆☆☆,2.7,0.0,1.0,0.0,9.0,0.0,0.0,0.0,,Emerson,-0.4,7.6,4.0,4.9,2186,2377.0,7.2,0.8,6224,Emerson+3.5%連動(β0.32) / MA上昇配列
6727,ワコム,電気機器,12.7,★☆☆☆☆,3.7,0.0,2.0,0.0,7.0,0.0,0.0,0.0,,ASML,-1.6,7.0,3.7,5.1,754,814.0,4.8,0.5,678,ASML+6.6%連動(β0.22)
4626,太陽ホールディングス,化学,12.7,★☆☆☆☆,6.7,0.0,1.0,0.0,5.0,0.0,0.0,0.0,,Lam Research,0.9,0.7,1.5,1.1,4715,4857.0,-1.7,0.6,2131,Lam Research+10.0%連動(β0.17) 未反応+0.9%
5451,ヨドコウ,鉄鋼,12.7,★☆☆☆☆,0.0,0.0,1.0,0.0,10.0,0.0,1.7,0.0,,,0.0,6.9,2.2,3.7,1361,1425.0,3.9,0.8,404,MA上昇配列 / 開示[資本業務提携](6日前)
4377,ワンキャリア,情報・通信業,12.7,★☆☆☆☆,0.0,0.0,4.7,0.0,8.0,0.0,0.0,0.0,,,0.0,0.3,3.6,3.5,2011,2166.0,5.7,3.3,146,出来高急増3.3倍 / MA上昇配列
4222,児玉化学工業,化学,12.7,★☆☆☆☆,0.0,0.0,7.7,0.0,5.0,0.0,0.0,0.0,,,0.0,6.0,4.7,12.9,626,692.0,12.9,16.0,251,出来高急増16.0倍
8059,第一実業,卸売業,12.7,★☆☆☆☆,0.0,0.0,3.0,0.0,9.7,0.0,0.0,0.0,,,0.0,3.7,3.4,2.6,3263,3500.0,0.7,1.3,329,MA上昇配列 / パーフェクトオーダー / 52週高値目前
6387,サムコ,機械,12.600000000000001,★☆☆☆☆,9.9,0.0,0.0,0.0,2.7,0.0,0.0,0.0,,Lam Research,-1.7,-18.9,8.2,-1.5,8201,9820.0,-0.4,0.9,997,Lam Research+10.0%連動(β0.40)
1663,Ｋ＆Ｏエナジーグループ,鉱業,12.600000000000001,★☆☆☆☆,0.0,0.0,5.3,0.0,5.0,0.0,2.3,0.0,,,0.0,2.4,2.4,3.4,1798,1888.0,5.8,2.5,417,出来高増2.5倍 / 開示[業績予想の修正](1日前)
6758,ソニーグループ,電気機器,12.600000000000001,★☆☆☆☆,3.3,0.0,0.0,0.0,8.0,0.0,1.3,0.0,,ASML,-0.7,9.0,3.8,4.0,3419,3700.0,3.8,0.8,69495,ASML+6.6%連動(β0.20) / MA上昇配列 / 開示[自己株式の取得](8日前)
6768,タムラ製作所,電気機器,12.6,★☆☆☆☆,12.6,0.0,0.0,0.0,0.0,0.0,0.0,0.0,,HPE,2.3,-14.1,6.5,-9.4,680,782.0,-4.3,0.9,774,HPE+9.4%連動(β0.24) 未反応+2.3%
4021,日産化学,化学,12.6,★☆☆☆☆,2.9,0.0,0.0,0.0,9.7,0.0,0.0,0.0,,ASML,-5.2,-0.5,3.4,3.6,7502,8043.0,3.9,1.0,5373,ASML+6.6%連動(β0.17) / MA上昇配列 / パーフェクトオーダー
3436,ＳＵＭＣＯ,金属製品,12.5,★☆☆☆☆,9.8,0.0,0.0,0.0,2.7,0.0,0.0,0.0,,Lam Research,-4.6,-27.9,9.2,-2.1,3135,3846.0,2.4,0.8,68708,Lam Research+10.0%連動(β0.39)
7186,横浜フィナンシャルグループ,銀行業,12.5,★☆☆☆☆,3.0,0.0,0.0,0.0,8.2,0.0,1.3,0.0,,Emerson,-4.6,0.4,3.0,2.4,1812,1927.0,3.9,0.9,6972,Emerson+3.5%連動(β0.34) / MA上昇配列 / パーフェクトオーダー / 開示[自己株式の取得](8日前)
5602,栗本鐵工所,鉄鋼,12.5,★☆☆☆☆,0.0,0.0,2.0,0.0,9.0,0.0,1.5,0.0,,,0.0,15.1,3.3,11.1,1589,1701.0,11.3,0.8,545,MA上昇配列 / 開示[自己株式取得](7日前)
9278,ブックオフグループホールディングス,小売業,12.5,★☆☆☆☆,0.0,0.0,3.0,0.0,9.5,0.0,0.0,0.0,,,0.0,27.4,4.8,8.2,2550,2819.0,2.8,0.4,527,資金流入増 / MA上昇配列 / パーフェクトオーダー
4180,Ａｐｐｉｅｒ　Ｇｒｏｕｐ,情報・通信業,12.5,★☆☆☆☆,0.0,0.0,2.0,0.0,8.0,0.0,2.5,0.0,,,0.0,3.3,3.8,5.1,908,982.0,0.6,1.6,946,MA上昇配列 / 開示[業績予想の修正](0日前)
3486,グローバル・リンク・マネジメント,不動産業,12.5,★☆☆☆☆,0.0,0.0,5.3,0.0,5.5,0.0,1.7,0.0,,,0.0,2.6,2.7,2.7,1858,1963.0,2.1,2.4,112,出来高増2.4倍 / MA上昇配列 / 開示[自己株式の取得](6日前)
9616,共立メンテナンス,サービス業,12.5,★☆☆☆☆,0.0,0.0,3.0,0.0,9.5,0.0,0.0,0.0,,,0.0,16.4,3.3,4.8,3137,3358.0,-2.2,1.5,4273,MA上昇配列 / パーフェクトオーダー
3110,日東紡績,ガラス・土石製品,12.5,★☆☆☆☆,8.8,0.0,0.0,0.0,3.7,0.0,0.0,0.0,,Lam Research,-7.3,-6.1,9.2,3.3,2638,3235.0,-9.0,1.1,20988,Lam Research+10.0%連動(β0.35)
7552,ハピネット,卸売業,12.5,★☆☆☆☆,0.0,0.0,3.0,0.0,9.5,0.0,0.0,0.0,,,0.0,4.4,4.2,2.0,3001,3275.0,2.7,1.1,772,MA上昇配列 / パーフェクトオーダー
1852,淺沼組,建設業,12.5,★☆☆☆☆,0.0,0.0,3.0,0.0,8.0,0.0,1.5,0.0,,,0.0,10.1,2.0,6.5,888,926.0,7.1,1.4,462,MA上昇配列 / 開示[自己株式の取得](7日前)
6167,冨士ダイス,機械,12.4,★☆☆☆☆,0.0,0.0,6.3,0.0,4.7,0.0,1.4,0.0,,,0.0,13.3,3.4,11.8,1022,1096.0,11.7,2.1,108,出来高増2.1倍 / 開示[業績予想の修正](6日前)
285A,キオクシアホールディングス,電気機器,12.4,★☆☆☆☆,7.5,0.0,1.0,0.0,1.5,0.0,2.4,0.0,,SK hynix,-3.3,-25.5,13.1,-8.7,38274,51800.0,-4.6,0.9,2469700,SK hynix+5.8%連動(β0.52) / 開示[自己株式の取得](3日前)
7966,リンテック,その他製品,12.4,★☆☆☆☆,10.4,0.0,1.0,0.0,1.0,0.0,0.0,0.0,,Lam Research,1.9,-4.1,5.9,-5.2,5381,6100.0,-5.3,0.5,2674,Lam Research+10.0%連動(β0.19) 未反応+1.9%
7224,新明和工業,輸送用機器,12.399999999999999,★☆☆☆☆,6.7,0.0,2.0,0.0,3.7,0.0,0.0,0.0,,Emerson,1.3,0.9,2.9,1.5,1901,2017.0,1.1,0.6,357,Emerson+3.5%連動(β0.30) 未反応+1.3%
3663,セルシス,情報・通信業,12.399999999999999,★☆☆☆☆,0.0,0.0,0.0,0.0,10.7,0.0,1.7,0.0,,,0.0,1.0,5.2,1.8,1716,1917.0,12.7,0.8,530,MA上昇配列 / パーフェクトオーダー / 開示[増配](6日前)
6005,三浦工業,機械,12.399999999999999,★☆☆☆☆,10.2,0.0,1.0,0.0,1.2,0.0,0.0,0.0,,ASML,2.4,-2.6,2.9,-0.8,2981,3165.0,-0.4,0.7,1470,ASML+6.6%連動(β0.19) 未反応+2.4%
9627,アインホールディングス,小売業,12.3,★☆☆☆☆,0.0,0.0,4.3,0.0,8.0,0.0,0.0,0.0,,,0.0,8.3,3.2,4.2,5695,6082.0,7.0,1.2,1226,買い出来高優勢 / MA上昇配列
2181,パーソルホールディングス,サービス業,12.3,★☆☆☆☆,0.0,0.0,3.3,0.0,9.0,0.0,0.0,0.0,,,0.0,8.6,2.8,7.0,267,282.79998779296875,9.2,1.1,2654,買い出来高優勢 / MA上昇配列
4417,グローバルセキュリティエキスパート,情報・通信業,12.3,★☆☆☆☆,0.0,0.0,0.0,0.0,9.5,0.0,2.8,0.0,,,0.0,14.6,6.3,5.0,3968,4545.0,8.5,0.9,289,MA上昇配列 / パーフェクトオーダー / 開示[資本業務提携](1日前)
9449,ＧＭＯインターネットグループ,情報・通信業,12.3,★☆☆☆☆,0.0,0.0,0.0,0.0,11.0,0.0,1.3,0.0,,,0.0,6.8,3.1,3.4,3936,4193.0,1.1,0.9,2110,MA上昇配列 / パーフェクトオーダー / 52週高値目前 / 開示[自己株式の取得](8日前)
2267,ヤクルト本社,食料品,12.3,★☆☆☆☆,0.0,0.0,1.0,0.0,10.0,0.0,1.3,0.0,,,0.0,0.7,3.1,1.9,2704,2882.5,3.1,0.7,3978,MA上昇配列 / パーフェクトオーダー / 開示[自己株式の取得](8日前)
5714,ＤＯＷＡホールディングス,非鉄金属,12.3,★☆☆☆☆,3.0,0.0,3.3,0.0,6.0,0.0,0.0,0.0,,Emerson,-6.3,13.9,3.8,12.8,8845,9571.0,11.8,0.7,5173,Emerson+3.5%連動(β0.35) / 買い出来高優勢
5440,共英製鋼,鉄鋼,12.3,★☆☆☆☆,5.8,0.0,1.0,0.0,5.5,0.0,0.0,0.0,,Emerson,1.1,7.2,2.4,3.0,1843,1936.0,3.8,0.8,235,Emerson+3.5%連動(β0.31) 未反応+1.1% / MA上昇配列
6479,ミネベアミツミ,電気機器,12.3,★☆☆☆☆,9.8,0.0,1.0,0.0,1.5,0.0,0.0,0.0,,Lam Research,1.0,-8.9,4.9,-3.0,3425,3801.0,-7.2,0.7,12069,Lam Research+10.0%連動(β0.27) 未反応+1.0%
8005,スクロール,小売業,12.2,★☆☆☆☆,0.0,0.0,0.0,0.0,12.2,0.0,0.0,0.0,,,0.0,7.8,2.3,6.6,1784,1870.0,3.4,1.0,380,MA上昇配列 / パーフェクトオーダー / 52週高値目前
3048,ビックカメラ,小売業,12.2,★☆☆☆☆,0.0,0.0,4.0,0.0,8.2,0.0,0.0,0.0,,,0.0,5.9,2.3,1.7,1652,1732.5,2.7,1.4,1289,MA上昇配列 / パーフェクトオーダー
8101,ＧＳＩクレオス,卸売業,12.2,★☆☆☆☆,0.0,0.0,4.0,0.0,8.2,0.0,0.0,0.0,,,0.0,9.4,2.7,2.1,2525,2668.0,1.0,0.9,147,資金流入増 / MA上昇配列 / パーフェクトオーダー
4668,明光ネットワークジャパン,サービス業,12.2,★☆☆☆☆,0.0,0.0,4.0,0.0,8.2,0.0,0.0,0.0,,,0.0,9.0,1.4,1.8,754,775.0,2.0,0.6,122,資金流入増 / MA上昇配列 / パーフェクトオーダー
8053,住友商事,卸売業,12.2,★☆☆☆☆,4.5,0.0,1.0,0.0,6.7,0.0,0.0,0.0,,Lam Research,0.0,13.4,3.1,8.8,1670,1779.5,3.4,0.7,19843,Lam Research+10.0%連動(β0.18)
4912,ライオン,化学,12.2,★☆☆☆☆,0.0,0.0,0.0,0.0,12.2,0.0,0.0,0.0,,,0.0,12.3,2.7,9.5,1786,1889.5,12.7,1.2,2221,MA上昇配列 / パーフェクトオーダー / 52週高値目前
3431,宮地エンジニアリンググループ,金属製品,12.2,★☆☆☆☆,0.0,0.0,1.0,0.0,8.0,0.0,3.2,0.0,,,0.0,2.6,1.7,1.7,1538,1592.0,1.9,0.9,130,MA上昇配列 / 開示[自己株式の取得](6日前) / 開示[自己株式の取得](7日前)
2395,新日本科学,サービス業,12.1,★☆☆☆☆,0.0,0.0,3.0,0.0,8.0,0.0,1.1,0.0,,,0.0,14.2,3.7,12.9,1385,1497.0,10.9,0.7,363,MA上昇配列 / 開示[業績予想の修正](8日前)
9119,飯野海運,海運業,12.0,★☆☆☆☆,0.0,0.0,1.0,0.0,11.0,0.0,0.0,0.0,,,0.0,5.0,3.1,3.5,1473,1569.0,-0.4,0.6,375,MA上昇配列 / パーフェクトオーダー
9902,日伝,卸売業,12.0,★☆☆☆☆,0.0,0.0,1.0,0.0,11.0,0.0,0.0,0.0,,,0.0,11.7,2.8,5.8,2864,3035.0,-1.1,0.6,244,MA上昇配列 / パーフェクトオーダー
4194,ビジョナル,情報・通信業,12.0,★☆☆☆☆,0.0,0.0,4.0,0.0,8.0,0.0,0.0,0.0,,,0.0,10.8,3.5,6.6,8580,9228.0,5.2,1.6,1860,MA上昇配列
6810,マクセル,電気機器,12.0,★☆☆☆☆,0.0,0.0,2.0,0.0,10.0,0.0,0.0,0.0,,,0.0,17.5,4.3,10.0,2205,2414.0,-1.7,0.8,637,MA上昇配列
9869,加藤産業,卸売業,12.0,★☆☆☆☆,0.0,0.0,2.0,0.0,10.0,0.0,0.0,0.0,,,0.0,6.0,2.7,2.7,6114,6460.0,3.9,0.9,261,MA上昇配列
9041,近鉄グループホールディングス,陸運業,12.0,★☆☆☆☆,0.0,0.0,2.0,0.0,10.0,0.0,0.0,0.0,,,0.0,0.8,2.5,1.3,3364,3539.0,3.0,1.3,2224,MA上昇配列 / パーフェクトオーダー
4290,プレステージ・インターナショナル,サービス業,12.0,★☆☆☆☆,0.0,0.0,2.0,0.0,10.0,0.0,0.0,0.0,,,0.0,6.6,2.3,4.8,684,717.0,4.1,0.7,421,MA上昇配列
6923,スタンレー電気,電気機器,12.0,★☆☆☆☆,0.0,0.0,0.0,0.0,12.0,0.0,0.0,0.0,,,0.0,4.1,2.8,3.6,3445,3648.0,4.1,0.7,2381,MA上昇配列 / パーフェクトオーダー
6960,フクダ電子,電気機器,12.0,★☆☆☆☆,0.0,0.0,0.0,0.0,12.0,0.0,0.0,0.0,,,0.0,4.0,3.4,2.5,11070,11870.0,0.3,1.1,542,MA上昇配列 / パーフェクトオーダー
5246,ＥＬＥＭＥＮＴＳ,情報・通信業,12.0,★☆☆☆☆,0.0,0.0,2.0,0.0,10.0,0.0,0.0,0.0,,,0.0,26.5,4.5,12.6,765,840.0,5.4,0.8,600,資金流入増 / MA上昇配列 / パーフェクトオーダー
8130,サンゲツ,卸売業,12.0,★☆☆☆☆,0.0,0.0,2.0,0.0,10.0,0.0,0.0,0.0,,,0.0,4.7,1.9,2.8,3019,3135.0,4.0,0.7,626,MA上昇配列
4676,フジ・メディア・ホールディングス,情報・通信業,12.0,★☆☆☆☆,0.0,0.0,0.0,0.0,12.0,0.0,0.0,0.0,,,0.0,-1.6,2.9,0.9,3892,4129.0,1.1,0.8,2321,MA上昇配列 / パーフェクトオーダー
7199,プレミアグループ,その他金融業,12.0,★☆☆☆☆,0.0,0.0,1.0,0.0,11.0,0.0,0.0,0.0,,,0.0,2.2,2.7,2.7,2031,2146.0,0.4,1.3,455,MA上昇配列 / パーフェクトオーダー
8283,ＰＡＬＴＡＣ,卸売業,12.0,★☆☆☆☆,0.0,0.0,1.0,0.0,11.0,0.0,0.0,0.0,,,0.0,-0.7,0.4,0.1,6583,6630.0,0.0,0.0,1134,MA上昇配列 / パーフェクトオーダー / 52週高値目前
8103,明和産業,卸売業,12.0,★☆☆☆☆,0.0,0.0,0.0,0.0,12.0,0.0,0.0,0.0,,,0.0,5.7,2.1,5.1,919,960.0,8.0,0.8,197,MA上昇配列 / パーフェクトオーダー
6592,マブチモーター,電気機器,12.0,★☆☆☆☆,0.0,0.0,0.0,0.0,12.0,0.0,0.0,0.0,,,0.0,5.5,2.3,3.4,1619,1697.0,2.6,1.1,1959,MA上昇配列 / パーフェクトオーダー
7177,ＧＭＯフィナンシャルホールディングス,証券、商品先物取引業,12.0,★☆☆☆☆,0.0,0.0,0.0,0.0,12.0,0.0,0.0,0.0,,,0.0,2.0,2.5,2.7,1044,1098.0,0.3,0.6,234,MA上昇配列 / パーフェクトオーダー
6737,ＥＩＺＯ,電気機器,12.0,★☆☆☆☆,0.0,0.0,0.0,0.0,12.0,0.0,0.0,0.0,,,0.0,12.5,3.5,6.5,2743,2947.0,-0.1,0.6,638,MA上昇配列 / パーフェクトオーダー
215A,タイミー,サービス業,12.0,★☆☆☆☆,0.0,0.0,2.0,0.0,10.0,0.0,0.0,0.0,,,0.0,8.3,4.2,9.1,1502,1641.0,6.7,0.9,2099,MA上昇配列 / パーフェクトオーダー
2353,日本駐車場開発,不動産業,12.0,★☆☆☆☆,0.0,0.0,3.0,0.0,9.0,0.0,0.0,0.0,,,0.0,0.3,2.3,1.8,244,256.0,4.1,0.5,849,資金流入増 / MA上昇配列
2484,出前館,情報・通信業,12.0,★☆☆☆☆,0.0,0.0,4.0,0.0,8.0,0.0,0.0,0.0,,,0.0,18.1,4.9,9.8,133,147.0,1.4,1.1,100,資金流入増 / MA上昇配列
2393,日本ケアサプライ,サービス業,12.0,★☆☆☆☆,0.0,0.0,0.0,0.0,12.0,0.0,0.0,0.0,,,0.0,-4.9,4.0,1.4,3863,4195.0,-5.3,0.2,119,MA上昇配列 / パーフェクトオーダー
2594,キーコーヒー,食料品,12.0,★☆☆☆☆,0.0,0.0,2.0,0.0,10.0,0.0,0.0,0.0,,,0.0,0.8,1.0,1.5,1977,2019.0,3.0,1.3,146,MA上昇配列
7033,マネジメントソリューションズ,サービス業,12.0,★☆☆☆☆,0.0,0.0,2.0,0.0,10.0,0.0,0.0,0.0,,,0.0,6.4,2.6,4.2,1380,1456.0,3.0,1.0,109,MA上昇配列 / パーフェクトオーダー
6736,サン電子,電気機器,12.0,★☆☆☆☆,0.0,0.0,2.0,0.0,10.0,0.0,0.0,0.0,,,0.0,9.1,7.2,3.2,8636,10080.0,-4.7,1.6,233,MA上昇配列 / パーフェクトオーダー
8137,サンワテクノス,卸売業,12.0,★☆☆☆☆,0.0,0.0,0.0,0.0,12.0,0.0,0.0,0.0,,,0.0,2.9,3.7,3.0,3636,3930.0,0.3,0.7,295,MA上昇配列 / パーフェクトオーダー
7821,前田工繊,その他製品,12.0,★☆☆☆☆,0.0,0.0,2.0,0.0,10.0,0.0,0.0,0.0,,,0.0,6.5,3.6,4.5,1858,2002.0,1.5,1.3,365,MA上昇配列
319A,技術承継機構,金属製品,12.0,★☆☆☆☆,0.0,0.0,0.0,0.0,12.0,0.0,0.0,0.0,,,0.0,0.7,6.6,10.4,17149,19750.0,2.1,0.5,711,MA上昇配列 / パーフェクトオーダー
4911,資生堂,化学,12.0,★☆☆☆☆,0.0,0.0,2.0,0.0,10.0,0.0,0.0,0.0,,,0.0,19.4,5.0,11.1,3172,3526.0,7.9,0.8,14476,MA上昇配列 / パーフェクトオーダー
8060,キヤノンマーケティングジャパン,卸売業,12.0,★☆☆☆☆,0.0,0.0,0.0,0.0,12.0,0.0,0.0,0.0,,,0.0,5.7,2.2,2.9,3517,3677.0,3.0,0.6,1118,MA上昇配列 / パーフェクトオーダー
5161,西川ゴム工業,ゴム製品,12.0,★☆☆☆☆,0.0,0.0,4.0,0.0,8.0,0.0,0.0,0.0,,,0.0,8.6,2.4,6.0,3271,3435.0,3.0,1.9,431,MA上昇配列
7453,良品計画,小売業,12.0,★☆☆☆☆,0.0,0.0,0.0,0.0,12.0,0.0,0.0,0.0,,,0.0,3.5,3.2,5.9,4195,4480.0,5.2,0.5,16437,MA上昇配列 / パーフェクトオーダー
7780,メニコン,精密機器,12.0,★☆☆☆☆,0.0,0.0,2.0,0.0,10.0,0.0,0.0,0.0,,,0.0,17.4,4.0,12.0,1814,1974.0,12.4,0.9,518,MA上昇配列 / パーフェクトオーダー
7532,パン・パシフィック・インターナショナルホールディングス,小売業,12.0,★☆☆☆☆,0.0,0.0,3.0,0.0,9.0,0.0,0.0,0.0,,,0.0,6.1,3.2,4.5,870,930.0,4.6,1.3,8492,MA上昇配列
7516,コーナン商事,小売業,12.0,★☆☆☆☆,0.0,0.0,0.0,0.0,12.0,0.0,0.0,0.0,,,0.0,0.9,2.1,1.6,4069,4250.0,4.2,0.7,410,MA上昇配列 / パーフェクトオーダー
9347,日本管財ホールディングス,サービス業,12.0,★☆☆☆☆,0.0,0.0,2.0,0.0,10.0,0.0,0.0,0.0,,,0.0,2.0,1.8,2.2,2738,2837.0,6.1,0.8,165,MA上昇配列
6083,ＥＲＩホールディングス,サービス業,12.0,★☆☆☆☆,0.0,0.0,1.0,0.0,11.0,0.0,0.0,0.0,,,0.0,24.6,2.9,13.5,1643,1745.0,9.5,0.5,162,MA上昇配列 / パーフェクトオーダー / 52週高値目前 / RSI過熱(93)⚠
9511,沖縄電力,電気・ガス業,12.0,★☆☆☆☆,0.0,0.0,4.3,0.0,7.7,0.0,0.0,0.0,,,0.0,19.6,2.9,12.5,1037,1102.0,3.9,0.7,334,買い出来高優勢 / MA上昇配列
9684,スクウェア・エニックス・ホールディングス,情報・通信業,12.0,★☆☆☆☆,0.0,0.0,4.0,0.0,8.0,0.0,0.0,0.0,,,0.0,10.2,4.6,7.5,2604,2868.0,7.6,1.8,4221,MA上昇配列
1762,高松コンストラクショングループ,建設業,12.0,★☆☆☆☆,0.0,0.0,2.0,0.0,10.0,0.0,0.0,0.0,,,0.0,10.2,2.5,6.0,3774,3970.0,7.4,0.9,197,MA上昇配列
6963,ローム,電気機器,11.9,★☆☆☆☆,7.2,0.0,0.0,0.0,4.7,0.0,0.0,0.0,,Lam Research,-3.3,-6.6,6.2,2.8,4279,4886.0,2.9,0.6,22092,Lam Research+10.0%連動(β0.29)
4112,保土谷化学工業,化学,11.9,★☆☆☆☆,4.9,0.0,1.0,0.0,6.0,0.0,0.0,0.0,,Lam Research,-7.0,10.8,3.4,8.9,2115,2269.0,6.6,0.8,107,Lam Research+10.0%連動(β0.20)
3561,力の源ホールディングス,小売業,11.9,★☆☆☆☆,0.0,0.0,5.7,0.0,6.2,0.0,0.0,0.0,,,0.0,2.3,2.6,0.1,1521,1606.0,2.4,4.5,105,出来高急増4.5倍 / MA上昇配列 / パーフェクトオーダー
2702,日本マクドナルドホールディングス,小売業,11.9,★☆☆☆☆,0.0,0.0,1.0,0.0,9.5,0.0,1.4,0.0,,,0.0,2.3,2.4,0.9,7526,7910.0,-1.0,1.0,5167,MA上昇配列 / パーフェクトオーダー / 開示[業績予想の修正](6日前)
8750,第一ライフグループ,保険業,11.8,★☆☆☆☆,6.6,0.0,2.0,0.0,3.2,0.0,0.0,0.0,,Emerson,1.2,2.3,2.7,-0.4,1776,1877.0,-0.2,0.9,19678,Emerson+3.5%連動(β0.35) 未反応+1.2%
6998,日本タングステン,電気機器,11.8,★☆☆☆☆,0.0,0.0,7.3,0.0,9.5,0.0,0.0,-5.0,,,0.0,63.3,5.6,50.1,2900,3265.0,54.2,1.7,342,買い出来高優勢 / 資金流入増 / MA上昇配列 / パーフェクトオーダー / RSI過熱(89)⚠ / 過熱⚠25MA+50%
4733,オービックビジネスコンサルタント,情報・通信業,11.8,★☆☆☆☆,0.0,0.0,5.3,0.0,6.5,0.0,0.0,0.0,,,0.0,21.3,4.2,9.0,7370,8055.0,4.0,0.6,2921,買い出来高優勢 / 資金流入増 / MA上昇配列
8303,ＳＢＩ新生銀行,銀行業,11.8,★☆☆☆☆,5.8,0.0,1.0,0.0,5.0,0.0,0.0,0.0,,GE Vernova,1.1,9.0,3.1,7.6,1481,1579.5,9.8,1.0,6073,GE Vernova+5.9%連動(β0.18) 未反応+1.1%
3923,ラクス,情報・通信業,11.8,★☆☆☆☆,0.0,0.0,1.0,0.0,8.0,0.0,2.8,0.0,,,0.0,7.0,3.9,5.9,1010,1094.5,7.4,1.0,1958,MA上昇配列 / 開示[資本業務提携](1日前)
7180,九州フィナンシャルグループ,銀行業,11.700000000000001,★☆☆☆☆,7.3,0.0,0.0,0.0,2.0,0.0,2.4,0.0,,Emerson,1.3,-3.1,3.5,-2.3,1390,1495.0,1.1,1.2,2016,Emerson+3.5%連動(β0.38) 未反応+1.3% / 開示[自己株式の取得](3日前)
8316,三井住友フィナンシャルグループ,銀行業,11.7,★☆☆☆☆,4.7,0.0,0.0,0.0,7.0,0.0,0.0,0.0,,HPE,-0.9,-0.4,2.8,1.4,6573,6969.0,4.5,0.9,92682,HPE+9.4%連動(β0.20) / MA上昇配列 / パーフェクトオーダー
9889,ＪＢＣＣホールディングス,情報・通信業,11.7,★☆☆☆☆,0.0,0.0,3.0,0.0,8.7,0.0,0.0,0.0,,,0.0,21.2,3.8,11.2,1578,1708.0,2.6,1.0,393,MA上昇配列
3762,テクマトリックス,情報・通信業,11.7,★☆☆☆☆,0.0,0.0,3.0,0.0,8.7,0.0,0.0,0.0,,,0.0,23.5,3.9,12.4,2122,2303.0,1.8,0.6,649,MA上昇配列
5471,大同特殊鋼,鉄鋼,11.7,★☆☆☆☆,3.0,0.0,1.0,0.0,7.7,0.0,0.0,0.0,,SK hynix,-2.6,-4.5,4.6,1.0,2167,2387.5,1.5,1.2,2722,SK hynix+5.8%連動(β0.21) / MA上昇配列 / パーフェクトオーダー
6588,東芝テック,電気機器,11.7,★☆☆☆☆,0.0,0.0,3.0,0.0,8.7,0.0,0.0,0.0,,,0.0,11.3,4.2,4.8,2978,3250.0,2.7,1.0,609,MA上昇配列 / パーフェクトオーダー
5232,住友大阪セメント,ガラス・土石製品,11.7,★☆☆☆☆,0.0,0.0,2.0,0.0,9.7,0.0,0.0,0.0,,,0.0,2.9,5.0,1.9,5133,5709.0,-1.0,0.6,2134,MA上昇配列 / パーフェクトオーダー
3465,ケイアイスター不動産,不動産業,11.7,★☆☆☆☆,0.0,0.0,3.0,0.0,8.7,0.0,0.0,0.0,,,0.0,0.5,2.5,1.3,3493,3675.0,7.3,1.7,327,MA上昇配列 / パーフェクトオーダー
9507,四国電力,電気・ガス業,11.7,★☆☆☆☆,0.0,0.0,3.0,0.0,8.7,0.0,0.0,0.0,,,0.0,18.5,2.8,9.9,1652,1748.0,1.8,1.0,1341,MA上昇配列
4956,コニシ,化学,11.7,★☆☆☆☆,0.0,0.0,1.0,0.0,10.7,0.0,0.0,0.0,,,0.0,0.9,2.8,1.0,1381,1462.0,0.6,0.7,175,MA上昇配列 / パーフェクトオーダー
4848,フルキャストホールディングス,サービス業,11.7,★☆☆☆☆,0.0,0.0,2.0,0.0,8.0,0.0,1.7,0.0,,,0.0,12.3,2.6,9.8,1749,1845.0,12.6,1.2,203,MA上昇配列 / 開示[自己株式取得](6日前)
3950,ザ・パック,パルプ・紙,11.7,★☆☆☆☆,0.0,0.0,2.0,0.0,9.7,0.0,0.0,0.0,,,0.0,4.4,2.0,0.9,1382,1439.0,-0.6,0.5,219,MA上昇配列 / パーフェクトオーダー / 52週高値目前
7701,島津製作所,精密機器,11.7,★☆☆☆☆,2.7,0.0,0.0,0.0,9.0,0.0,0.0,0.0,,ASML,-1.9,0.8,2.7,3.2,4032,4266.0,3.8,0.9,4215,ASML+6.6%連動(β0.16) / MA上昇配列
6809,ＴＯＡ,電気機器,11.7,★☆☆☆☆,0.0,0.0,3.0,0.0,8.7,0.0,0.0,0.0,,,0.0,7.5,1.8,5.8,1664,1726.0,4.0,1.4,156,MA上昇配列
5713,住友金属鉱山,非鉄金属,11.7,★☆☆☆☆,5.7,0.0,3.0,0.0,6.0,0.0,2.0,-5.0,,Lam Research,-5.8,33.6,5.7,23.9,8710,9823.0,14.7,1.1,33207,Lam Research+10.0%連動(β0.23) / 過熱⚠25MA+24% / 開示[業績予想の修正](3日前)
9746,ＴＫＣ,情報・通信業,11.7,★☆☆☆☆,0.0,0.0,1.0,0.0,9.0,0.0,1.7,0.0,,,0.0,10.4,3.0,6.4,3749,3985.0,7.4,0.8,394,MA上昇配列 / 開示[増配](6日前)
2053,中部飼料,食料品,11.7,★☆☆☆☆,0.0,0.0,2.0,0.0,9.7,0.0,0.0,0.0,,,0.0,2.5,1.9,1.4,1881,1953.0,4.4,0.7,123,MA上昇配列 / パーフェクトオーダー / 52週高値目前
1518,三井松島ホールディングス,その他製品,11.6,★☆☆☆☆,0.0,0.0,5.3,0.0,8.2,0.0,1.1,-3.0,,,0.0,50.1,5.3,18.2,2070,2313.0,1.4,0.7,1495,買い出来高優勢 / 資金流入増 / MA上昇配列 / パーフェクトオーダー / 伸びすぎ注意(25MA+18%) / 開示[子会社化](6日前)
2809,キユーピー,食料品,11.5,★☆☆☆☆,0.0,0.0,2.0,0.0,9.5,0.0,0.0,0.0,,,0.0,3.4,2.8,2.0,4396,4658.0,4.7,0.6,1735,MA上昇配列 / パーフェクトオーダー
8725,ＭＳ＆ＡＤインシュアランスグループホールディングス,保険業,11.5,★☆☆☆☆,0.0,0.0,2.0,0.0,8.2,0.0,1.3,0.0,,,0.0,6.9,2.2,1.9,4630,4845.0,1.4,0.8,21649,MA上昇配列 / パーフェクトオーダー / 開示[自己株式の取得](8日前)
7616,コロワイド,小売業,11.5,★☆☆☆☆,0.0,0.0,4.0,0.0,7.5,0.0,0.0,0.0,,,0.0,6.7,2.9,4.5,1966,2089.0,6.1,1.3,1019,MA上昇配列 / パーフェクトオーダー
3087,ドトール・日レスホールディングス,小売業,11.5,★☆☆☆☆,0.0,0.0,2.0,0.0,9.5,0.0,0.0,0.0,,,0.0,13.0,2.7,4.5,3004,3175.0,2.8,0.8,586,MA上昇配列 / パーフェクトオーダー
5242,アイズ,情報・通信業,11.5,★☆☆☆☆,0.0,0.0,5.3,0.0,6.2,0.0,0.0,0.0,,,0.0,122.7,15.1,12.7,1401,2004.0,-4.6,0.1,153,買い出来高優勢 / 資金流入増 / MA上昇配列 / パーフェクトオーダー
3093,トレジャー・ファクトリー,小売業,11.5,★☆☆☆☆,0.0,0.0,2.0,0.0,9.5,0.0,0.0,0.0,,,0.0,-0.9,3.1,0.9,1996,2128.0,3.8,1.2,335,MA上昇配列 / パーフェクトオーダー
9508,九州電力,電気・ガス業,11.5,★☆☆☆☆,0.0,0.0,2.0,0.0,9.5,0.0,0.0,0.0,,,0.0,6.8,2.6,4.0,1761,1858.5,3.7,0.9,3069,MA上昇配列 / パーフェクトオーダー
6417,ＳＡＮＫＹＯ,機械,11.5,★☆☆☆☆,0.0,0.0,2.0,0.0,8.0,0.0,1.5,0.0,,,0.0,15.1,3.1,8.0,1802,1923.0,5.6,0.8,1974,MA上昇配列 / 開示[増配](7日前)
6472,ＮＴＮ,機械,11.5,★☆☆☆☆,6.8,0.0,0.0,0.0,4.7,0.0,0.0,0.0,,Emerson,1.2,3.2,3.8,1.6,360,389.8999938964844,0.6,0.7,1560,Emerson+3.5%連動(β0.35) 未反応+1.2%
4419,Ｆｉｎａｔｅｘｔホールディングス,情報・通信業,11.5,★☆☆☆☆,0.0,0.0,2.0,0.0,9.5,0.0,0.0,0.0,,,0.0,2.6,5.1,3.9,1481,1650.0,4.9,1.7,763,MA上昇配列 / パーフェクトオーダー
4212,積水樹脂,化学,11.5,★☆☆☆☆,0.0,0.0,2.0,0.0,9.5,0.0,0.0,0.0,,,0.0,6.9,3.4,2.4,2624,2817.0,-3.6,0.6,236,MA上昇配列 / パーフェクトオーダー
2109,ＤＭ三井製糖,食料品,11.5,★☆☆☆☆,0.0,0.0,2.0,0.0,9.5,0.0,0.0,0.0,,,0.0,4.5,1.9,2.4,3355,3490.0,3.6,0.5,154,MA上昇配列 / パーフェクトオーダー
6902,デンソー,輸送用機器,11.5,★☆☆☆☆,10.5,0.0,1.0,0.0,0.0,0.0,0.0,0.0,,ASML,2.5,-2.5,3.5,-3.8,1770,1901.5,-0.9,1.5,17785,ASML+6.6%連動(β0.19) 未反応+2.5%
3817,ＳＲＡホールディングス,情報・通信業,11.5,★☆☆☆☆,0.0,0.0,1.0,0.0,9.0,0.0,1.5,0.0,,,0.0,5.0,2.2,2.7,4560,4770.0,3.5,1.2,240,MA上昇配列 / 開示[自己株式の取得](7日前)
2730,エディオン,小売業,11.5,★☆☆☆☆,0.0,0.0,3.3,0.0,8.2,0.0,0.0,0.0,,,0.0,5.2,2.6,2.3,2374,2502.0,2.4,0.7,755,買い出来高優勢 / MA上昇配列 / パーフェクトオーダー
3660,アイスタイル,情報・通信業,11.5,★☆☆☆☆,0.0,0.0,3.0,0.0,5.5,0.0,3.0,0.0,,,0.0,5.4,2.9,3.3,412,437.0,2.6,1.6,315,MA上昇配列 / 開示[自己株式取得](0日前)
8630,ＳＯＭＰＯホールディングス,保険業,11.5,★☆☆☆☆,0.0,0.0,2.0,0.0,8.2,0.0,1.3,0.0,,,0.0,6.3,2.3,1.8,6701,7029.0,1.0,0.8,17705,MA上昇配列 / パーフェクトオーダー / 開示[自己株式の取得](8日前)
6753,シャープ,電気機器,11.4,★☆☆☆☆,0.0,0.0,2.0,0.0,8.0,0.0,1.4,0.0,,,0.0,0.8,3.9,3.5,602,653.0,5.1,0.8,2343,MA上昇配列 / 開示[業績予想の修正](6日前)
7173,東京きらぼしフィナンシャルグループ,銀行業,11.399999999999999,★☆☆☆☆,3.2,0.0,0.0,0.0,8.2,0.0,0.0,0.0,,Emerson,-1.7,2.6,3.4,2.8,1656,1779.0,2.0,0.8,2302,Emerson+3.5%連動(β0.37) / MA上昇配列 / パーフェクトオーダー
6023,ダイハツインフィニアース,輸送用機器,11.3,★☆☆☆☆,0.0,0.0,4.3,0.0,7.0,0.0,0.0,0.0,,,0.0,8.5,5.1,4.7,2622,2921.0,-5.2,0.5,613,買い出来高優勢
3778,さくらインターネット,情報・通信業,11.3,★☆☆☆☆,0.0,0.0,4.3,0.0,10.0,0.0,0.0,-3.0,,,0.0,23.5,6.3,19.9,3223,3685.0,3.7,1.1,4267,買い出来高優勢 / MA上昇配列 / パーフェクトオーダー / 伸びすぎ注意(25MA+20%)
3844,コムチュア,情報・通信業,11.3,★☆☆☆☆,0.0,0.0,3.3,0.0,8.0,0.0,0.0,0.0,,,0.0,4.1,2.1,3.7,1387,1447.0,2.6,2.2,270,出来高増2.2倍 / MA上昇配列
6357,三精テクノロジーズ,機械,11.3,★☆☆☆☆,0.0,0.0,3.3,0.0,8.0,0.0,0.0,0.0,,,0.0,9.2,2.9,8.4,2465,2618.0,8.3,0.9,102,買い出来高優勢
4385,メルカリ,情報・通信業,11.3,★☆☆☆☆,0.0,0.0,0.0,0.0,10.0,0.0,1.3,0.0,,,0.0,0.0,4.9,3.4,4272,4733.0,9.7,0.9,8884,MA上昇配列 / パーフェクトオーダー / 開示[自己株式取得](8日前)
3850,エヌ・ティ・ティ・データ・イントラマート,情報・通信業,11.3,★☆☆☆☆,0.0,0.0,3.3,0.0,8.0,0.0,0.0,0.0,,,0.0,6.3,3.4,6.5,3101,3330.0,2.9,0.7,121,買い出来高優勢 / MA上昇配列
4114,日本触媒,化学,11.3,★☆☆☆☆,0.0,0.0,5.3,0.0,11.0,0.0,0.0,-5.0,,,0.0,26.2,3.1,20.4,2486,2648.5,23.1,1.4,2205,買い出来高優勢 / MA上昇配列 / パーフェクトオーダー / 52週高値目前 / RSI過熱(86)⚠ / 過熱⚠25MA+20%
5842,インテグラル,証券、商品先物取引業,11.3,★☆☆☆☆,0.0,0.0,5.3,0.0,6.0,0.0,0.0,0.0,,,0.0,3.9,3.4,7.3,2874,3085.0,5.3,2.5,282,出来高増2.5倍
6986,双葉電子工業,電気機器,11.3,★☆☆☆☆,3.3,0.0,3.3,0.0,4.7,0.0,0.0,0.0,,ASML,-1.8,15.8,2.9,9.2,615,653.0,3.5,0.9,177,ASML+6.6%連動(β0.20) / 買い出来高優勢
296A,令和アカウンティング・ホールディングス,サービス業,11.3,★☆☆☆☆,0.0,0.0,5.3,0.0,6.0,0.0,0.0,0.0,,,0.0,18.6,2.7,5.8,845,893.0,3.4,0.1,164,買い出来高優勢 / 資金流入増 / MA上昇配列 / パーフェクトオーダー
4527,ロート製薬,医薬品,11.2,★☆☆☆☆,0.0,0.0,2.0,0.0,8.0,0.0,1.2,0.0,,,0.0,13.6,3.8,14.3,2626,2841.0,23.2,0.7,4258,MA上昇配列 / 開示[業績予想の修正](7日前)
1879,新日本建設,建設業,11.2,★☆☆☆☆,0.0,0.0,3.0,0.0,8.2,0.0,0.0,0.0,,,0.0,9.8,2.3,6.8,2169,2275.0,2.0,0.8,356,52週高値目前
5838,楽天銀行,銀行業,11.2,★☆☆☆☆,0.0,0.0,2.0,0.0,8.0,0.0,1.2,0.0,,,0.0,1.6,3.6,5.9,5487,5916.0,6.6,1.2,6391,MA上昇配列 / 開示[業績予想の修正](7日前)
6523,ＰＨＣホールディングス,電気機器,11.2,★☆☆☆☆,0.0,0.0,8.7,0.0,7.5,0.0,0.0,-5.0,,,0.0,30.9,3.7,25.2,1304,1410.0,31.0,2.0,714,出来高増2.0倍 / 買い出来高優勢 / 資金流入増 / MA上昇配列 / パーフェクトオーダー / RSI過熱(88)⚠ / 過熱⚠25MA+25%
9324,安田倉庫,倉庫・運輸関連業,11.2,★☆☆☆☆,0.0,0.0,3.0,0.0,8.2,0.0,0.0,0.0,,,0.0,2.4,2.9,1.5,2404,2552.0,5.2,0.6,312,資金流入増 / MA上昇配列 / パーフェクトオーダー
5202,日本板硝子,ガラス・土石製品,11.2,★☆☆☆☆,7.0,0.0,0.0,0.0,4.2,0.0,0.0,0.0,,Emerson,1.2,-0.2,0.3,0.1,480,483.0,0.0,0.8,486,Emerson+3.5%連動(β0.40) 未反応+1.2% / MA上昇配列
7826,フルヤ金属,その他製品,11.2,★☆☆☆☆,6.7,0.0,2.0,0.0,6.0,0.0,1.5,-5.0,,Lam Research,-21.4,20.1,6.7,21.9,7447,8590.0,17.7,0.9,3815,Lam Research+10.0%連動(β0.27) / 過熱⚠25MA+22% / 開示[増配](7日前)
6327,北川精機,機械,11.2,★☆☆☆☆,5.4,0.0,4.3,0.0,1.5,0.0,0.0,0.0,,SK hynix,-6.5,-30.4,10.9,-7.0,2850,3640.0,7.7,2.1,2533,SK hynix+5.8%連動(β0.38) / 出来高増2.1倍
6762,ＴＤＫ,電気機器,11.100000000000001,★☆☆☆☆,7.4,0.0,0.0,0.0,3.7,0.0,0.0,0.0,,Lam Research,-4.4,-0.4,5.3,4.6,2891,3235.0,2.7,0.7,38522,Lam Research+10.0%連動(β0.30)
6203,豊和工業,機械,11.100000000000001,★☆☆☆☆,2.9,0.0,0.0,0.0,5.0,0.0,3.2,0.0,,SK hynix,-1.7,-6.3,4.6,1.8,1362,1501.0,1.8,0.3,454,SK hynix+5.8%連動(β0.20) / 開示[自己株式の取得](6日前) / 開示[自己株式の取得](7日前)
5406,神戸製鋼所,鉄鋼,11.100000000000001,★☆☆☆☆,5.9,0.0,0.0,0.0,5.2,0.0,0.0,0.0,,Emerson,1.1,7.9,2.8,1.1,1889,2001.0,-2.4,0.7,4893,Emerson+3.5%連動(β0.31) 未反応+1.1% / MA上昇配列
5726,大阪チタニウムテクノロジーズ,非鉄金属,11.1,★☆☆☆☆,0.0,0.0,1.0,0.0,8.7,0.0,1.4,0.0,,,0.0,4.9,6.4,5.5,2524,2895.0,-9.5,0.9,1891,MA上昇配列 / パーフェクトオーダー / 開示[業績予想の修正](6日前)
1870,矢作建設工業,建設業,11.0,★☆☆☆☆,0.0,0.0,2.0,0.0,9.0,0.0,0.0,0.0,,,0.0,10.7,2.1,7.5,1976,2061.0,9.0,0.7,322,MA上昇配列
9697,カプコン,情報・通信業,11.0,★☆☆☆☆,0.0,0.0,2.0,0.0,9.0,0.0,0.0,0.0,,,0.0,21.1,5.1,10.0,3617,4028.0,4.9,0.7,14569,MA上昇配列
9699,ニシオホールディングス,サービス業,11.0,★☆☆☆☆,0.0,0.0,1.0,0.0,10.0,0.0,0.0,0.0,,,0.0,10.4,2.5,5.1,4228,4455.0,1.6,0.5,243,MA上昇配列
167A,リョーサン菱洋ホールディングス,卸売業,11.0,★☆☆☆☆,0.0,0.0,3.3,0.0,7.7,0.0,0.0,0.0,,,0.0,14.4,2.8,10.1,3018,3195.0,6.1,0.6,668,買い出来高優勢 / MA上昇配列
4493,サイバーセキュリティクラウド,情報・通信業,11.0,★☆☆☆☆,0.0,0.0,3.0,0.0,8.0,0.0,0.0,0.0,,,0.0,2.7,2.9,5.1,1832,1947.0,1.3,1.2,162,MA上昇配列
1948,弘電社,建設業,11.0,★☆☆☆☆,0.0,0.0,0.0,0.0,11.0,0.0,0.0,0.0,,,0.0,-0.4,0.2,0.1,11387,11430.0,0.4,0.0,134,MA上昇配列 / パーフェクトオーダー / 52週高値目前
5889,Ｊａｐａｎ　Ｅｙｅｗｅａｒ　Ｈｏｌｄｉｎｇｓ,小売業,11.0,★☆☆☆☆,0.0,0.0,1.0,0.0,10.0,0.0,0.0,0.0,,,0.0,7.9,3.1,5.8,2409,2569.0,4.8,1.0,296,MA上昇配列 / パーフェクトオーダー
6231,木村工機,機械,11.0,★☆☆☆☆,0.0,0.0,3.0,0.0,8.0,0.0,0.0,0.0,,,0.0,3.8,4.3,6.8,12236,13380.0,14.9,1.3,169,MA上昇配列
368A,北里,精密機器,11.0,★☆☆☆☆,0.0,0.0,4.3,0.0,6.7,0.0,0.0,0.0,,,0.0,18.0,2.7,13.9,1511,1598.0,10.6,1.3,200,買い出来高優勢 / MA上昇配列
5445,東京鐵鋼,鉄鋼,11.0,★☆☆☆☆,0.0,0.0,1.0,0.0,10.0,0.0,0.0,0.0,,,0.0,3.6,1.7,3.0,1932,2001.0,2.4,0.9,223,MA上昇配列
2613,Ｊ－オイルミルズ,食料品,11.0,★☆☆☆☆,0.0,0.0,0.0,0.0,11.0,0.0,0.0,0.0,,,0.0,-0.1,1.7,1.1,2037,2109.0,5.4,1.0,117,MA上昇配列 / パーフェクトオーダー / 52週高値目前
8570,イオンフィナンシャルサービス,その他金融業,11.0,★☆☆☆☆,0.0,0.0,2.0,0.0,9.0,0.0,0.0,0.0,,,0.0,5.4,2.0,5.0,1578,1645.0,6.4,0.9,759,MA上昇配列
212A,フィットイージー,サービス業,11.0,★☆☆☆☆,0.0,0.0,0.0,0.0,11.0,0.0,0.0,0.0,,,0.0,7.5,3.4,8.4,2833,3040.0,6.4,0.6,384,MA上昇配列 / パーフェクトオーダー
219A,Ｈｅａｒｔｓｅｅｄ,医薬品,11.0,★☆☆☆☆,0.0,0.0,3.0,0.0,8.0,0.0,0.0,0.0,,,0.0,21.5,4.4,14.9,1773,1942.0,7.1,1.4,362,MA上昇配列
2004,昭和産業,食料品,11.0,★☆☆☆☆,0.0,0.0,0.0,0.0,11.0,0.0,0.0,0.0,,,0.0,2.6,2.1,2.2,3439,3590.0,5.1,0.8,213,MA上昇配列 / パーフェクトオーダー / 52週高値目前
4324,電通グループ,サービス業,11.0,★☆☆☆☆,0.0,0.0,1.0,0.0,10.0,0.0,0.0,0.0,,,0.0,7.5,3.6,5.4,3451,3717.0,7.3,1.0,5431,MA上昇配列 / パーフェクトオーダー
4768,大塚商会,情報・通信業,11.0,★☆☆☆☆,0.0,0.0,1.0,0.0,10.0,0.0,0.0,0.0,,,0.0,16.5,3.7,8.5,3164,3420.0,-0.4,0.9,5734,MA上昇配列
9435,光通信,情報・通信業,11.0,★☆☆☆☆,0.0,0.0,2.0,0.0,9.0,0.0,0.0,0.0,,,0.0,6.1,2.4,4.9,38524,40430.0,2.5,1.6,3400,MA上昇配列
4927,ポーラ・オルビスホールディングス,化学,11.0,★☆☆☆☆,0.0,0.0,3.0,0.0,8.0,0.0,0.0,0.0,,,0.0,6.3,2.8,5.3,1338,1416.5,9.3,0.7,991,MA上昇配列
7956,ピジョン,その他製品,11.0,★☆☆☆☆,0.0,0.0,1.0,0.0,10.0,0.0,0.0,0.0,,,0.0,2.9,2.9,3.5,1982,2103.5,6.1,1.5,2155,MA上昇配列 / パーフェクトオーダー
3050,ＤＣＭホールディングス,小売業,11.0,★☆☆☆☆,0.0,0.0,1.0,0.0,10.0,0.0,0.0,0.0,,,0.0,4.8,2.2,2.4,1493,1560.0,4.1,0.8,395,MA上昇配列
7944,ローランド,その他製品,11.0,★☆☆☆☆,0.0,0.0,3.0,0.0,8.0,0.0,0.0,0.0,,,0.0,5.9,3.9,3.2,3963,4300.0,-6.5,0.8,789,-
6140,旭ダイヤモンド工業,機械,11.0,★☆☆☆☆,2.6,0.0,1.0,0.0,6.0,0.0,1.4,0.0,,SK hynix,-8.4,9.5,5.1,10.9,1162,1295.0,7.0,1.0,896,SK hynix+5.8%連動(β0.18) / 開示[業績予想の修正](6日前)
3498,霞ヶ関キャピタル,不動産業,11.0,★☆☆☆☆,0.0,0.0,4.3,0.0,6.7,0.0,0.0,0.0,,,0.0,19.0,3.8,11.4,7489,8110.0,2.0,1.4,3224,買い出来高優勢 / MA上昇配列
8185,チヨダ,小売業,11.0,★☆☆☆☆,0.0,0.0,3.0,0.0,8.0,0.0,0.0,0.0,,,0.0,3.5,1.3,2.8,1003,1030.0,3.6,1.1,151,MA上昇配列
8139,ナガホリ,卸売業,11.0,★☆☆☆☆,0.0,0.0,5.0,0.0,6.0,0.0,0.0,0.0,,,0.0,5.5,5.4,10.6,2095,2349.0,11.0,1.7,124,-
7480,スズデン,卸売業,11.0,★☆☆☆☆,0.0,0.0,4.0,0.0,12.0,0.0,0.0,-5.0,,,0.0,33.7,5.1,24.3,2948,3285.0,13.2,1.0,287,資金流入増 / MA上昇配列 / パーフェクトオーダー / 過熱⚠25MA+24%
7242,カヤバ,輸送用機器,11.0,★☆☆☆☆,0.0,0.0,2.0,0.0,9.0,0.0,0.0,0.0,,,0.0,9.5,2.9,4.2,4278,4545.0,2.5,0.6,460,MA上昇配列
3825,リミックスポイント,小売業,11.0,★☆☆☆☆,0.0,0.0,3.0,0.0,8.0,0.0,0.0,0.0,,,0.0,10.5,3.7,11.1,206,223.0,10.9,1.8,156,MA上昇配列
9830,トラスコ中山,卸売業,10.9,★☆☆☆☆,0.0,0.0,3.0,0.0,6.5,0.0,1.4,0.0,,,0.0,3.2,2.8,1.9,2283,2417.0,0.7,0.6,392,MA上昇配列 / 開示[業績予想の修正](6日前)
4043,トクヤマ,化学,10.9,★☆☆☆☆,10.9,0.0,0.0,0.0,0.0,0.0,0.0,0.0,,HPE,2.0,-10.8,4.8,-6.8,3654,4040.0,3.1,0.8,3641,HPE+9.4%連動(β0.21) 未反応+2.0%
7203,トヨタ自動車,輸送用機器,10.9,★☆☆☆☆,5.7,0.0,1.0,0.0,4.2,0.0,0.0,0.0,,Emerson,1.0,6.5,3.2,1.8,2808,2999.5,2.8,0.6,109910,Emerson+3.5%連動(β0.30) 未反応+1.0% / MA上昇配列
8366,滋賀銀行,銀行業,10.9,★☆☆☆☆,2.7,0.0,1.0,0.0,7.2,0.0,0.0,0.0,,Emerson,-1.2,-3.8,4.4,1.8,2457,2691.0,3.2,0.7,3246,Emerson+3.5%連動(β0.32) / MA上昇配列 / パーフェクトオーダー
4027,テイカ,化学,10.9,★☆☆☆☆,0.0,0.0,0.0,0.0,9.5,0.0,1.4,0.0,,,0.0,2.3,4.0,1.1,2150,2339.0,2.1,0.9,165,MA上昇配列 / パーフェクトオーダー / 開示[業績予想の修正](6日前)
7832,バンダイナムコホールディングス,その他製品,10.899999999999999,★☆☆☆☆,0.0,0.0,4.0,0.0,8.7,0.0,1.2,-3.0,,,0.0,26.3,4.6,17.3,4765,5252.0,19.2,1.3,15757,MA上昇配列 / 伸びすぎ注意(25MA+17%) / 開示[業績予想の修正](7日前)
6841,横河電機,電気機器,10.8,★☆☆☆☆,4.9,0.0,2.0,0.0,2.2,0.0,1.7,0.0,,Lam Research,-2.4,1.4,4.6,-0.4,5057,5570.0,5.1,0.8,7582,Lam Research+10.0%連動(β0.20) / 開示[自己株式取得](6日前)
3245,ディア・ライフ,不動産業,10.8,★☆☆☆☆,0.0,0.0,4.3,0.0,6.5,0.0,0.0,0.0,,,0.0,2.7,1.9,2.7,1072,1115.0,4.1,2.4,315,出来高増2.4倍 / MA上昇配列
9743,丹青社,サービス業,10.7,★☆☆☆☆,0.0,0.0,2.0,0.0,8.7,0.0,0.0,0.0,,,0.0,6.6,2.0,5.1,1402,1462.0,3.3,0.5,905,資金流入増 / MA上昇配列
7236,ティラド,輸送用機器,10.7,★☆☆☆☆,0.0,0.0,0.0,0.0,10.7,0.0,0.0,0.0,,,0.0,1.4,3.6,1.9,1425,1535.0,0.4,0.7,568,MA上昇配列 / パーフェクトオーダー
8995,誠建設工業,不動産業,10.7,★☆☆☆☆,0.0,0.0,7.7,0.0,8.0,0.0,0.0,-5.0,,,0.0,57.4,13.5,35.2,935,1280.0,19.5,4.2,151,出来高急増4.2倍 / 資金流入増 / MA上昇配列 / 過熱⚠25MA+35%
4722,フューチャー,情報・通信業,10.7,★☆☆☆☆,0.0,0.0,3.0,0.0,7.7,0.0,0.0,0.0,,,0.0,25.6,2.1,10.7,2340,2445.0,-0.0,0.5,4071,資金流入増 / MA上昇配列 / 52週高値目前
9506,東北電力,電気・ガス業,10.7,★☆☆☆☆,0.0,0.0,3.0,0.0,7.7,0.0,0.0,0.0,,,0.0,12.0,2.3,6.0,1167,1223.0,3.1,0.7,3359,MA上昇配列
7366,ＬＩＴＡＬＩＣＯ,サービス業,10.7,★☆☆☆☆,0.0,0.0,2.0,0.0,8.7,0.0,0.0,0.0,,,0.0,6.3,3.8,8.2,1662,1799.0,7.7,0.7,217,MA上昇配列 / パーフェクトオーダー
7731,ニコン,精密機器,10.7,★☆☆☆☆,6.2,0.0,2.0,0.0,2.5,0.0,0.0,0.0,,Lam Research,0.3,-11.3,4.8,-3.0,1838,2034.0,2.9,0.8,4012,Lam Research+10.0%連動(β0.22)
3405,クラレ,化学,10.7,★☆☆☆☆,0.0,0.0,1.0,0.0,9.7,0.0,0.0,0.0,,,0.0,7.0,3.6,3.2,1741,1876.0,2.3,0.7,4214,MA上昇配列 / パーフェクトオーダー
9075,福山通運,陸運業,10.7,★☆☆☆☆,0.0,0.0,1.0,0.0,9.7,0.0,0.0,0.0,,,0.0,9.0,3.5,3.8,5741,6170.0,8.2,1.0,783,MA上昇配列 / パーフェクトオーダー
5482,愛知製鋼,鉄鋼,10.7,★☆☆☆☆,0.0,0.0,0.0,0.0,10.7,0.0,0.0,0.0,,,0.0,3.5,3.0,2.0,2971,3160.0,0.2,0.4,553,MA上昇配列 / パーフェクトオーダー
4689,ＬＩＮＥヤフー,情報・通信業,10.7,★☆☆☆☆,0.0,0.0,2.0,0.0,8.7,0.0,0.0,0.0,,,0.0,11.3,3.2,9.3,467,499.5,8.3,1.1,8373,MA上昇配列 / パーフェクトオーダー
6832,アオイ電子,電気機器,10.600000000000001,★☆☆☆☆,5.9,0.0,1.0,0.0,3.7,0.0,0.0,0.0,,Lam Research,-1.1,-4.2,5.6,0.4,2103,2369.0,-0.8,0.6,123,Lam Research+10.0%連動(β0.24)
6996,ニチコン,電気機器,10.600000000000001,★☆☆☆☆,7.9,0.0,0.0,0.0,2.7,0.0,0.0,0.0,,Lam Research,0.7,-7.2,7.5,-0.5,2577,3035.0,-7.5,0.7,3764,Lam Research+10.0%連動(β0.24) 未反応+0.7%
6524,湖北工業,電気機器,10.6,★☆☆☆☆,3.7,0.0,2.0,0.0,3.7,0.0,1.2,0.0,,SK hynix,-0.4,2.0,6.4,5.9,4221,4840.0,-2.9,0.7,1246,SK hynix+5.8%連動(β0.26) / 開示[業績予想の修正](7日前)
6823,リオン,電気機器,10.6,★☆☆☆☆,4.6,0.0,0.0,0.0,6.0,0.0,0.0,0.0,,Lam Research,-1.7,1.2,3.4,3.5,3312,3550.0,3.2,0.7,261,Lam Research+10.0%連動(β0.18)
7550,ゼンショーホールディングス,小売業,10.6,★☆☆☆☆,0.0,0.0,2.0,0.0,10.2,0.0,1.4,-3.0,,,0.0,25.8,3.6,17.1,10523,11340.0,13.5,1.2,6649,MA上昇配列 / 52週高値目前 / 伸びすぎ注意(25MA+17%) / 開示[業績予想の修正](6日前)
7867,タカラトミー,その他製品,10.5,★☆☆☆☆,0.0,0.0,3.0,0.0,7.5,0.0,0.0,0.0,,,0.0,5.3,4.0,2.5,3324,3609.0,7.1,0.5,2888,MA上昇配列 / パーフェクトオーダー
7803,ブシロード,その他製品,10.5,★☆☆☆☆,0.0,0.0,3.0,0.0,7.5,0.0,0.0,0.0,,,0.0,-3.9,4.7,1.7,350,387.0,2.7,1.5,645,資金流入増 / MA上昇配列 / パーフェクトオーダー
3399,丸千代山岡家,小売業,10.5,★☆☆☆☆,0.0,0.0,1.0,0.0,9.5,0.0,0.0,0.0,,,0.0,-1.6,3.1,3.6,3515,3750.0,6.2,0.7,425,MA上昇配列 / パーフェクトオーダー
8242,エイチ・ツー・オー　リテイリング,小売業,10.5,★☆☆☆☆,0.0,0.0,1.0,0.0,9.5,0.0,0.0,0.0,,,0.0,-0.2,3.2,0.5,2670,2850.5,2.8,1.1,1322,MA上昇配列 / パーフェクトオーダー
7309,シマノ,輸送用機器,10.5,★☆☆☆☆,0.0,0.0,3.0,0.0,7.5,0.0,0.0,0.0,,,0.0,12.9,3.5,5.6,18610,20025.0,3.0,0.6,7993,MA上昇配列 / パーフェクトオーダー
7085,カーブスホールディングス,サービス業,10.5,★☆☆☆☆,0.0,0.0,1.0,0.0,9.5,0.0,0.0,0.0,,,0.0,-3.3,2.0,1.4,919,958.0,4.2,1.0,534,MA上昇配列 / パーフェクトオーダー
2492,インフォマート,サービス業,10.5,★☆☆☆☆,0.0,0.0,3.0,0.0,7.5,0.0,0.0,0.0,,,0.0,24.2,6.5,9.7,506,582.0,1.2,0.9,1941,MA上昇配列 / パーフェクトオーダー
6932,遠藤照明,電気機器,10.5,★☆☆☆☆,0.0,0.0,3.3,0.0,7.2,0.0,0.0,0.0,,,0.0,9.5,2.9,2.0,2448,2600.0,-6.3,0.4,135,買い出来高優勢 / MA上昇配列 / パーフェクトオーダー
9861,吉野家ホールディングス,小売業,10.5,★☆☆☆☆,0.0,0.0,1.0,0.0,9.5,0.0,0.0,0.0,,,0.0,3.1,2.9,2.7,3555,3774.0,1.4,0.9,2280,MA上昇配列 / パーフェクトオーダー
8708,アイザワ証券グループ,証券、商品先物取引業,10.5,★☆☆☆☆,0.0,0.0,3.0,0.0,7.5,0.0,0.0,0.0,,,0.0,9.2,2.7,4.9,1630,1725.0,2.7,0.8,288,資金流入増 / MA上昇配列 / パーフェクトオーダー
5943,ノーリツ,金属製品,10.5,★☆☆☆☆,0.0,0.0,1.0,0.0,9.5,0.0,0.0,0.0,,,0.0,2.0,2.0,0.7,2275,2370.0,1.5,1.2,190,MA上昇配列 / パーフェクトオーダー
4901,富士フイルムホールディングス,化学,10.4,★☆☆☆☆,7.4,0.0,2.0,0.0,1.0,0.0,0.0,0.0,,KLA,1.3,-10.7,4.6,-12.1,2903,3198.0,-14.6,2.0,20679,KLA+8.6%連動(β0.16) 未反応+1.3%
8282,ケーズホールディングス,小売業,10.3,★☆☆☆☆,0.0,0.0,3.3,0.0,7.0,0.0,0.0,0.0,,,0.0,7.3,3.0,3.7,1819,1934.0,3.0,1.0,1571,買い出来高優勢
8841,テーオーシー,不動産業,10.3,★☆☆☆☆,0.0,0.0,3.3,0.0,7.0,0.0,0.0,0.0,,,0.0,4.7,3.2,4.7,911,974.0,3.7,1.1,141,買い出来高優勢
7744,ノーリツ鋼機,精密機器,10.3,★☆☆☆☆,0.0,0.0,3.3,0.0,7.0,0.0,0.0,0.0,,,0.0,5.0,2.5,3.8,1969,2074.0,4.4,0.9,694,買い出来高優勢
3962,チェンジホールディングス,情報・通信業,10.3,★☆☆☆☆,0.0,0.0,1.0,0.0,8.0,0.0,1.3,0.0,,,0.0,3.1,2.3,4.3,948,993.0,4.4,1.1,280,MA上昇配列 / 開示[自己株式の取得](8日前)
9842,アークランズ,小売業,10.2,★☆☆☆☆,0.0,0.0,2.0,0.0,8.2,0.0,0.0,0.0,,,0.0,1.3,2.3,0.3,1815,1903.0,3.6,1.1,648,資金流入増 / MA上昇配列 / パーフェクトオーダー
7322,三十三フィナンシャルグループ,銀行業,10.2,★☆☆☆☆,0.0,0.0,2.0,0.0,8.2,0.0,0.0,0.0,,,0.0,6.2,5.0,1.9,1724,1916.0,5.9,1.3,773,MA上昇配列 / パーフェクトオーダー
2501,サッポロビール,食料品,10.2,★☆☆☆☆,0.0,0.0,2.0,0.0,8.2,0.0,0.0,0.0,,,0.0,3.3,4.2,1.1,1864,2034.0,5.3,1.8,2972,MA上昇配列 / パーフェクトオーダー
7581,サイゼリヤ,小売業,10.2,★☆☆☆☆,0.0,0.0,4.0,0.0,6.2,0.0,0.0,0.0,,,0.0,29.5,4.2,5.7,6951,7590.0,0.7,0.5,8673,資金流入増 / MA上昇配列
6905,コーセル,電気機器,10.2,★☆☆☆☆,4.2,0.0,0.0,0.0,6.0,0.0,0.0,0.0,,Lam Research,-1.1,3.0,3.3,5.1,1285,1375.0,0.1,0.8,256,Lam Research+10.0%連動(β0.17)
9888,ＵＥＸ,卸売業,10.1,★☆☆☆☆,0.0,0.0,3.0,0.0,10.7,0.0,1.4,-5.0,,,0.0,28.1,4.6,20.6,1158,1275.0,11.8,0.9,111,MA上昇配列 / パーフェクトオーダー / 過熱⚠25MA+21% / 開示[業績予想の修正](6日前)
8237,松屋,小売業,10.0,★☆☆☆☆,0.0,0.0,2.0,0.0,8.0,0.0,0.0,0.0,,,0.0,12.3,5.9,7.2,1771,2008.0,-6.0,0.7,652,MA上昇配列
8194,ライフコーポレーション,小売業,10.0,★☆☆☆☆,0.0,0.0,2.0,0.0,8.0,0.0,0.0,0.0,,,0.0,5.8,2.5,3.5,2468,2599.0,5.1,0.6,547,-
2962,テクニスコ,金属製品,10.0,★☆☆☆☆,0.0,0.0,1.0,0.0,9.0,0.0,0.0,0.0,,,0.0,16.2,6.2,12.4,1249,1425.0,11.4,1.0,173,MA上昇配列 / パーフェクトオーダー
3038,神戸物産,卸売業,10.0,★☆☆☆☆,0.0,0.0,2.0,0.0,8.0,0.0,0.0,0.0,,,0.0,2.0,3.4,1.9,2605,2794.0,1.7,1.0,5003,MA上昇配列
7974,任天堂,その他製品,10.0,★☆☆☆☆,0.0,0.0,2.0,0.0,8.0,0.0,0.0,0.0,,,0.0,17.7,3.7,11.3,7707,8325.0,12.1,1.0,86996,MA上昇配列
6465,ホシザキ,機械,10.0,★☆☆☆☆,0.0,0.0,0.0,0.0,8.5,0.0,1.5,0.0,,,0.0,3.3,2.8,2.5,5391,5715.0,2.0,0.8,2792,MA上昇配列 / パーフェクトオーダー / 開示[自己株式取得](7日前)
7241,フタバ産業,輸送用機器,10.0,★☆☆☆☆,0.0,0.0,0.0,0.0,10.0,0.0,0.0,0.0,,,0.0,8.1,1.9,3.3,1005,1044.0,1.5,0.7,270,MA上昇配列
367A,プリモグローバルホールディングス,小売業,10.0,★☆☆☆☆,0.0,0.0,2.0,0.0,8.0,0.0,0.0,0.0,,,0.0,-5.0,2.5,1.8,2688,2832.0,2.6,0.3,243,資金流入増
4776,サイボウズ,情報・通信業,10.0,★☆☆☆☆,0.0,0.0,2.0,0.0,8.0,0.0,0.0,0.0,,,0.0,8.9,3.6,6.3,2611,2811.0,5.0,0.8,737,MA上昇配列
4765,ＳＢＩグローバルアセットマネジメント,サービス業,10.0,★☆☆☆☆,0.0,0.0,3.0,0.0,7.0,0.0,0.0,0.0,,,0.0,5.1,2.7,4.1,579,613.0,4.1,0.6,288,-
4684,オービック,情報・通信業,10.0,★☆☆☆☆,0.0,0.0,1.0,0.0,9.0,0.0,0.0,0.0,,,0.0,8.1,3.5,5.4,4285,4610.0,5.1,0.7,8634,MA上昇配列
3182,オイシックス,小売業,10.0,★☆☆☆☆,0.0,0.0,0.0,0.0,10.0,0.0,0.0,0.0,,,0.0,9.9,3.3,5.5,1577,1688.0,6.6,0.7,156,MA上昇配列 / パーフェクトオーダー
7740,タムロン,精密機器,10.0,★☆☆☆☆,0.0,0.0,2.0,0.0,11.0,0.0,0.0,-3.0,,,0.0,24.6,3.8,15.2,1318,1428.0,0.5,0.7,894,MA上昇配列 / パーフェクトオーダー / 52週高値目前 / RSI過熱(85)⚠ / 伸びすぎ注意(25MA+15%)
7383,ネットプロテクションズホールディングス,その他金融業,10.0,★☆☆☆☆,0.0,0.0,2.0,0.0,8.0,0.0,0.0,0.0,,,0.0,14.8,3.8,8.2,419,453.0,-1.1,0.9,279,MA上昇配列
7864,フジシールインターナショナル,その他製品,10.0,★☆☆☆☆,0.0,0.0,0.0,0.0,10.0,0.0,0.0,0.0,,,0.0,7.7,2.7,6.0,3080,3255.0,6.5,0.7,484,MA上昇配列
3193,エターナルホスピタリティグループ,小売業,10.0,★☆☆☆☆,0.0,0.0,2.0,0.0,8.0,0.0,0.0,0.0,,,0.0,7.5,3.1,5.7,1407,1501.0,9.3,0.8,299,MA上昇配列
2296,伊藤ハム米久ホールディングス,食料品,10.0,★☆☆☆☆,0.0,0.0,2.0,0.0,8.0,0.0,0.0,0.0,,,0.0,3.6,2.2,2.5,4810,5030.0,3.8,0.8,768,MA上昇配列
2695,くら寿司,小売業,10.0,★☆☆☆☆,0.0,0.0,2.0,0.0,8.0,0.0,0.0,0.0,,,0.0,4.3,2.3,3.4,1615,1692.0,3.8,0.7,452,MA上昇配列
8179,ロイヤルホールディングス,小売業,10.0,★☆☆☆☆,0.0,0.0,1.0,0.0,9.0,0.0,0.0,0.0,,,0.0,5.2,2.7,3.7,1271,1345.0,4.5,0.9,455,MA上昇配列
3103,ユニチカ,繊維製品,10.0,★☆☆☆☆,0.0,0.0,9.0,0.0,6.0,0.0,0.0,-5.0,,,0.0,47.6,9.7,43.2,1088,1350.0,33.8,5.0,8266,出来高急増5.0倍 / 買い出来高優勢 / 過熱⚠25MA+43%
2982,ＡＤワークスグループ,不動産業,10.0,★☆☆☆☆,0.0,0.0,1.0,0.0,9.0,0.0,0.0,0.0,,,0.0,1.5,2.6,3.6,402,424.0,4.2,1.4,140,MA上昇配列
3028,アルペン,小売業,10.0,★☆☆☆☆,0.0,0.0,2.0,0.0,8.0,0.0,0.0,0.0,,,0.0,9.0,2.3,6.4,2245,2352.0,9.4,0.8,281,MA上昇配列
6071,ＩＢＪ,サービス業,10.0,★☆☆☆☆,0.0,0.0,0.0,0.0,10.0,0.0,0.0,0.0,,,0.0,-1.9,1.9,2.8,825,857.0,4.9,1.0,123,MA上昇配列 / パーフェクトオーダー
135A,ＶＲＡＩＮ　Ｓｏｌｕｔｉｏｎ,情報・通信業,10.0,★☆☆☆☆,7.3,0.0,0.0,0.0,2.7,0.0,0.0,0.0,,SK hynix,1.3,-6.4,4.5,-1.1,3494,3835.0,1.7,0.4,306,SK hynix+5.8%連動(β0.23) 未反応+1.3%
9201,日本航空,空運業,10.0,★☆☆☆☆,0.0,0.0,0.0,0.0,10.0,0.0,0.0,0.0,,,0.0,3.0,2.5,2.3,2877,3029.0,-0.2,1.0,8635,MA上昇配列
2384,ＳＢＳホールディングス,陸運業,10.0,★☆☆☆☆,0.0,0.0,2.0,0.0,8.0,0.0,0.0,0.0,,,0.0,12.9,3.6,8.7,4495,4845.0,14.4,0.6,513,-
2212,山崎製パン,食料品,10.0,★☆☆☆☆,0.0,0.0,1.0,0.0,9.0,0.0,0.0,0.0,,,0.0,8.6,3.7,4.7,3289,3549.0,8.9,0.8,2608,MA上昇配列
8425,みずほリース,その他金融業,10.0,★☆☆☆☆,0.0,0.0,1.0,0.0,9.0,0.0,0.0,0.0,,,0.0,3.3,2.0,2.0,1302,1356.0,2.6,0.8,862,MA上昇配列
9037,ハマキョウレックス,陸運業,10.0,★☆☆☆☆,0.0,0.0,2.0,0.0,8.0,0.0,0.0,0.0,,,0.0,1.2,2.3,1.9,1773,1859.0,3.7,1.2,244,-
9110,ＮＳユナイテッド海運,海運業,10.0,★☆☆☆☆,0.0,0.0,4.0,0.0,11.0,0.0,0.0,-5.0,,,0.0,45.3,3.0,26.7,9800,10420.0,0.1,0.8,1324,資金流入増 / MA上昇配列 / パーフェクトオーダー / 52週高値目前 / RSI過熱(98)⚠ / 過熱⚠25MA+27%
1847,イチケン,建設業,10.0,★☆☆☆☆,0.0,0.0,4.3,0.0,10.7,0.0,0.0,-5.0,,,0.0,30.1,3.6,22.4,3190,3435.0,22.8,1.1,150,買い出来高優勢 / MA上昇配列 / パーフェクトオーダー / 過熱⚠25MA+22%
1719,安藤・間,建設業,10.0,★☆☆☆☆,0.0,0.0,1.0,0.0,9.0,0.0,0.0,0.0,,,0.0,3.3,2.0,2.1,1791,1863.5,4.3,0.8,1427,MA上昇配列
3741,セック,情報・通信業,10.0,★☆☆☆☆,3.0,0.0,1.0,0.0,6.0,0.0,0.0,0.0,,SK hynix,-5.9,10.5,3.5,9.4,3072,3300.0,5.1,1.0,292,SK hynix+5.8%連動(β0.21)
7094,ＮｅｘＴｏｎｅ,サービス業,10.0,★☆☆☆☆,0.0,0.0,2.0,0.0,8.0,0.0,0.0,0.0,,,0.0,13.9,4.0,10.6,1521,1655.0,12.1,0.7,134,MA上昇配列
3659,ネクソン,情報・通信業,10.0,★☆☆☆☆,0.0,0.0,2.0,0.0,8.0,0.0,0.0,0.0,,,0.0,11.1,4.1,6.3,2313,2521.5,8.1,1.0,6772,MA上昇配列
4343,イオンファンタジー,サービス業,10.0,★☆☆☆☆,0.0,0.0,2.0,0.0,8.0,0.0,0.0,0.0,,,0.0,1.8,2.6,4.1,2675,2821.0,2.8,1.2,201,MA上昇配列
4704,トレンドマイクロ,情報・通信業,10.0,★☆☆☆☆,0.0,0.0,2.0,0.0,8.0,0.0,0.0,0.0,,,0.0,7.7,3.3,5.6,6400,6851.0,5.9,1.0,6343,MA上昇配列
146A,コロンビア・ワークス,不動産業,10.0,★☆☆☆☆,0.0,0.0,3.3,0.0,6.7,0.0,0.0,0.0,,,0.0,-2.6,3.5,2.6,3076,3305.0,4.8,2.2,155,出来高増2.2倍 / MA上昇配列
4483,ＪＭＤＣ,情報・通信業,10.0,★☆☆☆☆,0.0,0.0,2.0,0.0,8.0,0.0,0.0,0.0,,,0.0,5.6,4.3,5.4,3118,3415.0,11.2,0.8,1221,MA上昇配列
4475,ＨＥＮＮＧＥ,情報・通信業,10.0,★☆☆☆☆,0.0,0.0,2.0,0.0,8.0,0.0,0.0,0.0,,,0.0,15.6,5.7,8.3,1279,1444.0,-4.9,0.9,779,MA上昇配列
6706,電気興業,電気機器,10.0,★☆☆☆☆,0.0,0.0,2.0,0.0,8.0,0.0,0.0,0.0,,,0.0,10.7,2.9,8.6,3130,3320.0,7.6,1.1,109,-
6701,日本電気,電気機器,10.0,★☆☆☆☆,0.0,0.0,2.0,0.0,8.0,0.0,0.0,0.0,,,0.0,9.8,4.1,8.1,4515,4917.0,6.2,0.6,34098,MA上昇配列
9766,コナミグループ,情報・通信業,10.0,★☆☆☆☆,0.0,0.0,1.0,0.0,9.0,0.0,0.0,0.0,,,0.0,14.1,4.9,7.7,19134,21235.0,5.2,0.8,13424,MA上昇配列
150A,ＪＳＨ,サービス業,10.0,★☆☆☆☆,0.0,0.0,4.0,0.0,3.0,0.0,3.0,0.0,,,0.0,34.6,11.2,5.8,389,501.0,5.9,0.2,436,資金流入増 / MA上昇配列 / 開示[自己株式取得](0日前)
6637,寺崎電気産業,電気機器,10.0,★☆☆☆☆,0.0,0.0,2.0,0.0,8.0,0.0,0.0,0.0,,,0.0,8.5,5.1,6.6,3764,4195.0,3.1,0.8,203,MA上昇配列
4523,エーザイ,医薬品,10.0,★☆☆☆☆,0.0,0.0,2.0,0.0,8.0,0.0,0.0,0.0,,,0.0,10.9,3.6,5.5,4522,4872.0,7.8,0.6,8525,MA上昇配列
6814,古野電気,電気機器,10.0,★☆☆☆☆,0.0,0.0,2.0,0.0,8.0,0.0,0.0,0.0,,,0.0,6.6,4.5,5.9,7027,7730.0,-2.0,0.4,3362,MA上昇配列
4716,日本オラクル,情報・通信業,10.0,★☆☆☆☆,0.0,0.0,3.3,0.0,6.7,0.0,0.0,0.0,,,0.0,8.1,2.8,6.7,8836,9357.0,5.8,0.6,3000,買い出来高優勢 / MA上昇配列
4109,ステラ　ケミファ,化学,9.9,★☆☆☆☆,4.7,0.0,0.0,0.0,3.7,0.0,1.5,0.0,,Lam Research,-6.9,-3.2,5.4,1.4,4945,5540.0,-3.5,1.0,595,Lam Research+10.0%連動(β0.19) / 開示[自己株式取得](7日前)
6908,イリソ電子工業,電気機器,9.9,★☆☆☆☆,6.2,0.0,1.0,0.0,2.7,0.0,0.0,0.0,,Emerson,1.1,-4.3,2.4,-1.7,2638,2768.0,-0.1,0.5,431,Emerson+3.5%連動(β0.33) 未反応+1.1%
3968,セグエグループ,情報・通信業,9.9,★☆☆☆☆,0.0,0.0,4.7,0.0,1.2,0.0,4.0,0.0,,,0.0,-4.3,3.1,-0.6,554,590.0,2.1,5.0,172,出来高急増5.0倍 / 開示[上方修正](0日前)
8508,Ｊトラスト,その他金融業,9.9,★☆☆☆☆,0.0,0.0,3.0,0.0,2.2,0.0,4.7,0.0,,,0.0,-6.3,4.8,-2.7,732,809.0,-6.9,1.7,1048,開示[自己株式取得](0日前) / 開示[自己株式取得](6日前)
6200,インソース,サービス業,9.899999999999999,★☆☆☆☆,0.0,0.0,4.0,0.0,4.2,0.0,1.7,0.0,,,0.0,12.3,3.2,2.4,663,709.0,-1.7,0.4,692,資金流入増 / MA上昇配列 / 開示[自己株式の取得](6日前)
2918,わらべや日洋ホールディングス,食料品,9.8,★☆☆☆☆,0.0,0.0,4.3,0.0,5.5,0.0,0.0,0.0,,,0.0,6.2,1.7,2.4,2697,2794.0,3.0,0.8,300,買い出来高優勢 / MA上昇配列
4746,東計電算,情報・通信業,9.8,★☆☆☆☆,0.0,0.0,4.0,0.0,9.5,0.0,1.3,-5.0,,,0.0,34.7,4.1,22.9,5963,6500.0,-2.0,1.8,395,資金流入増 / MA上昇配列 / パーフェクトオーダー / RSI過熱(86)⚠ / 過熱⚠25MA+23% / 開示[増配](8日前)
4220,リケンテクノス,化学,9.8,★☆☆☆☆,0.0,0.0,5.3,0.0,9.5,0.0,0.0,-5.0,,,0.0,49.1,5.5,29.7,2416,2714.0,1.5,0.9,505,買い出来高優勢 / 資金流入増 / MA上昇配列 / パーフェクトオーダー / RSI過熱(86)⚠ / 過熱⚠25MA+30%
6255,エヌ・ピー・シー,機械,9.8,★☆☆☆☆,3.8,0.0,0.0,0.0,6.0,0.0,0.0,0.0,,SK hynix,-1.3,6.9,5.2,9.0,646,722.0,0.1,0.5,201,SK hynix+5.8%連動(β0.26)
9010,富士急行,陸運業,9.8,★☆☆☆☆,0.0,0.0,1.0,0.0,7.5,0.0,1.3,0.0,,,0.0,7.6,2.9,3.0,2588,2750.0,2.1,1.1,494,MA上昇配列 / パーフェクトオーダー / 開示[自己株式の取得](8日前)
6331,三菱化工機,機械,9.8,★☆☆☆☆,8.3,0.0,0.0,0.0,1.5,0.0,0.0,0.0,,SK hynix,1.8,-5.3,4.1,-1.4,2983,3250.0,-0.2,0.6,706,SK hynix+5.8%連動(β0.20) 未反応+1.8%
1605,ＩＮＰＥＸ,鉱業,9.8,★☆☆☆☆,0.0,0.0,2.0,0.0,4.7,0.0,3.1,0.0,,,0.0,4.6,3.0,4.5,3479,3700.0,9.0,1.0,17368,開示[業績予想の修正](6日前) / 開示[自己株式の取得](6日前)
3156,レスター,卸売業,9.8,★☆☆☆☆,0.0,0.0,3.0,0.0,9.5,0.0,2.3,-5.0,,,0.0,35.0,5.4,25.7,4506,5050.0,9.8,1.0,624,MA上昇配列 / パーフェクトオーダー / RSI過熱(86)⚠ / 過熱⚠25MA+26% / 開示[上方修正](6日前)
8628,松井証券,証券、商品先物取引業,9.7,★☆☆☆☆,0.0,0.0,0.0,0.0,9.7,0.0,0.0,0.0,,,0.0,2.8,2.5,3.4,1052,1108.0,5.7,0.6,1133,MA上昇配列 / パーフェクトオーダー / 52週高値目前
9755,応用地質,サービス業,9.7,★☆☆☆☆,0.0,0.0,2.0,0.0,7.7,0.0,0.0,0.0,,,0.0,1.7,1.7,1.4,2738,2837.0,1.8,1.5,184,MA上昇配列
1814,大末建設,建設業,9.7,★☆☆☆☆,0.0,0.0,2.0,0.0,7.7,0.0,0.0,0.0,,,0.0,6.0,3.8,2.6,3389,3670.0,6.4,1.3,376,MA上昇配列
6858,小野測器,電気機器,9.7,★☆☆☆☆,0.0,0.0,1.0,0.0,8.7,0.0,0.0,0.0,,,0.0,-1.6,4.2,1.4,786,858.0,0.0,0.3,141,MA上昇配列 / パーフェクトオーダー
4526,理研ビタミン,食料品,9.7,★☆☆☆☆,0.0,0.0,0.0,0.0,9.7,0.0,0.0,0.0,,,0.0,2.5,2.1,1.7,3080,3215.0,3.9,0.7,204,MA上昇配列 / パーフェクトオーダー / 52週高値目前
3733,ソフトウェア・サービス,情報・通信業,9.7,★☆☆☆☆,0.0,0.0,3.0,0.0,6.7,0.0,0.0,0.0,,,0.0,9.0,3.4,7.3,10947,11750.0,6.6,0.5,176,MA上昇配列
4849,エン,サービス業,9.7,★☆☆☆☆,0.0,0.0,3.0,0.0,6.7,0.0,0.0,0.0,,,0.0,15.3,3.7,11.5,1326,1431.0,12.5,1.1,276,MA上昇配列
4431,スマレジ,情報・通信業,9.5,★☆☆☆☆,0.0,0.0,2.0,0.0,7.5,0.0,0.0,0.0,,,0.0,11.6,4.2,4.9,2951,3220.0,-1.2,0.6,297,MA上昇配列 / パーフェクトオーダー
4216,旭有機材,化学,9.5,★☆☆☆☆,8.0,0.0,0.0,0.0,1.5,0.0,0.0,0.0,,Lam Research,1.0,-5.6,4.3,-0.8,5643,6180.0,-0.8,0.9,426,Lam Research+10.0%連動(β0.20) 未反応+1.0%
5821,平河ヒューテック,非鉄金属,9.5,★☆☆☆☆,3.5,0.0,0.0,0.0,6.0,0.0,0.0,0.0,,Emerson,0.2,7.1,5.0,7.9,3151,3500.0,0.3,0.6,267,Emerson+3.5%連動(β0.34)
9744,メイテックグループホールディングス,サービス業,9.5,★☆☆☆☆,0.0,0.0,2.0,0.0,7.5,0.0,0.0,0.0,,,0.0,3.5,1.8,2.1,3220,3340.0,2.6,0.6,1208,MA上昇配列
4373,シンプレクス・ホールディングス,情報・通信業,9.5,★☆☆☆☆,0.0,0.0,0.0,0.0,9.5,0.0,0.0,0.0,,,0.0,10.0,4.5,5.2,1038,1141.0,5.8,0.7,1308,MA上昇配列 / パーフェクトオーダー
4432,ウイングアーク１ｓｔ,情報・通信業,9.5,★☆☆☆☆,0.0,0.0,4.0,0.0,5.5,0.0,0.0,0.0,,,0.0,15.6,3.1,8.2,2980,3180.0,3.6,0.4,1043,資金流入増 / MA上昇配列
2705,大戸屋ホールディングス,小売業,9.5,★☆☆☆☆,0.0,0.0,0.0,0.0,9.5,0.0,0.0,0.0,,,0.0,0.4,3.2,2.4,7931,8480.0,2.2,1.0,131,MA上昇配列 / パーフェクトオーダー
8219,青山商事,小売業,9.5,★☆☆☆☆,0.0,0.0,3.0,0.0,6.5,0.0,0.0,0.0,,,0.0,5.4,2.0,2.6,718,748.0,3.0,1.7,476,MA上昇配列
5076,インフロニア・ホールディングス,建設業,9.5,★☆☆☆☆,0.0,0.0,1.0,0.0,8.5,0.0,0.0,0.0,,,0.0,-2.0,3.4,0.5,2559,2744.0,7.7,1.1,4916,MA上昇配列 / パーフェクトオーダー
5285,ヤマックス,ガラス・土石製品,9.5,★☆☆☆☆,0.0,0.0,4.0,0.0,5.5,0.0,0.0,0.0,,,0.0,2.7,4.9,2.3,1288,1428.0,-3.9,0.7,132,資金流入増 / MA上昇配列
3291,飯田グループホールディングス,不動産業,9.5,★☆☆☆☆,0.0,0.0,3.0,0.0,6.5,0.0,0.0,0.0,,,0.0,2.5,2.3,2.2,2200,2307.5,5.4,1.4,1379,MA上昇配列
7611,ハイデイ日高,小売業,9.5,★☆☆☆☆,0.0,0.0,4.0,0.0,5.5,0.0,0.0,0.0,,,0.0,3.1,2.2,2.2,2760,2885.0,4.3,1.6,626,MA上昇配列
9692,シーイーシー,情報・通信業,9.5,★☆☆☆☆,0.0,0.0,2.0,0.0,7.5,0.0,0.0,0.0,,,0.0,7.4,2.1,4.3,2206,2304.0,3.7,0.9,245,MA上昇配列
1909,日本ドライケミカル,機械,9.5,★☆☆☆☆,0.0,0.0,0.0,0.0,9.5,0.0,0.0,0.0,,,0.0,-0.0,0.2,0.3,3687,3705.0,0.3,0.1,755,MA上昇配列 / パーフェクトオーダー
3480,ジェイ・エス・ビー,不動産業,9.4,★☆☆☆☆,0.0,0.0,4.7,0.0,4.7,0.0,0.0,0.0,,,0.0,-0.8,1.2,-0.4,8744,8960.0,0.0,3.4,476,出来高急増3.4倍 / 52週高値目前
5892,ｙｕｔｏｒｉ,小売業,9.3,★☆☆☆☆,0.0,0.0,3.3,0.0,6.0,0.0,0.0,0.0,,,0.0,5.0,3.3,5.0,2052,2197.0,-0.7,2.1,104,出来高増2.1倍
3692,ＦＦＲＩセキュリティ,情報・通信業,9.3,★☆☆☆☆,0.0,0.0,3.3,0.0,6.0,0.0,0.0,0.0,,,0.0,-2.3,4.0,1.5,4841,5260.0,-0.9,2.0,450,出来高増2.0倍
4996,クミアイ化学工業,化学,9.3,★☆☆☆☆,0.0,0.0,3.3,0.0,6.0,0.0,0.0,0.0,,,0.0,4.0,1.4,3.3,740,761.0,2.6,0.7,254,買い出来高優勢
4071,プラスアルファ・コンサルティング,情報・通信業,9.3,★☆☆☆☆,0.0,0.0,4.7,0.0,0.0,0.0,4.6,0.0,,,0.0,-27.8,4.7,-13.0,1914,2113.0,-6.2,3.9,754,出来高急増3.9倍 / 開示[自己株式取得](1日前) / 開示[子会社化](1日前)
5724,アサカ理研,非鉄金属,9.3,★☆☆☆☆,0.0,0.0,3.3,0.0,6.0,0.0,0.0,0.0,,,0.0,12.8,5.4,13.0,2429,2722.0,14.8,2.7,156,出来高増2.7倍
9843,ニトリホールディングス,小売業,9.3,★☆☆☆☆,0.0,0.0,4.3,0.0,8.0,0.0,0.0,-3.0,,,0.0,20.8,4.4,15.2,2711,2972.5,13.5,1.1,10904,買い出来高優勢 / MA上昇配列 / 伸びすぎ注意(25MA+15%)
8424,芙蓉総合リース,その他金融業,9.2,★☆☆☆☆,0.0,0.0,1.0,0.0,8.2,0.0,0.0,0.0,,,0.0,3.9,2.0,1.2,4280,4457.0,1.9,0.6,778,MA上昇配列 / パーフェクトオーダー
8624,いちよし証券,証券、商品先物取引業,9.2,★☆☆☆☆,0.0,0.0,1.0,0.0,8.2,0.0,0.0,0.0,,,0.0,5.0,4.0,2.3,1441,1565.0,2.3,0.5,260,MA上昇配列 / パーフェクトオーダー
1377,サカタのタネ,水産・農林業,9.2,★☆☆☆☆,0.0,0.0,2.0,0.0,7.2,0.0,0.0,0.0,,,0.0,-1.3,2.0,0.6,4226,4400.0,2.8,0.7,542,MA上昇配列 / パーフェクトオーダー
3676,デジタルハーツホールディングス,情報・通信業,9.2,★☆☆☆☆,0.0,0.0,8.7,0.0,5.5,0.0,0.0,-5.0,,,0.0,44.5,3.2,34.8,991,1058.0,40.7,2.1,272,出来高増2.1倍 / 買い出来高優勢 / 資金流入増 / MA上昇配列 / RSI過熱(93)⚠ / 過熱⚠25MA+35%
6521,オキサイド,電気機器,9.2,★☆☆☆☆,5.5,0.0,0.0,0.0,3.7,0.0,0.0,0.0,,SK hynix,-5.0,-10.6,5.9,1.0,3032,3440.0,5.4,0.9,694,SK hynix+5.8%連動(β0.38)
9536,西部ガスホールディングス,電気・ガス業,9.2,★☆☆☆☆,0.0,0.0,2.0,0.0,7.2,0.0,0.0,0.0,,,0.0,2.5,1.7,0.4,2279,2361.0,-0.8,0.9,161,MA上昇配列 / パーフェクトオーダー
8614,東洋証券,証券、商品先物取引業,9.2,★☆☆☆☆,0.0,0.0,1.0,0.0,8.2,0.0,0.0,0.0,,,0.0,5.6,2.3,3.4,655,687.0,3.0,1.0,469,MA上昇配列 / パーフェクトオーダー
7513,コジマ,小売業,9.2,★☆☆☆☆,0.0,0.0,1.0,0.0,8.2,0.0,0.0,0.0,,,0.0,2.5,2.8,0.2,1273,1350.0,1.3,0.7,488,MA上昇配列 / パーフェクトオーダー
7988,ニフコ,化学,9.1,★☆☆☆☆,6.1,0.0,1.0,0.0,2.0,0.0,0.0,0.0,,ASML,1.1,0.0,3.1,-1.3,4721,5038.0,0.8,0.8,1628,ASML+6.6%連動(β0.17) 未反応+1.1%
1514,住石ホールディングス,鉱業,9.0,★☆☆☆☆,0.0,0.0,3.0,0.0,6.0,0.0,0.0,0.0,,,0.0,9.2,3.6,8.8,594,640.0,7.6,1.4,189,-
4390,ＩＰＳ,情報・通信業,9.0,★☆☆☆☆,0.0,0.0,2.0,0.0,7.0,0.0,0.0,0.0,,,0.0,5.7,4.2,5.9,3422,3740.0,0.7,1.8,287,-
8919,カチタス,不動産業,9.0,★☆☆☆☆,0.0,0.0,2.0,0.0,7.0,0.0,0.0,0.0,,,0.0,5.7,4.2,7.0,3265,3565.0,7.9,1.0,698,-
2379,ディップ,サービス業,9.0,★☆☆☆☆,0.0,0.0,1.0,0.0,8.0,0.0,0.0,0.0,,,0.0,3.1,1.9,1.7,1798,1868.0,2.6,0.7,590,MA上昇配列
7071,アンビスホールディングス,サービス業,9.0,★☆☆☆☆,0.0,0.0,1.0,0.0,8.0,0.0,0.0,0.0,,,0.0,4.2,3.7,3.0,360,389.0,2.4,1.2,102,MA上昇配列
4063,信越化学工業,化学,9.0,★☆☆☆☆,6.5,0.0,0.0,0.0,2.5,0.0,0.0,0.0,,Lam Research,-0.8,-15.0,3.9,-3.3,5878,6378.0,3.5,0.6,54866,Lam Research+10.0%連動(β0.26)
1934,ユアテック,建設業,9.0,★☆☆☆☆,0.0,0.0,3.0,0.0,6.0,0.0,0.0,0.0,,,0.0,4.7,3.2,3.8,2319,2480.0,4.5,0.7,420,-
9513,電源開発,電気・ガス業,9.0,★☆☆☆☆,0.0,0.0,2.0,0.0,7.0,0.0,0.0,0.0,,,0.0,7.0,2.3,3.0,3706,3886.0,1.6,0.5,2599,-
9470,学研ホールディングス,情報・通信業,9.0,★☆☆☆☆,0.0,0.0,0.0,0.0,9.0,0.0,0.0,0.0,,,0.0,-0.3,1.6,1.0,996,1028.0,3.4,0.7,121,MA上昇配列
1820,西松建設,建設業,9.0,★☆☆☆☆,0.0,0.0,2.0,0.0,7.0,0.0,0.0,0.0,,,0.0,2.0,1.9,1.7,5224,5434.0,3.5,1.1,683,-
1301,極洋,水産・農林業,9.0,★☆☆☆☆,0.0,0.0,0.0,0.0,9.0,0.0,0.0,0.0,,,0.0,2.2,1.9,2.6,4484,4660.0,5.3,0.7,229,MA上昇配列
9672,東京都競馬,サービス業,9.0,★☆☆☆☆,0.0,0.0,0.0,0.0,9.0,0.0,0.0,0.0,,,0.0,4.8,1.9,4.0,4946,5140.0,5.1,0.7,480,MA上昇配列
2168,パソナグループ,サービス業,9.0,★☆☆☆☆,0.0,0.0,1.0,0.0,8.0,0.0,0.0,0.0,,,0.0,5.1,2.2,3.7,1558,1629.0,4.2,0.8,310,MA上昇配列
2229,カルビー,食料品,9.0,★☆☆☆☆,0.0,0.0,0.0,0.0,9.0,0.0,0.0,0.0,,,0.0,1.0,2.9,1.8,2865,3041.0,7.3,0.7,1161,MA上昇配列
7947,エフピコ,化学,9.0,★☆☆☆☆,0.0,0.0,1.0,0.0,8.0,0.0,0.0,0.0,,,0.0,4.9,2.5,3.7,2552,2688.0,2.7,0.6,576,MA上昇配列
8014,蝶理,卸売業,9.0,★☆☆☆☆,0.0,0.0,2.0,0.0,7.0,0.0,0.0,0.0,,,0.0,5.6,2.1,4.7,3964,4140.0,4.4,1.0,152,-
2975,スター・マイカ・ホールディングス,不動産業,9.0,★☆☆☆☆,0.0,0.0,2.0,0.0,7.0,0.0,0.0,0.0,,,0.0,3.3,2.2,4.4,1529,1598.0,3.5,1.1,241,-
2471,エスプール,サービス業,9.0,★☆☆☆☆,0.0,0.0,1.0,0.0,8.0,0.0,0.0,0.0,,,0.0,7.6,2.8,8.6,280,296.0,11.3,1.1,148,MA上昇配列
2325,ＮＪＳ,サービス業,9.0,★☆☆☆☆,0.0,0.0,4.0,0.0,5.0,0.0,0.0,0.0,,,0.0,4.0,2.9,4.0,4346,4615.0,4.2,1.8,148,-
278A,Ｔｅｒｒａ　Ｄｒｏｎｅ,精密機器,9.0,★☆☆☆☆,0.0,0.0,4.0,0.0,5.0,0.0,0.0,0.0,,,0.0,11.5,12.2,6.3,9651,12760.0,-11.1,0.4,22874,資金流入増 / MA上昇配列 / パーフェクトオーダー
2326,デジタルアーツ,情報・通信業,9.0,★☆☆☆☆,0.0,0.0,1.0,0.0,8.0,0.0,0.0,0.0,,,0.0,15.5,3.7,10.9,4291,4635.0,7.3,0.9,938,MA上昇配列
8020,兼松,卸売業,9.0,★☆☆☆☆,0.0,0.0,2.0,0.0,7.0,0.0,0.0,0.0,,,0.0,6.0,2.6,3.1,2066,2180.5,2.5,1.1,1175,-
7971,東リ,化学,9.0,★☆☆☆☆,0.0,0.0,0.0,0.0,9.0,0.0,0.0,0.0,,,0.0,2.9,2.6,2.5,643,679.0,2.3,0.3,112,MA上昇配列
3276,ＪＰＭＣ,不動産業,9.0,★☆☆☆☆,0.0,0.0,3.0,0.0,11.0,0.0,0.0,-5.0,,,0.0,35.1,2.6,20.3,2125,2244.0,-0.0,0.9,571,資金流入増 / MA上昇配列 / パーフェクトオーダー / 52週高値目前 / RSI過熱(95)⚠ / 過熱⚠25MA+20%
299A,クラシル,サービス業,9.0,★☆☆☆☆,0.0,0.0,1.0,0.0,8.0,0.0,0.0,0.0,,,0.0,0.9,4.4,3.2,1017,1116.0,-2.5,0.5,169,MA上昇配列
7984,コクヨ,その他製品,9.0,★☆☆☆☆,0.0,0.0,0.0,0.0,7.5,0.0,1.5,0.0,,,0.0,2.3,2.3,0.4,832,872.7999877929688,0.9,0.6,962,MA上昇配列 / 開示[自己株式の取得](7日前)
5288,アジアパイルホールディングス,ガラス・土石製品,9.0,★☆☆☆☆,0.0,0.0,3.3,0.0,5.7,0.0,0.0,0.0,,,0.0,0.9,2.5,0.2,1435,1510.0,-1.4,2.4,268,出来高増2.4倍
5021,コスモエネルギーホールディングス,石油・石炭製品,9.0,★☆☆☆☆,0.0,0.0,0.0,0.0,9.0,0.0,0.0,0.0,,,0.0,5.8,2.8,4.4,3854,4083.0,7.8,1.0,2446,MA上昇配列
5027,ＡｎｙＭｉｎｄ　Ｇｒｏｕｐ,情報・通信業,9.0,★☆☆☆☆,0.0,0.0,1.0,0.0,8.0,0.0,0.0,0.0,,,0.0,0.8,4.6,5.9,533,588.0,1.9,1.4,110,MA上昇配列
5011,ニチレキグループ,石油・石炭製品,9.0,★☆☆☆☆,0.0,0.0,1.0,0.0,8.0,0.0,0.0,0.0,,,0.0,8.1,2.1,4.4,2179,2274.0,5.8,1.0,105,MA上昇配列
9974,ベルク,小売業,9.0,★☆☆☆☆,0.0,0.0,0.0,0.0,9.0,0.0,0.0,0.0,,,0.0,3.0,2.3,1.8,6339,6650.0,4.2,0.7,194,MA上昇配列
4521,科研製薬,医薬品,9.0,★☆☆☆☆,0.0,0.0,2.0,0.0,7.0,0.0,0.0,0.0,,,0.0,5.2,2.0,4.2,3882,4040.0,7.3,0.8,595,-
7018,内海造船,輸送用機器,9.0,★☆☆☆☆,0.0,0.0,1.0,0.0,8.0,0.0,0.0,0.0,,,0.0,16.0,5.9,10.0,10300,11670.0,5.8,0.8,310,MA上昇配列
7943,ニチハ,ガラス・土石製品,9.0,★☆☆☆☆,0.0,0.0,0.0,0.0,9.0,0.0,0.0,0.0,,,0.0,6.3,2.9,2.1,2961,3140.0,-0.9,0.6,238,MA上昇配列
7014,名村造船所,輸送用機器,9.0,★☆☆☆☆,0.0,0.0,1.0,0.0,8.0,0.0,0.0,0.0,,,0.0,13.5,5.9,6.9,3897,4420.0,2.8,0.7,5730,MA上昇配列
4914,高砂香料工業,化学,9.0,★☆☆☆☆,0.0,0.0,1.0,0.0,8.0,0.0,0.0,0.0,,,0.0,7.7,2.3,5.9,1214,1272.0,8.2,0.8,218,MA上昇配列
3864,三菱製紙,パルプ・紙,9.0,★☆☆☆☆,0.0,0.0,2.0,0.0,7.0,0.0,0.0,0.0,,,0.0,7.0,4.3,1.8,1035,1133.0,-1.6,0.6,332,MA上昇配列 / パーフェクトオーダー
7287,日本精機,輸送用機器,9.0,★☆☆☆☆,0.0,0.0,1.0,0.0,8.0,0.0,0.0,0.0,,,0.0,8.2,3.8,6.2,2409,2609.0,-0.6,1.5,396,-
3443,川田テクノロジーズ,金属製品,9.0,★☆☆☆☆,0.0,0.0,3.0,0.0,6.0,0.0,0.0,0.0,,,0.0,3.8,2.8,4.5,1296,1372.0,3.9,1.2,363,-
5243,ｎｏｔｅ,情報・通信業,9.0,★☆☆☆☆,0.0,0.0,2.0,0.0,10.0,0.0,0.0,-3.0,,,0.0,22.4,6.0,17.4,2229,2532.0,10.7,0.8,758,MA上昇配列 / パーフェクトオーダー / 伸びすぎ注意(25MA+17%)
6330,東洋エンジニアリング,建設業,9.0,★☆☆☆☆,0.0,0.0,3.0,0.0,6.0,0.0,0.0,0.0,,,0.0,16.9,6.0,14.7,1998,2270.0,13.6,1.2,4990,-
3687,フィックスターズ,情報・通信業,9.0,★☆☆☆☆,0.0,0.0,0.0,0.0,9.0,0.0,0.0,0.0,,,0.0,-1.2,5.3,4.1,2041,2281.0,0.4,1.1,1499,MA上昇配列 / パーフェクトオーダー
6363,酉島製作所,機械,9.0,★☆☆☆☆,0.0,0.0,2.0,0.0,7.0,0.0,0.0,0.0,,,0.0,10.9,4.7,8.8,2876,3175.0,3.4,0.7,564,-
7545,西松屋チェーン,小売業,9.0,★☆☆☆☆,0.0,0.0,1.0,0.0,8.0,0.0,0.0,0.0,,,0.0,-0.4,2.0,0.4,1928,2009.0,1.9,0.9,777,MA上昇配列
3635,コーエーテクモホールディングス,情報・通信業,9.0,★☆☆☆☆,0.0,0.0,1.0,0.0,8.0,0.0,0.0,0.0,,,0.0,3.1,3.8,3.5,1515,1639.0,6.4,0.7,2433,MA上昇配列
1414,ショーボンドホールディングス,建設業,8.9,★☆☆☆☆,0.0,0.0,3.0,0.0,1.2,0.0,4.7,0.0,,,0.0,0.2,2.2,-1.5,1214,1270.0,-0.5,1.6,1299,開示[増配](3日前) / 開示[自己株式取得](3日前)
3116,トヨタ紡織,輸送用機器,8.9,★☆☆☆☆,5.7,0.0,2.0,0.0,1.2,0.0,0.0,0.0,,Emerson,1.0,2.5,3.3,-0.5,2078,2226.0,3.1,0.6,1954,Emerson+3.5%連動(β0.30) 未反応+1.0%
3549,クスリのアオキホールディングス,小売業,8.8,★☆☆☆☆,0.0,0.0,1.0,0.0,6.5,0.0,1.3,0.0,,,0.0,6.7,3.2,2.6,3750,4010.0,2.7,0.8,871,MA上昇配列 / 開示[自己株式の取得](8日前)
1944,きんでん,建設業,8.8,★☆☆☆☆,0.0,6.8,1.0,0.0,1.0,0.0,0.0,0.0,,,0.0,-6.6,4.5,-5.1,6296,6920.0,-5.5,0.6,7869,AIデータセンター・電力(+0.4%)
9202,ＡＮＡホールディングス,空運業,8.8,★☆☆☆☆,0.0,0.0,0.0,0.0,7.5,0.0,1.3,0.0,,,0.0,1.1,2.5,0.3,2933,3088.0,-2.0,0.8,8057,MA上昇配列 / 開示[自己株式の取得](8日前)
3916,デジタル・インフォメーション・テクノロジー,情報・通信業,8.8,★☆☆☆☆,0.0,0.0,3.3,0.0,5.5,0.0,0.0,0.0,,,0.0,-2.1,2.4,1.3,912,958.0,4.0,2.2,111,出来高増2.2倍 / MA上昇配列
9552,クオンツ総研ホールディングス,サービス業,8.7,★☆☆☆☆,0.0,0.0,2.0,0.0,6.7,0.0,0.0,0.0,,,0.0,12.8,4.0,10.9,932,1012.0,4.1,1.2,216,MA上昇配列
1941,中電工,建設業,8.7,★☆☆☆☆,0.0,0.0,0.0,0.0,8.7,0.0,0.0,0.0,,,0.0,1.2,2.6,0.9,4857,5120.0,-0.6,1.1,432,MA上昇配列 / パーフェクトオーダー
3002,グンゼ,繊維製品,8.7,★☆☆☆☆,0.0,0.0,0.0,0.0,8.7,0.0,0.0,0.0,,,0.0,5.2,1.6,4.0,4074,4205.0,3.1,0.8,761,MA上昇配列
7409,ＡｅｒｏＥｄｇｅ,輸送用機器,8.7,★☆☆☆☆,0.0,0.0,4.7,0.0,4.0,0.0,0.0,0.0,,,0.0,-4.9,6.6,-1.0,1330,1531.0,-7.3,10.2,408,出来高急増10.2倍
7458,第一興商,卸売業,8.7,★☆☆☆☆,0.0,0.0,0.0,0.0,7.5,0.0,1.2,0.0,,,0.0,2.8,2.5,2.4,1740,1832.0,5.3,0.9,505,MA上昇配列 / パーフェクトオーダー / 開示[業績予想の修正](7日前)
7931,未来工業,化学,8.7,★☆☆☆☆,0.0,0.0,2.0,0.0,6.7,0.0,0.0,0.0,,,0.0,9.1,3.4,5.3,3307,3550.0,3.3,0.5,151,MA上昇配列
5262,日本ヒューム,ガラス・土石製品,8.7,★☆☆☆☆,0.0,0.0,4.0,0.0,4.7,0.0,0.0,0.0,,,0.0,8.6,2.7,7.8,1065,1126.0,8.2,1.6,239,-
4847,インテリジェント　ウェイブ,情報・通信業,8.7,★☆☆☆☆,0.0,0.0,3.0,0.0,10.7,0.0,0.0,-5.0,,,0.0,31.6,4.2,22.7,1166,1273.0,27.3,0.7,303,資金流入増 / MA上昇配列 / パーフェクトオーダー / 過熱⚠25MA+23%
4528,小野薬品工業,医薬品,8.7,★☆☆☆☆,0.0,0.0,0.0,0.0,8.7,0.0,0.0,0.0,,,0.0,-1.0,2.7,0.6,2285,2417.5,5.1,0.9,4033,MA上昇配列 / パーフェクトオーダー
4588,オンコリスバイオファーマ,医薬品,8.7,★☆☆☆☆,0.0,0.0,4.0,0.0,4.7,0.0,0.0,0.0,,,0.0,13.4,5.7,10.8,2544,2870.0,4.7,1.9,1690,-
4568,第一三共,医薬品,8.7,★☆☆☆☆,0.0,0.0,2.0,0.0,6.7,0.0,0.0,0.0,,,0.0,3.0,3.7,1.2,2565,2770.0,7.2,0.6,18697,MA上昇配列
1980,ダイダン,建設業,8.600000000000001,★☆☆☆☆,2.9,0.0,2.0,0.0,3.7,0.0,0.0,0.0,,SK hynix,-1.0,1.1,5.7,3.8,2399,2707.0,-4.9,1.0,2257,SK hynix+5.8%連動(β0.20)
9832,オートバックスセブン,卸売業,8.5,★☆☆☆☆,0.0,0.0,2.0,0.0,6.5,0.0,0.0,0.0,,,0.0,2.5,1.6,1.4,1487,1537.0,3.7,0.5,359,MA上昇配列
4661,オリエンタルランド,サービス業,8.5,★☆☆☆☆,0.0,0.0,3.0,0.0,5.5,0.0,0.0,0.0,,,0.0,8.9,4.1,6.2,2756,3001.0,4.9,0.7,22829,MA上昇配列
8113,ユニ・チャーム,化学,8.5,★☆☆☆☆,0.0,0.0,1.0,0.0,7.5,0.0,0.0,0.0,,,0.0,2.2,3.5,0.3,921,988.9000244140625,1.3,1.3,5576,MA上昇配列 / パーフェクトオーダー
9602,東宝,情報・通信業,8.5,★☆☆☆☆,0.0,0.0,3.0,0.0,5.5,0.0,0.0,0.0,,,0.0,7.6,4.3,2.0,1348,1475.0,3.3,0.6,8072,MA上昇配列
6309,巴工業,機械,8.5,★☆☆☆☆,0.0,0.0,0.0,0.0,8.5,0.0,0.0,0.0,,,0.0,2.4,1.8,1.8,1871,1941.0,2.8,0.5,216,MA上昇配列 / パーフェクトオーダー
5240,ｍｏｎｏＡＩ　ｔｅｃｈｎｏｌｏｇｙ,情報・通信業,8.5,★☆☆☆☆,0.0,0.0,3.0,0.0,5.5,0.0,0.0,0.0,,,0.0,3.0,13.7,7.2,155,213.0,-1.8,0.1,427,資金流入増 / MA上昇配列
3475,グッドコムアセット,不動産業,8.5,★☆☆☆☆,0.0,0.0,0.0,0.0,8.5,0.0,0.0,0.0,,,0.0,3.0,1.8,1.8,1481,1535.0,1.9,1.0,113,MA上昇配列 / パーフェクトオーダー
3197,すかいらーくホールディングス,小売業,8.5,★☆☆☆☆,0.0,0.0,2.0,0.0,6.5,0.0,0.0,0.0,,,0.0,8.9,3.1,4.2,3003,3200.0,3.7,1.3,4069,MA上昇配列
2502,アサヒグループホールディングス,食料品,8.5,★☆☆☆☆,0.0,0.0,2.0,0.0,6.5,0.0,0.0,0.0,,,0.0,4.5,2.8,1.9,1589,1683.5,3.8,1.1,12914,MA上昇配列
7751,キヤノン,電気機器,8.5,★☆☆☆☆,0.0,0.0,1.0,0.0,6.2,0.0,1.3,0.0,,,0.0,3.8,2.7,2.0,4326,4575.0,2.6,0.6,21103,MA上昇配列 / 開示[自己株式の取得](8日前)
7949,小松ウオール工業,その他製品,8.5,★☆☆☆☆,0.0,0.0,1.0,0.0,7.5,0.0,0.0,0.0,,,0.0,5.1,1.8,2.4,2650,2747.0,1.5,0.8,157,MA上昇配列
2301,学情,サービス業,8.5,★☆☆☆☆,0.0,0.0,3.0,0.0,5.5,0.0,0.0,0.0,,,0.0,-0.4,1.4,1.1,1600,1645.0,3.6,1.5,140,MA上昇配列
4928,ノエビアホールディングス,化学,8.5,★☆☆☆☆,0.0,0.0,1.0,0.0,7.5,0.0,0.0,0.0,,,0.0,5.8,2.5,3.1,4595,4840.0,3.2,0.5,696,MA上昇配列
3543,コメダホールディングス,卸売業,8.5,★☆☆☆☆,0.0,0.0,1.0,0.0,7.5,0.0,0.0,0.0,,,0.0,0.5,1.7,1.2,2802,2898.0,3.1,1.1,788,MA上昇配列
7313,テイ・エス　テック,輸送用機器,8.5,★☆☆☆☆,0.0,0.0,1.0,0.0,7.5,0.0,0.0,0.0,,,0.0,3.6,1.8,1.4,1751,1817.0,1.7,0.7,588,MA上昇配列
5741,ＵＡＣＪ,非鉄金属,8.5,★☆☆☆☆,3.3,0.0,0.0,0.0,3.7,0.0,1.5,0.0,,Emerson,-2.6,-4.4,5.4,0.8,2148,2410.0,-4.3,0.8,2027,Emerson+3.5%連動(β0.39) / 開示[増配](7日前)
9757,船井総研ホールディングス,サービス業,8.5,★☆☆☆☆,0.0,0.0,2.0,0.0,6.5,0.0,0.0,0.0,,,0.0,1.3,2.0,2.2,1096,1142.0,5.4,0.7,514,MA上昇配列
9948,アークス,小売業,8.5,★☆☆☆☆,0.0,0.0,2.0,0.0,6.5,0.0,0.0,0.0,,,0.0,1.7,2.5,0.3,3394,3570.0,0.8,1.3,265,MA上昇配列
6929,日本セラミック,電気機器,8.4,★☆☆☆☆,0.0,0.0,1.0,0.0,5.7,0.0,1.7,0.0,,,0.0,0.3,2.7,0.2,3548,3750.0,-4.1,0.8,481,開示[自己株式取得](6日前)
2206,江崎グリコ,食料品,8.4,★☆☆☆☆,0.0,0.0,0.0,0.0,6.0,0.0,2.4,0.0,,,0.0,-1.2,2.7,0.9,4891,5168.0,5.1,0.6,1553,開示[業績予想の修正](8日前) / 開示[自己株式の取得](8日前)
6674,ジーエス・ユアサ　コーポレーション,電気機器,8.4,★☆☆☆☆,3.8,0.0,2.0,0.0,1.5,0.0,1.1,0.0,,ASML,-2.3,-6.4,6.0,-2.0,4937,5612.0,-6.6,0.5,6008,ASML+6.6%連動(β0.23) / 開示[業績予想の修正](8日前)
4052,フィーチャ,情報・通信業,8.3,★☆☆☆☆,0.0,0.0,5.3,0.0,8.0,0.0,0.0,-5.0,,,0.0,145.6,16.0,65.9,397,583.0,53.4,0.6,329,買い出来高優勢 / 資金流入増 / MA上昇配列 / 過熱⚠25MA+66%
3441,山王,金属製品,8.3,★☆☆☆☆,4.6,0.0,0.0,0.0,3.7,0.0,0.0,0.0,,SK hynix,0.2,-2.4,5.8,2.0,2402,2715.0,-2.0,0.9,119,SK hynix+5.8%連動(β0.28)
4587,ペプチドリーム,医薬品,8.3,★☆☆☆☆,0.0,0.0,3.3,0.0,5.0,0.0,0.0,0.0,,,0.0,3.5,3.5,7.0,973,1046.0,7.4,2.5,923,出来高増2.5倍
4593,ヘリオス,医薬品,8.3,★☆☆☆☆,0.0,0.0,3.3,0.0,5.0,0.0,0.0,0.0,,,0.0,6.5,5.0,11.8,251,279.0,10.3,2.9,416,出来高増2.9倍
4046,大阪ソーダ,化学,8.3,★☆☆☆☆,0.0,0.0,4.3,0.0,7.0,0.0,0.0,-3.0,,,0.0,17.1,3.7,15.2,1942,2096.0,16.3,1.4,757,買い出来高優勢 / 伸びすぎ注意(25MA+15%)
7231,トピー工業,輸送用機器,8.3,★☆☆☆☆,0.0,0.0,2.0,0.0,5.2,0.0,1.1,0.0,,,0.0,2.2,2.2,1.8,2812,2944.0,1.9,0.9,162,MA上昇配列 / 開示[自己株式の取得](9日前)
4565,ネクセラファーマ,医薬品,8.3,★☆☆☆☆,0.0,0.0,3.3,0.0,5.0,0.0,0.0,0.0,,,0.0,11.4,3.8,11.2,927,1002.0,16.6,2.2,609,出来高増2.2倍
6436,アマノ,機械,8.2,★☆☆☆☆,0.0,0.0,3.0,0.0,5.2,0.0,0.0,0.0,,,0.0,2.7,2.9,0.6,3640,3867.0,-0.3,0.7,1333,MA上昇配列
4502,武田薬品工業,医薬品,8.2,★☆☆☆☆,0.0,0.0,0.0,0.0,8.2,0.0,0.0,0.0,,,0.0,3.9,2.6,1.1,5273,5559.0,5.5,0.7,23580,MA上昇配列 / パーフェクトオーダー
2590,ダイドーグループホールディングス,食料品,8.2,★☆☆☆☆,0.0,0.0,1.0,0.0,7.2,0.0,0.0,0.0,,,0.0,-0.7,2.8,0.4,2764,2927.0,4.4,0.3,379,MA上昇配列 / パーフェクトオーダー
8008,ヨンドシーホールディングス,小売業,8.2,★☆☆☆☆,0.0,0.0,0.0,0.0,8.2,0.0,0.0,0.0,,,0.0,-4.6,1.9,0.7,2004,2085.0,3.6,0.9,220,MA上昇配列 / パーフェクトオーダー
4151,協和キリン,医薬品,8.2,★☆☆☆☆,0.0,0.0,2.0,0.0,6.2,0.0,0.0,0.0,,,0.0,-2.2,2.7,0.2,2473,2612.5,6.4,1.0,2778,MA上昇配列 / パーフェクトオーダー
6572,オープングループ,サービス業,8.2,★☆☆☆☆,0.0,0.0,4.0,0.0,4.2,0.0,0.0,0.0,,,0.0,13.3,3.5,4.3,231,249.0,7.3,0.2,123,資金流入増 / MA上昇配列
2154,オープンアップグループ,サービス業,8.2,★☆☆☆☆,0.0,0.0,0.0,0.0,8.2,0.0,0.0,0.0,,,0.0,1.2,2.7,0.6,1894,2001.0,3.3,0.8,363,MA上昇配列 / パーフェクトオーダー
3673,ブロードリーフ,情報・通信業,8.2,★☆☆☆☆,0.0,0.0,4.7,0.0,1.2,0.0,2.3,0.0,,,0.0,-5.0,4.6,-3.9,382,420.0,-6.9,5.0,429,出来高急増5.0倍 / 開示[業績予想の修正](1日前)
8079,正栄食品工業,卸売業,8.2,★☆☆☆☆,0.0,0.0,1.0,0.0,7.2,0.0,0.0,0.0,,,0.0,2.1,1.7,1.5,4272,4425.0,4.1,0.7,181,MA上昇配列 / パーフェクトオーダー
8566,リコーリース,その他金融業,8.2,★☆☆☆☆,0.0,0.0,0.0,0.0,8.2,0.0,0.0,0.0,,,0.0,2.7,2.1,0.4,6376,6650.0,2.2,0.6,302,MA上昇配列 / パーフェクトオーダー
9274,ＫＰＰグループホールディングス,卸売業,8.2,★☆☆☆☆,0.0,0.0,0.0,0.0,8.2,0.0,0.0,0.0,,,0.0,1.1,2.6,0.2,1029,1085.0,-1.2,0.9,267,MA上昇配列 / パーフェクトオーダー
4732,ユー・エス・エス,サービス業,8.2,★☆☆☆☆,0.0,0.0,0.0,0.0,8.2,0.0,0.0,0.0,,,0.0,0.6,2.0,0.3,1916,1996.5,1.3,0.9,2207,MA上昇配列 / パーフェクトオーダー
8174,日本瓦斯,小売業,8.2,★☆☆☆☆,0.0,0.0,2.0,0.0,6.2,0.0,0.0,0.0,,,0.0,-0.2,2.2,0.3,2743,2869.0,4.0,0.6,690,MA上昇配列
2354,ＹＥ　ＤＩＧＩＴＡＬ,情報・通信業,8.2,★☆☆☆☆,0.0,0.0,4.0,0.0,7.2,0.0,0.0,-3.0,,,0.0,69.7,11.9,15.6,1043,1368.0,1.0,0.6,3808,資金流入増 / MA上昇配列 / パーフェクトオーダー / 伸びすぎ注意(25MA+16%)
1945,東京エネシス,建設業,8.100000000000001,★☆☆☆☆,4.4,0.0,0.0,0.0,3.7,0.0,0.0,0.0,,SK hynix,0.6,2.3,3.3,2.4,1928,2065.0,-1.6,0.5,432,SK hynix+5.8%連動(β0.19) 未反応+0.6%
6036,ＫｅｅＰｅｒ技研,サービス業,8.0,★☆☆☆☆,0.0,0.0,0.0,0.0,8.0,0.0,0.0,0.0,,,0.0,1.1,2.2,3.8,2828,2957.0,6.7,1.1,273,MA上昇配列
4985,アース製薬,化学,8.0,★☆☆☆☆,0.0,0.0,0.0,0.0,8.0,0.0,0.0,0.0,,,0.0,2.8,2.2,2.4,4615,4825.0,5.8,0.7,381,MA上昇配列
4826,ＣＩＪ,情報・通信業,8.0,★☆☆☆☆,0.0,0.0,0.0,0.0,8.0,0.0,0.0,0.0,,,0.0,4.3,2.6,3.7,501,529.0,5.6,0.8,128,MA上昇配列
6469,放電精密加工研究所,機械,8.0,★☆☆☆☆,0.0,0.0,0.0,0.0,8.0,0.0,0.0,0.0,,,0.0,3.1,5.5,6.4,2580,2899.0,2.9,0.5,279,MA上昇配列
3907,シリコンスタジオ,情報・通信業,8.0,★☆☆☆☆,0.0,0.0,3.0,0.0,10.0,0.0,0.0,-5.0,,,0.0,94.5,18.9,34.5,916,1472.0,-2.5,0.6,1758,資金流入増 / MA上昇配列 / パーフェクトオーダー / 過熱⚠25MA+34%
6946,日本アビオニクス,電気機器,8.0,★☆☆☆☆,0.0,0.0,2.0,0.0,6.0,0.0,0.0,0.0,,,0.0,19.9,6.4,13.3,5174,5930.0,-2.6,0.4,1342,-
3668,コロプラ,情報・通信業,8.0,★☆☆☆☆,0.0,0.0,0.0,0.0,8.0,0.0,0.0,0.0,,,0.0,6.3,3.0,5.6,390,415.0,7.2,1.0,226,MA上昇配列
8584,ジャックス,その他金融業,8.0,★☆☆☆☆,0.0,0.0,0.0,0.0,8.0,0.0,0.0,0.0,,,0.0,1.3,1.9,1.4,3634,3780.0,4.4,0.6,451,MA上昇配列
5817,ＪＭＡＣＳ,非鉄金属,8.0,★☆☆☆☆,0.0,0.0,2.0,0.0,6.0,0.0,0.0,0.0,,,0.0,20.5,4.8,9.5,925,1024.0,1.6,0.3,155,-
3491,ＧＡ　ｔｅｃｈｎｏｌｏｇｉｅｓ,不動産業,8.0,★☆☆☆☆,0.0,0.0,2.0,0.0,6.0,0.0,0.0,0.0,,,0.0,6.2,4.2,5.2,1356,1479.0,-6.2,1.2,239,-
9416,ビジョン,情報・通信業,8.0,★☆☆☆☆,0.0,0.0,0.0,0.0,8.0,0.0,0.0,0.0,,,0.0,3.0,2.1,3.3,1008,1051.0,3.0,1.1,345,MA上昇配列
3661,エムアップホールディングス,情報・通信業,8.0,★☆☆☆☆,0.0,0.0,0.0,0.0,8.0,0.0,0.0,0.0,,,0.0,6.4,3.2,5.5,761,814.0,4.1,0.8,443,MA上昇配列
7389,あいちフィナンシャルグループ,銀行業,8.0,★☆☆☆☆,0.0,0.0,1.0,0.0,7.0,0.0,0.0,0.0,,,0.0,16.6,4.6,4.3,1587,1750.0,7.4,0.7,1696,MA上昇配列 / パーフェクトオーダー
3544,サツドラホールディングス,小売業,8.0,★☆☆☆☆,0.0,0.0,1.0,0.0,7.0,0.0,0.0,0.0,,,0.0,1.0,0.2,0.2,1242,1248.0,0.1,0.3,218,MA上昇配列 / パーフェクトオーダー
3558,ジェイドグループ,小売業,8.0,★☆☆☆☆,0.0,0.0,2.0,0.0,6.0,0.0,0.0,0.0,,,0.0,5.5,2.4,4.2,1640,1723.0,1.5,0.8,168,-
2726,パルグループホールディングス,小売業,8.0,★☆☆☆☆,0.0,0.0,0.0,0.0,8.0,0.0,0.0,0.0,,,0.0,2.8,3.2,2.3,1401,1497.0,1.7,0.5,1302,MA上昇配列
2986,ＬＡホールディングス,不動産業,8.0,★☆☆☆☆,0.0,0.0,4.3,0.0,3.7,0.0,0.0,0.0,,,0.0,1.9,2.7,0.3,2615,2765.0,3.6,3.0,573,出来高増3.0倍
8061,西華産業,卸売業,8.0,★☆☆☆☆,0.0,0.0,1.0,0.0,7.0,0.0,0.0,0.0,,,0.0,17.3,5.0,12.9,2786,3095.0,3.2,0.5,641,-
9603,エイチ・アイ・エス,サービス業,8.0,★☆☆☆☆,0.0,0.0,0.0,0.0,8.0,0.0,0.0,0.0,,,0.0,11.3,3.6,7.9,1045,1126.0,5.6,0.5,605,MA上昇配列
5711,三菱マテリアル,非鉄金属,8.0,★☆☆☆☆,3.1,0.0,3.0,0.0,5.7,0.0,1.2,-5.0,,SK hynix,-17.9,27.2,4.9,22.8,4790,5310.0,21.2,1.3,8008,SK hynix+5.8%連動(β0.22) / 過熱⚠25MA+23% / 開示[業績予想の修正](7日前)
4686,ジャストシステム,情報・通信業,8.0,★☆☆☆☆,0.0,0.0,0.0,0.0,8.0,0.0,0.0,0.0,,,0.0,3.9,2.9,2.5,3795,4025.0,0.9,1.0,344,MA上昇配列
5698,エンビプロ・ホールディングス,鉄鋼,8.0,★☆☆☆☆,0.0,0.0,2.0,0.0,6.0,0.0,0.0,0.0,,,0.0,10.8,4.7,8.4,792,873.0,4.4,1.9,175,-
4503,アステラス製薬,医薬品,8.0,★☆☆☆☆,0.0,0.0,1.0,0.0,7.0,0.0,0.0,0.0,,,0.0,10.7,2.9,6.9,2220,2356.0,8.6,0.9,16194,-
1871,ピーエス・コンストラクション,建設業,8.0,★☆☆☆☆,0.0,0.0,2.0,0.0,6.0,0.0,0.0,0.0,,,0.0,8.3,3.4,2.2,2128,2284.0,0.5,0.7,200,-
6745,ホーチキ,電気機器,8.0,★☆☆☆☆,0.0,0.0,1.0,0.0,7.0,0.0,0.0,0.0,,,0.0,4.8,4.7,4.1,1858,2052.0,1.6,0.7,390,-
7994,オカムラ,その他製品,8.0,★☆☆☆☆,0.0,0.0,1.0,0.0,7.0,0.0,0.0,0.0,,,0.0,2.0,1.8,1.8,2256,2343.0,3.5,0.5,770,-
2768,双日,卸売業,8.0,★☆☆☆☆,0.0,0.0,2.0,0.0,6.0,0.0,0.0,0.0,,,0.0,9.1,2.7,5.0,5303,5606.0,4.1,0.7,7015,-
7280,ミツバ,電気機器,8.0,★☆☆☆☆,0.0,0.0,2.0,0.0,6.0,0.0,0.0,0.0,,,0.0,4.8,3.5,4.6,1144,1231.0,4.4,0.8,314,-
4784,ＧＭＯインターネット,サービス業,8.0,★☆☆☆☆,0.0,0.0,0.0,0.0,8.0,0.0,0.0,0.0,,,0.0,2.8,4.0,3.7,508,553.0,1.5,0.7,984,MA上昇配列
9722,藤田観光,サービス業,7.899999999999999,★☆☆☆☆,0.0,0.0,2.0,0.0,7.7,0.0,1.2,-3.0,,,0.0,24.0,4.0,18.3,2180,2370.0,23.8,0.9,601,MA上昇配列 / 伸びすぎ注意(25MA+18%) / 開示[業績予想の修正](7日前)
1969,高砂熱学工業,建設業,7.8,★☆☆☆☆,0.0,6.8,1.0,0.0,0.0,0.0,0.0,0.0,,,0.0,-8.1,4.2,-3.6,3908,4270.0,-3.8,1.4,3187,AIデータセンター・電力(+0.4%)
6326,クボタ,機械,7.7,★☆☆☆☆,3.5,0.0,1.0,0.0,3.2,0.0,0.0,0.0,,ASML,-1.1,0.0,3.9,0.4,2535,2750.0,4.9,0.7,12017,ASML+6.6%連動(β0.21)
4547,キッセイ薬品工業,医薬品,7.7,★☆☆☆☆,0.0,0.0,1.0,0.0,5.2,0.0,1.5,0.0,,,0.0,-0.3,3.0,0.1,3896,4140.0,6.0,0.7,348,MA上昇配列 / 開示[自己株式の取得](7日前)
5333,ＮＧＫ,ガラス・土石製品,7.7,★☆☆☆☆,5.0,0.0,0.0,0.0,2.7,0.0,0.0,0.0,,HPE,-2.0,-9.7,5.8,-1.0,5314,6006.0,1.3,1.0,11049,HPE+9.4%連動(β0.21)
5449,大阪製鐵,鉄鋼,7.7,★☆☆☆☆,0.0,0.0,1.0,0.0,6.7,0.0,0.0,0.0,,,0.0,8.4,5.6,3.3,2400,2704.0,-1.0,0.6,118,MA上昇配列
6425,ユニバーサルエンターテインメント,機械,7.7,★☆☆☆☆,0.0,0.0,3.0,0.0,4.7,0.0,0.0,0.0,,,0.0,6.9,4.2,12.7,700,764.0,14.2,1.3,206,-
1982,日比谷総合設備,建設業,7.7,★☆☆☆☆,0.0,0.0,3.0,0.0,4.7,0.0,0.0,0.0,,,0.0,3.9,4.7,3.5,2706,2984.0,2.7,0.7,382,-
5541,大平洋金属,鉄鋼,7.7,★☆☆☆☆,0.0,0.0,1.0,0.0,6.7,0.0,0.0,0.0,,,0.0,17.6,3.9,11.5,2448,2654.0,6.5,0.9,623,MA上昇配列
7388,ＦＰパートナー,保険業,7.7,★☆☆☆☆,0.0,0.0,1.0,0.0,6.7,0.0,0.0,0.0,,,0.0,-1.4,2.0,1.0,2120,2209.0,4.2,0.5,107,MA上昇配列
3284,フージャースホールディングス,不動産業,7.5,★☆☆☆☆,0.0,0.0,0.0,0.0,7.5,0.0,0.0,0.0,,,0.0,2.6,1.5,2.1,1225,1263.0,4.0,0.9,206,MA上昇配列
8125,ワキタ,卸売業,7.5,★☆☆☆☆,0.0,0.0,0.0,0.0,7.5,0.0,0.0,0.0,,,0.0,4.1,1.7,2.1,1866,1931.0,0.7,0.6,345,MA上昇配列
4443,Ｓａｎｓａｎ,情報・通信業,7.5,★☆☆☆☆,0.0,0.0,0.0,0.0,7.5,0.0,0.0,0.0,,,0.0,7.0,4.5,6.8,1809,1988.0,5.5,0.4,2760,MA上昇配列 / パーフェクトオーダー
1822,大豊建設,建設業,7.5,★☆☆☆☆,0.0,0.0,0.0,0.0,7.5,0.0,0.0,0.0,,,0.0,0.9,1.6,1.2,772,798.0,4.2,0.9,116,MA上昇配列
3179,シュッピン,小売業,7.5,★☆☆☆☆,0.0,0.0,5.3,0.0,2.2,0.0,0.0,0.0,,,0.0,12.3,4.9,-0.5,1101,1222.0,-10.3,0.8,238,買い出来高優勢 / 資金流入増
7917,ＺＡＣＲＯＳ,化学,7.5,★☆☆☆☆,6.5,0.0,0.0,0.0,1.0,0.0,0.0,0.0,,ASML,1.2,-3.3,4.0,-6.3,1168,1270.0,-8.6,1.1,256,ASML+6.6%連動(β0.18) 未反応+1.2%
8200,リンガーハット,小売業,7.5,★☆☆☆☆,0.0,0.0,0.0,0.0,7.5,0.0,0.0,0.0,,,0.0,-3.8,2.5,0.0,2192,2307.0,0.7,0.7,340,MA上昇配列
8057,内田洋行,卸売業,7.5,★☆☆☆☆,0.0,0.0,1.0,0.0,6.5,0.0,0.0,0.0,,,0.0,4.0,2.7,2.0,2026,2140.0,4.6,0.4,509,MA上昇配列
8160,木曽路,小売業,7.5,★☆☆☆☆,0.0,0.0,3.0,0.0,4.5,0.0,0.0,0.0,,,0.0,0.2,2.2,-0.0,2309,2417.0,1.9,1.3,241,-
2153,Ｅ・Ｊホールディングス,サービス業,7.5,★☆☆☆☆,0.0,0.0,0.0,0.0,7.5,0.0,0.0,0.0,,,0.0,3.5,1.2,1.2,1717,1760.0,1.7,1.0,111,MA上昇配列
7421,カッパ・クリエイト,小売業,7.5,★☆☆☆☆,0.0,0.0,1.0,0.0,6.5,0.0,0.0,0.0,,,0.0,0.4,2.7,0.5,1488,1573.0,1.5,0.8,168,MA上昇配列
7595,アルゴグラフィックス,情報・通信業,7.5,★☆☆☆☆,0.0,0.0,1.0,0.0,6.5,0.0,0.0,0.0,,,0.0,0.7,2.5,0.5,1250,1317.0,2.7,1.4,319,MA上昇配列
8273,イズミ,小売業,7.5,★☆☆☆☆,0.0,0.0,2.0,0.0,5.5,0.0,0.0,0.0,,,0.0,1.8,2.2,0.8,962,1007.0,3.0,1.1,456,MA上昇配列
2331,ＡＬＳＯＫ,サービス業,7.5,★☆☆☆☆,0.0,0.0,1.0,0.0,5.2,0.0,1.3,0.0,,,0.0,5.2,2.9,1.2,1092,1160.0,1.6,0.7,1645,MA上昇配列 / 開示[自己株式の取得](8日前)
3397,トリドールホールディングス,小売業,7.5,★☆☆☆☆,0.0,0.0,2.0,0.0,5.5,0.0,0.0,0.0,,,0.0,4.2,2.8,2.8,4056,4299.0,4.1,0.9,1394,MA上昇配列
3496,アズーム,不動産業,7.5,★☆☆☆☆,0.0,0.0,2.0,0.0,5.5,0.0,0.0,0.0,,,0.0,3.9,2.8,1.7,4359,4620.0,-0.1,0.9,266,MA上昇配列
3697,ＳＨＩＦＴ,情報・通信業,7.5,★☆☆☆☆,0.0,0.0,2.0,0.0,5.5,0.0,0.0,0.0,,,0.0,22.0,6.6,9.7,772,888.7999877929688,4.6,0.4,7341,MA上昇配列
4042,東ソー,化学,7.5,★☆☆☆☆,0.0,0.0,0.0,0.0,7.5,0.0,0.0,0.0,,,0.0,-0.6,2.8,0.6,2604,2755.5,3.9,0.6,4101,MA上昇配列 / パーフェクトオーダー
7164,全国保証,その他金融業,7.5,★☆☆☆☆,0.0,0.0,0.0,0.0,7.5,0.0,0.0,0.0,,,0.0,0.1,1.9,0.9,3010,3132.0,3.1,0.9,1365,MA上昇配列
3769,ＧＭＯペイメントゲートウェイ,情報・通信業,7.5,★☆☆☆☆,0.0,0.0,0.0,0.0,7.5,0.0,0.0,0.0,,,0.0,3.3,3.4,3.4,9499,10185.0,4.0,1.0,2173,MA上昇配列 / パーフェクトオーダー
6460,セガサミーホールディングス,機械,7.5,★☆☆☆☆,0.0,0.0,2.0,0.0,5.5,0.0,0.0,0.0,,,0.0,8.1,4.9,1.7,2395,2653.5,0.2,1.0,3195,MA上昇配列
6027,弁護士ドットコム,サービス業,7.5,★☆☆☆☆,0.0,0.0,9.0,0.0,3.5,0.0,0.0,-5.0,,,0.0,30.3,4.0,32.2,2897,3150.0,31.8,11.0,346,出来高急増11.0倍 / 買い出来高優勢 / RSI過熱(87)⚠ / 過熱⚠25MA+32%
2815,アリアケジャパン,食料品,7.5,★☆☆☆☆,0.0,0.0,2.0,0.0,5.5,0.0,0.0,0.0,,,0.0,3.0,2.4,1.4,5107,5370.0,3.3,0.7,536,MA上昇配列
2908,フジッコ,食料品,7.5,★☆☆☆☆,0.0,0.0,1.0,0.0,6.5,0.0,0.0,0.0,,,0.0,1.0,1.9,1.2,1521,1580.0,4.6,0.7,107,MA上昇配列
9706,日本空港ビルデング,不動産業,7.5,★☆☆☆☆,0.0,0.0,0.0,0.0,7.5,0.0,0.0,0.0,,,0.0,3.6,2.9,2.3,5342,5671.0,-0.2,1.0,1777,MA上昇配列 / パーフェクトオーダー
4169,ＥＮＥＣＨＡＮＧＥ,情報・通信業,7.4,★☆☆☆☆,0.0,0.0,7.7,0.0,4.7,0.0,0.0,-5.0,,,0.0,45.2,7.2,34.3,268,313.0,29.3,5.2,341,出来高急増5.2倍 / 過熱⚠25MA+34%
1721,コムシスホールディングス,建設業,7.3,★☆☆☆☆,0.0,0.0,0.0,0.0,6.0,0.0,1.3,0.0,,,0.0,0.2,2.5,0.8,5036,5306.0,0.9,0.9,2714,開示[自己株式の取得](8日前)
2897,日清食品ホールディングス,食料品,7.2,★☆☆☆☆,0.0,0.0,3.0,0.0,4.2,0.0,0.0,0.0,,,0.0,2.2,3.6,1.0,2730,2945.0,6.1,0.4,5073,MA上昇配列
1766,東建コーポレーション,建設業,7.2,★☆☆☆☆,0.0,0.0,2.0,0.0,5.2,0.0,0.0,0.0,,,0.0,3.6,2.1,0.8,12649,13190.0,2.5,0.5,333,MA上昇配列
8914,エリアリンク,不動産業,7.2,★☆☆☆☆,0.0,0.0,3.0,0.0,4.2,0.0,0.0,0.0,,,0.0,8.2,4.4,3.5,866,949.0,2.9,0.7,146,MA上昇配列
6101,ツガミ,機械,7.2,★☆☆☆☆,5.7,0.0,0.0,0.0,1.5,0.0,0.0,0.0,,Lam Research,-0.9,-16.1,7.8,-5.4,5256,6230.0,-0.2,0.9,3589,Lam Research+10.0%連動(β0.23)
4202,ダイセル,化学,7.2,★☆☆☆☆,0.0,0.0,1.0,0.0,6.2,0.0,0.0,0.0,,,0.0,5.4,2.6,2.3,1407,1485.5,4.1,0.6,2210,MA上昇配列
2429,ワールドホールディングス,サービス業,7.2,★☆☆☆☆,0.0,0.0,1.0,0.0,6.2,0.0,0.0,0.0,,,0.0,4.5,2.2,2.8,2611,2731.0,4.1,0.9,172,MA上昇配列
5911,横河ブリッジホールディングス,金属製品,7.2,★☆☆☆☆,0.0,0.0,1.0,0.0,6.2,0.0,0.0,0.0,,,0.0,1.1,1.7,0.1,2826,2923.0,0.1,0.8,377,MA上昇配列
2317,システナ,情報・通信業,7.2,★☆☆☆☆,0.0,0.0,3.0,0.0,4.2,0.0,0.0,0.0,,,0.0,1.5,3.1,0.5,401,428.0,2.4,1.3,583,MA上昇配列
3153,八洲電機,卸売業,7.2,★☆☆☆☆,0.0,0.0,2.0,0.0,5.2,0.0,0.0,0.0,,,0.0,6.1,3.9,3.0,2741,2972.0,-2.6,1.1,206,MA上昇配列
7972,イトーキ,その他製品,7.2,★☆☆☆☆,7.2,0.0,0.0,0.0,0.0,0.0,0.0,0.0,,Emerson,1.3,-5.8,3.8,-7.6,2412,2611.0,-9.8,1.0,676,Emerson+3.5%連動(β0.38) 未反応+1.3%
2802,味の素,食料品,7.2,★☆☆☆☆,0.0,0.0,0.0,0.0,6.0,0.0,1.2,0.0,,,0.0,-0.8,3.9,6.9,5194,5636.0,5.7,1.0,22024,開示[業績予想の修正](7日前)
4620,藤倉化成,化学,7.2,★☆☆☆☆,2.5,0.0,1.0,0.0,3.7,0.0,0.0,0.0,,SK hynix,-3.9,-1.1,4.8,3.9,869,961.0,3.3,1.3,128,SK hynix+5.8%連動(β0.18)
6869,シスメックス,電気機器,7.1,★☆☆☆☆,0.0,0.0,2.0,0.0,6.7,0.0,1.4,-3.0,,,0.0,20.6,4.0,15.8,1739,1888.5,16.1,1.2,5495,MA上昇配列 / 伸びすぎ注意(25MA+16%) / 開示[業績予想の修正](6日前)
6047,Ｇｕｎｏｓｙ,サービス業,7.1,★☆☆☆☆,0.0,0.0,1.0,0.0,3.7,0.0,2.4,0.0,,,0.0,-15.6,2.7,1.8,376,397.0,7.3,0.5,109,開示[自己株式の取得](8日前) / 開示[自己株式の取得](9日前)
8002,丸紅,卸売業,7.1,★☆☆☆☆,7.1,0.0,0.0,0.0,0.0,0.0,0.0,0.0,,Lam Research,1.0,0.6,3.4,-2.2,4638,4972.0,2.3,0.7,26816,Lam Research+10.0%連動(β0.17) 未反応+1.0%
6016,ジャパンエンジンコーポレーション,輸送用機器,7.0,★☆☆☆☆,0.0,0.0,1.0,0.0,6.0,0.0,0.0,0.0,,,0.0,16.9,6.7,8.8,8509,9820.0,-0.2,0.9,1256,-
4825,ウェザーニューズ,情報・通信業,7.0,★☆☆☆☆,0.0,0.0,1.0,0.0,6.0,0.0,0.0,0.0,,,0.0,-1.0,1.7,1.1,1933,2002.0,2.1,0.9,374,-
4813,ＡＣＣＥＳＳ,情報・通信業,7.0,★☆☆☆☆,0.0,0.0,4.0,0.0,6.0,0.0,0.0,-3.0,,,0.0,21.7,6.9,17.4,362,420.0,13.5,0.7,488,資金流入増 / 伸びすぎ注意(25MA+17%)
2220,亀田製菓,食料品,7.0,★☆☆☆☆,0.0,0.0,0.0,0.0,7.0,0.0,0.0,0.0,,,0.0,3.1,2.6,3.9,1246,1315.0,6.8,1.2,257,-
2160,ジーエヌアイグループ,医薬品,7.0,★☆☆☆☆,0.0,0.0,1.0,0.0,6.0,0.0,0.0,0.0,,,0.0,11.9,3.9,11.9,2672,2897.0,10.0,1.2,2363,-
3903,ｇｕｍｉ,情報・通信業,7.0,★☆☆☆☆,0.0,0.0,1.0,0.0,6.0,0.0,0.0,0.0,,,0.0,6.3,3.5,3.1,237,255.0,-1.2,1.0,112,-
9211,エフ・コード,サービス業,7.0,★☆☆☆☆,0.0,0.0,1.0,0.0,6.0,0.0,0.0,0.0,,,0.0,7.3,3.9,8.5,1408,1529.0,3.7,1.0,183,-
9227,マイクロ波化学,サービス業,7.0,★☆☆☆☆,0.0,0.0,1.0,0.0,6.0,0.0,0.0,0.0,,,0.0,8.7,6.0,6.7,805,914.0,2.4,0.6,396,-
2931,ユーグレナ,食料品,7.0,★☆☆☆☆,0.0,0.0,1.0,0.0,6.0,0.0,0.0,0.0,,,0.0,-0.1,3.0,2.0,331,352.0,6.0,1.3,297,-
4393,バンク・オブ・イノベーション,情報・通信業,7.0,★☆☆☆☆,0.0,0.0,1.0,0.0,6.0,0.0,0.0,0.0,,,0.0,2.1,3.5,2.7,4710,5060.0,-0.4,1.2,145,-
262A,インターメスティック,小売業,7.0,★☆☆☆☆,0.0,0.0,2.0,0.0,5.0,0.0,0.0,0.0,,,0.0,2.1,4.0,1.2,1774,1930.0,-5.2,0.7,494,-
1813,不動テトラ,建設業,7.0,★☆☆☆☆,0.0,0.0,1.0,0.0,6.0,0.0,0.0,0.0,,,0.0,5.7,2.9,3.6,2648,2811.0,1.8,0.8,253,-
6864,エヌエフホールディングス,電気機器,7.0,★☆☆☆☆,0.0,0.0,2.0,0.0,5.0,0.0,0.0,0.0,,,0.0,6.7,4.6,7.8,1511,1662.0,6.7,0.9,104,-
6420,ガリレイホールディングス,機械,7.0,★☆☆☆☆,0.0,0.0,0.0,0.0,7.0,0.0,0.0,0.0,,,0.0,4.3,2.5,2.7,3303,3475.0,0.9,0.9,193,-
1407,ウエストホールディングス,建設業,7.0,★☆☆☆☆,0.0,0.0,1.0,0.0,6.0,0.0,0.0,0.0,,,0.0,21.3,5.8,7.8,2480,2803.0,3.9,0.5,1949,-
4534,持田製薬,医薬品,7.0,★☆☆☆☆,0.0,0.0,0.0,0.0,7.0,0.0,0.0,0.0,,,0.0,3.9,2.4,2.9,3095,3250.0,5.9,0.5,214,-
9837,モリト,卸売業,7.0,★☆☆☆☆,0.0,0.0,0.0,0.0,5.7,0.0,1.3,0.0,,,0.0,2.2,1.5,0.8,1761,1814.0,1.5,0.5,130,開示[自己株式の取得](8日前)
4082,第一稀元素化学工業,化学,7.0,★☆☆☆☆,0.0,0.0,2.0,0.0,5.0,0.0,0.0,0.0,,,0.0,2.4,4.5,4.5,1778,1954.0,5.2,1.2,403,-
9793,ダイセキ,サービス業,7.0,★☆☆☆☆,0.0,0.0,2.0,0.0,5.0,0.0,0.0,0.0,,,0.0,-0.4,1.7,1.2,3739,3870.0,3.6,0.8,479,-
7965,象印マホービン,電気機器,7.0,★☆☆☆☆,0.0,0.0,1.0,0.0,6.0,0.0,0.0,0.0,,,0.0,5.0,2.0,2.9,1402,1461.0,3.7,0.7,251,-
5592,くすりの窓口,情報・通信業,7.0,★☆☆☆☆,0.0,0.0,1.0,0.0,6.0,0.0,0.0,0.0,,,0.0,3.4,3.2,4.1,2344,2503.0,-0.0,0.6,139,-
9467,アルファポリス,情報・通信業,6.9,★☆☆☆☆,0.0,0.0,5.7,0.0,1.2,0.0,0.0,0.0,,,0.0,-4.4,3.6,-3.8,921,992.0,-3.2,3.1,125,出来高急増3.1倍
1662,石油資源開発,鉱業,6.9,★☆☆☆☆,0.0,0.0,1.0,0.0,4.7,0.0,1.2,0.0,,,0.0,3.1,3.3,3.6,1671,1790.0,5.9,1.0,2563,開示[業績予想の修正](7日前)
5988,パイオラックス,金属製品,6.8,★☆☆☆☆,0.0,0.0,0.0,0.0,5.5,0.0,1.3,0.0,,,0.0,3.4,2.0,0.8,1636,1706.0,-1.1,1.0,159,MA上昇配列 / 開示[自己株式の取得](8日前)
543A,ＡＲＣＨＩＯＮ,輸送用機器,6.8,★☆☆☆☆,0.0,0.0,3.0,0.0,1.5,0.0,2.3,0.0,,,0.0,-8.5,4.8,-5.1,246,272.0,1.9,1.4,8773,資金流入増 / 開示[業績予想の修正](1日前)
1942,関電工,建設業,6.8,★☆☆☆☆,0.0,6.8,0.0,0.0,0.0,0.0,0.0,0.0,,,0.0,-12.0,5.0,-8.0,4876,5422.0,-1.7,0.7,8284,AIデータセンター・電力(+0.4%)
4552,ＪＣＲファーマ,医薬品,6.7,★☆☆☆☆,0.0,0.0,0.0,0.0,6.7,0.0,0.0,0.0,,,0.0,7.4,3.6,5.1,490,527.0,7.8,0.9,326,MA上昇配列
5253,カバー,情報・通信業,6.7,★☆☆☆☆,0.0,0.0,3.0,0.0,3.7,0.0,0.0,0.0,,,0.0,-10.3,7.5,-3.8,1297,1526.0,-0.3,1.8,4186,-
6656,インスペック,電気機器,6.7,★☆☆☆☆,4.7,0.0,2.0,0.0,0.0,0.0,0.0,0.0,,SK hynix,-1.7,-25.4,10.4,-14.0,710,897.0,-12.0,0.4,156,SK hynix+5.8%連動(β0.33)
3252,地主,不動産業,6.7,★☆☆☆☆,0.0,0.0,2.0,0.0,4.7,0.0,0.0,0.0,,,0.0,2.0,1.8,2.1,2863,2967.0,3.9,1.7,313,-
4229,群栄化学工業,化学,6.7,★☆☆☆☆,3.0,0.0,0.0,0.0,3.7,0.0,0.0,0.0,,SK hynix,-1.2,-0.1,4.8,2.8,4192,4640.0,2.1,0.7,119,SK hynix+5.8%連動(β0.21)
4381,ビープラッツ,情報・通信業,6.7,★☆☆☆☆,0.0,0.0,3.0,0.0,3.7,0.0,0.0,0.0,,,0.0,-39.0,15.3,-0.2,277,400.0,-8.0,1.4,298,資金流入増
7733,オリンパス,精密機器,6.7,★☆☆☆☆,0.0,0.0,0.0,0.0,6.7,0.0,0.0,0.0,,,0.0,14.8,3.3,13.2,1929,2067.5,14.4,1.1,8875,MA上昇配列
1964,中外炉工業,建設業,6.7,★☆☆☆☆,0.0,0.0,2.0,0.0,4.7,0.0,0.0,0.0,,,0.0,2.7,3.0,3.7,3876,4125.0,2.5,0.7,255,-
8086,ニプロ,精密機器,6.7,★☆☆☆☆,0.0,0.0,1.0,0.0,5.7,0.0,0.0,0.0,,,0.0,-0.2,2.6,-0.9,1503,1585.0,-1.3,1.3,1060,-
5032,ＡＮＹＣＯＬＯＲ,情報・通信業,6.7,★☆☆☆☆,0.0,0.0,2.0,0.0,4.7,0.0,0.0,0.0,,,0.0,15.8,3.5,9.9,2613,2810.0,7.6,1.1,1433,-
6597,ＨＰＣシステムズ,電気機器,6.7,★☆☆☆☆,0.0,0.0,3.0,0.0,3.7,0.0,0.0,0.0,,,0.0,-0.3,5.4,5.3,3289,3685.0,3.2,1.9,196,-
9369,キユーソー流通システム,倉庫・運輸関連業,6.6,★☆☆☆☆,0.0,0.0,0.0,0.0,5.0,0.0,1.6,0.0,,,0.0,-8.7,3.0,-1.7,2792,2968.0,-0.2,0.5,147,開示[子会社化](3日前)
8031,三井物産,卸売業,6.6,★☆☆☆☆,3.1,0.0,0.0,0.0,3.5,0.0,0.0,0.0,,ASML,-1.5,3.8,2.5,1.6,4647,4894.0,4.1,0.7,31088,ASML+6.6%連動(β0.19)
6817,スミダコーポレーション,電気機器,6.6,★☆☆☆☆,5.1,0.0,0.0,0.0,1.5,0.0,0.0,0.0,,Lam Research,-4.6,-6.0,4.2,-1.6,1156,1261.0,6.4,0.7,431,Lam Research+10.0%連動(β0.21)
9759,ＮＳＤ,情報・通信業,6.5,★☆☆☆☆,0.0,0.0,1.0,0.0,5.5,0.0,0.0,0.0,,,0.0,2.9,3.1,2.2,2624,2800.0,3.7,0.9,878,MA上昇配列
7447,ナガイレーベン,卸売業,6.5,★☆☆☆☆,0.0,0.0,1.0,0.0,5.5,0.0,0.0,0.0,,,0.0,2.5,1.8,1.1,1724,1787.0,2.3,1.1,147,MA上昇配列
7630,壱番屋,小売業,6.5,★☆☆☆☆,0.0,0.0,1.0,0.0,5.5,0.0,0.0,0.0,,,0.0,2.4,2.4,1.8,890,934.0,4.5,0.6,417,MA上昇配列
4725,ＣＡＣ　Ｈｏｌｄｉｎｇｓ,情報・通信業,6.5,★☆☆☆☆,0.0,0.0,0.0,0.0,6.5,0.0,0.0,0.0,,,0.0,2.1,1.4,1.8,1815,1867.0,4.1,1.1,101,MA上昇配列
3765,ガンホー・オンライン・エンターテイメント,情報・通信業,6.5,★☆☆☆☆,0.0,0.0,1.0,0.0,5.5,0.0,0.0,0.0,,,0.0,3.2,2.9,1.3,2268,2410.0,2.6,0.7,635,MA上昇配列
4816,東映アニメーション,情報・通信業,6.5,★☆☆☆☆,0.0,0.0,1.0,0.0,5.5,0.0,0.0,0.0,,,0.0,3.8,5.4,0.9,2518,2822.0,3.9,1.0,1407,MA上昇配列
2327,日鉄ソリューションズ,情報・通信業,6.5,★☆☆☆☆,0.0,0.0,0.0,0.0,6.5,0.0,0.0,0.0,,,0.0,-1.1,2.9,0.3,3598,3822.0,4.4,0.7,1038,MA上昇配列
6289,技研製作所,機械,6.5,★☆☆☆☆,0.0,0.0,1.0,0.0,5.5,0.0,0.0,0.0,,,0.0,2.8,2.3,1.6,1822,1909.0,-0.3,0.8,124,MA上昇配列
9509,北海道電力,電気・ガス業,6.5,★☆☆☆☆,0.0,0.0,1.0,0.0,5.5,0.0,0.0,0.0,,,0.0,3.7,2.6,2.1,978,1032.0,0.8,0.8,2134,MA上昇配列
3196,ホットランドホールディングス,小売業,6.5,★☆☆☆☆,0.0,0.0,1.0,0.0,5.5,0.0,0.0,0.0,,,0.0,1.8,1.8,1.2,1571,1631.0,4.2,0.5,210,MA上昇配列
4481,ベース,情報・通信業,6.5,★☆☆☆☆,0.0,0.0,1.0,0.0,5.5,0.0,0.0,0.0,,,0.0,2.0,2.0,2.9,3104,3235.0,3.4,0.7,261,MA上昇配列
9433,ＫＤＤＩ,情報・通信業,6.4,★☆☆☆☆,0.0,0.0,0.0,0.0,3.2,0.0,3.2,0.0,,,0.0,-0.6,3.3,-2.0,2646,2830.0,-0.9,1.0,27708,開示[自己株式の取得](6日前) / 開示[自己株式の取得](7日前)
6754,アンリツ,電気機器,6.4,★☆☆☆☆,2.9,0.0,2.0,0.0,1.5,0.0,0.0,0.0,,SK hynix,-3.5,-8.9,5.7,-2.7,3266,3690.0,-3.7,0.7,6344,SK hynix+5.8%連動(β0.20)
6862,ミナトホールディングス,電気機器,6.4,★☆☆☆☆,0.0,0.0,3.3,0.0,5.7,0.0,2.4,-5.0,,,0.0,71.3,6.6,65.0,2998,3450.0,48.0,0.1,575,買い出来高優勢 / 過熱⚠25MA+65% / 開示[増配](3日前)
6336,石井表記,機械,6.300000000000001,★☆☆☆☆,3.6,0.0,0.0,0.0,2.7,0.0,0.0,0.0,,SK hynix,-1.7,-16.3,7.0,-0.4,1447,1684.0,0.8,0.7,143,SK hynix+5.8%連動(β0.25)
6535,アイモバイル,サービス業,6.2,★☆☆☆☆,0.0,0.0,2.0,0.0,4.2,0.0,0.0,0.0,,,0.0,1.7,2.2,0.7,477,499.0,5.1,0.4,313,MA上昇配列
9039,サカイ引越センター,陸運業,6.2,★☆☆☆☆,0.0,0.0,3.0,0.0,3.2,0.0,0.0,0.0,,,0.0,-0.4,2.0,-0.5,2818,2935.0,3.2,1.1,241,-
9143,ＳＧホールディングス,陸運業,6.2,★☆☆☆☆,0.0,0.0,0.0,0.0,6.2,0.0,0.0,0.0,,,0.0,0.1,2.6,0.6,1512,1596.0,5.7,0.8,2325,MA上昇配列 / パーフェクトオーダー
5949,ユニプレス,輸送用機器,6.2,★☆☆☆☆,0.0,0.0,1.0,0.0,5.2,0.0,0.0,0.0,,,0.0,2.5,2.6,0.3,1230,1296.0,-1.7,0.9,209,MA上昇配列
9468,ＫＡＤＯＫＡＷＡ,情報・通信業,6.2,★☆☆☆☆,0.0,0.0,0.0,0.0,3.7,0.0,2.5,0.0,,,0.0,-3.7,2.5,-0.6,3399,3579.0,3.5,0.6,1916,開示[業績予想の修正](0日前)
3333,あさひ,小売業,6.2,★☆☆☆☆,0.0,0.0,1.0,0.0,5.2,0.0,0.0,0.0,,,0.0,-0.3,2.0,0.6,1296,1349.0,3.9,0.6,164,MA上昇配列
9505,北陸電力,電気・ガス業,6.2,★☆☆☆☆,0.0,0.0,1.0,0.0,5.2,0.0,0.0,0.0,,,0.0,5.7,2.9,2.6,901,957.0,4.5,0.8,938,MA上昇配列
256A,飛島ホールディングス,建設業,6.2,★☆☆☆☆,0.0,0.0,1.0,0.0,5.2,0.0,0.0,0.0,,,0.0,2.3,2.0,1.3,1986,2071.0,2.0,0.9,424,MA上昇配列
8252,丸井グループ,小売業,6.2,★☆☆☆☆,0.0,0.0,0.0,0.0,6.2,0.0,0.0,0.0,,,0.0,0.1,2.3,0.6,2839,2977.0,4.1,0.8,2848,MA上昇配列
9532,大阪瓦斯,電気・ガス業,6.2,★☆☆☆☆,0.0,0.0,0.0,0.0,4.7,0.0,1.5,0.0,,,0.0,1.3,2.5,0.7,5201,5477.0,3.1,0.8,5387,開示[自己株式の取得](7日前)
5834,ＳＢＩリーシングサービス,証券、商品先物取引業,6.2,★☆☆☆☆,0.0,0.0,1.0,0.0,5.2,0.0,0.0,0.0,,,0.0,1.3,3.1,0.6,2596,2769.0,1.1,0.5,239,MA上昇配列
3636,三菱総合研究所,情報・通信業,6.2,★☆☆☆☆,0.0,0.0,0.0,0.0,6.2,0.0,0.0,0.0,,,0.0,2.8,2.7,1.6,4519,4780.0,3.9,0.9,302,MA上昇配列
8818,京阪神ビルディング,不動産業,6.2,★☆☆☆☆,0.0,0.0,3.0,0.0,3.2,0.0,0.0,0.0,,,0.0,-1.7,3.1,-0.9,1026,1093.0,1.3,0.8,439,-
3608,ＴＳＩホールディングス,繊維製品,6.2,★☆☆☆☆,0.0,0.0,0.0,0.0,6.2,0.0,0.0,0.0,,,0.0,1.2,1.9,0.3,1184,1231.0,2.2,0.8,313,MA上昇配列 / パーフェクトオーダー
3186,ネクステージ,小売業,6.0,★☆☆☆☆,0.0,0.0,0.0,0.0,6.0,0.0,0.0,0.0,,,0.0,3.5,3.8,3.6,3319,3590.0,1.7,0.3,1921,-
6332,月島ホールディングス,機械,6.0,★☆☆☆☆,0.0,0.0,0.0,0.0,6.0,0.0,0.0,0.0,,,0.0,5.3,3.1,2.1,2569,2739.0,-1.5,0.6,295,-
7779,ＣＹＢＥＲＤＹＮＥ,精密機器,6.0,★☆☆☆☆,0.0,0.0,1.0,0.0,5.0,0.0,0.0,0.0,,,0.0,2.6,3.2,5.8,224,239.0,7.7,0.9,265,-
6838,多摩川ホールディングス,電気機器,6.0,★☆☆☆☆,0.0,0.0,1.0,0.0,5.0,0.0,0.0,0.0,,,0.0,2.0,6.0,5.0,1312,1491.0,2.1,0.4,336,-
7564,ワークマン,小売業,6.0,★☆☆☆☆,0.0,0.0,1.0,0.0,5.0,0.0,0.0,0.0,,,0.0,5.2,3.1,5.1,5846,6230.0,1.8,0.6,2611,-
9072,ニッコンホールディングス,陸運業,6.0,★☆☆☆☆,0.0,0.0,0.0,0.0,6.0,0.0,0.0,0.0,,,0.0,-2.2,3.1,1.8,5035,5364.0,2.3,0.5,1072,-
290A,Ｓｙｎｓｐｅｃｔｉｖｅ,情報・通信業,6.0,★☆☆☆☆,0.0,0.0,3.0,0.0,6.0,0.0,0.0,-3.0,,,0.0,16.4,4.9,19.1,1304,1444.0,16.2,1.3,1899,伸びすぎ注意(25MA+19%)
1436,グリーンエナジー＆カンパニー,建設業,6.0,★☆☆☆☆,0.0,0.0,0.0,0.0,6.0,0.0,0.0,0.0,,,0.0,15.3,5.1,14.0,1427,1590.0,4.3,0.7,101,-
4259,エクサウィザーズ,情報・通信業,6.0,★☆☆☆☆,0.0,0.0,1.0,0.0,5.0,0.0,0.0,0.0,,,0.0,-1.0,4.3,2.0,770,842.0,4.6,1.4,1296,-
5885,ジーデップ・アドバンス,卸売業,6.0,★☆☆☆☆,0.0,0.0,0.0,0.0,6.0,0.0,0.0,0.0,,,0.0,-3.4,3.7,9.5,2862,3090.0,7.3,0.6,170,-
3315,日本コークス工業,石油・石炭製品,6.0,★☆☆☆☆,0.0,0.0,0.0,0.0,6.0,0.0,0.0,0.0,,,0.0,3.7,4.2,4.9,92,101.0,2.0,0.8,456,-
247A,Ａｉロボティクス,化学,6.0,★☆☆☆☆,0.0,0.0,0.0,0.0,6.0,0.0,0.0,0.0,,,0.0,0.7,3.9,1.4,764,828.0,-3.6,1.0,527,-
2742,ハローズ,小売業,6.0,★☆☆☆☆,0.0,0.0,0.0,0.0,6.0,0.0,0.0,0.0,,,0.0,-0.0,2.6,0.6,3614,3810.0,3.8,0.9,121,-
2585,ライフドリンク　カンパニー,食料品,6.0,★☆☆☆☆,0.0,0.0,1.0,0.0,5.0,0.0,0.0,0.0,,,0.0,-1.0,4.0,0.7,1369,1487.0,1.5,1.3,757,-
9336,大栄環境,サービス業,6.0,★☆☆☆☆,0.0,0.0,0.0,0.0,6.0,0.0,0.0,0.0,,,0.0,0.6,3.0,0.9,3606,3835.0,5.1,0.9,605,-
8267,イオン,小売業,6.0,★☆☆☆☆,0.0,0.0,1.0,0.0,5.0,0.0,0.0,0.0,,,0.0,-1.6,3.3,1.0,1304,1396.0,5.4,0.8,14268,-
6378,木村化工機,機械,6.0,★☆☆☆☆,0.0,0.0,0.0,0.0,6.0,0.0,0.0,0.0,,,0.0,8.2,3.1,4.3,1193,1272.0,3.4,0.8,201,-
7730,マニー,精密機器,6.0,★☆☆☆☆,0.0,0.0,1.0,0.0,5.0,0.0,0.0,0.0,,,0.0,-8.9,2.0,1.1,1539,1604.0,5.7,0.8,728,-
7685,ＢｕｙＳｅｌｌ　Ｔｅｃｈｎｏｌｏｇｉｅｓ,卸売業,6.0,★☆☆☆☆,0.0,0.0,1.0,0.0,5.0,0.0,0.0,0.0,,,0.0,-6.5,3.9,1.7,3050,3305.0,5.6,1.2,1134,-
6245,ヒラノテクシード,機械,6.0,★☆☆☆☆,0.0,0.0,1.0,0.0,5.0,0.0,0.0,0.0,,,0.0,3.0,3.2,7.8,1676,1789.0,9.4,0.8,161,-
3854,アイル,情報・通信業,6.0,★☆☆☆☆,0.0,0.0,1.0,0.0,5.0,0.0,0.0,0.0,,,0.0,-1.6,2.5,0.8,2199,2315.0,5.3,1.4,235,-
4894,クオリプス,医薬品,6.0,★☆☆☆☆,0.0,0.0,0.0,0.0,6.0,0.0,0.0,0.0,,,0.0,11.4,5.7,13.6,4673,5280.0,6.8,0.7,671,-
1887,日本国土開発,建設業,6.0,★☆☆☆☆,0.0,0.0,1.0,0.0,5.0,0.0,0.0,0.0,,,0.0,-1.7,1.6,0.4,507,524.0,0.8,0.4,268,-
3221,ヨシックスホールディングス,小売業,5.9,★☆☆☆☆,0.0,0.0,2.0,0.0,2.2,0.0,1.7,0.0,,,0.0,-4.5,2.2,-2.5,3016,3155.0,-1.7,1.4,104,開示[自己株式の取得](6日前)
2767,円谷フィールズホールディングス,卸売業,5.800000000000001,★☆☆☆☆,0.0,0.0,5.3,0.0,5.5,0.0,0.0,-5.0,,,0.0,63.2,6.3,25.7,2101,2401.0,-1.4,0.7,2956,買い出来高優勢 / 資金流入増 / MA上昇配列 / RSI過熱(86)⚠ / 過熱⚠25MA+26%
590A,ギフティグループ,情報・通信業,5.7,★☆☆☆☆,0.0,0.0,1.0,0.0,4.7,0.0,0.0,0.0,,,0.0,10.3,3.3,6.8,1045,1118.0,2.1,0.7,184,-
4519,中外製薬,医薬品,5.7,★☆☆☆☆,0.0,0.0,2.0,0.0,3.7,0.0,0.0,0.0,,,0.0,-1.1,3.2,0.8,6720,7184.0,7.5,0.8,20642,-
7318,セレンディップ・ホールディングス,輸送用機器,5.7,★☆☆☆☆,0.0,0.0,5.7,0.0,0.0,0.0,0.0,0.0,,,0.0,-22.8,10.0,-20.6,1241,1553.0,-20.5,6.5,302,出来高急増6.5倍
8892,エスコン,不動産業,5.7,★☆☆☆☆,0.0,0.0,0.0,0.0,5.7,0.0,0.0,0.0,,,0.0,-1.8,2.0,0.6,1062,1106.0,3.2,0.8,225,-
3810,サイバーステップホールディングス,情報・通信業,5.7,★☆☆☆☆,0.0,0.0,2.0,0.0,3.7,0.0,0.0,0.0,,,0.0,-13.7,6.7,8.9,165,190.0,7.3,1.6,220,-
8803,平和不動産,不動産業,5.7,★☆☆☆☆,0.0,0.0,0.0,0.0,5.7,0.0,0.0,0.0,,,0.0,0.9,1.5,0.8,2300,2370.0,3.6,0.7,447,-
197A,タウンズ,医薬品,5.7,★☆☆☆☆,0.0,0.0,1.0,0.0,4.7,0.0,0.0,0.0,,,0.0,1.9,1.3,1.2,467,479.0,3.2,0.7,156,-
5013,ユシロ,石油・石炭製品,5.7,★☆☆☆☆,0.0,0.0,0.0,0.0,5.7,0.0,0.0,0.0,,,0.0,3.3,3.8,0.2,2759,2985.0,1.6,0.8,160,-
6183,ベルシステム２４ホールディングス,サービス業,5.7,★☆☆☆☆,0.0,0.0,1.0,0.0,4.7,0.0,0.0,0.0,,,0.0,0.1,1.7,1.3,1338,1385.0,4.7,0.9,420,-
7201,日産自動車,輸送用機器,5.7,★☆☆☆☆,0.0,0.0,1.0,0.0,4.7,0.0,0.0,0.0,,,0.0,7.9,3.8,0.5,305,330.5,0.2,0.9,11945,-
7483,ドウシシャ,卸売業,5.7,★☆☆☆☆,0.0,0.0,0.0,0.0,5.7,0.0,0.0,0.0,,,0.0,2.0,2.0,1.2,2893,3010.0,3.1,0.9,215,-
5857,ＡＲＥホールディングス,非鉄金属,5.699999999999999,★☆☆☆☆,0.0,0.0,3.0,0.0,5.7,0.0,0.0,-3.0,,,0.0,21.7,3.7,17.8,3444,3720.0,13.1,1.3,2488,伸びすぎ注意(25MA+18%)
5946,長府製作所,金属製品,5.699999999999999,★☆☆☆☆,0.0,0.0,3.3,0.0,1.0,0.0,1.4,0.0,,,0.0,2.2,2.1,-1.1,1937,2020.0,-1.3,1.0,150,買い出来高優勢 / 開示[業績予想の修正](6日前)
5702,大紀アルミニウム工業所,非鉄金属,5.699999999999999,★☆☆☆☆,0.0,0.0,3.0,0.0,5.7,0.0,0.0,-3.0,,,0.0,21.7,4.5,18.0,1680,1845.0,4.5,0.7,699,伸びすぎ注意(25MA+18%)
9166,ＧＥＮＤＡ,サービス業,5.699999999999999,★☆☆☆☆,0.0,0.0,2.0,0.0,6.7,0.0,0.0,-3.0,,,0.0,15.3,4.2,17.0,647,707.0,9.1,1.4,877,MA上昇配列 / 伸びすぎ注意(25MA+17%)
1961,三機工業,建設業,5.6,★☆☆☆☆,0.0,0.0,1.0,0.0,1.5,0.0,3.1,0.0,,,0.0,-7.2,5.4,-3.2,2122,2379.0,2.9,0.8,2091,開示[自己株式取得](6日前) / 開示[業績予想の修正](6日前)
1952,新日本空調,建設業,5.6,★☆☆☆☆,5.6,0.0,0.0,0.0,0.0,0.0,0.0,0.0,,SK hynix,1.0,-11.9,5.3,-10.2,2725,3045.0,-6.9,0.9,807,SK hynix+5.8%連動(β0.18) 未反応+1.0%
8136,サンリオ,卸売業,5.5,★☆☆☆☆,0.0,0.0,3.0,0.0,2.5,0.0,0.0,0.0,,,0.0,1.8,7.2,-0.8,1051,1227.0,-3.7,1.4,35657,-
8058,三菱商事,卸売業,5.5,★☆☆☆☆,0.0,0.0,1.0,0.0,4.5,0.0,0.0,0.0,,,0.0,7.1,2.7,2.8,4573,4832.0,4.1,0.7,38915,-
3349,コスモス薬品,小売業,5.5,★☆☆☆☆,0.0,0.0,0.0,0.0,5.5,0.0,0.0,0.0,,,0.0,1.7,3.7,1.0,6029,6505.0,3.1,0.6,3007,MA上昇配列
9887,松屋フーズホールディングス,小売業,5.5,★☆☆☆☆,0.0,0.0,0.0,0.0,5.5,0.0,0.0,0.0,,,0.0,-1.4,2.3,0.9,4804,5040.0,3.0,0.6,301,MA上昇配列
7148,ＦＰＧ,証券、商品先物取引業,5.5,★☆☆☆☆,0.0,0.0,0.0,0.0,5.5,0.0,0.0,0.0,,,0.0,4.1,2.9,1.9,1541,1637.0,1.0,0.9,957,MA上昇配列
3774,インターネットイニシアティブ,情報・通信業,5.5,★☆☆☆☆,0.0,0.0,1.0,0.0,4.5,0.0,0.0,0.0,,,0.0,-2.1,2.8,-0.8,3285,3481.0,-0.4,0.9,1894,-
7512,イオン北海道,小売業,5.5,★☆☆☆☆,0.0,0.0,0.0,0.0,5.5,0.0,0.0,0.0,,,0.0,-0.8,1.7,0.6,821,850.0,4.6,0.7,151,MA上昇配列
4575,キャンバス,医薬品,5.5,★☆☆☆☆,0.0,0.0,0.0,0.0,5.5,0.0,0.0,0.0,,,0.0,-2.1,4.9,2.2,671,744.0,0.7,0.5,168,MA上昇配列
6564,ミダックホールディングス,サービス業,5.5,★☆☆☆☆,0.0,0.0,4.3,0.0,1.2,0.0,0.0,0.0,,,0.0,0.6,3.8,-1.0,1993,2159.0,0.3,2.8,107,出来高増2.8倍
3360,シップヘルスケアホールディングス,卸売業,5.5,★☆☆☆☆,0.0,0.0,2.0,0.0,2.2,0.0,1.3,0.0,,,0.0,2.0,3.3,-1.8,2197,2352.5,-1.8,0.8,699,開示[自己株式の取得](8日前)
3626,ＴＩＳＩ,情報・通信業,5.5,★☆☆☆☆,0.0,0.0,0.0,0.0,5.5,0.0,0.0,0.0,,,0.0,7.8,3.5,4.2,3500,3764.0,4.4,0.6,3909,MA上昇配列
4922,コーセーホールディングス,化学,5.5,★☆☆☆☆,0.0,0.0,0.0,0.0,5.5,0.0,0.0,0.0,,,0.0,6.4,3.9,2.1,5268,5719.0,2.6,0.7,1975,MA上昇配列
4819,デジタルガレージ,情報・通信業,5.5,★☆☆☆☆,0.0,0.0,0.0,0.0,5.5,0.0,0.0,0.0,,,0.0,-3.0,3.7,1.6,2155,2325.0,0.9,1.0,615,MA上昇配列
9009,京成電鉄,陸運業,5.5,★☆☆☆☆,0.0,0.0,0.0,0.0,5.5,0.0,0.0,0.0,,,0.0,0.4,2.8,0.5,1202,1273.5,1.5,0.7,2231,MA上昇配列
6807,日本航空電子工業,電気機器,5.4,★☆☆☆☆,5.4,0.0,0.0,0.0,0.0,0.0,0.0,0.0,,Emerson,0.9,-2.0,3.1,-2.4,2189,2335.0,-1.2,1.1,728,Emerson+3.5%連動(β0.30) 未反応+0.9%
9247,ＴＲＥホールディングス,サービス業,5.3,★☆☆☆☆,0.0,0.0,2.0,0.0,1.0,0.0,2.3,0.0,,,0.0,-10.3,3.6,-2.3,1885,2031.0,1.0,1.7,585,開示[業績予想の修正](1日前)
7138,ＴＯＲＩＣＯ,小売業,5.3,★☆☆☆☆,0.0,0.0,5.3,0.0,0.0,0.0,0.0,0.0,,,0.0,-13.2,5.7,-7.9,109,123.0,-1.6,0.1,203,買い出来高優勢 / 資金流入増
4666,パーク２４,不動産業,5.2,★☆☆☆☆,0.0,0.0,0.0,0.0,5.2,0.0,0.0,0.0,,,0.0,0.6,2.5,0.8,1905,2006.0,3.4,0.9,1607,MA上昇配列
4641,アルプス技研,サービス業,5.2,★☆☆☆☆,0.0,0.0,0.0,0.0,5.2,0.0,0.0,0.0,,,0.0,1.8,2.4,0.9,784,823.0,3.5,0.8,111,MA上昇配列
6770,アルプスアルパイン,電気機器,5.2,★☆☆☆☆,0.0,0.0,1.0,0.0,4.2,0.0,0.0,0.0,,,0.0,5.1,3.5,2.7,2034,2188.0,7.1,0.6,3900,-
8214,ＡＯＫＩホールディングス,小売業,5.2,★☆☆☆☆,0.0,0.0,2.0,0.0,3.2,0.0,0.0,0.0,,,0.0,-0.3,2.1,-1.0,1620,1692.0,-1.0,0.8,377,-
8227,しまむら,小売業,5.2,★☆☆☆☆,0.0,0.0,1.0,0.0,4.2,0.0,0.0,0.0,,,0.0,0.8,2.6,0.3,3218,3392.0,2.5,0.7,2417,MA上昇配列
9503,関西電力,電気・ガス業,5.2,★☆☆☆☆,0.0,0.0,0.0,0.0,5.2,0.0,0.0,0.0,,,0.0,3.6,2.5,1.5,2280,2399.5,2.5,0.9,7793,MA上昇配列
3088,マツキヨココカラ＆カンパニー,小売業,5.2,★☆☆☆☆,0.0,0.0,1.0,0.0,4.2,0.0,0.0,0.0,,,0.0,2.8,3.1,0.7,2360,2515.5,3.5,1.3,4235,MA上昇配列
6333,ＴＥＩＫＯＫＵ,機械,5.2,★☆☆☆☆,0.0,0.0,3.0,0.0,2.2,0.0,0.0,0.0,,,0.0,-0.4,3.9,-2.5,2917,3165.0,-8.7,0.8,157,-
6328,荏原実業,機械,5.2,★☆☆☆☆,0.0,0.0,4.0,0.0,1.2,0.0,0.0,0.0,,,0.0,-1.6,3.9,-1.2,2169,2351.0,-7.4,1.5,311,-
7459,メディパルホールディングス,卸売業,5.2,★☆☆☆☆,0.0,0.0,2.0,0.0,3.2,0.0,0.0,0.0,,,0.0,4.9,3.0,-0.2,2647,2816.5,3.8,1.1,1306,-
1898,世紀東急工業,建設業,5.2,★☆☆☆☆,0.0,0.0,0.0,0.0,5.2,0.0,0.0,0.0,,,0.0,0.8,1.4,0.0,1430,1471.0,1.8,0.9,265,MA上昇配列
2281,プリマハム,食料品,5.2,★☆☆☆☆,0.0,0.0,3.0,0.0,2.2,0.0,0.0,0.0,,,0.0,-1.3,2.5,-1.2,2278,2397.0,3.8,0.5,410,資金流入増
2170,リンクアンドモチベーション,サービス業,5.2,★☆☆☆☆,0.0,0.0,4.0,0.0,1.2,0.0,0.0,0.0,,,0.0,1.8,4.0,-0.2,562,611.0,-1.5,1.3,377,-
6419,マースグループホールディングス,機械,5.2,★☆☆☆☆,0.0,0.0,0.0,0.0,5.2,0.0,0.0,0.0,,,0.0,1.9,1.9,0.9,3035,3155.0,2.9,0.6,213,MA上昇配列
5201,ＡＧＣ,ガラス・土石製品,5.2,★☆☆☆☆,3.7,0.0,0.0,0.0,1.5,0.0,0.0,0.0,,Lam Research,-1.7,-7.5,3.4,-2.8,5557,5968.0,3.5,0.7,9773,Lam Research+10.0%連動(β0.15)
2001,ニップン,食料品,5.2,★☆☆☆☆,0.0,0.0,2.0,0.0,3.2,0.0,0.0,0.0,,,0.0,1.2,2.3,-0.0,2696,2826.0,2.7,0.7,658,-
9025,鴻池運輸,陸運業,5.2,★☆☆☆☆,0.0,0.0,3.0,0.0,2.2,0.0,0.0,0.0,,,0.0,1.7,2.5,-0.1,2734,2880.0,0.2,2.0,329,-
1808,長谷工コーポレーション,建設業,5.2,★☆☆☆☆,0.0,0.0,0.0,0.0,5.2,0.0,0.0,0.0,,,0.0,-1.3,2.3,0.1,2654,2783.0,4.6,0.9,2617,MA上昇配列
9006,京浜急行電鉄,陸運業,5.2,★☆☆☆☆,0.0,0.0,2.0,0.0,3.2,0.0,0.0,0.0,,,0.0,-2.9,2.4,-2.2,1450,1523.5,0.5,0.8,1501,-
3861,王子ホールディングス,パルプ・紙,5.2,★☆☆☆☆,0.0,0.0,0.0,0.0,5.2,0.0,0.0,0.0,,,0.0,5.2,2.3,1.4,832,871.2999877929688,2.2,0.8,3469,MA上昇配列
9716,乃村工藝社,サービス業,5.2,★☆☆☆☆,0.0,0.0,0.0,0.0,5.2,0.0,0.0,0.0,,,0.0,0.0,1.9,0.6,1138,1183.0,0.7,0.6,369,MA上昇配列
4204,積水化学工業,化学,5.2,★☆☆☆☆,0.0,0.0,0.0,0.0,5.2,0.0,0.0,0.0,,,0.0,-0.1,2.0,0.4,2568,2676.0,1.8,0.8,4479,MA上昇配列
6072,地盤ネットホールディングス,サービス業,5.0,★☆☆☆☆,0.0,0.0,2.0,0.0,6.0,0.0,0.0,-3.0,,,0.0,9.6,6.6,16.3,973,1120.0,17.0,1.8,690,伸びすぎ注意(25MA+16%)
7102,日本車輌製造,輸送用機器,5.0,★☆☆☆☆,0.0,0.0,1.0,0.0,4.0,0.0,0.0,0.0,,,0.0,-0.1,3.7,0.4,3298,3560.0,2.0,0.6,196,MA上昇配列
7456,松田産業,卸売業,5.0,★☆☆☆☆,0.0,0.0,4.3,0.0,5.7,0.0,0.0,-5.0,,,0.0,26.1,4.6,23.5,6416,7060.0,21.9,1.4,805,買い出来高優勢 / 過熱⚠25MA+24%
464A,ＱＰＳホールディングス,情報・通信業,5.0,★☆☆☆☆,0.0,0.0,0.0,0.0,5.0,0.0,0.0,0.0,,,0.0,-3.9,6.0,7.7,1567,1779.0,6.5,0.7,2728,-
2334,イオレ,サービス業,5.0,★☆☆☆☆,0.0,0.0,0.0,0.0,5.0,0.0,0.0,0.0,,,0.0,1.6,5.2,7.3,496,553.0,6.6,1.0,516,-
3915,テラスカイ,情報・通信業,5.0,★☆☆☆☆,0.0,0.0,0.0,0.0,5.0,0.0,0.0,0.0,,,0.0,-0.2,4.1,3.7,2102,2291.0,5.4,0.3,415,-
9270,バリュエンスホールディングス,卸売業,5.0,★☆☆☆☆,0.0,0.0,0.0,0.0,5.0,0.0,0.0,0.0,,,0.0,-7.1,3.9,2.3,1866,2026.0,2.8,0.5,173,-
4107,伊勢化学工業,化学,5.0,★☆☆☆☆,0.0,0.0,0.0,0.0,5.0,0.0,0.0,0.0,,,0.0,1.6,4.0,3.9,3456,3760.0,2.5,0.8,757,-
1786,オリエンタル白石,建設業,5.0,★☆☆☆☆,0.0,0.0,4.0,0.0,1.0,0.0,0.0,0.0,,,0.0,-1.0,3.2,-3.0,329,351.0,-3.0,1.5,241,-
4506,住友ファーマ,医薬品,5.0,★☆☆☆☆,0.0,0.0,0.0,0.0,5.0,0.0,0.0,0.0,,,0.0,1.1,3.7,3.7,1263,1362.5,7.0,0.6,5423,-
7868,広済堂ホールディングス,その他製品,5.0,★☆☆☆☆,0.0,0.0,0.0,0.0,5.0,0.0,0.0,0.0,,,0.0,-5.0,3.0,1.4,505,537.0,3.5,0.4,288,-
4499,Ｓｐｅｅｅ,情報・通信業,5.0,★☆☆☆☆,0.0,0.0,0.0,0.0,5.0,0.0,0.0,0.0,,,0.0,3.9,3.9,4.6,2130,2310.0,0.7,1.0,177,-
6666,リバーエレテック,電気機器,5.0,★☆☆☆☆,0.0,0.0,0.0,0.0,5.0,0.0,0.0,0.0,,,0.0,5.8,7.2,9.6,729,851.0,3.3,0.7,133,-
277A,グロービング,サービス業,5.0,★☆☆☆☆,0.0,0.0,1.0,0.0,4.0,0.0,0.0,0.0,,,0.0,-22.7,3.2,-4.8,1579,1686.0,1.2,0.4,579,-
4392,ＦＩＧ,情報・通信業,4.8,★☆☆☆☆,0.0,0.0,3.3,0.0,1.5,0.0,0.0,0.0,,,0.0,-13.2,7.8,-7.7,760,900.0,-3.5,2.3,1389,出来高増2.3倍
1946,トーエネック,建設業,4.7,★☆☆☆☆,0.0,0.0,0.0,0.0,4.7,0.0,0.0,0.0,,,0.0,1.3,3.9,1.2,1953,2119.0,-0.9,0.9,418,-
7157,ライフネット生命保険,保険業,4.7,★☆☆☆☆,0.0,0.0,4.7,0.0,0.0,0.0,0.0,0.0,,,0.0,-11.6,3.8,-8.0,1421,1539.0,-8.4,3.9,346,出来高急増3.9倍
3798,ＵＬＳグループ,情報・通信業,4.7,★☆☆☆☆,0.0,0.0,4.7,0.0,0.0,0.0,0.0,0.0,,,0.0,-9.5,3.6,-8.6,472,509.0,-8.1,5.2,120,出来高急増5.2倍
4755,楽天グループ,サービス業,4.7,★☆☆☆☆,0.0,0.0,4.7,0.0,0.0,0.0,0.0,0.0,,,0.0,-7.1,4.0,-8.8,685,745.0,-10.4,5.4,12496,出来高急増5.4倍
6651,日東工業,電気機器,4.7,★☆☆☆☆,0.0,0.0,0.0,0.0,4.7,0.0,0.0,0.0,,,0.0,-1.5,3.0,0.7,4196,4465.0,-3.4,0.5,419,-
3101,東洋紡,化学,4.7,★☆☆☆☆,0.0,0.0,0.0,0.0,4.7,0.0,0.0,0.0,,,0.0,-6.2,5.2,0.0,1469,1639.0,-3.1,0.6,1250,-
9412,スカパーＪＳＡＴ,情報・通信業,4.7,★☆☆☆☆,0.0,0.0,1.0,0.0,3.7,0.0,0.0,0.0,,,0.0,-4.7,5.2,2.7,2128,2376.0,-5.0,0.6,5946,-
3479,ＴＫＰ,不動産業,4.7,★☆☆☆☆,0.0,0.0,2.0,0.0,1.2,0.0,1.5,0.0,,,0.0,2.0,3.1,-0.2,1718,1830.0,-5.6,0.2,328,開示[自己株式の取得](7日前)
2413,エムスリー,サービス業,4.7,★☆☆☆☆,0.0,0.0,4.7,0.0,0.0,0.0,0.0,0.0,,,0.0,-13.4,6.6,-11.1,1416,1631.5,-7.8,3.2,9226,出来高急増3.2倍
6366,千代田化工建設,建設業,4.7,★☆☆☆☆,0.0,0.0,1.0,0.0,3.7,0.0,0.0,0.0,,,0.0,6.3,4.6,4.9,651,717.0,1.4,0.8,1839,-
6644,大崎電気工業,電気機器,4.7,★☆☆☆☆,0.0,0.0,0.0,0.0,4.7,0.0,0.0,0.0,,,0.0,5.1,3.7,3.8,1444,1559.0,1.9,0.9,396,-
6547,グリーンズ,サービス業,4.7,★☆☆☆☆,0.0,0.0,4.7,0.0,0.0,0.0,0.0,0.0,,,0.0,-0.1,3.4,-3.1,1943,2084.0,-5.4,9.7,129,出来高急増9.7倍
2158,ＦＲＯＮＴＥＯ,サービス業,4.7,★☆☆☆☆,0.0,0.0,0.0,0.0,4.7,0.0,0.0,0.0,,,0.0,1.6,2.9,2.6,612,650.0,0.9,0.8,106,-
3696,セレス,情報・通信業,4.7,★☆☆☆☆,0.0,0.0,4.7,0.0,0.0,0.0,0.0,0.0,,,0.0,-4.8,3.8,-2.2,1908,2065.0,0.4,4.9,355,出来高急増4.9倍
6877,ＯＢＡＲＡ　ＧＲＯＵＰ,電気機器,4.7,★☆☆☆☆,0.0,0.0,0.0,0.0,4.7,0.0,0.0,0.0,,,0.0,-3.5,4.6,0.9,5389,5930.0,-5.0,0.6,329,-
7047,ポート,サービス業,4.7,★☆☆☆☆,0.0,0.0,4.7,0.0,0.0,0.0,0.0,0.0,,,0.0,-15.9,5.8,-12.2,1946,2200.0,-16.9,11.4,347,出来高急増11.4倍
4480,メドレー,情報・通信業,4.7,★☆☆☆☆,0.0,0.0,0.0,0.0,4.7,0.0,0.0,0.0,,,0.0,2.5,3.7,3.5,1979,2136.0,2.2,1.0,328,-
6433,ヒーハイスト,機械,4.7,★☆☆☆☆,0.0,0.0,2.0,0.0,2.7,0.0,0.0,0.0,,,0.0,-4.7,7.4,-0.6,824,967.0,0.3,0.5,160,-
7990,グローブライド,その他製品,4.6,★☆☆☆☆,0.0,0.0,2.0,0.0,1.2,0.0,1.4,0.0,,,0.0,-0.0,3.3,-2.6,2271,2430.0,-10.0,1.3,250,開示[業績予想の修正](6日前)
5332,ＴＯＴＯ,ガラス・土石製品,4.6,★☆☆☆☆,4.6,0.0,0.0,0.0,0.0,0.0,0.0,0.0,,Lam Research,-0.4,-16.7,4.8,-7.4,6030,6677.0,0.5,0.6,9388,Lam Research+10.0%連動(β0.19)
6104,芝浦機械,機械,4.6,★☆☆☆☆,3.6,0.0,0.0,0.0,1.0,0.0,0.0,0.0,,ASML,-1.8,-13.5,4.6,-4.8,3846,4240.0,3.5,0.8,854,ASML+6.6%連動(β0.22)
2678,アスクル,小売業,4.5,★☆☆☆☆,0.0,0.0,2.0,0.0,2.5,0.0,0.0,0.0,,,0.0,-1.4,2.6,-0.0,1192,1257.0,0.7,0.9,561,-
4403,日油,化学,4.5,★☆☆☆☆,0.0,0.0,1.0,0.0,2.2,0.0,1.3,0.0,,,0.0,0.7,3.0,-0.4,2585,2751.0,-0.2,1.2,2026,開示[自己株式取得](8日前)
9418,Ｕ－ＮＥＸＴ　ＨＯＬＤＩＮＧＳ,情報・通信業,4.5,★☆☆☆☆,0.0,0.0,2.0,0.0,2.5,0.0,0.0,0.0,,,0.0,-0.5,2.3,-0.2,1628,1708.0,1.9,1.2,1139,-
2685,アンドエスティＨＤ,小売業,4.5,★☆☆☆☆,0.0,0.0,1.0,0.0,3.5,0.0,0.0,0.0,,,0.0,-2.6,2.2,-0.5,3291,3440.0,-0.6,1.4,689,-
9946,ミニストップ,小売業,4.5,★☆☆☆☆,0.0,0.0,1.0,0.0,3.5,0.0,0.0,0.0,,,0.0,-1.0,1.3,-0.7,1779,1825.0,-1.0,0.9,118,-
4812,電通総研,情報・通信業,4.5,★☆☆☆☆,0.0,0.0,0.0,0.0,4.5,0.0,0.0,0.0,,,0.0,-1.0,1.6,-0.1,2601,2689.0,-0.1,0.4,1530,-
1447,ＳＡＡＦホールディングス,建設業,4.5,★☆☆☆☆,0.0,0.0,0.0,0.0,2.5,0.0,2.0,0.0,,,0.0,-5.8,4.4,-1.5,337,369.0,3.9,0.2,124,開示[買収](3日前)
1930,北陸電気工事,建設業,4.5,★☆☆☆☆,0.0,0.0,2.0,0.0,2.5,0.0,0.0,0.0,,,0.0,-5.5,3.9,-2.7,1391,1508.0,-1.4,0.5,210,資金流入増
5216,倉元製作所,ガラス・土石製品,4.5,★☆☆☆☆,0.0,0.0,3.3,0.0,1.2,0.0,0.0,0.0,,,0.0,-2.3,3.4,-2.3,144,154.0,-3.1,0.1,120,買い出来高優勢
6380,オリエンタルチエン工業,機械,4.5,★☆☆☆☆,0.0,0.0,3.0,0.0,1.5,0.0,0.0,0.0,,,0.0,-9.1,6.3,-6.5,3198,3660.0,-2.1,0.8,104,資金流入増
5214,日本電気硝子,ガラス・土石製品,4.5,★☆☆☆☆,3.0,0.0,0.0,0.0,1.5,0.0,0.0,0.0,,SK hynix,-2.4,-13.1,5.3,-5.8,4542,5075.0,2.9,0.8,4106,SK hynix+5.8%連動(β0.21)
5020,ＥＮＥＯＳホールディングス,石油・石炭製品,4.4,★☆☆☆☆,0.0,0.0,2.0,0.0,1.0,0.0,1.4,0.0,,,0.0,1.0,2.9,-0.6,1208,1282.5,-0.0,0.8,10156,開示[買収](6日前)
4751,サイバーエージェント,サービス業,4.3,★☆☆☆☆,0.0,0.0,4.3,0.0,0.0,0.0,0.0,0.0,,,0.0,-17.4,5.1,-13.6,1126,1255.0,-14.1,2.5,8264,出来高増2.5倍
2871,ニチレイ,食料品,4.2,★☆☆☆☆,0.0,0.0,1.0,0.0,3.2,0.0,0.0,0.0,,,0.0,1.8,3.9,-0.2,1992,2159.5,1.5,0.9,5069,-
9735,セコム,サービス業,4.2,★☆☆☆☆,0.0,0.0,1.0,0.0,3.2,0.0,0.0,0.0,,,0.0,-1.5,3.2,-2.8,6131,6549.0,-1.9,1.2,9342,-
9682,ＤＴＳ,情報・通信業,4.2,★☆☆☆☆,0.0,0.0,2.0,0.0,2.2,0.0,0.0,0.0,,,0.0,-0.1,3.4,-0.9,1000,1073.0,2.8,0.9,720,-
6135,牧野フライス製作所,機械,4.2,★☆☆☆☆,0.0,0.0,1.0,0.0,3.2,0.0,0.0,0.0,,,0.0,-2.4,4.0,-0.7,13366,14520.0,-2.4,0.4,3840,-
2674,ハードオフコーポレーション,小売業,4.2,★☆☆☆☆,0.0,0.0,2.0,0.0,2.2,0.0,0.0,0.0,,,0.0,2.9,4.3,-1.5,2548,2785.0,-2.6,1.2,254,-
3387,クリエイト・レストランツ・ホールディングス,小売業,4.2,★☆☆☆☆,0.0,0.0,1.0,0.0,3.2,0.0,0.0,0.0,,,0.0,-2.2,2.5,-0.6,728,766.0,3.2,1.0,1375,-
3371,ソフトクリエイトホールディングス,情報・通信業,4.2,★☆☆☆☆,0.0,0.0,2.0,0.0,2.2,0.0,0.0,0.0,,,0.0,1.9,3.3,-0.3,1838,1968.0,7.7,0.9,138,資金流入増
6369,トーヨーカネツ,機械,4.2,★☆☆☆☆,0.0,0.0,0.0,0.0,4.2,0.0,0.0,0.0,,,0.0,1.0,2.5,1.1,2346,2469.0,-1.0,1.0,254,MA上昇配列
4088,エア・ウォーター,化学,4.2,★☆☆☆☆,0.0,0.0,2.0,0.0,2.2,0.0,0.0,0.0,,,0.0,0.7,3.3,-1.0,2382,2550.0,0.3,0.7,2590,-
3302,帝国繊維,繊維製品,4.2,★☆☆☆☆,0.0,0.0,2.0,0.0,2.2,0.0,0.0,0.0,,,0.0,-2.5,3.1,-0.7,3123,3330.0,-0.6,1.3,226,-
6209,リケンＮＰＲ,機械,4.2,★☆☆☆☆,0.0,0.0,2.0,0.0,2.2,0.0,0.0,0.0,,,0.0,1.0,2.9,-1.1,3699,3925.0,-3.3,1.0,496,-
1723,日本電技,建設業,4.2,★☆☆☆☆,0.0,0.0,3.0,0.0,1.2,0.0,0.0,0.0,,,0.0,2.3,7.5,-1.2,1856,2186.0,-6.4,1.0,604,-
9715,トランス・コスモス,サービス業,4.2,★☆☆☆☆,0.0,0.0,1.0,0.0,3.2,0.0,0.0,0.0,,,0.0,-1.0,2.5,-0.8,3473,3655.0,3.1,0.8,366,-
9044,ＮＡＮＫＡＩ,陸運業,4.2,★☆☆☆☆,0.0,0.0,2.0,0.0,2.2,0.0,0.0,0.0,,,0.0,-0.0,3.1,-0.5,2756,2941.5,3.6,0.9,810,-
9003,相鉄ホールディングス,陸運業,4.2,★☆☆☆☆,0.0,0.0,2.0,0.0,2.2,0.0,0.0,0.0,,,0.0,-1.1,3.2,-0.8,2378,2541.5,4.6,0.9,860,-
8877,エスリード,不動産業,4.2,★☆☆☆☆,0.0,0.0,0.0,0.0,4.2,0.0,0.0,0.0,,,0.0,1.3,2.0,1.4,5007,5220.0,3.0,1.0,142,MA上昇配列
2002,日清製粉グループ本社,食料品,4.2,★☆☆☆☆,0.0,0.0,1.0,0.0,3.2,0.0,0.0,0.0,,,0.0,-1.5,2.6,-0.6,1911,2017.0,5.1,1.3,1759,-
1929,日特建設,建設業,4.2,★☆☆☆☆,0.0,0.0,0.0,0.0,4.2,0.0,0.0,0.0,,,0.0,2.3,1.8,1.0,1106,1146.0,1.5,0.7,114,MA上昇配列
8157,都築電気,情報・通信業,4.2,★☆☆☆☆,0.0,0.0,1.0,0.0,3.2,0.0,0.0,0.0,,,0.0,-1.5,3.6,-0.6,3696,3985.0,2.4,0.9,212,-
6345,アイチ　コーポレーション,機械,4.2,★☆☆☆☆,0.0,0.0,1.0,0.0,3.2,0.0,0.0,0.0,,,0.0,0.1,1.8,-0.7,1349,1401.0,0.2,1.0,167,-
4617,中国塗料,化学,4.2,★☆☆☆☆,0.0,0.0,0.0,0.0,4.2,0.0,0.0,0.0,,,0.0,1.4,3.8,1.1,3394,3675.0,-0.4,0.6,996,MA上昇配列
7981,タカラスタンダード,その他製品,4.2,★☆☆☆☆,0.0,0.0,1.0,0.0,3.2,0.0,0.0,0.0,,,0.0,-1.9,2.6,-1.3,2884,3045.0,1.3,0.4,484,-
7936,アシックス,その他製品,4.2,★☆☆☆☆,0.0,0.0,1.0,0.0,3.2,0.0,0.0,0.0,,,0.0,-3.6,3.3,-1.3,4449,4766.0,-3.1,1.3,16510,-
9605,東映,情報・通信業,4.2,★☆☆☆☆,0.0,0.0,1.0,0.0,3.2,0.0,0.0,0.0,,,0.0,4.0,3.6,-0.0,5461,5890.0,-0.2,1.5,602,-
2270,雪印メグミルク,食料品,4.1,★☆☆☆☆,0.0,0.0,2.0,0.0,1.0,0.0,1.1,0.0,,,0.0,-2.5,3.5,-3.0,3356,3605.0,0.6,1.6,758,開示[自己株式の取得](9日前)
9090,ＡＺ－ＣＯＭ丸和ホールディングス,陸運業,4.0,★☆☆☆☆,0.0,0.0,4.0,0.0,0.0,0.0,0.0,0.0,,,0.0,1.5,3.2,-0.6,815,871.0,-1.5,0.8,577,資金流入増
7713,シグマ光機,精密機器,4.0,★☆☆☆☆,0.0,0.0,0.0,0.0,7.0,0.0,0.0,-3.0,,,0.0,15.9,4.6,15.5,2117,2333.0,3.9,0.7,108,伸びすぎ注意(25MA+16%)
8766,東京海上ホールディングス,保険業,4.0,★☆☆☆☆,0.0,0.0,2.0,0.0,2.0,0.0,0.0,0.0,,,0.0,-1.7,2.8,-3.1,7202,7622.0,-1.5,1.5,36657,-
7181,かんぽ生命保険,保険業,4.0,★☆☆☆☆,0.0,0.0,2.0,0.0,2.0,0.0,0.0,0.0,,,0.0,0.6,3.4,-1.5,1562,1676.5,-2.6,1.1,4532,-
9031,西日本鉄道,陸運業,4.0,★☆☆☆☆,0.0,0.0,2.0,0.0,2.0,0.0,0.0,0.0,,,0.0,-1.5,2.6,-1.5,2864,3023.0,3.7,0.9,621,-
2432,ディー・エヌ・エー,情報・通信業,4.0,★☆☆☆☆,0.0,0.0,0.0,0.0,4.0,0.0,0.0,0.0,,,0.0,-1.2,2.6,-0.1,2341,2467.0,0.2,1.2,2536,-
3099,三越伊勢丹ホールディングス,小売業,4.0,★☆☆☆☆,0.0,0.0,0.0,0.0,1.0,0.0,3.0,0.0,,,0.0,-8.1,2.9,-1.7,3461,3677.0,3.8,0.9,8118,開示[自己株式取得](0日前)
280A,ＴＭＨ,卸売業,4.0,★☆☆☆☆,0.0,0.0,0.0,0.0,4.0,0.0,0.0,0.0,,,0.0,-34.9,7.1,-5.3,986,1149.0,3.0,1.2,111,-
9831,ヤマダホールディングス,小売業,4.0,★☆☆☆☆,0.0,0.0,2.0,0.0,2.0,0.0,0.0,0.0,,,0.0,1.4,3.1,-0.7,648,691.2000122070312,1.0,0.6,3871,-
7915,ＮＩＳＳＨＡ,その他製品,3.8,★☆☆☆☆,2.8,0.0,1.0,0.0,0.0,0.0,0.0,0.0,,Emerson,-1.5,-2.3,3.4,-1.4,1214,1302.0,2.0,1.2,345,Emerson+3.5%連動(β0.32)
4536,参天製薬,医薬品,3.7,★☆☆☆☆,0.0,0.0,0.0,0.0,3.7,0.0,0.0,0.0,,,0.0,-8.1,3.0,-1.8,1848,1964.0,5.8,0.7,2216,-
3853,アステリア,情報・通信業,3.7,★☆☆☆☆,0.0,0.0,0.0,0.0,3.7,0.0,0.0,0.0,,,0.0,1.1,3.7,4.0,1048,1132.0,4.5,1.0,247,-
350A,デジタルグリッド,電気・ガス業,3.7,★☆☆☆☆,0.0,0.0,0.0,0.0,3.7,0.0,0.0,0.0,,,0.0,0.2,3.7,0.7,709,765.0,-3.0,0.4,211,-
7777,スリー・ディー・マトリックス,精密機器,3.7,★☆☆☆☆,0.0,0.0,0.0,0.0,3.7,0.0,0.0,0.0,,,0.0,3.0,3.8,5.5,336,364.0,5.2,1.0,516,-
6356,日本ギア工業,機械,3.7,★☆☆☆☆,0.0,0.0,0.0,0.0,3.7,0.0,0.0,0.0,,,0.0,-10.4,4.8,1.3,1279,1414.0,1.8,0.7,216,-
7719,東京衡機,精密機器,3.7,★☆☆☆☆,0.0,0.0,0.0,0.0,3.7,0.0,0.0,0.0,,,0.0,-6.2,4.2,0.4,407,444.0,-0.9,0.3,143,-
6217,津田駒工業,機械,3.7,★☆☆☆☆,0.0,0.0,0.0,0.0,3.7,0.0,0.0,0.0,,,0.0,13.1,6.2,6.3,698,796.0,3.5,0.3,116,-
3444,菊池製作所,金属製品,3.7,★☆☆☆☆,0.0,0.0,0.0,0.0,3.7,0.0,0.0,0.0,,,0.0,0.7,4.4,3.5,918,1006.0,1.6,0.8,114,-
1885,東亜建設工業,建設業,3.7,★☆☆☆☆,0.0,0.0,0.0,0.0,3.7,0.0,0.0,0.0,,,0.0,0.5,3.4,0.7,1914,2056.0,-3.5,0.7,842,-
5563,新日本電工,鉄鋼,3.7,★☆☆☆☆,0.0,0.0,0.0,0.0,3.7,0.0,0.0,0.0,,,0.0,-1.1,4.8,0.3,383,424.0,2.9,0.6,416,-
6613,ＱＤレーザ,電気機器,3.7,★☆☆☆☆,0.0,0.0,1.0,0.0,2.7,0.0,0.0,0.0,,,0.0,-28.4,10.3,-5.8,1388,1746.0,-2.2,1.2,5462,-
325A,ＴＥＮＴＩＡＬ,繊維製品,3.7,★☆☆☆☆,0.0,0.0,2.0,0.0,0.0,0.0,1.7,0.0,,,0.0,9.0,4.4,-0.3,1411,1548.0,3.1,0.2,721,資金流入増 / 開示[自己株式の取得](6日前)
2752,フジオフードグループ本社,小売業,3.7,★☆☆☆☆,0.0,0.0,0.0,0.0,3.7,0.0,0.0,0.0,,,0.0,1.6,2.4,1.1,1062,1115.0,3.0,1.0,162,-
6629,テクノホライゾン,電気機器,3.7,★☆☆☆☆,0.0,0.0,0.0,0.0,3.7,0.0,0.0,0.0,,,0.0,-0.9,4.8,1.0,897,992.0,-2.5,0.4,274,-
4694,ビー・エム・エル,サービス業,3.7,★☆☆☆☆,0.0,0.0,0.0,0.0,3.7,0.0,0.0,0.0,,,0.0,-1.9,2.2,-0.6,3416,3575.0,2.6,0.5,286,-
6619,ダブル・スコープ,電気機器,3.7,★☆☆☆☆,0.0,0.0,0.0,0.0,3.7,0.0,0.0,0.0,,,0.0,-6.8,4.7,1.3,146,161.0,2.5,0.9,365,-
9551,メタウォーター,電気・ガス業,3.7,★☆☆☆☆,0.0,0.0,0.0,0.0,3.7,0.0,0.0,0.0,,,0.0,0.4,3.7,0.4,2961,3200.0,-4.0,0.7,507,-
5074,テスホールディングス,建設業,3.7,★☆☆☆☆,0.0,0.0,0.0,0.0,3.7,0.0,0.0,0.0,,,0.0,3.1,6.1,6.4,702,799.0,2.3,0.5,1859,-
1963,日揮ホールディングス,建設業,3.7,★☆☆☆☆,0.0,0.0,0.0,0.0,3.7,0.0,0.0,0.0,,,0.0,0.0,3.5,0.0,2132,2291.0,-1.5,0.7,3574,-
1951,エクシオグループ,建設業,3.7,★☆☆☆☆,0.0,0.0,0.0,0.0,3.7,0.0,0.0,0.0,,,0.0,-1.3,2.8,-0.3,2474,2621.5,1.0,0.9,1844,-
9005,東急,陸運業,3.7,★☆☆☆☆,0.0,0.0,1.0,0.0,1.0,0.0,1.7,0.0,,,0.0,-6.0,2.4,-5.2,1559,1637.5,-1.8,1.4,4483,開示[自己株式の取得](6日前)
3776,ブロードバンドタワー,情報・通信業,3.7,★☆☆☆☆,0.0,0.0,0.0,0.0,3.7,0.0,0.0,0.0,,,0.0,-14.5,5.7,-2.6,222,250.0,0.8,0.4,185,-
1434,ＪＥＳＣＯホールディングス,建設業,3.7,★☆☆☆☆,0.0,0.0,1.0,0.0,2.7,0.0,0.0,0.0,,,0.0,-12.0,3.3,-1.5,1606,1718.0,-0.5,0.3,145,-
4592,サンバイオ,医薬品,3.7,★☆☆☆☆,0.0,0.0,0.0,0.0,3.7,0.0,0.0,0.0,,,0.0,0.2,4.1,3.2,931,1014.0,4.4,0.8,728,-
7238,曙ブレーキ工業,輸送用機器,3.7,★☆☆☆☆,0.0,0.0,0.0,0.0,3.7,0.0,0.0,0.0,,,0.0,-0.4,3.5,0.7,102,110.0,-3.5,1.0,231,-
7412,アトム,小売業,3.7,★☆☆☆☆,0.0,0.0,1.0,0.0,2.7,0.0,0.0,0.0,,,0.0,-3.1,2.7,-2.7,347,367.0,-1.3,1.5,215,-
3922,ＰＲ　ＴＩＭＥＳ,情報・通信業,3.7,★☆☆☆☆,0.0,0.0,1.0,0.0,2.7,0.0,0.0,0.0,,,0.0,-15.6,2.0,-4.1,1992,2076.0,1.5,0.5,161,-
3288,オープンハウスグループ,不動産業,3.6,★☆☆☆☆,0.0,0.0,1.0,0.0,1.2,0.0,1.4,0.0,,,0.0,-5.0,2.6,-3.2,7798,8228.0,-1.3,1.3,2469,開示[業績予想の修正](6日前)
4005,住友化学,化学,3.5,★☆☆☆☆,0.0,0.0,0.0,0.0,3.5,0.0,0.0,0.0,,,0.0,-1.7,3.2,0.5,495,529.0,8.1,0.7,7791,-
7599,ＩＤＯＭ,卸売業,3.5,★☆☆☆☆,0.0,0.0,1.0,0.0,2.5,0.0,0.0,0.0,,,0.0,-6.0,1.8,-1.7,1244,1290.0,0.5,0.7,1370,-
5659,日本精線,鉄鋼,3.5,★☆☆☆☆,0.0,0.0,1.0,0.0,2.5,0.0,0.0,0.0,,,0.0,-6.2,3.7,-0.8,1293,1396.0,1.5,0.4,149,-
8081,カナデン,卸売業,3.5,★☆☆☆☆,0.0,0.0,1.0,0.0,2.5,0.0,0.0,0.0,,,0.0,-6.3,3.0,-0.4,2327,2474.0,3.0,0.7,158,-
4516,日本新薬,医薬品,3.5,★☆☆☆☆,0.0,0.0,2.0,0.0,1.5,0.0,0.0,0.0,,,0.0,-11.3,3.6,-4.8,3352,3613.0,4.0,0.4,2153,資金流入増
4972,綜研化学,化学,3.5,★☆☆☆☆,0.0,0.0,1.0,0.0,2.5,0.0,0.0,0.0,,,0.0,-5.4,5.9,-1.7,2924,3315.0,-0.3,0.4,427,-
8595,ジャフコ　グループ,証券、商品先物取引業,3.5,★☆☆☆☆,0.0,0.0,0.0,0.0,3.5,0.0,0.0,0.0,,,0.0,-2.4,1.9,-0.0,2203,2289.5,2.5,0.6,852,-
4973,日本高純度化学,化学,3.5,★☆☆☆☆,0.0,0.0,1.0,0.0,2.5,0.0,0.0,0.0,,,0.0,-2.5,4.8,1.8,4344,4810.0,2.8,0.4,721,-
9023,東京地下鉄,陸運業,3.5,★☆☆☆☆,0.0,0.0,1.0,0.0,2.5,0.0,0.0,0.0,,,0.0,-0.3,2.1,-0.3,1394,1456.0,1.4,0.6,3215,-
3791,ＩＧポート,情報・通信業,3.5,★☆☆☆☆,0.0,0.0,2.0,0.0,1.5,0.0,0.0,0.0,,,0.0,-18.3,3.0,-0.3,1054,1122.0,1.7,0.2,254,資金流入増 / RSI過熱(90)⚠
8233,高島屋,小売業,3.5,★☆☆☆☆,0.0,0.0,0.0,0.0,3.5,0.0,0.0,0.0,,,0.0,-2.0,2.9,-0.0,2193,2326.0,3.6,1.0,4090,-
5461,中部鋼鈑,鉄鋼,3.5,★☆☆☆☆,0.0,0.0,2.0,0.0,0.0,0.0,1.5,0.0,,,0.0,-0.1,2.0,-0.8,1979,2062.0,-0.8,0.8,207,開示[自己株式の取得](7日前)
4293,セプテーニ・ホールディングス,サービス業,3.4000000000000004,★☆☆☆☆,0.0,0.0,0.0,0.0,2.2,0.0,1.2,0.0,,,0.0,-2.9,3.2,-0.2,473,506.0,0.0,0.4,252,開示[業績予想の修正](7日前)
6703,沖電気工業,電気機器,3.4,★☆☆☆☆,3.4,0.0,0.0,0.0,0.0,0.0,0.0,0.0,,SK hynix,-1.7,-10.0,6.1,-4.9,2602,2960.0,-0.0,1.0,2757,SK hynix+5.8%連動(β0.24)
7476,アズワン,卸売業,3.4,★☆☆☆☆,0.0,0.0,0.0,0.0,0.0,0.0,3.4,0.0,,,0.0,-2.2,3.2,-1.7,2242,2394.5,1.4,1.0,450,開示[自己株式の取得](6日前) / 開示[自己株式の取得](6日前)
2264,森永乳業,食料品,3.4,★☆☆☆☆,0.0,0.0,1.0,0.0,1.0,0.0,1.4,0.0,,,0.0,-3.4,4.2,-2.9,1093,1192.5,2.3,1.2,2390,開示[業績予想の修正](6日前)
1926,ライト工業,建設業,3.4,★☆☆☆☆,0.0,0.0,0.0,0.0,2.5,0.0,0.9,0.0,,,0.0,-3.3,2.8,-2.7,3537,3745.0,0.8,0.8,714,開示[株式分割](8日前)
1861,熊谷組,建設業,3.3,★☆☆☆☆,0.0,0.0,3.3,0.0,0.0,0.0,0.0,0.0,,,0.0,-12.6,3.0,-9.8,1212,1291.0,-8.6,2.0,1231,出来高増2.0倍
9533,東邦瓦斯,電気・ガス業,3.3,★☆☆☆☆,0.0,0.0,1.0,0.0,1.0,0.0,1.3,0.0,,,0.0,-3.0,2.7,-2.6,1092,1155.0,3.3,1.0,1131,開示[自己株式の取得](8日前)
3837,アドソル日進,情報・通信業,3.3,★☆☆☆☆,0.0,0.0,3.3,0.0,0.0,0.0,0.0,0.0,,,0.0,-4.9,3.2,-3.8,1332,1422.0,-4.2,2.1,153,出来高増2.1倍
3591,ワコールホールディングス,繊維製品,3.3,★☆☆☆☆,0.0,0.0,3.3,0.0,0.0,0.0,0.0,0.0,,,0.0,-4.9,2.7,-4.4,4012,4238.0,-1.9,2.1,467,出来高増2.1倍
8715,アニコム　ホールディングス,保険業,3.3,★☆☆☆☆,0.0,0.0,3.3,0.0,0.0,0.0,0.0,0.0,,,0.0,-10.5,4.0,-7.1,1030,1120.0,-8.6,2.4,461,出来高増2.4倍
9987,スズケン,卸売業,3.2,★☆☆☆☆,0.0,0.0,2.0,0.0,1.2,0.0,0.0,0.0,,,0.0,0.2,2.7,-0.8,4750,5026.0,4.6,1.3,933,-
9956,バローホールディングス,小売業,3.2,★☆☆☆☆,0.0,0.0,2.0,0.0,1.2,0.0,0.0,0.0,,,0.0,-3.9,3.2,-2.9,2968,3170.0,0.6,0.4,1846,-
9828,Ｇｅｎｋｉ　Ｇｌｏｂａｌ　Ｄｉｎｉｎｇ　Ｃｏｎｃｅｐｔｓ,小売業,3.2,★☆☆☆☆,0.0,0.0,2.0,0.0,1.2,0.0,0.0,0.0,,,0.0,-1.6,3.7,-1.9,3046,3290.0,0.8,0.5,280,-
7261,マツダ,輸送用機器,3.2,★☆☆☆☆,0.0,0.0,2.0,0.0,1.2,0.0,0.0,0.0,,,0.0,4.6,3.7,-0.1,1061,1147.0,0.0,0.6,9549,-
1332,ニッスイ,水産・農林業,3.2,★☆☆☆☆,0.0,0.0,1.0,0.0,2.2,0.0,0.0,0.0,,,0.0,0.2,2.7,-0.8,1190,1258.0,2.8,0.7,2164,-
5957,日東精工,金属製品,3.2,★☆☆☆☆,0.0,0.0,0.0,0.0,3.2,0.0,0.0,0.0,,,0.0,-0.4,2.3,-0.7,738,774.0,-2.5,0.8,103,-
2282,日本ハム,食料品,3.2,★☆☆☆☆,0.0,0.0,1.0,0.0,2.2,0.0,0.0,0.0,,,0.0,0.0,3.1,-0.6,5799,6186.0,6.7,0.8,4040,-
3148,クリエイトＳＤホールディングス,小売業,3.2,★☆☆☆☆,0.0,0.0,0.0,0.0,3.2,0.0,0.0,0.0,,,0.0,-2.6,2.2,-0.7,3167,3315.0,2.5,0.6,393,-
3222,ユナイテッド・スーパーマーケット・ホールディングス,小売業,3.2,★☆☆☆☆,0.0,0.0,2.0,0.0,1.2,0.0,0.0,0.0,,,0.0,-2.3,2.1,-0.6,778,813.0,2.9,1.4,400,-
2587,サントリービバレッジ＆フード,食料品,3.2,★☆☆☆☆,0.0,0.0,1.0,0.0,2.2,0.0,0.0,0.0,,,0.0,-1.8,2.8,-1.3,4329,4586.0,2.9,0.7,5840,-
9501,東京電力ホールディングス,電気・ガス業,3.2,★☆☆☆☆,0.0,0.0,1.0,0.0,2.2,0.0,0.0,0.0,,,0.0,3.1,4.1,1.6,478,520.9000244140625,-1.0,0.9,18579,-
2810,ハウス食品グループ本社,食料品,3.2,★☆☆☆☆,0.0,0.0,0.0,0.0,3.2,0.0,0.0,0.0,,,0.0,-3.2,2.7,-2.1,3573,3777.0,2.6,0.6,1070,-
2127,日本Ｍ＆Ａセンターホールディングス,サービス業,3.2,★☆☆☆☆,0.0,0.0,2.0,0.0,1.2,0.0,0.0,0.0,,,0.0,-3.0,2.9,-0.5,624,662.0,4.2,0.9,1528,-
7269,スズキ,輸送用機器,3.2,★☆☆☆☆,0.0,0.0,1.0,0.0,2.2,0.0,0.0,0.0,,,0.0,-1.2,4.2,-1.3,1834,2000.5,3.9,0.7,16523,-
8934,サンフロンティア不動産,不動産業,3.2,★☆☆☆☆,0.0,0.0,1.0,0.0,2.2,0.0,0.0,0.0,,,0.0,-0.7,2.2,-0.4,2381,2491.0,2.3,0.8,293,-
5947,リンナイ,金属製品,3.2,★☆☆☆☆,0.0,0.0,1.0,0.0,2.2,0.0,0.0,0.0,,,0.0,-0.8,2.3,-0.1,3434,3602.0,2.9,1.0,1434,-
2292,Ｓ　Ｆｏｏｄｓ,食料品,3.2,★☆☆☆☆,0.0,0.0,1.0,0.0,2.2,0.0,0.0,0.0,,,0.0,-2.7,1.9,-0.8,2627,2730.0,3.0,1.2,555,-
4424,Ａｍａｚｉａ,情報・通信業,3.2,★☆☆☆☆,0.0,0.0,2.0,0.0,1.2,0.0,0.0,0.0,,,0.0,-10.1,14.6,-5.1,238,336.0,-11.8,0.1,434,-
8255,アクシアル　リテイリング,小売業,3.2,★☆☆☆☆,0.0,0.0,0.0,0.0,3.2,0.0,0.0,0.0,,,0.0,1.0,3.0,-0.6,1127,1200.0,1.7,1.2,278,-
9782,ディーエムエス,サービス業,3.2,★☆☆☆☆,0.0,0.0,1.0,0.0,2.2,0.0,0.0,0.0,,,0.0,-0.4,1.9,-0.0,3319,3450.0,2.1,0.6,107,-
8593,三菱ＨＣキャピタル,その他金融業,3.2,★☆☆☆☆,0.0,0.0,0.0,0.0,3.2,0.0,0.0,0.0,,,0.0,1.0,2.5,-0.5,1348,1418.5,0.1,0.7,6891,-
9022,東海旅客鉄道,陸運業,3.2,★☆☆☆☆,0.0,0.0,2.0,0.0,1.2,0.0,0.0,0.0,,,0.0,2.9,3.1,-0.3,3592,3833.0,0.1,0.7,11856,-
5929,三和ホールディングス,金属製品,3.2,★☆☆☆☆,0.0,0.0,2.0,0.0,1.2,0.0,0.0,0.0,,,0.0,0.2,3.4,-1.1,3431,3683.0,5.3,0.9,2490,-
5423,東京製鐵,鉄鋼,3.2,★☆☆☆☆,0.0,0.0,1.0,0.0,2.2,0.0,0.0,0.0,,,0.0,-2.1,2.5,-0.3,1648,1734.0,0.6,0.4,751,-
4307,野村総合研究所,情報・通信業,3.2,★☆☆☆☆,0.0,0.0,2.0,0.0,1.2,0.0,0.0,0.0,,,0.0,-2.1,4.8,-0.4,4503,4977.0,8.9,0.7,16414,-
5644,メタルアート,鉄鋼,3.2,★☆☆☆☆,0.0,0.0,0.0,0.0,2.0,0.0,1.2,0.0,,,0.0,-8.4,2.7,-5.3,6716,7100.0,-0.8,0.2,202,開示[業績予想の修正](7日前)
6238,フリュー,機械,3.2,★☆☆☆☆,0.0,0.0,1.0,0.0,2.2,0.0,0.0,0.0,,,0.0,-3.6,2.7,-2.5,1277,1349.0,-1.2,1.2,135,-
6269,三井海洋開発,機械,3.2,★☆☆☆☆,0.0,0.0,1.0,0.0,2.2,0.0,0.0,0.0,,,0.0,3.2,4.6,1.5,9269,10215.0,-0.1,0.9,6133,-
9065,山九,陸運業,3.1,★☆☆☆☆,0.0,0.0,1.0,0.0,1.0,0.0,1.1,0.0,,,0.0,-2.4,2.6,-4.9,8043,8485.0,-3.5,0.9,2261,開示[自己株式の取得](9日前)
5930,文化シヤッター,金属製品,3.0,★☆☆☆☆,0.0,0.0,3.0,0.0,0.0,0.0,0.0,0.0,,,0.0,-4.7,2.6,-3.4,1741,1835.0,2.6,1.3,248,-
8923,トーセイ,不動産業,3.0,★☆☆☆☆,0.0,0.0,1.0,0.0,2.0,0.0,0.0,0.0,,,0.0,0.7,2.6,-1.4,1663,1753.0,1.0,0.5,473,-
5992,中央発條,金属製品,3.0,★☆☆☆☆,0.0,0.0,2.0,0.0,1.0,0.0,0.0,0.0,,,0.0,0.9,3.2,-0.3,3471,3705.0,-1.5,0.4,263,資金流入増
5981,東京製綱,金属製品,3.0,★☆☆☆☆,0.0,0.0,2.0,0.0,1.0,0.0,0.0,0.0,,,0.0,-4.3,4.0,-3.6,1755,1907.0,-10.3,1.6,185,-
186A,アストロスケールホールディングス,サービス業,3.0,★☆☆☆☆,0.0,0.0,3.0,0.0,5.0,0.0,0.0,-5.0,,,0.0,17.8,5.9,20.4,1143,1296.0,14.2,1.3,4741,過熱⚠25MA+20%
4320,ＣＥホールディングス,情報・通信業,3.0,★☆☆☆☆,0.0,0.0,2.0,0.0,1.0,0.0,0.0,0.0,,,0.0,-8.2,2.3,-4.0,1574,1649.0,-4.2,0.9,202,資金流入増
9064,ヤマトホールディングス,陸運業,3.0,★☆☆☆☆,0.0,0.0,3.0,0.0,0.0,0.0,0.0,0.0,,,0.0,-0.4,3.3,-3.0,1808,1937.0,1.1,0.7,2983,-
7226,極東開発工業,輸送用機器,3.0,★☆☆☆☆,0.0,0.0,0.0,0.0,3.0,0.0,0.0,0.0,,,0.0,1.0,1.9,0.4,2238,2328.0,2.4,1.1,480,MA上昇配列
6178,日本郵政,サービス業,3.0,★☆☆☆☆,0.0,0.0,1.0,0.0,2.0,0.0,0.0,0.0,,,0.0,0.7,2.6,-0.6,2256,2379.0,0.9,0.7,12874,-
9142,九州旅客鉄道,陸運業,3.0,★☆☆☆☆,0.0,0.0,2.0,0.0,1.0,0.0,0.0,0.0,,,0.0,-3.1,2.5,-3.0,3310,3481.0,1.9,0.7,2810,-
1419,タマホーム,建設業,2.8,★☆☆☆☆,0.0,0.0,0.0,0.0,1.2,0.0,1.6,0.0,,,0.0,-6.3,1.8,-1.8,2825,2933.0,0.5,0.5,407,開示[受注](3日前)
1803,清水建設,建設業,2.7,★☆☆☆☆,0.0,0.0,0.0,0.0,2.7,0.0,0.0,0.0,,,0.0,-1.3,4.3,-0.5,2213,2423.5,2.3,0.7,9424,-
4691,ワシントンホテル,サービス業,2.7,★☆☆☆☆,0.0,0.0,0.0,0.0,2.7,0.0,0.0,0.0,,,0.0,-6.5,4.5,-2.4,2044,2249.0,-2.8,0.4,112,-
218A,Ｌｉｂｅｒａｗａｒｅ,精密機器,2.7,★☆☆☆☆,0.0,0.0,0.0,0.0,2.7,0.0,0.0,0.0,,,0.0,-11.7,4.3,-1.8,973,1065.0,0.9,0.2,250,-
3168,ＭＥＲＦ,卸売業,2.7,★☆☆☆☆,0.0,0.0,1.0,0.0,4.7,0.0,0.0,-3.0,,,0.0,13.8,4.4,15.9,1397,1532.0,9.8,0.8,141,伸びすぎ注意(25MA+16%)
3046,ジンズホールディングス,小売業,2.7,★☆☆☆☆,0.0,0.0,0.0,0.0,2.7,0.0,0.0,0.0,,,0.0,4.5,4.3,-3.2,5984,6550.0,-2.1,0.7,2719,-
6492,岡野バルブ製造,機械,2.7,★☆☆☆☆,0.0,0.0,0.0,0.0,2.7,0.0,0.0,0.0,,,0.0,-12.5,7.3,-2.8,12440,14570.0,5.9,0.4,470,-
9708,帝国ホテル,サービス業,2.7,★☆☆☆☆,0.0,0.0,0.0,0.0,2.7,0.0,0.0,0.0,,,0.0,-2.0,1.6,-0.2,959,992.0,1.3,0.3,156,-
1979,大氣社,建設業,2.7,★☆☆☆☆,0.0,0.0,0.0,0.0,1.0,0.0,1.7,0.0,,,0.0,-12.0,4.1,-7.7,3728,4065.0,-6.9,0.9,1390,開示[自己株式の取得](6日前)
4554,富士製薬工業,医薬品,2.7,★☆☆☆☆,0.0,0.0,0.0,0.0,2.7,0.0,0.0,0.0,,,0.0,-5.3,2.8,-1.6,1741,1845.0,1.4,0.8,212,-
7649,スギホールディングス,小売業,2.7,★☆☆☆☆,0.0,0.0,0.0,0.0,2.7,0.0,0.0,0.0,,,0.0,-5.3,2.8,-2.7,2664,2825.0,3.8,0.8,2758,-
9068,丸全昭和運輸,陸運業,2.6,★☆☆☆☆,0.0,0.0,1.0,0.0,0.0,0.0,1.6,0.0,,,0.0,-5.0,2.7,-4.5,6854,7250.0,-4.0,1.3,242,開示[株式分割](3日前)
1911,住友林業,建設業,2.5999999999999996,★☆☆☆☆,0.0,0.0,0.0,0.0,1.2,0.0,1.4,0.0,,,0.0,-0.9,2.7,-0.6,1264,1337.0,1.2,1.0,5185,開示[業績予想の修正](6日前)
6088,シグマクシス・ホールディングス,サービス業,2.5,★☆☆☆☆,0.0,0.0,0.0,0.0,1.2,0.0,1.3,0.0,,,0.0,-7.4,4.2,-4.5,498,543.0,6.5,0.8,327,開示[自己株式の取得](8日前)
7794,イーディーピー,その他製品,2.5,★☆☆☆☆,0.0,0.0,1.0,0.0,1.5,0.0,0.0,0.0,,,0.0,-10.9,4.8,-1.9,830,917.0,2.2,1.2,323,-
9543,静岡ガス,電気・ガス業,2.5,★☆☆☆☆,0.0,0.0,0.0,0.0,1.2,0.0,1.3,0.0,,,0.0,0.3,2.0,-0.2,1197,1247.0,1.3,0.9,233,開示[増配](8日前)
1938,日本リーテック,建設業,2.5,★☆☆☆☆,0.0,0.0,1.0,0.0,1.5,0.0,0.0,0.0,,,0.0,-6.3,3.3,-3.9,2244,2402.0,-1.4,0.6,281,-
7259,アイシン,輸送用機器,2.5,★☆☆☆☆,0.0,0.0,1.0,0.0,0.0,0.0,1.5,0.0,,,0.0,-1.6,3.6,-2.4,2073,2234.0,1.5,0.9,5568,開示[自己株式の取得](7日前)
3905,データセクション,情報・通信業,2.5,★☆☆☆☆,0.0,0.0,1.0,0.0,1.5,0.0,0.0,0.0,,,0.0,-35.0,10.8,-21.7,1458,1859.0,-13.7,1.4,5301,-
8153,モスフードサービス,卸売業,2.2,★☆☆☆☆,0.0,0.0,0.0,0.0,2.2,0.0,0.0,0.0,,,0.0,-0.7,2.4,-0.5,3596,3780.0,3.0,0.8,380,-
9534,北海道瓦斯,電気・ガス業,2.2,★☆☆☆☆,0.0,0.0,0.0,0.0,2.2,0.0,0.0,0.0,,,0.0,-0.7,2.0,-0.4,741,773.0,-1.3,0.9,108,-
4687,ＴＤＣソフト,情報・通信業,2.2,★☆☆☆☆,0.0,0.0,1.0,0.0,1.2,0.0,0.0,0.0,,,0.0,-2.0,4.8,-1.4,900,996.0,6.8,0.9,120,-
9601,松竹,情報・通信業,2.2,★☆☆☆☆,0.0,0.0,1.0,0.0,1.2,0.0,0.0,0.0,,,0.0,-4.3,3.2,-2.9,10119,10800.0,-0.3,0.6,691,-
3003,ヒューリック,不動産業,2.2,★☆☆☆☆,0.0,0.0,0.0,0.0,2.2,0.0,0.0,0.0,,,0.0,-2.3,2.7,-1.1,1661,1755.0,2.5,0.7,5009,-
1878,大東建託,不動産業,2.2,★☆☆☆☆,0.0,0.0,0.0,0.0,2.2,0.0,0.0,0.0,,,0.0,0.3,3.0,-1.1,3029,3224.0,2.2,1.1,6053,-
2875,東洋水産,食料品,2.2,★☆☆☆☆,0.0,0.0,0.0,0.0,2.2,0.0,0.0,0.0,,,0.0,-2.1,3.6,-1.7,9733,10480.0,3.0,1.0,5333,-
3391,ツルハホールディングス,小売業,2.2,★☆☆☆☆,0.0,0.0,0.0,0.0,2.2,0.0,0.0,0.0,,,0.0,0.9,3.1,-0.2,2242,2390.5,1.3,1.0,3303,-
4418,ＪＤＳＣ,情報・通信業,2.2,★☆☆☆☆,0.0,0.0,1.0,0.0,1.2,0.0,0.0,0.0,,,0.0,-13.4,4.9,-1.1,723,801.0,2.0,0.3,249,-
9267,Ｇｅｎｋｙ　ＤｒｕｇＳｔｏｒｅｓ,小売業,2.2,★☆☆☆☆,0.0,0.0,1.0,0.0,1.2,0.0,0.0,0.0,,,0.0,-6.2,4.4,-4.4,3274,3590.0,-0.7,0.9,366,-
4413,ボードルア,情報・通信業,2.2,★☆☆☆☆,0.0,0.0,0.0,0.0,2.2,0.0,0.0,0.0,,,0.0,-14.9,4.8,-6.7,2488,2754.0,3.5,0.5,789,-
1928,積水ハウス,建設業,2.2,★☆☆☆☆,0.0,0.0,0.0,0.0,2.2,0.0,0.0,0.0,,,0.0,0.1,2.1,-1.1,3280,3422.0,2.1,0.9,10606,-
1925,大和ハウス工業,建設業,2.2,★☆☆☆☆,0.0,0.0,0.0,0.0,2.2,0.0,0.0,0.0,,,0.0,-0.1,2.1,-0.2,4411,4607.0,2.1,0.8,10081,-
3064,ＭｏｎｏｔａＲＯ,小売業,2.2,★☆☆☆☆,0.0,0.0,1.0,0.0,1.2,0.0,0.0,0.0,,,0.0,-5.8,4.1,-4.4,1709,1862.5,-2.2,1.3,4455,-
3086,Ｊ．フロント　リテイリング,小売業,2.2,★☆☆☆☆,0.0,0.0,0.0,0.0,2.2,0.0,0.0,0.0,,,0.0,-7.5,3.0,-3.1,2797,2974.5,1.9,0.9,3027,-
5351,品川リフラ,ガラス・土石製品,2.2,★☆☆☆☆,0.0,0.0,0.0,0.0,2.2,0.0,0.0,0.0,,,0.0,1.1,2.1,-0.2,1956,2044.0,-0.9,1.1,269,-
8056,ＢＩＰＲＯＧＹ,情報・通信業,2.2,★☆☆☆☆,0.0,0.0,1.0,0.0,1.2,0.0,0.0,0.0,,,0.0,-2.0,4.5,-3.0,4109,4516.0,-4.2,1.2,2493,-
9413,テレビ東京ホールディングス,情報・通信業,2.2,★☆☆☆☆,0.0,0.0,1.0,0.0,1.2,0.0,0.0,0.0,,,0.0,-6.5,2.7,-2.9,3260,3445.0,5.2,1.3,355,-
9409,テレビ朝日ホールディングス,情報・通信業,2.2,★☆☆☆☆,0.0,0.0,0.0,0.0,2.2,0.0,0.0,0.0,,,0.0,-4.7,2.5,-2.8,2897,3050.0,1.0,0.8,661,-
2593,伊藤園,食料品,2.2,★☆☆☆☆,0.0,0.0,1.0,0.0,1.2,0.0,0.0,0.0,,,0.0,-1.4,2.9,-0.7,2808,2982.5,4.8,0.6,1239,-
3191,ジョイフル本田,小売業,2.2,★☆☆☆☆,0.0,0.0,0.0,0.0,2.2,0.0,0.0,0.0,,,0.0,-1.7,3.9,-2.5,2074,2252.0,3.3,0.8,589,-
1833,奥村組,建設業,2.2,★☆☆☆☆,0.0,0.0,1.0,0.0,1.2,0.0,0.0,0.0,,,0.0,1.0,2.1,-0.4,5451,5690.0,-0.9,1.3,721,-
3382,セブン＆アイ・ホールディングス,小売業,2.2,★☆☆☆☆,0.0,0.0,1.0,0.0,1.2,0.0,0.0,0.0,,,0.0,2.3,3.3,-1.3,1914,2048.5,2.9,0.7,19539,-
2433,博報堂ＤＹホールディングス,サービス業,2.2,★☆☆☆☆,0.0,0.0,1.0,0.0,1.2,0.0,0.0,0.0,,,0.0,0.6,4.6,-1.1,1127,1241.0,4.3,0.6,1206,-
9001,東武鉄道,陸運業,2.2,★☆☆☆☆,0.0,0.0,1.0,0.0,1.2,0.0,0.0,0.0,,,0.0,-0.9,2.6,-1.5,2805,2959.0,2.0,0.9,1866,-
9045,京阪ホールディングス,陸運業,2.2,★☆☆☆☆,0.0,0.0,1.0,0.0,1.2,0.0,0.0,0.0,,,0.0,-3.3,2.5,-2.2,2992,3149.0,2.0,0.6,1027,-
9021,西日本旅客鉄道,陸運業,2.2,★☆☆☆☆,0.0,0.0,0.0,0.0,2.2,0.0,0.0,0.0,,,0.0,-4.5,3.0,-3.3,2698,2869.5,-0.8,1.0,8405,-
9042,阪急阪神ホールディングス,陸運業,2.2,★☆☆☆☆,0.0,0.0,0.0,0.0,2.2,0.0,0.0,0.0,,,0.0,-2.2,3.3,-1.2,4340,4644.0,4.2,0.6,5339,-
7283,愛三工業,輸送用機器,2.2,★☆☆☆☆,0.0,0.0,0.0,0.0,2.2,0.0,0.0,0.0,,,0.0,-3.4,3.6,-2.0,2105,2271.0,0.3,0.4,516,-
6058,ベクトル,サービス業,2.2,★☆☆☆☆,0.0,0.0,0.0,0.0,2.2,0.0,0.0,0.0,,,0.0,-12.0,3.2,-4.4,1619,1728.0,-5.2,0.7,840,-
8850,スターツコーポレーション,不動産業,2.2,★☆☆☆☆,0.0,0.0,0.0,0.0,2.2,0.0,0.0,0.0,,,0.0,-2.0,2.2,-0.8,4475,4685.0,1.8,0.8,320,-
9663,ナガワ,サービス業,2.2,★☆☆☆☆,0.0,0.0,1.0,0.0,1.2,0.0,0.0,0.0,,,0.0,1.2,2.4,-0.5,4845,5090.0,1.6,1.4,102,-
6648,かわでん,電気機器,2.2,★☆☆☆☆,0.0,0.0,1.0,0.0,1.2,0.0,0.0,0.0,,,0.0,-7.7,5.9,-5.0,1498,1699.0,-13.3,1.1,161,-
4559,ゼリア新薬工業,医薬品,2.2,★☆☆☆☆,0.0,0.0,0.0,0.0,2.2,0.0,0.0,0.0,,,0.0,0.6,2.1,-0.0,1992,2080.0,1.9,0.8,203,-
9983,ファーストリテイリング,小売業,2.2,★☆☆☆☆,0.0,0.0,0.0,0.0,2.2,0.0,0.0,0.0,,,0.0,-3.5,2.7,-2.7,73209,77350.0,0.6,0.8,93762,-
9790,福井コンピュータホールディングス,情報・通信業,2.2,★☆☆☆☆,0.0,0.0,1.0,0.0,1.2,0.0,0.0,0.0,,,0.0,-2.6,2.5,-1.4,2933,3090.0,0.5,0.8,144,-
9936,王将フードサービス,小売業,2.2,★☆☆☆☆,0.0,0.0,1.0,0.0,1.2,0.0,0.0,0.0,,,0.0,-2.1,2.2,-1.7,2767,2892.0,1.2,0.9,671,-
6013,タクマ,機械,2.1,★☆☆☆☆,0.0,0.0,0.0,0.0,1.0,0.0,1.1,0.0,,,0.0,-6.7,3.3,-5.1,3000,3215.0,-7.3,0.7,696,開示[自己株式の取得](9日前)
3863,日本製紙,パルプ・紙,2.1,★☆☆☆☆,0.0,0.0,0.0,0.0,1.0,0.0,1.1,0.0,,,0.0,2.7,4.7,-1.0,1269,1402.0,7.6,0.8,1490,開示[業績予想の修正](8日前)
4889,レナサイエンス,医薬品,2.0,★☆☆☆☆,0.0,0.0,2.0,0.0,0.0,0.0,0.0,0.0,,,0.0,-28.9,9.2,-20.7,952,1165.0,-24.5,1.9,588,-
6632,ＪＶＣケンウッド,電気機器,2.0,★☆☆☆☆,0.0,0.0,2.0,0.0,0.0,0.0,0.0,0.0,,,0.0,-10.0,4.6,-5.6,935,1029.0,9.7,0.7,1417,-
4658,日本空調サービス,サービス業,2.0,★☆☆☆☆,0.0,0.0,0.0,0.0,2.0,0.0,0.0,0.0,,,0.0,-4.6,2.5,-2.2,1473,1551.0,1.7,0.8,162,-
7610,テイツー,小売業,2.0,★☆☆☆☆,0.0,0.0,2.0,0.0,0.0,0.0,0.0,0.0,,,0.0,-5.1,2.2,-2.7,136,142.0,0.7,0.3,176,-
3856,Ａｂａｌａｎｃｅ,電気機器,2.0,★☆☆☆☆,0.0,0.0,2.0,0.0,0.0,0.0,0.0,0.0,,,0.0,-33.2,11.5,-25.6,260,338.0,2.4,0.7,127,資金流入増
3407,旭化成,化学,2.0,★☆☆☆☆,0.0,0.0,0.0,0.0,2.0,0.0,0.0,0.0,,,0.0,-8.1,3.5,-3.5,1602,1724.0,5.4,0.9,11009,-
8439,東京センチュリー,その他金融業,2.0,★☆☆☆☆,0.0,0.0,0.0,0.0,2.0,0.0,0.0,0.0,,,0.0,-2.9,2.5,-1.3,2433,2564.0,3.5,0.6,1860,-
2175,エス・エム・エス,サービス業,2.0,★☆☆☆☆,0.0,0.0,2.0,0.0,0.0,0.0,0.0,0.0,,,0.0,-9.3,3.9,-2.5,2114,2295.0,2.6,0.7,1501,資金流入増
3662,エイチームホールディングス,情報・通信業,2.0,★☆☆☆☆,0.0,0.0,2.0,0.0,0.0,0.0,0.0,0.0,,,0.0,-8.8,2.3,-3.1,895,938.0,4.2,0.4,182,資金流入増
9020,東日本旅客鉄道,陸運業,2.0,★☆☆☆☆,0.0,0.0,1.0,0.0,1.0,0.0,0.0,0.0,,,0.0,-2.6,3.3,-3.5,3227,3454.0,1.3,0.7,12800,-
7182,ゆうちょ銀行,銀行業,2.0,★☆☆☆☆,0.0,0.0,0.0,0.0,2.0,0.0,0.0,0.0,,,0.0,-2.9,3.1,-0.8,3024,3223.0,0.7,1.1,23307,-
8572,アコム,その他金融業,2.0,★☆☆☆☆,0.0,0.0,0.0,0.0,2.0,0.0,0.0,0.0,,,0.0,-0.2,1.8,-0.3,465,482.70001220703125,2.7,0.7,655,-
8871,ゴールドクレスト,不動産業,2.0,★☆☆☆☆,0.0,0.0,1.0,0.0,1.0,0.0,0.0,0.0,,,0.0,-2.2,2.1,-0.5,3161,3300.0,1.9,0.7,185,-
8802,三菱地所,不動産業,2.0,★☆☆☆☆,0.0,0.0,2.0,0.0,0.0,0.0,0.0,0.0,,,0.0,-11.5,3.1,-8.7,3453,3684.0,-0.4,2.0,15461,-
6118,アイダエンジニアリング,機械,2.0,★☆☆☆☆,0.0,0.0,1.0,0.0,1.0,0.0,0.0,0.0,,,0.0,-5.6,2.7,-1.6,1122,1185.0,-2.1,0.5,180,-
1333,Ｕｍｉｏｓ,水産・農林業,2.0,★☆☆☆☆,0.0,0.0,1.0,0.0,1.0,0.0,0.0,0.0,,,0.0,-2.9,2.0,-2.2,1232,1282.5,2.1,1.0,720,-
7932,ニッピ,その他製品,2.0,★☆☆☆☆,0.0,0.0,1.0,0.0,1.0,0.0,0.0,0.0,,,0.0,-4.8,2.3,-4.2,11039,11570.0,-4.1,0.8,124,-
6845,アズビル,電気機器,2.0,★☆☆☆☆,0.0,0.0,1.0,0.0,1.0,0.0,0.0,0.0,,,0.0,-7.3,3.5,-4.6,1462,1572.5,-8.3,1.0,2387,-
5463,丸一鋼管,鉄鋼,2.0,★☆☆☆☆,0.0,0.0,1.0,0.0,1.0,0.0,0.0,0.0,,,0.0,-5.0,2.9,-2.9,1645,1747.5,-4.6,1.4,1244,-
6849,日本光電工業,電気機器,2.0,★☆☆☆☆,0.0,0.0,2.0,0.0,0.0,0.0,0.0,0.0,,,0.0,-5.9,4.0,-5.5,1342,1458.5,-4.2,1.5,1292,-
9517,イーレックス,電気・ガス業,2.0,★☆☆☆☆,0.0,0.0,2.0,0.0,0.0,0.0,0.0,0.0,,,0.0,4.1,3.7,-2.0,767,828.0,-0.8,1.2,242,-
9882,イエローハット,卸売業,2.0,★☆☆☆☆,0.0,0.0,0.0,0.0,2.0,0.0,0.0,0.0,,,0.0,-3.9,2.0,-2.4,1684,1754.0,2.3,0.7,346,-
9997,ベルーナ,小売業,2.0,★☆☆☆☆,0.0,0.0,0.0,0.0,2.0,0.0,0.0,0.0,,,0.0,-3.2,2.8,-1.9,963,1019.0,4.9,0.5,305,-
2784,アルフレッサ　ホールディングス,卸売業,2.0,★☆☆☆☆,0.0,0.0,1.0,0.0,1.0,0.0,0.0,0.0,,,0.0,-0.2,2.6,-2.2,2114,2231.0,4.2,1.0,1352,-
3151,バイタルケーエスケー・ホールディングス,卸売業,2.0,★☆☆☆☆,0.0,0.0,0.0,0.0,2.0,0.0,0.0,0.0,,,0.0,1.2,2.7,-1.1,1518,1605.0,0.1,0.8,142,-
7818,トランザクション,その他製品,2.0,★☆☆☆☆,0.0,0.0,1.0,0.0,1.0,0.0,0.0,0.0,,,0.0,-17.6,2.9,-6.6,1111,1178.0,-1.8,1.1,273,-
2288,丸大食品,食料品,2.0,★☆☆☆☆,0.0,0.0,1.0,0.0,1.0,0.0,0.0,0.0,,,0.0,-3.8,2.4,-3.3,2081,2184.0,-0.5,1.1,243,-
9301,三菱倉庫,倉庫・運輸関連業,2.0,★☆☆☆☆,0.0,0.0,0.0,0.0,2.0,0.0,0.0,0.0,,,0.0,-4.9,3.0,-4.3,1410,1500.0,0.4,1.0,1803,-
9024,西武ホールディングス,陸運業,2.0,★☆☆☆☆,0.0,0.0,2.0,0.0,0.0,0.0,0.0,0.0,,,0.0,-10.3,5.2,-7.5,2904,3242.0,-0.3,1.8,6693,-
1976,明星工業,建設業,2.0,★☆☆☆☆,0.0,0.0,1.0,0.0,1.0,0.0,0.0,0.0,,,0.0,-1.1,4.0,-5.2,1646,1787.0,-3.4,0.6,209,-
2533,オエノンホールディングス,食料品,2.0,★☆☆☆☆,0.0,0.0,2.0,0.0,0.0,0.0,0.0,0.0,,,0.0,-9.0,4.2,-6.6,420,458.0,-3.4,0.4,123,資金流入増
3984,ユーザーローカル,情報・通信業,1.7,★☆☆☆☆,0.0,0.0,0.0,0.0,0.0,0.0,1.7,0.0,,,0.0,-16.2,4.6,-13.1,1380,1520.0,-17.5,1.0,190,開示[自己株式の取得](6日前)
6232,ＡＣＳＬ,機械,1.5,★☆☆☆☆,0.0,0.0,0.0,0.0,1.5,0.0,0.0,0.0,,,0.0,-1.2,5.2,-0.1,1537,1715.0,-6.3,0.5,931,-
3350,メタプラネット,卸売業,1.5,★☆☆☆☆,0.0,0.0,0.0,0.0,1.5,0.0,0.0,0.0,,,0.0,-9.4,6.6,-3.2,194,223.0,5.2,0.7,4264,-
4425,Ｋｕｄａｎ,情報・通信業,1.5,★☆☆☆☆,0.0,0.0,0.0,0.0,1.5,0.0,0.0,0.0,,,0.0,-10.3,4.8,-2.8,1553,1720.0,4.2,1.1,216,-
7373,アイドマ・ホールディングス,サービス業,1.5,★☆☆☆☆,0.0,0.0,0.0,0.0,1.5,0.0,0.0,0.0,,,0.0,-5.8,2.5,-5.5,904,951.0,1.3,0.8,139,-
6223,西部技研,機械,1.5,★☆☆☆☆,0.0,0.0,0.0,0.0,1.5,0.0,0.0,0.0,,,0.0,-6.1,4.3,-3.8,1804,1975.0,-7.9,0.6,109,-
7746,岡本硝子,精密機器,1.5,★☆☆☆☆,0.0,0.0,0.0,0.0,1.5,0.0,0.0,0.0,,,0.0,-9.2,3.4,-4.4,674,723.0,-1.6,0.4,313,-
1968,太平電業,建設業,1.5,★☆☆☆☆,0.0,0.0,0.0,0.0,1.5,0.0,0.0,0.0,,,0.0,-3.8,3.7,-2.6,2209,2384.0,-3.8,0.9,433,-
1950,日本電設工業,建設業,1.5,★☆☆☆☆,0.0,0.0,0.0,0.0,1.5,0.0,0.0,0.0,,,0.0,-3.3,3.7,-2.2,3630,3920.0,-1.9,0.7,556,-
8111,ゴールドウイン,繊維製品,1.2,★☆☆☆☆,0.0,0.0,0.0,0.0,0.0,0.0,1.2,0.0,,,0.0,-7.0,3.3,-5.9,1992,2133.5,-4.7,0.9,1262,開示[業績予想の修正](7日前)
4887,サワイグループホールディングス,医薬品,1.2,★☆☆☆☆,0.0,0.0,0.0,0.0,1.2,0.0,0.0,0.0,,,0.0,-2.5,2.8,-1.3,1549,1639.5,2.5,1.1,891,-
6196,ストライクグループ,サービス業,1.2,★☆☆☆☆,0.0,0.0,0.0,0.0,1.2,0.0,0.0,0.0,,,0.0,-4.1,2.6,-1.5,1250,1319.0,1.5,0.6,491,-
9989,サンドラッグ,小売業,1.2,★☆☆☆☆,0.0,0.0,0.0,0.0,1.2,0.0,0.0,0.0,,,0.0,-3.3,2.0,-1.8,3576,3728.0,2.5,0.9,1860,-
9823,マミーマートホールディングス,小売業,1.2,★☆☆☆☆,0.0,0.0,0.0,0.0,1.2,0.0,0.0,0.0,,,0.0,-4.0,2.2,-2.9,970,1016.0,-1.4,1.1,100,-
3092,ＺＯＺＯ,小売業,1.2,★☆☆☆☆,0.0,0.0,0.0,0.0,1.2,0.0,0.0,0.0,,,0.0,-4.5,3.1,-2.1,1067,1137.5,1.3,0.6,4496,-
7600,日本エム・ディ・エム,精密機器,1.2,★☆☆☆☆,0.0,0.0,0.0,0.0,1.2,0.0,0.0,0.0,,,0.0,-9.6,5.2,-1.7,804,897.0,-0.7,0.5,249,-
8278,フジ,小売業,1.2,★☆☆☆☆,0.0,0.0,0.0,0.0,1.2,0.0,0.0,0.0,,,0.0,-0.1,2.3,-0.3,1904,1995.0,0.1,1.2,260,-
9008,京王電鉄,陸運業,1.2,★☆☆☆☆,0.0,0.0,0.0,0.0,1.2,0.0,0.0,0.0,,,0.0,-1.1,2.8,-2.4,719,760.4000244140625,0.9,0.6,1878,-
7270,ＳＵＢＡＲＵ,輸送用機器,1.2,★☆☆☆☆,0.0,0.0,0.0,0.0,1.2,0.0,0.0,0.0,,,0.0,2.5,4.0,-1.0,2352,2557.5,3.3,1.0,12974,-
4967,小林製薬,化学,1.2,★☆☆☆☆,0.0,0.0,0.0,0.0,1.2,0.0,0.0,0.0,,,0.0,0.1,2.5,-0.3,5285,5561.0,1.1,0.6,1375,-
8771,イー・ギャランティ,その他金融業,1.2,★☆☆☆☆,0.0,0.0,0.0,0.0,1.2,0.0,0.0,0.0,,,0.0,-1.8,2.3,-0.2,1760,1844.0,1.9,1.0,207,-
9424,日本通信,情報・通信業,1.2,★☆☆☆☆,0.0,0.0,0.0,0.0,1.2,0.0,0.0,0.0,,,0.0,-5.6,3.8,-3.4,101,109.0,-4.4,1.0,203,-
9007,小田急電鉄,陸運業,1.2,★☆☆☆☆,0.0,0.0,0.0,0.0,1.2,0.0,0.0,0.0,,,0.0,-1.0,2.7,-1.3,1615,1707.5,2.8,0.8,2845,-
9404,日本テレビホールディングス,情報・通信業,1.2,★☆☆☆☆,0.0,0.0,0.0,0.0,1.2,0.0,0.0,0.0,,,0.0,-0.2,3.3,-0.3,2698,2887.0,4.1,0.7,1529,-
2733,あらた,卸売業,1.2,★☆☆☆☆,0.0,0.0,0.0,0.0,1.2,0.0,0.0,0.0,,,0.0,-0.1,2.0,-0.4,2464,2569.0,2.6,1.2,253,-
4507,塩野義製薬,医薬品,1.2,★☆☆☆☆,0.0,0.0,0.0,0.0,1.2,0.0,0.0,0.0,,,0.0,-1.5,3.0,-1.6,2650,2819.0,2.2,1.2,8291,-
9504,中国電力,電気・ガス業,1.2,★☆☆☆☆,0.0,0.0,0.0,0.0,1.2,0.0,0.0,0.0,,,0.0,-0.2,2.2,-0.3,884,924.9000244140625,1.8,1.0,1659,-
2791,大黒天物産,小売業,1.2,★☆☆☆☆,0.0,0.0,0.0,0.0,1.2,0.0,0.0,0.0,,,0.0,-1.7,3.2,-0.6,4176,4465.0,4.0,0.7,265,-
2811,カゴメ,食料品,1.2,★☆☆☆☆,0.0,0.0,0.0,0.0,1.2,0.0,0.0,0.0,,,0.0,-1.8,2.6,-1.3,2521,2657.0,4.3,0.7,921,-
2980,ＳＲＥホールディングス,不動産業,1.2,★☆☆☆☆,0.0,0.0,0.0,0.0,1.2,0.0,0.0,0.0,,,0.0,-2.5,4.4,-2.5,2295,2518.0,-9.2,0.8,872,-
9960,東テク,卸売業,1.0,★☆☆☆☆,0.0,0.0,0.0,0.0,1.0,0.0,0.0,0.0,,,0.0,-6.9,4.3,-5.3,3443,3770.0,-8.8,0.9,399,-
8844,コスモスイニシア,不動産業,1.0,★☆☆☆☆,0.0,0.0,0.0,0.0,1.0,0.0,0.0,0.0,,,0.0,-10.7,2.8,-7.3,1164,1234.0,-3.2,0.8,112,-
4553,東和薬品,医薬品,1.0,★☆☆☆☆,0.0,0.0,0.0,0.0,1.0,0.0,0.0,0.0,,,0.0,-8.9,3.7,-6.1,3506,3785.0,-1.8,0.9,501,-
8129,東邦ホールディングス,卸売業,1.0,★☆☆☆☆,0.0,0.0,1.0,0.0,0.0,0.0,0.0,0.0,,,0.0,-4.6,3.9,-4.1,3523,3817.0,5.6,0.7,747,-
8141,新光商事,卸売業,1.0,★☆☆☆☆,0.0,0.0,0.0,0.0,1.0,0.0,0.0,0.0,,,0.0,-1.9,0.8,-1.0,1540,1565.0,-0.1,0.3,186,-
4549,栄研化学,医薬品,1.0,★☆☆☆☆,0.0,0.0,1.0,0.0,0.0,0.0,0.0,0.0,,,0.0,-11.2,4.5,-5.7,2070,2276.0,4.7,0.6,629,-
276A,ククレブ・アドバイザーズ,不動産業,1.0,★☆☆☆☆,0.0,0.0,1.0,0.0,0.0,0.0,0.0,0.0,,,0.0,-5.6,4.2,-2.8,3111,3400.0,-1.4,0.2,180,-
3231,野村不動産ホールディングス,不動産業,1.0,★☆☆☆☆,0.0,0.0,0.0,0.0,1.0,0.0,0.0,0.0,,,0.0,-2.4,2.1,-1.3,887,925.4000244140625,3.1,0.7,4279,-
4569,杏林製薬,医薬品,1.0,★☆☆☆☆,0.0,0.0,1.0,0.0,0.0,0.0,0.0,0.0,,,0.0,-6.5,2.7,-3.7,1050,1109.0,4.4,1.2,224,-
7172,ジャパンインベストメントアドバイザー,証券、商品先物取引業,1.0,★☆☆☆☆,0.0,0.0,0.0,0.0,1.0,0.0,0.0,0.0,,,0.0,-2.1,2.5,-0.9,1958,2062.0,2.2,0.4,804,-
6226,守谷輸送機工業,機械,1.0,★☆☆☆☆,0.0,0.0,1.0,0.0,0.0,0.0,0.0,0.0,,,0.0,-21.8,7.2,-14.5,1715,2005.0,-8.7,1.2,582,-
6544,ジャパンエレベーターサービスホールディングス,サービス業,1.0,★☆☆☆☆,0.0,0.0,1.0,0.0,0.0,0.0,0.0,0.0,,,0.0,-17.5,3.6,-9.9,1406,1517.0,-8.1,1.2,1217,-
1882,東亜道路工業,建設業,1.0,★☆☆☆☆,0.0,0.0,0.0,0.0,1.0,0.0,0.0,0.0,,,0.0,1.4,1.5,-0.4,1549,1596.0,-0.6,0.8,519,-
6455,モリタホールディングス,輸送用機器,1.0,★☆☆☆☆,0.0,0.0,1.0,0.0,0.0,0.0,0.0,0.0,,,0.0,-1.1,2.7,-2.5,2233,2361.0,0.7,0.7,179,-
2157,コシダカホールディングス,サービス業,1.0,★☆☆☆☆,0.0,0.0,1.0,0.0,0.0,0.0,0.0,0.0,,,0.0,-2.9,2.1,-1.4,979,1022.0,1.2,1.1,686,-
5019,出光興産,石油・石炭製品,1.0,★☆☆☆☆,0.0,0.0,0.0,0.0,1.0,0.0,0.0,0.0,,,0.0,0.6,2.6,0.0,1216,1283.0,3.4,1.0,4733,-
2201,森永製菓,食料品,1.0,★☆☆☆☆,0.0,0.0,0.0,0.0,1.0,0.0,0.0,0.0,,,0.0,-5.4,2.6,-3.6,2419,2553.5,1.6,0.9,865,-
7419,ノジマ,小売業,1.0,★☆☆☆☆,0.0,0.0,0.0,0.0,1.0,0.0,0.0,0.0,,,0.0,-3.4,3.4,-2.1,1235,1326.0,2.8,0.5,1221,-
3865,北越コーポレーション,パルプ・紙,1.0,★☆☆☆☆,0.0,0.0,1.0,0.0,0.0,0.0,0.0,0.0,,,0.0,1.1,3.2,-0.5,850,909.0,2.0,1.1,231,-
1860,戸田建設,建設業,1.0,★☆☆☆☆,0.0,0.0,0.0,0.0,1.0,0.0,0.0,0.0,,,0.0,-3.1,2.3,-2.9,1407,1473.0,-0.6,1.0,1499,-
1812,鹿島建設,建設業,1.0,★☆☆☆☆,0.0,0.0,1.0,0.0,0.0,0.0,0.0,0.0,,,0.0,-12.8,3.8,-10.5,4498,4868.0,-7.3,1.5,11058,-
1815,鉄建建設,建設業,1.0,★☆☆☆☆,0.0,0.0,1.0,0.0,0.0,0.0,0.0,0.0,,,0.0,-6.5,2.9,-3.2,4051,4300.0,-3.9,1.0,524,-
7678,あさくま,小売業,1.0,★☆☆☆☆,0.0,0.0,0.0,0.0,1.0,0.0,0.0,0.0,,,0.0,-7.5,2.3,-2.8,2941,3085.0,1.1,0.1,100,-
4540,ツムラ,医薬品,1.0,★☆☆☆☆,0.0,0.0,1.0,0.0,0.0,0.0,0.0,0.0,,,0.0,-1.6,2.2,-1.5,3611,3777.0,0.3,0.9,1590,-
7921,ＴＡＫＡＲＡ　＆　ＣＯＭＰＡＮＹ,その他製品,1.0,★☆☆☆☆,0.0,0.0,0.0,0.0,1.0,0.0,0.0,0.0,,,0.0,-4.2,3.2,-2.2,3929,4195.0,2.7,0.4,185,-
9401,ＴＢＳホールディングス,情報・通信業,1.0,★☆☆☆☆,0.0,0.0,0.0,0.0,1.0,0.0,0.0,0.0,,,0.0,-7.0,2.8,-4.4,5573,5903.0,1.5,1.2,1988,-
8052,椿本興業,卸売業,1.0,★☆☆☆☆,0.0,0.0,0.0,0.0,1.0,0.0,0.0,0.0,,,0.0,-2.4,2.0,-1.7,2640,2752.0,2.7,1.1,105,-
2579,コカ・コーラ　ボトラーズジャパンホールディングス,食料品,1.0,★☆☆☆☆,0.0,0.0,0.0,0.0,1.0,0.0,0.0,0.0,,,0.0,-5.5,4.8,-5.7,3556,3935.0,2.3,0.7,4254,-
2531,宝ホールディングス,食料品,1.0,★☆☆☆☆,0.0,0.0,0.0,0.0,1.0,0.0,0.0,0.0,,,0.0,-5.2,3.2,-3.2,1919,2050.0,1.3,0.7,976,-
3139,ラクト・ジャパン,卸売業,1.0,★☆☆☆☆,0.0,0.0,0.0,0.0,1.0,0.0,0.0,0.0,,,0.0,-4.0,1.8,-1.4,3244,3365.0,4.0,1.1,132,-
7860,エイベックス,情報・通信業,1.0,★☆☆☆☆,0.0,0.0,1.0,0.0,0.0,0.0,0.0,0.0,,,0.0,-3.0,2.4,-3.7,1165,1225.0,-1.8,1.0,246,-
3150,グリムス,電気・ガス業,1.0,★☆☆☆☆,0.0,0.0,0.0,0.0,1.0,0.0,0.0,0.0,,,0.0,-0.2,2.2,-1.8,2395,2507.0,-2.6,1.1,133,-
9302,三井倉庫ホールディングス,倉庫・運輸関連業,1.0,★☆☆☆☆,0.0,0.0,1.0,0.0,0.0,0.0,0.0,0.0,,,0.0,-7.2,3.4,-5.1,3104,3329.0,5.7,0.8,917,-
9502,中部電力,電気・ガス業,1.0,★☆☆☆☆,0.0,0.0,0.0,0.0,1.0,0.0,0.0,0.0,,,0.0,-6.4,3.6,-2.6,2620,2821.0,4.2,1.1,11515,-
4477,ＢＡＳＥ,情報・通信業,1.0,★☆☆☆☆,0.0,0.0,1.0,0.0,0.0,0.0,0.0,0.0,,,0.0,-2.4,3.2,-3.2,271,290.0,-4.6,0.7,286,-
6995,東海理化電機製作所,輸送用機器,1.0,★☆☆☆☆,0.0,0.0,0.0,0.0,1.0,0.0,0.0,0.0,,,0.0,-0.1,2.9,-2.7,2847,3025.0,0.9,0.7,512,-
2216,カンロ,食料品,1.0,★☆☆☆☆,0.0,0.0,1.0,0.0,0.0,0.0,0.0,0.0,,,0.0,-5.2,4.0,-5.2,1020,1109.0,6.3,0.7,145,-
3289,東急不動産ホールディングス,不動産業,1.0,★☆☆☆☆,0.0,0.0,0.0,0.0,1.0,0.0,0.0,0.0,,,0.0,0.7,2.2,-1.2,1254,1311.0,2.0,0.9,3955,-
1893,五洋建設,建設業,1.0,★☆☆☆☆,0.0,0.0,1.0,0.0,0.0,0.0,0.0,0.0,,,0.0,-11.0,4.4,-8.8,1295,1419.0,-6.4,1.5,3143,-
9364,上組,倉庫・運輸関連業,1.0,★☆☆☆☆,0.0,0.0,0.0,0.0,1.0,0.0,0.0,0.0,,,0.0,-2.7,2.0,-2.1,4847,5044.0,-0.5,0.8,1707,-
6166,中村超硬,機械,0.0,★☆☆☆☆,0.0,0.0,0.0,0.0,0.0,0.0,0.0,0.0,,,0.0,-8.8,4.6,-4.0,583,642.0,3.2,0.5,195,-
1720,東急建設,建設業,0.0,★☆☆☆☆,0.0,0.0,0.0,0.0,0.0,0.0,0.0,0.0,,,0.0,-3.5,2.4,-2.7,1077,1132.0,-3.2,0.7,422,-
1801,大成建設,建設業,0.0,★☆☆☆☆,0.0,0.0,0.0,0.0,0.0,0.0,0.0,0.0,,,0.0,-5.0,3.8,-3.9,11917,12900.0,-0.7,0.9,8877,-
8848,レオパレス２１,不動産業,0.0,★☆☆☆☆,0.0,0.0,0.0,0.0,0.0,0.0,0.0,0.0,,,0.0,-7.3,3.1,-6.1,586,624.0,-7.3,0.9,791,-
8830,住友不動産,不動産業,0.0,★☆☆☆☆,0.0,0.0,0.0,0.0,0.0,0.0,0.0,0.0,,,0.0,-10.9,2.7,-7.1,3227,3412.0,-2.9,1.0,9412,-
7202,いすゞ自動車,輸送用機器,0.0,★☆☆☆☆,0.0,0.0,0.0,0.0,0.0,0.0,0.0,0.0,,,0.0,-4.5,4.1,-4.2,2051,2234.5,0.1,0.8,6881,-
3880,大王製紙,パルプ・紙,0.0,★☆☆☆☆,0.0,0.0,0.0,0.0,0.0,0.0,0.0,0.0,,,0.0,1.1,2.6,-0.8,915,964.0,-0.6,1.0,244,-
7211,三菱自動車工業,輸送用機器,0.0,★☆☆☆☆,0.0,0.0,0.0,0.0,0.0,0.0,0.0,0.0,,,0.0,-4.8,4.3,-5.4,313,342.20001220703125,0.4,0.6,4639,-
1959,クラフティア,建設業,0.0,★☆☆☆☆,0.0,0.0,0.0,0.0,0.0,0.0,0.0,0.0,,,0.0,-5.1,4.1,-5.3,7515,8180.0,-1.2,0.6,2225,-
3656,ＫＬａｂ,情報・通信業,0.0,★☆☆☆☆,0.0,0.0,0.0,0.0,0.0,0.0,0.0,0.0,,,0.0,-0.9,6.3,-4.8,181,207.0,-18.5,0.4,829,-
1975,朝日工業社,建設業,0.0,★☆☆☆☆,0.0,0.0,0.0,0.0,0.0,0.0,0.0,0.0,,,0.0,-8.9,5.2,-4.9,3411,3810.0,-4.2,0.7,416,-
3415,ＴＯＫＹＯ　ＢＡＳＥ,小売業,0.0,★☆☆☆☆,0.0,0.0,0.0,0.0,0.0,0.0,0.0,0.0,,,0.0,-5.6,4.7,-3.8,350,386.0,0.8,0.4,238,-
5938,ＬＩＸＩＬ,金属製品,0.0,★☆☆☆☆,0.0,0.0,0.0,0.0,0.0,0.0,0.0,0.0,,,0.0,-5.4,2.7,-2.8,1686,1782.5,1.6,0.8,4234,-
2337,いちご,不動産業,0.0,★☆☆☆☆,0.0,0.0,0.0,0.0,0.0,0.0,0.0,0.0,,,0.0,-7.7,2.1,-2.8,391,409.0,3.5,0.4,418,-
3395,サンマルクホールディングス,小売業,0.0,★☆☆☆☆,0.0,0.0,0.0,0.0,0.0,0.0,0.0,0.0,,,0.0,-5.5,2.4,-4.4,2293,2411.0,-1.9,1.0,270,-
3911,Ａｉｍｉｎｇ,情報・通信業,0.0,★☆☆☆☆,0.0,0.0,0.0,0.0,0.0,0.0,0.0,0.0,,,0.0,-15.8,4.4,-11.0,155,170.0,-2.9,0.6,114,-
336A,ダイナミックマッププラットフォーム,情報・通信業,0.0,★☆☆☆☆,0.0,0.0,0.0,0.0,0.0,0.0,0.0,0.0,,,0.0,-13.7,5.2,-9.2,669,747.0,-10.2,1.0,236,-
5989,エイチワン,金属製品,0.0,★☆☆☆☆,0.0,0.0,0.0,0.0,0.0,0.0,0.0,0.0,,,0.0,-9.5,3.5,-6.1,1355,1457.0,-7.0,0.7,302,-
4935,リベルタ,化学,0.0,★☆☆☆☆,0.0,0.0,0.0,0.0,0.0,0.0,0.0,0.0,,,0.0,-41.0,11.4,-20.4,173,224.0,-5.9,0.2,597,-
6458,新晃工業,機械,0.0,★☆☆☆☆,0.0,0.0,0.0,0.0,0.0,0.0,0.0,0.0,,,0.0,-3.5,1.8,-2.1,1170,1214.0,-2.2,1.2,288,-
3836,アバントグループ,情報・通信業,0.0,★☆☆☆☆,0.0,0.0,0.0,0.0,0.0,0.0,0.0,0.0,,,0.0,-4.0,3.5,-4.0,1079,1161.0,-3.4,1.0,124,-
7003,三井Ｅ＆Ｓ,機械,0.0,★☆☆☆☆,0.0,0.0,0.0,0.0,0.0,0.0,0.0,0.0,,,0.0,-6.5,6.5,-5.9,3722,4281.0,0.0,0.6,13776,-
9048,名古屋鉄道,陸運業,0.0,★☆☆☆☆,0.0,0.0,0.0,0.0,0.0,0.0,0.0,0.0,,,0.0,-0.3,2.4,-1.3,1779,1868.0,1.8,1.0,1785,-
3482,ロードスターキャピタル,不動産業,0.0,★☆☆☆☆,0.0,0.0,0.0,0.0,0.0,0.0,0.0,0.0,,,0.0,-3.4,2.4,-3.1,2483,2609.0,-3.8,1.0,382,-
7130,ヤマエグループホールディングス,卸売業,0.0,★☆☆☆☆,0.0,0.0,0.0,0.0,0.0,0.0,0.0,0.0,,,0.0,-5.8,2.5,-1.7,2743,2890.0,2.6,1.0,240,-
2130,メンバーズ,サービス業,0.0,★☆☆☆☆,0.0,0.0,0.0,0.0,0.0,0.0,0.0,0.0,,,0.0,-19.5,4.0,-10.7,848,921.0,3.0,0.6,113,-
8585,オリエントコーポレーション,その他金融業,0.0,★☆☆☆☆,0.0,0.0,0.0,0.0,0.0,0.0,0.0,0.0,,,0.0,-2.6,2.3,-2.0,832,872.0,3.4,0.7,488,-
8804,東京建物,不動産業,0.0,★☆☆☆☆,0.0,0.0,0.0,0.0,0.0,0.0,0.0,0.0,,,0.0,-1.9,2.7,-0.9,3190,3374.0,3.2,0.6,3285,-
4886,あすか製薬ホールディングス,医薬品,0.0,★☆☆☆☆,0.0,0.0,0.0,0.0,0.0,0.0,0.0,0.0,,,0.0,-7.2,3.2,-4.0,1957,2091.0,5.8,0.6,213,-
8801,三井不動産,不動産業,0.0,★☆☆☆☆,0.0,0.0,0.0,0.0,0.0,0.0,0.0,0.0,,,0.0,-6.0,2.7,-4.9,1378,1457.5,-1.6,0.8,15204,-
4375,セーフィー,情報・通信業,0.0,★☆☆☆☆,0.0,0.0,0.0,0.0,0.0,0.0,0.0,0.0,,,0.0,-4.2,3.0,-3.2,595,633.0,-3.4,0.8,104,-
9305,ヤマタネ,卸売業,0.0,★☆☆☆☆,0.0,0.0,0.0,0.0,0.0,0.0,0.0,0.0,,,0.0,-3.5,2.3,-2.7,1946,2040.0,1.2,1.0,158,-
3299,ムゲンエステート,不動産業,0.0,★☆☆☆☆,0.0,0.0,0.0,0.0,0.0,0.0,0.0,0.0,,,0.0,-10.2,3.6,-9.1,1614,1738.0,-7.5,1.2,331,-
9256,サクシード,サービス業,0.0,★☆☆☆☆,0.0,0.0,0.0,0.0,0.0,0.0,0.0,0.0,,,0.0,-73.7,21.4,-54.9,686,1200.0,-13.9,0.6,615,-
1835,東鉄工業,建設業,0.0,★☆☆☆☆,0.0,0.0,0.0,0.0,0.0,0.0,0.0,0.0,,,0.0,-2.6,2.5,-2.5,3821,4020.0,-3.7,1.0,354,-
1802,大林組,建設業,0.0,★☆☆☆☆,0.0,0.0,0.0,0.0,0.0,0.0,0.0,0.0,,,0.0,-5.3,3.0,-5.5,2845,3027.0,-3.0,1.0,8310,-
2874,横浜冷凍,卸売業,0.0,★☆☆☆☆,0.0,0.0,0.0,0.0,0.0,0.0,0.0,0.0,,,0.0,-5.4,3.9,-2.8,1915,2076.0,0.2,0.6,451,-
9474,ゼンリン,情報・通信業,0.0,★☆☆☆☆,0.0,0.0,0.0,0.0,0.0,0.0,0.0,0.0,,,0.0,-3.7,1.9,-2.3,851,885.0,2.1,0.6,220,-
4685,菱友システムズ,情報・通信業,0.0,★☆☆☆☆,0.0,0.0,0.0,0.0,0.0,0.0,0.0,0.0,,,0.0,-7.5,3.3,-3.1,2540,2717.0,3.2,0.8,110,-
4548,生化学工業,医薬品,0.0,★☆☆☆☆,0.0,0.0,0.0,0.0,0.0,0.0,0.0,0.0,,,0.0,-2.6,1.8,-3.0,680,706.0,-2.9,0.9,106,-
9531,東京瓦斯,電気・ガス業,0.0,★☆☆☆☆,0.0,0.0,0.0,0.0,0.0,0.0,0.0,0.0,,,0.0,-0.8,2.5,-1.4,5705,6009.0,1.2,0.7,6663,-
9519,レノバ,電気・ガス業,0.0,★☆☆☆☆,0.0,0.0,0.0,0.0,0.0,0.0,0.0,0.0,,,0.0,-1.1,4.2,-4.2,839,915.0,-0.4,0.9,774,-
1417,ミライト・ワン,建設業,0.0,★☆☆☆☆,0.0,0.0,0.0,0.0,0.0,0.0,0.0,0.0,,,0.0,-6.0,2.3,-4.0,3310,3468.0,1.3,0.8,972,-
