code,name,sector,score,stars,linkage,theme,supply,etf,tech,fund,material,penalty,signal,driver,gap_pct,rs20,atr_pct,dev25,stop,close,chg5d,v_ratio,turnover_m,reasons_str
6702,富士通,電気機器,47.9,★★☆☆☆,18.5,12.1,3.3,0.0,6.0,5.0,3.0,0.0,見送り(地合い🔴),NASDAQ,8.0,13.8,4.7,3.0,3172,3500.0,0.5,1.1,30968,NASDAQ+5.8%連動(β0.45) 未反応+8.0% / 量子(+3.0%) / 買い出来高優勢 / 開示[自己株式の取得](0日前) / ROE16% / PER20倍
8551,北日本銀行,銀行業,46.5,★★☆☆☆,16.3,0.0,5.3,0.0,12.0,8.0,4.9,0.0,見送り(地合い🔴),Emerson,3.6,27.6,4.3,10.0,6181,6760.0,-3.4,1.0,289,Emerson+6.9%連動(β0.33) 未反応+3.6% / 買い出来高優勢 / 資金流入増 / MA上昇配列 / パーフェクトオーダー / 開示[自己株式の取得](1日前) / 開示[自己株式取得](4日前) / 増収+23% / PER13倍
6501,日立製作所,電気機器,46.4,★★☆☆☆,16.8,12.1,3.3,0.0,5.7,5.5,3.0,0.0,見送り(地合い🔴),Eaton,-1.7,23.5,3.0,9.9,4978,5301.0,5.5,1.1,62140,Eaton+15.0%連動(β0.45) / 量子(+3.0%) / 買い出来高優勢 / 開示[自己株式の取得](0日前) / 増収+20%
8601,大和証券グループ本社,証券、商品先物取引業,46.3,★★☆☆☆,22.9,0.0,4.3,0.0,8.2,9.0,1.9,0.0,見送り(地合い🔴),Eaton,5.7,16.2,3.0,2.0,1705,1812.0,-3.2,1.5,9009,Eaton+15.0%連動(β0.29) 未反応+5.7% / 買い出来高優勢 / MA上昇配列 / パーフェクトオーダー / 開示[子会社化](1日前) / 増収+57% / PER14倍
6857,アドバンテスト,電気機器,46.2,★★☆☆☆,18.0,6.0,0.0,0.0,11.0,7.0,4.2,0.0,見送り(地合い🔴),Coherent,-14.9,15.7,8.5,6.7,26093,31430.0,10.7,1.0,289907,Coherent+30.0%連動(β0.28) / HBM・後工程(-1.5%) / MA上昇配列 / パーフェクトオーダー / 開示[自己株式の取得](1日前) / 開示[業績予想の修正](6日前) / 増収+39% / ROE57%
6323,ローツェ,機械,46.0,★★☆☆☆,30.0,6.0,3.0,0.0,0.0,7.0,0.0,0.0,見送り(地合い🔴),Amazon,4.5,-10.9,10.6,-10.5,3130,3975.0,-11.9,1.2,15769,Amazon+17.8%連動(β0.47) 未反応+4.5% / 半導体製造装置(-11.8%) / 資金流入増 / ROE15%
6508,明電舎,電気機器,45.89999999999999,★★☆☆☆,16.4,6.0,6.7,0.0,7.0,8.0,1.8,0.0,見送り(地合い🔴),Eaton,-18.2,15.3,5.1,14.3,9377,10440.0,15.4,3.8,2332,Eaton+15.0%連動(β0.44) / AIデータセンター・電力(-0.4%) / 出来高急増3.8倍 / 開示[業績予想の修正](4日前) / 増収+26% / ROE18% / PER21倍
8035,東京エレクトロン,電気機器,45.8,★★☆☆☆,30.0,6.0,0.0,0.0,0.0,7.0,2.8,0.0,見送り(地合い🔴),Coherent,8.9,-16.3,8.7,-17.9,45401,54990.0,-12.4,1.0,303098,Coherent+30.0%連動(β0.24) 未反応+8.9% / 半導体製造装置(-11.8%) / 開示[自己株式の取得](1日前) / 増収+33% / ROE31%
6098,リクルートホールディングス,サービス業,45.699999999999996,★★☆☆☆,26.7,0.0,1.0,0.0,8.2,7.0,2.8,0.0,見送り(地合い🔴),Amazon,7.6,12.5,3.7,0.7,11461,12385.0,-1.0,0.9,52425,Amazon+17.8%連動(β0.33) 未反応+7.6% / MA上昇配列 / パーフェクトオーダー / 開示[自己株式の取得](1日前) / ROE31%
4062,イビデン,電気機器,45.5,★★☆☆☆,30.0,6.0,0.0,0.0,0.0,5.0,4.5,0.0,見送り(地合い🔴),Eaton,4.3,-24.9,12.2,-17.6,11741,15535.0,-7.0,1.0,142609,Eaton+15.0%連動(β0.59) 未反応+4.3% / HBM・後工程(-1.5%) / 開示[業績予想の修正](0日前) / 開示[株式分割](0日前) / 増収+19%
5802,住友電気工業,非鉄金属,44.9,★★☆☆☆,28.9,6.0,2.0,0.0,0.0,8.0,0.0,0.0,見送り(地合い🔴),Eaton,12.5,-14.0,8.3,-15.8,1721,2062.5,-12.4,1.6,56498,Eaton+15.0%連動(β0.45) 未反応+12.5% / 光通信・電線(-5.5%) / 増収+16% / ROE16% / PER18倍
6200,インソース,サービス業,44.5,★★☆☆☆,19.4,0.0,5.3,0.0,5.5,8.5,5.8,0.0,見送り(地合い🔴),NASDAQ,4.3,31.5,3.6,13.1,696,750.0,-0.3,0.9,600,NASDAQ+5.8%連動(β0.51) 未反応+4.3% / 買い出来高優勢 / 資金流入増 / MA上昇配列 / RSI過熱(85)⚠ / 開示[自己株式の取得](0日前) / 開示[自己株式の取得](1日前) / ROE35% / PER15倍
3923,ラクス,情報・通信業,43.9,★★☆☆☆,28.7,0.0,0.0,0.0,6.7,8.5,0.0,0.0,見送り(地合い🔴),Amazon,8.9,9.7,4.4,2.0,946,1036.5,0.6,1.0,1940,Amazon+17.8%連動(β0.37) 未反応+8.9% / MA上昇配列 / 増収+20% / ROE55%
8377,ほくほくフィナンシャルグループ,銀行業,42.9,★★☆☆☆,18.5,0.0,4.0,0.0,8.2,9.0,3.2,0.0,見送り(地合い🔴),Emerson,4.5,12.5,4.9,2.0,6813,7552.0,-5.7,1.4,3837,Emerson+6.9%連動(β0.38) 未反応+4.5% / MA上昇配列 / パーフェクトオーダー / 開示[自己株式の取得](1日前) / 開示[株式分割](11日前) / 増収+25% / PER16倍
4980,デクセリアルズ,化学,42.7,★★☆☆☆,28.2,6.0,0.0,0.0,0.0,8.5,0.0,0.0,見送り(地合い🔴),Eaton,8.6,-14.6,6.3,-13.2,2886,3300.0,-9.3,1.0,5776,Eaton+15.0%連動(β0.43) 未反応+8.6% / 光通信・電線(-5.5%) / ROE27% / PER22倍
5805,ＳＷＣＣ,非鉄金属,42.7,★★☆☆☆,24.0,6.0,1.0,0.0,2.7,9.0,0.0,0.0,見送り(地合い🔴),Eaton,2.6,-2.2,6.2,-3.7,9804,11200.0,-2.4,1.5,4777,Eaton+15.0%連動(β0.43) 未反応+2.6% / 光通信・電線(-5.5%) / 増収+27% / ROE21% / PER19倍
5975,東プレ,金属製品,42.6,★★☆☆☆,22.1,0.0,3.0,0.0,12.0,5.5,0.0,0.0,見送り(地合い🔴),Eaton,4.0,12.3,2.5,2.2,2593,2732.0,-0.6,1.4,196,Eaton+15.0%連動(β0.27) 未反応+4.0% / MA上昇配列 / パーフェクトオーダー / PER7倍
4443,Ｓａｎｓａｎ,情報・通信業,42.5,★★☆☆☆,24.5,0.0,1.0,0.0,10.0,7.0,0.0,0.0,見送り(地合い🔴),Microsoft,7.2,20.9,5.5,8.1,1713,1927.0,1.4,0.7,3378,Microsoft+9.2%連動(β0.54) 未反応+7.2% / MA上昇配列 / パーフェクトオーダー / 増収+20% / ROE36%
8002,丸紅,卸売業,42.4,★★☆☆☆,22.3,0.0,3.3,0.0,7.0,7.0,2.8,0.0,見送り(地合い🔴),Eaton,6.8,12.0,3.5,1.6,4778,5132.0,-5.8,2.7,23990,Eaton+15.0%連動(β0.28) 未反応+6.8% / 出来高増2.7倍 / 開示[自己株式の取得](1日前) / 増収+21% / PER15倍
7282,豊田合成,輸送用機器,42.3,★★☆☆☆,20.3,0.0,4.0,0.0,11.0,7.0,0.0,0.0,見送り(地合い🔴),Eaton,3.5,7.0,3.7,0.4,4766,5145.0,-0.8,1.7,2866,Eaton+15.0%連動(β0.26) 未反応+3.5% / MA上昇配列 / パーフェクトオーダー / 増収+17% / PER11倍
6954,ファナック,電気機器,42.2,★★☆☆☆,24.5,6.0,5.7,0.0,0.0,6.0,0.0,0.0,見送り(地合い🔴),Eaton,9.1,-9.2,6.8,-11.6,5282,6114.0,-9.9,3.6,46814,Eaton+15.0%連動(β0.34) 未反応+9.1% / ロボット(-6.7%) / 出来高急増3.6倍 / 増収+18%
5803,フジクラ,非鉄金属,42.0,★★☆☆☆,30.0,6.0,0.0,0.0,0.0,6.0,0.0,0.0,見送り(地合い🔴),Eaton,4.9,-11.3,8.5,-11.6,3563,4290.0,-0.8,0.9,187698,Eaton+15.0%連動(β0.68) 未反応+4.9% / 光通信・電線(-5.5%) / 増収+22% / ROE32%
8306,三菱ＵＦＪフィナンシャル・グループ,銀行業,41.599999999999994,★★☆☆☆,21.4,0.0,3.0,0.0,8.2,9.0,0.0,0.0,見送り(地合い🔴),Eaton,6.3,15.8,3.4,1.5,3323,3567.0,-6.1,1.2,163817,Eaton+15.0%連動(β0.25) 未反応+6.3% / MA上昇配列 / パーフェクトオーダー / 増収+29% / PER16倍
6302,住友重機械工業,機械,41.5,★★☆☆☆,22.2,0.0,1.0,0.0,11.0,4.5,2.8,0.0,見送り(地合い🔴),Eaton,3.7,7.3,3.9,1.2,4876,5287.0,-2.4,1.3,4105,Eaton+15.0%連動(β0.29) 未反応+3.7% / MA上昇配列 / パーフェクトオーダー / 開示[自己株式の取得](1日前) / PER22倍
6301,小松製作所,機械,41.1,★★☆☆☆,24.8,0.0,0.0,0.0,7.0,6.5,2.8,0.0,見送り(地合い🔴),Eaton,5.0,10.6,3.8,2.8,6244,6760.0,-2.0,1.1,22328,Eaton+15.0%連動(β0.34) 未反応+5.0% / 開示[自己株式の取得](1日前) / PER17倍
6961,エンプラス,電気機器,41.0,★★☆☆☆,30.0,0.0,2.0,0.0,0.0,9.0,0.0,0.0,見送り(地合い🔴),Coherent,13.7,-7.1,9.9,-9.1,8989,11220.0,-13.9,1.7,2403,Coherent+30.0%連動(β0.25) 未反応+13.7% / 増収+40% / PER20倍
7735,ＳＣＲＥＥＮホールディングス,電気機器,41.0,★★☆☆☆,29.5,6.0,1.0,0.0,0.0,4.5,0.0,0.0,見送り(地合い🔴),Eaton,19.9,-26.2,10.7,-25.4,9709,12350.0,-22.3,1.1,61669,Eaton+15.0%連動(β0.47) 未反応+19.9% / 半導体製造装置(-11.8%) / ROE19%
6988,日東電工,化学,40.6,★★☆☆☆,23.1,0.0,1.0,0.0,9.0,7.5,0.0,0.0,見送り(地合い🔴),Eaton,7.3,12.5,3.7,2.0,3100,3349.0,-3.0,1.2,12005,Eaton+15.0%連動(β0.30) 未反応+7.3% / MA上昇配列 / PER17倍
7012,川崎重工業,輸送用機器,40.5,★★☆☆☆,26.8,6.0,0.0,0.0,2.7,5.0,0.0,0.0,見送り(地合い🔴),Eaton,4.7,4.6,4.3,-2.0,2476,2708.0,-1.0,0.7,36472,Eaton+15.0%連動(β0.40) 未反応+4.7% / 防衛(-1.9%) / PER22倍
4901,富士フイルムホールディングス,化学,40.4,★★☆☆☆,19.4,0.0,2.0,0.0,13.5,5.5,0.0,0.0,見送り(地合い🔴),Amazon,3.3,12.9,2.5,3.6,3590,3778.0,-1.4,1.2,14147,Amazon+17.8%連動(β0.22) 未反応+3.3% / MA上昇配列 / パーフェクトオーダー / 52週高値目前 / PER16倍
6758,ソニーグループ,電気機器,40.2,★★☆☆☆,22.7,0.0,2.0,0.0,8.0,7.5,0.0,0.0,見送り(地合い🔴),Amazon,6.3,14.8,3.3,3.5,3350,3589.0,0.4,1.5,66168,Amazon+17.8%連動(β0.24) 未反応+6.3% / MA上昇配列 / PER19倍
8541,愛媛銀行,銀行業,40.0,★★☆☆☆,17.2,0.0,5.3,0.0,11.0,6.5,0.0,0.0,見送り(地合い🔴),Emerson,10.9,29.6,5.3,10.1,2393,2675.0,-8.3,1.0,1030,Emerson+6.9%連動(β0.30) 未反応+10.9% / 買い出来高優勢 / 資金流入増 / MA上昇配列 / パーフェクトオーダー / PER14倍
6871,日本マイクロニクス,電気機器,39.9,★☆☆☆☆,25.9,6.0,1.0,0.0,0.0,7.0,0.0,0.0,見送り(地合い🔴),Eaton,2.6,-4.8,10.7,-9.2,10889,13860.0,-6.4,1.0,20206,Eaton+15.0%連動(β0.64) 未反応+2.6% / 半導体製造装置(-11.8%) / 増収+26% / ROE24%
5830,いよぎんホールディングス,銀行業,39.9,★☆☆☆☆,16.9,0.0,2.0,0.0,12.0,9.0,0.0,0.0,見送り(地合い🔴),SK hynix,4.1,16.2,4.2,5.5,3284,3588.0,-5.2,1.0,3813,SK hynix+11.8%連動(β0.17) 未反応+4.1% / MA上昇配列 / パーフェクトオーダー / 増収+355% / PER14倍
8370,紀陽銀行,銀行業,39.8,★☆☆☆☆,17.3,0.0,4.0,0.0,9.5,9.0,0.0,0.0,見送り(地合い🔴),Emerson,5.5,12.7,3.6,1.3,4394,4735.0,-5.5,1.7,913,Emerson+6.9%連動(β0.31) 未反応+5.5% / MA上昇配列 / パーフェクトオーダー / 増収+29% / PER14倍
9065,山九,陸運業,39.7,★☆☆☆☆,16.0,0.0,4.7,0.0,12.0,4.0,3.0,0.0,見送り(地合い🔴),Emerson,6.0,11.0,2.4,0.6,8560,8993.0,-3.1,3.5,1867,Emerson+6.9%連動(β0.24) 未反応+6.0% / 出来高急増3.5倍 / MA上昇配列 / パーフェクトオーダー / 開示[自己株式の取得](0日前) / PER14倍
8078,阪和興業,卸売業,39.699999999999996,★☆☆☆☆,19.4,0.0,2.0,0.0,10.0,5.5,2.8,0.0,見送り(地合い🔴),Eaton,3.0,7.7,2.4,0.3,1635,1718.0,-0.9,1.1,806,Eaton+15.0%連動(β0.28) 未反応+3.0% / MA上昇配列 / パーフェクトオーダー / 開示[自己株式の取得](1日前) / PER9倍
6952,カシオ計算機,電気機器,39.4,★☆☆☆☆,9.9,0.0,6.7,0.0,15.0,7.5,3.3,-3.0,見送り(地合い🔴),Amazon,-21.3,24.6,3.4,17.8,2019,2164.5,21.9,4.7,2249,Amazon+17.8%連動(β0.22) / 出来高急増4.7倍 / MA上昇配列 / パーフェクトオーダー / 52週高値ブレイク! / 伸びすぎ注意(25MA+18%) / 開示[業績予想の修正](4日前) / 開示[自己株式の取得](7日前) / 増収+20%
7327,第四北越フィナンシャルグループ,銀行業,39.3,★☆☆☆☆,13.9,0.0,5.3,0.0,8.2,9.0,2.9,0.0,見送り(地合い🔴),Emerson,2.9,13.0,3.3,1.8,2155,2309.0,-3.9,2.0,1969,Emerson+6.9%連動(β0.30) 未反応+2.9% / 出来高増2.0倍 / MA上昇配列 / パーフェクトオーダー / 開示[上方修正](4日前) / 増収+18% / PER14倍
7745,Ａ＆Ｄホロンホールディングス,精密機器,39.2,★☆☆☆☆,16.7,0.0,3.0,0.0,12.0,7.5,0.0,0.0,見送り(地合い🔴),Eaton,0.2,13.0,4.0,5.0,2807,3050.0,2.6,1.4,299,Eaton+15.0%連動(β0.43) / MA上昇配列 / パーフェクトオーダー / PER15倍
3697,ＳＨＩＦＴ,情報・通信業,39.2,★☆☆☆☆,24.7,0.0,2.0,0.0,8.0,7.5,0.0,-3.0,見送り(地合い🔴),Microsoft,13.0,32.1,7.0,15.7,753,874.7999877929688,-0.8,0.6,7437,Microsoft+9.2%連動(β0.55) 未反応+13.0% / MA上昇配列 / 伸びすぎ注意(25MA+16%) / 増収+30% / ROE17%
6517,デンヨー,電気機器,39.1,★☆☆☆☆,10.0,0.0,7.7,0.0,12.5,7.0,4.9,-3.0,見送り(地合い🔴),Eaton,-16.6,26.1,3.1,19.1,4069,4335.0,18.3,4.3,214,Eaton+15.0%連動(β0.27) / 出来高急増4.3倍 / MA上昇配列 / パーフェクトオーダー / 52週高値ブレイク! / RSI過熱(87)⚠ / 伸びすぎ注意(25MA+19%) / 開示[自己株式の取得](1日前) / 開示[増配](4日前) / 増収+15% / PER15倍
8388,阿波銀行,銀行業,39.0,★☆☆☆☆,17.3,0.0,3.0,0.0,9.5,8.0,1.2,0.0,見送り(地合い🔴),Emerson,6.9,19.3,4.7,5.6,7573,8350.0,-5.8,1.1,1039,Emerson+6.9%連動(β0.31) 未反応+6.9% / MA上昇配列 / パーフェクトオーダー / 開示[業績予想の修正](7日前) / 増収+78% / PER21倍
4118,カネカ,化学,38.9,★☆☆☆☆,17.8,0.0,4.3,0.0,11.0,3.0,2.8,0.0,見送り(地合い🔴),Eaton,3.3,8.2,2.1,0.3,5488,5725.0,-2.7,2.1,1198,Eaton+15.0%連動(β0.21) 未反応+3.3% / 出来高増2.1倍 / MA上昇配列 / パーフェクトオーダー / 52週高値目前 / 開示[自己株式の取得](1日前) / PER11倍
3994,マネーフォワード,情報・通信業,38.6,★☆☆☆☆,25.4,0.0,3.0,0.0,6.2,4.0,0.0,0.0,見送り(地合い🔴),Microsoft,13.1,23.8,8.1,3.7,4381,5228.0,-8.3,0.6,3204,Microsoft+9.2%連動(β0.58) 未反応+13.1% / MA上昇配列 / パーフェクトオーダー / 増収+24%
2492,インフォマート,サービス業,38.6,★☆☆☆☆,22.1,0.0,2.0,0.0,10.0,4.5,0.0,0.0,見送り(地合い🔴),NASDAQ,8.9,17.6,6.0,6.3,460,522.0,-5.1,1.4,1662,NASDAQ+5.8%連動(β0.69) 未反応+8.9% / MA上昇配列 / パーフェクトオーダー
4689,ＬＩＮＥヤフー,情報・通信業,38.5,★☆☆☆☆,22.8,0.0,2.0,0.0,6.2,7.5,0.0,0.0,見送り(地合い🔴),Amazon,5.3,10.5,2.8,0.5,421,446.5,1.2,1.8,6386,Amazon+17.8%連動(β0.24) 未反応+5.3% / MA上昇配列 / パーフェクトオーダー / PER17倍
6250,やまびこ,機械,38.5,★☆☆☆☆,14.6,0.0,3.0,0.0,12.0,7.0,1.9,0.0,見送り(地合い🔴),Eaton,1.2,9.0,3.3,3.4,3688,3950.0,0.8,1.9,320,Eaton+15.0%連動(β0.29) 未反応+1.2% / MA上昇配列 / パーフェクトオーダー / 開示[子会社化](1日前) / 増収+61% / PER11倍
4733,オービックビジネスコンサルタント,情報・通信業,38.400000000000006,★☆☆☆☆,19.1,0.0,4.3,0.0,9.0,6.0,0.0,0.0,見送り(地合い🔴),Microsoft,4.5,30.6,4.7,13.5,7134,7873.0,-1.4,0.6,2673,Microsoft+9.2%連動(β0.31) 未反応+4.5% / 買い出来高優勢 / MA上昇配列
6806,ヒロセ電機,電気機器,38.3,★☆☆☆☆,18.1,0.0,2.0,0.0,2.2,7.5,8.5,0.0,見送り(地合い🔴),Eaton,3.0,2.0,4.4,-1.5,24921,27335.0,-3.9,1.0,5115,Eaton+15.0%連動(β0.24) 未反応+3.0% / 開示[業績予想の修正](0日前) / 開示[自己株式の取得](0日前) / 増収+22%
6103,オークマ,機械,38.2,★☆☆☆☆,24.2,0.0,1.0,0.0,7.0,6.0,0.0,0.0,見送り(地合い🔴),Eaton,3.7,7.5,3.9,0.5,4512,4890.0,-2.6,1.3,2406,Eaton+15.0%連動(β0.35) 未反応+3.7% / MA上昇配列 / パーフェクトオーダー / 増収+20% / PER25倍
6951,日本電子,電気機器,37.9,★☆☆☆☆,21.4,0.0,2.0,0.0,8.5,6.0,0.0,0.0,見送り(地合い🔴),Amazon,1.9,16.1,5.1,3.6,7319,8148.0,-2.0,0.6,2876,Amazon+17.8%連動(β0.35) 未反応+1.9% / MA上昇配列 / パーフェクトオーダー / ROE16% / PER19倍
4220,リケンテクノス,化学,37.9,★☆☆☆☆,11.0,0.0,9.0,0.0,12.5,6.5,3.9,-5.0,見送り(地合い🔴),Eaton,-41.7,57.8,4.4,42.2,2391,2621.0,43.1,8.4,311,Eaton+15.0%連動(β0.29) / 出来高急増8.4倍 / 買い出来高優勢 / MA上昇配列 / パーフェクトオーダー / 52週高値ブレイク! / RSI過熱(87)⚠ / 過熱⚠25MA+42% / 開示[業績予想の修正](4日前) / 開示[自己株式取得](4日前) / PER17倍
6305,日立建機,機械,37.8,★☆☆☆☆,24.3,0.0,3.3,0.0,3.7,6.5,0.0,0.0,見送り(地合い🔴),Eaton,8.5,6.6,4.1,-1.6,4814,5244.0,-7.7,2.5,6170,Eaton+15.0%連動(β0.33) 未反応+8.5% / 出来高増2.5倍 / PER15倍
3993,ＰＫＳＨＡ　Ｔｅｃｈｎｏｌｏｇｙ,情報・通信業,37.8,★☆☆☆☆,15.3,7.7,4.0,0.0,2.2,6.5,2.1,0.0,見送り(地合い🔴),NASDAQ,1.4,11.0,3.9,1.7,2624,2846.0,1.6,1.6,838,NASDAQ+5.8%連動(β0.76) 未反応+1.4% / 生成AI・ソフト(+0.9%) / 開示[自己株式取得](4日前) / 増収+89%
8600,トモニホールディングス,銀行業,37.8,★☆☆☆☆,17.5,0.0,3.3,0.0,12.0,5.0,0.0,0.0,見送り(地合い🔴),Emerson,5.4,20.8,3.6,5.8,932,1004.0,-4.4,1.2,614,Emerson+6.9%連動(β0.32) 未反応+5.4% / 買い出来高優勢 / MA上昇配列 / パーフェクトオーダー / PER12倍
6326,クボタ,機械,37.5,★☆☆☆☆,22.3,0.0,1.0,0.0,2.2,6.5,5.5,0.0,見送り(地合い🔴),Eaton,5.2,7.5,3.1,-1.1,2546,2717.0,-5.7,1.3,8355,Eaton+15.0%連動(β0.28) 未反応+5.2% / 開示[業績予想の修正](0日前) / 開示[自己株式取得](0日前) / PER16倍
8360,山梨中央銀行,銀行業,37.5,★☆☆☆☆,17.9,0.0,3.0,0.0,8.2,7.0,1.4,0.0,見送り(地合い🔴),Emerson,5.7,11.5,5.5,1.7,5930,6670.0,-8.1,1.6,1014,Emerson+6.9%連動(β0.34) 未反応+5.7% / MA上昇配列 / パーフェクトオーダー / 開示[株式分割](4日前) / 増収+86% / PER20倍
4755,楽天グループ,サービス業,37.5,★☆☆☆☆,26.0,0.0,2.0,0.0,8.0,1.5,0.0,0.0,見送り(地合い🔴),Amazon,4.4,18.8,2.9,5.8,794,841.7999877929688,3.3,0.9,10772,Amazon+17.8%連動(β0.32) 未反応+4.4% / MA上昇配列
8001,伊藤忠商事,卸売業,37.400000000000006,★☆☆☆☆,19.1,0.0,1.0,0.0,9.0,5.5,2.8,0.0,見送り(地合い🔴),Eaton,3.5,14.3,2.1,3.5,1910,1995.5,0.6,1.2,27370,Eaton+15.0%連動(β0.23) 未反応+3.5% / MA上昇配列 / 開示[自己株式の取得](1日前) / PER15倍
9682,ＤＴＳ,情報・通信業,37.400000000000006,★☆☆☆☆,16.6,0.0,4.3,0.0,7.7,6.0,2.8,0.0,見送り(地合い🔴),NASDAQ,6.4,11.8,3.0,0.4,1015,1080.0,-3.5,2.0,673,NASDAQ+5.8%連動(β0.32) 未反応+6.4% / 出来高増2.0倍 / MA上昇配列 / 開示[自己株式の取得](1日前) / ROE19% / PER15倍
6141,ＤＭＧ森精機,機械,37.4,★☆☆☆☆,20.2,0.0,2.0,0.0,9.7,3.0,2.5,0.0,見送り(地合い🔴),Eaton,1.8,8.3,5.1,4.0,3359,3738.0,-1.5,1.4,4369,Eaton+15.0%連動(β0.39) 未反応+1.8% / MA上昇配列 / パーフェクトオーダー / 開示[業績予想の修正](0日前) / 増収+18%
7011,三菱重工業,機械,37.4,★☆☆☆☆,25.2,6.0,0.0,0.0,1.2,5.0,0.0,0.0,見送り(地合い🔴),Eaton,5.4,8.8,3.4,-0.4,3539,3799.0,-2.4,1.2,71442,Eaton+15.0%連動(β0.35) 未反応+5.4% / 防衛(-1.9%)
8084,ＲＹＯＤＥＮ,卸売業,37.3,★☆☆☆☆,4.0,0.0,8.0,0.0,13.7,6.0,5.6,0.0,見送り(地合い🔴),S&P500,-8.7,20.8,3.3,12.7,4204,4500.0,14.6,3.4,227,S&P500+4.0%連動(β0.40) / 出来高急増3.4倍 / 買い出来高優勢 / MA上昇配列 / パーフェクトオーダー / 52週高値ブレイク! / 開示[株式分割](4日前) / 開示[自己株式の取得](4日前) / 増収+24% / PER18倍
5801,古河電気工業,非鉄金属,37.0,★☆☆☆☆,23.5,6.0,0.0,0.0,1.5,6.0,0.0,0.0,見送り(地合い🔴),Eaton,1.8,-11.4,9.3,-10.6,2606,3200.0,-2.3,0.9,60132,Eaton+15.0%連動(β0.55) 未反応+1.8% / 光通信・電線(-5.5%) / ROE19%
6727,ワコム,電気機器,36.8,★☆☆☆☆,22.8,0.0,2.0,0.0,6.0,6.0,0.0,0.0,見送り(地合い🔴),Eaton,3.8,8.1,3.7,1.7,725,783.0,-0.8,1.3,680,Eaton+15.0%連動(β0.31) 未反応+3.8% / ROE30% / PER11倍
4478,フリー,情報・通信業,36.0,★☆☆☆☆,25.0,0.0,0.0,0.0,8.0,3.0,0.0,0.0,見送り(地合い🔴),Microsoft,5.7,28.6,5.6,8.9,2265,2550.0,0.0,0.9,1048,Microsoft+9.2%連動(β0.56) 未反応+5.7% / MA上昇配列 / 増収+27%
5444,大和工業,鉄鋼,36.0,★☆☆☆☆,15.2,0.0,3.0,0.0,12.0,4.0,1.8,0.0,見送り(地合い🔴),Emerson,3.3,14.6,3.6,3.3,12294,13235.0,-1.2,1.4,2000,Emerson+6.9%連動(β0.31) 未反応+3.3% / MA上昇配列 / パーフェクトオーダー / 開示[業績予想の修正](4日前) / PER13倍
8031,三井物産,卸売業,35.9,★☆☆☆☆,21.7,0.0,1.0,0.0,6.0,4.0,3.2,0.0,見送り(地合い🔴),Eaton,4.2,14.5,2.6,2.9,4622,4874.0,-2.0,1.2,30571,Eaton+15.0%連動(β0.26) 未反応+4.2% / 開示[自己株式取得](0日前) / 開示[買収](13日前) / PER17倍
4186,東京応化工業,化学,35.8,★☆☆☆☆,28.7,0.0,0.0,0.0,0.0,5.5,1.6,0.0,見送り(地合い🔴),Eaton,8.0,-9.7,8.2,-12.4,7424,8872.0,-10.8,0.8,9635,Eaton+15.0%連動(β0.45) 未反応+8.0% / 開示[業績予想の修正](5日前) / 増収+93%
6841,横河電機,電気機器,35.4,★☆☆☆☆,21.2,0.0,1.0,0.0,8.2,5.0,0.0,0.0,見送り(地合い🔴),Eaton,3.5,6.7,3.9,1.0,5256,5704.0,-5.3,1.0,6087,Eaton+15.0%連動(β0.29) 未反応+3.5% / MA上昇配列 / パーフェクトオーダー
6506,安川電機,電気機器,35.1,★☆☆☆☆,25.1,6.0,1.0,0.0,0.0,3.0,0.0,0.0,見送り(地合い🔴),Amazon,2.8,-25.4,7.1,-16.5,4233,4935.0,-6.1,0.7,49570,Amazon+17.8%連動(β0.37) 未反応+2.8% / ロボット(-6.7%)
6266,タツモ,機械,35.0,★☆☆☆☆,30.0,0.0,1.0,0.0,0.0,4.0,0.0,0.0,見送り(地合い🔴),Eaton,6.2,-7.9,9.9,-11.7,3266,4075.0,-9.3,0.6,1666,Eaton+15.0%連動(β0.50) 未反応+6.2% / PER17倍
3151,バイタルケーエスケー・ホールディングス,卸売業,34.900000000000006,★☆☆☆☆,16.1,0.0,1.0,0.0,12.0,3.0,2.8,0.0,見送り(地合い🔴),S&P500,4.9,15.7,2.3,1.8,1560,1634.0,-1.2,1.1,126,S&P500+4.0%連動(β0.41) 未反応+4.9% / MA上昇配列 / パーフェクトオーダー / 開示[自己株式の取得](1日前) / PER11倍
6463,ＴＰＲ,機械,34.9,★☆☆☆☆,8.5,0.0,4.0,0.0,13.5,4.5,4.4,0.0,見送り(地合い🔴),Eaton,-1.2,15.1,2.5,5.8,1435,1509.0,4.0,1.8,212,Eaton+15.0%連動(β0.23) / MA上昇配列 / パーフェクトオーダー / 52週高値目前 / 開示[自己株式の取得](1日前) / 開示[業績予想の修正](5日前) / PER10倍
7613,シークス,卸売業,33.8,★☆☆☆☆,18.0,0.0,1.0,0.0,11.0,1.5,2.3,0.0,見送り(地合い🔴),Eaton,2.4,17.3,2.6,5.3,1354,1428.0,-1.0,1.0,256,Eaton+15.0%連動(β0.29) 未反応+2.4% / MA上昇配列 / パーフェクトオーダー / 開示[業績予想の修正](1日前)
4970,東洋合成工業,化学,33.5,★☆☆☆☆,30.0,0.0,2.0,0.0,0.0,1.5,0.0,0.0,見送り(地合い🔴),Eaton,4.5,-16.1,7.9,-13.8,10883,12940.0,-13.7,1.6,962,Eaton+15.0%連動(β0.51) 未反応+4.5%
7220,武蔵精密工業,輸送用機器,32.5,★☆☆☆☆,30.0,0.0,0.0,0.0,1.5,1.0,0.0,0.0,見送り(地合い🔴),Eaton,4.3,-14.6,7.8,-7.7,2672,3170.0,5.0,0.6,4830,Eaton+15.0%連動(β0.52) 未反応+4.3%
6473,ジェイテクト,機械,32.3,★☆☆☆☆,16.1,0.0,4.0,0.0,10.7,1.5,0.0,0.0,見送り(地合い🔴),Eaton,1.7,8.0,3.7,1.6,1962,2119.5,0.7,1.7,2696,Eaton+15.0%連動(β0.30) 未反応+1.7% / MA上昇配列 / パーフェクトオーダー
6707,サンケン電気,電気機器,31.0,★☆☆☆☆,30.0,0.0,1.0,0.0,0.0,0.0,0.0,0.0,見送り(地合い🔴),Eaton,5.8,-13.8,6.2,-12.7,7488,8544.0,-3.5,1.3,1293,Eaton+15.0%連動(β0.58) 未反応+5.8%
7609,ダイトロン,卸売業,30.1,★☆☆☆☆,10.8,0.0,5.7,0.0,8.5,0.0,5.1,0.0,見送り(地合い🔴),Eaton,-4.6,6.1,4.8,3.0,3234,3580.0,3.5,3.4,410,Eaton+15.0%連動(β0.29) / 出来高急増3.4倍 / MA上昇配列 / パーフェクトオーダー / 開示[業績予想の修正](1日前) / 開示[自己株式取得](1日前)
6504,富士電機,電気機器,30.0,★☆☆☆☆,15.4,6.0,2.0,0.0,5.0,0.0,1.6,0.0,見送り(地合い🔴),Eaton,-7.6,12.9,5.3,7.9,12637,14130.0,8.8,1.9,14054,Eaton+15.0%連動(β0.41) / AIデータセンター・電力(-0.4%) / 開示[業績予想の修正](5日前)
2146,ＵＴグループ,サービス業,30.0,★☆☆☆☆,20.3,0.0,0.0,0.0,6.7,0.0,3.0,0.0,見送り(地合い🔴),NASDAQ,3.9,12.0,2.1,1.8,175,183.0,-1.1,1.1,1029,NASDAQ+5.8%連動(β0.58) 未反応+3.9% / MA上昇配列 / 開示[自己株式の取得](0日前)
6787,メイコー,電気機器,30.0,★☆☆☆☆,30.0,0.0,0.0,0.0,0.0,0.0,0.0,0.0,見送り(地合い🔴),Amazon,6.3,-19.2,9.3,-15.4,17251,21180.0,-7.9,0.8,10237,Amazon+17.8%連動(β0.44) 未反応+6.3%
5440,共英製鋼,鉄鋼,30.0,★☆☆☆☆,17.3,0.0,5.3,0.0,6.0,0.0,1.4,0.0,見送り(地合い🔴),Emerson,5.2,13.9,2.5,1.6,1784,1876.0,-2.8,2.3,220,Emerson+6.9%連動(β0.31) 未反応+5.2% / 出来高増2.3倍 / 開示[設備投資](4日前)
6590,芝浦メカトロニクス,電気機器,30.0,★☆☆☆☆,30.0,0.0,0.0,0.0,0.0,0.0,0.0,0.0,見送り(地合い🔴),Coherent,10.0,-16.1,9.9,-12.5,3616,4505.0,-12.4,0.7,12909,Coherent+30.0%連動(β0.25) 未反応+10.0%
3110,日東紡績,ガラス・土石製品,30.0,★☆☆☆☆,30.0,0.0,0.0,0.0,0.0,0.0,0.0,0.0,見送り(地合い🔴),Coherent,11.8,-14.9,8.7,-17.3,2294,2775.0,-12.3,0.9,15698,Coherent+30.0%連動(β0.27) 未反応+11.8%
8316,三井住友フィナンシャルグループ,銀行業,29.9,★☆☆☆☆,21.3,0.0,2.0,0.0,2.0,0.0,4.6,0.0,見送り(地合い🔴),Eaton,8.3,7.7,3.4,-3.1,6162,6614.0,-8.3,1.6,93853,Eaton+15.0%連動(β0.25) 未反応+8.3% / 開示[自己株式の取得](1日前) / 開示[株式分割](1日前)
3984,ユーザーローカル,情報・通信業,29.9,★☆☆☆☆,20.2,0.0,0.0,0.0,6.7,0.0,3.0,0.0,見送り(地合い🔴),Microsoft,3.6,8.7,2.8,1.5,1694,1795.0,-0.6,0.9,121,Microsoft+9.2%連動(β0.41) 未反応+3.6% / MA上昇配列 / 開示[自己株式の取得](0日前)
6395,タダノ,機械,29.9,★☆☆☆☆,22.9,0.0,0.0,0.0,7.0,0.0,0.0,0.0,見送り(地合い🔴),Eaton,4.7,12.1,3.1,2.9,1251,1334.0,-2.5,1.2,542,Eaton+15.0%連動(β0.29) 未反応+4.7%
6728,アルバック,電気機器,29.7,★☆☆☆☆,29.7,0.0,0.0,0.0,0.0,0.0,0.0,0.0,見送り(地合い🔴),Eaton,3.9,-6.1,7.2,-10.3,7361,8597.0,-7.6,1.1,5119,Eaton+15.0%連動(β0.48) 未反応+3.9%
6770,アルプスアルパイン,電気機器,29.6,★☆☆☆☆,18.8,0.0,4.0,0.0,4.7,0.0,2.1,0.0,見送り(地合い🔴),NASDAQ,8.1,6.8,3.5,-1.5,1942,2087.5,-6.6,1.8,3776,NASDAQ+5.8%連動(β0.47) 未反応+8.1% / 開示[自己株式取得](4日前)
5401,日本製鉄,鉄鋼,29.599999999999998,★☆☆☆☆,14.1,0.0,4.3,0.0,8.7,0.0,2.5,0.0,見送り(地合い🔴),Emerson,3.0,26.6,2.5,10.1,615,647.0,1.6,1.1,25955,Emerson+6.9%連動(β0.29) 未反応+3.0% / 買い出来高優勢 / MA上昇配列 / 開示[業績予想の修正](0日前)
8411,みずほフィナンシャルグループ,銀行業,29.599999999999998,★☆☆☆☆,21.9,0.0,1.0,0.0,2.0,0.0,4.7,0.0,見送り(地合い🔴),Eaton,5.4,8.8,4.2,-1.6,7419,8094.0,-6.2,1.1,84568,Eaton+15.0%連動(β0.26) 未反応+5.4% / 開示[自己株式の取得](1日前) / 開示[自己株式取得](5日前)
6387,サムコ,機械,29.5,★☆☆☆☆,29.5,0.0,0.0,0.0,0.0,0.0,0.0,0.0,見送り(地合い🔴),Eaton,4.2,-27.2,11.0,-22.5,6640,8520.0,-7.7,0.8,1147,Eaton+15.0%連動(β0.47) 未反応+4.2%
5970,ジーテクト,金属製品,29.5,★☆☆☆☆,15.5,0.0,2.0,0.0,12.0,0.0,0.0,0.0,見送り(地合い🔴),S&P500,3.5,9.8,1.8,0.3,2033,2110.0,-1.4,1.4,216,S&P500+4.0%連動(β0.50) 未反応+3.5% / MA上昇配列 / パーフェクトオーダー
7780,メニコン,精密機器,29.4,★☆☆☆☆,16.4,0.0,3.0,0.0,10.0,0.0,0.0,0.0,見送り(地合い🔴),NASDAQ,3.5,10.9,2.9,2.5,1641,1744.0,-1.2,1.4,349,NASDAQ+5.8%連動(β0.41) 未反応+3.5% / MA上昇配列 / パーフェクトオーダー
6432,竹内製作所,機械,29.0,★☆☆☆☆,24.8,0.0,1.0,0.0,3.2,0.0,0.0,0.0,見送り(地合い🔴),Eaton,7.1,7.0,4.0,-0.5,6694,7280.0,-6.3,0.8,2598,Eaton+15.0%連動(β0.34) 未反応+7.1%
6526,ソシオネクスト,電気機器,29.0,★☆☆☆☆,29.0,0.0,0.0,0.0,0.0,0.0,0.0,0.0,見送り(地合い🔴),Eaton,12.4,-20.8,9.0,-17.8,1662,2028.5,-15.4,1.1,23367,Eaton+15.0%連動(β0.45) 未反応+12.4%
9962,ミスミグループ本社,卸売業,29.0,★☆☆☆☆,13.2,0.0,4.3,0.0,8.7,0.0,2.8,0.0,見送り(地合い🔴),Amazon,-9.0,3.0,4.5,3.2,3595,3952.0,7.5,2.8,5577,Amazon+17.8%連動(β0.30) / 出来高増2.8倍 / MA上昇配列 / パーフェクトオーダー / 開示[自己株式の取得](1日前)
3696,セレス,情報・通信業,28.900000000000002,★☆☆☆☆,23.1,0.0,3.0,0.0,1.2,0.0,1.6,0.0,見送り(地合い🔴),NASDAQ,4.3,9.9,3.1,-0.1,1992,2124.0,0.9,1.4,316,NASDAQ+5.8%連動(β0.77) 未反応+4.3% / 開示[業績予想の修正](5日前)
4063,信越化学工業,化学,28.9,★☆☆☆☆,24.4,0.0,0.0,0.0,0.0,0.0,4.5,0.0,見送り(地合い🔴),Eaton,5.4,-7.4,5.2,-14.6,5240,5845.0,-4.9,1.0,60171,Eaton+15.0%連動(β0.33) 未反応+5.4% / 開示[自己株式の取得](5日前) / 開示[自己株式取得](5日前)
3445,ＲＳ　Ｔｅｃｈｎｏｌｏｇｉｅｓ,金属製品,28.9,★☆☆☆☆,27.4,0.0,1.0,0.0,0.0,0.0,0.5,0.0,見送り(地合い🔴),Eaton,3.8,-15.9,9.2,-10.5,5211,6380.0,-10.1,1.2,2284,Eaton+15.0%連動(β0.43) 未反応+3.8% / 開示[資本提携](11日前)
7752,リコー,電気機器,28.7,★☆☆☆☆,15.7,0.0,2.0,0.0,11.0,0.0,0.0,0.0,見送り(地合い🔴),S&P500,3.6,17.4,3.1,3.4,1471,1568.0,-4.0,0.8,4252,S&P500+4.0%連動(β0.49) 未反応+3.6% / MA上昇配列 / パーフェクトオーダー
2154,オープンアップグループ,サービス業,28.7,★☆☆☆☆,17.2,0.0,2.0,0.0,9.5,0.0,0.0,0.0,見送り(地合い🔴),NASDAQ,5.7,11.5,2.0,0.1,1898,1977.0,-3.1,1.1,336,NASDAQ+5.8%連動(β0.35) 未反応+5.7% / MA上昇配列 / パーフェクトオーダー
6976,太陽誘電,電気機器,28.7,★☆☆☆☆,28.7,0.0,0.0,0.0,0.0,0.0,0.0,0.0,見送り(地合い🔴),Eaton,10.2,-43.2,13.7,-29.0,7201,9915.0,-14.1,0.9,286744,Eaton+15.0%連動(β0.45) 未反応+10.2%
5344,ＭＡＲＵＷＡ,ガラス・土石製品,28.5,★☆☆☆☆,27.1,0.0,0.0,0.0,0.0,0.0,1.4,0.0,見送り(地合い🔴),Eaton,3.0,-15.9,7.3,-8.4,47506,55630.0,-2.3,1.0,9496,Eaton+15.0%連動(β0.55) 未反応+3.0% / 開示[業績予想の修正](6日前)
4203,住友ベークライト,化学,28.5,★☆☆☆☆,13.6,0.0,6.7,0.0,8.2,0.0,0.0,0.0,見送り(地合い🔴),Eaton,-9.5,5.0,5.5,2.7,6442,7236.0,8.9,6.2,4203,Eaton+15.0%連動(β0.36) / 出来高急増6.2倍 / MA上昇配列 / パーフェクトオーダー
7951,ヤマハ,その他製品,28.5,★☆☆☆☆,17.5,0.0,1.0,0.0,10.0,0.0,0.0,0.0,見送り(地合い🔴),NASDAQ,3.8,14.3,2.5,2.3,1169,1230.5,-2.0,1.3,2586,NASDAQ+5.8%連動(β0.42) 未反応+3.8% / MA上昇配列 / パーフェクトオーダー
4461,第一工業製薬,化学,28.5,★☆☆☆☆,15.1,0.0,2.0,0.0,10.0,0.0,1.4,0.0,見送り(地合い🔴),Eaton,-25.2,0.5,8.6,7.1,9796,11840.0,17.9,1.8,1982,Eaton+15.0%連動(β0.40) / MA上昇配列 / パーフェクトオーダー / 開示[業績予想の修正](6日前)
5943,ノーリツ,金属製品,28.5,★☆☆☆☆,11.7,0.0,2.0,0.0,12.0,0.0,2.8,0.0,見送り(地合い🔴),S&P500,2.7,10.6,1.8,0.8,2272,2356.0,-1.6,1.6,165,S&P500+4.0%連動(β0.35) 未反応+2.7% / MA上昇配列 / パーフェクトオーダー / 開示[自己株式の取得](1日前)
8604,野村ホールディングス,証券、商品先物取引業,28.4,★☆☆☆☆,23.2,0.0,2.0,0.0,3.2,0.0,0.0,0.0,見送り(地合い🔴),Eaton,8.6,10.9,3.8,-1.8,1391,1505.5,-6.2,1.1,18446,Eaton+15.0%連動(β0.30) 未反応+8.6%
8387,四国銀行,銀行業,28.3,★☆☆☆☆,16.8,0.0,2.0,0.0,9.5,0.0,0.0,0.0,見送り(地合い🔴),Emerson,4.8,15.6,4.1,3.8,3084,3360.0,-5.6,1.1,452,Emerson+6.9%連動(β0.28) 未反応+4.8% / MA上昇配列 / パーフェクトオーダー
3661,エムアップホールディングス,情報・通信業,28.3,★☆☆☆☆,20.3,0.0,0.0,0.0,8.0,0.0,0.0,0.0,見送り(地合い🔴),NASDAQ,5.5,11.9,3.2,3.0,725,775.0,-1.4,0.7,498,NASDAQ+5.8%連動(β0.57) 未反応+5.5% / MA上昇配列
6800,ヨコオ,電気機器,28.2,★☆☆☆☆,28.2,0.0,0.0,0.0,0.0,0.0,0.0,0.0,見送り(地合い🔴),Eaton,4.1,-21.7,8.6,-17.1,3302,3990.0,-6.6,1.0,860,Eaton+15.0%連動(β0.43) 未反応+4.1%
5631,日本製鋼所,機械,28.1,★☆☆☆☆,27.1,0.0,1.0,0.0,0.0,0.0,0.0,0.0,見送り(地合い🔴),Eaton,5.2,2.8,4.8,-3.3,6775,7491.0,-2.4,1.4,7271,Eaton+15.0%連動(β0.40) 未反応+5.2%
8795,Ｔ＆Ｄホールディングス,保険業,28.0,★☆☆☆☆,17.0,0.0,0.0,0.0,8.2,0.0,2.8,0.0,見送り(地合い🔴),Emerson,3.7,8.9,2.9,0.0,4685,4969.0,-4.0,0.8,7443,Emerson+6.9%連動(β0.35) 未反応+3.7% / MA上昇配列 / パーフェクトオーダー / 開示[自己株式の取得](1日前)
7240,ＮＯＫ,輸送用機器,28.0,★☆☆☆☆,21.3,0.0,1.0,0.0,5.7,0.0,0.0,0.0,見送り(地合い🔴),Eaton,5.1,8.8,2.5,-0.1,2811,2958.0,-3.7,1.0,1190,Eaton+15.0%連動(β0.25) 未反応+5.1%
8015,豊田通商,卸売業,28.0,★☆☆☆☆,18.2,0.0,1.0,0.0,7.0,0.0,1.8,0.0,見送り(地合い🔴),Eaton,1.9,15.9,3.3,6.0,6234,6669.0,1.7,1.2,19027,Eaton+15.0%連動(β0.34) 未反応+1.9% / 開示[業績予想の修正](4日前)
8386,百十四銀行,銀行業,28.0,★☆☆☆☆,17.5,0.0,1.0,0.0,9.5,0.0,0.0,0.0,見送り(地合い🔴),Emerson,6.7,13.2,4.3,2.0,2552,2792.0,-6.9,1.2,1066,Emerson+6.9%連動(β0.32) 未反応+6.7% / MA上昇配列 / パーフェクトオーダー
6505,東洋電機製造,電気機器,27.9,★☆☆☆☆,11.9,0.0,4.0,0.0,12.0,0.0,0.0,0.0,見送り(地合い🔴),SK hynix,2.3,25.4,4.0,8.0,2158,2346.0,-1.7,0.6,233,SK hynix+11.8%連動(β0.17) 未反応+2.3% / 資金流入増 / MA上昇配列 / パーフェクトオーダー
4187,大阪有機化学工業,化学,27.9,★☆☆☆☆,27.9,0.0,0.0,0.0,0.0,0.0,0.0,0.0,見送り(地合い🔴),Eaton,5.8,-13.2,6.8,-11.9,3964,4590.0,-11.6,1.2,1270,Eaton+15.0%連動(β0.43) 未反応+5.8%
8308,りそなホールディングス,銀行業,27.9,★☆☆☆☆,17.0,0.0,4.0,0.0,2.0,0.0,4.9,0.0,見送り(地合い🔴),Emerson,3.5,8.6,3.7,-1.4,2081,2246.5,-6.1,1.6,24113,Emerson+6.9%連動(β0.39) 未反応+3.5% / 開示[自己株式の取得](1日前) / 開示[自己株式取得](4日前)
5946,長府製作所,金属製品,27.9,★☆☆☆☆,12.6,0.0,4.3,0.0,11.0,0.0,0.0,0.0,見送り(地合い🔴),S&P500,3.1,12.6,2.0,2.1,1988,2069.0,-1.5,0.6,239,S&P500+4.0%連動(β0.32) 未反応+3.1% / 買い出来高優勢 / MA上昇配列 / パーフェクトオーダー
7272,ヤマハ発動機,輸送用機器,27.8,★☆☆☆☆,13.3,0.0,1.0,0.0,11.0,0.0,2.5,0.0,見送り(地合い🔴),Emerson,2.7,15.3,2.9,3.9,1255,1332.5,0.4,1.1,7471,Emerson+6.9%連動(β0.31) 未反応+2.7% / MA上昇配列 / パーフェクトオーダー / 開示[業績予想の修正](0日前)
6941,山一電機,電気機器,27.8,★☆☆☆☆,23.6,0.0,3.0,0.0,1.2,0.0,0.0,0.0,見送り(地合い🔴),Eaton,2.2,0.3,8.3,-3.2,7199,8640.0,-6.5,1.4,2506,Eaton+15.0%連動(β0.45) 未反応+2.2%
8522,名古屋銀行,銀行業,27.8,★☆☆☆☆,18.6,0.0,1.0,0.0,8.2,0.0,0.0,0.0,見送り(地合い🔴),Emerson,6.0,11.8,4.4,0.3,5926,6500.0,-7.0,1.1,969,Emerson+6.9%連動(β0.38) 未反応+6.0% / MA上昇配列 / パーフェクトオーダー
5301,東海カーボン,ガラス・土石製品,27.8,★☆☆☆☆,23.8,0.0,0.0,0.0,1.0,0.0,3.0,0.0,見送り(地合い🔴),Eaton,6.6,-4.0,2.4,-6.7,1465,1537.5,-5.4,1.1,2769,Eaton+15.0%連動(β0.32) 未反応+6.6% / 開示[自己株式取得](0日前)
8399,琉球銀行,銀行業,27.8,★☆☆☆☆,17.3,0.0,1.0,0.0,9.5,0.0,0.0,0.0,見送り(地合い🔴),Emerson,5.1,19.3,4.2,4.6,2690,2936.0,-3.9,1.2,436,Emerson+6.9%連動(β0.31) 未反応+5.1% / MA上昇配列 / パーフェクトオーダー
6383,ダイフク,機械,27.7,★☆☆☆☆,26.7,0.0,1.0,0.0,0.0,0.0,0.0,0.0,見送り(地合い🔴),Amazon,5.4,-10.9,4.5,-10.3,5351,5886.0,-6.6,1.3,10314,Amazon+17.8%連動(β0.33) 未反応+5.4%
6859,エスペック,電気機器,27.7,★☆☆☆☆,22.5,0.0,0.0,0.0,2.2,0.0,3.0,0.0,見送り(地合い🔴),Eaton,5.2,0.0,5.0,-4.1,3514,3905.0,-5.8,0.8,522,Eaton+15.0%連動(β0.28) 未反応+5.2% / 開示[自己株式の取得](0日前)
8336,武蔵野銀行,銀行業,27.7,★☆☆☆☆,17.5,0.0,4.0,0.0,3.2,0.0,3.0,0.0,見送り(地合い🔴),Emerson,6.6,8.7,3.8,-1.3,2388,2587.0,-8.0,1.7,906,Emerson+6.9%連動(β0.32) 未反応+6.6% / 開示[自己株式の取得](0日前)
7383,ネットプロテクションズホールディングス,その他金融業,27.7,★☆☆☆☆,17.7,0.0,3.3,0.0,6.7,0.0,0.0,0.0,見送り(地合い🔴),NASDAQ,2.2,28.4,3.6,11.6,410,441.0,2.6,0.8,273,NASDAQ+5.8%連動(β0.77) 未反応+2.2% / 買い出来高優勢 / MA上昇配列
4180,Ａｐｐｉｅｒ　Ｇｒｏｕｐ,情報・通信業,27.6,★☆☆☆☆,19.6,0.0,0.0,0.0,8.0,0.0,0.0,0.0,見送り(地合い🔴),Amazon,0.5,20.1,4.1,8.4,897,977.0,7.0,1.0,976,Amazon+17.8%連動(β0.44) 未反応+0.5% / MA上昇配列
3836,アバントグループ,情報・通信業,27.5,★☆☆☆☆,18.5,0.0,1.0,0.0,8.0,0.0,0.0,0.0,見送り(地合い🔴),NASDAQ,5.1,15.0,2.8,3.6,1177,1246.0,-0.9,1.5,104,NASDAQ+5.8%連動(β0.45) 未反応+5.1% / MA上昇配列
8050,セイコーグループ,精密機器,27.5,★☆☆☆☆,7.2,0.0,5.3,0.0,15.0,0.0,0.0,0.0,見送り(地合い🔴),SK hynix,-11.5,14.3,5.7,11.4,7541,8520.0,9.8,2.1,2551,SK hynix+11.8%連動(β0.24) / 出来高増2.1倍 / MA上昇配列 / パーフェクトオーダー / 52週高値ブレイク!
6981,村田製作所,電気機器,27.5,★☆☆☆☆,26.5,0.0,1.0,0.0,0.0,0.0,0.0,0.0,見送り(地合い🔴),Amazon,5.7,-26.8,10.9,-19.6,5604,7161.0,-11.6,1.3,265173,Amazon+17.8%連動(β0.33) 未反応+5.7%
7189,西日本フィナンシャルホールディングス,銀行業,27.5,★☆☆☆☆,22.3,0.0,2.0,0.0,3.2,0.0,0.0,0.0,見送り(地合い🔴),Eaton,6.1,9.2,3.7,-0.0,3993,4308.0,-4.9,1.6,1835,Eaton+15.0%連動(β0.28) 未反応+6.1%
6194,アトラエ,サービス業,27.5,★☆☆☆☆,10.1,0.0,5.3,0.0,10.0,0.0,2.1,0.0,見送り(地合い🔴),NASDAQ,0.5,30.3,2.4,8.5,816,857.0,1.9,0.5,166,NASDAQ+5.8%連動(β0.60) / 買い出来高優勢 / 資金流入増 / MA上昇配列 / パーフェクトオーダー / 開示[増配](4日前)
8346,東邦銀行,銀行業,27.5,★☆☆☆☆,17.0,0.0,1.0,0.0,9.5,0.0,0.0,0.0,見送り(地合い🔴),Emerson,4.6,15.6,4.2,3.8,802,875.0,-6.6,1.2,847,Emerson+6.9%連動(β0.29) 未反応+4.6% / MA上昇配列 / パーフェクトオーダー
5214,日本電気硝子,ガラス・土石製品,27.4,★☆☆☆☆,18.1,0.0,4.7,0.0,0.0,0.0,4.6,0.0,見送り(地合い🔴),SK hynix,20.8,-22.3,5.9,-24.1,3876,4394.0,-21.6,3.7,3770,SK hynix+11.8%連動(β0.21) 未反応+20.8% / 出来高急増3.7倍 / 開示[自己株式の取得](1日前) / 開示[業績予想の修正](4日前)
6834,精工技研,電気機器,27.3,★☆☆☆☆,27.3,0.0,0.0,0.0,0.0,0.0,0.0,0.0,見送り(地合い🔴),Coherent,3.4,-20.2,9.3,-14.8,15393,18900.0,-6.1,0.6,3348,Coherent+30.0%連動(β0.23) 未反応+3.4%
6503,三菱電機,電気機器,27.2,★☆☆☆☆,14.2,6.0,3.3,0.0,3.7,0.0,0.0,0.0,見送り(地合い🔴),Eaton,0.7,1.7,5.1,-2.9,4975,5536.0,-2.3,2.4,33870,Eaton+15.0%連動(β0.32) 未反応+0.7% / AIデータセンター・電力(-0.4%) / 出来高増2.4倍
7972,イトーキ,その他製品,27.2,★☆☆☆☆,16.2,0.0,1.0,0.0,10.0,0.0,0.0,0.0,見送り(地合い🔴),Emerson,3.3,14.2,3.1,2.4,2703,2883.0,-1.9,1.1,604,Emerson+6.9%連動(β0.37) 未反応+3.3% / MA上昇配列 / パーフェクトオーダー
6638,ミマキエンジニアリング,電気機器,27.2,★☆☆☆☆,15.7,0.0,2.0,0.0,9.5,0.0,0.0,0.0,見送り(地合い🔴),NASDAQ,2.2,22.4,4.3,4.8,1959,2144.0,-2.5,1.1,266,NASDAQ+5.8%連動(β0.63) 未反応+2.2% / MA上昇配列 / パーフェクトオーダー
7729,東京精密,精密機器,27.1,★☆☆☆☆,20.1,6.0,0.0,0.0,1.0,0.0,0.0,0.0,見送り(地合い🔴),Eaton,0.7,-2.4,7.4,-4.9,14678,17235.0,-3.5,0.8,9261,Eaton+15.0%連動(β0.51) 未反応+0.7% / HBM・後工程(-1.5%)
1976,明星工業,建設業,27.1,★☆☆☆☆,15.8,0.0,5.3,0.0,6.0,0.0,0.0,0.0,見送り(地合い🔴),SK hynix,6.8,9.9,3.8,-0.9,1729,1872.0,-6.1,2.2,188,SK hynix+11.8%連動(β0.13) 未反応+6.8% / 出来高増2.2倍
4324,電通グループ,サービス業,27.0,★☆☆☆☆,17.0,0.0,0.0,0.0,10.0,0.0,0.0,0.0,見送り(地合い🔴),S&P500,4.9,17.0,3.8,3.5,3248,3517.0,-1.2,0.9,5254,S&P500+4.0%連動(β0.49) 未反応+4.9% / MA上昇配列 / パーフェクトオーダー
6920,レーザーテック,電気機器,27.0,★☆☆☆☆,18.0,6.0,3.0,0.0,0.0,0.0,0.0,0.0,見送り(地合い🔴),Eaton,-1.5,-5.6,9.7,-6.6,32941,40910.0,-6.1,1.3,157035,Eaton+15.0%連動(β0.52) / 半導体製造装置(-11.8%)
4848,フルキャストホールディングス,サービス業,27.0,★☆☆☆☆,17.0,0.0,3.3,0.0,6.7,0.0,0.0,0.0,見送り(地合い🔴),S&P500,5.0,16.4,2.2,2.2,1587,1660.0,-1.5,1.0,188,S&P500+4.0%連動(β0.50) 未反応+5.0% / 買い出来高優勢 / MA上昇配列
8750,第一ライフグループ,保険業,27.0,★☆☆☆☆,15.5,0.0,2.0,0.0,9.5,0.0,0.0,0.0,見送り(地合い🔴),Emerson,3.2,11.1,2.9,1.3,1780,1888.5,-3.6,0.9,19211,Emerson+6.9%連動(β0.35) 未反応+3.2% / MA上昇配列 / パーフェクトオーダー
8739,スパークス・グループ,証券、商品先物取引業,27.0,★☆☆☆☆,5.2,0.0,4.7,0.0,15.0,0.0,2.1,0.0,見送り(地合い🔴),NASDAQ,-6.5,13.8,2.5,6.9,2298,2419.0,8.1,3.8,246,NASDAQ+5.8%連動(β0.36) / 出来高急増3.8倍 / MA上昇配列 / パーフェクトオーダー / 52週高値ブレイク! / 開示[増配](4日前)
6454,マックス,機械,26.9,★☆☆☆☆,4.4,0.0,4.0,0.0,12.0,0.0,6.5,0.0,見送り(地合い🔴),S&P500,-6.3,18.3,2.8,7.8,1763,1869.0,5.8,1.8,514,S&P500+4.0%連動(β0.44) / MA上昇配列 / パーフェクトオーダー / 開示[自己株式の取得](1日前) / 開示[自己株式の取得](4日前)
4377,ワンキャリア,情報・通信業,26.9,★☆☆☆☆,20.7,0.0,3.3,0.0,0.0,0.0,2.9,0.0,見送り(地合い🔴),NASDAQ,4.7,3.4,3.9,-2.6,1867,2024.0,-1.7,2.4,120,NASDAQ+5.8%連動(β0.60) 未反応+4.7% / 出来高増2.4倍 / 開示[上方修正](4日前)
7201,日産自動車,輸送用機器,26.8,★☆☆☆☆,18.8,0.0,2.0,0.0,6.0,0.0,0.0,0.0,見送り(地合い🔴),S&P500,6.4,12.4,3.8,0.9,300,325.0,-2.4,1.3,11447,S&P500+4.0%連動(β0.68) 未反応+6.4%
9744,メイテックグループホールディングス,サービス業,26.8,★☆☆☆☆,12.5,0.0,4.3,0.0,10.0,0.0,0.0,0.0,見送り(地合い🔴),S&P500,3.1,13.6,1.6,2.1,3191,3296.0,-0.4,1.4,1181,S&P500+4.0%連動(β0.33) 未反応+3.1% / 買い出来高優勢 / MA上昇配列
6586,マキタ,機械,26.8,★☆☆☆☆,24.8,0.0,1.0,0.0,1.0,0.0,0.0,0.0,見送り(地合い🔴),Amazon,12.4,-3.7,4.0,-7.3,4832,5256.0,-10.3,1.4,5591,Amazon+17.8%連動(β0.29) 未反応+12.4%
4992,北興化学工業,化学,26.7,★☆☆☆☆,21.7,0.0,1.0,0.0,1.0,0.0,3.0,0.0,見送り(地合い🔴),Eaton,3.4,-4.9,3.9,-7.3,1697,1842.0,-3.7,1.0,268,Eaton+15.0%連動(β0.31) 未反応+3.4% / 開示[自己株式の取得](0日前)
6235,オプトラン,機械,26.6,★☆☆☆☆,26.6,0.0,0.0,0.0,0.0,0.0,0.0,0.0,見送り(地合い🔴),Eaton,4.2,-14.0,7.9,-12.0,2506,2978.0,-8.2,0.9,1211,Eaton+15.0%連動(β0.39) 未反応+4.2%
8393,宮崎銀行,銀行業,26.6,★☆☆☆☆,17.1,0.0,0.0,0.0,9.5,0.0,0.0,0.0,見送り(地合い🔴),Emerson,7.2,13.0,5.1,1.5,2085,2321.0,-9.1,0.9,693,Emerson+6.9%連動(β0.30) 未反応+7.2% / MA上昇配列 / パーフェクトオーダー
6381,アネスト岩田,機械,26.599999999999998,★☆☆☆☆,4.6,0.0,5.3,0.0,13.7,0.0,3.0,0.0,見送り(地合い🔴),S&P500,-3.1,15.4,1.7,6.7,1809,1872.0,4.5,2.3,159,S&P500+4.0%連動(β0.46) / 出来高増2.3倍 / MA上昇配列 / パーフェクトオーダー / 52週高値ブレイク! / 開示[自己株式の取得](0日前)
6737,ＥＩＺＯ,電気機器,26.599999999999998,★☆☆☆☆,3.4,0.0,2.0,0.0,13.5,0.0,7.7,0.0,見送り(地合い🔴),SK hynix,-2.7,22.8,3.2,8.6,2695,2878.0,1.7,1.6,614,SK hynix+11.8%連動(β0.12) / MA上昇配列 / パーフェクトオーダー / 52週高値目前 / 開示[自己株式の取得](1日前) / 開示[自己株式の取得](1日前)
8343,秋田銀行,銀行業,26.5,★☆☆☆☆,16.3,0.0,2.0,0.0,8.2,0.0,0.0,0.0,見送り(地合い🔴),SK hynix,5.3,12.3,4.5,1.9,6664,7320.0,-6.8,0.8,788,SK hynix+11.8%連動(β0.15) 未反応+5.3% / MA上昇配列 / パーフェクトオーダー
9984,ソフトバンクグループ,情報・通信業,26.4,★☆☆☆☆,26.4,0.0,0.0,0.0,0.0,0.0,0.0,0.0,見送り(地合い🔴),Eaton,2.8,-4.0,8.4,-6.3,4483,5393.0,1.2,1.0,290740,Eaton+15.0%連動(β0.58) 未反応+2.8%
5832,ちゅうぎんフィナンシャルグループ,銀行業,26.4,★☆☆☆☆,16.2,0.0,2.0,0.0,8.2,0.0,0.0,0.0,見送り(地合い🔴),Emerson,4.4,10.2,3.6,0.2,3039,3278.0,-5.4,0.9,1157,Emerson+6.9%連動(β0.25) 未反応+4.4% / MA上昇配列 / パーフェクトオーダー
8354,ふくおかフィナンシャルグループ,銀行業,26.4,★☆☆☆☆,18.2,0.0,0.0,0.0,8.2,0.0,0.0,0.0,見送り(地合い🔴),Emerson,5.0,10.5,3.4,0.1,6854,7360.0,-5.7,1.2,4903,Emerson+6.9%連動(β0.36) 未反応+5.0% / MA上昇配列 / パーフェクトオーダー
6768,タムラ製作所,電気機器,26.3,★☆☆☆☆,25.3,0.0,1.0,0.0,0.0,0.0,0.0,0.0,見送り(地合い🔴),Eaton,8.8,-8.1,6.2,-12.3,684,782.0,-11.6,1.5,628,Eaton+15.0%連動(β0.36) 未反応+8.8% / 開示[子会社化](14日前)
2433,博報堂ＤＹホールディングス,サービス業,26.2,★☆☆☆☆,16.2,0.0,0.0,0.0,10.0,0.0,0.0,0.0,見送り(地合い🔴),S&P500,3.8,18.6,3.6,4.4,1198,1290.0,-1.1,0.9,1106,S&P500+4.0%連動(β0.47) 未反応+3.8% / MA上昇配列 / パーフェクトオーダー
4246,ダイキョーニシカワ,化学,26.1,★☆☆☆☆,10.3,0.0,1.0,0.0,12.0,0.0,2.8,0.0,見送り(地合い🔴),Emerson,1.9,9.9,1.8,0.9,982,1018.0,-0.2,1.2,296,Emerson+6.9%連動(β0.27) 未反応+1.9% / MA上昇配列 / パーフェクトオーダー / 開示[自己株式の取得](1日前)
6653,正興電機製作所,電気機器,26.1,★☆☆☆☆,24.6,0.0,1.0,0.0,0.0,0.0,0.5,0.0,見送り(地合い🔴),Eaton,3.9,-3.3,5.3,-5.1,1899,2125.0,-5.0,0.7,393,Eaton+15.0%連動(β0.34) 未反応+3.9% / 開示[業績予想の修正](11日前)
7389,あいちフィナンシャルグループ,銀行業,26.1,★☆☆☆☆,16.6,0.0,1.0,0.0,8.5,0.0,0.0,0.0,見送り(地合い🔴),Emerson,9.7,21.9,5.7,3.7,1490,1680.0,-10.4,0.8,1644,Emerson+6.9%連動(β0.27) 未反応+9.7% / MA上昇配列 / パーフェクトオーダー
6875,メガチップス,電気機器,26.1,★☆☆☆☆,26.1,0.0,0.0,0.0,0.0,0.0,0.0,0.0,見送り(地合い🔴),Eaton,4.4,-5.9,4.7,-7.0,8353,9210.0,-2.8,1.2,1113,Eaton+15.0%連動(β0.38) 未反応+4.4%
6146,ディスコ,機械,26.0,★☆☆☆☆,18.0,6.0,2.0,0.0,0.0,0.0,0.0,0.0,見送り(地合い🔴),Eaton,-2.2,-12.4,8.9,-11.9,49690,60520.0,-3.4,1.3,130606,Eaton+15.0%連動(β0.54) / HBM・後工程(-1.5%)
6371,椿本チエイン,機械,26.0,★☆☆☆☆,20.2,0.0,1.0,0.0,2.0,0.0,2.8,0.0,見送り(地合い🔴),Eaton,6.7,5.0,2.5,-2.5,2424,2551.0,-4.7,1.5,515,Eaton+15.0%連動(β0.22) 未反応+6.7% / 開示[自己株式の取得](1日前)
7203,トヨタ自動車,輸送用機器,26.0,★☆☆☆☆,16.0,0.0,1.0,0.0,6.0,0.0,3.0,0.0,見送り(地合い🔴),S&P500,3.6,13.4,3.0,2.0,2786,2963.5,-0.1,1.3,100721,S&P500+4.0%連動(β0.52) 未反応+3.6% / 開示[自己株式取得](0日前)
3176,三洋貿易,卸売業,25.900000000000002,★☆☆☆☆,4.6,0.0,9.0,0.0,12.5,0.0,2.8,-3.0,見送り(地合い🔴),Emerson,-14.2,32.8,2.8,18.9,931,985.0,14.1,9.0,156,Emerson+6.9%連動(β0.27) / 出来高急増9.0倍 / 買い出来高優勢 / MA上昇配列 / パーフェクトオーダー / 52週高値ブレイク! / RSI過熱(87)⚠ / 伸びすぎ注意(25MA+19%) / 開示[自己株式取得](1日前)
6861,キーエンス,電気機器,25.9,★☆☆☆☆,11.9,0.0,2.0,0.0,12.0,0.0,0.0,0.0,見送り(地合い🔴),Amazon,-8.9,9.0,4.1,5.3,74060,80610.0,8.7,1.0,55568,Amazon+17.8%連動(β0.27) / MA上昇配列 / パーフェクトオーダー
7537,丸文,卸売業,25.9,★☆☆☆☆,19.0,0.0,4.7,0.0,2.2,0.0,0.0,0.0,見送り(地合い🔴),SK hynix,6.7,2.8,4.8,-4.6,1434,1585.0,-7.4,3.1,215,SK hynix+11.8%連動(β0.24) 未反応+6.7% / 出来高急増3.1倍
7267,本田技研工業,輸送用機器,25.8,★☆☆☆☆,16.8,0.0,0.0,0.0,9.0,0.0,0.0,0.0,見送り(地合い🔴),S&P500,4.7,9.7,3.1,1.0,1470,1567.0,-1.0,1.1,27232,S&P500+4.0%連動(β0.48) 未反応+4.7% / MA上昇配列
6448,ブラザー工業,電気機器,25.8,★☆☆☆☆,11.3,0.0,1.0,0.0,13.5,0.0,0.0,0.0,見送り(地合い🔴),NASDAQ,2.2,14.4,2.4,4.2,3806,3999.0,-2.0,0.9,3221,NASDAQ+5.8%連動(β0.34) 未反応+2.2% / MA上昇配列 / パーフェクトオーダー / 52週高値目前
8368,百五銀行,銀行業,25.8,★☆☆☆☆,21.6,0.0,1.0,0.0,3.2,0.0,0.0,0.0,見送り(地合い🔴),Eaton,5.3,5.0,5.0,-1.5,1807,2007.0,-5.5,1.4,1742,Eaton+15.0%連動(β0.26) 未反応+5.3%
6869,シスメックス,電気機器,25.799999999999997,★☆☆☆☆,17.9,0.0,1.0,0.0,6.7,0.0,0.2,0.0,見送り(地合い🔴),NASDAQ,4.8,13.0,3.2,2.1,1492,1596.0,-0.6,1.1,4274,NASDAQ+5.8%連動(β0.41) 未反応+4.8% / MA上昇配列 / 開示[自己株式の取得](13日前)
7180,九州フィナンシャルグループ,銀行業,25.7,★☆☆☆☆,22.7,0.0,1.0,0.0,2.0,0.0,0.0,0.0,見送り(地合い🔴),Eaton,9.2,6.7,3.5,-2.7,1379,1484.0,-7.8,1.4,1989,Eaton+15.0%連動(β0.29) 未反応+9.2%
8392,大分銀行,銀行業,25.599999999999998,★☆☆☆☆,17.4,0.0,1.0,0.0,7.2,0.0,0.0,0.0,見送り(地合い🔴),Emerson,8.0,10.2,5.3,0.4,2312,2588.0,-10.1,0.8,720,Emerson+6.9%連動(β0.32) 未反応+8.0% / MA上昇配列 / パーフェクトオーダー
5991,日本発條,金属製品,25.4,★☆☆☆☆,24.4,0.0,0.0,0.0,1.0,0.0,0.0,0.0,見送り(地合い🔴),Eaton,3.8,-5.2,5.7,-5.2,3132,3532.0,-3.7,0.9,3219,Eaton+15.0%連動(β0.35) 未反応+3.8%
6703,沖電気工業,電気機器,25.3,★☆☆☆☆,23.3,0.0,2.0,0.0,0.0,0.0,0.0,0.0,見送り(地合い🔴),Eaton,19.1,-9.7,7.2,-15.2,2394,2797.0,-17.7,1.7,2634,Eaton+15.0%連動(β0.30) 未反応+19.1%
8591,オリックス,その他金融業,25.3,★☆☆☆☆,21.1,0.0,1.0,0.0,3.2,0.0,0.0,0.0,見送り(地合い🔴),Eaton,4.4,8.9,3.0,-0.9,5962,6348.0,-4.9,1.2,20632,Eaton+15.0%連動(β0.24) 未反応+4.4%
3131,シンデン・ハイテックス,卸売業,25.2,★☆☆☆☆,7.9,0.0,5.3,0.0,15.0,0.0,0.0,-3.0,見送り(地合い🔴),SK hynix,-20.7,13.1,5.5,15.1,3740,4205.0,19.0,2.6,126,SK hynix+11.8%連動(β0.27) / 出来高増2.6倍 / MA上昇配列 / パーフェクトオーダー / 52週高値ブレイク! / 伸びすぎ注意(25MA+15%)
6027,弁護士ドットコム,サービス業,25.2,★☆☆☆☆,22.4,0.0,0.0,0.0,0.0,0.0,2.8,0.0,見送り(地合い🔴),NASDAQ,4.3,3.9,3.4,-2.7,2121,2277.0,-1.7,0.8,147,NASDAQ+5.8%連動(β0.72) 未反応+4.3% / 開示[自己株式の取得](1日前)
6455,モリタホールディングス,輸送用機器,25.2,★☆☆☆☆,15.9,0.0,3.3,0.0,6.0,0.0,0.0,0.0,見送り(地合い🔴),Emerson,4.8,9.8,2.6,-0.8,2295,2419.0,-3.8,3.0,177,Emerson+6.9%連動(β0.23) 未反応+4.8% / 出来高増3.0倍
6832,アオイ電子,電気機器,25.1,★☆☆☆☆,24.1,0.0,1.0,0.0,0.0,0.0,0.0,0.0,見送り(地合い🔴),Eaton,4.2,-4.5,6.9,-7.7,1950,2265.0,-5.5,1.3,124,Eaton+15.0%連動(β0.32) 未反応+4.2%
6315,ＴＯＷＡ,機械,25.0,★☆☆☆☆,16.0,6.0,3.0,0.0,0.0,0.0,0.0,0.0,見送り(地合い🔴),SK hynix,-1.4,-9.4,8.9,-8.6,2246,2735.0,-4.3,1.3,13077,SK hynix+11.8%連動(β0.54) / HBM・後工程(-1.5%)
9715,トランス・コスモス,サービス業,24.9,★☆☆☆☆,15.9,0.0,4.3,0.0,4.7,0.0,0.0,0.0,見送り(地合い🔴),NASDAQ,6.0,9.0,2.7,-1.7,3433,3625.0,-3.2,2.3,406,NASDAQ+5.8%連動(β0.27) 未反応+6.0% / 出来高増2.3倍
8309,三井住友トラストグループ,銀行業,24.8,★☆☆☆☆,20.6,0.0,1.0,0.0,3.2,0.0,0.0,0.0,見送り(地合い🔴),Eaton,7.3,11.4,3.0,-1.0,1531,1626.5,-5.4,1.2,18343,Eaton+15.0%連動(β0.23) 未反応+7.3%
4826,ＣＩＪ,情報・通信業,24.8,★☆☆☆☆,15.8,0.0,1.0,0.0,8.0,0.0,0.0,0.0,見送り(地合い🔴),S&P500,3.5,13.3,1.9,1.5,489,509.0,-1.7,1.1,106,S&P500+4.0%連動(β0.53) 未反応+3.5% / MA上昇配列
8622,水戸証券,証券、商品先物取引業,24.799999999999997,★☆☆☆☆,5.3,0.0,7.3,0.0,12.2,0.0,0.0,0.0,見送り(地合い🔴),S&P500,-4.5,31.5,3.6,13.7,766,826.0,4.4,1.5,273,S&P500+4.0%連動(β0.52) / 買い出来高優勢 / 資金流入増 / MA上昇配列 / パーフェクトオーダー / 52週高値目前
4043,トクヤマ,化学,24.7,★☆☆☆☆,22.7,0.0,2.0,0.0,0.0,0.0,0.0,0.0,見送り(地合い🔴),Eaton,14.4,-14.3,5.8,-15.1,3429,3878.0,-14.9,1.6,3587,Eaton+15.0%連動(β0.29) 未反応+14.4%
9310,日本トランスシティ,倉庫・運輸関連業,24.6,★☆☆☆☆,5.3,0.0,4.3,0.0,12.0,0.0,3.0,0.0,見送り(地合い🔴),S&P500,-0.1,24.6,3.1,9.7,1286,1372.0,3.8,1.2,154,S&P500+4.0%連動(β0.52) / 買い出来高優勢 / MA上昇配列 / パーフェクトオーダー / 開示[自己株式の取得](0日前)
8253,クレディセゾン,その他金融業,24.6,★☆☆☆☆,21.6,0.0,1.0,0.0,2.0,0.0,0.0,0.0,見送り(地合い🔴),Eaton,5.1,6.4,2.8,-2.1,4244,4493.0,-3.2,1.3,3426,Eaton+15.0%連動(β0.26) 未反応+5.1%
8005,スクロール,小売業,24.599999999999998,★☆☆☆☆,0.0,0.0,5.7,0.0,15.0,0.0,3.9,0.0,見送り(地合い🔴),,0.0,17.2,1.8,6.3,1747,1814.0,5.7,4.1,302,出来高急増4.1倍 / MA上昇配列 / パーフェクトオーダー / 52週高値ブレイク! / 開示[業績予想の修正](4日前) / 開示[自己株式取得](4日前)
5186,ニッタ,ゴム製品,24.599999999999998,★☆☆☆☆,14.4,0.0,2.0,0.0,8.2,0.0,0.0,0.0,見送り(地合い🔴),Eaton,2.5,14.5,3.4,1.5,5979,6410.0,-2.0,0.6,540,Eaton+15.0%連動(β0.19) 未反応+2.5% / MA上昇配列 / パーフェクトオーダー
6525,ＫＯＫＵＳＡＩ　ＥＬＥＣＴＲＩＣ,電気機器,24.5,★☆☆☆☆,21.0,0.0,2.0,0.0,0.0,0.0,1.5,0.0,見送り(地合い🔴),Eaton,1.1,-26.5,11.4,-17.9,6002,7785.0,-9.1,1.5,78235,Eaton+15.0%連動(β0.47) 未反応+1.1% / 開示[自己株式の取得](7日前)
4369,トリケミカル研究所,化学,24.5,★☆☆☆☆,22.3,0.0,1.0,0.0,1.2,0.0,0.0,0.0,見送り(地合い🔴),Eaton,1.4,-1.9,7.1,-1.9,2796,3255.0,-3.0,1.0,1747,Eaton+15.0%連動(β0.53) 未反応+1.4%
6971,京セラ,電気機器,24.400000000000002,★☆☆☆☆,20.6,0.0,0.0,0.0,2.2,0.0,1.6,0.0,見送り(地合い🔴),Eaton,5.5,-0.9,4.2,-3.9,3246,3544.0,-6.6,1.2,23744,Eaton+15.0%連動(β0.23) 未反応+5.5% / 開示[業績予想の修正](5日前)
2168,パソナグループ,サービス業,24.4,★☆☆☆☆,18.7,0.0,1.0,0.0,4.7,0.0,0.0,0.0,見送り(地合い🔴),NASDAQ,4.0,12.8,2.7,1.1,1477,1560.0,-1.0,0.9,320,NASDAQ+5.8%連動(β0.46) 未反応+4.0%
6101,ツガミ,機械,24.4,★☆☆☆☆,20.4,0.0,1.0,0.0,0.0,0.0,3.0,0.0,見送り(地合い🔴),SK hynix,12.4,-21.0,9.6,-19.4,4623,5720.0,-18.1,1.4,3937,SK hynix+11.8%連動(β0.28) 未反応+12.4% / 開示[自己株式の取得](0日前)
4189,ＫＨネオケム,化学,24.4,★☆☆☆☆,5.4,0.0,4.0,0.0,12.0,0.0,3.0,0.0,見送り(地合い🔴),NASDAQ,-4.5,16.2,3.5,6.5,2986,3210.0,3.4,1.8,511,NASDAQ+5.8%連動(β0.37) / MA上昇配列 / パーフェクトオーダー / 開示[増配](0日前)
5192,三ツ星ベルト,ゴム製品,24.4,★☆☆☆☆,11.4,0.0,1.0,0.0,12.0,0.0,0.0,0.0,見送り(地合い🔴),Emerson,2.4,11.8,1.5,1.2,3943,4065.0,-1.7,1.0,281,Emerson+6.9%連動(β0.24) 未反応+2.4% / MA上昇配列 / パーフェクトオーダー
6627,テラプローブ,電気機器,24.3,★☆☆☆☆,22.1,0.0,1.0,0.0,1.2,0.0,0.0,0.0,見送り(地合い🔴),Eaton,1.4,-15.4,9.7,-9.1,8509,10550.0,-2.9,1.5,1437,Eaton+15.0%連動(β0.67) 未反応+1.4%
4902,コニカミノルタ,電気機器,24.3,★☆☆☆☆,18.1,0.0,4.0,0.0,2.2,0.0,0.0,0.0,見送り(地合い🔴),S&P500,12.4,12.4,5.1,-2.3,535,595.5,-12.7,1.7,2649,S&P500+4.0%連動(β0.61) 未反応+12.4%
7433,伯東,卸売業,24.299999999999997,★☆☆☆☆,4.9,0.0,4.0,0.0,12.0,0.0,3.4,0.0,見送り(地合い🔴),S&P500,-8.1,17.1,2.7,8.8,4759,5030.0,7.6,1.9,465,S&P500+4.0%連動(β0.49) / MA上昇配列 / パーフェクトオーダー / 開示[上方修正](6日前) / 開示[株式分割](6日前)
4763,クリーク・アンド・リバー社,サービス業,24.200000000000003,★☆☆☆☆,17.6,0.0,5.3,0.0,0.0,0.0,1.3,0.0,見送り(地合い🔴),NASDAQ,8.3,15.4,2.1,-0.6,1355,1413.0,-6.4,0.8,100,NASDAQ+5.8%連動(β0.38) 未反応+8.3% / 買い出来高優勢 / 資金流入増 / 開示[子会社化](5日前)
8381,山陰合同銀行,銀行業,24.2,★☆☆☆☆,17.4,0.0,2.0,0.0,2.0,0.0,2.8,0.0,見送り(地合い🔴),Emerson,7.4,6.8,3.7,-2.8,2175,2348.0,-7.8,1.6,1071,Emerson+6.9%連動(β0.32) 未反応+7.4% / 開示[自己株式の取得](1日前)
7337,ひろぎんホールディングス,銀行業,24.2,★☆☆☆☆,17.2,0.0,1.0,0.0,3.2,0.0,2.8,0.0,見送り(地合い🔴),Emerson,4.8,9.3,3.0,-0.0,2080,2214.5,-5.9,1.2,1651,Emerson+6.9%連動(β0.30) 未反応+4.8% / 開示[自己株式の取得](1日前)
7595,アルゴグラフィックス,情報・通信業,24.2,★☆☆☆☆,16.5,0.0,2.0,0.0,5.7,0.0,0.0,0.0,見送り(地合い🔴),S&P500,4.4,12.4,2.4,1.5,1254,1316.0,-0.8,1.8,318,S&P500+4.0%連動(β0.45) 未反応+4.4%
3116,トヨタ紡織,輸送用機器,24.2,★☆☆☆☆,17.2,0.0,3.3,0.0,3.7,0.0,0.0,0.0,見送り(地合い🔴),Emerson,6.7,6.7,3.2,-1.3,2063,2205.5,-5.2,2.3,1948,Emerson+6.9%連動(β0.30) 未反応+6.7% / 出来高増2.3倍
9301,三菱倉庫,倉庫・運輸関連業,24.2,★☆☆☆☆,15.5,0.0,4.7,0.0,1.0,0.0,3.0,0.0,見送り(地合い🔴),S&P500,11.1,1.8,2.8,-7.0,1393,1475.0,-9.9,3.6,1593,S&P500+4.0%連動(β0.34) 未反応+11.1% / 出来高急増3.6倍 / 開示[自己株式の取得](0日前)
4633,サカタインクス,化学,24.1,★☆☆☆☆,14.6,0.0,0.0,0.0,9.5,0.0,0.0,0.0,見送り(地合い🔴),Emerson,3.2,11.6,2.1,1.3,2371,2473.0,-2.6,1.0,445,Emerson+6.9%連動(β0.30) 未反応+3.2% / MA上昇配列 / パーフェクトオーダー
8331,千葉銀行,銀行業,24.1,★☆☆☆☆,18.1,0.0,1.0,0.0,2.0,0.0,3.0,0.0,見送り(地合い🔴),Emerson,5.7,6.7,3.8,-2.2,2415,2614.5,-6.8,1.0,7122,Emerson+6.9%連動(β0.36) 未反応+5.7% / 開示[自己株式取得](0日前)
6278,ユニオンツール,機械,24.1,★☆☆☆☆,24.1,0.0,0.0,0.0,0.0,0.0,0.0,0.0,見送り(地合い🔴),Eaton,3.2,-20.5,10.2,-17.1,12480,15690.0,-12.7,0.7,5741,Eaton+15.0%連動(β0.39) 未反応+3.2%
6724,セイコーエプソン,電気機器,24.1,★☆☆☆☆,12.1,0.0,0.0,0.0,12.0,0.0,0.0,0.0,見送り(地合い🔴),NASDAQ,2.2,13.9,3.3,3.2,2762,2956.0,-4.6,1.0,5490,NASDAQ+5.8%連動(β0.38) 未反応+2.2% / MA上昇配列 / パーフェクトオーダー
2429,ワールドホールディングス,サービス業,24.099999999999998,★☆☆☆☆,16.9,0.0,1.0,0.0,6.2,0.0,0.0,0.0,見送り(地合い🔴),S&P500,6.0,13.3,2.2,0.4,2504,2620.0,-5.5,1.1,169,S&P500+4.0%連動(β0.49) 未反応+6.0% / MA上昇配列
4914,高砂香料工業,化学,24.0,★☆☆☆☆,15.2,0.0,3.3,0.0,5.5,0.0,0.0,0.0,見送り(地合い🔴),S&P500,3.5,11.5,2.1,0.4,1129,1179.0,-2.6,2.1,185,S&P500+4.0%連動(β0.47) 未反応+3.5% / 出来高増2.1倍 / MA上昇配列
4188,三菱ケミカルグループ,化学,24.0,★☆☆☆☆,17.0,0.0,2.0,0.0,3.2,0.0,1.8,0.0,見送り(地合い🔴),S&P500,4.5,6.2,4.2,-3.2,1040,1135.5,-7.3,1.5,7842,S&P500+4.0%連動(β0.50) 未反応+4.5% / 開示[業績予想の修正](4日前)
7380,十六フィナンシャルグループ,銀行業,24.0,★☆☆☆☆,17.6,0.0,3.0,0.0,3.2,0.0,0.2,0.0,見送り(地合い🔴),Emerson,7.7,4.9,4.4,-3.2,2160,2370.0,-8.0,1.4,1284,Emerson+6.9%連動(β0.33) 未反応+7.7% / 開示[増配](13日前)
7741,ＨＯＹＡ,精密機器,24.0,★☆☆☆☆,12.9,0.0,4.3,0.0,4.7,0.0,2.1,0.0,見送り(地合い🔴),Amazon,-1.5,6.0,2.8,0.8,23824,25260.0,2.2,1.4,27202,Amazon+17.8%連動(β0.29) / 買い出来高優勢 / 開示[自己株式取得](4日前)
2413,エムスリー,サービス業,23.900000000000002,★☆☆☆☆,20.1,0.0,1.0,0.0,0.0,0.0,2.8,0.0,見送り(地合い🔴),NASDAQ,10.7,4.1,4.4,-5.2,1622,1777.0,-6.7,1.3,6900,NASDAQ+5.8%連動(β0.55) 未反応+10.7% / 開示[自己株式の取得](1日前)
6622,ダイヘン,電気機器,23.9,★☆☆☆☆,20.9,0.0,1.0,0.0,0.0,0.0,2.0,0.0,見送り(地合い🔴),Eaton,1.8,-10.8,7.2,-10.0,11739,13700.0,-6.3,1.4,3961,Eaton+15.0%連動(β0.42) 未反応+1.8% / 開示[株式分割](0日前)
7970,信越ポリマー,化学,23.9,★☆☆☆☆,21.9,0.0,1.0,0.0,1.0,0.0,0.0,0.0,見送り(地合い🔴),Eaton,3.8,-5.0,4.1,-8.9,1981,2160.0,-4.3,0.8,676,Eaton+15.0%連動(β0.28) 未反応+3.8%
8698,マネックスグループ,証券、商品先物取引業,23.9,★☆☆☆☆,21.9,0.0,2.0,0.0,0.0,0.0,0.0,0.0,見送り(地合い🔴),NASDAQ,5.7,10.0,3.6,-1.6,650,700.0,-5.8,0.8,2319,NASDAQ+5.8%連動(β0.68) 未反応+5.7%
7384,プロクレアホールディングス,銀行業,23.9,★☆☆☆☆,15.7,0.0,0.0,0.0,8.2,0.0,0.0,0.0,見送り(地合い🔴),S&P500,5.2,9.0,4.7,0.4,3687,4070.0,-7.8,0.9,397,S&P500+4.0%連動(β0.37) 未反応+5.2% / MA上昇配列 / パーフェクトオーダー
2768,双日,卸売業,23.9,★☆☆☆☆,16.9,0.0,2.0,0.0,5.0,0.0,0.0,0.0,見送り(地合い🔴),Emerson,5.1,7.9,2.9,-1.1,4893,5193.0,-4.6,1.7,6912,Emerson+6.9%連動(β0.29) 未反応+5.1%
7279,ハイレックスコーポレーション,輸送用機器,23.8,★☆☆☆☆,11.3,0.0,6.7,0.0,6.0,0.0,2.8,-3.0,見送り(地合い🔴),Eaton,-10.8,28.5,3.4,17.6,2357,2532.0,13.8,4.2,203,Eaton+15.0%連動(β0.30) / 出来高急増4.2倍 / 伸びすぎ注意(25MA+18%) / 開示[自己株式の取得](1日前)
8550,栃木銀行,銀行業,23.8,★☆☆☆☆,18.6,0.0,3.0,0.0,2.2,0.0,0.0,0.0,見送り(地合い🔴),Emerson,8.3,6.5,5.4,-2.5,851,954.0,-9.8,1.4,841,Emerson+6.9%連動(β0.38) 未反応+8.3%
4238,ミライアル,化学,23.8,★☆☆☆☆,23.8,0.0,0.0,0.0,0.0,0.0,0.0,0.0,見送り(地合い🔴),Eaton,3.8,-4.1,5.9,-6.4,1385,1569.0,-5.1,0.7,141,Eaton+15.0%連動(β0.33) 未反応+3.8%
6947,図研,電気機器,23.799999999999997,★☆☆☆☆,14.1,0.0,0.0,0.0,9.7,0.0,0.0,0.0,見送り(地合い🔴),NASDAQ,2.4,9.5,2.4,1.5,4524,4755.0,1.6,1.2,199,NASDAQ+5.8%連動(β0.47) 未反応+2.4% / MA上昇配列 / パーフェクトオーダー
6349,小森コーポレーション,機械,23.699999999999996,★☆☆☆☆,5.3,0.0,6.3,0.0,8.7,0.0,3.4,0.0,見送り(地合い🔴),S&P500,-10.4,32.0,2.9,14.9,1765,1874.0,12.2,1.8,416,S&P500+4.0%連動(β0.53) / 買い出来高優勢 / MA上昇配列 / 開示[子会社化](6日前) / 開示[上方修正](6日前)
8544,京葉銀行,銀行業,23.6,★☆☆☆☆,17.6,0.0,1.0,0.0,2.2,0.0,2.8,0.0,見送り(地合い🔴),Emerson,8.8,8.5,4.9,-0.7,2375,2635.0,-10.2,1.5,1388,Emerson+6.9%連動(β0.33) 未反応+8.8% / 開示[自己株式の取得](1日前)
4674,クレスコ,情報・通信業,23.6,★☆☆☆☆,5.5,0.0,5.3,0.0,10.0,0.0,2.8,0.0,見送り(地合い🔴),NASDAQ,-2.8,18.8,2.2,7.2,1582,1655.0,4.6,2.6,141,NASDAQ+5.8%連動(β0.38) / 出来高増2.6倍 / MA上昇配列 / 開示[自己株式の取得](1日前)
5333,ＮＧＫ,ガラス・土石製品,23.6,★☆☆☆☆,22.6,0.0,1.0,0.0,0.0,0.0,0.0,0.0,見送り(地合い🔴),Eaton,4.4,-17.4,6.7,-15.3,4792,5532.0,-8.8,1.3,12171,Eaton+15.0%連動(β0.28) 未反応+4.4%
4114,日本触媒,化学,23.5,★☆☆☆☆,11.5,0.0,1.0,0.0,11.0,0.0,0.0,0.0,見送り(地合い🔴),Emerson,2.6,9.5,1.6,0.7,2057,2125.5,-2.6,1.3,1090,Emerson+6.9%連動(β0.21) 未反応+2.6% / MA上昇配列 / パーフェクトオーダー
8713,フィデアホールディングス,銀行業,23.5,★☆☆☆☆,7.5,0.0,4.0,0.0,12.0,0.0,0.0,0.0,見送り(地合い🔴),Emerson,1.0,17.2,3.0,4.9,2047,2177.0,0.0,1.7,134,Emerson+6.9%連動(β0.25) 未反応+1.0% / MA上昇配列 / パーフェクトオーダー
6674,ジーエス・ユアサ　コーポレーション,電気機器,23.5,★☆☆☆☆,23.5,0.0,0.0,0.0,0.0,0.0,0.0,0.0,見送り(地合い🔴),Eaton,3.9,-9.8,5.7,-8.7,4877,5499.0,-5.1,0.8,4715,Eaton+15.0%連動(β0.31) 未反応+3.9%
7167,めぶきフィナンシャルグループ,銀行業,23.5,★☆☆☆☆,21.5,0.0,0.0,0.0,2.0,0.0,0.0,0.0,見送り(地合い🔴),Eaton,6.2,6.9,3.4,-1.2,1383,1483.0,-4.6,0.8,4680,Eaton+15.0%連動(β0.26) 未反応+6.2%
6479,ミネベアミツミ,電気機器,23.5,★☆☆☆☆,23.5,0.0,0.0,0.0,0.0,0.0,0.0,0.0,見送り(地合い🔴),Eaton,3.1,-13.8,4.8,-9.7,3406,3765.0,-3.5,1.0,13435,Eaton+15.0%連動(β0.38) 未反応+3.1%
8714,池田泉州ホールディングス,銀行業,23.3,★☆☆☆☆,21.3,0.0,1.0,0.0,1.0,0.0,0.0,0.0,見送り(地合い🔴),Eaton,12.0,4.4,4.7,-4.0,881,973.0,-10.4,1.3,1378,Eaton+15.0%連動(β0.25) 未反応+12.0%
5105,ＴＯＹＯ　ＴＩＲＥ,ゴム製品,23.3,★☆☆☆☆,14.3,0.0,0.0,0.0,9.0,0.0,0.0,0.0,見送り(地合い🔴),Emerson,2.9,15.2,2.8,3.2,3898,4128.0,-0.7,0.8,3088,Emerson+6.9%連動(β0.32) 未反応+2.9% / MA上昇配列
8395,佐賀銀行,銀行業,23.3,★☆☆☆☆,17.1,0.0,3.0,0.0,3.2,0.0,0.0,0.0,見送り(地合い🔴),Emerson,7.2,9.5,4.5,-1.4,5026,5520.0,-8.0,1.5,318,Emerson+6.9%連動(β0.30) 未反応+7.2%
8707,岩井コスモホールディングス,証券、商品先物取引業,23.299999999999997,★☆☆☆☆,14.1,0.0,1.0,0.0,8.2,0.0,0.0,0.0,見送り(地合い🔴),Eaton,2.0,12.9,3.6,0.4,3892,4190.0,-3.0,1.0,530,Eaton+15.0%連動(β0.22) 未反応+2.0% / MA上昇配列 / パーフェクトオーダー
6367,ダイキン工業,機械,23.2,★☆☆☆☆,22.2,0.0,1.0,0.0,0.0,0.0,0.0,0.0,見送り(地合い🔴),Eaton,6.0,-0.8,2.0,-5.4,22383,23295.0,-3.5,1.5,30596,Eaton+15.0%連動(β0.27) 未反応+6.0%
3104,富士紡ホールディングス,繊維製品,23.2,★☆☆☆☆,22.2,0.0,1.0,0.0,0.0,0.0,0.0,0.0,見送り(地合い🔴),Eaton,7.6,-13.0,7.0,-10.5,3029,3520.0,-12.0,1.3,729,Eaton+15.0%連動(β0.27) 未反応+7.6%
4202,ダイセル,化学,23.2,★☆☆☆☆,14.7,0.0,2.0,0.0,6.5,0.0,0.0,0.0,見送り(地合い🔴),Emerson,3.3,10.0,3.0,0.2,1351,1438.0,-3.4,1.5,2094,Emerson+6.9%連動(β0.27) 未反応+3.3% / MA上昇配列
6113,アマダ,機械,23.1,★☆☆☆☆,21.1,0.0,1.0,0.0,1.0,0.0,0.0,0.0,見送り(地合い🔴),Eaton,3.4,-2.4,4.9,-5.7,2467,2737.0,-6.8,1.2,6638,Eaton+15.0%連動(β0.29) 未反応+3.4%
6486,イーグル工業,機械,23.1,★☆☆☆☆,10.1,0.0,2.0,0.0,11.0,0.0,0.0,0.0,見送り(地合い🔴),S&P500,1.9,10.4,2.4,1.1,2817,2956.0,-2.9,1.3,347,S&P500+4.0%連動(β0.45) 未反応+1.9% / MA上昇配列 / パーフェクトオーダー
9449,ＧＭＯインターネットグループ,情報・通信業,23.1,★☆☆☆☆,10.1,0.0,3.0,0.0,10.0,0.0,0.0,0.0,見送り(地合い🔴),NASDAQ,1.3,23.6,3.4,6.8,3872,4151.0,0.8,1.0,2185,NASDAQ+5.8%連動(β0.43) 未反応+1.3% / MA上昇配列
6331,三菱化工機,機械,23.1,★☆☆☆☆,18.0,0.0,3.3,0.0,0.0,0.0,1.8,0.0,見送り(地合い🔴),SK hynix,6.9,-10.5,5.0,-10.5,2784,3090.0,-9.1,2.4,772,SK hynix+11.8%連動(β0.20) 未反応+6.9% / 出来高増2.4倍 / 開示[業績予想の修正](4日前)
8439,東京センチュリー,その他金融業,23.099999999999998,★☆☆☆☆,16.9,0.0,3.0,0.0,3.2,0.0,0.0,0.0,見送り(地合い🔴),S&P500,7.8,9.8,2.6,-2.6,2395,2526.5,-6.7,2.0,1767,S&P500+4.0%連動(β0.49) 未反応+7.8%
4716,日本オラクル,情報・通信業,23.099999999999998,★☆☆☆☆,15.4,0.0,1.0,0.0,6.7,0.0,0.0,0.0,見送り(地合い🔴),Oracle,3.0,8.5,2.7,1.3,8258,8737.0,0.7,0.7,2997,Oracle+14.3%連動(β0.18) 未反応+3.0% / MA上昇配列
5195,バンドー化学,ゴム製品,22.900000000000002,★☆☆☆☆,4.9,0.0,3.0,0.0,12.2,0.0,2.8,0.0,見送り(地合い🔴),S&P500,-0.3,16.8,2.0,5.7,2316,2414.0,2.3,1.5,126,S&P500+4.0%連動(β0.48) / MA上昇配列 / パーフェクトオーダー / 52週高値目前 / 開示[自己株式の取得](1日前)
8053,住友商事,卸売業,22.900000000000002,★☆☆☆☆,11.1,0.0,2.0,0.0,7.0,0.0,2.8,0.0,見送り(地合い🔴),Eaton,0.0,14.0,3.1,4.7,1556,1660.5,3.0,1.4,19517,Eaton+15.0%連動(β0.29) / 開示[自己株式の取得](1日前)
6327,北川精機,機械,22.9,★☆☆☆☆,22.9,0.0,0.0,0.0,0.0,0.0,0.0,0.0,見送り(地合い🔴),SK hynix,4.4,-55.6,16.6,-41.7,1964,2939.0,-19.1,0.6,3417,SK hynix+11.8%連動(β0.37) 未反応+4.4%
6925,ウシオ電機,電気機器,22.9,★☆☆☆☆,22.9,0.0,0.0,0.0,0.0,0.0,0.0,0.0,見送り(地合い🔴),Eaton,5.0,-10.6,5.6,-9.0,3373,3798.0,-8.3,0.9,1674,Eaton+15.0%連動(β0.29) 未反応+5.0%
8364,清水銀行,銀行業,22.9,★☆☆☆☆,16.4,0.0,4.3,0.0,2.2,0.0,0.0,0.0,見送り(地合い🔴),Emerson,8.1,13.4,4.2,-0.7,2380,2600.0,-10.2,2.2,109,Emerson+6.9%連動(β0.26) 未反応+8.1% / 出来高増2.2倍
8919,カチタス,不動産業,22.9,★☆☆☆☆,17.2,0.0,2.0,0.0,3.7,0.0,0.0,0.0,見送り(地合い🔴),S&P500,4.6,7.5,3.6,-1.7,3008,3240.0,-4.1,1.4,548,S&P500+4.0%連動(β0.52) 未反応+4.6%
6523,ＰＨＣホールディングス,電気機器,22.8,★☆☆☆☆,16.6,0.0,0.0,0.0,6.2,0.0,0.0,0.0,見送り(地合い🔴),S&P500,4.0,12.8,2.5,0.7,1024,1079.0,-2.5,0.9,261,S&P500+4.0%連動(β0.47) 未反応+4.0% / MA上昇配列 / パーフェクトオーダー
6902,デンソー,輸送用機器,22.8,★☆☆☆☆,17.8,0.0,2.0,0.0,1.2,0.0,1.8,0.0,見送り(地合い🔴),S&P500,9.6,7.2,3.2,-2.5,1804,1928.0,-6.2,1.5,16961,S&P500+4.0%連動(β0.58) 未反応+9.6% / 開示[業績予想の修正](4日前)
8012,長瀬産業,卸売業,22.8,★☆☆☆☆,13.3,0.0,2.0,0.0,4.5,0.0,3.0,0.0,見送り(地合い🔴),Eaton,1.7,5.4,2.9,-0.5,1093,1161.5,-3.2,1.6,840,Eaton+15.0%連動(β0.22) 未反応+1.7% / 開示[自己株式取得](0日前)
7721,東京計器,精密機器,22.8,★☆☆☆☆,16.8,0.0,0.0,0.0,6.0,0.0,0.0,0.0,見送り(地合い🔴),SK hynix,3.2,13.3,5.9,4.1,6017,6820.0,-2.8,0.5,2780,SK hynix+11.8%連動(β0.24) 未反応+3.2%
8359,八十二長野銀行,銀行業,22.7,★☆☆☆☆,17.5,0.0,2.0,0.0,3.2,0.0,0.0,0.0,見送り(地合い🔴),Emerson,6.7,7.1,3.6,-2.2,2311,2492.5,-7.7,1.3,3673,Emerson+6.9%連動(β0.32) 未反応+6.7%
8524,北洋銀行,銀行業,22.7,★☆☆☆☆,18.5,0.0,2.0,0.0,2.2,0.0,0.0,0.0,見送り(地合い🔴),Emerson,8.4,8.6,4.6,-2.4,1035,1141.0,-9.7,1.0,2228,Emerson+6.9%連動(β0.38) 未反応+8.4%
8362,福井銀行,銀行業,22.7,★☆☆☆☆,17.5,0.0,3.0,0.0,2.2,0.0,0.0,0.0,見送り(地合い🔴),Emerson,7.2,3.6,5.4,-2.9,5099,5710.0,-8.6,1.9,452,Emerson+6.9%連動(β0.32) 未反応+7.2%
2127,日本Ｍ＆Ａセンターホールディングス,サービス業,22.6,★☆☆☆☆,19.6,0.0,3.0,0.0,0.0,0.0,0.0,0.0,見送り(地合い🔴),NASDAQ,9.0,6.0,3.0,-4.3,602,639.2999877929688,-6.1,1.9,1470,NASDAQ+5.8%連動(β0.52) 未反応+9.0%
6817,スミダコーポレーション,電気機器,22.6,★☆☆☆☆,19.3,0.0,3.3,0.0,0.0,0.0,0.0,0.0,見送り(地合い🔴),NASDAQ,15.1,-12.6,4.7,-14.7,1035,1143.0,-15.3,2.9,418,NASDAQ+5.8%連動(β0.50) 未反応+15.1% / 出来高増2.9倍
6136,オーエスジー,機械,22.6,★☆☆☆☆,20.6,0.0,1.0,0.0,1.0,0.0,0.0,0.0,見送り(地合い🔴),Eaton,6.1,-3.2,4.4,-4.9,3303,3619.0,-9.7,0.7,2365,Eaton+15.0%連動(β0.23) 未反応+6.1%
8159,立花エレテック,卸売業,22.6,★☆☆☆☆,4.3,0.0,3.3,0.0,15.0,0.0,0.0,0.0,見送り(地合い🔴),S&P500,-6.2,14.7,3.2,7.7,3355,3585.0,4.2,2.1,117,S&P500+4.0%連動(β0.43) / 出来高増2.1倍 / MA上昇配列 / パーフェクトオーダー / 52週高値ブレイク!
8218,コメリ,小売業,22.6,★☆☆☆☆,0.0,0.0,6.3,0.0,12.0,0.0,4.3,0.0,見送り(地合い🔴),,0.0,20.4,3.1,8.5,3646,3885.0,8.2,2.1,452,出来高増2.1倍 / MA上昇配列 / パーフェクトオーダー / 開示[自己株式の取得](1日前) / 開示[自己株式取得](7日前)
5108,ブリヂストン,ゴム製品,22.5,★☆☆☆☆,6.5,0.0,1.0,0.0,12.0,0.0,3.0,0.0,見送り(地合い🔴),S&P500,0.8,19.9,2.5,5.9,3716,3914.0,1.5,1.0,16312,S&P500+4.0%連動(β0.42) 未反応+0.8% / MA上昇配列 / パーフェクトオーダー / 開示[自己株式の取得](0日前)
5273,三谷セキサン,ガラス・土石製品,22.5,★☆☆☆☆,8.7,0.0,2.0,0.0,9.0,0.0,2.8,0.0,見送り(地合い🔴),S&P500,0.6,24.4,3.1,7.9,1770,1886.0,2.6,0.8,106,S&P500+4.0%連動(β0.69) 未反応+0.6% / MA上昇配列 / 開示[自己株式の取得](1日前)
7988,ニフコ,化学,22.5,★☆☆☆☆,17.3,0.0,2.0,0.0,3.2,0.0,0.0,0.0,見送り(地合い🔴),NASDAQ,6.9,7.4,2.9,-2.1,4699,4986.0,-5.2,1.8,1543,NASDAQ+5.8%連動(β0.37) 未反応+6.9%
6282,オイレス工業,機械,22.5,★☆☆☆☆,6.7,0.0,2.0,0.0,11.0,0.0,2.8,0.0,見送り(地合い🔴),Eaton,-0.3,10.2,1.8,2.1,2787,2890.0,1.3,1.4,190,Eaton+15.0%連動(β0.18) / MA上昇配列 / パーフェクトオーダー / 52週高値目前 / 開示[自己株式の取得](1日前)
5703,日本軽金属ホールディングス,非鉄金属,22.400000000000002,★☆☆☆☆,8.4,0.0,5.7,0.0,6.0,0.0,2.3,0.0,見送り(地合い🔴),Eaton,-4.8,11.2,3.7,5.0,2628,2835.0,5.6,3.3,1037,Eaton+15.0%連動(β0.22) / 出来高急増3.3倍 / 開示[業績予想の修正](1日前)
5101,横浜ゴム,ゴム製品,22.4,★☆☆☆☆,18.2,0.0,1.0,0.0,3.2,0.0,0.0,0.0,見送り(地合い🔴),Emerson,5.3,2.2,4.0,-3.6,6740,7332.0,-2.7,1.0,6903,Emerson+6.9%連動(β0.36) 未反応+5.3%
6723,ルネサスエレクトロニクス,電気機器,22.3,★☆☆☆☆,18.0,0.0,4.3,0.0,0.0,0.0,0.0,0.0,見送り(地合い🔴),Amazon,-5.5,-10.4,8.7,-8.5,3222,3905.0,1.0,2.5,67397,Amazon+17.8%連動(β0.41) / 出来高増2.5倍
4095,日本パーカライジング,化学,22.3,★☆☆☆☆,15.0,0.0,1.0,0.0,3.5,0.0,2.8,0.0,見送り(地合い🔴),Eaton,2.5,5.9,1.7,-0.4,1611,1669.0,-0.9,1.2,356,Eaton+15.0%連動(β0.20) 未反応+2.5% / 開示[自己株式の取得](1日前)
6592,マブチモーター,電気機器,22.3,★☆☆☆☆,8.5,0.0,0.0,0.0,11.0,0.0,2.8,0.0,見送り(地合い🔴),S&P500,1.5,10.1,2.6,1.6,1562,1649.0,-3.3,1.0,1755,S&P500+4.0%連動(β0.39) 未反応+1.5% / MA上昇配列 / パーフェクトオーダー / 開示[自己株式の取得](1日前)
5480,日本冶金工業,鉄鋼,22.3,★☆☆☆☆,18.1,0.0,1.0,0.0,3.2,0.0,0.0,0.0,見送り(地合い🔴),Emerson,5.2,9.8,2.4,-0.7,4686,4920.0,-3.9,1.2,328,Emerson+6.9%連動(β0.36) 未反応+5.2%
2760,東京エレクトロン　デバイス,卸売業,22.3,★☆☆☆☆,14.3,0.0,3.0,0.0,5.0,0.0,0.0,0.0,見送り(地合い🔴),Eaton,-3.6,13.1,5.4,5.4,3616,4050.0,3.7,1.2,776,Eaton+15.0%連動(β0.38)
4212,積水樹脂,化学,22.299999999999997,★☆☆☆☆,3.4,0.0,3.0,0.0,12.0,0.0,3.9,0.0,見送り(地合い🔴),SK hynix,-8.8,18.8,3.1,9.1,2741,2920.0,9.5,1.2,272,SK hynix+11.8%連動(β0.11) / MA上昇配列 / パーフェクトオーダー / 開示[増配](5日前) / 開示[自己株式取得](5日前)
7943,ニチハ,ガラス・土石製品,22.299999999999997,★☆☆☆☆,4.2,0.0,5.3,0.0,5.7,0.0,7.1,0.0,見送り(地合い🔴),S&P500,-4.8,18.9,2.4,8.3,3130,3290.0,6.1,2.2,261,S&P500+4.0%連動(β0.42) / 出来高増2.2倍 / 開示[自己株式の取得](1日前) / 開示[増配](4日前)
4612,日本ペイントホールディングス,化学,22.299999999999997,★☆☆☆☆,12.6,0.0,0.0,0.0,9.7,0.0,0.0,0.0,見送り(地合い🔴),S&P500,2.4,19.4,2.8,8.1,1139,1205.0,3.7,1.1,5213,S&P500+4.0%連動(β0.54) 未反応+2.4% / MA上昇配列 / パーフェクトオーダー
4259,エクサウィザーズ,情報・通信業,22.2,★☆☆☆☆,22.2,0.0,0.0,0.0,0.0,0.0,0.0,0.0,見送り(地合い🔴),NASDAQ,5.5,-3.7,6.1,-6.0,683,777.0,-4.9,0.3,1435,NASDAQ+5.8%連動(β0.70) 未反応+5.5%
5201,ＡＧＣ,ガラス・土石製品,22.2,★☆☆☆☆,20.2,0.0,2.0,0.0,0.0,0.0,0.0,0.0,見送り(地合い🔴),Eaton,5.0,-3.4,3.2,-5.7,5675,6063.0,-3.1,1.7,8623,Eaton+15.0%連動(β0.22) 未反応+5.0%
8609,岡三証券グループ,証券、商品先物取引業,22.1,★☆☆☆☆,5.6,0.0,3.0,0.0,13.5,0.0,0.0,0.0,見送り(地合い🔴),S&P500,-6.7,22.1,3.5,9.5,1052,1132.0,5.5,1.3,502,S&P500+4.0%連動(β0.56) / MA上昇配列 / パーフェクトオーダー / 52週高値目前
3407,旭化成,化学,22.1,★☆☆☆☆,16.3,0.0,2.0,0.0,1.0,0.0,2.8,0.0,見送り(地合い🔴),S&P500,11.1,-2.3,3.5,-10.0,1531,1647.5,-12.0,1.9,9392,S&P500+4.0%連動(β0.43) 未反応+11.1% / 開示[自己株式の取得](1日前)
3769,ＧＭＯペイメントゲートウェイ,情報・通信業,22.099999999999998,★☆☆☆☆,20.9,0.0,0.0,0.0,1.2,0.0,0.0,0.0,見送り(地合い🔴),Microsoft,5.8,7.8,3.4,-0.8,8983,9639.0,-2.0,1.0,2338,Microsoft+9.2%連動(β0.39) 未反応+5.8%
7322,三十三フィナンシャルグループ,銀行業,22.099999999999998,★☆☆☆☆,16.9,0.0,3.0,0.0,2.2,0.0,0.0,0.0,見送り(地合い🔴),SK hynix,8.8,9.6,5.6,-0.8,1638,1843.0,-10.3,1.7,776,SK hynix+11.8%連動(β0.17) 未反応+8.8%
6490,ＰＩＬＬＡＲ,機械,22.0,★☆☆☆☆,14.8,0.0,0.0,0.0,7.2,0.0,0.0,0.0,見送り(地合い🔴),Eaton,-4.4,1.6,6.8,0.2,8609,9960.0,0.1,1.0,1433,Eaton+15.0%連動(β0.40) / MA上昇配列 / パーフェクトオーダー
7202,いすゞ自動車,輸送用機器,22.0,★☆☆☆☆,16.5,0.0,3.3,0.0,2.2,0.0,0.0,0.0,見送り(地合い🔴),S&P500,7.2,8.0,3.4,-1.2,2144,2300.5,-4.5,2.9,6925,S&P500+4.0%連動(β0.45) 未反応+7.2% / 出来高増2.9倍
7593,ＶＴホールディングス,小売業,22.0,★☆☆☆☆,10.0,0.0,3.0,0.0,9.0,0.0,0.0,0.0,見送り(地合い🔴),Emerson,2.3,14.0,1.6,2.3,469,485.0,-0.8,1.3,166,Emerson+6.9%連動(β0.18) 未反応+2.3% / MA上昇配列
4109,ステラ　ケミファ,化学,22.0,★☆☆☆☆,22.0,0.0,0.0,0.0,0.0,0.0,0.0,0.0,見送り(地合い🔴),Eaton,4.8,-10.6,5.2,-11.3,4564,5090.0,-6.1,1.1,435,Eaton+15.0%連動(β0.27) 未反応+4.8%
4641,アルプス技研,サービス業,21.9,★☆☆☆☆,15.4,0.0,0.0,0.0,6.5,0.0,0.0,0.0,見送り(地合い🔴),NASDAQ,3.9,13.2,1.9,1.1,785,816.0,-2.7,1.0,107,NASDAQ+5.8%連動(β0.26) 未反応+3.9% / MA上昇配列
7915,ＮＩＳＳＨＡ,その他製品,21.9,★☆☆☆☆,18.2,0.0,1.0,0.0,2.7,0.0,0.0,0.0,見送り(地合い🔴),S&P500,4.1,6.3,2.5,-0.8,1263,1331.0,-4.2,1.3,260,S&P500+4.0%連動(β0.62) 未反応+4.1%
8337,千葉興業銀行,銀行業,21.9,★☆☆☆☆,17.9,0.0,2.0,0.0,2.0,0.0,0.0,0.0,見送り(地合い🔴),SK hynix,5.1,8.2,4.3,-0.9,2382,2604.0,-6.7,0.8,339,SK hynix+11.8%連動(β0.20) 未反応+5.1%
6337,テセック,機械,21.9,★☆☆☆☆,8.6,0.0,7.3,0.0,7.0,0.0,4.0,-5.0,見送り(地合い🔴),NASDAQ,-35.8,29.9,6.2,22.8,2660,3035.0,27.8,1.7,385,NASDAQ+5.8%連動(β0.59) / 買い出来高優勢 / 資金流入増 / 過熱⚠25MA+23% / 開示[自己株式の取得](1日前) / 開示[業績予想の修正](7日前)
8037,カメイ,卸売業,21.9,★☆☆☆☆,8.9,0.0,1.0,0.0,12.0,0.0,0.0,0.0,見送り(地合い🔴),Emerson,1.4,15.9,2.2,3.7,3635,3805.0,0.7,1.3,181,Emerson+6.9%連動(β0.27) 未反応+1.4% / MA上昇配列 / パーフェクトオーダー
5233,太平洋セメント,ガラス・土石製品,21.8,★☆☆☆☆,17.1,0.0,0.0,0.0,4.7,0.0,0.0,0.0,見送り(地合い🔴),Emerson,8.0,5.4,3.0,-2.2,3725,3959.0,-5.9,1.0,2412,Emerson+6.9%連動(β0.30) 未反応+8.0% / 開示[業績予想の修正](14日前)
8341,七十七銀行,銀行業,21.8,★☆☆☆☆,17.6,0.0,1.0,0.0,3.2,0.0,0.0,0.0,見送り(地合い🔴),Emerson,5.1,7.4,3.8,-0.7,3212,3477.0,-5.4,1.3,2000,Emerson+6.9%連動(β0.32) 未反応+5.1%
7936,アシックス,その他製品,21.8,★☆☆☆☆,19.8,0.0,0.0,0.0,2.0,0.0,0.0,0.0,見送り(地合い🔴),NASDAQ,6.4,10.3,3.0,-0.5,4421,4704.0,-5.0,0.8,16098,NASDAQ+5.8%連動(β0.54) 未反応+6.4%
6361,荏原製作所,機械,21.8,★☆☆☆☆,18.0,0.0,0.0,0.0,1.0,0.0,2.8,0.0,見送り(地合い🔴),Eaton,-0.1,0.2,7.2,-3.8,4756,5555.0,-1.5,0.5,21044,Eaton+15.0%連動(β0.52) / 開示[自己株式の取得](1日前)
8081,カナデン,卸売業,21.8,★☆☆☆☆,16.1,0.0,4.7,0.0,1.0,0.0,0.0,0.0,見送り(地合い🔴),S&P500,6.9,0.1,3.3,-6.7,2194,2347.0,-7.2,5.3,133,S&P500+4.0%連動(β0.40) 未反応+6.9% / 出来高急増5.3倍
2737,トーメンデバイス,卸売業,21.799999999999997,★☆☆☆☆,9.2,0.0,2.0,0.0,13.7,0.0,1.9,-5.0,見送り(地合い🔴),SK hynix,-69.6,64.9,6.6,55.4,22683,26150.0,56.3,1.8,1459,SK hynix+11.8%連動(β0.31) / MA上昇配列 / パーフェクトオーダー / 52週高値ブレイク! / 過熱⚠25MA+55% / 開示[増配](5日前)
7309,シマノ,輸送用機器,21.7,★☆☆☆☆,5.9,0.0,3.0,0.0,10.0,0.0,2.8,0.0,見送り(地合い🔴),NASDAQ,-0.5,20.5,3.9,7.5,18093,19635.0,3.1,0.9,7818,NASDAQ+5.8%連動(β0.41) / MA上昇配列 / パーフェクトオーダー / 開示[自己株式の取得](1日前)
4631,ＤＩＣ,化学,21.7,★☆☆☆☆,20.7,0.0,0.0,0.0,1.0,0.0,0.0,0.0,見送り(地合い🔴),Eaton,3.9,-0.2,3.0,-5.1,4109,4370.0,-3.7,0.9,2341,Eaton+15.0%連動(β0.24) 未反応+3.9%
6196,ストライクグループ,サービス業,21.7,★☆☆☆☆,18.7,0.0,3.0,0.0,0.0,0.0,0.0,0.0,見送り(地合い🔴),S&P500,5.4,8.8,2.8,-2.1,1232,1304.0,-3.8,1.5,486,S&P500+4.0%連動(β0.67) 未反応+5.4%
7313,テイ・エス　テック,輸送用機器,21.7,★☆☆☆☆,11.7,0.0,0.0,0.0,10.0,0.0,0.0,0.0,見送り(地合い🔴),S&P500,2.7,11.0,1.7,1.5,1745,1804.5,-0.7,1.1,563,S&P500+4.0%連動(β0.36) 未反応+2.7% / MA上昇配列
4228,積水化成品工業,化学,21.7,★☆☆☆☆,5.0,0.0,5.7,0.0,11.0,0.0,0.0,0.0,見送り(地合い🔴),Emerson,-5.3,8.4,3.8,4.5,504,546.0,5.4,3.7,152,Emerson+6.9%連動(β0.29) / 出来高急増3.7倍 / MA上昇配列 / パーフェクトオーダー
7128,ユニソルホールディングス,卸売業,21.6,★☆☆☆☆,5.5,0.0,5.3,0.0,8.7,0.0,2.1,0.0,見送り(地合い🔴),S&P500,-3.5,40.1,2.6,14.4,2726,2875.0,4.3,0.9,391,S&P500+4.0%連動(β0.55) / 買い出来高優勢 / 資金流入増 / MA上昇配列 / パーフェクトオーダー / 開示[自己株式取得](4日前)
5332,ＴＯＴＯ,ガラス・土石製品,21.6,★☆☆☆☆,18.3,0.0,3.3,0.0,0.0,0.0,0.0,0.0,見送り(地合い🔴),S&P500,13.5,-19.5,6.0,-20.4,5426,6171.0,-17.2,2.9,9810,S&P500+4.0%連動(β0.62) 未反応+13.5% / 出来高増2.9倍
8511,日本証券金融,その他金融業,21.599999999999998,★☆☆☆☆,16.4,0.0,2.0,0.0,3.2,0.0,0.0,0.0,見送り(地合い🔴),S&P500,4.5,9.8,2.3,-1.0,2258,2369.0,-3.9,1.3,624,S&P500+4.0%連動(β0.44) 未反応+4.5%
6268,ナブテスコ,機械,21.5,★☆☆☆☆,12.3,0.0,5.3,0.0,0.0,0.0,3.9,0.0,見送り(地合い🔴),Amazon,-2.8,-7.1,5.9,-5.8,4203,4770.0,-2.8,2.0,6495,Amazon+17.8%連動(β0.28) / 出来高増2.0倍 / 開示[業績予想の修正](4日前) / 開示[自己株式の取得](4日前)
6104,芝浦機械,機械,21.5,★☆☆☆☆,18.2,0.0,3.3,0.0,0.0,0.0,0.0,0.0,見送り(地合い🔴),NASDAQ,15.8,-7.2,5.7,-13.8,3499,3950.0,-18.6,2.7,865,NASDAQ+5.8%連動(β0.42) 未反応+15.8% / 出来高増2.7倍
4483,ＪＭＤＣ,情報・通信業,21.5,★☆☆☆☆,20.5,0.0,1.0,0.0,0.0,0.0,0.0,0.0,見送り(地合い🔴),NASDAQ,9.9,7.8,3.6,-4.7,2784,3000.0,-9.0,1.0,961,NASDAQ+5.8%連動(β0.58) 未反応+9.9%
6457,グローリー,機械,21.5,★☆☆☆☆,4.5,0.0,2.0,0.0,12.2,0.0,2.8,0.0,見送り(地合い🔴),NASDAQ,-0.2,21.2,2.2,7.5,4375,4577.0,1.4,1.2,875,NASDAQ+5.8%連動(β0.31) / MA上昇配列 / パーフェクトオーダー / 52週高値目前 / 開示[自己株式の取得](1日前)
4434,サーバーワークス,情報・通信業,21.5,★☆☆☆☆,9.2,0.0,5.3,0.0,10.0,0.0,0.0,-3.0,見送り(地合い🔴),NASDAQ,-6.5,29.3,5.4,18.4,2139,2398.0,15.8,0.9,157,NASDAQ+5.8%連動(β0.63) / 買い出来高優勢 / 資金流入増 / MA上昇配列 / パーフェクトオーダー / 伸びすぎ注意(25MA+18%)
6908,イリソ電子工業,電気機器,21.5,★☆☆☆☆,17.0,0.0,3.0,0.0,1.5,0.0,0.0,0.0,見送り(地合い🔴),NASDAQ,3.4,2.7,2.6,-3.0,2618,2762.0,-4.4,1.3,513,NASDAQ+5.8%連動(β0.46) 未反応+3.4%
4385,メルカリ,情報・通信業,21.5,★☆☆☆☆,21.5,0.0,0.0,0.0,0.0,0.0,0.0,0.0,見送り(地合い🔴),NASDAQ,9.7,5.9,4.5,-3.9,3892,4274.0,-4.0,0.7,7668,NASDAQ+5.8%連動(β0.65) 未反応+9.7%
4216,旭有機材,化学,21.400000000000002,★☆☆☆☆,18.1,0.0,3.3,0.0,0.0,0.0,0.0,0.0,見送り(地合い🔴),NASDAQ,4.6,-8.3,5.1,-10.7,5221,5810.0,-9.2,2.3,418,NASDAQ+5.8%連動(β0.42) 未反応+4.6% / 出来高増2.3倍
5020,ＥＮＥＯＳホールディングス,石油・石炭製品,21.400000000000002,★☆☆☆☆,11.6,0.0,0.0,0.0,7.0,0.0,2.8,0.0,見送り(地合い🔴),Emerson,2.2,14.6,2.5,1.9,1229,1294.0,-2.2,1.1,8863,Emerson+6.9%連動(β0.29) 未反応+2.2% / 開示[自己株式の取得](1日前)
7246,プレス工業,輸送用機器,21.4,★☆☆☆☆,5.1,0.0,5.3,0.0,11.0,0.0,0.0,0.0,見送り(地合い🔴),Emerson,-1.2,16.5,2.1,5.7,832,868.0,2.5,1.8,254,Emerson+6.9%連動(β0.30) / 買い出来高優勢 / MA上昇配列 / パーフェクトオーダー
4403,日油,化学,21.4,★☆☆☆☆,13.4,0.0,1.0,0.0,7.0,0.0,0.0,0.0,見送り(地合い🔴),Emerson,3.0,6.7,1.8,0.2,2660,2762.0,-2.2,1.3,1683,Emerson+6.9%連動(β0.26) 未反応+3.0%
6958,日本シイエムケイ,電気機器,21.4,★☆☆☆☆,20.2,0.0,0.0,0.0,1.2,0.0,0.0,0.0,見送り(地合い🔴),Eaton,1.9,3.6,4.9,-1.2,569,630.0,-1.1,0.8,477,Eaton+15.0%連動(β0.38) 未反応+1.9%
5929,三和ホールディングス,金属製品,21.3,★☆☆☆☆,16.5,0.0,2.0,0.0,0.0,0.0,2.8,0.0,見送り(地合い🔴),S&P500,12.5,1.3,3.3,-6.3,3297,3530.0,-9.5,1.7,2398,S&P500+4.0%連動(β0.45) 未反応+12.5% / 開示[自己株式の取得](1日前)
6656,インスペック,電気機器,21.3,★☆☆☆☆,21.3,0.0,0.0,0.0,0.0,0.0,0.0,0.0,見送り(地合い🔴),SK hynix,4.6,-20.6,8.4,-18.1,777,935.0,-16.1,0.5,125,SK hynix+11.8%連動(β0.31) 未反応+4.6%
6178,日本郵政,サービス業,21.3,★☆☆☆☆,16.1,0.0,2.0,0.0,3.2,0.0,0.0,0.0,見送り(地合い🔴),Emerson,6.9,11.4,2.7,-1.0,2208,2335.5,-7.4,1.1,13854,Emerson+6.9%連動(β0.24) 未反応+6.9%
8338,筑波銀行,銀行業,21.3,★☆☆☆☆,19.1,0.0,0.0,0.0,2.2,0.0,0.0,0.0,見送り(地合い🔴),Emerson,7.7,4.9,5.0,-1.2,565,628.0,-9.0,0.9,998,Emerson+6.9%連動(β0.42) 未反応+7.7%
7259,アイシン,輸送用機器,21.3,★☆☆☆☆,17.0,0.0,4.3,0.0,0.0,0.0,0.0,0.0,見送り(地合い🔴),S&P500,13.0,2.5,3.6,-6.8,1988,2143.0,-10.7,2.2,5409,S&P500+4.0%連動(β0.49) 未反応+13.0% / 出来高増2.2倍
7839,ＳＨＯＥＩ,その他製品,21.3,★☆☆☆☆,5.9,0.0,6.7,0.0,8.7,0.0,0.0,0.0,見送り(地合い🔴),S&P500,0.4,17.7,2.2,7.4,1921,2009.0,2.9,2.7,370,S&P500+4.0%連動(β0.47) / 出来高増2.7倍 / 買い出来高優勢 / MA上昇配列 / パーフェクトオーダー
7513,コジマ,小売業,21.3,★☆☆☆☆,0.0,0.0,6.3,0.0,12.0,0.0,3.0,0.0,見送り(地合い🔴),,0.0,18.3,3.2,4.9,1306,1395.0,-1.2,1.2,473,買い出来高優勢 / 資金流入増 / MA上昇配列 / パーフェクトオーダー / 開示[自己株式の取得](0日前)
4183,三井化学,化学,21.3,★☆☆☆☆,17.1,0.0,2.0,0.0,2.2,0.0,0.0,0.0,見送り(地合い🔴),S&P500,3.9,4.4,3.1,-2.5,1961,2091.0,-5.2,1.7,3941,S&P500+4.0%連動(β0.53) 未反応+3.9%
4092,日本化学工業,化学,21.299999999999997,★☆☆☆☆,7.1,0.0,3.3,0.0,12.0,0.0,1.9,-3.0,見送り(地合い🔴),SK hynix,-11.6,38.6,8.5,19.0,4799,5780.0,7.4,1.0,1662,SK hynix+11.8%連動(β0.24) / 買い出来高優勢 / MA上昇配列 / パーフェクトオーダー / 伸びすぎ注意(25MA+19%) / 開示[自己株式取得](5日前)
6407,ＣＫＤ,機械,21.2,★☆☆☆☆,21.2,0.0,0.0,0.0,0.0,0.0,0.0,0.0,見送り(地合い🔴),Eaton,1.3,-13.0,8.7,-12.2,4847,5870.0,-7.4,1.2,4609,Eaton+15.0%連動(β0.46) 未反応+1.3%
5310,東洋炭素,ガラス・土石製品,21.2,★☆☆☆☆,15.2,6.0,0.0,0.0,0.0,0.0,0.0,0.0,見送り(地合い🔴),Eaton,0.7,-5.3,5.5,-4.2,5904,6640.0,-3.5,1.0,827,Eaton+15.0%連動(β0.35) 未反応+0.7% / 核融合(-3.7%)
5949,ユニプレス,輸送用機器,21.2,★☆☆☆☆,11.2,0.0,3.0,0.0,7.0,0.0,0.0,0.0,見送り(地合い🔴),S&P500,2.0,13.0,2.1,2.4,1253,1307.0,0.1,1.5,171,S&P500+4.0%連動(β0.53) 未反応+2.0%
4071,プラスアルファ・コンサルティング,情報・通信業,21.2,★☆☆☆☆,21.2,0.0,0.0,0.0,0.0,0.0,0.0,0.0,見送り(地合い🔴),NASDAQ,5.7,-13.7,5.5,-12.3,2012,2258.0,-0.4,0.6,653,NASDAQ+5.8%連動(β0.63) 未反応+5.7%
9663,ナガワ,サービス業,21.2,★☆☆☆☆,16.5,0.0,1.0,0.0,3.7,0.0,0.0,0.0,見送り(地合い🔴),S&P500,4.3,9.6,2.6,-0.6,4811,5070.0,-2.9,1.2,121,S&P500+4.0%連動(β0.45) 未反応+4.3%
4578,大塚ホールディングス,医薬品,21.2,★☆☆☆☆,0.0,0.0,3.0,0.0,12.0,0.0,6.2,0.0,見送り(地合い🔴),,0.0,10.4,3.1,3.0,10789,11500.0,1.5,1.7,16607,MA上昇配列 / パーフェクトオーダー / 開示[自己株式の取得](1日前) / 開示[増配](4日前)
3132,マクニカホールディングス,卸売業,21.2,★☆☆☆☆,13.0,0.0,1.0,0.0,7.2,0.0,0.0,0.0,見送り(地合い🔴),Eaton,-0.6,11.3,6.6,0.8,2832,3262.0,-8.9,0.9,3541,Eaton+15.0%連動(β0.35) / MA上昇配列 / パーフェクトオーダー
5844,京都フィナンシャルグループ,銀行業,21.2,★☆☆☆☆,17.2,0.0,2.0,0.0,2.0,0.0,0.0,0.0,見送り(地合い🔴),Emerson,4.6,3.9,3.1,-2.8,4213,4490.0,-4.2,1.9,4420,Emerson+6.9%連動(β0.31) 未反応+4.6%
7177,ＧＭＯフィナンシャルホールディングス,証券、商品先物取引業,21.1,★☆☆☆☆,6.8,0.0,1.0,0.0,12.0,0.0,1.3,0.0,見送り(地合い🔴),SK hynix,1.1,13.9,2.4,3.7,1031,1084.0,1.9,1.0,241,SK hynix+11.8%連動(β0.12) 未反応+1.1% / MA上昇配列 / パーフェクトオーダー / 開示[増配](8日前)
6752,パナソニック　ホールディングス,電気機器,21.1,★☆☆☆☆,11.9,0.0,2.0,0.0,7.2,0.0,0.0,0.0,見送り(地合い🔴),Eaton,-14.0,3.3,5.7,1.6,3795,4281.0,10.2,1.9,45282,Eaton+15.0%連動(β0.32) / MA上昇配列 / パーフェクトオーダー
5410,合同製鐵,鉄鋼,21.099999999999998,★☆☆☆☆,8.2,0.0,3.0,0.0,6.0,0.0,3.9,0.0,見送り(地合い🔴),Emerson,1.0,16.6,2.2,5.5,2747,2872.0,1.7,1.4,270,Emerson+6.9%連動(β0.30) 未反応+1.0% / 開示[業績予想の修正](4日前) / 開示[自己株式の取得](4日前)
6594,ニデック,電気機器,21.099999999999998,★☆☆☆☆,17.4,0.0,0.0,0.0,3.7,0.0,0.0,0.0,見送り(地合い🔴),Amazon,1.0,5.0,3.5,3.1,2496,2687.0,5.1,0.8,13973,Amazon+17.8%連動(β0.33) 未反応+1.0%
8697,日本取引所グループ,その他金融業,21.0,★☆☆☆☆,17.8,0.0,0.0,0.0,3.2,0.0,0.0,0.0,見送り(地合い🔴),NASDAQ,5.3,8.3,3.9,-0.5,2004,2173.5,-5.0,1.0,9131,NASDAQ+5.8%連動(β0.40) 未反応+5.3%
8075,神鋼商事,卸売業,21.0,★☆☆☆☆,8.0,0.0,3.0,0.0,10.0,0.0,0.0,0.0,見送り(地合い🔴),Emerson,1.1,15.6,1.6,3.7,2495,2579.0,-0.3,1.5,113,Emerson+6.9%連動(β0.28) 未反応+1.1% / MA上昇配列
7725,インターアクション,精密機器,21.0,★☆☆☆☆,16.7,0.0,4.3,0.0,0.0,0.0,0.0,0.0,見送り(地合い🔴),NASDAQ,2.9,-4.3,6.5,-4.0,1471,1690.0,-4.6,0.3,403,NASDAQ+5.8%連動(β0.55) 未反応+2.9% / 買い出来高優勢
7186,横浜フィナンシャルグループ,銀行業,21.0,★☆☆☆☆,18.0,0.0,1.0,0.0,2.0,0.0,0.0,0.0,見送り(地合い🔴),Emerson,8.1,6.8,3.6,-2.8,1683,1815.5,-8.4,1.3,7186,Emerson+6.9%連動(β0.35) 未反応+8.1%
6364,ＡＩＲＭＡＮ,機械,21.0,★☆☆☆☆,0.0,0.0,9.0,0.0,10.5,0.0,6.5,-5.0,見送り(地合い🔴),,0.0,49.4,4.3,34.5,2446,2675.0,33.1,3.3,242,出来高急増3.3倍 / 買い出来高優勢 / MA上昇配列 / 52週高値ブレイク! / RSI過熱(88)⚠ / 過熱⚠25MA+34% / 開示[自己株式の取得](0日前) / 開示[業績予想の修正](5日前)
2175,エス・エム・エス,サービス業,21.0,★☆☆☆☆,19.0,0.0,2.0,0.0,0.0,0.0,0.0,0.0,見送り(地合い🔴),NASDAQ,10.0,4.8,4.6,-6.8,1981,2183.0,-9.0,1.1,1507,NASDAQ+5.8%連動(β0.48) 未反応+10.0% / 資金流入増
6333,ＴＥＩＫＯＫＵ,機械,21.0,★☆☆☆☆,4.5,0.0,3.0,0.0,13.5,0.0,0.0,0.0,見送り(地合い🔴),S&P500,-4.0,17.6,2.9,6.0,3188,3385.0,2.6,1.5,129,S&P500+4.0%連動(β0.45) / MA上昇配列 / パーフェクトオーダー / 52週高値目前
4634,ａｒｔｉｅｎｃｅ,化学,21.0,★☆☆☆☆,10.5,0.0,1.0,0.0,9.5,0.0,0.0,0.0,見送り(地合い🔴),SK hynix,2.1,10.1,2.5,0.8,4237,4460.0,-2.1,1.2,719,SK hynix+11.8%連動(β0.15) 未反応+2.1% / MA上昇配列 / パーフェクトオーダー
4027,テイカ,化学,21.0,★☆☆☆☆,17.0,0.0,0.0,0.0,1.0,0.0,3.0,0.0,見送り(地合い🔴),SK hynix,4.6,1.0,4.0,-5.7,2006,2182.0,-5.2,0.9,158,SK hynix+11.8%連動(β0.17) 未反応+4.6% / 開示[自己株式の取得](0日前)
4587,ペプチドリーム,医薬品,20.9,★☆☆☆☆,19.9,0.0,1.0,0.0,0.0,0.0,0.0,0.0,見送り(地合い🔴),NASDAQ,3.5,-0.6,3.2,-5.9,873,933.4000244140625,-2.3,1.4,819,NASDAQ+5.8%連動(β0.65) 未反応+3.5%
8708,アイザワ証券グループ,証券、商品先物取引業,20.9,★☆☆☆☆,5.9,0.0,5.0,0.0,10.0,0.0,0.0,0.0,見送り(地合い🔴),NASDAQ,-5.9,20.0,2.9,8.4,1632,1732.0,4.8,1.4,287,NASDAQ+5.8%連動(β0.40) / 資金流入増 / MA上昇配列 / パーフェクトオーダー
7476,アズワン,卸売業,20.9,★☆☆☆☆,16.7,0.0,3.0,0.0,1.2,0.0,0.0,0.0,見送り(地合い🔴),NASDAQ,6.6,12.0,2.9,-0.4,2273,2411.5,-4.3,1.3,430,NASDAQ+5.8%連動(β0.32) 未反応+6.6%
5408,中山製鋼所,鉄鋼,20.9,★☆☆☆☆,8.9,0.0,2.0,0.0,10.0,0.0,0.0,0.0,見送り(地合い🔴),Emerson,1.3,12.9,1.9,2.6,623,648.0,-0.6,1.2,128,Emerson+6.9%連動(β0.30) 未反応+1.3% / MA上昇配列 / パーフェクトオーダー
5384,フジミインコーポレーテッド,ガラス・土石製品,20.8,★☆☆☆☆,19.8,0.0,1.0,0.0,0.0,0.0,0.0,0.0,見送り(地合い🔴),Eaton,1.8,-6.2,7.1,-7.2,3283,3825.0,-6.6,0.8,1617,Eaton+15.0%連動(β0.38) 未反応+1.8%
8418,山口フィナンシャルグループ,銀行業,20.8,★☆☆☆☆,17.6,0.0,0.0,0.0,3.2,0.0,0.0,0.0,見送り(地合い🔴),Emerson,6.0,7.1,3.6,-2.1,2734,2943.5,-7.2,0.8,1913,Emerson+6.9%連動(β0.32) 未反応+6.0% / 開示[自己株式の取得](14日前)
6668,アドテック　プラズマ　テクノロジー,電気機器,20.8,★☆☆☆☆,17.8,0.0,3.0,0.0,0.0,0.0,0.0,0.0,見送り(地合い🔴),Eaton,-13.3,-4.3,10.9,-4.5,2545,3250.0,9.1,1.4,736,Eaton+15.0%連動(β0.48) / 資金流入増
4116,大日精化工業,化学,20.7,★☆☆☆☆,6.7,0.0,2.0,0.0,12.0,0.0,0.0,0.0,見送り(地合い🔴),Emerson,0.7,11.9,1.8,2.8,1072,1113.0,0.7,1.6,164,Emerson+6.9%連動(β0.26) 未反応+0.7% / MA上昇配列 / パーフェクトオーダー
6890,フェローテック,電気機器,20.7,★☆☆☆☆,17.6,0.0,0.0,0.0,2.7,0.0,0.4,0.0,見送り(地合い🔴),Eaton,-1.4,-3.2,10.0,-2.1,6547,8190.0,-5.0,0.8,13809,Eaton+15.0%連動(β0.47) / 開示[業績予想の修正](13日前) / 開示[業績予想の修正](13日前)
7350,おきなわフィナンシャルグループ,銀行業,20.7,★☆☆☆☆,7.7,0.0,2.0,0.0,11.0,0.0,0.0,0.0,見送り(地合い🔴),SK hynix,1.0,20.5,3.9,6.6,6836,7420.0,-1.9,1.2,544,SK hynix+11.8%連動(β0.16) 未反応+1.0% / MA上昇配列 / パーフェクトオーダー / 52週高値目前
7366,ＬＩＴＡＬＩＣＯ,サービス業,20.6,★☆☆☆☆,18.6,0.0,2.0,0.0,0.0,0.0,0.0,0.0,見送り(地合い🔴),NASDAQ,3.6,3.4,3.2,-3.0,1480,1582.0,-1.9,1.8,163,NASDAQ+5.8%連動(β0.55) 未反応+3.6%
6677,エスケーエレクトロニクス,電気機器,20.6,★☆☆☆☆,6.6,0.0,2.0,0.0,12.0,0.0,0.0,0.0,見送り(地合い🔴),SK hynix,-0.6,7.1,3.4,3.1,3299,3540.0,0.4,1.9,204,SK hynix+11.8%連動(β0.22) / MA上昇配列 / パーフェクトオーダー
7173,東京きらぼしフィナンシャルグループ,銀行業,20.599999999999998,★☆☆☆☆,18.4,0.0,0.0,0.0,2.2,0.0,0.0,0.0,見送り(地合い🔴),Emerson,6.5,2.8,4.2,-3.3,1551,1694.0,-6.6,0.8,2748,Emerson+6.9%連動(β0.37) 未反応+6.5%
8558,東和銀行,銀行業,20.599999999999998,★☆☆☆☆,17.4,0.0,1.0,0.0,2.2,0.0,0.0,0.0,見送り(地合い🔴),Emerson,6.5,-4.1,4.5,-4.3,1220,1341.0,-7.3,0.8,492,Emerson+6.9%連動(β0.32) 未反応+6.5%
6588,東芝テック,電気機器,20.5,★☆☆☆☆,13.5,0.0,1.0,0.0,6.0,0.0,0.0,0.0,見送り(地合い🔴),NASDAQ,2.7,16.0,3.6,2.7,2859,3080.0,-4.5,1.1,560,NASDAQ+5.8%連動(β0.38) 未反応+2.7%
6995,東海理化電機製作所,輸送用機器,20.5,★☆☆☆☆,16.3,0.0,2.0,0.0,2.2,0.0,0.0,0.0,見送り(地合い🔴),Emerson,9.2,7.0,3.2,-2.6,2831,3025.0,-7.5,1.6,498,Emerson+6.9%連動(β0.25) 未反応+9.2%
8613,丸三証券,証券、商品先物取引業,20.5,★☆☆☆☆,4.1,0.0,1.0,0.0,13.5,0.0,1.9,0.0,見送り(地合い🔴),S&P500,-5.8,20.8,2.3,7.5,1157,1212.0,6.3,1.0,440,S&P500+4.0%連動(β0.41) / MA上昇配列 / パーフェクトオーダー / 52週高値目前 / 開示[増配](5日前)
3076,あい　ホールディングス,卸売業,20.4,★☆☆☆☆,4.9,0.0,2.0,0.0,13.5,0.0,0.0,0.0,見送り(地合い🔴),S&P500,0.4,15.8,2.0,5.5,2762,2880.0,1.7,1.0,488,S&P500+4.0%連動(β0.37) / MA上昇配列 / パーフェクトオーダー / 52週高値目前
6240,ヤマシンフィルタ,機械,20.4,★☆☆☆☆,13.4,0.0,1.0,0.0,6.0,0.0,0.0,0.0,見送り(地合い🔴),Emerson,1.8,14.7,3.1,4.0,508,542.0,-1.6,1.5,168,Emerson+6.9%連動(β0.46) 未反応+1.8%
5302,日本カーボン,ガラス・土石製品,20.4,★☆☆☆☆,8.4,0.0,0.0,0.0,12.0,0.0,0.0,0.0,見送り(地合い🔴),Eaton,0.6,6.5,2.0,0.6,4572,4760.0,0.2,1.1,282,Eaton+15.0%連動(β0.18) 未反応+0.6% / MA上昇配列 / パーフェクトオーダー
2153,Ｅ・Ｊホールディングス,サービス業,20.3,★☆☆☆☆,12.8,0.0,0.0,0.0,7.5,0.0,0.0,0.0,見送り(地合い🔴),S&P500,3.1,12.9,2.2,1.2,1656,1732.0,-1.8,0.8,118,S&P500+4.0%連動(β0.35) 未反応+3.1% / MA上昇配列
6287,サトー,機械,20.3,★☆☆☆☆,7.3,0.0,4.0,0.0,9.0,0.0,0.0,0.0,見送り(地合い🔴),S&P500,0.9,15.7,2.0,3.1,2398,2498.0,0.7,1.7,295,S&P500+4.0%連動(β0.47) 未反応+0.9% / MA上昇配列 / 52週高値目前
8051,山善,卸売業,20.3,★☆☆☆☆,3.5,0.0,2.0,0.0,12.0,0.0,2.8,0.0,見送り(地合い🔴),Emerson,-0.5,11.3,2.0,2.4,1714,1787.0,1.2,1.1,316,Emerson+6.9%連動(β0.20) / MA上昇配列 / パーフェクトオーダー / 開示[自己株式の取得](1日前)
8616,東海東京フィナンシャル・ホールディングス,証券、商品先物取引業,20.3,★☆☆☆☆,5.3,0.0,4.0,0.0,11.0,0.0,0.0,0.0,見送り(地合い🔴),S&P500,0.3,14.1,2.9,2.9,761,808.0,-0.9,1.6,742,S&P500+4.0%連動(β0.45) / MA上昇配列 / パーフェクトオーダー / 52週高値目前
7239,タチエス,輸送用機器,20.299999999999997,★☆☆☆☆,6.1,0.0,2.0,0.0,12.2,0.0,0.0,0.0,見送り(地合い🔴),Emerson,0.6,13.1,1.6,3.4,2177,2247.0,2.1,1.3,178,Emerson+6.9%連動(β0.25) 未反応+0.6% / MA上昇配列 / パーフェクトオーダー / 52週高値目前
6807,日本航空電子工業,電気機器,20.2,★☆☆☆☆,18.0,0.0,1.0,0.0,1.2,0.0,0.0,0.0,見送り(地合い🔴),NASDAQ,9.0,6.7,3.6,-2.7,2162,2328.0,-8.6,1.3,699,NASDAQ+5.8%連動(β0.41) 未反応+9.0%
5831,しずおかフィナンシャルグループ,銀行業,20.2,★☆☆☆☆,16.2,0.0,2.0,0.0,2.0,0.0,0.0,0.0,見送り(地合い🔴),SK hynix,5.0,7.0,3.7,-2.3,2948,3181.0,-8.1,1.1,6155,SK hynix+11.8%連動(β0.14) 未反応+5.0%
5351,品川リフラ,ガラス・土石製品,20.2,★☆☆☆☆,12.7,0.0,1.0,0.0,6.5,0.0,0.0,0.0,見送り(地合い🔴),Emerson,2.7,13.2,1.8,2.2,1976,2051.0,-1.8,1.2,232,Emerson+6.9%連動(β0.28) 未反応+2.7% / MA上昇配列
6340,澁谷工業,機械,20.2,★☆☆☆☆,10.0,0.0,2.0,0.0,8.2,0.0,0.0,0.0,見送り(地合い🔴),Eaton,0.3,4.9,3.1,0.7,4104,4380.0,0.7,1.2,184,Eaton+15.0%連動(β0.24) / MA上昇配列 / パーフェクトオーダー
4229,群栄化学工業,化学,20.2,★☆☆☆☆,18.2,0.0,2.0,0.0,0.0,0.0,0.0,0.0,見送り(地合い🔴),SK hynix,5.2,0.8,5.4,-5.0,3844,4305.0,-8.6,1.7,114,SK hynix+11.8%連動(β0.21) 未反応+5.2%
8566,リコーリース,その他金融業,20.1,★☆☆☆☆,7.1,0.0,2.0,0.0,11.0,0.0,0.0,0.0,見送り(地合い🔴),Emerson,1.4,16.3,2.3,3.3,6416,6720.0,-0.6,1.4,308,Emerson+6.9%連動(β0.18) 未反応+1.4% / MA上昇配列 / パーフェクトオーダー / 52週高値目前
4290,プレステージ・インターナショナル,サービス業,20.1,★☆☆☆☆,5.6,0.0,3.0,0.0,10.0,0.0,1.5,0.0,見送り(地合い🔴),NASDAQ,0.4,15.8,2.4,3.8,663,696.0,4.3,1.5,380,NASDAQ+5.8%連動(β0.31) / MA上昇配列 / 開示[自己株式取得](7日前)
3040,ソリトンシステムズ,情報・通信業,20.1,★☆☆☆☆,12.9,0.0,0.0,0.0,7.2,0.0,0.0,0.0,見送り(地合い🔴),NASDAQ,2.2,7.9,2.8,0.0,1862,1972.0,-1.6,1.2,110,NASDAQ+5.8%連動(β0.43) 未反応+2.2% / MA上昇配列 / パーフェクトオーダー
6923,スタンレー電気,電気機器,20.099999999999998,★☆☆☆☆,16.9,0.0,0.0,0.0,3.2,0.0,0.0,0.0,見送り(地合い🔴),S&P500,5.2,3.7,2.6,-2.9,3247,3428.0,-3.8,1.2,2316,S&P500+4.0%連動(β0.49) 未反応+5.2%
9902,日伝,卸売業,20.099999999999998,★☆☆☆☆,4.6,0.0,3.0,0.0,9.7,0.0,2.8,0.0,見送り(地合い🔴),Emerson,-8.0,23.5,2.5,11.5,2919,3075.0,7.8,1.5,254,Emerson+6.9%連動(β0.27) / MA上昇配列 / パーフェクトオーダー / 開示[自己株式の取得](1日前)
2181,パーソルホールディングス,サービス業,20.0,★☆☆☆☆,16.8,0.0,1.0,0.0,2.2,0.0,0.0,0.0,見送り(地合い🔴),S&P500,6.6,9.6,2.6,-1.0,244,256.79998779296875,-3.5,1.0,1950,S&P500+4.0%連動(β0.48) 未反応+6.6%
6521,オキサイド,電気機器,20.0,★☆☆☆☆,20.0,0.0,0.0,0.0,0.0,0.0,0.0,0.0,見送り(地合い🔴),SK hynix,2.9,-26.6,8.6,-21.1,2463,2972.0,-6.5,0.8,892,SK hynix+11.8%連動(β0.38) 未反応+2.9%
5367,ニッカトー,ガラス・土石製品,20.0,★☆☆☆☆,7.0,0.0,5.3,0.0,7.7,0.0,0.0,0.0,見送り(地合い🔴),SK hynix,-18.8,3.4,8.7,3.4,1060,1285.0,11.1,2.3,666,SK hynix+11.8%連動(β0.24) / 出来高増2.3倍 / MA上昇配列 / パーフェクトオーダー
8367,南都銀行,銀行業,20.0,★☆☆☆☆,17.0,0.0,2.0,0.0,1.0,0.0,0.0,0.0,見送り(地合い🔴),Emerson,11.1,1.6,4.2,-6.3,1576,1721.0,-11.7,1.3,1072,Emerson+6.9%連動(β0.29) 未反応+11.1%
7912,大日本印刷,その他製品,19.900000000000002,★☆☆☆☆,16.1,0.0,0.0,0.0,1.0,0.0,2.8,0.0,見送り(地合い🔴),SK hynix,4.8,3.9,2.8,-5.5,2746,2909.5,-8.2,1.0,5223,SK hynix+11.8%連動(β0.14) 未反応+4.8% / 開示[自己株式の取得](1日前)
4204,積水化学工業,化学,19.9,★☆☆☆☆,15.7,0.0,2.0,0.0,2.2,0.0,0.0,0.0,見送り(地合い🔴),S&P500,5.9,6.9,2.1,-2.2,2486,2594.5,-5.1,1.8,4882,S&P500+4.0%連動(β0.37) 未反応+5.9%
6306,日工,機械,19.9,★☆☆☆☆,6.4,0.0,0.0,0.0,13.5,0.0,0.0,0.0,見送り(地合い🔴),Emerson,1.2,12.1,2.1,2.5,937,978.0,-0.6,1.2,109,Emerson+6.9%連動(β0.17) 未反応+1.2% / MA上昇配列 / パーフェクトオーダー / 52週高値目前
6080,Ｍ＆Ａキャピタルパートナーズ,サービス業,19.9,★☆☆☆☆,0.0,0.0,7.7,0.0,8.7,0.0,3.5,0.0,見送り(地合い🔴),,0.0,21.0,2.8,9.5,3794,4020.0,6.2,2.6,479,出来高増2.6倍 / 買い出来高優勢 / MA上昇配列 / パーフェクトオーダー / 開示[業績予想の修正](5日前) / 開示[増配](5日前)
8537,大光銀行,銀行業,19.9,★☆☆☆☆,17.9,0.0,1.0,0.0,1.0,0.0,0.0,0.0,見送り(地合い🔴),Emerson,10.3,0.0,3.8,-5.5,2404,2600.0,-10.2,1.0,150,Emerson+6.9%連動(β0.34) 未反応+10.3%
8628,松井証券,証券、商品先物取引業,19.8,★☆☆☆☆,14.6,0.0,2.0,0.0,3.2,0.0,0.0,0.0,見送り(地合い🔴),S&P500,7.7,13.1,2.9,-1.2,971,1032.0,-7.4,0.8,1292,S&P500+4.0%連動(β0.26) 未反応+7.7%
7504,高速,卸売業,19.8,★☆☆☆☆,0.0,0.0,9.0,0.0,13.7,0.0,2.1,-5.0,見送り(地合い🔴),,0.0,38.9,4.0,25.1,4369,4745.0,23.2,3.3,355,出来高急増3.3倍 / 買い出来高優勢 / MA上昇配列 / パーフェクトオーダー / 52週高値ブレイク! / 過熱⚠25MA+25% / 開示[自己株式取得](4日前)
9436,沖縄セルラー電話,情報・通信業,19.8,★☆☆☆☆,0.0,0.0,2.0,0.0,15.0,0.0,2.8,0.0,見送り(地合い🔴),,0.0,13.5,2.1,6.6,3866,4035.0,4.9,1.6,430,MA上昇配列 / パーフェクトオーダー / 52週高値ブレイク! / 開示[自己株式の取得](1日前)
285A,キオクシアホールディングス,電気機器,19.8,★☆☆☆☆,15.2,0.0,1.0,0.0,0.0,0.0,3.6,0.0,見送り(地合い🔴),SK hynix,-4.3,-32.4,17.3,-25.3,32169,49160.0,-9.9,1.5,2866536,SK hynix+11.8%連動(β0.51) / 開示[株式分割](4日前) / 開示[自己株式の取得](4日前)
3950,ザ・パック,パルプ・紙,19.8,★☆☆☆☆,0.0,0.0,3.3,0.0,13.5,0.0,3.0,0.0,見送り(地合い🔴),,0.0,15.0,1.9,3.2,1389,1445.0,-1.8,0.9,221,買い出来高優勢 / MA上昇配列 / パーフェクトオーダー / 52週高値目前 / 開示[自己株式の取得](0日前)
5202,日本板硝子,ガラス・土石製品,19.7,★☆☆☆☆,16.4,0.0,3.3,0.0,0.0,0.0,0.0,0.0,見送り(地合い🔴),Emerson,3.2,8.6,0.3,-0.2,478,481.0,-0.6,3.0,394,Emerson+6.9%連動(β0.40) 未反応+3.2% / 出来高増3.0倍
4956,コニシ,化学,19.7,★☆☆☆☆,12.7,0.0,1.0,0.0,3.2,0.0,2.8,0.0,見送り(地合い🔴),S&P500,2.6,5.3,2.7,-2.8,1328,1405.0,-5.1,1.4,149,S&P500+4.0%連動(β0.50) 未反応+2.6% / 開示[自己株式の取得](7日前) / 開示[自己株式取得](8日前)
7751,キヤノン,電気機器,19.6,★☆☆☆☆,12.1,0.0,1.0,0.0,6.5,0.0,0.0,0.0,見送り(地合い🔴),S&P500,2.6,12.8,2.8,1.1,4193,4440.0,-6.5,1.3,20079,S&P500+4.0%連動(β0.43) 未反応+2.6% / MA上昇配列
6762,ＴＤＫ,電気機器,19.599999999999998,★☆☆☆☆,16.4,0.0,2.0,0.0,1.2,0.0,0.0,0.0,見送り(地合い🔴),Amazon,0.4,-7.8,5.6,-4.3,2745,3092.0,2.7,1.7,43055,Amazon+17.8%連動(β0.34)
1911,住友林業,建設業,19.5,★☆☆☆☆,17.3,0.0,1.0,0.0,1.2,0.0,0.0,0.0,見送り(地合い🔴),S&P500,6.1,5.5,2.5,-2.3,1252,1319.5,-4.1,1.2,4700,S&P500+4.0%連動(β0.53) 未反応+6.1%
7269,スズキ,輸送用機器,19.5,★☆☆☆☆,17.5,0.0,2.0,0.0,0.0,0.0,0.0,0.0,見送り(地合い🔴),NASDAQ,8.6,0.8,3.3,-5.1,1816,1945.5,-5.3,2.0,15905,NASDAQ+5.8%連動(β0.38) 未反応+8.6%
8163,ＳＲＳホールディングス,小売業,19.5,★☆☆☆☆,0.0,0.0,10.0,0.0,12.5,0.0,0.0,-3.0,見送り(地合い🔴),,0.0,32.3,2.6,17.5,1458,1537.0,13.2,3.7,234,出来高急増3.7倍 / 買い出来高優勢 / 資金流入増 / MA上昇配列 / パーフェクトオーダー / 52週高値ブレイク! / RSI過熱(87)⚠ / 伸びすぎ注意(25MA+17%)
8058,三菱商事,卸売業,19.5,★☆☆☆☆,10.2,0.0,3.3,0.0,6.0,0.0,0.0,0.0,見送り(地合い🔴),Emerson,1.8,16.0,3.0,4.2,4499,4787.0,-1.2,2.2,39236,Emerson+6.9%連動(β0.29) 未反応+1.8% / 出来高増2.2倍
6209,リケンＮＰＲ,機械,19.5,★☆☆☆☆,3.5,0.0,4.0,0.0,12.0,0.0,0.0,0.0,見送り(地合い🔴),SK hynix,-0.3,11.2,2.3,3.0,3879,4070.0,0.1,1.6,354,SK hynix+11.8%連動(β0.12) / MA上昇配列 / パーフェクトオーダー
5449,大阪製鐵,鉄鋼,19.5,★☆☆☆☆,14.6,0.0,3.3,0.0,0.0,0.0,1.6,0.0,見送り(地合い🔴),DuPont,16.0,6.4,4.9,-6.4,2135,2368.0,-12.6,2.3,103,DuPont+2.9%連動(β0.35) 未反応+16.0% / 出来高増2.3倍 / 開示[業績予想の修正](5日前)
5411,ＪＦＥホールディングス,鉄鋼,19.4,★☆☆☆☆,11.4,0.0,0.0,0.0,8.0,0.0,0.0,0.0,見送り(地合い🔴),Emerson,2.1,20.7,2.6,6.1,1701,1794.0,-0.6,0.9,9573,Emerson+6.9%連動(β0.30) 未反応+2.1% / MA上昇配列
5632,三菱製鋼,鉄鋼,19.4,★☆☆☆☆,7.4,0.0,1.0,0.0,11.0,0.0,0.0,0.0,見送り(地合い🔴),S&P500,0.4,6.8,2.9,0.8,2042,2168.0,-0.8,1.4,142,S&P500+4.0%連動(β0.62) / MA上昇配列 / パーフェクトオーダー
8366,滋賀銀行,銀行業,19.4,★☆☆☆☆,17.4,0.0,1.0,0.0,1.0,0.0,0.0,0.0,見送り(地合い🔴),Emerson,7.5,2.0,5.6,-7.3,2192,2466.0,-9.5,1.1,3584,Emerson+6.9%連動(β0.31) 未反応+7.5%
8361,大垣共立銀行,銀行業,19.4,★☆☆☆☆,17.4,0.0,1.0,0.0,1.0,0.0,0.0,0.0,見送り(地合い🔴),Emerson,12.4,-1.6,5.4,-8.4,6293,7050.0,-14.3,1.3,1569,Emerson+6.9%連動(β0.32) 未反応+12.4%
4751,サイバーエージェント,サービス業,19.3,★☆☆☆☆,18.1,0.0,0.0,0.0,1.2,0.0,0.0,0.0,見送り(地合い🔴),NASDAQ,5.8,9.0,3.6,-0.4,1358,1464.5,-0.5,0.8,6311,NASDAQ+5.8%連動(β0.42) 未反応+5.8%
6516,山洋電気,電気機器,19.3,★☆☆☆☆,18.3,0.0,1.0,0.0,0.0,0.0,0.0,0.0,見送り(地合い🔴),Eaton,2.6,-7.2,6.0,-6.8,4844,5500.0,-3.8,0.9,1034,Eaton+15.0%連動(β0.28) 未反応+2.6%
8304,あおぞら銀行,銀行業,19.3,★☆☆☆☆,0.0,0.0,4.3,0.0,15.0,0.0,0.0,0.0,見送り(地合い🔴),,0.0,22.1,2.4,9.1,3056,3213.0,2.8,2.7,4559,出来高増2.7倍 / MA上昇配列 / パーフェクトオーダー / 52週高値ブレイク!
4966,上村工業,化学,19.3,★☆☆☆☆,13.3,0.0,1.0,0.0,2.2,0.0,2.8,0.0,見送り(地合い🔴),Eaton,-0.7,-5.3,6.7,-4.9,19860,22930.0,-0.9,1.0,1965,Eaton+15.0%連動(β0.36) / 開示[自己株式の取得](1日前)
3762,テクマトリックス,情報・通信業,19.200000000000003,★☆☆☆☆,6.7,0.0,6.7,0.0,8.7,0.0,2.1,-5.0,見送り(地合い🔴),NASDAQ,-11.8,36.7,3.1,22.1,2178,2324.0,18.0,5.0,493,NASDAQ+5.8%連動(β0.46) / 出来高急増5.0倍 / MA上昇配列 / 過熱⚠25MA+22% / 開示[自己株式の取得](4日前)
9699,ニシオホールディングス,サービス業,19.2,★☆☆☆☆,4.4,0.0,3.0,0.0,9.0,0.0,2.8,0.0,見送り(地合い🔴),Emerson,-2.2,17.2,2.3,5.9,4149,4350.0,1.9,1.6,217,Emerson+6.9%連動(β0.25) / MA上昇配列 / 開示[自己株式取得](1日前)
7242,カヤバ,輸送用機器,19.2,★☆☆☆☆,8.2,0.0,2.0,0.0,9.0,0.0,0.0,0.0,見送り(地合い🔴),Emerson,1.2,19.5,2.4,6.1,4261,4475.0,-0.3,1.2,434,Emerson+6.9%連動(β0.27) 未反応+1.2% / MA上昇配列
4042,東ソー,化学,19.2,★☆☆☆☆,13.5,0.0,1.0,0.0,2.2,0.0,2.5,0.0,見送り(地合い🔴),SK hynix,3.1,4.3,2.7,-2.6,2558,2704.0,-4.9,1.2,3668,SK hynix+11.8%連動(β0.14) 未反応+3.1% / 開示[業績予想の修正](0日前)
7231,トピー工業,輸送用機器,19.1,★☆☆☆☆,8.4,0.0,1.0,0.0,4.2,0.0,5.5,0.0,見送り(地合い🔴),Microchip,1.6,11.5,1.9,0.7,2766,2876.0,-1.5,1.5,148,Microchip+7.5%連動(β0.19) 未反応+1.6% / MA上昇配列 / 開示[自己株式の取得](0日前) / 開示[業績予想の修正](0日前)
4617,中国塗料,化学,19.1,★☆☆☆☆,17.1,0.0,2.0,0.0,0.0,0.0,0.0,0.0,見送り(地合い🔴),SK hynix,10.8,7.6,4.0,-3.8,3172,3450.0,-7.9,1.6,1357,SK hynix+11.8%連動(β0.17) 未反応+10.8%
3156,レスター,卸売業,19.1,★☆☆☆☆,4.4,0.0,4.0,0.0,10.7,0.0,0.0,0.0,見送り(地合い🔴),S&P500,-16.3,16.7,4.2,13.4,3978,4345.0,17.3,1.8,425,S&P500+4.0%連動(β0.44) / MA上昇配列 / パーフェクトオーダー
6368,オルガノ,機械,19.099999999999998,★☆☆☆☆,15.9,0.0,2.0,0.0,1.2,0.0,0.0,0.0,見送り(地合い🔴),Eaton,-1.9,-0.6,6.6,-3.7,12708,14645.0,-2.4,1.6,4100,Eaton+15.0%連動(β0.42)
4005,住友化学,化学,19.0,★☆☆☆☆,16.8,0.0,0.0,0.0,2.2,0.0,0.0,0.0,見送り(地合い🔴),Emerson,5.2,1.1,3.3,-3.8,478,512.5999755859375,-5.9,1.2,6150,Emerson+6.9%連動(β0.28) 未反応+5.2%
5122,オカモト,ゴム製品,19.0,★☆☆☆☆,0.0,0.0,8.0,0.0,8.2,0.0,2.8,0.0,見送り(地合い🔴),,0.0,21.5,2.7,11.0,5789,6120.0,7.4,4.0,152,出来高急増4.0倍 / 買い出来高優勢 / 52週高値目前 / 開示[自己株式取得](1日前)
6855,日本電子材料,電気機器,19.0,★☆☆☆☆,18.0,0.0,1.0,0.0,0.0,0.0,0.0,0.0,見送り(地合い🔴),Coherent,-5.7,-11.4,9.1,-7.9,5069,6200.0,0.8,1.3,5024,Coherent+30.0%連動(β0.26)
9757,船井総研ホールディングス,サービス業,19.0,★☆☆☆☆,15.8,0.0,2.0,0.0,1.2,0.0,0.0,0.0,見送り(地合い🔴),S&P500,4.0,10.1,2.1,-0.2,1061,1107.0,-2.4,1.4,473,S&P500+4.0%連動(β0.38) 未反応+4.0%
4208,ＵＢＥ,化学,18.9,★☆☆☆☆,14.7,0.0,1.0,0.0,3.2,0.0,0.0,0.0,見送り(地合い🔴),SK hynix,3.6,5.7,2.5,-1.9,2992,3149.0,-5.3,1.5,2819,SK hynix+11.8%連動(β0.13) 未反応+3.6%
6379,レイズネクスト,建設業,18.9,★☆☆☆☆,0.0,0.0,5.0,0.0,12.0,0.0,1.9,0.0,見送り(地合い🔴),,0.0,26.9,3.6,10.8,2573,2771.0,4.0,1.6,497,MA上昇配列 / パーフェクトオーダー / 開示[増配](5日前)
3946,トーモク,パルプ・紙,18.8,★☆☆☆☆,0.0,0.0,6.0,0.0,10.7,0.0,2.1,0.0,見送り(地合い🔴),,0.0,22.2,2.5,6.9,4320,4550.0,0.0,1.7,576,資金流入増 / MA上昇配列 / パーフェクトオーダー / 開示[自己株式取得](4日前)
9861,吉野家ホールディングス,小売業,18.8,★☆☆☆☆,0.0,0.0,4.0,0.0,12.0,0.0,2.8,0.0,見送り(地合い🔴),,0.0,27.9,3.2,8.6,3570,3816.0,2.9,1.0,2509,資金流入増 / MA上昇配列 / パーフェクトオーダー / 開示[自己株式の取得](1日前)
9069,センコーグループホールディングス,陸運業,18.8,★☆☆☆☆,0.0,0.0,5.3,0.0,13.5,0.0,0.0,0.0,見送り(地合い🔴),,0.0,21.0,2.3,5.5,2119,2219.5,0.6,1.9,864,買い出来高優勢 / MA上昇配列 / パーフェクトオーダー / 52週高値目前
3916,デジタル・インフォメーション・テクノロジー,情報・通信業,18.8,★☆☆☆☆,17.8,0.0,1.0,0.0,0.0,0.0,0.0,0.0,見送り(地合い🔴),NASDAQ,5.0,14.7,3.0,-0.0,868,923.0,-3.8,0.9,127,NASDAQ+5.8%連動(β0.40) 未反応+5.0%
6754,アンリツ,電気機器,18.8,★☆☆☆☆,17.8,0.0,1.0,0.0,0.0,0.0,0.0,0.0,見送り(地合い🔴),SK hynix,6.4,-13.6,6.2,-12.5,3065,3501.0,-10.4,1.4,6314,SK hynix+11.8%連動(β0.19) 未反応+6.4%
9107,川崎汽船,海運業,18.8,★☆☆☆☆,0.0,0.0,3.3,0.0,12.2,0.0,3.3,0.0,見送り(地合い🔴),,0.0,21.3,2.3,7.6,2734,2868.0,0.6,0.9,12102,買い出来高優勢 / MA上昇配列 / パーフェクトオーダー / 52週高値目前 / 開示[自己株式の取得](1日前) / 開示[業績予想の修正](11日前)
4045,東亞合成,化学,18.8,★☆☆☆☆,3.5,0.0,1.0,0.0,12.2,0.0,2.1,0.0,見送り(地合い🔴),S&P500,-1.1,12.1,1.9,4.1,1762,1832.5,1.7,1.5,550,S&P500+4.0%連動(β0.35) / MA上昇配列 / パーフェクトオーダー / 52週高値目前 / 開示[増配](4日前)
4023,クレハ,化学,18.8,★☆☆☆☆,11.3,0.0,1.0,0.0,6.5,0.0,0.0,0.0,見送り(地合い🔴),S&P500,2.2,12.5,2.3,2.1,4053,4245.0,-2.5,1.4,1094,S&P500+4.0%連動(β0.48) 未反応+2.2% / MA上昇配列
2980,ＳＲＥホールディングス,不動産業,18.7,★☆☆☆☆,11.7,0.0,1.0,0.0,6.0,0.0,0.0,0.0,見送り(地合い🔴),NASDAQ,-0.2,11.2,3.4,4.8,2498,2678.0,2.8,1.1,731,NASDAQ+5.8%連動(β0.80)
5110,住友ゴム工業,ゴム製品,18.7,★☆☆☆☆,17.5,0.0,0.0,0.0,1.2,0.0,0.0,0.0,見送り(地合い🔴),Emerson,5.7,6.2,3.2,-1.4,2051,2191.5,-2.2,1.0,4883,Emerson+6.9%連動(β0.32) 未反応+5.7%
2782,セリア,小売業,18.7,★☆☆☆☆,0.0,0.0,8.0,0.0,10.7,0.0,0.0,0.0,見送り(地合い🔴),,0.0,25.8,2.8,12.5,3961,4195.0,10.8,3.9,1140,出来高急増3.9倍 / 買い出来高優勢 / MA上昇配列 / パーフェクトオーダー
7102,日本車輌製造,輸送用機器,18.7,★☆☆☆☆,16.7,0.0,2.0,0.0,0.0,0.0,0.0,0.0,見送り(地合い🔴),SK hynix,13.7,12.1,4.3,-2.7,3089,3380.0,-12.9,1.1,211,SK hynix+11.8%連動(β0.16) 未反応+13.7% / 資金流入増
7276,小糸製作所,電気機器,18.7,★☆☆☆☆,6.0,0.0,3.0,0.0,5.0,0.0,4.7,0.0,見送り(地合い🔴),NASDAQ,-2.7,10.8,2.8,3.6,2508,2654.5,5.3,1.5,2435,NASDAQ+5.8%連動(β0.41) / 開示[自己株式の取得](1日前) / 開示[自己株式の取得](5日前)
7226,極東開発工業,輸送用機器,18.6,★☆☆☆☆,13.1,0.0,2.0,0.0,3.5,0.0,0.0,0.0,見送り(地合い🔴),S&P500,2.9,14.4,1.9,1.5,2229,2316.0,-2.1,1.2,475,S&P500+4.0%連動(β0.43) 未反応+2.9%
6804,ホシデン,電気機器,18.6,★☆☆☆☆,3.1,0.0,2.0,0.0,13.5,0.0,0.0,0.0,見送り(地合い🔴),Microchip,-1.0,10.2,2.3,3.1,2745,2880.0,1.4,1.5,626,Microchip+7.5%連動(β0.17) / MA上昇配列 / パーフェクトオーダー / 52週高値目前
5018,ＭＯＲＥＳＣＯ,石油・石炭製品,18.6,★☆☆☆☆,9.4,0.0,2.0,0.0,7.2,0.0,0.0,0.0,見送り(地合い🔴),SK hynix,1.8,18.9,4.1,2.5,1941,2116.0,-1.5,0.6,114,SK hynix+11.8%連動(β0.14) 未反応+1.8% / 資金流入増 / MA上昇配列 / パーフェクトオーダー
4091,日本酸素ホールディングス,化学,18.6,★☆☆☆☆,17.6,0.0,0.0,0.0,1.0,0.0,0.0,0.0,見送り(地合い🔴),NASDAQ,5.1,-1.3,3.5,-6.0,5266,5656.0,-7.1,1.2,3193,NASDAQ+5.8%連動(β0.38) 未反応+5.1%
7747,朝日インテック,精密機器,18.6,★☆☆☆☆,13.9,0.0,0.0,0.0,4.7,0.0,0.0,0.0,見送り(地合い🔴),NASDAQ,2.7,0.7,3.1,-1.5,3339,3559.0,0.3,1.0,3737,NASDAQ+5.8%連動(β0.41) 未反応+2.7%
6471,日本精工,機械,18.6,★☆☆☆☆,10.3,0.0,3.0,0.0,3.7,0.0,1.6,0.0,見送り(地合い🔴),Eaton,0.4,4.0,4.1,-1.0,1036,1129.5,-1.4,1.6,3075,Eaton+15.0%連動(β0.24) / 開示[業績予想の修正](5日前)
6237,イワキポンプ,機械,18.5,★☆☆☆☆,5.5,0.0,3.0,0.0,15.0,0.0,0.0,-5.0,見送り(地合い🔴),SK hynix,-11.9,42.1,6.0,22.5,4871,5540.0,7.8,0.9,711,SK hynix+11.8%連動(β0.19) / 資金流入増 / MA上昇配列 / パーフェクトオーダー / 52週高値ブレイク! / 過熱⚠25MA+23%
8584,ジャックス,その他金融業,18.5,★☆☆☆☆,16.3,0.0,1.0,0.0,1.2,0.0,0.0,0.0,見送り(地合い🔴),Emerson,4.9,8.9,2.1,-1.5,3480,3635.0,-3.5,1.5,419,Emerson+6.9%連動(β0.25) 未反応+4.9%
6298,ワイエイシイホールディングス,機械,18.5,★☆☆☆☆,18.5,0.0,0.0,0.0,0.0,0.0,0.0,0.0,見送り(地合い🔴),Eaton,1.0,-5.5,4.6,-5.3,1066,1173.0,0.4,0.6,319,Eaton+15.0%連動(β0.41) 未反応+1.0%
1980,ダイダン,建設業,18.5,★☆☆☆☆,17.5,0.0,1.0,0.0,0.0,0.0,0.0,0.0,見送り(地合い🔴),SK hynix,9.5,-7.5,4.8,-11.4,2151,2378.0,-9.5,1.3,1676,SK hynix+11.8%連動(β0.19) 未反応+9.5%
5393,ニチアス,ガラス・土石製品,18.5,★☆☆☆☆,9.2,0.0,0.0,0.0,1.0,0.0,8.3,0.0,見送り(地合い🔴),Eaton,-0.3,-5.6,4.4,-4.6,3092,3391.0,-2.7,1.1,2220,Eaton+15.0%連動(β0.25) / 開示[業績予想の修正](0日前) / 開示[自己株式の取得](0日前)
7966,リンテック,その他製品,18.5,★☆☆☆☆,16.3,0.0,0.0,0.0,2.2,0.0,0.0,0.0,見送り(地合い🔴),Eaton,2.4,-6.7,4.5,-6.4,5627,6190.0,-5.6,0.9,2285,Eaton+15.0%連動(β0.24) 未反応+2.4%
5713,住友金属鉱山,非鉄金属,18.5,★☆☆☆☆,13.5,0.0,0.0,0.0,5.0,0.0,0.0,0.0,見送り(地合い🔴),Eaton,-2.7,9.0,5.9,6.4,7024,7961.0,2.3,1.0,22195,Eaton+15.0%連動(β0.36)
2326,デジタルアーツ,情報・通信業,18.5,★☆☆☆☆,7.7,0.0,2.0,0.0,6.0,0.0,2.8,0.0,見送り(地合い🔴),NASDAQ,0.2,18.0,2.8,6.2,3966,4205.0,3.8,1.9,712,NASDAQ+5.8%連動(β0.48) / 開示[自己株式の取得](1日前)
2805,ヱスビー食品,食料品,18.5,★☆☆☆☆,0.0,0.0,5.0,0.0,13.5,0.0,0.0,0.0,見送り(地合い🔴),,0.0,32.0,4.8,13.8,6053,6700.0,9.3,1.6,385,MA上昇配列 / パーフェクトオーダー / 52週高値目前
6370,栗田工業,機械,18.4,★☆☆☆☆,13.2,0.0,0.0,0.0,1.0,0.0,4.2,0.0,見送り(地合い🔴),Eaton,0.1,1.4,4.3,-2.3,7966,8723.0,-2.8,1.1,4213,Eaton+15.0%連動(β0.35) / 開示[自己株式の取得](1日前) / 開示[業績予想の修正](6日前)
5938,ＬＩＸＩＬ,金属製品,18.4,★☆☆☆☆,16.4,0.0,2.0,0.0,0.0,0.0,0.0,0.0,見送り(地合い🔴),S&P500,11.1,0.7,3.0,-7.1,1617,1719.0,-9.5,1.9,4204,S&P500+4.0%連動(β0.44) 未反応+11.1%
7731,ニコン,精密機器,18.4,★☆☆☆☆,18.4,0.0,0.0,0.0,0.0,0.0,0.0,0.0,見送り(地合い🔴),NASDAQ,7.1,-9.2,5.3,-13.6,1668,1867.0,-15.1,1.2,3731,NASDAQ+5.8%連動(β0.44) 未反応+7.1%
7004,カナデビア,機械,18.4,★☆☆☆☆,17.4,0.0,1.0,0.0,0.0,0.0,0.0,0.0,見送り(地合い🔴),Emerson,3.8,-2.8,3.3,-5.1,1094,1173.0,-4.0,1.3,1007,Emerson+6.9%連動(β0.34) 未反応+3.8%
9279,ギフトホールディングス,小売業,18.3,★☆☆☆☆,0.0,0.0,3.3,0.0,15.0,0.0,0.0,0.0,見送り(地合い🔴),,0.0,31.8,4.1,13.4,4850,5280.0,7.0,1.0,472,買い出来高優勢 / MA上昇配列 / パーフェクトオーダー / 52週高値ブレイク!
4401,ＡＤＥＫＡ,化学,18.3,★☆☆☆☆,17.3,0.0,1.0,0.0,0.0,0.0,0.0,0.0,見送り(地合い🔴),Eaton,2.4,0.5,3.4,-4.1,3666,3935.0,-3.1,1.4,1584,Eaton+15.0%連動(β0.27) 未反応+2.4%
6676,ＢＵＦＦＡＬＯ,電気機器,18.3,★☆☆☆☆,0.0,0.0,2.0,0.0,13.5,0.0,2.8,0.0,見送り(地合い🔴),,0.0,15.6,3.0,3.3,2555,2718.0,-2.2,1.3,120,MA上昇配列 / パーフェクトオーダー / 52週高値目前 / 開示[自己株式の取得](1日前)
9274,ＫＰＰグループホールディングス,卸売業,18.3,★☆☆☆☆,0.0,0.0,2.0,0.0,13.5,0.0,2.8,0.0,見送り(地合い🔴),,0.0,15.2,2.7,3.4,1040,1100.0,-1.1,1.0,251,MA上昇配列 / パーフェクトオーダー / 52週高値目前 / 開示[自己株式の取得](1日前) / 開示[自己株式の取得](14日前)
3569,セーレン,繊維製品,18.3,★☆☆☆☆,4.2,0.0,4.3,0.0,7.0,0.0,2.8,0.0,見送り(地合い🔴),S&P500,-4.4,7.1,2.4,4.3,3241,3405.0,4.9,2.7,548,S&P500+4.0%連動(β0.42) / 出来高増2.7倍 / 開示[自己株式取得](1日前)
4722,フューチャー,情報・通信業,18.299999999999997,★☆☆☆☆,8.1,0.0,5.0,0.0,10.2,0.0,0.0,-5.0,見送り(地合い🔴),Microsoft,-1.2,54.4,4.4,22.1,2229,2445.0,3.3,1.4,3452,Microsoft+9.2%連動(β0.35) / 資金流入増 / MA上昇配列 / 52週高値目前 / 過熱⚠25MA+22%
6273,ＳＭＣ,機械,18.2,★☆☆☆☆,14.2,0.0,0.0,0.0,1.2,0.0,2.8,0.0,見送り(地合い🔴),Amazon,-3.2,2.2,4.9,-1.0,64001,70980.0,-1.1,0.9,19590,Amazon+17.8%連動(β0.32) / 開示[自己株式の取得](1日前)
8850,スターツコーポレーション,不動産業,18.2,★☆☆☆☆,16.0,0.0,0.0,0.0,2.2,0.0,0.0,0.0,見送り(地合い🔴),S&P500,5.6,7.7,2.1,-1.9,4434,4630.0,-3.0,1.1,292,S&P500+4.0%連動(β0.39) 未反応+5.6%
4022,ラサ工業,化学,18.2,★☆☆☆☆,14.5,0.0,1.0,0.0,2.7,0.0,0.0,0.0,見送り(地合い🔴),Eaton,-4.3,-0.5,7.1,-0.3,1623,1893.0,-0.6,1.1,2408,Eaton+15.0%連動(β0.39)
9790,福井コンピュータホールディングス,情報・通信業,18.1,★☆☆☆☆,14.6,0.0,1.0,0.0,2.5,0.0,0.0,0.0,見送り(地合い🔴),NASDAQ,3.3,7.8,2.2,-1.9,2956,3090.0,-1.3,1.4,119,NASDAQ+5.8%連動(β0.32) 未反応+3.3%
5471,大同特殊鋼,鉄鋼,18.0,★☆☆☆☆,18.0,0.0,0.0,0.0,0.0,0.0,0.0,0.0,見送り(地合い🔴),SK hynix,6.5,-12.9,5.6,-10.7,1974,2221.0,-8.7,0.6,2895,SK hynix+11.8%連動(β0.20) 未反応+6.5%
8766,東京海上ホールディングス,保険業,18.0,★☆☆☆☆,0.0,0.0,0.0,0.0,12.0,0.0,6.0,0.0,見送り(地合い🔴),,0.0,12.6,2.8,1.3,7449,7885.0,-4.3,1.0,39799,MA上昇配列 / パーフェクトオーダー / 開示[自己株式の取得](0日前) / 開示[自己株式の取得](0日前)
6264,マルマエ,機械,18.0,★☆☆☆☆,18.0,0.0,0.0,0.0,0.0,0.0,0.0,0.0,見送り(地合い🔴),Eaton,-1.4,-24.1,7.8,-9.9,1683,1995.0,-0.2,0.5,2756,Eaton+15.0%連動(β0.51)
4004,レゾナック・ホールディングス,化学,18.0,★☆☆☆☆,18.0,0.0,0.0,0.0,0.0,0.0,0.0,0.0,見送り(地合い🔴),Eaton,-6.1,-11.1,8.2,-8.2,11748,14060.0,0.6,0.9,35445,Eaton+15.0%連動(β0.51)
8150,三信電気,卸売業,18.0,★☆☆☆☆,4.0,0.0,4.0,0.0,10.0,0.0,0.0,0.0,見送り(地合い🔴),S&P500,-0.4,13.0,2.1,3.3,2809,2933.0,-0.3,1.6,116,S&P500+4.0%連動(β0.40) / MA上昇配列
6474,不二越,機械,18.0,★☆☆☆☆,17.0,0.0,1.0,0.0,0.0,0.0,0.0,0.0,見送り(地合い🔴),Eaton,2.3,-7.1,7.0,-8.5,4663,5420.0,-6.7,0.7,1090,Eaton+15.0%連動(β0.27) 未反応+2.3%
6777,ｓａｎｔｅｃ　Ｈｏｌｄｉｎｇｓ,電気機器,18.0,★☆☆☆☆,18.0,0.0,0.0,0.0,0.0,0.0,0.0,0.0,見送り(地合い🔴),Coherent,-1.3,-14.5,8.7,-12.2,14810,17950.0,-2.0,0.9,2737,Coherent+30.0%連動(β0.25)
8585,オリエントコーポレーション,その他金融業,17.9,★☆☆☆☆,15.9,0.0,2.0,0.0,0.0,0.0,0.0,0.0,見送り(地合い🔴),Emerson,7.0,7.0,2.5,-3.5,817,860.0,-6.3,1.9,486,Emerson+6.9%連動(β0.23) 未反応+7.0%
9889,ＪＢＣＣホールディングス,情報・通信業,17.8,★☆☆☆☆,0.0,0.0,6.3,0.0,10.2,0.0,4.3,-3.0,見送り(地合い🔴),,0.0,35.9,3.4,17.9,1581,1696.0,9.8,2.3,354,出来高増2.3倍 / MA上昇配列 / 52週高値目前 / 伸びすぎ注意(25MA+18%) / 開示[増配](4日前) / 開示[自己株式取得](4日前)
6310,井関農機,機械,17.8,★☆☆☆☆,10.3,0.0,2.0,0.0,5.5,0.0,0.0,0.0,見送り(地合い🔴),Emerson,1.6,12.3,3.8,1.4,1718,1860.0,-3.9,1.4,191,Emerson+6.9%連動(β0.33) 未反応+1.6% / MA上昇配列
7733,オリンパス,精密機器,17.7,★☆☆☆☆,9.7,0.0,0.0,0.0,8.0,0.0,0.0,0.0,見送り(地合い🔴),S&P500,1.3,11.5,2.8,3.1,1716,1819.0,0.3,1.0,7567,S&P500+4.0%連動(β0.57) 未反応+1.3% / MA上昇配列
6055,ジャパンマテリアル,サービス業,17.6,★☆☆☆☆,15.3,0.0,1.0,0.0,1.0,0.0,0.3,0.0,見送り(地合い🔴),Eaton,-2.2,-0.3,6.7,-5.5,1972,2278.0,-1.0,0.9,2300,Eaton+15.0%連動(β0.41) / 開示[子会社化](12日前)
3402,東レ,繊維製品,17.6,★☆☆☆☆,15.4,0.0,0.0,0.0,2.2,0.0,0.0,0.0,見送り(地合い🔴),S&P500,3.6,4.8,2.5,-2.2,1072,1129.5,-4.2,1.0,4839,S&P500+4.0%連動(β0.45) 未反応+3.6%
7888,三光合成,化学,17.6,★☆☆☆☆,6.6,0.0,2.0,0.0,9.0,0.0,0.0,0.0,見送り(地合い🔴),Emerson,0.1,31.1,4.3,9.7,856,936.0,-0.1,0.9,205,Emerson+6.9%連動(β0.37) / 資金流入増 / MA上昇配列
7182,ゆうちょ銀行,銀行業,17.6,★☆☆☆☆,16.6,0.0,0.0,0.0,1.0,0.0,0.0,0.0,見送り(地合い🔴),Emerson,6.6,4.6,3.6,-4.5,2876,3102.0,-9.2,1.2,22537,Emerson+6.9%連動(β0.27) 未反応+6.6%
7942,ＪＳＰ,化学,17.5,★☆☆☆☆,0.0,0.0,7.7,0.0,8.0,0.0,1.8,0.0,見送り(地合い🔴),,0.0,16.0,2.6,9.1,2575,2718.0,6.9,8.0,155,出来高急増8.0倍 / 開示[業績予想の修正](4日前)
5851,リョービ,非鉄金属,17.5,★☆☆☆☆,6.2,0.0,5.3,0.0,6.0,0.0,0.0,0.0,見送り(地合い🔴),Emerson,-2.6,10.8,2.1,3.6,2514,2625.0,3.2,2.1,334,Emerson+6.9%連動(β0.36) / 出来高増2.1倍
6324,ハーモニック・ドライブ・システムズ,機械,17.5,★☆☆☆☆,11.5,6.0,0.0,0.0,0.0,0.0,0.0,0.0,見送り(地合い🔴),SK hynix,-4.9,-19.8,9.3,-11.2,5156,6330.0,-3.9,0.8,12463,SK hynix+11.8%連動(β0.39) / ロボット(-6.7%)
1982,日比谷総合設備,建設業,17.5,★☆☆☆☆,16.5,0.0,1.0,0.0,0.0,0.0,0.0,0.0,見送り(地合い🔴),SK hynix,5.0,-2.2,4.0,-6.3,2537,2758.0,-6.2,1.4,278,SK hynix+11.8%連動(β0.15) 未反応+5.0%
7734,理研計器,精密機器,17.5,★☆☆☆☆,11.5,0.0,0.0,0.0,6.0,0.0,0.0,0.0,見送り(地合い🔴),Eaton,-1.2,2.0,3.3,1.3,3301,3535.0,3.2,1.2,319,Eaton+15.0%連動(β0.31)
3436,ＳＵＭＣＯ,金属製品,17.5,★☆☆☆☆,16.5,0.0,1.0,0.0,0.0,0.0,0.0,0.0,見送り(地合い🔴),Eaton,-3.5,-23.5,13.0,-17.6,2558,3457.0,-8.1,1.0,93678,Eaton+15.0%連動(β0.44)
6914,オプテックスグループ,電気機器,17.4,★☆☆☆☆,11.2,0.0,3.3,0.0,0.0,0.0,2.9,0.0,見送り(地合い🔴),Eaton,-0.1,-10.2,4.7,-6.6,3181,3510.0,-1.8,2.3,661,Eaton+15.0%連動(β0.30) / 出来高増2.3倍 / 開示[上方修正](4日前)
7283,愛三工業,輸送用機器,17.4,★☆☆☆☆,10.4,0.0,2.0,0.0,5.0,0.0,0.0,0.0,見送り(地合い🔴),S&P500,1.7,16.2,4.1,1.6,2122,2310.0,-1.7,0.9,856,S&P500+4.0%連動(β0.54) 未反応+1.7% / 資金流入増 / MA上昇配列
3962,チェンジホールディングス,情報・通信業,17.3,★☆☆☆☆,8.6,0.0,2.0,0.0,6.7,0.0,0.0,0.0,見送り(地合い🔴),NASDAQ,0.0,13.8,2.5,2.6,914,962.0,2.9,1.0,274,NASDAQ+5.8%連動(β0.59) / MA上昇配列
1979,大氣社,建設業,17.3,★☆☆☆☆,16.3,0.0,0.0,0.0,1.0,0.0,0.0,0.0,見送り(地合い🔴),Emerson,6.8,-7.0,3.5,-10.0,3866,4155.0,-8.0,0.8,1337,Emerson+6.9%連動(β0.25) 未反応+6.8%
9934,因幡電機産業,卸売業,17.299999999999997,★☆☆☆☆,3.6,0.0,3.0,0.0,10.7,0.0,0.0,0.0,見送り(地合い🔴),Emerson,-2.8,12.9,2.3,4.8,2765,2899.5,2.8,2.0,516,Emerson+6.9%連動(β0.21) / MA上昇配列 / パーフェクトオーダー
7995,バルカー,化学,17.299999999999997,★☆☆☆☆,10.2,0.0,3.0,0.0,2.7,0.0,1.4,0.0,見送り(地合い🔴),Eaton,-2.8,2.7,5.2,-0.1,5976,6670.0,0.8,1.6,719,Eaton+15.0%連動(β0.27) / 開示[業績予想の修正](6日前)
8704,トレイダーズホールディングス,証券、商品先物取引業,17.2,★☆☆☆☆,0.0,0.0,4.7,0.0,12.5,0.0,0.0,0.0,見送り(地合い🔴),,0.0,13.0,3.8,6.2,1225,1325.0,3.5,3.2,123,出来高急増3.2倍 / MA上昇配列 / パーフェクトオーダー / 52週高値ブレイク!
3491,ＧＡ　ｔｅｃｈｎｏｌｏｇｉｅｓ,不動産業,17.2,★☆☆☆☆,10.2,0.0,1.0,0.0,6.0,0.0,0.0,0.0,見送り(地合い🔴),NASDAQ,-4.1,8.0,3.3,3.2,1325,1420.0,7.3,1.4,224,NASDAQ+5.8%連動(β0.70)
4686,ジャストシステム,情報・通信業,17.2,★☆☆☆☆,9.2,0.0,0.0,0.0,8.0,0.0,0.0,0.0,見送り(地合い🔴),Microsoft,0.8,14.0,2.4,4.1,3827,4020.0,1.5,1.1,337,Microsoft+9.2%連動(β0.30) 未反応+0.8% / MA上昇配列
6507,シンフォニアテクノロジー,電気機器,17.1,★☆☆☆☆,17.1,0.0,0.0,0.0,0.0,0.0,0.0,0.0,見送り(地合い🔴),Eaton,-0.5,-5.7,6.4,-6.6,11720,13450.0,-2.8,1.0,2109,Eaton+15.0%連動(β0.46)
8255,アクシアル　リテイリング,小売業,17.1,★☆☆☆☆,0.0,0.0,4.3,0.0,10.0,0.0,2.8,0.0,見送り(地合い🔴),,0.0,18.7,2.4,5.3,1193,1254.0,2.5,1.2,248,買い出来高優勢 / MA上昇配列 / 開示[自己株式の取得](1日前)
7701,島津製作所,精密機器,17.1,★☆☆☆☆,17.1,0.0,0.0,0.0,0.0,0.0,0.0,0.0,見送り(地合い🔴),NASDAQ,5.1,5.4,2.7,-2.7,3792,4010.0,-6.2,0.9,3838,NASDAQ+5.8%連動(β0.35) 未反応+5.1%
4221,大倉工業,化学,17.1,★☆☆☆☆,0.0,0.0,2.0,0.0,13.5,0.0,1.6,0.0,見送り(地合い🔴),,0.0,21.2,3.1,9.3,5149,5490.0,5.8,1.3,352,MA上昇配列 / パーフェクトオーダー / 52週高値目前 / 開示[業績予想の修正](5日前)
6472,ＮＴＮ,機械,17.1,★☆☆☆☆,11.1,0.0,1.0,0.0,5.0,0.0,0.0,0.0,見送り(地合い🔴),Eaton,-1.6,3.8,3.6,0.4,361,389.3999938964844,2.3,1.4,1411,Eaton+15.0%連動(β0.30)
1952,新日本空調,建設業,17.0,★☆☆☆☆,17.0,0.0,0.0,0.0,0.0,0.0,0.0,0.0,見送り(地合い🔴),SK hynix,6.2,-7.2,4.2,-9.5,2929,3200.0,-7.2,1.0,655,SK hynix+11.8%連動(β0.17) 未反応+6.2%
9508,九州電力,電気・ガス業,17.0,★☆☆☆☆,0.0,0.0,5.0,0.0,12.0,0.0,0.0,0.0,見送り(地合い🔴),,0.0,16.5,2.5,5.0,1744,1837.5,-0.3,1.6,3168,MA上昇配列 / パーフェクトオーダー
7047,ポート,サービス業,17.0,★☆☆☆☆,11.0,0.0,0.0,0.0,6.0,0.0,0.0,0.0,見送り(地合い🔴),NASDAQ,-0.6,11.2,4.2,0.8,2257,2463.0,1.4,0.9,253,NASDAQ+5.8%連動(β0.76) / MA上昇配列 / パーフェクトオーダー
6125,岡本工作機械製作所,機械,17.0,★☆☆☆☆,15.0,0.0,1.0,0.0,1.0,0.0,0.0,0.0,見送り(地合い🔴),Eaton,-0.4,-0.9,6.3,-3.1,4486,5130.0,0.2,1.0,339,Eaton+15.0%連動(β0.40)
4971,メック,化学,17.0,★☆☆☆☆,17.0,0.0,0.0,0.0,0.0,0.0,0.0,0.0,見送り(地合い🔴),Eaton,-3.3,-10.8,8.0,-7.1,7007,8350.0,-0.4,1.1,2793,Eaton+15.0%連動(β0.46)
3153,八洲電機,卸売業,17.0,★☆☆☆☆,6.0,0.0,4.0,0.0,7.0,0.0,0.0,0.0,見送り(地合い🔴),SK hynix,0.3,13.5,3.9,4.7,2729,2960.0,-0.8,1.6,192,SK hynix+11.8%連動(β0.17)
7236,ティラド,輸送用機器,17.0,★☆☆☆☆,0.0,0.0,4.7,0.0,9.5,0.0,2.8,0.0,見送り(地合い🔴),,0.0,6.4,3.5,1.6,1419,1525.0,-1.0,3.6,447,出来高急増3.6倍 / MA上昇配列 / パーフェクトオーダー / 開示[増配](1日前)
8065,佐藤商事,卸売業,16.9,★☆☆☆☆,4.8,0.0,4.0,0.0,8.2,0.0,2.9,-3.0,見送り(地合い🔴),NASDAQ,-14.6,28.9,4.0,16.0,3187,3465.0,14.0,2.0,149,NASDAQ+5.8%連動(β0.33) / 52週高値目前 / 伸びすぎ注意(25MA+16%) / 開示[上方修正](4日前)
8098,稲畑産業,卸売業,16.9,★☆☆☆☆,12.4,0.0,0.0,0.0,4.5,0.0,0.0,0.0,見送り(地合い🔴),S&P500,3.0,8.8,1.5,-0.3,3834,3950.0,-2.5,1.2,350,S&P500+4.0%連動(β0.34) 未反応+3.0%
8011,三陽商会,繊維製品,16.8,★☆☆☆☆,0.0,0.0,1.0,0.0,12.2,0.0,3.6,0.0,見送り(地合い🔴),,0.0,20.5,3.2,10.3,4579,4895.0,1.0,1.2,177,MA上昇配列 / パーフェクトオーダー / 52週高値目前 / 開示[自己株式の取得](1日前) / 開示[株式分割](8日前)
6134,ＦＵＪＩ,機械,16.8,★☆☆☆☆,11.5,0.0,2.0,0.0,1.0,0.0,2.3,0.0,見送り(地合い🔴),Eaton,-4.8,-6.3,6.8,-3.6,6434,7445.0,-1.3,1.8,6385,Eaton+15.0%連動(β0.31) / 開示[業績予想の修正](1日前)
5715,古河機械金属,非鉄金属,16.8,★☆☆☆☆,15.6,0.0,0.0,0.0,1.2,0.0,0.0,0.0,見送り(地合い🔴),Emerson,3.1,5.7,5.0,-2.6,3147,3495.0,-5.8,1.0,941,Emerson+6.9%連動(β0.37) 未反応+3.1%
9983,ファーストリテイリング,小売業,16.8,★☆☆☆☆,14.6,0.0,0.0,0.0,2.2,0.0,0.0,0.0,見送り(地合い🔴),NASDAQ,2.9,2.8,3.0,-2.0,74893,79600.0,2.9,1.0,105784,NASDAQ+5.8%連動(β0.42) 未反応+2.9%
3191,ジョイフル本田,小売業,16.8,★☆☆☆☆,0.0,0.0,2.0,0.0,12.0,0.0,2.8,0.0,見送り(地合い🔴),,0.0,15.9,2.8,4.2,2274,2409.0,0.5,1.6,553,MA上昇配列 / パーフェクトオーダー / 開示[増配](1日前)
1879,新日本建設,建設業,16.8,★☆☆☆☆,0.0,0.0,6.7,0.0,8.0,0.0,2.1,0.0,見送り(地合い🔴),,0.0,11.7,2.2,4.4,2087,2185.0,2.9,7.2,210,出来高急増7.2倍 / 開示[増配](4日前)
9037,ハマキョウレックス,陸運業,16.8,★☆☆☆☆,9.1,0.0,2.0,0.0,5.7,0.0,0.0,0.0,見送り(地合い🔴),S&P500,1.9,8.1,2.1,-0.2,1743,1820.0,-0.1,1.8,198,S&P500+4.0%連動(β0.34) 未反応+1.9%
9201,日本航空,空運業,16.8,★☆☆☆☆,8.3,0.0,1.0,0.0,7.5,0.0,0.0,0.0,見送り(地合い🔴),Boeing,1.6,6.3,2.3,1.1,2843,2979.5,1.6,1.4,8897,Boeing+7.4%連動(β0.18) 未反応+1.6% / MA上昇配列
4008,住友精化,化学,16.7,★☆☆☆☆,12.7,0.0,0.0,0.0,1.0,0.0,3.0,0.0,見送り(地合い🔴),SK hynix,2.8,-2.9,2.9,-4.8,1148,1218.0,-5.1,1.2,211,SK hynix+11.8%連動(β0.15) 未反応+2.8% / 開示[自己株式の取得](0日前)
6701,日本電気,電気機器,16.7,★☆☆☆☆,6.7,0.0,2.0,0.0,8.0,0.0,0.0,0.0,見送り(地合い🔴),NASDAQ,-2.7,22.1,4.3,8.3,4323,4733.0,6.5,0.9,33134,NASDAQ+5.8%連動(β0.46) / MA上昇配列
1961,三機工業,建設業,16.6,★☆☆☆☆,16.6,0.0,0.0,0.0,0.0,0.0,0.0,0.0,見送り(地合い🔴),SK hynix,6.8,-11.9,5.4,-14.0,1984,2222.0,-10.1,1.0,1916,SK hynix+11.8%連動(β0.16) 未反応+6.8%
9101,日本郵船,海運業,16.599999999999998,★☆☆☆☆,0.0,0.0,3.0,0.0,10.7,0.0,2.9,0.0,見送り(地合い🔴),,0.0,24.5,2.5,7.8,5738,6042.0,-0.6,1.4,16286,MA上昇配列 / パーフェクトオーダー / 開示[業績予想の修正](5日前) / 開示[子会社化](5日前)
8154,加賀電子,卸売業,16.5,★☆☆☆☆,5.5,0.0,3.0,0.0,8.0,0.0,0.0,0.0,見送り(地合い🔴),NASDAQ,-6.9,21.0,3.2,10.3,4419,4725.0,5.6,1.3,687,NASDAQ+5.8%連動(β0.38)
6840,ＡＫＩＢＡホールディングス,電気機器,16.5,★☆☆☆☆,9.8,0.0,4.0,0.0,2.7,0.0,0.0,0.0,見送り(地合い🔴),SK hynix,-11.4,-3.8,7.7,-3.9,567,671.0,1.1,1.9,257,SK hynix+11.8%連動(β0.33)
9824,泉州電業,卸売業,16.5,★☆☆☆☆,11.5,0.0,0.0,0.0,2.2,0.0,2.8,0.0,見送り(地合い🔴),Eaton,-0.7,1.8,3.8,-1.7,5826,6300.0,3.1,0.9,487,Eaton+15.0%連動(β0.31) / 開示[自己株式取得](1日前)
8125,ワキタ,卸売業,16.5,★☆☆☆☆,3.5,0.0,3.0,0.0,10.0,0.0,0.0,0.0,見送り(地合い🔴),S&P500,-1.6,18.7,1.8,5.7,1878,1947.0,2.0,1.3,343,S&P500+4.0%連動(β0.34) / MA上昇配列
9743,丹青社,サービス業,16.400000000000002,★☆☆☆☆,0.0,0.0,5.3,0.0,9.0,0.0,2.1,0.0,見送り(地合い🔴),,0.0,14.5,1.8,4.4,1373,1426.0,1.7,2.1,875,出来高増2.1倍 / 資金流入増 / MA上昇配列 / 開示[自己株式取得](4日前)
6366,千代田化工建設,建設業,16.4,★☆☆☆☆,15.2,0.0,0.0,0.0,1.2,0.0,0.0,0.0,見送り(地合い🔴),DuPont,9.0,2.1,5.6,-5.0,576,649.0,-10.6,1.0,2006,DuPont+2.9%連動(β0.43) 未反応+9.0%
8137,サンワテクノス,卸売業,16.4,★☆☆☆☆,15.4,0.0,0.0,0.0,1.0,0.0,0.0,0.0,見送り(地合い🔴),NASDAQ,3.3,3.5,3.8,-2.4,3388,3670.0,-4.3,1.1,281,NASDAQ+5.8%連動(β0.38) 未反応+3.3%
3276,ＪＰＭＣ,不動産業,16.3,★☆☆☆☆,0.0,0.0,5.3,0.0,11.0,0.0,0.0,0.0,見送り(地合い🔴),,0.0,45.7,4.3,13.2,1666,1822.0,1.5,0.7,247,買い出来高優勢 / 資金流入増 / MA上昇配列 / パーフェクトオーダー / 52週高値目前 / RSI過熱(90)⚠
8410,セブン銀行,銀行業,16.3,★☆☆☆☆,0.0,0.0,6.3,0.0,10.0,0.0,0.0,0.0,見送り(地合い🔴),,0.0,18.9,2.5,5.2,302,318.6000061035156,-0.5,2.2,2084,出来高増2.2倍 / MA上昇配列
6258,平田機工,機械,16.3,★☆☆☆☆,14.3,0.0,2.0,0.0,0.0,0.0,0.0,0.0,見送り(地合い🔴),Eaton,-0.2,2.2,5.4,-1.9,2581,2892.0,-1.9,1.3,794,Eaton+15.0%連動(β0.38)
5911,横河ブリッジホールディングス,金属製品,16.3,★☆☆☆☆,0.0,0.0,2.0,0.0,10.0,0.0,4.3,0.0,見送り(地合い🔴),,0.0,11.6,1.9,1.0,2820,2929.0,-2.5,1.5,364,MA上昇配列 / 開示[自己株式の取得](0日前) / 開示[自己株式取得](8日前)
296A,令和アカウンティング・ホールディングス,サービス業,16.3,★☆☆☆☆,0.0,0.0,5.3,0.0,11.0,0.0,0.0,0.0,見送り(地合い🔴),,0.0,23.8,4.4,6.6,787,863.0,-5.3,0.1,165,買い出来高優勢 / 資金流入増 / MA上昇配列 / パーフェクトオーダー / 開示[業務提携](14日前)
7717,ブイ・テクノロジー,精密機器,16.2,★☆☆☆☆,16.2,0.0,0.0,0.0,0.0,0.0,0.0,0.0,見送り(地合い🔴),SK hynix,1.6,-23.1,9.0,-19.5,4532,5530.0,-9.2,0.7,2876,SK hynix+11.8%連動(β0.39) 未反応+1.6%
6481,ＴＨＫ,機械,16.2,★☆☆☆☆,15.2,0.0,0.0,0.0,1.0,0.0,0.0,0.0,見送り(地合い🔴),Eaton,-3.6,-4.7,6.1,-4.7,5925,6751.0,-2.7,0.8,8462,Eaton+15.0%連動(β0.41)
6459,大和冷機工業,機械,16.2,★☆☆☆☆,5.2,0.0,4.0,0.0,7.0,0.0,0.0,0.0,見送り(地合い🔴),Emerson,-3.3,14.9,2.5,6.2,1691,1779.0,2.5,1.7,122,Emerson+6.9%連動(β0.30)
6118,アイダエンジニアリング,機械,16.2,★☆☆☆☆,9.2,0.0,1.0,0.0,6.0,0.0,0.0,0.0,見送り(地合い🔴),S&P500,1.4,10.2,2.8,0.2,1127,1195.0,-0.6,0.8,225,S&P500+4.0%連動(β0.49) 未反応+1.4% / MA上昇配列 / パーフェクトオーダー
4746,東計電算,情報・通信業,16.1,★☆☆☆☆,0.0,0.0,2.0,0.0,9.5,0.0,4.6,0.0,見送り(地合い🔴),,0.0,18.4,2.2,3.7,4713,4925.0,-0.5,1.0,152,MA上昇配列 / パーフェクトオーダー / 開示[増配](1日前) / 開示[株式分割](1日前)
7867,タカラトミー,その他製品,16.1,★☆☆☆☆,0.0,0.0,3.3,0.0,10.0,0.0,2.8,0.0,見送り(地合い🔴),,0.0,20.8,3.7,6.8,3384,3656.0,3.3,0.9,2322,買い出来高優勢 / MA上昇配列 / パーフェクトオーダー / 開示[自己株式の取得](1日前)
9706,日本空港ビルデング,不動産業,16.1,★☆☆☆☆,4.1,0.0,1.0,0.0,11.0,0.0,0.0,0.0,見送り(地合い🔴),Boeing,-0.8,18.3,2.5,6.7,5462,5747.0,2.6,1.2,1746,Boeing+7.4%連動(β0.22) / MA上昇配列 / パーフェクトオーダー
6742,京三製作所,電気機器,16.1,★☆☆☆☆,5.6,0.0,2.0,0.0,8.5,0.0,0.0,0.0,見送り(地合い🔴),SK hynix,-4.1,7.0,5.2,1.4,811,905.0,-0.7,1.8,250,SK hynix+11.8%連動(β0.19) / MA上昇配列 / パーフェクトオーダー
8133,伊藤忠エネクス,卸売業,16.0,★☆☆☆☆,0.0,0.0,4.0,0.0,12.0,0.0,0.0,0.0,見送り(地合い🔴),,0.0,12.5,2.5,2.4,1997,2101.0,0.8,1.4,283,MA上昇配列 / パーフェクトオーダー
9991,ジェコス,卸売業,16.0,★☆☆☆☆,0.0,0.0,4.0,0.0,10.7,0.0,1.3,0.0,見送り(地合い🔴),,0.0,17.9,2.1,7.4,1662,1734.0,3.9,1.4,114,MA上昇配列 / パーフェクトオーダー / 開示[子会社化](5日前)
2109,ＤＭ三井製糖,食料品,16.0,★☆☆☆☆,0.0,0.0,4.0,0.0,12.0,0.0,0.0,0.0,見送り(地合い🔴),,0.0,13.6,1.8,3.0,3336,3460.0,0.6,1.6,146,MA上昇配列 / パーフェクトオーダー
6617,東光高岳,電気機器,16.0,★☆☆☆☆,6.5,0.0,4.3,0.0,2.2,0.0,3.0,0.0,見送り(地合い🔴),SK hynix,-0.3,4.1,7.3,-2.0,6306,7390.0,-6.3,2.3,1412,SK hynix+11.8%連動(β0.22) / 出来高増2.3倍 / 開示[自己株式の取得](0日前)
6203,豊和工業,機械,16.0,★☆☆☆☆,16.0,0.0,0.0,0.0,0.0,0.0,0.0,0.0,見送り(地合い🔴),SK hynix,3.3,-8.2,6.1,-9.8,1195,1360.0,-5.2,0.4,600,SK hynix+11.8%連動(β0.20) 未反応+3.3%
3097,物語コーポレーション,小売業,16.0,★☆☆☆☆,0.0,0.0,4.0,0.0,12.0,0.0,0.0,0.0,見送り(地合い🔴),,0.0,20.6,3.0,5.3,4990,5310.0,3.1,1.6,1000,MA上昇配列 / パーフェクトオーダー
368A,北里コーポレーション,精密機器,16.0,★☆☆☆☆,0.0,0.0,8.0,0.0,8.0,0.0,0.0,0.0,見送り(地合い🔴),,0.0,15.1,2.4,7.2,1394,1464.0,3.9,5.0,164,出来高急増5.0倍 / 買い出来高優勢 / MA上昇配列
9842,アークランズ,小売業,16.0,★☆☆☆☆,0.0,0.0,4.0,0.0,12.0,0.0,0.0,0.0,見送り(地合い🔴),,0.0,8.1,2.3,0.1,1819,1906.0,-1.8,1.8,594,資金流入増 / MA上昇配列 / パーフェクトオーダー
3891,ニッポン高度紙工業,パルプ・紙,15.900000000000002,★☆☆☆☆,9.4,0.0,4.7,0.0,0.0,0.0,1.8,0.0,見送り(地合い🔴),SK hynix,-8.8,-18.2,9.1,-12.0,5574,6810.0,-0.4,3.4,1468,SK hynix+11.8%連動(β0.32) / 出来高急増3.4倍 / 開示[業績予想の修正](4日前)
6652,ＩＤＥＣ,電気機器,15.9,★☆☆☆☆,5.9,0.0,2.0,0.0,8.0,0.0,0.0,0.0,見送り(地合い🔴),NASDAQ,-2.3,10.5,3.2,4.0,3221,3445.0,2.1,1.1,414,NASDAQ+5.8%連動(β0.41)
9621,建設技術研究所,サービス業,15.9,★☆☆☆☆,0.0,0.0,5.3,0.0,8.7,0.0,1.9,0.0,見送り(地合い🔴),,0.0,20.7,2.5,9.7,3081,3240.0,10.2,2.2,185,出来高増2.2倍 / MA上昇配列 / 開示[自己株式取得](5日前)
6963,ローム,電気機器,15.9,★☆☆☆☆,15.9,0.0,0.0,0.0,0.0,0.0,0.0,0.0,見送り(地合い🔴),Eaton,0.6,-18.7,8.0,-13.1,3638,4328.0,-6.5,0.9,25824,Eaton+15.0%連動(β0.38) 未反応+0.6%
6856,堀場製作所,電気機器,15.899999999999999,★☆☆☆☆,13.7,0.0,0.0,0.0,2.2,0.0,0.0,0.0,見送り(地合い🔴),Eaton,-0.1,2.8,6.0,-2.4,22946,26085.0,-3.4,0.9,6523,Eaton+15.0%連動(β0.37)
5218,オハラ,ガラス・土石製品,15.8,★☆☆☆☆,5.8,0.0,0.0,0.0,10.0,0.0,0.0,0.0,見送り(地合い🔴),SK hynix,-2.2,4.1,3.9,1.6,1369,1485.0,4.6,0.8,129,SK hynix+11.8%連動(β0.20) / MA上昇配列 / パーフェクトオーダー
9735,セコム,サービス業,15.8,★☆☆☆☆,0.0,0.0,1.0,0.0,12.0,0.0,2.8,0.0,見送り(地合い🔴),,0.0,12.5,2.3,1.8,6513,6830.0,-1.1,1.1,9069,MA上昇配列 / パーフェクトオーダー / 開示[自己株式の取得](1日前)
9303,住友倉庫,倉庫・運輸関連業,15.8,★☆☆☆☆,0.0,0.0,1.0,0.0,12.0,0.0,2.8,0.0,見送り(地合い🔴),,0.0,15.7,1.9,3.5,3912,4070.0,0.4,1.4,481,MA上昇配列 / パーフェクトオーダー / 開示[自己株式の取得](1日前)
3182,オイシックス・ラ・大地,小売業,15.8,★☆☆☆☆,0.0,0.0,3.0,0.0,10.0,0.0,2.8,0.0,見送り(地合い🔴),,0.0,15.6,3.7,4.1,1507,1628.0,-1.0,1.7,141,MA上昇配列 / パーフェクトオーダー / 開示[増配](1日前)
8508,Ｊトラスト,その他金融業,15.799999999999999,★☆☆☆☆,6.6,0.0,1.0,0.0,8.2,0.0,0.0,0.0,見送り(地合い🔴),S&P500,-1.5,9.3,4.4,0.2,751,824.0,-0.6,0.8,708,S&P500+4.0%連動(β0.66) / MA上昇配列 / パーフェクトオーダー
6023,ダイハツインフィニアース,輸送用機器,15.799999999999999,★☆☆☆☆,0.0,0.0,6.7,0.0,7.0,0.0,2.1,0.0,見送り(地合い🔴),,0.0,14.5,5.0,7.9,2620,2910.0,2.5,6.0,528,出来高急増6.0倍 / 開示[増配](4日前)
6336,石井表記,機械,15.7,★☆☆☆☆,15.7,0.0,0.0,0.0,0.0,0.0,0.0,0.0,見送り(地合い🔴),SK hynix,2.8,-13.3,9.7,-15.1,1197,1484.0,-7.4,0.5,270,SK hynix+11.8%連動(β0.25) 未反応+2.8%
7944,ローランド,その他製品,15.7,★☆☆☆☆,5.4,0.0,4.3,0.0,6.0,0.0,0.0,0.0,見送り(地合い🔴),S&P500,-2.1,6.9,2.9,1.8,3949,4195.0,3.2,0.6,656,S&P500+4.0%連動(β0.54) / 買い出来高優勢
8088,岩谷産業,卸売業,15.7,★☆☆☆☆,4.7,0.0,0.0,0.0,11.0,0.0,0.0,0.0,見送り(地合い🔴),Emerson,-1.0,11.1,2.4,2.2,1929,2026.5,1.1,0.9,1656,Emerson+6.9%連動(β0.28) / MA上昇配列 / パーフェクトオーダー
6058,ベクトル,サービス業,15.6,★☆☆☆☆,13.6,0.0,1.0,0.0,1.0,0.0,0.0,0.0,見送り(地合い🔴),NASDAQ,2.3,3.0,5.2,-1.6,1603,1788.0,-1.2,0.6,933,NASDAQ+5.8%連動(β0.47) 未反応+2.3%
7917,ＺＡＣＲＯＳ,化学,15.6,★☆☆☆☆,5.1,0.0,1.0,0.0,9.5,0.0,0.0,0.0,見送り(地合い🔴),NASDAQ,-0.3,10.5,3.5,2.1,1290,1388.0,-0.4,1.4,226,NASDAQ+5.8%連動(β0.35) / MA上昇配列 / パーフェクトオーダー
6339,新東工業,機械,15.6,★☆☆☆☆,14.6,0.0,0.0,0.0,1.0,0.0,0.0,0.0,見送り(地合い🔴),Eaton,2.0,3.1,2.4,-2.8,1090,1146.0,-2.2,1.0,115,Eaton+15.0%連動(β0.23) 未反応+2.0%
4819,デジタルガレージ,情報・通信業,15.6,★☆☆☆☆,7.6,0.0,0.0,0.0,8.0,0.0,0.0,0.0,見送り(地合い🔴),S&P500,0.5,21.1,4.9,5.8,2103,2333.0,1.7,0.7,683,S&P500+4.0%連動(β0.61) / MA上昇配列
5208,有沢製作所,化学,15.5,★☆☆☆☆,12.3,0.0,1.0,0.0,2.2,0.0,0.0,0.0,見送り(地合い🔴),SK hynix,2.4,-4.7,4.5,-4.2,2200,2416.0,-4.5,1.3,489,SK hynix+11.8%連動(β0.17) 未反応+2.4%
6345,アイチ　コーポレーション,機械,15.5,★☆☆☆☆,0.0,0.0,2.0,0.0,13.5,0.0,0.0,0.0,見送り(地合い🔴),,0.0,12.3,1.9,2.0,1376,1429.0,-0.2,1.1,165,MA上昇配列 / パーフェクトオーダー / 52週高値目前
7575,日本ライフライン,卸売業,15.5,★☆☆☆☆,0.0,0.0,5.3,0.0,10.2,0.0,0.0,0.0,見送り(地合い🔴),,0.0,25.0,2.1,11.8,1481,1547.0,9.1,1.7,254,買い出来高優勢 / MA上昇配列 / 52週高値目前
5821,平河ヒューテック,非鉄金属,15.4,★☆☆☆☆,5.7,0.0,4.7,0.0,5.0,0.0,0.0,0.0,見送り(地合い🔴),S&P500,-10.7,2.3,4.9,2.7,3048,3380.0,9.9,4.4,236,S&P500+4.0%連動(β0.57) / 出来高急増4.4倍
2730,エディオン,小売業,15.3,★☆☆☆☆,0.0,0.0,3.3,0.0,12.0,0.0,0.0,0.0,見送り(地合い🔴),,0.0,19.8,2.8,3.6,2323,2459.0,-2.3,1.2,721,買い出来高優勢 / MA上昇配列 / パーフェクトオーダー
6328,荏原実業,機械,15.3,★☆☆☆☆,0.0,0.0,4.3,0.0,11.0,0.0,0.0,0.0,見送り(地合い🔴),,0.0,8.4,2.7,2.2,2326,2461.0,1.7,2.3,137,出来高増2.3倍 / MA上昇配列 / パーフェクトオーダー
8624,いちよし証券,証券、商品先物取引業,15.3,★☆☆☆☆,4.8,0.0,1.0,0.0,9.5,0.0,0.0,0.0,見送り(地合い🔴),SK hynix,-1.2,16.6,5.2,3.1,1384,1544.0,-0.4,1.1,249,SK hynix+11.8%連動(β0.16) / MA上昇配列 / パーフェクトオーダー
8101,ＧＳＩクレオス,卸売業,15.3,★☆☆☆☆,0.0,0.0,3.0,0.0,9.5,0.0,2.8,0.0,見送り(地合い🔴),,0.0,16.5,2.9,2.8,2456,2610.0,-4.4,0.8,125,MA上昇配列 / パーフェクトオーダー / 開示[自己株式の取得](1日前)
6480,日本トムソン,機械,15.3,★☆☆☆☆,12.5,0.0,0.0,0.0,0.0,0.0,2.8,0.0,見送り(地合い🔴),Eaton,-6.9,-9.0,7.3,-6.4,1541,1805.0,1.6,1.0,1602,Eaton+15.0%連動(β0.33) / 開示[自己株式の取得](1日前)
4021,日産化学,化学,15.3,★☆☆☆☆,11.3,0.0,0.0,0.0,1.0,0.0,3.0,0.0,見送り(地合い🔴),NASDAQ,2.0,-5.3,3.8,-6.8,6875,7433.0,-4.1,1.0,5461,NASDAQ+5.8%連動(β0.37) 未反応+2.0% / 開示[自己株式の取得](0日前)
1939,四電工,建設業,15.3,★☆☆☆☆,0.0,0.0,3.3,0.0,12.0,0.0,0.0,0.0,見送り(地合い🔴),,0.0,10.9,2.3,2.5,1959,2052.0,1.3,2.5,155,出来高増2.5倍 / MA上昇配列 / パーフェクトオーダー
8059,第一実業,卸売業,15.3,★☆☆☆☆,0.0,0.0,4.3,0.0,8.2,0.0,2.8,0.0,見送り(地合い🔴),,0.0,13.9,3.5,1.0,3109,3345.0,-5.2,2.2,344,出来高増2.2倍 / MA上昇配列 / パーフェクトオーダー / 開示[自己株式の取得](1日前)
3001,片倉工業,繊維製品,15.3,★☆☆☆☆,0.0,0.0,6.3,0.0,9.0,0.0,0.0,0.0,見送り(地合い🔴),,0.0,19.5,2.5,8.1,2705,2850.0,3.6,1.9,152,買い出来高優勢 / MA上昇配列
9434,ソフトバンク,情報・通信業,15.3,★☆☆☆☆,0.0,0.0,3.3,0.0,12.0,0.0,0.0,0.0,見送り(地合い🔴),,0.0,16.0,2.4,2.9,214,224.5,-1.7,1.0,18026,買い出来高優勢 / MA上昇配列 / パーフェクトオーダー
3433,トーカロ,金属製品,15.3,★☆☆☆☆,12.1,0.0,1.0,0.0,2.2,0.0,0.0,0.0,見送り(地合い🔴),Eaton,-0.3,-2.6,4.9,-3.5,2649,2935.0,-2.1,1.4,1066,Eaton+15.0%連動(β0.32)
7976,三菱鉛筆,その他製品,15.299999999999999,★☆☆☆☆,0.0,0.0,3.0,0.0,10.7,0.0,1.6,0.0,見送り(地合い🔴),,0.0,9.0,2.6,1.0,2560,2701.0,2.6,1.9,380,MA上昇配列 / パーフェクトオーダー / 開示[業績予想の修正](5日前)
8173,Ｊｏｓｈｉｎ,小売業,15.2,★☆☆☆☆,0.0,0.0,2.0,0.0,10.7,0.0,2.5,0.0,見送り(地合い🔴),,0.0,18.3,3.7,7.4,3714,4010.0,2.6,1.0,540,MA上昇配列 / パーフェクトオーダー / 開示[業績予想の修正](0日前)
3091,ブロンコビリー,小売業,15.2,★☆☆☆☆,0.0,0.0,4.3,0.0,10.7,0.0,0.2,0.0,見送り(地合い🔴),,0.0,30.6,4.4,12.1,2453,2692.0,1.9,1.0,490,買い出来高優勢 / MA上昇配列 / パーフェクトオーダー / 開示[増配](13日前)
1515,日鉄鉱業,鉱業,15.100000000000001,★☆☆☆☆,7.6,0.0,1.0,0.0,6.7,0.0,2.8,-3.0,見送り(地合い🔴),SK hynix,-6.8,35.7,5.6,19.4,2778,3130.0,7.6,1.1,1633,SK hynix+11.8%連動(β0.26) / MA上昇配列 / 伸びすぎ注意(25MA+19%) / 開示[自己株式の取得](1日前)
9432,ＮＴＴ,情報・通信業,15.100000000000001,★☆☆☆☆,0.0,0.0,3.3,0.0,9.0,0.0,2.8,0.0,見送り(地合い🔴),,0.0,13.0,2.0,1.5,146,152.5,-1.2,1.1,37307,買い出来高優勢 / MA上昇配列 / 開示[自己株式の取得](1日前)
5659,日本精線,鉄鋼,15.0,★☆☆☆☆,13.0,0.0,1.0,0.0,1.0,0.0,0.0,0.0,見送り(地合い🔴),Microchip,3.3,-3.2,4.2,-7.9,1203,1315.0,-6.0,1.1,151,Microchip+7.5%連動(β0.17) 未反応+3.3%
3087,ドトール・日レスホールディングス,小売業,15.0,★☆☆☆☆,0.0,0.0,3.0,0.0,12.0,0.0,0.0,0.0,見送り(地合い🔴),,0.0,24.1,3.3,7.5,2958,3165.0,-1.4,0.9,552,MA上昇配列 / パーフェクトオーダー
9536,西部ガスホールディングス,電気・ガス業,15.0,★☆☆☆☆,0.0,0.0,3.0,0.0,12.0,0.0,0.0,0.0,見送り(地合い🔴),,0.0,15.8,1.6,4.0,2340,2419.0,1.1,1.3,171,MA上昇配列 / パーフェクトオーダー
7860,エイベックス,情報・通信業,15.0,★☆☆☆☆,0.0,0.0,4.0,0.0,11.0,0.0,0.0,0.0,見送り(地合い🔴),,0.0,15.1,1.9,1.7,1235,1284.0,-1.6,1.3,229,MA上昇配列 / パーフェクトオーダー
4743,アイティフォー,情報・通信業,15.0,★☆☆☆☆,0.0,0.0,3.0,0.0,12.0,0.0,0.0,0.0,見送り(地合い🔴),,0.0,12.0,1.9,1.1,1634,1697.0,-1.7,1.2,116,MA上昇配列 / パーフェクトオーダー
2108,日本甜菜製糖,食料品,15.0,★☆☆☆☆,0.0,0.0,3.0,0.0,12.0,0.0,0.0,0.0,見送り(地合い🔴),,0.0,10.1,2.9,3.7,4753,5050.0,-0.8,1.3,131,MA上昇配列 / パーフェクトオーダー
8060,キヤノンマーケティングジャパン,卸売業,14.9,★☆☆☆☆,0.0,0.0,1.0,0.0,12.0,0.0,1.9,0.0,見送り(地合い🔴),,0.0,10.7,2.4,1.4,3407,3579.0,0.6,1.2,1131,MA上昇配列 / パーフェクトオーダー / 開示[自己株式の取得](8日前) / 開示[自己株式の取得](11日前)
4765,ＳＢＩグローバルアセットマネジメント,サービス業,14.9,★☆☆☆☆,3.6,0.0,3.0,0.0,7.0,0.0,1.3,0.0,見送り(地合い🔴),S&P500,-2.5,16.9,2.5,5.3,581,611.0,6.4,1.2,270,S&P500+4.0%連動(β0.36) / 開示[増配](8日前)
6005,三浦工業,機械,14.9,★☆☆☆☆,14.9,0.0,0.0,0.0,0.0,0.0,0.0,0.0,見送り(地合い🔴),NASDAQ,2.9,8.1,2.3,-1.2,3010,3152.0,-3.1,0.7,1192,NASDAQ+5.8%連動(β0.42) 未反応+2.9%
9755,応用地質,サービス業,14.8,★☆☆☆☆,12.6,0.0,0.0,0.0,2.2,0.0,0.0,0.0,見送り(地合い🔴),Microchip,3.1,8.4,1.6,-0.5,2682,2773.0,-2.5,0.9,185,Microchip+7.5%連動(β0.18) 未反応+3.1%
2659,サンエー,小売業,14.8,★☆☆☆☆,0.0,0.0,0.0,0.0,12.0,0.0,2.8,0.0,見送り(地合い🔴),,0.0,11.1,2.0,1.1,3132,3265.0,2.4,0.7,629,MA上昇配列 / パーフェクトオーダー / 開示[自己株式の取得](1日前)
2170,リンクアンドモチベーション,サービス業,14.8,★☆☆☆☆,0.0,0.0,2.0,0.0,10.0,0.0,2.8,0.0,見送り(地合い🔴),,0.0,19.0,2.8,5.2,589,624.0,2.3,1.0,285,MA上昇配列 / パーフェクトオーダー / 開示[自己株式の取得](1日前)
9678,カナモト,サービス業,14.8,★☆☆☆☆,0.0,0.0,0.0,0.0,12.0,0.0,2.8,0.0,見送り(地合い🔴),,0.0,10.7,2.5,2.6,5033,5300.0,2.9,1.0,597,MA上昇配列 / パーフェクトオーダー / 開示[自己株式の取得](1日前)
3107,ダイワボウホールディングス,卸売業,14.8,★☆☆☆☆,0.0,0.0,0.0,0.0,12.0,0.0,2.8,0.0,見送り(地合い🔴),,0.0,9.5,2.4,1.6,3368,3535.0,-1.8,0.9,993,MA上昇配列 / パーフェクトオーダー / 開示[自己株式の取得](1日前)
4626,太陽ホールディングス,化学,14.8,★☆☆☆☆,8.8,0.0,3.0,0.0,1.2,0.0,1.8,0.0,見送り(地合い🔴),NASDAQ,0.9,4.0,1.2,-1.6,4642,4760.0,0.2,1.7,2009,NASDAQ+5.8%連動(β0.42) 未反応+0.9% / 開示[業績予想の修正](4日前)
3382,セブン＆アイ・ホールディングス,小売業,14.8,★☆☆☆☆,0.0,0.0,1.0,0.0,6.7,0.0,7.1,0.0,見送り(地合い🔴),,0.0,10.9,3.7,0.4,1919,2070.5,-3.0,1.0,21032,MA上昇配列 / 開示[自己株式の取得](1日前) / 開示[資本業務提携](4日前)
5334,日本特殊陶業,ガラス・土石製品,14.799999999999999,★☆☆☆☆,9.7,0.0,2.0,0.0,1.0,0.0,2.1,0.0,見送り(地合い🔴),Eaton,-5.4,-2.5,4.4,-2.5,8917,9773.0,3.7,1.8,11656,Eaton+15.0%連動(β0.26) / 開示[株式分割](4日前) / 開示[自己株式の取得](11日前)
3036,アルコニックス,卸売業,14.7,★☆☆☆☆,4.7,0.0,1.0,0.0,9.0,0.0,0.0,0.0,見送り(地合い🔴),Emerson,-2.2,12.6,2.9,4.1,2476,2630.0,0.2,1.2,238,Emerson+6.9%連動(β0.27) / MA上昇配列
7224,新明和工業,輸送用機器,14.7,★☆☆☆☆,9.0,0.0,3.0,0.0,2.7,0.0,0.0,0.0,見送り(地合い🔴),Emerson,1.3,5.0,3.1,-1.0,1852,1976.0,-2.1,1.8,350,Emerson+6.9%連動(β0.30) 未反応+1.3%
2121,ＭＩＸＩ,情報・通信業,14.7,★☆☆☆☆,0.0,0.0,9.0,0.0,8.7,0.0,0.0,-3.0,見送り(地合い🔴),,0.0,29.5,2.9,17.0,3202,3400.0,17.9,5.5,1134,出来高急増5.5倍 / 買い出来高優勢 / MA上昇配列 / 伸びすぎ注意(25MA+17%)
6823,リオン,電気機器,14.7,★☆☆☆☆,14.7,0.0,0.0,0.0,0.0,0.0,0.0,0.0,見送り(地合い🔴),NASDAQ,2.7,-3.6,3.8,-6.3,3041,3290.0,-4.5,0.9,280,NASDAQ+5.8%連動(β0.44) 未反応+2.7%
6644,大崎電気工業,電気機器,14.600000000000001,★☆☆☆☆,4.8,0.0,2.0,0.0,5.0,0.0,2.8,0.0,見送り(地合い🔴),SK hynix,-1.0,9.2,3.1,1.9,1428,1522.0,-0.4,1.5,289,SK hynix+11.8%連動(β0.16) / 開示[自己株式の取得](1日前)
6929,日本セラミック,電気機器,14.600000000000001,★☆☆☆☆,4.8,0.0,1.0,0.0,6.0,0.0,2.8,0.0,見送り(地合い🔴),NASDAQ,-0.9,8.3,2.1,1.7,3633,3795.0,0.7,1.2,433,NASDAQ+5.8%連動(β0.33) / 開示[自己株式の取得](1日前)
6845,アズビル,電気機器,14.600000000000001,★☆☆☆☆,7.6,0.0,1.0,0.0,3.2,0.0,2.8,0.0,見送り(地合い🔴),NASDAQ,0.8,4.5,2.5,-1.0,1574,1659.0,-1.1,0.9,2236,NASDAQ+5.8%連動(β0.36) 未反応+0.8% / 開示[自己株式の取得](1日前)
6741,日本信号,電気機器,14.6,★☆☆☆☆,6.8,0.0,0.0,0.0,5.7,0.0,2.1,0.0,見送り(地合い🔴),Eaton,-0.3,11.3,2.6,1.5,1525,1608.0,0.6,1.0,331,Eaton+15.0%連動(β0.18) / 開示[資本業務提携](4日前)
4613,関西ペイント,化学,14.6,★☆☆☆☆,0.0,0.0,0.0,0.0,13.5,0.0,1.1,0.0,見送り(地合い🔴),,0.0,11.5,2.0,4.1,2722,2838.0,3.6,1.0,2613,MA上昇配列 / パーフェクトオーダー / 52週高値目前 / 開示[子会社化](6日前)
2914,日本たばこ産業,食料品,14.6,★☆☆☆☆,0.0,0.0,2.0,0.0,10.7,0.0,1.9,0.0,見送り(地合い🔴),,0.0,24.0,2.6,10.4,6635,6993.0,7.1,1.1,33368,MA上昇配列 / パーフェクトオーダー / 開示[増配](5日前)
8706,極東証券,証券、商品先物取引業,14.5,★☆☆☆☆,0.0,0.0,3.0,0.0,11.5,0.0,0.0,0.0,見送り(地合い🔴),,0.0,20.4,2.7,5.8,1696,1794.0,1.1,0.9,371,MA上昇配列 / 52週高値目前
1965,テクノ菱和,建設業,14.5,★☆☆☆☆,14.5,0.0,0.0,0.0,0.0,0.0,0.0,0.0,見送り(地合い🔴),GE Vernova,9.0,3.8,6.7,-6.5,4874,5630.0,-11.3,1.1,423,GE Vernova+3.7%連動(β0.27) 未反応+9.0%
8473,ＳＢＩホールディングス,証券、商品先物取引業,14.4,★☆☆☆☆,6.4,0.0,2.0,0.0,6.0,0.0,0.0,0.0,見送り(地合い🔴),S&P500,-1.7,17.6,3.5,5.3,2735,2938.0,2.0,1.4,14177,S&P500+4.0%連動(β0.63)
8022,美津濃,その他製品,14.3,★☆☆☆☆,0.0,0.0,3.3,0.0,11.0,0.0,0.0,0.0,見送り(地合い🔴),,0.0,18.1,2.8,3.3,3485,3690.0,-0.5,0.8,664,買い出来高優勢 / MA上昇配列 / パーフェクトオーダー
6498,キッツ,機械,14.3,★☆☆☆☆,11.3,0.0,2.0,0.0,1.0,0.0,0.0,0.0,見送り(地合い🔴),Eaton,-1.1,-4.6,4.9,-4.8,2015,2232.0,-2.5,1.6,583,Eaton+15.0%連動(β0.30)
8097,三愛オブリ,卸売業,14.3,★☆☆☆☆,0.0,0.0,3.3,0.0,11.0,0.0,0.0,0.0,見送り(地合い🔴),,0.0,16.8,1.9,2.9,2193,2281.0,-2.1,1.0,211,買い出来高優勢 / MA上昇配列 / パーフェクトオーダー
7552,ハピネット,卸売業,14.3,★☆☆☆☆,0.0,0.0,4.3,0.0,10.0,0.0,0.0,0.0,見送り(地合い🔴),,0.0,20.0,3.1,6.4,3124,3330.0,6.2,1.5,550,買い出来高優勢 / MA上昇配列
9832,オートバックスセブン,卸売業,14.3,★☆☆☆☆,0.0,0.0,5.3,0.0,9.0,0.0,0.0,0.0,見送り(地合い🔴),,0.0,11.3,1.7,0.1,1455,1506.0,-2.0,2.8,349,出来高増2.8倍 / MA上昇配列
6332,月島ホールディングス,機械,14.2,★☆☆☆☆,8.2,0.0,0.0,0.0,6.0,0.0,0.0,0.0,見送り(地合い🔴),SK hynix,1.3,10.7,2.6,1.6,2552,2694.0,-1.1,1.0,263,SK hynix+11.8%連動(β0.14) 未反応+1.3%
6844,新電元工業,電気機器,14.100000000000001,★☆☆☆☆,11.9,0.0,0.0,0.0,2.2,0.0,0.0,0.0,見送り(地合い🔴),Eaton,-2.4,-1.4,5.2,-2.8,3139,3500.0,0.9,1.0,434,Eaton+15.0%連動(β0.32)
8014,蝶理,卸売業,14.100000000000001,★☆☆☆☆,9.4,0.0,1.0,0.0,3.7,0.0,0.0,0.0,見送り(地合い🔴),Microchip,2.2,7.1,2.0,-1.0,3721,3875.0,-2.6,1.5,129,Microchip+7.5%連動(β0.15) 未反応+2.2%
6882,三社電機製作所,電気機器,14.100000000000001,★☆☆☆☆,6.7,0.0,4.7,0.0,2.7,0.0,0.0,0.0,見送り(地合い🔴),NASDAQ,-3.6,-0.1,4.5,-0.7,1061,1167.0,2.5,3.5,126,NASDAQ+5.8%連動(β0.46) / 出来高急増3.5倍
3479,ＴＫＰ,不動産業,14.100000000000001,★☆☆☆☆,0.0,0.0,3.3,0.0,8.0,0.0,2.8,0.0,見送り(地合い🔴),,0.0,23.5,3.3,9.5,1838,1967.0,6.3,0.7,333,買い出来高優勢 / MA上昇配列 / 開示[自己株式の取得](1日前)
4968,荒川化学工業,化学,14.1,★☆☆☆☆,13.1,0.0,1.0,0.0,0.0,0.0,0.0,0.0,見送り(地合い🔴),SK hynix,2.6,-5.0,7.6,-11.8,1540,1817.0,-10.0,0.6,613,SK hynix+11.8%連動(β0.18) 未反応+2.6%
6584,三櫻工業,輸送用機器,14.1,★☆☆☆☆,14.1,0.0,0.0,0.0,0.0,0.0,0.0,0.0,見送り(地合い🔴),Eaton,0.4,-4.3,4.9,-5.4,731,810.0,-1.1,0.6,579,Eaton+15.0%連動(β0.34)
8424,芙蓉総合リース,その他金融業,14.0,★☆☆☆☆,0.0,0.0,2.0,0.0,12.0,0.0,0.0,0.0,見送り(地合い🔴),,0.0,15.2,2.0,2.6,4285,4464.0,-1.2,1.2,803,MA上昇配列 / パーフェクトオーダー
6436,アマノ,機械,14.0,★☆☆☆☆,0.0,0.0,5.0,0.0,9.0,0.0,0.0,0.0,見送り(地合い🔴),,0.0,15.4,2.8,3.8,3716,3933.0,-2.6,1.7,1318,MA上昇配列
6465,ホシザキ,機械,14.0,★☆☆☆☆,0.0,0.0,0.0,0.0,11.0,0.0,3.0,0.0,見送り(地合い🔴),,0.0,8.2,2.5,1.8,5346,5625.0,-1.4,0.9,2796,MA上昇配列 / パーフェクトオーダー / 開示[自己株式の取得](0日前)
3932,アカツキ,情報・通信業,14.0,★☆☆☆☆,0.0,0.0,2.0,0.0,12.0,0.0,0.0,0.0,見送り(地合い🔴),,0.0,8.3,2.3,4.3,2937,3075.0,4.0,0.9,167,MA上昇配列 / パーフェクトオーダー
8593,三菱ＨＣキャピタル,その他金融業,14.0,★☆☆☆☆,0.0,0.0,2.0,0.0,12.0,0.0,0.0,0.0,見送り(地合い🔴),,0.0,14.5,2.1,1.9,1369,1430.5,-2.7,1.5,6219,MA上昇配列 / パーフェクトオーダー
7296,エフ・シー・シー,輸送用機器,14.0,★☆☆☆☆,0.0,0.0,2.0,0.0,12.0,0.0,0.0,0.0,見送り(地合い🔴),,0.0,15.4,2.0,4.2,3551,3700.0,0.4,1.5,342,MA上昇配列 / パーフェクトオーダー
9692,シーイーシー,情報・通信業,14.0,★☆☆☆☆,0.0,0.0,1.0,0.0,10.0,0.0,3.0,0.0,見送り(地合い🔴),,0.0,15.4,2.2,4.3,2161,2259.0,0.7,1.3,243,MA上昇配列 / 開示[自己株式の取得](0日前)
7990,グローブライド,その他製品,14.0,★☆☆☆☆,0.0,0.0,5.3,0.0,8.7,0.0,0.0,0.0,見送り(地合い🔴),,0.0,18.2,1.7,6.5,2501,2588.0,4.3,1.7,142,買い出来高優勢 / MA上昇配列 / パーフェクトオーダー
6750,エレコム,電気機器,14.0,★☆☆☆☆,0.0,0.0,2.0,0.0,12.0,0.0,0.0,0.0,見送り(地合い🔴),,0.0,11.6,2.3,1.5,1772,1858.0,-1.6,1.4,392,MA上昇配列 / パーフェクトオーダー
2705,大戸屋ホールディングス,小売業,14.0,★☆☆☆☆,0.0,0.0,2.0,0.0,12.0,0.0,0.0,0.0,見送り(地合い🔴),,0.0,18.5,3.2,4.9,7914,8460.0,3.7,0.8,122,MA上昇配列 / パーフェクトオーダー
6616,トレックス・セミコンダクター,電気機器,14.0,★☆☆☆☆,14.0,0.0,0.0,0.0,0.0,0.0,0.0,0.0,見送り(地合い🔴),Eaton,-1.8,-16.9,6.2,-11.1,1595,1821.0,-0.7,0.7,218,Eaton+15.0%連動(β0.37)
4026,神島化学工業,ガラス・土石製品,14.0,★☆☆☆☆,11.3,0.0,0.0,0.0,2.7,0.0,0.0,0.0,見送り(地合い🔴),NASDAQ,1.4,2.2,2.9,-1.3,1470,1560.0,-1.4,0.7,106,NASDAQ+5.8%連動(β0.49) 未反応+1.4%
2590,ダイドーグループホールディングス,食料品,14.0,★☆☆☆☆,0.0,0.0,3.0,0.0,11.0,0.0,0.0,0.0,見送り(地合い🔴),,0.0,19.3,2.8,3.9,2797,2965.0,-1.3,0.8,446,MA上昇配列 / パーフェクトオーダー
4997,日本農薬,化学,14.0,★☆☆☆☆,0.0,0.0,2.0,0.0,12.0,0.0,0.0,0.0,見送り(地合い🔴),,0.0,12.0,2.4,3.4,1017,1068.0,-1.2,1.1,190,MA上昇配列 / パーフェクトオーダー
7616,コロワイド,小売業,14.0,★☆☆☆☆,0.0,0.0,4.0,0.0,10.0,0.0,0.0,0.0,見送り(地合い🔴),,0.0,20.3,2.7,5.4,1941,2050.5,3.1,1.3,946,MA上昇配列 / パーフェクトオーダー
8043,スターゼン,卸売業,14.0,★☆☆☆☆,0.0,0.0,1.0,0.0,10.0,0.0,3.0,0.0,見送り(地合い🔴),,0.0,16.5,2.2,3.1,1271,1330.0,0.4,1.2,207,MA上昇配列 / 開示[自己株式の取得](0日前)
2674,ハードオフコーポレーション,小売業,14.0,★☆☆☆☆,0.0,0.0,2.0,0.0,12.0,0.0,0.0,0.0,見送り(地合い🔴),,0.0,21.3,3.3,7.0,2770,2966.0,3.3,1.2,202,MA上昇配列 / パーフェクトオーダー
8142,トーホー,卸売業,14.0,★☆☆☆☆,0.0,0.0,2.0,0.0,12.0,0.0,0.0,0.0,見送り(地合い🔴),,0.0,9.4,2.3,0.5,1284,1345.0,-2.1,0.7,276,資金流入増 / MA上昇配列 / パーフェクトオーダー
4078,堺化学工業,化学,13.900000000000002,★☆☆☆☆,8.4,0.0,0.0,0.0,2.7,0.0,2.8,0.0,見送り(地合い🔴),Dell,0.1,-2.9,5.1,-3.9,3587,3995.0,-1.7,0.7,1470,Dell+15.4%連動(β0.21) / 開示[自己株式の取得](1日前)
9507,四国電力,電気・ガス業,13.9,★☆☆☆☆,0.0,0.0,6.3,0.0,5.5,0.0,2.1,0.0,見送り(地合い🔴),,0.0,24.7,2.4,12.7,1642,1724.5,6.9,2.5,1069,出来高増2.5倍 / RSI過熱(87)⚠ / 開示[自己株式の取得](4日前)
167A,リョーサン菱洋ホールディングス,卸売業,13.9,★☆☆☆☆,3.9,0.0,2.0,0.0,8.0,0.0,0.0,0.0,見送り(地合い🔴),SK hynix,-1.8,14.5,2.0,4.5,2802,2919.0,2.1,0.9,575,SK hynix+11.8%連動(β0.13) / MA上昇配列
4028,石原産業,化学,13.9,★☆☆☆☆,7.9,0.0,0.0,0.0,6.0,0.0,0.0,0.0,見送り(地合い🔴),Emerson,0.6,10.3,3.7,2.5,2732,2951.0,-2.4,1.0,799,Emerson+6.9%連動(β0.36) 未反応+0.6%
8020,兼松,卸売業,13.9,★☆☆☆☆,7.4,0.0,2.0,0.0,4.5,0.0,0.0,0.0,見送り(地合い🔴),Emerson,1.0,9.3,2.3,0.5,2006,2101.0,-1.5,1.3,973,Emerson+6.9%連動(β0.25) 未反応+1.0%
6999,ＫＯＡ,電気機器,13.899999999999999,★☆☆☆☆,9.7,0.0,3.0,0.0,1.2,0.0,0.0,0.0,見送り(地合い🔴),SK hynix,0.4,-12.7,9.3,-9.1,1875,2303.0,-9.7,0.7,3397,SK hynix+11.8%連動(β0.29) / 資金流入増
3374,内外テック,卸売業,13.8,★☆☆☆☆,11.8,0.0,1.0,0.0,1.0,0.0,0.0,0.0,見送り(地合い🔴),Eaton,-1.7,1.0,5.6,-2.9,2818,3175.0,-1.1,1.2,132,Eaton+15.0%連動(β0.32)
2282,日本ハム,食料品,13.8,★☆☆☆☆,0.0,0.0,2.0,0.0,9.0,0.0,2.8,0.0,見送り(地合い🔴),,0.0,12.0,2.4,1.5,6019,6328.0,-0.9,1.8,3243,MA上昇配列 / 開示[自己株式の取得](1日前)
8167,リテールパートナーズ,小売業,13.7,★☆☆☆☆,0.0,0.0,5.0,0.0,8.7,0.0,0.0,0.0,見送り(地合い🔴),,0.0,10.4,2.8,0.4,1286,1362.0,1.0,1.7,117,MA上昇配列 / パーフェクトオーダー
8276,平和堂,小売業,13.7,★☆☆☆☆,0.0,0.0,6.7,0.0,7.0,0.0,0.0,0.0,見送り(地合い🔴),,0.0,14.4,2.1,3.4,2563,2676.0,1.0,2.3,260,出来高増2.3倍 / 買い出来高優勢
6986,双葉電子工業,電気機器,13.7,★☆☆☆☆,5.7,0.0,2.0,0.0,6.0,0.0,0.0,0.0,見送り(地合い🔴),SK hynix,-5.7,15.3,3.1,7.4,582,621.0,3.3,1.0,178,SK hynix+11.8%連動(β0.19)
6083,ＥＲＩホールディングス,サービス業,13.7,★☆☆☆☆,0.0,0.0,3.0,0.0,10.7,0.0,0.0,0.0,見送り(地合い🔴),,0.0,15.8,3.9,7.1,1450,1572.0,-0.1,0.7,153,MA上昇配列 / パーフェクトオーダー
2281,プリマハム,食料品,13.7,★☆☆☆☆,0.0,0.0,6.7,0.0,7.0,0.0,0.0,0.0,見送り(地合い🔴),,0.0,14.2,1.9,3.6,2423,2520.0,1.5,5.5,285,出来高急増5.5倍
5016,ＪＸ金属,非鉄金属,13.600000000000001,★☆☆☆☆,8.9,0.0,2.0,0.0,2.7,0.0,0.0,0.0,見送り(地合い🔴),SK hynix,-8.5,2.7,7.8,-0.5,3247,3844.0,1.5,0.8,82931,SK hynix+11.8%連動(β0.30)
6191,エアトリ,サービス業,13.5,★☆☆☆☆,0.0,0.0,2.0,0.0,8.7,0.0,2.8,0.0,見送り(地合い🔴),,0.0,18.7,3.4,4.6,831,891.0,1.0,0.5,108,MA上昇配列 / パーフェクトオーダー / 開示[自己株式の取得](1日前)
7184,富山第一銀行,銀行業,13.5,★☆☆☆☆,0.0,0.0,4.0,0.0,9.5,0.0,0.0,0.0,見送り(地合い🔴),,0.0,22.2,5.4,7.7,2710,3035.0,-5.0,1.8,710,MA上昇配列 / パーフェクトオーダー
9880,イノテック,電気機器,13.5,★☆☆☆☆,6.8,0.0,1.0,0.0,2.7,0.0,3.0,0.0,見送り(地合い🔴),SK hynix,-8.6,-1.2,5.2,-1.4,3085,3445.0,4.1,1.2,448,SK hynix+11.8%連動(β0.23) / 開示[自己株式の取得](0日前)
9031,西日本鉄道,陸運業,13.5,★☆☆☆☆,0.0,0.0,4.0,0.0,9.5,0.0,0.0,0.0,見送り(地合い🔴),,0.0,14.1,2.2,1.0,2947,3084.0,-2.7,1.6,577,MA上昇配列 / パーフェクトオーダー
7806,ＭＴＧ,その他製品,13.5,★☆☆☆☆,0.0,0.0,0.0,0.0,9.5,0.0,4.0,0.0,見送り(地合い🔴),,0.0,4.9,5.2,1.7,6981,7800.0,2.5,0.9,858,MA上昇配列 / パーフェクトオーダー / 開示[上方修正](0日前)
9007,小田急電鉄,陸運業,13.5,★☆☆☆☆,0.0,0.0,2.0,0.0,8.7,0.0,2.8,0.0,見送り(地合い🔴),,0.0,11.5,2.5,0.0,1640,1727.0,-3.1,1.4,2686,MA上昇配列 / パーフェクトオーダー / 開示[自己株式の取得](1日前)
6810,マクセル,電気機器,13.399999999999999,★☆☆☆☆,0.0,0.0,6.7,0.0,11.7,0.0,0.0,-5.0,見送り(地合い🔴),,0.0,28.0,3.3,21.3,2402,2570.0,18.4,7.1,511,出来高急増7.1倍 / MA上昇配列 / 52週高値ブレイク! / 過熱⚠25MA+21%
2809,キユーピー,食料品,13.3,★☆☆☆☆,0.0,0.0,3.0,0.0,7.5,0.0,2.8,0.0,見送り(地合い🔴),,0.0,12.7,2.8,1.7,4338,4598.0,1.7,0.9,2226,MA上昇配列 / 開示[自己株式の取得](1日前)
4816,東映アニメーション,情報・通信業,13.3,★☆☆☆☆,0.0,0.0,5.3,0.0,8.0,0.0,0.0,0.0,見送り(地合い🔴),,0.0,25.1,4.1,8.1,2688,2925.0,1.9,2.0,1171,出来高増2.0倍 / MA上昇配列
3539,ＪＭホールディングス,小売業,13.3,★☆☆☆☆,0.0,0.0,5.3,0.0,8.0,0.0,0.0,0.0,見送り(地合い🔴),,0.0,20.6,2.6,6.0,1302,1372.0,1.0,0.6,508,買い出来高優勢 / 資金流入増 / MA上昇配列
9090,ＡＺ－ＣＯＭ丸和ホールディングス,陸運業,13.3,★☆☆☆☆,0.0,0.0,5.3,0.0,8.0,0.0,0.0,0.0,見送り(地合い🔴),,0.0,22.0,3.0,6.9,865,920.0,-1.3,1.3,402,買い出来高優勢 / MA上昇配列
4182,三菱瓦斯化学,化学,13.3,★☆☆☆☆,12.3,0.0,1.0,0.0,0.0,0.0,0.0,0.0,見送り(地合い🔴),Eaton,-0.2,-6.8,6.1,-7.7,3691,4207.0,-3.6,1.0,4680,Eaton+15.0%連動(β0.33)
7716,ナカニシ,精密機器,13.3,★☆☆☆☆,0.0,0.0,2.0,0.0,8.5,0.0,2.8,0.0,見送り(地合い🔴),,0.0,10.9,2.7,1.5,2911,3075.0,-3.8,1.0,630,MA上昇配列 / パーフェクトオーダー / 開示[自己株式の取得](1日前)
4661,オリエンタルランド,サービス業,13.3,★☆☆☆☆,0.0,0.0,5.3,0.0,8.0,0.0,0.0,0.0,見送り(地合い🔴),,0.0,30.0,4.2,14.3,2827,3087.0,9.0,1.3,22037,買い出来高優勢 / MA上昇配列
5714,ＤＯＷＡホールディングス,非鉄金属,13.3,★☆☆☆☆,10.6,0.0,0.0,0.0,2.7,0.0,0.0,0.0,見送り(地合い🔴),SK hynix,1.5,0.9,4.1,-2.9,7491,8159.0,-3.2,1.0,3928,SK hynix+11.8%連動(β0.20) 未反応+1.5%
7459,メディパルホールディングス,卸売業,13.3,★☆☆☆☆,0.0,0.0,3.3,0.0,10.0,0.0,0.0,0.0,見送り(地合い🔴),,0.0,15.1,2.9,1.1,2654,2817.0,-4.6,0.9,1262,買い出来高優勢 / MA上昇配列
6135,牧野フライス製作所,機械,13.3,★☆☆☆☆,0.0,0.0,4.7,0.0,3.2,0.0,5.4,0.0,見送り(地合い🔴),,0.0,4.5,3.5,-0.1,13676,14710.0,-0.5,4.7,3712,出来高急増4.7倍 / 開示[株式分割](4日前) / 開示[買収](4日前)
5406,神戸製鋼所,鉄鋼,13.2,★☆☆☆☆,5.5,0.0,0.0,0.0,7.7,0.0,0.0,0.0,見送り(地合い🔴),Emerson,-1.0,17.4,2.2,6.5,1981,2073.0,1.4,1.0,4192,Emerson+6.9%連動(β0.32) / MA上昇配列
6769,ザインエレクトロニクス,電気機器,13.2,★☆☆☆☆,10.5,0.0,0.0,0.0,2.7,0.0,0.0,0.0,見送り(地合い🔴),NASDAQ,-3.2,-0.9,6.3,-1.5,889,1017.0,0.2,0.4,132,NASDAQ+5.8%連動(β0.72) / 開示[業績予想の修正](14日前)
5706,三井金属,非鉄金属,13.1,★☆☆☆☆,11.6,0.0,0.0,0.0,1.5,0.0,0.0,0.0,見送り(地合い🔴),SK hynix,-5.7,-11.7,9.3,-9.7,25134,30890.0,-1.1,0.8,39612,SK hynix+11.8%連動(β0.39)
6996,ニチコン,電気機器,13.1,★☆☆☆☆,13.1,0.0,0.0,0.0,0.0,0.0,0.0,0.0,見送り(地合い🔴),Eaton,-1.1,-25.3,7.8,-13.6,2476,2931.0,-2.3,1.2,4392,Eaton+15.0%連動(β0.35)
6254,野村マイクロ・サイエンス,機械,13.1,★☆☆☆☆,13.1,0.0,0.0,0.0,0.0,0.0,0.0,0.0,見送り(地合い🔴),SK hynix,-2.6,-10.6,7.7,-7.8,3359,3970.0,-4.1,1.1,3649,SK hynix+11.8%連動(β0.44)
4368,扶桑化学工業,化学,13.1,★☆☆☆☆,13.1,0.0,0.0,0.0,0.0,0.0,0.0,0.0,見送り(地合い🔴),Eaton,-0.9,-5.0,7.1,-6.9,3212,3740.0,-3.5,0.9,2721,Eaton+15.0%連動(β0.35)
3563,ＦＯＯＤ　＆　ＬＩＦＥ　ＣＯＭＰＡＮＩＥＳ,小売業,13.0,★☆☆☆☆,0.0,0.0,1.0,0.0,12.0,0.0,0.0,0.0,見送り(地合い🔴),,0.0,27.4,3.8,6.0,5094,5515.0,-2.5,0.6,10838,MA上昇配列 / パーフェクトオーダー
8151,東陽テクニカ,卸売業,13.0,★☆☆☆☆,4.3,0.0,0.0,0.0,8.7,0.0,0.0,0.0,見送り(地合い🔴),NASDAQ,-0.6,10.4,2.7,1.2,1862,1969.0,-0.6,0.8,206,NASDAQ+5.8%連動(β0.29) / MA上昇配列 / パーフェクトオーダー
6412,平和,機械,13.0,★☆☆☆☆,0.0,0.0,2.0,0.0,11.0,0.0,0.0,0.0,見送り(地合い🔴),,0.0,13.8,2.0,2.3,2016,2099.0,0.0,1.3,589,MA上昇配列 / パーフェクトオーダー
9869,加藤産業,卸売業,13.0,★☆☆☆☆,0.0,0.0,3.0,0.0,10.0,0.0,0.0,0.0,見送り(地合い🔴),,0.0,15.4,2.3,3.7,6116,6410.0,1.3,1.2,220,MA上昇配列
9746,ＴＫＣ,情報・通信業,13.0,★☆☆☆☆,0.0,0.0,4.0,0.0,9.0,0.0,0.0,0.0,見送り(地合い🔴),,0.0,19.0,2.6,6.0,3656,3855.0,1.0,1.6,354,MA上昇配列
4928,ノエビアホールディングス,化学,13.0,★☆☆☆☆,0.0,0.0,4.0,0.0,9.0,0.0,0.0,0.0,見送り(地合い🔴),,0.0,15.7,2.3,3.6,4568,4790.0,0.1,1.6,633,MA上昇配列
9433,ＫＤＤＩ,情報・通信業,13.0,★☆☆☆☆,0.0,0.0,1.0,0.0,12.0,0.0,0.0,0.0,見送り(地合い🔴),,0.0,16.0,2.5,2.0,2757,2903.0,-1.7,1.1,25284,MA上昇配列 / パーフェクトオーダー
7181,かんぽ生命保険,保険業,13.0,★☆☆☆☆,0.0,0.0,1.0,0.0,12.0,0.0,0.0,0.0,見送り(地合い🔴),,0.0,15.7,2.9,3.6,1628,1728.0,-3.8,1.0,4006,MA上昇配列 / パーフェクトオーダー
9900,サガミホールディングス,小売業,13.0,★☆☆☆☆,0.0,0.0,4.3,0.0,8.7,0.0,0.0,0.0,見送り(地合い🔴),,0.0,37.0,3.1,14.9,1984,2114.0,5.8,1.0,243,買い出来高優勢 / MA上昇配列
9001,東武鉄道,陸運業,13.0,★☆☆☆☆,0.0,0.0,3.0,0.0,10.0,0.0,0.0,0.0,見送り(地合い🔴),,0.0,12.5,2.5,0.7,2868,3016.0,-2.7,1.3,1805,MA上昇配列 / パーフェクトオーダー
8214,ＡＯＫＩホールディングス,小売業,13.0,★☆☆☆☆,0.0,0.0,3.0,0.0,10.0,0.0,0.0,0.0,見送り(地合い🔴),,0.0,12.1,1.8,1.3,1655,1717.0,-0.5,1.5,319,MA上昇配列
6905,コーセル,電気機器,13.0,★☆☆☆☆,13.0,0.0,0.0,0.0,0.0,0.0,0.0,0.0,見送り(地合い🔴),Eaton,1.3,-4.6,3.6,-4.8,1187,1279.0,-0.2,1.1,263,Eaton+15.0%連動(β0.25) 未反応+1.3%
4958,長谷川香料,化学,13.0,★☆☆☆☆,0.0,0.0,2.0,0.0,11.0,0.0,0.0,0.0,見送り(地合い🔴),,0.0,10.0,1.6,1.5,3190,3295.0,0.2,1.6,192,MA上昇配列 / パーフェクトオーダー / 52週高値目前
4041,日本曹達,化学,13.0,★☆☆☆☆,0.0,0.0,1.0,0.0,12.0,0.0,0.0,0.0,見送り(地合い🔴),,0.0,13.1,1.7,3.6,3708,3840.0,-1.0,1.2,406,MA上昇配列 / パーフェクトオーダー
5482,愛知製鋼,鉄鋼,12.8,★☆☆☆☆,0.0,0.0,3.3,0.0,9.5,0.0,0.0,0.0,見送り(地合い🔴),,0.0,9.2,2.9,0.5,2904,3085.0,-2.5,2.5,563,出来高増2.5倍 / MA上昇配列 / パーフェクトオーダー
6420,ガリレイ,機械,12.8,★☆☆☆☆,4.8,0.0,1.0,0.0,7.0,0.0,0.0,0.0,見送り(地合い🔴),S&P500,-0.2,10.7,2.0,2.4,3286,3420.0,1.5,1.2,171,S&P500+4.0%連動(β0.48)
6277,ホソカワミクロン,機械,12.8,★☆☆☆☆,6.8,0.0,1.0,0.0,5.0,0.0,0.0,0.0,見送り(地合い🔴),S&P500,0.6,9.2,2.7,1.5,4741,5010.0,-0.2,1.5,163,S&P500+4.0%連動(β0.52) 未反応+0.6%
4684,オービック,情報・通信業,12.8,★☆☆☆☆,0.0,0.0,2.0,0.0,8.0,0.0,2.8,0.0,見送り(地合い🔴),,0.0,19.6,3.8,5.4,4104,4437.0,-1.1,0.9,8905,MA上昇配列 / 開示[自己株式の取得](1日前)
9278,ブックオフグループホールディングス,小売業,12.8,★☆☆☆☆,0.0,0.0,5.3,0.0,12.5,0.0,0.0,-5.0,見送り(地合い🔴),,0.0,55.3,5.0,22.8,2610,2903.0,6.6,0.7,577,買い出来高優勢 / 資金流入増 / MA上昇配列 / パーフェクトオーダー / 52週高値ブレイク! / RSI過熱(85)⚠ / 過熱⚠25MA+23%
7270,ＳＵＢＡＲＵ,輸送用機器,12.8,★☆☆☆☆,0.0,0.0,2.0,0.0,8.0,0.0,2.8,0.0,見送り(地合い🔴),,0.0,12.7,3.0,2.1,2462,2618.0,-1.7,1.4,10402,MA上昇配列 / 開示[自己株式の取得](1日前)
9831,ヤマダホールディングス,小売業,12.8,★☆☆☆☆,0.0,0.0,3.3,0.0,9.5,0.0,0.0,0.0,見送り(地合い🔴),,0.0,17.6,3.4,1.9,652,700.0,-4.9,0.9,3618,買い出来高優勢 / MA上昇配列 / パーフェクトオーダー
2871,ニチレイ,食料品,12.7,★☆☆☆☆,0.0,0.0,2.0,0.0,10.7,0.0,0.0,0.0,見送り(地合い🔴),,0.0,9.4,4.2,0.8,1999,2181.0,-0.7,0.6,4765,MA上昇配列 / パーフェクトオーダー
4975,ＪＣＵ,化学,12.7,★☆☆☆☆,11.7,0.0,1.0,0.0,0.0,0.0,0.0,0.0,見送り(地合い🔴),Eaton,-0.2,-9.6,5.6,-9.6,5324,6000.0,-2.8,1.3,642,Eaton+15.0%連動(β0.31)
3201,日本毛織,繊維製品,12.7,★☆☆☆☆,0.0,0.0,2.0,0.0,10.7,0.0,0.0,0.0,見送り(地合い🔴),,0.0,15.6,2.9,4.0,1805,1914.0,-0.7,0.9,259,MA上昇配列 / パーフェクトオーダー
8595,ジャフコ　グループ,証券、商品先物取引業,12.6,★☆☆☆☆,10.6,0.0,1.0,0.0,1.0,0.0,0.0,0.0,見送り(地合い🔴),S&P500,2.2,3.8,1.9,-3.6,2154,2239.0,-1.5,1.2,848,S&P500+4.0%連動(β0.40) 未反応+2.2%
6932,遠藤照明,電気機器,12.5,★☆☆☆☆,0.0,0.0,8.0,0.0,4.5,0.0,0.0,0.0,見送り(地合い🔴),,0.0,17.5,2.7,8.0,2527,2672.0,2.8,4.3,125,出来高急増4.3倍 / 買い出来高優勢 / RSI過熱(87)⚠
9616,共立メンテナンス,サービス業,12.5,★☆☆☆☆,0.0,0.0,5.0,0.0,7.5,0.0,0.0,0.0,見送り(地合い🔴),,0.0,24.6,2.8,11.6,3276,3473.0,7.8,1.6,3685,MA上昇配列 / RSI過熱(89)⚠
4668,明光ネットワークジャパン,サービス業,12.5,★☆☆☆☆,0.0,0.0,5.0,0.0,7.5,0.0,0.0,0.0,見送り(地合い🔴),,0.0,18.2,2.2,2.6,730,764.0,-4.0,1.3,114,資金流入増 / MA上昇配列
6255,エヌ・ピー・シー,機械,12.5,★☆☆☆☆,7.8,0.0,1.0,0.0,3.7,0.0,0.0,0.0,見送り(地合い🔴),SK hynix,-12.0,0.4,5.5,2.8,611,686.0,11.4,1.4,218,SK hynix+11.8%連動(β0.26)
7516,コーナン商事,小売業,12.5,★☆☆☆☆,0.0,0.0,3.0,0.0,9.5,0.0,0.0,0.0,見送り(地合い🔴),,0.0,12.1,2.4,0.3,3964,4165.0,-2.2,0.9,447,MA上昇配列 / パーフェクトオーダー
7740,タムロン,精密機器,12.5,★☆☆☆☆,0.0,0.0,5.3,0.0,12.2,0.0,0.0,-5.0,見送り(地合い🔴),,0.0,33.5,3.4,21.8,1329,1427.0,25.8,2.9,771,出来高増2.9倍 / MA上昇配列 / パーフェクトオーダー / 52週高値目前 / 過熱⚠25MA+22%
2997,ストレージ王,不動産業,12.5,★☆☆☆☆,0.0,0.0,4.0,0.0,8.5,0.0,0.0,0.0,見送り(地合い🔴),,0.0,51.0,0.1,11.3,1334,1336.0,-0.1,0.1,100,資金流入増 / MA上昇配列 / パーフェクトオーダー / 52週高値目前
7381,ＣＣＩグループ,銀行業,12.5,★☆☆☆☆,0.0,0.0,3.0,0.0,9.5,0.0,0.0,0.0,見送り(地合い🔴),,0.0,16.6,5.0,3.5,1014,1127.0,-4.9,1.3,625,MA上昇配列 / パーフェクトオーダー
6866,日置電機,電気機器,12.400000000000002,★☆☆☆☆,7.4,0.0,0.0,0.0,2.2,0.0,2.8,0.0,見送り(地合い🔴),NASDAQ,-3.9,2.5,6.1,-0.5,9989,11370.0,-0.5,0.8,841,NASDAQ+5.8%連動(β0.51) / 開示[自己株式の取得](1日前)
1518,三井松島ホールディングス,その他製品,12.399999999999999,★☆☆☆☆,0.0,0.0,6.3,0.0,10.7,0.0,0.4,-5.0,見送り(地合い🔴),,0.0,57.6,5.0,30.3,2083,2312.0,-2.9,1.4,1286,買い出来高優勢 / 資金流入増 / MA上昇配列 / パーフェクトオーダー / 過熱⚠25MA+30% / 開示[上方修正](13日前) / 開示[子会社化](13日前)
9119,飯野海運,海運業,12.3,★☆☆☆☆,0.0,0.0,3.3,0.0,6.0,0.0,3.0,0.0,見送り(地合い🔴),,0.0,15.0,2.2,3.3,1458,1527.0,-0.5,2.3,306,出来高増2.3倍 / 開示[増配](0日前)
4768,大塚商会,情報・通信業,12.3,★☆☆☆☆,0.0,0.0,0.0,0.0,10.0,0.0,2.3,0.0,見送り(地合い🔴),,0.0,21.4,3.4,6.9,3001,3219.0,0.8,1.1,4867,MA上昇配列 / 開示[業績予想の修正](1日前)
5285,ヤマックス,ガラス・土石製品,12.3,★☆☆☆☆,0.0,0.0,4.3,0.0,8.0,0.0,0.0,0.0,見送り(地合い🔴),,0.0,17.4,3.7,7.9,1371,1481.0,9.3,1.0,105,買い出来高優勢 / MA上昇配列
4051,ＧＭＯフィナンシャルゲート,情報・通信業,12.3,★☆☆☆☆,12.3,0.0,0.0,0.0,0.0,0.0,0.0,0.0,見送り(地合い🔴),NASDAQ,1.0,-0.8,3.5,-5.5,5813,6250.0,0.8,1.1,178,NASDAQ+5.8%連動(β0.63) 未反応+1.0%
7581,サイゼリヤ,小売業,12.3,★☆☆☆☆,0.0,0.0,5.3,0.0,10.0,0.0,0.0,-3.0,見送り(地合い🔴),,0.0,51.7,5.4,19.3,6977,7830.0,2.2,0.6,8583,買い出来高優勢 / 資金流入増 / MA上昇配列 / 伸びすぎ注意(25MA+19%)
8242,エイチ・ツー・オー　リテイリング,小売業,12.3,★☆☆☆☆,0.0,0.0,0.0,0.0,9.5,0.0,2.8,0.0,見送り(地合い🔴),,0.0,7.9,2.7,0.1,2699,2850.5,-0.1,0.9,1206,MA上昇配列 / パーフェクトオーダー / 開示[自己株式の取得](1日前)
9022,東海旅客鉄道,陸運業,12.2,★☆☆☆☆,0.0,0.0,3.0,0.0,9.0,0.0,0.2,0.0,見送り(地合い🔴),,0.0,19.6,3.1,4.0,3660,3902.0,-3.0,1.3,12413,MA上昇配列 / 開示[自己株式の取得](13日前)
5702,大紀アルミニウム工業所,非鉄金属,12.2,★☆☆☆☆,5.2,0.0,2.0,0.0,5.0,0.0,0.0,0.0,見送り(地合い🔴),S&P500,-3.1,9.7,3.2,3.1,1433,1531.0,2.2,1.6,433,S&P500+4.0%連動(β0.52)
9308,乾汽船,海運業,12.2,★☆☆☆☆,0.0,0.0,7.7,0.0,7.5,0.0,0.0,-3.0,見送り(地合い🔴),,0.0,39.2,3.5,15.9,1781,1916.0,3.0,2.0,221,出来高増2.0倍 / 買い出来高優勢 / MA上昇配列 / パーフェクトオーダー / RSI過熱(94)⚠ / 伸びすぎ注意(25MA+16%)
4534,持田製薬,医薬品,12.100000000000001,★☆☆☆☆,0.0,0.0,3.3,0.0,6.0,0.0,2.8,0.0,見送り(地合い🔴),,0.0,9.5,2.1,0.8,3046,3180.0,-0.5,2.3,216,出来高増2.3倍 / 開示[自己株式の取得](1日前)
4169,ＥＮＥＣＨＡＮＧＥ,情報・通信業,12.1,★☆☆☆☆,0.0,0.0,1.0,0.0,6.0,0.0,5.1,0.0,見送り(地合い🔴),,0.0,21.9,4.9,10.6,215,238.0,5.3,0.8,150,開示[資本業務提携](4日前) / 開示[資本業務提携](4日前)
7287,日本精機,輸送用機器,12.1,★☆☆☆☆,5.1,0.0,1.0,0.0,6.0,0.0,0.0,0.0,見送り(地合い🔴),S&P500,-1.6,7.8,3.3,2.2,2314,2476.0,2.4,1.2,286,S&P500+4.0%連動(β0.51)
8016,オンワードホールディングス,繊維製品,12.0,★☆☆☆☆,0.0,0.0,0.0,0.0,12.0,0.0,0.0,0.0,見送り(地合い🔴),,0.0,10.1,1.8,1.1,725,751.0,-1.7,1.2,598,MA上昇配列 / パーフェクトオーダー
3941,レンゴー,パルプ・紙,12.0,★☆☆☆☆,0.0,0.0,0.0,0.0,12.0,0.0,0.0,0.0,見送り(地合い🔴),,0.0,14.2,2.4,2.6,1419,1490.0,-2.5,0.9,1475,MA上昇配列 / パーフェクトオーダー
9627,アインホールディングス,小売業,12.0,★☆☆☆☆,0.0,0.0,4.0,0.0,8.0,0.0,0.0,0.0,見送り(地合い🔴),,0.0,12.4,3.0,0.7,5451,5797.0,-1.7,1.5,940,MA上昇配列
2216,カンロ,食料品,12.0,★☆☆☆☆,0.0,0.0,5.3,0.0,0.0,0.0,6.7,0.0,見送り(地合い🔴),,0.0,7.0,4.7,-7.3,984,1086.0,-12.1,2.1,140,出来高増2.1倍 / 開示[自己株式の取得](1日前) / 開示[業績予想の修正](4日前)
2124,ジェイエイシーリクルートメント,サービス業,12.0,★☆☆☆☆,0.0,0.0,3.0,0.0,9.0,0.0,0.0,0.0,見送り(地合い🔴),,0.0,17.7,2.7,3.1,880,930.0,-1.9,1.2,537,MA上昇配列
7984,コクヨ,その他製品,12.0,★☆☆☆☆,0.0,0.0,2.0,0.0,10.0,0.0,0.0,0.0,見送り(地合い🔴),,0.0,15.8,2.1,3.9,850,887.0,0.4,1.4,999,MA上昇配列
2371,カカクコム,サービス業,12.0,★☆☆☆☆,0.0,0.0,1.0,0.0,11.0,0.0,0.0,0.0,見送り(地合い🔴),,0.0,12.1,1.0,2.5,3617,3690.0,0.2,1.1,1923,MA上昇配列 / パーフェクトオーダー / 52週高値目前
2502,アサヒグループホールディングス,食料品,12.0,★☆☆☆☆,0.0,0.0,3.0,0.0,9.0,0.0,0.0,0.0,見送り(地合い🔴),,0.0,15.3,2.7,2.1,1568,1657.5,-1.0,0.9,13500,MA上昇配列
4373,シンプレクス・ホールディングス,情報・通信業,12.0,★☆☆☆☆,0.0,0.0,0.0,0.0,12.0,0.0,0.0,0.0,見送り(地合い🔴),,0.0,16.2,4.6,3.8,994,1096.0,-4.4,0.9,1303,MA上昇配列 / パーフェクトオーダー
7803,ブシロード,その他製品,12.0,★☆☆☆☆,0.0,0.0,3.0,0.0,6.2,0.0,2.8,0.0,見送り(地合い🔴),,0.0,28.4,6.7,3.3,320,369.0,-6.3,0.5,688,資金流入増 / MA上昇配列 / パーフェクトオーダー / 開示[自己株式の取得](1日前)
8725,ＭＳ＆ＡＤインシュアランスグループホールディングス,保険業,12.0,★☆☆☆☆,0.0,0.0,0.0,0.0,12.0,0.0,0.0,0.0,見送り(地合い🔴),,0.0,16.8,2.5,4.0,4575,4820.0,-4.2,1.0,22388,MA上昇配列 / パーフェクトオーダー
8160,木曽路,小売業,12.0,★☆☆☆☆,0.0,0.0,2.0,0.0,10.0,0.0,0.0,0.0,見送り(地合い🔴),,0.0,11.5,2.2,1.5,2334,2439.0,0.5,1.5,213,MA上昇配列
9605,東映,情報・通信業,12.0,★☆☆☆☆,0.0,0.0,0.0,0.0,12.0,0.0,0.0,0.0,見送り(地合い🔴),,0.0,13.0,3.2,2.2,5590,5970.0,-0.5,1.0,561,MA上昇配列 / パーフェクトオーダー
5726,大阪チタニウムテクノロジーズ,非鉄金属,12.0,★☆☆☆☆,0.0,0.0,2.0,0.0,10.0,0.0,0.0,0.0,見送り(地合い🔴),,0.0,12.7,6.1,6.6,2488,2837.0,5.9,1.0,1470,MA上昇配列 / パーフェクトオーダー
7949,小松ウオール工業,その他製品,12.0,★☆☆☆☆,0.0,0.0,2.0,0.0,10.0,0.0,0.0,0.0,見送り(地合い🔴),,0.0,14.2,1.9,3.8,2634,2738.0,1.4,1.1,159,MA上昇配列
9010,富士急行,陸運業,12.0,★☆☆☆☆,0.0,0.0,2.0,0.0,10.0,0.0,0.0,0.0,見送り(地合い🔴),,0.0,16.3,3.1,3.9,2558,2728.0,-0.3,1.0,461,MA上昇配列 / パーフェクトオーダー
4849,エン,サービス業,12.0,★☆☆☆☆,0.0,0.0,4.0,0.0,8.0,0.0,0.0,0.0,見送り(地合い🔴),,0.0,17.9,2.9,2.7,1187,1259.0,-2.9,1.5,211,MA上昇配列
1786,オリエンタル白石,建設業,12.0,★☆☆☆☆,0.0,0.0,3.0,0.0,9.0,0.0,0.0,0.0,見送り(地合い🔴),,0.0,16.4,2.1,3.8,355,371.0,0.0,1.5,195,MA上昇配列
7148,ＦＰＧ,証券、商品先物取引業,12.0,★☆☆☆☆,0.0,0.0,4.0,0.0,8.0,0.0,0.0,0.0,見送り(地合い🔴),,0.0,16.3,2.5,5.0,1584,1667.0,2.5,1.8,870,MA上昇配列
7715,長野計器,精密機器,11.899999999999999,★☆☆☆☆,7.7,0.0,3.0,0.0,1.2,0.0,0.0,0.0,見送り(地合い🔴),SK hynix,-5.1,0.2,5.3,-2.6,3426,3835.0,-0.1,1.5,369,SK hynix+11.8%連動(β0.26)
9435,光通信,情報・通信業,11.8,★☆☆☆☆,0.0,0.0,0.0,0.0,9.0,0.0,2.8,0.0,見送り(地合い🔴),,0.0,17.0,2.5,4.5,37103,39050.0,0.7,1.0,3209,MA上昇配列 / 開示[自己株式の取得](1日前)
2331,ＡＬＳＯＫ,サービス業,11.8,★☆☆☆☆,0.0,0.0,2.0,0.0,7.0,0.0,2.8,0.0,見送り(地合い🔴),,0.0,14.5,2.8,1.7,1083,1146.5,-2.4,0.9,1523,開示[自己株式の取得](1日前)
5574,ＡＢＥＪＡ,情報・通信業,11.8,★☆☆☆☆,0.0,0.0,4.3,0.0,6.0,0.0,1.5,0.0,見送り(地合い🔴),,0.0,23.0,6.5,10.9,2264,2604.0,3.5,0.6,447,買い出来高優勢 / 開示[AI](0日前)
3360,シップヘルスケアホールディングス,卸売業,11.7,★☆☆☆☆,0.0,0.0,3.0,0.0,8.7,0.0,0.0,0.0,見送り(地合い🔴),,0.0,19.8,2.2,6.7,2397,2508.0,0.3,1.2,610,MA上昇配列
2802,味の素,食料品,11.7,★☆☆☆☆,8.7,0.0,0.0,0.0,0.0,0.0,3.0,0.0,見送り(地合い🔴),SK hynix,1.5,-12.0,3.9,-10.5,4512,4896.0,-3.4,0.9,20762,SK hynix+11.8%連動(β0.14) 未反応+1.5% / 開示[自己株式の取得](0日前)
6440,ＪＵＫＩ,機械,11.600000000000001,★☆☆☆☆,5.9,0.0,2.0,0.0,3.7,0.0,0.0,0.0,見送り(地合い🔴),SK hynix,-3.7,7.9,4.1,2.0,496,540.0,0.0,1.6,107,SK hynix+11.8%連動(β0.20)
7447,ナガイレーベン,卸売業,11.600000000000001,★☆☆☆☆,0.0,0.0,3.3,0.0,5.5,0.0,2.8,0.0,見送り(地合い🔴),,0.0,10.3,1.6,0.2,1701,1758.0,-1.9,2.7,130,出来高増2.7倍 / MA上昇配列 / 開示[自己株式の取得](1日前)
5741,ＵＡＣＪ,非鉄金属,11.6,★☆☆☆☆,10.1,0.0,0.0,0.0,1.5,0.0,0.0,0.0,見送り(地合い🔴),Emerson,1.1,0.7,5.1,-4.8,2077,2311.0,-3.3,1.0,1980,Emerson+6.9%連動(β0.39) 未反応+1.1%
8153,モスフードサービス,卸売業,11.6,★☆☆☆☆,0.0,0.0,1.0,0.0,7.7,0.0,2.9,0.0,見送り(地合い🔴),,0.0,10.9,2.4,0.3,3621,3800.0,-0.8,1.2,329,MA上昇配列 / 開示[子会社化](4日前) / 開示[子会社化](4日前)
6376,日機装,精密機器,11.6,★☆☆☆☆,8.1,0.0,0.0,0.0,3.5,0.0,0.0,0.0,見送り(地合い🔴),SK hynix,0.9,1.7,5.3,-2.1,3380,3780.0,-6.9,0.6,1601,SK hynix+11.8%連動(β0.19) 未反応+0.9%
6524,湖北工業,電気機器,11.5,★☆☆☆☆,7.6,0.0,1.0,0.0,1.5,0.0,1.4,0.0,見送り(地合い🔴),SK hynix,-3.9,-7.0,7.1,-5.3,3790,4415.0,-2.1,0.8,1052,SK hynix+11.8%連動(β0.26) / 開示[業績予想の修正](6日前)
1377,サカタのタネ,水産・農林業,11.5,★☆☆☆☆,0.0,0.0,4.3,0.0,7.2,0.0,0.0,0.0,見送り(地合い🔴),,0.0,12.5,2.7,0.0,4094,4330.0,-3.0,1.5,692,買い出来高優勢 / MA上昇配列 / パーフェクトオーダー
5445,東京鐵鋼,鉄鋼,11.5,★☆☆☆☆,0.0,0.0,4.0,0.0,7.5,0.0,0.0,0.0,見送り(地合い🔴),,0.0,13.7,1.5,2.3,1896,1956.0,-0.5,1.7,235,MA上昇配列
7826,フルヤ金属,その他製品,11.4,★☆☆☆☆,9.9,0.0,0.0,0.0,1.5,0.0,0.0,0.0,見送り(地合い🔴),SK hynix,-2.2,-6.5,7.1,-7.2,5604,6530.0,-3.0,1.0,2791,SK hynix+11.8%連動(β0.33)
9603,エイチ・アイ・エス,サービス業,11.4,★☆☆☆☆,0.0,0.0,3.3,0.0,6.0,0.0,2.1,0.0,見送り(地合い🔴),,0.0,15.3,3.1,6.5,1012,1080.0,2.8,2.3,562,出来高増2.3倍 / 開示[自己株式取得](4日前)
3105,日清紡ホールディングス,電気機器,11.399999999999999,★☆☆☆☆,9.2,0.0,0.0,0.0,2.2,0.0,0.0,0.0,見送り(地合い🔴),SK hynix,1.5,-3.6,5.1,-4.9,1956,2177.0,-2.9,0.8,2032,SK hynix+11.8%連動(β0.16) 未反応+1.5%
7760,ＩＭＶ,精密機器,11.399999999999999,★☆☆☆☆,8.2,0.0,2.0,0.0,1.2,0.0,0.0,0.0,見送り(地合い🔴),SK hynix,-5.7,-2.1,6.2,-1.1,2129,2430.0,1.6,1.8,246,SK hynix+11.8%連動(β0.28)
6458,新晃工業,機械,11.399999999999999,★☆☆☆☆,9.2,0.0,1.0,0.0,1.2,0.0,0.0,0.0,見送り(地合い🔴),S&P500,1.6,6.6,1.6,-1.2,1198,1237.0,-1.5,1.4,236,S&P500+4.0%連動(β0.45) 未反応+1.6%
8914,エリアリンク,不動産業,11.3,★☆☆☆☆,0.0,0.0,5.3,0.0,6.0,0.0,0.0,0.0,見送り(地合い🔴),,0.0,26.1,4.3,8.3,878,960.0,1.8,0.7,172,買い出来高優勢 / 資金流入増
7947,エフピコ,化学,11.3,★☆☆☆☆,0.0,0.0,3.3,0.0,8.0,0.0,0.0,0.0,見送り(地合い🔴),,0.0,7.8,2.6,1.2,2470,2607.0,-1.2,2.2,542,出来高増2.2倍 / MA上昇配列
3778,さくらインターネット,情報・通信業,11.3,★☆☆☆☆,0.0,0.0,3.3,0.0,6.0,0.0,2.0,0.0,見送り(地合い🔴),,0.0,18.9,6.1,7.0,2725,3105.0,7.1,0.7,3497,買い出来高優勢 / 開示[業績予想の修正](7日前) / 開示[AI](7日前)
5161,西川ゴム工業,ゴム製品,11.3,★☆☆☆☆,0.0,0.0,3.3,0.0,8.0,0.0,0.0,0.0,見送り(地合い🔴),,0.0,15.2,1.9,5.1,3178,3300.0,2.3,1.0,332,買い出来高優勢 / MA上昇配列
2296,伊藤ハム米久ホールディングス,食料品,11.3,★☆☆☆☆,0.0,0.0,5.3,0.0,6.0,0.0,0.0,0.0,見送り(地合い🔴),,0.0,13.7,2.1,2.1,4751,4960.0,0.3,2.2,768,出来高増2.2倍
6419,マースグループホールディングス,機械,11.3,★☆☆☆☆,0.0,0.0,2.0,0.0,6.5,0.0,2.8,0.0,見送り(地合い🔴),,0.0,9.6,1.9,0.5,3006,3125.0,-1.3,1.8,200,MA上昇配列 / 開示[自己株式の取得](1日前)
8237,松屋,小売業,11.3,★☆☆☆☆,0.0,0.0,3.3,0.0,8.0,0.0,0.0,0.0,見送り(地合い🔴),,0.0,22.2,5.3,7.8,1698,1900.0,6.9,0.8,584,買い出来高優勢 / MA上昇配列
9843,ニトリホールディングス,小売業,11.3,★☆☆☆☆,0.0,0.0,5.3,0.0,6.0,0.0,0.0,0.0,見送り(地合い🔴),,0.0,21.5,3.9,7.5,2437,2641.5,5.0,2.3,8253,出来高増2.3倍
3038,神戸物産,卸売業,11.3,★☆☆☆☆,0.0,0.0,5.3,0.0,6.0,0.0,0.0,0.0,見送り(地合い🔴),,0.0,15.3,3.3,5.1,2654,2840.5,5.6,2.3,4621,出来高増2.3倍
4047,関東電化工業,化学,11.2,★☆☆☆☆,9.0,0.0,1.0,0.0,1.2,0.0,0.0,0.0,見送り(地合い🔴),SK hynix,-6.5,-11.6,7.4,-7.4,2366,2777.0,-0.2,1.2,1679,SK hynix+11.8%連動(β0.31)
7453,良品計画,小売業,11.2,★☆☆☆☆,0.0,0.0,3.0,0.0,8.2,0.0,0.0,0.0,見送り(地合い🔴),,0.0,25.2,4.5,5.2,3840,4217.0,-2.2,0.7,22970,MA上昇配列 / パーフェクトオーダー
9304,澁澤倉庫,倉庫・運輸関連業,11.2,★☆☆☆☆,0.0,0.0,2.0,0.0,6.0,0.0,3.2,0.0,見送り(地合い🔴),,0.0,13.1,5.2,0.1,1644,1836.0,2.1,0.6,804,資金流入増 / MA上昇配列 / パーフェクトオーダー / 開示[増配](5日前) / 開示[自己株式の取得](8日前)
8358,スルガ銀行,銀行業,11.2,★☆☆☆☆,0.0,0.0,3.0,0.0,8.2,0.0,0.0,0.0,見送り(地合い🔴),,0.0,12.1,3.6,0.5,2439,2629.0,-4.7,1.3,2338,MA上昇配列 / パーフェクトオーダー
8334,群馬銀行,銀行業,11.2,★☆☆☆☆,0.0,0.0,3.0,0.0,8.2,0.0,0.0,0.0,見送り(地合い🔴),,0.0,13.1,3.4,0.9,2355,2527.5,-4.9,1.6,2473,MA上昇配列 / パーフェクトオーダー
6222,島精機製作所,機械,11.100000000000001,★☆☆☆☆,6.4,0.0,0.0,0.0,4.7,0.0,0.0,0.0,見送り(地合い🔴),NASDAQ,-0.5,11.0,3.0,1.3,850,904.0,0.3,1.2,236,NASDAQ+5.8%連動(β0.44)
4099,四国化成ホールディングス,化学,11.1,★☆☆☆☆,8.9,0.0,1.0,0.0,1.2,0.0,0.0,0.0,見送り(地合い🔴),SK hynix,-9.5,-8.8,7.8,-5.6,2308,2734.0,1.9,1.4,1392,SK hynix+11.8%連動(β0.30)
6143,ソディック,機械,11.1,★☆☆☆☆,11.1,0.0,0.0,0.0,0.0,0.0,0.0,0.0,見送り(地合い🔴),Eaton,0.0,-4.2,6.8,-6.7,1439,1664.0,-3.8,0.9,818,Eaton+15.0%連動(β0.30)
1414,ショーボンドホールディングス,建設業,11.0,★☆☆☆☆,0.0,0.0,2.0,0.0,9.0,0.0,0.0,0.0,見送り(地合い🔴),,0.0,12.2,1.7,1.8,1259,1305.0,-1.1,1.4,1048,MA上昇配列
2702,日本マクドナルドホールディングス,小売業,11.0,★☆☆☆☆,0.0,0.0,3.0,0.0,8.0,0.0,0.0,0.0,見送り(地合い🔴),,0.0,16.0,2.2,6.5,7853,8220.0,6.3,1.2,4465,-
2222,寿スピリッツ,食料品,11.0,★☆☆☆☆,0.0,0.0,4.0,0.0,7.0,0.0,0.0,0.0,見送り(地合い🔴),,0.0,8.6,2.9,0.1,2398,2546.5,1.3,1.6,1477,MA上昇配列 / パーフェクトオーダー
5889,Ｊａｐａｎ　Ｅｙｅｗｅａｒ　Ｈｏｌｄｉｎｇｓ,小売業,11.0,★☆☆☆☆,0.0,0.0,1.0,0.0,10.0,0.0,0.0,0.0,見送り(地合い🔴),,0.0,13.7,3.3,3.9,2317,2483.0,0.5,0.7,337,MA上昇配列 / パーフェクトオーダー
3048,ビックカメラ,小売業,11.0,★☆☆☆☆,0.0,0.0,3.0,0.0,8.0,0.0,0.0,0.0,見送り(地合い🔴),,0.0,15.0,2.6,3.1,1648,1738.5,-1.2,1.1,1100,-
3850,エヌ・ティ・ティ・データ・イントラマート,情報・通信業,11.0,★☆☆☆☆,0.0,0.0,3.0,0.0,8.0,0.0,0.0,0.0,見送り(地合い🔴),,0.0,12.8,3.4,5.5,3012,3230.0,8.1,1.4,121,MA上昇配列
9830,トラスコ中山,卸売業,11.0,★☆☆☆☆,0.0,0.0,2.0,0.0,9.0,0.0,0.0,0.0,見送り(地合い🔴),,0.0,11.2,2.1,2.3,2298,2398.0,-0.3,1.1,320,MA上昇配列
3549,クスリのアオキホールディングス,小売業,11.0,★☆☆☆☆,0.0,0.0,2.0,0.0,9.0,0.0,0.0,0.0,見送り(地合い🔴),,0.0,16.8,3.4,5.5,3774,4046.0,7.3,0.8,985,MA上昇配列
4526,理研ビタミン,食料品,11.0,★☆☆☆☆,0.0,0.0,0.0,0.0,8.2,0.0,2.8,0.0,見送り(地合い🔴),,0.0,10.7,1.8,0.4,3048,3160.0,-0.5,1.2,205,MA上昇配列 / パーフェクトオーダー / 開示[自己株式の取得](1日前)
6965,浜松ホトニクス,電気機器,11.0,★☆☆☆☆,8.2,0.0,0.0,0.0,0.0,0.0,2.8,0.0,見送り(地合い🔴),NASDAQ,-2.3,-4.5,4.8,-4.8,2097,2321.0,-2.0,0.7,7494,NASDAQ+5.8%連動(β0.56) / 開示[自己株式の取得](1日前)
7241,フタバ産業,輸送用機器,11.0,★☆☆☆☆,0.0,0.0,2.0,0.0,9.0,0.0,0.0,0.0,見送り(地合い🔴),,0.0,13.0,2.1,4.2,992,1035.0,1.7,1.9,277,MA上昇配列
3397,トリドールホールディングス,小売業,11.0,★☆☆☆☆,0.0,0.0,2.0,0.0,9.0,0.0,0.0,0.0,見送り(地合い🔴),,0.0,20.7,3.0,5.3,4046,4305.0,2.9,0.9,1451,MA上昇配列
2681,ゲオホールディングス,小売業,11.0,★☆☆☆☆,0.0,0.0,0.0,0.0,11.0,0.0,0.0,0.0,見送り(地合い🔴),,0.0,10.4,3.2,1.4,1944,2076.0,-1.2,0.9,319,MA上昇配列 / パーフェクトオーダー
7421,カッパ・クリエイト,小売業,11.0,★☆☆☆☆,0.0,0.0,2.0,0.0,9.0,0.0,0.0,0.0,見送り(地合い🔴),,0.0,16.8,2.2,4.4,1544,1614.0,4.0,1.2,147,MA上昇配列
9202,ＡＮＡホールディングス,空運業,11.0,★☆☆☆☆,0.0,0.0,1.0,0.0,10.0,0.0,0.0,0.0,見送り(地合い🔴),,0.0,8.2,2.3,2.1,2984,3129.0,1.6,1.4,8229,MA上昇配列
3405,クラレ,化学,11.0,★☆☆☆☆,0.0,0.0,1.0,0.0,10.0,0.0,0.0,0.0,見送り(地合い🔴),,0.0,12.9,2.5,2.2,1712,1801.0,-4.4,1.4,3253,MA上昇配列 / パーフェクトオーダー
9601,松竹,情報・通信業,11.0,★☆☆☆☆,0.0,0.0,3.0,0.0,8.0,0.0,0.0,0.0,見送り(地合い🔴),,0.0,17.0,3.6,2.5,10501,11310.0,-1.0,1.4,641,MA上昇配列
8283,ＰＡＬＴＡＣ,卸売業,11.0,★☆☆☆☆,0.0,0.0,0.0,0.0,11.0,0.0,0.0,0.0,見送り(地合い🔴),,0.0,8.4,0.4,0.1,6582,6630.0,0.2,0.1,1224,MA上昇配列 / パーフェクトオーダー / 52週高値目前
9948,アークス,小売業,11.0,★☆☆☆☆,0.0,0.0,1.0,0.0,10.0,0.0,0.0,0.0,見送り(地合い🔴),,0.0,15.1,2.4,2.7,3444,3620.0,1.8,1.3,284,MA上昇配列
3106,倉敷紡績,繊維製品,11.0,★☆☆☆☆,5.0,0.0,1.0,0.0,2.2,0.0,2.8,0.0,見送り(地合い🔴),S&P500,-1.0,1.9,4.5,-1.5,9019,9900.0,-3.4,1.2,479,S&P500+4.0%連動(β0.50) / 開示[自己株式の取得](1日前)
3817,ＳＲＡホールディングス,情報・通信業,11.0,★☆☆☆☆,0.0,0.0,2.0,0.0,9.0,0.0,0.0,0.0,見送り(地合い🔴),,0.0,10.6,2.4,1.3,4418,4640.0,0.2,1.3,212,MA上昇配列 / 開示[自己株式の取得](14日前)
7550,ゼンショーホールディングス,小売業,11.0,★☆☆☆☆,0.0,0.0,1.0,0.0,10.0,0.0,0.0,0.0,見送り(地合い🔴),,0.0,31.5,3.5,11.0,9398,10115.0,4.3,0.9,5945,MA上昇配列
299A,クラシル,サービス業,11.0,★☆☆☆☆,0.0,0.0,3.0,0.0,8.0,0.0,0.0,0.0,見送り(地合い🔴),,0.0,27.9,5.1,12.8,1050,1168.0,12.5,1.3,183,MA上昇配列
2120,ＬＩＦＵＬＬ,サービス業,11.0,★☆☆☆☆,0.0,0.0,1.0,0.0,10.0,0.0,0.0,0.0,見送り(地合い🔴),,0.0,10.6,2.4,2.3,194,204.0,3.6,1.3,109,MA上昇配列 / パーフェクトオーダー
9602,東宝,情報・通信業,11.0,★☆☆☆☆,0.0,0.0,3.0,0.0,8.0,0.0,0.0,0.0,見送り(地合い🔴),,0.0,25.3,4.3,8.7,1390,1521.0,2.6,0.7,7522,MA上昇配列
5988,パイオラックス,金属製品,11.0,★☆☆☆☆,0.0,0.0,3.0,0.0,8.0,0.0,0.0,0.0,見送り(地合い🔴),,0.0,16.2,1.7,4.5,1678,1735.0,1.8,1.3,155,MA上昇配列
8086,ニプロ,精密機器,11.0,★☆☆☆☆,0.0,0.0,3.0,0.0,8.0,0.0,0.0,0.0,見送り(地合い🔴),,0.0,11.8,2.2,1.3,1539,1608.5,-1.2,1.2,894,-
3197,すかいらーくホールディングス,小売業,11.0,★☆☆☆☆,0.0,0.0,2.0,0.0,9.0,0.0,0.0,0.0,見送り(地合い🔴),,0.0,20.6,3.0,6.5,3000,3192.0,3.4,0.9,4286,MA上昇配列
4523,エーザイ,医薬品,11.0,★☆☆☆☆,0.0,0.0,3.0,0.0,8.0,0.0,0.0,0.0,見送り(地合い🔴),,0.0,18.0,3.5,4.4,4334,4656.0,-2.0,1.3,8458,MA上昇配列
4911,資生堂,化学,11.0,★☆☆☆☆,0.0,0.0,1.0,0.0,10.0,0.0,0.0,0.0,見送り(地合い🔴),,0.0,21.8,5.2,5.7,2806,3135.0,-4.3,0.7,12343,MA上昇配列 / パーフェクトオーダー
9534,北海道瓦斯,電気・ガス業,10.9,★☆☆☆☆,0.0,0.0,2.0,0.0,7.0,0.0,1.9,0.0,見送り(地合い🔴),,0.0,12.2,2.2,1.6,747,782.0,-0.3,1.6,112,開示[自己株式取得](5日前)
7245,大同メタル工業,輸送用機器,10.8,★☆☆☆☆,5.5,0.0,0.0,0.0,2.5,0.0,2.8,0.0,見送り(地合い🔴),SK hynix,-9.3,-12.6,4.8,-2.3,1279,1413.0,5.7,1.0,1011,SK hynix+11.8%連動(β0.19) / 開示[自己株式の取得](1日前)
5381,マイポックス,ガラス・土石製品,10.8,★☆☆☆☆,10.8,0.0,0.0,0.0,0.0,0.0,0.0,0.0,見送り(地合い🔴),SK hynix,-1.8,-13.7,6.7,-11.6,680,786.0,-2.8,1.1,179,SK hynix+11.8%連動(β0.36)
4620,藤倉化成,化学,10.8,★☆☆☆☆,9.4,0.0,1.0,0.0,0.0,0.0,0.4,0.0,見送り(地合い🔴),SK hynix,1.4,-11.8,4.5,-11.4,773,850.0,-4.7,1.3,112,SK hynix+11.8%連動(β0.17) 未反応+1.4% / 開示[自己株式の取得](12日前)
6997,日本ケミコン,電気機器,10.8,★☆☆☆☆,10.8,0.0,0.0,0.0,0.0,0.0,0.0,0.0,見送り(地合い🔴),SK hynix,-9.2,-33.8,9.9,-17.3,2574,3210.0,0.3,1.0,4543,SK hynix+11.8%連動(β0.37)
9759,ＮＳＤ,情報・通信業,10.8,★☆☆☆☆,0.0,0.0,0.0,0.0,8.0,0.0,2.8,0.0,見送り(地合い🔴),,0.0,17.3,2.7,4.3,2649,2802.0,-0.2,1.1,834,MA上昇配列 / 開示[自己株式の取得](1日前)
3659,ネクソン,情報・通信業,10.8,★☆☆☆☆,0.0,0.0,2.0,0.0,6.0,0.0,2.8,0.0,見送り(地合い🔴),,0.0,14.2,3.7,4.3,2239,2416.5,-1.1,0.9,6584,開示[自己株式の取得](1日前)
9506,東北電力,電気・ガス業,10.7,★☆☆☆☆,0.0,0.0,4.0,0.0,6.7,0.0,0.0,0.0,見送り(地合い🔴),,0.0,20.0,2.3,6.3,1135,1190.5,1.1,1.7,3135,MA上昇配列
7280,ミツバ,電気機器,10.7,★☆☆☆☆,0.0,0.0,2.0,0.0,8.7,0.0,0.0,0.0,見送り(地合い🔴),,0.0,4.7,3.0,0.8,1116,1187.0,1.5,1.0,288,MA上昇配列 / パーフェクトオーダー
1945,東京エネシス,建設業,10.7,★☆☆☆☆,8.0,0.0,0.0,0.0,2.7,0.0,0.0,0.0,見送り(地合い🔴),SK hynix,0.9,1.9,3.4,-2.8,1845,1980.0,-2.8,0.6,448,SK hynix+11.8%連動(β0.18) 未反応+0.9%
4293,セプテーニ・ホールディングス,サービス業,10.7,★☆☆☆☆,0.0,0.0,1.0,0.0,9.7,0.0,0.0,0.0,見送り(地合い🔴),,0.0,15.1,3.2,2.5,476,508.0,0.8,0.6,265,MA上昇配列 / パーフェクトオーダー
3475,グッドコムアセット,不動産業,10.7,★☆☆☆☆,0.0,0.0,1.0,0.0,9.7,0.0,0.0,0.0,見送り(地合い🔴),,0.0,10.3,1.9,0.8,1449,1506.0,-1.8,1.2,119,MA上昇配列 / パーフェクトオーダー
4432,ウイングアーク１ｓｔ,情報・通信業,10.7,★☆☆☆☆,0.0,0.0,4.0,0.0,6.7,0.0,0.0,0.0,見送り(地合い🔴),,0.0,35.7,3.8,14.6,2911,3150.0,6.4,0.8,1066,資金流入増 / MA上昇配列
6227,ＡＩメカテック,機械,10.7,★☆☆☆☆,10.6,0.0,0.0,0.0,0.0,0.0,0.1,0.0,見送り(地合い🔴),SK hynix,-4.1,1.8,11.2,-3.6,5019,6470.0,-5.0,0.5,10605,SK hynix+11.8%連動(β0.36) / 開示[受注](13日前)
9324,安田倉庫,倉庫・運輸関連業,10.600000000000001,★☆☆☆☆,0.0,0.0,3.0,0.0,3.2,0.0,4.4,0.0,見送り(地合い🔴),,0.0,8.2,2.7,-3.0,2294,2426.0,-6.3,1.2,249,開示[業績予想の修正](0日前) / 開示[自己株式の取得](5日前)
1514,住石ホールディングス,鉱業,10.600000000000001,★☆☆☆☆,0.0,0.0,1.0,0.0,4.7,0.0,4.9,0.0,見送り(地合い🔴),,0.0,15.5,3.8,2.6,540,584.0,-2.7,1.4,181,開示[自己株式の取得](1日前) / 開示[自己株式取得](4日前)
3708,特種東海製紙,パルプ・紙,10.5,★☆☆☆☆,0.0,0.0,1.0,0.0,9.5,0.0,0.0,0.0,見送り(地合い🔴),,0.0,13.6,3.0,1.5,1935,2057.0,-5.5,1.3,150,MA上昇配列 / パーフェクトオーダー
6779,日本電波工業,電気機器,10.5,★☆☆☆☆,10.5,0.0,0.0,0.0,0.0,0.0,0.0,0.0,見送り(地合い🔴),SK hynix,-2.5,-23.3,9.5,-16.1,2070,2556.0,-7.9,0.8,2938,SK hynix+11.8%連動(β0.36)
2734,サーラコーポレーション,小売業,10.5,★☆☆☆☆,0.0,0.0,3.0,0.0,7.5,0.0,0.0,0.0,見送り(地合い🔴),,0.0,14.7,2.1,2.6,1112,1160.0,1.1,0.8,251,MA上昇配列
2908,フジッコ,食料品,10.5,★☆☆☆☆,0.0,0.0,1.0,0.0,7.7,0.0,1.8,0.0,見送り(地合い🔴),,0.0,11.7,1.6,0.7,1512,1562.0,-1.0,1.0,108,MA上昇配列 / 開示[業績予想の修正](4日前)
2726,パルグループホールディングス,小売業,10.5,★☆☆☆☆,0.0,0.0,1.0,0.0,6.7,0.0,2.8,0.0,見送り(地合い🔴),,0.0,8.5,3.6,3.1,1402,1512.0,4.7,0.9,1595,MA上昇配列 / 開示[自己株式の取得](1日前)
6632,ＪＶＣケンウッド,電気機器,10.5,★☆☆☆☆,0.0,0.0,3.0,0.0,4.7,0.0,2.8,0.0,見送り(地合い🔴),,0.0,9.3,2.3,0.9,1087,1140.0,-0.5,1.5,837,開示[自己株式取得](1日前)
8079,正栄食品工業,卸売業,10.5,★☆☆☆☆,0.0,0.0,2.0,0.0,8.5,0.0,0.0,0.0,見送り(地合い🔴),,0.0,14.6,1.9,1.0,4173,4335.0,-3.7,0.9,247,MA上昇配列 / パーフェクトオーダー
8630,ＳＯＭＰＯホールディングス,保険業,10.5,★☆☆☆☆,0.0,0.0,1.0,0.0,9.5,0.0,0.0,0.0,見送り(地合い🔴),,0.0,12.2,2.6,1.7,6518,6872.0,-5.4,1.2,18656,MA上昇配列 / パーフェクトオーダー
3864,三菱製紙,パルプ・紙,10.5,★☆☆☆☆,0.0,0.0,1.0,0.0,9.5,0.0,0.0,0.0,見送り(地合い🔴),,0.0,18.6,5.1,3.5,1004,1117.0,-3.0,1.0,300,MA上昇配列 / パーフェクトオーダー
6794,フォスター電機,電気機器,10.5,★☆☆☆☆,6.3,0.0,2.0,0.0,2.2,0.0,0.0,0.0,見送り(地合い🔴),S&P500,-1.3,5.3,3.4,-0.7,2661,2857.0,-0.8,1.5,412,S&P500+4.0%連動(β0.63)
7480,スズデン,卸売業,10.5,★☆☆☆☆,4.0,0.0,3.3,0.0,3.2,0.0,0.0,0.0,見送り(地合い🔴),S&P500,-0.1,3.8,3.1,-1.4,2252,2401.0,-1.9,2.6,132,S&P500+4.0%連動(β0.40) / 出来高増2.6倍
4318,クイック,サービス業,10.5,★☆☆☆☆,0.0,0.0,4.0,0.0,6.5,0.0,0.0,0.0,見送り(地合い🔴),,0.0,13.2,2.0,1.2,744,774.0,-1.9,2.0,105,MA上昇配列
4462,石原ケミカル,化学,10.4,★☆☆☆☆,6.3,0.0,2.0,0.0,0.0,0.0,2.1,0.0,見送り(地合い🔴),SK hynix,-0.1,-6.5,5.6,-5.9,2556,2877.0,-1.9,1.8,109,SK hynix+11.8%連動(β0.21) / 開示[自己株式の取得](4日前)
4381,ビープラッツ,情報・通信業,10.3,★☆☆☆☆,0.0,0.0,7.3,0.0,3.0,0.0,0.0,0.0,見送り(地合い🔴),,0.0,105.9,22.6,9.2,199,363.0,-5.5,2.5,239,出来高増2.5倍 / 資金流入増 / MA上昇配列
8174,日本瓦斯,小売業,10.3,★☆☆☆☆,0.0,0.0,3.0,0.0,4.5,0.0,2.8,0.0,見送り(地合い🔴),,0.0,9.6,2.2,-0.3,2741,2867.0,-2.0,1.3,788,開示[自己株式の取得](1日前)
2685,アンドエスティＨＤ,小売業,10.2,★☆☆☆☆,0.0,0.0,2.0,0.0,8.2,0.0,0.0,0.0,見送り(地合い🔴),,0.0,7.3,2.5,0.4,3309,3485.0,2.5,1.7,672,MA上昇配列 / パーフェクトオーダー
2767,円谷フィールズホールディングス,卸売業,10.2,★☆☆☆☆,0.0,0.0,8.7,0.0,6.5,0.0,0.0,-5.0,見送り(地合い🔴),,0.0,88.5,5.0,53.4,2229,2479.0,62.0,2.2,2263,出来高増2.2倍 / 買い出来高優勢 / 資金流入増 / MA上昇配列 / RSI過熱(93)⚠ / 過熱⚠25MA+53%
278A,Ｔｅｒｒａ　Ｄｒｏｎｅ,精密機器,10.2,★☆☆☆☆,0.0,0.0,4.0,0.0,6.2,0.0,0.0,0.0,見送り(地合い🔴),,0.0,51.3,15.1,10.1,8377,12000.0,-7.1,0.4,21920,資金流入増 / MA上昇配列 / パーフェクトオーダー
3774,インターネットイニシアティブ,情報・通信業,10.2,★☆☆☆☆,0.0,0.0,2.0,0.0,8.2,0.0,0.0,0.0,見送り(地合い🔴),,0.0,15.0,2.8,2.2,3327,3521.0,1.2,0.9,1916,MA上昇配列 / パーフェクトオーダー
6613,ＱＤレーザ,電気機器,10.1,★☆☆☆☆,10.1,0.0,0.0,0.0,0.0,0.0,0.0,0.0,見送り(地合い🔴),SK hynix,-2.7,-34.2,13.1,-29.7,1096,1485.0,-4.2,0.6,5760,SK hynix+11.8%連動(β0.34)
4275,カーリット,化学,10.1,★☆☆☆☆,8.9,0.0,0.0,0.0,1.2,0.0,0.0,0.0,見送り(地合い🔴),SK hynix,0.7,-1.5,5.6,-0.9,2054,2310.0,-4.5,1.1,486,SK hynix+11.8%連動(β0.23) 未反応+0.7%
3050,ＤＣＭホールディングス,小売業,10.0,★☆☆☆☆,0.0,0.0,1.0,0.0,9.0,0.0,0.0,0.0,見送り(地合い🔴),,0.0,12.2,2.1,1.6,1476,1541.0,0.2,1.1,431,MA上昇配列
5602,栗本鐵工所,鉄鋼,10.0,★☆☆☆☆,0.0,0.0,2.0,0.0,8.0,0.0,0.0,0.0,見送り(地合い🔴),,0.0,14.3,2.1,3.0,1445,1507.0,-0.8,1.0,320,MA上昇配列
5461,中部鋼鈑,鉄鋼,10.0,★☆☆☆☆,0.0,0.0,4.0,0.0,6.0,0.0,0.0,0.0,見送り(地合い🔴),,0.0,10.5,1.9,0.6,2000,2078.0,-2.0,1.5,179,-
7014,名村造船所,輸送用機器,10.0,★☆☆☆☆,0.0,0.0,2.0,0.0,8.0,0.0,0.0,0.0,見送り(地合い🔴),,0.0,21.9,6.4,3.8,3600,4125.0,-7.5,1.4,6046,MA上昇配列
8130,サンゲツ,卸売業,10.0,★☆☆☆☆,0.0,0.0,0.0,0.0,10.0,0.0,0.0,0.0,見送り(地合い🔴),,0.0,10.9,1.5,1.2,2966,3055.0,-1.0,0.9,586,MA上昇配列
8113,ユニ・チャーム,化学,10.0,★☆☆☆☆,0.0,0.0,0.0,0.0,10.0,0.0,0.0,0.0,見送り(地合い🔴),,0.0,12.2,2.7,2.1,941,994.5,0.2,1.1,4570,MA上昇配列 / パーフェクトオーダー
7821,前田工繊,その他製品,10.0,★☆☆☆☆,0.0,0.0,1.0,0.0,9.0,0.0,0.0,0.0,見送り(地合い🔴),,0.0,13.7,2.1,4.2,1857,1940.0,2.4,1.5,289,MA上昇配列
9104,商船三井,海運業,10.0,★☆☆☆☆,0.0,0.0,3.0,0.0,7.0,0.0,0.0,0.0,見送り(地合い🔴),,0.0,20.3,2.4,4.5,5523,5801.0,-1.9,1.3,13489,-
8136,サンリオ,卸売業,10.0,★☆☆☆☆,0.0,0.0,2.0,0.0,8.0,0.0,0.0,0.0,見送り(地合い🔴),,0.0,27.4,5.1,9.0,1160,1292.5,3.8,0.7,30084,MA上昇配列
3028,アルペン,小売業,10.0,★☆☆☆☆,0.0,0.0,2.0,0.0,8.0,0.0,0.0,0.0,見送り(地合い🔴),,0.0,14.6,2.0,2.1,2109,2199.0,-1.9,0.8,253,MA上昇配列
2918,わらべや日洋ホールディングス,食料品,10.0,★☆☆☆☆,0.0,0.0,2.0,0.0,8.0,0.0,0.0,0.0,見送り(地合い🔴),,0.0,10.3,2.0,0.3,2603,2711.0,-4.4,1.3,342,MA上昇配列
3673,ブロードリーフ,情報・通信業,10.0,★☆☆☆☆,0.0,0.0,2.0,0.0,5.7,0.0,2.3,0.0,見送り(地合い🔴),,0.0,9.8,3.6,1.5,403,434.0,-0.2,1.9,338,開示[業績予想の修正](1日前)
8008,ヨンドシーホールディングス,小売業,10.0,★☆☆☆☆,0.0,0.0,3.0,0.0,7.0,0.0,0.0,0.0,見送り(地合い🔴),,0.0,13.7,2.7,0.5,1948,2058.0,0.2,0.7,290,資金流入増 / MA上昇配列 / パーフェクトオーダー
2207,ｍｅｉｔｏ,食料品,10.0,★☆☆☆☆,0.0,0.0,0.0,0.0,7.0,0.0,3.0,0.0,見送り(地合い🔴),,0.0,8.1,2.0,-0.1,3051,3180.0,0.3,1.0,115,開示[自己株式の取得](0日前)
9025,鴻池運輸,陸運業,10.0,★☆☆☆☆,0.0,0.0,1.0,0.0,9.0,0.0,0.0,0.0,見送り(地合い🔴),,0.0,13.8,2.0,2.7,2807,2924.0,-0.8,1.3,267,MA上昇配列
9697,カプコン,情報・通信業,10.0,★☆☆☆☆,0.0,0.0,2.0,0.0,8.0,0.0,0.0,0.0,見送り(地合い🔴),,0.0,28.1,4.7,13.7,3520,3888.0,10.5,1.0,12967,MA上昇配列
9008,京王電鉄,陸運業,10.0,★☆☆☆☆,0.0,0.0,2.0,0.0,8.0,0.0,0.0,0.0,見送り(地合い🔴),,0.0,14.1,2.6,1.7,749,789.5,-2.2,1.1,1748,MA上昇配列
6418,日本金銭機械,機械,10.0,★☆☆☆☆,0.0,0.0,2.0,0.0,8.0,0.0,0.0,0.0,見送り(地合い🔴),,0.0,21.0,2.2,6.9,1086,1135.0,4.4,0.9,125,MA上昇配列
5451,ヨドコウ,鉄鋼,10.0,★☆☆☆☆,0.0,0.0,1.0,0.0,9.0,0.0,0.0,0.0,見送り(地合い🔴),,0.0,14.1,1.9,2.5,1323,1375.0,-1.2,0.9,342,MA上昇配列
4996,クミアイ化学工業,化学,10.0,★☆☆☆☆,0.0,0.0,4.0,0.0,6.0,0.0,0.0,0.0,見送り(地合い🔴),,0.0,12.8,1.4,2.2,722,743.0,1.2,1.6,250,-
2353,日本駐車場開発,不動産業,10.0,★☆☆☆☆,0.0,0.0,2.0,0.0,5.2,0.0,2.8,0.0,見送り(地合い🔴),,0.0,12.1,2.3,0.9,240,252.0,-1.2,1.0,877,資金流入増 / MA上昇配列 / 開示[自己株式の取得](1日前)
4194,ビジョナル,情報・通信業,10.0,★☆☆☆☆,0.0,0.0,2.0,0.0,8.0,0.0,0.0,0.0,見送り(地合い🔴),,0.0,18.1,3.8,3.7,8039,8697.0,-4.0,1.1,1735,MA上昇配列
7611,ハイデイ日高,小売業,10.0,★☆☆☆☆,0.0,0.0,2.0,0.0,8.0,0.0,0.0,0.0,見送り(地合い🔴),,0.0,16.9,2.4,3.1,2711,2846.0,1.2,1.0,601,MA上昇配列
1898,世紀東急工業,建設業,10.0,★☆☆☆☆,0.0,0.0,1.0,0.0,9.0,0.0,0.0,0.0,見送り(地合い🔴),,0.0,10.6,1.3,0.8,1442,1481.0,-0.7,1.3,214,MA上昇配列
8056,ＢＩＰＲＯＧＹ,情報・通信業,10.0,★☆☆☆☆,0.0,0.0,2.0,0.0,8.0,0.0,0.0,0.0,見送り(地合い🔴),,0.0,15.2,3.3,3.1,4463,4774.0,-1.8,1.3,1757,MA上昇配列
4828,ビジネスエンジニアリング,情報・通信業,10.0,★☆☆☆☆,0.0,0.0,2.0,0.0,8.0,0.0,0.0,0.0,見送り(地合い🔴),,0.0,18.7,3.2,6.5,1132,1210.0,-0.6,0.7,154,MA上昇配列
4165,プレイド,情報・通信業,10.0,★☆☆☆☆,0.0,0.0,2.0,0.0,8.0,0.0,0.0,0.0,見送り(地合い🔴),,0.0,14.8,4.5,5.0,530,583.0,1.9,0.4,210,MA上昇配列
1301,極洋,水産・農林業,9.9,★☆☆☆☆,0.0,0.0,4.7,0.0,5.2,0.0,0.0,0.0,見送り(地合い🔴),,0.0,11.2,1.6,0.2,4364,4510.0,-1.8,3.0,196,出来高急増3.0倍 / MA上昇配列
4061,デンカ,化学,9.9,★☆☆☆☆,8.9,0.0,1.0,0.0,0.0,0.0,0.0,0.0,見送り(地合い🔴),SK hynix,1.2,-9.9,5.6,-10.5,3046,3433.0,-5.2,1.3,2527,SK hynix+11.8%連動(β0.18) 未反応+1.2%
3179,シュッピン,小売業,9.8,★☆☆☆☆,0.0,0.0,5.3,0.0,7.5,0.0,0.0,-3.0,見送り(地合い🔴),,0.0,38.8,4.1,18.2,1264,1376.0,6.5,1.4,190,買い出来高優勢 / MA上昇配列 / RSI過熱(91)⚠ / 伸びすぎ注意(25MA+18%)
2317,システナ,情報・通信業,9.7,★☆☆☆☆,0.0,0.0,3.0,0.0,6.7,0.0,0.0,0.0,見送り(地合い🔴),,0.0,11.3,3.0,0.6,399,424.0,-3.2,1.3,508,MA上昇配列
3861,王子ホールディングス,パルプ・紙,9.7,★☆☆☆☆,0.0,0.0,1.0,0.0,8.7,0.0,0.0,0.0,見送り(地合い🔴),,0.0,16.2,2.0,4.1,842,876.2999877929688,-0.7,1.3,3035,MA上昇配列
3498,霞ヶ関キャピタル,不動産業,9.7,★☆☆☆☆,0.0,0.0,3.0,0.0,6.7,0.0,0.0,0.0,見送り(地合い🔴),,0.0,16.5,4.4,9.1,6946,7610.0,3.1,0.8,3774,MA上昇配列
9347,日本管財ホールディングス,サービス業,9.7,★☆☆☆☆,0.0,0.0,4.0,0.0,5.7,0.0,0.0,0.0,見送り(地合い🔴),,0.0,12.0,1.7,0.3,2664,2759.0,-1.3,1.6,142,-
6572,オープングループ,サービス業,9.5,★☆☆☆☆,0.0,0.0,4.0,0.0,5.5,0.0,0.0,0.0,見送り(地合い🔴),,0.0,20.8,5.5,4.4,213,239.0,-1.2,0.4,114,資金流入増 / MA上昇配列
8345,岩手銀行,銀行業,9.5,★☆☆☆☆,0.0,0.0,0.0,0.0,9.5,0.0,0.0,0.0,見送り(地合い🔴),,0.0,9.7,4.8,1.3,1976,2185.0,-7.5,1.1,645,MA上昇配列 / パーフェクトオーダー
7606,ユナイテッドアローズ,小売業,9.5,★☆☆☆☆,0.0,0.0,1.0,0.0,5.7,0.0,2.8,0.0,見送り(地合い🔴),,0.0,8.8,1.9,0.3,2350,2443.0,0.3,1.3,415,開示[自己株式の取得](1日前)
2503,キリンホールディングス,食料品,9.5,★☆☆☆☆,0.0,0.0,0.0,0.0,9.5,0.0,0.0,0.0,見送り(地合い🔴),,0.0,12.0,2.5,0.6,2766,2910.5,-1.9,0.9,11764,MA上昇配列 / パーフェクトオーダー
150A,ＪＳＨ,サービス業,9.5,★☆☆☆☆,0.0,0.0,4.0,0.0,5.5,0.0,0.0,0.0,見送り(地合い🔴),,0.0,38.0,16.0,4.4,314,462.0,-14.0,0.7,400,資金流入増 / MA上昇配列
6960,フクダ電子,電気機器,9.5,★☆☆☆☆,0.0,0.0,0.0,0.0,9.5,0.0,0.0,0.0,見送り(地合い🔴),,0.0,10.6,3.4,2.4,10894,11700.0,-1.8,0.8,455,MA上昇配列 / パーフェクトオーダー
7846,パイロットコーポレーション,その他製品,9.5,★☆☆☆☆,0.0,0.0,0.0,0.0,9.5,0.0,0.0,0.0,見送り(地合い🔴),,0.0,12.4,2.0,1.1,1720,1790.5,-1.2,1.0,353,MA上昇配列 / パーフェクトオーダー
5246,ＥＬＥＭＥＮＴＳ,情報・通信業,9.5,★☆☆☆☆,0.0,0.0,4.0,0.0,5.5,0.0,0.0,0.0,見送り(地合い🔴),,0.0,22.6,6.4,7.3,655,750.0,-4.9,0.4,596,資金流入増 / MA上昇配列
9511,沖縄電力,電気・ガス業,9.5,★☆☆☆☆,0.0,0.0,9.0,0.0,3.5,0.0,0.0,-3.0,見送り(地合い🔴),,0.0,29.4,2.7,17.8,1040,1098.0,16.6,4.5,284,出来高急増4.5倍 / 買い出来高優勢 / RSI過熱(85)⚠ / 伸びすぎ注意(25MA+18%)
1909,日本ドライケミカル,機械,9.5,★☆☆☆☆,0.0,0.0,0.0,0.0,9.5,0.0,0.0,0.0,見送り(地合い🔴),,0.0,8.6,0.2,0.0,3680,3695.0,-0.1,0.1,912,MA上昇配列 / パーフェクトオーダー
5834,ＳＢＩリーシングサービス,証券、商品先物取引業,9.5,★☆☆☆☆,0.0,0.0,3.0,0.0,6.5,0.0,0.0,0.0,見送り(地合い🔴),,0.0,11.4,3.3,1.6,2587,2772.0,-2.0,1.2,240,MA上昇配列
9404,日本テレビホールディングス,情報・通信業,9.5,★☆☆☆☆,0.0,0.0,2.0,0.0,4.7,0.0,2.8,0.0,見送り(地合い🔴),,0.0,9.9,2.8,0.3,2734,2897.5,-1.2,1.8,1421,開示[自己株式の取得](1日前)
7931,未来工業,化学,9.4,★☆☆☆☆,0.0,0.0,1.0,0.0,8.0,0.0,0.4,0.0,見送り(地合い🔴),,0.0,16.1,3.1,3.5,3169,3380.0,-1.0,0.8,111,MA上昇配列 / 開示[増配](12日前)
9166,ＧＥＮＤＡ,サービス業,9.4,★☆☆☆☆,0.0,0.0,1.0,0.0,6.7,0.0,1.7,0.0,見送り(地合い🔴),,0.0,12.5,4.3,0.1,534,584.0,0.0,1.5,863,MA上昇配列 / 開示[資本業務提携](6日前)
7762,シチズン時計,精密機器,9.3,★☆☆☆☆,5.1,0.0,2.0,0.0,2.2,0.0,0.0,0.0,見送り(地合い🔴),SK hynix,-3.4,2.4,4.0,-0.1,2075,2257.0,1.4,1.8,3041,SK hynix+11.8%連動(β0.17)
268A,リガク・ホールディングス,精密機器,9.3,★☆☆☆☆,9.3,0.0,0.0,0.0,0.0,0.0,0.0,0.0,見送り(地合い🔴),Lumentum,-6.1,-3.4,8.6,-6.5,1768,2136.0,-0.2,0.6,6385,Lumentum+22.5%連動(β0.16)
4732,ユー・エス・エス,サービス業,9.2,★☆☆☆☆,0.0,0.0,1.0,0.0,8.2,0.0,0.0,0.0,見送り(地合い🔴),,0.0,11.4,2.0,0.3,1902,1981.5,-1.0,1.1,2300,MA上昇配列 / パーフェクトオーダー
2060,フィード・ワン,食料品,9.2,★☆☆☆☆,0.0,0.0,1.0,0.0,8.2,0.0,0.0,0.0,見送り(地合い🔴),,0.0,10.0,2.2,0.1,1220,1276.0,-1.3,1.3,101,MA上昇配列 / パーフェクトオーダー
5711,三菱マテリアル,非鉄金属,9.2,★☆☆☆☆,6.5,0.0,0.0,0.0,2.7,0.0,0.0,0.0,見送り(地合い🔴),SK hynix,-0.3,-0.3,4.5,-1.4,3774,4151.0,-1.7,0.8,6195,SK hynix+11.8%連動(β0.22)
7921,ＴＡＫＡＲＡ　＆　ＣＯＭＰＡＮＹ,その他製品,9.2,★☆☆☆☆,0.0,0.0,4.0,0.0,5.2,0.0,0.0,0.0,見送り(地合い🔴),,0.0,33.3,3.6,3.1,3867,4165.0,-6.2,0.5,304,資金流入増 / MA上昇配列
3387,クリエイト・レストランツ・ホールディングス,小売業,9.2,★☆☆☆☆,0.0,0.0,3.0,0.0,6.2,0.0,0.0,0.0,見送り(地合い🔴),,0.0,16.0,3.4,0.9,719,772.0,-1.2,1.1,1249,MA上昇配列
9006,京浜急行電鉄,陸運業,9.2,★☆☆☆☆,0.0,0.0,3.0,0.0,3.2,0.0,3.0,0.0,見送り(地合い🔴),,0.0,11.3,2.5,-0.9,1464,1542.0,-3.4,1.5,1412,開示[自己株式の取得](0日前)
9828,Ｇｅｎｋｉ　Ｇｌｏｂａｌ　Ｄｉｎｉｎｇ　Ｃｏｎｃｅｐｔｓ,小売業,9.2,★☆☆☆☆,0.0,0.0,5.0,0.0,4.2,0.0,0.0,0.0,見送り(地合い🔴),,0.0,14.8,3.7,0.2,3091,3340.0,-3.0,1.8,271,MA上昇配列
3321,ミタチ産業,卸売業,9.100000000000001,★☆☆☆☆,5.4,0.0,1.0,0.0,2.7,0.0,0.0,0.0,見送り(地合い🔴),SK hynix,-1.6,-4.4,2.5,-1.4,1510,1588.0,2.4,0.5,163,SK hynix+11.8%連動(β0.18)
5563,新日本電工,鉄鋼,9.100000000000001,★☆☆☆☆,5.4,0.0,0.0,0.0,3.7,0.0,0.0,0.0,見送り(地合い🔴),S&P500,-2.8,4.8,3.8,0.1,394,427.0,0.7,0.9,375,S&P500+4.0%連動(β0.53)
7085,カーブスホールディングス,サービス業,9.0,★☆☆☆☆,0.0,0.0,3.0,0.0,3.2,0.0,2.8,0.0,見送り(地合い🔴),,0.0,10.2,3.2,-0.8,874,934.0,-1.4,1.5,547,資金流入増 / 開示[自己株式の取得](1日前)
6289,技研製作所,機械,9.0,★☆☆☆☆,0.0,0.0,1.0,0.0,8.0,0.0,0.0,0.0,見送り(地合い🔴),,0.0,14.1,2.4,2.4,1794,1884.0,-0.5,0.6,153,MA上昇配列
9531,東京瓦斯,電気・ガス業,9.0,★☆☆☆☆,0.0,0.0,0.0,0.0,6.0,0.0,3.0,0.0,見送り(地合い🔴),,0.0,11.0,2.2,0.9,5915,6181.0,-1.5,1.1,6635,開示[自己株式の取得](0日前)
9501,東京電力ホールディングス,電気・ガス業,9.0,★☆☆☆☆,0.0,0.0,3.0,0.0,6.0,0.0,0.0,0.0,見送り(地合い🔴),,0.0,21.7,4.3,6.2,481,526.0999755859375,-2.0,1.2,18539,-
4776,サイボウズ,情報・通信業,9.0,★☆☆☆☆,0.0,0.0,1.0,0.0,6.7,0.0,1.3,0.0,見送り(地合い🔴),,0.0,13.3,4.0,3.4,2443,2653.0,1.1,0.9,826,MA上昇配列 / 開示[自己株式の取得](8日前)
8282,ケーズホールディングス,小売業,9.0,★☆☆☆☆,0.0,0.0,2.0,0.0,7.0,0.0,0.0,0.0,見送り(地合い🔴),,0.0,12.0,2.6,1.1,1774,1871.0,-1.5,0.8,1435,-
6460,セガサミーホールディングス,機械,9.0,★☆☆☆☆,0.0,0.0,1.0,0.0,8.0,0.0,0.0,0.0,見送り(地合い🔴),,0.0,25.7,4.1,9.5,2506,2730.0,2.5,1.2,2608,MA上昇配列
3496,アズーム,不動産業,9.0,★☆☆☆☆,0.0,0.0,1.0,0.0,8.0,0.0,0.0,0.0,見送り(地合い🔴),,0.0,17.2,2.8,5.6,4448,4710.0,3.4,1.3,286,MA上昇配列
2792,ハニーズホールディングス,小売業,9.0,★☆☆☆☆,0.0,0.0,0.0,0.0,9.0,0.0,0.0,0.0,見送り(地合い🔴),,0.0,9.6,1.6,0.5,1376,1421.0,-1.2,0.7,110,MA上昇配列
4681,リゾートトラスト,サービス業,9.0,★☆☆☆☆,0.0,0.0,0.0,0.0,9.0,0.0,0.0,0.0,見送り(地合い🔴),,0.0,9.1,2.4,0.9,1684,1770.5,0.4,0.9,778,MA上昇配列
7261,マツダ,輸送用機器,9.0,★☆☆☆☆,0.0,0.0,1.0,0.0,8.0,0.0,0.0,0.0,見送り(地合い🔴),,0.0,8.8,3.1,0.3,1072,1142.0,-2.0,1.2,8351,MA上昇配列
7630,壱番屋,小売業,9.0,★☆☆☆☆,0.0,0.0,1.0,0.0,8.0,0.0,0.0,0.0,見送り(地合い🔴),,0.0,11.9,2.1,2.3,892,932.0,0.4,1.2,381,MA上昇配列
9509,北海道電力,電気・ガス業,9.0,★☆☆☆☆,0.0,0.0,1.0,0.0,8.0,0.0,0.0,0.0,見送り(地合い🔴),,0.0,15.6,2.6,4.9,985,1038.5,0.6,1.4,2176,MA上昇配列
3660,アイスタイル,情報・通信業,9.0,★☆☆☆☆,0.0,0.0,1.0,0.0,8.0,0.0,0.0,0.0,見送り(地合い🔴),,0.0,20.1,3.1,6.4,408,435.0,-0.5,0.5,289,MA上昇配列
9552,クオンツ総研ホールディングス,サービス業,9.0,★☆☆☆☆,0.0,0.0,1.0,0.0,8.0,0.0,0.0,0.0,見送り(地合い🔴),,0.0,17.7,4.2,11.5,901,984.0,8.0,1.1,210,MA上昇配列
2354,ＹＥ　ＤＩＧＩＴＡＬ,情報・通信業,9.0,★☆☆☆☆,0.0,0.0,4.0,0.0,10.0,0.0,0.0,-5.0,見送り(地合い🔴),,0.0,56.9,15.4,21.3,868,1255.0,-7.0,0.9,3394,資金流入増 / MA上昇配列 / パーフェクトオーダー / 過熱⚠25MA+21%
9505,北陸電力,電気・ガス業,9.0,★☆☆☆☆,0.0,0.0,0.0,0.0,9.0,0.0,0.0,0.0,見送り(地合い🔴),,0.0,14.7,2.8,2.0,887,940.0,-2.7,1.0,901,MA上昇配列
7063,Ｂｉｒｄｍａｎ,サービス業,9.0,★☆☆☆☆,0.0,0.0,3.0,0.0,6.0,0.0,0.0,0.0,見送り(地合い🔴),,0.0,27.2,10.8,13.6,80,102.0,13.3,1.3,199,資金流入増
9064,ヤマトホールディングス,陸運業,9.0,★☆☆☆☆,0.0,0.0,1.0,0.0,8.0,0.0,0.0,0.0,見送り(地合い🔴),,0.0,13.5,2.5,2.5,1938,2041.0,-1.3,1.4,2648,MA上昇配列
1871,ピーエス・コンストラクション,建設業,9.0,★☆☆☆☆,0.0,0.0,3.0,0.0,6.0,0.0,0.0,0.0,見送り(地合い🔴),,0.0,10.2,3.5,3.0,2128,2286.0,-0.1,1.6,189,-
8179,ロイヤルホールディングス,小売業,9.0,★☆☆☆☆,0.0,0.0,2.0,0.0,7.0,0.0,0.0,0.0,見送り(地合い🔴),,0.0,17.7,2.6,4.1,1252,1320.0,1.5,1.0,413,-
3844,コムチュア,情報・通信業,9.0,★☆☆☆☆,0.0,0.0,1.0,0.0,8.0,0.0,0.0,0.0,見送り(地合い🔴),,0.0,14.5,2.2,3.7,1351,1414.0,2.3,1.3,246,MA上昇配列
4543,テルモ,精密機器,9.0,★☆☆☆☆,0.0,0.0,1.0,0.0,8.0,0.0,0.0,0.0,見送り(地合い🔴),,0.0,11.0,3.4,2.7,2156,2311.5,2.8,0.8,9634,MA上昇配列
7832,バンダイナムコホールディングス,その他製品,9.0,★☆☆☆☆,0.0,0.0,0.0,0.0,9.0,0.0,0.0,0.0,見送り(地合い🔴),,0.0,24.3,3.5,8.9,4217,4533.0,2.6,1.1,10509,MA上昇配列
6966,三井ハイテック,電気機器,8.9,★☆☆☆☆,8.9,0.0,0.0,0.0,0.0,0.0,0.0,0.0,見送り(地合い🔴),NASDAQ,-0.4,-8.4,5.5,-4.3,803,903.0,-1.2,0.8,2532,NASDAQ+5.8%連動(β0.61)
9110,ＮＳユナイテッド海運,海運業,8.9,★☆☆☆☆,0.0,0.0,3.3,0.0,8.5,0.0,2.1,-5.0,見送り(地合い🔴),,0.0,51.2,3.2,33.6,8926,9540.0,26.7,0.4,442,買い出来高優勢 / 52週高値ブレイク! / RSI過熱(94)⚠ / 過熱⚠25MA+34% / 開示[自己株式の取得](4日前)
6962,大真空,電気機器,8.9,★☆☆☆☆,8.9,0.0,0.0,0.0,0.0,0.0,0.0,0.0,見送り(地合い🔴),NASDAQ,0.2,-13.8,4.9,-9.1,662,734.0,-5.5,0.6,452,NASDAQ+5.8%連動(β0.57)
8074,ＹＵＡＳＡ,卸売業,8.9,★☆☆☆☆,4.4,0.0,0.0,0.0,4.5,0.0,0.0,0.0,見送り(地合い🔴),Emerson,-0.5,17.4,1.8,5.1,5597,5810.0,1.8,1.2,177,Emerson+6.9%連動(β0.25) / RSI過熱(88)⚠
166A,タスキホールディングス,不動産業,8.9,★☆☆☆☆,5.7,0.0,1.0,0.0,2.2,0.0,0.0,0.0,見送り(地合い🔴),SK hynix,0.8,5.8,3.8,-2.9,992,1073.0,-2.0,0.8,727,SK hynix+11.8%連動(β0.11) 未反応+0.8%
7911,ＴＯＰＰＡＮホールディングス,その他製品,8.899999999999999,★☆☆☆☆,6.1,0.0,0.0,0.0,0.0,0.0,2.8,0.0,見送り(地合い🔴),SK hynix,-0.0,-6.7,4.7,-8.3,4076,4499.0,-4.1,1.0,7774,SK hynix+11.8%連動(β0.20) / 開示[自己株式の取得](1日前)
3741,セック,情報・通信業,8.8,★☆☆☆☆,6.1,0.0,0.0,0.0,2.7,0.0,0.0,0.0,見送り(地合い🔴),SK hynix,-1.0,0.7,3.7,-1.9,2755,2975.0,-0.8,0.6,302,SK hynix+11.8%連動(β0.21)
2678,アスクル,小売業,8.7,★☆☆☆☆,0.0,0.0,2.0,0.0,6.7,0.0,0.0,0.0,見送り(地合い🔴),,0.0,12.3,2.8,1.8,1202,1272.0,1.0,0.9,649,MA上昇配列
9513,電源開発,電気・ガス業,8.7,★☆☆☆☆,0.0,0.0,3.0,0.0,5.7,0.0,0.0,0.0,見送り(地合い🔴),,0.0,13.0,2.2,2.8,3652,3819.0,-0.8,1.7,2601,-
6736,サン電子,電気機器,8.7,★☆☆☆☆,0.0,0.0,0.0,0.0,8.7,0.0,0.0,0.0,見送り(地合い🔴),,0.0,11.6,5.6,1.8,8579,9670.0,-1.9,0.5,331,MA上昇配列 / パーフェクトオーダー
3302,帝国繊維,繊維製品,8.7,★☆☆☆☆,0.0,0.0,0.0,0.0,8.7,0.0,0.0,0.0,見送り(地合い🔴),,0.0,9.3,2.5,0.8,3224,3395.0,-0.1,1.1,187,MA上昇配列
8227,しまむら,小売業,8.7,★☆☆☆☆,0.0,0.0,2.0,0.0,6.7,0.0,0.0,0.0,見送り(地合い🔴),,0.0,9.8,2.4,0.6,3229,3394.0,0.7,1.4,2480,MA上昇配列
3333,あさひ,小売業,8.7,★☆☆☆☆,0.0,0.0,1.0,0.0,7.7,0.0,0.0,0.0,見送り(地合い🔴),,0.0,12.3,2.0,1.3,1298,1352.0,1.0,0.8,153,MA上昇配列
4481,ベース,情報・通信業,8.7,★☆☆☆☆,0.0,0.0,2.0,0.0,6.7,0.0,0.0,0.0,見送り(地合い🔴),,0.0,14.9,2.0,2.1,3021,3150.0,-1.4,0.8,316,MA上昇配列
6532,ベイカレント,サービス業,8.7,★☆☆☆☆,0.0,0.0,2.0,0.0,6.7,0.0,0.0,0.0,見送り(地合い🔴),,0.0,13.4,5.4,4.5,6228,6990.0,-1.6,0.6,12476,MA上昇配列
4206,アイカ工業,化学,8.7,★☆☆☆☆,0.0,0.0,0.0,0.0,3.2,0.0,5.5,0.0,見送り(地合い🔴),,0.0,6.5,1.7,-1.4,3527,3649.0,-1.5,0.9,929,開示[増配](0日前) / 開示[業績予想の修正](0日前)
7981,タカラスタンダード,その他製品,8.600000000000001,★☆☆☆☆,0.0,0.0,2.0,0.0,2.2,0.0,4.4,0.0,見送り(地合い🔴),,0.0,5.4,2.8,-3.4,2827,2995.0,-7.6,1.2,479,開示[自己株式の取得](1日前) / 開示[業績予想の修正](5日前)
4471,三洋化成工業,化学,8.600000000000001,★☆☆☆☆,4.4,0.0,2.0,0.0,2.2,0.0,0.0,0.0,見送り(地合い🔴),S&P500,0.1,7.8,2.5,-0.5,4634,4880.0,-2.1,1.6,278,S&P500+4.0%連動(β0.40)
6862,ミナトホールディングス,電気機器,8.5,★☆☆☆☆,0.0,0.0,2.0,0.0,3.7,0.0,2.8,0.0,見送り(地合い🔴),,0.0,7.5,7.5,8.0,1798,2116.0,14.3,1.1,454,開示[自己株式の取得](1日前)
3391,ツルハホールディングス,小売業,8.5,★☆☆☆☆,0.0,0.0,2.0,0.0,6.5,0.0,0.0,0.0,見送り(地合い🔴),,0.0,22.1,3.4,4.3,2259,2422.0,-2.3,0.5,4954,MA上昇配列
3034,クオールホールディングス,小売業,8.5,★☆☆☆☆,0.0,0.0,3.3,0.0,5.2,0.0,0.0,0.0,見送り(地合い🔴),,0.0,16.0,2.3,1.8,1983,2080.0,-2.3,1.0,307,買い出来高優勢 / MA上昇配列
1882,東亜道路工業,建設業,8.5,★☆☆☆☆,0.0,0.0,2.0,0.0,6.5,0.0,0.0,0.0,見送り(地合い🔴),,0.0,11.8,1.5,0.8,1557,1605.0,-1.8,1.8,519,MA上昇配列
9076,セイノーホールディングス,陸運業,8.5,★☆☆☆☆,0.0,0.0,5.3,0.0,3.2,0.0,0.0,0.0,見送り(地合い🔴),,0.0,9.4,2.1,-0.4,2558,2669.0,-1.4,2.7,1042,出来高増2.7倍
7483,ドウシシャ,卸売業,8.4,★☆☆☆☆,0.0,0.0,4.7,0.0,3.7,0.0,0.0,0.0,見送り(地合い🔴),,0.0,10.0,2.0,-1.0,2797,2914.0,-3.5,3.4,206,出来高急増3.4倍
4064,日本カーバイド工業,化学,8.4,★☆☆☆☆,5.2,0.0,1.0,0.0,2.2,0.0,0.0,0.0,見送り(地合い🔴),Emerson,-0.8,-0.2,3.9,-2.6,3007,3265.0,-1.4,1.4,236,Emerson+6.9%連動(β0.30)
4052,フィーチャ,情報・通信業,8.3,★☆☆☆☆,0.0,0.0,5.3,0.0,8.0,0.0,0.0,-5.0,見送り(地合い🔴),,0.0,85.9,11.6,56.8,324,422.0,5.2,0.7,120,買い出来高優勢 / 資金流入増 / MA上昇配列 / 過熱⚠25MA+57%
6994,指月電機製作所,電気機器,8.2,★☆☆☆☆,8.2,0.0,0.0,0.0,0.0,0.0,0.0,0.0,見送り(地合い🔴),SK hynix,-2.2,-10.0,6.8,-6.5,901,1044.0,-0.1,0.9,286,SK hynix+11.8%連動(β0.28)
287A,黒田グループ,卸売業,8.2,★☆☆☆☆,0.0,0.0,0.0,0.0,8.2,0.0,0.0,0.0,見送り(地合い🔴),,0.0,7.9,2.4,0.3,1041,1093.0,-1.3,0.9,506,MA上昇配列 / パーフェクトオーダー
8057,内田洋行,卸売業,8.2,★☆☆☆☆,0.0,0.0,3.0,0.0,5.2,0.0,0.0,0.0,見送り(地合い🔴),,0.0,13.3,3.1,1.0,1955,2083.0,-3.7,0.8,573,MA上昇配列
6245,ヒラノテクシード,機械,8.2,★☆☆☆☆,6.7,0.0,0.0,0.0,1.5,0.0,0.0,0.0,見送り(地合い🔴),NASDAQ,0.2,-2.0,3.3,-5.0,1508,1613.0,-1.0,0.8,160,NASDAQ+5.8%連動(β0.42)
4174,アピリッツ,情報・通信業,8.2,★☆☆☆☆,0.0,0.0,2.0,0.0,6.2,0.0,0.0,0.0,見送り(地合い🔴),,0.0,20.4,7.1,0.8,622,725.0,-1.5,0.1,108,資金流入増 / MA上昇配列 / パーフェクトオーダー
8200,リンガーハット,小売業,8.2,★☆☆☆☆,0.0,0.0,2.0,0.0,6.2,0.0,0.0,0.0,見送り(地合い🔴),,0.0,14.0,2.8,1.0,2171,2300.0,-2.4,0.7,408,MA上昇配列
1950,日本電設工業,建設業,8.2,★☆☆☆☆,0.0,0.0,3.3,0.0,0.0,0.0,4.9,0.0,見送り(地合い🔴),,0.0,-3.4,4.0,-6.8,3555,3860.0,-5.9,2.1,505,出来高増2.1倍 / 開示[自己株式の取得](1日前) / 開示[自己株式の取得](4日前)
2004,昭和産業,食料品,8.2,★☆☆☆☆,0.0,0.0,0.0,0.0,8.2,0.0,0.0,0.0,見送り(地合い🔴),,0.0,12.6,2.1,0.7,3365,3510.0,-0.4,1.0,223,MA上昇配列 / パーフェクトオーダー
7003,三井Ｅ＆Ｓ,機械,8.2,★☆☆☆☆,0.0,0.0,4.7,0.0,1.2,0.0,2.3,0.0,見送り(地合い🔴),,0.0,8.9,6.3,-3.7,3871,4425.0,-13.6,4.5,13326,出来高急増4.5倍 / 開示[業績予想の修正](1日前)
3399,丸千代山岡家,小売業,8.2,★☆☆☆☆,0.0,0.0,1.0,0.0,7.2,0.0,0.0,0.0,見送り(地合い🔴),,0.0,15.7,3.9,1.5,3323,3605.0,-4.4,0.8,454,MA上昇配列 / パーフェクトオーダー
5331,ノリタケ,ガラス・土石製品,8.1,★☆☆☆☆,5.9,0.0,1.0,0.0,1.2,0.0,0.0,0.0,見送り(地合い🔴),SK hynix,-2.1,-7.4,4.7,-4.9,3106,3425.0,-1.7,1.3,1049,SK hynix+11.8%連動(β0.20)
1878,大東建託,不動産業,8.1,★☆☆☆☆,0.0,0.0,1.0,0.0,5.7,0.0,1.4,0.0,見送り(地合い🔴),,0.0,14.1,3.0,0.3,3044,3241.0,-2.7,1.4,5662,開示[子会社化](4日前)
3441,山王,金属製品,8.1,★☆☆☆☆,8.1,0.0,0.0,0.0,0.0,0.0,0.0,0.0,見送り(地合い🔴),SK hynix,-0.6,-16.9,6.8,-11.0,2170,2514.0,-3.7,0.5,157,SK hynix+11.8%連動(β0.27)
146A,コロンビア・ワークス,不動産業,8.1,★☆☆☆☆,8.1,0.0,0.0,0.0,0.0,0.0,0.0,0.0,見送り(地合い🔴),SK hynix,1.2,7.2,3.7,-1.3,2901,3135.0,-2.0,0.7,179,SK hynix+11.8%連動(β0.15) 未反応+1.2%
6744,能美防災,電気機器,8.0,★☆☆☆☆,0.0,0.0,1.0,0.0,7.0,0.0,0.0,0.0,見送り(地合い🔴),,0.0,10.9,2.5,3.8,4245,4470.0,1.4,1.5,335,-
9543,静岡ガス,電気・ガス業,8.0,★☆☆☆☆,0.0,0.0,2.0,0.0,6.0,0.0,0.0,0.0,見送り(地合い🔴),,0.0,11.4,1.7,0.4,1211,1253.0,-2.1,1.6,197,-
7974,任天堂,その他製品,8.0,★☆☆☆☆,0.0,0.0,2.0,0.0,6.0,0.0,0.0,0.0,見送り(地合い🔴),,0.0,15.0,3.7,5.2,7033,7589.0,2.1,0.8,71562,-
4922,コーセーホールディングス,化学,8.0,★☆☆☆☆,0.0,0.0,0.0,0.0,8.0,0.0,0.0,0.0,見送り(地合い🔴),,0.0,13.1,3.1,3.3,5287,5637.0,-2.1,1.0,1603,MA上昇配列
9722,藤田観光,サービス業,8.0,★☆☆☆☆,0.0,0.0,0.0,0.0,8.0,0.0,0.0,0.0,見送り(地合い🔴),,0.0,10.3,2.9,2.3,1871,1984.0,-0.4,0.9,392,MA上昇配列
255A,ジーエルテクノホールディングス,精密機器,8.0,★☆☆☆☆,5.8,0.0,0.0,0.0,2.2,0.0,0.0,0.0,見送り(地合い🔴),SK hynix,-5.9,-1.5,6.7,-0.9,5016,5790.0,0.7,1.0,568,SK hynix+11.8%連動(β0.20)
9684,スクウェア・エニックス・ホールディングス,情報・通信業,8.0,★☆☆☆☆,0.0,0.0,0.0,0.0,8.0,0.0,0.0,0.0,見送り(地合い🔴),,0.0,17.4,3.3,5.6,2547,2729.0,3.0,1.0,2934,MA上昇配列
3626,ＴＩＳ,情報・通信業,8.0,★☆☆☆☆,0.0,0.0,0.0,0.0,8.0,0.0,0.0,0.0,見送り(地合い🔴),,0.0,22.0,3.5,6.3,3450,3712.0,1.3,1.2,3927,MA上昇配列
3880,大王製紙,パルプ・紙,8.0,★☆☆☆☆,0.0,0.0,0.0,0.0,8.0,0.0,0.0,0.0,見送り(地合い🔴),,0.0,13.4,2.3,2.2,936,980.0,-1.3,1.2,219,MA上昇配列
3907,シリコンスタジオ,情報・通信業,8.0,★☆☆☆☆,0.0,0.0,5.0,0.0,6.0,0.0,0.0,-3.0,見送り(地合い🔴),,0.0,29.4,17.4,17.5,707,1086.0,-6.9,1.7,771,伸びすぎ注意(25MA+18%)
8278,フジ,小売業,8.0,★☆☆☆☆,0.0,0.0,2.0,0.0,6.0,0.0,0.0,0.0,見送り(地合い🔴),,0.0,11.1,2.1,1.9,1952,2038.0,1.9,1.3,227,-
8194,ライフコーポレーション,小売業,8.0,★☆☆☆☆,0.0,0.0,0.0,0.0,8.0,0.0,0.0,0.0,見送り(地合い🔴),,0.0,6.5,2.2,0.5,2421,2531.0,1.2,0.9,590,-
2695,くら寿司,小売業,8.0,★☆☆☆☆,0.0,0.0,2.0,0.0,6.0,0.0,0.0,0.0,見送り(地合い🔴),,0.0,10.5,2.2,1.4,1574,1645.0,0.5,1.0,463,-
7278,エクセディ,輸送用機器,8.0,★☆☆☆☆,0.0,0.0,2.0,0.0,3.2,0.0,2.8,0.0,見送り(地合い🔴),,0.0,5.8,1.9,-2.0,5640,5860.0,-4.1,1.6,1132,開示[自己株式の取得](1日前)
7071,アンビスホールディングス,サービス業,8.0,★☆☆☆☆,0.0,0.0,0.0,0.0,8.0,0.0,0.0,0.0,見送り(地合い🔴),,0.0,15.6,4.0,4.3,354,384.0,2.9,0.6,112,MA上昇配列
2815,アリアケジャパン,食料品,8.0,★☆☆☆☆,0.0,0.0,2.0,0.0,6.0,0.0,0.0,0.0,見送り(地合い🔴),,0.0,12.5,2.1,1.6,5101,5330.0,-2.0,1.5,446,-
4431,スマレジ,情報・通信業,8.0,★☆☆☆☆,0.0,0.0,0.0,0.0,8.0,0.0,0.0,0.0,見送り(地合い🔴),,0.0,14.0,4.4,4.3,2824,3095.0,1.5,0.7,329,MA上昇配列
3865,北越コーポレーション,パルプ・紙,8.0,★☆☆☆☆,0.0,0.0,0.0,0.0,8.0,0.0,0.0,0.0,見送り(地合い🔴),,0.0,14.6,2.8,1.7,866,918.0,-2.8,0.9,208,MA上昇配列
4025,多木化学,化学,8.0,★☆☆☆☆,0.0,0.0,2.0,0.0,6.0,0.0,0.0,0.0,見送り(地合い🔴),,0.0,10.6,4.3,3.7,4622,5060.0,2.3,0.9,155,-
4784,ＧＭＯインターネット,サービス業,8.0,★☆☆☆☆,0.0,0.0,2.0,0.0,6.0,0.0,0.0,0.0,見送り(地合い🔴),,0.0,30.9,4.3,12.7,526,576.0,9.9,1.1,1077,-
8425,みずほリース,その他金融業,8.0,★☆☆☆☆,0.0,0.0,1.0,0.0,7.0,0.0,0.0,0.0,見送り(地合い🔴),,0.0,14.4,2.0,2.1,1282,1335.0,-0.7,1.1,889,-
1852,淺沼組,建設業,8.0,★☆☆☆☆,0.0,0.0,0.0,0.0,8.0,0.0,0.0,0.0,見送り(地合い🔴),,0.0,8.8,1.9,0.6,833,866.0,-2.3,1.1,413,MA上昇配列
3765,ガンホー・オンライン・エンターテイメント,情報・通信業,8.0,★☆☆☆☆,0.0,0.0,0.0,0.0,8.0,0.0,0.0,0.0,見送り(地合い🔴),,0.0,11.0,2.7,2.7,2296,2425.0,0.4,1.2,619,MA上昇配列
4813,ＡＣＣＥＳＳ,情報・通信業,8.0,★☆☆☆☆,0.0,0.0,3.0,0.0,5.0,0.0,0.0,0.0,見送り(地合い🔴),,0.0,9.2,4.8,0.7,312,345.0,-0.3,1.4,304,資金流入増
1899,福田組,建設業,8.0,★☆☆☆☆,0.0,0.0,1.0,0.0,7.0,0.0,0.0,0.0,見送り(地合い🔴),,0.0,14.1,2.8,2.1,3636,3855.0,-2.7,0.9,227,-
4205,日本ゼオン,化学,7.9,★☆☆☆☆,4.7,0.0,0.0,0.0,3.2,0.0,0.0,0.0,見送り(地合い🔴),Emerson,-0.9,5.9,3.7,-1.5,2078,2244.0,-0.6,1.1,2611,Emerson+6.9%連動(β0.27)
1964,中外炉工業,建設業,7.9,★☆☆☆☆,4.7,0.0,2.0,0.0,1.2,0.0,0.0,0.0,見送り(地合い🔴),SK hynix,-1.1,5.4,3.8,-1.4,3639,3935.0,1.5,1.3,246,SK hynix+11.8%連動(β0.16)
2579,コカ・コーラ　ボトラーズジャパンホールディングス,食料品,7.9,★☆☆☆☆,0.0,0.0,2.0,0.0,1.0,0.0,4.9,0.0,見送り(地合い🔴),,0.0,-3.9,4.5,-9.5,3520,3871.0,-11.3,2.0,4212,開示[自己株式の取得](0日前) / 開示[自己株式取得](5日前)
6645,オムロン,電気機器,7.8,★☆☆☆☆,7.8,0.0,0.0,0.0,0.0,0.0,0.0,0.0,見送り(地合い🔴),NASDAQ,-0.6,-2.9,4.6,-4.7,4869,5360.0,-5.1,1.0,7129,NASDAQ+5.8%連動(β0.54)
3101,東洋紡,化学,7.8,★☆☆☆☆,4.8,0.0,2.0,0.0,1.0,0.0,0.0,0.0,見送り(地合い🔴),SK hynix,0.0,-1.4,4.7,-5.5,1421,1567.0,-2.8,1.7,1175,SK hynix+11.8%連動(β0.16)
8848,レオパレス２１,不動産業,7.7,★☆☆☆☆,0.0,0.0,0.0,0.0,7.7,0.0,0.0,0.0,見送り(地合い🔴),,0.0,12.3,2.1,1.1,644,672.0,1.2,0.9,700,MA上昇配列
2752,フジオフードグループ本社,小売業,7.7,★☆☆☆☆,0.0,0.0,3.0,0.0,4.7,0.0,0.0,0.0,見送り(地合い🔴),,0.0,10.8,2.1,0.1,1057,1103.0,-1.2,1.5,133,-
3088,マツキヨココカラ＆カンパニー,小売業,7.7,★☆☆☆☆,0.0,0.0,1.0,0.0,6.7,0.0,0.0,0.0,見送り(地合い🔴),,0.0,12.4,3.1,0.6,2343,2495.5,-0.4,0.8,4384,MA上昇配列
9023,東京地下鉄,陸運業,7.7,★☆☆☆☆,0.0,0.0,3.0,0.0,4.7,0.0,0.0,0.0,見送り(地合い🔴),,0.0,10.4,2.2,0.9,1405,1470.5,0.8,1.6,3350,-
7532,パン・パシフィック・インターナショナルホールディングス,小売業,7.7,★☆☆☆☆,0.0,0.0,1.0,0.0,6.7,0.0,0.0,0.0,見送り(地合い🔴),,0.0,18.2,3.5,3.1,834,896.5999755859375,0.3,0.7,9172,MA上昇配列
9887,松屋フーズホールディングス,小売業,7.7,★☆☆☆☆,0.0,0.0,3.0,0.0,4.7,0.0,0.0,0.0,見送り(地合い🔴),,0.0,13.2,2.8,0.6,4692,4970.0,-2.4,1.5,310,-
9997,ベルーナ,小売業,7.7,★☆☆☆☆,0.0,0.0,6.7,0.0,1.0,0.0,0.0,0.0,見送り(地合い🔴),,0.0,12.2,2.8,-3.2,940,996.0,-7.9,3.2,322,出来高急増3.2倍
3635,コーエーテクモホールディングス,情報・通信業,7.7,★☆☆☆☆,0.0,0.0,1.0,0.0,6.7,0.0,0.0,0.0,見送り(地合い🔴),,0.0,9.3,3.9,0.4,1453,1575.0,-1.3,1.0,2367,MA上昇配列
9503,関西電力,電気・ガス業,7.7,★☆☆☆☆,0.0,0.0,2.0,0.0,5.7,0.0,0.0,0.0,見送り(地合い🔴),,0.0,16.5,2.3,5.0,2343,2455.5,1.1,1.7,8054,-
3167,ＴＯＫＡＩホールディングス,卸売業,7.7,★☆☆☆☆,0.0,0.0,2.0,0.0,5.7,0.0,0.0,0.0,見送り(地合い🔴),,0.0,8.6,1.9,-0.5,1104,1148.0,-0.6,1.3,266,-
9003,相鉄ホールディングス,陸運業,7.7,★☆☆☆☆,0.0,0.0,3.0,0.0,4.7,0.0,0.0,0.0,見送り(地合い🔴),,0.0,10.6,3.0,-1.0,2390,2541.0,-3.4,1.9,759,-
9068,丸全昭和運輸,陸運業,7.7,★☆☆☆☆,0.0,0.0,2.0,0.0,5.7,0.0,0.0,0.0,見送り(地合い🔴),,0.0,11.1,2.4,1.1,7280,7650.0,-1.8,1.0,208,-
5240,ｍｏｎｏＡＩ　ｔｅｃｈｎｏｌｏｇｙ,情報・通信業,7.699999999999999,★☆☆☆☆,0.0,0.0,4.0,0.0,6.7,0.0,0.0,-3.0,見送り(地合い🔴),,0.0,68.3,18.3,17.4,130,206.0,-17.6,0.1,679,資金流入増 / MA上昇配列 / 伸びすぎ注意(25MA+17%)
3983,オロ,情報・通信業,7.5,★☆☆☆☆,0.0,0.0,3.3,0.0,4.2,0.0,0.0,0.0,見送り(地合い🔴),,0.0,13.0,2.0,2.5,2109,2199.0,-0.0,0.8,103,買い出来高優勢 / MA上昇配列
9348,ｉｓｐａｃｅ,サービス業,7.5,★☆☆☆☆,0.0,6.0,0.0,0.0,1.5,0.0,0.0,0.0,見送り(地合い🔴),,0.0,-1.9,3.0,-6.3,379,403.0,-3.8,0.5,823,宇宙(-3.1%)
7864,フジシールインターナショナル,その他製品,7.5,★☆☆☆☆,0.0,0.0,1.0,0.0,6.5,0.0,0.0,0.0,見送り(地合い🔴),,0.0,11.3,2.3,0.8,2877,3015.0,-3.2,1.3,463,MA上昇配列
5216,倉元製作所,ガラス・土石製品,7.5,★☆☆☆☆,0.0,0.0,3.3,0.0,4.2,0.0,0.0,0.0,見送り(地合い🔴),,0.0,9.9,6.4,1.5,140,160.0,-0.6,0.1,126,買い出来高優勢 / MA上昇配列
4477,ＢＡＳＥ,情報・通信業,7.5,★☆☆☆☆,0.0,0.0,2.0,0.0,5.5,0.0,0.0,0.0,見送り(地合い🔴),,0.0,15.3,3.3,2.3,283,303.0,-0.7,0.6,269,MA上昇配列
6464,ツバキ・ナカシマ,機械,7.5,★☆☆☆☆,7.5,0.0,0.0,0.0,0.0,0.0,0.0,0.0,見送り(地合い🔴),NASDAQ,-2.1,3.5,5.0,-3.6,333,370.0,0.5,0.8,191,NASDAQ+5.8%連動(β0.52)
3632,グリーホールディングス,情報・通信業,7.5,★☆☆☆☆,0.0,0.0,0.0,0.0,7.5,0.0,0.0,0.0,見送り(地合い🔴),,0.0,9.3,1.9,1.3,384,399.0,0.5,0.8,212,MA上昇配列 / パーフェクトオーダー
3733,ソフトウェア・サービス,情報・通信業,7.3,★☆☆☆☆,0.0,0.0,2.0,0.0,2.5,0.0,2.8,0.0,見送り(地合い🔴),,0.0,0.1,4.7,-1.8,9720,10730.0,-0.3,1.1,196,資金流入増 / 開示[自己株式の取得](7日前) / 開示[自己株式の取得](8日前)
6284,日精エー・エス・ビー機械,機械,7.3,★☆☆☆☆,6.3,0.0,0.0,0.0,1.0,0.0,0.0,0.0,見送り(地合い🔴),NASDAQ,-0.2,7.0,3.6,-3.3,8414,9060.0,-1.5,1.0,332,NASDAQ+5.8%連動(β0.43)
7013,ＩＨＩ,機械,7.2,★☆☆☆☆,0.0,6.0,0.0,0.0,1.2,0.0,0.0,0.0,見送り(地合い🔴),,0.0,5.2,4.4,-1.4,2527,2771.0,-2.3,1.0,34802,防衛(-1.9%)
8344,山形銀行,銀行業,7.2,★☆☆☆☆,0.0,0.0,2.0,0.0,2.2,0.0,3.0,0.0,見送り(地合い🔴),,0.0,3.9,5.4,-0.9,3375,3780.0,-9.9,1.2,552,開示[自己株式の取得](0日前)
7256,河西工業,輸送用機器,7.2,★☆☆☆☆,0.0,0.0,0.0,0.0,7.2,0.0,0.0,0.0,見送り(地合い🔴),,0.0,5.7,4.7,1.5,391,431.0,4.6,1.1,101,MA上昇配列 / パーフェクトオーダー
9267,Ｇｅｎｋｙ　ＤｒｕｇＳｔｏｒｅｓ,小売業,7.2,★☆☆☆☆,0.0,0.0,3.0,0.0,4.2,0.0,0.0,0.0,見送り(地合い🔴),,0.0,17.2,4.2,0.1,3401,3715.0,-5.5,1.0,420,MA上昇配列
2053,中部飼料,食料品,7.2,★☆☆☆☆,0.0,0.0,4.0,0.0,3.2,0.0,0.0,0.0,見送り(地合い🔴),,0.0,9.8,1.9,-0.2,1839,1913.0,-3.6,1.9,115,-
4812,電通総研,情報・通信業,7.2,★☆☆☆☆,0.0,0.0,1.0,0.0,6.2,0.0,0.0,0.0,見送り(地合い🔴),,0.0,7.4,1.7,3.4,2610,2700.0,-0.4,0.8,1867,MA上昇配列
6309,巴工業,機械,7.2,★☆☆☆☆,0.0,0.0,0.0,0.0,7.2,0.0,0.0,0.0,見送り(地合い🔴),,0.0,11.4,2.1,0.2,1800,1880.0,-2.7,1.0,255,MA上昇配列 / パーフェクトオーダー
8103,明和産業,卸売業,7.2,★☆☆☆☆,0.0,0.0,2.0,0.0,2.2,0.0,3.0,0.0,見送り(地合い🔴),,0.0,7.7,1.9,-0.8,864,898.0,-2.6,1.5,173,開示[自己株式の取得](0日前)
7458,第一興商,卸売業,7.2,★☆☆☆☆,0.0,0.0,1.0,0.0,6.2,0.0,0.0,0.0,見送り(地合い🔴),,0.0,12.1,2.4,0.8,1705,1789.0,-1.8,1.0,475,MA上昇配列 / パーフェクトオーダー
4544,Ｈ．Ｕ．グループホールディングス,サービス業,7.0,★☆☆☆☆,0.0,0.0,2.0,0.0,2.2,0.0,2.8,0.0,見送り(地合い🔴),,0.0,7.7,2.3,-0.8,3209,3360.0,-2.2,1.3,772,開示[自己株式の取得](1日前)
4503,アステラス製薬,医薬品,7.0,★☆☆☆☆,0.0,0.0,0.0,0.0,7.0,0.0,0.0,0.0,見送り(地合い🔴),,0.0,9.7,2.5,0.0,2066,2176.0,-1.5,1.1,14817,-
1662,石油資源開発,鉱業,7.0,★☆☆☆☆,0.0,0.0,1.0,0.0,6.0,0.0,0.0,0.0,見送り(地合い🔴),,0.0,14.6,3.2,1.1,1602,1710.0,-1.9,1.0,2439,-
7018,内海造船,輸送用機器,7.0,★☆☆☆☆,0.0,0.0,1.0,0.0,6.0,0.0,0.0,0.0,見送り(地合い🔴),,0.0,16.5,6.9,5.9,9280,10770.0,-2.9,1.3,265,-
8219,青山商事,小売業,7.0,★☆☆☆☆,0.0,0.0,0.0,0.0,7.0,0.0,0.0,0.0,見送り(地合い🔴),,0.0,13.4,1.8,2.7,712,739.0,0.3,1.0,448,-
5027,ＡｎｙＭｉｎｄ　Ｇｒｏｕｐ,情報・通信業,7.0,★☆☆☆☆,0.0,0.0,0.0,0.0,4.2,0.0,2.8,0.0,見送り(地合い🔴),,0.0,12.2,5.4,1.9,487,545.0,-2.9,1.0,101,MA上昇配列 / 開示[自己株式の取得](1日前)
9882,イエローハット,卸売業,7.0,★☆☆☆☆,0.0,0.0,2.0,0.0,2.0,0.0,3.0,0.0,見送り(地合い🔴),,0.0,6.6,2.2,-3.5,1667,1745.0,-4.6,1.9,371,開示[自己株式の取得](0日前)
1766,東建コーポレーション,建設業,7.0,★☆☆☆☆,0.0,0.0,1.0,0.0,6.0,0.0,0.0,0.0,見送り(地合い🔴),,0.0,9.8,2.1,-1.0,12349,12890.0,-2.9,1.2,319,-
1813,不動テトラ,建設業,7.0,★☆☆☆☆,0.0,0.0,2.0,0.0,5.0,0.0,0.0,0.0,見送り(地合い🔴),,0.0,6.3,2.9,1.1,2588,2748.0,0.5,1.8,226,-
1605,ＩＮＰＥＸ,鉱業,7.0,★☆☆☆☆,0.0,0.0,1.0,0.0,6.0,0.0,0.0,0.0,見送り(地合い🔴),,0.0,17.1,3.0,1.8,3308,3519.0,-3.6,0.9,16316,-
1833,奥村組,建設業,7.0,★☆☆☆☆,0.0,0.0,1.0,0.0,6.0,0.0,0.0,0.0,見送り(地合い🔴),,0.0,10.3,2.0,1.3,5547,5780.0,-1.2,1.3,614,-
1944,きんでん,建設業,7.0,★☆☆☆☆,0.0,6.0,0.0,0.0,1.0,0.0,0.0,0.0,見送り(地合い🔴),,0.0,-3.7,4.4,-7.9,6347,6963.0,-10.7,1.0,7162,AIデータセンター・電力(-0.4%)
9974,ベルク,小売業,7.0,★☆☆☆☆,0.0,0.0,0.0,0.0,7.0,0.0,0.0,0.0,見送り(地合い🔴),,0.0,8.1,2.6,0.4,6234,6570.0,0.5,0.9,225,-
3668,コロプラ,情報・通信業,7.0,★☆☆☆☆,0.0,0.0,1.0,0.0,6.0,0.0,0.0,0.0,見送り(地合い🔴),,0.0,10.1,2.6,3.3,379,400.0,2.8,1.4,186,-
3431,宮地エンジニアリンググループ,金属製品,7.0,★☆☆☆☆,0.0,0.0,1.0,0.0,6.0,0.0,0.0,0.0,見送り(地合い🔴),,0.0,11.9,1.5,1.8,1532,1581.0,0.5,1.2,120,-
5817,ＪＭＡＣＳ,非鉄金属,7.0,★☆☆☆☆,0.0,0.0,2.0,0.0,5.0,0.0,0.0,0.0,見送り(地合い🔴),,0.0,18.8,7.6,5.2,803,948.0,3.7,0.4,158,-
7994,オカムラ,その他製品,7.0,★☆☆☆☆,0.0,0.0,0.0,0.0,7.0,0.0,0.0,0.0,見送り(地合い🔴),,0.0,12.3,1.8,1.4,2240,2324.0,-0.9,1.0,764,-
1942,関電工,建設業,7.0,★☆☆☆☆,0.0,6.0,1.0,0.0,0.0,0.0,0.0,0.0,見送り(地合い🔴),,0.0,-12.8,5.2,-14.0,4769,5323.0,-12.5,1.4,7703,AIデータセンター・電力(-0.4%)
7965,象印マホービン,電気機器,7.0,★☆☆☆☆,0.0,0.0,1.0,0.0,6.0,0.0,0.0,0.0,見送り(地合い🔴),,0.0,11.8,1.9,1.7,1377,1431.0,0.1,1.3,288,-
7711,助川電気工業,精密機器,7.0,★☆☆☆☆,0.0,6.0,1.0,0.0,0.0,0.0,0.0,0.0,見送り(地合い🔴),,0.0,-6.3,6.4,-8.8,3731,4280.0,-5.1,0.8,336,核融合(-3.7%)
5242,アイズ,情報・通信業,7.0,★☆☆☆☆,0.0,0.0,5.3,0.0,6.7,0.0,0.0,-5.0,見送り(地合い🔴),,0.0,160.3,13.9,61.1,1646,2283.0,-15.7,0.1,149,買い出来高優勢 / 資金流入増 / MA上昇配列 / 過熱⚠25MA+61%
3196,ホットランドホールディングス,小売業,7.0,★☆☆☆☆,0.0,0.0,2.0,0.0,5.0,0.0,0.0,0.0,見送り(地合い🔴),,0.0,11.4,1.9,-0.0,1545,1606.0,-3.3,0.8,214,-
135A,ＶＲＡＩＮ　Ｓｏｌｕｔｉｏｎ,情報・通信業,6.9,★☆☆☆☆,6.9,0.0,0.0,0.0,0.0,0.0,0.0,0.0,見送り(地合い🔴),SK hynix,-2.3,-10.1,5.9,-7.0,3278,3715.0,-1.8,0.3,366,SK hynix+11.8%連動(β0.23)
4973,日本高純度化学,化学,6.8,★☆☆☆☆,5.8,0.0,1.0,0.0,0.0,0.0,0.0,0.0,見送り(地合い🔴),SK hynix,0.3,-12.0,6.6,-11.4,3799,4375.0,-2.0,1.0,734,SK hynix+11.8%連動(β0.16)
4972,綜研化学,化学,6.8,★☆☆☆☆,0.0,0.0,5.3,0.0,1.0,0.0,0.5,0.0,見送り(地合い🔴),,0.0,-2.3,6.8,-7.5,2729,3160.0,2.1,2.4,389,出来高増2.4倍 / 開示[買収](11日前)
2664,カワチ薬品,小売業,6.8,★☆☆☆☆,0.0,0.0,2.0,0.0,2.0,0.0,2.8,0.0,見送り(地合い🔴),,0.0,5.6,2.1,-3.0,3150,3290.0,-1.1,1.8,158,開示[自己株式取得](1日前)
6785,鈴木,電気機器,6.7,★☆☆☆☆,5.7,0.0,0.0,0.0,1.0,0.0,0.0,0.0,見送り(地合い🔴),SK hynix,-1.8,-0.6,4.3,-4.0,2742,3000.0,-0.5,0.7,245,SK hynix+11.8%連動(β0.19)
3837,アドソル日進,情報・通信業,6.7,★☆☆☆☆,0.0,0.0,0.0,0.0,6.7,0.0,0.0,0.0,見送り(地合い🔴),,0.0,10.4,2.9,1.1,1400,1485.0,0.2,0.8,134,MA上昇配列
3543,コメダホールディングス,卸売業,6.7,★☆☆☆☆,0.0,0.0,1.0,0.0,5.7,0.0,0.0,0.0,見送り(地合い🔴),,0.0,10.7,1.9,0.4,2751,2860.0,-0.9,1.3,699,-
3449,テクノフレックス,金属製品,6.7,★☆☆☆☆,6.7,0.0,0.0,0.0,0.0,0.0,0.0,0.0,見送り(地合い🔴),SK hynix,-4.8,-34.7,12.1,-26.0,3463,4570.0,-3.2,0.8,1422,SK hynix+11.8%連動(β0.23)
3064,ＭｏｎｏｔａＲＯ,小売業,6.7,★☆☆☆☆,0.0,0.0,0.0,0.0,6.7,0.0,0.0,0.0,見送り(地合い🔴),,0.0,10.6,3.4,1.3,1828,1961.5,-0.9,1.1,4661,MA上昇配列
9946,ミニストップ,小売業,6.7,★☆☆☆☆,0.0,0.0,1.0,0.0,5.7,0.0,0.0,0.0,見送り(地合い🔴),,0.0,8.6,1.4,0.4,1798,1850.0,0.5,0.6,124,-
2670,エービーシー・マート,小売業,6.7,★☆☆☆☆,0.0,0.0,2.0,0.0,4.7,0.0,0.0,0.0,見送り(地合い🔴),,0.0,5.4,2.4,-0.8,2583,2710.5,-0.1,0.5,2738,-
5019,出光興産,石油・石炭製品,6.7,★☆☆☆☆,0.0,0.0,2.0,0.0,4.7,0.0,0.0,0.0,見送り(地合い🔴),,0.0,12.9,2.4,0.2,1207,1267.0,-3.6,1.0,4428,-
4714,リソー教育グループ,サービス業,6.7,★☆☆☆☆,0.0,0.0,3.0,0.0,3.7,0.0,0.0,0.0,見送り(地合い🔴),,0.0,10.6,1.9,-0.2,193,201.0,-1.5,1.8,109,-
9823,マミーマートホールディングス,小売業,6.7,★☆☆☆☆,0.0,0.0,2.0,0.0,4.7,0.0,0.0,0.0,見送り(地合い🔴),,0.0,11.5,1.9,1.2,1020,1060.0,1.3,1.3,101,-
9418,Ｕ－ＮＥＸＴ　ＨＯＬＤＩＮＧＳ,情報・通信業,6.7,★☆☆☆☆,0.0,0.0,0.0,0.0,6.7,0.0,0.0,0.0,見送り(地合い🔴),,0.0,11.0,2.7,1.2,1628,1722.0,0.1,1.0,1077,MA上昇配列
6849,日本光電工業,電気機器,6.7,★☆☆☆☆,0.0,0.0,0.0,0.0,6.7,0.0,0.0,0.0,見送り(地合い🔴),,0.0,15.3,2.3,2.1,1491,1564.0,-2.2,1.0,1049,MA上昇配列
2742,ハローズ,小売業,6.7,★☆☆☆☆,0.0,0.0,2.0,0.0,4.7,0.0,0.0,0.0,見送り(地合い🔴),,0.0,9.7,2.7,0.0,3589,3790.0,-0.1,1.7,106,-
6088,シグマクシス・ホールディングス,サービス業,6.7,★☆☆☆☆,0.0,0.0,2.0,0.0,4.7,0.0,0.0,0.0,見送り(地合い🔴),,0.0,10.0,2.9,0.9,546,580.0,-1.7,1.5,225,-
4424,Ａｍａｚｉａ,情報・通信業,6.699999999999999,★☆☆☆☆,0.0,0.0,3.0,0.0,6.7,0.0,0.0,-3.0,見送り(地合い🔴),,0.0,46.8,18.6,15.3,236,376.0,-8.1,0.3,782,資金流入増 / MA上昇配列 / 伸びすぎ注意(25MA+15%)
7419,ノジマ,小売業,6.6000000000000005,★☆☆☆☆,0.0,0.0,0.0,0.0,2.2,0.0,4.4,0.0,見送り(地合い🔴),,0.0,8.7,4.1,-2.7,1213,1322.0,-8.4,1.1,1303,開示[自己株式の取得](1日前) / 開示[業績予想の修正](5日前)
5698,エンビプロ・ホールディングス,鉄鋼,6.6,★☆☆☆☆,0.0,0.0,2.0,0.0,2.7,0.0,1.9,0.0,見送り(地合い🔴),,0.0,6.1,4.9,-0.7,710,787.0,-1.4,1.5,142,開示[増配](5日前)
8803,平和不動産,不動産業,6.5,★☆☆☆☆,0.0,0.0,3.3,0.0,3.2,0.0,0.0,0.0,見送り(地合い🔴),,0.0,6.0,1.4,-2.4,2250,2314.0,-3.9,2.2,411,出来高増2.2倍
1762,高松コンストラクショングループ,建設業,6.5,★☆☆☆☆,0.0,0.0,0.0,0.0,6.5,0.0,0.0,0.0,見送り(地合い🔴),,0.0,10.8,2.4,1.1,3553,3730.0,-2.9,1.1,173,MA上昇配列
9009,京成電鉄,陸運業,6.5,★☆☆☆☆,0.0,0.0,1.0,0.0,5.5,0.0,0.0,0.0,見送り(地合い🔴),,0.0,15.2,2.8,1.8,1193,1265.5,-1.9,1.5,2425,MA上昇配列
1379,ホクト,水産・農林業,6.5,★☆☆☆☆,0.0,0.0,3.3,0.0,3.2,0.0,0.0,0.0,見送り(地合い🔴),,0.0,9.8,1.6,-0.4,1848,1910.0,-2.3,1.1,151,買い出来高優勢
3544,サツドラホールディングス,小売業,6.5,★☆☆☆☆,0.0,0.0,2.0,0.0,4.5,0.0,0.0,0.0,見送り(地合い🔴),,0.0,9.3,0.5,-0.3,1234,1246.0,-1.0,0.4,262,資金流入増
4272,日本化薬,化学,6.5,★☆☆☆☆,0.0,0.0,2.0,0.0,2.2,0.0,2.3,0.0,見送り(地合い🔴),,0.0,4.6,1.9,-1.3,1876,1951.5,-1.8,1.5,1181,開示[業績予想の修正](1日前)
8061,西華産業,卸売業,6.5,★☆☆☆☆,0.0,0.0,0.0,0.0,3.7,0.0,2.8,0.0,見送り(地合い🔴),,0.0,4.5,4.0,0.5,2468,2684.0,1.4,1.0,555,開示[自己株式の取得](1日前)
6928,エノモト,電気機器,6.5,★☆☆☆☆,6.5,0.0,0.0,0.0,0.0,0.0,0.0,0.0,見送り(地合い🔴),SK hynix,-1.4,-7.8,5.6,-10.0,2160,2433.0,-3.2,0.9,116,SK hynix+11.8%連動(β0.22)
8131,ミツウロコグループホールディングス,卸売業,6.5,★☆☆☆☆,0.0,0.0,0.0,0.0,6.5,0.0,0.0,0.0,見送り(地合い🔴),,0.0,15.2,2.6,3.3,2040,2152.0,3.6,0.9,106,MA上昇配列
3350,メタプラネット,卸売業,6.5,★☆☆☆☆,0.0,0.0,0.0,0.0,3.7,0.0,2.8,0.0,見送り(地合い🔴),,0.0,17.0,7.5,2.0,197,232.0,3.1,1.1,4959,開示[自己株式の取得](1日前)
3791,ＩＧポート,情報・通信業,6.5,★☆☆☆☆,0.0,0.0,2.0,0.0,1.5,0.0,3.0,0.0,見送り(地合い🔴),,0.0,-11.5,6.1,-7.4,972,1106.0,9.9,0.6,254,資金流入増 / 開示[自己株式の取得](0日前)
7713,シグマ光機,精密機器,6.4,★☆☆☆☆,5.2,0.0,0.0,0.0,1.2,0.0,0.0,0.0,見送り(地合い🔴),NASDAQ,-3.0,0.7,5.2,-2.5,1744,1945.0,0.2,1.0,101,NASDAQ+5.8%連動(β0.36)
6363,酉島製作所,機械,6.4,★☆☆☆☆,5.2,0.0,0.0,0.0,1.2,0.0,0.0,0.0,見送り(地合い🔴),SK hynix,-1.8,-1.3,3.7,-1.0,2623,2831.0,-0.4,1.2,499,SK hynix+11.8%連動(β0.18)
9020,東日本旅客鉄道,陸運業,6.3,★☆☆☆☆,0.0,0.0,5.3,0.0,1.0,0.0,0.0,0.0,見送り(地合い🔴),,0.0,7.5,3.4,-4.3,3188,3422.0,-8.9,2.2,12034,出来高増2.2倍
6145,ＮＩＴＴＯＫＵ,機械,6.3,★☆☆☆☆,6.3,0.0,0.0,0.0,0.0,0.0,0.0,0.0,見送り(地合い🔴),NASDAQ,-0.0,-4.4,4.5,-5.3,2361,2594.0,-3.0,0.8,308,NASDAQ+5.8%連動(β0.43)
2001,ニップン,食料品,6.2,★☆☆☆☆,0.0,0.0,3.0,0.0,3.2,0.0,0.0,0.0,見送り(地合い🔴),,0.0,10.5,2.1,-0.1,2700,2818.0,-1.8,1.5,749,-
4725,ＣＡＣ　Ｈｏｌｄｉｎｇｓ,情報・通信業,6.2,★☆☆☆☆,0.0,0.0,1.0,0.0,5.2,0.0,0.0,0.0,見送り(地合い🔴),,0.0,11.1,1.3,0.1,1772,1819.0,-1.6,0.8,115,MA上昇配列
2801,キッコーマン,食料品,6.2,★☆☆☆☆,0.0,0.0,1.0,0.0,2.2,0.0,3.0,0.0,見送り(地合い🔴),,0.0,7.9,3.4,-1.7,1511,1620.0,-1.0,1.0,5822,開示[自己株式の取得](0日前)
2810,ハウス食品グループ本社,食料品,6.2,★☆☆☆☆,0.0,0.0,0.0,0.0,3.2,0.0,3.0,0.0,見送り(地合い🔴),,0.0,7.8,2.1,-1.7,3655,3818.0,-4.3,1.1,969,開示[自己株式の取得](0日前)
4343,イオンファンタジー,サービス業,6.2,★☆☆☆☆,0.0,0.0,2.0,0.0,4.2,0.0,0.0,0.0,見送り(地合い🔴),,0.0,12.5,2.9,0.0,2507,2660.0,-3.1,1.5,194,MA上昇配列
1447,ＳＡＡＦホールディングス,建設業,6.2,★☆☆☆☆,0.0,0.0,3.0,0.0,0.0,0.0,3.2,0.0,見送り(地合い🔴),,0.0,19.3,8.3,-0.7,301,361.0,-2.2,0.2,291,資金流入増 / 開示[買収](1日前) / 開示[買収](11日前)
6814,古野電気,電気機器,6.2,★☆☆☆☆,0.0,0.0,2.0,0.0,4.2,0.0,0.0,0.0,見送り(地合い🔴),,0.0,24.4,5.7,4.5,6313,7120.0,-6.8,0.7,4134,資金流入増 / MA上昇配列
9044,ＮＡＮＫＡＩ,陸運業,6.2,★☆☆☆☆,0.0,0.0,4.0,0.0,2.2,0.0,0.0,0.0,見送り(地合い🔴),,0.0,10.7,3.0,-1.2,2742,2916.5,-4.8,1.6,843,-
7744,ノーリツ鋼機,精密機器,6.2,★☆☆☆☆,0.0,0.0,4.0,0.0,2.2,0.0,0.0,0.0,見送り(地合い🔴),,0.0,4.8,2.6,-0.8,1880,1981.0,-0.3,1.6,628,-
2157,コシダカホールディングス,サービス業,6.2,★☆☆☆☆,0.0,0.0,2.0,0.0,4.2,0.0,0.0,0.0,見送り(地合い🔴),,0.0,15.0,2.5,0.6,978,1029.0,-3.6,1.5,665,MA上昇配列
4575,キャンバス,医薬品,6.2,★☆☆☆☆,0.0,0.0,2.0,0.0,4.2,0.0,0.0,0.0,見送り(地合い🔴),,0.0,14.4,6.8,4.4,631,730.0,-5.1,0.5,230,資金流入増 / MA上昇配列
2270,雪印メグミルク,食料品,6.2,★☆☆☆☆,0.0,0.0,0.0,0.0,3.2,0.0,3.0,0.0,見送り(地合い🔴),,0.0,9.7,2.7,-1.2,3480,3680.0,-3.0,1.1,693,開示[自己株式の取得](0日前)
8802,三菱地所,不動産業,6.1,★☆☆☆☆,0.0,0.0,3.3,0.0,0.0,0.0,2.8,0.0,見送り(地合い🔴),,0.0,-3.6,3.2,-10.4,3463,3700.0,-9.7,2.6,13741,出来高増2.6倍 / 開示[自己株式の取得](1日前)
4547,キッセイ薬品工業,医薬品,6.1,★☆☆☆☆,0.0,0.0,4.3,0.0,0.0,0.0,1.8,0.0,見送り(地合い🔴),,0.0,2.7,2.9,-7.1,3628,3855.0,-10.3,2.0,316,出来高増2.0倍 / 開示[業績予想の修正](4日前)
1870,矢作建設工業,建設業,6.0,★☆☆☆☆,0.0,0.0,0.0,0.0,6.0,0.0,0.0,0.0,見送り(地合い🔴),,0.0,11.7,1.5,0.3,1829,1887.0,-2.8,1.2,250,-
262A,インターメスティック,小売業,6.0,★☆☆☆☆,0.0,0.0,1.0,0.0,5.0,0.0,0.0,0.0,見送り(地合い🔴),,0.0,3.6,2.8,3.9,1900,2013.0,8.5,1.3,473,-
6016,ジャパンエンジンコーポレーション,輸送用機器,6.0,★☆☆☆☆,0.0,0.0,0.0,0.0,6.0,0.0,0.0,0.0,見送り(地合い🔴),,0.0,22.1,6.7,9.0,8153,9410.0,-2.9,0.8,1288,-
141A,トライアルホールディングス,小売業,6.0,★☆☆☆☆,0.0,0.0,0.0,0.0,6.0,0.0,0.0,0.0,見送り(地合い🔴),,0.0,13.1,2.6,5.8,3046,3215.0,6.3,1.0,1563,-
1969,高砂熱学工業,建設業,6.0,★☆☆☆☆,0.0,6.0,0.0,0.0,0.0,0.0,0.0,0.0,見送り(地合い🔴),,0.0,-10.0,3.9,-10.5,3863,4192.0,-7.2,1.1,2459,AIデータセンター・電力(-0.4%)
9416,ビジョン,情報・通信業,6.0,★☆☆☆☆,0.0,0.0,0.0,0.0,6.0,0.0,0.0,0.0,見送り(地合い🔴),,0.0,11.2,1.9,2.0,989,1027.0,0.6,0.8,329,-
3656,ＫＬａｂ,情報・通信業,6.0,★☆☆☆☆,0.0,0.0,0.0,0.0,6.0,0.0,0.0,0.0,見送り(地合い🔴),,0.0,28.6,4.6,9.8,212,234.0,4.9,0.7,1296,-
1929,日特建設,建設業,6.0,★☆☆☆☆,0.0,0.0,0.0,0.0,6.0,0.0,0.0,0.0,見送り(地合い🔴),,0.0,11.3,1.9,1.1,1097,1140.0,-1.2,0.7,119,-
319A,技術承継機構,金属製品,6.0,★☆☆☆☆,0.0,0.0,0.0,0.0,6.0,0.0,0.0,0.0,見送り(地合い🔴),,0.0,11.2,7.9,4.9,15111,17940.0,7.7,1.0,695,MA上昇配列 / パーフェクトオーダー
3903,ｇｕｍｉ,情報・通信業,6.0,★☆☆☆☆,0.0,0.0,0.0,0.0,6.0,0.0,0.0,0.0,見送り(地合い🔴),,0.0,15.2,3.4,6.1,239,257.0,3.6,1.0,127,-
5032,ＡＮＹＣＯＬＯＲ,情報・通信業,6.0,★☆☆☆☆,0.0,0.0,0.0,0.0,6.0,0.0,0.0,0.0,見送り(地合い🔴),,0.0,15.7,3.7,5.7,2413,2606.0,-1.2,0.8,1456,-
9532,大阪瓦斯,電気・ガス業,6.0,★☆☆☆☆,0.0,0.0,0.0,0.0,6.0,0.0,0.0,0.0,見送り(地合い🔴),,0.0,9.7,2.3,-0.4,5169,5421.0,-2.6,1.1,5095,-
4507,塩野義製薬,医薬品,6.0,★☆☆☆☆,0.0,0.0,0.0,0.0,6.0,0.0,0.0,0.0,見送り(地合い🔴),,0.0,9.6,2.7,1.0,2740,2898.5,0.1,1.0,7383,-
5541,大平洋金属,鉄鋼,6.0,★☆☆☆☆,0.0,0.0,0.0,0.0,6.0,0.0,0.0,0.0,見送り(地合い🔴),,0.0,13.6,3.0,5.7,2283,2430.0,0.7,0.9,466,-
3964,オークネット,情報・通信業,6.0,★☆☆☆☆,0.0,0.0,2.0,0.0,1.0,0.0,3.0,0.0,見送り(地合い🔴),,0.0,7.5,2.7,-3.7,1266,1340.0,-4.9,1.9,217,開示[増配](0日前)
9766,コナミグループ,情報・通信業,6.0,★☆☆☆☆,0.0,0.0,0.0,0.0,6.0,0.0,0.0,0.0,見送り(地合い🔴),,0.0,20.8,4.7,8.1,18554,20490.0,5.2,0.9,12705,-
6706,電気興業,電気機器,6.0,★☆☆☆☆,0.0,0.0,0.0,0.0,6.0,0.0,0.0,0.0,見送り(地合い🔴),,0.0,9.6,2.9,1.7,2890,3065.0,1.5,0.8,107,-
2875,東洋水産,食料品,5.8,★☆☆☆☆,0.0,0.0,2.0,0.0,1.0,0.0,2.8,0.0,見送り(地合い🔴),,0.0,4.6,3.4,-5.5,9426,10110.0,-7.6,2.0,4724,開示[自己株式の取得](1日前)
9672,東京都競馬,サービス業,5.7,★☆☆☆☆,0.0,0.0,0.0,0.0,5.7,0.0,0.0,0.0,見送り(地合い🔴),,0.0,11.7,1.8,0.8,4748,4930.0,-1.8,0.9,490,-
4912,ライオン,化学,5.7,★☆☆☆☆,0.0,0.0,0.0,0.0,5.7,0.0,0.0,0.0,見送り(地合い🔴),,0.0,6.8,2.5,-0.6,1608,1692.5,0.2,0.9,1906,-
7971,東リ,化学,5.7,★☆☆☆☆,0.0,0.0,1.0,0.0,4.7,0.0,0.0,0.0,見送り(地合い🔴),,0.0,8.7,2.4,-0.1,627,659.0,0.0,1.2,101,-
3558,ジェイドグループ,小売業,5.7,★☆☆☆☆,0.0,0.0,2.0,0.0,3.7,0.0,0.0,0.0,見送り(地合い🔴),,0.0,10.3,3.3,0.3,1512,1620.0,-3.5,0.5,172,-
3636,三菱総合研究所,情報・通信業,5.7,★☆☆☆☆,0.0,0.0,1.0,0.0,4.7,0.0,0.0,0.0,見送り(地合い🔴),,0.0,11.3,2.8,-0.1,4405,4665.0,-3.8,1.4,294,-
6417,ＳＡＮＫＹＯ,機械,5.7,★☆☆☆☆,0.0,0.0,1.0,0.0,4.7,0.0,0.0,0.0,見送り(地合い🔴),,0.0,24.1,2.7,8.9,1751,1852.5,3.4,1.1,1679,-
417A,ブルーゾーンホールディングス,小売業,5.7,★☆☆☆☆,0.0,0.0,0.0,0.0,5.7,0.0,0.0,0.0,見送り(地合い🔴),,0.0,10.2,2.5,-0.2,1679,1767.5,-0.3,1.2,479,-
2749,ＪＰホールディングス,サービス業,5.7,★☆☆☆☆,0.0,0.0,1.0,0.0,4.7,0.0,0.0,0.0,見送り(地合い🔴),,0.0,10.9,1.7,0.5,599,621.0,-2.4,1.4,145,-
3349,コスモス薬品,小売業,5.7,★☆☆☆☆,0.0,0.0,2.0,0.0,3.7,0.0,0.0,0.0,見送り(地合い🔴),,0.0,7.9,4.4,-0.8,5814,6377.0,-0.1,0.9,3214,-
4595,ミズホメディー,医薬品,5.7,★☆☆☆☆,0.0,0.0,1.0,0.0,4.7,0.0,0.0,0.0,見送り(地合い🔴),,0.0,7.5,1.1,-0.6,1619,1655.0,-1.0,1.5,115,-
4559,ゼリア新薬工業,医薬品,5.7,★☆☆☆☆,0.0,0.0,1.0,0.0,4.7,0.0,0.0,0.0,見送り(地合い🔴),,0.0,9.6,2.1,-0.4,1981,2069.0,-1.7,1.2,188,-
4658,日本空調サービス,サービス業,5.7,★☆☆☆☆,0.0,0.0,4.7,0.0,1.0,0.0,0.0,0.0,見送り(地合い🔴),,0.0,0.2,2.8,-7.7,1402,1484.0,-8.9,5.4,152,出来高急増5.4倍
7172,ジャパンインベストメントアドバイザー,証券、商品先物取引業,5.7,★☆☆☆☆,0.0,0.0,4.7,0.0,1.0,0.0,0.0,0.0,見送り(地合い🔴),,0.0,4.7,3.0,-4.6,1873,1991.0,-6.3,3.4,785,出来高急増3.4倍
8818,京阪神ビルディング,不動産業,5.6,★☆☆☆☆,0.0,0.0,2.0,0.0,2.0,0.0,1.6,0.0,見送り(地合い🔴),,0.0,6.6,2.9,-0.7,1042,1106.0,-1.7,1.4,435,開示[業績予想の修正](5日前)
2784,アルフレッサ　ホールディングス,卸売業,5.5,★☆☆☆☆,0.0,0.0,2.0,0.0,3.5,0.0,0.0,0.0,見送り(地合い🔴),,0.0,13.0,2.3,-0.1,2170,2273.5,-5.6,1.2,1147,-
2384,ＳＢＳホールディングス,陸運業,5.5,★☆☆☆☆,0.0,0.0,2.0,0.0,3.5,0.0,0.0,0.0,見送り(地合い🔴),,0.0,9.1,3.6,-1.2,4025,4335.0,-4.5,0.7,436,-
2220,亀田製菓,食料品,5.5,★☆☆☆☆,0.0,0.0,2.0,0.0,3.5,0.0,0.0,0.0,見送り(地合い🔴),,0.0,10.6,2.5,-0.4,1186,1248.0,0.5,1.6,246,-
4475,ＨＥＮＮＧＥ,情報・通信業,5.5,★☆☆☆☆,0.0,0.0,0.0,0.0,5.5,0.0,0.0,0.0,見送り(地合い🔴),,0.0,11.5,4.3,1.8,1173,1284.0,-3.5,0.8,465,MA上昇配列
4088,エア・ウォーター,化学,5.5,★☆☆☆☆,0.0,0.0,3.3,0.0,2.2,0.0,0.0,0.0,見送り(地合い🔴),,0.0,-0.2,2.9,-3.5,2386,2534.0,-4.4,2.5,2216,出来高増2.5倍
325A,ＴＥＮＴＩＡＬ,繊維製品,5.5,★☆☆☆☆,0.0,0.0,3.0,0.0,2.5,0.0,0.0,0.0,見送り(地合い🔴),,0.0,18.6,7.6,-1.9,1259,1485.0,-11.2,0.6,801,資金流入増
3222,ユナイテッド・スーパーマーケット・ホールディングス,小売業,5.5,★☆☆☆☆,0.0,0.0,3.0,0.0,2.5,0.0,0.0,0.0,見送り(地合い🔴),,0.0,9.0,2.2,-1.7,769,804.0,-2.3,1.8,346,-
9936,王将フードサービス,小売業,5.5,★☆☆☆☆,0.0,0.0,4.3,0.0,1.2,0.0,0.0,0.0,見送り(地合い🔴),,0.0,9.7,2.3,-0.8,2789,2923.0,-2.7,2.3,644,出来高増2.3倍
2533,オエノンホールディングス,食料品,5.300000000000001,★☆☆☆☆,0.0,0.0,2.0,0.0,1.2,0.0,2.1,0.0,見送り(地合い🔴),,0.0,8.2,2.9,-0.7,466,495.0,-0.2,0.7,115,開示[自己株式の取得](4日前)
7138,ＴＯＲＩＣＯ,小売業,5.3,★☆☆☆☆,0.0,0.0,5.3,0.0,0.0,0.0,0.0,0.0,見送り(地合い🔴),,0.0,4.8,12.4,-6.2,95,126.0,-8.7,0.1,243,買い出来高優勢 / 資金流入増
6140,旭ダイヤモンド工業,機械,5.3,★☆☆☆☆,5.3,0.0,0.0,0.0,0.0,0.0,0.0,0.0,見送り(地合い🔴),SK hynix,-0.8,-3.0,4.5,-5.2,1004,1104.0,-3.3,0.8,638,SK hynix+11.8%連動(β0.18)
1951,エクシオグループ,建設業,5.3,★☆☆☆☆,0.0,0.0,0.0,0.0,2.5,0.0,2.8,0.0,見送り(地合い🔴),,0.0,3.4,2.4,-4.0,2431,2555.0,-5.5,1.0,1582,開示[自己株式の取得](1日前)
9021,西日本旅客鉄道,陸運業,5.2,★☆☆☆☆,0.0,0.0,0.0,0.0,5.2,0.0,0.0,0.0,見送り(地合い🔴),,0.0,14.2,2.9,0.7,2784,2954.0,-3.9,1.0,9489,MA上昇配列
8032,日本紙パルプ商事,卸売業,5.2,★☆☆☆☆,0.0,0.0,1.0,0.0,4.2,0.0,0.0,0.0,見送り(地合い🔴),,0.0,9.5,2.3,0.7,1067,1118.0,-0.8,1.4,204,-
7906,ヨネックス,その他製品,5.2,★☆☆☆☆,0.0,0.0,3.0,0.0,2.2,0.0,0.0,0.0,見送り(地合い🔴),,0.0,16.6,3.6,0.4,2334,2517.0,-3.7,1.2,1249,-
6637,寺崎電気産業,電気機器,5.2,★☆☆☆☆,0.0,0.0,1.0,0.0,4.2,0.0,0.0,0.0,見送り(地合い🔴),,0.0,15.5,5.1,3.8,3524,3920.0,-5.9,0.5,222,MA上昇配列
5121,藤倉コンポジット,ゴム製品,5.2,★☆☆☆☆,0.0,0.0,2.0,0.0,3.2,0.0,0.0,0.0,見送り(地合い🔴),,0.0,6.3,2.5,-0.1,2398,2525.0,1.5,1.8,194,-
2602,日清オイリオグループ,食料品,5.2,★☆☆☆☆,0.0,0.0,2.0,0.0,3.2,0.0,0.0,0.0,見送り(地合い🔴),,0.0,9.2,2.3,-2.1,1784,1870.0,-5.8,1.4,512,-
9039,サカイ引越センター,陸運業,5.2,★☆☆☆☆,0.0,0.0,2.0,0.0,3.2,0.0,0.0,0.0,見送り(地合い🔴),,0.0,8.8,1.9,-1.2,2811,2919.0,-3.0,1.1,190,-
3002,グンゼ,繊維製品,5.2,★☆☆☆☆,0.0,0.0,0.0,0.0,5.2,0.0,0.0,0.0,見送り(地合い🔴),,0.0,8.3,1.5,0.1,3871,3990.0,-1.8,1.1,676,MA上昇配列
2327,日鉄ソリューションズ,情報・通信業,5.2,★☆☆☆☆,0.0,0.0,3.0,0.0,2.2,0.0,0.0,0.0,見送り(地合い🔴),,0.0,12.3,3.2,-0.4,3489,3726.0,-4.6,1.4,1075,-
7211,三菱自動車工業,輸送用機器,5.2,★☆☆☆☆,0.0,0.0,1.0,0.0,4.2,0.0,0.0,0.0,見送り(地合い🔴),,0.0,15.9,5.1,0.5,321,358.1000061035156,-1.9,0.8,5994,MA上昇配列
9716,乃村工藝社,サービス業,5.2,★☆☆☆☆,0.0,0.0,1.0,0.0,4.2,0.0,0.0,0.0,見送り(地合い🔴),,0.0,15.2,2.1,0.9,1116,1164.0,-4.0,1.0,476,MA上昇配列
2269,明治ホールディングス,食料品,5.2,★☆☆☆☆,0.0,0.0,2.0,0.0,3.2,0.0,0.0,0.0,見送り(地合い🔴),,0.0,6.0,2.4,-2.2,3541,3721.0,-1.9,1.5,3892,-
8570,イオンフィナンシャルサービス,その他金融業,5.2,★☆☆☆☆,0.0,0.0,0.0,0.0,5.2,0.0,0.0,0.0,見送り(地合い🔴),,0.0,11.0,2.2,0.5,1476,1544.0,-2.3,1.2,813,MA上昇配列
3092,ＺＯＺＯ,小売業,5.2,★☆☆☆☆,0.0,0.0,1.0,0.0,1.2,0.0,3.0,0.0,見送り(地合い🔴),,0.0,7.7,3.4,-2.1,1062,1139.5,-2.2,1.1,4885,開示[自己株式の取得](0日前)
5232,住友大阪セメント,ガラス・土石製品,5.2,★☆☆☆☆,0.0,0.0,1.0,0.0,2.2,0.0,2.0,0.0,見送り(地合い🔴),,0.0,-0.5,4.3,-4.6,4938,5402.0,-5.3,1.3,1437,開示[株式分割](0日前)
6013,タクマ,機械,5.2,★☆☆☆☆,0.0,0.0,0.0,0.0,2.2,0.0,3.0,0.0,見送り(地合い🔴),,0.0,0.4,2.6,-3.4,3191,3365.0,-3.2,0.9,692,開示[自己株式の取得](0日前)
5423,東京製鐵,鉄鋼,5.0,★☆☆☆☆,0.0,0.0,0.0,0.0,2.2,0.0,2.8,0.0,見送り(地合い🔴),,0.0,5.4,3.5,-2.3,1575,1695.0,-2.7,1.2,735,開示[自己株式の取得](1日前)
5463,丸一鋼管,鉄鋼,5.0,★☆☆☆☆,0.0,0.0,0.0,0.0,2.2,0.0,2.8,0.0,見送り(地合い🔴),,0.0,-0.5,2.4,-3.8,1674,1760.0,-3.8,0.7,1144,開示[自己株式の取得](1日前)
4588,オンコリスバイオファーマ,医薬品,5.0,★☆☆☆☆,0.0,0.0,0.0,0.0,5.0,0.0,0.0,0.0,見送り(地合い🔴),,0.0,8.2,6.0,2.9,2351,2670.0,3.8,0.8,1267,-
7199,プレミアグループ,その他金融業,5.0,★☆☆☆☆,0.0,0.0,1.0,0.0,1.2,0.0,2.8,0.0,見送り(地合い🔴),,0.0,4.0,2.3,-2.2,1945,2041.0,-0.9,1.3,364,開示[自己株式の取得](1日前)
3443,川田テクノロジーズ,金属製品,5.0,★☆☆☆☆,0.0,0.0,1.0,0.0,1.2,0.0,2.8,0.0,見送り(地合い🔴),,0.0,5.0,2.7,-1.4,1223,1294.0,-1.4,1.3,320,開示[自己株式の取得](1日前)
8715,アニコム　ホールディングス,保険業,5.0,★☆☆☆☆,0.0,0.0,2.0,0.0,1.5,0.0,1.5,0.0,見送り(地合い🔴),,0.0,4.4,2.8,-1.7,1132,1200.0,-0.6,1.6,339,開示[自己株式の取得](7日前)
9364,上組,倉庫・運輸関連業,5.0,★☆☆☆☆,0.0,0.0,0.0,0.0,2.2,0.0,2.8,0.0,見送り(地合い🔴),,0.0,6.4,1.8,-1.4,4927,5116.0,-2.3,1.1,1890,開示[自己株式の取得](1日前)
6351,鶴見製作所,機械,5.0,★☆☆☆☆,0.0,0.0,0.0,0.0,2.2,0.0,2.8,0.0,見送り(地合い🔴),,0.0,-0.5,3.4,-3.2,2060,2209.0,-0.9,1.1,137,開示[自己株式の取得](1日前)
6946,日本アビオニクス,電気機器,5.0,★☆☆☆☆,0.0,0.0,0.0,0.0,5.0,0.0,0.0,0.0,見送り(地合い🔴),,0.0,7.1,6.5,5.8,4659,5350.0,1.1,0.8,1268,-
8252,丸井グループ,小売業,5.0,★☆☆☆☆,0.0,0.0,1.0,0.0,1.0,0.0,3.0,0.0,見送り(地合い🔴),,0.0,7.1,2.4,-2.3,2750,2887.0,-3.5,1.3,2713,開示[自己株式の取得](0日前)
3046,ジンズホールディングス,小売業,5.0,★☆☆☆☆,0.0,0.0,1.0,0.0,4.0,0.0,0.0,0.0,見送り(地合い🔴),,0.0,-11.5,5.0,-8.3,5890,6540.0,-1.9,0.8,2909,-
9551,メタウォーター,電気・ガス業,5.0,★☆☆☆☆,4.0,0.0,1.0,0.0,0.0,0.0,0.0,0.0,見送り(地合い🔴),SK hynix,-0.4,2.6,3.4,-2.7,2915,3125.0,-3.1,1.3,465,SK hynix+11.8%連動(β0.13)
5892,ｙｕｔｏｒｉ,小売業,5.0,★☆☆☆☆,0.0,0.0,0.0,0.0,5.0,0.0,0.0,0.0,見送り(地合い🔴),,0.0,9.2,3.3,4.2,2003,2147.0,5.1,0.6,101,-
5707,東邦亜鉛,非鉄金属,5.0,★☆☆☆☆,0.0,0.0,0.0,0.0,5.0,0.0,0.0,0.0,見送り(地合い🔴),,0.0,9.5,5.9,5.5,764,866.0,0.9,0.8,307,-
9401,ＴＢＳホールディングス,情報・通信業,4.8,★☆☆☆☆,0.0,0.0,1.0,0.0,1.0,0.0,2.8,0.0,見送り(地合い🔴),,0.0,1.6,2.3,-5.7,5662,5934.0,-6.0,1.3,1962,開示[自己株式の取得](1日前)
9708,帝国ホテル,サービス業,4.8,★☆☆☆☆,0.0,0.0,3.3,0.0,1.5,0.0,0.0,0.0,見送り(地合い🔴),,0.0,5.4,1.6,-2.6,943,974.0,-2.4,2.9,157,出来高増2.9倍
3663,セルシス,情報・通信業,4.8,★☆☆☆☆,0.0,0.0,2.0,0.0,1.0,0.0,1.8,0.0,見送り(地合い🔴),,0.0,-0.4,5.2,-9.2,1544,1722.0,-7.1,1.4,651,開示[業績予想の修正](4日前)
7157,ライフネット生命保険,保険業,4.7,★☆☆☆☆,0.0,0.0,0.0,0.0,4.7,0.0,0.0,0.0,見送り(地合い🔴),,0.0,11.1,3.3,1.3,1569,1681.0,3.1,1.2,291,-
247A,Ａｉロボティクス,化学,4.7,★☆☆☆☆,0.0,0.0,0.0,0.0,4.7,0.0,0.0,0.0,見送り(地合い🔴),,0.0,5.1,4.0,1.8,755,821.0,0.9,0.7,637,-
219A,Ｈｅａｒｔｓｅｅｄ,医薬品,4.7,★☆☆☆☆,0.0,0.0,0.0,0.0,4.7,0.0,0.0,0.0,見送り(地合い🔴),,0.0,10.4,5.1,2.4,1500,1670.0,-2.7,0.5,328,-
2130,メンバーズ,サービス業,4.7,★☆☆☆☆,0.0,0.0,4.7,0.0,0.0,0.0,0.0,0.0,見送り(地合い🔴),,0.0,-8.4,4.7,-18.6,791,873.0,-20.1,4.0,109,出来高急増4.0倍
6877,ＯＢＡＲＡ　ＧＲＯＵＰ,電気機器,4.7,★☆☆☆☆,3.7,0.0,0.0,0.0,1.0,0.0,0.0,0.0,見送り(地合い🔴),SK hynix,-3.7,3.1,4.1,-2.0,5341,5820.0,-0.7,0.8,303,SK hynix+11.8%連動(β0.13)
8303,ＳＢＩ新生銀行,銀行業,4.7,★☆☆☆☆,0.0,0.0,1.0,0.0,3.7,0.0,0.0,0.0,見送り(地合い🔴),,0.0,9.0,2.9,0.8,1368,1453.0,-0.5,1.4,5317,-
2379,ディップ,サービス業,4.7,★☆☆☆☆,0.0,0.0,1.0,0.0,3.7,0.0,0.0,0.0,見送り(地合い🔴),,0.0,8.4,2.0,-0.2,1755,1830.0,-0.2,1.0,671,-
9424,日本通信,情報・通信業,4.7,★☆☆☆☆,0.0,0.0,0.0,0.0,4.7,0.0,0.0,0.0,見送り(地合い🔴),,0.0,15.0,3.0,3.2,109,116.0,1.8,1.1,153,-
9041,近鉄グループホールディングス,陸運業,4.7,★☆☆☆☆,0.0,0.0,1.0,0.0,3.7,0.0,0.0,0.0,見送り(地合い🔴),,0.0,9.1,2.3,-0.8,3283,3441.0,-2.5,1.3,1809,-
1934,ユアテック,建設業,4.7,★☆☆☆☆,0.0,0.0,2.0,0.0,2.7,0.0,0.0,0.0,見送り(地合い🔴),,0.0,3.5,3.1,-2.7,2180,2327.0,-2.4,1.6,354,-
6269,三井海洋開発,機械,4.7,★☆☆☆☆,0.0,0.0,0.0,0.0,4.7,0.0,0.0,0.0,見送り(地合い🔴),,0.0,15.9,4.2,1.5,9196,10035.0,-3.5,0.6,5480,-
8129,東邦ホールディングス,卸売業,4.7,★☆☆☆☆,0.0,0.0,1.0,0.0,3.7,0.0,0.0,0.0,見送り(地合い🔴),,0.0,11.2,3.1,-0.8,3740,3984.0,-5.6,0.9,696,-
280A,ＴＭＨ,卸売業,4.7,★☆☆☆☆,4.7,0.0,0.0,0.0,0.0,0.0,0.0,0.0,見送り(地合い🔴),SK hynix,-6.8,-44.5,12.9,-35.4,703,948.0,-0.1,0.5,102,SK hynix+11.8%連動(β0.16)
2733,あらた,卸売業,4.7,★☆☆☆☆,0.0,0.0,0.0,0.0,4.7,0.0,0.0,0.0,見送り(地合い🔴),,0.0,10.9,1.9,0.1,2470,2570.0,-1.9,1.1,233,-
3480,ジェイ・エス・ビー,不動産業,4.7,★☆☆☆☆,0.0,0.0,0.0,0.0,4.7,0.0,0.0,0.0,見送り(地合い🔴),,0.0,8.7,1.0,-0.1,8801,8990.0,0.1,0.5,528,52週高値目前
1925,大和ハウス工業,建設業,4.7,★☆☆☆☆,0.0,0.0,0.0,0.0,4.7,0.0,0.0,0.0,見送り(地合い🔴),,0.0,10.4,2.2,-0.1,4381,4584.0,-3.3,1.0,9691,-
5262,日本ヒューム,ガラス・土石製品,4.6,★☆☆☆☆,0.0,0.0,0.0,0.0,2.7,0.0,1.9,0.0,見送り(地合い🔴),,0.0,6.0,2.6,-0.0,986,1040.0,-3.2,1.1,196,開示[子会社化](1日前)
5592,くすりの窓口,情報・通信業,4.6,★☆☆☆☆,0.0,0.0,0.0,0.0,1.5,0.0,3.1,0.0,見送り(地合い🔴),,0.0,6.8,3.0,-1.7,2169,2308.0,-0.8,0.7,159,開示[自己株式取得](1日前) / 開示[子会社化](12日前)
2491,バリューコマース,サービス業,4.5,★☆☆☆☆,0.0,0.0,2.0,0.0,2.5,0.0,0.0,0.0,見送り(地合い🔴),,0.0,9.7,3.1,-1.4,425,453.0,-3.8,1.4,102,-
9956,バローホールディングス,小売業,4.5,★☆☆☆☆,0.0,0.0,2.0,0.0,2.5,0.0,0.0,0.0,見送り(地合い🔴),,0.0,2.9,3.2,-4.2,3014,3220.0,-0.5,0.3,2488,資金流入増
1803,清水建設,建設業,4.5,★☆☆☆☆,0.0,0.0,1.0,0.0,0.0,0.0,3.5,0.0,見送り(地合い🔴),,0.0,-1.5,4.6,-6.2,2121,2337.0,-7.4,1.3,8966,開示[業績予想の修正](5日前) / 開示[自己株式取得](5日前)
4417,グローバルセキュリティエキスパート,情報・通信業,4.5,★☆☆☆☆,0.0,0.0,1.0,0.0,3.5,0.0,0.0,0.0,見送り(地合い🔴),,0.0,8.3,6.2,-0.0,3681,4200.0,-5.6,1.5,277,-
9517,イーレックス,電気・ガス業,4.5,★☆☆☆☆,0.0,0.0,1.0,0.0,3.5,0.0,0.0,0.0,見送り(地合い🔴),,0.0,17.9,4.1,1.4,766,834.0,-5.5,0.9,236,-
9504,中国電力,電気・ガス業,4.5,★☆☆☆☆,0.0,0.0,3.3,0.0,1.2,0.0,0.0,0.0,見送り(地合い🔴),,0.0,7.6,2.2,-2.3,868,906.9000244140625,-4.6,2.4,1550,出来高増2.4倍
3150,グリムス,電気・ガス業,4.5,★☆☆☆☆,0.0,0.0,0.0,0.0,4.5,0.0,0.0,0.0,見送り(地合い🔴),,0.0,11.9,2.2,0.1,2435,2544.0,-3.9,0.8,128,-
9024,西武ホールディングス,陸運業,4.5,★☆☆☆☆,0.0,0.0,3.3,0.0,1.2,0.0,0.0,0.0,見送り(地合い🔴),,0.0,11.1,4.2,-0.8,3193,3486.0,-4.9,2.2,6846,出来高増2.2倍
9142,九州旅客鉄道,陸運業,4.3,★☆☆☆☆,0.0,0.0,3.3,0.0,1.0,0.0,0.0,0.0,見送り(地合い🔴),,0.0,6.7,2.4,-4.1,3297,3460.0,-7.2,2.2,2570,出来高増2.2倍
8871,ゴールドクレスト,不動産業,4.3,★☆☆☆☆,0.0,0.0,3.3,0.0,1.0,0.0,0.0,0.0,見送り(地合い🔴),,0.0,7.8,2.2,-2.3,3114,3255.0,-3.6,2.1,161,出来高増2.1倍
8157,都築電気,情報・通信業,4.3,★☆☆☆☆,0.0,0.0,3.3,0.0,1.0,0.0,0.0,0.0,見送り(地合い🔴),,0.0,5.0,3.8,-4.5,3527,3815.0,-7.9,2.2,191,出来高増2.2倍
9005,東急,陸運業,4.2,★☆☆☆☆,0.0,0.0,2.0,0.0,2.2,0.0,0.0,0.0,見送り(地合い🔴),,0.0,10.9,2.3,-1.5,1628,1708.5,-4.7,1.7,4128,-
197A,タウンズ,医薬品,4.2,★☆☆☆☆,0.0,0.0,3.0,0.0,1.2,0.0,0.0,0.0,見送り(地合い🔴),,0.0,9.0,1.7,-1.1,452,467.0,-2.1,1.6,154,-
9048,名古屋鉄道,陸運業,4.2,★☆☆☆☆,0.0,0.0,3.0,0.0,1.2,0.0,0.0,0.0,見送り(地合い🔴),,0.0,9.5,2.3,-1.9,1773,1857.0,-4.8,1.5,1658,-
2791,大黒天物産,小売業,4.2,★☆☆☆☆,0.0,0.0,0.0,0.0,4.2,0.0,0.0,0.0,見送り(地合い🔴),,0.0,12.5,3.8,0.2,4148,4490.0,-0.3,1.0,294,MA上昇配列
8923,トーセイ,不動産業,4.2,★☆☆☆☆,0.0,0.0,1.0,0.0,3.2,0.0,0.0,0.0,見送り(地合い🔴),,0.0,11.3,3.1,-0.4,1652,1760.0,-1.7,0.8,585,-
4044,セントラル硝子,化学,4.2,★☆☆☆☆,0.0,0.0,1.0,0.0,3.2,0.0,0.0,0.0,見送り(地合い🔴),,0.0,2.0,2.8,-2.3,3889,4120.0,-1.8,1.4,316,-
3863,日本製紙,パルプ・紙,4.2,★☆☆☆☆,0.0,0.0,2.0,0.0,2.2,0.0,0.0,0.0,見送り(地合い🔴),,0.0,11.3,4.5,-3.8,1225,1345.0,-10.5,1.9,1286,-
2002,日清製粉グループ本社,食料品,4.2,★☆☆☆☆,0.0,0.0,1.0,0.0,3.2,0.0,0.0,0.0,見送り(地合い🔴),,0.0,7.8,2.6,-2.6,1878,1981.5,-4.5,1.4,1560,-
8273,イズミ,小売業,4.2,★☆☆☆☆,0.0,0.0,0.0,0.0,4.2,0.0,0.0,0.0,見送り(地合い🔴),,0.0,12.2,2.4,0.3,948,996.0,-2.2,1.0,463,MA上昇配列
8111,ゴールドウイン,繊維製品,4.2,★☆☆☆☆,0.0,0.0,0.0,0.0,4.2,0.0,0.0,0.0,見送り(地合い🔴),,0.0,10.5,2.2,0.0,2182,2281.0,-3.1,0.8,928,MA上昇配列
3612,ワールド,繊維製品,4.2,★☆☆☆☆,0.0,0.0,1.0,0.0,3.2,0.0,0.0,0.0,見送り(地合い🔴),,0.0,8.5,1.7,-1.0,1542,1597.0,-1.2,1.3,436,-
1941,中電工,建設業,4.2,★☆☆☆☆,0.0,0.0,2.0,0.0,2.2,0.0,0.0,0.0,見送り(地合い🔴),,0.0,0.9,2.9,-4.0,4691,4975.0,-3.8,1.9,401,-
5992,中央発條,金属製品,4.2,★☆☆☆☆,0.0,0.0,2.0,0.0,2.2,0.0,0.0,0.0,見送り(地合い🔴),,0.0,4.7,3.7,-1.1,3435,3710.0,-1.3,0.6,274,資金流入増
3148,クリエイトＳＤホールディングス,小売業,4.2,★☆☆☆☆,0.0,0.0,1.0,0.0,3.2,0.0,0.0,0.0,見送り(地合い🔴),,0.0,10.9,2.5,-0.2,3163,3330.0,-1.0,0.9,438,-
6809,ＴＯＡ,電気機器,4.2,★☆☆☆☆,0.0,0.0,2.0,0.0,2.2,0.0,0.0,0.0,見送り(地合い🔴),,0.0,8.7,1.8,-0.3,1545,1602.0,-2.3,1.9,130,-
2594,キーコーヒー,食料品,4.2,★☆☆☆☆,0.0,0.0,2.0,0.0,2.2,0.0,0.0,0.0,見送り(地合い🔴),,0.0,8.4,1.0,-0.7,1936,1974.0,-1.0,1.6,135,-
3284,フージャースホールディングス,不動産業,4.2,★☆☆☆☆,0.0,0.0,2.0,0.0,2.2,0.0,0.0,0.0,見送り(地合い🔴),,0.0,10.6,1.5,-0.8,1181,1218.0,-2.6,1.8,198,-
4452,花王,化学,4.2,★☆☆☆☆,0.0,0.0,1.0,0.0,3.2,0.0,0.0,0.0,見送り(地合い🔴),,0.0,6.1,2.4,-2.1,3056,3208.0,-2.3,1.3,10035,-
2288,丸大食品,食料品,4.2,★☆☆☆☆,0.0,0.0,1.0,0.0,3.2,0.0,0.0,0.0,見送り(地合い🔴),,0.0,8.5,1.9,-1.1,2171,2258.0,-2.6,1.5,163,-
2212,山崎製パン,食料品,4.2,★☆☆☆☆,0.0,0.0,2.0,0.0,2.2,0.0,0.0,0.0,見送り(地合い🔴),,0.0,11.2,3.5,-0.7,3076,3307.0,-2.4,2.0,2138,-
8614,東洋証券,証券、商品先物取引業,4.2,★☆☆☆☆,0.0,0.0,2.0,0.0,2.2,0.0,0.0,0.0,見送り(地合い🔴),,0.0,10.8,3.0,-0.1,612,651.0,-4.5,1.3,475,-
4418,ＪＤＳＣ,情報・通信業,4.2,★☆☆☆☆,0.0,0.0,3.0,0.0,1.2,0.0,0.0,0.0,見送り(地合い🔴),,0.0,11.5,8.4,-0.7,652,784.0,-6.3,0.4,315,資金流入増
4894,クオリプス,医薬品,4.2,★☆☆☆☆,0.0,0.0,0.0,0.0,2.2,0.0,2.0,0.0,見送り(地合い🔴),,0.0,6.0,7.3,1.0,3874,4535.0,5.0,0.6,683,開示[上方修正](7日前)
4665,ダスキン,サービス業,4.2,★☆☆☆☆,0.0,0.0,1.0,0.0,3.2,0.0,0.0,0.0,見送り(地合い🔴),,0.0,8.4,2.2,-2.1,4191,4380.0,-3.4,1.2,420,-
2292,Ｓ　Ｆｏｏｄｓ,食料品,4.2,★☆☆☆☆,0.0,0.0,1.0,0.0,3.2,0.0,0.0,0.0,見送り(地合い🔴),,0.0,11.3,2.1,0.3,2631,2745.0,-3.2,1.1,511,-
4825,ウェザーニューズ,情報・通信業,4.1000000000000005,★☆☆☆☆,0.0,0.0,0.0,0.0,3.7,0.0,0.4,0.0,見送り(地合い🔴),,0.0,3.8,2.0,-1.3,1891,1971.0,1.5,0.6,459,開示[買収](12日前)
6522,アスタリスク,電気機器,4.0,★☆☆☆☆,0.0,0.0,4.0,0.0,0.0,0.0,0.0,0.0,見送り(地合い🔴),,0.0,-14.5,14.7,-10.5,1060,1500.0,-7.8,0.2,4060,資金流入増
7130,ヤマエグループホールディングス,卸売業,4.0,★☆☆☆☆,0.0,0.0,4.0,0.0,0.0,0.0,0.0,0.0,見送り(地合い🔴),,0.0,4.1,2.4,-4.0,2706,2840.0,-1.8,1.9,196,-
8117,中央自動車工業,卸売業,4.0,★☆☆☆☆,0.0,0.0,2.0,0.0,2.0,0.0,0.0,0.0,見送り(地合い🔴),,0.0,8.4,2.8,-1.3,1947,2062.0,-2.6,1.6,163,-
6047,Ｇｕｎｏｓｙ,サービス業,4.0,★☆☆☆☆,0.0,0.0,1.0,0.0,0.0,0.0,3.0,0.0,見送り(地合い🔴),,0.0,-9.7,5.2,-9.9,332,371.0,2.5,0.5,110,開示[自己株式の取得](0日前)
6369,トーヨーカネツ,機械,4.0,★☆☆☆☆,0.0,0.0,0.0,0.0,1.2,0.0,2.8,0.0,見送り(地合い🔴),,0.0,4.7,1.9,-1.2,2327,2419.0,-1.5,1.0,221,開示[自己株式の取得](1日前)
3401,帝人,繊維製品,4.0,★☆☆☆☆,0.0,0.0,2.0,0.0,2.0,0.0,0.0,0.0,見送り(地合い🔴),,0.0,2.7,2.7,-3.9,1530,1618.0,-6.7,1.6,1256,-
4046,大阪ソーダ,化学,4.0,★☆☆☆☆,0.0,0.0,0.0,0.0,1.2,0.0,2.8,0.0,見送り(地合い🔴),,0.0,3.0,3.5,-1.9,1649,1774.0,-5.0,0.8,641,開示[自己株式の取得](1日前)
3662,エイチームホールディングス,情報・通信業,4.0,★☆☆☆☆,0.0,0.0,4.0,0.0,0.0,0.0,0.0,0.0,見送り(地合い🔴),,0.0,-1.9,1.8,-9.5,867,900.0,-8.7,1.8,165,資金流入増
254A,ＡＩフュージョンキャピタルグループ,証券、商品先物取引業,4.0,★☆☆☆☆,0.0,0.0,4.0,0.0,0.0,0.0,0.0,0.0,見送り(地合い🔴),,0.0,23.6,4.5,-1.5,1059,1164.0,-8.8,0.5,135,資金流入増
1417,ミライト・ワン,建設業,3.9,★☆☆☆☆,0.0,0.0,2.0,0.0,0.0,0.0,1.9,0.0,見送り(地合い🔴),,0.0,-2.1,2.4,-7.3,3271,3437.0,-6.4,1.5,902,開示[自己株式の取得](5日前)
3099,三越伊勢丹ホールディングス,小売業,3.8,★☆☆☆☆,0.0,0.0,0.0,0.0,1.0,0.0,2.8,0.0,見送り(地合い🔴),,0.0,-2.8,3.4,-9.1,3246,3479.0,-5.7,1.0,8429,開示[自己株式の取得](1日前)
2301,学情,サービス業,3.8,★☆☆☆☆,0.0,0.0,1.0,0.0,0.0,0.0,2.8,0.0,見送り(地合い🔴),,0.0,8.6,1.5,-1.4,1554,1602.0,-2.7,1.0,137,開示[自己株式の取得](1日前)
9302,三井倉庫ホールディングス,倉庫・運輸関連業,3.7,★☆☆☆☆,0.0,0.0,0.0,0.0,3.7,0.0,0.0,0.0,見送り(地合い🔴),,0.0,8.1,2.5,-1.1,3353,3527.0,-3.8,1.1,679,-
3692,ＦＦＲＩセキュリティ,情報・通信業,3.7,★☆☆☆☆,0.0,0.0,0.0,0.0,3.7,0.0,0.0,0.0,見送り(地合い🔴),,0.0,6.2,4.8,2.4,4743,5250.0,7.6,0.9,490,-
4390,ＩＰＳ,情報・通信業,3.7,★☆☆☆☆,0.0,0.0,0.0,0.0,3.7,0.0,0.0,0.0,見送り(地合い🔴),,0.0,3.0,3.5,-0.8,3221,3465.0,-0.6,1.0,196,-
7238,曙ブレーキ工業,輸送用機器,3.7,★☆☆☆☆,0.0,0.0,0.0,0.0,3.7,0.0,0.0,0.0,見送り(地合い🔴),,0.0,7.7,3.2,0.9,103,110.0,0.9,1.0,194,-
7198,ＳＢＩアルヒ,その他金融業,3.7,★☆☆☆☆,0.0,0.0,0.0,0.0,3.7,0.0,0.0,0.0,見送り(地合い🔴),,0.0,9.9,1.7,-0.3,773,800.0,-1.4,1.1,114,-
4985,アース製薬,化学,3.7,★☆☆☆☆,0.0,0.0,0.0,0.0,3.7,0.0,0.0,0.0,見送り(地合い🔴),,0.0,6.2,1.9,-1.2,4493,4670.0,-0.4,1.1,318,-
1721,コムシスホールディングス,建設業,3.7,★☆☆☆☆,0.0,0.0,0.0,0.0,3.7,0.0,0.0,0.0,見送り(地合い🔴),,0.0,4.0,2.9,-2.2,4902,5200.0,-2.7,1.2,2794,-
1419,タマホーム,建設業,3.7,★☆☆☆☆,0.0,0.0,0.0,0.0,3.7,0.0,0.0,0.0,見送り(地合い🔴),,0.0,10.0,2.8,-1.4,2787,2953.0,-1.5,1.0,446,-
5842,インテグラル,証券、商品先物取引業,3.7,★☆☆☆☆,0.0,0.0,0.0,0.0,3.7,0.0,0.0,0.0,見送り(地合い🔴),,0.0,10.2,3.6,2.4,2709,2921.0,5.5,0.8,253,-
7564,ワークマン,小売業,3.7,★☆☆☆☆,0.0,0.0,1.0,0.0,2.7,0.0,0.0,0.0,見送り(地合い🔴),,0.0,0.6,2.6,-2.5,5559,5860.0,0.3,1.5,2325,-
5857,ＡＲＥホールディングス,非鉄金属,3.7,★☆☆☆☆,0.0,0.0,0.0,0.0,3.7,0.0,0.0,0.0,見送り(地合い🔴),,0.0,9.1,3.6,1.0,2830,3050.0,-2.4,1.1,1926,-
2432,ディー・エヌ・エー,情報・通信業,3.7,★☆☆☆☆,0.0,0.0,0.0,0.0,3.7,0.0,0.0,0.0,見送り(地合い🔴),,0.0,2.9,2.1,0.4,2407,2513.0,2.5,1.0,2820,-
4499,Ｓｐｅｅｅ,情報・通信業,3.7,★☆☆☆☆,0.0,0.0,0.0,0.0,3.7,0.0,0.0,0.0,見送り(地合い🔴),,0.0,13.0,5.5,2.3,1992,2238.0,4.4,0.4,273,-
4393,バンク・オブ・イノベーション,情報・通信業,3.7,★☆☆☆☆,0.0,0.0,0.0,0.0,3.7,0.0,0.0,0.0,見送り(地合い🔴),,0.0,3.5,3.3,1.6,4673,5000.0,3.3,1.1,138,-
4967,小林製薬,化学,3.7,★☆☆☆☆,0.0,0.0,0.0,0.0,3.7,0.0,0.0,0.0,見送り(地合い🔴),,0.0,8.2,2.3,-0.3,5306,5556.0,-0.6,1.0,1245,-
6378,木村化工機,機械,3.5,★☆☆☆☆,0.0,0.0,0.0,0.0,3.5,0.0,0.0,0.0,見送り(地合い🔴),,0.0,7.5,3.6,0.5,1124,1210.0,-0.8,0.6,194,-
1407,ウエストホールディングス,建設業,3.5,★☆☆☆☆,0.0,0.0,0.0,0.0,3.5,0.0,0.0,0.0,見送り(地合い🔴),,0.0,18.3,8.0,4.7,2201,2622.0,-5.8,0.5,1995,-
6425,ユニバーサルエンターテインメント,機械,3.5,★☆☆☆☆,0.0,0.0,1.0,0.0,2.5,0.0,0.0,0.0,見送り(地合い🔴),,0.0,10.4,3.9,1.1,619,671.0,3.4,1.5,172,-
4886,あすか製薬ホールディングス,医薬品,3.5,★☆☆☆☆,0.0,0.0,2.0,0.0,1.5,0.0,0.0,0.0,見送り(地合い🔴),,0.0,-2.3,2.4,-5.7,2029,2131.0,-4.6,1.9,144,-
3193,エターナルホスピタリティグループ,小売業,3.5,★☆☆☆☆,0.0,0.0,1.0,0.0,2.5,0.0,0.0,0.0,見送り(地合い🔴),,0.0,8.2,2.6,-0.9,1318,1391.0,-4.5,0.9,299,-
4506,住友ファーマ,医薬品,3.5,★☆☆☆☆,0.0,0.0,2.0,0.0,1.5,0.0,0.0,0.0,見送り(地合い🔴),,0.0,-9.8,3.8,-7.5,1175,1270.5,-2.3,1.8,5134,-
1887,日本国土開発,建設業,3.5,★☆☆☆☆,0.0,0.0,2.0,0.0,1.5,0.0,0.0,0.0,見送り(地合い🔴),,0.0,8.2,2.4,-0.2,496,521.0,0.0,1.1,262,-
1948,弘電社,建設業,3.5,★☆☆☆☆,0.0,0.0,0.0,0.0,3.5,0.0,0.0,0.0,見送り(地合い🔴),,0.0,8.7,0.1,-0.2,11369,11400.0,0.0,0.0,150,52週高値目前
9425,ＲｅＹｕｕ　Ｊａｐａｎ,情報・通信業,3.4,★☆☆☆☆,0.0,0.0,2.0,0.0,0.0,0.0,1.4,0.0,見送り(地合い🔴),,0.0,-17.1,10.3,-8.7,154,194.0,-8.9,0.1,271,開示[子会社化](4日前)
7868,広済堂ホールディングス,その他製品,3.3,★☆☆☆☆,0.0,0.0,3.3,0.0,0.0,0.0,0.0,0.0,見送り(地合い🔴),,0.0,0.7,3.3,-4.8,479,512.0,-3.4,2.8,291,出来高増2.8倍
9413,テレビ東京ホールディングス,情報・通信業,3.3,★☆☆☆☆,0.0,0.0,3.3,0.0,0.0,0.0,0.0,0.0,見送り(地合い🔴),,0.0,-2.1,2.9,-8.0,3152,3345.0,-7.6,2.2,328,出来高増2.2倍
3231,野村不動産ホールディングス,不動産業,3.3,★☆☆☆☆,0.0,0.0,3.3,0.0,0.0,0.0,0.0,0.0,見送り(地合い🔴),,0.0,3.9,2.3,-5.0,859,900.0,-7.0,2.8,3582,出来高増2.8倍
3395,サンマルクホールディングス,小売業,3.3,★☆☆☆☆,0.0,0.0,3.3,0.0,0.0,0.0,0.0,0.0,見送り(地合い🔴),,0.0,6.9,2.1,-2.5,2389,2493.0,-3.9,2.3,176,出来高増2.3倍
4549,栄研化学,医薬品,3.3,★☆☆☆☆,0.0,0.0,3.3,0.0,0.0,0.0,0.0,0.0,見送り(地合い🔴),,0.0,-11.4,5.0,-17.2,1876,2084.0,-18.0,2.1,591,出来高増2.1倍
1719,安藤・間,建設業,3.2,★☆☆☆☆,0.0,0.0,1.0,0.0,2.2,0.0,0.0,0.0,見送り(地合い🔴),,0.0,8.5,1.7,-0.5,1746,1807.0,-1.7,1.2,1241,-
9045,京阪ホールディングス,陸運業,3.2,★☆☆☆☆,0.0,0.0,2.0,0.0,1.2,0.0,0.0,0.0,見送り(地合い🔴),,0.0,8.9,2.5,-2.0,3013,3168.0,-3.9,1.4,957,-
5288,アジアパイルホールディングス,ガラス・土石製品,3.2,★☆☆☆☆,0.0,0.0,1.0,0.0,2.2,0.0,0.0,0.0,見送り(地合い🔴),,0.0,8.7,2.6,-1.6,1397,1472.0,-4.4,1.4,222,-
4919,ミルボン,化学,3.2,★☆☆☆☆,0.0,0.0,2.0,0.0,1.2,0.0,0.0,0.0,見送り(地合い🔴),,0.0,8.6,2.2,-1.1,2643,2763.0,-2.1,1.7,313,-
5981,東京製綱,金属製品,3.2,★☆☆☆☆,0.0,0.0,0.0,0.0,3.2,0.0,0.0,0.0,見送り(地合い🔴),,0.0,8.3,2.7,-0.0,1841,1947.0,-1.1,0.9,142,-
1723,日本電技,建設業,3.2,★☆☆☆☆,0.0,0.0,2.0,0.0,1.2,0.0,0.0,0.0,見送り(地合い🔴),,0.0,-3.5,7.3,-6.2,1807,2117.0,-11.9,1.3,613,-
2607,不二製油,食料品,3.2,★☆☆☆☆,0.0,0.0,0.0,0.0,3.2,0.0,0.0,0.0,見送り(地合い🔴),,0.0,5.5,3.2,-1.8,3667,3915.0,-0.0,1.0,984,-
2874,横浜冷凍,卸売業,3.2,★☆☆☆☆,0.0,0.0,2.0,0.0,1.2,0.0,0.0,0.0,見送り(地合い🔴),,0.0,10.1,5.0,-2.4,1870,2076.0,-3.9,1.6,472,-
8185,チヨダ,小売業,3.2,★☆☆☆☆,0.0,0.0,2.0,0.0,1.2,0.0,0.0,0.0,見送り(地合い🔴),,0.0,8.8,1.4,-0.5,961,989.0,-1.9,1.5,146,-
3245,ディア・ライフ,不動産業,3.2,★☆☆☆☆,0.0,0.0,2.0,0.0,1.2,0.0,0.0,0.0,見送り(地合い🔴),,0.0,11.0,1.8,-0.2,1032,1070.0,-2.1,1.9,272,-
2501,サッポロホールディングス,食料品,3.2,★☆☆☆☆,0.0,0.0,0.0,0.0,3.2,0.0,0.0,0.0,見送り(地合い🔴),,0.0,13.1,3.6,-1.1,1839,1984.0,-3.6,0.8,2987,-
1928,積水ハウス,建設業,3.2,★☆☆☆☆,0.0,0.0,1.0,0.0,2.2,0.0,0.0,0.0,見送り(地合い🔴),,0.0,8.3,2.1,-2.3,3227,3370.0,-5.6,1.3,10655,-
2982,ＡＤワークスグループ,不動産業,3.2,★☆☆☆☆,0.0,0.0,1.0,0.0,2.2,0.0,0.0,0.0,見送り(地合い🔴),,0.0,7.9,2.6,-0.6,383,404.0,-3.3,1.3,120,-
8934,サンフロンティア不動産,不動産業,3.2,★☆☆☆☆,0.0,0.0,1.0,0.0,2.2,0.0,0.0,0.0,見送り(地合い🔴),,0.0,7.9,2.1,-2.6,2332,2435.0,-5.0,1.3,304,-
4927,ポーラ・オルビスホールディングス,化学,3.2,★☆☆☆☆,0.0,0.0,2.0,0.0,1.2,0.0,0.0,0.0,見送り(地合い🔴),,0.0,8.9,2.3,-1.2,1248,1308.0,-2.2,1.0,818,-
4666,パーク２４,不動産業,3.2,★☆☆☆☆,0.0,0.0,1.0,0.0,2.2,0.0,0.0,0.0,見送り(地合い🔴),,0.0,5.4,2.6,-2.5,1850,1952.0,-3.1,1.4,1599,-
6535,アイモバイル,サービス業,3.2,★☆☆☆☆,0.0,0.0,2.0,0.0,1.2,0.0,0.0,0.0,見送り(地合い🔴),,0.0,5.8,2.5,-2.6,461,485.0,-5.8,1.0,337,資金流入増
8801,三井不動産,不動産業,3.2,★☆☆☆☆,0.0,0.0,2.0,0.0,1.2,0.0,0.0,0.0,見送り(地合い🔴),,0.0,5.2,2.6,-3.7,1411,1488.5,-6.3,1.7,13254,-
8877,エスリード,不動産業,3.2,★☆☆☆☆,0.0,0.0,2.0,0.0,1.2,0.0,0.0,0.0,見送り(地合い🔴),,0.0,9.2,2.5,-1.4,4779,5030.0,-4.9,1.6,143,-
9042,阪急阪神ホールディングス,陸運業,3.2,★☆☆☆☆,0.0,0.0,1.0,0.0,2.2,0.0,0.0,0.0,見送り(地合い🔴),,0.0,12.7,3.2,-0.5,4336,4630.0,-5.5,1.0,5905,-
4704,トレンドマイクロ,情報・通信業,3.2,★☆☆☆☆,0.0,0.0,2.0,0.0,1.2,0.0,0.0,0.0,見送り(地合い🔴),,0.0,9.2,3.6,-0.4,5847,6304.0,-2.9,0.6,6265,-
5013,ユシロ,石油・石炭製品,3.2,★☆☆☆☆,0.0,0.0,1.0,0.0,2.2,0.0,0.0,0.0,見送り(地合い🔴),,0.0,6.5,3.3,-1.9,2699,2887.0,-3.8,0.5,211,-
2201,森永製菓,食料品,3.2,★☆☆☆☆,0.0,0.0,0.0,0.0,3.2,0.0,0.0,0.0,見送り(地合い🔴),,0.0,6.8,2.2,-1.9,2510,2625.5,-2.9,1.1,765,-
5210,日本山村硝子,ガラス・土石製品,3.2,★☆☆☆☆,0.0,0.0,2.0,0.0,1.2,0.0,0.0,0.0,見送り(地合い🔴),,0.0,5.5,2.5,-1.3,2628,2768.0,-2.4,1.6,142,-
3289,東急不動産ホールディングス,不動産業,3.2,★☆☆☆☆,0.0,0.0,1.0,0.0,2.2,0.0,0.0,0.0,見送り(地合い🔴),,0.0,5.7,2.2,-2.7,1238,1294.5,-5.5,1.3,3870,-
5901,東洋製罐グループホールディングス,金属製品,3.2,★☆☆☆☆,0.0,0.0,0.0,0.0,3.2,0.0,0.0,0.0,見送り(地合い🔴),,0.0,6.1,2.2,-2.0,3828,4007.0,-3.4,0.8,890,-
3291,飯田グループホールディングス,不動産業,3.2,★☆☆☆☆,0.0,0.0,1.0,0.0,2.2,0.0,0.0,0.0,見送り(地合い🔴),,0.0,9.9,2.0,-1.6,2116,2206.5,-5.5,1.4,1231,-
3093,トレジャー・ファクトリー,小売業,3.2,★☆☆☆☆,0.0,0.0,1.0,0.0,2.2,0.0,0.0,0.0,見送り(地合い🔴),,0.0,1.5,4.2,-3.6,1907,2081.0,0.2,0.5,444,-
3252,地主,不動産業,3.2,★☆☆☆☆,0.0,0.0,1.0,0.0,2.2,0.0,0.0,0.0,見送り(地合い🔴),,0.0,8.2,1.9,-1.0,2771,2880.0,-2.9,1.4,299,-
7373,アイドマ・ホールディングス,サービス業,3.1,★☆☆☆☆,0.0,0.0,1.0,0.0,0.0,0.0,2.1,0.0,見送り(地合い🔴),,0.0,-15.4,2.8,-14.3,875,927.0,-6.4,0.7,171,開示[自己株式の取得](4日前)
2780,コメ兵ホールディングス,小売業,3.1,★☆☆☆☆,0.0,0.0,1.0,0.0,1.0,0.0,1.1,0.0,見送り(地合い🔴),,0.0,8.3,3.9,-5.2,4484,4860.0,-6.5,1.5,277,開示[子会社化](6日前)
7818,トランザクション,その他製品,3.0,★☆☆☆☆,0.0,0.0,2.0,0.0,1.0,0.0,0.0,0.0,見送り(地合い🔴),,0.0,-4.4,4.1,-8.8,1103,1202.0,-1.4,1.6,200,-
4935,リベルタ,化学,3.0,★☆☆☆☆,0.0,0.0,3.0,0.0,0.0,0.0,0.0,0.0,見送り(地合い🔴),,0.0,-23.1,15.7,-18.0,169,246.0,-16.3,0.3,1634,資金流入増
4307,野村総合研究所,情報・通信業,3.0,★☆☆☆☆,0.0,0.0,3.0,0.0,0.0,0.0,0.0,0.0,見送り(地合い🔴),,0.0,4.1,5.2,-6.1,4205,4688.0,-9.8,1.3,15068,-
7545,西松屋チェーン,小売業,3.0,★☆☆☆☆,0.0,0.0,3.0,0.0,0.0,0.0,0.0,0.0,見送り(地合い🔴),,0.0,5.5,2.3,-1.2,1881,1973.0,-0.7,1.6,646,-
2613,Ｊ－オイルミルズ,食料品,3.0,★☆☆☆☆,0.0,0.0,1.0,0.0,2.0,0.0,0.0,0.0,見送り(地合い🔴),,0.0,7.7,1.7,-2.1,1977,2047.0,-2.3,1.4,118,-
4577,ダイト,医薬品,3.0,★☆☆☆☆,0.0,0.0,2.0,0.0,1.0,0.0,0.0,0.0,見送り(地合い🔴),,0.0,8.1,2.6,-2.2,1175,1240.0,-4.7,1.3,106,-
8892,エスコン,不動産業,3.0,★☆☆☆☆,0.0,0.0,2.0,0.0,1.0,0.0,0.0,0.0,見送り(地合い🔴),,0.0,6.2,2.1,-3.0,1023,1068.0,-4.4,2.0,217,-
2229,カルビー,食料品,3.0,★☆☆☆☆,0.0,0.0,2.0,0.0,1.0,0.0,0.0,0.0,見送り(地合い🔴),,0.0,6.3,2.9,-3.0,2736,2903.5,-3.2,1.8,1059,-
276A,ククレブ・アドバイザーズ,不動産業,3.0,★☆☆☆☆,0.0,0.0,3.0,0.0,0.0,0.0,0.0,0.0,見送り(地合い🔴),,0.0,4.5,7.0,-4.9,2822,3285.0,-8.8,0.8,210,-
543A,ＡＲＣＨＩＯＮ,輸送用機器,3.0,★☆☆☆☆,0.0,0.0,3.0,0.0,0.0,0.0,0.0,0.0,見送り(地合い🔴),,0.0,-6.4,5.8,-9.6,235,266.0,-9.2,1.3,6574,資金流入増
4516,日本新薬,医薬品,3.0,★☆☆☆☆,0.0,0.0,3.0,0.0,0.0,0.0,0.0,0.0,見送り(地合い🔴),,0.0,-8.3,3.8,-13.2,3162,3423.0,-16.1,1.6,1964,-
8139,ナガホリ,卸売業,3.0,★☆☆☆☆,0.0,0.0,3.0,0.0,0.0,0.0,0.0,0.0,見送り(地合い🔴),,0.0,-3.6,6.1,-5.2,1776,2022.0,-4.7,1.9,113,-
8572,アコム,その他金融業,3.0,★☆☆☆☆,0.0,0.0,1.0,0.0,2.0,0.0,0.0,0.0,見送り(地合い🔴),,0.0,9.7,1.8,-1.1,458,475.3999938964844,-3.7,1.5,673,-
9782,ディーエムエス,サービス業,3.0,★☆☆☆☆,0.0,0.0,2.0,0.0,1.0,0.0,0.0,0.0,見送り(地合い🔴),,0.0,6.7,2.3,-2.0,3232,3385.0,-3.6,1.9,108,-
1930,北陸電気工事,建設業,3.0,★☆☆☆☆,0.0,0.0,2.0,0.0,1.0,0.0,0.0,0.0,見送り(地合い🔴),,0.0,-2.7,4.1,-8.0,1349,1468.0,-10.4,1.3,189,-
6183,ベルシステム２４ホールディングス,サービス業,3.0,★☆☆☆☆,0.0,0.0,3.0,0.0,0.0,0.0,0.0,0.0,見送り(地合い🔴),,0.0,5.1,2.0,-2.7,1282,1335.0,-2.6,1.5,408,-
1860,戸田建設,建設業,3.0,★☆☆☆☆,0.0,0.0,2.0,0.0,1.0,0.0,0.0,0.0,見送り(地合い🔴),,0.0,0.4,2.3,-4.3,1417,1484.5,-3.9,1.6,1513,-
4676,フジ・メディア・ホールディングス,情報・通信業,3.0,★☆☆☆☆,0.0,0.0,2.0,0.0,1.0,0.0,0.0,0.0,見送り(地合い🔴),,0.0,7.3,2.9,-3.6,3693,3919.0,-5.9,1.4,2212,-
1434,ＪＥＳＣＯホールディングス,建設業,3.0,★☆☆☆☆,0.0,0.0,3.0,0.0,0.0,0.0,0.0,0.0,見送り(地合い🔴),,0.0,-3.9,5.2,-6.4,1498,1670.0,-1.9,1.7,160,-
9470,学研ホールディングス,情報・通信業,3.0,★☆☆☆☆,0.0,0.0,2.0,0.0,1.0,0.0,0.0,0.0,見送り(地合い🔴),,0.0,8.5,1.7,-1.6,967,1001.0,-2.3,1.8,108,-
9989,サンドラッグ,小売業,3.0,★☆☆☆☆,0.0,0.0,3.0,0.0,0.0,0.0,0.0,0.0,見送り(地合い🔴),,0.0,6.1,2.0,-2.7,3574,3726.0,-2.7,1.5,1838,-
3465,ケイアイスター不動産,不動産業,3.0,★☆☆☆☆,0.0,0.0,2.0,0.0,1.0,0.0,0.0,0.0,見送り(地合い🔴),,0.0,1.3,2.8,-5.7,3250,3445.0,-4.0,1.8,285,-
5243,ｎｏｔｅ,情報・通信業,3.0,★☆☆☆☆,0.0,0.0,3.0,0.0,0.0,0.0,0.0,0.0,見送り(地合い🔴),,0.0,4.2,7.3,-4.1,1695,1984.0,-6.1,0.5,1448,資金流入増
367A,プリモグローバルホールディングス,小売業,3.0,★☆☆☆☆,0.0,0.0,2.0,0.0,1.0,0.0,0.0,0.0,見送り(地合い🔴),,0.0,-4.0,3.6,-4.3,2506,2701.0,1.7,0.5,255,資金流入増
5537,ＡｌｂａＬｉｎｋ,不動産業,2.8,★☆☆☆☆,0.0,0.0,0.0,0.0,0.0,0.0,2.8,0.0,見送り(地合い🔴),,0.0,-8.0,5.9,-8.9,2304,2611.0,-9.9,1.2,126,開示[自己株式の取得](1日前)
3288,オープンハウスグループ,不動産業,2.8,★☆☆☆☆,0.0,0.0,0.0,0.0,0.0,0.0,2.8,0.0,見送り(地合い🔴),,0.0,6.7,2.3,-2.0,8009,8390.0,-3.1,1.2,2096,開示[自己株式の取得](1日前)
1835,東鉄工業,建設業,2.7,★☆☆☆☆,0.0,0.0,0.0,0.0,2.7,0.0,0.0,0.0,見送り(地合い🔴),,0.0,5.3,2.2,-1.9,3916,4100.0,-3.4,1.0,308,-
9227,マイクロ波化学,サービス業,2.7,★☆☆☆☆,0.0,0.0,0.0,0.0,2.7,0.0,0.0,0.0,見送り(地合い🔴),,0.0,-0.8,6.1,-1.8,746,850.0,3.3,0.4,381,-
2585,ライフドリンク　カンパニー,食料品,2.7,★☆☆☆☆,0.0,0.0,0.0,0.0,2.7,0.0,0.0,0.0,見送り(地合い🔴),,0.0,1.7,4.4,-4.4,1312,1437.0,-2.0,0.9,825,-
4554,富士製薬工業,医薬品,2.7,★☆☆☆☆,0.0,0.0,0.0,0.0,2.7,0.0,0.0,0.0,見送り(地合い🔴),,0.0,0.9,2.5,-3.6,1755,1847.0,-1.2,0.8,225,-
7409,ＡｅｒｏＥｄｇｅ,輸送用機器,2.7,★☆☆☆☆,0.0,0.0,0.0,0.0,2.7,0.0,0.0,0.0,見送り(地合い🔴),,0.0,-9.5,7.3,-3.8,1320,1547.0,2.6,0.8,294,-
1963,日揮ホールディングス,建設業,2.7,★☆☆☆☆,0.0,0.0,0.0,0.0,2.7,0.0,0.0,0.0,見送り(地合い🔴),,0.0,-0.8,3.6,-3.9,2098,2259.5,-4.7,1.0,4015,-
7412,アトム,小売業,2.7,★☆☆☆☆,0.0,0.0,0.0,0.0,2.7,0.0,0.0,0.0,見送り(地合い🔴),,0.0,15.1,3.1,-0.3,353,377.0,2.2,0.5,238,-
6330,東洋エンジニアリング,建設業,2.7,★☆☆☆☆,0.0,0.0,0.0,0.0,2.7,0.0,0.0,0.0,見送り(地合い🔴),,0.0,0.4,6.6,-3.4,1645,1897.0,-9.5,0.7,3837,-
1663,Ｋ＆Ｏエナジーグループ,鉱業,2.7,★☆☆☆☆,0.0,0.0,0.0,0.0,2.7,0.0,0.0,0.0,見送り(地合い🔴),,0.0,4.0,2.5,-2.2,1715,1805.0,-3.7,1.1,381,-
3482,ロードスターキャピタル,不動産業,2.7,★☆☆☆☆,0.0,0.0,0.0,0.0,2.7,0.0,0.0,0.0,見送り(地合い🔴),,0.0,8.6,2.4,-0.6,2532,2661.0,-4.5,1.0,381,-
2325,ＮＪＳ,サービス業,2.7,★☆☆☆☆,0.0,0.0,0.0,0.0,2.7,0.0,0.0,0.0,見送り(地合い🔴),,0.0,4.3,2.5,-2.4,4139,4360.0,-2.9,1.1,144,-
6217,津田駒工業,機械,2.7,★☆☆☆☆,0.0,0.0,0.0,0.0,2.7,0.0,0.0,0.0,見送り(地合い🔴),,0.0,-9.8,10.0,-10.8,565,705.0,-6.6,0.2,161,-
3103,ユニチカ,繊維製品,2.7,★☆☆☆☆,0.0,0.0,0.0,0.0,2.7,0.0,0.0,0.0,見送り(地合い🔴),,0.0,-10.1,7.4,-8.4,714,838.0,-2.4,0.7,2194,-
1885,東亜建設工業,建設業,2.7,★☆☆☆☆,0.0,0.0,0.0,0.0,2.7,0.0,0.0,0.0,見送り(地合い🔴),,0.0,5.8,3.2,-1.3,1895,2025.0,-3.0,1.0,754,-
6666,リバーエレテック,電気機器,2.7,★☆☆☆☆,0.0,0.0,0.0,0.0,2.7,0.0,0.0,0.0,見送り(地合い🔴),,0.0,-7.9,7.6,-3.3,656,773.0,4.7,0.6,138,-
7779,ＣＹＢＥＲＤＹＮＥ,精密機器,2.5,★☆☆☆☆,0.0,0.0,1.0,0.0,1.5,0.0,0.0,0.0,見送り(地合い🔴),,0.0,-0.6,3.8,-4.2,201,218.0,-4.0,1.3,299,-
3168,ＭＥＲＦ,卸売業,2.5,★☆☆☆☆,0.0,0.0,0.0,0.0,2.5,0.0,0.0,0.0,見送り(地合い🔴),,0.0,6.7,4.8,1.6,1153,1276.0,2.9,0.3,192,-
4521,科研製薬,医薬品,2.2,★☆☆☆☆,0.0,0.0,0.0,0.0,2.2,0.0,0.0,0.0,見送り(地合い🔴),,0.0,8.5,1.7,-0.9,3694,3820.0,-2.4,1.2,509,-
1946,トーエネック,建設業,2.2,★☆☆☆☆,0.0,0.0,0.0,0.0,2.2,0.0,0.0,0.0,見送り(地合い🔴),,0.0,0.1,3.8,-4.0,1902,2056.0,-4.8,0.8,409,-
9075,福山通運,陸運業,2.2,★☆☆☆☆,0.0,0.0,0.0,0.0,2.2,0.0,0.0,0.0,見送り(地合い🔴),,0.0,9.6,3.6,-1.8,5351,5770.0,-5.6,0.9,708,-
4889,レナサイエンス,医薬品,2.2,★☆☆☆☆,0.0,0.0,1.0,0.0,1.2,0.0,0.0,0.0,見送り(地合い🔴),,0.0,6.7,7.6,-0.1,1271,1500.0,-2.9,0.5,521,開示[AI](14日前)
7164,全国保証,その他金融業,2.2,★☆☆☆☆,0.0,0.0,0.0,0.0,2.2,0.0,0.0,0.0,見送り(地合い🔴),,0.0,8.1,2.1,-1.1,2935,3066.0,-2.1,1.0,1449,-
9837,モリト,卸売業,2.2,★☆☆☆☆,0.0,0.0,0.0,0.0,2.2,0.0,0.0,0.0,見送り(地合い🔴),,0.0,8.1,2.3,-0.3,1705,1789.0,-2.0,1.0,135,-
1815,鉄建建設,建設業,2.2,★☆☆☆☆,0.0,0.0,1.0,0.0,1.2,0.0,0.0,0.0,見送り(地合い🔴),,0.0,6.6,3.4,-2.6,4071,4370.0,-4.2,1.4,447,-
8771,イー・ギャランティ,その他金融業,2.2,★☆☆☆☆,0.0,0.0,1.0,0.0,1.2,0.0,0.0,0.0,見送り(地合い🔴),,0.0,11.2,2.2,-0.3,1742,1822.0,-2.2,1.3,185,-
4540,ツムラ,医薬品,2.2,★☆☆☆☆,0.0,0.0,1.0,0.0,1.2,0.0,0.0,0.0,見送り(地合い🔴),,0.0,9.5,2.3,-1.0,3614,3790.0,-3.8,1.3,1445,-
4502,武田薬品工業,医薬品,2.2,★☆☆☆☆,0.0,0.0,0.0,0.0,2.2,0.0,0.0,0.0,見送り(地合い🔴),,0.0,9.5,2.7,-0.8,5119,5408.0,-6.3,1.2,22960,-
2986,ＬＡホールディングス,不動産業,2.2,★☆☆☆☆,0.0,0.0,1.0,0.0,1.2,0.0,0.0,0.0,見送り(地合い🔴),,0.0,1.4,2.9,-4.2,2508,2665.0,-3.1,1.3,571,-
2897,日清食品ホールディングス,食料品,2.2,★☆☆☆☆,0.0,0.0,1.0,0.0,1.2,0.0,0.0,0.0,見送り(地合い🔴),,0.0,8.5,2.9,-1.6,2685,2849.0,-3.7,1.2,3596,-
2975,スター・マイカ・ホールディングス,不動産業,2.2,★☆☆☆☆,0.0,0.0,0.0,0.0,2.2,0.0,0.0,0.0,見送り(地合い🔴),,0.0,6.5,3.1,-2.6,1394,1487.0,-0.9,1.0,242,-
4258,網屋,情報・通信業,2.2,★☆☆☆☆,0.0,0.0,0.0,0.0,2.2,0.0,0.0,0.0,見送り(地合い🔴),,0.0,4.7,5.7,-1.6,3746,4225.0,-3.8,0.3,251,-
5947,リンナイ,金属製品,2.2,★☆☆☆☆,0.0,0.0,0.0,0.0,2.2,0.0,0.0,0.0,見送り(地合い🔴),,0.0,7.1,2.1,-1.9,3398,3544.0,-3.1,0.9,1166,-
9143,ＳＧホールディングス,陸運業,2.2,★☆☆☆☆,0.0,0.0,1.0,0.0,1.2,0.0,0.0,0.0,見送り(地合い🔴),,0.0,6.7,2.5,-2.6,1469,1547.5,-3.8,0.8,2192,-
3825,リミックスポイント,小売業,2.2,★☆☆☆☆,0.0,0.0,0.0,0.0,2.2,0.0,0.0,0.0,見送り(地合い🔴),,0.0,13.9,4.2,1.2,181,198.0,-1.0,0.8,189,-
1333,Ｕｍｉｏｓ,水産・農林業,2.2,★☆☆☆☆,0.0,0.0,0.0,0.0,2.2,0.0,0.0,0.0,見送り(地合い🔴),,0.0,8.7,1.8,-1.0,1263,1309.0,-2.3,1.0,662,-
1332,ニッスイ,水産・農林業,2.2,★☆☆☆☆,0.0,0.0,0.0,0.0,2.2,0.0,0.0,0.0,見送り(地合い🔴),,0.0,5.1,2.7,-2.3,1181,1248.5,-3.4,0.8,1922,-
3186,ネクステージ,小売業,2.2,★☆☆☆☆,0.0,0.0,1.0,0.0,1.2,0.0,0.0,0.0,見送り(地合い🔴),,0.0,-9.2,4.5,-7.7,3036,3335.0,-4.6,0.5,2998,-
256A,飛島ホールディングス,建設業,2.2,★☆☆☆☆,0.0,0.0,1.0,0.0,1.2,0.0,0.0,0.0,見送り(地合い🔴),,0.0,8.7,2.0,-0.4,1944,2027.0,-3.2,1.3,373,-
2471,エスプール,サービス業,2.2,★☆☆☆☆,0.0,0.0,1.0,0.0,1.2,0.0,0.0,0.0,見送り(地合い🔴),,0.0,9.3,2.9,-0.4,251,267.0,-1.5,1.1,140,-
2587,サントリービバレッジ＆フード,食料品,2.2,★☆☆☆☆,0.0,0.0,0.0,0.0,2.2,0.0,0.0,0.0,見送り(地合い🔴),,0.0,8.6,2.6,-1.1,4350,4585.0,-3.1,1.0,5280,-
9474,ゼンリン,情報・通信業,2.0,★☆☆☆☆,0.0,0.0,2.0,0.0,0.0,0.0,0.0,0.0,見送り(地合い🔴),,0.0,10.1,1.9,-1.4,861,895.0,-3.8,2.0,212,-
6469,放電精密加工研究所,機械,2.0,★☆☆☆☆,0.0,0.0,2.0,0.0,0.0,0.0,0.0,0.0,見送り(地合い🔴),,0.0,8.2,6.8,-3.2,2218,2570.0,-7.1,0.3,476,資金流入増
5989,エイチワン,金属製品,2.0,★☆☆☆☆,0.0,0.0,1.0,0.0,1.0,0.0,0.0,0.0,見送り(地合い🔴),,0.0,7.9,2.5,-2.6,1446,1523.0,-2.6,1.3,188,-
9468,ＫＡＤＯＫＡＷＡ,情報・通信業,2.0,★☆☆☆☆,0.0,0.0,2.0,0.0,0.0,0.0,0.0,0.0,見送り(地合い🔴),,0.0,0.9,2.9,-6.5,3194,3388.0,-3.7,1.7,1961,-
6238,フリュー,機械,2.0,★☆☆☆☆,0.0,0.0,1.0,0.0,1.0,0.0,0.0,0.0,見送り(地合い🔴),,0.0,8.6,2.5,-0.9,1299,1369.0,-1.4,1.3,123,-
6651,日東工業,電気機器,2.0,★☆☆☆☆,0.0,0.0,1.0,0.0,1.0,0.0,0.0,0.0,見送り(地合い🔴),,0.0,3.6,2.9,-2.5,4124,4375.0,-1.6,1.2,410,-
8233,高島屋,小売業,2.0,★☆☆☆☆,0.0,0.0,1.0,0.0,1.0,0.0,0.0,0.0,見送り(地合い🔴),,0.0,3.3,4.1,-6.0,2030,2213.0,-4.7,1.3,4649,-
3989,シェアリングテクノロジー,情報・通信業,2.0,★☆☆☆☆,0.0,0.0,0.0,0.0,2.0,0.0,0.0,0.0,見送り(地合い🔴),,0.0,3.1,3.5,-3.8,1251,1345.0,-4.9,0.8,256,-
1822,大豊建設,建設業,2.0,★☆☆☆☆,0.0,0.0,1.0,0.0,1.0,0.0,0.0,0.0,見送り(地合い🔴),,0.0,8.5,1.8,-1.7,744,772.0,-2.6,1.1,158,-
5532,リアルゲイト,不動産業,2.0,★☆☆☆☆,0.0,0.0,2.0,0.0,0.0,0.0,0.0,0.0,見送り(地合い🔴),,0.0,-3.0,5.0,-9.0,2886,3205.0,-10.3,1.5,101,-
5644,メタルアート,鉄鋼,2.0,★☆☆☆☆,0.0,0.0,0.0,0.0,2.0,0.0,0.0,0.0,見送り(地合い🔴),,0.0,3.2,1.6,-5.1,7000,7230.0,-6.3,0.5,240,-
1959,クラフティア,建設業,2.0,★☆☆☆☆,0.0,0.0,2.0,0.0,0.0,0.0,0.0,0.0,見送り(地合い🔴),,0.0,-2.7,4.7,-8.4,7379,8137.0,-10.6,1.8,2219,-
9147,ＮＩＰＰＯＮ　ＥＸＰＲＥＳＳホールディングス,陸運業,2.0,★☆☆☆☆,0.0,0.0,0.0,0.0,2.0,0.0,0.0,0.0,見送り(地合い🔴),,0.0,4.0,2.7,-3.5,4901,5179.0,-6.5,1.0,5983,-
3003,ヒューリック,不動産業,2.0,★☆☆☆☆,0.0,0.0,1.0,0.0,1.0,0.0,0.0,0.0,見送り(地合い🔴),,0.0,7.2,3.0,-3.5,1608,1710.0,-6.8,1.3,5107,-
7388,ＦＰパートナー,保険業,2.0,★☆☆☆☆,0.0,0.0,2.0,0.0,0.0,0.0,0.0,0.0,見送り(地合い🔴),,0.0,7.6,2.5,-2.1,2037,2143.0,-0.4,1.1,107,-
4519,中外製薬,医薬品,2.0,★☆☆☆☆,0.0,0.0,2.0,0.0,0.0,0.0,0.0,0.0,見送り(地合い🔴),,0.0,-3.9,3.4,-8.0,6233,6687.0,-2.4,1.3,20523,-
6380,オリエンタルチエン工業,機械,2.0,★☆☆☆☆,0.0,0.0,2.0,0.0,0.0,0.0,0.0,0.0,見送り(地合い🔴),,0.0,-14.1,9.6,-12.7,2936,3635.0,-6.8,0.3,117,資金流入増
3421,稲葉製作所,金属製品,2.0,★☆☆☆☆,0.0,0.0,1.0,0.0,1.0,0.0,0.0,0.0,見送り(地合い🔴),,0.0,4.9,1.4,-3.4,1631,1680.0,-5.0,0.8,112,-
8876,リログループ,サービス業,2.0,★☆☆☆☆,0.0,0.0,1.0,0.0,1.0,0.0,0.0,0.0,見送り(地合い🔴),,0.0,5.2,2.2,-2.8,1900,1987.5,-3.7,1.4,1212,-
218A,Ｌｉｂｅｒａｗａｒｅ,精密機器,2.0,★☆☆☆☆,0.0,0.0,2.0,0.0,0.0,0.0,0.0,0.0,見送り(地合い🔴),,0.0,12.7,7.2,-1.0,917,1072.0,3.9,0.2,847,-
6858,小野測器,電気機器,2.0,★☆☆☆☆,0.0,0.0,1.0,0.0,1.0,0.0,0.0,0.0,見送り(地合い🔴),,0.0,-2.2,4.4,-5.4,741,812.0,-0.2,0.7,144,-
8897,ＭＩＲＡＲＴＨホールディングス,不動産業,2.0,★☆☆☆☆,0.0,0.0,2.0,0.0,0.0,0.0,0.0,0.0,見送り(地合い🔴),,0.0,8.6,1.5,-1.7,392,404.0,-2.9,1.8,171,-
2395,新日本科学,サービス業,2.0,★☆☆☆☆,0.0,0.0,2.0,0.0,0.0,0.0,0.0,0.0,見送り(地合い🔴),,0.0,15.3,2.9,-0.6,1175,1248.0,-5.7,0.8,293,-
4413,ボードルア,情報・通信業,2.0,★☆☆☆☆,0.0,0.0,1.0,0.0,1.0,0.0,0.0,0.0,見送り(地合い🔴),,0.0,4.1,5.7,-6.9,2451,2766.0,-7.8,0.5,904,-
2811,カゴメ,食料品,2.0,★☆☆☆☆,0.0,0.0,2.0,0.0,0.0,0.0,0.0,0.0,見送り(地合い🔴),,0.0,5.9,2.6,-4.2,2454,2587.5,-6.0,1.8,838,-
7599,ＩＤＯＭ,卸売業,2.0,★☆☆☆☆,0.0,0.0,1.0,0.0,1.0,0.0,0.0,0.0,見送り(地合い🔴),,0.0,-2.7,3.1,-5.9,1189,1268.0,-4.3,1.1,1554,-
9305,ヤマタネ,卸売業,2.0,★☆☆☆☆,0.0,0.0,2.0,0.0,0.0,0.0,0.0,0.0,見送り(地合い🔴),,0.0,7.5,1.9,-2.5,1970,2047.0,-4.5,1.7,134,-
9369,キユーソー流通システム,倉庫・運輸関連業,2.0,★☆☆☆☆,0.0,0.0,2.0,0.0,0.0,0.0,0.0,0.0,見送り(地合い🔴),,0.0,-0.8,4.1,-6.0,2673,2910.0,-0.1,1.8,171,-
3139,ラクト・ジャパン,卸売業,2.0,★☆☆☆☆,0.0,0.0,2.0,0.0,0.0,0.0,0.0,0.0,見送り(地合い🔴),,0.0,7.1,1.9,-3.5,3179,3305.0,-4.5,1.9,116,-
8244,近鉄百貨店,小売業,2.0,★☆☆☆☆,0.0,0.0,2.0,0.0,0.0,0.0,0.0,0.0,見送り(地合い🔴),,0.0,9.3,2.4,-1.7,1727,1816.0,-0.9,0.8,102,-
5930,文化シヤッター,金属製品,2.0,★☆☆☆☆,0.0,0.0,2.0,0.0,0.0,0.0,0.0,0.0,見送り(地合い🔴),,0.0,6.2,2.1,-3.0,1792,1869.0,-4.8,1.9,178,-
7678,あさくま,小売業,2.0,★☆☆☆☆,0.0,0.0,1.0,0.0,1.0,0.0,0.0,0.0,見送り(地合い🔴),,0.0,0.8,2.5,-7.3,2839,2988.0,-4.8,0.5,110,-
1938,日本リーテック,建設業,2.0,★☆☆☆☆,0.0,0.0,2.0,0.0,0.0,0.0,0.0,0.0,見送り(地合い🔴),,0.0,-2.4,3.2,-6.7,2235,2389.0,-5.5,1.6,215,-
9533,東邦瓦斯,電気・ガス業,2.0,★☆☆☆☆,0.0,0.0,1.0,0.0,1.0,0.0,0.0,0.0,見送り(地合い🔴),,0.0,1.1,2.4,-5.3,1090,1145.0,-5.8,1.3,1017,-
464A,ＱＰＳホールディングス,情報・通信業,1.5,★☆☆☆☆,0.0,0.0,0.0,0.0,1.5,0.0,0.0,0.0,見送り(地合い🔴),,0.0,-18.6,7.4,-11.8,1303,1528.0,5.9,0.6,2801,-
4592,サンバイオ,医薬品,1.5,★☆☆☆☆,0.0,0.0,0.0,0.0,1.5,0.0,0.0,0.0,見送り(地合い🔴),,0.0,-6.0,5.6,-7.6,815,917.0,-5.1,0.5,777,-
2158,ＦＲＯＮＴＥＯ,サービス業,1.5,★☆☆☆☆,0.0,0.0,0.0,0.0,1.2,0.0,0.3,0.0,見送り(地合い🔴),,0.0,5.9,3.7,-2.4,568,613.0,-4.2,0.6,121,開示[AI](11日前)
281A,インフォメティス,情報・通信業,1.5,★☆☆☆☆,0.0,0.0,0.0,0.0,1.5,0.0,0.0,0.0,見送り(地合い🔴),,0.0,-18.4,6.5,-11.9,398,457.0,1.6,0.6,117,-
186A,アストロスケールホールディングス,サービス業,1.5,★☆☆☆☆,0.0,0.0,0.0,0.0,1.5,0.0,0.0,0.0,見送り(地合い🔴),,0.0,-6.0,6.8,-2.7,899,1040.0,1.5,0.7,4734,-
6619,ダブル・スコープ,電気機器,1.5,★☆☆☆☆,0.0,0.0,0.0,0.0,1.5,0.0,0.0,0.0,見送り(地合い🔴),,0.0,-15.0,5.5,-10.9,133,149.0,-3.2,0.9,392,-
4480,メドレー,情報・通信業,1.5,★☆☆☆☆,0.0,0.0,0.0,0.0,1.5,0.0,0.0,0.0,見送り(地合い🔴),,0.0,8.2,3.5,-1.6,1870,2012.0,0.3,1.0,339,-
6072,地盤ネットホールディングス,サービス業,1.5,★☆☆☆☆,0.0,0.0,0.0,0.0,1.5,0.0,0.0,0.0,見送り(地合い🔴),,0.0,-1.6,6.2,-2.5,822,939.0,6.2,0.4,561,-
8267,イオン,小売業,1.5,★☆☆☆☆,0.0,0.0,0.0,0.0,1.5,0.0,0.0,0.0,見送り(地合い🔴),,0.0,5.6,3.6,-1.5,1267,1366.0,-0.9,1.0,15180,-
3810,サイバーステップホールディングス,情報・通信業,1.5,★☆☆☆☆,0.0,0.0,0.0,0.0,1.5,0.0,0.0,0.0,見送り(地合い🔴),,0.0,-0.5,9.6,-2.7,138,171.0,8.2,0.9,274,-
3853,アステリア,情報・通信業,1.5,★☆☆☆☆,0.0,0.0,0.0,0.0,1.5,0.0,0.0,0.0,見送り(地合い🔴),,0.0,-3.5,4.4,-4.7,964,1057.0,-2.3,0.7,295,-
9412,スカパーＪＳＡＴ,情報・通信業,1.5,★☆☆☆☆,0.0,0.0,0.0,0.0,1.5,0.0,0.0,0.0,見送り(地合い🔴),,0.0,-13.5,4.3,-10.2,1972,2156.0,-2.7,1.0,5611,-
6838,多摩川ホールディングス,電気機器,1.5,★☆☆☆☆,0.0,0.0,0.0,0.0,1.5,0.0,0.0,0.0,見送り(地合い🔴),,0.0,-12.1,6.5,-6.8,1206,1386.0,1.5,1.2,387,-
7456,松田産業,卸売業,1.5,★☆☆☆☆,0.0,0.0,0.0,0.0,1.5,0.0,0.0,0.0,見送り(地合い🔴),,0.0,0.2,4.3,-3.9,4904,5360.0,-3.9,1.0,485,-
290A,Ｓｙｎｓｐｅｃｔｉｖｅ,情報・通信業,1.5,★☆☆☆☆,0.0,0.0,0.0,0.0,1.5,0.0,0.0,0.0,見送り(地合い🔴),,0.0,-2.6,6.2,-3.2,1004,1146.0,0.5,0.6,1752,-
4493,サイバーセキュリティクラウド,情報・通信業,1.3,★☆☆☆☆,0.0,0.0,0.0,0.0,0.0,0.0,1.3,0.0,見送り(地合い🔴),,0.0,9.0,3.5,-1.0,1685,1811.0,-0.3,0.6,198,開示[自己株式の取得](8日前)
9987,スズケン,卸売業,1.2,★☆☆☆☆,0.0,0.0,0.0,0.0,1.2,0.0,0.0,0.0,見送り(地合い🔴),,0.0,9.2,2.5,-2.0,4733,4982.0,-5.1,1.1,992,-
547A,ムニノバホールディングス,その他金融業,1.2,★☆☆☆☆,0.0,0.0,0.0,0.0,1.2,0.0,0.0,0.0,見送り(地合い🔴),,0.0,5.7,2.5,-1.6,417,439.0,-2.7,1.1,679,-
4446,Ｌｉｎｋ－Ｕグループ,情報・通信業,1.2,★☆☆☆☆,0.0,0.0,0.0,0.0,1.2,0.0,0.0,0.0,見送り(地合い🔴),,0.0,-4.5,4.4,-3.0,733,804.0,0.0,0.2,246,-
1820,西松建設,建設業,1.2,★☆☆☆☆,0.0,0.0,0.0,0.0,1.2,0.0,0.0,0.0,見送り(地合い🔴),,0.0,8.4,1.9,-1.6,5050,5245.0,-3.3,1.2,633,-
7777,スリー・ディー・マトリックス,精密機器,1.2,★☆☆☆☆,0.0,0.0,0.0,0.0,1.2,0.0,0.0,0.0,見送り(地合い🔴),,0.0,2.1,5.0,-4.5,301,334.0,-2.6,0.8,578,-
8804,東京建物,不動産業,1.2,★☆☆☆☆,0.0,0.0,0.0,0.0,1.2,0.0,0.0,0.0,見送り(地合い🔴),,0.0,7.7,2.8,-3.4,3103,3284.0,-6.7,0.9,3547,-
4552,ＪＣＲファーマ,医薬品,1.2,★☆☆☆☆,0.0,0.0,0.0,0.0,1.2,0.0,0.0,0.0,見送り(地合い🔴),,0.0,12.8,4.2,-3.2,435,474.0,-10.9,1.1,321,-
5021,コスモエネルギーホールディングス,石油・石炭製品,1.2,★☆☆☆☆,0.0,0.0,0.0,0.0,1.2,0.0,0.0,0.0,見送り(地合い🔴),,0.0,7.2,2.2,-1.5,3667,3836.0,-3.5,1.0,2376,-
212A,フィットイージー,サービス業,1.2,★☆☆☆☆,0.0,0.0,0.0,0.0,1.2,0.0,0.0,0.0,見送り(地合い🔴),,0.0,3.9,3.4,-2.0,2518,2702.0,-2.5,1.0,374,-
2593,伊藤園,食料品,1.2,★☆☆☆☆,0.0,0.0,0.0,0.0,1.2,0.0,0.0,0.0,見送り(地合い🔴),,0.0,8.6,3.1,-1.9,2770,2952.5,-3.9,1.1,1175,-
336A,ダイナミックマッププラットフォーム,情報・通信業,1.2,★☆☆☆☆,0.0,0.0,0.0,0.0,1.2,0.0,0.0,0.0,見送り(地合い🔴),,0.0,1.5,5.7,-4.0,721,815.0,0.6,0.5,235,-
350A,デジタルグリッド,電気・ガス業,1.2,★☆☆☆☆,0.0,0.0,0.0,0.0,1.2,0.0,0.0,0.0,見送り(地合い🔴),,0.0,5.0,4.6,-2.2,680,748.0,-1.2,0.7,227,-
7979,松風,精密機器,1.2,★☆☆☆☆,0.0,0.0,0.0,0.0,1.2,0.0,0.0,0.0,見送り(地合い🔴),,0.0,8.3,2.9,-1.1,1967,2088.0,-2.3,1.1,189,-
3608,ＴＳＩホールディングス,繊維製品,1.2,★☆☆☆☆,0.0,0.0,0.0,0.0,1.2,0.0,0.0,0.0,見送り(地合い🔴),,0.0,11.6,2.3,-0.3,1158,1214.0,-4.3,0.9,328,-
3415,ＴＯＫＹＯ　ＢＡＳＥ,小売業,1.2,★☆☆☆☆,0.0,0.0,0.0,0.0,1.2,0.0,0.0,0.0,見送り(地合い🔴),,0.0,18.7,4.9,-0.1,354,392.0,-6.9,0.9,341,-
9519,レノバ,電気・ガス業,1.2,★☆☆☆☆,0.0,0.0,0.0,0.0,1.2,0.0,0.0,0.0,見送り(地合い🔴),,0.0,-1.0,4.9,-7.0,816,904.0,-12.1,0.8,765,-
6226,守谷輸送機工業,機械,1.2,★☆☆☆☆,0.0,0.0,0.0,0.0,1.2,0.0,0.0,0.0,見送り(地合い🔴),,0.0,7.3,7.5,-4.3,1946,2289.0,-10.8,0.8,473,-
1814,大末建設,建設業,1.2,★☆☆☆☆,0.0,0.0,0.0,0.0,1.2,0.0,0.0,0.0,見送り(地合い🔴),,0.0,11.7,2.9,-0.5,3274,3475.0,-6.2,1.1,286,-
3444,菊池製作所,金属製品,1.2,★☆☆☆☆,0.0,0.0,0.0,0.0,1.2,0.0,0.0,0.0,見送り(地合い🔴),,0.0,-13.6,6.0,-8.9,822,934.0,-2.9,0.4,175,-
2160,ジーエヌアイグループ,医薬品,1.2,★☆☆☆☆,0.0,0.0,0.0,0.0,1.2,0.0,0.0,0.0,見送り(地合い🔴),,0.0,-4.4,4.5,-4.6,2265,2488.0,-3.4,0.8,2163,-
215A,タイミー,サービス業,1.2,★☆☆☆☆,0.0,0.0,0.0,0.0,1.2,0.0,0.0,0.0,見送り(地合い🔴),,0.0,-2.6,4.7,-0.9,1353,1493.0,2.7,0.7,2317,-
7730,マニー,精密機器,1.0,★☆☆☆☆,0.0,0.0,1.0,0.0,0.0,0.0,0.0,0.0,見送り(地合い🔴),,0.0,-5.8,3.0,-8.9,1404,1494.0,-3.7,1.2,663,-
7610,テイツー,小売業,1.0,★☆☆☆☆,0.0,0.0,1.0,0.0,0.0,0.0,0.0,0.0,見送り(地合い🔴),,0.0,5.9,3.5,-2.6,133,143.0,-4.7,0.6,182,-
7600,日本エム・ディ・エム,精密機器,1.0,★☆☆☆☆,0.0,0.0,1.0,0.0,0.0,0.0,0.0,0.0,見送り(地合い🔴),,0.0,2.7,5.3,-7.3,753,842.0,-8.5,1.5,258,-
3968,セグエグループ,情報・通信業,1.0,★☆☆☆☆,0.0,0.0,1.0,0.0,0.0,0.0,0.0,0.0,見送り(地合い🔴),,0.0,8.4,2.9,-1.2,550,583.0,-2.2,0.8,146,-
7512,イオン北海道,小売業,1.0,★☆☆☆☆,0.0,0.0,1.0,0.0,0.0,0.0,0.0,0.0,見送り(地合い🔴),,0.0,7.6,2.0,-1.7,800,833.0,-1.9,1.3,138,-
1975,朝日工業社,建設業,1.0,★☆☆☆☆,0.0,0.0,1.0,0.0,0.0,0.0,0.0,0.0,見送り(地合い🔴),,0.0,-8.1,5.3,-10.9,3341,3735.0,-8.6,1.2,421,-
7649,スギホールディングス,小売業,1.0,★☆☆☆☆,0.0,0.0,1.0,0.0,0.0,0.0,0.0,0.0,見送り(地合い🔴),,0.0,-2.8,3.2,-7.3,2611,2790.0,-3.1,0.9,3180,-
5076,インフロニア・ホールディングス,建設業,1.0,★☆☆☆☆,0.0,0.0,0.0,0.0,1.0,0.0,0.0,0.0,見送り(地合い🔴),,0.0,4.4,3.3,-6.7,2400,2571.0,-9.2,1.1,4694,-
4568,第一三共,医薬品,1.0,★☆☆☆☆,0.0,0.0,1.0,0.0,0.0,0.0,0.0,0.0,見送り(地合い🔴),,0.0,5.6,3.5,-5.6,2391,2570.0,-8.9,1.3,18982,-
4553,東和薬品,医薬品,1.0,★☆☆☆☆,0.0,0.0,0.0,0.0,1.0,0.0,0.0,0.0,見送り(地合い🔴),,0.0,8.2,3.0,-3.8,3672,3910.0,-5.7,0.7,521,-
5253,カバー,情報・通信業,1.0,★☆☆☆☆,0.0,0.0,1.0,0.0,0.0,0.0,0.0,0.0,見送り(地合い🔴),,0.0,2.7,8.8,-6.6,1201,1457.0,-11.7,0.7,4064,-
9072,ニッコンホールディングス,陸運業,1.0,★☆☆☆☆,0.0,0.0,1.0,0.0,0.0,0.0,0.0,0.0,見送り(地合い🔴),,0.0,-2.5,2.6,-6.2,4781,5038.0,-1.1,1.2,1129,-
2531,宝ホールディングス,食料品,1.0,★☆☆☆☆,0.0,0.0,0.0,0.0,1.0,0.0,0.0,0.0,見送り(地合い🔴),,0.0,4.8,3.0,-5.3,1912,2034.0,-6.9,0.9,985,-
3915,テラスカイ,情報・通信業,1.0,★☆☆☆☆,0.0,0.0,1.0,0.0,0.0,0.0,0.0,0.0,見送り(地合い🔴),,0.0,4.2,5.1,-1.6,1958,2180.0,7.4,1.4,531,-
9502,中部電力,電気・ガス業,1.0,★☆☆☆☆,0.0,0.0,0.0,0.0,1.0,0.0,0.0,0.0,見送り(地合い🔴),,0.0,-6.4,4.2,-10.4,2470,2699.5,-10.2,1.0,13472,-
3922,ＰＲ　ＴＩＭＥＳ,情報・通信業,1.0,★☆☆☆☆,0.0,0.0,1.0,0.0,0.0,0.0,0.0,0.0,見送り(地合い🔴),,0.0,-6.1,3.3,-8.3,1925,2061.0,-3.6,0.7,155,-
5885,ジーデップ・アドバンス,卸売業,1.0,★☆☆☆☆,0.0,0.0,1.0,0.0,0.0,0.0,0.0,0.0,見送り(地合い🔴),,0.0,-0.0,6.1,-4.0,2360,2687.0,-1.9,0.3,187,-
5838,楽天銀行,銀行業,1.0,★☆☆☆☆,0.0,0.0,1.0,0.0,0.0,0.0,0.0,0.0,見送り(地合い🔴),,0.0,6.9,4.5,-3.5,4823,5304.0,-6.1,0.6,6307,-
9409,テレビ朝日ホールディングス,情報・通信業,1.0,★☆☆☆☆,0.0,0.0,0.0,0.0,1.0,0.0,0.0,0.0,見送り(地合い🔴),,0.0,4.5,2.3,-2.9,2943,3085.0,-2.8,1.0,593,-
1926,ライト工業,建設業,1.0,★☆☆☆☆,0.0,0.0,0.0,0.0,1.0,0.0,0.0,0.0,見送り(地合い🔴),,0.0,-0.9,2.4,-5.8,3532,3710.0,-4.9,1.0,599,-
277A,グロービング,サービス業,1.0,★☆☆☆☆,0.0,0.0,1.0,0.0,0.0,0.0,0.0,0.0,見送り(地合い🔴),,0.0,-20.3,6.7,-16.8,1393,1608.0,-1.2,0.3,614,-
4419,Ｆｉｎａｔｅｘｔホールディングス,情報・通信業,1.0,★☆☆☆☆,0.0,0.0,0.0,0.0,1.0,0.0,0.0,0.0,見送り(地合い🔴),,0.0,6.8,6.0,-3.3,1309,1489.0,-5.1,0.6,813,-
4887,サワイグループホールディングス,医薬品,1.0,★☆☆☆☆,0.0,0.0,1.0,0.0,0.0,0.0,0.0,0.0,見送り(地合い🔴),,0.0,2.7,2.0,-4.0,1553,1616.5,-3.7,1.2,710,-
1812,鹿島建設,建設業,1.0,★☆☆☆☆,0.0,0.0,1.0,0.0,0.0,0.0,0.0,0.0,見送り(地合い🔴),,0.0,-5.7,3.5,-7.9,4890,5255.0,-7.1,1.3,8602,-
8141,新光商事,卸売業,1.0,★☆☆☆☆,0.0,0.0,0.0,0.0,1.0,0.0,0.0,0.0,見送り(地合い🔴),,0.0,7.5,1.2,-1.1,1532,1569.0,-0.6,0.7,204,-
9960,東テク,卸売業,1.0,★☆☆☆☆,0.0,0.0,0.0,0.0,1.0,0.0,0.0,0.0,見送り(地合い🔴),,0.0,0.0,3.8,-4.1,3607,3900.0,-4.2,1.0,387,-
9336,大栄環境,サービス業,1.0,★☆☆☆☆,0.0,0.0,0.0,0.0,1.0,0.0,0.0,0.0,見送り(地合い🔴),,0.0,4.1,3.2,-4.8,3410,3645.0,-4.7,1.1,571,-
4082,第一稀元素化学工業,化学,1.0,★☆☆☆☆,0.0,0.0,1.0,0.0,0.0,0.0,0.0,0.0,見送り(地合い🔴),,0.0,-3.9,5.2,-5.5,1610,1795.0,-3.1,1.2,330,-
9270,バリュエンスホールディングス,卸売業,1.0,★☆☆☆☆,0.0,0.0,1.0,0.0,0.0,0.0,0.0,0.0,見送り(地合い🔴),,0.0,-6.5,6.4,-9.0,1621,1857.0,-2.7,0.4,291,-
9256,サクシード,サービス業,1.0,★☆☆☆☆,0.0,0.0,1.0,0.0,0.0,0.0,0.0,0.0,見送り(地合い🔴),,0.0,-65.9,38.4,-64.9,293,1260.0,-46.3,1.4,726,-
8844,コスモスイニシア,不動産業,1.0,★☆☆☆☆,0.0,0.0,0.0,0.0,1.0,0.0,0.0,0.0,見送り(地合い🔴),,0.0,0.8,2.7,-4.7,1236,1306.0,-2.4,1.1,121,開示[自己株式の取得](14日前)
1808,長谷工コーポレーション,建設業,1.0,★☆☆☆☆,0.0,0.0,1.0,0.0,0.0,0.0,0.0,0.0,見送り(地合い🔴),,0.0,4.3,2.1,-3.9,2591,2704.5,-5.1,1.2,2554,-
9247,ＴＲＥホールディングス,サービス業,1.0,★☆☆☆☆,0.0,0.0,0.0,0.0,1.0,0.0,0.0,0.0,見送り(地合い🔴),,0.0,5.9,3.9,-3.5,1879,2037.0,-4.3,0.9,726,-
6745,ホーチキ,電気機器,1.0,★☆☆☆☆,0.0,0.0,0.0,0.0,1.0,0.0,0.0,0.0,見送り(地合い🔴),,0.0,0.2,4.5,-2.6,1737,1910.0,-3.1,1.0,427,-
2264,森永乳業,食料品,1.0,★☆☆☆☆,0.0,0.0,0.0,0.0,1.0,0.0,0.0,0.0,見送り(地合い🔴),,0.0,-0.9,3.5,-6.1,1095,1177.5,-7.2,0.8,2345,-
4694,ビー・エム・エル,サービス業,1.0,★☆☆☆☆,0.0,0.0,0.0,0.0,1.0,0.0,0.0,0.0,見送り(地合い🔴),,0.0,6.0,1.9,-2.4,3397,3535.0,-1.9,1.0,260,-
4569,杏林製薬,医薬品,1.0,★☆☆☆☆,0.0,0.0,1.0,0.0,0.0,0.0,0.0,0.0,見送り(地合い🔴),,0.0,3.2,2.3,-5.1,1062,1114.0,-5.8,1.4,180,-
4527,ロート製薬,医薬品,1.0,★☆☆☆☆,0.0,0.0,1.0,0.0,0.0,0.0,0.0,0.0,見送り(地合い🔴),,0.0,7.1,3.0,-2.3,2228,2369.5,-0.1,1.3,2555,-
2267,ヤクルト本社,食料品,1.0,★☆☆☆☆,0.0,0.0,1.0,0.0,0.0,0.0,0.0,0.0,見送り(地合い🔴),,0.0,6.3,2.9,-1.3,2620,2781.5,-1.2,1.3,3740,-
4536,参天製薬,医薬品,1.0,★☆☆☆☆,0.0,0.0,0.0,0.0,1.0,0.0,0.0,0.0,見送り(地合い🔴),,0.0,-6.8,2.8,-9.9,1766,1869.0,-5.2,0.9,2419,-
2337,いちご,不動産業,1.0,★☆☆☆☆,0.0,0.0,1.0,0.0,0.0,0.0,0.0,0.0,見送り(地合い🔴),,0.0,0.3,3.2,-7.2,375,401.0,-7.2,1.2,402,-
6629,テクノホライゾン,電気機器,0.4,★☆☆☆☆,0.0,0.0,0.0,0.0,0.0,0.0,0.4,0.0,見送り(地合い🔴),,0.0,-0.3,5.7,-4.5,836,943.0,-3.9,0.6,280,開示[子会社化](11日前)
2334,イオレ,サービス業,0.3,★☆☆☆☆,0.0,0.0,0.0,0.0,0.0,0.0,0.3,0.0,見送り(地合い🔴),,0.0,-15.3,5.9,-13.5,409,464.0,-9.0,0.5,806,開示[データセンター](12日前)
3776,ブロードバンドタワー,情報・通信業,0.2,★☆☆☆☆,0.0,0.0,0.0,0.0,0.0,0.0,0.2,0.0,見送り(地合い🔴),,0.0,-8.9,6.3,-9.9,211,241.0,1.7,0.8,208,開示[業績予想の修正](13日前)
4667,アイサンテクノロジー,情報・通信業,0.0,★☆☆☆☆,0.0,0.0,0.0,0.0,0.0,0.0,0.0,0.0,見送り(地合い🔴),,0.0,-7.1,4.7,-8.3,1656,1829.0,-4.7,0.5,103,-
3687,フィックスターズ,情報・通信業,0.0,★☆☆☆☆,0.0,0.0,0.0,0.0,0.0,0.0,0.0,0.0,見送り(地合い🔴),,0.0,-3.4,5.8,-6.0,1852,2094.0,-4.1,0.6,1844,-
4222,児玉化学工業,化学,0.0,★☆☆☆☆,0.0,0.0,0.0,0.0,0.0,0.0,0.0,0.0,見送り(地合い🔴),,0.0,-8.3,4.5,-9.2,515,566.0,-4.6,1.0,126,-
1968,太平電業,建設業,0.0,★☆☆☆☆,0.0,0.0,0.0,0.0,0.0,0.0,0.0,0.0,見送り(地合い🔴),,0.0,1.7,3.2,-4.2,2234,2387.0,-3.7,1.0,360,-
1861,熊谷組,建設業,0.0,★☆☆☆☆,0.0,0.0,0.0,0.0,0.0,0.0,0.0,0.0,見送り(地合い🔴),,0.0,5.7,2.5,-3.5,1334,1404.0,-4.4,1.0,1089,-
6433,ヒーハイスト,機械,0.0,★☆☆☆☆,0.0,0.0,0.0,0.0,0.0,0.0,0.0,0.0,見送り(地合い🔴),,0.0,-6.9,8.7,-9.2,751,908.0,1.6,0.5,134,-
7746,岡本硝子,精密機器,0.0,★☆☆☆☆,0.0,0.0,0.0,0.0,0.0,0.0,0.0,0.0,見送り(地合い🔴),,0.0,-6.9,4.7,-9.0,654,722.0,-6.2,0.4,350,-
3905,データセクション,情報・通信業,0.0,★☆☆☆☆,0.0,0.0,0.0,0.0,0.0,0.0,0.0,0.0,見送り(地合い🔴),,0.0,-21.8,9.2,-18.2,1796,2200.0,-5.3,1.1,4796,-
6864,エヌエフホールディングス,電気機器,0.0,★☆☆☆☆,0.0,0.0,0.0,0.0,0.0,0.0,0.0,0.0,見送り(地合い🔴),,0.0,-7.2,5.1,-8.0,1309,1457.0,-6.5,0.8,110,-
7318,セレンディップ・ホールディングス,輸送用機器,0.0,★☆☆☆☆,0.0,0.0,0.0,0.0,0.0,0.0,0.0,0.0,見送り(地合い🔴),,0.0,-10.4,7.2,-7.0,1635,1911.0,-4.6,0.6,309,-
4425,Ｋｕｄａｎ,情報・通信業,0.0,★☆☆☆☆,0.0,0.0,0.0,0.0,0.0,0.0,0.0,0.0,見送り(地合い🔴),,0.0,-10.6,6.0,-11.8,1419,1612.0,-6.8,0.8,257,-
5074,テスホールディングス,建設業,0.0,★☆☆☆☆,0.0,0.0,0.0,0.0,0.0,0.0,0.0,0.0,見送り(地合い🔴),,0.0,-15.4,9.4,-13.2,551,678.0,-3.8,0.5,1900,-
4420,イーソル,情報・通信業,0.0,★☆☆☆☆,0.0,0.0,0.0,0.0,0.0,0.0,0.0,0.0,見送り(地合い🔴),,0.0,-1.9,4.7,-9.0,650,717.0,-3.9,0.6,109,-
4565,ネクセラファーマ,医薬品,0.0,★☆☆☆☆,0.0,0.0,0.0,0.0,0.0,0.0,0.0,0.0,見送り(地合い🔴),,0.0,-3.5,3.7,-7.3,791,853.0,-5.3,1.1,590,-
1801,大成建設,建設業,0.0,★☆☆☆☆,0.0,0.0,0.0,0.0,0.0,0.0,0.0,0.0,見送り(地合い🔴),,0.0,-3.3,4.0,-6.9,11865,12910.0,-6.7,1.0,8710,-
4680,ラウンドワン,サービス業,0.0,★☆☆☆☆,0.0,0.0,0.0,0.0,0.0,0.0,0.0,0.0,見送り(地合い🔴),,0.0,4.7,4.5,-2.1,1100,1208.0,-2.1,0.8,3624,-
1802,大林組,建設業,0.0,★☆☆☆☆,0.0,0.0,0.0,0.0,0.0,0.0,0.0,0.0,見送り(地合い🔴),,0.0,2.8,2.7,-4.3,2945,3114.0,-6.5,0.9,7552,-
9793,ダイセキ,サービス業,0.0,★☆☆☆☆,0.0,0.0,0.0,0.0,0.0,0.0,0.0,0.0,見送り(地合い🔴),,0.0,5.5,2.2,-3.7,3559,3720.0,-3.0,1.0,554,-
2206,江崎グリコ,食料品,0.0,★☆☆☆☆,0.0,0.0,0.0,0.0,0.0,0.0,0.0,0.0,見送り(地合い🔴),,0.0,1.3,2.1,-4.7,4756,4967.0,-3.4,1.1,1468,-
4593,ヘリオス,医薬品,0.0,★☆☆☆☆,0.0,0.0,0.0,0.0,0.0,0.0,0.0,0.0,見送り(地合い🔴),,0.0,2.6,6.0,-5.6,207,235.0,-3.3,0.6,394,-
8830,住友不動産,不動産業,0.0,★☆☆☆☆,0.0,0.0,0.0,0.0,0.0,0.0,0.0,0.0,見送り(地合い🔴),,0.0,-0.4,3.0,-6.9,3291,3501.0,-7.4,1.1,9414,-
4528,小野薬品工業,医薬品,0.0,★☆☆☆☆,0.0,0.0,0.0,0.0,0.0,0.0,0.0,0.0,見送り(地合い🔴),,0.0,5.2,3.0,-3.3,2197,2337.5,-4.2,1.1,3827,-
4107,伊勢化学工業,化学,0.0,★☆☆☆☆,0.0,0.0,0.0,0.0,0.0,0.0,0.0,0.0,見送り(地合い🔴),,0.0,-6.4,4.4,-7.9,3149,3450.0,-6.1,0.9,817,-
6753,シャープ,電気機器,0.0,★☆☆☆☆,0.0,0.0,0.0,0.0,0.0,0.0,0.0,0.0,見送り(地合い🔴),,0.0,6.1,3.3,-1.4,582,623.0999755859375,2.4,1.2,2050,-
6544,ジャパンエレベーターサービスホールディングス,サービス業,0.0,★☆☆☆☆,0.0,0.0,0.0,0.0,0.0,0.0,0.0,0.0,見送り(地合い🔴),,0.0,-1.5,3.1,-6.1,1541,1641.0,-2.8,1.2,916,-
6597,ＨＰＣシステムズ,電気機器,0.0,★☆☆☆☆,0.0,0.0,0.0,0.0,0.0,0.0,0.0,0.0,見送り(地合い🔴),,0.0,-15.4,6.2,-12.2,2850,3255.0,-4.4,0.5,233,-
5724,アサカ理研,非鉄金属,0.0,★☆☆☆☆,0.0,0.0,0.0,0.0,0.0,0.0,0.0,0.0,見送り(地合い🔴),,0.0,-6.3,5.4,-5.7,2035,2281.0,-6.7,0.8,123,-
7685,ＢｕｙＳｅｌｌ　Ｔｅｃｈｎｏｌｏｇｉｅｓ,卸売業,0.0,★☆☆☆☆,0.0,0.0,0.0,0.0,0.0,0.0,0.0,0.0,見送り(地合い🔴),,0.0,-8.6,5.0,-11.2,2659,2952.0,-4.0,0.7,1144,-
4151,協和キリン,医薬品,0.0,★☆☆☆☆,0.0,0.0,0.0,0.0,0.0,0.0,0.0,0.0,見送り(地合い🔴),,0.0,3.0,2.6,-4.6,2383,2515.5,-5.5,1.2,2878,-
6166,中村超硬,機械,0.0,★☆☆☆☆,0.0,0.0,0.0,0.0,0.0,0.0,0.0,0.0,見送り(地合い🔴),,0.0,-26.6,7.0,-14.5,518,603.0,-5.2,0.2,352,-
2931,ユーグレナ,食料品,0.0,★☆☆☆☆,0.0,0.0,0.0,0.0,0.0,0.0,0.0,0.0,見送り(地合い🔴),,0.0,9.2,2.4,-1.6,321,337.0,-3.7,0.8,231,-
7719,東京衡機,精密機器,0.0,★☆☆☆☆,0.0,0.0,0.0,0.0,0.0,0.0,0.0,0.0,見送り(地合い🔴),,0.0,8.1,8.5,-2.1,358,431.0,-0.7,0.2,159,-
4265,Ｉｎｓｔｉｔｕｔｉｏｎ　ｆｏｒ　ａ　Ｇｌｏｂａｌ　Ｓｏｃｉｅｔｙ,情報・通信業,0.0,★☆☆☆☆,0.0,0.0,0.0,0.0,0.0,0.0,0.0,0.0,見送り(地合い🔴),,0.0,-14.2,9.4,-15.2,240,295.0,-3.6,0.2,121,-
1893,五洋建設,建設業,0.0,★☆☆☆☆,0.0,0.0,0.0,0.0,0.0,0.0,0.0,0.0,見送り(地合い🔴),,0.0,-3.8,4.4,-7.0,1364,1494.5,-5.6,1.1,2678,-
3086,Ｊ．フロント　リテイリング,小売業,0.0,★☆☆☆☆,0.0,0.0,0.0,0.0,0.0,0.0,0.0,0.0,見送り(地合い🔴),,0.0,-0.6,4.3,-9.1,2638,2883.0,-6.0,1.2,3717,-
2962,テクニスコ,金属製品,0.0,★☆☆☆☆,0.0,0.0,0.0,0.0,0.0,0.0,0.0,0.0,見送り(地合い🔴),,0.0,-14.0,10.5,-16.2,911,1153.0,-4.4,0.2,276,-
6356,日本ギア工業,機械,0.0,★☆☆☆☆,0.0,0.0,0.0,0.0,0.0,0.0,0.0,0.0,見送り(地合い🔴),,0.0,-13.5,6.2,-11.6,1125,1284.0,-6.9,0.3,422,-
6071,ＩＢＪ,サービス業,0.0,★☆☆☆☆,0.0,0.0,0.0,0.0,0.0,0.0,0.0,0.0,見送り(地合い🔴),,0.0,9.3,2.6,-0.8,778,820.0,-0.6,0.8,128,-
9211,エフ・コード,サービス業,0.0,★☆☆☆☆,0.0,0.0,0.0,0.0,0.0,0.0,0.0,0.0,見送り(地合い🔴),,0.0,3.7,3.7,-1.9,1252,1352.0,-1.6,0.8,148,-
3911,Ａｉｍｉｎｇ,情報・通信業,0.0,★☆☆☆☆,0.0,0.0,0.0,0.0,0.0,0.0,0.0,0.0,見送り(地合い🔴),,0.0,-3.4,4.5,-11.0,161,177.0,-17.3,1.0,126,-
3299,ムゲンエステート,不動産業,0.0,★☆☆☆☆,0.0,0.0,0.0,0.0,0.0,0.0,0.0,0.0,見送り(地合い🔴),,0.0,13.7,2.3,-0.6,1818,1907.0,-5.3,1.0,269,-
3854,アイル,情報・通信業,0.0,★☆☆☆☆,0.0,0.0,0.0,0.0,0.0,0.0,0.0,0.0,見送り(地合い🔴),,0.0,5.9,2.6,-3.2,2109,2225.0,-1.7,1.0,227,-
7956,ピジョン,その他製品,0.0,★☆☆☆☆,0.0,0.0,0.0,0.0,0.0,0.0,0.0,0.0,見送り(地合い🔴),,0.0,4.0,2.3,-2.7,1892,1984.5,0.5,1.1,1858,-
6231,木村工機,機械,0.0,★☆☆☆☆,0.0,0.0,0.0,0.0,0.0,0.0,0.0,0.0,見送り(地合い🔴),,0.0,0.8,4.1,-8.5,10461,11390.0,-10.0,0.8,153,-
6232,ＡＣＳＬ,機械,0.0,★☆☆☆☆,0.0,0.0,0.0,0.0,0.0,0.0,0.0,0.0,見送り(地合い🔴),,0.0,-3.3,6.9,-5.4,1407,1631.0,-3.5,0.7,1115,-
6036,ＫｅｅＰｅｒ技研,サービス業,0.0,★☆☆☆☆,0.0,0.0,0.0,0.0,0.0,0.0,0.0,0.0,見送り(地合い🔴),,0.0,7.4,2.3,-2.3,2639,2764.0,-0.3,0.8,306,-
4392,ＦＩＧ,情報・通信業,0.0,★☆☆☆☆,0.0,0.0,0.0,0.0,0.0,0.0,0.0,0.0,見送り(地合い🔴),,0.0,-20.0,8.6,-19.4,691,836.0,-11.9,0.6,1144,-
4691,ワシントンホテル,サービス業,0.0,★☆☆☆☆,0.0,0.0,0.0,0.0,0.0,0.0,0.0,0.0,見送り(地合い🔴),,0.0,-11.6,4.9,-11.5,1922,2129.0,-6.9,0.5,138,-
7794,イーディーピー,その他製品,0.0,★☆☆☆☆,0.0,0.0,0.0,0.0,0.0,0.0,0.0,0.0,見送り(地合い🔴),,0.0,-21.8,5.9,-15.9,756,856.0,-8.4,0.7,342,-
5985,サンコール,金属製品,0.0,★☆☆☆☆,0.0,0.0,0.0,0.0,0.0,0.0,0.0,0.0,見送り(地合い🔴),,0.0,-13.2,7.7,-8.2,1095,1294.0,4.3,1.2,1034,-
3591,ワコールホールディングス,繊維製品,0.0,★☆☆☆☆,0.0,0.0,0.0,0.0,0.0,0.0,0.0,0.0,見送り(地合い🔴),,0.0,7.2,1.9,-2.1,4192,4360.0,-2.7,1.2,372,-
9941,太洋物産,卸売業,0.0,★☆☆☆☆,0.0,0.0,0.0,0.0,0.0,0.0,0.0,0.0,見送り(地合い🔴),,0.0,-20.0,7.1,-14.8,999,1164.0,-11.3,0.4,160,-
1720,東急建設,建設業,0.0,★☆☆☆☆,0.0,0.0,0.0,0.0,0.0,0.0,0.0,0.0,見送り(地合い🔴),,0.0,4.5,2.4,-3.3,1086,1140.0,-4.0,1.2,382,-
6492,岡野バルブ製造,機械,0.0,★☆☆☆☆,0.0,0.0,0.0,0.0,0.0,0.0,0.0,0.0,見送り(地合い🔴),,0.0,-27.7,7.1,-15.1,11671,13610.0,-2.4,1.1,561,-
