code,name,sector,score,score_raw,days_in_top,rank,stars,linkage,ignition,rs_days,rs_slope,theme,supply,etf,tech,fund,material,penalty,signal,driver,gap_pct,rs20,atr_pct,dev25,stop,close,chg5d,v_ratio,turnover_m,reasons_str
8876,リログループ,サービス業,46.2,46.2,1,1,★★★★★,0.0,16.0,1,6.1,0.0,6.7,0.0,15.0,8.5,0.0,0.0,監視(強),,0.0,10.8,1.7,6.7,2188,2262.5,3.4,2.7,972,RS転換1日目 / RS加速+6.1 / 高値圏かつ未過熱 / 出来高増2.7倍 / 買い出来高優勢 / MA上昇配列 / パーフェクトオーダー / 52週高値ブレイク! / ROE29% / PER17倍
5020,ＥＮＥＯＳホールディングス,石油・石炭製品,45.1,45.099999999999994,1,2,★★★★★,0.0,18.0,0,4.4,0.0,3.3,0.0,12.0,9.0,2.8,0.0,監視(強),,0.0,4.3,2.2,6.0,1328,1389.0,3.5,1.0,9476,RS転換0日目 / RS加速+4.4 / 25MA上抜け8日目 / 高値圏かつ未過熱 / 買い出来高優勢 / MA上昇配列 / パーフェクトオーダー / 開示[自己株式の取得](1日前) / 増収+19% / ROE20% / PER14倍
8354,ふくおかフィナンシャルグループ,銀行業,42.4,43.8,2,3,★★★★★,0.0,18.0,1,8.3,0.0,3.3,0.0,15.0,7.5,0.0,0.0,監視(強),,0.0,4.9,2.3,4.6,7572,7941.0,3.8,0.7,4836,RS転換1日目 / RS加速+8.3 / 25MA上抜け7日目 / 高値圏かつ未過熱 / 買い出来高優勢 / MA上昇配列 / パーフェクトオーダー / 52週高値ブレイク! / PER18倍
8309,三井住友トラストグループ,銀行業,41.9,42.0,2,4,★★★★★,0.0,16.0,1,8.8,0.0,2.0,0.0,15.0,9.0,0.0,0.0,監視(強),,0.0,8.2,2.1,5.8,1732,1809.5,4.4,1.0,14393,RS転換1日目 / RS加速+8.8 / 高値圏かつ未過熱 / MA上昇配列 / パーフェクトオーダー / 52週高値ブレイク! / 増収+27% / PER14倍
7337,ひろぎんホールディングス,銀行業,41.9,43.3,2,5,★★★★★,0.0,16.0,2,9.2,0.0,3.3,0.0,15.0,9.0,0.0,0.0,監視(強),,0.0,6.3,2.3,5.4,2311,2421.0,4.5,0.9,1517,RS転換2日目 / RS加速+9.2 / 高値圏かつ未過熱 / 買い出来高優勢 / MA上昇配列 / パーフェクトオーダー / 52週高値ブレイク! / 増収+42% / PER17倍
3663,セルシス,情報・通信業,41.8,41.8,1,6,★★★★★,0.0,18.0,1,13.4,0.0,3.3,0.0,12.0,8.5,0.0,0.0,監視(強),,0.0,12.5,3.6,6.2,1846,1990.0,6.8,1.0,406,RS転換1日目 / RS加速+13.4 / 25MA上抜け8日目 / 高値圏かつ未過熱 / 買い出来高優勢 / MA上昇配列 / パーフェクトオーダー / 増収+18% / ROE28%
5832,ちゅうぎんフィナンシャルグループ,銀行業,41.5,41.5,2,7,★★★★★,0.0,18.0,1,8.1,0.0,2.0,0.0,13.5,8.0,0.0,0.0,監視(強),,0.0,5.8,2.4,4.3,3392,3566.0,3.9,1.0,948,RS転換1日目 / RS加速+8.1 / 25MA上抜け7日目 / 高値圏かつ未過熱 / MA上昇配列 / パーフェクトオーダー / 52週高値目前 / 増収+136% / PER16倍
6371,椿本チエイン,機械,41.5,44.599999999999994,2,8,★★★★★,0.0,18.0,1,5.2,0.0,3.3,0.0,13.5,7.0,2.8,0.0,監視(強),,0.0,4.3,1.5,2.3,2654,2737.0,1.8,0.9,449,RS転換1日目 / RS加速+5.2 / 25MA上抜け8日目 / 高値圏かつ未過熱 / 買い出来高優勢 / MA上昇配列 / パーフェクトオーダー / 52週高値目前 / 開示[自己株式の取得](1日前) / 増収+30% / PER9倍
8725,ＭＳ＆ＡＤインシュアランスグループホールディングス,保険業,41.5,42.0,2,9,★★★★★,0.0,18.0,1,5.2,0.0,2.0,0.0,15.0,7.0,0.0,0.0,監視(強),,0.0,4.6,2.3,5.1,4944,5187.0,2.3,1.2,19432,RS転換1日目 / RS加速+5.2 / 25MA上抜け7日目 / 高値圏かつ未過熱 / MA上昇配列 / パーフェクトオーダー / 52週高値ブレイク! / ROE16% / PER10倍
8157,都築電気,情報・通信業,41.5,42.0,2,10,★★★★★,0.0,18.0,1,10.8,0.0,2.0,0.0,15.0,7.0,0.0,0.0,監視(強),,0.0,9.9,2.1,5.5,4127,4310.0,3.5,1.0,158,RS転換1日目 / RS加速+10.8 / 25MA上抜け8日目 / 高値圏かつ未過熱 / MA上昇配列 / パーフェクトオーダー / 52週高値ブレイク! / 増収+17% / PER12倍
6501,日立製作所,電気機器,41.4,46.099999999999994,4,11,★★★★★,0.0,14.0,1,-2.6,16.4,2.0,0.0,8.2,5.5,0.0,0.0,監視(強),,0.0,1.5,2.8,2.6,5232,5541.0,4.5,0.8,60111,RS転換1日目 / 25MA上抜け6日目 / 高値圏かつ未過熱 / 量子(+5.2%) / MA上昇配列 / パーフェクトオーダー / 増収+20%
3107,ダイワボウホールディングス,卸売業,41.1,44.3,2,12,★★★★★,0.0,18.0,1,5.4,0.0,2.0,0.0,15.0,6.5,2.8,0.0,監視(強),,0.0,6.2,2.3,5.0,3685,3862.0,4.9,0.8,934,RS転換1日目 / RS加速+5.4 / 25MA上抜け7日目 / 高値圏かつ未過熱 / MA上昇配列 / パーフェクトオーダー / 52週高値ブレイク! / 開示[自己株式の取得](1日前) / ROE19% / PER11倍
4666,パーク２４,不動産業,41.0,41.0,1,13,★★★★★,0.0,18.0,0,4.4,0.0,8.0,0.0,9.0,6.0,0.0,0.0,監視(強),,0.0,3.3,1.7,3.8,2004,2076.0,2.7,4.0,1679,RS転換0日目 / RS加速+4.4 / 25MA上抜け1日目 / 高値圏かつ未過熱 / 出来高急増4.0倍 / 買い出来高優勢 / MA上昇配列 / ROE41% / PER9倍
4956,コニシ,化学,41.0,41.0,1,14,★★★★★,0.0,18.0,0,7.9,0.0,4.3,0.0,12.2,6.5,0.0,0.0,監視(強),,0.0,4.1,2.0,3.6,1446,1505.0,4.1,1.3,115,RS転換0日目 / RS加速+7.9 / 25MA上抜け4日目 / 高値圏かつ未過熱 / 買い出来高優勢 / MA上昇配列 / パーフェクトオーダー / 52週高値目前 / PER12倍
7988,ニフコ,化学,40.6,40.6,1,15,★★★★★,0.0,14.0,0,6.3,0.0,4.0,0.0,10.7,6.5,5.4,0.0,監視(強),,0.0,0.8,2.0,1.5,4967,5176.0,2.7,1.9,1384,RS転換0日目 / RS加速+6.3 / 高値圏かつ未過熱 / MA上昇配列 / パーフェクトオーダー / 開示[自己株式の取得](1日前) / 開示[自己株式の取得](2日前) / PER14倍
6345,アイチ　コーポレーション,機械,40.5,40.5,1,16,★★★★★,0.0,16.0,0,0.1,0.0,4.0,0.0,15.0,5.5,0.0,0.0,監視,,0.0,0.5,1.5,3.5,1434,1479.0,1.4,1.4,288,RS転換0日目 / 25MA上抜け7日目 / 高値圏かつ未過熱 / MA上昇配列 / パーフェクトオーダー / 52週高値ブレイク! / PER15倍
2060,フィード・ワン,食料品,40.5,40.5,1,17,★★★★★,0.0,16.0,2,5.2,0.0,5.3,0.0,13.7,5.5,0.0,0.0,監視,,0.0,12.3,2.1,8.2,1409,1472.0,4.8,1.4,160,RS転換2日目 / RS加速+5.2 / 高値圏かつ未過熱 / 買い出来高優勢 / MA上昇配列 / パーフェクトオーダー / 52週高値ブレイク! / PER9倍
7282,豊田合成,輸送用機器,40.5,40.5,1,18,★★★★★,0.0,18.0,0,4.4,0.0,2.0,0.0,13.5,7.0,0.0,0.0,監視,,0.0,5.4,2.5,5.8,5307,5581.0,5.0,0.8,2300,RS転換0日目 / RS加速+4.4 / 25MA上抜け8日目 / 高値圏かつ未過熱 / MA上昇配列 / パーフェクトオーダー / 52週高値目前 / 増収+17% / PER11倍
8078,阪和興業,卸売業,40.1,40.1,1,19,★★★★★,0.0,11.5,33,4.1,0.0,5.3,0.0,15.0,5.5,2.8,0.0,監視,,0.0,10.4,2.1,8.2,1866,1949.0,4.3,1.6,853,RS加速+4.1 / 高値圏かつ未過熱 / 買い出来高優勢 / MA上昇配列 / パーフェクトオーダー / 52週高値ブレイク! / 開示[自己株式の取得](1日前) / PER10倍
4205,日本ゼオン,化学,40.1,41.8,2,20,★★★★★,0.0,16.0,1,8.5,0.0,5.3,0.0,15.0,5.5,0.0,0.0,監視,,0.0,13.6,2.4,9.5,2494,2618.0,8.8,1.6,2189,RS転換1日目 / RS加速+8.5 / 高値圏かつ未過熱 / 買い出来高優勢 / MA上昇配列 / パーフェクトオーダー / 52週高値ブレイク! / PER14倍
6702,富士通,電気機器,40.1,49.699999999999996,4,21,★★★★★,0.0,16.0,1,4.1,16.4,3.3,0.0,9.0,5.0,0.0,0.0,監視,,0.0,9.7,3.0,6.5,3712,3947.0,5.9,0.9,23726,RS転換1日目 / RS加速+4.1 / 高値圏かつ未過熱 / 量子(+5.2%) / 買い出来高優勢 / MA上昇配列 / ROE16% / PER23倍
4812,電通総研,情報・通信業,40.1,41.5,2,22,★★★★★,0.0,18.0,1,3.5,0.0,4.0,0.0,13.5,6.0,0.0,0.0,監視,,0.0,2.6,1.8,4.6,2751,2853.0,4.7,2.0,2336,RS転換1日目 / RS加速+3.5 / 25MA上抜け10日目 / 高値圏かつ未過熱 / MA上昇配列 / パーフェクトオーダー / 52週高値目前 / ROE18%
5482,愛知製鋼,鉄鋼,40.0,40.0,1,23,★★★★★,0.0,18.0,1,6.2,0.0,4.0,0.0,13.5,4.5,0.0,0.0,監視,,0.0,6.0,2.5,5.5,3197,3365.0,5.0,1.9,442,RS転換1日目 / RS加速+6.2 / 25MA上抜け8日目 / 高値圏かつ未過熱 / MA上昇配列 / パーフェクトオーダー / 52週高値目前 / PER20倍
5423,東京製鐵,鉄鋼,39.8,39.8,1,24,★★★★☆,0.0,18.0,0,7.9,0.0,4.0,0.0,12.0,3.0,2.8,0.0,監視,,0.0,4.3,2.0,4.9,1746,1819.0,6.7,1.9,533,RS転換0日目 / RS加速+7.9 / 25MA上抜け0日目 / 高値圏かつ未過熱 / MA上昇配列 / パーフェクトオーダー / 開示[自己株式の取得](1日前) / PER16倍
8707,岩井コスモホールディングス,証券、商品先物取引業,39.8,43.8,4,25,★★★★☆,0.0,16.0,9,4.5,0.0,4.3,0.0,13.5,10.0,0.0,0.0,監視,,0.0,9.1,2.3,6.6,4484,4700.0,2.6,1.3,527,RS転換9日目 / RS加速+4.5 / 高値圏かつ未過熱 / 買い出来高優勢 / MA上昇配列 / パーフェクトオーダー / 52週高値目前 / 増収+40% / ROE17% / PER11倍
6301,小松製作所,機械,39.8,39.8,1,26,★★★★☆,0.0,16.0,1,1.6,0.0,1.0,0.0,13.5,6.5,2.8,0.0,監視,,0.0,8.0,2.5,3.8,7134,7507.0,0.9,0.9,19233,RS転換1日目 / 25MA上抜け8日目 / 高値圏かつ未過熱 / MA上昇配列 / パーフェクトオーダー / 52週高値目前 / 開示[自己株式の取得](1日前) / PER18倍
6351,鶴見製作所,機械,39.6,40.8,2,27,★★★★☆,0.0,16.0,10,8.2,0.0,3.0,0.0,13.5,5.5,2.8,0.0,監視,,0.0,14.4,2.7,9.7,2452,2594.0,8.1,0.7,187,RS転換10日目 / RS加速+8.2 / 高値圏かつ未過熱 / MA上昇配列 / パーフェクトオーダー / 52週高値目前 / 開示[自己株式の取得](1日前) / PER24倍
7278,エクセディ,輸送用機器,39.6,39.599999999999994,1,28,★★★★☆,0.0,16.0,0,4.1,0.0,3.3,0.0,13.5,4.0,2.8,0.0,監視,,0.0,4.1,1.3,2.9,6117,6280.0,1.3,1.0,1099,RS転換0日目 / RS加速+4.1 / 高値圏かつ未過熱 / 買い出来高優勢 / MA上昇配列 / パーフェクトオーダー / 52週高値目前 / 開示[自己株式の取得](1日前) / PER21倍
7186,横浜フィナンシャルグループ,銀行業,39.5,40.0,2,29,★★★★☆,0.0,18.0,1,9.9,0.0,2.0,0.0,13.5,6.5,0.0,0.0,監視,,0.0,4.7,2.4,3.7,1860,1956.0,2.5,1.0,6903,RS転換1日目 / RS加速+9.9 / 25MA上抜け5日目 / 高値圏かつ未過熱 / MA上昇配列 / パーフェクトオーダー / 52週高値目前 / PER21倍
7240,ＮＯＫ,輸送用機器,39.5,39.5,1,30,★★★★☆,0.0,18.0,0,5.7,0.0,5.3,0.0,10.7,5.5,0.0,0.0,監視,,0.0,1.9,1.6,2.3,3002,3103.0,3.5,1.7,851,RS転換0日目 / RS加速+5.7 / 25MA上抜け4日目 / 高値圏かつ未過熱 / 買い出来高優勢 / MA上昇配列 / パーフェクトオーダー / PER11倍
3993,ＰＫＳＨＡ　Ｔｅｃｈｎｏｌｏｇｙ,情報・通信業,39.4,43.400000000000006,4,31,★★★★☆,0.0,8.0,9,-0.1,16.7,2.0,0.0,8.0,4.0,4.7,0.0,監視,,0.0,12.7,5.7,8.6,2922,3295.0,3.0,0.5,1515,RS転換9日目 / 生成AI・ソフト(+5.4%) / MA上昇配列 / 開示[自己株式の取得](1日前) / 開示[自己株式取得](5日前) / 増収+81%
9432,ＮＴＴ,情報・通信業,39.4,40.8,2,32,★★★★☆,0.0,16.0,1,3.9,0.0,3.3,0.0,12.2,6.5,2.8,0.0,監視,,0.0,12.1,1.7,8.8,170,175.60000610351562,3.8,1.1,39495,RS転換1日目 / RS加速+3.9 / 高値圏かつ未過熱 / 買い出来高優勢 / MA上昇配列 / パーフェクトオーダー / 52週高値目前 / 開示[自己株式の取得](1日前) / PER14倍
8131,ミツウロコグループホールディングス,卸売業,39.2,41.300000000000004,2,33,★★★★☆,0.0,18.0,1,4.0,0.0,6.7,0.0,7.5,5.5,3.6,0.0,監視,,0.0,9.7,2.7,12.5,2292,2425.0,9.0,2.2,140,RS転換1日目 / RS加速+4.0 / 25MA上抜け10日目 / 高値圏かつ未過熱 / 出来高増2.2倍 / 買い出来高優勢 / MA上昇配列 / RSI過熱(86)⚠ / 開示[自己株式の取得](5日前) / 開示[自己株式の取得](6日前) / PER15倍
8628,松井証券,証券、商品先物取引業,39.1,41.5,4,34,★★★★☆,0.0,16.0,2,15.6,0.0,5.3,0.0,12.2,8.0,0.0,0.0,監視,,0.0,14.4,1.9,9.7,1165,1212.0,8.4,1.5,968,RS転換2日目 / RS加速+15.6 / 高値圏かつ未過熱 / 買い出来高優勢 / MA上昇配列 / パーフェクトオーダー / 52週高値目前 / 増収+48% / PER20倍
6923,スタンレー電気,電気機器,39.0,40.8,2,35,★★★★☆,0.0,18.0,1,4.7,0.0,3.3,0.0,13.5,6.0,0.0,0.0,監視,,0.0,4.6,1.9,3.0,3550,3689.0,2.2,0.8,1771,RS転換1日目 / RS加速+4.7 / 25MA上抜け8日目 / 高値圏かつ未過熱 / 買い出来高優勢 / MA上昇配列 / パーフェクトオーダー / 52週高値目前 / 増収+22% / PER15倍
2602,日清オイリオグループ,食料品,39.0,39.0,1,36,★★★★☆,0.0,16.0,1,6.6,0.0,3.3,0.0,13.7,6.0,0.0,0.0,監視,,0.0,8.5,1.5,5.2,2024,2085.0,1.7,1.2,477,RS転換1日目 / RS加速+6.6 / 高値圏かつ未過熱 / 買い出来高優勢 / MA上昇配列 / パーフェクトオーダー / 52週高値ブレイク! / 増収+15% / PER8倍
4027,テイカ,化学,39.0,39.0,1,37,★★★★☆,0.0,18.0,5,11.0,0.0,2.0,0.0,15.0,4.0,0.0,0.0,監視,,0.0,12.0,3.4,7.2,2342,2511.0,6.4,1.3,141,RS転換5日目 / RS加速+11.0 / 25MA上抜け5日目 / 高値圏かつ未過熱 / MA上昇配列 / パーフェクトオーダー / 52週高値ブレイク! / 増収+18%
8387,四国銀行,銀行業,39.0,42.5,4,38,★★★★☆,0.0,18.0,2,13.1,0.0,2.0,0.0,13.5,9.0,0.0,0.0,監視,,0.0,6.6,3.3,6.6,3444,3685.0,9.0,0.8,544,RS転換2日目 / RS加速+13.1 / 25MA上抜け4日目 / 高値圏かつ未過熱 / MA上昇配列 / パーフェクトオーダー / 52週高値目前 / 増収+69% / PER9倍
8381,山陰合同銀行,銀行業,38.9,44.599999999999994,4,39,★★★★☆,0.0,16.0,2,10.9,0.0,3.3,0.0,13.5,9.0,2.8,0.0,監視,,0.0,9.5,2.4,5.1,2515,2643.0,3.7,0.7,1017,RS転換2日目 / RS加速+10.9 / 高値圏かつ未過熱 / 買い出来高優勢 / MA上昇配列 / パーフェクトオーダー / 52週高値目前 / 開示[自己株式の取得](1日前) / 増収+38% / PER18倍
7177,ＧＭＯフィナンシャルホールディングス,証券、商品先物取引業,38.9,42.0,4,40,★★★★☆,0.0,16.0,9,2.1,0.0,5.3,0.0,12.2,8.5,0.0,0.0,監視,,0.0,8.8,2.3,8.6,1157,1212.0,5.4,1.6,277,RS転換9日目 / 25MA上抜け8日目 / 高値圏かつ未過熱 / 買い出来高優勢 / MA上昇配列 / パーフェクトオーダー / 52週高値目前 / ROE21% / PER13倍
8359,八十二長野銀行,銀行業,38.8,42.8,4,41,★★★★☆,0.0,18.0,2,11.5,0.0,3.3,0.0,13.5,8.0,0.0,0.0,監視,,0.0,6.7,2.5,4.9,2602,2736.0,4.8,0.7,3503,RS転換2日目 / RS加速+11.5 / 25MA上抜け5日目 / 高値圏かつ未過熱 / 買い出来高優勢 / MA上昇配列 / パーフェクトオーダー / 52週高値目前 / 増収+25% / PER19倍
8604,野村ホールディングス,証券、商品先物取引業,38.8,42.5,4,42,★★★★☆,0.0,18.0,2,9.5,0.0,2.0,0.0,13.5,9.0,0.0,0.0,監視,,0.0,5.9,2.0,5.0,1574,1640.5,4.4,0.8,13545,RS転換2日目 / RS加速+9.5 / 25MA上抜け5日目 / 高値圏かつ未過熱 / MA上昇配列 / パーフェクトオーダー / 52週高値目前 / 増収+31% / PER12倍
6282,オイレス工業,機械,38.8,38.8,1,43,★★★★☆,0.0,14.0,0,-0.2,0.0,3.0,0.0,15.0,4.0,2.8,0.0,監視,,0.0,0.4,1.4,2.8,2906,2990.0,2.7,1.7,233,RS転換0日目 / 25MA上抜け8日目 / 高値圏かつ未過熱 / MA上昇配列 / パーフェクトオーダー / 52週高値ブレイク! / 開示[自己株式の取得](1日前) / PER17倍
9678,カナモト,サービス業,38.8,38.8,1,44,★★★★☆,0.0,12.0,1,-0.1,0.0,4.0,0.0,15.0,5.0,2.8,0.0,監視,,0.0,5.5,1.6,6.3,5566,5750.0,4.4,1.9,382,RS転換1日目 / 高値圏かつ未過熱 / MA上昇配列 / パーフェクトオーダー / 52週高値ブレイク! / 開示[自己株式の取得](1日前) / PER16倍
5831,しずおかフィナンシャルグループ,銀行業,38.8,44.599999999999994,4,45,★★★★☆,0.0,16.0,5,12.5,0.0,3.3,0.0,13.5,9.0,2.8,0.0,監視,,0.0,12.8,2.5,7.9,3501,3686.0,4.6,0.9,6390,RS転換5日目 / RS加速+12.5 / 高値圏かつ未過熱 / 買い出来高優勢 / MA上昇配列 / パーフェクトオーダー / 52週高値目前 / 開示[自己株式の取得](1日前) / 増収+58% / PER22倍
6770,アルプスアルパイン,電気機器,38.5,38.5,1,46,★★★★☆,0.0,18.0,0,12.5,0.0,4.0,0.0,13.5,3.0,0.0,0.0,監視,,0.0,8.7,2.6,6.7,2212,2331.5,6.9,1.5,3127,RS転換0日目 / RS加速+12.5 / 25MA上抜け8日目 / 高値圏かつ未過熱 / MA上昇配列 / パーフェクトオーダー / 52週高値目前 / PER17倍
3106,倉敷紡績,繊維製品,38.4,38.3,2,47,★★★★☆,0.0,16.0,7,9.4,0.0,2.0,0.0,13.5,5.5,1.3,0.0,監視,,0.0,12.0,2.9,9.5,10739,11390.0,6.8,0.9,374,RS転換7日目 / RS加速+9.4 / 高値圏かつ未過熱 / MA上昇配列 / パーフェクトオーダー / 52週高値目前 / 開示[自己株式の取得](8日前) / PER15倍
3151,バイタルケーエスケー・ホールディングス,卸売業,38.3,38.3,1,48,★★★★☆,0.0,16.0,0,0.5,0.0,3.0,0.0,13.5,3.0,2.8,0.0,監視,,0.0,0.1,1.8,2.7,1625,1685.0,0.8,1.5,139,RS転換0日目 / 25MA上抜け8日目 / 高値圏かつ未過熱 / MA上昇配列 / パーフェクトオーダー / 52週高値目前 / 開示[自己株式の取得](1日前) / PER11倍
8393,宮崎銀行,銀行業,38.3,42.8,4,49,★★★★☆,0.0,18.0,2,14.8,0.0,3.3,0.0,13.5,8.0,0.0,0.0,監視,,0.0,8.0,3.4,5.8,2399,2576.0,6.7,1.1,690,RS転換2日目 / RS加速+14.8 / 25MA上抜け5日目 / 高値圏かつ未過熱 / 買い出来高優勢 / MA上昇配列 / パーフェクトオーダー / 52週高値目前 / 増収+38% / PER15倍
6463,ＴＰＲ,機械,38.3,38.3,1,50,★★★★☆,0.0,14.0,1,0.3,0.0,3.3,0.0,13.7,4.5,2.8,0.0,監視,,0.0,5.9,1.8,6.9,1585,1643.0,5.9,0.8,197,RS転換1日目 / 高値圏かつ未過熱 / 買い出来高優勢 / MA上昇配列 / パーフェクトオーダー / 52週高値ブレイク! / 開示[自己株式の取得](1日前) / PER11倍
8367,南都銀行,銀行業,38.2,44.3,4,51,★★★★☆,0.0,18.0,3,19.0,0.0,3.3,0.0,15.0,8.0,0.0,0.0,監視,,0.0,13.3,2.8,7.6,1889,2002.0,7.3,1.1,771,RS転換3日目 / RS加速+19.0 / 25MA上抜け5日目 / 高値圏かつ未過熱 / 買い出来高優勢 / MA上昇配列 / パーフェクトオーダー / 52週高値ブレイク! / 増収+21% / PER18倍
8386,百十四銀行,銀行業,38.1,40.8,4,52,★★★★☆,0.0,16.0,3,12.5,0.0,3.3,0.0,13.5,8.0,0.0,0.0,監視,,0.0,10.3,3.4,6.8,2950,3165.0,6.3,0.7,940,RS転換3日目 / RS加速+12.5 / 高値圏かつ未過熱 / 買い出来高優勢 / MA上昇配列 / パーフェクトオーダー / 52週高値目前 / 増収+78% / PER19倍
7380,十六フィナンシャルグループ,銀行業,38.0,41.3,4,53,★★★★☆,0.0,18.0,3,13.0,0.0,3.3,0.0,13.5,6.5,0.0,0.0,監視,,0.0,9.2,3.3,6.8,2484,2660.0,5.8,0.7,1267,RS転換3日目 / RS加速+13.0 / 25MA上抜け5日目 / 高値圏かつ未過熱 / 買い出来高優勢 / MA上昇配列 / パーフェクトオーダー / 52週高値目前 / PER17倍
5076,インフロニア・ホールディングス,建設業,38.0,42.8,4,54,★★★★☆,0.0,18.0,3,14.3,0.0,3.3,0.0,13.5,8.0,0.0,0.0,監視,,0.0,10.6,2.5,7.7,2777,2922.0,5.5,0.8,4597,RS転換3日目 / RS加速+14.3 / 25MA上抜け8日目 / 高値圏かつ未過熱 / 買い出来高優勢 / MA上昇配列 / パーフェクトオーダー / 52週高値目前 / 増収+61% / ROE24% / PER11倍
3989,シェアリングテクノロジー,情報・通信業,37.9,37.8,2,55,★★★★☆,0.0,16.0,10,4.6,0.0,3.3,0.0,13.5,5.0,0.0,0.0,監視,,0.0,14.1,3.0,7.0,1481,1576.0,0.4,0.8,316,RS転換10日目 / RS加速+4.6 / 高値圏かつ未過熱 / 買い出来高優勢 / MA上昇配列 / パーフェクトオーダー / 52週高値目前
8338,筑波銀行,銀行業,37.8,41.3,4,56,★★★★☆,0.0,16.0,4,16.5,0.0,5.3,0.0,12.0,8.0,0.0,0.0,監視,,0.0,15.8,4.9,7.2,673,746.0,7.3,1.3,1511,RS転換4日目 / RS加速+16.5 / 高値圏かつ未過熱 / 買い出来高優勢 / MA上昇配列 / パーフェクトオーダー / 増収+26% / PER9倍
8714,池田泉州ホールディングス,銀行業,37.8,41.5,4,57,★★★★☆,0.0,18.0,3,14.3,0.0,2.0,0.0,13.5,8.0,0.0,0.0,監視,,0.0,10.3,2.8,5.4,1041,1103.0,4.3,0.6,965,RS転換3日目 / RS加速+14.3 / 25MA上抜け5日目 / 高値圏かつ未過熱 / MA上昇配列 / パーフェクトオーダー / 52週高値目前 / 増収+21% / PER18倍
8392,大分銀行,銀行業,37.6,42.0,4,58,★★★★☆,0.0,18.0,3,15.5,0.0,4.0,0.0,12.0,8.0,0.0,0.0,監視,,0.0,10.2,3.9,6.5,2701,2930.0,5.9,1.7,781,RS転換3日目 / RS加速+15.5 / 25MA上抜け5日目 / 高値圏かつ未過熱 / MA上昇配列 / パーフェクトオーダー / 増収+24% / PER21倍
6178,日本郵政,サービス業,37.5,38.8,2,59,★★★★☆,0.0,14.0,1,13.4,0.0,4.3,0.0,15.0,5.5,0.0,0.0,監視,,0.0,6.3,2.3,6.8,2439,2554.0,7.4,1.3,12012,RS転換1日目 / RS加速+13.4 / 高値圏かつ未過熱 / 買い出来高優勢 / MA上昇配列 / パーフェクトオーダー / 52週高値ブレイク! / PER20倍
8308,りそなホールディングス,銀行業,37.5,44.599999999999994,4,60,★★★★☆,0.0,16.0,4,10.3,0.0,3.3,0.0,13.5,9.0,2.8,0.0,監視,,0.0,9.8,2.8,7.3,2393,2535.0,4.9,0.9,21608,RS転換4日目 / RS加速+10.3 / 高値圏かつ未過熱 / 買い出来高優勢 / MA上昇配列 / パーフェクトオーダー / 52週高値目前 / 開示[自己株式の取得](1日前) / 増収+16% / PER22倍
2613,Ｊ－オイルミルズ,食料品,37.3,37.3,1,61,★★★★☆,0.0,16.0,1,6.6,0.0,4.3,0.0,12.5,4.5,0.0,0.0,監視,,0.0,11.6,1.7,8.7,2268,2346.0,5.2,1.1,190,RS転換1日目 / RS加速+6.6 / 高値圏かつ未過熱 / 買い出来高優勢 / MA上昇配列 / パーフェクトオーダー / 52週高値ブレイク! / RSI過熱(95)⚠ / PER16倍
8336,武蔵野銀行,銀行業,37.2,41.5,4,62,★★★★☆,0.0,18.0,2,13.1,0.0,2.0,0.0,13.5,8.0,0.0,0.0,監視,,0.0,7.6,2.6,6.1,2715,2862.0,6.0,1.0,701,RS転換2日目 / RS加速+13.1 / 25MA上抜け5日目 / 高値圏かつ未過熱 / MA上昇配列 / パーフェクトオーダー / 52週高値目前 / 増収+66% / PER18倍
8537,大光銀行,銀行業,37.2,38.6,4,63,★★★★☆,0.0,16.0,3,15.2,0.0,3.3,0.0,12.0,4.5,2.8,0.0,監視,,0.0,15.8,3.9,7.9,2852,3090.0,4.6,0.6,132,RS転換3日目 / RS加速+15.2 / 高値圏かつ未過熱 / 買い出来高優勢 / MA上昇配列 / パーフェクトオーダー / 開示[自己株式の取得](7日前) / 開示[自己株式の取得](8日前) / PER11倍
9824,泉州電業,卸売業,37.1,42.8,4,64,★★★★☆,0.0,16.0,10,3.3,0.0,3.3,0.0,13.7,7.0,2.8,0.0,監視,,0.0,17.1,2.5,12.2,7186,7570.0,7.5,0.9,377,RS転換10日目 / RS加速+3.3 / 高値圏かつ未過熱 / 買い出来高優勢 / MA上昇配列 / パーフェクトオーダー / 52週高値ブレイク! / 開示[自己株式取得](1日前) / 増収+26% / PER17倍
8098,稲畑産業,卸売業,37.1,41.0,4,65,★★★★☆,0.0,16.0,2,9.3,0.0,4.3,0.0,13.7,7.0,0.0,0.0,監視,,0.0,12.4,1.8,9.7,4400,4560.0,7.7,1.4,427,RS転換2日目 / RS加速+9.3 / 高値圏かつ未過熱 / 買い出来高優勢 / MA上昇配列 / パーフェクトオーダー / 52週高値ブレイク! / 増収+19% / PER12倍
8418,山口フィナンシャルグループ,銀行業,36.8,40.8,4,66,★★★★☆,0.0,16.0,2,10.4,0.0,3.3,0.0,13.5,8.0,0.0,0.0,監視,,0.0,7.6,2.6,5.2,3087,3255.0,4.1,0.7,1424,RS転換2日目 / RS加速+10.4 / 高値圏かつ未過熱 / 買い出来高優勢 / MA上昇配列 / パーフェクトオーダー / 52週高値目前 / 増収+41% / PER21倍
4023,クレハ,化学,36.8,36.8,1,67,★★★★☆,0.0,16.0,1,4.8,0.0,3.3,0.0,13.5,4.0,0.0,0.0,監視,,0.0,7.0,2.1,5.3,4476,4670.0,3.5,1.1,1182,RS転換1日目 / RS加速+4.8 / 高値圏かつ未過熱 / 買い出来高優勢 / MA上昇配列 / パーフェクトオーダー / 52週高値目前 / 増収+15%
7981,タカラスタンダード,その他製品,36.5,39.099999999999994,2,68,★★★★☆,0.0,18.0,1,8.4,0.0,3.3,0.0,12.0,3.0,2.8,0.0,監視,,0.0,3.1,1.8,3.5,3068,3180.0,2.1,0.5,355,RS転換1日目 / RS加速+8.4 / 25MA上抜け6日目 / 高値圏かつ未過熱 / 買い出来高優勢 / MA上昇配列 / パーフェクトオーダー / 開示[自己株式の取得](1日前) / PER14倍
6724,セイコーエプソン,電気機器,36.4,37.8,2,69,★★★★☆,0.0,18.0,2,10.0,0.0,3.3,0.0,15.0,1.5,0.0,0.0,監視,,0.0,9.2,2.2,7.2,3174,3317.0,6.4,0.9,5238,RS転換2日目 / RS加速+10.0 / 25MA上抜け8日目 / 高値圏かつ未過熱 / 買い出来高優勢 / MA上昇配列 / パーフェクトオーダー / 52週高値ブレイク!
7752,リコー,電気機器,36.3,37.3,2,70,★★★★☆,0.0,16.0,1,7.0,0.0,3.3,0.0,13.5,4.5,0.0,0.0,監視,,0.0,8.3,2.0,7.0,1675,1745.5,4.1,0.6,4615,RS転換1日目 / RS加速+7.0 / 高値圏かつ未過熱 / 買い出来高優勢 / MA上昇配列 / パーフェクトオーダー / 52週高値目前 / PER18倍
8020,兼松,卸売業,36.2,39.8,4,71,★★★★☆,0.0,18.0,2,6.1,0.0,3.3,0.0,12.0,6.5,0.0,0.0,監視,,0.0,6.9,2.3,6.3,2201,2309.5,5.9,1.1,1324,RS転換2日目 / RS加速+6.1 / 25MA上抜け8日目 / 高値圏かつ未過熱 / 買い出来高優勢 / MA上昇配列 / パーフェクトオーダー / ROE18% / PER12倍
8614,東洋証券,証券、商品先物取引業,36.2,32.2,4,72,★★★★☆,0.0,16.0,9,9.1,0.0,4.0,0.0,12.2,0.0,0.0,0.0,監視,,0.0,12.3,2.1,8.2,719,751.0,5.2,1.2,487,RS転換9日目 / RS加速+9.1 / 高値圏かつ未過熱 / MA上昇配列 / パーフェクトオーダー / 52週高値目前
9310,日本トランスシティ,倉庫・運輸関連業,36.2,36.2,1,73,★★★★☆,0.0,16.0,1,0.7,0.0,3.0,0.0,11.0,3.0,3.2,0.0,監視,,0.0,2.6,3.0,3.6,1361,1449.0,6.1,0.5,190,RS転換1日目 / 25MA上抜け4日目 / 高値圏かつ未過熱 / MA上昇配列 / パーフェクトオーダー / 52週高値目前 / 開示[自己株式の取得](1日前) / 開示[自己株式の取得](12日前) / PER14倍
5805,ＳＷＣＣ,非鉄金属,36.1,28.0,4,74,★★★★☆,0.0,7.0,19,2.8,6.0,3.3,0.0,10.0,0.0,1.7,0.0,監視,,0.0,25.2,5.3,8.4,12844,14360.0,1.1,0.7,6836,光通信・電線(-0.2%) / 買い出来高優勢 / MA上昇配列 / パーフェクトオーダー / 開示[株式分割](2日前)
8117,中央自動車工業,卸売業,35.9,45.199999999999996,4,75,★★★☆☆,0.0,18.0,9,4.8,0.0,5.3,0.0,12.0,8.0,1.9,0.0,監視,,0.0,5.8,2.5,4.0,2132,2245.0,3.5,2.1,351,RS転換9日目 / RS加速+4.8 / 25MA上抜け7日目 / 高値圏かつ未過熱 / 出来高増2.1倍 / 資金流入増 / MA上昇配列 / パーフェクトオーダー / 開示[自己株式取得](5日前) / 増収+17% / PER13倍
8059,第一実業,卸売業,35.8,39.3,4,76,★★★☆☆,0.0,16.0,3,9.8,0.0,4.3,0.0,12.2,4.0,2.8,0.0,監視,,0.0,11.0,2.2,7.3,3648,3815.0,5.2,1.1,423,RS転換3日目 / RS加速+9.8 / 高値圏かつ未過熱 / 買い出来高優勢 / MA上昇配列 / パーフェクトオーダー / 52週高値目前 / 開示[自己株式の取得](1日前) / PER12倍
6750,エレコム,電気機器,35.5,31.0,2,77,★★★☆☆,0.0,14.0,1,2.5,0.0,2.0,0.0,15.0,0.0,0.0,0.0,監視,,0.0,6.2,2.6,5.5,1923,2030.0,2.3,0.6,419,RS転換1日目 / 高値圏かつ未過熱 / MA上昇配列 / パーフェクトオーダー / 52週高値ブレイク!
7322,三十三フィナンシャルグループ,銀行業,35.4,40.3,4,78,★★★☆☆,0.0,16.0,3,15.9,0.0,5.3,0.0,12.0,7.0,0.0,0.0,監視,,0.0,12.7,3.8,7.4,1969,2132.0,5.8,1.9,747,RS転換3日目 / RS加速+15.9 / 高値圏かつ未過熱 / 買い出来高優勢 / MA上昇配列 / パーフェクトオーダー / 増収+26% / PER18倍
8522,名古屋銀行,銀行業,35.2,31.5,4,79,★★★☆☆,0.0,16.0,3,12.4,0.0,2.0,0.0,13.5,0.0,0.0,0.0,監視,,0.0,8.7,3.3,7.4,6780,7260.0,6.3,0.7,1114,RS転換3日目 / RS加速+12.4 / 高値圏かつ未過熱 / MA上昇配列 / パーフェクトオーダー / 52週高値目前
5901,東洋製罐グループホールディングス,金属製品,35.1,41.599999999999994,4,80,★★★☆☆,0.0,16.0,2,5.3,0.0,3.3,0.0,15.0,4.5,2.8,0.0,監視,,0.0,11.0,1.8,5.7,4407,4570.0,2.8,1.0,1135,RS転換2日目 / RS加速+5.3 / 高値圏かつ未過熱 / 買い出来高優勢 / MA上昇配列 / パーフェクトオーダー / 52週高値ブレイク! / 開示[自己株式の取得](1日前) / PER13倍
7711,助川電気工業,精密機器,35.1,27.1,4,81,★★★☆☆,0.0,12.0,6,10.0,8.1,1.0,0.0,6.0,0.0,0.0,0.0,監視,,0.0,18.7,4.1,10.5,4787,5210.0,4.9,0.5,339,RS転換6日目 / RS加速+10.0 / 核融合(+1.0%)
8550,栃木銀行,銀行業,35.1,32.0,4,82,★★★☆☆,0.0,18.0,3,15.0,0.0,2.0,0.0,12.0,0.0,0.0,0.0,監視,,0.0,10.3,3.6,4.4,1004,1081.0,5.7,0.8,721,RS転換3日目 / RS加速+15.0 / 25MA上抜け4日目 / 高値圏かつ未過熱 / MA上昇配列 / パーフェクトオーダー
8544,京葉銀行,銀行業,35.0,31.0,2,83,★★★☆☆,0.0,18.0,1,13.5,0.0,1.0,0.0,12.0,0.0,0.0,0.0,監視,,0.0,4.5,3.5,3.9,2633,2833.0,4.5,0.7,1079,RS転換1日目 / RS加速+13.5 / 25MA上抜け4日目 / 高値圏かつ未過熱 / MA上昇配列 / パーフェクトオーダー
6486,イーグル工業,機械,34.9,32.0,2,84,★★★☆☆,0.0,18.0,0,4.2,0.0,4.3,0.0,9.7,0.0,0.0,0.0,監視,,0.0,1.2,1.6,2.2,2980,3080.0,2.8,1.4,298,RS転換0日目 / RS加速+4.2 / 25MA上抜け4日目 / 高値圏かつ未過熱 / 買い出来高優勢 / MA上昇配列 / パーフェクトオーダー
9508,九州電力,電気・ガス業,34.8,30.4,2,85,★★★☆☆,0.0,13.0,2,11.7,0.0,6.7,0.0,13.7,0.0,0.0,-3.0,監視,,0.0,16.3,2.7,16.1,2074,2192.5,12.2,2.6,3348,RS転換2日目 / RS加速+11.7 / 出来高増2.6倍 / 買い出来高優勢 / MA上昇配列 / パーフェクトオーダー / 52週高値ブレイク! / 伸びすぎ注意(25MA+16%)
3399,丸千代山岡家,小売業,34.8,37.3,4,86,★★★☆☆,0.0,16.0,9,6.9,0.0,3.3,0.0,13.5,4.5,0.0,0.0,監視,,0.0,8.9,3.1,7.3,3785,4035.0,3.5,1.0,300,RS転換9日目 / RS加速+6.9 / 高値圏かつ未過熱 / 買い出来高優勢 / MA上昇配列 / パーフェクトオーダー / 52週高値目前 / PER22倍
5302,日本カーボン,ガラス・土石製品,34.7,37.8,4,87,★★★☆☆,0.0,16.0,2,6.1,0.0,4.3,0.0,13.5,4.0,0.0,0.0,監視,,0.0,7.9,2.6,6.8,5009,5280.0,7.6,1.3,376,RS転換2日目 / RS加速+6.1 / 高値圏かつ未過熱 / 買い出来高優勢 / MA上昇配列 / パーフェクトオーダー / 52週高値目前 / PER15倍
8331,千葉銀行,銀行業,34.5,31.5,4,88,★★★☆☆,0.0,16.0,2,7.9,0.0,2.0,0.0,13.5,0.0,0.0,0.0,監視,,0.0,6.2,2.6,4.3,2707,2855.0,2.1,1.0,6576,RS転換2日目 / RS加速+7.9 / 高値圏かつ未過熱 / MA上昇配列 / パーフェクトオーダー / 52週高値目前
9433,ＫＤＤＩ,情報・通信業,34.5,32.0,2,89,★★★☆☆,0.0,18.0,0,3.5,0.0,2.0,0.0,12.0,0.0,0.0,0.0,監視,,0.0,0.6,1.8,3.4,2899,3007.0,3.4,0.7,26402,RS転換0日目 / RS加速+3.5 / 25MA上抜け2日目 / 高値圏かつ未過熱 / MA上昇配列 / パーフェクトオーダー
6176,ブランジスタ,サービス業,34.2,28.3,4,90,★★★☆☆,0.0,11.0,13,1.5,0.0,5.3,0.0,12.0,0.0,0.0,0.0,監視,,0.0,9.0,2.9,5.4,955,1013.0,0.8,1.1,150,高値圏かつ未過熱 / 買い出来高優勢 / 資金流入増 / MA上昇配列 / パーフェクトオーダー
2705,大戸屋ホールディングス,小売業,34.1,37.8,3,91,★★★☆☆,0.0,14.0,2,1.4,0.0,6.3,0.0,12.5,5.0,0.0,0.0,監視,,0.0,16.2,2.9,13.7,9513,10090.0,6.3,2.0,182,RS転換2日目 / 高値圏かつ未過熱 / 買い出来高優勢 / MA上昇配列 / パーフェクトオーダー / 52週高値ブレイク! / RSI過熱(88)⚠ / 増収+18% / ROE34%
7806,ＭＴＧ,その他製品,34.0,28.3,4,92,★★★☆☆,0.0,12.0,10,-3.2,0.0,4.3,0.0,12.0,0.0,0.0,0.0,監視,,0.0,13.4,4.1,10.7,8344,9080.0,1.1,0.6,1412,RS転換10日目 / 高値圏かつ未過熱 / 買い出来高優勢 / MA上昇配列 / パーフェクトオーダー
319A,技術承継機構,金属製品,33.9,27.7,2,93,★★★☆☆,0.0,14.0,9,-11.4,0.0,3.0,0.0,10.7,0.0,0.0,0.0,監視,,0.0,13.5,8.2,8.6,17480,20900.0,-0.6,0.9,912,RS転換9日目 / 25MA上抜け8日目 / 高値圏かつ未過熱 / MA上昇配列 / パーフェクトオーダー
7846,パイロットコーポレーション,その他製品,33.9,29.5,4,94,★★★☆☆,0.0,11.5,38,5.8,0.0,4.3,0.0,13.7,0.0,0.0,0.0,監視,,0.0,16.2,1.9,9.9,2052,2134.5,5.4,1.1,686,RS加速+5.8 / 高値圏かつ未過熱 / 買い出来高優勢 / MA上昇配列 / パーフェクトオーダー / 52週高値ブレイク!
2429,ワールドホールディングス,サービス業,33.8,31.0,2,95,★★★☆☆,0.0,16.0,1,9.2,0.0,3.3,0.0,11.7,0.0,0.0,0.0,監視,,0.0,9.2,1.9,6.7,2831,2941.0,4.6,1.0,143,RS転換1日目 / RS加速+9.2 / 高値圏かつ未過熱 / 買い出来高優勢 / MA上昇配列 / 52週高値ブレイク!
3708,特種東海製紙,パルプ・紙,33.5,31.0,2,96,★★★☆☆,0.0,16.0,1,5.1,0.0,4.0,0.0,11.0,0.0,0.0,0.0,監視,,0.0,2.9,1.9,2.4,2098,2179.0,0.8,1.7,123,RS転換1日目 / RS加速+5.1 / 高値圏かつ未過熱 / MA上昇配列 / パーフェクトオーダー / 52週高値目前
8361,大垣共立銀行,銀行業,33.1,31.5,4,97,★★★☆☆,0.0,16.0,3,18.2,0.0,2.0,0.0,13.5,0.0,0.0,0.0,監視,,0.0,13.3,3.1,5.7,7690,8200.0,3.3,0.7,1373,RS転換3日目 / RS加速+18.2 / 高値圏かつ未過熱 / MA上昇配列 / パーフェクトオーダー / 52週高値目前
4902,コニカミノルタ,電気機器,33.0,32.0,2,98,★★★☆☆,0.0,18.0,1,19.9,0.0,2.0,0.0,12.0,0.0,0.0,0.0,監視,,0.0,13.8,3.3,7.1,650,696.0,7.0,1.1,2427,RS転換1日目 / RS加速+19.9 / 25MA上抜け8日目 / 高値圏かつ未過熱 / MA上昇配列 / パーフェクトオーダー
7715,長野計器,精密機器,32.9,29.7,2,99,★★★☆☆,0.0,18.0,4,5.8,0.0,2.0,0.0,9.7,0.0,0.0,0.0,監視,,0.0,4.8,5.4,4.9,3687,4135.0,7.3,0.9,602,RS転換4日目 / RS加速+5.8 / 25MA上抜け3日目 / 高値圏かつ未過熱 / MA上昇配列 / パーフェクトオーダー
6508,明電舎,電気機器,32.9,27.9,4,100,★★★☆☆,0.0,9.0,21,-21.7,9.7,2.0,0.0,7.2,0.0,0.0,0.0,監視,,0.0,4.8,5.2,2.0,10080,11260.0,-2.8,1.0,3880,高値圏かつ未過熱 / AIデータセンター・電力(+1.9%) / MA上昇配列 / パーフェクトオーダー
6448,ブラザー工業,電気機器,32.8,30.8,3,101,★★★☆☆,0.0,11.5,33,10.6,0.0,4.3,0.0,15.0,0.0,0.0,0.0,監視,,0.0,23.3,2.2,12.7,4832,5052.0,8.4,1.1,5007,RS加速+10.6 / 高値圏かつ未過熱 / 買い出来高優勢 / MA上昇配列 / パーフェクトオーダー / 52週高値ブレイク!
6960,フクダ電子,電気機器,32.5,32.5,1,102,★★★☆☆,0.0,18.0,1,5.6,0.0,1.0,0.0,13.5,0.0,0.0,0.0,監視,,0.0,3.6,2.4,5.8,11873,12480.0,5.4,0.8,647,RS転換1日目 / RS加速+5.6 / 25MA上抜け6日目 / 高値圏かつ未過熱 / MA上昇配列 / パーフェクトオーダー / 52週高値目前
9997,ベルーナ,小売業,32.5,32.5,1,103,★★★☆☆,0.0,18.0,0,6.6,0.0,1.0,0.0,13.5,0.0,0.0,0.0,監視,,0.0,5.5,1.5,3.5,1049,1081.0,-0.4,0.9,242,RS転換0日目 / RS加速+6.6 / 25MA上抜け8日目 / 高値圏かつ未過熱 / MA上昇配列 / パーフェクトオーダー / 52週高値目前
2212,山崎製パン,食料品,32.3,32.3,1,104,★★★☆☆,0.0,16.0,1,5.0,0.0,4.3,0.0,12.0,0.0,0.0,0.0,監視,,0.0,12.0,2.1,7.1,3647,3805.0,3.5,1.3,2405,RS転換1日目 / RS加速+5.0 / 高値圏かつ未過熱 / 買い出来高優勢 / MA上昇配列 / パーフェクトオーダー
8411,みずほフィナンシャルグループ,銀行業,32.3,32.3,1,105,★★★☆☆,0.0,14.0,2,10.7,0.0,2.0,0.0,13.5,0.0,2.8,0.0,監視,,0.0,4.4,2.6,4.4,8253,8697.0,6.0,0.9,69450,RS転換2日目 / RS加速+10.7 / 高値圏かつ未過熱 / MA上昇配列 / パーフェクトオーダー / 52週高値目前 / 開示[自己株式の取得](1日前)
6309,巴工業,機械,32.3,32.3,1,106,★★★☆☆,0.0,16.0,9,3.9,0.0,4.3,0.0,12.0,0.0,0.0,0.0,監視,,0.0,7.1,1.8,5.0,1997,2070.0,2.4,1.3,175,RS転換9日目 / RS加速+3.9 / 高値圏かつ未過熱 / 買い出来高優勢 / MA上昇配列 / パーフェクトオーダー
9303,住友倉庫,倉庫・運輸関連業,32.3,32.3,1,107,★★★☆☆,0.0,14.0,1,0.8,0.0,2.0,0.0,13.5,0.0,2.8,0.0,監視,,0.0,2.0,1.6,3.8,4138,4275.0,2.8,0.8,440,RS転換1日目 / 高値圏かつ未過熱 / MA上昇配列 / パーフェクトオーダー / 52週高値目前 / 開示[自己株式の取得](1日前)
2354,ＹＥ　ＤＩＧＩＴＡＬ,情報・通信業,32.2,25.7,4,108,★★★☆☆,0.0,14.0,5,9.3,0.0,2.0,0.0,9.7,0.0,0.0,0.0,監視,,0.0,10.2,9.0,5.6,1154,1407.0,2.9,1.1,1305,RS転換5日目 / RS加速+9.3 / 25MA上抜け8日目 / MA上昇配列 / パーフェクトオーダー
4431,スマレジ,情報・通信業,32.1,31.3,4,109,★★★☆☆,0.0,16.0,2,4.0,0.0,4.3,0.0,11.0,0.0,0.0,0.0,監視,,0.0,14.6,4.2,8.8,3336,3640.0,6.6,1.4,373,RS転換2日目 / RS加速+4.0 / 高値圏かつ未過熱 / 買い出来高優勢 / MA上昇配列 / パーフェクトオーダー
8616,東海東京フィナンシャル・ホールディングス,証券、商品先物取引業,32.1,29.0,4,110,★★★☆☆,0.0,16.0,10,6.0,0.0,2.0,0.0,11.0,0.0,0.0,0.0,監視,,0.0,10.6,1.9,9.1,883,918.0,6.2,1.6,664,RS転換10日目 / RS加速+6.0 / 高値圏かつ未過熱 / MA上昇配列 / パーフェクトオーダー / 52週高値目前 / RSI過熱(87)⚠
8345,岩手銀行,銀行業,32.1,31.5,4,111,★★★☆☆,0.0,16.0,4,14.9,0.0,2.0,0.0,13.5,0.0,0.0,0.0,監視,,0.0,13.1,3.5,7.6,2358,2538.0,7.8,1.4,716,RS転換4日目 / RS加速+14.9 / 高値圏かつ未過熱 / MA上昇配列 / パーフェクトオーダー / 52週高値目前
6473,ジェイテクト,機械,32.0,32.0,1,112,★★★☆☆,0.0,18.0,0,4.0,0.0,2.0,0.0,12.0,0.0,0.0,0.0,監視,,0.0,0.1,2.7,3.5,2068,2186.0,6.5,1.1,2169,RS転換0日目 / RS加速+4.0 / 25MA上抜け1日目 / 高値圏かつ未過熱 / MA上昇配列 / パーフェクトオーダー
8174,日本瓦斯,小売業,32.0,32.0,1,113,★★★☆☆,0.0,14.0,1,3.0,0.0,4.3,0.0,9.0,0.0,4.7,0.0,監視,,0.0,3.3,1.6,4.9,2954,3049.0,2.5,1.2,618,RS転換1日目 / 高値圏かつ未過熱 / 買い出来高優勢 / MA上昇配列 / 52週高値目前 / RSI過熱(93)⚠ / 開示[自己株式の取得](1日前) / 開示[自己株式取得](5日前)
1762,高松コンストラクショングループ,建設業,32.0,32.0,1,114,★★★☆☆,0.0,16.0,2,10.2,0.0,4.3,0.0,11.7,0.0,0.0,0.0,監視,,0.0,12.8,2.0,9.8,4147,4320.0,8.1,1.4,169,RS転換2日目 / RS加速+10.2 / 高値圏かつ未過熱 / 買い出来高優勢 / MA上昇配列 / 52週高値ブレイク!
1822,大豊建設,建設業,32.0,32.0,1,115,★★★☆☆,0.0,16.0,1,4.3,0.0,4.0,0.0,10.7,0.0,1.3,0.0,監視,,0.0,5.3,1.3,4.5,815,836.0,3.0,1.8,126,RS転換1日目 / RS加速+4.3 / 高値圏かつ未過熱 / MA上昇配列 / パーフェクトオーダー / 開示[資本業務提携](8日前)
3401,帝人,繊維製品,32.0,32.0,1,116,★★★☆☆,0.0,16.0,1,11.0,0.0,1.0,0.0,15.0,0.0,0.0,0.0,監視,,0.0,9.8,2.0,6.0,1752,1825.0,5.0,1.0,1412,RS転換1日目 / RS加速+11.0 / 高値圏かつ未過熱 / MA上昇配列 / パーフェクトオーダー / 52週高値ブレイク!
4373,シンプレクス・ホールディングス,情報・通信業,31.9,32.5,4,117,★★☆☆☆,0.0,16.0,2,9.4,0.0,3.0,0.0,13.5,0.0,0.0,0.0,監視,,0.0,10.5,3.2,7.9,1165,1244.0,5.9,1.6,1338,RS転換2日目 / RS加速+9.4 / 高値圏かつ未過熱 / MA上昇配列 / パーフェクトオーダー / 52週高値目前
3153,八洲電機,卸売業,31.9,29.0,3,118,★★☆☆☆,0.0,18.0,2,7.0,0.0,2.0,0.0,9.0,0.0,0.0,0.0,監視,,0.0,2.7,2.7,5.9,2958,3130.0,8.0,0.9,194,RS転換2日目 / RS加速+7.0 / 25MA上抜け4日目 / 高値圏かつ未過熱 / MA上昇配列
9682,ＤＴＳ,情報・通信業,31.8,31.8,1,119,★★☆☆☆,0.0,18.0,0,5.3,0.0,2.0,0.0,9.0,0.0,2.8,0.0,監視,,0.0,4.0,2.1,4.5,1107,1156.0,3.2,0.7,591,RS転換0日目 / RS加速+5.3 / 25MA上抜け10日目 / 高値圏かつ未過熱 / MA上昇配列 / 開示[自己株式の取得](1日前)
7184,富山第一銀行,銀行業,31.8,31.5,4,120,★★☆☆☆,0.0,16.0,5,8.0,0.0,2.0,0.0,13.5,0.0,0.0,0.0,監視,,0.0,8.3,4.0,7.2,3111,3380.0,4.0,0.7,636,RS転換5日目 / RS加速+8.0 / 高値圏かつ未過熱 / MA上昇配列 / パーフェクトオーダー / 52週高値目前
4684,オービック,情報・通信業,31.8,31.8,1,121,★★☆☆☆,0.0,16.0,1,6.0,0.0,4.3,0.0,8.7,0.0,2.8,0.0,監視,,0.0,11.1,2.4,8.3,4814,5062.0,6.0,1.3,7383,RS転換1日目 / RS加速+6.0 / 高値圏かつ未過熱 / 買い出来高優勢 / MA上昇配列 / 開示[自己株式の取得](1日前)
9900,サガミホールディングス,小売業,31.8,31.8,1,122,★★☆☆☆,0.0,14.0,2,0.8,0.0,5.3,0.0,12.5,0.0,0.0,0.0,監視,,0.0,7.0,3.2,7.0,1088,1163.0,8.2,2.3,300,RS転換2日目 / 高値圏かつ未過熱 / 出来高増2.3倍 / MA上昇配列 / パーフェクトオーダー / 52週高値ブレイク!
3132,マクニカホールディングス,卸売業,31.7,31.7,1,123,★★☆☆☆,0.0,18.0,4,17.3,0.0,3.0,0.0,10.7,0.0,0.0,0.0,監視,,0.0,11.8,4.2,7.1,3434,3746.0,9.1,1.2,3181,RS転換4日目 / RS加速+17.3 / 25MA上抜け4日目 / 高値圏かつ未過熱 / MA上昇配列 / パーフェクトオーダー
8337,千葉興業銀行,銀行業,31.7,28.4,4,124,★★☆☆☆,0.0,18.0,0,7.3,0.0,2.0,0.0,8.2,0.0,0.2,0.0,監視,,0.0,3.3,3.3,3.4,2586,2769.0,1.8,2.0,496,RS転換0日目 / RS加速+7.3 / 25MA上抜け0日目 / 高値圏かつ未過熱 / MA上昇配列 / パーフェクトオーダー / 開示[自己株式の取得](13日前)
8133,伊藤忠エネクス,卸売業,31.7,31.7,1,125,★★☆☆☆,0.0,14.0,1,2.6,0.0,4.0,0.0,13.7,0.0,0.0,0.0,監視,,0.0,9.1,1.8,8.7,2268,2355.0,4.7,1.6,267,RS転換1日目 / 高値圏かつ未過熱 / MA上昇配列 / パーフェクトオーダー / 52週高値ブレイク!
8366,滋賀銀行,銀行業,31.6,30.0,4,126,★★☆☆☆,0.0,16.0,3,15.3,0.0,2.0,0.0,12.0,0.0,0.0,0.0,監視,,0.0,12.9,3.1,8.3,2682,2858.0,5.9,0.9,1971,RS転換3日目 / RS加速+15.3 / 高値圏かつ未過熱 / MA上昇配列 / パーフェクトオーダー
3232,三重交通グループホールディングス,不動産業,31.6,31.3,4,127,★★☆☆☆,0.0,16.0,2,6.0,0.0,6.3,0.0,9.0,0.0,0.0,0.0,監視,,0.0,11.0,2.5,8.6,586,617.0,3.5,1.3,212,RS転換2日目 / RS加速+6.0 / 高値圏かつ未過熱 / 買い出来高優勢 / 資金流入増 / MA上昇配列 / 52週高値目前 / RSI過熱(93)⚠
7389,あいちフィナンシャルグループ,銀行業,31.6,28.0,4,128,★★☆☆☆,0.0,16.0,3,15.2,0.0,0.0,0.0,12.0,0.0,0.0,0.0,監視,,0.0,10.1,4.6,7.2,1724,1900.0,5.2,1.2,1745,RS転換3日目 / RS加速+15.2 / 高値圏かつ未過熱 / MA上昇配列 / パーフェクトオーダー
3563,ＦＯＯＤ　＆　ＬＩＦＥ　ＣＯＭＰＡＮＩＥＳ,小売業,31.5,31.5,1,129,★★☆☆☆,0.0,18.0,1,7.2,0.0,0.0,0.0,13.5,0.0,0.0,0.0,監視,,0.0,6.5,3.5,4.9,5615,6040.0,6.1,0.8,13017,RS転換1日目 / RS加速+7.2 / 25MA上抜け5日目 / 高値圏かつ未過熱 / MA上昇配列 / パーフェクトオーダー / 52週高値目前
8370,紀陽銀行,銀行業,31.5,31.5,1,130,★★☆☆☆,0.0,16.0,2,7.5,0.0,2.0,0.0,13.5,0.0,0.0,0.0,監視,,0.0,4.9,2.4,4.3,4865,5110.0,3.2,0.5,652,RS転換2日目 / RS加速+7.5 / 高値圏かつ未過熱 / MA上昇配列 / パーフェクトオーダー / 52週高値目前
8511,日本証券金融,その他金融業,31.5,31.5,1,131,★★☆☆☆,0.0,18.0,1,5.5,0.0,0.0,0.0,13.5,0.0,0.0,0.0,監視,,0.0,4.1,2.0,2.6,2437,2539.0,2.9,0.8,608,RS転換1日目 / RS加速+5.5 / 25MA上抜け5日目 / 高値圏かつ未過熱 / MA上昇配列 / パーフェクトオーダー / 52週高値目前
9934,因幡電機産業,卸売業,31.5,31.5,1,132,★★☆☆☆,0.0,9.5,34,1.7,0.0,5.3,0.0,15.0,0.0,1.7,0.0,監視,,0.0,6.0,1.9,6.3,3040,3161.0,6.1,1.4,686,高値圏かつ未過熱 / 買い出来高優勢 / MA上昇配列 / パーフェクトオーダー / 52週高値ブレイク! / 開示[子会社化](2日前)
8524,北洋銀行,銀行業,31.5,31.5,1,133,★★☆☆☆,0.0,16.0,3,15.3,0.0,2.0,0.0,13.5,0.0,0.0,0.0,監視,,0.0,12.9,2.8,6.5,1248,1323.0,5.8,0.7,2096,RS転換3日目 / RS加速+15.3 / 高値圏かつ未過熱 / MA上昇配列 / パーフェクトオーダー / 52週高値目前
5301,東海カーボン,ガラス・土石製品,31.5,31.5,1,134,★★☆☆☆,0.0,18.0,3,21.1,0.0,4.0,0.0,9.5,0.0,0.0,0.0,監視,,0.0,21.0,3.3,12.4,1780,1907.0,15.8,1.8,3180,RS転換3日目 / RS加速+21.1 / 25MA上抜け2日目 / 高値圏かつ未過熱 / 52週高値目前
367A,プリモグローバルホールディングス,小売業,31.5,31.5,1,135,★★☆☆☆,0.0,16.0,2,4.7,0.0,2.0,0.0,13.5,0.0,0.0,0.0,監視,,0.0,8.4,2.2,7.6,2819,2947.0,7.9,1.2,175,RS転換2日目 / RS加速+4.7 / 高値圏かつ未過熱 / MA上昇配列 / パーフェクトオーダー / 52週高値目前
8060,キヤノンマーケティングジャパン,卸売業,31.5,31.5,1,136,★★☆☆☆,0.0,18.0,1,5.2,0.0,0.0,0.0,13.5,0.0,0.0,0.0,監視,,0.0,2.6,2.0,4.6,3626,3780.0,7.6,0.7,1599,RS転換1日目 / RS加速+5.2 / 25MA上抜け2日目 / 高値圏かつ未過熱 / MA上昇配列 / パーフェクトオーダー / 52週高値目前
6058,ベクトル,サービス業,31.4,26.7,3,137,★★☆☆☆,0.0,9.0,11,-0.8,0.0,5.7,0.0,12.0,0.0,0.0,0.0,監視,,0.0,9.8,4.3,7.6,1843,2017.0,-0.5,4.5,876,高値圏かつ未過熱 / 出来高急増4.5倍 / MA上昇配列 / パーフェクトオーダー
8706,極東証券,証券、商品先物取引業,31.4,29.5,4,138,★★☆☆☆,0.0,14.0,2,0.1,0.0,3.3,0.0,12.2,0.0,0.0,0.0,監視,,0.0,5.7,1.7,5.5,1883,1951.0,2.7,1.0,284,RS転換2日目 / 高値圏かつ未過熱 / 買い出来高優勢 / MA上昇配列 / パーフェクトオーダー / 52週高値目前
9536,西部ガスホールディングス,電気・ガス業,31.3,31.3,1,139,★★☆☆☆,0.0,14.0,1,0.8,0.0,6.3,0.0,11.0,0.0,0.0,0.0,監視,,0.0,3.9,1.4,6.8,2513,2586.0,3.4,1.8,308,RS転換1日目 / 高値圏かつ未過熱 / 買い出来高優勢 / MA上昇配列 / パーフェクトオーダー / 52週高値目前 / RSI過熱(94)⚠
3569,セーレン,繊維製品,31.3,31.3,1,140,★★☆☆☆,0.0,12.0,2,-2.0,0.0,3.0,0.0,13.5,0.0,2.8,0.0,監視,,0.0,1.2,2.3,4.2,3390,3550.0,4.6,0.8,757,RS転換2日目 / 高値圏かつ未過熱 / MA上昇配列 / パーフェクトオーダー / 52週高値目前 / 開示[自己株式取得](1日前)
8051,山善,卸売業,31.3,31.3,1,141,★★☆☆☆,0.0,9.5,33,1.2,0.0,4.0,0.0,15.0,0.0,2.8,0.0,監視,,0.0,8.8,1.9,6.1,1923,1999.0,3.8,1.6,420,高値圏かつ未過熱 / MA上昇配列 / パーフェクトオーダー / 52週高値ブレイク! / 開示[自己株式の取得](1日前)
5844,京都フィナンシャルグループ,銀行業,31.3,31.3,1,142,★★☆☆☆,0.0,16.0,2,6.3,0.0,3.3,0.0,12.0,0.0,0.0,0.0,監視,,0.0,8.1,2.5,4.5,4737,4991.0,3.1,0.7,4264,RS転換2日目 / RS加速+6.3 / 高値圏かつ未過熱 / 買い出来高優勢 / MA上昇配列 / パーフェクトオーダー
4183,三井化学,化学,31.3,31.3,1,143,★★☆☆☆,0.0,14.0,1,13.1,0.0,5.3,0.0,12.0,0.0,0.0,0.0,監視,,0.0,7.9,2.5,7.4,2205,2320.0,9.3,1.9,4778,RS転換1日目 / RS加速+13.1 / 高値圏かつ未過熱 / 買い出来高優勢 / MA上昇配列 / パーフェクトオーダー
8103,明和産業,卸売業,31.3,31.3,1,144,★★☆☆☆,0.0,16.0,1,3.1,0.0,3.3,0.0,12.0,0.0,0.0,0.0,監視,,0.0,6.3,1.7,4.1,949,982.0,1.8,0.6,187,RS転換1日目 / RS加速+3.1 / 高値圏かつ未過熱 / 買い出来高優勢 / MA上昇配列 / パーフェクトオーダー
6809,ＴＯＡ,電気機器,31.3,31.3,1,145,★★☆☆☆,0.0,16.0,1,6.6,0.0,5.3,0.0,10.0,0.0,0.0,0.0,監視,,0.0,8.3,1.6,5.9,1725,1784.0,5.6,1.7,161,RS転換1日目 / RS加速+6.6 / 高値圏かつ未過熱 / 買い出来高優勢 / MA上昇配列
7762,シチズン時計,精密機器,31.2,28.8,4,146,★★☆☆☆,0.0,11.0,20,2.8,0.0,4.3,0.0,13.5,0.0,0.0,0.0,監視,,0.0,22.9,4.3,12.7,2599,2843.0,5.1,0.8,5330,高値圏かつ未過熱 / 買い出来高優勢 / MA上昇配列 / パーフェクトオーダー / 52週高値目前
6357,三精テクノロジーズ,機械,31.1,29.5,4,147,★★☆☆☆,0.0,13.0,16,6.1,0.0,3.0,0.0,13.5,0.0,0.0,0.0,監視,,0.0,15.6,2.3,9.2,2659,2786.0,6.1,0.4,124,RS加速+6.1 / 高値圏かつ未過熱 / MA上昇配列 / パーフェクトオーダー / 52週高値目前
8341,七十七銀行,銀行業,31.1,28.3,4,148,★★☆☆☆,0.0,11.5,45,10.7,0.0,3.3,0.0,13.5,0.0,0.0,0.0,監視,,0.0,12.4,2.6,7.8,3803,4012.0,5.9,0.8,2483,RS加速+10.7 / 高値圏かつ未過熱 / 買い出来高優勢 / MA上昇配列 / パーフェクトオーダー / 52週高値目前
5195,バンドー化学,ゴム製品,31.1,31.1,1,149,★★☆☆☆,0.0,14.0,1,-1.5,0.0,3.3,0.0,11.0,0.0,2.8,0.0,監視,,0.0,1.2,1.7,2.6,2431,2516.0,2.4,0.6,148,RS転換1日目 / 25MA上抜け8日目 / 高値圏かつ未過熱 / 買い出来高優勢 / MA上昇配列 / パーフェクトオーダー / 52週高値目前 / 開示[自己株式の取得](1日前)
9147,ＮＩＰＰＯＮ　ＥＸＰＲＥＳＳホールディングス,陸運業,31.0,34.5,3,150,★★☆☆☆,0.0,16.0,2,8.5,0.0,2.0,0.0,15.0,1.5,0.0,0.0,監視,,0.0,10.2,2.2,6.6,5612,5866.0,2.7,0.9,7090,RS転換2日目 / RS加速+8.5 / 高値圏かつ未過熱 / MA上昇配列 / パーフェクトオーダー / 52週高値ブレイク!
8551,北日本銀行,銀行業,31.0,26.5,3,151,★★☆☆☆,0.0,11.5,38,9.8,0.0,3.0,0.0,12.0,0.0,0.0,0.0,監視,,0.0,13.4,3.9,9.5,7260,7870.0,7.1,0.8,362,RS加速+9.8 / 高値圏かつ未過熱 / MA上昇配列 / パーフェクトオーダー
8360,山梨中央銀行,銀行業,31.0,27.5,3,152,★★☆☆☆,0.0,16.0,3,10.1,0.0,2.0,0.0,9.5,0.0,0.0,0.0,監視,,0.0,6.6,3.5,3.3,6799,7310.0,2.8,1.1,929,RS転換3日目 / RS加速+10.1 / 高値圏かつ未過熱 / MA上昇配列 / パーフェクトオーダー
5537,ＡｌｂａＬｉｎｋ,不動産業,31.0,28.0,3,153,★★☆☆☆,0.0,13.0,10,30.3,0.0,6.0,0.0,12.0,0.0,0.0,-3.0,監視,,0.0,33.5,7.5,17.6,3029,3565.0,17.7,1.5,341,RS転換10日目 / RS加速+30.3 / 資金流入増 / MA上昇配列 / パーフェクトオーダー / 伸びすぎ注意(25MA+18%)
8097,三愛オブリ,卸売業,31.0,31.0,1,154,★★☆☆☆,0.0,16.0,1,4.2,0.0,4.3,0.0,10.7,0.0,0.0,0.0,監視,,0.0,6.4,1.4,5.6,2424,2495.0,3.3,1.4,214,RS転換1日目 / RS加速+4.2 / 高値圏かつ未過熱 / 買い出来高優勢 / MA上昇配列 / パーフェクトオーダー
5233,太平洋セメント,ガラス・土石製品,31.0,31.0,1,155,★★☆☆☆,0.0,18.0,1,7.9,0.0,2.0,0.0,11.0,0.0,0.0,0.0,監視,,0.0,6.0,2.3,3.3,4119,4318.0,3.1,0.8,2034,RS転換1日目 / RS加速+7.9 / 25MA上抜け7日目 / 高値圏かつ未過熱 / MA上昇配列 / パーフェクトオーダー
4526,理研ビタミン,食料品,31.0,31.0,1,156,★★☆☆☆,0.0,14.0,1,0.6,0.0,2.0,0.0,12.2,0.0,2.8,0.0,監視,,0.0,4.4,1.5,3.8,3296,3395.0,1.6,1.4,177,RS転換1日目 / 高値圏かつ未過熱 / MA上昇配列 / パーフェクトオーダー / 52週高値目前 / 開示[自己株式の取得](1日前)
2181,パーソルホールディングス,サービス業,31.0,31.0,1,157,★★☆☆☆,0.0,16.0,2,4.8,0.0,4.3,0.0,10.7,0.0,0.0,0.0,監視,,0.0,15.5,1.6,8.1,295,304.29998779296875,2.1,1.2,3327,RS転換2日目 / RS加速+4.8 / 高値圏かつ未過熱 / 買い出来高優勢 / MA上昇配列 / パーフェクトオーダー
1808,長谷工コーポレーション,建設業,31.0,31.0,1,158,★★☆☆☆,0.0,18.0,1,7.4,0.0,5.3,0.0,7.7,0.0,0.0,0.0,監視,,0.0,6.5,1.6,5.6,2867,2963.0,3.3,1.6,2363,RS転換1日目 / RS加速+7.4 / 25MA上抜け8日目 / 高値圏かつ未過熱 / 買い出来高優勢 / MA上昇配列
8334,群馬銀行,銀行業,30.9,28.3,4,159,★★☆☆☆,0.0,11.5,37,8.4,0.0,3.3,0.0,13.5,0.0,0.0,0.0,監視,,0.0,10.2,2.5,7.3,2720,2863.0,4.3,0.9,2962,RS加速+8.4 / 高値圏かつ未過熱 / 買い出来高優勢 / MA上昇配列 / パーフェクトオーダー / 52週高値目前
6857,アドバンテスト,電気機器,30.9,15.399999999999999,3,160,★★☆☆☆,0.0,7.0,21,-16.8,6.0,0.0,0.0,2.2,0.0,0.2,0.0,監視,,0.0,3.2,5.9,-0.1,29437,33380.0,-3.1,0.8,285152,高値圏かつ未過熱 / HBM・後工程(-2.7%) / 開示[自己株式の取得](13日前)
8142,トーホー,卸売業,30.8,30.8,1,161,★★☆☆☆,0.0,14.0,1,1.7,0.0,3.3,0.0,13.5,0.0,0.0,0.0,監視,,0.0,4.5,1.7,3.7,1398,1446.0,1.0,0.8,151,RS転換1日目 / 高値圏かつ未過熱 / 買い出来高優勢 / MA上昇配列 / パーフェクトオーダー / 52週高値目前
7182,ゆうちょ銀行,銀行業,30.8,30.8,1,162,★★☆☆☆,0.0,14.0,1,15.1,0.0,3.3,0.0,13.5,0.0,0.0,0.0,監視,,0.0,7.0,2.6,6.2,3237,3413.0,7.1,0.9,18986,RS転換1日目 / RS加速+15.1 / 高値圏かつ未過熱 / 買い出来高優勢 / MA上昇配列 / パーフェクトオーダー / 52週高値目前
4665,ダスキン,サービス業,30.8,30.8,1,163,★★☆☆☆,0.0,14.0,1,2.3,0.0,3.3,0.0,13.5,0.0,0.0,0.0,監視,,0.0,4.1,1.5,2.8,4555,4694.0,0.3,0.9,534,RS転換1日目 / 高値圏かつ未過熱 / 買い出来高優勢 / MA上昇配列 / パーフェクトオーダー / 52週高値目前
6272,レオン自動機,機械,30.8,30.8,1,164,★★☆☆☆,0.0,14.0,1,1.5,0.0,2.0,0.0,12.0,0.0,2.8,0.0,監視,,0.0,1.2,1.3,2.6,1532,1573.0,1.2,0.8,111,RS転換1日目 / 高値圏かつ未過熱 / MA上昇配列 / パーフェクトオーダー / 開示[自己株式の取得](1日前)
4095,日本パーカライジング,化学,30.8,30.8,1,165,★★☆☆☆,0.0,14.0,1,2.1,0.0,2.0,0.0,12.0,0.0,2.8,0.0,監視,,0.0,3.9,1.4,4.0,1734,1784.0,2.7,1.4,351,RS転換1日目 / 高値圏かつ未過熱 / MA上昇配列 / パーフェクトオーダー / 開示[自己株式の取得](1日前)
8343,秋田銀行,銀行業,30.8,28.5,4,166,★★☆☆☆,0.0,11.5,45,11.0,0.0,4.3,0.0,12.0,0.0,0.7,0.0,監視,,0.0,17.7,3.7,8.0,8180,8840.0,4.1,0.8,1148,RS加速+11.0 / 高値圏かつ未過熱 / 買い出来高優勢 / MA上昇配列 / パーフェクトオーダー / 開示[株式分割](9日前)
9304,澁澤倉庫,倉庫・運輸関連業,30.8,27.5,3,167,★★☆☆☆,0.0,12.0,8,-0.2,0.0,2.0,0.0,13.5,0.0,0.0,0.0,監視,,0.0,13.1,3.2,9.3,1999,2133.0,3.3,0.9,494,RS転換8日目 / 高値圏かつ未過熱 / MA上昇配列 / パーフェクトオーダー / 52週高値目前
2001,ニップン,食料品,30.8,30.8,1,168,★★☆☆☆,0.0,14.0,1,1.2,0.0,3.3,0.0,13.5,0.0,0.0,0.0,監視,,0.0,2.3,1.3,3.2,2890,2969.0,0.8,0.9,464,RS転換1日目 / 高値圏かつ未過熱 / 買い出来高優勢 / MA上昇配列 / パーフェクトオーダー / 52週高値目前
2153,Ｅ・Ｊホールディングス,サービス業,30.8,30.8,1,169,★★☆☆☆,0.0,16.0,1,4.8,0.0,4.3,0.0,10.5,0.0,0.0,0.0,監視,,0.0,6.9,1.4,6.5,1850,1904.0,4.3,1.2,107,RS転換1日目 / RS加速+4.8 / 高値圏かつ未過熱 / 買い出来高優勢 / MA上昇配列 / 52週高値ブレイク! / RSI過熱(91)⚠
4676,フジ・メディア・ホールディングス,情報・通信業,30.7,30.7,1,170,★★☆☆☆,0.0,18.0,1,5.1,0.0,2.0,0.0,10.7,0.0,0.0,0.0,監視,,0.0,3.9,2.1,1.8,4009,4189.0,0.4,0.9,2301,RS転換1日目 / RS加速+5.1 / 25MA上抜け2日目 / 高値圏かつ未過熱 / MA上昇配列 / パーフェクトオーダー
8052,椿本興業,卸売業,30.7,30.7,1,171,★★☆☆☆,0.0,18.0,0,11.2,0.0,4.0,0.0,8.7,0.0,0.0,0.0,監視,,0.0,8.0,1.5,4.5,2842,2932.0,3.3,1.2,132,RS転換0日目 / RS加速+11.2 / 25MA上抜け7日目 / 高値圏かつ未過熱 / MA上昇配列
4188,三菱ケミカルグループ,化学,30.7,30.7,1,172,★★☆☆☆,0.0,14.0,0,17.2,0.0,3.0,0.0,13.7,0.0,0.0,0.0,監視,,0.0,8.5,2.7,7.7,1198,1266.5,11.5,1.3,6684,RS転換0日目 / RS加速+17.2 / 高値圏かつ未過熱 / MA上昇配列 / パーフェクトオーダー / 52週高値ブレイク!
4114,日本触媒,化学,30.7,30.7,1,173,★★☆☆☆,0.0,11.5,34,6.1,0.0,5.3,0.0,12.5,0.0,1.4,0.0,監視,,0.0,25.6,2.2,10.0,2612,2733.5,3.6,1.1,2864,RS加速+6.1 / 高値圏かつ未過熱 / 買い出来高優勢 / 資金流入増 / MA上昇配列 / パーフェクトオーダー / 52週高値ブレイク! / 開示[新工場](6日前)
6395,タダノ,機械,30.7,30.7,1,174,★★☆☆☆,0.0,18.0,1,6.7,0.0,2.0,0.0,10.7,0.0,0.0,0.0,監視,,0.0,5.5,2.8,4.8,1367,1448.0,5.6,1.3,601,RS転換1日目 / RS加速+6.7 / 25MA上抜け6日目 / 高値圏かつ未過熱 / MA上昇配列 / パーフェクトオーダー
4246,ダイキョーニシカワ,化学,30.6,30.6,1,175,★★☆☆☆,0.0,9.5,33,2.8,0.0,3.3,0.0,15.0,0.0,2.8,0.0,監視,,0.0,11.1,1.9,6.5,1118,1162.0,3.8,0.8,297,高値圏かつ未過熱 / 買い出来高優勢 / MA上昇配列 / パーフェクトオーダー / 52週高値ブレイク! / 開示[自己株式の取得](1日前)
6592,マブチモーター,電気機器,30.6,30.6,1,176,★★☆☆☆,0.0,14.0,1,2.8,0.0,4.3,0.0,9.5,0.0,2.8,0.0,監視,,0.0,5.2,2.6,4.1,1692,1785.5,0.8,1.0,2675,RS転換1日目 / 高値圏かつ未過熱 / 買い出来高優勢 / MA上昇配列 / パーフェクトオーダー / 開示[自己株式の取得](1日前)
8388,阿波銀行,銀行業,30.6,27.4,4,177,★★☆☆☆,0.0,11.5,45,10.5,0.0,3.0,0.0,12.0,0.0,0.9,0.0,監視,,0.0,14.0,3.6,7.6,9060,9770.0,5.2,0.9,1653,RS加速+10.5 / 高値圏かつ未過熱 / MA上昇配列 / パーフェクトオーダー / 開示[株式分割](8日前)
8066,三谷商事,卸売業,30.6,29.0,4,178,★★☆☆☆,0.0,11.5,41,4.9,0.0,4.0,0.0,13.5,0.0,0.0,0.0,監視,,0.0,19.7,4.9,11.5,3169,3515.0,5.6,0.9,124,RS加速+4.9 / 高値圏かつ未過熱 / 資金流入増 / MA上昇配列 / パーフェクトオーダー / 52週高値目前
6098,リクルートホールディングス,サービス業,30.6,30.6,1,179,★★☆☆☆,0.0,11.5,42,6.9,0.0,4.3,0.0,12.0,0.0,2.8,0.0,監視,,0.0,38.2,3.5,14.6,16285,17495.0,5.4,0.7,67612,RS加速+6.9 / 高値圏かつ未過熱 / 買い出来高優勢 / MA上昇配列 / パーフェクトオーダー / 開示[自己株式の取得](1日前)
4041,日本曹達,化学,30.5,30.5,1,180,★★☆☆☆,0.0,14.0,1,2.8,0.0,3.0,0.0,13.5,0.0,0.0,0.0,監視,,0.0,3.2,1.4,4.1,3966,4080.0,3.3,1.4,346,RS転換1日目 / 高値圏かつ未過熱 / MA上昇配列 / パーフェクトオーダー / 52週高値目前
1939,四電工,建設業,30.5,30.5,1,181,★★☆☆☆,0.0,11.5,35,4.5,0.0,4.0,0.0,15.0,0.0,0.0,0.0,監視,,0.0,8.8,2.1,8.7,2198,2294.0,7.2,1.6,205,RS加速+4.5 / 高値圏かつ未過熱 / MA上昇配列 / パーフェクトオーダー / 52週高値ブレイク!
4611,大日本塗料,化学,30.5,30.5,1,182,★★☆☆☆,0.0,11.5,38,5.9,0.0,5.3,0.0,13.7,0.0,0.0,0.0,監視,,0.0,16.0,2.3,10.5,1565,1640.0,5.3,1.3,151,RS加速+5.9 / 高値圏かつ未過熱 / 買い出来高優勢 / MA上昇配列 / パーフェクトオーダー / 52週高値ブレイク!
278A,Ｔｅｒｒａ　Ｄｒｏｎｅ,精密機器,30.4,23.400000000000002,4,183,★★☆☆☆,0.0,12.0,7,37.7,0.0,5.3,0.0,10.0,0.0,1.1,-5.0,監視,,0.0,45.1,10.6,29.2,14016,17770.0,26.5,2.9,46648,RS転換7日目 / RS加速+37.7 / 出来高増2.9倍 / 資金流入増 / MA上昇配列 / パーフェクトオーダー / 過熱⚠25MA+29% / 開示[株式分割](6日前)
4997,日本農薬,化学,30.3,30.3,1,184,★★☆☆☆,0.0,11.5,34,9.0,0.0,6.3,0.0,12.5,0.0,0.0,0.0,監視,,0.0,20.8,2.3,13.7,1262,1323.0,8.0,1.7,276,RS加速+9.0 / 高値圏かつ未過熱 / 買い出来高優勢 / MA上昇配列 / パーフェクトオーダー / 52週高値ブレイク! / RSI過熱(86)⚠
8377,ほくほくフィナンシャルグループ,銀行業,30.3,30.3,1,185,★★☆☆☆,0.0,16.0,3,9.5,0.0,2.0,0.0,9.5,0.0,2.8,0.0,監視,,0.0,8.3,3.0,4.8,7899,8406.0,4.7,0.7,3446,RS転換3日目 / RS加速+9.5 / 高値圏かつ未過熱 / MA上昇配列 / パーフェクトオーダー / 開示[自己株式の取得](1日前)
6958,日本シイエムケイ,電気機器,30.3,27.0,3,186,★★☆☆☆,0.0,13.0,26,5.6,0.0,2.0,0.0,12.0,0.0,0.0,0.0,監視,,0.0,21.9,4.7,10.5,712,787.0,4.9,1.0,742,RS加速+5.6 / 高値圏かつ未過熱 / MA上昇配列 / パーフェクトオーダー
8242,エイチ・ツー・オー　リテイリング,小売業,30.3,30.3,1,187,★★☆☆☆,0.0,12.0,1,-1.7,0.0,3.3,0.0,12.2,0.0,2.8,0.0,監視,,0.0,2.7,2.1,3.8,2888,3015.0,-0.1,0.7,1279,RS転換1日目 / 高値圏かつ未過熱 / 買い出来高優勢 / MA上昇配列 / パーフェクトオーダー / 52週高値目前 / 開示[自己株式の取得](1日前)
7239,タチエス,輸送用機器,30.3,30.3,1,188,★★☆☆☆,0.0,12.0,1,-1.9,0.0,3.3,0.0,15.0,0.0,0.0,0.0,監視,,0.0,3.6,1.4,3.8,2328,2397.0,1.8,0.9,196,RS転換1日目 / 高値圏かつ未過熱 / 買い出来高優勢 / MA上昇配列 / パーフェクトオーダー / 52週高値ブレイク!
8600,トモニホールディングス,銀行業,30.3,30.3,1,189,★★☆☆☆,0.0,16.0,3,9.1,0.0,3.3,0.0,11.0,0.0,0.0,0.0,監視,,0.0,10.4,2.9,6.6,1072,1139.0,5.6,0.8,634,RS転換3日目 / RS加速+9.1 / 高値圏かつ未過熱 / 買い出来高優勢 / MA上昇配列 / パーフェクトオーダー / 52週高値目前
9532,大阪瓦斯,電気・ガス業,30.3,30.3,1,190,★★☆☆☆,0.0,18.0,1,5.9,0.0,3.3,0.0,9.0,0.0,0.0,0.0,監視,,0.0,5.4,1.8,6.5,5670,5879.0,4.6,1.1,4707,RS転換1日目 / RS加速+5.9 / 25MA上抜け8日目 / 高値圏かつ未過熱 / 買い出来高優勢 / MA上昇配列
8198,マックスバリュ東海,小売業,30.3,30.3,1,191,★★☆☆☆,0.0,18.0,1,3.7,0.0,5.3,0.0,7.0,0.0,0.0,0.0,監視,,0.0,2.0,2.0,3.1,3218,3355.0,2.8,1.2,143,RS転換1日目 / RS加速+3.7 / 25MA上抜け7日目 / 高値圏かつ未過熱 / 買い出来高優勢 / 資金流入増
6432,竹内製作所,機械,30.2,30.2,1,192,★★☆☆☆,0.0,18.0,1,7.8,0.0,0.0,0.0,12.2,0.0,0.0,0.0,監視,,0.0,3.6,2.7,2.5,7233,7650.0,2.8,0.9,1571,RS転換1日目 / RS加速+7.8 / 25MA上抜け6日目 / 高値圏かつ未過熱 / MA上昇配列 / パーフェクトオーダー / 52週高値目前
3864,三菱製紙,パルプ・紙,30.2,31.5,3,193,★★☆☆☆,0.0,16.0,2,5.4,0.0,3.3,0.0,12.2,0.0,0.0,0.0,監視,,0.0,6.6,2.6,5.6,1162,1225.0,3.6,0.8,225,RS転換2日目 / RS加速+5.4 / 高値圏かつ未過熱 / 買い出来高優勢 / MA上昇配列 / パーフェクトオーダー / 52週高値目前
7516,コーナン商事,小売業,30.2,30.2,1,194,★★☆☆☆,0.0,16.0,1,3.1,0.0,2.0,0.0,12.2,0.0,0.0,0.0,監視,,0.0,6.6,1.8,5.2,4335,4495.0,2.1,0.7,407,RS転換1日目 / RS加速+3.1 / 高値圏かつ未過熱 / MA上昇配列 / パーフェクトオーダー / 52週高値目前
2053,中部飼料,食料品,30.2,30.2,1,195,★★☆☆☆,0.0,16.0,1,3.3,0.0,2.0,0.0,12.2,0.0,0.0,0.0,監視,,0.0,4.2,1.7,4.0,1980,2052.0,1.0,1.1,114,RS転換1日目 / RS加速+3.3 / 高値圏かつ未過熱 / MA上昇配列 / パーフェクトオーダー / 52週高値目前
7751,キヤノン,電気機器,30.2,30.2,1,196,★★☆☆☆,0.0,18.0,1,8.3,0.0,2.0,0.0,10.0,0.0,0.2,0.0,監視,,0.0,4.0,1.5,3.9,4607,4750.0,3.1,1.0,15074,RS転換1日目 / RS加速+8.3 / 25MA上抜け7日目 / 高値圏かつ未過熱 / MA上昇配列 / 開示[自己株式の取得](13日前)
1951,エクシオグループ,建設業,30.1,30.1,1,197,★★☆☆☆,0.0,18.0,0,7.3,0.0,3.3,0.0,6.0,0.0,2.8,0.0,監視,,0.0,2.1,1.7,2.7,2594,2687.0,3.2,0.7,1524,RS転換0日目 / RS加速+7.3 / 25MA上抜け4日目 / 高値圏かつ未過熱 / 買い出来高優勢 / 開示[自己株式の取得](1日前)
6988,日東電工,化学,30.1,30.1,1,198,★★☆☆☆,0.0,18.0,1,7.3,0.0,3.3,0.0,7.7,0.0,1.1,0.0,監視,,0.0,3.9,2.4,3.5,3408,3580.0,5.9,0.8,8831,RS転換1日目 / RS加速+7.3 / 25MA上抜け2日目 / 高値圏かつ未過熱 / 買い出来高優勢 / MA上昇配列 / 開示[自己株式の取得](9日前)
4118,カネカ,化学,30.1,30.1,1,199,★★☆☆☆,0.0,11.5,32,5.1,0.0,6.3,0.0,9.5,0.0,2.8,0.0,監視,,0.0,7.8,2.4,5.1,6041,6343.0,3.6,1.5,1778,RS加速+5.1 / 高値圏かつ未過熱 / 買い出来高優勢 / MA上昇配列 / パーフェクトオーダー / 開示[自己株式の取得](1日前)
3964,オークネット,情報・通信業,30.1,21.7,4,200,★★☆☆☆,0.0,12.0,2,0.3,0.0,8.7,0.0,1.0,0.0,0.0,0.0,監視,,0.0,1.7,2.8,-2.0,1324,1403.0,-3.2,3.0,1238,RS転換2日目 / 高値圏かつ未過熱 / 出来高急増3.0倍 / 資金流入増
417A,ブルーゾーンホールディングス,小売業,30.1,30.1,1,201,★★☆☆☆,0.0,12.0,1,-1.7,0.0,3.3,0.0,12.0,0.0,2.8,0.0,監視,,0.0,2.3,1.5,2.6,1804,1861.5,-0.4,0.8,475,RS転換1日目 / 高値圏かつ未過熱 / 買い出来高優勢 / MA上昇配列 / パーフェクトオーダー / 開示[自己株式の取得](1日前)
3673,ブロードリーフ,情報・通信業,30.0,30.0,1,202,★★☆☆☆,0.0,18.0,2,3.0,0.0,1.0,0.0,11.0,0.0,0.0,0.0,監視,,0.0,7.6,5.2,5.5,430,480.0,4.1,0.9,493,RS転換2日目 / RS加速+3.0 / 25MA上抜け9日目 / 高値圏かつ未過熱 / MA上昇配列 / パーフェクトオーダー
7384,プロクレアホールディングス,銀行業,30.0,27.5,3,203,★★☆☆☆,0.0,16.0,5,8.6,0.0,2.0,0.0,9.5,0.0,0.0,0.0,監視,,0.0,8.6,4.3,3.6,4151,4545.0,1.5,0.9,414,RS転換5日目 / RS加速+8.6 / 高値圏かつ未過熱 / MA上昇配列 / パーフェクトオーダー
6326,クボタ,機械,30.0,30.0,1,204,★★☆☆☆,0.0,18.0,1,11.7,0.0,4.0,0.0,8.0,0.0,0.0,0.0,監視,,0.0,7.5,3.1,9.5,2819,3004.0,7.2,1.3,14689,RS転換1日目 / RS加速+11.7 / 25MA上抜け6日目 / 高値圏かつ未過熱
4502,武田薬品工業,医薬品,30.0,30.0,1,205,★★☆☆☆,0.0,16.0,1,5.7,0.0,2.0,0.0,12.0,0.0,0.0,0.0,監視,,0.0,5.1,1.8,3.4,5639,5845.0,0.6,0.9,21513,RS転換1日目 / RS加速+5.7 / 高値圏かつ未過熱 / MA上昇配列 / パーフェクトオーダー
3771,システムリサーチ,情報・通信業,30.0,30.0,1,206,★★☆☆☆,0.0,14.0,1,1.6,0.0,5.0,0.0,11.0,0.0,0.0,0.0,監視,,0.0,5.8,2.4,3.5,1857,1951.0,0.3,2.0,131,RS転換1日目 / 高値圏かつ未過熱 / MA上昇配列 / パーフェクトオーダー
1946,トーエネック,建設業,30.0,30.0,1,207,★★☆☆☆,0.0,18.0,3,10.8,0.0,4.0,0.0,8.0,0.0,0.0,0.0,監視,,0.0,9.6,2.4,9.5,2206,2315.0,7.0,1.8,350,RS転換3日目 / RS加速+10.8 / 25MA上抜け8日目 / 高値圏かつ未過熱
4413,ボードルア,情報・通信業,30.0,30.0,1,208,★★☆☆☆,0.0,18.0,1,6.5,0.0,1.0,0.0,11.0,0.0,0.0,0.0,監視,,0.0,4.1,3.0,2.4,2782,2962.0,-0.2,0.9,1253,RS転換1日目 / RS加速+6.5 / 25MA上抜け10日目 / 高値圏かつ未過熱 / MA上昇配列 / パーフェクトオーダー
3048,ビックカメラ,小売業,30.0,30.0,1,209,★★☆☆☆,0.0,14.0,1,0.5,0.0,4.0,0.0,12.0,0.0,0.0,0.0,監視,,0.0,1.6,1.7,3.4,1736,1796.0,0.8,0.5,2103,RS転換1日目 / 高値圏かつ未過熱 / 資金流入増 / MA上昇配列 / パーフェクトオーダー
4992,北興化学工業,化学,30.0,30.0,1,210,★★☆☆☆,0.0,16.0,9,5.6,0.0,2.0,0.0,12.0,0.0,0.0,0.0,監視,,0.0,9.1,2.4,5.0,1968,2066.0,2.9,0.7,180,RS転換9日目 / RS加速+5.6 / 高値圏かつ未過熱 / MA上昇配列 / パーフェクトオーダー
2002,日清製粉グループ本社,食料品,30.0,30.0,1,211,★★☆☆☆,0.0,16.0,0,2.9,0.0,2.0,0.0,12.0,0.0,0.0,0.0,監視,,0.0,1.0,1.6,1.5,1996,2062.0,-0.2,0.9,1899,RS転換0日目 / 25MA上抜け9日目 / 高値圏かつ未過熱 / MA上昇配列 / パーフェクトオーダー
9044,ＮＡＮＫＡＩ,陸運業,30.0,30.0,1,212,★★☆☆☆,0.0,18.0,1,5.1,0.0,3.3,0.0,8.7,0.0,0.0,0.0,監視,,0.0,3.2,1.7,3.5,2993,3099.0,1.6,0.9,626,RS転換1日目 / RS加速+5.1 / 25MA上抜け10日目 / 高値圏かつ未過熱 / 買い出来高優勢 / MA上昇配列
6532,ベイカレント,サービス業,30.0,30.0,1,213,★★☆☆☆,0.0,16.0,2,5.9,0.0,2.0,0.0,12.0,0.0,0.0,0.0,監視,,0.0,14.4,3.2,9.6,7622,8143.0,5.1,1.0,8182,RS転換2日目 / RS加速+5.9 / 高値圏かつ未過熱 / MA上昇配列 / パーフェクトオーダー
5310,東洋炭素,ガラス・土石製品,29.8,18.1,4,214,★★☆☆☆,0.0,8.0,4,2.4,8.1,2.0,0.0,0.0,0.0,0.0,0.0,,,0.0,0.6,4.2,-0.8,6301,6880.0,0.4,1.4,718,RS転換4日目 / 核融合(+1.0%)
8061,西華産業,卸売業,29.8,29.8,1,215,★★☆☆☆,0.0,13.0,28,5.6,0.0,2.0,0.0,12.0,0.0,2.8,0.0,,,0.0,19.5,3.3,11.0,3073,3290.0,7.7,1.0,604,RS加速+5.6 / 高値圏かつ未過熱 / MA上昇配列 / パーフェクトオーダー / 開示[自己株式の取得](1日前)
6676,ＢＵＦＦＡＬＯ,電気機器,29.8,29.8,1,216,★★☆☆☆,0.0,11.5,35,8.6,0.0,3.3,0.0,12.2,0.0,2.8,0.0,,,0.0,13.4,2.3,10.4,3018,3165.0,7.2,1.0,126,RS加速+8.6 / 高値圏かつ未過熱 / 買い出来高優勢 / MA上昇配列 / パーフェクトオーダー / 52週高値目前 / 開示[自己株式の取得](1日前)
8558,東和銀行,銀行業,29.8,26.5,3,217,★★☆☆☆,0.0,16.0,2,7.6,0.0,1.0,0.0,9.5,0.0,0.0,0.0,,,0.0,6.0,3.5,2.5,1358,1462.0,1.2,0.8,281,RS転換2日目 / RS加速+7.6 / 高値圏かつ未過熱 / MA上昇配列 / パーフェクトオーダー
3091,ブロンコビリー,小売業,29.7,29.7,1,218,★★☆☆☆,0.0,14.0,1,1.8,0.0,2.0,0.0,13.7,0.0,0.0,0.0,,,0.0,5.6,2.7,7.8,2770,2925.0,5.2,1.0,221,RS転換1日目 / 高値圏かつ未過熱 / MA上昇配列 / パーフェクトオーダー / 52週高値ブレイク!
8439,東京センチュリー,その他金融業,29.7,29.7,1,219,★★☆☆☆,0.0,14.0,0,12.1,0.0,2.0,0.0,13.7,0.0,0.0,0.0,,,0.0,6.1,2.0,7.0,2648,2757.0,6.7,1.2,1798,RS転換0日目 / RS加速+12.1 / 高値圏かつ未過熱 / MA上昇配列 / パーフェクトオーダー / 52週高値ブレイク!
5946,長府製作所,金属製品,29.7,29.7,1,220,★★☆☆☆,0.0,18.0,0,4.3,0.0,2.0,0.0,9.7,0.0,0.0,0.0,,,0.0,0.9,1.4,3.6,2088,2150.0,4.4,0.7,125,RS転換0日目 / RS加速+4.3 / 25MA上抜け2日目 / 高値圏かつ未過熱 / MA上昇配列 / パーフェクトオーダー
4667,アイサンテクノロジー,情報・通信業,29.6,25.7,3,221,★★☆☆☆,0.0,12.0,8,31.7,0.0,7.7,0.0,11.0,0.0,0.0,-5.0,,,0.0,41.5,7.0,28.4,2271,2643.0,23.9,11.0,461,RS転換8日目 / RS加速+31.7 / 出来高急増11.0倍 / 資金流入増 / MA上昇配列 / パーフェクトオーダー / 過熱⚠25MA+28%
3765,ガンホー・オンライン・エンターテイメント,情報・通信業,29.6,29.599999999999998,1,222,★★☆☆☆,0.0,12.0,1,6.0,0.0,7.7,0.0,8.0,0.0,1.9,0.0,,,0.0,5.3,2.5,7.3,2496,2627.0,8.0,3.0,824,RS転換1日目 / RS加速+6.0 / 出来高急増3.0倍 / MA上昇配列 / 開示[資本業務提携](5日前)
3167,ＴＯＫＡＩホールディングス,卸売業,29.6,29.6,1,223,★★☆☆☆,0.0,11.0,16,2.4,0.0,3.3,0.0,12.5,0.0,2.8,0.0,,,0.0,12.3,1.4,7.9,1287,1324.0,3.0,1.1,346,高値圏かつ未過熱 / 買い出来高優勢 / MA上昇配列 / パーフェクトオーダー / 52週高値ブレイク! / RSI過熱(86)⚠ / 開示[自己株式の取得](1日前)
8566,リコーリース,その他金融業,29.5,21.5,2,224,★★☆☆☆,0.0,6.0,-1,0.6,0.0,2.0,0.0,13.5,0.0,0.0,0.0,,,0.0,-0.6,1.3,2.6,6697,6880.0,1.6,1.0,223,25MA上抜け8日目 / MA上昇配列 / パーフェクトオーダー / 52週高値目前
8173,Ｊｏｓｈｉｎ,小売業,29.5,29.5,1,225,★★☆☆☆,0.0,14.0,2,0.6,0.0,2.0,0.0,13.5,0.0,0.0,0.0,,,0.0,10.8,3.2,9.6,4276,4565.0,4.6,1.5,697,RS転換2日目 / 高値圏かつ未過熱 / MA上昇配列 / パーフェクトオーダー / 52週高値目前
5445,東京鐵鋼,鉄鋼,29.5,29.5,1,226,★★☆☆☆,0.0,16.0,1,3.0,0.0,3.3,0.0,10.2,0.0,0.0,0.0,,,0.0,4.4,1.5,5.2,2040,2102.0,4.0,1.1,201,RS転換1日目 / RS加速+3.0 / 高値圏かつ未過熱 / 買い出来高優勢 / MA上昇配列 / 52週高値目前
3087,ドトール・日レスホールディングス,小売業,29.5,29.5,1,227,★★☆☆☆,0.0,14.0,1,2.4,0.0,3.3,0.0,12.2,0.0,0.0,0.0,,,0.0,6.2,1.8,6.2,3299,3425.0,2.4,0.7,421,RS転換1日目 / 高値圏かつ未過熱 / 買い出来高優勢 / MA上昇配列 / パーフェクトオーダー / 52週高値目前
8037,カメイ,卸売業,29.5,29.5,1,228,★★☆☆☆,0.0,11.5,38,5.6,0.0,4.3,0.0,13.7,0.0,0.0,0.0,,,0.0,20.4,2.1,11.3,4495,4695.0,6.9,1.1,243,RS加速+5.6 / 高値圏かつ未過熱 / 買い出来高優勢 / MA上昇配列 / パーフェクトオーダー / 52週高値ブレイク!
8306,三菱ＵＦＪフィナンシャル・グループ,銀行業,29.5,29.5,1,229,★★☆☆☆,0.0,14.0,1,9.2,0.0,2.0,0.0,13.5,0.0,0.0,0.0,,,0.0,0.7,2.4,3.2,3526,3700.0,4.8,1.2,126589,RS転換1日目 / RS加速+9.2 / 高値圏かつ未過熱 / MA上昇配列 / パーフェクトオーダー / 52週高値目前
7180,九州フィナンシャルグループ,銀行業,29.5,29.5,1,230,★★☆☆☆,0.0,14.0,1,11.0,0.0,2.0,0.0,13.5,0.0,0.0,0.0,,,0.0,4.5,2.6,4.7,1513,1595.0,4.4,0.8,1676,RS転換1日目 / RS加速+11.0 / 高値圏かつ未過熱 / MA上昇配列 / パーフェクトオーダー / 52週高値目前
5803,フジクラ,非鉄金属,29.3,19.0,4,231,★★☆☆☆,0.0,5.0,16,-0.5,6.0,3.0,0.0,5.0,0.0,0.0,0.0,,,0.0,20.5,6.4,3.9,4621,5298.0,0.1,0.7,350067,光通信・電線(-0.2%) / MA上昇配列 / パーフェクトオーダー
1379,ホクト,水産・農林業,29.3,29.3,1,232,★★☆☆☆,0.0,16.0,1,4.3,0.0,4.3,0.0,9.0,0.0,0.0,0.0,,,0.0,10.9,1.7,7.8,2102,2177.0,3.1,1.0,243,RS転換1日目 / RS加速+4.3 / 高値圏かつ未過熱 / 買い出来高優勢 / MA上昇配列 / 52週高値目前 / RSI過熱(87)⚠
6737,ＥＩＺＯ,電気機器,29.3,29.3,1,233,★★☆☆☆,0.0,9.5,35,2.9,0.0,3.3,0.0,13.7,0.0,2.8,0.0,,,0.0,8.5,2.3,7.8,3065,3210.0,5.9,1.0,562,高値圏かつ未過熱 / 買い出来高優勢 / MA上昇配列 / パーフェクトオーダー / 52週高値ブレイク! / 開示[自己株式の取得](1日前)
3877,中越パルプ工業,パルプ・紙,29.3,29.3,1,234,★★☆☆☆,0.0,14.0,1,2.0,0.0,4.3,0.0,11.0,0.0,0.0,0.0,,,0.0,5.4,1.3,3.1,2198,2259.0,0.4,1.0,103,RS転換1日目 / 高値圏かつ未過熱 / 買い出来高優勢 / MA上昇配列 / パーフェクトオーダー / 52週高値目前
8101,ＧＳＩクレオス,卸売業,29.3,29.3,1,235,★★☆☆☆,0.0,16.0,0,3.2,0.0,1.0,0.0,9.5,0.0,2.8,0.0,,,0.0,1.2,1.9,0.4,2618,2720.0,0.2,1.1,103,RS転換0日目 / RS加速+3.2 / 高値圏かつ未過熱 / MA上昇配列 / パーフェクトオーダー / 開示[自己株式の取得](1日前)
8075,神鋼商事,卸売業,29.3,29.3,1,236,★★☆☆☆,0.0,11.5,34,3.4,0.0,5.3,0.0,12.5,0.0,0.0,0.0,,,0.0,20.1,2.3,9.1,3031,3175.0,3.9,0.7,243,RS加速+3.4 / 高値圏かつ未過熱 / 買い出来高優勢 / 資金流入増 / MA上昇配列 / パーフェクトオーダー / 52週高値ブレイク!
4471,三洋化成工業,化学,29.3,29.3,1,237,★★☆☆☆,0.0,11.5,31,6.9,0.0,5.3,0.0,12.5,0.0,0.0,0.0,,,0.0,33.4,2.8,12.1,6289,6660.0,4.4,1.0,1184,RS加速+6.9 / 高値圏かつ未過熱 / 買い出来高優勢 / 資金流入増 / MA上昇配列 / パーフェクトオーダー / 52週高値ブレイク!
2607,不二製油,食料品,29.3,29.3,1,238,★★☆☆☆,0.0,11.0,16,1.2,0.0,3.3,0.0,15.0,0.0,0.0,0.0,,,0.0,17.8,2.3,8.6,4514,4730.0,2.3,1.0,1459,高値圏かつ未過熱 / 買い出来高優勢 / MA上昇配列 / パーフェクトオーダー / 52週高値ブレイク!
4733,オービックビジネスコンサルタント,情報・通信業,29.3,29.3,1,239,★★☆☆☆,0.0,16.0,1,4.1,0.0,3.3,0.0,10.0,0.0,0.0,0.0,,,0.0,7.7,2.4,6.4,8293,8719.0,3.9,0.9,1677,RS転換1日目 / RS加速+4.1 / 高値圏かつ未過熱 / 買い出来高優勢 / MA上昇配列
4417,グローバルセキュリティエキスパート,情報・通信業,29.3,32.0,3,240,★★☆☆☆,0.0,18.0,2,9.2,0.0,2.0,0.0,12.0,0.0,0.0,0.0,,,0.0,10.1,4.9,4.0,4285,4750.0,4.4,0.6,235,RS転換2日目 / RS加速+9.2 / 25MA上抜け8日目 / 高値圏かつ未過熱 / MA上昇配列 / パーフェクトオーダー
9739,ＮＳＷ,情報・通信業,29.0,29.0,1,241,★★☆☆☆,0.0,14.0,2,2.8,0.0,4.0,0.0,11.0,0.0,0.0,0.0,,,0.0,8.1,2.1,5.9,2688,2807.0,2.7,1.1,101,RS転換2日目 / 高値圏かつ未過熱 / 資金流入増 / MA上昇配列 / パーフェクトオーダー
8081,カナデン,卸売業,29.0,29.0,1,242,★★☆☆☆,0.0,18.0,1,6.4,0.0,3.0,0.0,8.0,0.0,0.0,0.0,,,0.0,6.2,2.3,3.1,2447,2563.0,0.1,0.7,148,RS転換1日目 / RS加速+6.4 / 25MA上抜け8日目 / 高値圏かつ未過熱
5975,東プレ,金属製品,29.0,29.0,1,243,★★☆☆☆,0.0,11.5,31,6.4,0.0,4.0,0.0,13.5,0.0,0.0,0.0,,,0.0,20.0,2.5,9.5,3194,3360.0,6.3,0.6,510,RS加速+6.4 / 高値圏かつ未過熱 / 資金流入増 / MA上昇配列 / パーフェクトオーダー / 52週高値目前
1982,日比谷総合設備,建設業,29.0,29.0,1,244,★★☆☆☆,0.0,18.0,3,7.3,0.0,4.0,0.0,7.0,0.0,0.0,0.0,,,0.0,7.2,2.7,4.1,2874,3040.0,2.1,1.2,351,RS転換3日目 / RS加速+7.3 / 25MA上抜け8日目 / 高値圏かつ未過熱
6455,モリタホールディングス,輸送用機器,29.0,29.0,1,245,★★☆☆☆,0.0,18.0,0,3.5,0.0,3.3,0.0,7.7,0.0,0.0,0.0,,,0.0,1.0,1.6,3.3,2435,2517.0,1.2,0.9,174,RS転換0日目 / RS加速+3.5 / 25MA上抜け7日目 / 高値圏かつ未過熱 / 買い出来高優勢 / MA上昇配列
2982,ＡＤワークスグループ,不動産業,29.0,29.0,1,246,★★☆☆☆,0.0,18.0,1,5.4,0.0,2.0,0.0,9.0,0.0,0.0,0.0,,,0.0,5.1,2.0,4.5,419,437.0,3.3,0.7,128,RS転換1日目 / RS加速+5.4 / 25MA上抜け8日目 / 高値圏かつ未過熱 / MA上昇配列
4021,日産化学,化学,29.0,29.0,1,247,★★☆☆☆,0.0,16.0,8,4.8,0.0,1.0,0.0,12.0,0.0,0.0,0.0,,,0.0,9.0,2.8,5.9,7859,8325.0,1.7,0.6,5365,RS転換8日目 / RS加速+4.8 / 高値圏かつ未過熱 / MA上昇配列 / パーフェクトオーダー
4768,大塚商会,情報・通信業,29.0,29.0,1,248,★★☆☆☆,0.0,14.0,2,2.0,0.0,0.0,0.0,15.0,0.0,0.0,0.0,,,0.0,11.1,2.2,6.4,3516,3675.0,4.1,0.9,5062,RS転換2日目 / 高値圏かつ未過熱 / MA上昇配列 / パーフェクトオーダー / 52週高値ブレイク!
3941,レンゴー,パルプ・紙,29.0,29.0,1,249,★★☆☆☆,0.0,16.0,1,5.0,0.0,2.0,0.0,11.0,0.0,0.0,0.0,,,0.0,6.5,2.0,3.8,1565,1632.0,3.8,0.7,1627,RS転換1日目 / RS加速+5.0 / 高値圏かつ未過熱 / MA上昇配列 / パーフェクトオーダー / 52週高値目前
8713,フィデアホールディングス,銀行業,29.0,29.0,1,250,★★☆☆☆,0.0,11.5,34,5.6,0.0,5.3,0.0,12.2,0.0,0.0,0.0,,,0.0,28.3,3.7,13.3,2646,2860.0,5.8,0.6,300,RS加速+5.6 / 高値圏かつ未過熱 / 買い出来高優勢 / 資金流入増 / MA上昇配列 / パーフェクトオーダー / 52週高値目前
8562,福島銀行,銀行業,29.0,29.0,1,251,★★☆☆☆,0.0,16.0,3,8.3,0.0,3.3,0.0,9.7,0.0,0.0,0.0,,,0.0,9.7,2.9,8.4,367,390.0,6.8,0.9,113,RS転換3日目 / RS加速+8.3 / 高値圏かつ未過熱 / 買い出来高優勢 / MA上昇配列 / パーフェクトオーダー
2327,日鉄ソリューションズ,情報・通信業,29.0,29.0,1,252,★★☆☆☆,0.0,18.0,1,7.9,0.0,2.0,0.0,9.0,0.0,0.0,0.0,,,0.0,6.4,2.1,5.6,3910,4078.0,4.5,1.0,808,RS転換1日目 / RS加速+7.9 / 25MA上抜け8日目 / 高値圏かつ未過熱 / MA上昇配列
2108,日本甜菜製糖,食料品,29.0,29.0,1,253,★★☆☆☆,0.0,12.0,1,-6.8,0.0,6.3,0.0,8.2,0.0,2.5,0.0,,,0.0,4.9,3.0,1.6,5124,5450.0,-5.4,1.6,207,RS転換1日目 / 高値圏かつ未過熱 / 買い出来高優勢 / MA上昇配列 / パーフェクトオーダー / 開示[自己株式の取得](9日前) / 開示[株式分割](9日前)
9505,北陸電力,電気・ガス業,29.0,29.0,1,254,★★☆☆☆,0.0,16.0,1,10.5,0.0,4.3,0.0,8.7,0.0,0.0,0.0,,,0.0,10.8,2.4,10.5,1019,1070.0,8.8,1.4,894,RS転換1日目 / RS加速+10.5 / 高値圏かつ未過熱 / 買い出来高優勢 / MA上昇配列
6196,ストライクグループ,サービス業,28.9,28.900000000000002,1,255,★★☆☆☆,0.0,14.0,1,7.5,0.0,5.3,0.0,8.0,0.0,1.6,0.0,,,0.0,6.3,2.2,6.0,1362,1426.0,4.9,2.2,566,RS転換1日目 / RS加速+7.5 / 25MA上抜け8日目 / 出来高増2.2倍 / MA上昇配列 / 開示[業績予想の修正](5日前)
2121,ＭＩＸＩ,情報・通信業,28.9,28.9,1,256,★★☆☆☆,0.0,7.5,38,-15.2,0.0,7.7,0.0,13.7,0.0,0.0,0.0,,,0.0,7.0,2.4,11.4,3562,3740.0,4.9,2.2,1467,高値圏かつ未過熱 / 出来高増2.2倍 / 買い出来高優勢 / MA上昇配列 / パーフェクトオーダー / 52週高値ブレイク!
7803,ブシロード,その他製品,28.8,28.8,1,257,★★☆☆☆,0.0,12.0,2,16.2,0.0,3.0,0.0,11.0,0.0,2.8,0.0,,,0.0,17.3,4.8,11.1,401,444.0,9.9,0.9,591,RS転換2日目 / RS加速+16.2 / MA上昇配列 / パーフェクトオーダー / 開示[自己株式の取得](1日前)
6135,牧野フライス製作所,機械,28.8,28.8,1,258,★★☆☆☆,0.0,11.0,12,2.7,0.0,3.0,0.0,12.0,0.0,2.8,0.0,,,0.0,4.9,3.6,5.6,14746,15880.0,3.6,1.3,2760,高値圏かつ未過熱 / MA上昇配列 / パーフェクトオーダー / 開示[自己株式の取得](1日前)
5801,古河電気工業,非鉄金属,28.8,14.5,4,259,★★☆☆☆,0.0,5.0,19,-3.1,6.0,0.0,0.0,3.5,0.0,0.0,0.0,,,0.0,17.5,7.3,2.6,3297,3858.0,-3.5,0.6,135963,光通信・電線(-0.2%)
9504,中国電力,電気・ガス業,28.8,28.8,1,260,★★☆☆☆,0.0,16.0,1,11.6,0.0,6.3,0.0,6.5,0.0,0.0,0.0,,,0.0,13.3,2.0,10.9,1014,1055.0,7.6,1.9,2010,RS転換1日目 / RS加速+11.6 / 高値圏かつ未過熱 / 買い出来高優勢 / MA上昇配列 / RSI過熱(95)⚠
6340,澁谷工業,機械,28.8,28.8,1,261,★★☆☆☆,0.0,11.5,49,4.4,0.0,5.3,0.0,12.0,0.0,0.0,0.0,,,0.0,20.0,5.2,10.5,4829,5390.0,5.9,0.5,600,RS加速+4.4 / 高値圏かつ未過熱 / 買い出来高優勢 / 資金流入増 / MA上昇配列 / パーフェクトオーダー
8057,内田洋行,卸売業,28.8,28.8,1,262,★★☆☆☆,0.0,16.0,2,7.9,0.0,3.3,0.0,9.5,0.0,0.0,0.0,,,0.0,9.5,1.7,7.6,2263,2344.0,5.2,1.1,269,RS転換2日目 / RS加速+7.9 / 高値圏かつ未過熱 / 買い出来高優勢 / MA上昇配列 / パーフェクトオーダー / RSI過熱(85)⚠
9534,北海道瓦斯,電気・ガス業,28.8,28.8,1,263,★★☆☆☆,0.0,16.0,2,7.5,0.0,5.3,0.0,7.5,0.0,0.0,0.0,,,0.0,10.5,1.8,11.0,856,888.0,8.4,2.0,121,RS転換2日目 / RS加速+7.5 / 高値圏かつ未過熱 / 出来高増2.0倍 / MA上昇配列 / RSI過熱(89)⚠
7269,スズキ,輸送用機器,28.7,28.7,1,264,★★☆☆☆,0.0,18.0,1,11.2,0.0,2.0,0.0,8.7,0.0,0.0,0.0,,,0.0,12.9,2.3,8.7,2152,2255.0,6.4,0.9,14564,RS転換1日目 / RS加速+11.2 / 25MA上抜け8日目 / 高値圏かつ未過熱 / MA上昇配列
5401,日本製鉄,鉄鋼,28.7,28.7,1,265,★★☆☆☆,0.0,16.0,1,1.1,0.0,5.0,0.0,7.7,0.0,0.0,0.0,,,0.0,5.2,2.4,4.1,667,700.2999877929688,4.2,1.6,29045,RS転換1日目 / 25MA上抜け0日目 / 高値圏かつ未過熱 / MA上昇配列 / 52週高値目前
7744,ノーリツ鋼機,精密機器,28.7,28.7,1,266,★★☆☆☆,0.0,16.0,1,2.8,0.0,2.0,0.0,10.7,0.0,0.0,0.0,,,0.0,4.0,3.1,4.4,1991,2121.0,4.1,0.9,773,RS転換1日目 / 25MA上抜け1日目 / 高値圏かつ未過熱 / MA上昇配列 / パーフェクトオーダー
8923,トーセイ,不動産業,28.7,28.7,1,267,★★☆☆☆,0.0,16.0,0,1.2,0.0,2.0,0.0,10.7,0.0,0.0,0.0,,,0.0,1.7,1.7,2.7,1783,1844.0,1.0,0.7,293,RS転換0日目 / 25MA上抜け8日目 / 高値圏かつ未過熱 / MA上昇配列 / パーフェクトオーダー
7350,おきなわフィナンシャルグループ,銀行業,28.6,29.5,2,268,★★☆☆☆,0.0,18.0,0,3.9,0.0,2.0,0.0,9.5,0.0,0.0,0.0,,,0.0,2.6,3.9,2.9,7231,7840.0,3.6,1.4,902,RS転換0日目 / RS加速+3.9 / 25MA上抜け0日目 / 高値圏かつ未過熱 / MA上昇配列 / パーフェクトオーダー
9039,サカイ引越センター,陸運業,28.5,28.5,1,269,★★☆☆☆,0.0,14.0,0,2.0,0.0,1.0,0.0,13.5,0.0,0.0,0.0,,,0.0,0.6,1.5,1.7,2935,3025.0,0.5,1.0,263,RS転換0日目 / 高値圏かつ未過熱 / MA上昇配列 / パーフェクトオーダー / 52週高値目前
4477,ＢＡＳＥ,情報・通信業,28.5,28.5,1,270,★★☆☆☆,0.0,14.0,1,16.9,0.0,5.0,0.0,6.7,0.0,5.8,-3.0,,,0.0,17.4,3.4,19.0,340,365.0,17.4,1.8,396,RS転換1日目 / RS加速+16.9 / 25MA上抜け8日目 / MA上昇配列 / 伸びすぎ注意(25MA+19%) / 開示[資本業務提携](5日前) / 開示[自己株式の取得](5日前)
6070,キャリアリンク,サービス業,28.5,28.5,1,271,★★☆☆☆,0.0,14.0,2,2.7,0.0,4.3,0.0,10.2,0.0,0.0,0.0,,,0.0,9.9,2.4,6.1,2513,2642.0,1.4,0.9,104,RS転換2日目 / 高値圏かつ未過熱 / 買い出来高優勢 / MA上昇配列 / 52週高値目前
2004,昭和産業,食料品,28.5,28.5,1,272,★★☆☆☆,0.0,14.0,1,0.6,0.0,2.0,0.0,12.5,0.0,0.0,0.0,,,0.0,6.2,1.5,5.5,3719,3835.0,1.6,1.1,180,RS転換1日目 / 高値圏かつ未過熱 / MA上昇配列 / パーフェクトオーダー / 52週高値ブレイク! / RSI過熱(92)⚠
3284,フージャースホールディングス,不動産業,28.5,28.5,1,273,★★☆☆☆,0.0,14.0,1,2.7,0.0,4.3,0.0,10.2,0.0,0.0,0.0,,,0.0,6.9,1.4,4.3,1302,1339.0,1.4,0.8,264,RS転換1日目 / 高値圏かつ未過熱 / 買い出来高優勢 / MA上昇配列 / 52週高値目前
7287,日本精機,輸送用機器,28.5,28.5,1,274,★★☆☆☆,0.0,13.0,26,4.4,0.0,2.0,0.0,13.5,0.0,0.0,0.0,,,0.0,10.3,3.1,8.6,2634,2806.0,8.2,1.3,488,RS加速+4.4 / 高値圏かつ未過熱 / MA上昇配列 / パーフェクトオーダー / 52週高値目前
8368,百五銀行,銀行業,28.4,28.3,3,275,★★☆☆☆,0.0,11.5,37,14.1,0.0,3.3,0.0,13.5,0.0,0.0,0.0,,,0.0,19.0,3.5,11.3,2280,2450.0,8.5,0.7,1935,RS加速+14.1 / 高値圏かつ未過熱 / 買い出来高優勢 / MA上昇配列 / パーフェクトオーダー / 52週高値目前
7513,コジマ,小売業,28.3,28.3,1,276,★★☆☆☆,0.0,14.0,0,-2.3,0.0,1.0,0.0,12.0,0.0,1.3,0.0,,,0.0,1.6,2.6,3.9,1357,1431.0,-1.9,1.1,630,RS転換0日目 / 25MA上抜け10日目 / 高値圏かつ未過熱 / MA上昇配列 / パーフェクトオーダー / 開示[自己株式の取得](8日前)
4634,ａｒｔｉｅｎｃｅ,化学,28.3,28.3,1,277,★★☆☆☆,0.0,11.5,43,4.1,0.0,3.3,0.0,13.5,0.0,0.0,0.0,,,0.0,13.6,2.3,6.8,4961,5200.0,3.0,0.6,815,RS加速+4.1 / 高値圏かつ未過熱 / 買い出来高優勢 / MA上昇配列 / パーフェクトオーダー / 52週高値目前
7537,丸文,卸売業,28.3,28.3,1,278,★★☆☆☆,0.0,11.5,35,10.9,0.0,3.3,0.0,13.5,0.0,0.0,0.0,,,0.0,16.1,3.2,6.2,1769,1888.0,3.5,0.6,237,RS加速+10.9 / 高値圏かつ未過熱 / 買い出来高優勢 / MA上昇配列 / パーフェクトオーダー / 52週高値目前
2384,ＳＢＳホールディングス,陸運業,28.3,28.3,1,279,★★☆☆☆,0.0,11.5,32,6.7,0.0,3.3,0.0,13.5,0.0,0.0,0.0,,,0.0,17.8,2.4,8.8,4988,5240.0,2.5,1.0,395,RS加速+6.7 / 高値圏かつ未過熱 / 買い出来高優勢 / MA上昇配列 / パーフェクトオーダー / 52週高値目前
7327,第四北越フィナンシャルグループ,銀行業,28.3,28.3,1,280,★★☆☆☆,0.0,11.5,37,7.7,0.0,3.3,0.0,13.5,0.0,0.0,0.0,,,0.0,10.4,2.5,7.6,2487,2618.0,4.8,0.9,1924,RS加速+7.7 / 高値圏かつ未過熱 / 買い出来高優勢 / MA上昇配列 / パーフェクトオーダー / 52週高値目前
7167,めぶきフィナンシャルグループ,銀行業,28.3,28.3,1,281,★★☆☆☆,0.0,11.5,45,7.3,0.0,3.3,0.0,13.5,0.0,0.0,0.0,,,0.0,12.7,2.5,6.8,1631,1716.0,3.3,0.9,4404,RS加速+7.3 / 高値圏かつ未過熱 / 買い出来高優勢 / MA上昇配列 / パーフェクトオーダー / 52週高値目前
1719,安藤・間,建設業,28.3,28.3,1,282,★★☆☆☆,0.0,16.0,1,3.2,0.0,3.3,0.0,9.0,0.0,0.0,0.0,,,0.0,5.4,1.3,4.6,1907,1959.0,2.9,1.1,1406,RS転換1日目 / RS加速+3.2 / 高値圏かつ未過熱 / 買い出来高優勢 / MA上昇配列
5970,ジーテクト,金属製品,28.3,28.3,1,283,★★☆☆☆,0.0,14.0,1,1.2,0.0,3.3,0.0,11.0,0.0,0.0,0.0,,,0.0,9.0,1.7,4.2,2284,2363.0,1.1,0.8,268,RS転換1日目 / 高値圏かつ未過熱 / 買い出来高優勢 / MA上昇配列 / パーフェクトオーダー / 52週高値目前
3291,飯田グループホールディングス,不動産業,28.3,28.3,1,284,★★☆☆☆,0.0,16.0,1,6.3,0.0,3.3,0.0,9.0,0.0,0.0,0.0,,,0.0,5.3,1.7,3.5,2309,2389.5,2.0,1.0,1320,RS転換1日目 / RS加速+6.3 / 高値圏かつ未過熱 / 買い出来高優勢 / MA上昇配列
7189,西日本フィナンシャルホールディングス,銀行業,28.3,28.3,1,285,★★☆☆☆,0.0,11.5,37,9.7,0.0,3.3,0.0,13.5,0.0,0.0,0.0,,,0.0,11.0,2.6,6.9,4655,4912.0,5.6,0.9,2096,RS加速+9.7 / 高値圏かつ未過熱 / 買い出来高優勢 / MA上昇配列 / パーフェクトオーダー / 52週高値目前
9052,山陽電気鉄道,陸運業,28.3,28.3,1,286,★★☆☆☆,0.0,14.0,0,1.1,0.0,5.3,0.0,9.0,0.0,0.0,0.0,,,0.0,0.0,1.3,1.3,1976,2027.0,-0.2,0.9,126,RS転換0日目 / 高値圏かつ未過熱 / 買い出来高優勢 / 資金流入増 / MA上昇配列
4694,ビー・エム・エル,サービス業,28.3,28.3,1,287,★★☆☆☆,0.0,16.0,0,1.7,0.0,3.3,0.0,9.0,0.0,0.0,0.0,,,0.0,1.6,1.5,2.7,3586,3700.0,1.2,0.9,232,RS転換0日目 / 25MA上抜け8日目 / 高値圏かつ未過熱 / 買い出来高優勢 / MA上昇配列
8358,スルガ銀行,銀行業,28.3,28.3,1,288,★★☆☆☆,0.0,11.5,44,6.7,0.0,3.3,0.0,13.5,0.0,0.0,0.0,,,0.0,10.9,2.6,6.5,2841,2995.0,2.8,0.9,2526,RS加速+6.7 / 高値圏かつ未過熱 / 買い出来高優勢 / MA上昇配列 / パーフェクトオーダー / 52週高値目前
2269,明治ホールディングス,食料品,28.3,28.3,1,289,★★☆☆☆,0.0,13.0,17,4.2,0.0,4.3,0.0,11.0,0.0,0.0,0.0,,,0.0,19.1,1.8,9.1,4378,4544.0,3.0,0.6,5446,RS加速+4.2 / 高値圏かつ未過熱 / 買い出来高優勢 / MA上昇配列 / パーフェクトオーダー / 52週高値目前 / RSI過熱(85)⚠
3636,三菱総合研究所,情報・通信業,28.3,28.3,1,290,★★☆☆☆,0.0,16.0,1,6.8,0.0,3.3,0.0,9.0,0.0,0.0,0.0,,,0.0,8.9,1.9,7.0,5022,5220.0,4.0,0.8,225,RS転換1日目 / RS加速+6.8 / 高値圏かつ未過熱 / 買い出来高優勢 / MA上昇配列 / 52週高値目前 / RSI過熱(87)⚠
9434,ソフトバンク,情報・通信業,28.2,28.2,1,291,★★☆☆☆,0.0,14.0,1,1.0,0.0,2.0,0.0,12.2,0.0,0.0,0.0,,,0.0,4.4,1.7,3.6,233,241.10000610351562,0.8,0.8,17670,RS転換1日目 / 高値圏かつ未過熱 / MA上昇配列 / パーフェクトオーダー / 52週高値目前
8150,三信電気,卸売業,28.2,28.2,1,292,★★☆☆☆,0.0,11.5,35,9.6,0.0,3.0,0.0,13.7,0.0,0.0,0.0,,,0.0,13.2,2.4,10.5,3249,3410.0,10.4,1.1,222,RS加速+9.6 / 高値圏かつ未過熱 / MA上昇配列 / パーフェクトオーダー / 52週高値ブレイク!
7236,ティラド,輸送用機器,28.2,28.2,1,293,★★☆☆☆,0.0,16.0,1,0.2,0.0,0.0,0.0,12.2,0.0,0.0,0.0,,,0.0,0.1,2.8,2.4,1486,1573.0,0.8,0.4,518,RS転換1日目 / 25MA上抜け8日目 / 高値圏かつ未過熱 / MA上昇配列 / パーフェクトオーダー / 52週高値目前
4202,ダイセル,化学,28.0,28.0,1,294,★★☆☆☆,0.0,14.0,0,6.1,0.0,2.0,0.0,12.0,0.0,0.0,0.0,,,0.0,2.7,1.9,3.8,1462,1520.0,4.1,1.0,1435,RS転換0日目 / RS加速+6.1 / 高値圏かつ未過熱 / MA上昇配列 / パーフェクトオーダー
8803,平和不動産,不動産業,28.0,28.0,1,295,★★☆☆☆,0.0,16.0,0,2.8,0.0,0.0,0.0,12.0,0.0,0.0,0.0,,,0.0,1.2,1.0,2.0,2363,2412.0,0.4,1.0,396,RS転換0日目 / 25MA上抜け8日目 / 高値圏かつ未過熱 / MA上昇配列 / パーフェクトオーダー
1860,戸田建設,建設業,28.0,28.0,1,296,★★☆☆☆,0.0,18.0,0,5.9,0.0,2.0,0.0,8.0,0.0,0.0,0.0,,,0.0,2.6,1.6,4.5,1517,1568.0,3.5,1.0,1427,RS転換0日目 / RS加速+5.9 / 25MA上抜け6日目 / 高値圏かつ未過熱
7231,トピー工業,輸送用機器,28.0,28.0,1,297,★★☆☆☆,0.0,16.0,1,5.2,0.0,4.3,0.0,7.7,0.0,0.0,0.0,,,0.0,8.1,2.0,6.8,3068,3195.0,4.9,1.5,177,RS転換1日目 / RS加速+5.2 / 高値圏かつ未過熱 / 買い出来高優勢 / MA上昇配列
7984,コクヨ,その他製品,28.0,28.0,1,298,★★☆☆☆,0.0,16.0,0,1.4,0.0,2.0,0.0,10.0,0.0,0.0,0.0,,,0.0,1.2,1.6,4.4,895,924.2999877929688,3.4,0.9,734,RS転換0日目 / 25MA上抜け6日目 / 高値圏かつ未過熱 / MA上昇配列
4293,セプテーニ・ホールディングス,サービス業,28.0,28.0,1,299,★★☆☆☆,0.0,16.0,1,1.7,0.0,1.0,0.0,11.0,0.0,0.0,0.0,,,0.0,1.3,2.2,3.3,506,530.0,4.1,1.1,196,RS転換1日目 / 25MA上抜け8日目 / 高値圏かつ未過熱 / MA上昇配列 / パーフェクトオーダー
8214,ＡＯＫＩホールディングス,小売業,28.0,28.0,1,300,★★☆☆☆,0.0,14.0,0,-0.7,0.0,3.3,0.0,10.7,0.0,0.0,0.0,,,0.0,0.5,1.2,2.4,1734,1777.0,0.4,0.9,300,RS転換0日目 / 25MA上抜け8日目 / 高値圏かつ未過熱 / 買い出来高優勢 / MA上昇配列 / パーフェクトオーダー
8316,三井住友フィナンシャルグループ,銀行業,28.0,28.0,1,301,★★☆☆☆,0.0,14.0,0,12.4,0.0,2.0,0.0,12.0,0.0,0.0,0.0,,,0.0,2.9,2.1,3.5,6709,7009.0,5.7,1.0,71363,RS転換0日目 / RS加速+12.4 / 高値圏かつ未過熱 / MA上昇配列 / パーフェクトオーダー
6250,やまびこ,機械,28.0,28.0,1,302,★★☆☆☆,0.0,11.5,38,4.3,0.0,3.0,0.0,13.5,0.0,0.0,0.0,,,0.0,9.0,2.5,6.8,4203,4425.0,6.4,0.7,522,RS加速+4.3 / 高値圏かつ未過熱 / MA上昇配列 / パーフェクトオーダー / 52週高値目前
3612,ワールド,繊維製品,28.0,28.0,1,303,★★☆☆☆,0.0,12.0,1,-2.5,0.0,4.0,0.0,12.0,0.0,0.0,0.0,,,0.0,1.5,1.7,1.7,1584,1639.0,-2.1,0.5,931,RS転換1日目 / 高値圏かつ未過熱 / 資金流入増 / MA上昇配列 / パーフェクトオーダー
9684,スクウェア・エニックス・ホールディングス,情報・通信業,28.0,28.0,1,304,★★☆☆☆,0.0,10.0,1,2.7,0.0,9.0,0.0,9.0,0.0,0.0,0.0,,,0.0,12.8,3.2,10.1,2959,3161.0,7.0,4.1,4883,RS転換1日目 / 出来高急増4.1倍 / 買い出来高優勢 / MA上昇配列
7914,共同印刷,その他製品,28.0,28.0,1,305,★★☆☆☆,0.0,14.0,1,2.0,0.0,3.0,0.0,11.0,0.0,0.0,0.0,,,0.0,6.8,1.7,3.8,1708,1769.0,0.6,0.9,142,RS転換1日目 / 高値圏かつ未過熱 / MA上昇配列 / パーフェクトオーダー / 52週高値目前
8892,エスコン,不動産業,28.0,28.0,1,306,★★☆☆☆,0.0,16.0,1,0.7,0.0,0.0,0.0,12.0,0.0,0.0,0.0,,,0.0,1.5,1.5,1.0,1083,1116.0,-2.2,1.1,183,RS転換1日目 / 25MA上抜け8日目 / 高値圏かつ未過熱 / MA上昇配列 / パーフェクトオーダー
8362,福井銀行,銀行業,28.0,27.0,3,307,★★☆☆☆,0.0,13.0,17,13.5,0.0,2.0,0.0,12.0,0.0,0.0,0.0,,,0.0,19.9,4.7,9.1,6359,7020.0,4.2,0.7,511,RS加速+13.5 / 高値圏かつ未過熱 / MA上昇配列 / パーフェクトオーダー
8395,佐賀銀行,銀行業,27.8,27.8,1,308,★☆☆☆☆,0.0,11.5,34,10.7,0.0,4.3,0.0,12.0,0.0,0.0,0.0,,,0.0,15.1,3.7,6.4,6037,6520.0,2.7,0.6,441,RS加速+10.7 / 高値圏かつ未過熱 / 買い出来高優勢 / MA上昇配列 / パーフェクトオーダー
9503,関西電力,電気・ガス業,27.8,27.8,1,309,★☆☆☆☆,0.0,15.0,1,12.1,0.0,5.3,0.0,10.5,0.0,0.0,-3.0,,,0.0,17.3,2.8,18.5,2791,2955.0,14.0,1.9,9802,RS転換1日目 / RS加速+12.1 / 25MA上抜け8日目 / 買い出来高優勢 / MA上昇配列 / 52週高値ブレイク! / RSI過熱(89)⚠ / 伸びすぎ注意(25MA+19%)
2292,Ｓ　Ｆｏｏｄｓ,食料品,27.8,27.8,1,310,★☆☆☆☆,0.0,16.0,1,3.9,0.0,4.3,0.0,7.5,0.0,0.0,0.0,,,0.0,6.0,1.6,6.0,2843,2937.0,1.9,0.7,878,RS転換1日目 / RS加速+3.9 / 高値圏かつ未過熱 / 買い出来高優勢 / MA上昇配列 / RSI過熱(87)⚠
2681,ゲオホールディングス,小売業,27.8,27.8,1,311,★☆☆☆☆,0.0,11.5,31,3.9,0.0,4.3,0.0,12.0,0.0,0.0,0.0,,,0.0,15.4,2.8,8.6,2323,2459.0,3.7,0.7,493,RS加速+3.9 / 高値圏かつ未過熱 / 買い出来高優勢 / MA上昇配列 / パーフェクトオーダー
2809,キユーピー,食料品,27.8,27.8,1,312,★☆☆☆☆,0.0,12.0,1,-2.9,0.0,2.0,0.0,11.0,0.0,2.8,0.0,,,0.0,0.7,1.6,2.0,4616,4769.0,0.4,0.9,1381,RS転換1日目 / 高値圏かつ未過熱 / MA上昇配列 / パーフェクトオーダー / 52週高値目前 / 開示[自己株式の取得](1日前)
7459,メディパルホールディングス,卸売業,27.7,27.7,1,313,★☆☆☆☆,0.0,18.0,0,3.9,0.0,1.0,0.0,8.7,0.0,0.0,0.0,,,0.0,1.1,1.7,2.1,2834,2932.5,0.8,0.8,1348,RS転換0日目 / RS加速+3.9 / 25MA上抜け10日目 / 高値圏かつ未過熱 / MA上昇配列
5019,出光興産,石油・石炭製品,27.7,27.7,1,314,★☆☆☆☆,0.0,16.0,1,10.5,0.0,4.0,0.0,7.7,0.0,0.0,0.0,,,0.0,14.0,2.4,11.3,1410,1482.5,7.5,1.6,5398,RS転換1日目 / RS加速+10.5 / 高値圏かつ未過熱 / MA上昇配列
4847,インテリジェント　ウェイブ,情報・通信業,27.7,27.7,1,315,★☆☆☆☆,0.0,11.5,34,5.4,0.0,4.0,0.0,12.2,0.0,0.0,0.0,,,0.0,35.8,2.4,13.1,1317,1384.0,4.1,0.1,355,RS加速+5.4 / 高値圏かつ未過熱 / 資金流入増 / MA上昇配列 / パーフェクトオーダー / 52週高値目前
2109,ＤＭ三井製糖,食料品,27.7,27.7,1,316,★☆☆☆☆,0.0,12.0,1,-0.1,0.0,2.0,0.0,13.7,0.0,0.0,0.0,,,0.0,6.1,1.6,6.0,3652,3775.0,2.0,1.4,165,RS転換1日目 / 高値圏かつ未過熱 / MA上昇配列 / パーフェクトオーダー / 52週高値ブレイク!
2810,ハウス食品グループ本社,食料品,27.7,27.7,1,317,★☆☆☆☆,0.0,14.0,1,9.2,0.0,3.0,0.0,10.7,0.0,0.0,0.0,,,0.0,1.8,1.6,5.1,3872,4002.0,6.7,1.5,1092,RS転換1日目 / RS加速+9.2 / 高値圏かつ未過熱 / MA上昇配列 / パーフェクトオーダー
1942,関電工,建設業,27.7,27.7,1,318,★☆☆☆☆,0.0,10.0,0,18.6,9.7,3.0,0.0,5.0,0.0,0.0,0.0,,,0.0,5.9,2.7,5.3,5486,5797.0,7.4,1.5,5206,RS転換0日目 / RS加速+18.6 / AIデータセンター・電力(+1.9%)
8153,モスフードサービス,卸売業,27.6,27.6,1,319,★☆☆☆☆,0.0,14.0,0,-2.0,0.0,2.0,0.0,9.0,0.0,2.6,0.0,,,0.0,0.4,1.6,1.8,3801,3930.0,-1.1,1.2,400,RS転換0日目 / 25MA上抜け9日目 / 高値圏かつ未過熱 / MA上昇配列 / 開示[自己株式の取得](2日前)
4258,網屋,情報・通信業,27.6,27.6,1,320,★☆☆☆☆,0.0,18.0,1,10.5,0.0,1.0,0.0,6.0,0.0,2.6,0.0,,,0.0,4.7,6.9,1.2,3926,4550.0,8.5,0.5,280,RS転換1日目 / RS加速+10.5 / 25MA上抜け2日目 / 高値圏かつ未過熱 / MA上昇配列 / パーフェクトオーダー / 開示[資本業務提携](2日前)
7727,オーバル,精密機器,27.6,26.3,3,321,★☆☆☆☆,0.0,9.0,24,-1.1,0.0,5.3,0.0,12.0,0.0,0.0,0.0,,,0.0,13.2,5.0,5.5,758,843.0,-0.4,0.5,147,高値圏かつ未過熱 / 買い出来高優勢 / 資金流入増 / MA上昇配列 / パーフェクトオーダー
9075,福山通運,陸運業,27.5,27.5,1,322,★☆☆☆☆,0.0,16.0,1,4.6,0.0,2.0,0.0,9.5,0.0,0.0,0.0,,,0.0,7.9,2.2,3.6,6116,6400.0,0.0,1.1,666,RS転換1日目 / RS加速+4.6 / 高値圏かつ未過熱 / MA上昇配列 / パーフェクトオーダー
9513,電源開発,電気・ガス業,27.5,27.5,1,323,★☆☆☆☆,0.0,16.0,1,5.0,0.0,2.0,0.0,9.5,0.0,0.0,0.0,,,0.0,7.8,1.7,7.7,4085,4232.0,5.5,1.1,2018,RS転換1日目 / RS加速+5.0 / 高値圏かつ未過熱 / MA上昇配列 / パーフェクトオーダー / RSI過熱(87)⚠
8194,ライフコーポレーション,小売業,27.5,27.5,1,324,★☆☆☆☆,0.0,12.0,1,-3.0,0.0,3.3,0.0,12.2,0.0,0.0,0.0,,,0.0,4.4,1.9,3.7,2582,2683.0,-0.1,1.0,515,RS転換1日目 / 高値圏かつ未過熱 / 買い出来高優勢 / MA上昇配列 / パーフェクトオーダー / 52週高値目前
3950,ザ・パック,パルプ・紙,27.5,27.5,1,325,★☆☆☆☆,0.0,14.0,1,0.3,0.0,0.0,0.0,13.5,0.0,0.0,0.0,,,0.0,2.3,1.9,3.0,1463,1522.0,0.0,1.0,169,RS転換1日目 / 高値圏かつ未過熱 / MA上昇配列 / パーフェクトオーダー / 52週高値目前
8541,愛媛銀行,銀行業,27.5,27.5,1,326,★☆☆☆☆,0.0,16.0,3,9.8,0.0,2.0,0.0,9.5,0.0,0.0,0.0,,,0.0,13.4,4.9,4.4,2811,3115.0,1.6,0.7,632,RS転換3日目 / RS加速+9.8 / 高値圏かつ未過熱 / MA上昇配列 / パーフェクトオーダー
2659,サンエー,小売業,27.5,27.5,1,327,★☆☆☆☆,0.0,12.0,1,-3.1,0.0,2.0,0.0,13.5,0.0,0.0,0.0,,,0.0,1.4,1.4,2.5,3317,3410.0,0.9,1.7,405,RS転換1日目 / 高値圏かつ未過熱 / MA上昇配列 / パーフェクトオーダー / 52週高値目前
7630,壱番屋,小売業,27.5,27.5,1,328,★☆☆☆☆,0.0,13.0,1,17.9,0.0,9.0,0.0,8.5,0.0,0.0,-3.0,,,0.0,17.8,2.6,18.6,1059,1117.0,19.7,10.7,673,RS転換1日目 / RS加速+17.9 / 出来高急増10.7倍 / 買い出来高優勢 / MA上昇配列 / パーフェクトオーダー / RSI過熱(92)⚠ / 伸びすぎ注意(25MA+19%)
1899,福田組,建設業,27.4,25.5,3,329,★☆☆☆☆,0.0,9.5,35,0.6,0.0,5.0,0.0,8.2,0.0,2.8,0.0,,,0.0,21.4,3.8,5.9,4426,4795.0,-0.9,1.3,424,高値圏かつ未過熱 / 資金流入増 / MA上昇配列 / パーフェクトオーダー / 開示[自己株式の取得](1日前)
9832,オートバックスセブン,卸売業,27.4,27.4,1,330,★☆☆☆☆,0.0,14.0,0,2.6,0.0,2.0,0.0,10.0,0.0,1.4,0.0,,,0.0,2.1,1.1,2.8,1548,1584.0,2.1,1.0,276,RS転換0日目 / 高値圏かつ未過熱 / MA上昇配列 / 開示[業績予想の修正](6日前)
4151,協和キリン,医薬品,27.3,27.3,1,331,★☆☆☆☆,0.0,14.0,0,8.8,0.0,3.3,0.0,10.0,0.0,0.0,0.0,,,0.0,3.8,2.0,4.0,2581,2687.0,4.7,1.1,2932,RS転換0日目 / RS加速+8.8 / 25MA上抜け3日目 / 買い出来高優勢 / MA上昇配列 / パーフェクトオーダー
7261,マツダ,輸送用機器,27.3,27.3,1,332,★☆☆☆☆,0.0,14.0,1,6.5,0.0,3.3,0.0,10.0,0.0,0.0,0.0,,,0.0,8.4,2.6,7.3,1205,1272.0,5.7,1.0,8453,RS転換1日目 / RS加速+6.5 / 25MA上抜け8日目 / 買い出来高優勢 / MA上昇配列 / パーフェクトオーダー
2175,エス・エム・エス,サービス業,27.3,27.3,1,333,★☆☆☆☆,0.0,14.0,2,12.6,0.0,3.3,0.0,10.0,0.0,0.0,0.0,,,0.0,10.4,2.8,6.7,2339,2477.0,4.0,1.0,1116,RS転換2日目 / RS加速+12.6 / 25MA上抜け7日目 / 買い出来高優勢 / MA上昇配列 / パーフェクトオーダー
9715,トランス・コスモス,サービス業,27.3,27.3,1,334,★☆☆☆☆,0.0,16.0,0,1.8,0.0,3.3,0.0,8.0,0.0,0.0,0.0,,,0.0,0.1,1.5,1.3,3628,3740.0,0.1,1.1,296,RS転換0日目 / 25MA上抜け7日目 / 高値圏かつ未過熱 / 買い出来高優勢
5129,ＦＩＸＥＲ,情報・通信業,27.3,27.299999999999997,1,335,★☆☆☆☆,0.0,14.0,7,36.8,0.0,10.0,0.0,6.0,0.0,2.3,-5.0,,,0.0,42.7,7.2,32.2,294,344.0,31.8,4.5,128,RS転換7日目 / RS加速+36.8 / 25MA上抜け8日目 / 出来高急増4.5倍 / 買い出来高優勢 / 資金流入増 / 過熱⚠25MA+32% / 開示[業績予想の修正](1日前)
9744,メイテックグループホールディングス,サービス業,27.3,27.3,1,336,★☆☆☆☆,0.0,14.0,0,0.3,0.0,3.3,0.0,10.0,0.0,0.0,0.0,,,0.0,0.6,1.1,2.2,3339,3415.0,1.5,1.1,1116,RS転換0日目 / 高値圏かつ未過熱 / 買い出来高優勢 / MA上昇配列
7593,ＶＴホールディングス,小売業,27.3,27.3,1,337,★☆☆☆☆,0.0,14.0,1,1.8,0.0,3.3,0.0,10.0,0.0,0.0,0.0,,,0.0,8.9,1.7,5.9,525,543.0,2.3,0.8,241,RS転換1日目 / 高値圏かつ未過熱 / 買い出来高優勢 / MA上昇配列
8841,テーオーシー,不動産業,27.3,27.3,1,338,★☆☆☆☆,0.0,11.0,17,0.7,0.0,5.3,0.0,11.0,0.0,0.0,0.0,,,0.0,13.1,3.4,5.7,973,1045.0,1.4,0.3,208,高値圏かつ未過熱 / 買い出来高優勢 / 資金流入増 / MA上昇配列 / パーフェクトオーダー
8008,ヨンドシーホールディングス,小売業,27.2,27.2,1,339,★☆☆☆☆,0.0,12.0,1,-0.9,0.0,3.0,0.0,12.2,0.0,0.0,0.0,,,0.0,4.2,1.7,4.6,2090,2164.0,0.8,1.5,243,RS転換1日目 / 高値圏かつ未過熱 / MA上昇配列 / パーフェクトオーダー / 52週高値目前
8253,クレディセゾン,その他金融業,27.2,27.2,1,340,★☆☆☆☆,0.0,16.0,0,1.8,0.0,3.0,0.0,8.2,0.0,0.0,0.0,,,0.0,2.4,2.2,1.5,4529,4739.0,0.1,1.2,2957,RS転換0日目 / 25MA上抜け9日目 / 高値圏かつ未過熱 / MA上昇配列 / パーフェクトオーダー
8163,ＳＲＳホールディングス,小売業,27.2,27.2,1,341,★☆☆☆☆,0.0,12.0,2,-12.6,0.0,3.0,0.0,12.2,0.0,0.0,0.0,,,0.0,1.2,2.0,6.2,1539,1602.0,2.4,0.7,230,RS転換2日目 / 高値圏かつ未過熱 / MA上昇配列 / パーフェクトオーダー / 52週高値目前
4432,ウイングアーク１ｓｔ,情報・通信業,27.1,27.1,1,342,★☆☆☆☆,0.0,12.0,2,-2.4,0.0,3.3,0.0,9.0,0.0,2.8,0.0,,,0.0,8.0,2.6,7.6,3261,3440.0,5.6,0.6,743,RS転換2日目 / 高値圏かつ未過熱 / 買い出来高優勢 / MA上昇配列 / 開示[自己株式の取得](1日前)
9468,ＫＡＤＯＫＡＷＡ,情報・通信業,27.0,27.0,1,343,★☆☆☆☆,0.0,14.0,1,4.6,0.0,2.0,0.0,11.0,0.0,0.0,0.0,,,0.0,7.8,2.5,4.9,3566,3756.0,2.0,0.9,1580,RS転換1日目 / RS加速+4.6 / 25MA上抜け6日目 / MA上昇配列 / パーフェクトオーダー
1721,コムシスホールディングス,建設業,27.0,27.0,1,344,★☆☆☆☆,0.0,18.0,1,5.0,0.0,2.0,0.0,7.0,0.0,0.0,0.0,,,0.0,3.7,1.8,4.4,5347,5550.0,3.6,0.7,2310,RS転換1日目 / RS加速+5.0 / 25MA上抜け6日目 / 高値圏かつ未過熱
7172,ジャパンインベストメントアドバイザー,証券、商品先物取引業,27.0,27.0,1,345,★☆☆☆☆,0.0,14.0,0,6.0,0.0,2.0,0.0,11.0,0.0,0.0,0.0,,,0.0,3.1,1.4,1.8,2055,2113.0,1.0,0.7,407,RS転換0日目 / RS加速+6.0 / 高値圏かつ未過熱 / MA上昇配列 / パーフェクトオーダー
3968,セグエグループ,情報・通信業,27.0,27.0,1,346,★☆☆☆☆,0.0,12.0,2,3.0,0.0,4.0,0.0,11.0,0.0,0.0,0.0,,,0.0,8.6,4.4,5.5,594,651.0,2.0,0.8,279,RS転換2日目 / RS加速+3.0 / 資金流入増 / MA上昇配列 / パーフェクトオーダー
7354,ダイレクトマーケティングミックス,サービス業,27.0,27.0,1,347,★☆☆☆☆,0.0,14.0,9,8.2,0.0,3.0,0.0,10.0,0.0,0.0,0.0,,,0.0,13.5,4.9,9.6,355,394.0,8.8,1.6,138,RS転換9日目 / RS加速+8.2 / 25MA上抜け10日目 / MA上昇配列 / パーフェクトオーダー
8014,蝶理,卸売業,27.0,27.0,1,348,★☆☆☆☆,0.0,14.0,2,0.5,0.0,3.0,0.0,10.0,0.0,0.0,0.0,,,0.0,8.5,2.0,4.7,4151,4320.0,-0.8,0.8,222,RS転換2日目 / 高値圏かつ未過熱 / MA上昇配列
6758,ソニーグループ,電気機器,27.0,27.0,1,349,★☆☆☆☆,0.0,16.0,1,3.9,0.0,2.0,0.0,9.0,0.0,0.0,0.0,,,0.0,9.7,2.6,7.1,3838,4046.0,5.6,0.9,57672,RS転換1日目 / RS加速+3.9 / 高値圏かつ未過熱 / MA上昇配列
6238,フリュー,機械,27.0,27.0,1,350,★☆☆☆☆,0.0,16.0,1,0.8,0.0,0.0,0.0,11.0,0.0,0.0,0.0,,,0.0,1.2,2.8,2.4,1348,1427.0,0.8,0.6,147,RS転換1日目 / 25MA上抜け8日目 / 高値圏かつ未過熱 / MA上昇配列 / パーフェクトオーダー
256A,飛島ホールディングス,建設業,27.0,27.0,1,351,★☆☆☆☆,0.0,16.0,1,3.2,0.0,2.0,0.0,9.0,0.0,0.0,0.0,,,0.0,4.6,1.6,3.7,2111,2182.0,1.3,0.9,453,RS転換1日目 / RS加速+3.2 / 高値圏かつ未過熱 / MA上昇配列
3101,東洋紡,化学,27.0,27.0,1,352,★☆☆☆☆,0.0,18.0,5,9.2,0.0,1.0,0.0,8.0,0.0,0.0,0.0,,,0.0,10.1,3.2,9.9,1661,1773.0,7.5,1.5,1157,RS転換5日目 / RS加速+9.2 / 25MA上抜け7日目 / 高値圏かつ未過熱
2154,オープンアップグループ,サービス業,27.0,27.0,1,353,★☆☆☆☆,0.0,14.0,0,2.9,0.0,1.0,0.0,12.0,0.0,0.0,0.0,,,0.0,1.2,1.5,1.8,1999,2060.0,1.3,0.8,316,RS転換0日目 / 高値圏かつ未過熱 / MA上昇配列 / パーフェクトオーダー
7267,本田技研工業,輸送用機器,27.0,27.0,1,354,★☆☆☆☆,0.0,14.0,1,1.9,0.0,2.0,0.0,11.0,0.0,0.0,0.0,,,0.0,7.6,2.8,3.6,1635,1733.0,2.2,0.8,29534,RS転換1日目 / 高値圏かつ未過熱 / MA上昇配列 / パーフェクトオーダー / 52週高値目前
2749,ＪＰホールディングス,サービス業,27.0,27.0,1,355,★☆☆☆☆,0.0,16.0,1,3.3,0.0,2.0,0.0,9.0,0.0,0.0,0.0,,,0.0,4.9,2.3,4.0,640,670.0,2.3,0.9,188,RS転換1日目 / RS加速+3.3 / 高値圏かつ未過熱 / MA上昇配列
4633,サカタインクス,化学,27.0,27.0,1,356,★☆☆☆☆,0.0,14.0,1,2.7,0.0,3.3,0.0,9.7,0.0,0.0,0.0,,,0.0,6.0,1.8,3.3,2598,2697.0,1.4,0.6,452,RS転換1日目 / 高値圏かつ未過熱 / 買い出来高優勢 / MA上昇配列 / パーフェクトオーダー / 52週高値目前
8410,セブン銀行,銀行業,27.0,27.0,1,357,★☆☆☆☆,0.0,14.0,1,0.4,0.0,2.0,0.0,11.0,0.0,0.0,0.0,,,0.0,3.7,2.0,2.8,326,340.1000061035156,1.4,0.7,1835,RS転換1日目 / 高値圏かつ未過熱 / MA上昇配列 / パーフェクトオーダー / 52週高値目前
1941,中電工,建設業,27.0,27.0,1,358,★☆☆☆☆,0.0,18.0,0,3.7,0.0,1.0,0.0,8.0,0.0,0.0,0.0,,,0.0,1.3,2.0,2.3,4986,5190.0,1.4,1.2,453,RS転換0日目 / RS加速+3.7 / 25MA上抜け0日目 / 高値圏かつ未過熱
5021,コスモエネルギーホールディングス,石油・石炭製品,27.0,27.0,1,359,★☆☆☆☆,0.0,16.0,1,5.7,0.0,2.0,0.0,9.0,0.0,0.0,0.0,,,0.0,10.4,2.0,6.4,4177,4353.0,3.1,1.0,2329,RS転換1日目 / RS加速+5.7 / 高値圏かつ未過熱 / MA上昇配列
9336,大栄環境,サービス業,27.0,27.0,1,360,★☆☆☆☆,0.0,18.0,1,5.5,0.0,3.3,0.0,5.7,0.0,0.0,0.0,,,0.0,3.8,2.3,3.1,3717,3895.0,2.1,0.8,591,RS転換1日目 / RS加速+5.5 / 25MA上抜け7日目 / 高値圏かつ未過熱 / 買い出来高優勢
7864,フジシールインターナショナル,その他製品,27.0,27.0,1,361,★☆☆☆☆,0.0,14.0,1,2.8,0.0,2.0,0.0,11.0,0.0,0.0,0.0,,,0.0,8.2,1.4,4.1,3258,3355.0,0.8,0.7,380,RS転換1日目 / 高値圏かつ未過熱 / MA上昇配列 / パーフェクトオーダー / 52週高値目前
6305,日立建機,機械,27.0,27.0,1,362,★☆☆☆☆,0.0,14.0,1,7.0,0.0,2.0,0.0,11.0,0.0,0.0,0.0,,,0.0,10.1,3.2,5.7,5554,5934.0,-0.0,0.6,14076,RS転換1日目 / RS加速+7.0 / 25MA上抜け8日目 / 資金流入増 / MA上昇配列 / パーフェクトオーダー / 開示[自己株式取得](14日前)
9076,セイノーホールディングス,陸運業,27.0,27.0,1,363,★☆☆☆☆,0.0,14.0,1,0.7,0.0,3.3,0.0,9.7,0.0,0.0,0.0,,,0.0,2.6,1.6,3.0,2729,2820.0,0.8,0.7,1147,RS転換1日目 / 高値圏かつ未過熱 / 買い出来高優勢 / MA上昇配列 / パーフェクトオーダー / 52週高値目前
7242,カヤバ,輸送用機器,27.0,27.0,1,364,★☆☆☆☆,0.0,14.0,1,1.7,0.0,4.3,0.0,8.7,0.0,0.0,0.0,,,0.0,5.0,1.6,5.1,4684,4835.0,2.8,1.2,424,RS転換1日目 / 高値圏かつ未過熱 / 買い出来高優勢 / MA上昇配列
7102,日本車輌製造,輸送用機器,27.0,25.0,3,365,★☆☆☆☆,0.0,14.0,3,11.6,0.0,2.0,0.0,9.0,0.0,0.0,0.0,,,0.0,6.6,2.5,3.2,3521,3705.0,-0.9,1.0,143,RS転換3日目 / RS加速+11.6 / 25MA上抜け8日目 / MA上昇配列
8704,トレイダーズホールディングス,証券、商品先物取引業,27.0,24.0,3,366,★☆☆☆☆,0.0,12.0,10,-4.7,0.0,0.0,0.0,12.0,0.0,0.0,0.0,,,0.0,1.1,2.8,3.9,1303,1380.0,0.5,0.8,102,RS転換10日目 / 高値圏かつ未過熱 / MA上昇配列 / パーフェクトオーダー
5949,ユニプレス,輸送用機器,27.0,27.0,1,367,★☆☆☆☆,0.0,14.0,0,1.3,0.0,3.0,0.0,10.0,0.0,0.0,0.0,,,0.0,3.1,1.6,4.6,1342,1387.0,2.9,1.5,213,RS転換0日目 / 高値圏かつ未過熱 / MA上昇配列
2317,システナ,情報・通信業,27.0,27.0,1,368,★☆☆☆☆,0.0,16.0,1,7.2,0.0,2.0,0.0,9.0,0.0,0.0,0.0,,,0.0,7.1,2.0,6.7,449,467.0,5.2,1.2,467,RS転換1日目 / RS加速+7.2 / 高値圏かつ未過熱 / MA上昇配列
9692,シーイーシー,情報・通信業,26.9,26.900000000000002,1,369,★☆☆☆☆,0.0,9.5,38,0.7,0.0,3.3,0.0,13.5,0.0,0.6,0.0,,,0.0,9.5,2.5,7.7,2414,2541.0,2.7,0.8,284,高値圏かつ未過熱 / 買い出来高優勢 / MA上昇配列 / パーフェクトオーダー / 52週高値目前 / 開示[上方修正](12日前)
4170,Ｋａｉｚｅｎ　Ｐｌａｔｆｏｒｍ,情報・通信業,26.9,22.0,3,370,★☆☆☆☆,0.0,10.0,8,-70.2,0.0,5.3,0.0,6.7,0.0,0.0,0.0,,,0.0,14.9,16.5,4.2,93,138.0,-37.8,0.2,517,RS転換8日目 / 25MA上抜け8日目 / 買い出来高優勢 / 資金流入増 / MA上昇配列
8919,カチタス,不動産業,26.8,26.8,1,371,★☆☆☆☆,0.0,11.5,33,6.4,0.0,4.3,0.0,11.0,0.0,0.0,0.0,,,0.0,14.4,2.9,6.9,3581,3805.0,2.8,0.7,837,RS加速+6.4 / 高値圏かつ未過熱 / 買い出来高優勢 / MA上昇配列 / パーフェクトオーダー
296A,令和アカウンティング・ホールディングス,サービス業,26.8,26.8,1,372,★☆☆☆☆,0.0,9.5,31,1.4,0.0,5.3,0.0,12.0,0.0,0.0,0.0,,,0.0,23.4,5.5,12.6,970,1091.0,-2.9,1.5,123,高値圏かつ未過熱 / 買い出来高優勢 / MA上昇配列 / パーフェクトオーダー
9716,乃村工藝社,サービス業,26.8,26.8,1,373,★☆☆☆☆,0.0,16.0,1,7.6,0.0,4.3,0.0,6.5,0.0,0.0,0.0,,,0.0,10.2,1.7,8.1,1251,1295.0,4.5,1.4,352,RS転換1日目 / RS加速+7.6 / 高値圏かつ未過熱 / 買い出来高優勢 / MA上昇配列 / RSI過熱(89)⚠
4008,住友精化,化学,26.8,26.8,1,374,★☆☆☆☆,0.0,13.0,17,3.5,0.0,4.3,0.0,9.5,0.0,0.0,0.0,,,0.0,23.0,2.3,6.1,1464,1535.0,-1.0,0.6,431,RS加速+3.5 / 高値圏かつ未過熱 / 買い出来高優勢 / MA上昇配列 / パーフェクトオーダー
3825,リミックスポイント,小売業,26.8,21.8,3,375,★☆☆☆☆,0.0,8.0,10,-0.4,0.0,0.0,0.0,8.0,0.0,5.8,0.0,,,0.0,18.2,8.1,10.7,201,240.0,0.0,0.6,641,RS転換10日目 / MA上昇配列 / 開示[業績予想の修正](5日前) / 開示[業務提携](5日前)
5192,三ツ星ベルト,ゴム製品,26.8,26.8,1,376,★☆☆☆☆,0.0,14.0,1,2.6,0.0,3.0,0.0,7.0,0.0,2.8,0.0,,,0.0,7.1,1.6,3.4,4334,4475.0,2.2,0.5,393,RS転換1日目 / 高値圏かつ未過熱 / MA上昇配列 / パーフェクトオーダー / 開示[自己株式の取得](1日前)
9699,ニシオホールディングス,サービス業,26.8,26.8,1,377,★☆☆☆☆,0.0,12.0,1,-1.0,0.0,3.0,0.0,9.0,0.0,2.8,0.0,,,0.0,6.3,1.9,5.2,4575,4755.0,2.5,1.6,275,RS転換1日目 / 高値圏かつ未過熱 / MA上昇配列 / 52週高値目前 / 開示[自己株式の取得](1日前)
1766,東建コーポレーション,建設業,26.7,26.7,1,378,★☆☆☆☆,0.0,16.0,1,3.6,0.0,2.0,0.0,8.7,0.0,0.0,0.0,,,0.0,4.7,1.3,3.7,13506,13880.0,2.0,1.0,254,RS転換1日目 / RS加速+3.6 / 高値圏かつ未過熱 / MA上昇配列
6730,アクセル,電気機器,26.7,26.7,1,379,★☆☆☆☆,0.0,12.0,10,3.2,0.0,8.7,0.0,6.0,0.0,0.0,0.0,,,0.0,6.6,3.9,5.8,1112,1207.0,2.2,2.8,155,RS転換10日目 / RS加速+3.2 / 出来高増2.8倍 / 買い出来高優勢 / 資金流入増
9509,北海道電力,電気・ガス業,26.7,26.7,1,380,★☆☆☆☆,0.0,12.0,1,6.9,0.0,8.0,0.0,6.7,0.0,0.0,0.0,,,0.0,9.7,2.4,11.0,1115,1171.0,8.8,3.3,2242,RS転換1日目 / RS加速+6.9 / 出来高急増3.3倍 / 買い出来高優勢 / MA上昇配列
2331,ＡＬＳＯＫ,サービス業,26.7,26.7,1,381,★☆☆☆☆,0.0,16.0,1,3.3,0.0,2.0,0.0,8.7,0.0,0.0,0.0,,,0.0,3.4,1.7,3.7,1179,1220.0,2.3,0.8,1524,RS転換1日目 / RS加速+3.3 / 高値圏かつ未過熱 / MA上昇配列
4840,トライアイズ,サービス業,26.7,26.7,1,382,★☆☆☆☆,0.0,14.0,3,53.5,0.0,8.7,0.0,4.7,0.0,4.3,-5.0,,,0.0,51.6,7.3,42.7,703,824.0,48.7,10.6,151,RS転換3日目 / RS加速+53.5 / 25MA上抜け3日目 / 出来高急増10.6倍 / 資金流入増 / 過熱⚠25MA+43% / 開示[業績予想の修正](2日前) / 開示[業績予想の修正](2日前)
1969,高砂熱学工業,建設業,26.7,26.7,1,383,★☆☆☆☆,0.0,10.0,0,7.9,9.7,2.0,0.0,5.0,0.0,0.0,0.0,,,0.0,2.0,2.7,3.3,4164,4401.0,2.0,0.6,2967,RS転換0日目 / RS加速+7.9 / AIデータセンター・電力(+1.9%)
4390,ＩＰＳ,情報・通信業,26.5,26.5,1,384,★☆☆☆☆,0.0,11.5,31,5.4,0.0,3.0,0.0,12.0,0.0,0.0,0.0,,,0.0,16.2,4.4,8.3,3763,4130.0,5.6,0.4,414,RS加速+5.4 / 高値圏かつ未過熱 / MA上昇配列 / パーフェクトオーダー
2124,ジェイエイシーリクルートメント,サービス業,26.5,26.5,1,385,★☆☆☆☆,0.0,16.0,1,3.0,0.0,3.0,0.0,7.5,0.0,0.0,0.0,,,0.0,7.4,3.3,5.0,959,1027.0,2.4,0.6,825,RS転換1日目 / RS加速+3.0 / 高値圏かつ未過熱 / MA上昇配列
1879,新日本建設,建設業,26.5,26.5,1,386,★☆☆☆☆,0.0,9.0,30,-2.4,0.0,4.0,0.0,13.5,0.0,0.0,0.0,,,0.0,5.1,1.9,4.5,2274,2362.0,2.1,0.9,494,高値圏かつ未過熱 / 資金流入増 / MA上昇配列 / パーフェクトオーダー / 52週高値目前
8364,清水銀行,銀行業,26.5,26.5,1,387,★☆☆☆☆,0.0,11.5,38,16.1,0.0,3.0,0.0,12.0,0.0,0.0,0.0,,,0.0,19.9,4.1,8.8,2930,3195.0,4.9,0.7,151,RS加速+16.1 / 高値圏かつ未過熱 / MA上昇配列 / パーフェクトオーダー
7480,スズデン,卸売業,26.5,26.5,1,388,★☆☆☆☆,0.0,11.5,45,3.5,0.0,4.0,0.0,11.0,0.0,0.0,0.0,,,0.0,44.6,3.4,11.1,3306,3545.0,1.6,0.7,399,RS加速+3.5 / 高値圏かつ未過熱 / 資金流入増 / MA上昇配列 / パーフェクトオーダー / 52週高値目前
6505,東洋電機製造,電気機器,26.5,26.5,1,389,★☆☆☆☆,0.0,16.0,1,0.6,0.0,1.0,0.0,9.5,0.0,0.0,0.0,,,0.0,1.6,1.9,2.1,2360,2454.0,0.4,0.6,102,RS転換1日目 / 25MA上抜け6日目 / 高値圏かつ未過熱 / MA上昇配列 / パーフェクトオーダー
9506,東北電力,電気・ガス業,26.5,26.5,1,390,★☆☆☆☆,0.0,11.5,44,3.1,0.0,6.3,0.0,8.7,0.0,0.0,0.0,,,0.0,13.3,2.3,10.2,1320,1384.5,5.4,1.9,3660,RS加速+3.1 / 高値圏かつ未過熱 / 買い出来高優勢 / MA上昇配列
8079,正栄食品工業,卸売業,26.5,26.5,1,391,★☆☆☆☆,0.0,14.0,0,1.0,0.0,4.0,0.0,8.5,0.0,0.0,0.0,,,0.0,0.4,1.2,0.6,4375,4485.0,-1.2,1.6,146,RS転換0日目 / 高値圏かつ未過熱 / MA上昇配列 / パーフェクトオーダー
166A,タスキホールディングス,不動産業,26.5,26.5,1,392,★☆☆☆☆,0.0,11.0,24,1.3,0.0,2.0,0.0,13.5,0.0,0.0,0.0,,,0.0,9.3,3.0,5.0,1133,1205.0,0.6,0.8,535,高値圏かつ未過熱 / MA上昇配列 / パーフェクトオーダー / 52週高値目前
7241,フタバ産業,輸送用機器,26.5,26.5,1,393,★☆☆☆☆,0.0,12.0,1,-0.3,0.0,4.3,0.0,10.2,0.0,0.0,0.0,,,0.0,7.1,1.7,5.8,1100,1140.0,2.9,1.3,262,RS転換1日目 / 高値圏かつ未過熱 / 買い出来高優勢 / MA上昇配列 / 52週高値目前
3076,あい　ホールディングス,卸売業,26.5,26.5,1,394,★☆☆☆☆,0.0,12.0,0,-1.5,0.0,2.0,0.0,12.5,0.0,0.0,0.0,,,0.0,1.7,1.7,2.8,2914,3015.0,1.8,0.6,403,RS転換0日目 / 高値圏かつ未過熱 / MA上昇配列 / パーフェクトオーダー / 52週高値ブレイク!
3040,ソリトンシステムズ,情報・通信業,26.5,26.5,1,395,★☆☆☆☆,0.0,13.0,30,4.0,0.0,5.3,0.0,8.2,0.0,0.0,0.0,,,0.0,17.1,4.0,6.3,2179,2369.0,3.2,0.6,349,RS加速+4.0 / 高値圏かつ未過熱 / 買い出来高優勢 / 資金流入増 / MA上昇配列 / パーフェクトオーダー
8125,ワキタ,卸売業,26.5,26.5,1,396,★☆☆☆☆,0.0,12.0,1,-1.0,0.0,3.0,0.0,11.5,0.0,0.0,0.0,,,0.0,0.8,1.2,3.7,1922,1970.0,2.6,1.2,344,RS転換1日目 / 高値圏かつ未過熱 / MA上昇配列 / 52週高値目前
9888,ＵＥＸ,卸売業,26.5,26.5,1,397,★☆☆☆☆,0.0,11.5,38,8.8,0.0,3.0,0.0,12.0,0.0,0.0,0.0,,,0.0,23.4,3.0,11.5,1241,1320.0,10.0,0.5,141,RS加速+8.8 / 高値圏かつ未過熱 / 資金流入増 / MA上昇配列 / パーフェクトオーダー
8346,東邦銀行,銀行業,26.5,26.5,1,398,★☆☆☆☆,0.0,16.0,4,10.8,0.0,1.0,0.0,9.5,0.0,0.0,0.0,,,0.0,10.0,3.0,4.9,930,989.0,4.9,0.8,887,RS転換4日目 / RS加速+10.8 / 高値圏かつ未過熱 / MA上昇配列 / パーフェクトオーダー
7746,岡本硝子,精密機器,26.3,23.0,3,399,★☆☆☆☆,0.0,14.0,2,6.3,0.0,3.0,0.0,6.0,0.0,0.0,0.0,,,0.0,4.4,3.6,4.0,720,776.0,1.2,1.3,381,RS転換2日目 / RS加速+6.3 / 25MA上抜け5日目
8053,住友商事,卸売業,26.3,26.3,1,400,★☆☆☆☆,0.0,9.5,31,0.0,0.0,2.0,0.0,12.0,0.0,2.8,0.0,,,0.0,8.4,2.5,6.9,1757,1849.5,4.6,1.1,16672,高値圏かつ未過熱 / MA上昇配列 / パーフェクトオーダー / 開示[自己株式の取得](1日前)
5947,リンナイ,金属製品,26.3,26.3,1,401,★☆☆☆☆,0.0,14.0,0,4.8,0.0,3.3,0.0,9.0,0.0,0.0,0.0,,,0.0,1.0,1.5,2.2,3575,3688.0,3.3,1.1,1320,RS転換0日目 / RS加速+4.8 / 25MA上抜け2日目 / 買い出来高優勢 / MA上昇配列
8179,ロイヤルホールディングス,小売業,26.3,26.3,1,402,★☆☆☆☆,0.0,14.0,1,-2.2,0.0,3.3,0.0,9.0,0.0,0.0,0.0,,,0.0,1.7,1.9,3.4,1331,1383.0,0.9,0.8,470,RS転換1日目 / 25MA上抜け8日目 / 高値圏かつ未過熱 / 買い出来高優勢 / MA上昇配列
4931,新日本製薬,化学,26.3,26.3,1,403,★☆☆☆☆,0.0,10.0,1,0.3,0.0,7.3,0.0,9.0,0.0,0.0,0.0,,,0.0,1.0,1.3,1.3,2028,2081.0,-0.3,2.1,110,RS転換1日目 / 出来高増2.1倍 / 資金流入増 / MA上昇配列
2229,カルビー,食料品,26.3,26.3,1,404,★☆☆☆☆,0.0,14.0,1,1.9,0.0,3.3,0.0,9.0,0.0,0.0,0.0,,,0.0,3.5,1.4,2.2,3009,3094.0,0.1,0.8,819,RS転換1日目 / 高値圏かつ未過熱 / 買い出来高優勢 / MA上昇配列
8934,サンフロンティア不動産,不動産業,26.3,26.3,1,405,★☆☆☆☆,0.0,14.0,0,3.3,0.0,3.3,0.0,9.0,0.0,0.0,0.0,,,0.0,0.5,1.5,1.1,2444,2520.0,-0.3,0.8,268,RS転換0日目 / RS加速+3.3 / 高値圏かつ未過熱 / 買い出来高優勢 / MA上昇配列
8130,サンゲツ,卸売業,26.2,26.2,1,406,★☆☆☆☆,0.0,14.0,1,1.5,0.0,2.0,0.0,10.2,0.0,0.0,0.0,,,0.0,3.2,1.1,3.1,3173,3245.0,2.0,0.7,429,RS転換1日目 / 高値圏かつ未過熱 / MA上昇配列 / 52週高値目前
4062,イビデン,電気機器,26.2,21.7,3,407,★☆☆☆☆,0.0,9.0,18,11.0,6.0,2.0,0.0,4.7,0.0,0.0,0.0,,,0.0,29.2,6.8,8.7,17766,20545.0,2.8,0.8,161819,RS加速+11.0 / HBM・後工程(-2.7%)
6118,アイダエンジニアリング,機械,26.1,10.2,3,408,★☆☆☆☆,0.0,0.0,-1,-4.6,0.0,6.7,0.0,3.5,0.0,0.0,0.0,,,0.0,-0.6,3.2,-0.7,1145,1224.0,-3.4,3.3,249,出来高急増3.3倍
4635,東京インキ,化学,26.1,26.1,1,409,★☆☆☆☆,0.0,8.5,45,13.6,0.0,5.3,0.0,12.5,0.0,2.8,-3.0,,,0.0,55.9,2.8,15.7,2076,2200.0,6.3,0.7,138,RS加速+13.6 / 買い出来高優勢 / 資金流入増 / MA上昇配列 / パーフェクトオーダー / 52週高値ブレイク! / 伸びすぎ注意(25MA+16%) / 開示[自己株式の取得](1日前)
5461,中部鋼鈑,鉄鋼,26.0,26.0,1,410,★☆☆☆☆,0.0,14.0,0,6.9,0.0,5.3,0.0,6.7,0.0,0.0,0.0,,,0.0,4.2,1.6,6.3,2156,2229.0,6.4,2.0,219,RS転換0日目 / RS加速+6.9 / 25MA上抜け6日目 / 買い出来高優勢 / MA上昇配列
5218,オハラ,ガラス・土石製品,26.0,26.0,1,411,★☆☆☆☆,0.0,11.0,20,1.0,0.0,3.0,0.0,12.0,0.0,0.0,0.0,,,0.0,10.8,3.5,7.9,1572,1691.0,7.0,1.4,137,高値圏かつ未過熱 / MA上昇配列 / パーフェクトオーダー
7313,テイ・エス　テック,輸送用機器,26.0,26.0,1,412,★☆☆☆☆,0.0,14.0,0,0.7,0.0,2.0,0.0,10.0,0.0,0.0,0.0,,,0.0,0.8,1.0,2.2,1836,1873.0,1.5,1.2,491,RS転換0日目 / 高値圏かつ未過熱 / MA上昇配列
1878,大東建託,不動産業,26.0,26.0,1,413,★☆☆☆☆,0.0,16.0,0,2.2,0.0,1.0,0.0,9.0,0.0,0.0,0.0,,,0.0,0.8,1.4,1.9,3272,3365.0,1.0,0.9,5014,RS転換0日目 / 25MA上抜け8日目 / 高値圏かつ未過熱 / MA上昇配列
9501,東京電力ホールディングス,電気・ガス業,26.0,26.0,1,414,★☆☆☆☆,0.0,14.0,1,10.8,0.0,4.0,0.0,8.0,0.0,0.0,0.0,,,0.0,5.8,3.9,8.4,528,572.2999877929688,10.5,1.6,19066,RS転換1日目 / RS加速+10.8 / 25MA上抜け4日目 / MA上昇配列
4725,ＣＡＣ　Ｈｏｌｄｉｎｇｓ,情報・通信業,26.0,26.0,1,415,★☆☆☆☆,0.0,14.0,1,2.9,0.0,3.3,0.0,8.7,0.0,0.0,0.0,,,0.0,6.0,1.4,4.3,1928,1983.0,2.7,0.9,121,RS転換1日目 / 高値圏かつ未過熱 / 買い出来高優勢 / MA上昇配列
7716,ナカニシ,精密機器,26.0,26.0,1,416,★☆☆☆☆,0.0,16.0,0,1.8,0.0,3.0,0.0,7.0,0.0,0.0,0.0,,,0.0,0.7,3.3,1.2,2981,3190.0,-0.5,0.8,1035,RS転換0日目 / 25MA上抜け0日目 / 高値圏かつ未過熱 / MA上昇配列 / パーフェクトオーダー
8001,伊藤忠商事,卸売業,26.0,26.0,1,417,★☆☆☆☆,0.0,14.0,1,-0.7,0.0,2.0,0.0,10.0,0.0,0.0,0.0,,,0.0,4.6,2.4,4.5,2047,2148.5,1.4,1.1,25572,RS転換1日目 / 25MA上抜け8日目 / 高値圏かつ未過熱 / MA上昇配列
9347,日本管財ホールディングス,サービス業,26.0,26.0,1,418,★☆☆☆☆,0.0,12.0,0,-0.9,0.0,4.0,0.0,10.0,0.0,0.0,0.0,,,0.0,1.9,1.2,2.0,2825,2896.0,-0.6,1.7,188,RS転換0日目 / 高値圏かつ未過熱 / MA上昇配列
6947,図研,電気機器,26.0,26.0,1,419,★☆☆☆☆,0.0,12.0,1,-0.3,0.0,2.0,0.0,12.0,0.0,0.0,0.0,,,0.0,3.6,2.0,2.9,4869,5070.0,2.8,0.9,250,RS転換1日目 / 高値圏かつ未過熱 / MA上昇配列 / パーフェクトオーダー
6457,グローリー,機械,26.0,26.0,1,420,★☆☆☆☆,0.0,12.0,1,-4.2,0.0,3.0,0.0,8.2,0.0,2.8,0.0,,,0.0,2.3,2.3,1.3,4600,4819.0,-1.0,1.1,1126,RS転換1日目 / 高値圏かつ未過熱 / MA上昇配列 / パーフェクトオーダー / 開示[自己株式の取得](1日前)
8595,ジャフコ　グループ,証券、商品先物取引業,26.0,26.0,1,421,★☆☆☆☆,0.0,14.0,1,-0.2,0.0,2.0,0.0,10.0,0.0,0.0,0.0,,,0.0,0.8,1.0,1.7,2280,2324.5,-0.1,1.0,650,RS転換1日目 / 25MA上抜け8日目 / 高値圏かつ未過熱 / MA上昇配列
6727,ワコム,電気機器,26.0,26.0,1,422,★☆☆☆☆,0.0,18.0,1,7.1,0.0,1.0,0.0,7.0,0.0,0.0,0.0,,,0.0,6.3,2.4,6.6,815,856.0,7.8,1.0,402,RS転換1日目 / RS加速+7.1 / 25MA上抜け8日目 / 高値圏かつ未過熱
8622,水戸証券,証券、商品先物取引業,26.0,26.0,1,423,★☆☆☆☆,0.0,9.5,38,1.4,0.0,4.3,0.0,12.2,0.0,0.0,0.0,,,0.0,15.6,2.8,11.7,925,980.0,7.1,1.0,408,高値圏かつ未過熱 / 買い出来高優勢 / MA上昇配列 / パーフェクトオーダー / 52週高値目前
4595,ミズホメディー,医薬品,26.0,26.0,1,424,★☆☆☆☆,0.0,14.0,1,0.6,0.0,2.0,0.0,10.0,0.0,0.0,0.0,,,0.0,3.0,1.1,3.0,1715,1754.0,1.2,0.7,175,RS転換1日目 / 高値圏かつ未過熱 / MA上昇配列
9533,東邦瓦斯,電気・ガス業,25.8,25.8,1,425,★☆☆☆☆,0.0,16.0,1,8.4,0.0,5.3,0.0,4.5,0.0,0.0,0.0,,,0.0,7.6,1.6,6.8,1225,1266.5,3.6,1.8,1033,RS転換1日目 / RS加速+8.4 / 高値圏かつ未過熱 / 買い出来高優勢 / RSI過熱(91)⚠
5830,いよぎんホールディングス,銀行業,25.8,25.8,1,426,★☆☆☆☆,0.0,11.5,44,7.6,0.0,3.3,0.0,11.0,0.0,0.0,0.0,,,0.0,8.6,2.8,5.0,3778,4004.0,3.3,0.9,3688,RS加速+7.6 / 高値圏かつ未過熱 / 買い出来高優勢 / MA上昇配列 / パーフェクトオーダー / 52週高値目前
7270,ＳＵＢＡＲＵ,輸送用機器,25.8,25.8,1,427,★☆☆☆☆,0.0,14.0,0,4.8,0.0,1.0,0.0,8.0,0.0,2.8,0.0,,,0.0,1.5,2.2,4.2,2617,2735.5,4.7,0.7,12144,RS転換0日目 / RS加速+4.8 / 25MA上抜け2日目 / MA上昇配列 / 開示[自己株式の取得](1日前)
7085,カーブスホールディングス,サービス業,25.8,25.8,1,428,★☆☆☆☆,0.0,14.0,0,-0.8,0.0,1.0,0.0,9.5,0.0,1.3,0.0,,,0.0,0.6,1.8,1.2,913,948.0,-0.6,0.6,663,RS転換0日目 / 25MA上抜け1日目 / 高値圏かつ未過熱 / MA上昇配列 / パーフェクトオーダー / 開示[自己株式の取得](8日前)
6460,セガサミーホールディングス,機械,25.7,25.7,1,429,★☆☆☆☆,0.0,14.0,1,0.3,0.0,2.0,0.0,9.7,0.0,0.0,0.0,,,0.0,12.4,2.8,11.0,2975,3150.0,4.2,0.9,3058,RS転換1日目 / 高値圏かつ未過熱 / MA上昇配列 / パーフェクトオーダー
1944,きんでん,建設業,25.7,25.7,1,430,★☆☆☆☆,0.0,10.0,0,14.8,9.7,0.0,0.0,6.0,0.0,0.0,0.0,,,0.0,1.4,2.5,4.0,6907,7268.0,5.9,1.2,5325,RS転換0日目 / RS加速+14.8 / AIデータセンター・電力(+1.9%)
3863,日本製紙,パルプ・紙,25.7,25.7,1,431,★☆☆☆☆,0.0,14.0,0,11.6,0.0,2.0,0.0,9.7,0.0,0.0,0.0,,,0.0,1.1,3.0,0.8,1315,1400.0,2.6,0.7,1120,RS転換0日目 / RS加速+11.6 / 高値圏かつ未過熱 / MA上昇配列 / パーフェクトオーダー
4440,ヴィッツ,情報・通信業,25.7,25.7,1,432,★☆☆☆☆,0.0,13.0,2,35.1,0.0,8.7,0.0,9.0,0.0,0.0,-5.0,,,0.0,35.9,5.6,28.3,1369,1542.0,31.5,13.5,364,RS転換2日目 / RS加速+35.1 / 出来高急増13.5倍 / 資金流入増 / MA上昇配列 / 過熱⚠25MA+28%
4746,東計電算,情報・通信業,25.7,25.7,1,433,★☆☆☆☆,0.0,11.5,44,9.2,0.0,2.0,0.0,12.2,0.0,0.0,0.0,,,0.0,42.4,2.4,14.2,6823,7160.0,7.5,0.7,719,RS加速+9.2 / 高値圏かつ未過熱 / 資金流入増 / MA上昇配列 / パーフェクトオーダー / 52週高値目前
3371,ソフトクリエイトホールディングス,情報・通信業,25.7,25.7,1,434,★☆☆☆☆,0.0,14.0,1,3.0,0.0,3.0,0.0,8.7,0.0,0.0,0.0,,,0.0,5.1,2.5,6.0,2066,2176.0,2.5,0.9,136,RS転換1日目 / 高値圏かつ未過熱 / MA上昇配列
9425,ＲｅＹｕｕ　Ｊａｐａｎ,情報・通信業,25.6,25.599999999999998,1,435,★☆☆☆☆,0.0,14.0,4,41.8,0.0,7.7,0.0,8.0,0.0,0.9,-5.0,,,0.0,41.8,8.8,29.2,232,281.0,30.1,2.3,344,RS転換4日目 / RS加速+41.8 / 25MA上抜け10日目 / 出来高増2.3倍 / 買い出来高優勢 / MA上昇配列 / 過熱⚠25MA+29% / 開示[子会社化](8日前)
8070,東京産業,卸売業,25.5,25.5,1,436,★☆☆☆☆,0.0,11.5,35,8.2,0.0,5.3,0.0,8.7,0.0,0.0,0.0,,,0.0,18.3,2.9,11.3,943,1000.0,5.7,0.7,139,RS加速+8.2 / 高値圏かつ未過熱 / 買い出来高優勢 / 資金流入増 / MA上昇配列
2353,日本駐車場開発,不動産業,25.5,25.5,1,437,★☆☆☆☆,0.0,12.0,2,-0.3,0.0,2.0,0.0,8.7,0.0,2.8,0.0,,,0.0,4.5,1.8,4.1,261,271.0,0.0,0.9,516,RS転換2日目 / 高値圏かつ未過熱 / MA上昇配列 / 開示[自己株式の取得](1日前)
1847,イチケン,建設業,25.5,25.5,1,438,★☆☆☆☆,0.0,11.5,34,5.3,0.0,4.3,0.0,9.7,0.0,0.0,0.0,,,0.0,27.7,2.0,9.3,3344,3480.0,1.5,0.5,160,RS加速+5.3 / 高値圏かつ未過熱 / 買い出来高優勢 / MA上昇配列 / パーフェクトオーダー / 52週高値目前
7743,シード,精密機器,25.5,25.5,1,439,★☆☆☆☆,0.0,13.0,3,47.1,0.0,10.0,0.0,7.5,0.0,0.0,-5.0,,,0.0,48.1,3.2,40.5,741,792.0,47.2,3.2,217,RS転換3日目 / RS加速+47.1 / 出来高急増3.2倍 / 買い出来高優勢 / 資金流入増 / MA上昇配列 / RSI過熱(95)⚠ / 過熱⚠25MA+41%
6952,カシオ計算機,電気機器,25.5,25.5,1,440,★☆☆☆☆,0.0,9.0,23,-17.0,0.0,3.0,0.0,13.5,0.0,0.0,0.0,,,0.0,13.4,3.8,11.4,2327,2520.0,7.7,0.9,5182,高値圏かつ未過熱 / 資金流入増 / MA上昇配列 / パーフェクトオーダー / 52週高値目前
2222,寿スピリッツ,食料品,25.5,25.5,1,441,★☆☆☆☆,0.0,12.0,2,-2.5,0.0,0.0,0.0,13.5,0.0,0.0,0.0,,,0.0,4.5,2.4,3.2,2605,2738.5,0.5,0.7,1256,RS転換2日目 / 高値圏かつ未過熱 / MA上昇配列 / パーフェクトオーダー / 52週高値目前
4005,住友化学,化学,25.5,25.5,1,442,★☆☆☆☆,0.0,15.0,2,17.5,0.0,5.3,0.0,8.2,0.0,0.0,-3.0,,,0.0,17.9,2.9,16.4,584,620.0999755859375,11.7,1.8,8196,RS転換2日目 / RS加速+17.5 / 25MA上抜け7日目 / 買い出来高優勢 / 52週高値目前 / 伸びすぎ注意(25MA+16%)
4493,サイバーセキュリティクラウド,情報・通信業,25.4,6.2,3,443,★☆☆☆☆,0.0,0.0,-1,-4.3,0.0,5.0,0.0,1.2,0.0,0.0,0.0,,,0.0,-0.5,4.9,-1.4,1672,1856.0,-2.8,1.6,305,-
4392,ＦＩＧ,情報・通信業,25.3,25.3,1,444,★☆☆☆☆,0.0,14.0,5,28.0,0.0,5.3,0.0,6.0,0.0,0.0,0.0,,,0.0,34.1,13.2,11.4,843,1146.0,12.4,0.7,8178,RS転換5日目 / RS加速+28.0 / 25MA上抜け3日目 / 買い出来高優勢 / 資金流入増
5702,大紀アルミニウム工業所,非鉄金属,25.3,25.3,1,445,★☆☆☆☆,0.0,9.0,26,-0.6,0.0,4.3,0.0,12.0,0.0,0.0,0.0,,,0.0,25.3,3.4,10.9,1830,1964.0,3.0,0.8,733,高値圏かつ未過熱 / 買い出来高優勢 / MA上昇配列 / パーフェクトオーダー
4552,ＪＣＲファーマ,医薬品,25.3,25.3,1,446,★☆☆☆☆,0.0,14.0,2,14.2,0.0,3.3,0.0,8.0,0.0,0.0,0.0,,,0.0,10.5,3.3,4.6,503,538.0,3.5,0.8,294,RS転換2日目 / RS加速+14.2 / 25MA上抜け10日目 / 買い出来高優勢 / MA上昇配列
7458,第一興商,卸売業,25.3,25.3,1,447,★☆☆☆☆,0.0,10.0,1,0.9,0.0,5.3,0.0,10.0,0.0,0.0,0.0,,,0.0,3.3,1.5,3.3,1843,1901.5,0.6,1.7,418,RS転換1日目 / 買い出来高優勢 / MA上昇配列 / パーフェクトオーダー
6323,ローツェ,機械,25.3,13.5,3,448,★☆☆☆☆,0.0,4.0,-1,7.3,6.0,2.0,0.0,1.5,0.0,0.0,0.0,,,0.0,-4.1,5.0,-2.5,3534,3931.0,-3.2,0.5,7438,RS加速+7.3 / 半導体製造装置(-3.8%)
9887,松屋フーズホールディングス,小売業,25.3,25.3,1,449,★☆☆☆☆,0.0,14.0,1,3.7,0.0,3.3,0.0,8.0,0.0,0.0,0.0,,,0.0,5.0,2.4,5.5,5112,5370.0,2.7,1.1,459,RS転換1日目 / RS加速+3.7 / 25MA上抜け8日目 / 買い出来高優勢 / MA上昇配列
3374,内外テック,卸売業,25.3,20.0,3,450,★☆☆☆☆,0.0,11.0,20,0.2,0.0,2.0,0.0,7.0,0.0,0.0,0.0,,,0.0,30.5,4.4,9.2,3864,4240.0,0.2,0.4,246,高値圏かつ未過熱 / MA上昇配列 / パーフェクトオーダー
6535,アイモバイル,サービス業,25.3,25.3,1,451,★☆☆☆☆,0.0,12.0,1,7.1,0.0,5.3,0.0,8.0,0.0,0.0,0.0,,,0.0,5.4,2.0,4.6,505,526.0,2.3,1.5,174,RS転換1日目 / RS加速+7.1 / 買い出来高優勢 / MA上昇配列
2594,キーコーヒー,食料品,25.3,25.3,1,452,★☆☆☆☆,0.0,12.0,0,-0.7,0.0,3.3,0.0,10.0,0.0,0.0,0.0,,,0.0,0.1,0.8,1.1,2001,2035.0,-0.1,0.5,147,RS転換0日目 / 高値圏かつ未過熱 / 買い出来高優勢 / MA上昇配列
7810,クロスフォー,その他製品,25.3,25.3,1,453,★☆☆☆☆,0.0,14.0,4,15.5,0.0,5.3,0.0,6.0,0.0,0.0,0.0,,,0.0,9.3,6.4,7.6,143,164.0,12.3,0.4,346,RS転換4日目 / RS加速+15.5 / 25MA上抜け4日目 / 買い出来高優勢 / 資金流入増
7244,市光工業,電気機器,25.2,25.2,1,454,★☆☆☆☆,0.0,14.0,1,2.9,0.0,3.0,0.0,8.2,0.0,0.0,0.0,,,0.0,8.4,3.1,3.2,537,573.0,0.5,0.7,123,RS転換1日目 / 高値圏かつ未過熱 / 資金流入増 / MA上昇配列 / パーフェクトオーダー
5208,有沢製作所,化学,25.2,25.2,1,455,★☆☆☆☆,0.0,18.0,4,8.7,0.0,0.0,0.0,7.2,0.0,0.0,0.0,,,0.0,7.8,3.8,2.1,2476,2678.0,5.3,0.8,668,RS転換4日目 / RS加速+8.7 / 25MA上抜け3日目 / 高値圏かつ未過熱 / MA上昇配列 / パーフェクトオーダー
8897,ＭＩＲＡＲＴＨホールディングス,不動産業,25.2,25.2,1,456,★☆☆☆☆,0.0,11.5,34,3.2,0.0,4.0,0.0,9.7,0.0,0.0,0.0,,,0.0,12.8,1.6,6.3,453,468.0,1.3,0.9,617,RS加速+3.2 / 高値圏かつ未過熱 / 資金流入増 / MA上昇配列 / パーフェクトオーダー
8255,アクシアル　リテイリング,小売業,25.2,25.2,1,457,★☆☆☆☆,0.0,14.0,0,-3.1,0.0,1.0,0.0,10.2,0.0,0.0,0.0,,,0.0,0.0,1.8,4.0,1245,1292.0,0.9,1.0,248,RS転換0日目 / 25MA上抜け10日目 / 高値圏かつ未過熱 / MA上昇配列 / 52週高値目前
2170,リンクアンドモチベーション,サービス業,25.1,25.1,1,458,★☆☆☆☆,0.0,8.0,9,-1.3,0.0,4.3,0.0,10.0,0.0,2.8,0.0,,,0.0,10.8,4.8,8.0,642,710.0,2.6,0.5,521,RS転換9日目 / 買い出来高優勢 / MA上昇配列 / パーフェクトオーダー / 開示[自己株式の取得](1日前)
4674,クレスコ,情報・通信業,25.1,25.1,1,459,★☆☆☆☆,0.0,7.5,35,-6.0,0.0,5.3,0.0,9.5,0.0,2.8,0.0,,,0.0,18.8,3.0,7.9,1898,2017.0,1.0,0.6,510,高値圏かつ未過熱 / 買い出来高優勢 / 資金流入増 / MA上昇配列 / パーフェクトオーダー / 開示[自己株式の取得](1日前)
4628,エスケー化研,化学,25.0,25.0,1,460,★☆☆☆☆,0.0,14.0,1,7.1,0.0,4.0,0.0,7.0,0.0,0.0,0.0,,,0.0,6.7,1.8,5.9,9169,9510.0,4.5,1.1,167,RS転換1日目 / RS加速+7.1 / 25MA上抜け7日目 / 資金流入増
8233,高島屋,小売業,25.0,25.0,1,461,★☆☆☆☆,0.0,14.0,1,-1.2,0.0,0.0,0.0,11.0,0.0,0.0,0.0,,,0.0,2.7,2.8,0.5,2192,2320.5,-4.4,0.9,3799,RS転換1日目 / 25MA上抜け8日目 / 高値圏かつ未過熱 / MA上昇配列 / パーフェクトオーダー
7994,オカムラ,その他製品,25.0,25.0,1,462,★☆☆☆☆,0.0,14.0,0,1.7,0.0,2.0,0.0,9.0,0.0,0.0,0.0,,,0.0,1.1,1.2,3.3,2363,2420.0,2.3,1.2,425,RS転換0日目 / 高値圏かつ未過熱 / MA上昇配列
9301,三菱倉庫,倉庫・運輸関連業,25.0,25.0,1,463,★☆☆☆☆,0.0,14.0,0,9.5,0.0,0.0,0.0,11.0,0.0,0.0,0.0,,,0.0,1.2,1.5,0.7,1492,1538.0,0.8,0.6,1650,RS転換0日目 / RS加速+9.5 / 高値圏かつ未過熱 / MA上昇配列 / パーフェクトオーダー
6287,サトー,機械,25.0,25.0,1,464,★☆☆☆☆,0.0,7.5,34,-0.1,0.0,4.0,0.0,13.5,0.0,0.0,0.0,,,0.0,12.3,2.8,7.2,2722,2882.0,2.1,0.8,494,高値圏かつ未過熱 / 資金流入増 / MA上昇配列 / パーフェクトオーダー / 52週高値目前
1965,テクノ菱和,建設業,25.0,25.0,1,465,★☆☆☆☆,0.0,14.0,5,19.2,0.0,3.0,0.0,8.0,0.0,0.0,0.0,,,0.0,20.8,4.7,11.9,6321,6970.0,6.6,0.6,575,RS転換5日目 / RS加速+19.2 / 25MA上抜け7日目 / MA上昇配列
4631,ＤＩＣ,化学,25.0,25.0,1,466,★☆☆☆☆,0.0,13.0,18,7.3,0.0,5.0,0.0,7.0,0.0,0.0,0.0,,,0.0,18.1,3.2,6.1,4960,5295.0,3.9,1.7,4091,RS加速+7.3 / 高値圏かつ未過熱 / MA上昇配列 / パーフェクトオーダー
4765,ＳＢＩグローバルアセットマネジメント,サービス業,25.0,25.0,1,467,★☆☆☆☆,0.0,12.0,1,-3.0,0.0,2.0,0.0,11.0,0.0,0.0,0.0,,,0.0,2.5,2.0,4.4,619,645.0,5.0,1.0,203,RS転換1日目 / 高値圏かつ未過熱 / MA上昇配列 / パーフェクトオーダー
4307,野村総合研究所,情報・通信業,25.0,25.0,1,468,★☆☆☆☆,0.0,14.0,1,14.0,0.0,2.0,0.0,9.0,0.0,0.0,0.0,,,0.0,11.0,2.9,6.4,5036,5344.0,4.5,0.6,12818,RS転換1日目 / RS加速+14.0 / 25MA上抜け8日目 / MA上昇配列
8137,サンワテクノス,卸売業,25.0,25.0,1,469,★☆☆☆☆,0.0,11.5,35,10.2,0.0,0.0,0.0,13.5,0.0,0.0,0.0,,,0.0,13.5,2.6,7.6,4056,4275.0,6.5,0.7,229,RS加速+10.2 / 高値圏かつ未過熱 / MA上昇配列 / パーフェクトオーダー / 52週高値目前
325A,ＴＥＮＴＩＡＬ,繊維製品,25.0,25.0,1,470,★☆☆☆☆,0.0,12.0,2,14.6,0.0,2.0,0.0,11.0,0.0,0.0,0.0,,,0.0,20.0,5.0,10.2,1645,1827.0,2.3,1.1,465,RS転換2日目 / RS加速+14.6 / MA上昇配列 / パーフェクトオーダー / 開示[自己株式の取得](14日前)
4826,ＣＩＪ,情報・通信業,25.0,25.0,1,471,★☆☆☆☆,0.0,12.0,1,4.4,0.0,5.0,0.0,8.0,0.0,0.0,0.0,,,0.0,6.6,2.2,5.3,533,558.0,3.9,1.6,147,RS転換1日目 / RS加速+4.4 / MA上昇配列
7483,ドウシシャ,卸売業,25.0,25.0,1,472,★☆☆☆☆,0.0,14.0,0,4.1,0.0,2.0,0.0,9.0,0.0,0.0,0.0,,,0.0,2.3,1.6,2.2,2970,3070.0,2.0,0.9,193,RS転換0日目 / RS加速+4.1 / 25MA上抜け8日目 / MA上昇配列
7476,アズワン,卸売業,25.0,25.0,1,473,★☆☆☆☆,0.0,14.0,1,5.3,0.0,1.0,0.0,10.0,0.0,0.0,0.0,,,0.0,1.5,1.7,3.7,2437,2521.0,2.4,0.9,334,RS転換1日目 / RS加速+5.3 / 25MA上抜け6日目 / MA上昇配列 / パーフェクトオーダー
4658,日本空調サービス,サービス業,25.0,25.0,1,474,★☆☆☆☆,0.0,14.0,0,10.0,0.0,4.0,0.0,7.0,0.0,0.0,0.0,,,0.0,3.4,1.5,1.7,1534,1580.0,2.2,1.8,130,RS転換0日目 / RS加速+10.0 / 高値圏かつ未過熱
6166,中村超硬,機械,25.0,25.0,1,475,★☆☆☆☆,0.0,14.0,5,8.8,0.0,1.0,0.0,10.0,0.0,0.0,0.0,,,0.0,10.2,4.6,7.0,620,683.0,4.4,1.0,115,RS転換5日目 / RS加速+8.8 / 25MA上抜け6日目 / MA上昇配列 / パーフェクトオーダー
9948,アークス,小売業,25.0,25.0,1,476,★☆☆☆☆,0.0,12.0,1,-4.0,0.0,3.0,0.0,10.0,0.0,0.0,0.0,,,0.0,0.2,1.8,2.1,3562,3695.0,-0.5,0.8,415,RS転換1日目 / 高値圏かつ未過熱 / MA上昇配列
2734,サーラコーポレーション,小売業,25.0,25.0,1,477,★☆☆☆☆,0.0,12.0,1,-2.6,0.0,3.3,0.0,9.7,0.0,0.0,0.0,,,0.0,2.8,1.6,3.0,1190,1228.0,0.2,0.8,172,RS転換1日目 / 高値圏かつ未過熱 / 買い出来高優勢 / MA上昇配列 / パーフェクトオーダー / 52週高値目前
3003,ヒューリック,不動産業,25.0,25.0,1,478,★☆☆☆☆,0.0,14.0,0,5.3,0.0,2.0,0.0,9.0,0.0,0.0,0.0,,,0.0,2.1,1.4,1.7,1748,1798.5,-0.3,0.8,3543,RS転換0日目 / RS加速+5.3 / 高値圏かつ未過熱 / MA上昇配列
3817,ＳＲＡホールディングス,情報・通信業,25.0,25.0,1,479,★☆☆☆☆,0.0,14.0,1,0.6,0.0,2.0,0.0,9.0,0.0,0.0,0.0,,,0.0,3.7,2.0,2.9,4749,4950.0,2.4,0.8,176,RS転換1日目 / 高値圏かつ未過熱 / MA上昇配列
9020,東日本旅客鉄道,陸運業,25.0,25.0,1,480,★☆☆☆☆,0.0,14.0,0,7.3,0.0,2.0,0.0,9.0,0.0,0.0,0.0,,,0.0,2.4,1.9,1.7,3473,3607.0,-0.5,0.7,10538,RS転換0日目 / RS加速+7.3 / 高値圏かつ未過熱 / MA上昇配列
7735,ＳＣＲＥＥＮホールディングス,電気機器,25.0,19.7,2,481,★☆☆☆☆,0.0,10.0,3,23.8,6.0,0.0,0.0,3.7,0.0,0.0,0.0,,,0.0,6.1,4.3,1.1,12313,13480.0,1.3,0.5,34306,RS転換3日目 / RS加速+23.8 / 半導体製造装置(-3.8%)
7976,三菱鉛筆,その他製品,25.0,25.0,1,482,★☆☆☆☆,0.0,9.5,44,0.8,0.0,2.0,0.0,13.5,0.0,0.0,0.0,,,0.0,13.0,2.1,8.5,3006,3135.0,4.8,0.7,350,高値圏かつ未過熱 / MA上昇配列 / パーフェクトオーダー / 52週高値目前
5715,古河機械金属,非鉄金属,24.9,24.900000000000002,1,483,★☆☆☆☆,0.0,9.0,28,9.4,0.0,4.3,0.0,8.0,0.0,3.6,0.0,,,0.0,26.4,4.7,12.5,4099,4525.0,3.0,0.7,1606,RS加速+9.4 / 買い出来高優勢 / MA上昇配列 / 開示[自己株式の取得](5日前) / 開示[自己株式の取得](6日前)
9436,沖縄セルラー電話,情報・通信業,24.8,24.8,1,484,★☆☆☆☆,0.0,7.5,34,-3.9,0.0,1.0,0.0,13.5,0.0,2.8,0.0,,,0.0,0.3,1.9,3.8,4014,4170.0,2.7,0.7,526,高値圏かつ未過熱 / MA上昇配列 / パーフェクトオーダー / 52週高値目前 / 開示[自己株式の取得](1日前)
5857,ＡＲＥホールディングス,非鉄金属,24.8,24.8,1,485,★☆☆☆☆,0.0,11.5,31,4.2,0.0,4.3,0.0,9.0,0.0,0.0,0.0,,,0.0,31.1,4.2,13.9,3745,4090.0,2.0,0.8,3478,RS加速+4.2 / 高値圏かつ未過熱 / 買い出来高優勢 / MA上昇配列
9619,イチネンホールディングス,サービス業,24.8,24.8,1,486,★☆☆☆☆,0.0,9.5,36,2.7,0.0,4.3,0.0,11.0,0.0,0.0,0.0,,,0.0,14.6,1.6,6.4,2661,2747.0,1.0,0.7,117,高値圏かつ未過熱 / 買い出来高優勢 / MA上昇配列 / パーフェクトオーダー / 52週高値目前
5632,三菱製鋼,鉄鋼,24.8,24.8,1,487,★☆☆☆☆,0.0,11.0,28,1.3,0.0,4.3,0.0,9.5,0.0,0.0,0.0,,,0.0,10.4,3.3,4.8,2298,2460.0,1.8,0.9,293,高値圏かつ未過熱 / 買い出来高優勢 / MA上昇配列 / パーフェクトオーダー
6412,平和,機械,24.8,24.8,1,488,★☆☆☆☆,0.0,12.0,1,-2.0,0.0,3.3,0.0,9.5,0.0,0.0,0.0,,,0.0,3.3,1.4,2.7,2171,2232.0,-0.4,0.7,593,RS転換1日目 / 高値圏かつ未過熱 / 買い出来高優勢 / MA上昇配列 / パーフェクトオーダー
6995,東海理化電機製作所,輸送用機器,24.7,24.7,1,489,★☆☆☆☆,0.0,14.0,0,11.5,0.0,2.0,0.0,8.7,0.0,0.0,0.0,,,0.0,4.9,1.8,4.8,3144,3265.0,5.3,1.1,333,RS転換0日目 / RS加速+11.5 / 高値圏かつ未過熱 / MA上昇配列
7164,全国保証,その他金融業,24.7,24.7,1,490,★☆☆☆☆,0.0,14.0,0,1.5,0.0,2.0,0.0,8.7,0.0,0.0,0.0,,,0.0,2.1,1.1,2.3,3154,3223.0,0.8,1.1,1027,RS転換0日目 / 高値圏かつ未過熱 / MA上昇配列
8043,スターゼン,卸売業,24.7,24.7,1,491,★☆☆☆☆,0.0,9.5,38,2.3,0.0,3.0,0.0,12.2,0.0,0.0,0.0,,,0.0,16.1,2.5,9.0,1506,1585.0,3.8,1.2,244,高値圏かつ未過熱 / MA上昇配列 / パーフェクトオーダー / 52週高値目前
9037,ハマキョウレックス,陸運業,24.7,24.7,1,492,★☆☆☆☆,0.0,12.0,0,-0.3,0.0,2.0,0.0,10.7,0.0,0.0,0.0,,,0.0,0.0,1.7,1.5,1812,1876.0,1.1,0.6,252,RS転換0日目 / 高値圏かつ未過熱 / MA上昇配列 / パーフェクトオーダー
4044,セントラル硝子,化学,24.5,24.5,1,493,★☆☆☆☆,0.0,13.0,20,3.6,0.0,3.3,0.0,8.2,0.0,0.0,0.0,,,0.0,9.3,2.3,4.9,4420,4630.0,3.0,0.6,454,RS加速+3.6 / 高値圏かつ未過熱 / 買い出来高優勢 / MA上昇配列 / パーフェクトオーダー
5451,ヨドコウ,鉄鋼,24.5,24.5,1,494,★☆☆☆☆,0.0,14.0,1,2.3,0.0,3.0,0.0,7.5,0.0,0.0,0.0,,,0.0,2.9,1.5,2.8,1413,1456.0,2.6,1.4,389,RS転換1日目 / 高値圏かつ未過熱 / MA上昇配列
5121,藤倉コンポジット,ゴム製品,24.5,24.5,1,495,★☆☆☆☆,0.0,11.5,31,1.3,0.0,2.0,0.0,11.0,0.0,0.0,0.0,,,0.0,6.6,2.5,3.4,2629,2767.0,4.3,0.6,262,25MA上抜け2日目 / 高値圏かつ未過熱 / MA上昇配列 / パーフェクトオーダー / 52週高値目前
9007,小田急電鉄,陸運業,24.5,24.5,1,496,★☆☆☆☆,0.0,12.0,0,2.8,0.0,1.0,0.0,8.7,0.0,2.8,0.0,,,0.0,1.7,1.6,3.7,1752,1809.0,1.1,1.0,2169,RS転換0日目 / 25MA上抜け7日目 / MA上昇配列 / パーフェクトオーダー / 開示[自己株式の取得](1日前)
3850,エヌ・ティ・ティ・データ・イントラマート,情報・通信業,24.5,24.5,1,497,★☆☆☆☆,0.0,11.5,49,3.2,0.0,5.3,0.0,7.7,0.0,0.0,0.0,,,0.0,14.0,2.8,13.5,3569,3780.0,12.7,2.3,127,RS加速+3.2 / 高値圏かつ未過熱 / 出来高増2.3倍 / MA上昇配列
9324,安田倉庫,倉庫・運輸関連業,24.5,24.5,1,498,★☆☆☆☆,0.0,14.0,0,5.4,0.0,1.0,0.0,9.5,0.0,0.0,0.0,,,0.0,1.8,1.8,0.3,2451,2543.0,0.4,1.0,240,RS転換0日目 / RS加速+5.4 / 高値圏かつ未過熱 / MA上昇配列 / パーフェクトオーダー
6597,ＨＰＣシステムズ,電気機器,24.4,24.4,1,499,★☆☆☆☆,0.0,14.0,3,4.9,0.0,6.7,0.0,3.7,0.0,0.0,0.0,,,0.0,4.3,6.8,1.8,3021,3495.0,1.7,3.4,346,RS転換3日目 / RS加速+4.9 / 25MA上抜け3日目 / 出来高急増3.4倍
336A,ダイナミックマッププラットフォーム,情報・通信業,24.4,24.4,1,500,★☆☆☆☆,0.0,14.0,3,38.6,0.0,6.7,0.0,8.7,0.0,0.0,-5.0,,,0.0,41.6,7.2,37.9,1010,1179.0,39.4,16.2,1129,RS転換3日目 / RS加速+38.6 / 25MA上抜け8日目 / 出来高急増16.2倍 / 資金流入増 / MA上昇配列 / パーフェクトオーダー / 過熱⚠25MA+38%
5714,ＤＯＷＡホールディングス,非鉄金属,24.3,24.3,1,501,★☆☆☆☆,0.0,9.0,18,3.7,0.0,4.3,0.0,11.0,0.0,0.0,0.0,,,0.0,22.0,4.0,9.2,9379,10200.0,1.0,0.9,6404,RS加速+3.7 / 買い出来高優勢 / MA上昇配列 / パーフェクトオーダー
7381,ＣＣＩグループ,銀行業,24.3,24.3,1,502,★☆☆☆☆,0.0,11.5,38,9.1,0.0,3.3,0.0,9.5,0.0,0.0,0.0,,,0.0,9.8,3.3,5.3,1187,1272.0,5.0,0.9,524,RS加速+9.1 / 高値圏かつ未過熱 / 買い出来高優勢 / MA上昇配列 / パーフェクトオーダー
7832,バンダイナムコホールディングス,その他製品,24.3,24.3,1,503,★☆☆☆☆,0.0,7.5,38,-0.3,0.0,4.3,0.0,12.5,0.0,0.0,0.0,,,0.0,24.5,2.7,10.8,5469,5780.0,3.7,0.9,16999,高値圏かつ未過熱 / 買い出来高優勢 / MA上昇配列 / パーフェクトオーダー / 52週高値ブレイク!
7456,松田産業,卸売業,24.3,24.3,1,504,★☆☆☆☆,0.0,9.0,26,3.6,0.0,4.3,0.0,11.0,0.0,0.0,0.0,,,0.0,30.0,4.5,10.9,6487,7130.0,0.0,0.6,1088,RS加速+3.6 / 買い出来高優勢 / MA上昇配列 / パーフェクトオーダー
7246,プレス工業,輸送用機器,24.3,24.3,1,505,★☆☆☆☆,0.0,7.5,33,-0.3,0.0,4.3,0.0,12.5,0.0,0.0,0.0,,,0.0,14.5,1.7,7.4,985,1020.0,3.7,0.9,366,高値圏かつ未過熱 / 買い出来高優勢 / MA上昇配列 / パーフェクトオーダー / 52週高値ブレイク!
9507,四国電力,電気・ガス業,24.3,24.3,1,506,★☆☆☆☆,0.0,6.5,34,0.4,0.0,6.3,0.0,11.7,0.0,2.8,-3.0,,,0.0,17.4,2.4,15.4,1976,2077.0,8.7,1.8,1841,買い出来高優勢 / MA上昇配列 / 52週高値ブレイク! / 伸びすぎ注意(25MA+15%) / 開示[自己株式の取得](1日前)
1926,ライト工業,建設業,24.3,24.3,1,507,★☆☆☆☆,0.0,14.0,0,6.6,0.0,3.3,0.0,7.0,0.0,0.0,0.0,,,0.0,1.8,1.3,2.9,3787,3890.0,3.2,0.7,555,RS転換0日目 / RS加速+6.6 / 高値圏かつ未過熱 / 買い出来高優勢
8074,ＹＵＡＳＡ,卸売業,24.3,24.3,1,508,★☆☆☆☆,0.0,9.5,34,2.2,0.0,3.3,0.0,11.5,0.0,0.0,0.0,,,0.0,8.2,2.2,7.1,6179,6460.0,5.4,1.0,226,高値圏かつ未過熱 / 買い出来高優勢 / MA上昇配列 / 52週高値目前
4565,ネクセラファーマ,医薬品,24.3,24.3,1,509,★☆☆☆☆,0.0,9.0,15,7.3,0.0,5.3,0.0,10.0,0.0,0.0,0.0,,,0.0,28.9,4.7,11.0,1019,1125.0,1.5,0.7,1253,RS加速+7.3 / 買い出来高優勢 / 資金流入増 / MA上昇配列 / パーフェクトオーダー
2220,亀田製菓,食料品,24.3,24.3,1,510,★☆☆☆☆,0.0,9.0,16,-2.7,0.0,6.3,0.0,9.0,0.0,0.0,0.0,,,0.0,7.5,2.4,4.1,1314,1380.0,-0.5,1.5,363,高値圏かつ未過熱 / 買い出来高優勢 / MA上昇配列
7947,エフピコ,化学,24.3,24.3,1,511,★☆☆☆☆,0.0,10.0,1,2.0,0.0,4.3,0.0,10.0,0.0,0.0,0.0,,,0.0,5.8,1.6,4.7,2747,2838.0,2.2,1.2,478,RS転換1日目 / 買い出来高優勢 / MA上昇配列 / パーフェクトオーダー
3201,日本毛織,繊維製品,24.2,24.2,1,512,★☆☆☆☆,0.0,14.0,1,0.7,0.0,2.0,0.0,8.2,0.0,0.0,0.0,,,0.0,1.0,1.4,1.8,1937,1991.0,1.6,0.9,144,RS転換1日目 / 高値圏かつ未過熱 / MA上昇配列 / パーフェクトオーダー
4527,ロート製薬,医薬品,24.1,24.1,1,513,★☆☆☆☆,0.0,7.0,16,1.8,0.0,4.3,0.0,10.0,0.0,2.8,0.0,,,0.0,25.6,2.2,11.0,2916,3047.0,2.6,0.5,4737,買い出来高優勢 / MA上昇配列 / パーフェクトオーダー / 開示[自己株式の取得](1日前)
5480,日本冶金工業,鉄鋼,24.0,24.0,1,514,★☆☆☆☆,0.0,11.5,44,5.2,0.0,3.0,0.0,9.5,0.0,0.0,0.0,,,0.0,10.0,2.1,4.1,5324,5560.0,2.2,0.7,505,RS加速+5.2 / 高値圏かつ未過熱 / MA上昇配列 / パーフェクトオーダー
8425,みずほリース,その他金融業,24.0,24.0,1,515,★☆☆☆☆,0.0,14.0,0,0.1,0.0,0.0,0.0,10.0,0.0,0.0,0.0,,,0.0,0.9,1.2,2.2,1354,1388.0,0.9,1.2,820,RS転換0日目 / 高値圏かつ未過熱 / MA上昇配列
1820,西松建設,建設業,24.0,24.0,1,516,★☆☆☆☆,0.0,12.0,1,4.7,0.0,3.0,0.0,9.0,0.0,0.0,0.0,,,0.0,5.3,1.4,4.4,5522,5684.0,2.7,1.2,711,RS転換1日目 / RS加速+4.7 / MA上昇配列
2768,双日,卸売業,24.0,24.0,1,517,★☆☆☆☆,0.0,12.0,1,5.7,0.0,3.0,0.0,9.0,0.0,0.0,0.0,,,0.0,8.9,2.4,5.0,5536,5813.0,2.1,1.4,6219,RS転換1日目 / RS加速+5.7 / MA上昇配列
2492,インフォマート,サービス業,24.0,24.0,1,518,★☆☆☆☆,0.0,12.0,2,10.8,0.0,2.0,0.0,10.0,0.0,0.0,0.0,,,0.0,18.8,6.2,8.2,557,636.0,5.6,1.1,2087,RS転換2日目 / RS加速+10.8 / MA上昇配列 / パーフェクトオーダー
4544,Ｈ．Ｕ．グループホールディングス,サービス業,24.0,24.0,1,519,★☆☆☆☆,0.0,12.0,1,-0.4,0.0,1.0,0.0,8.2,0.0,2.8,0.0,,,0.0,5.6,2.2,2.7,3491,3651.0,-1.1,0.7,831,RS転換1日目 / 高値圏かつ未過熱 / MA上昇配列 / パーフェクトオーダー / 開示[自己株式の取得](1日前)
5440,共英製鋼,鉄鋼,24.0,24.0,1,520,★☆☆☆☆,0.0,12.0,1,7.4,0.0,4.3,0.0,7.7,0.0,0.0,0.0,,,0.0,10.9,2.0,8.3,2051,2138.0,5.6,1.5,294,RS転換1日目 / RS加速+7.4 / 買い出来高優勢 / MA上昇配列
4088,エア・ウォーター,化学,24.0,24.0,1,521,★☆☆☆☆,0.0,14.0,1,10.7,0.0,2.0,0.0,8.0,0.0,0.0,0.0,,,0.0,3.6,2.3,6.1,2580,2703.0,8.1,1.5,2253,RS転換1日目 / RS加速+10.7 / 高値圏かつ未過熱
3197,すかいらーくホールディングス,小売業,24.0,24.0,1,522,★☆☆☆☆,0.0,12.0,1,-5.5,0.0,2.0,0.0,10.0,0.0,0.0,0.0,,,0.0,3.0,2.4,4.1,3225,3386.0,-0.3,0.8,4104,RS転換1日目 / 高値圏かつ未過熱 / MA上昇配列
9746,ＴＫＣ,情報・通信業,24.0,24.0,1,523,★☆☆☆☆,0.0,12.0,1,-1.0,0.0,3.3,0.0,8.7,0.0,0.0,0.0,,,0.0,5.0,1.7,4.7,4024,4165.0,1.6,1.0,332,RS転換1日目 / 高値圏かつ未過熱 / 買い出来高優勢 / MA上昇配列
6310,井関農機,機械,24.0,24.0,1,524,★☆☆☆☆,0.0,10.0,0,10.0,0.0,3.0,0.0,11.0,0.0,0.0,0.0,,,0.0,2.3,2.7,6.7,1855,1960.0,8.0,1.2,340,RS転換0日目 / RS加速+10.0 / MA上昇配列 / パーフェクトオーダー
3050,ＤＣＭホールディングス,小売業,24.0,24.0,1,525,★☆☆☆☆,0.0,12.0,1,-1.8,0.0,2.0,0.0,10.0,0.0,0.0,0.0,,,0.0,1.8,1.5,2.4,1544,1591.0,-0.0,0.9,375,RS転換1日目 / 高値圏かつ未過熱 / MA上昇配列
8624,いちよし証券,証券、商品先物取引業,24.0,24.0,1,526,★☆☆☆☆,0.0,9.5,45,2.1,0.0,1.0,0.0,13.5,0.0,0.0,0.0,,,0.0,9.9,3.1,7.1,1635,1744.0,3.0,1.3,227,高値圏かつ未過熱 / MA上昇配列 / パーフェクトオーダー / 52週高値目前
4528,小野薬品工業,医薬品,24.0,24.0,1,527,★☆☆☆☆,0.0,12.0,0,3.9,0.0,2.0,0.0,10.0,0.0,0.0,0.0,,,0.0,3.3,1.9,2.6,2392,2485.5,1.1,0.7,3577,RS転換0日目 / RS加速+3.9 / MA上昇配列 / パーフェクトオーダー
9869,加藤産業,卸売業,24.0,24.0,1,528,★☆☆☆☆,0.0,12.0,1,-1.3,0.0,2.0,0.0,10.0,0.0,0.0,0.0,,,0.0,1.5,1.7,3.0,6469,6700.0,1.5,1.1,213,RS転換1日目 / 高値圏かつ未過熱 / MA上昇配列
6753,シャープ,電気機器,24.0,24.0,1,529,★☆☆☆☆,0.0,14.0,1,4.2,0.0,3.3,0.0,6.7,0.0,0.0,0.0,,,0.0,5.0,3.0,5.6,633,673.2999877929688,8.1,0.8,2320,RS転換1日目 / RS加速+4.2 / 25MA上抜け4日目 / 買い出来高優勢 / MA上昇配列
7433,伯東,卸売業,24.0,24.0,1,530,★☆☆☆☆,0.0,12.0,1,-6.6,0.0,1.0,0.0,11.0,0.0,0.0,0.0,,,0.0,5.1,2.5,5.1,5168,5440.0,2.8,1.0,551,RS転換1日目 / 高値圏かつ未過熱 / MA上昇配列 / パーフェクトオーダー / 52週高値目前
7453,良品計画,小売業,24.0,24.0,1,531,★☆☆☆☆,0.0,16.0,1,2.5,0.0,1.0,0.0,7.0,0.0,0.0,0.0,,,0.0,0.5,2.6,0.7,4126,4350.0,1.8,0.9,11029,RS転換1日目 / 25MA上抜け2日目 / 高値圏かつ未過熱 / MA上昇配列 / パーフェクトオーダー
5186,ニッタ,ゴム製品,24.0,24.0,1,532,★☆☆☆☆,0.0,16.0,9,0.2,0.0,1.0,0.0,7.0,0.0,0.0,0.0,,,0.0,2.3,2.7,0.9,6383,6750.0,-0.3,0.7,358,RS転換9日目 / 25MA上抜け5日目 / 高値圏かつ未過熱 / MA上昇配列 / パーフェクトオーダー
1934,ユアテック,建設業,24.0,24.0,1,533,★☆☆☆☆,0.0,12.0,1,7.3,0.0,3.0,0.0,9.0,0.0,0.0,0.0,,,0.0,11.5,2.1,7.8,2552,2666.0,5.8,1.2,385,RS転換1日目 / RS加速+7.3 / MA上昇配列
9502,中部電力,電気・ガス業,24.0,24.0,1,534,★☆☆☆☆,0.0,14.0,1,12.6,0.0,2.0,0.0,8.0,0.0,0.0,0.0,,,0.0,8.1,2.3,6.6,2860,2999.0,3.0,1.0,8177,RS転換1日目 / RS加速+12.6 / 高値圏かつ未過熱
6339,新東工業,機械,24.0,24.0,1,535,★☆☆☆☆,0.0,16.0,1,0.8,0.0,1.0,0.0,4.2,0.0,2.8,0.0,,,0.0,2.5,2.1,0.6,1157,1209.0,0.1,1.3,133,RS転換1日目 / 25MA上抜け0日目 / 高値圏かつ未過熱 / 開示[自己株式の取得](1日前)
2531,宝ホールディングス,食料品,24.0,24.0,1,536,★☆☆☆☆,0.0,14.0,0,6.0,0.0,2.0,0.0,8.0,0.0,0.0,0.0,,,0.0,4.4,2.7,3.8,2067,2186.0,0.2,0.7,921,RS転換0日目 / RS加速+6.0 / 高値圏かつ未過熱
9107,川崎汽船,海運業,24.0,24.0,1,537,★☆☆☆☆,0.0,7.5,33,-3.7,0.0,3.0,0.0,10.7,0.0,2.8,0.0,,,0.0,14.9,3.3,10.3,3157,3383.0,-1.1,0.5,18686,高値圏かつ未過熱 / MA上昇配列 / パーフェクトオーダー / 開示[自己株式の取得](1日前)
7613,シークス,卸売業,24.0,24.0,1,538,★☆☆☆☆,0.0,11.5,34,3.1,0.0,4.3,0.0,8.2,0.0,0.0,0.0,,,0.0,10.7,2.7,3.6,1537,1624.0,3.2,0.8,465,RS加速+3.1 / 高値圏かつ未過熱 / 買い出来高優勢 / MA上昇配列 / パーフェクトオーダー
3543,コメダホールディングス,卸売業,24.0,24.0,1,539,★☆☆☆☆,0.0,12.0,1,-2.0,0.0,2.0,0.0,10.0,0.0,0.0,0.0,,,0.0,0.5,1.2,1.5,2860,2931.0,-1.3,0.5,1153,RS転換1日目 / 高値圏かつ未過熱 / MA上昇配列
7989,立川ブラインド工業,金属製品,24.0,24.0,1,540,★☆☆☆☆,0.0,12.0,0,-0.2,0.0,1.0,0.0,11.0,0.0,0.0,0.0,,,0.0,0.9,1.5,1.3,2606,2686.0,-0.5,1.3,116,RS転換0日目 / 高値圏かつ未過熱 / MA上昇配列 / パーフェクトオーダー / 52週高値目前
2811,カゴメ,食料品,24.0,24.0,1,541,★☆☆☆☆,0.0,14.0,1,6.1,0.0,2.0,0.0,8.0,0.0,0.0,0.0,,,0.0,3.3,1.4,2.4,2674,2751.0,1.3,0.9,824,RS転換1日目 / RS加速+6.1 / 25MA上抜け8日目 / MA上昇配列
4452,花王,化学,24.0,24.0,1,542,★☆☆☆☆,0.0,14.0,2,1.0,0.0,3.0,0.0,7.0,0.0,0.0,0.0,,,0.0,9.6,1.8,3.1,3482,3614.0,0.0,0.5,14456,RS転換2日目 / 高値圏かつ未過熱 / MA上昇配列 / パーフェクトオーダー
2127,日本Ｍ＆Ａセンターホールディングス,サービス業,24.0,24.0,1,543,★☆☆☆☆,0.0,14.0,1,3.8,0.0,2.0,0.0,8.0,0.0,0.0,0.0,,,0.0,3.1,2.0,1.7,652,678.5,-1.1,1.8,1515,RS転換1日目 / RS加速+3.8 / 25MA上抜け8日目 / MA上昇配列
3116,トヨタ紡織,輸送用機器,24.0,24.0,1,544,★☆☆☆☆,0.0,14.0,0,8.8,0.0,2.0,0.0,8.0,0.0,0.0,0.0,,,0.0,3.4,1.8,4.2,2262,2348.0,5.1,1.0,1360,RS転換0日目 / RS加速+8.8 / 25MA上抜け1日目 / MA上昇配列
4045,東亞合成,化学,24.0,24.0,1,545,★☆☆☆☆,0.0,12.0,1,-1.1,0.0,1.0,0.0,11.0,0.0,0.0,0.0,,,0.0,0.8,1.4,2.9,1849,1903.0,2.2,1.0,366,RS転換1日目 / 高値圏かつ未過熱 / MA上昇配列 / パーフェクトオーダー / 52週高値目前
7203,トヨタ自動車,輸送用機器,24.0,24.0,1,546,★☆☆☆☆,0.0,14.0,0,3.9,0.0,1.0,0.0,9.0,0.0,0.0,0.0,,,0.0,6.4,2.2,6.4,3103,3243.0,5.2,1.0,82273,RS転換0日目 / RS加速+3.9 / 25MA上抜け8日目 / MA上昇配列
2146,ＵＴグループ,サービス業,23.8,23.8,1,547,★☆☆☆☆,0.0,9.5,35,1.9,0.0,4.3,0.0,10.0,0.0,0.0,0.0,,,0.0,24.8,3.0,10.3,220,234.0,1.7,0.9,1806,高値圏かつ未過熱 / 買い出来高優勢 / MA上昇配列
6998,日本タングステン,電気機器,23.8,23.8,1,548,★☆☆☆☆,0.0,10.0,19,23.9,0.0,5.3,0.0,13.5,0.0,0.0,-5.0,,,0.0,87.5,6.0,26.4,3168,3600.0,14.3,0.7,554,RS加速+23.9 / 買い出来高優勢 / 資金流入増 / MA上昇配列 / パーフェクトオーダー / 52週高値目前 / 過熱⚠25MA+26%
8344,山形銀行,銀行業,23.8,23.8,1,549,★☆☆☆☆,0.0,11.5,45,15.3,0.0,0.0,0.0,9.5,0.0,2.8,0.0,,,0.0,16.4,4.2,5.5,4140,4515.0,5.0,1.0,628,RS加速+15.3 / 高値圏かつ未過熱 / MA上昇配列 / パーフェクトオーダー / 開示[自己株式の取得](1日前)
4503,アステラス製薬,医薬品,23.8,23.8,1,550,★☆☆☆☆,0.0,14.0,1,0.1,0.0,3.3,0.0,6.5,0.0,0.0,0.0,,,0.0,7.9,2.1,4.0,2312,2414.5,-0.0,0.9,14988,RS転換1日目 / 高値圏かつ未過熱 / 買い出来高優勢 / MA上昇配列
9759,ＮＳＤ,情報・通信業,23.8,23.8,1,551,★☆☆☆☆,0.0,10.0,1,2.0,0.0,2.0,0.0,9.0,0.0,2.8,0.0,,,0.0,3.2,1.8,4.9,2867,2976.5,3.3,1.0,651,RS転換1日目 / MA上昇配列 / 開示[自己株式の取得](1日前)
8031,三井物産,卸売業,23.8,23.8,1,552,★☆☆☆☆,0.0,14.0,0,5.6,0.0,1.0,0.0,6.0,0.0,2.8,0.0,,,0.0,3.6,2.1,6.3,4977,5198.0,5.0,1.2,27814,RS転換0日目 / RS加速+5.6 / 25MA上抜け7日目 / 開示[自己株式の取得](1日前)
5108,ブリヂストン,ゴム製品,23.8,23.8,1,553,★☆☆☆☆,0.0,12.0,1,-2.3,0.0,2.0,0.0,7.0,0.0,2.8,0.0,,,0.0,3.4,1.7,2.0,4027,4166.0,0.8,0.6,16359,RS転換1日目 / 高値圏かつ未過熱 / MA上昇配列 / パーフェクトオーダー / 開示[自己株式の取得](1日前)
9142,九州旅客鉄道,陸運業,23.7,23.7,1,554,★☆☆☆☆,0.0,14.0,0,8.3,0.0,2.0,0.0,7.7,0.0,0.0,0.0,,,0.0,1.9,1.5,2.7,3525,3632.0,2.5,0.8,2677,RS転換0日目 / RS加速+8.3 / 高値圏かつ未過熱 / MA上昇配列
6349,小森コーポレーション,機械,23.7,23.7,1,555,★☆☆☆☆,0.0,12.0,1,-12.7,0.0,2.0,0.0,9.7,0.0,0.0,0.0,,,0.0,5.8,1.8,5.5,1964,2039.0,1.8,0.8,384,RS転換1日目 / 高値圏かつ未過熱 / MA上昇配列 / パーフェクトオーダー / 52週高値目前
5036,日本ビジネスシステムズ,情報・通信業,23.7,23.7,1,556,★☆☆☆☆,0.0,12.0,1,1.3,0.0,2.0,0.0,9.7,0.0,0.0,0.0,,,0.0,1.3,3.3,2.2,1533,1640.0,3.7,0.5,170,RS転換1日目 / 25MA上抜け4日目 / MA上昇配列 / パーフェクトオーダー
4912,ライオン,化学,23.7,23.7,1,557,★☆☆☆☆,0.0,12.0,2,-1.0,0.0,2.0,0.0,9.7,0.0,0.0,0.0,,,0.0,9.4,2.3,4.0,1815,1902.5,0.7,0.5,2716,RS転換2日目 / 高値圏かつ未過熱 / MA上昇配列 / パーフェクトオーダー / 52週高値目前
7211,三菱自動車工業,輸送用機器,23.7,23.7,1,558,★☆☆☆☆,0.0,14.0,1,9.9,0.0,3.0,0.0,6.7,0.0,0.0,0.0,,,0.0,8.6,2.7,10.5,378,399.8999938964844,9.4,1.3,3728,RS転換1日目 / RS加速+9.9 / 25MA上抜け7日目 / MA上昇配列
5232,住友大阪セメント,ガラス・土石製品,23.7,23.7,1,559,★☆☆☆☆,0.0,14.0,1,6.1,0.0,0.0,0.0,9.7,0.0,0.0,0.0,,,0.0,3.2,3.1,1.3,5387,5738.0,2.1,0.4,1854,RS転換1日目 / RS加速+6.1 / 高値圏かつ未過熱 / MA上昇配列 / パーフェクトオーダー
8281,ゼビオホールディングス,小売業,23.5,23.5,1,560,★☆☆☆☆,0.0,12.0,1,-0.6,0.0,3.0,0.0,8.5,0.0,0.0,0.0,,,0.0,4.1,2.9,1.4,1100,1167.0,-1.6,1.0,173,RS転換1日目 / 高値圏かつ未過熱 / MA上昇配列 / パーフェクトオーダー
7575,日本ライフライン,卸売業,23.5,23.5,1,561,★☆☆☆☆,0.0,12.0,0,-7.8,0.0,1.0,0.0,10.5,0.0,0.0,0.0,,,0.0,1.1,2.0,4.8,1548,1611.0,2.9,0.9,320,RS転換0日目 / 高値圏かつ未過熱 / MA上昇配列 / 52週高値ブレイク!
9543,静岡ガス,電気・ガス業,23.5,23.5,1,562,★☆☆☆☆,0.0,14.0,1,5.4,0.0,3.0,0.0,6.5,0.0,0.0,0.0,,,0.0,3.9,1.4,5.8,1301,1340.0,4.8,1.3,210,RS転換1日目 / RS加速+5.4 / 25MA上抜け9日目 / MA上昇配列 / RSI過熱(87)⚠
2801,キッコーマン,食料品,23.5,23.5,1,563,★☆☆☆☆,0.0,12.0,1,-0.7,0.0,2.0,0.0,9.5,0.0,0.0,0.0,,,0.0,9.7,2.1,3.8,1750,1827.0,-0.2,0.6,6924,RS転換1日目 / 高値圏かつ未過熱 / MA上昇配列 / パーフェクトオーダー
4385,メルカリ,情報・通信業,23.5,23.5,1,564,★☆☆☆☆,0.0,14.0,1,6.4,0.0,2.0,0.0,6.2,0.0,1.3,0.0,,,0.0,5.0,4.0,0.3,4250,4619.0,3.7,0.8,9817,RS転換1日目 / RS加速+6.4 / 25MA上抜け3日目 / MA上昇配列 / パーフェクトオーダー / 開示[自己株式の取得](8日前)
8015,豊田通商,卸売業,23.5,23.5,1,565,★☆☆☆☆,0.0,7.5,31,-0.2,0.0,1.0,0.0,15.0,0.0,0.0,0.0,,,0.0,12.5,2.9,7.1,7263,7707.0,3.0,0.9,16504,高値圏かつ未過熱 / MA上昇配列 / パーフェクトオーダー / 52週高値ブレイク!
6062,チャーム・ケア・コーポレーション,サービス業,23.5,23.5,1,566,★☆☆☆☆,0.0,12.0,1,3.9,0.0,3.0,0.0,8.5,0.0,0.0,0.0,,,0.0,4.1,2.1,2.3,1370,1431.0,2.6,1.0,152,RS転換1日目 / RS加速+3.9 / MA上昇配列 / パーフェクトオーダー
8929,青山財産ネットワークス,不動産業,23.4,23.4,1,567,★☆☆☆☆,0.0,10.0,9,1.7,0.0,6.7,0.0,6.7,0.0,0.0,0.0,,,0.0,9.3,2.0,6.8,1347,1404.0,1.1,3.3,122,RS転換9日目 / 出来高急増3.3倍 / MA上昇配列
1870,矢作建設工業,建設業,23.3,23.3,1,568,★☆☆☆☆,0.0,11.5,34,6.7,0.0,4.3,0.0,7.5,0.0,0.0,0.0,,,0.0,16.1,1.6,9.4,2176,2248.0,4.4,1.1,362,RS加速+6.7 / 高値圏かつ未過熱 / 買い出来高優勢 / MA上昇配列 / RSI過熱(86)⚠
277A,グロービング,サービス業,23.3,23.3,1,569,★☆☆☆☆,0.0,14.0,9,3.1,0.0,3.3,0.0,6.0,0.0,0.0,0.0,,,0.0,15.6,3.8,9.3,1763,1907.0,2.9,0.8,277,RS転換9日目 / RS加速+3.1 / 25MA上抜け10日目 / 買い出来高優勢
8273,イズミ,小売業,23.3,23.3,1,570,★☆☆☆☆,0.0,10.0,1,-1.9,0.0,4.3,0.0,9.0,0.0,0.0,0.0,,,0.0,3.1,2.1,3.0,998,1042.0,-2.4,0.5,860,RS転換1日目 / 25MA上抜け10日目 / 買い出来高優勢 / MA上昇配列
7011,三菱重工業,機械,23.3,8.1,3,571,★☆☆☆☆,0.0,0.0,-1,-1.5,8.1,0.0,0.0,0.0,0.0,0.0,0.0,,,0.0,-1.5,3.4,-3.6,3594,3856.0,-2.3,0.9,75627,核融合(+1.0%)
2433,博報堂ＤＹホールディングス,サービス業,23.3,23.3,1,572,★☆☆☆☆,0.0,10.0,1,2.6,0.0,3.3,0.0,10.0,0.0,0.0,0.0,,,0.0,3.8,2.5,5.9,1308,1377.5,2.9,0.9,1195,RS転換1日目 / 買い出来高優勢 / MA上昇配列 / パーフェクトオーダー
2207,ｍｅｉｔｏ,食料品,23.2,23.2,1,573,★☆☆☆☆,0.0,12.0,1,-0.8,0.0,3.0,0.0,8.2,0.0,0.0,0.0,,,0.0,6.4,2.7,2.1,3294,3480.0,1.0,1.0,187,RS転換1日目 / 高値圏かつ未過熱 / MA上昇配列 / パーフェクトオーダー
4208,ＵＢＥ,化学,23.2,23.2,1,574,★☆☆☆☆,0.0,11.5,33,7.2,0.0,2.0,0.0,9.7,0.0,0.0,0.0,,,0.0,11.9,1.8,4.9,3487,3620.0,2.5,0.7,3337,RS加速+7.2 / 高値圏かつ未過熱 / MA上昇配列 / パーフェクトオーダー / 52週高値目前
9404,日本テレビホールディングス,情報・通信業,23.2,23.2,1,575,★☆☆☆☆,0.0,10.0,1,1.7,0.0,3.3,0.0,8.0,0.0,1.9,0.0,,,0.0,3.2,1.8,4.4,2968,3078.0,2.0,0.7,1322,RS転換1日目 / 買い出来高優勢 / MA上昇配列 / 開示[自己株式の取得](5日前)
3002,グンゼ,繊維製品,23.2,23.2,1,576,★☆☆☆☆,0.0,14.0,1,0.5,0.0,3.0,0.0,6.2,0.0,0.0,0.0,,,0.0,2.5,1.2,1.3,4111,4210.0,0.1,1.2,737,RS転換1日目 / 高値圏かつ未過熱 / MA上昇配列
4222,児玉化学工業,化学,23.1,23.1,1,577,★☆☆☆☆,0.0,9.0,13,3.2,0.0,5.3,0.0,6.0,0.0,2.8,0.0,,,0.0,20.5,5.5,7.9,623,699.0,-0.7,0.9,504,RS加速+3.2 / 買い出来高優勢 / 資金流入増 / 開示[自己株式の取得](1日前)
4825,ウェザーニューズ,情報・通信業,23.1,23.1,1,578,★☆☆☆☆,0.0,12.0,1,-5.9,0.0,3.3,0.0,7.0,0.0,0.8,0.0,,,0.0,2.0,2.2,1.8,1980,2070.0,-2.5,0.9,419,RS転換1日目 / 高値圏かつ未過熱 / 買い出来高優勢 / 開示[AI](7日前)
5411,ＪＦＥホールディングス,鉄鋼,23.0,23.0,1,579,★☆☆☆☆,0.0,12.0,0,4.6,0.0,2.0,0.0,9.0,0.0,0.0,0.0,,,0.0,4.9,2.2,5.5,1851,1936.0,5.6,1.3,16116,RS転換0日目 / RS加速+4.6 / MA上昇配列
4569,杏林製薬,医薬品,23.0,23.0,1,580,★☆☆☆☆,0.0,14.0,1,5.7,0.0,4.3,0.0,4.7,0.0,0.0,0.0,,,0.0,3.3,1.8,3.6,1141,1184.0,1.1,1.0,368,RS転換1日目 / RS加速+5.7 / 25MA上抜け9日目 / 買い出来高優勢
4420,イーソル,情報・通信業,23.0,23.0,1,581,★☆☆☆☆,0.0,14.0,2,34.4,0.0,4.7,0.0,7.0,0.0,2.3,-5.0,,,0.0,23.9,5.6,24.2,808,910.0,34.2,8.9,196,RS転換2日目 / RS加速+34.4 / 25MA上抜け2日目 / 出来高急増8.9倍 / 過熱⚠25MA+24% / 開示[業績予想の修正](1日前)
3176,三洋貿易,卸売業,23.0,23.0,1,582,★☆☆☆☆,0.0,7.5,38,-8.6,0.0,6.0,0.0,9.5,0.0,0.0,0.0,,,0.0,17.7,3.5,11.8,1106,1189.0,7.9,1.7,566,高値圏かつ未過熱 / 資金流入増 / MA上昇配列 / パーフェクトオーダー
6652,ＩＤＥＣ,電気機器,23.0,23.0,1,583,★☆☆☆☆,0.0,14.0,1,-0.9,0.0,2.0,0.0,7.0,0.0,0.0,0.0,,,0.0,4.7,2.8,2.7,3505,3710.0,2.8,1.1,475,RS転換1日目 / 25MA上抜け1日目 / 高値圏かつ未過熱 / MA上昇配列 / パーフェクトオーダー
4323,日本システム技術,情報・通信業,23.0,23.0,1,584,★☆☆☆☆,0.0,14.0,1,4.5,0.0,2.0,0.0,4.2,0.0,2.8,0.0,,,0.0,4.4,3.6,2.9,1817,1957.0,2.2,0.6,120,RS転換1日目 / RS加速+4.5 / 25MA上抜け9日目 / MA上昇配列 / 開示[自己株式の取得](1日前)
4578,大塚ホールディングス,医薬品,23.0,23.0,1,585,★☆☆☆☆,0.0,12.0,2,-0.6,0.0,0.0,0.0,8.2,0.0,2.8,0.0,,,0.0,4.7,2.4,2.8,11784,12390.0,2.5,0.7,15348,RS転換2日目 / 高値圏かつ未過熱 / MA上昇配列 / パーフェクトオーダー / 開示[自己株式の取得](1日前)
6332,月島ホールディングス,機械,23.0,23.0,1,586,★☆☆☆☆,0.0,12.0,1,1.7,0.0,2.0,0.0,9.0,0.0,0.0,0.0,,,0.0,3.1,2.1,4.0,2737,2860.0,2.0,0.9,287,RS転換1日目 / 25MA上抜け8日目 / MA上昇配列
8244,近鉄百貨店,小売業,23.0,23.0,1,587,★☆☆☆☆,0.0,10.0,1,0.1,0.0,4.3,0.0,8.7,0.0,0.0,0.0,,,0.0,5.6,1.6,4.3,1910,1973.0,0.7,0.7,157,RS転換1日目 / 買い出来高優勢 / MA上昇配列 / パーフェクトオーダー
1938,日本リーテック,建設業,23.0,23.0,1,588,★☆☆☆☆,0.0,14.0,1,4.8,0.0,3.0,0.0,6.0,0.0,0.0,0.0,,,0.0,3.8,2.5,3.3,2424,2553.0,0.5,0.6,302,RS転換1日目 / RS加速+4.8 / 25MA上抜け7日目
7014,名村造船所,輸送用機器,23.0,23.0,1,589,★☆☆☆☆,0.0,12.0,3,7.0,0.0,3.0,0.0,8.0,0.0,0.0,0.0,,,0.0,7.6,5.7,2.8,4049,4565.0,0.3,1.2,6991,RS転換3日目 / RS加速+7.0 / MA上昇配列
8613,丸三証券,証券、商品先物取引業,23.0,23.0,1,590,★☆☆☆☆,0.0,7.5,35,-4.1,0.0,3.3,0.0,12.2,0.0,0.0,0.0,,,0.0,5.1,1.7,6.5,1265,1310.0,3.9,1.0,299,高値圏かつ未過熱 / 買い出来高優勢 / MA上昇配列 / パーフェクトオーダー / 52週高値目前
4401,ＡＤＥＫＡ,化学,23.0,23.0,1,591,★☆☆☆☆,0.0,11.5,38,6.9,0.0,3.3,0.0,8.2,0.0,0.0,0.0,,,0.0,18.3,2.4,7.7,4547,4775.0,4.2,0.6,2330,RS加速+6.9 / 高値圏かつ未過熱 / 買い出来高優勢 / MA上昇配列 / パーフェクトオーダー
8088,岩谷産業,卸売業,23.0,23.0,1,592,★☆☆☆☆,0.0,11.5,38,3.1,0.0,2.0,0.0,9.5,0.0,0.0,0.0,,,0.0,10.0,2.2,6.3,2193,2291.5,5.6,1.0,1830,RS加速+3.1 / 高値圏かつ未過熱 / MA上昇配列 / パーフェクトオーダー
5711,三菱マテリアル,非鉄金属,23.0,23.0,1,593,★☆☆☆☆,0.0,10.0,18,7.9,0.0,4.0,0.0,12.0,0.0,0.0,-3.0,,,0.0,39.7,5.0,16.9,5333,5926.0,5.3,1.1,15976,RS加速+7.9 / 資金流入増 / MA上昇配列 / パーフェクトオーダー / 伸びすぎ注意(25MA+17%)
9278,ブックオフグループホールディングス,小売業,23.0,23.0,1,594,★☆☆☆☆,0.0,12.0,2,-4.1,0.0,0.0,0.0,11.0,0.0,0.0,0.0,,,0.0,3.4,3.9,6.3,2846,3090.0,4.2,0.8,394,RS転換2日目 / 高値圏かつ未過熱 / MA上昇配列 / パーフェクトオーダー / 52週高値目前
6104,芝浦機械,機械,23.0,23.0,1,595,★☆☆☆☆,0.0,14.0,1,21.8,0.0,2.0,0.0,7.0,0.0,0.0,0.0,,,0.0,10.8,2.8,5.2,4244,4495.0,2.5,0.6,602,RS転換1日目 / RS加速+21.8 / 高値圏かつ未過熱
5889,Ｊａｐａｎ　Ｅｙｅｗｅａｒ　Ｈｏｌｄｉｎｇｓ,小売業,23.0,23.0,1,596,★☆☆☆☆,0.0,10.0,1,2.4,0.0,3.0,0.0,10.0,0.0,0.0,0.0,,,0.0,5.7,2.6,5.8,2558,2699.0,4.3,1.5,256,RS転換1日目 / MA上昇配列 / パーフェクトオーダー
6330,東洋エンジニアリング,建設業,23.0,23.0,1,597,★☆☆☆☆,0.0,9.0,29,10.4,0.0,6.0,0.0,8.0,0.0,0.0,0.0,,,0.0,34.5,8.9,13.0,2143,2609.0,-0.8,1.7,13465,RS加速+10.4 / 資金流入増 / MA上昇配列
3692,ＦＦＲＩセキュリティ,情報・通信業,23.0,23.0,1,598,★☆☆☆☆,0.0,14.0,3,5.9,0.0,3.0,0.0,6.0,0.0,0.0,0.0,,,0.0,5.9,5.8,11.6,5054,5720.0,15.6,1.4,698,RS転換3日目 / RS加速+5.9 / 25MA上抜け3日目
2875,東洋水産,食料品,23.0,23.0,1,599,★☆☆☆☆,0.0,14.0,0,6.3,0.0,1.0,0.0,5.2,0.0,2.8,0.0,,,0.0,1.9,1.9,0.1,10213,10610.0,-0.1,0.8,3920,RS転換0日目 / RS加速+6.3 / 高値圏かつ未過熱 / MA上昇配列 / 開示[自己株式の取得](1日前)
2782,セリア,小売業,23.0,23.0,1,600,★☆☆☆☆,0.0,7.5,34,-14.5,0.0,2.0,0.0,13.5,0.0,0.0,0.0,,,0.0,1.3,2.9,5.1,4121,4375.0,-1.4,0.8,1415,高値圏かつ未過熱 / MA上昇配列 / パーフェクトオーダー / 52週高値目前
7616,コロワイド,小売業,23.0,23.0,1,601,★☆☆☆☆,0.0,10.0,1,-2.6,0.0,2.0,0.0,11.0,0.0,0.0,0.0,,,0.0,1.4,1.9,3.6,2059,2140.5,2.1,0.8,785,RS転換1日目 / 25MA上抜け7日目 / MA上昇配列 / パーフェクトオーダー
3289,東急不動産ホールディングス,不動産業,23.0,23.0,1,602,★☆☆☆☆,0.0,14.0,0,5.2,0.0,0.0,0.0,9.0,0.0,0.0,0.0,,,0.0,1.7,1.4,1.9,1318,1355.5,1.0,1.0,3400,RS転換0日目 / RS加速+5.2 / 高値圏かつ未過熱 / MA上昇配列
8399,琉球銀行,銀行業,23.0,23.0,1,603,★☆☆☆☆,0.0,11.5,38,8.1,0.0,2.0,0.0,9.5,0.0,0.0,0.0,,,0.0,8.3,3.4,4.7,3050,3270.0,5.3,0.8,450,RS加速+8.1 / 高値圏かつ未過熱 / MA上昇配列 / パーフェクトオーダー
4064,日本カーバイド工業,化学,23.0,23.0,1,604,★☆☆☆☆,0.0,16.0,1,1.6,0.0,0.0,0.0,7.0,0.0,0.0,0.0,,,0.0,2.5,2.7,2.9,3262,3445.0,1.8,0.6,264,RS転換1日目 / 25MA上抜け8日目 / 高値圏かつ未過熱
4377,ワンキャリア,情報・通信業,23.0,23.0,1,605,★☆☆☆☆,0.0,11.0,12,1.5,0.0,3.0,0.0,9.0,0.0,0.0,0.0,,,0.0,20.2,5.0,8.1,2244,2495.0,0.8,0.6,280,高値圏かつ未過熱 / MA上昇配列
2168,パソナグループ,サービス業,23.0,23.0,1,606,★☆☆☆☆,0.0,12.0,2,4.2,0.0,4.3,0.0,6.7,0.0,0.0,0.0,,,0.0,9.5,1.9,7.4,1690,1756.0,4.5,1.3,256,RS転換2日目 / RS加速+4.2 / 買い出来高優勢 / MA上昇配列
5288,アジアパイルホールディングス,ガラス・土石製品,23.0,23.0,1,607,★☆☆☆☆,0.0,16.0,1,4.0,0.0,0.0,0.0,7.0,0.0,0.0,0.0,,,0.0,4.0,2.3,2.7,1502,1575.0,0.8,0.8,282,RS転換1日目 / RS加速+4.0 / 高値圏かつ未過熱
7729,東京精密,精密機器,23.0,8.0,3,608,★☆☆☆☆,0.0,0.0,-1,-1.7,6.0,1.0,0.0,1.0,0.0,0.0,0.0,,,0.0,-2.3,4.7,-1.9,15712,17360.0,-3.6,0.7,8210,HBM・後工程(-2.7%)
3851,日本一ソフトウェア,情報・通信業,22.8,22.8,1,609,★☆☆☆☆,0.0,7.5,36,16.6,0.0,10.0,0.0,8.7,0.0,1.6,-5.0,,,0.0,51.3,5.4,25.6,1308,1466.0,15.8,3.4,271,RS加速+16.6 / 出来高急増3.4倍 / 買い出来高優勢 / 資金流入増 / MA上昇配列 / パーフェクトオーダー / 過熱⚠25MA+26% / 開示[業績予想の修正](5日前)
7276,小糸製作所,電気機器,22.8,22.8,1,610,★☆☆☆☆,0.0,8.0,0,-4.1,0.0,1.0,0.0,11.0,0.0,2.8,0.0,,,0.0,0.9,1.6,2.7,2671,2758.0,2.8,0.7,2270,RS転換0日目 / MA上昇配列 / パーフェクトオーダー / 開示[自己株式の取得](1日前)
4116,大日精化工業,化学,22.8,22.8,1,611,★☆☆☆☆,0.0,7.5,35,-2.8,0.0,4.3,0.0,11.0,0.0,0.0,0.0,,,0.0,21.0,2.4,7.1,1314,1380.0,-0.2,0.3,326,高値圏かつ未過熱 / 買い出来高優勢 / MA上昇配列 / パーフェクトオーダー / 52週高値目前
4046,大阪ソーダ,化学,22.8,22.8,1,612,★☆☆☆☆,0.0,9.0,26,7.2,0.0,3.3,0.0,7.7,0.0,2.8,0.0,,,0.0,15.7,2.7,7.1,1991,2106.0,2.6,0.6,730,RS加速+7.2 / 買い出来高優勢 / MA上昇配列 / 開示[自己株式の取得](1日前)
6379,レイズネクスト,建設業,22.8,22.8,1,613,★☆☆☆☆,0.0,7.5,42,-3.8,0.0,3.0,0.0,9.5,0.0,2.8,0.0,,,0.0,9.2,2.8,6.1,2938,3110.0,2.0,0.5,591,高値圏かつ未過熱 / MA上昇配列 / パーフェクトオーダー / 開示[自己株式の取得](1日前)
7552,ハピネット,卸売業,22.7,22.7,1,614,★☆☆☆☆,0.0,7.5,45,-5.0,0.0,3.0,0.0,12.2,0.0,0.0,0.0,,,0.0,13.5,3.5,10.6,3606,3880.0,3.2,1.0,922,高値圏かつ未過熱 / MA上昇配列 / パーフェクトオーダー / 52週高値目前
8050,セイコーグループ,精密機器,22.7,22.7,1,615,★☆☆☆☆,0.0,9.0,22,-6.5,0.0,4.0,0.0,9.7,0.0,0.0,0.0,,,0.0,32.5,4.8,14.4,10436,11550.0,6.0,0.8,5988,高値圏かつ未過熱 / 資金流入増 / MA上昇配列 / パーフェクトオーダー / 52週高値目前
5253,カバー,情報・通信業,22.7,22.7,1,616,★☆☆☆☆,0.0,14.0,3,11.0,0.0,2.0,0.0,6.7,0.0,0.0,0.0,,,0.0,7.8,4.8,2.6,1462,1615.0,-0.4,0.8,2496,RS転換3日目 / RS加速+11.0 / 25MA上抜け6日目 / MA上昇配列
2579,コカ・コーラ　ボトラーズジャパンホールディングス,食料品,22.7,22.7,1,617,★☆☆☆☆,0.0,14.0,0,11.5,0.0,0.0,0.0,8.7,0.0,0.0,0.0,,,0.0,0.1,2.4,0.7,3802,3993.0,1.6,0.8,3246,RS転換0日目 / RS加速+11.5 / 高値圏かつ未過熱 / MA上昇配列 / パーフェクトオーダー
4568,第一三共,医薬品,22.7,22.7,1,618,★☆☆☆☆,0.0,14.0,1,9.1,0.0,2.0,0.0,6.7,0.0,0.0,0.0,,,0.0,7.9,2.6,2.8,2702,2850.5,0.7,0.8,16363,RS転換1日目 / RS加速+9.1 / 25MA上抜け8日目 / MA上昇配列
9474,ゼンリン,情報・通信業,22.7,22.7,1,619,★☆☆☆☆,0.0,14.0,1,4.9,0.0,2.0,0.0,6.7,0.0,0.0,0.0,,,0.0,0.7,1.4,3.0,902,928.0,2.7,1.0,190,RS転換1日目 / RS加速+4.9 / 25MA上抜け6日目 / MA上昇配列
8011,三陽商会,繊維製品,22.6,11.4,3,620,★☆☆☆☆,0.0,0.0,-1,-17.5,0.0,3.0,0.0,1.0,0.0,7.4,0.0,,,0.0,-5.0,5.5,-6.7,1362,1530.0,-13.1,1.5,236,開示[自己株式の取得](2日前) / 開示[業績予想の修正](5日前)
7296,エフ・シー・シー,輸送用機器,22.5,22.5,1,621,★☆☆☆☆,0.0,7.5,34,-0.3,0.0,4.0,0.0,11.0,0.0,0.0,0.0,,,0.0,11.3,1.7,4.4,4085,4230.0,1.6,0.6,662,高値圏かつ未過熱 / 資金流入増 / MA上昇配列 / パーフェクトオーダー / 52週高値目前
5013,ユシロ,石油・石炭製品,22.5,22.5,1,622,★☆☆☆☆,0.0,18.0,1,5.4,0.0,0.0,0.0,4.5,0.0,0.0,0.0,,,0.0,1.9,2.3,1.3,2894,3030.0,3.1,0.4,125,RS転換1日目 / RS加速+5.4 / 25MA上抜け0日目 / 高値圏かつ未過熱
2815,アリアケジャパン,食料品,22.5,22.5,1,623,★☆☆☆☆,0.0,6.0,-1,0.6,0.0,5.3,0.0,8.0,0.0,3.2,0.0,,,0.0,-0.8,1.5,1.2,5286,5450.0,0.2,1.5,441,25MA上抜け8日目 / 買い出来高優勢 / MA上昇配列 / 開示[自己株式の取得](1日前) / 開示[自己株式の取得](12日前)
8570,イオンフィナンシャルサービス,その他金融業,22.5,22.5,1,624,★☆☆☆☆,0.0,7.5,34,-0.7,0.0,5.0,0.0,10.0,0.0,0.0,0.0,,,0.0,7.0,2.1,3.7,1605,1674.5,-1.4,1.8,1050,高値圏かつ未過熱 / MA上昇配列
4972,綜研化学,化学,22.5,22.5,1,625,★☆☆☆☆,0.0,15.0,5,21.3,0.0,4.0,0.0,8.5,0.0,0.0,-5.0,,,0.0,29.1,3.4,24.6,3891,4175.0,23.5,1.9,306,RS転換5日目 / RS加速+21.3 / 25MA上抜け7日目 / 52週高値ブレイク! / RSI過熱(86)⚠ / 過熱⚠25MA+25%
287A,黒田グループ,卸売業,22.5,22.5,1,626,★☆☆☆☆,0.0,9.5,38,1.1,0.0,2.0,0.0,11.0,0.0,0.0,0.0,,,0.0,7.4,1.9,3.7,1161,1207.0,1.3,0.6,563,高値圏かつ未過熱 / MA上昇配列 / パーフェクトオーダー / 52週高値目前
3653,モルフォ,情報・通信業,22.5,22.5,1,627,★☆☆☆☆,0.0,7.5,34,11.2,0.0,10.0,0.0,8.0,0.0,0.0,-3.0,,,0.0,26.7,6.5,19.4,753,865.0,12.8,6.3,179,RS加速+11.2 / 出来高急増6.3倍 / 買い出来高優勢 / 資金流入増 / MA上昇配列 / 伸びすぎ注意(25MA+19%)
4598,Ｄｅｌｔａ－Ｆｌｙ　Ｐｈａｒｍａ,医薬品,22.5,22.5,1,628,★☆☆☆☆,0.0,14.0,0,38.7,0.0,10.0,0.0,3.5,0.0,0.0,-5.0,,,0.0,42.3,4.3,44.2,141,154.0,45.3,155.2,154,RS転換0日目 / RS加速+38.7 / 25MA上抜け0日目 / 出来高急増155.2倍 / 買い出来高優勢 / 資金流入増 / RSI過熱(88)⚠ / 過熱⚠25MA+44%
6436,アマノ,機械,22.3,22.3,1,629,★☆☆☆☆,0.0,8.0,-1,3.2,0.0,4.3,0.0,10.0,0.0,0.0,0.0,,,0.0,-0.6,1.4,3.3,3917,4027.0,2.1,1.2,855,RS加速+3.2 / 25MA上抜け6日目 / 買い出来高優勢 / MA上昇配列
9757,船井総研ホールディングス,サービス業,22.3,22.3,1,630,★☆☆☆☆,0.0,10.0,1,1.5,0.0,3.3,0.0,9.0,0.0,0.0,0.0,,,0.0,3.4,1.2,3.2,1150,1178.0,0.5,0.6,386,RS転換1日目 / 買い出来高優勢 / MA上昇配列
4996,クミアイ化学工業,化学,22.3,22.3,1,631,★☆☆☆☆,0.0,8.0,1,-1.7,0.0,4.3,0.0,10.0,0.0,0.0,0.0,,,0.0,3.4,1.7,3.6,764,791.0,1.2,1.4,291,RS転換1日目 / 買い出来高優勢 / MA上昇配列 / パーフェクトオーダー
2820,やまみ,食料品,22.3,22.3,1,632,★☆☆☆☆,0.0,7.5,34,-11.6,0.0,5.3,0.0,9.5,0.0,0.0,0.0,,,0.0,17.8,5.1,9.0,5454,6080.0,-3.2,0.6,132,高値圏かつ未過熱 / 買い出来高優勢 / 資金流入増 / MA上昇配列 / パーフェクトオーダー
5185,フコク,ゴム製品,22.3,22.3,1,633,★☆☆☆☆,0.0,7.5,34,-0.4,0.0,5.3,0.0,9.5,0.0,0.0,0.0,,,0.0,8.3,1.6,3.4,1998,2062.0,0.4,1.0,146,高値圏かつ未過熱 / 買い出来高優勢 / 資金流入増 / MA上昇配列 / パーフェクトオーダー
6071,ＩＢＪ,サービス業,22.3,22.3,1,634,★☆☆☆☆,0.0,7.0,11,0.9,0.0,5.3,0.0,10.0,0.0,0.0,0.0,,,0.0,12.6,4.1,7.4,871,948.0,1.6,0.7,357,買い出来高優勢 / 資金流入増 / MA上昇配列 / パーフェクトオーダー
8282,ケーズホールディングス,小売業,22.3,22.3,1,635,★☆☆☆☆,0.0,12.0,1,-0.5,0.0,3.3,0.0,7.0,0.0,0.0,0.0,,,0.0,2.0,1.8,1.8,1894,1964.5,-0.5,0.9,1360,RS転換1日目 / 高値圏かつ未過熱 / 買い出来高優勢
8032,日本紙パルプ商事,卸売業,22.3,22.3,1,636,★☆☆☆☆,0.0,9.5,34,2.5,0.0,3.0,0.0,7.0,0.0,2.8,0.0,,,0.0,7.1,2.1,3.0,1179,1231.0,3.0,0.9,308,高値圏かつ未過熱 / MA上昇配列 / パーフェクトオーダー / 開示[自己株式の取得](1日前)
2503,キリンホールディングス,食料品,22.2,22.2,1,637,★☆☆☆☆,0.0,12.0,1,-0.3,0.0,2.0,0.0,8.2,0.0,0.0,0.0,,,0.0,2.1,1.9,1.5,2946,3061.0,-0.7,0.6,9390,RS転換1日目 / 高値圏かつ未過熱 / MA上昇配列 / パーフェクトオーダー
4228,積水化成品工業,化学,22.2,22.2,1,638,★☆☆☆☆,0.0,13.0,27,0.0,0.0,1.0,0.0,8.2,0.0,0.0,0.0,,,0.0,13.5,3.8,6.8,587,636.0,6.9,1.0,226,25MA上抜け1日目 / 高値圏かつ未過熱 / MA上昇配列 / パーフェクトオーダー
3405,クラレ,化学,22.2,22.2,1,639,★☆☆☆☆,0.0,14.0,0,9.2,0.0,1.0,0.0,7.2,0.0,0.0,0.0,,,0.0,2.7,2.1,2.7,1825,1905.0,6.5,0.8,3862,RS転換0日目 / RS加速+9.2 / 25MA上抜け0日目 / MA上昇配列 / パーフェクトオーダー
8016,オンワードホールディングス,繊維製品,22.2,22.2,1,640,★☆☆☆☆,0.0,12.0,0,-0.4,0.0,2.0,0.0,8.2,0.0,0.0,0.0,,,0.0,0.0,1.4,0.9,736,758.0,-0.5,0.9,588,RS転換0日目 / 高値圏かつ未過熱 / MA上昇配列 / パーフェクトオーダー
6570,共和コーポレーション,サービス業,22.2,22.2,1,641,★☆☆☆☆,0.0,6.5,49,1.8,0.0,8.7,0.0,12.0,0.0,0.0,-5.0,,,0.0,99.1,8.8,40.4,3526,4280.0,1.2,2.9,358,出来高増2.9倍 / 買い出来高優勢 / 資金流入増 / MA上昇配列 / パーフェクトオーダー / 過熱⚠25MA+40%
4206,アイカ工業,化学,22.2,22.2,1,642,★☆☆☆☆,0.0,9.5,38,2.3,0.0,3.0,0.0,9.7,0.0,0.0,0.0,,,0.0,12.0,1.5,4.4,4070,4198.0,2.0,0.7,1352,高値圏かつ未過熱 / MA上昇配列 / パーフェクトオーダー / 52週高値目前
1720,東急建設,建設業,22.0,22.0,1,643,★☆☆☆☆,0.0,14.0,0,6.0,0.0,2.0,0.0,6.0,0.0,0.0,0.0,,,0.0,2.4,1.8,4.2,1159,1202.0,3.4,0.8,400,RS転換0日目 / RS加速+6.0 / 25MA上抜け6日目
7719,東京衡機,精密機器,22.0,22.0,1,644,★☆☆☆☆,0.0,10.0,8,-0.8,0.0,2.0,0.0,10.0,0.0,0.0,0.0,,,0.0,13.0,7.6,9.6,424,500.0,0.0,0.7,232,RS転換8日目 / 25MA上抜け7日目 / MA上昇配列 / パーフェクトオーダー
6668,アドテック　プラズマ　テクノロジー,電気機器,22.0,22.0,1,645,★☆☆☆☆,0.0,13.0,10,4.3,0.0,0.0,0.0,12.0,0.0,0.0,-3.0,,,0.0,23.7,6.3,15.2,3581,4100.0,14.4,0.5,436,RS転換10日目 / RS加速+4.3 / MA上昇配列 / パーフェクトオーダー / 伸びすぎ注意(25MA+15%)
1963,日揮ホールディングス,建設業,22.0,22.0,1,646,★☆☆☆☆,0.0,14.0,1,8.4,0.0,2.0,0.0,6.0,0.0,0.0,0.0,,,0.0,2.3,2.8,4.0,2244,2379.0,5.3,1.2,3170,RS転換1日目 / RS加速+8.4 / 25MA上抜け1日目
4481,ベース,情報・通信業,22.0,22.0,1,647,★☆☆☆☆,0.0,12.0,1,4.0,0.0,2.0,0.0,8.0,0.0,0.0,0.0,,,0.0,4.9,2.6,4.4,3220,3400.0,4.0,0.6,315,RS転換1日目 / RS加速+4.0 / MA上昇配列
4593,ヘリオス,医薬品,22.0,22.0,1,648,★☆☆☆☆,0.0,12.0,10,9.9,0.0,4.0,0.0,6.0,0.0,0.0,0.0,,,0.0,22.5,6.5,12.9,256,295.0,6.5,1.3,571,RS転換10日目 / RS加速+9.9
9828,Ｇｅｎｋｉ　Ｇｌｏｂａｌ　Ｄｉｎｉｎｇ　Ｃｏｎｃｅｐｔｓ,小売業,22.0,22.0,1,649,★☆☆☆☆,0.0,10.0,0,-0.5,0.0,2.0,0.0,10.0,0.0,0.0,0.0,,,0.0,0.7,2.4,1.6,3298,3465.0,-2.0,1.1,210,RS転換0日目 / 25MA上抜け9日目 / MA上昇配列 / パーフェクトオーダー
8022,美津濃,その他製品,22.0,22.0,1,650,★☆☆☆☆,0.0,12.0,2,-1.3,0.0,3.0,0.0,7.0,0.0,0.0,0.0,,,0.0,8.1,3.5,2.9,3811,4100.0,-0.2,0.5,1235,RS転換2日目 / 高値圏かつ未過熱 / MA上昇配列 / パーフェクトオーダー
4443,Ｓａｎｓａｎ,情報・通信業,22.0,22.0,1,651,★☆☆☆☆,0.0,10.0,2,2.2,0.0,2.0,0.0,10.0,0.0,0.0,0.0,,,0.0,14.0,4.8,9.3,2040,2256.0,4.8,0.9,2399,RS転換2日目 / MA上昇配列 / パーフェクトオーダー
1723,日本電技,建設業,22.0,22.0,1,652,★☆☆☆☆,0.0,14.0,3,22.1,0.0,2.0,0.0,6.0,0.0,0.0,0.0,,,0.0,10.5,4.0,9.6,2210,2404.0,11.3,0.7,495,RS転換3日目 / RS加速+22.1 / 25MA上抜け4日目
8804,東京建物,不動産業,22.0,22.0,1,653,★☆☆☆☆,0.0,10.0,0,7.0,0.0,3.0,0.0,9.0,0.0,0.0,0.0,,,0.0,2.7,1.6,2.4,3361,3472.0,1.6,1.2,2556,RS転換0日目 / RS加速+7.0 / MA上昇配列
8584,ジャックス,その他金融業,22.0,22.0,1,654,★☆☆☆☆,0.0,12.0,0,2.0,0.0,2.0,0.0,8.0,0.0,0.0,0.0,,,0.0,2.5,1.3,1.7,3733,3835.0,0.0,0.6,405,RS転換0日目 / 25MA上抜け8日目 / MA上昇配列
6524,湖北工業,電気機器,22.0,22.0,1,655,★☆☆☆☆,0.0,14.0,7,4.0,0.0,2.0,0.0,6.0,0.0,0.0,0.0,,,0.0,13.4,5.6,8.7,4568,5140.0,2.8,1.0,1375,RS転換7日目 / RS加速+4.0 / 25MA上抜け8日目
4968,荒川化学工業,化学,22.0,22.0,1,656,★☆☆☆☆,0.0,14.0,10,10.3,0.0,2.0,0.0,6.0,0.0,0.0,0.0,,,0.0,17.9,5.9,0.8,1937,2197.0,-0.1,0.5,810,RS転換10日目 / RS加速+10.3 / 25MA上抜け0日目 / MA上昇配列 / パーフェクトオーダー
3854,アイル,情報・通信業,22.0,22.0,1,657,★☆☆☆☆,0.0,12.0,2,5.1,0.0,2.0,0.0,8.0,0.0,0.0,0.0,,,0.0,9.6,2.8,6.2,2365,2507.0,4.5,1.1,263,RS転換2日目 / RS加速+5.1 / MA上昇配列
1662,石油資源開発,鉱業,22.0,22.0,1,658,★☆☆☆☆,0.0,12.0,1,7.0,0.0,2.0,0.0,8.0,0.0,0.0,0.0,,,0.0,12.8,2.4,9.5,1885,1980.0,5.9,1.2,2378,RS転換1日目 / RS加速+7.0 / MA上昇配列
6203,豊和工業,機械,22.0,22.0,1,659,★☆☆☆☆,0.0,14.0,9,7.7,0.0,2.0,0.0,6.0,0.0,0.0,0.0,,,0.0,11.2,3.0,5.9,1459,1553.0,3.2,0.7,280,RS転換9日目 / RS加速+7.7 / 25MA上抜け8日目
2678,アスクル,小売業,22.0,22.0,1,660,★☆☆☆☆,0.0,12.0,1,0.3,0.0,2.0,0.0,8.0,0.0,0.0,0.0,,,0.0,0.3,1.8,3.3,1267,1314.0,2.8,0.8,445,RS転換1日目 / 25MA上抜け9日目 / MA上昇配列
8035,東京エレクトロン,電気機器,21.9,12.5,2,661,★☆☆☆☆,0.0,4.0,-1,10.1,6.0,1.0,0.0,1.5,0.0,0.0,0.0,,,0.0,-3.0,4.3,-1.6,50269,54980.0,-0.8,0.9,164910,RS加速+10.1 / 半導体製造装置(-3.8%)
8132,シナネンホールディングス,卸売業,21.9,21.900000000000002,1,662,★☆☆☆☆,0.0,7.0,14,1.9,0.0,5.3,0.0,8.5,0.0,1.1,0.0,,,0.0,17.7,5.7,5.4,6951,7850.0,-2.0,0.4,202,買い出来高優勢 / 資金流入増 / MA上昇配列 / パーフェクトオーダー / 開示[自己株式の取得](9日前)
8789,フィンテック　グローバル,その他金融業,21.8,21.8,1,663,★☆☆☆☆,0.0,7.5,38,-2.9,0.0,5.3,0.0,6.2,0.0,2.8,0.0,,,0.0,24.5,3.8,9.8,154,167.0,-1.8,0.8,321,高値圏かつ未過熱 / 買い出来高優勢 / 資金流入増 / MA上昇配列 / 開示[自己株式の取得](1日前)
5574,ＡＢＥＪＡ,情報・通信業,21.8,21.8,1,664,★☆☆☆☆,0.0,7.5,35,7.0,0.0,6.3,0.0,8.0,0.0,0.0,0.0,,,0.0,14.5,5.3,8.4,2736,3060.0,11.7,2.6,454,RS加速+7.0 / 出来高増2.6倍 / MA上昇配列
3994,マネーフォワード,情報・通信業,21.8,21.8,1,665,★☆☆☆☆,0.0,7.5,41,10.8,0.0,4.3,0.0,10.0,0.0,0.0,0.0,,,0.0,17.2,6.4,7.2,5483,6287.0,2.2,0.7,3427,RS加速+10.8 / 買い出来高優勢 / MA上昇配列 / パーフェクトオーダー
1605,ＩＮＰＥＸ,鉱業,21.7,21.7,1,666,★☆☆☆☆,0.0,12.0,1,9.1,0.0,2.0,0.0,7.7,0.0,0.0,0.0,,,0.0,13.8,2.4,10.1,3916,4112.0,6.0,1.1,17405,RS転換1日目 / RS加速+9.1 / MA上昇配列
4681,リゾートトラスト,サービス業,21.7,21.7,1,667,★☆☆☆☆,0.0,12.0,1,-0.7,0.0,1.0,0.0,8.7,0.0,0.0,0.0,,,0.0,3.7,2.0,3.4,1815,1890.0,1.3,0.7,1105,RS転換1日目 / 高値圏かつ未過熱 / MA上昇配列
6966,三井ハイテック,電気機器,21.7,21.7,1,668,★☆☆☆☆,0.0,12.0,10,0.4,0.0,1.0,0.0,8.7,0.0,0.0,0.0,,,0.0,1.6,3.2,1.6,885,945.0,0.7,0.8,1310,RS転換10日目 / 25MA上抜け7日目 / MA上昇配列 / パーフェクトオーダー
8609,岡三証券グループ,証券、商品先物取引業,21.7,21.7,1,669,★☆☆☆☆,0.0,7.5,42,-3.3,0.0,2.0,0.0,12.2,0.0,0.0,0.0,,,0.0,5.5,2.5,8.1,1166,1228.0,3.9,1.1,569,高値圏かつ未過熱 / MA上昇配列 / パーフェクトオーダー / 52週高値目前
7868,広済堂ホールディングス,その他製品,21.7,21.7,1,670,★☆☆☆☆,0.0,9.0,12,3.4,0.0,6.7,0.0,6.0,0.0,0.0,0.0,,,0.0,6.7,2.9,3.6,529,562.0,1.3,2.4,239,RS加速+3.4 / 出来高増2.4倍 / 買い出来高優勢
2301,学情,サービス業,21.6,21.6,1,671,★☆☆☆☆,0.0,10.0,1,2.3,0.0,3.3,0.0,5.5,0.0,2.8,0.0,,,0.0,6.0,1.7,4.8,1688,1746.0,1.0,0.9,156,RS転換1日目 / 買い出来高優勢 / MA上昇配列 / RSI過熱(88)⚠ / 開示[自己株式の取得](1日前)
8935,ＦＪネクストホールディングス,不動産業,21.5,21.5,1,672,★☆☆☆☆,0.0,9.5,35,0.6,0.0,1.0,0.0,11.0,0.0,0.0,0.0,,,0.0,5.0,2.0,3.9,1975,2057.0,3.4,0.8,116,高値圏かつ未過熱 / MA上昇配列 / パーフェクトオーダー / 52週高値目前
7272,ヤマハ発動機,輸送用機器,21.5,21.5,1,673,★☆☆☆☆,0.0,7.5,35,-3.1,0.0,3.0,0.0,11.0,0.0,0.0,0.0,,,0.0,43.4,2.9,9.1,1836,1951.0,-0.6,0.5,19225,高値圏かつ未過熱 / 資金流入増 / MA上昇配列 / パーフェクトオーダー / 52週高値目前
8065,佐藤商事,卸売業,21.5,21.5,1,674,★☆☆☆☆,0.0,9.0,30,-15.5,0.0,3.0,0.0,9.5,0.0,0.0,0.0,,,0.0,4.3,4.0,4.3,3425,3720.0,0.9,0.9,240,高値圏かつ未過熱 / MA上昇配列 / パーフェクトオーダー
4475,ＨＥＮＮＧＥ,情報・通信業,21.5,21.5,1,675,★☆☆☆☆,0.0,7.5,41,15.4,0.0,4.0,0.0,10.0,0.0,0.0,0.0,,,0.0,29.6,4.8,14.9,1539,1703.0,10.7,0.6,1134,RS加速+15.4 / 資金流入増 / MA上昇配列 / パーフェクトオーダー
7942,ＪＳＰ,化学,21.5,21.5,1,676,★☆☆☆☆,0.0,7.5,31,-5.4,0.0,3.0,0.0,11.0,0.0,0.0,0.0,,,0.0,14.5,2.8,7.9,3019,3195.0,3.6,0.6,240,高値圏かつ未過熱 / MA上昇配列 / パーフェクトオーダー / 52週高値目前
6306,日工,機械,21.5,21.5,1,677,★☆☆☆☆,0.0,12.0,1,-2.2,0.0,0.0,0.0,9.5,0.0,0.0,0.0,,,0.0,1.4,1.9,1.4,981,1021.0,-1.2,0.8,129,RS転換1日目 / 高値圏かつ未過熱 / MA上昇配列 / パーフェクトオーダー
4714,リソー教育グループ,サービス業,21.5,21.5,1,678,★☆☆☆☆,0.0,10.0,0,1.4,0.0,4.0,0.0,7.5,0.0,0.0,0.0,,,0.0,1.9,1.3,2.9,206,211.0,1.4,1.8,104,RS転換0日目 / MA上昇配列 / パーフェクトオーダー / RSI過熱(91)⚠
6023,ダイハツインフィニアース,輸送用機器,21.5,21.5,1,679,★☆☆☆☆,0.0,9.5,34,0.1,0.0,1.0,0.0,11.0,0.0,0.0,0.0,,,0.0,4.0,3.8,5.7,2877,3115.0,4.1,0.7,589,高値圏かつ未過熱 / MA上昇配列 / パーフェクトオーダー
5161,西川ゴム工業,ゴム製品,21.5,21.5,1,680,★☆☆☆☆,0.0,9.5,34,1.3,0.0,3.0,0.0,9.0,0.0,0.0,0.0,,,0.0,12.1,2.1,9.2,3639,3800.0,5.0,1.1,470,高値圏かつ未過熱 / MA上昇配列
9470,学研ホールディングス,情報・通信業,21.5,21.5,1,681,★☆☆☆☆,0.0,12.0,0,-0.2,0.0,2.0,0.0,7.5,0.0,0.0,0.0,,,0.0,1.0,1.5,1.1,1010,1041.0,-1.0,1.0,120,RS転換0日目 / 高値圏かつ未過熱 / MA上昇配列
7921,ＴＡＫＡＲＡ　＆　ＣＯＭＰＡＮＹ,その他製品,21.5,21.5,1,682,★☆☆☆☆,0.0,14.0,0,3.4,0.0,0.0,0.0,7.5,0.0,0.0,0.0,,,0.0,0.2,2.2,0.7,4111,4300.0,-1.4,0.7,104,RS転換0日目 / RS加速+3.4 / 高値圏かつ未過熱 / MA上昇配列
6769,ザインエレクトロニクス,電気機器,21.3,21.3,1,683,★☆☆☆☆,0.0,12.0,6,6.0,0.0,3.3,0.0,6.0,0.0,0.0,0.0,,,0.0,10.0,5.0,7.3,1036,1150.0,7.4,0.9,113,RS転換6日目 / RS加速+6.0 / 買い出来高優勢
197A,タウンズ,医薬品,21.3,21.3,1,684,★☆☆☆☆,0.0,10.0,1,2.1,0.0,3.3,0.0,8.0,0.0,0.0,0.0,,,0.0,6.0,1.8,4.3,491,509.0,1.4,0.5,142,RS転換1日目 / 買い出来高優勢 / MA上昇配列
4028,石原産業,化学,21.3,21.3,1,685,★☆☆☆☆,0.0,7.0,30,2.7,0.0,3.3,0.0,11.0,0.0,0.0,0.0,,,0.0,6.1,2.7,4.7,3044,3220.0,1.6,0.6,789,買い出来高優勢 / MA上昇配列 / パーフェクトオーダー
3763,プロシップ,情報・通信業,21.3,21.3,1,686,★☆☆☆☆,0.0,7.5,38,-13.3,0.0,5.3,0.0,8.5,0.0,0.0,0.0,,,0.0,15.6,6.4,5.6,1928,2212.0,-5.0,0.7,165,高値圏かつ未過熱 / 買い出来高優勢 / 資金流入増 / MA上昇配列 / パーフェクトオーダー
2742,ハローズ,小売業,21.3,21.3,1,687,★☆☆☆☆,0.0,8.0,1,-2.1,0.0,5.3,0.0,8.0,0.0,0.0,0.0,,,0.0,2.4,2.5,2.4,3763,3960.0,-0.6,1.4,204,RS転換1日目 / 買い出来高優勢 / MA上昇配列
4521,科研製薬,医薬品,21.2,21.2,1,688,★☆☆☆☆,0.0,14.0,1,1.6,0.0,2.0,0.0,5.2,0.0,0.0,0.0,,,0.0,1.9,1.3,1.5,3906,4010.0,0.6,0.8,535,RS転換1日目 / 高値圏かつ未過熱 / MA上昇配列
7979,松風,精密機器,21.2,21.2,1,689,★☆☆☆☆,0.0,12.0,2,-0.3,0.0,2.0,0.0,7.2,0.0,0.0,0.0,,,0.0,7.7,2.1,1.7,2215,2313.0,-1.2,0.7,218,RS転換2日目 / 高値圏かつ未過熱 / MA上昇配列 / パーフェクトオーダー
9119,飯野海運,海運業,21.2,21.2,1,690,★☆☆☆☆,0.0,9.5,34,1.7,0.0,3.0,0.0,8.7,0.0,0.0,0.0,,,0.0,13.5,2.7,9.6,1683,1780.0,2.4,0.8,540,高値圏かつ未過熱 / MA上昇配列
4221,大倉工業,化学,21.2,21.2,1,691,★☆☆☆☆,0.0,7.5,38,-5.1,0.0,4.0,0.0,9.7,0.0,0.0,0.0,,,0.0,0.8,2.1,2.4,5456,5700.0,2.3,1.7,195,高値圏かつ未過熱 / MA上昇配列 / パーフェクトオーダー / 52週高値目前
7774,ジャパン・ティッシュエンジニアリング,精密機器,21.2,21.2,1,692,★☆☆☆☆,0.0,7.5,38,-18.5,0.0,4.0,0.0,9.7,0.0,0.0,0.0,,,0.0,21.5,4.5,9.4,799,878.0,-0.3,0.7,115,高値圏かつ未過熱 / 資金流入増 / MA上昇配列 / パーフェクトオーダー / 52週高値目前
3097,物語コーポレーション,小売業,21.2,21.2,1,693,★☆☆☆☆,0.0,12.0,2,-4.4,0.0,1.0,0.0,8.2,0.0,0.0,0.0,,,0.0,5.3,3.1,3.0,5399,5750.0,0.5,0.5,1168,RS転換2日目 / 高値圏かつ未過熱 / MA上昇配列 / パーフェクトオーダー
4919,ミルボン,化学,21.1,21.1,1,694,★☆☆☆☆,0.0,5.5,34,0.0,0.0,5.3,0.0,7.5,0.0,2.8,0.0,,,0.0,15.7,2.4,6.5,3122,3280.0,-0.8,0.9,731,買い出来高優勢 / 資金流入増 / MA上昇配列 / パーフェクトオーダー / 開示[自己株式の取得](1日前)
3252,地主,不動産業,21.0,21.0,1,695,★☆☆☆☆,0.0,10.0,0,1.7,0.0,2.0,0.0,9.0,0.0,0.0,0.0,,,0.0,0.7,1.6,1.8,2891,2988.0,0.2,1.0,364,RS転換0日目 / MA上昇配列
6701,日本電気,電気機器,21.0,21.0,1,696,★☆☆☆☆,0.0,10.0,1,-0.5,0.0,3.3,0.0,7.7,0.0,0.0,0.0,,,0.0,2.7,3.6,4.8,4650,5005.0,7.6,1.0,32107,RS転換1日目 / 25MA上抜け3日目 / 買い出来高優勢 / MA上昇配列
1925,大和ハウス工業,建設業,21.0,21.0,1,697,★☆☆☆☆,0.0,12.0,0,2.5,0.0,0.0,0.0,9.0,0.0,0.0,0.0,,,0.0,0.5,1.3,1.8,4624,4744.0,0.7,0.9,8656,RS転換0日目 / 25MA上抜け8日目 / MA上昇配列
5273,三谷セキサン,ガラス・土石製品,21.0,21.0,1,698,★☆☆☆☆,0.0,7.5,42,-0.9,0.0,2.0,0.0,8.7,0.0,2.8,0.0,,,0.0,9.0,3.7,8.2,1958,2113.0,3.2,0.8,124,高値圏かつ未過熱 / MA上昇配列 / 開示[自己株式の取得](1日前)
6834,精工技研,電気機器,21.0,14.0,2,699,★☆☆☆☆,0.0,9.0,14,13.9,0.0,2.0,0.0,6.0,0.0,0.0,-3.0,,,0.0,45.9,8.7,20.0,4654,5630.0,4.9,0.8,7394,RS加速+13.9 / 伸びすぎ注意(25MA+20%)
218A,Ｌｉｂｅｒａｗａｒｅ,精密機器,21.0,21.0,1,700,★☆☆☆☆,0.0,12.0,10,6.4,0.0,3.0,0.0,6.0,0.0,0.0,0.0,,,0.0,9.8,4.4,11.0,1102,1209.0,11.8,1.7,228,RS転換10日目 / RS加速+6.4
5885,ジーデップ・アドバンス,卸売業,21.0,21.0,1,701,★☆☆☆☆,0.0,9.0,12,4.9,0.0,2.0,0.0,10.0,0.0,0.0,0.0,,,0.0,19.6,5.1,9.6,2958,3295.0,3.6,0.9,171,RS加速+4.9 / MA上昇配列 / パーフェクトオーダー
4816,東映アニメーション,情報・通信業,21.0,21.0,1,702,★☆☆☆☆,0.0,8.0,1,-2.7,0.0,3.0,0.0,10.0,0.0,0.0,0.0,,,0.0,0.9,3.0,4.4,2855,3040.0,0.8,0.4,1335,RS転換1日目 / MA上昇配列 / パーフェクトオーダー
3923,ラクス,情報・通信業,21.0,21.0,1,703,★☆☆☆☆,0.0,10.0,2,1.5,0.0,1.0,0.0,10.0,0.0,0.0,0.0,,,0.0,7.0,4.6,4.1,1036,1140.5,3.6,0.8,2144,RS転換2日目 / MA上昇配列 / パーフェクトオーダー
2805,ヱスビー食品,食料品,21.0,21.0,1,704,★☆☆☆☆,0.0,7.5,41,-3.9,0.0,1.0,0.0,12.5,0.0,0.0,0.0,,,0.0,4.4,3.5,6.9,6700,7200.0,7.0,0.8,516,高値圏かつ未過熱 / MA上昇配列 / パーフェクトオーダー / 52週高値ブレイク!
8739,スパークス・グループ,証券、商品先物取引業,21.0,21.0,1,705,★☆☆☆☆,0.0,7.5,35,-6.2,0.0,0.0,0.0,13.5,0.0,0.0,0.0,,,0.0,4.5,1.9,5.2,2504,2602.0,3.7,1.0,289,高値圏かつ未過熱 / MA上昇配列 / パーフェクトオーダー / 52週高値目前
4272,日本化薬,化学,21.0,21.0,1,706,★☆☆☆☆,0.0,11.0,30,2.7,0.0,3.3,0.0,6.7,0.0,0.0,0.0,,,0.0,5.3,1.7,3.3,2043,2115.0,2.3,0.8,1055,高値圏かつ未過熱 / 買い出来高優勢
3608,ＴＳＩホールディングス,繊維製品,21.0,21.0,1,707,★☆☆☆☆,0.0,10.0,0,2.6,0.0,0.0,0.0,11.0,0.0,0.0,0.0,,,0.0,2.0,1.7,2.1,1232,1275.0,-0.4,1.1,321,RS転換0日目 / MA上昇配列 / パーフェクトオーダー
7283,愛三工業,輸送用機器,21.0,21.0,1,708,★☆☆☆☆,0.0,8.0,-1,3.3,0.0,1.0,0.0,12.0,0.0,0.0,0.0,,,0.0,-0.7,2.2,2.6,2257,2363.0,3.3,1.3,305,RS加速+3.3 / 25MA上抜け1日目 / MA上昇配列 / パーフェクトオーダー
1968,太平電業,建設業,21.0,21.0,1,709,★☆☆☆☆,0.0,14.0,0,3.7,0.0,0.0,0.0,7.0,0.0,0.0,0.0,,,0.0,2.2,2.7,3.5,2379,2513.0,1.4,0.6,461,RS転換0日目 / RS加速+3.7 / 25MA上抜け6日目
6366,千代田化工建設,建設業,21.0,21.0,1,710,★☆☆☆☆,0.0,14.0,3,12.6,0.0,1.0,0.0,6.0,0.0,0.0,0.0,,,0.0,10.1,3.4,5.2,684,734.0,2.2,0.8,1413,RS転換3日目 / RS加速+12.6 / 25MA上抜け8日目
1885,東亜建設工業,建設業,21.0,21.0,1,711,★☆☆☆☆,0.0,14.0,1,5.2,0.0,1.0,0.0,6.0,0.0,0.0,0.0,,,0.0,3.4,3.0,4.3,2029,2156.0,3.6,1.1,1012,RS転換1日目 / RS加速+5.2 / 25MA上抜け8日目
2334,イオレ,サービス業,21.0,21.0,1,712,★☆☆☆☆,0.0,14.0,5,10.4,0.0,1.0,0.0,4.7,0.0,1.3,0.0,,,0.0,16.6,6.1,6.1,488,555.0,1.1,1.5,684,RS転換5日目 / RS加速+10.4 / 25MA上抜け5日目 / 開示[AI](2日前)
8058,三菱商事,卸売業,21.0,21.0,1,713,★☆☆☆☆,0.0,10.0,0,3.6,0.0,0.0,0.0,11.0,0.0,0.0,0.0,,,0.0,0.5,2.0,3.8,4756,4956.0,4.0,1.2,31992,RS転換0日目 / RS加速+3.6 / MA上昇配列 / パーフェクトオーダー
1663,Ｋ＆Ｏエナジーグループ,鉱業,21.0,21.0,1,714,★☆☆☆☆,0.0,12.0,2,7.8,0.0,4.3,0.0,4.7,0.0,0.0,0.0,,,0.0,8.8,2.3,7.2,1924,2018.0,5.2,1.4,464,RS転換2日目 / RS加速+7.8 / 買い出来高優勢
7545,西松屋チェーン,小売業,21.0,21.0,1,715,★☆☆☆☆,0.0,10.0,0,-1.2,0.0,2.0,0.0,9.0,0.0,0.0,0.0,,,0.0,0.3,1.6,1.0,1956,2022.0,-0.3,0.5,831,RS転換0日目 / 25MA上抜け10日目 / MA上昇配列
5703,日本軽金属ホールディングス,非鉄金属,21.0,21.0,1,716,★☆☆☆☆,0.0,9.0,26,-3.7,0.0,0.0,0.0,12.0,0.0,0.0,0.0,,,0.0,7.6,2.8,6.9,2962,3135.0,3.6,0.7,811,高値圏かつ未過熱 / MA上昇配列 / パーフェクトオーダー
3441,山王,金属製品,21.0,21.0,1,717,★☆☆☆☆,0.0,14.0,5,5.0,0.0,1.0,0.0,6.0,0.0,0.0,0.0,,,0.0,9.1,4.6,5.9,2561,2820.0,2.2,0.9,116,RS転換5日目 / RS加速+5.0 / 25MA上抜け8日目
3626,ＴＩＳＩ,情報・通信業,21.0,21.0,1,718,★☆☆☆☆,0.0,10.0,1,1.6,0.0,3.0,0.0,8.0,0.0,0.0,0.0,,,0.0,5.6,2.3,6.0,3845,4034.0,4.3,1.2,2989,RS転換1日目 / MA上昇配列
1815,鉄建建設,建設業,21.0,21.0,1,719,★☆☆☆☆,0.0,14.0,1,6.2,0.0,0.0,0.0,7.0,0.0,0.0,0.0,,,0.0,2.3,2.2,4.6,4400,4605.0,3.5,0.7,457,RS転換1日目 / RS加速+6.2 / 25MA上抜け6日目
5463,丸一鋼管,鉄鋼,20.8,20.8,1,720,★☆☆☆☆,0.0,4.0,-1,4.4,0.0,3.0,0.0,11.0,0.0,2.8,0.0,,,0.0,-1.2,2.0,1.3,1720,1792.5,2.2,1.8,1405,RS加速+4.4 / MA上昇配列 / パーフェクトオーダー / 開示[自己株式の取得](1日前)
7912,大日本印刷,その他製品,20.8,20.8,1,721,★☆☆☆☆,0.0,14.0,1,6.3,0.0,2.0,0.0,2.0,0.0,2.8,0.0,,,0.0,3.5,2.4,-0.5,2952,3100.0,-0.8,0.8,4559,RS転換1日目 / RS加速+6.3 / 高値圏かつ未過熱 / 開示[自己株式の取得](1日前)
6630,ヤーマン,電気機器,20.8,20.8,1,722,★☆☆☆☆,0.0,8.0,1,-1.5,0.0,5.3,0.0,7.5,0.0,0.0,0.0,,,0.0,5.1,2.7,3.9,771,814.0,0.1,1.0,111,RS転換1日目 / 買い出来高優勢 / 資金流入増 / MA上昇配列 / パーフェクトオーダー
5122,オカモト,ゴム製品,20.8,20.8,1,723,★☆☆☆☆,0.0,7.5,31,-6.8,0.0,1.0,0.0,9.5,0.0,2.8,0.0,,,0.0,2.5,2.9,2.7,6080,6460.0,2.4,0.7,273,高値圏かつ未過熱 / MA上昇配列 / パーフェクトオーダー / 開示[自己株式取得](1日前)
6419,マースグループホールディングス,機械,20.8,20.8,1,724,★☆☆☆☆,0.0,6.0,-1,0.5,0.0,1.0,0.0,11.0,0.0,2.8,0.0,,,0.0,-0.6,1.4,1.2,3111,3200.0,0.8,1.2,185,25MA上抜け5日目 / MA上昇配列 / パーフェクトオーダー / 開示[自己株式の取得](1日前)
4165,プレイド,情報・通信業,20.8,20.8,1,725,★☆☆☆☆,0.0,7.0,12,0.2,0.0,3.0,0.0,8.0,0.0,2.8,0.0,,,0.0,19.1,5.6,9.4,632,712.0,3.5,0.8,379,MA上昇配列 / 開示[自己株式の取得](1日前)
2760,東京エレクトロン　デバイス,卸売業,20.7,20.7,1,726,★☆☆☆☆,0.0,12.0,1,2.3,0.0,0.0,0.0,8.7,0.0,0.0,0.0,,,0.0,3.0,4.0,4.2,3953,4295.0,7.6,0.9,810,RS転換1日目 / 25MA上抜け1日目 / MA上昇配列 / パーフェクトオーダー
5802,住友電気工業,非鉄金属,20.7,20.7,1,727,★☆☆☆☆,0.0,10.0,0,12.1,6.0,2.0,0.0,2.7,0.0,0.0,0.0,,,0.0,4.1,4.6,-0.5,2006,2209.0,0.4,0.6,50298,RS転換0日目 / RS加速+12.1 / 光通信・電線(-0.2%)
4967,小林製薬,化学,20.7,20.7,1,728,★☆☆☆☆,0.0,10.0,0,-0.0,0.0,2.0,0.0,8.7,0.0,0.0,0.0,,,0.0,0.2,1.2,2.1,5595,5735.0,1.0,0.9,1180,RS転換0日目 / 25MA上抜け8日目 / MA上昇配列 / パーフェクトオーダー
7970,信越ポリマー,化学,20.7,20.7,1,729,★☆☆☆☆,0.0,14.0,1,4.1,0.0,2.0,0.0,4.7,0.0,0.0,0.0,,,0.0,1.6,2.1,0.8,2163,2260.0,1.3,0.7,330,RS転換1日目 / RS加速+4.1 / 高値圏かつ未過熱
8219,青山商事,小売業,20.7,20.7,1,730,★☆☆☆☆,0.0,12.0,1,-1.2,0.0,1.0,0.0,7.7,0.0,0.0,0.0,,,0.0,2.7,1.6,3.4,756,781.0,0.6,1.0,444,RS転換1日目 / 高値圏かつ未過熱 / MA上昇配列
9110,ＮＳユナイテッド海運,海運業,20.5,20.5,1,731,★☆☆☆☆,0.0,7.5,33,-30.7,0.0,2.0,0.0,11.0,0.0,0.0,0.0,,,0.0,6.9,0.2,5.1,10446,10490.0,0.2,0.9,1915,高値圏かつ未過熱 / 資金流入増 / MA上昇配列 / パーフェクトオーダー / 52週高値目前
3402,東レ,繊維製品,20.5,20.5,1,732,★☆☆☆☆,0.0,11.5,33,7.1,0.0,2.0,0.0,7.0,0.0,0.0,0.0,,,0.0,13.5,2.3,3.7,1256,1316.5,3.6,0.7,7320,RS加速+7.1 / 高値圏かつ未過熱 / MA上昇配列 / パーフェクトオーダー
9697,カプコン,情報・通信業,20.5,20.5,1,733,★☆☆☆☆,0.0,12.0,1,-11.3,0.0,2.0,0.0,6.5,0.0,0.0,0.0,,,0.0,8.5,3.1,5.6,4070,4336.0,1.6,1.1,9309,RS転換1日目 / 高値圏かつ未過熱 / MA上昇配列
167A,リョーサン菱洋ホールディングス,卸売業,20.5,20.5,1,734,★☆☆☆☆,0.0,9.5,34,1.5,0.0,3.3,0.0,7.7,0.0,0.0,0.0,,,0.0,9.2,1.9,5.8,3149,3275.0,5.0,0.8,552,高値圏かつ未過熱 / 買い出来高優勢 / MA上昇配列
7949,小松ウオール工業,その他製品,20.5,20.5,1,735,★☆☆☆☆,0.0,12.0,0,-2.9,0.0,1.0,0.0,7.5,0.0,0.0,0.0,,,0.0,0.2,1.3,1.5,2756,2827.0,0.1,1.4,136,RS転換0日目 / 高値圏かつ未過熱 / MA上昇配列
8139,ナガホリ,卸売業,20.5,20.5,1,736,★☆☆☆☆,0.0,14.0,10,4.1,0.0,4.3,0.0,2.2,0.0,0.0,0.0,,,0.0,10.5,6.2,3.8,2012,2295.0,0.3,0.5,148,RS転換10日目 / RS加速+4.1 / 25MA上抜け0日目 / 買い出来高優勢
5851,リョービ,非鉄金属,20.5,20.5,1,737,★☆☆☆☆,0.0,9.0,26,-2.6,0.0,2.0,0.0,9.5,0.0,0.0,0.0,,,0.0,5.2,2.2,4.0,2718,2842.0,2.3,1.0,350,高値圏かつ未過熱 / MA上昇配列 / パーフェクトオーダー
8473,ＳＢＩホールディングス,証券、商品先物取引業,20.4,20.4,1,738,★☆☆☆☆,0.0,7.5,31,-1.5,0.0,2.0,0.0,9.0,0.0,1.9,0.0,,,0.0,9.3,2.8,6.3,3115,3299.0,2.1,1.1,12035,高値圏かつ未過熱 / MA上昇配列 / 開示[資本業務提携](5日前)
5142,アキレス,化学,20.3,20.3,1,739,★☆☆☆☆,0.0,7.5,38,-11.7,0.0,5.3,0.0,7.5,0.0,0.0,0.0,,,0.0,41.6,4.6,11.7,1735,1912.0,-4.3,0.7,250,高値圏かつ未過熱 / 買い出来高優勢 / 資金流入増 / MA上昇配列
543A,ＡＲＣＨＩＯＮ,輸送用機器,20.3,20.3,1,740,★☆☆☆☆,0.0,10.0,1,14.6,0.0,5.3,0.0,5.0,0.0,0.0,0.0,,,0.0,5.6,3.1,5.1,271,289.0,6.6,1.2,6906,RS転換1日目 / RS加速+14.6 / 買い出来高優勢
6807,日本航空電子工業,電気機器,20.3,20.3,1,741,★☆☆☆☆,0.0,10.0,1,10.8,0.0,3.3,0.0,7.0,0.0,0.0,0.0,,,0.0,4.5,2.3,5.0,2387,2503.0,3.4,0.9,634,RS転換1日目 / RS加速+10.8 / 買い出来高優勢
3660,アイスタイル,情報・通信業,20.3,20.3,1,742,★☆☆☆☆,0.0,5.5,35,1.7,0.0,4.0,0.0,8.0,0.0,2.8,0.0,,,0.0,19.5,5.1,9.7,478,533.0,2.3,0.6,1005,資金流入増 / MA上昇配列 / 開示[自己株式の取得](1日前)
6302,住友重機械工業,機械,20.3,20.3,1,743,★☆☆☆☆,0.0,9.5,32,-0.3,0.0,1.0,0.0,7.0,0.0,2.8,0.0,,,0.0,6.3,3.6,1.3,5366,5779.0,-1.2,0.7,5608,25MA上抜け8日目 / 高値圏かつ未過熱 / MA上昇配列 / パーフェクトオーダー / 開示[自己株式の取得](1日前)
4848,フルキャストホールディングス,サービス業,20.3,20.3,1,744,★☆☆☆☆,0.0,10.0,1,1.5,0.0,2.0,0.0,5.5,0.0,2.8,0.0,,,0.0,11.4,1.8,5.5,1833,1900.0,1.2,0.7,181,RS転換1日目 / MA上昇配列 / 開示[自己株式の取得](1日前)
5240,ｍｏｎｏＡＩ　ｔｅｃｈｎｏｌｏｇｙ,情報・通信業,20.2,20.2,1,745,★☆☆☆☆,0.0,14.0,1,23.3,0.0,2.0,0.0,4.2,0.0,0.0,0.0,,,0.0,4.3,10.1,3.4,177,221.0,7.3,0.2,308,RS転換1日目 / RS加速+23.3 / 25MA上抜け3日目 / MA上昇配列
2975,スター・マイカ・ホールディングス,不動産業,20.2,20.2,1,746,★☆☆☆☆,0.0,12.0,0,-2.0,0.0,1.0,0.0,7.2,0.0,0.0,0.0,,,0.0,3.1,2.0,1.2,1516,1578.0,-1.2,0.9,214,RS転換0日目 / 高値圏かつ未過熱 / MA上昇配列 / パーフェクトオーダー
9101,日本郵船,海運業,20.2,20.2,1,747,★☆☆☆☆,0.0,7.5,33,-1.8,0.0,2.0,0.0,10.7,0.0,0.0,0.0,,,0.0,14.3,2.9,9.1,6682,7092.0,-0.7,0.6,23822,高値圏かつ未過熱 / MA上昇配列 / パーフェクトオーダー
4204,積水化学工業,化学,20.2,20.2,1,748,★☆☆☆☆,0.0,14.0,0,5.8,0.0,1.0,0.0,5.2,0.0,0.0,0.0,,,0.0,0.2,1.5,0.8,2601,2679.5,2.2,0.9,3680,RS転換0日目 / RS加速+5.8 / 高値圏かつ未過熱 / MA上昇配列
1814,大末建設,建設業,20.2,20.2,1,749,★☆☆☆☆,0.0,14.0,1,6.7,0.0,1.0,0.0,5.2,0.0,0.0,0.0,,,0.0,3.9,1.9,2.2,3574,3715.0,1.6,0.8,350,RS転換1日目 / RS加速+6.7 / 25MA上抜け6日目 / MA上昇配列
6258,平田機工,機械,20.2,20.2,1,750,★☆☆☆☆,0.0,11.0,20,2.3,0.0,2.0,0.0,7.2,0.0,0.0,0.0,,,0.0,18.2,4.5,5.0,3188,3505.0,1.3,0.7,1385,高値圏かつ未過熱 / MA上昇配列 / パーフェクトオーダー
7911,ＴＯＰＰＡＮホールディングス,その他製品,20.1,20.099999999999998,1,751,★☆☆☆☆,0.0,7.0,13,2.9,0.0,2.0,0.0,7.2,0.0,3.9,0.0,,,0.0,6.8,5.1,1.2,4437,4942.0,-0.1,0.8,9431,MA上昇配列 / パーフェクトオーダー / 開示[自己株式の取得](1日前) / 開示[株式分割](6日前)
6337,テセック,機械,20.0,20.0,1,752,★☆☆☆☆,0.0,9.0,23,-25.9,0.0,0.0,0.0,8.2,0.0,2.8,0.0,,,0.0,10.6,4.9,8.6,3111,3450.0,5.3,0.5,235,高値圏かつ未過熱 / MA上昇配列 / パーフェクトオーダー / 開示[自己株式の取得](1日前)
3156,レスター,卸売業,20.0,20.0,1,753,★☆☆☆☆,0.0,6.0,23,-2.1,0.0,2.0,0.0,15.0,0.0,0.0,-3.0,,,0.0,25.6,5.0,17.6,5031,5590.0,16.8,1.1,742,MA上昇配列 / パーフェクトオーダー / 52週高値ブレイク! / 伸びすぎ注意(25MA+18%)
5602,栗本鐵工所,鉄鋼,20.0,20.0,1,754,★☆☆☆☆,0.0,9.5,38,2.3,0.0,4.0,0.0,6.5,0.0,0.0,0.0,,,0.0,14.8,1.8,6.3,1711,1776.0,2.6,0.7,676,高値圏かつ未過熱 / 資金流入増 / MA上昇配列
3635,コーエーテクモホールディングス,情報・通信業,20.0,20.0,1,755,★☆☆☆☆,0.0,10.0,1,1.9,0.0,2.0,0.0,8.0,0.0,0.0,0.0,,,0.0,7.3,2.3,5.3,1659,1738.0,1.9,1.1,1589,RS転換1日目 / MA上昇配列
5976,高周波熱錬,金属製品,20.0,20.0,1,756,★☆☆☆☆,0.0,7.5,34,-1.2,0.0,3.0,0.0,9.5,0.0,0.0,0.0,,,0.0,7.9,1.9,3.7,1470,1527.0,-1.0,0.8,144,高値圏かつ未過熱 / MA上昇配列 / パーフェクトオーダー
3034,クオールホールディングス,小売業,20.0,20.0,1,757,★☆☆☆☆,0.0,7.5,37,-9.8,0.0,4.3,0.0,8.2,0.0,0.0,0.0,,,0.0,11.9,4.2,1.1,2191,2391.0,-8.7,0.5,458,高値圏かつ未過熱 / 買い出来高優勢 / MA上昇配列 / パーフェクトオーダー
8698,マネックスグループ,証券、商品先物取引業,20.0,20.0,1,758,★☆☆☆☆,0.0,10.0,1,5.2,0.0,2.0,0.0,8.0,0.0,0.0,0.0,,,0.0,3.1,2.3,4.2,709,743.0,0.7,0.8,1327,RS転換1日目 / RS加速+5.2 / MA上昇配列
1945,東京エネシス,建設業,20.0,20.0,1,759,★☆☆☆☆,0.0,14.0,1,3.4,0.0,0.0,0.0,6.0,0.0,0.0,0.0,,,0.0,3.0,2.4,3.1,1999,2100.0,2.0,0.9,353,RS転換1日目 / RS加速+3.4 / 25MA上抜け8日目
6433,ヒーハイスト,機械,20.0,20.0,1,760,★☆☆☆☆,0.0,12.0,8,5.2,0.0,2.0,0.0,6.0,0.0,0.0,0.0,,,0.0,22.1,6.2,13.7,996,1136.0,7.4,0.8,184,RS転換8日目 / RS加速+5.2
5410,合同製鐵,鉄鋼,20.0,20.0,1,761,★☆☆☆☆,0.0,10.0,1,1.8,0.0,3.3,0.0,6.7,0.0,0.0,0.0,,,0.0,7.0,1.9,7.0,3043,3160.0,5.0,1.1,247,RS転換1日目 / 買い出来高優勢 / MA上昇配列
3088,マツキヨココカラ＆カンパニー,小売業,20.0,20.0,1,762,★☆☆☆☆,0.0,10.0,0,-1.0,0.0,2.0,0.0,8.0,0.0,0.0,0.0,,,0.0,1.4,1.9,2.4,2507,2605.5,0.2,0.9,3749,RS転換0日目 / 25MA上抜け9日目 / MA上昇配列
7951,ヤマハ,その他製品,20.0,20.0,1,763,★☆☆☆☆,0.0,12.0,1,3.7,0.0,3.0,0.0,5.0,0.0,0.0,0.0,,,0.0,6.9,2.0,2.8,1298,1353.0,2.9,0.6,3449,RS転換1日目 / RS加速+3.7 / MA上昇配列 / パーフェクトオーダー
4686,ジャストシステム,情報・通信業,20.0,20.0,1,764,★☆☆☆☆,0.0,10.0,1,1.5,0.0,2.0,0.0,8.0,0.0,0.0,0.0,,,0.0,3.6,2.2,5.4,4101,4285.0,4.5,1.0,360,RS転換1日目 / MA上昇配列
4011,ヘッドウォータース,情報・通信業,20.0,20.0,1,765,★☆☆☆☆,0.0,9.0,11,9.5,0.0,3.0,0.0,8.0,0.0,0.0,0.0,,,0.0,21.3,6.1,10.1,2094,2388.0,6.1,1.1,133,RS加速+9.5 / MA上昇配列
7794,イーディーピー,その他製品,20.0,20.0,1,766,★☆☆☆☆,0.0,12.0,5,5.5,0.0,2.0,0.0,6.0,0.0,0.0,0.0,,,0.0,11.7,5.3,6.0,878,982.0,-2.4,0.4,378,RS転換5日目 / RS加速+5.5
1930,北陸電気工事,建設業,20.0,20.0,1,767,★☆☆☆☆,0.0,14.0,1,12.7,0.0,0.0,0.0,6.0,0.0,0.0,0.0,,,0.0,3.8,1.9,3.6,1509,1568.0,3.5,0.7,103,RS転換1日目 / RS加速+12.7 / 高値圏かつ未過熱
7504,高速,卸売業,19.9,19.9,1,768,★☆☆☆☆,0.0,7.5,48,-27.6,0.0,1.0,0.0,9.5,0.0,1.9,0.0,,,0.0,0.0,4.6,5.0,4436,4890.0,-1.6,0.5,451,高値圏かつ未過熱 / MA上昇配列 / パーフェクトオーダー / 開示[自己株式の取得](5日前)
9987,スズケン,卸売業,19.9,19.9,1,769,★☆☆☆☆,0.0,10.0,0,6.8,0.0,2.0,0.0,6.0,0.0,1.9,0.0,,,0.0,2.0,1.9,3.3,5036,5231.0,3.2,1.2,826,RS転換0日目 / RS加速+6.8 / 開示[自己株式取得](5日前)
9627,アインホールディングス,小売業,19.9,19.900000000000002,1,770,★☆☆☆☆,0.0,10.0,1,0.7,0.0,3.3,0.0,5.5,0.0,1.1,0.0,,,0.0,4.1,2.0,2.7,5962,6210.0,0.5,0.8,939,RS転換1日目 / 買い出来高優勢 / MA上昇配列 / 開示[買収](8日前)
3139,ラクト・ジャパン,卸売業,19.8,19.8,1,771,★☆☆☆☆,0.0,10.0,0,4.7,0.0,3.3,0.0,6.5,0.0,0.0,0.0,,,0.0,2.3,1.2,2.8,3394,3480.0,1.6,0.8,119,RS転換0日目 / RS加速+4.7 / 買い出来高優勢 / MA上昇配列 / RSI過熱(91)⚠
6231,木村工機,機械,19.8,19.8,1,772,★☆☆☆☆,0.0,12.0,9,6.4,0.0,2.0,0.0,3.0,0.0,2.8,0.0,,,0.0,9.5,3.4,0.8,11947,12820.0,-3.2,0.4,176,RS転換9日目 / RS加速+6.4 / MA上昇配列 / 開示[自己株式の取得](7日前) / 開示[自己株式の取得](8日前)
4680,ラウンドワン,サービス業,19.8,19.8,1,773,★☆☆☆☆,0.0,8.0,2,-0.2,0.0,3.3,0.0,8.5,0.0,0.0,0.0,,,0.0,7.6,3.7,2.6,1238,1336.5,-0.8,0.5,3967,RS転換2日目 / 買い出来高優勢 / MA上昇配列 / パーフェクトオーダー
9706,日本空港ビルデング,不動産業,19.8,19.8,1,774,★☆☆☆☆,0.0,4.0,-1,-4.0,0.0,5.0,0.0,9.7,0.0,1.1,0.0,,,0.0,-1.0,2.4,2.1,5584,5865.0,0.3,1.7,2556,25MA上抜け8日目 / MA上昇配列 / パーフェクトオーダー / 開示[自己株式取得](9日前)
3245,ディア・ライフ,不動産業,19.8,19.8,1,775,★☆☆☆☆,0.0,8.0,1,-0.1,0.0,5.3,0.0,6.5,0.0,0.0,0.0,,,0.0,4.2,1.8,1.9,1105,1147.0,-0.7,1.4,376,RS転換1日目 / 買い出来高優勢 / MA上昇配列
3350,メタプラネット,卸売業,19.8,19.8,1,776,★☆☆☆☆,0.0,10.0,7,-7.8,0.0,4.0,0.0,8.0,0.0,2.8,-5.0,,,0.0,37.5,9.0,28.1,267,326.0,-1.2,1.0,10365,RS転換7日目 / 25MA上抜け8日目 / 資金流入増 / MA上昇配列 / 過熱⚠25MA+28% / 開示[自己株式の取得](1日前)
9348,ｉｓｐａｃｅ,サービス業,19.7,19.7,1,777,★☆☆☆☆,0.0,10.0,1,2.2,6.0,0.0,0.0,3.7,0.0,0.0,0.0,,,0.0,2.9,2.2,1.4,408,427.0,-0.2,0.7,302,RS転換1日目 / 宇宙(-1.3%)
3687,フィックスターズ,情報・通信業,19.7,19.7,1,778,★☆☆☆☆,0.0,14.0,3,3.7,0.0,2.0,0.0,3.7,0.0,0.0,0.0,,,0.0,1.7,4.7,0.3,1987,2194.0,1.0,1.4,1132,RS転換3日目 / RS加速+3.7 / 25MA上抜け3日目
247A,Ａｉロボティクス,化学,19.5,19.5,1,779,★☆☆☆☆,0.0,7.5,44,7.2,0.0,4.0,0.0,8.0,0.0,0.0,0.0,,,0.0,20.6,6.4,12.1,885,1015.0,8.6,0.9,1574,RS加速+7.2 / 資金流入増 / MA上昇配列
3182,オイシックス,小売業,19.5,19.5,1,780,★☆☆☆☆,0.0,8.0,1,-3.3,0.0,4.0,0.0,7.5,0.0,0.0,0.0,,,0.0,2.5,2.8,1.8,1621,1718.0,-2.6,1.5,160,RS転換1日目 / MA上昇配列 / パーフェクトオーダー
8601,大和証券グループ本社,証券、商品先物取引業,19.5,19.5,1,781,★☆☆☆☆,0.0,4.0,-1,4.2,0.0,2.0,0.0,13.5,0.0,0.0,0.0,,,0.0,-0.4,1.9,3.0,1791,1860.5,2.6,0.7,8104,RS加速+4.2 / MA上昇配列 / パーフェクトオーダー / 52週高値目前
8084,ＲＹＯＤＥＮ,卸売業,19.5,19.5,1,782,★☆☆☆☆,0.0,7.5,31,-13.7,0.0,1.0,0.0,11.0,0.0,0.0,0.0,,,0.0,5.1,2.7,5.8,4599,4865.0,3.1,0.9,270,高値圏かつ未過熱 / MA上昇配列 / パーフェクトオーダー / 52週高値目前
9517,イーレックス,電気・ガス業,19.5,19.5,1,783,★☆☆☆☆,0.0,10.0,0,5.3,0.0,2.0,0.0,7.5,0.0,0.0,0.0,,,0.0,2.5,2.7,2.1,832,880.0,1.0,0.5,193,RS転換0日目 / RS加速+5.3 / MA上昇配列 / パーフェクトオーダー
3558,ジェイドグループ,小売業,19.5,19.5,1,784,★☆☆☆☆,0.0,7.5,34,3.2,0.0,2.0,0.0,10.0,0.0,0.0,0.0,,,0.0,9.9,2.1,5.1,1754,1830.0,0.8,0.7,160,RS加速+3.2 / MA上昇配列 / パーフェクトオーダー
4343,イオンファンタジー,サービス業,19.5,19.5,1,785,★☆☆☆☆,0.0,10.0,1,0.5,0.0,4.0,0.0,5.5,0.0,0.0,0.0,,,0.0,3.6,2.0,1.0,2712,2827.0,-1.1,1.4,271,RS転換1日目 / MA上昇配列
4911,資生堂,化学,19.5,19.5,1,786,★☆☆☆☆,0.0,10.0,2,1.4,0.0,2.0,0.0,7.5,0.0,0.0,0.0,,,0.0,12.4,3.2,3.0,3387,3620.0,-1.8,0.9,10861,RS転換2日目 / MA上昇配列 / パーフェクトオーダー
6016,ジャパンエンジンコーポレーション,輸送用機器,19.5,19.5,1,787,★☆☆☆☆,0.0,7.5,33,6.2,0.0,4.0,0.0,8.0,0.0,0.0,0.0,,,0.0,10.4,6.3,8.0,9317,10670.0,4.3,1.5,1358,RS加速+6.2 / MA上昇配列
2733,あらた,卸売業,19.5,19.5,1,788,★☆☆☆☆,0.0,12.0,1,0.7,0.0,2.0,0.0,5.5,0.0,0.0,0.0,,,0.0,2.7,1.2,3.1,2653,2717.0,0.3,1.1,210,RS転換1日目 / 25MA上抜け10日目 / MA上昇配列 / RSI過熱(87)⚠
7094,ＮｅｘＴｏｎｅ,サービス業,19.5,19.5,1,789,★☆☆☆☆,0.0,7.5,41,3.3,0.0,4.0,0.0,8.0,0.0,0.0,0.0,,,0.0,24.4,4.0,11.9,1745,1898.0,9.1,1.0,234,RS加速+3.3 / 資金流入増 / MA上昇配列
1301,極洋,水産・農林業,19.5,19.5,1,790,★☆☆☆☆,0.0,12.0,1,-0.1,0.0,1.0,0.0,6.5,0.0,0.0,0.0,,,0.0,1.8,1.4,1.5,4599,4730.0,-0.4,0.9,208,RS転換1日目 / 高値圏かつ未過熱 / MA上昇配列
6814,古野電気,電気機器,19.5,19.5,1,791,★☆☆☆☆,0.0,12.0,3,7.4,0.0,3.3,0.0,4.2,0.0,0.0,0.0,,,0.0,6.1,3.4,1.9,7173,7690.0,1.6,0.7,2208,RS転換3日目 / RS加速+7.4 / 買い出来高優勢 / MA上昇配列
6381,アネスト岩田,機械,19.5,19.5,1,792,★☆☆☆☆,0.0,7.5,44,-5.3,0.0,1.0,0.0,11.0,0.0,0.0,0.0,,,0.0,2.7,1.6,3.7,1916,1980.0,1.0,0.8,183,高値圏かつ未過熱 / MA上昇配列 / パーフェクトオーダー / 52週高値目前
6794,フォスター電機,電気機器,19.5,19.5,1,793,★☆☆☆☆,0.0,9.0,22,-3.4,0.0,2.0,0.0,8.5,0.0,0.0,0.0,,,0.0,2.3,3.8,2.0,2782,3010.0,-2.4,0.5,576,高値圏かつ未過熱 / MA上昇配列 / パーフェクトオーダー
5929,三和ホールディングス,金属製品,19.5,19.5,1,794,★☆☆☆☆,0.0,10.0,1,9.2,0.0,1.0,0.0,5.7,0.0,2.8,0.0,,,0.0,1.3,2.0,0.9,3536,3682.0,1.0,0.9,2069,RS転換1日目 / RS加速+9.2 / MA上昇配列 / 開示[自己株式の取得](1日前)
3762,テクマトリックス,情報・通信業,19.3,19.3,1,795,★☆☆☆☆,0.0,7.5,35,-14.8,0.0,0.0,0.0,9.0,0.0,2.8,0.0,,,0.0,3.9,2.5,7.8,2363,2485.0,5.0,0.7,538,高値圏かつ未過熱 / MA上昇配列 / 52週高値目前 / 開示[自己株式の取得](1日前)
6036,ＫｅｅＰｅｒ技研,サービス業,19.3,19.3,1,796,★☆☆☆☆,0.0,7.0,13,1.6,0.0,4.3,0.0,8.0,0.0,0.0,0.0,,,0.0,18.7,4.1,10.8,3087,3365.0,2.4,1.0,483,買い出来高優勢 / MA上昇配列
4985,アース製薬,化学,19.3,19.3,1,797,★☆☆☆☆,0.0,8.0,1,-1.2,0.0,3.3,0.0,8.0,0.0,0.0,0.0,,,0.0,2.2,1.2,2.0,4799,4915.0,0.0,0.8,313,RS転換1日目 / 買い出来高優勢 / MA上昇配列
4396,システムサポートホールディングス,情報・通信業,19.3,19.3,1,798,★☆☆☆☆,0.0,7.5,41,5.7,0.0,5.3,0.0,6.5,0.0,0.0,0.0,,,0.0,25.1,4.0,11.7,1316,1432.0,4.7,0.8,204,RS加速+5.7 / 買い出来高優勢 / 資金流入増 / MA上昇配列
2986,ＬＡホールディングス,不動産業,19.3,19.3,1,799,★☆☆☆☆,0.0,10.0,1,2.1,0.0,3.3,0.0,6.0,0.0,0.0,0.0,,,0.0,3.6,1.8,2.5,2737,2842.0,0.4,0.5,479,RS転換1日目 / 買い出来高優勢
2695,くら寿司,小売業,19.3,19.3,1,800,★☆☆☆☆,0.0,8.0,1,-2.0,0.0,3.3,0.0,8.0,0.0,0.0,0.0,,,0.0,3.2,1.6,3.0,1692,1748.0,0.1,0.9,389,RS転換1日目 / 買い出来高優勢 / MA上昇配列
4082,第一稀元素化学工業,化学,19.3,19.3,1,801,★☆☆☆☆,0.0,9.0,16,37.4,0.0,7.3,0.0,8.0,0.0,0.0,-5.0,,,0.0,48.8,6.7,30.7,2359,2726.0,30.4,2.6,3588,RS加速+37.4 / 出来高増2.6倍 / 資金流入増 / MA上昇配列 / 過熱⚠25MA+31%
7181,かんぽ生命保険,保険業,19.3,19.3,1,802,★☆☆☆☆,0.0,4.0,-1,5.4,0.0,3.3,0.0,12.0,0.0,0.0,0.0,,,0.0,-3.4,2.3,1.5,1644,1722.0,3.5,1.0,4282,RS加速+5.4 / 買い出来高優勢 / MA上昇配列 / パーフェクトオーダー
2325,ＮＪＳ,サービス業,19.3,19.3,1,803,★☆☆☆☆,0.0,10.0,1,0.7,0.0,3.3,0.0,6.0,0.0,0.0,0.0,,,0.0,6.8,2.7,3.1,4534,4790.0,-0.8,0.9,156,RS転換1日目 / 買い出来高優勢
4189,ＫＨネオケム,化学,19.2,19.2,1,804,★☆☆☆☆,0.0,9.5,45,-5.3,0.0,0.0,0.0,9.7,0.0,0.0,0.0,,,0.0,5.1,2.5,3.3,3296,3470.0,0.0,0.4,581,25MA上抜け8日目 / 高値圏かつ未過熱 / MA上昇配列 / パーフェクトオーダー / 52週高値目前
4324,電通グループ,サービス業,19.2,19.2,1,805,★☆☆☆☆,0.0,12.0,1,2.1,0.0,1.0,0.0,6.2,0.0,0.0,0.0,,,0.0,2.9,3.4,2.8,3472,3726.0,2.3,0.8,4456,RS転換1日目 / 25MA上抜け2日目 / MA上昇配列 / パーフェクトオーダー
6742,京三製作所,電気機器,19.2,19.2,1,806,★☆☆☆☆,0.0,9.0,24,-1.5,0.0,2.0,0.0,8.2,0.0,0.0,0.0,,,0.0,10.3,4.3,3.9,938,1026.0,-0.6,0.8,317,高値圏かつ未過熱 / MA上昇配列 / パーフェクトオーダー
6741,日本信号,電気機器,19.2,19.2,1,807,★☆☆☆☆,0.0,7.5,35,-2.1,0.0,2.0,0.0,9.7,0.0,0.0,0.0,,,0.0,13.3,2.5,4.9,1778,1870.0,0.2,0.4,427,高値圏かつ未過熱 / MA上昇配列 / パーフェクトオーダー / 52週高値目前
1980,ダイダン,建設業,19.0,19.0,1,808,★☆☆☆☆,0.0,9.0,13,14.2,0.0,2.0,0.0,8.0,0.0,0.0,0.0,,,0.0,16.6,3.5,7.1,2648,2845.0,4.3,0.5,2112,RS加速+14.2 / MA上昇配列
7148,ＦＰＧ,証券、商品先物取引業,19.0,19.0,1,809,★☆☆☆☆,0.0,10.0,0,-0.7,0.0,1.0,0.0,8.0,0.0,0.0,0.0,,,0.0,0.7,1.6,4.9,1674,1730.0,3.4,1.4,820,RS転換0日目 / 25MA上抜け8日目 / MA上昇配列
5563,新日本電工,鉄鋼,19.0,19.0,1,810,★☆☆☆☆,0.0,10.0,10,1.9,0.0,2.0,0.0,7.0,0.0,0.0,0.0,,,0.0,4.9,3.0,6.0,433,461.0,4.1,1.3,372,RS転換10日目
8283,ＰＡＬＴＡＣ,卸売業,19.0,19.0,1,811,★☆☆☆☆,0.0,7.0,19,-6.3,0.0,1.0,0.0,11.0,0.0,0.0,0.0,,,0.0,-3.3,0.4,0.1,6583,6630.0,0.0,0.0,1134,高値圏かつ未過熱 / MA上昇配列 / パーフェクトオーダー / 52週高値目前
9974,ベルク,小売業,19.0,19.0,1,812,★☆☆☆☆,0.0,8.0,1,-1.5,0.0,2.0,0.0,9.0,0.0,0.0,0.0,,,0.0,1.8,1.7,2.8,6583,6820.0,0.5,0.9,190,RS転換1日目 / MA上昇配列
6619,ダブル・スコープ,電気機器,19.0,19.0,1,813,★☆☆☆☆,0.0,14.0,3,5.8,0.0,0.0,0.0,5.0,0.0,0.0,0.0,,,0.0,4.4,3.5,3.7,149,160.0,3.9,0.9,312,RS転換3日目 / RS加速+5.8 / 25MA上抜け5日目
350A,デジタルグリッド,電気・ガス業,19.0,19.0,1,814,★☆☆☆☆,0.0,12.0,8,0.1,0.0,1.0,0.0,6.0,0.0,0.0,0.0,,,0.0,3.5,2.9,4.2,751,797.0,0.4,1.4,183,RS転換8日目 / 25MA上抜け8日目
2962,テクニスコ,金属製品,19.0,19.0,1,815,★☆☆☆☆,0.0,8.0,10,-3.6,0.0,1.0,0.0,10.0,0.0,0.0,0.0,,,0.0,29.1,13.1,7.3,1125,1524.0,-5.8,0.7,750,RS転換10日目 / MA上昇配列 / パーフェクトオーダー
9072,ニッコンホールディングス,陸運業,19.0,19.0,1,816,★☆☆☆☆,0.0,10.0,10,0.7,0.0,2.0,0.0,7.0,0.0,0.0,0.0,,,0.0,6.0,2.9,3.0,5173,5492.0,1.1,0.8,1156,RS転換10日目
8818,京阪神ビルディング,不動産業,19.0,19.0,1,817,★☆☆☆☆,0.0,6.0,-1,0.7,0.0,1.0,0.0,12.0,0.0,0.0,0.0,,,0.0,-2.1,2.1,1.3,1069,1116.0,0.6,1.3,393,25MA上抜け8日目 / MA上昇配列 / パーフェクトオーダー
7550,ゼンショーホールディングス,小売業,19.0,19.0,1,818,★☆☆☆☆,0.0,7.5,41,-7.5,0.0,2.0,0.0,9.5,0.0,0.0,0.0,,,0.0,11.6,2.7,4.8,10967,11590.0,-0.8,0.9,6493,高値圏かつ未過熱 / MA上昇配列 / パーフェクトオーダー
4203,住友ベークライト,化学,19.0,19.0,1,819,★☆☆☆☆,0.0,11.0,20,-8.6,0.0,1.0,0.0,7.0,0.0,0.0,0.0,,,0.0,1.0,3.2,2.8,7046,7530.0,2.1,0.6,6054,25MA上抜け6日目 / 高値圏かつ未過熱 / MA上昇配列 / パーフェクトオーダー
6430,ダイコク電機,機械,19.0,19.0,1,820,★☆☆☆☆,0.0,10.0,1,0.7,0.0,1.0,0.0,8.0,0.0,0.0,0.0,,,0.0,2.5,1.4,3.5,2474,2548.0,1.8,0.8,105,RS転換1日目 / MA上昇配列
4620,藤倉化成,化学,19.0,19.0,1,821,★☆☆☆☆,0.0,12.0,7,7.1,0.0,1.0,0.0,6.0,0.0,0.0,0.0,,,0.0,13.0,3.0,6.7,926,986.0,3.0,1.0,128,RS転換7日目 / RS加速+7.1
4058,トヨクモ,情報・通信業,19.0,19.0,1,822,★☆☆☆☆,0.0,8.0,2,-0.9,0.0,3.0,0.0,8.0,0.0,0.0,0.0,,,0.0,6.7,4.4,6.4,2335,2562.0,6.9,0.6,129,RS転換2日目 / 資金流入増 / MA上昇配列
9270,バリュエンスホールディングス,卸売業,19.0,19.0,1,823,★☆☆☆☆,0.0,12.0,8,5.3,0.0,1.0,0.0,6.0,0.0,0.0,0.0,,,0.0,13.3,3.7,7.4,1958,2112.0,3.4,1.1,129,RS転換8日目 / RS加速+5.3
5838,楽天銀行,銀行業,19.0,19.0,1,824,★☆☆☆☆,0.0,9.0,13,5.0,0.0,2.0,0.0,8.0,0.0,0.0,0.0,,,0.0,17.9,3.7,8.3,5947,6416.0,-0.6,0.6,7422,RS加速+5.0 / MA上昇配列
6085,アーキテクツ・スタジオ・ジャパン,サービス業,19.0,19.0,1,825,★☆☆☆☆,0.0,14.0,7,141.8,0.0,5.3,0.0,4.7,0.0,0.0,-5.0,,,0.0,205.5,15.9,83.3,147,216.0,16.8,1.1,1981,RS転換7日目 / RS加速+141.8 / 25MA上抜け7日目 / 買い出来高優勢 / 資金流入増 / 過熱⚠25MA+83%
3231,野村不動産ホールディングス,不動産業,19.0,19.0,1,826,★☆☆☆☆,0.0,10.0,0,7.1,0.0,2.0,0.0,7.0,0.0,0.0,0.0,,,0.0,2.3,1.1,2.4,927,948.2999877929688,1.4,1.0,4090,RS転換0日目 / RS加速+7.1
7607,進和,卸売業,19.0,19.0,1,827,★☆☆☆☆,0.0,6.0,-1,0.1,0.0,1.0,0.0,12.0,0.0,0.0,0.0,,,0.0,-2.2,1.4,1.0,3022,3110.0,0.9,0.7,135,25MA上抜け1日目 / MA上昇配列 / パーフェクトオーダー
4668,明光ネットワークジャパン,サービス業,19.0,19.0,1,828,★☆☆☆☆,0.0,6.0,-1,1.6,0.0,2.0,0.0,11.0,0.0,0.0,0.0,,,0.0,-0.3,1.3,0.6,751,770.0,-0.9,0.8,130,25MA上抜け6日目 / MA上昇配列 / パーフェクトオーダー / 52週高値目前
6027,弁護士ドットコム,サービス業,18.8,18.8,1,829,★☆☆☆☆,0.0,9.0,16,42.2,0.0,5.3,0.0,6.7,0.0,2.8,-5.0,,,0.0,128.4,10.2,49.4,4195,5270.0,21.3,1.0,2181,RS加速+42.2 / 買い出来高優勢 / 資金流入増 / MA上昇配列 / 過熱⚠25MA+49% / 開示[自己株式の取得](1日前)
5027,ＡｎｙＭｉｎｄ　Ｇｒｏｕｐ,情報・通信業,18.8,18.8,1,830,★☆☆☆☆,0.0,3.5,41,-0.8,0.0,5.3,0.0,10.0,0.0,0.0,0.0,,,0.0,37.5,6.5,13.8,666,766.0,-2.3,0.8,392,買い出来高優勢 / 資金流入増 / MA上昇配列 / パーフェクトオーダー
4072,電算システムホールディングス,情報・通信業,18.8,18.8,1,831,★☆☆☆☆,0.0,10.0,1,1.4,0.0,3.3,0.0,5.5,0.0,0.0,0.0,,,0.0,3.8,2.5,3.0,2961,3115.0,2.6,0.7,120,RS転換1日目 / 買い出来高優勢 / MA上昇配列
1961,三機工業,建設業,18.8,18.8,1,832,★☆☆☆☆,0.0,10.0,3,12.0,0.0,1.0,0.0,5.0,0.0,2.8,0.0,,,0.0,8.0,3.1,3.5,2316,2468.0,2.4,0.4,1660,RS転換3日目 / RS加速+12.0 / 開示[自己株式の取得](1日前)
4259,エクサウィザーズ,情報・通信業,18.8,18.8,1,833,★☆☆☆☆,0.0,14.0,2,14.3,0.0,1.0,0.0,3.7,0.0,0.1,0.0,,,0.0,4.7,5.9,5.9,738,837.0,11.6,0.5,1377,RS転換2日目 / RS加速+14.3 / 25MA上抜け3日目 / 開示[AI](13日前)
9369,キユーソー流通システム,倉庫・運輸関連業,18.7,18.7,1,834,★☆☆☆☆,0.0,12.0,2,-1.5,0.0,1.0,0.0,5.7,0.0,0.0,0.0,,,0.0,5.9,2.8,4.3,2991,3170.0,0.0,1.1,117,RS転換2日目 / 高値圏かつ未過熱
3276,ＪＰＭＣ,不動産業,18.7,18.7,1,835,★☆☆☆☆,0.0,7.5,38,-3.5,0.0,3.0,0.0,8.2,0.0,0.0,0.0,,,0.0,20.3,0.7,3.9,2216,2247.0,0.0,0.6,808,高値圏かつ未過熱 / 資金流入増 / MA上昇配列 / パーフェクトオーダー
4052,フィーチャ,情報・通信業,18.7,18.7,1,836,★☆☆☆☆,0.0,7.5,34,23.1,0.0,8.7,0.0,7.5,0.0,0.0,-5.0,,,0.0,48.9,15.5,25.1,442,641.0,25.7,6.2,743,RS加速+23.1 / 出来高急増6.2倍 / 資金流入増 / MA上昇配列 / パーフェクトオーダー / 過熱⚠25MA+25%
8159,立花エレテック,卸売業,18.7,18.7,1,837,★☆☆☆☆,0.0,7.5,37,-4.6,0.0,3.0,0.0,8.2,0.0,0.0,0.0,,,0.0,12.3,3.3,4.8,3859,4135.0,1.6,0.8,279,高値圏かつ未過熱 / 資金流入増 / MA上昇配列 / パーフェクトオーダー
5938,ＬＩＸＩＬ,金属製品,18.7,18.7,1,838,★☆☆☆☆,0.0,10.0,0,9.5,0.0,1.0,0.0,7.7,0.0,0.0,0.0,,,0.0,1.3,1.2,0.9,1753,1794.0,1.3,1.1,3433,RS転換0日目 / RS加速+9.5 / MA上昇配列 / パーフェクトオーダー
9009,京成電鉄,陸運業,18.7,18.7,1,839,★☆☆☆☆,0.0,10.0,1,1.7,0.0,2.0,0.0,6.7,0.0,0.0,0.0,,,0.0,4.2,1.8,3.9,1309,1357.0,1.2,1.2,2023,RS転換1日目 / MA上昇配列
6963,ローム,電気機器,18.7,18.7,1,840,★☆☆☆☆,0.0,12.0,5,9.8,0.0,1.0,0.0,5.7,0.0,0.0,0.0,,,0.0,10.3,4.9,5.2,4427,4904.0,3.9,0.7,17184,RS転換5日目 / RS加速+9.8
6862,ミナトホールディングス,電気機器,18.6,18.6,1,841,★☆☆☆☆,0.0,5.0,21,-26.5,0.0,5.3,0.0,8.5,0.0,2.8,-3.0,,,0.0,63.6,9.7,19.9,2842,3525.0,-0.6,0.4,1744,買い出来高優勢 / 資金流入増 / MA上昇配列 / パーフェクトオーダー / 伸びすぎ注意(25MA+20%) / 開示[自己株式の取得](1日前)
5943,ノーリツ,金属製品,18.6,18.6,1,842,★☆☆☆☆,0.0,2.0,-1,-0.3,0.0,4.3,0.0,9.5,0.0,2.8,0.0,,,0.0,-0.1,1.3,1.0,2360,2425.0,-0.4,1.5,207,買い出来高優勢 / MA上昇配列 / パーフェクトオーダー / 開示[自己株式の取得](1日前)
8167,リテールパートナーズ,小売業,18.6,18.599999999999998,1,843,★☆☆☆☆,0.0,8.0,0,-3.5,0.0,4.0,0.0,6.2,0.0,0.4,0.0,,,0.0,0.9,2.7,0.4,1322,1396.0,-0.9,0.5,342,RS転換0日目 / 資金流入増 / MA上昇配列 / パーフェクトオーダー / 開示[自己株式の取得](12日前)
3901,マークラインズ,情報・通信業,18.6,18.6,1,844,★☆☆☆☆,0.0,5.0,16,-2.2,0.0,5.3,0.0,5.5,0.0,2.8,0.0,,,0.0,11.3,2.8,2.8,1458,1544.0,-1.4,0.8,190,買い出来高優勢 / 資金流入増 / MA上昇配列 / 開示[自己株式の取得](1日前)
6523,ＰＨＣホールディングス,電気機器,18.5,18.5,1,845,★☆☆☆☆,0.0,7.5,34,10.2,0.0,5.3,0.0,8.7,0.0,0.0,-3.0,,,0.0,44.3,3.3,18.5,1486,1590.0,5.9,0.9,1264,RS加速+10.2 / 買い出来高優勢 / 資金流入増 / MA上昇配列 / パーフェクトオーダー / 伸びすぎ注意(25MA+19%)
8304,あおぞら銀行,銀行業,18.5,18.5,1,846,★☆☆☆☆,0.0,7.5,41,-1.1,0.0,0.0,0.0,11.0,0.0,0.0,0.0,,,0.0,4.9,2.5,5.4,3294,3467.0,3.3,0.7,4938,高値圏かつ未過熱 / MA上昇配列 / パーフェクトオーダー / 52週高値目前
7839,ＳＨＯＥＩ,その他製品,18.5,18.5,1,847,★☆☆☆☆,0.0,8.0,1,-3.6,0.0,3.0,0.0,7.5,0.0,0.0,0.0,,,0.0,1.2,1.8,2.6,2018,2093.0,1.0,1.3,371,RS転換1日目 / MA上昇配列 / パーフェクトオーダー
6986,双葉電子工業,電気機器,18.5,18.5,1,848,★☆☆☆☆,0.0,8.5,31,9.2,0.0,3.0,0.0,10.0,0.0,0.0,-3.0,,,0.0,21.8,4.4,15.3,707,775.0,13.1,0.9,292,RS加速+9.2 / MA上昇配列 / 伸びすぎ注意(25MA+15%)
4570,免疫生物研究所,医薬品,18.5,18.5,1,849,★☆☆☆☆,0.0,7.5,35,4.1,0.0,3.0,0.0,8.0,0.0,0.0,0.0,,,0.0,11.5,5.2,5.3,955,1066.0,0.2,0.8,156,RS加速+4.1 / MA上昇配列
5246,ＥＬＥＭＥＮＴＳ,情報・通信業,18.5,18.5,1,850,★☆☆☆☆,0.0,7.5,41,9.7,0.0,1.0,0.0,10.0,0.0,0.0,0.0,,,0.0,13.2,5.0,5.8,785,872.0,5.3,1.1,422,RS加速+9.7 / MA上昇配列 / パーフェクトオーダー
4109,ステラ　ケミファ,化学,18.5,18.5,1,851,★☆☆☆☆,0.0,10.0,4,3.7,0.0,2.0,0.0,3.7,0.0,2.8,0.0,,,0.0,3.1,2.9,0.4,5087,5400.0,-1.1,0.5,531,RS転換4日目 / RS加速+3.7 / 開示[自己株式の取得](1日前)
8795,Ｔ＆Ｄホールディングス,保険業,18.5,18.5,1,852,★☆☆☆☆,0.0,4.0,-1,5.9,0.0,2.0,0.0,9.7,0.0,2.8,0.0,,,0.0,-3.4,2.2,0.8,4731,4950.0,3.8,0.9,7759,RS加速+5.9 / MA上昇配列 / パーフェクトオーダー / 開示[自己株式の取得](1日前)
5262,日本ヒューム,ガラス・土石製品,18.5,18.5,1,853,★☆☆☆☆,0.0,7.5,31,3.5,0.0,3.0,0.0,8.0,0.0,0.0,0.0,,,0.0,8.5,2.6,4.6,1100,1160.0,1.5,0.7,280,RS加速+3.5 / MA上昇配列
4689,ＬＩＮＥヤフー,情報・通信業,18.5,18.5,1,854,★☆☆☆☆,0.0,5.5,38,1.5,0.0,4.3,0.0,8.7,0.0,0.0,0.0,,,0.0,22.5,2.6,11.9,531,560.5999755859375,3.8,1.0,10808,買い出来高優勢 / MA上昇配列 / パーフェクトオーダー
4549,栄研化学,医薬品,18.3,18.3,1,855,★☆☆☆☆,0.0,10.0,1,18.7,0.0,3.3,0.0,5.0,0.0,0.0,0.0,,,0.0,9.4,2.5,1.9,2227,2342.0,0.1,0.8,517,RS転換1日目 / RS加速+18.7 / 買い出来高優勢
7138,ＴＯＲＩＣＯ,小売業,18.3,18.3,1,856,★☆☆☆☆,0.0,10.0,7,-7.7,0.0,5.3,0.0,8.0,0.0,0.0,-5.0,,,0.0,35.1,10.8,21.0,136,174.0,-12.6,0.3,402,RS転換7日目 / 25MA上抜け8日目 / 買い出来高優勢 / 資金流入増 / MA上昇配列 / 過熱⚠25MA+21%
290A,Ｓｙｎｓｐｅｃｔｉｖｅ,情報・通信業,18.3,18.3,1,857,★☆☆☆☆,0.0,9.0,19,5.2,0.0,3.3,0.0,6.0,0.0,0.0,0.0,,,0.0,29.1,5.6,11.8,1344,1514.0,5.9,0.8,2209,RS加速+5.2 / 買い出来高優勢
3733,ソフトウェア・サービス,情報・通信業,18.3,18.3,1,858,★☆☆☆☆,0.0,7.0,16,0.3,0.0,3.3,0.0,8.0,0.0,0.0,0.0,,,0.0,14.2,3.0,6.6,11826,12580.0,1.4,0.8,105,買い出来高優勢 / MA上昇配列
3486,グローバル・リンク・マネジメント,不動産業,18.3,18.3,1,859,★☆☆☆☆,0.0,8.0,0,-0.9,0.0,2.0,0.0,5.5,0.0,2.8,0.0,,,0.0,0.3,2.0,1.6,1900,1977.0,0.3,0.4,104,RS転換0日目 / MA上昇配列 / 開示[自己株式の取得](1日前)
2664,カワチ薬品,小売業,18.2,18.2,1,860,★☆☆☆☆,0.0,9.0,26,-4.2,0.0,1.0,0.0,8.2,0.0,0.0,0.0,,,0.0,7.6,2.4,0.1,3466,3640.0,-3.3,1.0,388,高値圏かつ未過熱 / MA上昇配列 / パーフェクトオーダー
3001,片倉工業,繊維製品,18.2,18.2,1,861,★☆☆☆☆,0.0,12.0,1,-2.3,0.0,0.0,0.0,6.2,0.0,0.0,0.0,,,0.0,3.6,2.3,4.1,2902,3040.0,2.9,0.9,111,RS転換1日目 / 高値圏かつ未過熱 / MA上昇配列
4483,ＪＭＤＣ,情報・通信業,18.2,18.2,1,862,★☆☆☆☆,0.0,12.0,2,9.9,0.0,2.0,0.0,4.2,0.0,0.0,0.0,,,0.0,12.5,3.5,3.3,3220,3465.0,1.2,0.9,1291,RS転換2日目 / RS加速+9.9 / MA上昇配列
6417,ＳＡＮＫＹＯ,機械,18.0,18.0,1,863,★☆☆☆☆,0.0,8.0,1,-2.0,0.0,2.0,0.0,8.0,0.0,0.0,0.0,,,0.0,6.6,1.9,5.6,1954,2031.0,3.1,1.2,1950,RS転換1日目 / MA上昇配列
3696,セレス,情報・通信業,18.0,18.0,1,864,★☆☆☆☆,0.0,8.0,1,-6.2,0.0,0.0,0.0,10.0,0.0,0.0,0.0,,,0.0,1.6,4.2,3.0,2034,2223.0,-3.3,0.5,378,RS転換1日目 / MA上昇配列 / パーフェクトオーダー
7637,白銅,卸売業,18.0,18.0,1,865,★☆☆☆☆,0.0,9.0,27,-4.5,0.0,2.0,0.0,7.0,0.0,0.0,0.0,,,0.0,4.5,4.0,2.4,3470,3775.0,0.7,0.6,213,高値圏かつ未過熱 / MA上昇配列 / パーフェクトオーダー
3962,チェンジホールディングス,情報・通信業,18.0,18.0,1,866,★☆☆☆☆,0.0,8.0,1,-3.0,0.0,2.0,0.0,8.0,0.0,0.0,0.0,,,0.0,3.5,2.4,4.4,975,1025.0,1.6,0.9,242,RS転換1日目 / MA上昇配列
8136,サンリオ,卸売業,18.0,18.0,1,867,★☆☆☆☆,0.0,6.0,-1,2.8,0.0,2.0,0.0,10.0,0.0,0.0,0.0,,,0.0,-1.1,4.0,4.1,1212,1317.5,8.5,0.9,33418,25MA上抜け2日目 / MA上昇配列 / パーフェクトオーダー
7965,象印マホービン,電気機器,18.0,18.0,1,868,★☆☆☆☆,0.0,8.0,0,-2.2,0.0,2.0,0.0,8.0,0.0,0.0,0.0,,,0.0,0.2,1.3,1.3,1438,1477.0,-0.5,0.9,189,RS転換0日目 / MA上昇配列
6277,ホソカワミクロン,機械,18.0,18.0,1,869,★☆☆☆☆,0.0,9.0,30,3.0,0.0,0.0,0.0,9.0,0.0,0.0,0.0,,,0.0,7.3,2.6,5.9,5246,5530.0,4.1,1.0,186,25MA上抜け8日目 / MA上昇配列
1417,ミライト・ワン,建設業,18.0,18.0,1,870,★☆☆☆☆,0.0,10.0,0,8.1,0.0,1.0,0.0,7.0,0.0,0.0,0.0,,,0.0,4.5,1.7,4.5,3570,3696.0,2.9,0.7,901,RS転換0日目 / RS加速+8.1
6328,荏原実業,機械,18.0,18.0,1,871,★☆☆☆☆,0.0,4.0,-1,-2.8,0.0,3.0,0.0,11.0,0.0,0.0,0.0,,,0.0,-4.4,2.5,1.9,2308,2428.0,0.5,0.8,348,25MA上抜け8日目 / 資金流入増 / MA上昇配列 / パーフェクトオーダー
5408,中山製鋼所,鉄鋼,18.0,18.0,1,872,★☆☆☆☆,0.0,6.0,-1,2.5,0.0,2.0,0.0,10.0,0.0,0.0,0.0,,,0.0,-1.5,1.8,2.1,634,658.0,3.6,1.1,181,25MA上抜け0日目 / MA上昇配列 / パーフェクトオーダー
2874,横浜冷凍,卸売業,18.0,18.0,1,873,★☆☆☆☆,0.0,10.0,1,5.3,0.0,1.0,0.0,7.0,0.0,0.0,0.0,,,0.0,1.6,3.8,1.9,2010,2173.0,2.8,0.8,420,RS転換1日目 / RS加速+5.3
2780,コメ兵ホールディングス,小売業,18.0,18.0,1,874,★☆☆☆☆,0.0,14.0,1,9.9,0.0,2.0,0.0,2.0,0.0,0.0,0.0,,,0.0,5.6,4.3,1.9,4824,5280.0,4.6,0.6,778,RS転換1日目 / RS加速+9.9 / 高値圏かつ未過熱 / 資金流入増
8056,ＢＩＰＲＯＧＹ,情報・通信業,18.0,18.0,1,875,★☆☆☆☆,0.0,8.0,-1,4.1,0.0,2.0,0.0,8.0,0.0,0.0,0.0,,,0.0,-2.1,2.4,3.7,4585,4818.0,4.1,0.5,2644,RS加速+4.1 / 25MA上抜け4日目 / MA上昇配列
4575,キャンバス,医薬品,18.0,18.0,1,876,★☆☆☆☆,0.0,9.0,11,13.3,0.0,1.0,0.0,8.0,0.0,0.0,0.0,,,0.0,14.2,5.4,10.0,764,856.0,8.8,0.4,187,RS加速+13.3 / MA上昇配列
3922,ＰＲ　ＴＩＭＥＳ,情報・通信業,18.0,18.0,1,877,★☆☆☆☆,0.0,10.0,1,2.1,0.0,2.0,0.0,6.0,0.0,0.0,0.0,,,0.0,2.5,2.0,2.6,2087,2174.0,-0.1,1.2,110,RS転換1日目
4418,ＪＤＳＣ,情報・通信業,18.0,18.0,1,878,★☆☆☆☆,0.0,12.0,10,20.5,0.0,4.3,0.0,6.7,0.0,0.0,-5.0,,,0.0,39.7,6.3,22.3,979,1119.0,10.8,0.7,317,RS転換10日目 / RS加速+20.5 / 買い出来高優勢 / MA上昇配列 / 過熱⚠25MA+22%
1887,日本国土開発,建設業,18.0,18.0,1,879,★☆☆☆☆,0.0,8.0,1,-1.0,0.0,2.0,0.0,8.0,0.0,0.0,0.0,,,0.0,3.3,1.5,3.6,537,554.0,0.5,0.9,151,RS転換1日目 / MA上昇配列
1813,不動テトラ,建設業,18.0,18.0,1,880,★☆☆☆☆,0.0,8.0,1,-2.2,0.0,2.0,0.0,8.0,0.0,0.0,0.0,,,0.0,1.3,2.0,2.7,2754,2868.0,-0.0,0.7,186,RS転換1日目 / MA上昇配列
4461,第一工業製薬,化学,18.0,18.0,1,881,★☆☆☆☆,0.0,9.0,21,-18.8,0.0,3.0,0.0,6.0,0.0,0.0,0.0,,,0.0,14.3,5.7,4.2,12306,13890.0,2.9,0.7,2842,高値圏かつ未過熱 / MA上昇配列 / パーフェクトオーダー
9416,ビジョン,情報・通信業,18.0,18.0,1,882,★☆☆☆☆,0.0,8.0,0,-1.6,0.0,2.0,0.0,8.0,0.0,0.0,0.0,,,0.0,0.2,1.7,1.8,1025,1060.0,0.6,0.9,330,RS転換0日目 / MA上昇配列
219A,Ｈｅａｒｔｓｅｅｄ,医薬品,18.0,18.0,1,883,★☆☆☆☆,0.0,9.0,30,6.5,0.0,7.3,0.0,6.7,0.0,0.0,-5.0,,,0.0,44.0,6.5,21.4,2135,2455.0,2.9,2.3,1010,RS加速+6.5 / 出来高増2.3倍 / 資金流入増 / MA上昇配列 / 過熱⚠25MA+21%
4732,ユー・エス・エス,サービス業,18.0,18.0,1,884,★☆☆☆☆,0.0,6.0,-1,1.5,0.0,0.0,0.0,12.0,0.0,0.0,0.0,,,0.0,-1.1,1.3,1.3,1965,2019.0,2.2,0.8,1963,25MA上抜け1日目 / MA上昇配列 / パーフェクトオーダー
9831,ヤマダホールディングス,小売業,18.0,18.0,1,885,★☆☆☆☆,0.0,4.0,-1,5.4,0.0,2.0,0.0,12.0,0.0,0.0,0.0,,,0.0,-0.7,2.4,1.8,682,716.0,2.1,0.9,2999,RS加速+5.4 / MA上昇配列 / パーフェクトオーダー
4107,伊勢化学工業,化学,18.0,18.0,1,886,★☆☆☆☆,0.0,9.0,11,12.8,0.0,3.0,0.0,6.0,0.0,0.0,0.0,,,0.0,20.4,4.0,11.5,3916,4260.0,6.2,1.4,1101,RS加速+12.8
5592,くすりの窓口,情報・通信業,17.8,17.8,1,887,★☆☆☆☆,0.0,5.0,26,-0.2,0.0,2.0,0.0,8.0,0.0,2.8,0.0,,,0.0,14.8,4.5,5.1,2476,2720.0,0.4,0.6,177,MA上昇配列 / 開示[自己株式取得](1日前)
4828,ビジネスエンジニアリング,情報・通信業,17.8,17.8,1,888,★☆☆☆☆,0.0,5.5,35,2.0,0.0,3.3,0.0,9.0,0.0,0.0,0.0,,,0.0,16.2,3.4,8.4,1346,1443.0,2.5,1.1,205,買い出来高優勢 / MA上昇配列
7611,ハイデイ日高,小売業,17.8,17.8,1,889,★☆☆☆☆,0.0,8.0,1,-0.4,0.0,4.3,0.0,5.5,0.0,0.0,0.0,,,0.0,4.5,1.7,4.7,2933,3035.0,2.3,0.6,935,RS転換1日目 / 買い出来高優勢 / MA上昇配列 / RSI過熱(86)⚠
150A,ＪＳＨ,サービス業,17.8,17.8,1,890,★☆☆☆☆,0.0,7.5,38,36.1,0.0,5.3,0.0,10.0,0.0,0.0,-5.0,,,0.0,69.5,9.2,30.0,650,797.0,10.1,0.9,409,RS加速+36.1 / 買い出来高優勢 / 資金流入増 / MA上昇配列 / パーフェクトオーダー / 過熱⚠25MA+30%
2413,エムスリー,サービス業,17.8,17.8,1,891,★☆☆☆☆,0.0,4.0,-1,9.5,0.0,3.0,0.0,8.0,0.0,2.8,0.0,,,0.0,-0.0,3.8,4.2,1692,1830.0,4.6,0.5,10069,RS加速+9.5 / MA上昇配列 / 開示[自己株式の取得](1日前)
3932,アカツキ,情報・通信業,17.8,17.8,1,892,★☆☆☆☆,0.0,4.5,34,-0.3,0.0,5.3,0.0,11.0,0.0,0.0,-3.0,,,0.0,26.6,4.2,16.9,3650,3985.0,5.0,0.8,413,買い出来高優勢 / 資金流入増 / MA上昇配列 / パーフェクトオーダー / 52週高値目前 / RSI過熱(85)⚠ / 伸びすぎ注意(25MA+17%)
2296,伊藤ハム米久ホールディングス,食料品,17.8,17.8,1,893,★☆☆☆☆,0.0,8.0,1,-1.7,0.0,3.3,0.0,6.5,0.0,0.0,0.0,,,0.0,0.6,1.4,1.9,4991,5140.0,0.2,0.9,571,RS転換1日目 / 買い出来高優勢 / MA上昇配列
8802,三菱地所,不動産業,17.8,17.8,1,894,★☆☆☆☆,0.0,10.0,0,11.7,0.0,0.0,0.0,5.0,0.0,2.8,0.0,,,0.0,0.8,1.9,1.7,3693,3841.0,3.5,0.7,15274,RS転換0日目 / RS加速+11.7 / 開示[自己株式の取得](1日前)
4534,持田製薬,医薬品,17.8,17.8,1,895,★☆☆☆☆,0.0,8.0,1,-1.1,0.0,0.0,0.0,7.0,0.0,2.8,0.0,,,0.0,1.1,1.4,2.5,3219,3310.0,0.0,0.5,173,RS転換1日目 / 開示[自己株式の取得](1日前)
6276,シリウスビジョン,電気機器,17.8,17.8,1,896,★☆☆☆☆,0.0,5.0,13,-10.7,0.0,5.3,0.0,7.5,0.0,0.0,0.0,,,0.0,11.9,11.6,2.3,272,354.0,-7.3,0.3,115,買い出来高優勢 / 資金流入増 / MA上昇配列 / パーフェクトオーダー
4025,多木化学,化学,17.7,17.7,1,897,★☆☆☆☆,0.0,7.5,33,-10.2,0.0,3.0,0.0,7.2,0.0,0.0,0.0,,,0.0,12.6,4.3,3.5,5349,5850.0,-4.7,0.5,222,高値圏かつ未過熱 / MA上昇配列 / パーフェクトオーダー
6838,多摩川ホールディングス,電気機器,17.7,17.7,1,898,★☆☆☆☆,0.0,11.0,14,4.7,0.0,3.0,0.0,3.7,0.0,0.0,0.0,,,0.0,5.5,4.7,4.8,1364,1504.0,7.8,1.2,292,RS加速+4.7 / 25MA上抜け4日目
6653,正興電機製作所,電気機器,17.7,17.7,1,899,★☆☆☆☆,0.0,14.0,3,5.0,0.0,0.0,0.0,3.7,0.0,0.0,0.0,,,0.0,1.0,3.1,0.7,2074,2210.0,1.5,0.6,215,RS転換3日目 / RS加速+5.0 / 25MA上抜け3日目
9104,商船三井,海運業,17.7,17.7,1,900,★☆☆☆☆,0.0,7.5,33,-2.1,0.0,2.0,0.0,8.2,0.0,0.0,0.0,,,0.0,18.4,3.1,7.9,6604,7047.0,-2.3,0.8,24605,高値圏かつ未過熱 / MA上昇配列 / パーフェクトオーダー
7860,エイベックス,情報・通信業,17.7,17.7,1,901,★☆☆☆☆,0.0,6.0,-1,0.8,0.0,2.0,0.0,9.7,0.0,0.0,0.0,,,0.0,-2.5,1.5,1.2,1251,1291.0,0.8,0.7,193,25MA上抜け8日目 / MA上昇配列 / パーフェクトオーダー
4691,ワシントンホテル,サービス業,17.7,17.7,1,902,★☆☆☆☆,0.0,12.0,5,1.5,0.0,1.0,0.0,4.7,0.0,0.0,0.0,,,0.0,2.8,5.1,1.7,2022,2254.0,-4.1,1.0,169,RS転換5日目 / 25MA上抜け7日目
4776,サイボウズ,情報・通信業,17.5,17.5,1,903,★☆☆☆☆,0.0,5.5,39,2.6,0.0,2.0,0.0,10.0,0.0,0.0,0.0,,,0.0,16.3,4.5,9.0,2883,3165.0,4.8,0.7,936,MA上昇配列 / パーフェクトオーダー
5243,ｎｏｔｅ,情報・通信業,17.5,17.5,1,904,★☆☆☆☆,0.0,7.5,41,23.3,0.0,2.0,0.0,11.0,0.0,0.0,-3.0,,,0.0,42.6,5.6,17.2,2564,2890.0,13.3,1.1,930,RS加速+23.3 / MA上昇配列 / パーフェクトオーダー / 伸びすぎ注意(25MA+17%)
7018,内海造船,輸送用機器,17.5,17.5,1,905,★☆☆☆☆,0.0,5.5,39,2.6,0.0,4.0,0.0,8.0,0.0,0.0,0.0,,,0.0,13.7,6.7,7.7,10896,12570.0,0.7,1.0,418,資金流入増 / MA上昇配列
2897,日清食品ホールディングス,食料品,17.5,17.5,1,906,★☆☆☆☆,0.0,12.0,1,2.2,0.0,0.0,0.0,5.5,0.0,0.0,0.0,,,0.0,3.0,1.9,1.7,2908,3021.0,-0.2,0.6,4876,RS転換1日目 / 25MA上抜け9日目 / MA上昇配列
3036,アルコニックス,卸売業,17.5,17.5,1,907,★☆☆☆☆,0.0,7.5,44,-3.9,0.0,4.0,0.0,6.0,0.0,0.0,0.0,,,0.0,26.4,4.2,4.0,3118,3405.0,-1.6,0.5,770,高値圏かつ未過熱 / 資金流入増 / MA上昇配列 / パーフェクトオーダー
4914,高砂香料工業,化学,17.5,17.5,1,908,★☆☆☆☆,0.0,7.5,34,4.7,0.0,2.0,0.0,8.0,0.0,0.0,0.0,,,0.0,11.6,1.8,6.6,1304,1352.0,3.0,0.8,226,RS加速+4.7 / MA上昇配列
5137,スマートドライブ,情報・通信業,17.5,17.5,1,909,★☆☆☆☆,0.0,5.5,39,0.2,0.0,4.0,0.0,8.0,0.0,0.0,0.0,,,0.0,32.0,7.1,13.9,255,297.0,4.2,1.4,183,資金流入増 / MA上昇配列
7956,ピジョン,その他製品,17.5,17.5,1,910,★☆☆☆☆,0.0,8.0,1,-3.6,0.0,2.0,0.0,7.5,0.0,0.0,0.0,,,0.0,3.8,2.0,1.6,2036,2120.0,-1.3,0.8,2173,RS転換1日目 / MA上昇配列 / パーフェクトオーダー
2918,わらべや日洋ホールディングス,食料品,17.5,17.5,1,911,★☆☆☆☆,0.0,10.0,0,2.5,0.0,2.0,0.0,5.5,0.0,0.0,0.0,,,0.0,2.6,1.3,1.6,2728,2803.0,-0.5,1.2,318,RS転換0日目 / MA上昇配列
3679,じげん,情報・通信業,17.5,17.5,1,912,★☆☆☆☆,0.0,8.0,1,-1.1,0.0,4.0,0.0,5.5,0.0,0.0,0.0,,,0.0,7.4,2.9,4.3,431,457.0,0.7,1.5,154,RS転換1日目 / MA上昇配列
4849,エン,サービス業,17.5,17.5,1,913,★☆☆☆☆,0.0,5.5,34,2.4,0.0,5.3,0.0,6.7,0.0,0.0,0.0,,,0.0,29.8,3.1,13.3,1569,1672.0,0.1,1.1,470,買い出来高優勢 / 資金流入増 / MA上昇配列
2484,出前館,情報・通信業,17.5,17.5,1,914,★☆☆☆☆,0.0,7.5,35,4.6,0.0,5.0,0.0,8.0,0.0,0.0,-3.0,,,0.0,25.0,5.2,17.0,160,178.0,9.9,1.2,161,RS加速+4.6 / 資金流入増 / MA上昇配列 / 伸びすぎ注意(25MA+17%)
9031,西日本鉄道,陸運業,17.3,17.3,1,915,★☆☆☆☆,0.0,2.0,-1,1.6,0.0,3.3,0.0,12.0,0.0,0.0,0.0,,,0.0,-1.8,1.8,1.5,3011,3122.0,0.5,0.8,608,買い出来高優勢 / MA上昇配列 / パーフェクトオーダー
5724,アサカ理研,非鉄金属,17.3,17.3,1,916,★☆☆☆☆,0.0,7.0,17,2.5,0.0,5.3,0.0,8.0,0.0,0.0,-3.0,,,0.0,40.5,8.0,17.4,2751,3275.0,-4.0,0.3,696,買い出来高優勢 / 資金流入増 / MA上昇配列 / 伸びすぎ注意(25MA+17%)
7826,フルヤ金属,その他製品,17.3,17.3,1,917,★☆☆☆☆,0.0,10.0,18,16.4,0.0,4.3,0.0,8.0,0.0,0.0,-5.0,,,0.0,47.2,5.2,22.8,8783,9810.0,10.2,1.3,4185,RS加速+16.4 / 買い出来高優勢 / 過熱⚠25MA+23%
3103,ユニチカ,繊維製品,17.3,17.3,1,918,★☆☆☆☆,0.0,5.0,18,-3.0,0.0,5.3,0.0,10.0,0.0,0.0,-3.0,,,0.0,75.3,11.9,17.3,1138,1494.0,-3.2,0.9,32004,買い出来高優勢 / 資金流入増 / MA上昇配列 / パーフェクトオーダー / 伸びすぎ注意(25MA+17%)
3659,ネクソン,情報・通信業,17.3,17.3,1,919,★☆☆☆☆,0.0,7.5,35,3.6,0.0,4.3,0.0,5.5,0.0,0.0,0.0,,,0.0,29.6,4.2,14.8,2933,3205.0,2.9,0.9,10706,RS加速+3.6 / 買い出来高優勢 / MA上昇配列 / RSI過熱(90)⚠
8154,加賀電子,卸売業,17.2,17.2,1,920,★☆☆☆☆,0.0,7.5,31,-3.1,0.0,0.0,0.0,9.7,0.0,0.0,0.0,,,0.0,4.9,2.8,4.2,4816,5100.0,4.2,0.6,805,高値圏かつ未過熱 / MA上昇配列 / パーフェクトオーダー / 52週高値目前
5038,ｅＷｅＬＬ,情報・通信業,17.2,17.2,1,921,★☆☆☆☆,0.0,12.0,2,0.1,0.0,1.0,0.0,4.2,0.0,0.0,0.0,,,0.0,2.3,5.8,1.5,1937,2191.0,3.4,1.2,115,RS転換2日目 / 25MA上抜け2日目 / MA上昇配列
4434,サーバーワークス,情報・通信業,17.2,17.2,1,922,★☆☆☆☆,0.0,8.0,1,-10.3,0.0,3.0,0.0,6.2,0.0,0.0,0.0,,,0.0,4.2,4.0,5.5,2352,2555.0,7.1,1.2,142,RS転換1日目 / MA上昇配列 / パーフェクトオーダー
5011,ニチレキグループ,石油・石炭製品,17.2,17.2,1,923,★☆☆☆☆,0.0,10.0,0,-2.4,0.0,3.0,0.0,4.2,0.0,0.0,0.0,,,0.0,1.4,2.5,0.9,2183,2297.0,-1.2,1.6,154,RS転換0日目 / 25MA上抜け0日目 / MA上昇配列
7198,ＳＢＩアルヒ,その他金融業,17.2,17.2,1,924,★☆☆☆☆,0.0,10.0,0,0.3,0.0,3.0,0.0,4.2,0.0,0.0,0.0,,,0.0,2.2,1.5,1.6,817,842.0,0.5,1.2,109,RS転換0日目 / MA上昇配列
6703,沖電気工業,電気機器,17.0,17.0,1,925,★☆☆☆☆,0.0,10.0,1,21.0,0.0,2.0,0.0,5.0,0.0,0.0,0.0,,,0.0,0.4,3.4,1.8,2696,2894.0,5.2,0.6,1949,RS転換1日目 / RS加速+21.0
6245,ヒラノテクシード,機械,17.0,17.0,1,926,★☆☆☆☆,0.0,9.0,14,3.2,0.0,2.0,0.0,6.0,0.0,0.0,0.0,,,0.0,13.0,2.9,8.3,1762,1871.0,3.3,0.8,128,RS加速+3.2
4687,ＴＤＣソフト,情報・通信業,17.0,17.0,1,927,★☆☆☆☆,0.0,8.0,-1,5.4,0.0,1.0,0.0,8.0,0.0,0.0,0.0,,,0.0,-0.1,2.6,2.5,995,1049.0,2.1,0.9,109,RS加速+5.4 / 25MA上抜け8日目 / MA上昇配列
7821,前田工繊,その他製品,17.0,17.0,1,928,★☆☆☆☆,0.0,12.0,1,-3.3,0.0,0.0,0.0,5.0,0.0,0.0,0.0,,,0.0,1.9,2.2,1.4,1948,2036.0,0.8,0.8,326,RS転換1日目 / 高値圏かつ未過熱 / MA上昇配列
6645,オムロン,電気機器,17.0,17.0,1,929,★☆☆☆☆,0.0,9.0,18,6.0,0.0,3.0,0.0,5.0,0.0,0.0,0.0,,,0.0,19.2,3.6,4.0,6081,6553.0,1.2,0.5,12420,RS加速+6.0 / MA上昇配列 / パーフェクトオーダー
2702,日本マクドナルドホールディングス,小売業,17.0,17.0,1,930,★☆☆☆☆,0.0,4.0,-1,-7.8,0.0,1.0,0.0,12.0,0.0,0.0,0.0,,,0.0,-3.4,2.1,2.1,7847,8190.0,0.1,0.7,5121,25MA上抜け9日目 / MA上昇配列 / パーフェクトオーダー
2206,江崎グリコ,食料品,17.0,17.0,1,931,★☆☆☆☆,0.0,10.0,0,2.0,0.0,0.0,0.0,7.0,0.0,0.0,0.0,,,0.0,1.6,1.2,1.3,5075,5198.0,0.1,0.8,1128,RS転換0日目
9022,東海旅客鉄道,陸運業,17.0,17.0,1,932,★☆☆☆☆,0.0,6.0,-1,2.5,0.0,2.0,0.0,9.0,0.0,0.0,0.0,,,0.0,-0.4,1.8,2.0,3857,4003.0,1.0,1.0,8667,25MA上抜け7日目 / MA上昇配列
6331,三菱化工機,機械,17.0,17.0,1,933,★☆☆☆☆,0.0,10.0,1,11.0,0.0,2.0,0.0,5.0,0.0,0.0,0.0,,,0.0,4.4,2.8,3.0,3137,3320.0,2.9,0.6,462,RS転換1日目 / RS加速+11.0
1975,朝日工業社,建設業,17.0,17.0,1,934,★☆☆☆☆,0.0,10.0,1,11.4,0.0,1.0,0.0,6.0,0.0,0.0,0.0,,,0.0,4.6,3.2,4.5,3766,4020.0,4.0,0.7,378,RS転換1日目 / RS加速+11.4
1518,三井松島ホールディングス,その他製品,17.0,17.0,1,935,★☆☆☆☆,0.0,6.0,-1,5.4,0.0,0.0,0.0,11.0,0.0,0.0,0.0,,,0.0,-0.3,1.9,2.9,2285,2374.0,4.2,0.6,859,RS加速+5.4 / MA上昇配列 / パーフェクトオーダー / 52週高値目前
3092,ＺＯＺＯ,小売業,17.0,17.0,1,936,★☆☆☆☆,0.0,6.0,-1,2.6,0.0,3.0,0.0,8.0,0.0,0.0,0.0,,,0.0,-0.2,1.9,2.2,1127,1171.5,2.0,1.4,2883,25MA上抜け2日目 / MA上昇配列
3861,王子ホールディングス,パルプ・紙,17.0,17.0,1,937,★☆☆☆☆,0.0,6.0,-1,1.6,0.0,1.0,0.0,10.0,0.0,0.0,0.0,,,0.0,-1.3,1.4,1.9,866,891.5999755859375,2.6,0.7,3021,25MA上抜け4日目 / MA上昇配列
7373,アイドマ・ホールディングス,サービス業,17.0,17.0,1,938,★☆☆☆☆,0.0,10.0,1,7.5,0.0,2.0,0.0,5.0,0.0,0.0,0.0,,,0.0,3.7,2.9,3.3,903,959.0,2.4,0.5,107,RS転換1日目 / RS加速+7.5
6994,指月電機製作所,電気機器,17.0,17.0,1,939,★☆☆☆☆,0.0,9.0,13,4.1,0.0,2.0,0.0,6.0,0.0,0.0,0.0,,,0.0,12.7,5.3,6.4,1080,1208.0,5.0,0.4,379,RS加速+4.1
5381,マイポックス,ガラス・土石製品,17.0,17.0,1,940,★☆☆☆☆,0.0,9.0,14,3.2,0.0,2.0,0.0,6.0,0.0,0.0,0.0,,,0.0,22.9,5.1,9.7,889,990.0,1.0,0.7,234,RS加速+3.2
4043,トクヤマ,化学,17.0,17.0,1,941,★☆☆☆☆,0.0,10.0,1,16.6,0.0,2.0,0.0,5.0,0.0,0.0,0.0,,,0.0,3.5,3.2,2.3,3871,4132.0,2.7,1.1,2639,RS転換1日目 / RS加速+16.6
153A,カウリス,情報・通信業,17.0,17.0,1,942,★☆☆☆☆,0.0,9.0,16,5.0,0.0,2.0,0.0,6.0,0.0,0.0,0.0,,,0.0,17.2,5.6,10.1,1291,1455.0,4.3,0.4,101,RS加速+5.0
5713,住友金属鉱山,非鉄金属,17.0,17.0,1,943,★☆☆☆☆,0.0,6.0,27,-3.6,0.0,3.0,0.0,11.0,0.0,0.0,-3.0,,,0.0,39.5,5.2,16.9,10158,11345.0,0.8,0.5,41984,MA上昇配列 / パーフェクトオーダー / 伸びすぎ注意(25MA+17%)
1959,クラフティア,建設業,17.0,17.0,1,944,★☆☆☆☆,0.0,10.0,0,11.2,0.0,1.0,0.0,6.0,0.0,0.0,0.0,,,0.0,0.3,2.1,1.3,8050,8405.0,2.1,0.9,1576,RS転換0日目 / RS加速+11.2
6333,ＴＥＩＫＯＫＵ,機械,17.0,17.0,1,945,★☆☆☆☆,0.0,4.0,-1,-3.4,0.0,1.0,0.0,12.0,0.0,0.0,0.0,,,0.0,-2.6,2.5,1.8,3231,3400.0,0.7,0.6,150,25MA上抜け10日目 / MA上昇配列 / パーフェクトオーダー
9743,丹青社,サービス業,17.0,17.0,1,946,★☆☆☆☆,0.0,7.5,35,-0.9,0.0,2.0,0.0,7.5,0.0,0.0,0.0,,,0.0,5.0,1.6,5.4,1493,1541.0,2.4,1.0,517,高値圏かつ未過熱 / MA上昇配列 / RSI過熱(86)⚠
2432,ディー・エヌ・エー,情報・通信業,17.0,17.0,1,947,★☆☆☆☆,0.0,10.0,1,-0.9,0.0,1.0,0.0,6.0,0.0,0.0,0.0,,,0.0,0.7,2.2,4.2,2494,2606.5,3.2,1.1,2903,RS転換1日目 / 25MA上抜け8日目
4588,オンコリスバイオファーマ,医薬品,17.0,17.0,1,948,★☆☆☆☆,0.0,6.0,21,-2.5,0.0,5.0,0.0,11.0,0.0,0.0,-5.0,,,0.0,52.6,10.1,24.6,3312,4155.0,3.2,1.4,5815,資金流入増 / MA上昇配列 / パーフェクトオーダー / 過熱⚠25MA+25%
7259,アイシン,輸送用機器,17.0,17.0,1,949,★☆☆☆☆,0.0,10.0,0,12.8,0.0,2.0,0.0,5.0,0.0,0.0,0.0,,,0.0,5.1,1.8,2.2,2232,2317.0,3.1,1.1,4748,RS転換0日目 / RS加速+12.8
4506,住友ファーマ,医薬品,17.0,17.0,1,950,★☆☆☆☆,0.0,12.0,10,12.7,0.0,3.3,0.0,4.7,0.0,0.0,-3.0,,,0.0,22.1,3.3,16.2,1484,1590.0,10.3,0.9,5023,RS転換10日目 / RS加速+12.7 / 買い出来高優勢 / 伸びすぎ注意(25MA+16%)
215A,タイミー,サービス業,17.0,17.0,1,951,★☆☆☆☆,0.0,5.0,16,-1.8,0.0,2.0,0.0,10.0,0.0,0.0,0.0,,,0.0,13.0,3.5,7.6,1611,1732.0,2.5,1.0,2282,MA上昇配列 / パーフェクトオーダー
7777,スリー・ディー・マトリックス,精密機器,17.0,17.0,1,952,★☆☆☆☆,0.0,9.0,15,4.3,0.0,2.0,0.0,6.0,0.0,0.0,0.0,,,0.0,9.5,4.0,6.2,346,376.0,2.7,1.0,511,RS加速+4.3
6929,日本セラミック,電気機器,16.8,16.8,1,953,★☆☆☆☆,0.0,6.0,-1,0.5,0.0,1.0,0.0,7.0,0.0,2.8,0.0,,,0.0,-2.6,1.7,1.6,3683,3810.0,2.8,0.5,457,25MA上抜け1日目 / 開示[自己株式の取得](1日前)
4933,Ｉ－ｎｅ,化学,16.8,16.8,1,954,★☆☆☆☆,0.0,3.5,31,-0.9,0.0,3.3,0.0,10.0,0.0,0.0,0.0,,,0.0,14.2,2.6,5.3,1375,1451.0,-1.8,0.7,107,買い出来高優勢 / MA上昇配列 / パーフェクトオーダー
5032,ＡＮＹＣＯＬＯＲ,情報・通信業,16.8,16.8,1,955,★☆☆☆☆,0.0,5.5,35,2.5,0.0,3.3,0.0,8.0,0.0,0.0,0.0,,,0.0,11.7,2.4,6.8,2844,2990.0,2.5,1.0,1384,買い出来高優勢 / MA上昇配列
6194,アトラエ,サービス業,16.8,16.8,1,956,★☆☆☆☆,0.0,8.0,1,-4.3,0.0,1.0,0.0,5.0,0.0,2.8,0.0,,,0.0,0.2,2.7,0.5,837,885.0,-0.7,0.7,137,RS転換1日目 / MA上昇配列 / パーフェクトオーダー / 開示[自己株式の取得](1日前)
4716,日本オラクル,情報・通信業,16.7,16.7,1,957,★☆☆☆☆,0.0,8.0,1,-0.2,0.0,2.0,0.0,6.7,0.0,0.0,0.0,,,0.0,5.2,2.5,3.1,8982,9454.0,2.0,0.6,2092,RS転換1日目 / MA上昇配列
2270,雪印メグミルク,食料品,16.7,16.7,1,958,★☆☆☆☆,0.0,4.0,-1,3.6,0.0,2.0,0.0,10.7,0.0,0.0,0.0,,,0.0,-0.2,1.7,2.1,3655,3785.0,2.2,0.7,693,RS加速+3.6 / MA上昇配列 / パーフェクトオーダー
9602,東宝,情報・通信業,16.7,16.7,1,959,★☆☆☆☆,0.0,8.0,1,-2.4,0.0,2.0,0.0,6.7,0.0,0.0,0.0,,,0.0,2.1,2.1,4.4,1521,1588.0,1.9,1.0,5330,RS転換1日目 / MA上昇配列
6217,津田駒工業,機械,16.7,16.7,1,960,★☆☆☆☆,0.0,10.0,6,1.1,0.0,2.0,0.0,4.7,0.0,0.0,0.0,,,0.0,13.3,6.9,3.9,708,820.0,-4.4,0.3,134,RS転換6日目
9531,東京瓦斯,電気・ガス業,16.7,16.7,1,961,★☆☆☆☆,0.0,10.0,0,4.3,0.0,1.0,0.0,5.7,0.0,0.0,0.0,,,0.0,0.0,1.7,4.5,6158,6369.0,4.5,0.9,6043,RS転換0日目 / RS加速+4.3
6928,エノモト,電気機器,16.7,16.7,1,962,★☆☆☆☆,0.0,9.0,15,6.7,0.0,3.0,0.0,4.7,0.0,0.0,0.0,,,0.0,22.7,4.8,8.5,2764,3060.0,3.7,0.3,308,RS加速+6.7 / 資金流入増
6890,フェローテック,電気機器,16.7,16.7,1,963,★☆☆☆☆,0.0,12.0,5,7.7,0.0,0.0,0.0,4.7,0.0,0.0,0.0,,,0.0,8.8,5.9,4.4,8070,9160.0,3.6,0.7,12758,RS転換5日目 / RS加速+7.7
1852,淺沼組,建設業,16.7,16.7,1,964,★☆☆☆☆,0.0,10.0,1,0.6,0.0,1.0,0.0,4.2,0.0,1.5,0.0,,,0.0,3.7,1.6,1.9,895,924.0,-0.2,0.7,497,RS転換1日目 / MA上昇配列 / 開示[自己株式の取得](7日前)
2737,トーメンデバイス,卸売業,16.5,16.5,1,965,★☆☆☆☆,0.0,6.0,22,-58.7,0.0,3.0,0.0,12.5,0.0,0.0,-5.0,,,0.0,30.8,6.3,21.7,30606,35000.0,9.5,0.6,5177,資金流入増 / MA上昇配列 / パーフェクトオーダー / 52週高値ブレイク! / 過熱⚠25MA+22%
6810,マクセル,電気機器,16.5,16.5,1,966,★☆☆☆☆,0.0,2.0,-1,-10.7,0.0,3.0,0.0,11.5,0.0,0.0,0.0,,,0.0,-1.7,3.1,9.1,2441,2603.0,8.6,0.9,797,MA上昇配列 / 52週高値目前
3539,ＪＭホールディングス,小売業,16.5,16.5,1,967,★☆☆☆☆,0.0,8.0,1,-6.0,0.0,2.0,0.0,6.5,0.0,0.0,0.0,,,0.0,3.2,2.1,1.8,1397,1457.0,-3.0,0.8,214,RS転換1日目 / MA上昇配列
8708,アイザワ証券グループ,証券、商品先物取引業,16.5,16.5,1,968,★☆☆☆☆,0.0,3.5,38,-1.3,0.0,3.0,0.0,10.0,0.0,0.0,0.0,,,0.0,2.9,2.2,5.7,1752,1834.0,5.1,1.5,255,MA上昇配列 / パーフェクトオーダー
4547,キッセイ薬品工業,医薬品,16.5,16.5,1,969,★☆☆☆☆,0.0,10.0,0,10.0,0.0,1.0,0.0,5.5,0.0,0.0,0.0,,,0.0,3.3,1.5,0.1,3974,4100.0,0.6,0.9,274,RS転換0日目 / RS加速+10.0 / MA上昇配列
8877,エスリード,不動産業,16.5,16.5,1,970,★☆☆☆☆,0.0,10.0,0,2.9,0.0,1.0,0.0,5.5,0.0,0.0,0.0,,,0.0,3.3,1.8,1.7,5157,5350.0,-0.7,0.7,157,RS転換0日目 / MA上昇配列
4922,コーセーホールディングス,化学,16.5,16.5,1,971,★☆☆☆☆,0.0,8.0,0,-1.1,0.0,3.0,0.0,5.5,0.0,0.0,0.0,,,0.0,1.0,2.4,0.9,5584,5863.0,-1.5,1.2,1944,RS転換0日目 / MA上昇配列
2489,アドウェイズ,サービス業,16.5,16.5,1,972,★☆☆☆☆,0.0,7.5,45,9.2,0.0,5.3,0.0,8.7,0.0,0.0,-5.0,,,0.0,33.2,4.3,21.0,398,436.0,10.7,0.4,216,RS加速+9.2 / 買い出来高優勢 / 資金流入増 / MA上昇配列 / パーフェクトオーダー / 過熱⚠25MA+21%
6768,タムラ製作所,電気機器,16.4,16.4,1,973,★☆☆☆☆,0.0,10.0,1,19.1,0.0,0.0,0.0,5.0,0.0,1.4,0.0,,,0.0,2.0,4.7,2.7,744,821.0,10.1,1.0,827,RS転換1日目 / RS加速+19.1 / 開示[業績予想の修正](6日前)
5214,日本電気硝子,ガラス・土石製品,16.3,16.3,1,974,★☆☆☆☆,0.0,10.0,0,24.0,0.0,2.0,0.0,1.5,0.0,2.8,0.0,,,0.0,7.6,2.9,-1.4,4578,4860.0,1.9,1.0,3269,RS転換0日目 / RS加速+24.0 / 開示[自己株式の取得](1日前)
8237,松屋,小売業,16.3,16.3,1,975,★☆☆☆☆,0.0,3.5,49,-42.7,0.0,7.3,0.0,5.5,0.0,0.0,0.0,,,0.0,17.0,8.2,2.5,1901,2276.0,-20.4,1.9,1446,買い出来高優勢 / 資金流入増 / MA上昇配列
7279,ハイレックスコーポレーション,輸送用機器,16.3,16.3,1,976,★☆☆☆☆,0.0,3.5,31,-8.3,0.0,2.0,0.0,8.0,0.0,2.8,0.0,,,0.0,2.8,2.5,6.9,2544,2679.0,7.0,1.2,232,MA上昇配列 / 開示[自己株式の取得](1日前)
6418,日本金銭機械,機械,16.3,16.3,1,977,★☆☆☆☆,0.0,3.5,38,-4.7,0.0,4.3,0.0,8.5,0.0,0.0,0.0,,,0.0,8.2,2.9,4.4,1189,1262.0,1.6,0.6,217,買い出来高優勢 / MA上昇配列 / パーフェクトオーダー
9722,藤田観光,サービス業,16.3,16.3,1,978,★☆☆☆☆,0.0,8.5,44,13.7,0.0,5.3,0.0,7.5,0.0,0.0,-5.0,,,0.0,49.2,3.7,26.3,2796,3020.0,10.8,1.1,1082,RS加速+13.7 / 買い出来高優勢 / 資金流入増 / MA上昇配列 / RSI過熱(91)⚠ / 過熱⚠25MA+26%
9449,ＧＭＯインターネットグループ,情報・通信業,16.2,16.2,1,979,★☆☆☆☆,0.0,6.0,-1,0.9,0.0,2.0,0.0,8.2,0.0,0.0,0.0,,,0.0,-1.8,3.2,1.6,3932,4202.0,3.3,0.7,1662,25MA上抜け3日目 / MA上昇配列 / パーフェクトオーダー
8424,芙蓉総合リース,その他金融業,16.2,16.2,1,980,★☆☆☆☆,0.0,2.0,-1,0.9,0.0,2.0,0.0,12.2,0.0,0.0,0.0,,,0.0,-2.5,1.3,1.1,4371,4487.0,1.3,1.1,731,MA上昇配列 / パーフェクトオーダー / 52週高値目前
3632,グリーホールディングス,情報・通信業,16.2,16.2,1,981,★☆☆☆☆,0.0,8.0,1,-0.1,0.0,2.0,0.0,6.2,0.0,0.0,0.0,,,0.0,3.5,2.1,2.5,407,425.0,1.9,0.8,283,RS転換1日目 / MA上昇配列 / パーフェクトオーダー
5985,サンコール,金属製品,16.2,16.2,1,982,★☆☆☆☆,0.0,5.0,16,-34.7,0.0,4.0,0.0,7.2,0.0,0.0,0.0,,,0.0,57.2,10.0,10.2,1658,2074.0,-13.6,0.6,3859,資金流入増 / MA上昇配列 / パーフェクトオーダー
7059,コプロ・ホールディングス,サービス業,16.2,16.2,1,983,★☆☆☆☆,0.0,5.5,38,2.4,0.0,3.0,0.0,7.7,0.0,0.0,0.0,,,0.0,14.0,3.1,7.2,878,935.0,1.7,0.5,157,MA上昇配列
2267,ヤクルト本社,食料品,16.2,16.2,1,984,★☆☆☆☆,0.0,10.0,0,-2.1,0.0,0.0,0.0,6.2,0.0,0.0,0.0,,,0.0,0.2,1.9,0.3,2760,2870.0,-1.7,0.8,3521,RS転換0日目 / 25MA上抜け0日目 / MA上昇配列 / パーフェクトオーダー
3662,エイチームホールディングス,情報・通信業,16.0,16.0,1,985,★☆☆☆☆,0.0,10.0,1,10.3,0.0,0.0,0.0,6.0,0.0,0.0,0.0,,,0.0,6.9,2.1,3.9,948,989.0,2.4,0.4,102,RS転換1日目 / RS加速+10.3
4587,ペプチドリーム,医薬品,16.0,16.0,1,986,★☆☆☆☆,0.0,8.0,10,-0.5,0.0,2.0,0.0,6.0,0.0,0.0,0.0,,,0.0,14.6,4.5,7.0,999,1098.0,-1.4,0.5,1119,RS転換10日目
9003,相鉄ホールディングス,陸運業,16.0,16.0,1,987,★☆☆☆☆,0.0,6.0,-1,0.8,0.0,1.0,0.0,9.0,0.0,0.0,0.0,,,0.0,-0.2,1.5,1.3,2533,2614.0,-1.0,0.8,768,25MA上抜け10日目 / MA上昇配列
4212,積水樹脂,化学,16.0,16.0,1,988,★☆☆☆☆,0.0,4.0,-1,-7.2,0.0,0.0,0.0,12.0,0.0,0.0,0.0,,,0.0,-1.0,2.0,4.2,2859,2978.0,3.8,1.1,159,25MA上抜け8日目 / MA上昇配列 / パーフェクトオーダー
2752,フジオフードグループ本社,小売業,16.0,16.0,1,989,★☆☆☆☆,0.0,10.0,0,0.1,0.0,0.0,0.0,6.0,0.0,0.0,0.0,,,0.0,1.3,1.3,2.5,1122,1151.0,0.5,0.6,127,RS転換0日目
6183,ベルシステム２４ホールディングス,サービス業,16.0,16.0,1,990,★☆☆☆☆,0.0,8.0,1,-0.4,0.0,1.0,0.0,7.0,0.0,0.0,0.0,,,0.0,3.3,1.6,2.3,1345,1390.0,-1.5,1.1,457,RS転換1日目
3907,シリコンスタジオ,情報・通信業,16.0,16.0,1,991,★☆☆☆☆,0.0,9.0,28,41.3,0.0,2.0,0.0,10.0,0.0,0.0,-5.0,,,0.0,90.4,13.8,29.6,1522,2101.0,19.7,0.5,2337,RS加速+41.3 / 資金流入増 / MA上昇配列 / パーフェクトオーダー / 過熱⚠25MA+30%
9936,王将フードサービス,小売業,16.0,16.0,1,992,★☆☆☆☆,0.0,6.0,-1,0.6,0.0,2.0,0.0,8.0,0.0,0.0,0.0,,,0.0,-1.9,1.3,0.7,2878,2957.0,-0.6,1.0,676,25MA上抜け7日目 / MA上昇配列
4344,ソースネクスト,情報・通信業,16.0,16.0,1,993,★☆☆☆☆,0.0,8.0,1,-3.4,0.0,0.0,0.0,8.0,0.0,0.0,0.0,,,0.0,1.5,3.7,1.7,106,115.0,-2.5,0.9,133,RS転換1日目 / MA上昇配列
7780,メニコン,精密機器,16.0,16.0,1,994,★☆☆☆☆,0.0,10.0,2,1.3,0.0,1.0,0.0,5.0,0.0,0.0,0.0,,,0.0,8.0,2.4,2.6,1843,1937.0,1.5,0.6,532,RS転換2日目 / MA上昇配列 / パーフェクトオーダー
1928,積水ハウス,建設業,16.0,16.0,1,995,★☆☆☆☆,0.0,4.0,-1,4.4,0.0,2.0,0.0,10.0,0.0,0.0,0.0,,,0.0,-0.1,1.2,0.6,3384,3470.0,0.3,1.0,7274,RS加速+4.4 / MA上昇配列
8160,木曽路,小売業,16.0,16.0,1,996,★☆☆☆☆,0.0,4.0,-1,-1.9,0.0,2.0,0.0,10.0,0.0,0.0,0.0,,,0.0,-2.0,1.2,0.8,2402,2463.0,0.2,0.8,280,25MA上抜け8日目 / MA上昇配列
3148,クリエイトＳＤホールディングス,小売業,16.0,16.0,1,997,★☆☆☆☆,0.0,2.0,-1,-1.1,0.0,2.0,0.0,12.0,0.0,0.0,0.0,,,0.0,-1.1,1.3,0.8,3304,3395.0,-0.6,1.0,270,MA上昇配列 / パーフェクトオーダー
6752,パナソニック　ホールディングス,電気機器,16.0,16.0,1,998,★☆☆☆☆,0.0,9.0,15,-8.4,0.0,1.0,0.0,6.0,0.0,0.0,0.0,,,0.0,1.1,3.6,3.0,4136,4459.0,3.4,0.8,36724,高値圏かつ未過熱 / MA上昇配列 / パーフェクトオーダー
5532,リアルゲイト,不動産業,16.0,16.0,1,999,★☆☆☆☆,0.0,10.0,1,15.9,0.0,0.0,0.0,6.0,0.0,0.0,0.0,,,0.0,8.4,3.6,5.1,3314,3570.0,6.4,0.7,118,RS転換1日目 / RS加速+15.9
1833,奥村組,建設業,16.0,16.0,1,1000,★☆☆☆☆,0.0,6.0,-1,1.7,0.0,1.0,0.0,9.0,0.0,0.0,0.0,,,0.0,-0.8,1.4,2.6,5744,5910.0,2.1,1.3,746,25MA上抜け7日目 / MA上昇配列
5269,日本コンクリート工業,ガラス・土石製品,16.0,16.0,1,1001,★☆☆☆☆,0.0,3.5,37,-4.6,0.0,4.0,0.0,8.5,0.0,0.0,0.0,,,0.0,8.4,2.3,3.9,362,379.0,-2.3,0.6,104,資金流入増 / MA上昇配列 / パーフェクトオーダー
6574,コンヴァノ,サービス業,15.9,15.900000000000002,1,1002,★☆☆☆☆,0.0,3.5,35,-0.5,0.0,5.3,0.0,8.0,0.0,2.1,-3.0,,,0.0,31.8,7.5,16.3,102,120.0,0.8,0.4,257,買い出来高優勢 / 資金流入増 / MA上昇配列 / 伸びすぎ注意(25MA+16%) / 開示[自己株式の取得](9日前) / 開示[自己株式の取得](9日前)
4393,バンク・オブ・イノベーション,情報・通信業,15.8,15.8,1,1003,★☆☆☆☆,0.0,3.5,34,-2.2,0.0,4.3,0.0,8.0,0.0,0.0,0.0,,,0.0,10.0,5.0,7.5,5089,5650.0,2.7,1.2,286,買い出来高優勢 / MA上昇配列
9603,エイチ・アイ・エス,サービス業,15.8,15.8,1,1004,★☆☆☆☆,0.0,8.0,2,-5.7,0.0,1.0,0.0,5.5,0.0,1.3,0.0,,,0.0,5.1,2.0,3.9,1122,1168.0,-1.0,0.7,472,RS転換2日目 / MA上昇配列 / 開示[子会社化](5日前)
2282,日本ハム,食料品,15.8,15.8,1,1005,★☆☆☆☆,0.0,2.0,-1,-1.2,0.0,2.0,0.0,9.0,0.0,2.8,0.0,,,0.0,-2.3,1.7,1.3,6153,6373.0,-0.5,0.5,3911,MA上昇配列 / 開示[自己株式の取得](1日前)
9962,ミスミグループ本社,卸売業,15.8,15.8,1,1006,★☆☆☆☆,0.0,4.0,-1,-5.7,0.0,0.0,0.0,9.0,0.0,2.8,0.0,,,0.0,-7.4,3.2,1.1,3539,3778.0,3.1,0.6,5699,25MA上抜け2日目 / MA上昇配列 / パーフェクトオーダー / 開示[自己株式の取得](1日前)
9552,クオンツ総研ホールディングス,サービス業,15.7,15.7,1,1007,★☆☆☆☆,0.0,9.0,27,3.3,0.0,1.0,0.0,8.7,0.0,0.0,-3.0,,,0.0,21.3,5.3,19.6,1094,1223.0,12.4,1.1,457,RS加速+3.3 / MA上昇配列 / パーフェクトオーダー / 伸びすぎ注意(25MA+20%)
9021,西日本旅客鉄道,陸運業,15.7,15.7,1,1008,★☆☆☆☆,0.0,8.0,-1,3.9,0.0,0.0,0.0,7.7,0.0,0.0,0.0,,,0.0,-0.4,1.7,2.3,2929,3031.0,1.5,0.7,6523,RS加速+3.9 / 25MA上抜け5日目 / MA上昇配列
6706,電気興業,電気機器,15.7,15.7,1,1009,★☆☆☆☆,0.0,7.5,31,-2.7,0.0,0.0,0.0,8.2,0.0,0.0,0.0,,,0.0,5.9,2.5,2.6,3176,3340.0,0.5,0.7,104,高値圏かつ未過熱 / MA上昇配列 / パーフェクトオーダー
4718,早稲田アカデミー,サービス業,15.7,15.7,1,1010,★☆☆☆☆,0.0,4.0,-1,-0.8,0.0,2.0,0.0,9.7,0.0,0.0,0.0,,,0.0,-0.8,2.5,3.2,2405,2531.0,0.7,0.6,111,25MA上抜け8日目 / MA上昇配列 / パーフェクトオーダー
9830,トラスコ中山,卸売業,15.7,15.7,1,1011,★☆☆☆☆,0.0,6.0,-1,2.3,0.0,2.0,0.0,7.7,0.0,0.0,0.0,,,0.0,-0.9,1.6,2.2,2370,2450.0,3.6,0.9,312,25MA上抜け4日目 / MA上昇配列
5471,大同特殊鋼,鉄鋼,15.7,15.7,1,1012,★☆☆☆☆,0.0,10.0,0,9.0,0.0,2.0,0.0,3.7,0.0,0.0,0.0,,,0.0,1.1,3.9,0.6,2132,2313.5,1.6,0.9,2344,RS転換0日目 / RS加速+9.0
6777,ｓａｎｔｅｃ　Ｈｏｌｄｉｎｇｓ,電気機器,15.7,15.7,1,1013,★☆☆☆☆,0.0,12.0,5,0.9,0.0,0.0,0.0,3.7,0.0,0.0,0.0,,,0.0,6.2,6.4,4.7,17116,19610.0,0.3,0.5,3103,RS転換5日目 / 25MA上抜け5日目
8801,三井不動産,不動産業,15.7,15.7,1,1014,★☆☆☆☆,0.0,10.0,0,7.6,0.0,1.0,0.0,4.7,0.0,0.0,0.0,,,0.0,1.4,1.8,3.1,1499,1555.0,2.7,1.0,14416,RS転換0日目 / RS加速+7.6
285A,キオクシアホールディングス,電気機器,15.7,15.7,1,1015,★☆☆☆☆,0.0,10.0,4,8.2,0.0,2.0,0.0,3.7,0.0,0.0,0.0,,,0.0,0.7,9.0,1.7,41823,51000.0,-0.5,0.7,2104266,RS転換4日目 / RS加速+8.2
9861,吉野家ホールディングス,小売業,15.6,15.6,1,1016,★☆☆☆☆,0.0,4.0,-1,-3.8,0.0,1.0,0.0,9.5,0.0,1.1,0.0,,,0.0,-1.2,1.7,2.0,3745,3876.0,0.8,0.7,2637,25MA上抜け9日目 / MA上昇配列 / パーフェクトオーダー / 開示[自己株式の取得](9日前)
6440,ＪＵＫＩ,機械,15.5,15.5,1,1017,★☆☆☆☆,0.0,7.5,31,21.0,0.0,4.0,0.0,9.0,0.0,0.0,-5.0,,,0.0,38.3,4.3,21.8,698,763.0,19.0,1.0,342,RS加速+21.0 / 資金流入増 / MA上昇配列 / 過熱⚠25MA+22%
9268,オプティマスグループ,卸売業,15.5,15.5,1,1018,★☆☆☆☆,0.0,4.0,-1,-5.0,0.0,5.3,0.0,6.2,0.0,0.0,0.0,,,0.0,-3.5,2.6,0.6,405,427.0,1.4,0.6,160,25MA上抜け3日目 / 買い出来高優勢 / 資金流入増 / MA上昇配列 / パーフェクトオーダー
141A,トライアルホールディングス,小売業,15.5,15.5,1,1019,★☆☆☆☆,0.0,3.5,44,-8.2,0.0,3.0,0.0,9.0,0.0,0.0,0.0,,,0.0,20.5,5.0,10.9,3569,3970.0,0.9,0.6,3200,MA上昇配列
7730,マニー,精密機器,15.5,15.5,1,1020,★☆☆☆☆,0.0,10.0,1,0.3,0.0,2.0,0.0,3.5,0.0,0.0,0.0,,,0.0,2.9,1.6,0.8,1509,1559.0,-1.9,0.9,529,RS転換1日目
8200,リンガーハット,小売業,15.5,15.5,1,1021,★☆☆☆☆,0.0,6.0,-1,0.2,0.0,2.0,0.0,7.5,0.0,0.0,0.0,,,0.0,-1.0,1.4,0.9,2275,2340.0,-0.6,1.2,333,25MA上抜け0日目 / MA上昇配列
6080,Ｍ＆Ａキャピタルパートナーズ,サービス業,15.5,15.5,1,1022,★☆☆☆☆,0.0,3.5,35,-8.3,0.0,2.0,0.0,10.0,0.0,0.0,0.0,,,0.0,2.2,2.2,4.1,4041,4230.0,-0.1,0.9,411,MA上昇配列 / パーフェクトオーダー
1515,日鉄鉱業,鉱業,15.5,15.5,1,1023,★☆☆☆☆,0.0,4.5,33,-2.1,0.0,3.0,0.0,11.0,0.0,0.0,-3.0,,,0.0,24.0,5.7,16.1,3525,3975.0,7.1,1.1,2576,MA上昇配列 / パーフェクトオーダー / 伸びすぎ注意(25MA+16%)
9130,共栄タンカー,海運業,15.5,15.5,1,1024,★☆☆☆☆,0.0,3.5,38,-2.8,0.0,2.0,0.0,10.0,0.0,0.0,0.0,,,0.0,8.4,4.8,5.4,1473,1628.0,-1.8,0.6,122,資金流入増 / MA上昇配列 / パーフェクトオーダー
3028,アルペン,小売業,15.5,15.5,1,1025,★☆☆☆☆,0.0,10.0,1,1.0,0.0,0.0,0.0,5.5,0.0,0.0,0.0,,,0.0,5.3,1.5,2.8,2312,2382.0,0.5,1.0,245,RS転換1日目 / MA上昇配列
5981,東京製綱,金属製品,15.5,15.5,1,1026,★☆☆☆☆,0.0,6.0,-1,2.2,0.0,0.0,0.0,9.5,0.0,0.0,0.0,,,0.0,-1.4,2.5,0.3,1878,1978.0,2.8,0.5,230,25MA上抜け0日目 / MA上昇配列 / パーフェクトオーダー
9435,光通信,情報・通信業,15.5,15.5,1,1027,★☆☆☆☆,0.0,4.0,-1,-2.3,0.0,1.0,0.0,7.7,0.0,2.8,0.0,,,0.0,-0.1,2.3,1.5,38381,40210.0,0.0,0.6,3963,25MA上抜け8日目 / MA上昇配列 / 開示[自己株式の取得](1日前)
4478,フリー,情報・通信業,15.5,15.5,1,1028,★☆☆☆☆,0.0,7.5,39,10.6,0.0,6.3,0.0,6.7,0.0,0.0,-5.0,,,0.0,61.1,6.3,27.5,3659,4185.0,8.0,1.5,2733,RS加速+10.6 / 買い出来高優勢 / 資金流入増 / MA上昇配列 / 過熱⚠25MA+27%
3443,川田テクノロジーズ,金属製品,15.3,15.3,1,1029,★☆☆☆☆,0.0,5.0,16,-0.8,0.0,2.0,0.0,5.5,0.0,2.8,0.0,,,0.0,4.4,2.5,2.2,1321,1390.0,-0.6,0.8,404,MA上昇配列 / 開示[自己株式の取得](1日前)
4480,メドレー,情報・通信業,15.3,15.3,1,1030,★☆☆☆☆,0.0,3.5,34,-8.1,0.0,6.3,0.0,5.5,0.0,0.0,0.0,,,0.0,27.0,6.2,7.0,2290,2617.0,-4.5,1.4,1133,買い出来高優勢 / 資金流入増 / MA上昇配列
4194,ビジョナル,情報・通信業,15.2,15.2,1,1031,★☆☆☆☆,0.0,10.0,1,1.9,0.0,1.0,0.0,4.2,0.0,0.0,0.0,,,0.0,3.9,2.9,1.9,8759,9303.0,-0.8,1.0,1814,RS転換1日目 / MA上昇配列
3697,ＳＨＩＦＴ,情報・通信業,15.2,15.2,1,1032,★☆☆☆☆,0.0,8.0,1,-0.8,0.0,3.0,0.0,4.2,0.0,0.0,0.0,,,0.0,4.7,4.9,2.8,847,938.4000244140625,-0.1,1.5,4185,RS転換1日目 / MA上昇配列
6459,だいわ,機械,15.2,15.2,1,1033,★☆☆☆☆,0.0,4.0,-1,-1.9,0.0,4.0,0.0,7.2,0.0,0.0,0.0,,,0.0,-5.9,3.4,0.4,1611,1728.0,2.2,1.0,271,25MA上抜け1日目 / 資金流入増 / MA上昇配列 / パーフェクトオーダー
9766,コナミグループ,情報・通信業,15.2,15.2,1,1034,★☆☆☆☆,0.0,8.0,1,-8.2,0.0,2.0,0.0,5.2,0.0,0.0,0.0,,,0.0,4.3,3.1,2.3,20631,21985.0,-0.9,0.8,9812,RS転換1日目 / MA上昇配列
9672,東京都競馬,サービス業,15.2,15.2,1,1035,★☆☆☆☆,0.0,10.0,0,0.0,0.0,0.0,0.0,5.2,0.0,0.0,0.0,,,0.0,0.0,1.4,0.7,4940,5080.0,-0.2,0.7,254,RS転換0日目 / MA上昇配列
6588,東芝テック,電気機器,15.2,15.2,1,1036,★☆☆☆☆,0.0,8.0,-1,3.5,0.0,1.0,0.0,6.2,0.0,0.0,0.0,,,0.0,-0.6,3.0,0.3,2966,3155.0,0.5,0.9,464,RS加速+3.5 / 25MA上抜け2日目 / MA上昇配列 / パーフェクトオーダー
2471,エスプール,サービス業,15.2,15.2,1,1037,★☆☆☆☆,0.0,8.0,1,-2.6,0.0,1.0,0.0,6.2,0.0,0.0,0.0,,,0.0,4.5,2.7,0.6,272,287.0,-2.4,0.9,108,RS転換1日目 / MA上昇配列 / パーフェクトオーダー
7280,ミツバ,電気機器,15.2,15.2,1,1038,★☆☆☆☆,0.0,5.5,38,0.7,0.0,1.0,0.0,8.7,0.0,0.0,0.0,,,0.0,11.5,2.6,8.1,1289,1360.0,3.6,0.8,315,MA上昇配列 / パーフェクトオーダー
6918,アバールデータ,電気機器,15.2,15.2,1,1039,★☆☆☆☆,0.0,5.0,20,-3.1,0.0,4.0,0.0,6.2,0.0,0.0,0.0,,,0.0,10.4,5.3,2.0,3141,3510.0,-4.0,1.0,279,資金流入増 / MA上昇配列 / パーフェクトオーダー
2160,ジーエヌアイグループ,医薬品,15.2,15.2,1,1040,★☆☆☆☆,0.0,9.0,17,6.2,0.0,2.0,0.0,4.2,0.0,0.0,0.0,,,0.0,10.7,5.1,3.9,2540,2829.0,3.8,0.6,3338,RS加速+6.2 / MA上昇配列
5010,日本精蝋,石油・石炭製品,15.0,15.0,1,1041,★☆☆☆☆,0.0,3.5,37,-2.5,0.0,4.0,0.0,7.5,0.0,0.0,0.0,,,0.0,22.6,6.8,8.6,254,294.0,-2.0,0.2,140,資金流入増 / MA上昇配列 / パーフェクトオーダー
9882,イエローハット,卸売業,15.0,15.0,1,1042,★☆☆☆☆,0.0,2.0,-1,2.9,0.0,1.0,0.0,12.0,0.0,0.0,0.0,,,0.0,-0.6,1.4,0.5,1739,1787.0,-0.2,1.0,267,MA上昇配列 / パーフェクトオーダー
1950,日本電設工業,建設業,15.0,15.0,1,1043,★☆☆☆☆,0.0,10.0,0,8.2,0.0,0.0,0.0,5.0,0.0,0.0,0.0,,,0.0,2.3,2.3,3.7,3878,4065.0,3.8,1.0,395,RS転換0日目 / RS加速+8.2
6458,新晃工業,機械,15.0,15.0,1,1044,★☆☆☆☆,0.0,6.0,-1,0.3,0.0,3.0,0.0,6.0,0.0,0.0,0.0,,,0.0,-0.9,1.5,2.1,1224,1263.0,0.3,0.8,404,25MA上抜け8日目
9409,テレビ朝日ホールディングス,情報・通信業,15.0,15.0,1,1045,★☆☆☆☆,0.0,6.0,-1,1.9,0.0,2.0,0.0,7.0,0.0,0.0,0.0,,,0.0,-0.4,1.6,1.9,3066,3165.0,0.6,0.6,622,25MA上抜け6日目
9308,乾汽船,海運業,15.0,15.0,1,1046,★☆☆☆☆,0.0,5.5,35,0.5,0.0,2.0,0.0,7.5,0.0,0.0,0.0,,,0.0,10.2,3.0,6.6,2039,2170.0,5.0,0.6,307,MA上昇配列 / パーフェクトオーダー
4543,テルモ,精密機器,15.0,15.0,1,1047,★☆☆☆☆,0.0,8.0,1,-7.0,0.0,1.0,0.0,6.0,0.0,0.0,0.0,,,0.0,7.1,2.9,2.2,2396,2544.5,-2.0,0.6,12305,RS転換1日目 / MA上昇配列 / パーフェクトオーダー
9889,ＪＢＣＣホールディングス,情報・通信業,15.0,15.0,1,1048,★☆☆☆☆,0.0,2.0,-1,-10.7,0.0,2.0,0.0,8.2,0.0,2.8,0.0,,,0.0,-0.8,2.7,1.9,1639,1733.0,0.8,0.6,368,MA上昇配列 / パーフェクトオーダー / 開示[自己株式の取得](1日前)
3880,大王製紙,パルプ・紙,15.0,15.0,1,1049,★☆☆☆☆,0.0,6.0,-1,0.1,0.0,1.0,0.0,8.0,0.0,0.0,0.0,,,0.0,-2.2,1.7,0.7,955,988.0,0.4,0.9,211,25MA上抜け7日目 / MA上昇配列
4406,新日本理化,化学,15.0,15.0,1,1050,★☆☆☆☆,0.0,5.5,31,0.4,0.0,5.3,0.0,4.2,0.0,0.0,0.0,,,0.0,23.8,2.7,9.0,241,255.0,1.6,0.4,124,買い出来高優勢 / 資金流入増 / MA上昇配列
7931,未来工業,化学,15.0,15.0,1,1051,★☆☆☆☆,0.0,5.5,38,0.7,0.0,2.0,0.0,7.5,0.0,0.0,0.0,,,0.0,6.7,2.2,4.0,3546,3710.0,1.1,0.6,111,MA上昇配列 / パーフェクトオーダー
9006,京浜急行電鉄,陸運業,15.0,15.0,1,1052,★☆☆☆☆,0.0,2.0,-1,0.5,0.0,1.0,0.0,12.0,0.0,0.0,0.0,,,0.0,-1.5,1.2,0.8,1527,1565.0,-1.3,1.0,1117,MA上昇配列 / パーフェクトオーダー
8766,東京海上ホールディングス,保険業,15.0,15.0,1,1053,★☆☆☆☆,0.0,4.0,-1,7.5,0.0,0.0,0.0,9.7,0.0,1.3,0.0,,,0.0,-4.0,2.1,1.4,7479,7806.0,5.4,0.9,36329,RS加速+7.5 / MA上昇配列 / パーフェクトオーダー / 開示[自己株式取得](8日前)
4813,ＡＣＣＥＳＳ,情報・通信業,15.0,15.0,1,1054,★☆☆☆☆,0.0,5.0,26,-1.5,0.0,4.0,0.0,6.0,0.0,0.0,0.0,,,0.0,27.1,6.7,9.7,389,449.0,-0.2,0.6,527,資金流入増
9115,明海グループ,海運業,15.0,15.0,1,1055,★☆☆☆☆,0.0,3.5,34,-6.4,0.0,4.0,0.0,7.5,0.0,0.0,0.0,,,0.0,28.0,10.0,9.8,855,1068.0,-10.8,0.6,122,資金流入増 / MA上昇配列 / パーフェクトオーダー
6454,マックス,機械,15.0,15.0,1,1056,★☆☆☆☆,0.0,4.0,-1,-6.5,0.0,0.0,0.0,8.2,0.0,2.8,0.0,,,0.0,-5.0,2.2,0.2,1751,1832.0,0.8,0.9,479,25MA上抜け5日目 / MA上昇配列 / パーフェクトオーダー / 開示[自己株式の取得](1日前)
135A,ＶＲＡＩＮ　Ｓｏｌｕｔｉｏｎ,情報・通信業,15.0,15.0,1,1057,★☆☆☆☆,0.0,5.0,12,-0.8,0.0,4.0,0.0,6.0,0.0,0.0,0.0,,,0.0,6.5,5.3,1.6,3635,4070.0,-1.1,1.8,229,-
1803,清水建設,建設業,15.0,15.0,1,1058,★☆☆☆☆,0.0,10.0,0,8.9,0.0,0.0,0.0,5.0,0.0,0.0,0.0,,,0.0,2.0,2.2,2.8,2345,2454.0,2.9,0.9,6850,RS転換0日目 / RS加速+8.9
2120,ＬＩＦＵＬＬ,サービス業,15.0,15.0,1,1059,★☆☆☆☆,0.0,3.5,35,-6.2,0.0,4.0,0.0,7.5,0.0,0.0,0.0,,,0.0,12.7,4.3,5.5,216,236.0,-0.4,0.8,276,資金流入増 / MA上昇配列 / パーフェクトオーダー
3895,ハビックス,パルプ・紙,15.0,15.0,1,1060,★☆☆☆☆,0.0,3.5,31,-4.7,0.0,4.0,0.0,7.5,0.0,0.0,0.0,,,0.0,16.0,7.7,5.3,407,481.0,-3.2,0.1,132,資金流入増 / MA上昇配列 / パーフェクトオーダー
5210,日本山村硝子,ガラス・土石製品,15.0,15.0,1,1061,★☆☆☆☆,0.0,10.0,1,0.9,0.0,2.0,0.0,3.0,0.0,0.0,0.0,,,0.0,3.9,1.5,2.4,2871,2959.0,-0.1,0.4,145,RS転換1日目 / MA上昇配列
9048,名古屋鉄道,陸運業,15.0,15.0,1,1062,★☆☆☆☆,0.0,2.0,-1,2.4,0.0,2.0,0.0,11.0,0.0,0.0,0.0,,,0.0,-1.2,1.2,0.4,1848,1891.5,-0.9,0.9,1075,MA上昇配列 / パーフェクトオーダー
9401,ＴＢＳホールディングス,情報・通信業,14.8,14.8,1,1063,★☆☆☆☆,0.0,4.0,-1,7.2,0.0,1.0,0.0,7.0,0.0,2.8,0.0,,,0.0,-0.8,1.8,2.2,5850,6065.0,2.9,0.6,1990,RS加速+7.2 / 開示[自己株式の取得](1日前)
7974,任天堂,その他製品,14.8,14.8,1,1064,★☆☆☆☆,0.0,3.5,31,-0.9,0.0,3.3,0.0,8.0,0.0,0.0,0.0,,,0.0,16.9,3.3,8.6,8502,9103.0,2.7,0.7,84753,買い出来高優勢 / MA上昇配列
590A,ギフティグループ,情報・通信業,14.8,14.8,1,1065,★☆☆☆☆,0.0,3.5,31,-2.2,0.0,3.0,0.0,5.5,0.0,2.8,0.0,,,0.0,23.1,5.8,10.0,1177,1332.0,1.0,0.5,435,MA上昇配列 / 開示[自己株式の取得](1日前)
3741,セック,情報・通信業,14.7,14.7,1,1066,★☆☆☆☆,0.0,9.0,23,5.2,0.0,1.0,0.0,4.7,0.0,0.0,0.0,,,0.0,7.7,2.9,5.1,3101,3295.0,5.6,0.8,238,RS加速+5.2
6143,ソディック,機械,14.7,14.7,1,1067,★☆☆☆☆,0.0,10.0,4,5.6,0.0,0.0,0.0,4.7,0.0,0.0,0.0,,,0.0,1.6,4.6,0.5,1580,1741.0,3.4,0.7,954,RS転換4日目 / RS加速+5.6
2288,丸大食品,食料品,14.7,14.7,1,1068,★☆☆☆☆,0.0,2.0,-1,1.4,0.0,2.0,0.0,10.7,0.0,0.0,0.0,,,0.0,-2.6,1.4,1.1,2206,2268.0,0.4,1.0,261,MA上昇配列 / パーフェクトオーダー
6817,スミダコーポレーション,電気機器,14.7,14.7,1,1069,★☆☆☆☆,0.0,10.0,0,13.4,0.0,2.0,0.0,2.7,0.0,0.0,0.0,,,0.0,3.1,2.5,-1.2,1152,1213.0,-1.4,0.8,287,RS転換0日目 / RS加速+13.4
3778,さくらインターネット,情報・通信業,14.5,14.5,1,1070,★☆☆☆☆,0.0,5.0,28,-0.2,0.0,2.0,0.0,7.5,0.0,0.0,0.0,,,0.0,19.0,7.0,7.2,3256,3790.0,8.3,0.4,5750,MA上昇配列 / パーフェクトオーダー
6209,リケンＮＰＲ,機械,14.5,14.5,1,1071,★☆☆☆☆,0.0,4.0,-1,-0.0,0.0,1.0,0.0,9.5,0.0,0.0,0.0,,,0.0,-4.0,1.7,0.7,3895,4030.0,1.8,0.4,454,25MA上抜け0日目 / MA上昇配列 / パーフェクトオーダー
5892,ｙｕｔｏｒｉ,小売業,14.5,14.5,1,1072,★☆☆☆☆,0.0,3.5,31,-2.7,0.0,3.0,0.0,8.0,0.0,0.0,0.0,,,0.0,14.3,6.5,7.9,2191,2520.0,4.1,0.6,198,MA上昇配列
3939,カナミックネットワーク,情報・通信業,14.5,14.5,1,1073,★☆☆☆☆,0.0,8.0,1,-5.3,0.0,1.0,0.0,5.5,0.0,0.0,0.0,,,0.0,4.1,2.5,1.6,499,526.0,-1.3,0.9,123,RS転換1日目 / MA上昇配列
5707,東邦亜鉛,非鉄金属,14.5,14.5,1,1074,★☆☆☆☆,0.0,5.0,28,-9.3,0.0,4.0,0.0,5.5,0.0,0.0,0.0,,,0.0,23.6,9.0,6.3,899,1097.0,-4.9,0.7,1346,資金流入増 / MA上昇配列
299A,クラシル,サービス業,14.5,14.5,1,1075,★☆☆☆☆,0.0,3.5,35,-14.3,0.0,3.0,0.0,8.0,0.0,0.0,0.0,,,0.0,9.6,5.2,10.0,1178,1315.0,1.2,1.5,231,MA上昇配列
7071,アンビスホールディングス,サービス業,14.5,14.5,1,1076,★☆☆☆☆,0.0,8.0,1,-9.8,0.0,1.0,0.0,5.5,0.0,0.0,0.0,,,0.0,3.0,3.9,1.3,375,407.0,-4.5,1.0,131,RS転換1日目 / MA上昇配列
3853,アステリア,情報・通信業,14.3,14.3,1,1077,★☆☆☆☆,0.0,5.0,17,-1.5,0.0,3.3,0.0,6.0,0.0,0.0,0.0,,,0.0,7.7,4.7,3.9,1059,1170.0,-2.2,0.4,474,買い出来高優勢
7033,マネジメントソリューションズ,サービス業,14.3,14.3,1,1078,★☆☆☆☆,0.0,3.5,34,-5.0,0.0,3.3,0.0,7.5,0.0,0.0,0.0,,,0.0,15.0,3.6,5.4,1518,1635.0,-2.5,0.8,187,買い出来高優勢 / MA上昇配列 / パーフェクトオーダー
6517,デンヨー,電気機器,14.3,14.3,1,1079,★☆☆☆☆,0.0,2.0,-1,-15.8,0.0,1.0,0.0,8.5,0.0,2.8,0.0,,,0.0,-5.5,2.4,3.1,4029,4230.0,3.3,0.9,236,MA上昇配列 / パーフェクトオーダー / 開示[自己株式の取得](1日前)
7173,東京きらぼしフィナンシャルグループ,銀行業,14.2,14.2,1,1080,★☆☆☆☆,0.0,4.0,-1,7.8,0.0,2.0,0.0,8.2,0.0,0.0,0.0,,,0.0,-0.7,2.8,0.6,1638,1734.0,2.9,0.9,1846,RS加速+7.8 / MA上昇配列 / パーフェクトオーダー
7201,日産自動車,輸送用機器,14.2,14.2,1,1081,★☆☆☆☆,0.0,10.0,0,5.4,0.0,2.0,0.0,2.2,0.0,0.0,0.0,,,0.0,1.2,3.1,1.9,318,338.8999938964844,4.7,1.3,11759,RS転換0日目 / RS加速+5.4
2730,エディオン,小売業,14.2,14.2,1,1082,★☆☆☆☆,0.0,4.0,-1,0.2,0.0,2.0,0.0,8.2,0.0,0.0,0.0,,,0.0,-0.1,1.8,0.6,2440,2531.0,-0.6,0.7,692,MA上昇配列 / パーフェクトオーダー
4112,保土谷化学工業,化学,14.2,14.2,1,1083,★☆☆☆☆,0.0,7.0,30,2.0,0.0,2.0,0.0,4.2,0.0,1.0,0.0,,,0.0,8.1,2.8,0.8,2080,2202.0,-1.3,1.1,105,MA上昇配列 / 開示[子会社化](7日前)
3661,エムアップホールディングス,情報・通信業,14.2,14.2,1,1084,★☆☆☆☆,0.0,8.0,1,-3.0,0.0,2.0,0.0,4.2,0.0,0.0,0.0,,,0.0,5.5,3.4,2.6,784,841.0,-2.7,1.0,488,RS転換1日目 / MA上昇配列
4180,Ａｐｐｉｅｒ　Ｇｒｏｕｐ,情報・通信業,14.2,14.2,1,1085,★☆☆☆☆,0.0,7.5,38,3.2,0.0,5.0,0.0,6.7,0.0,0.0,-5.0,,,0.0,42.2,5.9,24.1,1251,1419.0,10.7,1.2,2377,RS加速+3.2 / 資金流入増 / MA上昇配列 / 過熱⚠25MA+24%
8572,アコム,その他金融業,14.0,14.0,1,1086,★☆☆☆☆,0.0,2.0,-1,1.6,0.0,2.0,0.0,10.0,0.0,0.0,0.0,,,0.0,-0.4,1.2,0.8,476,487.8999938964844,-0.6,1.0,543,MA上昇配列
7733,オリンパス,精密機器,14.0,14.0,1,1087,★☆☆☆☆,0.0,3.5,34,-4.0,0.0,3.0,0.0,7.5,0.0,0.0,0.0,,,0.0,14.0,2.8,5.3,2009,2129.5,-1.7,1.0,10476,MA上昇配列 / パーフェクトオーダー
6298,ワイエイシイホールディングス,機械,14.0,14.0,1,1088,★☆☆☆☆,0.0,5.0,14,-3.1,0.0,2.0,0.0,7.0,0.0,0.0,0.0,,,0.0,9.2,4.0,4.6,1210,1316.0,-0.9,0.6,270,-
5406,神戸製鋼所,鉄鋼,14.0,14.0,1,1089,★☆☆☆☆,0.0,4.0,-1,-1.1,0.0,1.0,0.0,9.0,0.0,0.0,0.0,,,0.0,-3.5,1.7,1.9,1994,2064.0,1.9,1.2,4063,25MA上抜け0日目 / MA上昇配列
2281,プリマハム,食料品,14.0,14.0,1,1090,★☆☆☆☆,0.0,4.0,-1,-1.8,0.0,1.0,0.0,9.0,0.0,0.0,0.0,,,0.0,-5.3,1.2,1.5,2404,2464.0,1.3,0.7,365,25MA上抜け2日目 / MA上昇配列
7867,タカラトミー,その他製品,14.0,14.0,1,1091,★☆☆☆☆,0.0,2.0,-1,-3.1,0.0,2.0,0.0,10.0,0.0,0.0,0.0,,,0.0,-0.0,2.0,3.5,3612,3765.0,1.8,0.8,2053,MA上昇配列 / パーフェクトオーダー
6908,イリソ電子工業,電気機器,14.0,14.0,1,1092,★☆☆☆☆,0.0,8.0,-1,4.9,0.0,1.0,0.0,5.0,0.0,0.0,0.0,,,0.0,-0.4,1.8,2.0,2732,2836.0,2.1,1.0,290,RS加速+4.9 / 25MA上抜け2日目
4927,ポーラ・オルビスホールディングス,化学,14.0,14.0,1,1093,★☆☆☆☆,0.0,8.0,1,-0.3,0.0,1.0,0.0,5.0,0.0,0.0,0.0,,,0.0,3.0,1.5,0.3,1345,1386.5,-1.0,0.7,787,RS転換1日目 / MA上昇配列 / パーフェクトオーダー
3915,テラスカイ,情報・通信業,14.0,14.0,1,1094,★☆☆☆☆,0.0,5.0,12,-1.9,0.0,3.0,0.0,6.0,0.0,0.0,0.0,,,0.0,8.8,4.4,7.3,2223,2438.0,7.1,1.3,264,-
3105,日清紡ホールディングス,電気機器,14.0,14.0,1,1095,★☆☆☆☆,0.0,10.0,1,8.4,0.0,2.0,0.0,2.0,0.0,0.0,0.0,,,0.0,1.6,3.7,1.2,2109,2277.0,7.5,0.8,1903,RS転換1日目 / RS加速+8.4
7202,いすゞ自動車,輸送用機器,14.0,14.0,1,1096,★☆☆☆☆,0.0,4.0,-1,7.4,0.0,2.0,0.0,8.0,0.0,0.0,0.0,,,0.0,-2.2,2.1,1.7,2225,2320.0,4.8,1.1,6094,RS加速+7.4 / MA上昇配列
2767,円谷フィールズホールディングス,卸売業,14.0,14.0,1,1097,★☆☆☆☆,0.0,3.5,35,-63.2,0.0,2.0,0.0,8.5,0.0,0.0,0.0,,,0.0,0.3,3.1,4.6,2401,2562.0,1.5,0.5,1996,MA上昇配列 / パーフェクトオーダー
4722,フューチャー,情報・通信業,14.0,14.0,1,1098,★☆☆☆☆,0.0,2.0,-1,-4.9,0.0,1.0,0.0,11.0,0.0,0.0,0.0,,,0.0,-2.9,0.2,0.3,2439,2447.0,-0.0,0.6,2748,MA上昇配列 / パーフェクトオーダー / 52週高値目前
9024,西武ホールディングス,陸運業,14.0,14.0,1,1099,★☆☆☆☆,0.0,4.0,-1,5.1,0.0,3.3,0.0,6.7,0.0,0.0,0.0,,,0.0,-3.5,2.6,1.8,3286,3469.0,2.0,0.6,7322,RS加速+5.1 / 買い出来高優勢 / MA上昇配列
2590,ダイドーグループホールディングス,食料品,13.9,13.9,1,1100,★☆☆☆☆,0.0,2.0,-1,-3.7,0.0,3.3,0.0,7.2,0.0,1.4,0.0,,,0.0,-2.3,3.3,0.1,2791,2987.0,-3.3,1.1,349,買い出来高優勢 / MA上昇配列 / パーフェクトオーダー / 開示[業績予想の修正](6日前)
8002,丸紅,卸売業,13.8,13.8,1,1101,★☆☆☆☆,0.0,4.0,-1,7.2,0.0,1.0,0.0,6.0,0.0,2.8,0.0,,,0.0,-3.2,2.2,2.6,4899,5122.0,3.3,1.0,21799,RS加速+7.2 / 開示[自己株式の取得](1日前)
6627,テラプローブ,電気機器,13.7,13.7,1,1102,★☆☆☆☆,0.0,10.0,4,4.9,0.0,0.0,0.0,3.7,0.0,0.0,0.0,,,0.0,2.5,7.9,1.2,9380,11130.0,3.5,0.3,2065,RS転換4日目 / RS加速+4.9
6376,日機装,精密機器,13.7,13.7,1,1103,★☆☆☆☆,0.0,4.0,-1,13.3,0.0,1.0,0.0,8.7,0.0,0.0,0.0,,,0.0,-3.2,7.3,0.6,3223,3775.0,9.4,0.7,2706,RS加速+13.3 / MA上昇配列 / パーフェクトオーダー
9413,テレビ東京ホールディングス,情報・通信業,13.7,13.7,1,1104,★☆☆☆☆,0.0,10.0,0,6.4,0.0,0.0,0.0,3.7,0.0,0.0,0.0,,,0.0,0.6,1.5,1.0,3359,3465.0,0.1,0.5,265,RS転換0日目 / RS加速+6.4
6905,コーセル,電気機器,13.7,13.7,1,1105,★☆☆☆☆,0.0,10.0,3,-0.7,0.0,0.0,0.0,3.7,0.0,0.0,0.0,,,0.0,0.3,2.4,0.5,1258,1322.0,0.6,0.8,195,RS転換3日目 / 25MA上抜け3日目
7564,ワークマン,小売業,13.7,13.7,1,1106,★☆☆☆☆,0.0,8.0,1,-2.8,0.0,1.0,0.0,4.7,0.0,0.0,0.0,,,0.0,3.5,2.7,1.3,5899,6240.0,-0.8,0.7,2645,RS転換1日目
2784,アルフレッサ　ホールディングス,卸売業,13.7,13.7,1,1107,★☆☆☆☆,0.0,4.0,-1,4.7,0.0,2.0,0.0,7.7,0.0,0.0,0.0,,,0.0,-0.5,1.3,1.8,2271,2332.0,0.6,0.8,1163,RS加速+4.7 / MA上昇配列
8591,オリックス,その他金融業,13.7,13.7,1,1108,★☆☆☆☆,0.0,4.0,-1,4.5,0.0,0.0,0.0,9.7,0.0,0.0,0.0,,,0.0,-2.8,2.1,0.7,6099,6361.0,1.3,0.9,20425,RS加速+4.5 / MA上昇配列 / パーフェクトオーダー
6525,ＫＯＫＵＳＡＩ　ＥＬＥＣＴＲＩＣ,電気機器,13.7,13.7,1,1109,★☆☆☆☆,0.0,10.0,4,9.2,0.0,0.0,0.0,3.7,0.0,0.0,0.0,,,0.0,6.9,6.1,4.0,7515,8559.0,0.8,1.0,69950,RS転換4日目 / RS加速+9.2
8750,第一ライフグループ,保険業,13.7,13.7,1,1110,★☆☆☆☆,0.0,4.0,-1,5.4,0.0,0.0,0.0,9.7,0.0,0.0,0.0,,,0.0,-4.1,2.1,0.6,1791,1868.5,3.7,1.2,15777,RS加速+5.4 / MA上昇配列 / パーフェクトオーダー
3110,日東紡績,ガラス・土石製品,13.7,13.7,1,1111,★☆☆☆☆,0.0,10.0,3,17.9,0.0,0.0,0.0,3.7,0.0,0.0,0.0,,,0.0,10.3,6.4,4.2,2742,3145.0,5.9,0.5,23958,RS転換3日目 / RS加速+17.9
4973,日本高純度化学,化学,13.7,13.7,1,1112,★☆☆☆☆,0.0,8.0,6,2.6,0.0,2.0,0.0,3.7,0.0,0.0,0.0,,,0.0,7.6,2.4,4.3,4604,4840.0,1.9,0.8,299,RS転換6日目
2914,日本たばこ産業,食料品,13.7,13.7,1,1113,★☆☆☆☆,0.0,4.0,-1,-7.8,0.0,0.0,0.0,9.7,0.0,0.0,0.0,,,0.0,-2.2,1.6,1.3,6825,7050.0,0.9,1.0,23661,25MA上抜け0日目 / MA上昇配列 / パーフェクトオーダー / 52週高値目前
6356,日本ギア工業,機械,13.7,13.7,1,1114,★☆☆☆☆,0.0,10.0,1,7.2,0.0,0.0,0.0,3.7,0.0,0.0,0.0,,,0.0,2.1,3.1,1.4,1267,1350.0,1.7,1.0,104,RS転換1日目 / RS加速+7.2
9467,アルファポリス,情報・通信業,13.5,13.5,1,1115,★☆☆☆☆,0.0,5.0,11,-8.7,0.0,3.0,0.0,5.5,0.0,0.0,0.0,,,0.0,8.2,4.6,3.0,1043,1149.0,-5.2,1.1,233,資金流入増 / MA上昇配列
3903,ｇｕｍｉ,情報・通信業,13.5,13.5,1,1116,★☆☆☆☆,0.0,3.5,32,-2.1,0.0,3.3,0.0,6.7,0.0,0.0,0.0,,,0.0,9.8,3.5,9.4,270,290.0,3.2,1.0,138,買い出来高優勢 / MA上昇配列
7731,ニコン,精密機器,13.5,13.5,1,1117,★☆☆☆☆,0.0,10.0,0,13.5,0.0,1.0,0.0,2.5,0.0,0.0,0.0,,,0.0,1.7,2.9,-0.5,1844,1956.0,-0.7,0.9,3350,RS転換0日目 / RS加速+13.5
9511,沖縄電力,電気・ガス業,13.5,13.5,1,1118,★☆☆☆☆,0.0,7.5,34,-17.2,0.0,2.0,0.0,4.0,0.0,0.0,0.0,,,0.0,6.3,2.0,8.6,1153,1200.0,2.0,0.9,299,高値圏かつ未過熱 / MA上昇配列 / RSI過熱(87)⚠
4516,日本新薬,医薬品,13.5,13.5,1,1119,★☆☆☆☆,0.0,10.0,1,15.5,0.0,2.0,0.0,1.5,0.0,0.0,0.0,,,0.0,0.7,2.1,-0.5,3400,3549.0,0.5,1.3,1342,RS転換1日目 / RS加速+15.5
3668,コロプラ,情報・通信業,13.5,13.5,1,1120,★☆☆☆☆,0.0,3.5,34,-3.9,0.0,2.0,0.0,8.0,0.0,0.0,0.0,,,0.0,6.7,2.4,5.4,418,439.0,0.7,1.0,260,MA上昇配列
1882,東亜道路工業,建設業,13.5,13.5,1,1121,★☆☆☆☆,0.0,6.0,-1,0.7,0.0,1.0,0.0,6.5,0.0,0.0,0.0,,,0.0,-1.6,1.1,0.7,1593,1628.0,0.5,1.5,580,25MA上抜け8日目 / MA上昇配列
5911,横河ブリッジホールディングス,金属製品,13.5,13.5,1,1122,★☆☆☆☆,0.0,4.0,-1,1.5,0.0,2.0,0.0,7.5,0.0,0.0,0.0,,,0.0,-0.4,1.1,1.4,2939,3005.0,0.5,1.1,259,MA上昇配列
2656,ベクターホールディングス,小売業,13.4,13.399999999999999,1,1123,★☆☆☆☆,0.0,3.0,29,-24.2,0.0,8.7,0.0,0.0,0.0,1.7,0.0,,,0.0,1.3,7.7,-4.7,144,170.0,-14.1,3.0,106,出来高急増3.0倍 / 資金流入増 / 開示[受注](2日前)
8995,誠建設工業,不動産業,13.2,13.2,1,1124,★☆☆☆☆,0.0,5.0,26,-29.0,0.0,4.0,0.0,4.2,0.0,0.0,0.0,,,0.0,32.1,19.3,11.0,946,1540.0,0.5,1.9,482,資金流入増 / MA上昇配列
9201,日本航空,空運業,13.2,13.2,1,1125,★☆☆☆☆,0.0,4.0,-1,-3.1,0.0,1.0,0.0,8.2,0.0,0.0,0.0,,,0.0,-1.5,1.5,0.3,2936,3025.0,0.1,0.7,5862,25MA上抜け0日目 / MA上昇配列 / パーフェクトオーダー
7510,たけびし,卸売業,13.2,13.2,1,1126,★☆☆☆☆,0.0,2.0,-1,-11.8,0.0,3.0,0.0,8.2,0.0,0.0,0.0,,,0.0,-1.1,2.4,1.8,2672,2807.0,1.7,1.2,121,資金流入増 / MA上昇配列 / パーフェクトオーダー
8303,ＳＢＩ新生銀行,銀行業,13.2,13.2,1,1127,★☆☆☆☆,0.0,5.5,33,1.7,0.0,2.0,0.0,5.7,0.0,0.0,0.0,,,0.0,5.7,2.3,2.7,1508,1580.0,2.6,0.7,5146,MA上昇配列
4599,ステムリム,医薬品,13.2,13.2,1,1128,★☆☆☆☆,0.0,5.0,23,-4.5,0.0,2.0,0.0,6.2,0.0,0.0,0.0,,,0.0,12.2,4.5,3.5,310,341.0,-3.4,0.9,125,資金流入増 / MA上昇配列 / パーフェクトオーダー
3315,日本コークス工業,石油・石炭製品,13.2,13.2,1,1129,★☆☆☆☆,0.0,3.5,33,-1.7,0.0,3.0,0.0,6.7,0.0,0.0,0.0,,,0.0,6.3,3.4,4.5,98,105.0,1.0,1.9,684,MA上昇配列
6469,放電精密加工研究所,機械,13.2,13.2,1,1130,★☆☆☆☆,0.0,7.0,14,2.9,0.0,2.0,0.0,4.2,0.0,0.0,0.0,,,0.0,9.9,4.5,2.5,2638,2902.0,-3.2,0.7,174,MA上昇配列
6869,シスメックス,電気機器,13.0,13.0,1,1131,★☆☆☆☆,0.0,3.5,38,-1.1,0.0,3.3,0.0,6.2,0.0,0.0,0.0,,,0.0,20.2,2.7,7.8,1859,1967.0,-0.2,0.7,5870,買い出来高優勢 / MA上昇配列 / パーフェクトオーダー
4958,長谷川香料,化学,13.0,13.0,1,1132,★☆☆☆☆,0.0,2.0,-1,-1.0,0.0,0.0,0.0,11.0,0.0,0.0,0.0,,,0.0,-0.4,1.3,1.8,3291,3380.0,0.7,0.7,175,MA上昇配列 / パーフェクトオーダー / 52週高値目前
9621,建設技術研究所,サービス業,13.0,13.0,1,1133,★☆☆☆☆,0.0,2.0,-1,-11.0,0.0,3.0,0.0,5.2,0.0,2.8,0.0,,,0.0,-4.4,2.6,0.9,3031,3195.0,0.6,1.1,261,MA上昇配列 / 開示[自己株式の取得](1日前)
6005,三浦工業,機械,13.0,13.0,1,1134,★☆☆☆☆,0.0,6.0,-1,1.8,0.0,1.0,0.0,6.0,0.0,0.0,0.0,,,0.0,-0.3,2.2,2.1,3098,3239.0,0.2,0.7,1447,25MA上抜け6日目
2726,パルグループホールディングス,小売業,13.0,13.0,1,1135,★☆☆☆☆,0.0,4.0,-1,-9.0,0.0,2.0,0.0,4.2,0.0,2.8,0.0,,,0.0,-3.2,2.4,0.3,1439,1510.0,-2.5,1.0,910,25MA上抜け1日目 / MA上昇配列 / 開示[自己株式の取得](1日前)
6613,ＱＤレーザ,電気機器,13.0,13.0,1,1136,★☆☆☆☆,0.0,5.0,11,-23.3,0.0,2.0,0.0,6.0,0.0,0.0,0.0,,,0.0,33.5,9.8,6.8,1630,2027.0,-17.3,0.6,7476,-
2395,新日本科学,サービス業,13.0,13.0,1,1137,★☆☆☆☆,0.0,10.0,1,5.1,0.0,3.0,0.0,0.0,0.0,0.0,0.0,,,0.0,8.3,2.8,-0.5,1313,1390.0,0.3,0.4,371,RS転換1日目 / RS加速+5.1
3676,デジタルハーツホールディングス,情報・通信業,13.0,13.0,1,1138,★☆☆☆☆,0.0,3.5,35,-5.8,0.0,4.0,0.0,5.5,0.0,0.0,0.0,,,0.0,36.5,0.1,10.8,1055,1058.0,0.0,0.5,477,資金流入増 / MA上昇配列
6875,メガチップス,電気機器,13.0,13.0,1,1139,★☆☆☆☆,0.0,9.0,16,3.2,0.0,2.0,0.0,2.0,0.0,0.0,0.0,,,0.0,14.7,3.9,3.7,9984,10840.0,1.3,0.7,1413,RS加速+3.2
9424,日本通信,情報・通信業,13.0,13.0,1,1140,★☆☆☆☆,0.0,4.0,-1,-3.4,0.0,1.0,0.0,8.0,0.0,0.0,0.0,,,0.0,-2.2,3.4,2.2,109,117.0,0.0,1.0,263,25MA上抜け5日目 / MA上昇配列
3465,ケイアイスター不動産,不動産業,13.0,13.0,1,1141,★☆☆☆☆,0.0,10.0,0,-6.5,0.0,2.0,0.0,1.0,0.0,0.0,0.0,,,0.0,0.6,3.9,-3.5,3295,3570.0,-8.3,0.8,711,RS転換0日目 / 高値圏かつ未過熱
6902,デンソー,輸送用機器,13.0,13.0,1,1142,★☆☆☆☆,0.0,4.0,-1,7.7,0.0,2.0,0.0,7.0,0.0,0.0,0.0,,,0.0,-0.3,1.8,1.2,1911,1981.0,3.1,1.2,13648,RS加速+7.7 / MA上昇配列
1514,住石ホールディングス,鉱業,12.9,12.9,1,1143,★☆☆☆☆,0.0,3.5,35,-8.3,0.0,2.0,0.0,5.5,0.0,1.9,0.0,,,0.0,9.6,4.3,3.1,601,658.0,-8.1,0.8,337,MA上昇配列 / 開示[自己株式の取得](5日前)
4220,リケンテクノス,化学,12.8,12.8,1,1144,★☆☆☆☆,0.0,2.0,-1,-45.9,0.0,2.0,0.0,6.0,0.0,2.8,0.0,,,0.0,-3.8,2.7,1.4,2461,2601.0,-1.0,0.6,522,資金流入増 / MA上昇配列 / パーフェクトオーダー / 開示[自己株式の取得](1日前)
6629,テクノホライゾン,電気機器,12.7,12.7,1,1145,★☆☆☆☆,0.0,8.0,3,2.9,0.0,0.0,0.0,4.7,0.0,0.0,0.0,,,0.0,1.6,3.1,1.6,926,987.0,0.4,0.7,154,RS転換3日目
2379,ディップ,サービス業,12.7,12.7,1,1146,★☆☆☆☆,0.0,4.0,-1,-2.8,0.0,2.0,0.0,6.7,0.0,0.0,0.0,,,0.0,-1.1,1.4,0.2,1764,1817.0,-1.4,1.0,612,25MA上抜け9日目 / MA上昇配列
6616,トレックス・セミコンダクター,電気機器,12.7,12.7,1,1147,★☆☆☆☆,0.0,7.0,13,-3.3,0.0,2.0,0.0,3.7,0.0,0.0,0.0,,,0.0,4.8,4.9,1.2,1770,1963.0,-2.2,1.0,253,25MA上抜け8日目
4980,デクセリアルズ,化学,12.7,12.7,1,1148,★☆☆☆☆,0.0,4.0,-1,7.6,6.0,0.0,0.0,2.7,0.0,0.0,0.0,,,0.0,-10.7,4.4,-2.2,2777,3046.0,0.8,0.7,5737,RS加速+7.6 / 光通信・電線(-0.2%)
7366,ＬＩＴＡＬＩＣＯ,サービス業,12.7,12.7,1,1149,★☆☆☆☆,0.0,3.5,35,-3.6,0.0,3.0,0.0,6.2,0.0,0.0,0.0,,,0.0,14.5,3.1,4.5,1746,1860.0,-3.5,0.6,268,MA上昇配列 / パーフェクトオーダー
6779,日本電波工業,電気機器,12.7,12.7,1,1150,★☆☆☆☆,0.0,10.0,5,4.8,0.0,0.0,0.0,2.7,0.0,0.0,0.0,,,0.0,4.8,7.4,-1.1,2347,2757.0,-2.0,0.6,2399,RS転換5日目 / RS加速+4.8
3131,シンデン・ハイテックス,卸売業,12.7,12.7,1,1151,★☆☆☆☆,0.0,4.5,41,-24.1,0.0,4.0,0.0,7.2,0.0,0.0,-3.0,,,0.0,49.9,7.2,17.9,5510,6430.0,3.7,0.6,471,資金流入増 / MA上昇配列 / パーフェクトオーダー / 伸びすぎ注意(25MA+18%)
1332,ニッスイ,水産・農林業,12.5,12.5,1,1152,★☆☆☆☆,0.0,6.0,-1,0.8,0.0,2.0,0.0,4.5,0.0,0.0,0.0,,,0.0,-0.3,1.9,0.3,1235,1282.5,-1.0,0.8,1864,25MA上抜け0日目
5351,品川リフラ,ガラス・土石製品,12.5,12.5,1,1153,★☆☆☆☆,0.0,6.0,-1,0.0,0.0,0.0,0.0,6.5,0.0,0.0,0.0,,,0.0,-1.1,1.4,0.8,2033,2090.0,-0.2,1.1,255,25MA上抜け7日目 / MA上昇配列
4894,クオリプス,医薬品,12.5,12.5,1,1154,★☆☆☆☆,0.0,3.5,41,-3.2,0.0,1.0,0.0,8.0,0.0,0.0,0.0,,,0.0,22.4,5.3,11.3,5084,5690.0,3.6,1.0,623,MA上昇配列
6364,ＡＩＲＭＡＮ,機械,12.5,12.5,1,1155,★☆☆☆☆,0.0,2.0,-1,-31.0,0.0,1.0,0.0,9.5,0.0,0.0,0.0,,,0.0,-6.3,2.7,2.5,2448,2587.0,2.1,0.7,258,MA上昇配列 / パーフェクトオーダー
402A,アクセルスペースホールディングス,輸送用機器,12.5,12.5,1,1156,★☆☆☆☆,0.0,7.0,17,1.2,0.0,2.0,0.0,3.5,0.0,0.0,0.0,,,0.0,10.5,3.8,4.5,489,530.0,2.7,0.8,650,-
2371,カカクコム,サービス業,12.5,12.5,1,1157,★☆☆☆☆,0.0,4.0,-1,-0.8,0.0,0.0,0.0,8.5,0.0,0.0,0.0,,,0.0,-2.9,0.7,0.0,3640,3694.0,1.1,0.5,950,25MA上抜け0日目 / MA上昇配列 / パーフェクトオーダー / 52週高値目前
4375,セーフィー,情報・通信業,12.3,12.3,1,1158,★☆☆☆☆,0.0,4.0,-1,-2.2,0.0,1.0,0.0,6.0,0.0,1.3,0.0,,,0.0,-0.1,4.2,2.3,617,674.0,-0.9,1.3,155,25MA上抜け8日目 / 開示[子会社化](5日前)
6369,トーヨーカネツ,機械,12.3,12.3,1,1159,★☆☆☆☆,0.0,4.0,-1,-0.1,0.0,0.0,0.0,5.5,0.0,2.8,0.0,,,0.0,-0.8,1.7,0.2,2388,2472.0,0.0,0.7,232,25MA上抜け8日目 / MA上昇配列 / 開示[自己株式の取得](1日前)
9880,イノテック,電気機器,12.2,12.2,1,1160,★☆☆☆☆,0.0,10.0,0,-8.2,0.0,0.0,0.0,2.2,0.0,0.0,0.0,,,0.0,0.6,4.1,0.7,3274,3570.0,-2.2,0.7,675,RS転換0日目 / 25MA上抜け0日目
1333,Ｕｍｉｏｓ,水産・農林業,12.0,12.0,1,1161,★☆☆☆☆,0.0,2.0,-1,1.0,0.0,2.0,0.0,8.0,0.0,0.0,0.0,,,0.0,-3.1,1.4,0.5,1272,1308.0,0.3,0.8,691,MA上昇配列
6503,三菱電機,電気機器,12.0,12.0,1,1162,★☆☆☆☆,0.0,0.0,-1,-0.9,9.7,1.0,0.0,1.0,0.0,0.3,0.0,,,0.0,-3.3,3.1,-3.2,5179,5521.0,-1.7,0.9,31308,AIデータセンター・電力(+1.9%) / 開示[子会社化](13日前) / 開示[子会社化](13日前)
6167,冨士ダイス,機械,12.0,12.0,1,1163,★☆☆☆☆,0.0,7.0,17,1.2,0.0,2.0,0.0,3.0,0.0,0.0,0.0,,,0.0,7.3,2.7,1.5,983,1040.0,1.2,0.5,119,MA上昇配列
7747,朝日インテック,精密機器,12.0,12.0,1,1164,★☆☆☆☆,0.0,10.0,1,-8.3,0.0,1.0,0.0,1.0,0.0,0.0,0.0,,,0.0,3.7,3.8,-0.9,3511,3797.0,-5.6,0.7,5098,RS転換1日目 / 高値圏かつ未過熱
3168,ＭＥＲＦ,卸売業,12.0,12.0,1,1165,★☆☆☆☆,0.0,5.0,26,-6.4,0.0,2.0,0.0,5.0,0.0,0.0,0.0,,,0.0,8.8,5.3,0.5,1258,1407.0,-1.3,0.8,175,MA上昇配列 / パーフェクトオーダー
9045,京阪ホールディングス,陸運業,12.0,12.0,1,1166,★☆☆☆☆,0.0,2.0,-1,0.8,0.0,1.0,0.0,9.0,0.0,0.0,0.0,,,0.0,-1.4,1.3,0.6,3136,3221.0,-1.5,0.8,945,MA上昇配列
1898,世紀東急工業,建設業,12.0,12.0,1,1167,★☆☆☆☆,0.0,2.0,-1,-0.2,0.0,1.0,0.0,9.0,0.0,0.0,0.0,,,0.0,-1.0,1.1,1.6,1479,1511.0,0.6,1.1,267,MA上昇配列
6840,ＡＫＩＢＡホールディングス,電気機器,12.0,12.0,1,1168,★☆☆☆☆,0.0,5.0,12,-7.2,0.0,1.0,0.0,6.0,0.0,0.0,0.0,,,0.0,9.3,7.3,2.9,643,754.0,-3.7,0.3,567,-
4507,塩野義製薬,医薬品,12.0,12.0,1,1169,★☆☆☆☆,0.0,4.0,-1,-0.4,0.0,0.0,0.0,8.0,0.0,0.0,0.0,,,0.0,-1.3,1.8,2.3,2845,2950.0,1.3,0.9,7157,25MA上抜け8日目 / MA上昇配列
1893,五洋建設,建設業,12.0,12.0,1,1170,★☆☆☆☆,0.0,4.0,-1,8.1,0.0,3.0,0.0,5.0,0.0,0.0,0.0,,,0.0,-2.8,2.7,2.5,1417,1498.0,4.5,1.3,3287,RS加速+8.1
9166,ＧＥＮＤＡ,サービス業,11.9,11.9,1,1171,★☆☆☆☆,0.0,3.5,34,-7.8,0.0,2.0,0.0,5.5,0.0,0.9,0.0,,,0.0,22.7,5.5,5.5,653,734.0,-4.7,0.6,1467,MA上昇配列 / 開示[業務提携](9日前)
5202,日本板硝子,ガラス・土石製品,11.8,11.8,1,1172,★☆☆☆☆,0.0,2.0,-1,-1.0,0.0,4.3,0.0,5.5,0.0,0.0,0.0,,,0.0,-0.7,0.4,1.4,488,492.0,0.0,3.0,681,出来高増3.0倍 / MA上昇配列 / RSI過熱(87)⚠
3431,宮地エンジニアリンググループ,金属製品,11.8,11.8,1,1173,★☆☆☆☆,0.0,2.0,-1,-3.9,0.0,4.3,0.0,5.5,0.0,0.0,0.0,,,0.0,-0.9,1.4,0.4,1569,1614.0,-1.7,1.3,133,買い出来高優勢 / MA上昇配列
6492,岡野バルブ製造,機械,11.7,11.7,1,1174,★☆☆☆☆,0.0,8.0,4,1.4,0.0,0.0,0.0,3.7,0.0,0.0,0.0,,,0.0,0.8,5.5,0.6,12587,14130.0,0.5,0.3,254,RS転換4日目
9793,ダイセキ,サービス業,11.7,11.7,1,1175,★☆☆☆☆,0.0,6.0,-1,0.9,0.0,1.0,0.0,4.7,0.0,0.0,0.0,,,0.0,-0.0,1.4,0.4,3684,3790.0,-0.6,1.0,426,25MA上抜け7日目
5930,文化シヤッター,金属製品,11.7,11.7,1,1176,★☆☆☆☆,0.0,4.0,-1,4.7,0.0,3.0,0.0,4.7,0.0,0.0,0.0,,,0.0,-0.1,1.3,2.8,1874,1924.0,1.4,0.8,304,RS加速+4.7
7421,カッパ・クリエイト,小売業,11.7,11.7,1,1177,★☆☆☆☆,0.0,4.0,-1,-4.8,0.0,0.0,0.0,7.7,0.0,0.0,0.0,,,0.0,-1.9,1.3,2.0,1590,1633.0,0.8,1.2,127,25MA上抜け10日目 / MA上昇配列
2593,伊藤園,食料品,11.7,11.7,1,1178,★☆☆☆☆,0.0,2.0,-1,1.3,0.0,3.0,0.0,6.7,0.0,0.0,0.0,,,0.0,-1.0,1.7,0.6,2908,3011.0,-1.1,1.5,970,MA上昇配列
5393,ニチアス,ガラス・土石製品,11.5,11.5,1,1179,★☆☆☆☆,0.0,8.0,-1,3.4,0.0,0.0,0.0,3.5,0.0,0.0,0.0,,,0.0,-1.6,3.2,0.6,3221,3440.0,2.4,0.7,2041,RS加速+3.4 / 25MA上抜け1日目
6954,ファナック,電気機器,11.5,11.5,1,1180,★☆☆☆☆,0.0,4.0,-1,7.2,6.0,0.0,0.0,1.5,0.0,0.0,0.0,,,0.0,-5.1,3.0,-5.1,5634,5989.0,-1.0,0.5,37436,RS加速+7.2 / ロボット(-2.7%)
3491,ＧＡ　ｔｅｃｈｎｏｌｏｇｉｅｓ,不動産業,11.5,11.5,1,1181,★☆☆☆☆,0.0,3.5,35,-9.6,0.0,0.0,0.0,8.0,0.0,0.0,0.0,,,0.0,7.5,3.3,4.1,1466,1570.0,0.1,0.9,265,MA上昇配列
6327,北川精機,機械,11.5,11.5,1,1182,★☆☆☆☆,0.0,10.0,4,13.7,0.0,0.0,0.0,1.5,0.0,0.0,0.0,,,0.0,3.3,9.3,-4.0,2546,3125.0,-5.6,0.3,2155,RS転換4日目 / RS加速+13.7
6632,ＪＶＣケンウッド,電気機器,11.3,11.3,1,1183,★☆☆☆☆,0.0,2.0,-1,2.6,0.0,4.3,0.0,5.0,0.0,0.0,0.0,,,0.0,-10.3,2.2,2.1,1010,1057.0,4.2,0.6,1723,買い出来高優勢
9227,マイクロ波化学,サービス業,11.2,11.2,1,1184,★☆☆☆☆,0.0,6.0,2,-7.8,0.0,4.0,0.0,1.2,0.0,0.0,0.0,,,0.0,1.8,4.9,-1.9,803,891.0,-2.5,1.6,169,RS転換2日目
6946,日本アビオニクス,電気機器,11.2,11.2,1,1185,★☆☆☆☆,0.0,7.0,28,-5.8,0.0,0.0,0.0,4.2,0.0,0.0,0.0,,,0.0,2.8,5.4,0.7,5050,5660.0,-2.7,0.7,981,25MA上抜け6日目 / MA上昇配列
5988,パイオラックス,金属製品,11.2,11.2,1,1186,★☆☆☆☆,0.0,4.0,-1,-2.9,0.0,3.0,0.0,4.2,0.0,0.0,0.0,,,0.0,-3.6,1.4,0.1,1678,1725.0,0.4,1.3,131,25MA上抜け7日目 / MA上昇配列
3189,ＡＮＡＰホールディングス,小売業,11.2,11.2,1,1187,★☆☆☆☆,0.0,5.0,17,-32.1,0.0,2.0,0.0,4.2,0.0,0.0,0.0,,,0.0,15.0,15.8,4.1,81,118.0,-21.3,0.6,171,資金流入増 / MA上昇配列
3064,ＭｏｎｏｔａＲＯ,小売業,11.2,11.2,1,1188,★☆☆☆☆,0.0,2.0,-1,1.6,0.0,2.0,0.0,2.7,0.0,4.5,0.0,,,0.0,-6.1,2.4,-0.2,1812,1902.0,2.4,0.6,3793,開示[自己株式の取得](1日前) / 開示[自己株式取得](6日前)
3222,ユナイテッド・スーパーマーケット・ホールディングス,小売業,11.2,11.2,1,1189,★☆☆☆☆,0.0,4.0,-1,-1.1,0.0,3.0,0.0,4.2,0.0,0.0,0.0,,,0.0,-0.3,1.9,0.2,787,818.0,-1.8,0.5,714,25MA上抜け0日目 / 資金流入増 / MA上昇配列
2502,アサヒグループホールディングス,食料品,11.2,11.2,1,1190,★☆☆☆☆,0.0,4.0,-1,-0.3,0.0,2.0,0.0,5.2,0.0,0.0,0.0,,,0.0,-0.9,2.0,0.7,1626,1693.0,0.3,0.6,11711,25MA上抜け0日目 / MA上昇配列
3395,サンマルクホールディングス,小売業,11.0,11.0,1,1191,★☆☆☆☆,0.0,2.0,-1,1.2,0.0,3.0,0.0,6.0,0.0,0.0,0.0,,,0.0,-2.7,1.5,0.6,2424,2500.0,-1.1,0.8,304,-
7512,イオン北海道,小売業,11.0,11.0,1,1192,★☆☆☆☆,0.0,2.0,-1,-0.4,0.0,1.0,0.0,8.0,0.0,0.0,0.0,,,0.0,-0.1,1.3,0.8,835,857.0,-0.7,1.0,135,MA上昇配列
2791,大黒天物産,小売業,11.0,11.0,1,1193,★☆☆☆☆,0.0,2.0,-1,-2.8,0.0,1.0,0.0,8.0,0.0,0.0,0.0,,,0.0,-1.8,2.3,0.1,4336,4545.0,-1.5,0.9,191,MA上昇配列
7966,リンテック,その他製品,11.0,11.0,1,1194,★☆☆☆☆,0.0,4.0,-1,3.9,0.0,5.7,0.0,0.0,0.0,1.3,0.0,,,0.0,-14.2,3.6,-7.3,5100,5500.0,0.5,4.5,3432,RS加速+3.9 / 出来高急増4.5倍 / 開示[自己株式の取得](9日前) / 開示[自己株式取得](13日前)
4901,富士フイルムホールディングス,化学,11.0,11.0,1,1195,★☆☆☆☆,0.0,4.0,-1,5.1,0.0,1.0,0.0,6.0,0.0,0.0,0.0,,,0.0,-11.5,2.3,0.6,3299,3458.0,6.4,0.5,22348,RS加速+5.1
5110,住友ゴム工業,ゴム製品,11.0,11.0,1,1196,★☆☆☆☆,0.0,8.0,0,0.8,0.0,2.0,0.0,1.0,0.0,0.0,0.0,,,0.0,1.6,2.5,-0.6,2179,2292.5,0.1,0.8,4691,RS転換0日目
9956,バローホールディングス,小売業,11.0,11.0,1,1197,★☆☆☆☆,0.0,4.0,-1,-1.1,0.0,1.0,0.0,6.0,0.0,0.0,0.0,,,0.0,-0.2,1.7,1.8,3198,3310.0,0.0,0.8,669,25MA上抜け8日目
9843,ニトリホールディングス,小売業,11.0,11.0,1,1198,★☆☆☆☆,0.0,3.5,31,-9.0,0.0,2.0,0.0,5.5,0.0,0.0,0.0,,,0.0,11.7,2.6,5.0,2874,3030.0,-1.4,0.4,10283,MA上昇配列
7412,アトム,小売業,11.0,11.0,1,1199,★☆☆☆☆,0.0,4.0,-1,-3.0,0.0,2.0,0.0,5.0,0.0,0.0,0.0,,,0.0,-0.6,2.9,3.2,364,386.0,0.8,0.4,278,25MA上抜け2日目
5541,大平洋金属,鉄鋼,10.7,10.7,1,1200,★☆☆☆☆,0.0,3.5,33,-2.7,0.0,3.0,0.0,4.2,0.0,0.0,0.0,,,0.0,6.5,3.2,2.6,2494,2662.0,-0.3,0.6,683,MA上昇配列
8129,東邦ホールディングス,卸売業,10.7,10.7,1,1201,★☆☆☆☆,0.0,4.0,-1,5.4,0.0,2.0,0.0,4.7,0.0,0.0,0.0,,,0.0,-2.3,2.0,1.9,3848,4012.0,1.5,1.1,552,RS加速+5.4
464A,ＱＰＳホールディングス,情報・通信業,10.7,10.7,1,1202,★☆☆☆☆,0.0,5.0,11,-6.2,0.0,1.0,0.0,4.7,0.0,0.0,0.0,,,0.0,16.1,5.0,6.4,1637,1820.0,2.0,0.8,2645,-
9023,東京地下鉄,陸運業,10.7,10.7,1,1203,★☆☆☆☆,0.0,4.0,-1,-3.5,0.0,0.0,0.0,6.7,0.0,0.0,0.0,,,0.0,-3.0,1.2,0.2,1434,1470.5,-1.0,0.9,2254,25MA上抜け8日目 / MA上昇配列
9902,日伝,卸売業,10.7,10.7,1,1204,★☆☆☆☆,0.0,2.0,-1,-6.9,0.0,0.0,0.0,8.5,0.0,0.2,0.0,,,0.0,-2.2,2.1,2.0,2972,3100.0,2.5,0.9,181,MA上昇配列 / パーフェクトオーダー / 開示[自己株式の取得](13日前)
4169,ＥＮＥＣＨＡＮＧＥ,情報・通信業,10.7,10.7,1,1205,★☆☆☆☆,0.0,3.5,41,-11.9,0.0,3.0,0.0,4.2,0.0,0.0,0.0,,,0.0,15.0,8.3,1.8,235,281.0,-3.1,0.4,514,資金流入増 / MA上昇配列
6849,日本光電工業,電気機器,10.7,10.7,1,1206,★☆☆☆☆,0.0,2.0,-1,1.7,0.0,3.0,0.0,5.7,0.0,0.0,0.0,,,0.0,-5.2,2.5,0.4,1454,1530.5,1.2,0.7,1335,MA上昇配列
4424,Ａｍａｚｉａ,情報・通信業,10.6,10.6,1,1207,★☆☆☆☆,0.0,4.0,-1,11.6,0.0,0.0,0.0,5.5,0.0,1.1,0.0,,,0.0,-8.6,9.5,0.4,287,355.0,6.9,0.4,184,RS加速+11.6 / MA上昇配列 / 開示[業績予想の修正](8日前)
3397,トリドールホールディングス,小売業,10.5,10.5,1,1208,★☆☆☆☆,0.0,4.0,-1,-3.8,0.0,0.0,0.0,6.5,0.0,0.0,0.0,,,0.0,-2.3,2.3,1.0,4140,4338.0,0.7,0.9,1332,25MA上抜け9日目 / MA上昇配列
146A,コロンビア・ワークス,不動産業,10.5,10.5,1,1209,★☆☆☆☆,0.0,5.0,13,-5.0,0.0,0.0,0.0,5.5,0.0,0.0,0.0,,,0.0,8.8,5.1,0.4,3151,3505.0,-4.9,0.5,232,MA上昇配列
4499,Ｓｐｅｅｅ,情報・通信業,10.5,10.5,1,1210,★☆☆☆☆,0.0,5.0,13,-19.9,0.0,2.0,0.0,3.5,0.0,0.0,0.0,,,0.0,6.2,7.0,1.2,2102,2444.0,-10.6,0.5,352,-
4519,中外製薬,医薬品,10.5,10.5,1,1211,★☆☆☆☆,0.0,8.0,0,0.6,0.0,1.0,0.0,1.5,0.0,0.0,0.0,,,0.0,0.7,2.1,-0.2,6643,6934.0,-0.2,0.7,16267,RS転換0日目
4928,ノエビアホールディングス,化学,10.5,10.5,1,1212,★☆☆☆☆,0.0,2.0,-1,-1.3,0.0,1.0,0.0,7.5,0.0,0.0,0.0,,,0.0,-0.8,1.4,1.0,4755,4895.0,0.4,1.1,416,MA上昇配列
1979,大氣社,建設業,10.5,10.5,1,1213,★☆☆☆☆,0.0,4.0,-1,10.0,0.0,0.0,0.0,3.7,0.0,2.8,0.0,,,0.0,-5.1,2.4,-0.3,3877,4070.0,4.4,1.2,1242,RS加速+10.0 / 開示[自己株式の取得](1日前)
5331,ノリタケ,ガラス・土石製品,10.5,10.5,1,1214,★☆☆☆☆,0.0,7.0,18,1.5,0.0,0.0,0.0,3.5,0.0,0.0,0.0,,,0.0,3.7,3.3,1.3,3417,3655.0,1.2,0.5,1034,-
7906,ヨネックス,その他製品,10.3,10.3,1,1215,★☆☆☆☆,0.0,6.0,1,-4.5,0.0,4.3,0.0,0.0,0.0,0.0,0.0,,,0.0,3.7,3.6,-0.8,2494,2687.0,-6.2,0.8,1567,RS転換1日目 / 買い出来高優勢
3099,三越伊勢丹ホールディングス,小売業,10.3,10.3,1,1216,★☆☆☆☆,0.0,4.0,-1,4.3,0.0,1.0,0.0,2.5,0.0,2.8,0.0,,,0.0,-2.0,3.3,-1.3,3286,3516.0,0.1,0.6,10109,RS加速+4.3 / 開示[自己株式の取得](1日前)
6806,ヒロセ電機,電気機器,10.3,10.3,1,1217,★☆☆☆☆,0.0,4.0,-1,3.3,0.0,1.0,0.0,2.5,0.0,2.8,0.0,,,0.0,-8.2,2.8,-2.1,24491,25930.0,1.3,0.5,5416,RS加速+3.3 / 開示[自己株式の取得](1日前)
1377,サカタのタネ,水産・農林業,10.2,10.2,1,1218,★☆☆☆☆,0.0,0.0,-1,-0.1,0.0,2.0,0.0,8.2,0.0,0.0,0.0,,,0.0,-1.1,1.3,0.2,4301,4415.0,-1.6,1.4,394,MA上昇配列 / パーフェクトオーダー
1407,ウエストホールディングス,建設業,10.2,10.2,1,1219,★☆☆☆☆,0.0,4.0,-1,5.6,0.0,0.0,0.0,6.2,0.0,0.0,0.0,,,0.0,-0.2,5.8,0.2,2353,2662.0,1.3,0.7,1147,RS加速+5.6 / MA上昇配列 / パーフェクトオーダー
2585,ライフドリンク　カンパニー,食料品,10.2,10.2,1,1220,★☆☆☆☆,0.0,8.0,1,-4.5,0.0,0.0,0.0,2.2,0.0,0.0,0.0,,,0.0,6.6,6.1,1.3,1382,1575.0,-4.5,0.8,1173,RS転換1日目
9025,鴻池運輸,陸運業,10.2,10.2,1,1221,★☆☆☆☆,0.0,4.0,-1,-0.3,0.0,1.0,0.0,5.2,0.0,0.0,0.0,,,0.0,-2.4,1.6,0.6,2848,2941.0,0.5,1.0,262,25MA上抜け0日目 / MA上昇配列
3549,クスリのアオキホールディングス,小売業,10.2,10.2,1,1222,★☆☆☆☆,0.0,2.0,-1,-12.7,0.0,3.0,0.0,5.2,0.0,0.0,0.0,,,0.0,-2.4,2.6,0.2,3859,4071.0,-3.3,1.3,842,MA上昇配列
7419,ノジマ,小売業,10.1,10.1,1,1223,★☆☆☆☆,0.0,4.0,-1,6.4,0.0,0.0,0.0,1.5,0.0,4.6,0.0,,,0.0,-6.4,1.5,-2.6,1239,1278.0,-0.1,0.8,918,RS加速+6.4 / 開示[子会社化](1日前) / 開示[自己株式の取得](1日前)
9001,東武鉄道,陸運業,10.0,10.0,1,1224,★☆☆☆☆,0.0,0.0,-1,-0.2,0.0,0.0,0.0,10.0,0.0,0.0,0.0,,,0.0,-3.5,1.4,0.0,2917,3003.0,-1.3,0.9,1833,MA上昇配列 / パーフェクトオーダー
6785,鈴木,電気機器,10.0,10.0,1,1225,★☆☆☆☆,0.0,4.0,-1,5.5,0.0,0.0,0.0,6.0,0.0,0.0,0.0,,,0.0,-0.7,3.1,2.3,2879,3070.0,6.9,1.1,271,RS加速+5.5
9960,東テク,卸売業,10.0,10.0,1,1226,★☆☆☆☆,0.0,4.0,-1,5.2,0.0,0.0,0.0,6.0,0.0,0.0,0.0,,,0.0,-3.7,2.1,1.0,3711,3875.0,2.9,0.7,351,RS加速+5.2
6140,旭ダイヤモンド工業,機械,10.0,10.0,1,1227,★☆☆☆☆,0.0,7.0,18,-1.0,0.0,2.0,0.0,1.0,0.0,0.0,0.0,,,0.0,5.5,3.4,0.0,1117,1198.0,-2.8,0.5,880,25MA上抜け5日目
5367,ニッカトー,ガラス・土石製品,10.0,10.0,1,1228,★☆☆☆☆,0.0,4.0,-1,-5.0,0.0,0.0,0.0,6.0,0.0,0.0,0.0,,,0.0,-0.5,4.8,8.1,1191,1317.0,7.5,0.6,314,25MA上抜け1日目
6425,ユニバーサルエンターテインメント,機械,10.0,10.0,1,1229,★☆☆☆☆,0.0,5.0,17,-5.3,0.0,2.0,0.0,3.0,0.0,0.0,0.0,,,0.0,5.8,3.8,2.3,674,730.0,0.0,0.6,179,MA上昇配列
4617,中国塗料,化学,10.0,10.0,1,1230,★☆☆☆☆,0.0,10.0,0,6.5,0.0,0.0,0.0,0.0,0.0,0.0,0.0,,,0.0,0.2,2.5,-1.7,3379,3560.0,0.0,0.8,584,RS転換0日目 / RS加速+6.5
6504,富士電機,電気機器,9.7,9.7,1,1231,★☆☆☆☆,0.0,0.0,-1,-12.8,9.7,0.0,0.0,0.0,0.0,0.0,0.0,,,0.0,-6.3,3.8,-2.5,12643,13670.0,-2.4,0.6,11051,AIデータセンター・電力(+1.9%)
9090,ＡＺ－ＣＯＭ丸和ホールディングス,陸運業,9.7,9.7,1,1232,★☆☆☆☆,0.0,2.0,-1,1.8,0.0,1.0,0.0,6.7,0.0,0.0,0.0,,,0.0,-4.7,1.8,1.7,872,905.0,2.3,0.8,504,MA上昇配列
3457,Ａｎｄ　Ｄｏホールディングス,不動産業,9.7,9.7,1,1233,★☆☆☆☆,0.0,6.0,-1,1.1,0.0,0.0,0.0,3.7,0.0,0.0,0.0,,,0.0,-1.4,1.2,0.9,918,941.0,1.4,0.5,111,25MA上抜け4日目
4540,ツムラ,医薬品,9.7,9.7,1,1234,★☆☆☆☆,0.0,2.0,-1,2.7,0.0,2.0,0.0,5.7,0.0,0.0,0.0,,,0.0,-2.8,1.2,0.2,3710,3800.0,0.4,0.9,1595,MA上昇配列
4419,Ｆｉｎａｔｅｘｔホールディングス,情報・通信業,9.5,9.5,1,1235,★☆☆☆☆,0.0,4.0,-1,5.8,0.0,3.0,0.0,2.5,0.0,0.0,0.0,,,0.0,-9.1,7.7,-4.7,1185,1399.0,3.0,0.7,1077,RS加速+5.8
1871,ピーエス・コンストラクション,建設業,9.5,9.5,1,1236,★☆☆☆☆,0.0,4.0,-1,-3.5,0.0,0.0,0.0,5.5,0.0,0.0,0.0,,,0.0,-1.1,2.2,1.1,2229,2331.0,-2.0,1.1,195,25MA上抜け0日目 / MA上昇配列
3496,アズーム,不動産業,9.5,9.5,1,1237,★☆☆☆☆,0.0,2.0,-1,-7.3,0.0,2.0,0.0,5.5,0.0,0.0,0.0,,,0.0,-0.7,2.9,1.4,4544,4820.0,-2.0,0.7,219,MA上昇配列
7595,アルゴグラフィックス,情報・通信業,9.5,9.5,1,1238,★☆☆☆☆,0.0,2.0,-1,-0.2,0.0,1.0,0.0,6.5,0.0,0.0,0.0,,,0.0,-1.5,1.6,0.5,1293,1336.0,0.5,0.8,274,MA上昇配列
212A,フィットイージー,サービス業,9.5,9.5,1,1239,★☆☆☆☆,0.0,3.5,53,-2.2,0.0,0.0,0.0,6.0,0.0,0.0,0.0,,,0.0,6.6,2.7,0.4,2799,2961.0,-3.1,1.0,319,MA上昇配列 / パーフェクトオーダー
6547,グリーンズ,サービス業,9.5,9.5,1,1240,★☆☆☆☆,0.0,2.0,-1,1.5,0.0,1.0,0.0,6.5,0.0,0.0,0.0,,,0.0,-2.8,3.8,1.9,2006,2170.0,3.2,0.4,186,MA上昇配列
3221,ヨシックスホールディングス,小売業,9.3,9.3,1,1241,★☆☆☆☆,0.0,0.0,-1,-1.9,0.0,3.0,0.0,3.5,0.0,2.8,0.0,,,0.0,-0.8,1.9,-0.4,3144,3270.0,-2.8,0.9,103,開示[自己株式の取得](1日前)
8630,ＳＯＭＰＯホールディングス,保険業,9.2,9.2,1,1242,★☆☆☆☆,0.0,4.0,-1,5.3,0.0,2.0,0.0,3.2,0.0,0.0,0.0,,,0.0,-2.4,2.2,-0.1,6614,6913.0,1.6,0.8,15211,RS加速+5.3
8252,丸井グループ,小売業,9.1,9.1,1,1243,★☆☆☆☆,0.0,0.0,-1,-0.9,0.0,2.0,0.0,2.0,0.0,5.1,0.0,,,0.0,-1.3,1.5,-0.8,2849,2935.5,-2.9,1.1,2935,開示[自己株式の取得](1日前) / 開示[自己株式の取得](8日前)
8508,Ｊトラスト,その他金融業,9.1,9.1,1,1244,★☆☆☆☆,0.0,0.0,-1,-8.0,0.0,5.3,0.0,1.0,0.0,2.8,0.0,,,0.0,-10.1,6.9,-7.4,661,766.0,-7.0,2.2,2057,出来高増2.2倍 / 資金流入増 / 開示[自己株式の取得](1日前)
4290,プレステージ・インターナショナル,サービス業,9.1,9.1,1,1245,★☆☆☆☆,0.0,0.0,-1,-10.3,0.0,2.0,0.0,4.5,0.0,2.6,0.0,,,0.0,-0.7,1.6,-0.6,689,712.0,-3.8,1.3,373,開示[自己株式の取得](2日前)
9042,阪急阪神ホールディングス,陸運業,9.0,9.0,1,1246,★☆☆☆☆,0.0,2.0,-1,2.3,0.0,1.0,0.0,6.0,0.0,0.0,0.0,,,0.0,-1.9,1.7,-0.3,4522,4684.0,-1.8,1.3,3610,-
8871,ゴールドクレスト,不動産業,9.0,9.0,1,1247,★☆☆☆☆,0.0,2.0,-1,0.7,0.0,1.0,0.0,6.0,0.0,0.0,0.0,,,0.0,-1.6,1.5,-0.1,3201,3300.0,-1.3,1.3,168,-
9663,ナガワ,サービス業,9.0,9.0,1,1248,★☆☆☆☆,0.0,2.0,-1,1.9,0.0,3.3,0.0,3.7,0.0,0.0,0.0,,,0.0,-1.6,1.9,-0.2,4949,5140.0,0.6,1.0,148,買い出来高優勢
1835,東鉄工業,建設業,9.0,9.0,1,1249,★☆☆☆☆,0.0,4.0,-1,3.4,0.0,0.0,0.0,5.0,0.0,0.0,0.0,,,0.0,-4.1,1.6,0.3,3928,4055.0,1.8,0.6,330,RS加速+3.4
6226,守谷輸送機工業,機械,9.0,9.0,1,1250,★☆☆☆☆,0.0,4.0,-1,6.9,0.0,0.0,0.0,5.0,0.0,0.0,0.0,,,0.0,-5.6,4.8,0.0,2017,2230.0,-2.2,0.3,588,RS加速+6.9
5989,エイチワン,金属製品,9.0,9.0,1,1251,★☆☆☆☆,0.0,2.0,-1,0.3,0.0,1.0,0.0,6.0,0.0,0.0,0.0,,,0.0,-2.0,2.4,1.1,1464,1538.0,-0.7,0.7,315,-
8848,レオパレス２１,不動産業,9.0,9.0,1,1252,★☆☆☆☆,0.0,0.0,-1,-1.1,0.0,1.0,0.0,8.0,0.0,0.0,0.0,,,0.0,-5.7,1.9,0.9,629,654.0,1.7,0.9,704,MA上昇配列
4320,ＣＥホールディングス,情報・通信業,9.0,9.0,1,1253,★☆☆☆☆,0.0,0.0,-1,-0.9,0.0,5.3,0.0,3.7,0.0,0.0,0.0,,,0.0,-5.5,0.6,-1.1,1629,1647.0,-0.5,2.4,343,出来高増2.4倍 / 資金流入増
1952,新日本空調,建設業,9.0,9.0,1,1254,★☆☆☆☆,0.0,4.0,-1,9.6,0.0,0.0,0.0,5.0,0.0,0.0,0.0,,,0.0,-2.4,2.5,2.1,3062,3220.0,4.4,0.7,705,RS加速+9.6
4425,Ｋｕｄａｎ,情報・通信業,8.8,8.8,1,1255,★☆☆☆☆,0.0,4.0,-1,10.2,0.0,3.3,0.0,1.5,0.0,0.0,0.0,,,0.0,-10.0,6.5,-5.3,1304,1499.0,6.8,2.9,401,RS加速+10.2 / 出来高増2.9倍
4275,カーリット,化学,8.8,8.8,1,1256,★☆☆☆☆,0.0,2.0,-1,1.4,0.0,0.0,0.0,4.0,0.0,2.8,0.0,,,0.0,-11.6,3.3,-3.3,1973,2112.0,-1.3,0.7,487,開示[自己株式の取得](1日前)
6521,オキサイド,電気機器,8.7,8.7,1,1257,★☆☆☆☆,0.0,6.0,5,-0.5,0.0,0.0,0.0,2.7,0.0,0.0,0.0,,,0.0,4.6,5.6,-0.0,2844,3200.0,-5.6,0.8,587,RS転換5日目 / 開示[設備投資](14日前)
7003,三井Ｅ＆Ｓ,機械,8.7,8.7,1,1258,★☆☆☆☆,0.0,4.0,-1,11.8,0.0,2.0,0.0,2.7,0.0,0.0,0.0,,,0.0,-6.8,4.7,-2.4,3853,4256.0,0.4,0.7,10807,RS加速+11.8
1414,ショーボンドホールディングス,建設業,8.7,8.7,1,1259,★☆☆☆☆,0.0,2.0,-1,0.7,0.0,0.0,0.0,6.7,0.0,0.0,0.0,,,0.0,-4.3,1.2,0.1,1258,1289.0,1.3,0.8,1143,MA上昇配列
1801,大成建設,建設業,8.7,8.7,1,1260,★☆☆☆☆,0.0,4.0,-1,6.5,0.0,1.0,0.0,3.7,0.0,0.0,0.0,,,0.0,-2.4,2.7,1.0,12291,12995.0,1.5,1.2,8611,RS加速+6.5
6586,マキタ,機械,8.7,8.7,1,1261,★☆☆☆☆,0.0,4.0,-1,9.8,0.0,0.0,0.0,4.7,0.0,0.0,0.0,,,0.0,-1.0,1.9,0.0,5161,5363.0,1.0,0.8,4450,RS加速+9.8
9008,京王電鉄,陸運業,8.7,8.7,1,1262,★☆☆☆☆,0.0,2.0,-1,0.4,0.0,0.0,0.0,6.7,0.0,0.0,0.0,,,0.0,-3.4,1.5,0.7,763,786.4000244140625,-0.2,0.9,1322,MA上昇配列
5201,ＡＧＣ,ガラス・土石製品,8.7,8.7,1,1263,★☆☆☆☆,0.0,4.0,-1,3.7,0.0,2.0,0.0,2.7,0.0,0.0,0.0,,,0.0,-6.5,2.1,-0.0,5605,5855.0,2.4,0.8,8739,RS加速+3.7
1802,大林組,建設業,8.7,8.7,1,1264,★☆☆☆☆,0.0,4.0,-1,6.4,0.0,1.0,0.0,3.7,0.0,0.0,0.0,,,0.0,-4.6,1.9,0.1,2948,3065.0,1.8,1.1,7996,RS加速+6.4
7599,ＩＤＯＭ,卸売業,8.7,8.7,1,1265,★☆☆☆☆,0.0,4.0,-1,3.8,0.0,0.0,0.0,4.7,0.0,0.0,0.0,,,0.0,-1.1,1.4,0.4,1235,1271.0,1.0,0.9,1444,RS加速+3.8
4042,東ソー,化学,8.7,8.7,1,1266,★☆☆☆☆,0.0,4.0,-1,6.6,0.0,0.0,0.0,4.7,0.0,0.0,0.0,,,0.0,-2.2,1.8,1.3,2630,2726.0,3.5,0.7,3338,RS加速+6.6
3086,Ｊ．フロント　リテイリング,小売業,8.7,8.7,1,1267,★☆☆☆☆,0.0,2.0,-1,0.0,0.0,2.0,0.0,4.7,0.0,0.0,0.0,,,0.0,-0.4,2.6,-0.8,2783,2933.0,-4.4,1.7,3445,-
6762,ＴＤＫ,電気機器,8.7,8.7,1,1268,★☆☆☆☆,0.0,4.0,-1,-3.3,0.0,1.0,0.0,3.7,0.0,0.0,0.0,,,0.0,-3.5,3.3,0.9,2873,3079.0,1.0,0.6,26305,25MA上抜け3日目
7717,ブイ・テクノロジー,精密機器,8.7,8.7,1,1269,★☆☆☆☆,0.0,4.0,-1,11.9,0.0,1.0,0.0,3.7,0.0,0.0,0.0,,,0.0,-0.9,5.3,1.5,5051,5650.0,4.6,0.6,1298,RS加速+11.9
6736,サン電子,電気機器,8.5,8.5,1,1270,★☆☆☆☆,0.0,4.0,-1,10.1,0.0,2.0,0.0,2.5,0.0,0.0,0.0,,,0.0,-6.0,6.9,3.7,8087,9380.0,11.5,1.0,572,RS加速+10.1 / 資金流入増
3360,シップヘルスケアホールディングス,卸売業,8.5,8.5,1,1271,★☆☆☆☆,0.0,0.0,-1,-0.9,0.0,2.0,0.0,6.5,0.0,0.0,0.0,,,0.0,-6.7,1.7,0.1,2333,2416.0,1.0,0.8,635,MA上昇配列
6522,アスタリスク,電気機器,8.3,8.3,1,1272,★☆☆☆☆,0.0,3.0,13,-17.1,0.0,2.0,0.0,1.2,0.0,2.1,0.0,,,0.0,7.4,14.3,-12.3,1181,1656.0,-19.1,0.0,3902,開示[業績予想の修正](2日前)
7318,セレンディップ・ホールディングス,輸送用機器,8.2,8.2,1,1273,★☆☆☆☆,0.0,0.0,-1,-0.5,0.0,2.0,0.0,1.5,0.0,4.7,0.0,,,0.0,-27.2,5.8,-11.7,1282,1450.0,-3.2,0.4,271,開示[自己株式の取得](1日前) / 開示[自己株式取得](5日前)
2802,味の素,食料品,8.2,8.2,1,1274,★☆☆☆☆,0.0,5.0,11,-1.1,0.0,0.0,0.0,3.2,0.0,0.0,0.0,,,0.0,6.0,3.4,0.9,4973,5336.0,-2.9,0.6,18465,-
7226,極東開発工業,輸送用機器,8.2,8.2,1,1275,★☆☆☆☆,0.0,2.0,-1,0.2,0.0,2.0,0.0,4.2,0.0,0.0,0.0,,,0.0,-1.8,1.3,0.4,2285,2344.0,-0.3,1.5,476,MA上昇配列
5842,インテグラル,証券、商品先物取引業,8.2,8.2,1,1276,★☆☆☆☆,0.0,4.0,-1,-11.6,0.0,2.0,0.0,2.2,0.0,0.0,0.0,,,0.0,-0.5,4.5,0.5,2723,2995.0,-3.9,0.6,433,25MA上抜け0日目
9005,東急,陸運業,8.1,8.1,1,1277,★☆☆☆☆,0.0,2.0,-1,2.1,0.0,0.0,0.0,5.0,0.0,1.1,0.0,,,0.0,-5.7,1.3,-1.2,1618,1662.5,-0.9,0.7,3969,開示[自己株式の取得](9日前)
6638,ミマキエンジニアリング,電気機器,8.0,8.0,1,1278,★☆☆☆☆,0.0,2.0,-1,1.0,0.0,1.0,0.0,5.0,0.0,0.0,0.0,,,0.0,-10.3,3.4,-1.0,1855,1988.0,0.4,0.6,248,-
6145,ＮＩＴＴＯＫＵ,機械,8.0,8.0,1,1279,★☆☆☆☆,0.0,2.0,-1,1.2,0.0,2.0,0.0,4.0,0.0,0.0,0.0,,,0.0,-7.0,2.9,-0.7,2345,2491.0,-0.1,0.4,339,-
1812,鹿島建設,建設業,8.0,8.0,1,1280,★☆☆☆☆,0.0,4.0,-1,8.3,0.0,0.0,0.0,4.0,0.0,0.0,0.0,,,0.0,-7.6,2.3,-0.0,4787,5016.0,3.7,1.1,12132,RS加速+8.3
4553,東和薬品,医薬品,8.0,8.0,1,1281,★☆☆☆☆,0.0,2.0,-1,2.2,0.0,1.0,0.0,5.0,0.0,0.0,0.0,,,0.0,-5.5,2.5,-2.1,3621,3815.0,-1.8,1.1,435,-
4462,石原ケミカル,化学,8.0,8.0,1,1282,★☆☆☆☆,0.0,8.0,1,0.4,0.0,0.0,0.0,0.0,0.0,0.0,0.0,,,0.0,0.3,3.8,-1.9,2748,2972.0,0.1,1.0,115,RS転換1日目
7932,ニッピ,その他製品,8.0,8.0,1,1283,★☆☆☆☆,0.0,2.0,-1,1.6,0.0,1.0,0.0,5.0,0.0,0.0,0.0,,,0.0,-4.4,1.3,-0.2,11561,11860.0,-0.2,0.7,119,-
1861,熊谷組,建設業,8.0,8.0,1,1284,★☆☆☆☆,0.0,2.0,-1,2.9,0.0,2.0,0.0,4.0,0.0,0.0,0.0,,,0.0,-10.0,1.8,-2.5,1260,1306.0,0.5,1.0,1628,-
4548,生化学工業,医薬品,8.0,8.0,1,1285,★☆☆☆☆,0.0,2.0,-1,1.6,0.0,1.0,0.0,5.0,0.0,0.0,0.0,,,0.0,-4.5,1.3,0.2,700,719.0,0.8,0.7,144,-
7013,ＩＨＩ,機械,8.0,8.0,1,1286,★☆☆☆☆,0.0,2.0,-1,2.1,6.0,0.0,0.0,0.0,0.0,0.0,0.0,,,0.0,-4.3,3.9,-1.8,2522,2736.0,1.5,0.9,40584,防衛(-1.4%)
6787,メイコー,電気機器,7.7,7.7,1,1287,★☆☆☆☆,0.0,4.0,-1,7.7,0.0,1.0,0.0,2.7,0.0,0.0,0.0,,,0.0,-15.4,6.9,-3.7,15974,18550.0,3.1,1.2,11245,RS加速+7.7
9302,三井倉庫ホールディングス,倉庫・運輸関連業,7.7,7.7,1,1288,★☆☆☆☆,0.0,4.0,-1,3.2,0.0,1.0,0.0,2.7,0.0,0.0,0.0,,,0.0,-7.8,1.8,-0.7,3240,3359.0,1.4,0.6,922,RS加速+3.2
7995,バルカー,化学,7.7,7.7,1,1289,★☆☆☆☆,0.0,4.0,-1,-1.3,0.0,0.0,0.0,3.7,0.0,0.0,0.0,,,0.0,-1.8,3.6,0.6,6269,6750.0,1.0,0.7,549,25MA上抜け1日目
5016,ＪＸ金属,非鉄金属,7.7,7.7,1,1290,★☆☆☆☆,0.0,4.0,-1,-2.5,0.0,0.0,0.0,3.7,0.0,0.0,0.0,,,0.0,-3.1,4.7,1.4,3483,3842.0,0.6,0.7,73319,25MA上抜け0日目
7734,理研計器,精密機器,7.7,7.7,1,1291,★☆☆☆☆,0.0,4.0,-1,-2.1,0.0,0.0,0.0,3.7,0.0,0.0,0.0,,,0.0,-6.3,3.4,0.1,3189,3420.0,2.7,1.0,397,25MA上抜け1日目
7224,新明和工業,輸送用機器,7.7,7.7,1,1292,★☆☆☆☆,0.0,2.0,-1,1.3,0.0,2.0,0.0,3.7,0.0,0.0,0.0,,,0.0,-1.6,1.4,0.8,1946,2004.0,0.8,1.4,313,-
4182,三菱瓦斯化学,化学,7.5,7.5,1,1293,★☆☆☆☆,0.0,4.0,-1,3.2,0.0,2.0,0.0,1.5,0.0,0.0,0.0,,,0.0,-10.4,3.6,-3.6,3614,3896.0,1.7,1.3,8113,RS加速+3.2
4536,参天製薬,医薬品,7.5,7.5,1,1294,★☆☆☆☆,0.0,4.0,-1,5.3,0.0,0.0,0.0,3.5,0.0,0.0,0.0,,,0.0,-1.0,2.5,0.0,1810,1906.5,1.7,1.0,2297,RS加速+5.3
6656,インスペック,電気機器,7.5,7.5,1,1295,★☆☆☆☆,0.0,4.0,-1,13.1,0.0,2.0,0.0,1.5,0.0,0.0,0.0,,,0.0,-14.7,5.0,-5.2,744,826.0,0.6,0.4,131,RS加速+13.1
3407,旭化成,化学,7.5,7.5,1,1296,★☆☆☆☆,0.0,4.0,-1,13.6,0.0,0.0,0.0,3.5,0.0,0.0,0.0,,,0.0,-0.5,2.1,0.5,1617,1688.5,3.4,0.8,9285,RS加速+13.6
6962,大真空,電気機器,7.5,7.5,1,1297,★☆☆☆☆,0.0,5.0,13,1.0,0.0,1.0,0.0,1.5,0.0,0.0,0.0,,,0.0,1.5,3.4,-1.0,714,767.0,-3.2,1.2,283,-
4661,オリエンタルランド,サービス業,7.5,7.5,1,1298,★☆☆☆☆,0.0,2.0,-1,-9.5,0.0,0.0,0.0,5.5,0.0,0.0,0.0,,,0.0,-5.0,2.1,1.4,2898,3026.0,0.9,0.7,14005,MA上昇配列
6315,ＴＯＷＡ,機械,7.5,7.5,1,1299,★☆☆☆☆,0.0,0.0,-1,-0.2,6.0,0.0,0.0,1.5,0.0,0.0,0.0,,,0.0,-19.9,4.8,-8.2,2057,2274.0,-2.7,0.7,11093,HBM・後工程(-2.7%)
2326,デジタルアーツ,情報・通信業,7.5,7.5,1,1300,★☆☆☆☆,0.0,3.5,38,-1.6,0.0,1.0,0.0,3.0,0.0,0.0,0.0,,,0.0,6.7,3.1,3.8,4330,4615.0,3.8,0.7,674,MA上昇配列
4704,トレンドマイクロ,情報・通信業,7.5,7.5,1,1301,★☆☆☆☆,0.0,4.0,-1,8.7,0.0,2.0,0.0,1.5,0.0,0.0,0.0,,,0.0,-7.1,4.4,-1.8,5508,6045.0,8.8,0.7,6342,RS加速+8.7
9274,ＫＰＰグループホールディングス,卸売業,7.3,7.3,1,1302,★☆☆☆☆,0.0,0.0,-1,-0.3,0.0,0.0,0.0,4.5,0.0,2.8,0.0,,,0.0,-3.2,2.2,-0.2,1051,1098.0,0.2,1.2,247,開示[自己株式の取得](1日前)
9735,セコム,サービス業,7.3,7.3,1,1303,★☆☆☆☆,0.0,2.0,-1,0.3,0.0,0.0,0.0,2.5,0.0,2.8,0.0,,,0.0,-7.9,1.6,-1.4,6293,6496.0,0.9,0.9,8180,開示[自己株式の取得](1日前)
1964,中外炉工業,建設業,7.2,7.2,1,1304,★☆☆☆☆,0.0,4.0,-1,-3.8,0.0,0.0,0.0,3.2,0.0,0.0,0.0,,,0.0,-0.6,2.0,0.3,3869,4030.0,-0.6,0.6,115,25MA上抜け8日目
4784,ＧＭＯインターネット,サービス業,7.2,7.2,1,1305,★☆☆☆☆,0.0,2.0,-1,-12.1,0.0,1.0,0.0,4.2,0.0,0.0,0.0,,,0.0,-4.9,5.9,1.1,499,565.0,-0.7,1.0,1287,MA上昇配列
6420,ガリレイホールディングス,機械,7.2,7.2,1,1306,★☆☆☆☆,0.0,2.0,-1,-3.9,0.0,0.0,0.0,5.2,0.0,0.0,0.0,,,0.0,-0.3,1.6,0.6,3402,3515.0,-0.7,1.1,184,MA上昇配列
4091,日本酸素ホールディングス,化学,7.0,7.0,1,1307,★☆☆☆☆,0.0,4.0,-1,6.3,0.0,2.0,0.0,1.0,0.0,0.0,0.0,,,0.0,-2.3,2.5,-2.4,5417,5700.0,0.8,1.3,2452,RS加速+6.3
4592,サンバイオ,医薬品,7.0,7.0,1,1308,★☆☆☆☆,0.0,6.0,8,-3.8,0.0,1.0,0.0,0.0,0.0,0.0,0.0,,,0.0,0.1,4.7,-3.7,857,946.0,-7.1,1.4,827,RS転換8日目
7012,川崎重工業,輸送用機器,7.0,7.0,1,1309,★☆☆☆☆,0.0,0.0,-1,-3.9,6.0,1.0,0.0,0.0,0.0,0.0,0.0,,,0.0,-9.9,3.3,-7.0,2355,2523.0,-3.4,1.4,31991,防衛(-1.4%)
2931,ユーグレナ,食料品,7.0,7.0,1,1310,★☆☆☆☆,0.0,6.0,1,-0.3,0.0,1.0,0.0,0.0,0.0,0.0,0.0,,,0.0,0.5,1.8,-0.2,336,349.0,-2.5,0.9,288,RS転換1日目
7917,ＺＡＣＲＯＳ,化学,7.0,7.0,1,1311,★☆☆☆☆,0.0,2.0,-1,1.2,0.0,0.0,0.0,5.0,0.0,0.0,0.0,,,0.0,-9.7,1.9,-1.4,1245,1295.0,2.6,0.7,215,-
9064,ヤマトホールディングス,陸運業,7.0,7.0,1,1312,★☆☆☆☆,0.0,2.0,-1,0.5,0.0,1.0,0.0,4.0,0.0,0.0,0.0,,,0.0,-6.6,1.9,-0.2,1892,1967.5,0.9,0.6,2643,-
8141,新光商事,卸売業,7.0,7.0,1,1313,★☆☆☆☆,0.0,0.0,-1,-0.9,0.0,3.3,0.0,3.7,0.0,0.0,0.0,,,0.0,-3.2,0.3,-0.0,1559,1567.0,0.1,2.2,169,出来高増2.2倍
6072,地盤ネットホールディングス,サービス業,7.0,7.0,1,1314,★☆☆☆☆,0.0,5.0,15,-7.7,0.0,1.0,0.0,1.0,0.0,0.0,0.0,,,0.0,10.9,6.7,3.5,926,1070.0,0.8,0.7,700,-
8005,スクロール,小売業,6.9,6.9,1,1315,★☆☆☆☆,0.0,0.0,-1,-10.5,0.0,3.0,0.0,2.0,0.0,1.9,0.0,,,0.0,-4.0,1.7,-1.6,1734,1797.0,-3.0,1.7,484,開示[自己株式の取得](5日前)
4369,トリケミカル研究所,化学,6.8,6.800000000000001,1,1316,★☆☆☆☆,0.0,0.0,-1,-3.9,0.0,4.7,0.0,0.0,0.0,2.1,0.0,,,0.0,-8.6,4.5,-5.3,2799,3075.0,-5.2,4.2,1745,出来高急増4.2倍 / 開示[業績予想の修正](2日前)
5992,中央発條,金属製品,6.7,6.7,1,1317,★☆☆☆☆,0.0,2.0,-1,0.1,0.0,0.0,0.0,4.7,0.0,0.0,0.0,,,0.0,-2.9,1.7,0.2,3586,3715.0,0.4,0.8,144,-
6526,ソシオネクスト,電気機器,6.7,6.7,1,1318,★☆☆☆☆,0.0,4.0,-1,15.0,0.0,0.0,0.0,2.7,0.0,0.0,0.0,,,0.0,-4.6,4.7,-0.4,1808,1996.0,1.7,0.5,14151,RS加速+15.0
6981,村田製作所,電気機器,6.7,6.7,1,1319,★☆☆☆☆,0.0,4.0,-1,12.2,0.0,0.0,0.0,2.7,0.0,0.0,0.0,,,0.0,-1.2,5.9,-0.6,6425,7290.0,2.2,0.7,189364,RS加速+12.2
6997,日本ケミコン,電気機器,6.7,6.7,1,1320,★☆☆☆☆,0.0,4.0,-1,5.5,0.0,0.0,0.0,2.7,0.0,0.0,0.0,,,0.0,-11.6,5.6,-0.2,2607,2936.0,8.8,1.1,2664,RS加速+5.5
8830,住友不動産,不動産業,6.7,6.7,1,1321,★☆☆☆☆,0.0,4.0,-1,5.3,0.0,0.0,0.0,2.7,0.0,0.0,0.0,,,0.0,-6.1,1.9,-1.7,3262,3393.0,-0.3,1.1,9875,RS加速+5.3
4216,旭有機材,化学,6.7,6.7,1,1322,★☆☆☆☆,0.0,4.0,-1,8.8,0.0,0.0,0.0,2.7,0.0,0.0,0.0,,,0.0,-0.4,2.4,-0.2,5676,5960.0,1.0,0.8,283,RS加速+8.8
8850,スターツコーポレーション,不動産業,6.7,6.7,1,1323,★☆☆☆☆,0.0,2.0,-1,1.4,0.0,0.0,0.0,4.7,0.0,0.0,0.0,,,0.0,-1.5,1.3,-0.1,4581,4700.0,-0.1,0.8,277,-
3905,データセクション,情報・通信業,6.5,6.5,1,1324,★☆☆☆☆,0.0,4.0,-1,3.2,0.0,1.0,0.0,1.5,0.0,0.0,0.0,,,0.0,-28.7,9.8,-11.1,1314,1635.0,1.3,0.5,11413,RS加速+3.2
5074,テスホールディングス,建設業,6.5,6.5,1,1325,★☆☆☆☆,0.0,4.0,-1,3.1,0.0,1.0,0.0,1.5,0.0,0.0,0.0,,,0.0,-9.1,6.5,-6.3,555,637.0,1.3,0.5,1201,RS加速+3.1
5332,ＴＯＴＯ,ガラス・土石製品,6.5,6.5,1,1326,★☆☆☆☆,0.0,4.0,-1,12.9,0.0,1.0,0.0,1.5,0.0,0.0,0.0,,,0.0,-1.9,2.8,-4.0,5892,6240.0,-3.4,1.3,6216,RS加速+12.9
3946,トーモク,パルプ・紙,6.5,6.5,1,1327,★☆☆☆☆,0.0,0.0,-1,-3.9,0.0,2.0,0.0,3.2,0.0,1.3,0.0,,,0.0,-3.7,2.5,-1.7,4295,4520.0,-2.3,0.6,623,開示[自己株式の取得](8日前)
5105,ＴＯＹＯ　ＴＩＲＥ,ゴム製品,6.5,6.5,1,1328,★☆☆☆☆,0.0,0.0,-1,-0.6,0.0,3.0,0.0,3.5,0.0,0.0,0.0,,,0.0,-10.1,2.4,-1.9,3656,3837.0,0.3,1.2,6799,資金流入増
6480,日本トムソン,機械,6.5,6.5,1,1329,★☆☆☆☆,0.0,0.0,-1,-2.8,0.0,0.0,0.0,3.7,0.0,2.8,0.0,,,0.0,-3.0,5.1,0.4,1620,1805.0,0.4,0.7,2302,開示[自己株式の取得](1日前)
6269,三井海洋開発,機械,6.5,6.5,1,1330,★☆☆☆☆,0.0,2.0,-1,1.6,0.0,3.3,0.0,1.2,0.0,0.0,0.0,,,0.0,-5.0,4.3,-2.1,8988,9840.0,-0.3,0.7,7101,買い出来高優勢
6644,大崎電気工業,電気機器,6.5,6.5,1,1331,★☆☆☆☆,0.0,0.0,-1,-1.4,0.0,0.0,0.0,3.7,0.0,2.8,0.0,,,0.0,-2.7,2.4,-0.0,1453,1527.0,-0.2,1.0,449,開示[自己株式の取得](1日前)
4970,東洋合成工業,化学,6.5,6.5,1,1332,★☆☆☆☆,0.0,4.0,-1,5.3,0.0,1.0,0.0,1.5,0.0,0.0,0.0,,,0.0,-17.1,6.1,-9.8,9760,11120.0,-6.2,0.7,1335,RS加速+5.3
7609,ダイトロン,卸売業,6.4,6.4,1,1333,★☆☆☆☆,0.0,3.0,20,-4.5,0.0,2.0,0.0,1.0,0.0,0.4,0.0,,,0.0,8.8,5.1,-1.5,3594,4005.0,0.9,0.4,899,資金流入増 / 開示[自己株式の取得](12日前)
6268,ナブテスコ,機械,6.3,6.3,1,1334,★☆☆☆☆,0.0,2.0,-1,1.7,0.0,0.0,0.0,1.5,0.0,2.8,0.0,,,0.0,-6.9,3.6,-2.2,4259,4586.0,0.7,0.6,4317,開示[自己株式の取得](1日前)
9519,レノバ,電気・ガス業,6.2,6.2,1,1335,★☆☆☆☆,0.0,4.0,-1,8.6,0.0,1.0,0.0,1.2,0.0,0.0,0.0,,,0.0,-0.8,4.7,-0.9,837,924.0,-2.4,1.1,782,RS加速+8.6
8276,平和堂,小売業,6.2,6.2,1,1336,★☆☆☆☆,0.0,0.0,-1,-4.7,0.0,4.0,0.0,2.2,0.0,0.0,0.0,,,0.0,-2.1,1.8,-0.5,2574,2668.0,-1.9,0.3,923,資金流入増
3038,神戸物産,卸売業,6.2,6.2,1,1337,★☆☆☆☆,0.0,2.0,-1,-8.4,0.0,0.0,0.0,4.2,0.0,0.0,0.0,,,0.0,-3.9,2.0,0.1,2701,2816.0,-1.1,0.6,3965,MA上昇配列
6474,不二越,機械,6.2,6.2,1,1338,★☆☆☆☆,0.0,4.0,-1,3.0,0.0,0.0,0.0,2.2,0.0,0.0,0.0,,,0.0,-0.4,3.9,-1.0,5121,5560.0,-2.3,0.5,511,RS加速+3.0
9068,丸全昭和運輸,陸運業,6.0,6.0,1,1339,★☆☆☆☆,0.0,2.0,-1,0.7,0.0,0.0,0.0,4.0,0.0,0.0,0.0,,,0.0,-5.8,1.6,-0.7,7207,7440.0,0.5,1.0,207,-
6146,ディスコ,機械,6.0,6.0,1,1340,★☆☆☆☆,0.0,0.0,-1,-5.0,6.0,0.0,0.0,0.0,0.0,0.0,0.0,,,0.0,-9.5,5.0,-6.0,50913,56590.0,-6.8,0.8,85665,HBM・後工程(-2.7%)
4004,レゾナック・ホールディングス,化学,6.0,6.0,1,1341,★☆☆☆☆,0.0,5.0,18,-3.5,0.0,0.0,0.0,1.0,0.0,0.0,0.0,,,0.0,10.9,5.5,3.1,14251,16020.0,-1.0,0.6,41763,-
6506,安川電機,電気機器,6.0,6.0,1,1342,★☆☆☆☆,0.0,0.0,-1,-0.1,6.0,0.0,0.0,0.0,0.0,0.0,0.0,,,0.0,-7.1,3.6,-6.2,4362,4700.0,-4.7,0.8,20287,ロボット(-2.7%)
6823,リオン,電気機器,6.0,6.0,1,1343,★☆☆☆☆,0.0,4.0,-1,3.1,0.0,1.0,0.0,1.0,0.0,0.0,0.0,,,0.0,-1.8,2.2,-1.8,3181,3330.0,0.2,0.6,165,RS加速+3.1
6971,京セラ,電気機器,6.0,6.0,1,1344,★☆☆☆☆,0.0,4.0,-1,6.4,0.0,0.0,0.0,2.0,0.0,0.0,0.0,,,0.0,-0.1,2.8,-1.4,3442,3648.0,1.3,0.8,16123,RS加速+6.4
3299,ムゲンエステート,不動産業,6.0,6.0,1,1345,★☆☆☆☆,0.0,2.0,-1,2.8,0.0,0.0,0.0,4.0,0.0,0.0,0.0,,,0.0,-12.4,1.6,-3.5,1672,1728.0,-0.5,0.6,321,-
7779,ＣＹＢＥＲＤＹＮＥ,精密機器,6.0,6.0,1,1346,★☆☆☆☆,0.0,6.0,2,-0.1,0.0,0.0,0.0,0.0,0.0,0.0,0.0,,,0.0,1.1,3.6,-1.8,211,227.0,-2.6,1.2,300,RS転換2日目
6324,ハーモニック・ドライブ・システムズ,機械,6.0,6.0,1,1347,★☆☆☆☆,0.0,0.0,-1,-0.4,6.0,0.0,0.0,0.0,0.0,0.0,0.0,,,0.0,-14.1,6.1,-8.4,4947,5630.0,-2.6,0.6,8304,ロボット(-2.7%)
4403,日油,化学,6.0,6.0,1,1348,★☆☆☆☆,0.0,0.0,-1,-0.1,0.0,1.0,0.0,2.2,0.0,2.8,0.0,,,0.0,-3.4,1.8,-0.3,2652,2751.5,-0.8,1.0,2379,開示[自己株式の取得](1日前)
6920,レーザーテック,電気機器,6.0,6.0,1,1349,★☆☆☆☆,0.0,0.0,-1,-1.0,6.0,0.0,0.0,0.0,0.0,0.0,0.0,,,0.0,-22.2,5.6,-11.6,29374,33080.0,-5.4,0.7,107960,半導体製造装置(-3.8%)
7685,ＢｕｙＳｅｌｌ　Ｔｅｃｈｎｏｌｏｇｉｅｓ,卸売業,6.0,6.0,1,1350,★☆☆☆☆,0.0,6.0,3,-4.4,0.0,0.0,0.0,0.0,0.0,0.0,0.0,,,0.0,1.5,5.3,-2.7,2756,3085.0,-6.5,0.9,1437,RS転換3日目
4751,サイバーエージェント,サービス業,6.0,6.0,1,1351,★☆☆☆☆,0.0,0.0,-1,-2.0,0.0,2.0,0.0,4.0,0.0,0.0,0.0,,,0.0,-12.2,2.5,-2.9,1263,1330.5,-1.0,0.7,9856,-
1976,明星工業,建設業,6.0,6.0,1,1352,★☆☆☆☆,0.0,4.0,-1,3.9,0.0,1.0,0.0,1.0,0.0,0.0,0.0,,,0.0,-9.8,2.5,-4.7,1657,1745.0,-0.2,1.4,187,RS加速+3.9
6871,日本マイクロニクス,電気機器,6.0,6.0,1,1353,★☆☆☆☆,0.0,0.0,-1,-6.1,6.0,0.0,0.0,0.0,0.0,0.0,0.0,,,0.0,-13.9,7.4,-10.0,10534,12360.0,-10.9,0.8,20196,半導体製造装置(-3.8%)
7760,ＩＭＶ,精密機器,6.0,6.0,1,1354,★☆☆☆☆,0.0,2.0,-1,0.2,0.0,0.0,0.0,4.0,0.0,0.0,0.0,,,0.0,-17.6,3.8,-2.4,1917,2076.0,3.8,0.3,294,-
6969,松尾電機,電気機器,6.0,6.0,1,1355,★☆☆☆☆,0.0,0.0,-1,-1.5,0.0,2.0,0.0,4.0,0.0,0.0,0.0,,,0.0,-8.8,4.7,-3.2,918,1014.0,1.6,0.2,103,-
9364,上組,倉庫・運輸関連業,5.8,5.8,1,1356,★☆☆☆☆,0.0,2.0,-1,1.3,0.0,0.0,0.0,1.0,0.0,2.8,0.0,,,0.0,-7.3,1.4,-1.8,4758,4898.0,0.7,0.8,1414,開示[自己株式の取得](1日前)
1911,住友林業,建設業,5.7,5.7,1,1357,★☆☆☆☆,0.0,2.0,-1,2.5,0.0,0.0,0.0,3.7,0.0,0.0,0.0,,,0.0,-1.5,2.0,-0.2,1286,1340.0,-0.1,0.7,5214,-
3865,北越コーポレーション,パルプ・紙,5.7,5.7,1,1358,★☆☆☆☆,0.0,0.0,-1,-0.4,0.0,2.0,0.0,3.7,0.0,0.0,0.0,,,0.0,-4.3,2.2,-0.9,866,906.0,-1.5,0.8,211,-
9551,メタウォーター,電気・ガス業,5.7,5.7,1,1359,★☆☆☆☆,0.0,2.0,-1,2.0,0.0,0.0,0.0,3.7,0.0,0.0,0.0,,,0.0,-1.9,2.2,0.2,3022,3160.0,0.5,0.9,345,-
3591,ワコールホールディングス,繊維製品,5.7,5.7,1,1360,★☆☆☆☆,0.0,2.0,-1,0.1,0.0,1.0,0.0,2.7,0.0,0.0,0.0,,,0.0,-5.7,1.8,-2.1,4092,4242.0,-1.0,0.7,459,-
7972,イトーキ,その他製品,5.7,5.7,1,1361,★☆☆☆☆,0.0,2.0,-1,1.4,0.0,1.0,0.0,2.7,0.0,0.0,0.0,,,0.0,-12.0,2.4,-2.7,2501,2625.0,1.5,0.8,574,-
8585,オリエントコーポレーション,その他金融業,5.7,5.7,1,1362,★☆☆☆☆,0.0,2.0,-1,2.7,0.0,1.0,0.0,2.7,0.0,0.0,0.0,,,0.0,-2.2,1.5,-1.0,842,867.0,-2.1,0.9,357,-
5741,ＵＡＣＪ,非鉄金属,5.7,5.7,1,1363,★☆☆☆☆,0.0,2.0,-1,2.0,0.0,0.0,0.0,3.7,0.0,0.0,0.0,,,0.0,-0.7,4.2,0.7,2167,2365.0,0.2,0.7,2743,-
7004,カナデビア,機械,5.7,5.7,1,1364,★☆☆☆☆,0.0,2.0,-1,2.3,0.0,1.0,0.0,2.7,0.0,0.0,0.0,,,0.0,-0.6,2.5,-0.4,1141,1201.0,-0.2,1.0,1154,-
9708,帝国ホテル,サービス業,5.7,5.7,1,1365,★☆☆☆☆,0.0,2.0,-1,0.5,0.0,1.0,0.0,2.7,0.0,0.0,0.0,,,0.0,-1.1,1.1,-0.0,971,993.0,-0.3,0.6,106,-
6651,日東工業,電気機器,5.7,5.7,1,1366,★☆☆☆☆,0.0,2.0,-1,1.2,0.0,0.0,0.0,3.7,0.0,0.0,0.0,,,0.0,-2.1,2.0,-0.2,4239,4415.0,1.3,1.1,315,-
7818,トランザクション,その他製品,5.7,5.7,1,1367,★☆☆☆☆,0.0,0.0,-1,-5.0,0.0,2.0,0.0,3.7,0.0,0.0,0.0,,,0.0,-3.3,2.4,-1.2,1114,1169.0,-4.7,0.6,370,資金流入増
4975,ＪＣＵ,化学,5.7,5.7,1,1368,★☆☆☆☆,0.0,2.0,-1,2.9,0.0,1.0,0.0,2.7,0.0,0.0,0.0,,,0.0,-10.9,3.4,-2.6,5159,5530.0,2.2,1.4,689,-
6590,芝浦メカトロニクス,電気機器,5.5,5.5,1,1369,★☆☆☆☆,0.0,4.0,-1,8.2,0.0,0.0,0.0,1.5,0.0,0.0,0.0,,,0.0,-13.6,5.9,-6.4,3556,4030.0,-1.6,0.6,8124,RS加速+8.2
6266,タツモ,機械,5.5,5.5,1,1370,★☆☆☆☆,0.0,4.0,-1,3.6,0.0,0.0,0.0,1.5,0.0,0.0,0.0,,,0.0,-18.5,5.7,-8.1,3054,3445.0,-3.4,0.5,1511,RS加速+3.6
6674,ジーエス・ユアサ　コーポレーション,電気機器,5.5,5.5,1,1371,★☆☆☆☆,0.0,2.0,-1,2.0,0.0,2.0,0.0,1.5,0.0,0.0,0.0,,,0.0,-7.0,3.4,-2.7,4928,5283.0,-1.4,0.7,5187,-
9256,サクシード,サービス業,5.5,5.5,1,1372,★☆☆☆☆,0.0,4.0,-1,42.2,0.0,0.0,0.0,1.5,0.0,0.0,0.0,,,0.0,-10.3,5.0,-7.5,1051,1168.0,1.8,0.4,136,RS加速+42.2
6961,エンプラス,電気機器,5.5,5.5,1,1373,★☆☆☆☆,0.0,4.0,-1,8.4,0.0,0.0,0.0,1.5,0.0,0.0,0.0,,,0.0,-14.1,6.9,-7.6,8604,9980.0,-3.0,0.9,2019,RS加速+8.4
6754,アンリツ,電気機器,5.5,5.5,1,1374,★☆☆☆☆,0.0,4.0,-1,7.1,0.0,0.0,0.0,1.5,0.0,0.0,0.0,,,0.0,-6.5,3.8,-3.7,3122,3379.0,-1.6,0.4,4365,RS加速+7.1
4935,リベルタ,化学,5.5,5.5,1,1375,★☆☆☆☆,0.0,4.0,-1,8.7,0.0,0.0,0.0,1.5,0.0,0.0,0.0,,,0.0,-19.3,4.3,-8.6,188,206.0,-4.6,0.5,136,RS加速+8.7
4078,堺化学工業,化学,5.5,5.5,1,1376,★☆☆☆☆,0.0,0.0,-1,-1.1,0.0,0.0,0.0,2.7,0.0,2.8,0.0,,,0.0,-5.0,3.0,-1.4,3676,3915.0,-1.3,0.6,1022,開示[自己株式の取得](1日前)
6800,ヨコオ,電気機器,5.5,5.5,1,1377,★☆☆☆☆,0.0,4.0,-1,7.3,0.0,0.0,0.0,1.5,0.0,0.0,0.0,,,0.0,-5.3,5.3,-3.0,3487,3900.0,2.8,0.7,865,RS加速+7.3
6976,太陽誘電,電気機器,5.5,5.5,1,1378,★☆☆☆☆,0.0,4.0,-1,11.7,0.0,0.0,0.0,1.5,0.0,0.0,0.0,,,0.0,-9.4,8.0,-5.3,7791,9283.0,0.1,0.8,246162,RS加速+11.7
6999,ＫＯＡ,電気機器,5.5,5.5,1,1379,★☆☆☆☆,0.0,4.0,-1,11.6,0.0,0.0,0.0,1.5,0.0,0.0,0.0,,,0.0,-2.8,5.0,-1.5,2080,2309.0,4.1,0.5,1699,RS加速+11.6
6479,ミネベアミツミ,電気機器,5.5,5.5,1,1380,★☆☆☆☆,0.0,4.0,-1,3.2,0.0,0.0,0.0,1.5,0.0,0.0,0.0,,,0.0,-12.5,3.1,-5.1,3199,3410.0,1.9,0.7,10650,RS加速+3.2
1786,オリエンタル白石,建設業,5.5,5.5,1,1381,★☆☆☆☆,0.0,0.0,-1,-1.9,0.0,2.0,0.0,3.5,0.0,0.0,0.0,,,0.0,-6.5,1.9,-0.9,344,358.0,-0.3,0.8,259,-
2157,コシダカホールディングス,サービス業,5.5,5.5,1,1382,★☆☆☆☆,0.0,0.0,-1,-0.4,0.0,3.0,0.0,2.5,0.0,0.0,0.0,,,0.0,-2.3,1.9,-0.4,981,1021.0,-2.4,1.0,1140,資金流入増
3387,クリエイト・レストランツ・ホールディングス,小売業,5.5,5.5,1,1383,★☆☆☆☆,0.0,0.0,-1,-2.8,0.0,1.0,0.0,4.5,0.0,0.0,0.0,,,0.0,-3.7,1.5,-0.5,741,764.0,-2.4,0.9,1616,-
6845,アズビル,電気機器,5.3,5.3,1,1384,★☆☆☆☆,0.0,0.0,-1,-0.2,0.0,0.0,0.0,2.5,0.0,2.8,0.0,,,0.0,-11.2,2.0,-3.3,1464,1523.0,0.4,0.7,2373,開示[自己株式の取得](1日前)
8012,長瀬産業,卸売業,5.3,5.3,1,1385,★☆☆☆☆,0.0,2.0,-1,2.7,0.0,0.0,0.0,2.0,0.0,1.3,0.0,,,0.0,-0.9,2.4,-0.9,1130,1186.0,1.1,0.8,1418,開示[自己株式の取得](8日前)
3302,帝国繊維,繊維製品,5.3,5.3,1,1386,★☆☆☆☆,0.0,0.0,-1,-8.1,0.0,4.3,0.0,1.0,0.0,0.0,0.0,,,0.0,-10.5,3.0,-5.9,2954,3140.0,-6.7,2.1,234,出来高増2.1倍
9069,センコーグループホールディングス,陸運業,5.2,5.2,1,1387,★☆☆☆☆,0.0,0.0,-1,-3.2,0.0,2.0,0.0,3.2,0.0,0.0,0.0,,,0.0,-1.4,2.2,-0.1,2159,2256.5,-0.9,0.6,962,-
8593,三菱ＨＣキャピタル,その他金融業,5.2,5.2,1,1388,★☆☆☆☆,0.0,2.0,-1,2.5,0.0,0.0,0.0,3.2,0.0,0.0,0.0,,,0.0,-4.1,1.2,-0.1,1381,1415.0,1.5,0.8,5844,-
9842,アークランズ,小売業,5.2,5.2,1,1389,★☆☆☆☆,0.0,0.0,-1,-1.6,0.0,2.0,0.0,3.2,0.0,0.0,0.0,,,0.0,-4.0,1.4,-0.9,1815,1868.0,-1.7,0.6,880,資金流入増
6255,エヌ・ピー・シー,機械,5.0,5.0,1,1390,★☆☆☆☆,0.0,2.0,-1,-13.0,0.0,2.0,0.0,1.0,0.0,0.0,0.0,,,0.0,-2.3,3.1,1.0,639,681.0,0.0,1.2,133,-
3836,アバントグループ,情報・通信業,5.0,5.0,1,1391,★☆☆☆☆,0.0,0.0,-1,-0.0,0.0,0.0,0.0,5.0,0.0,0.0,0.0,,,0.0,-7.0,2.5,-0.7,1136,1196.0,0.8,0.9,120,-
6677,エスケーエレクトロニクス,電気機器,5.0,5.0,1,1392,★☆☆☆☆,0.0,2.0,-1,0.3,0.0,2.0,0.0,1.0,0.0,0.0,0.0,,,0.0,-10.0,2.6,-3.0,3124,3295.0,2.5,0.9,373,資金流入増
3415,ＴＯＫＹＯ　ＢＡＳＥ,小売業,5.0,5.0,1,1393,★☆☆☆☆,0.0,4.0,-1,3.7,0.0,1.0,0.0,0.0,0.0,0.0,0.0,,,0.0,-8.9,2.3,-3.5,352,369.0,-1.3,1.2,125,RS加速+3.7
6136,オーエスジー,機械,5.0,5.0,1,1394,★☆☆☆☆,0.0,4.0,-1,7.6,0.0,0.0,0.0,1.0,0.0,0.0,0.0,,,0.0,-0.8,3.2,-1.7,3466,3700.0,-0.8,1.0,1266,RS加速+7.6
6363,酉島製作所,機械,5.0,5.0,1,1395,★☆☆☆☆,0.0,3.0,19,-5.8,0.0,1.0,0.0,1.0,0.0,0.0,0.0,,,0.0,2.0,3.6,-2.4,2757,2972.0,-4.3,1.4,583,-
1909,日本ドライケミカル,機械,5.0,5.0,1,1396,★☆☆☆☆,0.0,2.0,-1,-1.6,0.0,0.0,0.0,3.0,0.0,0.0,0.0,,,0.0,-2.9,0.2,0.0,3686,3700.0,-0.1,0.1,345,-
5333,ＮＧＫ,ガラス・土石製品,5.0,5.0,1,1397,★☆☆☆☆,0.0,4.0,-1,6.1,0.0,1.0,0.0,0.0,0.0,0.0,0.0,,,0.0,-6.1,3.8,-4.0,4953,5360.0,-0.9,1.0,7894,RS加速+6.1
7725,インターアクション,精密機器,5.0,5.0,1,1398,★☆☆☆☆,0.0,3.0,19,-2.6,0.0,2.0,0.0,0.0,0.0,0.0,0.0,,,0.0,2.2,4.2,-2.4,1628,1779.0,-5.5,0.7,205,-
368A,北里,精密機器,5.0,5.0,1,1399,★☆☆☆☆,0.0,2.0,-1,-5.5,0.0,0.0,0.0,3.0,0.0,0.0,0.0,,,0.0,-0.5,2.6,0.6,1424,1501.0,0.1,0.4,168,MA上昇配列
7309,シマノ,輸送用機器,4.8,4.8,1,1400,★☆☆☆☆,0.0,0.0,-1,-6.0,0.0,2.0,0.0,0.0,0.0,2.8,0.0,,,0.0,-2.0,2.5,-0.6,18843,19830.0,-1.2,1.0,5010,開示[自己株式の取得](1日前)
8218,コメリ,小売業,4.8,4.8,1,1401,★☆☆☆☆,0.0,0.0,-1,-10.0,0.0,0.0,0.0,2.0,0.0,2.8,0.0,,,0.0,-3.7,1.6,-0.2,3736,3860.0,-0.3,0.9,396,開示[自己株式の取得](1日前)
5706,三井金属,非鉄金属,4.7,4.7,1,1402,★☆☆☆☆,0.0,2.0,-1,1.0,0.0,0.0,0.0,2.7,0.0,0.0,0.0,,,0.0,-9.7,6.0,-2.3,25366,28825.0,1.7,0.6,53036,-
3482,ロードスターキャピタル,不動産業,4.7,4.7,1,1403,★☆☆☆☆,0.0,2.0,-1,1.9,0.0,0.0,0.0,2.7,0.0,0.0,0.0,,,0.0,-4.7,1.6,-1.1,2533,2616.0,-1.0,0.5,282,-
7238,曙ブレーキ工業,輸送用機器,4.7,4.7,1,1404,★☆☆☆☆,0.0,0.0,-1,-1.6,0.0,1.0,0.0,3.7,0.0,0.0,0.0,,,0.0,-3.9,2.4,0.1,104,109.0,0.9,1.0,254,-
6637,寺崎電気産業,電気機器,4.7,4.7,1,1405,★☆☆☆☆,0.0,1.5,41,-0.7,0.0,2.0,0.0,1.2,0.0,0.0,0.0,,,0.0,2.2,4.0,-0.7,3793,4125.0,-5.1,0.8,181,-
6472,ＮＴＮ,機械,4.7,4.7,1,1406,★☆☆☆☆,0.0,0.0,-1,-0.7,0.0,1.0,0.0,3.7,0.0,0.0,0.0,,,0.0,-4.2,2.4,1.0,366,384.79998779296875,3.2,0.9,1253,-
4886,あすか製薬ホールディングス,医薬品,4.7,4.7,1,1407,★☆☆☆☆,0.0,2.0,-1,1.8,0.0,0.0,0.0,2.7,0.0,0.0,0.0,,,0.0,-4.0,2.4,-0.8,2008,2110.0,-1.2,0.6,212,-
7915,ＮＩＳＳＨＡ,その他製品,4.7,4.7,1,1408,★☆☆☆☆,0.0,2.0,-1,2.0,0.0,0.0,0.0,2.7,0.0,0.0,0.0,,,0.0,-5.7,2.3,-0.4,1236,1296.0,-0.5,0.8,343,-
3798,ＵＬＳグループ,情報・通信業,4.5,4.5,1,1409,★☆☆☆☆,0.0,2.0,-1,2.2,0.0,1.0,0.0,1.5,0.0,0.0,0.0,,,0.0,-4.5,3.5,-0.3,506,544.0,1.5,0.7,140,-
9984,ソフトバンクグループ,情報・通信業,4.5,4.5,1,1410,★☆☆☆☆,0.0,2.0,-1,0.5,0.0,1.0,0.0,1.5,0.0,0.0,0.0,,,0.0,-5.5,5.4,-1.5,4691,5262.0,3.4,0.7,199789,-
3891,ニッポン高度紙工業,パルプ・紙,4.5,4.5,1,1411,★☆☆☆☆,0.0,2.0,-1,2.8,0.0,0.0,0.0,2.5,0.0,0.0,0.0,,,0.0,-4.6,6.0,0.5,5896,6700.0,4.2,0.6,1174,-
8185,チヨダ,小売業,4.3,4.3,1,1412,★☆☆☆☆,0.0,0.0,-1,-6.0,0.0,4.3,0.0,0.0,0.0,0.0,0.0,,,0.0,-1.1,1.4,-2.0,956,983.0,-5.9,2.2,213,出来高増2.2倍
6013,タクマ,機械,4.3,4.3,1,1413,★☆☆☆☆,0.0,2.0,-1,0.5,0.0,0.0,0.0,1.0,0.0,1.3,0.0,,,0.0,-12.5,1.8,-5.3,2936,3045.0,-0.8,0.9,651,開示[自己株式の取得](8日前)
7532,パン・パシフィック・インターナショナルホールディングス,小売業,4.3,4.3,1,1414,★☆☆☆☆,0.0,0.0,-1,-6.0,0.0,4.3,0.0,0.0,0.0,0.0,0.0,,,0.0,-16.4,3.2,-11.1,726,776.5999755859375,-4.6,2.5,11831,出来高増2.5倍
8151,東陽テクニカ,卸売業,4.3,4.3,1,1415,★☆☆☆☆,0.0,0.0,-1,-3.3,0.0,2.0,0.0,1.0,0.0,1.3,0.0,,,0.0,-5.2,2.9,-3.7,1815,1926.0,-2.3,0.7,521,資金流入増 / 開示[自己株式の取得](8日前)
3475,グッドコムアセット,不動産業,4.2,4.2,1,1416,★☆☆☆☆,0.0,0.0,-1,-2.9,0.0,2.0,0.0,2.2,0.0,0.0,0.0,,,0.0,-1.0,1.7,-1.0,1483,1537.0,-3.1,1.5,113,-
9065,山九,陸運業,4.2,4.2,1,1417,★☆☆☆☆,0.0,2.0,-1,0.9,0.0,0.0,0.0,2.2,0.0,0.0,0.0,,,0.0,-9.8,1.7,-3.1,8097,8388.0,-0.4,0.6,1787,-
9267,Ｇｅｎｋｙ　ＤｒｕｇＳｔｏｒｅｓ,小売業,4.2,4.2,1,1418,★☆☆☆☆,0.0,0.0,-1,-0.7,0.0,3.0,0.0,1.2,0.0,0.0,0.0,,,0.0,-8.0,2.8,-3.9,3331,3530.0,-4.6,1.6,252,-
9755,応用地質,サービス業,4.2,4.2,1,1419,★☆☆☆☆,0.0,0.0,-1,-0.6,0.0,2.0,0.0,2.2,0.0,0.0,0.0,,,0.0,-0.7,1.4,-0.2,2756,2837.0,-1.5,1.3,190,-
3382,セブン＆アイ・ホールディングス,小売業,4.2,4.2,1,1420,★☆☆☆☆,0.0,2.0,-1,2.9,0.0,1.0,0.0,1.2,0.0,0.0,0.0,,,0.0,-3.3,1.7,-0.3,1965,2034.0,1.6,0.9,18255,-
2201,森永製菓,食料品,4.2,4.2,1,1421,★☆☆☆☆,0.0,0.0,-1,-0.4,0.0,2.0,0.0,2.2,0.0,0.0,0.0,,,0.0,-6.1,1.3,-1.6,2481,2545.0,-1.7,1.6,834,-
6101,ツガミ,機械,4.0,4.0,1,1422,★☆☆☆☆,0.0,4.0,-1,11.7,0.0,0.0,0.0,0.0,0.0,0.0,0.0,,,0.0,-11.2,5.0,-8.8,4723,5250.0,-4.2,0.8,2212,RS加速+11.7
6278,ユニオンツール,機械,4.0,4.0,1,1423,★☆☆☆☆,0.0,4.0,-1,5.8,0.0,0.0,0.0,0.0,0.0,0.0,0.0,,,0.0,-15.0,6.5,-11.1,12023,13810.0,-4.6,0.6,5146,RS加速+5.8
4889,レナサイエンス,医薬品,4.0,4.0,1,1424,★☆☆☆☆,0.0,0.0,-1,-7.4,0.0,0.0,0.0,4.0,0.0,0.0,0.0,,,0.0,-21.0,7.1,-9.5,1055,1230.0,-9.3,0.7,704,-
9790,福井コンピュータホールディングス,情報・通信業,4.0,4.0,1,1425,★☆☆☆☆,0.0,0.0,-1,-0.2,0.0,0.0,0.0,4.0,0.0,0.0,0.0,,,0.0,-2.4,1.4,-0.3,3021,3110.0,0.2,0.6,118,-
4186,東京応化工業,化学,4.0,4.0,1,1426,★☆☆☆☆,0.0,4.0,-1,6.9,0.0,0.0,0.0,0.0,0.0,0.0,0.0,,,0.0,-6.8,4.1,-4.4,7837,8535.0,-2.2,0.8,7734,RS加速+6.9
8697,日本取引所グループ,その他金融業,4.0,4.0,1,1427,★☆☆☆☆,0.0,2.0,-1,1.5,0.0,0.0,0.0,2.0,0.0,0.0,0.0,,,0.0,-1.1,2.0,-1.1,2129,2216.5,-2.0,1.0,6910,-
4187,大阪有機化学工業,化学,4.0,4.0,1,1428,★☆☆☆☆,0.0,4.0,-1,7.4,0.0,0.0,0.0,0.0,0.0,0.0,0.0,,,0.0,-5.1,3.7,-4.1,4165,4495.0,-2.6,0.9,618,RS加速+7.4
6235,オプトラン,機械,4.0,4.0,1,1429,★☆☆☆☆,0.0,4.0,-1,3.7,0.0,0.0,0.0,0.0,0.0,0.0,0.0,,,0.0,-13.8,5.3,-9.4,2374,2657.0,-2.5,0.7,1396,RS加速+3.7
6113,アマダ,機械,4.0,4.0,1,1430,★☆☆☆☆,0.0,4.0,-1,4.5,0.0,0.0,0.0,0.0,0.0,0.0,0.0,,,0.0,-8.8,3.4,-4.3,2402,2579.0,-0.3,0.6,5944,RS加速+4.5
9946,ミニストップ,小売業,4.0,4.0,1,1431,★☆☆☆☆,0.0,0.0,-1,-6.2,0.0,3.0,0.0,1.0,0.0,0.0,0.0,,,0.0,-5.9,0.9,-2.5,1755,1788.0,-4.0,1.8,145,-
3445,ＲＳ　Ｔｅｃｈｎｏｌｏｇｉｅｓ,金属製品,4.0,4.0,1,1432,★☆☆☆☆,0.0,4.0,-1,8.5,0.0,0.0,0.0,0.0,0.0,0.0,0.0,,,0.0,-14.5,6.5,-7.7,4919,5650.0,1.4,0.8,1818,RS加速+8.5
5101,横浜ゴム,ゴム製品,4.0,4.0,1,1433,★☆☆☆☆,0.0,2.0,-1,0.8,0.0,1.0,0.0,1.0,0.0,0.0,0.0,,,0.0,-1.6,3.5,-1.6,6913,7436.0,-0.4,0.5,9332,-
3856,Ａｂａｌａｎｃｅ,電気機器,4.0,4.0,1,1434,★☆☆☆☆,0.0,0.0,-1,-17.4,0.0,4.0,0.0,0.0,0.0,0.0,0.0,,,0.0,-42.1,19.7,-32.6,152,250.0,-37.3,1.8,272,資金流入増
6383,ダイフク,機械,4.0,4.0,1,1435,★☆☆☆☆,0.0,4.0,-1,3.4,0.0,0.0,0.0,0.0,0.0,0.0,0.0,,,0.0,-5.0,2.9,-3.6,5435,5768.0,-1.6,0.8,12579,RS加速+3.4
6941,山一電機,電気機器,4.0,4.0,1,1436,★☆☆☆☆,0.0,4.0,-1,3.4,0.0,0.0,0.0,0.0,0.0,0.0,0.0,,,0.0,-11.9,5.9,-5.1,6939,7870.0,-1.0,0.5,3659,RS加速+3.4
6925,ウシオ電機,電気機器,4.0,4.0,1,1437,★☆☆☆☆,0.0,4.0,-1,5.8,0.0,0.0,0.0,0.0,0.0,0.0,0.0,,,0.0,-1.5,4.0,-2.9,3550,3857.0,-1.1,0.9,1924,RS加速+5.8
3104,富士紡ホールディングス,繊維製品,4.0,4.0,1,1438,★☆☆☆☆,0.0,4.0,-1,6.9,0.0,0.0,0.0,0.0,0.0,0.0,0.0,,,0.0,-7.3,3.8,-5.3,3113,3370.0,-3.4,0.6,462,RS加速+6.9
6841,横河電機,電気機器,4.0,4.0,1,1439,★☆☆☆☆,0.0,2.0,-1,2.3,0.0,1.0,0.0,1.0,0.0,0.0,0.0,,,0.0,-13.6,3.1,-5.2,4784,5100.0,-0.9,0.6,6743,-
7701,島津製作所,精密機器,4.0,4.0,1,1440,★☆☆☆☆,0.0,4.0,-1,3.2,0.0,0.0,0.0,0.0,0.0,0.0,0.0,,,0.0,-1.9,1.9,-1.5,3906,4056.0,-1.5,1.0,3546,RS加速+3.2
6232,ＡＣＳＬ,機械,4.0,4.0,1,1441,★☆☆☆☆,0.0,4.0,-1,5.6,0.0,0.0,0.0,0.0,0.0,0.0,0.0,,,0.0,-9.7,7.0,-7.2,1308,1522.0,4.6,0.7,1315,RS加速+5.6
4966,上村工業,化学,3.9,3.9,1,1442,★☆☆☆☆,0.0,2.0,-1,0.0,0.0,0.0,0.0,1.5,0.0,0.4,0.0,,,0.0,-17.2,3.9,-6.8,18134,19680.0,1.1,0.4,1822,開示[自己株式の取得](12日前)
6370,栗田工業,機械,3.8,3.8,1,1443,★☆☆☆☆,0.0,0.0,-1,-0.0,0.0,0.0,0.0,1.0,0.0,2.8,0.0,,,0.0,-11.2,3.2,-4.5,7500,8006.0,-1.1,0.8,5108,開示[自己株式の取得](1日前)
7606,ユナイテッドアローズ,小売業,3.8,3.8,1,1444,★☆☆☆☆,0.0,0.0,-1,-3.6,0.0,0.0,0.0,1.0,0.0,2.8,0.0,,,0.0,-1.8,2.1,-1.5,2368,2473.0,-1.6,1.0,554,開示[自己株式の取得](1日前)
7741,ＨＯＹＡ,精密機器,3.8,3.8,1,1445,★☆☆☆☆,0.0,0.0,-1,-4.2,0.0,0.0,0.0,1.0,0.0,2.8,0.0,,,0.0,-4.5,2.4,-1.4,23712,24890.0,-0.4,1.1,24085,開示[自己株式の取得](1日前)
4099,四国化成ホールディングス,化学,3.8,3.8,1,1446,★☆☆☆☆,0.0,0.0,-1,-7.0,0.0,1.0,0.0,0.0,0.0,2.8,0.0,,,0.0,-15.6,5.5,-10.0,2130,2391.0,-4.1,0.5,2120,開示[自己株式取得](1日前)
8111,ゴールドウイン,繊維製品,3.7,3.7,1,1447,★☆☆☆☆,0.0,0.0,-1,-1.2,0.0,1.0,0.0,2.7,0.0,0.0,0.0,,,0.0,-9.8,2.0,-3.1,2042,2127.0,-2.7,0.7,1404,-
3984,ユーザーローカル,情報・通信業,3.7,3.7,1,1448,★☆☆☆☆,0.0,0.0,-1,-1.9,0.0,1.0,0.0,2.7,0.0,0.0,0.0,,,0.0,-18.0,3.1,-6.6,1432,1527.0,-0.9,0.9,230,-
6648,かわでん,電気機器,3.7,3.7,1,1449,★☆☆☆☆,0.0,0.0,-1,-10.4,0.0,1.0,0.0,2.7,0.0,0.0,0.0,,,0.0,-10.4,2.9,-2.3,1601,1701.0,-2.6,0.3,137,-
7745,Ａ＆Ｄホロンホールディングス,精密機器,3.7,3.7,1,1450,★☆☆☆☆,0.0,0.0,-1,-3.1,0.0,0.0,0.0,3.7,0.0,0.0,0.0,,,0.0,-8.2,2.6,-0.9,2743,2893.0,1.0,0.6,328,-
6222,島精機製作所,機械,3.7,3.7,1,1451,★☆☆☆☆,0.0,1.5,34,-6.2,0.0,1.0,0.0,1.2,0.0,0.0,0.0,,,0.0,0.7,2.1,-0.9,898,938.0,-3.9,1.3,149,-
6227,ＡＩメカテック,機械,3.7,3.7,1,1452,★☆☆☆☆,0.0,0.0,-1,-0.9,0.0,0.0,0.0,3.7,0.0,0.0,0.0,,,0.0,-3.3,7.0,0.9,5547,6450.0,-4.3,0.6,6277,-
7409,ＡｅｒｏＥｄｇｅ,輸送用機器,3.7,3.7,1,1453,★☆☆☆☆,0.0,0.0,-1,-5.5,0.0,1.0,0.0,2.7,0.0,0.0,0.0,,,0.0,-4.4,8.0,-0.2,1282,1526.0,-1.4,0.3,551,-
6088,シグマクシス・ホールディングス,サービス業,3.7,3.7,1,1454,★☆☆☆☆,0.0,0.0,-1,-0.7,0.0,0.0,0.0,3.7,0.0,0.0,0.0,,,0.0,-7.0,2.6,-0.5,529,557.0,-0.7,0.7,314,-
6387,サムコ,機械,3.5,3.5,1,1455,★☆☆☆☆,0.0,2.0,-1,1.9,0.0,0.0,0.0,1.5,0.0,0.0,0.0,,,0.0,-3.3,6.9,-5.3,7320,8500.0,-4.3,0.8,967,-
3196,ホットランドホールディングス,小売業,3.5,3.5,1,1456,★☆☆☆☆,0.0,0.0,-1,-0.2,0.0,1.0,0.0,2.5,0.0,0.0,0.0,,,0.0,-1.3,1.5,-0.0,1584,1634.0,-2.0,0.9,177,-
6367,ダイキン工業,機械,3.5,3.5,1,1457,★☆☆☆☆,0.0,2.0,-1,2.0,0.0,0.0,0.0,1.5,0.0,0.0,0.0,,,0.0,-13.1,1.8,-4.1,20194,20940.0,0.5,0.6,32033,-
3449,テクノフレックス,金属製品,3.5,3.5,1,1458,★☆☆☆☆,0.0,2.0,-1,2.7,0.0,0.0,0.0,1.5,0.0,0.0,0.0,,,0.0,-17.4,6.1,-6.0,3434,3915.0,2.0,0.6,672,-
4063,信越化学工業,化学,3.5,3.5,1,1459,★☆☆☆☆,0.0,2.0,-1,2.8,0.0,0.0,0.0,1.5,0.0,0.0,0.0,,,0.0,-0.9,1.8,-1.7,5748,5968.0,-0.6,0.8,35609,-
4887,サワイグループホールディングス,医薬品,3.5,3.5,1,1460,★☆☆☆☆,0.0,2.0,-1,1.7,0.0,0.0,0.0,1.5,0.0,0.0,0.0,,,0.0,-3.4,1.5,-1.1,1560,1610.0,-0.4,0.9,890,-
8278,フジ,小売業,3.5,3.5,1,1461,★☆☆☆☆,0.0,0.0,-1,-7.9,0.0,1.0,0.0,2.5,0.0,0.0,0.0,,,0.0,-3.2,1.6,-0.6,1957,2020.0,-4.2,1.0,318,-
6844,新電元工業,電気機器,3.5,3.5,1,1462,★☆☆☆☆,0.0,2.0,-1,0.4,0.0,0.0,0.0,1.5,0.0,0.0,0.0,,,0.0,-13.3,3.0,-4.2,2950,3140.0,3.1,0.7,387,-
9211,エフ・コード,サービス業,3.5,3.5,1,1463,★☆☆☆☆,0.0,1.5,34,-3.3,0.0,2.0,0.0,0.0,0.0,0.0,0.0,,,0.0,3.8,5.2,-1.2,1294,1444.0,-3.2,0.7,259,-
6055,ジャパンマテリアル,サービス業,3.5,3.5,1,1464,★☆☆☆☆,0.0,2.0,-1,2.1,0.0,0.0,0.0,1.5,0.0,0.0,0.0,,,0.0,-9.7,4.5,-2.2,1933,2126.0,3.1,0.7,1358,-
4061,デンカ,化学,3.5,3.5,1,1465,★☆☆☆☆,0.0,2.0,-1,2.6,0.0,0.0,0.0,1.5,0.0,0.0,0.0,,,0.0,-4.7,3.4,-2.5,3148,3375.0,-1.1,0.9,3133,-
6996,ニチコン,電気機器,3.5,3.5,1,1466,★☆☆☆☆,0.0,2.0,-1,2.4,0.0,0.0,0.0,1.5,0.0,0.0,0.0,,,0.0,-9.9,4.7,-3.2,2470,2729.0,2.1,0.7,2688,-
2337,いちご,不動産業,3.5,3.5,1,1467,★☆☆☆☆,0.0,2.0,-1,2.5,0.0,0.0,0.0,1.5,0.0,0.0,0.0,,,0.0,-3.5,1.5,-2.2,387,399.0,-3.2,1.1,294,-
7256,河西工業,輸送用機器,3.3,3.3,1,1468,★☆☆☆☆,0.0,0.0,-1,-6.1,0.0,3.3,0.0,0.0,0.0,0.0,0.0,,,0.0,-5.6,7.3,-2.2,358,420.0,0.0,0.1,208,買い出来高優勢
7383,ネットプロテクションズホールディングス,その他金融業,3.3,3.3,1,1469,★☆☆☆☆,0.0,0.0,-1,-16.3,0.0,3.3,0.0,0.0,0.0,0.0,0.0,,,0.0,-10.1,5.5,-8.0,365,410.0,-11.4,2.2,438,出来高増2.2倍
3391,ツルハホールディングス,小売業,3.3,3.3,1,1470,★☆☆☆☆,0.0,0.0,-1,-4.5,0.0,3.3,0.0,0.0,0.0,0.0,0.0,,,0.0,-9.1,2.3,-5.4,2148,2253.0,-5.3,2.3,2832,出来高増2.3倍
9305,ヤマタネ,卸売業,3.2,3.2,1,1471,★☆☆☆☆,0.0,2.0,-1,1.1,0.0,0.0,0.0,1.2,0.0,0.0,0.0,,,0.0,-2.3,1.8,-1.3,1987,2061.0,-1.8,1.2,147,-
5834,ＳＢＩリーシングサービス,証券、商品先物取引業,3.2,3.2,1,1472,★☆☆☆☆,0.0,2.0,-1,1.6,0.0,0.0,0.0,1.2,0.0,0.0,0.0,,,0.0,-3.9,2.1,-0.5,2629,2747.0,1.3,0.8,149,-
7522,ワタミ,小売業,3.2,3.2,1,1473,★☆☆☆☆,0.0,0.0,-1,-1.1,0.0,2.0,0.0,1.2,0.0,0.0,0.0,,,0.0,-0.8,2.1,-0.0,920,960.0,-1.4,0.9,100,-
3349,コスモス薬品,小売業,3.2,3.2,1,1474,★☆☆☆☆,0.0,0.0,-1,-3.7,0.0,2.0,0.0,1.2,0.0,0.0,0.0,,,0.0,-1.4,2.5,-0.2,6162,6481.0,-2.1,1.3,2195,-
3333,あさひ,小売業,3.2,3.2,1,1475,★☆☆☆☆,0.0,0.0,-1,-5.6,0.0,1.0,0.0,2.2,0.0,0.0,0.0,,,0.0,-3.5,1.5,-0.8,1280,1321.0,-2.9,0.6,146,-
9010,富士急行,陸運業,3.2,3.2,1,1476,★☆☆☆☆,0.0,0.0,-1,-3.0,0.0,2.0,0.0,1.2,0.0,0.0,0.0,,,0.0,-3.0,2.1,-0.8,2616,2729.0,-1.7,1.3,457,-
7447,ナガイレーベン,卸売業,3.2,3.2,1,1477,★☆☆☆☆,0.0,0.0,-1,-0.5,0.0,2.0,0.0,1.2,0.0,0.0,0.0,,,0.0,-1.9,1.5,-0.4,1656,1708.0,-0.8,1.4,204,-
3480,ジェイ・エス・ビー,不動産業,3.2,3.2,1,1478,★☆☆☆☆,0.0,0.0,-1,-1.7,0.0,0.0,0.0,3.2,0.0,0.0,0.0,,,0.0,-3.6,0.5,-0.3,8859,8940.0,0.0,0.7,560,-
4071,プラスアルファ・コンサルティング,情報・通信業,3.2,3.2,1,1479,★☆☆☆☆,0.0,0.0,-1,-4.4,0.0,0.0,0.0,1.5,0.0,1.7,0.0,,,0.0,-6.5,4.1,-3.2,2003,2180.0,-3.2,1.0,685,開示[自己株式の取得](6日前)
2685,アンドエスティＨＤ,小売業,3.2,3.2,1,1480,★☆☆☆☆,0.0,0.0,-1,-7.6,0.0,1.0,0.0,2.2,0.0,0.0,0.0,,,0.0,-5.2,1.9,-1.7,3236,3365.0,-3.4,0.6,1225,-
6240,ヤマシンフィルタ,機械,3.2,3.2,1,1481,★☆☆☆☆,0.0,2.0,-1,0.9,0.0,0.0,0.0,1.2,0.0,0.0,0.0,,,0.0,-3.8,2.3,-0.4,513,538.0,0.9,0.7,177,-
3810,サイバーステップホールディングス,情報・通信業,3.2,3.2,1,1482,★☆☆☆☆,0.0,0.0,-1,-39.7,0.0,2.0,0.0,1.2,0.0,0.0,0.0,,,0.0,-1.3,14.0,-9.8,125,174.0,-21.3,0.8,568,資金流入増
1419,タマホーム,建設業,3.2,3.2,1,1483,★☆☆☆☆,0.0,0.0,-1,-5.3,0.0,2.0,0.0,1.2,0.0,0.0,0.0,,,0.0,-4.5,2.1,-2.6,2785,2909.0,-5.1,1.9,467,-
2871,ニチレイ,食料品,3.2,3.2,1,1484,★☆☆☆☆,0.0,0.0,-1,-1.7,0.0,0.0,0.0,3.2,0.0,0.0,0.0,,,0.0,-4.1,2.1,-1.3,2068,2157.5,-0.8,0.6,2894,-
4662,フォーカスシステムズ,情報・通信業,3.2,3.2,1,1485,★☆☆☆☆,0.0,2.0,-1,1.5,0.0,0.0,0.0,1.2,0.0,0.0,0.0,,,0.0,-4.2,2.5,-0.4,1626,1710.0,0.6,0.6,102,-
9605,東映,情報・通信業,3.2,3.2,1,1486,★☆☆☆☆,0.0,0.0,-1,-4.3,0.0,0.0,0.0,3.2,0.0,0.0,0.0,,,0.0,-4.0,2.4,-1.8,5627,5910.0,-3.1,0.9,394,-
6465,ホシザキ,機械,3.2,3.2,1,1487,★☆☆☆☆,0.0,0.0,-1,-1.3,0.0,1.0,0.0,2.2,0.0,0.0,0.0,,,0.0,-2.6,1.6,-0.8,5474,5650.0,-1.1,0.6,1806,-
6471,日本精工,機械,3.0,3.0,1,1488,★☆☆☆☆,0.0,2.0,-1,2.4,0.0,0.0,0.0,1.0,0.0,0.0,0.0,,,0.0,-2.2,2.3,-0.1,1087,1138.5,2.8,0.9,2172,-
6859,エスペック,電気機器,3.0,3.0,1,1489,★☆☆☆☆,0.0,2.0,-1,2.4,0.0,0.0,0.0,1.0,0.0,0.0,0.0,,,0.0,-2.5,3.3,-2.1,3669,3925.0,-1.9,0.5,360,-
6745,ホーチキ,電気機器,3.0,3.0,1,1490,★☆☆☆☆,0.0,0.0,-1,-2.3,0.0,2.0,0.0,1.0,0.0,0.0,0.0,,,0.0,-0.6,3.5,-1.9,1820,1957.0,-3.8,0.9,344,-
6564,ミダックホールディングス,サービス業,3.0,3.0,1,1491,★☆☆☆☆,0.0,2.0,-1,1.2,0.0,1.0,0.0,0.0,0.0,0.0,0.0,,,0.0,-8.8,4.6,-6.7,1819,2001.0,-2.4,1.0,149,-
2264,森永乳業,食料品,3.0,3.0,1,1492,★☆☆☆☆,0.0,2.0,-1,2.6,0.0,0.0,0.0,1.0,0.0,0.0,0.0,,,0.0,-5.4,2.1,-3.8,1100,1149.5,-3.0,0.6,2001,-
3093,トレジャー・ファクトリー,小売業,3.0,3.0,1,1493,★☆☆☆☆,0.0,0.0,-1,-8.9,0.0,2.0,0.0,1.0,0.0,0.0,0.0,,,0.0,-7.3,3.1,-5.5,1849,1970.0,-6.9,1.6,303,-
4559,ゼリア新薬工業,医薬品,3.0,3.0,1,1494,★☆☆☆☆,0.0,0.0,-1,-2.7,0.0,2.0,0.0,1.0,0.0,0.0,0.0,,,0.0,-5.7,1.8,-3.5,1940,2013.0,-2.8,1.4,274,-
186A,アストロスケールホールディングス,サービス業,3.0,3.0,1,1495,★☆☆☆☆,0.0,3.0,19,-4.5,0.0,0.0,0.0,0.0,0.0,0.0,0.0,,,0.0,4.9,7.3,-3.3,959,1122.0,-1.1,0.8,5303,-
5444,大和工業,鉄鋼,3.0,3.0,1,1496,★☆☆☆☆,0.0,2.0,-1,1.0,0.0,0.0,0.0,1.0,0.0,0.0,0.0,,,0.0,-7.5,2.8,-2.3,11931,12640.0,1.6,0.9,2126,-
3774,インターネットイニシアティブ,情報・通信業,3.0,3.0,1,1497,★☆☆☆☆,0.0,0.0,-1,-2.0,0.0,1.0,0.0,2.0,0.0,0.0,0.0,,,0.0,-6.4,2.4,-1.6,3241,3404.0,0.8,0.7,2044,-
4022,ラサ工業,化学,3.0,3.0,1,1498,★☆☆☆☆,0.0,3.0,19,-1.8,0.0,0.0,0.0,0.0,0.0,0.0,0.0,,,0.0,6.3,6.6,-2.3,1797,2070.0,-0.8,0.6,2641,-
3186,ネクステージ,小売業,3.0,3.0,1,1499,★☆☆☆☆,0.0,2.0,-1,1.8,0.0,1.0,0.0,0.0,0.0,0.0,0.0,,,0.0,-2.6,3.0,-2.8,3147,3350.0,-1.2,0.7,1188,-
9247,ＴＲＥホールディングス,サービス業,3.0,3.0,1,1500,★☆☆☆☆,0.0,2.0,-1,1.8,0.0,0.0,0.0,1.0,0.0,0.0,0.0,,,0.0,-8.0,3.2,-2.2,1810,1935.0,-0.8,1.2,493,-
6866,日置電機,電気機器,2.8,2.8,1,1501,★☆☆☆☆,0.0,0.0,-1,-2.6,0.0,0.0,0.0,0.0,0.0,2.8,0.0,,,0.0,-9.0,3.9,-6.0,9854,10690.0,-1.6,0.5,551,開示[自己株式の取得](1日前)
7245,大同メタル工業,輸送用機器,2.8,2.8,1,1502,★☆☆☆☆,0.0,0.0,-1,-8.0,0.0,0.0,0.0,0.0,0.0,2.8,0.0,,,0.0,-15.8,3.5,-6.9,1147,1233.0,-1.5,0.7,629,開示[自己株式の取得](1日前)
6273,ＳＭＣ,機械,2.8,2.8,1,1503,★☆☆☆☆,0.0,0.0,-1,-3.6,0.0,0.0,0.0,0.0,0.0,2.8,0.0,,,0.0,-4.6,3.7,-3.5,64706,69850.0,-3.1,0.6,23499,開示[自己株式の取得](1日前)
6544,ジャパンエレベーターサービスホールディングス,サービス業,2.7,2.7,1,1504,★☆☆☆☆,0.0,0.0,-1,-3.6,0.0,0.0,0.0,2.7,0.0,0.0,0.0,,,0.0,-11.4,2.9,-4.6,1417,1504.0,-5.0,0.7,1299,-
6200,インソース,サービス業,2.5,2.5,1,1505,★☆☆☆☆,0.0,0.0,-1,-1.7,0.0,0.0,0.0,2.5,0.0,0.0,0.0,,,0.0,-5.3,2.0,-0.1,704,733.0,-0.4,0.8,328,-
3479,ＴＫＰ,不動産業,2.5,2.5,1,1506,★☆☆☆☆,0.0,0.0,-1,-8.9,0.0,0.0,0.0,2.5,0.0,0.0,0.0,,,0.0,-8.5,2.3,-1.0,1775,1860.0,-1.3,0.8,125,-
9616,共立メンテナンス,サービス業,2.2,2.2,1,1507,★☆☆☆☆,0.0,0.0,-1,-13.5,0.0,0.0,0.0,2.2,0.0,0.0,0.0,,,0.0,-7.7,2.8,-2.2,3122,3310.0,-4.1,1.0,3852,-
3150,グリムス,電気・ガス業,2.2,2.2,1,1508,★☆☆☆☆,0.0,0.0,-1,-0.1,0.0,0.0,0.0,2.2,0.0,0.0,0.0,,,0.0,-6.3,1.7,-2.3,2376,2462.0,-2.3,1.0,132,-
7990,グローブライド,その他製品,2.2,2.2,1,1509,★☆☆☆☆,0.0,0.0,-1,-7.2,0.0,1.0,0.0,1.2,0.0,0.0,0.0,,,0.0,-6.9,2.1,-1.6,2382,2487.0,-1.4,0.6,301,-
4755,楽天グループ,サービス業,2.2,2.2,1,1510,★☆☆☆☆,0.0,0.0,-1,-6.1,0.0,1.0,0.0,1.2,0.0,0.0,0.0,,,0.0,-13.2,2.8,-5.6,714,756.4000244140625,-1.6,1.2,15709,-
5726,大阪チタニウムテクノロジーズ,非鉄金属,2.2,2.2,1,1511,★☆☆☆☆,0.0,0.0,-1,-12.8,0.0,1.0,0.0,1.2,0.0,0.0,0.0,,,0.0,-7.9,6.4,-5.3,2353,2700.0,-5.3,0.6,2107,-
4092,日本化学工業,化学,2.2,2.2,1,1512,★☆☆☆☆,0.0,0.0,-1,-7.9,0.0,0.0,0.0,2.2,0.0,0.0,0.0,,,0.0,-10.5,5.5,-3.1,4760,5350.0,0.6,0.3,1242,-
3179,シュッピン,小売業,2.2,2.2,1,1513,★☆☆☆☆,0.0,0.0,-1,-9.5,0.0,0.0,0.0,2.2,0.0,0.0,0.0,,,0.0,-15.3,2.8,-5.2,1140,1207.0,-2.3,0.6,140,-
9418,Ｕ－ＮＥＸＴ　ＨＯＬＤＩＮＧＳ,情報・通信業,2.2,2.2,1,1514,★☆☆☆☆,0.0,0.0,-1,-5.1,0.0,1.0,0.0,1.2,0.0,0.0,0.0,,,0.0,-2.5,1.9,-0.4,1656,1722.0,-3.3,0.7,1374,-
7943,ニチハ,ガラス・土石製品,2.2,2.2,1,1515,★☆☆☆☆,0.0,0.0,-1,-7.1,0.0,0.0,0.0,2.2,0.0,0.0,0.0,,,0.0,-8.3,1.8,-0.4,3001,3115.0,0.3,0.8,179,-
6407,ＣＫＤ,機械,2.0,2.0,1,1516,★☆☆☆☆,0.0,2.0,-1,1.7,0.0,0.0,0.0,0.0,0.0,0.0,0.0,,,0.0,-12.2,5.4,-8.7,4759,5330.0,-4.0,0.7,4974,-
9041,近鉄グループホールディングス,陸運業,2.0,2.0,1,1517,★☆☆☆☆,0.0,0.0,-1,-1.8,0.0,2.0,0.0,0.0,0.0,0.0,0.0,,,0.0,-1.6,1.5,-1.0,3388,3489.0,-2.7,0.9,2016,-
5991,日本発條,金属製品,2.0,2.0,1,1518,★☆☆☆☆,0.0,2.0,-1,0.2,0.0,0.0,0.0,0.0,0.0,0.0,0.0,,,0.0,-7.0,3.4,-3.8,3162,3392.0,-1.9,0.9,2442,-
547A,ムニノバホールディングス,その他金融業,2.0,2.0,1,1519,★☆☆☆☆,0.0,0.0,-1,-0.7,0.0,2.0,0.0,0.0,0.0,0.0,0.0,,,0.0,-1.2,2.1,-1.0,428,447.0,-1.8,0.6,856,-
6861,キーエンス,電気機器,2.0,2.0,1,1520,★☆☆☆☆,0.0,0.0,-1,-10.4,0.0,0.0,0.0,2.0,0.0,0.0,0.0,,,0.0,-1.0,2.5,-0.3,78187,82280.0,0.0,0.6,47788,-
8771,イー・ギャランティ,その他金融業,2.0,2.0,1,1521,★☆☆☆☆,0.0,0.0,-1,-4.0,0.0,2.0,0.0,0.0,0.0,0.0,0.0,,,0.0,-7.3,1.7,-4.8,1687,1745.0,-4.6,1.5,238,-
2305,スタジオアリス,サービス業,2.0,2.0,1,1522,★☆☆☆☆,0.0,0.0,-1,-2.2,0.0,1.0,0.0,1.0,0.0,0.0,0.0,,,0.0,-6.3,1.1,-2.4,1853,1894.0,-1.4,0.9,106,-
3436,ＳＵＭＣＯ,金属製品,2.0,2.0,1,1523,★☆☆☆☆,0.0,2.0,-1,0.2,0.0,0.0,0.0,0.0,0.0,0.0,0.0,,,0.0,-7.1,8.1,-4.9,2777,3317.0,-6.4,0.9,47651,-
7740,タムロン,精密機器,2.0,2.0,1,1524,★☆☆☆☆,0.0,0.0,-1,-27.7,0.0,0.0,0.0,2.0,0.0,0.0,0.0,,,0.0,-7.2,2.0,-0.9,1314,1368.0,-1.1,1.1,687,-
9143,ＳＧホールディングス,陸運業,2.0,2.0,1,1525,★☆☆☆☆,0.0,2.0,-1,0.0,0.0,0.0,0.0,0.0,0.0,0.0,0.0,,,0.0,-4.9,2.1,-3.4,1454,1518.5,-2.2,1.1,2289,-
5384,フジミインコーポレーテッド,ガラス・土石製品,2.0,2.0,1,1526,★☆☆☆☆,0.0,2.0,-1,0.9,0.0,0.0,0.0,0.0,0.0,0.0,0.0,,,0.0,-11.9,4.0,-8.4,3203,3485.0,-4.0,0.8,1496,-
6965,浜松ホトニクス,電気機器,2.0,2.0,1,1527,★☆☆☆☆,0.0,2.0,-1,0.2,0.0,0.0,0.0,0.0,0.0,0.0,0.0,,,0.0,-1.8,3.6,-1.4,2177,2348.5,-0.1,0.7,6837,-
9202,ＡＮＡホールディングス,空運業,2.0,2.0,1,1528,★☆☆☆☆,0.0,0.0,-1,-3.5,0.0,0.0,0.0,2.0,0.0,0.0,0.0,,,0.0,-6.0,1.4,-1.8,2950,3037.0,-0.4,0.8,5790,-
3300,アンビション　ＤＸ　ホールディングス,不動産業,2.0,2.0,1,1529,★☆☆☆☆,0.0,0.0,-1,-2.6,0.0,2.0,0.0,0.0,0.0,0.0,0.0,,,0.0,-12.9,2.8,-7.6,1785,1889.0,-3.4,1.2,186,資金流入増
3288,オープンハウスグループ,不動産業,2.0,2.0,1,1530,★☆☆☆☆,0.0,2.0,-1,1.5,0.0,0.0,0.0,0.0,0.0,0.0,0.0,,,0.0,-7.5,1.8,-2.6,7722,8016.0,0.2,0.8,2916,-
6728,アルバック,電気機器,2.0,2.0,1,1531,★☆☆☆☆,0.0,2.0,-1,2.6,0.0,0.0,0.0,0.0,0.0,0.0,0.0,,,0.0,-17.1,5.1,-10.2,6636,7385.0,-2.8,0.5,6225,-
6516,山洋電気,電気機器,2.0,2.0,1,1532,★☆☆☆☆,0.0,2.0,-1,1.1,0.0,0.0,0.0,0.0,0.0,0.0,0.0,,,0.0,-5.0,3.5,-4.0,5014,5390.0,-1.1,0.9,636,-
6856,堀場製作所,電気機器,2.0,2.0,1,1533,★☆☆☆☆,0.0,2.0,-1,1.9,0.0,0.0,0.0,0.0,0.0,0.0,0.0,,,0.0,-13.2,3.5,-4.8,21813,23440.0,0.5,0.6,5590,-
2158,ＦＲＯＮＴＥＯ,サービス業,2.0,2.0,1,1534,★☆☆☆☆,0.0,2.0,-1,0.7,0.0,0.0,0.0,0.0,0.0,0.0,0.0,,,0.0,-0.4,3.7,-1.1,582,629.0,-2.0,1.0,125,-
7936,アシックス,その他製品,2.0,2.0,1,1535,★☆☆☆☆,0.0,0.0,-1,-3.5,0.0,1.0,0.0,1.0,0.0,0.0,0.0,,,0.0,-10.1,5.3,-8.9,3905,4371.0,-6.9,0.8,28915,-
6617,東光高岳,電気機器,2.0,2.0,1,1536,★☆☆☆☆,0.0,2.0,-1,1.7,0.0,0.0,0.0,0.0,0.0,0.0,0.0,,,0.0,-9.1,4.6,-5.8,6300,6940.0,-2.9,0.6,905,-
4743,アイティフォー,情報・通信業,2.0,2.0,1,1537,★☆☆☆☆,0.0,0.0,-1,-0.9,0.0,0.0,0.0,2.0,0.0,0.0,0.0,,,0.0,-4.9,2.1,-1.6,1595,1666.0,-1.1,0.7,150,-
4613,関西ペイント,化学,2.0,2.0,1,1538,★☆☆☆☆,0.0,0.0,-1,-6.0,0.0,0.0,0.0,2.0,0.0,0.0,0.0,,,0.0,-1.8,1.4,-0.7,2793,2873.0,-0.7,0.8,2353,-
6622,ダイヘン,電気機器,2.0,2.0,1,1539,★☆☆☆☆,0.0,2.0,-1,1.5,0.0,0.0,0.0,0.0,0.0,0.0,0.0,,,0.0,-11.5,4.5,-6.7,11404,12540.0,-3.0,0.4,3667,-
6804,ホシデン,電気機器,2.0,2.0,1,1540,★☆☆☆☆,0.0,0.0,-1,-3.9,0.0,1.0,0.0,1.0,0.0,0.0,0.0,,,0.0,-9.8,2.2,-5.0,2569,2686.0,-1.1,1.3,692,-
6191,エアトリ,サービス業,1.9,1.9,1,1541,★☆☆☆☆,0.0,0.0,-1,-7.1,0.0,0.0,0.0,0.0,0.0,1.9,0.0,,,0.0,-12.7,3.6,-7.4,748,805.0,-4.7,0.9,108,開示[自己株式の取得](5日前)
9279,ギフトホールディングス,小売業,1.9,1.9,1,1542,★☆☆☆☆,0.0,0.0,-1,-11.3,0.0,0.0,0.0,1.0,0.0,0.9,0.0,,,0.0,-10.6,3.9,-5.3,2249,2440.0,-3.2,1.2,504,開示[業績予想の修正](9日前)
9989,サンドラッグ,小売業,1.5,1.5,1,1543,★☆☆☆☆,0.0,0.0,-1,-0.0,0.0,0.0,0.0,1.5,0.0,0.0,0.0,,,0.0,-3.5,1.6,-0.9,3592,3709.0,-1.1,1.0,1939,-
2980,ＳＲＥホールディングス,不動産業,1.5,1.5,1,1544,★☆☆☆☆,0.0,0.0,-1,-2.4,0.0,0.0,0.0,1.5,0.0,0.0,0.0,,,0.0,-11.2,3.3,-3.1,2296,2459.0,1.9,0.8,870,-
4554,富士製薬工業,医薬品,1.5,1.5,1,1545,★☆☆☆☆,0.0,0.0,-1,-2.9,0.0,0.0,0.0,1.5,0.0,0.0,0.0,,,0.0,-5.6,2.1,-2.3,1724,1799.0,-2.5,0.8,227,-
6464,ツバキ・ナカシマ,機械,1.2,1.2,1,1546,★☆☆☆☆,0.0,0.0,-1,-1.8,0.0,0.0,0.0,1.2,0.0,0.0,0.0,,,0.0,-10.3,3.8,-3.1,317,343.0,0.3,0.9,226,-
6289,技研製作所,機械,1.2,1.2,1,1547,★☆☆☆☆,0.0,0.0,-1,-3.8,0.0,0.0,0.0,1.2,0.0,0.0,0.0,,,0.0,-0.9,1.7,-0.5,1832,1898.0,-2.6,1.1,142,-
7130,ヤマエグループホールディングス,卸売業,1.2,1.2,1,1548,★☆☆☆☆,0.0,0.0,-1,-1.6,0.0,0.0,0.0,1.2,0.0,0.0,0.0,,,0.0,-2.2,1.7,-0.8,2766,2864.0,-1.9,0.8,239,-
3837,アドソル日進,情報・通信業,1.2,1.2,1,1549,★☆☆☆☆,0.0,0.0,-1,-5.9,0.0,0.0,0.0,1.2,0.0,0.0,0.0,,,0.0,-8.8,2.8,-5.2,1323,1400.0,-4.2,1.1,159,-
8914,エリアリンク,不動産業,1.2,1.2,1,1550,★☆☆☆☆,0.0,0.0,-1,-7.6,0.0,0.0,0.0,1.2,0.0,0.0,0.0,,,0.0,-6.7,2.9,-1.8,871,925.0,-4.1,0.5,104,-
7047,ポート,サービス業,1.0,1.0,1,1551,★☆☆☆☆,0.0,0.0,-1,-6.0,0.0,1.0,0.0,0.0,0.0,0.0,0.0,,,0.0,-12.8,5.1,-6.6,1996,2223.0,-3.2,0.5,496,-
7157,ライフネット生命保険,保険業,1.0,1.0,1,1552,★☆☆☆☆,0.0,0.0,-1,-8.3,0.0,1.0,0.0,0.0,0.0,0.0,0.0,,,0.0,-17.2,3.7,-8.2,1336,1443.0,-4.4,0.8,506,-
7128,ユニソルホールディングス,卸売業,1.0,1.0,1,1553,★☆☆☆☆,0.0,0.0,-1,-8.9,0.0,1.0,0.0,0.0,0.0,0.0,0.0,,,0.0,-8.0,2.4,-4.8,2600,2732.0,-3.2,0.7,418,-
9983,ファーストリテイリング,小売業,1.0,1.0,1,1554,★☆☆☆☆,0.0,0.0,-1,-5.4,0.0,0.0,0.0,1.0,0.0,0.0,0.0,,,0.0,-13.1,2.2,-6.0,68112,71260.0,-1.3,0.8,70301,-
4381,ビープラッツ,情報・通信業,1.0,1.0,1,1555,★☆☆☆☆,0.0,0.0,-1,-1.9,0.0,1.0,0.0,0.0,0.0,0.0,0.0,,,0.0,-22.9,12.9,-18.2,216,291.0,-5.8,0.2,214,-
8113,ユニ・チャーム,化学,1.0,1.0,1,1556,★☆☆☆☆,0.0,0.0,-1,-3.0,0.0,1.0,0.0,0.0,0.0,0.0,0.0,,,0.0,-3.7,1.9,-1.1,951,987.7000122070312,-1.2,1.0,5339,-
262A,インターメスティック,小売業,1.0,1.0,1,1557,★☆☆☆☆,0.0,0.0,-1,-12.4,0.0,1.0,0.0,0.0,0.0,0.0,0.0,,,0.0,-14.1,3.4,-5.5,1669,1791.0,-3.2,1.2,479,-
6103,オークマ,機械,1.0,1.0,1,1558,★☆☆☆☆,0.0,0.0,-1,-1.8,0.0,0.0,0.0,1.0,0.0,0.0,0.0,,,0.0,-5.5,3.2,-6.3,4461,4770.0,-2.8,0.8,2506,-
6877,ＯＢＡＲＡ　ＧＲＯＵＰ,電気機器,1.0,1.0,1,1559,★☆☆☆☆,0.0,0.0,-1,-3.7,0.0,0.0,0.0,1.0,0.0,0.0,0.0,,,0.0,-6.5,2.7,-3.1,5321,5620.0,-2.8,0.8,240,-
4051,ＧＭＯフィナンシャルゲート,情報・通信業,1.0,1.0,1,1560,★☆☆☆☆,0.0,0.0,-1,-6.6,0.0,1.0,0.0,0.0,0.0,0.0,0.0,,,0.0,-2.1,4.2,-4.1,5774,6310.0,-4.0,1.4,217,-
3788,ＧＭＯグローバルサイン・ホールディングス,情報・通信業,1.0,1.0,1,1561,★☆☆☆☆,0.0,0.0,-1,-3.1,0.0,1.0,0.0,0.0,0.0,0.0,0.0,,,0.0,-10.2,5.1,-5.0,1873,2085.0,-0.6,0.8,108,-
2501,サッポロビール,食料品,1.0,1.0,1,1562,★☆☆☆☆,0.0,0.0,-1,-1.7,0.0,0.0,0.0,1.0,0.0,0.0,0.0,,,0.0,-9.2,2.7,-5.3,1762,1861.5,-3.7,0.8,2650,-
3936,グローバルウェイ,情報・通信業,1.0,1.0,1,1563,★☆☆☆☆,0.0,0.0,-1,-4.2,0.0,1.0,0.0,0.0,0.0,0.0,0.0,,,0.0,-6.9,7.0,-5.5,128,149.0,-5.1,0.3,133,-
8086,ニプロ,精密機器,1.0,1.0,1,1564,★☆☆☆☆,0.0,0.0,-1,-1.9,0.0,0.0,0.0,1.0,0.0,0.0,0.0,,,0.0,-6.5,1.9,-2.7,1494,1553.0,-1.5,0.9,1142,-
3193,エターナルホスピタリティグループ,小売業,1.0,1.0,1,1565,★☆☆☆☆,0.0,0.0,-1,-0.0,0.0,1.0,0.0,0.0,0.0,0.0,0.0,,,0.0,-0.9,2.2,-1.6,1358,1420.0,-2.9,1.0,183,-
7944,ローランド,その他製品,1.0,1.0,1,1566,★☆☆☆☆,0.0,0.0,-1,-3.9,0.0,0.0,0.0,1.0,0.0,0.0,0.0,,,0.0,-10.5,2.6,-5.2,3679,3880.0,0.6,0.6,575,-
4612,日本ペイントホールディングス,化学,1.0,1.0,1,1567,★☆☆☆☆,0.0,0.0,-1,-4.7,0.0,0.0,0.0,1.0,0.0,0.0,0.0,,,0.0,-3.4,2.4,-1.4,1143,1200.5,0.5,0.7,4362,-
6264,マルマエ,機械,1.0,1.0,1,1568,★☆☆☆☆,0.0,0.0,-1,-7.7,0.0,1.0,0.0,0.0,0.0,0.0,0.0,,,0.0,-3.9,5.3,-3.7,1745,1953.0,-6.0,0.9,1161,-
2674,ハードオフコーポレーション,小売業,1.0,1.0,1,1569,★☆☆☆☆,0.0,0.0,-1,-5.5,0.0,0.0,0.0,1.0,0.0,0.0,0.0,,,0.0,-12.0,2.7,-3.8,2556,2699.0,-0.9,1.0,224,-
2587,サントリービバレッジ＆フード,食料品,1.0,1.0,1,1570,★☆☆☆☆,0.0,0.0,-1,-0.2,0.0,0.0,0.0,1.0,0.0,0.0,0.0,,,0.0,-4.3,1.7,-1.7,4369,4527.0,-1.6,0.7,4656,-
2670,エービーシー・マート,小売業,1.0,1.0,1,1571,★☆☆☆☆,0.0,0.0,-1,-3.9,0.0,0.0,0.0,1.0,0.0,0.0,0.0,,,0.0,-2.0,1.6,-1.6,2613,2700.0,-2.3,1.1,1353,-
6490,ＰＩＬＬＡＲ,機械,1.0,1.0,1,1572,★☆☆☆☆,0.0,0.0,-1,-6.7,0.0,0.0,0.0,1.0,0.0,0.0,0.0,,,0.0,-4.6,5.1,-2.1,8806,9800.0,-4.9,0.7,1620,-
5631,日本製鋼所,機械,1.0,1.0,1,1573,★☆☆☆☆,0.0,0.0,-1,-2.8,0.0,1.0,0.0,0.0,0.0,0.0,0.0,,,0.0,-4.3,4.0,-3.4,6808,7398.0,-3.6,1.2,5557,-
6498,キッツ,機械,1.0,1.0,1,1574,★☆☆☆☆,0.0,0.0,-1,-1.1,0.0,1.0,0.0,0.0,0.0,0.0,0.0,,,0.0,-17.7,3.0,-7.7,1791,1904.0,-2.0,0.9,968,-
4251,恵和,化学,1.0,1.0,1,1575,★☆☆☆☆,0.0,0.0,-1,-2.0,0.0,1.0,0.0,0.0,0.0,0.0,0.0,,,0.0,-6.6,2.2,-3.2,1131,1183.0,-0.1,0.8,140,-
9601,松竹,情報・通信業,1.0,1.0,1,1576,★☆☆☆☆,0.0,0.0,-1,-4.5,0.0,1.0,0.0,0.0,0.0,0.0,0.0,,,0.0,-9.1,2.1,-3.6,10166,10620.0,-3.9,0.8,766,-
3191,ジョイフル本田,小売業,1.0,1.0,1,1577,★☆☆☆☆,0.0,0.0,-1,-4.4,0.0,0.0,0.0,1.0,0.0,0.0,0.0,,,0.0,-10.8,1.6,-3.7,2149,2222.0,-2.5,0.8,412,-
6744,能美防災,電気機器,1.0,1.0,1,1578,★☆☆☆☆,0.0,0.0,-1,-3.5,0.0,0.0,0.0,1.0,0.0,0.0,0.0,,,0.0,-7.2,2.1,-2.8,4102,4285.0,-0.6,0.6,416,-
4971,メック,化学,1.0,1.0,1,1579,★☆☆☆☆,0.0,0.0,-1,-3.0,0.0,1.0,0.0,0.0,0.0,0.0,0.0,,,0.0,-24.1,5.5,-13.8,5867,6590.0,-2.1,0.6,3924,-
7199,プレミアグループ,その他金融業,1.0,1.0,1,1580,★☆☆☆☆,0.0,0.0,-1,-1.6,0.0,0.0,0.0,1.0,0.0,0.0,0.0,,,0.0,-0.1,2.1,-0.3,2011,2100.0,-0.9,0.7,463,-
7600,日本エム・ディ・エム,精密機器,1.0,1.0,1,1581,★☆☆☆☆,0.0,0.0,-1,-4.8,0.0,1.0,0.0,0.0,0.0,0.0,0.0,,,0.0,-17.9,5.1,-15.9,644,717.0,-11.8,1.4,247,-
6141,ＤＭＧ森精機,機械,1.0,1.0,1,1582,★☆☆☆☆,0.0,0.0,-1,-1.9,0.0,1.0,0.0,0.0,0.0,0.0,0.0,,,0.0,-23.3,3.6,-10.9,2766,2980.0,-1.9,0.7,7401,-
7581,サイゼリヤ,小売業,1.0,1.0,1,1583,★☆☆☆☆,0.0,0.0,-1,-6.9,0.0,0.0,0.0,1.0,0.0,0.0,0.0,,,0.0,-12.9,2.6,-6.5,6661,7020.0,-3.5,0.5,3344,-
3844,コムチュア,情報・通信業,1.0,1.0,1,1584,★☆☆☆☆,0.0,0.0,-1,-4.4,0.0,1.0,0.0,0.0,0.0,0.0,0.0,,,0.0,-6.5,3.0,-2.6,1282,1365.0,-0.6,0.7,354,-
2652,まんだらけ,小売業,1.0,1.0,1,1585,★☆☆☆☆,0.0,0.0,-1,-2.8,0.0,1.0,0.0,0.0,0.0,0.0,0.0,,,0.0,-2.1,4.4,-1.2,401,439.0,-1.1,1.2,113,-
5698,エンビプロ・ホールディングス,鉄鋼,1.0,1.0,1,1586,★☆☆☆☆,0.0,0.0,-1,-2.0,0.0,1.0,0.0,0.0,0.0,0.0,0.0,,,0.0,-2.3,4.4,-1.7,723,793.0,-1.7,0.5,228,-
6481,ＴＨＫ,機械,1.0,1.0,1,1587,★☆☆☆☆,0.0,0.0,-1,-2.9,0.0,0.0,0.0,1.0,0.0,0.0,0.0,,,0.0,-5.7,3.8,-5.0,6072,6573.0,-3.9,0.9,8821,-
6237,イワキポンプ,機械,1.0,1.0,1,1588,★☆☆☆☆,0.0,0.0,-1,-9.1,0.0,1.0,0.0,0.0,0.0,0.0,0.0,,,0.0,-28.8,5.5,-12.8,3659,4110.0,-2.1,0.6,985,-
7220,武蔵精密工業,輸送用機器,1.0,1.0,1,1589,★☆☆☆☆,0.0,0.0,-1,-10.3,0.0,1.0,0.0,0.0,0.0,0.0,0.0,,,0.0,-5.4,5.5,-6.9,2753,3095.0,-3.6,1.2,2898,-
5334,日本特殊陶業,ガラス・土石製品,1.0,1.0,1,1590,★☆☆☆☆,0.0,0.0,-1,-8.5,0.0,1.0,0.0,0.0,0.0,0.0,0.0,,,0.0,-17.6,2.9,-9.1,7869,8353.0,-4.0,1.5,8290,-
6284,日精エー・エス・ビー機械,機械,1.0,1.0,1,1591,★☆☆☆☆,0.0,0.0,-1,-0.2,0.0,0.0,0.0,1.0,0.0,0.0,0.0,,,0.0,-5.9,2.3,-3.2,8397,8800.0,-0.1,0.7,310,-
268A,リガク・ホールディングス,精密機器,0.0,0.0,1,1592,★☆☆☆☆,0.0,0.0,-1,-6.1,0.0,0.0,0.0,0.0,0.0,0.0,0.0,,,0.0,-29.2,6.2,-17.6,1381,1578.0,-6.0,0.8,5366,-
4819,デジタルガレージ,情報・通信業,0.0,0.0,1,1593,★☆☆☆☆,0.0,0.0,-1,-5.3,0.0,0.0,0.0,0.0,0.0,0.0,0.0,,,0.0,-6.2,4.0,-2.1,2079,2258.0,-2.1,1.0,603,-
6507,シンフォニアテクノロジー,電気機器,0.0,0.0,1,1594,★☆☆☆☆,0.0,0.0,-1,-1.3,0.0,0.0,0.0,0.0,0.0,0.0,0.0,,,0.0,-14.0,5.0,-6.8,10764,11970.0,-2.4,1.1,2589,-
3656,ＫＬａｂ,情報・通信業,0.0,0.0,1,1595,★☆☆☆☆,0.0,0.0,-1,-3.5,0.0,0.0,0.0,0.0,0.0,0.0,0.0,,,0.0,-18.4,2.7,-5.4,187,198.0,2.6,0.4,686,-
7721,東京計器,精密機器,0.0,0.0,1,1596,★☆☆☆☆,0.0,0.0,-1,-2.3,0.0,0.0,0.0,0.0,0.0,0.0,0.0,,,0.0,-1.3,5.4,-3.1,6193,6940.0,-3.5,1.0,2084,-
6361,荏原製作所,機械,0.0,0.0,1,1597,★☆☆☆☆,0.0,0.0,-1,-6.7,0.0,0.0,0.0,0.0,0.0,0.0,0.0,,,0.0,-20.8,5.2,-13.4,4094,4570.0,-7.3,0.8,19047,-
3433,トーカロ,金属製品,0.0,0.0,1,1598,★☆☆☆☆,0.0,0.0,-1,-0.5,0.0,0.0,0.0,0.0,0.0,0.0,0.0,,,0.0,-9.3,2.4,-4.0,2618,2750.0,-0.9,0.8,738,-
6914,オプテックスグループ,電気機器,0.0,0.0,1,1599,★☆☆☆☆,0.0,0.0,-1,-0.2,0.0,0.0,0.0,0.0,0.0,0.0,0.0,,,0.0,-11.3,3.8,-5.4,2974,3220.0,-0.3,0.8,568,-
6723,ルネサスエレクトロニクス,電気機器,0.0,0.0,1,1600,★☆☆☆☆,0.0,0.0,-1,-4.7,0.0,0.0,0.0,0.0,0.0,0.0,0.0,,,0.0,-18.2,5.1,-7.1,2977,3314.0,-2.6,0.7,41687,-
8715,アニコム　ホールディングス,保険業,0.0,0.0,1,1601,★☆☆☆☆,0.0,0.0,-1,-4.3,0.0,0.0,0.0,0.0,0.0,0.0,0.0,,,0.0,-13.0,3.3,-6.4,1009,1080.0,-3.5,1.1,457,-
8267,イオン,小売業,0.0,0.0,1,1602,★☆☆☆☆,0.0,0.0,-1,-2.8,0.0,0.0,0.0,0.0,0.0,0.0,0.0,,,0.0,-2.9,2.0,-0.6,1305,1360.0,-2.0,0.8,13373,-
6378,木村化工機,機械,0.0,0.0,1,1603,★☆☆☆☆,0.0,0.0,-1,-0.3,0.0,0.0,0.0,0.0,0.0,0.0,0.0,,,0.0,-1.9,2.7,-1.2,1157,1224.0,0.5,0.9,150,-
6594,ニデック,電気機器,0.0,0.0,1,1604,★☆☆☆☆,0.0,0.0,-1,-7.8,0.0,0.0,0.0,0.0,0.0,0.0,0.0,,,0.0,-7.3,3.0,-3.4,2415,2571.0,-1.3,0.8,8038,-
6855,日本電子材料,電気機器,0.0,0.0,1,1605,★☆☆☆☆,0.0,0.0,-1,-8.0,0.0,0.0,0.0,0.0,0.0,0.0,0.0,,,0.0,-1.7,6.5,-3.0,5466,6280.0,-5.1,0.5,5210,-
8227,しまむら,小売業,0.0,0.0,1,1606,★☆☆☆☆,0.0,0.0,-1,-3.4,0.0,0.0,0.0,0.0,0.0,0.0,0.0,,,0.0,-5.0,2.0,-1.7,3155,3288.0,-1.1,0.7,2456,-
255A,ジーエルテクノホールディングス,精密機器,0.0,0.0,1,1607,★☆☆☆☆,0.0,0.0,-1,-0.8,0.0,0.0,0.0,0.0,0.0,0.0,0.0,,,0.0,-12.9,4.4,-4.3,4763,5220.0,1.6,0.4,434,-
6584,三櫻工業,輸送用機器,0.0,0.0,1,1608,★☆☆☆☆,0.0,0.0,-1,-2.7,0.0,0.0,0.0,0.0,0.0,0.0,0.0,,,0.0,-6.5,3.0,-3.0,736,782.0,-2.2,0.7,445,-
6951,日本電子,電気機器,0.0,0.0,1,1609,★☆☆☆☆,0.0,0.0,-1,-0.2,0.0,0.0,0.0,0.0,0.0,0.0,0.0,,,0.0,-15.8,5.1,-8.6,6383,7110.0,-0.4,0.7,2697,-
4523,エーザイ,医薬品,0.0,0.0,1,1610,★☆☆☆☆,0.0,0.0,-1,-1.7,0.0,0.0,0.0,0.0,0.0,0.0,0.0,,,0.0,-0.9,2.2,-1.4,4544,4756.0,-2.2,0.8,5888,-
3983,オロ,情報・通信業,0.0,0.0,1,1611,★☆☆☆☆,0.0,0.0,-1,-3.9,0.0,0.0,0.0,0.0,0.0,0.0,0.0,,,0.0,-9.1,2.7,-5.1,1953,2065.0,-2.4,0.6,107,-
7649,スギホールディングス,小売業,0.0,0.0,1,1612,★☆☆☆☆,0.0,0.0,-1,-1.7,0.0,0.0,0.0,0.0,0.0,0.0,0.0,,,0.0,-7.5,2.4,-4.0,1254,1317.5,-3.1,1.0,2846,-
4368,扶桑化学工業,化学,0.0,0.0,1,1613,★☆☆☆☆,0.0,0.0,-1,-1.6,0.0,0.0,0.0,0.0,0.0,0.0,0.0,,,0.0,-24.2,4.8,-13.0,2668,2950.0,-3.4,0.7,3453,-
9412,スカパーＪＳＡＴ,情報・通信業,0.0,0.0,1,1614,★☆☆☆☆,0.0,0.0,-1,-5.7,0.0,0.0,0.0,0.0,0.0,0.0,0.0,,,0.0,-7.5,3.6,-7.5,1910,2060.0,-6.7,0.8,6019,-
3769,ＧＭＯペイメントゲートウェイ,情報・通信業,0.0,0.0,1,1615,★☆☆☆☆,0.0,0.0,-1,-2.1,0.0,0.0,0.0,0.0,0.0,0.0,0.0,,,0.0,-7.0,4.3,-4.4,8465,9260.0,-2.5,1.0,3040,-
3498,霞ヶ関キャピタル,不動産業,0.0,0.0,1,1616,★☆☆☆☆,0.0,0.0,-1,-5.2,0.0,0.0,0.0,0.0,0.0,0.0,0.0,,,0.0,-3.0,3.9,-2.2,6885,7460.0,-0.5,1.0,2929,-
3046,ジンズホールディングス,小売業,0.0,0.0,1,1617,★☆☆☆☆,0.0,0.0,-1,-7.3,0.0,0.0,0.0,0.0,0.0,0.0,0.0,,,0.0,-13.5,3.0,-8.8,5447,5790.0,-7.8,1.1,2083,-
4626,太陽ホールディングス,化学,0.0,0.0,1,1618,★☆☆☆☆,0.0,0.0,-1,-1.9,0.0,0.0,0.0,0.0,0.0,0.0,0.0,,,0.0,-3.2,0.8,-0.6,4676,4750.0,-0.1,0.8,1450,-
6707,サンケン電気,電気機器,0.0,0.0,1,1619,★☆☆☆☆,0.0,0.0,-1,-2.1,0.0,0.0,0.0,0.0,0.0,0.0,0.0,,,0.0,-20.0,5.1,-11.7,6370,7097.0,-4.1,1.0,1434,-
6254,野村マイクロ・サイエンス,機械,0.0,0.0,1,1620,★☆☆☆☆,0.0,0.0,-1,-1.3,0.0,0.0,0.0,0.0,0.0,0.0,0.0,,,0.0,-15.2,4.4,-8.5,3178,3485.0,-3.7,0.6,2929,-
4047,関東電化工業,化学,0.0,0.0,1,1621,★☆☆☆☆,0.0,0.0,-1,-2.1,0.0,0.0,0.0,0.0,0.0,0.0,0.0,,,0.0,-19.6,4.7,-9.4,2098,2316.0,-0.7,0.5,2269,-
5821,平河ヒューテック,非鉄金属,0.0,0.0,1,1622,★☆☆☆☆,0.0,0.0,-1,-10.5,0.0,0.0,0.0,0.0,0.0,0.0,0.0,,,0.0,-8.7,3.5,-3.0,2966,3190.0,0.5,0.5,200,-
5344,ＭＡＲＵＷＡ,ガラス・土石製品,0.0,0.0,1,1623,★☆☆☆☆,0.0,0.0,-1,-2.4,0.0,0.0,0.0,0.0,0.0,0.0,0.0,,,0.0,-9.1,4.9,-6.6,47191,52270.0,-3.0,0.7,6166,-
6368,オルガノ,機械,0.0,0.0,1,1624,★☆☆☆☆,0.0,0.0,-1,-2.0,0.0,0.0,0.0,0.0,0.0,0.0,0.0,,,0.0,-14.2,4.2,-6.4,11924,13015.0,-2.8,0.7,3773,-
6125,岡本工作機械製作所,機械,0.0,0.0,1,1625,★☆☆☆☆,0.0,0.0,-1,-4.4,0.0,0.0,0.0,0.0,0.0,0.0,0.0,,,0.0,-12.6,3.8,-6.4,4289,4640.0,-2.8,1.1,333,-
6134,ＦＵＪＩ,機械,0.0,0.0,1,1626,★☆☆☆☆,0.0,0.0,-1,-2.9,0.0,0.0,0.0,0.0,0.0,0.0,0.0,,,0.0,-8.6,4.4,-6.8,6416,7030.0,-2.6,0.6,7544,-
