code,name,sector,score,stars,linkage,theme,supply,etf,tech,fund,material,penalty,signal,driver,gap_pct,rs20,atr_pct,dev25,stop,close,chg5d,v_ratio,turnover_m,reasons_str
6857,アドバンテスト,電気機器,47.0,★★☆☆☆,27.1,6.0,1.0,0.0,11.0,0.0,1.9,0.0,見送り(地合い🔴),SK hynix,9.8,17.8,5.9,7.4,30433,34500.0,-8.7,0.6,302082,SK hynix+11.4%連動(β0.53) 未反応+9.8% / HBM・後工程(-9.2%) / MA上昇配列 / パーフェクトオーダー / 開示[自己株式の取得](5日前)
6508,明電舎,電気機器,41.0,★★☆☆☆,20.0,6.0,3.0,0.0,12.0,0.0,0.0,0.0,見送り(地合い🔴),SK hynix,8.0,27.8,5.5,12.5,10376,11660.0,-7.9,1.1,3967,SK hynix+11.4%連動(β0.28) 未反応+8.0% / AIデータセンター・電力(-5.7%) / MA上昇配列 / パーフェクトオーダー
6855,日本電子材料,電気機器,40.5,★★☆☆☆,26.8,0.0,1.0,0.0,2.7,10.0,0.0,0.0,見送り(地合い🔴),SK hynix,18.7,-0.5,7.9,-1.5,5333,6340.0,-16.5,0.6,5745,SK hynix+11.4%連動(β0.52) 未反応+18.7% / 増収+77% / ROE18% / PER16倍
8338,筑波銀行,銀行業,40.0,★★☆☆☆,18.0,0.0,3.0,0.0,11.0,8.0,0.0,0.0,見送り(地合い🔴),SK hynix,13.0,2.0,5.5,2.4,617,693.0,-9.9,0.7,1438,SK hynix+11.4%連動(β0.21) 未反応+13.0% / MA上昇配列 / パーフェクトオーダー / 増収+26% / PER9倍
6315,ＴＯＷＡ,機械,39.9,★☆☆☆☆,27.4,6.0,0.0,0.0,0.0,6.5,0.0,0.0,見送り(地合い🔴),SK hynix,10.5,-20.0,6.5,-10.9,2022,2325.0,-9.0,0.7,12787,SK hynix+11.4%連動(β0.54) 未反応+10.5% / HBM・後工程(-9.2%) / 増収+100%
6862,ミナトホールディングス,電気機器,39.9,★☆☆☆☆,19.9,0.0,5.3,0.0,9.7,10.0,0.0,-5.0,見送り(地合い🔴),SK hynix,11.4,89.8,9.3,38.0,2871,3530.0,-10.1,0.6,1753,SK hynix+11.4%連動(β0.28) 未反応+11.4% / 買い出来高優勢 / 資金流入増 / MA上昇配列 / パーフェクトオーダー / 過熱⚠25MA+38% / 増収+343% / ROE61% / PER13倍
8395,佐賀銀行,銀行業,39.6,★☆☆☆☆,16.6,0.0,2.0,0.0,12.0,9.0,0.0,0.0,見送り(地合い🔴),SK hynix,9.1,4.5,4.3,5.3,5726,6260.0,-2.8,0.7,500,SK hynix+11.4%連動(β0.16) 未反応+9.1% / 資金流入増 / MA上昇配列 / パーフェクトオーダー / 増収+26% / PER13倍
4062,イビデン,電気機器,39.3,★☆☆☆☆,27.3,6.0,0.0,0.0,6.0,0.0,0.0,0.0,見送り(地合い🔴),SK hynix,16.1,6.8,8.9,3.4,15444,18795.0,-12.9,0.7,151614,SK hynix+11.4%連動(β0.54) 未反応+16.1% / HBM・後工程(-9.2%)
8368,百五銀行,銀行業,39.3,★☆☆☆☆,17.3,0.0,2.0,0.0,12.0,8.0,0.0,0.0,見送り(地合い🔴),SK hynix,7.8,4.7,4.2,4.1,2023,2207.0,-4.3,0.9,2069,SK hynix+11.4%連動(β0.18) 未反応+7.8% / MA上昇配列 / パーフェクトオーダー / 増収+48% / PER21倍
5802,住友電気工業,非鉄金属,39.2,★☆☆☆☆,21.5,6.0,1.0,0.0,2.7,8.0,0.0,0.0,見送り(地合い🔴),SK hynix,14.9,-14.3,6.5,-5.0,1872,2151.5,-13.0,0.5,59604,SK hynix+11.4%連動(β0.33) 未反応+14.9% / 光通信・電線(-12.7%) / 増収+16% / ROE16% / PER19倍
285A,キオクシアホールディングス,電気機器,38.7,★☆☆☆☆,27.0,0.0,2.0,0.0,2.7,7.0,0.0,0.0,見送り(地合い🔴),SK hynix,16.9,-10.5,10.5,-2.2,40261,50930.0,-17.6,0.7,2380474,SK hynix+11.4%連動(β0.53) 未反応+16.9% / 増収+416% / ROE87%
5803,フジクラ,非鉄金属,38.6,★☆☆☆☆,24.6,6.0,2.0,0.0,6.0,0.0,0.0,0.0,見送り(地合い🔴),SK hynix,20.1,7.8,9.1,2.1,4106,5016.0,-17.5,0.8,326411,SK hynix+11.4%連動(β0.44) 未反応+20.1% / 光通信・電線(-12.7%)
6742,京三製作所,電気機器,38.5,★☆☆☆☆,17.5,0.0,2.0,0.0,12.0,7.0,0.0,0.0,見送り(地合い🔴),SK hynix,5.1,11.7,6.1,7.7,903,1029.0,-4.5,0.5,336,SK hynix+11.4%連動(β0.19) 未反応+5.1% / MA上昇配列 / パーフェクトオーダー / 増収+21% / PER13倍
6337,テセック,機械,38.5,★☆☆☆☆,19.5,0.0,5.3,0.0,7.2,6.5,0.0,0.0,見送り(地合い🔴),SK hynix,12.3,30.0,6.8,4.4,2658,3075.0,-9.3,0.2,504,SK hynix+11.4%連動(β0.26) 未反応+12.3% / 買い出来高優勢 / 資金流入増 / MA上昇配列 / パーフェクトオーダー / 増収+79%
6501,日立製作所,電気機器,38.2,★☆☆☆☆,18.2,6.0,3.3,0.0,5.2,5.5,0.0,0.0,見送り(地合い🔴),SK hynix,7.0,7.2,3.0,0.1,4945,5266.0,-5.5,0.7,68492,SK hynix+11.4%連動(β0.22) 未反応+7.0% / AIデータセンター・電力(-5.7%) / 買い出来高優勢 / MA上昇配列 / 増収+20%
6840,ＡＫＩＢＡホールディングス,電気機器,38.1,★☆☆☆☆,21.1,0.0,3.0,0.0,6.0,8.0,0.0,0.0,見送り(地合い🔴),SK hynix,11.3,14.7,8.9,8.9,634,771.0,-2.0,0.6,646,SK hynix+11.4%連動(β0.32) 未反応+11.3% / 増収+148% / ROE26% / PER8倍
8343,秋田銀行,銀行業,37.9,★☆☆☆☆,16.0,0.0,3.0,0.0,12.0,5.0,1.9,0.0,見送り(地合い🔴),SK hynix,8.3,7.3,4.0,6.5,7674,8340.0,-4.9,1.0,1132,SK hynix+11.4%連動(β0.14) 未反応+8.3% / MA上昇配列 / パーフェクトオーダー / 開示[株式分割](1日前) / PER20倍
5632,三菱製鋼,鉄鋼,37.6,★☆☆☆☆,17.1,0.0,3.0,0.0,12.0,5.5,0.0,0.0,見送り(地合い🔴),SK hynix,8.0,9.5,3.5,6.2,2247,2415.0,-1.7,0.7,252,SK hynix+11.4%連動(β0.18) 未反応+8.0% / MA上昇配列 / パーフェクトオーダー / PER12倍
6834,精工技研,電気機器,37.6,★☆☆☆☆,22.1,0.0,1.0,0.0,6.0,8.5,0.0,0.0,見送り(地合い🔴),SK hynix,8.5,19.1,9.1,13.6,20231,24750.0,-10.3,0.7,6040,SK hynix+11.4%連動(β0.35) 未反応+8.5% / 増収+56% / ROE23%
7826,フルヤ金属,その他製品,37.6,★☆☆☆☆,21.6,0.0,2.0,0.0,6.0,8.0,0.0,0.0,見送り(地合い🔴),SK hynix,7.2,23.4,6.9,12.5,7203,8350.0,-8.8,0.6,4058,SK hynix+11.4%連動(β0.34) 未反応+7.2% / 増収+53% / PER14倍
4631,ＤＩＣ,化学,37.5,★☆☆☆☆,16.5,0.0,2.0,0.0,11.0,8.0,0.0,0.0,見送り(地合い🔴),SK hynix,8.2,13.5,4.3,5.9,4700,5142.0,-7.6,0.5,3920,SK hynix+11.4%連動(β0.16) 未反応+8.2% / MA上昇配列 / パーフェクトオーダー / 増収+19% / PER9倍
8388,阿波銀行,銀行業,37.4,★☆☆☆☆,15.9,0.0,2.0,0.0,9.5,8.0,2.0,0.0,見送り(地合い🔴),SK hynix,7.2,1.5,3.4,2.5,8319,8930.0,-4.9,0.8,1476,SK hynix+11.4%連動(β0.14) 未反応+7.2% / 資金流入増 / MA上昇配列 / パーフェクトオーダー / 開示[株式分割](0日前) / 増収+78% / PER23倍
5844,京都フィナンシャルグループ,銀行業,37.3,★☆☆☆☆,16.3,0.0,1.0,0.0,12.0,8.0,0.0,0.0,見送り(地合い🔴),SK hynix,6.6,1.6,2.7,1.7,4519,4775.0,-6.2,0.7,4803,SK hynix+11.4%連動(β0.15) 未反応+6.6% / MA上昇配列 / パーフェクトオーダー / 増収+24% / PER14倍
8522,名古屋銀行,銀行業,37.3,★☆☆☆☆,17.3,0.0,0.0,0.0,12.0,8.0,0.0,0.0,見送り(地合い🔴),SK hynix,5.8,-2.4,3.6,2.4,6326,6820.0,0.3,0.9,1168,SK hynix+11.4%連動(β0.19) 未反応+5.8% / MA上昇配列 / パーフェクトオーダー / 増収+19% / PER17倍
5381,マイポックス,ガラス・土石製品,37.0,★☆☆☆☆,22.5,0.0,2.0,0.0,6.0,6.5,0.0,0.0,見送り(地合い🔴),SK hynix,8.7,15.4,6.0,8.7,827,940.0,-2.2,0.7,228,SK hynix+11.4%連動(β0.37) 未反応+8.7% / 増収+21%
6871,日本マイクロニクス,電気機器,36.900000000000006,★☆☆☆☆,27.7,6.0,2.0,0.0,1.2,0.0,0.0,0.0,見送り(地合い🔴),SK hynix,14.3,-13.1,7.9,-4.6,11431,13570.0,-11.4,0.6,21821,SK hynix+11.4%連動(β0.55) 未反応+14.3% / 半導体製造装置(-10.1%)
3131,シンデン・ハイテックス,卸売業,36.900000000000006,★☆☆☆☆,20.1,0.0,5.3,0.0,11.0,5.5,0.0,-5.0,見送り(地合い🔴),SK hynix,15.9,64.7,9.5,21.0,4725,5840.0,-15.7,0.8,468,SK hynix+11.4%連動(β0.28) 未反応+15.9% / 買い出来高優勢 / 資金流入増 / MA上昇配列 / パーフェクトオーダー / 過熱⚠25MA+21% / 増収+100%
7322,三十三フィナンシャルグループ,銀行業,36.9,★☆☆☆☆,16.9,0.0,1.0,0.0,12.0,7.0,0.0,0.0,見送り(地合い🔴),SK hynix,6.6,-2.0,4.0,2.1,1827,1985.0,-4.5,0.5,794,SK hynix+11.4%連動(β0.17) 未反応+6.6% / MA上昇配列 / パーフェクトオーダー / 増収+26% / PER17倍
4238,ミライアル,化学,36.8,★☆☆☆☆,19.3,0.0,2.0,0.0,11.0,4.5,0.0,0.0,見送り(地合い🔴),SK hynix,5.9,3.4,3.9,4.8,1596,1730.0,-3.2,0.4,100,SK hynix+11.4%連動(β0.26) 未反応+5.9% / MA上昇配列 / パーフェクトオーダー / 増収+26%
4220,リケンテクノス,化学,36.7,★☆☆☆☆,16.7,0.0,5.3,0.0,8.2,6.5,0.0,0.0,見送り(地合い🔴),SK hynix,4.2,44.3,3.7,12.2,2458,2657.0,-2.3,0.7,580,SK hynix+11.4%連動(β0.17) 未反応+4.2% / 買い出来高優勢 / 資金流入増 / MA上昇配列 / パーフェクトオーダー / PER17倍
8159,立花エレテック,卸売業,36.6,★☆☆☆☆,16.1,0.0,4.0,0.0,9.5,7.0,0.0,0.0,見送り(地合い🔴),SK hynix,6.7,18.3,5.0,6.9,3627,4030.0,-5.6,0.7,276,SK hynix+11.4%連動(β0.15) 未反応+6.7% / 資金流入増 / MA上昇配列 / パーフェクトオーダー / 増収+20% / PER12倍
6525,ＫＯＫＵＳＡＩ　ＥＬＥＣＴＲＩＣ,電気機器,36.5,★☆☆☆☆,25.5,0.0,1.0,0.0,5.0,5.0,0.0,0.0,見送り(地合い🔴),SK hynix,9.8,-4.7,7.9,0.2,6971,8280.0,-11.0,0.7,66337,SK hynix+11.4%連動(β0.47) 未反応+9.8% / 増収+46%
2737,トーメンデバイス,卸売業,36.5,★☆☆☆☆,21.0,0.0,4.0,0.0,8.5,8.0,0.0,-5.0,見送り(地合い🔴),SK hynix,5.4,81.1,8.8,21.9,24837,30150.0,-7.4,0.9,4740,SK hynix+11.4%連動(β0.32) 未反応+5.4% / 資金流入増 / MA上昇配列 / パーフェクトオーダー / 過熱⚠25MA+22% / 増収+286% / ROE39% / PER22倍
8361,大垣共立銀行,銀行業,36.4,★☆☆☆☆,16.4,0.0,0.0,0.0,12.0,8.0,0.0,0.0,見送り(地合い🔴),SK hynix,8.1,-6.3,3.6,0.4,7161,7720.0,-5.3,1.0,1504,SK hynix+11.4%連動(β0.16) 未反応+8.1% / MA上昇配列 / パーフェクトオーダー / 増収+20% / PER17倍
8084,ＲＹＯＤＥＮ,卸売業,36.3,★☆☆☆☆,11.5,0.0,5.3,0.0,13.5,6.0,0.0,0.0,見送り(地合い🔴),SK hynix,2.8,21.2,3.1,8.1,4451,4745.0,0.5,0.7,348,SK hynix+11.4%連動(β0.11) 未反応+2.8% / 買い出来高優勢 / 資金流入増 / MA上昇配列 / パーフェクトオーダー / 52週高値目前 / 増収+24% / PER19倍
6146,ディスコ,機械,36.2,★☆☆☆☆,25.5,6.0,2.0,0.0,2.7,0.0,0.0,0.0,見送り(地合い🔴),SK hynix,6.9,-0.5,5.1,-0.5,55139,61420.0,-6.8,0.5,104926,SK hynix+11.4%連動(β0.47) 未反応+6.9% / HBM・後工程(-9.2%)
7911,ＴＯＰＰＡＮホールディングス,その他製品,35.9,★☆☆☆☆,17.9,0.0,1.0,0.0,11.0,6.0,0.0,0.0,見送り(地合い🔴),SK hynix,6.2,1.7,4.7,3.7,4528,5002.0,-7.9,0.7,9966,SK hynix+11.4%連動(β0.21) 未反応+6.2% / MA上昇配列 / パーフェクトオーダー / 増収+15% / PER22倍
6627,テラプローブ,電気機器,35.8,★☆☆☆☆,27.2,0.0,0.0,0.0,1.2,7.0,0.4,0.0,見送り(地合い🔴),SK hynix,17.3,-12.8,9.6,-8.7,8119,10040.0,-18.7,0.9,2167,SK hynix+11.4%連動(β0.53) 未反応+17.3% / 開示[株式分割](11日前) / 増収+20% / PER20倍
8151,東陽テクニカ,卸売業,35.8,★☆☆☆☆,15.8,0.0,2.0,0.0,9.5,5.5,3.0,0.0,見送り(地合い🔴),SK hynix,4.5,0.7,3.3,0.8,1883,2015.0,-4.4,1.3,435,SK hynix+11.4%連動(β0.13) 未反応+4.5% / MA上昇配列 / パーフェクトオーダー / 開示[自己株式の取得](0日前) / PER17倍
6298,ワイエイシイホールディングス,機械,35.7,★☆☆☆☆,20.7,0.0,1.0,0.0,7.0,7.0,0.0,0.0,見送り(地合い🔴),SK hynix,6.4,12.3,4.3,7.9,1207,1321.0,-4.1,0.4,301,SK hynix+11.4%連動(β0.31) 未反応+6.4% / 増収+28% / PER18倍
6503,三菱電機,電気機器,35.7,★☆☆☆☆,18.9,6.0,1.0,0.0,2.2,5.0,2.6,0.0,見送り(地合い🔴),SK hynix,10.5,-2.9,3.6,-2.4,5172,5568.0,-9.1,0.5,37038,SK hynix+11.4%連動(β0.24) 未反応+10.5% / AIデータセンター・電力(-5.7%) / 開示[子会社化](5日前) / 開示[子会社化](5日前)
5801,古河電気工業,非鉄金属,35.6,★☆☆☆☆,23.6,6.0,0.0,0.0,6.0,0.0,0.0,0.0,見送り(地合い🔴),SK hynix,21.7,5.6,10.2,0.0,2888,3625.0,-15.7,0.7,122775,SK hynix+11.4%連動(β0.41) 未反応+21.7% / 光通信・電線(-12.7%)
6794,フォスター電機,電気機器,35.6,★☆☆☆☆,18.1,0.0,2.0,0.0,11.0,4.5,0.0,0.0,見送り(地合い🔴),SK hynix,4.2,5.7,4.3,4.1,2772,3035.0,-2.9,0.5,594,SK hynix+11.4%連動(β0.21) 未反応+4.2% / MA上昇配列 / パーフェクトオーダー / PER14倍
8337,千葉興業銀行,銀行業,35.599999999999994,★☆☆☆☆,17.7,0.0,0.0,0.0,9.5,6.5,1.9,0.0,見送り(地合い🔴),SK hynix,7.2,-3.3,3.3,0.3,2487,2665.0,-3.9,0.5,360,SK hynix+11.4%連動(β0.20) 未反応+7.2% / MA上昇配列 / パーフェクトオーダー / 開示[自己株式の取得](5日前) / 増収+24%
4203,住友ベークライト,化学,35.5,★☆☆☆☆,19.3,0.0,4.0,0.0,8.2,4.0,0.0,0.0,見送り(地合い🔴),SK hynix,9.6,4.7,4.5,0.2,6571,7213.0,-8.5,1.3,6684,SK hynix+11.4%連動(β0.25) 未反応+9.6% / MA上昇配列 / パーフェクトオーダー / PER23倍
6264,マルマエ,機械,35.400000000000006,★☆☆☆☆,25.1,0.0,5.3,0.0,5.0,0.0,0.0,0.0,見送り(地合い🔴),SK hynix,10.2,4.8,5.8,2.8,1847,2090.0,-6.4,3.0,1262,SK hynix+11.4%連動(β0.46) 未反応+10.2% / 出来高増3.0倍
8362,福井銀行,銀行業,35.4,★☆☆☆☆,16.4,0.0,0.0,0.0,12.0,7.0,0.0,0.0,見送り(地合い🔴),SK hynix,8.2,4.6,5.3,5.9,5860,6550.0,-4.4,1.0,497,SK hynix+11.4%連動(β0.15) 未反応+8.2% / MA上昇配列 / パーフェクトオーダー / 増収+27% / PER19倍
6504,富士電機,電気機器,35.4,★☆☆☆☆,20.7,6.0,0.0,0.0,2.2,6.5,0.0,0.0,見送り(地合い🔴),SK hynix,5.9,7.4,4.7,2.3,12739,14065.0,-6.0,0.9,15224,SK hynix+11.4%連動(β0.31) 未反応+5.9% / AIデータセンター・電力(-5.7%) / PER21倍
6652,ＩＤＥＣ,電気機器,35.4,★☆☆☆☆,16.4,0.0,3.0,0.0,9.5,6.5,0.0,0.0,見送り(地合い🔴),SK hynix,6.3,8.5,3.4,1.7,3344,3590.0,-5.8,0.6,583,SK hynix+11.4%連動(β0.15) 未反応+6.3% / MA上昇配列 / パーフェクトオーダー / 増収+36%
7729,東京精密,精密機器,35.300000000000004,★☆☆☆☆,24.1,6.0,3.0,0.0,2.2,0.0,0.0,0.0,見送り(地合い🔴),SK hynix,10.2,-1.0,5.4,-0.6,15684,17595.0,-8.7,1.3,9361,SK hynix+11.4%連動(β0.43) 未反応+10.2% / HBM・後工程(-9.2%)
8364,清水銀行,銀行業,35.3,★☆☆☆☆,15.8,0.0,1.0,0.0,12.0,6.5,0.0,0.0,見送り(地合い🔴),SK hynix,9.0,7.8,4.3,7.7,2786,3045.0,-4.4,0.7,150,SK hynix+11.4%連動(β0.13) 未反応+9.0% / MA上昇配列 / パーフェクトオーダー / PER17倍
7735,ＳＣＲＥＥＮホールディングス,電気機器,35.2,★☆☆☆☆,24.2,6.0,1.0,0.0,4.0,0.0,0.0,0.0,見送り(地合い🔴),SK hynix,8.8,-18.5,5.1,-6.3,11801,13150.0,-10.0,0.6,47078,SK hynix+11.4%連動(β0.43) 未反応+8.8% / 半導体製造装置(-10.1%)
5805,ＳＷＣＣ,非鉄金属,35.0,★☆☆☆☆,21.0,6.0,2.0,0.0,6.0,0.0,0.0,0.0,見送り(地合い🔴),SK hynix,11.9,17.1,6.5,8.5,11719,13480.0,-8.2,0.5,7089,SK hynix+11.4%連動(β0.32) 未反応+11.9% / 光通信・電線(-12.7%)
6918,アバールデータ,電気機器,34.9,★☆☆☆☆,19.7,0.0,5.3,0.0,6.0,3.5,0.4,0.0,見送り(地合い🔴),SK hynix,8.6,10.7,5.2,6.7,3191,3560.0,-10.9,0.7,254,SK hynix+11.4%連動(β0.27) 未反応+8.6% / 買い出来高優勢 / 資金流入増 / 開示[業績予想の修正](12日前)
3040,ソリトンシステムズ,情報・通信業,34.800000000000004,★☆☆☆☆,17.3,0.0,5.3,0.0,12.0,0.0,0.2,0.0,見送り(地合い🔴),SK hynix,7.5,18.2,4.0,9.4,2152,2341.0,-7.3,0.7,332,SK hynix+11.4%連動(β0.18) 未反応+7.5% / 買い出来高優勢 / 資金流入増 / MA上昇配列 / パーフェクトオーダー / 開示[増配](13日前)
6920,レーザーテック,電気機器,34.7,★☆☆☆☆,24.7,6.0,0.0,0.0,0.0,4.0,0.0,0.0,見送り(地合い🔴),SK hynix,11.1,-20.8,7.4,-12.0,29689,34810.0,-11.3,0.6,130850,SK hynix+11.4%連動(β0.45) 未反応+11.1% / 半導体製造装置(-10.1%) / ROE34%
4634,ａｒｔｉｅｎｃｅ,化学,34.6,★☆☆☆☆,12.3,0.0,4.3,0.0,12.0,6.0,0.0,0.0,見送り(地合い🔴),SK hynix,2.7,9.1,2.9,5.9,4715,5010.0,-1.2,0.6,904,SK hynix+11.4%連動(β0.15) 未反応+2.7% / 買い出来高優勢 / MA上昇配列 / パーフェクトオーダー / 増収+56% / PER13倍
7613,シークス,卸売業,34.6,★☆☆☆☆,16.3,0.0,4.3,0.0,9.5,4.5,0.0,0.0,見送り(地合い🔴),SK hynix,7.6,9.9,3.5,2.8,1454,1563.0,-6.7,0.7,425,SK hynix+11.4%連動(β0.15) 未反応+7.6% / 買い出来高優勢 / MA上昇配列 / パーフェクトオーダー / PER19倍
8065,佐藤商事,卸売業,34.5,★☆☆☆☆,16.5,0.0,4.0,0.0,8.5,5.5,0.0,0.0,見送り(地合い🔴),SK hynix,7.4,19.7,4.5,7.6,3336,3670.0,-8.3,0.7,246,SK hynix+11.4%連動(β0.16) 未反応+7.4% / 資金流入増 / MA上昇配列 / パーフェクトオーダー / PER12倍
5985,サンコール,金属製品,34.4,★☆☆☆☆,20.4,0.0,7.3,0.0,5.7,6.0,0.0,-5.0,見送り(地合い🔴),SK hynix,13.0,74.9,9.6,32.8,1776,2200.0,-6.7,2.0,3240,SK hynix+11.4%連動(β0.29) 未反応+13.0% / 買い出来高優勢 / 資金流入増 / 過熱⚠25MA+33% / ROE18% / PER12倍
6958,日本シイエムケイ,電気機器,34.3,★☆☆☆☆,19.3,0.0,2.0,0.0,7.0,6.0,0.0,0.0,見送り(地合い🔴),SK hynix,11.4,8.2,5.4,2.4,622,697.0,-10.4,0.5,622,SK hynix+11.4%連動(β0.26) 未反応+11.4% / 増収+19% / PER13倍
3993,ＰＫＳＨＡ　Ｔｅｃｈｎｏｌｏｇｙ,情報・通信業,34.3,★☆☆☆☆,8.0,10.3,3.0,0.0,8.0,5.0,0.0,0.0,見送り(地合い🔴),SK hynix,-4.9,14.5,5.3,7.9,2825,3160.0,4.6,0.7,1406,SK hynix+11.4%連動(β0.28) / 生成AI・ソフト(+2.1%) / MA上昇配列 / 増収+89%
4205,日本ゼオン,化学,34.2,★☆☆☆☆,16.2,0.0,3.0,0.0,9.5,5.5,0.0,0.0,見送り(地合い🔴),SK hynix,4.0,6.8,2.4,2.5,2281,2396.5,-2.9,0.4,2858,SK hynix+11.4%連動(β0.15) 未反応+4.0% / MA上昇配列 / パーフェクトオーダー / PER13倍
8035,東京エレクトロン,電気機器,34.0,★☆☆☆☆,24.3,6.0,1.0,0.0,2.7,0.0,0.0,0.0,見送り(地合い🔴),SK hynix,7.1,-13.4,4.8,-5.0,49880,55150.0,-8.2,0.6,228573,SK hynix+11.4%連動(β0.43) 未反応+7.1% / 半導体製造装置(-10.1%)
4461,第一工業製薬,化学,34.0,★☆☆☆☆,21.5,0.0,4.0,0.0,8.5,0.0,0.0,0.0,見送り(地合い🔴),SK hynix,11.8,24.4,7.7,5.0,11176,13210.0,-14.2,0.6,3304,SK hynix+11.4%連動(β0.33) 未反応+11.8% / 資金流入増 / MA上昇配列 / パーフェクトオーダー
6323,ローツェ,機械,33.900000000000006,★☆☆☆☆,26.7,6.0,0.0,0.0,1.2,0.0,0.0,0.0,見送り(地合い🔴),SK hynix,11.4,-11.5,6.2,-4.3,3461,3953.0,-9.4,0.7,10298,SK hynix+11.4%連動(β0.52) 未反応+11.4% / 半導体製造装置(-10.1%)
7609,ダイトロン,卸売業,33.9,★☆☆☆☆,18.0,0.0,5.3,0.0,8.5,0.0,2.1,0.0,見送り(地合い🔴),SK hynix,16.1,10.0,6.7,0.4,3419,3945.0,-16.1,0.8,968,SK hynix+11.4%連動(β0.21) 未反応+16.1% / 買い出来高優勢 / 資金流入増 / MA上昇配列 / パーフェクトオーダー / 開示[自己株式の取得](4日前)
6340,澁谷工業,機械,33.8,★☆☆☆☆,16.5,0.0,5.3,0.0,12.0,0.0,0.0,0.0,見送り(地合い🔴),SK hynix,5.4,17.4,4.6,10.3,4639,5110.0,-5.2,0.4,534,SK hynix+11.4%連動(β0.16) 未反応+5.4% / 買い出来高優勢 / 資金流入増 / MA上昇配列 / パーフェクトオーダー
4401,ＡＤＥＫＡ,化学,33.8,★☆☆☆☆,17.5,0.0,4.3,0.0,12.0,0.0,0.0,0.0,見送り(地合い🔴),SK hynix,4.9,11.5,3.7,6.2,4224,4564.0,-3.7,0.4,2654,SK hynix+11.4%連動(β0.19) 未反応+4.9% / 買い出来高優勢 / MA上昇配列 / パーフェクトオーダー
6258,平田機工,機械,33.7,★☆☆☆☆,20.7,0.0,2.0,0.0,11.0,0.0,0.0,0.0,見送り(地合い🔴),SK hynix,10.0,16.9,6.5,7.4,2995,3440.0,-9.1,1.0,1394,SK hynix+11.4%連動(β0.31) 未反応+10.0% / MA上昇配列 / パーフェクトオーダー
8050,セイコーグループ,精密機器,33.6,★☆☆☆☆,18.6,0.0,4.0,0.0,11.0,0.0,0.0,0.0,見送り(地合い🔴),SK hynix,5.1,42.0,6.4,14.2,9146,10500.0,-6.1,0.6,5321,SK hynix+11.4%連動(β0.23) 未反応+5.1% / 資金流入増 / MA上昇配列 / パーフェクトオーダー
5218,オハラ,ガラス・土石製品,33.6,★☆☆☆☆,17.6,0.0,2.0,0.0,11.0,3.0,0.0,0.0,見送り(地合い🔴),SK hynix,5.8,10.2,4.1,3.3,1439,1568.0,-2.1,0.5,151,SK hynix+11.4%連動(β0.20) 未反応+5.8% / MA上昇配列 / パーフェクトオーダー
6506,安川電機,電気機器,33.599999999999994,★☆☆☆☆,21.9,6.0,0.0,0.0,2.7,3.0,0.0,0.0,見送り(地合い🔴),SK hynix,8.2,-4.7,4.0,-3.5,4552,4950.0,-9.5,0.5,26221,SK hynix+11.4%連動(β0.35) 未反応+8.2% / ロボット(-9.8%)
3374,内外テック,卸売業,33.5,★☆☆☆☆,19.5,0.0,3.0,0.0,11.0,0.0,0.0,0.0,見送り(地合い🔴),SK hynix,5.5,19.6,6.1,11.2,3569,4065.0,-5.9,0.5,258,SK hynix+11.4%連動(β0.26) 未反応+5.5% / MA上昇配列 / パーフェクトオーダー
4004,レゾナック・ホールディングス,化学,33.5,★☆☆☆☆,22.5,0.0,0.0,0.0,6.0,5.0,0.0,0.0,見送り(地合い🔴),SK hynix,11.3,7.3,7.1,3.9,13548,15775.0,-8.3,0.5,46086,SK hynix+11.4%連動(β0.37) 未反応+11.3% / 増収+15%
4980,デクセリアルズ,化学,33.3,★☆☆☆☆,22.3,6.0,0.0,0.0,0.0,5.0,0.0,0.0,見送り(地合い🔴),SK hynix,9.0,-19.7,5.7,-10.7,2573,2903.5,-9.2,0.7,6241,SK hynix+11.4%連動(β0.36) 未反応+9.0% / 光通信・電線(-12.7%) / PER19倍
7537,丸文,卸売業,33.3,★☆☆☆☆,18.8,0.0,2.0,0.0,9.5,3.0,0.0,0.0,見送り(地合い🔴),SK hynix,6.5,4.5,4.3,2.7,1632,1784.0,-4.4,0.4,291,SK hynix+11.4%連動(β0.24) 未反応+6.5% / MA上昇配列 / パーフェクトオーダー / PER14倍
6521,オキサイド,電気機器,33.1,★☆☆☆☆,23.0,0.0,0.0,0.0,5.0,4.0,1.1,0.0,見送り(地合い🔴),SK hynix,6.9,-1.9,5.8,2.1,2896,3275.0,-3.1,1.1,673,SK hynix+11.4%連動(β0.38) 未反応+6.9% / 開示[設備投資](6日前) / 増収+23%
6324,ハーモニック・ドライブ・システムズ,機械,33.1,★☆☆☆☆,23.1,6.0,0.0,0.0,0.0,4.0,0.0,0.0,見送り(地合い🔴),SK hynix,9.2,-14.8,8.2,-10.7,4747,5680.0,-12.7,0.5,10046,SK hynix+11.4%連動(β0.39) 未反応+9.2% / ロボット(-9.8%) / 増収+24%
6645,オムロン,電気機器,32.4,★☆☆☆☆,17.9,0.0,3.0,0.0,7.5,4.0,0.0,0.0,見送り(地合い🔴),SK hynix,10.3,13.7,5.4,4.4,5623,6307.0,-10.5,0.4,12038,SK hynix+11.4%連動(β0.21) 未反応+10.3% / MA上昇配列 / パーフェクトオーダー
6994,指月電機製作所,電気機器,28.3,★☆☆☆☆,20.3,0.0,2.0,0.0,6.0,0.0,0.0,0.0,見送り(地合い🔴),SK hynix,11.1,5.5,6.8,3.3,978,1133.0,-11.0,0.4,393,SK hynix+11.4%連動(β0.29) 未反応+11.1%
6336,石井表記,機械,28.2,★☆☆☆☆,19.2,0.0,0.0,0.0,9.0,0.0,0.0,0.0,見送り(地合い🔴),SK hynix,12.5,-0.6,6.1,0.5,1440,1641.0,-8.6,0.5,110,SK hynix+11.4%連動(β0.25) 未反応+12.5% / MA上昇配列 / パーフェクトオーダー
5310,東洋炭素,ガラス・土石製品,28.2,★☆☆☆☆,20.0,6.0,1.0,0.0,1.2,0.0,0.0,0.0,見送り(地合い🔴),SK hynix,7.9,0.4,4.7,-0.7,6194,6840.0,-6.0,0.6,807,SK hynix+11.4%連動(β0.28) 未反応+7.9% / 核融合(-6.2%)
6861,キーエンス,電気機器,28.099999999999998,★☆☆☆☆,17.9,0.0,2.0,0.0,8.2,0.0,0.0,0.0,見送り(地合い🔴),SK hynix,6.2,11.2,3.1,1.0,75941,80900.0,-6.7,0.5,63310,SK hynix+11.4%連動(β0.21) 未反応+6.2% / MA上昇配列 / パーフェクトオーダー
4228,積水化成品工業,化学,28.0,★☆☆☆☆,16.5,0.0,3.0,0.0,8.5,0.0,0.0,0.0,見送り(地合い🔴),SK hynix,8.5,16.3,4.6,4.1,543,598.0,-8.3,0.7,248,SK hynix+11.4%連動(β0.16) 未反応+8.5% / MA上昇配列 / パーフェクトオーダー
7912,大日本印刷,その他製品,27.9,★☆☆☆☆,15.9,0.0,0.0,0.0,12.0,0.0,0.0,0.0,見送り(地合い🔴),SK hynix,6.0,-0.7,2.9,1.1,2981,3161.0,-4.8,0.7,4887,SK hynix+11.4%連動(β0.14) 未反応+6.0% / MA上昇配列 / パーフェクトオーダー
4208,ＵＢＥ,化学,27.8,★☆☆☆☆,15.8,0.0,0.0,0.0,12.0,0.0,0.0,0.0,見送り(地合い🔴),SK hynix,5.5,6.2,2.8,4.4,3330,3524.0,-3.5,0.7,3669,SK hynix+11.4%連動(β0.13) 未反応+5.5% / MA上昇配列 / パーフェクトオーダー
8377,ほくほくフィナンシャルグループ,銀行業,27.7,★☆☆☆☆,17.2,0.0,1.0,0.0,9.5,0.0,0.0,0.0,見送り(地合い🔴),SK hynix,8.0,1.4,3.6,1.0,7360,7932.0,-7.5,0.5,4293,SK hynix+11.4%連動(β0.18) 未反応+8.0% / MA上昇配列 / パーフェクトオーダー
6339,新東工業,機械,27.7,★☆☆☆☆,15.7,0.0,0.0,0.0,12.0,0.0,0.0,0.0,見送り(地合い🔴),SK hynix,5.7,3.8,2.7,1.9,1147,1213.0,-4.5,0.6,133,SK hynix+11.4%連動(β0.13) 未反応+5.7% / MA上昇配列 / パーフェクトオーダー
8360,山梨中央銀行,銀行業,27.7,★☆☆☆☆,17.2,0.0,1.0,0.0,9.5,0.0,0.0,0.0,見送り(地合い🔴),SK hynix,9.0,-2.4,3.9,1.0,6470,7020.0,-7.5,0.7,1028,SK hynix+11.4%連動(β0.18) 未反応+9.0% / MA上昇配列 / パーフェクトオーダー
4118,カネカ,化学,27.7,★☆☆☆☆,12.4,0.0,3.3,0.0,12.0,0.0,0.0,0.0,見送り(地合い🔴),SK hynix,3.1,4.4,2.4,4.3,5886,6183.0,-1.5,0.7,1756,SK hynix+11.4%連動(β0.11) 未反応+3.1% / 買い出来高優勢 / MA上昇配列 / パーフェクトオーダー
6440,ＪＵＫＩ,機械,27.6,★☆☆☆☆,17.8,0.0,4.3,0.0,5.5,0.0,0.0,0.0,見送り(地合い🔴),SK hynix,6.4,15.0,5.5,4.0,542,609.0,-6.0,0.4,256,SK hynix+11.4%連動(β0.20) 未反応+6.4% / 買い出来高優勢 / MA上昇配列
7637,白銅,卸売業,27.6,★☆☆☆☆,15.1,0.0,3.0,0.0,9.5,0.0,0.0,0.0,見送り(地合い🔴),SK hynix,3.3,10.7,5.7,6.1,3370,3805.0,-2.7,0.9,216,SK hynix+11.4%連動(β0.19) 未反応+3.3% / MA上昇配列 / パーフェクトオーダー
8558,東和銀行,銀行業,27.5,★☆☆☆☆,16.5,0.0,0.0,0.0,11.0,0.0,0.0,0.0,見送り(地合い🔴),SK hynix,8.7,-2.4,4.0,2.2,1330,1445.0,-5.4,0.6,317,SK hynix+11.4%連動(β0.16) 未反応+8.7% / MA上昇配列 / パーフェクトオーダー
6363,酉島製作所,機械,27.5,★☆☆☆☆,14.5,0.0,2.0,0.0,11.0,0.0,0.0,0.0,見送り(地合い🔴),SK hynix,3.2,11.1,4.6,5.6,2868,3160.0,-4.1,0.4,577,SK hynix+11.4%連動(β0.17) 未反応+3.2% / MA上昇配列 / パーフェクトオーダー
5831,しずおかフィナンシャルグループ,銀行業,27.5,★☆☆☆☆,16.0,0.0,2.0,0.0,9.5,0.0,0.0,0.0,見送り(地合い🔴),SK hynix,5.8,-0.3,3.0,2.2,3216,3418.0,-3.7,0.6,6620,SK hynix+11.4%連動(β0.14) 未反応+5.8% / MA上昇配列 / パーフェクトオーダー
8381,山陰合同銀行,銀行業,27.5,★☆☆☆☆,16.0,0.0,2.0,0.0,9.5,0.0,0.0,0.0,見送り(地合い🔴),SK hynix,6.8,-1.8,3.0,0.9,2350,2502.0,-5.2,0.6,1172,SK hynix+11.4%連動(β0.14) 未反応+6.8% / MA上昇配列 / パーフェクトオーダー
6616,トレックス・セミコンダクター,電気機器,27.4,★☆☆☆☆,20.2,0.0,2.0,0.0,5.0,0.0,0.2,0.0,見送り(地合い🔴),SK hynix,7.5,6.5,5.8,2.5,1731,1958.0,-9.3,0.6,245,SK hynix+11.4%連動(β0.29) 未反応+7.5% / 開示[業績予想の修正](13日前)
8713,フィデアホールディングス,銀行業,27.3,★☆☆☆☆,14.3,0.0,5.3,0.0,10.7,0.0,0.0,-3.0,見送り(地合い🔴),SK hynix,3.6,25.6,4.1,15.1,2485,2708.0,0.1,0.7,289,SK hynix+11.4%連動(β0.12) 未反応+3.6% / 買い出来高優勢 / 資金流入増 / MA上昇配列 / パーフェクトオーダー / 伸びすぎ注意(25MA+15%)
6890,フェローテック,電気機器,27.3,★☆☆☆☆,23.6,0.0,1.0,0.0,2.2,0.0,0.5,0.0,見送り(地合い🔴),SK hynix,12.0,-4.1,6.7,2.3,7519,8680.0,-11.0,0.6,14541,SK hynix+11.4%連動(β0.41) 未反応+12.0% / 開示[業績予想の修正](11日前)
5830,いよぎんホールディングス,銀行業,27.2,★☆☆☆☆,16.7,0.0,1.0,0.0,9.5,0.0,0.0,0.0,見送り(地合い🔴),SK hynix,6.9,6.5,3.5,3.7,3572,3839.0,-4.1,0.6,4385,SK hynix+11.4%連動(β0.17) 未反応+6.9% / MA上昇配列 / パーフェクトオーダー
6976,太陽誘電,電気機器,27.2,★☆☆☆☆,24.7,0.0,1.0,0.0,1.5,0.0,0.0,0.0,見送り(地合い🔴),SK hynix,13.5,-21.3,10.1,-12.2,7297,9149.0,-19.0,1.4,233808,SK hynix+11.4%連動(β0.45) 未反応+13.5%
8386,百十四銀行,銀行業,27.2,★☆☆☆☆,16.7,0.0,1.0,0.0,9.5,0.0,0.0,0.0,見送り(地合い🔴),SK hynix,8.3,-2.5,4.0,0.8,2698,2934.0,-6.1,0.5,1132,SK hynix+11.4%連動(β0.16) 未反応+8.3% / MA上昇配列 / パーフェクトオーダー
8137,サンワテクノス,卸売業,27.2,★☆☆☆☆,16.7,0.0,1.0,0.0,9.5,0.0,0.0,0.0,見送り(地合い🔴),SK hynix,4.7,2.4,3.2,2.7,3731,3985.0,-3.6,0.4,311,SK hynix+11.4%連動(β0.16) 未反応+4.7% / MA上昇配列 / パーフェクトオーダー
8418,山口フィナンシャルグループ,銀行業,27.1,★☆☆☆☆,16.6,0.0,1.0,0.0,9.5,0.0,0.0,0.0,見送り(地合い🔴),SK hynix,6.5,-3.0,2.7,0.2,2906,3072.0,-3.5,0.5,1701,SK hynix+11.4%連動(β0.16) 未反応+6.5% / MA上昇配列 / パーフェクトオーダー
7762,シチズン時計,精密機器,27.1,★☆☆☆☆,11.3,0.0,4.3,0.0,11.0,0.0,0.5,0.0,見送り(地合い🔴),SK hynix,2.1,17.8,5.2,8.5,2328,2596.0,-7.3,0.7,5022,SK hynix+11.4%連動(β0.17) 未反応+2.1% / 買い出来高優勢 / MA上昇配列 / パーフェクトオーダー / 開示[業績予想の修正](11日前)
6787,メイコー,電気機器,27.1,★☆☆☆☆,25.6,0.0,0.0,0.0,1.5,0.0,0.0,0.0,見送り(地合い🔴),SK hynix,14.8,-27.6,10.5,-16.2,13493,17060.0,-11.9,0.7,10875,SK hynix+11.4%連動(β0.48) 未反応+14.8%
4968,荒川化学工業,化学,27.1,★☆☆☆☆,17.6,0.0,1.0,0.0,8.5,0.0,0.0,0.0,見送り(地合い🔴),SK hynix,16.4,4.9,8.3,1.2,1817,2181.0,-12.1,0.7,818,SK hynix+11.4%連動(β0.20) 未反応+16.4% / MA上昇配列 / パーフェクトオーダー
3110,日東紡績,ガラス・土石製品,27.099999999999998,★☆☆☆☆,24.4,0.0,0.0,0.0,2.7,0.0,0.0,0.0,見送り(地合い🔴),SK hynix,14.1,-10.1,9.7,-4.2,2351,2918.0,-15.2,0.8,23786,SK hynix+11.4%連動(β0.44) 未反応+14.1%
8346,東邦銀行,銀行業,27.0,★☆☆☆☆,16.5,0.0,1.0,0.0,9.5,0.0,0.0,0.0,見送り(地合い🔴),SK hynix,8.9,2.2,3.3,1.8,876,937.0,-6.5,0.8,1017,SK hynix+11.4%連動(β0.16) 未反応+8.9% / MA上昇配列 / パーフェクトオーダー
7327,第四北越フィナンシャルグループ,銀行業,27.0,★☆☆☆☆,16.5,0.0,1.0,0.0,9.5,0.0,0.0,0.0,見送り(地合い🔴),SK hynix,6.3,1.8,2.6,2.8,2313,2441.0,-3.1,0.7,2034,SK hynix+11.4%連動(β0.16) 未反応+6.3% / MA上昇配列 / パーフェクトオーダー
6387,サムコ,機械,26.9,★☆☆☆☆,24.2,0.0,0.0,0.0,2.7,0.0,0.0,0.0,見送り(地合い🔴),SK hynix,17.6,-11.9,7.7,-6.0,7357,8700.0,-18.3,0.9,1117,SK hynix+11.4%連動(β0.43) 未反応+17.6%
2108,日本甜菜製糖,食料品,26.9,★☆☆☆☆,0.0,0.0,7.7,0.0,11.0,0.0,8.2,0.0,見送り(地合い🔴),,0.0,16.1,2.7,12.1,5519,5830.0,8.4,2.7,177,出来高増2.7倍 / 買い出来高優勢 / MA上昇配列 / パーフェクトオーダー / 52週高値目前 / RSI過熱(88)⚠ / 開示[自己株式の取得](1日前) / 開示[株式分割](1日前)
6954,ファナック,電気機器,26.9,★☆☆☆☆,19.7,6.0,0.0,0.0,1.2,0.0,0.0,0.0,見送り(地合い🔴),SK hynix,6.8,-10.1,3.6,-6.7,5613,6052.0,-7.2,0.4,49612,SK hynix+11.4%連動(β0.27) 未反応+6.8% / ロボット(-9.8%)
8354,ふくおかフィナンシャルグループ,銀行業,26.8,★☆☆☆☆,16.3,0.0,1.0,0.0,9.5,0.0,0.0,0.0,見送り(地合い🔴),SK hynix,4.6,-2.9,2.8,0.2,7121,7536.0,-2.8,0.6,5521,SK hynix+11.4%連動(β0.15) 未反応+4.6% / MA上昇配列 / パーフェクトオーダー
6327,北川精機,機械,26.7,★☆☆☆☆,23.0,0.0,1.0,0.0,2.7,0.0,0.0,0.0,見送り(地合い🔴),SK hynix,25.9,-20.7,11.3,-10.0,2389,3090.0,-22.5,0.5,2621,SK hynix+11.4%連動(β0.39) 未反応+25.9%
5302,日本カーボン,ガラス・土石製品,26.6,★☆☆☆☆,15.1,0.0,2.0,0.0,9.5,0.0,0.0,0.0,見送り(地合い🔴),SK hynix,5.3,2.5,2.4,0.1,4617,4855.0,-3.3,0.7,322,SK hynix+11.4%連動(β0.11) 未反応+5.3% / MA上昇配列 / パーフェクトオーダー
6966,三井ハイテック,電気機器,26.599999999999998,★☆☆☆☆,20.4,0.0,0.0,0.0,6.2,0.0,0.0,0.0,見送り(地合い🔴),SK hynix,7.8,2.4,3.9,0.1,850,923.0,-5.5,0.5,1662,SK hynix+11.4%連動(β0.29) 未反応+7.8% / MA上昇配列 / パーフェクトオーダー
8524,北洋銀行,銀行業,26.4,★☆☆☆☆,16.9,0.0,0.0,0.0,9.5,0.0,0.0,0.0,見送り(地合い🔴),SK hynix,9.1,-0.4,3.5,0.6,1143,1229.0,-6.3,0.6,2349,SK hynix+11.4%連動(β0.17) 未反応+9.1% / MA上昇配列 / パーフェクトオーダー
6928,エノモト,電気機器,26.4,★☆☆☆☆,18.4,0.0,2.0,0.0,6.0,0.0,0.0,0.0,見送り(地合い🔴),SK hynix,6.1,12.0,6.6,7.6,2536,2922.0,-10.1,0.5,311,SK hynix+11.4%連動(β0.23) 未反応+6.1% / 資金流入増
8331,千葉銀行,銀行業,26.3,★☆☆☆☆,16.8,0.0,0.0,0.0,9.5,0.0,0.0,0.0,見送り(地合い🔴),SK hynix,5.7,-2.3,2.7,0.8,2585,2730.0,-4.0,0.5,6500,SK hynix+11.4%連動(β0.17) 未反応+5.7% / MA上昇配列 / パーフェクトオーダー
7189,西日本フィナンシャルホールディングス,銀行業,26.3,★☆☆☆☆,16.8,0.0,0.0,0.0,9.5,0.0,0.0,0.0,見送り(地合い🔴),SK hynix,6.7,3.0,3.2,3.3,4346,4639.0,-4.2,0.7,2311,SK hynix+11.4%連動(β0.17) 未反応+6.7% / MA上昇配列 / パーフェクトオーダー
6590,芝浦メカトロニクス,電気機器,26.1,★☆☆☆☆,26.1,0.0,0.0,0.0,0.0,0.0,0.0,0.0,見送り(地合い🔴),SK hynix,13.2,-21.1,8.6,-11.4,3365,4065.0,-11.2,0.3,9109,SK hynix+11.4%連動(β0.50) 未反応+13.2%
6255,エヌ・ピー・シー,機械,26.099999999999998,★☆☆☆☆,19.4,0.0,2.0,0.0,4.7,0.0,0.0,0.0,見送り(地合い🔴),SK hynix,5.1,17.0,3.8,2.8,636,688.0,-5.4,0.3,165,SK hynix+11.4%連動(β0.26) 未反応+5.1%
6668,アドテック　プラズマ　テクノロジー,電気機器,26.0,★☆☆☆☆,21.8,0.0,2.0,0.0,2.2,0.0,0.0,0.0,見送り(地合い🔴),SK hynix,13.1,8.3,7.3,2.3,2938,3440.0,-12.5,0.4,491,SK hynix+11.4%連動(β0.35) 未反応+13.1%
6981,村田製作所,電気機器,26.0,★☆☆☆☆,23.3,0.0,0.0,0.0,2.7,0.0,0.0,0.0,見送り(地合い🔴),SK hynix,10.2,-16.4,7.5,-6.4,6010,7067.0,-14.8,0.6,207256,SK hynix+11.4%連動(β0.40) 未反応+10.2%
6875,メガチップス,電気機器,26.0,★☆☆☆☆,18.0,0.0,2.0,0.0,6.0,0.0,0.0,0.0,見送り(地合い🔴),SK hynix,10.5,10.5,5.1,4.8,9547,10630.0,-9.8,0.7,1545,SK hynix+11.4%連動(β0.21) 未反応+10.5%
9692,シーイーシー,情報・通信業,25.9,★☆☆☆☆,0.0,0.0,8.0,0.0,15.0,0.0,2.9,0.0,見送り(地合い🔴),,0.0,12.2,2.4,9.2,2373,2490.0,6.0,3.3,298,出来高急増3.3倍 / 買い出来高優勢 / MA上昇配列 / パーフェクトオーダー / 52週高値ブレイク! / 開示[上方修正](4日前)
3156,レスター,卸売業,25.8,★☆☆☆☆,15.3,0.0,2.0,0.0,8.5,0.0,0.0,0.0,見送り(地合い🔴),SK hynix,3.8,33.2,6.1,9.5,4186,4765.0,-6.0,0.3,769,SK hynix+11.4%連動(β0.14) 未反応+3.8% / MA上昇配列 / パーフェクトオーダー
1980,ダイダン,建設業,25.8,★☆☆☆☆,17.8,0.0,2.0,0.0,6.0,0.0,0.0,0.0,見送り(地合い🔴),SK hynix,5.9,2.5,5.4,4.4,2437,2733.0,-6.0,0.5,2246,SK hynix+11.4%連動(β0.20) 未反応+5.9%
7717,ブイ・テクノロジー,精密機器,25.8,★☆☆☆☆,23.1,0.0,0.0,0.0,2.7,0.0,0.0,0.0,見送り(地合い🔴),SK hynix,13.8,-16.6,6.4,-7.3,4667,5350.0,-12.0,0.5,1778,SK hynix+11.4%連動(β0.39) 未反応+13.8%
8399,琉球銀行,銀行業,25.8,★☆☆☆☆,16.3,0.0,0.0,0.0,9.5,0.0,0.0,0.0,見送り(地合い🔴),SK hynix,10.6,0.9,3.6,0.8,2852,3070.0,-7.3,0.8,473,SK hynix+11.4%連動(β0.15) 未反応+10.6% / MA上昇配列 / パーフェクトオーダー
5331,ノリタケ,ガラス・土石製品,25.7,★☆☆☆☆,17.7,0.0,2.0,0.0,6.0,0.0,0.0,0.0,見送り(地合い🔴),SK hynix,7.1,2.2,4.6,1.6,3274,3610.0,-7.4,0.3,1197,SK hynix+11.4%連動(β0.20) 未反応+7.1%
6963,ローム,電気機器,25.6,★☆☆☆☆,20.6,0.0,0.0,0.0,5.0,0.0,0.0,0.0,見送り(地合い🔴),SK hynix,10.8,-1.8,5.4,0.7,4165,4669.0,-10.9,0.8,21061,SK hynix+11.4%連動(β0.30) 未反応+10.8%
7337,ひろぎんホールディングス,銀行業,25.6,★☆☆☆☆,16.1,0.0,0.0,0.0,9.5,0.0,0.0,0.0,見送り(地合い🔴),SK hynix,6.4,-2.4,2.6,0.5,2162,2280.5,-3.3,0.5,1754,SK hynix+11.4%連動(β0.14) 未反応+6.4% / MA上昇配列 / パーフェクトオーダー
4112,保土谷化学工業,化学,25.6,★☆☆☆☆,17.6,0.0,2.0,0.0,6.0,0.0,0.0,0.0,見送り(地合い🔴),SK hynix,6.6,6.6,3.6,3.7,2069,2230.0,-3.5,0.6,109,SK hynix+11.4%連動(β0.19) 未反応+6.6%
7389,あいちフィナンシャルグループ,銀行業,25.6,★☆☆☆☆,16.1,0.0,0.0,0.0,9.5,0.0,0.0,0.0,見送り(地合い🔴),SK hynix,5.5,-3.7,4.9,2.0,1611,1787.0,-4.0,0.6,1691,SK hynix+11.4%連動(β0.14) 未反応+5.5% / MA上昇配列 / パーフェクトオーダー
4971,メック,化学,25.6,★☆☆☆☆,23.6,0.0,2.0,0.0,0.0,0.0,0.0,0.0,見送り(地合い🔴),SK hynix,15.8,-22.6,9.3,-17.5,5433,6670.0,-16.3,1.3,4197,SK hynix+11.4%連動(β0.41) 未反応+15.8%
8154,加賀電子,卸売業,25.5,★☆☆☆☆,15.4,0.0,0.0,0.0,9.5,0.0,0.6,0.0,見送り(地合い🔴),SK hynix,3.6,12.2,3.4,4.9,4609,4950.0,-4.3,0.6,911,SK hynix+11.4%連動(β0.16) 未反応+3.6% / MA上昇配列 / パーフェクトオーダー / 開示[上方修正](12日前)
6752,パナソニック　ホールディングス,電気機器,25.5,★☆☆☆☆,18.3,0.0,0.0,0.0,7.2,0.0,0.0,0.0,見送り(地合い🔴),SK hynix,7.0,10.6,4.5,2.8,3959,4348.0,-9.2,0.5,39958,SK hynix+11.4%連動(β0.22) 未反応+7.0% / MA上昇配列 / パーフェクトオーダー
5832,ちゅうぎんフィナンシャルグループ,銀行業,25.5,★☆☆☆☆,16.0,0.0,0.0,0.0,9.5,0.0,0.0,0.0,見送り(地合い🔴),SK hynix,6.2,-2.2,2.7,0.2,3201,3382.0,-4.2,0.5,1104,SK hynix+11.4%連動(β0.14) 未反応+6.2% / MA上昇配列 / パーフェクトオーダー
6777,ｓａｎｔｅｃ　Ｈｏｌｄｉｎｇｓ,電気機器,25.5,★☆☆☆☆,22.8,0.0,0.0,0.0,2.7,0.0,0.0,0.0,見送り(地合い🔴),SK hynix,10.2,-3.3,7.9,-0.0,15669,18600.0,-9.4,0.7,3224,SK hynix+11.4%連動(β0.38) 未反応+10.2%
4369,トリケミカル研究所,化学,25.4,★☆☆☆☆,24.2,0.0,0.0,0.0,1.2,0.0,0.0,0.0,見送り(地合い🔴),SK hynix,9.8,-3.1,5.5,-2.1,2858,3210.0,-7.1,0.6,1693,SK hynix+11.4%連動(β0.43) 未反応+9.8%
5344,ＭＡＲＵＷＡ,ガラス・土石製品,25.3,★☆☆☆☆,23.1,0.0,1.0,0.0,1.2,0.0,0.0,0.0,見送り(地合い🔴),SK hynix,13.4,-8.1,6.1,-5.5,47124,53710.0,-13.3,0.4,8522,SK hynix+11.4%連動(β0.39) 未反応+13.4%
6134,ＦＵＪＩ,機械,25.3,★☆☆☆☆,20.1,0.0,3.0,0.0,2.2,0.0,0.0,0.0,見送り(地合い🔴),SK hynix,11.4,-3.3,6.1,-4.4,6392,7286.0,-14.9,0.5,8479,SK hynix+11.4%連動(β0.29) 未反応+11.4%
3436,ＳＵＭＣＯ,金属製品,25.3,★☆☆☆☆,24.1,0.0,0.0,0.0,1.2,0.0,0.0,0.0,見送り(地合い🔴),SK hynix,13.8,-6.2,9.0,-3.5,2832,3450.0,-15.0,0.7,56636,SK hynix+11.4%連動(β0.43) 未反応+13.8%
6524,湖北工業,電気機器,25.2,★☆☆☆☆,19.5,0.0,2.0,0.0,3.7,0.0,0.0,0.0,見送り(地合い🔴),SK hynix,9.4,0.7,6.6,0.3,4007,4615.0,-9.7,0.5,1337,SK hynix+11.4%連動(β0.26) 未反応+9.4%
4221,大倉工業,化学,25.2,★☆☆☆☆,14.7,0.0,1.0,0.0,9.5,0.0,0.0,0.0,見送り(地合い🔴),SK hynix,3.8,9.6,2.2,3.7,5384,5630.0,-1.2,0.4,348,SK hynix+11.4%連動(β0.12) 未反応+3.8% / MA上昇配列 / パーフェクトオーダー
4970,東洋合成工業,化学,25.1,★☆☆☆☆,24.1,0.0,1.0,0.0,0.0,0.0,0.0,0.0,見送り(地合い🔴),SK hynix,15.0,-27.1,8.7,-13.5,9406,11380.0,-12.4,0.6,1348,SK hynix+11.4%連動(β0.43) 未反応+15.0%
3441,山王,金属製品,25.1,★☆☆☆☆,20.1,0.0,0.0,0.0,5.0,0.0,0.0,0.0,見送り(地合い🔴),SK hynix,10.2,-0.6,5.3,1.0,2380,2662.0,-9.4,0.6,127,SK hynix+11.4%連動(β0.28) 未反応+10.2%
5706,三井金属,非鉄金属,25.1,★☆☆☆☆,23.6,0.0,0.0,0.0,1.5,0.0,0.0,0.0,見送り(地合い🔴),SK hynix,9.9,-12.2,8.7,-5.9,23497,28465.0,-9.9,0.9,54724,SK hynix+11.4%連動(β0.41) 未反応+9.9%
6779,日本電波工業,電気機器,25.0,★☆☆☆☆,22.3,0.0,0.0,0.0,2.7,0.0,0.0,0.0,見送り(地合い🔴),SK hynix,15.8,-5.3,9.3,-3.0,2204,2707.0,-15.0,0.4,2933,SK hynix+11.4%連動(β0.36) 未反応+15.8%
3741,セック,情報・通信業,25.0,★☆☆☆☆,18.0,0.0,1.0,0.0,6.0,0.0,0.0,0.0,見送り(地合い🔴),SK hynix,5.3,5.5,3.5,2.1,2919,3140.0,-3.5,0.6,262,SK hynix+11.4%連動(β0.21) 未反応+5.3%
6266,タツモ,機械,25.0,★☆☆☆☆,25.0,0.0,0.0,0.0,0.0,0.0,0.0,0.0,見送り(地合い🔴),SK hynix,17.1,-23.3,8.9,-13.5,2850,3470.0,-14.3,0.4,1648,SK hynix+11.4%連動(β0.46) 未反応+17.1%
6962,大真空,電気機器,24.9,★☆☆☆☆,18.9,0.0,1.0,0.0,5.0,0.0,0.0,0.0,見送り(地合い🔴),SK hynix,7.1,0.0,4.7,0.9,703,776.0,-4.8,0.6,326,SK hynix+11.4%連動(β0.24) 未反応+7.1%
9902,日伝,卸売業,24.799999999999997,★☆☆☆☆,15.7,0.0,0.0,0.0,7.2,0.0,1.9,0.0,見送り(地合い🔴),SK hynix,4.8,6.2,2.4,1.8,2886,3035.0,-5.6,0.4,229,SK hynix+11.4%連動(β0.13) 未反応+4.8% / MA上昇配列 / パーフェクトオーダー / 開示[自己株式の取得](5日前)
6302,住友重機械工業,機械,24.7,★☆☆☆☆,13.2,0.0,2.0,0.0,9.5,0.0,0.0,0.0,見送り(地合い🔴),SK hynix,2.6,10.2,4.5,5.7,5358,5888.0,-0.8,1.0,6098,SK hynix+11.4%連動(β0.18) 未反応+2.6% / MA上昇配列 / パーフェクトオーダー
6254,野村マイクロ・サイエンス,機械,24.7,★☆☆☆☆,24.7,0.0,0.0,0.0,0.0,0.0,0.0,0.0,見送り(地合い🔴),SK hynix,10.4,-14.8,7.2,-9.3,3059,3570.0,-9.8,0.4,3688,SK hynix+11.4%連動(β0.45) 未反応+10.4%
8015,豊田通商,卸売業,24.6,★☆☆☆☆,12.1,0.0,3.0,0.0,9.5,0.0,0.0,0.0,見送り(地合い🔴),SK hynix,2.3,13.2,3.5,6.3,6846,7363.0,-0.2,0.6,21587,SK hynix+11.4%連動(β0.19) 未反応+2.3% / MA上昇配列 / パーフェクトオーダー
1964,中外炉工業,建設業,24.6,★☆☆☆☆,16.6,0.0,1.0,0.0,7.0,0.0,0.0,0.0,見送り(地合い🔴),SK hynix,4.2,-2.9,2.1,1.7,3898,4070.0,-2.6,0.3,215,SK hynix+11.4%連動(β0.16) 未反応+4.2%
6762,ＴＤＫ,電気機器,24.599999999999998,★☆☆☆☆,20.9,0.0,1.0,0.0,2.7,0.0,0.0,0.0,見送り(地合い🔴),SK hynix,6.6,-0.7,4.0,-0.2,2800,3042.0,-6.2,0.4,35383,SK hynix+11.4%連動(β0.31) 未反応+6.6%
4186,東京応化工業,化学,24.5,★☆☆☆☆,23.3,0.0,0.0,0.0,1.2,0.0,0.0,0.0,見送り(地合い🔴),SK hynix,10.8,-15.5,5.5,-7.0,7674,8630.0,-9.9,0.4,9803,SK hynix+11.4%連動(β0.40) 未反応+10.8%
9984,ソフトバンクグループ,情報・通信業,24.4,★☆☆☆☆,24.4,0.0,0.0,0.0,0.0,0.0,0.0,0.0,見送り(地合い🔴),SK hynix,19.6,-11.0,7.0,-8.6,4276,4975.0,-15.5,0.8,239451,SK hynix+11.4%連動(β0.44) 未反応+19.6%
9934,因幡電機産業,卸売業,24.4,★☆☆☆☆,11.6,0.0,3.3,0.0,9.5,0.0,0.0,0.0,見送り(地合い🔴),SK hynix,3.0,5.7,2.1,2.8,2869,2992.0,-1.5,0.8,640,SK hynix+11.4%連動(β0.10) 未反応+3.0% / 買い出来高優勢 / MA上昇配列 / パーフェクトオーダー
6961,エンプラス,電気機器,24.2,★☆☆☆☆,23.2,0.0,1.0,0.0,0.0,0.0,0.0,0.0,見送り(地合い🔴),SK hynix,16.7,-25.4,8.1,-11.7,8390,10000.0,-15.8,0.4,2839,SK hynix+11.4%連動(β0.39) 未反応+16.7%
6997,日本ケミコン,電気機器,24.1,★☆☆☆☆,22.6,0.0,0.0,0.0,1.5,0.0,0.0,0.0,見送り(地合い🔴),SK hynix,14.5,-18.3,8.3,-11.6,2244,2692.0,-14.5,0.7,3254,SK hynix+11.4%連動(β0.37) 未反応+14.5%
6674,ジーエス・ユアサ　コーポレーション,電気機器,24.1,★☆☆☆☆,18.1,0.0,3.3,0.0,2.7,0.0,0.0,0.0,見送り(地合い🔴),SK hynix,5.0,-9.5,5.4,-3.0,4802,5378.0,-5.3,0.6,5737,SK hynix+11.4%連動(β0.21) 未反応+5.0% / 買い出来高優勢
167A,リョーサン菱洋ホールディングス,卸売業,24.1,★☆☆☆☆,14.3,0.0,3.3,0.0,6.5,0.0,0.0,0.0,見送り(地合い🔴),SK hynix,3.5,9.8,2.8,4.2,2956,3130.0,-3.1,0.6,667,SK hynix+11.4%連動(β0.13) 未反応+3.5% / 買い出来高優勢 / MA上昇配列
8622,水戸証券,証券、商品先物取引業,24.0,★☆☆☆☆,4.2,0.0,6.3,0.0,13.5,0.0,0.0,0.0,見送り(地合い🔴),SK hynix,-3.6,15.6,3.2,10.0,855,913.0,6.3,1.3,359,SK hynix+11.4%連動(β0.15) / 買い出来高優勢 / 資金流入増 / MA上昇配列 / パーフェクトオーダー / 52週高値目前
5016,ＪＸ金属,非鉄金属,23.9,★☆☆☆☆,20.7,0.0,1.0,0.0,2.2,0.0,0.0,0.0,見送り(地合い🔴),SK hynix,4.2,-1.0,6.1,0.3,3328,3786.0,-5.3,1.3,81342,SK hynix+11.4%連動(β0.31) 未反応+4.2%
4022,ラサ工業,化学,23.8,★☆☆☆☆,20.3,0.0,0.0,0.0,3.5,0.0,0.0,0.0,見送り(地合い🔴),SK hynix,18.8,8.0,8.1,0.1,1730,2063.0,-18.6,0.7,3099,SK hynix+11.4%連動(β0.29) 未反応+18.8%
6490,ＰＩＬＬＡＲ,機械,23.8,★☆☆☆☆,21.6,0.0,0.0,0.0,2.2,0.0,0.0,0.0,見送り(地合い🔴),SK hynix,10.5,-3.9,7.3,-1.6,8387,9830.0,-6.2,0.5,1769,SK hynix+11.4%連動(β0.34) 未反応+10.5%
6969,松尾電機,電気機器,23.8,★☆☆☆☆,19.1,0.0,2.0,0.0,2.7,0.0,0.0,0.0,見送り(地合い🔴),SK hynix,10.0,-7.8,8.9,-6.5,816,993.0,-8.6,0.3,118,SK hynix+11.4%連動(β0.25) 未反応+10.0%
6800,ヨコオ,電気機器,23.7,★☆☆☆☆,21.0,0.0,0.0,0.0,2.7,0.0,0.0,0.0,見送り(地合い🔴),SK hynix,13.8,-15.1,7.8,-8.4,3206,3795.0,-14.6,0.5,932,SK hynix+11.4%連動(β0.32) 未反応+13.8%
6407,ＣＫＤ,機械,23.7,★☆☆☆☆,23.7,0.0,0.0,0.0,0.0,0.0,0.0,0.0,見送り(地合い🔴),SK hynix,10.7,-14.9,7.1,-9.2,4727,5510.0,-11.4,0.5,5894,SK hynix+11.4%連動(β0.41) 未反応+10.7%
6941,山一電機,電気機器,23.7,★☆☆☆☆,23.7,0.0,0.0,0.0,0.0,0.0,0.0,0.0,見送り(地合い🔴),SK hynix,16.1,-16.3,9.1,-9.3,6361,7770.0,-14.0,0.6,3798,SK hynix+11.4%連動(β0.41) 未反応+16.1%
6203,豊和工業,機械,23.7,★☆☆☆☆,17.7,0.0,1.0,0.0,5.0,0.0,0.0,0.0,見送り(地合い🔴),SK hynix,4.4,0.9,4.1,1.5,1346,1467.0,-4.7,0.4,318,SK hynix+11.4%連動(β0.20) 未反応+4.4%
2760,東京エレクトロン　デバイス,卸売業,23.5,★☆☆☆☆,20.3,0.0,2.0,0.0,1.2,0.0,0.0,0.0,見送り(地合い🔴),SK hynix,8.3,2.8,5.0,-1.4,3593,3995.0,-8.1,0.3,1036,SK hynix+11.4%連動(β0.29) 未反応+8.3%
5741,ＵＡＣＪ,非鉄金属,23.5,★☆☆☆☆,17.8,0.0,2.0,0.0,3.7,0.0,0.0,0.0,見送り(地合い🔴),SK hynix,6.6,-3.4,5.3,0.4,2115,2367.0,-3.5,1.7,2575,SK hynix+11.4%連動(β0.20) 未反応+6.6%
4109,ステラ　ケミファ,化学,23.4,★☆☆☆☆,16.4,0.0,2.0,0.0,5.0,0.0,0.0,0.0,見送り(地合い🔴),SK hynix,3.3,-2.3,4.6,2.1,5003,5510.0,-3.8,0.5,602,SK hynix+11.4%連動(β0.23) 未反応+3.3%
6227,ＡＩメカテック,機械,23.4,★☆☆☆☆,22.2,0.0,0.0,0.0,1.2,0.0,0.0,0.0,見送り(地合い🔴),SK hynix,4.9,-12.5,8.0,-4.3,5239,6240.0,-4.7,0.8,6529,SK hynix+11.4%連動(β0.36) 未反応+4.9%
3132,マクニカホールディングス,卸売業,23.4,★☆☆☆☆,20.2,0.0,1.0,0.0,2.2,0.0,0.0,0.0,見送り(地合い🔴),SK hynix,8.4,-0.5,5.3,-0.9,3049,3410.0,-9.3,0.5,4179,SK hynix+11.4%連動(β0.29) 未反応+8.4%
6656,インスペック,電気機器,23.3,★☆☆☆☆,21.3,0.0,2.0,0.0,0.0,0.0,0.0,0.0,見送り(地合い🔴),SK hynix,9.2,-27.8,8.9,-13.8,665,808.0,-11.0,0.2,153,SK hynix+11.4%連動(β0.33) 未反応+9.2%
6882,三社電機製作所,電気機器,23.3,★☆☆☆☆,17.6,0.0,1.0,0.0,4.7,0.0,0.0,0.0,見送り(地合い🔴),SK hynix,5.6,3.9,3.6,2.6,1108,1195.0,-5.0,0.5,108,SK hynix+11.4%連動(β0.20) 未反応+5.6%
9880,イノテック,電気機器,23.3,★☆☆☆☆,18.6,0.0,0.0,0.0,4.7,0.0,0.0,0.0,見送り(地合い🔴),SK hynix,7.3,6.6,5.3,2.5,3203,3580.0,-7.4,0.6,673,SK hynix+11.4%連動(β0.23) 未反応+7.3%
6526,ソシオネクスト,電気機器,23.3,★☆☆☆☆,21.8,0.0,0.0,0.0,1.5,0.0,0.0,0.0,見送り(地合い🔴),SK hynix,8.6,-20.9,5.0,-8.5,1733,1925.5,-9.6,0.8,17526,SK hynix+11.4%連動(β0.34) 未反応+8.6%
8012,長瀬産業,卸売業,23.3,★☆☆☆☆,13.8,0.0,2.0,0.0,4.5,0.0,3.0,0.0,見送り(地合い🔴),SK hynix,3.3,-1.2,3.0,-0.4,1125,1197.5,-2.6,1.6,1334,SK hynix+11.4%連動(β0.14) 未反応+3.3% / 開示[自己株式の取得](0日前)
7380,十六フィナンシャルグループ,銀行業,23.2,★☆☆☆☆,16.7,0.0,2.0,0.0,4.5,0.0,0.0,0.0,見送り(地合い🔴),SK hynix,8.2,-5.2,3.7,-0.1,2281,2464.0,-4.9,1.2,1357,SK hynix+11.4%連動(β0.16) 未反応+8.2%
2802,味の素,食料品,23.2,★☆☆☆☆,16.2,0.0,0.0,0.0,7.0,0.0,0.0,0.0,見送り(地合い🔴),SK hynix,4.7,4.0,4.2,2.7,4923,5370.0,-6.1,0.4,21344,SK hynix+11.4%連動(β0.15) 未反応+4.7%
6055,ジャパンマテリアル,サービス業,23.2,★☆☆☆☆,22.2,0.0,1.0,0.0,0.0,0.0,0.0,0.0,見送り(地合い🔴),SK hynix,10.5,-9.4,4.9,-7.0,1857,2059.0,-10.1,0.4,1528,SK hynix+11.4%連動(β0.36) 未反応+10.5%
6481,ＴＨＫ,機械,23.2,★☆☆☆☆,20.0,0.0,1.0,0.0,2.2,0.0,0.0,0.0,見送り(地合い🔴),SK hynix,9.0,-1.6,5.7,-1.9,6069,6843.0,-9.0,0.5,10570,SK hynix+11.4%連動(β0.28) 未反応+9.0%
8309,三井住友トラストグループ,銀行業,23.1,★☆☆☆☆,13.6,0.0,0.0,0.0,9.5,0.0,0.0,0.0,見送り(地合い🔴),SK hynix,3.3,-1.5,2.2,0.6,1626,1702.0,-1.5,0.6,16614,SK hynix+11.4%連動(β0.13) 未反応+3.3% / MA上昇配列 / パーフェクトオーダー
4966,上村工業,化学,23.1,★☆☆☆☆,20.0,0.0,1.0,0.0,0.0,0.0,2.1,0.0,見送り(地合い🔴),SK hynix,14.1,-20.1,6.3,-13.6,16640,19050.0,-12.4,0.6,2179,SK hynix+11.4%連動(β0.28) 未反応+14.1% / 開示[自己株式の取得](4日前)
7966,リンテック,その他製品,23.099999999999998,★☆☆☆☆,18.4,0.0,0.0,0.0,0.0,0.0,4.7,0.0,見送り(地合い🔴),SK hynix,12.7,-19.2,6.0,-12.3,4786,5440.0,-12.3,1.0,2737,SK hynix+11.4%連動(β0.23) 未反応+12.7% / 開示[自己株式の取得](1日前) / 開示[自己株式取得](5日前)
7279,ハイレックスコーポレーション,輸送用機器,23.099999999999998,★☆☆☆☆,16.9,0.0,2.0,0.0,4.2,0.0,0.0,0.0,見送り(地合い🔴),SK hynix,3.8,13.6,2.8,5.6,2395,2538.0,-1.4,0.4,230,SK hynix+11.4%連動(β0.19) 未反応+3.8% / MA上昇配列
4187,大阪有機化学工業,化学,23.099999999999998,★☆☆☆☆,21.9,0.0,0.0,0.0,1.2,0.0,0.0,0.0,見送り(地合い🔴),SK hynix,8.7,-12.1,4.7,-4.3,4196,4635.0,-7.3,0.5,804,SK hynix+11.4%連動(β0.35) 未反応+8.7%
402A,アクセルスペースホールディングス,輸送用機器,23.0,★☆☆☆☆,16.0,0.0,1.0,0.0,6.0,0.0,0.0,0.0,見送り(地合い🔴),SK hynix,7.0,5.1,4.6,2.4,459,506.0,-7.8,1.1,677,SK hynix+11.4%連動(β0.14) 未反応+7.0%
4063,信越化学工業,化学,23.0,★☆☆☆☆,18.0,0.0,1.0,0.0,4.0,0.0,0.0,0.0,見送り(地合い🔴),SK hynix,5.5,-11.1,2.5,-3.7,5746,6051.0,-5.2,0.6,49623,SK hynix+11.4%連動(β0.21) 未反応+5.5%
6474,不二越,機械,23.0,★☆☆☆☆,18.0,0.0,0.0,0.0,5.0,0.0,0.0,0.0,見送り(地合い🔴),SK hynix,5.2,-1.6,4.2,-0.1,5156,5630.0,-4.6,0.6,704,SK hynix+11.4%連動(β0.21) 未反応+5.2%
6723,ルネサスエレクトロニクス,電気機器,23.0,★☆☆☆☆,23.0,0.0,0.0,0.0,0.0,0.0,0.0,0.0,見送り(地合い🔴),SK hynix,14.3,-14.1,5.4,-7.8,3058,3428.0,-11.5,0.4,54354,SK hynix+11.4%連動(β0.38) 未反応+14.3%
4183,三井化学,化学,22.900000000000002,★☆☆☆☆,16.3,0.0,2.0,0.0,3.5,0.0,1.1,0.0,見送り(地合い🔴),SK hynix,5.0,-3.2,3.0,-1.3,2006,2132.0,-3.0,0.5,4794,SK hynix+11.4%連動(β0.15) 未反応+5.0% / 開示[買収](8日前)
7715,長野計器,精密機器,22.9,★☆☆☆☆,19.7,0.0,2.0,0.0,1.2,0.0,0.0,0.0,見送り(地合い🔴),SK hynix,10.6,-1.4,6.2,-1.6,3361,3835.0,-12.9,0.9,577,SK hynix+11.4%連動(β0.27) 未反応+10.6%
6737,ＥＩＺＯ,電気機器,22.8,★☆☆☆☆,13.3,0.0,0.0,0.0,9.5,0.0,0.0,0.0,見送り(地合い🔴),SK hynix,3.3,6.1,2.4,3.4,2841,2985.0,-1.2,0.7,612,SK hynix+11.4%連動(β0.12) 未反応+3.3% / MA上昇配列 / パーフェクトオーダー
8550,栃木銀行,銀行業,22.7,★☆☆☆☆,17.2,0.0,2.0,0.0,3.5,0.0,0.0,0.0,見送り(地合い🔴),SK hynix,12.3,-3.1,4.1,-0.9,928,1011.0,-9.7,0.6,867,SK hynix+11.4%連動(β0.18) 未反応+12.3%
7220,武蔵精密工業,輸送用機器,22.7,★☆☆☆☆,20.0,0.0,0.0,0.0,2.7,0.0,0.0,0.0,見送り(地合い🔴),SK hynix,12.7,6.8,6.3,-0.9,2864,3275.0,-11.1,0.7,3551,SK hynix+11.4%連動(β0.28) 未反応+12.7%
6622,ダイヘン,電気機器,22.7,★☆☆☆☆,22.7,0.0,0.0,0.0,0.0,0.0,0.0,0.0,見送り(地合い🔴),SK hynix,13.3,-14.0,6.2,-7.5,11216,12800.0,-12.0,0.5,4551,SK hynix+11.4%連動(β0.37) 未反応+13.3%
8367,南都銀行,銀行業,22.6,★☆☆☆☆,16.1,0.0,2.0,0.0,4.5,0.0,0.0,0.0,見送り(地合い🔴),SK hynix,8.4,-5.6,3.2,-0.3,1726,1842.0,-6.1,0.5,1101,SK hynix+11.4%連動(β0.14) 未反応+8.4%
6707,サンケン電気,電気機器,22.6,★☆☆☆☆,20.6,0.0,2.0,0.0,0.0,0.0,0.0,0.0,見送り(地合い🔴),SK hynix,11.1,-20.3,5.6,-11.6,6677,7514.0,-10.8,1.7,1440,SK hynix+11.4%連動(β0.30) 未反応+11.1%
8078,阪和興業,卸売業,22.6,★☆☆☆☆,8.6,0.0,2.0,0.0,12.0,0.0,0.0,0.0,見送り(地合い🔴),SK hynix,1.5,6.8,2.6,5.8,1764,1862.0,2.9,0.9,817,SK hynix+11.4%連動(β0.14) 未反応+1.5% / MA上昇配列 / パーフェクトオーダー
1961,三機工業,建設業,22.6,★☆☆☆☆,16.6,0.0,1.0,0.0,5.0,0.0,0.0,0.0,見送り(地合い🔴),SK hynix,4.9,-2.8,4.4,0.6,2193,2404.0,-4.9,0.5,2009,SK hynix+11.4%連動(β0.16) 未反応+4.9%
6832,アオイ電子,電気機器,22.5,★☆☆☆☆,18.8,0.0,1.0,0.0,2.7,0.0,0.0,0.0,見送り(地合い🔴),SK hynix,6.7,-4.6,3.5,-2.7,2090,2247.0,-7.1,1.1,108,SK hynix+11.4%連動(β0.24) 未反応+6.7%
7760,ＩＭＶ,精密機器,22.5,★☆☆☆☆,20.5,0.0,2.0,0.0,0.0,0.0,0.0,0.0,見送り(地合い🔴),SK hynix,8.3,-19.1,7.5,-9.8,1686,1985.0,-9.5,0.4,356,SK hynix+11.4%連動(β0.30) 未反応+8.3%
6305,日立建機,機械,22.5,★☆☆☆☆,4.5,0.0,5.3,0.0,11.0,0.0,1.7,0.0,見送り(地合い🔴),SK hynix,-7.6,10.8,3.2,9.3,5624,6005.0,11.4,2.8,13923,SK hynix+11.4%連動(β0.16) / 出来高増2.8倍 / 資金流入増 / MA上昇配列 / パーフェクトオーダー / 開示[自己株式取得](6日前)
5367,ニッカトー,ガラス・土石製品,22.4,★☆☆☆☆,18.9,0.0,2.0,0.0,1.5,0.0,0.0,0.0,見送り(地合い🔴),SK hynix,8.5,-0.7,5.5,-1.2,1058,1189.0,-10.6,0.2,556,SK hynix+11.4%連動(β0.24) 未反応+8.5%
7287,日本精機,輸送用機器,22.4,★☆☆☆☆,14.4,0.0,0.0,0.0,8.0,0.0,0.0,0.0,見送り(地合い🔴),SK hynix,3.3,8.1,3.7,3.5,2399,2592.0,-2.0,0.6,432,SK hynix+11.4%連動(β0.16) 未反応+3.3%
6361,荏原製作所,機械,22.4,★☆☆☆☆,22.4,0.0,0.0,0.0,0.0,0.0,0.0,0.0,見送り(地合い🔴),SK hynix,11.2,-14.1,5.8,-9.4,4387,4960.0,-9.5,0.7,22092,SK hynix+11.4%連動(β0.36) 未反応+11.2%
6728,アルバック,電気機器,22.3,★☆☆☆☆,22.3,0.0,0.0,0.0,0.0,0.0,0.0,0.0,見送り(地合い🔴),SK hynix,7.2,-22.7,6.1,-13.3,6648,7572.0,-3.8,0.7,6837,SK hynix+11.4%連動(β0.36) 未反応+7.2%
3445,ＲＳ　Ｔｅｃｈｎｏｌｏｇｉｅｓ,金属製品,22.3,★☆☆☆☆,22.3,0.0,0.0,0.0,0.0,0.0,0.0,0.0,見送り(地合い🔴),SK hynix,12.9,-14.8,7.7,-14.4,4591,5430.0,-14.5,1.1,2084,SK hynix+11.4%連動(β0.36) 未反応+12.9%
7745,Ａ＆Ｄホロンホールディングス,精密機器,22.2,★☆☆☆☆,20.2,0.0,1.0,0.0,1.0,0.0,0.0,0.0,見送り(地合い🔴),SK hynix,5.2,-4.2,4.5,-3.3,2566,2819.0,-4.4,0.4,389,SK hynix+11.4%連動(β0.29) 未反応+5.2%
146A,コロンビア・ワークス,不動産業,22.2,★☆☆☆☆,14.2,0.0,0.0,0.0,8.0,0.0,0.0,0.0,見送り(地合い🔴),SK hynix,3.2,20.6,4.9,10.1,3366,3735.0,-4.4,0.4,231,SK hynix+11.4%連動(β0.16) 未反応+3.2% / MA上昇配列
6473,ジェイテクト,機械,22.2,★☆☆☆☆,17.0,0.0,2.0,0.0,3.2,0.0,0.0,0.0,見送り(地合い🔴),SK hynix,5.5,1.6,2.8,-0.9,1970,2086.0,-2.0,0.7,2564,SK hynix+11.4%連動(β0.18) 未反応+5.5%
6282,オイレス工業,機械,22.2,★☆☆☆☆,10.5,0.0,2.0,0.0,9.7,0.0,0.0,0.0,見送り(地合い🔴),SK hynix,2.6,3.5,1.9,1.5,2807,2919.0,-1.4,0.8,214,SK hynix+11.4%連動(β0.10) 未反応+2.6% / MA上昇配列 / パーフェクトオーダー / 52週高値目前
8150,三信電気,卸売業,22.1,★☆☆☆☆,11.6,0.0,3.0,0.0,7.5,0.0,0.0,0.0,見送り(地合い🔴),SK hynix,2.6,5.8,3.1,3.1,2898,3090.0,-2.2,0.7,201,SK hynix+11.4%連動(β0.13) 未反応+2.6% / MA上昇配列
4620,藤倉化成,化学,22.1,★☆☆☆☆,17.1,0.0,0.0,0.0,5.0,0.0,0.0,0.0,見送り(地合い🔴),SK hynix,5.1,0.8,4.3,2.3,857,939.0,-2.4,0.6,134,SK hynix+11.4%連動(β0.18) 未反応+5.1%
7725,インターアクション,精密機器,22.1,★☆☆☆☆,14.1,0.0,2.0,0.0,6.0,0.0,0.0,0.0,見送り(地合い🔴),SK hynix,2.1,8.9,4.8,4.3,1696,1876.0,-3.3,0.5,248,SK hynix+11.4%連動(β0.28) 未反応+2.1%
6463,ＴＰＲ,機械,22.1,★☆☆☆☆,6.6,0.0,2.0,0.0,13.5,0.0,0.0,0.0,見送り(地合い🔴),SK hynix,1.1,9.1,2.4,4.3,1487,1561.0,0.5,0.6,218,SK hynix+11.4%連動(β0.12) 未反応+1.1% / MA上昇配列 / パーフェクトオーダー / 52週高値目前
6103,オークマ,機械,22.099999999999998,★☆☆☆☆,17.9,0.0,2.0,0.0,2.2,0.0,0.0,0.0,見送り(地合い🔴),SK hynix,10.4,-0.8,4.2,-4.0,4493,4900.0,-10.4,0.7,2712,SK hynix+11.4%連動(β0.21) 未反応+10.4%
6331,三菱化工機,機械,22.0,★☆☆☆☆,18.0,0.0,0.0,0.0,4.0,0.0,0.0,0.0,見送り(地合い🔴),SK hynix,6.1,-7.0,3.2,-0.9,3002,3205.0,-3.9,0.5,640,SK hynix+11.4%連動(β0.21) 未反応+6.1%
6817,スミダコーポレーション,電気機器,21.9,★☆☆☆☆,17.9,0.0,0.0,0.0,4.0,0.0,0.0,0.0,見送り(地合い🔴),SK hynix,5.2,-9.5,2.9,-2.1,1156,1227.0,-3.3,0.5,402,SK hynix+11.4%連動(β0.21) 未反応+5.2%
4043,トクヤマ,化学,21.9,★☆☆☆☆,17.9,0.0,0.0,0.0,4.0,0.0,0.0,0.0,見送り(地合い🔴),SK hynix,6.9,-13.3,3.7,-4.1,3712,4006.0,-6.2,0.4,3696,SK hynix+11.4%連動(β0.21) 未反応+6.9%
5214,日本電気硝子,ガラス・土石製品,21.9,★☆☆☆☆,17.9,0.0,0.0,0.0,4.0,0.0,0.0,0.0,見送り(地合い🔴),SK hynix,8.7,-15.2,3.8,-7.2,4394,4754.0,-8.5,0.9,4015,SK hynix+11.4%連動(β0.21) 未反応+8.7%
4229,群栄化学工業,化学,21.8,★☆☆☆☆,18.1,0.0,1.0,0.0,2.7,0.0,0.0,0.0,見送り(地合い🔴),SK hynix,7.3,-6.9,3.4,-2.0,4111,4415.0,-5.5,0.4,121,SK hynix+11.4%連動(β0.21) 未反応+7.3%
6617,東光高岳,電気機器,21.8,★☆☆☆☆,18.6,0.0,1.0,0.0,2.2,0.0,0.0,0.0,見送り(地合い🔴),SK hynix,11.1,-11.7,6.1,-5.8,6267,7130.0,-8.8,0.4,1362,SK hynix+11.4%連動(β0.23) 未反応+11.1%
4973,日本高純度化学,化学,21.8,★☆☆☆☆,16.8,0.0,0.0,0.0,5.0,0.0,0.0,0.0,見送り(地合い🔴),SK hynix,5.8,4.0,3.0,0.5,4389,4665.0,-4.4,0.5,491,SK hynix+11.4%連動(β0.17) 未反応+5.8%
6273,ＳＭＣ,機械,21.7,★☆☆☆☆,19.5,0.0,0.0,0.0,2.2,0.0,0.0,0.0,見送り(地合い🔴),SK hynix,7.5,-0.2,4.8,-0.9,64970,71800.0,-7.5,0.9,24278,SK hynix+11.4%連動(β0.26) 未反応+7.5%
6235,オプトラン,機械,21.7,★☆☆☆☆,21.7,0.0,0.0,0.0,0.0,0.0,0.0,0.0,見送り(地合い🔴),SK hynix,14.7,-19.5,7.3,-13.4,2265,2655.0,-17.2,1.0,1524,SK hynix+11.4%連動(β0.34) 未反応+14.7%
4099,四国化成ホールディングス,化学,21.7,★☆☆☆☆,20.7,0.0,1.0,0.0,0.0,0.0,0.0,0.0,見送り(地合い🔴),SK hynix,13.0,-12.2,7.8,-9.7,2080,2462.0,-12.1,0.7,2429,SK hynix+11.4%連動(β0.31) 未反応+13.0%
7350,おきなわフィナンシャルグループ,銀行業,21.7,★☆☆☆☆,16.5,0.0,2.0,0.0,3.2,0.0,0.0,0.0,見送り(地合い🔴),SK hynix,9.9,-0.1,3.9,-0.5,6880,7460.0,-6.6,1.0,658,SK hynix+11.4%連動(β0.16) 未反応+9.9%
5703,日本軽金属ホールディングス,非鉄金属,21.6,★☆☆☆☆,11.6,0.0,2.0,0.0,8.0,0.0,0.0,0.0,見送り(地合い🔴),SK hynix,2.6,13.9,2.9,7.4,2871,3050.0,1.7,0.5,1076,SK hynix+11.4%連動(β0.13) 未反応+2.6%
6140,旭ダイヤモンド工業,機械,21.6,★☆☆☆☆,17.1,0.0,2.0,0.0,2.5,0.0,0.0,0.0,見送り(地合い🔴),SK hynix,7.7,3.2,5.2,-0.3,1052,1175.0,-10.1,0.5,868,SK hynix+11.4%連動(β0.18) 未反応+7.7%
5631,日本製鋼所,機械,21.599999999999998,★☆☆☆☆,18.4,0.0,2.0,0.0,1.2,0.0,0.0,0.0,見送り(地合い🔴),SK hynix,11.2,-4.1,3.7,-1.4,6980,7545.0,-6.3,0.6,5957,SK hynix+11.4%連動(β0.23) 未反応+11.2%
6507,シンフォニアテクノロジー,電気機器,21.5,★☆☆☆☆,21.5,0.0,0.0,0.0,0.0,0.0,0.0,0.0,見送り(地合い🔴),SK hynix,10.4,-16.6,7.2,-8.4,10383,12130.0,-11.3,0.7,2627,SK hynix+11.4%連動(β0.33) 未反応+10.4%
6278,ユニオンツール,機械,21.5,★☆☆☆☆,21.5,0.0,0.0,0.0,0.0,0.0,0.0,0.0,見送り(地合い🔴),SK hynix,15.5,-24.9,9.7,-13.4,11464,14230.0,-17.1,0.5,5928,SK hynix+11.4%連動(β0.33) 未反応+15.5%
3433,トーカロ,金属製品,21.5,★☆☆☆☆,19.5,0.0,1.0,0.0,1.0,0.0,0.0,0.0,見送り(地合い🔴),SK hynix,6.4,-7.4,3.6,-4.4,2581,2783.0,-6.4,0.6,1103,SK hynix+11.4%連動(β0.26) 未反応+6.4%
6368,オルガノ,機械,21.5,★☆☆☆☆,21.5,0.0,0.0,0.0,0.0,0.0,0.0,0.0,見送り(地合い🔴),SK hynix,9.4,-14.2,5.5,-8.1,11742,13205.0,-10.6,0.8,4961,SK hynix+11.4%連動(β0.33) 未反応+9.4%
4027,テイカ,化学,21.4,★☆☆☆☆,16.9,0.0,0.0,0.0,4.5,0.0,0.0,0.0,見送り(地合い🔴),SK hynix,5.3,-1.4,3.9,-0.3,2146,2330.0,-6.8,0.6,159,SK hynix+11.4%連動(β0.17) 未反応+5.3%
6925,ウシオ電機,電気機器,21.4,★☆☆☆☆,18.2,0.0,2.0,0.0,1.2,0.0,0.0,0.0,見送り(地合い🔴),SK hynix,9.5,-8.4,5.5,-3.6,3447,3872.0,-11.2,0.9,1951,SK hynix+11.4%連動(β0.22) 未反応+9.5%
5384,フジミインコーポレーテッド,ガラス・土石製品,21.4,★☆☆☆☆,21.4,0.0,0.0,0.0,0.0,0.0,0.0,0.0,見送り(地合い🔴),SK hynix,10.6,-11.8,6.0,-8.1,3177,3610.0,-11.8,0.7,1752,SK hynix+11.4%連動(β0.33) 未反応+10.6%
5142,アキレス,化学,21.4,★☆☆☆☆,12.4,0.0,5.3,0.0,8.7,0.0,0.0,-5.0,見送り(地合い🔴),SK hynix,2.6,53.5,5.3,26.7,1756,1964.0,2.7,0.8,208,SK hynix+11.4%連動(β0.16) 未反応+2.6% / 買い出来高優勢 / 資金流入増 / MA上昇配列 / 過熱⚠25MA+27%
8392,大分銀行,銀行業,21.3,★☆☆☆☆,16.8,0.0,0.0,0.0,4.5,0.0,0.0,0.0,見送り(地合い🔴),SK hynix,9.0,-5.0,4.1,-0.4,2470,2691.0,-5.9,0.7,724,SK hynix+11.4%連動(β0.17) 未反応+9.0%
6996,ニチコン,電気機器,21.3,★☆☆☆☆,19.8,0.0,0.0,0.0,1.5,0.0,0.0,0.0,見送り(地合い🔴),SK hynix,9.8,-13.8,6.4,-7.9,2330,2669.0,-11.0,0.5,3251,SK hynix+11.4%連動(β0.27) 未反応+9.8%
6584,三櫻工業,輸送用機器,21.3,★☆☆☆☆,18.6,0.0,0.0,0.0,2.7,0.0,0.0,0.0,見送り(地合い🔴),SK hynix,6.9,-1.2,4.6,-1.3,730,804.0,-6.0,0.8,501,SK hynix+11.4%連動(β0.23) 未反応+6.9%
5333,ＮＧＫ,ガラス・土石製品,21.3,★☆☆☆☆,18.6,0.0,0.0,0.0,2.7,0.0,0.0,0.0,見送り(地合い🔴),SK hynix,10.2,-12.6,4.4,-6.2,4926,5406.0,-11.7,0.7,9990,SK hynix+11.4%連動(β0.23) 未反応+10.2%
4092,日本化学工業,化学,21.3,★☆☆☆☆,19.3,0.0,1.0,0.0,1.0,0.0,0.0,0.0,見送り(地合い🔴),SK hynix,9.7,3.0,7.0,-1.6,4649,5410.0,-2.7,0.4,1636,SK hynix+11.4%連動(β0.26) 未反応+9.7%
6677,エスケーエレクトロニクス,電気機器,21.2,★☆☆☆☆,18.2,0.0,2.0,0.0,1.0,0.0,0.0,0.0,見送り(地合い🔴),SK hynix,7.4,-8.4,4.3,-7.0,2916,3190.0,-5.6,0.7,379,SK hynix+11.4%連動(β0.22) 未反応+7.4% / 資金流入増
6480,日本トムソン,機械,21.2,★☆☆☆☆,20.0,0.0,0.0,0.0,1.2,0.0,0.0,0.0,見送り(地合い🔴),SK hynix,10.1,-4.3,7.3,-4.8,1463,1712.0,-9.8,0.5,2396,SK hynix+11.4%連動(β0.28) 未反応+10.1%
4368,扶桑化学工業,化学,21.1,★☆☆☆☆,21.1,0.0,0.0,0.0,0.0,0.0,0.0,0.0,見送り(地合い🔴),SK hynix,13.9,-24.2,7.8,-16.0,2566,3040.0,-13.6,0.9,3725,SK hynix+11.4%連動(β0.32) 未反応+13.9%
3891,ニッポン高度紙工業,パルプ・紙,21.1,★☆☆☆☆,21.1,0.0,0.0,0.0,0.0,0.0,0.0,0.0,見送り(地合い🔴),SK hynix,14.6,-13.8,8.0,-8.2,5249,6250.0,-16.6,0.8,1565,SK hynix+11.4%連動(β0.32) 未反応+14.6%
4021,日産化学,化学,21.0,★☆☆☆☆,9.0,0.0,0.0,0.0,12.0,0.0,0.0,0.0,見送り(地合い🔴),SK hynix,1.6,4.5,3.2,4.0,7554,8069.0,-1.1,0.7,5870,SK hynix+11.4%連動(β0.15) 未反応+1.6% / MA上昇配列 / パーフェクトオーダー
7741,ＨＯＹＡ,精密機器,21.0,★☆☆☆☆,17.8,0.0,1.0,0.0,2.2,0.0,0.0,0.0,見送り(地合い🔴),SK hynix,7.6,-0.1,2.8,-1.6,23497,24895.0,-5.7,0.5,25168,SK hynix+11.4%連動(β0.20) 未反応+7.6%
6859,エスペック,電気機器,21.0,★☆☆☆☆,17.8,0.0,1.0,0.0,2.2,0.0,0.0,0.0,見送り(地合い🔴),SK hynix,8.7,-7.9,4.3,-4.3,3553,3885.0,-9.3,0.6,448,SK hynix+11.4%連動(β0.20) 未反応+8.7%
8336,武蔵野銀行,銀行業,21.0,★☆☆☆☆,16.5,0.0,0.0,0.0,4.5,0.0,0.0,0.0,見送り(地合い🔴),SK hynix,7.4,-4.4,2.8,-0.6,2507,2658.0,-4.7,0.8,843,SK hynix+11.4%連動(β0.16) 未反応+7.4%
5991,日本発條,金属製品,21.0,★☆☆☆☆,18.8,0.0,1.0,0.0,1.2,0.0,0.0,0.0,見送り(地合い🔴),SK hynix,8.8,-7.0,3.8,-3.4,3192,3454.0,-8.0,0.6,2653,SK hynix+11.4%連動(β0.24) 未反応+8.8%
8411,みずほフィナンシャルグループ,銀行業,20.9,★☆☆☆☆,17.7,0.0,0.0,0.0,3.2,0.0,0.0,0.0,見送り(地合い🔴),SK hynix,7.2,-7.7,2.9,-2.7,7637,8108.0,-4.9,0.6,78650,SK hynix+11.4%連動(β0.20) 未反応+7.2%
7186,横浜フィナンシャルグループ,銀行業,20.9,★☆☆☆☆,16.4,0.0,0.0,0.0,4.5,0.0,0.0,0.0,見送り(地合い🔴),SK hynix,5.0,-5.5,2.7,-0.4,1770,1872.0,-2.0,0.7,7231,SK hynix+11.4%連動(β0.16) 未反応+5.0%
4611,大日本塗料,化学,20.9,★☆☆☆☆,5.7,0.0,3.0,0.0,12.2,0.0,0.0,0.0,見送り(地合い🔴),SK hynix,0.8,11.2,2.7,6.6,1446,1529.0,0.8,0.8,136,SK hynix+11.4%連動(β0.11) 未反応+0.8% / MA上昇配列 / パーフェクトオーダー / 52週高値目前
4047,関東電化工業,化学,20.8,★☆☆☆☆,20.8,0.0,0.0,0.0,0.0,0.0,0.0,0.0,見送り(地合い🔴),SK hynix,12.8,-18.2,6.8,-13.0,2007,2323.0,-14.4,0.5,2207,SK hynix+11.4%連動(β0.31) 未反応+12.8%
8707,岩井コスモホールディングス,証券、商品先物取引業,20.8,★☆☆☆☆,4.3,0.0,3.0,0.0,13.5,0.0,0.0,0.0,見送り(地合い🔴),SK hynix,-3.1,5.1,2.2,5.7,4352,4555.0,5.0,1.0,527,SK hynix+11.4%連動(β0.15) / MA上昇配列 / パーフェクトオーダー / 52週高値目前
4064,日本カーバイド工業,化学,20.8,★☆☆☆☆,12.8,0.0,1.0,0.0,7.0,0.0,0.0,0.0,見送り(地合い🔴),SK hynix,2.7,2.7,4.0,2.2,3131,3405.0,-1.0,0.7,295,SK hynix+11.4%連動(β0.17) 未反応+2.7%
6856,堀場製作所,電気機器,20.7,★☆☆☆☆,20.7,0.0,0.0,0.0,0.0,0.0,0.0,0.0,見送り(地合い🔴),SK hynix,9.9,-14.1,4.5,-8.7,21067,23175.0,-9.3,0.5,6701,SK hynix+11.4%連動(β0.31) 未反応+9.9%
6770,アルプスアルパイン,電気機器,20.7,★☆☆☆☆,8.7,0.0,0.0,0.0,12.0,0.0,0.0,0.0,見送り(地合い🔴),SK hynix,1.2,0.5,3.1,2.0,2070,2206.5,0.1,0.6,3732,SK hynix+11.4%連動(β0.17) 未反応+1.2% / MA上昇配列 / パーフェクトオーダー
8359,八十二長野銀行,銀行業,20.7,★☆☆☆☆,16.2,0.0,0.0,0.0,4.5,0.0,0.0,0.0,見送り(地合い🔴),SK hynix,7.3,-5.1,3.1,-0.6,2416,2576.5,-5.3,0.5,4188,SK hynix+11.4%連動(β0.15) 未反応+7.3%
5208,有沢製作所,化学,20.6,★☆☆☆☆,17.1,0.0,0.0,0.0,3.5,0.0,0.0,0.0,見送り(地合い🔴),SK hynix,9.7,-0.1,5.2,-1.8,2280,2544.0,-10.5,0.4,696,SK hynix+11.4%連動(β0.18) 未反応+9.7%
7970,信越ポリマー,化学,20.6,★☆☆☆☆,17.1,0.0,0.0,0.0,3.5,0.0,0.0,0.0,見送り(地合い🔴),SK hynix,5.8,-2.2,2.5,-1.6,2128,2240.0,-4.7,0.4,486,SK hynix+11.4%連動(β0.18) 未反応+5.8%
4462,石原ケミカル,化学,20.6,★☆☆☆☆,18.1,0.0,0.0,0.0,2.5,0.0,0.0,0.0,見送り(地合い🔴),SK hynix,7.5,1.5,4.7,-1.0,2715,3000.0,-9.0,0.4,148,SK hynix+11.4%連動(β0.21) 未反応+7.5%
1945,東京エネシス,建設業,20.6,★☆☆☆☆,15.6,0.0,0.0,0.0,5.0,0.0,0.0,0.0,見送り(地合い🔴),SK hynix,3.5,-0.0,3.0,1.4,1928,2049.0,-1.8,0.5,418,SK hynix+11.4%連動(β0.18) 未反応+3.5%
6141,ＤＭＧ森精機,機械,20.6,★☆☆☆☆,19.6,0.0,1.0,0.0,0.0,0.0,0.0,0.0,見送り(地合い🔴),SK hynix,5.2,-16.9,5.2,-12.0,2736,3056.0,-7.2,0.6,7391,SK hynix+11.4%連動(β0.27) 未反応+5.2%
6516,山洋電気,電気機器,20.599999999999998,★☆☆☆☆,18.4,0.0,1.0,0.0,1.2,0.0,0.0,0.0,見送り(地合い🔴),SK hynix,8.4,-5.4,4.2,-3.1,5029,5490.0,-8.8,0.3,1069,SK hynix+11.4%連動(β0.23) 未反応+8.4%
6988,日東電工,化学,20.5,★☆☆☆☆,14.5,0.0,1.0,0.0,2.2,0.0,2.8,0.0,見送り(地合い🔴),SK hynix,3.4,1.1,2.5,-0.5,3234,3407.0,-2.0,0.3,11628,SK hynix+11.4%連動(β0.15) 未反応+3.4% / 開示[自己株式の取得](1日前)
6951,日本電子,電気機器,20.5,★☆☆☆☆,20.5,0.0,0.0,0.0,0.0,0.0,0.0,0.0,見送り(地合い🔴),SK hynix,6.4,-14.4,5.8,-11.3,6311,7134.0,-3.9,0.4,3135,SK hynix+11.4%連動(β0.30) 未反応+6.4%
8061,西華産業,卸売業,20.5,★☆☆☆☆,11.5,0.0,2.0,0.0,7.0,0.0,0.0,0.0,見送り(地合い🔴),SK hynix,2.2,12.8,4.9,7.8,2760,3060.0,0.7,0.6,626,SK hynix+11.4%連動(β0.17) 未反応+2.2%
6125,岡本工作機械製作所,機械,20.4,★☆☆☆☆,20.4,0.0,0.0,0.0,0.0,0.0,0.0,0.0,見送り(地合い🔴),SK hynix,8.3,-8.0,6.2,-6.4,4141,4725.0,-7.7,0.5,360,SK hynix+11.4%連動(β0.29) 未反応+8.3%
6999,ＫＯＡ,電気機器,20.4,★☆☆☆☆,20.4,0.0,0.0,0.0,0.0,0.0,0.0,0.0,見送り(地合い🔴),SK hynix,15.4,-24.1,6.6,-10.1,1867,2150.0,-16.5,0.3,2712,SK hynix+11.4%連動(β0.30) 未反応+15.4%
5195,バンドー化学,ゴム製品,20.4,★☆☆☆☆,8.9,0.0,2.0,0.0,9.5,0.0,0.0,0.0,見送り(地合い🔴),SK hynix,1.8,5.1,2.4,2.3,2342,2459.0,-0.2,0.8,159,SK hynix+11.4%連動(β0.12) 未反応+1.8% / MA上昇配列 / パーフェクトオーダー
4251,恵和,化学,20.3,★☆☆☆☆,18.1,0.0,1.0,0.0,0.0,0.0,1.2,0.0,見送り(地合い🔴),SK hynix,3.6,-3.7,2.5,-3.9,1121,1181.0,-1.6,0.8,143,SK hynix+11.4%連動(β0.25) 未反応+3.6% / 開示[業績予想の修正](11日前) / 開示[自己株式取得](11日前)
4182,三菱瓦斯化学,化学,20.3,★☆☆☆☆,19.3,0.0,1.0,0.0,0.0,0.0,0.0,0.0,見送り(地合い🔴),SK hynix,6.4,-13.5,5.9,-7.6,3403,3855.0,-8.8,1.0,7866,SK hynix+11.4%連動(β0.25) 未反応+6.4%
3449,テクノフレックス,金属製品,20.3,★☆☆☆☆,18.8,0.0,0.0,0.0,1.5,0.0,0.0,0.0,見送り(地合い🔴),SK hynix,5.9,-22.8,9.3,-12.5,3150,3870.0,-7.9,0.6,865,SK hynix+11.4%連動(β0.24) 未反応+5.9%
7995,バルカー,化学,20.3,★☆☆☆☆,18.1,0.0,1.0,0.0,1.2,0.0,0.0,0.0,見送り(地合い🔴),SK hynix,4.5,-2.6,4.9,-1.5,5921,6560.0,-5.9,0.3,721,SK hynix+11.4%連動(β0.22) 未反応+4.5%
6247,日阪製作所,機械,20.3,★☆☆☆☆,7.3,0.0,1.0,0.0,12.0,0.0,0.0,0.0,見送り(地合い🔴),SK hynix,1.2,3.9,3.8,4.3,1627,1763.0,-1.3,1.1,103,SK hynix+11.4%連動(β0.13) 未反応+1.2% / MA上昇配列 / パーフェクトオーダー
6866,日置電機,電気機器,20.3,★☆☆☆☆,18.1,0.0,1.0,0.0,1.2,0.0,0.0,0.0,見送り(地合い🔴),SK hynix,10.3,-7.9,5.8,-6.0,9559,10820.0,-12.5,0.4,653,SK hynix+11.4%連動(β0.21) 未反応+10.3%
4008,住友精化,化学,20.299999999999997,★☆☆☆☆,3.8,0.0,4.3,0.0,12.2,0.0,0.0,0.0,見送り(地合い🔴),SK hynix,-0.1,19.8,4.2,11.7,1418,1547.0,0.2,0.7,430,SK hynix+11.4%連動(β0.13) / 買い出来高優勢 / MA上昇配列 / パーフェクトオーダー / 52週高値目前
6479,ミネベアミツミ,電気機器,20.2,★☆☆☆☆,20.2,0.0,0.0,0.0,0.0,0.0,0.0,0.0,見送り(地合い🔴),SK hynix,10.8,-15.2,4.5,-10.0,3045,3344.0,-10.4,0.9,11682,SK hynix+11.4%連動(β0.29) 未反応+10.8%
7721,東京計器,精密機器,20.2,★☆☆☆☆,19.0,0.0,0.0,0.0,1.2,0.0,0.0,0.0,見送り(地合い🔴),SK hynix,14.0,-3.0,5.9,-2.2,6064,6870.0,-11.7,0.4,2250,SK hynix+11.4%連動(β0.24) 未反応+14.0%
8393,宮崎銀行,銀行業,20.2,★☆☆☆☆,17.0,0.0,0.0,0.0,3.2,0.0,0.0,0.0,見送り(地合い🔴),SK hynix,7.7,-5.5,3.8,-1.2,2196,2376.0,-5.3,0.6,687,SK hynix+11.4%連動(β0.17) 未反応+7.7%
6905,コーセル,電気機器,20.2,★☆☆☆☆,16.5,0.0,1.0,0.0,2.7,0.0,0.0,0.0,見送り(地合い🔴),SK hynix,6.9,1.8,3.0,-0.1,1227,1305.0,-6.5,0.4,239,SK hynix+11.4%連動(β0.16) 未反応+6.9%
6101,ツガミ,機械,20.2,★☆☆☆☆,20.2,0.0,0.0,0.0,0.0,0.0,0.0,0.0,見送り(地合い🔴),SK hynix,10.5,-22.2,6.0,-12.1,4726,5370.0,-13.9,0.5,3259,SK hynix+11.4%連動(β0.29) 未反応+10.5%
6965,浜松ホトニクス,電気機器,20.2,★☆☆☆☆,19.0,0.0,0.0,0.0,1.2,0.0,0.0,0.0,見送り(地合い🔴),SK hynix,10.9,-2.4,5.0,-2.0,2102,2336.0,-10.5,0.7,7806,SK hynix+11.4%連動(β0.25) 未反応+10.9%
6370,栗田工業,機械,20.1,★☆☆☆☆,19.1,0.0,0.0,0.0,1.0,0.0,0.0,0.0,見送り(地合い🔴),SK hynix,5.4,-11.1,3.7,-5.7,7478,8076.0,-5.0,0.6,5413,SK hynix+11.4%連動(β0.25) 未反応+5.4%
5301,東海カーボン,ガラス・土石製品,20.1,★☆☆☆☆,16.6,0.0,0.0,0.0,3.5,0.0,0.0,0.0,見送り(地合い🔴),SK hynix,12.4,-0.3,5.1,-1.4,1484,1651.0,-7.9,0.4,3412,SK hynix+11.4%連動(β0.16) 未反応+12.4%
6383,ダイフク,機械,20.099999999999998,★☆☆☆☆,18.9,0.0,0.0,0.0,1.2,0.0,0.0,0.0,見送り(地合い🔴),SK hynix,7.5,-6.8,3.2,-3.8,5497,5869.0,-7.5,0.5,13136,SK hynix+11.4%連動(β0.24) 未反応+7.5%
4061,デンカ,化学,20.099999999999998,★☆☆☆☆,17.4,0.0,0.0,0.0,2.7,0.0,0.0,0.0,見送り(地合い🔴),SK hynix,4.6,-9.1,5.2,-3.5,3057,3410.0,-5.4,0.7,3448,SK hynix+11.4%連動(β0.19) 未反応+4.6%
6143,ソディック,機械,20.099999999999998,★☆☆☆☆,18.9,0.0,0.0,0.0,1.2,0.0,0.0,0.0,見送り(地合い🔴),SK hynix,10.3,-5.1,6.3,-4.7,1442,1652.0,-9.5,0.5,962,SK hynix+11.4%連動(β0.24) 未反応+10.3%
166A,タスキホールディングス,不動産業,20.0,★☆☆☆☆,3.2,0.0,3.3,0.0,13.5,0.0,0.0,0.0,見送り(地合い🔴),SK hynix,-3.3,11.5,3.7,7.8,1116,1205.0,1.1,0.9,841,SK hynix+11.4%連動(β0.11) / 買い出来高優勢 / MA上昇配列 / パーフェクトオーダー / 52週高値目前
7180,九州フィナンシャルグループ,銀行業,19.9,★☆☆☆☆,16.7,0.0,0.0,0.0,3.2,0.0,0.0,0.0,見送り(地合い🔴),SK hynix,5.6,-7.5,3.2,-1.3,1410,1506.5,-2.2,0.5,1984,SK hynix+11.4%連動(β0.17) 未反応+5.6%
6471,日本精工,機械,19.9,★☆☆☆☆,16.7,0.0,2.0,0.0,1.2,0.0,0.0,0.0,見送り(地合い🔴),SK hynix,6.6,-0.8,2.7,-2.4,1054,1114.5,-5.8,0.5,2994,SK hynix+11.4%連動(β0.16) 未反応+6.6%
8316,三井住友フィナンシャルグループ,銀行業,19.9,★☆☆☆☆,16.7,0.0,0.0,0.0,3.2,0.0,0.0,0.0,見送り(地合い🔴),SK hynix,6.3,-9.4,2.4,-3.3,6275,6593.0,-4.7,0.6,82182,SK hynix+11.4%連動(β0.16) 未反応+6.3%
8604,野村ホールディングス,証券、商品先物取引業,19.8,★☆☆☆☆,15.3,0.0,0.0,0.0,4.5,0.0,0.0,0.0,見送り(地合い🔴),SK hynix,3.2,-5.2,2.1,-1.0,1476,1539.0,-1.3,0.6,15467,SK hynix+11.4%連動(β0.20) 未反応+3.2%
6768,タムラ製作所,電気機器,19.8,★☆☆☆☆,19.8,0.0,0.0,0.0,0.0,0.0,0.0,0.0,見送り(地合い🔴),SK hynix,12.0,-18.0,5.2,-9.7,665,743.0,-9.4,0.6,725,SK hynix+11.4%連動(β0.27) 未反応+12.0%
6653,正興電機製作所,電気機器,19.8,★☆☆☆☆,18.6,0.0,0.0,0.0,1.2,0.0,0.0,0.0,見送り(地合い🔴),SK hynix,7.1,-4.8,4.1,-2.3,1967,2142.0,-8.0,0.2,362,SK hynix+11.4%連動(β0.23) 未反応+7.1%
6844,新電元工業,電気機器,19.7,★☆☆☆☆,19.7,0.0,0.0,0.0,0.0,0.0,0.0,0.0,見送り(地合い🔴),SK hynix,8.6,-13.5,5.1,-9.2,2751,3060.0,-8.2,0.6,451,SK hynix+11.4%連動(β0.27) 未反応+8.6%
6841,横河電機,電気機器,19.7,★☆☆☆☆,17.7,0.0,1.0,0.0,1.0,0.0,0.0,0.0,見送り(地合い🔴),SK hynix,6.9,-13.3,4.5,-7.7,4644,5101.0,-8.9,0.6,7396,SK hynix+11.4%連動(β0.20) 未反応+6.9%
8053,住友商事,卸売業,19.6,★☆☆☆☆,8.1,0.0,2.0,0.0,9.5,0.0,0.0,0.0,見送り(地合い🔴),SK hynix,1.1,9.0,2.9,5.2,1668,1771.0,1.2,0.9,19614,SK hynix+11.4%連動(β0.17) 未反応+1.1% / MA上昇配列 / パーフェクトオーダー
6237,イワキポンプ,機械,19.5,★☆☆☆☆,17.5,0.0,2.0,0.0,0.0,0.0,0.0,0.0,見送り(地合い🔴),SK hynix,9.9,-17.6,8.2,-14.3,3497,4185.0,-11.1,0.7,1112,SK hynix+11.4%連動(β0.19) 未反応+9.9% / 資金流入増
7085,カーブスホールディングス,サービス業,19.5,★☆☆☆☆,0.0,0.0,3.0,0.0,13.5,0.0,3.0,0.0,見送り(地合い🔴),,0.0,2.5,1.5,2.6,947,976.0,2.3,1.4,595,MA上昇配列 / パーフェクトオーダー / 52週高値目前 / 開示[自己株式の取得](0日前)
7513,コジマ,小売業,19.5,★☆☆☆☆,0.0,0.0,3.0,0.0,13.5,0.0,3.0,0.0,見送り(地合い🔴),,0.0,8.8,2.5,8.5,1426,1500.0,11.5,0.8,495,MA上昇配列 / パーフェクトオーダー / 52週高値目前 / 開示[自己株式の取得](0日前)
7282,豊田合成,輸送用機器,19.4,★☆☆☆☆,5.4,0.0,2.0,0.0,12.0,0.0,0.0,0.0,見送り(地合い🔴),SK hynix,0.4,5.7,2.8,3.6,5073,5370.0,1.9,0.6,3033,SK hynix+11.4%連動(β0.15) / MA上昇配列 / パーフェクトオーダー
6268,ナブテスコ,機械,19.4,★☆☆☆☆,19.4,0.0,0.0,0.0,0.0,0.0,0.0,0.0,見送り(地合い🔴),SK hynix,7.4,-9.3,4.0,-5.2,4153,4519.0,-8.5,0.5,5534,SK hynix+11.4%連動(β0.26) 未反応+7.4%
6381,アネスト岩田,機械,19.3,★☆☆☆☆,0.0,0.0,4.3,0.0,15.0,0.0,0.0,0.0,見送り(地合い🔴),,0.0,10.1,1.9,6.1,1897,1973.0,2.0,0.5,203,買い出来高優勢 / MA上昇配列 / パーフェクトオーダー / 52週高値ブレイク!
9962,ミスミグループ本社,卸売業,19.3,★☆☆☆☆,18.3,0.0,1.0,0.0,0.0,0.0,0.0,0.0,見送り(地合い🔴),SK hynix,9.4,-0.2,3.8,-2.7,3351,3626.0,-8.2,0.6,6930,SK hynix+11.4%連動(β0.22) 未反応+9.4%
4078,堺化学工業,化学,19.2,★☆☆☆☆,18.0,0.0,0.0,0.0,1.2,0.0,0.0,0.0,見送り(地合い🔴),SK hynix,5.0,-6.5,4.8,-2.7,3511,3885.0,-3.6,0.4,1298,SK hynix+11.4%連動(β0.21) 未反応+5.0%
1975,朝日工業社,建設業,19.1,★☆☆☆☆,12.1,0.0,1.0,0.0,6.0,0.0,0.0,0.0,見送り(地合い🔴),SK hynix,2.5,-6.8,4.2,0.8,3576,3905.0,-0.9,0.5,427,SK hynix+11.4%連動(β0.16) 未反応+2.5%
5471,大同特殊鋼,鉄鋼,19.099999999999998,★☆☆☆☆,17.9,0.0,0.0,0.0,1.2,0.0,0.0,0.0,見送り(地合い🔴),SK hynix,8.7,-6.6,4.1,-1.8,2095,2281.5,-9.8,0.8,2865,SK hynix+11.4%連動(β0.21) 未反応+8.7%
7177,ＧＭＯフィナンシャルホールディングス,証券、商品先物取引業,19.0,★☆☆☆☆,3.5,0.0,2.0,0.0,13.5,0.0,0.0,0.0,見送り(地合い🔴),SK hynix,-3.9,8.6,2.2,6.0,1097,1148.0,5.7,1.4,240,SK hynix+11.4%連動(β0.12) / MA上昇配列 / パーフェクトオーダー / 52週高値目前
4188,三菱ケミカルグループ,化学,19.0,★☆☆☆☆,16.8,0.0,0.0,0.0,2.2,0.0,0.0,0.0,見送り(地合い🔴),SK hynix,5.9,-5.8,2.9,-3.7,1070,1136.5,-4.8,0.7,7189,SK hynix+11.4%連動(β0.17) 未反応+5.9%
6284,日精エー・エス・ビー機械,機械,19.0,★☆☆☆☆,16.8,0.0,0.0,0.0,2.2,0.0,0.0,0.0,見送り(地合い🔴),SK hynix,5.1,-5.1,3.5,-4.2,8167,8790.0,-6.1,0.5,349,SK hynix+11.4%連動(β0.17) 未反応+5.1%
8544,京葉銀行,銀行業,18.9,★☆☆☆☆,16.7,0.0,0.0,0.0,2.2,0.0,0.0,0.0,見送り(地合い🔴),SK hynix,8.5,-8.2,4.0,-2.1,2437,2650.0,-5.4,0.4,1465,SK hynix+11.4%連動(β0.16) 未反応+8.5%
6971,京セラ,電気機器,18.9,★☆☆☆☆,16.7,0.0,0.0,0.0,2.2,0.0,0.0,0.0,見送り(地合い🔴),SK hynix,7.8,-4.5,3.5,-3.8,3327,3575.0,-7.7,0.5,20635,SK hynix+11.4%連動(β0.16) 未反応+7.8%
8624,いちよし証券,証券、商品先物取引業,18.9,★☆☆☆☆,4.4,0.0,1.0,0.0,13.5,0.0,0.0,0.0,見送り(地合い🔴),SK hynix,-2.7,8.6,3.0,7.7,1602,1705.0,4.0,0.8,241,SK hynix+11.4%連動(β0.16) / MA上昇配列 / パーフェクトオーダー / 52週高値目前
7182,ゆうちょ銀行,銀行業,18.9,★☆☆☆☆,15.7,0.0,0.0,0.0,3.2,0.0,0.0,0.0,見送り(地合い🔴),SK hynix,6.9,-9.9,2.7,-2.3,2978,3151.0,-3.8,0.4,21737,SK hynix+11.4%連動(β0.13) 未反応+6.9%
6754,アンリツ,電気機器,18.8,★☆☆☆☆,17.8,0.0,1.0,0.0,0.0,0.0,0.0,0.0,見送り(地合い🔴),SK hynix,8.0,-17.6,5.2,-8.5,2966,3312.0,-10.4,0.5,5934,SK hynix+11.4%連動(β0.20) 未反応+8.0%
7846,パイロットコーポレーション,その他製品,18.8,★☆☆☆☆,0.0,0.0,5.3,0.0,13.5,0.0,0.0,0.0,見送り(地合い🔴),,0.0,11.1,2.6,6.7,1897,2000.0,3.1,2.5,492,出来高増2.5倍 / MA上昇配列 / パーフェクトオーダー / 52週高値目前
5186,ニッタ,ゴム製品,18.8,★☆☆☆☆,14.3,0.0,0.0,0.0,4.5,0.0,0.0,0.0,見送り(地合い🔴),SK hynix,3.7,0.4,3.5,-0.0,6153,6620.0,-4.2,0.5,399,SK hynix+11.4%連動(β0.11) 未反応+3.7%
6703,沖電気工業,電気機器,18.8,★☆☆☆☆,18.8,0.0,0.0,0.0,0.0,0.0,0.0,0.0,見送り(地合い🔴),SK hynix,8.0,-21.2,4.3,-8.9,2459,2689.0,-9.7,0.4,2558,SK hynix+11.4%連動(β0.24) 未反応+8.0%
6376,日機装,精密機器,18.8,★☆☆☆☆,17.6,0.0,0.0,0.0,0.0,0.0,1.2,0.0,見送り(地合い🔴),SK hynix,8.4,-15.5,7.4,-10.1,2929,3435.0,-7.7,0.6,2316,SK hynix+11.4%連動(β0.20) 未反応+8.4% / 開示[業績予想の修正](11日前) / 開示[増配](11日前)
1515,日鉄鉱業,鉱業,18.7,★☆☆☆☆,7.4,0.0,5.3,0.0,11.0,0.0,0.0,-5.0,見送り(地合い🔴),SK hynix,-5.9,36.0,6.2,20.9,3344,3820.0,11.5,1.3,2259,SK hynix+11.4%連動(β0.26) / 買い出来高優勢 / MA上昇配列 / パーフェクトオーダー / 過熱⚠25MA+21%
7224,新明和工業,輸送用機器,18.7,★☆☆☆☆,13.0,0.0,2.0,0.0,3.7,0.0,0.0,0.0,見送り(地合い🔴),SK hynix,2.9,-2.5,1.7,0.1,1924,1993.0,-1.5,0.8,354,SK hynix+11.4%連動(β0.15) 未反応+2.9%
268A,リガク・ホールディングス,精密機器,18.7,★☆☆☆☆,18.7,0.0,0.0,0.0,0.0,0.0,0.0,0.0,見送り(地合い🔴),SK hynix,15.3,-23.1,8.1,-18.6,1400,1671.0,-20.8,1.1,5705,SK hynix+11.4%連動(β0.24) 未反応+15.3%
7734,理研計器,精密機器,18.6,★☆☆☆☆,17.6,0.0,1.0,0.0,0.0,0.0,0.0,0.0,見送り(地合い🔴),SK hynix,4.2,-0.8,4.7,-2.0,3029,3345.0,-3.9,0.5,426,SK hynix+11.4%連動(β0.20) 未反応+4.2%
7915,ＮＩＳＳＨＡ,その他製品,18.6,★☆☆☆☆,16.1,0.0,1.0,0.0,1.5,0.0,0.0,0.0,見送り(地合い🔴),SK hynix,3.7,-4.7,3.0,-1.4,1219,1297.0,-2.8,0.6,377,SK hynix+11.4%連動(β0.18) 未反応+3.7%
7731,ニコン,精密機器,18.6,★☆☆☆☆,11.6,0.0,2.0,0.0,5.0,0.0,0.0,0.0,見送り(地合い🔴),SK hynix,2.2,-13.3,3.6,-2.3,1838,1980.5,-1.5,0.7,3733,SK hynix+11.4%連動(β0.18) 未反応+2.2%
4028,石原産業,化学,18.6,★☆☆☆☆,5.6,0.0,2.0,0.0,11.0,0.0,0.0,0.0,見送り(地合い🔴),SK hynix,-0.9,3.7,3.4,4.3,2934,3150.0,1.1,0.4,898,SK hynix+11.4%連動(β0.20) / MA上昇配列 / パーフェクトオーダー
6332,月島ホールディングス,機械,18.6,★☆☆☆☆,11.1,0.0,1.0,0.0,6.5,0.0,0.0,0.0,見送り(地合い🔴),SK hynix,2.3,2.9,2.9,2.6,2620,2783.0,0.0,0.8,295,SK hynix+11.4%連動(β0.14) 未反応+2.3% / MA上昇配列
3105,日清紡ホールディングス,電気機器,18.599999999999998,★☆☆☆☆,16.4,0.0,1.0,0.0,1.2,0.0,0.0,0.0,見送り(地合い🔴),SK hynix,11.3,-8.3,6.2,-7.4,1837,2098.0,-14.5,0.6,2140,SK hynix+11.4%連動(β0.16) 未反応+11.3%
6644,大崎電気工業,電気機器,18.5,★☆☆☆☆,15.3,0.0,1.0,0.0,2.2,0.0,0.0,0.0,見送り(地合い🔴),SK hynix,3.5,0.2,3.5,1.0,1425,1532.0,-2.7,0.6,457,SK hynix+11.4%連動(β0.16) 未反応+3.5%
2705,大戸屋ホールディングス,小売業,18.5,★☆☆☆☆,0.0,0.0,6.3,0.0,12.2,0.0,0.0,0.0,見送り(地合い🔴),,0.0,14.3,3.0,10.2,8814,9370.0,7.8,1.6,157,買い出来高優勢 / MA上昇配列 / パーフェクトオーダー / 52週高値目前
3104,富士紡ホールディングス,繊維製品,18.4,★☆☆☆☆,17.2,0.0,0.0,0.0,1.2,0.0,0.0,0.0,見送り(地合い🔴),SK hynix,9.6,-16.2,4.7,-7.7,3073,3390.0,-10.4,1.1,615,SK hynix+11.4%連動(β0.18) 未反応+9.6%
1871,ピーエス・コンストラクション,建設業,18.4,★☆☆☆☆,8.4,0.0,2.0,0.0,8.0,0.0,0.0,0.0,見送り(地合い🔴),SK hynix,1.5,1.6,2.6,2.0,2200,2322.0,0.0,0.8,204,SK hynix+11.4%連動(β0.14) 未反応+1.5% / MA上昇配列
6136,オーエスジー,機械,18.4,★☆☆☆☆,16.2,0.0,0.0,0.0,2.2,0.0,0.0,0.0,見送り(地合い🔴),SK hynix,4.8,-5.4,3.8,-2.1,3428,3707.0,-6.3,0.7,1550,SK hynix+11.4%連動(β0.15) 未反応+4.8%
6785,鈴木,電気機器,18.4,★☆☆☆☆,17.4,0.0,0.0,0.0,1.0,0.0,0.0,0.0,見送り(地合い🔴),SK hynix,8.2,-4.9,3.9,-4.6,2649,2876.0,-6.3,0.5,279,SK hynix+11.4%連動(β0.19) 未反応+8.2%
8306,三菱ＵＦＪフィナンシャル・グループ,銀行業,18.4,★☆☆☆☆,16.4,0.0,0.0,0.0,2.0,0.0,0.0,0.0,見送り(地合い🔴),SK hynix,6.5,-8.7,2.6,-3.2,3298,3481.0,-4.6,0.5,146118,SK hynix+11.4%連動(β0.15) 未反応+6.5%
6113,アマダ,機械,18.3,★☆☆☆☆,18.3,0.0,0.0,0.0,0.0,0.0,0.0,0.0,見送り(地合い🔴),SK hynix,7.9,-11.6,4.7,-6.7,2336,2576.0,-9.1,0.9,6647,SK hynix+11.4%連動(β0.22) 未反応+7.9%
5707,東邦亜鉛,非鉄金属,18.3,★☆☆☆☆,7.9,0.0,8.7,0.0,6.7,0.0,0.0,-5.0,見送り(地合い🔴),SK hynix,-3.0,45.7,6.8,25.5,1030,1192.0,9.5,2.2,824,SK hynix+11.4%連動(β0.28) / 出来高増2.2倍 / 買い出来高優勢 / 資金流入増 / MA上昇配列 / 過熱⚠25MA+25%
6594,ニデック,電気機器,18.2,★☆☆☆☆,17.2,0.0,1.0,0.0,0.0,0.0,0.0,0.0,見送り(地合い🔴),SK hynix,10.3,-0.2,3.6,-2.4,2392,2580.0,-8.3,0.5,10690,SK hynix+11.4%連動(β0.18) 未反応+10.3%
5334,日本特殊陶業,ガラス・土石製品,18.2,★☆☆☆☆,17.2,0.0,1.0,0.0,0.0,0.0,0.0,0.0,見送り(地合い🔴),SK hynix,10.6,-9.0,3.0,-7.8,8202,8719.0,-9.2,0.7,9958,SK hynix+11.4%連動(β0.18) 未反応+10.6%
6724,セイコーエプソン,電気機器,18.1,★☆☆☆☆,6.6,0.0,2.0,0.0,9.5,0.0,0.0,0.0,見送り(地合い🔴),SK hynix,0.9,4.2,2.9,1.7,2904,3085.0,-1.6,0.5,5993,SK hynix+11.4%連動(β0.14) 未反応+0.9% / MA上昇配列 / パーフェクトオーダー
6498,キッツ,機械,18.1,★☆☆☆☆,18.1,0.0,0.0,0.0,0.0,0.0,0.0,0.0,見送り(地合い🔴),SK hynix,6.6,-16.3,4.9,-9.7,1748,1938.0,-7.4,0.6,786,SK hynix+11.4%連動(β0.21) 未反応+6.6%
8167,リテールパートナーズ,小売業,18.1,★☆☆☆☆,0.0,0.0,6.0,0.0,10.0,0.0,2.1,0.0,見送り(地合い🔴),,0.0,6.1,2.7,3.0,1356,1433.0,-0.4,1.6,300,資金流入増 / MA上昇配列 / パーフェクトオーダー / 開示[自己株式の取得](4日前)
5201,ＡＧＣ,ガラス・土石製品,18.1,★☆☆☆☆,16.6,0.0,0.0,0.0,1.5,0.0,0.0,0.0,見送り(地合い🔴),SK hynix,4.8,-8.4,3.1,-3.6,5395,5757.0,-4.0,0.5,10190,SK hynix+11.4%連動(β0.16) 未反応+4.8%
6806,ヒロセ電機,電気機器,18.0,★☆☆☆☆,17.0,0.0,1.0,0.0,0.0,0.0,0.0,0.0,見送り(地合い🔴),SK hynix,4.9,-12.3,3.4,-6.3,23559,25255.0,-6.7,0.7,6324,SK hynix+11.4%連動(β0.18) 未反応+4.9%
8133,伊藤忠エネクス,卸売業,18.0,★☆☆☆☆,0.0,0.0,3.0,0.0,15.0,0.0,0.0,0.0,見送り(地合い🔴),,0.0,7.4,1.8,6.3,2171,2253.0,5.3,1.3,265,MA上昇配列 / パーフェクトオーダー / 52週高値ブレイク!
6472,ＮＴＮ,機械,18.0,★☆☆☆☆,17.0,0.0,1.0,0.0,0.0,0.0,0.0,0.0,見送り(地合い🔴),SK hynix,6.3,-1.0,3.4,-1.9,349,374.6000061035156,-3.0,0.5,1495,SK hynix+11.4%連動(β0.17) 未反応+6.3%
2613,Ｊ－オイルミルズ,食料品,18.0,★☆☆☆☆,0.0,0.0,4.3,0.0,13.7,0.0,0.0,0.0,見送り(地合い🔴),,0.0,7.1,1.6,6.2,2170,2243.0,3.2,1.5,152,買い出来高優勢 / MA上昇配列 / パーフェクトオーダー / 52週高値ブレイク!
8609,岡三証券グループ,証券、商品先物取引業,18.0,★☆☆☆☆,0.0,0.0,3.0,0.0,15.0,0.0,0.0,0.0,見送り(地合い🔴),,0.0,9.3,2.5,6.6,1110,1169.0,7.1,1.0,566,MA上昇配列 / パーフェクトオーダー / 52週高値ブレイク!
5715,古河機械金属,非鉄金属,18.0,★☆☆☆☆,6.3,0.0,5.3,0.0,6.0,0.0,0.4,0.0,見送り(地合い🔴),SK hynix,0.4,20.6,5.1,14.2,3923,4370.0,2.7,1.3,1425,SK hynix+11.4%連動(β0.18) / 買い出来高優勢 / 開示[業績予想の修正](12日前)
6986,双葉電子工業,電気機器,17.8,★☆☆☆☆,5.5,0.0,3.3,0.0,9.0,0.0,0.0,0.0,見送り(地合い🔴),SK hynix,-2.4,16.8,3.3,10.8,655,701.0,2.2,0.7,231,SK hynix+11.4%連動(β0.19) / 買い出来高優勢 / MA上昇配列
8008,ヨンドシーホールディングス,小売業,17.8,★☆☆☆☆,0.0,0.0,4.3,0.0,13.5,0.0,0.0,0.0,見送り(地合い🔴),,0.0,7.4,1.5,5.1,2124,2191.0,4.6,1.3,198,買い出来高優勢 / MA上昇配列 / パーフェクトオーダー / 52週高値目前
255A,ジーエルテクノホールディングス,精密機器,17.8,★☆☆☆☆,17.8,0.0,0.0,0.0,0.0,0.0,0.0,0.0,見送り(地合い🔴),SK hynix,9.8,-13.5,6.1,-8.2,4473,5090.0,-11.2,0.3,563,SK hynix+11.4%連動(β0.20) 未反応+9.8%
1976,明星工業,建設業,17.7,★☆☆☆☆,15.7,0.0,1.0,0.0,1.0,0.0,0.0,0.0,見送り(地合い🔴),SK hynix,6.1,-10.7,3.0,-5.6,1664,1770.0,-3.2,0.5,227,SK hynix+11.4%連動(β0.13) 未反応+6.1%
5101,横浜ゴム,ゴム製品,17.6,★☆☆☆☆,7.1,0.0,1.0,0.0,9.5,0.0,0.0,0.0,見送り(地合い🔴),SK hynix,0.8,3.8,4.3,1.7,7057,7727.0,0.9,0.5,9756,SK hynix+11.4%連動(β0.16) 未反応+0.8% / MA上昇配列 / パーフェクトオーダー
4189,ＫＨネオケム,化学,17.6,★☆☆☆☆,5.1,0.0,3.0,0.0,9.5,0.0,0.0,0.0,見送り(地合い🔴),SK hynix,0.2,9.5,3.5,4.3,3166,3405.0,0.3,0.6,734,SK hynix+11.4%連動(β0.16) / MA上昇配列 / パーフェクトオーダー
6914,オプテックスグループ,電気機器,17.6,★☆☆☆☆,17.6,0.0,0.0,0.0,0.0,0.0,0.0,0.0,見送り(地合い🔴),SK hynix,11.6,-12.4,4.5,-8.0,2921,3210.0,-10.3,0.4,622,SK hynix+11.4%連動(β0.20) 未反応+11.6%
4114,日本触媒,化学,17.5,★☆☆☆☆,0.0,0.0,5.3,0.0,12.2,0.0,0.0,0.0,見送り(地合い🔴),,0.0,22.0,3.5,12.4,2462,2648.5,-0.7,0.6,2579,買い出来高優勢 / 資金流入増 / MA上昇配列 / パーフェクトオーダー / 52週高値目前
8075,神鋼商事,卸売業,17.5,★☆☆☆☆,0.0,0.0,5.3,0.0,12.2,0.0,0.0,0.0,見送り(地合い🔴),,0.0,18.6,3.3,10.5,2864,3065.0,1.3,0.8,248,買い出来高優勢 / 資金流入増 / MA上昇配列 / パーフェクトオーダー / 52週高値目前
7245,大同メタル工業,輸送用機器,17.5,★☆☆☆☆,17.5,0.0,0.0,0.0,0.0,0.0,0.0,0.0,見送り(地合い🔴),SK hynix,10.4,-4.3,5.7,-6.1,1118,1261.0,-9.4,0.7,726,SK hynix+11.4%連動(β0.19) 未反応+10.4%
6379,レイズネクスト,建設業,17.5,★☆☆☆☆,0.0,0.0,5.3,0.0,12.2,0.0,0.0,0.0,見送り(地合い🔴),,0.0,18.3,3.1,11.6,2943,3135.0,6.7,1.1,648,買い出来高優勢 / 資金流入増 / MA上昇配列 / パーフェクトオーダー / 52週高値目前
1879,新日本建設,建設業,17.5,★☆☆☆☆,0.0,0.0,4.0,0.0,13.5,0.0,0.0,0.0,見送り(地合い🔴),,0.0,11.6,2.1,6.1,2231,2329.0,0.6,0.9,443,資金流入増 / MA上昇配列 / パーフェクトオーダー / 52週高値目前
4116,大日精化工業,化学,17.5,★☆☆☆☆,0.0,0.0,5.3,0.0,12.2,0.0,0.0,0.0,見送り(地合い🔴),,0.0,26.1,3.6,13.2,1277,1375.0,2.3,0.7,325,買い出来高優勢 / 資金流入増 / MA上昇配列 / パーフェクトオーダー / 52週高値目前
4619,日本特殊塗料,化学,17.5,★☆☆☆☆,0.0,0.0,4.0,0.0,13.5,0.0,0.0,0.0,見送り(地合い🔴),,0.0,11.1,2.2,6.8,2618,2740.0,-0.3,1.4,102,MA上昇配列 / パーフェクトオーダー / 52週高値目前
5122,オカモト,ゴム製品,17.5,★☆☆☆☆,0.0,0.0,4.0,0.0,13.5,0.0,0.0,0.0,見送り(地合い🔴),,0.0,15.0,3.9,7.1,6014,6520.0,3.0,0.8,296,資金流入増 / MA上昇配列 / パーフェクトオーダー / 52週高値目前
8616,東海東京フィナンシャル・ホールディングス,証券、商品先物取引業,17.4,★☆☆☆☆,3.9,0.0,0.0,0.0,13.5,0.0,0.0,0.0,見送り(地合い🔴),SK hynix,-0.8,3.8,1.8,4.3,824,854.0,2.5,0.6,706,SK hynix+11.4%連動(β0.14) / MA上昇配列 / パーフェクトオーダー / 52週高値目前
3176,三洋貿易,卸売業,17.3,★☆☆☆☆,0.0,0.0,5.3,0.0,12.0,0.0,0.0,0.0,見送り(地合い🔴),,0.0,30.4,3.9,12.5,1023,1110.0,-1.9,0.6,428,買い出来高優勢 / 資金流入増 / MA上昇配列 / パーフェクトオーダー
6517,デンヨー,電気機器,17.3,★☆☆☆☆,8.3,0.0,3.0,0.0,6.0,0.0,0.0,0.0,見送り(地合い🔴),SK hynix,1.3,12.4,3.8,3.5,3799,4110.0,-0.7,0.6,287,SK hynix+11.4%連動(β0.16) 未反応+1.3% / 資金流入増 / MA上昇配列 / パーフェクトオーダー
8020,兼松,卸売業,17.3,★☆☆☆☆,4.5,0.0,3.3,0.0,9.5,0.0,0.0,0.0,見送り(地合い🔴),SK hynix,0.3,2.2,2.9,2.4,2068,2195.5,0.8,0.8,1284,SK hynix+11.4%連動(β0.13) / 買い出来高優勢 / MA上昇配列 / パーフェクトオーダー
5975,東プレ,金属製品,17.3,★☆☆☆☆,0.0,0.0,5.3,0.0,12.0,0.0,0.0,0.0,見送り(地合い🔴),,0.0,15.8,4.0,7.8,2914,3165.0,-0.8,0.6,469,買い出来高優勢 / 資金流入増 / MA上昇配列 / パーフェクトオーダー
1982,日比谷総合設備,建設業,17.2,★☆☆☆☆,8.2,0.0,2.0,0.0,7.0,0.0,0.0,0.0,見送り(地合い🔴),SK hynix,1.3,3.1,4.2,4.3,2759,3015.0,0.2,0.6,376,SK hynix+11.4%連動(β0.15) 未反応+1.3%
6877,ＯＢＡＲＡ　ＧＲＯＵＰ,電気機器,17.2,★☆☆☆☆,15.0,0.0,0.0,0.0,2.2,0.0,0.0,0.0,見送り(地合い🔴),SK hynix,3.7,0.5,3.6,-0.4,5369,5790.0,-4.9,0.5,319,SK hynix+11.4%連動(β0.13) 未反応+3.7%
5821,平河ヒューテック,非鉄金属,17.1,★☆☆☆☆,17.1,0.0,0.0,0.0,0.0,0.0,0.0,0.0,見送り(地合い🔴),SK hynix,10.2,1.2,4.3,-3.4,2879,3150.0,-13.1,0.6,288,SK hynix+11.4%連動(β0.18) 未反応+10.2%
5393,ニチアス,ガラス・土石製品,17.1,★☆☆☆☆,17.1,0.0,0.0,0.0,0.0,0.0,0.0,0.0,見送り(地合い🔴),SK hynix,9.6,-4.7,3.8,-4.4,3008,3256.0,-9.2,1.0,2121,SK hynix+11.4%連動(β0.18) 未反応+9.6%
9507,四国電力,電気・ガス業,17.0,★☆☆☆☆,0.0,0.0,5.3,0.0,11.7,0.0,0.0,0.0,見送り(地合い🔴),,0.0,21.2,2.4,11.7,1809,1898.0,5.0,1.1,1749,買い出来高優勢 / 資金流入増 / MA上昇配列 / 52週高値ブレイク!
3106,倉敷紡績,繊維製品,17.0,★☆☆☆☆,0.0,0.0,2.0,0.0,12.0,0.0,3.0,0.0,見送り(地合い🔴),,0.0,4.2,3.8,3.3,9753,10550.0,-1.6,0.4,508,MA上昇配列 / パーフェクトオーダー / 開示[自己株式の取得](0日前)
3946,トーモク,パルプ・紙,17.0,★☆☆☆☆,0.0,0.0,3.0,0.0,11.0,0.0,3.0,0.0,見送り(地合い🔴),,0.0,3.8,2.3,3.1,4496,4715.0,0.0,1.1,610,資金流入増 / MA上昇配列 / パーフェクトオーダー / 52週高値目前 / 開示[自己株式の取得](0日前)
8273,イズミ,小売業,17.0,★☆☆☆☆,0.0,0.0,8.0,0.0,9.0,0.0,0.0,0.0,見送り(地合い🔴),,0.0,5.2,1.8,5.5,1026,1065.0,6.5,3.6,538,出来高急増3.6倍 / 買い出来高優勢 / MA上昇配列
7239,タチエス,輸送用機器,17.0,★☆☆☆☆,0.0,0.0,2.0,0.0,15.0,0.0,0.0,0.0,見送り(地合い🔴),,0.0,6.9,1.9,3.8,2261,2349.0,1.0,1.1,211,MA上昇配列 / パーフェクトオーダー / 52週高値ブレイク!
8537,大光銀行,銀行業,17.0,★☆☆☆☆,0.0,0.0,2.0,0.0,12.0,0.0,3.0,0.0,見送り(地合い🔴),,0.0,1.1,3.6,5.6,2747,2961.0,-4.6,0.8,170,MA上昇配列 / パーフェクトオーダー / 開示[自己株式の取得](0日前)
6651,日東工業,電気機器,17.0,★☆☆☆☆,14.8,0.0,0.0,0.0,2.2,0.0,0.0,0.0,見送り(地合い🔴),SK hynix,3.7,-0.3,2.7,-0.5,4150,4390.0,-4.6,0.5,367,SK hynix+11.4%連動(β0.13) 未反応+3.7%
3048,ビックカメラ,小売業,17.0,★☆☆☆☆,0.0,0.0,5.0,0.0,12.0,0.0,0.0,0.0,見送り(地合い🔴),,0.0,3.1,1.8,3.4,1733,1797.0,4.7,1.6,1560,MA上昇配列 / パーフェクトオーダー
7747,朝日インテック,精密機器,16.9,★☆☆☆☆,0.0,0.0,4.0,0.0,12.0,0.0,0.9,0.0,見送り(地合い🔴),,0.0,18.4,3.5,8.3,3765,4050.0,-1.3,1.5,5259,MA上昇配列 / パーフェクトオーダー / 開示[上方修正](11日前)
4042,東ソー,化学,16.9,★☆☆☆☆,15.9,0.0,0.0,0.0,1.0,0.0,0.0,0.0,見送り(地合い🔴),SK hynix,4.0,-7.7,2.4,-3.1,2512,2638.5,-3.5,0.5,3765,SK hynix+11.4%連動(β0.14) 未反応+4.0%
6908,イリソ電子工業,電気機器,16.8,★☆☆☆☆,16.8,0.0,0.0,0.0,0.0,0.0,0.0,0.0,見送り(地合い🔴),SK hynix,5.4,-4.3,2.0,-2.3,2609,2716.0,-4.4,0.9,347,SK hynix+11.4%連動(β0.17) 未反応+5.4%
4633,サカタインクス,化学,16.8,★☆☆☆☆,0.0,0.0,3.3,0.0,13.5,0.0,0.0,0.0,見送り(地合い🔴),,0.0,6.6,3.1,4.1,2503,2669.0,-0.2,0.8,536,買い出来高優勢 / MA上昇配列 / パーフェクトオーダー / 52週高値目前
4246,ダイキョーニシカワ,化学,16.8,★☆☆☆☆,0.0,0.0,3.3,0.0,13.5,0.0,0.0,0.0,見送り(地合い🔴),,0.0,10.2,2.6,5.9,1064,1122.0,-0.7,1.0,319,買い出来高優勢 / MA上昇配列 / パーフェクトオーダー / 52週高値目前
8613,丸三証券,証券、商品先物取引業,16.8,★☆☆☆☆,0.0,0.0,3.3,0.0,13.5,0.0,0.0,0.0,見送り(地合い🔴),,0.0,9.8,1.7,6.0,1221,1264.0,4.5,0.7,345,買い出来高優勢 / MA上昇配列 / パーフェクトオーダー / 52週高値目前
7989,立川ブラインド工業,金属製品,16.8,★☆☆☆☆,0.0,0.0,3.3,0.0,13.5,0.0,0.0,0.0,見送り(地合い🔴),,0.0,3.1,1.9,3.5,2608,2710.0,1.3,2.2,113,出来高増2.2倍 / MA上昇配列 / パーフェクトオーダー / 52週高値目前
4975,ＪＣＵ,化学,16.8,★☆☆☆☆,16.8,0.0,0.0,0.0,0.0,0.0,0.0,0.0,見送り(地合い🔴),SK hynix,3.2,-13.7,5.3,-7.4,4860,5440.0,-5.2,0.5,748,SK hynix+11.4%連動(β0.25) 未反応+3.2%
2109,ＤＭ三井製糖,食料品,16.7,★☆☆☆☆,0.0,0.0,3.0,0.0,13.7,0.0,0.0,0.0,見送り(地合い🔴),,0.0,9.1,1.6,6.9,3606,3725.0,6.1,1.3,180,MA上昇配列 / パーフェクトオーダー / 52週高値ブレイク!
9619,イチネンホールディングス,サービス業,16.7,★☆☆☆☆,0.0,0.0,3.0,0.0,13.7,0.0,0.0,0.0,見送り(地合い🔴),,0.0,12.7,2.5,8.5,2578,2713.0,3.8,0.9,118,MA上昇配列 / パーフェクトオーダー / 52週高値ブレイク!
7246,プレス工業,輸送用機器,16.5,★☆☆☆☆,0.0,0.0,4.3,0.0,12.2,0.0,0.0,0.0,見送り(地合い🔴),,0.0,18.3,2.6,8.8,938,989.0,0.8,0.6,375,買い出来高優勢 / MA上昇配列 / パーフェクトオーダー / 52週高値目前
1939,四電工,建設業,16.5,★☆☆☆☆,0.0,0.0,3.0,0.0,13.5,0.0,0.0,0.0,見送り(地合い🔴),,0.0,6.3,2.2,4.3,2049,2144.0,0.7,0.9,202,MA上昇配列 / パーフェクトオーダー / 52週高値目前
8059,第一実業,卸売業,16.5,★☆☆☆☆,0.0,0.0,3.0,0.0,13.5,0.0,0.0,0.0,見送り(地合い🔴),,0.0,2.5,2.4,3.4,3428,3600.0,0.6,1.3,365,MA上昇配列 / パーフェクトオーダー / 52週高値目前
5713,住友金属鉱山,非鉄金属,16.5,★☆☆☆☆,7.8,0.0,4.0,0.0,9.7,0.0,0.0,-5.0,見送り(地合い🔴),SK hynix,-12.9,52.4,5.5,30.9,10222,11475.0,15.4,1.4,38366,SK hynix+11.4%連動(β0.27) / MA上昇配列 / パーフェクトオーダー / 過熱⚠25MA+31%
7806,ＭＴＧ,その他製品,16.5,★☆☆☆☆,0.0,0.0,3.0,0.0,13.5,0.0,0.0,0.0,見送り(地合い🔴),,0.0,9.5,4.9,8.3,7673,8510.0,3.4,0.7,1225,MA上昇配列 / パーフェクトオーダー / 52週高値目前
7552,ハピネット,卸売業,16.5,★☆☆☆☆,0.0,0.0,3.0,0.0,13.5,0.0,0.0,0.0,見送り(地合い🔴),,0.0,22.1,4.1,12.3,3446,3755.0,8.7,0.6,950,MA上昇配列 / パーフェクトオーダー / 52週高値目前
8037,カメイ,卸売業,16.5,★☆☆☆☆,0.0,0.0,4.3,0.0,12.2,0.0,0.0,0.0,見送り(地合い🔴),,0.0,17.3,2.7,9.9,4176,4415.0,1.7,0.9,230,買い出来高優勢 / MA上昇配列 / パーフェクトオーダー / 52週高値目前
4665,ダスキン,サービス業,16.5,★☆☆☆☆,0.0,0.0,3.0,0.0,13.5,0.0,0.0,0.0,見送り(地合い🔴),,0.0,3.0,2.0,3.2,4474,4665.0,2.7,0.8,563,MA上昇配列 / パーフェクトオーダー / 52週高値目前
6448,ブラザー工業,電気機器,16.5,★☆☆☆☆,0.0,0.0,4.3,0.0,12.2,0.0,0.0,0.0,見送り(地合い🔴),,0.0,17.0,3.1,9.3,4373,4667.0,1.1,0.8,4888,買い出来高優勢 / MA上昇配列 / パーフェクトオーダー / 52週高値目前
8473,ＳＢＩホールディングス,証券、商品先物取引業,16.4,★☆☆☆☆,5.4,0.0,2.0,0.0,9.0,0.0,0.0,0.0,見送り(地合い🔴),SK hynix,-1.6,11.6,2.6,7.1,3022,3191.0,3.9,0.7,12016,SK hynix+11.4%連動(β0.19) / MA上昇配列
3543,コメダホールディングス,卸売業,16.3,★☆☆☆☆,0.0,0.0,6.3,0.0,10.0,0.0,0.0,0.0,見送り(地合い🔴),,0.0,4.0,1.1,3.6,2922,2990.0,3.8,1.7,908,買い出来高優勢 / MA上昇配列
6349,小森コーポレーション,機械,16.3,★☆☆☆☆,0.0,0.0,5.3,0.0,11.0,0.0,0.0,0.0,見送り(地合い🔴),,0.0,21.3,2.0,10.2,1946,2026.0,4.3,0.5,555,買い出来高優勢 / 資金流入増 / MA上昇配列 / パーフェクトオーダー / 52週高値目前 / RSI過熱(86)⚠
2121,ＭＩＸＩ,情報・通信業,16.3,★☆☆☆☆,0.0,0.0,4.3,0.0,12.0,0.0,0.0,0.0,見送り(地合い🔴),,0.0,24.5,2.5,11.9,3379,3560.0,7.7,0.7,1520,買い出来高優勢 / MA上昇配列 / パーフェクトオーダー
4413,ボードルア,情報・通信業,16.3,★☆☆☆☆,0.0,0.0,5.3,0.0,11.0,0.0,0.0,0.0,見送り(地合い🔴),,0.0,0.1,4.6,2.8,2707,2980.0,4.2,2.1,974,出来高増2.1倍 / MA上昇配列 / パーフェクトオーダー
4025,多木化学,化学,16.3,★☆☆☆☆,0.0,0.0,4.3,0.0,12.0,0.0,0.0,0.0,見送り(地合い🔴),,0.0,21.1,5.6,13.4,5456,6150.0,-1.0,0.9,233,買い出来高優勢 / MA上昇配列 / パーフェクトオーダー
3612,ワールド,繊維製品,16.2,★☆☆☆☆,0.0,0.0,4.0,0.0,12.2,0.0,0.0,0.0,見送り(地合い🔴),,0.0,5.5,1.3,4.6,1654,1698.0,4.4,1.9,676,MA上昇配列 / パーフェクトオーダー / 52週高値目前
5957,日東精工,金属製品,16.2,★☆☆☆☆,13.0,0.0,0.0,0.0,3.2,0.0,0.0,0.0,見送り(地合い🔴),SK hynix,3.1,-2.1,2.0,-0.9,741,771.0,-1.7,0.4,100,SK hynix+11.4%連動(β0.13) 未反応+3.1%
6570,共和コーポレーション,サービス業,16.2,★☆☆☆☆,0.0,0.0,8.7,0.0,12.5,0.0,0.0,-5.0,見送り(地合い🔴),,0.0,109.1,6.8,62.8,3643,4220.0,39.0,2.9,210,出来高増2.9倍 / 買い出来高優勢 / 資金流入増 / MA上昇配列 / パーフェクトオーダー / 52週高値ブレイク! / RSI過熱(90)⚠ / 過熱⚠25MA+63%
6287,サトー,機械,16.2,★☆☆☆☆,0.0,0.0,4.0,0.0,12.0,0.0,0.2,0.0,見送り(地合い🔴),,0.0,12.2,2.8,6.4,2609,2763.0,-1.1,0.6,484,資金流入増 / MA上昇配列 / パーフェクトオーダー / 開示[自己株式の取得](13日前)
5976,高周波熱錬,金属製品,16.2,★☆☆☆☆,0.0,0.0,4.0,0.0,12.2,0.0,0.0,0.0,見送り(地合い🔴),,0.0,12.3,2.1,8.7,1488,1554.0,3.3,1.3,144,MA上昇配列 / パーフェクトオーダー / 52週高値目前
4471,三洋化成工業,化学,16.2,★☆☆☆☆,0.0,0.0,4.0,0.0,12.2,0.0,0.0,0.0,見送り(地合い🔴),,0.0,26.8,4.2,13.2,5774,6310.0,-0.3,0.6,957,資金流入増 / MA上昇配列 / パーフェクトオーダー / 52週高値目前
3994,マネーフォワード,情報・通信業,16.2,★☆☆☆☆,3.2,0.0,3.0,0.0,10.0,0.0,0.0,0.0,見送り(地合い🔴),Microsoft,-12.7,17.9,5.4,14.7,5748,6450.0,7.5,1.1,3297,Microsoft+2.2%連動(β0.58) / MA上昇配列 / パーフェクトオーダー
6574,コンヴァノ,サービス業,16.1,★☆☆☆☆,0.0,0.0,10.0,0.0,5.5,0.0,5.6,-5.0,見送り(地合い🔴),,0.0,43.4,6.3,30.8,110,126.0,13.5,11.1,219,出来高急増11.1倍 / 買い出来高優勢 / 資金流入増 / MA上昇配列 / RSI過熱(88)⚠ / 過熱⚠25MA+31% / 開示[自己株式の取得](1日前) / 開示[自己株式の取得](1日前)
3153,八洲電機,卸売業,16.1,★☆☆☆☆,12.9,0.0,1.0,0.0,2.2,0.0,0.0,0.0,見送り(地合い🔴),SK hynix,2.7,-0.9,2.9,-0.5,2728,2899.0,-2.1,1.0,210,SK hynix+11.4%連動(β0.17) 未反応+2.7%
9107,川崎汽船,海運業,16.0,★☆☆☆☆,0.0,0.0,5.3,0.0,13.7,0.0,0.0,-3.0,見送り(地合い🔴),,0.0,22.1,3.0,18.3,3260,3465.0,12.8,1.4,17029,買い出来高優勢 / MA上昇配列 / パーフェクトオーダー / 52週高値ブレイク! / 伸びすぎ注意(25MA+18%)
2207,ｍｅｉｔｏ,食料品,16.0,★☆☆☆☆,0.0,0.0,4.0,0.0,12.0,0.0,0.0,0.0,見送り(地合い🔴),,0.0,8.7,3.1,4.1,3263,3475.0,-4.8,1.3,174,MA上昇配列 / パーフェクトオーダー
8591,オリックス,その他金融業,15.9,★☆☆☆☆,13.9,0.0,0.0,0.0,2.0,0.0,0.0,0.0,見送り(地合い🔴),SK hynix,3.1,-6.4,2.3,-2.5,5928,6209.0,-2.3,0.9,22139,SK hynix+11.4%連動(β0.16) 未反応+3.1%
135A,ＶＲＡＩＮ　Ｓｏｌｕｔｉｏｎ,情報・通信業,15.899999999999999,★☆☆☆☆,6.6,0.0,3.3,0.0,6.0,0.0,0.0,0.0,見送り(地合い🔴),SK hynix,-1.6,17.0,4.5,11.2,3957,4345.0,0.3,1.2,219,SK hynix+11.4%連動(β0.23) / 買い出来高優勢
6071,ＩＢＪ,サービス業,15.8,★☆☆☆☆,0.0,0.0,4.3,0.0,10.0,0.0,1.5,0.0,見送り(地合い🔴),,0.0,16.5,3.1,10.6,888,947.0,0.7,0.6,320,買い出来高優勢 / MA上昇配列 / パーフェクトオーダー / 開示[上方修正](11日前) / 開示[増配](11日前)
6613,ＱＤレーザ,電気機器,15.8,★☆☆☆☆,9.5,0.0,5.3,0.0,6.0,0.0,0.0,-5.0,見送り(地合い🔴),SK hynix,-7.6,40.4,8.7,32.6,1926,2330.0,11.9,1.7,6172,SK hynix+11.4%連動(β0.33) / 買い出来高優勢 / 過熱⚠25MA+33%
8252,丸井グループ,小売業,15.8,★☆☆☆☆,0.0,0.0,0.0,0.0,10.0,0.0,5.8,0.0,見送り(地合い🔴),,0.0,1.0,1.6,1.1,2895,2992.0,1.6,0.6,2766,MA上昇配列 / 開示[自己株式の取得](0日前) / 開示[自己株式取得](1日前)
4992,北興化学工業,化学,15.799999999999999,★☆☆☆☆,6.1,0.0,0.0,0.0,9.7,0.0,0.0,0.0,見送り(地合い🔴),SK hynix,-0.1,4.4,2.6,5.1,1944,2052.0,1.2,0.4,242,SK hynix+11.4%連動(β0.21) / MA上昇配列 / パーフェクトオーダー
6741,日本信号,電気機器,15.7,★☆☆☆☆,3.2,0.0,3.0,0.0,9.5,0.0,0.0,0.0,見送り(地合い🔴),SK hynix,-2.2,16.4,3.9,7.7,1702,1846.0,0.9,0.8,464,SK hynix+11.4%連動(β0.11) / MA上昇配列 / パーフェクトオーダー
7856,萩原工業,その他製品,15.7,★☆☆☆☆,0.0,0.0,2.0,0.0,13.7,0.0,0.0,0.0,見送り(地合い🔴),,0.0,6.3,1.7,5.3,1850,1916.0,2.8,1.6,107,MA上昇配列 / パーフェクトオーダー / 52週高値ブレイク!
9678,カナモト,サービス業,15.5,★☆☆☆☆,0.0,0.0,2.0,0.0,13.5,0.0,0.0,0.0,見送り(地合い🔴),,0.0,6.2,2.0,3.8,5281,5500.0,1.3,0.9,510,MA上昇配列 / パーフェクトオーダー / 52週高値目前
2222,寿スピリッツ,食料品,15.5,★☆☆☆☆,0.0,0.0,2.0,0.0,13.5,0.0,0.0,0.0,見送り(地合い🔴),,0.0,9.7,3.4,4.1,2522,2704.0,0.0,0.5,1479,MA上昇配列 / パーフェクトオーダー / 52週高値目前
5970,ジーテクト,金属製品,15.5,★☆☆☆☆,0.0,0.0,3.3,0.0,12.2,0.0,0.0,0.0,見送り(地合い🔴),,0.0,11.0,2.2,6.6,2257,2363.0,1.1,0.7,272,買い出来高優勢 / MA上昇配列 / パーフェクトオーダー / 52週高値目前
6345,アイチ　コーポレーション,機械,15.5,★☆☆☆☆,0.0,0.0,2.0,0.0,13.5,0.0,0.0,0.0,見送り(地合い🔴),,0.0,0.5,1.5,2.5,1408,1451.0,2.5,1.5,213,MA上昇配列 / パーフェクトオーダー / 52週高値目前
5332,ＴＯＴＯ,ガラス・土石製品,15.5,★☆☆☆☆,12.8,0.0,0.0,0.0,2.7,0.0,0.0,0.0,見送り(地合い🔴),SK hynix,2.5,-16.1,3.2,-6.4,5932,6331.0,-4.9,0.3,8309,SK hynix+11.4%連動(β0.18) 未反応+2.5%
8706,極東証券,証券、商品先物取引業,15.5,★☆☆☆☆,0.0,0.0,3.3,0.0,12.2,0.0,0.0,0.0,見送り(地合い🔴),,0.0,7.1,1.7,5.6,1844,1908.0,3.7,0.7,328,買い出来高優勢 / MA上昇配列 / パーフェクトオーダー / 52週高値目前
9076,セイノーホールディングス,陸運業,15.5,★☆☆☆☆,0.0,0.0,2.0,0.0,13.5,0.0,0.0,0.0,見送り(地合い🔴),,0.0,2.7,2.2,3.6,2692,2816.0,0.6,0.9,1233,MA上昇配列 / パーフェクトオーダー / 52週高値目前
7278,エクセディ,輸送用機器,15.5,★☆☆☆☆,0.0,0.0,2.0,0.0,13.5,0.0,0.0,0.0,見送り(地合い🔴),,0.0,2.9,1.4,2.8,6050,6220.0,0.5,1.0,1161,MA上昇配列 / パーフェクトオーダー / 52週高値目前
3087,ドトール・日レスホールディングス,小売業,15.5,★☆☆☆☆,0.0,0.0,2.0,0.0,13.5,0.0,0.0,0.0,見送り(地合い🔴),,0.0,6.2,1.9,4.9,3199,3325.0,5.6,0.6,489,MA上昇配列 / パーフェクトオーダー / 52週高値目前
8011,三陽商会,繊維製品,15.5,★☆☆☆☆,0.0,0.0,3.0,0.0,9.5,0.0,3.0,0.0,見送り(地合い🔴),,0.0,15.6,3.3,8.7,5051,5410.0,6.1,1.2,218,MA上昇配列 / パーフェクトオーダー / 開示[自己株式の取得](0日前)
3167,ＴＯＫＡＩホールディングス,卸売業,15.5,★☆☆☆☆,0.0,0.0,2.0,0.0,13.5,0.0,0.0,0.0,見送り(地合い🔴),,0.0,9.2,2.1,6.0,1208,1261.0,2.2,0.7,344,MA上昇配列 / パーフェクトオーダー / 52週高値目前
8173,Ｊｏｓｈｉｎ,小売業,15.5,★☆☆☆☆,0.0,0.0,2.0,0.0,13.5,0.0,0.0,0.0,見送り(地合い🔴),,0.0,12.4,3.5,7.1,3989,4290.0,5.1,0.5,615,MA上昇配列 / パーフェクトオーダー / 52週高値目前
2001,ニップン,食料品,15.5,★☆☆☆☆,0.0,0.0,2.0,0.0,13.5,0.0,0.0,0.0,見送り(地合い🔴),,0.0,2.3,1.7,3.0,2836,2936.0,3.0,0.6,585,MA上昇配列 / パーフェクトオーダー / 52週高値目前
4526,理研ビタミン,食料品,15.5,★☆☆☆☆,0.0,0.0,2.0,0.0,13.5,0.0,0.0,0.0,見送り(地合い🔴),,0.0,5.3,1.7,3.8,3219,3330.0,2.5,0.7,188,MA上昇配列 / パーフェクトオーダー / 52週高値目前
2734,サーラコーポレーション,小売業,15.5,★☆☆☆☆,0.0,0.0,3.3,0.0,12.2,0.0,0.0,0.0,見送り(地合い🔴),,0.0,7.6,1.7,5.4,1194,1236.0,2.4,1.1,178,買い出来高優勢 / MA上昇配列 / パーフェクトオーダー / 52週高値目前
8935,ＦＪネクストホールディングス,不動産業,15.5,★☆☆☆☆,0.0,0.0,2.0,0.0,13.5,0.0,0.0,0.0,見送り(地合い🔴),,0.0,8.7,2.2,4.6,1926,2017.0,-1.5,1.1,135,MA上昇配列 / パーフェクトオーダー / 52週高値目前
9039,サカイ引越センター,陸運業,15.5,★☆☆☆☆,0.0,0.0,2.0,0.0,13.5,0.0,0.0,0.0,見送り(地合い🔴),,0.0,-0.6,1.8,1.3,2898,3005.0,0.7,0.7,246,MA上昇配列 / パーフェクトオーダー / 52週高値目前
296A,令和アカウンティング・ホールディングス,サービス業,15.5,★☆☆☆☆,0.0,0.0,8.0,0.0,12.5,0.0,0.0,-5.0,見送り(地合い🔴),,0.0,20.7,3.7,23.4,1038,1122.0,22.6,7.8,101,出来高急増7.8倍 / 買い出来高優勢 / MA上昇配列 / パーフェクトオーダー / 52週高値ブレイク! / RSI過熱(88)⚠ / 過熱⚠25MA+23%
8242,エイチ・ツー・オー　リテイリング,小売業,15.5,★☆☆☆☆,0.0,0.0,2.0,0.0,13.5,0.0,0.0,0.0,見送り(地合い🔴),,0.0,6.1,2.7,4.1,2809,2970.0,4.7,0.8,1260,MA上昇配列 / パーフェクトオーダー / 52週高値目前
9508,九州電力,電気・ガス業,15.5,★☆☆☆☆,0.0,0.0,2.0,0.0,13.5,0.0,0.0,0.0,見送り(地合い🔴),,0.0,7.8,2.6,6.0,1843,1945.0,4.9,0.9,3425,MA上昇配列 / パーフェクトオーダー / 52週高値目前
8098,稲畑産業,卸売業,15.5,★☆☆☆☆,0.0,0.0,2.0,0.0,13.5,0.0,0.0,0.0,見送り(地合い🔴),,0.0,4.5,1.8,4.8,4116,4270.0,2.4,0.9,402,MA上昇配列 / パーフェクトオーダー / 52週高値目前
7267,本田技研工業,輸送用機器,15.5,★☆☆☆☆,0.0,0.0,2.0,0.0,13.5,0.0,0.0,0.0,見送り(地合い🔴),,0.0,12.3,3.0,6.5,1644,1747.0,3.6,0.7,32142,MA上昇配列 / パーフェクトオーダー / 52週高値目前
1965,テクノ菱和,建設業,15.3,★☆☆☆☆,8.3,0.0,1.0,0.0,6.0,0.0,0.0,0.0,見送り(地合い🔴),SK hynix,0.9,-5.4,5.7,4.0,5586,6310.0,1.0,0.5,547,SK hynix+11.4%連動(β0.19) 未反応+0.9%
8919,カチタス,不動産業,15.3,★☆☆☆☆,0.0,0.0,4.3,0.0,11.0,0.0,0.0,0.0,見送り(地合い🔴),,0.0,9.8,3.8,7.3,3398,3680.0,1.4,0.8,808,買い出来高優勢 / MA上昇配列 / パーフェクトオーダー
2489,アドウェイズ,サービス業,15.3,★☆☆☆☆,0.0,0.0,5.3,0.0,10.0,0.0,0.0,0.0,見送り(地合い🔴),,0.0,21.9,4.9,12.1,339,375.0,2.7,0.4,187,買い出来高優勢 / 資金流入増 / MA上昇配列 / パーフェクトオーダー
5121,藤倉コンポジット,ゴム製品,15.3,★☆☆☆☆,0.0,0.0,3.3,0.0,12.0,0.0,0.0,0.0,見送り(地合い🔴),,0.0,8.6,3.3,4.0,2552,2734.0,-2.4,0.5,291,買い出来高優勢 / MA上昇配列 / パーフェクトオーダー
4997,日本農薬,化学,15.2,★☆☆☆☆,0.0,0.0,3.0,0.0,12.2,0.0,0.0,0.0,見送り(地合い🔴),,0.0,10.7,2.6,9.4,1154,1217.0,3.1,0.9,250,MA上昇配列 / パーフェクトオーダー / 52週高値目前
7832,バンダイナムコホールディングス,その他製品,15.2,★☆☆☆☆,0.0,0.0,3.0,0.0,12.2,0.0,0.0,0.0,見送り(地合い🔴),,0.0,33.4,4.1,14.0,5088,5542.0,3.9,0.5,17186,MA上昇配列 / パーフェクトオーダー / 52週高値目前
8142,トーホー,卸売業,15.2,★☆☆☆☆,0.0,0.0,3.0,0.0,12.2,0.0,0.0,0.0,見送り(地合い🔴),,0.0,6.3,1.6,5.0,1395,1442.0,1.4,0.9,232,MA上昇配列 / パーフェクトオーダー / 52週高値目前
7914,共同印刷,その他製品,15.2,★☆☆☆☆,0.0,0.0,3.0,0.0,12.2,0.0,0.0,0.0,見送り(地合い🔴),,0.0,7.0,2.1,5.6,1696,1770.0,1.6,0.8,138,MA上昇配列 / パーフェクトオーダー / 52週高値目前
2782,セリア,小売業,15.2,★☆☆☆☆,0.0,0.0,3.0,0.0,12.2,0.0,0.0,0.0,見送り(地合い🔴),,0.0,10.9,3.8,6.7,3954,4275.0,5.0,0.6,1514,MA上昇配列 / パーフェクトオーダー / 52週高値目前
2269,明治ホールディングス,食料品,15.2,★☆☆☆☆,0.0,0.0,3.0,0.0,12.2,0.0,0.0,0.0,見送り(地合い🔴),,0.0,15.3,2.8,9.5,4122,4370.0,4.2,0.6,5523,MA上昇配列 / パーフェクトオーダー / 52週高値目前
3932,アカツキ,情報・通信業,15.100000000000001,★☆☆☆☆,0.0,0.0,6.3,0.0,13.7,0.0,0.1,-5.0,見送り(地合い🔴),,0.0,30.1,3.8,20.4,3531,3820.0,11.7,2.0,332,買い出来高優勢 / MA上昇配列 / パーフェクトオーダー / 52週高値ブレイク! / 過熱⚠25MA+20% / 開示[株式分割](13日前)
9130,共栄タンカー,海運業,15.0,★☆☆☆☆,0.0,0.0,5.0,0.0,10.0,0.0,0.0,0.0,見送り(地合い🔴),,0.0,12.3,4.5,11.8,1530,1683.0,4.1,1.6,108,資金流入増 / MA上昇配列 / パーフェクトオーダー
5269,日本コンクリート工業,ガラス・土石製品,15.0,★☆☆☆☆,0.0,0.0,5.3,0.0,9.7,0.0,0.0,0.0,見送り(地合い🔴),,0.0,14.2,2.5,8.5,364,384.0,1.9,0.7,100,買い出来高優勢 / 資金流入増 / MA上昇配列 / パーフェクトオーダー
7244,市光工業,電気機器,15.0,★☆☆☆☆,0.0,0.0,3.0,0.0,12.0,0.0,0.0,0.0,見送り(地合い🔴),,0.0,9.0,3.7,5.3,530,573.0,-4.0,0.8,115,資金流入増 / MA上昇配列 / パーフェクトオーダー
4588,オンコリスバイオファーマ,医薬品,15.0,★☆☆☆☆,0.0,0.0,5.0,0.0,15.0,0.0,0.0,-5.0,見送り(地合い🔴),,0.0,53.9,8.1,32.4,3211,3835.0,9.9,2.0,3737,MA上昇配列 / パーフェクトオーダー / 52週高値ブレイク! / 過熱⚠25MA+32%
7296,エフ・シー・シー,輸送用機器,15.0,★☆☆☆☆,0.0,0.0,4.0,0.0,11.0,0.0,0.0,0.0,見送り(地合い🔴),,0.0,16.1,3.0,6.3,3907,4160.0,-0.6,0.4,677,資金流入増 / MA上昇配列 / パーフェクトオーダー / 52週高値目前
6333,ＴＥＩＫＯＫＵ,機械,15.0,★☆☆☆☆,0.0,0.0,4.3,0.0,10.7,0.0,0.0,0.0,見送り(地合い🔴),,0.0,4.6,3.5,4.2,3191,3430.0,5.5,0.7,167,買い出来高優勢 / MA上昇配列 / パーフェクトオーダー
3232,三重交通グループホールディングス,不動産業,15.0,★☆☆☆☆,0.0,0.0,6.3,0.0,8.7,0.0,0.0,0.0,見送り(地合い🔴),,0.0,3.5,1.7,4.3,558,577.0,4.2,1.9,118,買い出来高優勢 / MA上昇配列
4044,セントラル硝子,化学,15.0,★☆☆☆☆,0.0,0.0,3.0,0.0,12.0,0.0,0.0,0.0,見送り(地合い🔴),,0.0,7.3,3.1,3.7,4204,4485.0,-3.4,0.4,524,MA上昇配列 / パーフェクトオーダー
2681,ゲオホールディングス,小売業,15.0,★☆☆☆☆,0.0,0.0,3.0,0.0,12.0,0.0,0.0,0.0,見送り(地合い🔴),,0.0,10.7,3.9,7.2,2160,2343.0,2.2,0.7,486,MA上昇配列 / パーフェクトオーダー
1822,大豊建設,建設業,15.0,★☆☆☆☆,0.0,0.0,0.0,0.0,12.0,0.0,3.0,0.0,見送り(地合い🔴),,0.0,2.0,1.4,2.1,785,807.0,-0.1,0.6,123,MA上昇配列 / パーフェクトオーダー / 開示[資本業務提携](0日前)
9536,西部ガスホールディングス,電気・ガス業,15.0,★☆☆☆☆,0.0,0.0,3.0,0.0,12.0,0.0,0.0,0.0,見送り(地合い🔴),,0.0,3.5,1.5,3.9,2404,2476.0,3.9,1.4,190,MA上昇配列 / パーフェクトオーダー
7727,オーバル,精密機器,15.0,★☆☆☆☆,0.0,0.0,4.0,0.0,11.0,0.0,0.0,0.0,見送り(地合い🔴),,0.0,9.8,5.9,4.0,707,802.0,-7.3,0.3,137,資金流入増 / MA上昇配列 / パーフェクトオーダー
1847,イチケン,建設業,15.0,★☆☆☆☆,0.0,0.0,4.3,0.0,10.7,0.0,0.0,0.0,見送り(地合い🔴),,0.0,23.6,3.9,14.6,3184,3450.0,0.6,1.0,165,買い出来高優勢 / MA上昇配列 / パーフェクトオーダー
3221,ヨシックスホールディングス,小売業,15.0,★☆☆☆☆,0.0,0.0,3.0,0.0,12.0,0.0,0.0,0.0,見送り(地合い🔴),,0.0,3.1,2.0,3.8,3238,3375.0,3.1,0.5,117,MA上昇配列 / パーフェクトオーダー
3034,クオールホールディングス,小売業,15.0,★☆☆☆☆,0.0,0.0,3.0,0.0,12.0,0.0,0.0,0.0,見送り(地合い🔴),,0.0,19.8,4.7,11.7,2293,2532.0,-1.4,0.6,476,MA上昇配列 / パーフェクトオーダー
4676,フジ・メディア・ホールディングス,情報・通信業,15.0,★☆☆☆☆,0.0,0.0,3.0,0.0,12.0,0.0,0.0,0.0,見送り(地合い🔴),,0.0,1.5,2.6,1.9,3960,4175.0,1.8,1.2,2360,MA上昇配列 / パーフェクトオーダー
8158,ソーダニッカ,卸売業,14.8,★☆☆☆☆,0.0,0.0,5.3,0.0,9.5,0.0,0.0,0.0,見送り(地合い🔴),,0.0,10.4,2.9,5.5,1247,1323.0,-0.6,0.4,107,買い出来高優勢 / 資金流入増 / MA上昇配列 / パーフェクトオーダー
6952,カシオ計算機,電気機器,14.8,★☆☆☆☆,0.0,0.0,5.3,0.0,9.5,0.0,0.0,0.0,見送り(地合い🔴),,0.0,34.6,4.5,11.2,2130,2339.5,-2.5,0.6,5036,買い出来高優勢 / 資金流入増 / MA上昇配列 / パーフェクトオーダー
6505,東洋電機製造,電気機器,14.8,★☆☆☆☆,5.3,0.0,0.0,0.0,9.5,0.0,0.0,0.0,見送り(地合い🔴),SK hynix,0.2,0.7,2.7,1.3,2293,2426.0,1.0,1.1,129,SK hynix+11.4%連動(β0.16) / MA上昇配列 / パーフェクトオーダー
6176,ブランジスタ,サービス業,14.7,★☆☆☆☆,0.0,0.0,4.0,0.0,10.7,0.0,0.0,0.0,見送り(地合い🔴),,0.0,7.2,2.3,6.0,947,993.0,-1.4,0.7,123,資金流入増 / MA上昇配列 / パーフェクトオーダー
7942,ＪＳＰ,化学,14.7,★☆☆☆☆,0.0,0.0,4.0,0.0,10.7,0.0,0.0,0.0,見送り(地合い🔴),,0.0,25.1,3.4,10.3,2885,3095.0,-3.0,0.4,288,資金流入増 / MA上昇配列 / パーフェクトオーダー
8043,スターゼン,卸売業,14.6,★☆☆☆☆,0.0,0.0,2.0,0.0,12.2,0.0,0.4,0.0,見送り(地合い🔴),,0.0,15.4,2.4,8.9,1443,1517.0,1.2,0.9,240,MA上昇配列 / パーフェクトオーダー / 52週高値目前 / 開示[増配](12日前)
4912,ライオン,化学,14.5,★☆☆☆☆,0.0,0.0,1.0,0.0,13.5,0.0,0.0,0.0,見送り(地合い🔴),,0.0,11.6,2.8,5.5,1769,1876.0,-0.6,1.2,2680,MA上昇配列 / パーフェクトオーダー / 52週高値目前
6676,ＢＵＦＦＡＬＯ,電気機器,14.5,★☆☆☆☆,0.0,0.0,1.0,0.0,13.5,0.0,0.0,0.0,見送り(地合い🔴),,0.0,5.7,2.9,4.4,2739,2905.0,-0.2,1.1,122,MA上昇配列 / パーフェクトオーダー / 52週高値目前
6702,富士通,電気機器,14.5,★☆☆☆☆,0.0,6.0,2.0,0.0,6.5,0.0,0.0,0.0,見送り(地合い🔴),,0.0,11.4,3.1,3.2,3472,3700.0,1.0,0.4,32264,量子(-2.2%) / MA上昇配列
2004,昭和産業,食料品,14.5,★☆☆☆☆,0.0,0.0,1.0,0.0,13.5,0.0,0.0,0.0,見送り(地合い🔴),,0.0,6.5,1.8,5.1,3617,3750.0,4.2,0.6,194,MA上昇配列 / パーフェクトオーダー / 52週高値目前
2809,キユーピー,食料品,14.5,★☆☆☆☆,0.0,0.0,1.0,0.0,13.5,0.0,0.0,0.0,見送り(地合い🔴),,0.0,5.0,2.0,2.9,4569,4762.0,2.4,0.6,1587,MA上昇配列 / パーフェクトオーダー / 52週高値目前
1379,ホクト,水産・農林業,14.5,★☆☆☆☆,0.0,0.0,4.3,0.0,10.2,0.0,0.0,0.0,見送り(地合い🔴),,0.0,7.6,2.2,7.1,2016,2111.0,5.2,0.9,236,買い出来高優勢 / MA上昇配列 / 52週高値目前
9147,ＮＩＰＰＯＮ　ＥＸＰＲＥＳＳホールディングス,陸運業,14.5,★☆☆☆☆,0.0,0.0,1.0,0.0,13.5,0.0,0.0,0.0,見送り(地合い🔴),,0.0,2.6,3.1,5.0,5359,5713.0,1.8,1.1,7433,MA上昇配列 / パーフェクトオーダー / 52週高値目前
8739,スパークス・グループ,証券、商品先物取引業,14.5,★☆☆☆☆,0.0,0.0,1.0,0.0,13.5,0.0,0.0,0.0,見送り(地合い🔴),,0.0,10.9,2.2,4.6,2391,2502.0,-0.5,0.6,314,MA上昇配列 / パーフェクトオーダー / 52週高値目前
3950,ザ・パック,パルプ・紙,14.5,★☆☆☆☆,0.0,0.0,1.0,0.0,13.5,0.0,0.0,0.0,見送り(地合い🔴),,0.0,2.5,1.8,3.1,1450,1505.0,2.8,0.5,190,MA上昇配列 / パーフェクトオーダー / 52週高値目前
6058,ベクトル,サービス業,14.5,★☆☆☆☆,0.0,0.0,1.0,0.0,13.5,0.0,0.0,0.0,見送り(地合い🔴),,0.0,10.2,3.0,8.8,1834,1953.0,6.3,1.3,603,MA上昇配列 / パーフェクトオーダー / 52週高値目前
2053,中部飼料,食料品,14.5,★☆☆☆☆,0.0,0.0,1.0,0.0,13.5,0.0,0.0,0.0,見送り(地合い🔴),,0.0,2.6,1.7,3.9,1965,2033.0,2.6,0.9,133,MA上昇配列 / パーフェクトオーダー / 52週高値目前
4290,プレステージ・インターナショナル,サービス業,14.5,★☆☆☆☆,0.0,0.0,4.3,0.0,10.2,0.0,0.0,0.0,見送り(地合い🔴),,0.0,10.7,1.4,5.6,720,740.0,2.8,0.8,440,買い出来高優勢 / MA上昇配列 / 52週高値目前
6222,島精機製作所,機械,14.5,★☆☆☆☆,4.5,0.0,2.0,0.0,8.0,0.0,0.0,0.0,見送り(地合い🔴),SK hynix,-1.4,11.3,2.0,5.7,938,976.0,2.4,0.8,171,SK hynix+11.4%連動(β0.16) / MA上昇配列
6750,エレコム,電気機器,14.5,★☆☆☆☆,0.0,0.0,1.0,0.0,13.5,0.0,0.0,0.0,見送り(地合い🔴),,0.0,6.1,2.7,4.6,1865,1973.0,3.4,0.6,465,MA上昇配列 / パーフェクトオーダー / 52週高値目前
8697,日本取引所グループ,その他金融業,14.4,★☆☆☆☆,3.9,0.0,1.0,0.0,9.5,0.0,0.0,0.0,見送り(地合い🔴),SK hynix,-0.6,-0.7,2.3,0.2,2135,2238.5,0.8,0.6,8581,SK hynix+11.4%連動(β0.14) / MA上昇配列 / パーフェクトオーダー
325A,ＴＥＮＴＩＡＬ,繊維製品,14.399999999999999,★☆☆☆☆,0.0,0.0,3.0,0.0,9.7,0.0,1.7,0.0,見送り(地合い🔴),,0.0,6.2,4.0,10.0,1656,1800.0,10.0,1.5,399,MA上昇配列 / パーフェクトオーダー / 開示[自己株式の取得](6日前)
4216,旭有機材,化学,14.399999999999999,★☆☆☆☆,11.7,0.0,0.0,0.0,2.7,0.0,0.0,0.0,見送り(地合い🔴),SK hynix,2.1,-8.6,3.1,-2.2,5567,5930.0,-2.5,0.3,400,SK hynix+11.4%連動(β0.20) 未反応+2.1%
3076,あい　ホールディングス,卸売業,14.3,★☆☆☆☆,0.0,0.0,3.3,0.0,11.0,0.0,0.0,0.0,見送り(地合い🔴),,0.0,6.0,2.0,2.2,2817,2935.0,-0.3,0.7,517,買い出来高優勢 / MA上昇配列 / パーフェクトオーダー / 52週高値目前
7774,ジャパン・ティッシュエンジニアリング,精密機器,14.3,★☆☆☆☆,0.0,0.0,5.3,0.0,12.0,0.0,0.0,-3.0,見送り(地合い🔴),,0.0,39.1,5.2,15.6,770,860.0,1.1,0.8,118,買い出来高優勢 / 資金流入増 / MA上昇配列 / パーフェクトオーダー / 伸びすぎ注意(25MA+16%)
3101,東洋紡,化学,14.3,★☆☆☆☆,8.3,0.0,0.0,0.0,6.0,0.0,0.0,0.0,見送り(地合い🔴),SK hynix,1.2,-0.1,4.3,1.7,1492,1633.0,-1.6,0.6,1228,SK hynix+11.4%連動(β0.17) 未反応+1.2%
5563,新日本電工,鉄鋼,14.3,★☆☆☆☆,6.3,0.0,1.0,0.0,7.0,0.0,0.0,0.0,見送り(地合い🔴),SK hynix,0.5,4.3,4.3,3.7,406,444.0,0.0,0.5,439,SK hynix+11.4%連動(β0.17) 未反応+0.5%
6080,Ｍ＆Ａキャピタルパートナーズ,サービス業,14.3,★☆☆☆☆,0.0,0.0,4.3,0.0,10.0,0.0,0.0,0.0,見送り(地合い🔴),,0.0,10.1,2.3,5.8,3974,4165.0,2.7,0.5,538,買い出来高優勢 / MA上昇配列 / パーフェクトオーダー
9948,アークス,小売業,14.3,★☆☆☆☆,0.0,0.0,4.3,0.0,10.0,0.0,0.0,0.0,見送り(地合い🔴),,0.0,5.4,1.8,4.0,3601,3735.0,3.6,1.2,320,買い出来高優勢 / MA上昇配列
4674,クレスコ,情報・通信業,14.3,★☆☆☆☆,0.0,0.0,6.3,0.0,11.0,0.0,0.0,-3.0,見送り(地合い🔴),,0.0,29.9,3.3,16.3,1909,2044.0,4.6,1.3,443,買い出来高優勢 / 資金流入増 / MA上昇配列 / パーフェクトオーダー / 52週高値目前 / RSI過熱(95)⚠ / 伸びすぎ注意(25MA+16%)
6231,木村工機,機械,14.3,★☆☆☆☆,0.0,0.0,3.3,0.0,8.0,0.0,3.0,0.0,見送り(地合い🔴),,0.0,4.8,4.6,6.0,12150,13370.0,-2.7,0.7,178,買い出来高優勢 / MA上昇配列 / 開示[自己株式の取得](0日前)
9511,沖縄電力,電気・ガス業,14.3,★☆☆☆☆,0.0,0.0,5.3,0.0,9.0,0.0,0.0,0.0,見送り(地合い🔴),,0.0,26.0,2.1,12.5,1127,1176.0,3.0,0.7,398,買い出来高優勢 / 資金流入増 / MA上昇配列
5851,リョービ,非鉄金属,14.3,★☆☆☆☆,0.0,0.0,4.3,0.0,10.0,0.0,0.0,0.0,見送り(地合い🔴),,0.0,11.5,2.4,5.5,2676,2812.0,-1.1,0.6,406,買い出来高優勢 / MA上昇配列
6276,シリウスビジョン,電気機器,14.3,★☆☆☆☆,0.0,0.0,7.3,0.0,10.0,0.0,0.0,-3.0,見送り(地合い🔴),,0.0,25.7,8.5,18.0,327,394.0,3.1,1.5,101,買い出来高優勢 / 資金流入増 / MA上昇配列 / パーフェクトオーダー / 伸びすぎ注意(25MA+18%)
8276,平和堂,小売業,14.3,★☆☆☆☆,0.0,0.0,5.3,0.0,9.0,0.0,0.0,0.0,見送り(地合い🔴),,0.0,6.2,1.9,3.7,2642,2749.0,1.4,0.3,952,買い出来高優勢 / 資金流入増 / MA上昇配列
3989,シェアリングテクノロジー,情報・通信業,14.3,★☆☆☆☆,0.0,0.0,3.3,0.0,11.0,0.0,0.0,0.0,見送り(地合い🔴),,0.0,8.4,2.9,7.5,1451,1540.0,3.0,0.6,337,買い出来高優勢 / MA上昇配列 / パーフェクトオーダー / 52週高値目前 / RSI過熱(91)⚠
9310,日本トランスシティ,倉庫・運輸関連業,14.299999999999999,★☆☆☆☆,0.0,0.0,4.0,0.0,8.2,0.0,2.1,0.0,見送り(地合い🔴),,0.0,10.4,3.5,2.7,1307,1405.0,-0.6,1.3,205,MA上昇配列 / パーフェクトオーダー / 開示[自己株式の取得](4日前)
417A,ブルーゾーンホールディングス,小売業,14.2,★☆☆☆☆,0.0,0.0,2.0,0.0,12.0,0.0,0.2,0.0,見送り(地合い🔴),,0.0,5.8,2.0,4.6,1798,1871.0,4.8,0.9,538,MA上昇配列 / パーフェクトオーダー / 開示[自己株式の取得](13日前)
2607,不二製油,食料品,14.2,★☆☆☆☆,0.0,0.0,2.0,0.0,12.2,0.0,0.0,0.0,見送り(地合い🔴),,0.0,17.9,3.3,9.5,4272,4574.0,2.0,0.8,1449,MA上昇配列 / パーフェクトオーダー / 52週高値目前
3923,ラクス,情報・通信業,14.2,★☆☆☆☆,3.0,0.0,1.0,0.0,10.0,0.0,0.2,0.0,見送り(地合い🔴),Microsoft,-2.8,16.6,4.1,6.9,1040,1134.0,3.1,0.6,2275,Microsoft+2.2%連動(β0.55) / MA上昇配列 / パーフェクトオーダー / 開示[資本業務提携](13日前)
7976,三菱鉛筆,その他製品,14.2,★☆☆☆☆,0.0,0.0,2.0,0.0,12.2,0.0,0.0,0.0,見送り(地合い🔴),,0.0,12.4,2.5,6.7,2820,2970.0,3.9,0.6,421,MA上昇配列 / パーフェクトオーダー / 52週高値目前
5901,東洋製罐グループホールディングス,金属製品,14.2,★☆☆☆☆,0.0,0.0,2.0,0.0,12.2,0.0,0.0,0.0,見送り(地合い🔴),,0.0,6.3,2.5,4.4,4195,4413.0,-0.3,0.6,1034,MA上昇配列 / パーフェクトオーダー / 52週高値目前
2384,ＳＢＳホールディングス,陸運業,14.2,★☆☆☆☆,0.0,0.0,2.0,0.0,12.2,0.0,0.0,0.0,見送り(地合い🔴),,0.0,13.6,3.3,9.0,4746,5080.0,2.9,0.6,411,MA上昇配列 / パーフェクトオーダー / 52週高値目前
2060,フィード・ワン,食料品,14.2,★☆☆☆☆,0.0,0.0,2.0,0.0,12.2,0.0,0.0,0.0,見送り(地合い🔴),,0.0,9.5,2.1,7.2,1363,1423.0,1.5,1.0,140,MA上昇配列 / パーフェクトオーダー / 52週高値目前
6209,リケンＮＰＲ,機械,14.2,★☆☆☆☆,10.0,0.0,1.0,0.0,3.2,0.0,0.0,0.0,見送り(地合い🔴),SK hynix,2.2,-0.7,2.4,-0.1,3801,3995.0,-1.0,0.4,510,SK hynix+11.4%連動(β0.12) 未反応+2.2%
9551,メタウォーター,電気・ガス業,14.1,★☆☆☆☆,12.9,0.0,0.0,0.0,1.2,0.0,0.0,0.0,見送り(地合い🔴),SK hynix,3.0,-3.3,3.0,-1.4,2934,3120.0,-3.7,0.5,491,SK hynix+11.4%連動(β0.14) 未反応+3.0%
8281,ゼビオホールディングス,小売業,14.0,★☆☆☆☆,0.0,0.0,2.0,0.0,12.0,0.0,0.0,0.0,見送り(地合い🔴),,0.0,6.9,2.8,4.9,1124,1191.0,-0.7,0.7,165,MA上昇配列 / パーフェクトオーダー
6301,小松製作所,機械,14.0,★☆☆☆☆,4.5,0.0,0.0,0.0,9.5,0.0,0.0,0.0,見送り(地合い🔴),SK hynix,-1.6,10.2,2.9,5.8,6985,7414.0,2.8,0.8,23471,SK hynix+11.4%連動(β0.16) / MA上昇配列 / パーフェクトオーダー
7516,コーナン商事,小売業,14.0,★☆☆☆☆,0.0,0.0,2.0,0.0,12.0,0.0,0.0,0.0,見送り(地合い🔴),,0.0,5.9,1.7,4.7,4312,4460.0,4.4,0.9,392,MA上昇配列 / パーフェクトオーダー
3093,トレジャー・ファクトリー,小売業,14.0,★☆☆☆☆,0.0,0.0,2.0,0.0,12.0,0.0,0.0,0.0,見送り(地合い🔴),,0.0,1.9,2.7,2.7,2037,2155.0,1.4,1.0,290,MA上昇配列 / パーフェクトオーダー
6592,マブチモーター,電気機器,14.0,★☆☆☆☆,0.0,0.0,2.0,0.0,12.0,0.0,0.0,0.0,見送り(地合い🔴),,0.0,6.9,2.5,4.0,1660,1748.5,-2.1,0.9,2789,MA上昇配列 / パーフェクトオーダー
5185,フコク,ゴム製品,14.0,★☆☆☆☆,0.0,0.0,5.3,0.0,8.7,0.0,0.0,0.0,見送り(地合い🔴),,0.0,10.8,2.0,6.0,1980,2061.0,-1.1,0.6,149,買い出来高優勢 / 資金流入増 / MA上昇配列
5076,インフロニア・ホールディングス,建設業,14.0,★☆☆☆☆,0.0,0.0,2.0,0.0,12.0,0.0,0.0,0.0,見送り(地合い🔴),,0.0,-2.3,3.2,2.1,2589,2765.0,-2.0,0.7,4947,MA上昇配列 / パーフェクトオーダー
3895,ハビックス,パルプ・紙,14.0,★☆☆☆☆,0.0,0.0,4.0,0.0,10.0,0.0,0.0,0.0,見送り(地合い🔴),,0.0,22.3,6.5,14.2,435,500.0,-0.6,0.6,125,資金流入増 / MA上昇配列 / パーフェクトオーダー
3333,あさひ,小売業,14.0,★☆☆☆☆,0.0,0.0,3.0,0.0,11.0,0.0,0.0,0.0,見送り(地合い🔴),,0.0,4.0,1.6,2.9,1320,1365.0,1.4,0.7,185,MA上昇配列 / パーフェクトオーダー
8551,北日本銀行,銀行業,14.0,★☆☆☆☆,0.0,0.0,2.0,0.0,12.0,0.0,0.0,0.0,見送り(地合い🔴),,0.0,5.5,3.9,5.3,6694,7260.0,-2.2,0.9,370,資金流入増 / MA上昇配列 / パーフェクトオーダー
6118,アイダエンジニアリング,機械,14.0,★☆☆☆☆,0.0,0.0,2.0,0.0,12.0,0.0,0.0,0.0,見送り(地合い🔴),,0.0,4.6,2.5,3.4,1196,1260.0,0.6,0.6,159,MA上昇配列 / パーフェクトオーダー
2120,ＬＩＦＵＬＬ,サービス業,14.0,★☆☆☆☆,0.0,0.0,5.0,0.0,8.7,0.0,0.3,0.0,見送り(地合い🔴),,0.0,21.1,3.9,11.6,220,239.0,1.3,1.3,242,資金流入増 / MA上昇配列 / パーフェクトオーダー / 開示[上方修正](13日前)
6135,牧野フライス製作所,機械,14.0,★☆☆☆☆,0.0,0.0,2.0,0.0,12.0,0.0,0.0,0.0,見送り(地合い🔴),,0.0,4.8,3.6,5.3,14509,15630.0,-4.9,0.7,4081,MA上昇配列 / パーフェクトオーダー
2170,リンクアンドモチベーション,サービス業,14.0,★☆☆☆☆,0.0,0.0,4.0,0.0,10.0,0.0,0.0,0.0,見送り(地合い🔴),,0.0,12.1,5.2,7.5,608,678.0,7.6,0.9,537,資金流入増 / MA上昇配列 / パーフェクトオーダー
2292,Ｓ　Ｆｏｏｄｓ,食料品,14.0,★☆☆☆☆,0.0,0.0,5.0,0.0,9.0,0.0,0.0,0.0,見送り(地合い🔴),,0.0,3.8,1.5,4.4,2813,2900.0,3.7,1.9,661,MA上昇配列
2685,アンドエスティＨＤ,小売業,14.0,★☆☆☆☆,0.0,0.0,2.0,0.0,12.0,0.0,0.0,0.0,見送り(地合い🔴),,0.0,4.0,1.8,2.0,3391,3515.0,2.6,1.5,963,MA上昇配列 / パーフェクトオーダー
287A,黒田グループ,卸売業,14.0,★☆☆☆☆,0.0,0.0,2.0,0.0,12.0,0.0,0.0,0.0,見送り(地合い🔴),,0.0,6.6,2.7,4.2,1123,1186.0,-2.8,0.5,610,MA上昇配列 / パーフェクトオーダー
7719,東京衡機,精密機器,14.0,★☆☆☆☆,0.0,0.0,8.0,0.0,6.0,0.0,0.0,0.0,見送り(地合い🔴),,0.0,14.2,4.7,14.8,457,504.0,10.8,9.3,124,出来高急増9.3倍 / 買い出来高優勢
2659,サンエー,小売業,14.0,★☆☆☆☆,0.0,0.0,2.0,0.0,12.0,0.0,0.0,0.0,見送り(地合い🔴),,0.0,5.2,1.6,3.0,3271,3380.0,2.1,0.7,457,MA上昇配列 / パーフェクトオーダー
3148,クリエイトＳＤホールディングス,小売業,14.0,★☆☆☆☆,0.0,0.0,2.0,0.0,12.0,0.0,0.0,0.0,見送り(地合い🔴),,0.0,1.3,1.6,2.1,3319,3425.0,2.4,0.7,324,MA上昇配列 / パーフェクトオーダー
7711,助川電気工業,精密機器,14.0,★☆☆☆☆,0.0,6.0,2.0,0.0,6.0,0.0,0.0,0.0,見送り(地合い🔴),,0.0,5.2,4.8,4.5,4321,4785.0,-3.6,0.6,323,核融合(-6.2%)
3864,三菱製紙,パルプ・紙,14.0,★☆☆☆☆,0.0,0.0,2.0,0.0,12.0,0.0,0.0,0.0,見送り(地合い🔴),,0.0,2.4,3.6,2.2,1091,1176.0,2.2,0.7,246,MA上昇配列 / パーフェクトオーダー
3771,システムリサーチ,情報・通信業,14.0,★☆☆☆☆,0.0,0.0,5.3,0.0,8.7,0.0,0.0,0.0,見送り(地合い🔴),,0.0,8.6,2.2,6.9,1891,1979.0,3.3,1.0,122,買い出来高優勢 / 資金流入増 / MA上昇配列
4617,中国塗料,化学,13.9,★☆☆☆☆,11.4,0.0,0.0,0.0,2.5,0.0,0.0,0.0,見送り(地合い🔴),SK hynix,2.1,-2.7,2.9,-1.3,3379,3585.0,-2.0,0.3,909,SK hynix+11.4%連動(β0.17) 未反応+2.1%
5857,ＡＲＥホールディングス,非鉄金属,13.899999999999999,★☆☆☆☆,3.9,0.0,5.3,0.0,7.7,0.0,0.0,-3.0,見送り(地合い🔴),SK hynix,-9.9,27.6,4.2,18.5,3640,3975.0,9.5,1.5,2940,SK hynix+11.4%連動(β0.14) / 買い出来高優勢 / MA上昇配列 / 伸びすぎ注意(25MA+19%)
5711,三菱マテリアル,非鉄金属,13.899999999999999,★☆☆☆☆,6.2,0.0,6.0,0.0,6.7,0.0,0.0,-5.0,見送り(地合い🔴),SK hynix,-7.5,37.1,5.2,23.8,5172,5772.0,9.7,2.0,11400,SK hynix+11.4%連動(β0.22) / 資金流入増 / 過熱⚠25MA+24%
9101,日本郵船,海運業,13.7,★☆☆☆☆,0.0,0.0,3.0,0.0,13.7,0.0,0.0,-3.0,見送り(地合い🔴),,0.0,19.7,2.6,15.8,6827,7200.0,10.9,1.2,21564,MA上昇配列 / パーフェクトオーダー / 52週高値ブレイク! / 伸びすぎ注意(25MA+16%)
1952,新日本空調,建設業,13.7,★☆☆☆☆,11.5,0.0,1.0,0.0,1.2,0.0,0.0,0.0,見送り(地合い🔴),SK hynix,2.2,-12.5,4.1,-4.4,2832,3085.0,-2.5,0.6,819,SK hynix+11.4%連動(β0.18) 未反応+2.2%
9324,安田倉庫,倉庫・運輸関連業,13.7,★☆☆☆☆,0.0,0.0,3.0,0.0,10.7,0.0,0.0,0.0,見送り(地合い🔴),,0.0,-0.4,2.6,1.2,2440,2573.0,0.1,0.7,245,MA上昇配列 / パーフェクトオーダー
3465,ケイアイスター不動産,不動産業,13.7,★☆☆☆☆,0.0,0.0,3.0,0.0,10.7,0.0,0.0,0.0,見送り(地合い🔴),,0.0,8.1,3.2,6.5,3663,3915.0,0.4,1.0,621,MA上昇配列 / パーフェクトオーダー
2664,カワチ薬品,小売業,13.7,★☆☆☆☆,0.0,0.0,3.0,0.0,10.7,0.0,0.0,0.0,見送り(地合い🔴),,0.0,11.2,3.1,5.9,3521,3755.0,-1.4,1.0,348,MA上昇配列 / パーフェクトオーダー
9842,アークランズ,小売業,13.7,★☆☆☆☆,0.0,0.0,3.0,0.0,10.7,0.0,0.0,0.0,見送り(地合い🔴),,0.0,-0.1,1.5,0.8,1867,1924.0,0.9,0.7,640,MA上昇配列 / パーフェクトオーダー
4443,Ｓａｎｓａｎ,情報・通信業,13.7,★☆☆☆☆,3.0,0.0,2.0,0.0,8.7,0.0,0.0,0.0,見送り(地合い🔴),Microsoft,-11.7,24.4,4.2,14.4,2061,2248.0,11.7,0.8,2479,Microsoft+2.2%連動(β0.54) / MA上昇配列 / パーフェクトオーダー
8139,ナガホリ,卸売業,13.7,★☆☆☆☆,0.0,0.0,7.7,0.0,6.0,0.0,0.0,0.0,見送り(地合い🔴),,0.0,8.3,6.4,8.3,2042,2344.0,7.5,2.2,153,出来高増2.2倍 / 買い出来高優勢
6638,ミマキエンジニアリング,電気機器,13.7,★☆☆☆☆,11.7,0.0,1.0,0.0,1.0,0.0,0.0,0.0,見送り(地合い🔴),SK hynix,1.8,-13.7,4.6,-5.5,1760,1937.0,-1.4,0.7,255,SK hynix+11.4%連動(β0.22) 未反応+1.8%
3968,セグエグループ,情報・通信業,13.6,★☆☆☆☆,0.0,0.0,4.0,0.0,9.0,0.0,0.6,0.0,見送り(地合い🔴),,0.0,10.8,3.8,8.4,603,653.0,-0.3,1.4,256,MA上昇配列 / 開示[上方修正](12日前)
9303,住友倉庫,倉庫・運輸関連業,13.5,★☆☆☆☆,0.0,0.0,0.0,0.0,13.5,0.0,0.0,0.0,見送り(地合い🔴),,0.0,3.7,2.3,3.1,4001,4195.0,3.6,0.9,509,MA上昇配列 / パーフェクトオーダー / 52週高値目前
4373,シンプレクス・ホールディングス,情報・通信業,13.5,★☆☆☆☆,0.0,0.0,0.0,0.0,13.5,0.0,0.0,0.0,見送り(地合い🔴),,0.0,11.9,3.4,6.1,1105,1186.0,3.5,0.7,1258,MA上昇配列 / パーフェクトオーダー / 52週高値目前
8194,ライフコーポレーション,小売業,13.5,★☆☆☆☆,0.0,0.0,2.0,0.0,11.5,0.0,0.0,0.0,見送り(地合い🔴),,0.0,9.1,2.3,5.7,2582,2707.0,4.7,1.0,537,MA上昇配列 / 52週高値目前
4958,長谷川香料,化学,13.5,★☆☆☆☆,0.0,0.0,0.0,0.0,13.5,0.0,0.0,0.0,見送り(地合い🔴),,0.0,2.5,1.5,1.5,3249,3350.0,0.9,0.4,195,MA上昇配列 / パーフェクトオーダー / 52週高値目前
5010,日本精蝋,石油・石炭製品,13.5,★☆☆☆☆,0.0,0.0,5.0,0.0,11.0,0.0,0.5,-3.0,見送り(地合い🔴),,0.0,26.8,6.2,17.0,263,300.0,-8.0,1.3,134,資金流入増 / MA上昇配列 / パーフェクトオーダー / 伸びすぎ注意(25MA+17%) / 開示[業績予想の修正](11日前)
3399,丸千代山岡家,小売業,13.5,★☆☆☆☆,0.0,0.0,0.0,0.0,13.5,0.0,0.0,0.0,見送り(地合い🔴),,0.0,5.8,3.0,6.9,3706,3940.0,3.7,0.9,384,MA上昇配列 / パーフェクトオーダー / 52週高値目前
9274,ＫＰＰグループホールディングス,卸売業,13.5,★☆☆☆☆,0.0,0.0,0.0,0.0,13.5,0.0,0.0,0.0,見送り(地合い🔴),,0.0,1.7,2.3,2.2,1069,1122.0,3.5,1.1,265,MA上昇配列 / パーフェクトオーダー / 52週高値目前
8014,蝶理,卸売業,13.5,★☆☆☆☆,0.0,0.0,6.0,0.0,7.5,0.0,0.0,0.0,見送り(地合い🔴),,0.0,9.4,2.0,7.8,4179,4355.0,5.1,1.6,222,資金流入増 / MA上昇配列 / RSI過熱(98)⚠
9627,アインホールディングス,小売業,13.5,★☆☆☆☆,0.0,0.0,3.0,0.0,8.0,0.0,2.5,0.0,見送り(地合い🔴),,0.0,4.0,2.5,3.2,5847,6152.0,0.7,0.4,1132,MA上昇配列 / 開示[買収](0日前)
2820,やまみ,食料品,13.5,★☆☆☆☆,0.0,0.0,4.3,0.0,12.2,0.0,0.0,-3.0,見送り(地合い🔴),,0.0,28.8,4.5,16.8,5630,6190.0,6.4,0.6,116,買い出来高優勢 / MA上昇配列 / パーフェクトオーダー / 52週高値目前 / 伸びすぎ注意(25MA+17%)
3036,アルコニックス,卸売業,13.5,★☆☆☆☆,0.0,0.0,4.0,0.0,9.5,0.0,0.0,0.0,見送り(地合い🔴),,0.0,33.2,5.7,13.3,3069,3465.0,-5.1,0.8,726,資金流入増 / MA上昇配列 / パーフェクトオーダー
8704,トレイダーズホールディングス,証券、商品先物取引業,13.5,★☆☆☆☆,0.0,0.0,0.0,0.0,13.5,0.0,0.0,0.0,見送り(地合い🔴),,0.0,5.7,2.7,4.8,1288,1362.0,1.6,0.5,118,MA上昇配列 / パーフェクトオーダー / 52週高値目前
5659,日本精線,鉄鋼,13.4,★☆☆☆☆,7.4,0.0,0.0,0.0,6.0,0.0,0.0,0.0,見送り(地合い🔴),SK hynix,1.2,-3.8,2.4,1.8,1351,1418.0,-1.4,0.5,123,SK hynix+11.4%連動(β0.13) 未反応+1.2%
9468,ＫＡＤＯＫＡＷＡ,情報・通信業,13.4,★☆☆☆☆,0.0,0.0,2.0,0.0,11.0,0.0,0.4,0.0,見送り(地合い🔴),,0.0,3.1,2.7,2.6,3443,3637.0,3.2,1.4,1923,MA上昇配列 / パーフェクトオーダー / 開示[業績予想の修正](12日前)
6869,シスメックス,電気機器,13.3,★☆☆☆☆,0.0,0.0,3.3,0.0,10.0,0.0,0.0,0.0,見送り(地合い🔴),,0.0,26.2,3.9,12.7,1801,1952.5,5.5,0.6,5852,買い出来高優勢 / MA上昇配列 / パーフェクトオーダー
3984,ユーザーローカル,情報・通信業,13.3,★☆☆☆☆,13.3,0.0,0.0,0.0,0.0,0.0,0.0,0.0,見送り(地合い🔴),SK hynix,2.5,-9.5,4.5,-6.7,1432,1574.0,0.1,0.9,213,SK hynix+11.4%連動(β0.21) 未反応+2.5%
6807,日本航空電子工業,電気機器,13.3,★☆☆☆☆,9.3,0.0,0.0,0.0,4.0,0.0,0.0,0.0,見送り(地合い🔴),SK hynix,1.6,-4.5,2.4,-0.0,2271,2384.0,1.7,0.9,749,SK hynix+11.4%連動(β0.16) 未反応+1.6%
4996,クミアイ化学工業,化学,13.3,★☆☆☆☆,0.0,0.0,3.3,0.0,10.0,0.0,0.0,0.0,見送り(地合い🔴),,0.0,6.0,1.6,4.7,760,786.0,2.9,0.9,288,買い出来高優勢 / MA上昇配列 / パーフェクトオーダー
4393,バンク・オブ・イノベーション,情報・通信業,13.3,★☆☆☆☆,0.0,0.0,5.3,0.0,8.0,0.0,0.0,0.0,見送り(地合い🔴),,0.0,18.5,4.1,11.3,5130,5590.0,4.3,1.8,210,買い出来高優勢 / MA上昇配列
2602,日清オイリオグループ,食料品,13.2,★☆☆☆☆,0.0,0.0,1.0,0.0,12.2,0.0,0.0,0.0,見送り(地合い🔴),,0.0,3.9,1.9,4.9,1976,2053.0,2.9,0.7,536,MA上昇配列 / パーフェクトオーダー / 52週高値目前
6306,日工,機械,13.2,★☆☆☆☆,0.0,0.0,1.0,0.0,12.2,0.0,0.0,0.0,見送り(地合い🔴),,0.0,6.4,2.1,4.6,992,1035.0,0.9,0.9,138,MA上昇配列 / パーフェクトオーダー / 52週高値目前
7102,日本車輌製造,輸送用機器,13.2,★☆☆☆☆,4.5,0.0,1.0,0.0,7.7,0.0,0.0,0.0,見送り(地合い🔴),SK hynix,-1.8,0.3,2.4,5.6,3598,3780.0,2.4,0.9,208,SK hynix+11.4%連動(β0.16) / MA上昇配列
8132,シナネンホールディングス,卸売業,13.100000000000001,★☆☆☆☆,0.0,0.0,5.3,0.0,8.0,0.0,2.8,-3.0,見送り(地合い🔴),,0.0,18.2,5.8,16.8,7486,8460.0,-3.9,0.7,192,買い出来高優勢 / 資金流入増 / 伸びすぎ注意(25MA+17%) / 開示[自己株式の取得](1日前)
7167,めぶきフィナンシャルグループ,銀行業,13.0,★☆☆☆☆,0.0,0.0,1.0,0.0,12.0,0.0,0.0,0.0,見送り(地合い🔴),,0.0,4.7,3.1,4.8,1535,1635.5,-2.1,0.8,4554,MA上昇配列 / パーフェクトオーダー
7366,ＬＩＴＡＬＩＣＯ,サービス業,13.0,★☆☆☆☆,0.0,0.0,4.3,0.0,8.7,0.0,0.0,0.0,見送り(地合い🔴),,0.0,17.1,3.8,10.4,1745,1888.0,2.4,1.2,252,買い出来高優勢 / MA上昇配列 / パーフェクトオーダー
319A,技術承継機構,金属製品,13.0,★☆☆☆☆,0.0,0.0,2.0,0.0,11.0,0.0,0.0,0.0,見送り(地合い🔴),,0.0,25.3,8.3,10.1,16797,20160.0,4.5,0.9,880,MA上昇配列 / パーフェクトオーダー
8214,ＡＯＫＩホールディングス,小売業,13.0,★☆☆☆☆,0.0,0.0,3.0,0.0,10.0,0.0,0.0,0.0,見送り(地合い🔴),,0.0,2.1,1.7,1.9,1694,1752.0,3.1,0.5,358,MA上昇配列
9075,福山通運,陸運業,13.0,★☆☆☆☆,0.0,0.0,1.0,0.0,12.0,0.0,0.0,0.0,見送り(地合い🔴),,0.0,3.8,3.1,4.9,6031,6430.0,0.9,0.7,680,MA上昇配列 / パーフェクトオーダー
4680,ラウンドワン,サービス業,13.0,★☆☆☆☆,0.0,0.0,2.0,0.0,11.0,0.0,0.0,0.0,見送り(地合い🔴),,0.0,13.5,5.5,6.1,1202,1352.0,4.1,0.8,4328,MA上昇配列 / パーフェクトオーダー
8541,愛媛銀行,銀行業,13.0,★☆☆☆☆,0.0,0.0,1.0,0.0,12.0,0.0,0.0,0.0,見送り(地合い🔴),,0.0,9.9,4.5,9.1,2828,3110.0,-2.5,0.6,945,MA上昇配列 / パーフェクトオーダー
4544,Ｈ．Ｕ．グループホールディングス,サービス業,13.0,★☆☆☆☆,0.0,0.0,1.0,0.0,12.0,0.0,0.0,0.0,見送り(地合い🔴),,0.0,7.9,2.8,5.0,3458,3660.0,3.3,1.0,925,MA上昇配列 / パーフェクトオーダー
4543,テルモ,精密機器,13.0,★☆☆☆☆,0.0,0.0,2.0,0.0,11.0,0.0,0.0,0.0,見送り(地合い🔴),,0.0,18.5,3.6,7.8,2410,2595.5,-0.9,0.6,13070,MA上昇配列 / パーフェクトオーダー
4475,ＨＥＮＮＧＥ,情報・通信業,13.0,★☆☆☆☆,0.0,0.0,3.0,0.0,10.0,0.0,0.0,0.0,見送り(地合い🔴),,0.0,23.4,5.7,11.3,1384,1561.0,7.3,1.1,842,MA上昇配列 / パーフェクトオーダー
4396,システムサポートホールディングス,情報・通信業,13.0,★☆☆☆☆,0.0,0.0,5.3,0.0,7.7,0.0,0.0,0.0,見送り(地合い🔴),,0.0,24.0,4.1,13.5,1264,1376.0,0.2,0.6,189,買い出来高優勢 / 資金流入増 / MA上昇配列
7354,ダイレクトマーケティングミックス,サービス業,13.0,★☆☆☆☆,0.0,0.0,3.0,0.0,10.0,0.0,0.0,0.0,見送り(地合い🔴),,0.0,5.1,4.8,3.0,327,362.0,6.5,1.5,123,MA上昇配列 / パーフェクトオーダー
8562,福島銀行,銀行業,13.0,★☆☆☆☆,0.0,0.0,2.0,0.0,11.0,0.0,0.0,0.0,見送り(地合い🔴),,0.0,2.6,3.0,2.8,341,363.0,-4.2,1.1,118,MA上昇配列 / パーフェクトオーダー
8570,イオンフィナンシャルサービス,その他金融業,13.0,★☆☆☆☆,0.0,0.0,4.3,0.0,8.7,0.0,0.0,0.0,見送り(地合い🔴),,0.0,8.1,2.1,6.7,1638,1710.5,5.9,1.3,907,買い出来高優勢 / MA上昇配列
8157,都築電気,情報・通信業,13.0,★☆☆☆☆,0.0,0.0,1.0,0.0,12.0,0.0,0.0,0.0,見送り(地合い🔴),,0.0,2.6,2.5,3.0,3948,4155.0,1.0,0.6,215,MA上昇配列 / パーフェクトオーダー
9006,京浜急行電鉄,陸運業,13.0,★☆☆☆☆,0.0,0.0,1.0,0.0,12.0,0.0,0.0,0.0,見送り(地合い🔴),,0.0,-0.6,1.4,1.1,1528,1570.5,3.6,0.5,1399,MA上昇配列 / パーフェクトオーダー
8923,トーセイ,不動産業,13.0,★☆☆☆☆,0.0,0.0,1.0,0.0,12.0,0.0,0.0,0.0,見送り(地合い🔴),,0.0,2.6,1.9,2.0,1748,1818.0,1.6,0.7,419,MA上昇配列 / パーフェクトオーダー
215A,タイミー,サービス業,13.0,★☆☆☆☆,0.0,0.0,3.0,0.0,10.0,0.0,0.0,0.0,見送り(地合い🔴),,0.0,11.2,3.7,8.0,1533,1656.0,1.8,1.3,1990,MA上昇配列 / パーフェクトオーダー
2670,エービーシー・マート,小売業,13.0,★☆☆☆☆,0.0,0.0,2.0,0.0,11.0,0.0,0.0,0.0,見送り(地合い🔴),,0.0,5.0,1.8,1.9,2706,2806.5,0.8,0.7,1421,MA上昇配列 / パーフェクトオーダー
2212,山崎製パン,食料品,13.0,★☆☆☆☆,0.0,0.0,3.0,0.0,10.0,0.0,0.0,0.0,見送り(地合い🔴),,0.0,8.0,2.7,5.8,3479,3674.0,6.0,0.7,2625,MA上昇配列
5020,ＥＮＥＯＳホールディングス,石油・石炭製品,13.0,★☆☆☆☆,0.0,0.0,2.0,0.0,11.0,0.0,0.0,0.0,見送り(地合い🔴),,0.0,0.1,2.9,2.9,1263,1340.5,3.6,0.7,9638,MA上昇配列 / パーフェクトオーダー
1377,サカタのタネ,水産・農林業,13.0,★☆☆☆☆,0.0,0.0,1.0,0.0,12.0,0.0,0.0,0.0,見送り(地合い🔴),,0.0,0.3,1.4,1.7,4356,4480.0,2.3,0.7,476,MA上昇配列 / パーフェクトオーダー
8097,三愛オブリ,卸売業,13.0,★☆☆☆☆,0.0,0.0,1.0,0.0,12.0,0.0,0.0,0.0,見送り(地合い🔴),,0.0,3.0,2.0,4.1,2327,2423.0,2.5,0.7,219,MA上昇配列 / パーフェクトオーダー
9434,ソフトバンク,情報・通信業,13.0,★☆☆☆☆,0.0,0.0,2.0,0.0,11.0,0.0,0.0,0.0,見送り(地合い🔴),,0.0,4.6,2.1,2.7,225,235.0,0.0,0.7,19081,MA上昇配列 / パーフェクトオーダー / 52週高値目前
2002,日清製粉グループ本社,食料品,13.0,★☆☆☆☆,0.0,0.0,1.0,0.0,12.0,0.0,0.0,0.0,見送り(地合い🔴),,0.0,-1.1,2.0,1.3,1974,2056.0,2.2,0.7,2035,MA上昇配列 / パーフェクトオーダー
9889,ＪＢＣＣホールディングス,情報・通信業,13.0,★☆☆☆☆,0.0,0.0,4.0,0.0,9.0,0.0,0.0,0.0,見送り(地合い🔴),,0.0,18.8,2.9,6.8,1641,1743.0,2.3,1.3,465,MA上昇配列 / 52週高値目前
3825,リミックスポイント,小売業,12.9,★☆☆☆☆,0.0,0.0,1.0,0.0,8.0,0.0,3.9,0.0,見送り(地合い🔴),,0.0,15.2,6.5,11.4,201,231.0,10.5,1.4,441,MA上昇配列 / 開示[業務提携](8日前) / 開示[業務提携](8日前)
9308,乾汽船,海運業,12.8,★☆☆☆☆,0.0,0.0,5.3,0.0,7.5,0.0,0.0,0.0,見送り(地合い🔴),,0.0,21.6,3.6,10.2,1983,2136.0,-0.5,1.2,345,買い出来高優勢 / 資金流入増 / MA上昇配列 / パーフェクトオーダー
5714,ＤＯＷＡホールディングス,非鉄金属,12.8,★☆☆☆☆,5.8,0.0,4.3,0.0,5.7,0.0,0.0,-3.0,見送り(地合い🔴),SK hynix,-6.1,23.6,3.9,16.6,9538,10345.0,7.4,1.2,6041,SK hynix+11.4%連動(β0.21) / 買い出来高優勢 / 伸びすぎ注意(25MA+17%)
5537,ＡｌｂａＬｉｎｋ,不動産業,12.8,★☆☆☆☆,0.0,0.0,1.0,0.0,11.0,0.0,0.8,0.0,見送り(地合い🔴),,0.0,9.5,6.6,10.3,2796,3220.0,9.3,1.2,257,MA上昇配列 / パーフェクトオーダー / 開示[業績予想の修正](12日前) / 開示[自己株式の取得](12日前)
2801,キッコーマン,食料品,12.7,★☆☆☆☆,0.0,0.0,2.0,0.0,10.7,0.0,0.0,0.0,見送り(地合い🔴),,0.0,13.0,3.2,7.6,1727,1845.0,3.6,0.7,7362,MA上昇配列 / パーフェクトオーダー
1812,鹿島建設,建設業,12.7,★☆☆☆☆,12.7,0.0,0.0,0.0,0.0,0.0,0.0,0.0,見送り(地合い🔴),SK hynix,2.9,-14.8,3.1,-7.0,4534,4831.0,-3.0,0.8,12006,SK hynix+11.4%連動(β0.14) 未反応+2.9%
6412,平和,機械,12.7,★☆☆☆☆,0.0,0.0,2.0,0.0,10.7,0.0,0.0,0.0,見送り(地合い🔴),,0.0,7.3,1.7,4.5,2144,2222.0,1.5,0.8,750,MA上昇配列 / パーフェクトオーダー
2702,日本マクドナルドホールディングス,小売業,12.7,★☆☆☆☆,0.0,0.0,2.0,0.0,10.7,0.0,0.0,0.0,見送り(地合い🔴),,0.0,6.2,2.3,3.4,7799,8170.0,5.8,1.1,5721,MA上昇配列 / パーフェクトオーダー
4718,早稲田アカデミー,サービス業,12.7,★☆☆☆☆,0.0,0.0,3.0,0.0,9.7,0.0,0.0,0.0,見送り(地合い🔴),,0.0,1.0,2.8,2.9,2360,2502.0,3.6,1.3,108,MA上昇配列 / パーフェクトオーダー
1899,福田組,建設業,12.7,★☆☆☆☆,0.0,0.0,2.0,0.0,10.7,0.0,0.0,0.0,見送り(地合い🔴),,0.0,22.4,4.3,13.1,4414,4830.0,-0.9,0.8,418,資金流入増 / MA上昇配列 / パーフェクトオーダー
8079,正栄食品工業,卸売業,12.7,★☆☆☆☆,0.0,0.0,2.0,0.0,10.7,0.0,0.0,0.0,見送り(地合い🔴),,0.0,2.6,1.3,3.4,4463,4580.0,4.1,0.8,163,MA上昇配列 / パーフェクトオーダー
6845,アズビル,電気機器,12.7,★☆☆☆☆,11.7,0.0,0.0,0.0,1.0,0.0,0.0,0.0,見送り(地合い🔴),SK hynix,2.5,-9.2,3.3,-5.9,1407,1507.5,-2.8,0.8,2500,SK hynix+11.4%連動(β0.15) 未反応+2.5%
9304,澁澤倉庫,倉庫・運輸関連業,12.7,★☆☆☆☆,0.0,0.0,2.0,0.0,10.7,0.0,0.0,0.0,見送り(地合い🔴),,0.0,10.2,3.2,5.8,1882,2009.0,2.0,0.8,527,MA上昇配列 / パーフェクトオーダー
8160,木曽路,小売業,12.7,★☆☆☆☆,0.0,0.0,4.0,0.0,8.7,0.0,0.0,0.0,見送り(地合い🔴),,0.0,1.5,1.5,1.5,2387,2462.0,3.2,1.2,279,MA上昇配列
4206,アイカ工業,化学,12.7,★☆☆☆☆,0.0,0.0,3.0,0.0,9.7,0.0,0.0,0.0,見送り(地合い🔴),,0.0,11.8,2.7,5.2,3892,4112.0,1.1,0.5,1374,MA上昇配列 / パーフェクトオーダー / 52週高値目前
4919,ミルボン,化学,12.7,★☆☆☆☆,0.0,0.0,4.0,0.0,8.7,0.0,0.0,0.0,見送り(地合い🔴),,0.0,16.9,3.1,11.0,3093,3295.0,3.9,1.2,562,MA上昇配列 / パーフェクトオーダー
9031,西日本鉄道,陸運業,12.7,★☆☆☆☆,0.0,0.0,2.0,0.0,10.7,0.0,0.0,0.0,見送り(地合い🔴),,0.0,-1.4,2.2,0.8,2971,3106.0,2.8,0.7,646,MA上昇配列 / パーフェクトオーダー
9166,ＧＥＮＤＡ,サービス業,12.600000000000001,★☆☆☆☆,0.0,0.0,5.3,0.0,8.0,0.0,2.3,-3.0,見送り(地合い🔴),,0.0,31.0,5.8,16.1,669,756.0,0.1,2.0,1422,出来高増2.0倍 / MA上昇配列 / 伸びすぎ注意(25MA+16%) / 開示[業務提携](1日前)
6929,日本セラミック,電気機器,12.6,★☆☆☆☆,10.6,0.0,1.0,0.0,1.0,0.0,0.0,0.0,見送り(地合い🔴),SK hynix,2.5,-1.0,2.4,-0.7,3534,3715.0,-2.1,0.9,505,SK hynix+11.4%連動(β0.11) 未反応+2.5%
8130,サンゲツ,卸売業,12.5,★☆☆☆☆,0.0,0.0,1.0,0.0,11.5,0.0,0.0,0.0,見送り(地合い🔴),,0.0,4.4,1.5,3.0,3097,3195.0,2.1,0.6,543,MA上昇配列 / 52週高値目前
9991,ジェコス,卸売業,12.5,★☆☆☆☆,0.0,0.0,3.0,0.0,9.5,0.0,0.0,0.0,見送り(地合い🔴),,0.0,7.6,1.8,3.8,1719,1783.0,0.6,0.6,117,MA上昇配列 / パーフェクトオーダー
9110,ＮＳユナイテッド海運,海運業,12.5,★☆☆☆☆,0.0,0.0,4.0,0.0,8.5,0.0,0.0,0.0,見送り(地合い🔴),,0.0,41.0,0.9,13.8,10286,10480.0,0.4,1.2,1636,資金流入増 / MA上昇配列 / パーフェクトオーダー / 52週高値目前 / RSI過熱(94)⚠
3964,オークネット,情報・通信業,12.5,★☆☆☆☆,0.0,0.0,3.0,0.0,9.5,0.0,0.0,0.0,見送り(地合い🔴),,0.0,2.3,3.6,1.6,1341,1446.0,-2.6,0.7,780,資金流入増 / MA上昇配列 / パーフェクトオーダー
9279,ギフトホールディングス,小売業,12.5,★☆☆☆☆,0.0,0.0,2.0,0.0,8.2,0.0,2.3,0.0,見送り(地合い🔴),,0.0,6.7,3.6,1.3,4804,5180.0,2.2,1.0,485,MA上昇配列 / パーフェクトオーダー / 開示[業績予想の修正](1日前)
8341,七十七銀行,銀行業,12.5,★☆☆☆☆,0.0,0.0,3.0,0.0,9.5,0.0,0.0,0.0,見送り(地合い🔴),,0.0,1.5,3.0,2.9,3510,3738.0,-3.7,0.7,2584,MA上昇配列 / パーフェクトオーダー
8022,美津濃,その他製品,12.5,★☆☆☆☆,0.0,0.0,3.0,0.0,9.5,0.0,0.0,0.0,見送り(地合い🔴),,0.0,12.1,4.6,5.3,3709,4085.0,0.2,0.8,1148,MA上昇配列 / パーフェクトオーダー
7433,伯東,卸売業,12.5,★☆☆☆☆,0.0,0.0,3.0,0.0,9.5,0.0,0.0,0.0,見送り(地合い🔴),,0.0,13.8,2.9,6.0,4985,5290.0,2.5,0.6,691,資金流入増 / MA上昇配列 / パーフェクトオーダー
6351,鶴見製作所,機械,12.5,★☆☆☆☆,0.0,0.0,3.0,0.0,9.5,0.0,0.0,0.0,見送り(地合い🔴),,0.0,7.4,4.1,2.8,2167,2362.0,-1.4,0.4,188,MA上昇配列 / パーフェクトオーダー
4452,花王,化学,12.5,★☆☆☆☆,0.0,0.0,3.0,0.0,9.5,0.0,0.0,0.0,見送り(地合い🔴),,0.0,9.3,2.9,4.3,3358,3567.0,2.1,0.8,14788,MA上昇配列 / パーフェクトオーダー
8789,フィンテック　グローバル,その他金融業,12.5,★☆☆☆☆,0.0,0.0,6.3,0.0,9.0,0.0,0.2,-3.0,見送り(地合い🔴),,0.0,29.1,3.1,19.8,160,171.0,5.6,1.4,245,買い出来高優勢 / 資金流入増 / MA上昇配列 / 52週高値目前 / RSI過熱(93)⚠ / 伸びすぎ注意(25MA+20%) / 開示[自己株式取得](13日前)
2296,伊藤ハム米久ホールディングス,食料品,12.3,★☆☆☆☆,0.0,0.0,3.3,0.0,9.0,0.0,0.0,0.0,見送り(地合い🔴),,0.0,4.6,1.8,3.1,4956,5140.0,1.6,0.6,751,買い出来高優勢 / MA上昇配列
9757,船井総研ホールディングス,サービス業,12.3,★☆☆☆☆,0.0,0.0,3.3,0.0,9.0,0.0,0.0,0.0,見送り(地合い🔴),,0.0,2.7,1.4,3.1,1131,1163.0,2.4,0.6,473,買い出来高優勢 / MA上昇配列
4828,ビジネスエンジニアリング,情報・通信業,12.3,★☆☆☆☆,0.0,0.0,3.3,0.0,9.0,0.0,0.0,0.0,見送り(地合い🔴),,0.0,17.3,3.5,10.2,1303,1400.0,3.9,0.7,183,買い出来高優勢 / MA上昇配列
3763,プロシップ,情報・通信業,12.3,★☆☆☆☆,0.0,0.0,5.3,0.0,12.0,0.0,0.0,-5.0,見送り(地合い🔴),,0.0,35.1,5.3,21.3,2140,2396.0,-4.3,1.1,159,買い出来高優勢 / 資金流入増 / MA上昇配列 / パーフェクトオーダー / 過熱⚠25MA+21%
7864,フジシールインターナショナル,その他製品,12.2,★☆☆☆☆,0.0,0.0,0.0,0.0,12.2,0.0,0.0,0.0,見送り(地合い🔴),,0.0,8.5,2.2,5.2,3174,3320.0,1.2,0.7,457,MA上昇配列 / パーフェクトオーダー / 52週高値目前
7575,日本ライフライン,卸売業,12.2,★☆☆☆☆,0.0,0.0,2.0,0.0,10.2,0.0,0.0,0.0,見送り(地合い🔴),,0.0,12.2,2.2,5.3,1499,1569.0,3.6,0.4,362,MA上昇配列 / 52週高値目前
7510,たけびし,卸売業,12.2,★☆☆☆☆,0.0,0.0,4.0,0.0,8.2,0.0,0.0,0.0,見送り(地合い🔴),,0.0,10.4,3.3,2.6,2564,2746.0,-4.6,1.1,120,資金流入増 / MA上昇配列 / パーフェクトオーダー
7550,ゼンショーホールディングス,小売業,12.2,★☆☆☆☆,0.0,0.0,2.0,0.0,10.2,0.0,0.0,0.0,見送り(地合い🔴),,0.0,26.9,3.0,11.9,11006,11710.0,3.1,0.7,6901,MA上昇配列 / 52週高値目前
4212,積水樹脂,化学,12.2,★☆☆☆☆,3.2,0.0,2.0,0.0,7.0,0.0,0.0,0.0,見送り(地合い🔴),SK hynix,-1.7,6.9,2.2,2.6,2738,2866.0,3.1,0.5,231,SK hynix+11.4%連動(β0.11) / MA上昇配列 / パーフェクトオーダー
8218,コメリ,小売業,12.2,★☆☆☆☆,0.0,0.0,4.0,0.0,8.2,0.0,0.0,0.0,見送り(地合い🔴),,0.0,9.5,2.0,2.4,3716,3875.0,1.3,0.6,588,資金流入増 / MA上昇配列 / パーフェクトオーダー
3673,ブロードリーフ,情報・通信業,12.2,★☆☆☆☆,0.0,0.0,1.0,0.0,11.0,0.0,0.2,0.0,見送り(地合い🔴),,0.0,8.8,5.1,4.2,415,462.0,6.0,0.8,498,MA上昇配列 / パーフェクトオーダー / 開示[業績予想の修正](13日前)
8163,ＳＲＳホールディングス,小売業,12.2,★☆☆☆☆,0.0,0.0,4.0,0.0,8.2,0.0,0.0,0.0,見送り(地合い🔴),,0.0,15.3,2.9,7.2,1462,1550.0,5.8,0.5,303,資金流入増 / MA上昇配列 / パーフェクトオーダー
7504,高速,卸売業,12.2,★☆☆☆☆,0.0,0.0,4.0,0.0,8.2,0.0,0.0,0.0,見送り(地合い🔴),,0.0,22.1,4.2,7.8,4331,4730.0,-1.9,1.3,439,MA上昇配列 / パーフェクトオーダー
7094,ＮｅｘＴｏｎｅ,サービス業,12.0,★☆☆☆☆,0.0,0.0,4.0,0.0,8.0,0.0,0.0,0.0,見送り(地合い🔴),,0.0,24.9,4.5,10.6,1595,1751.0,0.9,0.3,165,資金流入増 / MA上昇配列
247A,Ａｉロボティクス,化学,12.0,★☆☆☆☆,0.0,0.0,4.0,0.0,8.0,0.0,0.0,0.0,見送り(地合い🔴),,0.0,19.5,5.4,14.9,879,984.0,-1.5,1.4,1163,MA上昇配列
7839,ＳＨＯＥＩ,その他製品,12.0,★☆☆☆☆,0.0,0.0,2.0,0.0,10.0,0.0,0.0,0.0,見送り(地合い🔴),,0.0,8.7,2.2,4.9,1996,2089.0,2.3,0.9,440,MA上昇配列 / パーフェクトオーダー
6522,アスタリスク,電気機器,12.0,★☆☆☆☆,0.0,0.0,2.0,0.0,10.0,0.0,0.0,0.0,見送り(地合い🔴),,0.0,15.7,9.8,14.0,1592,1980.0,-4.9,0.3,2801,MA上昇配列 / パーフェクトオーダー
1888,若築建設,建設業,12.0,★☆☆☆☆,0.0,0.0,4.0,0.0,8.0,0.0,0.0,0.0,見送り(地合い🔴),,0.0,10.5,3.0,6.4,3664,3895.0,0.6,0.5,125,資金流入増 / MA上昇配列
5161,西川ゴム工業,ゴム製品,12.0,★☆☆☆☆,0.0,0.0,3.0,0.0,9.0,0.0,0.0,0.0,見送り(地合い🔴),,0.0,13.3,2.3,8.3,3450,3620.0,5.7,0.9,458,MA上昇配列
9003,相鉄ホールディングス,陸運業,12.0,★☆☆☆☆,0.0,0.0,3.0,0.0,9.0,0.0,0.0,0.0,見送り(地合い🔴),,0.0,0.7,1.9,2.5,2534,2631.5,3.9,0.7,904,MA上昇配列
9828,Ｇｅｎｋｉ　Ｇｌｏｂａｌ　Ｄｉｎｉｎｇ　Ｃｏｎｃｅｐｔｓ,小売業,12.0,★☆☆☆☆,0.0,0.0,2.0,0.0,10.0,0.0,0.0,0.0,見送り(地合い🔴),,0.0,3.5,2.6,4.7,3352,3535.0,7.3,0.9,265,MA上昇配列 / パーフェクトオーダー
8233,高島屋,小売業,12.0,★☆☆☆☆,0.0,0.0,0.0,0.0,12.0,0.0,0.0,0.0,見送り(地合い🔴),,0.0,5.2,2.4,2.9,2267,2383.0,6.1,0.9,3418,MA上昇配列 / パーフェクトオーダー
8174,日本瓦斯,小売業,12.0,★☆☆☆☆,0.0,0.0,2.0,0.0,10.0,0.0,0.0,0.0,見送り(地合い🔴),,0.0,2.1,1.6,3.1,2873,2965.0,3.5,0.6,709,MA上昇配列
3050,ＤＣＭホールディングス,小売業,12.0,★☆☆☆☆,0.0,0.0,2.0,0.0,10.0,0.0,0.0,0.0,見送り(地合い🔴),,0.0,5.0,1.6,3.6,1556,1607.0,2.9,0.7,393,MA上昇配列
8283,ＰＡＬＴＡＣ,卸売業,12.0,★☆☆☆☆,0.0,0.0,1.0,0.0,11.0,0.0,0.0,0.0,見送り(地合い🔴),,0.0,-1.7,0.4,0.1,6583,6630.0,0.0,0.0,1134,MA上昇配列 / パーフェクトオーダー / 52週高値目前
8103,明和産業,卸売業,12.0,★☆☆☆☆,0.0,0.0,0.0,0.0,12.0,0.0,0.0,0.0,見送り(地合い🔴),,0.0,5.5,2.0,4.3,928,967.0,0.1,0.6,210,MA上昇配列 / パーフェクトオーダー
2175,エス・エム・エス,サービス業,12.0,★☆☆☆☆,0.0,0.0,2.0,0.0,10.0,0.0,0.0,0.0,見送り(地合い🔴),,0.0,-2.0,3.2,2.3,2219,2370.0,3.7,0.6,1348,MA上昇配列 / パーフェクトオーダー
7242,カヤバ,輸送用機器,12.0,★☆☆☆☆,0.0,0.0,2.0,0.0,10.0,0.0,0.0,0.0,見送り(地合い🔴),,0.0,7.9,2.3,4.5,4491,4705.0,2.2,0.8,454,MA上昇配列
7981,タカラスタンダード,その他製品,12.0,★☆☆☆☆,0.0,0.0,1.0,0.0,11.0,0.0,0.0,0.0,見送り(地合い🔴),,0.0,-2.5,1.7,1.1,2992,3100.0,3.9,0.9,506,MA上昇配列 / パーフェクトオーダー
9041,近鉄グループホールディングス,陸運業,12.0,★☆☆☆☆,0.0,0.0,2.0,0.0,10.0,0.0,0.0,0.0,見送り(地合い🔴),,0.0,1.0,1.8,1.4,3431,3562.0,0.8,0.7,2182,MA上昇配列 / パーフェクトオーダー
9044,ＮＡＮＫＡＩ,陸運業,12.0,★☆☆☆☆,0.0,0.0,2.0,0.0,10.0,0.0,0.0,0.0,見送り(地合い🔴),,0.0,2.3,1.9,2.2,2920,3033.0,3.5,0.8,834,MA上昇配列
2531,宝ホールディングス,食料品,12.0,★☆☆☆☆,0.0,0.0,0.0,0.0,12.0,0.0,0.0,0.0,見送り(地合い🔴),,0.0,-1.6,2.9,2.1,2031,2156.5,3.1,0.8,930,MA上昇配列 / パーフェクトオーダー
9882,イエローハット,卸売業,12.0,★☆☆☆☆,0.0,0.0,0.0,0.0,12.0,0.0,0.0,0.0,見送り(地合い🔴),,0.0,-1.0,1.4,0.6,1745,1794.0,2.2,0.6,318,MA上昇配列 / パーフェクトオーダー
4502,武田薬品工業,医薬品,12.0,★☆☆☆☆,0.0,0.0,0.0,0.0,12.0,0.0,0.0,0.0,見送り(地合い🔴),,0.0,1.2,2.0,3.6,5569,5797.0,5.2,0.6,23859,MA上昇配列 / パーフェクトオーダー
4493,サイバーセキュリティクラウド,情報・通信業,12.0,★☆☆☆☆,0.0,0.0,2.0,0.0,10.0,0.0,0.0,0.0,見送り(地合い🔴),,0.0,9.6,3.5,4.9,1814,1952.0,2.6,1.1,194,MA上昇配列 / パーフェクトオーダー
9605,東映,情報・通信業,12.0,★☆☆☆☆,0.0,0.0,0.0,0.0,12.0,0.0,0.0,0.0,見送り(地合い🔴),,0.0,2.7,2.8,2.8,5784,6130.0,3.7,1.1,622,MA上昇配列 / パーフェクトオーダー
7971,東リ,化学,12.0,★☆☆☆☆,0.0,0.0,3.0,0.0,9.0,0.0,0.0,0.0,見送り(地合い🔴),,0.0,8.0,2.0,5.5,683,712.0,2.9,0.9,120,MA上昇配列
7949,小松ウオール工業,その他製品,12.0,★☆☆☆☆,0.0,0.0,2.0,0.0,10.0,0.0,0.0,0.0,見送り(地合い🔴),,0.0,5.7,1.3,3.0,2743,2816.0,1.7,0.6,174,MA上昇配列
9467,アルファポリス,情報・通信業,12.0,★☆☆☆☆,0.0,0.0,4.0,0.0,8.0,0.0,0.0,0.0,見送り(地合い🔴),,0.0,19.6,4.3,12.9,1111,1215.0,1.2,0.7,217,資金流入増 / MA上昇配列
9347,日本管財ホールディングス,サービス業,12.0,★☆☆☆☆,0.0,0.0,2.0,0.0,10.0,0.0,0.0,0.0,見送り(地合い🔴),,0.0,3.8,1.4,3.7,2830,2912.0,2.9,0.8,168,MA上昇配列
6272,レオン自動機,機械,12.0,★☆☆☆☆,0.0,0.0,0.0,0.0,12.0,0.0,0.0,0.0,見送り(地合い🔴),,0.0,1.9,1.7,1.9,1497,1550.0,0.4,0.8,110,MA上昇配列 / パーフェクトオーダー
9997,ベルーナ,小売業,12.0,★☆☆☆☆,0.0,0.0,0.0,0.0,12.0,0.0,0.0,0.0,見送り(地合い🔴),,0.0,-1.4,1.7,3.0,1038,1074.0,4.6,0.7,289,MA上昇配列 / パーフェクトオーダー
4595,ミズホメディー,医薬品,12.0,★☆☆☆☆,0.0,0.0,2.0,0.0,10.0,0.0,0.0,0.0,見送り(地合い🔴),,0.0,3.2,1.3,2.9,1688,1733.0,1.5,1.0,161,MA上昇配列
9861,吉野家ホールディングス,小売業,12.0,★☆☆☆☆,0.0,0.0,1.0,0.0,8.2,0.0,2.8,0.0,見送り(地合い🔴),,0.0,5.0,1.7,2.4,3711,3843.0,2.9,0.9,2259,MA上昇配列 / パーフェクトオーダー / 開示[自己株式の取得](1日前)
9869,加藤産業,卸売業,12.0,★☆☆☆☆,0.0,0.0,2.0,0.0,10.0,0.0,0.0,0.0,見送り(地合い🔴),,0.0,4.5,2.3,2.9,6289,6590.0,3.0,0.8,242,MA上昇配列
2908,フジッコ,食料品,12.0,★☆☆☆☆,0.0,0.0,3.0,0.0,9.0,0.0,0.0,0.0,見送り(地合い🔴),,0.0,3.9,1.4,3.5,1587,1632.0,3.0,1.3,106,MA上昇配列
7459,メディパルホールディングス,卸売業,12.0,★☆☆☆☆,0.0,0.0,2.0,0.0,10.0,0.0,0.0,0.0,見送り(地合い🔴),,0.0,-0.6,2.2,1.3,2775,2901.5,3.0,0.7,1331,MA上昇配列
5943,ノーリツ,金属製品,12.0,★☆☆☆☆,0.0,0.0,0.0,0.0,12.0,0.0,0.0,0.0,見送り(地合い🔴),,0.0,2.6,1.7,2.0,2346,2429.0,1.6,0.8,203,MA上昇配列 / パーフェクトオーダー
4503,アステラス製薬,医薬品,12.0,★☆☆☆☆,0.0,0.0,1.0,0.0,11.0,0.0,0.0,0.0,見送り(地合い🔴),,0.0,9.7,2.7,6.0,2274,2406.5,5.4,0.6,15164,MA上昇配列 / パーフェクトオーダー
3151,バイタルケーエスケー・ホールディングス,卸売業,12.0,★☆☆☆☆,0.0,0.0,0.0,0.0,12.0,0.0,0.0,0.0,見送り(地合い🔴),,0.0,-0.6,2.4,2.3,1595,1674.0,5.0,0.7,135,MA上昇配列 / パーフェクトオーダー
8601,大和証券グループ本社,証券、商品先物取引業,12.0,★☆☆☆☆,7.8,0.0,1.0,0.0,3.2,0.0,0.0,0.0,見送り(地合い🔴),SK hynix,1.0,-5.2,2.2,-1.2,1710,1786.5,0.4,0.7,8217,SK hynix+11.4%連動(β0.17) 未反応+1.0%
3539,ＪＭホールディングス,小売業,12.0,★☆☆☆☆,0.0,0.0,4.3,0.0,7.7,0.0,0.0,0.0,見送り(地合い🔴),,0.0,10.8,2.0,7.8,1442,1502.0,4.8,0.4,390,買い出来高優勢 / MA上昇配列
7241,フタバ産業,輸送用機器,12.0,★☆☆☆☆,0.0,0.0,2.0,0.0,10.0,0.0,0.0,0.0,見送り(地合い🔴),,0.0,10.3,1.7,6.4,1079,1117.0,1.8,0.9,297,MA上昇配列
5602,栗本鐵工所,鉄鋼,12.0,★☆☆☆☆,0.0,0.0,3.0,0.0,9.0,0.0,0.0,0.0,見送り(地合い🔴),,0.0,14.2,3.3,7.2,1607,1719.0,-0.6,0.9,635,資金流入増 / MA上昇配列
6238,フリュー,機械,12.0,★☆☆☆☆,0.0,0.0,1.0,0.0,11.0,0.0,0.0,0.0,見送り(地合い🔴),,0.0,3.9,3.2,3.6,1338,1429.0,3.0,1.4,152,MA上昇配列 / パーフェクトオーダー
3091,ブロンコビリー,小売業,12.0,★☆☆☆☆,0.0,0.0,0.0,0.0,12.0,0.0,0.0,0.0,見送り(地合い🔴),,0.0,8.8,3.0,6.4,2631,2799.0,4.7,0.6,373,MA上昇配列 / パーフェクトオーダー
8200,リンガーハット,小売業,12.0,★☆☆☆☆,0.0,0.0,2.0,0.0,10.0,0.0,0.0,0.0,見送り(地合い🔴),,0.0,1.2,1.7,1.7,2275,2354.0,2.1,1.2,284,MA上昇配列
9755,応用地質,サービス業,12.0,★☆☆☆☆,0.0,0.0,2.0,0.0,10.0,0.0,0.0,0.0,見送り(地合い🔴),,0.0,1.8,1.6,2.3,2802,2896.0,0.6,0.8,196,MA上昇配列
3632,グリーホールディングス,情報・通信業,12.0,★☆☆☆☆,0.0,0.0,2.0,0.0,10.0,0.0,0.0,0.0,見送り(地合い🔴),,0.0,7.1,2.3,3.1,401,420.0,-2.1,0.8,265,MA上昇配列 / パーフェクトオーダー
4095,日本パーカライジング,化学,12.0,★☆☆☆☆,0.0,0.0,0.0,0.0,12.0,0.0,0.0,0.0,見送り(地合い🔴),,0.0,1.3,1.6,1.8,1671,1726.0,-0.4,0.8,365,MA上昇配列 / パーフェクトオーダー
6923,スタンレー電気,電気機器,12.0,★☆☆☆☆,0.0,0.0,0.0,0.0,12.0,0.0,0.0,0.0,見送り(地合い🔴),,0.0,3.3,2.2,1.2,3437,3595.0,-2.1,0.7,2256,MA上昇配列 / パーフェクトオーダー
8410,セブン銀行,銀行業,12.0,★☆☆☆☆,0.0,0.0,1.0,0.0,11.0,0.0,0.0,0.0,見送り(地合い🔴),,0.0,5.8,2.6,2.7,316,333.1000061035156,-0.7,0.6,2341,MA上昇配列 / パーフェクトオーダー / 52週高値目前
2590,ダイドーグループホールディングス,食料品,12.0,★☆☆☆☆,0.0,0.0,1.0,0.0,11.0,0.0,0.0,0.0,見送り(地合い🔴),,0.0,2.4,2.3,3.5,2921,3060.0,4.2,0.8,265,MA上昇配列 / パーフェクトオーダー
4725,ＣＡＣ　Ｈｏｌｄｉｎｇｓ,情報・通信業,12.0,★☆☆☆☆,0.0,0.0,3.3,0.0,8.7,0.0,0.0,0.0,見送り(地合い🔴),,0.0,4.8,1.5,3.7,1881,1939.0,-0.4,0.7,136,買い出来高優勢 / MA上昇配列
3284,フージャースホールディングス,不動産業,12.0,★☆☆☆☆,0.0,0.0,3.0,0.0,9.0,0.0,0.0,0.0,見送り(地合い🔴),,0.0,6.5,1.5,5.6,1293,1332.0,2.8,1.2,272,MA上昇配列 / 52週高値目前 / RSI過熱(91)⚠
7979,松風,精密機器,12.0,★☆☆☆☆,0.0,0.0,1.0,0.0,11.0,0.0,0.0,0.0,見送り(地合い🔴),,0.0,10.9,2.8,5.1,2214,2346.0,0.6,0.5,233,MA上昇配列 / パーフェクトオーダー
5019,出光興産,石油・石炭製品,12.0,★☆☆☆☆,0.0,0.0,1.0,0.0,11.0,0.0,0.0,0.0,見送り(地合い🔴),,0.0,2.0,2.7,5.3,1303,1378.5,3.6,0.8,5062,MA上昇配列 / パーフェクトオーダー
3371,ソフトクリエイトホールディングス,情報・通信業,12.0,★☆☆☆☆,0.0,0.0,2.0,0.0,10.0,0.0,0.0,0.0,見送り(地合い🔴),,0.0,5.0,3.4,5.9,1994,2140.0,3.4,0.5,153,資金流入増 / MA上昇配列
4689,ＬＩＮＥヤフー,情報・通信業,11.8,★☆☆☆☆,0.0,0.0,4.3,0.0,7.5,0.0,0.0,0.0,見送り(地合い🔴),,0.0,21.2,3.2,12.5,500,533.7000122070312,8.5,1.1,9825,買い出来高優勢 / MA上昇配列 / パーフェクトオーダー / RSI過熱(85)⚠
2181,パーソルホールディングス,サービス業,11.8,★☆☆☆☆,0.0,0.0,4.3,0.0,7.5,0.0,0.0,0.0,見送り(地合い🔴),,0.0,11.9,2.1,7.9,282,294.5,3.8,0.7,3077,買い出来高優勢 / MA上昇配列 / RSI過熱(86)⚠
6418,日本金銭機械,機械,11.8,★☆☆☆☆,0.0,0.0,4.3,0.0,7.5,0.0,0.0,0.0,見送り(地合い🔴),,0.0,15.1,3.3,5.6,1149,1230.0,-5.7,0.9,213,買い出来高優勢 / MA上昇配列 / パーフェクトオーダー
2594,キーコーヒー,食料品,11.7,★☆☆☆☆,0.0,0.0,3.0,0.0,8.7,0.0,0.0,0.0,見送り(地合い🔴),,0.0,2.1,0.9,1.9,2001,2037.0,0.7,0.8,160,MA上昇配列
6309,巴工業,機械,11.7,★☆☆☆☆,0.0,0.0,1.0,0.0,10.7,0.0,0.0,0.0,見送り(地合い🔴),,0.0,6.0,1.7,5.1,1966,2035.0,2.3,0.8,210,MA上昇配列 / パーフェクトオーダー
4722,フューチャー,情報・通信業,11.7,★☆☆☆☆,0.0,0.0,2.0,0.0,9.7,0.0,0.0,0.0,見送り(地合い🔴),,0.0,9.3,0.1,2.4,2442,2446.0,0.0,0.5,4125,資金流入増 / MA上昇配列 / パーフェクトオーダー / 52週高値目前
8876,リログループ,サービス業,11.7,★☆☆☆☆,0.0,0.0,1.0,0.0,10.7,0.0,0.0,0.0,見送り(地合い🔴),,0.0,7.5,2.1,4.9,2088,2179.0,2.9,0.6,959,MA上昇配列 / パーフェクトオーダー
299A,クラシル,サービス業,11.7,★☆☆☆☆,0.0,0.0,6.7,0.0,8.0,0.0,0.0,-3.0,見送り(地合い🔴),,0.0,31.2,4.0,16.1,1204,1310.0,12.8,2.6,217,出来高増2.6倍 / 買い出来高優勢 / MA上昇配列 / 伸びすぎ注意(25MA+16%)
4628,エスケー化研,化学,11.7,★☆☆☆☆,0.0,0.0,6.7,0.0,5.0,0.0,0.0,0.0,見送り(地合い🔴),,0.0,-0.2,2.0,2.5,8773,9130.0,2.5,3.4,136,出来高急増3.4倍 / 資金流入増
9699,ニシオホールディングス,サービス業,11.7,★☆☆☆☆,0.0,0.0,3.0,0.0,8.7,0.0,0.0,0.0,見送り(地合い🔴),,0.0,10.5,2.1,6.1,4457,4655.0,3.0,1.0,275,MA上昇配列
7480,スズデン,卸売業,11.7,★☆☆☆☆,0.0,0.0,4.0,0.0,10.7,0.0,0.0,-3.0,見送り(地合い🔴),,0.0,42.0,5.7,19.1,3094,3490.0,2.3,1.1,372,資金流入増 / MA上昇配列 / パーフェクトオーダー / 伸びすぎ注意(25MA+19%)
7860,エイベックス,情報・通信業,11.7,★☆☆☆☆,0.0,0.0,2.0,0.0,9.7,0.0,0.0,0.0,見送り(地合い🔴),,0.0,0.2,2.1,0.9,1230,1284.0,2.6,0.8,243,MA上昇配列 / パーフェクトオーダー
4527,ロート製薬,医薬品,11.7,★☆☆☆☆,0.0,0.0,3.0,0.0,8.7,0.0,0.0,0.0,見送り(地合い🔴),,0.0,24.1,3.3,13.9,2755,2949.0,7.2,1.2,4563,MA上昇配列 / パーフェクトオーダー
8070,東京産業,卸売業,11.7,★☆☆☆☆,0.0,0.0,4.0,0.0,7.7,0.0,0.0,0.0,見送り(地合い🔴),,0.0,10.1,2.7,8.2,888,938.0,7.0,0.8,114,資金流入増 / MA上昇配列
2288,丸大食品,食料品,11.7,★☆☆☆☆,0.0,0.0,2.0,0.0,9.7,0.0,0.0,0.0,見送り(地合い🔴),,0.0,-2.6,1.8,0.2,2173,2255.0,1.4,0.8,258,MA上昇配列 / パーフェクトオーダー
3201,日本毛織,繊維製品,11.5,★☆☆☆☆,0.0,0.0,2.0,0.0,9.5,0.0,0.0,0.0,見送り(地合い🔴),,0.0,4.9,1.7,1.9,1899,1966.0,-0.4,0.5,217,MA上昇配列 / パーフェクトオーダー
7752,リコー,電気機器,11.5,★☆☆☆☆,0.0,0.0,2.0,0.0,9.5,0.0,0.0,0.0,見送り(地合い🔴),,0.0,5.2,2.6,3.9,1573,1659.5,1.5,0.7,5045,MA上昇配列 / パーフェクトオーダー
6457,グローリー,機械,11.5,★☆☆☆☆,0.0,0.0,2.0,0.0,9.5,0.0,0.0,0.0,見送り(地合い🔴),,0.0,8.0,2.8,4.3,4560,4832.0,-0.8,0.9,1147,MA上昇配列 / パーフェクトオーダー
8032,日本紙パルプ商事,卸売業,11.5,★☆☆☆☆,0.0,0.0,2.0,0.0,9.5,0.0,0.0,0.0,見送り(地合い🔴),,0.0,8.1,2.7,3.2,1146,1211.0,-2.1,0.9,297,MA上昇配列 / パーフェクトオーダー
3402,東レ,繊維製品,11.5,★☆☆☆☆,0.0,0.0,2.0,0.0,9.5,0.0,0.0,0.0,見送り(地合い🔴),,0.0,10.8,3.4,4.3,1207,1294.5,-2.9,0.5,7346,MA上昇配列 / パーフェクトオーダー
5192,三ツ星ベルト,ゴム製品,11.5,★☆☆☆☆,0.0,0.0,2.0,0.0,9.5,0.0,0.0,0.0,見送り(地合い🔴),,0.0,6.0,2.4,3.8,4192,4405.0,-1.2,0.4,422,MA上昇配列 / パーフェクトオーダー
3778,さくらインターネット,情報・通信業,11.5,★☆☆☆☆,0.0,0.0,4.0,0.0,7.5,0.0,0.0,0.0,見送り(地合い🔴),,0.0,21.5,7.9,4.0,2916,3465.0,-8.8,0.6,6755,資金流入増 / MA上昇配列 / パーフェクトオーダー
5108,ブリヂストン,ゴム製品,11.5,★☆☆☆☆,0.0,0.0,2.0,0.0,9.5,0.0,0.0,0.0,見送り(地合い🔴),,0.0,9.9,2.6,3.6,3920,4137.0,1.0,0.4,19953,MA上昇配列 / パーフェクトオーダー
9069,センコーグループホールディングス,陸運業,11.5,★☆☆☆☆,0.0,0.0,2.0,0.0,9.5,0.0,0.0,0.0,見送り(地合い🔴),,0.0,3.6,2.1,2.3,2203,2297.5,-0.5,0.8,994,MA上昇配列 / パーフェクトオーダー
3097,物語コーポレーション,小売業,11.5,★☆☆☆☆,0.0,0.0,2.0,0.0,9.5,0.0,0.0,0.0,見送り(地合い🔴),,0.0,13.8,3.5,5.7,5329,5730.0,2.1,0.5,1288,MA上昇配列 / パーフェクトオーダー
8600,トモニホールディングス,銀行業,11.5,★☆☆☆☆,0.0,0.0,2.0,0.0,9.5,0.0,0.0,0.0,見送り(地合い🔴),,0.0,2.8,3.4,2.7,994,1067.0,-5.0,0.5,718,MA上昇配列 / パーフェクトオーダー
4578,大塚ホールディングス,医薬品,11.5,★☆☆☆☆,0.0,0.0,2.0,0.0,9.5,0.0,0.0,0.0,見送り(地合い🔴),,0.0,8.0,3.6,3.7,11321,12210.0,1.6,0.4,19604,MA上昇配列 / パーフェクトオーダー
8358,スルガ銀行,銀行業,11.5,★☆☆☆☆,0.0,0.0,2.0,0.0,9.5,0.0,0.0,0.0,見送り(地合い🔴),,0.0,2.4,3.1,3.7,2674,2849.0,-1.9,0.7,2617,MA上昇配列 / パーフェクトオーダー
8897,ＭＩＲＡＲＴＨホールディングス,不動産業,11.5,★☆☆☆☆,0.0,0.0,3.0,0.0,8.5,0.0,0.0,0.0,見送り(地合い🔴),,0.0,10.0,2.2,6.8,437,457.0,-0.4,0.9,500,資金流入増 / MA上昇配列 / パーフェクトオーダー / RSI過熱(85)⚠
5480,日本冶金工業,鉄鋼,11.5,★☆☆☆☆,0.0,0.0,2.0,0.0,9.5,0.0,0.0,0.0,見送り(地合い🔴),,0.0,4.5,3.1,2.3,5019,5350.0,-2.6,0.5,464,MA上昇配列 / パーフェクトオーダー
7240,ＮＯＫ,輸送用機器,11.5,★☆☆☆☆,0.0,0.0,2.0,0.0,9.5,0.0,0.0,0.0,見送り(地合い🔴),,0.0,-0.8,1.7,0.2,2920,3023.0,-1.7,0.9,909,MA上昇配列 / パーフェクトオーダー
8051,山善,卸売業,11.5,★☆☆☆☆,0.0,0.0,2.0,0.0,9.5,0.0,0.0,0.0,見送り(地合い🔴),,0.0,7.8,2.5,4.0,1810,1906.0,-1.4,0.6,387,MA上昇配列 / パーフェクトオーダー
9888,ＵＥＸ,卸売業,11.5,★☆☆☆☆,0.0,0.0,3.0,0.0,8.5,0.0,0.0,0.0,見送り(地合い🔴),,0.0,16.9,5.2,7.8,1085,1212.0,-3.3,0.6,130,資金流入増 / MA上昇配列 / パーフェクトオーダー
6062,チャーム・ケア・コーポレーション,サービス業,11.5,★☆☆☆☆,0.0,0.0,3.0,0.0,8.5,0.0,0.0,0.0,見送り(地合い🔴),,0.0,2.1,3.2,1.0,1312,1400.0,-2.1,0.5,155,MA上昇配列 / パーフェクトオーダー
1514,住石ホールディングス,鉱業,11.4,★☆☆☆☆,0.0,0.0,7.7,0.0,6.7,0.0,0.0,-3.0,見送り(地合い🔴),,0.0,20.8,3.9,17.8,668,725.0,12.4,2.2,279,出来高増2.2倍 / 買い出来高優勢 / MA上昇配列 / 伸びすぎ注意(25MA+18%)
3660,アイスタイル,情報・通信業,11.4,★☆☆☆☆,0.0,0.0,3.0,0.0,8.0,0.0,0.4,0.0,見送り(地合い🔴),,0.0,24.8,4.7,13.7,471,520.0,-7.1,1.1,883,資金流入増 / MA上昇配列 / 開示[自己株式取得](12日前)
5202,日本板硝子,ガラス・土石製品,11.4,★☆☆☆☆,0.0,0.0,4.7,0.0,6.7,0.0,0.0,0.0,見送り(地合い🔴),,0.0,0.4,0.4,2.0,489,493.0,1.9,5.6,537,出来高急増5.6倍 / MA上昇配列
8237,松屋,小売業,11.399999999999999,★☆☆☆☆,0.0,0.0,7.7,0.0,8.7,0.0,0.0,-5.0,見送り(地合い🔴),,0.0,58.7,5.4,34.7,2411,2702.0,34.9,2.2,838,出来高増2.2倍 / 買い出来高優勢 / MA上昇配列 / 過熱⚠25MA+35%
9552,クオンツ総研ホールディングス,サービス業,11.3,★☆☆☆☆,0.0,0.0,3.3,0.0,8.0,0.0,0.0,0.0,見送り(地合い🔴),,0.0,26.6,4.9,15.0,998,1105.0,12.0,2.1,383,出来高増2.1倍 / MA上昇配列
4478,フリー,情報・通信業,11.3,★☆☆☆☆,3.1,0.0,7.3,0.0,5.5,0.0,0.4,-5.0,見送り(地合い🔴),Microsoft,-13.4,61.6,5.1,36.6,3517,3920.0,17.0,1.7,1933,Microsoft+2.2%連動(β0.57) / 買い出来高優勢 / 資金流入増 / MA上昇配列 / RSI過熱(95)⚠ / 過熱⚠25MA+37% / 開示[自己株式取得](12日前)
8841,テーオーシー,不動産業,11.3,★☆☆☆☆,0.0,0.0,4.3,0.0,7.0,0.0,0.0,0.0,見送り(地合い🔴),,0.0,15.8,4.3,8.3,946,1036.0,6.1,1.1,213,買い出来高優勢
2168,パソナグループ,サービス業,11.3,★☆☆☆☆,0.0,0.0,3.3,0.0,8.0,0.0,0.0,0.0,見送り(地合い🔴),,0.0,4.4,1.8,2.8,1585,1645.0,0.3,0.6,267,買い出来高優勢 / MA上昇配列
7272,ヤマハ発動機,輸送用機器,11.3,★☆☆☆☆,0.0,0.0,5.3,0.0,11.0,0.0,0.0,-5.0,見送り(地合い🔴),,0.0,53.0,5.2,20.7,1768,1973.0,1.9,0.6,18029,買い出来高優勢 / 資金流入増 / MA上昇配列 / パーフェクトオーダー / 52週高値目前 / RSI過熱(86)⚠ / 過熱⚠25MA+21%
3431,宮地エンジニアリンググループ,金属製品,11.3,★☆☆☆☆,0.0,0.0,3.3,0.0,8.0,0.0,0.0,0.0,見送り(地合い🔴),,0.0,4.9,1.6,3.5,1593,1644.0,1.5,0.7,139,買い出来高優勢 / MA上昇配列
3850,エヌ・ティ・ティ・データ・イントラマート,情報・通信業,11.3,★☆☆☆☆,0.0,0.0,3.3,0.0,8.0,0.0,0.0,0.0,見送り(地合い🔴),,0.0,13.0,3.2,5.9,3173,3390.0,0.6,0.6,117,買い出来高優勢 / MA上昇配列
4985,アース製薬,化学,11.3,★☆☆☆☆,0.0,0.0,3.3,0.0,8.0,0.0,0.0,0.0,見送り(地合い🔴),,0.0,5.3,1.7,3.7,4762,4930.0,2.8,0.8,353,買い出来高優勢 / MA上昇配列
2695,くら寿司,小売業,11.3,★☆☆☆☆,0.0,0.0,3.3,0.0,8.0,0.0,0.0,0.0,見送り(地合い🔴),,0.0,7.1,1.8,3.6,1659,1721.0,2.0,0.7,455,買い出来高優勢 / MA上昇配列
3903,ｇｕｍｉ,情報・通信業,11.3,★☆☆☆☆,0.0,0.0,5.3,0.0,6.0,0.0,0.0,0.0,見送り(地合い🔴),,0.0,13.5,3.7,8.8,258,278.0,6.1,2.0,131,買い出来高優勢
6357,三精テクノロジーズ,機械,11.3,★☆☆☆☆,0.0,0.0,3.3,0.0,8.0,0.0,0.0,0.0,見送り(地合い🔴),,0.0,11.1,2.7,6.8,2485,2627.0,-0.1,0.9,104,買い出来高優勢
8278,フジ,小売業,11.3,★☆☆☆☆,0.0,0.0,3.3,0.0,8.0,0.0,0.0,0.0,見送り(地合い🔴),,0.0,5.3,1.5,4.3,2044,2108.0,4.6,1.0,275,買い出来高優勢 / MA上昇配列
4072,電算システムホールディングス,情報・通信業,11.3,★☆☆☆☆,0.0,0.0,3.3,0.0,8.0,0.0,0.0,0.0,見送り(地合い🔴),,0.0,7.5,2.5,4.1,2942,3095.0,-2.1,0.8,125,買い出来高優勢 / MA上昇配列
3569,セーレン,繊維製品,11.2,★☆☆☆☆,0.0,0.0,3.0,0.0,8.2,0.0,0.0,0.0,見送り(地合い🔴),,0.0,6.9,2.6,3.0,3265,3445.0,-1.7,0.6,811,MA上昇配列 / パーフェクトオーダー
2767,円谷フィールズホールディングス,卸売業,11.2,★☆☆☆☆,0.0,0.0,4.0,0.0,7.2,0.0,0.0,0.0,見送り(地合い🔴),,0.0,66.6,3.6,13.1,2302,2478.0,3.1,0.4,3462,資金流入増 / MA上昇配列 / パーフェクトオーダー
7059,コプロ・ホールディングス,サービス業,11.2,★☆☆☆☆,0.0,0.0,3.0,0.0,8.0,0.0,0.2,0.0,見送り(地合い🔴),,0.0,11.1,2.9,6.8,848,900.0,-3.5,0.6,154,MA上昇配列 / 開示[業績予想の修正](13日前)
2429,ワールドホールディングス,サービス業,11.2,★☆☆☆☆,0.0,0.0,1.0,0.0,10.2,0.0,0.0,0.0,見送り(地合い🔴),,0.0,4.5,2.1,5.3,2743,2865.0,3.6,0.7,159,MA上昇配列 / 52週高値目前
4746,東計電算,情報・通信業,11.2,★☆☆☆☆,0.0,0.0,3.0,0.0,8.2,0.0,0.0,0.0,見送り(地合い🔴),,0.0,34.5,4.4,13.5,5979,6560.0,1.1,1.5,634,資金流入増 / MA上昇配列 / パーフェクトオーダー
6098,リクルートホールディングス,サービス業,11.2,★☆☆☆☆,0.0,0.0,2.0,0.0,12.2,0.0,0.0,-3.0,見送り(地合い🔴),,0.0,35.6,4.3,17.2,15094,16515.0,0.8,0.7,63144,MA上昇配列 / パーフェクトオーダー / 52週高値目前 / 伸びすぎ注意(25MA+17%)
9684,スクウェア・エニックス・ホールディングス,情報・通信業,11.0,★☆☆☆☆,0.0,0.0,3.0,0.0,8.0,0.0,0.0,0.0,見送り(地合い🔴),,0.0,16.6,3.8,6.9,2733,2958.0,2.5,0.6,4595,MA上昇配列
8934,サンフロンティア不動産,不動産業,11.0,★☆☆☆☆,0.0,0.0,2.0,0.0,9.0,0.0,0.0,0.0,見送り(地合い🔴),,0.0,0.0,1.9,1.2,2427,2523.0,2.3,0.8,278,MA上昇配列
212A,フィットイージー,サービス業,11.0,★☆☆☆☆,0.0,0.0,0.0,0.0,11.0,0.0,0.0,0.0,見送り(地合い🔴),,0.0,14.6,3.3,7.1,2880,3085.0,2.9,0.6,385,MA上昇配列 / パーフェクトオーダー
2229,カルビー,食料品,11.0,★☆☆☆☆,0.0,0.0,2.0,0.0,9.0,0.0,0.0,0.0,見送り(地合い🔴),,0.0,3.4,1.8,2.8,2972,3083.0,2.6,0.4,1128,MA上昇配列
9706,日本空港ビルデング,不動産業,11.0,★☆☆☆☆,0.0,0.0,1.0,0.0,7.2,0.0,2.8,0.0,見送り(地合い🔴),,0.0,6.7,2.5,2.1,5436,5727.0,4.1,0.7,1704,MA上昇配列 / パーフェクトオーダー / 開示[自己株式取得](1日前)
9843,ニトリホールディングス,小売業,11.0,★☆☆☆☆,0.0,0.0,3.0,0.0,8.0,0.0,0.0,0.0,見送り(地合い🔴),,0.0,26.1,3.7,12.1,2839,3069.0,5.3,0.6,11539,MA上昇配列
1605,ＩＮＰＥＸ,鉱業,11.0,★☆☆☆☆,0.0,0.0,1.0,0.0,10.0,0.0,0.0,0.0,見送り(地合い🔴),,0.0,2.0,2.8,6.2,3669,3889.0,3.0,0.8,17175,MA上昇配列 / パーフェクトオーダー
1934,ユアテック,建設業,11.0,★☆☆☆☆,0.0,0.0,3.0,0.0,8.0,0.0,0.0,0.0,見送り(地合い🔴),,0.0,6.8,2.5,4.7,2403,2529.0,1.2,0.8,460,MA上昇配列
9517,イーレックス,電気・ガス業,11.0,★☆☆☆☆,0.0,0.0,1.0,0.0,10.0,0.0,0.0,0.0,見送り(地合い🔴),,0.0,0.8,3.3,3.1,830,890.0,4.6,1.0,216,MA上昇配列 / パーフェクトオーダー
9974,ベルク,小売業,11.0,★☆☆☆☆,0.0,0.0,2.0,0.0,9.0,0.0,0.0,0.0,見送り(地合い🔴),,0.0,4.7,1.8,3.4,6560,6810.0,4.1,0.8,196,MA上昇配列
9682,ＤＴＳ,情報・通信業,11.0,★☆☆☆☆,0.0,0.0,2.0,0.0,9.0,0.0,0.0,0.0,見送り(地合い🔴),,0.0,3.1,2.4,2.8,1070,1124.0,4.0,0.6,757,MA上昇配列
1870,矢作建設工業,建設業,11.0,★☆☆☆☆,0.0,0.0,3.3,0.0,7.7,0.0,0.0,0.0,見送り(地合い🔴),,0.0,10.6,2.1,8.2,2058,2150.0,1.7,0.8,339,買い出来高優勢 / MA上昇配列
1762,高松コンストラクショングループ,建設業,11.0,★☆☆☆☆,0.0,0.0,1.0,0.0,10.0,0.0,0.0,0.0,見送り(地合い🔴),,0.0,4.5,2.3,4.5,3828,4015.0,1.4,0.5,179,MA上昇配列
3851,日本一ソフトウェア,情報・通信業,11.0,★☆☆☆☆,0.0,0.0,5.3,0.0,8.7,0.0,0.0,-3.0,見送り(地合い🔴),,0.0,37.3,5.2,17.4,1121,1250.0,3.7,0.4,115,買い出来高優勢 / 資金流入増 / MA上昇配列 / パーフェクトオーダー / 伸びすぎ注意(25MA+17%)
3697,ＳＨＩＦＴ,情報・通信業,11.0,★☆☆☆☆,3.0,0.0,0.0,0.0,8.0,0.0,0.0,0.0,見送り(地合い🔴),Microsoft,-9.1,18.9,5.0,10.7,873,970.5999755859375,7.5,0.9,6102,Microsoft+2.2%連動(β0.55) / MA上昇配列
3696,セレス,情報・通信業,11.0,★☆☆☆☆,0.0,0.0,1.0,0.0,10.0,0.0,0.0,0.0,見送り(地合い🔴),,0.0,7.7,3.9,6.0,2074,2251.0,4.8,0.5,436,MA上昇配列 / パーフェクトオーダー
4684,オービック,情報・通信業,11.0,★☆☆☆☆,0.0,0.0,2.0,0.0,9.0,0.0,0.0,0.0,見送り(地合い🔴),,0.0,12.8,2.4,6.1,4553,4787.0,5.5,0.8,7688,MA上昇配列
8074,ＹＵＡＳＡ,卸売業,11.0,★☆☆☆☆,0.0,0.0,1.0,0.0,10.0,0.0,0.0,0.0,見送り(地合い🔴),,0.0,8.0,2.6,5.5,5856,6180.0,3.3,0.8,203,MA上昇配列
8101,ＧＳＩクレオス,卸売業,11.0,★☆☆☆☆,0.0,0.0,0.0,0.0,11.0,0.0,0.0,0.0,見送り(地合い🔴),,0.0,0.3,2.5,1.2,2593,2727.0,-0.4,0.8,104,MA上昇配列 / パーフェクトオーダー / 52週高値目前
3475,グッドコムアセット,不動産業,11.0,★☆☆☆☆,0.0,0.0,0.0,0.0,11.0,0.0,0.0,0.0,見送り(地合い🔴),,0.0,5.3,1.6,3.6,1538,1590.0,1.7,1.1,127,MA上昇配列 / パーフェクトオーダー
4847,インテリジェント　ウェイブ,情報・通信業,11.0,★☆☆☆☆,0.0,0.0,3.0,0.0,11.0,0.0,0.0,-3.0,見送り(地合い🔴),,0.0,29.7,4.6,16.1,1193,1315.0,3.1,0.2,337,資金流入増 / MA上昇配列 / パーフェクトオーダー / 52週高値目前 / RSI過熱(87)⚠ / 伸びすぎ注意(25MA+16%)
3663,セルシス,情報・通信業,11.0,★☆☆☆☆,0.0,0.0,0.0,0.0,11.0,0.0,0.0,0.0,見送り(地合い🔴),,0.0,2.2,4.2,1.1,1720,1876.0,-0.8,0.7,471,MA上昇配列 / パーフェクトオーダー
7269,スズキ,輸送用機器,11.0,★☆☆☆☆,0.0,0.0,2.0,0.0,9.0,0.0,0.0,0.0,見送り(地合い🔴),,0.0,6.6,3.2,4.2,1990,2126.5,1.6,0.5,16206,MA上昇配列
6998,日本タングステン,電気機器,11.0,★☆☆☆☆,0.0,0.0,5.3,0.0,10.7,0.0,0.0,-5.0,見送り(地合い🔴),,0.0,68.3,7.9,28.2,2715,3225.0,1.1,0.5,467,買い出来高優勢 / 資金流入増 / MA上昇配列 / パーフェクトオーダー / 過熱⚠25MA+28%
4323,日本システム技術,情報・通信業,11.0,★☆☆☆☆,0.0,0.0,3.0,0.0,8.0,0.0,0.0,0.0,見送り(地合い🔴),,0.0,5.8,3.8,3.5,1792,1939.0,1.0,0.9,122,MA上昇配列
5036,日本ビジネスシステムズ,情報・通信業,11.0,★☆☆☆☆,0.0,0.0,0.0,0.0,11.0,0.0,0.0,0.0,見送り(地合い🔴),,0.0,5.4,3.0,3.1,1538,1636.0,3.9,1.0,161,MA上昇配列 / パーフェクトオーダー
3561,力の源ホールディングス,小売業,11.0,★☆☆☆☆,0.0,0.0,1.0,0.0,10.0,0.0,0.0,0.0,見送り(地合い🔴),,0.0,1.1,1.8,2.0,1593,1653.0,3.7,0.8,107,MA上昇配列 / パーフェクトオーダー
3549,クスリのアオキホールディングス,小売業,11.0,★☆☆☆☆,0.0,0.0,2.0,0.0,9.0,0.0,0.0,0.0,見送り(地合い🔴),,0.0,9.6,2.3,3.8,3940,4129.0,3.6,1.1,928,MA上昇配列
4911,資生堂,化学,11.0,★☆☆☆☆,0.0,0.0,1.0,0.0,10.0,0.0,0.0,0.0,見送り(地合い🔴),,0.0,19.0,3.9,8.7,3384,3668.0,4.7,0.5,13215,MA上昇配列 / パーフェクトオーダー
9746,ＴＫＣ,情報・通信業,11.0,★☆☆☆☆,0.0,0.0,2.0,0.0,9.0,0.0,0.0,0.0,見送り(地合い🔴),,0.0,9.3,2.2,4.6,3864,4045.0,2.3,0.7,412,MA上昇配列
3901,マークラインズ,情報・通信業,11.0,★☆☆☆☆,0.0,0.0,4.3,0.0,6.7,0.0,0.0,0.0,見送り(地合い🔴),,0.0,15.4,3.3,8.0,1465,1567.0,-2.9,0.8,170,買い出来高優勢 / MA上昇配列
3315,日本コークス工業,石油・石炭製品,11.0,★☆☆☆☆,0.0,0.0,3.0,0.0,8.0,0.0,0.0,0.0,見送り(地合い🔴),,0.0,4.9,4.8,2.5,91,101.0,-1.0,1.9,579,MA上昇配列
8057,内田洋行,卸売業,11.0,★☆☆☆☆,0.0,0.0,0.0,0.0,11.0,0.0,0.0,0.0,見送り(地合い🔴),,0.0,5.2,1.7,3.9,2143,2218.0,2.4,0.7,351,MA上昇配列 / パーフェクトオーダー
9503,関西電力,電気・ガス業,11.0,★☆☆☆☆,0.0,0.0,1.0,0.0,10.0,0.0,0.0,0.0,見送り(地合い🔴),,0.0,7.7,2.6,7.0,2449,2582.0,7.9,0.9,8797,MA上昇配列
9348,ｉｓｐａｃｅ,サービス業,11.0,★☆☆☆☆,0.0,6.0,0.0,0.0,5.0,0.0,0.0,0.0,見送り(地合い🔴),,0.0,1.2,2.5,1.5,402,424.0,-2.3,0.6,398,宇宙(-5.7%)
9837,モリト,卸売業,11.0,★☆☆☆☆,0.0,0.0,0.0,0.0,11.0,0.0,0.0,0.0,見送り(地合い🔴),,0.0,1.1,1.3,1.1,1790,1837.0,-1.2,0.7,102,MA上昇配列 / パーフェクトオーダー
3291,飯田グループホールディングス,不動産業,11.0,★☆☆☆☆,0.0,0.0,2.0,0.0,9.0,0.0,0.0,0.0,見送り(地合い🔴),,0.0,2.3,2.0,2.6,2249,2342.0,2.2,0.6,1416,MA上昇配列
7906,ヨネックス,その他製品,11.0,★☆☆☆☆,0.0,0.0,4.3,0.0,6.7,0.0,0.0,0.0,見送り(地合い🔴),,0.0,9.8,4.1,6.3,2592,2826.0,3.0,0.7,1631,買い出来高優勢 / MA上昇配列
9048,名古屋鉄道,陸運業,11.0,★☆☆☆☆,0.0,0.0,0.0,0.0,11.0,0.0,0.0,0.0,見送り(地合い🔴),,0.0,-2.1,1.5,0.6,1844,1901.5,2.2,0.5,1533,MA上昇配列 / パーフェクトオーダー
9104,商船三井,海運業,11.0,★☆☆☆☆,0.0,0.0,3.0,0.0,11.0,0.0,0.0,-3.0,見送り(地合い🔴),,0.0,23.1,2.9,17.0,6858,7275.0,9.7,1.1,21687,MA上昇配列 / パーフェクトオーダー / 52週高値目前 / RSI過熱(89)⚠ / 伸びすぎ注意(25MA+17%)
1719,安藤・間,建設業,11.0,★☆☆☆☆,0.0,0.0,2.0,0.0,9.0,0.0,0.0,0.0,見送り(地合い🔴),,0.0,3.1,1.8,3.1,1837,1906.0,0.2,0.7,1358,MA上昇配列
6625,ＪＡＬＣＯホールディングス,不動産業,11.0,★☆☆☆☆,0.0,0.0,3.0,0.0,8.0,0.0,0.0,0.0,見送り(地合い🔴),,0.0,6.9,2.2,4.8,359,376.0,-0.8,1.2,100,MA上昇配列
3608,ＴＳＩホールディングス,繊維製品,11.0,★☆☆☆☆,0.0,0.0,0.0,0.0,11.0,0.0,0.0,0.0,見送り(地合い🔴),,0.0,1.7,1.6,2.4,1228,1269.0,1.0,1.0,294,MA上昇配列 / パーフェクトオーダー
7974,任天堂,その他製品,11.0,★☆☆☆☆,0.0,0.0,3.0,0.0,8.0,0.0,0.0,0.0,見送り(地合い🔴),,0.0,24.8,3.6,10.6,8163,8793.0,0.4,0.6,95662,MA上昇配列
5445,東京鐵鋼,鉄鋼,11.0,★☆☆☆☆,0.0,0.0,1.0,0.0,10.0,0.0,0.0,0.0,見送り(地合い🔴),,0.0,2.2,1.6,2.2,1952,2016.0,-0.3,0.8,238,MA上昇配列
4169,ＥＮＥＣＨＡＮＧＥ,情報・通信業,11.0,★☆☆☆☆,0.0,0.0,3.0,0.0,8.0,0.0,0.0,0.0,見送り(地合い🔴),,0.0,26.3,10.2,7.5,223,281.0,-14.1,0.8,502,資金流入増 / MA上昇配列
7611,ハイデイ日高,小売業,11.0,★☆☆☆☆,0.0,0.0,3.0,0.0,8.0,0.0,0.0,0.0,見送り(地合い🔴),,0.0,6.0,1.7,4.1,2884,2986.0,3.4,0.8,772,MA上昇配列
7522,ワタミ,小売業,11.0,★☆☆☆☆,0.0,0.0,2.0,0.0,9.0,0.0,0.0,0.0,見送り(地合い🔴),,0.0,2.5,2.0,2.5,939,979.0,0.8,0.8,101,MA上昇配列
7313,テイ・エス　テック,輸送用機器,11.0,★☆☆☆☆,0.0,0.0,1.0,0.0,10.0,0.0,0.0,0.0,見送り(地合い🔴),,0.0,3.2,1.2,2.0,1808,1853.5,1.3,0.9,554,MA上昇配列
3182,オイシックス,小売業,11.0,★☆☆☆☆,0.0,0.0,1.0,0.0,10.0,0.0,0.0,0.0,見送り(地合い🔴),,0.0,10.2,2.8,7.2,1671,1771.0,5.2,1.2,173,MA上昇配列 / パーフェクトオーダー
3197,すかいらーくホールディングス,小売業,11.0,★☆☆☆☆,0.0,0.0,2.0,0.0,9.0,0.0,0.0,0.0,見送り(地合い🔴),,0.0,11.2,2.6,6.0,3180,3358.0,6.1,0.8,4681,MA上昇配列
5702,大紀アルミニウム工業所,非鉄金属,11.0,★☆☆☆☆,0.0,0.0,4.3,0.0,6.7,0.0,0.0,0.0,見送り(地合い🔴),,0.0,26.9,4.7,14.1,1721,1901.0,2.3,0.6,734,買い出来高優勢
5644,メタルアート,鉄鋼,11.0,★☆☆☆☆,0.0,0.0,0.0,0.0,11.0,0.0,0.0,0.0,見送り(地合い🔴),,0.0,-4.8,2.6,0.3,7053,7440.0,-2.9,0.1,118,MA上昇配列 / パーフェクトオーダー
6532,ベイカレント,サービス業,11.0,★☆☆☆☆,0.0,0.0,0.0,0.0,11.0,0.0,0.0,0.0,見送り(地合い🔴),,0.0,18.1,3.6,9.4,7226,7795.0,5.3,0.9,10100,MA上昇配列 / パーフェクトオーダー
3708,特種東海製紙,パルプ・紙,11.0,★☆☆☆☆,0.0,0.0,0.0,0.0,11.0,0.0,0.0,0.0,見送り(地合い🔴),,0.0,0.7,2.4,2.7,2065,2170.0,2.7,0.6,145,MA上昇配列 / パーフェクトオーダー / 52週高値目前
5273,三谷セキサン,ガラス・土石製品,11.0,★☆☆☆☆,0.0,0.0,2.0,0.0,9.0,0.0,0.0,0.0,見送り(地合い🔴),,0.0,13.9,3.6,7.2,1863,2008.0,3.0,0.9,127,MA上昇配列
3222,ユナイテッド・スーパーマーケット・ホールディングス,小売業,11.0,★☆☆☆☆,0.0,0.0,3.0,0.0,8.0,0.0,0.0,0.0,見送り(地合い🔴),,0.0,1.3,1.9,1.8,802,833.0,2.2,1.7,574,MA上昇配列
6364,ＡＩＲＭＡＮ,機械,11.0,★☆☆☆☆,0.0,0.0,4.0,0.0,7.0,0.0,0.0,0.0,見送り(地合い🔴),,0.0,25.1,3.9,5.8,2321,2516.0,-1.6,0.4,380,資金流入増 / MA上昇配列 / パーフェクトオーダー
7071,アンビスホールディングス,サービス業,11.0,★☆☆☆☆,0.0,0.0,3.0,0.0,8.0,0.0,0.0,0.0,見送り(地合い🔴),,0.0,17.2,3.7,9.1,395,427.0,2.6,1.2,128,MA上昇配列
7172,ジャパンインベストメントアドバイザー,証券、商品先物取引業,11.0,★☆☆☆☆,0.0,0.0,0.0,0.0,11.0,0.0,0.0,0.0,見送り(地合い🔴),,0.0,-4.1,1.5,0.2,2016,2079.0,-0.7,0.4,670,MA上昇配列 / パーフェクトオーダー
1808,長谷工コーポレーション,建設業,11.0,★☆☆☆☆,0.0,0.0,2.0,0.0,9.0,0.0,0.0,0.0,見送り(地合い🔴),,0.0,2.9,1.9,3.4,2769,2880.0,2.6,0.6,2492,MA上昇配列
2742,ハローズ,小売業,11.0,★☆☆☆☆,0.0,0.0,3.0,0.0,8.0,0.0,0.0,0.0,見送り(地合い🔴),,0.0,6.4,2.0,3.9,3826,3985.0,2.4,1.5,139,MA上昇配列
7231,トピー工業,輸送用機器,11.0,★☆☆☆☆,0.0,0.0,2.0,0.0,9.0,0.0,0.0,0.0,見送り(地合い🔴),,0.0,6.3,2.2,5.1,2960,3095.0,3.2,1.0,177,MA上昇配列
8366,滋賀銀行,銀行業,11.0,★☆☆☆☆,0.0,0.0,0.0,0.0,11.0,0.0,0.0,0.0,見送り(地合い🔴),,0.0,-1.9,3.6,1.2,2449,2641.0,-4.5,0.8,2620,MA上昇配列 / パーフェクトオーダー
2897,日清食品ホールディングス,食料品,11.0,★☆☆☆☆,0.0,0.0,3.0,0.0,8.0,0.0,0.0,0.0,見送り(地合い🔴),,0.0,4.2,3.0,3.6,2875,3056.0,4.6,0.7,5065,MA上昇配列
5949,ユニプレス,輸送用機器,11.0,★☆☆☆☆,0.0,0.0,1.0,0.0,10.0,0.0,0.0,0.0,見送り(地合い🔴),,0.0,3.9,2.2,2.6,1288,1347.0,2.2,0.8,215,MA上昇配列
9037,ハマキョウレックス,陸運業,11.0,★☆☆☆☆,0.0,0.0,3.0,0.0,8.0,0.0,0.0,0.0,見送り(地合い🔴),,0.0,2.4,1.9,1.7,1796,1867.0,-0.3,0.6,275,-
4406,新日本理化,化学,11.0,★☆☆☆☆,0.0,0.0,4.3,0.0,6.7,0.0,0.0,0.0,見送り(地合い🔴),,0.0,22.6,4.4,12.1,226,248.0,-2.7,0.4,114,買い出来高優勢 / MA上昇配列
9042,阪急阪神ホールディングス,陸運業,11.0,★☆☆☆☆,0.0,0.0,0.0,0.0,11.0,0.0,0.0,0.0,見送り(地合い🔴),,0.0,-0.7,2.0,1.2,4564,4752.0,2.5,0.5,4562,MA上昇配列 / パーフェクトオーダー
5911,横河ブリッジホールディングス,金属製品,11.0,★☆☆☆☆,0.0,0.0,1.0,0.0,10.0,0.0,0.0,0.0,見送り(地合い🔴),,0.0,0.4,1.0,1.4,2927,2988.0,1.0,0.6,385,MA上昇配列
5892,ｙｕｔｏｒｉ,小売業,11.0,★☆☆☆☆,0.0,0.0,3.0,0.0,8.0,0.0,0.0,0.0,見送り(地合い🔴),,0.0,20.0,5.9,7.8,2100,2382.0,-11.1,0.5,179,MA上昇配列
2267,ヤクルト本社,食料品,11.0,★☆☆☆☆,0.0,0.0,1.0,0.0,10.0,0.0,0.0,0.0,見送り(地合い🔴),,0.0,6.0,2.3,3.7,2814,2949.0,3.8,1.2,4228,MA上昇配列 / パーフェクトオーダー
256A,飛島ホールディングス,建設業,11.0,★☆☆☆☆,0.0,0.0,2.0,0.0,9.0,0.0,0.0,0.0,見送り(地合い🔴),,0.0,3.2,2.0,4.2,2077,2162.0,0.9,0.9,464,MA上昇配列
7593,ＶＴホールディングス,小売業,10.899999999999999,★☆☆☆☆,0.0,0.0,2.0,0.0,8.7,0.0,0.2,0.0,見送り(地合い🔴),,0.0,9.8,2.1,7.0,513,535.0,2.1,1.2,249,MA上昇配列 / 開示[自己株式の取得](13日前)
2301,学情,サービス業,10.8,★☆☆☆☆,0.0,0.0,5.3,0.0,5.5,0.0,0.0,0.0,見送り(地合い🔴),,0.0,4.8,1.6,4.6,1663,1717.0,2.6,1.8,162,買い出来高優勢 / MA上昇配列 / RSI過熱(87)⚠
4023,クレハ,化学,10.8,★☆☆☆☆,0.0,0.0,3.3,0.0,7.5,0.0,0.0,0.0,見送り(地合い🔴),,0.0,3.8,2.2,2.9,4302,4500.0,-0.3,0.6,1331,買い出来高優勢 / MA上昇配列
3245,ディア・ライフ,不動産業,10.8,★☆☆☆☆,0.0,0.0,4.3,0.0,6.5,0.0,0.0,0.0,見送り(地合い🔴),,0.0,6.1,1.9,4.4,1114,1157.0,-0.1,0.9,376,買い出来高優勢 / MA上昇配列 / RSI過熱(85)⚠
8255,アクシアル　リテイリング,小売業,10.799999999999999,★☆☆☆☆,0.0,0.0,0.0,0.0,10.2,0.0,0.6,0.0,見送り(地合い🔴),,0.0,5.1,2.4,3.8,1208,1270.0,5.7,0.5,280,MA上昇配列 / 52週高値目前 / 開示[自己株式の取得](11日前)
7280,ミツバ,電気機器,10.7,★☆☆☆☆,0.0,0.0,2.0,0.0,8.7,0.0,0.0,0.0,見送り(地合い🔴),,0.0,15.4,3.0,9.8,1254,1335.0,3.9,0.6,355,MA上昇配列 / パーフェクトオーダー
3302,帝国繊維,繊維製品,10.7,★☆☆☆☆,0.0,0.0,1.0,0.0,9.7,0.0,0.0,0.0,見送り(地合い🔴),,0.0,0.4,3.1,0.7,3151,3360.0,2.8,0.8,240,MA上昇配列 / パーフェクトオーダー
2282,日本ハム,食料品,10.7,★☆☆☆☆,0.0,0.0,3.0,0.0,7.7,0.0,0.0,0.0,見送り(地合い🔴),,0.0,0.8,2.6,2.0,6065,6391.0,1.3,0.6,4438,MA上昇配列
4784,ＧＭＯインターネット,サービス業,10.7,★☆☆☆☆,0.0,0.0,4.0,0.0,6.7,0.0,0.0,0.0,見送り(地合い🔴),,0.0,13.9,5.6,5.0,509,573.0,5.9,1.2,1274,MA上昇配列
4599,ステムリム,医薬品,10.7,★☆☆☆☆,0.0,0.0,2.0,0.0,8.7,0.0,0.0,0.0,見送り(地合い🔴),,0.0,17.0,4.5,11.5,322,354.0,1.7,1.0,105,MA上昇配列 / パーフェクトオーダー
4714,リソー教育グループ,サービス業,10.7,★☆☆☆☆,0.0,0.0,2.0,0.0,8.7,0.0,0.0,0.0,見送り(地合い🔴),,0.0,3.1,1.5,2.6,202,208.0,2.0,0.6,105,MA上昇配列 / パーフェクトオーダー
2433,博報堂ＤＹホールディングス,サービス業,10.7,★☆☆☆☆,0.0,0.0,2.0,0.0,8.7,0.0,0.0,0.0,見送り(地合い🔴),,0.0,4.5,3.8,3.1,1218,1317.5,4.0,0.9,1292,MA上昇配列 / パーフェクトオーダー
8818,京阪神ビルディング,不動産業,10.7,★☆☆☆☆,0.0,0.0,0.0,0.0,10.7,0.0,0.0,0.0,見送り(地合い🔴),,0.0,-1.8,2.6,0.8,1047,1104.0,0.1,0.9,402,MA上昇配列 / パーフェクトオーダー
3401,帝人,繊維製品,10.7,★☆☆☆☆,0.0,0.0,0.0,0.0,10.7,0.0,0.0,0.0,見送り(地合い🔴),,0.0,2.5,2.7,2.9,1666,1762.0,0.7,0.8,1532,MA上昇配列 / パーフェクトオーダー
9432,ＮＴＴ,情報・通信業,10.7,★☆☆☆☆,0.0,0.0,2.0,0.0,8.7,0.0,0.0,0.0,見送り(地合い🔴),,0.0,8.6,1.9,6.1,160,166.5,3.1,0.7,42924,MA上昇配列
9506,東北電力,電気・ガス業,10.7,★☆☆☆☆,0.0,0.0,3.0,0.0,7.7,0.0,0.0,0.0,見送り(地合い🔴),,0.0,13.2,2.3,8.0,1248,1309.5,4.2,1.1,3751,MA上昇配列
4933,Ｉ－ｎｅ,化学,10.7,★☆☆☆☆,0.0,0.0,2.0,0.0,8.7,0.0,0.0,0.0,見送り(地合い🔴),,0.0,16.0,2.9,8.8,1351,1435.0,-0.6,0.4,110,MA上昇配列 / パーフェクトオーダー
5243,ｎｏｔｅ,情報・通信業,10.7,★☆☆☆☆,0.0,0.0,2.0,0.0,8.7,0.0,0.0,0.0,見送り(地合い🔴),,0.0,24.5,5.7,12.3,2261,2550.0,-0.9,0.9,704,MA上昇配列 / パーフェクトオーダー
1969,高砂熱学工業,建設業,10.7,★☆☆☆☆,0.0,6.0,1.0,0.0,3.7,0.0,0.0,0.0,見送り(地合い🔴),,0.0,-4.3,3.7,0.1,3987,4303.0,-1.6,0.6,3326,AIデータセンター・電力(-5.7%)
2124,ジェイエイシーリクルートメント,サービス業,10.7,★☆☆☆☆,0.0,0.0,4.0,0.0,6.5,0.0,0.2,0.0,見送り(地合い🔴),,0.0,6.0,3.5,3.2,920,990.0,-4.7,0.7,877,資金流入増 / MA上昇配列 / 開示[自己株式取得](13日前)
7956,ピジョン,その他製品,10.7,★☆☆☆☆,0.0,0.0,2.0,0.0,8.7,0.0,0.0,0.0,見送り(地合い🔴),,0.0,8.7,2.5,4.3,2036,2142.0,0.8,0.7,2298,MA上昇配列 / パーフェクトオーダー
4417,グローバルセキュリティエキスパート,情報・通信業,10.7,★☆☆☆☆,0.0,0.0,1.0,0.0,9.5,0.0,0.2,0.0,見送り(地合い🔴),,0.0,6.7,6.3,2.3,4003,4575.0,0.4,0.4,255,MA上昇配列 / パーフェクトオーダー / 開示[資本業務提携](13日前)
1766,東建コーポレーション,建設業,10.7,★☆☆☆☆,0.0,0.0,2.0,0.0,8.7,0.0,0.0,0.0,見送り(地合い🔴),,0.0,2.7,1.7,2.8,13133,13590.0,2.5,0.6,313,MA上昇配列
7508,Ｇ‐７ホールディングス,小売業,10.7,★☆☆☆☆,0.0,0.0,2.0,0.0,8.7,0.0,0.0,0.0,見送り(地合い🔴),,0.0,0.5,1.5,1.7,1408,1451.0,0.8,0.7,108,MA上昇配列 / パーフェクトオーダー
9119,飯野海運,海運業,10.7,★☆☆☆☆,0.0,0.0,2.0,0.0,8.7,0.0,0.0,0.0,見送り(地合い🔴),,0.0,15.0,3.3,11.4,1630,1744.0,6.0,1.2,448,MA上昇配列
4776,サイボウズ,情報・通信業,10.7,★☆☆☆☆,0.0,0.0,2.0,0.0,8.7,0.0,0.0,0.0,見送り(地合い🔴),,0.0,22.9,3.3,11.8,2887,3090.0,5.9,0.7,886,MA上昇配列 / パーフェクトオーダー
4765,ＳＢＩグローバルアセットマネジメント,サービス業,10.7,★☆☆☆☆,0.0,0.0,3.0,0.0,7.7,0.0,0.0,0.0,見送り(地合い🔴),,0.0,7.9,2.0,3.1,595,620.0,0.6,0.5,275,MA上昇配列
5011,ニチレキグループ,石油・石炭製品,10.7,★☆☆☆☆,0.0,0.0,4.0,0.0,6.7,0.0,0.0,0.0,見送り(地合い🔴),,0.0,8.3,2.2,6.9,2298,2406.0,2.7,1.4,134,MA上昇配列
6194,アトラエ,サービス業,10.7,★☆☆☆☆,0.0,0.0,3.0,0.0,7.5,0.0,0.2,0.0,見送り(地合い🔴),,0.0,9.4,2.9,5.1,858,911.0,0.2,1.0,137,MA上昇配列 / パーフェクトオーダー / 開示[自己株式取得](13日前)
3001,片倉工業,繊維製品,10.7,★☆☆☆☆,0.0,0.0,3.0,0.0,7.5,0.0,0.2,0.0,見送り(地合い🔴),,0.0,9.7,2.7,3.7,2788,2946.0,1.5,0.4,172,MA上昇配列 / 開示[業績予想の修正](13日前)
2503,キリンホールディングス,食料品,10.5,★☆☆☆☆,0.0,0.0,1.0,0.0,9.5,0.0,0.0,0.0,見送り(地合い🔴),,0.0,3.6,2.8,2.4,2883,3053.0,1.8,0.6,12571,MA上昇配列 / パーフェクトオーダー
9621,建設技術研究所,サービス業,10.5,★☆☆☆☆,0.0,0.0,4.3,0.0,6.2,0.0,0.0,0.0,見送り(地合い🔴),,0.0,9.2,2.8,4.1,3050,3230.0,1.7,0.9,280,買い出来高優勢 / MA上昇配列
2730,エディオン,小売業,10.5,★☆☆☆☆,0.0,0.0,1.0,0.0,9.5,0.0,0.0,0.0,見送り(地合い🔴),,0.0,-0.5,2.2,0.8,2411,2520.0,1.9,0.8,773,MA上昇配列 / パーフェクトオーダー
4902,コニカミノルタ,電気機器,10.5,★☆☆☆☆,0.0,0.0,2.0,0.0,8.5,0.0,0.0,0.0,見送り(地合い🔴),,0.0,-1.0,4.1,0.9,596,649.5999755859375,-3.1,0.5,3021,MA上昇配列 / パーフェクトオーダー
7616,コロワイド,小売業,10.5,★☆☆☆☆,0.0,0.0,3.0,0.0,7.5,0.0,0.0,0.0,見送り(地合い🔴),,0.0,6.5,2.3,3.4,2001,2097.5,4.6,0.7,974,MA上昇配列 / パーフェクトオーダー
7606,ユナイテッドアローズ,小売業,10.5,★☆☆☆☆,0.0,0.0,1.0,0.0,9.5,0.0,0.0,0.0,見送り(地合い🔴),,0.0,2.9,2.7,0.3,2369,2504.0,-0.9,0.7,560,MA上昇配列 / パーフェクトオーダー
3276,ＪＰＭＣ,不動産業,10.5,★☆☆☆☆,0.0,0.0,2.0,0.0,8.5,0.0,0.0,0.0,見送り(地合い🔴),,0.0,23.7,1.4,9.5,2182,2244.0,0.0,0.7,651,資金流入増 / MA上昇配列 / パーフェクトオーダー / 52週高値目前 / RSI過熱(100)⚠
3941,レンゴー,パルプ・紙,10.5,★☆☆☆☆,0.0,0.0,1.0,0.0,9.5,0.0,0.0,0.0,見送り(地合い🔴),,0.0,6.7,2.8,2.4,1490,1579.5,-2.7,0.6,1826,MA上昇配列 / パーフェクトオーダー
8088,岩谷産業,卸売業,10.5,★☆☆☆☆,0.0,0.0,2.0,0.0,8.5,0.0,0.0,0.0,見送り(地合い🔴),,0.0,9.1,3.0,4.2,2056,2187.0,-2.5,0.4,1980,MA上昇配列 / パーフェクトオーダー
8016,オンワードホールディングス,繊維製品,10.5,★☆☆☆☆,0.0,0.0,1.0,0.0,9.5,0.0,0.0,0.0,見送り(地合い🔴),,0.0,4.3,1.4,1.9,753,774.0,1.7,1.1,535,MA上昇配列 / パーフェクトオーダー
4041,日本曹達,化学,10.5,★☆☆☆☆,0.0,0.0,1.0,0.0,9.5,0.0,0.0,0.0,見送り(地合い🔴),,0.0,2.3,1.6,2.2,3822,3950.0,0.3,0.7,371,MA上昇配列 / パーフェクトオーダー
8117,中央自動車工業,卸売業,10.5,★☆☆☆☆,0.0,0.0,1.0,0.0,9.5,0.0,0.0,0.0,見送り(地合い🔴),,0.0,2.8,2.5,2.6,2067,2178.0,0.6,0.7,245,MA上昇配列 / パーフェクトオーダー
8304,あおぞら銀行,銀行業,10.5,★☆☆☆☆,0.0,0.0,1.0,0.0,9.5,0.0,0.0,0.0,見送り(地合い🔴),,0.0,6.6,2.8,2.6,3092,3276.0,-4.4,0.5,5551,MA上昇配列 / パーフェクトオーダー
7381,ＣＣＩグループ,銀行業,10.5,★☆☆☆☆,0.0,0.0,1.0,0.0,9.5,0.0,0.0,0.0,見送り(地合い🔴),,0.0,2.4,3.6,1.6,1113,1200.0,-5.5,0.8,625,MA上昇配列 / パーフェクトオーダー
8005,スクロール,小売業,10.5,★☆☆☆☆,0.0,0.0,1.0,0.0,9.5,0.0,0.0,0.0,見送り(地合い🔴),,0.0,7.9,2.1,3.0,1774,1853.0,0.2,0.7,457,MA上昇配列 / パーフェクトオーダー
6371,椿本チエイン,機械,10.5,★☆☆☆☆,0.0,0.0,1.0,0.0,9.5,0.0,0.0,0.0,見送り(地合い🔴),,0.0,0.6,1.8,1.2,2588,2684.0,-1.1,0.5,565,MA上昇配列 / パーフェクトオーダー
4956,コニシ,化学,10.5,★☆☆☆☆,0.0,0.0,1.0,0.0,9.5,0.0,0.0,0.0,見送り(地合い🔴),,0.0,1.3,2.1,0.6,1394,1455.0,0.5,0.4,167,MA上昇配列 / パーフェクトオーダー
8334,群馬銀行,銀行業,10.5,★☆☆☆☆,0.0,0.0,1.0,0.0,9.5,0.0,0.0,0.0,見送り(地合い🔴),,0.0,1.9,2.7,3.2,2551,2695.0,-2.4,0.8,2806,MA上昇配列 / パーフェクトオーダー
4202,ダイセル,化学,10.5,★☆☆☆☆,0.0,0.0,1.0,0.0,9.5,0.0,0.0,0.0,見送り(地合い🔴),,0.0,-1.8,2.0,0.0,1406,1466.0,-0.6,0.6,1975,MA上昇配列 / パーフェクトオーダー
8125,ワキタ,卸売業,10.5,★☆☆☆☆,0.0,0.0,3.0,0.0,7.5,0.0,0.0,0.0,見送り(地合い🔴),,0.0,4.4,1.3,2.9,1929,1979.0,1.6,1.2,330,MA上昇配列
2492,インフォマート,サービス業,10.5,★☆☆☆☆,0.0,0.0,3.0,0.0,7.5,0.0,0.0,0.0,見送り(地合い🔴),,0.0,15.7,6.6,8.6,529,610.0,7.4,0.7,2047,MA上昇配列 / パーフェクトオーダー
5482,愛知製鋼,鉄鋼,10.5,★☆☆☆☆,0.0,0.0,1.0,0.0,9.5,0.0,0.0,0.0,見送り(地合い🔴),,0.0,2.8,2.6,1.6,3034,3200.0,-2.9,0.4,561,MA上昇配列 / パーフェクトオーダー
4613,関西ペイント,化学,10.5,★☆☆☆☆,0.0,0.0,1.0,0.0,9.5,0.0,0.0,0.0,見送り(地合い🔴),,0.0,8.1,2.1,2.4,2794,2915.5,-0.3,0.5,3065,MA上昇配列 / パーフェクトオーダー
6395,タダノ,機械,10.5,★☆☆☆☆,0.0,0.0,1.0,0.0,9.5,0.0,0.0,0.0,見送り(地合い🔴),,0.0,3.6,3.7,2.3,1288,1390.0,-0.8,0.7,671,MA上昇配列 / パーフェクトオーダー
6250,やまびこ,機械,10.5,★☆☆☆☆,0.0,0.0,1.0,0.0,9.5,0.0,0.0,0.0,見送り(地合い🔴),,0.0,7.0,3.4,3.3,3883,4165.0,-1.8,1.0,472,MA上昇配列 / パーフェクトオーダー
4392,ＦＩＧ,情報・通信業,10.3,★☆☆☆☆,0.0,0.0,5.3,0.0,5.0,0.0,0.0,0.0,見送り(地合い🔴),,0.0,-3.4,13.2,-1.6,733,995.0,-19.1,1.5,6008,買い出来高優勢
6326,クボタ,機械,10.3,★☆☆☆☆,4.6,0.0,1.0,0.0,4.7,0.0,0.0,0.0,見送り(地合い🔴),SK hynix,-3.1,-2.0,4.0,2.1,2560,2780.5,3.5,0.7,13386,SK hynix+11.4%連動(β0.16)
2805,ヱスビー食品,食料品,10.2,★☆☆☆☆,0.0,0.0,2.0,0.0,8.2,0.0,0.0,0.0,見送り(地合い🔴),,0.0,5.4,3.6,3.1,6251,6730.0,0.9,0.8,422,MA上昇配列 / パーフェクトオーダー
6023,ダイハツインフィニアース,輸送用機器,10.2,★☆☆☆☆,0.0,0.0,3.0,0.0,7.2,0.0,0.0,0.0,見送り(地合い🔴),,0.0,5.2,4.7,3.7,2702,2984.0,-3.1,0.5,759,MA上昇配列 / パーフェクトオーダー
4743,アイティフォー,情報・通信業,10.2,★☆☆☆☆,0.0,0.0,2.0,0.0,8.2,0.0,0.0,0.0,見送り(地合い🔴),,0.0,-0.6,2.4,0.1,1615,1696.0,2.4,0.6,164,MA上昇配列 / パーフェクトオーダー
4434,サーバーワークス,情報・通信業,10.2,★☆☆☆☆,0.0,0.0,4.0,0.0,6.2,0.0,0.0,0.0,見送り(地合い🔴),,0.0,27.1,3.9,6.1,2236,2427.0,-1.7,0.4,176,資金流入増 / MA上昇配列 / パーフェクトオーダー
6145,ＮＩＴＴＯＫＵ,機械,10.100000000000001,★☆☆☆☆,5.4,0.0,2.0,0.0,2.7,0.0,0.0,0.0,見送り(地合い🔴),SK hynix,-0.5,-6.6,4.9,-2.2,2242,2488.0,-1.3,1.7,384,SK hynix+11.4%連動(β0.19)
3962,チェンジホールディングス,情報・通信業,10.0,★☆☆☆☆,0.0,0.0,2.0,0.0,8.0,0.0,0.0,0.0,見送り(地合い🔴),,0.0,8.6,2.6,4.5,954,1007.0,3.7,0.7,281,MA上昇配列
4011,ヘッドウォータース,情報・通信業,10.0,★☆☆☆☆,0.0,0.0,4.0,0.0,6.0,0.0,0.0,0.0,見送り(地合い🔴),,0.0,20.0,5.0,13.3,2115,2350.0,2.9,1.6,106,-
8001,伊藤忠商事,卸売業,10.0,★☆☆☆☆,0.0,0.0,0.0,0.0,10.0,0.0,0.0,0.0,見送り(地合い🔴),,0.0,6.8,2.6,5.1,2007,2117.5,6.3,1.0,27799,MA上昇配列
278A,Ｔｅｒｒａ　Ｄｒｏｎｅ,精密機器,10.0,★☆☆☆☆,0.0,0.0,0.0,0.0,10.0,0.0,0.0,0.0,見送り(地合い🔴),,0.0,2.8,9.0,3.1,10846,13220.0,-4.1,0.9,13390,MA上昇配列 / パーフェクトオーダー
2784,アルフレッサ　ホールディングス,卸売業,10.0,★☆☆☆☆,0.0,0.0,1.0,0.0,9.0,0.0,0.0,0.0,見送り(地合い🔴),,0.0,-2.7,1.9,0.9,2233,2318.5,3.0,0.5,1295,MA上昇配列
3139,ラクト・ジャパン,卸売業,10.0,★☆☆☆☆,0.0,0.0,1.0,0.0,9.0,0.0,0.0,0.0,見送り(地合い🔴),,0.0,-1.7,1.4,1.1,3334,3430.0,1.5,0.7,132,MA上昇配列
4716,日本オラクル,情報・通信業,10.0,★☆☆☆☆,0.0,0.0,2.0,0.0,8.0,0.0,0.0,0.0,見送り(地合い🔴),,0.0,11.4,2.6,4.7,8884,9374.0,2.3,0.7,2771,MA上昇配列
3252,地主,不動産業,10.0,★☆☆☆☆,0.0,0.0,1.0,0.0,9.0,0.0,0.0,0.0,見送り(地合い🔴),,0.0,1.2,1.8,2.2,2875,2984.0,0.5,0.8,384,MA上昇配列
7198,ＳＢＩアルヒ,その他金融業,10.0,★☆☆☆☆,0.0,0.0,2.0,0.0,8.0,0.0,0.0,0.0,見送り(地合い🔴),,0.0,5.4,1.6,3.4,819,847.0,0.6,0.5,125,MA上昇配列
3916,デジタル・インフォメーション・テクノロジー,情報・通信業,10.0,★☆☆☆☆,0.0,0.0,2.0,0.0,8.0,0.0,0.0,0.0,見送り(地合い🔴),,0.0,5.0,1.9,3.2,944,981.0,2.1,1.2,109,MA上昇配列
6330,東洋エンジニアリング,建設業,10.0,★☆☆☆☆,0.0,0.0,5.0,0.0,8.0,0.0,0.0,-3.0,見送り(地合い🔴),,0.0,31.1,7.7,17.0,2114,2496.0,2.4,1.2,7873,資金流入増 / MA上昇配列 / 伸びすぎ注意(25MA+17%)
4521,科研製薬,医薬品,10.0,★☆☆☆☆,0.0,0.0,1.0,0.0,9.0,0.0,0.0,0.0,見送り(地合い🔴),,0.0,0.9,1.7,1.5,3841,3980.0,0.3,0.5,665,MA上昇配列
4528,小野薬品工業,医薬品,10.0,★☆☆☆☆,0.0,0.0,0.0,0.0,10.0,0.0,0.0,0.0,見送り(地合い🔴),,0.0,-1.0,1.9,1.4,2349,2444.0,1.5,0.7,4013,MA上昇配列 / パーフェクトオーダー
4272,日本化薬,化学,10.0,★☆☆☆☆,0.0,0.0,2.0,0.0,8.0,0.0,0.0,0.0,見送り(地合い🔴),,0.0,2.8,2.3,2.2,1969,2065.0,-3.5,0.6,1252,-
4307,野村総合研究所,情報・通信業,10.0,★☆☆☆☆,0.0,0.0,2.0,0.0,8.0,0.0,0.0,0.0,見送り(地合い🔴),,0.0,1.6,3.4,2.0,4744,5085.0,4.4,0.6,15941,MA上昇配列
4481,ベース,情報・通信業,10.0,★☆☆☆☆,0.0,0.0,2.0,0.0,8.0,0.0,0.0,0.0,見送り(地合い🔴),,0.0,7.0,2.3,4.9,3201,3355.0,5.3,0.7,321,MA上昇配列
8850,スターツコーポレーション,不動産業,10.0,★☆☆☆☆,0.0,0.0,0.0,0.0,10.0,0.0,0.0,0.0,見送り(地合い🔴),,0.0,0.2,1.7,1.1,4600,4760.0,1.7,0.9,306,MA上昇配列
9007,小田急電鉄,陸運業,10.0,★☆☆☆☆,0.0,0.0,0.0,0.0,10.0,0.0,0.0,0.0,見送り(地合い🔴),,0.0,0.3,1.9,1.6,1694,1762.5,3.6,0.7,2676,MA上昇配列 / パーフェクトオーダー
3086,Ｊ．フロント　リテイリング,小売業,10.0,★☆☆☆☆,0.0,0.0,0.0,0.0,10.0,0.0,0.0,0.0,見送り(地合い🔴),,0.0,2.6,2.2,2.0,2923,3056.0,7.1,0.9,3024,MA上昇配列 / パーフェクトオーダー
2962,テクニスコ,金属製品,10.0,★☆☆☆☆,0.0,0.0,0.0,0.0,10.0,0.0,0.0,0.0,見送り(地合い🔴),,0.0,17.7,10.5,13.5,1202,1521.0,11.9,1.0,534,MA上昇配列 / パーフェクトオーダー
4894,クオリプス,医薬品,10.0,★☆☆☆☆,0.0,0.0,2.0,0.0,8.0,0.0,0.0,0.0,見送り(地合い🔴),,0.0,23.9,5.7,9.3,4649,5250.0,-1.9,0.5,557,MA上昇配列
2749,ＪＰホールディングス,サービス業,10.0,★☆☆☆☆,0.0,0.0,1.0,0.0,9.0,0.0,0.0,0.0,見送り(地合い🔴),,0.0,4.4,2.1,3.7,630,658.0,2.3,0.7,191,MA上昇配列
4681,リゾートトラスト,サービス業,10.0,★☆☆☆☆,0.0,0.0,0.0,0.0,10.0,0.0,0.0,0.0,見送り(地合い🔴),,0.0,8.3,2.5,4.4,1773,1867.5,2.9,0.7,1127,MA上昇配列
2726,パルグループホールディングス,小売業,10.0,★☆☆☆☆,0.0,0.0,2.0,0.0,8.0,0.0,0.0,0.0,見送り(地合い🔴),,0.0,8.1,2.3,3.5,1460,1530.0,3.6,0.5,1128,MA上昇配列
6995,東海理化電機製作所,輸送用機器,10.0,★☆☆☆☆,0.0,0.0,0.0,0.0,10.0,0.0,0.0,0.0,見送り(地合い🔴),,0.0,-2.4,1.8,0.6,3030,3140.0,2.3,0.6,461,MA上昇配列
2331,ＡＬＳＯＫ,サービス業,10.0,★☆☆☆☆,0.0,0.0,1.0,0.0,9.0,0.0,0.0,0.0,見送り(地合い🔴),,0.0,1.0,2.2,1.8,1134,1185.0,2.6,0.7,1640,MA上昇配列
3491,ＧＡ　ｔｅｃｈｎｏｌｏｇｉｅｓ,不動産業,10.0,★☆☆☆☆,0.0,0.0,2.0,0.0,8.0,0.0,0.0,0.0,見送り(地合い🔴),,0.0,18.1,4.1,8.6,1445,1575.0,6.0,0.9,282,MA上昇配列
1407,ウエストホールディングス,建設業,10.0,★☆☆☆☆,0.0,0.0,0.0,0.0,10.0,0.0,0.0,0.0,見送り(地合い🔴),,0.0,-0.1,5.6,5.1,2522,2838.0,1.6,1.0,1180,MA上昇配列 / パーフェクトオーダー
9759,ＮＳＤ,情報・通信業,10.0,★☆☆☆☆,0.0,0.0,1.0,0.0,9.0,0.0,0.0,0.0,見送り(地合い🔴),,0.0,6.8,2.4,3.8,2754,2891.5,4.3,0.4,892,MA上昇配列
9824,泉州電業,卸売業,10.0,★☆☆☆☆,0.0,0.0,2.0,0.0,8.0,0.0,0.0,0.0,見送り(地合い🔴),,0.0,11.0,3.1,7.2,6557,6990.0,2.3,0.4,466,-
6167,冨士ダイス,機械,10.0,★☆☆☆☆,0.0,0.0,2.0,0.0,8.0,0.0,0.0,0.0,見送り(地合い🔴),,0.0,7.4,3.9,3.1,954,1035.0,-4.4,0.5,120,MA上昇配列
9887,松屋フーズホールディングス,小売業,10.0,★☆☆☆☆,0.0,0.0,2.0,0.0,8.0,0.0,0.0,0.0,見送り(地合い🔴),,0.0,4.7,2.2,3.9,4969,5200.0,9.5,1.2,432,MA上昇配列
9766,コナミグループ,情報・通信業,10.0,★☆☆☆☆,0.0,0.0,1.0,0.0,9.0,0.0,0.0,0.0,見送り(地合い🔴),,0.0,19.5,3.3,7.2,20689,22160.0,2.6,0.4,13610,MA上昇配列
3443,川田テクノロジーズ,金属製品,10.0,★☆☆☆☆,0.0,0.0,2.0,0.0,8.0,0.0,0.0,0.0,見送り(地合い🔴),,0.0,6.8,2.6,4.9,1326,1400.0,-1.1,0.8,423,MA上昇配列
4377,ワンキャリア,情報・通信業,10.0,★☆☆☆☆,0.0,0.0,1.0,0.0,9.0,0.0,0.0,0.0,見送り(地合い🔴),,0.0,20.3,4.6,10.1,2184,2404.0,-4.9,0.4,252,MA上昇配列
6420,ガリレイホールディングス,機械,10.0,★☆☆☆☆,0.0,0.0,0.0,0.0,10.0,0.0,0.0,0.0,見送り(地合い🔴),,0.0,7.0,2.0,3.4,3406,3550.0,1.3,0.5,204,MA上昇配列
4046,大阪ソーダ,化学,10.0,★☆☆☆☆,0.0,0.0,1.0,0.0,9.0,0.0,0.0,0.0,見送り(地合い🔴),,0.0,12.3,3.6,6.6,1876,2023.0,-2.8,0.5,790,MA上昇配列
8131,ミツウロコグループホールディングス,卸売業,10.0,★☆☆☆☆,0.0,0.0,1.0,0.0,9.0,0.0,0.0,0.0,見送り(地合い🔴),,0.0,5.3,3.0,4.7,2070,2202.0,6.5,0.8,105,MA上昇配列
8153,モスフードサービス,卸売業,10.0,★☆☆☆☆,0.0,0.0,1.0,0.0,9.0,0.0,0.0,0.0,見送り(地合い🔴),,0.0,3.6,1.8,3.5,3811,3955.0,4.6,0.7,408,MA上昇配列
7458,第一興商,卸売業,10.0,★☆☆☆☆,0.0,0.0,0.0,0.0,10.0,0.0,0.0,0.0,見送り(地合い🔴),,0.0,4.5,1.9,2.9,1793,1866.0,2.1,0.8,448,MA上昇配列 / パーフェクトオーダー
7512,イオン北海道,小売業,10.0,★☆☆☆☆,0.0,0.0,2.0,0.0,8.0,0.0,0.0,0.0,見送り(地合い🔴),,0.0,1.3,1.4,2.1,840,864.0,1.8,0.9,145,MA上昇配列
2146,ＵＴグループ,サービス業,10.0,★☆☆☆☆,0.0,0.0,4.3,0.0,8.7,0.0,0.0,-3.0,見送り(地合い🔴),,0.0,27.9,4.2,17.1,215,234.0,4.0,0.9,1750,買い出来高優勢 / MA上昇配列 / 伸びすぎ注意(25MA+17%)
7595,アルゴグラフィックス,情報・通信業,10.0,★☆☆☆☆,0.0,0.0,1.0,0.0,9.0,0.0,0.0,0.0,見送り(地合い🔴),,0.0,2.8,1.8,2.0,1298,1347.0,0.8,0.6,332,MA上昇配列
5889,Ｊａｐａｎ　Ｅｙｅｗｅａｒ　Ｈｏｌｄｉｎｇｓ,小売業,10.0,★☆☆☆☆,0.0,0.0,0.0,0.0,10.0,0.0,0.0,0.0,見送り(地合い🔴),,0.0,8.1,2.8,3.3,2426,2570.0,1.3,0.8,272,MA上昇配列 / パーフェクトオーダー
3486,グローバル・リンク・マネジメント,不動産業,10.0,★☆☆☆☆,0.0,0.0,2.0,0.0,8.0,0.0,0.0,0.0,見送り(地合い🔴),,0.0,3.5,2.4,2.5,1883,1980.0,0.5,0.5,111,MA上昇配列
2157,コシダカホールディングス,サービス業,10.0,★☆☆☆☆,0.0,0.0,2.0,0.0,8.0,0.0,0.0,0.0,見送り(地合い🔴),,0.0,-1.3,1.7,0.9,1017,1053.0,2.6,1.3,737,MA上昇配列
4343,イオンファンタジー,サービス業,10.0,★☆☆☆☆,0.0,0.0,2.0,0.0,8.0,0.0,0.0,0.0,見送り(地合い🔴),,0.0,6.3,2.3,4.0,2742,2872.0,2.5,0.9,231,MA上昇配列
7388,ＦＰパートナー,保険業,10.0,★☆☆☆☆,0.0,0.0,2.0,0.0,8.0,0.0,0.0,0.0,見送り(地合い🔴),,0.0,3.9,1.5,2.7,2186,2251.0,0.5,1.0,102,MA上昇配列
7261,マツダ,輸送用機器,10.0,★☆☆☆☆,0.0,0.0,2.0,0.0,8.0,0.0,0.0,0.0,見送り(地合い🔴),,0.0,6.9,3.1,4.1,1140,1216.5,3.3,0.6,9497,MA上昇配列
4390,ＩＰＳ,情報・通信業,10.0,★☆☆☆☆,0.0,0.0,3.0,0.0,7.0,0.0,0.0,0.0,見送り(地合い🔴),,0.0,9.0,5.2,4.4,3434,3830.0,-6.4,1.6,387,-
3387,クリエイト・レストランツ・ホールディングス,小売業,10.0,★☆☆☆☆,0.0,0.0,0.0,0.0,10.0,0.0,0.0,0.0,見送り(地合い🔴),,0.0,0.8,1.6,1.4,758,783.0,1.3,1.2,1324,MA上昇配列
5210,日本山村硝子,ガラス・土石製品,10.0,★☆☆☆☆,0.0,0.0,2.0,0.0,8.0,0.0,0.0,0.0,見送り(地合い🔴),,0.0,4.5,2.2,4.1,2840,2973.0,-0.2,0.9,166,MA上昇配列
5838,楽天銀行,銀行業,10.0,★☆☆☆☆,0.0,0.0,2.0,0.0,8.0,0.0,0.0,0.0,見送り(地合い🔴),,0.0,10.1,3.8,9.1,5740,6217.0,-0.0,0.7,7062,MA上昇配列
2158,ＦＲＯＮＴＥＯ,サービス業,10.0,★☆☆☆☆,0.0,0.0,2.0,0.0,8.0,0.0,0.0,0.0,見送り(地合い🔴),,0.0,3.8,3.2,4.0,621,663.0,3.0,1.4,118,MA上昇配列
3661,エムアップホールディングス,情報・通信業,10.0,★☆☆☆☆,0.0,0.0,2.0,0.0,8.0,0.0,0.0,0.0,見送り(地合い🔴),,0.0,16.8,3.3,9.4,812,870.0,9.8,1.1,533,MA上昇配列
5410,合同製鐵,鉄鋼,10.0,★☆☆☆☆,0.0,0.0,2.0,0.0,8.0,0.0,0.0,0.0,見送り(地合い🔴),,0.0,6.7,1.8,4.2,2893,3000.0,2.0,0.7,300,MA上昇配列
7545,西松屋チェーン,小売業,10.0,★☆☆☆☆,0.0,0.0,1.0,0.0,9.0,0.0,0.0,0.0,見送り(地合い🔴),,0.0,3.3,1.8,2.0,1955,2027.0,2.4,0.5,961,MA上昇配列
2379,ディップ,サービス業,10.0,★☆☆☆☆,0.0,0.0,2.0,0.0,8.0,0.0,0.0,0.0,見送り(地合い🔴),,0.0,5.0,1.5,2.7,1838,1893.0,3.8,1.1,609,MA上昇配列
2317,システナ,情報・通信業,10.0,★☆☆☆☆,0.0,0.0,1.0,0.0,9.0,0.0,0.0,0.0,見送り(地合い🔴),,0.0,4.0,2.1,3.8,429,447.0,3.0,0.5,584,MA上昇配列
2768,双日,卸売業,10.0,★☆☆☆☆,0.0,0.0,2.0,0.0,8.0,0.0,0.0,0.0,見送り(地合い🔴),,0.0,3.8,2.6,3.8,5375,5670.0,1.2,0.6,6722,MA上昇配列
6289,技研製作所,機械,10.0,★☆☆☆☆,0.0,0.0,2.0,0.0,8.0,0.0,0.0,0.0,見送り(地合い🔴),,0.0,5.9,1.9,4.1,1911,1985.0,2.2,1.4,125,MA上昇配列
8425,みずほリース,その他金融業,10.0,★☆☆☆☆,0.0,0.0,0.0,0.0,10.0,0.0,0.0,0.0,見送り(地合い🔴),,0.0,2.0,1.4,2.0,1334,1371.0,1.4,0.9,887,MA上昇配列
8572,アコム,その他金融業,10.0,★☆☆☆☆,0.0,0.0,0.0,0.0,10.0,0.0,0.0,0.0,見送り(地合い🔴),,0.0,-0.5,1.4,1.2,476,489.6000061035156,2.0,0.7,655,MA上昇配列
9470,学研ホールディングス,情報・通信業,10.0,★☆☆☆☆,0.0,0.0,0.0,0.0,10.0,0.0,0.0,0.0,見送り(地合い🔴),,0.0,2.5,1.4,2.6,1021,1051.0,0.1,0.8,120,MA上昇配列
1878,大東建託,不動産業,10.0,★☆☆☆☆,0.0,0.0,1.0,0.0,9.0,0.0,0.0,0.0,見送り(地合い🔴),,0.0,0.3,1.7,1.7,3226,3338.0,3.3,0.7,6009,MA上昇配列
1898,世紀東急工業,建設業,10.0,★☆☆☆☆,0.0,0.0,1.0,0.0,9.0,0.0,0.0,0.0,見送り(地合い🔴),,0.0,0.7,1.2,1.4,1463,1500.0,1.1,0.9,285,MA上昇配列
6036,ＫｅｅＰｅｒ技研,サービス業,10.0,★☆☆☆☆,0.0,0.0,3.3,0.0,6.7,0.0,0.0,0.0,見送り(地合い🔴),,0.0,20.8,3.7,12.9,3048,3290.0,3.6,0.6,444,買い出来高優勢 / MA上昇配列
9425,ＲｅＹｕｕ　Ｊａｐａｎ,情報・通信業,10.0,★☆☆☆☆,0.0,0.0,2.0,0.0,6.0,0.0,2.0,0.0,見送り(地合い🔴),,0.0,1.0,8.7,4.5,177,215.0,5.4,1.0,144,開示[子会社化](0日前)
9509,北海道電力,電気・ガス業,10.0,★☆☆☆☆,0.0,0.0,2.0,0.0,8.0,0.0,0.0,0.0,見送り(地合い🔴),,0.0,5.2,2.6,4.0,1020,1074.5,1.7,0.9,2081,MA上昇配列
9416,ビジョン,情報・通信業,10.0,★☆☆☆☆,0.0,0.0,2.0,0.0,8.0,0.0,0.0,0.0,見送り(地合い🔴),,0.0,5.3,2.0,2.5,1013,1054.0,1.1,0.6,360,MA上昇配列
9418,Ｕ－ＮＥＸＴ　ＨＯＬＤＩＮＧＳ,情報・通信業,10.0,★☆☆☆☆,0.0,0.0,2.0,0.0,8.0,0.0,0.0,0.0,見送り(地合い🔴),,0.0,5.9,1.8,3.0,1708,1772.0,2.7,0.8,1110,MA上昇配列
2127,日本Ｍ＆Ａセンターホールディングス,サービス業,10.0,★☆☆☆☆,0.0,0.0,2.0,0.0,8.0,0.0,0.0,0.0,見送り(地合い🔴),,0.0,0.9,1.8,2.5,655,679.5,3.7,0.7,1578,MA上昇配列
3496,アズーム,不動産業,10.0,★☆☆☆☆,0.0,0.0,2.0,0.0,8.0,0.0,0.0,0.0,見送り(地合い🔴),,0.0,10.9,2.8,5.3,4614,4885.0,4.0,0.5,283,MA上昇配列
9227,マイクロ波化学,サービス業,10.0,★☆☆☆☆,0.0,0.0,4.0,0.0,6.0,0.0,0.0,0.0,見送り(地合い🔴),,0.0,13.8,4.5,3.7,829,910.0,-5.4,0.2,418,資金流入増
6328,荏原実業,機械,9.7,★☆☆☆☆,0.0,0.0,4.0,0.0,5.7,0.0,0.0,0.0,見送り(地合い🔴),,0.0,-0.0,3.8,2.3,2245,2431.0,1.9,0.4,360,資金流入増
8614,東洋証券,証券、商品先物取引業,9.7,★☆☆☆☆,0.0,0.0,1.0,0.0,8.7,0.0,0.0,0.0,見送り(地合い🔴),,0.0,5.7,2.1,6.4,691,721.0,5.9,0.8,435,MA上昇配列
8628,松井証券,証券、商品先物取引業,9.7,★☆☆☆☆,0.0,0.0,0.0,0.0,9.7,0.0,0.0,0.0,見送り(地合い🔴),,0.0,-1.6,1.8,1.7,1065,1105.0,0.8,0.4,882,MA上昇配列 / パーフェクトオーダー / 52週高値目前
2491,バリューコマース,サービス業,9.7,★☆☆☆☆,0.0,0.0,3.0,0.0,6.7,0.0,0.0,0.0,見送り(地合い🔴),,0.0,7.6,2.1,6.4,474,495.0,6.5,1.2,102,MA上昇配列
2353,日本駐車場開発,不動産業,9.7,★☆☆☆☆,0.0,0.0,1.0,0.0,8.7,0.0,0.0,0.0,見送り(地合い🔴),,0.0,6.5,1.7,5.3,260,269.0,1.9,0.6,757,MA上昇配列
8566,リコーリース,その他金融業,9.7,★☆☆☆☆,0.0,0.0,0.0,0.0,9.7,0.0,0.0,0.0,見送り(地合い🔴),,0.0,-0.4,1.5,1.2,6559,6760.0,3.4,0.7,273,MA上昇配列 / パーフェクトオーダー / 52週高値目前
3636,三菱総合研究所,情報・通信業,9.7,★☆☆☆☆,0.0,0.0,1.0,0.0,8.7,0.0,0.0,0.0,見送り(地合い🔴),,0.0,5.5,1.8,4.6,4826,5010.0,3.4,0.9,302,MA上昇配列
3679,じげん,情報・通信業,9.7,★☆☆☆☆,0.0,0.0,3.0,0.0,6.7,0.0,0.0,0.0,見送り(地合い🔴),,0.0,11.6,2.7,7.5,434,459.0,2.9,1.1,129,MA上昇配列
7733,オリンパス,精密機器,9.7,★☆☆☆☆,0.0,0.0,1.0,0.0,8.7,0.0,0.0,0.0,見送り(地合い🔴),,0.0,23.5,3.3,11.9,2017,2160.0,4.0,0.6,10067,MA上昇配列 / パーフェクトオーダー
8595,ジャフコ　グループ,証券、商品先物取引業,9.7,★☆☆☆☆,0.0,0.0,1.0,0.0,8.7,0.0,0.0,0.0,見送り(地合い🔴),,0.0,0.8,1.1,1.9,2269,2320.5,1.0,0.8,796,MA上昇配列
8052,椿本興業,卸売業,9.7,★☆☆☆☆,0.0,0.0,1.0,0.0,8.7,0.0,0.0,0.0,見送り(地合い🔴),,0.0,-2.5,1.5,0.9,2735,2820.0,0.7,0.9,117,MA上昇配列
2815,アリアケジャパン,食料品,9.6,★☆☆☆☆,0.0,0.0,2.0,0.0,5.5,0.0,2.1,0.0,見送り(地合い🔴),,0.0,0.3,1.8,0.9,5191,5390.0,1.1,1.0,499,MA上昇配列 / 開示[自己株式の取得](4日前)
4928,ノエビアホールディングス,化学,9.5,★☆☆☆☆,0.0,0.0,2.0,0.0,7.5,0.0,0.0,0.0,見送り(地合い🔴),,0.0,5.2,1.6,3.4,4777,4940.0,4.2,0.7,714,資金流入増 / MA上昇配列
8345,岩手銀行,銀行業,9.5,★☆☆☆☆,0.0,0.0,0.0,0.0,9.5,0.0,0.0,0.0,見送り(地合い🔴),,0.0,-0.4,3.9,0.0,2115,2293.0,-6.8,0.8,703,MA上昇配列 / パーフェクトオーダー
5233,太平洋セメント,ガラス・土石製品,9.5,★☆☆☆☆,0.0,0.0,1.0,0.0,8.5,0.0,0.0,0.0,見送り(地合い🔴),,0.0,0.7,3.3,1.3,3931,4208.0,0.2,0.4,2384,MA上昇配列 / パーフェクトオーダー
2154,オープンアップグループ,サービス業,9.5,★☆☆☆☆,0.0,0.0,0.0,0.0,9.5,0.0,0.0,0.0,見送り(地合い🔴),,0.0,0.2,2.3,1.4,1947,2039.0,0.8,0.9,368,MA上昇配列 / パーフェクトオーダー
8253,クレディセゾン,その他金融業,9.5,★☆☆☆☆,0.0,0.0,0.0,0.0,9.5,0.0,0.0,0.0,見送り(地合い🔴),,0.0,0.5,2.1,0.8,4489,4687.0,-0.4,0.3,3406,MA上昇配列 / パーフェクトオーダー
7951,ヤマハ,その他製品,9.5,★☆☆☆☆,0.0,0.0,2.0,0.0,7.5,0.0,0.0,0.0,見送り(地合い🔴),,0.0,7.8,3.1,1.8,1233,1314.0,-0.9,0.4,3700,MA上昇配列 / パーフェクトオーダー
8308,りそなホールディングス,銀行業,9.5,★☆☆☆☆,0.0,0.0,0.0,0.0,9.5,0.0,0.0,0.0,見送り(地合い🔴),,0.0,-1.2,3.2,1.9,2221,2371.0,-4.5,0.6,24689,MA上昇配列 / パーフェクトオーダー
8344,山形銀行,銀行業,9.5,★☆☆☆☆,0.0,0.0,1.0,0.0,8.5,0.0,0.0,0.0,見送り(地合い🔴),,0.0,4.6,4.8,2.7,3836,4240.0,-8.9,0.9,618,MA上昇配列 / パーフェクトオーダー
1909,日本ドライケミカル,機械,9.5,★☆☆☆☆,0.0,0.0,0.0,0.0,9.5,0.0,0.0,0.0,見送り(地合い🔴),,0.0,-1.1,0.2,0.1,3682,3700.0,0.0,0.3,347,MA上昇配列 / パーフェクトオーダー
8725,ＭＳ＆ＡＤインシュアランスグループホールディングス,保険業,9.5,★☆☆☆☆,0.0,0.0,0.0,0.0,9.5,0.0,0.0,0.0,見送り(地合い🔴),,0.0,-0.8,2.4,1.3,4687,4927.0,0.0,0.7,20683,MA上昇配列 / パーフェクトオーダー
8708,アイザワ証券グループ,証券、商品先物取引業,9.5,★☆☆☆☆,0.0,0.0,2.0,0.0,7.5,0.0,0.0,0.0,見送り(地合い🔴),,0.0,4.9,1.8,3.9,1690,1754.0,2.3,0.8,262,MA上昇配列 / パーフェクトオーダー
4275,カーリット,化学,9.5,★☆☆☆☆,9.5,0.0,0.0,0.0,0.0,0.0,0.0,0.0,見送り(地合い🔴),SK hynix,0.9,-10.7,4.8,-4.1,1935,2139.0,0.6,0.8,518,SK hynix+11.4%連動(β0.24) 未反応+0.9%
3107,ダイワボウホールディングス,卸売業,9.5,★☆☆☆☆,0.0,0.0,0.0,0.0,9.5,0.0,0.0,0.0,見送り(地合い🔴),,0.0,3.4,2.7,1.9,3485,3681.0,-2.7,0.8,1024,MA上昇配列 / パーフェクトオーダー
9743,丹青社,サービス業,9.5,★☆☆☆☆,0.0,0.0,2.0,0.0,7.5,0.0,0.0,0.0,見送り(地合い🔴),,0.0,9.2,1.5,6.5,1472,1518.0,2.6,0.6,791,MA上昇配列 / RSI過熱(85)⚠
6947,図研,電気機器,9.5,★☆☆☆☆,0.0,0.0,1.0,0.0,8.5,0.0,0.0,0.0,見送り(地合い🔴),,0.0,7.6,2.5,2.9,4703,4950.0,-0.1,0.7,254,MA上昇配列 / パーフェクトオーダー
4733,オービックビジネスコンサルタント,情報・通信業,9.5,★☆☆☆☆,0.0,0.0,2.0,0.0,7.5,0.0,0.0,0.0,見送り(地合い🔴),,0.0,7.9,2.8,6.4,7887,8347.0,4.3,0.5,2102,MA上昇配列
3762,テクマトリックス,情報・通信業,9.5,★☆☆☆☆,0.0,0.0,2.0,0.0,7.5,0.0,0.0,0.0,見送り(地合い🔴),,0.0,24.8,3.0,9.0,2238,2379.0,3.0,0.5,689,MA上昇配列
6432,竹内製作所,機械,9.5,★☆☆☆☆,0.0,0.0,0.0,0.0,9.5,0.0,0.0,0.0,見送り(地合い🔴),,0.0,-2.2,3.3,0.3,7033,7530.0,-0.8,0.8,1803,MA上昇配列 / パーフェクトオーダー
9744,メイテックグループホールディングス,サービス業,9.5,★☆☆☆☆,0.0,0.0,2.0,0.0,7.5,0.0,0.0,0.0,見送り(地合い🔴),,0.0,1.5,1.4,1.5,3267,3358.0,1.6,0.7,1121,MA上昇配列
6464,ツバキ・ナカシマ,機械,9.5,★☆☆☆☆,9.5,0.0,0.0,0.0,0.0,0.0,0.0,0.0,見送り(地合い🔴),SK hynix,1.3,-6.1,5.7,-3.7,309,348.0,2.4,0.6,243,SK hynix+11.4%連動(β0.19) 未反応+1.3%
2281,プリマハム,食料品,9.5,★☆☆☆☆,0.0,0.0,3.0,0.0,6.5,0.0,0.0,0.0,見送り(地合い🔴),,0.0,-0.7,1.8,0.7,2354,2441.0,2.1,0.4,432,資金流入増 / MA上昇配列
2354,ＹＥ　ＤＩＧＩＴＡＬ,情報・通信業,9.5,★☆☆☆☆,0.0,0.0,1.0,0.0,8.5,0.0,0.0,0.0,見送り(地合い🔴),,0.0,-15.2,8.4,4.7,1147,1379.0,4.3,0.5,1970,MA上昇配列 / パーフェクトオーダー
7011,三菱重工業,機械,9.5,★☆☆☆☆,0.0,6.0,1.0,0.0,2.5,0.0,0.0,0.0,見送り(地合い🔴),,0.0,-1.2,4.3,-0.7,3614,3955.0,-9.1,0.5,77917,防衛(-10.0%)
7803,ブシロード,その他製品,9.5,★☆☆☆☆,0.0,0.0,2.0,0.0,7.5,0.0,0.0,0.0,見送り(地合い🔴),,0.0,7.6,5.0,2.4,360,400.0,-4.3,0.7,573,MA上昇配列 / パーフェクトオーダー
9504,中国電力,電気・ガス業,9.5,★☆☆☆☆,0.0,0.0,3.0,0.0,6.5,0.0,0.0,0.0,見送り(地合い🔴),,0.0,4.4,1.8,4.7,945,980.0999755859375,5.0,1.1,1882,MA上昇配列 / RSI過熱(86)⚠
7384,プロクレアホールディングス,銀行業,9.5,★☆☆☆☆,0.0,0.0,1.0,0.0,8.5,0.0,0.0,0.0,見送り(地合い🔴),,0.0,-0.4,4.7,2.0,3962,4375.0,-8.2,0.9,440,MA上昇配列 / パーフェクトオーダー
7199,プレミアグループ,その他金融業,9.5,★☆☆☆☆,0.0,0.0,1.0,0.0,8.5,0.0,0.0,0.0,見送り(地合い🔴),,0.0,4.2,2.6,1.9,2019,2130.0,1.0,0.6,462,MA上昇配列 / パーフェクトオーダー
7751,キヤノン,電気機器,9.4,★☆☆☆☆,0.0,0.0,0.0,0.0,7.5,0.0,1.9,0.0,見送り(地合い🔴),,0.0,0.7,1.7,1.7,4464,4621.0,1.3,0.7,20142,MA上昇配列 / 開示[自己株式の取得](5日前)
141A,トライアルホールディングス,小売業,9.4,★☆☆☆☆,0.0,0.0,4.3,0.0,7.7,0.0,0.4,-3.0,見送り(地合い🔴),,0.0,30.2,5.1,17.9,3537,3935.0,3.8,1.4,2880,買い出来高優勢 / MA上昇配列 / 伸びすぎ注意(25MA+18%) / 開示[増配](12日前)
6425,ユニバーサルエンターテインメント,機械,9.3,★☆☆☆☆,0.0,0.0,3.3,0.0,6.0,0.0,0.0,0.0,見送り(地合い🔴),,0.0,16.5,5.0,6.4,664,738.0,-1.6,0.6,203,買い出来高優勢
7868,広済堂ホールディングス,その他製品,9.3,★☆☆☆☆,0.0,0.0,3.3,0.0,6.0,0.0,0.0,0.0,見送り(地合い🔴),,0.0,8.1,2.9,7.4,540,574.0,-0.5,0.5,265,買い出来高優勢
4635,東京インキ,化学,9.3,★☆☆☆☆,0.0,0.0,5.3,0.0,9.0,0.0,0.0,-5.0,見送り(地合い🔴),,0.0,46.7,5.1,20.7,1879,2091.0,0.9,0.5,128,買い出来高優勢 / 資金流入増 / MA上昇配列 / 52週高値目前 / RSI過熱(88)⚠ / 過熱⚠25MA+21%
4344,ソースネクスト,情報・通信業,9.3,★☆☆☆☆,0.0,0.0,3.3,0.0,6.0,0.0,0.0,0.0,見送り(地合い🔴),,0.0,8.8,3.6,7.2,110,119.0,5.3,2.8,121,出来高増2.8倍
3853,アステリア,情報・通信業,9.200000000000001,★☆☆☆☆,0.0,0.0,3.3,0.0,5.0,0.0,0.9,0.0,見送り(地合い🔴),,0.0,3.8,4.7,4.5,1043,1150.0,-0.3,0.5,435,買い出来高優勢 / 開示[上方修正](11日前)
7184,富山第一銀行,銀行業,9.2,★☆☆☆☆,0.0,0.0,1.0,0.0,8.2,0.0,0.0,0.0,見送り(地合い🔴),,0.0,-0.3,4.6,1.4,2814,3100.0,-4.8,0.5,681,MA上昇配列 / パーフェクトオーダー
9278,ブックオフグループホールディングス,小売業,9.2,★☆☆☆☆,0.0,0.0,1.0,0.0,8.2,0.0,0.0,0.0,見送り(地合い🔴),,0.0,10.9,4.7,4.5,2645,2918.0,4.6,0.6,433,MA上昇配列 / パーフェクトオーダー
2914,日本たばこ産業,食料品,9.2,★☆☆☆☆,0.0,0.0,1.0,0.0,8.2,0.0,0.0,0.0,見送り(地合い🔴),,0.0,5.2,2.2,1.0,6592,6890.0,-3.0,0.6,31140,MA上昇配列 / パーフェクトオーダー
7990,グローブライド,その他製品,9.2,★☆☆☆☆,0.0,0.0,3.0,0.0,6.2,0.0,0.0,0.0,見送り(地合い🔴),,0.0,2.2,3.3,0.9,2376,2545.0,3.0,0.6,302,MA上昇配列 / パーフェクトオーダー
5946,長府製作所,金属製品,9.2,★☆☆☆☆,0.0,0.0,2.0,0.0,7.2,0.0,0.0,0.0,見送り(地合い🔴),,0.0,-0.7,1.9,0.2,1995,2072.0,1.4,0.8,135,MA上昇配列 / パーフェクトオーダー
9616,共立メンテナンス,サービス業,9.2,★☆☆☆☆,0.0,0.0,1.0,0.0,8.2,0.0,0.0,0.0,見送り(地合い🔴),,0.0,10.1,3.1,3.3,3203,3418.0,6.6,0.5,4586,MA上昇配列 / パーフェクトオーダー
6486,イーグル工業,機械,9.2,★☆☆☆☆,0.0,0.0,2.0,0.0,7.2,0.0,0.0,0.0,見送り(地合い🔴),,0.0,-0.3,1.8,0.2,2895,3000.0,-2.6,0.7,333,MA上昇配列 / パーフェクトオーダー
9201,日本航空,空運業,9.2,★☆☆☆☆,0.0,0.0,1.0,0.0,8.2,0.0,0.0,0.0,見送り(地合い🔴),,0.0,6.2,1.7,0.7,2899,2999.0,-1.0,0.6,7549,MA上昇配列 / パーフェクトオーダー
7236,ティラド,輸送用機器,9.2,★☆☆☆☆,0.0,0.0,1.0,0.0,8.2,0.0,0.0,0.0,見送り(地合い🔴),,0.0,1.7,3.3,1.7,1445,1549.0,-1.1,0.6,597,MA上昇配列 / パーフェクトオーダー
4165,プレイド,情報・通信業,9.100000000000001,★☆☆☆☆,0.0,0.0,3.3,0.0,8.0,0.0,0.8,-3.0,見送り(地合い🔴),,0.0,30.7,4.7,16.0,649,716.0,2.4,0.8,324,買い出来高優勢 / MA上昇配列 / 伸びすぎ注意(25MA+16%) / 開示[業績予想の修正](12日前) / 開示[自己株式取得](12日前)
8031,三井物産,卸売業,9.100000000000001,★☆☆☆☆,4.4,0.0,0.0,0.0,4.7,0.0,0.0,0.0,見送り(地合い🔴),SK hynix,0.0,-1.7,2.4,1.8,4713,4954.0,3.3,0.7,28396,SK hynix+11.4%連動(β0.15)
9936,王将フードサービス,小売業,9.0,★☆☆☆☆,0.0,0.0,1.0,0.0,8.0,0.0,0.0,0.0,見送り(地合い🔴),,0.0,-0.4,1.4,1.4,2888,2972.0,5.4,0.7,750,MA上昇配列
6196,ストライクグループ,サービス業,9.0,★☆☆☆☆,0.0,0.0,1.0,0.0,8.0,0.0,0.0,0.0,見送り(地合い🔴),,0.0,0.5,1.9,2.2,1313,1364.0,1.5,0.7,527,MA上昇配列
9672,東京都競馬,サービス業,9.0,★☆☆☆☆,0.0,0.0,0.0,0.0,9.0,0.0,0.0,0.0,見送り(地合い🔴),,0.0,3.8,1.6,2.1,4944,5110.0,1.2,0.4,370,MA上昇配列
9505,北陸電力,電気・ガス業,9.0,★☆☆☆☆,0.0,0.0,0.0,0.0,9.0,0.0,0.0,0.0,見送り(地合い🔴),,0.0,3.0,2.4,2.5,929,976.2000122070312,1.7,1.0,918,MA上昇配列
3088,マツキヨココカラ＆カンパニー,小売業,9.0,★☆☆☆☆,0.0,0.0,1.0,0.0,8.0,0.0,0.0,0.0,見送り(地合い🔴),,0.0,3.6,2.1,2.6,2473,2582.5,4.2,0.7,4004,MA上昇配列
4768,大塚商会,情報・通信業,9.0,★☆☆☆☆,0.0,0.0,0.0,0.0,9.0,0.0,0.0,0.0,見送り(地合い🔴),,0.0,16.0,3.0,6.9,3342,3553.0,3.4,0.6,5643,MA上昇配列 / 52週高値目前
3635,コーエーテクモホールディングス,情報・通信業,9.0,★☆☆☆☆,0.0,0.0,1.0,0.0,8.0,0.0,0.0,0.0,見送り(地合い🔴),,0.0,11.5,2.5,5.5,1614,1697.5,2.3,0.5,2375,MA上昇配列
2875,東洋水産,食料品,9.0,★☆☆☆☆,0.0,0.0,0.0,0.0,9.0,0.0,0.0,0.0,見送り(地合い🔴),,0.0,-0.8,2.2,1.0,10291,10765.0,1.7,0.5,5271,MA上昇配列
9404,日本テレビホールディングス,情報・通信業,9.0,★☆☆☆☆,0.0,0.0,1.0,0.0,8.0,0.0,0.0,0.0,見送り(地合い🔴),,0.0,3.5,2.4,2.7,2847,2991.0,2.2,1.1,1464,MA上昇配列
1518,三井松島ホールディングス,その他製品,9.0,★☆☆☆☆,0.0,0.0,2.0,0.0,7.0,0.0,0.0,0.0,見送り(地合い🔴),,0.0,0.3,2.2,3.9,2180,2279.0,-1.3,0.6,1378,資金流入増 / MA上昇配列 / パーフェクトオーダー
5842,インテグラル,証券、商品先物取引業,9.0,★☆☆☆☆,0.0,0.0,3.0,0.0,6.0,0.0,0.0,0.0,見送り(地合い🔴),,0.0,12.5,4.2,6.0,2844,3105.0,0.8,0.9,328,-
4477,ＢＡＳＥ,情報・通信業,9.0,★☆☆☆☆,0.0,0.0,1.0,0.0,8.0,0.0,0.0,0.0,見送り(地合い🔴),,0.0,4.7,3.0,4.2,294,313.0,5.4,0.9,234,MA上昇配列
9715,トランス・コスモス,サービス業,9.0,★☆☆☆☆,0.0,0.0,2.0,0.0,7.0,0.0,0.0,0.0,見送り(地合い🔴),,0.0,-0.7,1.6,0.7,3591,3710.0,1.8,0.7,367,-
9543,静岡ガス,電気・ガス業,9.0,★☆☆☆☆,0.0,0.0,0.0,0.0,9.0,0.0,0.0,0.0,見送り(地合い🔴),,0.0,0.3,1.8,1.8,1233,1278.0,2.7,0.7,237,MA上昇配列
7931,未来工業,化学,9.0,★☆☆☆☆,0.0,0.0,1.0,0.0,8.0,0.0,0.0,0.0,見送り(地合い🔴),,0.0,5.4,3.3,6.3,3460,3705.0,2.9,0.4,118,MA上昇配列
1929,日特建設,建設業,9.0,★☆☆☆☆,0.0,0.0,0.0,0.0,9.0,0.0,0.0,0.0,見送り(地合い🔴),,0.0,2.4,1.3,2.7,1149,1180.0,0.5,0.9,102,MA上昇配列
4568,第一三共,医薬品,9.0,★☆☆☆☆,0.0,0.0,1.0,0.0,8.0,0.0,0.0,0.0,見送り(地合い🔴),,0.0,0.7,2.9,3.9,2692,2858.0,7.4,0.6,18795,MA上昇配列
3289,東急不動産ホールディングス,不動産業,9.0,★☆☆☆☆,0.0,0.0,0.0,0.0,9.0,0.0,0.0,0.0,見送り(地合い🔴),,0.0,0.5,1.6,1.7,1310,1352.5,2.7,0.7,3850,MA上昇配列
8219,青山商事,小売業,9.0,★☆☆☆☆,0.0,0.0,0.0,0.0,9.0,0.0,0.0,0.0,見送り(地合い🔴),,0.0,4.2,1.8,3.4,740,768.0,2.4,0.8,472,MA上昇配列
8282,ケーズホールディングス,小売業,9.0,★☆☆☆☆,0.0,0.0,2.0,0.0,7.0,0.0,0.0,0.0,見送り(地合い🔴),,0.0,2.4,2.4,2.8,1861,1956.0,2.3,0.6,1470,-
5021,コスモエネルギーホールディングス,石油・石炭製品,9.0,★☆☆☆☆,0.0,0.0,0.0,0.0,9.0,0.0,0.0,0.0,見送り(地合い🔴),,0.0,6.2,2.9,6.4,4027,4272.0,3.0,0.8,2398,MA上昇配列
4825,ウェザーニューズ,情報・通信業,9.0,★☆☆☆☆,0.0,0.0,3.3,0.0,5.7,0.0,0.0,0.0,見送り(地合い🔴),,0.0,8.4,1.8,5.9,2030,2108.0,2.5,1.1,401,買い出来高優勢
1662,石油資源開発,鉱業,9.0,★☆☆☆☆,0.0,0.0,1.0,0.0,8.0,0.0,0.0,0.0,見送り(地合い🔴),,0.0,3.0,2.7,5.7,1771,1873.0,2.9,0.6,2443,MA上昇配列
3817,ＳＲＡホールディングス,情報・通信業,9.0,★☆☆☆☆,0.0,0.0,0.0,0.0,9.0,0.0,0.0,0.0,見送り(地合い🔴),,0.0,6.2,2.0,3.1,4675,4870.0,2.1,0.9,204,MA上昇配列
2982,ＡＤワークスグループ,不動産業,9.0,★☆☆☆☆,0.0,0.0,0.0,0.0,9.0,0.0,0.0,0.0,見送り(地合い🔴),,0.0,1.0,2.6,1.1,396,418.0,-2.3,0.4,135,MA上昇配列
4666,パーク２４,不動産業,9.0,★☆☆☆☆,0.0,0.0,0.0,0.0,9.0,0.0,0.0,0.0,見送り(地合い🔴),,0.0,2.4,1.8,1.6,1953,2024.0,1.4,0.7,1490,MA上昇配列
6758,ソニーグループ,電気機器,9.0,★☆☆☆☆,0.0,0.0,0.0,0.0,9.0,0.0,0.0,0.0,見送り(地合い🔴),,0.0,11.5,2.9,5.0,3626,3850.0,1.9,0.6,70386,MA上昇配列
7994,オカムラ,その他製品,9.0,★☆☆☆☆,0.0,0.0,0.0,0.0,9.0,0.0,0.0,0.0,見送り(地合い🔴),,0.0,1.8,1.5,1.8,2294,2365.0,1.3,0.5,676,MA上昇配列
3668,コロプラ,情報・通信業,9.0,★☆☆☆☆,0.0,0.0,1.0,0.0,8.0,0.0,0.0,0.0,見送り(地合い🔴),,0.0,14.7,2.8,8.8,415,439.0,5.8,1.1,256,MA上昇配列
6469,放電精密加工研究所,機械,9.0,★☆☆☆☆,0.0,0.0,1.0,0.0,8.0,0.0,0.0,0.0,見送り(地合い🔴),,0.0,6.6,4.9,6.8,2642,2927.0,-5.3,0.5,231,MA上昇配列
9045,京阪ホールディングス,陸運業,9.0,★☆☆☆☆,0.0,0.0,1.0,0.0,8.0,0.0,0.0,0.0,見送り(地合い🔴),,0.0,-0.5,1.6,1.0,3131,3235.0,4.1,0.7,1039,MA上昇配列
1938,日本リーテック,建設業,9.0,★☆☆☆☆,0.0,0.0,4.0,0.0,5.0,0.0,0.0,0.0,見送り(地合い🔴),,0.0,-0.1,3.0,3.2,2388,2539.0,1.2,1.3,314,-
2975,スター・マイカ・ホールディングス,不動産業,9.0,★☆☆☆☆,0.0,0.0,2.0,0.0,7.0,0.0,0.0,0.0,見送り(地合い🔴),,0.0,3.9,2.2,1.8,1504,1572.0,-2.8,0.5,228,-
2733,あらた,卸売業,9.0,★☆☆☆☆,0.0,0.0,1.0,0.0,8.0,0.0,0.0,0.0,見送り(地合い🔴),,0.0,3.1,1.4,3.3,2614,2690.0,4.5,0.9,232,MA上昇配列
9211,エフ・コード,サービス業,9.0,★☆☆☆☆,0.0,0.0,3.0,0.0,6.0,0.0,0.0,0.0,見送り(地合い🔴),,0.0,12.0,5.5,6.8,1363,1532.0,1.7,1.1,257,-
4641,アルプス技研,サービス業,9.0,★☆☆☆☆,0.0,0.0,0.0,0.0,9.0,0.0,0.0,0.0,見送り(地合い🔴),,0.0,3.4,2.2,4.7,828,866.0,4.1,1.1,109,MA上昇配列
3193,エターナルホスピタリティグループ,小売業,9.0,★☆☆☆☆,0.0,0.0,1.0,0.0,8.0,0.0,0.0,0.0,見送り(地合い🔴),,0.0,0.4,2.8,1.6,1383,1466.0,1.4,0.4,288,MA上昇配列
3196,ホットランドホールディングス,小売業,9.0,★☆☆☆☆,0.0,0.0,1.0,0.0,8.0,0.0,0.0,0.0,見送り(地合い🔴),,0.0,1.7,1.7,2.7,1616,1673.0,3.0,0.6,231,MA上昇配列
2326,デジタルアーツ,情報・通信業,9.0,★☆☆☆☆,0.0,0.0,2.0,0.0,5.5,0.0,1.5,0.0,見送り(地合い🔴),,0.0,11.8,3.8,3.1,4120,4455.0,-0.6,0.6,731,MA上昇配列 / 開示[自己株式の取得](7日前)
7203,トヨタ自動車,輸送用機器,9.0,★☆☆☆☆,0.0,0.0,1.0,0.0,8.0,0.0,0.0,0.0,見送り(地合い🔴),,0.0,6.5,2.3,4.1,2980,3125.0,3.7,0.5,106537,MA上昇配列
8871,ゴールドクレスト,不動産業,9.0,★☆☆☆☆,0.0,0.0,2.0,0.0,7.0,0.0,0.0,0.0,見送り(地合い🔴),,0.0,-0.7,1.7,1.5,3240,3355.0,1.5,0.9,191,-
9946,ミニストップ,小売業,9.0,★☆☆☆☆,0.0,0.0,0.0,0.0,9.0,0.0,0.0,0.0,見送り(地合い🔴),,0.0,2.7,0.8,2.1,1848,1878.0,3.0,1.2,112,MA上昇配列
9534,北海道瓦斯,電気・ガス業,9.0,★☆☆☆☆,0.0,0.0,0.0,0.0,9.0,0.0,0.0,0.0,見送り(地合い🔴),,0.0,4.4,1.6,4.5,793,820.0,5.4,0.8,123,MA上昇配列
1813,不動テトラ,建設業,9.0,★☆☆☆☆,0.0,0.0,1.0,0.0,8.0,0.0,0.0,0.0,見送り(地合い🔴),,0.0,5.1,2.4,3.8,2721,2858.0,-0.7,0.6,255,MA上昇配列
6459,だいわ,機械,9.0,★☆☆☆☆,0.0,0.0,3.0,0.0,6.0,0.0,0.0,0.0,見送り(地合い🔴),,0.0,1.1,4.0,1.2,1597,1735.0,1.9,1.0,213,資金流入増 / MA上昇配列 / パーフェクトオーダー
9009,京成電鉄,陸運業,9.0,★☆☆☆☆,0.0,0.0,1.0,0.0,8.0,0.0,0.0,0.0,見送り(地合い🔴),,0.0,6.2,2.0,4.3,1287,1340.5,4.7,0.7,2290,MA上昇配列
9832,オートバックスセブン,卸売業,9.0,★☆☆☆☆,0.0,0.0,0.0,0.0,9.0,0.0,0.0,0.0,見送り(地合い🔴),,0.0,1.3,1.1,1.9,1522,1558.0,2.2,0.5,328,MA上昇配列
1820,西松建設,建設業,9.0,★☆☆☆☆,0.0,0.0,2.0,0.0,7.0,0.0,0.0,0.0,見送り(地合い🔴),,0.0,1.9,1.8,3.0,5352,5551.0,0.4,0.9,705,-
1301,極洋,水産・農林業,9.0,★☆☆☆☆,0.0,0.0,0.0,0.0,9.0,0.0,0.0,0.0,見送り(地合い🔴),,0.0,3.9,1.8,3.2,4587,4755.0,0.8,0.7,240,MA上昇配列
1925,大和ハウス工業,建設業,9.0,★☆☆☆☆,0.0,0.0,0.0,0.0,9.0,0.0,0.0,0.0,見送り(地合い🔴),,0.0,1.2,1.4,1.4,4564,4700.0,2.8,0.6,9801,MA上昇配列
9603,エイチ・アイ・エス,サービス業,9.0,★☆☆☆☆,0.0,0.0,1.0,0.0,8.0,0.0,0.0,0.0,見送り(地合い🔴),,0.0,16.9,2.4,7.8,1112,1167.0,3.6,0.7,632,MA上昇配列
9072,ニッコンホールディングス,陸運業,9.0,★☆☆☆☆,0.0,0.0,2.0,0.0,7.0,0.0,0.0,0.0,見送り(地合い🔴),,0.0,3.8,3.5,3.2,5072,5454.0,0.4,0.4,1204,-
4058,トヨクモ,情報・通信業,8.9,★☆☆☆☆,0.0,0.0,3.0,0.0,5.5,0.0,0.4,0.0,見送り(地合い🔴),,0.0,17.5,4.3,5.5,2239,2449.0,2.4,1.1,125,資金流入増 / MA上昇配列 / 開示[業績予想の修正](12日前)
7447,ナガイレーベン,卸売業,8.8,★☆☆☆☆,0.0,0.0,2.0,0.0,5.5,0.0,1.3,0.0,見送り(地合い🔴),,0.0,0.8,1.4,0.5,1736,1787.0,0.1,1.4,173,MA上昇配列 / 開示[自己株式の取得](8日前)
7033,マネジメントソリューションズ,サービス業,8.8,★☆☆☆☆,0.0,0.0,4.3,0.0,7.5,0.0,0.0,-3.0,見送り(地合い🔴),,0.0,26.0,3.2,15.8,1603,1713.0,5.5,0.9,188,買い出来高優勢 / MA上昇配列 / パーフェクトオーダー / RSI過熱(97)⚠ / 伸びすぎ注意(25MA+16%)
3733,ソフトウェア・サービス,情報・通信業,8.8,★☆☆☆☆,0.0,0.0,3.3,0.0,5.5,0.0,0.0,0.0,見送り(地合い🔴),,0.0,22.7,2.7,11.8,11946,12640.0,5.9,0.5,137,買い出来高優勢 / MA上昇配列 / RSI過熱(90)⚠
3662,エイチームホールディングス,情報・通信業,8.7,★☆☆☆☆,0.0,0.0,2.0,0.0,6.7,0.0,0.0,0.0,見送り(地合い🔴),,0.0,-1.8,2.1,2.6,940,982.0,0.1,0.5,183,資金流入増 / MA上昇配列
7421,カッパ・クリエイト,小売業,8.7,★☆☆☆☆,0.0,0.0,1.0,0.0,7.7,0.0,0.0,0.0,見送り(地合い🔴),,0.0,4.2,2.1,2.7,1553,1620.0,3.4,0.8,165,MA上昇配列
3837,アドソル日進,情報・通信業,8.7,★☆☆☆☆,0.0,0.0,2.0,0.0,6.7,0.0,0.0,0.0,見送り(地合い🔴),,0.0,2.0,3.1,1.5,1413,1508.0,-0.9,0.5,156,MA上昇配列
5440,共英製鋼,鉄鋼,8.7,★☆☆☆☆,0.0,0.0,2.0,0.0,6.7,0.0,0.0,0.0,見送り(地合い🔴),,0.0,6.2,1.9,5.4,1963,2038.0,2.0,1.1,258,MA上昇配列
4848,フルキャストホールディングス,サービス業,8.7,★☆☆☆☆,0.0,0.0,2.0,0.0,6.7,0.0,0.0,0.0,見送り(地合い🔴),,0.0,12.7,2.2,7.6,1797,1881.0,2.0,0.6,214,MA上昇配列
4222,児玉化学工業,化学,8.7,★☆☆☆☆,0.0,0.0,4.0,0.0,4.7,0.0,0.0,0.0,見送り(地合い🔴),,0.0,16.7,5.5,11.8,622,699.0,-2.0,0.8,447,資金流入増
7164,全国保証,その他金融業,8.7,★☆☆☆☆,0.0,0.0,0.0,0.0,8.7,0.0,0.0,0.0,見送り(地合い🔴),,0.0,2.7,1.3,2.3,3110,3191.0,1.7,0.8,1310,MA上昇配列
5930,文化シヤッター,金属製品,8.7,★☆☆☆☆,0.0,0.0,3.0,0.0,5.7,0.0,0.0,0.0,見送り(地合い🔴),,0.0,-3.9,1.9,0.2,1809,1882.0,3.1,0.6,320,MA上昇配列
4914,高砂香料工業,化学,8.7,★☆☆☆☆,0.0,0.0,2.0,0.0,6.7,0.0,0.0,0.0,見送り(地合い🔴),,0.0,10.3,2.1,7.2,1267,1323.0,4.0,0.9,234,MA上昇配列
6310,井関農機,機械,8.7,★☆☆☆☆,6.5,0.0,1.0,0.0,1.2,0.0,0.0,0.0,見送り(地合い🔴),SK hynix,0.5,-4.3,4.1,-0.9,1679,1829.0,1.7,0.5,336,SK hynix+11.4%連動(β0.17) 未反応+0.5%
2918,わらべや日洋ホールディングス,食料品,8.7,★☆☆☆☆,0.0,0.0,2.0,0.0,6.7,0.0,0.0,0.0,見送り(地合い🔴),,0.0,1.9,1.3,3.0,2798,2872.0,2.5,0.8,300,MA上昇配列
2220,亀田製菓,食料品,8.7,★☆☆☆☆,0.0,0.0,1.0,0.0,7.7,0.0,0.0,0.0,見送り(地合い🔴),,0.0,11.8,2.2,7.6,1322,1384.0,2.9,1.0,283,MA上昇配列
1942,関電工,建設業,8.7,★☆☆☆☆,0.0,6.0,0.0,0.0,2.7,0.0,0.0,0.0,見送り(地合い🔴),,0.0,-11.0,3.6,-3.8,5015,5399.0,-5.9,0.5,7990,AIデータセンター・電力(-5.7%)
2678,アスクル,小売業,8.7,★☆☆☆☆,0.0,0.0,2.0,0.0,6.7,0.0,0.0,0.0,見送り(地合い🔴),,0.0,2.4,2.0,1.9,1232,1282.0,3.2,0.6,515,MA上昇配列
9001,東武鉄道,陸運業,8.7,★☆☆☆☆,0.0,0.0,0.0,0.0,8.7,0.0,0.0,0.0,見送り(地合い🔴),,0.0,-0.9,1.8,0.6,2920,3029.0,3.5,1.0,1884,MA上昇配列 / パーフェクトオーダー
9697,カプコン,情報・通信業,8.5,★☆☆☆☆,0.0,0.0,2.0,0.0,6.5,0.0,0.0,0.0,見送り(地合い🔴),,0.0,24.1,3.4,8.3,3930,4221.0,2.0,0.5,14759,MA上昇配列
7309,シマノ,輸送用機器,8.5,★☆☆☆☆,0.0,0.0,1.0,0.0,7.5,0.0,0.0,0.0,見送り(地合い🔴),,0.0,6.7,2.7,2.2,18994,20085.0,2.8,0.5,6848,MA上昇配列 / パーフェクトオーダー
5451,ヨドコウ,鉄鋼,8.5,★☆☆☆☆,0.0,0.0,1.0,0.0,7.5,0.0,0.0,0.0,見送り(地合い🔴),,0.0,3.7,2.0,2.1,1371,1429.0,0.6,1.0,406,MA上昇配列
8179,ロイヤルホールディングス,小売業,8.5,★☆☆☆☆,0.0,0.0,2.0,0.0,6.5,0.0,0.0,0.0,見送り(地合い🔴),,0.0,5.9,2.1,3.1,1295,1353.0,4.8,0.7,494,MA上昇配列
7018,内海造船,輸送用機器,8.5,★☆☆☆☆,0.0,0.0,3.0,0.0,5.5,0.0,0.0,0.0,見送り(地合い🔴),,0.0,7.5,6.6,5.9,10241,11800.0,-2.8,0.9,392,資金流入増 / MA上昇配列
4432,ウイングアーク１ｓｔ,情報・通信業,8.5,★☆☆☆☆,0.0,0.0,2.0,0.0,6.5,0.0,0.0,0.0,見送り(地合い🔴),,0.0,16.4,2.2,7.1,3185,3335.0,5.2,0.6,687,MA上昇配列
5401,日本製鉄,鉄鋼,8.5,★☆☆☆☆,0.0,0.0,1.0,0.0,7.5,0.0,0.0,0.0,見送り(地合い🔴),,0.0,6.6,2.7,1.6,630,666.0999755859375,-0.6,0.6,34217,MA上昇配列
4927,ポーラ・オルビスホールディングス,化学,8.5,★☆☆☆☆,0.0,0.0,3.0,0.0,5.5,0.0,0.0,0.0,見送り(地合い🔴),,0.0,5.1,2.3,2.3,1333,1396.0,1.3,0.8,1015,MA上昇配列
1882,東亜道路工業,建設業,8.5,★☆☆☆☆,0.0,0.0,2.0,0.0,6.5,0.0,0.0,0.0,見送り(地合い🔴),,0.0,0.0,1.2,0.9,1588,1627.0,0.4,1.3,570,MA上昇配列
4922,コーセーホールディングス,化学,8.5,★☆☆☆☆,0.0,0.0,3.0,0.0,5.5,0.0,0.0,0.0,見送り(地合い🔴),,0.0,6.7,3.4,3.6,5528,5937.0,5.4,0.6,2144,MA上昇配列
197A,タウンズ,医薬品,8.5,★☆☆☆☆,0.0,0.0,3.0,0.0,5.5,0.0,0.0,0.0,見送り(地合い🔴),,0.0,6.2,1.7,5.9,493,510.0,3.2,0.8,163,MA上昇配列 / RSI過熱(86)⚠
5574,ＡＢＥＪＡ,情報・通信業,8.5,★☆☆☆☆,0.0,0.0,3.0,0.0,5.5,0.0,0.0,0.0,見送り(地合い🔴),,0.0,19.9,5.4,3.8,2477,2774.0,-5.2,0.4,405,MA上昇配列
7138,ＴＯＲＩＣＯ,小売業,8.5,★☆☆☆☆,0.0,0.0,10.0,0.0,3.5,0.0,0.0,-5.0,見送り(地合い🔴),,0.0,52.8,6.3,46.9,174,199.0,57.9,10.0,265,出来高急増10.0倍 / 買い出来高優勢 / 資金流入増 / RSI過熱(89)⚠ / 過熱⚠25MA+47%
7821,前田工繊,その他製品,8.5,★☆☆☆☆,0.0,0.0,1.0,0.0,7.5,0.0,0.0,0.0,見送り(地合い🔴),,0.0,8.7,3.4,3.5,1891,2030.0,1.1,0.4,372,MA上昇配列
4051,ＧＭＯフィナンシャルゲート,情報・通信業,8.5,★☆☆☆☆,0.0,0.0,1.0,0.0,7.5,0.0,0.0,0.0,見送り(地合い🔴),,0.0,7.3,4.4,1.0,6039,6620.0,-1.9,0.8,210,MA上昇配列 / パーフェクトオーダー
4170,Ｋａｉｚｅｎ　Ｐｌａｔｆｏｒｍ,情報・通信業,8.5,★☆☆☆☆,0.0,0.0,10.0,0.0,3.5,0.0,0.0,-5.0,見送り(地合い🔴),,0.0,43.1,4.3,43.0,157,172.0,45.8,342.4,186,出来高急増342.4倍 / 買い出来高優勢 / 資金流入増 / RSI過熱(89)⚠ / 過熱⚠25MA+43%
8185,チヨダ,小売業,8.5,★☆☆☆☆,0.0,0.0,3.0,0.0,5.5,0.0,0.0,0.0,見送り(地合い🔴),,0.0,6.4,1.1,4.9,1044,1067.0,3.4,1.0,159,MA上昇配列 / RSI過熱(94)⚠
7780,メニコン,精密機器,8.5,★☆☆☆☆,0.0,0.0,1.0,0.0,7.5,0.0,0.0,0.0,見送り(地合い🔴),,0.0,12.8,3.9,4.2,1764,1914.0,-2.2,0.5,569,MA上昇配列 / パーフェクトオーダー
4052,フィーチャ,情報・通信業,8.5,★☆☆☆☆,0.0,0.0,4.0,0.0,7.5,0.0,0.0,-3.0,見送り(地合い🔴),,0.0,62.4,17.8,19.3,339,526.0,-9.3,0.2,435,資金流入増 / MA上昇配列 / パーフェクトオーダー / 伸びすぎ注意(25MA+19%)
8002,丸紅,卸売業,8.4,★☆☆☆☆,8.4,0.0,0.0,0.0,0.0,0.0,0.0,0.0,見送り(地合い🔴),SK hynix,1.1,-8.6,2.8,-1.7,4706,4982.0,1.3,0.6,24943,SK hynix+11.4%連動(β0.18) 未反応+1.1%
5724,アサカ理研,非鉄金属,8.399999999999999,★☆☆☆☆,0.0,0.0,8.7,0.0,4.7,0.0,0.0,-5.0,見送り(地合い🔴),,0.0,29.6,6.6,20.1,2658,3060.0,3.4,3.3,272,出来高急増3.3倍 / 資金流入増 / 過熱⚠25MA+20%
5285,ヤマックス,ガラス・土石製品,8.3,★☆☆☆☆,0.0,0.0,5.3,0.0,3.0,0.0,0.0,0.0,見送り(地合い🔴),,0.0,5.1,3.0,0.6,1324,1410.0,0.9,0.2,132,買い出来高優勢 / 資金流入増 / MA上昇配列
7701,島津製作所,精密機器,8.3,★☆☆☆☆,5.8,0.0,0.0,0.0,2.5,0.0,0.0,0.0,見送り(地合い🔴),SK hynix,0.8,-2.6,2.4,-0.3,3918,4115.0,-1.0,0.6,3857,SK hynix+11.4%連動(β0.12) 未反応+0.8%
7867,タカラトミー,その他製品,8.2,★☆☆☆☆,0.0,0.0,2.0,0.0,6.2,0.0,0.0,0.0,見送り(地合い🔴),,0.0,5.3,3.2,1.5,3413,3645.0,1.2,0.6,2311,MA上昇配列 / パーフェクトオーダー
4293,セプテーニ・ホールディングス,サービス業,8.2,★☆☆☆☆,0.0,0.0,1.0,0.0,7.2,0.0,0.0,0.0,見送り(地合い🔴),,0.0,1.4,2.9,0.2,479,509.0,1.2,0.5,207,MA上昇配列 / パーフェクトオーダー
8914,エリアリンク,不動産業,8.2,★☆☆☆☆,0.0,0.0,4.0,0.0,4.2,0.0,0.0,0.0,見送り(地合い🔴),,0.0,3.5,3.4,4.3,909,975.0,6.0,1.6,147,MA上昇配列
4812,電通総研,情報・通信業,8.2,★☆☆☆☆,0.0,0.0,0.0,0.0,8.2,0.0,0.0,0.0,見送り(地合い🔴),,0.0,1.3,1.5,1.2,2646,2729.0,2.7,0.4,1476,MA上昇配列 / パーフェクトオーダー
4816,東映アニメーション,情報・通信業,8.2,★☆☆☆☆,0.0,0.0,4.0,0.0,4.2,0.0,0.0,0.0,見送り(地合い🔴),,0.0,8.9,4.4,5.1,2724,2988.0,6.2,1.5,1505,MA上昇配列
7128,ユニソルホールディングス,卸売業,8.2,★☆☆☆☆,0.0,0.0,2.0,0.0,6.2,0.0,0.0,0.0,見送り(地合い🔴),,0.0,5.4,2.9,1.2,2707,2876.0,-2.7,0.8,411,MA上昇配列 / パーフェクトオーダー
1944,きんでん,建設業,8.2,★☆☆☆☆,0.0,6.0,1.0,0.0,1.2,0.0,0.0,0.0,見送り(地合い🔴),,0.0,-10.2,3.2,-3.8,6378,6820.0,-3.7,0.6,7855,AIデータセンター・電力(-5.7%)
4045,東亞合成,化学,8.2,★☆☆☆☆,0.0,0.0,0.0,0.0,8.2,0.0,0.0,0.0,見送り(地合い🔴),,0.0,2.5,1.4,0.7,1784,1837.0,-1.8,0.5,510,MA上昇配列 / パーフェクトオーダー
8370,紀陽銀行,銀行業,8.2,★☆☆☆☆,0.0,0.0,0.0,0.0,8.2,0.0,0.0,0.0,見送り(地合い🔴),,0.0,-3.3,2.8,0.2,4583,4850.0,-4.2,0.5,954,MA上昇配列 / パーフェクトオーダー
5726,大阪チタニウムテクノロジーズ,非鉄金属,8.2,★☆☆☆☆,0.0,0.0,2.0,0.0,6.2,0.0,0.0,0.0,見送り(地合い🔴),,0.0,12.3,6.7,5.5,2589,2990.0,-4.8,0.6,2025,MA上昇配列 / パーフェクトオーダー
6960,フクダ電子,電気機器,8.2,★☆☆☆☆,0.0,0.0,0.0,0.0,8.2,0.0,0.0,0.0,見送り(地合い🔴),,0.0,1.4,2.6,0.8,11149,11760.0,-0.3,0.9,608,MA上昇配列 / パーフェクトオーダー
150A,ＪＳＨ,サービス業,8.1,★☆☆☆☆,0.0,0.0,4.0,0.0,8.7,0.0,0.4,-5.0,見送り(地合い🔴),,0.0,33.8,8.7,30.5,621,752.0,13.3,0.7,467,資金流入増 / MA上昇配列 / パーフェクトオーダー / 過熱⚠25MA+31% / 開示[自己株式取得](12日前)
1332,ニッスイ,水産・農林業,8.0,★☆☆☆☆,0.0,0.0,1.0,0.0,7.0,0.0,0.0,0.0,見送り(地合い🔴),,0.0,0.5,2.3,1.2,1231,1291.5,-0.0,0.6,2049,-
3558,ジェイドグループ,小売業,8.0,★☆☆☆☆,0.0,0.0,3.3,0.0,4.7,0.0,0.0,0.0,見送り(地合い🔴),,0.0,11.2,2.2,7.9,1754,1834.0,4.5,1.0,154,買い出来高優勢
7818,トランザクション,その他製品,8.0,★☆☆☆☆,0.0,0.0,2.0,0.0,6.0,0.0,0.0,0.0,見送り(地合い🔴),,0.0,1.7,2.2,3.3,1199,1255.0,4.8,1.3,328,-
9513,電源開発,電気・ガス業,8.0,★☆☆☆☆,0.0,0.0,1.0,0.0,7.0,0.0,0.0,0.0,見送り(地合い🔴),,0.0,2.2,1.9,2.9,3821,3973.0,1.0,0.8,2520,-
9436,沖縄セルラー電話,情報・通信業,8.0,★☆☆☆☆,0.0,0.0,1.0,0.0,7.0,0.0,0.0,0.0,見送り(地合い🔴),,0.0,2.5,2.2,0.9,3804,3975.0,-0.7,0.7,547,MA上昇配列 / パーフェクトオーダー
3907,シリコンスタジオ,情報・通信業,8.0,★☆☆☆☆,0.0,0.0,2.0,0.0,11.0,0.0,0.0,-5.0,見送り(地合い🔴),,0.0,59.6,14.1,34.8,1284,1787.0,21.2,0.9,2071,資金流入増 / MA上昇配列 / パーフェクトオーダー / 過熱⚠25MA+35%
4005,住友化学,化学,8.0,★☆☆☆☆,0.0,0.0,1.0,0.0,7.0,0.0,0.0,0.0,見送り(地合い🔴),,0.0,1.4,3.3,5.4,517,553.7999877929688,4.9,0.6,8213,-
5885,ジーデップ・アドバンス,卸売業,8.0,★☆☆☆☆,0.0,0.0,2.0,0.0,6.0,0.0,0.0,0.0,見送り(地合い🔴),,0.0,11.5,4.7,5.7,2734,3015.0,-3.8,0.7,125,-
9602,東宝,情報・通信業,8.0,★☆☆☆☆,0.0,0.0,0.0,0.0,8.0,0.0,0.0,0.0,見送り(地合い🔴),,0.0,6.8,2.7,4.8,1481,1566.0,4.5,0.6,6334,MA上昇配列
7965,象印マホービン,電気機器,8.0,★☆☆☆☆,0.0,0.0,2.0,0.0,6.0,0.0,0.0,0.0,見送り(地合い🔴),,0.0,4.3,1.5,3.0,1438,1482.0,2.6,0.8,231,-
6455,モリタホールディングス,輸送用機器,8.0,★☆☆☆☆,0.0,0.0,2.0,0.0,6.0,0.0,0.0,0.0,見送り(地合い🔴),,0.0,-0.8,1.7,2.0,2389,2472.0,4.4,1.2,187,-
6183,ベルシステム２４ホールディングス,サービス業,8.0,★☆☆☆☆,0.0,0.0,1.0,0.0,7.0,0.0,0.0,0.0,見送り(地合い🔴),,0.0,1.7,1.5,2.5,1367,1410.0,0.9,0.9,433,-
7630,壱番屋,小売業,8.0,★☆☆☆☆,0.0,0.0,0.0,0.0,8.0,0.0,0.0,0.0,見送り(地合い🔴),,0.0,2.8,1.7,1.8,911,944.0,0.9,0.8,412,MA上昇配列
7740,タムロン,精密機器,8.0,★☆☆☆☆,0.0,0.0,1.0,0.0,7.0,0.0,0.0,0.0,見送り(地合い🔴),,0.0,19.7,2.5,2.2,1285,1352.0,-3.8,0.8,968,MA上昇配列 / パーフェクトオーダー
4559,ゼリア新薬工業,医薬品,8.0,★☆☆☆☆,0.0,0.0,1.0,0.0,7.0,0.0,0.0,0.0,見送り(地合い🔴),,0.0,0.5,1.8,1.2,2043,2121.0,1.3,1.2,224,-
4552,ＪＣＲファーマ,医薬品,8.0,★☆☆☆☆,0.0,0.0,0.0,0.0,8.0,0.0,0.0,0.0,見送り(地合い🔴),,0.0,0.3,3.4,2.8,491,526.0,5.6,0.3,331,MA上昇配列
290A,Ｓｙｎｓｐｅｃｔｉｖｅ,情報・通信業,8.0,★☆☆☆☆,0.0,0.0,2.0,0.0,6.0,0.0,0.0,0.0,見送り(地合い🔴),,0.0,17.7,5.6,6.1,1194,1346.0,-5.2,1.0,2055,-
3116,トヨタ紡織,輸送用機器,8.0,★☆☆☆☆,0.0,0.0,0.0,0.0,8.0,0.0,0.0,0.0,見送り(地合い🔴),,0.0,-0.2,2.0,0.4,2169,2261.0,0.4,0.5,1887,MA上昇配列
2986,ＬＡホールディングス,不動産業,8.0,★☆☆☆☆,0.0,0.0,2.0,0.0,6.0,0.0,0.0,0.0,見送り(地合い🔴),,0.0,3.4,2.5,3.3,2692,2835.0,0.1,0.6,545,-
2811,カゴメ,食料品,8.0,★☆☆☆☆,0.0,0.0,0.0,0.0,8.0,0.0,0.0,0.0,見送り(地合い🔴),,0.0,-0.6,1.7,1.4,2628,2720.5,3.5,0.6,1032,MA上昇配列
4575,キャンバス,医薬品,8.0,★☆☆☆☆,0.0,0.0,0.0,0.0,8.0,0.0,0.0,0.0,見送り(地合い🔴),,0.0,9.1,5.0,5.1,711,789.0,-2.6,0.9,181,MA上昇配列
8804,東京建物,不動産業,8.0,★☆☆☆☆,0.0,0.0,0.0,0.0,8.0,0.0,0.0,0.0,見送り(地合い🔴),,0.0,-1.4,2.1,0.8,3281,3426.0,2.0,0.7,3070,MA上昇配列
5262,日本ヒューム,ガラス・土石製品,8.0,★☆☆☆☆,0.0,0.0,0.0,0.0,8.0,0.0,0.0,0.0,見送り(地合い🔴),,0.0,8.9,3.0,4.9,1062,1131.0,0.5,1.0,293,MA上昇配列
4826,ＣＩＪ,情報・通信業,8.0,★☆☆☆☆,0.0,0.0,0.0,0.0,8.0,0.0,0.0,0.0,見送り(地合い🔴),,0.0,7.1,2.7,4.7,515,545.0,1.7,0.9,139,MA上昇配列
1860,戸田建設,建設業,8.0,★☆☆☆☆,0.0,0.0,1.0,0.0,7.0,0.0,0.0,0.0,見送り(地合い🔴),,0.0,-1.5,2.0,1.6,1464,1523.5,1.5,1.3,1506,-
5592,くすりの窓口,情報・通信業,8.0,★☆☆☆☆,0.0,0.0,2.0,0.0,6.0,0.0,0.0,0.0,見送り(地合い🔴),,0.0,16.5,4.9,8.0,2430,2691.0,-0.7,0.5,196,-
6535,アイモバイル,サービス業,8.0,★☆☆☆☆,0.0,0.0,0.0,0.0,8.0,0.0,0.0,0.0,見送り(地合い🔴),,0.0,1.6,1.8,4.0,502,521.0,2.2,0.7,273,MA上昇配列
8698,マネックスグループ,証券、商品先物取引業,8.0,★☆☆☆☆,0.0,0.0,0.0,0.0,8.0,0.0,0.0,0.0,見送り(地合い🔴),,0.0,-2.8,2.3,1.6,691,725.0,5.7,1.2,1387,MA上昇配列
7130,ヤマエグループホールディングス,卸売業,8.0,★☆☆☆☆,0.0,0.0,2.0,0.0,6.0,0.0,0.0,0.0,見送り(地合い🔴),,0.0,2.7,2.3,2.6,2845,2981.0,2.6,1.1,248,-
2791,大黒天物産,小売業,8.0,★☆☆☆☆,0.0,0.0,0.0,0.0,8.0,0.0,0.0,0.0,見送り(地合い🔴),,0.0,1.5,2.5,1.3,4351,4580.0,1.0,0.6,254,MA上昇配列
8803,平和不動産,不動産業,8.0,★☆☆☆☆,0.0,0.0,0.0,0.0,8.0,0.0,0.0,0.0,見送り(地合い🔴),,0.0,0.3,1.1,1.5,2336,2390.0,1.5,0.8,437,-
4694,ビー・エム・エル,サービス業,8.0,★☆☆☆☆,0.0,0.0,1.0,0.0,7.0,0.0,0.0,0.0,見送り(地合い🔴),,0.0,0.8,1.8,1.4,3502,3635.0,1.5,0.7,262,-
9305,ヤマタネ,卸売業,8.0,★☆☆☆☆,0.0,0.0,0.0,0.0,8.0,0.0,0.0,0.0,見送り(地合い🔴),,0.0,-2.0,2.2,0.6,2017,2108.0,1.3,0.8,159,MA上昇配列
6027,弁護士ドットコム,サービス業,7.800000000000001,★☆☆☆☆,0.0,0.0,7.3,0.0,5.5,0.0,0.0,-5.0,見送り(地合い🔴),,0.0,113.9,7.0,65.2,4073,4735.0,40.9,1.9,1340,買い出来高優勢 / 資金流入増 / MA上昇配列 / RSI過熱(85)⚠ / 過熱⚠25MA+65%
9722,藤田観光,サービス業,7.800000000000001,★☆☆☆☆,0.0,0.0,5.3,0.0,7.5,0.0,0.0,-5.0,見送り(地合い🔴),,0.0,38.0,4.3,24.5,2457,2690.0,15.8,1.5,845,買い出来高優勢 / MA上昇配列 / RSI過熱(86)⚠ / 過熱⚠25MA+25%
3676,デジタルハーツホールディングス,情報・通信業,7.800000000000001,★☆☆☆☆,0.0,0.0,7.3,0.0,5.5,0.0,0.0,-5.0,見送り(地合い🔴),,0.0,44.5,2.4,20.7,1007,1058.0,0.0,1.5,405,買い出来高優勢 / 資金流入増 / MA上昇配列 / RSI過熱(97)⚠ / 過熱⚠25MA+21%
4849,エン,サービス業,7.800000000000001,★☆☆☆☆,0.0,0.0,7.3,0.0,5.5,0.0,0.0,-5.0,見送り(地合い🔴),,0.0,32.6,3.6,22.4,1563,1685.0,14.5,1.8,384,買い出来高優勢 / 資金流入増 / MA上昇配列 / RSI過熱(91)⚠ / 過熱⚠25MA+22%
6523,ＰＨＣホールディングス,電気機器,7.800000000000001,★☆☆☆☆,0.0,0.0,5.3,0.0,7.5,0.0,0.0,-5.0,見送り(地合い🔴),,0.0,37.4,4.7,21.5,1356,1498.0,7.4,1.2,981,買い出来高優勢 / 資金流入増 / MA上昇配列 / パーフェクトオーダー / RSI過熱(86)⚠ / 過熱⚠25MA+21%
9716,乃村工藝社,サービス業,7.7,★☆☆☆☆,0.0,0.0,0.0,0.0,7.7,0.0,0.0,0.0,見送り(地合い🔴),,0.0,3.8,1.6,4.5,1209,1250.0,3.1,0.6,342,MA上昇配列
9023,東京地下鉄,陸運業,7.7,★☆☆☆☆,0.0,0.0,1.0,0.0,6.7,0.0,0.0,0.0,見送り(地合い🔴),,0.0,1.6,1.5,1.2,1436,1478.5,2.3,0.6,3038,MA上昇配列
8584,ジャックス,その他金融業,7.7,★☆☆☆☆,0.0,0.0,1.0,0.0,6.7,0.0,0.0,0.0,見送り(地合い🔴),,0.0,2.5,1.6,2.3,3713,3835.0,2.3,1.0,416,MA上昇配列
3003,ヒューリック,不動産業,7.7,★☆☆☆☆,0.0,0.0,0.0,0.0,7.7,0.0,0.0,0.0,見送り(地合い🔴),,0.0,0.2,1.4,1.6,1746,1797.5,3.3,0.7,4740,MA上昇配列
2471,エスプール,サービス業,7.7,★☆☆☆☆,0.0,0.0,1.0,0.0,6.7,0.0,0.0,0.0,見送り(地合い🔴),,0.0,10.2,3.0,6.3,280,298.0,0.3,0.5,135,MA上昇配列
8081,カナデン,卸売業,7.7,★☆☆☆☆,0.0,0.0,1.0,0.0,6.7,0.0,0.0,0.0,見送り(地合い🔴),,0.0,-0.2,2.5,3.3,2426,2552.0,1.5,0.6,174,-
4403,日油,化学,7.7,★☆☆☆☆,0.0,0.0,0.0,0.0,7.7,0.0,0.0,0.0,見送り(地合い🔴),,0.0,0.1,2.9,1.1,2628,2789.5,1.1,0.8,2311,MA上昇配列
4687,ＴＤＣソフト,情報・通信業,7.7,★☆☆☆☆,0.0,0.0,1.0,0.0,6.7,0.0,0.0,0.0,見送り(地合い🔴),,0.0,1.2,3.8,1.5,954,1032.0,1.4,0.9,128,MA上昇配列
9270,バリュエンスホールディングス,卸売業,7.7,★☆☆☆☆,0.0,0.0,3.0,0.0,4.7,0.0,0.0,0.0,見送り(地合い🔴),,0.0,9.8,3.6,7.3,1980,2132.0,1.3,1.5,136,-
4565,ネクセラファーマ,医薬品,7.7,★☆☆☆☆,0.0,0.0,3.0,0.0,4.7,0.0,0.0,0.0,見送り(地合い🔴),,0.0,20.2,5.2,14.0,984,1098.0,-0.5,0.6,1026,-
1852,淺沼組,建設業,7.7,★☆☆☆☆,0.0,0.0,1.0,0.0,6.7,0.0,0.0,0.0,見送り(地合い🔴),,0.0,7.4,1.9,5.0,903,938.0,2.0,1.1,532,MA上昇配列
7270,ＳＵＢＡＲＵ,輸送用機器,7.7,★☆☆☆☆,0.0,0.0,1.0,0.0,6.7,0.0,0.0,0.0,見送り(地合い🔴),,0.0,2.4,2.9,1.6,2501,2655.5,3.8,0.6,13937,MA上昇配列
7947,エフピコ,化学,7.7,★☆☆☆☆,0.0,0.0,1.0,0.0,6.7,0.0,0.0,0.0,見送り(地合い🔴),,0.0,9.6,1.8,5.3,2687,2790.0,3.6,0.6,584,MA上昇配列
9010,富士急行,陸運業,7.5,★☆☆☆☆,0.0,0.0,0.0,0.0,7.5,0.0,0.0,0.0,見送り(地合い🔴),,0.0,3.6,2.4,1.7,2636,2769.0,1.8,0.8,434,MA上昇配列 / パーフェクトオーダー
6809,ＴＯＡ,電気機器,7.5,★☆☆☆☆,0.0,0.0,1.0,0.0,6.5,0.0,0.0,0.0,見送り(地合い🔴),,0.0,3.2,1.9,1.7,1623,1686.0,-2.2,0.6,163,MA上昇配列
2395,新日本科学,サービス業,7.5,★☆☆☆☆,0.0,0.0,2.0,0.0,5.5,0.0,0.0,0.0,見送り(地合い🔴),,0.0,7.8,4.2,1.4,1277,1394.0,-5.0,0.7,390,MA上昇配列
547A,ムニノバホールディングス,その他金融業,7.5,★☆☆☆☆,0.0,0.0,2.0,0.0,5.5,0.0,0.0,0.0,見送り(地合い🔴),,0.0,-0.5,2.5,0.6,431,454.0,0.7,0.5,844,MA上昇配列
6417,ＳＡＮＫＹＯ,機械,7.5,★☆☆☆☆,0.0,0.0,2.0,0.0,5.5,0.0,0.0,0.0,見送り(地合い🔴),,0.0,12.1,2.4,5.4,1859,1954.0,2.9,0.9,2019,MA上昇配列
5541,大平洋金属,鉄鋼,7.5,★☆☆☆☆,0.0,0.0,2.0,0.0,5.5,0.0,0.0,0.0,見送り(地合い🔴),,0.0,13.1,3.9,6.2,2451,2661.0,0.1,0.8,694,MA上昇配列
4431,スマレジ,情報・通信業,7.5,★☆☆☆☆,0.0,0.0,0.0,0.0,7.5,0.0,0.0,0.0,見送り(地合い🔴),,0.0,14.4,3.6,4.9,3120,3360.0,0.3,0.7,271,MA上昇配列 / パーフェクトオーダー
2160,ジーエヌアイグループ,医薬品,7.5,★☆☆☆☆,0.0,0.0,1.0,0.0,6.0,0.0,0.5,0.0,見送り(地合い🔴),,0.0,2.4,5.4,1.8,2407,2701.0,1.0,1.3,3318,開示[業績予想の修正](11日前)
5246,ＥＬＥＭＥＮＴＳ,情報・通信業,7.5,★☆☆☆☆,0.0,0.0,0.0,0.0,7.5,0.0,0.0,0.0,見送り(地合い🔴),,0.0,5.7,4.8,5.5,758,838.0,-1.2,0.9,409,MA上昇配列 / パーフェクトオーダー
368A,北里,精密機器,7.5,★☆☆☆☆,0.0,0.0,2.0,0.0,5.5,0.0,0.0,0.0,見送り(地合い🔴),,0.0,9.9,3.3,3.4,1412,1510.0,-1.1,0.5,222,MA上昇配列
7921,ＴＡＫＡＲＡ　＆　ＣＯＭＰＡＮＹ,その他製品,7.5,★☆☆☆☆,0.0,0.0,0.0,0.0,7.5,0.0,0.0,0.0,見送り(地合い🔴),,0.0,-1.3,2.3,1.0,4123,4325.0,2.6,0.5,143,MA上昇配列
4483,ＪＭＤＣ,情報・通信業,7.5,★☆☆☆☆,0.0,0.0,2.0,0.0,5.5,0.0,0.0,0.0,見送り(地合い🔴),,0.0,4.5,4.7,2.7,3069,3390.0,0.6,0.4,1230,MA上昇配列
6460,セガサミーホールディングス,機械,7.5,★☆☆☆☆,0.0,0.0,2.0,0.0,5.5,0.0,0.0,0.0,見送り(地合い🔴),,0.0,11.5,3.2,5.3,2666,2846.5,4.3,0.9,3111,MA上昇配列
1814,大末建設,建設業,7.5,★☆☆☆☆,0.0,0.0,1.0,0.0,6.5,0.0,0.0,0.0,見送り(地合い🔴),,0.0,-0.7,3.5,0.5,3384,3635.0,-2.3,0.7,382,MA上昇配列
7014,名村造船所,輸送用機器,7.5,★☆☆☆☆,0.0,0.0,2.0,0.0,5.5,0.0,0.0,0.0,見送り(地合い🔴),,0.0,3.4,6.1,4.2,3941,4490.0,-0.4,1.0,6809,MA上昇配列
1928,積水ハウス,建設業,7.5,★☆☆☆☆,0.0,0.0,0.0,0.0,7.5,0.0,0.0,0.0,見送り(地合い🔴),,0.0,-1.1,1.3,0.6,3386,3478.0,2.1,0.5,9502,MA上昇配列
3002,グンゼ,繊維製品,7.2,★☆☆☆☆,0.0,0.0,1.0,0.0,6.2,0.0,0.0,0.0,見送り(地合い🔴),,0.0,4.0,1.4,2.2,4078,4195.0,-1.1,0.6,840,MA上昇配列
4385,メルカリ,情報・通信業,7.2,★☆☆☆☆,0.0,0.0,3.0,0.0,1.2,0.0,3.0,0.0,見送り(地合い🔴),,0.0,3.9,5.4,-2.2,3994,4474.0,-3.0,1.4,9642,開示[自己株式の取得](0日前)
4612,日本ペイントホールディングス,化学,7.2,★☆☆☆☆,0.0,0.0,0.0,0.0,7.2,0.0,0.0,0.0,見送り(地合い🔴),,0.0,6.5,3.0,0.7,1137,1209.0,-2.2,0.5,5468,MA上昇配列 / パーフェクトオーダー
4324,電通グループ,サービス業,7.2,★☆☆☆☆,0.0,0.0,1.0,0.0,6.2,0.0,0.0,0.0,見送り(地合い🔴),,0.0,4.6,3.7,0.3,3320,3584.0,2.1,0.3,5902,MA上昇配列 / パーフェクトオーダー
6465,ホシザキ,機械,7.2,★☆☆☆☆,0.0,0.0,0.0,0.0,7.2,0.0,0.0,0.0,見送り(地合い🔴),,0.0,2.9,2.3,0.6,5408,5669.0,-0.6,0.5,2451,MA上昇配列 / パーフェクトオーダー
9900,サガミホールディングス,小売業,7.2,★☆☆☆☆,0.0,0.0,1.0,0.0,6.2,0.0,0.0,0.0,見送り(地合い🔴),,0.0,10.6,3.0,2.8,2023,2152.0,-3.5,1.0,284,MA上昇配列
6436,アマノ,機械,7.2,★☆☆☆☆,0.0,0.0,2.0,0.0,5.2,0.0,0.0,0.0,見送り(地合い🔴),,0.0,-0.4,1.6,1.1,3793,3920.0,2.1,0.5,1304,MA上昇配列
7013,ＩＨＩ,機械,7.2,★☆☆☆☆,0.0,6.0,0.0,0.0,1.2,0.0,0.0,0.0,見送り(地合い🔴),,0.0,-8.9,5.0,-5.2,2397,2663.5,-11.5,0.5,41429,防衛(-10.0%)
7599,ＩＤＯＭ,卸売業,7.0,★☆☆☆☆,0.0,0.0,2.0,0.0,5.0,0.0,0.0,0.0,見送り(地合い🔴),,0.0,-2.3,1.3,-0.6,1250,1284.0,-1.4,1.6,1129,-
1911,住友林業,建設業,7.0,★☆☆☆☆,0.0,0.0,0.0,0.0,7.0,0.0,0.0,0.0,見送り(地合い🔴),,0.0,1.3,2.3,0.8,1294,1355.0,2.0,0.8,5760,MA上昇配列
2752,フジオフードグループ本社,小売業,7.0,★☆☆☆☆,0.0,0.0,1.0,0.0,6.0,0.0,0.0,0.0,見送り(地合い🔴),,0.0,2.9,1.6,2.9,1108,1144.0,3.3,0.5,163,-
1419,タマホーム,建設業,7.0,★☆☆☆☆,0.0,0.0,1.0,0.0,6.0,0.0,0.0,0.0,見送り(地合い🔴),,0.0,1.4,1.5,3.4,2995,3085.0,3.7,0.8,287,-
9532,大阪瓦斯,電気・ガス業,7.0,★☆☆☆☆,0.0,0.0,0.0,0.0,7.0,0.0,0.0,0.0,見送り(地合い🔴),,0.0,0.1,1.9,2.6,5391,5607.0,3.5,0.7,5363,-
7564,ワークマン,小売業,7.0,★☆☆☆☆,0.0,0.0,1.0,0.0,6.0,0.0,0.0,0.0,見送り(地合い🔴),,0.0,5.5,3.3,3.1,5799,6210.0,0.2,0.9,2736,-
1941,中電工,建設業,7.0,★☆☆☆☆,0.0,0.0,0.0,0.0,7.0,0.0,0.0,0.0,見送り(地合い🔴),,0.0,0.8,2.1,1.9,4947,5160.0,0.0,0.7,477,-
9956,バローホールディングス,小売業,7.0,★☆☆☆☆,0.0,0.0,1.0,0.0,6.0,0.0,0.0,0.0,見送り(地合い🔴),,0.0,-0.0,2.2,0.8,3119,3265.0,1.7,0.5,855,-
9474,ゼンリン,情報・通信業,7.0,★☆☆☆☆,0.0,0.0,0.0,0.0,7.0,0.0,0.0,0.0,見送り(地合い🔴),,0.0,-1.6,1.3,0.6,882,906.0,1.5,0.8,220,MA上昇配列
6433,ヒーハイスト,機械,7.0,★☆☆☆☆,0.0,0.0,1.0,0.0,6.0,0.0,0.0,0.0,見送り(地合い🔴),,0.0,6.2,7.2,7.3,892,1042.0,1.2,0.7,137,-
9987,スズケン,卸売業,7.0,★☆☆☆☆,0.0,0.0,1.0,0.0,6.0,0.0,0.0,0.0,見送り(地合い🔴),,0.0,-3.1,2.3,0.2,4855,5086.0,2.0,0.5,841,-
9519,レノバ,電気・ガス業,7.0,★☆☆☆☆,0.0,0.0,2.0,0.0,5.0,0.0,0.0,0.0,見送り(地合い🔴),,0.0,-6.9,4.2,0.3,871,950.0,0.2,1.9,716,-
4570,免疫生物研究所,医薬品,7.0,★☆☆☆☆,0.0,0.0,1.0,0.0,6.0,0.0,0.0,0.0,見送り(地合い🔴),,0.0,8.2,5.0,7.3,955,1060.0,-0.6,0.6,121,-
5288,アジアパイルホールディングス,ガラス・土石製品,7.0,★☆☆☆☆,0.0,0.0,0.0,0.0,7.0,0.0,0.0,0.0,見送り(地合い🔴),,0.0,2.2,2.5,3.0,1492,1570.0,0.3,0.5,290,-
367A,プリモグローバルホールディングス,小売業,7.0,★☆☆☆☆,0.0,0.0,0.0,0.0,7.0,0.0,0.0,0.0,見送り(地合い🔴),,0.0,4.9,2.1,1.1,2657,2775.0,-2.2,0.5,158,-
8303,ＳＢＩ新生銀行,銀行業,7.0,★☆☆☆☆,0.0,0.0,0.0,0.0,7.0,0.0,0.0,0.0,見送り(地合い🔴),,0.0,7.4,2.9,2.7,1460,1549.0,-4.8,0.5,6470,MA上昇配列
1887,日本国土開発,建設業,7.0,★☆☆☆☆,0.0,0.0,1.0,0.0,6.0,0.0,0.0,0.0,見送り(地合い🔴),,0.0,6.4,1.5,4.7,533,550.0,0.2,0.8,193,-
6072,地盤ネットホールディングス,サービス業,7.0,★☆☆☆☆,0.0,0.0,1.0,0.0,6.0,0.0,0.0,0.0,見送り(地合い🔴),,0.0,21.9,7.6,9.9,924,1090.0,-3.9,1.0,682,-
7779,ＣＹＢＥＲＤＹＮＥ,精密機器,7.0,★☆☆☆☆,0.0,0.0,1.0,0.0,6.0,0.0,0.0,0.0,見送り(地合い🔴),,0.0,4.5,3.8,2.0,216,234.0,-3.3,0.5,285,-
9409,テレビ朝日ホールディングス,情報・通信業,7.0,★☆☆☆☆,0.0,0.0,1.0,0.0,6.0,0.0,0.0,0.0,見送り(地合い🔴),,0.0,-0.9,2.1,0.7,2991,3125.0,2.1,0.8,648,-
4691,ワシントンホテル,サービス業,7.0,★☆☆☆☆,0.0,0.0,2.0,0.0,5.0,0.0,0.0,0.0,見送り(地合い🔴),,0.0,-3.7,5.2,0.8,1995,2228.0,5.1,1.6,162,-
3231,野村不動産ホールディングス,不動産業,7.0,★☆☆☆☆,0.0,0.0,1.0,0.0,6.0,0.0,0.0,0.0,見送り(地合い🔴),,0.0,-2.8,1.2,0.2,910,933.0,1.9,0.7,4739,-
5013,ユシロ,石油・石炭製品,7.0,★☆☆☆☆,0.0,0.0,0.0,0.0,7.0,0.0,0.0,0.0,見送り(地合い🔴),,0.0,1.7,3.2,0.9,2820,3015.0,-1.8,0.6,131,-
4480,メドレー,情報・通信業,7.0,★☆☆☆☆,0.0,0.0,5.3,0.0,6.7,0.0,0.0,-5.0,見送り(地合い🔴),,0.0,42.2,5.3,21.3,2479,2771.0,-1.4,0.7,954,買い出来高優勢 / 資金流入増 / MA上昇配列 / 過熱⚠25MA+21%
4506,住友ファーマ,医薬品,7.0,★☆☆☆☆,0.0,0.0,1.0,0.0,6.0,0.0,0.0,0.0,見送り(地合い🔴),,0.0,9.0,3.7,7.5,1314,1418.0,4.6,0.6,5079,-
3054,ハイパー,卸売業,7.0,★☆☆☆☆,0.0,0.0,5.3,0.0,6.7,0.0,0.0,-5.0,見送り(地合い🔴),,0.0,45.1,5.1,34.2,320,356.0,47.7,0.5,112,買い出来高優勢 / 資金流入増 / MA上昇配列 / 過熱⚠25MA+34%
4813,ＡＣＣＥＳＳ,情報・通信業,7.0,★☆☆☆☆,0.0,0.0,4.0,0.0,6.0,0.0,0.0,-3.0,見送り(地合い🔴),,0.0,30.5,8.6,15.6,366,442.0,9.1,0.5,505,資金流入増 / 伸びすぎ注意(25MA+16%)
4151,協和キリン,医薬品,7.0,★☆☆☆☆,0.0,0.0,2.0,0.0,5.0,0.0,0.0,0.0,見送り(地合い🔴),,0.0,-2.9,2.2,-0.3,2463,2579.0,1.5,0.8,2888,-
6217,津田駒工業,機械,7.0,★☆☆☆☆,0.0,0.0,2.0,0.0,5.0,0.0,0.0,0.0,見送り(地合い🔴),,0.0,4.4,7.5,3.9,679,799.0,-13.9,0.5,134,-
6245,ヒラノテクシード,機械,7.0,★☆☆☆☆,0.0,0.0,1.0,0.0,6.0,0.0,0.0,0.0,見送り(地合い🔴),,0.0,6.3,3.5,4.4,1628,1752.0,-3.5,0.2,156,-
4082,第一稀元素化学工業,化学,7.0,★☆☆☆☆,0.0,0.0,1.0,0.0,6.0,0.0,0.0,0.0,見送り(地合い🔴),,0.0,10.3,4.7,7.4,1836,2025.0,-2.9,0.8,492,-
3791,ＩＧポート,情報・通信業,7.0,★☆☆☆☆,0.0,0.0,2.0,0.0,5.0,0.0,0.0,0.0,見送り(地合い🔴),,0.0,15.9,2.5,5.7,1075,1131.0,3.0,0.3,119,-
3915,テラスカイ,情報・通信業,7.0,★☆☆☆☆,0.0,0.0,1.0,0.0,6.0,0.0,0.0,0.0,見送り(地合い🔴),,0.0,9.8,4.5,3.1,2075,2281.0,-6.6,0.7,268,-
1930,北陸電気工事,建設業,7.0,★☆☆☆☆,0.0,0.0,2.0,0.0,5.0,0.0,0.0,0.0,見送り(地合い🔴),,0.0,-8.2,2.2,-0.8,1446,1514.0,-2.0,0.2,209,資金流入増
7777,スリー・ディー・マトリックス,精密機器,7.0,★☆☆☆☆,0.0,0.0,1.0,0.0,6.0,0.0,0.0,0.0,見送り(地合い🔴),,0.0,4.7,4.0,4.2,335,364.0,-5.7,0.9,551,-
1968,太平電業,建設業,7.0,★☆☆☆☆,0.0,0.0,2.0,0.0,5.0,0.0,0.0,0.0,見送り(地合い🔴),,0.0,-2.1,3.4,1.2,2281,2449.0,0.7,1.3,487,-
4534,持田製薬,医薬品,7.0,★☆☆☆☆,0.0,0.0,0.0,0.0,7.0,0.0,0.0,0.0,見送り(地合い🔴),,0.0,3.2,1.8,2.4,3149,3265.0,2.2,0.6,200,-
1663,Ｋ＆Ｏエナジーグループ,鉱業,6.9,★☆☆☆☆,0.0,0.0,2.0,0.0,4.7,0.0,0.2,0.0,見送り(地合い🔴),,0.0,3.4,2.2,4.5,1849,1933.0,-0.6,0.7,430,開示[業績予想の修正](13日前)
3810,サイバーステップホールディングス,情報・通信業,6.9,★☆☆☆☆,0.0,0.0,5.3,0.0,6.0,0.0,0.6,-5.0,見送り(地合い🔴),,0.0,38.6,9.5,21.4,181,224.0,-1.8,1.4,449,買い出来高優勢 / 過熱⚠25MA+21% / 開示[AI](8日前)
4180,Ａｐｐｉｅｒ　Ｇｒｏｕｐ,情報・通信業,6.9,★☆☆☆☆,3.0,0.0,3.0,0.0,5.5,0.0,0.4,-5.0,見送り(地合い🔴),Microsoft,-4.5,56.4,4.9,29.8,1214,1345.0,3.3,1.0,1939,Microsoft+2.2%連動(β0.54) / MA上昇配列 / RSI過熱(89)⚠ / 過熱⚠25MA+30% / 開示[業績予想の修正](12日前)
3028,アルペン,小売業,6.7,★☆☆☆☆,0.0,0.0,0.0,0.0,6.7,0.0,0.0,0.0,見送り(地合い🔴),,0.0,6.9,2.0,4.6,2285,2379.0,1.1,0.6,281,MA上昇配列
9369,キユーソー流通システム,倉庫・運輸関連業,6.7,★☆☆☆☆,0.0,0.0,1.0,0.0,5.7,0.0,0.0,0.0,見送り(地合い🔴),,0.0,6.2,2.8,5.1,2965,3140.0,0.8,1.0,137,-
5032,ＡＮＹＣＯＬＯＲ,情報・通信業,6.7,★☆☆☆☆,0.0,0.0,0.0,0.0,6.7,0.0,0.0,0.0,見送り(地合い🔴),,0.0,15.5,2.6,7.9,2740,2891.0,3.2,0.8,1406,MA上昇配列
4587,ペプチドリーム,医薬品,6.7,★☆☆☆☆,0.0,0.0,2.0,0.0,4.7,0.0,0.0,0.0,見送り(地合い🔴),,0.0,15.6,4.2,11.0,1006,1099.5,9.7,0.9,1117,-
4345,シーティーエス,サービス業,6.7,★☆☆☆☆,0.0,0.0,1.0,0.0,5.7,0.0,0.0,0.0,見送り(地合い🔴),,0.0,-3.3,2.0,0.4,816,850.0,2.2,0.6,100,MA上昇配列
2325,ＮＪＳ,サービス業,6.7,★☆☆☆☆,0.0,0.0,2.0,0.0,4.7,0.0,0.0,0.0,見送り(地合い🔴),,0.0,10.8,2.6,7.7,4631,4885.0,3.3,0.8,159,-
8892,エスコン,不動産業,6.7,★☆☆☆☆,0.0,0.0,0.0,0.0,6.7,0.0,0.0,0.0,見送り(地合い🔴),,0.0,2.3,1.5,3.4,1104,1138.0,2.7,0.7,235,-
7716,ナカニシ,精密機器,6.7,★☆☆☆☆,0.0,0.0,3.0,0.0,2.2,0.0,1.5,0.0,見送り(地合い🔴),,0.0,0.2,3.7,-0.6,2878,3110.0,-3.3,0.8,924,開示[自己株式の取得](7日前)
8060,キヤノンマーケティングジャパン,卸売業,6.7,★☆☆☆☆,0.0,0.0,4.7,0.0,2.0,0.0,0.0,0.0,見送り(地合い🔴),,0.0,-2.8,1.9,-2.1,3393,3524.0,-2.2,3.3,1238,出来高急増3.3倍
3765,ガンホー・オンライン・エンターテイメント,情報・通信業,6.7,★☆☆☆☆,0.0,0.0,0.0,0.0,6.7,0.0,0.0,0.0,見送り(地合い🔴),,0.0,3.0,2.4,1.1,2315,2433.0,0.5,0.6,624,MA上昇配列
9008,京王電鉄,陸運業,6.7,★☆☆☆☆,0.0,0.0,0.0,0.0,6.7,0.0,0.0,0.0,見送り(地合い🔴),,0.0,-1.3,1.8,0.4,756,785.0999755859375,3.6,0.6,1640,MA上昇配列
1833,奥村組,建設業,6.7,★☆☆☆☆,0.0,0.0,0.0,0.0,6.7,0.0,0.0,0.0,見送り(地合い🔴),,0.0,-0.7,1.7,1.0,5596,5790.0,1.0,0.7,711,MA上昇配列
3844,コムチュア,情報・通信業,6.7,★☆☆☆☆,0.0,0.0,2.0,0.0,4.2,0.0,0.5,0.0,見送り(地合い🔴),,0.0,4.0,2.8,0.8,1332,1412.0,7.2,0.6,391,MA上昇配列 / 開示[業績予想の修正](11日前)
7456,松田産業,卸売業,6.699999999999999,★☆☆☆☆,0.0,0.0,4.0,0.0,5.7,0.0,0.0,-3.0,見送り(地合い🔴),,0.0,26.1,5.3,16.6,6299,7040.0,1.6,1.3,955,伸びすぎ注意(25MA+17%)
6085,アーキテクツ・スタジオ・ジャパン,サービス業,6.699999999999999,★☆☆☆☆,0.0,0.0,8.0,0.0,3.7,0.0,0.0,-5.0,見送り(地合い🔴),,0.0,12.7,10.3,38.2,109,137.0,71.2,6.0,637,出来高急増6.0倍 / 買い出来高優勢 / 過熱⚠25MA+38%
3397,トリドールホールディングス,小売業,6.5,★☆☆☆☆,0.0,0.0,0.0,0.0,6.5,0.0,0.0,0.0,見送り(地合い🔴),,0.0,6.3,2.4,3.4,4175,4383.0,5.6,0.7,1670,MA上昇配列
5351,品川リフラ,ガラス・土石製品,6.5,★☆☆☆☆,0.0,0.0,0.0,0.0,6.5,0.0,0.0,0.0,見送り(地合い🔴),,0.0,1.5,2.0,1.7,2017,2100.0,2.8,0.9,271,MA上昇配列
8877,エスリード,不動産業,6.5,★☆☆☆☆,0.0,0.0,1.0,0.0,5.5,0.0,0.0,0.0,見送り(地合い🔴),,0.0,4.8,1.8,4.5,5253,5450.0,2.1,1.1,153,MA上昇配列 / RSI過熱(86)⚠
5110,住友ゴム工業,ゴム製品,6.5,★☆☆☆☆,0.0,0.0,0.0,0.0,6.5,0.0,0.0,0.0,見送り(地合い🔴),,0.0,7.3,3.3,1.3,2170,2325.0,-1.5,0.5,5692,MA上昇配列
9435,光通信,情報・通信業,6.5,★☆☆☆☆,0.0,0.0,0.0,0.0,6.5,0.0,0.0,0.0,見送り(地合い🔴),,0.0,5.4,2.4,2.8,38070,40000.0,4.9,0.7,4196,MA上昇配列
6016,ジャパンエンジンコーポレーション,輸送用機器,6.5,★☆☆☆☆,0.0,0.0,1.0,0.0,5.5,0.0,0.0,0.0,見送り(地合い🔴),,0.0,3.9,6.5,4.3,8570,9860.0,-0.9,1.2,1305,MA上昇配列
6814,古野電気,電気機器,6.5,★☆☆☆☆,0.0,0.0,1.0,0.0,5.5,0.0,0.0,0.0,見送り(地合い🔴),,0.0,1.4,4.2,1.2,6986,7630.0,-3.7,0.5,2761,MA上昇配列
6745,ホーチキ,電気機器,6.5,★☆☆☆☆,0.0,0.0,2.0,0.0,4.5,0.0,0.0,0.0,見送り(地合い🔴),,0.0,2.1,4.5,2.3,1840,2024.0,-3.0,0.8,369,-
9268,オプティマスグループ,卸売業,6.5,★☆☆☆☆,0.0,0.0,5.3,0.0,1.2,0.0,0.0,0.0,見送り(地合い🔴),,0.0,0.5,3.4,-0.5,390,418.0,-1.2,0.5,158,買い出来高優勢 / 資金流入増
7483,ドウシシャ,卸売業,6.5,★☆☆☆☆,0.0,0.0,0.0,0.0,6.5,0.0,0.0,0.0,見送り(地合い🔴),,0.0,-0.3,1.6,0.5,2911,3005.0,1.1,0.5,216,MA上昇配列
5253,カバー,情報・通信業,6.5,★☆☆☆☆,0.0,0.0,1.0,0.0,5.5,0.0,0.0,0.0,見送り(地合い🔴),,0.0,18.1,4.6,3.8,1466,1613.0,4.9,0.9,3474,MA上昇配列
6637,寺崎電気産業,電気機器,6.5,★☆☆☆☆,0.0,0.0,1.0,0.0,5.5,0.0,0.0,0.0,見送り(地合い🔴),,0.0,1.6,4.2,3.2,3850,4200.0,-4.0,0.4,218,MA上昇配列
2327,日鉄ソリューションズ,情報・通信業,6.5,★☆☆☆☆,0.0,0.0,0.0,0.0,6.5,0.0,0.0,0.0,見送り(地合い🔴),,0.0,1.6,2.1,2.3,3748,3915.0,3.6,0.6,1018,MA上昇配列
5411,ＪＦＥホールディングス,鉄鋼,6.5,★☆☆☆☆,0.0,0.0,1.0,0.0,5.5,0.0,0.0,0.0,見送り(地合い🔴),,0.0,5.8,2.6,2.5,1754,1850.0,3.9,0.8,12647,MA上昇配列
4194,ビジョナル,情報・通信業,6.5,★☆☆☆☆,0.0,0.0,1.0,0.0,5.5,0.0,0.0,0.0,見送り(地合い🔴),,0.0,9.3,3.0,4.0,8724,9285.0,2.4,0.7,1980,MA上昇配列
3498,霞ヶ関キャピタル,不動産業,6.5,★☆☆☆☆,0.0,0.0,1.0,0.0,5.5,0.0,0.0,0.0,見送り(地合い🔴),,0.0,11.5,3.7,3.5,7267,7840.0,-1.6,0.5,3111,MA上昇配列
3452,ビーロット,不動産業,6.5,★☆☆☆☆,0.0,0.0,0.0,0.0,6.5,0.0,0.0,0.0,見送り(地合い🔴),,0.0,-0.3,1.8,0.4,1426,1481.0,-0.9,0.4,106,MA上昇配列
7685,ＢｕｙＳｅｌｌ　Ｔｅｃｈｎｏｌｏｇｉｅｓ,卸売業,6.5,★☆☆☆☆,0.0,0.0,1.0,0.0,5.0,0.0,0.5,0.0,見送り(地合い🔴),,0.0,3.0,5.5,3.7,2923,3285.0,-3.4,1.0,1469,開示[業績予想の修正](11日前)
3103,ユニチカ,繊維製品,6.300000000000001,★☆☆☆☆,0.0,0.0,5.3,0.0,6.0,0.0,0.0,-5.0,見送り(地合い🔴),,0.0,60.9,13.8,22.7,983,1357.0,-18.5,0.8,22340,買い出来高優勢 / 資金流入増 / 過熱⚠25MA+23%
3349,コスモス薬品,小売業,6.2,★☆☆☆☆,0.0,0.0,2.0,0.0,4.2,0.0,0.0,0.0,見送り(地合い🔴),,0.0,2.2,2.7,0.5,6112,6464.0,1.7,0.6,2529,MA上昇配列
3861,王子ホールディングス,パルプ・紙,6.2,★☆☆☆☆,0.0,0.0,0.0,0.0,6.2,0.0,0.0,0.0,見送り(地合い🔴),,0.0,0.3,1.9,0.7,842,876.0,1.6,0.6,3351,MA上昇配列
7283,愛三工業,輸送用機器,6.2,★☆☆☆☆,0.0,0.0,0.0,0.0,6.2,0.0,0.0,0.0,見送り(地合い🔴),,0.0,-0.8,2.3,0.5,2203,2308.0,0.1,0.4,407,MA上昇配列
543A,ＡＲＣＨＩＯＮ,輸送用機器,6.2,★☆☆☆☆,0.0,0.0,2.0,0.0,4.0,0.0,0.2,0.0,見送り(地合い🔴),,0.0,-3.9,3.8,-2.4,252,273.0,-4.9,0.5,10458,資金流入増 / 開示[業績予想の修正](13日前)
9025,鴻池運輸,陸運業,6.2,★☆☆☆☆,0.0,0.0,1.0,0.0,5.2,0.0,0.0,0.0,見送り(地合い🔴),,0.0,0.9,1.9,1.2,2833,2948.0,1.0,0.6,314,MA上昇配列
6701,日本電気,電気機器,6.2,★☆☆☆☆,0.0,0.0,2.0,0.0,4.2,0.0,0.0,0.0,見送り(地合い🔴),,0.0,9.4,4.0,0.9,4329,4707.0,-1.7,0.5,36934,MA上昇配列
9022,東海旅客鉄道,陸運業,6.2,★☆☆☆☆,0.0,0.0,1.0,0.0,5.2,0.0,0.0,0.0,見送り(地合い🔴),,0.0,-0.6,2.0,0.6,3762,3923.0,3.3,0.6,10607,MA上昇配列
8227,しまむら,小売業,6.2,★☆☆☆☆,0.0,0.0,2.0,0.0,4.2,0.0,0.0,0.0,見送り(地合い🔴),,0.0,2.5,2.3,1.4,3237,3390.0,2.5,1.3,2549,MA上昇配列
6753,シャープ,電気機器,6.2,★☆☆☆☆,0.0,0.0,2.0,0.0,4.2,0.0,0.0,0.0,見送り(地合い🔴),,0.0,6.1,4.1,0.2,580,630.9000244140625,-1.0,0.7,2468,MA上昇配列
8113,ユニ・チャーム,化学,6.2,★☆☆☆☆,0.0,0.0,0.0,0.0,6.2,0.0,0.0,0.0,見送り(地合い🔴),,0.0,2.6,2.7,0.3,943,995.4000244140625,2.4,0.6,5529,MA上昇配列 / パーフェクトオーダー
4972,綜研化学,化学,6.0,★☆☆☆☆,0.0,0.0,0.0,0.0,6.0,0.0,0.0,0.0,見送り(地合い🔴),,0.0,-12.6,3.5,1.1,3133,3370.0,0.4,0.3,381,-
4569,杏林製薬,医薬品,6.0,★☆☆☆☆,0.0,0.0,1.0,0.0,5.0,0.0,0.0,0.0,見送り(地合い🔴),,0.0,-3.3,2.2,1.2,1104,1155.0,3.4,1.0,272,-
1721,コムシスホールディングス,建設業,6.0,★☆☆☆☆,0.0,0.0,0.0,0.0,6.0,0.0,0.0,0.0,見送り(地合い🔴),,0.0,0.3,2.2,1.8,5131,5362.0,-1.0,0.8,2645,-
9790,福井コンピュータホールディングス,情報・通信業,6.0,★☆☆☆☆,0.0,0.0,1.0,0.0,5.0,0.0,0.0,0.0,見送り(地合い🔴),,0.0,-0.3,2.0,0.5,3007,3135.0,1.5,0.6,140,-
9793,ダイセキ,サービス業,6.0,★☆☆☆☆,0.0,0.0,1.0,0.0,5.0,0.0,0.0,0.0,見送り(地合い🔴),,0.0,-0.5,1.5,1.0,3726,3840.0,-0.3,0.6,463,-
9142,九州旅客鉄道,陸運業,6.0,★☆☆☆☆,0.0,0.0,1.0,0.0,5.0,0.0,0.0,0.0,見送り(地合い🔴),,0.0,-5.3,1.6,-1.0,3405,3515.0,1.3,0.7,2930,-
1417,ミライト・ワン,建設業,6.0,★☆☆☆☆,0.0,0.0,0.0,0.0,6.0,0.0,0.0,0.0,見送り(地合い🔴),,0.0,-2.3,2.0,1.9,3464,3607.0,1.5,0.9,1032,-
1720,東急建設,建設業,6.0,★☆☆☆☆,0.0,0.0,1.0,0.0,5.0,0.0,0.0,0.0,見送り(地合い🔴),,0.0,-1.5,2.2,1.3,1116,1167.0,1.9,0.7,422,-
218A,Ｌｉｂｅｒａｗａｒｅ,精密機器,6.0,★☆☆☆☆,0.0,0.0,0.0,0.0,6.0,0.0,0.0,0.0,見送り(地合い🔴),,0.0,7.5,3.6,5.1,1033,1113.0,0.8,0.5,167,-
9502,中部電力,電気・ガス業,6.0,★☆☆☆☆,0.0,0.0,0.0,0.0,6.0,0.0,0.0,0.0,見送り(地合い🔴),,0.0,-4.8,2.2,2.5,2770,2897.0,1.7,0.6,10572,-
1885,東亜建設工業,建設業,6.0,★☆☆☆☆,0.0,0.0,1.0,0.0,5.0,0.0,0.0,0.0,見送り(地合い🔴),,0.0,1.2,3.9,2.2,1930,2092.0,-0.9,1.0,957,-
6810,マクセル,電気機器,6.0,★☆☆☆☆,0.0,0.0,1.0,0.0,5.0,0.0,0.0,0.0,見送り(地合い🔴),,0.0,11.0,3.3,4.0,2222,2380.0,-1.6,0.6,694,MA上昇配列
350A,デジタルグリッド,電気・ガス業,6.0,★☆☆☆☆,0.0,0.0,0.0,0.0,6.0,0.0,0.0,0.0,見送り(地合い🔴),,0.0,1.9,3.4,2.8,729,783.0,0.4,0.8,184,-
2206,江崎グリコ,食料品,6.0,★☆☆☆☆,0.0,0.0,0.0,0.0,6.0,0.0,0.0,0.0,見送り(地合い🔴),,0.0,1.9,2.1,1.9,4990,5205.0,1.0,0.5,1386,-
1946,トーエネック,建設業,6.0,★☆☆☆☆,0.0,0.0,0.0,0.0,6.0,0.0,0.0,0.0,見送り(地合い🔴),,0.0,1.4,2.9,2.9,2023,2147.0,-0.9,0.7,439,-
3854,アイル,情報・通信業,6.0,★☆☆☆☆,0.0,0.0,0.0,0.0,6.0,0.0,0.0,0.0,見送り(地合い🔴),,0.0,9.5,2.7,5.7,2315,2446.0,1.5,1.0,274,-
2585,ライフドリンク　カンパニー,食料品,6.0,★☆☆☆☆,0.0,0.0,0.0,0.0,6.0,0.0,0.0,0.0,見送り(地合い🔴),,0.0,12.2,5.7,5.0,1414,1596.0,-4.8,0.7,1175,-
6458,新晃工業,機械,6.0,★☆☆☆☆,0.0,0.0,1.0,0.0,5.0,0.0,0.0,0.0,見送り(地合い🔴),,0.0,0.4,1.7,2.1,1217,1259.0,1.9,1.2,312,-
6104,芝浦機械,機械,6.0,★☆☆☆☆,0.0,0.0,0.0,0.0,6.0,0.0,0.0,0.0,見送り(地合い🔴),,0.0,-8.5,3.3,2.9,4154,4445.0,3.9,1.0,828,-
6366,千代田化工建設,建設業,6.0,★☆☆☆☆,0.0,0.0,0.0,0.0,6.0,0.0,0.0,0.0,見送り(地合い🔴),,0.0,-0.9,4.1,3.0,653,711.0,-1.2,0.8,1694,-
9708,帝国ホテル,サービス業,6.0,★☆☆☆☆,0.0,0.0,0.0,0.0,6.0,0.0,0.0,0.0,見送り(地合い🔴),,0.0,0.4,1.2,1.9,987,1012.0,3.1,0.9,152,-
9336,大栄環境,サービス業,6.0,★☆☆☆☆,0.0,0.0,0.0,0.0,6.0,0.0,0.0,0.0,見送り(地合い🔴),,0.0,-0.5,2.4,1.5,3626,3810.0,4.0,0.6,577,-
7373,アイドマ・ホールディングス,サービス業,6.0,★☆☆☆☆,0.0,0.0,1.0,0.0,5.0,0.0,0.0,0.0,見送り(地合い🔴),,0.0,-4.0,2.6,0.6,918,968.0,1.6,1.3,111,-
4593,ヘリオス,医薬品,6.0,★☆☆☆☆,0.0,0.0,0.0,0.0,6.0,0.0,0.0,0.0,見送り(地合い🔴),,0.0,10.3,6.4,5.9,233,267.0,0.0,0.7,529,-
7012,川崎重工業,輸送用機器,6.0,★☆☆☆☆,0.0,6.0,0.0,0.0,0.0,0.0,0.0,0.0,見送り(地合い🔴),,0.0,-8.4,4.2,-5.6,2370,2590.0,-9.3,0.9,31995,防衛(-10.0%)
6277,ホソカワミクロン,機械,6.0,★☆☆☆☆,0.0,0.0,0.0,0.0,6.0,0.0,0.0,0.0,見送り(地合い🔴),,0.0,7.6,3.2,5.1,4996,5340.0,3.7,0.9,201,-
4516,日本新薬,医薬品,6.0,★☆☆☆☆,0.0,0.0,2.0,0.0,4.0,0.0,0.0,0.0,見送り(地合い🔴),,0.0,-12.3,2.2,-1.6,3465,3623.0,0.7,0.4,2266,資金流入増
4967,小林製薬,化学,6.0,★☆☆☆☆,0.0,0.0,0.0,0.0,6.0,0.0,0.0,0.0,見送り(地合い🔴),,0.0,2.1,1.7,1.2,5441,5633.0,2.2,0.5,1388,-
4658,日本空調サービス,サービス業,6.0,★☆☆☆☆,0.0,0.0,0.0,0.0,6.0,0.0,0.0,0.0,見送り(地合い🔴),,0.0,-4.3,1.5,-0.5,1509,1555.0,0.0,0.5,153,-
2931,ユーグレナ,食料品,6.0,★☆☆☆☆,0.0,0.0,0.0,0.0,6.0,0.0,0.0,0.0,見送り(地合い🔴),,0.0,3.3,2.7,2.7,336,356.0,0.8,0.6,306,-
464A,ＱＰＳホールディングス,情報・通信業,6.0,★☆☆☆☆,0.0,0.0,1.0,0.0,5.0,0.0,0.0,0.0,見送り(地合い🔴),,0.0,11.2,5.7,3.2,1505,1699.0,-8.0,1.0,2543,-
5027,ＡｎｙＭｉｎｄ　Ｇｒｏｕｐ,情報・通信業,5.800000000000001,★☆☆☆☆,0.0,0.0,5.3,0.0,5.5,0.0,0.0,-5.0,見送り(地合い🔴),,0.0,53.6,5.1,32.4,728,811.0,12.2,1.1,303,買い出来高優勢 / 資金流入増 / MA上昇配列 / RSI過熱(87)⚠ / 過熱⚠25MA+32%
4901,富士フイルムホールディングス,化学,5.8,★☆☆☆☆,3.8,0.0,1.0,0.0,1.0,0.0,0.0,0.0,見送り(地合い🔴),SK hynix,-1.6,-10.9,4.1,-6.8,3013,3281.0,1.2,0.9,23716,SK hynix+11.4%連動(β0.13)
590A,ギフティグループ,情報・通信業,5.799999999999999,★☆☆☆☆,0.0,0.0,3.0,0.0,6.7,0.0,1.1,-5.0,見送り(地合い🔴),,0.0,38.2,4.6,22.7,1265,1393.0,1.2,0.9,395,MA上昇配列 / 過熱⚠25MA+23% / 開示[子会社化](11日前) / 開示[自己株式取得](11日前)
7211,三菱自動車工業,輸送用機器,5.7,★☆☆☆☆,0.0,0.0,0.0,0.0,5.7,0.0,0.0,0.0,見送り(地合い🔴),,0.0,3.0,2.8,0.7,342,362.20001220703125,4.1,0.8,3667,MA上昇配列
277A,グロービング,サービス業,5.7,★☆☆☆☆,0.0,0.0,2.0,0.0,3.7,0.0,0.0,0.0,見送り(地合い🔴),,0.0,11.4,3.3,9.8,1729,1851.0,6.9,1.0,272,-
9831,ヤマダホールディングス,小売業,5.7,★☆☆☆☆,0.0,0.0,0.0,0.0,5.7,0.0,0.0,0.0,見送り(地合い🔴),,0.0,-4.7,3.0,-0.6,659,701.0,2.3,0.8,3226,-
6088,シグマクシス・ホールディングス,サービス業,5.7,★☆☆☆☆,0.0,0.0,0.0,0.0,5.7,0.0,0.0,0.0,見送り(地合い🔴),,0.0,-1.9,3.4,0.1,525,563.0,4.3,0.6,340,MA上昇配列
6838,多摩川ホールディングス,電気機器,5.7,★☆☆☆☆,0.0,0.0,2.0,0.0,3.7,0.0,0.0,0.0,見送り(地合い🔴),,0.0,4.6,5.5,1.6,1279,1437.0,-9.4,0.8,320,-
3395,サンマルクホールディングス,小売業,5.7,★☆☆☆☆,0.0,0.0,2.0,0.0,3.7,0.0,0.0,0.0,見送り(地合い🔴),,0.0,-3.1,1.8,0.4,2412,2505.0,3.0,0.6,308,-
4107,伊勢化学工業,化学,5.7,★☆☆☆☆,0.0,0.0,1.0,0.0,4.7,0.0,0.0,0.0,見送り(地合い🔴),,0.0,9.2,3.5,8.4,3684,3960.0,2.9,1.0,809,-
7412,アトム,小売業,5.7,★☆☆☆☆,0.0,0.0,2.0,0.0,3.7,0.0,0.0,0.0,見送り(地合い🔴),,0.0,1.9,2.5,0.9,357,376.0,2.7,1.4,223,-
5989,エイチワン,金属製品,5.7,★☆☆☆☆,0.0,0.0,1.0,0.0,4.7,0.0,0.0,0.0,見送り(地合い🔴),,0.0,-0.2,3.3,2.1,1461,1566.0,0.9,0.4,324,-
186A,アストロスケールホールディングス,サービス業,5.7,★☆☆☆☆,0.0,0.0,2.0,0.0,3.7,0.0,0.0,0.0,見送り(地合い🔴),,0.0,2.8,7.9,-5.3,899,1069.0,-18.8,1.8,5239,-
9533,東邦瓦斯,電気・ガス業,5.7,★☆☆☆☆,0.0,0.0,0.0,0.0,5.7,0.0,0.0,0.0,見送り(地合い🔴),,0.0,-0.8,1.8,3.4,1176,1220.0,3.0,0.5,1137,-
8508,Ｊトラスト,その他金融業,5.6000000000000005,★☆☆☆☆,0.0,0.0,3.0,0.0,2.2,0.0,0.4,0.0,見送り(地合い🔴),,0.0,-0.3,5.6,-0.4,747,842.0,-8.0,1.4,1454,資金流入増 / 開示[自己株式取得](12日前)
3659,ネクソン,情報・通信業,5.5,★☆☆☆☆,0.0,0.0,3.0,0.0,5.5,0.0,0.0,-3.0,見送り(地合い🔴),,0.0,34.9,4.7,19.9,2816,3105.0,2.0,0.8,10805,MA上昇配列 / RSI過熱(86)⚠ / 伸びすぎ注意(25MA+20%)
8511,日本証券金融,その他金融業,5.5,★☆☆☆☆,0.0,0.0,1.0,0.0,4.5,0.0,0.0,0.0,見送り(地合い🔴),,0.0,-1.3,2.6,-0.1,2326,2455.0,-0.8,1.1,695,-
4499,Ｓｐｅｅｅ,情報・通信業,5.5,★☆☆☆☆,0.0,0.0,3.3,0.0,4.7,0.0,0.5,-3.0,見送り(地合い🔴),,0.0,25.4,5.0,17.9,2451,2725.0,7.1,0.6,264,買い出来高優勢 / 伸びすぎ注意(25MA+18%) / 開示[業績予想の修正](11日前)
7226,極東開発工業,輸送用機器,5.5,★☆☆☆☆,0.0,0.0,0.0,0.0,5.5,0.0,0.0,0.0,見送り(地合い🔴),,0.0,-1.2,1.6,1.2,2289,2362.0,0.3,0.8,458,MA上昇配列
2780,コメ兵ホールディングス,小売業,5.5,★☆☆☆☆,0.0,0.0,2.0,0.0,3.5,0.0,0.0,0.0,見送り(地合い🔴),,0.0,-3.2,4.6,-1.8,4626,5100.0,-4.1,0.8,689,資金流入増
3168,ＭＥＲＦ,卸売業,5.5,★☆☆☆☆,0.0,0.0,2.0,0.0,3.5,0.0,0.0,0.0,見送り(地合い🔴),,0.0,16.6,6.4,6.4,1267,1455.0,-7.3,0.9,145,-
9782,ディーエムエス,サービス業,5.5,★☆☆☆☆,0.0,0.0,2.0,0.0,3.5,0.0,0.0,0.0,見送り(地合い🔴),,0.0,-2.0,1.0,-0.1,3369,3440.0,0.0,1.5,119,-
6706,電気興業,電気機器,5.5,★☆☆☆☆,0.0,0.0,0.0,0.0,5.5,0.0,0.0,0.0,見送り(地合い🔴),,0.0,9.3,2.9,3.4,3086,3275.0,-4.7,0.5,124,-
4523,エーザイ,医薬品,5.5,★☆☆☆☆,0.0,0.0,0.0,0.0,5.5,0.0,0.0,0.0,見送り(地合い🔴),,0.0,2.5,2.8,1.5,4567,4838.0,2.3,0.5,7850,MA上昇配列
9663,ナガワ,サービス業,5.5,★☆☆☆☆,0.0,0.0,0.0,0.0,5.5,0.0,0.0,0.0,見送り(地合い🔴),,0.0,-0.2,1.7,0.5,4992,5170.0,-1.0,0.8,110,MA上昇配列
6369,トーヨーカネツ,機械,5.5,★☆☆☆☆,0.0,0.0,0.0,0.0,5.5,0.0,0.0,0.0,見送り(地合い🔴),,0.0,0.4,2.4,0.9,2356,2473.0,-1.4,0.5,257,MA上昇配列
4686,ジャストシステム,情報・通信業,5.5,★☆☆☆☆,0.0,0.0,0.0,0.0,5.5,0.0,0.0,0.0,見送り(地合い🔴),,0.0,8.5,2.7,3.2,3877,4095.0,3.0,1.1,375,MA上昇配列
6430,ダイコク電機,機械,5.5,★☆☆☆☆,0.0,0.0,0.0,0.0,5.5,0.0,0.0,0.0,見送り(地合い🔴),,0.0,2.8,1.7,1.5,2375,2460.0,0.2,1.1,109,MA上昇配列
5449,大阪製鐵,鉄鋼,5.5,★☆☆☆☆,0.0,0.0,0.0,0.0,5.5,0.0,0.0,0.0,見送り(地合い🔴),,0.0,-0.2,4.2,0.6,2453,2680.0,0.6,0.6,119,MA上昇配列
5232,住友大阪セメント,ガラス・土石製品,5.5,★☆☆☆☆,0.0,0.0,2.0,0.0,3.5,0.0,0.0,0.0,見送り(地合い🔴),,0.0,-2.4,5.0,-0.4,5073,5636.0,-3.6,0.6,2087,-
3626,ＴＩＳＩ,情報・通信業,5.5,★☆☆☆☆,0.0,0.0,0.0,0.0,5.5,0.0,0.0,0.0,見送り(地合い🔴),,0.0,9.2,2.6,4.1,3660,3861.0,3.1,0.5,3644,MA上昇配列
3350,メタプラネット,卸売業,5.300000000000001,★☆☆☆☆,0.0,0.0,3.3,0.0,6.0,0.0,1.0,-5.0,見送り(地合い🔴),,0.0,35.4,6.8,30.7,263,305.0,40.6,2.7,6468,出来高増2.7倍 / 過熱⚠25MA+31% / 開示[子会社化](7日前)
3856,Ａｂａｌａｎｃｅ,電気機器,5.3,★☆☆☆☆,0.0,0.0,2.0,0.0,2.7,0.0,0.6,0.0,見送り(地合い🔴),,0.0,-22.5,10.5,-4.1,322,408.0,10.0,0.3,176,資金流入増 / 開示[自己株式の取得](11日前)
6727,ワコム,電気機器,5.2,★☆☆☆☆,0.0,0.0,2.0,0.0,3.2,0.0,0.0,0.0,見送り(地合い🔴),,0.0,2.1,2.7,1.4,754,797.0,-3.0,0.3,595,-
2502,アサヒグループホールディングス,食料品,5.2,★☆☆☆☆,0.0,0.0,0.0,0.0,5.2,0.0,0.0,0.0,見送り(地合い🔴),,0.0,0.0,2.4,0.0,1592,1672.0,0.7,0.5,13288,MA上昇配列
3391,ツルハホールディングス,小売業,5.2,★☆☆☆☆,0.0,0.0,0.0,0.0,5.2,0.0,0.0,0.0,見送り(地合い🔴),,0.0,-0.8,2.1,0.0,2316,2416.0,1.9,0.6,3011,MA上昇配列
8056,ＢＩＰＲＯＧＹ,情報・通信業,5.2,★☆☆☆☆,0.0,0.0,1.0,0.0,4.2,0.0,0.0,0.0,見送り(地合い🔴),,0.0,-0.6,3.7,0.6,4314,4660.0,4.4,0.5,2802,MA上昇配列
5461,中部鋼鈑,鉄鋼,5.2,★☆☆☆☆,0.0,0.0,1.0,0.0,4.2,0.0,0.0,0.0,見送り(地合い🔴),,0.0,-0.8,1.8,0.7,2022,2099.0,1.6,0.7,213,MA上昇配列
7744,ノーリツ鋼機,精密機器,5.2,★☆☆☆☆,0.0,0.0,3.0,0.0,2.2,0.0,0.0,0.0,見送り(地合い🔴),,0.0,0.2,3.0,-0.5,1885,2005.0,-3.2,0.5,884,-
3189,ＡＮＡＰホールディングス,小売業,5.199999999999999,★☆☆☆☆,0.0,0.0,6.7,0.0,3.5,0.0,0.0,-5.0,見送り(地合い🔴),,0.0,64.2,8.6,47.6,132,159.0,43.2,20.2,110,出来高急増20.2倍 / 資金流入増 / RSI過熱(86)⚠ / 過熱⚠25MA+48%
1926,ライト工業,建設業,5.0,★☆☆☆☆,0.0,0.0,0.0,0.0,5.0,0.0,0.0,0.0,見送り(地合い🔴),,0.0,-3.8,2.1,-0.6,3613,3770.0,-0.7,0.6,644,-
7259,アイシン,輸送用機器,5.0,★☆☆☆☆,0.0,0.0,1.0,0.0,4.0,0.0,0.0,0.0,見送り(地合い🔴),,0.0,-2.8,2.2,-0.3,2173,2274.0,1.5,0.7,5764,-
2337,いちご,不動産業,5.0,★☆☆☆☆,0.0,0.0,0.0,0.0,5.0,0.0,0.0,0.0,見送り(地合い🔴),,0.0,-4.0,1.6,0.2,400,413.0,1.5,0.6,309,-
7984,コクヨ,その他製品,5.0,★☆☆☆☆,0.0,0.0,0.0,0.0,5.0,0.0,0.0,0.0,見送り(地合い🔴),,0.0,0.9,1.6,0.3,849,876.9000244140625,1.4,0.5,933,MA上昇配列
9413,テレビ東京ホールディングス,情報・通信業,5.0,★☆☆☆☆,0.0,0.0,0.0,0.0,5.0,0.0,0.0,0.0,見送り(地合い🔴),,0.0,-1.9,1.7,0.2,3339,3455.0,2.7,0.7,354,-
9020,東日本旅客鉄道,陸運業,5.0,★☆☆☆☆,0.0,0.0,0.0,0.0,5.0,0.0,0.0,0.0,見送り(地合い🔴),,0.0,-4.0,2.0,-0.6,3398,3537.0,2.2,0.5,12361,-
4661,オリエンタルランド,サービス業,5.0,★☆☆☆☆,0.0,0.0,2.0,0.0,3.0,0.0,0.0,0.0,見送り(地合い🔴),,0.0,10.4,2.9,3.1,2829,3000.0,4.1,0.5,21666,MA上昇配列
8995,誠建設工業,不動産業,5.0,★☆☆☆☆,0.0,0.0,2.0,0.0,8.0,0.0,0.0,-5.0,見送り(地合い🔴),,0.0,93.3,19.4,26.2,945,1544.0,-22.0,0.4,433,資金流入増 / MA上昇配列 / 過熱⚠25MA+26%
2334,イオレ,サービス業,5.0,★☆☆☆☆,0.0,0.0,1.0,0.0,4.0,0.0,0.0,0.0,見送り(地合い🔴),,0.0,-3.4,6.3,-1.1,441,505.0,-8.5,1.2,582,-
6454,マックス,機械,5.0,★☆☆☆☆,0.0,0.0,3.0,0.0,2.0,0.0,0.0,0.0,見送り(地合い🔴),,0.0,2.5,2.5,-1.0,1692,1782.0,-2.9,0.8,604,-
7746,岡本硝子,精密機器,5.0,★☆☆☆☆,0.0,0.0,1.0,0.0,4.0,0.0,0.0,0.0,見送り(地合い🔴),,0.0,-3.8,3.2,-0.3,693,740.0,-3.6,0.7,253,-
5532,リアルゲイト,不動産業,5.0,★☆☆☆☆,0.0,0.0,1.0,0.0,4.0,0.0,0.0,0.0,見送り(地合い🔴),,0.0,-3.3,3.6,-0.3,3175,3425.0,-5.1,1.2,117,-
7944,ローランド,その他製品,5.0,★☆☆☆☆,0.0,0.0,4.0,0.0,1.0,0.0,0.0,0.0,見送り(地合い🔴),,0.0,-4.7,4.5,-7.1,3506,3850.0,-5.6,0.3,797,資金流入増
7794,イーディーピー,その他製品,5.0,★☆☆☆☆,0.0,0.0,0.0,0.0,5.0,0.0,0.0,0.0,見送り(地合い🔴),,0.0,-1.3,4.6,1.2,835,920.0,-5.2,1.0,339,-
3922,ＰＲ　ＴＩＭＥＳ,情報・通信業,5.0,★☆☆☆☆,0.0,0.0,0.0,0.0,5.0,0.0,0.0,0.0,見送り(地合い🔴),,0.0,1.7,1.8,3.4,2093,2169.0,1.3,0.8,122,-
7943,ニチハ,ガラス・土石製品,5.0,★☆☆☆☆,0.0,0.0,1.0,0.0,4.0,0.0,0.0,0.0,見送り(地合い🔴),,0.0,1.6,2.3,0.3,2976,3120.0,1.0,0.5,207,MA上昇配列
4592,サンバイオ,医薬品,5.0,★☆☆☆☆,0.0,0.0,0.0,0.0,5.0,0.0,0.0,0.0,見送り(地合い🔴),,0.0,3.5,4.2,2.1,920,1004.0,-0.9,0.9,641,-
7936,アシックス,その他製品,4.8,★☆☆☆☆,0.0,0.0,2.0,0.0,2.2,0.0,0.6,0.0,見送り(地合い🔴),,0.0,-2.0,5.2,-2.2,4268,4766.0,-7.4,0.8,26886,開示[増配](11日前)
7730,マニー,精密機器,4.7,★☆☆☆☆,0.0,0.0,1.0,0.0,3.7,0.0,0.0,0.0,見送り(地合い🔴),,0.0,4.1,1.8,3.8,1560,1618.0,0.2,0.6,581,-
1815,鉄建建設,建設業,4.7,★☆☆☆☆,0.0,0.0,1.0,0.0,3.7,0.0,0.0,0.0,見送り(地合い🔴),,0.0,-2.8,2.6,1.2,4209,4440.0,-0.3,0.7,486,-
6597,ＨＰＣシステムズ,電気機器,4.7,★☆☆☆☆,0.0,0.0,2.0,0.0,2.7,0.0,0.0,0.0,見送り(地合い🔴),,0.0,-4.3,6.3,-0.9,2961,3390.0,-9.6,0.5,276,-
5992,中央発條,金属製品,4.7,★☆☆☆☆,0.0,0.0,1.0,0.0,3.7,0.0,0.0,0.0,見送り(地合い🔴),,0.0,-2.6,2.4,-0.2,3524,3705.0,0.4,0.3,221,-
4507,塩野義製薬,医薬品,4.7,★☆☆☆☆,0.0,0.0,0.0,0.0,4.7,0.0,0.0,0.0,見送り(地合い🔴),,0.0,0.9,2.3,1.7,2789,2921.5,4.2,0.6,7969,-
4626,太陽ホールディングス,化学,4.7,★☆☆☆☆,0.0,0.0,2.0,0.0,2.7,0.0,0.0,0.0,見送り(地合い🔴),,0.0,-1.8,1.5,-0.7,4611,4755.0,-2.1,0.4,1944,-
2533,オエノンホールディングス,食料品,4.7,★☆☆☆☆,0.0,0.0,1.0,0.0,3.7,0.0,0.0,0.0,見送り(地合い🔴),,0.0,-3.0,3.6,1.6,453,488.0,2.7,0.6,114,-
3480,ジェイ・エス・ビー,不動産業,4.7,★☆☆☆☆,0.0,0.0,0.0,0.0,4.7,0.0,0.0,0.0,見送り(地合い🔴),,0.0,-1.6,0.6,-0.2,8846,8960.0,0.0,0.7,610,52週高値目前
2432,ディー・エヌ・エー,情報・通信業,4.7,★☆☆☆☆,0.0,0.0,0.0,0.0,4.7,0.0,0.0,0.0,見送り(地合い🔴),,0.0,4.2,2.4,2.0,2400,2520.0,0.4,1.0,2741,-
9501,東京電力ホールディングス,電気・ガス業,4.7,★☆☆☆☆,0.0,0.0,0.0,0.0,4.7,0.0,0.0,0.0,見送り(地合い🔴),,0.0,2.3,3.7,2.6,496,536.0,2.5,1.1,19741,-
6226,守谷輸送機工業,機械,4.7,★☆☆☆☆,0.0,0.0,2.0,0.0,2.7,0.0,0.0,0.0,見送り(地合い🔴),,0.0,-15.5,6.0,-2.5,1976,2244.0,1.1,1.3,652,-
7256,河西工業,輸送用機器,4.5,★☆☆☆☆,0.0,0.0,3.3,0.0,1.2,0.0,0.0,0.0,見送り(地合い🔴),,0.0,-0.7,8.1,-3.5,347,414.0,-10.6,0.6,211,買い出来高優勢
6823,リオン,電気機器,4.5,★☆☆☆☆,0.0,0.0,1.0,0.0,3.5,0.0,0.0,0.0,見送り(地合い🔴),,0.0,-2.3,2.5,-1.8,3181,3350.0,-6.3,0.7,226,-
8714,池田泉州ホールディングス,銀行業,4.5,★☆☆☆☆,0.0,0.0,0.0,0.0,4.5,0.0,0.0,0.0,見送り(地合い🔴),,0.0,-2.6,3.4,-0.0,965,1035.0,-6.2,0.4,1440,-
5240,ｍｏｎｏＡＩ　ｔｅｃｈｎｏｌｏｇｙ,情報・通信業,4.5,★☆☆☆☆,0.0,0.0,0.0,0.0,4.2,0.0,0.3,0.0,見送り(地合い🔴),,0.0,-2.4,11.7,2.2,162,211.0,0.0,0.3,350,MA上昇配列 / 開示[AI](11日前)
9301,三菱倉庫,倉庫・運輸関連業,4.5,★☆☆☆☆,0.0,0.0,0.0,0.0,4.5,0.0,0.0,0.0,見送り(地合い🔴),,0.0,-6.6,2.0,-0.8,1473,1533.0,2.3,0.6,1905,-
4320,ＣＥホールディングス,情報・通信業,4.5,★☆☆☆☆,0.0,0.0,2.0,0.0,2.5,0.0,0.0,0.0,見送り(地合い🔴),,0.0,-4.7,1.4,-1.4,1617,1662.0,0.3,0.6,274,資金流入増
6632,ＪＶＣケンウッド,電気機器,4.5,★☆☆☆☆,0.0,0.0,3.0,0.0,1.5,0.0,0.0,0.0,見送り(地合い🔴),,0.0,-11.7,4.5,-4.7,917,1008.5,-1.8,0.6,1663,-
4547,キッセイ薬品工業,医薬品,4.5,★☆☆☆☆,0.0,0.0,1.0,0.0,3.5,0.0,0.0,0.0,見送り(地合い🔴),,0.0,-5.2,2.1,-1.3,3901,4070.0,-0.5,1.2,326,-
7476,アズワン,卸売業,4.2,★☆☆☆☆,0.0,0.0,0.0,0.0,4.2,0.0,0.0,0.0,見送り(地合い🔴),,0.0,-1.8,2.0,0.4,2338,2436.0,3.8,0.7,385,MA上昇配列
9830,トラスコ中山,卸売業,4.2,★☆☆☆☆,0.0,0.0,2.0,0.0,2.2,0.0,0.0,0.0,見送り(地合い🔴),,0.0,-0.8,2.4,-0.5,2256,2371.0,-0.5,0.6,390,-
2874,横浜冷凍,卸売業,4.2,★☆☆☆☆,0.0,0.0,0.0,0.0,3.7,0.0,0.5,0.0,見送り(地合い🔴),,0.0,-2.5,4.1,-0.4,1954,2129.0,1.2,0.5,466,開示[業績予想の修正](11日前)
6005,三浦工業,機械,4.2,★☆☆☆☆,0.0,0.0,2.0,0.0,2.2,0.0,0.0,0.0,見送り(地合い🔴),,0.0,-1.6,2.9,0.9,3010,3192.0,0.2,1.3,1554,-
7148,ＦＰＧ,証券、商品先物取引業,4.2,★☆☆☆☆,0.0,0.0,0.0,0.0,4.2,0.0,0.0,0.0,見送り(地合い🔴),,0.0,2.3,2.0,1.7,1585,1652.0,2.1,0.7,981,MA上昇配列
4819,デジタルガレージ,情報・通信業,4.2,★☆☆☆☆,0.0,0.0,0.0,0.0,4.2,0.0,0.0,0.0,見送り(地合い🔴),,0.0,2.6,3.9,0.8,2146,2327.0,5.8,0.6,620,MA上昇配列
7383,ネットプロテクションズホールディングス,その他金融業,4.2,★☆☆☆☆,0.0,0.0,0.0,0.0,4.2,0.0,0.0,0.0,見送り(地合い🔴),,0.0,11.3,4.8,3.8,409,453.0,1.6,1.0,403,MA上昇配列
7276,小糸製作所,電気機器,4.2,★☆☆☆☆,0.0,0.0,1.0,0.0,3.2,0.0,0.0,0.0,見送り(地合い🔴),,0.0,7.8,1.9,2.0,2584,2688.0,-1.5,0.5,2744,-
5988,パイオラックス,金属製品,4.2,★☆☆☆☆,0.0,0.0,0.0,0.0,4.2,0.0,0.0,0.0,見送り(地合い🔴),,0.0,2.6,1.8,1.0,1667,1730.0,0.8,0.7,158,MA上昇配列
3880,大王製紙,パルプ・紙,4.2,★☆☆☆☆,0.0,0.0,0.0,0.0,4.2,0.0,0.0,0.0,見送り(地合い🔴),,0.0,-0.2,2.2,0.6,942,986.0,3.5,0.7,237,MA上昇配列
3038,神戸物産,卸売業,4.2,★☆☆☆☆,0.0,0.0,0.0,0.0,4.2,0.0,0.0,0.0,見送り(地合い🔴),,0.0,4.8,2.3,2.0,2695,2824.0,1.7,0.7,5145,MA上昇配列
7047,ポート,サービス業,4.2,★☆☆☆☆,0.0,0.0,2.0,0.0,2.2,0.0,0.0,0.0,見送り(地合い🔴),,0.0,-0.3,5.3,-0.4,2160,2414.0,8.8,0.8,482,-
5406,神戸製鋼所,鉄鋼,4.0,★☆☆☆☆,0.0,0.0,0.0,0.0,4.0,0.0,0.0,0.0,見送り(地合い🔴),,0.0,0.6,2.5,0.5,1924,2024.0,1.1,0.4,4676,MA上昇配列
4685,菱友システムズ,情報・通信業,4.0,★☆☆☆☆,0.0,0.0,0.0,0.0,4.0,0.0,0.0,0.0,見送り(地合い🔴),,0.0,-7.1,2.4,-1.9,2558,2688.0,-0.6,0.3,110,-
8801,三井不動産,不動産業,4.0,★☆☆☆☆,0.0,0.0,0.0,0.0,4.0,0.0,0.0,0.0,見送り(地合い🔴),,0.0,-3.8,2.1,-0.1,1450,1513.0,4.4,0.8,15844,-
6013,タクマ,機械,4.0,★☆☆☆☆,0.0,0.0,0.0,0.0,1.0,0.0,3.0,0.0,見送り(地合い🔴),,0.0,-12.7,2.9,-7.1,2887,3065.0,-5.7,0.7,686,開示[自己株式の取得](0日前)
5444,大和工業,鉄鋼,4.0,★☆☆☆☆,0.0,0.0,3.0,0.0,1.0,0.0,0.0,0.0,見送り(地合い🔴),,0.0,-7.1,3.0,-5.2,11654,12400.0,-5.8,1.5,2396,-
8585,オリエントコーポレーション,その他金融業,4.0,★☆☆☆☆,0.0,0.0,0.0,0.0,4.0,0.0,0.0,0.0,見送り(地合い🔴),,0.0,-4.0,1.6,-0.5,851,880.0,3.3,0.8,416,-
8766,東京海上ホールディングス,保険業,4.0,★☆☆☆☆,0.0,0.0,0.0,0.0,1.0,0.0,3.0,0.0,見送り(地合い🔴),,0.0,-12.0,2.2,-6.6,6945,7261.0,-2.9,0.7,35814,開示[自己株式取得](0日前)
6200,インソース,サービス業,4.0,★☆☆☆☆,0.0,0.0,1.0,0.0,3.0,0.0,0.0,0.0,見送り(地合い🔴),,0.0,0.1,2.3,1.9,701,735.0,2.9,0.5,483,MA上昇配列
5105,ＴＯＹＯ　ＴＩＲＥ,ゴム製品,4.0,★☆☆☆☆,0.0,0.0,3.0,0.0,1.0,0.0,0.0,0.0,見送り(地合い🔴),,0.0,-5.6,4.1,-3.8,3514,3824.0,0.5,0.9,6286,資金流入増
4519,中外製薬,医薬品,4.0,★☆☆☆☆,0.0,0.0,0.0,0.0,4.0,0.0,0.0,0.0,見送り(地合い🔴),,0.0,-7.2,2.4,-0.4,6657,6987.0,1.8,0.4,20134,-
4418,ＪＤＳＣ,情報・通信業,3.8000000000000007,★☆☆☆☆,0.0,0.0,3.3,0.0,5.5,0.0,0.0,-5.0,見送り(地合い🔴),,0.0,31.8,5.4,22.9,942,1055.0,9.4,0.9,275,買い出来高優勢 / MA上昇配列 / RSI過熱(85)⚠ / 過熱⚠25MA+23%
9005,東急,陸運業,3.8,★☆☆☆☆,0.0,0.0,0.0,0.0,1.0,0.0,2.8,0.0,見送り(地合い🔴),,0.0,-5.1,1.6,-1.4,1629,1683.0,3.0,0.6,4563,開示[自己株式の取得](1日前)
1333,Ｕｍｉｏｓ,水産・農林業,3.7,★☆☆☆☆,0.0,0.0,0.0,0.0,3.7,0.0,0.0,0.0,見送り(地合い🔴),,0.0,-3.0,1.7,-0.5,1256,1300.5,1.4,1.1,726,-
3186,ネクステージ,小売業,3.7,★☆☆☆☆,0.0,0.0,1.0,0.0,2.7,0.0,0.0,0.0,見送り(地合い🔴),,0.0,-2.0,3.7,-3.3,3106,3355.0,-7.4,1.2,1560,-
4375,セーフィー,情報・通信業,3.7,★☆☆☆☆,0.0,0.0,0.0,0.0,3.7,0.0,0.0,0.0,見送り(地合い🔴),,0.0,1.1,4.0,0.9,604,656.0,-1.6,0.5,129,-
336A,ダイナミックマッププラットフォーム,情報・通信業,3.7,★☆☆☆☆,0.0,0.0,0.0,0.0,3.7,0.0,0.0,0.0,見送り(地合い🔴),,0.0,0.1,4.9,0.9,735,815.0,-1.5,0.5,174,-
9412,スカパーＪＳＡＴ,情報・通信業,3.7,★☆☆☆☆,0.0,0.0,1.0,0.0,2.7,0.0,0.0,0.0,見送り(地合い🔴),,0.0,-2.4,5.3,-2.7,1960,2192.0,-7.3,0.8,5916,-
4886,あすか製薬ホールディングス,医薬品,3.7,★☆☆☆☆,0.0,0.0,0.0,0.0,3.7,0.0,0.0,0.0,見送り(地合い🔴),,0.0,-4.8,3.3,0.0,2013,2154.0,1.7,0.6,245,-
9424,日本通信,情報・通信業,3.7,★☆☆☆☆,0.0,0.0,0.0,0.0,3.7,0.0,0.0,0.0,見送り(地合い🔴),,0.0,1.3,4.0,-0.3,104,113.0,-0.9,1.1,243,-
8129,東邦ホールディングス,卸売業,3.7,★☆☆☆☆,0.0,0.0,1.0,0.0,2.7,0.0,0.0,0.0,見送り(地合い🔴),,0.0,-4.9,2.9,-0.1,3726,3957.0,2.4,0.6,747,-
4553,東和薬品,医薬品,3.7,★☆☆☆☆,0.0,0.0,0.0,0.0,3.7,0.0,0.0,0.0,見送り(地合い🔴),,0.0,-7.3,3.4,-2.1,3611,3875.0,4.3,0.6,469,-
7649,スギホールディングス,小売業,3.7,★☆☆☆☆,0.0,0.0,1.0,0.0,2.7,0.0,0.0,0.0,見送り(地合い🔴),,0.0,-7.0,2.6,-3.0,2599,2740.0,0.2,1.2,3071,-
9401,ＴＢＳホールディングス,情報・通信業,3.7,★☆☆☆☆,0.0,0.0,0.0,0.0,3.7,0.0,0.0,0.0,見送り(地合い🔴),,0.0,-4.8,2.3,-1.7,5620,5895.0,-0.4,1.1,2043,-
8141,新光商事,卸売業,3.7,★☆☆☆☆,0.0,0.0,0.0,0.0,3.7,0.0,0.0,0.0,見送り(地合い🔴),,0.0,-2.9,0.4,-0.3,1557,1569.0,0.2,0.3,131,-
8844,コスモスイニシア,不動産業,3.7,★☆☆☆☆,0.0,0.0,0.0,0.0,3.7,0.0,0.0,0.0,見送り(地合い🔴),,0.0,-5.5,2.7,-0.9,1213,1282.0,1.7,0.7,108,-
6232,ＡＣＳＬ,機械,3.7,★☆☆☆☆,0.0,0.0,2.0,0.0,1.2,0.0,0.5,0.0,見送り(地合い🔴),,0.0,-10.2,5.5,-6.1,1418,1594.0,-9.7,1.3,756,開示[業績予想の修正](11日前)
4549,栄研化学,医薬品,3.7,★☆☆☆☆,0.0,0.0,1.0,0.0,2.7,0.0,0.0,0.0,見送り(地合い🔴),,0.0,-10.5,2.6,-0.3,2222,2346.0,0.2,0.9,631,-
2413,エムスリー,サービス業,3.7,★☆☆☆☆,0.0,0.0,1.0,0.0,2.7,0.0,0.0,0.0,見送り(地合い🔴),,0.0,-6.9,5.9,-2.9,1515,1719.5,-0.7,0.5,10343,-
4259,エクサウィザーズ,情報・通信業,3.7,★☆☆☆☆,0.0,0.0,0.0,0.0,2.7,0.0,1.0,0.0,見送り(地合い🔴),,0.0,-3.9,6.2,-1.3,682,779.0,5.3,0.6,1363,開示[AI](5日前)
5137,スマートドライブ,情報・通信業,3.6999999999999993,★☆☆☆☆,0.0,0.0,2.0,0.0,6.7,0.0,0.0,-5.0,見送り(地合い🔴),,0.0,38.7,6.0,21.0,255,290.0,1.8,1.1,106,MA上昇配列 / 過熱⚠25MA+21%
219A,Ｈｅａｒｔｓｅｅｄ,医薬品,3.5,★☆☆☆☆,0.0,0.0,3.0,0.0,5.5,0.0,0.0,-5.0,見送り(地合い🔴),,0.0,33.0,5.2,22.5,2011,2244.0,15.4,1.2,597,MA上昇配列 / RSI過熱(86)⚠ / 過熱⚠25MA+23%
2371,カカクコム,サービス業,3.5,★☆☆☆☆,0.0,0.0,0.0,0.0,3.5,0.0,0.0,0.0,見送り(地合い🔴),,0.0,-1.9,0.7,-0.8,3606,3655.0,-1.2,0.7,1276,52週高値目前
3407,旭化成,化学,3.5,★☆☆☆☆,0.0,0.0,0.0,0.0,2.2,0.0,1.3,0.0,見送り(地合い🔴),,0.0,-12.9,2.6,-5.7,1548,1633.5,-4.3,0.6,10695,開示[自己株式の取得](8日前)
4204,積水化学工業,化学,3.5,★☆☆☆☆,0.0,0.0,0.0,0.0,3.5,0.0,0.0,0.0,見送り(地合い🔴),,0.0,-2.0,1.6,-0.9,2557,2641.0,-0.4,0.6,4326,-
4425,Ｋｕｄａｎ,情報・通信業,3.3,★☆☆☆☆,0.0,0.0,3.3,0.0,0.0,0.0,0.0,0.0,見送り(地合い🔴),,0.0,-24.2,6.4,-17.8,1189,1362.0,-19.7,2.3,298,出来高増2.3倍
7988,ニフコ,化学,3.2,★☆☆☆☆,0.0,0.0,0.0,0.0,3.2,0.0,0.0,0.0,見送り(地合い🔴),,0.0,-3.3,2.1,-1.2,4831,5040.0,-0.3,0.4,1502,-
2270,雪印メグミルク,食料品,3.2,★☆☆☆☆,0.0,0.0,0.0,0.0,3.2,0.0,0.0,0.0,見送り(地合い🔴),,0.0,-4.3,2.6,-0.6,3496,3685.0,0.1,0.5,763,-
8387,四国銀行,銀行業,3.2,★☆☆☆☆,0.0,0.0,1.0,0.0,2.2,0.0,0.0,0.0,見送り(地合い🔴),,0.0,-5.9,4.2,-2.6,3034,3310.0,-6.2,0.7,537,-
8439,東京センチュリー,その他金融業,3.2,★☆☆☆☆,0.0,0.0,0.0,0.0,3.2,0.0,0.0,0.0,見送り(地合い🔴),,0.0,-6.1,2.1,-1.3,2438,2545.5,1.0,0.9,1875,-
4732,ユー・エス・エス,サービス業,3.2,★☆☆☆☆,0.0,0.0,0.0,0.0,3.2,0.0,0.0,0.0,見送り(地合い🔴),,0.0,-0.5,1.6,-0.9,1911,1973.0,-1.2,0.6,2062,-
2652,まんだらけ,小売業,3.2,★☆☆☆☆,0.0,0.0,2.0,0.0,1.2,0.0,0.0,0.0,見送り(地合い🔴),,0.0,1.1,4.1,-0.2,406,442.0,-0.5,1.4,112,-
5698,エンビプロ・ホールディングス,鉄鋼,3.2,★☆☆☆☆,0.0,0.0,1.0,0.0,2.2,0.0,0.0,0.0,見送り(地合い🔴),,0.0,3.1,5.1,0.9,731,814.0,2.4,0.6,240,-
3865,北越コーポレーション,パルプ・紙,3.2,★☆☆☆☆,0.0,0.0,2.0,0.0,1.2,0.0,0.0,0.0,見送り(地合い🔴),,0.0,-3.0,3.1,-0.9,853,910.0,4.2,1.2,227,-
3563,ＦＯＯＤ　＆　ＬＩＦＥ　ＣＯＭＰＡＮＩＥＳ,小売業,3.2,★☆☆☆☆,0.0,0.0,0.0,0.0,3.2,0.0,0.0,0.0,見送り(地合い🔴),,0.0,1.3,4.6,-1.4,5066,5576.0,-4.5,0.5,13234,-
4381,ビープラッツ,情報・通信業,3.2,★☆☆☆☆,0.0,0.0,2.0,0.0,1.2,0.0,0.0,0.0,見送り(地合い🔴),,0.0,-10.4,16.0,-12.8,227,333.0,-17.8,0.3,252,資金流入増
7932,ニッピ,その他製品,3.2,★☆☆☆☆,0.0,0.0,1.0,0.0,2.2,0.0,0.0,0.0,見送り(地合い🔴),,0.0,-3.5,2.0,-0.9,11363,11840.0,1.7,0.5,122,-
6178,日本郵政,サービス業,3.2,★☆☆☆☆,0.0,0.0,0.0,0.0,3.2,0.0,0.0,0.0,見送り(地合い🔴),,0.0,-7.2,2.4,-2.1,2232,2342.5,-2.2,0.6,11431,-
9433,ＫＤＤＩ,情報・通信業,3.2,★☆☆☆☆,0.0,0.0,0.0,0.0,3.2,0.0,0.0,0.0,見送り(地合い🔴),,0.0,-3.0,2.6,-0.8,2727,2877.0,1.5,0.8,28464,-
6269,三井海洋開発,機械,3.2,★☆☆☆☆,0.0,0.0,2.0,0.0,1.2,0.0,0.0,0.0,見送り(地合い🔴),,0.0,-7.6,5.6,-2.8,8749,9850.0,-6.5,1.0,7150,-
7004,カナデビア,機械,3.2,★☆☆☆☆,0.0,0.0,2.0,0.0,1.2,0.0,0.0,0.0,見送り(地合い🔴),,0.0,-2.2,3.4,-1.3,1112,1193.0,-4.2,0.7,1138,-
3405,クラレ,化学,3.2,★☆☆☆☆,0.0,0.0,1.0,0.0,2.2,0.0,0.0,0.0,見送り(地合い🔴),,0.0,-1.0,3.1,-1.3,1713,1826.5,-1.3,0.5,4335,-
6946,日本アビオニクス,電気機器,3.2,★☆☆☆☆,0.0,0.0,1.0,0.0,2.2,0.0,0.0,0.0,見送り(地合い🔴),,0.0,1.2,6.1,1.3,4831,5500.0,-8.0,0.6,1203,-
2593,伊藤園,食料品,3.2,★☆☆☆☆,0.0,0.0,2.0,0.0,1.2,0.0,0.0,0.0,見送り(地合い🔴),,0.0,-2.2,2.1,-0.8,2848,2974.5,1.3,0.6,1085,-
8086,ニプロ,精密機器,3.2,★☆☆☆☆,0.0,0.0,0.0,0.0,3.2,0.0,0.0,0.0,見送り(地合い🔴),,0.0,-0.1,2.4,-0.9,1515,1590.5,0.5,0.8,1168,-
2871,ニチレイ,食料品,3.2,★☆☆☆☆,0.0,0.0,0.0,0.0,3.2,0.0,0.0,0.0,見送り(地合い🔴),,0.0,-0.5,3.0,-0.7,2038,2169.5,0.5,0.5,3411,-
7453,良品計画,小売業,3.2,★☆☆☆☆,0.0,0.0,0.0,0.0,3.2,0.0,0.0,0.0,見送り(地合い🔴),,0.0,-0.5,3.0,-1.6,3986,4241.0,-2.4,0.6,13032,-
4258,網屋,情報・通信業,3.1,★☆☆☆☆,0.0,0.0,0.0,0.0,2.2,0.0,0.9,0.0,見送り(地合い🔴),,0.0,1.6,7.1,-2.0,3756,4380.0,-8.7,0.7,234,開示[自己株式の取得](12日前) / 開示[自己株式の取得](13日前)
4071,プラスアルファ・コンサルティング,情報・通信業,3.1,★☆☆☆☆,0.0,0.0,0.0,0.0,2.7,0.0,0.4,0.0,見送り(地合い🔴),,0.0,0.8,3.9,-0.0,2093,2270.0,2.9,0.5,687,開示[自己株式取得](13日前) / 開示[子会社化](13日前)
6932,遠藤照明,電気機器,3.0,★☆☆☆☆,0.0,0.0,2.0,0.0,1.0,0.0,0.0,0.0,見送り(地合い🔴),,0.0,-2.0,3.0,-1.7,2406,2560.0,-3.0,0.4,117,-
7888,三光合成,化学,3.0,★☆☆☆☆,0.0,0.0,2.0,0.0,1.0,0.0,0.0,0.0,見送り(地合い🔴),,0.0,-2.0,2.4,-2.5,865,909.0,-2.9,0.6,141,-
3774,インターネットイニシアティブ,情報・通信業,3.0,★☆☆☆☆,0.0,0.0,1.0,0.0,2.0,0.0,0.0,0.0,見送り(地合い🔴),,0.0,-2.7,2.8,-3.4,3182,3369.0,-2.1,1.4,1865,-
9449,ＧＭＯインターネットグループ,情報・通信業,3.0,★☆☆☆☆,0.0,0.0,1.0,0.0,2.0,0.0,0.0,0.0,見送り(地合い🔴),,0.0,1.7,3.4,-1.5,3763,4040.0,2.8,0.5,2219,-
3479,ＴＫＰ,不動産業,3.0,★☆☆☆☆,0.0,0.0,0.0,0.0,3.0,0.0,0.0,0.0,見送り(地合い🔴),,0.0,1.8,2.9,0.6,1764,1871.0,-0.3,0.7,204,MA上昇配列
4419,Ｆｉｎａｔｅｘｔホールディングス,情報・通信業,3.0,★☆☆☆☆,0.0,0.0,3.0,0.0,0.0,0.0,0.0,0.0,見送り(地合い🔴),,0.0,-9.5,7.9,-8.2,1162,1381.0,8.3,0.6,1068,-
7181,かんぽ生命保険,保険業,3.0,★☆☆☆☆,0.0,0.0,1.0,0.0,2.0,0.0,0.0,0.0,見送り(地合い🔴),,0.0,-8.9,3.2,-4.1,1531,1636.5,-2.7,0.6,4448,-
6191,エアトリ,サービス業,2.8,★☆☆☆☆,0.0,0.0,0.0,0.0,0.0,0.0,2.8,0.0,見送り(地合い🔴),,0.0,-2.4,3.4,-4.8,779,837.0,-0.9,0.9,125,開示[自己株式の取得](7日前) / 開示[自己株式の取得](8日前)
4887,サワイグループホールディングス,医薬品,2.7,★☆☆☆☆,0.0,0.0,0.0,0.0,2.7,0.0,0.0,0.0,見送り(地合い🔴),,0.0,-3.4,2.5,-1.1,1544,1626.0,1.6,0.6,952,-
1963,日揮ホールディングス,建設業,2.7,★☆☆☆☆,0.0,0.0,0.0,0.0,2.7,0.0,0.0,0.0,見送り(地合い🔴),,0.0,-1.9,3.2,-0.2,2134,2280.0,-3.2,1.1,3535,-
4554,富士製薬工業,医薬品,2.7,★☆☆☆☆,0.0,0.0,0.0,0.0,2.7,0.0,0.0,0.0,見送り(地合い🔴),,0.0,-3.6,2.7,-1.1,1738,1838.0,0.1,0.5,204,-
1950,日本電設工業,建設業,2.7,★☆☆☆☆,0.0,0.0,0.0,0.0,2.7,0.0,0.0,0.0,見送り(地合い🔴),,0.0,-5.7,2.5,-1.0,3701,3900.0,-1.1,1.0,521,-
8802,三菱地所,不動産業,2.7,★☆☆☆☆,0.0,0.0,0.0,0.0,2.7,0.0,0.0,0.0,見送り(地合い🔴),,0.0,-8.3,2.3,-3.7,3546,3716.0,1.1,0.7,15980,-
2130,メンバーズ,サービス業,2.7,★☆☆☆☆,0.0,0.0,0.0,0.0,2.7,0.0,0.0,0.0,見送り(地合い🔴),,0.0,-13.7,2.2,-3.0,912,954.0,0.3,0.5,112,-
9024,西武ホールディングス,陸運業,2.7,★☆☆☆☆,0.0,0.0,0.0,0.0,2.7,0.0,0.0,0.0,見送り(地合い🔴),,0.0,-5.1,3.4,-0.6,3194,3430.0,4.6,0.6,5871,-
3457,Ａｎｄ　Ｄｏホールディングス,不動産業,2.7,★☆☆☆☆,0.0,0.0,0.0,0.0,2.7,0.0,0.0,0.0,見送り(地合い🔴),,0.0,-1.1,1.3,-0.1,907,931.0,1.0,0.7,112,-
6619,ダブル・スコープ,電気機器,2.7,★☆☆☆☆,0.0,0.0,0.0,0.0,2.7,0.0,0.0,0.0,見送り(地合い🔴),,0.0,-4.6,4.6,-1.3,138,152.0,-6.2,0.8,349,-
6492,岡野バルブ製造,機械,2.7,★☆☆☆☆,0.0,0.0,0.0,0.0,2.7,0.0,0.0,0.0,見送り(地合い🔴),,0.0,-4.1,7.5,-3.9,11600,13660.0,-10.8,0.6,356,-
1959,クラフティア,建設業,2.7,★☆☆☆☆,0.0,0.0,0.0,0.0,2.7,0.0,0.0,0.0,見送り(地合い🔴),,0.0,-8.7,2.4,-2.4,7823,8220.0,-2.9,1.2,2348,-
9267,Ｇｅｎｋｙ　ＤｒｕｇＳｔｏｒｅｓ,小売業,2.7,★☆☆☆☆,0.0,0.0,0.0,0.0,2.7,0.0,0.0,0.0,見送り(地合い🔴),,0.0,-4.1,2.7,-0.6,3480,3680.0,4.2,0.6,376,-
9989,サンドラッグ,小売業,2.7,★☆☆☆☆,0.0,0.0,0.0,0.0,2.7,0.0,0.0,0.0,見送り(地合い🔴),,0.0,-2.4,1.7,-0.5,3616,3740.0,1.1,0.6,2028,-
8267,イオン,小売業,2.7,★☆☆☆☆,0.0,0.0,0.0,0.0,2.7,0.0,0.0,0.0,見送り(地合い🔴),,0.0,0.7,2.4,-0.4,1303,1368.0,0.4,1.1,14409,-
3482,ロードスターキャピタル,不動産業,2.7,★☆☆☆☆,0.0,0.0,0.0,0.0,2.7,0.0,0.0,0.0,見送り(地合い🔴),,0.0,-5.7,2.3,-1.4,2511,2630.0,-0.5,0.5,352,-
3776,ブロードバンドタワー,情報・通信業,2.7,★☆☆☆☆,0.0,0.0,0.0,0.0,2.7,0.0,0.0,0.0,見送り(地合い🔴),,0.0,1.5,4.5,-0.4,221,243.0,-4.3,0.2,111,-
3046,ジンズホールディングス,小売業,2.7,★☆☆☆☆,0.0,0.0,0.0,0.0,2.7,0.0,0.0,0.0,見送り(地合い🔴),,0.0,-8.8,3.3,-2.1,5973,6400.0,-0.6,0.5,2024,-
1803,清水建設,建設業,2.7,★☆☆☆☆,0.0,0.0,0.0,0.0,2.7,0.0,0.0,0.0,見送り(地合い🔴),,0.0,-4.7,2.6,-1.1,2251,2376.5,-1.9,0.5,9391,-
3099,三越伊勢丹ホールディングス,小売業,2.6,★☆☆☆☆,0.0,0.0,0.0,0.0,2.2,0.0,0.4,0.0,見送り(地合い🔴),,0.0,-5.9,3.6,-4.1,3224,3471.0,-1.7,0.4,10687,開示[自己株式取得](12日前)
2201,森永製菓,食料品,2.5,★☆☆☆☆,0.0,0.0,0.0,0.0,2.5,0.0,0.0,0.0,見送り(地合い🔴),,0.0,-4.1,1.9,-1.4,2482,2578.5,1.9,0.6,866,-
1893,五洋建設,建設業,2.5,★☆☆☆☆,0.0,0.0,1.0,0.0,1.5,0.0,0.0,0.0,見送り(地合い🔴),,0.0,-9.6,3.4,-3.4,1342,1440.0,-1.7,0.8,3402,-
5938,ＬＩＸＩＬ,金属製品,2.5,★☆☆☆☆,0.0,0.0,0.0,0.0,2.5,0.0,0.0,0.0,見送り(地合い🔴),,0.0,-4.4,1.5,-2.2,1706,1759.5,0.8,0.4,4444,-
4424,Ａｍａｚｉａ,情報・通信業,2.5,★☆☆☆☆,0.0,0.0,0.0,0.0,0.0,0.0,2.5,0.0,見送り(地合い🔴),,0.0,-14.1,10.7,-6.1,260,331.0,3.1,0.1,327,開示[業績予想の修正](0日前)
5929,三和ホールディングス,金属製品,2.5,★☆☆☆☆,0.0,0.0,0.0,0.0,2.5,0.0,0.0,0.0,見送り(地合い🔴),,0.0,-5.4,2.3,-1.5,3468,3634.0,2.3,0.6,2656,-
7532,パン・パシフィック・インターナショナルホールディングス,小売業,2.5,★☆☆☆☆,0.0,0.0,1.0,0.0,0.0,0.0,1.5,0.0,見送り(地合い🔴),,0.0,-7.4,3.3,-8.9,757,810.7000122070312,-10.8,1.3,11160,開示[増配](7日前)
7318,セレンディップ・ホールディングス,輸送用機器,2.5,★☆☆☆☆,0.0,0.0,1.0,0.0,0.0,0.0,1.5,0.0,見送り(地合い🔴),,0.0,-29.4,9.7,-17.9,1168,1450.0,-6.1,0.7,293,開示[自己株式取得](7日前)
9531,東京瓦斯,電気・ガス業,2.5,★☆☆☆☆,0.0,0.0,0.0,0.0,2.5,0.0,0.0,0.0,見送り(地合い🔴),,0.0,-3.3,1.8,0.2,5885,6110.0,1.7,0.7,6428,-
2264,森永乳業,食料品,2.2,★☆☆☆☆,0.0,0.0,0.0,0.0,2.2,0.0,0.0,0.0,見送り(地合い🔴),,0.0,-7.9,3.3,-2.8,1100,1177.0,-1.3,0.7,2138,-
5408,中山製鋼所,鉄鋼,2.2,★☆☆☆☆,0.0,0.0,1.0,0.0,1.2,0.0,0.0,0.0,見送り(地合い🔴),,0.0,-1.6,2.4,-0.3,611,641.0,0.6,0.8,188,-
6419,マースグループホールディングス,機械,2.2,★☆☆☆☆,0.0,0.0,0.0,0.0,2.2,0.0,0.0,0.0,見送り(地合い🔴),,0.0,-0.5,1.4,-0.2,3053,3140.0,-1.6,0.9,228,-
1951,エクシオグループ,建設業,2.2,★☆☆☆☆,0.0,0.0,0.0,0.0,2.2,0.0,0.0,0.0,見送り(地合い🔴),,0.0,-3.1,2.5,-0.6,2465,2594.0,-2.5,0.7,1785,-
3936,グローバルウェイ,情報・通信業,2.2,★☆☆☆☆,0.0,0.0,1.0,0.0,1.2,0.0,0.0,0.0,見送り(地合い🔴),,0.0,1.2,7.0,-0.9,135,157.0,-15.1,0.6,126,-
6564,ミダックホールディングス,サービス業,2.2,★☆☆☆☆,0.0,0.0,1.0,0.0,1.2,0.0,0.0,0.0,見送り(地合い🔴),,0.0,-7.1,4.8,-5.5,1860,2056.0,-7.6,0.6,137,-
5981,東京製綱,金属製品,2.2,★☆☆☆☆,0.0,0.0,0.0,0.0,2.2,0.0,0.0,0.0,見送り(地合い🔴),,0.0,-2.2,4.0,-1.6,1786,1941.0,-2.6,0.5,204,-
3687,フィックスターズ,情報・通信業,2.2,★☆☆☆☆,0.0,0.0,1.0,0.0,1.2,0.0,0.0,0.0,見送り(地合い🔴),,0.0,-0.3,4.8,-0.2,1957,2167.0,-6.7,0.7,1345,-
4536,参天製薬,医薬品,2.2,★☆☆☆☆,0.0,0.0,0.0,0.0,2.2,0.0,0.0,0.0,見送り(地合い🔴),,0.0,-6.4,3.2,-3.1,1755,1874.5,-1.3,0.8,2187,-
4540,ツムラ,医薬品,2.2,★☆☆☆☆,0.0,0.0,1.0,0.0,1.2,0.0,0.0,0.0,見送り(地合い🔴),,0.0,-2.2,1.3,-1.0,3671,3771.0,1.4,0.7,1745,-
8795,Ｔ＆Ｄホールディングス,保険業,2.2,★☆☆☆☆,0.0,0.0,0.0,0.0,2.0,0.0,0.2,0.0,見送り(地合い🔴),,0.0,-8.9,2.6,-4.6,4477,4724.0,-4.3,0.8,7433,開示[自己株式の取得](13日前)
2587,サントリービバレッジ＆フード,食料品,2.2,★☆☆☆☆,0.0,0.0,0.0,0.0,2.2,0.0,0.0,0.0,見送り(地合い🔴),,0.0,-2.8,2.2,-1.4,4364,4564.0,0.4,0.5,5792,-
2579,コカ・コーラ　ボトラーズジャパンホールディングス,食料品,2.2,★☆☆☆☆,0.0,0.0,0.0,0.0,2.2,0.0,0.0,0.0,見送り(地合い🔴),,0.0,-10.6,3.1,-4.5,3624,3866.0,-0.1,0.4,4377,-
6356,日本ギア工業,機械,2.2,★☆☆☆☆,0.0,0.0,1.0,0.0,1.2,0.0,0.0,0.0,見送り(地合い🔴),,0.0,-6.3,3.5,-3.7,1204,1296.0,-8.0,0.7,154,-
3150,グリムス,電気・ガス業,2.2,★☆☆☆☆,0.0,0.0,0.0,0.0,2.2,0.0,0.0,0.0,見送り(地合い🔴),,0.0,-3.7,2.1,-1.0,2416,2520.0,0.4,0.8,124,-
9021,西日本旅客鉄道,陸運業,2.2,★☆☆☆☆,0.0,0.0,0.0,0.0,2.2,0.0,0.0,0.0,見送り(地合い🔴),,0.0,-2.2,2.0,-0.2,2832,2953.0,2.3,0.5,7392,-
4091,日本酸素ホールディングス,化学,2.2,★☆☆☆☆,0.0,0.0,0.0,0.0,2.2,0.0,0.0,0.0,見送り(地合い🔴),,0.0,-4.6,2.8,-3.5,5387,5709.0,-6.1,0.8,2882,-
5947,リンナイ,金属製品,2.2,★☆☆☆☆,0.0,0.0,0.0,0.0,2.2,0.0,0.0,0.0,見送り(地合い🔴),,0.0,-1.4,2.0,-1.3,3418,3559.0,-1.4,0.5,1435,-
8058,三菱商事,卸売業,2.2,★☆☆☆☆,0.0,0.0,0.0,0.0,2.2,0.0,0.0,0.0,見送り(地合い🔴),,0.0,-4.0,2.4,0.4,4560,4793.0,1.8,0.6,36284,-
1723,日本電技,建設業,2.2,★☆☆☆☆,0.0,0.0,1.0,0.0,1.2,0.0,0.0,0.0,見送り(地合い🔴),,0.0,-17.2,5.0,-2.8,1902,2115.0,-3.5,1.1,579,-
6586,マキタ,機械,2.2,★☆☆☆☆,0.0,0.0,0.0,0.0,2.2,0.0,0.0,0.0,見送り(地合い🔴),,0.0,-7.1,2.1,-2.7,5078,5303.0,-0.5,0.6,5794,-
6588,東芝テック,電気機器,2.2,★☆☆☆☆,0.0,0.0,1.0,0.0,1.2,0.0,0.0,0.0,見送り(地合い🔴),,0.0,-0.3,4.0,-0.7,2862,3110.0,-0.2,0.6,559,-
3591,ワコールホールディングス,繊維製品,2.2,★☆☆☆☆,0.0,0.0,1.0,0.0,1.2,0.0,0.0,0.0,見送り(地合い🔴),,0.0,-3.7,2.5,-1.8,4078,4295.0,1.8,0.7,484,-
5423,東京製鐵,鉄鋼,2.2,★☆☆☆☆,0.0,0.0,0.0,0.0,2.2,0.0,0.0,0.0,見送り(地合い🔴),,0.0,-0.5,2.1,-1.6,1630,1702.0,-0.9,0.6,583,-
5463,丸一鋼管,鉄鋼,2.2,★☆☆☆☆,0.0,0.0,0.0,0.0,2.2,0.0,0.0,0.0,見送り(地合い🔴),,0.0,-3.6,2.9,-1.5,1652,1754.0,-1.3,0.7,1308,-
7238,曙ブレーキ工業,輸送用機器,2.2,★☆☆☆☆,0.0,0.0,1.0,0.0,1.2,0.0,0.0,0.0,見送り(地合い🔴),,0.0,-0.5,3.1,-0.1,102,109.0,-1.8,1.0,251,-
3983,オロ,情報・通信業,2.2,★☆☆☆☆,0.0,0.0,1.0,0.0,1.2,0.0,0.0,0.0,見送り(地合い🔴),,0.0,-1.0,2.3,-1.4,2064,2165.0,2.9,0.8,109,-
3863,日本製紙,パルプ・紙,2.2,★☆☆☆☆,0.0,0.0,0.0,0.0,2.2,0.0,0.0,0.0,見送り(地合い🔴),,0.0,-11.1,4.2,-3.9,1248,1363.0,1.9,0.6,1411,-
7173,東京きらぼしフィナンシャルグループ,銀行業,2.2,★☆☆☆☆,0.0,0.0,0.0,0.0,2.2,0.0,0.0,0.0,見送り(地合い🔴),,0.0,-8.0,3.3,-4.2,1547,1656.0,-7.9,1.0,2099,-
1786,オリエンタル白石,建設業,2.0,★☆☆☆☆,0.0,0.0,1.0,0.0,1.0,0.0,0.0,0.0,見送り(地合い🔴),,0.0,-3.6,3.1,-1.1,336,358.0,0.3,0.7,262,-
3179,シュッピン,小売業,2.0,★☆☆☆☆,0.0,0.0,1.0,0.0,1.0,0.0,0.0,0.0,見送り(地合い🔴),,0.0,-1.1,3.8,-2.5,1148,1244.0,0.9,0.6,170,-
2501,サッポロビール,食料品,2.0,★☆☆☆☆,0.0,0.0,1.0,0.0,1.0,0.0,0.0,0.0,見送り(地合い🔴),,0.0,-5.4,3.8,-3.7,1771,1917.0,-1.8,0.6,3183,-
2810,ハウス食品グループ本社,食料品,2.0,★☆☆☆☆,0.0,0.0,0.0,0.0,2.0,0.0,0.0,0.0,見送り(地合い🔴),,0.0,-5.6,2.0,-1.8,3607,3757.0,-0.3,0.7,1003,-
9065,山九,陸運業,2.0,★☆☆☆☆,0.0,0.0,1.0,0.0,1.0,0.0,0.0,0.0,見送り(地合い🔴),,0.0,-10.8,2.3,-5.3,7976,8363.0,-1.6,0.5,2282,-
7271,安永,輸送用機器,2.0,★☆☆☆☆,0.0,0.0,2.0,0.0,0.0,0.0,0.0,0.0,見送り(地合い🔴),,0.0,-16.3,4.3,-8.4,750,820.0,0.4,0.8,101,資金流入増
3798,ＵＬＳグループ,情報・通信業,2.0,★☆☆☆☆,0.0,0.0,2.0,0.0,0.0,0.0,0.0,0.0,見送り(地合い🔴),,0.0,-3.6,3.4,-2.8,498,534.0,1.1,0.7,136,-
8630,ＳＯＭＰＯホールディングス,保険業,2.0,★☆☆☆☆,0.0,0.0,0.0,0.0,2.0,0.0,0.0,0.0,見送り(地合い🔴),,0.0,-6.3,2.2,-3.4,6407,6708.0,-0.1,0.7,17275,-
3191,ジョイフル本田,小売業,2.0,★☆☆☆☆,0.0,0.0,0.0,0.0,2.0,0.0,0.0,0.0,見送り(地合い🔴),,0.0,-2.2,2.6,-0.9,2180,2298.0,1.8,0.4,598,-
3360,シップヘルスケアホールディングス,卸売業,2.0,★☆☆☆☆,0.0,0.0,1.0,0.0,1.0,0.0,0.0,0.0,見送り(地合い🔴),,0.0,-2.1,2.6,-1.6,2254,2378.0,1.8,0.6,713,-
8750,第一ライフグループ,保険業,2.0,★☆☆☆☆,0.0,0.0,0.0,0.0,2.0,0.0,0.0,0.0,見送り(地合い🔴),,0.0,-9.1,2.4,-5.1,1691,1777.0,-3.8,0.7,17504,-
4751,サイバーエージェント,サービス業,2.0,★☆☆☆☆,0.0,0.0,2.0,0.0,0.0,0.0,0.0,0.0,見送り(地合い🔴),,0.0,-6.5,3.8,-4.4,1231,1333.0,5.5,0.7,10278,-
8136,サンリオ,卸売業,2.0,★☆☆☆☆,0.0,0.0,2.0,0.0,0.0,0.0,0.0,0.0,見送り(地合い🔴),,0.0,2.9,6.5,-3.0,1051,1209.5,-0.2,0.5,37610,-
1414,ショーボンドホールディングス,建設業,2.0,★☆☆☆☆,0.0,0.0,1.0,0.0,1.0,0.0,0.0,0.0,見送り(地合い🔴),,0.0,-2.1,1.6,-1.3,1232,1272.0,0.4,0.7,1406,-
6804,ホシデン,電気機器,2.0,★☆☆☆☆,0.0,0.0,1.0,0.0,1.0,0.0,0.0,0.0,見送り(地合い🔴),,0.0,-3.0,3.2,-4.3,2545,2720.0,-6.1,0.5,762,-
6648,かわでん,電気機器,2.0,★☆☆☆☆,0.0,0.0,2.0,0.0,0.0,0.0,0.0,0.0,見送り(地合い🔴),,0.0,-3.1,5.2,-2.3,1531,1709.0,-3.0,0.5,162,-
8593,三菱ＨＣキャピタル,その他金融業,2.0,★☆☆☆☆,0.0,0.0,0.0,0.0,2.0,0.0,0.0,0.0,見送り(地合い🔴),,0.0,-4.6,1.8,-2.2,1342,1393.0,0.5,0.6,6811,-
2674,ハードオフコーポレーション,小売業,2.0,★☆☆☆☆,0.0,0.0,1.0,0.0,1.0,0.0,0.0,0.0,見送り(地合い🔴),,0.0,-6.0,3.9,-5.1,2477,2689.0,-0.7,0.8,259,-
9202,ＡＮＡホールディングス,空運業,2.0,★☆☆☆☆,0.0,0.0,0.0,0.0,2.0,0.0,0.0,0.0,見送り(地合い🔴),,0.0,1.6,1.6,-1.4,2943,3040.0,-1.6,0.7,7801,-
8424,芙蓉総合リース,その他金融業,2.0,★☆☆☆☆,0.0,0.0,0.0,0.0,2.0,0.0,0.0,0.0,見送り(地合い🔴),,0.0,-2.3,1.5,-1.0,4263,4394.0,0.8,0.9,865,-
3905,データセクション,情報・通信業,1.9,★☆☆☆☆,0.0,0.0,0.0,0.0,1.5,0.0,0.4,0.0,見送り(地合い🔴),,0.0,-30.0,12.0,-18.2,1262,1662.0,-8.0,1.0,10088,開示[受注](11日前)
4889,レナサイエンス,医薬品,1.5,★☆☆☆☆,0.0,0.0,0.0,0.0,1.5,0.0,0.0,0.0,見送り(地合い🔴),,0.0,-12.7,8.5,-5.8,1103,1330.0,0.8,0.9,637,-
9256,サクシード,サービス業,1.5,★☆☆☆☆,0.0,0.0,0.0,0.0,1.5,0.0,0.0,0.0,見送り(地合い🔴),,0.0,-47.3,7.7,-33.5,971,1147.0,-8.2,0.1,422,-
9302,三井倉庫ホールディングス,倉庫・運輸関連業,1.5,★☆☆☆☆,0.0,0.0,0.0,0.0,1.5,0.0,0.0,0.0,見送り(地合い🔴),,0.0,-9.8,2.7,-3.2,3156,3339.0,-0.1,0.6,898,-
6544,ジャパンエレベーターサービスホールディングス,サービス業,1.5,★☆☆☆☆,0.0,0.0,0.0,0.0,1.5,0.0,0.0,0.0,見送り(地合い🔴),,0.0,-7.7,3.5,-2.8,1452,1561.5,2.2,0.6,1327,-
6367,ダイキン工業,機械,1.3,★☆☆☆☆,0.0,0.0,0.0,0.0,0.0,0.0,1.3,0.0,見送り(地合い🔴),,0.0,-14.1,2.8,-7.8,19699,20855.0,-2.8,0.4,35314,開示[自己株式取得](8日前)
6902,デンソー,輸送用機器,1.2,★☆☆☆☆,0.0,0.0,0.0,0.0,1.2,0.0,0.0,0.0,見送り(地合い🔴),,0.0,-3.3,1.9,-1.7,1865,1940.5,1.1,0.5,18226,-
9247,ＴＲＥホールディングス,サービス業,1.2,★☆☆☆☆,0.0,0.0,0.0,0.0,1.0,0.0,0.2,0.0,見送り(地合い🔴),,0.0,-8.5,3.3,-3.0,1836,1966.0,-2.3,0.6,523,開示[業績予想の修正](13日前)
5834,ＳＢＩリーシングサービス,証券、商品先物取引業,1.2,★☆☆☆☆,0.0,0.0,0.0,0.0,1.2,0.0,0.0,0.0,見送り(地合い🔴),,0.0,-2.3,2.4,-1.0,2610,2743.0,-2.3,1.1,234,-
7201,日産自動車,輸送用機器,1.2,★☆☆☆☆,0.0,0.0,0.0,0.0,1.2,0.0,0.0,0.0,見送り(地合い🔴),,0.0,2.2,3.2,-0.1,313,334.0,1.2,0.7,11967,-
7600,日本エム・ディ・エム,精密機器,1.2,★☆☆☆☆,0.0,0.0,0.0,0.0,1.2,0.0,0.0,0.0,見送り(地合い🔴),,0.0,-9.4,4.8,-6.7,749,828.0,-5.4,0.3,238,-
1801,大成建設,建設業,1.2,★☆☆☆☆,0.0,0.0,0.0,0.0,1.2,0.0,0.0,0.0,見送り(地合い🔴),,0.0,-8.4,3.3,-2.7,11879,12720.0,-1.6,1.1,8541,-
3092,ＺＯＺＯ,小売業,1.2,★☆☆☆☆,0.0,0.0,0.0,0.0,1.2,0.0,0.0,0.0,見送り(地合い🔴),,0.0,-0.2,2.2,-0.7,1088,1138.5,2.4,0.5,3657,-
6629,テクノホライゾン,電気機器,1.2,★☆☆☆☆,0.0,0.0,0.0,0.0,1.2,0.0,0.0,0.0,見送り(地合い🔴),,0.0,-7.4,3.4,-0.6,904,969.0,-4.0,0.4,231,-
8771,イー・ギャランティ,その他金融業,1.2,★☆☆☆☆,0.0,0.0,0.0,0.0,1.2,0.0,0.0,0.0,見送り(地合い🔴),,0.0,-1.5,2.0,-1.0,1755,1829.0,-1.8,0.7,213,-
6378,木村化工機,機械,1.2,★☆☆☆☆,0.0,0.0,0.0,0.0,1.2,0.0,0.0,0.0,見送り(地合い🔴),,0.0,-1.2,3.6,-2.6,1117,1204.0,-7.8,0.9,161,-
6240,ヤマシンフィルタ,機械,1.2,★☆☆☆☆,0.0,0.0,0.0,0.0,1.2,0.0,0.0,0.0,見送り(地合い🔴),,0.0,-2.2,3.1,-0.8,502,535.0,-1.5,0.6,196,-
2216,カンロ,食料品,1.2,★☆☆☆☆,0.0,0.0,0.0,0.0,1.2,0.0,0.0,0.0,見送り(地合い🔴),,0.0,-12.9,2.1,-4.5,1045,1091.0,-0.3,0.6,117,-
6666,リバーエレテック,電気機器,1.2,★☆☆☆☆,0.0,0.0,0.0,0.0,1.2,0.0,0.0,0.0,見送り(地合い🔴),,0.0,-1.0,6.0,-1.6,674,766.0,-9.6,0.2,100,-
3382,セブン＆アイ・ホールディングス,小売業,1.2,★☆☆☆☆,0.0,0.0,0.0,0.0,1.2,0.0,0.0,0.0,見送り(地合い🔴),,0.0,-6.1,2.0,-1.9,1962,2045.0,-0.1,0.8,18000,-
9143,ＳＧホールディングス,陸運業,1.2,★☆☆☆☆,0.0,0.0,0.0,0.0,1.2,0.0,0.0,0.0,見送り(地合い🔴),,0.0,-2.9,2.5,-1.5,1487,1565.5,-4.0,0.7,2196,-
4088,エア・ウォーター,化学,1.0,★☆☆☆☆,0.0,0.0,0.0,0.0,1.0,0.0,0.0,0.0,見送り(地合い🔴),,0.0,-5.4,2.7,-2.5,2354,2488.0,-2.4,0.5,2533,-
5254,Ａｒｅｎｔ,情報・通信業,1.0,★☆☆☆☆,0.0,0.0,1.0,0.0,0.0,0.0,0.0,0.0,見送り(地合い🔴),,0.0,-0.7,4.9,-2.9,3774,4180.0,-2.3,0.7,100,-
3788,ＧＭＯグローバルサイン・ホールディングス,情報・通信業,1.0,★☆☆☆☆,0.0,0.0,1.0,0.0,0.0,0.0,0.0,0.0,見送り(地合い🔴),,0.0,-5.6,5.2,-5.8,1866,2085.0,-3.9,0.5,113,-
7581,サイゼリヤ,小売業,1.0,★☆☆☆☆,0.0,0.0,0.0,0.0,1.0,0.0,0.0,0.0,見送り(地合い🔴),,0.0,-3.8,3.1,-4.5,6794,7250.0,-1.5,0.4,5180,-
8848,レオパレス２１,不動産業,1.0,★☆☆☆☆,0.0,0.0,0.0,0.0,1.0,0.0,0.0,0.0,見送り(地合い🔴),,0.0,-3.3,2.5,-2.4,606,638.0,2.6,0.8,747,-
9983,ファーストリテイリング,小売業,1.0,★☆☆☆☆,0.0,0.0,0.0,0.0,1.0,0.0,0.0,0.0,見送り(地合い🔴),,0.0,-5.9,2.5,-6.1,69216,72840.0,-5.2,0.6,85521,-
9960,東テク,卸売業,1.0,★☆☆☆☆,0.0,0.0,0.0,0.0,1.0,0.0,0.0,0.0,見送り(地合い🔴),,0.0,-9.4,3.1,-3.0,3534,3765.0,-2.5,0.6,390,-
7003,三井Ｅ＆Ｓ,機械,1.0,★☆☆☆☆,0.0,0.0,1.0,0.0,0.0,0.0,0.0,0.0,見送り(地合い🔴),,0.0,-16.2,5.5,-6.7,3704,4158.0,-5.0,0.6,14349,-
4704,トレンドマイクロ,情報・通信業,1.0,★☆☆☆☆,0.0,0.0,1.0,0.0,0.0,0.0,0.0,0.0,見送り(地合い🔴),,0.0,-12.3,4.9,-11.0,5044,5590.0,4.4,0.7,7015,-
9090,ＡＺ－ＣＯＭ丸和ホールディングス,陸運業,1.0,★☆☆☆☆,0.0,0.0,1.0,0.0,0.0,0.0,0.0,0.0,見送り(地合い🔴),,0.0,-5.2,2.8,-0.4,838,887.0,1.1,0.6,495,-
3300,アンビション　ＤＸ　ホールディングス,不動産業,1.0,★☆☆☆☆,0.0,0.0,1.0,0.0,0.0,0.0,0.0,0.0,見送り(地合い🔴),,0.0,-8.1,2.9,-6.2,1848,1963.0,-2.0,0.9,154,-
1979,大氣社,建設業,1.0,★☆☆☆☆,0.0,0.0,1.0,0.0,0.0,0.0,0.0,0.0,見送り(地合い🔴),,0.0,-14.6,3.4,-6.3,3683,3955.0,-4.5,1.3,1328,-
9735,セコム,サービス業,1.0,★☆☆☆☆,0.0,0.0,0.0,0.0,1.0,0.0,0.0,0.0,見送り(地合い🔴),,0.0,-6.8,2.5,-3.4,6107,6435.0,0.4,0.5,9079,-
1861,熊谷組,建設業,1.0,★☆☆☆☆,0.0,0.0,1.0,0.0,0.0,0.0,0.0,0.0,見送り(地合い🔴),,0.0,-12.2,2.8,-5.7,1228,1300.0,-1.0,0.9,1615,-
7157,ライフネット生命保険,保険業,1.0,★☆☆☆☆,0.0,0.0,1.0,0.0,0.0,0.0,0.0,0.0,見送り(地合い🔴),,0.0,-9.3,4.0,-8.0,1363,1481.0,-0.3,1.1,499,-
6736,サン電子,電気機器,1.0,★☆☆☆☆,0.0,0.0,1.0,0.0,0.0,0.0,0.0,0.0,見送り(地合い🔴),,0.0,-15.6,10.1,-13.6,6341,7950.0,-0.4,0.7,519,-
4755,楽天グループ,サービス業,1.0,★☆☆☆☆,0.0,0.0,1.0,0.0,0.0,0.0,0.0,0.0,見送り(地合い🔴),,0.0,-3.3,4.0,-4.4,710,770.7999877929688,-0.8,0.8,15459,-
6744,能美防災,電気機器,1.0,★☆☆☆☆,0.0,0.0,0.0,0.0,1.0,0.0,0.0,0.0,見送り(地合い🔴),,0.0,-1.0,2.9,-0.8,4124,4375.0,-1.7,1.0,435,-
6849,日本光電工業,電気機器,1.0,★☆☆☆☆,0.0,0.0,1.0,0.0,0.0,0.0,0.0,0.0,見送り(地合い🔴),,0.0,-1.2,3.6,-1.1,1407,1517.0,4.0,0.6,1337,-
7917,ＺＡＣＲＯＳ,化学,1.0,★☆☆☆☆,0.0,0.0,0.0,0.0,1.0,0.0,0.0,0.0,見送り(地合い🔴),,0.0,-8.0,3.0,-4.8,1200,1277.0,-2.6,0.9,242,-
9364,上組,倉庫・運輸関連業,1.0,★☆☆☆☆,0.0,0.0,0.0,0.0,1.0,0.0,0.0,0.0,見送り(地合い🔴),,0.0,-6.7,1.8,-3.5,4709,4881.0,-1.0,0.5,1705,-
7409,ＡｅｒｏＥｄｇｅ,輸送用機器,1.0,★☆☆☆☆,0.0,0.0,1.0,0.0,0.0,0.0,0.0,0.0,見送り(地合い🔴),,0.0,-3.8,8.0,-3.8,1211,1443.0,-4.4,0.7,521,-
9601,松竹,情報・通信業,1.0,★☆☆☆☆,0.0,0.0,1.0,0.0,0.0,0.0,0.0,0.0,見送り(地合い🔴),,0.0,-2.2,2.2,-0.7,10531,11020.0,2.6,0.8,636,-
3288,オープンハウスグループ,不動産業,0.6,★☆☆☆☆,0.0,0.0,0.0,0.0,0.0,0.0,0.6,0.0,見送り(地合い🔴),,0.0,-5.1,2.4,-3.4,7676,8071.0,-1.5,0.9,2934,開示[自己株式の取得](11日前)
5074,テスホールディングス,建設業,0.4,★☆☆☆☆,0.0,0.0,0.0,0.0,0.0,0.0,0.4,0.0,見送り(地合い🔴),,0.0,-15.9,7.9,-12.5,521,618.0,-9.9,0.5,1379,開示[受注](11日前)
3769,ＧＭＯペイメントゲートウェイ,情報・通信業,0.0,★☆☆☆☆,0.0,0.0,0.0,0.0,0.0,0.0,0.0,0.0,見送り(地合い🔴),,0.0,-1.9,4.4,-4.1,8521,9333.0,5.9,0.8,3116,-
262A,インターメスティック,小売業,0.0,★☆☆☆☆,0.0,0.0,0.0,0.0,0.0,0.0,0.0,0.0,見送り(地合い🔴),,0.0,2.9,4.5,-1.3,1704,1872.0,-2.6,0.4,529,-
8715,アニコム　ホールディングス,保険業,0.0,★☆☆☆☆,0.0,0.0,0.0,0.0,0.0,0.0,0.0,0.0,見送り(地合い🔴),,0.0,-9.4,4.6,-6.7,996,1097.0,0.5,1.0,507,-
3415,ＴＯＫＹＯ　ＢＡＳＥ,小売業,0.0,★☆☆☆☆,0.0,0.0,0.0,0.0,0.0,0.0,0.0,0.0,見送り(地合い🔴),,0.0,-10.7,3.1,-5.6,347,370.0,-2.4,0.5,180,-
3299,ムゲンエステート,不動産業,0.0,★☆☆☆☆,0.0,0.0,0.0,0.0,0.0,0.0,0.0,0.0,見送り(地合い🔴),,0.0,-12.2,3.1,-5.4,1645,1752.0,0.6,0.5,326,-
7202,いすゞ自動車,輸送用機器,0.0,★☆☆☆☆,0.0,0.0,0.0,0.0,0.0,0.0,0.0,0.0,見送り(地合い🔴),,0.0,-2.9,2.5,-2.8,2124,2237.5,-1.0,0.6,7066,-
3692,ＦＦＲＩセキュリティ,情報・通信業,0.0,★☆☆☆☆,0.0,0.0,0.0,0.0,0.0,0.0,0.0,0.0,見送り(地合い🔴),,0.0,-1.7,5.1,-0.8,4481,4985.0,5.2,1.0,518,-
6223,西部技研,機械,0.0,★☆☆☆☆,0.0,0.0,0.0,0.0,0.0,0.0,0.0,0.0,見送り(地合い🔴),,0.0,-6.2,3.4,-4.0,1795,1925.0,-4.7,0.4,103,-
3836,アバントグループ,情報・通信業,0.0,★☆☆☆☆,0.0,0.0,0.0,0.0,0.0,0.0,0.0,0.0,見送り(地合い🔴),,0.0,-2.5,3.2,-0.2,1131,1208.0,4.0,0.9,129,-
7419,ノジマ,小売業,0.0,★☆☆☆☆,0.0,0.0,0.0,0.0,0.0,0.0,0.0,0.0,見送り(地合い🔴),,0.0,-12.8,2.0,-4.9,1224,1275.0,-1.8,0.8,1140,-
3656,ＫＬａｂ,情報・通信業,0.0,★☆☆☆☆,0.0,0.0,0.0,0.0,0.0,0.0,0.0,0.0,見送り(地合い🔴),,0.0,-15.3,5.7,-9.9,171,193.0,-5.4,0.5,776,-
4935,リベルタ,化学,0.0,★☆☆☆☆,0.0,0.0,0.0,0.0,0.0,0.0,0.0,0.0,見送り(地合い🔴),,0.0,-34.1,6.1,-13.8,184,210.0,-7.9,0.2,283,-
4548,生化学工業,医薬品,0.0,★☆☆☆☆,0.0,0.0,0.0,0.0,0.0,0.0,0.0,0.0,見送り(地合い🔴),,0.0,-5.7,1.5,-1.7,688,710.0,0.4,0.9,106,-
2980,ＳＲＥホールディングス,不動産業,0.0,★☆☆☆☆,0.0,0.0,0.0,0.0,0.0,0.0,0.0,0.0,見送り(地合い🔴),,0.0,-4.0,4.4,-4.1,2239,2453.0,-3.2,0.5,906,-
6547,グリーンズ,サービス業,0.0,★☆☆☆☆,0.0,0.0,0.0,0.0,0.0,0.0,0.0,0.0,見送り(地合い🔴),,0.0,-3.8,3.9,-2.6,1911,2074.0,4.5,0.5,175,-
8830,住友不動産,不動産業,0.0,★☆☆☆☆,0.0,0.0,0.0,0.0,0.0,0.0,0.0,0.0,見送り(地合い🔴),,0.0,-9.4,2.2,-4.4,3237,3387.0,0.8,0.8,10254,-
8111,ゴールドウイン,繊維製品,0.0,★☆☆☆☆,0.0,0.0,0.0,0.0,0.0,0.0,0.0,0.0,見送り(地合い🔴),,0.0,-7.0,2.9,-2.5,2044,2172.0,3.5,0.7,1337,-
9064,ヤマトホールディングス,陸運業,0.0,★☆☆☆☆,0.0,0.0,0.0,0.0,0.0,0.0,0.0,0.0,見送り(地合い🔴),,0.0,-6.7,2.9,-2.7,1823,1936.0,-0.6,0.5,2979,-
3064,ＭｏｎｏｔａＲＯ,小売業,0.0,★☆☆☆☆,0.0,0.0,0.0,0.0,0.0,0.0,0.0,0.0,見送り(地合い🔴),,0.0,-2.8,3.2,-3.7,1721,1840.5,2.2,0.9,4573,-
9068,丸全昭和運輸,陸運業,0.0,★☆☆☆☆,0.0,0.0,0.0,0.0,0.0,0.0,0.0,0.0,見送り(地合い🔴),,0.0,-5.2,2.3,-2.7,6999,7340.0,-0.4,0.5,222,-
7972,イトーキ,その他製品,0.0,★☆☆☆☆,0.0,0.0,0.0,0.0,0.0,0.0,0.0,0.0,見送り(地合い🔴),,0.0,-10.7,3.5,-5.6,2417,2597.0,-0.9,0.4,627,-
1802,大林組,建設業,0.0,★☆☆☆☆,0.0,0.0,0.0,0.0,0.0,0.0,0.0,0.0,見送り(地合い🔴),,0.0,-10.1,2.6,-4.0,2844,2998.0,-1.2,0.7,8135,-
1835,東鉄工業,建設業,0.0,★☆☆☆☆,0.0,0.0,0.0,0.0,0.0,0.0,0.0,0.0,見送り(地合い🔴),,0.0,-5.3,2.1,-2.4,3804,3970.0,-1.1,0.7,354,-
