code,name,sector,score,stars,linkage,theme,supply,etf,tech,fund,material,penalty,signal,driver,gap_pct,rs20,atr_pct,dev25,stop,close,chg5d,v_ratio,turnover_m,reasons_str
4443,Ｓａｎｓａｎ,情報・通信業,49.0,★★☆☆☆,30.0,0.0,2.0,0.0,10.0,7.0,0.0,0.0,見送り(地合い🔴),Microsoft,5.2,25.0,5.2,13.0,1783,1989.0,11.3,0.8,3415,Microsoft+18.1%連動(β0.55) 未反応+5.2% / MA上昇配列 / パーフェクトオーダー / 増収+20% / ROE36%
4722,フューチャー,情報・通信業,48.1,★★☆☆☆,25.6,0.0,10.0,0.0,9.0,8.5,0.0,-5.0,見送り(地合い🔴),Microsoft,3.2,60.2,5.2,24.5,2190,2445.0,10.6,3.2,3239,Microsoft+18.1%連動(β0.35) 未反応+3.2% / 出来高急増3.2倍 / 買い出来高優勢 / 資金流入増 / MA上昇配列 / 52週高値目前 / RSI過熱(85)⚠ / 過熱⚠25MA+25% / ROE20% / PER18倍
6501,日立製作所,電気機器,48.1,★★☆☆☆,11.6,20.0,5.3,0.0,5.7,5.5,0.0,0.0,見送り(地合い🔴),Amazon,-0.2,19.2,3.0,10.0,4956,5267.0,8.6,1.6,60693,Amazon+17.6%連動(β0.26) / 量子(+10.1%) / 買い出来高優勢 / 増収+20%
3984,ユーザーローカル,情報・通信業,48.0,★★☆☆☆,30.0,0.0,0.0,0.0,8.0,10.0,0.0,0.0,見送り(地合い🔴),Microsoft,6.9,11.6,2.7,3.2,1716,1816.0,6.1,0.9,130,Microsoft+18.1%連動(β0.41) 未反応+6.9% / MA上昇配列 / 増収+16% / ROE20% / PER18倍
6098,リクルートホールディングス,サービス業,47.2,★★☆☆☆,30.0,0.0,2.0,0.0,8.2,7.0,0.0,0.0,見送り(地合い🔴),Microsoft,7.4,14.3,3.6,2.5,11638,12550.0,4.1,1.3,52521,Microsoft+18.1%連動(β0.42) 未反応+7.4% / MA上昇配列 / パーフェクトオーダー / ROE31%
8035,東京エレクトロン,電気機器,47.2,★★☆☆☆,29.5,6.0,4.7,0.0,0.0,7.0,0.0,0.0,見送り(地合い🔴),Amazon,18.6,-17.6,8.8,-18.1,45693,55500.0,-11.4,3.2,307615,Amazon+17.6%連動(β0.40) 未反応+18.6% / 半導体製造装置(-13.0%) / 出来高急増3.2倍 / 増収+33% / ROE31%
3994,マネーフォワード,情報・通信業,47.0,★★☆☆☆,30.0,0.0,3.0,0.0,10.0,4.0,0.0,0.0,見送り(地合い🔴),Microsoft,14.9,29.1,7.5,9.2,4632,5455.0,0.9,0.9,3202,Microsoft+18.1%連動(β0.59) 未反応+14.9% / MA上昇配列 / パーフェクトオーダー / 増収+24%
6504,富士電機,電気機器,46.5,★★☆☆☆,18.0,9.3,4.7,0.0,6.0,6.5,2.0,0.0,見送り(地合い🔴),Microsoft,-2.4,12.7,5.2,9.2,12787,14285.0,10.5,3.2,13250,Microsoft+18.1%連動(β0.42) / AIデータセンター・電力(+1.6%) / 出来高急増3.2倍 / 開示[業績予想の修正](3日前) / PER21倍
3923,ラクス,情報・通信業,46.2,★★☆☆☆,30.0,0.0,1.0,0.0,6.7,8.5,0.0,0.0,見送り(地合い🔴),Microsoft,7.2,11.7,4.2,4.9,971,1060.0,10.3,1.0,1960,Microsoft+18.1%連動(β0.56) 未反応+7.2% / MA上昇配列 / 増収+20% / ROE55%
7741,ＨＯＹＡ,精密機器,46.0,★★☆☆☆,27.4,0.0,5.3,0.0,2.2,8.5,2.6,0.0,見送り(地合い🔴),Microsoft,6.4,2.8,2.7,-1.6,23351,24675.0,0.5,2.1,26545,Microsoft+18.1%連動(β0.34) 未反応+6.4% / 出来高増2.1倍 / 開示[自己株式取得](2日前) / 増収+16% / ROE27%
6323,ローツェ,機械,46.0,★★☆☆☆,30.0,6.0,3.0,0.0,0.0,7.0,0.0,0.0,見送り(地合い🔴),Amazon,19.9,-8.8,10.9,-10.6,3119,3989.0,-9.2,1.3,15437,Amazon+17.6%連動(β0.47) 未反応+19.9% / 半導体製造装置(-13.0%) / 資金流入増 / ROE15%
6146,ディスコ,機械,45.9,★★☆☆☆,28.6,6.0,4.3,0.0,0.0,7.0,0.0,0.0,見送り(地合い🔴),Amazon,13.3,-17.6,9.4,-15.8,47530,58480.0,-4.0,2.3,129024,Amazon+17.6%連動(β0.38) 未反応+13.3% / HBM・後工程(-1.0%) / 出来高増2.3倍 / 増収+27% / ROE27%
5805,ＳＷＣＣ,非鉄金属,44.5,★★☆☆☆,23.8,6.0,3.0,0.0,2.7,9.0,0.0,0.0,見送り(地合い🔴),Quanta Services,5.8,-3.5,6.1,-3.2,9969,11350.0,-0.2,1.6,4613,Quanta Services+13.4%連動(β0.35) 未反応+5.8% / 光通信・電線(-7.0%) / 増収+27% / ROE21% / PER18倍
3697,ＳＨＩＦＴ,情報・通信業,44.5,★★☆☆☆,30.0,0.0,2.0,0.0,8.0,7.5,0.0,-3.0,見送り(地合い🔴),Microsoft,10.6,34.5,6.8,17.7,758,877.5999755859375,8.7,0.9,7422,Microsoft+18.1%連動(β0.55) 未反応+10.6% / MA上昇配列 / 伸びすぎ注意(25MA+18%) / 増収+30% / ROE17%
6857,アドバンテスト,電気機器,44.3,★★☆☆☆,18.0,6.0,2.0,0.0,9.5,7.0,1.8,0.0,見送り(地合い🔴),Microsoft,-5.2,19.1,8.2,10.2,27174,32500.0,12.3,1.9,286153,Microsoft+18.1%連動(β0.52) / HBM・後工程(-1.0%) / MA上昇配列 / パーフェクトオーダー / 開示[業績予想の修正](4日前) / 増収+39% / ROE57%
6988,日東電工,化学,44.1,★★☆☆☆,25.6,0.0,2.0,0.0,9.0,7.5,0.0,0.0,見送り(地合い🔴),Microsoft,9.1,9.2,3.6,1.5,3086,3325.0,0.1,1.7,11709,Microsoft+18.1%連動(β0.30) 未反応+9.1% / MA上昇配列 / PER17倍
6951,日本電子,電気機器,44.1,★★☆☆☆,27.6,0.0,1.0,0.0,9.5,6.0,0.0,0.0,見送り(地合い🔴),Amazon,7.3,16.2,5.1,5.0,7385,8223.0,0.4,1.2,3001,Amazon+17.6%連動(β0.35) 未反応+7.3% / MA上昇配列 / パーフェクトオーダー / ROE16% / PER19倍
5803,フジクラ,非鉄金属,43.9,★★☆☆☆,29.9,6.0,2.0,0.0,0.0,6.0,0.0,0.0,見送り(地合い🔴),Quanta Services,10.7,-15.9,9.0,-15.3,3424,4172.0,-9.2,1.9,190894,Quanta Services+13.4%連動(β0.53) 未反応+10.7% / 光通信・電線(-7.0%) / 増収+22% / ROE32%
6871,日本マイクロニクス,電気機器,43.8,★★☆☆☆,28.8,6.0,2.0,0.0,0.0,7.0,0.0,0.0,見送り(地合い🔴),Quanta Services,15.0,-7.8,11.1,-11.7,10559,13580.0,-11.6,1.7,20229,Quanta Services+13.4%連動(β0.50) 未反応+15.0% / 半導体製造装置(-13.0%) / 増収+26% / ROE24%
2492,インフォマート,サービス業,43.5,★★☆☆☆,30.0,0.0,2.0,0.0,10.0,4.5,0.0,-3.0,見送り(地合い🔴),Microsoft,5.3,48.6,4.9,17.4,513,569.0,9.2,1.0,1743,Microsoft+18.1%連動(β0.48) 未反応+5.3% / MA上昇配列 / パーフェクトオーダー / 伸びすぎ注意(25MA+17%)
4901,富士フイルムホールディングス,化学,42.6,★★☆☆☆,23.6,0.0,0.0,0.0,13.5,5.5,0.0,0.0,見送り(地合い🔴),Microsoft,6.2,13.7,2.3,3.9,3595,3772.0,4.0,1.1,14169,Microsoft+18.1%連動(β0.26) 未反応+6.2% / MA上昇配列 / パーフェクトオーダー / 52週高値目前 / PER16倍
3993,ＰＫＳＨＡ　Ｔｅｃｈｎｏｌｏｇｙ,情報・通信業,42.50000000000001,★★☆☆☆,18.1,11.1,2.0,0.0,2.2,6.5,2.6,0.0,見送り(地合い🔴),SK hynix,3.5,9.1,3.8,0.1,2575,2787.0,2.3,1.1,809,SK hynix+10.8%連動(β0.28) 未反応+3.5% / 生成AI・ソフト(+2.5%) / 開示[自己株式取得](2日前) / 増収+89%
4063,信越化学工業,化学,42.4,★★☆☆☆,25.8,0.0,3.3,0.0,0.0,7.5,5.8,0.0,見送り(地合い🔴),Microsoft,11.1,-11.1,5.4,-15.7,5178,5800.0,-13.5,2.2,59834,Microsoft+18.1%連動(β0.30) 未反応+11.1% / 出来高増2.2倍 / 開示[自己株式の取得](3日前) / 開示[自己株式取得](3日前) / PER23倍
3769,ＧＭＯペイメントゲートウェイ,情報・通信業,42.4,★★☆☆☆,29.7,0.0,0.0,0.0,4.2,8.5,0.0,0.0,見送り(地合い🔴),Microsoft,6.7,10.3,3.2,2.0,9256,9881.0,5.3,0.9,2358,Microsoft+18.1%連動(β0.39) 未反応+6.7% / MA上昇配列 / 増収+15% / ROE22%
6508,明電舎,電気機器,42.199999999999996,★★☆☆☆,11.1,9.3,5.7,0.0,6.0,8.0,2.1,0.0,見送り(地合い🔴),Quanta Services,-1.9,7.8,5.1,5.6,8647,9620.0,6.7,4.0,1954,Quanta Services+13.4%連動(β0.33) / AIデータセンター・電力(+1.6%) / 出来高急増4.0倍 / 開示[業績予想の修正](2日前) / 増収+26% / ROE18% / PER18倍
5801,古河電気工業,非鉄金属,42.199999999999996,★★☆☆☆,26.9,6.0,3.3,0.0,0.0,6.0,0.0,0.0,見送り(地合い🔴),Quanta Services,10.0,-14.5,9.6,-13.4,2542,3145.0,-7.2,2.2,62337,Quanta Services+13.4%連動(β0.44) 未反応+10.0% / 光通信・電線(-7.0%) / 出来高増2.2倍 / ROE19%
6432,竹内製作所,機械,42.0,★★☆☆☆,18.5,0.0,3.0,0.0,12.0,8.5,0.0,0.0,見送り(地合い🔴),Eaton,6.7,9.4,4.2,1.8,6821,7450.0,-1.8,1.4,2590,Eaton+7.5%連動(β0.35) 未反応+6.7% / MA上昇配列 / パーフェクトオーダー / ROE16% / PER12倍
4478,フリー,情報・通信業,42.0,★★☆☆☆,30.0,0.0,1.0,0.0,8.0,3.0,0.0,0.0,見送り(地合い🔴),Microsoft,8.3,29.2,5.7,12.3,2304,2599.0,8.1,0.9,1053,Microsoft+18.1%連動(β0.57) 未反応+8.3% / MA上昇配列 / 増収+27%
6315,ＴＯＷＡ,機械,41.8,★★☆☆☆,26.8,6.0,4.0,0.0,0.0,5.0,0.0,0.0,見送り(地合い🔴),SK hynix,13.3,-12.7,9.4,-12.0,2150,2648.0,-7.2,2.0,12805,SK hynix+10.8%連動(β0.54) 未反応+13.3% / HBM・後工程(-1.0%) / 増収+23%
4369,トリケミカル研究所,化学,41.7,★★☆☆☆,30.0,0.0,2.0,0.0,1.2,8.5,0.0,0.0,見送り(地合い🔴),Microsoft,12.3,-2.0,7.1,-2.5,2783,3245.0,-0.6,1.7,1767,Microsoft+18.1%連動(β0.50) 未反応+12.3% / ROE18% / PER19倍
4733,オービックビジネスコンサルタント,情報・通信業,41.2,★★☆☆☆,26.2,0.0,4.3,0.0,7.7,6.0,0.0,-3.0,見送り(地合い🔴),Microsoft,5.5,31.8,4.4,16.8,7292,8003.0,4.8,0.8,2675,Microsoft+18.1%連動(β0.31) 未反応+5.5% / 買い出来高優勢 / MA上昇配列 / 伸びすぎ注意(25MA+17%)
4187,大阪有機化学工業,化学,41.2,★★☆☆☆,29.2,0.0,2.0,0.0,0.0,10.0,0.0,0.0,見送り(地合い🔴),Microsoft,19.5,-16.5,7.2,-13.8,3881,4535.0,-12.6,1.4,1342,Microsoft+18.1%連動(β0.38) 未反応+19.5% / 増収+23% / ROE16% / PER12倍
5802,住友電気工業,非鉄金属,40.9,★★☆☆☆,23.6,6.0,3.3,0.0,0.0,8.0,0.0,0.0,見送り(地合い🔴),Quanta Services,11.9,-12.4,7.7,-12.2,1848,2184.0,-11.5,2.9,56012,Quanta Services+13.4%連動(β0.34) 未反応+11.9% / 光通信・電線(-7.0%) / 出来高増2.9倍 / 増収+16% / ROE16% / PER18倍
6920,レーザーテック,電気機器,40.6,★★☆☆☆,26.1,6.0,3.0,0.0,0.0,5.5,0.0,0.0,見送り(地合い🔴),Quanta Services,18.6,-14.2,10.4,-14.2,30036,37910.0,-12.2,1.9,154868,Quanta Services+13.4%連動(β0.42) 未反応+18.6% / 半導体製造装置(-13.0%) / ROE44%
4062,イビデン,電気機器,40.6,★★☆☆☆,29.6,6.0,0.0,0.0,0.0,5.0,0.0,0.0,見送り(地合い🔴),Quanta Services,7.3,-22.5,11.8,-13.2,12737,16650.0,-4.1,0.1,146496,Quanta Services+13.4%連動(β0.52) 未反応+7.3% / HBM・後工程(-1.0%) / 増収+19%
4180,Ａｐｐｉｅｒ　Ｇｒｏｕｐ,情報・通信業,40.5,★★☆☆☆,30.0,0.0,0.0,0.0,6.0,4.5,0.0,0.0,見送り(地合い🔴),Microsoft,5.6,15.5,4.1,6.9,874,953.0,11.9,0.6,975,Microsoft+18.1%連動(β0.55) 未反応+5.6% / 増収+29%
6947,図研,電気機器,40.2,★★☆☆☆,18.4,0.0,3.3,0.0,11.0,7.5,0.0,0.0,見送り(地合い🔴),Microsoft,1.8,8.9,2.3,3.4,4611,4835.0,6.5,2.1,198,Microsoft+18.1%連動(β0.28) 未反応+1.8% / 出来高増2.1倍 / MA上昇配列 / パーフェクトオーダー / PER19倍
4716,日本オラクル,情報・通信業,40.2,★★☆☆☆,20.7,0.0,3.0,0.0,8.0,8.5,0.0,0.0,見送り(地合い🔴),Microsoft,2.7,9.1,2.5,3.3,8431,8882.0,6.9,1.3,3016,Microsoft+18.1%連動(β0.28) 未反応+2.7% / MA上昇配列 / ROE34% / PER18倍
7729,東京精密,精密機器,39.8,★☆☆☆☆,25.8,6.0,1.0,0.0,1.0,6.0,0.0,0.0,見送り(地合い🔴),Amazon,9.5,-3.8,7.5,-5.7,14575,17160.0,-2.1,1.3,9701,Amazon+17.6%連動(β0.31) 未反応+9.5% / HBM・後工程(-1.0%)
8616,東海東京フィナンシャル・ホールディングス,証券、商品先物取引業,39.6,★☆☆☆☆,12.9,0.0,6.7,0.0,11.0,9.0,0.0,0.0,見送り(地合い🔴),SK hynix,3.1,12.2,2.8,2.4,757,802.0,-1.2,3.0,700,SK hynix+10.8%連動(β0.14) 未反応+3.1% / 出来高急増3.0倍 / MA上昇配列 / パーフェクトオーダー / 52週高値目前 / 増収+43% / PER12倍
4971,メック,化学,39.5,★☆☆☆☆,30.0,0.0,2.0,0.0,0.0,7.5,0.0,0.0,見送り(地合い🔴),Microsoft,6.9,-11.0,8.1,-6.0,7137,8520.0,0.7,1.5,2837,Microsoft+18.1%連動(β0.47) 未反応+6.9% / 増収+88%
5830,いよぎんホールディングス,銀行業,39.5,★☆☆☆☆,16.5,0.0,2.0,0.0,12.0,9.0,0.0,0.0,見送り(地合い🔴),SK hynix,5.8,18.3,3.9,7.3,3349,3634.0,2.2,1.0,3738,SK hynix+10.8%連動(β0.17) 未反応+5.8% / MA上昇配列 / パーフェクトオーダー / 増収+355% / PER14倍
8388,阿波銀行,銀行業,39.3,★☆☆☆☆,15.7,0.0,2.0,0.0,12.0,8.0,1.6,0.0,見送り(地合い🔴),SK hynix,7.3,16.8,4.4,6.2,7610,8340.0,-3.9,1.2,1014,SK hynix+10.8%連動(β0.14) 未反応+7.3% / MA上昇配列 / パーフェクトオーダー / 開示[業績予想の修正](5日前) / 増収+78% / PER21倍
6971,京セラ,電気機器,39.099999999999994,★☆☆☆☆,22.9,0.0,2.0,0.0,8.2,4.0,2.0,0.0,見送り(地合い🔴),Microsoft,7.1,1.3,4.0,0.2,3398,3691.0,0.1,1.7,23576,Microsoft+18.1%連動(β0.24) 未反応+7.1% / MA上昇配列 / パーフェクトオーダー / 開示[業績予想の修正](3日前)
7745,Ａ＆Ｄホロンホールディングス,精密機器,39.0,★☆☆☆☆,19.8,0.0,2.0,0.0,9.7,7.5,0.0,0.0,見送り(地合い🔴),Quanta Services,3.0,10.8,4.0,4.1,2774,3015.0,3.9,1.3,290,Quanta Services+13.4%連動(β0.33) 未反応+3.0% / MA上昇配列 / パーフェクトオーダー / PER14倍
4686,ジャストシステム,情報・通信業,38.9,★☆☆☆☆,24.7,0.0,0.0,0.0,6.7,7.5,0.0,0.0,見送り(地合い🔴),Microsoft,3.7,13.1,2.4,4.8,3836,4030.0,8.2,1.1,334,Microsoft+18.1%連動(β0.30) 未反応+3.7% / MA上昇配列 / PER17倍
6387,サムコ,機械,38.9,★☆☆☆☆,25.7,0.0,4.7,0.0,0.0,8.5,0.0,0.0,見送り(地合い🔴),Quanta Services,13.2,-28.5,11.5,-24.0,6563,8520.0,-12.3,3.1,1176,Quanta Services+13.4%連動(β0.41) 未反応+13.2% / 出来高急増3.1倍 / 増収+33% / ROE15%
7735,ＳＣＲＥＥＮホールディングス,電気機器,38.6,★☆☆☆☆,23.8,6.0,4.3,0.0,0.0,4.5,0.0,0.0,見送り(地合い🔴),SK hynix,25.5,-23.9,10.7,-24.6,9894,12600.0,-20.5,2.3,62975,SK hynix+10.8%連動(β0.44) 未反応+25.5% / 半導体製造装置(-13.0%) / 出来高増2.3倍 / ROE19%
6762,ＴＤＫ,電気機器,38.5,★☆☆☆☆,30.0,0.0,2.0,0.0,0.0,6.5,0.0,0.0,見送り(地合い🔴),Microsoft,7.5,-11.5,5.7,-7.5,2666,3008.0,-0.4,1.5,41562,Microsoft+18.1%連動(β0.40) 未反応+7.5% / 増収+38%
6506,安川電機,電気機器,38.3,★☆☆☆☆,28.3,6.0,1.0,0.0,0.0,3.0,0.0,0.0,見送り(地合い🔴),Amazon,13.9,-23.5,8.3,-18.7,4059,4867.0,-4.9,1.0,50040,Amazon+17.6%連動(β0.37) 未反応+13.9% / ロボット(-1.2%)
4980,デクセリアルズ,化学,38.3,★☆☆☆☆,21.8,6.0,2.0,0.0,0.0,8.5,0.0,0.0,見送り(地合い🔴),SK hynix,13.1,-12.9,6.6,-14.1,2871,3304.0,-7.0,1.8,6041,SK hynix+10.8%連動(β0.36) 未反応+13.1% / 光通信・電線(-7.0%) / ROE27% / PER21倍
6723,ルネサスエレクトロニクス,電気機器,38.0,★☆☆☆☆,30.0,0.0,2.0,0.0,0.0,6.0,0.0,0.0,見送り(地合い🔴),Microsoft,20.1,-22.6,9.6,-20.1,2780,3442.0,-12.4,1.7,63036,Microsoft+18.1%連動(β0.50) 未反応+20.1% / 増収+28%
3132,マクニカホールディングス,卸売業,37.8,★☆☆☆☆,19.6,0.0,4.0,0.0,7.2,7.0,0.0,0.0,見送り(地合い🔴),SK hynix,11.0,11.4,6.5,1.9,2866,3295.0,-2.5,2.0,3469,SK hynix+10.8%連動(β0.28) 未反応+11.0% / MA上昇配列 / パーフェクトオーダー / 増収+40% / PER21倍
8084,ＲＹＯＤＥＮ,卸売業,37.6,★☆☆☆☆,3.0,0.0,6.7,0.0,15.0,6.0,6.9,0.0,見送り(地合い🔴),SK hynix,-9.9,16.0,3.2,9.8,4084,4360.0,12.7,2.5,198,SK hynix+10.8%連動(β0.11) / 出来高増2.5倍 / 買い出来高優勢 / MA上昇配列 / パーフェクトオーダー / 52週高値ブレイク! / 開示[株式分割](2日前) / 開示[自己株式の取得](2日前) / 増収+24% / PER18倍
6787,メイコー,電気機器,37.5,★☆☆☆☆,30.0,0.0,0.0,0.0,0.0,7.5,0.0,0.0,見送り(地合い🔴),Microsoft,20.0,-21.3,9.6,-18.5,16703,20680.0,-10.5,1.1,10610,Microsoft+18.1%連動(β0.55) 未反応+20.0% / 増収+24% / ROE15%
6361,荏原製作所,機械,37.5,★☆☆☆☆,30.0,0.0,1.0,0.0,1.0,5.5,0.0,0.0,見送り(地合い🔴),Microsoft,8.8,-0.8,7.2,-4.1,4752,5558.0,-2.2,1.2,21472,Microsoft+18.1%連動(β0.40) 未反応+8.8% / 増収+51%
285A,キオクシアホールディングス,電気機器,37.3,★☆☆☆☆,26.0,0.0,0.0,0.0,0.0,7.0,4.3,0.0,見送り(地合い🔴),SK hynix,20.4,-32.7,18.8,-31.2,29017,46500.0,-17.0,0.0,2932425,SK hynix+10.8%連動(β0.52) 未反応+20.4% / 開示[株式分割](2日前) / 開示[自己株式の取得](2日前) / 増収+416% / ROE87%
7322,三十三フィナンシャルグループ,銀行業,37.2,★☆☆☆☆,16.4,0.0,4.3,0.0,9.5,7.0,0.0,0.0,見送り(地合い🔴),SK hynix,8.8,12.5,5.1,3.1,1713,1910.0,-4.4,2.9,743,SK hynix+10.8%連動(β0.16) 未反応+8.8% / 出来高増2.9倍 / MA上昇配列 / パーフェクトオーダー / 増収+26% / PER16倍
6861,キーエンス,電気機器,37.1,★☆☆☆☆,16.1,0.0,4.0,0.0,12.0,5.0,0.0,0.0,見送り(地合い🔴),Microsoft,-3.0,7.3,4.0,6.2,74650,81150.0,13.0,1.9,54448,Microsoft+18.1%連動(β0.35) / MA上昇配列 / パーフェクトオーダー / 増収+33%
8601,大和証券グループ本社,証券、商品先物取引業,37.0,★☆☆☆☆,17.5,0.0,5.3,0.0,8.2,6.0,0.0,0.0,見送り(地合い🔴),Eaton,5.6,16.1,2.8,2.2,1704,1807.0,-2.7,1.6,8711,Eaton+7.5%連動(β0.29) 未反応+5.6% / 買い出来高優勢 / MA上昇配列 / パーフェクトオーダー / PER15倍
6479,ミネベアミツミ,電気機器,36.9,★☆☆☆☆,28.9,0.0,1.0,0.0,0.0,7.0,0.0,0.0,見送り(地合い🔴),Microsoft,11.8,-14.8,5.0,-12.1,3333,3702.0,-4.6,1.3,13500,Microsoft+18.1%連動(β0.37) 未反応+11.8% / 増収+15% / PER15倍
5344,ＭＡＲＵＷＡ,ガラス・土石製品,36.7,★☆☆☆☆,27.9,0.0,2.0,0.0,0.0,5.0,1.8,0.0,見送り(地合い🔴),Amazon,8.8,-17.6,7.6,-9.3,47077,55540.0,-3.5,1.8,9545,Amazon+17.6%連動(β0.36) 未反応+8.8% / 開示[業績予想の修正](4日前)
6841,横河電機,電気機器,36.6,★☆☆☆☆,20.1,0.0,2.0,0.0,9.5,5.0,0.0,0.0,見送り(地合い🔴),Quanta Services,7.2,9.9,3.7,2.5,5350,5782.0,-0.2,1.1,6052,Quanta Services+13.4%連動(β0.24) 未反応+7.2% / MA上昇配列 / パーフェクトオーダー
9984,ソフトバンクグループ,情報・通信業,36.5,★☆☆☆☆,30.0,0.0,0.0,0.0,0.0,6.5,0.0,0.0,見送り(地合い🔴),Microsoft,11.5,-8.7,8.6,-9.1,4359,5260.0,-4.4,1.1,292402,Microsoft+18.1%連動(β0.56) 未反応+11.5% / ROE33% / PER6倍
6702,富士通,電気機器,36.3,★☆☆☆☆,0.0,20.0,5.3,0.0,6.0,5.0,0.0,0.0,見送り(地合い🔴),,0.0,15.8,4.1,8.1,3355,3659.0,11.6,1.9,30402,量子(+10.1%) / 買い出来高優勢 / ROE16% / PER21倍
4755,楽天グループ,サービス業,36.1,★☆☆☆☆,23.6,0.0,3.0,0.0,8.0,1.5,0.0,0.0,見送り(地合い🔴),Amazon,3.3,18.7,2.8,5.6,786,833.5999755859375,6.1,1.2,10780,Amazon+17.6%連動(β0.31) 未反応+3.3% / MA上昇配列
6981,村田製作所,電気機器,36.0,★☆☆☆☆,30.0,0.0,0.0,0.0,0.0,6.0,0.0,0.0,見送り(地合い🔴),Microsoft,16.0,-25.4,11.1,-18.1,5770,7416.0,-10.8,0.1,263770,Microsoft+18.1%連動(β0.41) 未反応+16.0% / 増収+21%
6627,テラプローブ,電気機器,35.5,★☆☆☆☆,30.0,0.0,0.0,0.0,0.0,5.5,0.0,0.0,見送り(地合い🔴),Amazon,13.5,-16.0,10.2,-12.5,8163,10250.0,-9.5,0.6,1432,Amazon+17.6%連動(β0.45) 未反応+13.5% / 増収+20%
6586,マキタ,機械,35.3,★☆☆☆☆,24.5,0.0,3.3,0.0,1.0,6.5,0.0,0.0,見送り(地合い🔴),Amazon,16.6,-4.0,3.9,-9.0,4774,5183.0,-7.8,2.1,5395,Amazon+17.6%連動(β0.28) 未反応+16.6% / 出来高増2.1倍 / PER17倍
4212,積水樹脂,化学,35.3,★☆☆☆☆,3.1,0.0,8.0,0.0,15.0,4.5,4.7,0.0,見送り(地合い🔴),SK hynix,-9.4,21.5,2.9,10.8,2779,2951.0,11.6,3.6,268,SK hynix+10.8%連動(β0.11) / 出来高急増3.6倍 / 買い出来高優勢 / MA上昇配列 / パーフェクトオーダー / 52週高値ブレイク! / 開示[増配](3日前) / 開示[自己株式取得](3日前) / PER23倍
7011,三菱重工業,機械,34.9,★☆☆☆☆,21.7,6.0,1.0,0.0,1.2,5.0,0.0,0.0,見送り(地合い🔴),Quanta Services,7.2,5.7,3.3,-1.1,3512,3764.0,-4.6,1.2,70210,Quanta Services+13.4%連動(β0.29) 未反応+7.2% / 防衛(-2.4%)
7012,川崎重工業,輸送用機器,34.9,★☆☆☆☆,20.2,6.0,1.0,0.0,2.7,5.0,0.0,0.0,見送り(地合い🔴),Quanta Services,3.2,6.3,4.1,-0.2,2536,2763.0,-0.8,0.9,37049,Quanta Services+13.4%連動(β0.32) 未反応+3.2% / 防衛(-2.4%) / PER21倍
4689,ＬＩＮＥヤフー,情報・通信業,34.8,★☆☆☆☆,20.1,0.0,3.0,0.0,6.2,5.5,0.0,0.0,見送り(地合い🔴),Amazon,3.1,8.8,2.7,0.9,422,446.79998779296875,2.6,1.9,6170,Amazon+17.6%連動(β0.25) 未反応+3.1% / MA上昇配列 / パーフェクトオーダー / PER16倍
6268,ナブテスコ,機械,34.2,★☆☆☆☆,24.0,0.0,3.0,0.0,0.0,2.5,4.7,0.0,見送り(地合い🔴),Amazon,9.2,-3.7,6.2,-7.5,4106,4693.0,-4.4,1.6,6351,Amazon+17.6%連動(β0.27) 未反応+9.2% / 開示[業績予想の修正](2日前) / 開示[自己株式の取得](2日前)
8386,百十四銀行,銀行業,33.8,★☆☆☆☆,16.3,0.0,3.0,0.0,9.5,5.0,0.0,0.0,見送り(地合い🔴),SK hynix,6.8,14.8,4.0,4.4,2621,2846.0,-4.0,1.6,1038,SK hynix+10.8%連動(β0.16) 未反応+6.8% / MA上昇配列 / パーフェクトオーダー / PER17倍
6594,ニデック,電気機器,33.7,★☆☆☆☆,29.2,0.0,0.0,0.0,1.5,3.0,0.0,0.0,見送り(地合い🔴),Microsoft,5.6,3.1,3.5,-0.3,2408,2591.0,1.6,1.0,14149,Microsoft+18.1%連動(β0.38) 未反応+5.6% / PER25倍
4188,三菱ケミカルグループ,化学,32.6,★☆☆☆☆,16.5,0.0,3.3,0.0,8.2,2.5,2.1,0.0,見送り(地合い🔴),SK hynix,4.8,11.5,3.7,1.4,1101,1188.0,-0.1,2.4,7621,SK hynix+10.8%連動(β0.17) 未反応+4.8% / 出来高増2.4倍 / MA上昇配列 / パーフェクトオーダー / 開示[業績予想の修正](2日前)
7537,丸文,卸売業,32.2,★☆☆☆☆,16.7,0.0,4.3,0.0,8.2,3.0,0.0,0.0,見送り(地合い🔴),SK hynix,3.5,8.3,4.1,1.8,1557,1695.0,0.6,2.0,193,SK hynix+10.8%連動(β0.23) 未反応+3.5% / 出来高増2.0倍 / MA上昇配列 / パーフェクトオーダー / PER13倍
6724,セイコーエプソン,電気機器,30.4,★☆☆☆☆,15.9,0.0,1.0,0.0,12.0,1.5,0.0,0.0,見送り(地合い🔴),SK hynix,6.4,14.8,3.4,3.4,2752,2950.0,1.0,1.5,5465,SK hynix+10.8%連動(β0.14) 未反応+6.4% / MA上昇配列 / パーフェクトオーダー
6976,太陽誘電,電気機器,30.0,★☆☆☆☆,30.0,0.0,0.0,0.0,0.0,0.0,0.0,0.0,見送り(地合い🔴),Microsoft,20.3,-43.5,14.8,-28.2,7201,10225.0,-10.4,0.0,302265,Microsoft+18.1%連動(β0.49) 未反応+20.3%
4186,東京応化工業,化学,28.8,★☆☆☆☆,24.8,0.0,2.0,0.0,0.0,0.0,2.0,0.0,見送り(地合い🔴),Amazon,15.9,-10.2,8.4,-13.1,7388,8882.0,-11.6,1.9,9715,Amazon+17.6%連動(β0.29) 未反応+15.9% / 開示[業績予想の修正](3日前)
6383,ダイフク,機械,28.8,★☆☆☆☆,26.8,0.0,2.0,0.0,0.0,0.0,0.0,0.0,見送り(地合い🔴),Amazon,11.0,-11.0,4.5,-9.5,5443,5983.0,-3.5,1.6,10192,Amazon+17.6%連動(β0.33) 未反応+11.0%
8377,ほくほくフィナンシャルグループ,銀行業,28.799999999999997,★☆☆☆☆,16.9,0.0,3.0,0.0,8.2,0.0,0.7,0.0,見送り(地合い🔴),SK hynix,8.7,12.3,4.8,1.4,6746,7469.0,-3.2,1.3,3720,SK hynix+10.8%連動(β0.18) 未反応+8.7% / MA上昇配列 / パーフェクトオーダー / 開示[株式分割](9日前)
7327,第四北越フィナンシャルグループ,銀行業,28.799999999999997,★☆☆☆☆,16.2,0.0,1.0,0.0,8.2,0.0,3.4,0.0,見送り(地合い🔴),SK hynix,5.6,11.8,3.1,2.1,2163,2308.0,-2.4,1.2,1854,SK hynix+10.8%連動(β0.16) 未反応+5.6% / MA上昇配列 / パーフェクトオーダー / 開示[上方修正](2日前)
6890,フェローテック,電気機器,28.700000000000003,★☆☆☆☆,25.6,0.0,2.0,0.0,0.0,0.0,1.1,0.0,見送り(地合い🔴),Quanta Services,9.2,-0.9,10.2,-1.3,6610,8300.0,-7.0,1.6,13821,Quanta Services+13.4%連動(β0.41) 未反応+9.2% / 開示[業績予想の修正](11日前) / 開示[業績予想の修正](11日前)
6324,ハーモニック・ドライブ・システムズ,機械,28.6,★☆☆☆☆,22.6,6.0,0.0,0.0,0.0,0.0,0.0,0.0,見送り(地合い🔴),SK hynix,11.1,-18.1,10.2,-14.3,4889,6140.0,-6.4,1.0,13796,SK hynix+10.8%連動(β0.39) 未反応+11.1% / ロボット(-1.2%)
8309,三井住友トラストグループ,銀行業,28.599999999999998,★☆☆☆☆,16.4,0.0,4.0,0.0,8.2,0.0,0.0,0.0,見送り(地合い🔴),Eaton,5.6,12.0,2.7,1.0,1565,1654.0,-2.9,1.6,17881,Eaton+7.5%連動(β0.23) 未反応+5.6% / MA上昇配列 / パーフェクトオーダー
6250,やまびこ,機械,28.4,★☆☆☆☆,15.4,0.0,1.0,0.0,12.0,0.0,0.0,0.0,見送り(地合い🔴),Eaton,3.3,8.1,3.3,1.5,3618,3875.0,0.9,1.5,303,Eaton+7.5%連動(β0.29) 未反応+3.3% / MA上昇配列 / パーフェクトオーダー
7613,シークス,卸売業,28.3,★☆☆☆☆,17.3,0.0,0.0,0.0,11.0,0.0,0.0,0.0,見送り(地合い🔴),Eaton,4.8,14.9,2.6,3.8,1331,1404.0,0.0,0.8,254,Eaton+7.5%連動(β0.28) 未反応+4.8% / MA上昇配列 / パーフェクトオーダー
6677,エスケーエレクトロニクス,電気機器,28.3,★☆☆☆☆,18.1,0.0,2.0,0.0,8.2,0.0,0.0,0.0,見送り(地合い🔴),SK hynix,4.0,4.1,3.4,1.2,3231,3470.0,1.2,1.5,192,SK hynix+10.8%連動(β0.22) 未反応+4.0% / MA上昇配列 / パーフェクトオーダー
9449,ＧＭＯインターネットグループ,情報・通信業,28.3,★☆☆☆☆,12.8,0.0,4.0,0.0,11.5,0.0,0.0,0.0,見送り(地合い🔴),Amazon,0.9,26.7,3.0,10.4,3997,4254.0,8.6,1.3,2136,Amazon+17.6%連動(β0.23) 未反応+0.9% / MA上昇配列 / 52週高値目前
6407,ＣＫＤ,機械,28.2,★☆☆☆☆,26.2,0.0,2.0,0.0,0.0,0.0,0.0,0.0,見送り(地合い🔴),Amazon,11.0,-13.2,8.8,-11.1,4940,6000.0,-5.8,2.0,4890,Amazon+17.6%連動(β0.32) 未反応+11.0%
6728,アルバック,電気機器,28.1,★☆☆☆☆,26.1,0.0,2.0,0.0,0.0,0.0,0.0,0.0,見送り(地合い🔴),Amazon,12.7,-6.0,7.3,-10.3,7381,8648.0,-10.1,1.6,5132,Amazon+17.6%連動(β0.32) 未反応+12.7%
6481,ＴＨＫ,機械,28.0,★☆☆☆☆,25.0,0.0,2.0,0.0,1.0,0.0,0.0,0.0,見送り(地合い🔴),Amazon,8.6,-3.5,6.3,-5.8,5855,6700.0,-2.2,1.6,8441,Amazon+17.6%連動(β0.30) 未反応+8.6%
8591,オリックス,その他金融業,27.8,★☆☆☆☆,16.6,0.0,3.0,0.0,8.2,0.0,0.0,0.0,見送り(地合い🔴),Eaton,5.8,8.5,3.0,0.2,6029,6410.0,-1.9,1.3,20224,Eaton+7.5%連動(β0.25) 未反応+5.8% / MA上昇配列 / パーフェクトオーダー
6954,ファナック,電気機器,27.8,★☆☆☆☆,13.1,6.0,4.0,0.0,4.7,0.0,0.0,0.0,見送り(地合い🔴),Amazon,0.0,5.3,4.9,2.6,6443,7135.0,7.7,1.6,41833,Amazon+17.6%連動(β0.29) / ロボット(-1.2%)
7350,おきなわフィナンシャルグループ,銀行業,27.7,★☆☆☆☆,16.2,0.0,2.0,0.0,9.5,0.0,0.0,0.0,見送り(地合い🔴),SK hynix,4.5,20.0,3.8,6.3,6787,7350.0,-0.1,1.2,531,SK hynix+10.8%連動(β0.16) 未反応+4.5% / MA上昇配列 / パーフェクトオーダー
8346,東邦銀行,銀行業,27.7,★☆☆☆☆,16.2,0.0,2.0,0.0,9.5,0.0,0.0,0.0,見送り(地合い🔴),SK hynix,9.9,13.9,4.2,2.5,788,860.0,-4.9,1.5,825,SK hynix+10.8%連動(β0.16) 未反応+9.9% / MA上昇配列 / パーフェクトオーダー
6305,日立建機,機械,27.7,★☆☆☆☆,18.3,0.0,4.7,0.0,4.7,0.0,0.0,0.0,見送り(地合い🔴),Eaton,7.5,10.0,3.9,1.2,4975,5394.0,0.8,3.5,5688,Eaton+7.5%連動(β0.33) 未反応+7.5% / 出来高急増3.5倍
6141,ＤＭＧ森精機,機械,27.7,★☆☆☆☆,19.5,0.0,1.0,0.0,7.2,0.0,0.0,0.0,見送り(地合い🔴),SK hynix,5.0,9.3,4.9,3.9,3354,3720.0,2.9,1.2,4258,SK hynix+10.8%連動(β0.28) 未反応+5.0% / MA上昇配列 / パーフェクトオーダー
6590,芝浦メカトロニクス,電気機器,27.5,★☆☆☆☆,27.5,0.0,0.0,0.0,0.0,0.0,0.0,0.0,見送り(地合い🔴),Quanta Services,20.9,-12.4,10.8,-14.8,3434,4385.0,-13.3,0.9,13738,Quanta Services+13.4%連動(β0.46) 未反応+20.9%
5310,東洋炭素,ガラス・土石製品,27.5,★☆☆☆☆,21.5,6.0,0.0,0.0,0.0,0.0,0.0,0.0,見送り(地合い🔴),Quanta Services,7.6,-4.1,5.5,-5.0,5886,6620.0,-1.5,1.1,836,Quanta Services+13.4%連動(β0.28) 未反応+7.6% / 核融合(-3.6%)
6770,アルプスアルパイン,電気機器,27.400000000000002,★☆☆☆☆,12.8,0.0,4.0,0.0,8.0,0.0,2.6,0.0,見送り(地合い🔴),SK hynix,2.8,11.7,3.1,4.6,2078,2214.0,2.2,1.6,3584,SK hynix+10.8%連動(β0.17) 未反応+2.8% / 開示[自己株式取得](2日前)
4461,第一工業製薬,化学,27.400000000000002,★☆☆☆☆,8.9,0.0,5.7,0.0,11.0,0.0,1.8,0.0,見送り(地合い🔴),SK hynix,-22.1,10.1,8.0,13.9,10610,12620.0,20.2,6.2,1875,SK hynix+10.8%連動(β0.33) / 出来高急増6.2倍 / MA上昇配列 / パーフェクトオーダー / 開示[業績予想の修正](4日前)
8707,岩井コスモホールディングス,証券、商品先物取引業,27.3,★☆☆☆☆,16.1,0.0,3.0,0.0,8.2,0.0,0.0,0.0,見送り(地合い🔴),Eaton,4.5,11.1,3.5,0.7,3903,4195.0,-1.9,1.3,523,Eaton+7.5%連動(β0.22) 未反応+4.5% / MA上昇配列 / パーフェクトオーダー
6941,山一電機,電気機器,27.3,★☆☆☆☆,24.3,0.0,3.0,0.0,0.0,0.0,0.0,0.0,見送り(地合い🔴),Quanta Services,12.1,0.5,8.4,-4.5,7134,8580.0,-6.0,1.6,2475,Quanta Services+13.4%連動(β0.37) 未反応+12.1%
7389,あいちフィナンシャルグループ,銀行業,27.2,★☆☆☆☆,15.7,0.0,2.0,0.0,9.5,0.0,0.0,0.0,見送り(地合い🔴),SK hynix,8.8,24.8,5.2,8.0,1556,1737.0,-5.0,0.9,1625,SK hynix+10.8%連動(β0.14) 未反応+8.8% / MA上昇配列 / パーフェクトオーダー
6758,ソニーグループ,電気機器,27.2,★☆☆☆☆,17.2,0.0,3.3,0.0,6.7,0.0,0.0,0.0,見送り(地合い🔴),Microsoft,0.4,20.1,2.9,9.7,3570,3787.0,11.1,2.3,65021,Microsoft+18.1%連動(β0.35) / 出来高増2.3倍 / MA上昇配列
4004,レゾナック・ホールディングス,化学,27.1,★☆☆☆☆,25.1,0.0,2.0,0.0,0.0,0.0,0.0,0.0,見送り(地合い🔴),Quanta Services,7.0,-17.0,8.6,-11.2,11351,13725.0,-5.4,1.8,36587,Quanta Services+13.4%連動(β0.39) 未反応+7.0%
6855,日本電子材料,電気機器,27.0,★☆☆☆☆,27.0,0.0,0.0,0.0,0.0,0.0,0.0,0.0,見送り(地合い🔴),Quanta Services,7.0,-12.7,9.5,-10.5,4929,6090.0,-3.0,0.8,5093,Quanta Services+13.4%連動(β0.45) 未反応+7.0%
5832,ちゅうぎんフィナンシャルグループ,銀行業,26.9,★☆☆☆☆,15.7,0.0,3.0,0.0,8.2,0.0,0.0,0.0,見送り(地合い🔴),SK hynix,5.5,11.3,3.4,1.8,3096,3323.0,-2.6,1.3,1157,SK hynix+10.8%連動(β0.14) 未反応+5.5% / MA上昇配列 / パーフェクトオーダー
8306,三菱ＵＦＪフィナンシャル・グループ,銀行業,26.9,★☆☆☆☆,16.7,0.0,2.0,0.0,8.2,0.0,0.0,0.0,見送り(地合い🔴),Eaton,7.9,14.4,3.3,2.0,3334,3571.0,-4.9,1.2,158440,Eaton+7.5%連動(β0.25) 未反応+7.9% / MA上昇配列 / パーフェクトオーダー
6525,ＫＯＫＵＳＡＩ　ＥＬＥＣＴＲＩＣ,電気機器,26.9,★☆☆☆☆,25.0,0.0,0.0,0.0,0.0,0.0,1.9,0.0,見送り(地合い🔴),SK hynix,18.5,-22.5,12.2,-22.5,5604,7422.0,-13.3,0.1,81613,SK hynix+10.8%連動(β0.48) 未反応+18.5% / 開示[自己株式の取得](5日前)
6103,オークマ,機械,26.9,★☆☆☆☆,19.9,0.0,0.0,0.0,7.0,0.0,0.0,0.0,見送り(地合い🔴),Quanta Services,4.7,9.6,3.7,1.9,4579,4945.0,1.5,0.9,2376,Quanta Services+13.4%連動(β0.24) 未反応+4.7% / MA上昇配列 / パーフェクトオーダー
7240,ＮＯＫ,輸送用機器,26.8,★☆☆☆☆,12.8,0.0,2.0,0.0,12.0,0.0,0.0,0.0,見送り(地合い🔴),Eaton,2.7,9.4,2.2,2.9,2912,3047.0,1.4,1.0,1171,Eaton+7.5%連動(β0.25) 未反応+2.7% / MA上昇配列 / パーフェクトオーダー
4203,住友ベークライト,化学,26.8,★☆☆☆☆,22.5,0.0,3.3,0.0,1.0,0.0,0.0,0.0,見送り(地合い🔴),Amazon,6.2,-4.9,5.1,-7.7,5851,6513.0,-4.2,2.2,3276,Amazon+17.6%連動(β0.24) 未反応+6.2% / 出来高増2.2倍
6273,ＳＭＣ,機械,26.8,★☆☆☆☆,26.8,0.0,0.0,0.0,0.0,0.0,0.0,0.0,見送り(地合い🔴),Microsoft,7.8,3.3,5.0,-1.7,63483,70480.0,-0.7,1.1,20324,Microsoft+18.1%連動(β0.33) 未反応+7.8%
5384,フジミインコーポレーテッド,ガラス・土石製品,26.8,★☆☆☆☆,25.8,0.0,1.0,0.0,0.0,0.0,0.0,0.0,見送り(地合い🔴),Amazon,12.2,-7.9,7.3,-8.0,3262,3820.0,-5.2,1.4,1630,Amazon+17.6%連動(β0.31) 未反応+12.2%
7282,豊田合成,輸送用機器,26.8,★☆☆☆☆,5.1,0.0,6.7,0.0,15.0,0.0,0.0,0.0,見送り(地合い🔴),Eaton,-5.3,14.0,2.9,8.5,5234,5562.0,11.0,4.2,2711,Eaton+7.5%連動(β0.27) / 出来高急増4.2倍 / MA上昇配列 / パーフェクトオーダー / 52週高値ブレイク!
8399,琉球銀行,銀行業,26.6,★☆☆☆☆,16.1,0.0,1.0,0.0,9.5,0.0,0.0,0.0,見送り(地合い🔴),SK hynix,5.3,18.1,4.0,5.4,2706,2943.0,-1.9,0.9,420,SK hynix+10.8%連動(β0.15) 未反応+5.3% / MA上昇配列 / パーフェクトオーダー
8544,京葉銀行,銀行業,26.599999999999998,★☆☆☆☆,16.4,0.0,3.0,0.0,7.2,0.0,0.0,0.0,見送り(地合い🔴),SK hynix,11.5,8.2,4.5,0.1,2412,2650.0,-6.8,1.6,1341,SK hynix+10.8%連動(β0.16) 未反応+11.5% / MA上昇配列 / パーフェクトオーダー
6505,東洋電機製造,電気機器,26.5,★☆☆☆☆,14.5,0.0,4.0,0.0,8.0,0.0,0.0,0.0,見送り(地合い🔴),SK hynix,3.3,26.3,4.0,9.0,2163,2350.0,-1.1,0.6,229,SK hynix+10.8%連動(β0.17) 未反応+3.3% / 資金流入増
6368,オルガノ,機械,26.5,★☆☆☆☆,23.2,0.0,3.3,0.0,0.0,0.0,0.0,0.0,見送り(地合い🔴),Quanta Services,6.6,-2.0,6.8,-3.9,12683,14680.0,-3.0,2.6,3899,Quanta Services+13.4%連動(β0.33) 未反応+6.6% / 出来高増2.6倍
6264,マルマエ,機械,26.4,★☆☆☆☆,26.4,0.0,0.0,0.0,0.0,0.0,0.0,0.0,見送り(地合い🔴),Quanta Services,4.8,-19.5,7.6,-10.0,1711,2019.0,2.6,0.9,2906,Quanta Services+13.4%連動(β0.43) 未反応+4.8%
4118,カネカ,化学,26.4,★☆☆☆☆,15.9,0.0,1.0,0.0,9.5,0.0,0.0,0.0,見送り(地合い🔴),Eaton,4.4,7.6,2.1,0.2,5483,5718.0,-2.1,1.3,1177,Eaton+7.5%連動(β0.21) 未反応+4.4% / MA上昇配列 / パーフェクトオーダー
6507,シンフォニアテクノロジー,電気機器,26.3,★☆☆☆☆,24.3,0.0,2.0,0.0,0.0,0.0,0.0,0.0,見送り(地合い🔴),Quanta Services,8.6,-6.6,6.6,-7.9,11559,13330.0,-6.8,1.6,2112,Quanta Services+13.4%連動(β0.37) 未反応+8.6%
6707,サンケン電気,電気機器,26.2,★☆☆☆☆,25.2,0.0,1.0,0.0,0.0,0.0,0.0,0.0,見送り(地合い🔴),Quanta Services,11.1,-21.1,6.5,-15.7,7251,8340.0,-10.0,1.3,1330,Quanta Services+13.4%連動(β0.39) 未反応+11.1%
8343,秋田銀行,銀行業,26.2,★☆☆☆☆,16.0,0.0,2.0,0.0,8.2,0.0,0.0,0.0,見送り(地合い🔴),SK hynix,9.1,11.3,4.3,1.4,6633,7260.0,-5.3,1.2,795,SK hynix+10.8%連動(β0.15) 未反応+9.1% / MA上昇配列 / パーフェクトオーダー
8522,名古屋銀行,銀行業,26.2,★☆☆☆☆,17.0,0.0,1.0,0.0,8.2,0.0,0.0,0.0,見送り(地合い🔴),SK hynix,8.9,9.5,4.2,0.8,5959,6510.0,-5.5,1.1,962,SK hynix+10.8%連動(β0.18) 未反応+8.9% / MA上昇配列 / パーフェクトオーダー
8393,宮崎銀行,銀行業,26.1,★☆☆☆☆,16.6,0.0,0.0,0.0,9.5,0.0,0.0,0.0,見送り(地合い🔴),SK hynix,10.2,12.5,4.8,2.6,2113,2339.0,-5.6,0.8,681,SK hynix+10.8%連動(β0.17) 未反応+10.2% / MA上昇配列 / パーフェクトオーダー
3891,ニッポン高度紙工業,パルプ・紙,26.1,★☆☆☆☆,20.7,0.0,3.3,0.0,0.0,0.0,2.1,0.0,見送り(地合い🔴),SK hynix,5.1,-22.0,9.1,-14.5,5500,6730.0,-5.6,2.5,1363,SK hynix+10.8%連動(β0.32) 未反応+5.1% / 出来高増2.5倍 / 開示[業績予想の修正](2日前)
8015,豊田通商,卸売業,26.0,★☆☆☆☆,11.6,0.0,5.3,0.0,7.0,0.0,2.1,0.0,見送り(地合い🔴),Quanta Services,1.0,16.4,3.1,7.3,6300,6722.0,4.6,2.0,18531,Quanta Services+13.4%連動(β0.26) 未反応+1.0% / 出来高増2.0倍 / 開示[業績予想の修正](2日前)
6254,野村マイクロ・サイエンス,機械,26.0,★☆☆☆☆,24.0,0.0,2.0,0.0,0.0,0.0,0.0,0.0,見送り(地合い🔴),SK hynix,7.9,-8.3,7.8,-7.4,3383,4010.0,-2.7,1.7,3720,SK hynix+10.8%連動(β0.44) 未反応+7.9%
6473,ジェイテクト,機械,26.0,★☆☆☆☆,5.7,0.0,5.3,0.0,15.0,0.0,0.0,0.0,見送り(地合い🔴),Eaton,-3.0,13.2,3.4,6.4,2065,2216.0,9.4,2.2,2604,Eaton+7.5%連動(β0.31) / 出来高増2.2倍 / MA上昇配列 / パーフェクトオーダー / 52週高値ブレイク!
6961,エンプラス,電気機器,25.900000000000002,★☆☆☆☆,22.6,0.0,3.3,0.0,0.0,0.0,0.0,0.0,見送り(地合い🔴),Eaton,16.9,-5.8,9.7,-8.4,9174,11380.0,-13.5,2.6,2303,Eaton+7.5%連動(β0.57) 未反応+16.9% / 出来高増2.6倍
4189,ＫＨネオケム,化学,25.9,★☆☆☆☆,4.2,0.0,6.7,0.0,15.0,0.0,0.0,0.0,見送り(地合い🔴),SK hynix,-4.7,19.4,3.1,10.0,3099,3305.0,7.7,4.3,483,SK hynix+10.8%連動(β0.16) / 出来高急増4.3倍 / MA上昇配列 / パーフェクトオーダー / 52週高値ブレイク!
8697,日本取引所グループ,その他金融業,25.9,★☆☆☆☆,15.7,0.0,2.0,0.0,8.2,0.0,0.0,0.0,見送り(地合い🔴),SK hynix,5.7,9.6,3.8,0.7,2025,2192.5,-1.3,1.6,9113,SK hynix+10.8%連動(β0.14) 未反応+5.7% / MA上昇配列 / パーフェクトオーダー
6125,岡本工作機械製作所,機械,25.8,★☆☆☆☆,24.8,0.0,1.0,0.0,0.0,0.0,0.0,0.0,見送り(地合い🔴),Amazon,7.3,-2.0,6.2,-5.7,4389,5010.0,-1.0,1.1,346,Amazon+17.6%連動(β0.29) 未反応+7.3%
6302,住友重機械工業,機械,25.7,★☆☆☆☆,17.5,0.0,1.0,0.0,7.2,0.0,0.0,0.0,見送り(地合い🔴),Eaton,5.5,6.1,3.8,0.4,4841,5238.0,-0.7,1.4,3968,Eaton+7.5%連動(β0.29) 未反応+5.5% / MA上昇配列 / パーフェクトオーダー
4970,東洋合成工業,化学,25.7,★☆☆☆☆,25.7,0.0,0.0,0.0,0.0,0.0,0.0,0.0,見送り(地合い🔴),Quanta Services,19.2,-15.7,8.4,-14.5,10771,12950.0,-15.5,1.1,947,Quanta Services+13.4%連動(β0.41) 未反応+19.2%
7721,東京計器,精密機器,25.6,★☆☆☆☆,18.6,0.0,1.0,0.0,6.0,0.0,0.0,0.0,見送り(地合い🔴),SK hynix,4.6,14.5,5.8,5.4,6080,6880.0,-1.4,0.7,2815,SK hynix+10.8%連動(β0.24) 未反応+4.6%
8364,清水銀行,銀行業,25.599999999999998,★☆☆☆☆,15.4,0.0,2.0,0.0,8.2,0.0,0.0,0.0,見送り(地合い🔴),SK hynix,8.8,17.0,3.9,2.8,2472,2681.0,-3.8,0.7,102,SK hynix+10.8%連動(β0.12) 未反応+8.8% / MA上昇配列 / パーフェクトオーダー
3131,シンデン・ハイテックス,卸売業,25.5,★☆☆☆☆,7.3,0.0,4.7,0.0,13.5,0.0,0.0,0.0,見送り(地合い🔴),SK hynix,-13.0,12.6,5.3,13.0,3663,4100.0,16.6,5.3,119,SK hynix+10.8%連動(β0.27) / 出来高急増5.3倍 / MA上昇配列 / パーフェクトオーダー / 52週高値目前
8395,佐賀銀行,銀行業,25.5,★☆☆☆☆,16.3,0.0,1.0,0.0,8.2,0.0,0.0,0.0,見送り(地合い🔴),SK hynix,8.4,10.3,4.2,0.3,5130,5600.0,-5.2,1.0,307,SK hynix+10.8%連動(β0.16) 未反応+8.4% / MA上昇配列 / パーフェクトオーダー
4634,ａｒｔｉｅｎｃｅ,化学,25.5,★☆☆☆☆,15.0,0.0,1.0,0.0,9.5,0.0,0.0,0.0,見送り(地合い🔴),SK hynix,3.7,9.1,2.6,1.0,4232,4460.0,-1.7,1.0,698,SK hynix+10.8%連動(β0.15) 未反応+3.7% / MA上昇配列 / パーフェクトオーダー
7734,理研計器,精密機器,25.3,★☆☆☆☆,19.6,0.0,2.0,0.0,3.7,0.0,0.0,0.0,見送り(地合い🔴),Amazon,2.6,-0.7,3.3,0.0,3264,3495.0,5.1,1.9,319,Amazon+17.6%連動(β0.27) 未反応+2.6%
8150,三信電気,卸売業,25.3,★☆☆☆☆,11.3,0.0,5.3,0.0,8.7,0.0,0.0,0.0,見送り(地合い🔴),SK hynix,2.6,10.9,2.1,2.7,2786,2907.0,0.9,2.1,113,SK hynix+10.8%連動(β0.13) 未反応+2.6% / 出来高増2.1倍 / MA上昇配列
6638,ミマキエンジニアリング,電気機器,25.3,★☆☆☆☆,15.1,0.0,2.0,0.0,8.2,0.0,0.0,0.0,見送り(地合い🔴),NASDAQ,5.0,21.7,4.5,4.1,1924,2116.0,-4.2,0.9,256,NASDAQ+2.0%連動(β0.63) 未反応+5.0% / MA上昇配列 / パーフェクトオーダー
6622,ダイヘン,電気機器,25.2,★☆☆☆☆,24.2,0.0,1.0,0.0,0.0,0.0,0.0,0.0,見送り(地合い🔴),Quanta Services,10.6,-13.1,7.3,-10.5,11786,13790.0,-5.9,1.4,3894,Quanta Services+13.4%連動(β0.36) 未反応+10.6%
5706,三井金属,非鉄金属,25.2,★☆☆☆☆,23.2,0.0,2.0,0.0,0.0,0.0,0.0,0.0,見送り(地合い🔴),Quanta Services,5.4,-12.7,9.5,-10.7,25054,30950.0,-3.0,1.7,42337,Quanta Services+13.4%連動(β0.33) 未反応+5.4%
6258,平田機工,機械,25.2,★☆☆☆☆,25.2,0.0,0.0,0.0,0.0,0.0,0.0,0.0,見送り(地合い🔴),Amazon,8.5,-0.7,5.3,-3.4,2550,2854.0,-1.8,1.2,770,Amazon+17.6%連動(β0.30) 未反応+8.5%
6727,ワコム,電気機器,25.1,★☆☆☆☆,16.1,0.0,4.3,0.0,4.7,0.0,0.0,0.0,見送り(地合い🔴),Eaton,3.5,6.1,3.6,1.4,723,780.0,1.3,2.4,650,Eaton+7.5%連動(β0.31) 未反応+3.5% / 出来高増2.4倍
8078,阪和興業,卸売業,25.099999999999998,★☆☆☆☆,19.4,0.0,2.0,0.0,3.7,0.0,0.0,0.0,見送り(地合い🔴),Quanta Services,4.5,5.7,2.5,-0.5,1621,1707.0,-0.8,0.8,795,Quanta Services+13.4%連動(β0.22) 未反応+4.5%
8622,水戸証券,証券、商品先物取引業,25.099999999999998,★☆☆☆☆,4.1,0.0,7.3,0.0,13.7,0.0,0.0,0.0,見送り(地合い🔴),SK hynix,-1.4,28.9,3.4,13.2,759,815.0,4.5,1.8,257,SK hynix+10.8%連動(β0.15) / 買い出来高優勢 / 資金流入増 / MA上昇配列 / パーフェクトオーダー / 52週高値ブレイク!
6266,タツモ,機械,25.0,★☆☆☆☆,24.0,0.0,1.0,0.0,0.0,0.0,0.0,0.0,見送り(地合い🔴),SK hynix,15.7,-9.9,10.3,-13.6,3180,4005.0,-9.8,1.0,1688,SK hynix+10.8%連動(β0.44) 未反応+15.7%
6779,日本電波工業,電気機器,25.0,★☆☆☆☆,21.7,0.0,3.3,0.0,0.0,0.0,0.0,0.0,見送り(地合い🔴),SK hynix,11.4,-19.7,9.8,-17.3,2061,2566.0,-8.9,2.2,3070,SK hynix+10.8%連動(β0.36) 未反応+11.4% / 出来高増2.2倍
6737,ＥＩＺＯ,電気機器,25.0,★☆☆☆☆,3.1,0.0,4.3,0.0,15.0,0.0,2.6,0.0,見送り(地合い🔴),SK hynix,-1.0,22.9,3.1,10.2,2719,2896.0,4.4,2.4,582,SK hynix+10.8%連動(β0.12) / 出来高増2.4倍 / MA上昇配列 / パーフェクトオーダー / 52週高値ブレイク! / 開示[自己株式の取得](2日前)
8411,みずほフィナンシャルグループ,銀行業,24.999999999999996,★☆☆☆☆,17.4,0.0,2.0,0.0,3.2,0.0,2.4,0.0,見送り(地合い🔴),SK hynix,7.5,8.8,4.0,-0.6,7508,8167.0,-5.6,1.4,82980,SK hynix+10.8%連動(β0.20) 未反応+7.5% / 開示[自己株式取得](3日前)
6055,ジャパンマテリアル,サービス業,24.900000000000002,★☆☆☆☆,22.3,0.0,1.0,0.0,1.0,0.0,0.6,0.0,見送り(地合い🔴),Quanta Services,5.6,-2.6,6.7,-6.5,1963,2267.0,1.3,1.3,2339,Quanta Services+13.4%連動(β0.31) 未反応+5.6% / 開示[子会社化](10日前)
3433,トーカロ,金属製品,24.9,★☆☆☆☆,21.9,0.0,2.0,0.0,1.0,0.0,0.0,0.0,見送り(地合い🔴),Amazon,6.9,-4.8,5.0,-4.7,2622,2911.0,-1.6,2.0,1021,Amazon+17.6%連動(β0.22) 未反応+6.9%
7725,インターアクション,精密機器,24.9,★☆☆☆☆,19.4,0.0,4.3,0.0,1.2,0.0,0.0,0.0,見送り(地合い🔴),SK hynix,7.6,-4.4,6.8,-4.2,1462,1690.0,-0.6,0.8,407,SK hynix+10.8%連動(β0.27) 未反応+7.6% / 買い出来高優勢
6503,三菱電機,電気機器,24.8,★☆☆☆☆,8.8,9.3,2.0,0.0,4.7,0.0,0.0,0.0,見送り(地合い🔴),Quanta Services,-0.8,6.3,4.4,3.5,5392,5912.0,4.6,2.0,31437,Quanta Services+13.4%連動(β0.26) / AIデータセンター・電力(+1.6%)
8604,野村ホールディングス,証券、商品先物取引業,24.8,★☆☆☆☆,17.6,0.0,4.0,0.0,3.2,0.0,0.0,0.0,見送り(地合い🔴),Eaton,7.6,10.6,3.6,-0.7,1410,1520.0,-5.0,1.9,18066,Eaton+7.5%連動(β0.30) 未反応+7.6%
3436,ＳＵＭＣＯ,金属製品,24.8,★☆☆☆☆,23.8,0.0,1.0,0.0,0.0,0.0,0.0,0.0,見送り(地合い🔴),SK hynix,15.5,-20.3,14.6,-20.3,2379,3357.0,-7.3,0.6,95979,SK hynix+10.8%連動(β0.43) 未反応+15.5%
6454,マックス,機械,24.7,★☆☆☆☆,0.0,0.0,6.7,0.0,13.5,0.0,4.5,0.0,見送り(地合い🔴),,0.0,13.6,2.7,6.7,1745,1843.0,7.5,4.5,484,出来高急増4.5倍 / MA上昇配列 / パーフェクトオーダー / 52週高値目前 / 開示[自己株式の取得](2日前) / 開示[業績予想の修正](3日前)
4966,上村工業,化学,24.7,★☆☆☆☆,21.7,0.0,3.0,0.0,0.0,0.0,0.0,0.0,見送り(地合い🔴),Quanta Services,7.1,-6.7,7.0,-7.8,19249,22380.0,-4.5,1.7,1926,Quanta Services+13.4%連動(β0.29) 未反応+7.1%
6370,栗田工業,機械,24.5,★☆☆☆☆,18.7,0.0,3.0,0.0,1.0,0.0,1.8,0.0,見送り(地合い🔴),SK hynix,5.3,2.4,4.3,-2.2,7991,8742.0,-2.2,1.8,4223,SK hynix+10.8%連動(β0.25) 未反応+5.3% / 開示[業績予想の修正](4日前)
8075,神鋼商事,卸売業,24.5,★☆☆☆☆,9.2,0.0,5.3,0.0,10.0,0.0,0.0,0.0,見送り(地合い🔴),SK hynix,1.8,14.1,1.6,4.0,2493,2577.0,0.9,2.0,109,SK hynix+10.8%連動(β0.13) 未反応+1.8% / 出来高増2.0倍 / MA上昇配列
6395,タダノ,機械,24.5,★☆☆☆☆,17.5,0.0,0.0,0.0,7.0,0.0,0.0,0.0,見送り(地合い🔴),Eaton,4.4,11.9,3.1,3.3,1256,1338.0,1.1,1.0,527,Eaton+7.5%連動(β0.29) 未反応+4.4%
3110,日東紡績,ガラス・土石製品,24.3,★☆☆☆☆,23.3,0.0,1.0,0.0,0.0,0.0,0.0,0.0,見送り(地合い🔴),SK hynix,16.0,-16.6,9.0,-17.7,2297,2800.0,-12.4,1.4,15993,SK hynix+10.8%連動(β0.42) 未反応+16.0%
5631,日本製鋼所,機械,24.3,★☆☆☆☆,24.3,0.0,0.0,0.0,0.0,0.0,0.0,0.0,見送り(地合い🔴),Quanta Services,7.4,0.8,4.7,-3.4,6787,7490.0,-3.4,0.8,7100,Quanta Services+13.4%連動(β0.37) 未反応+7.4%
4462,石原ケミカル,化学,24.200000000000003,★☆☆☆☆,15.9,0.0,5.7,0.0,0.0,0.0,2.6,0.0,見送り(地合い🔴),SK hynix,3.4,-6.3,5.7,-5.7,2570,2901.0,-0.4,4.7,104,SK hynix+10.8%連動(β0.21) 未反応+3.4% / 出来高急増4.7倍 / 開示[自己株式の取得](2日前)
7936,アシックス,その他製品,24.2,★☆☆☆☆,14.7,0.0,0.0,0.0,9.5,0.0,0.0,0.0,見送り(地合い🔴),NASDAQ,5.1,12.6,3.3,0.8,4443,4754.0,-0.8,0.9,16626,NASDAQ+2.0%連動(β0.54) 未反応+5.1% / MA上昇配列 / パーフェクトオーダー
8418,山口フィナンシャルグループ,銀行業,24.2,★☆☆☆☆,16.3,0.0,4.3,0.0,3.2,0.0,0.4,0.0,見送り(地合い🔴),SK hynix,7.9,7.8,3.3,-0.9,2777,2976.0,-4.6,2.3,1891,SK hynix+10.8%連動(β0.16) 未反応+7.9% / 出来高増2.3倍 / 開示[自己株式の取得](12日前)
6327,北川精機,機械,24.1,★☆☆☆☆,22.1,0.0,2.0,0.0,0.0,0.0,0.0,0.0,見送り(地合い🔴),SK hynix,25.7,-57.0,19.2,-45.0,1751,2846.0,-25.7,1.6,3885,SK hynix+10.8%連動(β0.37) 未反応+25.7%
6777,ｓａｎｔｅｃ　Ｈｏｌｄｉｎｇｓ,電気機器,24.1,★☆☆☆☆,22.1,0.0,2.0,0.0,0.0,0.0,0.0,0.0,見送り(地合い🔴),SK hynix,9.7,-20.7,9.0,-17.1,14161,17280.0,-8.8,1.5,2799,SK hynix+10.8%連動(β0.37) 未反応+9.7%
8002,丸紅,卸売業,24.1,★☆☆☆☆,17.1,0.0,0.0,0.0,7.0,0.0,0.0,0.0,見送り(地合い🔴),Eaton,6.6,14.6,3.1,3.3,4877,5201.0,-3.1,1.1,22516,Eaton+7.5%連動(β0.27) 未反応+6.6%
3445,ＲＳ　Ｔｅｃｈｎｏｌｏｇｉｅｓ,金属製品,24.0,★☆☆☆☆,22.1,0.0,1.0,0.0,0.0,0.0,0.9,0.0,見送り(地合い🔴),SK hynix,15.2,-10.2,9.9,-11.7,5063,6310.0,0.6,1.1,2355,SK hynix+10.8%連動(β0.37) 未反応+15.2% / 開示[資本提携](9日前)
6997,日本ケミコン,電気機器,24.0,★☆☆☆☆,22.0,0.0,2.0,0.0,0.0,0.0,0.0,0.0,見送り(地合い🔴),SK hynix,6.5,-32.9,10.7,-21.5,2454,3120.0,-3.7,1.9,4718,SK hynix+10.8%連動(β0.37) 未反応+6.5%
8159,立花エレテック,卸売業,23.9,★☆☆☆☆,6.9,0.0,2.0,0.0,15.0,0.0,0.0,0.0,見送り(地合い🔴),SK hynix,1.0,13.5,3.2,4.5,3241,3460.0,2.8,1.6,114,SK hynix+10.8%連動(β0.15) 未反応+1.0% / MA上昇配列 / パーフェクトオーダー / 52週高値ブレイク!
6490,ＰＩＬＬＡＲ,機械,23.7,★☆☆☆☆,21.7,0.0,1.0,0.0,1.0,0.0,0.0,0.0,見送り(地合い🔴),Quanta Services,8.5,-1.8,6.9,-4.7,8181,9490.0,-5.9,1.5,1446,Quanta Services+13.4%連動(β0.29) 未反応+8.5%
8713,フィデアホールディングス,銀行業,23.7,★☆☆☆☆,9.7,0.0,2.0,0.0,12.0,0.0,0.0,0.0,見送り(地合い🔴),SK hynix,2.1,14.5,2.9,4.6,2033,2160.0,1.3,1.0,128,SK hynix+10.8%連動(β0.12) 未反応+2.1% / MA上昇配列 / パーフェクトオーダー
5991,日本発條,金属製品,23.7,★☆☆☆☆,20.7,0.0,2.0,0.0,1.0,0.0,0.0,0.0,見送り(地合い🔴),Quanta Services,5.0,-2.2,5.6,-3.6,3209,3610.0,-1.3,1.6,3293,Quanta Services+13.4%連動(β0.26) 未反応+5.0%
5186,ニッタ,ゴム製品,23.7,★☆☆☆☆,14.5,0.0,1.0,0.0,8.2,0.0,0.0,0.0,見送り(地合い🔴),Eaton,3.7,14.3,3.5,1.4,5949,6390.0,-1.7,1.1,541,Eaton+7.5%連動(β0.19) 未反応+3.7% / MA上昇配列 / パーフェクトオーダー
4992,北興化学工業,化学,23.6,★☆☆☆☆,20.6,0.0,2.0,0.0,1.0,0.0,0.0,0.0,見送り(地合い🔴),Quanta Services,6.8,-5.8,4.4,-7.7,1685,1848.0,-4.7,1.4,265,Quanta Services+13.4%連動(β0.26) 未反応+6.8%
6856,堀場製作所,電気機器,23.6,★☆☆☆☆,21.6,0.0,1.0,0.0,1.0,0.0,0.0,0.0,見送り(地合い🔴),Quanta Services,8.7,-0.5,6.1,-4.2,22548,25675.0,-3.3,1.4,6588,Quanta Services+13.4%連動(β0.28) 未反応+8.7%
6963,ローム,電気機器,23.5,★☆☆☆☆,21.5,0.0,2.0,0.0,0.0,0.0,0.0,0.0,見送り(地合い🔴),Quanta Services,10.2,-10.5,8.6,-13.8,3590,4331.0,-7.6,1.6,27737,Quanta Services+13.4%連動(β0.28) 未反応+10.2%
6235,オプトラン,機械,23.4,★☆☆☆☆,21.4,0.0,2.0,0.0,0.0,0.0,0.0,0.0,見送り(地合い🔴),SK hynix,11.1,-13.8,7.9,-12.2,2529,3005.0,-7.3,1.7,1258,SK hynix+10.8%連動(β0.35) 未反応+11.1%
6526,ソシオネクスト,電気機器,23.4,★☆☆☆☆,21.4,0.0,2.0,0.0,0.0,0.0,0.0,0.0,見送り(地合い🔴),SK hynix,24.0,-24.5,10.0,-23.1,1532,1912.5,-20.1,1.5,24019,SK hynix+10.8%連動(β0.35) 未反応+24.0%
6859,エスペック,電気機器,23.3,★☆☆☆☆,21.1,0.0,0.0,0.0,2.2,0.0,0.0,0.0,見送り(地合い🔴),Amazon,9.8,-2.1,5.0,-4.9,3497,3890.0,-6.4,0.9,523,Amazon+17.6%連動(β0.21) 未反応+9.8%
6227,ＡＩメカテック,機械,23.299999999999997,★☆☆☆☆,21.7,0.0,0.0,0.0,1.2,0.0,0.4,0.0,見送り(地合い🔴),SK hynix,6.4,0.1,11.5,-1.2,5107,6640.0,-5.4,1.0,10713,SK hynix+10.8%連動(β0.36) 未反応+6.4% / 開示[受注](11日前)
4028,石原産業,化学,23.2,★☆☆☆☆,17.2,0.0,0.0,0.0,6.0,0.0,0.0,0.0,見送り(地合い🔴),SK hynix,4.0,10.0,3.7,3.1,2748,2966.0,-1.0,0.9,786,SK hynix+10.8%連動(β0.19) 未反応+4.0%
6613,ＱＤレーザ,電気機器,23.2,★☆☆☆☆,21.2,0.0,2.0,0.0,0.0,0.0,0.0,0.0,見送り(地合い🔴),SK hynix,4.5,-34.8,14.2,-29.0,1099,1537.0,-6.5,1.5,6042,SK hynix+10.8%連動(β0.34) 未反応+4.5%
6834,精工技研,電気機器,23.1,★☆☆☆☆,21.1,0.0,2.0,0.0,0.0,0.0,0.0,0.0,見送り(地合い🔴),SK hynix,10.4,-22.2,9.5,-17.2,15193,18770.0,-8.6,1.7,3487,SK hynix+10.8%連動(β0.34) 未反応+10.4%
4022,ラサ工業,化学,23.1,★☆☆☆☆,22.1,0.0,1.0,0.0,0.0,0.0,0.0,0.0,見送り(地合い🔴),Quanta Services,8.1,-4.7,7.3,-4.4,1559,1826.0,-3.1,1.4,2387,Quanta Services+13.4%連動(β0.30) 未反応+8.1%
8550,栃木銀行,銀行業,23.099999999999998,★☆☆☆☆,16.9,0.0,4.0,0.0,2.2,0.0,0.0,0.0,見送り(地合い🔴),SK hynix,12.1,4.8,5.3,-2.7,850,951.0,-7.5,1.6,811,SK hynix+10.8%連動(β0.18) 未反応+12.1%
6524,湖北工業,電気機器,23.0,★☆☆☆☆,19.0,0.0,1.0,0.0,1.2,0.0,1.8,0.0,見送り(地合い🔴),SK hynix,5.7,-8.4,7.2,-6.9,3748,4380.0,-3.1,1.4,1068,SK hynix+10.8%連動(β0.26) 未反応+5.7% / 開示[業績予想の修正](4日前)
6806,ヒロセ電機,電気機器,23.0,★☆☆☆☆,16.8,0.0,4.0,0.0,2.2,0.0,0.0,0.0,見送り(地合い🔴),SK hynix,5.7,1.1,4.5,-1.7,24931,27375.0,-3.4,1.6,5044,SK hynix+10.8%連動(β0.18) 未反応+5.7%
6703,沖電気工業,電気機器,23.0,★☆☆☆☆,18.3,0.0,4.7,0.0,0.0,0.0,0.0,0.0,見送り(地合い🔴),SK hynix,21.6,-13.1,7.3,-17.5,2347,2750.0,-17.9,3.0,2513,SK hynix+10.8%連動(β0.23) 未反応+21.6% / 出来高急増3.0倍
6999,ＫＯＡ,電気機器,22.9,★☆☆☆☆,19.9,0.0,3.0,0.0,0.0,0.0,0.0,0.0,見送り(地合い🔴),SK hynix,14.6,-15.5,9.8,-11.7,1817,2259.0,-18.8,1.1,3350,SK hynix+10.8%連動(β0.29) 未反応+14.6% / 資金流入増
4617,中国塗料,化学,22.8,★☆☆☆☆,16.6,0.0,2.0,0.0,4.2,0.0,0.0,0.0,見送り(地合い🔴),SK hynix,6.1,12.3,3.5,0.1,3331,3585.0,-1.2,2.0,1297,SK hynix+10.8%連動(β0.17) 未反応+6.1% / MA上昇配列
9962,ミスミグループ本社,卸売業,22.8,★☆☆☆☆,13.3,0.0,3.3,0.0,6.2,0.0,0.0,0.0,見送り(地合い🔴),Amazon,0.1,1.3,4.6,0.9,3509,3861.0,7.8,2.9,5051,Amazon+17.6%連動(β0.29) / 出来高増2.9倍 / MA上昇配列 / パーフェクトオーダー
6237,イワキポンプ,機械,22.8,★☆☆☆☆,10.8,0.0,4.0,0.0,11.0,0.0,0.0,-3.0,見送り(地合い🔴),SK hynix,1.9,36.9,6.2,15.9,4516,5150.0,3.2,1.1,713,SK hynix+10.8%連動(β0.19) 未反応+1.9% / 資金流入増 / MA上昇配列 / パーフェクトオーダー / 52週高値目前 / 伸びすぎ注意(25MA+16%)
6326,クボタ,機械,22.8,★☆☆☆☆,17.1,0.0,1.0,0.0,4.7,0.0,0.0,0.0,見送り(地合い🔴),Eaton,6.8,8.7,3.0,-0.0,2579,2745.5,-1.8,1.2,8134,Eaton+7.5%連動(β0.27) 未反応+6.8%
6463,ＴＰＲ,機械,22.8,★☆☆☆☆,4.3,0.0,3.0,0.0,13.5,0.0,2.0,0.0,見送り(地合い🔴),Eaton,-1.4,11.3,2.3,5.2,1426,1496.0,5.9,1.3,200,Eaton+7.5%連動(β0.23) / MA上昇配列 / パーフェクトオーダー / 52週高値目前 / 開示[業績予想の修正](3日前)
6875,メガチップス,電気機器,22.8,★☆☆☆☆,21.8,0.0,1.0,0.0,0.0,0.0,0.0,0.0,見送り(地合い🔴),Quanta Services,8.3,-10.1,4.9,-8.8,8176,9060.0,-4.6,1.2,1122,Quanta Services+13.4%連動(β0.29) 未反応+8.3%
2914,日本たばこ産業,食料品,22.799999999999997,★☆☆☆☆,0.0,0.0,6.7,0.0,13.7,0.0,2.4,0.0,見送り(地合い🔴),,0.0,23.5,2.3,13.4,6800,7135.0,10.4,2.6,32952,出来高増2.6倍 / 買い出来高優勢 / MA上昇配列 / パーフェクトオーダー / 52週高値ブレイク! / 開示[増配](3日前)
4221,大倉工業,化学,22.7,★☆☆☆☆,0.0,0.0,5.7,0.0,15.0,0.0,2.0,0.0,見送り(地合い🔴),,0.0,23.1,2.9,11.1,5226,5550.0,9.5,3.5,339,出来高急増3.5倍 / MA上昇配列 / パーフェクトオーダー / 52週高値ブレイク! / 開示[業績予想の修正](3日前)
4368,扶桑化学工業,化学,22.7,★☆☆☆☆,20.7,0.0,2.0,0.0,0.0,0.0,0.0,0.0,見送り(地合い🔴),Quanta Services,6.8,-6.4,7.6,-7.6,3176,3745.0,-4.8,1.8,2686,Quanta Services+13.4%連動(β0.26) 未反応+6.8%
6668,アドテック　プラズマ　テクノロジー,電気機器,22.7,★☆☆☆☆,21.7,0.0,1.0,0.0,0.0,0.0,0.0,0.0,見送り(地合い🔴),SK hynix,7.5,-17.7,12.2,-16.5,2171,2871.0,-8.4,0.9,702,SK hynix+10.8%連動(β0.36) 未反応+7.5%
6134,ＦＵＪＩ,機械,22.7,★☆☆☆☆,19.7,0.0,2.0,0.0,1.0,0.0,0.0,0.0,見送り(地合い🔴),SK hynix,5.9,-6.9,6.8,-5.4,6332,7330.0,-1.3,1.6,6129,SK hynix+10.8%連動(β0.28) 未反応+5.9%
6371,椿本チエイン,機械,22.6,★☆☆☆☆,16.1,0.0,3.3,0.0,3.2,0.0,0.0,0.0,見送り(地合い🔴),Eaton,5.1,4.7,2.4,-1.2,2460,2586.0,-1.7,2.6,497,Eaton+7.5%連動(β0.22) 未反応+5.1% / 出来高増2.6倍
8337,千葉興業銀行,銀行業,22.599999999999998,★☆☆☆☆,17.4,0.0,2.0,0.0,3.2,0.0,0.0,0.0,見送り(地合い🔴),SK hynix,8.5,9.9,4.1,-0.2,2400,2612.0,-3.8,1.2,341,SK hynix+10.8%連動(β0.20) 未反応+8.5%
5975,東プレ,金属製品,22.5,★☆☆☆☆,5.2,0.0,5.3,0.0,12.0,0.0,0.0,0.0,見送り(地合い🔴),Eaton,-0.6,13.1,2.3,5.6,2693,2823.0,4.6,1.7,188,Eaton+7.5%連動(β0.28) / 買い出来高優勢 / MA上昇配列 / パーフェクトオーダー
8336,武蔵野銀行,銀行業,22.5,★☆☆☆☆,16.3,0.0,3.0,0.0,3.2,0.0,0.0,0.0,見送り(地合い🔴),SK hynix,10.1,6.7,3.7,-1.6,2388,2577.0,-6.0,1.6,865,SK hynix+10.8%連動(β0.16) 未反応+10.1%
7717,ブイ・テクノロジー,精密機器,22.5,★☆☆☆☆,22.5,0.0,0.0,0.0,0.0,0.0,0.0,0.0,見送り(地合い🔴),SK hynix,14.6,-25.6,9.8,-22.3,4391,5460.0,-13.5,0.9,3014,SK hynix+10.8%連動(β0.39) 未反応+14.6%
6516,山洋電気,電気機器,22.400000000000002,★☆☆☆☆,18.1,0.0,4.3,0.0,0.0,0.0,0.0,0.0,見送り(地合い🔴),SK hynix,6.3,-9.3,5.9,-7.7,4849,5500.0,-3.8,2.7,1045,SK hynix+10.8%連動(β0.22) 未反応+6.3% / 出来高増2.7倍
6209,リケンＮＰＲ,機械,22.4,★☆☆☆☆,6.4,0.0,4.0,0.0,12.0,0.0,0.0,0.0,見送り(地合い🔴),SK hynix,1.0,9.3,2.3,3.3,3885,4075.0,2.8,1.9,334,SK hynix+10.8%連動(β0.12) 未反応+1.0% / MA上昇配列 / パーフェクトオーダー
4220,リケンテクノス,化学,22.4,★☆☆☆☆,5.0,0.0,4.0,0.0,13.7,0.0,4.7,-5.0,見送り(地合い🔴),Eaton,-19.0,35.3,3.8,22.8,2048,2216.0,21.6,1.6,200,Eaton+7.5%連動(β0.27) / MA上昇配列 / パーフェクトオーダー / 52週高値ブレイク! / 過熱⚠25MA+23% / 開示[業績予想の修正](2日前) / 開示[自己株式取得](2日前)
4229,群栄化学工業,化学,22.4,★☆☆☆☆,17.7,0.0,4.7,0.0,0.0,0.0,0.0,0.0,見送り(地合い🔴),SK hynix,9.3,2.8,5.2,-3.6,3923,4380.0,-6.2,3.8,109,SK hynix+10.8%連動(β0.21) 未反応+9.3% / 出来高急増3.8倍
6521,オキサイド,電気機器,22.4,★☆☆☆☆,22.4,0.0,0.0,0.0,0.0,0.0,0.0,0.0,見送り(地合い🔴),SK hynix,12.9,-27.9,9.1,-24.3,2376,2903.0,-11.8,0.9,910,SK hynix+10.8%連動(β0.38) 未反応+12.9%
4047,関東電化工業,化学,22.4,★☆☆☆☆,20.4,0.0,2.0,0.0,0.0,0.0,0.0,0.0,見送り(地合い🔴),SK hynix,7.4,-13.8,7.7,-12.1,2256,2669.0,-4.3,1.5,1686,SK hynix+10.8%連動(β0.31) 未反応+7.4%
6301,小松製作所,機械,22.3,★☆☆☆☆,13.3,0.0,1.0,0.0,8.0,0.0,0.0,0.0,見送り(地合い🔴),Quanta Services,1.8,15.8,3.4,6.6,6513,6994.0,5.3,1.4,22213,Quanta Services+13.4%連動(β0.24) 未反応+1.8%
6498,キッツ,機械,22.3,★☆☆☆☆,19.3,0.0,2.0,0.0,1.0,0.0,0.0,0.0,見送り(地合い🔴),Quanta Services,6.9,-5.8,5.1,-6.6,1977,2200.0,-3.3,1.8,560,Quanta Services+13.4%連動(β0.22) 未反応+6.9%
8065,佐藤商事,卸売業,22.299999999999997,★☆☆☆☆,4.2,0.0,6.7,0.0,8.0,0.0,3.4,0.0,見送り(地合い🔴),SK hynix,-5.2,20.7,3.9,9.7,2996,3250.0,7.3,5.0,137,SK hynix+10.8%連動(β0.16) / 出来高急増5.0倍 / 開示[上方修正](2日前)
5301,東海カーボン,ガラス・土石製品,22.1,★☆☆☆☆,20.1,0.0,1.0,0.0,1.0,0.0,0.0,0.0,見送り(地合い🔴),Quanta Services,8.6,-5.0,2.5,-7.1,1462,1537.5,-5.8,1.4,2741,Quanta Services+13.4%連動(β0.24) 未反応+8.6%
1976,明星工業,建設業,22.1,★☆☆☆☆,3.3,0.0,5.3,0.0,13.5,0.0,0.0,0.0,見送り(地合い🔴),SK hynix,-0.9,18.2,3.0,8.0,1917,2038.0,4.4,1.9,175,SK hynix+10.8%連動(β0.12) / 買い出来高優勢 / MA上昇配列 / パーフェクトオーダー / 52週高値目前
4182,三菱瓦斯化学,化学,22.1,★☆☆☆☆,18.8,0.0,3.3,0.0,0.0,0.0,0.0,0.0,見送り(地合い🔴),SK hynix,6.4,-7.0,6.3,-8.5,3673,4201.0,-4.2,2.7,4678,SK hynix+10.8%連動(β0.25) 未反応+6.4% / 出来高増2.7倍
8308,りそなホールディングス,銀行業,22.1,★☆☆☆☆,14.5,0.0,3.0,0.0,2.0,0.0,2.6,0.0,見送り(地合い🔴),GE Vernova,9.5,6.1,3.6,-3.6,2032,2191.5,-7.4,1.3,23208,GE Vernova+5.0%連動(β0.20) 未反応+9.5% / 開示[自己株式取得](2日前)
6379,レイズネクスト,建設業,22.099999999999998,★☆☆☆☆,0.0,0.0,9.0,0.0,13.7,0.0,2.4,-3.0,見送り(地合い🔴),,0.0,32.4,3.2,17.4,2724,2911.0,11.1,3.3,471,出来高急増3.3倍 / 買い出来高優勢 / MA上昇配列 / パーフェクトオーダー / 52週高値ブレイク! / 伸びすぎ注意(25MA+17%) / 開示[増配](3日前)
6653,正興電機製作所,電気機器,22.0,★☆☆☆☆,21.1,0.0,0.0,0.0,0.0,0.0,0.9,0.0,見送り(地合い🔴),Quanta Services,10.9,-5.6,5.4,-7.7,1849,2075.0,-6.4,1.0,393,Quanta Services+13.4%連動(β0.27) 未反応+10.9% / 開示[業績予想の修正](9日前)
6914,オプテックスグループ,電気機器,22.0,★☆☆☆☆,17.6,0.0,1.0,0.0,0.0,0.0,3.4,0.0,見送り(地合い🔴),Eaton,5.0,-12.7,4.9,-8.2,3135,3475.0,-3.6,1.4,619,Eaton+7.5%連動(β0.30) 未反応+5.0% / 開示[上方修正](2日前)
5381,マイポックス,ガラス・土石製品,22.0,★☆☆☆☆,22.0,0.0,0.0,0.0,0.0,0.0,0.0,0.0,見送り(地合い🔴),SK hynix,10.0,-19.3,7.3,-15.7,649,760.0,-5.6,1.0,184,SK hynix+10.8%連動(β0.37) 未反応+10.0%
8316,三井住友フィナンシャルグループ,銀行業,22.0,★☆☆☆☆,16.8,0.0,2.0,0.0,3.2,0.0,0.0,0.0,見送り(地合い🔴),Eaton,7.4,10.0,3.1,-0.0,6388,6814.0,-4.8,1.2,90021,Eaton+7.5%連動(β0.25) 未反応+7.4%
8368,百五銀行,銀行業,22.0,★☆☆☆☆,16.8,0.0,2.0,0.0,3.2,0.0,0.0,0.0,見送り(地合い🔴),Eaton,6.9,5.2,4.7,-0.9,1827,2017.0,-3.0,1.9,1686,Eaton+7.5%連動(β0.26) 未反応+6.9%
6754,アンリツ,電気機器,22.0,★☆☆☆☆,17.3,0.0,4.7,0.0,0.0,0.0,0.0,0.0,見送り(地合い🔴),SK hynix,10.9,-13.0,6.3,-11.7,3113,3564.0,-9.8,3.5,6264,SK hynix+10.8%連動(β0.19) 未反応+10.9% / 出来高急増3.5倍
7826,フルヤ金属,その他製品,22.0,★☆☆☆☆,21.0,0.0,1.0,0.0,0.0,0.0,0.0,0.0,見送り(地合い🔴),SK hynix,4.7,-6.2,7.1,-6.3,5713,6660.0,-0.4,1.5,2833,SK hynix+10.8%連動(β0.33) 未反応+4.7%
6194,アトラエ,サービス業,21.900000000000002,★☆☆☆☆,3.0,0.0,6.3,0.0,10.0,0.0,2.6,0.0,見送り(地合い🔴),NASDAQ,-1.2,27.8,2.4,9.9,820,861.0,4.7,1.2,164,NASDAQ+2.0%連動(β0.60) / 買い出来高優勢 / 資金流入増 / MA上昇配列 / パーフェクトオーダー / 開示[増配](2日前)
6278,ユニオンツール,機械,21.9,★☆☆☆☆,20.9,0.0,1.0,0.0,0.0,0.0,0.0,0.0,見送り(地合い🔴),SK hynix,16.6,-21.1,10.2,-18.7,12426,15620.0,-16.0,1.5,5768,SK hynix+10.8%連動(β0.33) 未反応+16.6%
6517,デンヨー,電気機器,21.8,★☆☆☆☆,4.8,0.0,4.7,0.0,9.7,0.0,2.6,0.0,見送り(地合い🔴),Eaton,-7.6,16.7,2.8,11.2,3791,4015.0,11.2,3.7,176,Eaton+7.5%連動(β0.26) / 出来高急増3.7倍 / 52週高値ブレイク! / 開示[増配](2日前)
6337,テセック,機械,21.700000000000003,★☆☆☆☆,7.1,0.0,10.0,0.0,8.0,0.0,1.6,-5.0,見送り(地合い🔴),SK hynix,-29.2,28.9,5.7,27.9,2778,3135.0,34.0,3.9,357,SK hynix+10.8%連動(β0.26) / 出来高急増3.9倍 / 買い出来高優勢 / 資金流入増 / 過熱⚠25MA+28% / 開示[業績予想の修正](5日前)
8524,北洋銀行,銀行業,21.7,★☆☆☆☆,16.5,0.0,2.0,0.0,3.2,0.0,0.0,0.0,見送り(地合い🔴),SK hynix,10.2,9.5,4.4,-0.9,1055,1157.0,-4.9,1.1,2210,SK hynix+10.8%連動(β0.17) 未反応+10.2%
3076,あい　ホールディングス,卸売業,21.7,★☆☆☆☆,0.0,0.0,8.0,0.0,13.7,0.0,0.0,0.0,見送り(地合い🔴),,0.0,18.1,1.8,8.4,2842,2950.0,8.0,3.1,476,出来高急増3.1倍 / 買い出来高優勢 / MA上昇配列 / パーフェクトオーダー / 52週高値ブレイク!
6101,ツガミ,機械,21.7,★☆☆☆☆,19.7,0.0,2.0,0.0,0.0,0.0,0.0,0.0,見送り(地合い🔴),SK hynix,17.0,-16.7,9.2,-16.1,4901,6010.0,-11.4,1.6,3905,SK hynix+10.8%連動(β0.28) 未反応+17.0%
6832,アオイ電子,電気機器,21.7,★☆☆☆☆,18.4,0.0,3.3,0.0,0.0,0.0,0.0,0.0,見送り(地合い🔴),SK hynix,4.7,-5.7,6.8,-5.3,2026,2345.0,1.1,2.8,121,SK hynix+10.8%連動(β0.23) 未反応+4.7% / 出来高増2.8倍
6652,ＩＤＥＣ,電気機器,21.6,★☆☆☆☆,6.9,0.0,6.7,0.0,8.0,0.0,0.0,0.0,見送り(地合い🔴),Quanta Services,-2.0,12.7,3.0,7.0,3325,3535.0,8.3,5.8,404,Quanta Services+13.4%連動(β0.21) / 出来高急増5.8倍
6331,三菱化工機,機械,21.6,★☆☆☆☆,17.5,0.0,2.0,0.0,0.0,0.0,2.1,0.0,見送り(地合い🔴),SK hynix,9.4,-8.7,4.8,-9.4,2849,3155.0,-7.1,1.8,719,SK hynix+10.8%連動(β0.20) 未反応+9.4% / 開示[業績予想の修正](2日前)
7504,高速,卸売業,21.6,★☆☆☆☆,0.0,0.0,4.0,0.0,15.0,0.0,2.6,0.0,見送り(地合い🔴),,0.0,23.1,3.7,10.8,3836,4140.0,8.1,1.2,306,MA上昇配列 / パーフェクトオーダー / 52週高値ブレイク! / 開示[自己株式取得](2日前)
8624,いちよし証券,証券、商品先物取引業,21.6,★☆☆☆☆,8.1,0.0,4.0,0.0,9.5,0.0,0.0,0.0,見送り(地合い🔴),SK hynix,1.2,15.9,5.0,4.5,1402,1558.0,0.5,1.6,240,SK hynix+10.8%連動(β0.16) 未反応+1.2% / MA上昇配列 / パーフェクトオーダー
7760,ＩＭＶ,精密機器,21.6,★☆☆☆☆,19.6,0.0,2.0,0.0,0.0,0.0,0.0,0.0,見送り(地合い🔴),SK hynix,6.1,-2.9,6.5,-5.6,2018,2317.0,-3.9,1.8,244,SK hynix+10.8%連動(β0.28) 未反応+6.1%
6656,インスペック,電気機器,21.6,★☆☆☆☆,20.6,0.0,1.0,0.0,0.0,0.0,0.0,0.0,見送り(地合い🔴),SK hynix,18.8,-15.1,8.6,-18.2,782,944.0,-13.9,1.3,141,SK hynix+10.8%連動(β0.32) 未反応+18.8%
6310,井関農機,機械,21.599999999999998,★☆☆☆☆,16.4,0.0,1.0,0.0,4.2,0.0,0.0,0.0,見送り(地合い🔴),SK hynix,6.2,10.9,3.7,1.0,1710,1849.0,-1.8,0.6,186,SK hynix+10.8%連動(β0.16) 未反応+6.2% / MA上昇配列
5016,ＪＸ金属,非鉄金属,21.5,★☆☆☆☆,17.3,0.0,3.0,0.0,1.2,0.0,0.0,0.0,見送り(地合い🔴),SK hynix,3.0,0.2,7.8,-2.4,3205,3797.0,0.7,1.7,84302,SK hynix+10.8%連動(β0.30) 未反応+3.0%
8367,南都銀行,銀行業,21.5,★☆☆☆☆,15.8,0.0,4.7,0.0,1.0,0.0,0.0,0.0,見送り(地合い🔴),SK hynix,13.3,0.7,4.1,-6.5,1578,1720.0,-10.5,3.8,1034,SK hynix+10.8%連動(β0.14) 未反応+13.3% / 出来高急増3.8倍
4216,旭有機材,化学,21.5,★☆☆☆☆,17.2,0.0,4.3,0.0,0.0,0.0,0.0,0.0,見送り(地合い🔴),SK hynix,7.1,-8.0,4.6,-7.5,5519,6080.0,-4.9,2.8,403,SK hynix+10.8%連動(β0.19) 未反応+7.1% / 出来高増2.8倍
8031,三井物産,卸売業,21.5,★☆☆☆☆,13.0,0.0,2.0,0.0,6.0,0.0,0.5,0.0,見送り(地合い🔴),Eaton,2.7,14.8,2.4,4.5,4702,4937.0,-0.6,1.0,30298,Eaton+7.5%連動(β0.26) 未反応+2.7% / 開示[買収](11日前)
6471,日本精工,機械,21.5,★☆☆☆☆,8.1,0.0,6.7,0.0,4.7,0.0,2.0,0.0,見送り(地合い🔴),Eaton,1.2,5.7,4.0,0.8,1060,1152.0,4.0,3.2,2966,Eaton+7.5%連動(β0.24) 未反応+1.2% / 出来高急増3.2倍 / 開示[業績予想の修正](3日前)
6644,大崎電気工業,電気機器,21.4,★☆☆☆☆,15.7,0.0,2.0,0.0,3.7,0.0,0.0,0.0,見送り(地合い🔴),SK hynix,3.7,6.9,3.1,0.4,1406,1498.0,-0.7,1.5,280,SK hynix+10.8%連動(β0.16) 未反応+3.7%
2805,ヱスビー食品,食料品,21.3,★☆☆☆☆,0.0,0.0,6.3,0.0,15.0,0.0,0.0,0.0,見送り(地合い🔴),,0.0,31.6,4.6,13.3,5989,6600.0,4.8,2.4,367,出来高増2.4倍 / MA上昇配列 / パーフェクトオーダー / 52週高値ブレイク!
6996,ニチコン,電気機器,21.3,★☆☆☆☆,19.3,0.0,2.0,0.0,0.0,0.0,0.0,0.0,見送り(地合い🔴),SK hynix,5.3,-25.4,8.1,-15.0,2453,2929.0,-3.8,1.9,4454,SK hynix+10.8%連動(β0.27) 未反応+5.3%
3374,内外テック,卸売業,21.3,★☆☆☆☆,19.3,0.0,1.0,0.0,1.0,0.0,0.0,0.0,見送り(地合い🔴),SK hynix,6.0,-0.7,5.6,-5.2,2760,3110.0,-7.4,1.3,131,SK hynix+10.8%連動(β0.27) 未反応+6.0%
6617,東光高岳,電気機器,21.3,★☆☆☆☆,18.1,0.0,2.0,0.0,1.2,0.0,0.0,0.0,見送り(地合い🔴),SK hynix,13.8,-2.5,7.7,-7.5,5919,6990.0,-12.1,1.5,1301,SK hynix+10.8%連動(β0.22) 未反応+13.8%
2737,トーメンデバイス,卸売業,21.299999999999997,★☆☆☆☆,8.9,0.0,0.0,0.0,15.0,0.0,2.4,-5.0,見送り(地合い🔴),SK hynix,-22.9,33.0,6.8,28.0,18293,21150.0,28.0,0.1,1339,SK hynix+10.8%連動(β0.33) / MA上昇配列 / パーフェクトオーダー / 52週高値ブレイク! / 過熱⚠25MA+28% / 開示[増配](3日前)
5714,ＤＯＷＡホールディングス,非鉄金属,21.2,★☆☆☆☆,17.5,0.0,1.0,0.0,2.7,0.0,0.0,0.0,見送り(地合い🔴),SK hynix,4.5,0.0,4.1,-2.2,7566,8235.0,-0.5,1.4,3953,SK hynix+10.8%連動(β0.20) 未反応+4.5%
6800,ヨコオ,電気機器,21.2,★☆☆☆☆,20.2,0.0,1.0,0.0,0.0,0.0,0.0,0.0,見送り(地合い🔴),SK hynix,8.8,-24.1,8.8,-17.6,3327,4035.0,-8.2,1.4,870,SK hynix+10.8%連動(β0.30) 未反応+8.8%
7715,長野計器,精密機器,21.1,★☆☆☆☆,19.1,0.0,2.0,0.0,0.0,0.0,0.0,0.0,見送り(地合い🔴),SK hynix,4.7,-6.5,5.6,-5.0,3351,3770.0,-1.7,1.3,374,SK hynix+10.8%連動(β0.26) 未反応+4.7%
7337,ひろぎんホールディングス,銀行業,21.099999999999998,★☆☆☆☆,15.9,0.0,2.0,0.0,3.2,0.0,0.0,0.0,見送り(地合い🔴),SK hynix,7.8,8.1,2.9,-0.2,2077,2204.5,-4.3,1.5,1613,SK hynix+10.8%連動(β0.14) 未反応+7.8%
8613,丸三証券,証券、商品先物取引業,21.099999999999998,★☆☆☆☆,0.0,0.0,5.0,0.0,13.7,0.0,2.4,0.0,見送り(地合い🔴),,0.0,19.7,2.2,8.4,1163,1216.0,7.0,2.0,429,MA上昇配列 / パーフェクトオーダー / 52週高値ブレイク! / 開示[増配](3日前)
6080,Ｍ＆Ａキャピタルパートナーズ,サービス業,21.0,★☆☆☆☆,0.0,0.0,8.0,0.0,8.7,0.0,4.3,0.0,見送り(地合い🔴),,0.0,16.9,2.7,6.6,3678,3885.0,4.0,4.9,432,出来高急増4.9倍 / 買い出来高優勢 / MA上昇配列 / パーフェクトオーダー / 開示[業績予想の修正](3日前) / 開示[増配](3日前)
7609,ダイトロン,卸売業,21.0,★☆☆☆☆,18.0,0.0,2.0,0.0,1.0,0.0,0.0,0.0,見送り(地合い🔴),SK hynix,6.4,-2.4,5.0,-4.6,2989,3320.0,-6.2,1.6,357,SK hynix+10.8%連動(β0.22) 未反応+6.4%
4043,トクヤマ,化学,20.900000000000002,★☆☆☆☆,17.6,0.0,3.3,0.0,0.0,0.0,0.0,0.0,見送り(地合い🔴),SK hynix,19.0,-17.2,6.0,-17.8,3340,3792.0,-16.6,2.2,3458,SK hynix+10.8%連動(β0.21) 未反応+19.0% / 出来高増2.2倍
8551,北日本銀行,銀行業,20.900000000000002,★☆☆☆☆,0.0,0.0,6.3,0.0,12.0,0.0,2.6,0.0,見送り(地合い🔴),,0.0,25.5,4.8,9.3,6009,6650.0,-2.1,1.2,282,買い出来高優勢 / 資金流入増 / MA上昇配列 / パーフェクトオーダー / 開示[自己株式取得](2日前)
5444,大和工業,鉄鋼,20.900000000000002,★☆☆☆☆,0.0,0.0,5.3,0.0,13.5,0.0,2.1,0.0,見送り(地合い🔴),,0.0,15.6,3.1,5.8,12651,13500.0,2.7,2.5,1921,出来高増2.5倍 / MA上昇配列 / パーフェクトオーダー / 52週高値目前 / 開示[業績予想の修正](2日前)
5208,有沢製作所,化学,20.9,★☆☆☆☆,16.7,0.0,2.0,0.0,2.2,0.0,0.0,0.0,見送り(地合い🔴),SK hynix,5.5,-4.2,4.6,-3.6,2214,2438.0,-2.9,1.5,484,SK hynix+10.8%連動(β0.17) 未反応+5.5%
8360,山梨中央銀行,銀行業,20.9,★☆☆☆☆,17.0,0.0,0.0,0.0,2.2,0.0,1.7,0.0,見送り(地合い🔴),SK hynix,13.3,6.2,5.3,-1.5,5756,6440.0,-9.2,1.1,967,SK hynix+10.8%連動(β0.18) 未反応+13.3% / 開示[株式分割](2日前)
7966,リンテック,その他製品,20.9,★☆☆☆☆,17.9,0.0,2.0,0.0,1.0,0.0,0.0,0.0,見送り(地合い🔴),SK hynix,7.8,-5.3,4.7,-6.5,5623,6200.0,-6.3,1.8,2325,SK hynix+10.8%連動(β0.22) 未反応+7.8%
5333,ＮＧＫ,ガラス・土石製品,20.8,★☆☆☆☆,18.8,0.0,2.0,0.0,0.0,0.0,0.0,0.0,見送り(地合い🔴),Quanta Services,10.4,-18.0,6.9,-15.4,4822,5594.0,-8.1,1.8,12188,Quanta Services+13.4%連動(β0.20) 未反応+10.4%
8558,東和銀行,銀行業,20.8,★☆☆☆☆,16.3,0.0,1.0,0.0,3.5,0.0,0.0,0.0,見送り(地合い🔴),SK hynix,10.0,-5.4,4.5,-5.5,1207,1327.0,-9.1,0.5,481,SK hynix+10.8%連動(β0.16) 未反応+10.0%
7167,めぶきフィナンシャルグループ,銀行業,20.8,★☆☆☆☆,16.8,0.0,2.0,0.0,2.0,0.0,0.0,0.0,見送り(地合い🔴),Eaton,5.6,7.5,3.2,-0.1,1402,1497.0,-2.9,1.6,4679,Eaton+7.5%連動(β0.26) 未反応+5.6%
6440,ＪＵＫＩ,機械,20.7,★☆☆☆☆,17.5,0.0,2.0,0.0,1.2,0.0,0.0,0.0,見送り(地合い🔴),SK hynix,5.0,6.0,4.2,-0.7,481,525.0,0.4,1.6,104,SK hynix+10.8%連動(β0.20) 未反応+5.0%
6807,日本航空電子工業,電気機器,20.7,★☆☆☆☆,16.2,0.0,3.3,0.0,1.2,0.0,0.0,0.0,見送り(地合い🔴),SK hynix,8.3,7.4,3.4,-0.6,2215,2378.0,-3.4,2.0,681,SK hynix+10.8%連動(β0.15) 未反応+8.3% / 出来高増2.0倍
7433,伯東,卸売業,20.6,★☆☆☆☆,0.0,0.0,5.3,0.0,11.0,0.0,4.3,0.0,見送り(地合い🔴),,0.0,12.6,2.7,7.3,4676,4940.0,7.6,2.1,432,出来高増2.1倍 / MA上昇配列 / パーフェクトオーダー / 開示[上方修正](4日前) / 開示[株式分割](4日前)
3946,トーモク,パルプ・紙,20.6,★☆☆☆☆,0.0,0.0,7.3,0.0,10.7,0.0,2.6,0.0,見送り(地合い🔴),,0.0,19.9,2.4,6.7,4297,4515.0,0.8,2.2,538,出来高増2.2倍 / 資金流入増 / MA上昇配列 / パーフェクトオーダー / 開示[自己株式取得](2日前)
4975,ＪＣＵ,化学,20.6,★☆☆☆☆,18.6,0.0,2.0,0.0,0.0,0.0,0.0,0.0,見送り(地合い🔴),SK hynix,6.9,-14.7,5.8,-12.0,5229,5910.0,-4.7,1.7,658,SK hynix+10.8%連動(β0.24) 未反応+6.9%
8331,千葉銀行,銀行業,20.6,★☆☆☆☆,16.6,0.0,2.0,0.0,2.0,0.0,0.0,0.0,見送り(地合い🔴),SK hynix,8.2,9.2,3.6,-1.5,2437,2627.0,-4.7,1.2,7087,SK hynix+10.8%連動(β0.17) 未反応+8.2%
7180,九州フィナンシャルグループ,銀行業,20.599999999999998,★☆☆☆☆,17.4,0.0,0.0,0.0,3.2,0.0,0.0,0.0,見送り(地合い🔴),Eaton,9.9,6.2,3.4,-2.5,1383,1484.5,-7.5,1.1,1925,Eaton+7.5%連動(β0.29) 未反応+9.9%
8253,クレディセゾン,その他金融業,20.599999999999998,★☆☆☆☆,16.4,0.0,1.0,0.0,3.2,0.0,0.0,0.0,見送り(地合い🔴),Eaton,3.9,7.1,2.6,-0.7,4317,4551.0,-1.1,1.4,3416,Eaton+7.5%連動(β0.26) 未反応+3.9%
8050,セイコーグループ,精密機器,20.5,★☆☆☆☆,8.0,0.0,3.0,0.0,9.5,0.0,0.0,0.0,見送り(地合い🔴),SK hynix,0.4,7.6,5.9,4.2,7010,7940.0,8.5,1.6,2353,SK hynix+10.8%連動(β0.25) / MA上昇配列 / パーフェクトオーダー
6994,指月電機製作所,電気機器,20.5,★☆☆☆☆,19.5,0.0,1.0,0.0,0.0,0.0,0.0,0.0,見送り(地合い🔴),SK hynix,4.0,-13.9,7.3,-8.4,885,1035.0,-2.4,1.5,296,SK hynix+10.8%連動(β0.28) 未反応+4.0%
3104,富士紡ホールディングス,繊維製品,20.400000000000002,★☆☆☆☆,17.1,0.0,3.3,0.0,0.0,0.0,0.0,0.0,見送り(地合い🔴),Eaton,15.1,-14.0,6.9,-12.2,2997,3480.0,-12.6,2.8,736,Eaton+7.5%連動(β0.27) 未反応+15.1% / 出来高増2.8倍
7995,バルカー,化学,20.400000000000002,★☆☆☆☆,17.6,0.0,1.0,0.0,0.0,0.0,1.8,0.0,見送り(地合い🔴),SK hynix,4.2,-1.1,5.3,-3.1,5806,6490.0,-2.3,1.4,698,SK hynix+10.8%連動(β0.21) 未反応+4.2% / 開示[業績予想の修正](4日前)
5214,日本電気硝子,ガラス・土石製品,20.400000000000002,★☆☆☆☆,17.3,0.0,1.0,0.0,0.0,0.0,2.1,0.0,見送り(地合い🔴),SK hynix,7.2,-8.9,3.8,-9.3,4921,5323.0,-3.5,1.4,3512,SK hynix+10.8%連動(β0.20) 未反応+7.2% / 開示[業績予想の修正](2日前)
6844,新電元工業,電気機器,20.4,★☆☆☆☆,19.4,0.0,0.0,0.0,1.0,0.0,0.0,0.0,見送り(地合い🔴),SK hynix,4.5,-2.2,5.4,-5.7,3048,3415.0,-1.9,1.2,459,SK hynix+10.8%連動(β0.27) 未反応+4.5%
9889,ＪＢＣＣホールディングス,情報・通信業,20.4,★☆☆☆☆,0.0,0.0,5.3,0.0,10.0,0.0,5.1,0.0,見送り(地合い🔴),,0.0,32.1,3.4,13.8,1505,1616.0,11.4,2.3,326,出来高増2.3倍 / MA上昇配列 / 開示[増配](2日前) / 開示[自己株式取得](2日前)
8053,住友商事,卸売業,20.4,★☆☆☆☆,8.1,0.0,5.3,0.0,7.0,0.0,0.0,0.0,見送り(地合い🔴),Quanta Services,-0.4,11.8,3.0,5.6,1570,1670.0,4.1,3.0,18852,Quanta Services+13.4%連動(β0.24) / 出来高増3.0倍
9934,因幡電機産業,卸売業,20.4,★☆☆☆☆,2.6,0.0,4.3,0.0,13.5,0.0,0.0,0.0,見送り(地合い🔴),SK hynix,-0.5,10.4,2.2,3.8,2736,2862.5,2.5,2.4,489,SK hynix+10.8%連動(β0.10) / 出来高増2.4倍 / MA上昇配列 / パーフェクトオーダー / 52週高値目前
6298,ワイエイシイホールディングス,機械,20.4,★☆☆☆☆,20.4,0.0,0.0,0.0,0.0,0.0,0.0,0.0,見送り(地合い🔴),SK hynix,5.2,-10.3,4.8,-8.0,1036,1147.0,-1.3,0.8,338,SK hynix+10.8%連動(β0.31) 未反応+5.2%
7189,西日本フィナンシャルホールディングス,銀行業,20.4,★☆☆☆☆,17.2,0.0,0.0,0.0,3.2,0.0,0.0,0.0,見送り(地合い🔴),Eaton,7.9,7.3,3.5,-0.8,3966,4268.0,-3.9,1.0,1773,Eaton+7.5%連動(β0.28) 未反応+7.9%
3097,物語コーポレーション,小売業,20.3,★☆☆☆☆,0.0,0.0,5.3,0.0,15.0,0.0,0.0,0.0,見送り(地合い🔴),,0.0,24.0,2.7,9.3,5180,5480.0,10.2,1.6,952,買い出来高優勢 / MA上昇配列 / パーフェクトオーダー / 52週高値ブレイク!
6817,スミダコーポレーション,電気機器,20.3,★☆☆☆☆,17.3,0.0,2.0,0.0,1.0,0.0,0.0,0.0,見送り(地合い🔴),SK hynix,6.4,-2.7,3.7,-4.3,1197,1292.0,-3.2,1.5,389,SK hynix+10.8%連動(β0.20) 未反応+6.4%
8133,伊藤忠エネクス,卸売業,20.3,★☆☆☆☆,0.0,0.0,5.3,0.0,15.0,0.0,0.0,0.0,見送り(地合い🔴),,0.0,14.5,2.2,6.0,2074,2170.0,4.8,1.5,275,買い出来高優勢 / MA上昇配列 / パーフェクトオーダー / 52週高値ブレイク!
4092,日本化学工業,化学,20.2,★☆☆☆☆,6.5,0.0,4.3,0.0,12.0,0.0,2.4,-5.0,見送り(地合い🔴),SK hynix,-7.6,41.6,8.0,23.0,4977,5930.0,14.5,1.4,1616,SK hynix+10.8%連動(β0.24) / 買い出来高優勢 / MA上昇配列 / パーフェクトオーダー / 過熱⚠25MA+23% / 開示[自己株式取得](3日前)
7976,三菱鉛筆,その他製品,20.2,★☆☆☆☆,0.0,0.0,5.7,0.0,12.5,0.0,2.0,0.0,見送り(地合い🔴),,0.0,10.5,2.4,3.6,2638,2771.0,6.2,3.2,354,出来高急増3.2倍 / MA上昇配列 / パーフェクトオーダー / 52週高値ブレイク! / 開示[業績予想の修正](3日前)
8218,コメリ,小売業,20.2,★☆☆☆☆,0.0,0.0,6.3,0.0,12.0,0.0,1.9,0.0,見送り(地合い🔴),,0.0,18.2,3.0,8.2,3629,3860.0,10.4,2.2,416,出来高増2.2倍 / MA上昇配列 / パーフェクトオーダー / 開示[自己株式取得](5日前)
6966,三井ハイテック,電気機器,20.0,★☆☆☆☆,20.0,0.0,0.0,0.0,0.0,0.0,0.0,0.0,見送り(地合い🔴),SK hynix,4.4,-3.1,5.8,-4.6,799,903.0,1.6,1.1,2712,SK hynix+10.8%連動(β0.30) 未反応+4.4%
7380,十六フィナンシャルグループ,銀行業,20.0,★☆☆☆☆,16.4,0.0,1.0,0.0,2.0,0.0,0.6,0.0,見送り(地合い🔴),SK hynix,9.9,3.5,4.3,-3.2,2161,2366.0,-7.7,1.1,1247,SK hynix+10.8%連動(β0.16) 未反応+9.9% / 開示[増配](11日前)
6364,ＡＩＲＭＡＮ,機械,20.0,★☆☆☆☆,0.0,0.0,9.0,0.0,11.7,0.0,4.3,-5.0,見送り(地合い🔴),,0.0,42.7,4.2,30.1,2333,2546.0,28.1,5.8,204,出来高急増5.8倍 / 買い出来高優勢 / MA上昇配列 / 52週高値ブレイク! / 過熱⚠25MA+30% / 開示[業績予想の修正](3日前) / 開示[自己株式取得](3日前)
6908,イリソ電子工業,電気機器,20.0,★☆☆☆☆,16.5,0.0,2.0,0.0,1.5,0.0,0.0,0.0,見送り(地合い🔴),SK hynix,7.0,-0.2,2.6,-4.0,2600,2740.0,-2.1,0.8,504,SK hynix+10.8%連動(β0.17) 未反応+7.0%
6958,日本シイエムケイ,電気機器,20.0,★☆☆☆☆,19.0,0.0,1.0,0.0,0.0,0.0,0.0,0.0,見送り(地合い🔴),Eaton,4.0,3.1,5.0,-1.4,567,630.0,-0.9,1.5,481,Eaton+7.5%連動(β0.38) 未反応+4.0%
6645,オムロン,電気機器,19.9,★☆☆☆☆,17.9,0.0,2.0,0.0,0.0,0.0,0.0,0.0,見送り(地合い🔴),SK hynix,6.3,-1.4,4.8,-3.6,4906,5430.0,-0.9,1.3,7245,SK hynix+10.8%連動(β0.22) 未反応+6.3%
5831,しずおかフィナンシャルグループ,銀行業,19.9,★☆☆☆☆,15.9,0.0,2.0,0.0,2.0,0.0,0.0,0.0,見送り(地合い🔴),SK hynix,9.7,9.1,3.4,-2.2,2962,3180.0,-5.9,1.0,6155,SK hynix+10.8%連動(β0.14) 未反応+9.7%
6794,フォスター電機,電気機器,19.9,★☆☆☆☆,15.7,0.0,2.0,0.0,2.2,0.0,0.0,0.0,見送り(地合い🔴),SK hynix,3.3,0.4,3.4,-1.1,2657,2850.0,0.6,1.9,399,SK hynix+10.8%連動(β0.21) 未反応+3.3%
5195,バンドー化学,ゴム製品,19.9,★☆☆☆☆,3.4,0.0,4.3,0.0,12.2,0.0,0.0,0.0,見送り(地合い🔴),SK hynix,-1.3,17.0,2.0,6.5,2328,2423.0,4.9,1.4,122,SK hynix+10.8%連動(β0.13) / 買い出来高優勢 / MA上昇配列 / パーフェクトオーダー / 52週高値目前
5393,ニチアス,ガラス・土石製品,19.8,★☆☆☆☆,18.8,0.0,0.0,0.0,1.0,0.0,0.0,0.0,見送り(地合い🔴),Quanta Services,6.3,-7.7,4.6,-6.2,3050,3359.0,-0.2,1.1,2180,Quanta Services+13.4%連動(β0.20) 未反応+6.3%
6616,トレックス・セミコンダクター,電気機器,19.8,★☆☆☆☆,19.8,0.0,0.0,0.0,0.0,0.0,0.0,0.0,見送り(地合い🔴),SK hynix,5.3,-20.3,6.6,-13.8,1557,1793.0,-1.2,0.9,223,SK hynix+10.8%連動(β0.29) 未反応+5.3%
6866,日置電機,電気機器,19.8,★☆☆☆☆,17.6,0.0,0.0,0.0,2.2,0.0,0.0,0.0,見送り(地合い🔴),SK hynix,4.2,-0.5,6.3,-2.3,9809,11210.0,-3.1,0.8,840,SK hynix+10.8%連動(β0.21) 未反応+4.2%
8338,筑波銀行,銀行業,19.8,★☆☆☆☆,17.6,0.0,0.0,0.0,2.2,0.0,0.0,0.0,見送り(地合い🔴),SK hynix,12.1,4.3,4.9,-2.2,560,622.0,-7.2,1.2,1000,SK hynix+10.8%連動(β0.21) 未反応+12.1%
4238,ミライアル,化学,19.8,★☆☆☆☆,18.8,0.0,1.0,0.0,0.0,0.0,0.0,0.0,見送り(地合い🔴),SK hynix,8.2,-4.8,6.0,-7.0,1375,1564.0,-5.2,1.5,143,SK hynix+10.8%連動(β0.25) 未反応+8.2%
6769,ザインエレクトロニクス,電気機器,19.7,★☆☆☆☆,19.3,0.0,0.0,0.0,0.0,0.0,0.4,0.0,見送り(地合い🔴),SK hynix,4.4,-2.1,6.6,-3.5,868,1000.0,-2.1,0.7,133,SK hynix+10.8%連動(β0.27) 未反応+4.4% / 開示[業績予想の修正](12日前)
6768,タムラ製作所,電気機器,19.6,★☆☆☆☆,19.3,0.0,0.0,0.0,0.0,0.0,0.3,0.0,見送り(地合い🔴),SK hynix,11.4,-4.7,6.1,-9.9,711,810.0,-9.1,1.1,635,SK hynix+10.8%連動(β0.27) 未反応+11.4% / 開示[子会社化](12日前)
7731,ニコン,精密機器,19.6,★☆☆☆☆,17.6,0.0,2.0,0.0,0.0,0.0,0.0,0.0,見送り(地合い🔴),Eaton,15.4,-7.7,5.4,-12.2,1704,1909.0,-15.0,1.5,3684,Eaton+7.5%連動(β0.30) 未反応+15.4%
6474,不二越,機械,19.6,★☆☆☆☆,17.6,0.0,1.0,0.0,1.0,0.0,0.0,0.0,見送り(地合い🔴),SK hynix,7.9,-1.8,7.1,-7.8,4706,5480.0,-2.8,1.2,1106,SK hynix+10.8%連動(β0.21) 未反応+7.9%
3153,八洲電機,卸売業,19.6,★☆☆☆☆,5.9,0.0,6.7,0.0,7.0,0.0,0.0,0.0,見送り(地合い🔴),SK hynix,0.4,16.1,3.6,7.2,2810,3025.0,4.9,3.2,184,SK hynix+10.8%連動(β0.17) / 出来高急増3.2倍
4275,カーリット,化学,19.599999999999998,★☆☆☆☆,18.4,0.0,0.0,0.0,1.2,0.0,0.0,0.0,見送り(地合い🔴),SK hynix,6.6,9.7,5.7,-0.2,2058,2321.0,-1.6,1.0,524,SK hynix+10.8%連動(β0.23) 未反応+6.6%
6136,オーエスジー,機械,19.599999999999998,★☆☆☆☆,16.4,0.0,1.0,0.0,2.2,0.0,0.0,0.0,見送り(地合い🔴),Eaton,10.0,5.1,4.8,-3.4,3320,3676.0,-4.8,0.9,2560,Eaton+7.5%連動(β0.23) 未反応+10.0%
1961,三機工業,建設業,19.5,★☆☆☆☆,16.2,0.0,3.3,0.0,0.0,0.0,0.0,0.0,見送り(地合い🔴),SK hynix,8.3,-12.7,5.3,-11.9,2066,2309.0,-5.3,2.4,1926,SK hynix+10.8%連動(β0.15) 未反応+8.3% / 出来高増2.4倍
6965,浜松ホトニクス,電気機器,19.5,★☆☆☆☆,18.5,0.0,1.0,0.0,0.0,0.0,0.0,0.0,見送り(地合い🔴),SK hynix,4.5,-5.9,5.0,-5.2,2090,2323.0,-1.6,1.4,7670,SK hynix+10.8%連動(β0.24) 未反応+4.5%
6925,ウシオ電機,電気機器,19.5,★☆☆☆☆,19.5,0.0,0.0,0.0,0.0,0.0,0.0,0.0,見送り(地合い🔴),Quanta Services,11.6,-12.8,5.8,-9.8,3345,3786.0,-9.1,1.0,1729,Quanta Services+13.4%連動(β0.22) 未反応+11.6%
4620,藤倉化成,化学,19.5,★☆☆☆☆,16.6,0.0,2.0,0.0,0.0,0.0,0.9,0.0,見送り(地合い🔴),SK hynix,5.0,-10.2,4.7,-10.8,783,864.0,-6.0,1.7,110,SK hynix+10.8%連動(β0.17) 未反応+5.0% / 開示[自己株式の取得](10日前)
8151,東陽テクニカ,卸売業,19.4,★☆☆☆☆,11.2,0.0,1.0,0.0,7.2,0.0,0.0,0.0,見送り(地合い🔴),SK hynix,2.5,8.6,2.9,0.7,1847,1959.0,-0.7,1.4,205,SK hynix+10.8%連動(β0.13) 未反応+2.5% / MA上昇配列 / パーフェクトオーダー
6742,京三製作所,電気機器,19.4,★☆☆☆☆,17.2,0.0,0.0,0.0,2.2,0.0,0.0,0.0,見送り(地合い🔴),SK hynix,6.4,1.9,5.4,-2.6,778,872.0,-4.2,0.9,243,SK hynix+10.8%連動(β0.19) 未反応+6.4%
6143,ソディック,機械,19.4,★☆☆☆☆,18.4,0.0,1.0,0.0,0.0,0.0,0.0,0.0,見送り(地合い🔴),SK hynix,5.3,-3.4,6.8,-6.4,1454,1682.0,-2.0,1.2,823,SK hynix+10.8%連動(β0.24) 未反応+5.3%
7915,ＮＩＳＳＨＡ,その他製品,19.4,★☆☆☆☆,16.7,0.0,0.0,0.0,2.7,0.0,0.0,0.0,見送り(地合い🔴),SK hynix,6.2,4.2,2.5,-1.1,1262,1329.0,-0.9,1.0,259,SK hynix+10.8%連動(β0.17) 未反応+6.2%
3105,日清紡ホールディングス,電気機器,19.4,★☆☆☆☆,16.2,0.0,1.0,0.0,2.2,0.0,0.0,0.0,見送り(地合い🔴),SK hynix,4.4,-5.9,5.2,-5.2,1955,2179.5,-3.3,1.3,2049,SK hynix+10.8%連動(β0.16) 未反応+4.4%
5331,ノリタケ,ガラス・土石製品,19.4,★☆☆☆☆,17.4,0.0,2.0,0.0,0.0,0.0,0.0,0.0,見送り(地合い🔴),SK hynix,4.6,-7.9,4.7,-6.3,3079,3400.0,-2.4,1.6,1053,SK hynix+10.8%連動(β0.20) 未反応+4.6%
4401,ＡＤＥＫＡ,化学,19.4,★☆☆☆☆,17.4,0.0,2.0,0.0,0.0,0.0,0.0,0.0,見送り(地合い🔴),SK hynix,5.0,1.4,3.4,-4.2,3674,3945.0,-2.4,1.9,1576,SK hynix+10.8%連動(β0.20) 未反応+5.0%
3441,山王,金属製品,19.4,★☆☆☆☆,19.4,0.0,0.0,0.0,0.0,0.0,0.0,0.0,見送り(地合い🔴),SK hynix,6.6,-17.4,7.0,-12.0,2167,2518.0,-4.7,0.9,165,SK hynix+10.8%連動(β0.27) 未反応+6.6%
8012,長瀬産業,卸売業,19.3,★☆☆☆☆,16.1,0.0,0.0,0.0,3.2,0.0,0.0,0.0,見送り(地合い🔴),Eaton,6.8,3.6,2.9,-2.6,1073,1138.0,-4.8,1.0,810,Eaton+7.5%連動(β0.22) 未反応+6.8%
6376,日機装,精密機器,19.3,★☆☆☆☆,17.1,0.0,0.0,0.0,2.2,0.0,0.0,0.0,見送り(地合い🔴),SK hynix,9.7,1.8,5.2,-3.3,3359,3750.0,-6.2,0.7,1620,SK hynix+10.8%連動(β0.19) 未反応+9.7%
2127,日本Ｍ＆Ａセンターホールディングス,サービス業,19.3,★☆☆☆☆,14.6,0.0,4.7,0.0,0.0,0.0,0.0,0.0,見送り(地合い🔴),NASDAQ,7.4,4.5,2.9,-4.4,601,637.5999755859375,-4.0,5.6,1387,NASDAQ+2.0%連動(β0.52) 未反応+7.4% / 出来高急増5.6倍
3040,ソリトンシステムズ,情報・通信業,19.2,★☆☆☆☆,17.0,0.0,0.0,0.0,2.2,0.0,0.0,0.0,見送り(地合い🔴),SK hynix,4.7,7.9,2.9,-0.9,1837,1950.0,-0.4,1.0,110,SK hynix+10.8%連動(β0.18) 未反応+4.7%
5332,ＴＯＴＯ,ガラス・土石製品,19.2,★☆☆☆☆,17.2,0.0,2.0,0.0,0.0,0.0,0.0,0.0,見送り(地合い🔴),Eaton,8.0,-10.8,4.8,-10.7,6343,7010.0,-5.6,1.9,9185,Eaton+7.5%連動(β0.28) 未反応+8.0%
4183,三井化学,化学,19.2,★☆☆☆☆,16.0,0.0,1.0,0.0,2.2,0.0,0.0,0.0,見送り(地合い🔴),SK hynix,5.6,6.2,3.0,-1.4,1991,2118.5,-2.4,1.3,3784,SK hynix+10.8%連動(β0.15) 未反応+5.6%
7970,信越ポリマー,化学,19.2,★☆☆☆☆,17.2,0.0,1.0,0.0,1.0,0.0,0.0,0.0,見送り(地合い🔴),Eaton,7.1,-6.9,4.1,-10.1,1966,2143.0,-5.1,1.0,671,Eaton+7.5%連動(β0.28) 未反応+7.1%
1982,日比谷総合設備,建設業,19.1,★☆☆☆☆,16.1,0.0,2.0,0.0,1.0,0.0,0.0,0.0,見送り(地合い🔴),SK hynix,6.9,-2.9,4.0,-5.8,2560,2785.0,-3.5,1.4,269,SK hynix+10.8%連動(β0.15) 未反応+6.9%
6928,エノモト,電気機器,19.1,★☆☆☆☆,18.1,0.0,1.0,0.0,0.0,0.0,0.0,0.0,見送り(地合い🔴),SK hynix,8.5,-12.8,5.6,-13.6,2095,2361.0,-8.3,1.2,117,SK hynix+10.8%連動(β0.22) 未反応+8.5%
5711,三菱マテリアル,非鉄金属,19.099999999999998,★☆☆☆☆,15.4,0.0,1.0,0.0,2.7,0.0,0.0,0.0,見送り(地合い🔴),SK hynix,3.1,0.5,4.4,-0.6,3826,4193.0,0.6,1.1,6201,SK hynix+10.8%連動(β0.22) 未反応+3.1%
5844,京都フィナンシャルグループ,銀行業,19.0,★☆☆☆☆,16.0,0.0,1.0,0.0,2.0,0.0,0.0,0.0,見送り(地合い🔴),SK hynix,7.0,1.9,2.9,-3.9,4178,4437.0,-4.3,1.3,4262,SK hynix+10.8%連動(β0.15) 未反応+7.0%
6823,リオン,電気機器,19.0,★☆☆☆☆,16.0,0.0,2.0,0.0,1.0,0.0,0.0,0.0,見送り(地合い🔴),Lam Research,4.9,-3.9,4.0,-5.8,3064,3330.0,-1.5,1.8,283,Lam Research+8.7%連動(β0.18) 未反応+4.9%
6349,小森コーポレーション,機械,19.0,★☆☆☆☆,0.0,0.0,9.0,0.0,8.7,0.0,4.3,-3.0,見送り(地合い🔴),,0.0,31.1,2.9,15.4,1758,1865.0,13.0,3.1,386,出来高急増3.1倍 / 買い出来高優勢 / MA上昇配列 / 伸びすぎ注意(25MA+15%) / 開示[子会社化](4日前) / 開示[上方修正](4日前)
4042,東ソー,化学,18.9,★☆☆☆☆,15.7,0.0,1.0,0.0,2.2,0.0,0.0,0.0,見送り(地合い🔴),SK hynix,6.2,1.9,2.7,-2.7,2566,2710.5,-3.7,1.5,3625,SK hynix+10.8%連動(β0.14) 未反応+6.2%
4021,日産化学,化学,18.9,★☆☆☆☆,15.9,0.0,2.0,0.0,1.0,0.0,0.0,0.0,見送り(地合い🔴),SK hynix,4.8,-5.3,3.8,-6.4,6931,7503.0,-1.5,1.7,5513,SK hynix+10.8%連動(β0.14) 未反応+4.8%
6113,アマダ,機械,18.9,★☆☆☆☆,17.9,0.0,0.0,0.0,1.0,0.0,0.0,0.0,見送り(地合い🔴),SK hynix,7.4,-1.5,4.9,-4.2,2512,2787.0,-2.8,1.1,6584,SK hynix+10.8%連動(β0.22) 未反応+7.4%
7224,新明和工業,輸送用機器,18.9,★☆☆☆☆,16.2,0.0,0.0,0.0,2.7,0.0,0.0,0.0,見送り(地合い🔴),SK hynix,4.0,4.4,2.7,-1.3,1865,1973.0,-2.0,1.1,330,SK hynix+10.8%連動(β0.16) 未反応+4.0%
5741,ＵＡＣＪ,非鉄金属,18.9,★☆☆☆☆,16.4,0.0,1.0,0.0,1.5,0.0,0.0,0.0,見送り(地合い🔴),SK hynix,3.7,-0.6,5.0,-3.3,2121,2355.0,-2.4,1.1,2010,SK hynix+10.8%連動(β0.20) 未反応+3.7%
6345,アイチ　コーポレーション,機械,18.8,★☆☆☆☆,0.0,0.0,5.3,0.0,13.5,0.0,0.0,0.0,見送り(地合い🔴),,0.0,12.0,1.8,3.8,1400,1451.0,2.0,1.8,163,買い出来高優勢 / MA上昇配列 / パーフェクトオーダー / 52週高値目前
8424,芙蓉総合リース,その他金融業,18.8,★☆☆☆☆,0.0,0.0,5.3,0.0,13.5,0.0,0.0,0.0,見送り(地合い🔴),,0.0,15.0,1.8,4.6,4378,4543.0,2.5,2.2,803,出来高増2.2倍 / MA上昇配列 / パーフェクトオーダー / 52週高値目前
4208,ＵＢＥ,化学,18.8,★☆☆☆☆,15.6,0.0,0.0,0.0,3.2,0.0,0.0,0.0,見送り(地合い🔴),SK hynix,5.8,5.8,2.5,-0.8,3027,3183.0,-2.8,1.1,2717,SK hynix+10.8%連動(β0.13) 未反応+5.8%
6464,ツバキ・ナカシマ,機械,18.8,★☆☆☆☆,17.8,0.0,1.0,0.0,0.0,0.0,0.0,0.0,見送り(地合い🔴),SK hynix,4.8,-1.6,5.2,-6.6,322,359.0,-1.6,1.3,194,SK hynix+10.8%連動(β0.21) 未反応+4.8%
8609,岡三証券グループ,証券、商品先物取引業,18.8,★☆☆☆☆,0.0,0.0,5.3,0.0,13.5,0.0,0.0,0.0,見送り(地合い🔴),,0.0,19.4,3.4,8.6,1038,1115.0,5.6,2.0,486,出来高増2.0倍 / MA上昇配列 / パーフェクトオーダー / 52週高値目前
8392,大分銀行,銀行業,18.7,★☆☆☆☆,16.5,0.0,0.0,0.0,2.2,0.0,0.0,0.0,見送り(地合い🔴),SK hynix,12.7,7.2,5.2,-0.2,2298,2565.0,-8.1,0.8,730,SK hynix+10.8%連動(β0.17) 未反応+12.7%
5715,古河機械金属,非鉄金属,18.7,★☆☆☆☆,16.5,0.0,1.0,0.0,1.2,0.0,0.0,0.0,見送り(地合い🔴),SK hynix,6.0,6.5,4.9,-1.1,3206,3555.0,-0.7,1.1,922,SK hynix+10.8%連動(β0.17) 未反応+6.0%
7911,ＴＯＰＰＡＮホールディングス,その他製品,18.6,★☆☆☆☆,17.6,0.0,1.0,0.0,0.0,0.0,0.0,0.0,見送り(地合い🔴),SK hynix,5.8,-6.6,4.6,-8.2,4109,4527.0,-6.7,1.4,7728,SK hynix+10.8%連動(β0.21) 未反応+5.8%
6336,石井表記,機械,18.6,★☆☆☆☆,18.6,0.0,0.0,0.0,0.0,0.0,0.0,0.0,見送り(地合い🔴),SK hynix,4.9,-5.5,9.3,-11.2,1276,1567.0,-3.7,0.7,290,SK hynix+10.8%連動(β0.24) 未反応+4.9%
4027,テイカ,化学,18.6,★☆☆☆☆,16.6,0.0,1.0,0.0,1.0,0.0,0.0,0.0,見送り(地合い🔴),SK hynix,5.2,0.4,4.2,-4.1,2036,2224.0,-4.5,0.9,158,SK hynix+10.8%連動(β0.17) 未反応+5.2%
9902,日伝,卸売業,18.6,★☆☆☆☆,3.6,0.0,5.3,0.0,9.7,0.0,0.0,0.0,見送り(地合い🔴),SK hynix,-6.7,24.0,2.4,12.7,2937,3085.0,9.4,2.3,245,SK hynix+10.8%連動(β0.13) / 出来高増2.3倍 / MA上昇配列 / パーフェクトオーダー
8163,ＳＲＳホールディングス,小売業,18.5,★☆☆☆☆,0.0,0.0,6.3,0.0,12.2,0.0,0.0,0.0,見送り(地合い🔴),,0.0,21.9,2.3,10.7,1369,1434.0,8.0,2.0,197,買い出来高優勢 / MA上昇配列 / パーフェクトオーダー / 52週高値目前
4631,ＤＩＣ,化学,18.5,★☆☆☆☆,16.5,0.0,1.0,0.0,1.0,0.0,0.0,0.0,見送り(地合い🔴),Eaton,4.3,-1.3,3.1,-4.4,4153,4424.0,-1.1,1.3,2310,Eaton+7.5%連動(β0.24) 未反応+4.3%
6962,大真空,電気機器,18.5,★☆☆☆☆,18.5,0.0,0.0,0.0,0.0,0.0,0.0,0.0,見送り(地合い🔴),SK hynix,8.5,-15.1,5.3,-10.4,654,731.0,-4.4,1.1,473,SK hynix+10.8%連動(β0.24) 未反応+8.5%
8137,サンワテクノス,卸売業,18.5,★☆☆☆☆,16.5,0.0,1.0,0.0,1.0,0.0,0.0,0.0,見送り(地合い🔴),SK hynix,7.8,2.7,3.9,-4.1,3326,3605.0,-6.1,1.3,288,SK hynix+10.8%連動(β0.16) 未反応+7.8%
5471,大同特殊鋼,鉄鋼,18.5,★☆☆☆☆,17.5,0.0,1.0,0.0,0.0,0.0,0.0,0.0,見送り(地合い🔴),SK hynix,8.7,-11.7,5.5,-9.5,2024,2274.5,-5.4,1.3,2918,SK hynix+10.8%連動(β0.20) 未反応+8.7%
6840,ＡＫＩＢＡホールディングス,電気機器,18.4,★☆☆☆☆,9.0,0.0,6.7,0.0,2.7,0.0,0.0,0.0,見送り(地合い🔴),SK hynix,-0.9,-1.4,7.4,-1.6,591,694.0,4.5,4.2,243,SK hynix+10.8%連動(β0.33) / 出来高急増4.2倍
1965,テクノ菱和,建設業,18.4,★☆☆☆☆,15.4,0.0,3.0,0.0,0.0,0.0,0.0,0.0,見送り(地合い🔴),GE Vernova,12.7,1.9,6.7,-6.5,4874,5630.0,-14.3,1.5,416,GE Vernova+5.0%連動(β0.27) 未反応+12.7%
6882,三社電機製作所,電気機器,18.4,★☆☆☆☆,17.4,0.0,1.0,0.0,0.0,0.0,0.0,0.0,見送り(地合い🔴),SK hynix,4.3,-6.9,4.2,-5.8,1021,1114.0,-1.9,1.4,111,SK hynix+10.8%連動(β0.20) 未反応+4.3%
1945,東京エネシス,建設業,18.4,★☆☆☆☆,16.9,0.0,0.0,0.0,1.5,0.0,0.0,0.0,見送り(地合い🔴),SK hynix,4.1,1.9,3.5,-2.4,1854,1994.0,-1.3,0.8,450,SK hynix+10.8%連動(β0.18) 未反応+4.1%
7102,日本車輌製造,輸送用機器,18.3,★☆☆☆☆,16.3,0.0,2.0,0.0,0.0,0.0,0.0,0.0,見送り(地合い🔴),SK hynix,14.6,12.8,4.2,-2.5,3096,3380.0,-9.0,1.3,207,SK hynix+10.8%連動(β0.16) 未反応+14.6%
9310,日本トランスシティ,倉庫・運輸関連業,18.3,★☆☆☆☆,0.0,0.0,6.3,0.0,12.0,0.0,0.0,0.0,見送り(地合い🔴),,0.0,22.5,3.0,8.8,1268,1350.0,7.4,1.6,148,買い出来高優勢 / MA上昇配列 / パーフェクトオーダー
8362,福井銀行,銀行業,18.3,★☆☆☆☆,16.1,0.0,0.0,0.0,2.2,0.0,0.0,0.0,見送り(地合い🔴),SK hynix,10.8,2.0,5.1,-3.2,5104,5680.0,-8.1,0.8,433,SK hynix+10.8%連動(β0.15) 未反応+10.8%
135A,ＶＲＡＩＮ　Ｓｏｌｕｔｉｏｎ,情報・通信業,18.3,★☆☆☆☆,18.3,0.0,0.0,0.0,0.0,0.0,0.0,0.0,見送り(地合い🔴),SK hynix,5.2,-8.4,6.4,-8.0,3214,3685.0,0.4,0.8,386,SK hynix+10.8%連動(β0.23) 未反応+5.2%
4613,関西ペイント,化学,18.2,★☆☆☆☆,0.0,0.0,3.3,0.0,13.5,0.0,1.4,0.0,見送り(地合い🔴),,0.0,11.3,2.1,4.2,2716,2832.0,6.4,2.1,2661,出来高増2.1倍 / MA上昇配列 / パーフェクトオーダー / 52週高値目前 / 開示[子会社化](4日前)
8473,ＳＢＩホールディングス,証券、商品先物取引業,18.2,★☆☆☆☆,4.9,0.0,6.3,0.0,7.0,0.0,0.0,0.0,見送り(地合い🔴),SK hynix,-3.5,20.9,3.1,9.3,2851,3038.0,7.6,2.8,13786,SK hynix+10.8%連動(β0.18) / 出来高増2.8倍
6367,ダイキン工業,機械,18.2,★☆☆☆☆,17.2,0.0,1.0,0.0,0.0,0.0,0.0,0.0,見送り(地合い🔴),Eaton,5.6,-0.9,2.0,-5.5,22365,23295.0,-2.4,1.2,30170,Eaton+7.5%連動(β0.28) 未反応+5.6%
268A,リガク・ホールディングス,精密機器,18.2,★☆☆☆☆,18.2,0.0,0.0,0.0,0.0,0.0,0.0,0.0,見送り(地合い🔴),SK hynix,5.5,-8.4,8.7,-9.8,1713,2076.0,-2.7,1.2,6576,SK hynix+10.8%連動(β0.23) 未反応+5.5%
8818,京阪神ビルディング,不動産業,18.2,★☆☆☆☆,0.0,0.0,4.0,0.0,12.2,0.0,2.0,0.0,見送り(地合い🔴),,0.0,11.9,2.8,3.2,1085,1149.0,3.7,1.4,451,MA上昇配列 / パーフェクトオーダー / 52週高値目前 / 開示[業績予想の修正](3日前)
2413,エムスリー,サービス業,18.1,★☆☆☆☆,14.8,0.0,3.3,0.0,0.0,0.0,0.0,0.0,見送り(地合い🔴),NASDAQ,7.6,2.5,4.2,-4.9,1632,1781.5,-2.1,2.1,6754,NASDAQ+2.0%連動(β0.55) 未反応+7.6% / 出来高増2.1倍
3156,レスター,卸売業,18.1,★☆☆☆☆,3.8,0.0,4.3,0.0,10.0,0.0,0.0,0.0,見送り(地合い🔴),SK hynix,-9.8,8.7,4.3,7.7,3769,4125.0,16.5,2.1,401,SK hynix+10.8%連動(β0.14) / 出来高増2.1倍 / MA上昇配列 / パーフェクトオーダー
4483,ＪＭＤＣ,情報・通信業,18.099999999999998,★☆☆☆☆,14.9,0.0,2.0,0.0,1.2,0.0,0.0,0.0,見送り(地合い🔴),NASDAQ,6.2,9.5,3.5,-0.2,2912,3130.0,-2.2,0.6,988,NASDAQ+2.0%連動(β0.59) 未反応+6.2%
9621,建設技術研究所,サービス業,18.099999999999998,★☆☆☆☆,0.0,0.0,6.7,0.0,9.0,0.0,2.4,0.0,見送り(地合い🔴),,0.0,16.7,2.2,8.1,3033,3175.0,8.7,4.6,171,出来高急増4.6倍 / MA上昇配列 / 開示[自己株式取得](3日前)
8020,兼松,卸売業,18.0,★☆☆☆☆,12.5,0.0,1.0,0.0,4.5,0.0,0.0,0.0,見送り(地合い🔴),SK hynix,3.0,8.2,2.2,0.4,2005,2098.5,-0.9,1.2,943,SK hynix+10.8%連動(β0.13) 未反応+3.0%
4968,荒川化学工業,化学,18.0,★☆☆☆☆,17.0,0.0,1.0,0.0,0.0,0.0,0.0,0.0,見送り(地合い🔴),SK hynix,11.8,-5.8,8.0,-12.1,1529,1819.0,-11.3,0.8,608,SK hynix+10.8%連動(β0.18) 未反応+11.8%
7177,ＧＭＯフィナンシャルホールディングス,証券、商品先物取引業,18.0,★☆☆☆☆,3.3,0.0,1.0,0.0,12.0,0.0,1.7,0.0,見送り(地合い🔴),SK hynix,-0.9,14.8,2.4,4.6,1035,1088.0,4.3,1.0,242,SK hynix+10.8%連動(β0.12) / MA上昇配列 / パーフェクトオーダー / 開示[増配](6日前)
1980,ダイダン,建設業,18.0,★☆☆☆☆,17.0,0.0,1.0,0.0,0.0,0.0,0.0,0.0,見送り(地合い🔴),SK hynix,9.1,-6.4,4.6,-9.8,2215,2441.0,-7.2,1.2,1631,SK hynix+10.8%連動(β0.18) 未反応+9.1%
6140,旭ダイヤモンド工業,機械,17.9,★☆☆☆☆,16.9,0.0,1.0,0.0,0.0,0.0,0.0,0.0,見送り(地合い🔴),SK hynix,5.4,-3.4,4.6,-5.7,1002,1103.0,-1.8,1.3,644,SK hynix+10.8%連動(β0.18) 未反応+5.4%
4061,デンカ,化学,17.9,★☆☆☆☆,16.9,0.0,1.0,0.0,0.0,0.0,0.0,0.0,見送り(地合い🔴),SK hynix,7.3,-11.7,5.7,-11.5,3040,3430.0,-7.1,1.3,2528,SK hynix+10.8%連動(β0.18) 未反応+7.3%
4109,ステラ　ケミファ,化学,17.9,★☆☆☆☆,17.9,0.0,0.0,0.0,0.0,0.0,0.0,0.0,見送り(地合い🔴),SK hynix,7.0,-12.6,5.2,-10.9,4634,5170.0,-7.0,1.1,436,SK hynix+10.8%連動(β0.22) 未反応+7.0%
7912,大日本印刷,その他製品,17.8,★☆☆☆☆,15.8,0.0,1.0,0.0,1.0,0.0,0.0,0.0,見送り(地合い🔴),SK hynix,9.3,3.7,2.9,-5.1,2753,2921.5,-6.9,1.2,5217,SK hynix+10.8%連動(β0.14) 未反応+9.3%
6674,ジーエス・ユアサ　コーポレーション,電気機器,17.8,★☆☆☆☆,17.8,0.0,0.0,0.0,0.0,0.0,0.0,0.0,見送り(地合い🔴),Eaton,7.7,-10.6,5.8,-9.7,4849,5482.0,-6.3,1.0,4731,Eaton+7.5%連動(β0.31) 未反応+7.7%
7762,シチズン時計,精密機器,17.8,★☆☆☆☆,16.8,0.0,0.0,0.0,1.0,0.0,0.0,0.0,見送り(地合い🔴),SK hynix,6.1,-4.1,4.3,-6.0,1951,2133.0,-2.1,1.0,2930,SK hynix+10.8%連動(β0.18) 未反応+6.1%
6240,ヤマシンフィルタ,機械,17.8,★☆☆☆☆,11.8,0.0,0.0,0.0,6.0,0.0,0.0,0.0,見送り(地合い🔴),NASDAQ,3.1,13.3,3.0,4.0,507,540.0,0.2,0.8,164,NASDAQ+2.0%連動(β0.53) 未反応+3.1%
6448,ブラザー工業,電気機器,17.8,★☆☆☆☆,0.0,0.0,4.3,0.0,13.5,0.0,0.0,0.0,見送り(地合い🔴),,0.0,14.9,2.3,4.8,3824,4011.0,1.8,2.0,3172,出来高増2.0倍 / MA上昇配列 / パーフェクトオーダー / 52週高値目前
4078,堺化学工業,化学,17.7,★☆☆☆☆,15.5,0.0,1.0,0.0,1.2,0.0,0.0,0.0,見送り(地合い🔴),SK hynix,3.3,-2.9,5.3,-4.0,3594,4020.0,-1.8,1.2,1523,SK hynix+10.8%連動(β0.20) 未反応+3.3%
3741,セック,情報・通信業,17.7,★☆☆☆☆,16.2,0.0,0.0,0.0,1.5,0.0,0.0,0.0,見送り(地合い🔴),SK hynix,3.5,0.4,3.9,-2.6,2733,2962.0,0.9,0.8,307,SK hynix+10.8%連動(β0.21) 未反応+3.5%
6412,平和,機械,17.7,★☆☆☆☆,0.0,0.0,6.7,0.0,11.0,0.0,0.0,0.0,見送り(地合い🔴),,0.0,13.6,1.8,4.5,2064,2140.0,4.7,3.1,570,出来高急増3.1倍 / MA上昇配列 / パーフェクトオーダー
6480,日本トムソン,機械,17.6,★☆☆☆☆,15.6,0.0,2.0,0.0,0.0,0.0,0.0,0.0,見送り(地合い🔴),SK hynix,2.7,-9.9,7.7,-8.3,1509,1782.0,1.1,1.7,1613,SK hynix+10.8%連動(β0.28) 未反応+2.7%
8698,マネックスグループ,証券、商品先物取引業,17.599999999999998,★☆☆☆☆,15.4,0.0,1.0,0.0,1.2,0.0,0.0,0.0,見送り(地合い🔴),NASDAQ,6.5,10.3,3.6,-0.4,654,705.0,-4.1,0.6,2442,NASDAQ+2.0%連動(β0.68) 未反応+6.5%
4064,日本カーバイド工業,化学,17.5,★☆☆☆☆,16.5,0.0,0.0,0.0,1.0,0.0,0.0,0.0,見送り(地合い🔴),SK hynix,5.0,-3.5,4.1,-4.8,2945,3205.0,-2.0,1.0,229,SK hynix+10.8%連動(β0.17) 未反応+5.0%
6203,豊和工業,機械,17.5,★☆☆☆☆,17.5,0.0,0.0,0.0,0.0,0.0,0.0,0.0,見送り(地合い🔴),SK hynix,5.9,-5.6,6.3,-9.0,1208,1381.0,-3.7,0.7,607,SK hynix+10.8%連動(β0.20) 未反応+5.9%
6333,ＴＥＩＫＯＫＵ,機械,17.5,★☆☆☆☆,0.0,0.0,4.0,0.0,13.5,0.0,0.0,0.0,見送り(地合い🔴),,0.0,15.5,3.0,5.3,3156,3355.0,3.7,1.8,123,MA上昇配列 / パーフェクトオーダー / 52週高値目前
4973,日本高純度化学,化学,17.5,★☆☆☆☆,16.5,0.0,1.0,0.0,0.0,0.0,0.0,0.0,見送り(地合い🔴),SK hynix,5.8,-17.0,6.9,-14.1,3698,4285.0,-3.2,1.2,716,SK hynix+10.8%連動(β0.17) 未反応+5.8%
6340,澁谷工業,機械,17.4,★☆☆☆☆,7.2,0.0,2.0,0.0,8.2,0.0,0.0,0.0,見送り(地合い🔴),Eaton,0.9,5.2,3.2,0.9,4110,4390.0,2.1,1.1,184,Eaton+7.5%連動(β0.24) 未反応+0.9% / MA上昇配列 / パーフェクトオーダー
7384,プロクレアホールディングス,銀行業,17.4,★☆☆☆☆,15.2,0.0,0.0,0.0,2.2,0.0,0.0,0.0,見送り(地合い🔴),SK hynix,10.7,8.5,4.7,-0.8,3626,4000.0,-7.6,0.8,411,SK hynix+10.8%連動(β0.12) 未反応+10.7%
3101,東洋紡,化学,17.4,★☆☆☆☆,16.4,0.0,1.0,0.0,0.0,0.0,0.0,0.0,見送り(地合い🔴),SK hynix,7.5,0.4,4.8,-8.5,1375,1520.0,-5.7,1.3,1160,SK hynix+10.8%連動(β0.16) 未反応+7.5%
9861,吉野家ホールディングス,小売業,17.3,★☆☆☆☆,0.0,0.0,5.3,0.0,12.0,0.0,0.0,0.0,見送り(地合い🔴),,0.0,29.8,3.4,10.3,3580,3843.0,6.4,0.8,2474,買い出来高優勢 / 資金流入増 / MA上昇配列 / パーフェクトオーダー
9101,日本郵船,海運業,17.3,★☆☆☆☆,0.0,0.0,4.3,0.0,9.5,0.0,3.5,0.0,見送り(地合い🔴),,0.0,24.2,2.3,9.7,5826,6110.0,2.8,1.4,15657,買い出来高優勢 / MA上昇配列 / パーフェクトオーダー / RSI過熱(85)⚠ / 開示[業績予想の修正](3日前) / 開示[子会社化](3日前)
2154,オープンアップグループ,サービス業,17.3,★☆☆☆☆,0.0,0.0,5.3,0.0,12.0,0.0,0.0,0.0,見送り(地合い🔴),,0.0,11.4,1.8,2.2,1942,2014.0,0.4,2.3,332,出来高増2.3倍 / MA上昇配列 / パーフェクトオーダー
5201,ＡＧＣ,ガラス・土石製品,17.3,★☆☆☆☆,16.3,0.0,1.0,0.0,0.0,0.0,0.0,0.0,見送り(地合い🔴),SK hynix,4.6,-4.0,3.2,-6.0,5694,6079.0,-1.7,1.2,8273,SK hynix+10.8%連動(β0.16) 未反応+4.6%
1515,日鉄鉱業,鉱業,17.2,★☆☆☆☆,10.2,0.0,2.0,0.0,8.0,0.0,0.0,-3.0,見送り(地合い🔴),Quanta Services,0.0,33.8,5.6,16.9,2684,3025.0,8.8,1.5,1589,Quanta Services+13.4%連動(β0.30) / MA上昇配列 / 伸びすぎ注意(25MA+17%)
4008,住友精化,化学,17.1,★☆☆☆☆,16.1,0.0,0.0,0.0,1.0,0.0,0.0,0.0,見送り(地合い🔴),SK hynix,6.3,0.1,2.8,-4.7,1155,1223.0,-4.2,0.9,219,SK hynix+10.8%連動(β0.15) 未反応+6.3%
8361,大垣共立銀行,銀行業,17.1,★☆☆☆☆,16.1,0.0,0.0,0.0,1.0,0.0,0.0,0.0,見送り(地合い🔴),SK hynix,14.0,0.2,5.2,-6.5,6463,7210.0,-11.2,1.0,1533,SK hynix+10.8%連動(β0.15) 未反応+14.0%
6145,ＮＩＴＴＯＫＵ,機械,17.1,★☆☆☆☆,17.1,0.0,0.0,0.0,0.0,0.0,0.0,0.0,見送り(地合い🔴),SK hynix,4.0,-2.8,4.5,-4.9,2383,2620.0,-0.2,1.1,309,SK hynix+10.8%連動(β0.19) 未反応+4.0%
7575,日本ライフライン,卸売業,17.0,★☆☆☆☆,0.0,0.0,8.0,0.0,9.0,0.0,0.0,0.0,見送り(地合い🔴),,0.0,25.8,2.0,14.4,1509,1570.0,13.7,4.3,243,出来高急増4.3倍 / 買い出来高優勢 / MA上昇配列 / 52週高値目前 / RSI過熱(92)⚠
7276,小糸製作所,電気機器,17.0,★☆☆☆☆,4.6,0.0,4.0,0.0,6.0,0.0,2.4,0.0,見送り(地合い🔴),Eaton,-5.2,10.4,2.6,5.3,2559,2696.5,9.6,1.8,2327,Eaton+7.5%連動(β0.24) / 開示[自己株式の取得](3日前)
7942,ＪＳＰ,化学,16.900000000000002,★☆☆☆☆,7.8,0.0,1.0,0.0,6.0,0.0,2.1,0.0,見送り(地合い🔴),SK hynix,1.6,8.2,2.3,2.0,2418,2533.0,3.6,1.5,111,SK hynix+10.8%連動(β0.11) 未反応+1.6% / 開示[業績予想の修正](2日前)
3191,ジョイフル本田,小売業,16.9,★☆☆☆☆,0.0,0.0,4.7,0.0,12.2,0.0,0.0,0.0,見送り(地合い🔴),,0.0,18.4,2.2,8.2,2385,2493.0,7.7,3.7,528,出来高急増3.7倍 / MA上昇配列 / パーフェクトオーダー / 52週高値目前
2760,東京エレクトロン　デバイス,卸売業,16.9,★☆☆☆☆,7.9,0.0,5.3,0.0,3.7,0.0,0.0,0.0,見送り(地合い🔴),SK hynix,-0.0,10.6,5.2,5.1,3609,4030.0,5.1,2.7,752,SK hynix+10.8%連動(β0.29) / 出来高増2.7倍
8255,アクシアル　リテイリング,小売業,16.8,★☆☆☆☆,0.0,0.0,5.3,0.0,11.5,0.0,0.0,0.0,見送り(地合い🔴),,0.0,19.6,2.4,7.0,1208,1268.0,6.4,1.7,246,買い出来高優勢 / MA上昇配列 / 52週高値目前
5334,日本特殊陶業,ガラス・土石製品,16.8,★☆☆☆☆,11.0,0.0,2.0,0.0,1.0,0.0,2.8,0.0,見送り(地合い🔴),SK hynix,2.0,-6.1,4.5,-6.5,8561,9415.0,-0.2,1.7,11025,SK hynix+10.8%連動(β0.18) 未反応+2.0% / 開示[株式分割](2日前) / 開示[自己株式の取得](9日前)
6363,酉島製作所,機械,16.8,★☆☆☆☆,16.8,0.0,0.0,0.0,0.0,0.0,0.0,0.0,見送り(地合い🔴),SK hynix,4.6,-2.6,3.7,-3.2,2563,2768.0,-1.4,0.9,522,SK hynix+10.8%連動(β0.18) 未反応+4.6%
6200,インソース,サービス業,16.7,★☆☆☆☆,4.8,0.0,4.3,0.0,6.7,0.0,0.9,0.0,見送り(地合い🔴),NASDAQ,0.8,29.6,3.4,14.8,703,754.0,4.1,1.1,585,NASDAQ+2.0%連動(β0.51) 未反応+0.8% / 買い出来高優勢 / MA上昇配列 / 開示[自己株式取得](12日前) / 開示[自己株式取得](12日前)
296A,令和アカウンティング・ホールディングス,サービス業,16.7,★☆☆☆☆,0.0,0.0,5.3,0.0,11.0,0.0,0.4,0.0,見送り(地合い🔴),,0.0,19.6,4.4,6.4,781,857.0,-6.7,0.5,165,買い出来高優勢 / 資金流入増 / MA上昇配列 / パーフェクトオーダー / 開示[業務提携](12日前)
9551,メタウォーター,電気・ガス業,16.7,★☆☆☆☆,15.7,0.0,1.0,0.0,0.0,0.0,0.0,0.0,見送り(地合い🔴),SK hynix,5.8,0.3,3.3,-4.5,2881,3085.0,-3.0,1.4,450,SK hynix+10.8%連動(β0.14) 未反応+5.8%
4045,東亞合成,化学,16.6,★☆☆☆☆,0.0,0.0,2.0,0.0,12.0,0.0,2.6,0.0,見送り(地合い🔴),,0.0,8.7,1.9,2.3,1727,1796.0,1.6,1.6,552,MA上昇配列 / パーフェクトオーダー / 開示[増配](2日前)
7713,シグマ光機,精密機器,16.5,★☆☆☆☆,16.5,0.0,0.0,0.0,0.0,0.0,0.0,0.0,見送り(地合い🔴),SK hynix,5.0,-5.3,5.3,-6.5,1680,1878.0,-2.6,0.9,101,SK hynix+10.8%連動(β0.17) 未反応+5.0%
6282,オイレス工業,機械,16.5,★☆☆☆☆,7.3,0.0,1.0,0.0,8.2,0.0,0.0,0.0,見送り(地合い🔴),Eaton,1.3,8.1,1.8,1.0,2749,2854.0,2.6,1.1,185,Eaton+7.5%連動(β0.18) 未反応+1.3% / MA上昇配列 / パーフェクトオーダー
1952,新日本空調,建設業,16.5,★☆☆☆☆,16.5,0.0,0.0,0.0,0.0,0.0,0.0,0.0,見送り(地合い🔴),SK hynix,7.9,-7.9,4.2,-8.8,2966,3240.0,-6.6,0.9,649,SK hynix+10.8%連動(β0.17) 未反応+7.9%
8566,リコーリース,その他金融業,16.5,★☆☆☆☆,0.0,0.0,3.0,0.0,13.5,0.0,0.0,0.0,見送り(地合い🔴),,0.0,15.8,2.2,3.7,6423,6720.0,0.4,2.0,307,MA上昇配列 / パーフェクトオーダー / 52週高値目前
8593,三菱ＨＣキャピタル,その他金融業,16.5,★☆☆☆☆,0.0,0.0,3.0,0.0,13.5,0.0,0.0,0.0,見送り(地合い🔴),,0.0,17.1,1.8,5.3,1419,1473.0,2.4,1.7,6052,MA上昇配列 / パーフェクトオーダー / 52週高値目前
8037,カメイ,卸売業,16.5,★☆☆☆☆,0.0,0.0,3.0,0.0,13.5,0.0,0.0,0.0,見送り(地合い🔴),,0.0,17.2,2.1,6.6,3732,3895.0,4.7,1.4,177,MA上昇配列 / パーフェクトオーダー / 52週高値目前
3151,バイタルケーエスケー・ホールディングス,卸売業,16.5,★☆☆☆☆,0.0,0.0,3.0,0.0,13.5,0.0,0.0,0.0,見送り(地合い🔴),,0.0,16.8,2.1,4.7,1606,1676.0,0.9,1.3,123,MA上昇配列 / パーフェクトオーダー / 52週高値目前
2802,味の素,食料品,16.5,★☆☆☆☆,14.5,0.0,2.0,0.0,0.0,0.0,0.0,0.0,見送り(地合い🔴),SK hynix,3.6,-11.5,3.9,-9.8,4579,4965.0,-2.6,1.8,21103,SK hynix+10.8%連動(β0.14) 未反応+3.6%
6905,コーセル,電気機器,16.5,★☆☆☆☆,16.5,0.0,0.0,0.0,0.0,0.0,0.0,0.0,見送り(地合い🔴),Eaton,4.5,-11.9,3.7,-7.7,1157,1248.0,-1.3,1.0,262,Eaton+7.5%連動(β0.24) 未反応+4.5%
4928,ノエビアホールディングス,化学,16.4,★☆☆☆☆,0.0,0.0,7.7,0.0,8.7,0.0,0.0,0.0,見送り(地合い🔴),,0.0,17.0,2.0,7.9,4775,4970.0,7.2,6.3,600,出来高急増6.3倍 / MA上昇配列
5302,日本カーボン,ガラス・土石製品,16.4,★☆☆☆☆,8.2,0.0,0.0,0.0,8.2,0.0,0.0,0.0,見送り(地合い🔴),Eaton,1.6,4.5,2.1,0.1,4539,4735.0,1.4,0.9,288,Eaton+7.5%連動(β0.17) 未反応+1.6% / MA上昇配列 / パーフェクトオーダー
6845,アズビル,電気機器,16.4,★☆☆☆☆,11.2,0.0,2.0,0.0,3.2,0.0,0.0,0.0,見送り(地合い🔴),SK hynix,2.4,3.8,2.5,-0.7,1581,1665.5,1.9,1.4,2229,SK hynix+10.8%連動(β0.15) 未反応+2.4%
8101,ＧＳＩクレオス,卸売業,16.3,★☆☆☆☆,0.0,0.0,4.3,0.0,12.0,0.0,0.0,0.0,見送り(地合い🔴),,0.0,17.2,2.8,5.2,2509,2660.0,-0.8,0.8,122,買い出来高優勢 / MA上昇配列 / パーフェクトオーダー
4743,アイティフォー,情報・通信業,16.3,★☆☆☆☆,0.0,0.0,4.3,0.0,12.0,0.0,0.0,0.0,見送り(地合い🔴),,0.0,12.1,1.8,2.9,1659,1722.0,2.3,1.2,114,買い出来高優勢 / MA上昇配列 / パーフェクトオーダー
6584,三櫻工業,輸送用機器,16.3,★☆☆☆☆,16.3,0.0,0.0,0.0,0.0,0.0,0.0,0.0,見送り(地合い🔴),Eaton,3.3,-7.2,4.9,-5.9,733,813.0,1.4,1.1,597,Eaton+7.5%連動(β0.34) 未反応+3.3%
8154,加賀電子,卸売業,16.3,★☆☆☆☆,4.3,0.0,4.0,0.0,8.0,0.0,0.0,0.0,見送り(地合い🔴),SK hynix,-3.2,19.4,3.2,10.1,4391,4695.0,7.8,1.8,673,SK hynix+10.8%連動(β0.16)
3276,ＪＰＭＣ,不動産業,16.3,★☆☆☆☆,0.0,0.0,5.3,0.0,11.0,0.0,0.0,0.0,見送り(地合い🔴),,0.0,45.3,4.5,14.8,1658,1822.0,1.6,0.7,242,買い出来高優勢 / 資金流入増 / MA上昇配列 / パーフェクトオーダー / 52週高値目前 / RSI過熱(90)⚠
9991,ジェコス,卸売業,16.3,★☆☆☆☆,0.0,0.0,4.0,0.0,10.7,0.0,1.6,0.0,見送り(地合い🔴),,0.0,17.8,1.9,8.7,1679,1746.0,6.7,1.4,110,MA上昇配列 / パーフェクトオーダー / 開示[子会社化](3日前)
9110,ＮＳユナイテッド海運,海運業,16.1,★☆☆☆☆,0.0,0.0,8.0,0.0,5.5,0.0,2.6,0.0,見送り(地合い🔴),,0.0,31.8,2.8,14.5,7589,8040.0,9.2,3.5,449,出来高急増3.5倍 / 買い出来高優勢 / RSI過熱(90)⚠ / 開示[自己株式の取得](2日前)
9433,ＫＤＤＩ,情報・通信業,16.0,★☆☆☆☆,0.0,0.0,4.0,0.0,12.0,0.0,0.0,0.0,見送り(地合い🔴),,0.0,13.6,2.4,3.0,2779,2921.0,-0.1,1.6,24929,MA上昇配列 / パーフェクトオーダー
6381,アネスト岩田,機械,16.0,★☆☆☆☆,0.0,0.0,1.0,0.0,15.0,0.0,0.0,0.0,見送り(地合い🔴),,0.0,11.5,1.6,3.2,1747,1803.0,1.9,1.2,151,MA上昇配列 / パーフェクトオーダー / 52週高値ブレイク!
7513,コジマ,小売業,16.0,★☆☆☆☆,0.0,0.0,4.0,0.0,12.0,0.0,0.0,0.0,見送り(地合い🔴),,0.0,15.3,3.1,4.1,1292,1379.0,1.3,1.1,454,資金流入増 / MA上昇配列 / パーフェクトオーダー
3696,セレス,情報・通信業,16.0,★☆☆☆☆,7.3,0.0,6.7,0.0,0.0,0.0,2.0,0.0,見送り(地合い🔴),NASDAQ,1.1,3.0,3.2,-0.4,1979,2113.0,2.4,3.1,313,NASDAQ+2.0%連動(β0.77) 未反応+1.1% / 出来高急増3.1倍 / 開示[業績予想の修正](3日前)
5108,ブリヂストン,ゴム製品,16.0,★☆☆☆☆,0.0,0.0,4.0,0.0,12.0,0.0,0.0,0.0,見送り(地合い🔴),,0.0,19.5,2.3,7.9,3782,3965.0,6.7,1.5,16091,MA上昇配列 / パーフェクトオーダー
4471,三洋化成工業,化学,16.0,★☆☆☆☆,13.8,0.0,0.0,0.0,2.2,0.0,0.0,0.0,見送り(地合い🔴),SK hynix,3.6,5.8,2.5,-0.9,4620,4865.0,-1.1,1.2,265,SK hynix+10.8%連動(β0.11) 未反応+3.6%
9274,ＫＰＰグループホールディングス,卸売業,15.9,★☆☆☆☆,0.0,0.0,2.0,0.0,13.5,0.0,0.4,0.0,見送り(地合い🔴),,0.0,15.1,2.6,4.7,1052,1110.0,2.0,1.0,245,MA上昇配列 / パーフェクトオーダー / 52週高値目前 / 開示[自己株式の取得](12日前)
6339,新東工業,機械,15.8,★☆☆☆☆,14.8,0.0,0.0,0.0,1.0,0.0,0.0,0.0,見送り(地合い🔴),Eaton,3.5,2.4,2.4,-2.6,1095,1151.0,-0.2,1.0,117,Eaton+7.5%連動(β0.23) 未反応+3.5%
3762,テクマトリックス,情報・通信業,15.6,★☆☆☆☆,0.0,0.0,4.0,0.0,9.0,0.0,2.6,0.0,見送り(地合い🔴),,0.0,21.3,2.6,8.8,1935,2042.0,8.3,1.8,393,MA上昇配列 / 開示[自己株式の取得](2日前)
3091,ブロンコビリー,小売業,15.6,★☆☆☆☆,0.0,0.0,4.3,0.0,10.7,0.0,0.6,0.0,見送り(地合い🔴),,0.0,29.4,4.3,13.0,2463,2694.0,6.1,1.0,474,買い出来高優勢 / MA上昇配列 / パーフェクトオーダー / 開示[増配](11日前)
167A,リョーサン菱洋ホールディングス,卸売業,15.6,★☆☆☆☆,3.6,0.0,4.0,0.0,8.0,0.0,0.0,0.0,見送り(地合い🔴),SK hynix,-1.2,13.7,2.1,5.5,2811,2934.0,4.3,2.0,577,SK hynix+10.8%連動(β0.13) / MA上昇配列
4746,東計電算,情報・通信業,15.5,★☆☆☆☆,0.0,0.0,2.0,0.0,13.5,0.0,0.0,0.0,見送り(地合い🔴),,0.0,18.2,2.0,6.2,4821,5020.0,4.0,0.9,152,MA上昇配列 / パーフェクトオーダー / 52週高値目前
4997,日本農薬,化学,15.5,★☆☆☆☆,0.0,0.0,2.0,0.0,13.5,0.0,0.0,0.0,見送り(地合い🔴),,0.0,11.5,2.4,4.5,1025,1077.0,-0.7,1.0,187,MA上昇配列 / パーフェクトオーダー / 52週高値目前
7239,タチエス,輸送用機器,15.5,★☆☆☆☆,0.0,0.0,2.0,0.0,13.5,0.0,0.0,0.0,見送り(地合い🔴),,0.0,12.1,1.5,4.3,2193,2262.0,4.3,1.0,175,MA上昇配列 / パーフェクトオーダー / 52週高値目前
7740,タムロン,精密機器,15.5,★☆☆☆☆,0.0,0.0,8.0,0.0,12.5,0.0,0.0,-5.0,見送り(地合い🔴),,0.0,32.3,3.1,23.8,1348,1438.0,28.9,8.9,678,出来高急増8.9倍 / 買い出来高優勢 / MA上昇配列 / パーフェクトオーダー / 52週高値ブレイク! / RSI過熱(86)⚠ / 過熱⚠25MA+24%
4095,日本パーカライジング,化学,15.5,★☆☆☆☆,12.3,0.0,1.0,0.0,2.2,0.0,0.0,0.0,見送り(地合い🔴),Eaton,2.8,3.3,1.8,-1.0,1602,1661.0,-1.1,1.2,355,Eaton+7.5%連動(β0.20) 未反応+2.8%
9279,ギフトホールディングス,小売業,15.5,★☆☆☆☆,0.0,0.0,3.3,0.0,12.2,0.0,0.0,0.0,見送り(地合い🔴),,0.0,26.8,4.1,11.4,4706,5130.0,7.1,1.1,454,買い出来高優勢 / MA上昇配列 / パーフェクトオーダー / 52週高値目前
3950,ザ・パック,パルプ・紙,15.5,★☆☆☆☆,0.0,0.0,3.3,0.0,12.2,0.0,0.0,0.0,見送り(地合い🔴),,0.0,13.2,1.9,3.8,1395,1451.0,0.2,0.9,218,買い出来高優勢 / MA上昇配列 / パーフェクトオーダー / 52週高値目前
4259,エクサウィザーズ,情報・通信業,15.5,★☆☆☆☆,15.5,0.0,0.0,0.0,0.0,0.0,0.0,0.0,見送り(地合い🔴),NASDAQ,6.3,-0.5,6.4,-6.0,678,777.0,-2.8,0.8,1519,NASDAQ+2.0%連動(β0.70) 未反応+6.3%
7181,かんぽ生命保険,保険業,15.5,★☆☆☆☆,0.0,0.0,2.0,0.0,13.5,0.0,0.0,0.0,見送り(地合い🔴),,0.0,18.3,2.6,6.7,1679,1771.0,0.1,1.0,3970,MA上昇配列 / パーフェクトオーダー / 52週高値目前
6676,ＢＵＦＦＡＬＯ,電気機器,15.5,★☆☆☆☆,0.0,0.0,2.0,0.0,13.5,0.0,0.0,0.0,見送り(地合い🔴),,0.0,16.3,3.0,4.7,2578,2741.0,1.1,1.1,116,MA上昇配列 / パーフェクトオーダー / 52週高値目前
2705,大戸屋ホールディングス,小売業,15.5,★☆☆☆☆,0.0,0.0,2.0,0.0,13.5,0.0,0.0,0.0,見送り(地合い🔴),,0.0,18.2,3.2,6.9,8031,8580.0,5.9,1.1,119,MA上昇配列 / パーフェクトオーダー / 52週高値目前
9831,ヤマダホールディングス,小売業,15.3,★☆☆☆☆,0.0,0.0,3.3,0.0,12.0,0.0,0.0,0.0,見送り(地合い🔴),,0.0,17.8,3.4,4.1,665,713.0999755859375,-1.6,1.1,3579,買い出来高優勢 / MA上昇配列 / パーフェクトオーダー
9001,東武鉄道,陸運業,15.3,★☆☆☆☆,0.0,0.0,5.3,0.0,10.0,0.0,0.0,0.0,見送り(地合い🔴),,0.0,14.2,2.2,3.5,2960,3096.0,2.8,1.5,1755,買い出来高優勢 / MA上昇配列 / パーフェクトオーダー
8600,トモニホールディングス,銀行業,15.3,★☆☆☆☆,0.0,0.0,3.3,0.0,12.0,0.0,0.0,0.0,見送り(地合い🔴),,0.0,17.1,3.6,5.6,926,997.0,-2.6,1.0,594,買い出来高優勢 / MA上昇配列 / パーフェクトオーダー
7278,エクセディ,輸送用機器,15.3,★☆☆☆☆,0.0,0.0,3.3,0.0,12.0,0.0,0.0,0.0,見送り(地合い🔴),,0.0,6.0,1.8,1.1,5827,6040.0,1.3,2.3,1089,出来高増2.3倍 / MA上昇配列 / パーフェクトオーダー
6436,アマノ,機械,15.3,★☆☆☆☆,0.0,0.0,6.3,0.0,9.0,0.0,0.0,0.0,見送り(地合い🔴),,0.0,10.8,2.7,2.6,3661,3874.0,-0.1,2.5,1244,出来高増2.5倍 / MA上昇配列
9044,ＮＡＮＫＡＩ,陸運業,15.3,★☆☆☆☆,0.0,0.0,5.3,0.0,10.0,0.0,0.0,0.0,見送り(地合い🔴),,0.0,12.7,2.8,1.5,2826,2991.5,2.3,2.2,822,出来高増2.2倍 / MA上昇配列
6877,ＯＢＡＲＡ　ＧＲＯＵＰ,電気機器,15.3,★☆☆☆☆,13.3,0.0,1.0,0.0,1.0,0.0,0.0,0.0,見送り(地合い🔴),SK hynix,3.3,2.2,4.1,-3.4,5273,5750.0,1.2,1.2,304,SK hynix+10.8%連動(β0.13) 未反応+3.3%
9069,センコーグループホールディングス,陸運業,15.3,★☆☆☆☆,0.0,0.0,3.3,0.0,12.0,0.0,0.0,0.0,見送り(地合い🔴),,0.0,22.0,2.3,5.5,2105,2205.5,0.8,0.8,826,買い出来高優勢 / MA上昇配列 / パーフェクトオーダー
4385,メルカリ,情報・通信業,15.3,★☆☆☆☆,15.3,0.0,0.0,0.0,0.0,0.0,0.0,0.0,見送り(地合い🔴),NASDAQ,5.0,8.8,4.4,-3.1,3913,4290.0,0.9,0.7,7937,NASDAQ+2.0%連動(β0.65) 未反応+5.0%
6284,日精エー・エス・ビー機械,機械,15.2,★☆☆☆☆,14.2,0.0,0.0,0.0,1.0,0.0,0.0,0.0,見送り(地合い🔴),SK hynix,3.2,4.1,3.6,-3.2,8413,9070.0,-0.7,1.2,334,SK hynix+10.8%連動(β0.17) 未反応+3.2%
2908,フジッコ,食料品,15.1,★☆☆☆☆,0.0,0.0,4.0,0.0,9.0,0.0,2.1,0.0,見送り(地合い🔴),,0.0,12.1,1.5,2.9,1547,1593.0,2.8,1.9,105,MA上昇配列 / 開示[業績予想の修正](2日前)
9107,川崎汽船,海運業,15.1,★☆☆☆☆,0.0,0.0,2.0,0.0,12.2,0.0,0.9,0.0,見送り(地合い🔴),,0.0,21.2,2.2,7.6,2723,2850.0,1.6,1.1,12054,MA上昇配列 / パーフェクトオーダー / 52週高値目前 / 開示[業績予想の修正](9日前)
3382,セブン＆アイ・ホールディングス,小売業,15.1,★☆☆☆☆,0.0,0.0,1.0,0.0,9.0,0.0,5.1,0.0,見送り(地合い🔴),,0.0,11.8,3.5,2.6,1961,2109.0,-1.7,0.9,20623,MA上昇配列 / 開示[資本業務提携](2日前) / 開示[自己株式の取得](2日前)
2146,ＵＴグループ,サービス業,15.0,★☆☆☆☆,8.0,0.0,1.0,0.0,6.0,0.0,0.0,0.0,見送り(地合い🔴),NASDAQ,1.7,11.5,2.0,2.6,177,184.0,1.7,1.5,1011,NASDAQ+2.0%連動(β0.58) 未反応+1.7%
2004,昭和産業,食料品,15.0,★☆☆☆☆,0.0,0.0,3.0,0.0,12.0,0.0,0.0,0.0,見送り(地合い🔴),,0.0,10.6,2.0,2.0,3407,3550.0,2.2,1.6,219,MA上昇配列 / パーフェクトオーダー
7752,リコー,電気機器,15.0,★☆☆☆☆,0.0,0.0,4.0,0.0,11.0,0.0,0.0,0.0,見送り(地合い🔴),,0.0,17.4,3.1,4.6,1483,1579.5,1.5,1.6,4251,MA上昇配列 / パーフェクトオーダー
9039,サカイ引越センター,陸運業,15.0,★☆☆☆☆,0.0,0.0,3.0,0.0,12.0,0.0,0.0,0.0,見送り(地合い🔴),,0.0,8.1,1.7,0.8,2877,2977.0,-0.2,1.3,189,MA上昇配列 / パーフェクトオーダー
7085,カーブスホールディングス,サービス業,15.0,★☆☆☆☆,0.0,0.0,3.0,0.0,12.0,0.0,0.0,0.0,見送り(地合い🔴),,0.0,11.0,3.0,2.1,902,960.0,2.2,1.4,523,資金流入増 / MA上昇配列 / パーフェクトオーダー
5911,横河ブリッジホールディングス,金属製品,15.0,★☆☆☆☆,0.0,0.0,3.3,0.0,10.0,0.0,1.7,0.0,見送り(地合い🔴),,0.0,10.6,1.8,2.3,2855,2960.0,0.8,2.7,350,出来高増2.7倍 / MA上昇配列 / 開示[自己株式取得](6日前)
7516,コーナン商事,小売業,15.0,★☆☆☆☆,0.0,0.0,3.0,0.0,12.0,0.0,0.0,0.0,見送り(地合い🔴),,0.0,11.0,2.6,1.1,3979,4195.0,1.0,0.9,441,MA上昇配列 / パーフェクトオーダー
2782,セリア,小売業,15.0,★☆☆☆☆,0.0,0.0,4.0,0.0,11.0,0.0,0.0,0.0,見送り(地合い🔴),,0.0,13.9,2.6,3.8,3653,3850.0,1.2,1.7,993,MA上昇配列 / パーフェクトオーダー
3087,ドトール・日レスホールディングス,小売業,15.0,★☆☆☆☆,0.0,0.0,4.3,0.0,10.7,0.0,0.0,0.0,見送り(地合い🔴),,0.0,24.3,3.2,9.3,2989,3195.0,3.4,1.1,540,買い出来高優勢 / MA上昇配列 / パーフェクトオーダー
9031,西日本鉄道,陸運業,15.0,★☆☆☆☆,0.0,0.0,3.0,0.0,12.0,0.0,0.0,0.0,見送り(地合い🔴),,0.0,13.8,2.1,2.4,2992,3122.0,0.5,1.4,550,MA上昇配列 / パーフェクトオーダー
5192,三ツ星ベルト,ゴム製品,15.0,★☆☆☆☆,0.0,0.0,3.0,0.0,12.0,0.0,0.0,0.0,見送り(地合い🔴),,0.0,9.9,1.5,1.8,3966,4085.0,-0.4,1.3,279,MA上昇配列 / パーフェクトオーダー
9048,名古屋鉄道,陸運業,15.0,★☆☆☆☆,0.0,0.0,4.0,0.0,11.0,0.0,0.0,0.0,見送り(地合い🔴),,0.0,9.2,2.1,0.2,1817,1895.0,-1.0,1.8,1591,MA上昇配列 / パーフェクトオーダー
8001,伊藤忠商事,卸売業,14.9,★☆☆☆☆,4.9,0.0,3.0,0.0,7.0,0.0,0.0,0.0,見送り(地合い🔴),Eaton,0.2,13.1,2.1,4.8,1931,2014.0,2.9,1.4,26697,Eaton+7.5%連動(β0.23)
9324,安田倉庫,倉庫・運輸関連業,14.9,★☆☆☆☆,0.0,0.0,3.0,0.0,9.5,0.0,2.4,0.0,見送り(地合い🔴),,0.0,11.7,2.4,1.8,2418,2542.0,-0.2,0.8,239,MA上昇配列 / パーフェクトオーダー / 開示[自己株式の取得](3日前)
4026,神島化学工業,ガラス・土石製品,14.899999999999999,★☆☆☆☆,11.2,0.0,0.0,0.0,3.7,0.0,0.0,0.0,見送り(地合い🔴),SK hynix,1.9,4.0,3.0,0.3,1491,1588.0,2.9,1.1,108,SK hynix+10.8%連動(β0.21) 未反応+1.9%
8370,紀陽銀行,銀行業,14.899999999999999,★☆☆☆☆,0.0,0.0,6.7,0.0,8.2,0.0,0.0,0.0,見送り(地合い🔴),,0.0,10.8,3.4,0.6,4373,4690.0,-5.2,4.5,865,出来高急増4.5倍 / MA上昇配列 / パーフェクトオーダー
4205,日本ゼオン,化学,14.8,★☆☆☆☆,8.3,0.0,3.3,0.0,3.2,0.0,0.0,0.0,見送り(地合い🔴),SK hynix,1.4,5.0,3.7,-1.1,2093,2261.0,2.1,2.2,2542,SK hynix+10.8%連動(β0.15) 未反応+1.4% / 出来高増2.2倍
8439,東京センチュリー,その他金融業,14.8,★☆☆☆☆,0.0,0.0,5.3,0.0,9.5,0.0,0.0,0.0,見送り(地合い🔴),,0.0,12.4,2.2,1.2,2505,2623.0,-1.7,2.2,1687,出来高増2.2倍 / MA上昇配列 / パーフェクトオーダー
9065,山九,陸運業,14.7,★☆☆☆☆,0.0,0.0,4.0,0.0,10.7,0.0,0.0,0.0,見送り(地合い🔴),,0.0,17.0,2.0,6.2,9099,9472.0,2.6,1.9,1668,MA上昇配列 / パーフェクトオーダー
5018,ＭＯＲＥＳＣＯ,石油・石炭製品,14.7,★☆☆☆☆,5.7,0.0,2.0,0.0,7.0,0.0,0.0,0.0,見送り(地合い🔴),SK hynix,0.7,17.8,4.6,5.5,1965,2165.0,3.4,0.7,111,SK hynix+10.8%連動(β0.13) 未反応+0.7% / 資金流入増 / MA上昇配列 / パーフェクトオーダー
299A,クラシル,サービス業,14.7,★☆☆☆☆,0.0,0.0,6.7,0.0,8.0,0.0,0.0,0.0,見送り(地合い🔴),,0.0,28.9,5.0,13.6,1049,1164.0,17.8,5.0,176,出来高急増5.0倍 / MA上昇配列
5122,オカモト,ゴム製品,14.7,★☆☆☆☆,0.0,0.0,8.0,0.0,6.7,0.0,0.0,0.0,見送り(地合い🔴),,0.0,18.3,2.5,9.5,5696,6000.0,7.1,3.1,129,出来高急増3.1倍 / 買い出来高優勢
5563,新日本電工,鉄鋼,14.7,★☆☆☆☆,7.7,0.0,3.3,0.0,3.7,0.0,0.0,0.0,見送り(地合い🔴),SK hynix,1.0,4.3,3.9,0.1,395,428.0,1.9,2.4,373,SK hynix+10.8%連動(β0.18) 未反応+1.0% / 出来高増2.4倍
7148,ＦＰＧ,証券、商品先物取引業,14.7,★☆☆☆☆,0.0,0.0,8.0,0.0,6.7,0.0,0.0,0.0,見送り(地合い🔴),,0.0,17.7,2.2,8.3,1635,1712.0,7.5,3.5,816,出来高急増3.5倍 / 買い出来高優勢 / MA上昇配列
9743,丹青社,サービス業,14.6,★☆☆☆☆,0.0,0.0,3.0,0.0,9.0,0.0,2.6,0.0,見送り(地合い🔴),,0.0,11.3,1.6,2.0,1344,1389.0,1.2,1.3,807,資金流入増 / MA上昇配列 / 開示[自己株式取得](2日前)
4169,ＥＮＥＣＨＡＮＧＥ,情報・通信業,14.6,★☆☆☆☆,0.0,0.0,2.0,0.0,6.0,0.0,6.6,0.0,見送り(地合い🔴),,0.0,21.3,4.8,12.5,216,239.0,8.6,1.0,153,開示[資本業務提携](2日前) / 開示[資本業務提携](2日前)
6457,グローリー,機械,14.5,★☆☆☆☆,0.0,0.0,1.0,0.0,13.5,0.0,0.0,0.0,見送り(地合い🔴),,0.0,19.7,2.2,8.1,4370,4571.0,3.5,1.0,856,MA上昇配列 / パーフェクトオーダー / 52週高値目前
7296,エフ・シー・シー,輸送用機器,14.5,★☆☆☆☆,0.0,0.0,1.0,0.0,13.5,0.0,0.0,0.0,見送り(地合い🔴),,0.0,14.8,1.9,5.6,3596,3740.0,5.6,1.0,328,MA上昇配列 / パーフェクトオーダー / 52週高値目前
9824,泉州電業,卸売業,14.5,★☆☆☆☆,13.5,0.0,0.0,0.0,1.0,0.0,0.0,0.0,見送り(地合い🔴),Eaton,2.6,-2.6,3.9,-5.5,5617,6090.0,-2.1,0.8,479,Eaton+7.5%連動(β0.30) 未反応+2.6%
8153,モスフードサービス,卸売業,14.4,★☆☆☆☆,0.0,0.0,2.0,0.0,9.0,0.0,3.4,0.0,見送り(地合い🔴),,0.0,11.4,2.3,2.0,3680,3855.0,2.4,1.3,327,MA上昇配列 / 開示[子会社化](2日前) / 開示[子会社化](2日前)
5713,住友金属鉱山,非鉄金属,14.4,★☆☆☆☆,7.4,0.0,2.0,0.0,5.0,0.0,0.0,0.0,見送り(地合い🔴),SK hynix,-2.2,15.2,5.6,9.6,7265,8185.0,9.7,1.8,22427,SK hynix+10.8%連動(β0.27)
9832,オートバックスセブン,卸売業,14.4,★☆☆☆☆,0.0,0.0,6.7,0.0,7.7,0.0,0.0,0.0,見送り(地合い🔴),,0.0,12.6,1.4,3.5,1511,1556.0,2.6,2.9,318,出来高増2.9倍 / 買い出来高優勢 / MA上昇配列
9682,ＤＴＳ,情報・通信業,14.4,★☆☆☆☆,0.0,0.0,6.7,0.0,7.7,0.0,0.0,0.0,見送り(地合い🔴),,0.0,18.4,2.3,8.0,1104,1158.0,7.7,3.3,635,出来高急増3.3倍 / MA上昇配列
5367,ニッカトー,ガラス・土石製品,14.399999999999999,★☆☆☆☆,6.5,0.0,6.7,0.0,1.2,0.0,0.0,0.0,見送り(地合い🔴),SK hynix,-3.7,-3.0,8.6,-2.3,1018,1230.0,4.2,6.5,619,SK hynix+10.8%連動(β0.24) / 出来高急増6.5倍
3001,片倉工業,繊維製品,14.3,★☆☆☆☆,0.0,0.0,5.3,0.0,9.0,0.0,0.0,0.0,見送り(地合い🔴),,0.0,18.9,2.5,7.8,2682,2821.0,6.4,1.4,143,買い出来高優勢 / MA上昇配列
7279,ハイレックスコーポレーション,輸送用機器,14.3,★☆☆☆☆,5.3,0.0,3.0,0.0,6.0,0.0,0.0,0.0,見送り(地合い🔴),SK hynix,-1.1,18.4,3.3,7.7,2144,2297.0,4.1,1.4,169,SK hynix+10.8%連動(β0.19)
8022,美津濃,その他製品,14.3,★☆☆☆☆,0.0,0.0,3.3,0.0,11.0,0.0,0.0,0.0,見送り(地合い🔴),,0.0,19.0,2.8,3.8,3491,3695.0,2.6,0.7,664,買い出来高優勢 / MA上昇配列 / パーフェクトオーダー
1414,ショーボンドホールディングス,建設業,14.3,★☆☆☆☆,0.0,0.0,5.3,0.0,9.0,0.0,0.0,0.0,見送り(地合い🔴),,0.0,11.2,1.7,3.5,1279,1322.5,3.2,2.5,1016,出来高増2.5倍 / MA上昇配列
5726,大阪チタニウムテクノロジーズ,非鉄金属,14.3,★☆☆☆☆,0.0,0.0,5.3,0.0,9.0,0.0,0.0,0.0,見送り(地合い🔴),,0.0,13.2,6.2,6.8,2484,2836.0,7.8,2.7,1472,出来高増2.7倍 / MA上昇配列 / パーフェクトオーダー
2730,エディオン,小売業,14.3,★☆☆☆☆,0.0,0.0,3.3,0.0,11.0,0.0,0.0,0.0,見送り(地合い🔴),,0.0,16.2,2.8,2.3,2288,2422.0,-3.0,0.9,702,買い出来高優勢 / MA上昇配列 / パーフェクトオーダー
8541,愛媛銀行,銀行業,14.3,★☆☆☆☆,0.0,0.0,5.3,0.0,12.0,0.0,0.0,-3.0,見送り(地合い🔴),,0.0,32.6,4.8,15.6,2513,2781.0,-0.5,0.8,998,買い出来高優勢 / 資金流入増 / MA上昇配列 / パーフェクトオーダー / 伸びすぎ注意(25MA+16%)
7241,フタバ産業,輸送用機器,14.3,★☆☆☆☆,0.0,0.0,4.3,0.0,10.0,0.0,0.0,0.0,見送り(地合い🔴),,0.0,12.5,2.0,4.8,996,1037.0,3.7,2.5,265,出来高増2.5倍 / MA上昇配列
9744,メイテックグループホールディングス,サービス業,14.3,★☆☆☆☆,0.0,0.0,4.3,0.0,10.0,0.0,0.0,0.0,見送り(地合い🔴),,0.0,13.4,1.5,3.7,3241,3339.0,2.3,1.2,1143,買い出来高優勢 / MA上昇配列
9045,京阪ホールディングス,陸運業,14.3,★☆☆☆☆,0.0,0.0,5.3,0.0,9.0,0.0,0.0,0.0,見送り(地合い🔴),,0.0,10.5,2.2,1.0,3118,3264.0,1.9,2.1,926,出来高増2.1倍 / MA上昇配列
6986,双葉電子工業,電気機器,14.3,★☆☆☆☆,5.3,0.0,3.0,0.0,6.0,0.0,0.0,0.0,見送り(地合い🔴),SK hynix,-0.2,16.2,3.1,6.9,576,615.0,3.7,1.3,176,SK hynix+10.8%連動(β0.20)
2124,ジェイエイシーリクルートメント,サービス業,14.3,★☆☆☆☆,0.0,0.0,5.3,0.0,9.0,0.0,0.0,0.0,見送り(地合い🔴),,0.0,16.4,2.6,5.0,895,943.0,2.3,1.3,526,買い出来高優勢 / MA上昇配列
6592,マブチモーター,電気機器,14.3,★☆☆☆☆,0.0,0.0,3.3,0.0,11.0,0.0,0.0,0.0,見送り(地合い🔴),,0.0,11.2,2.6,2.7,1579,1665.0,3.2,2.3,1743,出来高増2.3倍 / MA上昇配列 / パーフェクトオーダー
7616,コロワイド,小売業,14.3,★☆☆☆☆,0.0,0.0,4.3,0.0,10.0,0.0,0.0,0.0,見送り(地合い🔴),,0.0,18.4,2.7,6.3,1948,2057.5,5.9,1.1,906,買い出来高優勢 / MA上昇配列 / パーフェクトオーダー
9432,ＮＴＴ,情報・通信業,14.3,★☆☆☆☆,0.0,0.0,5.3,0.0,9.0,0.0,0.0,0.0,見送り(地合い🔴),,0.0,10.7,1.9,1.6,146,152.39999389648438,0.7,1.5,37252,買い出来高優勢 / MA上昇配列
8011,三陽商会,繊維製品,14.299999999999999,★☆☆☆☆,0.0,0.0,1.0,0.0,12.2,0.0,1.1,0.0,見送り(地合い🔴),,0.0,17.0,3.1,11.4,4600,4900.0,5.9,0.8,179,MA上昇配列 / パーフェクトオーダー / 52週高値目前 / 開示[株式分割](6日前)
6804,ホシデン,電気機器,14.2,★☆☆☆☆,0.0,0.0,2.0,0.0,12.2,0.0,0.0,0.0,見送り(地合い🔴),,0.0,8.7,2.4,2.8,2732,2868.0,3.7,1.4,609,MA上昇配列 / パーフェクトオーダー / 52週高値目前
6785,鈴木,電気機器,14.2,★☆☆☆☆,13.2,0.0,0.0,0.0,1.0,0.0,0.0,0.0,見送り(地合い🔴),SK hynix,2.7,-1.4,4.6,-4.4,2720,2998.0,0.6,1.2,246,SK hynix+10.8%連動(β0.19) 未反応+2.7%
9842,アークランズ,小売業,14.0,★☆☆☆☆,0.0,0.0,2.0,0.0,12.0,0.0,0.0,0.0,見送り(地合い🔴),,0.0,6.4,2.2,0.5,1829,1914.0,0.8,1.1,557,資金流入増 / MA上昇配列 / パーフェクトオーダー
1942,関電工,建設業,14.0,★☆☆☆☆,0.0,9.3,4.7,0.0,0.0,0.0,0.0,0.0,見送り(地合い🔴),,0.0,-12.8,5.3,-14.0,4804,5368.0,-10.1,6.9,7500,AIデータセンター・電力(+1.6%) / 出来高急増6.9倍
4668,明光ネットワークジャパン,サービス業,14.0,★☆☆☆☆,0.0,0.0,4.0,0.0,10.0,0.0,0.0,0.0,見送り(地合い🔴),,0.0,17.8,2.1,4.9,745,778.0,-0.5,0.9,109,資金流入増 / MA上昇配列
2288,丸大食品,食料品,14.0,★☆☆☆☆,0.0,0.0,2.0,0.0,12.0,0.0,0.0,0.0,見送り(地合い🔴),,0.0,7.8,1.8,0.6,2213,2297.0,0.7,1.3,162,MA上昇配列 / パーフェクトオーダー
4116,大日精化工業,化学,14.0,★☆☆☆☆,0.0,0.0,2.0,0.0,12.0,0.0,0.0,0.0,見送り(地合い🔴),,0.0,11.1,1.8,3.1,1074,1114.0,3.3,1.2,158,MA上昇配列 / パーフェクトオーダー
9536,西部ガスホールディングス,電気・ガス業,14.0,★☆☆☆☆,0.0,0.0,3.0,0.0,11.0,0.0,0.0,0.0,見送り(地合い🔴),,0.0,12.5,1.6,1.8,2286,2361.0,0.0,1.3,168,MA上昇配列 / パーフェクトオーダー
6995,東海理化電機製作所,輸送用機器,14.0,★☆☆☆☆,0.0,0.0,2.0,0.0,12.0,0.0,0.0,0.0,見送り(地合い🔴),,0.0,10.1,2.8,2.2,2998,3175.0,0.2,1.9,479,MA上昇配列 / パーフェクトオーダー
8142,トーホー,卸売業,14.0,★☆☆☆☆,0.0,0.0,2.0,0.0,12.0,0.0,0.0,0.0,見送り(地合い🔴),,0.0,9.4,2.2,1.3,1294,1355.0,1.3,0.9,275,資金流入増 / MA上昇配列 / パーフェクトオーダー
7246,プレス工業,輸送用機器,14.0,★☆☆☆☆,0.0,0.0,3.0,0.0,11.0,0.0,0.0,0.0,見送り(地合い🔴),,0.0,14.5,2.0,5.5,829,863.0,4.5,1.4,238,MA上昇配列 / パーフェクトオーダー
8708,アイザワ証券グループ,証券、商品先物取引業,14.0,★☆☆☆☆,0.0,0.0,4.0,0.0,10.0,0.0,0.0,0.0,見送り(地合い🔴),,0.0,17.5,2.9,7.6,1609,1707.0,3.5,1.5,273,MA上昇配列 / パーフェクトオーダー
3201,日本毛織,繊維製品,14.0,★☆☆☆☆,0.0,0.0,2.0,0.0,12.0,0.0,0.0,0.0,見送り(地合い🔴),,0.0,15.7,2.9,4.3,1802,1912.0,3.4,0.9,256,MA上昇配列 / パーフェクトオーダー
2109,ＤＭ三井製糖,食料品,14.0,★☆☆☆☆,0.0,0.0,2.0,0.0,12.0,0.0,0.0,0.0,見送り(地合い🔴),,0.0,11.3,1.8,2.4,3309,3430.0,1.8,1.1,143,MA上昇配列 / パーフェクトオーダー
7458,第一興商,卸売業,14.0,★☆☆☆☆,0.0,0.0,4.0,0.0,10.0,0.0,0.0,0.0,見送り(地合い🔴),,0.0,11.5,2.3,2.3,1728,1810.5,2.8,1.9,466,MA上昇配列 / パーフェクトオーダー
2674,ハードオフコーポレーション,小売業,14.0,★☆☆☆☆,0.0,0.0,2.0,0.0,12.0,0.0,0.0,0.0,見送り(地合い🔴),,0.0,17.5,3.4,5.2,2704,2901.0,2.9,1.4,195,MA上昇配列 / パーフェクトオーダー
7860,エイベックス,情報・通信業,14.0,★☆☆☆☆,0.0,0.0,3.0,0.0,11.0,0.0,0.0,0.0,見送り(地合い🔴),,0.0,15.4,1.8,4.9,1273,1320.0,4.5,1.2,226,MA上昇配列 / パーフェクトオーダー
5970,ジーテクト,金属製品,14.0,★☆☆☆☆,0.0,0.0,2.0,0.0,12.0,0.0,0.0,0.0,見送り(地合い🔴),,0.0,11.0,1.7,3.0,2091,2163.0,2.9,1.1,212,MA上昇配列 / パーフェクトオーダー
4674,クレスコ,情報・通信業,14.0,★☆☆☆☆,0.0,0.0,4.0,0.0,10.0,0.0,0.0,0.0,見送り(地合い🔴),,0.0,16.3,2.1,5.3,1548,1617.0,3.9,1.7,130,MA上昇配列
4732,ユー・エス・エス,サービス業,14.0,★☆☆☆☆,0.0,0.0,2.0,0.0,12.0,0.0,0.0,0.0,見送り(地合い🔴),,0.0,11.8,1.9,2.3,1942,2017.5,3.2,1.2,2296,MA上昇配列 / パーフェクトオーダー
5943,ノーリツ,金属製品,14.0,★☆☆☆☆,0.0,0.0,2.0,0.0,12.0,0.0,0.0,0.0,見送り(地合い🔴),,0.0,9.7,1.8,1.6,2291,2375.0,1.7,1.5,159,MA上昇配列 / パーフェクトオーダー
5946,長府製作所,金属製品,14.0,★☆☆☆☆,0.0,0.0,4.3,0.0,9.7,0.0,0.0,0.0,見送り(地合い🔴),,0.0,12.0,1.8,3.8,2024,2102.0,2.1,0.4,235,買い出来高優勢 / MA上昇配列 / パーフェクトオーダー
2590,ダイドーグループホールディングス,食料品,14.0,★☆☆☆☆,0.0,0.0,3.0,0.0,11.0,0.0,0.0,0.0,見送り(地合い🔴),,0.0,19.9,2.7,6.0,2849,3010.0,2.1,0.7,441,MA上昇配列 / パーフェクトオーダー
4228,積水化成品工業,化学,14.0,★☆☆☆☆,4.3,0.0,1.0,0.0,8.7,0.0,0.0,0.0,見送り(地合い🔴),SK hynix,-0.6,6.2,3.6,1.5,492,530.0,4.3,1.3,133,SK hynix+10.8%連動(β0.16) / MA上昇配列 / パーフェクトオーダー
2207,ｍｅｉｔｏ,食料品,14.0,★☆☆☆☆,0.0,0.0,2.0,0.0,12.0,0.0,0.0,0.0,見送り(地合い🔴),,0.0,5.4,2.1,0.4,3064,3195.0,1.3,1.2,115,MA上昇配列 / パーフェクトオーダー
6750,エレコム,電気機器,14.0,★☆☆☆☆,0.0,0.0,2.0,0.0,12.0,0.0,0.0,0.0,見送り(地合い🔴),,0.0,9.5,2.4,1.8,1772,1861.0,1.4,1.4,380,MA上昇配列 / パーフェクトオーダー
9735,セコム,サービス業,14.0,★☆☆☆☆,0.0,0.0,2.0,0.0,12.0,0.0,0.0,0.0,見送り(地合い🔴),,0.0,12.3,2.2,2.9,6575,6882.0,1.2,1.1,9004,MA上昇配列 / パーフェクトオーダー
4041,日本曹達,化学,14.0,★☆☆☆☆,0.0,0.0,2.0,0.0,12.0,0.0,0.0,0.0,見送り(地合い🔴),,0.0,12.4,1.7,3.7,3706,3835.0,0.7,1.6,406,MA上昇配列 / パーフェクトオーダー
4661,オリエンタルランド,サービス業,14.0,★☆☆☆☆,0.0,0.0,9.0,0.0,8.0,0.0,0.0,-3.0,見送り(地合い🔴),,0.0,32.8,3.9,18.5,2921,3167.0,18.1,3.2,21135,出来高急増3.2倍 / 買い出来高優勢 / MA上昇配列 / 伸びすぎ注意(25MA+18%)
4502,武田薬品工業,医薬品,14.0,★☆☆☆☆,0.0,0.0,2.0,0.0,12.0,0.0,0.0,0.0,見送り(地合い🔴),,0.0,10.9,2.4,1.4,5244,5513.0,-2.4,1.8,22767,MA上昇配列 / パーフェクトオーダー
8410,セブン銀行,銀行業,14.0,★☆☆☆☆,0.0,0.0,4.0,0.0,10.0,0.0,0.0,0.0,見送り(地合い🔴),,0.0,17.1,2.4,5.8,303,318.6000061035156,2.6,1.7,1927,MA上昇配列
3176,三洋貿易,卸売業,14.0,★☆☆☆☆,0.0,0.0,3.0,0.0,11.0,0.0,0.0,0.0,見送り(地合い🔴),,0.0,17.4,2.0,5.5,830,865.0,2.7,1.4,104,MA上昇配列 / パーフェクトオーダー
9508,九州電力,電気・ガス業,14.0,★☆☆☆☆,0.0,0.0,3.0,0.0,11.0,0.0,0.0,0.0,見送り(地合い🔴),,0.0,14.9,2.5,2.1,1692,1779.0,-0.1,1.3,3099,MA上昇配列 / パーフェクトオーダー
4290,プレステージ・インターナショナル,サービス業,13.9,★☆☆☆☆,0.0,0.0,2.0,0.0,10.0,0.0,1.9,0.0,見送り(地合い🔴),,0.0,17.0,2.2,6.3,679,710.0,7.6,1.1,365,MA上昇配列 / 開示[自己株式取得](5日前)
8005,スクロール,小売業,13.899999999999999,★☆☆☆☆,0.0,0.0,1.0,0.0,8.2,0.0,4.7,0.0,見送り(地合い🔴),,0.0,9.8,1.4,0.1,1652,1701.0,0.4,1.5,268,MA上昇配列 / パーフェクトオーダー / 開示[業績予想の修正](2日前) / 開示[自己株式取得](2日前)
3167,ＴＯＫＡＩホールディングス,卸売業,13.7,★☆☆☆☆,0.0,0.0,3.0,0.0,10.7,0.0,0.0,0.0,見送り(地合い🔴),,0.0,8.8,1.8,0.7,1119,1162.0,1.9,1.4,261,MA上昇配列 / パーフェクトオーダー
2871,ニチレイ,食料品,13.7,★☆☆☆☆,0.0,0.0,3.0,0.0,10.7,0.0,0.0,0.0,見送り(地合い🔴),,0.0,7.6,4.0,1.9,2026,2203.5,2.5,0.7,4745,MA上昇配列 / パーフェクトオーダー
9006,京浜急行電鉄,陸運業,13.7,★☆☆☆☆,0.0,0.0,3.0,0.0,10.7,0.0,0.0,0.0,見送り(地合い🔴),,0.0,10.7,2.3,0.3,1484,1557.0,-0.0,1.2,1367,MA上昇配列 / パーフェクトオーダー
9003,相鉄ホールディングス,陸運業,13.7,★☆☆☆☆,0.0,0.0,6.7,0.0,7.0,0.0,0.0,0.0,見送り(地合い🔴),,0.0,13.6,2.7,2.8,2492,2633.0,2.2,3.1,719,出来高急増3.1倍
2997,ストレージ王,不動産業,13.7,★☆☆☆☆,0.0,0.0,4.0,0.0,9.7,0.0,0.0,0.0,見送り(地合い🔴),,0.0,48.7,0.1,12.9,1334,1337.0,0.0,0.3,100,資金流入増 / MA上昇配列 / パーフェクトオーダー / 52週高値目前
5410,合同製鐵,鉄鋼,13.7,★☆☆☆☆,0.0,0.0,3.0,0.0,6.0,0.0,4.7,0.0,見送り(地合い🔴),,0.0,15.3,2.1,4.7,2720,2840.0,2.3,1.7,265,開示[業績予想の修正](2日前) / 開示[自己株式の取得](2日前)
3321,ミタチ産業,卸売業,13.7,★☆☆☆☆,10.0,0.0,1.0,0.0,2.7,0.0,0.0,0.0,見送り(地合い🔴),SK hynix,1.7,-6.6,2.4,-3.7,1481,1556.0,1.5,0.8,166,SK hynix+10.8%連動(β0.18) 未反応+1.7%
9759,ＮＳＤ,情報・通信業,13.7,★☆☆☆☆,0.0,0.0,5.7,0.0,8.0,0.0,0.0,0.0,見送り(地合い🔴),,0.0,17.4,2.6,6.1,2686,2832.5,6.0,4.4,823,出来高急増4.4倍 / MA上昇配列
7128,ユニソルホールディングス,卸売業,13.600000000000001,★☆☆☆☆,0.0,0.0,5.3,0.0,8.7,0.0,2.6,-3.0,見送り(地合い🔴),,0.0,38.9,2.6,15.4,2718,2865.0,6.4,0.8,379,買い出来高優勢 / 資金流入増 / MA上昇配列 / パーフェクトオーダー / 伸びすぎ注意(25MA+15%) / 開示[自己株式取得](2日前)
9507,四国電力,電気・ガス業,13.6,★☆☆☆☆,0.0,0.0,5.3,0.0,5.7,0.0,2.6,0.0,見送り(地合い🔴),,0.0,19.5,2.2,9.6,1591,1666.0,7.6,2.9,968,出来高増2.9倍 / 開示[自己株式の取得](2日前)
3107,ダイワボウホールディングス,卸売業,13.5,★☆☆☆☆,0.0,0.0,0.0,0.0,13.5,0.0,0.0,0.0,見送り(地合い🔴),,0.0,9.7,2.4,2.9,3405,3576.0,1.8,1.0,1008,MA上昇配列 / パーフェクトオーダー / 52週高値目前
6306,日工,機械,13.5,★☆☆☆☆,0.0,0.0,0.0,0.0,13.5,0.0,0.0,0.0,見送り(地合い🔴),,0.0,12.1,2.1,3.2,940,982.0,2.3,1.1,107,MA上昇配列 / パーフェクトオーダー / 52週高値目前
4526,理研ビタミン,食料品,13.5,★☆☆☆☆,0.0,0.0,0.0,0.0,13.5,0.0,0.0,0.0,見送り(地合い🔴),,0.0,10.1,1.6,2.1,3105,3210.0,2.9,0.9,202,MA上昇配列 / パーフェクトオーダー / 52週高値目前
280A,ＴＭＨ,卸売業,13.4,★☆☆☆☆,13.4,0.0,0.0,0.0,0.0,0.0,0.0,0.0,見送り(地合い🔴),SK hynix,3.0,-45.9,14.0,-37.6,675,937.0,-2.4,1.0,103,SK hynix+10.8%連動(β0.16) 未反応+3.0%
1964,中外炉工業,建設業,13.4,★☆☆☆☆,10.4,0.0,3.0,0.0,0.0,0.0,0.0,0.0,見送り(地合い🔴),SK hynix,2.0,1.9,3.7,-3.2,3577,3865.0,-6.4,1.6,236,SK hynix+10.8%連動(β0.16) 未反応+2.0%
2267,ヤクルト本社,食料品,13.399999999999999,★☆☆☆☆,0.0,0.0,4.7,0.0,8.7,0.0,0.0,0.0,見送り(地合い🔴),,0.0,7.4,2.7,0.0,2665,2819.0,2.7,3.9,3652,出来高急増3.9倍 / MA上昇配列 / パーフェクトオーダー
5988,パイオラックス,金属製品,13.3,★☆☆☆☆,0.0,0.0,5.3,0.0,8.0,0.0,0.0,0.0,見送り(地合い🔴),,0.0,15.2,1.6,5.4,1689,1743.0,4.8,2.1,149,出来高増2.1倍 / MA上昇配列
6332,月島ホールディングス,機械,13.3,★☆☆☆☆,7.3,0.0,0.0,0.0,6.0,0.0,0.0,0.0,見送り(地合い🔴),SK hynix,1.2,11.5,2.6,3.2,2590,2734.0,2.4,1.1,270,SK hynix+10.8%連動(β0.14) 未反応+1.2%
8057,内田洋行,卸売業,13.3,★☆☆☆☆,0.0,0.0,4.3,0.0,9.0,0.0,0.0,0.0,見送り(地合い🔴),,0.0,15.9,2.7,4.2,2024,2141.0,2.9,1.0,575,買い出来高優勢 / MA上昇配列
5285,ヤマックス,ガラス・土石製品,13.3,★☆☆☆☆,0.0,0.0,5.3,0.0,8.0,0.0,0.0,0.0,見送り(地合い🔴),,0.0,14.0,3.6,7.1,1358,1462.0,10.4,1.2,103,買い出来高優勢 / MA上昇配列
9828,Ｇｅｎｋｉ　Ｇｌｏｂａｌ　Ｄｉｎｉｎｇ　Ｃｏｎｃｅｐｔｓ,小売業,13.3,★☆☆☆☆,0.0,0.0,5.3,0.0,8.0,0.0,0.0,0.0,見送り(地合い🔴),,0.0,18.4,3.2,6.4,3309,3535.0,4.9,1.7,257,買い出来高優勢 / MA上昇配列
8425,みずほリース,その他金融業,13.3,★☆☆☆☆,0.0,0.0,5.3,0.0,8.0,0.0,0.0,0.0,見送り(地合い🔴),,0.0,15.8,1.8,4.9,1318,1368.0,3.2,2.2,938,出来高増2.2倍
7421,カッパ・クリエイト,小売業,13.3,★☆☆☆☆,0.0,0.0,4.3,0.0,9.0,0.0,0.0,0.0,見送り(地合い🔴),,0.0,15.7,2.2,5.8,1558,1628.0,6.1,1.2,144,買い出来高優勢 / MA上昇配列
8237,松屋,小売業,13.3,★☆☆☆☆,0.0,0.0,5.3,0.0,8.0,0.0,0.0,0.0,見送り(地合い🔴),,0.0,20.4,5.1,9.2,1723,1920.0,13.7,1.7,573,買い出来高優勢 / MA上昇配列
7287,日本精機,輸送用機器,13.3,★☆☆☆☆,6.6,0.0,2.0,0.0,4.7,0.0,0.0,0.0,見送り(地合い🔴),SK hynix,0.8,4.3,3.3,0.7,2280,2440.0,3.1,1.8,282,SK hynix+10.8%連動(β0.16) 未反応+0.8%
9997,ベルーナ,小売業,13.3,★☆☆☆☆,0.0,0.0,3.3,0.0,10.0,0.0,0.0,0.0,見送り(地合い🔴),,0.0,18.8,2.1,4.6,1028,1074.0,0.0,0.9,288,買い出来高優勢 / MA上昇配列
7164,全国保証,その他金融業,13.3,★☆☆☆☆,0.0,0.0,3.3,0.0,10.0,0.0,0.0,0.0,見送り(地合い🔴),,0.0,8.9,1.9,1.1,3009,3130.0,2.2,2.7,1437,出来高増2.7倍 / MA上昇配列
1379,ホクト,水産・農林業,13.3,★☆☆☆☆,0.0,0.0,3.3,0.0,10.0,0.0,0.0,0.0,見送り(地合い🔴),,0.0,10.8,1.5,1.9,1893,1952.0,0.8,0.9,152,買い出来高優勢 / MA上昇配列
6701,日本電気,電気機器,13.3,★☆☆☆☆,0.0,0.0,5.3,0.0,8.0,0.0,0.0,0.0,見送り(地合い🔴),,0.0,19.2,4.1,9.4,4351,4740.0,11.6,1.5,33143,買い出来高優勢 / MA上昇配列
7459,メディパルホールディングス,卸売業,13.3,★☆☆☆☆,0.0,0.0,3.3,0.0,10.0,0.0,0.0,0.0,見送り(地合い🔴),,0.0,13.9,2.8,3.8,2720,2883.0,0.2,1.0,1247,買い出来高優勢 / MA上昇配列
7867,タカラトミー,その他製品,13.3,★☆☆☆☆,0.0,0.0,3.3,0.0,10.0,0.0,0.0,0.0,見送り(地合い🔴),,0.0,18.7,3.6,6.5,3367,3627.0,6.1,1.0,2258,買い出来高優勢 / MA上昇配列 / パーフェクトオーダー
6752,パナソニック　ホールディングス,電気機器,13.2,★☆☆☆☆,6.0,0.0,0.0,0.0,7.2,0.0,0.0,0.0,見送り(地合い🔴),Eaton,-7.9,0.6,5.8,1.5,3788,4284.0,10.3,0.3,44532,Eaton+7.5%連動(β0.32) / MA上昇配列 / パーフェクトオーダー
3661,エムアップホールディングス,情報・通信業,13.2,★☆☆☆☆,5.2,0.0,0.0,0.0,8.0,0.0,0.0,0.0,見送り(地合い🔴),NASDAQ,0.8,13.1,3.0,5.6,741,789.0,7.2,1.0,514,NASDAQ+2.0%連動(β0.57) 未反応+0.8% / MA上昇配列
8725,ＭＳ＆ＡＤインシュアランスグループホールディングス,保険業,13.2,★☆☆☆☆,0.0,0.0,1.0,0.0,12.2,0.0,0.0,0.0,見送り(地合い🔴),,0.0,18.4,2.2,6.8,4704,4924.0,0.5,1.0,22407,MA上昇配列 / パーフェクトオーダー / 52週高値目前
9166,ＧＥＮＤＡ,サービス業,13.1,★☆☆☆☆,0.0,0.0,3.0,0.0,8.0,0.0,2.1,0.0,見送り(地合い🔴),,0.0,10.7,4.1,3.3,553,602.0,5.4,1.3,840,MA上昇配列 / 開示[資本業務提携](4日前)
7943,ニチハ,ガラス・土石製品,13.1,★☆☆☆☆,0.0,0.0,1.0,0.0,7.0,0.0,5.1,0.0,見送り(地合い🔴),,0.0,9.2,2.3,2.0,2951,3090.0,2.0,0.7,238,開示[増配](2日前) / 開示[自己株式の取得](2日前)
3563,ＦＯＯＤ　＆　ＬＩＦＥ　ＣＯＭＰＡＮＩＥＳ,小売業,13.0,★☆☆☆☆,0.0,0.0,1.0,0.0,12.0,0.0,0.0,0.0,見送り(地合い🔴),,0.0,23.9,4.0,7.3,5119,5559.0,2.4,1.1,11076,MA上昇配列 / パーフェクトオーダー
3405,クラレ,化学,13.0,★☆☆☆☆,0.0,0.0,2.0,0.0,11.0,0.0,0.0,0.0,見送り(地合い🔴),,0.0,15.6,2.2,4.7,1760,1840.0,1.1,1.6,3167,MA上昇配列 / パーフェクトオーダー
3962,チェンジホールディングス,情報・通信業,13.0,★☆☆☆☆,3.0,0.0,2.0,0.0,8.0,0.0,0.0,0.0,見送り(地合い🔴),NASDAQ,-1.5,11.0,2.5,2.5,913,960.0,4.9,1.1,270,NASDAQ+2.0%連動(β0.59) / MA上昇配列
4373,シンプレクス・ホールディングス,情報・通信業,13.0,★☆☆☆☆,0.0,0.0,1.0,0.0,12.0,0.0,0.0,0.0,見送り(地合い🔴),,0.0,20.6,4.3,7.8,1033,1131.0,8.0,1.3,1297,MA上昇配列 / パーフェクトオーダー
7780,メニコン,精密機器,13.0,★☆☆☆☆,0.0,0.0,3.0,0.0,10.0,0.0,0.0,0.0,見送り(地合い🔴),,0.0,9.7,2.8,2.1,1637,1735.0,3.6,1.6,340,MA上昇配列 / パーフェクトオーダー
2327,日鉄ソリューションズ,情報・通信業,13.0,★☆☆☆☆,0.0,0.0,4.0,0.0,9.0,0.0,0.0,0.0,見送り(地合い🔴),,0.0,18.7,2.8,5.2,3694,3915.0,3.0,1.8,1067,MA上昇配列
2502,アサヒグループホールディングス,食料品,13.0,★☆☆☆☆,0.0,0.0,4.0,0.0,9.0,0.0,0.0,0.0,見送り(地合い🔴),,0.0,14.3,2.7,3.0,1578,1666.5,1.1,1.2,13299,MA上昇配列
8750,第一ライフグループ,保険業,13.0,★☆☆☆☆,0.0,0.0,2.0,0.0,11.0,0.0,0.0,0.0,見送り(地合い🔴),,0.0,11.5,2.6,3.2,1817,1918.5,-0.3,0.9,19098,MA上昇配列 / パーフェクトオーダー / 52週高値目前
8304,あおぞら銀行,銀行業,13.0,★☆☆☆☆,0.0,0.0,1.0,0.0,12.0,0.0,0.0,0.0,見送り(地合い🔴),,0.0,15.2,2.3,3.9,2900,3038.0,0.1,1.4,4132,MA上昇配列 / パーフェクトオーダー
2108,日本甜菜製糖,食料品,13.0,★☆☆☆☆,0.0,0.0,1.0,0.0,12.0,0.0,0.0,0.0,見送り(地合い🔴),,0.0,9.4,2.8,3.8,4754,5040.0,1.6,1.1,132,MA上昇配列 / パーフェクトオーダー
7552,ハピネット,卸売業,13.0,★☆☆☆☆,0.0,0.0,3.0,0.0,10.0,0.0,0.0,0.0,見送り(地合い🔴),,0.0,16.3,3.1,6.5,3111,3315.0,9.0,1.3,529,MA上昇配列
7839,ＳＨＯＥＩ,その他製品,13.0,★☆☆☆☆,0.0,0.0,3.0,0.0,10.0,0.0,0.0,0.0,見送り(地合い🔴),,0.0,14.9,2.0,4.8,1873,1951.0,2.8,1.3,337,MA上昇配列 / パーフェクトオーダー
5401,日本製鉄,鉄鋼,13.0,★☆☆☆☆,0.0,0.0,4.3,0.0,8.7,0.0,0.0,0.0,見送り(地合い🔴),,0.0,26.2,2.4,11.3,619,649.5999755859375,5.3,1.2,25236,買い出来高優勢 / MA上昇配列
3941,レンゴー,パルプ・紙,13.0,★☆☆☆☆,0.0,0.0,1.0,0.0,12.0,0.0,0.0,0.0,見送り(地合い🔴),,0.0,12.4,2.3,2.9,1422,1492.0,2.1,1.0,1464,MA上昇配列 / パーフェクトオーダー
7949,小松ウオール工業,その他製品,13.0,★☆☆☆☆,0.0,0.0,3.0,0.0,10.0,0.0,0.0,0.0,見送り(地合い🔴),,0.0,15.4,1.8,5.9,2687,2786.0,6.0,1.5,155,MA上昇配列
8051,山善,卸売業,13.0,★☆☆☆☆,0.0,0.0,1.0,0.0,12.0,0.0,0.0,0.0,見送り(地合い🔴),,0.0,8.9,1.9,2.1,1707,1776.0,1.8,1.1,317,MA上昇配列 / パーフェクトオーダー
9303,住友倉庫,倉庫・運輸関連業,13.0,★☆☆☆☆,0.0,0.0,1.0,0.0,12.0,0.0,0.0,0.0,見送り(地合い🔴),,0.0,13.9,1.8,3.8,3921,4070.0,2.0,0.7,466,MA上昇配列 / パーフェクトオーダー
8088,岩谷産業,卸売業,13.0,★☆☆☆☆,0.0,0.0,2.0,0.0,11.0,0.0,0.0,0.0,見送り(地合い🔴),,0.0,12.7,2.3,3.7,1956,2051.5,3.7,1.2,1667,MA上昇配列 / パーフェクトオーダー
9900,サガミホールディングス,小売業,13.0,★☆☆☆☆,0.0,0.0,4.3,0.0,8.7,0.0,0.0,0.0,見送り(地合い🔴),,0.0,33.3,2.9,14.1,1954,2075.0,8.0,0.9,235,買い出来高優勢 / MA上昇配列
3636,三菱総合研究所,情報・通信業,13.0,★☆☆☆☆,0.0,0.0,3.0,0.0,10.0,0.0,0.0,0.0,見送り(地合い🔴),,0.0,12.9,2.5,3.2,4565,4810.0,2.7,1.6,285,MA上昇配列
8173,Ｊｏｓｈｉｎ,小売業,13.0,★☆☆☆☆,0.0,0.0,1.0,0.0,12.0,0.0,0.0,0.0,見送り(地合い🔴),,0.0,13.1,3.8,5.8,3645,3945.0,4.6,1.1,545,MA上昇配列 / パーフェクトオーダー
3861,王子ホールディングス,パルプ・紙,13.0,★☆☆☆☆,0.0,0.0,4.3,0.0,8.7,0.0,0.0,0.0,見送り(地合い🔴),,0.0,14.7,1.8,4.9,848,879.7999877929688,2.2,2.4,3006,出来高増2.4倍 / MA上昇配列
4911,資生堂,化学,13.0,★☆☆☆☆,0.0,0.0,3.0,0.0,10.0,0.0,0.0,0.0,見送り(地合い🔴),,0.0,22.7,5.0,7.1,2837,3154.0,3.6,1.2,12337,MA上昇配列 / パーフェクトオーダー
4246,ダイキョーニシカワ,化学,13.0,★☆☆☆☆,0.0,0.0,1.0,0.0,12.0,0.0,0.0,0.0,見送り(地合い🔴),,0.0,9.2,1.7,2.1,994,1030.0,2.5,0.9,288,MA上昇配列 / パーフェクトオーダー
8097,三愛オブリ,卸売業,13.0,★☆☆☆☆,0.0,0.0,3.3,0.0,9.7,0.0,0.0,0.0,見送り(地合い🔴),,0.0,16.8,1.8,5.2,2241,2325.0,0.2,0.9,212,買い出来高優勢 / MA上昇配列 / パーフェクトオーダー
8706,極東証券,証券、商品先物取引業,13.0,★☆☆☆☆,0.0,0.0,3.0,0.0,10.0,0.0,0.0,0.0,見送り(地合い🔴),,0.0,18.5,2.6,5.5,1684,1777.0,1.0,0.7,368,MA上昇配列
4633,サカタインクス,化学,13.0,★☆☆☆☆,0.0,0.0,1.0,0.0,12.0,0.0,0.0,0.0,見送り(地合い🔴),,0.0,12.0,2.0,2.5,2399,2500.0,1.2,1.0,443,MA上昇配列 / パーフェクトオーダー
8130,サンゲツ,卸売業,13.0,★☆☆☆☆,0.0,0.0,3.0,0.0,10.0,0.0,0.0,0.0,見送り(地合い🔴),,0.0,10.2,1.4,2.6,3009,3095.0,2.5,1.8,590,MA上昇配列
9301,三菱倉庫,倉庫・運輸関連業,13.0,★☆☆☆☆,0.0,0.0,2.0,0.0,11.0,0.0,0.0,0.0,見送り(地合い🔴),,0.0,8.5,2.0,1.0,1537,1603.0,-0.9,1.5,1425,MA上昇配列 / パーフェクトオーダー / 52週高値目前
8160,木曽路,小売業,13.0,★☆☆☆☆,0.0,0.0,3.0,0.0,10.0,0.0,0.0,0.0,見送り(地合い🔴),,0.0,11.1,2.1,2.6,2358,2460.0,2.8,1.3,206,MA上昇配列
2371,カカクコム,サービス業,13.0,★☆☆☆☆,0.0,0.0,2.0,0.0,11.0,0.0,0.0,0.0,見送り(地合い🔴),,0.0,11.3,1.0,2.9,3613,3690.0,0.5,0.7,1925,MA上昇配列 / パーフェクトオーダー / 52週高値目前
9007,小田急電鉄,陸運業,13.0,★☆☆☆☆,0.0,0.0,3.0,0.0,10.0,0.0,0.0,0.0,見送り(地合い🔴),,0.0,12.4,2.3,2.4,1684,1765.5,1.8,1.4,2614,MA上昇配列 / パーフェクトオーダー
6486,イーグル工業,機械,13.0,★☆☆☆☆,0.0,0.0,2.0,0.0,11.0,0.0,0.0,0.0,見送り(地合い🔴),,0.0,9.8,2.2,2.7,2868,3000.0,1.1,1.1,338,MA上昇配列 / パーフェクトオーダー
2980,ＳＲＥホールディングス,不動産業,13.0,★☆☆☆☆,4.0,0.0,3.0,0.0,6.0,0.0,0.0,0.0,見送り(地合い🔴),NASDAQ,-3.1,14.9,3.3,7.4,2551,2729.0,8.4,1.5,741,NASDAQ+2.0%連動(β0.80)
8630,ＳＯＭＰＯホールディングス,保険業,13.0,★☆☆☆☆,0.0,0.0,1.0,0.0,12.0,0.0,0.0,0.0,見送り(地合い🔴),,0.0,16.0,2.2,5.7,6802,7113.0,0.9,1.1,18364,MA上昇配列 / パーフェクトオーダー
2681,ゲオホールディングス,小売業,13.0,★☆☆☆☆,0.0,0.0,2.0,0.0,11.0,0.0,0.0,0.0,見送り(地合い🔴),,0.0,10.1,3.2,2.2,1958,2090.0,0.0,1.5,317,MA上昇配列 / パーフェクトオーダー
3387,クリエイト・レストランツ・ホールディングス,小売業,13.0,★☆☆☆☆,0.0,0.0,3.0,0.0,10.0,0.0,0.0,0.0,見送り(地合い🔴),,0.0,14.0,3.5,2.1,725,779.0,1.7,0.9,1226,MA上昇配列
2809,キユーピー,食料品,13.0,★☆☆☆☆,0.0,0.0,3.0,0.0,10.0,0.0,0.0,0.0,見送り(地合い🔴),,0.0,10.4,2.9,0.9,4288,4553.0,1.7,0.9,2195,MA上昇配列
7272,ヤマハ発動機,輸送用機器,13.0,★☆☆☆☆,0.0,0.0,2.0,0.0,11.0,0.0,0.0,0.0,見送り(地合い🔴),,0.0,15.2,2.7,5.1,1270,1343.0,5.1,1.2,7417,MA上昇配列 / パーフェクトオーダー
8016,オンワードホールディングス,繊維製品,13.0,★☆☆☆☆,0.0,0.0,1.0,0.0,12.0,0.0,0.0,0.0,見送り(地合い🔴),,0.0,10.2,1.7,2.9,737,763.0,4.2,1.0,586,MA上昇配列 / パーフェクトオーダー
9436,沖縄セルラー電話,情報・通信業,13.0,★☆☆☆☆,0.0,0.0,2.0,0.0,11.0,0.0,0.0,0.0,見送り(地合い🔴),,0.0,9.3,2.0,2.6,3717,3870.0,1.2,2.0,417,MA上昇配列 / パーフェクトオーダー / 52週高値目前
8079,正栄食品工業,卸売業,13.0,★☆☆☆☆,0.0,0.0,2.0,0.0,11.0,0.0,0.0,0.0,見送り(地合い🔴),,0.0,15.1,1.8,3.1,4259,4415.0,0.2,0.6,254,MA上昇配列 / パーフェクトオーダー
3778,さくらインターネット,情報・通信業,12.9,★☆☆☆☆,0.0,0.0,4.3,0.0,6.0,0.0,2.6,0.0,見送り(地合い🔴),,0.0,16.5,6.0,6.3,2708,3075.0,9.1,1.4,3501,買い出来高優勢 / 開示[業績予想の修正](5日前) / 開示[AI](5日前)
4958,長谷川香料,化学,12.899999999999999,★☆☆☆☆,0.0,0.0,4.7,0.0,8.2,0.0,0.0,0.0,見送り(地合い🔴),,0.0,7.8,1.6,0.2,3148,3250.0,0.8,3.0,185,出来高急増3.0倍 / MA上昇配列 / パーフェクトオーダー
7047,ポート,サービス業,12.8,★☆☆☆☆,6.8,0.0,0.0,0.0,6.0,0.0,0.0,0.0,見送り(地合い🔴),NASDAQ,1.0,10.3,4.1,0.5,2242,2440.0,2.2,0.8,256,NASDAQ+2.0%連動(β0.76) 未反応+1.0% / MA上昇配列 / パーフェクトオーダー
7309,シマノ,輸送用機器,12.7,★☆☆☆☆,0.0,0.0,4.0,0.0,8.7,0.0,0.0,0.0,見送り(地合い🔴),,0.0,23.9,3.8,10.7,18613,20125.0,8.4,1.5,7629,MA上昇配列 / パーフェクトオーダー
6191,エアトリ,サービス業,12.7,★☆☆☆☆,0.0,0.0,4.0,0.0,8.7,0.0,0.0,0.0,見送り(地合い🔴),,0.0,16.1,3.4,5.3,831,891.0,5.4,1.9,109,MA上昇配列 / パーフェクトオーダー
9042,阪急阪神ホールディングス,陸運業,12.7,★☆☆☆☆,0.0,0.0,3.0,0.0,9.7,0.0,0.0,0.0,見送り(地合い🔴),,0.0,13.9,3.0,1.7,4429,4715.0,-0.1,1.5,5867,MA上昇配列 / パーフェクトオーダー
9511,沖縄電力,電気・ガス業,12.7,★☆☆☆☆,0.0,0.0,8.0,0.0,4.7,0.0,0.0,0.0,見送り(地合い🔴),,0.0,23.1,2.5,14.1,1002,1054.0,14.2,7.4,235,出来高急増7.4倍 / 買い出来高優勢
9022,東海旅客鉄道,陸運業,12.6,★☆☆☆☆,0.0,0.0,3.0,0.0,9.0,0.0,0.6,0.0,見送り(地合い🔴),,0.0,21.9,2.8,6.8,3767,3988.0,2.5,1.4,12139,MA上昇配列 / 開示[自己株式の取得](11日前)
9278,ブックオフグループホールディングス,小売業,12.5,★☆☆☆☆,0.0,0.0,5.3,0.0,12.2,0.0,0.0,-5.0,見送り(地合い🔴),,0.0,51.3,5.0,21.1,2536,2816.0,8.4,0.6,560,買い出来高優勢 / 資金流入増 / MA上昇配列 / パーフェクトオーダー / 52週高値目前 / 過熱⚠25MA+21%
7381,ＣＣＩグループ,銀行業,12.5,★☆☆☆☆,0.0,0.0,3.0,0.0,9.5,0.0,0.0,0.0,見送り(地合い🔴),,0.0,13.8,4.8,2.3,1000,1107.0,-4.2,1.5,603,MA上昇配列 / パーフェクトオーダー
8341,七十七銀行,銀行業,12.5,★☆☆☆☆,0.0,0.0,4.3,0.0,8.2,0.0,0.0,0.0,見送り(地合い🔴),,0.0,7.8,3.6,0.0,3241,3495.0,-3.7,2.2,1956,出来高増2.2倍 / MA上昇配列 / パーフェクトオーダー
2060,フィード・ワン,食料品,12.5,★☆☆☆☆,0.0,0.0,3.0,0.0,9.5,0.0,0.0,0.0,見送り(地合い🔴),,0.0,10.1,2.2,0.9,1229,1284.0,0.1,1.6,101,MA上昇配列 / パーフェクトオーダー
5233,太平洋セメント,ガラス・土石製品,12.4,★☆☆☆☆,0.0,0.0,1.0,0.0,11.0,0.0,0.4,0.0,見送り(地合い🔴),,0.0,9.8,2.9,0.5,3841,4074.0,-1.1,1.4,2392,MA上昇配列 / パーフェクトオーダー / 開示[業績予想の修正](12日前)
2216,カンロ,食料品,12.4,★☆☆☆☆,0.0,0.0,7.7,0.0,0.0,0.0,4.7,0.0,見送り(地合い🔴),,0.0,6.1,4.6,-6.1,999,1100.0,-10.7,4.6,131,出来高急増4.6倍 / 開示[業績予想の修正](2日前) / 開示[自己株式の取得](2日前)
1944,きんでん,建設業,12.3,★☆☆☆☆,0.0,9.3,2.0,0.0,1.0,0.0,0.0,0.0,見送り(地合い🔴),,0.0,-3.2,4.5,-6.8,6457,7090.0,-5.1,1.7,7059,AIデータセンター・電力(+1.6%)
3034,クオールホールディングス,小売業,12.3,★☆☆☆☆,0.0,0.0,3.3,0.0,9.0,0.0,0.0,0.0,見送り(地合い🔴),,0.0,16.2,2.2,3.0,2001,2094.0,0.3,1.1,308,買い出来高優勢 / MA上昇配列
5703,日本軽金属ホールディングス,非鉄金属,12.3,★☆☆☆☆,5.6,0.0,2.0,0.0,4.7,0.0,0.0,0.0,見送り(地合い🔴),Eaton,0.5,6.0,3.2,0.6,2543,2715.0,2.7,1.9,912,Eaton+7.5%連動(β0.22) 未反応+0.5%
9602,東宝,情報・通信業,12.3,★☆☆☆☆,0.0,0.0,4.3,0.0,8.0,0.0,0.0,0.0,見送り(地合い🔴),,0.0,22.7,4.2,9.5,1393,1522.0,5.2,1.2,7416,買い出来高優勢 / MA上昇配列
255A,ジーエルテクノホールディングス,精密機器,12.3,★☆☆☆☆,11.3,0.0,0.0,0.0,1.0,0.0,0.0,0.0,見送り(地合い🔴),SK hynix,2.0,-4.5,6.8,-1.5,4978,5760.0,-0.5,1.0,579,SK hynix+10.8%連動(β0.20) 未反応+2.0%
1518,三井松島ホールディングス,その他製品,12.3,★☆☆☆☆,0.0,0.0,5.3,0.0,10.7,0.0,1.3,-5.0,見送り(地合い🔴),,0.0,56.4,4.8,33.5,2102,2326.0,3.8,1.2,1210,買い出来高優勢 / 資金流入増 / MA上昇配列 / パーフェクトオーダー / 過熱⚠25MA+34% / 開示[上方修正](11日前) / 開示[子会社化](11日前)
9434,ソフトバンク,情報・通信業,12.3,★☆☆☆☆,0.0,0.0,4.3,0.0,8.0,0.0,0.0,0.0,見送り(地合い🔴),,0.0,12.7,2.4,2.7,213,223.39999389648438,0.8,1.3,17904,買い出来高優勢
6472,ＮＴＮ,機械,12.3,★☆☆☆☆,5.6,0.0,2.0,0.0,4.7,0.0,0.0,0.0,見送り(地合い🔴),Eaton,-0.5,3.7,3.6,0.7,363,391.0,4.9,1.8,1390,Eaton+7.5%連動(β0.30)
6419,マースグループホールディングス,機械,12.3,★☆☆☆☆,0.0,0.0,3.3,0.0,9.0,0.0,0.0,0.0,見送り(地合い🔴),,0.0,7.2,1.8,1.3,3028,3140.0,1.0,2.7,196,出来高増2.7倍 / MA上昇配列
7593,ＶＴホールディングス,小売業,12.3,★☆☆☆☆,0.0,0.0,3.3,0.0,9.0,0.0,0.0,0.0,見送り(地合い🔴),,0.0,13.3,1.6,4.1,477,492.0,2.3,0.9,164,買い出来高優勢 / MA上昇配列
4927,ポーラ・オルビスホールディングス,化学,12.3,★☆☆☆☆,0.0,0.0,4.3,0.0,8.0,0.0,0.0,0.0,見送り(地合い🔴),,0.0,9.5,2.1,1.4,1284,1340.5,2.3,1.3,813,買い出来高優勢 / MA上昇配列
8008,ヨンドシーホールディングス,小売業,12.2,★☆☆☆☆,0.0,0.0,4.0,0.0,8.2,0.0,0.0,0.0,見送り(地合い🔴),,0.0,11.0,3.1,1.4,1944,2071.0,2.8,0.6,289,資金流入増 / MA上昇配列 / パーフェクトオーダー
4202,ダイセル,化学,12.2,★☆☆☆☆,0.0,0.0,5.7,0.0,6.5,0.0,0.0,0.0,見送り(地合い🔴),,0.0,10.4,2.7,1.3,1371,1450.5,-1.5,3.1,2008,出来高急増3.1倍 / MA上昇配列
6135,牧野フライス製作所,機械,12.100000000000001,★☆☆☆☆,0.0,0.0,4.7,0.0,1.0,0.0,6.4,0.0,見送り(地合い🔴),,0.0,-2.1,3.3,-5.6,12990,13920.0,-5.4,3.2,3079,出来高急増3.2倍 / 開示[株式分割](2日前) / 開示[買収](2日前)
9746,ＴＫＣ,情報・通信業,12.0,★☆☆☆☆,0.0,0.0,3.0,0.0,9.0,0.0,0.0,0.0,見送り(地合い🔴),,0.0,18.6,2.5,6.8,3671,3865.0,5.7,1.3,340,MA上昇配列
7846,パイロットコーポレーション,その他製品,12.0,★☆☆☆☆,0.0,0.0,1.0,0.0,11.0,0.0,0.0,0.0,見送り(地合い🔴),,0.0,11.7,1.9,2.6,1746,1813.5,2.0,1.3,354,MA上昇配列 / パーフェクトオーダー / 52週高値目前
5889,Ｊａｐａｎ　Ｅｙｅｗｅａｒ　Ｈｏｌｄｉｎｇｓ,小売業,12.0,★☆☆☆☆,0.0,0.0,2.0,0.0,10.0,0.0,0.0,0.0,見送り(地合い🔴),,0.0,14.4,3.2,6.1,2358,2521.0,7.5,0.8,336,MA上昇配列 / パーフェクトオーダー
4684,オービック,情報・通信業,12.0,★☆☆☆☆,0.0,0.0,3.0,0.0,9.0,0.0,0.0,0.0,見送り(地合い🔴),,0.0,21.3,3.5,8.3,4206,4525.0,7.9,1.1,8812,MA上昇配列
7550,ゼンショーホールディングス,小売業,12.0,★☆☆☆☆,0.0,0.0,2.0,0.0,10.0,0.0,0.0,0.0,見送り(地合い🔴),,0.0,27.2,3.5,10.5,9277,9974.0,9.3,1.1,5846,MA上昇配列
8795,Ｔ＆Ｄホールディングス,保険業,12.0,★☆☆☆☆,0.0,0.0,1.0,0.0,11.0,0.0,0.0,0.0,見送り(地合い🔴),,0.0,10.1,2.6,2.6,4824,5088.0,-0.3,1.1,7546,MA上昇配列 / パーフェクトオーダー / 52週高値目前
8200,リンガーハット,小売業,12.0,★☆☆☆☆,0.0,0.0,2.0,0.0,10.0,0.0,0.0,0.0,見送り(地合い🔴),,0.0,13.9,2.9,3.1,2204,2341.0,2.0,0.6,407,MA上昇配列
5949,ユニプレス,輸送用機器,12.0,★☆☆☆☆,0.0,0.0,4.0,0.0,8.0,0.0,0.0,0.0,見送り(地合い🔴),,0.0,13.2,1.9,5.0,1285,1336.0,4.5,1.7,164,-
6460,セガサミーホールディングス,機械,12.0,★☆☆☆☆,0.0,0.0,4.0,0.0,8.0,0.0,0.0,0.0,見送り(地合い🔴),,0.0,25.6,3.9,11.3,2536,2748.5,9.1,1.6,2543,MA上昇配列
2170,リンクアンドモチベーション,サービス業,12.0,★☆☆☆☆,0.0,0.0,2.0,0.0,10.0,0.0,0.0,0.0,見送り(地合い🔴),,0.0,18.8,2.7,7.4,598,633.0,6.0,1.1,278,MA上昇配列 / パーフェクトオーダー
9025,鴻池運輸,陸運業,12.0,★☆☆☆☆,0.0,0.0,4.3,0.0,7.7,0.0,0.0,0.0,見送り(地合い🔴),,0.0,15.4,1.8,5.4,2883,2992.0,3.9,2.1,261,出来高増2.1倍 / MA上昇配列
8252,丸井グループ,小売業,12.0,★☆☆☆☆,0.0,0.0,3.3,0.0,8.7,0.0,0.0,0.0,見送り(地合い🔴),,0.0,9.8,2.1,0.6,2843,2967.5,1.6,2.0,2701,出来高増2.0倍 / MA上昇配列
7972,イトーキ,その他製品,12.0,★☆☆☆☆,0.0,0.0,2.0,0.0,10.0,0.0,0.0,0.0,見送り(地合い🔴),,0.0,17.1,3.0,4.8,2764,2940.0,2.7,0.9,603,MA上昇配列 / パーフェクトオーダー
4612,日本ペイントホールディングス,化学,12.0,★☆☆☆☆,0.0,0.0,1.0,0.0,11.0,0.0,0.0,0.0,見送り(地合い🔴),,0.0,19.7,2.8,9.1,1142,1210.0,8.0,1.0,5096,MA上昇配列 / パーフェクトオーダー
417A,ブルーゾーンホールディングス,小売業,12.0,★☆☆☆☆,0.0,0.0,0.0,0.0,12.0,0.0,0.0,0.0,見送り(地合い🔴),,0.0,8.9,2.4,1.0,1702,1788.5,2.5,1.2,478,MA上昇配列 / パーフェクトオーダー
3475,グッドコムアセット,不動産業,12.0,★☆☆☆☆,0.0,0.0,1.0,0.0,11.0,0.0,0.0,0.0,見送り(地合い🔴),,0.0,11.7,1.8,3.6,1490,1545.0,3.7,0.7,117,MA上昇配列 / パーフェクトオーダー
9678,カナモト,サービス業,12.0,★☆☆☆☆,0.0,0.0,0.0,0.0,12.0,0.0,0.0,0.0,見送り(地合い🔴),,0.0,6.4,2.4,1.4,4989,5240.0,2.5,1.1,585,MA上昇配列 / パーフェクトオーダー
7270,ＳＵＢＡＲＵ,輸送用機器,12.0,★☆☆☆☆,0.0,0.0,4.0,0.0,8.0,0.0,0.0,0.0,見送り(地合い🔴),,0.0,14.9,2.6,6.3,2575,2715.5,6.2,1.7,10061,MA上昇配列
7313,テイ・エス　テック,輸送用機器,12.0,★☆☆☆☆,0.0,0.0,2.0,0.0,10.0,0.0,0.0,0.0,見送り(地合い🔴),,0.0,11.1,1.5,3.5,1783,1838.0,3.7,1.5,550,MA上昇配列
8125,ワキタ,卸売業,12.0,★☆☆☆☆,0.0,0.0,2.0,0.0,10.0,0.0,0.0,0.0,見送り(地合い🔴),,0.0,16.1,1.7,4.8,1857,1922.0,2.8,0.9,330,MA上昇配列
4417,グローバルセキュリティエキスパート,情報・通信業,12.0,★☆☆☆☆,0.0,0.0,1.0,0.0,11.0,0.0,0.0,0.0,見送り(地合い🔴),,0.0,20.0,5.2,10.0,4106,4580.0,8.3,1.4,286,MA上昇配列 / パーフェクトオーダー / 52週高値目前
8113,ユニ・チャーム,化学,12.0,★☆☆☆☆,0.0,0.0,2.0,0.0,10.0,0.0,0.0,0.0,見送り(地合い🔴),,0.0,12.1,2.6,3.6,954,1006.5,5.2,2.0,4471,MA上昇配列 / パーフェクトオーダー
9605,東映,情報・通信業,12.0,★☆☆☆☆,0.0,0.0,0.0,0.0,12.0,0.0,0.0,0.0,見送り(地合い🔴),,0.0,10.7,3.1,3.6,5671,6040.0,2.5,1.0,557,MA上昇配列 / パーフェクトオーダー
9627,アインホールディングス,小売業,12.0,★☆☆☆☆,0.0,0.0,4.0,0.0,8.0,0.0,0.0,0.0,見送り(地合い🔴),,0.0,11.8,2.9,2.4,5544,5883.0,0.9,1.4,904,MA上昇配列
2270,雪印メグミルク,食料品,12.0,★☆☆☆☆,0.0,0.0,0.0,0.0,12.0,0.0,0.0,0.0,見送り(地合い🔴),,0.0,8.9,2.4,1.1,3583,3765.0,-0.8,1.2,685,MA上昇配列 / パーフェクトオーダー
1925,大和ハウス工業,建設業,12.0,★☆☆☆☆,0.0,0.0,3.0,0.0,9.0,0.0,0.0,0.0,見送り(地合い🔴),,0.0,11.3,2.1,2.1,4482,4678.0,2.2,1.6,9615,MA上昇配列
3333,あさひ,小売業,12.0,★☆☆☆☆,0.0,0.0,3.0,0.0,9.0,0.0,0.0,0.0,見送り(地合い🔴),,0.0,10.1,1.9,1.9,1306,1358.0,3.0,1.3,152,MA上昇配列
9715,トランス・コスモス,サービス業,12.0,★☆☆☆☆,0.0,0.0,4.0,0.0,8.0,0.0,0.0,0.0,見送り(地合い🔴),,0.0,12.1,2.2,3.1,3634,3800.0,3.1,1.6,382,-
6287,サトー,機械,12.0,★☆☆☆☆,0.0,0.0,3.0,0.0,9.0,0.0,0.0,0.0,見送り(地合い🔴),,0.0,10.3,1.9,1.2,2356,2448.0,0.7,1.4,284,MA上昇配列 / 52週高値目前
9699,ニシオホールディングス,サービス業,12.0,★☆☆☆☆,0.0,0.0,3.0,0.0,9.0,0.0,0.0,0.0,見送り(地合い🔴),,0.0,14.0,2.3,5.0,4101,4295.0,3.2,1.6,211,MA上昇配列
1928,積水ハウス,建設業,12.0,★☆☆☆☆,0.0,0.0,2.0,0.0,10.0,0.0,0.0,0.0,見送り(地合い🔴),,0.0,10.3,1.9,1.3,3356,3488.0,0.6,1.6,10447,MA上昇配列
4343,イオンファンタジー,サービス業,12.0,★☆☆☆☆,0.0,0.0,4.0,0.0,8.0,0.0,0.0,0.0,見送り(地合い🔴),,0.0,13.4,2.8,4.1,2607,2762.0,3.6,1.8,187,MA上昇配列
2181,パーソルホールディングス,サービス業,12.0,★☆☆☆☆,0.0,0.0,3.0,0.0,9.0,0.0,0.0,0.0,見送り(地合い🔴),,0.0,11.0,2.4,1.9,251,263.79998779296875,1.5,1.4,1933,MA上昇配列
4816,東映アニメーション,情報・通信業,12.0,★☆☆☆☆,0.0,0.0,4.0,0.0,8.0,0.0,0.0,0.0,見送り(地合い🔴),,0.0,21.8,3.6,9.6,2728,2938.0,8.5,1.7,1086,MA上昇配列
5632,三菱製鋼,鉄鋼,12.0,★☆☆☆☆,0.0,0.0,1.0,0.0,11.0,0.0,0.0,0.0,見送り(地合い🔴),,0.0,7.9,2.9,1.4,2054,2180.0,0.1,1.4,140,MA上昇配列 / パーフェクトオーダー
8766,東京海上ホールディングス,保険業,12.0,★☆☆☆☆,0.0,0.0,0.0,0.0,12.0,0.0,0.0,0.0,見送り(地合い🔴),,0.0,14.4,2.5,4.8,7713,8114.0,-0.0,1.0,39640,MA上昇配列 / パーフェクトオーダー
4768,大塚商会,情報・通信業,12.0,★☆☆☆☆,0.0,0.0,2.0,0.0,10.0,0.0,0.0,0.0,見送り(地合い🔴),,0.0,22.7,3.2,9.5,3065,3274.0,8.2,1.2,4852,MA上昇配列
5408,中山製鋼所,鉄鋼,12.0,★☆☆☆☆,0.0,0.0,2.0,0.0,10.0,0.0,0.0,0.0,見送り(地合い🔴),,0.0,12.8,1.9,4.3,632,657.0,2.3,0.7,127,MA上昇配列 / パーフェクトオーダー
3291,飯田グループホールディングス,不動産業,12.0,★☆☆☆☆,0.0,0.0,3.0,0.0,9.0,0.0,0.0,0.0,見送り(地合い🔴),,0.0,12.0,1.8,2.2,2204,2289.0,1.4,1.6,1197,MA上昇配列
9010,富士急行,陸運業,12.0,★☆☆☆☆,0.0,0.0,2.0,0.0,10.0,0.0,0.0,0.0,見送り(地合い🔴),,0.0,12.7,3.0,4.9,2582,2745.0,4.1,0.9,457,MA上昇配列 / パーフェクトオーダー
9020,東日本旅客鉄道,陸運業,12.0,★☆☆☆☆,0.0,0.0,3.0,0.0,9.0,0.0,0.0,0.0,見送り(地合い🔴),,0.0,14.2,2.8,2.8,3470,3676.0,1.2,1.4,11250,MA上昇配列
8214,ＡＯＫＩホールディングス,小売業,12.0,★☆☆☆☆,0.0,0.0,2.0,0.0,10.0,0.0,0.0,0.0,見送り(地合い🔴),,0.0,10.4,1.8,1.8,1662,1722.0,1.8,1.1,307,MA上昇配列
2503,キリンホールディングス,食料品,12.0,★☆☆☆☆,0.0,0.0,0.0,0.0,12.0,0.0,0.0,0.0,見送り(地合い🔴),,0.0,12.7,2.3,2.2,2815,2953.0,1.5,1.1,11588,MA上昇配列 / パーフェクトオーダー
9090,ＡＺ－ＣＯＭ丸和ホールディングス,陸運業,12.0,★☆☆☆☆,0.0,0.0,5.3,0.0,6.7,0.0,0.0,0.0,見送り(地合い🔴),,0.0,21.3,3.0,7.7,865,921.0,-0.1,1.3,382,買い出来高優勢 / MA上昇配列
9005,東急,陸運業,12.0,★☆☆☆☆,0.0,0.0,3.0,0.0,9.0,0.0,0.0,0.0,見送り(地合い🔴),,0.0,11.4,2.2,0.8,1670,1747.0,0.0,1.4,3963,MA上昇配列
7951,ヤマハ,その他製品,12.0,★☆☆☆☆,0.0,0.0,2.0,0.0,10.0,0.0,0.0,0.0,見送り(地合い🔴),,0.0,14.0,2.3,3.6,1186,1243.5,3.3,1.7,2508,MA上昇配列 / パーフェクトオーダー
8060,キヤノンマーケティングジャパン,卸売業,11.8,★☆☆☆☆,0.0,0.0,1.0,0.0,8.0,0.0,2.8,0.0,見送り(地合い🔴),,0.0,10.7,2.3,2.3,3433,3602.0,0.8,1.4,1115,開示[自己株式の取得](6日前) / 開示[自己株式の取得](9日前)
7383,ネットプロテクションズホールディングス,その他金融業,11.8,★☆☆☆☆,3.8,0.0,3.3,0.0,4.7,0.0,0.0,0.0,見送り(地合い🔴),NASDAQ,-0.8,24.6,3.6,12.6,408,440.0,9.5,1.0,277,NASDAQ+2.0%連動(β0.77) / 買い出来高優勢
8739,スパークス・グループ,証券、商品先物取引業,11.799999999999999,★☆☆☆☆,0.0,0.0,1.0,0.0,8.2,0.0,2.6,0.0,見送り(地合い🔴),,0.0,6.2,2.2,0.1,2155,2255.0,1.3,1.5,216,MA上昇配列 / パーフェクトオーダー / 開示[増配](2日前)
8167,リテールパートナーズ,小売業,11.7,★☆☆☆☆,0.0,0.0,3.0,0.0,8.7,0.0,0.0,0.0,見送り(地合い🔴),,0.0,8.4,2.8,1.1,1295,1371.0,2.9,1.3,111,MA上昇配列 / パーフェクトオーダー
5440,共英製鋼,鉄鋼,11.7,★☆☆☆☆,0.0,0.0,4.0,0.0,6.0,0.0,1.7,0.0,見送り(地合い🔴),,0.0,16.8,2.1,5.5,1861,1942.0,2.5,1.7,208,開示[設備投資](2日前)
3116,トヨタ紡織,輸送用機器,11.7,★☆☆☆☆,0.0,0.0,5.7,0.0,6.0,0.0,0.0,0.0,見送り(地合い🔴),,0.0,7.8,2.9,0.3,2110,2240.5,0.3,3.8,1831,出来高急増3.8倍
4765,ＳＢＩグローバルアセットマネジメント,サービス業,11.7,★☆☆☆☆,0.0,0.0,3.0,0.0,7.0,0.0,1.7,0.0,見送り(地合い🔴),,0.0,17.6,2.2,7.4,593,621.0,9.5,1.1,261,開示[増配](6日前)
6083,ＥＲＩホールディングス,サービス業,11.7,★☆☆☆☆,0.0,0.0,3.0,0.0,8.7,0.0,0.0,0.0,見送り(地合い🔴),,0.0,16.0,3.8,7.9,1454,1575.0,2.9,0.5,153,MA上昇配列
4776,サイボウズ,情報・通信業,11.7,★☆☆☆☆,0.0,0.0,2.0,0.0,8.0,0.0,1.7,0.0,見送り(地合い🔴),,0.0,15.3,3.8,5.9,2489,2695.0,8.5,0.6,845,MA上昇配列 / 開示[自己株式の取得](6日前)
1939,四電工,建設業,11.7,★☆☆☆☆,0.0,0.0,1.0,0.0,10.7,0.0,0.0,0.0,見送り(地合い🔴),,0.0,6.1,2.3,0.3,1914,2007.0,0.9,1.3,145,MA上昇配列 / パーフェクトオーダー
7990,グローブライド,その他製品,11.7,★☆☆☆☆,0.0,0.0,3.0,0.0,8.7,0.0,0.0,0.0,見送り(地合い🔴),,0.0,15.9,1.7,5.4,2466,2551.0,3.9,1.2,137,MA上昇配列 / パーフェクトオーダー
5218,オハラ,ガラス・土石製品,11.600000000000001,★☆☆☆☆,7.9,0.0,0.0,0.0,3.7,0.0,0.0,0.0,見送り(地合い🔴),SK hynix,0.8,-1.0,4.0,-1.8,1324,1439.0,2.4,0.8,130,SK hynix+10.8%連動(β0.20) 未反応+0.8%
1879,新日本建設,建設業,11.6,★☆☆☆☆,0.0,0.0,3.3,0.0,5.7,0.0,2.6,0.0,見送り(地合い🔴),,0.0,6.4,2.2,1.1,2021,2112.0,2.5,2.5,158,出来高増2.5倍 / 開示[増配](2日前)
8923,トーセイ,不動産業,11.5,★☆☆☆☆,0.0,0.0,2.0,0.0,9.5,0.0,0.0,0.0,見送り(地合い🔴),,0.0,13.5,2.7,3.2,1719,1819.0,4.1,1.0,580,MA上昇配列 / パーフェクトオーダー
7803,ブシロード,その他製品,11.5,★☆☆☆☆,0.0,0.0,4.0,0.0,7.5,0.0,0.0,0.0,見送り(地合い🔴),,0.0,33.7,6.8,6.9,325,377.0,2.7,0.5,690,資金流入増 / MA上昇配列 / パーフェクトオーダー
4099,四国化成ホールディングス,化学,11.5,★☆☆☆☆,8.2,0.0,3.3,0.0,0.0,0.0,0.0,0.0,見送り(地合い🔴),SK hynix,-0.8,-8.4,7.6,-4.7,2366,2791.0,1.2,2.1,1364,SK hynix+10.8%連動(β0.30) / 出来高増2.1倍
325A,ＴＥＮＴＩＡＬ,繊維製品,11.5,★☆☆☆☆,0.0,0.0,4.0,0.0,7.5,0.0,0.0,0.0,見送り(地合い🔴),,0.0,17.7,7.5,0.8,1295,1522.0,-9.0,0.7,794,資金流入増 / MA上昇配列 / パーフェクトオーダー
9616,共立メンテナンス,サービス業,11.5,★☆☆☆☆,0.0,0.0,4.0,0.0,7.5,0.0,0.0,0.0,見送り(地合い🔴),,0.0,19.6,2.6,12.3,3290,3472.0,13.3,1.7,3546,MA上昇配列 / RSI過熱(87)⚠
7453,良品計画,小売業,11.5,★☆☆☆☆,0.0,0.0,2.0,0.0,9.5,0.0,0.0,0.0,見送り(地合い🔴),,0.0,25.4,5.4,4.9,3724,4177.0,-0.6,0.7,23238,MA上昇配列 / パーフェクトオーダー
3774,インターネットイニシアティブ,情報・通信業,11.5,★☆☆☆☆,0.0,0.0,3.3,0.0,8.2,0.0,0.0,0.0,見送り(地合い🔴),,0.0,12.2,2.8,2.1,3308,3503.0,2.6,1.0,1909,買い出来高優勢 / MA上昇配列 / パーフェクトオーダー
3491,ＧＡ　ｔｅｃｈｎｏｌｏｇｉｅｓ,不動産業,11.5,★☆☆☆☆,3.5,0.0,3.0,0.0,5.0,0.0,0.0,0.0,見送り(地合い🔴),NASDAQ,-8.2,7.3,3.3,5.8,1354,1450.0,10.0,1.5,218,NASDAQ+2.0%連動(β0.70)
7184,富山第一銀行,銀行業,11.5,★☆☆☆☆,0.0,0.0,2.0,0.0,9.5,0.0,0.0,0.0,見送り(地合い🔴),,0.0,17.5,5.1,4.2,2617,2911.0,-5.0,0.7,670,MA上昇配列 / パーフェクトオーダー
7984,コクヨ,その他製品,11.5,★☆☆☆☆,0.0,0.0,4.0,0.0,7.5,0.0,0.0,0.0,見送り(地合い🔴),,0.0,18.8,1.8,6.9,877,909.7999877929688,6.1,1.7,963,MA上昇配列 / RSI過熱(86)⚠
6741,日本信号,電気機器,11.5,★☆☆☆☆,5.7,0.0,0.0,0.0,3.2,0.0,2.6,0.0,見送り(地合い🔴),Eaton,0.8,10.3,2.7,1.5,1522,1607.0,2.6,1.0,329,Eaton+7.5%連動(β0.18) 未反応+0.8% / 開示[資本業務提携](2日前)
5480,日本冶金工業,鉄鋼,11.5,★☆☆☆☆,0.0,0.0,2.0,0.0,9.5,0.0,0.0,0.0,見送り(地合い🔴),,0.0,11.3,2.2,1.9,4814,5040.0,-0.2,1.0,326,MA上昇配列 / パーフェクトオーダー
6178,日本郵政,サービス業,11.5,★☆☆☆☆,0.0,0.0,2.0,0.0,9.5,0.0,0.0,0.0,見送り(地合い🔴),,0.0,12.8,2.4,1.3,2266,2382.0,-4.2,1.2,13614,MA上昇配列 / パーフェクトオーダー
3360,シップヘルスケアホールディングス,卸売業,11.5,★☆☆☆☆,0.0,0.0,4.0,0.0,7.5,0.0,0.0,0.0,見送り(地合い🔴),,0.0,19.7,2.0,9.7,2458,2561.0,7.0,1.5,597,MA上昇配列 / RSI過熱(91)⚠
4434,サーバーワークス,情報・通信業,11.4,★☆☆☆☆,3.1,0.0,5.3,0.0,6.0,0.0,0.0,-3.0,見送り(地合い🔴),NASDAQ,-12.7,27.0,5.2,17.6,2112,2358.0,24.8,1.1,151,NASDAQ+2.0%連動(β0.63) / 買い出来高優勢 / 資金流入増 / 伸びすぎ注意(25MA+18%)
9037,ハマキョウレックス,陸運業,11.4,★☆☆☆☆,0.0,0.0,4.7,0.0,6.7,0.0,0.0,0.0,見送り(地合い🔴),,0.0,8.2,2.1,0.7,1757,1835.0,2.0,3.2,189,出来高急増3.2倍
4902,コニカミノルタ,電気機器,11.4,★☆☆☆☆,0.0,0.0,6.7,0.0,4.7,0.0,0.0,0.0,見送り(地合い🔴),,0.0,10.7,4.8,-2.8,535,590.7999877929688,-8.6,3.2,2522,出来高急増3.2倍
7944,ローランド,その他製品,11.3,★☆☆☆☆,0.0,0.0,4.3,0.0,7.0,0.0,0.0,0.0,見送り(地合い🔴),,0.0,5.4,2.8,2.0,3966,4205.0,5.7,1.0,650,買い出来高優勢
3028,アルペン,小売業,11.3,★☆☆☆☆,0.0,0.0,3.3,0.0,8.0,0.0,0.0,0.0,見送り(地合い🔴),,0.0,14.3,2.0,3.2,2127,2216.0,0.9,0.9,258,買い出来高優勢 / MA上昇配列
3539,ＪＭホールディングス,小売業,11.3,★☆☆☆☆,0.0,0.0,5.3,0.0,6.0,0.0,0.0,0.0,見送り(地合い🔴),,0.0,18.8,2.4,6.3,1302,1369.0,2.3,1.1,505,買い出来高優勢 / 資金流入増
4194,ビジョナル,情報・通信業,11.3,★☆☆☆☆,0.0,0.0,3.3,0.0,8.0,0.0,0.0,0.0,見送り(地合い🔴),,0.0,16.0,3.7,4.6,8067,8713.0,3.9,0.8,1724,買い出来高優勢 / MA上昇配列
3983,オロ,情報・通信業,11.3,★☆☆☆☆,0.0,0.0,3.3,0.0,8.0,0.0,0.0,0.0,見送り(地合い🔴),,0.0,12.3,2.1,3.7,2120,2213.0,2.6,0.7,106,買い出来高優勢 / MA上昇配列
7280,ミツバ,電気機器,11.3,★☆☆☆☆,0.0,0.0,5.3,0.0,6.0,0.0,0.0,0.0,見送り(地合い🔴),,0.0,4.9,2.9,1.7,1127,1197.0,4.7,2.7,292,出来高増2.7倍
4318,クイック,サービス業,11.3,★☆☆☆☆,0.0,0.0,4.3,0.0,7.0,0.0,0.0,0.0,見送り(地合い🔴),,0.0,12.1,1.8,1.9,749,777.0,0.0,1.5,100,買い出来高優勢
9347,日本管財ホールディングス,サービス業,11.3,★☆☆☆☆,0.0,0.0,3.3,0.0,8.0,0.0,0.0,0.0,見送り(地合い🔴),,0.0,11.9,1.6,2.1,2713,2803.0,1.3,1.0,139,買い出来高優勢
4848,フルキャストホールディングス,サービス業,11.3,★☆☆☆☆,0.0,0.0,3.3,0.0,8.0,0.0,0.0,0.0,見送り(地合い🔴),,0.0,19.2,1.9,6.8,1661,1728.0,4.9,1.0,187,買い出来高優勢 / MA上昇配列
3479,ＴＫＰ,不動産業,11.3,★☆☆☆☆,0.0,0.0,3.3,0.0,8.0,0.0,0.0,0.0,見送り(地合い🔴),,0.0,18.8,3.2,7.4,1793,1917.0,5.8,0.6,328,買い出来高優勢 / MA上昇配列
3002,グンゼ,繊維製品,11.2,★☆☆☆☆,0.0,0.0,4.7,0.0,6.5,0.0,0.0,0.0,見送り(地合い🔴),,0.0,8.5,1.4,1.0,3906,4020.0,1.0,3.5,679,出来高急増3.5倍 / MA上昇配列
7220,武蔵精密工業,輸送用機器,11.2,★☆☆☆☆,9.7,0.0,0.0,0.0,1.5,0.0,0.0,0.0,見送り(地合い🔴),Eaton,-2.9,-12.0,8.0,-7.0,2712,3225.0,6.6,0.9,4948,Eaton+7.5%連動(β0.52)
8628,松井証券,証券、商品先物取引業,11.2,★☆☆☆☆,0.0,0.0,3.0,0.0,8.2,0.0,0.0,0.0,見送り(地合い🔴),,0.0,14.6,2.9,0.7,988,1049.0,-5.2,0.8,1273,MA上昇配列 / パーフェクトオーダー
3391,ツルハホールディングス,小売業,11.0,★☆☆☆☆,0.0,0.0,2.0,0.0,9.0,0.0,0.0,0.0,見送り(地合い🔴),,0.0,21.6,3.2,5.1,2268,2424.0,1.0,0.8,5005,MA上昇配列
4725,ＣＡＣ　Ｈｏｌｄｉｎｇｓ,情報・通信業,11.0,★☆☆☆☆,0.0,0.0,2.0,0.0,9.0,0.0,0.0,0.0,見送り(地合い🔴),,0.0,11.4,1.3,2.1,1804,1850.0,1.4,1.0,115,MA上昇配列
1882,東亜道路工業,建設業,11.0,★☆☆☆☆,0.0,0.0,2.0,0.0,9.0,0.0,0.0,0.0,見送り(地合い🔴),,0.0,11.2,1.4,2.3,1581,1626.0,1.4,1.0,501,MA上昇配列
9697,カプコン,情報・通信業,11.0,★☆☆☆☆,0.0,0.0,5.0,0.0,9.0,0.0,0.0,-3.0,見送り(地合い🔴),,0.0,29.6,4.5,17.2,3610,3964.0,17.8,1.7,12646,MA上昇配列 / 伸びすぎ注意(25MA+17%)
7231,トピー工業,輸送用機器,11.0,★☆☆☆☆,0.0,0.0,2.0,0.0,9.0,0.0,0.0,0.0,見送り(地合い🔴),,0.0,12.5,1.8,3.1,2834,2938.0,2.3,0.9,143,MA上昇配列
2212,山崎製パン,食料品,11.0,★☆☆☆☆,0.0,0.0,2.0,0.0,9.0,0.0,0.0,0.0,見送り(地合い🔴),,0.0,10.2,3.3,1.0,3135,3359.0,0.0,2.0,2009,MA上昇配列
1766,東建コーポレーション,建設業,11.0,★☆☆☆☆,0.0,0.0,2.0,0.0,9.0,0.0,0.0,0.0,見送り(地合い🔴),,0.0,11.1,1.9,2.8,12850,13370.0,2.5,1.0,314,MA上昇配列
7480,スズデン,卸売業,11.0,★☆☆☆☆,3.0,0.0,1.0,0.0,7.0,0.0,0.0,0.0,見送り(地合い🔴),SK hynix,-0.1,6.2,3.0,2.2,2332,2480.0,1.9,1.5,128,SK hynix+10.8%連動(β0.11) / MA上昇配列 / パーフェクトオーダー
9948,アークス,小売業,11.0,★☆☆☆☆,0.0,0.0,1.0,0.0,10.0,0.0,0.0,0.0,見送り(地合い🔴),,0.0,12.7,2.4,2.8,3440,3615.0,3.4,0.9,281,MA上昇配列
1786,オリエンタル白石,建設業,11.0,★☆☆☆☆,0.0,0.0,2.0,0.0,9.0,0.0,0.0,0.0,見送り(地合い🔴),,0.0,12.8,2.1,2.8,350,366.0,0.0,0.7,188,MA上昇配列
5273,三谷セキサン,ガラス・土石製品,11.0,★☆☆☆☆,0.0,0.0,3.3,0.0,7.7,0.0,0.0,0.0,見送り(地合い🔴),,0.0,27.0,2.9,10.2,1798,1909.0,9.6,1.0,106,買い出来高優勢 / MA上昇配列
5351,品川リフラ,ガラス・土石製品,11.0,★☆☆☆☆,0.0,0.0,2.0,0.0,9.0,0.0,0.0,0.0,見送り(地合い🔴),,0.0,13.1,1.8,2.8,1984,2057.0,0.8,0.9,229,MA上昇配列
7532,パン・パシフィック・インターナショナルホールディングス,小売業,11.0,★☆☆☆☆,0.0,0.0,3.0,0.0,8.0,0.0,0.0,0.0,見送り(地合い🔴),,0.0,16.3,3.5,4.1,839,902.2000122070312,4.6,1.3,9177,MA上昇配列
4523,エーザイ,医薬品,11.0,★☆☆☆☆,0.0,0.0,3.0,0.0,8.0,0.0,0.0,0.0,見送り(地合い🔴),,0.0,21.6,3.0,8.9,4534,4828.0,3.7,1.4,8268,MA上昇配列
2157,コシダカホールディングス,サービス業,11.0,★☆☆☆☆,0.0,0.0,3.0,0.0,8.0,0.0,0.0,0.0,見送り(地合い🔴),,0.0,14.5,2.7,2.7,989,1046.0,-0.6,1.2,635,MA上昇配列
9830,トラスコ中山,卸売業,11.0,★☆☆☆☆,0.0,0.0,2.0,0.0,9.0,0.0,0.0,0.0,見送り(地合い🔴),,0.0,12.0,2.0,3.3,2319,2415.0,2.5,1.1,314,MA上昇配列
9869,加藤産業,卸売業,11.0,★☆☆☆☆,0.0,0.0,2.0,0.0,9.0,0.0,0.0,0.0,見送り(地合い🔴),,0.0,12.5,2.3,3.4,6083,6370.0,2.4,1.2,216,MA上昇配列
9601,松竹,情報・通信業,11.0,★☆☆☆☆,0.0,0.0,3.0,0.0,8.0,0.0,0.0,0.0,見送り(地合い🔴),,0.0,15.6,3.3,4.9,10761,11530.0,3.8,1.0,620,MA上昇配列
8276,平和堂,小売業,11.0,★☆☆☆☆,0.0,0.0,4.0,0.0,7.0,0.0,0.0,0.0,見送り(地合い🔴),,0.0,11.8,2.1,3.2,2553,2663.0,3.0,1.6,245,-
7821,前田工繊,その他製品,11.0,★☆☆☆☆,0.0,0.0,2.0,0.0,9.0,0.0,0.0,0.0,見送り(地合い🔴),,0.0,15.5,2.0,6.0,1885,1965.0,6.6,1.3,283,MA上昇配列
2784,アルフレッサ　ホールディングス,卸売業,11.0,★☆☆☆☆,0.0,0.0,4.0,0.0,7.0,0.0,0.0,0.0,見送り(地合い🔴),,0.0,13.4,2.1,2.1,2222,2319.5,-1.3,1.6,1131,-
6523,ＰＨＣホールディングス,電気機器,11.0,★☆☆☆☆,0.0,0.0,1.0,0.0,10.0,0.0,0.0,0.0,見送り(地合い🔴),,0.0,12.6,2.3,2.9,1049,1100.0,1.9,0.7,262,MA上昇配列 / パーフェクトオーダー
5423,東京製鐵,鉄鋼,11.0,★☆☆☆☆,0.0,0.0,0.0,0.0,11.0,0.0,0.0,0.0,見送り(地合い🔴),,0.0,9.7,3.2,2.2,1659,1772.0,5.0,1.1,714,MA上昇配列 / パーフェクトオーダー
5021,コスモエネルギーホールディングス,石油・石炭製品,11.0,★☆☆☆☆,0.0,0.0,2.0,0.0,9.0,0.0,0.0,0.0,見送り(地合い🔴),,0.0,9.2,1.9,2.4,3832,3984.0,0.4,1.6,2325,MA上昇配列
6465,ホシザキ,機械,11.0,★☆☆☆☆,0.0,0.0,0.0,0.0,11.0,0.0,0.0,0.0,見送り(地合い🔴),,0.0,9.3,2.3,3.5,5437,5704.0,4.9,0.8,2839,MA上昇配列 / パーフェクトオーダー
6418,日本金銭機械,機械,11.0,★☆☆☆☆,0.0,0.0,3.0,0.0,8.0,0.0,0.0,0.0,見送り(地合い🔴),,0.0,20.5,2.3,7.3,1082,1133.0,7.3,1.4,124,MA上昇配列
3289,東急不動産ホールディングス,不動産業,11.0,★☆☆☆☆,0.0,0.0,2.0,0.0,9.0,0.0,0.0,0.0,見送り(地合い🔴),,0.0,8.1,2.1,0.5,1281,1336.5,0.7,1.6,3802,MA上昇配列
3048,ビックカメラ,小売業,11.0,★☆☆☆☆,0.0,0.0,3.0,0.0,8.0,0.0,0.0,0.0,見送り(地合い🔴),,0.0,14.5,2.5,3.7,1655,1744.0,1.4,1.0,1078,-
8043,スターゼン,卸売業,11.0,★☆☆☆☆,0.0,0.0,1.0,0.0,10.0,0.0,0.0,0.0,見送り(地合い🔴),,0.0,16.4,2.1,4.8,1290,1347.0,3.7,1.2,204,MA上昇配列
4114,日本触媒,化学,11.0,★☆☆☆☆,0.0,0.0,0.0,0.0,11.0,0.0,0.0,0.0,見送り(地合い🔴),,0.0,10.3,1.5,2.3,2094,2158.0,0.5,1.0,1062,MA上昇配列 / パーフェクトオーダー
6532,ベイカレント,サービス業,11.0,★☆☆☆☆,0.0,0.0,3.0,0.0,8.0,0.0,0.0,0.0,見送り(地合い🔴),,0.0,15.3,5.1,7.6,6417,7139.0,9.5,1.0,12814,MA上昇配列
5451,ヨドコウ,鉄鋼,11.0,★☆☆☆☆,0.0,0.0,2.0,0.0,9.0,0.0,0.0,0.0,見送り(地合い🔴),,0.0,12.6,1.8,3.5,1335,1385.0,1.8,1.0,342,MA上昇配列
4052,フィーチャ,情報・通信業,11.0,★☆☆☆☆,0.0,0.0,10.0,0.0,6.0,0.0,0.0,-5.0,見送り(地合い🔴),,0.0,56.4,12.7,31.0,255,342.0,6.5,5.1,115,出来高急増5.1倍 / 買い出来高優勢 / 資金流入増 / 過熱⚠25MA+31%
3182,オイシックス・ラ・大地,小売業,11.0,★☆☆☆☆,0.0,0.0,3.0,0.0,8.0,0.0,0.0,0.0,見送り(地合い🔴),,0.0,14.6,3.6,4.6,1512,1629.0,2.6,1.3,133,MA上昇配列
7751,キヤノン,電気機器,11.0,★☆☆☆☆,0.0,0.0,3.3,0.0,7.7,0.0,0.0,0.0,見送り(地合い🔴),,0.0,11.7,2.7,1.0,4185,4428.0,-2.2,2.1,19480,出来高増2.1倍 / MA上昇配列
2433,博報堂ＤＹホールディングス,サービス業,11.0,★☆☆☆☆,0.0,0.0,1.0,0.0,10.0,0.0,0.0,0.0,見送り(地合い🔴),,0.0,20.3,3.4,6.0,1213,1302.5,4.7,1.2,1100,MA上昇配列 / パーフェクトオーダー
7267,本田技研工業,輸送用機器,11.0,★☆☆☆☆,0.0,0.0,1.0,0.0,10.0,0.0,0.0,0.0,見送り(地合い🔴),,0.0,12.8,2.7,5.1,1538,1625.5,5.8,1.4,27126,MA上昇配列
3197,すかいらーくホールディングス,小売業,11.0,★☆☆☆☆,0.0,0.0,2.0,0.0,9.0,0.0,0.0,0.0,見送り(地合い🔴),,0.0,17.8,2.9,5.4,2956,3141.0,5.4,0.9,4283,MA上昇配列
3397,トリドールホールディングス,小売業,11.0,★☆☆☆☆,0.0,0.0,2.0,0.0,9.0,0.0,0.0,0.0,見送り(地合い🔴),,0.0,18.0,2.9,6.9,4094,4345.0,6.8,1.0,1453,MA上昇配列
3498,霞ヶ関キャピタル,不動産業,11.0,★☆☆☆☆,0.0,0.0,3.0,0.0,8.0,0.0,0.0,0.0,見送り(地合い🔴),,0.0,12.5,4.4,7.1,6777,7430.0,7.1,0.7,3805,MA上昇配列
7366,ＬＩＴＡＬＩＣＯ,サービス業,10.9,★☆☆☆☆,9.9,0.0,1.0,0.0,0.0,0.0,0.0,0.0,見送り(地合い🔴),NASDAQ,2.4,5.0,3.1,-2.2,1494,1591.0,-0.1,1.3,167,NASDAQ+2.0%連動(β0.55) 未反応+2.4%
7931,未来工業,化学,10.9,★☆☆☆☆,0.0,0.0,2.0,0.0,8.0,0.0,0.9,0.0,見送り(地合い🔴),,0.0,15.2,3.1,4.6,3191,3400.0,-2.0,0.6,111,MA上昇配列 / 開示[増配](10日前)
4578,大塚ホールディングス,医薬品,10.9,★☆☆☆☆,0.0,0.0,1.0,0.0,5.7,0.0,4.2,0.0,見送り(地合い🔴),,0.0,2.1,3.0,-0.3,10433,11100.0,-0.5,1.3,15953,開示[増配](2日前) / 開示[業績予想の修正](5日前)
9308,乾汽船,海運業,10.8,★☆☆☆☆,0.0,0.0,6.3,0.0,7.5,0.0,0.0,-3.0,見送り(地合い🔴),,0.0,36.1,3.3,15.6,1765,1890.0,8.9,1.9,202,買い出来高優勢 / MA上昇配列 / パーフェクトオーダー / RSI過熱(92)⚠ / 伸びすぎ注意(25MA+16%)
5707,東邦亜鉛,非鉄金属,10.8,★☆☆☆☆,2.8,0.0,3.0,0.0,5.0,0.0,0.0,0.0,見送り(地合い🔴),Albemarle,-1.6,12.2,5.7,7.6,781,881.0,8.8,1.5,311,Albemarle+4.0%連動(β0.28)
4293,セプテーニ・ホールディングス,サービス業,10.7,★☆☆☆☆,0.0,0.0,1.0,0.0,9.7,0.0,0.0,0.0,見送り(地合い🔴),,0.0,16.4,3.2,4.5,482,515.0,4.0,0.6,278,MA上昇配列 / パーフェクトオーダー
3284,フージャースホールディングス,不動産業,10.7,★☆☆☆☆,0.0,0.0,2.0,0.0,8.7,0.0,0.0,0.0,見送り(地合い🔴),,0.0,10.6,1.5,1.2,1205,1241.0,0.6,1.1,191,MA上昇配列
3850,エヌ・ティ・ティ・データ・イントラマート,情報・通信業,10.7,★☆☆☆☆,0.0,0.0,4.0,0.0,6.7,0.0,0.0,0.0,見送り(地合い🔴),,0.0,10.9,3.3,4.8,2987,3195.0,7.8,1.5,118,MA上昇配列
8303,ＳＢＩ新生銀行,銀行業,10.7,★☆☆☆☆,0.0,0.0,5.7,0.0,5.0,0.0,0.0,0.0,見送り(地合い🔴),,0.0,12.0,2.6,3.6,1412,1491.0,4.7,4.1,5170,出来高急増4.1倍
2594,キーコーヒー,食料品,10.7,★☆☆☆☆,0.0,0.0,3.0,0.0,7.7,0.0,0.0,0.0,見送り(地合い🔴),,0.0,7.5,0.9,0.7,1966,2001.0,1.7,1.7,130,MA上昇配列
2659,サンエー,小売業,10.7,★☆☆☆☆,0.0,0.0,0.0,0.0,10.7,0.0,0.0,0.0,見送り(地合い🔴),,0.0,7.6,2.0,0.8,3123,3255.0,2.7,0.8,633,MA上昇配列 / パーフェクトオーダー
1301,極洋,水産・農林業,10.7,★☆☆☆☆,0.0,0.0,3.0,0.0,7.7,0.0,0.0,0.0,見送り(地合い🔴),,0.0,9.4,1.6,0.9,4394,4540.0,0.6,1.5,182,MA上昇配列
4714,リソー教育グループ,サービス業,10.7,★☆☆☆☆,0.0,0.0,2.0,0.0,8.7,0.0,0.0,0.0,見送り(地合い🔴),,0.0,10.9,1.9,3.3,200,208.0,4.5,1.4,103,MA上昇配列 / パーフェクトオーダー
1878,大東建託,不動産業,10.7,★☆☆☆☆,0.0,0.0,2.0,0.0,7.0,0.0,1.7,0.0,見送り(地合い🔴),,0.0,14.3,2.7,4.6,3185,3369.0,2.7,1.5,5586,開示[子会社化](2日前)
6869,シスメックス,電気機器,10.6,★☆☆☆☆,0.0,0.0,2.0,0.0,8.0,0.0,0.6,0.0,見送り(地合い🔴),,0.0,11.0,3.1,2.6,1499,1599.0,4.5,0.9,4267,MA上昇配列 / 開示[自己株式の取得](11日前)
6413,理想科学工業,機械,10.6,★☆☆☆☆,0.0,0.0,0.0,0.0,8.0,0.0,2.6,0.0,見送り(地合い🔴),,0.0,11.7,2.1,3.0,1007,1050.0,1.4,0.6,116,MA上昇配列 / 開示[自己株式取得](2日前)
1447,ＳＡＡＦホールディングス,建設業,10.6,★☆☆☆☆,0.0,0.0,4.0,0.0,5.0,0.0,1.6,0.0,見送り(地合い🔴),,0.0,31.0,8.8,4.0,308,374.0,5.4,0.1,294,資金流入増 / MA上昇配列 / パーフェクトオーダー / 開示[買収](9日前) / 開示[買収](10日前)
4377,ワンキャリア,情報・通信業,10.6,★☆☆☆☆,3.0,0.0,0.0,0.0,4.2,0.0,3.4,0.0,見送り(地合い🔴),NASDAQ,-1.7,8.4,3.4,2.5,1975,2120.0,7.3,0.7,120,NASDAQ+2.0%連動(β0.60) / MA上昇配列 / 開示[上方修正](2日前)
3708,特種東海製紙,パルプ・紙,10.5,★☆☆☆☆,0.0,0.0,1.0,0.0,9.5,0.0,0.0,0.0,見送り(地合い🔴),,0.0,16.3,2.8,3.3,1971,2086.0,-1.9,1.3,148,MA上昇配列 / パーフェクトオーダー
8387,四国銀行,銀行業,10.5,★☆☆☆☆,0.0,0.0,1.0,0.0,9.5,0.0,0.0,0.0,見送り(地合い🔴),,0.0,13.6,4.0,3.4,3065,3330.0,-3.9,1.0,455,MA上昇配列 / パーフェクトオーダー
8242,エイチ・ツー・オー　リテイリング,小売業,10.5,★☆☆☆☆,0.0,0.0,1.0,0.0,9.5,0.0,0.0,0.0,見送り(地合い🔴),,0.0,6.4,2.6,0.6,2716,2863.5,3.6,1.2,1223,MA上昇配列 / パーフェクトオーダー
2767,円谷フィールズホールディングス,卸売業,10.5,★☆☆☆☆,0.0,0.0,10.0,0.0,5.5,0.0,0.0,-5.0,見送り(地合い🔴),,0.0,79.6,4.8,53.3,2178,2410.0,63.4,4.8,2022,出来高急増4.8倍 / 買い出来高優勢 / 資金流入増 / MA上昇配列 / RSI過熱(93)⚠ / 過熱⚠25MA+53%
8098,稲畑産業,卸売業,10.5,★☆☆☆☆,0.0,0.0,1.0,0.0,9.5,0.0,0.0,0.0,見送り(地合い🔴),,0.0,7.8,1.5,0.2,3849,3965.0,-1.6,1.3,345,MA上昇配列 / パーフェクトオーダー
6902,デンソー,輸送用機器,10.5,★☆☆☆☆,0.0,0.0,4.7,0.0,3.7,0.0,2.1,0.0,見送り(地合い🔴),,0.0,8.2,3.0,-0.4,1848,1967.5,-0.5,3.4,16393,出来高急増3.4倍 / 開示[業績予想の修正](2日前)
6255,エヌ・ピー・シー,機械,10.5,★☆☆☆☆,7.2,0.0,3.3,0.0,0.0,0.0,0.0,0.0,見送り(地合い🔴),SK hynix,-3.6,-4.1,5.9,-1.8,579,656.0,12.9,2.4,208,SK hynix+10.8%連動(β0.27) / 出来高増2.4倍
7259,アイシン,輸送用機器,10.4,★☆☆☆☆,0.0,0.0,6.7,0.0,3.7,0.0,0.0,0.0,見送り(地合い🔴),,0.0,5.1,3.4,-3.4,2072,2223.5,-3.6,3.5,5067,出来高急増3.5倍
7994,オカムラ,その他製品,10.3,★☆☆☆☆,0.0,0.0,3.3,0.0,7.0,0.0,0.0,0.0,見送り(地合い🔴),,0.0,10.7,1.7,2.1,2259,2340.0,2.1,2.0,751,出来高増2.0倍
1969,高砂熱学工業,建設業,10.3,★☆☆☆☆,0.0,9.3,1.0,0.0,0.0,0.0,0.0,0.0,見送り(地合い🔴),,0.0,-10.2,3.9,-9.7,3930,4264.0,-3.7,1.5,2442,AIデータセンター・電力(+1.6%)
6420,ガリレイ,機械,10.3,★☆☆☆☆,0.0,0.0,3.3,0.0,7.0,0.0,0.0,0.0,見送り(地合い🔴),,0.0,10.0,1.9,3.7,3322,3455.0,5.5,2.4,167,出来高増2.4倍
9766,コナミグループ,情報・通信業,10.3,★☆☆☆☆,0.0,0.0,4.3,0.0,6.0,0.0,0.0,0.0,見送り(地合い🔴),,0.0,20.7,4.5,9.7,18771,20640.0,12.7,2.1,12575,出来高増2.1倍
5161,西川ゴム工業,ゴム製品,10.3,★☆☆☆☆,0.0,0.0,4.3,0.0,6.0,0.0,0.0,0.0,見送り(地合い🔴),,0.0,13.2,1.7,5.3,3180,3295.0,4.4,1.2,327,買い出来高優勢
3733,ソフトウェア・サービス,情報・通信業,10.3,★☆☆☆☆,0.0,0.0,2.0,0.0,4.7,0.0,3.6,0.0,見送り(地合い🔴),,0.0,4.7,4.5,0.9,10020,11020.0,8.3,1.0,195,資金流入増 / 開示[自己株式の取得](5日前) / 開示[自己株式の取得](6日前)
8614,東洋証券,証券、商品先物取引業,10.2,★☆☆☆☆,0.0,0.0,3.0,0.0,7.2,0.0,0.0,0.0,見送り(地合い🔴),,0.0,11.8,2.8,1.5,623,660.0,-1.9,1.5,457,MA上昇配列 / パーフェクトオーダー
8345,岩手銀行,銀行業,10.2,★☆☆☆☆,0.0,0.0,2.0,0.0,8.2,0.0,0.0,0.0,見送り(地合い🔴),,0.0,7.6,4.7,0.2,1953,2155.0,-5.1,1.5,627,MA上昇配列 / パーフェクトオーダー
8354,ふくおかフィナンシャルグループ,銀行業,10.2,★☆☆☆☆,0.0,0.0,2.0,0.0,8.2,0.0,0.0,0.0,見送り(地合い🔴),,0.0,11.5,3.2,0.4,6883,7360.0,-3.7,1.4,4916,MA上昇配列 / パーフェクトオーダー
7283,愛三工業,輸送用機器,10.2,★☆☆☆☆,0.0,0.0,4.0,0.0,6.2,0.0,0.0,0.0,見送り(地合い🔴),,0.0,27.5,3.7,6.5,2227,2404.0,4.8,1.1,887,資金流入増 / MA上昇配列
8704,トレイダーズホールディングス,証券、商品先物取引業,10.2,★☆☆☆☆,0.0,0.0,2.0,0.0,8.2,0.0,0.0,0.0,見送り(地合い🔴),,0.0,8.2,3.8,0.5,1153,1247.0,-2.0,1.6,111,MA上昇配列 / パーフェクトオーダー
8334,群馬銀行,銀行業,10.2,★☆☆☆☆,0.0,0.0,2.0,0.0,8.2,0.0,0.0,0.0,見送り(地合い🔴),,0.0,11.9,3.3,1.7,2373,2538.5,-2.7,1.0,2395,MA上昇配列 / パーフェクトオーダー
7921,ＴＡＫＡＲＡ　＆　ＣＯＭＰＡＮＹ,その他製品,10.2,★☆☆☆☆,0.0,0.0,4.0,0.0,6.2,0.0,0.0,0.0,見送り(地合い🔴),,0.0,33.9,3.6,6.5,3956,4260.0,-1.4,0.9,301,資金流入増 / MA上昇配列
6023,ダイハツインフィニアース,輸送用機器,10.1,★☆☆☆☆,0.0,0.0,4.0,0.0,3.5,0.0,2.6,0.0,見送り(地合い🔴),,0.0,11.4,4.9,2.5,2482,2750.0,-1.8,1.8,416,開示[増配](2日前)
9534,北海道瓦斯,電気・ガス業,10.1,★☆☆☆☆,0.0,0.0,2.0,0.0,5.7,0.0,2.4,0.0,見送り(地合い🔴),,0.0,10.4,2.2,0.5,738,772.0,-0.4,1.4,110,開示[自己株式取得](3日前)
4849,エン,サービス業,10.0,★☆☆☆☆,0.0,0.0,2.0,0.0,8.0,0.0,0.0,0.0,見送り(地合い🔴),,0.0,18.2,2.7,5.2,1214,1283.0,2.1,1.0,204,MA上昇配列
8570,イオンフィナンシャルサービス,その他金融業,10.0,★☆☆☆☆,0.0,0.0,1.0,0.0,9.0,0.0,0.0,0.0,見送り(地合い🔴),,0.0,12.4,2.1,2.4,1504,1570.5,0.5,1.3,804,MA上昇配列
2815,アリアケジャパン,食料品,10.0,★☆☆☆☆,0.0,0.0,4.0,0.0,6.0,0.0,0.0,0.0,見送り(地合い🔴),,0.0,11.9,2.0,2.6,5151,5370.0,1.3,1.6,426,-
4681,リゾートトラスト,サービス業,10.0,★☆☆☆☆,0.0,0.0,1.0,0.0,9.0,0.0,0.0,0.0,見送り(地合い🔴),,0.0,8.3,2.4,2.1,1704,1789.5,5.2,1.4,780,MA上昇配列
4912,ライオン,化学,10.0,★☆☆☆☆,0.0,0.0,0.0,0.0,10.0,0.0,0.0,0.0,見送り(地合い🔴),,0.0,5.1,2.4,0.2,1626,1708.0,2.9,0.8,1917,MA上昇配列
3907,シリコンスタジオ,情報・通信業,10.0,★☆☆☆☆,0.0,0.0,5.3,0.0,4.7,0.0,0.0,0.0,見送り(地合い🔴),,0.0,21.4,18.2,9.3,639,1004.0,-9.5,2.1,714,出来高増2.1倍
5110,住友ゴム工業,ゴム製品,10.0,★☆☆☆☆,0.0,0.0,1.0,0.0,9.0,0.0,0.0,0.0,見送り(地合い🔴),,0.0,11.3,2.8,2.7,2151,2280.0,6.6,1.3,4914,MA上昇配列
8179,ロイヤルホールディングス,小売業,10.0,★☆☆☆☆,0.0,0.0,3.0,0.0,7.0,0.0,0.0,0.0,見送り(地合い🔴),,0.0,16.8,2.4,5.2,1265,1330.0,5.5,1.3,410,-
4819,デジタルガレージ,情報・通信業,10.0,★☆☆☆☆,0.0,0.0,2.0,0.0,8.0,0.0,0.0,0.0,見送り(地合い🔴),,0.0,25.7,4.5,10.5,2192,2410.0,7.7,1.3,711,MA上昇配列
2918,わらべや日洋ホールディングス,食料品,10.0,★☆☆☆☆,0.0,0.0,2.0,0.0,8.0,0.0,0.0,0.0,見送り(地合い🔴),,0.0,12.9,1.8,3.2,2684,2785.0,0.1,0.9,330,MA上昇配列
7974,任天堂,その他製品,10.0,★☆☆☆☆,0.0,0.0,4.0,0.0,6.0,0.0,0.0,0.0,見送り(地合い🔴),,0.0,14.0,3.5,7.0,7140,7679.0,10.2,1.9,72011,-
9692,シーイーシー,情報・通信業,10.0,★☆☆☆☆,0.0,0.0,0.0,0.0,10.0,0.0,0.0,0.0,見送り(地合い🔴),,0.0,12.7,2.2,3.8,2140,2239.0,2.2,0.8,236,MA上昇配列
3626,ＴＩＳ,情報・通信業,10.0,★☆☆☆☆,0.0,0.0,2.0,0.0,8.0,0.0,0.0,0.0,見送り(地合い🔴),,0.0,21.3,3.3,9.1,3532,3780.0,8.3,1.7,3829,MA上昇配列
9505,北陸電力,電気・ガス業,10.0,★☆☆☆☆,0.0,0.0,1.0,0.0,9.0,0.0,0.0,0.0,見送り(地合い🔴),,0.0,15.1,2.7,4.7,909,961.5,2.8,1.5,881,MA上昇配列
7447,ナガイレーベン,卸売業,10.0,★☆☆☆☆,0.0,0.0,2.0,0.0,8.0,0.0,0.0,0.0,見送り(地合い🔴),,0.0,10.2,1.6,2.1,1727,1785.0,2.1,1.6,119,MA上昇配列
7483,ドウシシャ,卸売業,10.0,★☆☆☆☆,0.0,0.0,3.0,0.0,7.0,0.0,0.0,0.0,見送り(地合い🔴),,0.0,10.9,1.5,1.6,2896,2988.0,0.6,1.4,183,-
7201,日産自動車,輸送用機器,10.0,★☆☆☆☆,0.0,0.0,4.0,0.0,6.0,0.0,0.0,0.0,見送り(地合い🔴),,0.0,14.1,3.5,4.7,313,336.20001220703125,4.3,1.7,11167,-
4481,ベース,情報・通信業,10.0,★☆☆☆☆,0.0,0.0,2.0,0.0,8.0,0.0,0.0,0.0,見送り(地合い🔴),,0.0,17.0,1.9,4.7,3092,3215.0,3.9,0.6,333,MA上昇配列
4641,アルプス技研,サービス業,10.0,★☆☆☆☆,0.0,0.0,1.0,0.0,9.0,0.0,0.0,0.0,見送り(地合い🔴),,0.0,12.9,1.8,2.5,795,825.0,-0.1,0.8,106,MA上昇配列
6637,寺崎電気産業,電気機器,10.0,★☆☆☆☆,0.0,0.0,2.0,0.0,8.0,0.0,0.0,0.0,見送り(地合い🔴),,0.0,22.8,4.9,7.8,3649,4045.0,-0.7,1.0,223,MA上昇配列
2331,ＡＬＳＯＫ,サービス業,10.0,★☆☆☆☆,0.0,0.0,3.0,0.0,7.0,0.0,0.0,0.0,見送り(地合い🔴),,0.0,15.3,2.5,4.3,1114,1173.0,1.3,1.3,1509,-
4324,電通グループ,サービス業,10.0,★☆☆☆☆,0.0,0.0,0.0,0.0,10.0,0.0,0.0,0.0,見送り(地合い🔴),,0.0,20.5,3.7,4.9,3280,3545.0,4.8,1.1,5267,MA上昇配列 / パーフェクトオーダー
2702,日本マクドナルドホールディングス,小売業,10.0,★☆☆☆☆,0.0,0.0,2.0,0.0,8.0,0.0,0.0,0.0,見送り(地合い🔴),,0.0,13.1,2.2,5.1,7724,8080.0,6.5,1.6,4465,-
4922,コーセーホールディングス,化学,10.0,★☆☆☆☆,0.0,0.0,2.0,0.0,8.0,0.0,0.0,0.0,見送り(地合い🔴),,0.0,14.1,3.0,4.7,5348,5685.0,3.6,1.4,1612,MA上昇配列
2752,フジオフードグループ本社,小売業,10.0,★☆☆☆☆,0.0,0.0,4.0,0.0,6.0,0.0,0.0,0.0,見送り(地合い🔴),,0.0,11.6,1.9,2.6,1090,1133.0,3.3,1.8,130,-
9936,王将フードサービス,小売業,10.0,★☆☆☆☆,0.0,0.0,2.0,0.0,8.0,0.0,0.0,0.0,見送り(地合い🔴),,0.0,10.0,1.9,2.7,2905,3020.0,2.7,1.1,604,MA上昇配列
9513,電源開発,電気・ガス業,10.0,★☆☆☆☆,0.0,0.0,3.0,0.0,7.0,0.0,0.0,0.0,見送り(地合い🔴),,0.0,9.5,2.0,2.5,3649,3800.0,-0.9,1.9,2511,-
9663,ナガワ,サービス業,10.0,★☆☆☆☆,0.0,0.0,2.0,0.0,8.0,0.0,0.0,0.0,見送り(地合い🔴),,0.0,8.3,2.4,1.9,4942,5190.0,1.6,1.0,119,MA上昇配列
9706,日本空港ビルデング,不動産業,10.0,★☆☆☆☆,0.0,0.0,0.0,0.0,10.0,0.0,0.0,0.0,見送り(地合い🔴),,0.0,16.7,2.4,5.8,5398,5667.0,7.0,0.9,1713,MA上昇配列 / パーフェクトオーダー
5602,栗本鐵工所,鉄鋼,10.0,★☆☆☆☆,0.0,0.0,2.0,0.0,8.0,0.0,0.0,0.0,見送り(地合い🔴),,0.0,14.7,2.0,3.9,1453,1515.0,1.9,1.0,315,MA上昇配列
9008,京王電鉄,陸運業,10.0,★☆☆☆☆,0.0,0.0,2.0,0.0,8.0,0.0,0.0,0.0,見送り(地合い🔴),,0.0,15.7,2.4,4.6,772,809.7999877929688,3.3,1.2,1725,MA上昇配列
8086,ニプロ,精密機器,10.0,★☆☆☆☆,0.0,0.0,2.0,0.0,8.0,0.0,0.0,0.0,見送り(地合い🔴),,0.0,10.1,2.1,2.4,1557,1625.0,3.5,1.2,876,-
8056,ＢＩＰＲＯＧＹ,情報・通信業,10.0,★☆☆☆☆,0.0,0.0,2.0,0.0,8.0,0.0,0.0,0.0,見送り(地合い🔴),,0.0,16.9,3.1,5.7,4569,4868.0,5.3,1.3,1790,MA上昇配列
3549,クスリのアオキホールディングス,小売業,10.0,★☆☆☆☆,0.0,0.0,1.0,0.0,9.0,0.0,0.0,0.0,見送り(地合い🔴),,0.0,15.3,3.4,5.4,3746,4020.0,8.1,1.0,1044,MA上昇配列
3632,グリーホールディングス,情報・通信業,10.0,★☆☆☆☆,0.0,0.0,0.0,0.0,10.0,0.0,0.0,0.0,見送り(地合い🔴),,0.0,10.2,1.9,2.5,387,402.0,3.9,1.0,221,MA上昇配列 / パーフェクトオーダー
9435,光通信,情報・通信業,10.0,★☆☆☆☆,0.0,0.0,1.0,0.0,9.0,0.0,0.0,0.0,見送り(地合い🔴),,0.0,18.0,2.4,5.2,37274,39180.0,4.7,0.9,3196,MA上昇配列
8136,サンリオ,卸売業,10.0,★☆☆☆☆,0.0,0.0,2.0,0.0,8.0,0.0,0.0,0.0,見送り(地合い🔴),,0.0,20.8,5.1,8.0,1142,1272.5,9.7,1.0,30237,MA上昇配列
7611,ハイデイ日高,小売業,10.0,★☆☆☆☆,0.0,0.0,2.0,0.0,8.0,0.0,0.0,0.0,見送り(地合い🔴),,0.0,19.1,2.3,4.8,2748,2880.0,3.6,1.0,621,MA上昇配列
9064,ヤマトホールディングス,陸運業,10.0,★☆☆☆☆,0.0,0.0,2.0,0.0,8.0,0.0,0.0,0.0,見送り(地合い🔴),,0.0,14.8,2.4,4.4,1971,2069.5,1.2,1.4,2653,MA上昇配列
8914,エリアリンク,不動産業,10.0,★☆☆☆☆,0.0,0.0,5.3,0.0,4.7,0.0,0.0,0.0,見送り(地合い🔴),,0.0,29.6,3.8,13.1,922,997.0,7.3,0.6,171,買い出来高優勢 / 資金流入増
9202,ＡＮＡホールディングス,空運業,10.0,★☆☆☆☆,0.0,0.0,0.0,0.0,10.0,0.0,0.0,0.0,見送り(地合い🔴),,0.0,7.4,2.2,1.8,2979,3116.0,5.6,1.0,8172,MA上昇配列
3496,アズーム,不動産業,10.0,★☆☆☆☆,0.0,0.0,2.0,0.0,8.0,0.0,0.0,0.0,見送り(地合い🔴),,0.0,11.6,2.7,5.0,4399,4655.0,7.0,1.7,292,MA上昇配列
7014,名村造船所,輸送用機器,10.0,★☆☆☆☆,0.0,0.0,2.0,0.0,8.0,0.0,0.0,0.0,見送り(地合い🔴),,0.0,27.9,5.9,9.6,3832,4340.0,1.3,1.0,5816,MA上昇配列
7202,いすゞ自動車,輸送用機器,10.0,★☆☆☆☆,0.0,0.0,1.0,0.0,9.0,0.0,0.0,0.0,見送り(地合い🔴),,0.0,14.0,2.9,3.3,2264,2402.5,5.7,1.2,6481,MA上昇配列
1898,世紀東急工業,建設業,10.0,★☆☆☆☆,0.0,0.0,1.0,0.0,9.0,0.0,0.0,0.0,見送り(地合い🔴),,0.0,10.1,1.3,2.4,1464,1503.0,2.3,1.4,210,MA上昇配列
3050,ＤＣＭホールディングス,小売業,10.0,★☆☆☆☆,0.0,0.0,1.0,0.0,9.0,0.0,0.0,0.0,見送り(地合い🔴),,0.0,10.0,2.0,1.4,1474,1536.0,1.7,0.9,437,MA上昇配列
4587,ペプチドリーム,医薬品,9.9,★☆☆☆☆,9.9,0.0,0.0,0.0,0.0,0.0,0.0,0.0,見送り(地合い🔴),NASDAQ,2.2,-3.4,3.1,-4.9,889,947.2000122070312,0.8,1.1,809,NASDAQ+2.0%連動(β0.65) 未反応+2.2%
7981,タカラスタンダード,その他製品,9.9,★☆☆☆☆,0.0,0.0,4.7,0.0,3.2,0.0,2.0,0.0,見送り(地合い🔴),,0.0,4.6,2.7,-2.7,2855,3020.0,-3.7,5.8,461,出来高急増5.8倍 / 開示[業績予想の修正](3日前)
146A,コロンビア・ワークス,不動産業,9.9,★☆☆☆☆,7.7,0.0,0.0,0.0,2.2,0.0,0.0,0.0,見送り(地合い🔴),SK hynix,1.2,10.6,3.8,1.5,2972,3215.0,5.1,0.8,189,SK hynix+10.8%連動(β0.15) 未反応+1.2%
9506,東北電力,電気・ガス業,9.7,★☆☆☆☆,0.0,0.0,3.0,0.0,6.7,0.0,0.0,0.0,見送り(地合い🔴),,0.0,17.4,2.1,5.9,1130,1180.5,3.4,1.4,3017,MA上昇配列
8174,日本瓦斯,小売業,9.7,★☆☆☆☆,0.0,0.0,4.0,0.0,5.7,0.0,0.0,0.0,見送り(地合い🔴),,0.0,7.0,2.1,-0.8,2733,2851.0,-0.4,1.7,766,-
8185,チヨダ,小売業,9.7,★☆☆☆☆,0.0,0.0,3.0,0.0,6.7,0.0,0.0,0.0,見送り(地合い🔴),,0.0,7.8,1.3,0.5,971,998.0,0.8,1.7,142,MA上昇配列
2678,アスクル,小売業,9.7,★☆☆☆☆,0.0,0.0,3.0,0.0,6.7,0.0,0.0,0.0,見送り(地合い🔴),,0.0,10.7,2.8,1.2,1192,1262.0,2.2,0.8,657,MA上昇配列
9755,応用地質,サービス業,9.7,★☆☆☆☆,0.0,0.0,2.0,0.0,7.7,0.0,0.0,0.0,見送り(地合い🔴),,0.0,7.6,1.6,0.1,2700,2790.0,-0.6,1.6,188,MA上昇配列
5985,サンコール,金属製品,9.7,★☆☆☆☆,8.7,0.0,1.0,0.0,0.0,0.0,0.0,0.0,見送り(地合い🔴),SK hynix,0.3,-13.6,7.7,-10.8,1080,1275.0,2.2,1.3,1031,SK hynix+10.8%連動(β0.28)
7832,バンダイナムコホールディングス,その他製品,9.7,★☆☆☆☆,0.0,0.0,2.0,0.0,7.7,0.0,0.0,0.0,見送り(地合い🔴),,0.0,24.8,3.3,11.6,4307,4609.0,12.1,1.3,10214,MA上昇配列
7242,カヤバ,輸送用機器,9.7,★☆☆☆☆,0.0,0.0,2.0,0.0,7.7,0.0,0.0,0.0,見送り(地合い🔴),,0.0,19.6,2.2,7.8,4321,4520.0,5.0,1.2,426,MA上昇配列
4544,Ｈ．Ｕ．グループホールディングス,サービス業,9.7,★☆☆☆☆,0.0,0.0,2.0,0.0,7.7,0.0,0.0,0.0,見送り(地合い🔴),,0.0,7.0,2.1,0.8,3265,3411.0,1.9,1.1,765,MA上昇配列
9603,エイチ・アイ・エス,サービス業,9.6,★☆☆☆☆,0.0,0.0,1.0,0.0,6.0,0.0,2.6,0.0,見送り(地合い🔴),,0.0,7.3,3.0,1.4,962,1023.0,3.8,1.2,530,開示[自己株式取得](2日前)
3864,三菱製紙,パルプ・紙,9.5,★☆☆☆☆,0.0,0.0,0.0,0.0,9.5,0.0,0.0,0.0,見送り(地合い🔴),,0.0,17.8,5.1,4.4,1010,1123.0,-0.9,0.9,288,MA上昇配列 / パーフェクトオーダー
9880,イノテック,電気機器,9.5,★☆☆☆☆,7.5,0.0,2.0,0.0,0.0,0.0,0.0,0.0,見送り(地合い🔴),SK hynix,0.4,-4.1,5.3,-4.0,3022,3380.0,2.0,1.6,448,SK hynix+10.8%連動(β0.23)
6572,オープングループ,サービス業,9.5,★☆☆☆☆,0.0,0.0,4.0,0.0,5.5,0.0,0.0,0.0,見送り(地合い🔴),,0.0,13.8,5.5,1.6,205,231.0,-4.1,0.5,114,資金流入増 / MA上昇配列
5246,ＥＬＥＭＥＮＴＳ,情報・通信業,9.5,★☆☆☆☆,0.0,0.0,4.0,0.0,5.5,0.0,0.0,0.0,見送り(地合い🔴),,0.0,22.6,6.4,7.4,648,743.0,-5.0,0.5,594,資金流入増 / MA上昇配列
9364,上組,倉庫・運輸関連業,9.5,★☆☆☆☆,0.0,0.0,3.3,0.0,6.2,0.0,0.0,0.0,見送り(地合い🔴),,0.0,7.0,1.8,0.1,4997,5179.0,0.5,2.4,1893,出来高増2.4倍 / MA上昇配列
2429,ワールドホールディングス,サービス業,9.5,★☆☆☆☆,0.0,0.0,2.0,0.0,7.5,0.0,0.0,0.0,見送り(地合い🔴),,0.0,14.1,2.1,2.1,2548,2657.0,-1.8,1.0,170,MA上昇配列
7172,ジャパンインベストメントアドバイザー,証券、商品先物取引業,9.5,★☆☆☆☆,0.0,0.0,1.0,0.0,8.5,0.0,0.0,0.0,見送り(地合い🔴),,0.0,11.4,2.2,2.8,2051,2146.0,0.5,1.2,697,MA上昇配列 / パーフェクトオーダー
7988,ニフコ,化学,9.5,★☆☆☆☆,0.0,0.0,2.0,0.0,7.5,0.0,0.0,0.0,見送り(地合い🔴),,0.0,10.1,2.5,2.5,4949,5209.0,1.4,1.8,1486,MA上昇配列
5698,エンビプロ・ホールディングス,鉄鋼,9.4,★☆☆☆☆,0.0,0.0,3.3,0.0,3.7,0.0,2.4,0.0,見送り(地合い🔴),,0.0,7.9,4.5,2.3,739,812.0,4.2,2.0,140,出来高増2.0倍 / 開示[増配](3日前)
8129,東邦ホールディングス,卸売業,9.4,★☆☆☆☆,0.0,0.0,4.7,0.0,4.7,0.0,0.0,0.0,見送り(地合い🔴),,0.0,10.7,2.9,0.1,3782,4014.0,-2.1,3.7,692,出来高急増3.7倍
2875,東洋水産,食料品,9.4,★☆☆☆☆,0.0,0.0,4.7,0.0,4.7,0.0,0.0,0.0,見送り(地合い🔴),,0.0,5.5,3.0,-3.1,9745,10365.0,-3.1,3.3,4518,出来高急増3.3倍
2317,システナ,情報・通信業,9.4,★☆☆☆☆,0.0,0.0,5.7,0.0,3.7,0.0,0.0,0.0,見送り(地合い🔴),,0.0,9.8,3.0,-0.1,395,420.0,-0.9,3.6,501,出来高急増3.6倍
4521,科研製薬,医薬品,9.4,★☆☆☆☆,0.0,0.0,4.7,0.0,4.7,0.0,0.0,0.0,見送り(地合い🔴),,0.0,5.6,1.6,-1.6,3670,3795.0,-2.4,4.4,499,出来高急増4.4倍
2768,双日,卸売業,9.3,★☆☆☆☆,0.0,0.0,3.3,0.0,6.0,0.0,0.0,0.0,見送り(地合い🔴),,0.0,9.7,2.6,2.4,5097,5381.0,-0.2,2.0,6580,出来高増2.0倍
7226,極東開発工業,輸送用機器,9.3,★☆☆☆☆,0.0,0.0,3.3,0.0,6.0,0.0,0.0,0.0,見送り(地合い🔴),,0.0,15.4,1.7,3.5,2273,2354.0,-0.1,0.9,466,買い出来高優勢
6946,日本アビオニクス,電気機器,9.3,★☆☆☆☆,0.0,0.0,4.3,0.0,5.0,0.0,0.0,0.0,見送り(地合い🔴),,0.0,10.1,6.4,5.4,4628,5310.0,-0.9,2.5,1256,出来高増2.5倍
5461,中部鋼鈑,鉄鋼,9.3,★☆☆☆☆,0.0,0.0,3.3,0.0,6.0,0.0,0.0,0.0,見送り(地合い🔴),,0.0,12.0,1.7,3.2,2053,2127.0,2.0,0.7,176,買い出来高優勢
9304,澁澤倉庫,倉庫・運輸関連業,9.3,★☆☆☆☆,0.0,0.0,3.0,0.0,2.2,0.0,4.1,0.0,見送り(地合い🔴),,0.0,11.8,5.5,-0.3,1619,1819.0,1.1,1.2,811,資金流入増 / 開示[増配](3日前) / 開示[自己株式の取得](6日前)
2734,サーラコーポレーション,小売業,9.2,★☆☆☆☆,0.0,0.0,3.0,0.0,6.2,0.0,0.0,0.0,見送り(地合い🔴),,0.0,12.8,2.1,1.7,1099,1146.0,1.1,0.7,248,MA上昇配列
5101,横浜ゴム,ゴム製品,9.2,★☆☆☆☆,0.0,0.0,1.0,0.0,8.2,0.0,0.0,0.0,見送り(地合い🔴),,0.0,7.7,3.6,0.8,7117,7669.0,4.4,0.8,6941,MA上昇配列 / パーフェクトオーダー
8934,サンフロンティア不動産,不動産業,9.2,★☆☆☆☆,0.0,0.0,2.0,0.0,7.2,0.0,0.0,0.0,見送り(地合い🔴),,0.0,9.7,2.0,0.4,2409,2508.0,0.8,0.8,299,MA上昇配列 / パーフェクトオーダー
7013,ＩＨＩ,機械,9.2,★☆☆☆☆,0.0,6.0,1.0,0.0,2.2,0.0,0.0,0.0,見送り(地合い🔴),,0.0,7.3,4.3,0.7,2584,2827.5,-1.8,1.2,35093,防衛(-2.4%)
7711,助川電気工業,精密機器,9.0,★☆☆☆☆,0.0,6.0,3.0,0.0,0.0,0.0,0.0,0.0,見送り(地合い🔴),,0.0,-4.8,6.3,-9.4,3736,4275.0,-4.8,1.7,334,核融合(-3.6%)
3659,ネクソン,情報・通信業,9.0,★☆☆☆☆,0.0,0.0,3.0,0.0,6.0,0.0,0.0,0.0,見送り(地合い🔴),,0.0,18.3,3.3,8.5,2334,2501.0,9.8,1.3,6524,-
7630,壱番屋,小売業,9.0,★☆☆☆☆,0.0,0.0,1.0,0.0,8.0,0.0,0.0,0.0,見送り(地合い🔴),,0.0,12.0,2.1,2.8,894,934.0,3.1,1.1,387,MA上昇配列
9068,丸全昭和運輸,陸運業,9.0,★☆☆☆☆,0.0,0.0,2.0,0.0,7.0,0.0,0.0,0.0,見送り(地合い🔴),,0.0,11.5,2.3,2.2,7363,7720.0,1.2,0.9,209,-
6455,モリタホールディングス,輸送用機器,9.0,★☆☆☆☆,0.0,0.0,2.0,0.0,7.0,0.0,0.0,0.0,見送り(地合い🔴),,0.0,12.8,1.9,3.3,2425,2521.0,2.6,0.9,158,-
3148,クリエイトＳＤホールディングス,小売業,9.0,★☆☆☆☆,0.0,0.0,2.0,0.0,7.0,0.0,0.0,0.0,見送り(地合い🔴),,0.0,8.7,2.5,-0.1,3165,3330.0,-0.1,1.0,438,-
3395,サンマルクホールディングス,小売業,9.0,★☆☆☆☆,0.0,0.0,2.0,0.0,7.0,0.0,0.0,0.0,見送り(地合い🔴),,0.0,8.5,1.8,0.3,2470,2565.0,0.7,1.6,166,-
3088,マツキヨココカラ＆カンパニー,小売業,9.0,★☆☆☆☆,0.0,0.0,1.0,0.0,8.0,0.0,0.0,0.0,見送り(地合い🔴),,0.0,12.3,2.9,2.3,2385,2534.5,3.1,1.2,4452,MA上昇配列
7269,スズキ,輸送用機器,9.0,★☆☆☆☆,0.0,0.0,0.0,0.0,9.0,0.0,0.0,0.0,見送り(地合い🔴),,0.0,7.5,2.6,1.7,1977,2086.0,6.0,1.1,15531,MA上昇配列
2670,エービーシー・マート,小売業,9.0,★☆☆☆☆,0.0,0.0,3.0,0.0,6.0,0.0,0.0,0.0,見送り(地合い🔴),,0.0,5.1,2.4,-0.6,2593,2723.0,3.3,0.7,2775,-
2749,ＪＰホールディングス,サービス業,9.0,★☆☆☆☆,0.0,0.0,2.0,0.0,7.0,0.0,0.0,0.0,見送り(地合い🔴),,0.0,12.5,1.6,3.2,615,636.0,2.3,1.1,142,-
7261,マツダ,輸送用機器,9.0,★☆☆☆☆,0.0,0.0,1.0,0.0,8.0,0.0,0.0,0.0,見送り(地合い🔴),,0.0,12.0,2.8,3.5,1111,1176.5,4.8,1.1,8210,MA上昇配列
5105,ＴＯＹＯ　ＴＩＲＥ,ゴム製品,9.0,★☆☆☆☆,0.0,0.0,0.0,0.0,9.0,0.0,0.0,0.0,見送り(地合い🔴),,0.0,17.4,2.4,7.4,4072,4280.0,7.2,0.9,3098,MA上昇配列
4543,テルモ,精密機器,9.0,★☆☆☆☆,0.0,0.0,1.0,0.0,8.0,0.0,0.0,0.0,見送り(地合い🔴),,0.0,11.3,3.3,3.5,2173,2324.0,7.4,1.2,9892,MA上昇配列
254A,ＡＩフュージョンキャピタルグループ,証券、商品先物取引業,9.0,★☆☆☆☆,0.0,0.0,4.0,0.0,5.0,0.0,0.0,0.0,見送り(地合い🔴),,0.0,23.1,4.6,0.2,1068,1176.0,-9.2,0.8,132,資金流入増 / MA上昇配列 / パーフェクトオーダー
4503,アステラス製薬,医薬品,9.0,★☆☆☆☆,0.0,0.0,2.0,0.0,7.0,0.0,0.0,0.0,見送り(地合い🔴),,0.0,9.3,2.4,1.3,2098,2202.0,1.6,1.3,14571,-
9532,大阪瓦斯,電気・ガス業,9.0,★☆☆☆☆,0.0,0.0,2.0,0.0,7.0,0.0,0.0,0.0,見送り(地合い🔴),,0.0,9.8,2.2,1.4,5273,5515.0,-0.1,1.5,5012,-
2281,プリマハム,食料品,9.0,★☆☆☆☆,0.0,0.0,2.0,0.0,7.0,0.0,0.0,0.0,見送り(地合い🔴),,0.0,10.3,1.6,2.3,2402,2482.0,2.4,1.5,230,-
2296,伊藤ハム米久ホールディングス,食料品,9.0,★☆☆☆☆,0.0,0.0,3.0,0.0,6.0,0.0,0.0,0.0,見送り(地合い🔴),,0.0,10.5,2.0,1.2,4713,4905.0,1.1,1.2,724,-
2220,亀田製菓,食料品,9.0,★☆☆☆☆,0.0,0.0,3.3,0.0,5.7,0.0,0.0,0.0,見送り(地合い🔴),,0.0,11.2,2.3,1.6,1213,1272.0,4.1,2.3,236,出来高増2.3倍
7581,サイゼリヤ,小売業,9.0,★☆☆☆☆,0.0,0.0,5.3,0.0,8.7,0.0,0.0,-5.0,見送り(地合い🔴),,0.0,52.3,5.4,22.0,7036,7880.0,6.1,0.6,8396,買い出来高優勢 / 資金流入増 / MA上昇配列 / 過熱⚠25MA+22%
1762,高松コンストラクショングループ,建設業,9.0,★☆☆☆☆,0.0,0.0,0.0,0.0,9.0,0.0,0.0,0.0,見送り(地合い🔴),,0.0,10.1,2.4,1.5,3559,3735.0,-1.5,1.1,170,MA上昇配列
256A,飛島ホールディングス,建設業,9.0,★☆☆☆☆,0.0,0.0,0.0,0.0,9.0,0.0,0.0,0.0,見送り(地合い🔴),,0.0,9.3,2.0,1.7,1986,2069.0,0.1,1.0,367,MA上昇配列
6849,日本光電工業,電気機器,9.0,★☆☆☆☆,0.0,0.0,1.0,0.0,8.0,0.0,0.0,0.0,見送り(地合い🔴),,0.0,14.9,2.3,4.2,1518,1590.5,5.1,1.1,1035,MA上昇配列
9684,スクウェア・エニックス・ホールディングス,情報・通信業,9.0,★☆☆☆☆,0.0,0.0,1.0,0.0,8.0,0.0,0.0,0.0,見送り(地合い🔴),,0.0,17.1,3.2,7.7,2588,2764.5,10.3,1.2,2896,MA上昇配列
2354,ＹＥ　ＤＩＧＩＴＡＬ,情報・通信業,9.0,★☆☆☆☆,0.0,0.0,4.0,0.0,10.0,0.0,0.0,-5.0,見送り(地合い🔴),,0.0,62.7,14.9,21.6,867,1235.0,-22.8,1.0,3270,資金流入増 / MA上昇配列 / パーフェクトオーダー / 過熱⚠25MA+22%
9504,中国電力,電気・ガス業,9.0,★☆☆☆☆,0.0,0.0,1.0,0.0,8.0,0.0,0.0,0.0,見送り(地合い🔴),,0.0,9.7,1.8,1.5,907,940.5999755859375,1.6,1.4,1455,MA上昇配列
9501,東京電力ホールディングス,電気・ガス業,9.0,★☆☆☆☆,0.0,0.0,3.0,0.0,6.0,0.0,0.0,0.0,見送り(地合い🔴),,0.0,20.0,3.9,5.6,479,520.0,0.6,1.4,18050,-
9021,西日本旅客鉄道,陸運業,9.0,★☆☆☆☆,0.0,0.0,0.0,0.0,9.0,0.0,0.0,0.0,見送り(地合い🔴),,0.0,17.5,2.8,2.7,2832,3001.0,0.9,0.8,9543,MA上昇配列
8919,カチタス,不動産業,9.0,★☆☆☆☆,0.0,0.0,3.0,0.0,6.0,0.0,0.0,0.0,見送り(地合い🔴),,0.0,12.8,3.2,3.0,3178,3395.0,2.6,1.7,544,-
2792,ハニーズホールディングス,小売業,9.0,★☆☆☆☆,0.0,0.0,0.0,0.0,9.0,0.0,0.0,0.0,見送り(地合い🔴),,0.0,9.1,1.6,1.5,1388,1433.0,1.8,0.8,111,MA上昇配列
2384,ＳＢＳホールディングス,陸運業,9.0,★☆☆☆☆,0.0,0.0,2.0,0.0,7.0,0.0,0.0,0.0,見送り(地合い🔴),,0.0,8.9,3.2,1.7,4173,4460.0,1.0,0.9,435,-
8111,ゴールドウイン,繊維製品,9.0,★☆☆☆☆,0.0,0.0,1.0,0.0,8.0,0.0,0.0,0.0,見送り(地合い🔴),,0.0,9.3,2.2,0.7,2192,2291.5,-0.4,0.9,930,MA上昇配列
8282,ケーズホールディングス,小売業,9.0,★☆☆☆☆,0.0,0.0,2.0,0.0,7.0,0.0,0.0,0.0,見送り(地合い🔴),,0.0,9.4,2.6,1.8,1788,1886.5,0.2,1.0,1456,-
4826,ＣＩＪ,情報・通信業,9.0,★☆☆☆☆,0.0,0.0,1.0,0.0,8.0,0.0,0.0,0.0,見送り(地合い🔴),,0.0,12.8,1.9,3.1,497,516.0,2.8,1.0,106,MA上昇配列
5020,ＥＮＥＯＳホールディングス,石油・石炭製品,9.0,★☆☆☆☆,0.0,0.0,2.0,0.0,7.0,0.0,0.0,0.0,見送り(地合い🔴),,0.0,15.2,2.3,4.8,1267,1327.5,0.6,1.5,8686,-
6932,遠藤照明,電気機器,9.0,★☆☆☆☆,0.0,0.0,3.3,0.0,5.7,0.0,0.0,0.0,見送り(地合い🔴),,0.0,14.8,2.4,5.8,2483,2606.0,1.2,1.1,104,買い出来高優勢
6862,ミナトホールディングス,電気機器,9.0,★☆☆☆☆,0.0,0.0,5.3,0.0,3.7,0.0,0.0,0.0,見送り(地合い🔴),,0.0,1.5,7.6,3.1,1713,2022.0,9.5,2.7,445,出来高増2.7倍
3543,コメダホールディングス,卸売業,9.0,★☆☆☆☆,0.0,0.0,1.0,0.0,8.0,0.0,0.0,0.0,見送り(地合い🔴),,0.0,10.1,1.8,1.6,2786,2890.0,1.9,1.1,682,-
7733,オリンパス,精密機器,9.0,★☆☆☆☆,0.0,0.0,1.0,0.0,8.0,0.0,0.0,0.0,見送り(地合い🔴),,0.0,12.3,2.8,3.5,1719,1820.0,5.2,1.3,7506,MA上昇配列
3836,アバントグループ,情報・通信業,9.0,★☆☆☆☆,0.0,0.0,1.0,0.0,8.0,0.0,0.0,0.0,見送り(地合い🔴),,0.0,15.0,2.6,6.3,1204,1271.0,4.1,0.9,103,MA上昇配列
3880,大王製紙,パルプ・紙,9.0,★☆☆☆☆,0.0,0.0,1.0,0.0,8.0,0.0,0.0,0.0,見送り(地合い🔴),,0.0,13.5,2.2,3.7,949,992.0,1.8,1.3,215,MA上昇配列
3844,コムチュア,情報・通信業,9.0,★☆☆☆☆,0.0,0.0,1.0,0.0,8.0,0.0,0.0,0.0,見送り(地合い🔴),,0.0,14.5,2.2,5.4,1368,1430.0,6.8,1.1,240,MA上昇配列
6459,大和冷機工業,機械,9.0,★☆☆☆☆,0.0,0.0,2.0,0.0,7.0,0.0,0.0,0.0,見送り(地合い🔴),,0.0,11.8,2.4,3.8,1650,1733.0,2.4,1.3,117,-
4956,コニシ,化学,8.9,★☆☆☆☆,0.0,0.0,3.3,0.0,2.0,0.0,3.6,0.0,見送り(地合い🔴),,0.0,3.7,2.7,-2.4,1337,1414.0,-0.2,2.8,144,出来高増2.8倍 / 開示[自己株式の取得](5日前) / 開示[自己株式取得](6日前)
3663,セルシス,情報・通信業,8.8,★☆☆☆☆,0.0,0.0,5.7,0.0,1.0,0.0,2.1,0.0,見送り(地合い🔴),,0.0,-3.7,5.6,-9.3,1530,1723.0,-4.8,3.2,625,出来高急増3.2倍 / 開示[業績予想の修正](2日前)
8848,レオパレス２１,不動産業,8.7,★☆☆☆☆,0.0,0.0,1.0,0.0,7.7,0.0,0.0,0.0,見送り(地合い🔴),,0.0,11.0,2.1,2.1,648,677.0,4.2,1.3,693,MA上昇配列
8850,スターツコーポレーション,不動産業,8.7,★☆☆☆☆,0.0,0.0,0.0,0.0,8.7,0.0,0.0,0.0,見送り(地合い🔴),,0.0,8.7,2.0,0.8,4566,4755.0,1.5,1.1,292,MA上昇配列
2120,ＬＩＦＵＬＬ,サービス業,8.7,★☆☆☆☆,0.0,0.0,0.0,0.0,8.7,0.0,0.0,0.0,見送り(地合い🔴),,0.0,9.9,2.3,2.1,194,203.0,4.1,1.1,108,MA上昇配列 / パーフェクトオーダー
7419,ノジマ,小売業,8.7,★☆☆☆☆,0.0,0.0,2.0,0.0,4.7,0.0,2.0,0.0,見送り(地合い🔴),,0.0,5.0,3.9,-4.0,1202,1305.0,-9.3,1.8,1276,開示[業績予想の修正](3日前)
7211,三菱自動車工業,輸送用機器,8.7,★☆☆☆☆,0.0,0.0,2.0,0.0,6.7,0.0,0.0,0.0,見送り(地合い🔴),,0.0,18.3,5.2,3.8,329,368.1000061035156,6.1,0.7,5866,MA上昇配列
5406,神戸製鋼所,鉄鋼,8.7,★☆☆☆☆,0.0,0.0,1.0,0.0,7.7,0.0,0.0,0.0,見送り(地合い🔴),,0.0,18.2,2.1,7.1,1988,2077.0,4.7,1.1,4138,MA上昇配列
4704,トレンドマイクロ,情報・通信業,8.7,★☆☆☆☆,0.0,0.0,2.0,0.0,6.7,0.0,0.0,0.0,見送り(地合い🔴),,0.0,7.6,3.5,0.6,5893,6341.0,1.1,0.9,6333,MA上昇配列
5411,ＪＦＥホールディングス,鉄鋼,8.7,★☆☆☆☆,0.0,0.0,2.0,0.0,6.7,0.0,0.0,0.0,見送り(地合い🔴),,0.0,22.1,2.4,8.1,1731,1817.5,5.3,1.4,9618,MA上昇配列
8194,ライフコーポレーション,小売業,8.7,★☆☆☆☆,0.0,0.0,2.0,0.0,6.7,0.0,0.0,0.0,見送り(地合い🔴),,0.0,7.6,2.0,2.5,2480,2584.0,5.5,1.3,597,-
4813,ＡＣＣＥＳＳ,情報・通信業,8.7,★☆☆☆☆,0.0,0.0,5.0,0.0,3.7,0.0,0.0,0.0,見送り(地合い🔴),,0.0,7.2,4.8,0.2,310,343.0,2.4,1.7,289,資金流入増
3635,コーエーテクモホールディングス,情報・通信業,8.7,★☆☆☆☆,0.0,0.0,2.0,0.0,6.7,0.0,0.0,0.0,見送り(地合い🔴),,0.0,9.6,3.6,2.7,1492,1609.5,7.1,1.3,2301,MA上昇配列
9305,ヤマタネ,卸売業,8.7,★☆☆☆☆,0.0,0.0,2.0,0.0,6.7,0.0,0.0,0.0,見送り(地合い🔴),,0.0,9.7,1.7,0.6,2039,2109.0,-0.6,0.9,131,MA上昇配列
2791,大黒天物産,小売業,8.7,★☆☆☆☆,0.0,0.0,2.0,0.0,6.7,0.0,0.0,0.0,見送り(地合い🔴),,0.0,9.9,3.9,0.8,4143,4495.0,1.0,1.9,291,MA上昇配列
2002,日清製粉グループ本社,食料品,8.7,★☆☆☆☆,0.0,0.0,3.0,0.0,5.7,0.0,0.0,0.0,見送り(地合い🔴),,0.0,8.2,2.5,-1.1,1913,2012.5,-1.8,1.8,1536,-
9142,九州旅客鉄道,陸運業,8.7,★☆☆☆☆,0.0,0.0,4.0,0.0,4.7,0.0,0.0,0.0,見送り(地合い🔴),,0.0,9.0,2.1,-0.3,3448,3596.0,-1.7,1.6,2408,-
6814,古野電気,電気機器,8.5,★☆☆☆☆,0.0,0.0,3.0,0.0,5.5,0.0,0.0,0.0,見送り(地合い🔴),,0.0,30.6,6.1,6.9,6341,7230.0,-2.6,0.7,4104,資金流入増 / MA上昇配列
6309,巴工業,機械,8.5,★☆☆☆☆,0.0,0.0,0.0,0.0,8.5,0.0,0.0,0.0,見送り(地合い🔴),,0.0,13.3,2.0,3.5,1858,1937.0,2.3,1.1,250,MA上昇配列 / パーフェクトオーダー
5834,ＳＢＩリーシングサービス,証券、商品先物取引業,8.5,★☆☆☆☆,0.0,0.0,2.0,0.0,6.5,0.0,0.0,0.0,見送り(地合い🔴),,0.0,12.2,3.1,3.9,2655,2830.0,2.3,1.1,230,MA上昇配列
7864,フジシールインターナショナル,その他製品,8.5,★☆☆☆☆,0.0,0.0,2.0,0.0,6.5,0.0,0.0,0.0,見送り(地合い🔴),,0.0,11.4,2.2,1.3,2893,3025.0,0.2,1.4,460,MA上昇配列
5821,平河ヒューテック,非鉄金属,8.4,★☆☆☆☆,4.9,0.0,2.0,0.0,1.5,0.0,0.0,0.0,見送り(地合い🔴),SK hynix,-2.0,-5.1,5.0,-3.3,2877,3195.0,4.1,1.9,197,SK hynix+10.8%連動(β0.18)
6027,弁護士ドットコム,サービス業,8.4,★☆☆☆☆,8.4,0.0,0.0,0.0,0.0,0.0,0.0,0.0,見送り(地合い🔴),NASDAQ,1.6,0.7,3.3,-0.8,2158,2312.0,5.1,0.6,151,NASDAQ+2.0%連動(β0.72) 未反応+1.6%
9708,帝国ホテル,サービス業,8.3,★☆☆☆☆,0.0,0.0,3.3,0.0,5.0,0.0,0.0,0.0,見送り(地合い🔴),,0.0,5.5,1.4,0.7,979,1008.0,1.4,2.7,142,出来高増2.7倍
5574,ＡＢＥＪＡ,情報・通信業,8.3,★☆☆☆☆,0.0,0.0,5.3,0.0,6.0,0.0,0.0,-3.0,見送り(地合い🔴),,0.0,35.1,6.1,17.4,2399,2732.0,19.5,1.4,447,買い出来高優勢 / 伸びすぎ注意(25MA+17%)
5445,東京鐵鋼,鉄鋼,8.2,★☆☆☆☆,0.0,0.0,3.0,0.0,5.2,0.0,0.0,0.0,見送り(地合い🔴),,0.0,11.2,1.5,0.8,1864,1922.0,-1.2,1.7,230,MA上昇配列
4258,網屋,情報・通信業,8.2,★☆☆☆☆,0.0,0.0,1.0,0.0,7.2,0.0,0.0,0.0,見送り(地合い🔴),,0.0,16.9,5.6,1.9,3846,4335.0,2.0,0.9,286,MA上昇配列 / パーフェクトオーダー
6118,アイダエンジニアリング,機械,8.2,★☆☆☆☆,0.0,0.0,1.0,0.0,7.2,0.0,0.0,0.0,見送り(地合い🔴),,0.0,8.8,3.5,0.3,1110,1194.0,0.5,0.9,230,MA上昇配列 / パーフェクトオーダー
2501,サッポロホールディングス,食料品,8.2,★☆☆☆☆,0.0,0.0,0.0,0.0,8.2,0.0,0.0,0.0,見送り(地合い🔴),,0.0,14.3,3.6,0.1,1868,2011.5,0.8,0.9,2963,MA上昇配列 / パーフェクトオーダー
166A,タスキホールディングス,不動産業,8.2,★☆☆☆☆,3.0,0.0,3.0,0.0,2.2,0.0,0.0,0.0,見送り(地合い🔴),SK hynix,-0.1,4.2,3.7,-0.0,1027,1109.0,3.9,1.6,736,SK hynix+10.8%連動(β0.11)
7610,テイツー,小売業,8.2,★☆☆☆☆,0.0,0.0,2.0,0.0,6.2,0.0,0.0,0.0,見送り(地合い🔴),,0.0,9.2,3.4,0.2,137,147.0,-0.7,0.6,182,MA上昇配列 / パーフェクトオーダー
8771,イー・ギャランティ,その他金融業,8.2,★☆☆☆☆,0.0,0.0,2.0,0.0,6.2,0.0,0.0,0.0,見送り(地合い🔴),,0.0,10.8,2.1,1.1,1764,1842.0,0.7,1.2,179,MA上昇配列 / パーフェクトオーダー
5981,東京製綱,金属製品,8.2,★☆☆☆☆,0.0,0.0,0.0,0.0,8.2,0.0,0.0,0.0,見送り(地合い🔴),,0.0,9.3,2.8,0.5,1848,1957.0,0.0,0.9,142,MA上昇配列 / パーフェクトオーダー
4812,電通総研,情報・通信業,8.2,★☆☆☆☆,0.0,0.0,2.0,0.0,6.2,0.0,0.0,0.0,見送り(地合い🔴),,0.0,20.0,1.6,4.0,2601,2687.0,1.1,0.7,2148,資金流入増 / MA上昇配列
9267,Ｇｅｎｋｙ　ＤｒｕｇＳｔｏｒｅｓ,小売業,8.2,★☆☆☆☆,0.0,0.0,4.0,0.0,4.2,0.0,0.0,0.0,見送り(地合い🔴),,0.0,17.7,4.0,1.1,3439,3735.0,-1.2,1.3,418,MA上昇配列
4174,アピリッツ,情報・通信業,8.2,★☆☆☆☆,0.0,0.0,2.0,0.0,6.2,0.0,0.0,0.0,見送り(地合い🔴),,0.0,17.9,7.7,0.9,612,724.0,-2.5,0.2,107,資金流入増 / MA上昇配列 / パーフェクトオーダー
7716,ナカニシ,精密機器,8.2,★☆☆☆☆,0.0,0.0,1.0,0.0,7.2,0.0,0.0,0.0,見送り(地合い🔴),,0.0,8.3,2.6,0.3,2876,3035.0,-0.8,1.1,620,MA上昇配列 / パーフェクトオーダー
2579,コカ・コーラ　ボトラーズジャパンホールディングス,食料品,8.1,★☆☆☆☆,0.0,0.0,4.7,0.0,1.0,0.0,2.4,0.0,見送り(地合い🔴),,0.0,-5.2,4.4,-10.9,3490,3828.0,-10.1,3.6,4091,出来高急増3.6倍 / 開示[自己株式取得](3日前)
3817,ＳＲＡホールディングス,情報・通信業,8.1,★☆☆☆☆,0.0,0.0,0.0,0.0,7.7,0.0,0.4,0.0,見送り(地合い🔴),,0.0,8.7,2.4,1.7,4426,4650.0,2.8,1.1,204,MA上昇配列 / 開示[自己株式の取得](12日前)
6952,カシオ計算機,電気機器,8.1,★☆☆☆☆,0.0,0.0,3.0,0.0,1.0,0.0,4.1,0.0,見送り(地合い🔴),,0.0,1.0,2.8,-3.6,1667,1764.5,2.6,1.8,1818,開示[業績予想の修正](2日前) / 開示[自己株式の取得](5日前)
9509,北海道電力,電気・ガス業,8.0,★☆☆☆☆,0.0,0.0,0.0,0.0,8.0,0.0,0.0,0.0,見送り(地合い🔴),,0.0,16.6,2.6,4.1,974,1026.0,1.8,1.0,2212,MA上昇配列
7595,アルゴグラフィックス,情報・通信業,8.0,★☆☆☆☆,0.0,0.0,1.0,0.0,7.0,0.0,0.0,0.0,見送り(地合い🔴),,0.0,16.0,1.9,5.8,1314,1366.0,5.6,0.9,306,-
9503,関西電力,電気・ガス業,8.0,★☆☆☆☆,0.0,0.0,1.0,0.0,7.0,0.0,0.0,0.0,見送り(地合い🔴),,0.0,12.9,2.1,4.7,2338,2440.5,3.1,1.4,7772,-
4165,プレイド,情報・通信業,8.0,★☆☆☆☆,0.0,0.0,0.0,0.0,8.0,0.0,0.0,0.0,見送り(地合い🔴),,0.0,17.5,4.4,5.1,527,578.0,6.6,0.8,230,MA上昇配列
1822,大豊建設,建設業,8.0,★☆☆☆☆,0.0,0.0,3.0,0.0,5.0,0.0,0.0,0.0,見送り(地合い🔴),,0.0,9.2,1.8,1.3,767,795.0,1.9,1.2,155,MA上昇配列
9946,ミニストップ,小売業,8.0,★☆☆☆☆,0.0,0.0,1.0,0.0,7.0,0.0,0.0,0.0,見送り(地合い🔴),,0.0,7.7,1.3,1.8,1824,1874.0,3.9,0.4,124,-
9887,松屋フーズホールディングス,小売業,8.0,★☆☆☆☆,0.0,0.0,2.0,0.0,6.0,0.0,0.0,0.0,見送り(地合い🔴),,0.0,11.1,2.6,1.7,4747,5010.0,2.2,1.1,302,-
9843,ニトリホールディングス,小売業,8.0,★☆☆☆☆,0.0,0.0,2.0,0.0,6.0,0.0,0.0,0.0,見送り(地合い🔴),,0.0,14.2,3.8,3.6,2344,2538.5,5.5,1.1,7672,-
4403,日油,化学,8.0,★☆☆☆☆,0.0,0.0,1.0,0.0,7.0,0.0,0.0,0.0,見送り(地合い🔴),,0.0,8.4,1.8,1.4,2686,2788.5,1.4,1.2,1705,-
4431,スマレジ,情報・通信業,8.0,★☆☆☆☆,0.0,0.0,0.0,0.0,8.0,0.0,0.0,0.0,見送り(地合い🔴),,0.0,16.1,4.0,8.2,2936,3190.0,10.0,1.0,331,MA上昇配列
5019,出光興産,石油・石炭製品,8.0,★☆☆☆☆,0.0,0.0,2.0,0.0,6.0,0.0,0.0,0.0,見送り(地合い🔴),,0.0,15.3,2.1,3.9,1256,1311.0,-1.7,1.1,4434,-
8278,フジ,小売業,8.0,★☆☆☆☆,0.0,0.0,2.0,0.0,6.0,0.0,0.0,0.0,見送り(地合い🔴),,0.0,8.8,2.1,1.6,1945,2029.0,2.7,1.4,222,-
3660,アイスタイル,情報・通信業,8.0,★☆☆☆☆,0.0,0.0,2.0,0.0,6.0,0.0,0.0,0.0,見送り(地合い🔴),,0.0,19.7,3.0,8.8,415,442.0,7.3,0.8,297,-
8014,蝶理,卸売業,8.0,★☆☆☆☆,0.0,0.0,3.3,0.0,4.7,0.0,0.0,0.0,見送り(地合い🔴),,0.0,6.1,2.0,-0.2,3751,3905.0,-0.6,2.4,125,出来高増2.4倍
4828,ビジネスエンジニアリング,情報・通信業,8.0,★☆☆☆☆,0.0,0.0,2.0,0.0,6.0,0.0,0.0,0.0,見送り(地合い🔴),,0.0,18.8,3.0,8.5,1149,1223.0,3.7,0.5,159,-
6588,東芝テック,電気機器,8.0,★☆☆☆☆,0.0,0.0,2.0,0.0,6.0,0.0,0.0,0.0,見送り(地合い🔴),,0.0,18.0,3.5,5.8,2941,3165.0,2.9,0.7,556,-
4784,ＧＭＯインターネット,サービス業,8.0,★☆☆☆☆,0.0,0.0,2.0,0.0,6.0,0.0,0.0,0.0,見送り(地合い🔴),,0.0,26.5,4.3,10.6,511,560.0,12.7,0.9,1038,-
7906,ヨネックス,その他製品,8.0,★☆☆☆☆,0.0,0.0,2.0,0.0,6.0,0.0,0.0,0.0,見送り(地合い🔴),,0.0,17.1,3.4,4.2,2428,2603.0,2.4,1.0,1210,-
2229,カルビー,食料品,8.0,★☆☆☆☆,0.0,0.0,3.3,0.0,4.7,0.0,0.0,0.0,見送り(地合い🔴),,0.0,3.7,2.8,-2.9,2740,2904.0,-1.2,2.7,1028,出来高増2.7倍
9552,クオンツ総研ホールディングス,サービス業,8.0,★☆☆☆☆,0.0,0.0,0.0,0.0,8.0,0.0,0.0,0.0,見送り(地合い🔴),,0.0,12.8,4.1,6.0,852,928.0,7.5,1.1,209,MA上昇配列
3038,神戸物産,卸売業,8.0,★☆☆☆☆,0.0,0.0,2.0,0.0,6.0,0.0,0.0,0.0,見送り(地合い🔴),,0.0,9.6,3.2,2.2,2572,2751.0,3.5,1.1,4260,-
3196,ホットランドホールディングス,小売業,8.0,★☆☆☆☆,0.0,0.0,2.0,0.0,6.0,0.0,0.0,0.0,見送り(地合い🔴),,0.0,12.0,1.8,2.4,1584,1644.0,1.3,0.7,212,-
8877,エスリード,不動産業,8.0,★☆☆☆☆,0.0,0.0,2.0,0.0,6.0,0.0,0.0,0.0,見送り(地合い🔴),,0.0,12.4,2.2,2.2,4979,5210.0,1.6,1.0,140,-
8273,イズミ,小売業,8.0,★☆☆☆☆,0.0,0.0,0.0,0.0,8.0,0.0,0.0,0.0,見送り(地合い🔴),,0.0,10.7,2.3,1.0,954,1001.0,0.2,1.1,453,MA上昇配列
3036,アルコニックス,卸売業,8.0,★☆☆☆☆,0.0,0.0,0.0,0.0,8.0,0.0,0.0,0.0,見送り(地合い🔴),,0.0,10.9,2.9,3.3,2451,2602.0,1.1,1.0,233,MA上昇配列
2695,くら寿司,小売業,8.0,★☆☆☆☆,0.0,0.0,2.0,0.0,6.0,0.0,0.0,0.0,見送り(地合い🔴),,0.0,9.8,2.0,3.1,1602,1670.0,5.3,0.6,455,-
4914,高砂香料工業,化学,8.0,★☆☆☆☆,0.0,0.0,0.0,0.0,8.0,0.0,0.0,0.0,見送り(地合い🔴),,0.0,12.7,1.9,3.2,1163,1210.0,2.2,0.8,175,MA上昇配列
3837,アドソル日進,情報・通信業,8.0,★☆☆☆☆,0.0,0.0,0.0,0.0,8.0,0.0,0.0,0.0,見送り(地合い🔴),,0.0,15.9,2.7,3.6,1433,1514.0,3.8,0.8,139,MA上昇配列
3865,北越コーポレーション,パルプ・紙,8.0,★☆☆☆☆,0.0,0.0,0.0,0.0,8.0,0.0,0.0,0.0,見送り(地合い🔴),,0.0,13.0,2.9,1.8,863,917.0,-0.9,1.1,206,MA上昇配列
3932,アカツキ,情報・通信業,8.0,★☆☆☆☆,0.0,0.0,1.0,0.0,7.0,0.0,0.0,0.0,見送り(地合い🔴),,0.0,9.4,2.1,3.8,2919,3050.0,5.0,1.2,178,-
1662,石油資源開発,鉱業,8.0,★☆☆☆☆,0.0,0.0,2.0,0.0,6.0,0.0,0.0,0.0,見送り(地合い🔴),,0.0,16.5,2.8,4.7,1668,1767.0,-1.5,1.0,2400,-
1605,ＩＮＰＥＸ,鉱業,8.0,★☆☆☆☆,0.0,0.0,2.0,0.0,6.0,0.0,0.0,0.0,見送り(地合い🔴),,0.0,19.6,2.6,5.2,3436,3627.0,-3.6,0.7,16139,-
4996,クミアイ化学工業,化学,8.0,★☆☆☆☆,0.0,0.0,2.0,0.0,6.0,0.0,0.0,0.0,見送り(地合い🔴),,0.0,9.7,1.4,1.0,714,734.0,0.3,1.1,251,-
2222,寿スピリッツ,食料品,8.0,★☆☆☆☆,0.0,0.0,1.0,0.0,7.0,0.0,0.0,0.0,見送り(地合い🔴),,0.0,8.4,2.9,0.2,2398,2543.0,4.5,1.0,1455,MA上昇配列 / パーフェクトオーダー
6196,ストライクグループ,サービス業,7.9,★☆☆☆☆,0.0,0.0,6.7,0.0,1.2,0.0,0.0,0.0,見送り(地合い🔴),,0.0,9.7,2.6,-0.6,1253,1322.0,-1.2,4.3,465,出来高急増4.3倍
3179,シュッピン,小売業,7.800000000000001,★☆☆☆☆,0.0,0.0,3.3,0.0,7.5,0.0,0.0,-3.0,見送り(地合い🔴),,0.0,35.3,3.9,17.5,1249,1355.0,9.3,0.9,178,買い出来高優勢 / MA上昇配列 / RSI過熱(91)⚠ / 伸びすぎ注意(25MA+18%)
6417,ＳＡＮＫＹＯ,機械,7.7,★☆☆☆☆,0.0,0.0,3.0,0.0,4.7,0.0,0.0,0.0,見送り(地合い🔴),,0.0,20.9,2.6,9.7,1757,1854.0,7.7,1.4,1642,-
2292,Ｓ　Ｆｏｏｄｓ,食料品,7.7,★☆☆☆☆,0.0,0.0,2.0,0.0,5.7,0.0,0.0,0.0,見送り(地合い🔴),,0.0,10.1,2.1,0.6,2634,2749.0,-0.3,1.0,498,-
8219,青山商事,小売業,7.7,★☆☆☆☆,0.0,0.0,2.0,0.0,5.7,0.0,0.0,0.0,見送り(地合い🔴),,0.0,15.2,1.7,4.6,725,750.0,3.2,1.3,448,-
8803,平和不動産,不動産業,7.7,★☆☆☆☆,0.0,0.0,2.0,0.0,5.7,0.0,0.0,0.0,見送り(地合い🔴),,0.0,5.3,1.3,-0.8,2292,2355.0,0.2,1.9,389,-
9716,乃村工藝社,サービス業,7.7,★☆☆☆☆,0.0,0.0,1.0,0.0,6.7,0.0,0.0,0.0,見送り(地合い🔴),,0.0,14.2,2.2,1.9,1121,1172.0,-1.3,0.9,464,MA上昇配列
2726,パルグループホールディングス,小売業,7.7,★☆☆☆☆,0.0,0.0,1.0,0.0,6.7,0.0,0.0,0.0,見送り(地合い🔴),,0.0,6.9,3.5,2.1,1390,1495.0,7.0,1.0,1586,MA上昇配列
7744,ノーリツ鋼機,精密機器,7.7,★☆☆☆☆,0.0,0.0,6.7,0.0,1.0,0.0,0.0,0.0,見送り(地合い🔴),,0.0,1.1,2.6,-2.6,1848,1948.0,-1.3,5.1,599,出来高急増5.1倍
3064,ＭｏｎｏｔａＲＯ,小売業,7.7,★☆☆☆☆,0.0,0.0,1.0,0.0,6.7,0.0,0.0,0.0,見送り(地合い🔴),,0.0,13.6,3.3,3.8,1870,2003.0,7.3,1.4,4569,MA上昇配列
9104,商船三井,海運業,7.7,★☆☆☆☆,0.0,0.0,2.0,0.0,5.7,0.0,0.0,0.0,見送り(地合い🔴),,0.0,21.5,2.2,6.7,5639,5894.0,0.9,1.1,13152,-
2269,明治ホールディングス,食料品,7.7,★☆☆☆☆,0.0,0.0,2.0,0.0,5.7,0.0,0.0,0.0,見送り(地合い🔴),,0.0,5.9,2.3,-0.5,3611,3789.0,1.2,1.6,3753,-
2282,日本ハム,食料品,7.7,★☆☆☆☆,0.0,0.0,2.0,0.0,5.7,0.0,0.0,0.0,見送り(地合い🔴),,0.0,9.1,2.4,0.4,5950,6250.0,-0.0,1.9,3113,-
6289,技研製作所,機械,7.7,★☆☆☆☆,0.0,0.0,1.0,0.0,6.7,0.0,0.0,0.0,見送り(地合い🔴),,0.0,14.9,2.5,3.6,1806,1900.0,2.7,0.8,151,MA上昇配列
4432,ウイングアーク１ｓｔ,情報・通信業,7.699999999999999,★☆☆☆☆,0.0,0.0,4.0,0.0,6.7,0.0,0.0,-3.0,見送り(地合い🔴),,0.0,36.1,3.6,17.6,2958,3190.0,12.7,0.9,1040,資金流入増 / MA上昇配列 / 伸びすぎ注意(25MA+18%)
4424,Ａｍａｚｉａ,情報・通信業,7.699999999999999,★☆☆☆☆,0.0,0.0,4.0,0.0,6.7,0.0,0.0,-3.0,見送り(地合い🔴),,0.0,60.4,19.1,18.7,234,379.0,0.0,1.1,798,資金流入増 / MA上昇配列 / 伸びすぎ注意(25MA+19%)
7888,三光合成,化学,7.699999999999999,★☆☆☆☆,0.0,0.0,2.0,0.0,8.7,0.0,0.0,-3.0,見送り(地合い🔴),,0.0,34.4,3.9,15.1,897,973.0,6.5,1.0,200,資金流入増 / MA上昇配列 / 伸びすぎ注意(25MA+15%)
5216,倉元製作所,ガラス・土石製品,7.5,★☆☆☆☆,0.0,0.0,3.3,0.0,4.2,0.0,0.0,0.0,見送り(地合い🔴),,0.0,5.1,6.7,0.7,137,158.0,1.9,0.2,127,買い出来高優勢 / MA上昇配列
4477,ＢＡＳＥ,情報・通信業,7.5,★☆☆☆☆,0.0,0.0,2.0,0.0,5.5,0.0,0.0,0.0,見送り(地合い🔴),,0.0,14.1,3.1,3.6,286,305.0,3.4,0.7,270,MA上昇配列
9348,ｉｓｐａｃｅ,サービス業,7.5,★☆☆☆☆,0.0,6.0,0.0,0.0,1.5,0.0,0.0,0.0,見送り(地合い🔴),,0.0,-1.8,3.2,-6.0,379,405.0,-1.9,0.5,827,宇宙(-3.3%)
2153,Ｅ・Ｊホールディングス,サービス業,7.5,★☆☆☆☆,0.0,0.0,0.0,0.0,7.5,0.0,0.0,0.0,見送り(地合い🔴),,0.0,12.5,2.2,2.3,1667,1745.0,0.3,0.6,118,MA上昇配列
9474,ゼンリン,情報・通信業,7.5,★☆☆☆☆,0.0,0.0,3.3,0.0,4.2,0.0,0.0,0.0,見送り(地合い🔴),,0.0,8.8,1.8,0.2,874,907.0,-0.1,2.2,201,出来高増2.2倍 / MA上昇配列
8511,日本証券金融,その他金融業,7.5,★☆☆☆☆,0.0,0.0,4.3,0.0,3.2,0.0,0.0,0.0,見送り(地合い🔴),,0.0,8.8,2.2,-0.1,2281,2388.0,-2.6,2.6,607,出来高増2.6倍
3245,ディア・ライフ,不動産業,7.5,★☆☆☆☆,0.0,0.0,2.0,0.0,5.5,0.0,0.0,0.0,見送り(地合い🔴),,0.0,11.7,1.7,2.0,1055,1091.0,1.4,1.2,259,MA上昇配列
1950,日本電設工業,建設業,7.4,★☆☆☆☆,0.0,0.0,3.3,0.0,1.5,0.0,2.6,0.0,見送り(地合い🔴),,0.0,-0.7,3.5,-3.0,3756,4040.0,-0.9,2.9,477,出来高増2.9倍 / 開示[自己株式の取得](2日前)
1514,住石ホールディングス,鉱業,7.300000000000001,★☆☆☆☆,0.0,0.0,0.0,0.0,4.7,0.0,2.6,0.0,見送り(地合い🔴),,0.0,12.4,3.7,1.8,535,577.0,-2.7,0.7,176,開示[自己株式取得](2日前)
4547,キッセイ薬品工業,医薬品,7.300000000000001,★☆☆☆☆,0.0,0.0,3.0,0.0,2.2,0.0,2.1,0.0,見送り(地合い🔴),,0.0,6.1,2.4,-1.8,3892,4085.0,-3.4,1.3,308,開示[業績予想の修正](2日前)
3402,東レ,繊維製品,7.2,★☆☆☆☆,0.0,0.0,0.0,0.0,7.2,0.0,0.0,0.0,見送り(地合い🔴),,0.0,8.6,2.3,0.2,1104,1158.0,0.3,1.1,4837,MA上昇配列 / パーフェクトオーダー
6238,フリュー,機械,7.2,★☆☆☆☆,0.0,0.0,0.0,0.0,7.2,0.0,0.0,0.0,見送り(地合い🔴),,0.0,6.6,2.4,0.5,1319,1387.0,2.2,0.8,121,MA上昇配列 / パーフェクトオーダー
8244,近鉄百貨店,小売業,7.2,★☆☆☆☆,0.0,0.0,3.0,0.0,4.2,0.0,0.0,0.0,見送り(地合い🔴),,0.0,10.5,2.6,0.1,1752,1850.0,2.3,0.7,103,MA上昇配列
2053,中部飼料,食料品,7.2,★☆☆☆☆,0.0,0.0,4.0,0.0,3.2,0.0,0.0,0.0,見送り(地合い🔴),,0.0,7.8,2.0,-1.1,1817,1891.0,-3.2,2.0,110,-
2874,横浜冷凍,卸売業,7.2,★☆☆☆☆,0.0,0.0,1.0,0.0,6.2,0.0,0.0,0.0,見送り(地合い🔴),,0.0,11.5,4.8,0.5,1928,2134.0,-0.8,0.9,453,MA上昇配列 / パーフェクトオーダー
276A,ククレブ・アドバイザーズ,不動産業,7.2,★☆☆☆☆,0.0,0.0,3.0,0.0,4.2,0.0,0.0,0.0,見送り(地合い🔴),,0.0,12.3,6.4,0.9,3029,3475.0,-4.3,0.4,215,MA上昇配列
8897,ＭＩＲＡＲＴＨホールディングス,不動産業,7.2,★☆☆☆☆,0.0,0.0,1.0,0.0,6.2,0.0,0.0,0.0,見送り(地合い🔴),,0.0,7.6,1.5,0.1,399,411.0,0.2,0.9,165,MA上昇配列 / パーフェクトオーダー
8359,八十二長野銀行,銀行業,7.2,★☆☆☆☆,0.0,0.0,4.0,0.0,3.2,0.0,0.0,0.0,見送り(地合い🔴),,0.0,8.0,3.4,-1.4,2337,2508.0,-6.2,1.6,3601,-
6736,サン電子,電気機器,7.2,★☆☆☆☆,0.0,0.0,1.0,0.0,6.2,0.0,0.0,0.0,見送り(地合い🔴),,0.0,7.2,5.8,3.0,8626,9760.0,5.4,0.6,336,MA上昇配列 / パーフェクトオーダー
6744,能美防災,電気機器,7.0,★☆☆☆☆,0.0,0.0,0.0,0.0,7.0,0.0,0.0,0.0,見送り(地合い🔴),,0.0,12.9,2.6,3.7,4221,4450.0,2.2,1.2,341,-
3656,ＫＬａｂ,情報・通信業,7.0,★☆☆☆☆,0.0,0.0,2.0,0.0,5.0,0.0,0.0,0.0,見送り(地合い🔴),,0.0,20.5,4.7,6.5,205,226.0,0.9,0.6,1272,-
4507,塩野義製薬,医薬品,7.0,★☆☆☆☆,0.0,0.0,1.0,0.0,6.0,0.0,0.0,0.0,見送り(地合い🔴),,0.0,10.9,2.6,1.5,2759,2908.5,1.9,1.2,7408,-
1871,ピーエス・コンストラクション,建設業,7.0,★☆☆☆☆,0.0,0.0,1.0,0.0,6.0,0.0,0.0,0.0,見送り(地合い🔴),,0.0,7.9,3.3,2.9,2130,2281.0,1.2,1.0,180,-
1899,福田組,建設業,7.0,★☆☆☆☆,0.0,0.0,0.0,0.0,7.0,0.0,0.0,0.0,見送り(地合い🔴),,0.0,12.5,2.8,2.5,3651,3870.0,-0.8,0.9,222,-
219A,Ｈｅａｒｔｓｅｅｄ,医薬品,7.0,★☆☆☆☆,0.0,0.0,1.0,0.0,6.0,0.0,0.0,0.0,見送り(地合い🔴),,0.0,12.8,5.2,3.5,1509,1683.0,0.8,0.9,335,-
5240,ｍｏｎｏＡＩ　ｔｅｃｈｎｏｌｏｇｙ,情報・通信業,7.0,★☆☆☆☆,0.0,0.0,4.0,0.0,8.0,0.0,0.0,-5.0,見送り(地合い🔴),,0.0,76.2,18.7,24.6,134,214.0,0.5,0.2,675,資金流入増 / MA上昇配列 / 過熱⚠25MA+25%
5036,日本ビジネスシステムズ,情報・通信業,7.0,★☆☆☆☆,0.0,0.0,0.0,0.0,7.0,0.0,0.0,0.0,見送り(地合い🔴),,0.0,11.8,2.7,3.7,1512,1600.0,4.5,0.9,113,-
3431,宮地エンジニアリンググループ,金属製品,7.0,★☆☆☆☆,0.0,0.0,1.0,0.0,6.0,0.0,0.0,0.0,見送り(地合い🔴),,0.0,9.8,1.6,2.2,1536,1585.0,2.5,0.9,120,-
5817,ＪＭＡＣＳ,非鉄金属,7.0,★☆☆☆☆,0.0,0.0,2.0,0.0,5.0,0.0,0.0,0.0,見送り(地合い🔴),,0.0,14.4,7.9,2.7,779,925.0,1.2,0.6,158,-
1852,淺沼組,建設業,7.0,★☆☆☆☆,0.0,0.0,1.0,0.0,6.0,0.0,0.0,0.0,見送り(地合い🔴),,0.0,7.3,1.9,1.4,838,871.0,1.0,1.2,426,-
2733,あらた,卸売業,7.0,★☆☆☆☆,0.0,0.0,1.0,0.0,6.0,0.0,0.0,0.0,見送り(地合い🔴),,0.0,10.5,1.8,1.9,2520,2611.0,1.4,1.2,229,-
6016,ジャパンエンジンコーポレーション,輸送用機器,7.0,★☆☆☆☆,0.0,0.0,1.0,0.0,6.0,0.0,0.0,0.0,見送り(地合い🔴),,0.0,26.4,6.5,8.7,8124,9340.0,-0.2,1.1,1278,-
9075,福山通運,陸運業,7.0,★☆☆☆☆,0.0,0.0,0.0,0.0,7.0,0.0,0.0,0.0,見送り(地合い🔴),,0.0,12.2,3.4,1.7,5567,5970.0,-2.3,0.8,707,-
3608,ＴＳＩホールディングス,繊維製品,7.0,★☆☆☆☆,0.0,0.0,1.0,0.0,6.0,0.0,0.0,0.0,見送り(地合い🔴),,0.0,12.4,2.2,1.2,1176,1230.0,-0.1,1.1,327,-
287A,黒田グループ,卸売業,7.0,★☆☆☆☆,0.0,0.0,0.0,0.0,7.0,0.0,0.0,0.0,見送り(地合い🔴),,0.0,10.6,2.5,0.2,1036,1091.0,-0.6,1.0,547,MA上昇配列 / パーフェクトオーダー
6088,シグマクシス・ホールディングス,サービス業,7.0,★☆☆☆☆,0.0,0.0,1.0,0.0,6.0,0.0,0.0,0.0,見送り(地合い🔴),,0.0,13.5,2.7,4.2,565,597.0,5.5,1.4,222,-
9987,スズケン,卸売業,7.0,★☆☆☆☆,0.0,0.0,1.0,0.0,6.0,0.0,0.0,0.0,見送り(地合い🔴),,0.0,9.8,2.4,0.2,4849,5091.0,-1.6,0.9,989,-
9974,ベルク,小売業,7.0,★☆☆☆☆,0.0,0.0,0.0,0.0,7.0,0.0,0.0,0.0,見送り(地合い🔴),,0.0,8.2,2.5,1.9,6324,6660.0,3.7,1.1,226,-
3673,ブロードリーフ,情報・通信業,7.0,★☆☆☆☆,0.0,0.0,0.0,0.0,7.0,0.0,0.0,0.0,見送り(地合い🔴),,0.0,12.6,3.3,3.5,411,440.0,5.0,0.8,326,-
9531,東京瓦斯,電気・ガス業,7.0,★☆☆☆☆,0.0,0.0,1.0,0.0,6.0,0.0,0.0,0.0,見送り(地合い🔴),,0.0,9.9,2.0,1.6,5966,6219.0,-0.1,1.2,6483,-
9672,東京都競馬,サービス業,7.0,★☆☆☆☆,0.0,0.0,0.0,0.0,7.0,0.0,0.0,0.0,見送り(地合い🔴),,0.0,11.4,1.7,2.9,4855,5030.0,3.6,0.7,486,-
1929,日特建設,建設業,7.0,★☆☆☆☆,0.0,0.0,1.0,0.0,6.0,0.0,0.0,0.0,見送り(地合い🔴),,0.0,9.2,1.9,1.5,1100,1143.0,0.5,1.2,118,-
9790,福井コンピュータホールディングス,情報・通信業,7.0,★☆☆☆☆,0.0,0.0,1.0,0.0,6.0,0.0,0.0,0.0,見送り(地合い🔴),,0.0,10.4,1.9,2.4,3104,3225.0,4.0,1.5,118,-
9722,藤田観光,サービス業,7.0,★☆☆☆☆,0.0,0.0,1.0,0.0,6.0,0.0,0.0,0.0,見送り(地合い🔴),,0.0,10.0,2.8,4.3,1904,2016.0,4.5,1.4,388,-
1911,住友林業,建設業,7.0,★☆☆☆☆,0.0,0.0,2.0,0.0,5.0,0.0,0.0,0.0,見送り(地合い🔴),,0.0,6.5,2.3,-0.4,1285,1347.5,2.2,1.6,4584,-
2897,日清食品ホールディングス,食料品,7.0,★☆☆☆☆,0.0,0.0,2.0,0.0,5.0,0.0,0.0,0.0,見送り(地合い🔴),,0.0,7.7,2.8,-0.2,2727,2885.5,-0.3,1.7,3526,-
3150,グリムス,電気・ガス業,7.0,★☆☆☆☆,0.0,0.0,0.0,0.0,7.0,0.0,0.0,0.0,見送り(地合い🔴),,0.0,12.2,2.1,1.5,2466,2574.0,-0.2,0.6,128,-
9302,三井倉庫ホールディングス,倉庫・運輸関連業,7.0,★☆☆☆☆,0.0,0.0,1.0,0.0,6.0,0.0,0.0,0.0,見送り(地合い🔴),,0.0,8.2,2.4,1.2,3436,3607.0,-1.0,1.0,676,-
8801,三井不動産,不動産業,7.0,★☆☆☆☆,0.0,0.0,1.0,0.0,6.0,0.0,0.0,0.0,見送り(地合い🔴),,0.0,9.5,2.2,0.9,1490,1560.0,0.6,1.3,12913,-
3231,野村不動産ホールディングス,不動産業,6.9,★☆☆☆☆,0.0,0.0,4.7,0.0,2.2,0.0,0.0,0.0,見送り(地合い🔴),,0.0,4.7,2.2,-3.0,880,920.0,-2.8,4.1,3277,出来高急増4.1倍
8074,ＹＵＡＳＡ,卸売業,6.7,★☆☆☆☆,0.0,0.0,1.0,0.0,5.7,0.0,0.0,0.0,見送り(地合い🔴),,0.0,15.8,1.8,5.6,5599,5810.0,2.8,0.9,172,-
4825,ウェザーニューズ,情報・通信業,6.7,★☆☆☆☆,0.0,0.0,0.0,0.0,6.0,0.0,0.7,0.0,見送り(地合い🔴),,0.0,5.9,2.0,0.9,1935,2015.0,4.9,1.0,462,開示[買収](10日前)
2001,ニップン,食料品,6.7,★☆☆☆☆,0.0,0.0,1.0,0.0,5.7,0.0,0.0,0.0,見送り(地合い🔴),,0.0,7.1,2.1,-0.5,2692,2809.0,-0.8,1.0,723,-
9989,サンドラッグ,小売業,6.7,★☆☆☆☆,0.0,0.0,3.0,0.0,3.7,0.0,0.0,0.0,見送り(地合い🔴),,0.0,6.1,2.0,-1.4,3632,3780.0,0.1,1.4,1782,-
1333,Ｕｍｉｏｓ,水産・農林業,6.7,★☆☆☆☆,0.0,0.0,2.0,0.0,4.7,0.0,0.0,0.0,見送り(地合い🔴),,0.0,6.5,1.8,-0.8,1264,1311.0,-0.8,1.2,651,-
4985,アース製薬,化学,6.7,★☆☆☆☆,0.0,0.0,0.0,0.0,6.7,0.0,0.0,0.0,見送り(地合い🔴),,0.0,6.1,1.8,0.0,4556,4730.0,2.4,1.0,319,MA上昇配列
1332,ニッスイ,水産・農林業,6.7,★☆☆☆☆,0.0,0.0,2.0,0.0,4.7,0.0,0.0,0.0,見送り(地合い🔴),,0.0,5.0,2.7,-1.4,1195,1262.0,-0.4,1.5,1944,-
9418,Ｕ－ＮＥＸＴ　ＨＯＬＤＩＮＧＳ,情報・通信業,6.7,★☆☆☆☆,0.0,0.0,0.0,0.0,6.7,0.0,0.0,0.0,見送り(地合い🔴),,0.0,7.9,2.7,0.8,1619,1711.0,3.6,0.9,1063,MA上昇配列
7198,ＳＢＩアルヒ,その他金融業,6.7,★☆☆☆☆,0.0,0.0,2.0,0.0,4.7,0.0,0.0,0.0,見送り(地合い🔴),,0.0,9.4,1.6,1.7,790,815.0,2.8,1.8,112,-
6923,スタンレー電気,電気機器,6.7,★☆☆☆☆,0.0,0.0,2.0,0.0,4.7,0.0,0.0,0.0,見送り(地合い🔴),,0.0,3.0,2.6,-1.2,3311,3491.0,1.7,1.6,2273,-
3349,コスモス薬品,小売業,6.7,★☆☆☆☆,0.0,0.0,3.0,0.0,3.7,0.0,0.0,0.0,見送り(地合い🔴),,0.0,6.6,4.5,-0.5,5814,6383.0,2.4,1.0,3228,-
4540,ツムラ,医薬品,6.7,★☆☆☆☆,0.0,0.0,3.0,0.0,3.7,0.0,0.0,0.0,見送り(地合い🔴),,0.0,8.8,2.2,-0.2,3648,3817.0,0.5,1.6,1399,-
3662,エイチームホールディングス,情報・通信業,6.7,★☆☆☆☆,0.0,0.0,6.7,0.0,0.0,0.0,0.0,0.0,見送り(地合い🔴),,0.0,-3.1,1.7,-8.7,880,910.0,-7.7,3.3,156,出来高急増3.3倍 / 資金流入増
3222,ユナイテッド・スーパーマーケット・ホールディングス,小売業,6.7,★☆☆☆☆,0.0,0.0,2.0,0.0,4.7,0.0,0.0,0.0,見送り(地合い🔴),,0.0,9.4,2.0,0.6,789,822.0,1.4,1.1,329,-
2379,ディップ,サービス業,6.7,★☆☆☆☆,0.0,0.0,0.0,0.0,6.7,0.0,0.0,0.0,見送り(地合い🔴),,0.0,8.5,2.4,1.6,1770,1860.0,4.6,1.2,657,MA上昇配列
2587,サントリービバレッジ＆フード,食料品,6.7,★☆☆☆☆,0.0,0.0,2.0,0.0,4.7,0.0,0.0,0.0,見送り(地合い🔴),,0.0,7.9,2.5,-0.7,4369,4600.0,-0.6,2.0,5195,-
3252,地主,不動産業,6.7,★☆☆☆☆,0.0,0.0,1.0,0.0,5.7,0.0,0.0,0.0,見送り(地合い🔴),,0.0,8.4,1.9,0.5,2813,2922.0,0.5,1.4,291,-
3558,ジェイドグループ,小売業,6.7,★☆☆☆☆,0.0,0.0,2.0,0.0,4.7,0.0,0.0,0.0,見送り(地合い🔴),,0.0,11.7,3.2,2.4,1541,1648.0,1.2,0.6,173,-
6277,ホソカワミクロン,機械,6.7,★☆☆☆☆,0.0,0.0,3.0,0.0,3.7,0.0,0.0,0.0,見送り(地合い🔴),,0.0,9.1,2.7,2.0,4761,5030.0,2.7,1.6,158,-
6183,ベルシステム２４ホールディングス,サービス業,6.7,★☆☆☆☆,0.0,0.0,2.0,0.0,4.7,0.0,0.0,0.0,見送り(地合い🔴),,0.0,4.7,1.8,-0.5,1316,1365.0,-0.1,1.2,394,-
8032,日本紙パルプ商事,卸売業,6.5,★☆☆☆☆,0.0,0.0,1.0,0.0,5.5,0.0,0.0,0.0,見送り(地合い🔴),,0.0,9.4,2.2,0.8,1067,1117.0,1.0,1.2,199,-
2982,ＡＤワークスグループ,不動産業,6.5,★☆☆☆☆,0.0,0.0,0.0,0.0,6.5,0.0,0.0,0.0,見送り(地合い🔴),,0.0,9.1,2.4,0.9,390,410.0,0.5,1.0,121,MA上昇配列
4204,積水化学工業,化学,6.5,★☆☆☆☆,0.0,0.0,0.0,0.0,6.5,0.0,0.0,0.0,見送り(地合い🔴),,0.0,8.6,1.8,0.5,2570,2665.0,0.4,1.1,4769,MA上昇配列
2602,日清オイリオグループ,食料品,6.5,★☆☆☆☆,0.0,0.0,2.0,0.0,4.5,0.0,0.0,0.0,見送り(地合い🔴),,0.0,9.3,2.2,-0.2,1823,1906.0,-2.3,1.1,500,-
4475,ＨＥＮＮＧＥ,情報・通信業,6.5,★☆☆☆☆,0.0,0.0,1.0,0.0,5.5,0.0,0.0,0.0,見送り(地合い🔴),,0.0,12.5,4.2,4.1,1194,1302.0,4.1,0.8,467,MA上昇配列
4023,クレハ,化学,6.5,★☆☆☆☆,0.0,0.0,0.0,0.0,6.5,0.0,0.0,0.0,見送り(地合い🔴),,0.0,14.1,2.2,3.6,4101,4290.0,0.4,0.9,1080,MA上昇配列
3106,倉敷紡績,繊維製品,6.5,★☆☆☆☆,0.0,0.0,4.3,0.0,2.2,0.0,0.0,0.0,見送り(地合い🔴),,0.0,2.1,4.5,-1.6,9017,9900.0,-0.9,2.2,469,出来高増2.2倍
150A,ＪＳＨ,サービス業,6.5,★☆☆☆☆,0.0,0.0,4.0,0.0,2.5,0.0,0.0,0.0,見送り(地合い🔴),,0.0,25.7,16.7,-2.9,283,425.0,-23.6,0.8,389,資金流入増
7138,ＴＯＲＩＣＯ,小売業,6.5,★☆☆☆☆,0.0,0.0,5.3,0.0,1.2,0.0,0.0,0.0,見送り(地合い🔴),,0.0,3.2,14.8,-7.6,87,124.0,-3.9,0.3,243,買い出来高優勢 / 資金流入増
4206,アイカ工業,化学,6.5,★☆☆☆☆,0.0,0.0,3.3,0.0,3.2,0.0,0.0,0.0,見送り(地合い🔴),,0.0,5.5,1.6,-0.4,3571,3687.0,1.5,2.4,926,出来高増2.4倍
3544,サツドラホールディングス,小売業,6.5,★☆☆☆☆,0.0,0.0,2.0,0.0,4.5,0.0,0.0,0.0,見送り(地合い🔴),,0.0,5.5,0.5,-0.3,1233,1246.0,-1.0,0.3,272,資金流入増
368A,北里コーポレーション,精密機器,6.5,★☆☆☆☆,0.0,0.0,1.0,0.0,5.5,0.0,0.0,0.0,見送り(地合い🔴),,0.0,7.5,2.1,1.4,1319,1377.0,1.5,0.9,136,MA上昇配列
7388,ＦＰパートナー,保険業,6.3,★☆☆☆☆,0.0,0.0,3.3,0.0,3.0,0.0,0.0,0.0,見送り(地合い🔴),,0.0,7.7,2.4,0.7,2095,2201.0,3.0,1.1,105,買い出来高優勢 / MA上昇配列
1803,清水建設,建設業,6.3,★☆☆☆☆,0.0,0.0,2.0,0.0,0.0,0.0,4.3,0.0,見送り(地合い🔴),,0.0,-1.2,4.4,-4.9,2168,2379.5,-3.2,1.9,8689,開示[業績予想の修正](3日前) / 開示[自己株式取得](3日前)
7245,大同メタル工業,輸送用機器,6.3,★☆☆☆☆,5.1,0.0,0.0,0.0,1.2,0.0,0.0,0.0,見送り(地合い🔴),SK hynix,-0.1,-17.5,4.9,-6.3,1231,1365.0,5.1,0.8,1073,SK hynix+10.8%連動(β0.19)
2121,ＭＩＸＩ,情報・通信業,6.2,★☆☆☆☆,0.0,0.0,2.0,0.0,4.2,0.0,0.0,0.0,見送り(地合い🔴),,0.0,9.6,2.3,0.7,2763,2896.0,2.4,0.9,896,MA上昇配列
9024,西武ホールディングス,陸運業,6.2,★☆☆☆☆,0.0,0.0,2.0,0.0,4.2,0.0,0.0,0.0,見送り(地合い🔴),,0.0,15.0,3.7,1.9,3296,3562.0,0.1,1.7,6437,MA上昇配列
5992,中央発條,金属製品,6.2,★☆☆☆☆,0.0,0.0,4.0,0.0,2.2,0.0,0.0,0.0,見送り(地合い🔴),,0.0,1.5,3.9,-2.0,3399,3685.0,-1.7,1.6,268,資金流入増
9201,日本航空,空運業,6.2,★☆☆☆☆,0.0,0.0,0.0,0.0,6.2,0.0,0.0,0.0,見送り(地合い🔴),,0.0,4.1,2.2,0.1,2815,2943.0,5.6,0.9,8797,MA上昇配列
2471,エスプール,サービス業,6.2,★☆☆☆☆,0.0,0.0,2.0,0.0,4.2,0.0,0.0,0.0,見送り(地合い🔴),,0.0,9.4,2.8,1.3,256,271.0,1.5,1.3,136,MA上昇配列
4418,ＪＤＳＣ,情報・通信業,6.2,★☆☆☆☆,0.0,0.0,2.0,0.0,4.2,0.0,0.0,0.0,見送り(地合い🔴),,0.0,18.0,8.2,2.8,673,805.0,1.6,0.8,319,資金流入増 / MA上昇配列
9076,セイノーホールディングス,陸運業,6.2,★☆☆☆☆,0.0,0.0,3.0,0.0,3.2,0.0,0.0,0.0,見送り(地合い🔴),,0.0,5.8,1.8,-1.6,2539,2634.0,-2.6,1.6,949,-
3302,帝国繊維,繊維製品,6.2,★☆☆☆☆,0.0,0.0,0.0,0.0,6.2,0.0,0.0,0.0,見送り(地合い🔴),,0.0,8.4,2.5,1.6,3246,3420.0,3.6,1.0,183,MA上昇配列
7979,松風,精密機器,6.2,★☆☆☆☆,0.0,0.0,0.0,0.0,6.2,0.0,0.0,0.0,見送り(地合い🔴),,0.0,11.3,2.7,0.0,1996,2109.0,1.0,0.9,194,MA上昇配列 / パーフェクトオーダー
8131,ミツウロコグループホールディングス,卸売業,6.2,★☆☆☆☆,0.0,0.0,1.0,0.0,5.2,0.0,0.0,0.0,見送り(地合い🔴),,0.0,12.9,2.8,2.0,1998,2116.0,2.5,0.8,107,MA上昇配列
4575,キャンバス,医薬品,6.2,★☆☆☆☆,0.0,0.0,2.0,0.0,4.2,0.0,0.0,0.0,見送り(地合い🔴),,0.0,31.3,7.1,6.5,633,737.0,3.2,0.7,271,資金流入増 / MA上昇配列
3449,テクノフレックス,金属製品,6.1,★☆☆☆☆,6.1,0.0,0.0,0.0,0.0,0.0,0.0,0.0,見送り(地合い🔴),SK hynix,-0.5,-34.7,11.9,-23.6,3701,4860.0,-1.3,0.5,1503,SK hynix+10.8%連動(β0.22)
6269,三井海洋開発,機械,6.0,★☆☆☆☆,0.0,0.0,0.0,0.0,6.0,0.0,0.0,0.0,見送り(地合い🔴),,0.0,20.4,3.9,4.6,9514,10325.0,-1.7,0.7,5572,-
9543,静岡ガス,電気・ガス業,6.0,★☆☆☆☆,0.0,0.0,0.0,0.0,6.0,0.0,0.0,0.0,見送り(地合い🔴),,0.0,9.9,1.7,1.1,1218,1261.0,0.3,1.2,189,-
8058,三菱商事,卸売業,6.0,★☆☆☆☆,0.0,0.0,0.0,0.0,6.0,0.0,0.0,0.0,見送り(地合い🔴),,0.0,15.3,2.8,4.3,4510,4776.0,-2.9,1.2,36774,-
7003,三井Ｅ＆Ｓ,機械,6.0,★☆☆☆☆,0.0,0.0,0.0,0.0,6.0,0.0,0.0,0.0,見送り(地合い🔴),,0.0,18.2,5.2,6.3,4359,4868.0,-0.2,1.0,11336,-
1870,矢作建設工業,建設業,6.0,★☆☆☆☆,0.0,0.0,0.0,0.0,6.0,0.0,0.0,0.0,見送り(地合い🔴),,0.0,10.6,1.5,1.6,1850,1908.0,-0.6,1.0,247,-
7203,トヨタ自動車,輸送用機器,6.0,★☆☆☆☆,0.0,0.0,0.0,0.0,6.0,0.0,0.0,0.0,見送り(地合い🔴),,0.0,16.2,2.6,5.8,2907,3067.0,5.9,1.2,97565,-
9416,ビジョン,情報・通信業,6.0,★☆☆☆☆,0.0,0.0,0.0,0.0,6.0,0.0,0.0,0.0,見送り(地合い🔴),,0.0,11.4,1.8,2.9,995,1033.0,4.6,0.9,335,-
3765,ガンホー・オンライン・エンターテイメント,情報・通信業,6.0,★☆☆☆☆,0.0,0.0,0.0,0.0,6.0,0.0,0.0,0.0,見送り(地合い🔴),,0.0,9.6,2.5,3.0,2301,2422.0,3.9,1.0,611,-
2326,デジタルアーツ,情報・通信業,6.0,★☆☆☆☆,0.0,0.0,0.0,0.0,6.0,0.0,0.0,0.0,見送り(地合い🔴),,0.0,14.6,2.7,3.2,3849,4065.0,3.3,0.8,668,-
247A,Ａｉロボティクス,化学,6.0,★☆☆☆☆,0.0,0.0,0.0,0.0,6.0,0.0,0.0,0.0,見送り(地合い🔴),,0.0,13.6,3.6,7.4,799,862.0,5.9,1.2,677,-
7965,象印マホービン,電気機器,6.0,★☆☆☆☆,0.0,0.0,0.0,0.0,6.0,0.0,0.0,0.0,見送り(地合い🔴),,0.0,11.7,1.7,2.4,1390,1440.0,2.7,0.9,288,-
1833,奥村組,建設業,6.0,★☆☆☆☆,0.0,0.0,0.0,0.0,6.0,0.0,0.0,0.0,見送り(地合い🔴),,0.0,8.7,1.9,1.5,5569,5790.0,0.7,0.9,596,-
141A,トライアルホールディングス,小売業,6.0,★☆☆☆☆,0.0,0.0,0.0,0.0,6.0,0.0,0.0,0.0,見送り(地合い🔴),,0.0,10.8,2.6,3.3,2968,3130.0,4.7,0.7,1573,-
7018,内海造船,輸送用機器,6.0,★☆☆☆☆,0.0,0.0,0.0,0.0,6.0,0.0,0.0,0.0,見送り(地合い🔴),,0.0,13.2,6.8,5.2,9190,10630.0,-1.8,0.7,262,-
8585,オリエントコーポレーション,その他金融業,6.0,★☆☆☆☆,0.0,0.0,0.0,0.0,6.0,0.0,0.0,0.0,見送り(地合い🔴),,0.0,9.8,2.0,1.5,868,903.0,0.0,1.0,459,-
6706,電気興業,電気機器,6.0,★☆☆☆☆,0.0,0.0,0.0,0.0,6.0,0.0,0.0,0.0,見送り(地合い🔴),,0.0,7.7,3.0,2.4,2903,3085.0,4.3,0.8,110,-
5032,ＡＮＹＣＯＬＯＲ,情報・通信業,6.0,★☆☆☆☆,0.0,0.0,0.0,0.0,6.0,0.0,0.0,0.0,見送り(地合い🔴),,0.0,16.4,3.5,7.1,2433,2618.0,5.9,1.1,1487,-
6222,島精機製作所,機械,5.7,★☆☆☆☆,0.0,0.0,1.0,0.0,4.7,0.0,0.0,0.0,見送り(地合い🔴),,0.0,11.8,2.8,4.4,877,929.0,7.3,1.4,235,-
2801,キッコーマン,食料品,5.7,★☆☆☆☆,0.0,0.0,1.0,0.0,4.7,0.0,0.0,0.0,見送り(地合い🔴),,0.0,6.5,3.1,-0.0,1544,1647.5,2.1,1.2,5876,-
9956,バローホールディングス,小売業,5.7,★☆☆☆☆,0.0,0.0,2.0,0.0,3.7,0.0,0.0,0.0,見送り(地合い🔴),,0.0,1.3,3.1,-3.6,3065,3265.0,1.4,0.4,2534,資金流入増
1719,安藤・間,建設業,5.7,★☆☆☆☆,0.0,0.0,0.0,0.0,5.7,0.0,0.0,0.0,見送り(地合い🔴),,0.0,7.6,1.6,0.6,1766,1824.5,0.1,1.1,1208,-
4559,ゼリア新薬工業,医薬品,5.7,★☆☆☆☆,0.0,0.0,0.0,0.0,5.7,0.0,0.0,0.0,見送り(地合い🔴),,0.0,8.8,2.1,0.6,2004,2090.0,0.4,1.0,184,-
2593,伊藤園,食料品,5.7,★☆☆☆☆,0.0,0.0,2.0,0.0,3.7,0.0,0.0,0.0,見送り(地合い🔴),,0.0,8.3,3.0,-0.8,2806,2984.0,-0.5,1.2,1163,-
4516,日本新薬,医薬品,5.7,★☆☆☆☆,0.0,0.0,5.7,0.0,0.0,0.0,0.0,0.0,見送り(地合い🔴),,0.0,-10.4,3.8,-14.4,3141,3400.0,-16.4,4.2,1857,出来高急増4.2倍
4595,ミズホメディー,医薬品,5.7,★☆☆☆☆,0.0,0.0,0.0,0.0,5.7,0.0,0.0,0.0,見送り(地合い🔴),,0.0,7.8,1.1,0.7,1641,1677.0,1.2,0.8,113,-
4044,セントラル硝子,化学,5.7,★☆☆☆☆,0.0,0.0,4.7,0.0,1.0,0.0,0.0,0.0,見送り(地合い🔴),,0.0,-3.2,2.8,-5.8,3754,3980.0,-3.5,4.3,311,出来高急増4.3倍
8157,都築電気,情報・通信業,5.7,★☆☆☆☆,0.0,0.0,4.7,0.0,1.0,0.0,0.0,0.0,見送り(地合い🔴),,0.0,3.9,3.8,-4.4,3527,3820.0,-4.4,5.1,179,出来高急増5.1倍
9404,日本テレビホールディングス,情報・通信業,5.7,★☆☆☆☆,0.0,0.0,1.0,0.0,4.7,0.0,0.0,0.0,見送り(地合い🔴),,0.0,8.0,2.6,1.1,2764,2916.0,2.3,1.2,1381,-
2168,パソナグループ,サービス業,5.7,★☆☆☆☆,0.0,0.0,1.0,0.0,4.7,0.0,0.0,0.0,見送り(地合い🔴),,0.0,11.3,2.6,0.9,1471,1551.0,-0.3,0.8,319,-
6632,ＪＶＣケンウッド,電気機器,5.7,★☆☆☆☆,0.0,0.0,1.0,0.0,4.7,0.0,0.0,0.0,見送り(地合い🔴),,0.0,7.6,2.2,0.6,1083,1134.0,0.8,0.9,808,-
3350,メタプラネット,卸売業,5.7,★☆☆☆☆,0.0,0.0,2.0,0.0,3.7,0.0,0.0,0.0,見送り(地合い🔴),,0.0,24.7,7.0,8.4,211,245.0,9.9,1.4,4923,-
9023,東京地下鉄,陸運業,5.7,★☆☆☆☆,0.0,0.0,1.0,0.0,4.7,0.0,0.0,0.0,見送り(地合い🔴),,0.0,6.8,2.3,0.2,1392,1457.5,1.6,1.3,3292,-
6929,日本セラミック,電気機器,5.7,★☆☆☆☆,0.0,0.0,1.0,0.0,4.7,0.0,0.0,0.0,見送り(地合い🔴),,0.0,6.4,2.2,0.2,3567,3735.0,0.9,1.2,423,-
197A,タウンズ,医薬品,5.7,★☆☆☆☆,0.0,0.0,1.0,0.0,4.7,0.0,0.0,0.0,見送り(地合い🔴),,0.0,8.1,1.6,0.2,458,473.0,-0.2,0.8,150,-
6809,ＴＯＡ,電気機器,5.7,★☆☆☆☆,0.0,0.0,0.0,0.0,5.7,0.0,0.0,0.0,見送り(地合い🔴),,0.0,10.3,1.7,1.4,1572,1628.0,1.0,0.8,126,-
5947,リンナイ,金属製品,5.7,★☆☆☆☆,0.0,0.0,1.0,0.0,4.7,0.0,0.0,0.0,見送り(地合い🔴),,0.0,6.6,2.0,-0.9,3436,3580.0,0.6,1.4,1148,-
5482,愛知製鋼,鉄鋼,5.7,★☆☆☆☆,0.0,0.0,4.7,0.0,1.0,0.0,0.0,0.0,見送り(地合い🔴),,0.0,3.4,2.9,-3.6,2787,2956.0,-3.7,3.2,518,出来高急増3.2倍
5851,リョービ,非鉄金属,5.7,★☆☆☆☆,0.0,0.0,1.0,0.0,4.7,0.0,0.0,0.0,見送り(地合い🔴),,0.0,6.6,1.9,0.8,2458,2556.0,2.6,1.4,315,-
2742,ハローズ,小売業,5.7,★☆☆☆☆,0.0,0.0,1.0,0.0,4.7,0.0,0.0,0.0,見送り(地合い🔴),,0.0,7.8,2.6,1.2,3627,3825.0,3.5,1.2,102,-
9517,イーレックス,電気・ガス業,5.5,★☆☆☆☆,0.0,0.0,2.0,0.0,3.5,0.0,0.0,0.0,見送り(地合い🔴),,0.0,18.0,3.9,3.3,779,845.0,-3.0,0.5,233,-
2395,新日本科学,サービス業,5.5,★☆☆☆☆,0.0,0.0,3.3,0.0,2.2,0.0,0.0,0.0,見送り(地合い🔴),,0.0,15.0,2.8,2.2,1207,1277.0,0.1,0.9,289,買い出来高優勢
1948,弘電社,建設業,5.5,★☆☆☆☆,0.0,0.0,2.0,0.0,3.5,0.0,0.0,0.0,見送り(地合い🔴),,0.0,5.6,0.2,-0.2,11364,11400.0,0.0,1.8,164,52週高値目前
9009,京成電鉄,陸運業,5.5,★☆☆☆☆,0.0,0.0,0.0,0.0,5.5,0.0,0.0,0.0,見送り(地合い🔴),,0.0,14.9,2.6,3.4,1213,1279.5,2.7,1.0,2386,MA上昇配列
1377,サカタのタネ,水産・農林業,5.5,★☆☆☆☆,0.0,0.0,3.3,0.0,2.2,0.0,0.0,0.0,見送り(地合い🔴),,0.0,9.7,2.6,-0.2,4089,4315.0,-2.0,0.8,662,買い出来高優勢
4307,野村総合研究所,情報・通信業,5.3,★☆☆☆☆,0.0,0.0,5.3,0.0,0.0,0.0,0.0,0.0,見送り(地合い🔴),,0.0,3.3,5.1,-5.9,4209,4686.0,-5.0,2.6,14918,出来高増2.6倍
3407,旭化成,化学,5.3,★☆☆☆☆,0.0,0.0,3.3,0.0,2.0,0.0,0.0,0.0,見送り(地合い🔴),,0.0,2.9,3.2,-6.2,1613,1722.5,-6.7,2.8,9071,出来高増2.8倍
8508,Ｊトラスト,その他金融業,5.2,★☆☆☆☆,0.0,0.0,2.0,0.0,3.2,0.0,0.0,0.0,見送り(地合い🔴),,0.0,8.0,4.5,-0.6,744,817.0,-1.9,1.7,699,-
3968,セグエグループ,情報・通信業,5.2,★☆☆☆☆,0.0,0.0,1.0,0.0,4.2,0.0,0.0,0.0,見送り(地合い🔴),,0.0,9.3,2.8,0.8,560,593.0,1.9,0.5,147,MA上昇配列
4025,多木化学,化学,5.2,★☆☆☆☆,0.0,0.0,3.0,0.0,2.2,0.0,0.0,0.0,見送り(地合い🔴),,0.0,9.3,4.4,2.0,4528,4965.0,-1.1,1.3,152,-
1814,大末建設,建設業,5.2,★☆☆☆☆,0.0,0.0,1.0,0.0,4.2,0.0,0.0,0.0,見送り(地合い🔴),,0.0,11.8,2.9,0.3,3289,3490.0,-3.3,1.0,279,MA上昇配列
5901,東洋製罐グループホールディングス,金属製品,5.2,★☆☆☆☆,0.0,0.0,2.0,0.0,3.2,0.0,0.0,0.0,見送り(地合い🔴),,0.0,6.3,2.2,-0.5,3896,4072.0,-0.6,1.7,885,-
7476,アズワン,卸売業,5.2,★☆☆☆☆,0.0,0.0,4.0,0.0,1.2,0.0,0.0,0.0,見送り(地合い🔴),,0.0,9.5,2.6,-0.3,2281,2405.0,-1.6,1.5,424,-
3299,ムゲンエステート,不動産業,5.2,★☆☆☆☆,0.0,0.0,1.0,0.0,4.2,0.0,0.0,0.0,見送り(地合い🔴),,0.0,17.2,2.3,1.6,1854,1942.0,-1.1,0.8,284,MA上昇配列
4381,ビープラッツ,情報・通信業,5.2,★☆☆☆☆,0.0,0.0,4.0,0.0,1.2,0.0,0.0,0.0,見送り(地合い🔴),,0.0,69.0,34.5,-13.1,88,283.0,-22.7,0.6,217,資金流入増
3916,デジタル・インフォメーション・テクノロジー,情報・通信業,5.2,★☆☆☆☆,0.0,0.0,1.0,0.0,4.2,0.0,0.0,0.0,見送り(地合い🔴),,0.0,17.8,2.9,3.2,892,947.0,2.7,0.7,132,MA上昇配列
6005,三浦工業,機械,5.2,★☆☆☆☆,0.0,0.0,3.0,0.0,2.2,0.0,0.0,0.0,見送り(地合い🔴),,0.0,8.2,2.1,0.8,3084,3217.0,0.6,1.7,1226,-
278A,Ｔｅｒｒａ　Ｄｒｏｎｅ,精密機器,5.2,★☆☆☆☆,0.0,0.0,4.0,0.0,1.2,0.0,0.0,0.0,見送り(地合い🔴),,0.0,36.3,17.0,-1.8,6949,10540.0,-16.9,0.7,21628,資金流入増
8358,スルガ銀行,銀行業,5.2,★☆☆☆☆,0.0,0.0,2.0,0.0,3.2,0.0,0.0,0.0,見送り(地合い🔴),,0.0,10.4,3.6,-0.0,2420,2605.0,-5.1,1.0,2282,-
5857,ＡＲＥホールディングス,非鉄金属,5.0,★☆☆☆☆,0.0,0.0,0.0,0.0,5.0,0.0,0.0,0.0,見送り(地合い🔴),,0.0,10.9,3.4,2.7,2883,3095.0,0.5,1.0,1912,-
4676,フジ・メディア・ホールディングス,情報・通信業,5.0,★☆☆☆☆,0.0,0.0,4.0,0.0,1.0,0.0,0.0,0.0,見送り(地合い🔴),,0.0,6.0,2.8,-2.0,3761,3981.0,-1.8,1.6,2139,-
5243,ｎｏｔｅ,情報・通信業,5.0,★☆☆☆☆,0.0,0.0,4.0,0.0,1.0,0.0,0.0,0.0,見送り(地合い🔴),,0.0,11.5,6.6,3.3,1846,2129.0,5.1,0.5,1454,資金流入増
4658,日本空調サービス,サービス業,5.0,★☆☆☆☆,0.0,0.0,3.0,0.0,2.0,0.0,0.0,0.0,見送り(地合い🔴),,0.0,6.0,2.1,-1.3,1524,1592.0,-0.6,1.6,126,-
3903,ｇｕｍｉ,情報・通信業,5.0,★☆☆☆☆,0.0,0.0,0.0,0.0,5.0,0.0,0.0,0.0,見送り(地合い🔴),,0.0,12.2,3.3,4.9,236,253.0,4.5,1.2,127,-
4894,クオリプス,医薬品,4.800000000000001,★☆☆☆☆,0.0,0.0,0.0,0.0,2.2,0.0,2.6,0.0,見送り(地合い🔴),,0.0,8.6,7.4,0.5,3824,4485.0,7.0,0.8,697,開示[上方修正](5日前)
4886,あすか製薬ホールディングス,医薬品,4.8,★☆☆☆☆,0.0,0.0,3.3,0.0,1.5,0.0,0.0,0.0,見送り(地合い🔴),,0.0,-2.2,2.3,-4.9,2053,2151.0,-3.5,2.2,138,出来高増2.2倍
9041,近鉄グループホールディングス,陸運業,4.7,★☆☆☆☆,0.0,0.0,1.0,0.0,3.7,0.0,0.0,0.0,見送り(地合い🔴),,0.0,9.1,2.2,-0.0,3313,3464.0,-0.4,1.4,1775,-
9119,飯野海運,海運業,4.7,★☆☆☆☆,0.0,0.0,0.0,0.0,4.7,0.0,0.0,0.0,見送り(地合い🔴),,0.0,12.2,2.1,0.8,1421,1485.0,-0.9,1.0,285,-
3482,ロードスターキャピタル,不動産業,4.7,★☆☆☆☆,0.0,0.0,1.0,0.0,3.7,0.0,0.0,0.0,見送り(地合い🔴),,0.0,9.5,2.3,0.7,2581,2707.0,-1.5,0.8,386,-
1419,タマホーム,建設業,4.7,★☆☆☆☆,0.0,0.0,0.0,0.0,4.7,0.0,0.0,0.0,見送り(地合い🔴),,0.0,10.6,2.6,1.8,2880,3040.0,1.4,0.6,439,-
3668,コロプラ,情報・通信業,4.7,★☆☆☆☆,0.0,0.0,0.0,0.0,4.7,0.0,0.0,0.0,見送り(地合い🔴),,0.0,6.4,2.5,1.6,373,392.0,3.7,0.7,182,-
2811,カゴメ,食料品,4.7,★☆☆☆☆,0.0,0.0,4.7,0.0,0.0,0.0,0.0,0.0,見送り(地合い🔴),,0.0,4.6,2.5,-3.4,2479,2610.0,-3.2,3.8,799,出来高急増3.8倍
8227,しまむら,小売業,4.7,★☆☆☆☆,0.0,0.0,1.0,0.0,3.7,0.0,0.0,0.0,見送り(地合い🔴),,0.0,7.6,2.5,-0.5,3183,3350.0,1.5,0.8,2456,-
7606,ユナイテッドアローズ,小売業,4.7,★☆☆☆☆,0.0,0.0,0.0,0.0,4.7,0.0,0.0,0.0,見送り(地合い🔴),,0.0,8.1,1.8,-0.4,2338,2427.0,1.1,1.0,416,-
4549,栄研化学,医薬品,4.7,★☆☆☆☆,0.0,0.0,4.7,0.0,0.0,0.0,0.0,0.0,見送り(地合い🔴),,0.0,-11.7,4.8,-15.2,1945,2151.0,-16.6,6.0,553,出来高急増6.0倍
7747,朝日インテック,精密機器,4.7,★☆☆☆☆,0.0,0.0,0.0,0.0,4.7,0.0,0.0,0.0,見送り(地合い🔴),,0.0,1.4,3.0,-0.7,3381,3593.0,6.3,1.0,3717,-
5929,三和ホールディングス,金属製品,4.7,★☆☆☆☆,0.0,0.0,4.7,0.0,0.0,0.0,0.0,0.0,見送り(地合い🔴),,0.0,-3.1,3.3,-8.9,3218,3442.0,-9.1,4.2,2313,出来高急増4.2倍
5938,ＬＩＸＩＬ,金属製品,4.7,★☆☆☆☆,0.0,0.0,4.7,0.0,0.0,0.0,0.0,0.0,見送り(地合い🔴),,0.0,1.1,2.9,-6.3,1636,1735.0,-4.3,3.2,4119,出来高急増3.2倍
7512,イオン北海道,小売業,4.7,★☆☆☆☆,0.0,0.0,1.0,0.0,3.7,0.0,0.0,0.0,見送り(地合い🔴),,0.0,7.2,1.9,-0.2,813,846.0,0.6,1.2,135,-
9424,日本通信,情報・通信業,4.7,★☆☆☆☆,0.0,0.0,0.0,0.0,4.7,0.0,0.0,0.0,見送り(地合い🔴),,0.0,11.9,3.1,1.8,107,114.0,3.6,0.9,157,-
5842,インテグラル,証券、商品先物取引業,4.7,★☆☆☆☆,0.0,0.0,1.0,0.0,3.7,0.0,0.0,0.0,見送り(地合い🔴),,0.0,9.6,3.7,2.9,2716,2931.0,7.6,0.5,250,-
1934,ユアテック,建設業,4.7,★☆☆☆☆,0.0,0.0,2.0,0.0,2.7,0.0,0.0,0.0,見送り(地合い🔴),,0.0,4.8,3.0,-0.2,2248,2392.0,2.4,1.3,339,-
6104,芝浦機械,機械,4.7,★☆☆☆☆,0.0,0.0,4.7,0.0,0.0,0.0,0.0,0.0,見送り(地合い🔴),,0.0,-3.9,5.5,-10.4,3670,4125.0,-13.8,4.9,790,出来高急増4.9倍
7412,アトム,小売業,4.7,★☆☆☆☆,0.0,0.0,1.0,0.0,3.7,0.0,0.0,0.0,見送り(地合い🔴),,0.0,12.8,3.2,0.6,357,381.0,4.7,0.7,246,-
3480,ジェイ・エス・ビー,不動産業,4.7,★☆☆☆☆,0.0,0.0,0.0,0.0,4.7,0.0,0.0,0.0,見送り(地合い🔴),,0.0,6.1,1.0,-0.4,8781,8960.0,-0.2,1.1,544,52週高値目前
7545,西松屋チェーン,小売業,4.7,★☆☆☆☆,0.0,0.0,1.0,0.0,3.7,0.0,0.0,0.0,見送り(地合い🔴),,0.0,7.1,2.3,-0.2,1900,1991.0,2.0,1.1,653,-
8267,イオン,小売業,4.7,★☆☆☆☆,0.0,0.0,1.0,0.0,3.7,0.0,0.0,0.0,見送り(地合い🔴),,0.0,7.1,3.7,-1.5,1263,1364.0,1.9,1.3,15159,-
5541,大平洋金属,鉄鋼,4.7,★☆☆☆☆,0.0,0.0,0.0,0.0,4.7,0.0,0.0,0.0,見送り(地合い🔴),,0.0,14.5,2.9,7.9,2325,2469.0,6.2,1.2,464,-
4967,小林製薬,化学,4.7,★☆☆☆☆,0.0,0.0,0.0,0.0,4.7,0.0,0.0,0.0,見送り(地合い🔴),,0.0,7.9,2.1,0.3,5352,5588.0,2.7,1.1,1236,-
4588,オンコリスバイオファーマ,医薬品,4.7,★☆☆☆☆,0.0,0.0,1.0,0.0,3.7,0.0,0.0,0.0,見送り(地合い🔴),,0.0,4.3,6.0,2.6,2348,2665.0,7.9,1.3,1318,-
7071,アンビスホールディングス,サービス業,4.7,★☆☆☆☆,0.0,0.0,0.0,0.0,4.7,0.0,0.0,0.0,見送り(地合い🔴),,0.0,14.9,3.9,4.5,352,382.0,6.1,1.0,116,-
1820,西松建設,建設業,4.7,★☆☆☆☆,0.0,0.0,2.0,0.0,2.7,0.0,0.0,0.0,見送り(地合い🔴),,0.0,7.5,1.8,-0.3,5118,5313.0,-1.2,1.0,622,-
5242,アイズ,情報・通信業,4.699999999999999,★☆☆☆☆,0.0,0.0,3.0,0.0,6.7,0.0,0.0,-5.0,見送り(地合い🔴),,0.0,197.9,13.0,75.4,1765,2382.0,7.8,0.2,172,資金流入増 / MA上昇配列 / 過熱⚠25MA+75%
8715,アニコム　ホールディングス,保険業,4.6,★☆☆☆☆,0.0,0.0,0.0,0.0,2.7,0.0,1.9,0.0,見送り(地合い🔴),,0.0,3.1,2.8,-1.5,1136,1203.0,0.9,1.1,329,開示[自己株式の取得](5日前)
7373,アイドマ・ホールディングス,サービス業,4.6,★☆☆☆☆,0.0,0.0,2.0,0.0,0.0,0.0,2.6,0.0,見送り(地合い🔴),,0.0,-14.3,4.5,-13.3,861,946.0,-4.8,1.3,168,開示[自己株式の取得](2日前)
2533,オエノンホールディングス,食料品,4.6,★☆☆☆☆,0.0,0.0,2.0,0.0,0.0,0.0,2.6,0.0,見送り(地合い🔴),,0.0,6.0,3.0,-1.6,461,490.0,-1.2,1.3,114,開示[自己株式の取得](2日前)
4528,小野薬品工業,医薬品,4.5,★☆☆☆☆,0.0,0.0,3.3,0.0,1.2,0.0,0.0,0.0,見送り(地合い🔴),,0.0,5.6,2.9,-1.4,2248,2384.0,-2.1,2.3,3748,出来高増2.3倍
4552,ＪＣＲファーマ,医薬品,4.5,★☆☆☆☆,0.0,0.0,3.3,0.0,1.2,0.0,0.0,0.0,見送り(地合い🔴),,0.0,11.6,4.0,-2.0,441,479.0,-7.4,2.8,324,出来高増2.8倍
1951,エクシオグループ,建設業,4.5,★☆☆☆☆,0.0,0.0,2.0,0.0,2.5,0.0,0.0,0.0,見送り(地合い🔴),,0.0,2.3,2.4,-1.9,2494,2618.0,-0.8,1.5,1584,-
9837,モリト,卸売業,4.5,★☆☆☆☆,0.0,0.0,0.0,0.0,4.5,0.0,0.0,0.0,見送り(地合い🔴),,0.0,7.4,2.3,0.6,1721,1803.0,0.6,0.7,133,-
1417,ミライト・ワン,建設業,4.4,★☆☆☆☆,0.0,0.0,1.0,0.0,1.0,0.0,2.4,0.0,見送り(地合い🔴),,0.0,-2.0,2.3,-4.6,3386,3552.0,-2.4,1.2,878,開示[自己株式の取得](3日前)
5592,くすりの窓口,情報・通信業,4.3,★☆☆☆☆,0.0,0.0,0.0,0.0,3.7,0.0,0.6,0.0,見送り(地合い🔴),,0.0,11.5,2.8,1.4,2240,2373.0,4.0,0.6,165,開示[子会社化](10日前)
4272,日本化薬,化学,4.3,★☆☆☆☆,0.0,0.0,3.3,0.0,1.0,0.0,0.0,0.0,見送り(地合い🔴),,0.0,2.0,1.9,-3.0,1848,1922.0,-3.0,2.2,1149,出来高増2.2倍
9782,ディーエムエス,サービス業,4.3,★☆☆☆☆,0.0,0.0,3.3,0.0,1.0,0.0,0.0,0.0,見送り(地合い🔴),,0.0,6.9,2.2,-0.9,3268,3420.0,-1.2,2.5,101,出来高増2.5倍
8871,ゴールドクレスト,不動産業,4.3,★☆☆☆☆,0.0,0.0,3.3,0.0,1.0,0.0,0.0,0.0,見送り(地合い🔴),,0.0,5.3,2.0,-2.6,3112,3245.0,-2.6,2.3,151,出来高増2.3倍
7818,トランザクション,その他製品,4.3,★☆☆☆☆,0.0,0.0,3.3,0.0,1.0,0.0,0.0,0.0,見送り(地合い🔴),,0.0,-7.4,4.3,-9.5,1098,1200.0,-1.4,2.2,190,出来高増2.2倍
1959,クラフティア,建設業,4.3,★☆☆☆☆,0.0,0.0,3.3,0.0,1.0,0.0,0.0,0.0,見送り(地合い🔴),,0.0,-0.7,4.4,-5.0,7751,8491.0,-4.3,2.8,2096,出来高増2.8倍
4071,プラスアルファ・コンサルティング,情報・通信業,4.2,★☆☆☆☆,4.2,0.0,0.0,0.0,0.0,0.0,0.0,0.0,見送り(地合い🔴),NASDAQ,0.3,-9.2,5.5,-11.5,2036,2288.0,3.1,0.7,713,NASDAQ+2.0%連動(β0.63)
4452,花王,化学,4.2,★☆☆☆☆,0.0,0.0,1.0,0.0,3.2,0.0,0.0,0.0,見送り(地合い🔴),,0.0,6.4,2.1,-0.3,3128,3268.0,1.4,1.3,9910,-
4665,ダスキン,サービス業,4.2,★☆☆☆☆,0.0,0.0,1.0,0.0,3.2,0.0,0.0,0.0,見送り(地合い🔴),,0.0,7.9,2.1,-0.5,4263,4447.0,-0.4,1.3,411,-
4666,パーク２４,不動産業,4.2,★☆☆☆☆,0.0,0.0,2.0,0.0,2.2,0.0,0.0,0.0,見送り(地合い🔴),,0.0,5.1,2.6,-1.6,1871,1975.0,1.3,1.7,1583,-
2613,Ｊ－オイルミルズ,食料品,4.2,★☆☆☆☆,0.0,0.0,1.0,0.0,3.2,0.0,0.0,0.0,見送り(地合い🔴),,0.0,7.4,1.6,-0.2,2021,2086.0,0.9,1.2,117,-
3612,ワールド,繊維製品,4.2,★☆☆☆☆,0.0,0.0,1.0,0.0,3.2,0.0,0.0,0.0,見送り(地合い🔴),,0.0,7.6,1.7,-0.5,1550,1605.0,1.1,1.3,430,-
3401,帝人,繊維製品,4.2,★☆☆☆☆,0.0,0.0,1.0,0.0,3.2,0.0,0.0,0.0,見送り(地合い🔴),,0.0,6.2,2.6,-2.8,1553,1637.0,-3.5,1.3,1295,-
8572,アコム,その他金融業,4.2,★☆☆☆☆,0.0,0.0,1.0,0.0,3.2,0.0,0.0,0.0,見送り(地合い🔴),,0.0,9.5,1.8,-0.6,460,476.70001220703125,-1.8,1.4,661,-
2353,日本駐車場開発,不動産業,4.2,★☆☆☆☆,0.0,0.0,2.0,0.0,2.2,0.0,0.0,0.0,見送り(地合い🔴),,0.0,7.8,2.3,-1.3,235,246.0,-1.3,1.1,860,資金流入増
9470,学研ホールディングス,情報・通信業,4.2,★☆☆☆☆,0.0,0.0,2.0,0.0,2.2,0.0,0.0,0.0,見送り(地合い🔴),,0.0,6.7,1.6,-0.0,985,1017.0,0.6,1.9,103,-
3193,エターナルホスピタリティグループ,小売業,4.2,★☆☆☆☆,0.0,0.0,3.0,0.0,1.2,0.0,0.0,0.0,見送り(地合い🔴),,0.0,5.3,2.5,-1.7,1310,1378.0,-4.3,1.7,296,-
9757,船井総研ホールディングス,サービス業,4.2,★☆☆☆☆,0.0,0.0,3.0,0.0,1.2,0.0,0.0,0.0,見送り(地合い🔴),,0.0,8.0,2.0,-0.2,1060,1105.0,-1.1,1.9,467,-
6960,フクダ電子,電気機器,4.2,★☆☆☆☆,0.0,0.0,1.0,0.0,3.2,0.0,0.0,0.0,見送り(地合い🔴),,0.0,7.1,3.3,-0.5,10584,11330.0,-1.0,1.4,453,-
5202,日本板硝子,ガラス・土石製品,4.2,★☆☆☆☆,0.0,0.0,0.0,0.0,4.2,0.0,0.0,0.0,見送り(地合い🔴),,0.0,6.8,0.3,0.0,479,482.0,-0.4,0.6,354,MA上昇配列
5027,ＡｎｙＭｉｎｄ　Ｇｒｏｕｐ,情報・通信業,4.2,★☆☆☆☆,0.0,0.0,0.0,0.0,4.2,0.0,0.0,0.0,見送り(地合い🔴),,0.0,13.3,5.1,5.2,500,557.0,6.5,0.8,107,MA上昇配列
2201,森永製菓,食料品,4.2,★☆☆☆☆,0.0,0.0,1.0,0.0,3.2,0.0,0.0,0.0,見送り(地合い🔴),,0.0,5.4,2.1,-1.3,2528,2641.0,-0.3,1.3,791,-
7186,横浜フィナンシャルグループ,銀行業,4.2,★☆☆☆☆,0.0,0.0,1.0,0.0,3.2,0.0,0.0,0.0,見送り(地合い🔴),,0.0,9.7,3.4,-1.3,1713,1839.0,-5.8,1.3,7047,-
8103,明和産業,卸売業,4.2,★☆☆☆☆,0.0,0.0,2.0,0.0,2.2,0.0,0.0,0.0,見送り(地合い🔴),,0.0,7.3,1.9,-0.2,868,902.0,-0.2,1.7,170,-
3003,ヒューリック,不動産業,4.2,★☆☆☆☆,0.0,0.0,2.0,0.0,2.2,0.0,0.0,0.0,見送り(地合い🔴),,0.0,9.0,2.7,-0.7,1662,1758.5,-0.6,1.6,4998,-
547A,ムニノバホールディングス,その他金融業,4.2,★☆☆☆☆,0.0,0.0,0.0,0.0,4.2,0.0,0.0,0.0,見送り(地合い🔴),,0.0,7.5,2.3,0.5,427,448.0,-0.4,0.7,675,MA上昇配列
2810,ハウス食品グループ本社,食料品,4.2,★☆☆☆☆,0.0,0.0,1.0,0.0,3.2,0.0,0.0,0.0,見送り(地合い🔴),,0.0,8.3,2.0,-0.1,3718,3873.0,-1.2,1.1,964,-
3692,ＦＦＲＩセキュリティ,情報・通信業,4.2,★☆☆☆☆,0.0,0.0,2.0,0.0,2.2,0.0,0.0,0.0,見送り(地合い🔴),,0.0,6.0,4.8,1.9,4687,5190.0,3.8,1.5,527,-
2664,カワチ薬品,小売業,4.0,★☆☆☆☆,0.0,0.0,2.0,0.0,2.0,0.0,0.0,0.0,見送り(地合い🔴),,0.0,5.9,2.1,-2.2,3188,3325.0,-0.3,1.9,154,-
9401,ＴＢＳホールディングス,情報・通信業,4.0,★☆☆☆☆,0.0,0.0,2.0,0.0,2.0,0.0,0.0,0.0,見送り(地合い🔴),,0.0,0.4,2.2,-4.2,5766,6034.0,-1.1,1.6,1967,-
3421,稲葉製作所,金属製品,4.0,★☆☆☆☆,0.0,0.0,3.0,0.0,1.0,0.0,0.0,0.0,見送り(地合い🔴),,0.0,3.6,1.4,-2.2,1654,1703.0,-1.8,1.6,112,-
543A,ＡＲＣＨＩＯＮ,輸送用機器,4.0,★☆☆☆☆,0.0,0.0,4.0,0.0,0.0,0.0,0.0,0.0,見送り(地合い🔴),,0.0,-4.0,5.8,-9.4,236,267.0,-4.6,1.5,6283,資金流入増
3139,ラクト・ジャパン,卸売業,4.0,★☆☆☆☆,0.0,0.0,3.0,0.0,1.0,0.0,0.0,0.0,見送り(地合い🔴),,0.0,8.6,1.8,-1.3,3260,3380.0,-1.7,1.8,111,-
4446,Ｌｉｎｋ－Ｕグループ,情報・通信業,4.0,★☆☆☆☆,0.0,0.0,1.0,0.0,3.0,0.0,0.0,0.0,見送り(地合い🔴),,0.0,4.0,4.6,0.0,747,823.0,2.4,0.1,320,MA上昇配列
5659,日本精線,鉄鋼,4.0,★☆☆☆☆,0.0,0.0,3.0,0.0,1.0,0.0,0.0,0.0,見送り(地合い🔴),,0.0,-2.2,4.4,-6.4,1221,1340.0,-7.7,1.9,146,-
8059,第一実業,卸売業,4.0,★☆☆☆☆,0.0,0.0,3.0,0.0,1.0,0.0,0.0,0.0,見送り(地合い🔴),,0.0,9.3,3.4,-3.3,2973,3190.0,-7.9,2.0,319,-
8381,山陰合同銀行,銀行業,4.0,★☆☆☆☆,0.0,0.0,2.0,0.0,2.0,0.0,0.0,0.0,見送り(地合い🔴),,0.0,4.9,3.6,-3.1,2167,2336.0,-7.0,1.7,1034,-
7238,曙ブレーキ工業,輸送用機器,3.7,★☆☆☆☆,0.0,0.0,0.0,0.0,3.7,0.0,0.0,0.0,見送り(地合い🔴),,0.0,6.4,3.2,1.0,103,110.0,1.9,1.0,190,-
8061,西華産業,卸売業,3.7,★☆☆☆☆,0.0,0.0,1.0,0.0,2.7,0.0,0.0,0.0,見送り(地合い🔴),,0.0,0.1,4.0,-1.7,2419,2630.0,-1.8,1.4,553,-
5702,大紀アルミニウム工業所,非鉄金属,3.7,★☆☆☆☆,0.0,0.0,1.0,0.0,2.7,0.0,0.0,0.0,見送り(地合い🔴),,0.0,6.1,3.1,-0.2,1390,1481.0,-0.1,1.4,417,-
262A,インターメスティック,小売業,3.7,★☆☆☆☆,0.0,0.0,0.0,0.0,3.7,0.0,0.0,0.0,見送り(地合い🔴),,0.0,1.9,2.9,0.6,1837,1949.0,8.6,0.9,466,-
5892,ｙｕｔｏｒｉ,小売業,3.7,★☆☆☆☆,0.0,0.0,0.0,0.0,3.7,0.0,0.0,0.0,見送り(地合い🔴),,0.0,8.4,3.3,3.1,1976,2117.0,7.9,0.7,103,-
1721,コムシスホールディングス,建設業,3.7,★☆☆☆☆,0.0,0.0,0.0,0.0,3.7,0.0,0.0,0.0,見送り(地合い🔴),,0.0,1.6,2.8,-1.1,4972,5266.0,-0.1,0.8,2776,-
6666,リバーエレテック,電気機器,3.7,★☆☆☆☆,0.0,0.0,1.0,0.0,2.7,0.0,0.0,0.0,見送り(地合い🔴),,0.0,-8.6,7.5,-3.7,660,777.0,1.8,1.4,142,-
9227,マイクロ波化学,サービス業,3.7,★☆☆☆☆,0.0,0.0,1.0,0.0,2.7,0.0,0.0,0.0,見送り(地合い🔴),,0.0,-3.1,6.3,-1.2,750,857.0,8.5,1.4,378,-
7157,ライフネット生命保険,保険業,3.7,★☆☆☆☆,0.0,0.0,0.0,0.0,3.7,0.0,0.0,0.0,見送り(地合い🔴),,0.0,10.2,3.3,1.3,1565,1675.0,4.2,1.1,287,-
4480,メドレー,情報・通信業,3.7,★☆☆☆☆,0.0,0.0,0.0,0.0,3.7,0.0,0.0,0.0,見送り(地合い🔴),,0.0,6.7,3.4,0.3,1908,2049.0,6.2,1.1,336,-
3288,オープンハウスグループ,不動産業,3.7,★☆☆☆☆,0.0,0.0,0.0,0.0,3.7,0.0,0.0,0.0,見送り(地合い🔴),,0.0,8.7,2.2,-0.7,8141,8509.0,1.5,0.9,2128,-
9425,ＲｅＹｕｕ　Ｊａｐａｎ,情報・通信業,3.7,★☆☆☆☆,0.0,0.0,2.0,0.0,0.0,0.0,1.7,0.0,見送り(地合い🔴),,0.0,-4.1,11.4,-11.0,145,188.0,-10.5,0.1,328,資金流入増 / 開示[子会社化](2日前)
1663,Ｋ＆Ｏエナジーグループ,鉱業,3.7,★☆☆☆☆,0.0,0.0,1.0,0.0,2.7,0.0,0.0,0.0,見送り(地合い🔴),,0.0,3.8,2.5,-1.6,1732,1823.0,-1.2,0.8,371,-
3168,ＭＥＲＦ,卸売業,3.7,★☆☆☆☆,0.0,0.0,0.0,0.0,3.7,0.0,0.0,0.0,見送り(地合い🔴),,0.0,11.3,5.6,1.6,1132,1275.0,3.4,0.3,196,-
5262,日本ヒューム,ガラス・土石製品,3.7,★☆☆☆☆,0.0,0.0,0.0,0.0,3.7,0.0,0.0,0.0,見送り(地合い🔴),,0.0,6.4,2.6,0.5,991,1044.0,1.9,0.7,197,-
3863,日本製紙,パルプ・紙,3.5,★☆☆☆☆,0.0,0.0,0.0,0.0,3.5,0.0,0.0,0.0,見送り(地合い🔴),,0.0,10.4,4.2,-1.3,1262,1376.0,-8.8,1.2,1220,-
6425,ユニバーサルエンターテインメント,機械,3.5,★☆☆☆☆,0.0,0.0,1.0,0.0,2.5,0.0,0.0,0.0,見送り(地合い🔴),,0.0,9.0,3.8,1.0,618,668.0,6.7,1.4,165,-
4569,杏林製薬,医薬品,3.5,★☆☆☆☆,0.0,0.0,2.0,0.0,1.5,0.0,0.0,0.0,見送り(地合い🔴),,0.0,4.3,2.2,-2.9,1093,1142.0,-3.0,1.8,177,-
4694,ビー・エム・エル,サービス業,3.5,★☆☆☆☆,0.0,0.0,1.0,0.0,2.5,0.0,0.0,0.0,見送り(地合い🔴),,0.0,5.0,1.9,-1.1,3446,3585.0,0.8,1.4,259,-
1407,ウエストホールディングス,建設業,3.5,★☆☆☆☆,0.0,0.0,0.0,0.0,3.5,0.0,0.0,0.0,見送り(地合い🔴),,0.0,14.2,8.1,1.4,2120,2529.0,-9.7,0.7,1974,-
8283,ＰＡＬＴＡＣ,卸売業,3.5,★☆☆☆☆,0.0,0.0,0.0,0.0,3.5,0.0,0.0,0.0,見送り(地合い🔴),,0.0,6.0,0.4,-0.1,6566,6620.0,0.0,0.3,1262,52週高値目前
2780,コメ兵ホールディングス,小売業,3.4,★☆☆☆☆,0.0,0.0,1.0,0.0,1.0,0.0,1.4,0.0,見送り(地合い🔴),,0.0,9.8,3.8,-1.4,4671,5050.0,-2.7,0.6,276,開示[子会社化](4日前)
7600,日本エム・ディ・エム,精密機器,3.3,★☆☆☆☆,0.0,0.0,3.3,0.0,0.0,0.0,0.0,0.0,見送り(地合い🔴),,0.0,5.7,5.1,-5.4,774,862.0,-4.2,2.7,252,出来高増2.7倍
3905,データセクション,情報・通信業,3.3,★☆☆☆☆,0.0,0.0,3.3,0.0,0.0,0.0,0.0,0.0,見送り(地合い🔴),,0.0,-24.9,9.8,-22.9,1718,2134.0,-8.3,2.1,4850,出来高増2.1倍
9413,テレビ東京ホールディングス,情報・通信業,3.3,★☆☆☆☆,0.0,0.0,3.3,0.0,0.0,0.0,0.0,0.0,見送り(地合い🔴),,0.0,-1.3,2.8,-5.6,3249,3440.0,-0.9,2.6,313,出来高増2.6倍
4568,第一三共,医薬品,3.3,★☆☆☆☆,0.0,0.0,3.3,0.0,0.0,0.0,0.0,0.0,見送り(地合い🔴),,0.0,3.6,3.4,-5.7,2392,2567.5,-8.3,2.9,19615,出来高増2.9倍
3399,丸千代山岡家,小売業,3.2,★☆☆☆☆,0.0,0.0,1.0,0.0,2.2,0.0,0.0,0.0,見送り(地合い🔴),,0.0,12.6,4.2,-1.6,3188,3480.0,-5.3,1.0,449,-
3092,ＺＯＺＯ,小売業,3.2,★☆☆☆☆,0.0,0.0,2.0,0.0,1.2,0.0,0.0,0.0,見送り(地合い🔴),,0.0,5.6,3.3,-1.7,1068,1143.0,1.6,1.4,4798,-
5930,文化シヤッター,金属製品,3.2,★☆☆☆☆,0.0,0.0,2.0,0.0,1.2,0.0,0.0,0.0,見送り(地合い🔴),,0.0,5.7,1.8,-1.3,1836,1904.0,-1.3,1.5,167,-
8344,山形銀行,銀行業,3.2,★☆☆☆☆,0.0,0.0,1.0,0.0,2.2,0.0,0.0,0.0,見送り(地合い🔴),,0.0,4.1,5.3,-1.5,3344,3740.0,-6.5,0.8,565,-
6328,荏原実業,機械,3.2,★☆☆☆☆,0.0,0.0,1.0,0.0,2.2,0.0,0.0,0.0,見送り(地合い🔴),,0.0,5.9,2.8,-0.2,2271,2404.0,0.3,1.4,130,-
3591,ワコールホールディングス,繊維製品,3.2,★☆☆☆☆,0.0,0.0,2.0,0.0,1.2,0.0,0.0,0.0,見送り(地合い🔴),,0.0,6.9,1.9,-1.2,4237,4402.0,0.1,1.7,368,-
9882,イエローハット,卸売業,3.2,★☆☆☆☆,0.0,0.0,0.0,0.0,3.2,0.0,0.0,0.0,見送り(地合い🔴),,0.0,8.9,1.9,-0.0,1740,1809.0,1.2,1.1,351,-
9143,ＳＧホールディングス,陸運業,3.2,★☆☆☆☆,0.0,0.0,2.0,0.0,1.2,0.0,0.0,0.0,見送り(地合い🔴),,0.0,8.3,2.4,-0.5,1506,1581.5,-0.4,1.1,2190,-
1808,長谷工コーポレーション,建設業,3.2,★☆☆☆☆,0.0,0.0,1.0,0.0,2.2,0.0,0.0,0.0,見送り(地合い🔴),,0.0,5.6,2.1,-1.4,2664,2780.0,0.7,1.4,2507,-
7236,ティラド,輸送用機器,3.2,★☆☆☆☆,0.0,0.0,0.0,0.0,3.2,0.0,0.0,0.0,見送り(地合い🔴),,0.0,4.6,3.4,-1.2,1382,1483.0,-1.3,1.0,398,-
1909,日本ドライケミカル,機械,3.2,★☆☆☆☆,0.0,0.0,0.0,0.0,3.2,0.0,0.0,0.0,見送り(地合い🔴),,0.0,6.2,0.2,-0.1,3675,3690.0,0.0,0.4,956,-
4577,ダイト,医薬品,3.2,★☆☆☆☆,0.0,0.0,1.0,0.0,2.2,0.0,0.0,0.0,見送り(地合い🔴),,0.0,7.3,3.0,-1.2,1178,1253.0,-1.6,0.8,103,-
2607,不二製油,食料品,3.2,★☆☆☆☆,0.0,0.0,0.0,0.0,3.2,0.0,0.0,0.0,見送り(地合い🔴),,0.0,6.6,3.0,-0.6,3725,3964.0,3.4,1.0,994,-
7806,ＭＴＧ,その他製品,3.2,★☆☆☆☆,0.0,0.0,0.0,0.0,3.2,0.0,0.0,0.0,見送り(地合い🔴),,0.0,3.2,5.4,-0.5,6791,7610.0,-0.8,1.1,905,-
6535,アイモバイル,サービス業,3.2,★☆☆☆☆,0.0,0.0,2.0,0.0,1.2,0.0,0.0,0.0,見送り(地合い🔴),,0.0,3.0,2.7,-3.1,456,482.0,-4.7,1.1,330,資金流入増
9147,ＮＩＰＰＯＮ　ＥＸＰＲＥＳＳホールディングス,陸運業,3.2,★☆☆☆☆,0.0,0.0,0.0,0.0,3.2,0.0,0.0,0.0,見送り(地合い🔴),,0.0,8.1,2.5,-1.5,5011,5278.0,-3.9,1.1,6015,-
7947,エフピコ,化学,3.2,★☆☆☆☆,0.0,0.0,2.0,0.0,1.2,0.0,0.0,0.0,見送り(地合い🔴),,0.0,2.3,2.5,-2.1,2395,2523.0,0.4,1.9,506,-
5288,アジアパイルホールディングス,ガラス・土石製品,3.2,★☆☆☆☆,0.0,0.0,1.0,0.0,2.2,0.0,0.0,0.0,見送り(地合い🔴),,0.0,8.6,2.6,-0.5,1412,1489.0,-1.7,1.4,219,-
5232,住友大阪セメント,ガラス・土石製品,3.2,★☆☆☆☆,0.0,0.0,1.0,0.0,2.2,0.0,0.0,0.0,見送り(地合い🔴),,0.0,-0.8,4.2,-4.2,4998,5455.0,-4.2,1.3,1440,-
5463,丸一鋼管,鉄鋼,3.2,★☆☆☆☆,0.0,0.0,0.0,0.0,3.2,0.0,0.0,0.0,見送り(地合い🔴),,0.0,0.7,2.4,-2.1,1704,1789.0,-0.2,1.1,1218,-
4051,ＧＭＯフィナンシャルゲート,情報・通信業,3.1,★☆☆☆☆,3.1,0.0,0.0,0.0,0.0,0.0,0.0,0.0,見送り(地合い🔴),NASDAQ,-2.3,-2.2,3.3,-3.1,6001,6420.0,5.4,0.8,181,NASDAQ+2.0%連動(β0.63)
4626,太陽ホールディングス,化学,3.1,★☆☆☆☆,0.0,0.0,1.0,0.0,0.0,0.0,2.1,0.0,見送り(地合い🔴),,0.0,0.9,1.3,-2.5,4598,4725.0,-1.0,1.4,1896,開示[業績予想の修正](2日前)
1723,日本電技,建設業,3.0,★☆☆☆☆,0.0,0.0,3.0,0.0,0.0,0.0,0.0,0.0,見送り(地合い🔴),,0.0,-4.7,7.4,-6.8,1797,2110.0,-15.9,1.6,593,-
9336,大栄環境,サービス業,3.0,★☆☆☆☆,0.0,0.0,2.0,0.0,1.0,0.0,0.0,0.0,見送り(地合い🔴),,0.0,6.1,3.1,-2.4,3506,3740.0,-0.9,1.6,585,-
7182,ゆうちょ銀行,銀行業,3.0,★☆☆☆☆,0.0,0.0,2.0,0.0,1.0,0.0,0.0,0.0,見送り(地合い🔴),,0.0,5.2,3.5,-4.2,2892,3111.0,-9.6,1.7,22222,-
2175,エス・エム・エス,サービス業,3.0,★☆☆☆☆,0.0,0.0,3.0,0.0,0.0,0.0,0.0,0.0,見送り(地合い🔴),,0.0,6.5,4.7,-5.7,2001,2207.0,-7.4,1.4,1466,資金流入増
5076,インフロニア・ホールディングス,建設業,3.0,★☆☆☆☆,0.0,0.0,2.0,0.0,1.0,0.0,0.0,0.0,見送り(地合い🔴),,0.0,3.4,3.2,-5.9,2428,2597.0,-6.9,1.5,4618,-
5838,楽天銀行,銀行業,3.0,★☆☆☆☆,0.0,0.0,3.0,0.0,0.0,0.0,0.0,0.0,見送り(地合い🔴),,0.0,9.1,4.3,-0.2,4997,5473.0,-1.8,1.3,6372,-
367A,プリモグローバルホールディングス,小売業,3.0,★☆☆☆☆,0.0,0.0,2.0,0.0,1.0,0.0,0.0,0.0,見送り(地合い🔴),,0.0,-0.4,3.5,-2.9,2550,2745.0,5.2,0.8,257,資金流入増
218A,Ｌｉｂｅｒａｗａｒｅ,精密機器,3.0,★☆☆☆☆,0.0,0.0,2.0,0.0,1.0,0.0,0.0,0.0,見送り(地合い🔴),,0.0,15.9,7.4,0.5,921,1082.0,5.9,0.5,850,-
8892,エスコン,不動産業,3.0,★☆☆☆☆,0.0,0.0,2.0,0.0,1.0,0.0,0.0,0.0,見送り(地合い🔴),,0.0,5.3,2.1,-2.5,1028,1073.0,-2.2,1.8,204,-
8366,滋賀銀行,銀行業,3.0,★☆☆☆☆,0.0,0.0,2.0,0.0,1.0,0.0,0.0,0.0,見送り(地合い🔴),,0.0,-1.1,5.6,-9.7,2133,2400.0,-9.6,1.3,3519,-
4091,日本酸素ホールディングス,化学,3.0,★☆☆☆☆,0.0,0.0,2.0,0.0,1.0,0.0,0.0,0.0,見送り(地合い🔴),,0.0,-1.1,3.2,-4.1,5409,5781.0,-1.9,1.6,3152,-
9533,東邦瓦斯,電気・ガス業,3.0,★☆☆☆☆,0.0,0.0,2.0,0.0,1.0,0.0,0.0,0.0,見送り(地合い🔴),,0.0,1.6,2.3,-4.1,1109,1161.5,-4.2,1.8,986,-
8117,中央自動車工業,卸売業,3.0,★☆☆☆☆,0.0,0.0,1.0,0.0,2.0,0.0,0.0,0.0,見送り(地合い🔴),,0.0,7.5,2.7,-1.5,1945,2056.0,-1.6,1.2,162,-
1941,中電工,建設業,3.0,★☆☆☆☆,0.0,0.0,2.0,0.0,1.0,0.0,0.0,0.0,見送り(地合い🔴),,0.0,-1.3,2.9,-4.8,4669,4960.0,-1.8,1.7,384,-
4972,綜研化学,化学,2.9,★☆☆☆☆,0.0,0.0,1.0,0.0,1.0,0.0,0.9,0.0,見送り(地合い🔴),,0.0,-3.9,6.9,-9.6,2664,3090.0,-18.6,1.3,362,開示[買収](9日前)
1835,東鉄工業,建設業,2.7,★☆☆☆☆,0.0,0.0,0.0,0.0,2.7,0.0,0.0,0.0,見送り(地合い🔴),,0.0,5.2,2.2,-0.2,3992,4175.0,1.1,0.8,306,-
2325,ＮＪＳ,サービス業,2.7,★☆☆☆☆,0.0,0.0,0.0,0.0,2.7,0.0,0.0,0.0,見送り(地合い🔴),,0.0,2.9,2.5,-1.0,4221,4440.0,2.0,0.8,142,-
4534,持田製薬,医薬品,2.7,★☆☆☆☆,0.0,0.0,0.0,0.0,2.7,0.0,0.0,0.0,見送り(地合い🔴),,0.0,4.9,1.9,-1.1,3004,3120.0,0.0,1.1,201,-
6330,東洋エンジニアリング,建設業,2.7,★☆☆☆☆,0.0,0.0,0.0,0.0,2.7,0.0,0.0,0.0,見送り(地合い🔴),,0.0,1.6,6.4,-1.2,1694,1942.0,3.1,0.9,3817,-
1885,東亜建設工業,建設業,2.7,★☆☆☆☆,0.0,0.0,0.0,0.0,2.7,0.0,0.0,0.0,見送り(地合い🔴),,0.0,5.4,3.2,-0.9,1906,2036.0,-0.1,1.2,745,-
2158,ＦＲＯＮＴＥＯ,サービス業,2.7,★☆☆☆☆,0.0,0.0,0.0,0.0,2.2,0.0,0.5,0.0,見送り(地合い🔴),,0.0,8.8,3.4,1.1,591,634.0,0.6,0.7,123,開示[AI](9日前)
2206,江崎グリコ,食料品,2.5,★☆☆☆☆,0.0,0.0,0.0,0.0,2.5,0.0,0.0,0.0,見送り(地合い🔴),,0.0,1.7,2.0,-3.4,4848,5054.0,0.3,1.1,1457,-
4499,Ｓｐｅｅｅ,情報・通信業,2.5,★☆☆☆☆,0.0,0.0,0.0,0.0,2.5,0.0,0.0,0.0,見送り(地合い🔴),,0.0,12.9,5.9,0.4,1937,2197.0,2.2,0.9,281,-
4887,サワイグループホールディングス,医薬品,2.5,★☆☆☆☆,0.0,0.0,1.0,0.0,1.5,0.0,0.0,0.0,見送り(地合い🔴),,0.0,3.3,1.8,-2.0,1591,1650.5,-0.5,1.4,696,-
9409,テレビ朝日ホールディングス,情報・通信業,2.5,★☆☆☆☆,0.0,0.0,0.0,0.0,2.5,0.0,0.0,0.0,見送り(地合い🔴),,0.0,4.2,2.3,-1.3,2992,3135.0,0.8,1.1,592,-
1436,グリーンエナジー＆カンパニー,建設業,2.5,★☆☆☆☆,0.0,0.0,1.0,0.0,1.5,0.0,0.0,0.0,見送り(地合い🔴),,0.0,1.4,6.5,-1.4,1178,1353.0,2.5,1.5,102,-
3046,ジンズホールディングス,小売業,2.5,★☆☆☆☆,0.0,0.0,1.0,0.0,1.5,0.0,0.0,0.0,見送り(地合い🔴),,0.0,-12.1,6.5,-11.3,5551,6380.0,-7.7,1.1,2859,-
4889,レナサイエンス,医薬品,2.4000000000000004,★☆☆☆☆,0.0,0.0,1.0,0.0,1.2,0.0,0.2,0.0,見送り(地合い🔴),,0.0,6.6,7.7,-0.9,1256,1485.0,-0.9,0.8,518,開示[AI](12日前)
2531,宝ホールディングス,食料品,2.2,★☆☆☆☆,0.0,0.0,0.0,0.0,2.2,0.0,0.0,0.0,見送り(地合い🔴),,0.0,11.3,2.8,-3.1,1974,2089.5,-3.3,1.1,1069,-
4527,ロート製薬,医薬品,2.2,★☆☆☆☆,0.0,0.0,1.0,0.0,1.2,0.0,0.0,0.0,見送り(地合い🔴),,0.0,6.2,2.9,-1.5,2252,2388.5,1.6,1.1,2490,-
4553,東和薬品,医薬品,2.2,★☆☆☆☆,0.0,0.0,0.0,0.0,2.2,0.0,0.0,0.0,見送り(地合い🔴),,0.0,9.1,2.9,-1.3,3776,4005.0,-2.7,0.7,524,-
7173,東京きらぼしフィナンシャルグループ,銀行業,2.2,★☆☆☆☆,0.0,0.0,0.0,0.0,2.2,0.0,0.0,0.0,見送り(地合い🔴),,0.0,2.4,4.1,-3.0,1562,1703.0,-3.9,1.0,2798,-
8139,ナガホリ,卸売業,2.2,★☆☆☆☆,0.0,0.0,1.0,0.0,1.2,0.0,0.0,0.0,見送り(地合い🔴),,0.0,3.2,6.8,-3.2,1785,2068.0,-3.2,0.6,108,-
4088,エア・ウォーター,化学,2.2,★☆☆☆☆,0.0,0.0,0.0,0.0,2.2,0.0,0.0,0.0,見送り(地合い🔴),,0.0,-2.4,2.8,-4.5,2376,2517.0,-2.9,1.1,2154,-
6226,守谷輸送機工業,機械,2.2,★☆☆☆☆,0.0,0.0,1.0,0.0,1.2,0.0,0.0,0.0,見送り(地合い🔴),,0.0,9.5,7.3,-2.5,1988,2331.0,-10.7,1.4,481,-
3569,セーレン,繊維製品,2.2,★☆☆☆☆,0.0,0.0,0.0,0.0,2.2,0.0,0.0,0.0,見送り(地合い🔴),,0.0,-1.3,2.2,-2.4,3043,3180.0,0.0,1.1,504,-
6351,鶴見製作所,機械,2.2,★☆☆☆☆,0.0,0.0,0.0,0.0,2.2,0.0,0.0,0.0,見送り(地合い🔴),,0.0,0.7,3.4,-2.6,2076,2227.0,2.6,1.0,139,-
2975,スター・マイカ・ホールディングス,不動産業,2.2,★☆☆☆☆,0.0,0.0,0.0,0.0,2.2,0.0,0.0,0.0,見送り(地合い🔴),,0.0,6.6,3.2,-0.5,1424,1521.0,1.9,0.9,244,-
6810,マクセル,電気機器,2.2,★☆☆☆☆,0.0,0.0,0.0,0.0,2.2,0.0,0.0,0.0,見送り(地合い🔴),,0.0,2.7,2.6,-1.5,1963,2070.0,-2.3,1.1,369,-
6378,木村化工機,機械,2.2,★☆☆☆☆,0.0,0.0,0.0,0.0,2.2,0.0,0.0,0.0,見送り(地合い🔴),,0.0,7.2,3.6,0.7,1124,1212.0,0.9,0.8,197,-
4393,バンク・オブ・イノベーション,情報・通信業,2.2,★☆☆☆☆,0.0,0.0,0.0,0.0,2.2,0.0,0.0,0.0,見送り(地合い🔴),,0.0,3.5,3.2,0.7,4616,4935.0,5.9,1.1,146,-
8233,高島屋,小売業,2.2,★☆☆☆☆,0.0,0.0,0.0,0.0,2.2,0.0,0.0,0.0,見送り(地合い🔴),,0.0,2.1,4.0,-3.9,2092,2275.5,1.8,0.7,4598,-
8584,ジャックス,その他金融業,2.2,★☆☆☆☆,0.0,0.0,0.0,0.0,2.2,0.0,0.0,0.0,見送り(地合い🔴),,0.0,10.5,1.9,1.7,3600,3745.0,1.5,1.1,411,-
4390,ＩＰＳ,情報・通信業,2.2,★☆☆☆☆,0.0,0.0,0.0,0.0,2.2,0.0,0.0,0.0,見送り(地合い🔴),,0.0,4.0,3.5,-0.0,3238,3485.0,0.4,1.2,215,-
4419,Ｆｉｎａｔｅｘｔホールディングス,情報・通信業,2.2,★☆☆☆☆,0.0,0.0,0.0,0.0,2.2,0.0,0.0,0.0,見送り(地合い🔴),,0.0,18.2,5.7,-0.2,1356,1530.0,1.9,1.0,862,-
7917,ＺＡＣＲＯＳ,化学,2.2,★☆☆☆☆,0.0,0.0,0.0,0.0,2.2,0.0,0.0,0.0,見送り(地合い🔴),,0.0,5.7,3.5,-0.2,1262,1356.0,-0.8,1.0,222,-
2301,学情,サービス業,2.2,★☆☆☆☆,0.0,0.0,1.0,0.0,1.2,0.0,0.0,0.0,見送り(地合い🔴),,0.0,7.7,1.5,-0.0,1573,1622.0,0.3,0.9,134,-
4751,サイバーエージェント,サービス業,2.2,★☆☆☆☆,0.0,0.0,1.0,0.0,1.2,0.0,0.0,0.0,見送り(地合い🔴),,0.0,8.3,3.6,-0.5,1350,1455.5,3.6,1.4,6499,-
4919,ミルボン,化学,2.2,★☆☆☆☆,0.0,0.0,1.0,0.0,1.2,0.0,0.0,0.0,見送り(地合い🔴),,0.0,7.1,2.1,-0.4,2666,2781.0,-0.1,1.3,310,-
6058,ベクトル,サービス業,2.0,★☆☆☆☆,0.0,0.0,1.0,0.0,1.0,0.0,0.0,0.0,見送り(地合い🔴),,0.0,1.6,5.2,-2.0,1590,1776.0,1.5,0.7,950,-
9502,中部電力,電気・ガス業,2.0,★☆☆☆☆,0.0,0.0,1.0,0.0,1.0,0.0,0.0,0.0,見送り(地合い🔴),,0.0,-4.0,4.3,-7.9,2547,2787.0,-7.1,1.3,13579,-
8595,ジャフコ　グループ,証券、商品先物取引業,2.0,★☆☆☆☆,0.0,0.0,1.0,0.0,1.0,0.0,0.0,0.0,見送り(地合い🔴),,0.0,0.6,1.9,-3.6,2157,2242.0,-1.3,1.3,848,-
3093,トレジャー・ファクトリー,小売業,2.0,★☆☆☆☆,0.0,0.0,1.0,0.0,1.0,0.0,0.0,0.0,見送り(地合い🔴),,0.0,1.5,4.5,-2.9,1905,2095.0,0.5,0.4,446,-
7599,ＩＤＯＭ,卸売業,2.0,★☆☆☆☆,0.0,0.0,1.0,0.0,1.0,0.0,0.0,0.0,見送り(地合い🔴),,0.0,-3.1,3.3,-5.0,1200,1284.0,-0.8,0.8,1521,-
1946,トーエネック,建設業,2.0,★☆☆☆☆,0.0,0.0,1.0,0.0,1.0,0.0,0.0,0.0,見送り(地合い🔴),,0.0,-1.7,3.9,-4.6,1890,2050.0,-1.9,1.2,403,-
6380,オリエンタルチエン工業,機械,2.0,★☆☆☆☆,0.0,0.0,2.0,0.0,0.0,0.0,0.0,0.0,見送り(地合い🔴),,0.0,-15.8,10.0,-13.0,2924,3655.0,-9.9,0.8,116,資金流入増
1930,北陸電気工事,建設業,2.0,★☆☆☆☆,0.0,0.0,1.0,0.0,1.0,0.0,0.0,0.0,見送り(地合い🔴),,0.0,-3.9,4.1,-7.6,1365,1485.0,-8.6,1.0,181,-
6864,エヌエフホールディングス,電気機器,2.0,★☆☆☆☆,0.0,0.0,2.0,0.0,0.0,0.0,0.0,0.0,見送り(地合い🔴),,0.0,-8.9,5.2,-9.3,1303,1454.0,-5.6,1.7,113,-
4413,ボードルア,情報・通信業,2.0,★☆☆☆☆,0.0,0.0,1.0,0.0,1.0,0.0,0.0,0.0,見送り(地合い🔴),,0.0,9.6,5.3,-2.9,2562,2869.0,-2.2,0.6,935,-
4935,リベルタ,化学,2.0,★☆☆☆☆,0.0,0.0,2.0,0.0,0.0,0.0,0.0,0.0,見送り(地合い🔴),,0.0,-18.0,17.4,-21.9,152,233.0,-25.3,0.3,1730,資金流入増
5013,ユシロ,石油・石炭製品,2.0,★☆☆☆☆,0.0,0.0,1.0,0.0,1.0,0.0,0.0,0.0,見送り(地合い🔴),,0.0,4.3,4.4,-2.4,2617,2873.0,-1.8,0.8,210,-
7794,イーディーピー,その他製品,2.0,★☆☆☆☆,0.0,0.0,2.0,0.0,0.0,0.0,0.0,0.0,見送り(地合い🔴),,0.0,-23.3,5.8,-16.1,761,860.0,-6.4,1.9,348,-
9256,サクシード,サービス業,2.0,★☆☆☆☆,0.0,0.0,2.0,0.0,0.0,0.0,0.0,0.0,見送り(地合い🔴),,0.0,-68.1,39.7,-66.1,261,1275.0,-39.9,1.5,724,-
5644,メタルアート,鉄鋼,2.0,★☆☆☆☆,0.0,0.0,0.0,0.0,2.0,0.0,0.0,0.0,見送り(地合い🔴),,0.0,1.3,1.3,-5.0,7066,7250.0,-5.8,0.9,245,-
7130,ヤマエグループホールディングス,卸売業,2.0,★☆☆☆☆,0.0,0.0,2.0,0.0,0.0,0.0,0.0,0.0,見送り(地合い🔴),,0.0,2.4,2.3,-4.8,2684,2814.0,-1.7,1.5,200,-
1802,大林組,建設業,2.0,★☆☆☆☆,0.0,0.0,2.0,0.0,0.0,0.0,0.0,0.0,見送り(地合い🔴),,0.0,3.0,2.6,-2.9,2999,3164.0,-3.7,1.9,7560,-
6522,アスタリスク,電気機器,2.0,★☆☆☆☆,0.0,0.0,2.0,0.0,0.0,0.0,0.0,0.0,見送り(地合い🔴),,0.0,-12.5,15.1,-4.0,1109,1591.0,-5.9,0.4,4986,資金流入増
7678,あさくま,小売業,2.0,★☆☆☆☆,0.0,0.0,1.0,0.0,1.0,0.0,0.0,0.0,見送り(地合い🔴),,0.0,-2.1,2.5,-7.4,2839,2990.0,-5.5,0.8,114,-
3989,シェアリングテクノロジー,情報・通信業,2.0,★☆☆☆☆,0.0,0.0,0.0,0.0,2.0,0.0,0.0,0.0,見送り(地合い🔴),,0.0,-0.8,3.4,-3.2,1248,1340.0,-4.4,1.0,266,-
4536,参天製薬,医薬品,2.0,★☆☆☆☆,0.0,0.0,1.0,0.0,1.0,0.0,0.0,0.0,見送り(地合い🔴),,0.0,-7.0,2.7,-9.6,1781,1884.0,-4.5,1.3,2461,-
3964,オークネット,情報・通信業,2.0,★☆☆☆☆,0.0,0.0,1.0,0.0,1.0,0.0,0.0,0.0,見送り(地合い🔴),,0.0,4.3,2.8,-4.1,1261,1335.0,-4.2,1.4,207,-
8537,大光銀行,銀行業,2.0,★☆☆☆☆,0.0,0.0,1.0,0.0,1.0,0.0,0.0,0.0,見送り(地合い🔴),,0.0,-1.9,3.8,-6.0,2394,2592.0,-10.3,1.2,145,-
5121,藤倉コンポジット,ゴム製品,2.0,★☆☆☆☆,0.0,0.0,0.0,0.0,2.0,0.0,0.0,0.0,見送り(地合い🔴),,0.0,3.9,2.5,-1.1,2378,2504.0,0.8,1.0,183,-
8802,三菱地所,不動産業,2.0,★☆☆☆☆,0.0,0.0,2.0,0.0,0.0,0.0,0.0,0.0,見送り(地合い🔴),,0.0,1.6,3.0,-6.1,3659,3893.0,-2.4,1.6,12871,-
4005,住友化学,化学,2.0,★☆☆☆☆,0.0,0.0,1.0,0.0,1.0,0.0,0.0,0.0,見送り(地合い🔴),,0.0,6.3,3.4,-2.2,486,521.2999877929688,-3.2,1.3,6400,-
6469,放電精密加工研究所,機械,2.0,★☆☆☆☆,0.0,0.0,2.0,0.0,0.0,0.0,0.0,0.0,見送り(地合い🔴),,0.0,10.1,6.9,-2.5,2227,2582.0,-4.7,0.6,477,資金流入増
4107,伊勢化学工業,化学,2.0,★☆☆☆☆,0.0,0.0,2.0,0.0,0.0,0.0,0.0,0.0,見送り(地合い🔴),,0.0,-10.4,4.3,-10.7,3087,3380.0,-5.6,1.5,850,-
6458,新晃工業,機械,2.0,★☆☆☆☆,0.0,0.0,2.0,0.0,0.0,0.0,0.0,0.0,見送り(地合い🔴),,0.0,3.7,1.6,-2.3,1185,1224.0,-1.1,1.5,229,-
3465,ケイアイスター不動産,不動産業,2.0,★☆☆☆☆,0.0,0.0,1.0,0.0,1.0,0.0,0.0,0.0,見送り(地合い🔴),,0.0,4.0,2.8,-3.4,3345,3540.0,-1.0,1.3,275,-
3791,ＩＧポート,情報・通信業,2.0,★☆☆☆☆,0.0,0.0,2.0,0.0,0.0,0.0,0.0,0.0,見送り(地合い🔴),,0.0,-15.0,6.2,-11.2,934,1066.0,10.6,0.7,250,資金流入増
4493,サイバーセキュリティクラウド,情報・通信業,1.7,★☆☆☆☆,0.0,0.0,0.0,0.0,0.0,0.0,1.7,0.0,見送り(地合い🔴),,0.0,5.8,3.5,-0.2,1692,1821.0,3.5,0.8,202,開示[自己株式の取得](6日前)
186A,アストロスケールホールディングス,サービス業,1.5,★☆☆☆☆,0.0,0.0,0.0,0.0,1.5,0.0,0.0,0.0,見送り(地合い🔴),,0.0,-3.6,7.4,-5.5,862,1012.0,-1.4,0.9,4860,-
9412,スカパーＪＳＡＴ,情報・通信業,1.5,★☆☆☆☆,0.0,0.0,0.0,0.0,1.5,0.0,0.0,0.0,見送り(地合い🔴),,0.0,-13.1,4.4,-12.9,1917,2102.0,-5.0,1.0,5799,-
1887,日本国土開発,建設業,1.5,★☆☆☆☆,0.0,0.0,0.0,0.0,1.5,0.0,0.0,0.0,見送り(地合い🔴),,0.0,5.8,2.4,-1.2,491,516.0,1.2,0.7,258,-
464A,ＱＰＳホールディングス,情報・通信業,1.5,★☆☆☆☆,0.0,0.0,0.0,0.0,1.5,0.0,0.0,0.0,見送り(地合い🔴),,0.0,-16.1,7.6,-12.0,1304,1537.0,1.9,1.0,2902,-
4554,富士製薬工業,医薬品,1.5,★☆☆☆☆,0.0,0.0,0.0,0.0,1.5,0.0,0.0,0.0,見送り(地合い🔴),,0.0,1.7,2.5,-3.3,1767,1861.0,-1.0,0.6,236,-
4592,サンバイオ,医薬品,1.5,★☆☆☆☆,0.0,0.0,0.0,0.0,1.5,0.0,0.0,0.0,見送り(地合い🔴),,0.0,-2.7,5.9,-7.5,811,919.0,-4.0,0.9,808,-
2432,ディー・エヌ・エー,情報・通信業,1.5,★☆☆☆☆,0.0,0.0,0.0,0.0,1.5,0.0,0.0,0.0,見送り(地合い🔴),,0.0,-0.9,2.1,-1.1,2368,2471.5,3.6,0.8,2887,-
2585,ライフドリンク　カンパニー,食料品,1.5,★☆☆☆☆,0.0,0.0,0.0,0.0,1.5,0.0,0.0,0.0,見送り(地合い🔴),,0.0,1.3,4.6,-4.2,1314,1446.0,2.9,1.1,816,-
6072,地盤ネットホールディングス,サービス業,1.5,★☆☆☆☆,0.0,0.0,0.0,0.0,1.5,0.0,0.0,0.0,見送り(地合い🔴),,0.0,-6.1,6.6,-3.3,809,932.0,5.4,0.5,599,-
3103,ユニチカ,繊維製品,1.5,★☆☆☆☆,0.0,0.0,0.0,0.0,1.5,0.0,0.0,0.0,見送り(地合い🔴),,0.0,-10.7,7.9,-10.0,699,830.0,-0.7,1.1,2253,-
6217,津田駒工業,機械,1.5,★☆☆☆☆,0.0,0.0,0.0,0.0,1.5,0.0,0.0,0.0,見送り(地合い🔴),,0.0,-17.5,11.3,-13.1,540,699.0,-7.4,0.4,174,-
3853,アステリア,情報・通信業,1.5,★☆☆☆☆,0.0,0.0,0.0,0.0,1.5,0.0,0.0,0.0,見送り(地合い🔴),,0.0,-4.5,4.5,-6.6,945,1039.0,-4.9,0.8,302,-
7564,ワークマン,小売業,1.5,★☆☆☆☆,0.0,0.0,0.0,0.0,1.5,0.0,0.0,0.0,見送り(地合い🔴),,0.0,0.7,2.8,-2.9,5539,5870.0,1.0,0.9,2310,-
7409,ＡｅｒｏＥｄｇｅ,輸送用機器,1.5,★☆☆☆☆,0.0,0.0,0.0,0.0,1.5,0.0,0.0,0.0,見送り(地合い🔴),,0.0,-5.1,7.2,-3.3,1338,1564.0,5.8,0.9,293,-
1963,日揮ホールディングス,建設業,1.5,★☆☆☆☆,0.0,0.0,0.0,0.0,1.5,0.0,0.0,0.0,見送り(地合い🔴),,0.0,-3.2,3.7,-4.3,2091,2259.5,-1.4,0.8,4001,-
6619,ダブル・スコープ,電気機器,1.5,★☆☆☆☆,0.0,0.0,0.0,0.0,1.5,0.0,0.0,0.0,見送り(地合い🔴),,0.0,-14.7,6.0,-13.2,128,146.0,-7.0,0.9,399,-
7779,ＣＹＢＥＲＤＹＮＥ,精密機器,1.5,★☆☆☆☆,0.0,0.0,0.0,0.0,1.5,0.0,0.0,0.0,見送り(地合い🔴),,0.0,0.8,3.8,-4.1,202,219.0,-0.9,0.9,298,-
9793,ダイセキ,サービス業,1.5,★☆☆☆☆,0.0,0.0,0.0,0.0,1.5,0.0,0.0,0.0,見送り(地合い🔴),,0.0,0.7,2.0,-1.9,3644,3800.0,-0.1,0.9,618,-
8844,コスモスイニシア,不動産業,1.4,★☆☆☆☆,0.0,0.0,0.0,0.0,1.0,0.0,0.4,0.0,見送り(地合い🔴),,0.0,0.9,2.7,-3.2,1253,1324.0,-0.9,0.9,123,開示[自己株式の取得](12日前)
2931,ユーグレナ,食料品,1.2,★☆☆☆☆,0.0,0.0,0.0,0.0,1.2,0.0,0.0,0.0,見送り(地合い🔴),,0.0,9.1,2.5,-0.2,324,341.0,0.3,1.0,235,-
2986,ＬＡホールディングス,不動産業,1.2,★☆☆☆☆,0.0,0.0,0.0,0.0,1.2,0.0,0.0,0.0,見送り(地合い🔴),,0.0,5.4,3.0,-1.7,2577,2740.0,1.3,0.9,572,-
6369,トーヨーカネツ,機械,1.2,★☆☆☆☆,0.0,0.0,0.0,0.0,1.2,0.0,0.0,0.0,見送り(地合い🔴),,0.0,4.8,1.9,-0.1,2353,2446.0,0.7,0.9,221,-
7701,島津製作所,精密機器,1.2,★☆☆☆☆,0.0,0.0,0.0,0.0,1.2,0.0,0.0,0.0,見送り(地合い🔴),,0.0,5.4,2.5,-0.7,3892,4094.0,-1.7,0.8,3865,-
4680,ラウンドワン,サービス業,1.2,★☆☆☆☆,0.0,0.0,0.0,0.0,1.2,0.0,0.0,0.0,見送り(地合い🔴),,0.0,8.5,4.4,-1.3,1108,1216.0,3.4,0.9,3770,-
4046,大阪ソーダ,化学,1.2,★☆☆☆☆,0.0,0.0,0.0,0.0,1.2,0.0,0.0,0.0,見送り(地合い🔴),,0.0,1.2,3.5,-2.5,1645,1768.0,-0.6,1.2,644,-
9519,レノバ,電気・ガス業,1.2,★☆☆☆☆,0.0,0.0,0.0,0.0,1.2,0.0,0.0,0.0,見送り(地合い🔴),,0.0,1.2,4.8,-4.3,841,930.0,-7.5,0.9,770,-
8804,東京建物,不動産業,1.2,★☆☆☆☆,0.0,0.0,0.0,0.0,1.2,0.0,0.0,0.0,見送り(地合い🔴),,0.0,9.9,2.5,-0.4,3215,3387.0,-1.2,1.0,3633,-
215A,タイミー,サービス業,1.2,★☆☆☆☆,0.0,0.0,0.0,0.0,1.2,0.0,0.0,0.0,見送り(地合い🔴),,0.0,-3.5,4.7,-2.7,1330,1466.0,-0.3,0.8,2463,-
1813,不動テトラ,建設業,1.2,★☆☆☆☆,0.0,0.0,0.0,0.0,1.2,0.0,0.0,0.0,見送り(地合い🔴),,0.0,3.1,3.0,-1.2,2519,2682.0,-0.1,1.0,215,-
212A,フィットイージー,サービス業,1.2,★☆☆☆☆,0.0,0.0,0.0,0.0,1.2,0.0,0.0,0.0,見送り(地合い🔴),,0.0,1.4,3.3,-0.5,2560,2739.0,3.0,1.0,380,-
6366,千代田化工建設,建設業,1.2,★☆☆☆☆,0.0,0.0,0.0,0.0,1.2,0.0,0.0,0.0,見送り(地合い🔴),,0.0,1.7,5.5,-3.7,586,659.0,-6.8,0.8,2039,-
6047,Ｇｕｎｏｓｙ,サービス業,1.0,★☆☆☆☆,0.0,0.0,1.0,0.0,0.0,0.0,0.0,0.0,見送り(地合い🔴),,0.0,-14.3,5.4,-12.8,322,361.0,2.3,0.4,111,-
4392,ＦＩＧ,情報・通信業,1.0,★☆☆☆☆,0.0,0.0,1.0,0.0,0.0,0.0,0.0,0.0,見送り(地合い🔴),,0.0,-15.2,8.7,-16.5,723,875.0,-13.8,1.3,1174,-
8141,新光商事,卸売業,1.0,★☆☆☆☆,0.0,0.0,0.0,0.0,1.0,0.0,0.0,0.0,見送り(地合い🔴),,0.0,4.3,1.1,-1.9,1520,1556.0,-2.3,0.2,202,-
3825,リミックスポイント,小売業,1.0,★☆☆☆☆,0.0,0.0,0.0,0.0,1.0,0.0,0.0,0.0,見送り(地合い🔴),,0.0,14.1,4.2,0.6,179,196.0,-1.0,0.9,192,-
3099,三越伊勢丹ホールディングス,小売業,1.0,★☆☆☆☆,0.0,0.0,0.0,0.0,1.0,0.0,0.0,0.0,見送り(地合い🔴),,0.0,-3.7,3.3,-6.9,3353,3587.0,-1.3,1.1,8590,-
6013,タクマ,機械,1.0,★☆☆☆☆,0.0,0.0,0.0,0.0,1.0,0.0,0.0,0.0,見送り(地合い🔴),,0.0,0.3,2.6,-3.0,3212,3390.0,-1.9,1.0,699,-
6597,ＨＰＣシステムズ,電気機器,1.0,★☆☆☆☆,0.0,0.0,1.0,0.0,0.0,0.0,0.0,0.0,見送り(地合い🔴),,0.0,-18.7,6.6,-16.0,2743,3160.0,-9.5,1.2,241,-
8081,カナデン,卸売業,1.0,★☆☆☆☆,0.0,0.0,0.0,0.0,1.0,0.0,0.0,0.0,見送り(地合い🔴),,0.0,4.6,2.5,-2.8,2327,2451.0,-2.8,1.2,110,-
9983,ファーストリテイリング,小売業,1.0,★☆☆☆☆,0.0,0.0,0.0,0.0,1.0,0.0,0.0,0.0,見送り(地合い🔴),,0.0,1.3,2.9,-3.9,73594,78190.0,2.6,1.1,104994,-
5253,カバー,情報・通信業,1.0,★☆☆☆☆,0.0,0.0,1.0,0.0,0.0,0.0,0.0,0.0,見送り(地合い🔴),,0.0,6.5,8.6,-5.9,1208,1460.0,8.1,0.7,4091,-
5989,エイチワン,金属製品,1.0,★☆☆☆☆,0.0,0.0,0.0,0.0,1.0,0.0,0.0,0.0,見送り(地合い🔴),,0.0,9.4,2.4,-1.0,1470,1545.0,-0.1,1.0,186,-
3687,フィックスターズ,情報・通信業,1.0,★☆☆☆☆,0.0,0.0,1.0,0.0,0.0,0.0,0.0,0.0,見送り(地合い🔴),,0.0,-4.2,5.8,-6.7,1846,2090.0,-2.5,1.2,1948,-
290A,Ｓｙｎｓｐｅｃｔｉｖｅ,情報・通信業,1.0,★☆☆☆☆,0.0,0.0,1.0,0.0,0.0,0.0,0.0,0.0,見送り(地合い🔴),,0.0,2.3,6.5,-3.0,1000,1148.0,1.6,1.3,1815,-
6356,日本ギア工業,機械,1.0,★☆☆☆☆,0.0,0.0,1.0,0.0,0.0,0.0,0.0,0.0,見送り(地合い🔴),,0.0,-10.7,6.4,-13.3,1103,1266.0,-7.0,1.5,457,-
3186,ネクステージ,小売業,1.0,★☆☆☆☆,0.0,0.0,1.0,0.0,0.0,0.0,0.0,0.0,見送り(地合い🔴),,0.0,-11.1,4.7,-7.9,3035,3350.0,-0.7,0.8,3004,-
6166,中村超硬,機械,1.0,★☆☆☆☆,0.0,0.0,1.0,0.0,0.0,0.0,0.0,0.0,見送り(地合い🔴),,0.0,-17.2,7.6,-13.2,519,611.0,-6.9,0.4,438,-
8714,池田泉州ホールディングス,銀行業,1.0,★☆☆☆☆,0.0,0.0,0.0,0.0,1.0,0.0,0.0,0.0,見送り(地合い🔴),,0.0,0.5,4.6,-6.7,858,946.0,-9.6,1.1,1348,-
3086,Ｊ．フロント　リテイリング,小売業,1.0,★☆☆☆☆,0.0,0.0,0.0,0.0,1.0,0.0,0.0,0.0,見送り(地合い🔴),,0.0,-3.3,4.1,-6.5,2736,2981.5,1.5,0.9,3849,-
5885,ジーデップ・アドバンス,卸売業,1.0,★☆☆☆☆,0.0,0.0,1.0,0.0,0.0,0.0,0.0,0.0,見送り(地合い🔴),,0.0,-0.1,6.3,-3.5,2365,2704.0,1.3,0.5,188,-
2962,テクニスコ,金属製品,1.0,★☆☆☆☆,0.0,0.0,1.0,0.0,0.0,0.0,0.0,0.0,見送り(地合い🔴),,0.0,-16.8,10.8,-15.9,926,1182.0,-7.4,0.4,312,-
9270,バリュエンスホールディングス,卸売業,1.0,★☆☆☆☆,0.0,0.0,1.0,0.0,0.0,0.0,0.0,0.0,見送り(地合い🔴),,0.0,-8.2,7.1,-10.4,1579,1840.0,-4.0,0.5,290,-
2264,森永乳業,食料品,1.0,★☆☆☆☆,0.0,0.0,0.0,0.0,1.0,0.0,0.0,0.0,見送り(地合い🔴),,0.0,-3.2,3.6,-5.2,1106,1191.0,-5.4,0.9,2390,-
9247,ＴＲＥホールディングス,サービス業,1.0,★☆☆☆☆,0.0,0.0,0.0,0.0,1.0,0.0,0.0,0.0,見送り(地合い🔴),,0.0,3.4,3.9,-4.6,1862,2018.0,-4.6,1.1,729,-
7956,ピジョン,その他製品,1.0,★☆☆☆☆,0.0,0.0,1.0,0.0,0.0,0.0,0.0,0.0,見送り(地合い🔴),,0.0,2.5,2.3,-1.0,1930,2020.5,3.9,1.2,1873,-
4691,ワシントンホテル,サービス業,1.0,★☆☆☆☆,0.0,0.0,1.0,0.0,0.0,0.0,0.0,0.0,見送り(地合い🔴),,0.0,-10.8,5.3,-11.5,1925,2152.0,-5.6,1.2,142,-
4593,ヘリオス,医薬品,1.0,★☆☆☆☆,0.0,0.0,1.0,0.0,0.0,0.0,0.0,0.0,見送り(地合い🔴),,0.0,-1.1,6.1,-5.4,207,236.0,-1.3,1.3,396,-
277A,グロービング,サービス業,1.0,★☆☆☆☆,0.0,0.0,1.0,0.0,0.0,0.0,0.0,0.0,見送り(地合い🔴),,0.0,-22.4,6.8,-16.7,1400,1622.0,-1.1,0.3,622,-
8876,リログループ,サービス業,1.0,★☆☆☆☆,0.0,0.0,0.0,0.0,1.0,0.0,0.0,0.0,見送り(地合い🔴),,0.0,3.9,2.3,-1.4,1920,2014.0,0.7,1.0,1211,-
1720,東急建設,建設業,1.0,★☆☆☆☆,0.0,0.0,1.0,0.0,0.0,0.0,0.0,0.0,見送り(地合い🔴),,0.0,5.2,2.3,-1.3,1113,1166.0,-0.2,1.2,376,-
7685,ＢｕｙＳｅｌｌ　Ｔｅｃｈｎｏｌｏｇｉｅｓ,卸売業,1.0,★☆☆☆☆,0.0,0.0,1.0,0.0,0.0,0.0,0.0,0.0,見送り(地合い🔴),,0.0,-6.9,5.0,-11.0,2677,2972.0,-5.5,1.3,1166,-
4519,中外製薬,医薬品,1.0,★☆☆☆☆,0.0,0.0,1.0,0.0,0.0,0.0,0.0,0.0,見送り(地合い🔴),,0.0,-0.2,3.2,-5.0,6488,6932.0,-6.5,1.0,20394,-
5532,リアルゲイト,不動産業,1.0,★☆☆☆☆,0.0,0.0,1.0,0.0,0.0,0.0,0.0,0.0,見送り(地合い🔴),,0.0,0.2,4.7,-6.3,2989,3300.0,-5.4,1.4,103,-
1926,ライト工業,建設業,1.0,★☆☆☆☆,0.0,0.0,0.0,0.0,1.0,0.0,0.0,0.0,見送り(地合い🔴),,0.0,-1.6,2.5,-4.5,3584,3775.0,-2.2,1.1,587,-
4506,住友ファーマ,医薬品,1.0,★☆☆☆☆,0.0,0.0,1.0,0.0,0.0,0.0,0.0,0.0,見送り(地合い🔴),,0.0,-9.9,3.8,-9.6,1154,1248.0,-2.8,1.2,5037,-
6651,日東工業,電気機器,1.0,★☆☆☆☆,0.0,0.0,0.0,0.0,1.0,0.0,0.0,0.0,見送り(地合い🔴),,0.0,-0.3,2.9,-3.4,4095,4350.0,0.2,1.0,406,-
9468,ＫＡＤＯＫＡＷＡ,情報・通信業,1.0,★☆☆☆☆,0.0,0.0,1.0,0.0,0.0,0.0,0.0,0.0,見送り(地合い🔴),,0.0,1.3,2.7,-4.1,3283,3473.0,-0.2,1.3,1881,-
4667,アイサンテクノロジー,情報・通信業,1.0,★☆☆☆☆,0.0,0.0,1.0,0.0,0.0,0.0,0.0,0.0,見送り(地合い🔴),,0.0,-3.0,4.9,-9.1,1640,1818.0,-2.8,0.3,105,-
2337,いちご,不動産業,1.0,★☆☆☆☆,0.0,0.0,1.0,0.0,0.0,0.0,0.0,0.0,見送り(地合い🔴),,0.0,1.8,3.1,-4.5,389,414.0,-2.4,1.2,393,-
1893,五洋建設,建設業,1.0,★☆☆☆☆,0.0,0.0,1.0,0.0,0.0,0.0,0.0,0.0,見送り(地合い🔴),,0.0,-3.4,4.3,-6.7,1378,1508.0,-3.9,1.3,2675,-
7730,マニー,精密機器,1.0,★☆☆☆☆,0.0,0.0,1.0,0.0,0.0,0.0,0.0,0.0,見送り(地合い🔴),,0.0,-7.3,3.1,-8.3,1417,1512.0,-1.4,1.0,645,-
3443,川田テクノロジーズ,金属製品,1.0,★☆☆☆☆,0.0,0.0,1.0,0.0,0.0,0.0,0.0,0.0,見送り(地合い🔴),,0.0,3.8,2.8,-3.1,1199,1271.0,-1.8,1.3,318,-
2685,アンドエスティＨＤ,小売業,1.0,★☆☆☆☆,0.0,0.0,0.0,0.0,1.0,0.0,0.0,0.0,見送り(地合い🔴),,0.0,5.8,2.4,-2.6,3216,3380.0,1.3,1.1,699,-
1938,日本リーテック,建設業,1.0,★☆☆☆☆,0.0,0.0,1.0,0.0,0.0,0.0,0.0,0.0,見送り(地合い🔴),,0.0,-2.4,3.1,-5.9,2273,2422.0,-3.4,1.4,210,-
1434,ＪＥＳＣＯホールディングス,建設業,1.0,★☆☆☆☆,0.0,0.0,1.0,0.0,0.0,0.0,0.0,0.0,見送り(地合い🔴),,0.0,-0.0,5.1,-4.8,1530,1705.0,1.3,0.9,153,-
3922,ＰＲ　ＴＩＭＥＳ,情報・通信業,1.0,★☆☆☆☆,0.0,0.0,1.0,0.0,0.0,0.0,0.0,0.0,見送り(地合い🔴),,0.0,-6.2,3.3,-7.2,1952,2091.0,-0.6,0.5,155,-
9960,東テク,卸売業,1.0,★☆☆☆☆,0.0,0.0,0.0,0.0,1.0,0.0,0.0,0.0,見送り(地合い🔴),,0.0,0.6,3.7,-5.0,3581,3870.0,-5.4,0.7,410,-
6858,小野測器,電気機器,1.0,★☆☆☆☆,0.0,0.0,1.0,0.0,0.0,0.0,0.0,0.0,見送り(地合い🔴),,0.0,-4.4,4.7,-7.5,723,797.0,-9.0,0.4,140,-
6745,ホーチキ,電気機器,1.0,★☆☆☆☆,0.0,0.0,0.0,0.0,1.0,0.0,0.0,0.0,見送り(地合い🔴),,0.0,2.5,4.5,-1.6,1756,1930.0,-1.3,1.0,447,-
1860,戸田建設,建設業,1.0,★☆☆☆☆,0.0,0.0,0.0,0.0,1.0,0.0,0.0,0.0,見送り(地合い🔴),,0.0,-0.9,2.3,-4.2,1420,1490.5,-2.3,1.1,1459,-
1979,大氣社,建設業,1.0,★☆☆☆☆,0.0,0.0,0.0,0.0,1.0,0.0,0.0,0.0,見送り(地合い🔴),,0.0,-7.7,3.7,-8.9,3926,4235.0,-7.0,1.0,1327,-
6629,テクノホライゾン,電気機器,0.7,★☆☆☆☆,0.0,0.0,0.0,0.0,0.0,0.0,0.7,0.0,見送り(地合い🔴),,0.0,-3.1,5.9,-7.9,805,913.0,-11.4,0.8,278,開示[子会社化](9日前)
2334,イオレ,サービス業,0.6,★☆☆☆☆,0.0,0.0,0.0,0.0,0.0,0.0,0.6,0.0,見送り(地合い🔴),,0.0,-17.8,6.1,-16.4,398,453.0,-12.0,0.5,843,開示[データセンター](10日前)
3776,ブロードバンドタワー,情報・通信業,0.5,★☆☆☆☆,0.0,0.0,0.0,0.0,0.0,0.0,0.5,0.0,見送り(地合い🔴),,0.0,-11.5,6.6,-14.4,200,230.0,-2.5,0.8,213,開示[業績予想の修正](11日前)
7456,松田産業,卸売業,0.0,★☆☆☆☆,0.0,0.0,0.0,0.0,0.0,0.0,0.0,0.0,見送り(地合い🔴),,0.0,0.6,4.2,-3.7,4924,5380.0,-2.5,1.0,511,-
2160,ジーエヌアイグループ,医薬品,0.0,★☆☆☆☆,0.0,0.0,0.0,0.0,0.0,0.0,0.0,0.0,見送り(地合い🔴),,0.0,-7.0,4.5,-5.1,2251,2475.0,-4.9,1.1,2208,-
4151,協和キリン,医薬品,0.0,★☆☆☆☆,0.0,0.0,0.0,0.0,0.0,0.0,0.0,0.0,見送り(地合い🔴),,0.0,3.5,2.4,-3.1,2429,2554.5,-2.4,1.1,2864,-
4265,Ｉｎｓｔｉｔｕｔｉｏｎ　ｆｏｒ　ａ　Ｇｌｏｂａｌ　Ｓｏｃｉｅｔｙ,情報・通信業,0.0,★☆☆☆☆,0.0,0.0,0.0,0.0,0.0,0.0,0.0,0.0,見送り(地合い🔴),,0.0,-19.0,9.6,-15.7,238,295.0,-9.2,0.2,132,-
8830,住友不動産,不動産業,0.0,★☆☆☆☆,0.0,0.0,0.0,0.0,0.0,0.0,0.0,0.0,見送り(地合い🔴),,0.0,3.0,2.9,-4.2,3396,3603.0,-2.1,1.2,9587,-
1815,鉄建建設,建設業,0.0,★☆☆☆☆,0.0,0.0,0.0,0.0,0.0,0.0,0.0,0.0,見送り(地合い🔴),,0.0,6.2,3.4,-1.9,4097,4400.0,-2.2,0.7,431,-
281A,インフォメティス,情報・通信業,0.0,★☆☆☆☆,0.0,0.0,0.0,0.0,0.0,0.0,0.0,0.0,見送り(地合い🔴),,0.0,-25.2,6.7,-18.7,372,429.0,-4.7,0.3,120,-
6838,多摩川ホールディングス,電気機器,0.0,★☆☆☆☆,0.0,0.0,0.0,0.0,0.0,0.0,0.0,0.0,見送り(地合い🔴),,0.0,-18.9,6.7,-14.5,1117,1290.0,-4.8,1.0,390,-
6753,シャープ,電気機器,0.0,★☆☆☆☆,0.0,0.0,0.0,0.0,0.0,0.0,0.0,0.0,見送り(地合い🔴),,0.0,2.4,3.3,-2.0,578,618.4000244140625,5.4,1.1,2022,-
1975,朝日工業社,建設業,0.0,★☆☆☆☆,0.0,0.0,0.0,0.0,0.0,0.0,0.0,0.0,見送り(地合い🔴),,0.0,-5.3,5.6,-9.9,3378,3800.0,-7.9,1.0,428,-
7004,カナデビア,機械,0.0,★☆☆☆☆,0.0,0.0,0.0,0.0,0.0,0.0,0.0,0.0,見送り(地合い🔴),,0.0,-2.7,3.4,-4.1,1108,1188.0,-1.2,1.1,1002,-
3810,サイバーステップホールディングス,情報・通信業,0.0,★☆☆☆☆,0.0,0.0,0.0,0.0,0.0,0.0,0.0,0.0,見送り(地合い🔴),,0.0,-9.9,10.2,-12.5,123,154.0,-3.7,0.1,275,-
3415,ＴＯＫＹＯ　ＢＡＳＥ,小売業,0.0,★☆☆☆☆,0.0,0.0,0.0,0.0,0.0,0.0,0.0,0.0,見送り(地合い🔴),,0.0,19.7,4.7,-2.1,346,382.0,-6.4,1.0,361,-
3444,菊池製作所,金属製品,0.0,★☆☆☆☆,0.0,0.0,0.0,0.0,0.0,0.0,0.0,0.0,見送り(地合い🔴),,0.0,-11.1,6.2,-10.3,816,930.0,-3.7,0.8,190,-
6433,ヒーハイスト,機械,0.0,★☆☆☆☆,0.0,0.0,0.0,0.0,0.0,0.0,0.0,0.0,見送り(地合い🔴),,0.0,-8.0,8.7,-11.4,737,892.0,-7.9,0.7,135,-
336A,ダイナミックマッププラットフォーム,情報・通信業,0.0,★☆☆☆☆,0.0,0.0,0.0,0.0,0.0,0.0,0.0,0.0,見送り(地合い🔴),,0.0,-3.8,5.8,-4.0,717,812.0,1.1,0.6,242,-
319A,技術承継機構,金属製品,0.0,★☆☆☆☆,0.0,0.0,0.0,0.0,0.0,0.0,0.0,0.0,見送り(地合い🔴),,0.0,5.5,8.9,-2.9,13609,16560.0,4.1,1.1,676,-
1861,熊谷組,建設業,0.0,★☆☆☆☆,0.0,0.0,0.0,0.0,0.0,0.0,0.0,0.0,見送り(地合い🔴),,0.0,6.1,2.5,-1.6,1360,1431.0,-1.8,1.0,1100,-
9941,太洋物産,卸売業,0.0,★☆☆☆☆,0.0,0.0,0.0,0.0,0.0,0.0,0.0,0.0,見送り(地合い🔴),,0.0,-7.2,6.6,-9.7,1074,1237.0,-5.6,0.2,257,-
1968,太平電業,建設業,0.0,★☆☆☆☆,0.0,0.0,0.0,0.0,0.0,0.0,0.0,0.0,見送り(地合い🔴),,0.0,1.3,3.1,-3.1,2271,2422.0,-1.8,0.9,358,-
6544,ジャパンエレベーターサービスホールディングス,サービス業,0.0,★☆☆☆☆,0.0,0.0,0.0,0.0,0.0,0.0,0.0,0.0,見送り(地合い🔴),,0.0,1.2,2.8,-3.2,1599,1693.0,1.6,1.1,916,-
5537,ＡｌｂａＬｉｎｋ,不動産業,0.0,★☆☆☆☆,0.0,0.0,0.0,0.0,0.0,0.0,0.0,0.0,見送り(地合い🔴),,0.0,-1.5,5.9,-9.9,2277,2581.0,-11.1,1.0,143,-
6492,岡野バルブ製造,機械,0.0,★☆☆☆☆,0.0,0.0,0.0,0.0,0.0,0.0,0.0,0.0,見送り(地合い🔴),,0.0,-25.1,7.4,-20.3,10951,12840.0,-8.5,0.8,628,-
5724,アサカ理研,非鉄金属,0.0,★☆☆☆☆,0.0,0.0,0.0,0.0,0.0,0.0,0.0,0.0,見送り(地合い🔴),,0.0,-0.6,5.3,-2.7,2111,2359.0,1.0,0.8,126,-
5210,日本山村硝子,ガラス・土石製品,0.0,★☆☆☆☆,0.0,0.0,0.0,0.0,0.0,0.0,0.0,0.0,見送り(地合い🔴),,0.0,3.2,2.6,-1.5,2617,2762.0,-1.6,0.5,136,-
4425,Ｋｕｄａｎ,情報・通信業,0.0,★☆☆☆☆,0.0,0.0,0.0,0.0,0.0,0.0,0.0,0.0,見送り(地合い🔴),,0.0,-9.3,6.2,-12.3,1410,1610.0,-8.7,0.9,269,-
7868,広済堂ホールディングス,その他製品,0.0,★☆☆☆☆,0.0,0.0,0.0,0.0,0.0,0.0,0.0,0.0,見送り(地合い🔴),,0.0,-0.8,3.2,-6.4,472,505.0,-3.6,0.6,270,-
9072,ニッコンホールディングス,陸運業,0.0,★☆☆☆☆,0.0,0.0,0.0,0.0,0.0,0.0,0.0,0.0,見送り(地合い🔴),,0.0,-4.6,2.5,-6.6,4793,5043.0,-2.7,1.0,1130,-
7318,セレンディップ・ホールディングス,輸送用機器,0.0,★☆☆☆☆,0.0,0.0,0.0,0.0,0.0,0.0,0.0,0.0,見送り(地合い🔴),,0.0,-8.0,7.3,-7.9,1624,1902.0,-5.5,0.5,332,-
350A,デジタルグリッド,電気・ガス業,0.0,★☆☆☆☆,0.0,0.0,0.0,0.0,0.0,0.0,0.0,0.0,見送り(地合い🔴),,0.0,0.9,4.6,-2.8,673,742.0,-2.1,0.8,231,-
4222,児玉化学工業,化学,0.0,★☆☆☆☆,0.0,0.0,0.0,0.0,0.0,0.0,0.0,0.0,見送り(地合い🔴),,0.0,-6.0,4.5,-8.8,521,572.0,-3.4,1.1,126,-
9211,エフ・コード,サービス業,0.0,★☆☆☆☆,0.0,0.0,0.0,0.0,0.0,0.0,0.0,0.0,見送り(地合い🔴),,0.0,3.2,3.7,-1.9,1251,1350.0,-0.1,0.5,149,-
7777,スリー・ディー・マトリックス,精密機器,0.0,★☆☆☆☆,0.0,0.0,0.0,0.0,0.0,0.0,0.0,0.0,見送り(地合い🔴),,0.0,-0.7,5.1,-5.8,296,329.0,-4.1,1.1,589,-
9369,キユーソー流通システム,倉庫・運輸関連業,0.0,★☆☆☆☆,0.0,0.0,0.0,0.0,0.0,0.0,0.0,0.0,見送り(地合い🔴),,0.0,-1.3,4.2,-6.7,2654,2899.0,-0.7,0.9,165,-
7199,プレミアグループ,その他金融業,0.0,★☆☆☆☆,0.0,0.0,0.0,0.0,0.0,0.0,0.0,0.0,見送り(地合い🔴),,0.0,3.0,2.5,-1.6,1950,2051.0,1.7,0.7,356,-
1801,大成建設,建設業,0.0,★☆☆☆☆,0.0,0.0,0.0,0.0,0.0,0.0,0.0,0.0,見送り(地合い🔴),,0.0,-3.1,3.9,-6.1,12041,13065.0,-4.5,1.2,8922,-
4565,ネクセラファーマ,医薬品,0.0,★☆☆☆☆,0.0,0.0,0.0,0.0,0.0,0.0,0.0,0.0,見送り(地合い🔴),,0.0,-2.4,3.5,-5.2,814,876.0,-3.0,1.1,587,-
3854,アイル,情報・通信業,0.0,★☆☆☆☆,0.0,0.0,0.0,0.0,0.0,0.0,0.0,0.0,見送り(地合い🔴),,0.0,8.0,2.5,-1.5,2147,2260.0,2.5,1.0,227,-
7256,河西工業,輸送用機器,0.0,★☆☆☆☆,0.0,0.0,0.0,0.0,0.0,0.0,0.0,0.0,見送り(地合い🔴),,0.0,2.6,4.4,-3.0,375,411.0,0.0,0.6,102,-
3911,Ａｉｍｉｎｇ,情報・通信業,0.0,★☆☆☆☆,0.0,0.0,0.0,0.0,0.0,0.0,0.0,0.0,見送り(地合い🔴),,0.0,-3.0,4.2,-7.7,169,184.0,-9.8,0.9,124,-
3915,テラスカイ,情報・通信業,0.0,★☆☆☆☆,0.0,0.0,0.0,0.0,0.0,0.0,0.0,0.0,見送り(地合い🔴),,0.0,0.7,4.8,-6.4,1877,2078.0,1.3,0.4,509,-
6036,ＫｅｅＰｅｒ技研,サービス業,0.0,★☆☆☆☆,0.0,0.0,0.0,0.0,0.0,0.0,0.0,0.0,見送り(地合い🔴),,0.0,6.7,2.2,-0.6,2685,2807.0,4.3,0.7,306,-
6245,ヒラノテクシード,機械,0.0,★☆☆☆☆,0.0,0.0,0.0,0.0,0.0,0.0,0.0,0.0,見送り(地合い🔴),,0.0,-4.4,3.5,-5.5,1500,1612.0,-0.9,0.9,164,-
6231,木村工機,機械,0.0,★☆☆☆☆,0.0,0.0,0.0,0.0,0.0,0.0,0.0,0.0,見送り(地合い🔴),,0.0,5.5,3.9,-6.8,10697,11600.0,-7.9,1.0,160,-
6071,ＩＢＪ,サービス業,0.0,★☆☆☆☆,0.0,0.0,0.0,0.0,0.0,0.0,0.0,0.0,見送り(地合い🔴),,0.0,8.7,2.6,-0.1,781,823.0,2.5,0.7,128,-
6232,ＡＣＳＬ,機械,0.0,★☆☆☆☆,0.0,0.0,0.0,0.0,0.0,0.0,0.0,0.0,見送り(地合い🔴),,0.0,-4.0,7.4,-9.9,1325,1554.0,-11.1,0.6,1128,-
4420,イーソル,情報・通信業,0.0,★☆☆☆☆,0.0,0.0,0.0,0.0,0.0,0.0,0.0,0.0,見送り(地合い🔴),,0.0,-3.8,4.5,-9.6,651,716.0,-5.7,0.7,111,-
5074,テスホールディングス,建設業,0.0,★☆☆☆☆,0.0,0.0,0.0,0.0,0.0,0.0,0.0,0.0,見送り(地合い🔴),,0.0,-15.4,9.7,-14.5,546,678.0,-6.2,0.8,1919,-
4082,第一稀元素化学工業,化学,0.0,★☆☆☆☆,0.0,0.0,0.0,0.0,0.0,0.0,0.0,0.0,見送り(地合い🔴),,0.0,-7.9,5.2,-8.1,1571,1755.0,-3.1,0.8,326,-
7719,東京衡機,精密機器,0.0,★☆☆☆☆,0.0,0.0,0.0,0.0,0.0,0.0,0.0,0.0,見送り(地合い🔴),,0.0,5.4,9.0,-4.3,346,422.0,-3.2,0.6,161,-
7649,スギホールディングス,小売業,0.0,★☆☆☆☆,0.0,0.0,0.0,0.0,0.0,0.0,0.0,0.0,見送り(地合い🔴),,0.0,-3.3,3.2,-6.6,2642,2822.5,-2.7,0.9,3113,-
7746,岡本硝子,精密機器,0.0,★☆☆☆☆,0.0,0.0,0.0,0.0,0.0,0.0,0.0,0.0,見送り(地合い🔴),,0.0,-11.9,4.8,-10.1,650,718.0,-5.3,0.6,368,-
1812,鹿島建設,建設業,0.0,★☆☆☆☆,0.0,0.0,0.0,0.0,0.0,0.0,0.0,0.0,見送り(地合い🔴),,0.0,-3.8,3.4,-6.0,5019,5383.0,-3.5,1.0,8631,-
