code,name,sector,score,stars,linkage,theme,supply,etf,tech,fund,material,penalty,signal,driver,gap_pct,rs20,atr_pct,dev25,stop,close,chg5d,v_ratio,turnover_m,reasons_str
6857,アドバンテスト,電気機器,51.5,★★★☆☆,19.2,13.3,1.0,0.0,9.5,7.0,1.5,0.0,,SK hynix,4.9,33.0,5.6,6.9,31241,35150.0,-0.6,0.3,295124,SK hynix+5.4%連動(β0.53) 未反応+4.9% / HBM・後工程(+3.6%) / MA上昇配列 / パーフェクトオーダー / 開示[自己株式の取得](7日前) / 増収+39% / ROE57%
6146,ディスコ,機械,41.2,★★☆☆☆,17.2,13.3,1.0,0.0,2.7,7.0,0.0,0.0,,SK hynix,3.6,11.8,4.9,-0.4,54821,60730.0,0.7,0.1,97990,SK hynix+5.4%連動(β0.47) 未反応+3.6% / HBM・後工程(+3.6%) / 増収+27% / ROE27%
6508,明電舎,電気機器,38.8,★☆☆☆☆,4.1,11.9,5.3,0.0,9.5,8.0,0.0,0.0,,Arista,-3.8,45.1,4.7,12.8,10964,12110.0,7.8,0.1,3947,Arista+7.2%連動(β0.23) / AIデータセンター・電力(+3.0%) / 買い出来高優勢 / 資金流入増 / MA上昇配列 / パーフェクトオーダー / 増収+26% / ROE18% / PER23倍
3993,ＰＫＳＨＡ　Ｔｅｃｈｎｏｌｏｇｙ,情報・通信業,36.8,★☆☆☆☆,15.8,6.0,3.0,0.0,8.0,4.0,0.0,0.0,,SK hynix,4.7,9.0,5.3,7.9,2861,3200.0,-3.3,0.1,1286,SK hynix+5.4%連動(β0.28) 未反応+4.7% / 生成AI・ソフト(-0.6%) / MA上昇配列 / 増収+81%
6920,レーザーテック,電気機器,36.2,★☆☆☆☆,16.5,13.2,1.0,0.0,0.0,5.5,0.0,0.0,,SK hynix,3.5,-5.3,6.3,-10.1,30347,34740.0,-0.5,0.1,121008,SK hynix+5.4%連動(β0.45) 未反応+3.5% / 半導体製造装置(+3.6%) / ROE34%
7729,東京精密,精密機器,35.6,★☆☆☆☆,5.8,13.3,2.0,0.0,7.0,7.5,0.0,0.0,,SK hynix,-5.2,19.4,4.6,4.8,16859,18585.0,7.2,0.1,8533,SK hynix+5.4%連動(β0.43) / HBM・後工程(+3.6%) / 増収+19%
4062,イビデン,電気機器,34.6,★☆☆☆☆,7.3,13.3,2.0,0.0,6.0,6.0,0.0,0.0,,SK hynix,-4.8,47.0,7.1,11.4,17736,20675.0,8.0,0.2,148291,SK hynix+5.4%連動(β0.54) / HBM・後工程(+3.6%) / 増収+26%
5985,サンコール,金属製品,34.3,★☆☆☆☆,16.0,0.0,5.3,0.0,12.0,6.0,0.0,-5.0,,SK hynix,8.9,105.8,10.1,30.2,1851,2318.0,-6.6,0.2,3559,SK hynix+5.4%連動(β0.30) 未反応+8.9% / 買い出来高優勢 / 資金流入増 / MA上昇配列 / パーフェクトオーダー / 過熱⚠25MA+30% / ROE18% / PER11倍
4443,Ｓａｎｓａｎ,情報・通信業,33.7,★☆☆☆☆,15.7,0.0,1.0,0.0,10.0,7.0,0.0,0.0,,Microsoft,4.6,-1.1,4.4,7.7,1969,2161.0,-2.7,0.2,2171,Microsoft+2.7%連動(β0.54) 未反応+4.6% / MA上昇配列 / パーフェクトオーダー / 増収+20% / ROE36%
6871,日本マイクロニクス,電気機器,33.3,★☆☆☆☆,9.6,13.2,2.0,0.0,0.0,8.5,0.0,0.0,,SK hynix,0.7,17.9,6.8,-0.7,12094,14000.0,1.7,0.1,20898,SK hynix+5.4%連動(β0.55) 未反応+0.7% / 半導体製造装置(+3.6%) / 増収+26% / ROE26%
6258,平田機工,機械,33.3,★☆☆☆☆,13.8,0.0,3.0,0.0,8.5,8.0,0.0,0.0,,SK hynix,3.2,24.9,6.3,6.1,3036,3470.0,1.3,0.1,1314,SK hynix+5.4%連動(β0.31) 未反応+3.2% / MA上昇配列 / パーフェクトオーダー / 増収+17% / PER17倍
5805,ＳＷＣＣ,非鉄金属,33.2,★☆☆☆☆,4.3,10.6,3.3,0.0,6.0,9.0,0.0,0.0,,SK hynix,-1.8,30.8,5.8,11.9,12719,14380.0,2.6,0.1,6856,SK hynix+5.4%連動(β0.32) / 光通信・電線(+2.3%) / 買い出来高優勢 / 増収+25% / ROE24% / PER23倍
285A,キオクシアホールディングス,電気機器,33.1,★☆☆☆☆,19.1,0.0,2.0,0.0,5.0,7.0,0.0,0.0,,SK hynix,5.5,31.3,8.9,3.5,43436,52900.0,-0.1,0.1,2119065,SK hynix+5.4%連動(β0.53) 未反応+5.5% / 増収+416% / ROE87%
6323,ローツェ,機械,32.9,★☆☆☆☆,7.0,13.2,2.0,0.0,3.7,7.0,0.0,0.0,,SK hynix,-2.9,13.8,5.0,1.4,3736,4151.0,6.6,0.1,8932,SK hynix+5.4%連動(β0.52) / 半導体製造装置(+3.6%) / ROE15%
135A,ＶＲＡＩＮ　Ｓｏｌｕｔｉｏｎ,情報・通信業,31.4,★☆☆☆☆,15.1,0.0,3.3,0.0,6.0,7.0,0.0,0.0,,SK hynix,7.2,9.3,4.7,4.7,3744,4130.0,-5.5,0.1,205,SK hynix+5.4%連動(β0.23) 未反応+7.2% / 買い出来高優勢 / 増収+75% / ROE37%
4992,北興化学工業,化学,31.2,★☆☆☆☆,14.0,0.0,1.0,0.0,9.7,6.5,0.0,0.0,,SK hynix,3.7,6.1,2.2,2.3,1914,2003.0,-2.7,0.1,206,SK hynix+5.4%連動(β0.21) 未反応+3.7% / MA上昇配列 / パーフェクトオーダー / PER10倍
8035,東京エレクトロン,電気機器,30.8,★☆☆☆☆,5.9,13.2,2.0,0.0,2.7,7.0,0.0,0.0,,SK hynix,-1.7,6.5,4.2,-0.6,51764,56480.0,4.6,0.1,203956,SK hynix+5.4%連動(β0.43) / 半導体製造装置(+3.6%) / 増収+33% / ROE31%
6501,日立製作所,電気機器,30.8,★☆☆☆☆,4.1,11.9,3.3,0.0,6.0,5.5,0.0,0.0,,Arista,-1.2,1.2,2.6,0.3,5059,5341.0,1.5,0.1,63635,Arista+7.2%連動(β0.23) / AIデータセンター・電力(+3.0%) / 買い出来高優勢 / MA上昇配列 / パーフェクトオーダー / 増収+20%
3110,日東紡績,ガラス・土石製品,30.599999999999998,★☆☆☆☆,17.9,0.0,0.0,0.0,2.7,10.0,0.0,0.0,,SK hynix,4.0,8.5,6.9,-0.4,2602,3015.0,-4.9,0.1,23372,SK hynix+5.4%連動(β0.44) 未反応+4.0% / 増収+21% / ROE28% / PER13倍
5802,住友電気工業,非鉄金属,29.5,★☆☆☆☆,4.9,10.6,2.0,0.0,4.0,8.0,0.0,0.0,,Lumentum,-1.2,2.0,5.0,-0.1,2021,2248.0,1.3,0.1,56369,Lumentum+8.3%連動(β0.24) / 光通信・電線(+2.3%) / 増収+16% / ROE16% / PER19倍
8388,阿波銀行,銀行業,29.0,★☆☆☆☆,0.0,0.0,4.3,0.0,15.0,8.0,1.7,0.0,,,0.0,11.7,3.3,11.0,9236,9890.0,10.9,0.4,1405,買い出来高優勢 / MA上昇配列 / パーフェクトオーダー / 52週高値ブレイク! / 開示[株式分割](2日前) / 増収+78% / PER25倍
5801,古河電気工業,非鉄金属,29.0,★☆☆☆☆,6.2,10.6,1.0,0.0,4.7,6.5,0.0,0.0,,Lumentum,-1.1,36.2,8.2,7.2,3311,3956.0,2.4,0.1,129199,Lumentum+8.3%連動(β0.30) / 光通信・電線(+2.3%) / 増収+24% / ROE23%
7735,ＳＣＲＥＥＮホールディングス,電気機器,28.2,★☆☆☆☆,5.8,13.2,1.0,0.0,3.7,4.5,0.0,0.0,,SK hynix,-4.2,11.3,4.5,1.2,12574,13815.0,5.6,0.1,41300,SK hynix+5.4%連動(β0.43) / 半導体製造装置(+3.6%) / ROE19%
6315,ＴＯＷＡ,機械,28.1,★☆☆☆☆,7.3,13.3,1.0,0.0,0.0,6.5,0.0,0.0,,SK hynix,-1.6,-3.5,5.7,-6.8,2105,2377.0,3.0,0.2,11959,SK hynix+5.4%連動(β0.54) / HBM・後工程(+3.6%) / 増収+100%
8622,水戸証券,証券、商品先物取引業,28.0,★☆☆☆☆,0.0,0.0,5.3,0.0,13.7,9.0,0.0,0.0,,,0.0,15.5,2.8,12.6,906,960.0,4.5,0.2,365,買い出来高優勢 / 資金流入増 / MA上昇配列 / パーフェクトオーダー / 52週高値ブレイク! / 増収+72% / PER18倍
5803,フジクラ,非鉄金属,28.0,★☆☆☆☆,6.9,10.6,3.0,0.0,3.5,4.0,0.0,0.0,,Arista,0.1,37.3,7.8,8.3,4569,5409.0,1.3,0.1,334858,Arista+7.2%連動(β0.36) / 光通信・電線(+2.3%) / ROE39%
6503,三菱電機,電気機器,27.8,★☆☆☆☆,5.9,11.9,2.0,0.0,1.0,5.0,2.0,0.0,,SK hynix,0.9,2.3,3.1,-1.6,5279,5627.0,-0.5,0.1,34122,SK hynix+5.4%連動(β0.24) 未反応+0.9% / AIデータセンター・電力(+3.0%) / 開示[子会社化](7日前) / 開示[子会社化](7日前)
4461,第一工業製薬,化学,27.7,★☆☆☆☆,5.2,0.0,5.3,0.0,7.2,10.0,0.0,0.0,,SK hynix,0.2,52.7,6.2,8.5,12324,14060.0,4.8,0.1,3205,SK hynix+5.4%連動(β0.33) / 買い出来高優勢 / 資金流入増 / MA上昇配列 / パーフェクトオーダー / 増収+44% / ROE19% / PER23倍
4847,インテリジェント　ウェイブ,情報・通信業,27.5,★☆☆☆☆,0.0,0.0,4.0,0.0,13.5,10.0,0.0,0.0,,,0.0,26.8,3.1,14.6,1267,1350.0,2.9,0.0,344,資金流入増 / MA上昇配列 / パーフェクトオーダー / 52週高値目前 / 増収+17% / ROE15% / PER24倍
7184,富山第一銀行,銀行業,27.3,★☆☆☆☆,0.0,0.0,3.3,0.0,15.0,9.0,0.0,0.0,,,0.0,9.1,4.0,9.4,3136,3410.0,9.1,0.1,638,買い出来高優勢 / MA上昇配列 / パーフェクトオーダー / 52週高値ブレイク! / 増収+54% / PER14倍
6855,日本電子材料,電気機器,27.3,★☆☆☆☆,13.1,0.0,2.0,0.0,2.2,10.0,0.0,0.0,,SK hynix,2.0,23.7,6.8,1.4,5664,6560.0,-1.5,0.1,5332,SK hynix+5.4%連動(β0.52) 未反応+2.0% / 増収+77% / ROE18% / PER15倍
8604,野村ホールディングス,証券、商品先物取引業,27.2,★☆☆☆☆,2.7,0.0,2.0,0.0,13.5,9.0,0.0,0.0,,SK hynix,-3.4,-4.6,1.9,2.9,1542,1603.0,5.4,0.1,14607,SK hynix+5.4%連動(β0.20) / MA上昇配列 / パーフェクトオーダー / 52週高値目前 / 増収+31% / PER12倍
8609,岡三証券グループ,証券、商品先物取引業,27.0,★☆☆☆☆,0.0,0.0,3.0,0.0,15.0,9.0,0.0,0.0,,,0.0,9.9,2.2,8.1,1150,1204.0,4.7,0.2,565,MA上昇配列 / パーフェクトオーダー / 52週高値ブレイク! / 増収+67% / PER11倍
8704,トレイダーズホールディングス,証券、商品先物取引業,27.0,★☆☆☆☆,0.0,0.0,2.0,0.0,15.0,10.0,0.0,0.0,,,0.0,10.4,2.7,7.4,1337,1414.0,4.0,0.2,115,MA上昇配列 / パーフェクトオーダー / 52週高値ブレイク! / 増収+59% / ROE24% / PER9倍
7911,ＴＯＰＰＡＮホールディングス,その他製品,27.0,★☆☆☆☆,10.5,0.0,2.0,0.0,8.5,6.0,0.0,0.0,,SK hynix,2.6,11.4,4.7,3.8,4569,5048.0,-1.3,0.1,9201,SK hynix+5.4%連動(β0.21) 未反応+2.6% / MA上昇配列 / パーフェクトオーダー / 増収+15% / PER22倍
1879,新日本建設,建設業,26.8,★☆☆☆☆,0.0,0.0,5.3,0.0,13.5,8.0,0.0,0.0,,,0.0,5.7,1.8,6.1,2280,2365.0,3.2,0.5,458,買い出来高優勢 / 資金流入増 / MA上昇配列 / パーフェクトオーダー / 52週高値目前 / 増収+29% / PER9倍
3131,シンデン・ハイテックス,卸売業,26.7,★☆☆☆☆,10.4,0.0,5.3,0.0,8.5,5.5,0.0,-3.0,,SK hynix,2.2,77.9,9.2,17.6,4926,6040.0,-1.6,0.0,489,SK hynix+5.4%連動(β0.28) 未反応+2.2% / 買い出来高優勢 / 資金流入増 / MA上昇配列 / パーフェクトオーダー / 伸びすぎ注意(25MA+18%) / 増収+100%
2108,日本甜菜製糖,食料品,26.1,★☆☆☆☆,0.0,0.0,4.3,0.0,12.0,3.0,6.8,0.0,,,0.0,-0.4,3.2,4.8,5213,5570.0,-0.2,0.3,175,買い出来高優勢 / MA上昇配列 / パーフェクトオーダー / 開示[自己株式の取得](3日前) / 開示[株式分割](3日前) / PER14倍
7609,ダイトロン,卸売業,26.099999999999998,★☆☆☆☆,2.9,0.0,5.3,0.0,7.2,9.0,1.7,0.0,,SK hynix,-1.3,28.6,5.1,3.8,3735,4160.0,-0.4,0.1,957,SK hynix+5.4%連動(β0.21) / 買い出来高優勢 / 資金流入増 / MA上昇配列 / パーフェクトオーダー / 開示[自己株式の取得](6日前) / 増収+15% / ROE17% / PER15倍
6387,サムコ,機械,25.9,★☆☆☆☆,16.4,0.0,1.0,0.0,1.5,7.0,0.0,0.0,,Arista,3.5,10.0,7.1,-3.4,7539,8780.0,-3.2,0.1,1071,Arista+7.2%連動(β0.33) 未反応+3.5% / 増収+33% / ROE15%
4116,大日精化工業,化学,25.8,★☆☆☆☆,0.0,0.0,5.3,0.0,15.0,5.5,0.0,0.0,,,0.0,19.7,2.7,12.5,1333,1410.0,8.8,0.1,324,買い出来高優勢 / 資金流入増 / MA上昇配列 / パーフェクトオーダー / 52週高値ブレイク! / PER12倍
8075,神鋼商事,卸売業,25.8,★☆☆☆☆,0.0,0.0,5.3,0.0,13.5,7.0,0.0,0.0,,,0.0,14.3,2.6,9.1,2946,3105.0,2.6,0.0,244,買い出来高優勢 / 資金流入増 / MA上昇配列 / パーフェクトオーダー / 52週高値目前 / 増収+20% / PER10倍
4471,三洋化成工業,化学,25.8,★☆☆☆☆,0.0,0.0,5.3,0.0,13.5,7.0,0.0,0.0,,,0.0,27.5,3.1,11.9,6037,6440.0,3.0,0.0,1001,買い出来高優勢 / 資金流入増 / MA上昇配列 / パーフェクトオーダー / 52週高値目前 / 増収+21% / PER9倍
9692,シーイーシー,情報・通信業,25.8,★☆☆☆☆,0.0,0.0,3.3,0.0,12.2,8.0,2.3,0.0,,,0.0,1.2,2.3,7.2,2370,2484.0,2.8,0.1,279,買い出来高優勢 / MA上昇配列 / パーフェクトオーダー / 52週高値目前 / 開示[上方修正](6日前) / 増収+17% / PER15倍
3763,プロシップ,情報・通信業,25.8,★☆☆☆☆,0.0,0.0,5.3,0.0,12.0,8.5,0.0,0.0,,,0.0,18.7,6.0,13.4,2037,2312.0,-4.9,0.1,157,買い出来高優勢 / 資金流入増 / MA上昇配列 / パーフェクトオーダー / 増収+37% / ROE25%
3374,内外テック,卸売業,25.6,★☆☆☆☆,3.6,0.0,3.0,0.0,12.0,7.0,0.0,0.0,,SK hynix,-6.0,42.4,5.6,14.9,3846,4330.0,9.8,0.2,244,SK hynix+5.4%連動(β0.26) / MA上昇配列 / パーフェクトオーダー / 増収+60% / PER15倍
8537,大光銀行,銀行業,25.200000000000003,★☆☆☆☆,0.0,0.0,3.3,0.0,12.0,4.5,5.4,0.0,,,0.0,8.6,3.5,6.3,2801,3015.0,0.6,0.0,140,買い出来高優勢 / MA上昇配列 / パーフェクトオーダー / 開示[自己株式の取得](1日前) / 開示[自己株式の取得](2日前) / PER10倍
8522,名古屋銀行,銀行業,25.0,★☆☆☆☆,2.5,0.0,1.0,0.0,13.5,8.0,0.0,0.0,,SK hynix,-0.6,3.2,3.3,5.5,6629,7090.0,3.4,0.1,1114,SK hynix+5.4%連動(β0.19) / MA上昇配列 / パーフェクトオーダー / 52週高値目前 / 増収+19% / PER17倍
1939,四電工,建設業,25.0,★☆☆☆☆,0.0,0.0,2.0,0.0,15.0,8.0,0.0,0.0,,,0.0,4.5,1.9,5.7,2117,2201.0,4.2,0.1,189,MA上昇配列 / パーフェクトオーダー / 52週高値ブレイク! / 増収+19% / PER14倍
1969,高砂熱学工業,建設業,24.9,★☆☆☆☆,0.0,11.9,2.0,0.0,5.0,6.0,0.0,0.0,,,0.0,-1.4,3.0,1.9,4095,4359.0,2.3,0.1,3065,AIデータセンター・電力(+3.0%) / ROE18% / PER15倍
6742,京三製作所,電気機器,24.9,★☆☆☆☆,2.6,0.0,3.3,0.0,12.0,7.0,0.0,0.0,,SK hynix,-0.8,21.4,5.3,7.9,940,1051.0,3.1,0.1,312,SK hynix+5.4%連動(β0.19) / 買い出来高優勢 / MA上昇配列 / パーフェクトオーダー / 増収+21% / PER13倍
6504,富士電機,電気機器,24.8,★☆☆☆☆,4.2,11.9,0.0,0.0,2.2,6.5,0.0,0.0,,Arista,-0.5,11.3,3.8,1.8,13110,14185.0,4.0,0.1,13952,Arista+7.2%連動(β0.24) / AIデータセンター・電力(+3.0%) / PER21倍
2820,やまみ,食料品,24.8,★☆☆☆☆,0.0,0.0,5.3,0.0,12.0,7.5,0.0,0.0,,,0.0,14.6,5.2,8.1,5254,5870.0,-5.5,0.2,122,買い出来高優勢 / 資金流入増 / MA上昇配列 / パーフェクトオーダー / ROE16% / PER21倍
8337,千葉興業銀行,銀行業,24.7,★☆☆☆☆,2.7,0.0,2.0,0.0,12.0,6.5,1.5,0.0,,SK hynix,-1.9,0.0,3.0,3.7,2611,2780.0,4.6,0.1,324,SK hynix+5.4%連動(β0.20) / MA上昇配列 / パーフェクトオーダー / 開示[自己株式の取得](7日前) / 増収+24%
7513,コジマ,小売業,24.6,★☆☆☆☆,0.0,0.0,3.0,0.0,13.5,5.5,2.6,0.0,,,0.0,-2.6,2.2,5.4,1408,1474.0,0.3,2.0,532,MA上昇配列 / パーフェクトオーダー / 52週高値目前 / 開示[自己株式の取得](2日前) / PER23倍
4114,日本触媒,化学,24.5,★☆☆☆☆,0.0,0.0,5.3,0.0,12.2,7.0,0.0,0.0,,,0.0,17.0,3.4,10.1,2487,2668.0,2.1,0.0,2591,買い出来高優勢 / 資金流入増 / MA上昇配列 / パーフェクトオーダー / 52週高値目前 / 増収+20% / PER24倍
6176,ブランジスタ,サービス業,24.5,★☆☆☆☆,0.0,0.0,5.3,0.0,12.2,7.0,0.0,0.0,,,0.0,2.6,2.2,6.1,960,1005.0,1.9,0.1,125,買い出来高優勢 / 資金流入増 / MA上昇配列 / パーフェクトオーダー / 52週高値目前 / ROE38% / PER7倍
3232,三重交通グループホールディングス,不動産業,24.3,★☆☆☆☆,0.0,0.0,7.3,0.0,10.5,6.5,0.0,0.0,,,0.0,0.5,1.9,9.1,588,611.0,8.1,1.5,150,買い出来高優勢 / 資金流入増 / MA上昇配列 / 52週高値ブレイク! / RSI過熱(96)⚠ / PER10倍
4008,住友精化,化学,24.3,★☆☆☆☆,0.0,0.0,4.3,0.0,13.5,6.5,0.0,0.0,,,0.0,20.1,2.9,9.4,1461,1551.0,3.1,0.1,417,買い出来高優勢 / MA上昇配列 / パーフェクトオーダー / 52週高値目前 / PER13倍
8713,フィデアホールディングス,銀行業,24.0,★☆☆☆☆,0.0,0.0,5.3,0.0,12.2,6.5,0.0,0.0,,,0.0,22.5,4.1,13.8,2542,2771.0,3.6,0.1,283,買い出来高優勢 / 資金流入増 / MA上昇配列 / パーフェクトオーダー / 52週高値目前 / PER12倍
6794,フォスター電機,電気機器,23.9,★☆☆☆☆,10.2,0.0,2.0,0.0,7.2,4.5,0.0,0.0,,SK hynix,2.4,5.3,4.2,1.6,2732,2982.0,-0.6,0.1,594,SK hynix+5.4%連動(β0.21) 未反応+2.4% / MA上昇配列 / パーフェクトオーダー / PER14倍
6340,澁谷工業,機械,23.8,★☆☆☆☆,0.0,0.0,5.3,0.0,12.0,6.5,0.0,0.0,,,0.0,19.3,4.8,12.8,4846,5360.0,2.3,0.3,545,買い出来高優勢 / 資金流入増 / MA上昇配列 / パーフェクトオーダー / PER15倍
3612,ワールド,繊維製品,23.7,★☆☆☆☆,0.0,0.0,5.0,0.0,12.2,6.5,0.0,0.0,,,0.0,-4.1,1.4,3.7,1648,1694.0,1.4,1.5,792,MA上昇配列 / パーフェクトオーダー / 52週高値目前 / PER10倍
8037,カメイ,卸売業,23.5,★☆☆☆☆,0.0,0.0,4.3,0.0,13.7,5.5,0.0,0.0,,,0.0,11.6,2.5,9.0,4253,4475.0,3.3,0.1,214,買い出来高優勢 / MA上昇配列 / パーフェクトオーダー / 52週高値ブレイク! / PER11倍
3048,ビックカメラ,小売業,23.5,★☆☆☆☆,0.0,0.0,7.3,0.0,10.7,5.5,0.0,0.0,,,0.0,-7.9,1.6,3.5,1756,1812.0,0.7,2.0,1807,買い出来高優勢 / 資金流入増 / MA上昇配列 / パーフェクトオーダー / PER16倍
4980,デクセリアルズ,化学,23.4,★☆☆☆☆,5.1,10.6,0.0,0.0,2.7,5.0,0.0,0.0,,Arista,-4.6,-8.0,4.6,-3.0,2808,3089.0,3.9,0.1,5992,Arista+7.2%連動(β0.28) / 光通信・電線(+2.3%) / PER19倍
7711,助川電気工業,精密機器,23.4,★☆☆☆☆,0.0,10.9,2.0,0.0,6.0,4.5,0.0,0.0,,,0.0,16.6,3.8,9.5,4681,5070.0,7.4,0.1,295,核融合(+2.5%) / 増収+26%
9842,アークランズ,小売業,23.3,★☆☆☆☆,0.0,0.0,5.3,0.0,12.0,6.0,0.0,0.0,,,0.0,-10.2,1.1,0.4,1873,1917.0,0.1,2.1,665,出来高増2.1倍 / MA上昇配列 / パーフェクトオーダー / 増収+23% / PER15倍
6958,日本シイエムケイ,電気機器,23.3,★☆☆☆☆,3.5,0.0,3.3,0.0,13.5,6.0,0.0,-3.0,,SK hynix,-9.8,32.4,4.6,15.2,730,803.0,10.0,0.2,627,SK hynix+5.4%連動(β0.26) / 買い出来高優勢 / MA上昇配列 / パーフェクトオーダー / 52週高値目前 / 伸びすぎ注意(25MA+15%) / 増収+19% / PER14倍
6574,コンヴァノ,サービス業,23.0,★☆☆☆☆,0.0,0.0,5.3,0.0,8.0,5.0,4.7,0.0,,,0.0,26.8,7.5,12.4,95,112.0,-3.4,0.2,242,買い出来高優勢 / 資金流入増 / MA上昇配列 / 開示[自己株式の取得](3日前) / 開示[自己株式の取得](3日前) / 増収+602%
8066,三谷商事,卸売業,22.7,★☆☆☆☆,0.0,0.0,4.0,0.0,13.5,5.0,0.2,0.0,,,0.0,11.5,5.5,10.8,3020,3395.0,6.1,0.2,107,資金流入増 / MA上昇配列 / パーフェクトオーダー / 52週高値目前 / 開示[自己株式の取得](13日前) / 開示[自己株式取得](14日前) / PER12倍
7537,丸文,卸売業,22.7,★☆☆☆☆,3.2,0.0,3.0,0.0,13.5,3.0,0.0,0.0,,SK hynix,-4.4,11.4,3.4,6.9,1752,1880.0,6.8,0.1,265,SK hynix+5.4%連動(β0.24) / MA上昇配列 / パーフェクトオーダー / 52週高値目前 / PER15倍
6506,安川電機,電気機器,22.5,★☆☆☆☆,9.4,6.6,2.0,0.0,1.5,3.0,0.0,0.0,,SK hynix,1.6,1.4,3.5,-2.2,4647,4995.0,-0.6,0.2,21502,SK hynix+5.4%連動(β0.35) 未反応+1.6% / ロボット(+0.3%)
6918,アバールデータ,電気機器,22.5,★☆☆☆☆,3.7,0.0,5.3,0.0,10.0,3.5,0.0,0.0,,SK hynix,-2.9,20.6,5.0,9.0,3336,3705.0,5.1,0.1,259,SK hynix+5.4%連動(β0.27) / 買い出来高優勢 / 資金流入増 / MA上昇配列 / パーフェクトオーダー / 開示[業績予想の修正](14日前)
8059,第一実業,卸売業,22.0,★☆☆☆☆,0.0,0.0,3.0,0.0,15.0,4.0,0.0,0.0,,,0.0,0.8,2.0,6.1,3577,3730.0,4.3,0.8,390,MA上昇配列 / パーフェクトオーダー / 52週高値ブレイク! / PER12倍
7774,ジャパン・ティッシュエンジニアリング,精密機器,21.8,★☆☆☆☆,0.0,0.0,5.3,0.0,13.5,3.0,0.0,0.0,,,0.0,37.6,4.7,12.7,790,872.0,4.8,0.1,121,買い出来高優勢 / 資金流入増 / MA上昇配列 / パーフェクトオーダー / 52週高値目前 / 増収+80%
6521,オキサイド,電気機器,21.299999999999997,★☆☆☆☆,11.4,0.0,0.0,0.0,5.0,4.0,0.9,0.0,,SK hynix,2.1,13.7,5.4,4.3,2981,3345.0,-0.1,0.1,621,SK hynix+5.4%連動(β0.38) 未反応+2.1% / 開示[設備投資](8日前) / 増収+23%
6976,太陽誘電,電気機器,21.0,★☆☆☆☆,18.0,0.0,0.0,0.0,1.5,1.5,0.0,0.0,,SK hynix,4.3,-5.1,8.7,-9.7,7547,9128.0,-5.1,0.1,224407,SK hynix+5.4%連動(β0.45) 未反応+4.3%
4028,石原産業,化学,21.0,★☆☆☆☆,2.7,0.0,3.3,0.0,11.0,4.0,0.0,0.0,,SK hynix,-2.3,7.7,3.2,6.4,3044,3250.0,3.7,0.1,808,SK hynix+5.4%連動(β0.20) / 買い出来高優勢 / MA上昇配列 / パーフェクトオーダー / PER7倍
5310,東洋炭素,ガラス・土石製品,20.2,★☆☆☆☆,3.8,10.9,2.0,0.0,1.0,2.5,0.0,0.0,,SK hynix,-0.8,10.9,4.4,2.2,6457,7080.0,2.5,0.1,710,SK hynix+5.4%連動(β0.28) / 核融合(+2.5%)
5901,東洋製罐グループホールディングス,金属製品,17.0,★☆☆☆☆,0.0,0.0,2.0,0.0,15.0,0.0,0.0,0.0,,,0.0,1.3,1.9,5.6,4341,4512.0,4.9,0.1,1024,MA上昇配列 / パーフェクトオーダー / 52週高値ブレイク!
3994,マネーフォワード,情報・通信業,16.9,★☆☆☆☆,3.9,0.0,3.0,0.0,10.0,0.0,0.0,0.0,,Microsoft,-1.7,-0.7,5.7,9.9,5574,6297.0,0.2,0.1,3093,Microsoft+2.7%連動(β0.58) / MA上昇配列 / パーフェクトオーダー
8341,七十七銀行,銀行業,16.8,★☆☆☆☆,0.0,0.0,3.3,0.0,13.5,0.0,0.0,0.0,,,0.0,4.6,2.7,5.4,3671,3878.0,5.5,0.1,2427,買い出来高優勢 / MA上昇配列 / パーフェクトオーダー / 52週高値目前
6381,アネスト岩田,機械,16.8,★☆☆☆☆,0.0,0.0,3.3,0.0,13.5,0.0,0.0,0.0,,,0.0,4.1,1.7,4.9,1910,1979.0,1.0,0.1,189,買い出来高優勢 / MA上昇配列 / パーフェクトオーダー / 52週高値目前
8051,山善,卸売業,16.8,★☆☆☆☆,0.0,0.0,3.3,0.0,13.5,0.0,0.0,0.0,,,0.0,2.4,2.5,6.1,1875,1972.0,4.0,0.1,369,買い出来高優勢 / MA上昇配列 / パーフェクトオーダー / 52週高値目前
8358,スルガ銀行,銀行業,16.8,★☆☆☆☆,0.0,0.0,3.3,0.0,13.5,0.0,0.0,0.0,,,0.0,5.6,2.8,6.1,2786,2950.0,4.3,0.1,2454,買い出来高優勢 / MA上昇配列 / パーフェクトオーダー / 52週高値目前
8707,岩井コスモホールディングス,証券、商品先物取引業,16.8,★☆☆☆☆,0.0,0.0,3.3,0.0,13.5,0.0,0.0,0.0,,,0.0,7.9,2.0,6.6,4452,4640.0,2.0,0.1,476,買い出来高優勢 / MA上昇配列 / パーフェクトオーダー / 52週高値目前
5831,しずおかフィナンシャルグループ,銀行業,16.8,★☆☆☆☆,0.0,0.0,3.3,0.0,13.5,0.0,0.0,0.0,,,0.0,2.9,2.7,5.4,3366,3562.0,5.3,0.1,6054,買い出来高優勢 / MA上昇配列 / パーフェクトオーダー / 52週高値目前
7167,めぶきフィナンシャルグループ,銀行業,16.8,★☆☆☆☆,0.0,0.0,3.3,0.0,13.5,0.0,0.0,0.0,,,0.0,6.0,2.6,6.3,1598,1686.0,4.8,0.1,4347,買い出来高優勢 / MA上昇配列 / パーフェクトオーダー / 52週高値目前
7085,カーブスホールディングス,サービス業,16.8,★☆☆☆☆,0.0,0.0,2.0,0.0,12.2,0.0,2.6,0.0,,,0.0,-8.6,1.4,1.9,946,973.0,1.4,1.2,627,MA上昇配列 / パーフェクトオーダー / 52週高値目前 / 開示[自己株式の取得](2日前)
4246,ダイキョーニシカワ,化学,16.8,★☆☆☆☆,0.0,0.0,3.3,0.0,13.5,0.0,0.0,0.0,,,0.0,3.2,2.3,4.9,1076,1128.0,1.3,0.0,303,買い出来高優勢 / MA上昇配列 / パーフェクトオーダー / 52週高値目前
6231,木村工機,機械,16.700000000000003,★☆☆☆☆,0.0,0.0,3.3,0.0,8.0,0.0,5.4,0.0,,,0.0,6.8,4.3,5.1,12194,13330.0,3.3,0.1,175,買い出来高優勢 / MA上昇配列 / 開示[自己株式の取得](1日前) / 開示[自己株式の取得](2日前)
3106,倉敷紡績,繊維製品,16.6,★☆☆☆☆,0.0,0.0,2.0,0.0,12.0,0.0,2.6,0.0,,,0.0,7.2,3.5,3.7,9896,10650.0,3.2,0.0,423,MA上昇配列 / パーフェクトオーダー / 開示[自己株式の取得](2日前)
6237,イワキポンプ,機械,16.6,★☆☆☆☆,14.6,0.0,2.0,0.0,0.0,0.0,0.0,0.0,,SK hynix,5.3,-14.6,7.1,-12.8,3619,4215.0,-6.9,0.1,1020,SK hynix+5.4%連動(β0.19) 未反応+5.3% / 資金流入増
3946,トーモク,パルプ・紙,16.6,★☆☆☆☆,0.0,0.0,3.0,0.0,11.0,0.0,2.6,0.0,,,0.0,-5.6,2.3,1.8,4466,4680.0,-1.3,0.9,617,資金流入増 / MA上昇配列 / パーフェクトオーダー / 52週高値目前 / 開示[自己株式の取得](2日前)
7976,三菱鉛筆,その他製品,16.5,★☆☆☆☆,0.0,0.0,3.0,0.0,13.5,0.0,0.0,0.0,,,0.0,8.4,2.2,7.5,2907,3040.0,5.4,0.1,414,MA上昇配列 / パーフェクトオーダー / 52週高値目前
1847,イチケン,建設業,16.5,★☆☆☆☆,0.0,0.0,4.3,0.0,12.2,0.0,0.0,0.0,,,0.0,23.3,3.6,11.6,3212,3460.0,3.7,0.3,162,買い出来高優勢 / MA上昇配列 / パーフェクトオーダー / 52週高値目前
7832,バンダイナムコホールディングス,その他製品,16.5,★☆☆☆☆,0.0,0.0,3.0,0.0,13.5,0.0,0.0,0.0,,,0.0,11.4,3.6,11.2,5194,5597.0,0.8,0.1,16268,MA上昇配列 / パーフェクトオーダー / 52週高値目前
7762,シチズン時計,精密機器,16.5,★☆☆☆☆,0.0,0.0,4.3,0.0,12.0,0.0,0.2,0.0,,,0.0,29.2,4.7,12.0,2485,2746.0,7.0,0.1,5137,買い出来高優勢 / MA上昇配列 / パーフェクトオーダー / 開示[業績予想の修正](13日前)
6928,エノモト,電気機器,16.5,★☆☆☆☆,7.5,0.0,3.0,0.0,6.0,0.0,0.0,0.0,,SK hynix,1.5,30.8,6.0,8.0,2627,2985.0,-3.6,0.1,300,SK hynix+5.4%連動(β0.23) 未反応+1.5% / 資金流入増
4997,日本農薬,化学,16.5,★☆☆☆☆,0.0,0.0,4.3,0.0,12.2,0.0,0.0,0.0,,,0.0,9.7,2.4,8.0,1171,1229.0,1.9,0.2,239,買い出来高優勢 / MA上昇配列 / パーフェクトオーダー / 52週高値目前
6741,日本信号,電気機器,16.5,★☆☆☆☆,0.0,0.0,4.3,0.0,12.2,0.0,0.0,0.0,,,0.0,14.6,2.7,7.3,1774,1876.0,5.5,0.0,442,買い出来高優勢 / MA上昇配列 / パーフェクトオーダー / 52週高値目前
4634,ａｒｔｉｅｎｃｅ,化学,16.5,★☆☆☆☆,0.0,0.0,3.0,0.0,13.5,0.0,0.0,0.0,,,0.0,7.7,2.7,7.0,4853,5130.0,3.8,0.0,873,MA上昇配列 / パーフェクトオーダー / 52週高値目前
4401,ＡＤＥＫＡ,化学,16.4,★☆☆☆☆,2.6,0.0,4.3,0.0,9.5,0.0,0.0,0.0,,SK hynix,-1.2,15.9,3.5,7.2,4349,4676.0,2.5,0.1,2492,SK hynix+5.4%連動(β0.19) / 買い出来高優勢 / MA上昇配列 / パーフェクトオーダー
4180,Ａｐｐｉｅｒ　Ｇｒｏｕｐ,情報・通信業,16.4,★☆☆☆☆,9.7,0.0,3.0,0.0,6.7,0.0,0.0,-3.0,,Microsoft,2.0,26.2,5.3,20.0,1159,1298.0,-0.8,0.2,1941,Microsoft+2.7%連動(β0.54) 未反応+2.0% / MA上昇配列 / 伸びすぎ注意(25MA+20%) / 開示[業績予想の修正](14日前)
6862,ミナトホールディングス,電気機器,16.4,★☆☆☆☆,5.1,0.0,5.3,0.0,11.0,0.0,0.0,-5.0,,SK hynix,0.5,110.8,9.9,23.7,2729,3405.0,-5.8,0.1,1760,SK hynix+5.4%連動(β0.28) / 買い出来高優勢 / 資金流入増 / MA上昇配列 / パーフェクトオーダー / 過熱⚠25MA+24%
4025,多木化学,化学,16.3,★☆☆☆☆,0.0,0.0,4.3,0.0,12.0,0.0,0.0,0.0,,,0.0,21.9,5.9,8.9,5306,6010.0,3.1,0.4,237,買い出来高優勢 / MA上昇配列 / パーフェクトオーダー
3741,セック,情報・通信業,16.3,★☆☆☆☆,11.8,0.0,1.0,0.0,3.5,0.0,0.0,0.0,,SK hynix,3.0,3.9,3.2,1.6,2947,3150.0,-4.5,0.1,235,SK hynix+5.4%連動(β0.21) 未反応+3.0%
5702,大紀アルミニウム工業所,非鉄金属,16.3,★☆☆☆☆,0.0,0.0,4.3,0.0,12.0,0.0,0.0,0.0,,,0.0,24.5,3.8,10.6,1760,1903.0,4.3,0.1,707,買い出来高優勢 / MA上昇配列 / パーフェクトオーダー
7806,ＭＴＧ,その他製品,16.3,★☆☆☆☆,0.0,0.0,4.3,0.0,12.0,0.0,0.0,0.0,,,0.0,17.9,4.2,13.1,8323,9080.0,5.1,0.2,1300,買い出来高優勢 / MA上昇配列 / パーフェクトオーダー
5632,三菱製鋼,鉄鋼,16.3,★☆☆☆☆,0.0,0.0,4.3,0.0,12.0,0.0,0.0,0.0,,,0.0,10.8,3.3,7.3,2320,2486.0,1.7,0.1,275,買い出来高優勢 / MA上昇配列 / パーフェクトオーダー
4112,保土谷化学工業,化学,16.2,★☆☆☆☆,7.5,0.0,3.3,0.0,3.5,0.0,1.9,0.0,,SK hynix,1.6,5.8,3.3,4.1,2107,2258.0,-0.3,0.1,102,SK hynix+5.4%連動(β0.19) 未反応+1.6% / 買い出来高優勢 / 開示[子会社化](1日前)
6298,ワイエイシイホールディングス,機械,16.2,★☆☆☆☆,5.9,0.0,3.3,0.0,7.0,0.0,0.0,0.0,,SK hynix,0.6,16.7,4.0,8.2,1236,1345.0,-0.4,0.1,269,SK hynix+5.4%連動(β0.31) 未反応+0.6% / 買い出来高優勢
6440,ＪＵＫＩ,機械,16.1,★☆☆☆☆,2.8,0.0,5.3,0.0,8.0,0.0,0.0,0.0,,SK hynix,-13.3,32.6,4.4,14.3,629,690.0,13.3,0.4,298,SK hynix+5.4%連動(β0.20) / 買い出来高優勢 / 資金流入増 / MA上昇配列
5711,三菱マテリアル,非鉄金属,16.0,★☆☆☆☆,3.0,0.0,4.0,0.0,12.0,0.0,0.0,-3.0,,SK hynix,-3.4,41.1,5.5,19.6,5182,5821.0,8.9,0.3,13045,SK hynix+5.4%連動(β0.22) / 資金流入増 / MA上昇配列 / パーフェクトオーダー / 伸びすぎ注意(25MA+20%)
4674,クレスコ,情報・通信業,16.0,★☆☆☆☆,0.0,0.0,5.3,0.0,10.7,0.0,0.0,0.0,,,0.0,18.0,3.2,10.6,1878,2004.0,-1.4,0.0,488,買い出来高優勢 / 資金流入増 / MA上昇配列 / パーフェクトオーダー
8739,スパークス・グループ,証券、商品先物取引業,16.0,★☆☆☆☆,0.0,0.0,1.0,0.0,15.0,0.0,0.0,0.0,,,0.0,8.1,2.0,7.0,2496,2599.0,3.5,0.2,308,MA上昇配列 / パーフェクトオーダー / 52週高値ブレイク!
9984,ソフトバンクグループ,情報・通信業,16.0,★☆☆☆☆,15.0,0.0,1.0,0.0,0.0,0.0,0.0,0.0,,Arista,2.9,3.9,5.3,-2.8,4677,5235.0,-2.8,0.1,211720,Arista+7.2%連動(β0.35) 未反応+2.9%
4203,住友ベークライト,化学,16.0,★☆☆☆☆,3.5,0.0,4.3,0.0,8.2,0.0,0.0,0.0,,Arista,-5.2,20.4,3.7,5.4,7082,7645.0,4.6,0.1,6885,Arista+7.2%連動(β0.19) / 買い出来高優勢 / MA上昇配列 / パーフェクトオーダー
6287,サトー,機械,16.0,★☆☆☆☆,0.0,0.0,4.0,0.0,12.0,0.0,0.0,0.0,,,0.0,6.7,2.7,7.0,2674,2824.0,1.9,0.0,487,資金流入増 / MA上昇配列 / パーフェクトオーダー
2685,アンドエスティＨＤ,小売業,16.0,★☆☆☆☆,0.0,0.0,4.0,0.0,12.0,0.0,0.0,0.0,,,0.0,-4.5,1.7,3.1,3451,3570.0,2.3,1.4,1088,MA上昇配列 / パーフェクトオーダー
8252,丸井グループ,小売業,15.9,★☆☆☆☆,0.0,0.0,1.0,0.0,10.0,0.0,4.9,0.0,,,0.0,-10.5,1.5,0.3,2882,2971.5,-0.2,0.1,2898,MA上昇配列 / 開示[自己株式の取得](2日前) / 開示[自己株式取得](3日前)
5367,ニッカトー,ガラス・土石製品,15.899999999999999,★☆☆☆☆,8.9,0.0,3.3,0.0,3.7,0.0,0.0,0.0,,SK hynix,1.9,19.5,4.6,1.2,1111,1224.0,0.6,0.0,513,SK hynix+5.4%連動(β0.24) 未反応+1.9% / 買い出来高優勢
1515,日鉄鉱業,鉱業,15.8,★☆☆☆☆,3.5,0.0,4.3,0.0,11.0,0.0,0.0,-3.0,,SK hynix,-5.9,37.6,6.2,18.2,3410,3890.0,10.5,0.1,2360,SK hynix+5.4%連動(β0.26) / 買い出来高優勢 / MA上昇配列 / パーフェクトオーダー / 伸びすぎ注意(25MA+18%)
7715,長野計器,精密機器,15.8,★☆☆☆☆,6.6,0.0,2.0,0.0,7.2,0.0,0.0,0.0,,SK hynix,1.0,11.8,5.4,1.5,3541,3970.0,3.1,0.1,566,SK hynix+5.4%連動(β0.27) 未反応+1.0% / MA上昇配列 / パーフェクトオーダー
6071,ＩＢＪ,サービス業,15.8,★☆☆☆☆,0.0,0.0,5.3,0.0,10.0,0.0,0.5,0.0,,,0.0,5.8,3.5,7.0,863,928.0,-2.1,0.0,326,買い出来高優勢 / 資金流入増 / MA上昇配列 / パーフェクトオーダー / 開示[上方修正](13日前) / 開示[増配](13日前)
2613,Ｊ－オイルミルズ,食料品,15.8,★☆☆☆☆,0.0,0.0,3.3,0.0,12.5,0.0,0.0,0.0,,,0.0,-0.0,1.6,7.1,2208,2282.0,3.2,0.2,160,買い出来高優勢 / MA上昇配列 / パーフェクトオーダー / 52週高値ブレイク! / RSI過熱(95)⚠
8613,丸三証券,証券、商品先物取引業,15.7,★☆☆☆☆,0.0,0.0,2.0,0.0,13.7,0.0,0.0,0.0,,,0.0,6.5,1.6,6.7,1248,1290.0,3.0,0.1,338,MA上昇配列 / パーフェクトオーダー / 52週高値ブレイク!
8015,豊田通商,卸売業,15.7,★☆☆☆☆,2.5,0.0,1.0,0.0,12.2,0.0,0.0,0.0,,SK hynix,-3.3,8.1,2.8,6.6,7110,7539.0,4.8,0.1,20149,SK hynix+5.4%連動(β0.19) / MA上昇配列 / パーフェクトオーダー / 52週高値目前
8338,筑波銀行,銀行業,15.7,★☆☆☆☆,2.9,0.0,3.3,0.0,9.5,0.0,0.0,0.0,,SK hynix,-2.7,12.3,4.9,7.6,666,739.0,4.4,0.2,1357,SK hynix+5.4%連動(β0.21) / 買い出来高優勢 / MA上昇配列 / パーフェクトオーダー
8616,東海東京フィナンシャル・ホールディングス,証券、商品先物取引業,15.7,★☆☆☆☆,0.0,0.0,2.0,0.0,13.7,0.0,0.0,0.0,,,0.0,4.3,1.6,6.3,851,880.0,3.2,0.1,654,MA上昇配列 / パーフェクトオーダー / 52週高値ブレイク!
6349,小森コーポレーション,機械,15.7,★☆☆☆☆,0.0,0.0,2.0,0.0,13.7,0.0,0.0,0.0,,,0.0,16.0,1.8,8.6,1976,2049.0,3.2,0.0,548,資金流入増 / MA上昇配列 / パーフェクトオーダー / 52週高値ブレイク!
8167,リテールパートナーズ,小売業,15.7,★☆☆☆☆,0.0,0.0,3.0,0.0,11.0,0.0,1.7,0.0,,,0.0,-3.1,2.6,3.5,1374,1450.0,1.5,0.9,314,資金流入増 / MA上昇配列 / パーフェクトオーダー / 開示[自己株式の取得](6日前)
5970,ジーテクト,金属製品,15.5,★☆☆☆☆,0.0,0.0,2.0,0.0,13.5,0.0,0.0,0.0,,,0.0,1.1,2.1,4.1,2235,2335.0,-1.4,0.1,268,MA上昇配列 / パーフェクトオーダー / 52週高値目前
7327,第四北越フィナンシャルグループ,銀行業,15.5,★☆☆☆☆,0.0,0.0,2.0,0.0,13.5,0.0,0.0,0.0,,,0.0,5.7,2.5,5.8,2420,2545.0,4.9,0.1,1887,MA上昇配列 / パーフェクトオーダー / 52週高値目前
6676,ＢＵＦＦＡＬＯ,電気機器,15.5,★☆☆☆☆,0.0,0.0,2.0,0.0,13.5,0.0,0.0,0.0,,,0.0,3.9,2.6,5.5,2817,2974.0,5.2,0.1,119,MA上昇配列 / パーフェクトオーダー / 52週高値目前
7239,タチエス,輸送用機器,15.5,★☆☆☆☆,0.0,0.0,2.0,0.0,13.5,0.0,0.0,0.0,,,0.0,-1.4,1.4,3.6,2301,2368.0,1.8,0.1,198,MA上昇配列 / パーフェクトオーダー / 52週高値目前
7552,ハピネット,卸売業,15.5,★☆☆☆☆,0.0,0.0,2.0,0.0,13.5,0.0,0.0,0.0,,,0.0,3.7,3.9,8.9,3435,3725.0,-0.9,0.1,868,MA上昇配列 / パーフェクトオーダー / 52週高値目前
2001,ニップン,食料品,15.5,★☆☆☆☆,0.0,0.0,2.0,0.0,13.5,0.0,0.0,0.0,,,0.0,-7.4,1.4,2.2,2848,2929.0,1.0,0.0,514,MA上昇配列 / パーフェクトオーダー / 52週高値目前
8098,稲畑産業,卸売業,15.5,★☆☆☆☆,0.0,0.0,2.0,0.0,13.5,0.0,0.0,0.0,,,0.0,0.1,1.6,4.5,4156,4290.0,3.1,0.1,377,MA上昇配列 / パーフェクトオーダー / 52週高値目前
7914,共同印刷,その他製品,15.5,★☆☆☆☆,0.0,0.0,2.0,0.0,13.5,0.0,0.0,0.0,,,0.0,-0.8,2.1,3.5,1675,1749.0,0.2,0.1,139,MA上昇配列 / パーフェクトオーダー / 52週高値目前
8334,群馬銀行,銀行業,15.5,★☆☆☆☆,0.0,0.0,2.0,0.0,13.5,0.0,0.0,0.0,,,0.0,4.5,2.5,5.4,2649,2786.5,4.4,0.1,2589,MA上昇配列 / パーフェクトオーダー / 52週高値目前
6058,ベクトル,サービス業,15.5,★☆☆☆☆,0.0,0.0,2.0,0.0,13.5,0.0,0.0,0.0,,,0.0,8.7,3.1,10.8,1906,2033.0,8.1,0.1,615,MA上昇配列 / パーフェクトオーダー / 52週高値目前
8706,極東証券,証券、商品先物取引業,15.5,★☆☆☆☆,0.0,0.0,3.3,0.0,12.2,0.0,0.0,0.0,,,0.0,-0.9,1.5,4.6,1853,1910.0,1.3,0.1,270,買い出来高優勢 / MA上昇配列 / パーフェクトオーダー / 52週高値目前
4633,サカタインクス,化学,15.5,★☆☆☆☆,0.0,0.0,2.0,0.0,13.5,0.0,0.0,0.0,,,0.0,1.3,2.8,4.5,2557,2708.0,2.6,0.1,492,MA上昇配列 / パーフェクトオーダー / 52週高値目前
3399,丸千代山岡家,小売業,15.5,★☆☆☆☆,0.0,0.0,2.0,0.0,13.5,0.0,0.0,0.0,,,0.0,0.6,3.1,5.5,3683,3925.0,0.1,0.1,299,MA上昇配列 / パーフェクトオーダー / 52週高値目前
9678,カナモト,サービス業,15.5,★☆☆☆☆,0.0,0.0,2.0,0.0,13.5,0.0,0.0,0.0,,,0.0,-2.2,1.7,3.0,5327,5510.0,1.7,0.1,388,MA上昇配列 / パーフェクトオーダー / 52週高値目前
2782,セリア,小売業,15.5,★☆☆☆☆,0.0,0.0,2.0,0.0,13.5,0.0,0.0,0.0,,,0.0,5.4,3.2,6.9,4089,4365.0,1.4,0.1,1540,MA上昇配列 / パーフェクトオーダー / 52週高値目前
8368,百五銀行,銀行業,15.5,★☆☆☆☆,0.0,0.0,2.0,0.0,13.5,0.0,0.0,0.0,,,0.0,16.7,3.6,9.4,2190,2360.0,7.0,0.1,1914,MA上昇配列 / パーフェクトオーダー / 52週高値目前
8117,中央自動車工業,卸売業,15.5,★☆☆☆☆,0.0,0.0,2.0,0.0,13.5,0.0,0.0,0.0,,,0.0,8.3,2.4,8.1,2203,2316.0,9.3,0.2,257,MA上昇配列 / パーフェクトオーダー / 52週高値目前
8362,福井銀行,銀行業,15.5,★☆☆☆☆,0.0,0.0,2.0,0.0,13.5,0.0,0.0,0.0,,,0.0,16.3,4.5,12.3,6463,7100.0,7.6,0.1,471,MA上昇配列 / パーフェクトオーダー / 52週高値目前
8078,阪和興業,卸売業,15.5,★☆☆☆☆,0.0,0.0,2.0,0.0,13.5,0.0,0.0,0.0,,,0.0,3.5,2.4,5.1,1782,1872.0,2.0,0.1,782,MA上昇配列 / パーフェクトオーダー / 52週高値目前
9076,セイノーホールディングス,陸運業,15.5,★☆☆☆☆,0.0,0.0,2.0,0.0,13.5,0.0,0.0,0.0,,,0.0,-3.9,2.0,2.1,2673,2785.5,0.5,0.1,1205,MA上昇配列 / パーフェクトオーダー / 52週高値目前
9507,四国電力,電気・ガス業,15.5,★☆☆☆☆,0.0,0.0,5.3,0.0,10.2,0.0,0.0,0.0,,,0.0,14.5,2.1,11.0,1859,1942.0,4.7,0.2,1720,買い出来高優勢 / 資金流入増 / MA上昇配列 / 52週高値目前
9434,ソフトバンク,情報・通信業,15.5,★☆☆☆☆,0.0,0.0,2.0,0.0,13.5,0.0,0.0,0.0,,,0.0,-5.4,1.7,3.3,230,238.5,2.3,0.1,17705,MA上昇配列 / パーフェクトオーダー / 52週高値目前
8370,紀陽銀行,銀行業,15.5,★☆☆☆☆,0.0,0.0,2.0,0.0,13.5,0.0,0.0,0.0,,,0.0,-1.0,2.4,3.9,4831,5070.0,5.0,0.0,849,MA上昇配列 / パーフェクトオーダー / 52週高値目前
8331,千葉銀行,銀行業,15.5,★☆☆☆☆,0.0,0.0,2.0,0.0,13.5,0.0,0.0,0.0,,,0.0,-1.5,2.5,3.2,2678,2819.0,4.0,0.1,5984,MA上昇配列 / パーフェクトオーダー / 52週高値目前
7322,三十三フィナンシャルグループ,銀行業,15.5,★☆☆☆☆,0.0,0.0,2.0,0.0,13.5,0.0,0.0,0.0,,,0.0,4.5,3.5,5.4,1927,2070.0,2.2,0.0,727,MA上昇配列 / パーフェクトオーダー / 52週高値目前
7177,ＧＭＯフィナンシャルホールディングス,証券、商品先物取引業,15.5,★☆☆☆☆,0.0,0.0,2.0,0.0,13.5,0.0,0.0,0.0,,,0.0,1.8,2.0,6.6,1122,1169.0,6.8,0.2,233,MA上昇配列 / パーフェクトオーダー / 52週高値目前
8273,イズミ,小売業,15.4,★☆☆☆☆,0.0,0.0,7.7,0.0,7.7,0.0,0.0,0.0,,,0.0,-4.0,1.9,6.2,1043,1083.0,5.8,2.5,728,出来高増2.5倍 / 買い出来高優勢 / MA上昇配列
8343,秋田銀行,銀行業,15.4,★☆☆☆☆,0.0,0.0,4.3,0.0,9.5,0.0,1.6,0.0,,,0.0,13.9,3.4,9.1,8150,8750.0,5.8,0.1,1086,買い出来高優勢 / MA上昇配列 / パーフェクトオーダー / 開示[株式分割](3日前)
9706,日本空港ビルデング,不動産業,15.4,★☆☆☆☆,0.0,0.0,2.0,0.0,11.0,0.0,2.4,0.0,,,0.0,-4.5,2.5,3.9,5603,5900.0,4.5,0.2,2059,MA上昇配列 / パーフェクトオーダー / 開示[自己株式取得](3日前)
5076,インフロニア・ホールディングス,建設業,15.3,★☆☆☆☆,0.0,0.0,3.3,0.0,12.0,0.0,0.0,0.0,,,0.0,0.4,3.1,4.2,2642,2817.5,2.6,0.1,4652,買い出来高優勢 / MA上昇配列 / パーフェクトオーダー
2269,明治ホールディングス,食料品,15.3,★☆☆☆☆,0.0,0.0,4.3,0.0,11.0,0.0,0.0,0.0,,,0.0,7.1,2.3,10.7,4307,4513.0,3.9,0.1,5567,買い出来高優勢 / MA上昇配列 / パーフェクトオーダー / 52週高値目前 / RSI過熱(91)⚠
7246,プレス工業,輸送用機器,15.3,★☆☆☆☆,0.0,0.0,4.3,0.0,11.0,0.0,0.0,0.0,,,0.0,10.6,1.7,7.7,968,1001.0,2.4,0.0,361,買い出来高優勢 / MA上昇配列 / パーフェクトオーダー / 52週高値目前
3864,三菱製紙,パルプ・紙,15.3,★☆☆☆☆,0.0,0.0,3.3,0.0,12.0,0.0,0.0,0.0,,,0.0,-0.3,3.1,3.3,1118,1192.0,2.7,0.0,227,買い出来高優勢 / MA上昇配列 / パーフェクトオーダー
8714,池田泉州ホールディングス,銀行業,15.3,★☆☆☆☆,0.0,0.0,3.3,0.0,12.0,0.0,0.0,0.0,,,0.0,4.3,2.8,4.3,1025,1087.0,3.5,0.0,1047,買い出来高優勢 / MA上昇配列 / パーフェクトオーダー
2805,ヱスビー食品,食料品,15.3,★☆☆☆☆,0.0,0.0,4.3,0.0,11.0,0.0,0.0,0.0,,,0.0,13.3,3.3,6.9,6616,7090.0,4.6,0.3,397,買い出来高優勢 / MA上昇配列 / パーフェクトオーダー / 52週高値目前
8418,山口フィナンシャルグループ,銀行業,15.3,★☆☆☆☆,0.0,0.0,3.3,0.0,12.0,0.0,0.0,0.0,,,0.0,-1.0,2.5,2.7,3007,3166.0,3.0,0.1,1494,買い出来高優勢 / MA上昇配列 / パーフェクトオーダー
5714,ＤＯＷＡホールディングス,非鉄金属,15.3,★☆☆☆☆,4.0,0.0,4.3,0.0,7.0,0.0,0.0,0.0,,SK hynix,0.4,22.4,4.1,11.8,9360,10190.0,4.1,0.1,5977,SK hynix+5.4%連動(β0.20) / 買い出来高優勢
8367,南都銀行,銀行業,15.3,★☆☆☆☆,0.0,0.0,3.3,0.0,12.0,0.0,0.0,0.0,,,0.0,3.0,2.9,3.7,1813,1924.0,3.2,0.2,918,買い出来高優勢 / MA上昇配列 / パーフェクトオーダー
6118,アイダエンジニアリング,機械,15.3,★☆☆☆☆,0.0,0.0,3.3,0.0,12.0,0.0,0.0,0.0,,,0.0,1.6,2.3,4.4,1224,1282.0,1.1,0.1,149,買い出来高優勢 / MA上昇配列 / パーフェクトオーダー
7220,武蔵精密工業,輸送用機器,15.3,★☆☆☆☆,13.8,0.0,0.0,0.0,1.5,0.0,0.0,0.0,,SK hynix,3.3,0.1,5.4,-2.3,2893,3240.0,-5.1,0.1,2930,SK hynix+5.4%連動(β0.28) 未反応+3.3%
2121,ＭＩＸＩ,情報・通信業,15.3,★☆☆☆☆,0.0,0.0,4.3,0.0,11.0,0.0,0.0,0.0,,,0.0,15.9,2.1,12.3,3509,3665.0,4.4,0.1,1505,買い出来高優勢 / MA上昇配列 / パーフェクトオーダー / 52週高値目前 / RSI過熱(88)⚠
7380,十六フィナンシャルグループ,銀行業,15.3,★☆☆☆☆,0.0,0.0,3.3,0.0,12.0,0.0,0.0,0.0,,,0.0,2.4,3.3,3.9,2412,2580.0,2.8,0.0,1278,買い出来高優勢 / MA上昇配列 / パーフェクトオーダー
3543,コメダホールディングス,卸売業,15.2,★☆☆☆☆,0.0,0.0,7.7,0.0,7.5,0.0,0.0,0.0,,,0.0,-5.6,1.0,3.4,2943,3005.0,1.6,2.1,1017,出来高増2.1倍 / 買い出来高優勢 / MA上昇配列 / RSI過熱(91)⚠
4611,大日本塗料,化学,15.2,★☆☆☆☆,0.0,0.0,3.0,0.0,12.2,0.0,0.0,0.0,,,0.0,7.9,2.6,7.4,1484,1565.0,4.5,0.1,136,MA上昇配列 / パーフェクトオーダー / 52週高値目前
5976,高周波熱錬,金属製品,15.2,★☆☆☆☆,0.0,0.0,3.0,0.0,12.2,0.0,0.0,0.0,,,0.0,5.6,2.1,7.2,1494,1561.0,3.0,0.1,139,MA上昇配列 / パーフェクトオーダー / 52週高値目前
9619,イチネンホールディングス,サービス業,15.2,★☆☆☆☆,0.0,0.0,3.0,0.0,12.2,0.0,0.0,0.0,,,0.0,6.0,1.8,6.7,2612,2711.0,1.3,0.1,117,MA上昇配列 / パーフェクトオーダー / 52週高値目前
6333,ＴＥＩＫＯＫＵ,機械,15.2,★☆☆☆☆,0.0,0.0,3.0,0.0,12.2,0.0,0.0,0.0,,,0.0,-0.2,3.4,3.6,3205,3440.0,2.1,0.1,159,MA上昇配列 / パーフェクトオーダー / 52週高値目前
8163,ＳＲＳホールディングス,小売業,15.2,★☆☆☆☆,0.0,0.0,3.0,0.0,12.2,0.0,0.0,0.0,,,0.0,2.9,2.6,6.6,1495,1576.0,3.7,0.2,276,資金流入増 / MA上昇配列 / パーフェクトオーダー / 52週高値目前
7846,パイロットコーポレーション,その他製品,15.2,★☆☆☆☆,0.0,0.0,3.0,0.0,12.2,0.0,0.0,0.0,,,0.0,3.5,2.5,7.4,1942,2043.5,5.9,0.1,515,MA上昇配列 / パーフェクトオーダー / 52週高値目前
6448,ブラザー工業,電気機器,15.2,★☆☆☆☆,0.0,0.0,3.0,0.0,12.2,0.0,0.0,0.0,,,0.0,11.3,3.0,8.7,4459,4748.0,4.1,0.1,4696,MA上昇配列 / パーフェクトオーダー / 52週高値目前
8244,近鉄百貨店,小売業,15.2,★☆☆☆☆,0.0,0.0,7.7,0.0,7.5,0.0,0.0,0.0,,,0.0,-2.3,1.4,6.7,1941,1997.0,3.5,2.5,124,出来高増2.5倍 / 買い出来高優勢 / MA上昇配列 / パーフェクトオーダー / RSI過熱(95)⚠
2664,カワチ薬品,小売業,15.0,★☆☆☆☆,0.0,0.0,3.0,0.0,12.0,0.0,0.0,0.0,,,0.0,2.0,2.3,4.9,3596,3770.0,-0.8,0.0,362,MA上昇配列 / パーフェクトオーダー
8624,いちよし証券,証券、商品先物取引業,15.0,★☆☆☆☆,0.0,0.0,0.0,0.0,15.0,0.0,0.0,0.0,,,0.0,11.8,2.7,8.3,1644,1738.0,1.2,0.1,229,MA上昇配列 / パーフェクトオーダー / 52週高値ブレイク!
3034,クオールホールディングス,小売業,15.0,★☆☆☆☆,0.0,0.0,3.0,0.0,12.0,0.0,0.0,0.0,,,0.0,8.0,5.0,9.0,2278,2534.0,0.2,0.0,459,MA上昇配列 / パーフェクトオーダー
2681,ゲオホールディングス,小売業,15.0,★☆☆☆☆,0.0,0.0,3.0,0.0,12.0,0.0,0.0,0.0,,,0.0,3.5,3.7,8.9,2245,2422.0,4.3,0.1,476,MA上昇配列 / パーフェクトオーダー
6592,マブチモーター,電気機器,15.0,★☆☆☆☆,0.0,0.0,3.0,0.0,12.0,0.0,0.0,0.0,,,0.0,-2.2,2.6,3.4,1667,1757.0,0.3,0.1,2657,MA上昇配列 / パーフェクトオーダー
7727,オーバル,精密機器,15.0,★☆☆☆☆,0.0,0.0,5.3,0.0,9.7,0.0,0.0,0.0,,,0.0,13.1,5.7,6.7,742,837.0,2.7,0.0,139,買い出来高優勢 / 資金流入増 / MA上昇配列 / パーフェクトオーダー
5537,ＡｌｂａＬｉｎｋ,不動産業,15.0,★☆☆☆☆,0.0,0.0,4.0,0.0,11.0,0.0,0.0,0.0,,,0.0,19.4,6.9,13.7,2905,3370.0,8.7,0.1,304,資金流入増 / MA上昇配列 / パーフェクトオーダー / 開示[業績予想の修正](14日前) / 開示[自己株式の取得](14日前)
3176,三洋貿易,卸売業,15.0,★☆☆☆☆,0.0,0.0,4.0,0.0,11.0,0.0,0.0,0.0,,,0.0,25.7,3.8,11.3,1052,1138.0,2.1,0.6,456,資金流入増 / MA上昇配列 / パーフェクトオーダー / 52週高値目前
6328,荏原実業,機械,15.0,★☆☆☆☆,0.0,0.0,4.0,0.0,11.0,0.0,0.0,0.0,,,0.0,-2.8,2.8,1.4,2283,2416.0,0.1,0.0,349,資金流入増 / MA上昇配列 / パーフェクトオーダー
7607,進和,卸売業,15.0,★☆☆☆☆,0.0,0.0,3.0,0.0,12.0,0.0,0.0,0.0,,,0.0,-7.0,1.2,0.8,3091,3165.0,1.1,1.8,109,MA上昇配列 / パーフェクトオーダー
2181,パーソルホールディングス,サービス業,15.0,★☆☆☆☆,0.0,0.0,4.3,0.0,10.7,0.0,0.0,0.0,,,0.0,0.1,2.1,6.6,283,295.1000061035156,1.7,0.1,2953,買い出来高優勢 / MA上昇配列 / パーフェクトオーダー
7752,リコー,電気機器,15.0,★☆☆☆☆,0.0,0.0,3.0,0.0,12.0,0.0,0.0,0.0,,,0.0,-3.3,2.2,5.0,1623,1697.0,6.1,0.1,4738,MA上昇配列 / パーフェクトオーダー
8395,佐賀銀行,銀行業,15.0,★☆☆☆☆,0.0,0.0,3.0,0.0,12.0,0.0,0.0,0.0,,,0.0,9.1,3.6,6.7,5984,6450.0,1.1,0.0,442,MA上昇配列 / パーフェクトオーダー
6986,双葉電子工業,電気機器,14.9,★☆☆☆☆,2.6,0.0,3.3,0.0,9.0,0.0,0.0,0.0,,SK hynix,-1.5,20.6,3.6,12.8,679,732.0,0.3,0.2,222,SK hynix+5.4%連動(β0.19) / 買い出来高優勢 / MA上昇配列
7716,ナカニシ,精密機器,14.9,★☆☆☆☆,0.0,0.0,4.3,0.0,9.5,0.0,1.1,0.0,,,0.0,2.5,3.8,3.0,3001,3245.0,4.8,0.1,884,買い出来高優勢 / MA上昇配列 / パーフェクトオーダー / 開示[自己株式の取得](9日前)
8473,ＳＢＩホールディングス,証券、商品先物取引業,14.9,★☆☆☆☆,2.6,0.0,3.3,0.0,9.0,0.0,0.0,0.0,,SK hynix,-4.4,12.4,2.6,11.3,3215,3390.0,8.2,0.2,12525,SK hynix+5.4%連動(β0.19) / 買い出来高優勢 / MA上昇配列
7942,ＪＳＰ,化学,14.8,★☆☆☆☆,0.0,0.0,5.3,0.0,9.5,0.0,0.0,0.0,,,0.0,18.0,3.0,7.8,2918,3105.0,0.8,0.0,271,買い出来高優勢 / 資金流入増 / MA上昇配列 / パーフェクトオーダー
8158,ソーダニッカ,卸売業,14.8,★☆☆☆☆,0.0,0.0,5.3,0.0,9.5,0.0,0.0,0.0,,,0.0,6.0,2.8,4.1,1251,1324.0,1.5,0.1,107,買い出来高優勢 / 資金流入増 / MA上昇配列 / パーフェクトオーダー
3923,ラクス,情報・通信業,14.8,★☆☆☆☆,7.3,0.0,0.0,0.0,7.5,0.0,0.0,0.0,,Microsoft,1.2,-5.4,4.3,4.0,1020,1116.0,-0.8,0.1,1987,Microsoft+2.7%連動(β0.54) 未反応+1.2% / MA上昇配列 / パーフェクトオーダー
8132,シナネンホールディングス,卸売業,14.700000000000001,★☆☆☆☆,0.0,0.0,5.3,0.0,7.0,0.0,2.4,0.0,,,0.0,5.7,6.5,5.3,6729,7740.0,-10.1,0.0,196,買い出来高優勢 / 資金流入増 / 開示[自己株式の取得](3日前)
8628,松井証券,証券、商品先物取引業,14.7,★☆☆☆☆,0.0,0.0,1.0,0.0,13.7,0.0,0.0,0.0,,,0.0,-2.9,1.7,4.8,1106,1145.0,5.0,0.3,733,MA上昇配列 / パーフェクトオーダー / 52週高値ブレイク!
5713,住友金属鉱山,非鉄金属,14.7,★☆☆☆☆,3.7,0.0,3.0,0.0,11.0,0.0,0.0,-3.0,,SK hynix,-0.3,43.2,5.9,18.3,9647,10950.0,3.0,0.2,40208,SK hynix+5.4%連動(β0.27) / MA上昇配列 / パーフェクトオーダー / 伸びすぎ注意(25MA+18%)
6463,ＴＰＲ,機械,14.7,★☆☆☆☆,0.0,0.0,1.0,0.0,13.7,0.0,0.0,0.0,,,0.0,0.4,2.2,3.9,1505,1573.0,1.1,0.1,199,MA上昇配列 / パーフェクトオーダー / 52週高値ブレイク!
1942,関電工,建設業,14.600000000000001,★☆☆☆☆,0.0,11.9,0.0,0.0,2.7,0.0,0.0,0.0,,,0.0,-7.9,2.9,-0.7,5196,5520.0,2.1,0.0,6987,AIデータセンター・電力(+3.0%)
7278,エクセディ,輸送用機器,14.5,★☆☆☆☆,0.0,0.0,1.0,0.0,13.5,0.0,0.0,0.0,,,0.0,-5.7,1.3,1.6,6019,6180.0,1.3,0.2,1101,MA上昇配列 / パーフェクトオーダー / 52週高値目前
6345,アイチ　コーポレーション,機械,14.5,★☆☆☆☆,0.0,0.0,1.0,0.0,13.5,0.0,0.0,0.0,,,0.0,-5.4,1.4,2.0,1411,1451.0,2.9,0.1,212,MA上昇配列 / パーフェクトオーダー / 52週高値目前
9147,ＮＩＰＰＯＮ　ＥＸＰＲＥＳＳホールディングス,陸運業,14.5,★☆☆☆☆,0.0,0.0,1.0,0.0,13.5,0.0,0.0,0.0,,,0.0,0.6,2.9,5.2,5418,5755.0,5.8,0.1,7048,MA上昇配列 / パーフェクトオーダー / 52週高値目前
8253,クレディセゾン,その他金融業,14.5,★☆☆☆☆,0.0,0.0,1.0,0.0,13.5,0.0,0.0,0.0,,,0.0,-3.7,2.1,2.8,4594,4793.0,2.9,0.1,2934,MA上昇配列 / パーフェクトオーダー / 52週高値目前
8157,都築電気,情報・通信業,14.5,★☆☆☆☆,0.0,0.0,1.0,0.0,13.5,0.0,0.0,0.0,,,0.0,-2.7,2.1,4.4,4064,4240.0,4.4,0.0,202,MA上昇配列 / パーフェクトオーダー / 52週高値目前
9039,サカイ引越センター,陸運業,14.5,★☆☆☆☆,0.0,0.0,1.0,0.0,13.5,0.0,0.0,0.0,,,0.0,-8.0,1.7,1.6,2917,3020.0,1.4,0.1,241,MA上昇配列 / パーフェクトオーダー / 52週高値目前
9508,九州電力,電気・ガス業,14.5,★☆☆☆☆,0.0,0.0,1.0,0.0,13.5,0.0,0.0,0.0,,,0.0,0.5,2.3,5.9,1877,1967.5,2.4,0.1,3161,MA上昇配列 / パーフェクトオーダー / 52週高値目前
7236,ティラド,輸送用機器,14.5,★☆☆☆☆,0.0,0.0,1.0,0.0,13.5,0.0,0.0,0.0,,,0.0,2.2,2.6,4.2,1512,1595.0,4.3,0.1,567,MA上昇配列 / パーフェクトオーダー / 52週高値目前
4912,ライオン,化学,14.5,★☆☆☆☆,0.0,0.0,1.0,0.0,13.5,0.0,0.0,0.0,,,0.0,1.6,2.8,6.4,1811,1919.0,0.5,0.3,2665,MA上昇配列 / パーフェクトオーダー / 52週高値目前
8173,Ｊｏｓｈｉｎ,小売業,14.5,★☆☆☆☆,0.0,0.0,1.0,0.0,13.5,0.0,0.0,0.0,,,0.0,0.1,2.7,6.0,4094,4330.0,1.6,0.2,560,MA上昇配列 / パーフェクトオーダー / 52週高値目前
1944,きんでん,建設業,14.4,★☆☆☆☆,0.0,11.9,0.0,0.0,2.5,0.0,0.0,0.0,,,0.0,-10.2,2.7,-1.7,6566,6934.0,3.5,0.0,6491,AIデータセンター・電力(+3.0%)
6080,Ｍ＆Ａキャピタルパートナーズ,サービス業,14.3,★☆☆☆☆,0.0,0.0,4.3,0.0,10.0,0.0,0.0,0.0,,,0.0,6.2,2.1,6.3,4080,4255.0,2.3,0.2,524,買い出来高優勢 / MA上昇配列 / パーフェクトオーダー
3989,シェアリングテクノロジー,情報・通信業,14.3,★☆☆☆☆,0.0,0.0,3.3,0.0,11.0,0.0,0.0,0.0,,,0.0,5.8,3.1,8.7,1480,1578.0,2.3,0.1,308,買い出来高優勢 / MA上昇配列 / パーフェクトオーダー / 52週高値目前 / RSI過熱(89)⚠
7366,ＬＩＴＡＬＩＣＯ,サービス業,14.3,★☆☆☆☆,0.0,0.0,4.3,0.0,10.0,0.0,0.0,0.0,,,0.0,12.8,3.0,9.9,1803,1920.0,2.7,0.1,266,買い出来高優勢 / MA上昇配列 / パーフェクトオーダー
8242,エイチ・ツー・オー　リテイリング,小売業,14.3,★☆☆☆☆,0.0,0.0,3.3,0.0,11.0,0.0,0.0,0.0,,,0.0,-3.2,1.9,5.9,2929,3047.0,4.1,0.0,1171,買い出来高優勢 / MA上昇配列 / パーフェクトオーダー / 52週高値目前 / RSI過熱(90)⚠
287A,黒田グループ,卸売業,14.3,★☆☆☆☆,0.0,0.0,3.3,0.0,11.0,0.0,0.0,0.0,,,0.0,5.3,2.4,4.8,1150,1207.0,1.9,0.2,565,買い出来高優勢 / MA上昇配列 / パーフェクトオーダー / 52週高値目前
6584,三櫻工業,輸送用機器,14.3,★☆☆☆☆,12.8,0.0,0.0,0.0,1.5,0.0,0.0,0.0,,SK hynix,3.2,-4.7,4.0,-2.1,730,793.0,-2.5,0.1,456,SK hynix+5.4%連動(β0.23) 未反応+3.2%
6305,日立建機,機械,14.3,★☆☆☆☆,0.0,0.0,2.0,0.0,11.0,0.0,1.3,0.0,,,0.0,-1.6,3.0,5.6,5533,5887.0,4.5,0.1,13830,資金流入増 / MA上昇配列 / パーフェクトオーダー / 開示[自己株式取得](8日前)
2607,不二製油,食料品,14.2,★☆☆☆☆,0.0,0.0,2.0,0.0,12.2,0.0,0.0,0.0,,,0.0,3.5,3.0,7.8,4314,4591.0,2.3,0.0,1376,MA上昇配列 / パーフェクトオーダー / 52週高値目前
8008,ヨンドシーホールディングス,小売業,14.2,★☆☆☆☆,0.0,0.0,2.0,0.0,12.2,0.0,0.0,0.0,,,0.0,-3.0,1.5,3.1,2094,2157.0,0.4,0.8,209,MA上昇配列 / パーフェクトオーダー / 52週高値目前
8354,ふくおかフィナンシャルグループ,銀行業,14.2,★☆☆☆☆,0.0,0.0,2.0,0.0,12.2,0.0,0.0,0.0,,,0.0,-2.6,2.6,2.4,7347,7750.0,3.2,0.1,5043,MA上昇配列 / パーフェクトオーダー / 52週高値目前
2705,大戸屋ホールディングス,小売業,14.2,★☆☆☆☆,0.0,0.0,2.0,0.0,12.2,0.0,0.0,0.0,,,0.0,-0.4,2.9,7.7,8790,9340.0,2.0,0.1,152,MA上昇配列 / パーフェクトオーダー / 52週高値目前
9948,アークス,小売業,14.2,★☆☆☆☆,0.0,0.0,6.7,0.0,7.5,0.0,0.0,0.0,,,0.0,-4.4,1.6,5.1,3687,3810.0,3.7,2.2,354,出来高増2.2倍 / 買い出来高優勢 / MA上昇配列 / RSI過熱(87)⚠
9304,澁澤倉庫,倉庫・運輸関連業,14.2,★☆☆☆☆,0.0,0.0,2.0,0.0,12.2,0.0,0.0,0.0,,,0.0,18.2,3.0,11.3,1999,2128.0,6.9,0.1,493,MA上昇配列 / パーフェクトオーダー / 52週高値目前
4665,ダスキン,サービス業,14.2,★☆☆☆☆,0.0,0.0,2.0,0.0,12.2,0.0,0.0,0.0,,,0.0,-6.5,1.9,3.5,4516,4698.0,1.4,0.1,530,MA上昇配列 / パーフェクトオーダー / 52週高値目前
5010,日本精蝋,石油・石炭製品,14.2,★☆☆☆☆,0.0,0.0,4.0,0.0,10.0,0.0,0.2,0.0,,,0.0,21.8,6.6,11.6,256,295.0,-7.2,0.0,137,資金流入増 / MA上昇配列 / パーフェクトオーダー / 開示[業績予想の修正](13日前)
2384,ＳＢＳホールディングス,陸運業,14.2,★☆☆☆☆,0.0,0.0,2.0,0.0,12.2,0.0,0.0,0.0,,,0.0,7.5,3.2,10.2,4877,5210.0,4.2,0.1,373,MA上昇配列 / パーフェクトオーダー / 52週高値目前
3132,マクニカホールディングス,卸売業,14.1,★☆☆☆☆,3.9,0.0,2.0,0.0,8.2,0.0,0.0,0.0,,SK hynix,-6.8,15.7,4.3,4.0,3301,3610.0,7.8,0.2,3187,SK hynix+5.4%連動(β0.29) / MA上昇配列 / パーフェクトオーダー
6723,ルネサスエレクトロニクス,電気機器,14.1,★☆☆☆☆,14.1,0.0,0.0,0.0,0.0,0.0,0.0,0.0,,Arista,2.9,1.0,4.5,-6.5,3098,3408.0,-1.8,0.1,49932,Arista+7.2%連動(β0.30) 未反応+2.9%
4229,群栄化学工業,化学,14.1,★☆☆☆☆,14.1,0.0,0.0,0.0,0.0,0.0,0.0,0.0,,SK hynix,3.7,-2.6,3.2,-2.2,4104,4380.0,-4.2,0.0,115,SK hynix+5.4%連動(β0.21) 未反応+3.7%
7011,三菱重工業,機械,14.1,★☆☆☆☆,0.0,10.9,2.0,0.0,1.2,0.0,0.0,0.0,,,0.0,-0.8,3.2,-1.1,3696,3952.0,-2.5,0.2,74360,核融合(+2.5%)
8011,三陽商会,繊維製品,14.1,★☆☆☆☆,0.0,0.0,2.0,0.0,9.5,0.0,2.6,0.0,,,0.0,8.8,3.8,7.5,5076,5490.0,4.2,0.1,207,MA上昇配列 / パーフェクトオーダー / 開示[自己株式の取得](2日前)
8233,高島屋,小売業,14.0,★☆☆☆☆,0.0,0.0,2.0,0.0,12.0,0.0,0.0,0.0,,,0.0,-1.1,2.3,8.1,2388,2505.5,6.4,0.9,3548,MA上昇配列 / パーフェクトオーダー
6098,リクルートホールディングス,サービス業,14.0,★☆☆☆☆,2.8,0.0,2.0,0.0,12.2,0.0,0.0,-3.0,,Microsoft,-4.8,22.0,4.4,15.3,15349,16840.0,4.3,0.2,60515,Microsoft+2.7%連動(β0.42) / MA上昇配列 / パーフェクトオーダー / 52週高値目前 / 伸びすぎ注意(25MA+15%)
6457,グローリー,機械,14.0,★☆☆☆☆,0.0,0.0,3.0,0.0,11.0,0.0,0.0,0.0,,,0.0,-0.5,2.5,3.8,4638,4886.0,2.7,0.1,1090,MA上昇配列 / パーフェクトオーダー / 52週高値目前
4452,花王,化学,14.0,★☆☆☆☆,0.0,0.0,2.0,0.0,12.0,0.0,0.0,0.0,,,0.0,0.6,2.2,5.8,3499,3661.0,3.0,0.2,14127,MA上昇配列 / パーフェクトオーダー
9110,ＮＳユナイテッド海運,海運業,14.0,★☆☆☆☆,0.0,0.0,3.0,0.0,11.0,0.0,0.0,0.0,,,0.0,31.3,0.2,9.0,10423,10470.0,0.2,0.0,1703,資金流入増 / MA上昇配列 / パーフェクトオーダー / 52週高値目前
4004,レゾナック・ホールディングス,化学,14.0,★☆☆☆☆,5.0,0.0,2.0,0.0,7.0,0.0,0.0,0.0,,SK hynix,-0.1,27.4,6.3,6.6,14326,16400.0,2.9,0.1,43146,SK hynix+5.4%連動(β0.37)
5707,東邦亜鉛,非鉄金属,14.0,★☆☆☆☆,3.7,0.0,5.3,0.0,8.0,0.0,0.0,-3.0,,SK hynix,-1.1,39.5,8.0,17.9,987,1175.0,1.8,0.6,1136,SK hynix+5.4%連動(β0.27) / 買い出来高優勢 / 資金流入増 / MA上昇配列 / 伸びすぎ注意(25MA+18%)
8361,大垣共立銀行,銀行業,14.0,★☆☆☆☆,0.0,0.0,2.0,0.0,12.0,0.0,0.0,0.0,,,0.0,4.0,3.2,4.7,7584,8110.0,2.9,0.1,1380,MA上昇配列 / パーフェクトオーダー
8336,武蔵野銀行,銀行業,14.0,★☆☆☆☆,0.0,0.0,2.0,0.0,12.0,0.0,0.0,0.0,,,0.0,-1.2,2.4,2.9,2633,2766.0,3.4,0.2,762,MA上昇配列 / パーフェクトオーダー
8366,滋賀銀行,銀行業,14.0,★☆☆☆☆,0.0,0.0,2.0,0.0,12.0,0.0,0.0,0.0,,,0.0,6.4,3.1,5.6,2593,2766.0,3.4,0.1,2199,MA上昇配列 / パーフェクトオーダー
7504,高速,卸売業,14.0,★☆☆☆☆,0.0,0.0,3.0,0.0,11.0,0.0,0.0,0.0,,,0.0,17.9,3.9,9.6,4591,4975.0,1.0,0.4,457,MA上昇配列 / パーフェクトオーダー / 52週高値目前
7287,日本精機,輸送用機器,14.0,★☆☆☆☆,0.0,0.0,2.0,0.0,12.0,0.0,0.0,0.0,,,0.0,11.4,3.4,7.3,2541,2727.0,6.6,0.4,435,MA上昇配列 / パーフェクトオーダー
3221,ヨシックスホールディングス,小売業,14.0,★☆☆☆☆,0.0,0.0,3.0,0.0,11.0,0.0,0.0,0.0,,,0.0,-4.7,1.9,2.7,3239,3365.0,-0.6,0.3,105,MA上昇配列 / パーフェクトオーダー
8308,りそなホールディングス,銀行業,14.0,★☆☆☆☆,0.0,0.0,2.0,0.0,12.0,0.0,0.0,0.0,,,0.0,2.0,2.8,3.9,2301,2437.0,3.8,0.1,22496,MA上昇配列 / パーフェクトオーダー
8020,兼松,卸売業,14.0,★☆☆☆☆,0.0,0.0,3.3,0.0,10.7,0.0,0.0,0.0,,,0.0,-0.8,2.4,2.5,2103,2207.5,2.8,0.1,1231,買い出来高優勢 / MA上昇配列 / パーフェクトオーダー
2120,ＬＩＦＵＬＬ,サービス業,14.0,★☆☆☆☆,0.0,0.0,4.0,0.0,10.0,0.0,0.0,0.0,,,0.0,10.8,4.0,8.4,218,237.0,-2.9,0.2,250,資金流入増 / MA上昇配列 / パーフェクトオーダー
3465,ケイアイスター不動産,不動産業,14.0,★☆☆☆☆,0.0,0.0,2.0,0.0,12.0,0.0,0.0,0.0,,,0.0,-2.1,3.4,3.0,3554,3810.0,-1.0,0.1,618,MA上昇配列 / パーフェクトオーダー
4206,アイカ工業,化学,14.0,★☆☆☆☆,0.0,0.0,3.0,0.0,11.0,0.0,0.0,0.0,,,0.0,3.6,1.7,5.1,4027,4167.0,2.7,0.0,1308,MA上昇配列 / パーフェクトオーダー / 52週高値目前
9115,明海グループ,海運業,14.0,★☆☆☆☆,0.0,0.0,4.0,0.0,10.0,0.0,0.0,0.0,,,0.0,27.3,9.8,12.0,855,1065.0,8.8,0.3,108,資金流入増 / MA上昇配列 / パーフェクトオーダー
2170,リンクアンドモチベーション,サービス業,14.0,★☆☆☆☆,0.0,0.0,4.0,0.0,10.0,0.0,0.0,0.0,,,0.0,2.5,5.0,9.3,632,702.0,1.6,0.0,521,資金流入増 / MA上昇配列 / パーフェクトオーダー
7296,エフ・シー・シー,輸送用機器,14.0,★☆☆☆☆,0.0,0.0,3.0,0.0,11.0,0.0,0.0,0.0,,,0.0,2.2,2.1,3.6,3954,4125.0,-1.1,0.1,635,MA上昇配列 / パーフェクトオーダー / 52週高値目前
3895,ハビックス,パルプ・紙,14.0,★☆☆☆☆,0.0,0.0,4.0,0.0,10.0,0.0,0.0,0.0,,,0.0,13.0,7.2,8.1,415,484.0,-1.6,0.0,128,資金流入増 / MA上昇配列 / パーフェクトオーダー
8919,カチタス,不動産業,14.0,★☆☆☆☆,0.0,0.0,4.3,0.0,9.7,0.0,0.0,0.0,,,0.0,4.0,3.6,8.2,3507,3780.0,0.0,0.1,798,買い出来高優勢 / MA上昇配列 / パーフェクトオーダー
8551,北日本銀行,銀行業,14.0,★☆☆☆☆,0.0,0.0,3.0,0.0,11.0,0.0,0.0,0.0,,,0.0,8.5,3.5,9.1,7137,7680.0,2.0,0.1,341,MA上昇配列 / パーフェクトオーダー / 52週高値目前
4390,ＩＰＳ,情報・通信業,14.0,★☆☆☆☆,0.0,0.0,2.0,0.0,12.0,0.0,0.0,0.0,,,0.0,14.4,4.7,9.4,3689,4075.0,2.4,0.2,381,MA上昇配列 / パーフェクトオーダー
8876,リログループ,サービス業,14.0,★☆☆☆☆,0.0,0.0,2.0,0.0,12.0,0.0,0.0,0.0,,,0.0,-3.0,2.0,3.3,2077,2165.5,0.7,0.1,895,MA上昇配列 / パーフェクトオーダー
8558,東和銀行,銀行業,14.0,★☆☆☆☆,0.0,0.0,2.0,0.0,12.0,0.0,0.0,0.0,,,0.0,1.0,3.4,3.0,1366,1466.0,-0.2,0.0,284,MA上昇配列 / パーフェクトオーダー
5844,京都フィナンシャルグループ,銀行業,14.0,★☆☆☆☆,0.0,0.0,2.0,0.0,12.0,0.0,0.0,0.0,,,0.0,2.1,2.4,3.8,4689,4925.0,2.5,0.1,4446,MA上昇配列 / パーフェクトオーダー
3093,トレジャー・ファクトリー,小売業,14.0,★☆☆☆☆,0.0,0.0,2.0,0.0,12.0,0.0,0.0,0.0,,,0.0,-6.8,2.8,1.6,2026,2144.0,-1.4,0.2,266,MA上昇配列 / パーフェクトオーダー
6309,巴工業,機械,14.0,★☆☆☆☆,0.0,0.0,2.0,0.0,12.0,0.0,0.0,0.0,,,0.0,1.2,1.6,5.3,1989,2056.0,2.9,0.1,197,MA上昇配列 / パーフェクトオーダー
9861,吉野家ホールディングス,小売業,13.9,★☆☆☆☆,0.0,0.0,2.0,0.0,9.5,0.0,2.4,0.0,,,0.0,-11.4,1.5,1.5,3727,3842.0,0.5,1.7,2250,MA上昇配列 / パーフェクトオーダー / 開示[自己株式の取得](3日前)
3040,ソリトンシステムズ,情報・通信業,13.8,★☆☆☆☆,0.0,0.0,5.3,0.0,8.5,0.0,0.0,0.0,,,0.0,13.2,4.2,5.9,2113,2306.0,-3.9,0.0,327,買い出来高優勢 / 資金流入増 / MA上昇配列 / パーフェクトオーダー
6702,富士通,電気機器,13.8,★☆☆☆☆,0.0,7.3,0.0,0.0,6.5,0.0,0.0,0.0,,,0.0,-9.3,2.8,2.7,3526,3736.0,-0.2,0.1,25744,量子(+0.6%) / MA上昇配列
4044,セントラル硝子,化学,13.8,★☆☆☆☆,0.0,0.0,4.3,0.0,9.5,0.0,0.0,0.0,,,0.0,4.2,2.9,4.0,4283,4545.0,1.3,0.1,487,買い出来高優勢 / MA上昇配列 / パーフェクトオーダー
6337,テセック,機械,13.799999999999999,★☆☆☆☆,3.6,0.0,2.0,0.0,8.2,0.0,0.0,0.0,,SK hynix,-5.3,24.1,5.7,6.5,2891,3260.0,5.7,0.0,390,SK hynix+5.4%連動(β0.26) / 資金流入増 / MA上昇配列 / パーフェクトオーダー
8050,セイコーグループ,精密機器,13.7,★☆☆☆☆,3.2,0.0,4.0,0.0,9.5,0.0,0.0,-3.0,,SK hynix,-5.3,55.9,5.9,16.7,9887,11220.0,1.4,0.1,5483,SK hynix+5.4%連動(β0.23) / 資金流入増 / MA上昇配列 / パーフェクトオーダー / 伸びすぎ注意(25MA+17%)
6668,アドテック　プラズマ　テクノロジー,電気機器,13.7,★☆☆☆☆,4.7,0.0,2.0,0.0,12.0,0.0,0.0,-5.0,,SK hynix,-18.9,58.2,6.0,20.4,3664,4160.0,15.9,0.3,472,SK hynix+5.4%連動(β0.35) / MA上昇配列 / パーフェクトオーダー / 過熱⚠25MA+20%
6890,フェローテック,電気機器,13.7,★☆☆☆☆,5.5,0.0,1.0,0.0,7.0,0.0,0.2,0.0,,SK hynix,-7.0,22.7,5.7,7.6,8306,9370.0,7.9,0.1,12604,SK hynix+5.4%連動(β0.41) / 開示[業績予想の修正](13日前)
9107,川崎汽船,海運業,13.7,★☆☆☆☆,0.0,0.0,3.0,0.0,10.7,0.0,0.0,0.0,,,0.0,8.7,3.2,9.6,3079,3289.0,3.6,0.2,17792,MA上昇配列 / パーフェクトオーダー
5269,日本コンクリート工業,ガラス・土石製品,13.7,★☆☆☆☆,0.0,0.0,4.0,0.0,9.7,0.0,0.0,0.0,,,0.0,7.0,2.4,7.6,368,387.0,1.0,0.1,100,資金流入増 / MA上昇配列 / パーフェクトオーダー
2060,フィード・ワン,食料品,13.7,★☆☆☆☆,0.0,0.0,3.0,0.0,10.7,0.0,0.0,0.0,,,0.0,-1.5,2.1,4.2,1338,1398.0,-2.4,0.3,144,MA上昇配列 / パーフェクトオーダー
7637,白銅,卸売業,13.7,★☆☆☆☆,2.5,0.0,3.0,0.0,8.2,0.0,0.0,0.0,,SK hynix,-1.3,9.5,5.2,4.2,3406,3800.0,3.3,0.0,210,SK hynix+5.4%連動(β0.18) / MA上昇配列 / パーフェクトオーダー
9104,商船三井,海運業,13.7,★☆☆☆☆,0.0,0.0,3.0,0.0,10.7,0.0,0.0,0.0,,,0.0,12.0,3.0,10.4,6629,7053.0,1.4,0.2,22623,MA上昇配列 / パーフェクトオーダー
6817,スミダコーポレーション,電気機器,13.6,★☆☆☆☆,8.6,0.0,1.0,0.0,4.0,0.0,0.0,0.0,,SK hynix,1.9,-9.0,2.5,-1.1,1169,1230.0,-0.2,0.1,346,SK hynix+5.4%連動(β0.21) 未反応+1.9%
6768,タムラ製作所,電気機器,13.6,★☆☆☆☆,13.6,0.0,0.0,0.0,0.0,0.0,0.0,0.0,,SK hynix,3.3,-6.5,4.0,-6.7,691,751.0,-4.7,0.1,641,SK hynix+5.4%連動(β0.27) 未反応+3.3%
8137,サンワテクノス,卸売業,13.5,★☆☆☆☆,0.0,0.0,0.0,0.0,13.5,0.0,0.0,0.0,,,0.0,6.8,2.6,6.0,3945,4160.0,5.3,0.1,275,MA上昇配列 / パーフェクトオーダー / 52週高値目前
6464,ツバキ・ナカシマ,機械,13.5,★☆☆☆☆,13.5,0.0,0.0,0.0,0.0,0.0,0.0,0.0,,SK hynix,3.6,-7.7,5.0,-5.3,305,339.0,-4.2,0.1,225,SK hynix+5.4%連動(β0.19) 未反応+3.6%
6952,カシオ計算機,電気機器,13.5,★☆☆☆☆,0.0,0.0,5.3,0.0,8.2,0.0,0.0,0.0,,,0.0,33.8,4.2,11.8,2228,2433.0,2.5,0.1,5127,買い出来高優勢 / 資金流入増 / MA上昇配列 / パーフェクトオーダー
3708,特種東海製紙,パルプ・紙,13.5,★☆☆☆☆,0.0,0.0,0.0,0.0,13.5,0.0,0.0,0.0,,,0.0,-5.9,2.3,2.8,2079,2181.0,1.6,0.0,130,MA上昇配列 / パーフェクトオーダー / 52週高値目前
2503,キリンホールディングス,食料品,13.5,★☆☆☆☆,0.0,0.0,0.0,0.0,13.5,0.0,0.0,0.0,,,0.0,-8.3,2.5,2.5,2926,3078.0,1.5,0.0,11754,MA上昇配列 / パーフェクトオーダー / 52週高値目前
8159,立花エレテック,卸売業,13.5,★☆☆☆☆,0.0,0.0,4.0,0.0,9.5,0.0,0.0,0.0,,,0.0,18.9,3.9,7.3,3824,4150.0,4.4,0.1,279,資金流入増 / MA上昇配列 / パーフェクトオーダー
5975,東プレ,金属製品,13.5,★☆☆☆☆,0.0,0.0,4.0,0.0,9.5,0.0,0.0,0.0,,,0.0,9.4,3.5,6.9,2983,3205.0,0.9,0.0,478,資金流入増 / MA上昇配列 / パーフェクトオーダー
3950,ザ・パック,パルプ・紙,13.5,★☆☆☆☆,0.0,0.0,0.0,0.0,13.5,0.0,0.0,0.0,,,0.0,-4.7,1.7,2.0,1446,1498.0,-0.8,0.1,185,MA上昇配列 / パーフェクトオーダー / 52週高値目前
3932,アカツキ,情報・通信業,13.5,★☆☆☆☆,0.0,0.0,4.3,0.0,12.2,0.0,0.0,-3.0,,,0.0,20.6,4.1,16.8,3526,3840.0,6.4,0.1,369,買い出来高優勢 / MA上昇配列 / パーフェクトオーダー / 52週高値目前 / 伸びすぎ注意(25MA+17%)
8566,リコーリース,その他金融業,13.5,★☆☆☆☆,0.0,0.0,0.0,0.0,13.5,0.0,0.0,0.0,,,0.0,-6.8,1.3,2.2,6664,6840.0,2.4,0.1,248,MA上昇配列 / パーフェクトオーダー / 52週高値目前
7389,あいちフィナンシャルグループ,銀行業,13.5,★☆☆☆☆,0.0,0.0,0.0,0.0,13.5,0.0,0.0,0.0,,,0.0,3.8,4.6,6.6,1703,1876.0,3.7,0.1,1590,MA上昇配列 / パーフェクトオーダー / 52週高値目前
6750,エレコム,電気機器,13.5,★☆☆☆☆,0.0,0.0,0.0,0.0,13.5,0.0,0.0,0.0,,,0.0,-4.9,2.7,2.7,1847,1954.0,-0.1,0.1,429,MA上昇配列 / パーフェクトオーダー / 52週高値目前
9303,住友倉庫,倉庫・運輸関連業,13.5,★☆☆☆☆,0.0,0.0,0.0,0.0,13.5,0.0,0.0,0.0,,,0.0,-5.1,2.1,2.7,4024,4200.0,2.6,0.1,453,MA上昇配列 / パーフェクトオーダー / 52週高値目前
8725,ＭＳ＆ＡＤインシュアランスグループホールディングス,保険業,13.5,★☆☆☆☆,0.0,0.0,0.0,0.0,13.5,0.0,0.0,0.0,,,0.0,-6.4,2.4,2.9,4815,5054.0,5.9,0.1,18852,MA上昇配列 / パーフェクトオーダー / 52週高値目前
4373,シンプレクス・ホールディングス,情報・通信業,13.5,★☆☆☆☆,0.0,0.0,0.0,0.0,13.5,0.0,0.0,0.0,,,0.0,-5.9,3.0,5.1,1119,1190.0,0.6,0.4,1002,MA上昇配列 / パーフェクトオーダー / 52週高値目前
8125,ワキタ,卸売業,13.5,★☆☆☆☆,0.0,0.0,2.0,0.0,11.5,0.0,0.0,0.0,,,0.0,-2.5,1.2,3.5,1958,2004.0,2.6,0.3,310,MA上昇配列 / 52週高値目前
6379,レイズネクスト,建設業,13.5,★☆☆☆☆,0.0,0.0,4.0,0.0,9.5,0.0,0.0,0.0,,,0.0,9.7,3.3,7.5,2886,3090.0,-0.8,0.1,633,資金流入増 / MA上昇配列 / パーフェクトオーダー
166A,タスキホールディングス,不動産業,13.5,★☆☆☆☆,0.0,0.0,0.0,0.0,13.5,0.0,0.0,0.0,,,0.0,7.3,2.9,6.9,1141,1211.0,4.7,0.0,801,MA上昇配列 / パーフェクトオーダー / 52週高値目前
5857,ＡＲＥホールディングス,非鉄金属,13.3,★☆☆☆☆,0.0,0.0,4.3,0.0,9.0,0.0,0.0,0.0,,,0.0,25.5,3.9,13.7,3644,3950.0,5.2,0.1,3022,買い出来高優勢 / MA上昇配列
4480,メドレー,情報・通信業,13.3,★☆☆☆☆,0.0,0.0,5.3,0.0,8.0,0.0,0.0,0.0,,,0.0,23.1,5.5,14.5,2403,2703.0,-8.7,0.3,995,買い出来高優勢 / 資金流入増 / MA上昇配列
215A,タイミー,サービス業,13.3,★☆☆☆☆,0.0,0.0,3.3,0.0,10.0,0.0,0.0,0.0,,,0.0,7.7,3.3,8.8,1593,1707.0,3.6,0.1,1993,買い出来高優勢 / MA上昇配列 / パーフェクトオーダー
9166,ＧＥＮＤＡ,サービス業,13.3,★☆☆☆☆,0.0,0.0,3.3,0.0,8.0,0.0,2.0,0.0,,,0.0,24.2,5.5,13.0,678,762.0,-5.0,0.1,1436,買い出来高優勢 / MA上昇配列 / 開示[業務提携](3日前)
4635,東京インキ,化学,13.3,★☆☆☆☆,0.0,0.0,5.3,0.0,11.0,0.0,0.0,-3.0,,,0.0,43.8,2.9,16.0,1981,2105.0,2.3,0.0,124,買い出来高優勢 / 資金流入増 / MA上昇配列 / パーフェクトオーダー / 52週高値目前 / 伸びすぎ注意(25MA+16%)
1822,大豊建設,建設業,13.299999999999999,★☆☆☆☆,0.0,0.0,0.0,0.0,10.7,0.0,2.6,0.0,,,0.0,-1.4,1.3,4.2,806,828.0,2.2,0.1,123,MA上昇配列 / パーフェクトオーダー / 開示[資本業務提携](2日前)
2053,中部飼料,食料品,13.2,★☆☆☆☆,0.0,0.0,1.0,0.0,12.2,0.0,0.0,0.0,,,0.0,-5.0,1.6,3.3,1966,2031.0,-0.1,0.1,121,MA上昇配列 / パーフェクトオーダー / 52週高値目前
6264,マルマエ,機械,13.2,★☆☆☆☆,6.2,0.0,3.3,0.0,3.7,0.0,0.0,0.0,,SK hynix,-3.4,18.7,5.3,5.6,1938,2166.0,3.9,0.3,1205,SK hynix+5.4%連動(β0.46) / 買い出来高優勢
7480,スズデン,卸売業,13.2,★☆☆☆☆,0.0,0.0,4.0,0.0,12.2,0.0,0.0,-3.0,,,0.0,46.4,3.5,16.2,3314,3560.0,11.4,0.0,380,資金流入増 / MA上昇配列 / パーフェクトオーダー / 52週高値目前 / 伸びすぎ注意(25MA+16%)
4668,明光ネットワークジャパン,サービス業,13.2,★☆☆☆☆,0.0,0.0,1.0,0.0,12.2,0.0,0.0,0.0,,,0.0,-7.5,0.9,2.2,782,797.0,2.7,0.9,105,MA上昇配列 / パーフェクトオーダー / 52週高値目前
1899,福田組,建設業,13.2,★☆☆☆☆,0.0,0.0,4.0,0.0,12.2,0.0,0.0,-3.0,,,0.0,25.1,3.8,15.1,4699,5080.0,6.5,0.1,423,資金流入増 / MA上昇配列 / パーフェクトオーダー / 52週高値目前 / 伸びすぎ注意(25MA+15%)
7725,インターアクション,精密機器,13.1,★☆☆☆☆,3.8,0.0,3.3,0.0,6.0,0.0,0.0,0.0,,SK hynix,-2.0,14.7,4.2,6.6,1777,1940.0,2.2,0.1,214,SK hynix+5.4%連動(β0.28) / 買い出来高優勢
9627,アインホールディングス,小売業,13.1,★☆☆☆☆,0.0,0.0,3.0,0.0,8.0,0.0,2.1,0.0,,,0.0,-8.5,2.1,2.8,5919,6178.0,0.3,0.0,1007,MA上昇配列 / 開示[買収](2日前)
7516,コーナン商事,小売業,13.0,★☆☆☆☆,0.0,0.0,2.0,0.0,11.0,0.0,0.0,0.0,,,0.0,-2.7,1.6,5.6,4392,4540.0,1.7,0.9,370,MA上昇配列 / パーフェクトオーダー / 52週高値目前 / RSI過熱(85)⚠
7282,豊田合成,輸送用機器,13.0,★☆☆☆☆,0.0,0.0,1.0,0.0,12.0,0.0,0.0,0.0,,,0.0,-2.2,2.5,3.7,5159,5425.0,1.6,0.1,2814,MA上昇配列 / パーフェクトオーダー
6875,メガチップス,電気機器,13.0,★☆☆☆☆,6.5,0.0,2.0,0.0,4.5,0.0,0.0,0.0,,Lumentum,0.8,19.5,4.6,5.9,9899,10910.0,-1.7,0.1,1419,Lumentum+8.3%連動(β0.19) 未反応+0.8%
4413,ボードルア,情報・通信業,13.0,★☆☆☆☆,0.0,0.0,2.0,0.0,11.0,0.0,0.0,0.0,,,0.0,-9.1,3.8,2.8,2741,2967.0,-4.9,0.2,1058,MA上昇配列 / パーフェクトオーダー
4431,スマレジ,情報・通信業,13.0,★☆☆☆☆,0.0,0.0,2.0,0.0,11.0,0.0,0.0,0.0,,,0.0,0.0,3.5,7.9,3266,3510.0,2.8,1.4,270,MA上昇配列 / パーフェクトオーダー
6282,オイレス工業,機械,13.0,★☆☆☆☆,0.0,0.0,2.0,0.0,11.0,0.0,0.0,0.0,,,0.0,-2.2,1.5,1.4,2841,2932.0,1.8,0.1,208,MA上昇配列 / パーフェクトオーダー / 52週高値目前
4722,フューチャー,情報・通信業,13.0,★☆☆☆☆,0.0,0.0,2.0,0.0,11.0,0.0,0.0,0.0,,,0.0,-3.6,0.1,1.4,2447,2451.0,0.2,0.2,4168,資金流入増 / MA上昇配列 / パーフェクトオーダー / 52週高値目前
2801,キッコーマン,食料品,13.0,★☆☆☆☆,0.0,0.0,1.0,0.0,12.0,0.0,0.0,0.0,,,0.0,-1.5,2.3,5.7,1752,1836.0,-0.1,0.1,6716,MA上昇配列 / パーフェクトオーダー
8818,京阪神ビルディング,不動産業,13.0,★☆☆☆☆,0.0,0.0,1.0,0.0,12.0,0.0,0.0,0.0,,,0.0,-5.3,2.0,2.8,1085,1131.0,2.3,0.7,393,MA上昇配列 / パーフェクトオーダー
8935,ＦＪネクストホールディングス,不動産業,13.0,★☆☆☆☆,0.0,0.0,2.0,0.0,11.0,0.0,0.0,0.0,,,0.0,1.3,2.1,3.9,1945,2030.0,-1.0,0.0,129,MA上昇配列 / パーフェクトオーダー / 52週高値目前
5381,マイポックス,ガラス・土石製品,13.0,★☆☆☆☆,5.0,0.0,2.0,0.0,6.0,0.0,0.0,0.0,,SK hynix,-3.2,35.7,5.2,12.2,887,990.0,5.4,0.1,225,SK hynix+5.4%連動(β0.37)
3167,ＴＯＫＡＩホールディングス,卸売業,13.0,★☆☆☆☆,0.0,0.0,2.0,0.0,11.0,0.0,0.0,0.0,,,0.0,0.9,2.0,6.3,1231,1283.0,2.5,0.1,330,MA上昇配列 / パーフェクトオーダー / 52週高値目前 / RSI過熱(86)⚠
8364,清水銀行,銀行業,13.0,★☆☆☆☆,0.0,0.0,1.0,0.0,12.0,0.0,0.0,0.0,,,0.0,6.0,3.7,6.5,2845,3075.0,-1.1,0.1,149,MA上昇配列 / パーフェクトオーダー
3302,帝国繊維,繊維製品,13.0,★☆☆☆☆,0.0,0.0,1.0,0.0,12.0,0.0,0.0,0.0,,,0.0,-6.8,2.6,0.6,3188,3365.0,0.6,0.0,234,MA上昇配列 / パーフェクトオーダー
8070,東京産業,卸売業,13.0,★☆☆☆☆,0.0,0.0,5.3,0.0,7.7,0.0,0.0,0.0,,,0.0,9.5,2.7,10.0,918,970.0,3.3,0.1,124,買い出来高優勢 / 資金流入増 / MA上昇配列
4689,ＬＩＮＥヤフー,情報・通信業,13.0,★☆☆☆☆,0.0,0.0,4.3,0.0,8.7,0.0,0.0,0.0,,,0.0,10.5,2.7,13.6,523,553.0,6.9,0.2,10036,買い出来高優勢 / MA上昇配列 / パーフェクトオーダー
8562,福島銀行,銀行業,13.0,★☆☆☆☆,0.0,0.0,2.0,0.0,11.0,0.0,0.0,0.0,,,0.0,2.3,2.7,3.7,349,369.0,1.9,0.1,108,MA上昇配列 / パーフェクトオーダー
3087,ドトール・日レスホールディングス,小売業,13.0,★☆☆☆☆,0.0,0.0,2.0,0.0,11.0,0.0,0.0,0.0,,,0.0,-5.2,1.8,5.8,3277,3400.0,3.5,0.2,437,MA上昇配列 / パーフェクトオーダー / 52週高値目前 / RSI過熱(86)⚠
3076,あい　ホールディングス,卸売業,13.0,★☆☆☆☆,0.0,0.0,2.0,0.0,11.0,0.0,0.0,0.0,,,0.0,-3.1,1.7,2.7,2878,2981.0,2.3,0.0,473,MA上昇配列 / パーフェクトオーダー / 52週高値目前
5020,ＥＮＥＯＳホールディングス,石油・石炭製品,13.0,★☆☆☆☆,0.0,0.0,3.3,0.0,9.7,0.0,0.0,0.0,,,0.0,-5.5,2.9,1.2,1248,1323.5,1.6,0.1,9361,買い出来高優勢 / MA上昇配列 / パーフェクトオーダー
5195,バンドー化学,ゴム製品,13.0,★☆☆☆☆,0.0,0.0,2.0,0.0,11.0,0.0,0.0,0.0,,,0.0,-1.9,2.2,3.0,2391,2503.0,4.3,0.1,147,MA上昇配列 / パーフェクトオーダー / 52週高値目前
2975,スター・マイカ・ホールディングス,不動産業,13.0,★☆☆☆☆,0.0,0.0,2.0,0.0,11.0,0.0,0.0,0.0,,,0.0,1.4,1.9,3.3,1541,1603.0,1.6,0.1,213,MA上昇配列 / パーフェクトオーダー
9934,因幡電機産業,卸売業,13.0,★☆☆☆☆,0.0,0.0,3.3,0.0,9.7,0.0,0.0,0.0,,,0.0,2.1,1.8,2.7,2909,3019.0,2.4,0.1,607,買い出来高優勢 / MA上昇配列 / パーフェクトオーダー / 52週高値目前
4095,日本パーカライジング,化学,13.0,★☆☆☆☆,0.0,0.0,1.0,0.0,12.0,0.0,0.0,0.0,,,0.0,-1.3,1.4,3.2,1710,1760.0,1.9,0.1,339,MA上昇配列 / パーフェクトオーダー
4718,早稲田アカデミー,サービス業,13.0,★☆☆☆☆,0.0,0.0,2.0,0.0,11.0,0.0,0.0,0.0,,,0.0,-9.4,2.5,3.5,2401,2526.0,4.1,0.4,106,MA上昇配列 / パーフェクトオーダー
4746,東計電算,情報・通信業,13.0,★☆☆☆☆,0.0,0.0,2.0,0.0,11.0,0.0,0.0,0.0,,,0.0,26.8,2.6,11.9,6377,6720.0,4.5,0.0,665,資金流入増 / MA上昇配列 / パーフェクトオーダー / 52週高値目前
9425,ＲｅＹｕｕ　Ｊａｐａｎ,情報・通信業,13.0,★☆☆☆☆,0.0,0.0,3.3,0.0,8.0,0.0,1.7,0.0,,,0.0,21.8,8.1,14.5,201,240.0,3.0,0.3,164,買い出来高優勢 / MA上昇配列 / 開示[子会社化](2日前)
4502,武田薬品工業,医薬品,13.0,★☆☆☆☆,0.0,0.0,1.0,0.0,12.0,0.0,0.0,0.0,,,0.0,-6.9,1.8,3.4,5613,5823.0,-0.0,0.1,21754,MA上昇配列 / パーフェクトオーダー
4526,理研ビタミン,食料品,13.0,★☆☆☆☆,0.0,0.0,2.0,0.0,11.0,0.0,0.0,0.0,,,0.0,-1.0,1.5,6.8,3356,3460.0,4.2,0.2,168,MA上昇配列 / パーフェクトオーダー / 52週高値目前 / RSI過熱(90)⚠
2602,日清オイリオグループ,食料品,13.0,★☆☆☆☆,0.0,0.0,2.0,0.0,11.0,0.0,0.0,0.0,,,0.0,-4.0,1.7,4.5,1989,2058.0,1.0,0.0,469,MA上昇配列 / パーフェクトオーダー / 52週高値目前 / RSI過熱(86)⚠
9513,電源開発,電気・ガス業,13.0,★☆☆☆☆,0.0,0.0,2.0,0.0,11.0,0.0,0.0,0.0,,,0.0,-1.5,1.6,3.8,3910,4041.0,2.7,0.0,2257,MA上昇配列 / パーフェクトオーダー
325A,ＴＥＮＴＩＡＬ,繊維製品,13.0,★☆☆☆☆,0.0,0.0,2.0,0.0,9.7,0.0,1.3,0.0,,,0.0,1.3,4.1,8.1,1632,1779.0,-2.0,0.2,400,MA上昇配列 / パーフェクトオーダー / 開示[自己株式の取得](8日前)
7337,ひろぎんホールディングス,銀行業,13.0,★☆☆☆☆,0.0,0.0,2.0,0.0,11.0,0.0,0.0,0.0,,,0.0,-2.4,2.3,2.6,2240,2345.5,3.3,0.1,1532,MA上昇配列 / パーフェクトオーダー / 52週高値目前
2212,山崎製パン,食料品,13.0,★☆☆☆☆,0.0,0.0,3.0,0.0,10.0,0.0,0.0,0.0,,,0.0,-6.3,2.1,4.9,3527,3682.0,3.1,0.0,2417,MA上昇配列
7456,松田産業,卸売業,13.0,★☆☆☆☆,0.0,0.0,3.0,0.0,10.0,0.0,0.0,0.0,,,0.0,27.4,5.2,10.9,6193,6910.0,3.9,0.1,981,MA上昇配列 / パーフェクトオーダー
2222,寿スピリッツ,食料品,13.0,★☆☆☆☆,0.0,0.0,2.0,0.0,11.0,0.0,0.0,0.0,,,0.0,-0.9,2.6,3.3,2563,2704.0,0.1,0.0,1318,MA上昇配列 / パーフェクトオーダー / 52週高値目前
7981,タカラスタンダード,その他製品,13.0,★☆☆☆☆,0.0,0.0,1.0,0.0,12.0,0.0,0.0,0.0,,,0.0,-10.9,1.6,2.0,3036,3135.0,3.8,0.0,453,MA上昇配列 / パーフェクトオーダー
4021,日産化学,化学,13.0,★☆☆☆☆,0.0,0.0,1.0,0.0,12.0,0.0,0.0,0.0,,,0.0,4.6,2.8,4.9,7728,8192.0,0.4,0.0,5577,MA上昇配列 / パーフェクトオーダー
2734,サーラコーポレーション,小売業,13.0,★☆☆☆☆,0.0,0.0,2.0,0.0,11.0,0.0,0.0,0.0,,,0.0,-1.0,1.6,3.6,1183,1223.0,-0.4,0.0,176,MA上昇配列 / パーフェクトオーダー / 52週高値目前 / RSI過熱(86)⚠
8133,伊藤忠エネクス,卸売業,13.0,★☆☆☆☆,0.0,0.0,1.0,0.0,12.0,0.0,0.0,0.0,,,0.0,-1.2,1.7,3.7,2143,2220.0,1.5,0.1,253,MA上昇配列 / パーフェクトオーダー
8016,オンワードホールディングス,繊維製品,13.0,★☆☆☆☆,0.0,0.0,1.0,0.0,12.0,0.0,0.0,0.0,,,0.0,-4.9,1.3,2.2,761,781.0,1.4,0.5,515,MA上昇配列 / パーフェクトオーダー
6266,タツモ,機械,12.9,★☆☆☆☆,11.9,0.0,1.0,0.0,0.0,0.0,0.0,0.0,,SK hynix,1.9,-7.9,7.0,-8.1,3063,3565.0,-1.5,0.1,1519,SK hynix+5.4%連動(β0.46) 未反応+1.9%
6327,北川精機,機械,12.899999999999999,★☆☆☆☆,9.2,0.0,1.0,0.0,2.7,0.0,0.0,0.0,,SK hynix,1.3,15.2,10.2,-2.5,2598,3260.0,-6.1,0.1,2420,SK hynix+5.4%連動(β0.39) 未反応+1.3%
4118,カネカ,化学,12.8,★☆☆☆☆,0.0,0.0,3.3,0.0,9.5,0.0,0.0,0.0,,,0.0,1.2,2.3,3.0,5887,6167.0,0.6,0.0,1680,買い出来高優勢 / MA上昇配列 / パーフェクトオーダー
7381,ＣＣＩグループ,銀行業,12.8,★☆☆☆☆,0.0,0.0,3.3,0.0,9.5,0.0,0.0,0.0,,,0.0,6.1,3.3,4.7,1169,1251.0,2.5,0.0,560,買い出来高優勢 / MA上昇配列 / パーフェクトオーダー
2737,トーメンデバイス,卸売業,12.8,★☆☆☆☆,4.3,0.0,4.0,0.0,9.5,0.0,0.0,-5.0,,SK hynix,-15.4,128.1,7.0,24.2,28554,33200.0,14.6,0.1,4868,SK hynix+5.4%連動(β0.32) / 資金流入増 / MA上昇配列 / パーフェクトオーダー / 過熱⚠25MA+24%
6418,日本金銭機械,機械,12.8,★☆☆☆☆,0.0,0.0,4.3,0.0,8.5,0.0,0.0,0.0,,,0.0,7.7,3.3,6.5,1180,1264.0,2.2,0.1,209,買い出来高優勢 / MA上昇配列 / パーフェクトオーダー
6276,シリウスビジョン,電気機器,12.8,★☆☆☆☆,0.0,0.0,5.3,0.0,7.5,0.0,0.0,0.0,,,0.0,13.7,10.8,5.0,280,357.0,-11.9,0.2,108,買い出来高優勢 / 資金流入増 / MA上昇配列 / パーフェクトオーダー
8381,山陰合同銀行,銀行業,12.8,★☆☆☆☆,0.0,0.0,3.3,0.0,9.5,0.0,0.0,0.0,,,0.0,0.1,2.6,3.4,2448,2584.0,3.1,0.0,1101,買い出来高優勢 / MA上昇配列 / パーフェクトオーダー
7384,プロクレアホールディングス,銀行業,12.8,★☆☆☆☆,0.0,0.0,3.3,0.0,9.5,0.0,0.0,0.0,,,0.0,6.3,4.2,4.3,4157,4540.0,2.9,0.0,404,買い出来高優勢 / MA上昇配列 / パーフェクトオーダー
8600,トモニホールディングス,銀行業,12.8,★☆☆☆☆,0.0,0.0,3.3,0.0,9.5,0.0,0.0,0.0,,,0.0,2.2,3.2,4.1,1029,1099.0,1.8,0.0,623,買い出来高優勢 / MA上昇配列 / パーフェクトオーダー
5943,ノーリツ,金属製品,12.7,★☆☆☆☆,0.0,0.0,2.0,0.0,10.7,0.0,0.0,0.0,,,0.0,-5.9,1.6,2.6,2377,2455.0,1.2,0.1,195,MA上昇配列 / パーフェクトオーダー
2815,アリアケジャパン,食料品,12.7,★☆☆☆☆,0.0,0.0,2.0,0.0,9.0,0.0,1.7,0.0,,,0.0,-8.8,1.6,1.9,5293,5470.0,2.1,0.1,430,MA上昇配列 / 開示[自己株式の取得](6日前)
8697,日本取引所グループ,その他金融業,12.7,★☆☆☆☆,0.0,0.0,2.0,0.0,10.7,0.0,0.0,0.0,,,0.0,-7.0,1.9,1.6,2192,2278.5,2.4,0.1,7116,MA上昇配列 / パーフェクトオーダー
9101,日本郵船,海運業,12.7,★☆☆☆☆,0.0,0.0,2.0,0.0,10.7,0.0,0.0,0.0,,,0.0,6.5,2.7,9.0,6567,6938.0,2.1,0.2,22489,MA上昇配列 / パーフェクトオーダー
6135,牧野フライス製作所,機械,12.7,★☆☆☆☆,0.0,0.0,2.0,0.0,10.7,0.0,0.0,0.0,,,0.0,5.1,3.4,4.0,14487,15550.0,2.2,0.0,3647,MA上昇配列 / パーフェクトオーダー
6966,三井ハイテック,電気機器,12.7,★☆☆☆☆,4.0,0.0,0.0,0.0,8.7,0.0,0.0,0.0,,SK hynix,-1.2,5.6,3.3,2.7,887,951.0,3.0,0.1,1412,SK hynix+5.4%連動(β0.29) / MA上昇配列 / パーフェクトオーダー
4475,ＨＥＮＮＧＥ,情報・通信業,12.7,★☆☆☆☆,0.0,0.0,4.0,0.0,8.7,0.0,0.0,0.0,,,0.0,10.1,4.5,8.6,1413,1551.0,3.1,0.2,862,資金流入増 / MA上昇配列 / パーフェクトオーダー
1965,テクノ菱和,建設業,12.6,★☆☆☆☆,2.6,0.0,2.0,0.0,8.0,0.0,0.0,0.0,,SK hynix,-14.2,22.9,4.8,14.2,6367,7040.0,16.2,0.3,534,SK hynix+5.4%連動(β0.19) / MA上昇配列
8032,日本紙パルプ商事,卸売業,12.5,★☆☆☆☆,0.0,0.0,3.0,0.0,9.5,0.0,0.0,0.0,,,0.0,1.9,2.7,2.7,1150,1216.0,0.1,0.1,292,MA上昇配列 / パーフェクトオーダー
8022,美津濃,その他製品,12.5,★☆☆☆☆,0.0,0.0,3.0,0.0,9.5,0.0,0.0,0.0,,,0.0,2.0,4.7,4.2,3708,4095.0,-1.1,0.0,1160,MA上昇配列 / パーフェクトオーダー
2207,ｍｅｉｔｏ,食料品,12.5,★☆☆☆☆,0.0,0.0,3.0,0.0,9.5,0.0,0.0,0.0,,,0.0,-0.7,3.1,2.3,3234,3450.0,-6.1,0.2,168,MA上昇配列 / パーフェクトオーダー
8897,ＭＩＲＡＲＴＨホールディングス,不動産業,12.5,★☆☆☆☆,0.0,0.0,4.0,0.0,8.5,0.0,0.0,0.0,,,0.0,4.5,2.1,7.2,446,465.0,1.3,0.5,529,資金流入増 / MA上昇配列 / パーフェクトオーダー / RSI過熱(88)⚠
5192,三ツ星ベルト,ゴム製品,12.5,★☆☆☆☆,0.0,0.0,3.0,0.0,9.5,0.0,0.0,0.0,,,0.0,0.2,2.5,3.4,4213,4430.0,1.7,0.0,398,MA上昇配列 / パーフェクトオーダー
7613,シークス,卸売業,12.5,★☆☆☆☆,0.0,0.0,4.3,0.0,8.2,0.0,0.0,0.0,,,0.0,6.5,2.6,2.1,1493,1576.0,-2.4,0.1,410,買い出来高優勢 / MA上昇配列 / パーフェクトオーダー
9888,ＵＥＸ,卸売業,12.5,★☆☆☆☆,0.0,0.0,3.0,0.0,9.5,0.0,0.0,0.0,,,0.0,18.2,4.7,9.7,1144,1263.0,4.6,0.1,130,資金流入増 / MA上昇配列 / パーフェクトオーダー
2429,ワールドホールディングス,サービス業,12.5,★☆☆☆☆,0.0,0.0,1.0,0.0,11.5,0.0,0.0,0.0,,,0.0,-3.3,2.1,3.2,2702,2823.0,-1.5,0.0,143,MA上昇配列 / 52週高値目前
6525,ＫＯＫＵＳＡＩ　ＥＬＥＣＴＲＩＣ,電気機器,12.4,★☆☆☆☆,6.4,0.0,1.0,0.0,5.0,0.0,0.0,0.0,,SK hynix,-3.2,39.1,6.6,7.0,7642,8805.0,8.5,0.1,62495,SK hynix+5.4%連動(β0.47)
8841,テーオーシー,不動産業,12.3,★☆☆☆☆,0.0,0.0,5.3,0.0,7.0,0.0,0.0,0.0,,,0.0,9.1,3.6,7.4,970,1045.0,-1.8,0.0,211,買い出来高優勢 / 資金流入増
4220,リケンテクノス,化学,12.3,★☆☆☆☆,0.0,0.0,5.3,0.0,7.0,0.0,0.0,0.0,,,0.0,43.5,3.1,8.4,2513,2680.0,0.0,0.1,606,買い出来高優勢 / 資金流入増 / MA上昇配列 / パーフェクトオーダー
5715,古河機械金属,非鉄金属,12.3,★☆☆☆☆,0.0,0.0,4.3,0.0,8.0,0.0,0.0,0.0,,,0.0,24.1,4.8,11.0,3939,4355.0,6.1,0.2,1455,買い出来高優勢 / MA上昇配列 / 開示[業績予想の修正](14日前)
1514,住石ホールディングス,鉱業,12.3,★☆☆☆☆,0.0,0.0,4.3,0.0,8.0,0.0,0.0,0.0,,,0.0,13.8,4.2,8.9,628,686.0,1.3,0.2,302,買い出来高優勢 / MA上昇配列
4046,大阪ソーダ,化学,12.3,★☆☆☆☆,0.0,0.0,3.3,0.0,9.0,0.0,0.0,0.0,,,0.0,16.8,3.6,8.0,1938,2087.0,3.2,0.1,701,買い出来高優勢 / MA上昇配列
1719,安藤・間,建設業,12.3,★☆☆☆☆,0.0,0.0,3.3,0.0,9.0,0.0,0.0,0.0,,,0.0,-0.7,1.3,3.9,1881,1933.5,2.5,0.1,1330,買い出来高優勢 / MA上昇配列
6036,ＫｅｅＰｅｒ技研,サービス業,12.3,★☆☆☆☆,0.0,0.0,4.3,0.0,8.0,0.0,0.0,0.0,,,0.0,8.5,4.0,8.6,2965,3220.0,-0.3,0.1,437,買い出来高優勢 / MA上昇配列
3036,アルコニックス,卸売業,12.2,★☆☆☆☆,0.0,0.0,4.0,0.0,8.2,0.0,0.0,0.0,,,0.0,30.9,4.1,9.4,3187,3470.0,4.5,0.1,724,資金流入増 / MA上昇配列 / パーフェクトオーダー
8194,ライフコーポレーション,小売業,12.2,★☆☆☆☆,0.0,0.0,2.0,0.0,10.2,0.0,0.0,0.0,,,0.0,-1.5,1.9,4.9,2615,2717.0,2.7,0.4,520,MA上昇配列 / 52週高値目前
7989,立川ブラインド工業,金属製品,12.2,★☆☆☆☆,0.0,0.0,0.0,0.0,12.2,0.0,0.0,0.0,,,0.0,-5.4,1.5,3.5,2649,2733.0,3.8,0.1,112,MA上昇配列 / パーフェクトオーダー / 52週高値目前
7272,ヤマハ発動機,輸送用機器,12.2,★☆☆☆☆,0.0,0.0,4.0,0.0,8.2,0.0,0.0,0.0,,,0.0,28.7,3.2,11.2,1782,1905.0,-1.4,0.2,17478,資金流入増 / MA上昇配列 / パーフェクトオーダー
6407,ＣＫＤ,機械,12.2,★☆☆☆☆,11.2,0.0,1.0,0.0,0.0,0.0,0.0,0.0,,SK hynix,1.9,2.7,5.7,-6.0,4959,5600.0,-1.2,0.0,5233,SK hynix+5.4%連動(β0.41) 未反応+1.9%
6301,小松製作所,機械,12.2,★☆☆☆☆,0.0,0.0,0.0,0.0,12.2,0.0,0.0,0.0,,,0.0,-2.7,2.4,5.7,7175,7544.0,7.0,0.2,19597,MA上昇配列 / パーフェクトオーダー / 52週高値目前
3151,バイタルケーエスケー・ホールディングス,卸売業,12.2,★☆☆☆☆,0.0,0.0,0.0,0.0,12.2,0.0,0.0,0.0,,,0.0,-8.3,1.8,2.6,1622,1682.0,2.2,0.1,130,MA上昇配列 / パーフェクトオーダー / 52週高値目前
4968,荒川化学工業,化学,12.2,★☆☆☆☆,4.2,0.0,2.0,0.0,6.0,0.0,0.0,0.0,,SK hynix,0.5,21.4,6.0,2.7,1957,2226.0,-3.9,0.0,789,SK hynix+5.4%連動(β0.20) 未反応+0.5% / MA上昇配列 / パーフェクトオーダー
5122,オカモト,ゴム製品,12.2,★☆☆☆☆,0.0,0.0,4.0,0.0,8.2,0.0,0.0,0.0,,,0.0,2.6,3.7,2.2,5863,6330.0,-3.7,0.0,283,資金流入増 / MA上昇配列 / パーフェクトオーダー
2109,ＤＭ三井製糖,食料品,12.2,★☆☆☆☆,0.0,0.0,0.0,0.0,12.2,0.0,0.0,0.0,,,0.0,-4.0,1.5,4.3,3566,3675.0,0.3,0.1,158,MA上昇配列 / パーフェクトオーダー / 52週高値目前
8065,佐藤商事,卸売業,12.2,★☆☆☆☆,0.0,0.0,4.0,0.0,8.2,0.0,0.0,0.0,,,0.0,19.3,4.1,5.8,3391,3690.0,-0.4,0.0,246,資金流入増 / MA上昇配列 / パーフェクトオーダー
9997,ベルーナ,小売業,12.2,★☆☆☆☆,0.0,0.0,0.0,0.0,12.2,0.0,0.0,0.0,,,0.0,-8.9,1.5,3.4,1048,1080.0,3.3,0.1,268,MA上昇配列 / パーフェクトオーダー / 52週高値目前
8142,トーホー,卸売業,12.2,★☆☆☆☆,0.0,0.0,0.0,0.0,12.2,0.0,0.0,0.0,,,0.0,-3.3,1.5,3.5,1390,1434.0,-0.1,0.1,185,MA上昇配列 / パーフェクトオーダー / 52週高値目前
6306,日工,機械,12.2,★☆☆☆☆,0.0,0.0,0.0,0.0,12.2,0.0,0.0,0.0,,,0.0,-2.3,2.0,4.2,1001,1043.0,0.5,0.1,129,MA上昇配列 / パーフェクトオーダー / 52週高値目前
3964,オークネット,情報・通信業,12.2,★☆☆☆☆,0.0,0.0,4.0,0.0,8.2,0.0,0.0,0.0,,,0.0,-1.2,2.5,1.7,1381,1453.0,1.0,0.5,862,資金流入増 / MA上昇配列 / パーフェクトオーダー
6254,野村マイクロ・サイエンス,機械,12.1,★☆☆☆☆,12.1,0.0,0.0,0.0,0.0,0.0,0.0,0.0,,SK hynix,2.0,-0.4,5.8,-6.1,3226,3650.0,1.7,0.1,3302,SK hynix+5.4%連動(β0.45) 未反応+2.0%
3663,セルシス,情報・通信業,12.0,★☆☆☆☆,0.0,0.0,0.0,0.0,12.0,0.0,0.0,0.0,,,0.0,-7.3,3.8,4.3,1790,1937.0,3.0,0.1,466,MA上昇配列 / パーフェクトオーダー
3673,ブロードリーフ,情報・通信業,12.0,★☆☆☆☆,0.0,0.0,1.0,0.0,11.0,0.0,0.0,0.0,,,0.0,-2.3,5.0,6.3,428,475.0,-2.5,0.3,486,MA上昇配列 / パーフェクトオーダー
7033,マネジメントソリューションズ,サービス業,12.0,★☆☆☆☆,0.0,0.0,3.3,0.0,8.7,0.0,0.0,0.0,,,0.0,9.2,3.3,10.6,1566,1676.0,-2.1,0.1,185,買い出来高優勢 / MA上昇配列 / パーフェクトオーダー
3660,アイスタイル,情報・通信業,12.0,★☆☆☆☆,0.0,0.0,4.0,0.0,8.0,0.0,0.0,0.0,,,0.0,15.1,4.7,13.5,484,535.0,-0.4,0.2,884,資金流入増 / MA上昇配列 / 開示[自己株式取得](14日前)
1762,高松コンストラクショングループ,建設業,12.0,★☆☆☆☆,0.0,0.0,2.0,0.0,10.0,0.0,0.0,0.0,,,0.0,0.6,1.9,5.0,3919,4075.0,3.2,0.2,156,MA上昇配列
2270,雪印メグミルク,食料品,12.0,★☆☆☆☆,0.0,0.0,0.0,0.0,12.0,0.0,0.0,0.0,,,0.0,-12.6,2.2,1.4,3596,3760.0,3.0,0.1,696,MA上昇配列 / パーフェクトオーダー
9831,ヤマダホールディングス,小売業,12.0,★☆☆☆☆,0.0,0.0,0.0,0.0,12.0,0.0,0.0,0.0,,,0.0,-13.3,2.5,1.1,677,712.7000122070312,1.0,0.1,3033,MA上昇配列 / パーフェクトオーダー
8923,トーセイ,不動産業,12.0,★☆☆☆☆,0.0,0.0,0.0,0.0,12.0,0.0,0.0,0.0,,,0.0,-5.2,1.7,3.0,1780,1841.0,1.9,0.0,362,MA上昇配列 / パーフェクトオーダー
4676,フジ・メディア・ホールディングス,情報・通信業,12.0,★☆☆☆☆,0.0,0.0,0.0,0.0,12.0,0.0,0.0,0.0,,,0.0,-9.4,2.2,0.8,3952,4136.0,0.5,0.1,2283,MA上昇配列 / パーフェクトオーダー
4996,クミアイ化学工業,化学,12.0,★☆☆☆☆,0.0,0.0,2.0,0.0,10.0,0.0,0.0,0.0,,,0.0,-0.3,1.6,3.6,761,785.0,-0.3,0.1,276,MA上昇配列 / パーフェクトオーダー
4933,Ｉ－ｎｅ,化学,12.0,★☆☆☆☆,0.0,0.0,3.3,0.0,8.7,0.0,0.0,0.0,,,0.0,10.0,3.3,10.4,1392,1491.0,4.9,0.1,111,買い出来高優勢 / MA上昇配列 / パーフェクトオーダー
4725,ＣＡＣ　Ｈｏｌｄｉｎｇｓ,情報・通信業,12.0,★☆☆☆☆,0.0,0.0,3.3,0.0,8.7,0.0,0.0,0.0,,,0.0,-3.3,1.4,3.4,1896,1949.0,-0.4,0.1,125,買い出来高優勢 / MA上昇配列
5161,西川ゴム工業,ゴム製品,12.0,★☆☆☆☆,0.0,0.0,3.0,0.0,9.0,0.0,0.0,0.0,,,0.0,8.7,2.3,8.8,3543,3710.0,6.6,0.1,446,MA上昇配列
4045,東亞合成,化学,12.0,★☆☆☆☆,0.0,0.0,1.0,0.0,11.0,0.0,0.0,0.0,,,0.0,-2.5,1.4,1.6,1815,1868.0,1.7,0.0,463,MA上昇配列 / パーフェクトオーダー / 52週高値目前
8304,あおぞら銀行,銀行業,12.0,★☆☆☆☆,0.0,0.0,1.0,0.0,11.0,0.0,0.0,0.0,,,0.0,4.0,2.5,4.7,3230,3397.0,4.9,0.1,5170,MA上昇配列 / パーフェクトオーダー / 52週高値目前
6770,アルプスアルパイン,電気機器,12.0,★☆☆☆☆,0.0,0.0,0.0,0.0,12.0,0.0,0.0,0.0,,,0.0,-6.8,2.7,2.0,2099,2218.0,1.4,0.1,3292,MA上昇配列 / パーフェクトオーダー
8439,東京センチュリー,その他金融業,12.0,★☆☆☆☆,0.0,0.0,0.0,0.0,12.0,0.0,0.0,0.0,,,0.0,-9.7,1.8,2.5,2542,2637.5,5.9,0.1,1798,MA上昇配列 / パーフェクトオーダー
9041,近鉄グループホールディングス,陸運業,12.0,★☆☆☆☆,0.0,0.0,2.0,0.0,10.0,0.0,0.0,0.0,,,0.0,-9.5,1.8,0.4,3412,3539.0,0.1,0.1,2015,MA上昇配列 / パーフェクトオーダー
8570,イオンフィナンシャルサービス,その他金融業,12.0,★☆☆☆☆,0.0,0.0,3.3,0.0,8.7,0.0,0.0,0.0,,,0.0,2.5,1.9,6.3,1658,1725.0,1.8,0.5,904,買い出来高優勢 / MA上昇配列
9031,西日本鉄道,陸運業,12.0,★☆☆☆☆,0.0,0.0,0.0,0.0,12.0,0.0,0.0,0.0,,,0.0,-10.7,1.9,1.0,2989,3108.0,0.7,0.1,567,MA上昇配列 / パーフェクトオーダー
1379,ホクト,水産・農林業,12.0,★☆☆☆☆,0.0,0.0,3.0,0.0,9.0,0.0,0.0,0.0,,,0.0,-0.0,2.0,6.2,2032,2118.0,0.4,0.1,221,MA上昇配列 / 52週高値目前 / RSI過熱(89)⚠
8043,スターゼン,卸売業,12.0,★☆☆☆☆,0.0,0.0,1.0,0.0,11.0,0.0,0.0,0.0,,,0.0,3.0,2.3,7.8,1460,1531.0,-0.4,0.1,223,MA上昇配列 / パーフェクトオーダー / 52週高値目前 / RSI過熱(86)⚠ / 開示[増配](14日前)
7094,ＮｅｘＴｏｎｅ,サービス業,12.0,★☆☆☆☆,0.0,0.0,4.0,0.0,8.0,0.0,0.0,0.0,,,0.0,20.9,3.6,14.3,1728,1863.0,3.8,0.1,181,資金流入増 / MA上昇配列
4406,新日本理化,化学,12.0,★☆☆☆☆,0.0,0.0,5.3,0.0,6.7,0.0,0.0,0.0,,,0.0,22.4,4.5,11.6,231,254.0,3.3,0.1,116,買い出来高優勢 / 資金流入増 / MA上昇配列
5885,ジーデップ・アドバンス,卸売業,12.0,★☆☆☆☆,0.0,0.0,2.0,0.0,10.0,0.0,0.0,0.0,,,0.0,22.2,4.4,10.9,2953,3240.0,9.3,0.6,129,MA上昇配列 / パーフェクトオーダー
8005,スクロール,小売業,12.0,★☆☆☆☆,0.0,0.0,1.0,0.0,11.0,0.0,0.0,0.0,,,0.0,1.7,1.8,2.9,1799,1867.0,1.1,0.1,458,MA上昇配列 / パーフェクトオーダー / 52週高値目前
9119,飯野海運,海運業,12.0,★☆☆☆☆,0.0,0.0,3.0,0.0,9.0,0.0,0.0,0.0,,,0.0,6.6,2.7,7.1,1616,1707.0,2.8,0.1,461,MA上昇配列
2659,サンエー,小売業,12.0,★☆☆☆☆,0.0,0.0,0.0,0.0,12.0,0.0,0.0,0.0,,,0.0,-5.5,1.5,2.0,3269,3370.0,0.1,0.1,409,MA上昇配列 / パーフェクトオーダー
9418,Ｕ－ＮＥＸＴ　ＨＯＬＤＩＮＧＳ,情報・通信業,12.0,★☆☆☆☆,0.0,0.0,4.0,0.0,8.0,0.0,0.0,0.0,,,0.0,-8.0,1.7,2.1,1709,1768.0,-0.4,2.0,1146,MA上昇配列
7931,未来工業,化学,12.0,★☆☆☆☆,0.0,0.0,2.0,0.0,10.0,0.0,0.0,0.0,,,0.0,1.8,3.2,4.7,3471,3705.0,2.1,0.0,108,MA上昇配列 / パーフェクトオーダー
3697,ＳＨＩＦＴ,情報・通信業,12.0,★☆☆☆☆,6.5,0.0,0.0,0.0,5.5,0.0,0.0,0.0,,Microsoft,0.9,-5.4,4.7,6.8,869,960.5999755859375,0.6,0.1,4217,Microsoft+2.7%連動(β0.55) 未反応+0.9% / MA上昇配列
9130,共栄タンカー,海運業,12.0,★☆☆☆☆,0.0,0.0,2.0,0.0,10.0,0.0,0.0,0.0,,,0.0,9.2,4.3,6.2,1480,1619.0,2.1,0.0,118,資金流入増 / MA上昇配列 / パーフェクトオーダー
6869,シスメックス,電気機器,12.0,★☆☆☆☆,0.0,0.0,2.0,0.0,10.0,0.0,0.0,0.0,,,0.0,9.1,4.0,8.9,1780,1933.5,0.8,0.1,5636,MA上昇配列 / パーフェクトオーダー
9605,東映,情報・通信業,12.0,★☆☆☆☆,0.0,0.0,0.0,0.0,12.0,0.0,0.0,0.0,,,0.0,-11.8,2.7,1.0,5729,6060.0,1.0,0.1,421,MA上昇配列 / パーフェクトオーダー
6330,東洋エンジニアリング,建設業,12.0,★☆☆☆☆,0.0,0.0,4.0,0.0,8.0,0.0,0.0,0.0,,,0.0,23.9,8.4,11.3,2051,2466.0,2.4,0.3,8786,資金流入増 / MA上昇配列
6436,アマノ,機械,12.0,★☆☆☆☆,0.0,0.0,2.0,0.0,10.0,0.0,0.0,0.0,,,0.0,-4.5,1.4,2.1,3861,3975.0,3.5,0.0,999,MA上昇配列
6994,指月電機製作所,電気機器,12.0,★☆☆☆☆,4.0,0.0,2.0,0.0,6.0,0.0,0.0,0.0,,SK hynix,-2.3,25.7,4.9,7.6,1081,1198.0,3.2,0.2,371,SK hynix+5.4%連動(β0.29)
9506,東北電力,電気・ガス業,12.0,★☆☆☆☆,0.0,0.0,4.3,0.0,7.7,0.0,0.0,0.0,,,0.0,4.7,2.1,7.4,1270,1326.0,1.1,0.1,3534,買い出来高優勢 / MA上昇配列
4544,Ｈ．Ｕ．グループホールディングス,サービス業,12.0,★☆☆☆☆,0.0,0.0,0.0,0.0,12.0,0.0,0.0,0.0,,,0.0,-5.4,2.8,3.2,3434,3636.0,0.1,0.1,855,MA上昇配列 / パーフェクトオーダー
9468,ＫＡＤＯＫＡＷＡ,情報・通信業,12.0,★☆☆☆☆,0.0,0.0,1.0,0.0,11.0,0.0,0.0,0.0,,,0.0,-4.5,2.6,3.9,3503,3691.0,3.8,0.1,1677,MA上昇配列 / パーフェクトオーダー / 開示[業績予想の修正](14日前)
7947,エフピコ,化学,12.0,★☆☆☆☆,0.0,0.0,2.0,0.0,10.0,0.0,0.0,0.0,,,0.0,-0.9,1.6,4.2,2705,2792.0,0.9,0.1,503,MA上昇配列 / パーフェクトオーダー
8150,三信電気,卸売業,12.0,★☆☆☆☆,0.0,0.0,3.0,0.0,9.0,0.0,0.0,0.0,,,0.0,4.1,2.1,4.6,3038,3170.0,2.4,0.1,195,MA上昇配列 / 52週高値目前
7186,横浜フィナンシャルグループ,銀行業,12.0,★☆☆☆☆,0.0,0.0,0.0,0.0,12.0,0.0,0.0,0.0,,,0.0,-6.0,2.3,1.9,1833,1922.5,3.8,0.1,6679,MA上昇配列 / パーフェクトオーダー
3245,ディア・ライフ,不動産業,12.0,★☆☆☆☆,0.0,0.0,4.3,0.0,7.7,0.0,0.0,0.0,,,0.0,-2.4,1.8,3.7,1115,1157.0,-0.1,0.1,363,買い出来高優勢 / MA上昇配列
8283,ＰＡＬＴＡＣ,卸売業,12.0,★☆☆☆☆,0.0,0.0,1.0,0.0,11.0,0.0,0.0,0.0,,,0.0,-6.7,0.4,0.1,6583,6630.0,0.0,0.0,1134,MA上昇配列 / パーフェクトオーダー / 52週高値目前
7280,ミツバ,電気機器,12.0,★☆☆☆☆,0.0,0.0,2.0,0.0,10.0,0.0,0.0,0.0,,,0.0,6.9,2.6,8.0,1267,1335.0,0.0,0.2,316,MA上昇配列 / パーフェクトオーダー
2175,エス・エム・エス,サービス業,12.0,★☆☆☆☆,0.0,0.0,2.0,0.0,10.0,0.0,0.0,0.0,,,0.0,-5.7,2.8,3.5,2256,2391.0,4.9,0.0,1172,MA上昇配列 / パーフェクトオーダー
8309,三井住友トラストグループ,銀行業,12.0,★☆☆☆☆,0.0,0.0,1.0,0.0,11.0,0.0,0.0,0.0,,,0.0,-4.3,2.0,2.8,1679,1748.0,3.4,0.2,14585,MA上昇配列 / パーフェクトオーダー / 52週高値目前
6324,ハーモニック・ドライブ・システムズ,機械,11.899999999999999,★☆☆☆☆,5.3,6.6,0.0,0.0,0.0,0.0,0.0,0.0,,SK hynix,-1.6,2.1,6.6,-5.6,5124,5910.0,1.4,0.1,9010,SK hynix+5.4%連動(β0.39) / ロボット(+0.3%)
7826,フルヤ金属,その他製品,11.899999999999999,★☆☆☆☆,4.6,0.0,3.3,0.0,7.0,0.0,0.0,-3.0,,SK hynix,-10.7,50.6,6.3,19.1,8004,9160.0,10.8,0.1,3998,SK hynix+5.4%連動(β0.34) / 買い出来高優勢 / 伸びすぎ注意(25MA+19%)
5218,オハラ,ガラス・土石製品,11.899999999999999,★☆☆☆☆,2.7,0.0,1.0,0.0,8.2,0.0,0.0,0.0,,SK hynix,-0.3,8.2,3.6,4.7,1495,1611.0,0.4,0.1,133,SK hynix+5.4%連動(β0.20) / MA上昇配列 / パーフェクトオーダー
2354,ＹＥ　ＤＩＧＩＴＡＬ,情報・通信業,11.8,★☆☆☆☆,0.0,0.0,3.3,0.0,8.5,0.0,0.0,0.0,,,0.0,2.6,7.8,7.3,1217,1440.0,5.1,0.1,1324,買い出来高優勢 / MA上昇配列 / パーフェクトオーダー
9511,沖縄電力,電気・ガス業,11.8,★☆☆☆☆,0.0,0.0,5.3,0.0,6.5,0.0,0.0,0.0,,,0.0,18.7,1.9,9.5,1133,1177.0,0.5,0.1,393,買い出来高優勢 / 資金流入増 / MA上昇配列 / RSI過熱(92)⚠
6481,ＴＨＫ,機械,11.8,★☆☆☆☆,9.8,0.0,1.0,0.0,1.0,0.0,0.0,0.0,,SK hynix,2.0,6.0,4.4,-1.0,6288,6900.0,-1.5,0.0,9182,SK hynix+5.4%連動(β0.28) 未反応+2.0%
8103,明和産業,卸売業,11.7,★☆☆☆☆,0.0,0.0,1.0,0.0,10.7,0.0,0.0,0.0,,,0.0,-0.9,1.9,4.6,941,978.0,2.7,0.1,192,MA上昇配列 / パーフェクトオーダー
7182,ゆうちょ銀行,銀行業,11.7,★☆☆☆☆,0.0,0.0,2.0,0.0,9.7,0.0,0.0,0.0,,,0.0,-5.0,2.5,1.5,3103,3265.0,4.6,0.1,19088,MA上昇配列 / パーフェクトオーダー
8014,蝶理,卸売業,11.7,★☆☆☆☆,0.0,0.0,3.0,0.0,8.7,0.0,0.0,0.0,,,0.0,1.0,2.1,4.6,4097,4275.0,2.2,0.1,228,資金流入増 / MA上昇配列
6997,日本ケミコン,電気機器,11.7,★☆☆☆☆,10.2,0.0,0.0,0.0,1.5,0.0,0.0,0.0,,SK hynix,1.7,0.7,6.8,-7.7,2382,2755.0,-1.1,0.1,2948,SK hynix+5.4%連動(β0.37) 未反応+1.7%
6737,ＥＩＺＯ,電気機器,11.7,★☆☆☆☆,0.0,0.0,2.0,0.0,9.7,0.0,0.0,0.0,,,0.0,7.8,2.4,6.2,2965,3115.0,4.8,0.3,602,MA上昇配列 / パーフェクトオーダー / 52週高値目前
3276,ＪＰＭＣ,不動産業,11.7,★☆☆☆☆,0.0,0.0,2.0,0.0,9.7,0.0,0.0,0.0,,,0.0,16.3,0.1,6.7,2244,2247.0,0.1,0.4,740,資金流入増 / MA上昇配列 / パーフェクトオーダー / 52週高値目前
9699,ニシオホールディングス,サービス業,11.7,★☆☆☆☆,0.0,0.0,3.0,0.0,8.7,0.0,0.0,0.0,,,0.0,0.8,1.7,5.7,4546,4710.0,2.1,0.0,261,MA上昇配列
9436,沖縄セルラー電話,情報・通信業,11.7,★☆☆☆☆,0.0,0.0,2.0,0.0,9.7,0.0,0.0,0.0,,,0.0,3.0,1.9,2.8,3936,4090.0,1.9,0.1,533,MA上昇配列 / パーフェクトオーダー / 52週高値目前
9075,福山通運,陸運業,11.7,★☆☆☆☆,0.0,0.0,1.0,0.0,10.7,0.0,0.0,0.0,,,0.0,-2.3,3.1,4.1,5997,6400.0,0.2,0.1,642,MA上昇配列 / パーフェクトオーダー
6762,ＴＤＫ,電気機器,11.7,★☆☆☆☆,4.7,0.0,2.0,0.0,5.0,0.0,0.0,0.0,,SK hynix,0.2,5.9,3.3,1.3,2880,3087.0,2.5,0.1,31013,SK hynix+5.4%連動(β0.31)
4956,コニシ,化学,11.7,★☆☆☆☆,0.0,0.0,1.0,0.0,10.7,0.0,0.0,0.0,,,0.0,-4.0,1.8,1.4,1416,1468.0,1.7,0.0,125,MA上昇配列 / パーフェクトオーダー
4212,積水樹脂,化学,11.7,★☆☆☆☆,0.0,0.0,1.0,0.0,10.7,0.0,0.0,0.0,,,0.0,5.0,2.0,4.8,2840,2961.0,4.6,0.0,221,MA上昇配列 / パーフェクトオーダー
6412,平和,機械,11.7,★☆☆☆☆,0.0,0.0,1.0,0.0,10.7,0.0,0.0,0.0,,,0.0,-3.8,1.7,3.7,2159,2233.0,1.4,0.0,666,MA上昇配列 / パーフェクトオーダー
8079,正栄食品工業,卸売業,11.7,★☆☆☆☆,0.0,0.0,2.0,0.0,9.7,0.0,0.0,0.0,,,0.0,-7.3,1.2,2.3,4439,4550.0,0.0,0.1,140,MA上昇配列 / パーフェクトオーダー
8052,椿本興業,卸売業,11.7,★☆☆☆☆,0.0,0.0,3.0,0.0,8.7,0.0,0.0,0.0,,,0.0,-5.5,1.5,4.4,2833,2920.0,4.7,0.7,121,MA上昇配列
7611,ハイデイ日高,小売業,11.7,★☆☆☆☆,0.0,0.0,5.0,0.0,6.7,0.0,0.0,0.0,,,0.0,-6.2,1.5,3.4,2902,2992.0,1.4,1.6,806,MA上昇配列
4919,ミルボン,化学,11.7,★☆☆☆☆,0.0,0.0,3.0,0.0,8.7,0.0,0.0,0.0,,,0.0,6.1,3.0,9.1,3105,3300.0,2.0,0.1,559,MA上昇配列 / パーフェクトオーダー
6255,エヌ・ピー・シー,機械,11.6,★☆☆☆☆,7.3,0.0,3.3,0.0,1.0,0.0,0.0,0.0,,SK hynix,1.3,13.4,3.2,2.0,644,687.0,-1.7,0.2,148,SK hynix+5.4%連動(β0.26) 未反応+1.3% / 買い出来高優勢
6524,湖北工業,電気機器,11.6,★☆☆☆☆,3.6,0.0,2.0,0.0,6.0,0.0,0.0,0.0,,SK hynix,-10.2,28.7,5.8,11.3,4601,5200.0,10.4,0.2,1366,SK hynix+5.4%連動(β0.26)
6331,三菱化工機,機械,11.5,★☆☆☆☆,5.8,0.0,2.0,0.0,3.7,0.0,0.0,0.0,,SK hynix,1.0,0.0,2.7,1.0,3095,3270.0,1.6,0.1,559,SK hynix+5.4%連動(β0.21) 未反応+1.0%
9324,安田倉庫,倉庫・運輸関連業,11.5,★☆☆☆☆,0.0,0.0,2.0,0.0,9.5,0.0,0.0,0.0,,,0.0,-8.0,2.0,0.5,2449,2549.0,-1.4,0.0,232,MA上昇配列 / パーフェクトオーダー
4052,フィーチャ,情報・通信業,11.5,★☆☆☆☆,0.0,0.0,5.3,0.0,6.2,0.0,0.0,0.0,,,0.0,80.6,15.3,11.1,364,524.0,-5.6,0.0,387,買い出来高優勢 / 資金流入増 / MA上昇配列 / パーフェクトオーダー
6490,ＰＩＬＬＡＲ,機械,11.5,★☆☆☆☆,4.5,0.0,1.0,0.0,6.0,0.0,0.0,0.0,,SK hynix,-2.9,13.2,6.3,1.9,8927,10220.0,1.8,0.1,1647,SK hynix+5.4%連動(β0.34) / MA上昇配列 / パーフェクトオーダー
8524,北洋銀行,銀行業,11.5,★☆☆☆☆,0.0,0.0,2.0,0.0,9.5,0.0,0.0,0.0,,,0.0,1.7,2.7,3.0,1201,1270.0,1.1,0.1,2077,MA上昇配列 / パーフェクトオーダー
7241,フタバ産業,輸送用機器,11.5,★☆☆☆☆,0.0,0.0,0.0,0.0,11.5,0.0,0.0,0.0,,,0.0,2.0,1.6,5.8,1090,1126.0,1.7,0.1,285,MA上昇配列 / 52週高値目前
7244,市光工業,電気機器,11.5,★☆☆☆☆,0.0,0.0,2.0,0.0,9.5,0.0,0.0,0.0,,,0.0,-1.4,3.7,3.7,529,571.0,-0.2,0.0,114,資金流入増 / MA上昇配列 / パーフェクトオーダー
417A,ブルーゾーンホールディングス,小売業,11.5,★☆☆☆☆,0.0,0.0,2.0,0.0,9.5,0.0,0.0,0.0,,,0.0,-5.6,1.7,3.7,1803,1868.5,1.0,0.0,489,MA上昇配列 / パーフェクトオーダー / RSI過熱(88)⚠
7240,ＮＯＫ,輸送用機器,11.5,★☆☆☆☆,0.0,0.0,2.0,0.0,9.5,0.0,0.0,0.0,,,0.0,-5.7,1.6,0.7,2948,3046.0,1.3,0.1,762,MA上昇配列 / パーフェクトオーダー
8344,山形銀行,銀行業,11.5,★☆☆☆☆,0.0,0.0,2.0,0.0,9.5,0.0,0.0,0.0,,,0.0,12.0,3.9,8.7,4224,4580.0,4.4,0.1,569,MA上昇配列 / パーフェクトオーダー
4631,ＤＩＣ,化学,11.5,★☆☆☆☆,0.0,0.0,3.0,0.0,8.5,0.0,0.0,0.0,,,0.0,10.9,4.1,3.9,4702,5119.0,-2.3,0.0,3842,MA上昇配列 / パーフェクトオーダー
7751,キヤノン,電気機器,11.5,★☆☆☆☆,0.0,0.0,0.0,0.0,10.0,0.0,1.5,0.0,,,0.0,-5.5,1.6,2.7,4533,4684.0,3.7,0.1,16437,MA上昇配列 / 開示[自己株式の取得](7日前)
5185,フコク,ゴム製品,11.5,★☆☆☆☆,0.0,0.0,5.3,0.0,6.2,0.0,0.0,0.0,,,0.0,3.0,2.0,4.8,1982,2064.0,0.3,0.1,141,買い出来高優勢 / 資金流入増 / MA上昇配列
5851,リョービ,非鉄金属,11.5,★☆☆☆☆,0.0,0.0,2.0,0.0,9.5,0.0,0.0,0.0,,,0.0,4.0,2.1,3.2,2667,2785.0,0.5,0.0,391,MA上昇配列 / パーフェクトオーダー
7744,ノーリツ鋼機,精密機器,11.5,★☆☆☆☆,0.0,0.0,4.3,0.0,7.2,0.0,0.0,0.0,,,0.0,-2.7,2.8,1.7,1942,2057.0,4.8,0.0,817,買い出来高優勢 / MA上昇配列 / パーフェクトオーダー
8550,栃木銀行,銀行業,11.5,★☆☆☆☆,0.0,0.0,3.3,0.0,8.2,0.0,0.0,0.0,,,0.0,5.5,3.4,4.0,998,1071.0,3.6,0.1,779,買い出来高優勢 / MA上昇配列 / パーフェクトオーダー
8360,山梨中央銀行,銀行業,11.5,★☆☆☆☆,0.0,0.0,3.3,0.0,8.2,0.0,0.0,0.0,,,0.0,5.5,3.4,3.1,6766,7260.0,2.4,0.2,904,買い出来高優勢 / MA上昇配列 / パーフェクトオーダー
3907,シリコンスタジオ,情報・通信業,11.5,★☆☆☆☆,0.0,0.0,3.0,0.0,13.5,0.0,0.0,-5.0,,,0.0,58.9,11.2,48.1,1693,2180.0,19.6,0.1,1951,資金流入増 / MA上昇配列 / パーフェクトオーダー / 52週高値目前 / 過熱⚠25MA+48%
2730,エディオン,小売業,11.5,★☆☆☆☆,0.0,0.0,2.0,0.0,9.5,0.0,0.0,0.0,,,0.0,-8.2,1.7,2.0,2476,2563.0,0.0,0.1,714,MA上昇配列 / パーフェクトオーダー
6371,椿本チエイン,機械,11.5,★☆☆☆☆,0.0,0.0,2.0,0.0,9.5,0.0,0.0,0.0,,,0.0,-4.7,1.5,1.7,2628,2711.0,2.3,0.1,485,MA上昇配列 / パーフェクトオーダー
9889,ＪＢＣＣホールディングス,情報・通信業,11.5,★☆☆☆☆,0.0,0.0,2.0,0.0,9.5,0.0,0.0,0.0,,,0.0,-3.5,2.4,3.7,1645,1729.0,-0.5,0.1,419,MA上昇配列 / パーフェクトオーダー
4208,ＵＢＥ,化学,11.5,★☆☆☆☆,0.0,0.0,2.0,0.0,9.5,0.0,0.0,0.0,,,0.0,5.3,2.5,4.3,3382,3560.0,0.8,0.1,3364,MA上昇配列 / パーフェクトオーダー
8130,サンゲツ,卸売業,11.5,★☆☆☆☆,0.0,0.0,0.0,0.0,11.5,0.0,0.0,0.0,,,0.0,-4.1,1.2,3.1,3144,3220.0,1.3,0.1,473,MA上昇配列 / 52週高値目前
4063,信越化学工業,化学,11.5,★☆☆☆☆,9.0,0.0,1.0,0.0,1.5,0.0,0.0,0.0,,SK hynix,2.1,-1.1,2.2,-2.4,5733,5995.0,-2.7,0.1,40549,SK hynix+5.4%連動(β0.21) 未反応+2.1%
6724,セイコーエプソン,電気機器,11.5,★☆☆☆☆,0.0,0.0,3.3,0.0,8.2,0.0,0.0,0.0,,,0.0,0.0,2.5,3.5,3011,3172.0,3.7,0.1,5256,買い出来高優勢 / MA上昇配列 / パーフェクトオーダー
5830,いよぎんホールディングス,銀行業,11.5,★☆☆☆☆,0.0,0.0,2.0,0.0,9.5,0.0,0.0,0.0,,,0.0,2.9,3.2,4.4,3684,3937.0,2.8,0.1,3669,MA上昇配列 / パーフェクトオーダー
8399,琉球銀行,銀行業,11.5,★☆☆☆☆,0.0,0.0,2.0,0.0,9.5,0.0,0.0,0.0,,,0.0,3.7,3.3,4.4,3013,3225.0,2.4,0.1,434,MA上昇配列 / パーフェクトオーダー
3097,物語コーポレーション,小売業,11.5,★☆☆☆☆,0.0,0.0,2.0,0.0,9.5,0.0,0.0,0.0,,,0.0,-1.1,3.3,3.6,5310,5690.0,0.2,0.1,1190,MA上昇配列 / パーフェクトオーダー
8386,百十四銀行,銀行業,11.5,★☆☆☆☆,0.0,0.0,2.0,0.0,9.5,0.0,0.0,0.0,,,0.0,2.3,3.3,3.3,2837,3035.0,2.8,0.0,998,MA上昇配列 / パーフェクトオーダー
4041,日本曹達,化学,11.5,★☆☆☆☆,0.0,0.0,2.0,0.0,9.5,0.0,0.0,0.0,,,0.0,-4.0,1.5,1.5,3830,3950.0,0.6,0.0,329,MA上昇配列 / パーフェクトオーダー
7189,西日本フィナンシャルホールディングス,銀行業,11.5,★☆☆☆☆,0.0,0.0,2.0,0.0,9.5,0.0,0.0,0.0,,,0.0,4.3,2.7,4.0,4469,4728.0,2.4,0.1,2039,MA上昇配列 / パーフェクトオーダー
8359,八十二長野銀行,銀行業,11.5,★☆☆☆☆,0.0,0.0,2.0,0.0,9.5,0.0,0.0,0.0,,,0.0,-1.6,2.7,2.1,2513,2655.5,3.6,0.1,3727,MA上昇配列 / パーフェクトオーダー
8392,大分銀行,銀行業,11.5,★☆☆☆☆,0.0,0.0,2.0,0.0,9.5,0.0,0.0,0.0,,,0.0,5.2,3.6,4.8,2655,2861.0,3.5,0.2,649,MA上昇配列 / パーフェクトオーダー
6357,三精テクノロジーズ,機械,11.3,★☆☆☆☆,0.0,0.0,3.3,0.0,8.0,0.0,0.0,0.0,,,0.0,10.7,2.7,8.8,2571,2720.0,6.2,0.2,107,買い出来高優勢
7198,ＳＢＩアルヒ,その他金融業,11.3,★☆☆☆☆,0.0,0.0,3.3,0.0,8.0,0.0,0.0,0.0,,,0.0,-3.3,1.6,2.2,814,842.0,1.2,0.1,117,買い出来高優勢 / MA上昇配列
3903,ｇｕｍｉ,情報・通信業,11.3,★☆☆☆☆,0.0,0.0,3.3,0.0,8.0,0.0,0.0,0.0,,,0.0,6.7,3.4,8.3,263,282.0,3.7,0.1,131,買い出来高優勢 / MA上昇配列
1938,日本リーテック,建設業,11.3,★☆☆☆☆,0.0,0.0,4.3,0.0,7.0,0.0,0.0,0.0,,,0.0,2.2,2.6,5.6,2471,2608.0,6.0,0.1,300,買い出来高優勢
4393,バンク・オブ・イノベーション,情報・通信業,11.3,★☆☆☆☆,0.0,0.0,3.3,0.0,8.0,0.0,0.0,0.0,,,0.0,12.5,4.4,9.7,5116,5610.0,6.2,0.2,225,買い出来高優勢 / MA上昇配列
4272,日本化薬,化学,11.3,★☆☆☆☆,0.0,0.0,3.3,0.0,8.0,0.0,0.0,0.0,,,0.0,3.3,1.7,4.2,2049,2120.5,2.0,0.0,1149,買い出来高優勢
4222,児玉化学工業,化学,11.3,★☆☆☆☆,0.0,0.0,5.3,0.0,6.0,0.0,0.0,0.0,,,0.0,18.0,5.0,8.8,622,692.0,3.0,0.0,448,買い出来高優勢 / 資金流入増
9509,北海道電力,電気・ガス業,11.3,★☆☆☆☆,0.0,0.0,3.3,0.0,8.0,0.0,0.0,0.0,,,0.0,-0.2,2.2,4.9,1045,1093.5,1.6,0.1,1963,買い出来高優勢 / MA上昇配列
5838,楽天銀行,銀行業,11.3,★☆☆☆☆,0.0,0.0,3.3,0.0,8.0,0.0,0.0,0.0,,,0.0,11.9,3.7,10.6,5970,6447.0,7.8,0.1,7141,買い出来高優勢 / MA上昇配列
8789,フィンテック　グローバル,その他金融業,11.3,★☆☆☆☆,0.0,0.0,5.3,0.0,9.0,0.0,0.0,-3.0,,,0.0,25.3,3.3,17.8,163,174.0,0.6,0.3,259,買い出来高優勢 / 資金流入増 / MA上昇配列 / 52週高値目前 / RSI過熱(90)⚠ / 伸びすぎ注意(25MA+18%)
3443,川田テクノロジーズ,金属製品,11.3,★☆☆☆☆,0.0,0.0,3.3,0.0,8.0,0.0,0.0,0.0,,,0.0,4.6,2.6,5.5,1348,1423.0,0.6,0.0,397,買い出来高優勢 / MA上昇配列
7350,おきなわフィナンシャルグループ,銀行業,11.2,★☆☆☆☆,0.0,0.0,3.0,0.0,8.2,0.0,0.0,0.0,,,0.0,0.8,3.5,1.4,7150,7680.0,-0.1,0.1,615,MA上昇配列 / パーフェクトオーダー
3569,セーレン,繊維製品,11.2,★☆☆☆☆,0.0,0.0,3.0,0.0,8.2,0.0,0.0,0.0,,,0.0,0.6,2.2,2.3,3301,3450.0,1.2,0.0,762,MA上昇配列 / パーフェクトオーダー
6302,住友重機械工業,機械,11.2,★☆☆☆☆,0.0,0.0,3.0,0.0,8.2,0.0,0.0,0.0,,,0.0,7.7,3.5,3.6,5452,5866.0,3.2,0.0,5760,MA上昇配列 / パーフェクトオーダー
4228,積水化成品工業,化学,11.2,★☆☆☆☆,0.0,0.0,3.0,0.0,8.2,0.0,0.0,0.0,,,0.0,15.6,3.7,3.9,562,607.0,-1.1,0.1,234,MA上昇配列 / パーフェクトオーダー
8614,東洋証券,証券、商品先物取引業,11.2,★☆☆☆☆,0.0,0.0,1.0,0.0,10.2,0.0,0.0,0.0,,,0.0,2.3,1.9,6.5,701,729.0,1.7,0.1,435,MA上昇配列 / 52週高値目前
6361,荏原製作所,機械,11.1,★☆☆☆☆,11.1,0.0,0.0,0.0,0.0,0.0,0.0,0.0,,Arista,2.0,-5.5,5.0,-9.0,4426,4919.0,-2.1,0.1,20476,Arista+7.2%連動(β0.28) 未反応+2.0%
6590,芝浦メカトロニクス,電気機器,11.1,★☆☆☆☆,11.1,0.0,0.0,0.0,0.0,0.0,0.0,0.0,,SK hynix,1.4,-7.1,6.9,-8.2,3514,4080.0,1.0,0.2,8523,SK hynix+5.4%連動(β0.50) 未反応+1.4%
6963,ローム,電気機器,11.1,★☆☆☆☆,4.1,0.0,1.0,0.0,6.0,0.0,0.0,0.0,,SK hynix,-3.7,19.6,4.7,6.4,4479,4949.0,4.1,0.1,18761,SK hynix+5.4%連動(β0.30)
9042,阪急阪神ホールディングス,陸運業,11.0,★☆☆☆☆,0.0,0.0,0.0,0.0,11.0,0.0,0.0,0.0,,,0.0,-13.5,1.7,1.1,4591,4753.0,1.5,0.1,3655,MA上昇配列 / パーフェクトオーダー
4628,エスケー化研,化学,11.0,★☆☆☆☆,0.0,0.0,4.0,0.0,7.0,0.0,0.0,0.0,,,0.0,-0.7,1.9,4.1,8960,9310.0,5.3,0.3,143,資金流入増
8074,ＹＵＡＳＡ,卸売業,11.0,★☆☆☆☆,0.0,0.0,1.0,0.0,10.0,0.0,0.0,0.0,,,0.0,1.6,2.5,5.2,5930,6240.0,2.3,0.2,191,MA上昇配列
4928,ノエビアホールディングス,化学,11.0,★☆☆☆☆,0.0,0.0,1.0,0.0,10.0,0.0,0.0,0.0,,,0.0,-7.1,1.4,2.3,4788,4925.0,1.1,0.0,592,MA上昇配列
2590,ダイドーグループホールディングス,食料品,11.0,★☆☆☆☆,0.0,0.0,0.0,0.0,11.0,0.0,0.0,0.0,,,0.0,-8.1,1.9,2.2,2926,3040.0,1.6,0.1,234,MA上昇配列 / パーフェクトオーダー
5832,ちゅうぎんフィナンシャルグループ,銀行業,11.0,★☆☆☆☆,0.0,0.0,0.0,0.0,11.0,0.0,0.0,0.0,,,0.0,-0.3,2.5,3.0,3333,3505.0,4.1,0.2,993,MA上昇配列 / パーフェクトオーダー / 52週高値目前
8214,ＡＯＫＩホールディングス,小売業,11.0,★☆☆☆☆,0.0,0.0,1.0,0.0,10.0,0.0,0.0,0.0,,,0.0,-6.0,1.6,2.9,1719,1776.0,2.8,0.1,313,MA上昇配列
8572,アコム,その他金融業,11.0,★☆☆☆☆,0.0,0.0,1.0,0.0,10.0,0.0,0.0,0.0,,,0.0,-6.7,1.2,1.8,482,493.1000061035156,2.0,0.1,572,MA上昇配列
3475,グッドコムアセット,不動産業,11.0,★☆☆☆☆,0.0,0.0,0.0,0.0,11.0,0.0,0.0,0.0,,,0.0,-6.1,1.6,2.6,1538,1588.0,0.4,0.1,113,MA上昇配列 / パーフェクトオーダー
2004,昭和産業,食料品,11.0,★☆☆☆☆,0.0,0.0,0.0,0.0,11.0,0.0,0.0,0.0,,,0.0,-2.9,1.6,4.6,3646,3765.0,0.9,0.1,179,MA上昇配列 / パーフェクトオーダー / 52週高値目前 / RSI過熱(88)⚠
8237,松屋,小売業,11.0,★☆☆☆☆,0.0,0.0,4.3,0.0,11.7,0.0,0.0,-5.0,,,0.0,55.9,5.1,37.9,2646,2945.0,23.4,0.5,975,買い出来高優勢 / MA上昇配列 / 52週高値ブレイク! / 過熱⚠25MA+38%
4684,オービック,情報・通信業,11.0,★☆☆☆☆,0.0,0.0,2.0,0.0,9.0,0.0,0.0,0.0,,,0.0,-5.2,2.2,5.1,4602,4814.0,1.9,0.1,6582,MA上昇配列
8410,セブン銀行,銀行業,11.0,★☆☆☆☆,0.0,0.0,0.0,0.0,11.0,0.0,0.0,0.0,,,0.0,-5.2,2.4,3.1,322,337.8999938964844,2.9,0.0,2060,MA上昇配列 / パーフェクトオーダー / 52週高値目前
4911,資生堂,化学,11.0,★☆☆☆☆,0.0,0.0,1.0,0.0,10.0,0.0,0.0,0.0,,,0.0,2.7,3.4,10.2,3544,3801.0,3.6,0.1,12088,MA上昇配列 / パーフェクトオーダー
7860,エイベックス,情報・通信業,11.0,★☆☆☆☆,0.0,0.0,0.0,0.0,11.0,0.0,0.0,0.0,,,0.0,-10.7,1.9,1.6,1245,1295.0,1.6,0.1,210,MA上昇配列 / パーフェクトオーダー
6419,マースグループホールディングス,機械,11.0,★☆☆☆☆,0.0,0.0,0.0,0.0,11.0,0.0,0.0,0.0,,,0.0,-7.4,1.3,1.5,3117,3200.0,1.4,0.0,210,MA上昇配列 / パーフェクトオーダー
1820,西松建設,建設業,11.0,★☆☆☆☆,0.0,0.0,2.0,0.0,9.0,0.0,0.0,0.0,,,0.0,-1.5,1.7,2.7,5379,5571.0,1.6,0.1,671,MA上昇配列
2489,アドウェイズ,サービス業,11.0,★☆☆☆☆,0.0,0.0,5.3,0.0,8.7,0.0,0.0,-3.0,,,0.0,22.9,5.1,18.2,368,409.0,7.1,0.1,198,買い出来高優勢 / 資金流入増 / MA上昇配列 / パーフェクトオーダー / 伸びすぎ注意(25MA+18%)
256A,飛島ホールディングス,建設業,11.0,★☆☆☆☆,0.0,0.0,2.0,0.0,9.0,0.0,0.0,0.0,,,0.0,-1.0,1.9,4.6,2105,2188.0,2.5,0.1,447,MA上昇配列
141A,トライアルホールディングス,小売業,11.0,★☆☆☆☆,0.0,0.0,3.3,0.0,7.7,0.0,0.0,0.0,,,0.0,22.8,5.0,13.8,3532,3925.0,-2.0,0.1,2927,買い出来高優勢 / MA上昇配列 / 開示[増配](14日前)
4377,ワンキャリア,情報・通信業,11.0,★☆☆☆☆,0.0,0.0,2.0,0.0,9.0,0.0,0.0,0.0,,,0.0,11.7,4.7,12.0,2271,2505.0,0.3,0.4,255,MA上昇配列
2157,コシダカホールディングス,サービス業,11.0,★☆☆☆☆,0.0,0.0,3.0,0.0,8.0,0.0,0.0,0.0,,,0.0,-10.6,1.6,0.8,1017,1051.0,-0.5,1.9,799,MA上昇配列
3549,クスリのアオキホールディングス,小売業,11.0,★☆☆☆☆,0.0,0.0,2.0,0.0,9.0,0.0,0.0,0.0,,,0.0,-7.5,2.3,3.5,3969,4159.0,1.3,0.1,811,MA上昇配列
4595,ミズホメディー,医薬品,11.0,★☆☆☆☆,0.0,0.0,1.0,0.0,10.0,0.0,0.0,0.0,,,0.0,-4.0,1.3,2.6,1693,1737.0,1.5,0.3,162,MA上昇配列
3156,レスター,卸売業,11.0,★☆☆☆☆,0.0,0.0,2.0,0.0,12.0,0.0,0.0,-3.0,,,0.0,33.4,5.6,16.4,4684,5280.0,11.6,0.2,739,MA上昇配列 / パーフェクトオーダー / 伸びすぎ注意(25MA+16%)
296A,令和アカウンティング・ホールディングス,サービス業,11.0,★☆☆☆☆,0.0,0.0,3.3,0.0,10.7,0.0,0.0,-3.0,,,0.0,14.5,4.3,17.3,1006,1102.0,17.6,0.1,104,買い出来高優勢 / MA上昇配列 / パーフェクトオーダー / 伸びすぎ注意(25MA+17%)
5892,ｙｕｔｏｒｉ,小売業,11.0,★☆☆☆☆,0.0,0.0,3.0,0.0,8.0,0.0,0.0,0.0,,,0.0,13.5,5.7,8.5,2171,2450.0,-1.4,0.0,182,MA上昇配列
3333,あさひ,小売業,11.0,★☆☆☆☆,0.0,0.0,0.0,0.0,11.0,0.0,0.0,0.0,,,0.0,-7.0,1.5,1.2,1306,1346.0,-1.0,0.1,158,MA上昇配列 / パーフェクトオーダー
3968,セグエグループ,情報・通信業,11.0,★☆☆☆☆,0.0,0.0,2.0,0.0,9.0,0.0,0.0,0.0,,,0.0,-1.7,4.1,4.1,581,632.0,0.8,0.1,242,MA上昇配列 / 開示[上方修正](14日前)
4958,長谷川香料,化学,11.0,★☆☆☆☆,0.0,0.0,0.0,0.0,11.0,0.0,0.0,0.0,,,0.0,-4.2,1.3,1.5,3272,3360.0,0.6,0.0,192,MA上昇配列 / パーフェクトオーダー / 52週高値目前
8425,みずほリース,その他金融業,11.0,★☆☆☆☆,0.0,0.0,1.0,0.0,10.0,0.0,0.0,0.0,,,0.0,-5.3,1.2,2.4,1352,1385.0,1.5,0.0,812,MA上昇配列
3086,Ｊ．フロント　リテイリング,小売業,11.0,★☆☆☆☆,0.0,0.0,0.0,0.0,11.0,0.0,0.0,0.0,,,0.0,-5.5,2.1,6.7,3050,3184.0,6.9,0.4,2915,MA上昇配列 / パーフェクトオーダー
278A,Ｔｅｒｒａ　Ｄｒｏｎｅ,精密機器,11.0,★☆☆☆☆,0.0,0.0,2.0,0.0,12.0,0.0,2.0,-5.0,,,0.0,73.9,6.5,40.6,15897,18290.0,30.1,0.7,16691,MA上昇配列 / パーフェクトオーダー / 過熱⚠25MA+41% / 開示[株式分割](0日前)
7510,たけびし,卸売業,11.0,★☆☆☆☆,0.0,0.0,4.0,0.0,7.0,0.0,0.0,0.0,,,0.0,7.3,2.7,2.8,2646,2799.0,2.0,0.1,125,資金流入増 / MA上昇配列 / パーフェクトオーダー
8934,サンフロンティア不動産,不動産業,11.0,★☆☆☆☆,0.0,0.0,2.0,0.0,9.0,0.0,0.0,0.0,,,0.0,-8.7,1.8,1.3,2436,2526.0,0.3,0.1,244,MA上昇配列
4828,ビジネスエンジニアリング,情報・通信業,11.0,★☆☆☆☆,0.0,0.0,3.3,0.0,7.7,0.0,0.0,0.0,,,0.0,4.8,3.6,8.4,1306,1409.0,-2.3,0.0,178,買い出来高優勢 / MA上昇配列
4768,大塚商会,情報・通信業,11.0,★☆☆☆☆,0.0,0.0,0.0,0.0,11.0,0.0,0.0,0.0,,,0.0,-2.7,2.3,4.9,3390,3550.0,1.8,0.1,5093,MA上昇配列 / パーフェクトオーダー / 52週高値目前
4765,ＳＢＩグローバルアセットマネジメント,サービス業,11.0,★☆☆☆☆,0.0,0.0,0.0,0.0,11.0,0.0,0.0,0.0,,,0.0,-2.4,1.9,4.2,609,633.0,2.4,0.1,211,MA上昇配列 / パーフェクトオーダー
7459,メディパルホールディングス,卸売業,11.0,★☆☆☆☆,0.0,0.0,1.0,0.0,10.0,0.0,0.0,0.0,,,0.0,-11.4,1.8,1.5,2808,2913.5,0.9,0.0,1140,MA上昇配列
6532,ベイカレント,サービス業,11.0,★☆☆☆☆,0.0,0.0,0.0,0.0,11.0,0.0,0.0,0.0,,,0.0,0.3,3.3,8.5,7385,7912.0,2.6,0.1,8322,MA上昇配列 / パーフェクトオーダー
3496,アズーム,不動産業,11.0,★☆☆☆☆,0.0,0.0,2.0,0.0,9.0,0.0,0.0,0.0,,,0.0,-1.1,2.6,5.4,4697,4950.0,2.1,0.1,252,MA上昇配列
9278,ブックオフグループホールディングス,小売業,11.0,★☆☆☆☆,0.0,0.0,0.0,0.0,11.0,0.0,0.0,0.0,,,0.0,-1.5,4.0,5.4,2758,3000.0,1.0,0.1,388,MA上昇配列 / パーフェクトオーダー / 52週高値目前
9348,ｉｓｐａｃｅ,サービス業,11.0,★☆☆☆☆,0.0,6.0,0.0,0.0,5.0,0.0,0.0,0.0,,,0.0,1.7,2.4,3.2,413,433.0,0.2,0.2,324,宇宙(-1.1%)
8179,ロイヤルホールディングス,小売業,11.0,★☆☆☆☆,0.0,0.0,2.0,0.0,9.0,0.0,0.0,0.0,,,0.0,-6.4,2.0,3.8,1319,1374.0,3.8,0.1,463,MA上昇配列
3197,すかいらーくホールディングス,小売業,11.0,★☆☆☆☆,0.0,0.0,2.0,0.0,9.0,0.0,0.0,0.0,,,0.0,-6.2,2.6,4.2,3173,3344.0,1.1,0.1,4200,MA上昇配列
3771,システムリサーチ,情報・通信業,11.0,★☆☆☆☆,0.0,0.0,2.0,0.0,9.0,0.0,0.0,0.0,,,0.0,-2.8,2.3,3.9,1851,1940.0,-0.9,0.3,110,MA上昇配列
4205,日本ゼオン,化学,11.0,★☆☆☆☆,0.0,0.0,0.0,0.0,11.0,0.0,0.0,0.0,,,0.0,1.5,2.1,3.2,2333,2435.0,2.3,0.0,2387,MA上昇配列 / パーフェクトオーダー / 52週高値目前
7102,日本車輌製造,輸送用機器,11.0,★☆☆☆☆,0.0,0.0,2.0,0.0,9.0,0.0,0.0,0.0,,,0.0,3.1,2.3,4.7,3594,3765.0,4.6,0.0,152,MA上昇配列
9467,アルファポリス,情報・通信業,11.0,★☆☆☆☆,0.0,0.0,3.0,0.0,8.0,0.0,0.0,0.0,,,0.0,2.1,4.3,9.2,1096,1198.0,-5.9,0.1,212,資金流入増 / MA上昇配列
9869,加藤産業,卸売業,11.0,★☆☆☆☆,0.0,0.0,1.0,0.0,10.0,0.0,0.0,0.0,,,0.0,-5.9,2.1,2.6,6343,6620.0,1.2,0.2,213,MA上昇配列
8160,木曽路,小売業,11.0,★☆☆☆☆,0.0,0.0,1.0,0.0,10.0,0.0,0.0,0.0,,,0.0,-9.4,1.3,1.7,2410,2475.0,1.5,0.8,268,MA上昇配列
5344,ＭＡＲＵＷＡ,ガラス・土石製品,10.9,★☆☆☆☆,8.9,0.0,2.0,0.0,0.0,0.0,0.0,0.0,,Arista,1.2,2.1,5.4,-3.4,48744,54630.0,-1.0,0.1,7280,Arista+7.2%連動(β0.30) 未反応+1.2%
6777,ｓａｎｔｅｃ　Ｈｏｌｄｉｎｇｓ,電気機器,10.9,★☆☆☆☆,6.2,0.0,1.0,0.0,3.7,0.0,0.0,0.0,,Lumentum,-2.9,19.5,6.9,3.3,16616,19260.0,4.8,0.2,3107,Lumentum+8.3%連動(β0.30)
4022,ラサ工業,化学,10.9,★☆☆☆☆,4.7,0.0,0.0,0.0,6.2,0.0,0.0,0.0,,SK hynix,0.2,26.3,6.3,2.2,1872,2140.0,-2.6,0.0,2829,SK hynix+5.4%連動(β0.29) / MA上昇配列 / パーフェクトオーダー
4186,東京応化工業,化学,10.899999999999999,★☆☆☆☆,8.2,0.0,0.0,0.0,2.7,0.0,0.0,0.0,,SK hynix,0.9,-1.2,4.5,-3.5,8011,8800.0,-0.7,0.1,8794,SK hynix+5.4%連動(β0.40) 未反応+0.9%
4092,日本化学工業,化学,10.899999999999999,★☆☆☆☆,8.7,0.0,0.0,0.0,2.2,0.0,0.0,0.0,,SK hynix,1.8,-4.3,6.0,-0.5,4841,5500.0,1.1,0.1,1466,SK hynix+5.4%連動(β0.26) 未反応+1.8%
7747,朝日インテック,精密機器,10.8,★☆☆☆☆,0.0,0.0,1.0,0.0,9.5,0.0,0.3,0.0,,,0.0,-1.0,3.8,2.9,3609,3903.0,-5.4,0.1,4939,MA上昇配列 / パーフェクトオーダー / 開示[上方修正](13日前)
4396,システムサポートホールディングス,情報・通信業,10.8,★☆☆☆☆,0.0,0.0,5.3,0.0,5.5,0.0,0.0,0.0,,,0.0,11.8,4.2,7.2,1222,1333.0,-5.7,0.0,189,買い出来高優勢 / 資金流入増 / MA上昇配列
2292,Ｓ　Ｆｏｏｄｓ,食料品,10.8,★☆☆☆☆,0.0,0.0,4.3,0.0,6.5,0.0,0.0,0.0,,,0.0,-3.7,1.3,5.8,2887,2965.0,4.1,0.7,694,買い出来高優勢 / MA上昇配列 / RSI過熱(94)⚠
6645,オムロン,電気機器,10.8,★☆☆☆☆,2.8,0.0,3.0,0.0,5.0,0.0,0.0,0.0,,SK hynix,-2.4,19.4,4.0,5.5,5989,6513.0,1.6,0.1,11736,SK hynix+5.4%連動(β0.21) / MA上昇配列 / パーフェクトオーダー
4023,クレハ,化学,10.8,★☆☆☆☆,0.0,0.0,3.3,0.0,7.5,0.0,0.0,0.0,,,0.0,-1.8,2.1,1.4,4274,4465.0,0.3,0.1,1266,買い出来高優勢 / MA上昇配列
9006,京浜急行電鉄,陸運業,10.7,★☆☆☆☆,0.0,0.0,0.0,0.0,10.7,0.0,0.0,0.0,,,0.0,-11.1,1.2,1.5,1537,1576.0,1.3,0.1,1182,MA上昇配列 / パーフェクトオーダー
9882,イエローハット,卸売業,10.7,★☆☆☆☆,0.0,0.0,0.0,0.0,10.7,0.0,0.0,0.0,,,0.0,-11.0,1.2,0.9,1753,1797.0,0.6,0.1,276,MA上昇配列 / パーフェクトオーダー
5445,東京鐵鋼,鉄鋼,10.7,★☆☆☆☆,0.0,0.0,2.0,0.0,8.7,0.0,0.0,0.0,,,0.0,-3.6,1.4,2.7,1980,2037.0,1.5,0.1,216,MA上昇配列
9517,イーレックス,電気・ガス業,10.7,★☆☆☆☆,0.0,0.0,2.0,0.0,8.7,0.0,0.0,0.0,,,0.0,-6.7,3.2,1.4,818,874.0,-1.6,0.1,205,MA上昇配列 / パーフェクトオーダー
2702,日本マクドナルドホールディングス,小売業,10.7,★☆☆☆☆,0.0,0.0,0.0,0.0,10.7,0.0,0.0,0.0,,,0.0,-5.9,2.2,1.8,7750,8110.0,1.4,0.1,5425,MA上昇配列 / パーフェクトオーダー
9432,ＮＴＴ,情報・通信業,10.7,★☆☆☆☆,0.0,0.0,2.0,0.0,8.7,0.0,0.0,0.0,,,0.0,-1.1,1.7,6.2,163,168.89999389648438,4.6,0.1,38407,MA上昇配列
8708,アイザワ証券グループ,証券、商品先物取引業,10.7,★☆☆☆☆,0.0,0.0,2.0,0.0,8.7,0.0,0.0,0.0,,,0.0,2.0,1.8,6.6,1756,1822.0,4.1,0.4,234,MA上昇配列 / パーフェクトオーダー
8595,ジャフコ　グループ,証券、商品先物取引業,10.7,★☆☆☆☆,0.0,0.0,2.0,0.0,8.7,0.0,0.0,0.0,,,0.0,-3.4,1.0,3.1,2305,2351.0,2.7,0.1,668,MA上昇配列
6432,竹内製作所,機械,10.7,★☆☆☆☆,0.0,0.0,1.0,0.0,9.7,0.0,0.0,0.0,,,0.0,-3.4,2.7,2.1,7307,7720.0,5.8,0.3,1634,MA上昇配列 / パーフェクトオーダー / 52週高値目前
6272,レオン自動機,機械,10.7,★☆☆☆☆,0.0,0.0,0.0,0.0,10.7,0.0,0.0,0.0,,,0.0,-4.0,1.3,2.9,1530,1571.0,1.9,0.2,105,MA上昇配列 / パーフェクトオーダー
2002,日清製粉グループ本社,食料品,10.7,★☆☆☆☆,0.0,0.0,0.0,0.0,10.7,0.0,0.0,0.0,,,0.0,-11.8,1.8,1.3,1986,2058.5,0.7,0.1,1925,MA上昇配列 / パーフェクトオーダー
4027,テイカ,化学,10.7,★☆☆☆☆,0.0,0.0,0.0,0.0,10.7,0.0,0.0,0.0,,,0.0,5.5,3.2,3.0,2252,2406.0,4.0,0.0,138,MA上昇配列 / パーフェクトオーダー
6368,オルガノ,機械,10.7,★☆☆☆☆,10.7,0.0,0.0,0.0,0.0,0.0,0.0,0.0,,SK hynix,2.1,2.5,4.1,-4.5,12417,13540.0,0.9,0.1,4372,SK hynix+5.4%連動(β0.33) 未反応+2.1%
1980,ダイダン,建設業,10.7,★☆☆☆☆,2.7,0.0,2.0,0.0,6.0,0.0,0.0,0.0,,SK hynix,-2.3,11.3,3.7,5.7,2583,2789.0,1.5,0.1,2079,SK hynix+5.4%連動(β0.20)
7593,ＶＴホールディングス,小売業,10.7,★☆☆☆☆,0.0,0.0,2.0,0.0,8.7,0.0,0.0,0.0,,,0.0,0.5,2.0,5.4,512,534.0,-0.2,0.0,237,MA上昇配列
4221,大倉工業,化学,10.7,★☆☆☆☆,0.0,0.0,1.0,0.0,9.7,0.0,0.0,0.0,,,0.0,4.4,2.1,3.6,5464,5700.0,1.2,0.0,323,MA上昇配列 / パーフェクトオーダー / 52週高値目前
1766,東建コーポレーション,建設業,10.7,★☆☆☆☆,0.0,0.0,2.0,0.0,8.7,0.0,0.0,0.0,,,0.0,-6.4,1.4,2.8,13286,13680.0,1.9,0.1,260,MA上昇配列
9744,メイテックグループホールディングス,サービス業,10.7,★☆☆☆☆,0.0,0.0,2.0,0.0,8.7,0.0,0.0,0.0,,,0.0,-6.4,1.2,2.1,3313,3393.0,1.8,0.2,997,MA上昇配列
7180,九州フィナンシャルグループ,銀行業,10.7,★☆☆☆☆,0.0,0.0,0.0,0.0,10.7,0.0,0.0,0.0,,,0.0,-3.7,2.9,1.7,1464,1553.0,3.7,0.0,1731,MA上昇配列 / パーフェクトオーダー
2282,日本ハム,食料品,10.7,★☆☆☆☆,0.0,0.0,3.0,0.0,7.7,0.0,0.0,0.0,,,0.0,-11.1,1.8,1.3,6132,6363.0,-0.8,0.0,4159,MA上昇配列
9503,関西電力,電気・ガス業,10.7,★☆☆☆☆,0.0,0.0,2.0,0.0,8.7,0.0,0.0,0.0,,,0.0,-0.9,2.3,6.5,2483,2603.0,1.8,0.1,8215,MA上昇配列
2433,博報堂ＤＹホールディングス,サービス業,10.7,★☆☆☆☆,0.0,0.0,2.0,0.0,8.7,0.0,0.0,0.0,,,0.0,-10.5,2.6,3.9,1269,1337.5,-0.0,0.0,1189,MA上昇配列 / パーフェクトオーダー
8892,エスコン,不動産業,10.7,★☆☆☆☆,0.0,0.0,0.0,0.0,10.7,0.0,0.0,0.0,,,0.0,-4.3,1.4,3.3,1109,1140.0,2.0,0.1,197,MA上昇配列 / パーフェクトオーダー
3050,ＤＣＭホールディングス,小売業,10.7,★☆☆☆☆,0.0,0.0,2.0,0.0,8.7,0.0,0.0,0.0,,,0.0,-5.3,1.4,3.8,1580,1625.0,1.1,0.2,362,MA上昇配列
4599,ステムリム,医薬品,10.7,★☆☆☆☆,0.0,0.0,2.0,0.0,8.7,0.0,0.0,0.0,,,0.0,15.4,4.6,8.3,319,351.0,-1.1,0.1,107,MA上昇配列 / パーフェクトオーダー
2146,ＵＴグループ,サービス業,10.7,★☆☆☆☆,0.0,0.0,3.0,0.0,7.7,0.0,0.0,0.0,,,0.0,16.0,4.4,11.4,209,229.0,0.0,0.1,1734,MA上昇配列
8803,平和不動産,不動産業,10.7,★☆☆☆☆,0.0,0.0,0.0,0.0,10.7,0.0,0.0,0.0,,,0.0,-6.2,1.0,2.4,2370,2419.0,2.5,0.1,422,MA上昇配列 / パーフェクトオーダー
6834,精工技研,電気機器,10.6,★☆☆☆☆,5.6,0.0,2.0,0.0,6.0,0.0,0.0,-3.0,,Lumentum,-3.3,56.3,8.1,16.3,21931,26190.0,5.4,0.2,6420,Lumentum+8.3%連動(β0.27) / 伸びすぎ注意(25MA+16%)
6954,ファナック,電気機器,10.6,★☆☆☆☆,4.0,6.6,0.0,0.0,0.0,0.0,0.0,0.0,,SK hynix,0.1,-11.9,3.2,-4.5,5724,6117.0,0.0,0.1,45100,SK hynix+5.4%連動(β0.27) / ロボット(+0.3%)
3436,ＳＵＭＣＯ,金属製品,10.5,★☆☆☆☆,5.8,0.0,2.0,0.0,2.7,0.0,0.0,0.0,,SK hynix,-1.8,13.0,8.4,-0.2,2932,3523.0,1.9,0.1,50037,SK hynix+5.4%連動(β0.43)
9308,乾汽船,海運業,10.5,★☆☆☆☆,0.0,0.0,3.0,0.0,7.5,0.0,0.0,0.0,,,0.0,5.4,3.8,5.5,1939,2099.0,-1.2,0.0,320,MA上昇配列 / パーフェクトオーダー
9991,ジェコス,卸売業,10.5,★☆☆☆☆,0.0,0.0,1.0,0.0,9.5,0.0,0.0,0.0,,,0.0,-0.7,1.5,3.5,1742,1797.0,1.3,0.1,103,MA上昇配列 / パーフェクトオーダー
1377,サカタのタネ,水産・農林業,10.5,★☆☆☆☆,0.0,0.0,1.0,0.0,9.5,0.0,0.0,0.0,,,0.0,-8.6,1.3,0.4,4317,4430.0,-1.6,0.0,424,MA上昇配列 / パーフェクトオーダー
3401,帝人,繊維製品,10.5,★☆☆☆☆,0.0,0.0,1.0,0.0,9.5,0.0,0.0,0.0,,,0.0,-2.7,2.3,1.6,1665,1743.5,0.5,0.0,1426,MA上昇配列 / パーフェクトオーダー
5602,栗本鐵工所,鉄鋼,10.5,★☆☆☆☆,0.0,0.0,4.0,0.0,6.5,0.0,0.0,0.0,,,0.0,9.9,2.4,6.7,1664,1746.0,1.0,0.0,623,資金流入増 / MA上昇配列
4368,扶桑化学工業,化学,10.5,★☆☆☆☆,10.5,0.0,0.0,0.0,0.0,0.0,0.0,0.0,,SK hynix,2.1,-13.6,6.2,-12.6,2685,3065.0,-5.1,0.1,3425,SK hynix+5.4%連動(β0.32) 未反応+2.1%
1518,三井松島ホールディングス,その他製品,10.5,★☆☆☆☆,0.0,0.0,1.0,0.0,9.5,0.0,0.0,0.0,,,0.0,-8.3,2.0,1.0,2214,2308.0,3.0,0.1,939,MA上昇配列 / パーフェクトオーダー
3148,クリエイトＳＤホールディングス,小売業,10.5,★☆☆☆☆,0.0,0.0,1.0,0.0,9.5,0.0,0.0,0.0,,,0.0,-9.8,1.4,1.4,3316,3410.0,-0.4,0.1,285,MA上昇配列 / パーフェクトオーダー / RSI過熱(89)⚠
8276,平和堂,小売業,10.5,★☆☆☆☆,0.0,0.0,4.0,0.0,6.5,0.0,0.0,0.0,,,0.0,-6.9,1.8,1.4,2609,2707.0,-0.1,0.1,936,資金流入増 / MA上昇配列
8541,愛媛銀行,銀行業,10.5,★☆☆☆☆,0.0,0.0,1.0,0.0,9.5,0.0,0.0,0.0,,,0.0,2.9,4.6,4.3,2776,3055.0,-3.0,0.1,671,MA上昇配列 / パーフェクトオーダー
6486,イーグル工業,機械,10.5,★☆☆☆☆,0.0,0.0,2.0,0.0,8.5,0.0,0.0,0.0,,,0.0,-5.0,1.6,0.9,2938,3035.0,1.0,0.1,282,MA上昇配列 / パーフェクトオーダー
5142,アキレス,化学,10.5,★☆☆☆☆,0.0,0.0,5.3,0.0,10.2,0.0,0.0,-5.0,,,0.0,52.5,5.3,21.2,1775,1986.0,-1.5,0.1,217,買い出来高優勢 / 資金流入増 / MA上昇配列 / 52週高値目前 / 過熱⚠25MA+21%
4902,コニカミノルタ,電気機器,10.5,★☆☆☆☆,0.0,0.0,1.0,0.0,9.5,0.0,0.0,0.0,,,0.0,-9.3,3.7,2.7,616,664.9000244140625,3.4,0.1,2755,MA上昇配列 / パーフェクトオーダー
4680,ラウンドワン,サービス業,10.5,★☆☆☆☆,0.0,0.0,2.0,0.0,8.5,0.0,0.0,0.0,,,0.0,1.1,5.2,5.1,1211,1353.0,-1.0,0.1,4038,MA上昇配列 / パーフェクトオーダー
6861,キーエンス,電気機器,10.5,★☆☆☆☆,3.5,0.0,0.0,0.0,7.0,0.0,0.0,0.0,,Arista,-0.8,-1.3,2.5,0.4,77519,81660.0,1.2,0.1,53348,Arista+7.2%連動(β0.20) / MA上昇配列 / パーフェクトオーダー
7912,大日本印刷,その他製品,10.5,★☆☆☆☆,0.0,0.0,1.0,0.0,9.5,0.0,0.0,0.0,,,0.0,-2.1,2.8,0.0,2948,3123.0,-3.1,0.1,4517,MA上昇配列 / パーフェクトオーダー
5331,ノリタケ,ガラス・土石製品,10.4,★☆☆☆☆,2.7,0.0,2.0,0.0,5.7,0.0,0.0,0.0,,SK hynix,-2.3,12.9,4.2,3.5,3404,3715.0,2.2,0.1,1118,SK hynix+5.4%連動(β0.20)
6526,ソシオネクスト,電気機器,10.4,★☆☆☆☆,4.7,0.0,2.0,0.0,3.7,0.0,0.0,0.0,,SK hynix,-2.1,-4.3,4.5,0.6,1882,2068.5,7.0,0.2,16031,SK hynix+5.4%連動(β0.35)
3825,リミックスポイント,小売業,10.4,★☆☆☆☆,0.0,0.0,0.0,0.0,8.0,0.0,2.4,0.0,,,0.0,16.0,6.9,8.5,197,229.0,-0.9,0.1,472,MA上昇配列 / 開示[業務提携](10日前) / 開示[業務提携](10日前)
4825,ウェザーニューズ,情報・通信業,10.4,★☆☆☆☆,0.0,0.0,2.0,0.0,7.0,0.0,1.4,0.0,,,0.0,0.0,2.0,4.4,2014,2097.0,-0.1,0.1,394,開示[AI](1日前)
590A,ギフティグループ,情報・通信業,10.4,★☆☆☆☆,0.0,0.0,2.0,0.0,8.0,0.0,0.4,0.0,,,0.0,19.6,5.5,12.4,1173,1317.0,-6.3,0.2,408,MA上昇配列 / 開示[子会社化](13日前) / 開示[自己株式取得](13日前)
6962,大真空,電気機器,10.3,★☆☆☆☆,3.3,0.0,2.0,0.0,5.0,0.0,0.0,0.0,,SK hynix,-0.7,9.4,3.9,3.4,739,801.0,2.0,0.1,295,SK hynix+5.4%連動(β0.24)
9268,オプティマスグループ,卸売業,10.3,★☆☆☆☆,0.0,0.0,5.3,0.0,5.0,0.0,0.0,0.0,,,0.0,-1.3,3.2,0.7,398,425.0,0.2,0.1,159,買い出来高優勢 / 資金流入増 / MA上昇配列 / パーフェクトオーダー
4392,ＦＩＧ,情報・通信業,10.3,★☆☆☆☆,0.0,0.0,4.3,0.0,6.0,0.0,0.0,0.0,,,0.0,25.3,12.4,10.7,838,1116.0,-14.2,0.4,6590,買い出来高優勢
6023,ダイハツインフィニアース,輸送用機器,10.3,★☆☆☆☆,0.0,0.0,4.3,0.0,6.0,0.0,0.0,0.0,,,0.0,10.7,4.0,2.5,2747,2986.0,0.2,0.0,701,買い出来高優勢 / MA上昇配列 / パーフェクトオーダー
8061,西華産業,卸売業,10.3,★☆☆☆☆,0.0,0.0,3.3,0.0,7.0,0.0,0.0,0.0,,,0.0,20.4,4.1,9.3,2912,3170.0,5.7,0.1,586,買い出来高優勢
319A,技術承継機構,金属製品,10.2,★☆☆☆☆,0.0,0.0,3.0,0.0,7.2,0.0,0.0,0.0,,,0.0,13.3,8.3,4.3,16256,19500.0,-3.5,0.1,903,MA上昇配列 / パーフェクトオーダー
8084,ＲＹＯＤＥＮ,卸売業,10.2,★☆☆☆☆,0.0,0.0,2.0,0.0,8.2,0.0,0.0,0.0,,,0.0,7.6,2.8,5.3,4467,4730.0,-0.6,0.0,307,MA上昇配列 / パーフェクトオーダー
8393,宮崎銀行,銀行業,10.2,★☆☆☆☆,0.0,0.0,2.0,0.0,8.2,0.0,0.0,0.0,,,0.0,0.0,3.4,2.3,2313,2479.0,2.1,0.1,619,MA上昇配列 / パーフェクトオーダー
6752,パナソニック　ホールディングス,電気機器,10.2,★☆☆☆☆,3.0,0.0,0.0,0.0,7.2,0.0,0.0,0.0,,SK hynix,-0.6,18.4,4.0,2.7,4034,4380.0,1.8,0.2,37694,SK hynix+5.4%連動(β0.22) / MA上昇配列 / パーフェクトオーダー
6250,やまびこ,機械,10.2,★☆☆☆☆,0.0,0.0,2.0,0.0,8.2,0.0,0.0,0.0,,,0.0,4.9,3.1,3.7,3975,4235.0,4.4,0.1,439,MA上昇配列 / パーフェクトオーダー
6351,鶴見製作所,機械,10.2,★☆☆☆☆,0.0,0.0,2.0,0.0,8.2,0.0,0.0,0.0,,,0.0,2.4,3.2,3.6,2251,2403.0,2.8,0.0,178,MA上昇配列 / パーフェクトオーダー
8601,大和証券グループ本社,証券、商品先物取引業,10.2,★☆☆☆☆,0.0,0.0,2.0,0.0,8.2,0.0,0.0,0.0,,,0.0,-7.7,1.8,0.6,1750,1817.0,3.4,0.3,7878,MA上昇配列 / パーフェクトオーダー
5302,日本カーボン,ガラス・土石製品,10.2,★☆☆☆☆,0.0,0.0,2.0,0.0,8.2,0.0,0.0,0.0,,,0.0,-1.0,2.3,1.7,4729,4960.0,0.7,0.1,335,MA上昇配列 / パーフェクトオーダー
8346,東邦銀行,銀行業,10.2,★☆☆☆☆,0.0,0.0,2.0,0.0,8.2,0.0,0.0,0.0,,,0.0,6.8,2.9,4.9,922,979.0,2.9,0.1,923,MA上昇配列 / パーフェクトオーダー
8377,ほくほくフィナンシャルグループ,銀行業,10.2,★☆☆☆☆,0.0,0.0,2.0,0.0,8.2,0.0,0.0,0.0,,,0.0,1.1,3.2,2.7,7648,8164.0,3.6,0.1,3660,MA上昇配列 / パーフェクトオーダー
5186,ニッタ,ゴム製品,10.2,★☆☆☆☆,0.0,0.0,2.0,0.0,8.2,0.0,0.0,0.0,,,0.0,4.2,3.2,3.7,6469,6910.0,5.0,0.0,375,MA上昇配列 / パーフェクトオーダー
3402,東レ,繊維製品,10.2,★☆☆☆☆,0.0,0.0,2.0,0.0,8.2,0.0,0.0,0.0,,,0.0,3.1,2.7,1.6,1206,1274.5,-2.0,0.1,7103,MA上昇配列 / パーフェクトオーダー
4109,ステラ　ケミファ,化学,10.1,★☆☆☆☆,3.1,0.0,2.0,0.0,5.0,0.0,0.0,0.0,,SK hynix,-0.2,5.5,3.1,3.4,5236,5580.0,2.8,0.1,545,SK hynix+5.4%連動(β0.23)
2760,東京エレクトロン　デバイス,卸売業,10.1,★☆☆☆☆,4.1,0.0,1.0,0.0,5.0,0.0,0.0,0.0,,Arista,-4.5,15.0,4.0,3.1,3881,4215.0,5.0,0.1,961,Arista+7.2%連動(β0.23) / MA上昇配列 / パーフェクトオーダー
3491,ＧＡ　ｔｅｃｈｎｏｌｏｇｉｅｓ,不動産業,10.0,★☆☆☆☆,0.0,0.0,2.0,0.0,8.0,0.0,0.0,0.0,,,0.0,6.5,3.4,5.6,1455,1560.0,-1.5,0.2,271,MA上昇配列
3486,グローバル・リンク・マネジメント,不動産業,10.0,★☆☆☆☆,0.0,0.0,2.0,0.0,8.0,0.0,0.0,0.0,,,0.0,-2.7,2.4,2.1,1885,1980.0,-1.0,0.1,104,MA上昇配列
6570,共和コーポレーション,サービス業,10.0,★☆☆☆☆,0.0,0.0,5.3,0.0,9.7,0.0,0.0,-5.0,,,0.0,73.2,9.4,35.4,3107,3830.0,-3.5,0.4,275,買い出来高優勢 / 資金流入増 / MA上昇配列 / パーフェクトオーダー / 過熱⚠25MA+35%
7313,テイ・エス　テック,輸送用機器,10.0,★☆☆☆☆,0.0,0.0,0.0,0.0,10.0,0.0,0.0,0.0,,,0.0,-8.8,1.1,1.1,1804,1846.0,0.1,0.0,496,MA上昇配列
7014,名村造船所,輸送用機器,10.0,★☆☆☆☆,0.0,0.0,2.0,0.0,8.0,0.0,0.0,0.0,,,0.0,7.0,5.7,7.0,4163,4695.0,2.4,0.2,6337,MA上昇配列
2918,わらべや日洋ホールディングス,食料品,10.0,★☆☆☆☆,0.0,0.0,3.3,0.0,6.7,0.0,0.0,0.0,,,0.0,-6.4,1.2,2.4,2804,2875.0,1.2,0.6,290,買い出来高優勢 / MA上昇配列
6840,ＡＫＩＢＡホールディングス,電気機器,10.0,★☆☆☆☆,4.3,0.0,1.0,0.0,4.7,0.0,0.0,0.0,,SK hynix,-5.2,33.3,8.6,8.5,648,783.0,2.1,0.1,642,SK hynix+5.4%連動(β0.32)
1333,Ｕｍｉｏｓ,水産・農林業,10.0,★☆☆☆☆,0.0,0.0,1.0,0.0,9.0,0.0,0.0,0.0,,,0.0,-11.3,1.4,0.6,1275,1312.0,0.8,0.1,697,MA上昇配列
4894,クオリプス,医薬品,10.0,★☆☆☆☆,0.0,0.0,2.0,0.0,8.0,0.0,0.0,0.0,,,0.0,23.4,5.4,11.5,4910,5500.0,4.6,0.1,538,MA上昇配列
6420,ガリレイホールディングス,機械,10.0,★☆☆☆☆,0.0,0.0,0.0,0.0,10.0,0.0,0.0,0.0,,,0.0,-1.5,1.9,2.4,3418,3550.0,2.0,0.0,192,MA上昇配列
3252,地主,不動産業,10.0,★☆☆☆☆,0.0,0.0,1.0,0.0,9.0,0.0,0.0,0.0,,,0.0,-4.6,1.6,2.3,2903,2998.0,-0.1,0.0,373,MA上昇配列
7984,コクヨ,その他製品,10.0,★☆☆☆☆,0.0,0.0,0.0,0.0,10.0,0.0,0.0,0.0,,,0.0,-5.9,1.5,3.5,882,909.9000244140625,5.5,0.1,874,MA上昇配列
9887,松屋フーズホールディングス,小売業,10.0,★☆☆☆☆,0.0,0.0,2.0,0.0,8.0,0.0,0.0,0.0,,,0.0,-5.4,2.2,5.6,5092,5330.0,5.3,0.1,422,MA上昇配列
7965,象印マホービン,電気機器,10.0,★☆☆☆☆,0.0,0.0,2.0,0.0,8.0,0.0,0.0,0.0,,,0.0,-5.9,1.4,2.9,1450,1491.0,1.6,0.1,200,MA上昇配列
4922,コーセーホールディングス,化学,10.0,★☆☆☆☆,0.0,0.0,2.0,0.0,8.0,0.0,0.0,0.0,,,0.0,-8.3,3.1,2.6,5558,5930.0,2.2,0.1,1983,MA上昇配列
2127,日本Ｍ＆Ａセンターホールディングス,サービス業,10.0,★☆☆☆☆,0.0,0.0,2.0,0.0,8.0,0.0,0.0,0.0,,,0.0,-7.6,1.8,3.6,663,688.7000122070312,1.6,0.1,1508,MA上昇配列
5210,日本山村硝子,ガラス・土石製品,10.0,★☆☆☆☆,0.0,0.0,2.0,0.0,8.0,0.0,0.0,0.0,,,0.0,1.9,2.1,3.8,2860,2985.0,1.7,0.0,154,MA上昇配列
7575,日本ライフライン,卸売業,10.0,★☆☆☆☆,0.0,0.0,1.0,0.0,9.0,0.0,0.0,0.0,,,0.0,1.8,2.0,3.8,1508,1570.0,-1.5,0.1,345,MA上昇配列 / 52週高値目前
6460,セガサミーホールディングス,機械,10.0,★☆☆☆☆,0.0,0.0,1.0,0.0,9.0,0.0,0.0,0.0,,,0.0,-3.6,3.2,8.6,2814,3006.0,8.1,0.1,2971,MA上昇配列
6454,マックス,機械,10.0,★☆☆☆☆,0.0,0.0,3.0,0.0,7.0,0.0,0.0,0.0,,,0.0,-0.5,2.3,2.0,1767,1851.0,4.5,0.2,577,MA上昇配列 / パーフェクトオーダー
7616,コロワイド,小売業,10.0,★☆☆☆☆,0.0,0.0,0.0,0.0,10.0,0.0,0.0,0.0,,,0.0,-8.7,1.9,2.7,2018,2097.5,4.3,0.3,849,MA上昇配列 / パーフェクトオーダー
8844,コスモスイニシア,不動産業,10.0,★☆☆☆☆,0.0,0.0,0.0,0.0,10.0,0.0,0.0,0.0,,,0.0,-11.1,2.3,0.2,1228,1286.0,1.4,0.0,100,MA上昇配列 / パーフェクトオーダー
4165,プレイド,情報・通信業,10.0,★☆☆☆☆,0.0,0.0,2.0,0.0,8.0,0.0,0.0,0.0,,,0.0,12.7,4.9,10.1,626,694.0,-7.2,0.1,340,MA上昇配列 / 開示[業績予想の修正](14日前) / 開示[自己株式取得](14日前)
6469,放電精密加工研究所,機械,10.0,★☆☆☆☆,0.0,0.0,3.3,0.0,6.7,0.0,0.0,0.0,,,0.0,14.0,4.2,6.3,2724,2976.0,2.4,0.1,185,買い出来高優勢 / MA上昇配列
4681,リゾートトラスト,サービス業,10.0,★☆☆☆☆,0.0,0.0,0.0,0.0,10.0,0.0,0.0,0.0,,,0.0,-3.8,2.4,5.4,1815,1906.5,3.2,0.1,1085,MA上昇配列
247A,Ａｉロボティクス,化学,10.0,★☆☆☆☆,0.0,0.0,2.0,0.0,8.0,0.0,0.0,0.0,,,0.0,13.2,5.6,10.4,858,967.0,-0.6,0.1,1201,MA上昇配列
5253,カバー,情報・通信業,10.0,★☆☆☆☆,0.0,0.0,2.0,0.0,8.0,0.0,0.0,0.0,,,0.0,0.9,4.4,6.9,1516,1662.0,7.9,0.2,2463,MA上昇配列
5243,ｎｏｔｅ,情報・通信業,10.0,★☆☆☆☆,0.0,0.0,3.3,0.0,9.7,0.0,0.0,-3.0,,,0.0,26.1,5.0,16.6,2464,2739.0,5.5,0.1,734,買い出来高優勢 / MA上昇配列 / パーフェクトオーダー / 伸びすぎ注意(25MA+17%)
9843,ニトリホールディングス,小売業,10.0,★☆☆☆☆,0.0,0.0,2.0,0.0,8.0,0.0,0.0,0.0,,,0.0,5.8,3.4,9.0,2857,3066.0,0.3,0.1,10672,MA上昇配列
1808,長谷工コーポレーション,建設業,10.0,★☆☆☆☆,0.0,0.0,1.0,0.0,9.0,0.0,0.0,0.0,,,0.0,-7.5,1.8,3.0,2770,2874.0,2.7,0.1,2284,MA上昇配列
1928,積水ハウス,建設業,10.0,★☆☆☆☆,0.0,0.0,0.0,0.0,10.0,0.0,0.0,0.0,,,0.0,-12.4,1.3,0.2,3374,3461.0,0.7,0.1,7997,MA上昇配列
6016,ジャパンエンジンコーポレーション,輸送用機器,10.0,★☆☆☆☆,0.0,0.0,2.0,0.0,8.0,0.0,0.0,0.0,,,0.0,13.7,6.1,7.6,9110,10370.0,2.4,0.1,1158,MA上昇配列
9037,ハマキョウレックス,陸運業,10.0,★☆☆☆☆,0.0,0.0,2.0,0.0,8.0,0.0,0.0,0.0,,,0.0,-4.4,1.8,1.8,1806,1873.0,1.1,0.1,270,-
2749,ＪＰホールディングス,サービス業,10.0,★☆☆☆☆,0.0,0.0,1.0,0.0,9.0,0.0,0.0,0.0,,,0.0,-5.9,2.2,2.6,628,656.0,-0.6,0.3,184,MA上昇配列
8001,伊藤忠商事,卸売業,10.0,★☆☆☆☆,0.0,0.0,0.0,0.0,10.0,0.0,0.0,0.0,,,0.0,-2.5,2.3,4.3,2026,2124.5,6.0,0.1,25243,MA上昇配列
5911,横河ブリッジホールディングス,金属製品,10.0,★☆☆☆☆,0.0,0.0,0.0,0.0,10.0,0.0,0.0,0.0,,,0.0,-5.6,1.0,2.1,2962,3020.0,1.7,0.0,303,MA上昇配列
4588,オンコリスバイオファーマ,医薬品,10.0,★☆☆☆☆,0.0,0.0,3.0,0.0,12.0,0.0,0.0,-5.0,,,0.0,54.4,8.2,27.8,3301,3945.0,6.0,0.1,4320,MA上昇配列 / パーフェクトオーダー / 過熱⚠25MA+28%
8200,リンガーハット,小売業,10.0,★☆☆☆☆,0.0,0.0,0.0,0.0,10.0,0.0,0.0,0.0,,,0.0,-9.5,1.4,1.4,2291,2355.0,0.6,0.4,271,MA上昇配列
1934,ユアテック,建設業,10.0,★☆☆☆☆,0.0,0.0,2.0,0.0,8.0,0.0,0.0,0.0,,,0.0,1.3,2.1,5.8,2476,2585.0,4.8,0.2,370,MA上昇配列
5480,日本冶金工業,鉄鋼,10.0,★☆☆☆☆,0.0,0.0,3.0,0.0,7.0,0.0,0.0,0.0,,,0.0,2.8,2.3,4.6,5276,5530.0,3.6,0.1,474,MA上昇配列 / パーフェクトオーダー
3182,オイシックス,小売業,10.0,★☆☆☆☆,0.0,0.0,0.0,0.0,10.0,0.0,0.0,0.0,,,0.0,-3.3,2.7,3.5,1639,1733.0,-2.7,0.1,157,MA上昇配列 / パーフェクトオーダー
5703,日本軽金属ホールディングス,非鉄金属,10.0,★☆☆☆☆,0.0,0.0,2.0,0.0,8.0,0.0,0.0,0.0,,,0.0,11.5,2.6,5.7,2891,3050.0,0.3,0.1,981,-
299A,クラシル,サービス業,10.0,★☆☆☆☆,0.0,0.0,2.0,0.0,8.0,0.0,0.0,0.0,,,0.0,11.8,4.0,11.0,1179,1281.0,2.1,0.1,219,MA上昇配列
7971,東リ,化学,10.0,★☆☆☆☆,0.0,0.0,1.0,0.0,9.0,0.0,0.0,0.0,,,0.0,0.9,1.8,4.3,685,711.0,1.3,0.0,115,MA上昇配列
4967,小林製薬,化学,10.0,★☆☆☆☆,0.0,0.0,0.0,0.0,10.0,0.0,0.0,0.0,,,0.0,-9.1,1.5,2.3,5549,5721.0,1.6,0.1,1274,MA上昇配列 / パーフェクトオーダー
5019,出光興産,石油・石炭製品,10.0,★☆☆☆☆,0.0,0.0,1.0,0.0,9.0,0.0,0.0,0.0,,,0.0,-2.9,2.7,3.7,1296,1369.0,1.4,0.1,4765,MA上昇配列
5032,ＡＮＹＣＯＬＯＲ,情報・通信業,10.0,★☆☆☆☆,0.0,0.0,2.0,0.0,8.0,0.0,0.0,0.0,,,0.0,3.3,2.4,7.9,2813,2956.0,3.7,0.1,1287,MA上昇配列
7545,西松屋チェーン,小売業,10.0,★☆☆☆☆,0.0,0.0,1.0,0.0,9.0,0.0,0.0,0.0,,,0.0,-7.3,1.7,1.9,1963,2032.0,2.0,0.0,881,MA上昇配列
4503,アステラス製薬,医薬品,10.0,★☆☆☆☆,0.0,0.0,1.0,0.0,9.0,0.0,0.0,0.0,,,0.0,-1.7,2.3,4.7,2293,2406.0,-0.5,0.1,14039,MA上昇配列
4521,科研製薬,医薬品,10.0,★☆☆☆☆,0.0,0.0,1.0,0.0,9.0,0.0,0.0,0.0,,,0.0,-6.3,1.7,1.6,3861,4000.0,-0.1,0.1,612,MA上昇配列
7231,トピー工業,輸送用機器,10.0,★☆☆☆☆,0.0,0.0,1.0,0.0,9.0,0.0,0.0,0.0,,,0.0,-1.6,1.8,3.6,2959,3070.0,0.2,0.1,170,MA上昇配列
9470,学研ホールディングス,情報・通信業,10.0,★☆☆☆☆,0.0,0.0,0.0,0.0,10.0,0.0,0.0,0.0,,,0.0,-6.1,1.5,1.6,1012,1043.0,0.6,0.2,118,MA上昇配列
2168,パソナグループ,サービス業,10.0,★☆☆☆☆,0.0,0.0,2.0,0.0,8.0,0.0,0.0,0.0,,,0.0,-2.2,1.8,4.1,1621,1680.0,1.3,0.1,235,MA上昇配列
9505,北陸電力,電気・ガス業,10.0,★☆☆☆☆,0.0,0.0,1.0,0.0,9.0,0.0,0.0,0.0,,,0.0,-6.4,2.1,3.4,950,992.0,0.8,0.2,805,MA上昇配列
4189,ＫＨネオケム,化学,10.0,★☆☆☆☆,0.0,0.0,3.0,0.0,7.0,0.0,0.0,0.0,,,0.0,6.8,2.6,4.2,3278,3455.0,5.0,0.0,711,MA上昇配列 / パーフェクトオーダー
3387,クリエイト・レストランツ・ホールディングス,小売業,10.0,★☆☆☆☆,0.0,0.0,0.0,0.0,10.0,0.0,0.0,0.0,,,0.0,-11.4,1.3,0.0,752,772.0,-0.3,1.1,1368,MA上昇配列
6995,東海理化電機製作所,輸送用機器,10.0,★☆☆☆☆,0.0,0.0,0.0,0.0,10.0,0.0,0.0,0.0,,,0.0,-13.1,1.7,0.2,3018,3125.0,0.2,0.1,404,MA上昇配列
4290,プレステージ・インターナショナル,サービス業,10.0,★☆☆☆☆,0.0,0.0,1.0,0.0,9.0,0.0,0.0,0.0,,,0.0,-6.1,1.4,3.6,714,735.0,0.1,0.2,355,MA上昇配列 / 52週高値目前 / RSI過熱(91)⚠
4343,イオンファンタジー,サービス業,10.0,★☆☆☆☆,0.0,0.0,2.0,0.0,8.0,0.0,0.0,0.0,,,0.0,-1.7,2.0,3.4,2769,2885.0,-0.7,1.4,236,MA上昇配列
1813,不動テトラ,建設業,10.0,★☆☆☆☆,0.0,0.0,2.0,0.0,8.0,0.0,0.0,0.0,,,0.0,3.9,2.1,4.2,2774,2893.0,2.1,0.0,208,MA上昇配列
6289,技研製作所,機械,10.0,★☆☆☆☆,0.0,0.0,2.0,0.0,8.0,0.0,0.0,0.0,,,0.0,-1.2,1.7,3.8,1931,1997.0,1.9,1.9,132,MA上昇配列
5262,日本ヒューム,ガラス・土石製品,10.0,★☆☆☆☆,0.0,0.0,2.0,0.0,8.0,0.0,0.0,0.0,,,0.0,4.0,2.9,4.8,1080,1146.0,-0.3,0.2,269,MA上昇配列
9007,小田急電鉄,陸運業,10.0,★☆☆☆☆,0.0,0.0,0.0,0.0,10.0,0.0,0.0,0.0,,,0.0,-11.2,1.7,1.7,1709,1768.5,2.4,0.1,2346,MA上昇配列 / パーフェクトオーダー
9001,東武鉄道,陸運業,10.0,★☆☆☆☆,0.0,0.0,0.0,0.0,10.0,0.0,0.0,0.0,,,0.0,-12.4,1.4,0.1,2923,3009.0,0.8,0.1,1661,MA上昇配列 / パーフェクトオーダー
6523,ＰＨＣホールディングス,電気機器,9.8,★☆☆☆☆,0.0,0.0,5.3,0.0,7.5,0.0,0.0,-3.0,,,0.0,30.6,4.6,19.3,1391,1531.0,3.0,0.1,1054,買い出来高優勢 / 資金流入増 / MA上昇配列 / パーフェクトオーダー / RSI過熱(88)⚠ / 伸びすぎ注意(25MA+19%)
1870,矢作建設工業,建設業,9.8,★☆☆☆☆,0.0,0.0,3.3,0.0,6.5,0.0,0.0,0.0,,,0.0,5.6,2.2,8.0,2086,2181.0,3.5,0.1,327,買い出来高優勢 / MA上昇配列 / RSI過熱(88)⚠
167A,リョーサン菱洋ホールディングス,卸売業,9.8,★☆☆☆☆,0.0,0.0,3.3,0.0,6.5,0.0,0.0,0.0,,,0.0,5.3,2.6,4.2,3012,3175.0,2.8,0.1,592,買い出来高優勢 / MA上昇配列
7906,ヨネックス,その他製品,9.8,★☆☆☆☆,0.0,0.0,4.3,0.0,5.5,0.0,0.0,0.0,,,0.0,-2.1,4.4,3.0,2523,2765.0,-1.6,0.1,1594,買い出来高優勢 / MA上昇配列
6998,日本タングステン,電気機器,9.8,★☆☆☆☆,0.0,0.0,5.3,0.0,9.5,0.0,0.0,-5.0,,,0.0,72.6,7.2,20.7,2753,3220.0,5.2,0.1,481,買い出来高優勢 / 資金流入増 / MA上昇配列 / パーフェクトオーダー / 過熱⚠25MA+21%
2296,伊藤ハム米久ホールディングス,食料品,9.7,★☆☆☆☆,0.0,0.0,2.0,0.0,7.7,0.0,0.0,0.0,,,0.0,-6.3,1.6,2.3,4967,5130.0,0.8,0.0,646,MA上昇配列
3608,ＴＳＩホールディングス,繊維製品,9.7,★☆☆☆☆,0.0,0.0,0.0,0.0,9.7,0.0,0.0,0.0,,,0.0,-6.6,1.5,2.5,1238,1277.0,1.7,0.7,289,MA上昇配列 / パーフェクトオーダー
7956,ピジョン,その他製品,9.7,★☆☆☆☆,0.0,0.0,1.0,0.0,8.7,0.0,0.0,0.0,,,0.0,-3.8,2.3,4.3,2059,2158.5,1.9,0.1,2085,MA上昇配列 / パーフェクトオーダー
5273,三谷セキサン,ガラス・土石製品,9.7,★☆☆☆☆,0.0,0.0,1.0,0.0,8.7,0.0,0.0,0.0,,,0.0,4.0,3.5,9.7,1951,2097.0,6.9,0.1,121,MA上昇配列
8345,岩手銀行,銀行業,9.7,★☆☆☆☆,0.0,0.0,0.0,0.0,9.7,0.0,0.0,0.0,,,0.0,7.2,3.4,6.2,2298,2468.0,5.8,0.2,638,MA上昇配列 / パーフェクトオーダー / 52週高値目前
2914,日本たばこ産業,食料品,9.7,★☆☆☆☆,0.0,0.0,0.0,0.0,9.7,0.0,0.0,0.0,,,0.0,-2.6,1.7,2.2,6799,7046.0,2.6,0.1,27836,MA上昇配列 / パーフェクトオーダー / 52週高値目前
7550,ゼンショーホールディングス,小売業,9.7,★☆☆☆☆,0.0,0.0,2.0,0.0,7.7,0.0,0.0,0.0,,,0.0,7.1,3.1,9.0,11015,11735.0,2.8,0.1,6364,MA上昇配列 / 52週高値目前
7458,第一興商,卸売業,9.7,★☆☆☆☆,0.0,0.0,1.0,0.0,8.7,0.0,0.0,0.0,,,0.0,-5.8,1.9,3.5,1821,1891.0,1.1,0.1,406,MA上昇配列 / パーフェクトオーダー
7733,オリンパス,精密機器,9.7,★☆☆☆☆,0.0,0.0,1.0,0.0,8.7,0.0,0.0,0.0,,,0.0,11.3,3.3,10.8,2050,2194.0,0.3,0.2,9501,MA上昇配列 / パーフェクトオーダー
4694,ビー・エム・エル,サービス業,9.7,★☆☆☆☆,0.0,0.0,2.0,0.0,7.7,0.0,0.0,0.0,,,0.0,-7.3,1.6,2.2,3552,3670.0,1.7,0.1,236,MA上昇配列
6203,豊和工業,機械,9.7,★☆☆☆☆,2.7,0.0,2.0,0.0,5.0,0.0,0.0,0.0,,SK hynix,-3.5,7.7,3.5,4.1,1406,1512.0,2.3,0.1,279,SK hynix+5.4%連動(β0.20)
9211,エフ・コード,サービス業,9.7,★☆☆☆☆,0.0,0.0,3.0,0.0,6.7,0.0,0.0,0.0,,,0.0,9.4,5.0,4.9,1367,1518.0,-1.0,0.1,246,MA上昇配列
6332,月島ホールディングス,機械,9.7,★☆☆☆☆,0.0,0.0,2.0,0.0,7.7,0.0,0.0,0.0,,,0.0,-1.0,2.5,2.5,2664,2802.0,2.4,0.0,282,MA上昇配列
8278,フジ,小売業,9.7,★☆☆☆☆,0.0,0.0,3.0,0.0,6.7,0.0,0.0,0.0,,,0.0,-6.3,1.5,3.5,2046,2107.0,1.8,1.1,282,MA上昇配列
1786,オリエンタル白石,建設業,9.7,★☆☆☆☆,0.0,0.0,2.0,0.0,7.7,0.0,0.0,0.0,,,0.0,-8.6,3.0,1.0,344,366.0,2.2,0.2,255,MA上昇配列
6238,フリュー,機械,9.7,★☆☆☆☆,0.0,0.0,0.0,0.0,9.7,0.0,0.0,0.0,,,0.0,-6.2,3.3,1.8,1319,1412.0,-0.8,0.1,145,MA上昇配列 / パーフェクトオーダー
7059,コプロ・ホールディングス,サービス業,9.7,★☆☆☆☆,0.0,0.0,3.0,0.0,6.7,0.0,0.0,0.0,,,0.0,6.8,3.0,8.0,871,926.0,1.2,0.1,154,MA上昇配列
7172,ジャパンインベストメントアドバイザー,証券、商品先物取引業,9.7,★☆☆☆☆,0.0,0.0,0.0,0.0,9.7,0.0,0.0,0.0,,,0.0,-5.9,1.3,2.7,2079,2135.0,3.1,0.1,590,MA上昇配列 / パーフェクトオーダー
9274,ＫＰＰグループホールディングス,卸売業,9.7,★☆☆☆☆,0.0,0.0,0.0,0.0,9.7,0.0,0.0,0.0,,,0.0,-5.1,2.4,1.1,1059,1113.0,0.3,0.1,247,MA上昇配列 / パーフェクトオーダー / 52週高値目前
9048,名古屋鉄道,陸運業,9.7,★☆☆☆☆,0.0,0.0,0.0,0.0,9.7,0.0,0.0,0.0,,,0.0,-11.5,1.4,0.4,1841,1894.5,0.6,0.0,1273,MA上昇配列 / パーフェクトオーダー
6616,トレックス・セミコンダクター,電気機器,9.600000000000001,★☆☆☆☆,3.9,0.0,2.0,0.0,3.7,0.0,0.0,0.0,,SK hynix,-1.9,14.7,5.1,3.8,1796,2000.0,3.3,0.1,229,SK hynix+5.4%連動(β0.29)
3853,アステリア,情報・通信業,9.600000000000001,★☆☆☆☆,0.0,0.0,3.3,0.0,6.0,0.0,0.3,0.0,,,0.0,14.1,4.5,9.3,1107,1218.0,3.2,0.1,442,買い出来高優勢 / 開示[上方修正](13日前)
4478,フリー,情報・通信業,9.6,★☆☆☆☆,3.8,0.0,5.3,0.0,5.5,0.0,0.0,-5.0,,Microsoft,-3.8,40.6,5.4,30.7,3553,3980.0,3.2,0.2,1958,Microsoft+2.7%連動(β0.57) / 買い出来高優勢 / 資金流入増 / MA上昇配列 / RSI過熱(89)⚠ / 過熱⚠25MA+31% / 開示[自己株式取得](14日前)
6951,日本電子,電気機器,9.6,★☆☆☆☆,9.6,0.0,0.0,0.0,0.0,0.0,0.0,0.0,,Arista,1.6,-11.4,5.2,-7.8,6540,7300.0,1.1,0.1,2853,Arista+7.2%連動(β0.26) 未反応+1.6%
8174,日本瓦斯,小売業,9.5,★☆☆☆☆,0.0,0.0,2.0,0.0,7.5,0.0,0.0,0.0,,,0.0,-6.1,1.4,3.3,2902,2983.5,0.9,0.0,629,MA上昇配列 / RSI過熱(95)⚠
2124,ジェイエイシーリクルートメント,サービス業,9.5,★☆☆☆☆,0.0,0.0,3.0,0.0,6.5,0.0,0.0,0.0,,,0.0,-5.7,3.4,2.8,928,996.0,0.4,0.1,814,MA上昇配列
2594,キーコーヒー,食料品,9.5,★☆☆☆☆,0.0,0.0,2.0,0.0,7.5,0.0,0.0,0.0,,,0.0,-5.5,0.8,1.6,2006,2037.0,0.7,0.2,143,MA上昇配列 / RSI過熱(90)⚠
9536,西部ガスホールディングス,電気・ガス業,9.5,★☆☆☆☆,0.0,0.0,0.0,0.0,9.5,0.0,0.0,0.0,,,0.0,-1.4,1.2,3.8,2430,2491.0,1.7,1.1,199,MA上昇配列 / パーフェクトオーダー / RSI過熱(89)⚠
9347,日本管財ホールディングス,サービス業,9.5,★☆☆☆☆,0.0,0.0,2.0,0.0,7.5,0.0,0.0,0.0,,,0.0,-5.2,1.3,3.1,2839,2912.0,0.9,0.1,153,MA上昇配列 / RSI過熱(89)⚠
3371,ソフトクリエイトホールディングス,情報・通信業,9.5,★☆☆☆☆,0.0,0.0,2.0,0.0,7.5,0.0,0.0,0.0,,,0.0,-5.5,2.7,5.2,2023,2140.0,0.1,0.1,145,資金流入増 / MA上昇配列 / RSI過熱(94)⚠
8057,内田洋行,卸売業,9.5,★☆☆☆☆,0.0,0.0,0.0,0.0,9.5,0.0,0.0,0.0,,,0.0,-4.7,1.6,5.4,2196,2267.0,4.8,0.1,282,MA上昇配列 / パーフェクトオーダー / RSI過熱(85)⚠
6809,ＴＯＡ,電気機器,9.5,★☆☆☆☆,0.0,0.0,2.0,0.0,7.5,0.0,0.0,0.0,,,0.0,-2.4,1.5,2.2,1655,1706.0,0.0,0.0,149,MA上昇配列
4499,Ｓｐｅｅｅ,情報・通信業,9.5,★☆☆☆☆,0.0,0.0,3.3,0.0,6.0,0.0,0.2,0.0,,,0.0,20.6,6.1,10.7,2314,2634.0,-4.7,0.3,303,買い出来高優勢 / 開示[業績予想の修正](13日前)
4543,テルモ,精密機器,9.5,★☆☆☆☆,0.0,0.0,1.0,0.0,8.5,0.0,0.0,0.0,,,0.0,1.2,3.6,4.8,2383,2566.0,-0.4,0.1,12035,MA上昇配列 / パーフェクトオーダー
7979,松風,精密機器,9.5,★☆☆☆☆,0.0,0.0,1.0,0.0,8.5,0.0,0.0,0.0,,,0.0,2.1,2.3,4.8,2254,2361.0,-0.1,0.1,220,MA上昇配列 / パーフェクトオーダー
2809,キユーピー,食料品,9.5,★☆☆☆☆,0.0,0.0,0.0,0.0,9.5,0.0,0.0,0.0,,,0.0,-9.3,1.8,1.4,4540,4709.0,-1.8,0.1,1405,MA上昇配列 / パーフェクトオーダー
9743,丹青社,サービス業,9.5,★☆☆☆☆,0.0,0.0,2.0,0.0,7.5,0.0,0.0,0.0,,,0.0,2.0,1.5,5.6,1479,1523.0,2.2,0.1,635,MA上昇配列 / RSI過熱(88)⚠
7839,ＳＨＯＥＩ,その他製品,9.5,★☆☆☆☆,0.0,0.0,2.0,0.0,7.5,0.0,0.0,0.0,,,0.0,-2.4,1.9,3.9,2013,2094.0,0.2,0.1,393,MA上昇配列 / パーフェクトオーダー
2154,オープンアップグループ,サービス業,9.5,★☆☆☆☆,0.0,0.0,0.0,0.0,9.5,0.0,0.0,0.0,,,0.0,-8.5,2.0,1.2,1957,2039.0,-0.0,0.1,334,MA上昇配列 / パーフェクトオーダー
9621,建設技術研究所,サービス業,9.5,★☆☆☆☆,0.0,0.0,4.3,0.0,5.2,0.0,0.0,0.0,,,0.0,0.3,2.6,1.5,3014,3180.0,-0.9,0.1,276,買い出来高優勢 / MA上昇配列
3284,フージャースホールディングス,不動産業,9.5,★☆☆☆☆,0.0,0.0,2.0,0.0,7.5,0.0,0.0,0.0,,,0.0,-1.9,1.5,4.3,1288,1327.0,-0.6,0.1,253,MA上昇配列 / RSI過熱(86)⚠
5246,ＥＬＥＭＥＮＴＳ,情報・通信業,9.5,★☆☆☆☆,0.0,0.0,2.0,0.0,7.5,0.0,0.0,0.0,,,0.0,12.4,4.4,8.8,801,879.0,2.0,0.1,370,MA上昇配列 / パーフェクトオーダー
7803,ブシロード,その他製品,9.5,★☆☆☆☆,0.0,0.0,2.0,0.0,7.5,0.0,0.0,0.0,,,0.0,-6.0,4.7,2.5,363,401.0,-4.5,0.1,509,MA上昇配列 / パーフェクトオーダー
7864,フジシールインターナショナル,その他製品,9.5,★☆☆☆☆,0.0,0.0,0.0,0.0,9.5,0.0,0.0,0.0,,,0.0,-1.4,1.7,3.7,3194,3310.0,0.8,0.0,408,MA上昇配列 / パーフェクトオーダー
3091,ブロンコビリー,小売業,9.5,★☆☆☆☆,0.0,0.0,0.0,0.0,9.5,0.0,0.0,0.0,,,0.0,-10.6,2.5,2.4,2598,2736.0,0.4,0.1,262,MA上昇配列 / パーフェクトオーダー
6194,アトラエ,サービス業,9.5,★☆☆☆☆,0.0,0.0,2.0,0.0,7.5,0.0,0.0,0.0,,,0.0,-2.4,3.0,2.4,841,895.0,-1.6,0.4,136,MA上昇配列 / パーフェクトオーダー
8088,岩谷産業,卸売業,9.5,★☆☆☆☆,0.0,0.0,1.0,0.0,8.5,0.0,0.0,0.0,,,0.0,0.5,2.9,3.1,2062,2189.0,0.2,0.0,1845,MA上昇配列 / パーフェクトオーダー
2288,丸大食品,食料品,9.5,★☆☆☆☆,0.0,0.0,1.0,0.0,8.5,0.0,0.0,0.0,,,0.0,-12.8,1.3,0.5,2197,2257.0,0.9,0.1,249,MA上昇配列 / パーフェクトオーダー / RSI過熱(90)⚠
7283,愛三工業,輸送用機器,9.5,★☆☆☆☆,0.0,0.0,0.0,0.0,9.5,0.0,0.0,0.0,,,0.0,-7.9,2.0,0.2,2212,2306.0,-0.1,0.0,382,MA上昇配列 / パーフェクトオーダー
3632,グリーホールディングス,情報・通信業,9.5,★☆☆☆☆,0.0,0.0,2.0,0.0,7.5,0.0,0.0,0.0,,,0.0,-0.8,2.2,3.3,406,424.0,-0.5,0.1,258,MA上昇配列 / パーフェクトオーダー
5108,ブリヂストン,ゴム製品,9.5,★☆☆☆☆,0.0,0.0,0.0,0.0,9.5,0.0,0.0,0.0,,,0.0,-5.9,2.4,2.6,3941,4143.0,1.3,0.1,17521,MA上昇配列 / パーフェクトオーダー
8281,ゼビオホールディングス,小売業,9.5,★☆☆☆☆,0.0,0.0,1.0,0.0,8.5,0.0,0.0,0.0,,,0.0,-3.2,2.9,2.9,1107,1176.0,-2.6,0.1,164,MA上昇配列 / パーフェクトオーダー
4733,オービックビジネスコンサルタント,情報・通信業,9.5,★☆☆☆☆,0.0,0.0,2.0,0.0,7.5,0.0,0.0,0.0,,,0.0,-7.6,2.4,3.6,7932,8335.0,1.0,0.1,1577,MA上昇配列
4812,電通総研,情報・通信業,9.5,★☆☆☆☆,0.0,0.0,0.0,0.0,9.5,0.0,0.0,0.0,,,0.0,-6.7,1.4,0.9,2653,2728.0,-0.6,0.0,1272,MA上昇配列 / パーフェクトオーダー
3810,サイバーステップホールディングス,情報・通信業,9.4,★☆☆☆☆,0.0,0.0,3.0,0.0,6.0,0.0,0.4,0.0,,,0.0,28.4,10.3,7.6,163,205.0,-8.1,0.1,471,開示[AI](10日前)
4187,大阪有機化学工業,化学,9.4,★☆☆☆☆,5.9,0.0,2.0,0.0,1.5,0.0,0.0,0.0,,Arista,0.4,3.7,3.8,-1.9,4330,4685.0,1.1,0.0,691,Arista+7.2%連動(β0.26)
6996,ニチコン,電気機器,9.4,★☆☆☆☆,7.9,0.0,0.0,0.0,1.5,0.0,0.0,0.0,,SK hynix,1.4,0.3,4.9,-5.6,2432,2699.0,-1.4,0.1,3024,SK hynix+5.4%連動(β0.27) 未反応+1.4%
7719,東京衡機,精密機器,9.3,★☆☆☆☆,0.0,0.0,3.3,0.0,6.0,0.0,0.0,0.0,,,0.0,20.5,5.8,12.2,441,499.0,14.7,0.2,156,買い出来高優勢
7777,スリー・ディー・マトリックス,精密機器,9.3,★☆☆☆☆,0.0,0.0,3.3,0.0,6.0,0.0,0.0,0.0,,,0.0,7.7,4.1,3.2,332,362.0,-2.4,0.2,489,買い出来高優勢
6245,ヒラノテクシード,機械,9.3,★☆☆☆☆,0.0,0.0,3.3,0.0,6.0,0.0,0.0,0.0,,,0.0,12.4,3.5,9.4,1729,1861.0,6.4,0.1,131,買い出来高優勢
290A,Ｓｙｎｓｐｅｃｔｉｖｅ,情報・通信業,9.3,★☆☆☆☆,0.0,0.0,3.3,0.0,6.0,0.0,0.0,0.0,,,0.0,40.5,4.9,14.7,1353,1498.0,8.2,0.2,1992,買い出来高優勢
2986,ＬＡホールディングス,不動産業,9.3,★☆☆☆☆,0.0,0.0,3.3,0.0,6.0,0.0,0.0,0.0,,,0.0,0.1,2.4,3.6,2721,2860.0,1.3,0.1,503,買い出来高優勢
5232,住友大阪セメント,ガラス・土石製品,9.3,★☆☆☆☆,0.0,0.0,3.3,0.0,6.0,0.0,0.0,0.0,,,0.0,-0.6,3.3,1.6,5376,5756.0,3.0,0.0,1938,買い出来高優勢 / MA上昇配列 / パーフェクトオーダー
7868,広済堂ホールディングス,その他製品,9.3,★☆☆☆☆,0.0,0.0,3.3,0.0,6.0,0.0,0.0,0.0,,,0.0,3.3,3.0,4.1,527,561.0,-0.9,0.0,248,買い出来高優勢
6627,テラプローブ,電気機器,9.299999999999999,★☆☆☆☆,7.2,0.0,1.0,0.0,1.0,0.0,0.1,0.0,,SK hynix,-10.4,20.9,7.6,1.4,9459,11150.0,11.4,0.1,2072,SK hynix+5.4%連動(β0.53) / 開示[株式分割](13日前)
7433,伯東,卸売業,9.2,★☆☆☆☆,0.0,0.0,1.0,0.0,8.2,0.0,0.0,0.0,,,0.0,5.1,2.7,4.6,5035,5320.0,5.3,0.1,630,MA上昇配列 / パーフェクトオーダー
3941,レンゴー,パルプ・紙,9.2,★☆☆☆☆,0.0,0.0,1.0,0.0,8.2,0.0,0.0,0.0,,,0.0,-3.2,2.0,1.8,1522,1585.0,2.3,0.0,1571,MA上昇配列 / パーフェクトオーダー
4578,大塚ホールディングス,医薬品,9.2,★☆☆☆☆,0.0,0.0,1.0,0.0,8.2,0.0,0.0,0.0,,,0.0,0.4,2.9,3.3,11600,12305.0,-2.3,0.1,18131,MA上昇配列 / パーフェクトオーダー
8053,住友商事,卸売業,9.2,★☆☆☆☆,0.0,0.0,2.0,0.0,7.2,0.0,0.0,0.0,,,0.0,2.3,2.6,2.0,1649,1739.5,2.2,0.1,18076,MA上昇配列 / パーフェクトオーダー
4202,ダイセル,化学,9.2,★☆☆☆☆,0.0,0.0,1.0,0.0,8.2,0.0,0.0,0.0,,,0.0,-5.1,1.9,0.1,1411,1465.5,-0.6,0.0,1711,MA上昇配列 / パーフェクトオーダー
4417,グローバルセキュリティエキスパート,情報・通信業,9.2,★☆☆☆☆,0.0,0.0,1.0,0.0,8.2,0.0,0.0,0.0,,,0.0,-6.1,5.4,0.9,4048,4535.0,-1.8,0.1,234,MA上昇配列 / パーフェクトオーダー
6960,フクダ電子,電気機器,9.2,★☆☆☆☆,0.0,0.0,1.0,0.0,8.2,0.0,0.0,0.0,,,0.0,-1.1,2.4,2.1,11407,11970.0,1.9,0.1,549,MA上昇配列 / パーフェクトオーダー
3778,さくらインターネット,情報・通信業,9.2,★☆☆☆☆,0.0,0.0,3.0,0.0,6.2,0.0,0.0,0.0,,,0.0,3.6,7.1,2.3,2991,3490.0,-2.2,0.1,5530,MA上昇配列 / パーフェクトオーダー
6062,チャーム・ケア・コーポレーション,サービス業,9.2,★☆☆☆☆,0.0,0.0,2.0,0.0,7.2,0.0,0.0,0.0,,,0.0,-4.9,2.8,1.4,1333,1412.0,0.0,0.1,149,MA上昇配列 / パーフェクトオーダー
6505,東洋電機製造,電気機器,9.2,★☆☆☆☆,0.0,0.0,1.0,0.0,8.2,0.0,0.0,0.0,,,0.0,-1.5,2.3,2.0,2333,2444.0,2.3,0.1,110,MA上昇配列 / パーフェクトオーダー
5482,愛知製鋼,鉄鋼,9.2,★☆☆☆☆,0.0,0.0,1.0,0.0,8.2,0.0,0.0,0.0,,,0.0,-4.8,2.3,1.6,3069,3220.0,-0.3,0.0,511,MA上昇配列 / パーフェクトオーダー
6103,オークマ,機械,9.2,★☆☆☆☆,6.2,0.0,2.0,0.0,1.0,0.0,0.0,0.0,,SK hynix,1.1,-2.9,3.4,-3.4,4597,4935.0,-0.9,0.1,2526,SK hynix+5.4%連動(β0.21) 未反応+1.1%
2767,円谷フィールズホールディングス,卸売業,9.2,★☆☆☆☆,0.0,0.0,2.0,0.0,7.2,0.0,0.0,0.0,,,0.0,1.5,3.1,8.6,2358,2516.0,2.0,0.0,3104,資金流入増 / MA上昇配列 / パーフェクトオーダー
3107,ダイワボウホールディングス,卸売業,9.2,★☆☆☆☆,0.0,0.0,1.0,0.0,8.2,0.0,0.0,0.0,,,0.0,-4.5,2.3,2.3,3559,3728.0,5.4,0.1,928,MA上昇配列 / パーフェクトオーダー
8424,芙蓉総合リース,その他金融業,9.2,★☆☆☆☆,0.0,0.0,1.0,0.0,8.2,0.0,0.0,0.0,,,0.0,-9.6,1.3,0.2,4333,4451.0,2.3,0.0,785,MA上昇配列 / パーフェクトオーダー
8218,コメリ,小売業,9.2,★☆☆☆☆,0.0,0.0,1.0,0.0,8.2,0.0,0.0,0.0,,,0.0,-10.7,1.5,1.7,3776,3895.0,0.4,0.1,474,MA上昇配列 / パーフェクトオーダー
8511,日本証券金融,その他金融業,9.2,★☆☆☆☆,0.0,0.0,1.0,0.0,8.2,0.0,0.0,0.0,,,0.0,-3.7,2.3,1.4,2384,2499.0,0.7,0.0,651,MA上昇配列 / パーフェクトオーダー
6178,日本郵政,サービス業,9.2,★☆☆☆☆,0.0,0.0,1.0,0.0,8.2,0.0,0.0,0.0,,,0.0,-9.2,2.1,0.9,2312,2414.0,4.3,0.1,10023,MA上昇配列 / パーフェクトオーダー
6656,インスペック,電気機器,9.100000000000001,★☆☆☆☆,4.4,0.0,2.0,0.0,2.7,0.0,0.0,0.0,,SK hynix,-1.6,-11.0,6.4,-8.7,719,825.0,0.1,0.1,141,SK hynix+5.4%連動(β0.33)
9020,東日本旅客鉄道,陸運業,9.0,★☆☆☆☆,0.0,0.0,0.0,0.0,9.0,0.0,0.0,0.0,,,0.0,-15.6,1.9,0.6,3444,3577.0,2.1,0.1,11302,MA上昇配列
7269,スズキ,輸送用機器,9.0,★☆☆☆☆,0.0,0.0,0.0,0.0,9.0,0.0,0.0,0.0,,,0.0,-6.4,2.4,4.7,2045,2148.0,2.9,0.1,14909,MA上昇配列
3817,ＳＲＡホールディングス,情報・通信業,9.0,★☆☆☆☆,0.0,0.0,0.0,0.0,9.0,0.0,0.0,0.0,,,0.0,-4.0,2.0,3.0,4705,4905.0,0.7,0.1,178,MA上昇配列
4540,ツムラ,医薬品,9.0,★☆☆☆☆,0.0,0.0,2.0,0.0,7.0,0.0,0.0,0.0,,,0.0,-11.1,1.2,1.6,3767,3861.0,3.0,0.1,1564,MA上昇配列
4552,ＪＣＲファーマ,医薬品,9.0,★☆☆☆☆,0.0,0.0,1.0,0.0,8.0,0.0,0.0,0.0,,,0.0,-3.8,3.3,3.5,496,531.0,-2.7,0.1,322,MA上昇配列
2678,アスクル,小売業,9.0,★☆☆☆☆,0.0,0.0,1.0,0.0,8.0,0.0,0.0,0.0,,,0.0,-3.1,1.7,4.5,1276,1322.0,3.4,0.2,464,MA上昇配列
2317,システナ,情報・通信業,9.0,★☆☆☆☆,0.0,0.0,0.0,0.0,9.0,0.0,0.0,0.0,,,0.0,-8.9,1.9,2.4,427,444.0,0.5,0.0,526,MA上昇配列
7261,マツダ,輸送用機器,9.0,★☆☆☆☆,0.0,0.0,1.0,0.0,8.0,0.0,0.0,0.0,,,0.0,-6.9,2.7,3.3,1148,1213.5,1.0,0.2,8396,MA上昇配列
1662,石油資源開発,鉱業,9.0,★☆☆☆☆,0.0,0.0,1.0,0.0,8.0,0.0,0.0,0.0,,,0.0,-1.8,2.6,3.4,1754,1850.0,0.3,0.1,2327,MA上昇配列
7245,大同メタル工業,輸送用機器,9.0,★☆☆☆☆,9.0,0.0,0.0,0.0,0.0,0.0,0.0,0.0,,SK hynix,2.1,-4.2,4.7,-5.0,1151,1269.0,-1.6,0.1,688,SK hynix+5.4%連動(β0.19) 未反応+2.1%
6277,ホソカワミクロン,機械,9.0,★☆☆☆☆,0.0,0.0,1.0,0.0,8.0,0.0,0.0,0.0,,,0.0,3.7,2.9,5.7,5127,5440.0,6.0,0.1,182,MA上昇配列
7974,任天堂,その他製品,9.0,★☆☆☆☆,0.0,0.0,1.0,0.0,8.0,0.0,0.0,0.0,,,0.0,3.4,3.6,7.7,8141,8781.0,0.0,0.1,85594,MA上昇配列
3222,ユナイテッド・スーパーマーケット・ホールディングス,小売業,9.0,★☆☆☆☆,0.0,0.0,1.0,0.0,8.0,0.0,0.0,0.0,,,0.0,-6.6,1.8,2.8,815,845.0,1.7,1.2,619,MA上昇配列
6222,島精機製作所,機械,9.0,★☆☆☆☆,0.0,0.0,1.0,0.0,8.0,0.0,0.0,0.0,,,0.0,5.0,1.7,6.3,962,996.0,2.3,0.1,151,MA上昇配列
1964,中外炉工業,建設業,9.0,★☆☆☆☆,0.0,0.0,2.0,0.0,7.0,0.0,0.0,0.0,,,0.0,1.7,2.0,2.8,3967,4130.0,2.0,0.1,146,-
9824,泉州電業,卸売業,9.0,★☆☆☆☆,0.0,0.0,1.0,0.0,8.0,0.0,0.0,0.0,,,0.0,15.1,2.6,7.4,6737,7100.0,0.1,0.0,408,-
2802,味の素,食料品,9.0,★☆☆☆☆,0.0,0.0,2.0,0.0,7.0,0.0,0.0,0.0,,,0.0,7.8,3.8,5.4,5120,5540.0,3.6,0.1,19276,-
8387,四国銀行,銀行業,9.0,★☆☆☆☆,0.0,0.0,2.0,0.0,7.0,0.0,0.0,0.0,,,0.0,-1.9,3.7,1.9,3238,3495.0,3.7,0.1,494,MA上昇配列 / パーフェクトオーダー
1882,東亜道路工業,建設業,9.0,★☆☆☆☆,0.0,0.0,0.0,0.0,9.0,0.0,0.0,0.0,,,0.0,-6.9,1.1,1.0,1597,1632.0,0.7,0.2,543,MA上昇配列
9766,コナミグループ,情報・通信業,9.0,★☆☆☆☆,0.0,0.0,0.0,0.0,9.0,0.0,0.0,0.0,,,0.0,-8.5,3.2,5.5,20845,22260.0,0.5,0.1,10982,MA上昇配列
1833,奥村組,建設業,9.0,★☆☆☆☆,0.0,0.0,0.0,0.0,9.0,0.0,0.0,0.0,,,0.0,-5.5,1.6,2.0,5681,5870.0,3.5,0.1,667,MA上昇配列
6364,ＡＩＲＭＡＮ,機械,9.0,★☆☆☆☆,0.0,0.0,2.0,0.0,7.0,0.0,0.0,0.0,,,0.0,22.6,3.2,4.1,2385,2548.0,0.8,0.0,378,資金流入増 / MA上昇配列 / パーフェクトオーダー
1925,大和ハウス工業,建設業,9.0,★☆☆☆☆,0.0,0.0,0.0,0.0,9.0,0.0,0.0,0.0,,,0.0,-10.3,1.2,1.6,4605,4721.0,1.5,0.1,8629,MA上昇配列
8282,ケーズホールディングス,小売業,9.0,★☆☆☆☆,0.0,0.0,2.0,0.0,7.0,0.0,0.0,0.0,,,0.0,-7.9,2.0,1.8,1876,1955.5,-0.6,0.1,1351,-
6196,ストライクグループ,サービス業,9.0,★☆☆☆☆,0.0,0.0,1.0,0.0,8.0,0.0,0.0,0.0,,,0.0,-7.2,1.8,1.0,1303,1350.0,-0.2,0.1,524,MA上昇配列
7994,オカムラ,その他製品,9.0,★☆☆☆☆,0.0,0.0,0.0,0.0,9.0,0.0,0.0,0.0,,,0.0,-6.0,1.3,1.9,2314,2376.0,1.6,0.1,496,MA上昇配列
3349,コスモス薬品,小売業,9.0,★☆☆☆☆,0.0,0.0,1.0,0.0,8.0,0.0,0.0,0.0,,,0.0,-13.0,2.6,1.2,6212,6547.0,1.6,0.1,2208,MA上昇配列
5384,フジミインコーポレーテッド,ガラス・土石製品,9.0,★☆☆☆☆,9.0,0.0,0.0,0.0,0.0,0.0,0.0,0.0,,SK hynix,1.5,-3.6,4.1,-5.6,3357,3660.0,-1.3,0.1,1556,SK hynix+5.4%連動(β0.33) 未反応+1.5%
3289,東急不動産ホールディングス,不動産業,9.0,★☆☆☆☆,0.0,0.0,0.0,0.0,9.0,0.0,0.0,0.0,,,0.0,-10.4,1.5,1.2,1307,1347.0,0.3,0.1,3451,MA上昇配列
4687,ＴＤＣソフト,情報・通信業,9.0,★☆☆☆☆,0.0,0.0,1.0,0.0,8.0,0.0,0.0,0.0,,,0.0,-14.3,2.7,1.7,982,1038.0,0.1,0.1,112,MA上昇配列
3088,マツキヨココカラ＆カンパニー,小売業,9.0,★☆☆☆☆,0.0,0.0,1.0,0.0,8.0,0.0,0.0,0.0,,,0.0,-10.2,2.1,2.5,2484,2592.0,1.2,0.1,3662,MA上昇配列
4784,ＧＭＯインターネット,サービス業,9.0,★☆☆☆☆,0.0,0.0,1.0,0.0,8.0,0.0,0.0,0.0,,,0.0,2.2,5.2,4.4,516,576.0,0.7,0.1,1241,MA上昇配列
4666,パーク２４,不動産業,9.0,★☆☆☆☆,0.0,0.0,0.0,0.0,9.0,0.0,0.0,0.0,,,0.0,-9.2,1.7,0.8,1945,2012.0,-0.5,0.1,1361,MA上昇配列
2931,ユーグレナ,食料品,9.0,★☆☆☆☆,0.0,0.0,1.0,0.0,8.0,0.0,0.0,0.0,,,0.0,-2.5,2.6,3.3,341,360.0,0.6,0.1,288,MA上昇配列
2982,ＡＤワークスグループ,不動産業,9.0,★☆☆☆☆,0.0,0.0,0.0,0.0,9.0,0.0,0.0,0.0,,,0.0,-3.6,2.1,2.6,408,426.0,0.7,0.0,125,MA上昇配列
8850,スターツコーポレーション,不動産業,9.0,★☆☆☆☆,0.0,0.0,0.0,0.0,9.0,0.0,0.0,0.0,,,0.0,-9.7,1.6,0.5,4583,4730.0,-0.2,0.0,276,MA上昇配列
7483,ドウシシャ,卸売業,9.0,★☆☆☆☆,0.0,0.0,0.0,0.0,9.0,0.0,0.0,0.0,,,0.0,-7.3,1.5,1.7,2956,3050.0,1.5,0.1,208,MA上昇配列
4481,ベース,情報・通信業,9.0,★☆☆☆☆,0.0,0.0,1.0,0.0,8.0,0.0,0.0,0.0,,,0.0,-3.1,2.6,4.5,3193,3370.0,-0.3,0.3,303,MA上昇配列
9045,京阪ホールディングス,陸運業,9.0,★☆☆☆☆,0.0,0.0,0.0,0.0,9.0,0.0,0.0,0.0,,,0.0,-12.4,1.5,0.9,3133,3230.0,1.9,0.1,906,MA上昇配列
2593,伊藤園,食料品,9.0,★☆☆☆☆,0.0,0.0,1.0,0.0,8.0,0.0,0.0,0.0,,,0.0,-13.0,1.9,1.0,2913,3025.0,1.6,0.0,964,MA上昇配列
8056,ＢＩＰＲＯＧＹ,情報・通信業,9.0,★☆☆☆☆,0.0,0.0,1.0,0.0,8.0,0.0,0.0,0.0,,,0.0,-14.2,2.7,1.3,4440,4693.0,2.8,0.1,2629,MA上昇配列
150A,ＪＳＨ,サービス業,9.0,★☆☆☆☆,0.0,0.0,5.3,0.0,8.7,0.0,0.0,-5.0,,,0.0,60.5,8.5,28.7,630,758.0,-5.4,0.0,398,買い出来高優勢 / 資金流入増 / MA上昇配列 / パーフェクトオーダー / 過熱⚠25MA+29% / 開示[自己株式取得](14日前)
5991,日本発條,金属製品,9.0,★☆☆☆☆,6.0,0.0,2.0,0.0,1.0,0.0,0.0,0.0,,SK hynix,0.9,-1.6,3.2,-2.0,3265,3492.0,0.8,0.1,2486,SK hynix+5.4%連動(β0.24) 未反応+0.9%
5021,コスモエネルギーホールディングス,石油・石炭製品,9.0,★☆☆☆☆,0.0,0.0,0.0,0.0,9.0,0.0,0.0,0.0,,,0.0,-0.9,2.8,3.8,3975,4210.0,-0.1,0.1,2327,MA上昇配列
9021,西日本旅客鉄道,陸運業,9.0,★☆☆☆☆,0.0,0.0,0.0,0.0,9.0,0.0,0.0,0.0,,,0.0,-13.6,1.8,1.0,2885,2990.0,3.5,0.1,6592,MA上昇配列
1878,大東建託,不動産業,9.0,★☆☆☆☆,0.0,0.0,0.0,0.0,9.0,0.0,0.0,0.0,,,0.0,-13.0,1.5,2.1,3268,3366.0,2.7,0.1,5310,MA上昇配列
4972,綜研化学,化学,9.0,★☆☆☆☆,0.0,0.0,2.0,0.0,7.0,0.0,0.0,0.0,,,0.0,7.2,2.4,2.4,3225,3390.0,1.5,0.0,306,-
4816,東映アニメーション,情報・通信業,9.0,★☆☆☆☆,0.0,0.0,1.0,0.0,8.0,0.0,0.0,0.0,,,0.0,-7.2,3.8,3.4,2745,2973.0,3.7,0.1,1470,MA上昇配列
9532,大阪瓦斯,電気・ガス業,9.0,★☆☆☆☆,0.0,0.0,0.0,0.0,9.0,0.0,0.0,0.0,,,0.0,-7.2,1.9,1.6,5369,5579.0,1.1,0.1,4953,MA上昇配列
9404,日本テレビホールディングス,情報・通信業,9.0,★☆☆☆☆,0.0,0.0,1.0,0.0,8.0,0.0,0.0,0.0,,,0.0,-7.2,2.0,3.6,2913,3033.0,2.4,0.1,1381,MA上昇配列
6758,ソニーグループ,電気機器,9.0,★☆☆☆☆,0.0,0.0,0.0,0.0,9.0,0.0,0.0,0.0,,,0.0,-5.5,2.7,3.7,3641,3849.0,1.9,0.1,61737,MA上昇配列
9936,王将フードサービス,小売業,9.0,★☆☆☆☆,0.0,0.0,1.0,0.0,8.0,0.0,0.0,0.0,,,0.0,-11.3,1.3,1.1,2891,2967.0,1.4,0.1,683,MA上昇配列
9603,エイチ・アイ・エス,サービス業,9.0,★☆☆☆☆,0.0,0.0,1.0,0.0,8.0,0.0,0.0,0.0,,,0.0,0.7,2.1,6.2,1122,1172.0,2.2,0.1,538,MA上昇配列
4403,日油,化学,9.0,★☆☆☆☆,0.0,0.0,0.0,0.0,9.0,0.0,0.0,0.0,,,0.0,-7.8,1.8,0.9,2687,2789.0,1.0,0.1,2179,MA上昇配列
7071,アンビスホールディングス,サービス業,9.0,★☆☆☆☆,0.0,0.0,1.0,0.0,8.0,0.0,0.0,0.0,,,0.0,0.2,3.8,3.8,380,411.0,-4.4,0.1,126,MA上昇配列
9682,ＤＴＳ,情報・通信業,9.0,★☆☆☆☆,0.0,0.0,0.0,0.0,9.0,0.0,0.0,0.0,,,0.0,-9.8,2.2,2.7,1079,1128.0,0.5,0.1,660,MA上昇配列
5842,インテグラル,証券、商品先物取引業,9.0,★☆☆☆☆,0.0,0.0,3.0,0.0,6.0,0.0,0.0,0.0,,,0.0,-3.0,4.4,1.2,2727,2991.0,-4.0,0.1,346,-
2331,ＡＬＳＯＫ,サービス業,9.0,★☆☆☆☆,0.0,0.0,0.0,0.0,9.0,0.0,0.0,0.0,,,0.0,-10.2,1.9,1.2,1139,1183.0,0.6,0.1,1416,MA上昇配列
2327,日鉄ソリューションズ,情報・通信業,9.0,★☆☆☆☆,0.0,0.0,0.0,0.0,9.0,0.0,0.0,0.0,,,0.0,-8.8,1.9,1.6,3746,3894.0,-0.1,0.0,885,MA上昇配列
3939,カナミックネットワーク,情報・通信業,9.0,★☆☆☆☆,0.0,0.0,1.0,0.0,8.0,0.0,0.0,0.0,,,0.0,-1.1,2.6,3.2,502,529.0,-0.9,0.1,117,MA上昇配列
9880,イノテック,電気機器,8.9,★☆☆☆☆,3.2,0.0,1.0,0.0,4.7,0.0,0.0,0.0,,SK hynix,0.0,14.6,4.7,3.1,3295,3640.0,-0.1,0.2,648,SK hynix+5.4%連動(β0.23)
8255,アクシアル　リテイリング,小売業,8.899999999999999,★☆☆☆☆,0.0,0.0,0.0,0.0,8.7,0.0,0.2,0.0,,,0.0,-7.8,2.0,2.5,1213,1263.0,-0.4,0.0,266,MA上昇配列 / 開示[自己株式の取得](13日前)
6674,ジーエス・ユアサ　コーポレーション,電気機器,8.899999999999999,★☆☆☆☆,2.9,0.0,3.3,0.0,2.7,0.0,0.0,0.0,,SK hynix,-1.4,-2.0,3.7,-1.6,5012,5410.0,3.3,0.0,5243,SK hynix+5.4%連動(β0.21) / 買い出来高優勢
2301,学情,サービス業,8.8,★☆☆☆☆,0.0,0.0,3.3,0.0,5.5,0.0,0.0,0.0,,,0.0,-2.3,1.6,4.1,1662,1719.0,1.7,0.1,156,買い出来高優勢 / MA上昇配列 / RSI過熱(91)⚠
3441,山王,金属製品,8.8,★☆☆☆☆,3.8,0.0,0.0,0.0,5.0,0.0,0.0,0.0,,SK hynix,-1.6,15.0,4.7,5.2,2523,2784.0,3.8,0.1,109,SK hynix+5.4%連動(β0.28)
5214,日本電気硝子,ガラス・土石製品,8.8,★☆☆☆☆,5.1,0.0,1.0,0.0,2.7,0.0,0.0,0.0,,SK hynix,0.8,-13.2,3.0,-4.1,4522,4812.0,-0.8,0.1,3686,SK hynix+5.4%連動(β0.21) 未反応+0.8%
6507,シンフォニアテクノロジー,電気機器,8.8,★☆☆☆☆,7.8,0.0,1.0,0.0,0.0,0.0,0.0,0.0,,SK hynix,1.1,-2.1,5.9,-4.8,10969,12450.0,-0.4,0.1,2454,SK hynix+5.4%連動(β0.33) 未反応+1.1%
7717,ブイ・テクノロジー,精密機器,8.8,★☆☆☆☆,5.3,0.0,2.0,0.0,1.5,0.0,0.0,0.0,,SK hynix,-0.3,4.6,5.6,-1.8,4929,5550.0,1.8,0.1,1444,SK hynix+5.4%連動(β0.39)
4072,電算システムホールディングス,情報・通信業,8.8,★☆☆☆☆,0.0,0.0,3.3,0.0,5.5,0.0,0.0,0.0,,,0.0,-2.5,2.5,2.4,2916,3070.0,-0.2,0.0,117,買い出来高優勢 / MA上昇配列
6613,ＱＤレーザ,電気機器,8.8,★☆☆☆☆,4.5,0.0,3.3,0.0,6.0,0.0,0.0,-5.0,,SK hynix,-15.1,91.0,8.2,33.1,2054,2455.0,13.4,0.1,6876,SK hynix+5.4%連動(β0.34) / 買い出来高優勢 / 過熱⚠25MA+33%
7741,ＨＯＹＡ,精密機器,8.8,★☆☆☆☆,7.8,0.0,0.0,0.0,1.0,0.0,0.0,0.0,,Arista,1.5,-2.0,2.3,-1.7,23691,24840.0,-1.6,0.2,23703,Arista+7.2%連動(β0.18) 未反応+1.5%
7949,小松ウオール工業,その他製品,8.7,★☆☆☆☆,0.0,0.0,0.0,0.0,8.7,0.0,0.0,0.0,,,0.0,-4.1,1.2,3.4,2784,2855.0,2.0,0.0,145,MA上昇配列
3291,飯田グループホールディングス,不動産業,8.7,★☆☆☆☆,0.0,0.0,1.0,0.0,7.7,0.0,0.0,0.0,,,0.0,-5.5,1.8,4.2,2307,2394.0,2.7,0.1,1317,MA上昇配列
8097,三愛オブリ,卸売業,8.7,★☆☆☆☆,0.0,0.0,0.0,0.0,8.7,0.0,0.0,0.0,,,0.0,-4.0,1.8,3.0,2333,2418.0,1.7,0.0,199,MA上昇配列
9902,日伝,卸売業,8.7,★☆☆☆☆,0.0,0.0,0.0,0.0,7.2,0.0,1.5,0.0,,,0.0,3.8,2.2,2.4,2951,3085.0,1.6,0.2,212,MA上昇配列 / パーフェクトオーダー / 開示[自己株式の取得](7日前)
3865,北越コーポレーション,パルプ・紙,8.7,★☆☆☆☆,0.0,0.0,2.0,0.0,6.7,0.0,0.0,0.0,,,0.0,-8.8,2.8,1.0,872,925.0,0.8,0.0,211,MA上昇配列
1605,ＩＮＰＥＸ,鉱業,8.7,★☆☆☆☆,0.0,0.0,0.0,0.0,8.7,0.0,0.0,0.0,,,0.0,0.7,2.8,4.7,3663,3878.0,0.2,0.1,16159,MA上昇配列 / パーフェクトオーダー
4528,小野薬品工業,医薬品,8.7,★☆☆☆☆,0.0,0.0,0.0,0.0,8.7,0.0,0.0,0.0,,,0.0,-6.8,2.0,2.7,2386,2484.5,0.1,0.1,3811,MA上昇配列 / パーフェクトオーダー
3003,ヒューリック,不動産業,8.7,★☆☆☆☆,0.0,0.0,1.0,0.0,7.7,0.0,0.0,0.0,,,0.0,-12.0,1.3,1.9,1755,1803.0,2.2,0.1,3876,MA上昇配列
9974,ベルク,小売業,8.7,★☆☆☆☆,0.0,0.0,1.0,0.0,7.7,0.0,0.0,0.0,,,0.0,-6.1,1.7,4.1,6676,6910.0,2.7,0.9,194,MA上昇配列
197A,タウンズ,医薬品,8.7,★☆☆☆☆,0.0,0.0,2.0,0.0,6.7,0.0,0.0,0.0,,,0.0,-1.7,1.7,4.3,488,505.0,0.0,0.1,150,MA上昇配列
7279,ハイレックスコーポレーション,輸送用機器,8.7,★☆☆☆☆,2.5,0.0,2.0,0.0,4.2,0.0,0.0,0.0,,SK hynix,-1.0,12.7,2.4,5.6,2464,2589.0,2.1,0.0,218,SK hynix+5.4%連動(β0.19) / MA上昇配列
3668,コロプラ,情報・通信業,8.7,★☆☆☆☆,0.0,0.0,2.0,0.0,6.7,0.0,0.0,0.0,,,0.0,3.5,2.4,7.4,419,440.0,0.0,0.3,252,MA上昇配列
1982,日比谷総合設備,建設業,8.7,★☆☆☆☆,0.0,0.0,3.0,0.0,5.7,0.0,0.0,0.0,,,0.0,2.6,3.1,4.1,2841,3030.0,2.6,0.0,343,-
9830,トラスコ中山,卸売業,8.7,★☆☆☆☆,0.0,0.0,1.0,0.0,7.7,0.0,0.0,0.0,,,0.0,-5.5,2.4,2.1,2325,2441.0,4.1,0.1,359,MA上昇配列
3696,セレス,情報・通信業,8.7,★☆☆☆☆,0.0,0.0,0.0,0.0,8.7,0.0,0.0,0.0,,,0.0,-0.3,4.0,6.2,2094,2276.0,0.4,0.1,429,MA上昇配列 / パーフェクトオーダー
3733,ソフトウェア・サービス,情報・通信業,8.7,★☆☆☆☆,0.0,0.0,2.0,0.0,6.7,0.0,0.0,0.0,,,0.0,4.6,3.0,8.9,11846,12590.0,-0.6,0.1,116,MA上昇配列
5410,合同製鐵,鉄鋼,8.7,★☆☆☆☆,0.0,0.0,2.0,0.0,6.7,0.0,0.0,0.0,,,0.0,-2.4,1.7,5.2,2968,3070.0,2.9,0.0,269,MA上昇配列
4985,アース製薬,化学,8.7,★☆☆☆☆,0.0,0.0,2.0,0.0,6.7,0.0,0.0,0.0,,,0.0,-5.0,1.5,3.3,4792,4940.0,0.8,0.0,320,MA上昇配列
547A,ムニノバホールディングス,その他金融業,8.7,★☆☆☆☆,0.0,0.0,2.0,0.0,6.7,0.0,0.0,0.0,,,0.0,-5.0,2.3,1.2,437,458.0,2.0,0.2,809,MA上昇配列
3431,宮地エンジニアリンググループ,金属製品,8.7,★☆☆☆☆,0.0,0.0,2.0,0.0,6.7,0.0,0.0,0.0,,,0.0,-2.0,1.4,3.5,1612,1658.0,2.2,0.1,128,MA上昇配列
5949,ユニプレス,輸送用機器,8.7,★☆☆☆☆,0.0,0.0,0.0,0.0,8.7,0.0,0.0,0.0,,,0.0,-5.5,1.8,2.5,1304,1353.0,0.8,0.0,209,MA上昇配列
2229,カルビー,食料品,8.7,★☆☆☆☆,0.0,0.0,1.0,0.0,7.7,0.0,0.0,0.0,,,0.0,-9.9,1.5,2.4,2995,3086.0,0.7,0.0,1013,MA上昇配列
4914,高砂香料工業,化学,8.7,★☆☆☆☆,0.0,0.0,2.0,0.0,6.7,0.0,0.0,0.0,,,0.0,3.3,2.0,7.2,1286,1340.0,4.9,0.1,220,MA上昇配列
4553,東和薬品,医薬品,8.7,★☆☆☆☆,0.0,0.0,0.0,0.0,8.7,0.0,0.0,0.0,,,0.0,-13.2,3.1,0.6,3706,3950.0,2.2,0.0,411,MA上昇配列 / パーフェクトオーダー
6779,日本電波工業,電気機器,8.600000000000001,★☆☆☆☆,4.9,0.0,0.0,0.0,3.7,0.0,0.0,0.0,,SK hynix,-2.2,19.6,8.1,1.7,2385,2845.0,-0.2,0.1,2646,SK hynix+5.4%連動(β0.36)
5631,日本製鋼所,機械,8.600000000000001,★☆☆☆☆,3.1,0.0,3.3,0.0,2.2,0.0,0.0,0.0,,SK hynix,-3.1,0.5,3.5,0.6,7189,7727.0,-0.6,0.1,5447,SK hynix+5.4%連動(β0.23) / 買い出来高優勢
3901,マークラインズ,情報・通信業,8.5,★☆☆☆☆,0.0,0.0,4.3,0.0,4.2,0.0,0.0,0.0,,,0.0,5.3,3.4,5.8,1457,1562.0,-3.2,0.1,177,買い出来高優勢 / MA上昇配列
8591,オリックス,その他金融業,8.5,★☆☆☆☆,0.0,0.0,0.0,0.0,8.5,0.0,0.0,0.0,,,0.0,-8.7,2.1,0.0,6092,6356.0,5.6,0.1,19819,MA上昇配列 / パーフェクトオーダー
2267,ヤクルト本社,食料品,8.5,★☆☆☆☆,0.0,0.0,1.0,0.0,7.5,0.0,0.0,0.0,,,0.0,-7.7,2.0,0.7,2759,2875.5,-1.9,0.1,4050,MA上昇配列 / パーフェクトオーダー
2220,亀田製菓,食料品,8.5,★☆☆☆☆,0.0,0.0,1.0,0.0,7.5,0.0,0.0,0.0,,,0.0,2.0,2.0,8.0,1352,1410.0,5.4,0.1,273,MA上昇配列 / RSI過熱(88)⚠
7354,ダイレクトマーケティングミックス,サービス業,8.5,★☆☆☆☆,0.0,0.0,1.0,0.0,7.5,0.0,0.0,0.0,,,0.0,2.7,4.8,4.1,333,368.0,-3.9,0.2,122,MA上昇配列 / パーフェクトオーダー
3002,グンゼ,繊維製品,8.5,★☆☆☆☆,0.0,0.0,1.0,0.0,7.5,0.0,0.0,0.0,,,0.0,-3.1,1.2,1.6,4102,4200.0,0.4,0.1,759,MA上昇配列
9504,中国電力,電気・ガス業,8.5,★☆☆☆☆,0.0,0.0,2.0,0.0,6.5,0.0,0.0,0.0,,,0.0,-3.4,1.7,4.4,950,983.2999877929688,1.5,0.1,1822,MA上昇配列 / RSI過熱(92)⚠
9757,船井総研ホールディングス,サービス業,8.5,★☆☆☆☆,0.0,0.0,2.0,0.0,6.5,0.0,0.0,0.0,,,0.0,-5.8,1.3,3.4,1143,1173.0,1.6,0.0,409,MA上昇配列 / RSI過熱(91)⚠
9755,応用地質,サービス業,8.5,★☆☆☆☆,0.0,0.0,0.0,0.0,8.5,0.0,0.0,0.0,,,0.0,-6.2,1.6,0.8,2766,2860.0,-1.4,0.1,188,MA上昇配列 / パーフェクトオーダー
3001,片倉工業,繊維製品,8.5,★☆☆☆☆,0.0,0.0,1.0,0.0,7.5,0.0,0.0,0.0,,,0.0,-2.6,2.4,3.5,2840,2982.0,3.3,0.0,153,MA上昇配列
7810,クロスフォー,その他製品,8.5,★☆☆☆☆,0.0,0.0,10.0,0.0,3.5,0.0,0.0,-5.0,,,0.0,21.1,4.1,30.3,181,197.0,34.0,4.0,292,出来高急増4.0倍 / 買い出来高優勢 / 資金流入増 / RSI過熱(93)⚠ / 過熱⚠25MA+30%
2353,日本駐車場開発,不動産業,8.5,★☆☆☆☆,0.0,0.0,1.0,0.0,7.5,0.0,0.0,0.0,,,0.0,-1.9,1.7,5.1,262,271.0,0.4,0.1,576,MA上昇配列 / RSI過熱(93)⚠
8185,チヨダ,小売業,8.5,★☆☆☆☆,0.0,0.0,3.0,0.0,5.5,0.0,0.0,0.0,,,0.0,-1.9,1.0,4.3,1049,1070.0,1.0,0.8,157,MA上昇配列 / RSI過熱(91)⚠
9746,ＴＫＣ,情報・通信業,8.5,★☆☆☆☆,0.0,0.0,1.0,0.0,7.5,0.0,0.0,0.0,,,0.0,-4.5,2.0,5.2,3968,4130.0,2.5,0.0,349,MA上昇配列 / RSI過熱(93)⚠
5889,Ｊａｐａｎ　Ｅｙｅｗｅａｒ　Ｈｏｌｄｉｎｇｓ,小売業,8.5,★☆☆☆☆,0.0,0.0,1.0,0.0,7.5,0.0,0.0,0.0,,,0.0,-2.6,2.6,3.0,2459,2592.0,-0.2,0.0,232,MA上昇配列 / パーフェクトオーダー
1945,東京エネシス,建設業,8.5,★☆☆☆☆,2.5,0.0,0.0,0.0,6.0,0.0,0.0,0.0,,SK hynix,-2.8,3.9,2.6,4.3,2012,2120.0,4.0,0.2,349,SK hynix+5.4%連動(β0.19)
5233,太平洋セメント,ガラス・土石製品,8.5,★☆☆☆☆,0.0,0.0,0.0,0.0,8.5,0.0,0.0,0.0,,,0.0,-6.2,2.5,1.6,4024,4236.0,2.4,0.1,2104,MA上昇配列 / パーフェクトオーダー
7780,メニコン,精密機器,8.5,★☆☆☆☆,0.0,0.0,1.0,0.0,7.5,0.0,0.0,0.0,,,0.0,-1.5,3.7,2.1,1760,1901.0,-2.1,0.1,526,MA上昇配列 / パーフェクトオーダー
7242,カヤバ,輸送用機器,8.5,★☆☆☆☆,0.0,0.0,2.0,0.0,6.5,0.0,0.0,0.0,,,0.0,-4.0,2.1,2.6,4478,4670.0,0.1,0.1,396,MA上昇配列
7018,内海造船,輸送用機器,8.5,★☆☆☆☆,0.0,0.0,3.0,0.0,5.5,0.0,0.0,0.0,,,0.0,16.3,6.8,6.6,10501,12150.0,1.2,0.0,354,MA上昇配列
6637,寺崎電気産業,電気機器,8.5,★☆☆☆☆,0.0,0.0,2.0,0.0,6.5,0.0,0.0,0.0,,,0.0,10.6,4.0,5.2,4000,4345.0,1.5,0.1,182,MA上昇配列
9716,乃村工藝社,サービス業,8.5,★☆☆☆☆,0.0,0.0,2.0,0.0,6.5,0.0,0.0,0.0,,,0.0,-1.5,1.6,5.8,1236,1276.0,3.5,0.3,324,MA上昇配列 / RSI過熱(87)⚠
3762,テクマトリックス,情報・通信業,8.5,★☆☆☆☆,0.0,0.0,1.0,0.0,7.5,0.0,0.0,0.0,,,0.0,4.8,2.5,5.2,2237,2356.0,-2.3,0.0,623,MA上昇配列
4927,ポーラ・オルビスホールディングス,化学,8.5,★☆☆☆☆,0.0,0.0,1.0,0.0,7.5,0.0,0.0,0.0,,,0.0,-6.5,2.1,1.8,1340,1398.0,-0.6,0.0,930,MA上昇配列 / パーフェクトオーダー
4169,ＥＮＥＣＨＡＮＧＥ,情報・通信業,8.5,★☆☆☆☆,0.0,0.0,3.0,0.0,5.5,0.0,0.0,0.0,,,0.0,26.4,10.3,6.6,228,287.0,-12.2,0.1,503,資金流入増 / MA上昇配列
6728,アルバック,電気機器,8.5,★☆☆☆☆,8.5,0.0,0.0,0.0,0.0,0.0,0.0,0.0,,SK hynix,1.2,-8.7,5.4,-9.8,6830,7650.0,1.0,0.1,6396,SK hynix+5.4%連動(β0.36) 未反応+1.2%
5451,ヨドコウ,鉄鋼,8.5,★☆☆☆☆,0.0,0.0,1.0,0.0,7.5,0.0,0.0,0.0,,,0.0,-5.2,2.0,1.7,1375,1432.0,1.7,0.0,363,MA上昇配列
9010,富士急行,陸運業,8.5,★☆☆☆☆,0.0,0.0,1.0,0.0,7.5,0.0,0.0,0.0,,,0.0,-6.8,2.0,2.2,2687,2801.0,1.2,1.0,408,MA上昇配列 / パーフェクトオーダー
5706,三井金属,非鉄金属,8.4,★☆☆☆☆,6.9,0.0,0.0,0.0,1.5,0.0,0.0,0.0,,SK hynix,0.5,5.3,7.4,-4.0,24438,28695.0,0.4,0.1,53817,SK hynix+5.4%連動(β0.40)
9722,藤田観光,サービス業,8.3,★☆☆☆☆,0.0,0.0,4.3,0.0,9.0,0.0,0.0,-5.0,,,0.0,32.6,4.2,22.3,2531,2762.0,10.6,0.1,884,買い出来高優勢 / MA上昇配列 / 52週高値目前 / RSI過熱(92)⚠ / 過熱⚠25MA+22%
4170,Ｋａｉｚｅｎ　Ｐｌａｔｆｏｒｍ,情報・通信業,8.3,★☆☆☆☆,0.0,0.0,5.3,0.0,8.0,0.0,0.0,-5.0,,,0.0,60.7,9.6,47.4,157,194.0,61.7,0.6,402,買い出来高優勢 / 資金流入増 / MA上昇配列 / 過熱⚠25MA+47%
5724,アサカ理研,非鉄金属,8.3,★☆☆☆☆,0.0,0.0,5.3,0.0,8.0,0.0,0.0,-5.0,,,0.0,40.7,8.3,20.5,2685,3220.0,14.8,0.6,548,買い出来高優勢 / 資金流入増 / MA上昇配列 / 過熱⚠25MA+20%
6632,ＪＶＣケンウッド,電気機器,8.3,★☆☆☆☆,0.0,0.0,4.3,0.0,4.0,0.0,0.0,0.0,,,0.0,-16.7,2.4,-2.2,974,1022.5,1.8,0.0,1636,買い出来高優勢
4973,日本高純度化学,化学,8.3,★☆☆☆☆,0.0,0.0,3.3,0.0,5.0,0.0,0.0,0.0,,,0.0,7.3,2.6,4.4,4570,4825.0,4.1,0.1,352,買い出来高優勢
4970,東洋合成工業,化学,8.3,★☆☆☆☆,5.8,0.0,1.0,0.0,1.5,0.0,0.0,0.0,,SK hynix,-3.6,-6.7,6.7,-5.8,10441,12060.0,5.4,0.1,1279,SK hynix+5.4%連動(β0.43)
1852,淺沼組,建設業,8.3,★☆☆☆☆,0.0,0.0,0.0,0.0,5.5,0.0,2.8,0.0,,,0.0,-0.7,1.9,2.5,889,924.0,-1.7,0.1,495,MA上昇配列 / 開示[自己株式の取得](1日前)
9616,共立メンテナンス,サービス業,8.2,★☆☆☆☆,0.0,0.0,0.0,0.0,8.2,0.0,0.0,0.0,,,0.0,-5.5,2.9,1.6,3208,3404.0,1.1,0.1,4153,MA上昇配列 / パーフェクトオーダー
7267,本田技研工業,輸送用機器,8.2,★☆☆☆☆,0.0,0.0,0.0,0.0,8.2,0.0,0.0,0.0,,,0.0,-7.4,2.9,1.1,1577,1673.5,-3.9,0.1,29577,MA上昇配列 / パーフェクトオーダー
5946,長府製作所,金属製品,8.2,★☆☆☆☆,0.0,0.0,1.0,0.0,7.2,0.0,0.0,0.0,,,0.0,-8.8,1.6,0.2,2007,2075.0,0.3,0.1,126,MA上昇配列 / パーフェクトオーダー
9201,日本航空,空運業,8.2,★☆☆☆☆,0.0,0.0,0.0,0.0,8.2,0.0,0.0,0.0,,,0.0,-5.9,1.4,2.3,2977,3065.0,2.5,0.1,6369,MA上昇配列 / パーフェクトオーダー
8544,京葉銀行,銀行業,8.2,★☆☆☆☆,0.0,0.0,0.0,0.0,8.2,0.0,0.0,0.0,,,0.0,-5.5,3.6,1.7,2574,2772.0,4.9,0.1,1211,MA上昇配列 / パーフェクトオーダー
2492,インフォマート,サービス業,8.2,★☆☆☆☆,0.0,0.0,2.0,0.0,6.2,0.0,0.0,0.0,,,0.0,0.2,5.9,5.1,530,601.0,-0.7,0.1,1916,MA上昇配列 / パーフェクトオーダー
8154,加賀電子,卸売業,8.2,★☆☆☆☆,0.0,0.0,0.0,0.0,8.2,0.0,0.0,0.0,,,0.0,10.6,3.0,4.7,4735,5040.0,3.6,0.1,860,MA上昇配列 / パーフェクトオーダー / 開示[上方修正](14日前)
7867,タカラトミー,その他製品,8.2,★☆☆☆☆,0.0,0.0,2.0,0.0,6.2,0.0,0.0,0.0,,,0.0,-6.9,2.3,2.7,3534,3704.0,2.3,0.1,2078,MA上昇配列 / パーフェクトオーダー
3168,ＭＥＲＦ,卸売業,8.2,★☆☆☆☆,0.0,0.0,2.0,0.0,6.2,0.0,0.0,0.0,,,0.0,10.8,6.1,1.9,1245,1420.0,-0.5,0.3,152,MA上昇配列 / パーフェクトオーダー
4043,トクヤマ,化学,8.2,★☆☆☆☆,4.5,0.0,1.0,0.0,2.7,0.0,0.0,0.0,,SK hynix,0.6,-2.6,3.3,-1.1,3795,4062.0,-0.2,0.1,3044,SK hynix+5.4%連動(β0.21) 未反応+0.6%
4613,関西ペイント,化学,8.2,★☆☆☆☆,0.0,0.0,0.0,0.0,8.2,0.0,0.0,0.0,,,0.0,-5.7,2.0,0.5,2772,2887.0,-0.4,0.1,2602,MA上昇配列 / パーフェクトオーダー
6810,マクセル,電気機器,8.2,★☆☆☆☆,0.0,0.0,2.0,0.0,6.2,0.0,0.0,0.0,,,0.0,12.4,2.8,5.8,2330,2468.0,4.0,0.1,702,MA上昇配列
3201,日本毛織,繊維製品,8.2,★☆☆☆☆,0.0,0.0,0.0,0.0,8.2,0.0,0.0,0.0,,,0.0,-3.3,1.4,1.3,1912,1969.0,0.4,0.0,194,MA上昇配列 / パーフェクトオーダー
6981,村田製作所,電気機器,8.100000000000001,★☆☆☆☆,5.4,0.0,0.0,0.0,2.7,0.0,0.0,0.0,,SK hynix,-1.8,11.8,6.1,-1.2,6479,7374.0,2.3,0.1,187708,SK hynix+5.4%連動(β0.40)
6535,アイモバイル,サービス業,8.0,★☆☆☆☆,0.0,0.0,0.0,0.0,8.0,0.0,0.0,0.0,,,0.0,-7.5,1.9,2.1,492,512.0,-1.3,0.1,221,MA上昇配列
4107,伊勢化学工業,化学,8.0,★☆☆☆☆,0.0,0.0,3.3,0.0,4.7,0.0,0.0,0.0,,,0.0,14.7,3.3,12.1,3899,4175.0,9.0,0.4,835,買い出来高優勢
9552,クオンツ総研ホールディングス,サービス業,8.0,★☆☆☆☆,0.0,0.0,0.0,0.0,8.0,0.0,0.0,0.0,,,0.0,12.4,5.0,10.9,986,1096.0,-0.8,0.1,375,MA上昇配列
9602,東宝,情報・通信業,8.0,★☆☆☆☆,0.0,0.0,0.0,0.0,8.0,0.0,0.0,0.0,,,0.0,-9.1,2.4,3.0,1482,1557.5,0.7,0.9,5392,MA上昇配列
6969,松尾電機,電気機器,8.0,★☆☆☆☆,4.5,0.0,2.0,0.0,1.5,0.0,0.0,0.0,,SK hynix,0.4,2.2,7.5,-3.6,864,1015.0,1.9,0.0,112,SK hynix+5.4%連動(β0.25)
6923,スタンレー電気,電気機器,8.0,★☆☆☆☆,0.0,0.0,0.0,0.0,8.0,0.0,0.0,0.0,,,0.0,-6.5,1.9,1.8,3490,3628.0,1.2,0.0,2017,-
1332,ニッスイ,水産・農林業,8.0,★☆☆☆☆,0.0,0.0,1.0,0.0,7.0,0.0,0.0,0.0,,,0.0,-8.9,1.9,2.3,1259,1308.5,0.5,0.1,1817,-
3635,コーエーテクモホールディングス,情報・通信業,8.0,★☆☆☆☆,0.0,0.0,0.0,0.0,8.0,0.0,0.0,0.0,,,0.0,-3.4,2.3,4.4,1622,1700.5,0.2,0.1,1714,MA上昇配列
4568,第一三共,医薬品,8.0,★☆☆☆☆,0.0,0.0,0.0,0.0,8.0,0.0,0.0,0.0,,,0.0,-6.5,2.8,4.6,2727,2888.0,0.7,0.1,17702,MA上昇配列
4570,免疫生物研究所,医薬品,8.0,★☆☆☆☆,0.0,0.0,2.0,0.0,6.0,0.0,0.0,0.0,,,0.0,10.7,4.9,6.9,964,1068.0,-2.7,0.2,119,-
4575,キャンバス,医薬品,8.0,★☆☆☆☆,0.0,0.0,0.0,0.0,8.0,0.0,0.0,0.0,,,0.0,15.8,5.0,9.5,751,834.0,2.8,0.2,167,MA上昇配列
9072,ニッコンホールディングス,陸運業,8.0,★☆☆☆☆,0.0,0.0,1.0,0.0,7.0,0.0,0.0,0.0,,,0.0,0.2,3.4,1.4,5003,5368.0,-2.6,0.0,1111,-
6517,デンヨー,電気機器,8.0,★☆☆☆☆,0.0,0.0,2.0,0.0,6.0,0.0,0.0,0.0,,,0.0,6.8,2.8,1.1,3848,4080.0,0.1,0.0,274,資金流入増 / MA上昇配列 / パーフェクトオーダー
9008,京王電鉄,陸運業,8.0,★☆☆☆☆,0.0,0.0,0.0,0.0,8.0,0.0,0.0,0.0,,,0.0,-13.1,1.5,0.6,762,785.5999755859375,1.6,0.1,1379,MA上昇配列
350A,デジタルグリッド,電気・ガス業,8.0,★☆☆☆☆,0.0,0.0,2.0,0.0,6.0,0.0,0.0,0.0,,,0.0,3.3,2.8,2.9,741,785.0,0.0,0.1,157,-
3558,ジェイドグループ,小売業,8.0,★☆☆☆☆,0.0,0.0,2.0,0.0,6.0,0.0,0.0,0.0,,,0.0,5.3,2.0,5.9,1748,1821.0,0.4,0.0,148,-
9009,京成電鉄,陸運業,8.0,★☆☆☆☆,0.0,0.0,0.0,0.0,8.0,0.0,0.0,0.0,,,0.0,-5.7,1.8,3.6,1293,1341.0,1.1,0.1,2048,MA上昇配列
9023,東京地下鉄,陸運業,8.0,★☆☆☆☆,0.0,0.0,0.0,0.0,8.0,0.0,0.0,0.0,,,0.0,-9.1,1.3,1.0,1441,1479.0,0.5,0.1,2586,MA上昇配列
9142,九州旅客鉄道,陸運業,8.0,★☆☆☆☆,0.0,0.0,0.0,0.0,8.0,0.0,0.0,0.0,,,0.0,-13.3,1.4,0.3,3452,3551.0,3.3,0.1,2627,MA上昇配列
3189,ＡＮＡＰホールディングス,小売業,8.0,★☆☆☆☆,0.0,0.0,2.0,0.0,6.0,0.0,0.0,0.0,,,0.0,15.9,13.9,7.9,87,120.0,6.2,0.1,140,資金流入増
7794,イーディーピー,その他製品,8.0,★☆☆☆☆,0.0,0.0,2.0,0.0,6.0,0.0,0.0,0.0,,,0.0,12.0,5.4,8.7,893,1000.0,5.5,0.5,369,-
6326,クボタ,機械,8.0,★☆☆☆☆,0.0,0.0,1.0,0.0,7.0,0.0,0.0,0.0,,,0.0,-6.0,2.9,3.6,2664,2831.0,6.9,0.1,12714,-
7779,ＣＹＢＥＲＤＹＮＥ,精密機器,8.0,★☆☆☆☆,0.0,0.0,2.0,0.0,6.0,0.0,0.0,0.0,,,0.0,0.3,3.6,1.8,218,235.0,-2.9,0.1,267,-
6787,メイコー,電気機器,8.0,★☆☆☆☆,6.5,0.0,0.0,0.0,1.5,0.0,0.0,0.0,,SK hynix,-10.5,-1.3,8.1,-1.9,16276,19410.0,10.7,0.1,10519,SK hynix+5.4%連動(β0.48)
9336,大栄環境,サービス業,8.0,★☆☆☆☆,0.0,0.0,1.0,0.0,7.0,0.0,0.0,0.0,,,0.0,-8.4,2.5,2.2,3646,3840.0,2.9,0.1,522,-
4418,ＪＤＳＣ,情報・通信業,8.0,★☆☆☆☆,0.0,0.0,4.3,0.0,6.7,0.0,0.0,-3.0,,,0.0,24.2,5.9,17.7,909,1031.0,-4.7,0.1,281,買い出来高優勢 / MA上昇配列 / 伸びすぎ注意(25MA+18%)
4344,ソースネクスト,情報・通信業,8.0,★☆☆☆☆,0.0,0.0,0.0,0.0,8.0,0.0,0.0,0.0,,,0.0,-2.0,3.7,4.2,108,117.0,-0.8,0.2,125,MA上昇配列
4307,野村総合研究所,情報・通信業,8.0,★☆☆☆☆,0.0,0.0,0.0,0.0,8.0,0.0,0.0,0.0,,,0.0,-14.5,3.1,1.4,4742,5054.0,-0.4,0.2,14173,MA上昇配列
9601,松竹,情報・通信業,8.0,★☆☆☆☆,0.0,0.0,0.0,0.0,8.0,0.0,0.0,0.0,,,0.0,-12.9,2.0,1.2,10771,11210.0,1.6,0.5,653,MA上昇配列
4686,ジャストシステム,情報・通信業,8.0,★☆☆☆☆,0.0,0.0,0.0,0.0,8.0,0.0,0.0,0.0,,,0.0,-4.4,2.5,3.5,3946,4150.0,2.9,0.1,342,MA上昇配列
2791,大黒天物産,小売業,8.0,★☆☆☆☆,0.0,0.0,0.0,0.0,8.0,0.0,0.0,0.0,,,0.0,-10.9,2.3,1.4,4381,4590.0,-0.6,0.1,222,MA上昇配列
7148,ＦＰＧ,証券、商品先物取引業,8.0,★☆☆☆☆,0.0,0.0,0.0,0.0,8.0,0.0,0.0,0.0,,,0.0,-6.9,1.6,1.9,1614,1666.0,1.8,0.1,911,MA上昇配列
4506,住友ファーマ,医薬品,8.0,★☆☆☆☆,0.0,0.0,2.0,0.0,6.0,0.0,0.0,0.0,,,0.0,8.0,3.4,8.3,1351,1450.0,-1.0,0.1,4860,-
9305,ヤマタネ,卸売業,8.0,★☆☆☆☆,0.0,0.0,0.0,0.0,8.0,0.0,0.0,0.0,,,0.0,-9.7,2.1,0.9,2024,2113.0,0.1,0.1,146,MA上昇配列
9502,中部電力,電気・ガス業,8.0,★☆☆☆☆,0.0,0.0,1.0,0.0,7.0,0.0,0.0,0.0,,,0.0,-3.2,2.1,3.0,2786,2910.5,1.2,0.1,9008,-
4507,塩野義製薬,医薬品,8.0,★☆☆☆☆,0.0,0.0,0.0,0.0,8.0,0.0,0.0,0.0,,,0.0,-11.2,1.9,1.7,2815,2925.0,-0.3,0.1,7290,MA上昇配列
4534,持田製薬,医薬品,8.0,★☆☆☆☆,0.0,0.0,1.0,0.0,7.0,0.0,0.0,0.0,,,0.0,-4.4,1.5,3.2,3217,3315.0,1.1,0.0,186,-
1946,トーエネック,建設業,8.0,★☆☆☆☆,0.0,0.0,1.0,0.0,7.0,0.0,0.0,0.0,,,0.0,3.3,2.4,4.3,2084,2189.0,3.3,0.0,361,-
4011,ヘッドウォータース,情報・通信業,8.0,★☆☆☆☆,0.0,0.0,2.0,0.0,6.0,0.0,0.0,0.0,,,0.0,14.0,5.3,6.9,2014,2253.0,-7.9,0.1,107,-
6217,津田駒工業,機械,8.0,★☆☆☆☆,0.0,0.0,2.0,0.0,6.0,0.0,0.0,0.0,,,0.0,25.0,7.3,6.8,713,835.0,-0.7,0.1,132,-
5563,新日本電工,鉄鋼,8.0,★☆☆☆☆,0.0,0.0,1.0,0.0,7.0,0.0,0.0,0.0,,,0.0,5.8,2.9,3.8,422,448.0,-1.3,0.1,410,-
1887,日本国土開発,建設業,8.0,★☆☆☆☆,0.0,0.0,2.0,0.0,6.0,0.0,0.0,0.0,,,0.0,0.8,1.4,4.7,539,555.0,1.8,0.0,163,-
1885,東亜建設工業,建設業,8.0,★☆☆☆☆,0.0,0.0,2.0,0.0,6.0,0.0,0.0,0.0,,,0.0,0.1,3.1,3.1,1991,2121.0,3.3,0.1,905,-
402A,アクセルスペースホールディングス,輸送用機器,8.0,★☆☆☆☆,0.0,0.0,2.0,0.0,6.0,0.0,0.0,0.0,,,0.0,17.0,4.0,4.0,479,521.0,1.6,0.1,626,-
6363,酉島製作所,機械,8.0,★☆☆☆☆,0.0,0.0,2.0,0.0,6.0,0.0,0.0,0.0,,,0.0,12.5,3.6,3.4,2904,3130.0,-0.2,0.1,546,MA上昇配列 / パーフェクトオーダー
7740,タムロン,精密機器,8.0,★☆☆☆☆,0.0,0.0,1.0,0.0,7.0,0.0,0.0,0.0,,,0.0,14.2,2.2,1.3,1308,1369.0,-1.1,0.0,971,MA上昇配列 / パーフェクトオーダー
6395,タダノ,機械,8.0,★☆☆☆☆,0.0,0.0,1.0,0.0,7.0,0.0,0.0,0.0,,,0.0,-2.8,2.6,1.1,1317,1388.0,2.7,0.0,611,MA上昇配列 / パーフェクトオーダー
1871,ピーエス・コンストラクション,建設業,8.0,★☆☆☆☆,0.0,0.0,0.0,0.0,8.0,0.0,0.0,0.0,,,0.0,-0.1,2.2,3.0,2263,2367.0,1.2,0.0,197,MA上昇配列
3880,大王製紙,パルプ・紙,8.0,★☆☆☆☆,0.0,0.0,0.0,0.0,8.0,0.0,0.0,0.0,,,0.0,-9.3,1.9,0.8,951,990.0,1.7,0.1,214,MA上昇配列
3116,トヨタ紡織,輸送用機器,8.0,★☆☆☆☆,0.0,0.0,0.0,0.0,8.0,0.0,0.0,0.0,,,0.0,-12.5,1.8,0.4,2181,2261.5,-0.2,0.0,1715,MA上昇配列
1860,戸田建設,建設業,8.0,★☆☆☆☆,0.0,0.0,1.0,0.0,7.0,0.0,0.0,0.0,,,0.0,-5.3,1.9,1.5,1464,1522.0,2.2,0.0,1422,-
1721,コムシスホールディングス,建設業,8.0,★☆☆☆☆,0.0,0.0,1.0,0.0,7.0,0.0,0.0,0.0,,,0.0,-2.8,2.1,3.0,5219,5450.0,3.7,0.1,2326,-
6072,地盤ネットホールディングス,サービス業,8.0,★☆☆☆☆,0.0,0.0,2.0,0.0,6.0,0.0,0.0,0.0,,,0.0,20.6,7.4,6.6,919,1080.0,-2.4,0.1,633,-
3962,チェンジホールディングス,情報・通信業,8.0,★☆☆☆☆,0.0,0.0,0.0,0.0,8.0,0.0,0.0,0.0,,,0.0,-2.1,2.4,3.3,954,1002.0,-1.1,0.1,246,MA上昇配列
2325,ＮＪＳ,サービス業,8.0,★☆☆☆☆,0.0,0.0,2.0,0.0,6.0,0.0,0.0,0.0,,,0.0,-2.4,2.6,4.1,4533,4780.0,-0.3,0.1,148,-
2531,宝ホールディングス,食料品,8.0,★☆☆☆☆,0.0,0.0,0.0,0.0,8.0,0.0,0.0,0.0,,,0.0,-5.1,2.6,3.4,2071,2186.0,-0.4,0.0,828,-
7476,アズワン,卸売業,8.0,★☆☆☆☆,0.0,0.0,0.0,0.0,8.0,0.0,0.0,0.0,,,0.0,-10.2,1.7,2.4,2400,2484.5,3.2,0.1,347,MA上昇配列
4826,ＣＩＪ,情報・通信業,8.0,★☆☆☆☆,0.0,0.0,0.0,0.0,8.0,0.0,0.0,0.0,,,0.0,-1.4,2.2,2.9,517,540.0,0.2,0.1,132,MA上昇配列
8804,東京建物,不動産業,8.0,★☆☆☆☆,0.0,0.0,0.0,0.0,8.0,0.0,0.0,0.0,,,0.0,-9.5,1.9,0.8,3288,3421.0,1.0,0.0,2844,MA上昇配列
6458,新晃工業,機械,8.0,★☆☆☆☆,0.0,0.0,1.0,0.0,7.0,0.0,0.0,0.0,,,0.0,-3.9,1.7,2.9,1229,1271.0,2.7,0.1,304,-
8698,マネックスグループ,証券、商品先物取引業,8.0,★☆☆☆☆,0.0,0.0,0.0,0.0,8.0,0.0,0.0,0.0,,,0.0,-4.2,2.1,4.7,714,746.0,4.3,0.1,1278,MA上昇配列
5930,文化シヤッター,金属製品,8.0,★☆☆☆☆,0.0,0.0,3.0,0.0,5.0,0.0,0.0,0.0,,,0.0,-10.1,1.2,1.4,1854,1901.0,2.5,0.0,305,-
277A,グロービング,サービス業,8.0,★☆☆☆☆,0.0,0.0,2.0,0.0,6.0,0.0,0.0,0.0,,,0.0,12.7,3.4,11.3,1768,1899.0,2.2,0.3,235,-
6209,リケンＮＰＲ,機械,8.0,★☆☆☆☆,0.0,0.0,1.0,0.0,7.0,0.0,0.0,0.0,,,0.0,-6.4,2.3,0.2,3831,4015.0,-0.1,0.0,485,MA上昇配列 / パーフェクトオーダー
5592,くすりの窓口,情報・通信業,8.0,★☆☆☆☆,0.0,0.0,2.0,0.0,6.0,0.0,0.0,0.0,,,0.0,4.9,4.5,6.1,2444,2688.0,-1.6,0.1,175,-
7818,トランザクション,その他製品,8.0,★☆☆☆☆,0.0,0.0,2.0,0.0,6.0,0.0,0.0,0.0,,,0.0,-5.6,2.2,2.5,1190,1245.0,-1.3,0.9,350,資金流入増
2379,ディップ,サービス業,8.0,★☆☆☆☆,0.0,0.0,0.0,0.0,8.0,0.0,0.0,0.0,,,0.0,-7.7,1.4,1.7,1832,1883.0,-0.3,0.5,572,MA上昇配列
5333,ＮＧＫ,ガラス・土石製品,8.0,★☆☆☆☆,7.0,0.0,1.0,0.0,0.0,0.0,0.0,0.0,,SK hynix,1.3,-1.1,3.9,-3.8,5040,5462.0,-1.9,0.1,8904,SK hynix+5.4%連動(β0.23) 未反応+1.3%
7203,トヨタ自動車,輸送用機器,8.0,★☆☆☆☆,0.0,0.0,0.0,0.0,8.0,0.0,0.0,0.0,,,0.0,-11.1,2.0,1.9,2954,3077.0,0.4,0.1,94420,MA上昇配列
7211,三菱自動車工業,輸送用機器,8.0,★☆☆☆☆,0.0,0.0,0.0,0.0,8.0,0.0,0.0,0.0,,,0.0,-10.7,2.5,4.8,356,375.29998779296875,6.1,0.2,3324,MA上昇配列
6644,大崎電気工業,電気機器,8.0,★☆☆☆☆,0.0,0.0,2.0,0.0,6.0,0.0,0.0,0.0,,,0.0,1.5,2.4,2.2,1483,1557.0,2.9,0.1,433,-
3038,神戸物産,卸売業,8.0,★☆☆☆☆,0.0,0.0,0.0,0.0,8.0,0.0,0.0,0.0,,,0.0,-7.9,2.0,1.6,2723,2837.5,1.3,0.1,4565,MA上昇配列
8139,ナガホリ,卸売業,7.8,★☆☆☆☆,0.0,0.0,4.3,0.0,3.5,0.0,0.0,0.0,,,0.0,-0.5,6.5,1.3,1932,2220.0,-4.2,0.1,153,買い出来高優勢
4099,四国化成ホールディングス,化学,7.8,★☆☆☆☆,6.8,0.0,1.0,0.0,0.0,0.0,0.0,0.0,,SK hynix,0.9,4.0,6.3,-7.2,2190,2505.0,-0.6,0.1,2336,SK hynix+5.4%連動(β0.31) 未反応+0.9%
9759,ＮＳＤ,情報・通信業,7.7,★☆☆☆☆,0.0,0.0,0.0,0.0,7.7,0.0,0.0,0.0,,,0.0,-8.0,2.0,2.8,2773,2886.0,-0.0,0.1,778,MA上昇配列
8584,ジャックス,その他金融業,7.7,★☆☆☆☆,0.0,0.0,1.0,0.0,6.7,0.0,0.0,0.0,,,0.0,-4.2,1.4,4.1,3799,3910.0,4.0,0.3,396,MA上昇配列
9534,北海道瓦斯,電気・ガス業,7.7,★☆☆☆☆,0.0,0.0,0.0,0.0,7.7,0.0,0.0,0.0,,,0.0,-1.3,1.5,5.3,807,832.0,2.8,0.0,119,MA上昇配列
3679,じげん,情報・通信業,7.7,★☆☆☆☆,0.0,0.0,1.0,0.0,6.7,0.0,0.0,0.0,,,0.0,-0.7,2.7,4.9,428,453.0,-2.6,0.4,124,MA上昇配列
8081,カナデン,卸売業,7.7,★☆☆☆☆,0.0,0.0,1.0,0.0,6.7,0.0,0.0,0.0,,,0.0,1.8,2.2,6.2,2518,2636.0,5.4,0.1,170,-
1898,世紀東急工業,建設業,7.7,★☆☆☆☆,0.0,0.0,0.0,0.0,7.7,0.0,0.0,0.0,,,0.0,-6.2,1.0,1.9,1482,1512.0,0.7,0.1,263,MA上昇配列
4565,ネクセラファーマ,医薬品,7.7,★☆☆☆☆,0.0,0.0,3.0,0.0,4.7,0.0,0.0,0.0,,,0.0,22.2,5.2,13.4,1002,1120.0,-1.1,0.2,1031,-
6369,トーヨーカネツ,機械,7.7,★☆☆☆☆,0.0,0.0,0.0,0.0,7.7,0.0,0.0,0.0,,,0.0,-1.6,2.2,2.5,2412,2522.0,2.7,0.1,236,MA上昇配列
8871,ゴールドクレスト,不動産業,7.7,★☆☆☆☆,0.0,0.0,2.0,0.0,5.7,0.0,0.0,0.0,,,0.0,-7.2,1.5,2.0,3276,3375.0,1.5,0.1,177,-
8303,ＳＢＩ新生銀行,銀行業,7.7,★☆☆☆☆,0.0,0.0,2.0,0.0,5.7,0.0,0.0,0.0,,,0.0,2.4,2.3,2.0,1481,1553.0,0.1,0.0,6056,MA上昇配列
9435,光通信,情報・通信業,7.7,★☆☆☆☆,0.0,0.0,0.0,0.0,7.7,0.0,0.0,0.0,,,0.0,-6.7,2.3,2.4,38377,40200.0,2.3,0.1,3916,MA上昇配列
8219,青山商事,小売業,7.7,★☆☆☆☆,0.0,0.0,0.0,0.0,7.7,0.0,0.0,0.0,,,0.0,-4.0,1.6,4.2,755,781.0,2.8,0.1,440,MA上昇配列
4005,住友化学,化学,7.7,★☆☆☆☆,0.0,0.0,2.0,0.0,5.7,0.0,0.0,0.0,,,0.0,0.2,2.6,5.6,528,557.7999877929688,6.8,0.0,7664,-
3315,日本コークス工業,石油・石炭製品,7.7,★☆☆☆☆,0.0,0.0,1.0,0.0,6.7,0.0,0.0,0.0,,,0.0,6.5,4.4,4.5,95,104.0,-1.0,0.2,606,MA上昇配列
4641,アルプス技研,サービス業,7.7,★☆☆☆☆,0.0,0.0,0.0,0.0,7.7,0.0,0.0,0.0,,,0.0,-4.4,2.1,4.3,832,869.0,2.4,0.1,101,MA上昇配列
7421,カッパ・クリエイト,小売業,7.7,★☆☆☆☆,0.0,0.0,0.0,0.0,7.7,0.0,0.0,0.0,,,0.0,-7.6,1.7,2.8,1579,1633.0,2.4,0.2,136,MA上昇配列
1301,極洋,水産・農林業,7.7,★☆☆☆☆,0.0,0.0,0.0,0.0,7.7,0.0,0.0,0.0,,,0.0,-4.6,1.6,2.7,4611,4760.0,0.6,0.0,225,MA上昇配列
4477,ＢＡＳＥ,情報・通信業,7.7,★☆☆☆☆,0.0,0.0,1.0,0.0,6.7,0.0,0.0,0.0,,,0.0,-3.5,2.5,4.1,297,313.0,0.3,0.1,212,MA上昇配列
2695,くら寿司,小売業,7.7,★☆☆☆☆,0.0,0.0,1.0,0.0,6.7,0.0,0.0,0.0,,,0.0,-2.5,1.7,4.4,1692,1752.0,1.9,0.1,401,MA上昇配列
8877,エスリード,不動産業,7.7,★☆☆☆☆,0.0,0.0,1.0,0.0,6.7,0.0,0.0,0.0,,,0.0,-5.4,1.7,2.8,5206,5390.0,0.2,0.1,150,MA上昇配列
2413,エムスリー,サービス業,7.7,★☆☆☆☆,0.0,0.0,2.0,0.0,5.7,0.0,0.0,0.0,,,0.0,-15.2,5.5,3.1,1611,1811.5,3.5,0.1,10086,MA上昇配列
9832,オートバックスセブン,卸売業,7.7,★☆☆☆☆,0.0,0.0,0.0,0.0,7.7,0.0,0.0,0.0,,,0.0,-7.7,1.1,1.4,1523,1556.0,0.8,0.1,294,MA上昇配列
2484,出前館,情報・通信業,7.699999999999999,★☆☆☆☆,0.0,0.0,4.0,0.0,6.7,0.0,0.0,-3.0,,,0.0,25.1,4.2,19.4,160,175.0,12.9,0.3,109,資金流入増 / MA上昇配列 / 伸びすぎ注意(25MA+19%)
4849,エン,サービス業,7.699999999999999,★☆☆☆☆,0.0,0.0,4.0,0.0,6.7,0.0,0.0,-3.0,,,0.0,17.1,3.9,15.3,1517,1644.0,3.7,0.1,401,資金流入増 / MA上昇配列 / 伸びすぎ注意(25MA+15%)
6474,不二越,機械,7.6,★☆☆☆☆,2.9,0.0,0.0,0.0,4.7,0.0,0.0,0.0,,SK hynix,-0.8,9.1,3.8,3.8,5406,5850.0,6.2,0.2,620,SK hynix+5.4%連動(β0.21)
5016,ＪＸ金属,非鉄金属,7.6,★☆☆☆☆,4.1,0.0,1.0,0.0,2.5,0.0,0.0,0.0,,SK hynix,-4.4,7.8,5.1,0.4,3422,3808.0,5.1,0.1,76613,SK hynix+5.4%連動(β0.30)
7760,ＩＭＶ,精密機器,7.6,★☆☆☆☆,4.1,0.0,2.0,0.0,1.5,0.0,0.0,0.0,,SK hynix,-4.3,-5.8,4.7,-3.6,1887,2085.0,6.3,0.1,333,SK hynix+5.4%連動(β0.30)
2471,エスプール,サービス業,7.5,★☆☆☆☆,0.0,0.0,0.0,0.0,7.5,0.0,0.0,0.0,,,0.0,-2.2,2.9,2.5,273,290.0,-4.6,0.1,123,MA上昇配列 / パーフェクトオーダー
5541,大平洋金属,鉄鋼,7.5,★☆☆☆☆,0.0,0.0,2.0,0.0,5.5,0.0,0.0,0.0,,,0.0,6.7,3.7,4.6,2478,2673.0,0.4,0.3,660,MA上昇配列
3916,デジタル・インフォメーション・テクノロジー,情報・通信業,7.5,★☆☆☆☆,0.0,0.0,2.0,0.0,5.5,0.0,0.0,0.0,,,0.0,-7.3,2.0,1.3,925,963.0,-1.7,0.1,101,MA上昇配列
6425,ユニバーサルエンターテインメント,機械,7.5,★☆☆☆☆,0.0,0.0,2.0,0.0,5.5,0.0,0.0,0.0,,,0.0,4.3,4.9,3.5,656,728.0,0.4,0.0,189,MA上昇配列
3636,三菱総合研究所,情報・通信業,7.5,★☆☆☆☆,0.0,0.0,0.0,0.0,7.5,0.0,0.0,0.0,,,0.0,-6.7,1.7,4.0,4845,5020.0,0.9,0.0,263,MA上昇配列 / RSI過熱(91)⚠
9828,Ｇｅｎｋｉ　Ｇｌｏｂａｌ　Ｄｉｎｉｎｇ　Ｃｏｎｃｅｐｔｓ,小売業,7.5,★☆☆☆☆,0.0,0.0,0.0,0.0,7.5,0.0,0.0,0.0,,,0.0,-7.1,2.2,4.9,3404,3560.0,5.2,0.1,238,MA上昇配列 / パーフェクトオーダー / RSI過熱(85)⚠
4527,ロート製薬,医薬品,7.5,★☆☆☆☆,0.0,0.0,3.0,0.0,7.5,0.0,0.0,-3.0,,,0.0,16.3,3.3,16.5,2897,3101.0,8.2,0.1,4511,MA上昇配列 / パーフェクトオーダー / RSI過熱(87)⚠ / 伸びすぎ注意(25MA+17%)
9044,ＮＡＮＫＡＩ,陸運業,7.5,★☆☆☆☆,0.0,0.0,0.0,0.0,7.5,0.0,0.0,0.0,,,0.0,-10.3,1.7,2.4,2950,3051.0,2.2,0.1,731,MA上昇配列 / RSI過熱(85)⚠
9684,スクウェア・エニックス・ホールディングス,情報・通信業,7.5,★☆☆☆☆,0.0,0.0,2.0,0.0,5.5,0.0,0.0,0.0,,,0.0,-6.6,3.9,3.7,2692,2921.5,-0.9,0.1,4092,MA上昇配列
4323,日本システム技術,情報・通信業,7.5,★☆☆☆☆,0.0,0.0,2.0,0.0,5.5,0.0,0.0,0.0,,,0.0,-6.2,3.8,1.0,1761,1905.0,-5.1,0.1,122,MA上昇配列
6814,古野電気,電気機器,7.5,★☆☆☆☆,0.0,0.0,3.3,0.0,4.2,0.0,0.0,0.0,,,0.0,5.0,3.6,2.2,7206,7760.0,0.0,0.4,2275,買い出来高優勢 / MA上昇配列
7721,東京計器,精密機器,7.5,★☆☆☆☆,3.3,0.0,0.0,0.0,4.2,0.0,0.0,0.0,,SK hynix,-5.9,12.4,5.4,4.1,6624,7430.0,4.4,0.2,2033,SK hynix+5.4%連動(β0.25) / MA上昇配列
2784,アルフレッサ　ホールディングス,卸売業,7.5,★☆☆☆☆,0.0,0.0,1.0,0.0,6.5,0.0,0.0,0.0,,,0.0,-11.7,1.3,1.5,2269,2330.5,0.5,0.0,1170,MA上昇配列 / RSI過熱(88)⚠
2768,双日,卸売業,7.5,★☆☆☆☆,0.0,0.0,3.3,0.0,4.2,0.0,0.0,0.0,,,0.0,-2.7,2.5,0.6,5268,5540.0,0.3,0.2,6382,買い出来高優勢 / MA上昇配列
4776,サイボウズ,情報・通信業,7.5,★☆☆☆☆,0.0,0.0,0.0,0.0,7.5,0.0,0.0,0.0,,,0.0,-1.3,3.6,5.9,2762,2979.0,-3.1,0.2,761,MA上昇配列 / パーフェクトオーダー
8153,モスフードサービス,卸売業,7.5,★☆☆☆☆,0.0,0.0,1.0,0.0,6.5,0.0,0.0,0.0,,,0.0,-8.7,1.8,3.3,3824,3965.0,1.8,0.3,373,MA上昇配列 / RSI過熱(88)⚠
6167,冨士ダイス,機械,7.5,★☆☆☆☆,0.0,0.0,2.0,0.0,5.5,0.0,0.0,0.0,,,0.0,5.5,3.8,3.0,966,1045.0,-2.3,0.1,115,MA上昇配列
7164,全国保証,その他金融業,7.5,★☆☆☆☆,0.0,0.0,0.0,0.0,7.5,0.0,0.0,0.0,,,0.0,-6.8,1.1,3.0,3157,3228.0,1.9,0.1,1170,MA上昇配列 / RSI過熱(90)⚠
7921,ＴＡＫＡＲＡ　＆　ＣＯＭＰＡＮＹ,その他製品,7.5,★☆☆☆☆,0.0,0.0,0.0,0.0,7.5,0.0,0.0,0.0,,,0.0,-11.3,2.2,1.3,4141,4330.0,3.1,0.1,118,MA上昇配列
6638,ミマキエンジニアリング,電気機器,7.5,★☆☆☆☆,3.0,0.0,2.0,0.0,2.5,0.0,0.0,0.0,,SK hynix,-6.5,-8.1,4.3,-0.3,1855,2030.0,6.9,0.1,245,SK hynix+5.4%連動(β0.22)
2742,ハローズ,小売業,7.5,★☆☆☆☆,0.0,0.0,2.0,0.0,5.5,0.0,0.0,0.0,,,0.0,-5.8,2.0,4.7,3891,4050.0,2.0,0.3,137,MA上昇配列 / RSI過熱(92)⚠
4971,メック,化学,7.4,★☆☆☆☆,6.4,0.0,1.0,0.0,0.0,0.0,0.0,0.0,,SK hynix,0.3,-12.6,7.1,-12.6,5914,6890.0,-2.1,0.1,4077,SK hynix+5.4%連動(β0.41)
6134,ＦＵＪＩ,機械,7.4,★☆☆☆☆,4.4,0.0,2.0,0.0,1.0,0.0,0.0,0.0,,SK hynix,0.2,6.0,4.4,-3.3,6703,7356.0,0.4,0.0,7898,SK hynix+5.4%連動(β0.29)
7447,ナガイレーベン,卸売業,7.4,★☆☆☆☆,0.0,0.0,1.0,0.0,5.5,0.0,0.9,0.0,,,0.0,-9.5,1.4,0.1,1734,1785.0,-0.3,0.3,181,MA上昇配列 / 開示[自己株式の取得](10日前)
6383,ダイフク,機械,7.4,★☆☆☆☆,7.4,0.0,0.0,0.0,0.0,0.0,0.0,0.0,,SK hynix,1.4,-4.0,2.8,-2.5,5563,5897.0,1.0,0.1,12293,SK hynix+5.4%連動(β0.24) 未反応+1.4%
4216,旭有機材,化学,7.3,★☆☆☆☆,5.8,0.0,0.0,0.0,1.5,0.0,0.0,0.0,,SK hynix,1.1,-2.3,2.5,-0.7,5691,5990.0,0.7,0.1,347,SK hynix+5.4%連動(β0.20) 未反応+1.1%
6465,ホシザキ,機械,7.2,★☆☆☆☆,0.0,0.0,0.0,0.0,7.2,0.0,0.0,0.0,,,0.0,-8.9,2.0,0.5,5472,5702.0,0.8,0.1,2165,MA上昇配列 / パーフェクトオーダー
2670,エービーシー・マート,小売業,7.2,★☆☆☆☆,0.0,0.0,0.0,0.0,7.2,0.0,0.0,0.0,,,0.0,-8.4,1.6,0.7,2702,2793.5,-0.5,0.3,1263,MA上昇配列 / パーフェクトオーダー
6947,図研,電気機器,7.2,★☆☆☆☆,0.0,0.0,0.0,0.0,7.2,0.0,0.0,0.0,,,0.0,-4.5,2.0,2.5,4785,4985.0,0.6,0.0,240,MA上昇配列 / パーフェクトオーダー
7013,ＩＨＩ,機械,7.2,★☆☆☆☆,0.0,6.0,0.0,0.0,1.2,0.0,0.0,0.0,,,0.0,-9.1,4.0,-4.2,2468,2682.5,-3.1,0.1,40306,防衛(-2.6%)
5401,日本製鉄,鉄鋼,7.2,★☆☆☆☆,0.0,0.0,1.0,0.0,6.2,0.0,0.0,0.0,,,0.0,-5.9,2.3,1.8,645,677.0999755859375,2.1,0.1,28494,MA上昇配列
7821,前田工繊,その他製品,7.2,★☆☆☆☆,0.0,0.0,1.0,0.0,6.2,0.0,0.0,0.0,,,0.0,-2.0,3.3,3.5,1919,2054.0,0.7,0.0,355,MA上昇配列
3153,八洲電機,卸売業,7.2,★☆☆☆☆,0.0,0.0,2.0,0.0,5.2,0.0,0.0,0.0,,,0.0,-0.6,2.6,1.6,2822,2978.0,5.1,0.3,196,MA上昇配列
7199,プレミアグループ,その他金融業,7.2,★☆☆☆☆,0.0,0.0,0.0,0.0,7.2,0.0,0.0,0.0,,,0.0,-1.9,2.4,2.0,2033,2137.0,-0.3,0.1,450,MA上昇配列 / パーフェクトオーダー
7685,ＢｕｙＳｅｌｌ　Ｔｅｃｈｎｏｌｏｇｉｅｓ,卸売業,7.2,★☆☆☆☆,0.0,0.0,2.0,0.0,5.0,0.0,0.2,0.0,,,0.0,1.3,5.2,3.1,2918,3260.0,-2.4,0.1,1399,開示[業績予想の修正](13日前)
212A,フィットイージー,サービス業,7.2,★☆☆☆☆,0.0,0.0,0.0,0.0,7.2,0.0,0.0,0.0,,,0.0,3.5,3.0,2.8,2820,3000.0,-3.1,0.2,340,MA上昇配列 / パーフェクトオーダー
9900,サガミホールディングス,小売業,7.2,★☆☆☆☆,0.0,0.0,1.0,0.0,6.2,0.0,0.0,0.0,,,0.0,-6.6,2.8,1.2,1020,1079.0,0.5,0.6,261,MA上昇配列
6844,新電元工業,電気機器,7.1,★☆☆☆☆,7.1,0.0,0.0,0.0,0.0,0.0,0.0,0.0,,SK hynix,1.1,-7.2,4.0,-7.0,2844,3090.0,-0.2,0.1,403,SK hynix+5.4%連動(β0.27) 未反応+1.1%
3662,エイチームホールディングス,情報・通信業,7.0,★☆☆☆☆,0.0,0.0,1.0,0.0,6.0,0.0,0.0,0.0,,,0.0,-7.7,2.1,1.9,930,971.0,-1.8,0.1,148,-
5644,メタルアート,鉄鋼,7.0,★☆☆☆☆,0.0,0.0,0.0,0.0,7.0,0.0,0.0,0.0,,,0.0,-9.2,2.7,0.9,7064,7460.0,1.6,0.2,103,-
5288,アジアパイルホールディングス,ガラス・土石製品,7.0,★☆☆☆☆,0.0,0.0,0.0,0.0,7.0,0.0,0.0,0.0,,,0.0,-0.5,2.2,3.1,1510,1578.0,1.5,0.1,275,-
5027,ＡｎｙＭｉｎｄ　Ｇｒｏｕｐ,情報・通信業,7.0,★☆☆☆☆,0.0,0.0,5.3,0.0,6.7,0.0,0.0,-5.0,,,0.0,40.1,5.5,30.9,749,843.0,7.3,0.3,327,買い出来高優勢 / 資金流入増 / MA上昇配列 / 過熱⚠25MA+31%
2281,プリマハム,食料品,7.0,★☆☆☆☆,0.0,0.0,1.0,0.0,6.0,0.0,0.0,0.0,,,0.0,-11.6,1.2,-0.0,2366,2426.0,0.5,0.1,400,-
4620,藤倉化成,化学,7.0,★☆☆☆☆,0.0,0.0,1.0,0.0,6.0,0.0,0.0,0.0,,,0.0,9.9,3.8,5.3,893,967.0,2.0,0.1,127,-
6859,エスペック,電気機器,7.0,★☆☆☆☆,2.8,0.0,2.0,0.0,2.2,0.0,0.0,0.0,,SK hynix,-2.1,1.2,3.4,-0.0,3763,4040.0,4.9,0.1,387,SK hynix+5.4%連動(β0.20)
7966,リンテック,その他製品,7.0,★☆☆☆☆,3.1,0.0,0.0,0.0,0.0,0.0,3.9,0.0,,SK hynix,-1.5,-10.9,3.9,-7.1,5203,5640.0,-1.6,0.1,2787,SK hynix+5.4%連動(β0.23) / 開示[自己株式の取得](3日前) / 開示[自己株式取得](7日前)
1723,日本電技,建設業,7.0,★☆☆☆☆,0.0,0.0,3.3,0.0,3.7,0.0,0.0,0.0,,,0.0,2.8,4.2,4.8,2103,2297.0,11.5,0.1,490,買い出来高優勢
6807,日本航空電子工業,電気機器,7.0,★☆☆☆☆,0.0,0.0,0.0,0.0,7.0,0.0,0.0,0.0,,,0.0,-6.5,2.2,3.2,2351,2462.0,5.4,0.1,697,-
7730,マニー,精密機器,7.0,★☆☆☆☆,0.0,0.0,1.0,0.0,6.0,0.0,0.0,0.0,,,0.0,-0.0,1.7,3.8,1570,1624.0,0.7,0.7,526,-
8585,オリエントコーポレーション,その他金融業,7.0,★☆☆☆☆,0.0,0.0,0.0,0.0,7.0,0.0,0.0,0.0,,,0.0,-11.0,1.4,0.8,863,888.0,2.5,0.1,379,MA上昇配列
6027,弁護士ドットコム,サービス業,7.0,★☆☆☆☆,0.0,0.0,5.3,0.0,6.7,0.0,0.0,-5.0,,,0.0,114.0,8.8,58.1,4124,5000.0,15.7,0.5,1644,買い出来高優勢 / 資金流入増 / MA上昇配列 / 過熱⚠25MA+58%
4658,日本空調サービス,サービス業,7.0,★☆☆☆☆,0.0,0.0,0.0,0.0,7.0,0.0,0.0,0.0,,,0.0,-7.5,1.3,0.2,1518,1559.0,0.6,0.1,143,-
3231,野村不動産ホールディングス,不動産業,7.0,★☆☆☆☆,0.0,0.0,1.0,0.0,6.0,0.0,0.0,0.0,,,0.0,-12.1,1.2,0.9,915,937.0999755859375,1.5,0.1,4632,-
6727,ワコム,電気機器,7.0,★☆☆☆☆,0.0,0.0,0.0,0.0,7.0,0.0,0.0,0.0,,,0.0,-3.4,2.2,2.9,781,817.0,2.1,0.1,509,-
5981,東京製綱,金属製品,7.0,★☆☆☆☆,0.0,0.0,0.0,0.0,7.0,0.0,0.0,0.0,,,0.0,-2.9,3.5,0.0,1838,1975.0,0.3,0.1,229,MA上昇配列 / パーフェクトオーダー
464A,ＱＰＳホールディングス,情報・通信業,7.0,★☆☆☆☆,0.0,0.0,1.0,0.0,6.0,0.0,0.0,0.0,,,0.0,26.7,5.1,9.4,1641,1826.0,-0.8,0.2,2284,-
3563,ＦＯＯＤ　＆　ＬＩＦＥ　ＣＯＭＰＡＮＩＥＳ,小売業,7.0,★☆☆☆☆,0.0,0.0,0.0,0.0,7.0,0.0,0.0,0.0,,,0.0,-9.0,4.1,0.0,5233,5699.0,1.9,0.1,12391,MA上昇配列 / パーフェクトオーダー
1961,三機工業,建設業,7.0,★☆☆☆☆,0.0,0.0,2.0,0.0,5.0,0.0,0.0,0.0,,,0.0,5.4,3.5,3.3,2292,2465.0,2.7,0.0,1799,-
336A,ダイナミックマッププラットフォーム,情報・通信業,7.0,★☆☆☆☆,0.0,0.0,1.0,0.0,6.0,0.0,0.0,0.0,,,0.0,-1.2,4.8,5.3,768,850.0,0.2,0.1,156,-
1968,太平電業,建設業,7.0,★☆☆☆☆,0.0,0.0,1.0,0.0,6.0,0.0,0.0,0.0,,,0.0,-1.0,2.8,3.9,2382,2524.0,3.3,0.1,458,-
4593,ヘリオス,医薬品,7.0,★☆☆☆☆,0.0,0.0,1.0,0.0,6.0,0.0,0.0,0.0,,,0.0,28.4,6.0,12.1,251,286.0,-0.7,0.1,492,-
7951,ヤマハ,その他製品,7.0,★☆☆☆☆,0.0,0.0,2.0,0.0,5.0,0.0,0.0,0.0,,,0.0,-4.4,2.5,1.1,1251,1315.5,1.5,0.1,3412,MA上昇配列 / パーフェクトオーダー
9301,三菱倉庫,倉庫・運輸関連業,7.0,★☆☆☆☆,0.0,0.0,1.0,0.0,6.0,0.0,0.0,0.0,,,0.0,-11.7,1.8,-0.4,1477,1531.0,1.9,0.1,1787,-
7746,岡本硝子,精密機器,7.0,★☆☆☆☆,0.0,0.0,2.0,0.0,5.0,0.0,0.0,0.0,,,0.0,0.4,3.3,3.6,719,770.0,2.3,0.5,272,-
1815,鉄建建設,建設業,7.0,★☆☆☆☆,0.0,0.0,0.0,0.0,7.0,0.0,0.0,0.0,,,0.0,-3.0,2.2,3.6,4359,4555.0,5.0,0.1,452,-
9793,ダイセキ,サービス業,7.0,★☆☆☆☆,0.0,0.0,1.0,0.0,6.0,0.0,0.0,0.0,,,0.0,-5.9,1.5,1.8,3772,3885.0,2.2,0.2,422,-
3101,東洋紡,化学,7.0,★☆☆☆☆,0.0,0.0,0.0,0.0,7.0,0.0,0.0,0.0,,,0.0,10.0,2.9,6.1,1606,1705.0,6.2,0.1,1149,-
2962,テクニスコ,金属製品,7.0,★☆☆☆☆,0.0,0.0,2.0,0.0,10.0,0.0,0.0,-5.0,,,0.0,51.1,10.6,25.0,1355,1718.0,7.0,0.2,614,MA上昇配列 / パーフェクトオーダー / 過熱⚠25MA+25%
9409,テレビ朝日ホールディングス,情報・通信業,7.0,★☆☆☆☆,0.0,0.0,1.0,0.0,6.0,0.0,0.0,0.0,,,0.0,-10.0,1.9,1.5,3032,3150.0,1.6,0.0,607,-
3915,テラスカイ,情報・通信業,7.0,★☆☆☆☆,0.0,0.0,1.0,0.0,6.0,0.0,0.0,0.0,,,0.0,9.3,4.1,5.3,2155,2346.0,-2.5,0.3,232,-
6522,アスタリスク,電気機器,7.0,★☆☆☆☆,0.0,0.0,3.3,0.0,8.7,0.0,0.0,-5.0,,,0.0,40.6,8.3,30.9,2004,2401.0,19.0,0.7,3000,買い出来高優勢 / MA上昇配列 / パーフェクトオーダー / 過熱⚠25MA+31%
6366,千代田化工建設,建設業,7.0,★☆☆☆☆,0.0,0.0,1.0,0.0,6.0,0.0,0.0,0.0,,,0.0,7.9,3.5,3.7,671,721.0,1.8,0.1,1394,-
9310,日本トランスシティ,倉庫・運輸関連業,6.9,★☆☆☆☆,0.0,0.0,2.0,0.0,3.2,0.0,1.7,0.0,,,0.0,-6.4,3.7,-0.1,1278,1379.0,-5.2,0.0,189,開示[自己株式の取得](6日前)
6055,ジャパンマテリアル,サービス業,6.9,★☆☆☆☆,4.9,0.0,2.0,0.0,0.0,0.0,0.0,0.0,,SK hynix,-2.0,1.8,4.5,-1.9,1953,2148.0,3.1,0.2,1365,SK hynix+5.4%連動(β0.36)
7745,Ａ＆Ｄホロンホールディングス,精密機器,6.9,★☆☆☆☆,3.9,0.0,2.0,0.0,1.0,0.0,0.0,0.0,,SK hynix,-1.9,-4.3,3.0,-1.0,2719,2892.0,4.0,0.0,352,SK hynix+5.4%連動(β0.29)
6622,ダイヘン,電気機器,6.9,★☆☆☆☆,5.4,0.0,0.0,0.0,1.5,0.0,0.0,0.0,,SK hynix,0.1,5.0,4.5,-3.0,12071,13270.0,0.8,0.1,4009,SK hynix+5.4%連動(β0.37)
3891,ニッポン高度紙工業,パルプ・紙,6.8,★☆☆☆☆,4.3,0.0,1.0,0.0,1.5,0.0,0.0,0.0,,SK hynix,-0.3,14.3,6.6,-2.2,5707,6570.0,-0.9,0.1,1461,SK hynix+5.4%連動(β0.32)
7970,信越ポリマー,化学,6.8,★☆☆☆☆,0.0,0.0,3.3,0.0,3.5,0.0,0.0,0.0,,,0.0,1.1,2.1,0.6,2172,2267.0,1.7,0.1,354,買い出来高優勢
6143,ソディック,機械,6.8,★☆☆☆☆,3.3,0.0,0.0,0.0,3.5,0.0,0.0,0.0,,SK hynix,-7.2,14.0,5.1,4.1,1625,1808.0,4.8,0.1,922,SK hynix+5.4%連動(β0.24)
6430,ダイコク電機,機械,6.7,★☆☆☆☆,0.0,0.0,0.0,0.0,6.7,0.0,0.0,0.0,,,0.0,-3.9,1.6,4.4,2471,2550.0,3.6,0.1,102,MA上昇配列
7630,壱番屋,小売業,6.7,★☆☆☆☆,0.0,0.0,0.0,0.0,6.7,0.0,0.0,0.0,,,0.0,-8.6,1.3,1.8,923,948.0,0.6,0.9,364,MA上昇配列
7512,イオン北海道,小売業,6.7,★☆☆☆☆,0.0,0.0,0.0,0.0,6.7,0.0,0.0,0.0,,,0.0,-6.9,1.3,2.0,843,865.0,0.9,0.3,135,MA上昇配列
2811,カゴメ,食料品,6.7,★☆☆☆☆,0.0,0.0,0.0,0.0,6.7,0.0,0.0,0.0,,,0.0,-11.0,1.5,2.0,2652,2735.0,1.4,0.0,948,MA上昇配列
6905,コーセル,電気機器,6.7,★☆☆☆☆,0.0,0.0,2.0,0.0,4.7,0.0,0.0,0.0,,,0.0,3.3,2.4,1.4,1265,1328.0,2.3,0.1,207,-
5202,日本板硝子,ガラス・土石製品,6.7,★☆☆☆☆,0.0,0.0,0.0,0.0,6.7,0.0,0.0,0.0,,,0.0,-4.4,0.4,1.8,489,493.0,1.9,0.7,604,MA上昇配列
1663,Ｋ＆Ｏエナジーグループ,鉱業,6.7,★☆☆☆☆,0.0,0.0,2.0,0.0,4.7,0.0,0.0,0.0,,,0.0,0.7,2.2,5.0,1873,1958.0,1.6,0.1,387,-
5440,共英製鋼,鉄鋼,6.7,★☆☆☆☆,0.0,0.0,0.0,0.0,6.7,0.0,0.0,0.0,,,0.0,-3.8,1.8,4.7,1973,2045.0,2.4,0.1,239,MA上昇配列
5461,中部鋼鈑,鉄鋼,6.7,★☆☆☆☆,0.0,0.0,0.0,0.0,6.7,0.0,0.0,0.0,,,0.0,-7.6,1.8,1.1,2035,2112.0,2.0,0.1,200,MA上昇配列
5449,大阪製鐵,鉄鋼,6.7,★☆☆☆☆,0.0,0.0,0.0,0.0,6.7,0.0,0.0,0.0,,,0.0,-8.2,3.3,5.0,2639,2825.0,3.9,0.1,108,MA上昇配列
9501,東京電力ホールディングス,電気・ガス業,6.7,★☆☆☆☆,0.0,0.0,0.0,0.0,6.7,0.0,0.0,0.0,,,0.0,-6.2,3.9,1.9,493,535.0999755859375,1.9,0.1,19368,MA上昇配列
1941,中電工,建設業,6.7,★☆☆☆☆,0.0,0.0,0.0,0.0,6.7,0.0,0.0,0.0,,,0.0,-3.0,1.9,1.5,4952,5150.0,0.2,0.1,452,-
1911,住友林業,建設業,6.7,★☆☆☆☆,0.0,0.0,0.0,0.0,6.7,0.0,0.0,0.0,,,0.0,-10.3,2.2,0.7,1294,1352.5,0.8,0.1,5346,MA上昇配列
8914,エリアリンク,不動産業,6.7,★☆☆☆☆,0.0,0.0,0.0,0.0,6.7,0.0,0.0,0.0,,,0.0,-12.1,3.1,0.7,890,949.0,1.8,0.1,119,MA上昇配列
6183,ベルシステム２４ホールディングス,サービス業,6.7,★☆☆☆☆,0.0,0.0,1.0,0.0,5.7,0.0,0.0,0.0,,,0.0,-3.6,1.6,3.8,1389,1434.0,3.1,0.3,425,-
5989,エイチワン,金属製品,6.7,★☆☆☆☆,0.0,0.0,1.0,0.0,5.7,0.0,0.0,0.0,,,0.0,-7.0,3.1,1.1,1449,1545.0,-0.1,0.0,310,-
1926,ライト工業,建設業,6.7,★☆☆☆☆,0.0,0.0,2.0,0.0,4.7,0.0,0.0,0.0,,,0.0,-6.2,1.5,1.3,3716,3835.0,2.1,0.1,560,-
6516,山洋電気,電気機器,6.7,★☆☆☆☆,6.7,0.0,0.0,0.0,0.0,0.0,0.0,0.0,,SK hynix,1.2,0.5,3.4,-2.7,5127,5500.0,0.0,0.1,967,SK hynix+5.4%連動(β0.23) 未反応+1.2%
9474,ゼンリン,情報・通信業,6.7,★☆☆☆☆,0.0,0.0,0.0,0.0,6.7,0.0,0.0,0.0,,,0.0,-11.0,1.1,1.5,892,913.0,1.6,0.3,203,MA上昇配列
1975,朝日工業社,建設業,6.7,★☆☆☆☆,0.0,0.0,2.0,0.0,4.7,0.0,0.0,0.0,,,0.0,0.4,3.5,1.9,3661,3935.0,3.0,0.1,389,-
6005,三浦工業,機械,6.7,★☆☆☆☆,0.0,0.0,2.0,0.0,4.7,0.0,0.0,0.0,,,0.0,-3.9,2.9,2.3,3058,3243.0,6.0,0.0,1450,-
1951,エクシオグループ,建設業,6.7,★☆☆☆☆,0.0,0.0,2.0,0.0,4.7,0.0,0.0,0.0,,,0.0,-6.9,2.3,0.7,2512,2634.5,3.4,0.0,1564,-
3196,ホットランドホールディングス,小売業,6.7,★☆☆☆☆,0.0,0.0,0.0,0.0,6.7,0.0,0.0,0.0,,,0.0,-8.7,1.5,1.1,1604,1653.0,-1.3,0.1,188,MA上昇配列
6433,ヒーハイスト,機械,6.7,★☆☆☆☆,0.0,0.0,2.0,0.0,4.7,0.0,0.0,0.0,,,0.0,20.9,6.4,8.4,921,1055.0,0.0,0.1,129,-
7564,ワークマン,小売業,6.7,★☆☆☆☆,0.0,0.0,2.0,0.0,4.7,0.0,0.0,0.0,,,0.0,-0.5,2.9,2.0,5856,6220.0,-1.3,0.1,2613,-
4587,ペプチドリーム,医薬品,6.7,★☆☆☆☆,0.0,0.0,2.0,0.0,4.7,0.0,0.0,0.0,,,0.0,10.8,4.3,10.4,1016,1112.5,1.0,0.1,1109,-
9715,トランス・コスモス,サービス業,6.7,★☆☆☆☆,0.0,0.0,0.0,0.0,6.7,0.0,0.0,0.0,,,0.0,-11.6,1.4,0.9,3617,3725.0,1.6,0.0,325,-
3661,エムアップホールディングス,情報・通信業,6.5,★☆☆☆☆,0.0,0.0,1.0,0.0,5.5,0.0,0.0,0.0,,,0.0,-2.5,3.6,3.5,777,837.0,-2.3,0.1,490,MA上昇配列
2897,日清食品ホールディングス,食料品,6.5,★☆☆☆☆,0.0,0.0,1.0,0.0,5.5,0.0,0.0,0.0,,,0.0,-10.3,2.2,0.7,2851,2980.0,-0.6,0.0,4864,MA上昇配列
4194,ビジョナル,情報・通信業,6.5,★☆☆☆☆,0.0,0.0,1.0,0.0,5.5,0.0,0.0,0.0,,,0.0,-6.6,2.9,2.9,8758,9291.0,-0.3,0.1,1762,MA上昇配列
5011,ニチレキグループ,石油・石炭製品,6.5,★☆☆☆☆,0.0,0.0,1.0,0.0,5.5,0.0,0.0,0.0,,,0.0,-5.7,2.6,1.4,2182,2299.0,-3.4,0.1,142,MA上昇配列
9543,静岡ガス,電気・ガス業,6.5,★☆☆☆☆,0.0,0.0,0.0,0.0,6.5,0.0,0.0,0.0,,,0.0,-6.0,1.6,2.7,1252,1294.0,1.5,0.2,229,MA上昇配列 / RSI過熱(87)⚠
5741,ＵＡＣＪ,非鉄金属,6.5,★☆☆☆☆,2.8,0.0,0.0,0.0,3.7,0.0,0.0,0.0,,SK hynix,-4.9,2.7,4.4,0.6,2166,2376.0,4.8,0.1,2567,SK hynix+5.4%連動(β0.20)
7226,極東開発工業,輸送用機器,6.5,★☆☆☆☆,0.0,0.0,1.0,0.0,5.5,0.0,0.0,0.0,,,0.0,-7.0,1.4,1.1,2301,2365.0,1.0,0.1,425,MA上昇配列
3539,ＪＭホールディングス,小売業,6.5,★☆☆☆☆,0.0,0.0,0.0,0.0,6.5,0.0,0.0,0.0,,,0.0,0.3,1.7,6.4,1456,1507.0,2.3,0.1,278,MA上昇配列
9697,カプコン,情報・通信業,6.5,★☆☆☆☆,0.0,0.0,0.0,0.0,6.5,0.0,0.0,0.0,,,0.0,-6.6,3.4,5.6,3936,4227.0,0.9,0.1,10808,MA上昇配列
9672,東京都競馬,サービス業,6.5,★☆☆☆☆,0.0,0.0,0.0,0.0,6.5,0.0,0.0,0.0,,,0.0,-6.5,1.5,1.1,4927,5080.0,-0.2,0.0,317,MA上昇配列
9946,ミニストップ,小売業,6.5,★☆☆☆☆,0.0,0.0,0.0,0.0,6.5,0.0,0.0,0.0,,,0.0,-7.0,0.7,1.5,1848,1873.0,1.4,0.5,109,MA上昇配列 / RSI過熱(86)⚠
3850,エヌ・ティ・ティ・データ・イントラマート,情報・通信業,6.5,★☆☆☆☆,0.0,0.0,1.0,0.0,5.5,0.0,0.0,0.0,,,0.0,6.7,2.9,4.7,3200,3395.0,1.2,0.1,123,MA上昇配列
2726,パルグループホールディングス,小売業,6.5,★☆☆☆☆,0.0,0.0,1.0,0.0,5.5,0.0,0.0,0.0,,,0.0,-8.7,2.4,0.8,1434,1505.0,-1.8,0.1,971,MA上昇配列
6417,ＳＡＮＫＹＯ,機械,6.5,★☆☆☆☆,0.0,0.0,1.0,0.0,5.5,0.0,0.0,0.0,,,0.0,-3.6,1.9,4.7,1903,1978.5,3.6,0.1,1838,MA上昇配列
2733,あらた,卸売業,6.5,★☆☆☆☆,0.0,0.0,1.0,0.0,5.5,0.0,0.0,0.0,,,0.0,-5.7,1.3,4.3,2660,2730.0,2.7,0.0,207,MA上昇配列 / RSI過熱(89)⚠
7595,アルゴグラフィックス,情報・通信業,6.5,★☆☆☆☆,0.0,0.0,0.0,0.0,6.5,0.0,0.0,0.0,,,0.0,-10.8,1.7,0.5,1287,1332.0,-0.8,0.1,280,MA上昇配列
9416,ビジョン,情報・通信業,6.5,★☆☆☆☆,0.0,0.0,1.0,0.0,5.5,0.0,0.0,0.0,,,0.0,-7.1,1.9,0.9,1003,1043.0,-1.5,0.3,332,MA上昇配列
9069,センコーグループホールディングス,陸運業,6.5,★☆☆☆☆,0.0,0.0,2.0,0.0,4.5,0.0,0.0,0.0,,,0.0,-7.3,2.3,-0.3,2142,2244.5,-2.1,0.1,949,-
3139,ラクト・ジャパン,卸売業,6.5,★☆☆☆☆,0.0,0.0,0.0,0.0,6.5,0.0,0.0,0.0,,,0.0,-8.5,1.3,1.8,3355,3445.0,0.6,0.1,129,MA上昇配列 / RSI過熱(90)⚠
9022,東海旅客鉄道,陸運業,6.5,★☆☆☆☆,0.0,0.0,0.0,0.0,6.5,0.0,0.0,0.0,,,0.0,-13.8,1.8,0.4,3787,3932.0,1.7,0.1,9321,MA上昇配列
9025,鴻池運輸,陸運業,6.5,★☆☆☆☆,0.0,0.0,0.0,0.0,6.5,0.0,0.0,0.0,,,0.0,-9.2,1.7,0.7,2845,2944.0,0.9,0.0,281,MA上昇配列
3397,トリドールホールディングス,小売業,6.5,★☆☆☆☆,0.0,0.0,0.0,0.0,6.5,0.0,0.0,0.0,,,0.0,-12.3,2.3,1.4,4125,4320.0,1.4,0.2,1386,MA上昇配列
9003,相鉄ホールディングス,陸運業,6.5,★☆☆☆☆,0.0,0.0,0.0,0.0,6.5,0.0,0.0,0.0,,,0.0,-9.5,1.5,2.1,2548,2629.0,1.8,0.1,837,MA上昇配列 / RSI過熱(86)⚠
3676,デジタルハーツホールディングス,情報・通信業,6.5,★☆☆☆☆,0.0,0.0,4.0,0.0,5.5,0.0,0.0,-3.0,,,0.0,30.5,2.2,15.6,1013,1059.0,-0.1,0.1,413,資金流入増 / MA上昇配列 / RSI過熱(99)⚠ / 伸びすぎ注意(25MA+16%)
2160,ジーエヌアイグループ,医薬品,6.4,★☆☆☆☆,0.0,0.0,2.0,0.0,4.2,0.0,0.2,0.0,,,0.0,13.7,5.1,2.9,2485,2765.0,-6.2,0.1,3105,MA上昇配列 / 開示[業績予想の修正](13日前)
6925,ウシオ電機,電気機器,6.4,★☆☆☆☆,3.2,0.0,2.0,0.0,1.2,0.0,0.0,0.0,,Arista,-3.4,5.2,4.2,-0.2,3667,4003.0,3.9,0.1,1863,Arista+7.2%連動(β0.18)
4251,恵和,化学,6.4,★☆☆☆☆,5.0,0.0,1.0,0.0,0.0,0.0,0.4,0.0,,SK hynix,0.5,-8.0,2.2,-2.8,1140,1192.0,1.0,0.1,137,SK hynix+5.4%連動(β0.25) 未反応+0.5% / 開示[業績予想の修正](13日前) / 開示[自己株式取得](13日前)
7138,ＴＯＲＩＣＯ,小売業,6.300000000000001,★☆☆☆☆,0.0,0.0,5.3,0.0,6.0,0.0,0.0,-5.0,,,0.0,35.4,9.2,26.3,144,176.0,23.1,0.7,344,買い出来高優勢 / 資金流入増 / 過熱⚠25MA+26%
4813,ＡＣＣＥＳＳ,情報・通信業,6.300000000000001,★☆☆☆☆,0.0,0.0,5.3,0.0,6.0,0.0,0.0,-5.0,,,0.0,32.6,7.0,20.2,411,477.0,6.7,0.1,507,買い出来高優勢 / 資金流入増 / 過熱⚠25MA+20%
3103,ユニチカ,繊維製品,6.300000000000001,★☆☆☆☆,0.0,0.0,5.3,0.0,6.0,0.0,0.0,-5.0,,,0.0,86.7,11.5,24.9,1133,1472.0,-3.2,0.1,24687,買い出来高優勢 / 資金流入増 / 過熱⚠25MA+25%
6480,日本トムソン,機械,6.3,★☆☆☆☆,3.8,0.0,0.0,0.0,2.5,0.0,0.0,0.0,,SK hynix,-5.0,11.1,6.0,0.8,1598,1815.0,5.2,0.1,2338,SK hynix+5.4%連動(β0.28)
1814,大末建設,建設業,6.2,★☆☆☆☆,0.0,0.0,1.0,0.0,5.2,0.0,0.0,0.0,,,0.0,-0.3,2.3,2.1,3531,3705.0,3.1,0.1,347,MA上昇配列
3498,霞ヶ関キャピタル,不動産業,6.2,★☆☆☆☆,0.0,0.0,2.0,0.0,4.2,0.0,0.0,0.0,,,0.0,1.9,3.5,3.9,7436,7990.0,-0.1,0.6,2752,MA上昇配列
7701,島津製作所,精密機器,6.2,★☆☆☆☆,0.0,0.0,1.0,0.0,5.2,0.0,0.0,0.0,,,0.0,-6.2,2.2,0.4,3955,4141.0,1.0,0.1,3438,MA上昇配列
4324,電通グループ,サービス業,6.2,★☆☆☆☆,0.0,0.0,0.0,0.0,6.2,0.0,0.0,0.0,,,0.0,-13.3,3.6,0.4,3350,3611.0,0.8,0.0,5214,MA上昇配列 / パーフェクトオーダー
4432,ウイングアーク１ｓｔ,情報・通信業,6.2,★☆☆☆☆,0.0,0.0,1.0,0.0,5.2,0.0,0.0,0.0,,,0.0,-2.0,2.1,6.5,3231,3375.0,1.7,1.1,626,MA上昇配列
4434,サーバーワークス,情報・通信業,6.2,★☆☆☆☆,0.0,0.0,0.0,0.0,6.2,0.0,0.0,0.0,,,0.0,-2.8,3.6,4.1,2282,2460.0,-2.3,0.0,124,MA上昇配列 / パーフェクトオーダー
368A,北里,精密機器,6.2,★☆☆☆☆,0.0,0.0,2.0,0.0,4.2,0.0,0.0,0.0,,,0.0,1.0,2.9,1.2,1407,1495.0,-3.9,0.0,203,MA上昇配列
268A,リガク・ホールディングス,精密機器,6.2,★☆☆☆☆,6.2,0.0,0.0,0.0,0.0,0.0,0.0,0.0,,Lumentum,0.9,-12.9,7.4,-13.9,1455,1708.0,-3.4,0.1,5429,Lumentum+8.3%連動(β0.16) 未反応+0.9%
5574,ＡＢＥＪＡ,情報・通信業,6.2,★☆☆☆☆,0.0,0.0,2.0,0.0,4.2,0.0,0.0,0.0,,,0.0,3.6,4.7,5.3,2604,2876.0,-1.2,0.2,345,MA上昇配列
4183,三井化学,化学,6.2,★☆☆☆☆,0.0,0.0,3.3,0.0,2.2,0.0,0.7,0.0,,,0.0,-5.8,2.3,-0.3,2050,2151.5,1.8,0.1,4460,買い出来高優勢 / 開示[買収](10日前)
8771,イー・ギャランティ,その他金融業,6.2,★☆☆☆☆,0.0,0.0,0.0,0.0,6.2,0.0,0.0,0.0,,,0.0,-8.4,1.8,0.0,1779,1844.0,-0.3,0.1,208,MA上昇配列 / パーフェクトオーダー
6753,シャープ,電気機器,6.2,★☆☆☆☆,0.0,0.0,2.0,0.0,4.2,0.0,0.0,0.0,,,0.0,-5.5,3.9,1.8,591,642.0,0.7,0.1,2251,MA上昇配列
4058,トヨクモ,情報・通信業,6.2,★☆☆☆☆,0.0,0.0,2.0,0.0,4.2,0.0,0.0,0.0,,,0.0,-6.6,4.4,1.5,2175,2384.0,-3.3,0.1,119,資金流入増 / MA上昇配列 / 開示[業績予想の修正](14日前)
3861,王子ホールディングス,パルプ・紙,6.2,★☆☆☆☆,0.0,0.0,0.0,0.0,6.2,0.0,0.0,0.0,,,0.0,-8.2,1.6,0.9,852,881.0,2.3,0.1,3086,MA上昇配列
7943,ニチハ,ガラス・土石製品,6.2,★☆☆☆☆,0.0,0.0,1.0,0.0,5.2,0.0,0.0,0.0,,,0.0,-5.9,2.0,1.1,3036,3160.0,2.6,0.5,200,MA上昇配列
6707,サンケン電気,電気機器,6.1,★☆☆☆☆,6.1,0.0,0.0,0.0,0.0,0.0,0.0,0.0,,Arista,0.4,-12.4,5.2,-9.0,6749,7526.0,-0.7,0.1,1380,Arista+7.2%連動(β0.28)
2326,デジタルアーツ,情報・通信業,6.1,★☆☆☆☆,0.0,0.0,2.0,0.0,3.0,0.0,1.1,0.0,,,0.0,-0.9,3.1,0.8,4125,4400.0,-0.6,0.0,688,MA上昇配列 / 開示[自己株式の取得](9日前)
6145,ＮＩＴＴＯＫＵ,機械,6.1,★☆☆☆☆,2.6,0.0,2.0,0.0,1.5,0.0,0.0,0.0,,SK hynix,-4.1,-3.4,4.2,-0.3,2309,2523.0,7.1,0.1,347,SK hynix+5.4%連動(β0.19)
4547,キッセイ薬品工業,医薬品,6.0,★☆☆☆☆,0.0,0.0,1.0,0.0,5.0,0.0,0.0,0.0,,,0.0,-11.7,1.8,-0.1,3964,4110.0,-0.1,0.1,297,-
9956,バローホールディングス,小売業,6.0,★☆☆☆☆,0.0,0.0,0.0,0.0,6.0,0.0,0.0,0.0,,,0.0,-9.4,2.0,2.4,3185,3320.0,2.2,0.1,707,-
9270,バリュエンスホールディングス,卸売業,6.0,★☆☆☆☆,0.0,0.0,0.0,0.0,6.0,0.0,0.0,0.0,,,0.0,7.1,3.5,5.0,1942,2089.0,-2.8,0.4,130,-
2585,ライフドリンク　カンパニー,食料品,6.0,★☆☆☆☆,0.0,0.0,0.0,0.0,6.0,0.0,0.0,0.0,,,0.0,-1.2,6.0,3.0,1397,1587.0,-2.5,0.1,1131,-
6278,ユニオンツール,機械,6.0,★☆☆☆☆,4.5,0.0,0.0,0.0,1.5,0.0,0.0,0.0,,SK hynix,-3.2,5.0,7.3,-5.5,12963,15180.0,1.9,0.1,5322,SK hynix+5.4%連動(β0.33)
1419,タマホーム,建設業,6.0,★☆☆☆☆,0.0,0.0,0.0,0.0,6.0,0.0,0.0,0.0,,,0.0,-8.8,1.6,1.4,2939,3035.0,1.2,0.2,252,-
6104,芝浦機械,機械,6.0,★☆☆☆☆,0.0,0.0,0.0,0.0,6.0,0.0,0.0,0.0,,,0.0,-9.2,2.9,2.4,4160,4415.0,2.9,0.1,786,-
9708,帝国ホテル,サービス業,6.0,★☆☆☆☆,0.0,0.0,0.0,0.0,6.0,0.0,0.0,0.0,,,0.0,-6.6,1.1,0.6,977,999.0,-0.7,0.1,145,-
1417,ミライト・ワン,建設業,6.0,★☆☆☆☆,0.0,0.0,0.0,0.0,6.0,0.0,0.0,0.0,,,0.0,-5.2,1.9,2.5,3488,3625.0,3.0,0.1,939,-
9987,スズケン,卸売業,6.0,★☆☆☆☆,0.0,0.0,0.0,0.0,6.0,0.0,0.0,0.0,,,0.0,-12.1,2.0,0.4,4877,5085.0,-0.9,0.1,755,-
1720,東急建設,建設業,6.0,★☆☆☆☆,0.0,0.0,1.0,0.0,5.0,0.0,0.0,0.0,,,0.0,-5.3,1.7,1.8,1133,1173.0,2.2,0.0,401,-
2432,ディー・エヌ・エー,情報・通信業,6.0,★☆☆☆☆,0.0,0.0,0.0,0.0,6.0,0.0,0.0,0.0,,,0.0,-6.1,2.3,2.8,2439,2554.5,2.1,0.1,2600,-
5471,大同特殊鋼,鉄鋼,6.0,★☆☆☆☆,2.8,0.0,2.0,0.0,1.2,0.0,0.0,0.0,,SK hynix,-2.6,0.5,3.5,-0.4,2146,2310.0,-0.4,0.1,2384,SK hynix+5.4%連動(β0.21)
219A,Ｈｅａｒｔｓｅｅｄ,医薬品,6.0,★☆☆☆☆,0.0,0.0,4.3,0.0,6.7,0.0,0.0,-5.0,,,0.0,36.0,5.4,21.4,2082,2337.0,2.8,0.1,659,買い出来高優勢 / MA上昇配列 / 過熱⚠25MA+21%
543A,ＡＲＣＨＩＯＮ,輸送用機器,6.0,★☆☆☆☆,0.0,0.0,2.0,0.0,4.0,0.0,0.0,0.0,,,0.0,-8.3,3.5,-0.5,256,275.0,-0.4,0.1,7145,-
5208,有沢製作所,化学,6.0,★☆☆☆☆,0.0,0.0,0.0,0.0,6.0,0.0,0.0,0.0,,,0.0,9.0,4.2,1.4,2418,2641.0,1.9,0.2,657,MA上昇配列 / パーフェクトオーダー
7012,川崎重工業,輸送用機器,6.0,★☆☆☆☆,0.0,6.0,0.0,0.0,0.0,0.0,0.0,0.0,,,0.0,-8.8,3.7,-4.5,2421,2614.0,-2.2,0.2,30813,防衛(-2.6%)
4293,セプテーニ・ホールディングス,サービス業,6.0,★☆☆☆☆,0.0,0.0,0.0,0.0,6.0,0.0,0.0,0.0,,,0.0,-10.6,2.8,0.1,482,510.0,-1.9,0.1,168,MA上昇配列 / パーフェクトオーダー
6965,浜松ホトニクス,電気機器,6.0,★☆☆☆☆,4.0,0.0,1.0,0.0,1.0,0.0,0.0,0.0,,SK hynix,0.2,4.6,4.4,0.3,2183,2393.0,2.5,0.1,7059,SK hynix+5.4%連動(β0.25)
2875,東洋水産,食料品,6.0,★☆☆☆☆,0.0,0.0,0.0,0.0,6.0,0.0,0.0,0.0,,,0.0,-14.0,1.9,-0.3,10201,10605.0,-0.3,0.0,4780,-
2752,フジオフードグループ本社,小売業,6.0,★☆☆☆☆,0.0,0.0,0.0,0.0,6.0,0.0,0.0,0.0,,,0.0,-5.3,1.5,2.8,1114,1148.0,2.6,0.1,152,-
218A,Ｌｉｂｅｒａｗａｒｅ,精密機器,6.0,★☆☆☆☆,0.0,0.0,0.0,0.0,6.0,0.0,0.0,0.0,,,0.0,9.7,3.7,9.2,1080,1167.0,3.7,0.4,171,-
1930,北陸電気工事,建設業,6.0,★☆☆☆☆,0.0,0.0,0.0,0.0,6.0,0.0,0.0,0.0,,,0.0,-0.5,1.9,2.1,1494,1554.0,1.6,0.1,121,-
3854,アイル,情報・通信業,6.0,★☆☆☆☆,0.0,0.0,0.0,0.0,6.0,0.0,0.0,0.0,,,0.0,-2.6,2.8,3.7,2278,2412.0,-3.4,0.0,245,-
2395,新日本科学,サービス業,6.0,★☆☆☆☆,0.0,0.0,3.0,0.0,3.0,0.0,0.0,0.0,,,0.0,-2.2,3.1,0.3,1303,1390.0,-5.2,0.1,375,MA上昇配列
4151,協和キリン,医薬品,6.0,★☆☆☆☆,0.0,0.0,2.0,0.0,4.0,0.0,0.0,0.0,,,0.0,-11.2,1.9,-0.0,2480,2577.5,-1.8,0.1,2683,-
4516,日本新薬,医薬品,6.0,★☆☆☆☆,0.0,0.0,2.0,0.0,4.0,0.0,0.0,0.0,,,0.0,-5.1,2.1,-0.8,3447,3600.0,-2.6,0.1,1714,-
6136,オーエスジー,機械,6.0,★☆☆☆☆,0.0,0.0,0.0,0.0,6.0,0.0,0.0,0.0,,,0.0,-1.8,3.2,0.2,3553,3794.0,3.3,0.1,1264,MA上昇配列 / パーフェクトオーダー
6594,ニデック,電気機器,5.9,★☆☆☆☆,5.9,0.0,0.0,0.0,0.0,0.0,0.0,0.0,,Microsoft,1.1,-4.2,3.3,-1.3,2453,2625.0,0.2,0.2,8735,Microsoft+2.7%連動(β0.38) 未反応+1.1%
4462,石原ケミカル,化学,5.9,★☆☆☆☆,5.9,0.0,0.0,0.0,0.0,0.0,0.0,0.0,,SK hynix,1.0,5.5,3.7,-1.0,2776,3000.0,-1.5,0.0,137,SK hynix+5.4%連動(β0.21) 未反応+1.0%
4182,三菱瓦斯化学,化学,5.9,★☆☆☆☆,3.4,0.0,1.0,0.0,1.5,0.0,0.0,0.0,,SK hynix,-0.1,-4.8,4.8,-5.3,3514,3885.0,0.7,0.1,7787,SK hynix+5.4%連動(β0.25)
6677,エスケーエレクトロニクス,電気機器,5.9,★☆☆☆☆,2.9,0.0,2.0,0.0,1.0,0.0,0.0,0.0,,SK hynix,-0.6,-8.8,3.7,-5.5,2991,3230.0,2.2,0.1,361,SK hynix+5.4%連動(β0.22) / 資金流入増
6703,沖電気工業,電気機器,5.9,★☆☆☆☆,3.2,0.0,0.0,0.0,2.7,0.0,0.0,0.0,,SK hynix,-4.2,-11.3,3.7,-2.4,2625,2833.0,5.3,0.1,2352,SK hynix+5.4%連動(β0.24)
4369,トリケミカル研究所,化学,5.8,★☆☆☆☆,5.8,0.0,0.0,0.0,0.0,0.0,0.0,0.0,,SK hynix,-0.2,6.8,4.5,-0.8,2961,3250.0,0.8,0.1,1520,SK hynix+5.4%連動(β0.43)
6800,ヨコオ,電気機器,5.8,★☆☆☆☆,4.3,0.0,0.0,0.0,1.5,0.0,0.0,0.0,,SK hynix,-0.9,4.3,6.1,-3.1,3464,3950.0,0.6,0.1,877,SK hynix+5.4%連動(β0.32)
8411,みずほフィナンシャルグループ,銀行業,5.7,★☆☆☆☆,2.7,0.0,1.0,0.0,2.0,0.0,0.0,0.0,,SK hynix,-0.8,-4.6,2.5,-0.9,7848,8264.0,2.2,0.1,69842,SK hynix+5.4%連動(β0.20)
2206,江崎グリコ,食料品,5.7,★☆☆☆☆,0.0,0.0,0.0,0.0,5.7,0.0,0.0,0.0,,,0.0,-7.6,1.7,2.4,5063,5240.0,1.0,0.0,1174,-
6841,横河電機,電気機器,5.7,★☆☆☆☆,2.7,0.0,2.0,0.0,1.0,0.0,0.0,0.0,,SK hynix,-2.5,-13.4,3.3,-5.3,4839,5178.0,1.3,0.1,6767,SK hynix+5.4%連動(β0.20)
4320,ＣＥホールディングス,情報・通信業,5.7,★☆☆☆☆,0.0,0.0,2.0,0.0,3.7,0.0,0.0,0.0,,,0.0,-9.5,0.5,-1.3,1635,1653.0,-0.9,0.0,280,資金流入増
3099,三越伊勢丹ホールディングス,小売業,5.7,★☆☆☆☆,0.0,0.0,1.0,0.0,4.7,0.0,0.0,0.0,,,0.0,-7.8,3.3,0.1,3349,3583.0,1.5,0.1,10037,開示[自己株式取得](14日前)
7731,ニコン,精密機器,5.7,★☆☆☆☆,0.0,0.0,2.0,0.0,3.7,0.0,0.0,0.0,,,0.0,-5.8,3.3,-1.4,1842,1973.0,0.4,0.1,3476,-
3687,フィックスターズ,情報・通信業,5.7,★☆☆☆☆,0.0,0.0,2.0,0.0,3.7,0.0,0.0,0.0,,,0.0,5.3,4.5,1.4,2009,2208.0,1.6,0.1,1145,-
3092,ＺＯＺＯ,小売業,5.7,★☆☆☆☆,0.0,0.0,0.0,0.0,5.7,0.0,0.0,0.0,,,0.0,-13.0,2.0,0.0,1100,1145.0,1.7,0.1,3200,MA上昇配列
6492,岡野バルブ製造,機械,5.7,★☆☆☆☆,0.0,0.0,2.0,0.0,3.7,0.0,0.0,0.0,,,0.0,14.6,6.3,3.3,12726,14570.0,-0.3,0.1,299,-
6113,アマダ,機械,5.7,★☆☆☆☆,4.7,0.0,0.0,0.0,1.0,0.0,0.0,0.0,,SK hynix,0.6,-6.8,4.2,-4.2,2397,2619.5,-0.2,0.1,6188,SK hynix+5.4%連動(β0.22) 未反応+0.6%
6597,ＨＰＣシステムズ,電気機器,5.7,★☆☆☆☆,0.0,0.0,2.0,0.0,3.7,0.0,0.0,0.0,,,0.0,8.6,5.9,2.8,3096,3510.0,1.6,0.2,260,-
6838,多摩川ホールディングス,電気機器,5.7,★☆☆☆☆,0.0,0.0,2.0,0.0,3.7,0.0,0.0,0.0,,,0.0,13.3,5.2,1.7,1295,1445.0,-1.0,0.1,293,-
9369,キユーソー流通システム,倉庫・運輸関連業,5.7,★☆☆☆☆,0.0,0.0,0.0,0.0,5.7,0.0,0.0,0.0,,,0.0,2.3,2.5,5.1,3009,3165.0,0.5,0.1,125,-
5137,スマートドライブ,情報・通信業,5.699999999999999,★☆☆☆☆,0.0,0.0,2.0,0.0,6.7,0.0,0.0,-3.0,,,0.0,28.4,5.9,18.2,260,294.0,-1.0,0.2,111,MA上昇配列 / 伸びすぎ注意(25MA+18%)
3433,トーカロ,金属製品,5.6,★☆☆☆☆,3.6,0.0,1.0,0.0,1.0,0.0,0.0,0.0,,SK hynix,-0.2,-1.6,2.7,-2.9,2657,2809.0,-0.7,0.0,843,SK hynix+5.4%連動(β0.26)
6961,エンプラス,電気機器,5.6,★☆☆☆☆,5.6,0.0,0.0,0.0,0.0,0.0,0.0,0.0,,Lumentum,-0.5,-10.7,6.9,-6.5,8966,10410.0,2.2,0.1,2529,Lumentum+8.3%連動(β0.27)
6941,山一電機,電気機器,5.6,★☆☆☆☆,5.6,0.0,0.0,0.0,0.0,0.0,0.0,0.0,,SK hynix,-1.6,3.3,6.2,-3.4,7144,8160.0,1.9,0.1,3644,SK hynix+5.4%連動(β0.41)
4569,杏林製薬,医薬品,5.5,★☆☆☆☆,0.0,0.0,2.0,0.0,3.5,0.0,0.0,0.0,,,0.0,-10.0,1.9,2.8,1130,1175.0,0.8,0.1,275,RSI過熱(86)⚠
9663,ナガワ,サービス業,5.5,★☆☆☆☆,0.0,0.0,0.0,0.0,5.5,0.0,0.0,0.0,,,0.0,-7.3,1.7,0.3,4989,5160.0,0.8,0.7,102,MA上昇配列
146A,コロンビア・ワークス,不動産業,5.5,★☆☆☆☆,0.0,0.0,0.0,0.0,5.5,0.0,0.0,0.0,,,0.0,9.6,4.9,4.9,3254,3610.0,-5.7,0.0,221,MA上昇配列
4064,日本カーバイド工業,化学,5.5,★☆☆☆☆,0.0,0.0,1.0,0.0,4.5,0.0,0.0,0.0,,,0.0,2.8,3.4,1.9,3166,3400.0,0.7,0.0,264,-
3765,ガンホー・オンライン・エンターテイメント,情報・通信業,5.5,★☆☆☆☆,0.0,0.0,0.0,0.0,5.5,0.0,0.0,0.0,,,0.0,-10.1,2.3,0.8,2326,2438.0,-1.8,0.1,573,MA上昇配列
4966,上村工業,化学,5.5,★☆☆☆☆,3.8,0.0,0.0,0.0,0.0,0.0,1.7,0.0,,SK hynix,-0.4,-9.2,5.0,-8.6,17737,19690.0,-2.4,0.1,1912,SK hynix+5.4%連動(β0.28) / 開示[自己株式の取得](6日前)
9533,東邦瓦斯,電気・ガス業,5.5,★☆☆☆☆,0.0,0.0,1.0,0.0,4.5,0.0,0.0,0.0,,,0.0,-7.2,1.7,3.0,1178,1218.0,1.1,0.1,1010,RSI過熱(92)⚠
6339,新東工業,機械,5.5,★☆☆☆☆,0.0,0.0,0.0,0.0,5.5,0.0,0.0,0.0,,,0.0,1.2,2.6,2.6,1166,1229.0,0.0,0.1,123,-
4661,オリエンタルランド,サービス業,5.5,★☆☆☆☆,0.0,0.0,0.0,0.0,5.5,0.0,0.0,0.0,,,0.0,-6.4,2.4,3.0,2891,3034.0,2.0,0.1,18590,MA上昇配列
6200,インソース,サービス業,5.5,★☆☆☆☆,0.0,0.0,0.0,0.0,5.5,0.0,0.0,0.0,,,0.0,-10.9,1.9,1.1,712,740.0,-0.3,0.1,356,MA上昇配列
3626,ＴＩＳＩ,情報・通信業,5.5,★☆☆☆☆,0.0,0.0,0.0,0.0,5.5,0.0,0.0,0.0,,,0.0,-8.8,2.4,2.6,3668,3850.0,0.3,0.1,3153,MA上昇配列
6140,旭ダイヤモンド工業,機械,5.5,★☆☆☆☆,0.0,0.0,2.0,0.0,3.5,0.0,0.0,0.0,,,0.0,11.2,4.7,3.9,1118,1234.0,4.3,0.1,848,-
4716,日本オラクル,情報・通信業,5.5,★☆☆☆☆,0.0,0.0,0.0,0.0,5.5,0.0,0.0,0.0,,,0.0,-2.7,2.5,2.7,8840,9297.0,-0.9,0.1,2325,MA上昇配列
6706,電気興業,電気機器,5.5,★☆☆☆☆,0.0,0.0,0.0,0.0,5.5,0.0,0.0,0.0,,,0.0,4.3,2.7,3.6,3152,3330.0,1.7,0.0,108,-
4523,エーザイ,医薬品,5.5,★☆☆☆☆,0.0,0.0,0.0,0.0,5.5,0.0,0.0,0.0,,,0.0,-11.8,2.4,0.6,4606,4838.0,-2.5,0.1,6446,MA上昇配列
6455,モリタホールディングス,輸送用機器,5.5,★☆☆☆☆,0.0,0.0,1.0,0.0,4.5,0.0,0.0,0.0,,,0.0,-7.4,1.5,4.2,2460,2534.0,4.7,0.1,175,RSI過熱(85)⚠
6273,ＳＭＣ,機械,5.5,★☆☆☆☆,4.5,0.0,0.0,0.0,1.0,0.0,0.0,0.0,,SK hynix,0.3,4.2,4.7,-1.0,65154,71870.0,1.7,0.0,22933,SK hynix+5.4%連動(β0.26)
1909,日本ドライケミカル,機械,5.5,★☆☆☆☆,0.0,0.0,0.0,0.0,5.5,0.0,0.0,0.0,,,0.0,-6.2,0.2,0.2,3689,3705.0,0.1,0.1,344,-
4848,フルキャストホールディングス,サービス業,5.5,★☆☆☆☆,0.0,0.0,0.0,0.0,5.5,0.0,0.0,0.0,,,0.0,-1.2,2.3,5.3,1782,1869.0,-0.8,0.1,193,MA上昇配列 / RSI過熱(86)⚠
6988,日東電工,化学,5.4,★☆☆☆☆,0.0,0.0,2.0,0.0,1.0,0.0,2.4,0.0,,,0.0,-10.3,2.3,-0.7,3259,3416.0,-0.7,0.1,9480,開示[自己株式の取得](3日前)
6479,ミネベアミツミ,電気機器,5.4,★☆☆☆☆,4.4,0.0,1.0,0.0,0.0,0.0,0.0,0.0,,Arista,0.2,-10.2,3.3,-6.6,3188,3413.0,-0.1,0.1,10979,Arista+7.2%連動(β0.22)
5121,藤倉コンポジット,ゴム製品,5.3,★☆☆☆☆,0.0,0.0,3.3,0.0,2.0,0.0,0.0,0.0,,,0.0,1.8,2.9,-0.5,2479,2634.0,-4.7,0.0,270,買い出来高優勢
6754,アンリツ,電気機器,5.2,★☆☆☆☆,2.7,0.0,1.0,0.0,1.5,0.0,0.0,0.0,,SK hynix,-2.5,-6.6,4.0,-4.0,3161,3434.0,2.2,0.1,5604,SK hynix+5.4%連動(β0.20)
6946,日本アビオニクス,電気機器,5.2,★☆☆☆☆,0.0,0.0,1.0,0.0,4.2,0.0,0.0,0.0,,,0.0,16.7,5.1,5.1,5249,5840.0,5.0,0.1,1094,MA上昇配列
5406,神戸製鋼所,鉄鋼,5.2,★☆☆☆☆,0.0,0.0,0.0,0.0,5.2,0.0,0.0,0.0,,,0.0,-8.0,1.7,0.9,1973,2042.0,1.6,0.1,4128,MA上昇配列
6652,ＩＤＥＣ,電気機器,5.2,★☆☆☆☆,0.0,0.0,3.0,0.0,2.2,0.0,0.0,0.0,,,0.0,3.5,3.0,-0.1,3355,3570.0,-2.6,0.0,542,-
5947,リンナイ,金属製品,5.2,★☆☆☆☆,0.0,0.0,0.0,0.0,5.2,0.0,0.0,0.0,,,0.0,-11.1,1.7,0.1,3485,3607.0,1.1,0.0,1286,MA上昇配列
5351,品川リフラ,ガラス・土石製品,5.2,★☆☆☆☆,0.0,0.0,0.0,0.0,5.2,0.0,0.0,0.0,,,0.0,-5.6,1.8,1.5,2024,2101.0,2.4,0.0,255,MA上昇配列
5110,住友ゴム工業,ゴム製品,5.2,★☆☆☆☆,0.0,0.0,0.0,0.0,5.2,0.0,0.0,0.0,,,0.0,-7.3,2.9,0.0,2170,2304.0,0.3,0.1,5229,MA上昇配列
6877,ＯＢＡＲＡ　ＧＲＯＵＰ,電気機器,5.2,★☆☆☆☆,0.0,0.0,2.0,0.0,3.2,0.0,0.0,0.0,,,0.0,-0.3,2.3,0.3,5560,5830.0,-0.7,0.1,254,-
2502,アサヒグループホールディングス,食料品,5.2,★☆☆☆☆,0.0,0.0,0.0,0.0,5.2,0.0,0.0,0.0,,,0.0,-11.7,2.1,0.3,1612,1683.5,0.7,0.1,11516,MA上昇配列
6586,マキタ,機械,5.1,★☆☆☆☆,2.6,0.0,0.0,0.0,2.5,0.0,0.0,0.0,,Meta,-1.3,-16.1,1.8,-1.5,5134,5329.0,1.3,0.1,5254,Meta+4.8%連動(β0.22)
6617,東光高岳,電気機器,5.1,★☆☆☆☆,3.1,0.0,1.0,0.0,1.0,0.0,0.0,0.0,,SK hynix,0.0,3.1,4.5,-2.7,6627,7290.0,0.6,0.0,1229,SK hynix+5.4%連動(β0.23)
6856,堀場製作所,電気機器,5.1,★☆☆☆☆,4.1,0.0,0.0,0.0,1.0,0.0,0.0,0.0,,SK hynix,-1.5,-4.3,4.0,-4.1,22128,24030.0,1.6,0.1,6086,SK hynix+5.4%連動(β0.31)
6226,守谷輸送機工業,機械,5.0,★☆☆☆☆,0.0,0.0,1.0,0.0,4.0,0.0,0.0,0.0,,,0.0,-11.0,5.0,-3.3,1975,2193.0,-8.2,0.1,615,-
6999,ＫＯＡ,電気機器,5.0,★☆☆☆☆,4.0,0.0,1.0,0.0,0.0,0.0,0.0,0.0,,SK hynix,-3.9,5.4,5.3,-2.8,2068,2311.0,4.2,0.1,1921,SK hynix+5.4%連動(β0.30)
6866,日置電機,電気機器,5.0,★☆☆☆☆,3.0,0.0,2.0,0.0,0.0,0.0,0.0,0.0,,SK hynix,0.0,-1.2,4.1,-5.0,9991,10890.0,-2.2,0.1,581,SK hynix+5.4%連動(β0.21)
4483,ＪＭＤＣ,情報・通信業,5.0,★☆☆☆☆,0.0,0.0,2.0,0.0,3.0,0.0,0.0,0.0,,,0.0,-0.5,3.7,3.9,3201,3455.0,-0.3,0.0,1150,MA上昇配列
7270,ＳＵＢＡＲＵ,輸送用機器,5.0,★☆☆☆☆,0.0,0.0,0.0,0.0,5.0,0.0,0.0,0.0,,,0.0,-14.8,2.3,-0.2,2490,2612.5,-0.8,0.2,12413,-
6125,岡本工作機械製作所,機械,5.0,★☆☆☆☆,4.0,0.0,1.0,0.0,0.0,0.0,0.0,0.0,,SK hynix,-2.0,3.9,4.6,-0.9,4511,4965.0,1.7,0.1,337,SK hynix+5.4%連動(β0.29)
2533,オエノンホールディングス,食料品,5.0,★☆☆☆☆,0.0,0.0,1.0,0.0,4.0,0.0,0.0,0.0,,,0.0,-16.1,2.5,-1.2,447,471.0,-0.4,0.0,102,-
8031,三井物産,卸売業,5.0,★☆☆☆☆,0.0,0.0,0.0,0.0,5.0,0.0,0.0,0.0,,,0.0,-7.3,2.2,-0.0,4667,4878.0,2.2,0.1,26495,-
9413,テレビ東京ホールディングス,情報・通信業,5.0,★☆☆☆☆,0.0,0.0,0.0,0.0,5.0,0.0,0.0,0.0,,,0.0,-12.1,1.6,0.9,3359,3470.0,1.2,0.1,318,-
7412,アトム,小売業,5.0,★☆☆☆☆,0.0,0.0,0.0,0.0,5.0,0.0,0.0,0.0,,,0.0,-8.8,2.6,1.8,359,379.0,4.7,0.1,223,-
4549,栄研化学,医薬品,5.0,★☆☆☆☆,0.0,0.0,0.0,0.0,5.0,0.0,0.0,0.0,,,0.0,-13.3,2.2,0.8,2241,2345.0,-0.6,0.0,523,-
3457,Ａｎｄ　Ｄｏホールディングス,不動産業,5.0,★☆☆☆☆,0.0,0.0,0.0,0.0,5.0,0.0,0.0,0.0,,,0.0,-9.0,1.2,0.6,914,937.0,1.7,0.3,108,-
4592,サンバイオ,医薬品,5.0,★☆☆☆☆,0.0,0.0,0.0,0.0,5.0,0.0,0.0,0.0,,,0.0,4.6,4.2,2.0,916,1000.0,-4.0,0.2,596,-
7373,アイドマ・ホールディングス,サービス業,5.0,★☆☆☆☆,0.0,0.0,0.0,0.0,5.0,0.0,0.0,0.0,,,0.0,-8.0,2.8,1.0,912,965.0,0.9,0.6,110,-
4519,中外製薬,医薬品,5.0,★☆☆☆☆,0.0,0.0,0.0,0.0,5.0,0.0,0.0,0.0,,,0.0,-7.1,2.3,0.7,6708,7026.0,-1.1,0.1,16576,-
9279,ギフトホールディングス,小売業,5.0,★☆☆☆☆,0.0,0.0,1.0,0.0,2.0,0.0,2.0,0.0,,,0.0,-5.9,3.6,-1.0,4724,5090.0,1.4,0.1,466,開示[業績予想の修正](3日前)
8801,三井不動産,不動産業,5.0,★☆☆☆☆,0.0,0.0,0.0,0.0,5.0,0.0,0.0,0.0,,,0.0,-13.2,1.9,0.5,1459,1518.5,1.9,0.1,14426,-
3150,グリムス,電気・ガス業,5.0,★☆☆☆☆,0.0,0.0,0.0,0.0,5.0,0.0,0.0,0.0,,,0.0,-10.4,1.7,-0.6,2438,2522.0,-0.6,0.1,123,-
4886,あすか製薬ホールディングス,医薬品,5.0,★☆☆☆☆,0.0,0.0,0.0,0.0,5.0,0.0,0.0,0.0,,,0.0,-10.0,2.5,0.3,2038,2147.0,-3.6,0.0,231,-
9005,東急,陸運業,4.9,★☆☆☆☆,0.0,0.0,0.0,0.0,2.5,0.0,2.4,0.0,,,0.0,-17.0,1.6,-2.5,1601,1653.5,-0.4,0.1,4202,開示[自己株式の取得](3日前)
2874,横浜冷凍,卸売業,4.9,★☆☆☆☆,0.0,0.0,0.0,0.0,4.7,0.0,0.2,0.0,,,0.0,-7.8,3.9,1.4,1988,2156.0,-0.8,0.0,438,開示[業績予想の修正](13日前)
4975,ＪＣＵ,化学,4.9,★☆☆☆☆,3.4,0.0,0.0,0.0,1.5,0.0,0.0,0.0,,SK hynix,-0.3,-6.1,4.3,-4.1,5061,5540.0,1.8,0.1,691,SK hynix+5.4%連動(β0.25)
3856,Ａｂａｌａｎｃｅ,電気機器,4.9,★☆☆☆☆,0.0,0.0,2.0,0.0,2.7,0.0,0.2,0.0,,,0.0,-41.5,12.8,-23.2,237,319.0,-30.7,0.0,169,資金流入増 / 開示[自己株式の取得](13日前)
3445,ＲＳ　Ｔｅｃｈｎｏｌｏｇｉｅｓ,金属製品,4.9,★☆☆☆☆,4.9,0.0,0.0,0.0,0.0,0.0,0.0,0.0,,SK hynix,-4.6,-3.9,6.3,-6.1,5127,5860.0,5.2,0.1,1867,SK hynix+5.4%連動(β0.36)
6227,ＡＩメカテック,機械,4.8,★☆☆☆☆,4.8,0.0,0.0,0.0,0.0,0.0,0.0,0.0,,SK hynix,-4.0,8.5,7.9,-3.1,5280,6270.0,3.5,0.2,6454,SK hynix+5.4%連動(β0.36)
6908,イリソ電子工業,電気機器,4.7,★☆☆☆☆,0.0,0.0,1.0,0.0,3.7,0.0,0.0,0.0,,,0.0,-4.5,1.8,1.1,2710,2813.0,2.6,0.1,305,-
4275,カーリット,化学,4.7,★☆☆☆☆,3.2,0.0,0.0,0.0,1.5,0.0,0.0,0.0,,SK hynix,-0.5,-7.8,4.3,-3.3,1957,2140.0,1.9,0.1,486,SK hynix+5.4%連動(β0.24)
4691,ワシントンホテル,サービス業,4.7,★☆☆☆☆,0.0,0.0,1.0,0.0,3.7,0.0,0.0,0.0,,,0.0,5.0,4.9,5.7,2108,2334.0,13.0,0.0,161,-
3449,テクノフレックス,金属製品,4.7,★☆☆☆☆,3.2,0.0,0.0,0.0,1.5,0.0,0.0,0.0,,SK hynix,-2.2,-7.0,7.8,-9.6,3269,3875.0,-3.2,0.1,715,SK hynix+5.4%連動(β0.24)
4375,セーフィー,情報・通信業,4.7,★☆☆☆☆,0.0,0.0,0.0,0.0,4.7,0.0,0.0,0.0,,,0.0,-2.8,4.3,4.0,621,679.0,1.3,0.1,128,-
3395,サンマルクホールディングス,小売業,4.7,★☆☆☆☆,0.0,0.0,1.0,0.0,3.7,0.0,0.0,0.0,,,0.0,-12.1,1.4,1.1,2445,2518.0,1.6,0.1,301,-
2334,イオレ,サービス業,4.7,★☆☆☆☆,0.0,0.0,0.0,0.0,4.7,0.0,0.0,0.0,,,0.0,12.9,5.8,6.2,484,547.0,-0.4,0.1,588,-
7130,ヤマエグループホールディングス,卸売業,4.7,★☆☆☆☆,0.0,0.0,0.0,0.0,4.7,0.0,0.0,0.0,,,0.0,-6.6,1.9,0.1,2783,2895.0,-1.5,0.1,248,-
1950,日本電設工業,建設業,4.7,★☆☆☆☆,0.0,0.0,1.0,0.0,3.7,0.0,0.0,0.0,,,0.0,-4.9,2.3,1.7,3815,4000.0,3.4,0.1,463,-
7409,ＡｅｒｏＥｄｇｅ,輸送用機器,4.7,★☆☆☆☆,0.0,0.0,1.0,0.0,3.7,0.0,0.0,0.0,,,0.0,11.4,7.0,8.5,1417,1649.0,15.2,0.1,532,-
9424,日本通信,情報・通信業,4.7,★☆☆☆☆,0.0,0.0,0.0,0.0,4.7,0.0,0.0,0.0,,,0.0,-4.8,4.1,2.0,106,116.0,-2.5,0.2,243,-
7932,ニッピ,その他製品,4.7,★☆☆☆☆,0.0,0.0,1.0,0.0,3.7,0.0,0.0,0.0,,,0.0,-11.3,2.0,-0.7,11363,11830.0,1.5,0.2,110,-
4385,メルカリ,情報・通信業,4.6,★☆☆☆☆,0.0,0.0,2.0,0.0,0.0,0.0,2.6,0.0,,,0.0,-5.0,4.6,-0.1,4148,4570.0,-4.7,0.1,9405,開示[自己株式の取得](2日前)
6235,オプトラン,機械,4.6,★☆☆☆☆,4.6,0.0,0.0,0.0,0.0,0.0,0.0,0.0,,SK hynix,-0.6,-8.2,6.5,-8.9,2384,2740.0,-2.5,0.1,1445,SK hynix+5.4%連動(β0.34)
8766,東京海上ホールディングス,保険業,4.6,★☆☆☆☆,0.0,0.0,0.0,0.0,2.0,0.0,2.6,0.0,,,0.0,-15.6,2.1,-1.5,7304,7627.0,5.4,0.2,34480,開示[自己株式取得](2日前)
8151,東陽テクニカ,卸売業,4.6,★☆☆☆☆,0.0,0.0,1.0,0.0,1.0,0.0,2.6,0.0,,,0.0,-3.1,3.0,-1.1,1866,1983.0,-2.9,0.4,465,開示[自己株式の取得](2日前)
6141,ＤＭＧ森精機,機械,4.6,★☆☆☆☆,3.6,0.0,1.0,0.0,0.0,0.0,0.0,0.0,,SK hynix,-0.8,-19.1,4.1,-10.6,2811,3063.0,1.1,0.1,6823,SK hynix+5.4%連動(β0.27)
3659,ネクソン,情報・通信業,4.5,★☆☆☆☆,0.0,0.0,2.0,0.0,5.5,0.0,0.0,-3.0,,,0.0,13.7,4.4,15.7,2837,3113.0,2.1,0.1,10434,MA上昇配列 / RSI過熱(92)⚠ / 伸びすぎ注意(25MA+16%)
2810,ハウス食品グループ本社,食料品,4.5,★☆☆☆☆,0.0,0.0,0.0,0.0,4.5,0.0,0.0,0.0,,,0.0,-14.8,1.3,-1.0,3672,3770.0,0.2,0.0,899,-
8995,誠建設工業,不動産業,4.5,★☆☆☆☆,0.0,0.0,2.0,0.0,5.5,0.0,0.0,-3.0,,,0.0,49.2,19.8,15.5,911,1509.0,-11.3,0.1,461,資金流入増 / MA上昇配列 / 伸びすぎ注意(25MA+16%)
4078,堺化学工業,化学,4.4,★☆☆☆☆,2.9,0.0,0.0,0.0,1.5,0.0,0.0,0.0,,SK hynix,-2.0,-1.0,4.0,-0.0,3671,3990.0,2.2,0.1,1153,SK hynix+5.4%連動(β0.21)
6370,栗田工業,機械,4.4,★☆☆☆☆,3.4,0.0,0.0,0.0,1.0,0.0,0.0,0.0,,SK hynix,-2.4,-4.7,3.3,-2.0,7771,8328.0,3.2,0.2,5146,SK hynix+5.4%連動(β0.25)
4259,エクサウィザーズ,情報・通信業,4.3,★☆☆☆☆,0.0,0.0,2.0,0.0,1.5,0.0,0.8,0.0,,,0.0,-4.9,5.9,-2.7,673,763.0,-4.6,0.1,1254,開示[AI](7日前)
5101,横浜ゴム,ゴム製品,4.2,★☆☆☆☆,0.0,0.0,1.0,0.0,3.2,0.0,0.0,0.0,,,0.0,-7.5,4.5,-0.1,6889,7570.0,0.1,0.0,9522,-
3479,ＴＫＰ,不動産業,4.2,★☆☆☆☆,0.0,0.0,0.0,0.0,4.2,0.0,0.0,0.0,,,0.0,-9.7,2.3,0.3,1792,1878.0,-0.6,0.0,147,MA上昇配列
5411,ＪＦＥホールディングス,鉄鋼,4.2,★☆☆☆☆,0.0,0.0,0.0,0.0,4.2,0.0,0.0,0.0,,,0.0,-7.6,2.3,1.5,1762,1847.5,0.0,0.1,11613,MA上昇配列
367A,プリモグローバルホールディングス,小売業,4.2,★☆☆☆☆,0.0,0.0,0.0,0.0,4.2,0.0,0.0,0.0,,,0.0,-2.2,2.0,1.0,2673,2783.0,-1.6,0.3,143,-
2780,コメ兵ホールディングス,小売業,4.2,★☆☆☆☆,0.0,0.0,2.0,0.0,2.2,0.0,0.0,0.0,,,0.0,-4.3,4.5,-1.1,4672,5130.0,-3.4,0.0,701,資金流入増
4047,関東電化工業,化学,4.2,★☆☆☆☆,4.2,0.0,0.0,0.0,0.0,0.0,0.0,0.0,,SK hynix,-1.2,-7.6,5.7,-8.6,2122,2393.0,-0.3,0.1,2108,SK hynix+5.4%連動(β0.31)
7606,ユナイテッドアローズ,小売業,4.2,★☆☆☆☆,0.0,0.0,1.0,0.0,3.2,0.0,0.0,0.0,,,0.0,-7.8,2.6,-0.8,2353,2484.0,-4.2,0.1,538,-
5988,パイオラックス,金属製品,4.2,★☆☆☆☆,0.0,0.0,0.0,0.0,4.2,0.0,0.0,0.0,,,0.0,-7.8,1.5,1.0,1683,1735.0,1.6,0.0,142,MA上昇配列
6701,日本電気,電気機器,4.2,★☆☆☆☆,0.0,0.0,0.0,0.0,4.2,0.0,0.0,0.0,,,0.0,-4.0,3.6,0.6,4388,4729.0,-1.9,0.1,34356,MA上昇配列
6240,ヤマシンフィルタ,機械,4.2,★☆☆☆☆,0.0,0.0,0.0,0.0,4.2,0.0,0.0,0.0,,,0.0,-4.4,2.7,0.7,516,545.0,0.4,0.2,179,MA上昇配列
7383,ネットプロテクションズホールディングス,その他金融業,4.2,★☆☆☆☆,0.0,0.0,0.0,0.0,4.2,0.0,0.0,0.0,,,0.0,-1.5,4.5,3.6,417,459.0,4.8,0.1,395,MA上昇配列
6376,日機装,精密機器,4.1000000000000005,★☆☆☆☆,2.7,0.0,0.0,0.0,1.0,0.0,0.4,0.0,,SK hynix,-5.2,-3.7,6.8,-2.9,3166,3665.0,2.8,0.2,2224,SK hynix+5.4%連動(β0.20) / 開示[業績予想の修正](13日前) / 開示[増配](13日前)
6653,正興電機製作所,電気機器,4.1,★☆☆☆☆,3.1,0.0,1.0,0.0,0.0,0.0,0.0,0.0,,SK hynix,-1.0,2.4,3.1,-0.1,2056,2190.0,2.1,0.1,225,SK hynix+5.4%連動(β0.23)
4061,デンカ,化学,4.1,★☆☆☆☆,2.6,0.0,0.0,0.0,1.5,0.0,0.0,0.0,,SK hynix,-0.8,-0.8,4.3,-1.8,3144,3441.0,1.8,0.0,3094,SK hynix+5.4%連動(β0.19)
5105,ＴＯＹＯ　ＴＩＲＥ,ゴム製品,4.0,★☆☆☆☆,0.0,0.0,3.0,0.0,1.0,0.0,0.0,0.0,,,0.0,-16.5,4.0,-2.6,3541,3846.0,1.5,0.0,6302,資金流入増
2130,メンバーズ,サービス業,4.0,★☆☆☆☆,0.0,0.0,0.0,0.0,4.0,0.0,0.0,0.0,,,0.0,-21.9,2.0,-2.9,900,937.0,-1.2,0.1,110,-
4685,菱友システムズ,情報・通信業,4.0,★☆☆☆☆,0.0,0.0,0.0,0.0,4.0,0.0,0.0,0.0,,,0.0,-11.2,1.9,-0.3,2611,2715.0,0.8,0.0,105,-
8267,イオン,小売業,4.0,★☆☆☆☆,0.0,0.0,0.0,0.0,4.0,0.0,0.0,0.0,,,0.0,-11.0,2.2,-0.0,1315,1375.0,-0.8,0.4,13397,-
7181,かんぽ生命保険,保険業,4.0,★☆☆☆☆,0.0,0.0,2.0,0.0,2.0,0.0,0.0,0.0,,,0.0,-12.9,2.9,-2.1,1574,1669.5,2.1,0.1,4113,-
6745,ホーチキ,電気機器,4.0,★☆☆☆☆,0.0,0.0,2.0,0.0,2.0,0.0,0.0,0.0,,,0.0,0.9,3.9,0.2,1841,1996.0,-1.5,0.1,353,-
5393,ニチアス,ガラス・土石製品,4.0,★☆☆☆☆,0.0,0.0,2.0,0.0,2.0,0.0,0.0,0.0,,,0.0,1.4,3.2,0.9,3229,3450.0,5.3,0.1,2028,-
2337,いちご,不動産業,4.0,★☆☆☆☆,0.0,0.0,0.0,0.0,4.0,0.0,0.0,0.0,,,0.0,-11.6,1.5,-0.4,397,409.0,0.5,0.1,281,-
9790,福井コンピュータホールディングス,情報・通信業,4.0,★☆☆☆☆,0.0,0.0,0.0,0.0,4.0,0.0,0.0,0.0,,,0.0,-11.0,1.8,-0.1,3001,3115.0,-1.0,0.0,127,-
9531,東京瓦斯,電気・ガス業,4.0,★☆☆☆☆,0.0,0.0,0.0,0.0,4.0,0.0,0.0,0.0,,,0.0,-9.9,1.7,-0.3,5868,6075.0,1.1,0.1,6052,-
4419,Ｆｉｎａｔｅｘｔホールディングス,情報・通信業,4.0,★☆☆☆☆,0.0,0.0,3.0,0.0,1.0,0.0,0.0,0.0,,,0.0,-16.7,7.1,-2.8,1237,1440.0,5.2,0.1,1040,-
7915,ＮＩＳＳＨＡ,その他製品,4.0,★☆☆☆☆,0.0,0.0,0.0,0.0,4.0,0.0,0.0,0.0,,,0.0,-7.8,2.5,-0.2,1242,1308.0,1.3,0.1,352,-
6088,シグマクシス・ホールディングス,サービス業,4.0,★☆☆☆☆,0.0,0.0,0.0,0.0,4.0,0.0,0.0,0.0,,,0.0,-17.6,2.5,-1.0,527,555.0,-1.2,0.1,310,-
9962,ミスミグループ本社,卸売業,4.0,★☆☆☆☆,3.0,0.0,1.0,0.0,0.0,0.0,0.0,0.0,,SK hynix,0.0,-2.5,3.0,-1.8,3440,3658.0,-1.6,0.0,6479,SK hynix+5.4%連動(β0.22)
9302,三井倉庫ホールディングス,倉庫・運輸関連業,4.0,★☆☆☆☆,0.0,0.0,0.0,0.0,4.0,0.0,0.0,0.0,,,0.0,-16.0,2.0,-2.7,3193,3324.0,0.7,0.1,853,-
6459,だいわ,機械,4.0,★☆☆☆☆,0.0,0.0,3.0,0.0,1.0,0.0,0.0,0.0,,,0.0,-7.0,3.8,-0.9,1576,1705.0,2.8,0.0,206,資金流入増
7995,バルカー,化学,3.9,★☆☆☆☆,2.9,0.0,0.0,0.0,1.0,0.0,0.0,0.0,,SK hynix,-1.9,6.2,3.5,0.4,6246,6720.0,1.8,0.1,662,SK hynix+5.4%連動(β0.22)
6498,キッツ,機械,3.9,★☆☆☆☆,2.9,0.0,1.0,0.0,0.0,0.0,0.0,0.0,,SK hynix,-1.1,-9.5,4.2,-6.5,1806,1971.0,1.7,0.1,826,SK hynix+5.4%連動(β0.21)
6101,ツガミ,機械,3.9,★☆☆☆☆,3.9,0.0,0.0,0.0,0.0,0.0,0.0,0.0,,SK hynix,-0.8,-12.4,5.2,-7.0,4961,5540.0,-0.9,0.1,2904,SK hynix+5.4%連動(β0.29)
9401,ＴＢＳホールディングス,情報・通信業,3.7,★☆☆☆☆,0.0,0.0,0.0,0.0,3.7,0.0,0.0,0.0,,,0.0,-13.9,2.1,-1.2,5645,5889.0,-0.4,0.1,1948,-
1959,クラフティア,建設業,3.7,★☆☆☆☆,0.0,0.0,1.0,0.0,2.7,0.0,0.0,0.0,,,0.0,-13.6,2.1,-1.2,7931,8280.0,0.6,0.0,2027,-
3692,ＦＦＲＩセキュリティ,情報・通信業,3.7,★☆☆☆☆,0.0,0.0,0.0,0.0,3.7,0.0,0.0,0.0,,,0.0,2.5,5.3,3.9,4671,5220.0,6.4,0.4,498,-
1803,清水建設,建設業,3.7,★☆☆☆☆,0.0,0.0,0.0,0.0,3.7,0.0,0.0,0.0,,,0.0,-5.9,2.2,0.5,2299,2407.0,2.8,0.0,8690,-
6849,日本光電工業,電気機器,3.7,★☆☆☆☆,0.0,0.0,1.0,0.0,2.7,0.0,0.0,0.0,,,0.0,-15.6,3.6,-1.3,1400,1508.5,-1.0,0.1,1257,-
8141,新光商事,卸売業,3.7,★☆☆☆☆,0.0,0.0,0.0,0.0,3.7,0.0,0.0,0.0,,,0.0,-6.8,0.2,-0.1,1560,1568.0,0.1,0.1,124,-
2579,コカ・コーラ　ボトラーズジャパンホールディングス,食料品,3.7,★☆☆☆☆,0.0,0.0,0.0,0.0,3.7,0.0,0.0,0.0,,,0.0,-20.9,2.7,-1.9,3721,3930.0,1.6,0.0,3985,-
7734,理研計器,精密機器,3.7,★☆☆☆☆,2.7,0.0,1.0,0.0,0.0,0.0,0.0,0.0,,SK hynix,-0.6,-5.1,4.4,-2.0,3050,3345.0,3.2,0.1,394,SK hynix+5.4%連動(β0.20)
8129,東邦ホールディングス,卸売業,3.7,★☆☆☆☆,0.0,0.0,0.0,0.0,3.7,0.0,0.0,0.0,,,0.0,-14.8,2.1,0.2,3799,3962.0,-0.6,0.0,657,-
9519,レノバ,電気・ガス業,3.7,★☆☆☆☆,0.0,0.0,1.0,0.0,2.7,0.0,0.0,0.0,,,0.0,-9.9,4.9,-1.4,839,930.0,0.9,0.2,714,-
5992,中央発條,金属製品,3.7,★☆☆☆☆,0.0,0.0,0.0,0.0,3.7,0.0,0.0,0.0,,,0.0,-6.6,1.8,-0.5,3559,3690.0,0.5,0.0,196,-
1963,日揮ホールディングス,建設業,3.7,★☆☆☆☆,0.0,0.0,0.0,0.0,3.7,0.0,0.0,0.0,,,0.0,-2.7,3.1,1.0,2169,2311.0,1.7,0.1,3018,-
7599,ＩＤＯＭ,卸売業,3.7,★☆☆☆☆,0.0,0.0,0.0,0.0,3.7,0.0,0.0,0.0,,,0.0,-6.3,1.2,-0.1,1259,1290.0,0.8,0.5,1212,-
4554,富士製薬工業,医薬品,3.7,★☆☆☆☆,0.0,0.0,0.0,0.0,3.7,0.0,0.0,0.0,,,0.0,-9.0,2.5,0.0,1758,1850.0,-1.5,0.1,200,-
3350,メタプラネット,卸売業,3.6999999999999993,★☆☆☆☆,0.0,0.0,2.0,0.0,6.0,0.0,0.7,-5.0,,,0.0,33.8,7.9,25.0,255,303.0,19.8,0.2,8091,過熱⚠25MA+25% / 開示[子会社化](9日前)
5074,テスホールディングス,建設業,3.6,★☆☆☆☆,0.0,0.0,2.0,0.0,1.5,0.0,0.1,0.0,,,0.0,-3.8,6.6,-6.4,562,648.0,2.2,0.2,1227,開示[受注](13日前)
6013,タクマ,機械,3.6,★☆☆☆☆,0.0,0.0,0.0,0.0,1.0,0.0,2.6,0.0,,,0.0,-15.0,2.4,-5.6,2935,3080.0,-0.5,0.1,625,開示[自己株式の取得](2日前)
8012,長瀬産業,卸売業,3.6,★☆☆☆☆,0.0,0.0,0.0,0.0,1.0,0.0,2.6,0.0,,,0.0,-3.4,2.2,-3.3,1108,1160.5,-5.3,0.1,1312,開示[自己株式の取得](2日前)
6785,鈴木,電気機器,3.6,★☆☆☆☆,2.6,0.0,0.0,0.0,1.0,0.0,0.0,0.0,,SK hynix,-0.4,-1.9,3.3,-2.3,2736,2928.0,0.4,0.1,258,SK hynix+5.4%連動(β0.19)
2371,カカクコム,サービス業,3.5,★☆☆☆☆,0.0,0.0,0.0,0.0,3.5,0.0,0.0,0.0,,,0.0,-6.7,0.7,-0.2,3631,3684.0,-0.7,0.1,1167,52週高値目前
9227,マイクロ波化学,サービス業,3.5,★☆☆☆☆,0.0,0.0,0.0,0.0,3.5,0.0,0.0,0.0,,,0.0,-6.8,4.0,3.1,845,919.0,0.5,0.0,263,-
9960,東テク,卸売業,3.5,★☆☆☆☆,0.0,0.0,1.0,0.0,2.5,0.0,0.0,0.0,,,0.0,-4.9,2.5,-0.5,3644,3840.0,4.3,0.0,350,-
6356,日本ギア工業,機械,3.5,★☆☆☆☆,0.0,0.0,2.0,0.0,1.5,0.0,0.0,0.0,,,0.0,-0.5,3.1,-0.9,1243,1325.0,1.1,0.1,127,-
6268,ナブテスコ,機械,3.5,★☆☆☆☆,3.5,0.0,0.0,0.0,0.0,0.0,0.0,0.0,,SK hynix,-1.1,2.7,3.5,-2.0,4316,4639.0,0.5,0.1,4753,SK hynix+5.4%連動(β0.26)
6629,テクノホライゾン,電気機器,3.5,★☆☆☆☆,0.0,0.0,1.0,0.0,2.5,0.0,0.0,0.0,,,0.0,3.1,3.0,0.5,919,978.0,1.9,0.1,153,-
3391,ツルハホールディングス,小売業,3.5,★☆☆☆☆,0.0,0.0,0.0,0.0,3.5,0.0,0.0,0.0,,,0.0,-13.3,2.0,-0.3,2314,2411.0,1.1,0.1,2630,-
1861,熊谷組,建設業,3.5,★☆☆☆☆,0.0,0.0,2.0,0.0,1.5,0.0,0.0,0.0,,,0.0,-14.6,2.6,-3.6,1241,1310.0,1.9,0.0,1566,-
3191,ジョイフル本田,小売業,3.5,★☆☆☆☆,0.0,0.0,0.0,0.0,3.5,0.0,0.0,0.0,,,0.0,-16.3,1.8,-1.7,2194,2277.0,-1.0,0.0,524,-
7256,河西工業,輸送用機器,3.3,★☆☆☆☆,0.0,0.0,3.3,0.0,0.0,0.0,0.0,0.0,,,0.0,-2.3,7.4,-1.8,359,421.0,-4.3,0.0,209,買い出来高優勢
4424,Ａｍａｚｉａ,情報・通信業,3.3,★☆☆☆☆,0.0,0.0,0.0,0.0,1.2,0.0,2.1,0.0,,,0.0,-16.8,9.6,-2.0,283,350.0,-1.1,0.1,253,開示[業績予想の修正](2日前)
4732,ユー・エス・エス,サービス業,3.2,★☆☆☆☆,0.0,0.0,0.0,0.0,3.2,0.0,0.0,0.0,,,0.0,-10.4,1.5,-0.3,1926,1984.0,0.5,0.2,1919,-
7988,ニフコ,化学,3.2,★☆☆☆☆,0.0,0.0,0.0,0.0,3.2,0.0,0.0,0.0,,,0.0,-10.9,1.8,-0.2,4908,5091.0,1.0,0.0,1329,-
8306,三菱ＵＦＪフィナンシャル・グループ,銀行業,3.2,★☆☆☆☆,0.0,0.0,0.0,0.0,3.2,0.0,0.0,0.0,,,0.0,-8.8,2.3,-0.9,3399,3563.0,2.9,0.1,127293,-
9433,ＫＤＤＩ,情報・通信業,3.2,★☆☆☆☆,0.0,0.0,0.0,0.0,3.2,0.0,0.0,0.0,,,0.0,-13.6,2.4,-0.6,2750,2886.5,0.9,0.1,25761,-
7173,東京きらぼしフィナンシャルグループ,銀行業,3.2,★☆☆☆☆,0.0,0.0,1.0,0.0,2.2,0.0,0.0,0.0,,,0.0,-6.3,2.9,-1.3,1607,1706.0,0.8,0.1,1819,-
8316,三井住友フィナンシャルグループ,銀行業,3.2,★☆☆☆☆,0.0,0.0,0.0,0.0,3.2,0.0,0.0,0.0,,,0.0,-8.5,2.2,-0.9,6446,6736.0,2.9,0.1,73391,-
5036,日本ビジネスシステムズ,情報・通信業,3.2,★☆☆☆☆,0.0,0.0,0.0,0.0,3.2,0.0,0.0,0.0,,,0.0,-6.0,3.2,0.2,1494,1594.0,-2.1,0.1,159,-
4743,アイティフォー,情報・通信業,3.2,★☆☆☆☆,0.0,0.0,0.0,0.0,3.2,0.0,0.0,0.0,,,0.0,-12.0,2.2,-1.2,1603,1676.0,0.2,0.1,152,-
4188,三菱ケミカルグループ,化学,3.2,★☆☆☆☆,0.0,0.0,0.0,0.0,3.2,0.0,0.0,0.0,,,0.0,-5.5,2.6,-0.6,1106,1167.5,2.1,0.2,6596,-
7318,セレンディップ・ホールディングス,輸送用機器,3.1,★☆☆☆☆,0.0,0.0,2.0,0.0,0.0,0.0,1.1,0.0,,,0.0,-28.2,8.7,-15.6,1191,1440.0,-2.0,0.1,275,開示[自己株式取得](9日前)
6473,ジェイテクト,機械,3.0,★☆☆☆☆,0.0,0.0,1.0,0.0,2.0,0.0,0.0,0.0,,,0.0,-7.1,2.5,-1.6,1966,2071.5,-0.8,0.0,2336,-
8508,Ｊトラスト,その他金融業,3.0,★☆☆☆☆,0.0,0.0,2.0,0.0,1.0,0.0,0.0,0.0,,,0.0,-6.0,6.4,-8.2,673,771.0,-13.3,0.3,1543,資金流入増 / 開示[自己株式取得](14日前)
7944,ローランド,その他製品,3.0,★☆☆☆☆,0.0,0.0,2.0,0.0,1.0,0.0,0.0,0.0,,,0.0,-10.0,3.6,-5.3,3616,3900.0,0.0,0.0,785,資金流入増
3028,アルペン,小売業,3.0,★☆☆☆☆,0.0,0.0,0.0,0.0,3.0,0.0,0.0,0.0,,,0.0,-4.0,1.8,3.1,2280,2366.0,-0.5,0.0,241,MA上昇配列 / RSI過熱(89)⚠
7453,良品計画,小売業,3.0,★☆☆☆☆,0.0,0.0,1.0,0.0,2.0,0.0,0.0,0.0,,,0.0,-8.9,2.8,-0.3,4071,4308.0,-1.6,0.2,11754,-
255A,ジーエルテクノホールディングス,精密機器,2.8,★☆☆☆☆,2.8,0.0,0.0,0.0,0.0,0.0,0.0,0.0,,SK hynix,-2.2,-1.7,5.3,-4.7,4706,5260.0,1.2,0.1,469,SK hynix+5.4%連動(β0.20)
5938,ＬＩＸＩＬ,金属製品,2.7,★☆☆☆☆,0.0,0.0,0.0,0.0,2.7,0.0,0.0,0.0,,,0.0,-14.7,1.2,-0.9,1728,1772.5,1.5,0.1,3953,-
5332,ＴＯＴＯ,ガラス・土石製品,2.7,★☆☆☆☆,0.0,0.0,0.0,0.0,2.7,0.0,0.0,0.0,,,0.0,-8.9,2.6,-1.4,6201,6547.0,2.9,0.1,7356,-
6914,オプテックスグループ,電気機器,2.7,★☆☆☆☆,2.7,0.0,0.0,0.0,0.0,0.0,0.0,0.0,,SK hynix,-0.8,-5.3,3.9,-4.8,3031,3285.0,0.0,0.2,571,SK hynix+5.4%連動(β0.20)
7003,三井Ｅ＆Ｓ,機械,2.7,★☆☆☆☆,0.0,0.0,0.0,0.0,2.7,0.0,0.0,0.0,,,0.0,-12.9,4.3,-2.3,3943,4319.0,2.7,0.1,12390,-
5201,ＡＧＣ,ガラス・土石製品,2.7,★☆☆☆☆,0.0,0.0,0.0,0.0,2.7,0.0,0.0,0.0,,,0.0,-10.4,2.2,-1.6,5570,5822.0,1.0,0.1,9528,-
4887,サワイグループホールディングス,医薬品,2.7,★☆☆☆☆,0.0,0.0,0.0,0.0,2.7,0.0,0.0,0.0,,,0.0,-11.6,2.4,-0.8,1546,1623.0,-1.3,0.1,867,-
7259,アイシン,輸送用機器,2.7,★☆☆☆☆,0.0,0.0,0.0,0.0,2.7,0.0,0.0,0.0,,,0.0,-16.9,2.0,-1.1,2163,2252.0,-0.7,0.1,5346,-
5929,三和ホールディングス,金属製品,2.7,★☆☆☆☆,0.0,0.0,0.0,0.0,2.7,0.0,0.0,0.0,,,0.0,-14.7,2.0,-1.1,3484,3630.0,0.0,0.1,2421,-
9267,Ｇｅｎｋｙ　ＤｒｕｇＳｔｏｒｅｓ,小売業,2.7,★☆☆☆☆,0.0,0.0,0.0,0.0,2.7,0.0,0.0,0.0,,,0.0,-19.3,2.7,-1.8,3433,3625.0,-1.9,0.1,282,-
9989,サンドラッグ,小売業,2.7,★☆☆☆☆,0.0,0.0,0.0,0.0,2.7,0.0,0.0,0.0,,,0.0,-12.7,1.6,-0.7,3604,3725.0,0.2,0.1,1896,-
6619,ダブル・スコープ,電気機器,2.7,★☆☆☆☆,0.0,0.0,0.0,0.0,2.7,0.0,0.0,0.0,,,0.0,2.0,3.8,-0.5,141,153.0,0.0,0.4,312,-
4082,第一稀元素化学工業,化学,2.7,★☆☆☆☆,0.0,0.0,3.0,0.0,4.7,0.0,0.0,-5.0,,,0.0,40.6,4.8,34.2,2342,2591.0,34.5,1.2,545,過熱⚠25MA+34%
9068,丸全昭和運輸,陸運業,2.7,★☆☆☆☆,0.0,0.0,0.0,0.0,2.7,0.0,0.0,0.0,,,0.0,-10.4,2.1,-0.3,7184,7500.0,2.5,0.1,201,-
4071,プラスアルファ・コンサルティング,情報・通信業,2.7,★☆☆☆☆,0.0,0.0,0.0,0.0,2.7,0.0,0.0,0.0,,,0.0,-13.9,4.1,-3.1,2004,2183.0,-3.7,0.1,641,-
1893,五洋建設,建設業,2.5,★☆☆☆☆,0.0,0.0,1.0,0.0,1.5,0.0,0.0,0.0,,,0.0,-5.4,3.1,-1.2,1368,1459.0,2.2,0.1,3134,-
4751,サイバーエージェント,サービス業,2.5,★☆☆☆☆,0.0,0.0,1.0,0.0,1.5,0.0,0.0,0.0,,,0.0,-20.6,3.7,-2.0,1254,1353.5,1.0,0.1,9455,-
2201,森永製菓,食料品,2.5,★☆☆☆☆,0.0,0.0,0.0,0.0,2.5,0.0,0.0,0.0,,,0.0,-14.8,1.5,-1.3,2491,2569.0,-0.2,0.1,796,-
3836,アバントグループ,情報・通信業,2.5,★☆☆☆☆,0.0,0.0,0.0,0.0,2.5,0.0,0.0,0.0,,,0.0,-16.5,2.4,-1.0,1138,1195.0,-2.4,0.1,121,-
9412,スカパーＪＳＡＴ,情報・通信業,2.5,★☆☆☆☆,0.0,0.0,1.0,0.0,1.5,0.0,0.0,0.0,,,0.0,-0.1,3.8,-3.1,2005,2171.0,-2.5,0.2,5739,-
9064,ヤマトホールディングス,陸運業,2.5,★☆☆☆☆,0.0,0.0,0.0,0.0,2.5,0.0,0.0,0.0,,,0.0,-16.5,2.1,-1.0,1878,1962.0,2.2,0.1,2675,-
3482,ロードスターキャピタル,不動産業,2.5,★☆☆☆☆,0.0,0.0,0.0,0.0,2.5,0.0,0.0,0.0,,,0.0,-8.7,1.9,0.0,2559,2663.0,1.7,0.0,319,-
1801,大成建設,建設業,2.5,★☆☆☆☆,0.0,0.0,1.0,0.0,1.5,0.0,0.0,0.0,,,0.0,-7.2,2.9,-0.4,12196,12940.0,3.1,0.1,8315,-
6367,ダイキン工業,機械,2.4,★☆☆☆☆,0.0,0.0,0.0,0.0,1.5,0.0,0.9,0.0,,,0.0,-18.2,1.8,-5.1,20317,21070.0,1.0,0.1,32669,開示[自己株式取得](10日前)
4536,参天製薬,医薬品,2.2,★☆☆☆☆,0.0,0.0,0.0,0.0,2.2,0.0,0.0,0.0,,,0.0,-14.0,3.0,-2.5,1757,1869.5,-4.1,0.1,2033,-
9090,ＡＺ－ＣＯＭ丸和ホールディングス,陸運業,2.2,★☆☆☆☆,0.0,0.0,1.0,0.0,1.2,0.0,0.0,0.0,,,0.0,-13.5,2.1,-0.9,846,884.0,-0.8,0.3,454,-
3863,日本製紙,パルプ・紙,2.2,★☆☆☆☆,0.0,0.0,0.0,0.0,2.2,0.0,0.0,0.0,,,0.0,-12.9,3.2,-1.6,1291,1380.0,1.2,0.1,1247,-
9247,ＴＲＥホールディングス,サービス業,2.2,★☆☆☆☆,0.0,0.0,0.0,0.0,2.2,0.0,0.0,0.0,,,0.0,-6.3,3.1,-1.2,1857,1980.0,-0.1,0.1,487,-
2587,サントリービバレッジ＆フード,食料品,2.2,★☆☆☆☆,0.0,0.0,0.0,0.0,2.2,0.0,0.0,0.0,,,0.0,-13.9,1.8,-0.8,4418,4582.0,0.2,0.1,5459,-
3936,グローバルウェイ,情報・通信業,2.2,★☆☆☆☆,0.0,0.0,1.0,0.0,1.2,0.0,0.0,0.0,,,0.0,-1.8,6.6,-2.1,134,155.0,-5.5,0.0,125,-
7936,アシックス,その他製品,2.2,★☆☆☆☆,0.0,0.0,1.0,0.0,1.0,0.0,0.2,0.0,,,0.0,-13.1,5.6,-7.4,3978,4483.0,-8.8,0.2,27448,開示[増配](13日前)
8136,サンリオ,卸売業,2.2,★☆☆☆☆,0.0,0.0,1.0,0.0,1.2,0.0,0.0,0.0,,,0.0,-13.7,6.3,-0.6,1090,1246.0,3.7,0.2,33230,-
2501,サッポロビール,食料品,2.2,★☆☆☆☆,0.0,0.0,0.0,0.0,2.2,0.0,0.0,0.0,,,0.0,-16.9,3.4,-2.1,1805,1938.5,1.4,0.1,2944,-
1407,ウエストホールディングス,建設業,2.2,★☆☆☆☆,0.0,0.0,1.0,0.0,1.2,0.0,0.0,0.0,,,0.0,-5.0,5.8,-0.2,2378,2689.0,-1.2,0.3,1139,-
4042,東ソー,化学,2.2,★☆☆☆☆,0.0,0.0,0.0,0.0,2.2,0.0,0.0,0.0,,,0.0,-7.6,1.8,-0.9,2590,2685.0,1.0,0.1,3454,-
7276,小糸製作所,電気機器,2.2,★☆☆☆☆,0.0,0.0,0.0,0.0,2.2,0.0,0.0,0.0,,,0.0,-7.0,1.6,1.0,2596,2683.5,0.4,0.1,2362,-
6564,ミダックホールディングス,サービス業,2.2,★☆☆☆☆,0.0,0.0,1.0,0.0,1.2,0.0,0.0,0.0,,,0.0,-14.0,5.0,-1.9,1912,2124.0,2.2,0.1,144,-
1414,ショーボンドホールディングス,建設業,2.2,★☆☆☆☆,0.0,0.0,0.0,0.0,2.2,0.0,0.0,0.0,,,0.0,-11.4,1.4,-0.3,1251,1286.5,2.3,0.1,1243,-
2158,ＦＲＯＮＴＥＯ,サービス業,2.2,★☆☆☆☆,0.0,0.0,1.0,0.0,1.2,0.0,0.0,0.0,,,0.0,-3.6,3.3,-0.5,591,633.0,-2.6,0.1,115,-
4559,ゼリア新薬工業,医薬品,2.2,★☆☆☆☆,0.0,0.0,0.0,0.0,2.2,0.0,0.0,0.0,,,0.0,-11.7,1.9,-1.0,1994,2074.0,-3.5,0.1,227,-
5240,ｍｏｎｏＡＩ　ｔｅｃｈｎｏｌｏｇｙ,情報・通信業,2.1,★☆☆☆☆,0.0,0.0,2.0,0.0,0.0,0.0,0.1,0.0,,,0.0,-15.7,10.0,-1.9,166,207.0,-15.2,0.2,255,開示[AI](13日前)
6932,遠藤照明,電気機器,2.0,★☆☆☆☆,0.0,0.0,1.0,0.0,1.0,0.0,0.0,0.0,,,0.0,-5.7,2.7,-0.7,2451,2590.0,0.8,0.3,112,-
8593,三菱ＨＣキャピタル,その他金融業,2.0,★☆☆☆☆,0.0,0.0,0.0,0.0,2.0,0.0,0.0,0.0,,,0.0,-14.1,1.6,-1.3,1358,1403.5,1.1,0.1,6070,-
2871,ニチレイ,食料品,2.0,★☆☆☆☆,0.0,0.0,0.0,0.0,2.0,0.0,0.0,0.0,,,0.0,-15.4,2.9,-1.9,2020,2144.0,-1.8,0.1,3072,-
5013,ユシロ,石油・石炭製品,2.0,★☆☆☆☆,0.0,0.0,1.0,0.0,1.0,0.0,0.0,0.0,,,0.0,-3.7,3.0,-1.7,2761,2938.0,-3.7,0.3,129,-
6929,日本セラミック,電気機器,2.0,★☆☆☆☆,0.0,0.0,0.0,0.0,2.0,0.0,0.0,0.0,,,0.0,-4.6,2.1,0.4,3601,3760.0,1.9,0.1,471,-
8630,ＳＯＭＰＯホールディングス,保険業,2.0,★☆☆☆☆,0.0,0.0,0.0,0.0,2.0,0.0,0.0,0.0,,,0.0,-13.5,2.1,-1.4,6556,6849.0,3.2,0.1,15900,-
5423,東京製鐵,鉄鋼,2.0,★☆☆☆☆,0.0,0.0,1.0,0.0,1.0,0.0,0.0,0.0,,,0.0,-9.5,1.9,-0.0,1663,1729.0,1.9,0.0,506,-
4901,富士フイルムホールディングス,化学,2.0,★☆☆☆☆,0.0,0.0,1.0,0.0,1.0,0.0,0.0,0.0,,,0.0,-20.4,3.9,-4.2,3071,3330.0,3.4,0.1,22245,-
6736,サン電子,電気機器,2.0,★☆☆☆☆,0.0,0.0,2.0,0.0,0.0,0.0,0.0,0.0,,,0.0,-17.2,8.2,-10.5,6806,8150.0,6.3,0.1,532,資金流入増
3480,ジェイ・エス・ビー,不動産業,2.0,★☆☆☆☆,0.0,0.0,0.0,0.0,2.0,0.0,0.0,0.0,,,0.0,-7.3,0.6,-0.3,8833,8940.0,-0.2,0.0,629,-
9449,ＧＭＯインターネットグループ,情報・通信業,2.0,★☆☆☆☆,0.0,0.0,0.0,0.0,2.0,0.0,0.0,0.0,,,0.0,-11.4,3.2,-1.4,3788,4050.0,1.1,0.0,1957,-
6648,かわでん,電気機器,2.0,★☆☆☆☆,0.0,0.0,2.0,0.0,0.0,0.0,0.0,0.0,,,0.0,0.8,4.6,-1.0,1567,1725.0,2.2,0.0,151,-
3774,インターネットイニシアティブ,情報・通信業,2.0,★☆☆☆☆,0.0,0.0,0.0,0.0,2.0,0.0,0.0,0.0,,,0.0,-15.2,2.9,-4.9,3106,3297.0,-6.4,0.1,1885,-
6269,三井海洋開発,機械,2.0,★☆☆☆☆,0.0,0.0,2.0,0.0,0.0,0.0,0.0,0.0,,,0.0,-8.0,5.5,-3.3,8711,9780.0,-2.5,0.1,6746,-
4381,ビープラッツ,情報・通信業,2.0,★☆☆☆☆,0.0,0.0,2.0,0.0,0.0,0.0,0.0,0.0,,,0.0,-10.5,14.5,-20.8,206,290.0,-18.8,0.1,230,資金流入増
7004,カナデビア,機械,2.0,★☆☆☆☆,0.0,0.0,2.0,0.0,0.0,0.0,0.0,0.0,,,0.0,-3.8,3.1,-0.6,1128,1202.0,1.7,0.1,1068,-
7224,新明和工業,輸送用機器,2.0,★☆☆☆☆,0.0,0.0,2.0,0.0,0.0,0.0,0.0,0.0,,,0.0,-3.6,1.5,-0.6,1920,1979.0,0.2,0.0,324,-
6823,リオン,電気機器,2.0,★☆☆☆☆,0.0,0.0,1.0,0.0,1.0,0.0,0.0,0.0,,,0.0,-3.0,2.2,-1.1,3218,3365.0,-0.7,0.1,196,-
6971,京セラ,電気機器,2.0,★☆☆☆☆,0.0,0.0,0.0,0.0,2.0,0.0,0.0,0.0,,,0.0,-5.6,2.9,-1.8,3433,3646.0,2.2,0.1,18240,-
6744,能美防災,電気機器,2.0,★☆☆☆☆,0.0,0.0,1.0,0.0,1.0,0.0,0.0,0.0,,,0.0,-8.6,2.6,-2.3,4094,4315.0,-1.0,0.2,401,-
6806,ヒロセ電機,電気機器,2.0,★☆☆☆☆,0.0,0.0,1.0,0.0,1.0,0.0,0.0,0.0,,,0.0,-6.8,2.9,-3.2,24423,25910.0,1.3,0.1,5627,-
8060,キヤノンマーケティングジャパン,卸売業,2.0,★☆☆☆☆,0.0,0.0,0.0,0.0,2.0,0.0,0.0,0.0,,,0.0,-9.7,1.8,-1.9,3399,3524.0,-0.8,0.2,1397,-
5301,東海カーボン,ガラス・土石製品,2.0,★☆☆☆☆,0.0,0.0,1.0,0.0,1.0,0.0,0.0,0.0,,,0.0,1.8,3.4,-0.1,1560,1674.5,-2.0,0.1,3037,-
5821,平河ヒューテック,非鉄金属,2.0,★☆☆☆☆,0.0,0.0,2.0,0.0,0.0,0.0,0.0,0.0,,,0.0,0.3,3.8,-2.5,2947,3190.0,-1.5,0.0,256,-
7917,ＺＡＣＲＯＳ,化学,2.0,★☆☆☆☆,0.0,0.0,1.0,0.0,1.0,0.0,0.0,0.0,,,0.0,-11.4,2.7,-3.8,1207,1275.0,-0.9,0.0,221,-
4626,太陽ホールディングス,化学,2.0,★☆☆☆☆,0.0,0.0,2.0,0.0,0.0,0.0,0.0,0.0,,,0.0,-5.1,1.0,-0.7,4658,4750.0,-0.4,0.1,1653,-
9065,山九,陸運業,2.0,★☆☆☆☆,0.0,0.0,1.0,0.0,1.0,0.0,0.0,0.0,,,0.0,-17.9,1.9,-4.3,8059,8381.0,-0.9,0.1,2101,-
4088,エア・ウォーター,化学,2.0,★☆☆☆☆,0.0,0.0,1.0,0.0,1.0,0.0,0.0,0.0,,,0.0,-9.8,2.1,-0.9,2418,2523.0,0.9,0.1,2245,-
3300,アンビション　ＤＸ　ホールディングス,不動産業,2.0,★☆☆☆☆,0.0,0.0,2.0,0.0,0.0,0.0,0.0,0.0,,,0.0,-14.1,2.7,-5.4,1854,1960.0,0.8,0.1,158,資金流入増
8795,Ｔ＆Ｄホールディングス,保険業,2.0,★☆☆☆☆,0.0,0.0,0.0,0.0,2.0,0.0,0.0,0.0,,,0.0,-11.0,2.5,-1.7,4609,4851.0,3.5,0.1,6904,-
8750,第一ライフグループ,保険業,2.0,★☆☆☆☆,0.0,0.0,0.0,0.0,2.0,0.0,0.0,0.0,,,0.0,-12.1,2.3,-2.2,1744,1827.0,3.4,0.1,15026,-
9202,ＡＮＡホールディングス,空運業,2.0,★☆☆☆☆,0.0,0.0,0.0,0.0,2.0,0.0,0.0,0.0,,,0.0,-11.0,1.5,-0.4,2986,3077.0,1.1,0.1,6479,-
6191,エアトリ,サービス業,1.9,★☆☆☆☆,0.0,0.0,0.0,0.0,0.0,0.0,1.9,0.0,,,0.0,-13.0,3.4,-3.0,792,849.0,1.2,0.1,112,開示[自己株式の取得](9日前) / 開示[自己株式の取得](10日前)
3407,旭化成,化学,1.9,★☆☆☆☆,0.0,0.0,0.0,0.0,1.0,0.0,0.9,0.0,,,0.0,-17.2,2.1,-4.2,1567,1634.0,0.0,0.1,9933,開示[自己株式の取得](10日前)
6085,アーキテクツ・スタジオ・ジャパン,サービス業,1.7999999999999998,★☆☆☆☆,0.0,0.0,3.3,0.0,3.5,0.0,0.0,-5.0,,,0.0,221.7,8.2,156.0,233,279.0,179.0,0.3,1216,買い出来高優勢 / RSI過熱(94)⚠ / 過熱⚠25MA+156%
3905,データセクション,情報・通信業,1.6,★☆☆☆☆,0.0,0.0,0.0,0.0,1.5,0.0,0.1,0.0,,,0.0,-26.6,10.4,-19.7,1220,1542.0,-10.6,0.1,10287,開示[受注](13日前)
1812,鹿島建設,建設業,1.5,★☆☆☆☆,0.0,0.0,0.0,0.0,1.5,0.0,0.0,0.0,,,0.0,-16.7,2.5,-5.1,4607,4847.0,0.1,0.1,11532,-
1835,東鉄工業,建設業,1.5,★☆☆☆☆,0.0,0.0,0.0,0.0,1.5,0.0,0.0,0.0,,,0.0,-10.3,2.0,-1.2,3851,4010.0,1.0,0.1,324,-
4889,レナサイエンス,医薬品,1.5,★☆☆☆☆,0.0,0.0,0.0,0.0,1.5,0.0,0.0,0.0,,,0.0,-12.7,8.6,-3.4,1112,1343.0,-1.8,0.1,647,-
3046,ジンズホールディングス,小売業,1.5,★☆☆☆☆,0.0,0.0,0.0,0.0,1.5,0.0,0.0,0.0,,,0.0,-16.1,3.1,-4.2,5843,6230.0,-3.4,1.1,1966,-
1802,大林組,建設業,1.5,★☆☆☆☆,0.0,0.0,0.0,0.0,1.5,0.0,0.0,0.0,,,0.0,-15.0,2.4,-3.5,2841,2984.5,0.3,0.1,7882,-
1952,新日本空調,建設業,1.5,★☆☆☆☆,0.0,0.0,0.0,0.0,1.5,0.0,0.0,0.0,,,0.0,-6.3,3.3,-1.6,2927,3135.0,2.3,0.1,693,-
8830,住友不動産,不動産業,1.5,★☆☆☆☆,0.0,0.0,0.0,0.0,1.5,0.0,0.0,0.0,,,0.0,-15.9,2.0,-2.9,3253,3391.0,0.2,0.1,9387,-
9256,サクシード,サービス業,1.5,★☆☆☆☆,0.0,0.0,0.0,0.0,1.5,0.0,0.0,0.0,,,0.0,-24.9,6.1,-15.9,1036,1180.0,2.8,0.1,227,-
3591,ワコールホールディングス,繊維製品,1.5,★☆☆☆☆,0.0,0.0,0.0,0.0,1.5,0.0,0.0,0.0,,,0.0,-12.1,2.2,-0.9,4118,4312.0,1.2,0.1,454,-
6544,ジャパンエレベーターサービスホールディングス,サービス業,1.5,★☆☆☆☆,0.0,0.0,0.0,0.0,1.5,0.0,0.0,0.0,,,0.0,-15.2,3.4,-1.8,1459,1564.5,0.1,0.1,1258,-
7649,スギホールディングス,小売業,1.5,★☆☆☆☆,0.0,0.0,0.0,0.0,1.5,0.0,0.0,0.0,,,0.0,-17.3,2.4,-3.5,2574,2704.0,-2.4,0.1,2772,-
9551,メタウォーター,電気・ガス業,1.5,★☆☆☆☆,0.0,0.0,0.0,0.0,1.5,0.0,0.0,0.0,,,0.0,-3.6,2.3,-0.2,3007,3155.0,2.4,0.1,425,-
8111,ゴールドウイン,繊維製品,1.5,★☆☆☆☆,0.0,0.0,0.0,0.0,1.5,0.0,0.0,0.0,,,0.0,-16.9,2.7,-1.8,2056,2174.0,1.7,0.1,1294,-
8802,三菱地所,不動産業,1.5,★☆☆☆☆,0.0,0.0,0.0,0.0,1.5,0.0,0.0,0.0,,,0.0,-14.8,2.1,-1.2,3599,3758.0,2.1,0.1,15548,-
4935,リベルタ,化学,1.5,★☆☆☆☆,0.0,0.0,0.0,0.0,1.5,0.0,0.0,0.0,,,0.0,-20.6,5.6,-9.9,189,213.0,-0.9,0.0,178,-
9143,ＳＧホールディングス,陸運業,1.2,★☆☆☆☆,0.0,0.0,0.0,0.0,1.2,0.0,0.0,0.0,,,0.0,-14.9,2.6,-3.8,1442,1520.5,-3.4,0.1,2124,-
3186,ネクステージ,小売業,1.2,★☆☆☆☆,0.0,0.0,0.0,0.0,1.2,0.0,0.0,0.0,,,0.0,-3.5,3.1,-1.3,3200,3415.0,-4.7,0.0,1382,-
6902,デンソー,輸送用機器,1.2,★☆☆☆☆,0.0,0.0,0.0,0.0,1.2,0.0,0.0,0.0,,,0.0,-19.4,1.8,-2.2,1855,1923.0,-1.2,0.1,15466,-
8002,丸紅,卸売業,1.2,★☆☆☆☆,0.0,0.0,0.0,0.0,1.2,0.0,0.0,0.0,,,0.0,-13.0,2.2,-3.4,4652,4867.0,0.2,0.1,22300,-
6232,ＡＣＳＬ,機械,1.2,★☆☆☆☆,0.0,0.0,1.0,0.0,0.0,0.0,0.2,0.0,,,0.0,-3.0,6.3,-6.7,1359,1553.0,-8.6,0.5,1105,開示[業績予想の修正](13日前)
3844,コムチュア,情報・通信業,1.2,★☆☆☆☆,0.0,0.0,1.0,0.0,0.0,0.0,0.2,0.0,,,0.0,-12.8,3.0,-2.6,1282,1364.0,-2.8,0.1,358,開示[業績予想の修正](13日前)
7309,シマノ,輸送用機器,1.2,★☆☆☆☆,0.0,0.0,0.0,0.0,1.2,0.0,0.0,0.0,,,0.0,-12.5,2.5,-0.1,18804,19795.0,-3.4,0.1,5397,-
8058,三菱商事,卸売業,1.2,★☆☆☆☆,0.0,0.0,0.0,0.0,1.2,0.0,0.0,0.0,,,0.0,-8.4,2.1,-1.1,4533,4729.0,0.7,0.1,33432,-
8113,ユニ・チャーム,化学,1.2,★☆☆☆☆,0.0,0.0,0.0,0.0,1.2,0.0,0.0,0.0,,,0.0,-12.1,2.0,-0.4,952,992.0999755859375,-0.8,0.1,5136,-
9024,西武ホールディングス,陸運業,1.2,★☆☆☆☆,0.0,0.0,0.0,0.0,1.2,0.0,0.0,0.0,,,0.0,-18.6,3.2,-3.4,3092,3305.0,-3.7,0.2,5542,-
6588,東芝テック,電気機器,1.2,★☆☆☆☆,0.0,0.0,0.0,0.0,1.2,0.0,0.0,0.0,,,0.0,-5.5,3.9,-0.4,2884,3130.0,3.0,0.0,490,-
5532,リアルゲイト,不動産業,1.2,★☆☆☆☆,0.0,0.0,0.0,0.0,1.2,0.0,0.0,0.0,,,0.0,-2.9,3.3,-1.8,3127,3345.0,-4.0,0.0,107,-
3193,エターナルホスピタリティグループ,小売業,1.2,★☆☆☆☆,0.0,0.0,0.0,0.0,1.2,0.0,0.0,0.0,,,0.0,-7.6,2.5,-0.6,1363,1436.0,-2.9,0.1,219,-
8227,しまむら,小売業,1.2,★☆☆☆☆,0.0,0.0,0.0,0.0,1.2,0.0,0.0,0.0,,,0.0,-12.3,2.3,-0.7,3175,3325.0,1.1,0.1,2392,-
2216,カンロ,食料品,1.2,★☆☆☆☆,0.0,0.0,0.0,0.0,1.2,0.0,0.0,0.0,,,0.0,-20.8,1.6,-3.3,1056,1090.0,-0.1,0.0,112,-
7532,パン・パシフィック・インターナショナルホールディングス,小売業,1.1,★☆☆☆☆,0.0,0.0,0.0,0.0,0.0,0.0,1.1,0.0,,,0.0,-21.7,3.3,-7.4,764,817.7000122070312,0.9,0.1,10400,開示[増配](9日前)
7047,ポート,サービス業,1.0,★☆☆☆☆,0.0,0.0,1.0,0.0,0.0,0.0,0.0,0.0,,,0.0,-8.3,5.2,-5.0,2038,2275.0,-3.2,0.0,483,-
6804,ホシデン,電気機器,1.0,★☆☆☆☆,0.0,0.0,0.0,0.0,1.0,0.0,0.0,0.0,,,0.0,-10.9,3.0,-4.7,2542,2702.0,-2.6,0.1,722,-
6310,井関農機,機械,1.0,★☆☆☆☆,0.0,0.0,1.0,0.0,0.0,0.0,0.0,0.0,,,0.0,-6.4,3.4,-1.1,1695,1820.0,-1.3,0.1,316,-
6284,日精エー・エス・ビー機械,機械,1.0,★☆☆☆☆,0.0,0.0,0.0,0.0,1.0,0.0,0.0,0.0,,,0.0,-3.9,2.9,-1.6,8471,8990.0,1.8,0.0,318,-
4493,サイバーセキュリティクラウド,情報・通信業,1.0,★☆☆☆☆,0.0,0.0,1.0,0.0,0.0,0.0,0.0,0.0,,,0.0,-3.1,3.7,-2.3,1687,1822.0,-5.0,0.2,200,-
9735,セコム,サービス業,1.0,★☆☆☆☆,0.0,0.0,0.0,0.0,1.0,0.0,0.0,0.0,,,0.0,-16.9,2.3,-3.0,6129,6428.0,1.0,0.1,7977,-
9983,ファーストリテイリング,小売業,1.0,★☆☆☆☆,0.0,0.0,0.0,0.0,1.0,0.0,0.0,0.0,,,0.0,-16.6,2.2,-5.8,69170,72290.0,-5.2,0.1,72771,-
5463,丸一鋼管,鉄鋼,1.0,★☆☆☆☆,0.0,0.0,0.0,0.0,1.0,0.0,0.0,0.0,,,0.0,-8.2,2.5,-0.5,1677,1765.5,3.0,0.1,1222,-
4204,積水化学工業,化学,1.0,★☆☆☆☆,0.0,0.0,0.0,0.0,1.0,0.0,0.0,0.0,,,0.0,-11.1,1.4,-1.1,2557,2632.0,0.0,0.1,3869,-
6845,アズビル,電気機器,1.0,★☆☆☆☆,0.0,0.0,0.0,0.0,1.0,0.0,0.0,0.0,,,0.0,-13.4,2.9,-3.7,1441,1530.0,2.1,0.1,2371,-
3104,富士紡ホールディングス,繊維製品,1.0,★☆☆☆☆,0.0,0.0,1.0,0.0,0.0,0.0,0.0,0.0,,,0.0,-4.2,3.7,-3.9,3235,3490.0,-0.4,0.0,557,-
4258,網屋,情報・通信業,1.0,★☆☆☆☆,0.0,0.0,0.0,0.0,1.0,0.0,0.0,0.0,,,0.0,-11.2,6.7,-5.3,3651,4220.0,-9.7,0.1,248,開示[自己株式の取得](14日前)
6651,日東工業,電気機器,1.0,★☆☆☆☆,0.0,0.0,0.0,0.0,1.0,0.0,0.0,0.0,,,0.0,-1.8,2.3,-0.1,4210,4415.0,0.2,0.0,326,-
2264,森永乳業,食料品,1.0,★☆☆☆☆,0.0,0.0,0.0,0.0,1.0,0.0,0.0,0.0,,,0.0,-16.8,2.8,-3.1,1104,1170.5,-1.1,0.1,1985,-
186A,アストロスケールホールディングス,サービス業,1.0,★☆☆☆☆,0.0,0.0,1.0,0.0,0.0,0.0,0.0,0.0,,,0.0,16.9,7.5,-2.4,950,1118.0,-10.1,0.1,5083,-
8086,ニプロ,精密機器,1.0,★☆☆☆☆,0.0,0.0,0.0,0.0,1.0,0.0,0.0,0.0,,,0.0,-13.1,2.4,-2.6,1484,1559.5,-2.1,0.1,1066,-
3105,日清紡ホールディングス,電気機器,1.0,★☆☆☆☆,0.0,0.0,0.0,0.0,1.0,0.0,0.0,0.0,,,0.0,-2.4,4.8,-4.1,1951,2159.5,0.6,0.0,2038,-
1976,明星工業,建設業,1.0,★☆☆☆☆,0.0,0.0,0.0,0.0,1.0,0.0,0.0,0.0,,,0.0,-18.2,2.6,-5.8,1661,1752.0,-1.9,0.0,195,-
2674,ハードオフコーポレーション,小売業,1.0,★☆☆☆☆,0.0,0.0,0.0,0.0,1.0,0.0,0.0,0.0,,,0.0,-19.4,3.0,-4.8,2525,2686.0,-3.8,0.0,227,-
3788,ＧＭＯグローバルサイン・ホールディングス,情報・通信業,1.0,★☆☆☆☆,0.0,0.0,1.0,0.0,0.0,0.0,0.0,0.0,,,0.0,-15.3,5.1,-5.9,1864,2076.0,-5.3,0.1,108,-
5444,大和工業,鉄鋼,1.0,★☆☆☆☆,0.0,0.0,0.0,0.0,1.0,0.0,0.0,0.0,,,0.0,-16.5,2.7,-5.0,11717,12375.0,2.7,0.0,2159,-
7157,ライフネット生命保険,保険業,1.0,★☆☆☆☆,0.0,0.0,1.0,0.0,0.0,0.0,0.0,0.0,,,0.0,-17.6,3.7,-5.7,1392,1502.0,0.9,0.0,492,-
7128,ユニソルホールディングス,卸売業,1.0,★☆☆☆☆,0.0,0.0,1.0,0.0,0.0,0.0,0.0,0.0,,,0.0,-5.9,2.8,-1.4,2669,2826.0,-1.8,0.1,408,-
9364,上組,倉庫・運輸関連業,1.0,★☆☆☆☆,0.0,0.0,0.0,0.0,1.0,0.0,0.0,0.0,,,0.0,-14.0,1.5,-2.8,4742,4884.0,1.0,0.1,1552,-
6471,日本精工,機械,1.0,★☆☆☆☆,0.0,0.0,1.0,0.0,0.0,0.0,0.0,0.0,,,0.0,-4.9,2.2,-1.9,1070,1119.5,0.4,0.1,2678,-
3360,シップヘルスケアホールディングス,卸売業,1.0,★☆☆☆☆,0.0,0.0,0.0,0.0,1.0,0.0,0.0,0.0,,,0.0,-14.4,2.1,-2.3,2261,2362.5,-2.0,0.0,615,-
3179,シュッピン,小売業,1.0,★☆☆☆☆,0.0,0.0,0.0,0.0,1.0,0.0,0.0,0.0,,,0.0,-14.8,3.5,-4.4,1137,1223.0,-4.8,0.0,158,-
5726,大阪チタニウムテクノロジーズ,非鉄金属,1.0,★☆☆☆☆,0.0,0.0,1.0,0.0,0.0,0.0,0.0,0.0,,,0.0,1.0,7.2,-5.6,2307,2694.0,-9.4,0.2,2166,-
5698,エンビプロ・ホールディングス,鉄鋼,1.0,★☆☆☆☆,0.0,0.0,1.0,0.0,0.0,0.0,0.0,0.0,,,0.0,-0.0,4.8,-2.0,714,791.0,-3.2,0.1,234,-
7888,三光合成,化学,1.0,★☆☆☆☆,0.0,0.0,0.0,0.0,1.0,0.0,0.0,0.0,,,0.0,-9.5,2.2,-1.3,877,917.0,-0.1,0.1,117,-
4091,日本酸素ホールディングス,化学,1.0,★☆☆☆☆,0.0,0.0,0.0,0.0,1.0,0.0,0.0,0.0,,,0.0,-9.8,2.5,-3.9,5362,5643.0,-0.3,0.0,2535,-
7990,グローブライド,その他製品,1.0,★☆☆☆☆,0.0,0.0,1.0,0.0,0.0,0.0,0.0,0.0,,,0.0,-9.1,3.1,-1.5,2331,2487.0,-0.5,0.1,295,-
4612,日本ペイントホールディングス,化学,1.0,★☆☆☆☆,0.0,0.0,0.0,0.0,1.0,0.0,0.0,0.0,,,0.0,-9.5,2.8,-0.9,1134,1200.5,0.2,0.0,4380,-
7581,サイゼリヤ,小売業,1.0,★☆☆☆☆,0.0,0.0,0.0,0.0,1.0,0.0,0.0,0.0,,,0.0,-19.0,2.5,-4.2,6900,7270.0,-1.0,0.1,3914,-
6547,グリーンズ,サービス業,1.0,★☆☆☆☆,0.0,0.0,1.0,0.0,0.0,0.0,0.0,0.0,,,0.0,-12.9,3.7,-1.8,1936,2088.0,2.9,0.0,171,-
6472,ＮＴＮ,機械,1.0,★☆☆☆☆,0.0,0.0,1.0,0.0,0.0,0.0,0.0,0.0,,,0.0,-3.0,2.5,-1.2,358,376.8999938964844,1.3,0.1,1376,-
3288,オープンハウスグループ,不動産業,0.2,★☆☆☆☆,0.0,0.0,0.0,0.0,0.0,0.0,0.2,0.0,,,0.0,-16.0,2.3,-3.8,7605,7976.0,-1.7,0.1,2764,開示[自己株式の取得](13日前)
4425,Ｋｕｄａｎ,情報・通信業,0.0,★☆☆☆☆,0.0,0.0,0.0,0.0,0.0,0.0,0.0,0.0,,,0.0,-11.2,6.1,-9.5,1278,1457.0,-8.7,0.2,304,-
3798,ＵＬＳグループ,情報・通信業,0.0,★☆☆☆☆,0.0,0.0,0.0,0.0,0.0,0.0,0.0,0.0,,,0.0,-15.3,3.3,-2.8,496,531.0,-0.4,0.2,131,-
7201,日産自動車,輸送用機器,0.0,★☆☆☆☆,0.0,0.0,0.0,0.0,0.0,0.0,0.0,0.0,,,0.0,-17.7,3.2,-4.4,298,318.1000061035156,-5.7,0.2,11143,-
3769,ＧＭＯペイメントゲートウェイ,情報・通信業,0.0,★☆☆☆☆,0.0,0.0,0.0,0.0,0.0,0.0,0.0,0.0,,,0.0,-13.6,4.3,-1.7,8720,9534.0,1.3,0.1,2920,-
7202,いすゞ自動車,輸送用機器,0.0,★☆☆☆☆,0.0,0.0,0.0,0.0,0.0,0.0,0.0,0.0,,,0.0,-15.9,2.1,-2.2,2143,2238.0,0.4,0.1,6345,-
1979,大氣社,建設業,0.0,★☆☆☆☆,0.0,0.0,0.0,0.0,0.0,0.0,0.0,0.0,,,0.0,-13.0,3.1,-4.9,3704,3945.0,-0.4,0.0,1207,-
3405,クラレ,化学,0.0,★☆☆☆☆,0.0,0.0,0.0,0.0,0.0,0.0,0.0,0.0,,,0.0,-11.4,3.0,-2.8,1691,1799.0,-1.8,0.0,3997,-
3064,ＭｏｎｏｔａＲＯ,小売業,0.0,★☆☆☆☆,0.0,0.0,0.0,0.0,0.0,0.0,0.0,0.0,,,0.0,-16.8,2.8,-2.0,1764,1867.5,0.4,0.1,4090,-
8715,アニコム　ホールディングス,保険業,0.0,★☆☆☆☆,0.0,0.0,0.0,0.0,0.0,0.0,0.0,0.0,,,0.0,-14.6,4.4,-3.9,1023,1121.0,0.3,0.0,467,-
4051,ＧＭＯフィナンシャルゲート,情報・通信業,0.0,★☆☆☆☆,0.0,0.0,0.0,0.0,0.0,0.0,0.0,0.0,,,0.0,-1.2,4.0,-0.3,6004,6530.0,-4.7,0.1,202,-
5334,日本特殊陶業,ガラス・土石製品,0.0,★☆☆☆☆,0.0,0.0,0.0,0.0,0.0,0.0,0.0,0.0,,,0.0,-11.2,2.6,-7.4,8198,8649.0,-3.2,0.1,8650,-
2980,ＳＲＥホールディングス,不動産業,0.0,★☆☆☆☆,0.0,0.0,0.0,0.0,0.0,0.0,0.0,0.0,,,0.0,-12.7,3.4,-4.3,2270,2436.0,0.7,0.1,865,-
3382,セブン＆アイ・ホールディングス,小売業,0.0,★☆☆☆☆,0.0,0.0,0.0,0.0,0.0,0.0,0.0,0.0,,,0.0,-16.9,1.7,-2.8,1950,2020.5,-0.6,0.2,15674,-
3984,ユーザーローカル,情報・通信業,0.0,★☆☆☆☆,0.0,0.0,0.0,0.0,0.0,0.0,0.0,0.0,,,0.0,-21.9,4.6,-8.4,1380,1518.0,-5.9,0.1,214,-
4617,中国塗料,化学,0.0,★☆☆☆☆,0.0,0.0,0.0,0.0,0.0,0.0,0.0,0.0,,,0.0,-6.2,2.5,-0.5,3429,3610.0,-1.1,0.0,753,-
7238,曙ブレーキ工業,輸送用機器,0.0,★☆☆☆☆,0.0,0.0,0.0,0.0,0.0,0.0,0.0,0.0,,,0.0,-6.5,2.6,-1.8,101,107.0,-1.8,0.1,241,-
3415,ＴＯＫＹＯ　ＢＡＳＥ,小売業,0.0,★☆☆☆☆,0.0,0.0,0.0,0.0,0.0,0.0,0.0,0.0,,,0.0,-15.0,2.3,-2.8,359,377.0,0.5,0.1,143,-
7419,ノジマ,小売業,0.0,★☆☆☆☆,0.0,0.0,0.0,0.0,0.0,0.0,0.0,0.0,,,0.0,-18.6,1.6,-3.5,1242,1284.0,0.5,0.1,1030,-
262A,インターメスティック,小売業,0.0,★☆☆☆☆,0.0,0.0,0.0,0.0,0.0,0.0,0.0,0.0,,,0.0,-9.5,4.1,-3.2,1685,1836.0,-2.1,0.1,478,-
7972,イトーキ,その他製品,0.0,★☆☆☆☆,0.0,0.0,0.0,0.0,0.0,0.0,0.0,0.0,,,0.0,-15.9,3.4,-4.2,2435,2615.0,2.2,0.1,585,-
4704,トレンドマイクロ,情報・通信業,0.0,★☆☆☆☆,0.0,0.0,0.0,0.0,0.0,0.0,0.0,0.0,,,0.0,-23.7,4.4,-9.0,5129,5629.0,-1.4,0.1,6420,-
5408,中山製鋼所,鉄鋼,0.0,★☆☆☆☆,0.0,0.0,0.0,0.0,0.0,0.0,0.0,0.0,,,0.0,-8.8,2.2,-0.4,613,642.0,0.2,0.1,175,-
5834,ＳＢＩリーシングサービス,証券、商品先物取引業,0.0,★☆☆☆☆,0.0,0.0,0.0,0.0,0.0,0.0,0.0,0.0,,,0.0,-13.3,2.2,-1.8,2598,2718.0,-1.6,0.0,171,-
4755,楽天グループ,サービス業,0.0,★☆☆☆☆,0.0,0.0,0.0,0.0,0.0,0.0,0.0,0.0,,,0.0,-13.3,3.8,-2.5,724,783.7000122070312,0.4,0.1,14799,-
4819,デジタルガレージ,情報・通信業,0.0,★☆☆☆☆,0.0,0.0,0.0,0.0,0.0,0.0,0.0,0.0,,,0.0,-12.9,3.9,-3.1,2059,2231.0,-3.4,0.0,609,-
3299,ムゲンエステート,不動産業,0.0,★☆☆☆☆,0.0,0.0,0.0,0.0,0.0,0.0,0.0,0.0,,,0.0,-18.3,2.9,-4.3,1642,1743.0,1.1,0.0,313,-
8848,レオパレス２１,不動産業,0.0,★☆☆☆☆,0.0,0.0,0.0,0.0,0.0,0.0,0.0,0.0,,,0.0,-16.3,2.5,-3.3,597,628.0,-0.6,0.2,691,-
7600,日本エム・ディ・エム,精密機器,0.0,★☆☆☆☆,0.0,0.0,0.0,0.0,0.0,0.0,0.0,0.0,,,0.0,-14.3,4.1,-4.9,763,830.0,-1.8,0.0,234,-
3983,オロ,情報・通信業,0.0,★☆☆☆☆,0.0,0.0,0.0,0.0,0.0,0.0,0.0,0.0,,,0.0,-13.3,2.6,-5.0,1968,2075.0,-4.9,0.4,102,-
6378,木村化工機,機械,0.0,★☆☆☆☆,0.0,0.0,0.0,0.0,0.0,0.0,0.0,0.0,,,0.0,-3.9,3.1,-1.2,1147,1223.0,-1.5,0.1,146,-
3837,アドソル日進,情報・通信業,0.0,★☆☆☆☆,0.0,0.0,0.0,0.0,0.0,0.0,0.0,0.0,,,0.0,-13.0,3.3,-3.2,1342,1435.0,-5.6,0.1,148,-
3656,ＫＬａｂ,情報・通信業,0.0,★☆☆☆☆,0.0,0.0,0.0,0.0,0.0,0.0,0.0,0.0,,,0.0,-15.9,4.3,-8.6,177,194.0,-1.0,0.1,733,-
