code,name,sector,score,stars,linkage,theme,supply,etf,tech,fund,material,penalty,signal,driver,gap_pct,rs20,atr_pct,dev25,stop,close,chg5d,v_ratio,turnover_m,reasons_str
6501,日立製作所,電気機器,51.400000000000006,★★★☆☆,17.8,19.9,2.0,0.0,5.7,6.0,0.0,0.0,見送り(地合い🔴),Emerson,2.4,19.3,2.8,3.4,4614,4890.0,2.0,1.1,54668,Emerson+8.7%連動(β0.48) 未反応+2.4% / 量子(+6.9%)
6638,ミマキエンジニアリング,電気機器,43.3,★★☆☆☆,22.3,0.0,3.0,0.0,12.0,6.0,0.0,0.0,見送り(地合い🔴),Emerson,8.6,27.4,4.5,5.6,1924,2113.0,-0.5,1.0,241,Emerson+8.7%連動(β0.47) 未反応+8.6% / MA上昇配列 / パーフェクトオーダー / ROE19% / PER9倍
8609,岡三証券グループ,証券、商品先物取引業,43.1,★★☆☆☆,19.1,0.0,3.0,0.0,12.0,9.0,0.0,0.0,見送り(地合い🔴),Emerson,5.2,17.9,2.7,2.9,983,1039.0,-0.9,1.2,394,Emerson+8.7%連動(β0.33) 未反応+5.2% / MA上昇配列 / パーフェクトオーダー / 増収+32% / PER10倍
8750,第一ライフグループ,保険業,41.4,★★☆☆☆,15.9,0.0,3.0,0.0,13.5,9.0,0.0,0.0,見送り(地合い🔴),Emerson,2.8,19.7,2.5,3.5,1806,1902.5,1.3,1.3,18879,Emerson+8.7%連動(β0.35) 未反応+2.8% / MA上昇配列 / パーフェクトオーダー / 52週高値目前 / 増収+26% / PER16倍
8308,りそなホールディングス,銀行業,40.6,★★☆☆☆,20.3,0.0,4.3,0.0,7.0,9.0,0.0,0.0,見送り(地合い🔴),Emerson,5.8,17.9,3.3,0.0,2117,2265.0,-0.9,1.4,20829,Emerson+8.7%連動(β0.38) 未反応+5.8% / 買い出来高優勢 / MA上昇配列 / パーフェクトオーダー / 増収+16% / PER20倍
7189,西日本フィナンシャルホールディングス,銀行業,40.5,★★☆☆☆,16.5,0.0,4.0,0.0,12.0,8.0,0.0,0.0,見送り(地合い🔴),Emerson,2.8,15.8,3.1,2.4,4124,4395.0,1.5,2.0,1726,Emerson+8.7%連動(β0.37) 未反応+2.8% / MA上昇配列 / パーフェクトオーダー / 増収+28% / PER0倍
8309,三井住友トラストグループ,銀行業,40.400000000000006,★★☆☆☆,17.1,0.0,4.3,0.0,11.0,8.0,0.0,0.0,見送り(地合い🔴),Emerson,3.6,22.7,2.4,4.7,6450,6769.0,0.5,1.3,16897,Emerson+8.7%連動(β0.29) 未反応+3.6% / 買い出来高優勢 / MA上昇配列 / パーフェクトオーダー / 52週高値目前 / 増収+18% / PER15倍
8601,大和証券グループ本社,証券、商品先物取引業,40.2,★★☆☆☆,19.9,0.0,3.3,0.0,11.0,6.0,0.0,0.0,見送り(地合い🔴),Emerson,4.1,25.9,2.7,5.5,1736,1836.0,-0.6,0.9,8182,Emerson+8.7%連動(β0.36) 未反応+4.1% / 買い出来高優勢 / MA上昇配列 / パーフェクトオーダー / 52週高値目前 / PER15倍
8714,池田泉州ホールディングス,銀行業,40.0,★★☆☆☆,12.8,0.0,5.7,0.0,13.5,8.0,0.0,0.0,見送り(地合い🔴),Emerson,1.9,18.7,3.3,4.5,990,1061.0,3.7,3.6,1161,Emerson+8.7%連動(β0.33) 未反応+1.9% / 出来高急増3.6倍 / MA上昇配列 / パーフェクトオーダー / 52週高値目前 / 増収+36% / PER17倍
8411,みずほフィナンシャルグループ,銀行業,39.8,★☆☆☆☆,19.6,0.0,3.0,0.0,8.2,9.0,0.0,0.0,見送り(地合い🔴),Emerson,6.8,17.6,3.5,0.4,7635,8210.0,-1.1,1.3,76701,Emerson+8.7%連動(β0.35) 未反応+6.8% / MA上昇配列 / パーフェクトオーダー / 増収+45% / PER17倍
8338,筑波銀行,銀行業,39.7,★☆☆☆☆,21.0,0.0,1.0,0.0,10.7,7.0,0.0,0.0,見送り(地合い🔴),Emerson,5.4,15.2,4.2,3.6,604,660.0,3.6,1.2,1054,Emerson+8.7%連動(β0.41) 未反応+5.4% / MA上昇配列 / パーフェクトオーダー / 増収+45% / PER8倍
8616,東海東京フィナンシャル・ホールディングス,証券、商品先物取引業,39.7,★☆☆☆☆,17.7,0.0,2.0,0.0,12.0,8.0,0.0,0.0,見送り(地合い🔴),Emerson,4.2,15.4,2.4,2.5,758,796.0,-0.7,1.0,582,Emerson+8.7%連動(β0.26) 未反応+4.2% / MA上昇配列 / パーフェクトオーダー / 増収+27% / PER12倍
5480,日本冶金工業,鉄鋼,39.7,★☆☆☆☆,19.9,0.0,3.3,0.0,13.5,3.0,0.0,0.0,見送り(地合い🔴),Emerson,4.3,18.2,2.2,3.1,4840,5060.0,-0.8,0.7,338,Emerson+8.7%連動(β0.36) 未反応+4.3% / 買い出来高優勢 / MA上昇配列 / パーフェクトオーダー / 52週高値目前 / PER10倍
8604,野村ホールディングス,証券、商品先物取引業,39.7,★☆☆☆☆,20.5,0.0,2.0,0.0,8.2,9.0,0.0,0.0,見送り(地合い🔴),Emerson,5.4,21.3,3.0,3.6,1476,1571.0,-1.0,0.9,15990,Emerson+8.7%連動(β0.39) 未反応+5.4% / MA上昇配列 / パーフェクトオーダー / 増収+28% / PER13倍
6702,富士通,電気機器,39.599999999999994,★☆☆☆☆,0.0,19.9,6.7,0.0,7.0,6.0,0.0,0.0,見送り(地合い🔴),,0.0,23.0,3.2,11.7,3463,3700.0,11.8,2.6,24910,量子(+6.9%) / 出来高増2.6倍 / 買い出来高優勢 / ROE16% / PER21倍
8367,南都銀行,銀行業,39.5,★☆☆☆☆,15.0,0.0,3.0,0.0,13.5,8.0,0.0,0.0,見送り(地合い🔴),Emerson,2.9,17.1,3.0,2.9,1782,1894.0,1.1,1.5,771,Emerson+8.7%連動(β0.29) 未反応+2.9% / MA上昇配列 / パーフェクトオーダー / 52週高値目前 / 増収+17% / PER17倍
8591,オリックス,その他金融業,39.4,★☆☆☆☆,19.2,0.0,3.0,0.0,8.2,9.0,0.0,0.0,見送り(地合い🔴),Emerson,5.6,14.5,2.7,0.3,6050,6400.0,-1.6,1.4,19126,Emerson+8.7%連動(β0.33) 未反応+5.6% / MA上昇配列 / パーフェクトオーダー / 増収+28% / PER16倍
8359,八十二長野銀行,銀行業,39.4,★☆☆☆☆,16.4,0.0,4.3,0.0,10.7,8.0,0.0,0.0,見送り(地合い🔴),Emerson,3.2,19.5,3.0,3.3,2455,2609.5,1.2,1.5,3441,Emerson+8.7%連動(β0.32) 未反応+3.2% / 買い出来高優勢 / MA上昇配列 / パーフェクトオーダー / 増収+170% / PER18倍
7180,九州フィナンシャルグループ,銀行業,39.3,★☆☆☆☆,20.3,0.0,2.0,0.0,12.0,5.0,0.0,0.0,見送り(地合い🔴),Emerson,4.9,18.0,3.0,2.9,1466,1560.5,0.5,1.1,1827,Emerson+8.7%連動(β0.38) 未反応+4.9% / MA上昇配列 / パーフェクトオーダー / PER18倍
8306,三菱ＵＦＪフィナンシャル・グループ,銀行業,39.2,★☆☆☆☆,16.9,0.0,4.3,0.0,12.0,6.0,0.0,0.0,見送り(地合い🔴),Emerson,3.2,24.3,3.0,5.8,3444,3661.0,2.3,1.5,146528,Emerson+8.7%連動(β0.34) 未反応+3.2% / 買い出来高優勢 / MA上昇配列 / パーフェクトオーダー / PER17倍
5805,ＳＷＣＣ,非鉄金属,39.2,★☆☆☆☆,21.7,6.0,1.0,0.0,1.5,9.0,0.0,0.0,見送り(地合い🔴),Emerson,7.8,-9.5,5.8,-11.0,9523,10780.0,0.3,1.3,4407,Emerson+8.7%連動(β0.45) 未反応+7.8% / 光通信・電線(-7.5%) / 増収+27% / ROE21% / PER17倍
8354,ふくおかフィナンシャルグループ,銀行業,39.0,★☆☆☆☆,17.3,0.0,3.0,0.0,10.7,8.0,0.0,0.0,見送り(地合い🔴),Emerson,3.1,19.9,2.9,3.9,7105,7550.0,1.9,1.2,4672,Emerson+8.7%連動(β0.36) 未反応+3.1% / MA上昇配列 / パーフェクトオーダー / 増収+103% / PER17倍
6326,クボタ,機械,38.9,★☆☆☆☆,20.7,0.0,2.0,0.0,9.7,6.5,0.0,0.0,見送り(地合い🔴),Emerson,4.1,11.8,2.8,0.3,2595,2746.5,-0.2,1.2,7707,Emerson+8.7%連動(β0.40) 未反応+4.1% / MA上昇配列 / パーフェクトオーダー / PER17倍
8368,百五銀行,銀行業,38.7,★☆☆☆☆,19.5,0.0,3.0,0.0,8.2,8.0,0.0,0.0,見送り(地合い🔴),Emerson,4.1,13.6,3.7,0.2,1884,2036.0,0.6,1.5,1472,Emerson+8.7%連動(β0.34) 未反応+4.1% / MA上昇配列 / パーフェクトオーダー / 増収+55% / PER18倍
7380,十六フィナンシャルグループ,銀行業,38.5,★☆☆☆☆,18.6,0.0,2.0,0.0,8.2,8.0,1.7,0.0,見送り(地合い🔴),Emerson,3.8,15.7,3.9,3.1,2310,2507.0,2.6,0.8,1211,Emerson+8.7%連動(β0.33) 未反応+3.8% / MA上昇配列 / パーフェクトオーダー / 開示[増配](6日前) / 増収+31% / PER17倍
6841,横河電機,電気機器,38.5,★☆☆☆☆,19.3,0.0,2.0,0.0,10.7,6.5,0.0,0.0,見送り(地合い🔴),Emerson,4.2,11.4,3.5,0.4,5261,5655.0,-0.9,1.0,5878,Emerson+8.7%連動(β0.33) 未反応+4.2% / MA上昇配列 / パーフェクトオーダー / PER25倍
8388,阿波銀行,銀行業,38.4,★☆☆☆☆,6.7,0.0,7.7,0.0,13.5,8.0,2.5,0.0,見送り(地合い🔴),Emerson,-4.7,32.8,3.7,14.1,8120,8770.0,9.8,3.1,929,Emerson+8.7%連動(β0.31) / 出来高急増3.1倍 / MA上昇配列 / パーフェクトオーダー / 52週高値目前 / 開示[業績予想の修正](0日前) / 増収+28% / PER22倍
6504,富士電機,電気機器,38.4,★☆☆☆☆,21.4,6.0,2.0,0.0,1.5,7.5,0.0,0.0,見送り(地合い🔴),Emerson,7.7,0.8,4.4,-6.3,11316,12420.0,-1.2,1.5,11405,Emerson+8.7%連動(β0.43) 未反応+7.7% / AIデータセンター・電力(-0.8%) / PER20倍
8377,ほくほくフィナンシャルグループ,銀行業,38.3,★☆☆☆☆,11.6,0.0,4.3,0.0,12.0,9.0,1.4,0.0,見送り(地合い🔴),Emerson,1.2,25.3,3.9,5.8,7095,7696.0,3.9,1.4,3246,Emerson+8.7%連動(β0.37) 未反応+1.2% / 買い出来高優勢 / MA上昇配列 / パーフェクトオーダー / 開示[株式分割](4日前) / 増収+65% / PER16倍
8418,山口フィナンシャルグループ,銀行業,38.2,★☆☆☆☆,18.0,0.0,2.0,0.0,10.7,6.0,1.5,0.0,見送り(地合い🔴),Emerson,3.7,16.6,3.1,2.2,2868,3058.0,0.3,1.0,1671,Emerson+8.7%連動(β0.32) 未反応+3.7% / MA上昇配列 / パーフェクトオーダー / 開示[自己株式の取得](7日前) / 増収+69% / PER19倍
8795,Ｔ＆Ｄホールディングス,保険業,38.099999999999994,★☆☆☆☆,18.9,0.0,2.0,0.0,9.7,7.5,0.0,0.0,見送り(地合い🔴),Emerson,3.8,17.8,2.4,2.3,4786,5032.0,0.7,1.0,7845,Emerson+8.7%連動(β0.35) 未反応+3.8% / MA上昇配列 / パーフェクトオーダー / 52週高値目前 / PER18倍
8341,七十七銀行,銀行業,38.0,★☆☆☆☆,13.8,0.0,3.0,0.0,12.2,9.0,0.0,0.0,見送り(地合い🔴),Emerson,2.3,17.7,3.1,3.0,3359,3580.0,2.4,1.3,1823,Emerson+8.7%連動(β0.32) 未反応+2.3% / MA上昇配列 / パーフェクトオーダー / 52週高値目前 / 増収+24% / PER15倍
6951,日本電子,電気機器,37.3,★☆☆☆☆,20.8,0.0,2.0,0.0,8.5,6.0,0.0,0.0,見送り(地合い🔴),Emerson,10.0,16.7,4.9,1.0,7043,7812.0,-6.4,1.0,2831,Emerson+8.7%連動(β0.40) 未反応+10.0% / MA上昇配列 / パーフェクトオーダー / ROE16% / PER18倍
8331,千葉銀行,銀行業,37.1,★☆☆☆☆,17.6,0.0,3.3,0.0,8.2,8.0,0.0,0.0,見送り(地合い🔴),Emerson,3.3,19.6,3.3,2.2,2523,2702.0,1.6,1.0,6726,Emerson+8.7%連動(β0.35) 未反応+3.3% / 買い出来高優勢 / MA上昇配列 / パーフェクトオーダー / 増収+23% / PER20倍
7182,ゆうちょ銀行,銀行業,37.0,★☆☆☆☆,17.8,0.0,3.0,0.0,8.2,8.0,0.0,0.0,見送り(地合い🔴),Emerson,6.9,16.1,3.2,0.3,3049,3256.0,-2.7,1.2,19730,Emerson+8.7%連動(β0.27) 未反応+6.9% / MA上昇配列 / パーフェクトオーダー / 増収+40% / PER22倍
7012,川崎重工業,輸送用機器,36.5,★☆☆☆☆,23.0,6.0,1.0,0.0,1.5,5.0,0.0,0.0,見送り(地合い🔴),Emerson,6.7,2.2,4.3,-4.7,2446,2674.5,-0.1,0.5,43667,Emerson+8.7%連動(β0.50) 未反応+6.7% / 防衛(-0.5%) / PER21倍
8524,北洋銀行,銀行業,36.4,★☆☆☆☆,15.4,0.0,2.0,0.0,12.0,7.0,0.0,0.0,見送り(地合い🔴),Emerson,2.4,19.9,3.8,4.7,1119,1211.0,1.5,1.0,2266,Emerson+8.7%連動(β0.37) 未反応+2.4% / MA上昇配列 / パーフェクトオーダー / 増収+144% / PER18倍
6432,竹内製作所,機械,36.3,★☆☆☆☆,15.1,0.0,2.0,0.0,10.7,8.5,0.0,0.0,見送り(地合い🔴),Emerson,1.8,13.6,4.3,1.8,6790,7430.0,3.6,0.7,2431,Emerson+8.7%連動(β0.44) 未反応+1.8% / MA上昇配列 / パーフェクトオーダー / ROE16% / PER12倍
6103,オークマ,機械,36.3,★☆☆☆☆,21.1,0.0,1.0,0.0,8.2,6.0,0.0,0.0,見送り(地合い🔴),Emerson,5.1,16.2,3.7,0.3,4464,4820.0,-1.1,1.0,2373,Emerson+8.7%連動(β0.42) 未反応+5.1% / MA上昇配列 / パーフェクトオーダー / 増収+20% / PER23倍
8550,栃木銀行,銀行業,36.0,★☆☆☆☆,18.0,0.0,3.3,0.0,10.7,4.0,0.0,0.0,見送り(地合い🔴),Emerson,3.2,17.9,4.1,3.8,928,1011.0,3.0,0.9,756,Emerson+8.7%連動(β0.38) 未反応+3.2% / 買い出来高優勢 / MA上昇配列 / パーフェクトオーダー / PER13倍
1515,日鉄鉱業,鉱業,36.0,★☆☆☆☆,17.5,0.0,2.0,0.0,10.0,6.5,0.0,0.0,見送り(地合い🔴),Emerson,2.6,31.1,5.0,12.0,2564,2849.0,2.6,1.3,1440,Emerson+8.7%連動(β0.44) 未反応+2.6% / MA上昇配列 / パーフェクトオーダー / PER16倍
8395,佐賀銀行,銀行業,35.9,★☆☆☆☆,11.6,0.0,5.3,0.0,12.0,7.0,0.0,0.0,見送り(地合い🔴),Emerson,1.7,20.3,3.7,5.1,5386,5820.0,2.6,1.6,269,Emerson+8.7%連動(β0.30) 未反応+1.7% / 買い出来高優勢 / MA上昇配列 / パーフェクトオーダー / 増収+98% / PER12倍
4028,石原産業,化学,35.8,★☆☆☆☆,19.8,0.0,1.0,0.0,6.0,9.0,0.0,0.0,見送り(地合い🔴),Emerson,7.0,9.9,3.2,0.5,2710,2898.0,-2.9,1.5,770,Emerson+8.7%連動(β0.36) 未反応+7.0% / 増収+18% / PER7倍
6954,ファナック,電気機器,35.8,★☆☆☆☆,21.8,6.0,2.0,0.0,0.0,6.0,0.0,0.0,見送り(地合い🔴),Emerson,11.2,0.7,5.0,-9.4,5741,6373.0,-5.9,1.2,37961,Emerson+8.7%連動(β0.45) 未反応+11.2% / ロボット(-8.4%)
6508,明電舎,電気機器,35.4,★☆☆☆☆,20.9,6.0,1.0,0.0,0.0,7.5,0.0,0.0,見送り(地合い🔴),Emerson,10.3,-4.9,4.5,-10.1,7617,8370.0,-4.5,1.2,1530,Emerson+8.7%連動(β0.41) 未反応+10.3% / AIデータセンター・電力(-0.8%) / PER16倍
7186,横浜フィナンシャルグループ,銀行業,35.4,★☆☆☆☆,12.4,0.0,4.3,0.0,10.7,8.0,0.0,0.0,見送り(地合い🔴),Emerson,1.6,21.9,3.2,4.3,1804,1925.5,3.2,1.4,6459,Emerson+8.7%連動(β0.35) 未反応+1.6% / 買い出来高優勢 / MA上昇配列 / パーフェクトオーダー / 増収+21% / PER21倍
8316,三井住友フィナンシャルグループ,銀行業,35.3,★☆☆☆☆,19.1,0.0,3.0,0.0,8.2,5.0,0.0,0.0,見送り(地合い🔴),Emerson,4.8,19.6,2.8,2.4,6547,6934.0,-0.2,1.2,83469,Emerson+8.7%連動(β0.33) 未反応+4.8% / MA上昇配列 / パーフェクトオーダー / PER17倍
7729,東京精密,精密機器,35.2,★☆☆☆☆,22.2,6.0,1.0,0.0,0.0,6.0,0.0,0.0,見送り(地合い🔴),Emerson,15.8,-6.1,7.2,-13.4,13783,16120.0,-11.4,1.5,9531,Emerson+8.7%連動(β0.47) 未反応+15.8% / HBM・後工程(-13.7%)
4189,ＫＨネオケム,化学,35.1,★☆☆☆☆,18.6,0.0,2.0,0.0,9.5,5.0,0.0,0.0,見送り(地合い🔴),Emerson,4.1,11.6,2.5,1.2,2860,3010.0,-0.8,0.9,369,Emerson+8.7%連動(β0.30) 未反応+4.1% / MA上昇配列 / パーフェクトオーダー / PER14倍
8698,マネックスグループ,証券、商品先物取引業,35.1,★☆☆☆☆,21.6,0.0,3.0,0.0,5.5,5.0,0.0,0.0,見送り(地合い🔴),Emerson,10.3,25.7,3.6,2.4,660,712.0,-5.9,0.6,2558,Emerson+8.7%連動(β0.44) 未反応+10.3% / MA上昇配列 / PER17倍
5975,東プレ,金属製品,34.9,★☆☆☆☆,16.4,0.0,1.0,0.0,12.0,5.5,0.0,0.0,見送り(地合い🔴),Emerson,3.0,12.5,2.1,3.0,2616,2732.0,3.0,0.7,183,Emerson+8.7%連動(β0.34) 未反応+3.0% / MA上昇配列 / パーフェクトオーダー / PER7倍
6323,ローツェ,機械,34.8,★☆☆☆☆,18.8,6.0,3.0,0.0,0.0,7.0,0.0,0.0,見送り(地合い🔴),Skyworks,17.6,-4.9,10.9,-16.5,2992,3828.0,-11.9,1.0,14511,Skyworks+7.0%連動(β0.39) 未反応+17.6% / 半導体製造装置(-14.0%) / ROE15%
6250,やまびこ,機械,34.8,★☆☆☆☆,13.8,0.0,3.3,0.0,10.7,7.0,0.0,0.0,見送り(地合い🔴),Emerson,2.0,9.1,3.1,0.3,3589,3830.0,0.4,2.2,294,Emerson+8.7%連動(β0.35) 未反応+2.0% / 出来高増2.2倍 / MA上昇配列 / パーフェクトオーダー / 増収+61% / PER11倍
4062,イビデン,電気機器,34.7,★☆☆☆☆,23.7,6.0,0.0,0.0,0.0,5.0,0.0,0.0,見送り(地合い🔴),Emerson,23.3,-27.0,11.9,-27.4,11306,14855.0,-14.7,0.9,165382,Emerson+8.7%連動(β0.54) 未反応+23.3% / HBM・後工程(-13.7%) / 増収+19%
6463,ＴＰＲ,機械,34.4,★☆☆☆☆,14.4,0.0,2.0,0.0,13.5,4.5,0.0,0.0,見送り(地合い🔴),Emerson,2.6,12.8,2.2,2.1,1380,1442.0,1.1,1.2,188,Emerson+8.7%連動(β0.31) 未反応+2.6% / MA上昇配列 / パーフェクトオーダー / 52週高値目前 / PER10倍
5802,住友電気工業,非鉄金属,34.3,★☆☆☆☆,21.8,6.0,0.0,0.0,0.0,6.5,0.0,0.0,見送り(地合い🔴),Emerson,14.7,-14.2,7.1,-16.0,1877,2187.5,-6.4,1.0,51386,Emerson+8.7%連動(β0.45) 未反応+14.7% / 光通信・電線(-7.5%) / PER18倍
8522,名古屋銀行,銀行業,34.3,★☆☆☆☆,13.8,0.0,2.0,0.0,12.0,6.5,0.0,0.0,見送り(地合い🔴),Emerson,1.8,23.0,3.7,5.3,6234,6730.0,2.4,0.9,961,Emerson+8.7%連動(β0.38) 未反応+1.8% / MA上昇配列 / パーフェクトオーダー / PER16倍
7327,第四北越フィナンシャルグループ,銀行業,34.1,★☆☆☆☆,14.1,0.0,2.0,0.0,12.0,6.0,0.0,0.0,見送り(地合い🔴),Emerson,2.5,19.0,2.9,3.9,2192,2328.0,1.8,1.0,1803,Emerson+8.7%連動(β0.30) 未反応+2.5% / MA上昇配列 / パーフェクトオーダー / PER14倍
8015,豊田通商,卸売業,34.1,★☆☆☆☆,19.1,0.0,1.0,0.0,7.0,7.0,0.0,0.0,見送り(地合い🔴),Emerson,3.4,18.7,3.2,4.3,6052,6465.0,-0.6,1.3,14745,Emerson+8.7%連動(β0.41) 未反応+3.4% / 増収+20% / PER18倍
4063,信越化学工業,化学,34.0,★☆☆☆☆,21.1,0.0,3.3,0.0,0.0,7.5,2.1,0.0,見送り(地合い🔴),Emerson,20.6,-5.1,5.3,-16.8,5255,5872.0,-18.5,2.1,55844,Emerson+8.7%連動(β0.42) 未反応+20.6% / 出来高増2.1倍 / 開示[自己株式取得](4日前) / PER23倍
7888,三光合成,化学,34.0,★☆☆☆☆,20.0,0.0,1.0,0.0,9.0,4.0,0.0,0.0,見送り(地合い🔴),Emerson,6.8,30.7,3.5,11.1,850,914.0,-4.2,1.1,169,Emerson+8.7%連動(β0.37) 未反応+6.8% / MA上昇配列
6240,ヤマシンフィルタ,機械,34.0,★☆☆☆☆,22.0,0.0,2.0,0.0,6.0,4.0,0.0,0.0,見送り(地合い🔴),Emerson,4.6,16.0,2.8,3.8,505,535.0,2.5,1.5,158,Emerson+8.7%連動(β0.46) 未反応+4.6% / PER22倍
8035,東京エレクトロン,電気機器,33.8,★☆☆☆☆,22.3,6.0,0.0,0.0,0.0,5.5,0.0,0.0,見送り(地合い🔴),Emerson,19.3,-14.9,7.6,-20.3,47370,55920.0,-16.0,1.0,291996,Emerson+8.7%連動(β0.47) 未反応+19.3% / 半導体製造装置(-14.0%) / ROE29%
5970,ジーテクト,金属製品,33.8,★☆☆☆☆,12.8,0.0,2.0,0.0,12.0,7.0,0.0,0.0,見送り(地合い🔴),Emerson,2.3,12.7,1.5,2.7,2076,2142.0,0.4,0.7,221,Emerson+8.7%連動(β0.27) 未反応+2.3% / MA上昇配列 / パーフェクトオーダー / 増収+17% / PER7倍
6506,安川電機,電気機器,33.5,★☆☆☆☆,23.5,6.0,1.0,0.0,0.0,3.0,0.0,0.0,見送り(地合い🔴),Emerson,13.4,-20.8,8.7,-24.3,3933,4756.0,-7.1,1.2,49159,Emerson+8.7%連動(β0.53) 未反応+13.4% / ロボット(-8.4%)
6857,アドバンテスト,電気機器,33.2,★☆☆☆☆,19.2,6.0,1.0,0.0,0.0,7.0,0.0,0.0,見送り(地合い🔴),Skyworks,16.6,-9.9,8.5,-15.0,21196,25510.0,-13.9,1.2,250860,Skyworks+7.0%連動(β0.41) 未反応+16.6% / HBM・後工程(-13.7%) / 増収+41% / ROE58%
8336,武蔵野銀行,銀行業,33.2,★☆☆☆☆,12.7,0.0,2.0,0.0,12.0,6.5,0.0,0.0,見送り(地合い🔴),Emerson,2.0,16.8,3.0,4.0,2542,2706.0,1.8,1.1,792,Emerson+8.7%連動(β0.31) 未反応+2.0% / MA上昇配列 / パーフェクトオーダー / PER18倍
7240,ＮＯＫ,輸送用機器,33.1,★☆☆☆☆,14.1,0.0,4.0,0.0,12.0,3.0,0.0,0.0,見送り(地合い🔴),Emerson,2.7,13.3,2.1,1.8,2874,2997.5,1.6,1.6,1121,Emerson+8.7%連動(β0.28) 未反応+2.7% / MA上昇配列 / パーフェクトオーダー / PER11倍
6302,住友重機械工業,機械,32.7,★☆☆☆☆,16.5,0.0,2.0,0.0,9.7,4.5,0.0,0.0,見送り(地合い🔴),Emerson,2.7,13.5,3.4,0.4,4896,5252.0,3.4,1.4,3434,Emerson+8.7%連動(β0.39) 未反応+2.7% / MA上昇配列 / パーフェクトオーダー / PER20倍
6310,井関農機,機械,32.4,★☆☆☆☆,19.2,0.0,2.0,0.0,6.7,4.5,0.0,0.0,見送り(地合い🔴),Emerson,5.8,14.7,3.4,1.3,1722,1847.0,-1.3,1.0,180,Emerson+8.7%連動(β0.33) 未反応+5.8% / MA上昇配列 / PER15倍
8253,クレディセゾン,その他金融業,32.1,★☆☆☆☆,19.6,0.0,0.0,0.0,7.0,5.5,0.0,0.0,見送り(地合い🔴),Emerson,6.5,16.1,2.5,0.2,4324,4549.0,-3.8,1.0,3301,Emerson+8.7%連動(β0.35) 未反応+6.5% / MA上昇配列 / パーフェクトオーダー / PER11倍
5202,日本板硝子,ガラス・土石製品,31.9,★☆☆☆☆,19.4,0.0,0.0,0.0,8.0,4.5,0.0,0.0,見送り(地合い🔴),Emerson,3.5,11.3,0.3,0.4,481,483.0,0.0,0.5,370,Emerson+8.7%連動(β0.40) 未反応+3.5% / MA上昇配列 / PER16倍
5020,ＥＮＥＯＳホールディングス,石油・石炭製品,31.4,★☆☆☆☆,18.4,0.0,2.0,0.0,7.0,4.0,0.0,0.0,見送り(地合い🔴),Emerson,4.4,18.3,2.2,3.3,1238,1296.0,-0.3,1.1,8475,Emerson+8.7%連動(β0.29) 未反応+4.4% / PER14倍
8566,リコーリース,その他金融業,31.0,★☆☆☆☆,12.5,0.0,2.0,0.0,13.5,3.0,0.0,0.0,見送り(地合い🔴),Emerson,2.9,20.4,1.7,5.2,6500,6730.0,-0.6,0.8,275,Emerson+8.7%連動(β0.18) 未反応+2.9% / MA上昇配列 / パーフェクトオーダー / 52週高値目前 / PER16倍
6178,日本郵政,サービス業,30.9,★☆☆☆☆,10.1,0.0,3.3,0.0,13.5,4.0,0.0,0.0,見送り(地合い🔴),Emerson,1.6,24.7,2.6,6.0,2336,2464.0,1.9,0.9,12914,Emerson+8.7%連動(β0.24) 未反応+1.6% / 買い出来高優勢 / MA上昇配列 / パーフェクトオーダー / 52週高値目前 / PER19倍
6118,アイダエンジニアリング,機械,30.2,★☆☆☆☆,18.0,0.0,2.0,0.0,7.2,3.0,0.0,0.0,見送り(地合い🔴),Emerson,4.0,12.3,3.6,0.0,1103,1189.0,-0.5,0.8,229,Emerson+8.7%連動(β0.28) 未反応+4.0% / MA上昇配列 / パーフェクトオーダー / PER15倍
5310,東洋炭素,ガラス・土石製品,30.2,★☆☆☆☆,21.2,6.0,0.0,0.0,0.0,3.0,0.0,0.0,見送り(地合い🔴),Emerson,9.5,-4.6,5.3,-11.4,5679,6350.0,-4.7,1.1,845,Emerson+8.7%連動(β0.42) 未反応+9.5% / 核融合(-4.5%) / PER24倍
7613,シークス,卸売業,29.7,★☆☆☆☆,17.2,0.0,0.0,0.0,11.0,1.5,0.0,0.0,見送り(地合い🔴),Emerson,3.2,17.1,2.4,4.5,1334,1402.0,0.6,0.9,246,Emerson+8.7%連動(β0.34) 未反応+3.2% / MA上昇配列 / パーフェクトオーダー
6503,三菱電機,電気機器,28.8,★☆☆☆☆,19.3,6.0,1.0,0.0,0.0,2.5,0.0,0.0,見送り(地合い🔴),Emerson,8.4,1.0,4.0,-8.0,4891,5319.0,-4.9,1.3,28527,Emerson+8.7%連動(β0.34) 未反応+8.4% / AIデータセンター・電力(-0.8%)
4188,三菱ケミカルグループ,化学,27.4,★☆☆☆☆,18.2,0.0,0.0,0.0,8.2,1.0,0.0,0.0,見送り(地合い🔴),Emerson,5.0,13.4,3.2,0.2,1091,1165.0,-2.3,1.0,7006,Emerson+8.7%連動(β0.28) 未反応+5.0% / MA上昇配列 / パーフェクトオーダー
8002,丸紅,卸売業,26.1,★☆☆☆☆,17.1,0.0,2.0,0.0,7.0,0.0,0.0,0.0,見送り(地合い🔴),Emerson,3.0,22.1,2.9,6.0,4967,5272.0,1.5,1.1,21495,Emerson+8.7%連動(β0.37) 未反応+3.0%
6920,レーザーテック,電気機器,26.1,★☆☆☆☆,19.1,6.0,1.0,0.0,0.0,0.0,0.0,0.0,見送り(地合い🔴),Skyworks,15.8,-13.6,9.3,-18.8,30469,37440.0,-12.3,1.0,150015,Skyworks+7.0%連動(β0.41) 未反応+15.8% / 半導体製造装置(-14.0%)
7337,ひろぎんホールディングス,銀行業,26.1,★☆☆☆☆,11.1,0.0,3.0,0.0,12.0,0.0,0.0,0.0,見送り(地合い🔴),Emerson,1.5,19.2,2.6,3.8,2157,2275.5,3.0,1.5,1530,Emerson+8.7%連動(β0.30) 未反応+1.5% / MA上昇配列 / パーフェクトオーダー
5832,ちゅうぎんフィナンシャルグループ,銀行業,26.1,★☆☆☆☆,10.8,0.0,3.3,0.0,12.0,0.0,0.0,0.0,見送り(地合い🔴),Emerson,1.8,18.8,2.9,4.1,3176,3368.0,1.8,0.9,1036,Emerson+8.7%連動(β0.25) 未反応+1.8% / 買い出来高優勢 / MA上昇配列 / パーフェクトオーダー
5233,太平洋セメント,ガラス・土石製品,25.9,★☆☆☆☆,13.7,0.0,0.0,0.0,11.0,0.0,1.2,0.0,見送り(地合い🔴),Emerson,2.4,14.2,2.6,4.1,3989,4211.0,2.9,0.8,2349,Emerson+8.7%連動(β0.30) 未反応+2.4% / MA上昇配列 / パーフェクトオーダー / 開示[業績予想の修正](7日前)
9902,日伝,卸売業,25.8,★☆☆☆☆,13.8,0.0,2.0,0.0,10.0,0.0,0.0,0.0,見送り(地合い🔴),Emerson,2.7,20.9,1.9,4.1,2691,2800.0,-0.6,0.9,222,Emerson+8.7%連動(β0.26) 未反応+2.7% / MA上昇配列 / パーフェクトオーダー
5715,古河機械金属,非鉄金属,25.7,★☆☆☆☆,20.0,0.0,3.0,0.0,2.7,0.0,0.0,0.0,見送り(地合い🔴),Emerson,8.1,5.9,4.2,-3.3,3217,3515.0,-3.6,1.2,863,Emerson+8.7%連動(β0.37) 未反応+8.1%
4118,カネカ,化学,25.7,★☆☆☆☆,12.5,0.0,1.0,0.0,12.2,0.0,0.0,0.0,見送り(地合い🔴),Emerson,2.3,9.6,2.0,0.5,5508,5738.0,1.3,0.9,1223,Emerson+8.7%連動(β0.26) 未反応+2.3% / MA上昇配列 / パーフェクトオーダー / 52週高値目前
8084,ＲＹＯＤＥＮ,卸売業,25.7,★☆☆☆☆,0.0,0.0,6.7,0.0,15.0,0.0,4.0,0.0,見送り(地合い🔴),,0.0,13.3,2.6,4.0,3867,4080.0,4.2,5.1,158,出来高急増5.1倍 / MA上昇配列 / パーフェクトオーダー / 52週高値ブレイク! / 開示[上方修正](0日前)
8031,三井物産,卸売業,25.7,★☆☆☆☆,17.3,0.0,1.0,0.0,6.0,0.0,1.4,0.0,見送り(地合い🔴),Emerson,3.3,18.6,2.4,4.5,4656,4890.0,1.4,0.8,30970,Emerson+8.7%連動(β0.33) 未反応+3.3% / 開示[買収](6日前)
6707,サンケン電気,電気機器,25.6,★☆☆☆☆,24.6,0.0,1.0,0.0,0.0,0.0,0.0,0.0,見送り(地合い🔴),Emerson,19.2,-7.3,6.4,-18.3,7243,8311.0,-11.2,1.2,1677,Emerson+8.7%連動(β0.58) 未反応+19.2%
6146,ディスコ,機械,25.6,★☆☆☆☆,18.6,6.0,1.0,0.0,0.0,0.0,0.0,0.0,見送り(地合い🔴),Skyworks,22.6,-20.7,8.8,-24.7,45219,54900.0,-17.9,1.2,121324,Skyworks+7.0%連動(β0.38) 未反応+22.6% / HBM・後工程(-13.7%)
5713,住友金属鉱山,非鉄金属,25.599999999999998,★☆☆☆☆,22.9,0.0,0.0,0.0,2.7,0.0,0.0,0.0,見送り(地合い🔴),Emerson,6.5,8.6,5.3,-1.9,6587,7364.0,0.6,0.8,20906,Emerson+8.7%連動(β0.50) 未反応+6.5%
6653,正興電機製作所,電気機器,25.5,★☆☆☆☆,20.4,0.0,3.3,0.0,0.0,0.0,1.8,0.0,見送り(地合い🔴),Emerson,8.8,-1.0,4.7,-8.6,1902,2099.0,-4.5,2.3,343,Emerson+8.7%連動(β0.38) 未反応+8.8% / 出来高増2.3倍 / 開示[業績予想の修正](4日前)
6481,ＴＨＫ,機械,25.5,★☆☆☆☆,22.2,0.0,3.3,0.0,0.0,0.0,0.0,0.0,見送り(地合い🔴),Emerson,16.8,-6.0,6.4,-15.5,5373,6158.0,-10.2,2.4,7563,Emerson+8.7%連動(β0.47) 未反応+16.8% / 出来高増2.4倍
7246,プレス工業,輸送用機器,25.4,★☆☆☆☆,12.4,0.0,2.0,0.0,11.0,0.0,0.0,0.0,見送り(地合い🔴),Emerson,2.0,16.9,1.8,4.1,810,841.0,0.7,0.9,224,Emerson+8.7%連動(β0.30) 未反応+2.0% / MA上昇配列 / パーフェクトオーダー
5192,三ツ星ベルト,ゴム製品,25.4,★☆☆☆☆,11.4,0.0,2.0,0.0,12.0,0.0,0.0,0.0,見送り(地合い🔴),Emerson,2.0,14.1,1.4,2.6,3979,4095.0,0.6,1.0,270,Emerson+8.7%連動(β0.24) 未反応+2.0% / MA上昇配列 / パーフェクトオーダー
5186,ニッタ,ゴム製品,25.3,★☆☆☆☆,12.8,0.0,3.0,0.0,9.5,0.0,0.0,0.0,見送り(地合い🔴),Emerson,2.5,17.0,3.8,1.5,5909,6390.0,-2.6,0.8,534,Emerson+8.7%連動(β0.24) 未反応+2.5% / MA上昇配列 / パーフェクトオーダー
6371,椿本チエイン,機械,25.299999999999997,★☆☆☆☆,10.6,0.0,4.0,0.0,10.7,0.0,0.0,0.0,見送り(地合い🔴),Emerson,1.4,12.5,1.9,1.0,2541,2642.0,1.6,1.7,411,Emerson+8.7%連動(β0.29) 未反応+1.4% / MA上昇配列 / パーフェクトオーダー
8037,カメイ,卸売業,25.1,★☆☆☆☆,7.1,0.0,3.0,0.0,15.0,0.0,0.0,0.0,見送り(地合い🔴),Emerson,0.4,20.8,1.9,5.2,3643,3790.0,2.2,1.3,170,Emerson+8.7%連動(β0.27) / MA上昇配列 / パーフェクトオーダー / 52週高値ブレイク!
8537,大光銀行,銀行業,25.1,★☆☆☆☆,11.4,0.0,3.0,0.0,10.7,0.0,0.0,0.0,見送り(地合い🔴),Emerson,1.3,13.0,3.2,1.6,2644,2825.0,3.0,1.8,118,Emerson+8.7%連動(β0.35) 未反応+1.3% / MA上昇配列 / パーフェクトオーダー
3433,トーカロ,金属製品,25.099999999999998,★☆☆☆☆,19.4,0.0,4.7,0.0,1.0,0.0,0.0,0.0,見送り(地合い🔴),Emerson,8.8,-4.6,4.3,-10.4,2551,2791.0,-5.2,4.4,887,Emerson+8.7%連動(β0.34) 未反応+8.8% / 出来高急増4.4倍
6787,メイコー,電気機器,25.0,★☆☆☆☆,25.0,0.0,0.0,0.0,0.0,0.0,0.0,0.0,見送り(地合い🔴),Emerson,19.7,-23.8,8.2,-22.7,17446,20850.0,-11.4,0.8,11017,Emerson+8.7%連動(β0.60) 未反応+19.7%
8078,阪和興業,卸売業,25.0,★☆☆☆☆,20.5,0.0,2.0,0.0,2.5,0.0,0.0,0.0,見送り(地合い🔴),Emerson,4.9,8.3,2.5,-0.8,1613,1698.0,-0.2,0.9,792,Emerson+8.7%連動(β0.39) 未反応+4.9%
6349,小森コーポレーション,機械,25.0,★☆☆☆☆,12.0,0.0,3.0,0.0,10.0,0.0,0.0,0.0,見送り(地合い🔴),Emerson,1.6,19.1,1.8,5.6,1605,1665.0,1.8,1.4,216,Emerson+8.7%連動(β0.33) 未反応+1.6% / MA上昇配列
6999,ＫＯＡ,電気機器,25.0,★☆☆☆☆,20.7,0.0,4.3,0.0,0.0,0.0,0.0,0.0,見送り(地合い🔴),Emerson,15.0,-14.4,9.0,-15.8,1832,2235.0,-6.0,2.2,2975,Emerson+8.7%連動(β0.40) 未反応+15.0% / 出来高増2.2倍
8707,岩井コスモホールディングス,証券、商品先物取引業,24.9,★☆☆☆☆,17.7,0.0,4.0,0.0,3.2,0.0,0.0,0.0,見送り(地合い🔴),Emerson,4.8,13.8,3.2,-0.3,3874,4135.0,-3.9,1.6,464,Emerson+8.7%連動(β0.26) 未反応+4.8%
6627,テラプローブ,電気機器,24.8,★☆☆☆☆,24.8,0.0,0.0,0.0,0.0,0.0,0.0,0.0,見送り(地合い🔴),Emerson,19.8,-14.1,10.0,-20.3,7771,9710.0,-11.6,0.9,1545,Emerson+8.7%連動(β0.59) 未反応+19.8%
8600,トモニホールディングス,銀行業,24.8,★☆☆☆☆,7.0,0.0,4.3,0.0,13.5,0.0,0.0,0.0,見送り(地合い🔴),Emerson,-2.3,27.8,3.1,11.8,972,1037.0,7.9,1.3,567,Emerson+8.7%連動(β0.32) / 買い出来高優勢 / MA上昇配列 / パーフェクトオーダー / 52週高値目前
6098,リクルートホールディングス,サービス業,24.7,★☆☆☆☆,11.7,0.0,3.3,0.0,9.7,0.0,0.0,0.0,見送り(地合い🔴),Emerson,1.1,21.8,3.3,4.5,11769,12595.0,-2.5,1.2,50403,Emerson+8.7%連動(β0.39) 未反応+1.1% / 買い出来高優勢 / MA上昇配列 / パーフェクトオーダー / 52週高値目前
7735,ＳＣＲＥＥＮホールディングス,電気機器,24.6,★☆☆☆☆,17.6,6.0,1.0,0.0,0.0,0.0,0.0,0.0,見送り(地合い🔴),Skyworks,16.3,-5.2,8.3,-17.9,11821,14175.0,-16.5,0.9,63137,Skyworks+7.0%連動(β0.32) 未反応+16.3% / 半導体製造装置(-14.0%)
8381,山陰合同銀行,銀行業,24.599999999999998,★☆☆☆☆,13.1,0.0,3.3,0.0,8.2,0.0,0.0,0.0,見送り(地合い🔴),Emerson,2.1,19.4,2.9,3.7,2334,2478.0,2.0,0.8,1015,Emerson+8.7%連動(β0.32) 未反応+2.1% / 買い出来高優勢 / MA上昇配列 / パーフェクトオーダー
6141,ＤＭＧ森精機,機械,24.599999999999998,★☆☆☆☆,13.4,0.0,4.0,0.0,7.2,0.0,0.0,0.0,見送り(地合い🔴),Emerson,1.3,13.9,4.8,0.3,3246,3591.0,5.7,1.6,4024,Emerson+8.7%連動(β0.43) 未反応+1.3% / MA上昇配列 / パーフェクトオーダー
6723,ルネサスエレクトロニクス,電気機器,24.5,★☆☆☆☆,24.5,0.0,0.0,0.0,0.0,0.0,0.0,0.0,見送り(地合い🔴),Emerson,22.1,-17.8,9.0,-22.8,2841,3462.0,-14.2,1.0,63056,Emerson+8.7%連動(β0.57) 未反応+22.1%
5351,品川リフラ,ガラス・土石製品,24.5,★☆☆☆☆,13.5,0.0,2.0,0.0,9.0,0.0,0.0,0.0,見送り(地合い🔴),Emerson,2.5,18.1,1.7,4.4,1996,2067.0,0.5,1.0,225,Emerson+8.7%連動(β0.27) 未反応+2.5% / MA上昇配列
9984,ソフトバンクグループ,情報・通信業,24.5,★☆☆☆☆,24.5,0.0,0.0,0.0,0.0,0.0,0.0,0.0,見送り(地合い🔴),Emerson,15.6,-3.3,8.7,-15.3,4211,5095.0,-11.4,1.2,301060,Emerson+8.7%連動(β0.57) 未反応+15.6%
8058,三菱商事,卸売業,24.400000000000002,★☆☆☆☆,18.3,0.0,0.0,0.0,6.0,0.0,0.1,0.0,見送り(地合い🔴),Emerson,4.8,18.5,2.7,5.0,4514,4776.0,2.4,0.9,36394,Emerson+8.7%連動(β0.29) 未反応+4.8% / 開示[子会社化](13日前)
7279,ハイレックスコーポレーション,輸送用機器,24.4,★☆☆☆☆,16.4,0.0,2.0,0.0,6.0,0.0,0.0,0.0,見送り(地合い🔴),Emerson,2.8,19.9,3.4,4.1,2047,2196.0,0.9,1.1,164,Emerson+8.7%連動(β0.37) 未反応+2.8%
3993,ＰＫＳＨＡ　Ｔｅｃｈｎｏｌｏｇｙ,情報・通信業,24.4,★☆☆☆☆,15.2,6.0,2.0,0.0,1.2,0.0,0.0,0.0,見送り(地合い🔴),Microsoft,3.7,11.5,3.6,-0.2,2563,2763.0,-5.2,1.1,787,Microsoft+3.1%連動(β0.53) 未反応+3.7% / 生成AI・ソフト(-2.8%)
8346,東邦銀行,銀行業,24.3,★☆☆☆☆,9.3,0.0,3.0,0.0,12.0,0.0,0.0,0.0,見送り(地合い🔴),Emerson,1.0,26.4,3.6,8.5,833,898.0,3.5,1.2,727,Emerson+8.7%連動(β0.29) 未反応+1.0% / MA上昇配列 / パーフェクトオーダー
5301,東海カーボン,ガラス・土石製品,24.2,★☆☆☆☆,21.2,0.0,2.0,0.0,1.0,0.0,0.0,0.0,見送り(地合い🔴),Emerson,8.6,1.8,2.2,-6.4,1497,1567.5,-4.3,1.6,2633,Emerson+8.7%連動(β0.42) 未反応+8.6%
6407,ＣＫＤ,機械,24.2,★☆☆☆☆,22.2,0.0,2.0,0.0,0.0,0.0,0.0,0.0,見送り(地合い🔴),Emerson,19.5,-15.1,8.4,-20.7,4630,5560.0,-15.8,1.8,4633,Emerson+8.7%連動(β0.47) 未反応+19.5%
8020,兼松,卸売業,24.2,★☆☆☆☆,17.5,0.0,1.0,0.0,5.7,0.0,0.0,0.0,見送り(地合い🔴),Emerson,4.2,11.2,2.0,0.0,2002,2086.5,-1.3,1.0,906,Emerson+8.7%連動(β0.25) 未反応+4.2%
5444,大和工業,鉄鋼,24.2,★☆☆☆☆,6.7,0.0,4.0,0.0,13.5,0.0,0.0,0.0,見送り(地合い🔴),Emerson,-1.7,20.8,2.2,6.3,12787,13385.0,3.1,1.7,1651,Emerson+8.7%連動(β0.31) / MA上昇配列 / パーフェクトオーダー / 52週高値目前
4116,大日精化工業,化学,24.2,★☆☆☆☆,10.2,0.0,2.0,0.0,12.0,0.0,0.0,0.0,見送り(地合い🔴),Emerson,1.5,14.9,1.6,2.6,1065,1101.0,1.6,1.7,150,Emerson+8.7%連動(β0.26) 未反応+1.5% / MA上昇配列 / パーフェクトオーダー
6622,ダイヘン,電気機器,24.2,★☆☆☆☆,20.9,0.0,3.3,0.0,0.0,0.0,0.0,0.0,見送り(地合い🔴),Emerson,15.3,-15.9,6.7,-18.8,11354,13110.0,-10.0,2.2,3777,Emerson+8.7%連動(β0.41) 未反応+15.3% / 出来高増2.2倍
4980,デクセリアルズ,化学,24.1,★☆☆☆☆,18.1,6.0,0.0,0.0,0.0,0.0,0.0,0.0,見送り(地合い🔴),Skyworks,11.1,-10.9,6.1,-16.9,2957,3371.0,-6.7,0.9,6354,Skyworks+7.0%連動(β0.35) 未反応+11.1% / 光通信・電線(-7.5%)
8370,紀陽銀行,銀行業,24.0,★☆☆☆☆,7.2,0.0,3.3,0.0,13.5,0.0,0.0,0.0,見送り(地合い🔴),Emerson,0.2,20.0,2.9,6.0,4619,4900.0,3.7,1.1,672,Emerson+8.7%連動(β0.31) / 買い出来高優勢 / MA上昇配列 / パーフェクトオーダー / 52週高値目前
8541,愛媛銀行,銀行業,24.0,★☆☆☆☆,6.6,0.0,8.7,0.0,13.7,0.0,0.0,-5.0,見送り(地合い🔴),Emerson,-15.4,49.6,4.4,26.8,2676,2932.0,20.3,2.3,899,Emerson+8.7%連動(β0.30) / 出来高増2.3倍 / 買い出来高優勢 / 資金流入増 / MA上昇配列 / パーフェクトオーダー / 52週高値ブレイク! / 過熱⚠25MA+27%
9934,因幡電機産業,卸売業,24.0,★☆☆☆☆,11.0,0.0,1.0,0.0,12.0,0.0,0.0,0.0,見送り(地合い🔴),Emerson,2.2,12.5,1.8,1.4,2683,2781.5,0.5,1.3,445,Emerson+8.7%連動(β0.21) 未反応+2.2% / MA上昇配列 / パーフェクトオーダー
8053,住友商事,卸売業,24.0,★☆☆☆☆,18.3,0.0,1.0,0.0,4.7,0.0,0.0,0.0,見送り(地合い🔴),Emerson,3.7,14.1,2.5,1.1,1511,1591.5,1.1,1.1,17110,Emerson+8.7%連動(β0.33) 未反応+3.7%
5101,横浜ゴム,ゴム製品,23.9,★☆☆☆☆,19.9,0.0,2.0,0.0,2.0,0.0,0.0,0.0,見送り(地合い🔴),Emerson,5.2,13.2,3.7,-0.3,6992,7547.0,-3.7,0.8,6637,Emerson+8.7%連動(β0.36) 未反応+5.2%
7201,日産自動車,輸送用機器,23.7,★☆☆☆☆,14.4,0.0,3.3,0.0,6.0,0.0,0.0,0.0,見送り(地合い🔴),GM,2.2,22.0,3.1,7.0,317,337.3999938964844,1.5,1.2,9931,GM+9.9%連動(β0.31) 未反応+2.2% / 買い出来高優勢
4970,東洋合成工業,化学,23.7,★☆☆☆☆,22.7,0.0,1.0,0.0,0.0,0.0,0.0,0.0,見送り(地合い🔴),Emerson,23.6,-12.7,8.2,-20.0,10476,12540.0,-14.5,1.3,884,Emerson+8.7%連動(β0.49) 未反応+23.6%
5344,ＭＡＲＵＷＡ,ガラス・土石製品,23.6,★☆☆☆☆,22.6,0.0,1.0,0.0,0.0,0.0,0.0,0.0,見送り(地合い🔴),Emerson,12.9,-12.5,7.3,-16.3,45141,52900.0,-6.3,1.3,8700,Emerson+8.7%連動(β0.48) 未反応+12.9%
5631,日本製鋼所,機械,23.6,★☆☆☆☆,22.6,0.0,1.0,0.0,0.0,0.0,0.0,0.0,見送り(地合い🔴),Emerson,5.3,8.1,4.6,-5.0,6751,7429.0,-0.5,0.6,7189,Emerson+8.7%連動(β0.49) 未反応+5.3%
5851,リョービ,非鉄金属,23.599999999999998,★☆☆☆☆,19.9,0.0,0.0,0.0,3.7,0.0,0.0,0.0,見送り(地合い🔴),Emerson,4.1,4.9,1.7,-2.1,2411,2498.0,-0.1,1.1,270,Emerson+8.7%連動(β0.36) 未反応+4.1%
6370,栗田工業,機械,23.5,★☆☆☆☆,19.5,0.0,3.0,0.0,1.0,0.0,0.0,0.0,見送り(地合い🔴),Emerson,9.8,1.8,4.2,-8.3,7608,8301.0,-5.7,1.8,3923,Emerson+8.7%連動(β0.34) 未反応+9.8%
4369,トリケミカル研究所,化学,23.4,★☆☆☆☆,23.4,0.0,0.0,0.0,0.0,0.0,0.0,0.0,見送り(地合い🔴),Emerson,13.1,-1.3,6.5,-10.1,2655,3055.0,-6.7,1.2,1660,Emerson+8.7%連動(β0.52) 未反応+13.1%
4004,レゾナック・ホールディングス,化学,23.4,★☆☆☆☆,22.4,0.0,1.0,0.0,0.0,0.0,0.0,0.0,見送り(地合い🔴),Emerson,23.1,-20.5,8.7,-23.1,10213,12365.0,-15.2,1.4,35583,Emerson+8.7%連動(β0.48) 未反応+23.1%
8544,京葉銀行,銀行業,23.4,★☆☆☆☆,7.1,0.0,4.3,0.0,12.0,0.0,0.0,0.0,見送り(地合い🔴),Emerson,-2.6,24.3,3.7,7.6,2609,2819.0,7.7,1.4,1241,Emerson+8.7%連動(β0.32) / 買い出来高優勢 / MA上昇配列 / パーフェクトオーダー
7389,あいちフィナンシャルグループ,銀行業,23.4,★☆☆☆☆,11.4,0.0,3.0,0.0,12.0,0.0,0.0,-3.0,見送り(地合い🔴),Emerson,1.9,41.3,4.3,16.3,1665,1823.0,-0.1,0.8,1537,Emerson+8.7%連動(β0.27) 未反応+1.9% / MA上昇配列 / パーフェクトオーダー / 伸びすぎ注意(25MA+16%)
8386,百十四銀行,銀行業,23.3,★☆☆☆☆,9.3,0.0,2.0,0.0,12.0,0.0,0.0,0.0,見送り(地合い🔴),Emerson,0.7,23.3,3.3,8.6,2730,2924.0,3.8,1.0,921,Emerson+8.7%連動(β0.32) 未反応+0.7% / MA上昇配列 / パーフェクトオーダー
6268,ナブテスコ,機械,23.2,★☆☆☆☆,21.2,0.0,2.0,0.0,0.0,0.0,0.0,0.0,見送り(地合い🔴),Emerson,14.0,-1.7,5.9,-14.3,3910,4429.0,-9.7,1.1,5930,Emerson+8.7%連動(β0.42) 未反応+14.0%
6287,サトー,機械,23.2,★☆☆☆☆,10.7,0.0,1.0,0.0,11.5,0.0,0.0,0.0,見送り(地合い🔴),Emerson,1.8,14.1,1.8,3.1,2386,2473.0,0.2,1.1,260,Emerson+8.7%連動(β0.24) 未反応+1.8% / MA上昇配列 / 52週高値目前
6258,平田機工,機械,23.1,★☆☆☆☆,21.1,0.0,2.0,0.0,0.0,0.0,0.0,0.0,見送り(地合い🔴),Emerson,10.4,2.0,5.4,-9.0,2434,2731.0,-5.4,1.7,712,Emerson+8.7%連動(β0.42) 未反応+10.4%
4633,サカタインクス,化学,23.1,★☆☆☆☆,11.1,0.0,0.0,0.0,12.0,0.0,0.0,0.0,見送り(地合い🔴),Emerson,1.6,14.0,1.8,3.3,2412,2502.0,0.8,1.0,393,Emerson+8.7%連動(β0.29) 未反応+1.6% / MA上昇配列 / パーフェクトオーダー
6817,スミダコーポレーション,電気機器,23.1,★☆☆☆☆,20.1,0.0,2.0,0.0,1.0,0.0,0.0,0.0,見送り(地合い🔴),Emerson,5.2,3.3,3.2,-4.5,1217,1301.0,-1.0,1.8,369,Emerson+8.7%連動(β0.37) 未反応+5.2%
8585,オリエントコーポレーション,その他金融業,23.0,★☆☆☆☆,15.0,0.0,2.0,0.0,6.0,0.0,0.0,0.0,見送り(地合い🔴),Emerson,3.3,18.9,1.7,3.4,878,909.0,-1.5,0.9,484,Emerson+8.7%連動(β0.23) 未反応+3.3%
6361,荏原製作所,機械,22.9,★☆☆☆☆,22.9,0.0,0.0,0.0,0.0,0.0,0.0,0.0,見送り(地合い🔴),Emerson,12.3,-6.2,6.9,-13.3,4441,5151.0,-7.8,1.1,19348,Emerson+8.7%連動(β0.50) 未反応+12.3%
8392,大分銀行,銀行業,22.8,★☆☆☆☆,7.8,0.0,3.0,0.0,12.0,0.0,0.0,0.0,見送り(地合い🔴),Emerson,0.3,24.0,4.4,8.4,2508,2749.0,5.0,1.3,745,Emerson+8.7%連動(β0.31) / MA上昇配列 / パーフェクトオーダー
6958,日本シイエムケイ,電気機器,22.8,★☆☆☆☆,21.6,0.0,0.0,0.0,1.2,0.0,0.0,0.0,見送り(地合い🔴),Emerson,10.7,2.1,4.9,-6.5,548,607.0,-5.6,1.1,454,Emerson+8.7%連動(β0.44) 未反応+10.7%
4461,第一工業製薬,化学,22.8,★☆☆☆☆,20.8,0.0,2.0,0.0,0.0,0.0,0.0,0.0,見送り(地合い🔴),Emerson,21.5,-15.9,8.6,-20.2,7469,9020.0,-14.8,1.8,1267,Emerson+8.7%連動(β0.41) 未反応+21.5%
8360,山梨中央銀行,銀行業,22.8,★☆☆☆☆,7.8,0.0,3.0,0.0,12.0,0.0,0.0,0.0,見送り(地合い🔴),Emerson,0.1,21.7,4.4,6.4,6296,6900.0,4.7,1.4,928,Emerson+8.7%連動(β0.34) / MA上昇配列 / パーフェクトオーダー
5384,フジミインコーポレーテッド,ガラス・土石製品,22.8,★☆☆☆☆,20.8,0.0,2.0,0.0,0.0,0.0,0.0,0.0,見送り(地合い🔴),Emerson,15.5,-8.2,6.8,-13.8,3178,3680.0,-8.1,1.7,1606,Emerson+8.7%連動(β0.40) 未反応+15.5%
5711,三菱マテリアル,非鉄金属,22.8,★☆☆☆☆,19.3,0.0,2.0,0.0,1.5,0.0,0.0,0.0,見送り(地合い🔴),Emerson,7.0,3.6,4.4,-5.7,3677,4034.0,-2.2,0.7,6036,Emerson+8.7%連動(β0.33) 未反応+7.0%
8361,大垣共立銀行,銀行業,22.7,★☆☆☆☆,10.0,0.0,2.0,0.0,10.7,0.0,0.0,0.0,見送り(地合い🔴),Emerson,1.0,17.5,4.3,1.9,7180,7850.0,1.3,1.1,1458,Emerson+8.7%連動(β0.31) 未反応+1.0% / MA上昇配列 / パーフェクトオーダー
6337,テセック,機械,22.7,★☆☆☆☆,16.9,0.0,3.3,0.0,0.0,0.0,2.5,0.0,見送り(地合い🔴),Skyworks,8.8,-2.5,4.9,-10.0,1966,2180.0,-5.2,3.0,118,Skyworks+7.0%連動(β0.28) 未反応+8.8% / 出来高増3.0倍 / 開示[業績予想の修正](0日前)
7970,信越ポリマー,化学,22.6,★☆☆☆☆,18.6,0.0,3.0,0.0,1.0,0.0,0.0,0.0,見送り(地合い🔴),Emerson,16.1,-0.2,3.9,-10.6,1983,2153.0,-11.9,1.7,662,Emerson+8.7%連動(β0.30) 未反応+16.1%
1976,明星工業,建設業,22.6,★☆☆☆☆,5.1,0.0,4.0,0.0,13.5,0.0,0.0,0.0,見送り(地合い🔴),Emerson,-2.1,16.7,2.5,6.0,1877,1976.0,4.9,1.6,155,Emerson+8.7%連動(β0.23) / MA上昇配列 / パーフェクトオーダー / 52週高値目前
8551,北日本銀行,銀行業,22.5,★☆☆☆☆,7.0,0.0,6.3,0.0,12.2,0.0,0.0,-3.0,見送り(地合い🔴),Emerson,-2.7,37.8,4.0,15.7,6309,6850.0,8.7,1.4,250,Emerson+8.7%連動(β0.32) / 買い出来高優勢 / 資金流入増 / MA上昇配列 / パーフェクトオーダー / 52週高値目前 / 伸びすぎ注意(25MA+16%)
4971,メック,化学,22.5,★☆☆☆☆,22.5,0.0,0.0,0.0,0.0,0.0,0.0,0.0,見送り(地合い🔴),Emerson,17.8,-17.5,8.1,-19.8,6354,7580.0,-10.0,1.0,2698,Emerson+8.7%連動(β0.48) 未反応+17.8%
8473,ＳＢＩホールディングス,証券、商品先物取引業,22.4,★☆☆☆☆,15.4,0.0,1.0,0.0,6.0,0.0,0.0,0.0,見送り(地合い🔴),Emerson,2.7,15.1,2.9,2.1,2654,2818.0,0.1,0.7,12415,Emerson+8.7%連動(β0.33) 未反応+2.7%
6728,アルバック,電気機器,22.4,★☆☆☆☆,21.4,0.0,1.0,0.0,0.0,0.0,0.0,0.0,見送り(地合い🔴),Emerson,18.8,-8.6,7.1,-15.6,7139,8320.0,-15.1,1.5,5053,Emerson+8.7%連動(β0.43) 未反応+18.8%
8012,長瀬産業,卸売業,22.3,★☆☆☆☆,18.3,0.0,2.0,0.0,2.0,0.0,0.0,0.0,見送り(地合い🔴),Emerson,7.0,8.0,2.4,-3.0,1087,1142.5,-2.8,1.7,839,Emerson+8.7%連動(β0.29) 未反応+7.0%
4966,上村工業,化学,22.3,★☆☆☆☆,20.3,0.0,2.0,0.0,0.0,0.0,0.0,0.0,見送り(地合い🔴),Emerson,12.9,-9.1,6.5,-13.6,18807,21630.0,-9.8,1.5,1774,Emerson+8.7%連動(β0.38) 未反応+12.9%
8399,琉球銀行,銀行業,22.2,★☆☆☆☆,6.7,0.0,2.0,0.0,13.5,0.0,0.0,0.0,見送り(地合い🔴),Emerson,-2.4,27.1,3.5,10.2,2812,3025.0,6.3,1.1,402,Emerson+8.7%連動(β0.31) / MA上昇配列 / パーフェクトオーダー / 52週高値目前
6473,ジェイテクト,機械,22.2,★☆☆☆☆,18.2,0.0,2.0,0.0,2.0,0.0,0.0,0.0,見送り(地合い🔴),Emerson,3.3,11.7,3.2,-0.4,1930,2062.0,0.6,1.0,2436,Emerson+8.7%連動(β0.38) 未反応+3.3%
5741,ＵＡＣＪ,非鉄金属,22.1,★☆☆☆☆,20.6,0.0,0.0,0.0,1.5,0.0,0.0,0.0,見送り(地合い🔴),Emerson,7.8,3.6,4.7,-8.0,2064,2276.0,-4.3,0.8,2040,Emerson+8.7%連動(β0.39) 未反応+7.8%
3036,アルコニックス,卸売業,22.099999999999998,★☆☆☆☆,16.4,0.0,1.0,0.0,4.7,0.0,0.0,0.0,見送り(地合い🔴),Emerson,3.5,10.5,2.6,1.4,2398,2527.0,0.8,1.3,229,Emerson+8.7%連動(β0.27) 未反応+3.5%
6800,ヨコオ,電気機器,22.0,★☆☆☆☆,22.0,0.0,0.0,0.0,0.0,0.0,0.0,0.0,見送り(地合い🔴),Emerson,18.2,-25.7,8.2,-24.9,3259,3895.0,-10.4,0.8,872,Emerson+8.7%連動(β0.46) 未反応+18.2%
6995,東海理化電機製作所,輸送用機器,21.9,★☆☆☆☆,5.4,0.0,3.0,0.0,13.5,0.0,0.0,0.0,見送り(地合い🔴),Emerson,-0.3,19.3,1.9,6.5,3145,3270.0,5.0,1.5,428,Emerson+8.7%連動(β0.25) / MA上昇配列 / パーフェクトオーダー / 52週高値目前
5830,いよぎんホールディングス,銀行業,21.9,★☆☆☆☆,5.9,0.0,4.0,0.0,12.0,0.0,0.0,0.0,見送り(地合い🔴),Emerson,-3.9,25.5,3.4,10.3,3414,3667.0,9.2,1.7,3373,Emerson+8.7%連動(β0.27) / MA上昇配列 / パーフェクトオーダー
4902,コニカミノルタ,電気機器,21.9,★☆☆☆☆,7.6,0.0,4.3,0.0,10.0,0.0,0.0,0.0,見送り(地合い🔴),Emerson,-0.5,27.9,3.3,10.6,618,661.5,4.4,1.2,2090,Emerson+8.7%連動(β0.35) / 買い出来高優勢 / MA上昇配列
6125,岡本工作機械製作所,機械,21.8,★☆☆☆☆,20.8,0.0,1.0,0.0,0.0,0.0,0.0,0.0,見送り(地合い🔴),Emerson,9.7,-7.2,5.9,-11.2,4251,4820.0,-7.7,1.1,333,Emerson+8.7%連動(β0.40) 未反応+9.7%
7272,ヤマハ発動機,輸送用機器,21.8,★☆☆☆☆,7.8,0.0,3.0,0.0,11.0,0.0,0.0,0.0,見送り(地合い🔴),Emerson,0.4,19.8,2.1,6.6,1284,1340.0,3.6,1.2,6716,Emerson+8.7%連動(β0.31) / MA上昇配列 / パーフェクトオーダー
4246,ダイキョーニシカワ,化学,21.6,★☆☆☆☆,9.9,0.0,1.0,0.0,10.7,0.0,0.0,0.0,見送り(地合い🔴),Emerson,1.3,12.1,1.7,1.3,983,1018.0,1.5,0.7,299,Emerson+8.7%連動(β0.28) 未反応+1.3% / MA上昇配列 / パーフェクトオーダー
4186,東京応化工業,化学,21.6,★☆☆☆☆,20.6,0.0,1.0,0.0,0.0,0.0,0.0,0.0,見送り(地合い🔴),Emerson,16.1,-9.2,7.1,-14.6,7711,8989.0,-10.5,1.3,8546,Emerson+8.7%連動(β0.39) 未反応+16.1%
2768,双日,卸売業,21.6,★☆☆☆☆,15.6,0.0,0.0,0.0,6.0,0.0,0.0,0.0,見送り(地合い🔴),Emerson,3.1,12.8,2.4,2.3,5107,5359.0,1.6,0.8,6001,Emerson+8.7%連動(β0.29) 未反応+3.1%
6273,ＳＭＣ,機械,21.5,★☆☆☆☆,21.5,0.0,0.0,0.0,0.0,0.0,0.0,0.0,見送り(地合い🔴),Emerson,13.1,2.8,5.0,-9.7,58716,65190.0,-7.5,1.2,20810,Emerson+8.7%連動(β0.43) 未反応+13.1%
6861,キーエンス,電気機器,21.5,★☆☆☆☆,19.5,0.0,1.0,0.0,1.0,0.0,0.0,0.0,見送り(地合い🔴),Emerson,4.6,1.0,3.4,-6.7,66061,70950.0,-1.4,1.4,45572,Emerson+8.7%連動(β0.35) 未反応+4.6%
6507,シンフォニアテクノロジー,電気機器,21.5,★☆☆☆☆,21.5,0.0,0.0,0.0,0.0,0.0,0.0,0.0,見送り(地合い🔴),Emerson,13.9,-7.6,6.5,-15.7,10889,12530.0,-9.6,1.1,2080,Emerson+8.7%連動(β0.44) 未反応+13.9%
6381,アネスト岩田,機械,21.5,★☆☆☆☆,8.0,0.0,0.0,0.0,13.5,0.0,0.0,0.0,見送り(地合い🔴),Emerson,0.7,15.8,1.5,3.0,1731,1784.0,2.4,0.7,156,Emerson+8.7%連動(β0.27) 未反応+0.7% / MA上昇配列 / パーフェクトオーダー / 52週高値目前
4228,積水化成品工業,化学,21.4,★☆☆☆☆,18.4,0.0,2.0,0.0,1.0,0.0,0.0,0.0,見送り(地合い🔴),Emerson,5.0,3.7,3.0,-3.4,478,509.0,-2.5,1.9,120,Emerson+8.7%連動(β0.29) 未反応+5.0%
8387,四国銀行,銀行業,21.4,★☆☆☆☆,6.1,0.0,3.3,0.0,12.0,0.0,0.0,0.0,見送り(地合い🔴),Emerson,-3.1,23.9,3.6,9.4,3209,3460.0,7.0,1.1,431,Emerson+8.7%連動(β0.28) / 買い出来高優勢 / MA上昇配列 / パーフェクトオーダー
9962,ミスミグループ本社,卸売業,21.4,★☆☆☆☆,20.4,0.0,1.0,0.0,0.0,0.0,0.0,0.0,見送り(地合い🔴),Emerson,10.1,-1.8,4.5,-9.9,3149,3459.0,-7.1,1.3,4537,Emerson+8.7%連動(β0.38) 未反応+10.1%
6806,ヒロセ電機,電気機器,21.4,★☆☆☆☆,15.2,0.0,4.0,0.0,2.2,0.0,0.0,0.0,見送り(地合い🔴),Skyworks,4.7,3.6,3.6,-3.7,25201,27180.0,0.4,1.8,4526,Skyworks+7.0%連動(β0.18) 未反応+4.7%
6101,ツガミ,機械,21.4,★☆☆☆☆,20.4,0.0,1.0,0.0,0.0,0.0,0.0,0.0,見送り(地合い🔴),Emerson,10.2,-7.2,8.1,-14.8,5271,6290.0,-7.5,1.2,3537,Emerson+8.7%連動(β0.38) 未反応+10.2%
6464,ツバキ・ナカシマ,機械,21.3,★☆☆☆☆,21.3,0.0,0.0,0.0,0.0,0.0,0.0,0.0,見送り(地合い🔴),Emerson,8.6,-1.1,5.7,-10.4,312,352.0,-5.4,1.1,185,Emerson+8.7%連動(β0.42) 未反応+8.6%
4187,大阪有機化学工業,化学,21.3,★☆☆☆☆,21.3,0.0,0.0,0.0,0.0,0.0,0.0,0.0,見送り(地合い🔴),Emerson,17.6,-12.1,6.7,-16.1,3953,4565.0,-11.0,0.9,1273,Emerson+8.7%連動(β0.43) 未反応+17.6%
7173,東京きらぼしフィナンシャルグループ,銀行業,21.299999999999997,★☆☆☆☆,13.1,0.0,0.0,0.0,8.2,0.0,0.0,0.0,見送り(地合い🔴),Emerson,1.7,3.8,3.9,0.7,1628,1764.0,2.2,0.6,3171,Emerson+8.7%連動(β0.37) 未反応+1.7% / MA上昇配列 / パーフェクトオーダー
6339,新東工業,機械,21.2,★☆☆☆☆,19.2,0.0,1.0,0.0,1.0,0.0,0.0,0.0,見送り(地合い🔴),Emerson,5.5,4.2,2.7,-5.0,1069,1130.0,-2.5,1.3,116,Emerson+8.7%連動(β0.33) 未反応+5.5%
7239,タチエス,輸送用機器,21.2,★☆☆☆☆,6.2,0.0,3.0,0.0,12.0,0.0,0.0,0.0,見送り(地合い🔴),Emerson,0.2,14.0,1.4,3.2,2159,2221.0,2.0,1.3,165,Emerson+8.7%連動(β0.26) / MA上昇配列 / パーフェクトオーダー
6498,キッツ,機械,21.2,★☆☆☆☆,19.2,0.0,2.0,0.0,0.0,0.0,0.0,0.0,見送り(地合い🔴),Emerson,11.4,-6.4,4.6,-12.3,1919,2113.0,-7.7,1.7,520,Emerson+8.7%連動(β0.33) 未反応+11.4%
6383,ダイフク,機械,21.1,★☆☆☆☆,20.1,0.0,1.0,0.0,0.0,0.0,0.0,0.0,見送り(地合い🔴),Emerson,11.4,-6.0,4.3,-13.3,5361,5861.0,-7.9,1.4,9698,Emerson+8.7%連動(β0.37) 未反応+11.4%
6742,京三製作所,電気機器,21.1,★☆☆☆☆,18.1,0.0,2.0,0.0,1.0,0.0,0.0,0.0,見送り(地合い🔴),Emerson,8.9,0.2,5.2,-6.5,763,851.0,-4.2,1.7,242,Emerson+8.7%連動(β0.28) 未反応+8.9%
8393,宮崎銀行,銀行業,21.1,★☆☆☆☆,8.1,0.0,1.0,0.0,12.0,0.0,0.0,0.0,見送り(地合い🔴),Emerson,0.6,23.9,4.2,8.7,2239,2446.0,3.5,0.9,683,Emerson+8.7%連動(β0.29) 未反応+0.6% / MA上昇配列 / パーフェクトオーダー
5714,ＤＯＷＡホールディングス,非鉄金属,21.1,★☆☆☆☆,19.6,0.0,0.0,0.0,1.5,0.0,0.0,0.0,見送り(地合い🔴),Emerson,7.4,2.5,3.7,-5.2,7485,8089.0,-2.2,1.2,3850,Emerson+8.7%連動(β0.35) 未反応+7.4%
8584,ジャックス,その他金融業,21.1,★☆☆☆☆,14.1,0.0,1.0,0.0,6.0,0.0,0.0,0.0,見送り(地合い🔴),Emerson,2.9,17.7,1.8,3.1,3619,3755.0,-2.6,0.7,398,Emerson+8.7%連動(β0.25) 未反応+2.9%
6143,ソディック,機械,21.0,★☆☆☆☆,20.0,0.0,1.0,0.0,0.0,0.0,0.0,0.0,見送り(地合い🔴),Emerson,12.8,-8.9,6.6,-13.8,1384,1593.0,-9.3,1.5,762,Emerson+8.7%連動(β0.37) 未反応+12.8%
6525,ＫＯＫＵＳＡＩ　ＥＬＥＣＴＲＩＣ,電気機器,21.0,★☆☆☆☆,17.0,0.0,1.0,0.0,0.0,0.0,3.0,0.0,見送り(地合い🔴),Skyworks,17.9,-16.1,11.4,-25.9,5669,7348.0,-18.4,0.8,87059,Skyworks+7.0%連動(β0.29) 未反応+17.9% / 開示[自己株式の取得](0日前)
4401,ＡＤＥＫＡ,化学,21.0,★☆☆☆☆,19.0,0.0,2.0,0.0,0.0,0.0,0.0,0.0,見送り(地合い🔴),Emerson,8.7,1.6,3.1,-6.9,3639,3876.0,-5.0,1.5,1376,Emerson+8.7%連動(β0.32) 未反応+8.7%
7915,ＮＩＳＳＨＡ,その他製品,21.0,★☆☆☆☆,16.0,0.0,0.0,0.0,5.0,0.0,0.0,0.0,見送り(地合い🔴),Emerson,2.9,7.4,2.1,0.3,1297,1353.0,0.4,0.9,244,Emerson+8.7%連動(β0.33) 未反応+2.9%
7167,めぶきフィナンシャルグループ,銀行業,20.9,★☆☆☆☆,11.7,0.0,1.0,0.0,8.2,0.0,0.0,0.0,見送り(地合い🔴),Emerson,1.5,17.9,3.0,2.2,1430,1520.0,3.1,1.1,4505,Emerson+8.7%連動(β0.33) 未反応+1.5% / MA上昇配列 / パーフェクトオーダー
4275,カーリット,化学,20.9,★☆☆☆☆,19.9,0.0,1.0,0.0,0.0,0.0,0.0,0.0,見送り(地合い🔴),Emerson,7.5,15.1,5.3,-2.2,2023,2262.0,-2.5,1.0,501,Emerson+8.7%連動(β0.36) 未反応+7.5%
6807,日本航空電子工業,電気機器,20.9,★☆☆☆☆,11.9,0.0,2.0,0.0,7.0,0.0,0.0,0.0,見送り(地合い🔴),Emerson,1.8,18.3,2.6,4.7,2361,2493.0,1.8,1.1,572,Emerson+8.7%連動(β0.30) 未反応+1.8%
4042,東ソー,化学,20.9,★☆☆☆☆,17.2,0.0,0.0,0.0,3.7,0.0,0.0,0.0,見送り(地合い🔴),Emerson,4.4,4.6,2.4,-2.3,2612,2745.0,-0.8,1.0,3714,Emerson+8.7%連動(β0.24) 未反応+4.4%
6474,不二越,機械,20.9,★☆☆☆☆,18.9,0.0,2.0,0.0,0.0,0.0,0.0,0.0,見送り(地合い🔴),Emerson,10.2,-0.7,6.8,-11.7,4604,5330.0,-7.1,1.2,979,Emerson+8.7%連動(β0.32) 未反応+10.2% / 開示[業績予想の修正](14日前)
6340,澁谷工業,機械,20.8,★☆☆☆☆,17.8,0.0,1.0,0.0,2.0,0.0,0.0,0.0,見送り(地合い🔴),Emerson,4.0,6.2,2.9,-2.4,3990,4240.0,-0.7,1.1,189,Emerson+8.7%連動(β0.27) 未反応+4.0%
8713,フィデアホールディングス,銀行業,20.8,★☆☆☆☆,5.5,0.0,3.3,0.0,12.0,0.0,0.0,0.0,見送り(地合い🔴),Emerson,-1.0,21.4,2.8,6.1,2042,2162.0,4.1,1.2,117,Emerson+8.7%連動(β0.25) / 買い出来高優勢 / MA上昇配列 / パーフェクトオーダー
6479,ミネベアミツミ,電気機器,20.8,★☆☆☆☆,20.8,0.0,0.0,0.0,0.0,0.0,0.0,0.0,見送り(地合い🔴),Emerson,10.7,-12.8,4.6,-16.3,3334,3668.0,-6.0,1.0,14153,Emerson+8.7%連動(β0.40) 未反応+10.7%
8362,福井銀行,銀行業,20.7,★☆☆☆☆,10.5,0.0,2.0,0.0,8.2,0.0,0.0,0.0,見送り(地合い🔴),Emerson,1.2,20.1,4.5,3.5,5474,6010.0,3.1,0.9,439,Emerson+8.7%連動(β0.31) 未反応+1.2% / MA上昇配列 / パーフェクトオーダー
4043,トクヤマ,化学,20.7,★☆☆☆☆,18.7,0.0,2.0,0.0,0.0,0.0,0.0,0.0,見送り(地合い🔴),Emerson,10.7,-2.9,4.8,-9.3,3896,4312.0,-6.1,1.7,2857,Emerson+8.7%連動(β0.31) 未反応+10.7%
6768,タムラ製作所,電気機器,20.7,★☆☆☆☆,16.4,0.0,3.3,0.0,0.0,0.0,1.0,0.0,見送り(地合い🔴),Skyworks,13.5,-4.7,5.3,-12.1,723,810.0,-9.1,2.0,611,Skyworks+7.0%連動(β0.25) 未反応+13.5% / 出来高増2.0倍 / 開示[子会社化](7日前)
8558,東和銀行,銀行業,20.7,★☆☆☆☆,15.0,0.0,1.0,0.0,4.7,0.0,0.0,0.0,見送り(地合い🔴),Emerson,2.7,7.3,4.9,-1.0,1264,1401.0,0.7,0.6,472,Emerson+8.7%連動(β0.32) 未反応+2.7%
6859,エスペック,電気機器,20.7,★☆☆☆☆,18.7,0.0,1.0,0.0,1.0,0.0,0.0,0.0,見送り(地合い🔴),Emerson,11.8,1.8,4.7,-5.4,3575,3945.0,-5.6,1.3,512,Emerson+8.7%連動(β0.31) 未反応+11.8%
6490,ＰＩＬＬＡＲ,機械,20.7,★☆☆☆☆,20.7,0.0,0.0,0.0,0.0,0.0,0.0,0.0,見送り(地合い🔴),Emerson,14.2,-3.9,6.3,-11.0,7890,9030.0,-9.0,1.1,1439,Emerson+8.7%連動(β0.40) 未反応+14.2%
5844,京都フィナンシャルグループ,銀行業,20.6,★☆☆☆☆,15.6,0.0,3.0,0.0,2.0,0.0,0.0,0.0,見送り(地合い🔴),Emerson,3.0,12.3,2.7,-0.5,4354,4603.0,2.3,1.3,4378,Emerson+8.7%連動(β0.31) 未反応+3.0%
6645,オムロン,電気機器,20.6,★☆☆☆☆,19.6,0.0,1.0,0.0,0.0,0.0,0.0,0.0,見送り(地合い🔴),Emerson,8.5,1.6,4.8,-9.3,4667,5165.0,-3.6,1.1,7312,Emerson+8.7%連動(β0.35) 未反応+8.5%
4471,三洋化成工業,化学,20.599999999999998,★☆☆☆☆,16.9,0.0,0.0,0.0,3.7,0.0,0.0,0.0,見送り(地合い🔴),Emerson,5.5,6.9,2.4,-2.3,4575,4810.0,-4.2,0.9,251,Emerson+8.7%連動(β0.23) 未反応+5.5%
5195,バンドー化学,ゴム製品,20.5,★☆☆☆☆,6.0,0.0,1.0,0.0,13.5,0.0,0.0,0.0,見送り(地合い🔴),Emerson,-0.2,16.4,1.8,4.9,2277,2360.0,4.0,1.2,120,Emerson+8.7%連動(β0.28) / MA上昇配列 / パーフェクトオーダー / 52週高値目前
4992,北興化学工業,化学,20.5,★☆☆☆☆,19.5,0.0,1.0,0.0,0.0,0.0,0.0,0.0,見送り(地合い🔴),Emerson,11.3,-5.7,4.3,-11.0,1665,1820.0,-8.5,1.5,234,Emerson+8.7%連動(β0.34) 未反応+11.3%
6209,リケンＮＰＲ,機械,20.5,★☆☆☆☆,7.8,0.0,2.0,0.0,10.7,0.0,0.0,0.0,見送り(地合い🔴),Emerson,1.2,12.4,2.1,2.0,3834,4000.0,1.0,1.3,270,Emerson+8.7%連動(β0.19) 未反応+1.2% / MA上昇配列 / パーフェクトオーダー
5401,日本製鉄,鉄鋼,20.5,★☆☆☆☆,6.3,0.0,6.7,0.0,7.5,0.0,0.0,0.0,見送り(地合い🔴),Emerson,-6.7,30.0,1.8,14.7,630,654.0,9.3,2.6,21648,Emerson+8.7%連動(β0.29) / 出来高増2.6倍 / 買い出来高優勢 / MA上昇配列 / RSI過熱(91)⚠
6517,デンヨー,電気機器,20.5,★☆☆☆☆,16.8,0.0,0.0,0.0,3.7,0.0,0.0,0.0,見送り(地合い🔴),Emerson,3.2,8.9,2.4,-0.1,3424,3595.0,-0.1,1.1,137,Emerson+8.7%連動(β0.32) 未反応+3.2%
5108,ブリヂストン,ゴム製品,20.2,★☆☆☆☆,5.2,0.0,2.0,0.0,13.0,0.0,0.0,0.0,見送り(地合い🔴),Emerson,-0.8,23.5,1.8,8.0,3740,3878.0,2.6,1.1,13663,Emerson+8.7%連動(β0.24) / MA上昇配列 / 52週高値ブレイク!
6844,新電元工業,電気機器,20.2,★☆☆☆☆,20.2,0.0,0.0,0.0,0.0,0.0,0.0,0.0,見送り(地合い🔴),Emerson,11.6,-7.2,5.6,-12.0,2900,3265.0,-5.5,1.0,454,Emerson+8.7%連動(β0.38) 未反応+11.6%
9824,泉州電業,卸売業,20.2,★☆☆☆☆,19.2,0.0,0.0,0.0,1.0,0.0,0.0,0.0,見送り(地合い🔴),Emerson,6.4,-3.4,3.8,-9.2,5527,5980.0,-4.3,1.0,408,Emerson+8.7%連動(β0.33) 未反応+6.4%
6284,日精エー・エス・ビー機械,機械,20.0,★☆☆☆☆,19.0,0.0,0.0,0.0,1.0,0.0,0.0,0.0,見送り(地合い🔴),Emerson,6.9,7.5,3.5,-6.1,8197,8820.0,-4.4,1.2,318,Emerson+8.7%連動(β0.32) 未反応+6.9%
4238,ミライアル,化学,20.0,★☆☆☆☆,20.0,0.0,0.0,0.0,0.0,0.0,0.0,0.0,見送り(地合い🔴),Emerson,5.8,2.8,5.9,-10.1,1394,1582.0,-3.9,1.2,143,Emerson+8.7%連動(β0.37) 未反応+5.8%
7226,極東開発工業,輸送用機器,20.0,★☆☆☆☆,10.7,0.0,3.3,0.0,6.0,0.0,0.0,0.0,見送り(地合い🔴),Emerson,1.7,20.2,1.7,4.5,2265,2344.0,0.9,1.0,462,Emerson+8.7%連動(β0.25) 未反応+1.7% / 買い出来高優勢
6113,アマダ,機械,19.9,★☆☆☆☆,18.9,0.0,0.0,0.0,1.0,0.0,0.0,0.0,見送り(地合い🔴),Emerson,8.3,2.8,4.3,-8.3,2476,2708.5,-4.9,1.0,6324,Emerson+8.7%連動(β0.32) 未反応+8.3%
9065,山九,陸運業,19.9,★☆☆☆☆,5.2,0.0,4.0,0.0,10.7,0.0,0.0,0.0,見送り(地合い🔴),Emerson,-0.2,18.6,1.9,6.6,9054,9408.0,2.8,1.8,1482,Emerson+8.7%連動(β0.24) / MA上昇配列 / パーフェクトオーダー
6305,日立建機,機械,19.8,★☆☆☆☆,14.1,0.0,1.0,0.0,4.7,0.0,0.0,0.0,見送り(地合い🔴),Emerson,1.3,13.4,3.0,2.5,5115,5438.0,4.4,1.4,4400,Emerson+8.7%連動(β0.46) 未反応+1.3%
8628,松井証券,証券、商品先物取引業,19.8,★☆☆☆☆,0.0,0.0,6.3,0.0,13.5,0.0,0.0,0.0,見送り(地合い🔴),,0.0,26.2,2.4,7.6,1052,1106.0,1.8,1.9,1178,買い出来高優勢 / MA上昇配列 / パーフェクトオーダー / 52週高値目前
3445,ＲＳ　Ｔｅｃｈｎｏｌｏｇｉｅｓ,金属製品,19.8,★☆☆☆☆,17.0,0.0,1.0,0.0,0.0,0.0,1.8,0.0,見送り(地合い🔴),Skyworks,6.0,-0.9,10.3,-14.6,4941,6220.0,-5.5,1.4,2338,Skyworks+7.0%連動(β0.29) 未反応+6.0% / 開示[資本提携](4日前)
4975,ＪＣＵ,化学,19.8,★☆☆☆☆,19.8,0.0,0.0,0.0,0.0,0.0,0.0,0.0,見送り(地合い🔴),Emerson,14.4,-16.2,5.8,-17.8,5056,5720.0,-9.8,1.2,600,Emerson+8.7%連動(β0.36) 未反応+14.4%
4203,住友ベークライト,化学,19.8,★☆☆☆☆,18.8,0.0,1.0,0.0,0.0,0.0,0.0,0.0,見送り(地合い🔴),Emerson,13.8,-6.1,4.4,-12.6,5745,6297.0,-11.0,1.4,2960,Emerson+8.7%連動(β0.31) 未反応+13.8%
6472,ＮＴＮ,機械,19.7,★☆☆☆☆,19.7,0.0,0.0,0.0,0.0,0.0,0.0,0.0,見送り(地合い🔴),Emerson,7.7,1.7,3.3,-7.0,343,367.29998779296875,-4.4,0.9,1301,Emerson+8.7%連動(β0.35) 未反応+7.7%
5703,日本軽金属ホールディングス,非鉄金属,19.7,★☆☆☆☆,18.2,0.0,0.0,0.0,1.5,0.0,0.0,0.0,見送り(地合い🔴),Emerson,5.5,4.0,2.9,-3.9,2467,2621.0,-3.3,1.1,875,Emerson+8.7%連動(β0.29) 未反応+5.5%
5406,神戸製鋼所,鉄鋼,19.6,★☆☆☆☆,11.6,0.0,1.0,0.0,7.0,0.0,0.0,0.0,見送り(地合い🔴),Emerson,1.6,17.8,2.0,4.8,1929,2008.0,2.0,1.2,3946,Emerson+8.7%連動(β0.32) 未反応+1.6%
7282,豊田合成,輸送用機器,19.6,★☆☆☆☆,10.4,0.0,1.0,0.0,8.2,0.0,0.0,0.0,見送り(地合い🔴),Emerson,1.1,8.6,2.4,0.7,4883,5128.0,3.0,1.4,2283,Emerson+8.7%連動(β0.33) 未反応+1.1% / MA上昇配列 / パーフェクトオーダー
2760,東京エレクトロン　デバイス,卸売業,19.5,★☆☆☆☆,16.5,0.0,3.0,0.0,0.0,0.0,0.0,0.0,見送り(地合い🔴),Skyworks,5.8,6.5,4.5,-4.2,3374,3705.0,-2.9,1.6,502,Skyworks+7.0%連動(β0.26) 未反応+5.8%
7128,ユニソルホールディングス,卸売業,19.5,★☆☆☆☆,7.5,0.0,5.3,0.0,6.7,0.0,0.0,0.0,見送り(地合い🔴),Emerson,0.3,37.1,3.3,13.8,2537,2719.0,4.5,0.6,342,Emerson+8.7%連動(β0.30) / 買い出来高優勢 / 資金流入増 / MA上昇配列
1979,大氣社,建設業,19.5,★☆☆☆☆,17.5,0.0,1.0,0.0,1.0,0.0,0.0,0.0,見送り(地合い🔴),Emerson,5.8,-1.5,3.6,-7.4,4059,4375.0,-3.1,1.4,1270,Emerson+8.7%連動(β0.25) 未反応+5.8%
4064,日本カーバイド工業,化学,19.5,★☆☆☆☆,18.5,0.0,0.0,0.0,1.0,0.0,0.0,0.0,見送り(地合い🔴),Emerson,8.8,-2.6,3.7,-7.5,2940,3175.0,-5.5,1.0,228,Emerson+8.7%連動(β0.30) 未反応+8.8%
5302,日本カーボン,ガラス・土石製品,19.4,★☆☆☆☆,16.4,0.0,1.0,0.0,2.0,0.0,0.0,0.0,見送り(地合い🔴),Emerson,4.0,11.4,2.0,-1.0,4474,4665.0,-0.4,0.7,336,Emerson+8.7%連動(β0.20) 未反応+4.0%
7224,新明和工業,輸送用機器,19.4,★☆☆☆☆,17.9,0.0,0.0,0.0,1.5,0.0,0.0,0.0,見送り(地合い🔴),Emerson,3.7,5.6,2.4,-2.5,1864,1960.0,-1.3,1.1,312,Emerson+8.7%連動(β0.31) 未反応+3.7%
7004,カナデビア,機械,19.4,★☆☆☆☆,19.4,0.0,0.0,0.0,0.0,0.0,0.0,0.0,見送り(地合い🔴),Emerson,5.0,4.0,3.5,-5.3,1108,1191.0,-0.1,1.1,1020,Emerson+8.7%連動(β0.34) 未反応+5.0%
4109,ステラ　ケミファ,化学,19.3,★☆☆☆☆,18.3,0.0,1.0,0.0,0.0,0.0,0.0,0.0,見送り(地合い🔴),Emerson,10.4,-13.3,4.8,-14.8,4634,5130.0,-7.2,1.5,410,Emerson+8.7%連動(β0.29) 未反応+10.4%
6471,日本精工,機械,19.3,★☆☆☆☆,19.3,0.0,0.0,0.0,0.0,0.0,0.0,0.0,見送り(地合い🔴),Emerson,6.3,4.7,3.4,-4.8,1020,1095.0,-2.1,1.2,2508,Emerson+8.7%連動(β0.33) 未反応+6.3%
7972,イトーキ,その他製品,19.3,★☆☆☆☆,12.6,0.0,2.0,0.0,4.7,0.0,0.0,0.0,見送り(地合い🔴),Emerson,1.5,19.2,3.0,5.2,2732,2905.0,1.6,0.8,588,Emerson+8.7%連動(β0.37) 未反応+1.5%
7988,ニフコ,化学,19.2,★☆☆☆☆,7.7,0.0,4.0,0.0,7.5,0.0,0.0,0.0,見送り(地合い🔴),Emerson,0.4,17.9,1.9,4.5,5033,5237.0,2.7,1.6,1350,Emerson+8.7%連動(β0.30) / MA上昇配列
6988,日東電工,化学,19.2,★☆☆☆☆,7.2,0.0,3.0,0.0,9.0,0.0,0.0,0.0,見送り(地合い🔴),Emerson,-1.7,19.1,2.6,6.2,3264,3446.0,4.9,1.7,10496,Emerson+8.7%連動(β0.33) / MA上昇配列
4631,ＤＩＣ,化学,19.1,★☆☆☆☆,18.1,0.0,0.0,0.0,1.0,0.0,0.0,0.0,見送り(地合い🔴),Emerson,6.4,-0.5,3.0,-6.9,4124,4384.0,-2.6,1.0,2036,Emerson+8.7%連動(β0.28) 未反応+6.4%
4205,日本ゼオン,化学,19.0,★☆☆☆☆,18.0,0.0,0.0,0.0,1.0,0.0,0.0,0.0,見送り(地合い🔴),Emerson,5.7,1.5,3.2,-4.9,2045,2182.5,-2.6,1.0,1778,Emerson+8.7%連動(β0.28) 未反応+5.7%
2674,ハードオフコーポレーション,小売業,19.0,★☆☆☆☆,0.0,0.0,4.0,0.0,15.0,0.0,0.0,0.0,見送り(地合い🔴),,0.0,19.2,2.8,7.9,2754,2919.0,2.0,1.7,175,MA上昇配列 / パーフェクトオーダー / 52週高値ブレイク!
6367,ダイキン工業,機械,19.0,★☆☆☆☆,19.0,0.0,0.0,0.0,0.0,0.0,0.0,0.0,見送り(地合い🔴),Emerson,4.8,7.4,2.1,-3.7,22740,23745.0,-3.2,1.1,29451,Emerson+8.7%連動(β0.32) 未反応+4.8%
9861,吉野家ホールディングス,小売業,19.0,★☆☆☆☆,0.0,0.0,5.3,0.0,13.7,0.0,0.0,0.0,見送り(地合い🔴),,0.0,29.9,3.0,12.7,3577,3805.0,6.1,0.9,2191,買い出来高優勢 / 資金流入増 / MA上昇配列 / パーフェクトオーダー / 52週高値ブレイク!
6976,太陽誘電,電気機器,18.8,★☆☆☆☆,18.8,0.0,0.0,0.0,0.0,0.0,0.0,0.0,見送り(地合い🔴),Skyworks,20.8,-34.5,14.8,-32.5,7239,10275.0,-12.5,0.8,351646,Skyworks+7.0%連動(β0.39) 未反応+20.8%
7966,リンテック,その他製品,18.8,★☆☆☆☆,17.8,0.0,0.0,0.0,1.0,0.0,0.0,0.0,見送り(地合い🔴),Emerson,10.7,-1.8,4.2,-8.7,5603,6120.0,-7.6,0.6,2410,Emerson+8.7%連動(β0.27) 未反応+10.7%
6136,オーエスジー,機械,18.8,★☆☆☆☆,15.8,0.0,2.0,0.0,1.0,0.0,0.0,0.0,見送り(地合い🔴),Emerson,3.3,13.5,4.7,-2.3,3366,3717.0,-1.9,1.0,2529,Emerson+8.7%連動(β0.27) 未反応+3.3%
4901,富士フイルムホールディングス,化学,18.7,★☆☆☆☆,3.2,0.0,2.0,0.0,13.5,0.0,0.0,0.0,見送り(地合い🔴),Skyworks,-1.2,17.2,2.1,5.0,3595,3755.0,2.3,1.1,13468,Skyworks+7.0%連動(β0.18) / MA上昇配列 / パーフェクトオーダー / 52週高値目前
3436,ＳＵＭＣＯ,金属製品,18.7,★☆☆☆☆,17.7,0.0,1.0,0.0,0.0,0.0,0.0,0.0,見送り(地合い🔴),Skyworks,19.3,-7.9,15.8,-26.9,2149,3140.0,-19.5,0.8,101341,Skyworks+7.0%連動(β0.33) 未反応+19.3%
8001,伊藤忠商事,卸売業,18.7,★☆☆☆☆,8.7,0.0,3.0,0.0,7.0,0.0,0.0,0.0,見送り(地合い🔴),Emerson,0.8,18.3,1.9,5.3,1924,1998.5,2.7,1.3,25778,Emerson+8.7%連動(β0.29) 未反応+0.8%
6925,ウシオ電機,電気機器,18.6,★☆☆☆☆,18.6,0.0,0.0,0.0,0.0,0.0,0.0,0.0,見送り(地合い🔴),Emerson,9.5,-0.7,5.6,-11.0,3395,3823.0,-5.6,0.9,2023,Emerson+8.7%連動(β0.30) 未反応+9.5%
4008,住友精化,化学,18.6,★☆☆☆☆,17.6,0.0,0.0,0.0,1.0,0.0,0.0,0.0,見送り(地合い🔴),Emerson,7.4,5.3,2.7,-4.6,1165,1230.0,-4.4,1.2,214,Emerson+8.7%連動(β0.26) 未反応+7.4%
5333,ＮＧＫ,ガラス・土石製品,18.5,★☆☆☆☆,18.5,0.0,0.0,0.0,0.0,0.0,0.0,0.0,見送り(地合い🔴),Emerson,13.5,-15.3,6.1,-19.5,4863,5538.0,-9.3,1.2,11722,Emerson+8.7%連動(β0.30) 未反応+13.5%
7995,バルカー,化学,18.5,★☆☆☆☆,18.5,0.0,0.0,0.0,0.0,0.0,0.0,0.0,見送り(地合い🔴),Emerson,6.6,-3.9,4.3,-9.2,5699,6240.0,-3.4,1.0,609,Emerson+8.7%連動(β0.30) 未反応+6.6%
6395,タダノ,機械,18.5,★☆☆☆☆,9.5,0.0,2.0,0.0,7.0,0.0,0.0,0.0,見送り(地合い🔴),Emerson,-0.7,15.1,2.7,3.8,1265,1338.0,5.5,1.0,440,Emerson+8.7%連動(β0.44)
6971,京セラ,電気機器,18.5,★☆☆☆☆,17.5,0.0,0.0,0.0,1.0,0.0,0.0,0.0,見送り(地合い🔴),Emerson,6.5,13.4,3.5,-1.6,3361,3617.0,-1.3,1.0,22768,Emerson+8.7%連動(β0.25) 未反応+6.5%
3374,内外テック,卸売業,18.400000000000002,★☆☆☆☆,16.3,0.0,1.0,0.0,1.0,0.0,0.1,0.0,見送り(地合い🔴),Skyworks,13.3,1.0,5.5,-10.5,2657,2984.0,-9.4,1.4,120,Skyworks+7.0%連動(β0.25) 未反応+13.3% / 開示[子会社化](13日前)
6652,ＩＤＥＣ,電気機器,18.3,★☆☆☆☆,9.6,0.0,4.0,0.0,4.7,0.0,0.0,0.0,見送り(地合い🔴),Emerson,1.2,11.3,2.7,-0.1,3115,3290.0,1.4,1.6,305,Emerson+8.7%連動(β0.28) 未反応+1.2%
6055,ジャパンマテリアル,サービス業,18.2,★☆☆☆☆,16.9,0.0,0.0,0.0,0.0,0.0,1.3,0.0,見送り(地合い🔴),Skyworks,11.0,-9.0,6.8,-15.4,1817,2103.0,-9.4,0.8,2342,Skyworks+7.0%連動(β0.28) 未反応+11.0% / 開示[子会社化](5日前)
6264,マルマエ,機械,18.2,★☆☆☆☆,18.2,0.0,0.0,0.0,0.0,0.0,0.0,0.0,見送り(地合い🔴),Skyworks,11.4,-21.0,7.6,-22.4,1551,1830.0,-7.8,0.5,3067,Skyworks+7.0%連動(β0.36) 未反応+11.4%
5331,ノリタケ,ガラス・土石製品,18.2,★☆☆☆☆,18.2,0.0,0.0,0.0,0.0,0.0,0.0,0.0,見送り(地合い🔴),Emerson,7.5,-10.5,4.1,-12.7,3009,3280.0,-4.0,0.9,1037,Emerson+8.7%連動(β0.28) 未反応+7.5%
6724,セイコーエプソン,電気機器,18.2,★☆☆☆☆,5.2,0.0,1.0,0.0,12.0,0.0,0.0,0.0,見送り(地合い🔴),Skyworks,0.6,21.1,3.4,4.8,2757,2957.0,3.0,1.0,5270,Skyworks+7.0%連動(β0.19) 未反応+0.6% / MA上昇配列 / パーフェクトオーダー
6237,イワキポンプ,機械,18.0,★☆☆☆☆,0.0,0.0,6.0,0.0,12.0,0.0,0.0,0.0,見送り(地合い🔴),,0.0,44.6,5.6,13.3,4316,4855.0,2.3,1.6,697,資金流入増 / MA上昇配列 / パーフェクトオーダー
5105,ＴＯＹＯ　ＴＩＲＥ,ゴム製品,18.0,★☆☆☆☆,7.0,0.0,2.0,0.0,9.0,0.0,0.0,0.0,見送り(地合い🔴),Emerson,-0.3,20.2,2.4,6.1,3961,4157.0,0.8,0.7,2816,Emerson+8.7%連動(β0.32) / MA上昇配列
9699,ニシオホールディングス,サービス業,18.0,★☆☆☆☆,10.0,0.0,1.0,0.0,7.0,0.0,0.0,0.0,見送り(地合い🔴),Emerson,1.5,16.2,1.7,3.8,4039,4185.0,0.7,0.8,195,Emerson+8.7%連動(β0.25) 未反応+1.5%
6905,コーセル,電気機器,18.0,★☆☆☆☆,18.0,0.0,0.0,0.0,0.0,0.0,0.0,0.0,見送り(地合い🔴),Emerson,5.8,-5.0,3.3,-9.8,1166,1249.0,-3.8,1.1,261,Emerson+8.7%連動(β0.27) 未反応+5.8%
2871,ニチレイ,食料品,18.0,★☆☆☆☆,0.0,0.0,3.0,0.0,15.0,0.0,0.0,0.0,見送り(地合い🔴),,0.0,15.1,3.4,6.4,2126,2280.5,6.9,0.9,4504,MA上昇配列 / パーフェクトオーダー / 52週高値ブレイク!
6586,マキタ,機械,18.0,★☆☆☆☆,17.0,0.0,0.0,0.0,1.0,0.0,0.0,0.0,見送り(地合い🔴),Emerson,3.0,8.5,2.6,-1.0,5376,5672.0,0.6,1.0,4168,Emerson+8.7%連動(β0.37) 未反応+3.0%
3778,さくらインターネット,情報・通信業,18.0,★☆☆☆☆,0.0,0.0,8.0,0.0,6.0,0.0,4.0,0.0,見送り(地合い🔴),,0.0,20.6,4.6,7.5,2818,3100.0,9.9,8.0,3134,出来高急増8.0倍 / 買い出来高優勢 / 開示[業績予想の修正](0日前) / 開示[AI](0日前)
6762,ＴＤＫ,電気機器,18.0,★☆☆☆☆,18.0,0.0,0.0,0.0,0.0,0.0,0.0,0.0,見送り(地合い🔴),Skyworks,8.2,-8.2,4.9,-13.3,2640,2927.5,-4.7,1.2,41601,Skyworks+7.0%連動(β0.34) 未反応+8.2%
7981,タカラスタンダード,その他製品,18.0,★☆☆☆☆,0.0,0.0,3.0,0.0,15.0,0.0,0.0,0.0,見送り(地合い🔴),,0.0,16.4,1.9,5.4,3146,3270.0,6.0,1.4,334,MA上昇配列 / パーフェクトオーダー / 52週高値ブレイク!
9006,京浜急行電鉄,陸運業,17.8,★☆☆☆☆,0.0,0.0,4.3,0.0,13.5,0.0,0.0,0.0,見送り(地合い🔴),,0.0,19.7,1.7,5.8,1564,1620.0,1.7,1.5,1246,買い出来高優勢 / MA上昇配列 / パーフェクトオーダー / 52週高値目前
9324,安田倉庫,倉庫・運輸関連業,17.8,★☆☆☆☆,0.0,0.0,4.3,0.0,13.5,0.0,0.0,0.0,見送り(地合い🔴),,0.0,18.7,2.2,5.3,2485,2602.0,-1.1,0.8,230,買い出来高優勢 / MA上昇配列 / パーフェクトオーダー / 52週高値目前
8101,ＧＳＩクレオス,卸売業,17.8,★☆☆☆☆,0.0,0.0,4.3,0.0,13.5,0.0,0.0,0.0,見送り(地合い🔴),,0.0,25.1,2.5,9.6,2584,2723.0,2.6,0.7,115,買い出来高優勢 / MA上昇配列 / パーフェクトオーダー / 52週高値目前
6963,ローム,電気機器,17.7,★☆☆☆☆,17.7,0.0,0.0,0.0,0.0,0.0,0.0,0.0,見送り(地合い🔴),Skyworks,16.2,-12.6,8.4,-20.7,3424,4117.0,-13.0,1.2,26488,Skyworks+7.0%連動(β0.33) 未反応+16.2%
6981,村田製作所,電気機器,17.6,★☆☆☆☆,17.6,0.0,0.0,0.0,0.0,0.0,0.0,0.0,見送り(地合い🔴),Skyworks,16.2,-23.1,10.4,-25.5,5666,7153.0,-10.6,1.1,274565,Skyworks+7.0%連動(β0.32) 未反応+16.2%
6923,スタンレー電気,電気機器,17.5,★☆☆☆☆,9.5,0.0,1.0,0.0,7.0,0.0,0.0,0.0,見送り(地合い🔴),GM,1.4,11.3,2.1,0.2,3394,3541.0,0.6,1.3,2011,GM+9.9%連動(β0.21) 未反応+1.4% / MA上昇配列 / パーフェクトオーダー
6965,浜松ホトニクス,電気機器,17.5,★☆☆☆☆,16.5,0.0,1.0,0.0,0.0,0.0,0.0,0.0,見送り(地合い🔴),Skyworks,10.3,-7.1,5.0,-12.4,1978,2198.0,-5.9,1.2,7401,Skyworks+7.0%連動(β0.26) 未反応+10.3%
5016,ＪＸ金属,非鉄金属,17.4,★☆☆☆☆,17.4,0.0,0.0,0.0,0.0,0.0,0.0,0.0,見送り(地合い🔴),Emerson,11.2,-13.0,7.4,-15.2,2920,3430.0,-6.4,0.8,85035,Emerson+8.7%連動(β0.25) 未反応+11.2%
6875,メガチップス,電気機器,17.4,★☆☆☆☆,16.4,0.0,1.0,0.0,0.0,0.0,0.0,0.0,見送り(地合い🔴),Skyworks,6.7,-1.6,4.7,-10.2,8249,9100.0,-3.2,1.2,1052,Skyworks+7.0%連動(β0.25) 未反応+6.7%
6526,ソシオネクスト,電気機器,17.4,★☆☆☆☆,17.4,0.0,0.0,0.0,0.0,0.0,0.0,0.0,見送り(地合い🔴),Skyworks,15.7,-4.4,8.5,-16.5,1785,2149.0,-13.1,0.9,24706,Skyworks+7.0%連動(β0.31) 未反応+15.7%
9107,川崎汽船,海運業,17.3,★☆☆☆☆,0.0,0.0,3.3,0.0,12.2,0.0,1.8,0.0,見送り(地合い🔴),,0.0,25.5,2.4,8.0,2678,2815.5,2.4,1.0,12049,買い出来高優勢 / MA上昇配列 / パーフェクトオーダー / 52週高値目前 / 開示[業績予想の修正](4日前)
5408,中山製鋼所,鉄鋼,17.2,★☆☆☆☆,9.2,0.0,3.3,0.0,4.7,0.0,0.0,0.0,見送り(地合い🔴),Emerson,0.9,16.4,1.8,3.1,619,643.0,2.4,0.6,121,Emerson+8.7%連動(β0.30) 未反応+0.9% / 買い出来高優勢
6222,島精機製作所,機械,17.2,★☆☆☆☆,17.2,0.0,0.0,0.0,0.0,0.0,0.0,0.0,見送り(地合い🔴),Emerson,3.1,11.5,2.8,-1.1,828,877.0,-0.6,0.6,219,Emerson+8.7%連動(β0.36) 未反応+3.1%
6306,日工,機械,17.2,★☆☆☆☆,3.7,0.0,0.0,0.0,13.5,0.0,0.0,0.0,見送り(地合い🔴),Emerson,-1.2,16.9,1.8,4.1,942,978.0,3.1,1.0,102,Emerson+8.7%連動(β0.17) / MA上昇配列 / パーフェクトオーダー / 52週高値目前
296A,令和アカウンティング・ホールディングス,サービス業,17.2,★☆☆☆☆,0.0,0.0,5.3,0.0,10.7,0.0,1.2,0.0,見送り(地合い🔴),,0.0,30.1,3.7,14.6,837,905.0,0.4,0.5,158,買い出来高優勢 / 資金流入増 / MA上昇配列 / パーフェクトオーダー / 開示[業務提携](7日前)
6902,デンソー,輸送用機器,17.0,★☆☆☆☆,7.0,0.0,2.0,0.0,8.0,0.0,0.0,0.0,見送り(地合い🔴),Emerson,-1.7,20.4,1.7,6.9,2008,2079.5,4.4,1.2,13506,Emerson+8.7%連動(β0.32) / MA上昇配列
8218,コメリ,小売業,17.0,★☆☆☆☆,0.0,0.0,2.0,0.0,12.0,0.0,3.0,0.0,見送り(地合い🔴),,0.0,11.0,1.7,3.4,3506,3630.0,2.7,1.5,231,MA上昇配列 / パーフェクトオーダー / 開示[自己株式取得](0日前)
5929,三和ホールディングス,金属製品,17.0,★☆☆☆☆,6.0,0.0,3.0,0.0,8.0,0.0,0.0,0.0,見送り(地合い🔴),Emerson,-2.6,13.0,1.9,5.0,3805,3953.0,4.7,1.3,1963,Emerson+8.7%連動(β0.27) / MA上昇配列
9039,サカイ引越センター,陸運業,17.0,★☆☆☆☆,0.0,0.0,2.0,0.0,15.0,0.0,0.0,0.0,見送り(地合い🔴),,0.0,13.0,1.4,3.2,2943,3030.0,1.8,1.0,177,MA上昇配列 / パーフェクトオーダー / 52週高値ブレイク!
9831,ヤマダホールディングス,小売業,17.0,★☆☆☆☆,0.0,0.0,3.3,0.0,13.7,0.0,0.0,0.0,見送り(地合い🔴),,0.0,22.9,2.8,9.4,698,739.2999877929688,1.5,0.7,3408,買い出来高優勢 / MA上昇配列 / パーフェクトオーダー / 52週高値ブレイク!
2503,キリンホールディングス,食料品,17.0,★☆☆☆☆,0.0,0.0,2.0,0.0,15.0,0.0,0.0,0.0,見送り(地合い🔴),,0.0,16.1,2.0,5.0,2881,2998.0,2.6,1.1,8862,MA上昇配列 / パーフェクトオーダー / 52週高値ブレイク!
9274,ＫＰＰグループホールディングス,卸売業,17.0,★☆☆☆☆,0.0,0.0,2.0,0.0,13.5,0.0,1.5,0.0,見送り(地合い🔴),,0.0,17.0,2.4,4.2,1039,1092.0,1.8,1.1,229,MA上昇配列 / パーフェクトオーダー / 52週高値目前 / 開示[自己株式の取得](7日前)
9735,セコム,サービス業,17.0,★☆☆☆☆,0.0,0.0,2.0,0.0,15.0,0.0,0.0,0.0,見送り(地合い🔴),,0.0,17.6,1.8,4.7,6670,6924.0,2.8,1.2,8893,MA上昇配列 / パーフェクトオーダー / 52週高値ブレイク!
5332,ＴＯＴＯ,ガラス・土石製品,17.0,★☆☆☆☆,16.0,0.0,1.0,0.0,0.0,0.0,0.0,0.0,見送り(地合い🔴),Skyworks,10.4,-8.0,4.3,-14.2,6335,6937.0,-7.9,1.2,9193,Skyworks+7.0%連動(β0.23) 未反応+10.4%
7202,いすゞ自動車,輸送用機器,16.8,★☆☆☆☆,5.8,0.0,2.0,0.0,9.0,0.0,0.0,0.0,見送り(地合い🔴),GM,-2.0,22.8,2.5,6.0,2310,2431.0,4.4,1.5,6346,GM+9.9%連動(β0.23) / MA上昇配列
6457,グローリー,機械,16.8,★☆☆☆☆,0.0,0.0,3.3,0.0,13.5,0.0,0.0,0.0,見送り(地合い🔴),,0.0,25.7,2.1,8.3,4300,4486.0,5.3,0.9,763,買い出来高優勢 / MA上昇配列 / パーフェクトオーダー / 52週高値目前
7177,ＧＭＯフィナンシャルホールディングス,証券、商品先物取引業,16.8,★☆☆☆☆,0.0,0.0,2.0,0.0,12.0,0.0,2.8,0.0,見送り(地合い🔴),,0.0,19.1,2.7,5.0,1021,1080.0,2.7,1.4,255,MA上昇配列 / パーフェクトオーダー / 開示[増配](1日前)
6301,小松製作所,機械,16.8,★☆☆☆☆,10.1,0.0,1.0,0.0,5.7,0.0,0.0,0.0,見送り(地合い🔴),Emerson,-0.7,17.1,2.7,4.2,6389,6750.0,5.2,1.2,19266,Emerson+8.7%連動(β0.46)
8439,東京センチュリー,その他金融業,16.8,★☆☆☆☆,0.0,0.0,3.3,0.0,13.5,0.0,0.0,0.0,見送り(地合い🔴),,0.0,17.9,2.0,4.5,2575,2683.5,0.4,0.9,1563,買い出来高優勢 / MA上昇配列 / パーフェクトオーダー / 52週高値目前
3151,バイタルケーエスケー・ホールディングス,卸売業,16.7,★☆☆☆☆,0.0,0.0,3.0,0.0,13.7,0.0,0.0,0.0,見送り(地合い🔴),,0.0,20.3,1.8,6.9,1629,1689.0,1.3,1.2,116,MA上昇配列 / パーフェクトオーダー / 52週高値ブレイク!
150A,ＪＳＨ,サービス業,16.7,★☆☆☆☆,0.0,0.0,8.7,0.0,8.0,0.0,0.0,0.0,見送り(地合い🔴),,0.0,37.6,14.8,5.1,314,447.0,-34.7,5.2,353,出来高急増5.2倍 / 資金流入増 / MA上昇配列
6277,ホソカワミクロン,機械,16.7,★☆☆☆☆,12.0,0.0,1.0,0.0,3.7,0.0,0.0,0.0,見送り(地合い🔴),Emerson,1.8,9.9,2.8,0.0,4663,4935.0,0.9,1.3,148,Emerson+8.7%連動(β0.30) 未反応+1.8%
1518,三井松島ホールディングス,その他製品,16.599999999999998,★☆☆☆☆,0.0,0.0,8.7,0.0,9.5,0.0,3.4,-5.0,見送り(地合い🔴),,0.0,63.2,4.3,40.8,2115,2312.0,48.8,2.7,1018,出来高増2.7倍 / 買い出来高優勢 / 資金流入増 / MA上昇配列 / パーフェクトオーダー / RSI過熱(86)⚠ / 過熱⚠25MA+41% / 開示[上方修正](6日前) / 開示[子会社化](6日前)
2602,日清オイリオグループ,食料品,16.5,★☆☆☆☆,0.0,0.0,3.0,0.0,13.5,0.0,0.0,0.0,見送り(地合い🔴),,0.0,16.6,1.7,5.0,1917,1986.0,1.3,1.3,485,MA上昇配列 / パーフェクトオーダー / 52週高値目前
8304,あおぞら銀行,銀行業,16.5,★☆☆☆☆,0.0,0.0,3.0,0.0,13.5,0.0,0.0,0.0,見送り(地合い🔴),,0.0,24.2,2.2,7.0,2953,3089.0,3.6,1.2,3784,MA上昇配列 / パーフェクトオーダー / 52週高値目前
6282,オイレス工業,機械,16.5,★☆☆☆☆,13.5,0.0,1.0,0.0,2.0,0.0,0.0,0.0,見送り(地合い🔴),Emerson,2.7,10.8,1.7,-0.5,2709,2806.0,-0.5,0.9,185,Emerson+8.7%連動(β0.24) 未反応+2.7%
8059,第一実業,卸売業,16.5,★☆☆☆☆,0.0,0.0,3.0,0.0,13.5,0.0,0.0,0.0,見送り(地合い🔴),,0.0,24.4,2.4,6.9,3308,3475.0,2.5,0.5,299,MA上昇配列 / パーフェクトオーダー / 52週高値目前
3941,レンゴー,パルプ・紙,16.5,★☆☆☆☆,0.0,0.0,3.0,0.0,13.5,0.0,0.0,0.0,見送り(地合い🔴),,0.0,16.0,2.2,5.8,1452,1519.5,3.8,1.9,1355,MA上昇配列 / パーフェクトオーダー / 52週高値目前
3091,ブロンコビリー,小売業,16.5,★☆☆☆☆,0.0,0.0,5.3,0.0,12.5,0.0,1.7,-3.0,見送り(地合い🔴),,0.0,31.6,3.3,16.8,2534,2712.0,12.1,1.4,407,買い出来高優勢 / MA上昇配列 / パーフェクトオーダー / 52週高値ブレイク! / RSI過熱(88)⚠ / 伸びすぎ注意(25MA+17%) / 開示[増配](6日前)
8142,トーホー,卸売業,16.5,★☆☆☆☆,0.0,0.0,3.0,0.0,13.5,0.0,0.0,0.0,見送り(地合い🔴),,0.0,13.1,1.9,3.4,1353,1405.0,1.6,1.7,235,MA上昇配列 / パーフェクトオーダー / 52週高値目前
5911,横河ブリッジホールディングス,金属製品,16.5,★☆☆☆☆,0.0,0.0,5.7,0.0,8.0,0.0,2.8,0.0,見送り(地合い🔴),,0.0,13.9,1.6,2.4,2850,2943.0,0.8,3.3,284,出来高急増3.3倍 / 開示[自己株式取得](1日前)
3116,トヨタ紡織,輸送用機器,16.4,★☆☆☆☆,8.4,0.0,2.0,0.0,6.0,0.0,0.0,0.0,見送り(地合い🔴),Emerson,0.6,17.9,1.9,4.9,2226,2313.5,2.2,1.0,1519,Emerson+8.7%連動(β0.31) 未反応+0.6%
7267,本田技研工業,輸送用機器,16.3,★☆☆☆☆,5.3,0.0,1.0,0.0,10.0,0.0,0.0,0.0,見送り(地合い🔴),GM,-1.3,19.5,2.4,6.4,1536,1612.0,3.5,1.1,25391,GM+9.9%連動(β0.21) / MA上昇配列
4373,シンプレクス・ホールディングス,情報・通信業,16.3,★☆☆☆☆,0.0,0.0,4.3,0.0,12.0,0.0,0.0,0.0,見送り(地合い🔴),,0.0,29.1,3.7,12.2,1060,1144.0,6.8,2.5,1188,出来高増2.5倍 / MA上昇配列 / パーフェクトオーダー
8334,群馬銀行,銀行業,16.3,★☆☆☆☆,0.0,0.0,4.3,0.0,12.0,0.0,0.0,0.0,見送り(地合い🔴),,0.0,20.1,3.1,4.0,2414,2571.0,1.5,1.2,2314,買い出来高優勢 / MA上昇配列 / パーフェクトオーダー
3946,トーモク,パルプ・紙,16.3,★☆☆☆☆,0.0,0.0,5.3,0.0,11.0,0.0,0.0,0.0,見送り(地合い🔴),,0.0,25.5,2.1,9.8,4351,4540.0,1.3,0.9,425,買い出来高優勢 / 資金流入増 / MA上昇配列 / パーフェクトオーダー / 52週高値目前 / RSI過熱(89)⚠
2805,ヱスビー食品,食料品,16.3,★☆☆☆☆,0.0,0.0,4.3,0.0,12.0,0.0,0.0,0.0,見送り(地合い🔴),,0.0,26.8,3.8,7.0,5657,6120.0,0.5,1.0,306,買い出来高優勢 / MA上昇配列 / パーフェクトオーダー
7741,ＨＯＹＡ,精密機器,16.2,★☆☆☆☆,16.2,0.0,0.0,0.0,0.0,0.0,0.0,0.0,見送り(地合い🔴),Skyworks,7.1,2.1,2.9,-6.5,22319,23685.0,-6.9,1.0,25633,Skyworks+7.0%連動(β0.24) 未反応+7.1%
9069,センコーグループホールディングス,陸運業,16.1,★☆☆☆☆,0.0,0.0,3.3,0.0,12.2,0.0,0.6,0.0,見送り(地合い🔴),,0.0,23.8,2.0,7.1,2107,2196.0,-1.3,0.8,798,買い出来高優勢 / MA上昇配列 / パーフェクトオーダー / 52週高値目前 / 開示[自己株式の取得](11日前)
6914,オプテックスグループ,電気機器,16.0,★☆☆☆☆,16.0,0.0,0.0,0.0,0.0,0.0,0.0,0.0,見送り(地合い🔴),Skyworks,8.9,-9.2,4.6,-13.8,3044,3355.0,-7.2,1.2,572,Skyworks+7.0%連動(β0.23) 未反応+8.9%
2001,ニップン,食料品,16.0,★☆☆☆☆,0.0,0.0,1.0,0.0,15.0,0.0,0.0,0.0,見送り(地合い🔴),,0.0,12.5,1.8,3.5,2801,2906.0,2.9,0.8,714,MA上昇配列 / パーフェクトオーダー / 52週高値ブレイク!
8043,スターゼン,卸売業,16.0,★☆☆☆☆,0.0,0.0,3.0,0.0,13.0,0.0,0.0,0.0,見送り(地合い🔴),,0.0,21.5,2.0,6.8,1294,1348.0,3.1,1.2,190,MA上昇配列 / 52週高値ブレイク!
6752,パナソニック　ホールディングス,電気機器,15.9,★☆☆☆☆,15.9,0.0,0.0,0.0,0.0,0.0,0.0,0.0,見送り(地合い🔴),Skyworks,13.5,-7.7,5.8,-16.2,3189,3604.0,-11.5,0.9,49825,Skyworks+7.0%連動(β0.22) 未反応+13.5%
8074,ＹＵＡＳＡ,卸売業,15.9,★☆☆☆☆,7.9,0.0,1.0,0.0,7.0,0.0,0.0,0.0,見送り(地合い🔴),Emerson,0.8,18.1,1.9,4.7,5467,5680.0,1.6,1.0,175,Emerson+8.7%連動(β0.25) 未反応+0.8%
3087,ドトール・日レスホールディングス,小売業,15.8,★☆☆☆☆,0.0,0.0,3.3,0.0,12.5,0.0,0.0,0.0,見送り(地合い🔴),,0.0,28.4,2.6,14.1,3081,3250.0,9.2,1.1,466,買い出来高優勢 / MA上昇配列 / パーフェクトオーダー / 52週高値ブレイク! / RSI過熱(91)⚠
7259,アイシン,輸送用機器,15.8,★☆☆☆☆,6.5,0.0,3.3,0.0,6.0,0.0,0.0,0.0,見送り(地合い🔴),Emerson,-1.7,20.5,2.2,5.9,2305,2408.5,5.0,1.0,4319,Emerson+8.7%連動(β0.30) / 買い出来高優勢
9449,ＧＭＯインターネットグループ,情報・通信業,15.8,★☆☆☆☆,0.0,0.0,4.3,0.0,11.5,0.0,0.0,0.0,見送り(地合い🔴),,0.0,31.3,3.1,9.8,3842,4100.0,1.0,1.5,1825,買い出来高優勢 / MA上昇配列 / 52週高値目前 / 開示[AI](14日前)
7242,カヤバ,輸送用機器,15.8,★☆☆☆☆,5.8,0.0,3.0,0.0,7.0,0.0,0.0,0.0,見送り(地合い🔴),Emerson,-0.7,25.4,2.0,8.2,4268,4445.0,3.5,1.3,402,Emerson+8.7%連動(β0.27)
3191,ジョイフル本田,小売業,15.7,★☆☆☆☆,0.0,0.0,2.0,0.0,13.7,0.0,0.0,0.0,見送り(地合い🔴),,0.0,18.1,1.7,8.2,2366,2452.0,6.6,1.4,403,MA上昇配列 / パーフェクトオーダー / 52週高値ブレイク!
2914,日本たばこ産業,食料品,15.7,★☆☆☆☆,0.0,0.0,2.0,0.0,13.7,0.0,0.0,0.0,見送り(地合い🔴),,0.0,20.6,1.8,7.7,6404,6648.0,3.5,0.9,28600,MA上昇配列 / パーフェクトオーダー / 52週高値ブレイク!
8725,ＭＳ＆ＡＤインシュアランスグループホールディングス,保険業,15.7,★☆☆☆☆,0.0,0.0,2.0,0.0,13.7,0.0,0.0,0.0,見送り(地合い🔴),,0.0,28.6,2.0,10.8,4839,5039.0,6.3,0.9,22529,MA上昇配列 / パーフェクトオーダー / 52週高値ブレイク!
146A,コロンビア・ワークス,不動産業,15.7,★☆☆☆☆,14.7,0.0,1.0,0.0,0.0,0.0,0.0,0.0,見送り(地合い🔴),Boeing,5.1,16.4,3.9,-0.9,2874,3115.0,-4.0,0.7,197,Boeing+5.9%連動(β0.18) 未反応+5.1%
9279,ギフトホールディングス,小売業,15.6,★☆☆☆☆,0.0,0.0,2.0,0.0,13.5,0.0,0.1,0.0,見送り(地合い🔴),,0.0,25.3,4.0,11.0,4571,4965.0,0.6,1.2,425,MA上昇配列 / パーフェクトオーダー / 52週高値目前 / 開示[株式分割](13日前)
9076,セイノーホールディングス,陸運業,15.5,★☆☆☆☆,0.0,0.0,2.0,0.0,13.5,0.0,0.0,0.0,見送り(地合い🔴),,0.0,13.2,1.6,2.1,2640,2725.0,0.9,0.8,933,MA上昇配列 / パーフェクトオーダー / 52週高値目前
2053,中部飼料,食料品,15.5,★☆☆☆☆,0.0,0.0,2.0,0.0,13.5,0.0,0.0,0.0,見送り(地合い🔴),,0.0,17.2,1.6,3.7,1908,1969.0,1.0,1.1,100,MA上昇配列 / パーフェクトオーダー / 52週高値目前
7181,かんぽ生命保険,保険業,15.5,★☆☆☆☆,0.0,0.0,2.0,0.0,13.5,0.0,0.0,0.0,見送り(地合い🔴),,0.0,27.2,2.5,7.8,1664,1752.5,3.9,1.0,3817,MA上昇配列 / パーフェクトオーダー / 52週高値目前
5411,ＪＦＥホールディングス,鉄鋼,15.5,★☆☆☆☆,6.5,0.0,3.0,0.0,6.0,0.0,0.0,0.0,見送り(地合い🔴),Emerson,-2.1,25.1,1.9,9.1,1725,1795.0,3.2,1.3,8636,Emerson+8.7%連動(β0.30)
4765,ＳＢＩグローバルアセットマネジメント,サービス業,15.5,★☆☆☆☆,0.0,0.0,6.7,0.0,6.0,0.0,2.8,0.0,見送り(地合い🔴),,0.0,14.0,1.8,2.8,567,588.0,2.1,4.4,221,出来高急増4.4倍 / 開示[増配](1日前)
4746,東計電算,情報・通信業,15.5,★☆☆☆☆,0.0,0.0,3.3,0.0,12.2,0.0,0.0,0.0,見送り(地合い🔴),,0.0,21.3,2.1,7.2,4756,4970.0,3.3,0.9,132,買い出来高優勢 / MA上昇配列 / パーフェクトオーダー / 52週高値目前
8133,伊藤忠エネクス,卸売業,15.5,★☆☆☆☆,0.0,0.0,2.0,0.0,13.5,0.0,0.0,0.0,見送り(地合い🔴),,0.0,13.1,1.8,2.4,2007,2080.0,0.3,0.8,256,MA上昇配列 / パーフェクトオーダー / 52週高値目前
3076,あい　ホールディングス,卸売業,15.5,★☆☆☆☆,0.0,0.0,2.0,0.0,13.5,0.0,0.0,0.0,見送り(地合い🔴),,0.0,15.9,1.6,5.9,2757,2849.0,4.6,1.1,410,MA上昇配列 / パーフェクトオーダー / 52週高値目前
3097,物語コーポレーション,小売業,15.5,★☆☆☆☆,0.0,0.0,2.0,0.0,13.5,0.0,0.0,0.0,見送り(地合い🔴),,0.0,18.2,2.5,5.6,4935,5190.0,1.2,0.7,868,MA上昇配列 / パーフェクトオーダー / 52週高値目前
2108,日本甜菜製糖,食料品,15.5,★☆☆☆☆,0.0,0.0,2.0,0.0,13.5,0.0,0.0,0.0,見送り(地合い🔴),,0.0,20.0,2.4,6.9,4878,5120.0,8.9,1.1,141,MA上昇配列 / パーフェクトオーダー / 52週高値目前
7184,富山第一銀行,銀行業,15.3,★☆☆☆☆,0.0,0.0,3.3,0.0,12.0,0.0,0.0,0.0,見送り(地合い🔴),,0.0,33.0,4.5,12.8,2811,3090.0,6.7,1.1,654,買い出来高優勢 / MA上昇配列 / パーフェクトオーダー
7949,小松ウオール工業,その他製品,15.3,★☆☆☆☆,0.0,0.0,5.3,0.0,10.0,0.0,0.0,0.0,見送り(地合い🔴),,0.0,18.6,1.5,6.2,2669,2753.0,4.9,2.6,130,出来高増2.6倍 / MA上昇配列
254A,ＡＩフュージョンキャピタルグループ,証券、商品先物取引業,15.3,★☆☆☆☆,0.0,0.0,5.3,0.0,10.0,0.0,0.0,0.0,見送り(地合い🔴),,0.0,42.6,5.5,10.5,1130,1269.0,-3.6,0.8,111,買い出来高優勢 / 資金流入増 / MA上昇配列 / パーフェクトオーダー
2590,ダイドーグループホールディングス,食料品,15.3,★☆☆☆☆,0.0,0.0,4.3,0.0,11.0,0.0,0.0,0.0,見送り(地合い🔴),,0.0,22.6,2.3,8.3,2878,3015.0,3.1,0.7,438,買い出来高優勢 / MA上昇配列 / パーフェクトオーダー
1377,サカタのタネ,水産・農林業,15.3,★☆☆☆☆,0.0,0.0,3.3,0.0,12.0,0.0,0.0,0.0,見送り(地合い🔴),,0.0,15.7,2.2,3.4,4241,4440.0,0.9,0.6,627,買い出来高優勢 / MA上昇配列 / パーフェクトオーダー
5946,長府製作所,金属製品,15.3,★☆☆☆☆,0.0,0.0,4.3,0.0,11.0,0.0,0.0,0.0,見送り(地合い🔴),,0.0,15.7,1.9,5.0,2027,2107.0,2.2,0.4,232,買い出来高優勢 / MA上昇配列 / パーフェクトオーダー
7751,キヤノン,電気機器,15.3,★☆☆☆☆,0.0,0.0,5.3,0.0,10.0,0.0,0.0,0.0,見送り(地合い🔴),,0.0,18.6,2.1,3.3,4288,4478.0,-0.5,2.2,17591,出来高増2.2倍 / MA上昇配列
8051,山善,卸売業,15.3,★☆☆☆☆,0.0,0.0,3.3,0.0,12.0,0.0,0.0,0.0,見送り(地合い🔴),,0.0,15.2,1.7,1.3,1695,1754.0,0.2,0.7,325,買い出来高優勢 / MA上昇配列 / パーフェクトオーダー
4293,セプテーニ・ホールディングス,サービス業,15.3,★☆☆☆☆,0.0,0.0,4.3,0.0,11.0,0.0,0.0,0.0,見送り(地合い🔴),,0.0,23.1,3.2,5.2,477,510.0,1.8,1.3,296,買い出来高優勢 / MA上昇配列 / パーフェクトオーダー
2154,オープンアップグループ,サービス業,15.3,★☆☆☆☆,0.0,0.0,3.3,0.0,12.0,0.0,0.0,0.0,見送り(地合い🔴),,0.0,17.3,1.4,5.6,1995,2052.0,2.5,0.9,308,買い出来高優勢 / MA上昇配列 / パーフェクトオーダー
4324,電通グループ,サービス業,15.3,★☆☆☆☆,0.0,0.0,5.3,0.0,10.0,0.0,0.0,0.0,見送り(地合い🔴),,0.0,27.8,2.9,10.0,3410,3622.0,4.5,1.5,3958,買い出来高優勢 / MA上昇配列 / パーフェクトオーダー
7350,おきなわフィナンシャルグループ,銀行業,15.3,★☆☆☆☆,0.0,0.0,3.3,0.0,12.0,0.0,0.0,0.0,見送り(地合い🔴),,0.0,26.4,3.5,8.2,6840,7360.0,4.2,1.0,493,買い出来高優勢 / MA上昇配列 / パーフェクトオーダー
8697,日本取引所グループ,その他金融業,15.2,★☆☆☆☆,0.0,0.0,3.0,0.0,12.2,0.0,0.0,0.0,見送り(地合い🔴),,0.0,20.3,3.1,3.9,2100,2241.0,-0.6,1.7,7966,MA上昇配列 / パーフェクトオーダー / 52週高値目前
7203,トヨタ自動車,輸送用機器,15.2,★☆☆☆☆,7.2,0.0,2.0,0.0,6.0,0.0,0.0,0.0,見送り(地合い🔴),Emerson,0.2,18.8,2.0,5.7,2886,3008.0,2.2,1.1,77694,Emerson+8.7%連動(β0.30)
2109,ＤＭ三井製糖,食料品,15.0,★☆☆☆☆,0.0,0.0,4.3,0.0,10.7,0.0,0.0,0.0,見送り(地合い🔴),,0.0,16.6,1.3,4.6,3376,3465.0,3.1,1.5,126,買い出来高優勢 / MA上昇配列 / パーフェクトオーダー
9310,日本トランスシティ,倉庫・運輸関連業,15.0,★☆☆☆☆,0.0,0.0,4.3,0.0,10.7,0.0,0.0,0.0,見送り(地合い🔴),,0.0,27.8,2.5,10.9,1275,1342.0,3.5,1.5,125,買い出来高優勢 / MA上昇配列 / パーフェクトオーダー
9900,サガミホールディングス,小売業,15.0,★☆☆☆☆,0.0,0.0,6.3,0.0,11.7,0.0,0.0,-3.0,見送り(地合い🔴),,0.0,34.1,2.3,17.0,1962,2055.0,13.2,1.6,201,買い出来高優勢 / MA上昇配列 / 52週高値ブレイク! / 伸びすぎ注意(25MA+17%)
2002,日清製粉グループ本社,食料品,15.0,★☆☆☆☆,0.0,0.0,3.0,0.0,12.0,0.0,0.0,0.0,見送り(地合い🔴),,0.0,15.1,1.8,4.5,2031,2106.5,3.1,1.2,1388,MA上昇配列 / パーフェクトオーダー
7453,良品計画,小売業,15.0,★☆☆☆☆,0.0,0.0,3.0,0.0,12.0,0.0,0.0,0.0,見送り(地合い🔴),,0.0,30.1,4.9,10.8,3886,4305.0,1.4,0.6,22775,MA上昇配列 / パーフェクトオーダー
6750,エレコム,電気機器,15.0,★☆☆☆☆,0.0,0.0,3.0,0.0,12.0,0.0,0.0,0.0,見送り(地合い🔴),,0.0,17.1,2.2,5.4,1824,1907.0,4.2,1.5,363,MA上昇配列 / パーフェクトオーダー
8345,岩手銀行,銀行業,15.0,★☆☆☆☆,0.0,0.0,3.0,0.0,12.0,0.0,0.0,0.0,見送り(地合い🔴),,0.0,20.3,3.8,7.1,2106,2278.0,4.7,1.2,545,MA上昇配列 / パーフェクトオーダー
8622,水戸証券,証券、商品先物取引業,15.0,★☆☆☆☆,0.0,0.0,4.3,0.0,10.7,0.0,0.0,0.0,見送り(地合い🔴),,0.0,28.4,2.9,10.4,730,775.0,2.9,1.1,213,買い出来高優勢 / MA上昇配列 / パーフェクトオーダー
4997,日本農薬,化学,15.0,★☆☆☆☆,0.0,0.0,3.0,0.0,12.0,0.0,0.0,0.0,見送り(地合い🔴),,0.0,13.6,2.4,3.3,1007,1057.0,3.4,1.3,169,MA上昇配列 / パーフェクトオーダー
7513,コジマ,小売業,15.0,★☆☆☆☆,0.0,0.0,4.3,0.0,10.7,0.0,0.0,0.0,見送り(地合い🔴),,0.0,19.3,2.6,8.4,1344,1419.0,4.2,0.8,410,買い出来高優勢 / MA上昇配列 / パーフェクトオーダー
4290,プレステージ・インターナショナル,サービス業,15.0,★☆☆☆☆,0.0,0.0,4.0,0.0,8.0,0.0,3.0,0.0,見送り(地合い🔴),,0.0,16.3,1.6,4.4,664,686.0,2.8,1.8,241,開示[自己株式取得](0日前)
2270,雪印メグミルク,食料品,15.0,★☆☆☆☆,0.0,0.0,0.0,0.0,15.0,0.0,0.0,0.0,見送り(地合い🔴),,0.0,15.9,2.0,4.8,3723,3875.0,4.4,1.0,671,MA上昇配列 / パーフェクトオーダー / 52週高値ブレイク!
1447,ＳＡＡＦホールディングス,建設業,14.9,★☆☆☆☆,0.0,0.0,5.3,0.0,6.2,0.0,3.4,0.0,見送り(地合い🔴),,0.0,46.0,11.7,5.4,279,365.0,8.0,0.2,294,買い出来高優勢 / 資金流入増 / MA上昇配列 / パーフェクトオーダー / 開示[買収](4日前) / 開示[買収](5日前)
8011,三陽商会,繊維製品,14.9,★☆☆☆☆,0.0,0.0,1.0,0.0,12.0,0.0,1.9,0.0,見送り(地合い🔴),,0.0,27.6,2.9,9.3,4409,4680.0,4.1,1.0,256,MA上昇配列 / パーフェクトオーダー / 開示[株式分割](1日前)
7459,メディパルホールディングス,卸売業,14.8,★☆☆☆☆,0.0,0.0,5.3,0.0,9.5,0.0,0.0,0.0,見送り(地合い🔴),,0.0,21.9,2.5,8.6,2824,2970.5,4.2,1.6,1144,買い出来高優勢 / 52週高値目前 / 開示[業績予想の修正](14日前)
3994,マネーフォワード,情報・通信業,14.8,★☆☆☆☆,4.8,0.0,3.0,0.0,10.0,0.0,0.0,-3.0,見送り(地合い🔴),Microsoft,-4.5,42.4,6.0,18.0,4981,5665.0,7.8,1.2,2810,Microsoft+3.1%連動(β0.62) / MA上昇配列 / パーフェクトオーダー / 伸びすぎ注意(25MA+18%)
4307,野村総合研究所,情報・通信業,14.7,★☆☆☆☆,2.7,0.0,3.0,0.0,9.0,0.0,0.0,0.0,見送り(地合い🔴),Microsoft,-6.9,26.4,3.3,10.5,5024,5378.0,5.3,1.4,12424,Microsoft+3.1%連動(β0.35) / MA上昇配列
7276,小糸製作所,電気機器,14.6,★☆☆☆☆,11.1,0.0,2.0,0.0,1.5,0.0,0.0,0.0,見送り(地合い🔴),Emerson,1.4,8.7,1.9,-1.3,2427,2525.0,2.0,1.1,1770,Emerson+8.7%連動(β0.31) 未反応+1.4%
5410,合同製鐵,鉄鋼,14.599999999999998,★☆☆☆☆,6.6,0.0,3.3,0.0,4.7,0.0,0.0,0.0,見送り(地合い🔴),Emerson,-1.5,18.6,1.5,6.3,2753,2841.0,4.5,1.0,252,Emerson+8.7%連動(β0.30) / 買い出来高優勢
2810,ハウス食品グループ本社,食料品,14.5,★☆☆☆☆,0.0,0.0,2.0,0.0,12.5,0.0,0.0,0.0,見送り(地合い🔴),,0.0,18.1,1.7,4.7,3881,4018.0,3.1,0.8,967,MA上昇配列 / パーフェクトオーダー / 52週高値ブレイク!
6448,ブラザー工業,電気機器,14.5,★☆☆☆☆,0.0,0.0,1.0,0.0,13.5,0.0,0.0,0.0,見送り(地合い🔴),,0.0,18.8,2.1,5.6,3837,4007.0,2.6,1.5,2751,MA上昇配列 / パーフェクトオーダー / 52週高値目前
9433,ＫＤＤＩ,情報・通信業,14.5,★☆☆☆☆,0.0,0.0,2.0,0.0,12.5,0.0,0.0,0.0,見送り(地合い🔴),,0.0,20.4,1.9,7.1,2881,2993.0,3.9,1.2,22716,MA上昇配列 / パーフェクトオーダー / 52週高値ブレイク! / RSI過熱(87)⚠
6737,ＥＩＺＯ,電気機器,14.5,★☆☆☆☆,0.0,0.0,1.0,0.0,13.5,0.0,0.0,0.0,見送り(地合い🔴),,0.0,28.1,2.6,7.1,2618,2764.0,3.8,0.6,560,MA上昇配列 / パーフェクトオーダー / 52週高値目前
8766,東京海上ホールディングス,保険業,14.5,★☆☆☆☆,0.0,0.0,1.0,0.0,13.5,0.0,0.0,0.0,見送り(地合い🔴),,0.0,23.9,2.3,8.3,7850,8234.0,4.6,0.9,39669,MA上昇配列 / パーフェクトオーダー / 52週高値目前
7278,エクセディ,輸送用機器,14.5,★☆☆☆☆,0.0,0.0,1.0,0.0,13.5,0.0,0.0,0.0,見送り(地合い🔴),,0.0,15.6,1.5,3.4,5953,6140.0,3.0,1.4,976,MA上昇配列 / パーフェクトオーダー / 52週高値目前
9301,三菱倉庫,倉庫・運輸関連業,14.5,★☆☆☆☆,0.0,0.0,1.0,0.0,13.5,0.0,0.0,0.0,見送り(地合い🔴),,0.0,17.0,1.9,3.8,1572,1633.5,2.2,0.9,1408,MA上昇配列 / パーフェクトオーダー / 52週高値目前
3708,特種東海製紙,パルプ・紙,14.5,★☆☆☆☆,0.0,0.0,1.0,0.0,13.5,0.0,0.0,0.0,見送り(地合い🔴),,0.0,23.8,2.4,7.9,2035,2137.0,1.7,1.0,134,MA上昇配列 / パーフェクトオーダー / 52週高値目前
2124,ジェイエイシーリクルートメント,サービス業,14.4,★☆☆☆☆,0.0,0.0,6.7,0.0,7.7,0.0,0.0,0.0,見送り(地合い🔴),,0.0,21.5,1.9,8.2,915,952.0,2.5,2.3,472,出来高増2.3倍 / 買い出来高優勢 / MA上昇配列
6532,ベイカレント,サービス業,14.3,★☆☆☆☆,0.0,0.0,5.3,0.0,9.0,0.0,0.0,0.0,見送り(地合い🔴),,0.0,28.7,4.6,12.1,6532,7186.0,11.3,1.2,12454,買い出来高優勢 / MA上昇配列
8174,日本瓦斯,小売業,14.3,★☆☆☆☆,0.0,0.0,4.3,0.0,10.0,0.0,0.0,0.0,見送り(地合い🔴),,0.0,11.6,1.7,2.6,2832,2933.0,2.2,1.2,711,買い出来高優勢 / MA上昇配列
3762,テクマトリックス,情報・通信業,14.3,★☆☆☆☆,0.0,0.0,5.3,0.0,9.0,0.0,0.0,0.0,見送り(地合い🔴),,0.0,27.6,2.1,11.1,1943,2030.0,6.3,1.5,353,買い出来高優勢 / MA上昇配列
1379,ホクト,水産・農林業,14.3,★☆☆☆☆,0.0,0.0,4.3,0.0,10.0,0.0,0.0,0.0,見送り(地合い🔴),,0.0,15.1,1.1,3.0,1914,1958.0,1.5,1.4,140,買い出来高優勢 / MA上昇配列
3950,ザ・パック,パルプ・紙,14.3,★☆☆☆☆,0.0,0.0,3.3,0.0,11.0,0.0,0.0,0.0,見送り(地合い🔴),,0.0,16.5,1.8,5.5,1405,1457.0,1.5,0.6,189,買い出来高優勢 / MA上昇配列 / パーフェクトオーダー / 52週高値目前 / RSI過熱(86)⚠
2181,パーソルホールディングス,サービス業,14.3,★☆☆☆☆,0.0,0.0,5.3,0.0,9.0,0.0,0.0,0.0,見送り(地合い🔴),,0.0,19.1,1.9,5.7,259,269.5,0.9,2.0,1795,出来高増2.0倍 / MA上昇配列
7593,ＶＴホールディングス,小売業,14.3,★☆☆☆☆,4.6,0.0,2.0,0.0,7.7,0.0,0.0,0.0,見送り(地合い🔴),Emerson,0.2,18.0,1.4,5.1,477,490.0,1.9,0.8,166,Emerson+8.7%連動(β0.19) / MA上昇配列
8163,ＳＲＳホールディングス,小売業,14.3,★☆☆☆☆,0.0,0.0,3.3,0.0,11.0,0.0,0.0,0.0,見送り(地合い🔴),,0.0,18.5,1.5,6.4,1307,1348.0,3.9,1.0,131,買い出来高優勢 / MA上昇配列 / パーフェクトオーダー / 52週高値目前 / RSI過熱(86)⚠
9706,日本空港ビルデング,不動産業,14.3,★☆☆☆☆,3.3,0.0,1.0,0.0,10.0,0.0,0.0,0.0,見送り(地合い🔴),Boeing,-4.9,22.0,2.4,7.0,5348,5613.0,5.1,1.0,1664,Boeing+5.9%連動(β0.22) / MA上昇配列 / パーフェクトオーダー
6083,ＥＲＩホールディングス,サービス業,14.3,★☆☆☆☆,0.0,0.0,4.3,0.0,10.0,0.0,0.0,0.0,見送り(地合い🔴),,0.0,25.4,3.5,9.7,1459,1569.0,6.8,0.5,154,買い出来高優勢 / MA上昇配列 / 開示[増配](14日前)
9020,東日本旅客鉄道,陸運業,14.3,★☆☆☆☆,0.0,0.0,4.3,0.0,10.0,0.0,0.0,0.0,見送り(地合い🔴),,0.0,21.2,2.1,8.8,3667,3829.0,4.9,1.3,10462,買い出来高優勢 / MA上昇配列
7867,タカラトミー,その他製品,14.3,★☆☆☆☆,0.0,0.0,4.3,0.0,10.0,0.0,0.0,0.0,見送り(地合い🔴),,0.0,22.1,3.0,9.0,3411,3627.0,-1.7,1.2,2087,買い出来高優勢 / MA上昇配列 / パーフェクトオーダー
9001,東武鉄道,陸運業,14.3,★☆☆☆☆,0.0,0.0,4.3,0.0,10.0,0.0,0.0,0.0,見送り(地合い🔴),,0.0,16.6,1.8,5.8,3019,3131.0,2.3,1.5,1528,買い出来高優勢 / MA上昇配列 / パーフェクトオーダー
4095,日本パーカライジング,化学,14.2,★☆☆☆☆,13.2,0.0,0.0,0.0,1.0,0.0,0.0,0.0,見送り(地合い🔴),Emerson,2.7,7.9,1.8,-1.1,1602,1661.0,-0.4,1.0,343,Emerson+8.7%連動(β0.23) 未反応+2.7%
8424,芙蓉総合リース,その他金融業,14.2,★☆☆☆☆,0.0,0.0,2.0,0.0,12.2,0.0,0.0,0.0,見送り(地合い🔴),,0.0,16.3,1.5,4.3,4351,4482.0,1.3,1.2,684,MA上昇配列 / パーフェクトオーダー / 52週高値目前
5110,住友ゴム工業,ゴム製品,14.2,★☆☆☆☆,7.0,0.0,2.0,0.0,5.2,0.0,0.0,0.0,見送り(地合い🔴),Emerson,-0.1,17.6,2.9,3.3,2138,2271.0,0.4,1.1,4167,Emerson+8.7%連動(β0.32) / MA上昇配列
4578,大塚ホールディングス,医薬品,14.2,★☆☆☆☆,0.0,0.0,1.0,0.0,10.7,0.0,2.5,0.0,見送り(地合い🔴),,0.0,14.6,2.8,2.9,10748,11385.0,2.8,1.3,13167,MA上昇配列 / パーフェクトオーダー / 開示[業績予想の修正](0日前)
8630,ＳＯＭＰＯホールディングス,保険業,14.2,★☆☆☆☆,0.0,0.0,2.0,0.0,12.2,0.0,0.0,0.0,見送り(地合い🔴),,0.0,27.2,2.1,10.0,6963,7264.0,4.6,0.8,17630,MA上昇配列 / パーフェクトオーダー / 52週高値目前
5943,ノーリツ,金属製品,14.0,★☆☆☆☆,0.0,0.0,2.0,0.0,12.0,0.0,0.0,0.0,見送り(地合い🔴),,0.0,15.7,1.6,3.2,2310,2387.0,1.4,1.0,161,MA上昇配列 / パーフェクトオーダー
7381,ＣＣＩグループ,銀行業,14.0,★☆☆☆☆,0.0,0.0,2.0,0.0,12.0,0.0,0.0,0.0,見送り(地合い🔴),,0.0,24.9,4.0,7.8,1059,1150.0,1.1,1.2,539,MA上昇配列 / パーフェクトオーダー
6676,ＢＵＦＦＡＬＯ,電気機器,14.0,★☆☆☆☆,0.0,0.0,2.0,0.0,12.0,0.0,0.0,0.0,見送り(地合い🔴),,0.0,20.0,2.9,4.4,2553,2708.0,0.5,0.9,111,MA上昇配列 / パーフェクトオーダー
4612,日本ペイントホールディングス,化学,14.0,★☆☆☆☆,0.0,0.0,3.0,0.0,11.0,0.0,0.0,0.0,見送り(地合い🔴),,0.0,25.1,2.5,11.2,1147,1208.0,8.6,2.0,4443,MA上昇配列 / パーフェクトオーダー
7752,リコー,電気機器,14.0,★☆☆☆☆,0.0,0.0,2.0,0.0,12.0,0.0,0.0,0.0,見送り(地合い🔴),,0.0,22.5,2.4,7.0,1516,1593.5,4.2,1.1,3937,MA上昇配列 / パーフェクトオーダー
4502,武田薬品工業,医薬品,14.0,★☆☆☆☆,0.0,0.0,2.0,0.0,12.0,0.0,0.0,0.0,見送り(地合い🔴),,0.0,21.2,1.9,7.1,5527,5744.0,3.4,1.0,20966,MA上昇配列 / パーフェクトオーダー
2492,インフォマート,サービス業,14.0,★☆☆☆☆,4.0,0.0,3.0,0.0,10.0,0.0,0.0,-3.0,見送り(地合い🔴),Microsoft,-3.0,51.8,4.8,19.2,496,549.0,3.4,1.0,1569,Microsoft+3.1%連動(β0.51) / MA上昇配列 / パーフェクトオーダー / 伸びすぎ注意(25MA+19%)
9508,九州電力,電気・ガス業,14.0,★☆☆☆☆,0.0,0.0,2.0,0.0,12.0,0.0,0.0,0.0,見送り(地合い🔴),,0.0,18.4,2.3,5.7,1734,1820.0,2.2,1.0,2815,MA上昇配列 / パーフェクトオーダー
3003,ヒューリック,不動産業,14.0,★☆☆☆☆,0.0,0.0,3.0,0.0,11.0,0.0,0.0,0.0,見送り(地合い🔴),,0.0,15.9,2.0,3.4,1738,1809.0,-0.9,1.6,4691,MA上昇配列 / パーフェクトオーダー
8098,稲畑産業,卸売業,14.0,★☆☆☆☆,0.0,0.0,2.0,0.0,12.0,0.0,0.0,0.0,見送り(地合い🔴),,0.0,14.4,1.3,1.8,3911,4015.0,0.1,1.2,320,MA上昇配列 / パーフェクトオーダー
7085,カーブスホールディングス,サービス業,14.0,★☆☆☆☆,0.0,0.0,3.0,0.0,11.0,0.0,0.0,0.0,見送り(地合い🔴),,0.0,14.8,2.8,4.9,923,977.0,2.4,1.4,460,MA上昇配列 / パーフェクトオーダー / 52週高値目前 / 開示[自己株式の取得](14日前)
3201,日本毛織,繊維製品,14.0,★☆☆☆☆,0.0,0.0,2.0,0.0,12.0,0.0,0.0,0.0,見送り(地合い🔴),,0.0,20.8,2.9,5.4,1795,1904.0,1.7,0.9,216,MA上昇配列 / パーフェクトオーダー
2730,エディオン,小売業,14.0,★☆☆☆☆,0.0,0.0,3.3,0.0,10.7,0.0,0.0,0.0,見送り(地合い🔴),,0.0,21.1,2.3,8.7,2425,2540.0,1.8,0.9,697,買い出来高優勢 / MA上昇配列 / パーフェクトオーダー
6194,アトラエ,サービス業,14.0,★☆☆☆☆,0.0,0.0,5.3,0.0,8.7,0.0,0.0,0.0,見送り(地合い🔴),,0.0,27.6,2.6,8.9,789,832.0,-1.0,0.4,146,買い出来高優勢 / 資金流入増 / MA上昇配列 / パーフェクトオーダー
7322,三十三フィナンシャルグループ,銀行業,14.0,★☆☆☆☆,0.0,0.0,2.0,0.0,12.0,0.0,0.0,0.0,見送り(地合い🔴),,0.0,22.3,4.2,8.2,1810,1978.0,2.4,1.1,655,MA上昇配列 / パーフェクトオーダー
4041,日本曹達,化学,14.0,★☆☆☆☆,0.0,0.0,2.0,0.0,12.0,0.0,0.0,0.0,見送り(地合い🔴),,0.0,16.8,1.7,4.2,3689,3815.0,2.0,1.1,423,MA上昇配列 / パーフェクトオーダー
2288,丸大食品,食料品,14.0,★☆☆☆☆,0.0,0.0,2.0,0.0,12.0,0.0,0.0,0.0,見送り(地合い🔴),,0.0,13.9,1.4,3.0,2269,2335.0,1.6,0.8,160,MA上昇配列 / パーフェクトオーダー
3148,クリエイトＳＤホールディングス,小売業,14.0,★☆☆☆☆,0.0,0.0,2.0,0.0,12.0,0.0,0.0,0.0,見送り(地合い🔴),,0.0,15.3,2.0,4.0,3301,3440.0,2.8,0.7,419,MA上昇配列 / パーフェクトオーダー
6379,レイズネクスト,建設業,14.0,★☆☆☆☆,0.0,0.0,2.0,0.0,12.0,0.0,0.0,0.0,見送り(地合い🔴),,0.0,25.2,3.1,8.2,2455,2615.0,3.5,1.2,373,MA上昇配列 / パーフェクトオーダー
7384,プロクレアホールディングス,銀行業,14.0,★☆☆☆☆,0.0,0.0,2.0,0.0,12.0,0.0,0.0,0.0,見送り(地合い🔴),,0.0,24.8,4.2,6.3,3873,4225.0,5.0,0.9,441,MA上昇配列 / パーフェクトオーダー
7296,エフ・シー・シー,輸送用機器,14.0,★☆☆☆☆,0.0,0.0,2.0,0.0,12.0,0.0,0.0,0.0,見送り(地合い🔴),,0.0,16.9,1.7,5.5,3565,3690.0,3.2,1.2,294,MA上昇配列 / パーフェクトオーダー
6486,イーグル工業,機械,14.0,★☆☆☆☆,0.0,0.0,3.0,0.0,11.0,0.0,0.0,0.0,見送り(地合い🔴),,0.0,12.4,2.1,1.8,2832,2958.0,0.9,1.3,324,MA上昇配列 / パーフェクトオーダー
8343,秋田銀行,銀行業,14.0,★☆☆☆☆,0.0,0.0,2.0,0.0,12.0,0.0,0.0,0.0,見送り(地合い🔴),,0.0,20.0,3.6,7.3,7040,7590.0,7.4,1.1,736,MA上昇配列 / パーフェクトオーダー
8614,東洋証券,証券、商品先物取引業,14.0,★☆☆☆☆,0.0,0.0,3.0,0.0,11.0,0.0,0.0,0.0,見送り(地合い🔴),,0.0,19.6,2.5,3.7,633,667.0,-0.7,0.9,426,MA上昇配列 / パーフェクトオーダー
8593,三菱ＨＣキャピタル,その他金融業,14.0,★☆☆☆☆,0.0,0.0,2.0,0.0,12.0,0.0,0.0,0.0,見送り(地合い🔴),,0.0,21.5,1.5,6.7,1423,1467.0,1.9,0.9,5382,MA上昇配列 / パーフェクトオーダー
3863,日本製紙,パルプ・紙,14.0,★☆☆☆☆,0.0,0.0,2.0,0.0,12.0,0.0,0.0,0.0,見送り(地合い🔴),,0.0,28.8,3.3,10.0,1406,1505.0,-0.9,0.9,1136,MA上昇配列 / パーフェクトオーダー
6345,アイチ　コーポレーション,機械,14.0,★☆☆☆☆,0.0,0.0,2.0,0.0,12.0,0.0,0.0,0.0,見送り(地合い🔴),,0.0,14.6,1.5,2.4,1379,1420.0,1.7,0.9,150,MA上昇配列 / パーフェクトオーダー
7616,コロワイド,小売業,14.0,★☆☆☆☆,0.0,0.0,4.0,0.0,10.0,0.0,0.0,0.0,見送り(地合い🔴),,0.0,18.4,2.1,6.9,1937,2022.0,2.1,1.5,751,MA上昇配列 / パーフェクトオーダー
3907,シリコンスタジオ,情報・通信業,14.0,★☆☆☆☆,0.0,0.0,8.0,0.0,6.0,0.0,0.0,0.0,見送り(地合い🔴),,0.0,20.7,12.9,13.1,756,1018.0,35.0,4.4,491,出来高急増4.4倍 / 買い出来高優勢
4676,フジ・メディア・ホールディングス,情報・通信業,14.0,★☆☆☆☆,0.0,0.0,3.3,0.0,10.7,0.0,0.0,0.0,見送り(地合い🔴),,0.0,20.2,2.4,4.2,4005,4206.0,2.2,1.0,2129,買い出来高優勢 / MA上昇配列 / パーフェクトオーダー
4704,トレンドマイクロ,情報・通信業,13.9,★☆☆☆☆,2.6,0.0,3.3,0.0,8.0,0.0,0.0,0.0,見送り(地合い🔴),Microsoft,-3.0,20.3,2.8,6.4,6205,6574.0,3.3,1.0,5736,Microsoft+3.1%連動(β0.34) / 買い出来高優勢 / MA上昇配列
4403,日油,化学,13.899999999999999,★☆☆☆☆,7.2,0.0,1.0,0.0,5.7,0.0,0.0,0.0,見送り(地合い🔴),Emerson,0.5,16.7,1.9,2.5,2686,2794.0,2.0,1.0,1679,Emerson+8.7%連動(β0.27)
4434,サーバーワークス,情報・通信業,13.7,★☆☆☆☆,0.0,0.0,7.7,0.0,6.0,0.0,0.0,0.0,見送り(地合い🔴),,0.0,22.9,4.8,11.7,1969,2176.0,17.5,3.7,115,出来高急増3.7倍
9031,西日本鉄道,陸運業,13.7,★☆☆☆☆,0.0,0.0,3.0,0.0,10.7,0.0,0.0,0.0,見送り(地合い🔴),,0.0,17.7,1.7,6.0,3076,3184.0,0.8,1.3,485,MA上昇配列 / パーフェクトオーダー
4956,コニシ,化学,13.7,★☆☆☆☆,0.0,0.0,4.7,0.0,3.2,0.0,5.8,0.0,見送り(地合い🔴),,0.0,4.7,2.4,-2.8,1345,1413.0,-2.2,4.3,121,出来高急増4.3倍 / 開示[自己株式の取得](0日前) / 開示[自己株式取得](1日前)
8344,山形銀行,銀行業,13.7,★☆☆☆☆,0.0,0.0,3.0,0.0,10.7,0.0,0.0,0.0,見送り(地合い🔴),,0.0,26.6,4.6,7.5,3651,4020.0,6.9,1.1,555,MA上昇配列 / パーフェクトオーダー
3563,ＦＯＯＤ　＆　ＬＩＦＥ　ＣＯＭＰＡＮＩＥＳ,小売業,13.7,★☆☆☆☆,0.0,0.0,0.0,0.0,13.7,0.0,0.0,0.0,見送り(地合い🔴),,0.0,23.7,3.6,13.2,5322,5736.0,7.3,0.9,10668,MA上昇配列 / パーフェクトオーダー / 52週高値ブレイク!
5440,共英製鋼,鉄鋼,13.7,★☆☆☆☆,7.0,0.0,2.0,0.0,4.7,0.0,0.0,0.0,見送り(地合い🔴),Emerson,0.0,21.0,1.5,7.0,1875,1935.0,2.9,1.1,202,Emerson+8.7%連動(β0.31)
8850,スターツコーポレーション,不動産業,13.7,★☆☆☆☆,4.7,0.0,1.0,0.0,8.0,0.0,0.0,0.0,見送り(地合い🔴),Emerson,-0.2,15.7,1.7,3.2,4664,4825.0,2.0,1.0,304,Emerson+8.7%連動(β0.21)
6505,東洋電機製造,電気機器,13.5,★☆☆☆☆,0.0,0.0,5.3,0.0,8.0,0.0,0.2,0.0,見送り(地合い🔴),,0.0,30.2,3.9,11.3,2171,2355.0,-2.6,1.0,209,買い出来高優勢 / 資金流入増 / 開示[買収](13日前)
2004,昭和産業,食料品,13.5,★☆☆☆☆,0.0,0.0,1.0,0.0,12.5,0.0,0.0,0.0,見送り(地合い🔴),,0.0,15.2,2.0,4.1,3446,3590.0,2.6,1.2,205,MA上昇配列 / パーフェクトオーダー / 52週高値ブレイク!
8511,日本証券金融,その他金融業,13.5,★☆☆☆☆,0.0,0.0,0.0,0.0,13.5,0.0,0.0,0.0,見送り(地合い🔴),,0.0,15.4,2.2,2.6,2331,2437.0,-0.1,0.8,545,MA上昇配列 / パーフェクトオーダー / 52週高値目前
3107,ダイワボウホールディングス,卸売業,13.5,★☆☆☆☆,0.0,0.0,0.0,0.0,13.5,0.0,0.0,0.0,見送り(地合い🔴),,0.0,12.6,2.3,4.3,3431,3594.0,3.3,1.0,1012,MA上昇配列 / パーフェクトオーダー / 52週高値目前
9997,ベルーナ,小売業,13.5,★☆☆☆☆,0.0,0.0,3.3,0.0,10.2,0.0,0.0,0.0,見送り(地合い🔴),,0.0,21.5,2.0,5.9,1025,1067.0,-0.7,0.8,268,買い出来高優勢 / MA上昇配列 / 52週高値目前
8410,セブン銀行,銀行業,13.5,★☆☆☆☆,0.0,0.0,3.3,0.0,10.2,0.0,0.0,0.0,見送り(地合い🔴),,0.0,24.5,1.8,8.6,309,320.70001220703125,3.0,1.1,1704,買い出来高優勢 / MA上昇配列 / 52週高値目前
4665,ダスキン,サービス業,13.5,★☆☆☆☆,0.0,0.0,1.0,0.0,12.5,0.0,0.0,0.0,見送り(地合い🔴),,0.0,14.1,1.7,3.6,4431,4586.0,1.5,1.0,385,MA上昇配列 / パーフェクトオーダー / 52週高値ブレイク!
4114,日本触媒,化学,13.4,★☆☆☆☆,6.4,0.0,0.0,0.0,7.0,0.0,0.0,0.0,見送り(地合い🔴),Emerson,0.6,12.6,1.4,2.5,2090,2150.0,2.1,1.0,1073,Emerson+8.7%連動(β0.22) 未反応+0.6%
4722,フューチャー,情報・通信業,13.399999999999999,★☆☆☆☆,2.9,0.0,5.3,0.0,10.2,0.0,0.0,-5.0,見送り(地合い🔴),Microsoft,-4.9,62.4,6.0,27.0,2057,2340.0,2.8,0.6,1666,Microsoft+3.1%連動(β0.38) / 買い出来高優勢 / 資金流入増 / MA上昇配列 / 52週高値目前 / 過熱⚠25MA+27%
7984,コクヨ,その他製品,13.3,★☆☆☆☆,0.0,0.0,3.3,0.0,10.0,0.0,0.0,0.0,見送り(地合い🔴),,0.0,20.1,1.5,5.2,856,882.2999877929688,2.2,1.1,777,買い出来高優勢 / MA上昇配列
7270,ＳＵＢＡＲＵ,輸送用機器,13.3,★☆☆☆☆,0.0,0.0,5.3,0.0,8.0,0.0,0.0,0.0,見送り(地合い🔴),,0.0,21.9,1.9,6.9,2578,2680.0,3.4,1.5,8789,買い出来高優勢 / MA上昇配列
8255,アクシアル　リテイリング,小売業,13.3,★☆☆☆☆,0.0,0.0,3.3,0.0,10.0,0.0,0.0,0.0,見送り(地合い🔴),,0.0,20.4,2.0,7.3,1197,1246.0,3.0,0.8,215,買い出来高優勢 / MA上昇配列
2502,アサヒグループホールディングス,食料品,13.3,★☆☆☆☆,0.0,0.0,4.3,0.0,9.0,0.0,0.0,0.0,見送り(地合い🔴),,0.0,19.6,2.5,8.2,1636,1720.5,5.6,1.4,11899,買い出来高優勢 / MA上昇配列
2170,リンクアンドモチベーション,サービス業,13.3,★☆☆☆☆,0.0,0.0,3.3,0.0,10.0,0.0,0.0,0.0,見送り(地合い🔴),,0.0,23.0,2.6,6.3,581,612.0,1.2,0.9,214,買い出来高優勢 / MA上昇配列 / パーフェクトオーダー
3697,ＳＨＩＦＴ,情報・通信業,13.3,★☆☆☆☆,4.7,0.0,6.7,0.0,6.7,0.0,0.2,-5.0,見送り(地合い🔴),Microsoft,-22.1,51.5,5.5,33.9,846,950.0,24.1,2.3,6656,Microsoft+3.1%連動(β0.61) / 出来高増2.3倍 / 買い出来高優勢 / MA上昇配列 / 過熱⚠25MA+34% / 開示[業績予想の修正](13日前)
9682,ＤＴＳ,情報・通信業,13.3,★☆☆☆☆,0.0,0.0,4.3,0.0,9.0,0.0,0.0,0.0,見送り(地合い🔴),,0.0,23.5,1.9,7.8,1088,1131.0,4.5,1.5,488,買い出来高優勢 / MA上昇配列
4689,ＬＩＮＥヤフー,情報・通信業,13.1,★☆☆☆☆,3.6,0.0,2.0,0.0,7.5,0.0,0.0,0.0,見送り(地合い🔴),Google,-0.5,16.8,2.2,3.3,431,451.0,0.4,1.0,5790,Google+5.0%連動(β0.28) / MA上昇配列 / パーフェクトオーダー
7846,パイロットコーポレーション,その他製品,13.0,★☆☆☆☆,0.0,0.0,2.0,0.0,11.0,0.0,0.0,0.0,見送り(地合い🔴),,0.0,18.6,1.7,4.1,1754,1817.0,1.2,0.8,354,MA上昇配列 / パーフェクトオーダー / 52週高値目前
9007,小田急電鉄,陸運業,13.0,★☆☆☆☆,0.0,0.0,3.0,0.0,10.0,0.0,0.0,0.0,見送り(地合い🔴),,0.0,17.0,1.8,6.0,1743,1807.0,3.5,1.3,2407,MA上昇配列 / パーフェクトオーダー
2782,セリア,小売業,13.0,★☆☆☆☆,0.0,0.0,2.0,0.0,11.0,0.0,0.0,0.0,見送り(地合い🔴),,0.0,14.2,2.6,4.4,3646,3845.0,2.5,0.8,918,MA上昇配列 / パーフェクトオーダー
4045,東亞合成,化学,13.0,★☆☆☆☆,0.0,0.0,1.0,0.0,12.0,0.0,0.0,0.0,見送り(地合い🔴),,0.0,12.2,1.6,2.3,1729,1787.5,2.4,1.3,463,MA上昇配列 / パーフェクトオーダー
6436,アマノ,機械,13.0,★☆☆☆☆,0.0,0.0,5.3,0.0,7.7,0.0,0.0,0.0,見送り(地合い🔴),,0.0,13.5,2.3,0.7,3592,3766.0,-2.5,3.0,1019,出来高増3.0倍 / MA上昇配列
7309,シマノ,輸送用機器,13.0,★☆☆☆☆,0.0,0.0,3.0,0.0,10.0,0.0,0.0,0.0,見送り(地合い🔴),,0.0,19.9,2.8,7.7,18012,19085.0,3.8,1.5,6007,MA上昇配列 / パーフェクトオーダー
3397,トリドールホールディングス,小売業,13.0,★☆☆☆☆,0.0,0.0,4.0,0.0,9.0,0.0,0.0,0.0,見送り(地合い🔴),,0.0,21.1,2.3,8.6,4108,4307.0,3.3,1.6,1210,MA上昇配列
8022,美津濃,その他製品,13.0,★☆☆☆☆,0.0,0.0,2.0,0.0,11.0,0.0,0.0,0.0,見送り(地合い🔴),,0.0,17.2,2.8,5.0,3487,3695.0,0.8,0.7,672,MA上昇配列 / パーフェクトオーダー
8708,アイザワ証券グループ,証券、商品先物取引業,13.0,★☆☆☆☆,0.0,0.0,3.0,0.0,10.0,0.0,0.0,0.0,見送り(地合い🔴),,0.0,17.9,2.5,2.5,1521,1600.0,-1.1,1.4,230,MA上昇配列 / パーフェクトオーダー
9842,アークランズ,小売業,13.0,★☆☆☆☆,0.0,0.0,1.0,0.0,12.0,0.0,0.0,0.0,見送り(地合い🔴),,0.0,9.5,1.7,1.9,1862,1928.0,1.0,1.0,486,MA上昇配列 / パーフェクトオーダー
8572,アコム,その他金融業,13.0,★☆☆☆☆,0.0,0.0,1.0,0.0,12.0,0.0,0.0,0.0,見送り(地合い🔴),,0.0,17.8,1.5,3.0,474,488.6000061035156,-0.2,1.1,628,MA上昇配列 / パーフェクトオーダー
8200,リンガーハット,小売業,13.0,★☆☆☆☆,0.0,0.0,3.0,0.0,10.0,0.0,0.0,0.0,見送り(地合い🔴),,0.0,18.4,2.4,5.9,2256,2371.0,4.7,0.5,388,MA上昇配列
2371,カカクコム,サービス業,13.0,★☆☆☆☆,0.0,0.0,2.0,0.0,11.0,0.0,0.0,0.0,見送り(地合い🔴),,0.0,18.6,1.2,3.1,3563,3650.0,0.9,0.4,2174,MA上昇配列 / パーフェクトオーダー / 52週高値目前
9948,アークス,小売業,13.0,★☆☆☆☆,0.0,0.0,1.0,0.0,12.0,0.0,0.0,0.0,見送り(地合い🔴),,0.0,17.0,2.1,5.4,3506,3660.0,3.8,1.4,285,MA上昇配列 / パーフェクトオーダー
6080,Ｍ＆Ａキャピタルパートナーズ,サービス業,13.0,★☆☆☆☆,0.0,0.0,3.0,0.0,10.0,0.0,0.0,0.0,見送り(地合い🔴),,0.0,19.0,2.0,4.1,3588,3740.0,0.9,1.6,310,MA上昇配列 / パーフェクトオーダー
8160,木曽路,小売業,13.0,★☆☆☆☆,0.0,0.0,3.0,0.0,10.0,0.0,0.0,0.0,見送り(地合い🔴),,0.0,14.6,1.6,4.0,2388,2466.0,3.4,1.4,177,MA上昇配列
3549,クスリのアオキホールディングス,小売業,13.0,★☆☆☆☆,0.0,0.0,5.3,0.0,7.7,0.0,0.0,0.0,見送り(地合い🔴),,0.0,18.9,3.1,5.6,3710,3955.0,2.6,2.0,1004,出来高増2.0倍 / MA上昇配列
9048,名古屋鉄道,陸運業,13.0,★☆☆☆☆,0.0,0.0,2.0,0.0,11.0,0.0,0.0,0.0,見送り(地合い🔴),,0.0,15.1,1.5,3.9,1887,1945.0,0.6,1.2,1400,MA上昇配列 / パーフェクトオーダー
8214,ＡＯＫＩホールディングス,小売業,13.0,★☆☆☆☆,0.0,0.0,3.0,0.0,10.0,0.0,0.0,0.0,見送り(地合い🔴),,0.0,15.1,1.4,3.3,1680,1729.0,0.3,1.4,268,MA上昇配列
6412,平和,機械,13.0,★☆☆☆☆,0.0,0.0,2.0,0.0,11.0,0.0,0.0,0.0,見送り(地合い🔴),,0.0,14.2,1.4,4.0,2048,2108.0,3.5,1.5,436,MA上昇配列 / パーフェクトオーダー
8706,極東証券,証券、商品先物取引業,13.0,★☆☆☆☆,0.0,0.0,3.0,0.0,10.0,0.0,0.0,0.0,見送り(地合い🔴),,0.0,22.3,2.2,5.1,1662,1739.0,-0.9,1.1,312,MA上昇配列
7458,第一興商,卸売業,13.0,★☆☆☆☆,0.0,0.0,3.0,0.0,10.0,0.0,0.0,0.0,見送り(地合い🔴),,0.0,16.3,1.8,5.4,1771,1839.0,2.1,1.3,414,MA上昇配列 / パーフェクトオーダー
7931,未来工業,化学,12.9,★☆☆☆☆,0.0,0.0,3.0,0.0,8.0,0.0,1.9,0.0,見送り(地合い🔴),,0.0,19.0,3.0,4.9,3159,3360.0,3.9,1.2,104,MA上昇配列 / 開示[増配](5日前)
3923,ラクス,情報・通信業,12.8,★☆☆☆☆,4.6,0.0,4.0,0.0,4.2,0.0,0.0,0.0,見送り(地合い🔴),Microsoft,-7.2,19.9,4.1,7.4,972,1060.0,4.8,1.6,1876,Microsoft+3.1%連動(β0.60) / MA上昇配列 / 開示[資本業務提携](14日前)
4743,アイティフォー,情報・通信業,12.8,★☆☆☆☆,0.0,0.0,3.3,0.0,9.5,0.0,0.0,0.0,見送り(地合い🔴),,0.0,17.2,1.7,4.9,1676,1734.0,3.3,0.9,110,買い出来高優勢 / 52週高値目前
6758,ソニーグループ,電気機器,12.8,★☆☆☆☆,3.8,0.0,3.0,0.0,6.0,0.0,0.0,0.0,見送り(地合い🔴),Skyworks,-4.8,21.3,2.3,8.3,3493,3662.0,5.9,1.3,56326,Skyworks+7.0%連動(β0.22)
7102,日本車輌製造,輸送用機器,12.7,★☆☆☆☆,0.0,0.0,5.0,0.0,7.7,0.0,0.0,0.0,見送り(地合い🔴),,0.0,32.6,3.1,11.7,3600,3835.0,4.9,1.9,159,MA上昇配列
5482,愛知製鋼,鉄鋼,12.7,★☆☆☆☆,0.0,0.0,2.0,0.0,10.7,0.0,0.0,0.0,見送り(地合い🔴),,0.0,13.5,2.1,3.8,3041,3175.0,2.8,1.1,473,MA上昇配列 / パーフェクトオーダー
8157,都築電気,情報・通信業,12.7,★☆☆☆☆,0.0,0.0,2.0,0.0,10.7,0.0,0.0,0.0,見送り(地合い🔴),,0.0,12.2,2.7,1.2,3811,4030.0,1.0,1.5,130,MA上昇配列 / パーフェクトオーダー
4613,関西ペイント,化学,12.7,★☆☆☆☆,0.0,0.0,3.0,0.0,9.7,0.0,0.0,0.0,見送り(地合い🔴),,0.0,14.9,2.0,3.9,2680,2794.0,4.2,1.8,2344,MA上昇配列 / パーフェクトオーダー / 52週高値目前
6960,フクダ電子,電気機器,12.7,★☆☆☆☆,0.0,0.0,2.0,0.0,10.7,0.0,0.0,0.0,見送り(地合い🔴),,0.0,13.9,2.9,3.0,10954,11640.0,0.6,1.6,391,MA上昇配列 / パーフェクトオーダー
9605,東映,情報・通信業,12.7,★☆☆☆☆,0.0,0.0,4.7,0.0,8.0,0.0,0.0,0.0,見送り(地合い🔴),,0.0,14.3,2.2,3.9,5729,5990.0,3.1,3.1,432,出来高急増3.1倍
8173,Ｊｏｓｈｉｎ,小売業,12.7,★☆☆☆☆,0.0,0.0,2.0,0.0,10.7,0.0,0.0,0.0,見送り(地合い🔴),,0.0,12.0,3.6,8.8,3749,4040.0,9.8,1.5,583,MA上昇配列 / パーフェクトオーダー
8060,キヤノンマーケティングジャパン,卸売業,12.600000000000001,★☆☆☆☆,0.0,0.0,1.0,0.0,6.7,0.0,4.9,0.0,見送り(地合い🔴),,0.0,16.7,2.2,1.9,3390,3547.0,-1.6,1.2,1095,開示[自己株式の取得](1日前) / 開示[自己株式の取得](4日前)
8008,ヨンドシーホールディングス,小売業,12.5,★☆☆☆☆,0.0,0.0,3.0,0.0,9.5,0.0,0.0,0.0,見送り(地合い🔴),,0.0,14.5,3.0,0.3,1905,2028.0,-5.1,0.9,284,資金流入増 / MA上昇配列 / パーフェクトオーダー
9278,ブックオフグループホールディングス,小売業,12.5,★☆☆☆☆,0.0,0.0,5.3,0.0,12.2,0.0,0.0,-5.0,見送り(地合い🔴),,0.0,48.4,4.9,23.3,2467,2733.0,3.6,0.8,498,買い出来高優勢 / 資金流入増 / MA上昇配列 / パーフェクトオーダー / 52週高値目前 / 過熱⚠25MA+23%
4443,Ｓａｎｓａｎ,情報・通信業,12.5,★☆☆☆☆,4.5,0.0,3.0,0.0,8.0,0.0,0.0,-3.0,見送り(地合い🔴),Microsoft,-8.3,36.1,5.0,16.5,1773,1971.0,9.8,1.0,3321,Microsoft+3.1%連動(β0.59) / MA上昇配列 / 伸びすぎ注意(25MA+17%)
8337,千葉興業銀行,銀行業,12.5,★☆☆☆☆,0.0,0.0,4.3,0.0,8.2,0.0,0.0,0.0,見送り(地合い🔴),,0.0,21.5,3.7,3.4,2481,2677.0,3.9,1.2,342,買い出来高優勢 / MA上昇配列 / パーフェクトオーダー
5831,しずおかフィナンシャルグループ,銀行業,12.5,★☆☆☆☆,0.0,0.0,4.3,0.0,8.2,0.0,0.0,0.0,見送り(地合い🔴),,0.0,18.7,3.2,2.0,3079,3290.0,0.8,1.4,5726,買い出来高優勢 / MA上昇配列 / パーフェクトオーダー
7504,高速,卸売業,12.5,★☆☆☆☆,0.0,0.0,3.0,0.0,9.5,0.0,0.0,0.0,見送り(地合い🔴),,0.0,25.1,3.7,5.9,3558,3840.0,2.9,0.7,293,MA上昇配列 / パーフェクトオーダー
3391,ツルハホールディングス,小売業,12.3,★☆☆☆☆,0.0,0.0,3.3,0.0,9.0,0.0,0.0,0.0,見送り(地合い🔴),,0.0,30.1,2.9,11.8,2364,2508.5,5.4,0.7,4823,買い出来高優勢 / MA上昇配列
9347,日本管財ホールディングス,サービス業,12.3,★☆☆☆☆,0.0,0.0,4.3,0.0,8.0,0.0,0.0,0.0,見送り(地合い🔴),,0.0,15.6,1.3,3.7,2744,2819.0,1.3,1.3,134,買い出来高優勢
4927,ポーラ・オルビスホールディングス,化学,12.3,★☆☆☆☆,0.0,0.0,4.3,0.0,8.0,0.0,0.0,0.0,見送り(地合い🔴),,0.0,17.0,1.6,4.1,1314,1357.5,1.8,1.4,664,買い出来高優勢 / MA上昇配列
6770,アルプスアルパイン,電気機器,12.3,★☆☆☆☆,0.0,0.0,4.3,0.0,8.0,0.0,0.0,0.0,見送り(地合い🔴),,0.0,19.3,3.0,5.0,2074,2207.0,5.0,1.2,3336,買い出来高優勢
9008,京王電鉄,陸運業,12.3,★☆☆☆☆,0.0,0.0,4.3,0.0,8.0,0.0,0.0,0.0,見送り(地合い🔴),,0.0,19.3,1.8,7.3,788,818.2999877929688,2.4,1.4,1556,買い出来高優勢 / MA上昇配列
4725,ＣＡＣ　Ｈｏｌｄｉｎｇｓ,情報・通信業,12.3,★☆☆☆☆,0.0,0.0,3.3,0.0,9.0,0.0,0.0,0.0,見送り(地合い🔴),,0.0,16.7,1.2,3.4,1811,1854.0,1.3,0.8,103,買い出来高優勢 / MA上昇配列
4661,オリエンタルランド,サービス業,12.3,★☆☆☆☆,0.0,0.0,4.3,0.0,8.0,0.0,0.0,0.0,見送り(地合い🔴),,0.0,26.5,3.2,12.0,2717,2904.0,6.2,1.4,16160,買い出来高優勢 / MA上昇配列
2327,日鉄ソリューションズ,情報・通信業,12.3,★☆☆☆☆,0.0,0.0,3.3,0.0,9.0,0.0,0.0,0.0,見送り(地合い🔴),,0.0,26.6,2.7,8.1,3718,3928.0,1.9,0.9,1004,買い出来高優勢 / MA上昇配列
7581,サイゼリヤ,小売業,12.2,★☆☆☆☆,0.0,0.0,5.3,0.0,11.7,0.0,0.2,-5.0,見送り(地合い🔴),,0.0,52.4,4.8,27.8,7074,7830.0,7.6,0.9,7287,買い出来高優勢 / 資金流入増 / MA上昇配列 / 52週高値ブレイク! / 過熱⚠25MA+28% / 開示[増配](13日前)
6455,モリタホールディングス,輸送用機器,12.2,★☆☆☆☆,5.2,0.0,0.0,0.0,7.0,0.0,0.0,0.0,見送り(地合い🔴),Emerson,0.1,12.1,1.7,3.1,2417,2500.0,2.5,1.0,159,Emerson+8.7%連動(β0.23)
3399,丸千代山岡家,小売業,12.0,★☆☆☆☆,0.0,0.0,0.0,0.0,12.0,0.0,0.0,0.0,見送り(地合い🔴),,0.0,17.7,3.5,5.4,3431,3685.0,1.4,1.1,356,MA上昇配列 / パーフェクトオーダー
9692,シーイーシー,情報・通信業,12.0,★☆☆☆☆,0.0,0.0,2.0,0.0,10.0,0.0,0.0,0.0,見送り(地合い🔴),,0.0,19.3,1.8,5.6,2202,2284.0,2.3,1.3,222,MA上昇配列
7419,ノジマ,小売業,12.0,★☆☆☆☆,0.0,0.0,0.0,0.0,12.0,0.0,0.0,0.0,見送り(地合い🔴),,0.0,18.5,2.9,7.8,1375,1461.0,5.7,1.2,1096,MA上昇配列 / パーフェクトオーダー
2433,博報堂ＤＹホールディングス,サービス業,12.0,★☆☆☆☆,0.0,0.0,2.0,0.0,10.0,0.0,0.0,0.0,見送り(地合い🔴),,0.0,25.6,2.8,9.8,1243,1315.0,4.4,1.0,1002,MA上昇配列 / パーフェクトオーダー
7630,壱番屋,小売業,12.0,★☆☆☆☆,0.0,0.0,4.0,0.0,8.0,0.0,0.0,0.0,見送り(地合い🔴),,0.0,16.4,1.7,4.5,905,937.0,3.5,1.8,336,MA上昇配列
8150,三信電気,卸売業,12.0,★☆☆☆☆,0.0,0.0,2.0,0.0,10.0,0.0,0.0,0.0,見送り(地合い🔴),,0.0,15.7,2.0,2.3,2761,2874.0,-0.1,0.8,105,MA上昇配列
6572,オープングループ,サービス業,12.0,★☆☆☆☆,0.0,0.0,4.0,0.0,8.0,0.0,0.0,0.0,見送り(地合い🔴),,0.0,31.9,5.0,8.7,218,242.0,-8.0,0.7,112,資金流入増 / MA上昇配列
2429,ワールドホールディングス,サービス業,12.0,★☆☆☆☆,0.0,0.0,2.0,0.0,10.0,0.0,0.0,0.0,見送り(地合い🔴),,0.0,21.3,1.9,6.2,2628,2729.0,0.5,0.6,163,MA上昇配列
2681,ゲオホールディングス,小売業,12.0,★☆☆☆☆,0.0,0.0,1.0,0.0,11.0,0.0,0.0,0.0,見送り(地合い🔴),,0.0,11.7,2.6,3.6,2002,2110.0,0.3,0.7,305,MA上昇配列 / パーフェクトオーダー
2212,山崎製パン,食料品,12.0,★☆☆☆☆,0.0,0.0,3.0,0.0,9.0,0.0,0.0,0.0,見送り(地合い🔴),,0.0,17.9,2.4,7.7,3356,3528.0,4.6,1.5,1681,MA上昇配列
4092,日本化学工業,化学,12.0,★☆☆☆☆,0.0,0.0,2.0,0.0,10.0,0.0,0.0,0.0,見送り(地合い🔴),,0.0,13.7,8.4,6.2,4206,5050.0,-2.7,0.6,1472,MA上昇配列 / パーフェクトオーダー
5246,ＥＬＥＭＥＮＴＳ,情報・通信業,12.0,★☆☆☆☆,0.0,0.0,4.0,0.0,8.0,0.0,0.0,0.0,見送り(地合い🔴),,0.0,37.9,5.9,13.5,675,766.0,0.1,0.8,575,資金流入増 / MA上昇配列 / 開示[業績予想の修正](14日前)
7990,グローブライド,その他製品,12.0,★☆☆☆☆,0.0,0.0,2.0,0.0,10.0,0.0,0.0,0.0,見送り(地合い🔴),,0.0,16.0,1.4,3.6,2404,2476.0,0.0,1.1,126,MA上昇配列 / パーフェクトオーダー
9697,カプコン,情報・通信業,12.0,★☆☆☆☆,0.0,0.0,4.0,0.0,8.0,0.0,0.0,0.0,見送り(地合い🔴),,0.0,26.0,3.0,9.1,3316,3529.0,3.5,1.5,7473,MA上昇配列
5445,東京鐵鋼,鉄鋼,12.0,★☆☆☆☆,0.0,0.0,2.0,0.0,10.0,0.0,0.0,0.0,見送り(地合い🔴),,0.0,17.1,1.3,3.3,1898,1950.0,0.8,0.9,215,MA上昇配列
9010,富士急行,陸運業,12.0,★☆☆☆☆,0.0,0.0,2.0,0.0,10.0,0.0,0.0,0.0,見送り(地合い🔴),,0.0,17.3,2.6,6.0,2597,2741.0,3.2,1.0,443,MA上昇配列 / パーフェクトオーダー
8057,内田洋行,卸売業,12.0,★☆☆☆☆,0.0,0.0,4.3,0.0,7.7,0.0,0.0,0.0,見送り(地合い🔴),,0.0,23.6,2.1,9.4,2114,2208.0,3.1,0.9,536,買い出来高優勢 / MA上昇配列
8283,ＰＡＬＴＡＣ,卸売業,12.0,★☆☆☆☆,0.0,0.0,1.0,0.0,11.0,0.0,0.0,0.0,見送り(地合い🔴),,0.0,10.2,0.5,0.2,6576,6640.0,0.6,0.6,1339,MA上昇配列 / パーフェクトオーダー / 52週高値目前
9744,メイテックグループホールディングス,サービス業,12.0,★☆☆☆☆,0.0,0.0,3.3,0.0,8.7,0.0,0.0,0.0,見送り(地合い🔴),,0.0,18.6,1.1,5.5,3280,3354.0,2.4,1.1,1062,買い出来高優勢 / MA上昇配列
5889,Ｊａｐａｎ　Ｅｙｅｗｅａｒ　Ｈｏｌｄｉｎｇｓ,小売業,12.0,★☆☆☆☆,0.0,0.0,2.0,0.0,10.0,0.0,0.0,0.0,見送り(地合い🔴),,0.0,22.2,3.3,5.5,2341,2505.0,3.9,0.8,332,MA上昇配列 / パーフェクトオーダー
4540,ツムラ,医薬品,12.0,★☆☆☆☆,0.0,0.0,3.0,0.0,9.0,0.0,0.0,0.0,見送り(地合い🔴),,0.0,15.4,1.7,3.3,3796,3929.0,1.3,1.6,1281,MA上昇配列
4768,大塚商会,情報・通信業,12.0,★☆☆☆☆,0.0,0.0,2.0,0.0,10.0,0.0,0.0,0.0,見送り(地合い🔴),,0.0,26.2,2.5,11.8,3090,3251.0,6.0,1.1,4443,MA上昇配列
2501,サッポロホールディングス,食料品,12.0,★☆☆☆☆,0.0,0.0,1.0,0.0,11.0,0.0,0.0,0.0,見送り(地合い🔴),,0.0,13.6,3.4,5.9,1965,2108.0,3.6,1.0,2654,MA上昇配列 / パーフェクトオーダー / 52週高値目前
9830,トラスコ中山,卸売業,12.0,★☆☆☆☆,0.0,0.0,3.0,0.0,9.0,0.0,0.0,0.0,見送り(地合い🔴),,0.0,15.5,1.7,3.3,2300,2382.0,1.6,1.6,251,MA上昇配列
3284,フージャースホールディングス,不動産業,12.0,★☆☆☆☆,0.0,0.0,2.0,0.0,10.0,0.0,0.0,0.0,見送り(地合い🔴),,0.0,15.2,1.3,3.4,1222,1256.0,1.3,0.8,170,MA上昇配列
3844,コムチュア,情報・通信業,12.0,★☆☆☆☆,0.0,0.0,4.0,0.0,8.0,0.0,0.0,0.0,見送り(地合い🔴),,0.0,19.8,1.9,6.5,1361,1416.0,3.5,1.6,223,MA上昇配列
7550,ゼンショーホールディングス,小売業,12.0,★☆☆☆☆,0.0,0.0,2.0,0.0,10.0,0.0,0.0,0.0,見送り(地合い🔴),,0.0,30.4,3.0,12.8,9264,9854.0,6.5,1.1,5261,MA上昇配列
7716,ナカニシ,精密機器,12.0,★☆☆☆☆,0.0,0.0,1.0,0.0,11.0,0.0,0.0,0.0,見送り(地合い🔴),,0.0,12.9,2.3,2.1,2937,3080.0,0.2,1.1,578,MA上昇配列 / パーフェクトオーダー
7936,アシックス,その他製品,12.0,★☆☆☆☆,0.0,0.0,0.0,0.0,12.0,0.0,0.0,0.0,見送り(地合い🔴),,0.0,18.7,3.2,4.4,4549,4863.0,0.2,1.0,15017,MA上昇配列 / パーフェクトオーダー
3387,クリエイト・レストランツ・ホールディングス,小売業,12.0,★☆☆☆☆,0.0,0.0,2.0,0.0,10.0,0.0,0.0,0.0,見送り(地合い🔴),,0.0,16.6,3.1,5.3,742,791.0,0.1,0.8,1215,MA上昇配列
325A,ＴＥＮＴＩＡＬ,繊維製品,12.0,★☆☆☆☆,0.0,0.0,4.0,0.0,8.0,0.0,0.0,0.0,見送り(地合い🔴),,0.0,34.8,6.1,13.1,1478,1682.0,-6.5,0.5,784,資金流入増 / MA上昇配列
7261,マツダ,輸送用機器,12.0,★☆☆☆☆,0.0,0.0,4.0,0.0,8.0,0.0,0.0,0.0,見送り(地合い🔴),,0.0,18.8,2.5,5.4,1124,1182.5,1.5,1.5,7385,MA上昇配列
4221,大倉工業,化学,12.0,★☆☆☆☆,0.0,0.0,2.0,0.0,10.0,0.0,0.0,0.0,見送り(地合い🔴),,0.0,17.3,1.8,4.6,4982,5170.0,2.0,1.2,211,MA上昇配列
9044,ＮＡＮＫＡＩ,陸運業,12.0,★☆☆☆☆,0.0,0.0,2.0,0.0,10.0,0.0,0.0,0.0,見送り(地合い🔴),,0.0,18.3,1.8,6.3,2969,3080.0,3.7,1.2,722,MA上昇配列
3276,ＪＰＭＣ,不動産業,11.8,★☆☆☆☆,0.0,0.0,5.3,0.0,9.5,0.0,0.0,-3.0,見送り(地合い🔴),,0.0,50.0,4.8,18.4,1628,1800.0,1.5,0.6,226,買い出来高優勢 / 資金流入増 / MA上昇配列 / パーフェクトオーダー / RSI過熱(96)⚠ / 伸びすぎ注意(25MA+18%)
9746,ＴＫＣ,情報・通信業,11.8,★☆☆☆☆,0.0,0.0,5.3,0.0,6.5,0.0,0.0,0.0,見送り(地合い🔴),,0.0,25.1,2.0,10.4,3756,3910.0,7.3,1.9,309,買い出来高優勢 / MA上昇配列 / RSI過熱(92)⚠
6869,シスメックス,電気機器,11.7,★☆☆☆☆,0.0,0.0,2.0,0.0,8.0,0.0,1.7,0.0,見送り(地合い🔴),,0.0,20.3,2.9,7.0,1540,1635.5,2.1,1.1,4186,MA上昇配列 / 開示[自己株式の取得](6日前)
3405,クラレ,化学,11.7,★☆☆☆☆,0.0,0.0,2.0,0.0,9.7,0.0,0.0,0.0,見送り(地合い🔴),,0.0,21.8,1.8,6.8,1783,1849.5,2.3,1.2,2764,MA上昇配列 / パーフェクトオーダー
2613,Ｊ－オイルミルズ,食料品,11.7,★☆☆☆☆,0.0,0.0,2.0,0.0,9.7,0.0,0.0,0.0,見送り(地合い🔴),,0.0,11.6,1.4,1.3,2048,2105.0,0.1,0.7,111,MA上昇配列 / パーフェクトオーダー / 52週高値目前
4478,フリー,情報・通信業,11.7,★☆☆☆☆,4.7,0.0,2.0,0.0,8.0,0.0,0.0,-3.0,見送り(地合い🔴),Microsoft,-4.4,37.6,4.6,15.2,2325,2563.0,4.6,0.9,1013,Microsoft+3.1%連動(β0.60) / MA上昇配列 / 伸びすぎ注意(25MA+15%)
7860,エイベックス,情報・通信業,11.7,★☆☆☆☆,0.0,0.0,2.0,0.0,9.7,0.0,0.0,0.0,見送り(地合い🔴),,0.0,20.2,1.6,6.5,1279,1320.0,3.1,1.1,213,MA上昇配列 / パーフェクトオーダー
6592,マブチモーター,電気機器,11.7,★☆☆☆☆,0.0,0.0,2.0,0.0,9.7,0.0,0.0,0.0,見送り(地合い🔴),,0.0,15.2,2.5,2.5,1565,1648.0,1.9,1.4,1505,MA上昇配列 / パーフェクトオーダー
4928,ノエビアホールディングス,化学,11.7,★☆☆☆☆,0.0,0.0,4.0,0.0,7.7,0.0,0.0,0.0,見送り(地合い🔴),,0.0,19.2,1.5,6.8,4681,4830.0,5.3,1.9,380,MA上昇配列
5242,アイズ,情報・通信業,11.7,★☆☆☆☆,0.0,0.0,10.0,0.0,6.7,0.0,0.0,-5.0,見送り(地合い🔴),,0.0,198.1,10.2,100.0,1850,2323.0,62.6,5.2,152,出来高急増5.2倍 / 買い出来高優勢 / 資金流入増 / MA上昇配列 / 過熱⚠25MA+100%
3774,インターネットイニシアティブ,情報・通信業,11.7,★☆☆☆☆,0.0,0.0,2.0,0.0,9.7,0.0,0.0,0.0,見送り(地合い🔴),,0.0,21.5,2.6,4.4,3335,3518.0,-0.6,1.2,1945,MA上昇配列 / パーフェクトオーダー / 52週高値目前
7839,ＳＨＯＥＩ,その他製品,11.5,★☆☆☆☆,0.0,0.0,4.0,0.0,7.5,0.0,0.0,0.0,見送り(地合い🔴),,0.0,23.2,1.6,7.6,1916,1980.0,4.9,1.8,310,MA上昇配列 / パーフェクトオーダー / RSI過熱(86)⚠
3544,サツドラホールディングス,小売業,11.5,★☆☆☆☆,0.0,0.0,2.0,0.0,9.5,0.0,0.0,0.0,見送り(地合い🔴),,0.0,8.4,0.6,1.2,1242,1257.0,0.0,0.2,280,資金流入増 / MA上昇配列 / パーフェクトオーダー
4258,網屋,情報・通信業,11.5,★☆☆☆☆,0.0,0.0,4.3,0.0,7.2,0.0,0.0,0.0,見送り(地合い🔴),,0.0,34.0,5.9,5.2,3817,4330.0,0.5,0.5,289,買い出来高優勢 / MA上昇配列 / パーフェクトオーダー
6804,ホシデン,電気機器,11.5,★☆☆☆☆,0.0,0.0,2.0,0.0,9.5,0.0,0.0,0.0,見送り(地合い🔴),,0.0,13.4,2.3,1.4,2686,2816.0,1.8,1.1,565,MA上昇配列 / パーフェクトオーダー
8358,スルガ銀行,銀行業,11.5,★☆☆☆☆,0.0,0.0,3.3,0.0,8.2,0.0,0.0,0.0,見送り(地合い🔴),,0.0,21.1,3.3,3.6,2491,2667.0,-0.3,1.0,2245,買い出来高優勢 / MA上昇配列 / パーフェクトオーダー
6594,ニデック,電気機器,11.4,★☆☆☆☆,10.4,0.0,1.0,0.0,0.0,0.0,0.0,0.0,見送り(地合い🔴),Emerson,0.3,8.5,3.2,-2.2,2400,2564.0,3.9,1.3,13123,Emerson+8.7%連動(β0.43)
2216,カンロ,食料品,11.3,★☆☆☆☆,0.0,0.0,3.3,0.0,8.0,0.0,0.0,0.0,見送り(地合い🔴),,0.0,22.4,3.1,5.9,1147,1223.0,0.2,0.6,106,買い出来高優勢 / MA上昇配列
8276,平和堂,小売業,11.3,★☆☆☆☆,0.0,0.0,4.3,0.0,7.0,0.0,0.0,0.0,見送り(地合い🔴),,0.0,16.5,1.6,5.1,2600,2688.0,3.8,1.3,228,買い出来高優勢
3415,ＴＯＫＹＯ　ＢＡＳＥ,小売業,11.3,★☆☆☆☆,0.0,0.0,3.3,0.0,8.0,0.0,0.0,0.0,見送り(地合い🔴),,0.0,30.7,5.3,7.4,369,412.0,1.2,0.7,346,買い出来高優勢 / MA上昇配列
3193,エターナルホスピタリティグループ,小売業,11.3,★☆☆☆☆,0.0,0.0,5.3,0.0,6.0,0.0,0.0,0.0,見送り(地合い🔴),,0.0,16.4,2.1,5.7,2857,2981.0,1.8,1.2,226,買い出来高優勢
4776,サイボウズ,情報・通信業,11.3,★☆☆☆☆,0.0,0.0,4.3,0.0,4.2,0.0,2.8,0.0,見送り(地合い🔴),,0.0,24.6,3.4,7.3,2479,2659.0,1.9,1.3,801,買い出来高優勢 / MA上昇配列 / 開示[自己株式の取得](1日前)
1944,きんでん,建設業,11.3,★☆☆☆☆,0.0,6.0,4.3,0.0,1.0,0.0,0.0,0.0,見送り(地合い🔴),,0.0,6.1,3.5,-0.4,7158,7696.0,6.7,2.8,5014,AIデータセンター・電力(-0.8%) / 出来高増2.8倍
5988,パイオラックス,金属製品,11.3,★☆☆☆☆,0.0,0.0,3.3,0.0,8.0,0.0,0.0,0.0,見送り(地合い🔴),,0.0,19.8,1.4,5.2,1667,1715.0,1.2,1.0,130,買い出来高優勢 / MA上昇配列
9432,ＮＴＴ,情報・通信業,11.3,★☆☆☆☆,0.0,0.0,4.3,0.0,7.0,0.0,0.0,0.0,見送り(地合い🔴),,0.0,17.4,1.4,5.4,152,156.39999389648438,3.1,1.3,34305,買い出来高優勢
2331,ＡＬＳＯＫ,サービス業,11.3,★☆☆☆☆,0.0,0.0,4.3,0.0,7.0,0.0,0.0,0.0,見送り(地合い🔴),,0.0,21.7,2.0,8.0,1150,1197.0,4.1,1.3,1360,買い出来高優勢
3479,ＴＫＰ,不動産業,11.3,★☆☆☆☆,0.0,0.0,3.3,0.0,8.0,0.0,0.0,0.0,見送り(地合い🔴),,0.0,17.2,3.1,5.3,1737,1850.0,4.3,0.9,292,買い出来高優勢 / MA上昇配列
9267,Ｇｅｎｋｙ　ＤｒｕｇＳｔｏｒｅｓ,小売業,11.3,★☆☆☆☆,0.0,0.0,5.3,0.0,6.0,0.0,0.0,0.0,見送り(地合い🔴),,0.0,28.5,2.8,10.7,3794,4015.0,7.1,1.7,330,買い出来高優勢
4204,積水化学工業,化学,11.2,★☆☆☆☆,4.7,0.0,0.0,0.0,6.5,0.0,0.0,0.0,見送り(地合い🔴),Emerson,-0.4,14.7,1.6,3.4,2629,2715.0,2.7,0.9,4762,Emerson+8.7%連動(β0.22) / MA上昇配列
9474,ゼンリン,情報・通信業,11.0,★☆☆☆☆,0.0,0.0,2.0,0.0,9.0,0.0,0.0,0.0,見送り(地合い🔴),,0.0,20.6,1.3,5.4,920,944.0,3.2,1.3,159,MA上昇配列
1814,大末建設,建設業,11.0,★☆☆☆☆,0.0,0.0,2.0,0.0,9.0,0.0,0.0,0.0,見送り(地合い🔴),,0.0,20.9,2.5,4.8,3426,3605.0,0.0,1.0,253,MA上昇配列
3498,霞ヶ関キャピタル,不動産業,11.0,★☆☆☆☆,0.0,0.0,3.0,0.0,8.0,0.0,0.0,0.0,見送り(地合い🔴),,0.0,16.6,4.8,5.7,6520,7220.0,5.6,1.1,3893,MA上昇配列
3480,ジェイ・エス・ビー,不動産業,11.0,★☆☆☆☆,0.0,0.0,0.0,0.0,11.0,0.0,0.0,0.0,見送り(地合い🔴),,0.0,10.5,0.4,0.2,8923,9000.0,0.1,0.3,524,MA上昇配列 / パーフェクトオーダー / 52週高値目前
8136,サンリオ,卸売業,11.0,★☆☆☆☆,0.0,0.0,3.0,0.0,8.0,0.0,0.0,0.0,見送り(地合い🔴),,0.0,24.8,4.5,13.8,1173,1290.5,9.4,1.4,29022,MA上昇配列
2875,東洋水産,食料品,11.0,★☆☆☆☆,0.0,0.0,3.0,0.0,8.0,0.0,0.0,0.0,見送り(地合い🔴),,0.0,17.8,1.9,6.2,10787,11205.0,3.4,1.3,3834,-
2809,キユーピー,食料品,11.0,★☆☆☆☆,0.0,0.0,2.0,0.0,9.0,0.0,0.0,0.0,見送り(地合い🔴),,0.0,16.1,2.7,5.0,4422,4678.0,0.6,0.9,2061,MA上昇配列 / 52週高値目前
7951,ヤマハ,その他製品,11.0,★☆☆☆☆,0.0,0.0,1.0,0.0,10.0,0.0,0.0,0.0,見送り(地合い🔴),,0.0,18.7,2.1,5.5,1195,1248.0,2.0,1.1,2251,MA上昇配列 / パーフェクトオーダー
9064,ヤマトホールディングス,陸運業,11.0,★☆☆☆☆,0.0,0.0,4.3,0.0,6.7,0.0,0.0,0.0,見送り(地合い🔴),,0.0,24.6,1.9,9.2,2037,2119.0,4.8,1.4,2444,買い出来高優勢 / MA上昇配列
1333,Ｕｍｉｏｓ,水産・農林業,11.0,★☆☆☆☆,0.0,0.0,0.0,0.0,11.0,0.0,0.0,0.0,見送り(地合い🔴),,0.0,13.3,1.4,3.1,1316,1354.5,1.7,0.8,637,MA上昇配列 / パーフェクトオーダー
9743,丹青社,サービス業,11.0,★☆☆☆☆,0.0,0.0,4.0,0.0,7.0,0.0,0.0,0.0,見送り(地合い🔴),,0.0,16.3,1.4,4.4,1405,1444.0,2.3,1.5,665,-
1414,ショーボンドホールディングス,建設業,11.0,★☆☆☆☆,0.0,0.0,4.0,0.0,7.0,0.0,0.0,0.0,見送り(地合い🔴),,0.0,16.4,1.3,5.1,1296,1330.0,4.2,1.6,830,-
2811,カゴメ,食料品,11.0,★☆☆☆☆,0.0,0.0,3.0,0.0,8.0,0.0,0.0,0.0,見送り(地合い🔴),,0.0,15.8,1.7,4.4,2703,2796.5,2.0,1.3,679,MA上昇配列
9507,四国電力,電気・ガス業,11.0,★☆☆☆☆,0.0,0.0,4.0,0.0,7.0,0.0,0.0,0.0,見送り(地合い🔴),,0.0,17.6,1.9,6.0,1531,1591.0,4.7,1.5,776,-
3382,セブン＆アイ・ホールディングス,小売業,11.0,★☆☆☆☆,0.0,0.0,2.0,0.0,9.0,0.0,0.0,0.0,見送り(地合い🔴),,0.0,23.2,2.9,9.2,2077,2205.5,6.3,1.3,18776,MA上昇配列
3197,すかいらーくホールディングス,小売業,11.0,★☆☆☆☆,0.0,0.0,2.0,0.0,9.0,0.0,0.0,0.0,見送り(地合い🔴),,0.0,20.4,2.4,8.3,3011,3160.0,4.5,0.9,4189,MA上昇配列
9005,東急,陸運業,11.0,★☆☆☆☆,0.0,0.0,2.0,0.0,9.0,0.0,0.0,0.0,見送り(地合い🔴),,0.0,16.8,1.7,5.2,1741,1801.5,2.2,1.2,3778,MA上昇配列
9601,松竹,情報・通信業,11.0,★☆☆☆☆,0.0,0.0,3.0,0.0,8.0,0.0,0.0,0.0,見送り(地合い🔴),,0.0,19.2,3.0,6.6,10810,11510.0,1.1,0.9,566,MA上昇配列
8242,エイチ・ツー・オー　リテイリング,小売業,11.0,★☆☆☆☆,0.0,0.0,0.0,0.0,11.0,0.0,0.0,0.0,見送り(地合い🔴),,0.0,10.6,2.4,1.9,2749,2884.5,1.0,1.0,1206,MA上昇配列 / パーフェクトオーダー / 52週高値目前
1928,積水ハウス,建設業,11.0,★☆☆☆☆,0.0,0.0,1.0,0.0,10.0,0.0,0.0,0.0,見送り(地合い🔴),,0.0,18.4,1.4,5.6,3554,3657.0,3.0,1.2,9588,MA上昇配列
1786,オリエンタル白石,建設業,11.0,★☆☆☆☆,0.0,0.0,2.0,0.0,9.0,0.0,0.0,0.0,見送り(地合い🔴),,0.0,18.8,2.1,4.9,354,369.0,2.5,0.9,177,MA上昇配列
1762,高松コンストラクショングループ,建設業,11.0,★☆☆☆☆,0.0,0.0,2.0,0.0,9.0,0.0,0.0,0.0,見送り(地合い🔴),,0.0,17.1,2.1,5.6,3681,3845.0,3.1,1.2,162,MA上昇配列
9882,イエローハット,卸売業,11.0,★☆☆☆☆,0.0,0.0,0.0,0.0,11.0,0.0,0.0,0.0,見送り(地合い🔴),,0.0,14.4,1.8,2.7,1780,1845.0,1.1,1.2,332,MA上昇配列 / パーフェクトオーダー / 52週高値目前
8130,サンゲツ,卸売業,11.0,★☆☆☆☆,0.0,0.0,1.0,0.0,10.0,0.0,0.0,0.0,見送り(地合い🔴),,0.0,15.3,1.2,3.9,3030,3105.0,3.5,1.0,563,MA上昇配列
9757,船井総研ホールディングス,サービス業,11.0,★☆☆☆☆,0.0,0.0,2.0,0.0,9.0,0.0,0.0,0.0,見送り(地合い🔴),,0.0,16.9,1.4,3.6,1102,1135.0,1.2,1.0,434,MA上昇配列
4417,グローバルセキュリティエキスパート,情報・通信業,11.0,★☆☆☆☆,0.0,0.0,0.0,0.0,11.0,0.0,0.0,0.0,見送り(地合い🔴),,0.0,25.4,4.8,9.8,3983,4405.0,-1.0,0.6,319,MA上昇配列 / パーフェクトオーダー / 52週高値目前
1882,東亜道路工業,建設業,11.0,★☆☆☆☆,0.0,0.0,2.0,0.0,9.0,0.0,0.0,0.0,見送り(地合い🔴),,0.0,15.6,1.3,3.8,1591,1634.0,1.3,0.9,472,MA上昇配列
8892,エスコン,不動産業,11.0,★☆☆☆☆,0.0,0.0,3.0,0.0,8.0,0.0,0.0,0.0,見送り(地合い🔴),,0.0,13.6,1.6,2.0,1082,1118.0,0.4,1.5,164,-
9759,ＮＳＤ,情報・通信業,11.0,★☆☆☆☆,0.0,0.0,4.0,0.0,7.0,0.0,0.0,0.0,見送り(地合い🔴),,0.0,24.5,2.0,8.8,2722,2838.0,5.5,1.6,625,-
7575,日本ライフライン,卸売業,11.0,★☆☆☆☆,0.0,0.0,2.0,0.0,9.0,0.0,0.0,0.0,見送り(地合い🔴),,0.0,19.8,1.5,5.9,1382,1424.0,3.0,1.1,193,MA上昇配列
7595,アルゴグラフィックス,情報・通信業,11.0,★☆☆☆☆,0.0,0.0,4.0,0.0,7.0,0.0,0.0,0.0,見送り(地合い🔴),,0.0,22.5,1.7,6.6,1306,1351.0,4.6,1.7,288,-
6523,ＰＨＣホールディングス,電気機器,11.0,★☆☆☆☆,0.0,0.0,1.0,0.0,10.0,0.0,0.0,0.0,見送り(地合い🔴),,0.0,17.0,2.3,4.3,1052,1102.0,-1.3,0.7,273,MA上昇配列 / パーフェクトオーダー
6814,古野電気,電気機器,11.0,★☆☆☆☆,0.0,0.0,3.0,0.0,8.0,0.0,0.0,0.0,見送り(地合い🔴),,0.0,37.1,5.8,10.3,6466,7320.0,0.4,1.2,3833,MA上昇配列
2587,サントリービバレッジ＆フード,食料品,11.0,★☆☆☆☆,0.0,0.0,2.0,0.0,9.0,0.0,0.0,0.0,見送り(地合い🔴),,0.0,16.2,1.9,4.9,4616,4800.0,3.8,0.7,4036,MA上昇配列
3864,三菱製紙,パルプ・紙,11.0,★☆☆☆☆,0.0,0.0,0.0,0.0,11.0,0.0,0.0,0.0,見送り(地合い🔴),,0.0,17.8,4.9,2.4,985,1091.0,-11.0,1.0,285,MA上昇配列 / パーフェクトオーダー
3543,コメダホールディングス,卸売業,11.0,★☆☆☆☆,0.0,0.0,3.0,0.0,8.0,0.0,0.0,0.0,見送り(地合い🔴),,0.0,13.8,1.4,2.8,2815,2897.0,2.0,1.5,619,-
2153,Ｅ・Ｊホールディングス,サービス業,11.0,★☆☆☆☆,0.0,0.0,1.0,0.0,10.0,0.0,0.0,0.0,見送り(地合い🔴),,0.0,19.0,2.1,4.6,1688,1762.0,0.0,0.6,117,MA上昇配列
7917,ＺＡＣＲＯＳ,化学,11.0,★☆☆☆☆,0.0,0.0,0.0,0.0,11.0,0.0,0.0,0.0,見送り(地合い🔴),,0.0,8.1,3.3,0.0,1268,1357.0,-4.4,0.9,222,MA上昇配列 / パーフェクトオーダー
7516,コーナン商事,小売業,11.0,★☆☆☆☆,0.0,0.0,3.0,0.0,8.0,0.0,0.0,0.0,見送り(地合い🔴),,0.0,12.8,2.2,4.0,4089,4275.0,2.0,0.8,433,-
2157,コシダカホールディングス,サービス業,11.0,★☆☆☆☆,0.0,0.0,3.0,0.0,8.0,0.0,0.0,0.0,見送り(地合い🔴),,0.0,20.6,2.4,6.6,1016,1067.0,-0.1,0.9,583,MA上昇配列
9021,西日本旅客鉄道,陸運業,11.0,★☆☆☆☆,0.0,0.0,1.0,0.0,10.0,0.0,0.0,0.0,見送り(地合い🔴),,0.0,24.2,2.1,9.2,2996,3128.0,4.8,0.7,9493,MA上昇配列
4431,スマレジ,情報・通信業,11.0,★☆☆☆☆,0.0,0.0,3.0,0.0,8.0,0.0,0.0,0.0,見送り(地合い🔴),,0.0,24.8,3.5,9.8,2937,3160.0,2.6,1.2,339,MA上昇配列
4023,クレハ,化学,11.0,★☆☆☆☆,0.0,0.0,2.0,0.0,9.0,0.0,0.0,0.0,見送り(地合い🔴),,0.0,19.9,2.1,4.1,4079,4255.0,0.4,1.2,956,MA上昇配列
9025,鴻池運輸,陸運業,11.0,★☆☆☆☆,0.0,0.0,2.0,0.0,9.0,0.0,0.0,0.0,見送り(地合い🔴),,0.0,19.4,1.6,6.2,2878,2972.0,3.7,1.2,235,MA上昇配列
4674,クレスコ,情報・通信業,11.0,★☆☆☆☆,0.0,0.0,2.0,0.0,9.0,0.0,0.0,0.0,見送り(地合い🔴),,0.0,17.2,2.1,4.2,1511,1576.0,1.0,0.6,114,MA上昇配列
4914,高砂香料工業,化学,11.0,★☆☆☆☆,0.0,0.0,3.0,0.0,8.0,0.0,0.0,0.0,見送り(地合い🔴),,0.0,17.6,1.8,3.3,1155,1198.0,0.0,1.3,164,MA上昇配列
7780,メニコン,精密機器,11.0,★☆☆☆☆,0.0,0.0,1.0,0.0,10.0,0.0,0.0,0.0,見送り(地合い🔴),,0.0,14.5,2.5,4.7,1675,1764.0,3.6,1.2,320,MA上昇配列 / パーフェクトオーダー
4526,理研ビタミン,食料品,11.0,★☆☆☆☆,0.0,0.0,0.0,0.0,11.0,0.0,0.0,0.0,見送り(地合い🔴),,0.0,13.8,1.4,2.6,3108,3200.0,1.4,1.2,187,MA上昇配列 / パーフェクトオーダー / 52週高値目前
1766,東建コーポレーション,建設業,11.0,★☆☆☆☆,0.0,0.0,4.0,0.0,7.0,0.0,0.0,0.0,見送り(地合い🔴),,0.0,13.9,1.9,4.2,12899,13410.0,3.6,1.8,301,-
9045,京阪ホールディングス,陸運業,11.0,★☆☆☆☆,0.0,0.0,4.0,0.0,7.0,0.0,0.0,0.0,見送り(地合い🔴),,0.0,14.7,1.8,4.9,3241,3359.0,3.1,1.8,822,-
4169,ＥＮＥＣＨＡＮＧＥ,情報・通信業,10.9,★☆☆☆☆,0.0,0.0,3.3,0.0,4.7,0.0,2.9,0.0,見送り(地合い🔴),,0.0,32.7,5.3,6.0,195,218.0,-2.2,0.7,170,買い出来高優勢 / 開示[子会社化](4日前) / 開示[子会社化](4日前)
3539,ＪＭホールディングス,小売業,10.8,★☆☆☆☆,0.0,0.0,7.3,0.0,3.5,0.0,0.0,0.0,見送り(地合い🔴),,0.0,21.2,1.7,8.9,1339,1386.0,4.8,1.5,395,買い出来高優勢 / 資金流入増 / RSI過熱(89)⚠
7421,カッパ・クリエイト,小売業,10.8,★☆☆☆☆,0.0,0.0,4.3,0.0,6.5,0.0,0.0,0.0,見送り(地合い🔴),,0.0,16.1,1.7,4.4,1522,1575.0,1.7,1.3,112,買い出来高優勢 / MA上昇配列
3034,クオールホールディングス,小売業,10.8,★☆☆☆☆,0.0,0.0,3.3,0.0,7.5,0.0,0.0,0.0,見送り(地合い🔴),,0.0,24.1,2.0,7.0,2048,2132.0,1.6,1.2,306,買い出来高優勢 / MA上昇配列 / RSI過熱(89)⚠
7433,伯東,卸売業,10.7,★☆☆☆☆,0.0,0.0,1.0,0.0,9.7,0.0,0.0,0.0,見送り(地合い🔴),,0.0,10.7,2.1,0.2,4380,4570.0,1.8,1.4,302,MA上昇配列 / パーフェクトオーダー
8125,ワキタ,卸売業,10.7,★☆☆☆☆,0.0,0.0,2.0,0.0,8.7,0.0,0.0,0.0,見送り(地合い🔴),,0.0,19.8,1.6,4.8,1830,1890.0,0.5,0.9,310,MA上昇配列
3861,王子ホールディングス,パルプ・紙,10.7,★☆☆☆☆,0.0,0.0,2.0,0.0,8.7,0.0,0.0,0.0,見送り(地合い🔴),,0.0,19.9,1.6,7.0,855,883.0,3.4,0.8,2749,MA上昇配列
7864,フジシールインターナショナル,その他製品,10.7,★☆☆☆☆,0.0,0.0,2.0,0.0,8.7,0.0,0.0,0.0,見送り(地合い🔴),,0.0,19.5,1.9,5.5,3000,3115.0,3.0,0.7,432,MA上昇配列
2897,日清食品ホールディングス,食料品,10.7,★☆☆☆☆,0.0,0.0,4.0,0.0,6.7,0.0,0.0,0.0,見送り(地合い🔴),,0.0,17.7,2.3,6.2,2895,3032.0,3.9,1.6,3052,MA上昇配列
8103,明和産業,卸売業,10.7,★☆☆☆☆,0.0,0.0,1.0,0.0,9.7,0.0,0.0,0.0,見送り(地合い🔴),,0.0,14.5,1.5,2.0,888,916.0,0.7,1.2,159,MA上昇配列 / パーフェクトオーダー
4544,Ｈ．Ｕ．グループホールディングス,サービス業,10.7,★☆☆☆☆,0.0,0.0,3.0,0.0,7.7,0.0,0.0,0.0,見送り(地合い🔴),,0.0,15.9,2.0,3.8,3335,3472.0,2.8,1.2,732,MA上昇配列
7832,バンダイナムコホールディングス,その他製品,10.7,★☆☆☆☆,0.0,0.0,3.0,0.0,7.7,0.0,0.0,0.0,見送り(地合い🔴),,0.0,28.2,2.7,12.8,4279,4522.0,8.0,1.4,9112,MA上昇配列
5574,ＡＢＥＪＡ,情報・通信業,10.600000000000001,★☆☆☆☆,0.0,0.0,4.3,0.0,6.0,0.0,0.3,0.0,見送り(地合い🔴),,0.0,28.5,6.2,11.6,2222,2537.0,9.8,1.2,401,買い出来高優勢 / 開示[業績予想の修正](13日前) / 開示[AI](13日前)
8613,丸三証券,証券、商品先物取引業,10.5,★☆☆☆☆,0.0,0.0,1.0,0.0,9.5,0.0,0.0,0.0,見送り(地合い🔴),,0.0,15.3,1.8,2.0,1087,1128.0,-1.1,0.7,362,MA上昇配列 / パーフェクトオーダー
2734,サーラコーポレーション,小売業,10.5,★☆☆☆☆,0.0,0.0,3.0,0.0,7.5,0.0,0.0,0.0,見送り(地合い🔴),,0.0,15.1,2.3,2.1,1085,1137.0,-1.8,0.5,248,MA上昇配列
7011,三菱重工業,機械,10.5,★☆☆☆☆,0.0,6.0,1.0,0.0,3.5,0.0,0.0,0.0,見送り(地合い🔴),,0.0,14.5,3.4,0.1,3549,3805.0,-1.2,0.8,70422,防衛(-0.5%)
4732,ユー・エス・エス,サービス業,10.5,★☆☆☆☆,0.0,0.0,1.0,0.0,9.5,0.0,0.0,0.0,見送り(地合い🔴),,0.0,16.3,2.2,3.4,1933,2020.5,1.2,0.8,2233,MA上昇配列 / パーフェクトオーダー
4202,ダイセル,化学,10.5,★☆☆☆☆,0.0,0.0,3.0,0.0,7.5,0.0,0.0,0.0,見送り(地合い🔴),,0.0,16.5,2.1,3.1,1399,1460.0,-1.5,1.7,1721,MA上昇配列
3360,シップヘルスケアホールディングス,卸売業,10.5,★☆☆☆☆,0.0,0.0,3.0,0.0,7.5,0.0,0.0,0.0,見送り(地合い🔴),,0.0,25.1,1.7,10.2,2423,2509.5,6.1,1.4,563,MA上昇配列 / RSI過熱(88)⚠
8079,正栄食品工業,卸売業,10.5,★☆☆☆☆,0.0,0.0,2.0,0.0,8.5,0.0,0.0,0.0,見送り(地合い🔴),,0.0,19.4,1.5,7.1,4405,4540.0,3.2,0.8,263,MA上昇配列 / パーフェクトオーダー / RSI過熱(89)⚠
5018,ＭＯＲＥＳＣＯ,石油・石炭製品,10.5,★☆☆☆☆,0.0,0.0,2.0,0.0,8.5,0.0,0.0,0.0,見送り(地合い🔴),,0.0,23.4,5.7,5.3,1876,2120.0,-2.9,1.0,109,資金流入増 / MA上昇配列 / パーフェクトオーダー
6309,巴工業,機械,10.5,★☆☆☆☆,0.0,0.0,2.0,0.0,8.5,0.0,0.0,0.0,見送り(地合い🔴),,0.0,15.5,2.1,2.3,1817,1898.0,-1.4,0.9,210,MA上昇配列 / パーフェクトオーダー
9042,阪急阪神ホールディングス,陸運業,10.4,★☆☆☆☆,0.0,0.0,2.0,0.0,8.0,0.0,0.4,0.0,見送り(地合い🔴),,0.0,26.6,2.3,9.1,4737,4963.0,4.9,1.0,5466,開示[自己株式の取得](12日前)
1934,ユアテック,建設業,10.4,★☆☆☆☆,0.0,0.0,6.7,0.0,3.7,0.0,0.0,0.0,見送り(地合い🔴),,0.0,10.5,2.6,1.9,2313,2442.0,4.3,5.1,292,出来高急増5.1倍
3132,マクニカホールディングス,卸売業,10.4,★☆☆☆☆,0.0,0.0,5.7,0.0,4.7,0.0,0.0,0.0,見送り(地合い🔴),,0.0,7.0,5.9,-5.3,2720,3082.0,-6.2,4.3,2915,出来高急増4.3倍
7994,オカムラ,その他製品,10.3,★☆☆☆☆,0.0,0.0,3.3,0.0,7.0,0.0,0.0,0.0,見送り(地合い🔴),,0.0,11.8,1.6,2.1,2254,2329.0,1.4,2.0,620,出来高増2.0倍
5541,大平洋金属,鉄鋼,10.3,★☆☆☆☆,0.0,0.0,4.3,0.0,6.0,0.0,0.0,0.0,見送り(地合い🔴),,0.0,19.7,2.6,4.3,2238,2361.0,3.1,2.3,441,出来高増2.3倍
9104,商船三井,海運業,10.3,★☆☆☆☆,0.0,0.0,3.3,0.0,7.0,0.0,0.0,0.0,見送り(地合い🔴),,0.0,22.3,2.2,7.5,5600,5863.0,3.4,0.8,13124,買い出来高優勢
2749,ＪＰホールディングス,サービス業,10.3,★☆☆☆☆,0.0,0.0,3.3,0.0,7.0,0.0,0.0,0.0,見送り(地合い🔴),,0.0,19.1,1.5,5.1,619,638.0,2.9,0.8,140,買い出来高優勢
9602,東宝,情報・通信業,10.3,★☆☆☆☆,0.0,0.0,4.3,0.0,6.0,0.0,0.0,0.0,見送り(地合い🔴),,0.0,28.4,3.3,13.4,1434,1534.0,6.9,1.5,6470,買い出来高優勢
6932,遠藤照明,電気機器,10.3,★☆☆☆☆,0.0,0.0,3.3,0.0,7.0,0.0,0.0,0.0,見送り(地合い🔴),,0.0,18.4,2.3,5.3,2446,2565.0,1.6,0.6,101,買い出来高優勢
9832,オートバックスセブン,卸売業,10.3,★☆☆☆☆,0.0,0.0,3.3,0.0,7.0,0.0,0.0,0.0,見送り(地合い🔴),,0.0,15.2,1.2,3.8,1507,1544.0,2.0,1.1,268,買い出来高優勢
7283,愛三工業,輸送用機器,10.3,★☆☆☆☆,0.0,0.0,5.3,0.0,5.0,0.0,0.0,0.0,見送り(地合い🔴),,0.0,27.0,3.5,5.1,2139,2298.0,1.3,0.3,853,買い出来高優勢 / 資金流入増 / MA上昇配列
7014,名村造船所,輸送用機器,10.3,★☆☆☆☆,0.0,0.0,4.3,0.0,6.0,0.0,0.0,0.0,見送り(地合い🔴),,0.0,32.1,5.4,12.5,3903,4375.0,12.3,1.4,5324,買い出来高優勢
4220,リケンテクノス,化学,10.2,★☆☆☆☆,0.0,0.0,2.0,0.0,8.2,0.0,0.0,0.0,見送り(地合い🔴),,0.0,15.6,2.9,1.0,1691,1794.0,-1.0,0.9,186,MA上昇配列 / パーフェクトオーダー
3167,ＴＯＫＡＩホールディングス,卸売業,10.2,★☆☆☆☆,0.0,0.0,2.0,0.0,8.2,0.0,0.0,0.0,見送り(地合い🔴),,0.0,11.6,1.5,1.6,1132,1167.0,1.8,1.0,246,MA上昇配列 / パーフェクトオーダー
5938,ＬＩＸＩＬ,金属製品,10.2,★☆☆☆☆,5.0,0.0,1.0,0.0,4.2,0.0,0.0,0.0,見送り(地合い🔴),Emerson,-1.6,15.8,2.0,3.3,1820,1896.5,1.9,0.9,3629,Emerson+8.7%連動(β0.23) / MA上昇配列
3817,ＳＲＡホールディングス,情報・通信業,10.1,★☆☆☆☆,0.0,0.0,1.0,0.0,7.0,0.0,2.1,0.0,見送り(地合い🔴),,0.0,15.3,2.1,3.7,4489,4690.0,1.1,1.3,201,開示[自己株式の取得](7日前) / 開示[自己株式の取得](11日前)
9616,共立メンテナンス,サービス業,10.0,★☆☆☆☆,0.0,0.0,1.0,0.0,9.0,0.0,0.0,0.0,見送り(地合い🔴),,0.0,19.3,2.7,8.2,3107,3282.0,5.0,1.2,3190,MA上昇配列
9869,加藤産業,卸売業,10.0,★☆☆☆☆,0.0,0.0,0.0,0.0,10.0,0.0,0.0,0.0,見送り(地合い🔴),,0.0,17.8,1.9,5.5,6163,6410.0,3.6,1.2,210,MA上昇配列
4816,東映アニメーション,情報・通信業,10.0,★☆☆☆☆,0.0,0.0,2.0,0.0,8.0,0.0,0.0,0.0,見送り(地合い🔴),,0.0,29.6,3.1,11.6,2722,2902.0,5.3,1.1,922,MA上昇配列
1898,世紀東急工業,建設業,10.0,★☆☆☆☆,0.0,0.0,1.0,0.0,9.0,0.0,0.0,0.0,見送り(地合い🔴),,0.0,13.0,1.2,2.1,1454,1489.0,0.9,1.2,199,MA上昇配列
167A,リョーサン菱洋ホールディングス,卸売業,10.0,★☆☆☆☆,0.0,0.0,2.0,0.0,8.0,0.0,0.0,0.0,見送り(地合い🔴),,0.0,15.5,1.7,2.5,2727,2825.0,0.9,1.3,505,MA上昇配列
9627,アインホールディングス,小売業,10.0,★☆☆☆☆,0.0,0.0,4.0,0.0,6.0,0.0,0.0,0.0,見送り(地合い🔴),,0.0,20.1,2.3,6.3,5738,6013.0,3.3,1.6,803,-
9889,ＪＢＣＣホールディングス,情報・通信業,10.0,★☆☆☆☆,0.0,0.0,4.3,0.0,8.7,0.0,0.0,-3.0,見送り(地合い🔴),,0.0,37.5,2.8,15.5,1486,1574.0,8.3,1.5,262,買い出来高優勢 / MA上昇配列 / 伸びすぎ注意(25MA+16%)
6701,日本電気,電気機器,10.0,★☆☆☆☆,0.0,0.0,2.0,0.0,8.0,0.0,0.0,0.0,見送り(地合い🔴),,0.0,21.2,3.3,6.7,4193,4490.0,1.9,1.0,27385,MA上昇配列
9684,スクウェア・エニックス・ホールディングス,情報・通信業,10.0,★☆☆☆☆,0.0,0.0,4.0,0.0,6.0,0.0,0.0,0.0,見送り(地合い🔴),,0.0,22.3,2.4,7.7,2571,2701.0,6.3,1.7,2494,-
4568,第一三共,医薬品,10.0,★☆☆☆☆,0.0,0.0,2.0,0.0,8.0,0.0,0.0,0.0,見送り(地合い🔴),,0.0,20.8,2.4,7.3,2752,2889.5,2.6,1.1,17175,MA上昇配列
9305,ヤマタネ,卸売業,10.0,★☆☆☆☆,0.0,0.0,2.0,0.0,8.0,0.0,0.0,0.0,見送り(地合い🔴),,0.0,16.1,1.4,2.9,2080,2140.0,0.9,0.9,131,MA上昇配列
4755,楽天グループ,サービス業,10.0,★☆☆☆☆,0.0,0.0,2.0,0.0,8.0,0.0,0.0,0.0,見送り(地合い🔴),,0.0,26.7,3.0,7.7,782,832.0,3.7,0.9,11623,MA上昇配列
7211,三菱自動車工業,輸送用機器,10.0,★☆☆☆☆,0.0,0.0,2.0,0.0,8.0,0.0,0.0,0.0,見送り(地合い🔴),,0.0,28.5,5.6,7.5,330,372.0,-4.5,0.6,5802,MA上昇配列
2784,アルフレッサ　ホールディングス,卸売業,10.0,★☆☆☆☆,0.0,0.0,3.3,0.0,6.7,0.0,0.0,0.0,見送り(地合い🔴),,0.0,20.1,1.7,7.5,2334,2414.0,3.3,1.0,1078,買い出来高優勢
3496,アズーム,不動産業,10.0,★☆☆☆☆,0.0,0.0,2.0,0.0,8.0,0.0,0.0,0.0,見送り(地合い🔴),,0.0,20.9,2.5,5.8,4382,4615.0,2.8,1.4,273,MA上昇配列
3989,シェアリングテクノロジー,情報・通信業,10.0,★☆☆☆☆,0.0,0.0,3.0,0.0,7.0,0.0,0.0,0.0,見送り(地合い🔴),,0.0,27.7,2.9,0.4,1267,1345.0,-5.9,1.3,441,資金流入増 / MA上昇配列 / パーフェクトオーダー
2593,伊藤園,食料品,10.0,★☆☆☆☆,0.0,0.0,2.0,0.0,8.0,0.0,0.0,0.0,見送り(地合い🔴),,0.0,15.3,2.2,4.2,2959,3097.0,1.4,1.0,1056,MA上昇配列
7148,ＦＰＧ,証券、商品先物取引業,10.0,★☆☆☆☆,0.0,0.0,2.0,0.0,8.0,0.0,0.0,0.0,見送り(地合い🔴),,0.0,15.8,1.6,3.5,1562,1614.0,2.3,1.0,671,MA上昇配列
4849,エン,サービス業,10.0,★☆☆☆☆,0.0,0.0,3.3,0.0,6.7,0.0,0.0,0.0,見送り(地合い🔴),,0.0,25.0,2.5,9.1,1242,1306.0,3.3,1.0,195,買い出来高優勢 / MA上昇配列
6849,日本光電工業,電気機器,10.0,★☆☆☆☆,0.0,0.0,2.0,0.0,8.0,0.0,0.0,0.0,見送り(地合い🔴),,0.0,22.0,1.9,7.5,1553,1613.0,3.8,1.2,953,MA上昇配列
9505,北陸電力,電気・ガス業,10.0,★☆☆☆☆,0.0,0.0,3.0,0.0,7.0,0.0,0.0,0.0,見送り(地合い🔴),,0.0,19.1,2.2,5.7,914,955.2000122070312,1.9,1.3,746,-
9434,ソフトバンク,情報・通信業,10.0,★☆☆☆☆,0.0,0.0,3.3,0.0,6.7,0.0,0.0,0.0,見送り(地合い🔴),,0.0,21.3,1.9,7.7,222,230.8000030517578,3.9,1.1,17210,買い出来高優勢
2354,ＹＥ　ＤＩＧＩＴＡＬ,情報・通信業,10.0,★☆☆☆☆,0.0,0.0,5.0,0.0,10.0,0.0,0.0,-5.0,見送り(地合い🔴),,0.0,68.3,12.1,30.0,961,1267.0,-6.8,1.4,2863,資金流入増 / MA上昇配列 / パーフェクトオーダー / 過熱⚠25MA+30%
4194,ビジョナル,情報・通信業,10.0,★☆☆☆☆,0.0,0.0,2.0,0.0,8.0,0.0,0.0,0.0,見送り(地合い🔴),,0.0,25.6,3.1,11.0,8436,9000.0,5.4,0.7,1738,MA上昇配列
2815,アリアケジャパン,食料品,10.0,★☆☆☆☆,0.0,0.0,3.0,0.0,7.0,0.0,0.0,0.0,見送り(地合い🔴),,0.0,19.3,1.6,7.0,5354,5530.0,5.5,1.2,427,-
9936,王将フードサービス,小売業,10.0,★☆☆☆☆,0.0,0.0,2.0,0.0,8.0,0.0,0.0,0.0,見送り(地合い🔴),,0.0,15.8,1.4,4.2,2939,3025.0,2.9,1.0,573,MA上昇配列
8016,オンワードホールディングス,繊維製品,10.0,★☆☆☆☆,0.0,0.0,2.0,0.0,8.0,0.0,0.0,0.0,見送り(地合い🔴),,0.0,13.4,1.8,3.2,732,759.0,1.9,0.7,578,-
3182,オイシックス・ラ・大地,小売業,10.0,★☆☆☆☆,0.0,0.0,2.0,0.0,8.0,0.0,0.0,0.0,見送り(地合い🔴),,0.0,17.7,3.0,5.3,1518,1615.0,3.9,1.0,115,MA上昇配列
8111,ゴールドウイン,繊維製品,10.0,★☆☆☆☆,0.0,0.0,2.0,0.0,8.0,0.0,0.0,0.0,見送り(地合い🔴),,0.0,18.8,1.8,5.4,2285,2372.0,3.1,0.9,905,MA上昇配列
3636,三菱総合研究所,情報・通信業,10.0,★☆☆☆☆,0.0,0.0,2.0,0.0,8.0,0.0,0.0,0.0,見送り(地合い🔴),,0.0,19.2,1.7,6.4,4729,4895.0,3.9,1.1,230,-
8818,京阪神ビルディング,不動産業,10.0,★☆☆☆☆,0.0,0.0,3.0,0.0,7.0,0.0,0.0,0.0,見送り(地合い🔴),,0.0,13.3,2.6,0.5,1053,1110.0,2.8,0.7,457,MA上昇配列 / パーフェクトオーダー
2292,Ｓ　Ｆｏｏｄｓ,食料品,10.0,★☆☆☆☆,0.0,0.0,3.0,0.0,7.0,0.0,0.0,0.0,見送り(地合い🔴),,0.0,17.3,1.9,4.7,2728,2836.0,3.1,0.8,504,-
9303,住友倉庫,倉庫・運輸関連業,10.0,★☆☆☆☆,0.0,0.0,2.0,0.0,8.0,0.0,0.0,0.0,見送り(地合い🔴),,0.0,18.1,1.6,4.6,3923,4055.0,1.2,0.9,449,-
3088,マツキヨココカラ＆カンパニー,小売業,10.0,★☆☆☆☆,0.0,0.0,2.0,0.0,8.0,0.0,0.0,0.0,見送り(地合い🔴),,0.0,16.5,2.5,5.9,2463,2589.5,4.1,1.0,4209,MA上昇配列
9142,九州旅客鉄道,陸運業,10.0,★☆☆☆☆,0.0,0.0,2.0,0.0,8.0,0.0,0.0,0.0,見送り(地合い🔴),,0.0,17.0,1.5,5.9,3674,3784.0,3.6,1.1,2090,-
3048,ビックカメラ,小売業,10.0,★☆☆☆☆,0.0,0.0,3.3,0.0,6.7,0.0,0.0,0.0,見送り(地合い🔴),,0.0,18.3,1.9,7.7,1722,1790.0,4.3,0.9,1025,買い出来高優勢
7532,パン・パシフィック・インターナショナルホールディングス,小売業,10.0,★☆☆☆☆,0.0,0.0,3.0,0.0,7.0,0.0,0.0,0.0,見送り(地合い🔴),,0.0,22.1,2.8,8.4,872,923.7999877929688,4.9,1.2,8247,-
6226,守谷輸送機工業,機械,10.0,★☆☆☆☆,0.0,0.0,2.0,0.0,8.0,0.0,0.0,0.0,見送り(地合い🔴),,0.0,24.7,5.9,4.3,2203,2500.0,-1.0,1.3,463,MA上昇配列
3028,アルペン,小売業,10.0,★☆☆☆☆,0.0,0.0,3.3,0.0,6.7,0.0,0.0,0.0,見送り(地合い🔴),,0.0,20.7,1.6,6.4,2182,2255.0,2.4,1.1,252,買い出来高優勢 / MA上昇配列
3475,グッドコムアセット,不動産業,10.0,★☆☆☆☆,0.0,0.0,3.0,0.0,7.0,0.0,0.0,0.0,見送り(地合い🔴),,0.0,16.2,1.5,5.0,1499,1546.0,4.3,1.3,108,-
9101,日本郵船,海運業,10.0,★☆☆☆☆,0.0,0.0,3.3,0.0,6.7,0.0,0.0,0.0,見送り(地合い🔴),,0.0,26.1,2.4,10.0,5735,6020.0,4.8,0.9,15185,買い出来高優勢
9715,トランス・コスモス,サービス業,10.0,★☆☆☆☆,0.0,0.0,2.0,0.0,8.0,0.0,0.0,0.0,見送り(地合い🔴),,0.0,14.4,1.8,3.8,3657,3795.0,3.0,1.1,351,-
3733,ソフトウェア・サービス,情報・通信業,9.8,★☆☆☆☆,0.0,0.0,3.0,0.0,1.0,0.0,5.8,0.0,見送り(地合い🔴),,0.0,10.1,4.4,1.5,9960,10930.0,4.0,1.3,189,資金流入増 / 開示[自己株式の取得](0日前) / 開示[自己株式の取得](1日前)
4848,フルキャストホールディングス,サービス業,9.8,★☆☆☆☆,0.0,0.0,4.3,0.0,5.5,0.0,0.0,0.0,見送り(地合い🔴),,0.0,23.8,1.6,8.0,1657,1712.0,2.5,1.3,169,買い出来高優勢 / MA上昇配列 / RSI過熱(86)⚠
9090,ＡＺ－ＣＯＭ丸和ホールディングス,陸運業,9.8,★☆☆☆☆,0.0,0.0,4.3,0.0,5.5,0.0,0.0,0.0,見送り(地合い🔴),,0.0,26.7,2.7,11.8,884,934.0,7.1,1.2,336,買い出来高優勢 / MA上昇配列 / RSI過熱(86)⚠
9308,乾汽船,海運業,9.8,★☆☆☆☆,0.0,0.0,5.3,0.0,7.5,0.0,0.0,-3.0,見送り(地合い🔴),,0.0,38.1,3.3,18.3,1750,1872.0,12.1,1.5,174,買い出来高優勢 / MA上昇配列 / パーフェクトオーダー / RSI過熱(91)⚠ / 伸びすぎ注意(25MA+18%)
7063,Ｂｉｒｄｍａｎ,サービス業,9.799999999999999,★☆☆☆☆,0.0,0.0,8.7,0.0,6.0,0.0,0.1,-5.0,見送り(地合い🔴),,0.0,86.4,8.8,37.0,97,118.0,34.1,2.2,221,出来高増2.2倍 / 買い出来高優勢 / 資金流入増 / 過熱⚠25MA+37% / 開示[子会社化](13日前)
4617,中国塗料,化学,9.7,★☆☆☆☆,0.0,0.0,3.0,0.0,6.7,0.0,0.0,0.0,見送り(地合い🔴),,0.0,22.1,3.0,6.3,3550,3780.0,3.4,1.3,1135,MA上昇配列
7921,ＴＡＫＡＲＡ　＆　ＣＯＭＰＡＮＹ,その他製品,9.7,★☆☆☆☆,0.0,0.0,4.0,0.0,8.7,0.0,0.0,-3.0,見送り(地合い🔴),,0.0,47.3,4.4,15.3,4034,4425.0,0.2,0.8,279,資金流入増 / MA上昇配列 / 伸びすぎ注意(25MA+15%)
7821,前田工繊,その他製品,9.7,★☆☆☆☆,0.0,0.0,2.0,0.0,7.7,0.0,0.0,0.0,見送り(地合い🔴),,0.0,16.5,2.0,3.2,1810,1885.0,2.3,0.8,244,MA上昇配列
3291,飯田グループホールディングス,不動産業,9.7,★☆☆☆☆,0.0,0.0,2.0,0.0,7.7,0.0,0.0,0.0,見送り(地合い🔴),,0.0,16.6,1.7,5.5,2261,2340.5,3.7,1.0,1186,MA上昇配列
2229,カルビー,食料品,9.7,★☆☆☆☆,0.0,0.0,0.0,0.0,9.7,0.0,0.0,0.0,見送り(地合い🔴),,0.0,13.6,1.9,3.3,2946,3061.0,2.7,1.1,896,MA上昇配列 / パーフェクトオーダー
5947,リンナイ,金属製品,9.7,★☆☆☆☆,0.0,0.0,2.0,0.0,7.7,0.0,0.0,0.0,見送り(地合い🔴),,0.0,12.6,1.6,2.6,3568,3685.0,1.7,1.2,1045,MA上昇配列
5644,メタルアート,鉄鋼,9.7,★☆☆☆☆,0.0,0.0,0.0,0.0,9.7,0.0,0.0,0.0,見送り(地合い🔴),,0.0,11.1,0.5,0.1,7590,7670.0,-0.5,1.1,207,MA上昇配列 / パーフェクトオーダー / 52週高値目前
9436,沖縄セルラー電話,情報・通信業,9.7,★☆☆☆☆,0.0,0.0,0.0,0.0,9.7,0.0,0.0,0.0,見送り(地合い🔴),,0.0,12.2,1.8,0.8,3660,3795.0,0.3,1.0,360,MA上昇配列 / パーフェクトオーダー / 52週高値目前
8291,日産東京販売ホールディングス,小売業,9.7,★☆☆☆☆,0.0,0.0,0.0,0.0,9.7,0.0,0.0,0.0,見送り(地合い🔴),,0.0,10.8,1.7,0.6,538,557.0,0.7,0.5,111,MA上昇配列 / パーフェクトオーダー
6465,ホシザキ,機械,9.7,★☆☆☆☆,0.0,0.0,0.0,0.0,9.7,0.0,0.0,0.0,見送り(地合い🔴),,0.0,17.9,2.2,4.8,5453,5703.0,6.5,1.0,2468,MA上昇配列 / パーフェクトオーダー
4919,ミルボン,化学,9.5,★☆☆☆☆,0.0,0.0,2.0,0.0,7.5,0.0,0.0,0.0,見送り(地合い🔴),,0.0,15.3,1.7,3.2,2752,2848.0,0.0,1.2,301,MA上昇配列 / パーフェクトオーダー
2264,森永乳業,食料品,9.5,★☆☆☆☆,0.0,0.0,0.0,0.0,9.5,0.0,0.0,0.0,見送り(地合い🔴),,0.0,11.3,2.9,1.3,1198,1270.0,6.4,0.5,2488,MA上昇配列 / パーフェクトオーダー
4174,アピリッツ,情報・通信業,9.5,★☆☆☆☆,0.0,0.0,2.0,0.0,7.5,0.0,0.0,0.0,見送り(地合い🔴),,0.0,18.5,8.2,0.8,613,733.0,-2.5,0.2,118,資金流入増 / MA上昇配列 / パーフェクトオーダー
8771,イー・ギャランティ,その他金融業,9.5,★☆☆☆☆,0.0,0.0,2.0,0.0,7.5,0.0,0.0,0.0,見送り(地合い🔴),,0.0,17.9,1.9,3.0,1780,1852.0,-1.8,1.0,170,MA上昇配列 / パーフェクトオーダー
9621,建設技術研究所,サービス業,9.5,★☆☆☆☆,0.0,0.0,3.0,0.0,6.5,0.0,0.0,0.0,見送り(地合い🔴),,0.0,13.5,1.9,2.6,2867,2978.0,0.2,1.5,130,MA上昇配列
8237,松屋,小売業,9.5,★☆☆☆☆,0.0,0.0,4.0,0.0,5.5,0.0,0.0,0.0,見送り(地合い🔴),,0.0,10.9,4.9,4.9,1635,1812.0,-3.9,1.5,541,MA上昇配列
7552,ハピネット,卸売業,9.5,★☆☆☆☆,0.0,0.0,2.0,0.0,7.5,0.0,0.0,0.0,見送り(地合い🔴),,0.0,16.7,2.6,6.7,3069,3235.0,2.2,1.4,463,MA上昇配列
4634,ａｒｔｉｅｎｃｅ,化学,9.5,★☆☆☆☆,0.0,0.0,0.0,0.0,9.5,0.0,0.0,0.0,見送り(地合い🔴),,0.0,15.0,2.3,2.0,4268,4475.0,-1.9,0.9,610,MA上昇配列 / パーフェクトオーダー
9022,東海旅客鉄道,陸運業,9.4,★☆☆☆☆,0.0,0.0,2.0,0.0,5.7,0.0,1.7,0.0,見送り(地合い🔴),,0.0,27.6,2.2,12.4,3909,4090.0,6.6,0.9,11196,開示[自己株式の取得](6日前)
5461,中部鋼鈑,鉄鋼,9.3,★☆☆☆☆,0.0,0.0,3.3,0.0,6.0,0.0,0.0,0.0,見送り(地合い🔴),,0.0,16.4,1.6,4.3,2060,2128.0,2.5,0.8,183,買い出来高優勢
4481,ベース,情報・通信業,9.3,★☆☆☆☆,0.0,0.0,3.3,0.0,6.0,0.0,0.0,0.0,見送り(地合い🔴),,0.0,22.0,1.7,6.3,3091,3200.0,2.7,0.6,347,買い出来高優勢
2395,新日本科学,サービス業,9.3,★☆☆☆☆,0.0,0.0,3.3,0.0,6.0,0.0,0.0,0.0,見送り(地合い🔴),,0.0,25.3,2.8,7.5,1242,1316.0,1.2,0.7,266,買い出来高優勢
4911,資生堂,化学,9.3,★☆☆☆☆,0.0,0.0,3.3,0.0,6.0,0.0,0.0,0.0,見送り(地合い🔴),,0.0,33.9,3.9,14.5,3002,3253.0,1.2,1.0,10234,買い出来高優勢
3765,ガンホー・オンライン・エンターテイメント,情報・通信業,9.3,★☆☆☆☆,0.0,0.0,3.3,0.0,6.0,0.0,0.0,0.0,見送り(地合い🔴),,0.0,21.4,2.2,5.5,2336,2442.0,3.9,1.0,523,買い出来高優勢
4922,コーセーホールディングス,化学,9.3,★☆☆☆☆,0.0,0.0,3.3,0.0,6.0,0.0,0.0,0.0,見送り(地合い🔴),,0.0,25.1,2.4,9.0,5513,5795.0,3.9,0.9,1455,買い出来高優勢
7383,ネットプロテクションズホールディングス,その他金融業,9.3,★☆☆☆☆,0.0,0.0,3.3,0.0,6.0,0.0,0.0,0.0,見送り(地合い🔴),,0.0,37.0,3.7,13.7,399,431.0,5.6,0.7,293,買い出来高優勢
3836,アバントグループ,情報・通信業,9.3,★☆☆☆☆,0.0,0.0,3.3,0.0,6.0,0.0,0.0,0.0,見送り(地合い🔴),,0.0,27.1,2.4,9.8,1217,1278.0,4.3,0.9,102,買い出来高優勢
2801,キッコーマン,食料品,9.2,★☆☆☆☆,0.0,0.0,2.0,0.0,7.2,0.0,0.0,0.0,見送り(地合い🔴),,0.0,11.6,2.5,2.2,1588,1672.0,2.9,1.2,5599,MA上昇配列 / パーフェクトオーダー
4553,東和薬品,医薬品,9.2,★☆☆☆☆,0.0,0.0,1.0,0.0,8.2,0.0,0.0,0.0,見送り(地合い🔴),,0.0,19.0,2.5,2.5,3914,4120.0,-3.4,1.0,532,MA上昇配列 / パーフェクトオーダー
8923,トーセイ,不動産業,9.2,★☆☆☆☆,0.0,0.0,1.0,0.0,8.2,0.0,0.0,0.0,見送り(地合い🔴),,0.0,15.2,3.0,2.6,1682,1790.0,-0.2,1.0,474,MA上昇配列 / パーフェクトオーダー
2269,明治ホールディングス,食料品,9.2,★☆☆☆☆,0.0,0.0,1.0,0.0,8.2,0.0,0.0,0.0,見送り(地合い🔴),,0.0,10.2,1.9,1.2,3686,3834.0,2.2,0.9,3350,MA上昇配列 / パーフェクトオーダー
4686,ジャストシステム,情報・通信業,9.2,★☆☆☆☆,2.5,0.0,0.0,0.0,6.7,0.0,0.0,0.0,見送り(地合い🔴),Microsoft,-4.5,17.2,2.3,4.0,3756,3940.0,3.8,1.1,327,Microsoft+3.1%連動(β0.33) / MA上昇配列
4212,積水樹脂,化学,9.2,★☆☆☆☆,0.0,0.0,1.0,0.0,8.2,0.0,0.0,0.0,見送り(地合い🔴),,0.0,10.3,2.6,1.1,2514,2652.0,-0.2,0.7,225,MA上昇配列 / パーフェクトオーダー
4413,ボードルア,情報・通信業,9.2,★☆☆☆☆,0.0,0.0,2.0,0.0,7.2,0.0,0.0,0.0,見送り(地合い🔴),,0.0,24.0,5.3,1.6,2623,2936.0,-4.7,0.6,957,MA上昇配列 / パーフェクトオーダー
8704,トレイダーズホールディングス,証券、商品先物取引業,9.2,★☆☆☆☆,0.0,0.0,1.0,0.0,8.2,0.0,0.0,0.0,見送り(地合い🔴),,0.0,18.7,3.4,0.5,1159,1242.0,-2.1,1.0,108,MA上昇配列 / パーフェクトオーダー
8005,スクロール,小売業,9.2,★☆☆☆☆,0.0,0.0,1.0,0.0,8.2,0.0,0.0,0.0,見送り(地合い🔴),,0.0,14.9,1.4,1.4,1666,1714.0,-1.6,0.5,266,MA上昇配列 / パーフェクトオーダー
2222,寿スピリッツ,食料品,9.2,★☆☆☆☆,0.0,0.0,1.0,0.0,8.2,0.0,0.0,0.0,見送り(地合い🔴),,0.0,13.5,2.7,1.5,2418,2554.0,0.0,0.9,1415,MA上昇配列 / パーフェクトオーダー
4208,ＵＢＥ,化学,9.2,★☆☆☆☆,0.0,0.0,1.0,0.0,8.2,0.0,0.0,0.0,見送り(地合い🔴),,0.0,12.0,2.3,0.3,3068,3213.0,-0.6,1.4,2608,MA上昇配列 / パーフェクトオーダー
9143,ＳＧホールディングス,陸運業,9.2,★☆☆☆☆,0.0,0.0,3.0,0.0,6.2,0.0,0.0,0.0,見送り(地合い🔴),,0.0,14.5,1.9,3.3,1564,1624.5,1.4,1.2,2067,MA上昇配列 / パーフェクトオーダー
4419,Ｆｉｎａｔｅｘｔホールディングス,情報・通信業,9.2,★☆☆☆☆,0.0,0.0,1.0,0.0,8.2,0.0,0.0,0.0,見送り(地合い🔴),,0.0,25.1,5.3,5.8,1421,1591.0,-1.0,0.9,827,MA上昇配列 / パーフェクトオーダー
2175,エス・エム・エス,サービス業,9.2,★☆☆☆☆,0.0,0.0,3.0,0.0,6.2,0.0,0.0,0.0,見送り(地合い🔴),,0.0,17.8,3.6,1.5,2184,2352.0,-5.1,1.6,1294,MA上昇配列 / パーフェクトオーダー
6454,マックス,機械,9.2,★☆☆☆☆,0.0,0.0,1.0,0.0,8.2,0.0,0.0,0.0,見送り(地合い🔴),,0.0,11.0,2.0,0.9,1662,1730.0,0.6,1.4,353,MA上昇配列 / パーフェクトオーダー
2579,コカ・コーラ　ボトラーズジャパンホールディングス,食料品,9.2,★☆☆☆☆,0.0,0.0,1.0,0.0,8.2,0.0,0.0,0.0,見送り(地合い🔴),,0.0,10.4,2.9,3.3,4157,4414.0,3.1,0.8,3817,MA上昇配列 / パーフェクトオーダー
8032,日本紙パルプ商事,卸売業,9.0,★☆☆☆☆,0.0,0.0,1.0,0.0,8.0,0.0,0.0,0.0,見送り(地合い🔴),,0.0,11.8,2.2,1.1,1065,1115.0,-0.8,1.3,185,-
1925,大和ハウス工業,建設業,9.0,★☆☆☆☆,0.0,0.0,2.0,0.0,7.0,0.0,0.0,0.0,見送り(地合い🔴),,0.0,17.3,1.7,5.3,4606,4765.0,2.7,0.9,9162,-
9755,応用地質,サービス業,9.0,★☆☆☆☆,0.0,0.0,0.0,0.0,9.0,0.0,0.0,0.0,見送り(地合い🔴),,0.0,11.6,1.5,1.5,2739,2821.0,0.9,0.7,184,MA上昇配列
3050,ＤＣＭホールディングス,小売業,9.0,★☆☆☆☆,0.0,0.0,1.0,0.0,8.0,0.0,0.0,0.0,見送り(地合い🔴),,0.0,8.9,1.6,3.3,1503,1553.0,3.1,0.8,460,-
6460,セガサミーホールディングス,機械,9.0,★☆☆☆☆,0.0,0.0,5.3,0.0,6.7,0.0,0.0,-3.0,見送り(地合い🔴),,0.0,33.6,2.9,15.3,2589,2750.0,10.0,1.8,2148,買い出来高優勢 / MA上昇配列 / 伸びすぎ注意(25MA+15%)
9009,京成電鉄,陸運業,9.0,★☆☆☆☆,0.0,0.0,1.0,0.0,8.0,0.0,0.0,0.0,見送り(地合い🔴),,0.0,23.9,2.2,7.7,1249,1307.0,3.1,1.1,2292,MA上昇配列
2982,ＡＤワークスグループ,不動産業,9.0,★☆☆☆☆,0.0,0.0,0.0,0.0,9.0,0.0,0.0,0.0,見送り(地合い🔴),,0.0,11.8,2.5,1.5,390,410.0,-0.5,0.6,119,MA上昇配列
2384,ＳＢＳホールディングス,陸運業,9.0,★☆☆☆☆,0.0,0.0,2.0,0.0,7.0,0.0,0.0,0.0,見送り(地合い🔴),,0.0,14.0,3.1,3.2,4219,4500.0,-3.8,0.9,443,-
9716,乃村工藝社,サービス業,9.0,★☆☆☆☆,0.0,0.0,2.0,0.0,7.0,0.0,0.0,0.0,見送り(地合い🔴),,0.0,20.7,2.7,6.4,1144,1208.0,1.6,0.8,437,-
9534,北海道瓦斯,電気・ガス業,9.0,★☆☆☆☆,0.0,0.0,2.0,0.0,7.0,0.0,0.0,0.0,見送り(地合い🔴),,0.0,12.9,1.7,2.6,757,783.0,0.1,0.9,106,-
4826,ＣＩＪ,情報・通信業,9.0,★☆☆☆☆,0.0,0.0,1.0,0.0,8.0,0.0,0.0,0.0,見送り(地合い🔴),,0.0,14.7,1.8,3.8,497,516.0,1.8,0.9,103,MA上昇配列
7447,ナガイレーベン,卸売業,9.0,★☆☆☆☆,0.0,0.0,1.0,0.0,8.0,0.0,0.0,0.0,見送り(地合い🔴),,0.0,19.6,1.4,3.6,1739,1790.0,2.2,0.7,136,MA上昇配列
6419,マースグループホールディングス,機械,9.0,★☆☆☆☆,0.0,0.0,0.0,0.0,9.0,0.0,0.0,0.0,見送り(地合い🔴),,0.0,18.0,1.2,2.7,3073,3150.0,-0.2,1.1,188,MA上昇配列
1899,福田組,建設業,9.0,★☆☆☆☆,0.0,0.0,2.0,0.0,7.0,0.0,0.0,0.0,見送り(地合い🔴),,0.0,13.5,2.7,3.2,3676,3885.0,2.2,1.2,149,-
5949,ユニプレス,輸送用機器,9.0,★☆☆☆☆,0.0,0.0,2.0,0.0,7.0,0.0,0.0,0.0,見送り(地合い🔴),,0.0,15.9,1.8,3.8,1258,1305.0,0.8,0.8,170,-
6535,アイモバイル,サービス業,9.0,★☆☆☆☆,0.0,0.0,1.0,0.0,8.0,0.0,0.0,0.0,見送り(地合い🔴),,0.0,16.0,2.0,3.7,517,538.0,-1.5,1.2,282,MA上昇配列
8273,イズミ,小売業,9.0,★☆☆☆☆,0.0,0.0,0.0,0.0,9.0,0.0,0.0,0.0,見送り(地合い🔴),,0.0,16.5,1.8,5.3,993,1031.0,2.9,1.2,439,MA上昇配列
8153,モスフードサービス,卸売業,9.0,★☆☆☆☆,0.0,0.0,2.0,0.0,7.0,0.0,0.0,0.0,見送り(地合い🔴),,0.0,16.4,1.7,4.9,3776,3910.0,2.5,1.0,292,-
7483,ドウシシャ,卸売業,9.0,★☆☆☆☆,0.0,0.0,2.0,0.0,7.0,0.0,0.0,0.0,見送り(地合い🔴),,0.0,15.4,1.3,4.0,2954,3035.0,2.2,0.9,183,-
9766,コナミグループ,情報・通信業,9.0,★☆☆☆☆,0.0,0.0,3.0,0.0,6.0,0.0,0.0,0.0,見送り(地合い🔴),,0.0,22.6,2.9,10.0,18977,20140.0,8.9,1.4,9740,-
5602,栗本鐵工所,鉄鋼,9.0,★☆☆☆☆,0.0,0.0,3.0,0.0,6.0,0.0,0.0,0.0,見送り(地合い🔴),,0.0,17.4,1.8,3.4,1439,1494.0,0.8,1.3,301,-
7313,テイ・エス　テック,輸送用機器,9.0,★☆☆☆☆,0.0,0.0,1.0,0.0,8.0,0.0,0.0,0.0,見送り(地合い🔴),,0.0,14.7,1.2,4.0,1784,1827.5,2.8,1.0,508,-
3608,ＴＳＩホールディングス,繊維製品,9.0,★☆☆☆☆,0.0,0.0,2.0,0.0,7.0,0.0,0.0,0.0,見送り(地合い🔴),,0.0,17.9,2.0,5.1,1213,1263.0,2.6,0.9,312,-
2296,伊藤ハム米久ホールディングス,食料品,9.0,★☆☆☆☆,0.0,0.0,3.0,0.0,6.0,0.0,0.0,0.0,見送り(地合い🔴),,0.0,15.9,1.8,4.3,4834,5010.0,3.2,1.4,723,-
3150,グリムス,電気・ガス業,9.0,★☆☆☆☆,0.0,0.0,2.0,0.0,7.0,0.0,0.0,0.0,見送り(地合い🔴),,0.0,17.3,2.0,4.1,2514,2618.0,-0.0,1.0,127,-
6637,寺崎電気産業,電気機器,9.0,★☆☆☆☆,0.0,0.0,3.0,0.0,6.0,0.0,0.0,0.0,見送り(地合い🔴),,0.0,32.2,4.3,8.8,3666,4010.0,4.3,1.2,208,-
8425,みずほリース,その他金融業,9.0,★☆☆☆☆,0.0,0.0,2.0,0.0,7.0,0.0,0.0,0.0,見送り(地合い🔴),,0.0,16.7,1.5,3.7,1299,1338.0,1.5,0.9,871,-
8278,フジ,小売業,9.0,★☆☆☆☆,0.0,0.0,3.0,0.0,6.0,0.0,0.0,0.0,見送り(地合い🔴),,0.0,12.9,1.9,3.7,1975,2052.0,3.0,1.5,207,-
3659,ネクソン,情報・通信業,9.0,★☆☆☆☆,0.0,0.0,3.0,0.0,6.0,0.0,0.0,0.0,見送り(地合い🔴),,0.0,24.6,2.8,10.5,2347,2488.0,9.4,1.3,5209,-
4180,Ａｐｐｉｅｒ　Ｇｒｏｕｐ,情報・通信業,9.0,★☆☆☆☆,6.8,0.0,0.0,0.0,2.2,0.0,0.0,0.0,見送り(地合い🔴),Microsoft,0.7,20.4,4.1,5.3,836,910.0,0.2,0.8,952,Microsoft+3.1%連動(β0.60) 未反応+0.7%
8804,東京建物,不動産業,9.0,★☆☆☆☆,0.0,0.0,0.0,0.0,9.0,0.0,0.0,0.0,見送り(地合い🔴),,0.0,15.2,2.4,3.7,3326,3491.0,-0.8,0.7,3320,MA上昇配列
8219,青山商事,小売業,9.0,★☆☆☆☆,0.0,0.0,2.0,0.0,7.0,0.0,0.0,0.0,見送り(地合い🔴),,0.0,17.8,1.4,4.5,719,740.0,2.1,1.0,434,-
8179,ロイヤルホールディングス,小売業,9.0,★☆☆☆☆,0.0,0.0,2.0,0.0,7.0,0.0,0.0,0.0,見送り(地合い🔴),,0.0,16.8,1.9,5.0,1259,1308.0,2.0,0.6,386,-
7974,任天堂,その他製品,9.0,★☆☆☆☆,0.0,0.0,3.0,0.0,6.0,0.0,0.0,0.0,見送り(地合い🔴),,0.0,20.7,2.6,8.6,7258,7659.0,9.5,1.7,60848,-
7611,ハイデイ日高,小売業,9.0,★☆☆☆☆,0.0,0.0,3.0,0.0,6.0,0.0,0.0,0.0,見送り(地合い🔴),,0.0,20.7,1.9,7.1,2773,2884.0,3.3,0.8,568,-
7241,フタバ産業,輸送用機器,9.0,★☆☆☆☆,0.0,0.0,2.0,0.0,7.0,0.0,0.0,0.0,見送り(地合い🔴),,0.0,18.4,1.8,4.4,983,1020.0,1.3,0.9,254,-
2670,エービーシー・マート,小売業,9.0,★☆☆☆☆,0.0,0.0,3.0,0.0,6.0,0.0,0.0,0.0,見送り(地合い🔴),,0.0,7.7,2.9,0.6,2594,2753.5,4.1,0.7,2725,MA上昇配列 / パーフェクトオーダー
8065,佐藤商事,卸売業,9.0,★☆☆☆☆,0.0,0.0,2.0,0.0,7.0,0.0,0.0,0.0,見送り(地合い🔴),,0.0,14.8,3.4,0.6,2768,2973.0,-2.0,0.8,103,-
4503,アステラス製薬,医薬品,9.0,★☆☆☆☆,0.0,0.0,2.0,0.0,7.0,0.0,0.0,0.0,見送り(地合い🔴),,0.0,13.2,2.0,3.4,2145,2233.5,1.7,1.1,13893,-
9068,丸全昭和運輸,陸運業,9.0,★☆☆☆☆,0.0,0.0,2.0,0.0,7.0,0.0,0.0,0.0,見送り(地合い🔴),,0.0,13.1,2.3,2.9,7354,7710.0,0.7,0.9,210,-
9003,相鉄ホールディングス,陸運業,9.0,★☆☆☆☆,0.0,0.0,2.0,0.0,7.0,0.0,0.0,0.0,見送り(地合い🔴),,0.0,17.9,1.6,5.5,2576,2663.5,2.5,1.2,585,-
2281,プリマハム,食料品,9.0,★☆☆☆☆,0.0,0.0,2.0,0.0,7.0,0.0,0.0,0.0,見送り(地合い🔴),,0.0,15.5,1.4,4.2,2434,2502.0,3.6,1.4,191,-
9024,西武ホールディングス,陸運業,9.0,★☆☆☆☆,0.0,0.0,1.0,0.0,8.0,0.0,0.0,0.0,見送り(地合い🔴),,0.0,27.4,3.1,8.8,3485,3713.0,3.9,0.8,6509,MA上昇配列
2317,システナ,情報・通信業,9.0,★☆☆☆☆,0.0,0.0,2.0,0.0,7.0,0.0,0.0,0.0,見送り(地合い🔴),,0.0,21.1,1.8,6.8,425,441.0,4.8,1.1,396,-
4475,ＨＥＮＮＧＥ,情報・通信業,9.0,★☆☆☆☆,0.0,0.0,1.0,0.0,8.0,0.0,0.0,0.0,見送り(地合い🔴),,0.0,26.7,4.1,8.9,1216,1326.0,-0.9,0.9,477,MA上昇配列
2918,わらべや日洋ホールディングス,食料品,9.0,★☆☆☆☆,0.0,0.0,3.0,0.0,6.0,0.0,0.0,0.0,見送り(地合い🔴),,0.0,17.5,1.9,6.4,2724,2833.0,5.2,0.8,316,-
4477,ＢＡＳＥ,情報・通信業,8.8,★☆☆☆☆,0.0,0.0,3.3,0.0,5.5,0.0,0.0,0.0,見送り(地合い🔴),,0.0,27.1,3.0,6.0,288,306.0,-1.0,0.8,268,買い出来高優勢 / MA上昇配列
6200,インソース,サービス業,8.8,★☆☆☆☆,0.0,0.0,5.3,0.0,3.5,0.0,3.0,-3.0,見送り(地合い🔴),,0.0,35.9,2.9,19.9,716,760.0,20.4,1.5,536,買い出来高優勢 / RSI過熱(91)⚠ / 伸びすぎ注意(25MA+20%) / 開示[自己株式取得](7日前) / 開示[自己株式取得](7日前)
3984,ユーザーローカル,情報・通信業,8.8,★☆☆☆☆,4.6,0.0,0.0,0.0,4.2,0.0,0.0,0.0,見送り(地合い🔴),Microsoft,0.4,21.9,2.7,2.8,1694,1791.0,0.6,0.8,144,Microsoft+3.1%連動(β0.44) / MA上昇配列
3983,オロ,情報・通信業,8.8,★☆☆☆☆,0.0,0.0,3.3,0.0,5.5,0.0,0.0,0.0,見送り(地合い🔴),,0.0,22.4,2.1,4.1,2095,2185.0,-0.7,0.7,102,買い出来高優勢 / MA上昇配列
4681,リゾートトラスト,サービス業,8.7,★☆☆☆☆,0.0,0.0,1.0,0.0,7.7,0.0,0.0,0.0,見送り(地合い🔴),,0.0,12.8,1.9,3.0,1724,1794.0,3.5,1.4,736,MA上昇配列
9837,モリト,卸売業,8.7,★☆☆☆☆,0.0,0.0,3.0,0.0,5.7,0.0,0.0,0.0,見送り(地合い🔴),,0.0,11.6,2.1,0.5,1718,1795.0,-0.6,1.6,118,開示[自己株式の取得](14日前) / 開示[自己株式取得](14日前)
7018,内海造船,輸送用機器,8.7,★☆☆☆☆,0.0,0.0,4.0,0.0,4.7,0.0,0.0,0.0,見送り(地合い🔴),,0.0,28.1,6.1,7.7,9417,10720.0,8.0,1.8,238,-
7476,アズワン,卸売業,8.7,★☆☆☆☆,0.0,0.0,2.0,0.0,6.7,0.0,0.0,0.0,見送り(地合い🔴),,0.0,21.2,1.9,6.7,2432,2530.0,1.8,1.0,398,MA上昇配列
4543,テルモ,精密機器,8.7,★☆☆☆☆,0.0,0.0,3.0,0.0,5.7,0.0,0.0,0.0,見送り(地合い🔴),,0.0,12.1,2.9,2.9,2158,2289.0,2.2,1.3,9500,MA上昇配列
7003,三井Ｅ＆Ｓ,機械,8.7,★☆☆☆☆,0.0,0.0,4.0,0.0,4.7,0.0,0.0,0.0,見送り(地合い🔴),,0.0,31.4,4.7,9.2,4456,4923.0,6.7,1.6,10728,-
9506,東北電力,電気・ガス業,8.7,★☆☆☆☆,0.0,0.0,2.0,0.0,6.7,0.0,0.0,0.0,見送り(地合い🔴),,0.0,21.1,1.9,6.1,1120,1163.5,1.5,1.0,2669,MA上昇配列
7942,ＪＳＰ,化学,8.7,★☆☆☆☆,0.0,0.0,4.0,0.0,4.7,0.0,0.0,0.0,見送り(地合い🔴),,0.0,10.9,2.1,0.8,2400,2506.0,1.0,1.8,101,-
3038,神戸物産,卸売業,8.7,★☆☆☆☆,0.0,0.0,4.0,0.0,4.7,0.0,0.0,0.0,見送り(地合い🔴),,0.0,13.9,2.6,4.9,2648,2793.0,5.7,1.8,3601,-
8113,ユニ・チャーム,化学,8.7,★☆☆☆☆,0.0,0.0,0.0,0.0,8.7,0.0,0.0,0.0,見送り(地合い🔴),,0.0,16.6,2.3,4.9,959,1004.5,4.0,0.9,4007,MA上昇配列 / パーフェクトオーダー
9504,中国電力,電気・ガス業,8.7,★☆☆☆☆,0.0,0.0,2.0,0.0,6.7,0.0,0.0,0.0,見送り(地合い🔴),,0.0,16.0,1.6,3.1,917,947.9000244140625,0.8,1.3,1337,MA上昇配列
3916,デジタル・インフォメーション・テクノロジー,情報・通信業,8.5,★☆☆☆☆,0.0,0.0,3.0,0.0,5.5,0.0,0.0,0.0,見送り(地合い🔴),,0.0,26.0,3.0,5.8,891,949.0,-1.7,0.7,132,MA上昇配列
4733,オービックビジネスコンサルタント,情報・通信業,8.5,★☆☆☆☆,2.7,0.0,4.3,0.0,6.5,0.0,0.0,-5.0,見送り(地合い🔴),Microsoft,-15.9,41.2,3.5,22.2,7447,8001.0,21.4,1.0,2385,Microsoft+3.1%連動(β0.35) / 買い出来高優勢 / MA上昇配列 / RSI過熱(90)⚠ / 過熱⚠25MA+22%
4575,キャンバス,医薬品,8.5,★☆☆☆☆,0.0,0.0,3.0,0.0,5.5,0.0,0.0,0.0,見送り(地合い🔴),,0.0,34.0,7.0,8.3,627,730.0,-1.1,0.8,253,資金流入増 / MA上昇配列
4577,ダイト,医薬品,8.5,★☆☆☆☆,0.0,0.0,2.0,0.0,6.5,0.0,0.0,0.0,見送り(地合い🔴),,0.0,12.8,2.8,1.0,1205,1275.0,-1.5,0.9,103,MA上昇配列
5423,東京製鐵,鉄鋼,8.5,★☆☆☆☆,0.0,0.0,1.0,0.0,7.0,0.0,0.5,0.0,見送り(地合い🔴),,0.0,15.8,3.0,3.3,1676,1784.0,3.7,1.4,672,開示[業績予想の修正](11日前)
5253,カバー,情報・通信業,8.5,★☆☆☆☆,0.0,0.0,4.3,0.0,4.2,0.0,0.0,0.0,見送り(地合い🔴),,0.0,28.8,7.6,6.4,1364,1608.0,-1.5,2.6,3753,出来高増2.6倍 / MA上昇配列
6947,図研,電気機器,8.5,★☆☆☆☆,0.0,0.0,0.0,0.0,8.5,0.0,0.0,0.0,見送り(地合い🔴),,0.0,12.4,2.0,2.3,4549,4740.0,4.4,1.1,187,MA上昇配列 / パーフェクトオーダー
4800,オリコン,情報・通信業,8.5,★☆☆☆☆,0.0,0.0,0.0,0.0,8.5,0.0,0.0,0.0,見送り(地合い🔴),,0.0,12.2,0.3,0.2,1349,1357.0,-0.1,0.1,123,MA上昇配列 / パーフェクトオーダー / 52週高値目前
2874,横浜冷凍,卸売業,8.5,★☆☆☆☆,0.0,0.0,1.0,0.0,7.5,0.0,0.0,0.0,見送り(地合い🔴),,0.0,13.1,5.1,1.3,1910,2128.0,-6.1,0.8,446,MA上昇配列 / パーフェクトオーダー
4424,Ａｍａｚｉａ,情報・通信業,8.3,★☆☆☆☆,0.0,0.0,5.3,0.0,8.0,0.0,0.0,-5.0,見送り(地合い🔴),,0.0,87.6,21.2,21.3,208,360.0,30.0,0.5,743,買い出来高優勢 / 資金流入増 / MA上昇配列 / 過熱⚠25MA+21%
4206,アイカ工業,化学,8.2,★☆☆☆☆,0.0,0.0,0.0,0.0,8.2,0.0,0.0,0.0,見送り(地合い🔴),,0.0,10.4,1.4,1.0,3617,3722.0,1.1,1.1,842,MA上昇配列 / パーフェクトオーダー
3333,あさひ,小売業,8.2,★☆☆☆☆,0.0,0.0,3.0,0.0,5.2,0.0,0.0,0.0,見送り(地合い🔴),,0.0,13.6,1.6,1.2,1293,1335.0,-1.5,1.6,137,MA上昇配列
2353,日本駐車場開発,不動産業,8.2,★☆☆☆☆,0.0,0.0,3.0,0.0,5.2,0.0,0.0,0.0,見送り(地合い🔴),,0.0,13.0,1.8,2.4,253,262.0,0.0,1.9,738,MA上昇配列
4958,長谷川香料,化学,8.2,★☆☆☆☆,0.0,0.0,0.0,0.0,8.2,0.0,0.0,0.0,見送り(地合い🔴),,0.0,12.5,1.5,0.6,3161,3260.0,-0.5,0.9,172,MA上昇配列 / パーフェクトオーダー
7979,松風,精密機器,8.2,★☆☆☆☆,0.0,0.0,1.0,0.0,7.2,0.0,0.0,0.0,見送り(地合い🔴),,0.0,13.8,2.4,1.7,2024,2124.0,-2.8,0.9,179,MA上昇配列 / パーフェクトオーダー
9517,イーレックス,電気・ガス業,8.2,★☆☆☆☆,0.0,0.0,2.0,0.0,6.0,0.0,0.2,0.0,見送り(地合い🔴),,0.0,25.6,3.5,7.0,799,859.0,-3.8,0.7,228,開示[業績予想の修正](13日前)
2594,キーコーヒー,食料品,8.2,★☆☆☆☆,0.0,0.0,3.0,0.0,5.2,0.0,0.0,0.0,見送り(地合い🔴),,0.0,11.5,0.7,1.2,1974,2004.0,1.4,1.4,117,MA上昇配列
4812,電通総研,情報・通信業,8.2,★☆☆☆☆,0.0,0.0,2.0,0.0,6.2,0.0,0.0,0.0,見送り(地合い🔴),,0.0,42.0,1.5,8.6,2627,2708.0,1.4,0.9,1907,資金流入増 / MA上昇配列
8159,立花エレテック,卸売業,8.2,★☆☆☆☆,0.0,0.0,0.0,0.0,8.2,0.0,0.0,0.0,見送り(地合い🔴),,0.0,14.5,3.0,0.9,3124,3320.0,-0.3,0.8,110,MA上昇配列 / パーフェクトオーダー
5901,東洋製罐グループホールディングス,金属製品,8.2,★☆☆☆☆,0.0,0.0,0.0,0.0,8.2,0.0,0.0,0.0,見送り(地合い🔴),,0.0,10.5,2.0,1.5,3982,4150.0,0.7,1.0,871,MA上昇配列 / パーフェクトオーダー
3661,エムアップホールディングス,情報・通信業,8.0,★☆☆☆☆,0.0,0.0,0.0,0.0,8.0,0.0,0.0,0.0,見送り(地合い🔴),,0.0,22.8,2.9,8.8,745,792.0,7.3,0.7,553,MA上昇配列
5019,出光興産,石油・石炭製品,8.0,★☆☆☆☆,0.0,0.0,2.0,0.0,6.0,0.0,0.0,0.0,見送り(地合い🔴),,0.0,18.6,2.1,4.4,1251,1307.0,1.1,0.9,4464,-
7231,トピー工業,輸送用機器,8.0,★☆☆☆☆,0.0,0.0,2.0,0.0,6.0,0.0,0.0,0.0,見送り(地合い🔴),,0.0,15.9,1.7,2.2,2785,2881.0,-0.9,0.8,159,-
1301,極洋,水産・農林業,8.0,★☆☆☆☆,0.0,0.0,1.0,0.0,7.0,0.0,0.0,0.0,見送り(地合い🔴),,0.0,14.8,1.4,3.2,4489,4615.0,2.0,0.6,179,-
3880,大王製紙,パルプ・紙,8.0,★☆☆☆☆,0.0,0.0,2.0,0.0,6.0,0.0,0.0,0.0,見送り(地合い🔴),,0.0,16.1,1.8,4.6,952,988.0,0.4,1.2,197,-
9304,澁澤倉庫,倉庫・運輸関連業,8.0,★☆☆☆☆,0.0,0.0,3.0,0.0,2.2,0.0,2.8,0.0,見送り(地合い🔴),,0.0,18.3,5.7,-4.2,1532,1727.0,-19.1,0.8,738,資金流入増 / 開示[自己株式の取得](1日前)
7906,ヨネックス,その他製品,8.0,★☆☆☆☆,0.0,0.0,2.0,0.0,6.0,0.0,0.0,0.0,見送り(地合い🔴),,0.0,22.6,3.4,6.7,2439,2619.0,1.6,0.7,1174,-
3612,ワールド,繊維製品,8.0,★☆☆☆☆,0.0,0.0,1.0,0.0,7.0,0.0,0.0,0.0,見送り(地合い🔴),,0.0,12.5,1.7,2.0,1582,1636.0,1.2,1.0,417,MA上昇配列 / パーフェクトオーダー
6016,ジャパンエンジンコーポレーション,輸送用機器,8.0,★☆☆☆☆,0.0,0.0,2.0,0.0,6.0,0.0,0.0,0.0,見送り(地合い🔴),,0.0,30.7,5.8,10.2,8297,9390.0,8.6,1.4,1157,-
9302,三井倉庫ホールディングス,倉庫・運輸関連業,8.0,★☆☆☆☆,0.0,0.0,2.0,0.0,6.0,0.0,0.0,0.0,見送り(地合い🔴),,0.0,19.1,2.0,3.1,3516,3662.0,1.5,0.8,767,-
3153,八洲電機,卸売業,8.0,★☆☆☆☆,0.0,0.0,1.0,0.0,7.0,0.0,0.0,0.0,見送り(地合い🔴),,0.0,14.1,2.9,3.5,2744,2912.0,4.0,1.2,149,-
2792,ハニーズホールディングス,小売業,8.0,★☆☆☆☆,0.0,0.0,1.0,0.0,7.0,0.0,0.0,0.0,見送り(地合い🔴),,0.0,13.8,1.5,3.6,1406,1450.0,1.9,1.1,106,-
2607,不二製油,食料品,8.0,★☆☆☆☆,0.0,0.0,1.0,0.0,7.0,0.0,0.0,0.0,見送り(地合い🔴),,0.0,9.5,2.5,0.7,3781,3984.0,2.0,1.0,965,MA上昇配列 / パーフェクトオーダー
9435,光通信,情報・通信業,8.0,★☆☆☆☆,0.0,0.0,1.0,0.0,7.0,0.0,0.0,0.0,見送り(地合い🔴),,0.0,20.2,2.2,5.1,36883,38570.0,2.4,0.8,3078,-
5592,くすりの窓口,情報・通信業,8.0,★☆☆☆☆,0.0,0.0,3.0,0.0,3.7,0.0,1.3,0.0,見送り(地合い🔴),,0.0,22.5,2.9,2.3,2269,2407.0,4.3,1.3,187,開示[子会社化](5日前)
9511,沖縄電力,電気・ガス業,8.0,★☆☆☆☆,0.0,0.0,2.0,0.0,6.0,0.0,0.0,0.0,見送り(地合い🔴),,0.0,12.6,1.5,2.1,903,931.0,0.5,0.8,169,-
9663,ナガワ,サービス業,8.0,★☆☆☆☆,0.0,0.0,2.0,0.0,6.0,0.0,0.0,0.0,見送り(地合い🔴),,0.0,12.6,1.9,2.8,5003,5200.0,1.2,0.6,119,-
9987,スズケン,卸売業,8.0,★☆☆☆☆,0.0,0.0,2.0,0.0,6.0,0.0,0.0,0.0,見送り(地合い🔴),,0.0,15.8,2.0,4.6,5067,5282.0,2.1,0.9,981,-
9075,福山通運,陸運業,8.0,★☆☆☆☆,0.0,0.0,1.0,0.0,7.0,0.0,0.0,0.0,見送り(地合い🔴),,0.0,20.1,3.2,5.0,5744,6140.0,-3.6,0.7,724,-
4523,エーザイ,医薬品,8.0,★☆☆☆☆,0.0,0.0,3.3,0.0,4.7,0.0,0.0,0.0,見送り(地合い🔴),,0.0,25.9,2.2,11.4,4576,4791.0,6.9,1.1,7145,買い出来高優勢
4819,デジタルガレージ,情報・通信業,8.0,★☆☆☆☆,0.0,0.0,2.0,0.0,6.0,0.0,0.0,0.0,見送り(地合い🔴),,0.0,30.4,4.2,9.1,2095,2288.0,-2.3,0.4,732,-
4547,キッセイ薬品工業,医薬品,8.0,★☆☆☆☆,0.0,0.0,1.0,0.0,7.0,0.0,0.0,0.0,見送り(地合い🔴),,0.0,13.1,1.8,2.5,4084,4240.0,1.1,1.2,324,-
3289,東急不動産ホールディングス,不動産業,8.0,★☆☆☆☆,0.0,0.0,1.0,0.0,7.0,0.0,0.0,0.0,見送り(地合い🔴),,0.0,16.3,1.8,4.4,1326,1375.0,2.1,1.1,3663,-
8086,ニプロ,精密機器,8.0,★☆☆☆☆,0.0,0.0,1.0,0.0,7.0,0.0,0.0,0.0,見送り(地合い🔴),,0.0,11.2,1.8,2.8,1568,1627.0,1.8,1.0,856,-
3196,ホットランドホールディングス,小売業,8.0,★☆☆☆☆,0.0,0.0,2.0,0.0,6.0,0.0,0.0,0.0,見送り(地合い🔴),,0.0,15.3,1.5,4.2,1612,1663.0,3.5,1.1,194,-
3222,ユナイテッド・スーパーマーケット・ホールディングス,小売業,8.0,★☆☆☆☆,0.0,0.0,2.0,0.0,6.0,0.0,0.0,0.0,見送り(地合い🔴),,0.0,13.1,1.7,3.1,807,836.0,3.1,0.9,302,-
3660,アイスタイル,情報・通信業,8.0,★☆☆☆☆,0.0,0.0,2.0,0.0,6.0,0.0,0.0,0.0,見送り(地合い🔴),,0.0,25.1,2.9,9.6,410,435.0,7.4,1.3,294,-
7943,ニチハ,ガラス・土石製品,8.0,★☆☆☆☆,0.0,0.0,1.0,0.0,7.0,0.0,0.0,0.0,見送り(地合い🔴),,0.0,10.6,2.1,2.5,2960,3090.0,2.0,0.8,235,-
3395,サンマルクホールディングス,小売業,8.0,★☆☆☆☆,0.0,0.0,1.0,0.0,7.0,0.0,0.0,0.0,見送り(地合い🔴),,0.0,13.1,1.5,3.0,2532,2611.0,1.7,1.0,152,-
3401,帝人,繊維製品,8.0,★☆☆☆☆,0.0,0.0,1.0,0.0,7.0,0.0,0.0,0.0,見送り(地合い🔴),,0.0,13.6,2.5,0.2,1597,1681.0,-1.7,0.9,1261,MA上昇配列 / パーフェクトオーダー
3231,野村不動産ホールディングス,不動産業,8.0,★☆☆☆☆,0.0,0.0,1.0,0.0,7.0,0.0,0.0,0.0,見送り(地合い🔴),,0.0,13.4,1.6,3.3,943,973.0999755859375,0.9,1.1,2732,-
2702,日本マクドナルドホールディングス,小売業,8.0,★☆☆☆☆,0.0,0.0,0.0,0.0,8.0,0.0,0.0,0.0,見送り(地合い🔴),,0.0,14.6,2.1,4.3,7580,7910.0,4.4,0.9,4226,-
8129,東邦ホールディングス,卸売業,8.0,★☆☆☆☆,0.0,0.0,2.0,0.0,6.0,0.0,0.0,0.0,見送り(地合い🔴),,0.0,18.4,2.1,6.2,4046,4220.0,4.6,1.2,559,-
2695,くら寿司,小売業,8.0,★☆☆☆☆,0.0,0.0,2.0,0.0,6.0,0.0,0.0,0.0,見送り(地合い🔴),,0.0,11.1,1.8,3.5,1596,1655.0,2.7,1.4,395,-
2282,日本ハム,食料品,8.0,★☆☆☆☆,0.0,0.0,1.0,0.0,7.0,0.0,0.0,0.0,見送り(地合い🔴),,0.0,17.4,1.9,5.1,6235,6475.0,3.6,1.0,3003,-
8877,エスリード,不動産業,8.0,★☆☆☆☆,0.0,0.0,2.0,0.0,6.0,0.0,0.0,0.0,見送り(地合い🔴),,0.0,17.0,2.1,4.0,5022,5240.0,0.2,0.8,140,-
8056,ＢＩＰＲＯＧＹ,情報・通信業,8.0,★☆☆☆☆,0.0,0.0,2.0,0.0,6.0,0.0,0.0,0.0,見送り(地合い🔴),,0.0,24.4,2.4,9.3,4683,4923.0,5.9,0.9,1707,-
3299,ムゲンエステート,不動産業,8.0,★☆☆☆☆,0.0,0.0,2.0,0.0,6.0,0.0,0.0,0.0,見送り(地合い🔴),,0.0,23.9,2.3,5.4,1894,1984.0,-1.1,0.5,307,-
5161,西川ゴム工業,ゴム製品,8.0,★☆☆☆☆,0.0,0.0,2.0,0.0,6.0,0.0,0.0,0.0,見送り(地合い🔴),,0.0,16.6,1.7,3.8,3098,3205.0,2.2,1.1,299,-
8570,イオンフィナンシャルサービス,その他金融業,8.0,★☆☆☆☆,0.0,0.0,1.0,0.0,7.0,0.0,0.0,0.0,見送り(地合い🔴),,0.0,17.4,2.2,3.6,1506,1574.0,0.3,0.7,798,-
8185,チヨダ,小売業,8.0,★☆☆☆☆,0.0,0.0,0.0,0.0,8.0,0.0,0.0,0.0,見送り(地合い🔴),,0.0,13.1,1.2,2.0,982,1006.0,1.0,1.2,124,MA上昇配列
4784,ＧＭＯインターネット,サービス業,8.0,★☆☆☆☆,0.0,0.0,2.0,0.0,6.0,0.0,0.0,0.0,見送り(地合い🔴),,0.0,23.7,5.0,4.5,466,517.0,-0.4,0.7,862,-
4828,ビジネスエンジニアリング,情報・通信業,8.0,★☆☆☆☆,0.0,0.0,3.3,0.0,4.7,0.0,0.0,0.0,見送り(地合い🔴),,0.0,31.4,2.9,12.1,1154,1225.0,4.3,0.6,172,買い出来高優勢
4343,イオンファンタジー,サービス業,8.0,★☆☆☆☆,0.0,0.0,0.0,0.0,8.0,0.0,0.0,0.0,見送り(地合い🔴),,0.0,16.3,2.4,3.9,2585,2717.0,3.2,0.8,163,MA上昇配列
7803,ブシロード,その他製品,7.800000000000001,★☆☆☆☆,0.0,0.0,5.3,0.0,5.5,0.0,0.0,-3.0,見送り(地合い🔴),,0.0,61.6,6.2,19.9,354,404.0,1.8,0.9,677,買い出来高優勢 / 資金流入増 / MA上昇配列 / 伸びすぎ注意(25MA+20%)
3179,シュッピン,小売業,7.800000000000001,★☆☆☆☆,0.0,0.0,3.3,0.0,7.5,0.0,0.0,-3.0,見送り(地合い🔴),,0.0,29.2,3.2,16.5,1225,1308.0,6.0,0.4,165,買い出来高優勢 / MA上昇配列 / RSI過熱(86)⚠ / 伸びすぎ注意(25MA+17%)
8097,三愛オブリ,卸売業,7.8,★☆☆☆☆,0.0,0.0,3.3,0.0,4.5,0.0,0.0,0.0,見送り(地合い🔴),,0.0,21.1,1.7,7.5,2258,2340.0,3.4,1.0,212,買い出来高優勢 / RSI過熱(95)⚠
5288,アジアパイルホールディングス,ガラス・土石製品,7.7,★☆☆☆☆,0.0,0.0,2.0,0.0,5.7,0.0,0.0,0.0,見送り(地合い🔴),,0.0,12.4,2.3,0.9,1440,1510.0,-1.2,0.8,206,-
5451,ヨドコウ,鉄鋼,7.7,★☆☆☆☆,0.0,0.0,0.0,0.0,7.7,0.0,0.0,0.0,見送り(地合い🔴),,0.0,16.9,1.6,5.3,1345,1391.0,1.6,1.0,347,MA上昇配列
9110,ＮＳユナイテッド海運,海運業,7.7,★☆☆☆☆,0.0,0.0,2.0,0.0,5.7,0.0,0.0,0.0,見送り(地合い🔴),,0.0,25.3,2.7,8.7,7100,7500.0,5.2,0.9,365,-
9501,東京電力ホールディングス,電気・ガス業,7.7,★☆☆☆☆,0.0,0.0,3.0,0.0,4.7,0.0,0.0,0.0,見送り(地合い🔴),,0.0,23.6,3.8,7.7,484,523.5999755859375,4.0,1.5,16059,-
4716,日本オラクル,情報・通信業,7.7,★☆☆☆☆,0.0,0.0,2.0,0.0,5.7,0.0,0.0,0.0,見送り(地合い🔴),,0.0,13.3,2.3,3.1,8376,8773.0,4.0,1.0,2814,MA上昇配列
6744,能美防災,電気機器,7.7,★☆☆☆☆,0.0,0.0,2.0,0.0,5.7,0.0,0.0,0.0,見送り(地合い🔴),,0.0,16.4,2.5,3.4,4182,4405.0,3.2,1.1,316,-
5930,文化シヤッター,金属製品,7.7,★☆☆☆☆,0.0,0.0,1.0,0.0,6.7,0.0,0.0,0.0,見送り(地合い🔴),,0.0,11.9,1.8,2.1,1889,1959.0,0.9,1.4,151,MA上昇配列
256A,飛島ホールディングス,建設業,7.7,★☆☆☆☆,0.0,0.0,0.0,0.0,7.7,0.0,0.0,0.0,見送り(地合い🔴),,0.0,13.7,1.9,2.2,1990,2067.0,1.6,1.0,340,MA上昇配列
4381,ビープラッツ,情報・通信業,7.7,★☆☆☆☆,0.0,0.0,4.0,0.0,3.5,0.0,0.2,0.0,見送り(地合い🔴),,0.0,92.4,29.6,3.2,133,326.0,-21.3,1.1,205,資金流入増 / 開示[AI](12日前)
417A,ブルーゾーンホールディングス,小売業,7.7,★☆☆☆☆,0.0,0.0,1.0,0.0,6.7,0.0,0.0,0.0,見送り(地合い🔴),,0.0,12.0,2.0,3.2,1744,1816.0,2.9,1.2,449,-
3911,Ａｉｍｉｎｇ,情報・通信業,7.7,★☆☆☆☆,0.0,0.0,1.0,0.0,6.7,0.0,0.0,0.0,見送り(地合い🔴),,0.0,16.9,3.4,5.9,196,210.0,4.5,1.1,113,MA上昇配列
8014,蝶理,卸売業,7.7,★☆☆☆☆,0.0,0.0,2.0,0.0,5.7,0.0,0.0,0.0,見送り(地合い🔴),,0.0,11.2,1.7,0.5,3785,3915.0,0.3,1.2,100,-
3673,ブロードリーフ,情報・通信業,7.7,★☆☆☆☆,0.0,0.0,2.0,0.0,5.7,0.0,0.0,0.0,見送り(地合い🔴),,0.0,22.3,3.1,5.2,410,437.0,-2.0,0.6,320,-
8871,ゴールドクレスト,不動産業,7.7,★☆☆☆☆,0.0,0.0,2.0,0.0,5.7,0.0,0.0,0.0,見送り(地合い🔴),,0.0,11.3,1.8,1.2,3241,3360.0,-0.1,1.8,135,-
4684,オービック,情報・通信業,7.7,★☆☆☆☆,0.0,0.0,2.0,0.0,5.7,0.0,0.0,0.0,見送り(地合い🔴),,0.0,30.1,2.7,12.4,4318,4567.0,8.1,1.0,8100,-
1332,ニッスイ,水産・農林業,7.7,★☆☆☆☆,0.0,0.0,2.0,0.0,5.7,0.0,0.0,0.0,見送り(地合い🔴),,0.0,10.1,2.3,2.2,1244,1304.5,3.0,1.1,1834,-
1879,新日本建設,建設業,7.7,★☆☆☆☆,0.0,0.0,2.0,0.0,5.7,0.0,0.0,0.0,見送り(地合い🔴),,0.0,11.1,2.1,1.1,2024,2112.0,2.8,1.0,158,-
1833,奥村組,建設業,7.7,★☆☆☆☆,0.0,0.0,2.0,0.0,5.7,0.0,0.0,0.0,見送り(地合い🔴),,0.0,12.9,1.7,3.0,5646,5850.0,3.2,1.2,565,-
9201,日本航空,空運業,7.7,★☆☆☆☆,2.7,0.0,0.0,0.0,5.0,0.0,0.0,0.0,見送り(地合い🔴),Boeing,-3.3,14.6,2.2,2.5,2859,2988.5,2.9,1.1,9209,Boeing+5.9%連動(β0.18) / MA上昇配列
8934,サンフロンティア不動産,不動産業,7.7,★☆☆☆☆,0.0,0.0,2.0,0.0,5.7,0.0,0.0,0.0,見送り(地合い🔴),,0.0,14.2,1.8,3.0,2456,2548.0,0.6,0.7,283,-
8914,エリアリンク,不動産業,7.7,★☆☆☆☆,0.0,0.0,3.0,0.0,4.7,0.0,0.0,0.0,見送り(地合い🔴),,0.0,25.5,3.7,10.8,883,953.0,5.5,1.0,142,-
4432,ウイングアーク１ｓｔ,情報・通信業,7.699999999999999,★☆☆☆☆,0.0,0.0,4.0,0.0,6.7,0.0,0.0,-3.0,見送り(地合い🔴),,0.0,40.0,3.2,17.7,2862,3055.0,5.3,0.9,943,資金流入増 / MA上昇配列 / 伸びすぎ注意(25MA+18%) / 開示[自己株式取得](14日前)
2301,学情,サービス業,7.5,★☆☆☆☆,0.0,0.0,2.0,0.0,5.5,0.0,0.0,0.0,見送り(地合い🔴),,0.0,14.4,1.4,2.0,1599,1644.0,-0.7,0.9,125,MA上昇配列
5216,倉元製作所,ガラス・土石製品,7.5,★☆☆☆☆,0.0,0.0,3.3,0.0,4.2,0.0,0.0,0.0,見送り(地合い🔴),,0.0,16.4,7.1,0.0,135,157.0,-3.7,0.3,129,買い出来高優勢 / MA上昇配列
9348,ｉｓｐａｃｅ,サービス業,7.5,★☆☆☆☆,0.0,6.0,0.0,0.0,1.5,0.0,0.0,0.0,見送り(地合い🔴),,0.0,3.2,5.4,-6.3,364,408.0,-1.2,0.9,806,宇宙(-1.2%)
9828,Ｇｅｎｋｉ　Ｇｌｏｂａｌ　Ｄｉｎｉｎｇ　Ｃｏｎｃｅｐｔｓ,小売業,7.5,★☆☆☆☆,0.0,0.0,2.0,0.0,5.5,0.0,0.0,0.0,見送り(地合い🔴),,0.0,18.6,2.6,5.8,3254,3435.0,-0.4,0.6,217,MA上昇配列
3040,ソリトンシステムズ,情報・通信業,7.5,★☆☆☆☆,0.0,0.0,0.0,0.0,7.5,0.0,0.0,0.0,見送り(地合い🔴),,0.0,11.2,2.6,0.1,1864,1966.0,-2.2,1.1,109,MA上昇配列 / パーフェクトオーダー
3769,ＧＭＯペイメントゲートウェイ,情報・通信業,7.5,★☆☆☆☆,3.3,0.0,0.0,0.0,4.2,0.0,0.0,0.0,見送り(地合い🔴),Microsoft,-2.3,16.8,3.0,4.3,9270,9855.0,-0.7,0.9,2385,Microsoft+3.1%連動(β0.43) / MA上昇配列
368A,北里コーポレーション,精密機器,7.5,★☆☆☆☆,0.0,0.0,2.0,0.0,5.5,0.0,0.0,0.0,見送り(地合い🔴),,0.0,13.9,2.3,3.3,1320,1384.0,1.3,0.9,138,MA上昇配列
2121,ＭＩＸＩ,情報・通信業,7.5,★☆☆☆☆,0.0,0.0,3.3,0.0,4.2,0.0,0.0,0.0,見送り(地合い🔴),,0.0,19.4,2.0,3.5,2812,2929.0,-1.0,1.1,914,買い出来高優勢 / MA上昇配列
9202,ＡＮＡホールディングス,空運業,7.2,★☆☆☆☆,0.0,0.0,1.0,0.0,6.2,0.0,0.0,0.0,見送り(地合い🔴),,0.0,15.0,2.0,3.5,3016,3140.0,2.9,1.3,7400,MA上昇配列
6196,ストライクグループ,サービス業,7.2,★☆☆☆☆,0.0,0.0,3.0,0.0,4.2,0.0,0.0,0.0,見送り(地合い🔴),,0.0,16.5,1.7,1.9,1295,1341.0,-0.5,1.3,346,MA上昇配列
7172,ジャパンインベストメントアドバイザー,証券、商品先物取引業,7.2,★☆☆☆☆,0.0,0.0,0.0,0.0,7.2,0.0,0.0,0.0,見送り(地合い🔴),,0.0,13.2,2.2,1.1,2006,2097.0,-0.8,1.1,607,MA上昇配列 / パーフェクトオーダー
7164,全国保証,その他金融業,7.2,★☆☆☆☆,0.0,0.0,1.0,0.0,6.2,0.0,0.0,0.0,見送り(地合い🔴),,0.0,14.5,1.7,3.1,3053,3158.0,1.3,0.8,1275,MA上昇配列
6071,ＩＢＪ,サービス業,7.2,★☆☆☆☆,0.0,0.0,1.0,0.0,6.2,0.0,0.0,0.0,見送り(地合い🔴),,0.0,12.9,2.6,0.1,774,817.0,-2.7,0.5,125,MA上昇配列 / パーフェクトオーダー
8624,いちよし証券,証券、商品先物取引業,7.2,★☆☆☆☆,0.0,0.0,0.0,0.0,7.2,0.0,0.0,0.0,見送り(地合い🔴),,0.0,17.2,4.2,1.8,1372,1497.0,-3.2,1.2,198,MA上昇配列 / パーフェクトオーダー
3002,グンゼ,繊維製品,7.2,★☆☆☆☆,0.0,0.0,2.0,0.0,5.2,0.0,0.0,0.0,見送り(地合い🔴),,0.0,15.4,1.4,2.8,3951,4065.0,2.3,1.5,568,MA上昇配列
3139,ラクト・ジャパン,卸売業,7.2,★☆☆☆☆,0.0,0.0,2.0,0.0,5.2,0.0,0.0,0.0,見送り(地合い🔴),,0.0,14.7,1.5,1.7,3349,3455.0,-1.4,0.7,104,MA上昇配列
8252,丸井グループ,小売業,7.2,★☆☆☆☆,0.0,0.0,1.0,0.0,6.2,0.0,0.0,0.0,見送り(地合い🔴),,0.0,16.2,1.8,3.4,2908,3016.0,0.8,1.0,2468,MA上昇配列
2201,森永製菓,食料品,7.2,★☆☆☆☆,0.0,0.0,1.0,0.0,6.2,0.0,0.0,0.0,見送り(地合い🔴),,0.0,14.5,1.7,2.7,2633,2726.5,2.0,0.8,772,MA上昇配列
4385,メルカリ,情報・通信業,7.2,★☆☆☆☆,0.0,0.0,1.0,0.0,6.2,0.0,0.0,0.0,見送り(地合い🔴),,0.0,25.0,4.1,4.0,4169,4542.0,-0.5,0.9,8283,MA上昇配列 / パーフェクトオーダー
6238,フリュー,機械,7.2,★☆☆☆☆,0.0,0.0,0.0,0.0,7.2,0.0,0.0,0.0,見送り(地合い🔴),,0.0,13.0,2.3,1.3,1327,1392.0,0.9,0.9,127,MA上昇配列 / パーフェクトオーダー
3663,セルシス,情報・通信業,7.2,★☆☆☆☆,0.0,0.0,0.0,0.0,7.2,0.0,0.0,0.0,見送り(地合い🔴),,0.0,12.9,4.5,0.1,1714,1884.0,-2.0,0.8,533,MA上昇配列 / パーフェクトオーダー
4452,花王,化学,7.2,★☆☆☆☆,0.0,0.0,1.0,0.0,6.2,0.0,0.0,0.0,見送り(地合い🔴),,0.0,12.4,1.9,2.6,3196,3320.0,1.5,1.0,9657,MA上昇配列
9989,サンドラッグ,小売業,7.2,★☆☆☆☆,0.0,0.0,2.0,0.0,5.2,0.0,0.0,0.0,見送り(地合い🔴),,0.0,11.8,1.7,1.9,3762,3893.0,2.0,1.0,1696,MA上昇配列
1822,大豊建設,建設業,7.2,★☆☆☆☆,0.0,0.0,1.0,0.0,6.2,0.0,0.0,0.0,見送り(地合い🔴),,0.0,14.4,2.1,1.3,755,789.0,-0.3,0.5,144,MA上昇配列
9041,近鉄グループホールディングス,陸運業,7.0,★☆☆☆☆,0.0,0.0,1.0,0.0,6.0,0.0,0.0,0.0,見送り(地合い🔴),,0.0,15.3,1.6,3.7,3451,3563.0,2.1,0.9,1651,-
5032,ＡＮＹＣＯＬＯＲ,情報・通信業,7.0,★☆☆☆☆,0.0,0.0,1.0,0.0,6.0,0.0,0.0,0.0,見送り(地合い🔴),,0.0,27.1,3.1,11.0,2468,2631.0,8.0,1.1,1498,-
2733,あらた,卸売業,7.0,★☆☆☆☆,0.0,0.0,1.0,0.0,6.0,0.0,0.0,0.0,見送り(地合い🔴),,0.0,16.0,1.4,4.2,2565,2636.0,1.7,1.0,228,-
9531,東京瓦斯,電気・ガス業,7.0,★☆☆☆☆,0.0,0.0,2.0,0.0,5.0,0.0,0.0,0.0,見送り(地合い🔴),,0.0,11.4,1.7,2.2,6022,6235.0,1.8,0.9,6022,-
9147,ＮＩＰＰＯＮ　ＥＸＰＲＥＳＳホールディングス,陸運業,7.0,★☆☆☆☆,0.0,0.0,0.0,0.0,7.0,0.0,0.0,0.0,見送り(地合い🔴),,0.0,17.3,2.5,0.8,5102,5367.0,-3.2,1.1,5623,MA上昇配列 / パーフェクトオーダー
4521,科研製薬,医薬品,7.0,★☆☆☆☆,0.0,0.0,0.0,0.0,7.0,0.0,0.0,0.0,見送り(地合い🔴),,0.0,11.8,1.2,1.6,3814,3910.0,0.3,1.0,385,-
9503,関西電力,電気・ガス業,7.0,★☆☆☆☆,0.0,0.0,0.0,0.0,7.0,0.0,0.0,0.0,見送り(地合い🔴),,0.0,15.1,2.0,4.6,2324,2420.0,2.7,1.2,7780,-
1662,石油資源開発,鉱業,7.0,★☆☆☆☆,0.0,0.0,1.0,0.0,6.0,0.0,0.0,0.0,見送り(地合い🔴),,0.0,18.2,2.9,3.9,1633,1732.0,0.8,0.8,2356,-
9722,藤田観光,サービス業,7.0,★☆☆☆☆,0.0,0.0,1.0,0.0,6.0,0.0,0.0,0.0,見送り(地合い🔴),,0.0,18.8,2.5,5.7,1918,2018.0,3.1,0.9,384,-
2168,パソナグループ,サービス業,7.0,★☆☆☆☆,0.0,0.0,1.0,0.0,6.0,0.0,0.0,0.0,見送り(地合い🔴),,0.0,17.6,2.2,3.8,1511,1580.0,-0.6,0.7,324,-
1969,高砂熱学工業,建設業,7.0,★☆☆☆☆,0.0,6.0,1.0,0.0,0.0,0.0,0.0,0.0,見送り(地合い🔴),,0.0,-3.5,3.4,-8.7,4088,4390.0,-3.1,1.3,2265,AIデータセンター・電力(-0.8%)
7711,助川電気工業,精密機器,7.0,★☆☆☆☆,0.0,6.0,1.0,0.0,0.0,0.0,0.0,0.0,見送り(地合い🔴),,0.0,-3.1,6.3,-11.9,3711,4250.0,-7.5,1.3,309,核融合(-4.5%)
3837,アドソル日進,情報・通信業,7.0,★☆☆☆☆,0.0,0.0,1.0,0.0,6.0,0.0,0.0,0.0,見送り(地合い🔴),,0.0,19.9,2.7,4.3,1418,1498.0,-0.4,1.1,135,-
6324,ハーモニック・ドライブ・システムズ,機械,7.0,★☆☆☆☆,0.0,6.0,1.0,0.0,0.0,0.0,0.0,0.0,見送り(地合い🔴),,0.0,-8.5,10.5,-22.0,4567,5780.0,-12.0,1.1,14455,ロボット(-8.4%)
8876,リログループ,サービス業,7.0,★☆☆☆☆,0.0,0.0,1.0,0.0,6.0,0.0,0.0,0.0,見送り(地合い🔴),,0.0,16.2,2.3,1.6,1953,2046.0,1.3,0.6,1413,MA上昇配列 / パーフェクトオーダー
219A,Ｈｅａｒｔｓｅｅｄ,医薬品,7.0,★☆☆☆☆,0.0,0.0,1.0,0.0,6.0,0.0,0.0,0.0,見送り(地合い🔴),,0.0,19.5,4.6,7.5,1569,1727.0,7.9,1.1,336,-
2413,エムスリー,サービス業,7.0,★☆☆☆☆,2.8,0.0,0.0,0.0,4.2,0.0,0.0,0.0,見送り(地合い🔴),Rockwell,-3.3,15.2,3.1,3.6,1801,1920.5,0.7,1.0,6270,Rockwell+2.8%連動(β0.39) / MA上昇配列
9843,ニトリホールディングス,小売業,7.0,★☆☆☆☆,0.0,0.0,1.0,0.0,6.0,0.0,0.0,0.0,見送り(地合い🔴),,0.0,15.8,3.2,8.3,2455,2620.5,6.5,1.1,7370,-
9887,松屋フーズホールディングス,小売業,7.0,★☆☆☆☆,0.0,0.0,1.0,0.0,6.0,0.0,0.0,0.0,見送り(地合い🔴),,0.0,17.2,2.1,5.1,4884,5100.0,3.7,1.1,293,-
1878,大東建託,不動産業,7.0,★☆☆☆☆,0.0,0.0,0.0,0.0,7.0,0.0,0.0,0.0,見送り(地合い🔴),,0.0,19.9,1.8,7.5,3280,3400.0,3.8,1.1,4970,-
9513,電源開発,電気・ガス業,7.0,★☆☆☆☆,0.0,0.0,0.0,0.0,7.0,0.0,0.0,0.0,見送り(地合い🔴),,0.0,12.9,2.0,3.3,3671,3820.0,1.5,1.0,2421,-
4751,サイバーエージェント,サービス業,7.0,★☆☆☆☆,0.0,0.0,4.0,0.0,3.0,0.0,0.0,0.0,見送り(地合い🔴),,0.0,22.8,3.1,5.7,1423,1515.5,4.6,1.7,5989,MA上昇配列
1942,関電工,建設業,7.0,★☆☆☆☆,0.0,6.0,1.0,0.0,0.0,0.0,0.0,0.0,見送り(地合い🔴),,0.0,-2.8,3.7,-7.6,5464,5905.0,-0.6,1.3,5328,AIデータセンター・電力(-0.8%)
8282,ケーズホールディングス,小売業,7.0,★☆☆☆☆,0.0,0.0,1.0,0.0,6.0,0.0,0.0,0.0,見送り(地合い🔴),,0.0,10.4,2.1,3.8,1841,1922.0,5.9,0.8,1528,-
6315,ＴＯＷＡ,機械,7.0,★☆☆☆☆,0.0,6.0,1.0,0.0,0.0,0.0,0.0,0.0,見送り(地合い🔴),,0.0,-8.9,9.2,-18.3,2070,2538.0,-10.9,1.0,12768,HBM・後工程(-13.7%)
9672,東京都競馬,サービス業,7.0,★☆☆☆☆,0.0,0.0,0.0,0.0,7.0,0.0,0.0,0.0,見送り(地合い🔴),,0.0,14.0,1.6,3.3,4849,5010.0,1.6,0.7,440,-
2146,ＵＴグループ,サービス業,7.0,★☆☆☆☆,0.0,0.0,1.0,0.0,6.0,0.0,0.0,0.0,見送り(地合い🔴),,0.0,16.6,1.9,3.5,177,184.0,1.1,1.0,955,-
9509,北海道電力,電気・ガス業,7.0,★☆☆☆☆,0.0,0.0,1.0,0.0,6.0,0.0,0.0,0.0,見送り(地合い🔴),,0.0,20.3,2.5,5.1,970,1021.0,0.3,0.8,2120,-
3964,オークネット,情報・通信業,7.0,★☆☆☆☆,0.0,0.0,1.0,0.0,6.0,0.0,0.0,0.0,見送り(地合い🔴),,0.0,12.0,2.5,0.2,1326,1395.0,-1.5,1.3,166,MA上昇配列 / パーフェクトオーダー
3482,ロードスターキャピタル,不動産業,7.0,★☆☆☆☆,0.0,0.0,2.0,0.0,5.0,0.0,0.0,0.0,見送り(地合い🔴),,0.0,19.6,2.3,0.9,2601,2728.0,0.6,0.8,391,-
3626,ＴＩＳ,情報・通信業,7.0,★☆☆☆☆,0.0,0.0,1.0,0.0,6.0,0.0,0.0,0.0,見送り(地合い🔴),,0.0,27.4,2.7,11.6,3554,3754.0,6.9,1.1,3218,-
1514,住石ホールディングス,鉱業,7.0,★☆☆☆☆,0.0,0.0,1.0,0.0,6.0,0.0,0.0,0.0,見送り(地合い🔴),,0.0,22.0,3.6,3.5,540,581.0,-0.2,0.7,179,-
1605,ＩＮＰＥＸ,鉱業,7.0,★☆☆☆☆,0.0,0.0,1.0,0.0,6.0,0.0,0.0,0.0,見送り(地合い🔴),,0.0,19.1,2.8,4.5,3366,3566.0,-0.4,0.9,16264,-
8154,加賀電子,卸売業,6.7,★☆☆☆☆,0.0,0.0,2.0,0.0,4.7,0.0,0.0,0.0,見送り(地合い🔴),,0.0,11.9,2.9,2.1,4083,4330.0,3.2,1.0,618,-
1911,住友林業,建設業,6.7,★☆☆☆☆,0.0,0.0,0.0,0.0,6.7,0.0,0.0,0.0,見送り(地合い🔴),,0.0,11.9,2.1,2.4,1316,1374.5,1.7,0.8,4325,MA上昇配列
9946,ミニストップ,小売業,6.7,★☆☆☆☆,0.0,0.0,1.0,0.0,5.7,0.0,0.0,0.0,見送り(地合い🔴),,0.0,9.6,1.3,1.4,1805,1855.0,1.6,0.9,120,-
6809,ＴＯＡ,電気機器,6.7,★☆☆☆☆,0.0,0.0,1.0,0.0,5.7,0.0,0.0,0.0,見送り(地合い🔴),,0.0,14.1,1.6,2.4,1583,1636.0,1.3,0.9,128,-
5707,東邦亜鉛,非鉄金属,6.7,★☆☆☆☆,0.0,0.0,3.0,0.0,3.7,0.0,0.0,0.0,見送り(地合い🔴),,0.0,16.3,5.4,2.1,742,832.0,2.3,1.4,294,-
9119,飯野海運,海運業,6.7,★☆☆☆☆,0.0,0.0,2.0,0.0,4.7,0.0,0.0,0.0,見送り(地合い🔴),,0.0,18.1,2.4,3.4,1437,1510.0,2.4,0.9,303,-
7721,東京計器,精密機器,6.7,★☆☆☆☆,0.0,0.0,2.0,0.0,4.7,0.0,0.0,0.0,見送り(地合い🔴),,0.0,23.9,4.9,5.3,6163,6840.0,6.7,0.9,2783,-
7733,オリンパス,精密機器,6.7,★☆☆☆☆,0.0,0.0,0.0,0.0,6.7,0.0,0.0,0.0,見送り(地合い🔴),,0.0,14.8,2.5,3.9,1713,1802.0,2.7,1.0,7039,MA上昇配列
3558,ジェイドグループ,小売業,6.7,★☆☆☆☆,0.0,0.0,2.0,0.0,4.7,0.0,0.0,0.0,見送り(地合い🔴),,0.0,16.9,3.3,1.4,1512,1620.0,-0.3,1.0,171,-
2980,ＳＲＥホールディングス,不動産業,6.7,★☆☆☆☆,0.0,0.0,2.0,0.0,4.7,0.0,0.0,0.0,見送り(地合い🔴),,0.0,17.3,3.2,1.9,2389,2554.0,-0.5,0.5,762,-
6023,ダイハツインフィニアース,輸送用機器,6.7,★☆☆☆☆,0.0,0.0,2.0,0.0,4.7,0.0,0.0,0.0,見送り(地合い🔴),,0.0,17.7,4.1,2.4,2508,2734.0,1.7,1.1,371,-
8803,平和不動産,不動産業,6.7,★☆☆☆☆,0.0,0.0,0.0,0.0,6.7,0.0,0.0,0.0,見送り(地合い🔴),,0.0,9.0,1.2,1.1,2340,2396.0,1.5,0.9,371,-
9543,静岡ガス,電気・ガス業,6.7,★☆☆☆☆,0.0,0.0,1.0,0.0,5.7,0.0,0.0,0.0,見送り(地合い🔴),,0.0,13.0,1.6,3.1,1239,1279.0,2.8,0.9,152,-
9536,西部ガスホールディングス,電気・ガス業,6.7,★☆☆☆☆,0.0,0.0,1.0,0.0,5.7,0.0,0.0,0.0,見送り(地合い🔴),,0.0,13.8,1.5,2.2,2278,2351.0,0.1,0.9,159,-
4595,ミズホメディー,医薬品,6.7,★☆☆☆☆,0.0,0.0,1.0,0.0,5.7,0.0,0.0,0.0,見送り(地合い🔴),,0.0,12.3,1.0,1.0,1641,1676.0,0.5,0.7,125,-
3245,ディア・ライフ,不動産業,6.5,★☆☆☆☆,0.0,0.0,1.0,0.0,5.5,0.0,0.0,0.0,見送り(地合い🔴),,0.0,16.3,1.3,3.1,1058,1087.0,-0.5,1.4,234,MA上昇配列
7138,ＴＯＲＩＣＯ,小売業,6.5,★☆☆☆☆,0.0,0.0,5.3,0.0,1.2,0.0,0.0,0.0,見送り(地合い🔴),,0.0,17.8,13.9,-4.6,92,128.0,-20.0,0.3,238,買い出来高優勢 / 資金流入増
6417,ＳＡＮＫＹＯ,機械,6.5,★☆☆☆☆,0.0,0.0,3.0,0.0,3.5,0.0,0.0,0.0,見送り(地合い🔴),,0.0,26.1,2.0,11.9,1770,1845.5,9.8,1.4,1413,RSI過熱(85)⚠
3968,セグエグループ,情報・通信業,6.2,★☆☆☆☆,0.0,0.0,2.0,0.0,4.2,0.0,0.0,0.0,見送り(地合い🔴),,0.0,14.7,2.8,0.4,552,585.0,-1.7,0.7,143,MA上昇配列
4912,ライオン,化学,6.2,★☆☆☆☆,0.0,0.0,0.0,0.0,6.2,0.0,0.0,0.0,見送り(地合い🔴),,0.0,10.9,2.2,1.8,1647,1724.5,1.8,0.9,1740,MA上昇配列
3696,セレス,情報・通信業,6.2,★☆☆☆☆,0.0,0.0,2.0,0.0,4.2,0.0,0.0,0.0,見送り(地合い🔴),,0.0,13.5,3.1,2.4,1988,2120.0,-0.6,0.6,302,MA上昇配列
5027,ＡｎｙＭｉｎｄ　Ｇｒｏｕｐ,情報・通信業,6.2,★☆☆☆☆,0.0,0.0,2.0,0.0,4.2,0.0,0.0,0.0,見送り(地合い🔴),,0.0,41.3,5.0,8.6,501,557.0,0.7,0.8,138,MA上昇配列
2678,アスクル,小売業,6.2,★☆☆☆☆,0.0,0.0,2.0,0.0,4.2,0.0,0.0,0.0,見送り(地合い🔴),,0.0,14.8,2.7,2.9,1205,1272.0,2.1,0.9,614,MA上昇配列
4418,ＪＤＳＣ,情報・通信業,6.2,★☆☆☆☆,0.0,0.0,4.0,0.0,2.2,0.0,0.0,0.0,見送り(地合い🔴),,0.0,32.1,7.9,3.6,668,794.0,-9.2,0.5,313,資金流入増
4528,小野薬品工業,医薬品,6.2,★☆☆☆☆,0.0,0.0,0.0,0.0,6.2,0.0,0.0,0.0,見送り(地合い🔴),,0.0,10.6,2.4,0.5,2302,2417.0,0.8,1.0,3427,MA上昇配列 / パーフェクトオーダー
5834,ＳＢＩリーシングサービス,証券、商品先物取引業,6.2,★☆☆☆☆,0.0,0.0,2.0,0.0,4.2,0.0,0.0,0.0,見送り(地合い🔴),,0.0,12.0,2.5,1.8,2608,2743.0,-1.0,1.2,158,MA上昇配列
7701,島津製作所,精密機器,6.2,★☆☆☆☆,0.0,0.0,1.0,0.0,5.2,0.0,0.0,0.0,見送り(地合い🔴),,0.0,12.1,2.6,1.2,3924,4138.0,0.6,0.9,4175,MA上昇配列
299A,クラシル,サービス業,6.2,★☆☆☆☆,0.0,0.0,2.0,0.0,4.2,0.0,0.0,0.0,見送り(地合い🔴),,0.0,20.8,4.6,4.5,953,1050.0,-3.2,1.2,137,MA上昇配列
4483,ＪＭＤＣ,情報・通信業,6.2,★☆☆☆☆,0.0,0.0,2.0,0.0,4.2,0.0,0.0,0.0,見送り(地合い🔴),,0.0,21.1,3.4,4.3,2994,3210.0,-1.8,0.9,1077,MA上昇配列
3349,コスモス薬品,小売業,6.2,★☆☆☆☆,0.0,0.0,2.0,0.0,4.2,0.0,0.0,0.0,見送り(地合い🔴),,0.0,15.7,3.5,4.5,6146,6612.0,5.8,1.1,3012,MA上昇配列
4680,ラウンドワン,サービス業,6.2,★☆☆☆☆,0.0,0.0,2.0,0.0,4.2,0.0,0.0,0.0,見送り(地合い🔴),,0.0,15.5,4.8,2.0,1121,1239.5,-2.4,0.9,3728,MA上昇配列
6418,日本金銭機械,機械,6.2,★☆☆☆☆,0.0,0.0,2.0,0.0,4.2,0.0,0.0,0.0,見送り(地合い🔴),,0.0,19.9,2.2,4.4,1037,1085.0,0.6,1.1,108,MA上昇配列
6333,ＴＥＩＫＯＫＵ,機械,6.2,★☆☆☆☆,0.0,0.0,0.0,0.0,6.2,0.0,0.0,0.0,見送り(地合い🔴),,0.0,10.6,2.8,1.2,3023,3200.0,0.2,1.0,109,MA上昇配列
6890,フェローテック,電気機器,6.199999999999999,★☆☆☆☆,0.0,0.0,3.3,0.0,0.0,0.0,2.9,0.0,見送り(地合い🔴),,0.0,-7.1,9.9,-13.4,6053,7550.0,4.9,2.3,12631,出来高増2.3倍 / 開示[業績予想の修正](6日前) / 開示[業績予想の修正](6日前)
4972,綜研化学,化学,6.1,★☆☆☆☆,0.0,0.0,4.3,0.0,0.0,0.0,1.8,0.0,見送り(地合い🔴),,0.0,8.0,7.0,-11.8,2612,3040.0,-15.6,2.2,368,出来高増2.2倍 / 開示[買収](4日前)
9364,上組,倉庫・運輸関連業,6.0,★☆☆☆☆,0.0,0.0,1.0,0.0,5.0,0.0,0.0,0.0,見送り(地合い🔴),,0.0,11.6,1.7,2.6,5069,5248.0,1.4,0.8,1953,MA上昇配列
9603,エイチ・アイ・エス,サービス業,6.0,★☆☆☆☆,0.0,0.0,0.0,0.0,6.0,0.0,0.0,0.0,見送り(地合い🔴),,0.0,17.5,2.2,5.7,1004,1051.0,6.2,1.1,481,-
7269,スズキ,輸送用機器,6.0,★☆☆☆☆,0.0,0.0,2.0,0.0,4.0,0.0,0.0,0.0,見送り(地合い🔴),,0.0,15.7,2.6,2.7,1972,2078.5,1.3,1.0,15674,MA上昇配列
5803,フジクラ,非鉄金属,6.0,★☆☆☆☆,0.0,6.0,0.0,0.0,0.0,0.0,0.0,0.0,見送り(地合い🔴),,0.0,-20.5,8.9,-22.1,3346,4073.0,-12.8,1.0,191540,光通信・電線(-7.5%)
4534,持田製薬,医薬品,6.0,★☆☆☆☆,0.0,0.0,0.0,0.0,6.0,0.0,0.0,0.0,見送り(地合い🔴),,0.0,10.0,1.4,1.1,3098,3185.0,1.3,0.8,194,-
3431,宮地エンジニアリンググループ,金属製品,6.0,★☆☆☆☆,0.0,0.0,0.0,0.0,6.0,0.0,0.0,0.0,見送り(地合い🔴),,0.0,11.5,1.4,1.7,1525,1569.0,1.5,0.7,121,-
8801,三井不動産,不動産業,6.0,★☆☆☆☆,0.0,0.0,0.0,0.0,6.0,0.0,0.0,0.0,見送り(地合い🔴),,0.0,15.2,2.0,4.3,1531,1595.5,1.3,1.2,12433,-
4996,クミアイ化学工業,化学,6.0,★☆☆☆☆,0.0,0.0,0.0,0.0,6.0,0.0,0.0,0.0,見送り(地合い🔴),,0.0,10.1,1.4,0.8,711,731.0,0.0,1.0,272,-
4552,ＪＣＲファーマ,医薬品,6.0,★☆☆☆☆,0.0,0.0,0.0,0.0,6.0,0.0,0.0,0.0,見送り(地合い🔴),,0.0,22.6,3.2,7.2,485,518.0,-1.0,0.8,299,-
3865,北越コーポレーション,パルプ・紙,6.0,★☆☆☆☆,0.0,0.0,0.0,0.0,6.0,0.0,0.0,0.0,見送り(地合い🔴),,0.0,16.8,2.7,3.9,878,929.0,-2.8,0.8,191,-
2791,大黒天物産,小売業,6.0,★☆☆☆☆,0.0,0.0,0.0,0.0,6.0,0.0,0.0,0.0,見送り(地合い🔴),,0.0,20.6,3.3,5.9,4345,4650.0,2.1,1.1,256,-
5240,ｍｏｎｏＡＩ　ｔｅｃｈｎｏｌｏｇｙ,情報・通信業,6.0,★☆☆☆☆,0.0,0.0,3.0,0.0,8.0,0.0,0.0,-5.0,見送り(地合い🔴),,0.0,85.3,18.2,31.3,134,210.0,28.8,0.8,633,資金流入増 / MA上昇配列 / 過熱⚠25MA+31%
2326,デジタルアーツ,情報・通信業,6.0,★☆☆☆☆,0.0,0.0,0.0,0.0,6.0,0.0,0.0,0.0,見送り(地合い🔴),,0.0,21.2,2.4,5.9,3900,4100.0,0.5,0.8,651,-
1870,矢作建設工業,建設業,6.0,★☆☆☆☆,0.0,0.0,0.0,0.0,6.0,0.0,0.0,0.0,見送り(地合い🔴),,0.0,15.9,1.3,4.0,1885,1936.0,1.6,1.1,234,-
7965,象印マホービン,電気機器,6.0,★☆☆☆☆,0.0,0.0,1.0,0.0,5.0,0.0,0.0,0.0,見送り(地合い🔴),,0.0,11.0,1.5,3.2,1400,1444.0,2.8,0.8,397,-
5021,コスモエネルギーホールディングス,石油・石炭製品,6.0,★☆☆☆☆,0.0,0.0,0.0,0.0,6.0,0.0,0.0,0.0,見送り(地合い🔴),,0.0,14.8,2.0,2.4,3788,3947.0,0.4,0.8,2346,-
6088,シグマクシス・ホールディングス,サービス業,6.0,★☆☆☆☆,0.0,0.0,0.0,0.0,6.0,0.0,0.0,0.0,見送り(地合い🔴),,0.0,18.3,2.2,5.4,566,592.0,3.9,1.1,210,-
1407,ウエストホールディングス,建設業,6.0,★☆☆☆☆,0.0,0.0,0.0,0.0,6.0,0.0,0.0,0.0,見送り(地合い🔴),,0.0,18.8,7.1,6.7,2260,2634.0,-3.7,0.8,1886,-
5801,古河電気工業,非鉄金属,6.0,★☆☆☆☆,0.0,6.0,0.0,0.0,0.0,0.0,0.0,0.0,見送り(地合い🔴),,0.0,-21.7,9.1,-22.3,2462,3008.0,-12.0,1.1,66881,光通信・電線(-7.5%)
7013,ＩＨＩ,機械,6.0,★☆☆☆☆,0.0,6.0,0.0,0.0,0.0,0.0,0.0,0.0,見送り(地合い🔴),,0.0,14.0,4.3,-1.0,2534,2774.5,-0.2,0.7,35159,防衛(-0.5%)
4559,ゼリア新薬工業,医薬品,6.0,★☆☆☆☆,0.0,0.0,0.0,0.0,6.0,0.0,0.0,0.0,見送り(地合い🔴),,0.0,14.0,1.6,2.8,2054,2120.0,1.6,1.2,184,-
8131,ミツウロコグループホールディングス,卸売業,6.0,★☆☆☆☆,0.0,0.0,2.0,0.0,4.0,0.0,0.0,0.0,見送り(地合い🔴),,0.0,16.0,3.2,1.1,1936,2070.0,-1.1,0.6,108,MA上昇配列
6289,技研製作所,機械,6.0,★☆☆☆☆,0.0,0.0,0.0,0.0,6.0,0.0,0.0,0.0,見送り(地合い🔴),,0.0,17.2,2.3,4.9,1812,1900.0,2.8,0.9,133,-
8088,岩谷産業,卸売業,6.0,★☆☆☆☆,0.0,0.0,1.0,0.0,5.0,0.0,0.0,0.0,見送り(地合い🔴),,0.0,14.2,2.4,0.5,1876,1969.5,-0.3,0.9,1538,MA上昇配列 / パーフェクトオーダー
6871,日本マイクロニクス,電気機器,6.0,★☆☆☆☆,0.0,6.0,0.0,0.0,0.0,0.0,0.0,0.0,見送り(地合い🔴),,0.0,-11.9,10.7,-18.5,10183,12960.0,-13.4,0.9,19703,半導体製造装置(-14.0%)
6706,電気興業,電気機器,5.7,★☆☆☆☆,0.0,0.0,2.0,0.0,3.7,0.0,0.0,0.0,見送り(地合い🔴),,0.0,6.0,3.1,-1.0,2807,2991.0,2.1,1.5,102,-
3252,地主,不動産業,5.7,★☆☆☆☆,0.0,0.0,0.0,0.0,5.7,0.0,0.0,0.0,見送り(地合い🔴),,0.0,12.8,1.8,1.3,2828,2931.0,0.1,0.7,282,-
8919,カチタス,不動産業,5.7,★☆☆☆☆,0.0,0.0,2.0,0.0,3.7,0.0,0.0,0.0,見送り(地合い🔴),,0.0,10.1,3.1,1.2,3118,3325.0,3.1,0.9,514,-
3656,ＫＬａｂ,情報・通信業,5.7,★☆☆☆☆,0.0,0.0,2.0,0.0,3.7,0.0,0.0,0.0,見送り(地合い🔴),,0.0,9.3,4.9,0.9,192,213.0,-0.9,0.3,1289,-
6380,オリエンタルチエン工業,機械,5.7,★☆☆☆☆,0.0,0.0,5.7,0.0,0.0,0.0,0.0,0.0,見送り(地合い🔴),,0.0,-5.6,9.1,-9.2,3204,3920.0,-0.6,3.3,102,出来高急増3.3倍
6330,東洋エンジニアリング,建設業,5.7,★☆☆☆☆,0.0,0.0,2.0,0.0,3.7,0.0,0.0,0.0,見送り(地合い🔴),,0.0,3.1,5.6,1.7,1777,2001.0,7.0,1.7,3990,-
9037,ハマキョウレックス,陸運業,5.7,★☆☆☆☆,0.0,0.0,0.0,0.0,5.7,0.0,0.0,0.0,見送り(地合い🔴),,0.0,10.5,1.6,0.7,1770,1830.0,-0.1,1.2,168,-
338A,ＺｅｎｍｕＴｅｃｈ,情報・通信業,5.7,★☆☆☆☆,0.0,0.0,2.0,0.0,3.7,0.0,0.0,0.0,見送り(地合い🔴),,0.0,20.9,4.5,4.7,2020,2222.0,5.6,1.2,102,-
8897,ＭＩＲＡＲＴＨホールディングス,不動産業,5.7,★☆☆☆☆,0.0,0.0,1.0,0.0,4.7,0.0,0.0,0.0,見送り(地合い🔴),,0.0,11.3,1.3,0.7,401,412.0,-0.7,1.0,168,-
6727,ワコム,電気機器,5.7,★☆☆☆☆,0.0,0.0,1.0,0.0,4.7,0.0,0.0,0.0,見送り(地合い🔴),,0.0,12.0,2.7,1.1,735,777.0,4.3,1.2,519,-
6677,エスケーエレクトロニクス,電気機器,5.7,★☆☆☆☆,0.0,0.0,1.0,0.0,4.7,0.0,0.0,0.0,見送り(地合い🔴),,0.0,10.6,3.0,-0.3,3226,3430.0,2.7,1.2,168,-
1719,安藤・間,建設業,5.7,★☆☆☆☆,0.0,0.0,0.0,0.0,5.7,0.0,0.0,0.0,見送り(地合い🔴),,0.0,12.6,1.5,1.5,1778,1831.0,0.5,0.8,1175,-
1852,淺沼組,建設業,5.7,★☆☆☆☆,0.0,0.0,1.0,0.0,4.7,0.0,0.0,0.0,見送り(地合い🔴),,0.0,14.0,1.7,2.5,842,872.0,0.6,0.9,449,-
6588,東芝テック,電気機器,5.7,★☆☆☆☆,0.0,0.0,1.0,0.0,4.7,0.0,0.0,0.0,見送り(地合い🔴),,0.0,19.1,3.4,4.5,2882,3095.0,2.7,1.1,527,-
9552,クオンツ総研ホールディングス,サービス業,5.7,★☆☆☆☆,0.0,0.0,0.0,0.0,5.7,0.0,0.0,0.0,見送り(地合い🔴),,0.0,16.5,4.6,3.9,820,903.0,4.8,1.0,213,MA上昇配列
1930,北陸電気工事,建設業,5.7,★☆☆☆☆,0.0,0.0,4.7,0.0,1.0,0.0,0.0,0.0,見送り(地合い🔴),,0.0,-2.7,3.8,-9.8,1363,1475.0,-6.9,18.0,148,出来高急増18.0倍
9532,大阪瓦斯,電気・ガス業,5.7,★☆☆☆☆,0.0,0.0,0.0,0.0,5.7,0.0,0.0,0.0,見送り(地合い🔴),,0.0,11.6,1.8,2.1,5336,5536.0,1.8,1.1,4307,-
6332,月島ホールディングス,機械,5.7,★☆☆☆☆,0.0,0.0,1.0,0.0,4.7,0.0,0.0,0.0,見送り(地合い🔴),,0.0,12.2,2.3,1.7,2562,2686.0,2.0,1.1,254,-
276A,ククレブ・アドバイザーズ,不動産業,5.5,★☆☆☆☆,0.0,0.0,4.3,0.0,1.2,0.0,0.0,0.0,見送り(地合い🔴),,0.0,21.2,6.6,-1.8,2897,3340.0,-7.7,0.8,217,買い出来高優勢 / 開示[上方修正](14日前) / 開示[業務提携](14日前)
1965,テクノ菱和,建設業,5.5,★☆☆☆☆,0.0,0.0,2.0,0.0,3.5,0.0,0.0,0.0,見送り(地合い🔴),,0.0,17.6,5.2,1.3,5489,6120.0,1.2,1.0,369,-
7725,インターアクション,精密機器,5.5,★☆☆☆☆,0.0,0.0,4.3,0.0,1.2,0.0,0.0,0.0,見送り(地合い🔴),,0.0,3.5,6.5,-6.0,1466,1684.0,-2.9,1.0,413,買い出来高優勢
278A,Ｔｅｒｒａ　Ｄｒｏｎｅ,精密機器,5.5,★☆☆☆☆,0.0,0.0,4.3,0.0,1.2,0.0,0.0,0.0,見送り(地合い🔴),,0.0,42.8,17.3,-0.7,6789,10380.0,-32.5,0.9,20531,買い出来高優勢
3932,アカツキ,情報・通信業,5.5,★☆☆☆☆,0.0,0.0,2.0,0.0,3.5,0.0,0.0,0.0,見送り(地合い🔴),,0.0,10.5,1.9,0.6,2819,2932.0,1.5,0.8,172,-
3064,ＭｏｎｏｔａＲＯ,小売業,5.5,★☆☆☆☆,0.0,0.0,0.0,0.0,5.5,0.0,0.0,0.0,見送り(地合い🔴),,0.0,18.3,3.1,4.6,1856,1977.0,3.2,1.0,4222,MA上昇配列
5992,中央発條,金属製品,5.5,★☆☆☆☆,0.0,0.0,3.0,0.0,2.5,0.0,0.0,0.0,見送り(地合い🔴),,0.0,7.3,3.4,-1.6,3461,3710.0,1.2,1.2,204,資金流入増
8227,しまむら,小売業,5.5,★☆☆☆☆,0.0,0.0,0.0,0.0,5.5,0.0,0.0,0.0,見送り(地合い🔴),,0.0,14.0,2.0,2.9,3299,3438.0,2.9,1.0,2797,MA上昇配列
1820,西松建設,建設業,5.5,★☆☆☆☆,0.0,0.0,2.0,0.0,3.5,0.0,0.0,0.0,見送り(地合い🔴),,0.0,11.7,1.7,1.1,5201,5385.0,1.5,0.9,606,-
8844,コスモスイニシア,不動産業,5.5,★☆☆☆☆,0.0,0.0,3.0,0.0,1.0,0.0,1.5,0.0,見送り(地合い🔴),,0.0,14.0,3.1,-2.0,1247,1329.0,-5.6,0.5,136,開示[自己株式の取得](7日前)
547A,ムニノバホールディングス,その他金融業,5.5,★☆☆☆☆,0.0,0.0,0.0,0.0,5.5,0.0,0.0,0.0,見送り(地合い🔴),,0.0,12.6,2.4,0.3,424,445.0,0.2,0.9,671,MA上昇配列
2438,アスカネット,サービス業,5.3,★☆☆☆☆,0.0,0.0,5.3,0.0,0.0,0.0,0.0,0.0,見送り(地合い🔴),,0.0,15.4,3.8,-3.9,302,327.0,-1.8,0.2,126,買い出来高優勢 / 資金流入増
9166,ＧＥＮＤＡ,サービス業,5.2,★☆☆☆☆,0.0,0.0,1.0,0.0,4.2,0.0,0.0,0.0,見送り(地合い🔴),,0.0,6.4,4.0,0.9,541,588.0,1.0,0.8,842,MA上昇配列
1808,長谷工コーポレーション,建設業,5.2,★☆☆☆☆,0.0,0.0,0.0,0.0,5.2,0.0,0.0,0.0,見送り(地合い🔴),,0.0,10.3,2.1,1.3,2721,2843.0,0.5,0.8,2377,MA上昇配列
9418,Ｕ－ＮＥＸＴ　ＨＯＬＤＩＮＧＳ,情報・通信業,5.2,★☆☆☆☆,0.0,0.0,1.0,0.0,4.2,0.0,0.0,0.0,見送り(地合い🔴),,0.0,14.3,2.3,4.1,1663,1742.0,1.4,1.3,1030,MA上昇配列
8848,レオパレス２１,不動産業,5.2,★☆☆☆☆,0.0,0.0,0.0,0.0,5.2,0.0,0.0,0.0,見送り(地合い🔴),,0.0,12.9,2.0,2.0,643,669.0,-0.9,1.1,638,MA上昇配列
7947,エフピコ,化学,5.2,★☆☆☆☆,0.0,0.0,1.0,0.0,4.2,0.0,0.0,0.0,見送り(地合い🔴),,0.0,9.4,2.2,1.2,2490,2607.0,3.0,1.4,493,MA上昇配列
4666,パーク２４,不動産業,5.2,★☆☆☆☆,0.0,0.0,0.0,0.0,5.2,0.0,0.0,0.0,見送り(地合い🔴),,0.0,8.0,2.0,0.7,1938,2020.0,0.8,0.9,1501,MA上昇配列
2471,エスプール,サービス業,5.2,★☆☆☆☆,0.0,0.0,1.0,0.0,4.2,0.0,0.0,0.0,見送り(地合い🔴),,0.0,15.7,2.6,2.0,256,270.0,-0.7,1.0,117,MA上昇配列
3092,ＺＯＺＯ,小売業,5.2,★☆☆☆☆,0.0,0.0,1.0,0.0,4.2,0.0,0.0,0.0,見送り(地合い🔴),,0.0,13.1,2.6,2.3,1120,1181.0,1.2,0.8,4725,MA上昇配列
4151,協和キリン,医薬品,5.0,★☆☆☆☆,0.0,0.0,0.0,0.0,5.0,0.0,0.0,0.0,見送り(地合い🔴),,0.0,13.3,2.2,1.3,2541,2656.0,-0.0,0.8,2831,MA上昇配列 / パーフェクトオーダー
2267,ヤクルト本社,食料品,5.0,★☆☆☆☆,0.0,0.0,0.0,0.0,5.0,0.0,0.0,0.0,見送り(地合い🔴),,0.0,12.6,2.2,0.5,2689,2812.5,0.7,0.8,2879,MA上昇配列 / パーフェクトオーダー
5243,ｎｏｔｅ,情報・通信業,5.0,★☆☆☆☆,0.0,0.0,4.0,0.0,1.0,0.0,0.0,0.0,見送り(地合い🔴),,0.0,21.5,8.9,1.3,1682,2045.0,0.1,0.4,1481,資金流入増
2752,フジオフードグループ本社,小売業,5.0,★☆☆☆☆,0.0,0.0,0.0,0.0,5.0,0.0,0.0,0.0,見送り(地合い🔴),,0.0,12.2,1.3,1.6,1094,1123.0,2.6,0.6,112,-
6908,イリソ電子工業,電気機器,4.8,★☆☆☆☆,0.0,0.0,3.3,0.0,1.5,0.0,0.0,0.0,見送り(地合い🔴),,0.0,4.1,2.4,-3.2,2647,2782.0,0.1,0.7,524,買い出来高優勢
4549,栄研化学,医薬品,4.8,★☆☆☆☆,0.0,0.0,3.3,0.0,1.5,0.0,0.0,0.0,見送り(地合い🔴),,0.0,6.7,3.2,-3.5,2305,2462.0,-4.4,2.0,470,出来高増2.0倍
1723,日本電技,建設業,4.7,★☆☆☆☆,0.0,0.0,1.0,0.0,3.7,0.0,0.0,0.0,見送り(地合い🔴),,0.0,10.5,6.1,2.2,2057,2340.0,10.3,1.0,528,-
4813,ＡＣＣＥＳＳ,情報・通信業,4.7,★☆☆☆☆,0.0,0.0,2.0,0.0,2.7,0.0,0.0,0.0,見送り(地合い🔴),,0.0,10.3,4.8,-0.6,309,341.0,-1.4,0.5,273,資金流入増
6413,理想科学工業,機械,4.7,★☆☆☆☆,0.0,0.0,0.0,0.0,4.7,0.0,0.0,0.0,見送り(地合い🔴),,0.0,19.2,1.9,4.0,1008,1047.0,0.9,0.7,115,-
6644,大崎電気工業,電気機器,4.7,★☆☆☆☆,0.0,0.0,2.0,0.0,2.7,0.0,0.0,0.0,見送り(地合い🔴),,0.0,8.5,2.7,-1.0,1399,1478.0,-1.1,1.6,273,-
6420,ガリレイ,機械,4.7,★☆☆☆☆,0.0,0.0,0.0,0.0,4.7,0.0,0.0,0.0,見送り(地合い🔴),,0.0,11.3,1.7,1.1,3238,3350.0,1.8,1.2,154,-
4516,日本新薬,医薬品,4.7,★☆☆☆☆,0.0,0.0,4.7,0.0,0.0,0.0,0.0,0.0,見送り(地合い🔴),,0.0,-2.5,3.3,-11.3,3343,3580.0,-10.7,9.5,1183,出来高急増9.5倍
6986,双葉電子工業,電気機器,4.7,★☆☆☆☆,0.0,0.0,1.0,0.0,3.7,0.0,0.0,0.0,見送り(地合い🔴),,0.0,14.6,3.0,0.6,541,575.0,-1.5,1.4,166,-
9023,東京地下鉄,陸運業,4.7,★☆☆☆☆,0.0,0.0,0.0,0.0,4.7,0.0,0.0,0.0,見送り(地合い🔴),,0.0,14.1,1.9,2.9,1427,1482.5,1.8,1.1,3118,-
6269,三井海洋開発,機械,4.7,★☆☆☆☆,0.0,0.0,0.0,0.0,4.7,0.0,0.0,0.0,見送り(地合い🔴),,0.0,20.7,3.9,5.0,9517,10325.0,1.4,1.0,5590,-
6961,エンプラス,電気機器,4.7,★☆☆☆☆,0.0,0.0,2.0,0.0,2.7,0.0,0.0,0.0,見送り(地合い🔴),,0.0,3.1,7.6,-5.7,10126,11950.0,-0.2,1.5,1723,-
4507,塩野義製薬,医薬品,4.7,★☆☆☆☆,0.0,0.0,0.0,0.0,4.7,0.0,0.0,0.0,見送り(地合い🔴),,0.0,13.7,2.2,2.2,2776,2902.5,0.1,0.8,7125,-
3635,コーエーテクモホールディングス,情報・通信業,4.7,★☆☆☆☆,0.0,0.0,4.7,0.0,0.0,0.0,0.0,0.0,見送り(地合い🔴),,0.0,9.4,3.0,-1.2,1438,1530.0,-0.4,4.4,1877,出来高急増4.4倍
3591,ワコールホールディングス,繊維製品,4.7,★☆☆☆☆,0.0,0.0,0.0,0.0,4.7,0.0,0.0,0.0,見送り(地合い🔴),,0.0,10.7,1.7,1.7,4359,4513.0,0.3,1.1,343,-
9404,日本テレビホールディングス,情報・通信業,4.7,★☆☆☆☆,0.0,0.0,0.0,0.0,4.7,0.0,0.0,0.0,見送り(地合い🔴),,0.0,18.6,2.1,4.1,2841,2967.5,3.0,0.9,1375,-
1419,タマホーム,建設業,4.7,★☆☆☆☆,0.0,0.0,0.0,0.0,4.7,0.0,0.0,0.0,見送り(地合い🔴),,0.0,14.3,2.3,2.2,2879,3015.0,2.5,0.6,460,開示[受注](14日前)
9519,レノバ,電気・ガス業,4.7,★☆☆☆☆,0.0,0.0,0.0,0.0,4.7,0.0,0.0,0.0,見送り(地合い🔴),,0.0,10.4,4.2,1.5,900,983.0,-0.2,0.9,823,-
9416,ビジョン,情報・通信業,4.7,★☆☆☆☆,0.0,0.0,0.0,0.0,4.7,0.0,0.0,0.0,見送り(地合い🔴),,0.0,15.2,1.7,2.9,989,1023.0,1.7,0.8,337,-
8151,東陽テクニカ,卸売業,4.7,★☆☆☆☆,0.0,0.0,1.0,0.0,3.7,0.0,0.0,0.0,見送り(地合い🔴),,0.0,9.0,2.7,-1.4,1820,1924.0,-0.8,1.3,195,-
5842,インテグラル,証券、商品先物取引業,4.7,★☆☆☆☆,0.0,0.0,2.0,0.0,2.7,0.0,0.0,0.0,見送り(地合い🔴),,0.0,11.5,3.7,-0.3,2623,2830.0,-0.1,1.5,261,-
1871,ピーエス・コンストラクション,建設業,4.7,★☆☆☆☆,0.0,0.0,0.0,0.0,4.7,0.0,0.0,0.0,見送り(地合い🔴),,0.0,10.8,2.9,0.1,2087,2213.0,0.1,0.8,175,-
6183,ベルシステム２４ホールディングス,サービス業,4.7,★☆☆☆☆,0.0,0.0,0.0,0.0,4.7,0.0,0.0,0.0,見送り(地合い🔴),,0.0,11.7,1.8,0.5,1322,1372.0,-0.6,1.2,373,-
7606,ユナイテッドアローズ,小売業,4.7,★☆☆☆☆,0.0,0.0,0.0,0.0,4.7,0.0,0.0,0.0,見送り(地合い🔴),,0.0,11.2,1.9,0.9,2358,2451.0,0.8,0.7,444,-
7198,ＳＢＩアルヒ,その他金融業,4.7,★☆☆☆☆,0.0,0.0,0.0,0.0,4.7,0.0,0.0,0.0,見送り(地合い🔴),,0.0,11.5,1.4,0.6,779,802.0,-0.5,0.7,101,-
197A,タウンズ,医薬品,4.7,★☆☆☆☆,0.0,0.0,0.0,0.0,4.7,0.0,0.0,0.0,見送り(地合い🔴),,0.0,11.1,1.6,0.3,458,473.0,-1.7,0.8,146,-
4005,住友化学,化学,4.7,★☆☆☆☆,0.0,0.0,1.0,0.0,3.7,0.0,0.0,0.0,見送り(地合い🔴),,0.0,13.0,3.2,-0.6,496,529.7999877929688,-1.2,1.0,6257,-
3922,ＰＲ　ＴＩＭＥＳ,情報・通信業,4.7,★☆☆☆☆,0.0,0.0,4.7,0.0,0.0,0.0,0.0,0.0,見送り(地合い🔴),,0.0,3.1,3.3,-7.4,1960,2100.0,0.1,4.2,144,出来高急増4.2倍
3903,ｇｕｍｉ,情報・通信業,4.7,★☆☆☆☆,0.0,0.0,1.0,0.0,3.7,0.0,0.0,0.0,見送り(地合い🔴),,0.0,16.9,3.8,1.6,224,242.0,-0.8,0.5,130,-
4025,多木化学,化学,4.7,★☆☆☆☆,0.0,0.0,1.0,0.0,3.7,0.0,0.0,0.0,見送り(地合い🔴),,0.0,8.5,4.3,-3.5,4279,4680.0,-4.8,0.9,138,-
7512,イオン北海道,小売業,4.7,★☆☆☆☆,0.0,0.0,0.0,0.0,4.7,0.0,0.0,0.0,見送り(地合い🔴),,0.0,12.2,1.6,1.9,831,859.0,0.9,0.9,125,-
9974,ベルク,小売業,4.5,★☆☆☆☆,0.0,0.0,0.0,0.0,4.5,0.0,0.0,0.0,見送り(地合い🔴),,0.0,12.0,2.5,2.2,6293,6620.0,3.1,0.7,205,-
9533,東邦瓦斯,電気・ガス業,4.5,★☆☆☆☆,0.0,0.0,2.0,0.0,2.5,0.0,0.0,0.0,見送り(地合い🔴),,0.0,9.1,1.8,-0.4,1164,1207.5,0.3,1.7,916,-
4889,レナサイエンス,医薬品,4.5,★☆☆☆☆,0.0,0.0,1.0,0.0,2.7,0.0,0.8,0.0,見送り(地合い🔴),,0.0,11.3,7.3,-2.1,1274,1493.0,-3.7,0.4,516,開示[AI](7日前)
9956,バローホールディングス,小売業,4.5,★☆☆☆☆,0.0,0.0,2.0,0.0,2.5,0.0,0.0,0.0,見送り(地合い🔴),,0.0,-4.0,3.1,-2.4,3136,3345.0,2.0,0.7,2709,資金流入増
2337,いちご,不動産業,4.5,★☆☆☆☆,0.0,0.0,2.0,0.0,2.5,0.0,0.0,0.0,見送り(地合い🔴),,0.0,6.9,2.8,-0.9,406,430.0,3.1,0.6,364,-
6632,ＪＶＣケンウッド,電気機器,4.5,★☆☆☆☆,0.0,0.0,1.0,0.0,3.5,0.0,0.0,0.0,見送り(地合い🔴),,0.0,12.9,2.4,0.8,1078,1132.5,0.4,0.7,835,-
8194,ライフコーポレーション,小売業,4.5,★☆☆☆☆,0.0,0.0,0.0,0.0,4.5,0.0,0.0,0.0,見送り(地合い🔴),,0.0,5.7,2.4,1.0,2422,2542.0,2.7,0.9,601,-
5036,日本ビジネスシステムズ,情報・通信業,4.5,★☆☆☆☆,0.0,0.0,1.0,0.0,3.5,0.0,0.0,0.0,見送り(地合い🔴),,0.0,17.7,2.5,2.4,1479,1557.0,-0.2,0.5,119,-
9425,ＲｅＹｕｕ　Ｊａｐａｎ,情報・通信業,4.4,★☆☆☆☆,0.0,0.0,3.0,0.0,1.2,0.0,0.2,0.0,見送り(地合い🔴),,0.0,33.4,14.0,-3.2,145,202.0,-0.5,0.2,363,開示[業務提携](13日前)
6877,ＯＢＡＲＡ　ＧＲＯＵＰ,電気機器,4.3,★☆☆☆☆,0.0,0.0,3.3,0.0,1.0,0.0,0.0,0.0,見送り(地合い🔴),,0.0,0.9,3.9,-8.0,5103,5530.0,-4.7,2.5,276,出来高増2.5倍
5218,オハラ,ガラス・土石製品,4.3,★☆☆☆☆,0.0,0.0,3.3,0.0,1.0,0.0,0.0,0.0,見送り(地合い🔴),,0.0,7.3,4.1,-4.5,1305,1421.0,1.4,2.1,120,出来高増2.1倍
4667,アイサンテクノロジー,情報・通信業,4.3,★☆☆☆☆,0.0,0.0,4.3,0.0,0.0,0.0,0.0,0.0,見送り(地合い🔴),,0.0,0.5,5.5,-11.3,1603,1800.0,-11.3,2.1,103,出来高増2.1倍
6858,小野測器,電気機器,4.3,★☆☆☆☆,0.0,0.0,4.3,0.0,0.0,0.0,0.0,0.0,見送り(地合い🔴),,0.0,-0.4,4.7,-10.0,715,789.0,-9.8,2.3,133,出来高増2.3倍
5659,日本精線,鉄鋼,4.3,★☆☆☆☆,0.0,0.0,3.3,0.0,1.0,0.0,0.0,0.0,見送り(地合い🔴),,0.0,5.2,4.3,-7.4,1226,1342.0,-8.6,2.2,125,出来高増2.2倍
3662,エイチームホールディングス,情報・通信業,4.3,★☆☆☆☆,0.0,0.0,4.3,0.0,0.0,0.0,0.0,0.0,見送り(地合い🔴),,0.0,10.2,1.0,-1.2,976,997.0,-2.5,2.4,108,出来高増2.4倍
5208,有沢製作所,化学,4.2,★☆☆☆☆,0.0,0.0,2.0,0.0,2.2,0.0,0.0,0.0,見送り(地合い🔴),,0.0,4.0,3.9,-5.2,2235,2425.0,-1.8,1.3,450,-
2379,ディップ,サービス業,4.2,★☆☆☆☆,0.0,0.0,0.0,0.0,4.2,0.0,0.0,0.0,見送り(地合い🔴),,0.0,13.6,2.2,2.5,1774,1857.0,2.3,1.0,618,MA上昇配列
6617,東光高岳,電気機器,4.2,★☆☆☆☆,0.0,0.0,2.0,0.0,2.2,0.0,0.0,0.0,見送り(地合い🔴),,0.0,4.0,6.3,-6.7,6276,7180.0,-8.8,1.2,1041,-
5838,楽天銀行,銀行業,4.2,★☆☆☆☆,0.0,0.0,2.0,0.0,2.2,0.0,0.0,0.0,見送り(地合い🔴),,0.0,19.3,4.1,2.3,5103,5559.0,4.1,0.6,6182,-
7537,丸文,卸売業,4.2,★☆☆☆☆,0.0,0.0,2.0,0.0,2.2,0.0,0.0,0.0,見送り(地合い🔴),,0.0,9.2,3.5,-1.4,1534,1650.0,-2.1,1.5,157,-
4165,プレイド,情報・通信業,4.2,★☆☆☆☆,0.0,0.0,2.0,0.0,2.2,0.0,0.0,0.0,見送り(地合い🔴),,0.0,26.7,4.6,6.0,514,566.0,-5.2,0.3,233,-
7610,テイツー,小売業,4.2,★☆☆☆☆,0.0,0.0,3.0,0.0,1.2,0.0,0.0,0.0,見送り(地合い🔴),,0.0,12.4,3.5,-0.2,136,146.0,0.0,0.7,176,-
5076,インフロニア・ホールディングス,建設業,4.2,★☆☆☆☆,0.0,0.0,1.0,0.0,3.2,0.0,0.0,0.0,見送り(地合い🔴),,0.0,11.1,3.4,-2.1,2530,2712.5,-4.6,1.2,4398,-
7745,Ａ＆Ｄホロンホールディングス,精密機器,4.2,★☆☆☆☆,0.0,0.0,2.0,0.0,2.2,0.0,0.0,0.0,見送り(地合い🔴),,0.0,10.6,3.6,-0.4,2661,2870.0,0.8,1.4,265,-
7236,ティラド,輸送用機器,4.2,★☆☆☆☆,0.0,0.0,1.0,0.0,3.2,0.0,0.0,0.0,見送り(地合い🔴),,0.0,10.2,3.6,-1.2,1375,1481.0,-3.6,1.4,382,-
5013,ユシロ,石油・石炭製品,4.1000000000000005,★☆☆☆☆,0.0,0.0,0.0,0.0,3.7,0.0,0.4,0.0,見送り(地合い🔴),,0.0,12.1,4.8,-0.3,2663,2944.0,-0.1,0.7,185,開示[自己株式の取得](12日前)
6522,アスタリスク,電気機器,4.0,★☆☆☆☆,0.0,0.0,4.0,0.0,0.0,0.0,0.0,0.0,見送り(地合い🔴),,0.0,51.9,20.1,-8.7,874,1459.0,11.5,0.3,5678,資金流入増
9941,太洋物産,卸売業,4.0,★☆☆☆☆,0.0,0.0,4.0,0.0,0.0,0.0,0.0,0.0,見送り(地合い🔴),,0.0,-7.2,7.4,-8.2,1068,1254.0,-8.1,0.2,406,資金流入増
9502,中部電力,電気・ガス業,4.0,★☆☆☆☆,0.0,0.0,3.0,0.0,1.0,0.0,0.0,0.0,見送り(地合い🔴),,0.0,4.4,3.8,-6.0,2650,2866.0,-2.9,1.3,13835,-
7480,スズデン,卸売業,4.0,★☆☆☆☆,0.0,0.0,3.0,0.0,1.0,0.0,0.0,0.0,見送り(地合い🔴),,0.0,14.3,3.0,-2.1,2218,2360.0,-3.2,0.7,141,-
4935,リベルタ,化学,4.0,★☆☆☆☆,0.0,0.0,4.0,0.0,0.0,0.0,0.0,0.0,見送り(地合い🔴),,0.0,10.7,19.2,-12.8,159,258.0,-7.9,0.5,1843,資金流入増
2726,パルグループホールディングス,小売業,4.0,★☆☆☆☆,0.0,0.0,1.0,0.0,3.0,0.0,0.0,0.0,見送り(地合い🔴),,0.0,9.6,3.6,1.9,1372,1479.0,6.6,1.3,1484,MA上昇配列
2127,日本Ｍ＆Ａセンターホールディングス,サービス業,4.0,★☆☆☆☆,0.0,0.0,1.0,0.0,3.0,0.0,0.0,0.0,見送り(地合い🔴),,0.0,17.5,1.8,2.9,655,679.9000244140625,0.5,1.2,1004,MA上昇配列
8137,サンワテクノス,卸売業,4.0,★☆☆☆☆,0.0,0.0,2.0,0.0,2.0,0.0,0.0,0.0,見送り(地合い🔴),,0.0,12.9,3.2,-1.5,3471,3710.0,-0.3,1.1,229,-
7545,西松屋チェーン,小売業,4.0,★☆☆☆☆,0.0,0.0,3.0,0.0,1.0,0.0,0.0,0.0,見送り(地合い🔴),,0.0,13.8,2.1,1.6,1921,2004.0,1.0,1.0,646,-
4044,セントラル硝子,化学,4.0,★☆☆☆☆,0.0,0.0,2.0,0.0,2.0,0.0,0.0,0.0,見送り(地合い🔴),,0.0,6.1,2.4,-2.4,3952,4150.0,-0.1,1.7,262,-
2207,ｍｅｉｔｏ,食料品,4.0,★☆☆☆☆,0.0,0.0,2.0,0.0,2.0,0.0,0.0,0.0,見送り(地合い🔴),,0.0,8.4,1.9,-0.8,3027,3145.0,0.0,1.5,106,-
6266,タツモ,機械,4.0,★☆☆☆☆,0.0,0.0,4.0,0.0,0.0,0.0,0.0,0.0,見送り(地合い🔴),,0.0,-1.9,10.4,-15.4,3181,4020.0,-13.5,1.5,1672,-
3632,グリーホールディングス,情報・通信業,4.0,★☆☆☆☆,0.0,0.0,1.0,0.0,3.0,0.0,0.0,0.0,見送り(地合い🔴),,0.0,17.0,1.7,2.3,382,396.0,0.0,0.5,232,MA上昇配列
6952,カシオ計算機,電気機器,4.0,★☆☆☆☆,0.0,0.0,0.0,0.0,1.0,0.0,3.0,0.0,見送り(地合い🔴),,0.0,-0.2,2.8,-6.4,1631,1728.0,-4.0,1.0,1739,開示[自己株式の取得](0日前)
4894,クオリプス,医薬品,4.0,★☆☆☆☆,0.0,0.0,0.0,0.0,0.0,0.0,4.0,0.0,見送り(地合い🔴),,0.0,5.2,8.4,-6.2,3437,4130.0,-11.3,0.7,706,開示[上方修正](0日前)
5726,大阪チタニウムテクノロジーズ,非鉄金属,3.7,★☆☆☆☆,0.0,0.0,1.0,0.0,2.7,0.0,0.0,0.0,見送り(地合い🔴),,0.0,8.5,5.8,-0.2,2345,2651.0,1.1,1.0,1282,-
5702,大紀アルミニウム工業所,非鉄金属,3.7,★☆☆☆☆,0.0,0.0,1.0,0.0,2.7,0.0,0.0,0.0,見送り(地合い🔴),,0.0,7.7,2.9,-2.9,1370,1455.0,-1.9,1.5,391,-
5857,ＡＲＥホールディングス,非鉄金属,3.7,★☆☆☆☆,0.0,0.0,0.0,0.0,3.7,0.0,0.0,0.0,見送り(地合い🔴),,0.0,13.8,3.0,1.4,2871,3055.0,0.8,1.0,1892,-
3350,メタプラネット,卸売業,3.7,★☆☆☆☆,0.0,0.0,1.0,0.0,2.7,0.0,0.0,0.0,見送り(地合い🔴),,0.0,18.2,8.1,-3.5,183,218.0,-10.3,0.9,4762,-
6929,日本セラミック,電気機器,3.7,★☆☆☆☆,0.0,0.0,0.0,0.0,3.7,0.0,0.0,0.0,見送り(地合い🔴),,0.0,9.5,2.2,-1.1,3531,3690.0,0.0,1.1,354,-
5262,日本ヒューム,ガラス・土石製品,3.7,★☆☆☆☆,0.0,0.0,0.0,0.0,3.7,0.0,0.0,0.0,見送り(地合い🔴),,0.0,8.6,2.2,1.3,1002,1049.0,3.3,0.8,190,-
6378,木村化工機,機械,3.7,★☆☆☆☆,0.0,0.0,1.0,0.0,2.7,0.0,0.0,0.0,見送り(地合い🔴),,0.0,12.2,3.6,-0.8,1113,1199.0,-0.2,1.0,184,-
5817,ＪＭＡＣＳ,非鉄金属,3.7,★☆☆☆☆,0.0,0.0,1.0,0.0,2.7,0.0,0.0,0.0,見送り(地合い🔴),,0.0,9.3,8.1,-3.2,743,886.0,-11.4,0.5,160,-
9424,日本通信,情報・通信業,3.7,★☆☆☆☆,0.0,0.0,0.0,0.0,3.7,0.0,0.0,0.0,見送り(地合い🔴),,0.0,14.0,3.1,0.8,105,112.0,-2.6,0.8,162,-
1802,大林組,建設業,3.5,★☆☆☆☆,0.0,0.0,0.0,0.0,3.5,0.0,0.0,0.0,見送り(地合い🔴),,0.0,10.3,2.4,0.7,3116,3273.0,1.0,0.8,7115,-
8303,ＳＢＩ新生銀行,銀行業,3.5,★☆☆☆☆,0.0,0.0,1.0,0.0,2.5,0.0,0.0,0.0,見送り(地合い🔴),,0.0,11.4,2.4,0.6,1371,1441.5,0.1,1.1,4370,-
7287,日本精機,輸送用機器,3.5,★☆☆☆☆,0.0,0.0,1.0,0.0,2.5,0.0,0.0,0.0,見送り(地合い🔴),,0.0,6.5,2.8,-2.1,2258,2390.0,-0.1,1.3,275,-
2931,ユーグレナ,食料品,3.5,★☆☆☆☆,0.0,0.0,0.0,0.0,3.5,0.0,0.0,0.0,見送り(地合い🔴),,0.0,13.3,2.4,1.5,328,344.0,0.6,0.9,227,-
7220,武蔵精密工業,輸送用機器,3.5,★☆☆☆☆,0.0,0.0,2.0,0.0,1.5,0.0,0.0,0.0,見送り(地合い🔴),,0.0,-12.9,8.1,-14.8,2566,3065.0,-1.8,1.7,4866,-
2780,コメ兵ホールディングス,小売業,3.5,★☆☆☆☆,0.0,0.0,1.0,0.0,2.2,0.0,0.3,0.0,見送り(地合い🔴),,0.0,15.9,3.8,-0.5,4716,5100.0,-2.1,1.1,293,開示[子会社化](12日前)
8267,イオン,小売業,3.5,★☆☆☆☆,0.0,0.0,1.0,0.0,2.5,0.0,0.0,0.0,見送り(地合い🔴),,0.0,13.8,3.1,3.5,1332,1420.0,3.9,1.1,13629,-
141A,トライアルホールディングス,小売業,3.5,★☆☆☆☆,0.0,0.0,0.0,0.0,3.5,0.0,0.0,0.0,見送り(地合い🔴),,0.0,9.5,2.8,1.1,2872,3045.0,1.0,0.9,1692,-
1968,太平電業,建設業,3.5,★☆☆☆☆,0.0,0.0,2.0,0.0,1.5,0.0,0.0,0.0,見送り(地合い🔴),,0.0,4.1,2.9,-3.3,2301,2440.0,-0.5,1.8,335,-
6366,千代田化工建設,建設業,3.5,★☆☆☆☆,0.0,0.0,1.0,0.0,2.5,0.0,0.0,0.0,見送り(地合い🔴),,0.0,12.8,4.4,1.6,641,703.0,1.9,1.4,2044,-
247A,Ａｉロボティクス,化学,3.5,★☆☆☆☆,0.0,0.0,0.0,0.0,3.5,0.0,0.0,0.0,見送り(地合い🔴),,0.0,13.0,3.8,0.4,734,794.0,-1.1,1.0,645,-
7238,曙ブレーキ工業,輸送用機器,3.5,★☆☆☆☆,0.0,0.0,2.0,0.0,1.5,0.0,0.0,0.0,見送り(地合い🔴),,0.0,9.3,3.1,-1.8,100,107.0,-1.8,1.7,167,-
1959,クラフティア,建設業,3.5,★☆☆☆☆,0.0,0.0,1.0,0.0,2.5,0.0,0.0,0.0,見送り(地合い🔴),,0.0,5.9,3.0,-1.1,8417,8945.0,3.4,1.0,1633,-
1951,エクシオグループ,建設業,3.5,★☆☆☆☆,0.0,0.0,1.0,0.0,2.5,0.0,0.0,0.0,見送り(地合い🔴),,0.0,6.8,2.0,-0.7,2562,2670.0,2.8,1.4,1572,-
1948,弘電社,建設業,3.5,★☆☆☆☆,0.0,0.0,0.0,0.0,3.5,0.0,0.0,0.0,見送り(地合い🔴),,0.0,9.5,0.2,-0.3,11361,11400.0,-0.1,0.4,302,52週高値目前
464A,ＱＰＳホールディングス,情報・通信業,3.5,★☆☆☆☆,0.0,0.0,2.0,0.0,1.5,0.0,0.0,0.0,見送り(地合い🔴),,0.0,-8.8,7.2,-16.3,1298,1517.0,-7.8,1.6,3031,-
6629,テクノホライゾン,電気機器,3.4,★☆☆☆☆,0.0,0.0,2.0,0.0,0.0,0.0,1.4,0.0,見送り(地合い🔴),,0.0,5.2,5.6,-6.1,842,948.0,-5.0,1.5,265,開示[子会社化](4日前)
2158,ＦＲＯＮＴＥＯ,サービス業,3.3000000000000003,★☆☆☆☆,0.0,0.0,1.0,0.0,1.2,0.0,1.1,0.0,見送り(地合い🔴),,0.0,12.4,3.4,-1.3,572,614.0,-5.8,1.1,126,開示[AI](4日前)
6840,ＡＫＩＢＡホールディングス,電気機器,3.3,★☆☆☆☆,0.0,0.0,3.3,0.0,0.0,0.0,0.0,0.0,見送り(地合い🔴),,0.0,-17.2,6.9,-20.7,501,582.0,-11.8,2.6,161,出来高増2.6倍
543A,ＡＲＣＨＩＯＮ,輸送用機器,3.3,★☆☆☆☆,0.0,0.0,3.3,0.0,0.0,0.0,0.0,0.0,見送り(地合い🔴),,0.0,9.9,5.0,-2.0,261,290.0,-3.7,2.7,2753,出来高増2.7倍
4368,扶桑化学工業,化学,3.3,★☆☆☆☆,0.0,0.0,3.3,0.0,0.0,0.0,0.0,0.0,見送り(地合い🔴),,0.0,-11.7,7.0,-16.0,3032,3525.0,-11.3,2.7,2634,出来高増2.7倍
3156,レスター,卸売業,3.3,★☆☆☆☆,0.0,0.0,3.3,0.0,0.0,0.0,0.0,0.0,見送り(地合い🔴),,0.0,-2.0,3.9,-5.4,3396,3680.0,3.7,2.1,317,出来高増2.1倍
4099,四国化成ホールディングス,化学,3.3,★☆☆☆☆,0.0,0.0,3.3,0.0,0.0,0.0,0.0,0.0,見送り(地合い🔴),,0.0,-19.8,7.6,-20.8,2050,2417.0,-11.6,2.2,1158,出来高増2.2倍
4626,太陽ホールディングス,化学,3.3,★☆☆☆☆,0.0,0.0,3.3,0.0,0.0,0.0,0.0,0.0,見送り(地合い🔴),,0.0,5.3,1.4,-4.2,4558,4689.0,-2.4,2.1,1708,出来高増2.1倍
1964,中外炉工業,建設業,3.3,★☆☆☆☆,0.0,0.0,3.3,0.0,0.0,0.0,0.0,0.0,見送り(地合い🔴),,0.0,4.5,3.6,-4.9,3543,3820.0,-3.9,2.2,203,出来高増2.2倍
6741,日本信号,電気機器,3.2,★☆☆☆☆,0.0,0.0,1.0,0.0,2.2,0.0,0.0,0.0,見送り(地合い🔴),,0.0,8.2,2.4,-1.3,1485,1561.0,-2.4,1.3,318,-
287A,黒田グループ,卸売業,3.2,★☆☆☆☆,0.0,0.0,0.0,0.0,3.2,0.0,0.0,0.0,見送り(地合い🔴),,0.0,12.3,2.6,-0.4,1026,1083.0,-0.6,1.0,540,-
2664,カワチ薬品,小売業,3.2,★☆☆☆☆,0.0,0.0,0.0,0.0,3.2,0.0,0.0,0.0,見送り(地合い🔴),,0.0,3.6,1.7,-1.9,3242,3355.0,-0.7,1.0,149,-
1909,日本ドライケミカル,機械,3.2,★☆☆☆☆,0.0,0.0,0.0,0.0,3.2,0.0,0.0,0.0,見送り(地合い🔴),,0.0,10.0,0.2,-0.1,3679,3695.0,0.1,0.1,1059,-
2531,宝ホールディングス,食料品,3.2,★☆☆☆☆,0.0,0.0,0.0,0.0,3.2,0.0,0.0,0.0,見送り(地合い🔴),,0.0,4.0,3.0,-2.4,1992,2118.5,-3.7,1.0,1161,-
3791,ＩＧポート,情報・通信業,3.2,★☆☆☆☆,0.0,0.0,3.0,0.0,0.0,0.0,0.2,0.0,見送り(地合い🔴),,0.0,-13.2,6.5,-17.5,883,1015.0,1.3,1.3,246,資金流入増 / 開示[自己株式の取得](13日前)
8508,Ｊトラスト,その他金融業,3.2,★☆☆☆☆,0.0,0.0,1.0,0.0,2.2,0.0,0.0,0.0,見送り(地合い🔴),,0.0,4.9,4.1,-3.7,726,791.0,-7.5,1.2,615,-
8233,高島屋,小売業,3.2,★☆☆☆☆,0.0,0.0,1.0,0.0,2.2,0.0,0.0,0.0,見送り(地合い🔴),,0.0,2.1,4.0,-2.9,2134,2317.5,-8.3,0.7,5172,-
5632,三菱製鋼,鉄鋼,3.2,★☆☆☆☆,0.0,0.0,1.0,0.0,2.2,0.0,0.0,0.0,見送り(地合い🔴),,0.0,6.5,2.7,-1.7,2009,2124.0,-0.7,1.2,134,-
8739,スパークス・グループ,証券、商品先物取引業,3.2,★☆☆☆☆,0.0,0.0,0.0,0.0,3.2,0.0,0.0,0.0,見送り(地合い🔴),,0.0,11.8,2.1,-0.6,2135,2228.0,-1.7,1.0,202,-
5334,日本特殊陶業,ガラス・土石製品,3.1,★☆☆☆☆,0.0,0.0,1.0,0.0,0.0,0.0,2.1,0.0,見送り(地合い🔴),,0.0,-6.2,4.3,-12.8,8166,8941.0,-7.6,1.4,9684,開示[自己株式の取得](4日前)
8117,中央自動車工業,卸売業,3.0,★☆☆☆☆,0.0,0.0,1.0,0.0,2.0,0.0,0.0,0.0,見送り(地合い🔴),,0.0,12.5,2.4,-0.2,1979,2078.0,-1.5,0.8,150,-
4973,日本高純度化学,化学,3.0,★☆☆☆☆,0.0,0.0,3.0,0.0,0.0,0.0,0.0,0.0,見送り(地合い🔴),,0.0,-11.2,6.7,-17.0,3731,4305.0,-12.4,1.6,681,-
7744,ノーリツ鋼機,精密機器,3.0,★☆☆☆☆,0.0,0.0,2.0,0.0,1.0,0.0,0.0,0.0,見送り(地合い🔴),,0.0,6.2,2.4,-2.0,1868,1964.0,-1.1,1.9,485,-
1982,日比谷総合設備,建設業,3.0,★☆☆☆☆,0.0,0.0,2.0,0.0,1.0,0.0,0.0,0.0,見送り(地合い🔴),,0.0,1.3,4.0,-4.8,2623,2850.0,0.1,0.9,248,-
5463,丸一鋼管,鉄鋼,3.0,★☆☆☆☆,0.0,0.0,1.0,0.0,2.0,0.0,0.0,0.0,見送り(地合い🔴),,0.0,6.6,2.5,-0.7,1710,1800.0,-1.5,0.5,1499,-
9409,テレビ朝日ホールディングス,情報・通信業,3.0,★☆☆☆☆,0.0,0.0,1.0,0.0,2.0,0.0,0.0,0.0,見送り(地合い🔴),,0.0,12.7,2.2,1.1,3057,3195.0,0.8,0.8,614,-
7047,ポート,サービス業,3.0,★☆☆☆☆,0.0,0.0,2.0,0.0,1.0,0.0,0.0,0.0,見送り(地合い🔴),,0.0,19.5,3.9,-1.8,2164,2346.0,-7.6,0.8,258,-
4519,中外製薬,医薬品,3.0,★☆☆☆☆,0.0,0.0,3.0,0.0,0.0,0.0,0.0,0.0,見送り(地合い🔴),,0.0,2.7,3.3,-4.7,6540,6999.0,-5.4,1.5,19994,-
2737,トーメンデバイス,卸売業,3.0,★☆☆☆☆,0.0,0.0,2.0,0.0,1.0,0.0,0.0,0.0,見送り(地合い🔴),,0.0,-3.8,6.3,-9.0,13179,15090.0,-6.7,1.7,1216,-
7806,ＭＴＧ,その他製品,3.0,★☆☆☆☆,0.0,0.0,2.0,0.0,1.0,0.0,0.0,0.0,見送り(地合い🔴),,0.0,11.6,5.4,-1.6,6717,7530.0,-4.8,0.5,886,-
4027,テイカ,化学,3.0,★☆☆☆☆,0.0,0.0,2.0,0.0,1.0,0.0,0.0,0.0,見送り(地合い🔴),,0.0,4.9,4.0,-4.1,2061,2240.0,-6.9,1.5,147,-
4088,エア・ウォーター,化学,3.0,★☆☆☆☆,0.0,0.0,2.0,0.0,1.0,0.0,0.0,0.0,見送り(地合い🔴),,0.0,4.5,2.7,-1.4,2476,2620.0,2.6,1.6,2196,-
3854,アイル,情報・通信業,3.0,★☆☆☆☆,0.0,0.0,3.0,0.0,0.0,0.0,0.0,0.0,見送り(地合い🔴),,0.0,14.8,2.3,-0.2,2195,2300.0,-1.3,1.4,205,-
1946,トーエネック,建設業,3.0,★☆☆☆☆,0.0,0.0,2.0,0.0,1.0,0.0,0.0,0.0,見送り(地合い🔴),,0.0,0.4,3.4,-5.0,1927,2069.0,-0.3,1.8,341,-
9256,サクシード,サービス業,3.0,★☆☆☆☆,0.0,0.0,3.0,0.0,0.0,0.0,0.0,0.0,見送り(地合い🔴),,0.0,-47.9,31.7,-55.1,675,1846.0,-54.1,1.6,803,-
7747,朝日インテック,精密機器,3.0,★☆☆☆☆,0.0,0.0,1.0,0.0,2.0,0.0,0.0,0.0,見送り(地合い🔴),,0.0,4.4,3.0,-1.0,3357,3570.0,1.2,1.4,3727,-
8366,滋賀銀行,銀行業,3.0,★☆☆☆☆,0.0,0.0,2.0,0.0,1.0,0.0,0.0,0.0,見送り(地合い🔴),,0.0,14.0,4.9,-1.6,2353,2606.0,-3.4,1.1,3460,資金流入増
7912,大日本印刷,その他製品,3.0,★☆☆☆☆,0.0,0.0,1.0,0.0,2.0,0.0,0.0,0.0,見送り(地合い🔴),,0.0,12.5,2.8,-1.9,2837,3003.0,-5.3,1.1,5156,-
4377,ワンキャリア,情報・通信業,3.0,★☆☆☆☆,0.0,0.0,0.0,0.0,3.0,0.0,0.0,0.0,見送り(地合い🔴),,0.0,18.2,3.5,0.8,1905,2048.0,-0.2,1.0,118,MA上昇配列
4658,日本空調サービス,サービス業,3.0,★☆☆☆☆,0.0,0.0,1.0,0.0,2.0,0.0,0.0,0.0,見送り(地合い🔴),,0.0,9.2,2.0,-0.8,1532,1596.0,-1.2,0.8,115,-
3093,トレジャー・ファクトリー,小売業,3.0,★☆☆☆☆,0.0,0.0,1.0,0.0,2.0,0.0,0.0,0.0,見送り(地合い🔴),,0.0,4.8,4.7,-1.0,1921,2118.0,1.5,0.8,474,-
8715,アニコム　ホールディングス,保険業,3.0,★☆☆☆☆,0.0,0.0,0.0,0.0,0.0,0.0,3.0,0.0,見送り(地合い🔴),,0.0,7.8,2.6,-2.7,1129,1190.0,-1.9,1.2,315,開示[自己株式の取得](0日前)
5532,リアルゲイト,不動産業,3.0,★☆☆☆☆,0.0,0.0,1.0,0.0,2.0,0.0,0.0,0.0,見送り(地合い🔴),,0.0,16.2,4.0,1.7,3287,3575.0,-0.6,1.3,102,-
3443,川田テクノロジーズ,金属製品,3.0,★☆☆☆☆,0.0,0.0,3.0,0.0,0.0,0.0,0.0,0.0,見送り(地合い🔴),,0.0,8.8,2.5,-1.0,1234,1298.0,-0.7,1.5,303,-
2659,サンエー,小売業,3.0,★☆☆☆☆,0.0,0.0,0.0,0.0,3.0,0.0,0.0,0.0,見送り(地合い🔴),,0.0,11.7,2.3,1.8,3116,3265.0,3.2,0.7,633,-
4985,アース製薬,化学,3.0,★☆☆☆☆,0.0,0.0,0.0,0.0,3.0,0.0,0.0,0.0,見送り(地合い🔴),,0.0,8.7,1.6,0.4,4580,4730.0,1.2,0.9,316,MA上昇配列
3106,倉敷紡績,繊維製品,3.0,★☆☆☆☆,0.0,0.0,2.0,0.0,1.0,0.0,0.0,0.0,見送り(地合い🔴),,0.0,3.2,4.2,-5.1,8800,9610.0,-7.3,1.6,384,-
9983,ファーストリテイリング,小売業,3.0,★☆☆☆☆,0.0,0.0,1.0,0.0,2.0,0.0,0.0,0.0,見送り(地合い🔴),,0.0,5.0,3.3,-2.3,74753,79950.0,-1.1,1.3,98589,-
6135,牧野フライス製作所,機械,3.0,★☆☆☆☆,0.0,0.0,2.0,0.0,1.0,0.0,0.0,0.0,見送り(地合い🔴),,0.0,4.6,2.4,-3.8,13574,14270.0,-1.0,1.8,2594,-
4446,Ｌｉｎｋ－Ｕグループ,情報・通信業,3.0,★☆☆☆☆,0.0,0.0,3.0,0.0,0.0,0.0,0.0,0.0,見送り(地合い🔴),,0.0,15.0,7.2,-0.8,686,800.0,-0.5,0.2,416,資金流入増
4620,藤倉化成,化学,2.9,★☆☆☆☆,0.0,0.0,1.0,0.0,0.0,0.0,1.9,0.0,見送り(地合い🔴),,0.0,-10.4,4.7,-15.4,765,845.0,-12.0,1.3,104,開示[自己株式の取得](5日前)
4493,サイバーセキュリティクラウド,情報・通信業,2.8,★☆☆☆☆,0.0,0.0,0.0,0.0,0.0,0.0,2.8,0.0,見送り(地合い🔴),,0.0,14.2,3.9,-2.7,1625,1761.0,-4.3,0.7,212,開示[自己株式の取得](1日前)
3652,ディジタルメディアプロフェッショナル,情報・通信業,2.7,★☆☆☆☆,0.0,0.0,0.0,0.0,2.7,0.0,0.0,0.0,見送り(地合い🔴),,0.0,11.1,5.9,-3.1,2004,2273.0,3.6,1.0,128,-
2325,ＮＪＳ,サービス業,2.7,★☆☆☆☆,0.0,0.0,0.0,0.0,2.7,0.0,0.0,0.0,見送り(地合い🔴),,0.0,-0.6,2.4,-1.6,4220,4435.0,2.5,0.9,130,-
4825,ウェザーニューズ,情報・通信業,2.6,★☆☆☆☆,0.0,0.0,0.0,0.0,1.0,0.0,1.6,0.0,見送り(地合い🔴),,0.0,7.7,2.3,-3.2,1841,1930.0,-1.3,1.0,438,開示[買収](5日前)
6946,日本アビオニクス,電気機器,2.5,★☆☆☆☆,0.0,0.0,1.0,0.0,1.5,0.0,0.0,0.0,見送り(地合い🔴),,0.0,11.5,5.7,-1.3,4404,4975.0,4.0,0.8,1052,-
3288,オープンハウスグループ,不動産業,2.5,★☆☆☆☆,0.0,0.0,0.0,0.0,2.5,0.0,0.0,0.0,見送り(地合い🔴),,0.0,11.0,2.1,1.7,8306,8670.0,1.3,1.0,2144,-
2767,円谷フィールズホールディングス,卸売業,2.5,★☆☆☆☆,0.0,0.0,2.0,0.0,5.5,0.0,0.0,-5.0,見送り(地合い🔴),,0.0,45.7,3.3,33.3,1802,1930.0,29.7,0.8,578,MA上昇配列 / RSI過熱(86)⚠ / 過熱⚠25MA+33%
1963,日揮ホールディングス,建設業,2.5,★☆☆☆☆,0.0,0.0,1.0,0.0,1.5,0.0,0.0,0.0,見送り(地合い🔴),,0.0,0.2,3.5,-4.5,2134,2294.0,0.7,1.3,3838,-
8139,ナガホリ,卸売業,2.5,★☆☆☆☆,0.0,0.0,1.0,0.0,1.5,0.0,0.0,0.0,見送り(地合い🔴),,0.0,10.5,6.8,-1.4,1815,2100.0,3.8,0.6,122,-
4046,大阪ソーダ,化学,2.5,★☆☆☆☆,0.0,0.0,1.0,0.0,1.5,0.0,0.0,0.0,見送り(地合い🔴),,0.0,4.4,3.0,-3.5,1664,1770.0,-1.2,1.3,607,-
6810,マクセル,電気機器,2.5,★☆☆☆☆,0.0,0.0,0.0,0.0,2.5,0.0,0.0,0.0,見送り(地合い🔴),,0.0,7.8,2.5,-1.6,1974,2079.0,-0.8,0.9,364,-
1721,コムシスホールディングス,建設業,2.5,★☆☆☆☆,0.0,0.0,0.0,0.0,2.5,0.0,0.0,0.0,見送り(地合い🔴),,0.0,7.1,2.6,-1.4,4999,5270.0,1.4,1.0,2831,-
6619,ダブル・スコープ,電気機器,2.5,★☆☆☆☆,0.0,0.0,1.0,0.0,1.5,0.0,0.0,0.0,見送り(地合い🔴),,0.0,-6.6,5.8,-14.1,131,148.0,-3.3,1.5,406,-
4569,杏林製薬,医薬品,2.5,★☆☆☆☆,0.0,0.0,0.0,0.0,2.5,0.0,0.0,0.0,見送り(地合い🔴),,0.0,10.8,1.5,1.1,1147,1182.0,1.0,0.7,177,-
1663,Ｋ＆Ｏエナジーグループ,鉱業,2.5,★☆☆☆☆,0.0,0.0,1.0,0.0,1.5,0.0,0.0,0.0,見送り(地合い🔴),,0.0,2.8,2.6,-3.2,1707,1801.0,-1.2,1.3,378,-
4967,小林製薬,化学,2.5,★☆☆☆☆,0.0,0.0,0.0,0.0,2.5,0.0,0.0,0.0,見送り(地合い🔴),,0.0,12.2,1.7,2.1,5453,5649.0,2.8,1.1,1008,-
1835,東鉄工業,建設業,2.5,★☆☆☆☆,0.0,0.0,0.0,0.0,2.5,0.0,0.0,0.0,見送り(地合い🔴),,0.0,9.6,2.0,0.7,4041,4210.0,2.6,1.1,295,-
3321,ミタチ産業,卸売業,2.5,★☆☆☆☆,0.0,0.0,1.0,0.0,1.5,0.0,0.0,0.0,見送り(地合い🔴),,0.0,-1.2,2.4,-7.0,1458,1530.0,-2.3,0.5,160,-
3776,ブロードバンドタワー,情報・通信業,2.4,★☆☆☆☆,0.0,0.0,1.0,0.0,0.0,0.0,1.4,0.0,見送り(地合い🔴),,0.0,-7.3,6.4,-16.2,200,230.0,-8.7,1.3,217,開示[業績予想の修正](6日前)
1926,ライト工業,建設業,2.4,★☆☆☆☆,0.0,0.0,0.0,0.0,2.0,0.0,0.4,0.0,見送り(地合い🔴),,0.0,5.1,2.2,-2.8,3692,3865.0,-0.8,0.9,580,開示[自己株式の取得](12日前)
6227,ＡＩメカテック,機械,2.3,★☆☆☆☆,0.0,0.0,0.0,0.0,1.2,0.0,1.1,0.0,見送り(地合い🔴),,0.0,-1.0,12.2,-13.2,4517,5970.0,-13.7,0.7,10880,開示[受注](6日前)
5232,住友大阪セメント,ガラス・土石製品,2.2,★☆☆☆☆,0.0,0.0,0.0,0.0,2.2,0.0,0.0,0.0,見送り(地合い🔴),,0.0,0.4,3.7,-3.6,5156,5568.0,-2.8,0.9,1409,-
3962,チェンジホールディングス,情報・通信業,2.2,★☆☆☆☆,0.0,0.0,1.0,0.0,1.2,0.0,0.0,0.0,見送り(地合い🔴),,0.0,11.9,2.3,-0.2,887,930.0,-2.4,1.1,255,-
7740,タムロン,精密機器,2.2,★☆☆☆☆,0.0,0.0,0.0,0.0,2.2,0.0,0.0,0.0,見送り(地合い🔴),,0.0,7.8,2.0,-1.4,1080,1126.0,-1.3,0.8,420,-
3086,Ｊ．フロント　リテイリング,小売業,2.2,★☆☆☆☆,0.0,0.0,0.0,0.0,2.2,0.0,0.0,0.0,見送り(地合い🔴),,0.0,-2.0,3.9,-4.3,2815,3050.0,-7.7,0.6,5492,-
319A,技術承継機構,金属製品,2.2,★☆☆☆☆,0.0,0.0,1.0,0.0,1.2,0.0,0.0,0.0,見送り(地合い🔴),,0.0,15.7,8.6,-4.2,13654,16500.0,1.5,0.9,626,-
4183,三井化学,化学,2.2,★☆☆☆☆,0.0,0.0,0.0,0.0,2.2,0.0,0.0,0.0,見送り(地合い🔴),,0.0,9.4,3.0,-1.0,2003,2129.0,-1.0,1.2,3548,開示[買収](14日前)
7071,アンビスホールディングス,サービス業,2.2,★☆☆☆☆,0.0,0.0,0.0,0.0,2.2,0.0,0.0,0.0,見送り(地合い🔴),,0.0,17.3,4.0,1.7,336,365.0,-2.9,0.7,113,-
3668,コロプラ,情報・通信業,2.2,★☆☆☆☆,0.0,0.0,0.0,0.0,2.2,0.0,0.0,0.0,見送り(地合い🔴),,0.0,14.3,2.2,1.7,370,387.0,-0.3,0.8,198,-
2975,スター・マイカ・ホールディングス,不動産業,2.2,★☆☆☆☆,0.0,0.0,0.0,0.0,2.2,0.0,0.0,0.0,見送り(地合い🔴),,0.0,2.4,3.1,-2.7,1399,1492.0,-1.9,0.7,316,-
166A,タスキホールディングス,不動産業,2.2,★☆☆☆☆,0.0,0.0,0.0,0.0,2.2,0.0,0.0,0.0,見送り(地合い🔴),,0.0,0.2,3.3,-4.6,996,1067.0,-0.9,0.8,459,-
6376,日機装,精密機器,2.2,★☆☆☆☆,0.0,0.0,0.0,0.0,2.2,0.0,0.0,0.0,見送り(地合い🔴),,0.0,0.0,4.8,-5.1,3371,3730.0,-9.5,1.2,1683,-
6058,ベクトル,サービス業,2.2,★☆☆☆☆,0.0,0.0,1.0,0.0,1.0,0.0,0.2,0.0,見送り(地合い🔴),,0.0,12.2,5.5,-0.7,1585,1780.0,3.9,0.7,975,開示[業績予想の修正](13日前)
9678,カナモト,サービス業,2.2,★☆☆☆☆,0.0,0.0,0.0,0.0,2.2,0.0,0.0,0.0,見送り(地合い🔴),,0.0,3.3,2.2,-2.0,4847,5070.0,-0.2,1.2,481,-
1861,熊谷組,建設業,2.2,★☆☆☆☆,0.0,0.0,0.0,0.0,2.2,0.0,0.0,0.0,見送り(地合い🔴),,0.0,11.3,2.5,0.0,1376,1448.0,-1.2,1.0,1079,-
4664,アール・エス・シー,サービス業,2.2,★☆☆☆☆,0.0,0.0,1.0,0.0,1.2,0.0,0.0,0.0,見送り(地合い🔴),,0.0,-6.3,7.2,-3.6,795,928.0,3.5,0.2,257,-
6104,芝浦機械,機械,2.2,★☆☆☆☆,0.0,0.0,0.0,0.0,2.2,0.0,0.0,0.0,見送り(地合い🔴),,0.0,10.3,4.5,-1.1,4147,4560.0,3.1,1.1,659,-
8141,新光商事,卸売業,2.2,★☆☆☆☆,0.0,0.0,0.0,0.0,2.2,0.0,0.0,0.0,見送り(地合い🔴),,0.0,10.1,0.9,-0.5,1553,1580.0,-0.1,0.5,159,-
8050,セイコーグループ,精密機器,2.2,★☆☆☆☆,0.0,0.0,0.0,0.0,2.2,0.0,0.0,0.0,見送り(地合い🔴),,0.0,2.0,5.3,-2.8,6664,7450.0,-2.9,0.9,2169,-
1417,ミライト・ワン,建設業,2.0,★☆☆☆☆,0.0,0.0,1.0,0.0,1.0,0.0,0.0,0.0,見送り(地合い🔴),,0.0,3.8,2.1,-4.0,3457,3611.0,-1.5,1.3,862,-
6469,放電精密加工研究所,機械,2.0,★☆☆☆☆,0.0,0.0,2.0,0.0,0.0,0.0,0.0,0.0,見送り(地合い🔴),,0.0,8.8,8.7,-6.4,2057,2489.0,-0.7,1.0,450,資金流入増
5991,日本発條,金属製品,2.0,★☆☆☆☆,0.0,0.0,1.0,0.0,1.0,0.0,0.0,0.0,見送り(地合い🔴),,0.0,-0.9,4.8,-8.6,3149,3485.0,-2.7,1.0,3183,-
218A,Ｌｉｂｅｒａｗａｒｅ,精密機器,2.0,★☆☆☆☆,0.0,0.0,2.0,0.0,0.0,0.0,0.0,0.0,見送り(地合い🔴),,0.0,14.4,10.1,-8.6,783,982.0,-6.5,0.4,851,-
6368,オルガノ,機械,2.0,★☆☆☆☆,0.0,0.0,2.0,0.0,0.0,0.0,0.0,0.0,見送り(地合い🔴),,0.0,-6.1,6.2,-13.6,11865,13535.0,-12.3,1.7,3250,-
7731,ニコン,精密機器,2.0,★☆☆☆☆,0.0,0.0,1.0,0.0,1.0,0.0,0.0,0.0,見送り(地合い🔴),,0.0,1.2,5.1,-11.4,1757,1956.0,-9.8,1.4,3851,-
1952,新日本空調,建設業,2.0,★☆☆☆☆,0.0,0.0,2.0,0.0,0.0,0.0,0.0,0.0,見送り(地合い🔴),,0.0,-1.1,3.8,-7.4,3086,3340.0,-3.9,1.9,586,-
6363,酉島製作所,機械,2.0,★☆☆☆☆,0.0,0.0,2.0,0.0,0.0,0.0,0.0,0.0,見送り(地合い🔴),,0.0,6.4,3.4,-5.6,2539,2725.0,-4.0,0.8,602,-
255A,ジーエルテクノホールディングス,精密機器,2.0,★☆☆☆☆,0.0,0.0,2.0,0.0,0.0,0.0,0.0,0.0,見送り(地合い🔴),,0.0,-0.1,7.2,-10.0,4574,5350.0,-1.7,1.7,612,-
6278,ユニオンツール,機械,2.0,★☆☆☆☆,0.0,0.0,2.0,0.0,0.0,0.0,0.0,0.0,見送り(地合い🔴),,0.0,-20.4,9.9,-24.5,12273,15290.0,-13.8,1.8,5349,-
6668,アドテック　プラズマ　テクノロジー,電気機器,2.0,★☆☆☆☆,0.0,0.0,2.0,0.0,0.0,0.0,0.0,0.0,見送り(地合い🔴),,0.0,-18.7,12.7,-24.9,2011,2698.0,-13.2,1.0,698,資金流入増
4390,ＩＰＳ,情報・通信業,2.0,★☆☆☆☆,0.0,0.0,2.0,0.0,0.0,0.0,0.0,0.0,見送り(地合い🔴),,0.0,12.1,3.4,-2.1,3183,3415.0,-4.5,0.9,240,-
9790,福井コンピュータホールディングス,情報・通信業,2.0,★☆☆☆☆,0.0,0.0,1.0,0.0,1.0,0.0,0.0,0.0,見送り(地合い🔴),,0.0,10.9,1.8,0.3,3021,3135.0,1.0,1.0,106,-
4527,ロート製薬,医薬品,2.0,★☆☆☆☆,0.0,0.0,2.0,0.0,0.0,0.0,0.0,0.0,見送り(地合い🔴),,0.0,8.9,2.2,-1.4,2274,2379.5,-2.3,1.2,2245,-
2206,江崎グリコ,食料品,2.0,★☆☆☆☆,0.0,0.0,1.0,0.0,1.0,0.0,0.0,0.0,見送り(地合い🔴),,0.0,4.6,1.7,-2.3,4959,5132.0,0.3,1.2,1332,-
3441,山王,金属製品,2.0,★☆☆☆☆,0.0,0.0,2.0,0.0,0.0,0.0,0.0,0.0,見送り(地合い🔴),,0.0,-16.0,6.8,-19.5,2117,2447.0,-11.6,1.7,172,-
3465,ケイアイスター不動産,不動産業,2.0,★☆☆☆☆,0.0,0.0,1.0,0.0,1.0,0.0,0.0,0.0,見送り(地合い🔴),,0.0,7.3,2.5,-1.6,3436,3620.0,-2.4,1.5,266,-
7130,ヤマエグループホールディングス,卸売業,2.0,★☆☆☆☆,0.0,0.0,2.0,0.0,0.0,0.0,0.0,0.0,見送り(地合い🔴),,0.0,11.7,2.3,-1.8,2755,2887.0,-4.6,0.6,208,-
4222,児玉化学工業,化学,2.0,★☆☆☆☆,0.0,0.0,2.0,0.0,0.0,0.0,0.0,0.0,見送り(地合い🔴),,0.0,-2.6,4.1,-11.3,522,569.0,-6.7,1.6,120,-
5471,大同特殊鋼,鉄鋼,2.0,★☆☆☆☆,0.0,0.0,2.0,0.0,0.0,0.0,0.0,0.0,見送り(地合い🔴),,0.0,-7.2,4.5,-10.5,2110,2316.5,-1.9,1.9,2816,-
6245,ヒラノテクシード,機械,2.0,★☆☆☆☆,0.0,0.0,2.0,0.0,0.0,0.0,0.0,0.0,見送り(地合い🔴),,0.0,-5.2,3.4,-9.6,1470,1577.0,-4.4,1.9,156,-
7609,ダイトロン,卸売業,2.0,★☆☆☆☆,0.0,0.0,1.0,0.0,1.0,0.0,0.0,0.0,見送り(地合い🔴),,0.0,0.3,4.4,-7.3,2997,3285.0,-3.0,1.4,316,-
3407,旭化成,化学,2.0,★☆☆☆☆,0.0,0.0,0.0,0.0,2.0,0.0,0.0,0.0,見送り(地合い🔴),,0.0,11.0,2.6,-1.1,1724,1817.0,-2.4,1.2,7975,-
4265,Ｉｎｓｔｉｔｕｔｉｏｎ　ｆｏｒ　ａ　Ｇｌｏｂａｌ　Ｓｏｃｉｅｔｙ,情報・通信業,2.0,★☆☆☆☆,0.0,0.0,2.0,0.0,0.0,0.0,0.0,0.0,見送り(地合い🔴),,0.0,-24.8,13.4,-21.7,204,279.0,-16.7,0.3,204,資金流入増
7976,三菱鉛筆,その他製品,2.0,★☆☆☆☆,0.0,0.0,0.0,0.0,2.0,0.0,0.0,0.0,見送り(地合い🔴),,0.0,8.0,2.1,-1.3,2513,2623.0,-1.7,1.0,269,-
350A,デジタルグリッド,電気・ガス業,2.0,★☆☆☆☆,0.0,0.0,2.0,0.0,0.0,0.0,0.0,0.0,見送り(地合い🔴),,0.0,4.1,4.8,-4.5,662,732.0,-6.9,1.9,222,-
4593,ヘリオス,医薬品,2.0,★☆☆☆☆,0.0,0.0,2.0,0.0,0.0,0.0,0.0,0.0,見送り(地合い🔴),,0.0,-0.7,6.3,-10.4,197,226.0,-13.4,1.5,335,-
2220,亀田製菓,食料品,2.0,★☆☆☆☆,0.0,0.0,0.0,0.0,2.0,0.0,0.0,0.0,見送り(地合い🔴),,0.0,11.6,1.9,0.6,1203,1250.0,0.1,0.8,213,-
1860,戸田建設,建設業,2.0,★☆☆☆☆,0.0,0.0,0.0,0.0,2.0,0.0,0.0,0.0,見送り(地合い🔴),,0.0,3.5,2.4,-3.1,1448,1520.5,-0.3,0.8,1534,-
9551,メタウォーター,電気・ガス業,2.0,★☆☆☆☆,0.0,0.0,2.0,0.0,0.0,0.0,0.0,0.0,見送り(地合い🔴),,0.0,0.6,2.9,-6.7,2886,3065.0,-3.3,1.6,353,-
6862,ミナトホールディングス,電気機器,2.0,★☆☆☆☆,0.0,0.0,2.0,0.0,0.0,0.0,0.0,0.0,見送り(地合い🔴),,0.0,-10.5,6.7,-16.8,1454,1677.0,-10.0,1.9,300,-
7911,ＴＯＰＰＡＮホールディングス,その他製品,2.0,★☆☆☆☆,0.0,0.0,2.0,0.0,0.0,0.0,0.0,0.0,見送り(地合い🔴),,0.0,-3.5,4.4,-12.5,4005,4391.0,-7.2,1.9,7374,-
367A,プリモグローバルホールディングス,小売業,2.0,★☆☆☆☆,0.0,0.0,1.0,0.0,1.0,0.0,0.0,0.0,見送り(地合い🔴),,0.0,1.2,3.5,-7.8,2432,2616.0,-1.5,0.8,239,-
5121,藤倉コンポジット,ゴム製品,2.0,★☆☆☆☆,0.0,0.0,1.0,0.0,1.0,0.0,0.0,0.0,見送り(地合い🔴),,0.0,3.9,2.3,-4.1,2321,2435.0,-3.4,1.5,176,-
5989,エイチワン,金属製品,2.0,★☆☆☆☆,0.0,0.0,1.0,0.0,1.0,0.0,0.0,0.0,見送り(地合い🔴),,0.0,11.4,2.6,-1.6,1448,1526.0,-4.6,0.9,191,-
1939,四電工,建設業,2.0,★☆☆☆☆,0.0,0.0,0.0,0.0,2.0,0.0,0.0,0.0,見送り(地合い🔴),,0.0,7.3,2.0,-0.5,1917,1997.0,2.0,1.2,150,-
6027,弁護士ドットコム,サービス業,2.0,★☆☆☆☆,0.0,0.0,2.0,0.0,0.0,0.0,0.0,0.0,見送り(地合い🔴),,0.0,11.0,3.3,-0.9,2131,2281.0,-1.4,1.1,172,-
7599,ＩＤＯＭ,卸売業,2.0,★☆☆☆☆,0.0,0.0,1.0,0.0,1.0,0.0,0.0,0.0,見送り(地合い🔴),,0.0,6.1,3.3,-2.0,1243,1330.0,2.5,0.5,1450,-
6845,アズビル,電気機器,2.0,★☆☆☆☆,0.0,0.0,0.0,0.0,2.0,0.0,0.0,0.0,見送り(地合い🔴),,0.0,6.3,2.4,-2.7,1560,1638.0,-0.2,0.8,2182,-
6005,三浦工業,機械,2.0,★☆☆☆☆,0.0,0.0,2.0,0.0,0.0,0.0,0.0,0.0,見送り(地合い🔴),,0.0,10.5,1.9,-0.6,3046,3168.0,-1.0,1.4,1133,-
6013,タクマ,機械,2.0,★☆☆☆☆,0.0,0.0,0.0,0.0,2.0,0.0,0.0,0.0,見送り(地合い🔴),,0.0,3.3,2.7,-3.5,3227,3410.0,0.7,0.9,714,-
6145,ＮＩＴＴＯＫＵ,機械,2.0,★☆☆☆☆,0.0,0.0,2.0,0.0,0.0,0.0,0.0,0.0,見送り(地合い🔴),,0.0,-4.4,4.1,-10.4,2325,2530.0,-5.2,1.7,285,-
6166,中村超硬,機械,2.0,★☆☆☆☆,0.0,0.0,2.0,0.0,0.0,0.0,0.0,0.0,見送り(地合い🔴),,0.0,1.3,8.7,-13.5,500,606.0,-10.2,0.3,567,資金流入増
9336,大栄環境,サービス業,2.0,★☆☆☆☆,0.0,0.0,1.0,0.0,1.0,0.0,0.0,0.0,見送り(地合い🔴),,0.0,10.4,2.5,-0.4,3603,3795.0,-0.7,0.9,551,-
9401,ＴＢＳホールディングス,情報・通信業,2.0,★☆☆☆☆,0.0,0.0,0.0,0.0,2.0,0.0,0.0,0.0,見送り(地合い🔴),,0.0,13.4,2.0,-0.0,6021,6277.0,0.4,0.8,2009,-
6928,エノモト,電気機器,2.0,★☆☆☆☆,0.0,0.0,2.0,0.0,0.0,0.0,0.0,0.0,見送り(地合い🔴),,0.0,-14.6,5.1,-18.4,2098,2339.0,-10.2,1.7,108,-
6785,鈴木,電気機器,2.0,★☆☆☆☆,0.0,0.0,1.0,0.0,1.0,0.0,0.0,0.0,見送り(地合い🔴),,0.0,-2.9,4.4,-9.2,2627,2883.0,-7.3,1.3,220,-
7944,ローランド,その他製品,2.0,★☆☆☆☆,0.0,0.0,1.0,0.0,1.0,0.0,0.0,0.0,見送り(地合い🔴),,0.0,5.4,2.9,-2.5,3794,4025.0,-1.8,0.8,395,-
6856,堀場製作所,電気機器,2.0,★☆☆☆☆,0.0,0.0,1.0,0.0,1.0,0.0,0.0,0.0,見送り(地合い🔴),,0.0,0.9,5.8,-9.2,21830,24700.0,-8.2,1.3,6048,-
6516,山洋電気,電気機器,2.0,★☆☆☆☆,0.0,0.0,2.0,0.0,0.0,0.0,0.0,0.0,見送り(地合い🔴),,0.0,-7.8,4.5,-12.4,4927,5410.0,-4.2,1.6,766,-
7777,スリー・ディー・マトリックス,精密機器,1.5,★☆☆☆☆,0.0,0.0,0.0,0.0,1.5,0.0,0.0,0.0,見送り(地合い🔴),,0.0,1.7,4.9,-6.6,297,329.0,-7.6,1.1,582,-
4887,サワイグループホールディングス,医薬品,1.5,★☆☆☆☆,0.0,0.0,0.0,0.0,1.5,0.0,0.0,0.0,見送り(地合い🔴),,0.0,11.0,1.7,-0.3,1619,1675.0,-0.4,1.0,692,-
7779,ＣＹＢＥＲＤＹＮＥ,精密機器,1.5,★☆☆☆☆,0.0,0.0,0.0,0.0,1.5,0.0,0.0,0.0,見送り(地合い🔴),,0.0,0.5,4.1,-4.4,204,222.0,0.0,0.9,326,-
4886,あすか製薬ホールディングス,医薬品,1.5,★☆☆☆☆,0.0,0.0,0.0,0.0,1.5,0.0,0.0,0.0,見送り(地合い🔴),,0.0,7.7,2.1,-2.5,2120,2213.0,-1.6,1.0,128,-
1885,東亜建設工業,建設業,1.5,★☆☆☆☆,0.0,0.0,0.0,0.0,1.5,0.0,0.0,0.0,見送り(地合い🔴),,0.0,8.5,2.8,-0.7,1935,2049.0,1.1,0.9,737,-
7564,ワークマン,小売業,1.5,★☆☆☆☆,0.0,0.0,0.0,0.0,1.5,0.0,0.0,0.0,見送り(地合い🔴),,0.0,-6.0,2.8,-3.7,5583,5920.0,5.2,0.8,2769,-
8061,西華産業,卸売業,1.5,★☆☆☆☆,0.0,0.0,0.0,0.0,1.5,0.0,0.0,0.0,見送り(地合い🔴),,0.0,2.3,3.5,-5.7,2371,2548.0,-2.1,0.9,513,-
7456,松田産業,卸売業,1.5,★☆☆☆☆,0.0,0.0,0.0,0.0,1.5,0.0,0.0,0.0,見送り(地合い🔴),,0.0,2.5,3.7,-6.2,4921,5320.0,-2.4,1.0,491,-
7412,アトム,小売業,1.5,★☆☆☆☆,0.0,0.0,0.0,0.0,1.5,0.0,0.0,0.0,見送り(地合い🔴),,0.0,3.5,3.0,-1.5,348,370.0,-5.1,0.4,264,-
1813,不動テトラ,建設業,1.5,★☆☆☆☆,0.0,0.0,0.0,0.0,1.5,0.0,0.0,0.0,見送り(地合い🔴),,0.0,6.5,2.6,-0.9,2540,2678.0,-1.8,1.0,174,-
9412,スカパーＪＳＡＴ,情報・通信業,1.5,★☆☆☆☆,0.0,0.0,0.0,0.0,1.5,0.0,0.0,0.0,見送り(地合い🔴),,0.0,-5.9,4.1,-12.9,1994,2173.0,-4.9,0.9,6603,-
2938,オカムラ食品工業,食料品,1.5,★☆☆☆☆,0.0,0.0,0.0,0.0,1.5,0.0,0.0,0.0,見送り(地合い🔴),,0.0,5.1,2.0,-2.9,1203,1253.0,2.5,0.5,126,-
4592,サンバイオ,医薬品,1.5,★☆☆☆☆,0.0,0.0,0.0,0.0,1.5,0.0,0.0,0.0,見送り(地合い🔴),,0.0,2.1,5.9,-7.5,816,926.0,-10.9,1.1,790,-
186A,アストロスケールホールディングス,サービス業,1.5,★☆☆☆☆,0.0,0.0,0.0,0.0,1.5,0.0,0.0,0.0,見送り(地合い🔴),,0.0,-1.7,6.8,-8.3,868,1004.0,0.9,0.8,4966,-
1945,東京エネシス,建設業,1.5,★☆☆☆☆,0.0,0.0,0.0,0.0,1.5,0.0,0.0,0.0,見送り(地合い🔴),,0.0,3.8,3.4,-5.6,1822,1955.0,-1.1,1.1,426,-
3853,アステリア,情報・通信業,1.5,★☆☆☆☆,0.0,0.0,0.0,0.0,1.5,0.0,0.0,0.0,見送り(地合い🔴),,0.0,0.6,4.6,-8.7,938,1032.0,-5.3,0.8,329,-
1950,日本電設工業,建設業,1.5,★☆☆☆☆,0.0,0.0,0.0,0.0,1.5,0.0,0.0,0.0,見送り(地合い🔴),,0.0,-0.1,3.0,-4.7,3771,4015.0,0.5,1.2,408,-
3103,ユニチカ,繊維製品,1.5,★☆☆☆☆,0.0,0.0,0.0,0.0,1.5,0.0,0.0,0.0,見送り(地合い🔴),,0.0,-9.9,7.0,-13.6,711,826.0,-6.6,0.8,2289,-
6217,津田駒工業,機械,1.5,★☆☆☆☆,0.0,0.0,0.0,0.0,1.5,0.0,0.0,0.0,見送り(地合い🔴),,0.0,-22.3,11.6,-19.9,529,690.0,-3.8,0.6,181,-
9708,帝国ホテル,サービス業,1.5,★☆☆☆☆,0.0,0.0,0.0,0.0,1.5,0.0,0.0,0.0,見送り(地合い🔴),,0.0,9.6,1.2,-0.4,972,996.0,-0.1,0.9,117,-
3741,セック,情報・通信業,1.5,★☆☆☆☆,0.0,0.0,0.0,0.0,1.5,0.0,0.0,0.0,見送り(地合い🔴),,0.0,-3.4,3.8,-6.8,2659,2876.0,-2.3,1.0,301,-
4026,神島化学工業,ガラス・土石製品,1.5,★☆☆☆☆,0.0,0.0,0.0,0.0,1.5,0.0,0.0,0.0,見送り(地合い🔴),,0.0,3.3,2.9,-3.7,1447,1537.0,-0.6,1.0,103,-
4499,Ｓｐｅｅｅ,情報・通信業,1.5,★☆☆☆☆,0.0,0.0,0.0,0.0,1.5,0.0,0.0,0.0,見送り(地合い🔴),,0.0,-0.1,6.8,-6.4,1792,2074.0,-5.2,0.4,294,-
1803,清水建設,建設業,1.5,★☆☆☆☆,0.0,0.0,0.0,0.0,1.5,0.0,0.0,0.0,見送り(地合い🔴),,0.0,7.0,3.1,-1.6,2321,2476.5,0.5,1.1,6374,-
5698,エンビプロ・ホールディングス,鉄鋼,1.5,★☆☆☆☆,0.0,0.0,0.0,0.0,1.5,0.0,0.0,0.0,見送り(地合い🔴),,0.0,5.3,3.9,-4.5,703,763.0,-4.1,1.2,133,-
1720,東急建設,建設業,1.5,★☆☆☆☆,0.0,0.0,0.0,0.0,1.5,0.0,0.0,0.0,見送り(地合い🔴),,0.0,9.3,2.2,-0.6,1122,1173.0,-0.1,1.2,360,-
9793,ダイセキ,サービス業,1.5,★☆☆☆☆,0.0,0.0,0.0,0.0,1.5,0.0,0.0,0.0,見送り(地合い🔴),,0.0,8.0,2.0,-1.0,3688,3845.0,1.7,0.8,629,-
4554,富士製薬工業,医薬品,1.5,★☆☆☆☆,0.0,0.0,0.0,0.0,1.5,0.0,0.0,0.0,見送り(地合い🔴),,0.0,4.1,2.6,-5.3,1768,1863.0,-3.2,0.9,255,-
4179,ジーネクスト,情報・通信業,1.4,★☆☆☆☆,0.0,0.0,0.0,0.0,0.0,0.0,1.4,0.0,見送り(地合い🔴),,0.0,-21.7,6.6,-23.4,295,340.0,-13.9,0.3,195,開示[業務提携](6日前)
7730,マニー,精密機器,1.3,★☆☆☆☆,0.0,0.0,1.0,0.0,0.0,0.0,0.3,0.0,見送り(地合い🔴),,0.0,-2.2,3.0,-9.3,1422,1514.0,-4.4,1.1,592,開示[上方修正](13日前)
2334,イオレ,サービス業,1.3,★☆☆☆☆,0.0,0.0,0.0,0.0,0.0,0.0,1.3,0.0,見送り(地合い🔴),,0.0,-8.4,5.8,-14.6,424,480.0,-5.5,0.8,900,開示[データセンター](5日前)
280A,ＴＭＨ,卸売業,1.2,★☆☆☆☆,0.0,0.0,1.0,0.0,0.0,0.0,0.2,0.0,見送り(地合い🔴),,0.0,-43.5,15.1,-46.9,609,872.0,-11.8,1.4,104,開示[業績予想の修正](13日前)
7719,東京衡機,精密機器,1.2,★☆☆☆☆,0.0,0.0,0.0,0.0,1.2,0.0,0.0,0.0,見送り(地合い🔴),,0.0,5.2,9.7,-7.3,333,413.0,-10.0,0.5,157,-
6941,山一電機,電気機器,1.2,★☆☆☆☆,0.0,0.0,0.0,0.0,1.2,0.0,0.0,0.0,見送り(地合い🔴),,0.0,-4.4,8.1,-11.0,6924,8260.0,-8.2,1.0,2434,-
7600,日本エム・ディ・エム,精密機器,1.2,★☆☆☆☆,0.0,0.0,0.0,0.0,1.2,0.0,0.0,0.0,見送り(地合い🔴),,0.0,11.7,4.2,-1.4,827,903.0,-4.3,0.5,215,-
3168,ＭＥＲＦ,卸売業,1.2,★☆☆☆☆,0.0,0.0,0.0,0.0,1.2,0.0,0.0,0.0,見送り(地合い🔴),,0.0,10.9,6.0,-4.1,1066,1210.0,2.5,0.4,192,-
7082,ジモティー,サービス業,1.2,★☆☆☆☆,0.0,0.0,0.0,0.0,1.2,0.0,0.0,0.0,見送り(地合い🔴),,0.0,10.4,0.1,-0.0,1401,1405.0,0.1,0.6,103,-
3825,リミックスポイント,小売業,1.2,★☆☆☆☆,0.0,0.0,0.0,0.0,1.2,0.0,0.0,0.0,見送り(地合い🔴),,0.0,15.2,4.6,-1.8,173,191.0,-5.9,0.9,190,-
4480,メドレー,情報・通信業,1.2,★☆☆☆☆,0.0,0.0,0.0,0.0,1.2,0.0,0.0,0.0,見送り(地合い🔴),,0.0,8.4,3.2,-2.1,1867,1993.0,-5.1,0.7,310,-
6047,Ｇｕｎｏｓｙ,サービス業,1.2,★☆☆☆☆,0.0,0.0,1.0,0.0,0.0,0.0,0.2,0.0,見送り(地合い🔴),,0.0,-10.8,5.3,-15.0,322,360.0,-3.2,0.6,111,開示[業務提携](13日前)
6769,ザインエレクトロニクス,電気機器,1.2,★☆☆☆☆,0.0,0.0,0.0,0.0,0.0,0.0,1.2,0.0,見送り(地合い🔴),,0.0,-2.4,6.9,-11.3,816,947.0,-1.3,1.2,135,開示[業績予想の修正](7日前)
5210,日本山村硝子,ガラス・土石製品,1.2,★☆☆☆☆,0.0,0.0,0.0,0.0,1.2,0.0,0.0,0.0,見送り(地合い🔴),,0.0,11.4,2.5,-0.3,2649,2790.0,-2.0,1.1,130,-
4091,日本酸素ホールディングス,化学,1.0,★☆☆☆☆,0.0,0.0,0.0,0.0,1.0,0.0,0.0,0.0,見送り(地合い🔴),,0.0,8.6,2.6,-3.0,5523,5825.0,-3.3,0.8,2989,-
5821,平河ヒューテック,非鉄金属,1.0,★☆☆☆☆,0.0,0.0,1.0,0.0,0.0,0.0,0.0,0.0,見送り(地合い🔴),,0.0,-8.2,4.4,-11.8,2725,2991.0,-1.9,1.3,169,-
4395,アクリート,情報・通信業,1.0,★☆☆☆☆,0.0,0.0,1.0,0.0,0.0,0.0,0.0,0.0,見送り(地合い🔴),,0.0,-13.0,4.6,-5.9,650,715.0,-4.5,0.3,114,-
4392,ＦＩＧ,情報・通信業,1.0,★☆☆☆☆,0.0,0.0,1.0,0.0,0.0,0.0,0.0,0.0,見送り(地合い🔴),,0.0,-9.5,8.8,-17.9,735,891.0,-16.7,1.3,1179,-
277A,グロービング,サービス業,1.0,★☆☆☆☆,0.0,0.0,1.0,0.0,0.0,0.0,0.0,0.0,見送り(地合い🔴),,0.0,-14.7,7.4,-18.3,1388,1631.0,-3.4,0.9,638,-
7818,トランザクション,その他製品,1.0,★☆☆☆☆,0.0,0.0,0.0,0.0,1.0,0.0,0.0,0.0,見送り(地合い🔴),,0.0,-4.2,4.1,-10.5,1104,1202.0,-5.4,1.0,172,-
8595,ジャフコ　グループ,証券、商品先物取引業,1.0,★☆☆☆☆,0.0,0.0,0.0,0.0,1.0,0.0,0.0,0.0,見送り(地合い🔴),,0.0,3.7,1.7,-3.2,2175,2253.0,-2.4,1.1,844,-
7826,フルヤ金属,その他製品,1.0,★☆☆☆☆,0.0,0.0,1.0,0.0,0.0,0.0,0.0,0.0,見送り(地合い🔴),,0.0,-15.3,7.1,-17.4,5280,6150.0,-10.2,1.3,2854,-
1815,鉄建建設,建設業,1.0,★☆☆☆☆,0.0,0.0,1.0,0.0,0.0,0.0,0.0,0.0,見送り(地合い🔴),,0.0,11.1,3.3,-0.7,4162,4455.0,-1.0,1.4,391,開示[増配](14日前)
9247,ＴＲＥホールディングス,サービス業,1.0,★☆☆☆☆,0.0,0.0,0.0,0.0,1.0,0.0,0.0,0.0,見送り(地合い🔴),,0.0,3.4,3.7,-7.0,1829,1977.0,-8.6,0.7,717,-
9270,バリュエンスホールディングス,卸売業,1.0,★☆☆☆☆,0.0,0.0,1.0,0.0,0.0,0.0,0.0,0.0,見送り(地合い🔴),,0.0,-6.9,7.3,-12.8,1570,1838.0,-12.4,0.7,280,-
6351,鶴見製作所,機械,1.0,★☆☆☆☆,0.0,0.0,0.0,0.0,1.0,0.0,0.0,0.0,見送り(地合い🔴),,0.0,4.6,4.3,-5.5,1972,2157.0,-3.1,0.9,137,-
6231,木村工機,機械,1.0,★☆☆☆☆,0.0,0.0,1.0,0.0,0.0,0.0,0.0,0.0,見送り(地合い🔴),,0.0,16.0,3.8,-2.1,11196,12120.0,-5.8,0.9,162,-
7280,ミツバ,電気機器,1.0,★☆☆☆☆,0.0,0.0,1.0,0.0,0.0,0.0,0.0,0.0,見送り(地合い🔴),,0.0,8.6,2.6,-1.5,1088,1149.0,-0.9,1.1,265,-
3891,ニッポン高度紙工業,パルプ・紙,1.0,★☆☆☆☆,0.0,0.0,1.0,0.0,0.0,0.0,0.0,0.0,見送り(地合い🔴),,0.0,-29.1,9.6,-27.4,4893,6050.0,-15.7,1.3,1322,-
4061,デンカ,化学,1.0,★☆☆☆☆,0.0,0.0,1.0,0.0,0.0,0.0,0.0,0.0,見送り(地合い🔴),,0.0,-11.7,5.1,-15.0,3052,3402.0,-7.7,1.4,2477,-
6855,日本電子材料,電気機器,1.0,★☆☆☆☆,0.0,0.0,1.0,0.0,0.0,0.0,0.0,0.0,見送り(地合い🔴),,0.0,-19.1,9.7,-23.7,4396,5460.0,-14.2,1.2,5296,-
6590,芝浦メカトロニクス,電気機器,1.0,★☆☆☆☆,0.0,0.0,1.0,0.0,0.0,0.0,0.0,0.0,見送り(地合い🔴),,0.0,17.6,10.5,-11.2,3654,4620.0,-13.8,0.7,14923,-
3099,三越伊勢丹ホールディングス,小売業,1.0,★☆☆☆☆,0.0,0.0,0.0,0.0,1.0,0.0,0.0,0.0,見送り(地合い🔴),,0.0,-2.5,3.2,-6.9,3398,3634.0,-6.1,0.9,8803,-
5393,ニチアス,ガラス・土石製品,1.0,★☆☆☆☆,0.0,0.0,1.0,0.0,0.0,0.0,0.0,0.0,見送り(地合い🔴),,0.0,-7.0,4.5,-11.2,2968,3261.0,-0.5,1.3,2153,-
1434,ＪＥＳＣＯホールディングス,建設業,1.0,★☆☆☆☆,0.0,0.0,1.0,0.0,0.0,0.0,0.0,0.0,見送り(地合い🔴),,0.0,2.2,4.8,-7.9,1512,1673.0,-4.2,0.6,148,-
1975,朝日工業社,建設業,1.0,★☆☆☆☆,0.0,0.0,0.0,0.0,1.0,0.0,0.0,0.0,見送り(地合い🔴),,0.0,-0.6,5.0,-8.2,3542,3940.0,-2.0,0.8,422,-
6254,野村マイクロ・サイエンス,機械,1.0,★☆☆☆☆,0.0,0.0,1.0,0.0,0.0,0.0,0.0,0.0,見送り(地合い🔴),,0.0,-15.8,7.8,-17.8,3108,3680.0,-10.6,1.3,3911,-
9960,東テク,卸売業,1.0,★☆☆☆☆,0.0,0.0,0.0,0.0,1.0,0.0,0.0,0.0,見送り(地合い🔴),,0.0,5.2,3.7,-3.9,3637,3930.0,-1.6,0.8,403,-
3105,日清紡ホールディングス,電気機器,1.0,★☆☆☆☆,0.0,0.0,0.0,0.0,1.0,0.0,0.0,0.0,見送り(地合い🔴),,0.0,0.4,4.8,-7.1,1961,2170.0,-5.5,1.0,2070,-
6864,エヌエフホールディングス,電気機器,1.0,★☆☆☆☆,0.0,0.0,1.0,0.0,0.0,0.0,0.0,0.0,見送り(地合い🔴),,0.0,-6.8,4.2,-9.6,1382,1507.0,-0.1,1.4,104,-
6544,ジャパンエレベーターサービスホールディングス,サービス業,1.0,★☆☆☆☆,0.0,0.0,1.0,0.0,0.0,0.0,0.0,0.0,見送り(地合い🔴),,0.0,8.4,2.7,-2.9,1600,1692.5,0.9,1.4,926,-
3402,東レ,繊維製品,1.0,★☆☆☆☆,0.0,0.0,0.0,0.0,1.0,0.0,0.0,0.0,見送り(地合い🔴),,0.0,11.3,2.3,-0.4,1097,1150.0,-1.3,1.0,4843,-
4968,荒川化学工業,化学,1.0,★☆☆☆☆,0.0,0.0,1.0,0.0,0.0,0.0,0.0,0.0,見送り(地合い🔴),,0.0,-0.1,8.8,-14.3,1505,1825.0,-13.9,0.9,615,-
6736,サン電子,電気機器,1.0,★☆☆☆☆,0.0,0.0,1.0,0.0,0.0,0.0,0.0,0.0,見送り(地合い🔴),,0.0,18.0,6.7,-0.7,8086,9340.0,0.6,0.8,347,-
6656,インスペック,電気機器,1.0,★☆☆☆☆,0.0,0.0,1.0,0.0,0.0,0.0,0.0,0.0,見送り(地合い🔴),,0.0,-12.6,8.3,-21.2,786,943.0,-14.4,1.5,146,-
6666,リバーエレテック,電気機器,1.0,★☆☆☆☆,0.0,0.0,1.0,0.0,0.0,0.0,0.0,0.0,見送り(地合い🔴),,0.0,-17.5,8.1,-18.0,573,683.0,-3.7,1.4,143,-
7762,シチズン時計,精密機器,1.0,★☆☆☆☆,0.0,0.0,0.0,0.0,1.0,0.0,0.0,0.0,見送り(地合い🔴),,0.0,-2.5,4.0,-7.6,1968,2140.0,-4.4,0.9,2925,-
7734,理研計器,精密機器,1.0,★☆☆☆☆,0.0,0.0,1.0,0.0,0.0,0.0,0.0,0.0,見送り(地合い🔴),,0.0,0.8,3.2,-5.2,3124,3340.0,-0.9,1.3,309,-
7713,シグマ光機,精密機器,1.0,★☆☆☆☆,0.0,0.0,1.0,0.0,0.0,0.0,0.0,0.0,見送り(地合い🔴),,0.0,-3.2,4.9,-10.8,1669,1850.0,-4.1,1.4,101,-
4694,ビー・エム・エル,サービス業,1.0,★☆☆☆☆,0.0,0.0,0.0,0.0,1.0,0.0,0.0,0.0,見送り(地合い🔴),,0.0,9.5,1.6,-0.3,3491,3610.0,0.4,0.9,251,-
6072,地盤ネットホールディングス,サービス業,1.0,★☆☆☆☆,0.0,0.0,1.0,0.0,0.0,0.0,0.0,0.0,見送り(地合い🔴),,0.0,-4.3,6.8,-12.6,753,872.0,-2.8,1.2,697,-
1938,日本リーテック,建設業,1.0,★☆☆☆☆,0.0,0.0,1.0,0.0,0.0,0.0,0.0,0.0,見送り(地合い🔴),,0.0,-0.2,2.8,-6.2,2312,2448.0,-2.4,1.3,197,-
2802,味の素,食料品,1.0,★☆☆☆☆,0.0,0.0,1.0,0.0,0.0,0.0,0.0,0.0,見送り(地合い🔴),,0.0,-5.7,3.8,-12.6,4514,4888.0,-6.9,1.3,22229,-
2685,アンドエスティＨＤ,小売業,1.0,★☆☆☆☆,0.0,0.0,0.0,0.0,1.0,0.0,0.0,0.0,見送り(地合い🔴),,0.0,7.7,2.2,-0.5,3281,3435.0,1.5,0.7,778,-
4536,参天製薬,医薬品,1.0,★☆☆☆☆,0.0,0.0,0.0,0.0,1.0,0.0,0.0,0.0,見送り(地合い🔴),,0.0,1.5,2.4,-6.5,1864,1960.0,-3.1,0.9,2409,-
4021,日産化学,化学,1.0,★☆☆☆☆,0.0,0.0,0.0,0.0,1.0,0.0,0.0,0.0,見送り(地合い🔴),,0.0,-1.2,3.7,-8.7,6867,7419.0,-6.3,1.0,5341,-
5724,アサカ理研,非鉄金属,1.0,★☆☆☆☆,0.0,0.0,1.0,0.0,0.0,0.0,0.0,0.0,見送り(地合い🔴),,0.0,0.8,4.9,-7.0,2053,2278.0,-2.8,0.9,131,-
5981,東京製綱,金属製品,1.0,★☆☆☆☆,0.0,0.0,0.0,0.0,1.0,0.0,0.0,0.0,見送り(地合い🔴),,0.0,10.1,2.7,-2.0,1810,1912.0,-1.9,1.1,145,-
5885,ジーデップ・アドバンス,卸売業,1.0,★☆☆☆☆,0.0,0.0,1.0,0.0,0.0,0.0,0.0,0.0,見送り(地合い🔴),,0.0,1.8,7.0,-10.2,2193,2551.0,-2.1,0.7,187,-
6134,ＦＵＪＩ,機械,1.0,★☆☆☆☆,0.0,0.0,1.0,0.0,0.0,0.0,0.0,0.0,見送り(地合い🔴),,0.0,-4.7,6.6,-14.1,5913,6806.0,-8.4,1.4,6202,-
9413,テレビ東京ホールディングス,情報・通信業,1.0,★☆☆☆☆,0.0,0.0,0.0,0.0,1.0,0.0,0.0,0.0,見送り(地合い🔴),,0.0,13.2,2.3,0.5,3476,3640.0,2.1,1.2,305,-
5590,ネットスターズ,情報・通信業,1.0,★☆☆☆☆,0.0,0.0,1.0,0.0,0.0,0.0,0.0,0.0,見送り(地合い🔴),,0.0,11.2,4.1,-2.0,610,664.0,-4.9,0.4,109,-
6794,フォスター電機,電気機器,1.0,★☆☆☆☆,0.0,0.0,1.0,0.0,0.0,0.0,0.0,0.0,見送り(地合い🔴),,0.0,3.5,2.7,-5.1,2605,2751.0,-4.0,1.3,383,-
6745,ホーチキ,電気機器,1.0,★☆☆☆☆,0.0,0.0,0.0,0.0,1.0,0.0,0.0,0.0,見送り(地合い🔴),,0.0,8.1,4.3,-2.9,1750,1913.0,-1.2,0.6,440,-
1941,中電工,建設業,1.0,★☆☆☆☆,0.0,0.0,0.0,0.0,1.0,0.0,0.0,0.0,見送り(地合い🔴),,0.0,1.4,2.6,-4.1,4796,5060.0,-0.2,0.8,366,-
3046,ジンズホールディングス,小売業,1.0,★☆☆☆☆,0.0,0.0,1.0,0.0,0.0,0.0,0.0,0.0,見送り(地合い🔴),,0.0,-9.0,6.0,-8.2,5929,6740.0,1.7,0.8,2729,-
6620,宮越ホールディングス,不動産業,1.0,★☆☆☆☆,0.0,0.0,1.0,0.0,0.0,0.0,0.0,0.0,見送り(地合い🔴),,0.0,-25.3,5.0,-12.9,586,651.0,-2.0,0.3,189,-
6140,旭ダイヤモンド工業,機械,1.0,★☆☆☆☆,0.0,0.0,1.0,0.0,0.0,0.0,0.0,0.0,見送り(地合い🔴),,0.0,-2.3,4.2,-9.6,982,1073.0,-5.5,1.5,616,-
6651,日東工業,電気機器,1.0,★☆☆☆☆,0.0,0.0,0.0,0.0,1.0,0.0,0.0,0.0,見送り(地合い🔴),,0.0,-0.2,2.7,-5.4,4079,4310.0,-1.1,1.0,410,-
6703,沖電気工業,電気機器,1.0,★☆☆☆☆,0.0,0.0,0.0,0.0,1.0,0.0,0.0,0.0,見送り(地合い🔴),,0.0,-2.7,5.1,-4.4,2939,3275.0,-0.2,1.1,2139,-
3302,帝国繊維,繊維製品,1.0,★☆☆☆☆,0.0,0.0,0.0,0.0,1.0,0.0,0.0,0.0,見送り(地合い🔴),,0.0,9.5,2.5,-1.2,3156,3325.0,0.3,0.9,150,-
4587,ペプチドリーム,医薬品,1.0,★☆☆☆☆,0.0,0.0,1.0,0.0,0.0,0.0,0.0,0.0,見送り(地合い🔴),,0.0,-2.5,3.2,-7.1,871,930.2999877929688,-4.5,1.3,789,-
3186,ネクステージ,小売業,1.0,★☆☆☆☆,0.0,0.0,1.0,0.0,0.0,0.0,0.0,0.0,見送り(地合い🔴),,0.0,-5.1,5.0,-8.4,3058,3395.0,-1.9,0.7,2766,-
3569,セーレン,繊維製品,1.0,★☆☆☆☆,0.0,0.0,0.0,0.0,1.0,0.0,0.0,0.0,見送り(地合い🔴),,0.0,7.8,2.3,-2.0,3061,3210.0,0.8,1.0,505,-
6458,新晃工業,機械,1.0,★☆☆☆☆,0.0,0.0,1.0,0.0,0.0,0.0,0.0,0.0,見送り(地合い🔴),,0.0,8.3,1.4,-1.6,1198,1234.0,-0.8,1.4,211,-
2160,ジーエヌアイグループ,医薬品,1.0,★☆☆☆☆,0.0,0.0,1.0,0.0,0.0,0.0,0.0,0.0,見送り(地合い🔴),,0.0,-1.6,4.3,-6.6,2244,2456.0,-1.8,1.5,2136,-
7352,ＴＷＯＳＴＯＮＥ＆Ｓｏｎｓ,サービス業,1.0,★☆☆☆☆,0.0,0.0,1.0,0.0,0.0,0.0,0.0,0.0,見送り(地合い🔴),,0.0,-22.6,9.5,-13.5,266,329.0,-1.8,0.5,143,-
5201,ＡＧＣ,ガラス・土石製品,1.0,★☆☆☆☆,0.0,0.0,1.0,0.0,0.0,0.0,0.0,0.0,見送り(地合い🔴),,0.0,-0.5,3.0,-6.5,5794,6168.0,-1.4,1.3,7558,-
3692,ＦＦＲＩセキュリティ,情報・通信業,1.0,★☆☆☆☆,0.0,0.0,1.0,0.0,0.0,0.0,0.0,0.0,見送り(地合い🔴),,0.0,12.7,4.8,-3.6,4425,4890.0,-1.9,0.7,541,-
4272,日本化薬,化学,1.0,★☆☆☆☆,0.0,0.0,0.0,0.0,1.0,0.0,0.0,0.0,見送り(地合い🔴),,0.0,7.5,1.8,-2.7,1876,1944.5,-1.7,0.9,1072,-
262A,インターメスティック,小売業,1.0,★☆☆☆☆,0.0,0.0,1.0,0.0,0.0,0.0,0.0,0.0,見送り(地合い🔴),,0.0,1.2,3.0,-3.5,1768,1879.0,2.3,1.3,432,-
5074,テスホールディングス,建設業,0.4,★☆☆☆☆,0.0,0.0,0.0,0.0,0.0,0.0,0.4,0.0,見送り(地合い🔴),,0.0,-20.2,9.7,-22.1,532,659.0,-15.1,1.1,1905,開示[受注](11日前)
6834,精工技研,電気機器,0.4,★☆☆☆☆,0.0,0.0,0.0,0.0,0.0,0.0,0.4,0.0,見送り(地合い🔴),,0.0,-27.8,8.5,-24.7,15159,18260.0,-8.7,0.7,3973,開示[株式分割](11日前)
1887,日本国土開発,建設業,0.3,★☆☆☆☆,0.0,0.0,0.0,0.0,0.0,0.0,0.3,0.0,見送り(地合い🔴),,0.0,8.2,2.3,-1.7,490,513.0,-0.4,0.9,239,開示[上方修正](13日前)
4071,プラスアルファ・コンサルティング,情報・通信業,0.2,★☆☆☆☆,0.0,0.0,0.0,0.0,0.0,0.0,0.2,0.0,見送り(地合い🔴),,0.0,-1.4,5.0,-11.5,2076,2305.0,-1.8,1.2,711,開示[資本業務提携](13日前) / 開示[資本業務提携](14日前)
3449,テクノフレックス,金属製品,0.2,★☆☆☆☆,0.0,0.0,0.0,0.0,0.0,0.0,0.2,0.0,見送り(地合い🔴),,0.0,-47.9,14.5,-39.2,3019,4250.0,-13.4,0.7,1536,開示[業績予想の修正](13日前)
6994,指月電機製作所,電気機器,0.0,★☆☆☆☆,0.0,0.0,0.0,0.0,0.0,0.0,0.0,0.0,見送り(地合い🔴),,0.0,-13.4,6.7,-16.4,858,990.0,-4.4,0.8,312,-
5214,日本電気硝子,ガラス・土石製品,0.0,★☆☆☆☆,0.0,0.0,0.0,0.0,0.0,0.0,0.0,0.0,見送り(地合い🔴),,0.0,-6.7,3.3,-10.7,5033,5384.0,-4.5,1.1,3422,-
6997,日本ケミコン,電気機器,0.0,★☆☆☆☆,0.0,0.0,0.0,0.0,0.0,0.0,0.0,0.0,見送り(地合い🔴),,0.0,-39.2,11.4,-34.4,2179,2826.0,-8.8,0.9,4724,-
4047,関東電化工業,化学,0.0,★☆☆☆☆,0.0,0.0,0.0,0.0,0.0,0.0,0.0,0.0,見送り(地合い🔴),,0.0,-20.3,7.4,-21.2,2147,2521.0,-9.8,1.1,1715,-
3810,サイバーステップホールディングス,情報・通信業,0.0,★☆☆☆☆,0.0,0.0,0.0,0.0,0.0,0.0,0.0,0.0,見送り(地合い🔴),,0.0,-3.8,11.4,-14.9,118,153.0,-3.8,0.2,282,-
7245,大同メタル工業,輸送用機器,0.0,★☆☆☆☆,0.0,0.0,0.0,0.0,0.0,0.0,0.0,0.0,見送り(地合い🔴),,0.0,-16.4,5.4,-15.6,1130,1267.0,-3.4,0.4,1294,-
6356,日本ギア工業,機械,0.0,★☆☆☆☆,0.0,0.0,0.0,0.0,0.0,0.0,0.0,0.0,見送り(地合い🔴),,0.0,-3.3,6.2,-12.9,1136,1296.0,-5.7,0.5,449,-
4420,イーソル,情報・通信業,0.0,★☆☆☆☆,0.0,0.0,0.0,0.0,0.0,0.0,0.0,0.0,見送り(地合い🔴),,0.0,2.0,3.9,-8.0,681,738.0,-8.0,0.5,142,-
6336,石井表記,機械,0.0,★☆☆☆☆,0.0,0.0,0.0,0.0,0.0,0.0,0.0,0.0,見送り(地合い🔴),,0.0,-4.6,10.7,-19.0,1164,1482.0,-16.6,0.7,334,-
6331,三菱化工機,機械,0.0,★☆☆☆☆,0.0,0.0,0.0,0.0,0.0,0.0,0.0,0.0,見送り(地合い🔴),,0.0,-3.6,4.4,-9.6,2949,3235.0,-0.6,1.0,647,-
6328,荏原実業,機械,0.0,★☆☆☆☆,0.0,0.0,0.0,0.0,0.0,0.0,0.0,0.0,見送り(地合い🔴),,0.0,6.9,2.6,-2.6,2230,2351.0,-0.1,1.1,121,-
4107,伊勢化学工業,化学,0.0,★☆☆☆☆,0.0,0.0,0.0,0.0,0.0,0.0,0.0,0.0,見送り(地合い🔴),,0.0,-15.4,3.9,-7.7,3245,3520.0,0.4,0.4,1387,-
9072,ニッコンホールディングス,陸運業,0.0,★☆☆☆☆,0.0,0.0,0.0,0.0,0.0,0.0,0.0,0.0,見送り(地合い🔴),,0.0,-4.1,2.7,-9.5,4754,5021.0,-5.9,0.9,1321,-
6369,トーヨーカネツ,機械,0.0,★☆☆☆☆,0.0,0.0,0.0,0.0,0.0,0.0,0.0,0.0,見送り(地合い🔴),,0.0,9.4,2.0,-1.2,2317,2415.0,-0.3,0.9,228,-
6387,サムコ,機械,0.0,★☆☆☆☆,0.0,0.0,0.0,0.0,0.0,0.0,0.0,0.0,見送り(地合い🔴),,0.0,-29.9,12.0,-30.8,6354,8370.0,-18.3,1.0,1099,-
6425,ユニバーサルエンターテインメント,機械,0.0,★☆☆☆☆,0.0,0.0,0.0,0.0,0.0,0.0,0.0,0.0,見送り(地合い🔴),,0.0,13.4,4.2,-0.6,598,653.0,1.2,1.0,160,-
4051,ＧＭＯフィナンシャルゲート,情報・通信業,0.0,★☆☆☆☆,0.0,0.0,0.0,0.0,0.0,0.0,0.0,0.0,見送り(地合い🔴),,0.0,0.2,3.3,-8.2,5689,6090.0,-7.2,0.7,195,-
4055,ティアンドエスグループ,情報・通信業,0.0,★☆☆☆☆,0.0,0.0,0.0,0.0,0.0,0.0,0.0,0.0,見送り(地合い🔴),,0.0,-5.4,5.3,-14.4,1286,1438.0,-7.1,0.8,104,-
4022,ラサ工業,化学,0.0,★☆☆☆☆,0.0,0.0,0.0,0.0,0.0,0.0,0.0,0.0,見送り(地合い🔴),,0.0,-6.2,7.0,-13.5,1477,1719.0,-8.0,1.1,2239,-
6235,オプトラン,機械,0.0,★☆☆☆☆,0.0,0.0,0.0,0.0,0.0,0.0,0.0,0.0,見送り(地合い🔴),,0.0,-10.2,7.7,-17.8,2475,2929.0,-7.7,1.0,1256,-
7256,河西工業,輸送用機器,0.0,★☆☆☆☆,0.0,0.0,0.0,0.0,0.0,0.0,0.0,0.0,見送り(地合い🔴),,0.0,8.3,5.2,-6.0,361,403.0,-3.6,0.6,115,-
7318,セレンディップ・ホールディングス,輸送用機器,0.0,★☆☆☆☆,0.0,0.0,0.0,0.0,0.0,0.0,0.0,0.0,見送り(地合い🔴),,0.0,-2.0,7.4,-10.6,1626,1907.0,-1.2,0.6,341,-
5367,ニッカトー,ガラス・土石製品,0.0,★☆☆☆☆,0.0,0.0,0.0,0.0,0.0,0.0,0.0,0.0,見送り(地合い🔴),,0.0,-17.9,8.3,-21.7,882,1057.0,-8.5,0.6,659,-
5381,マイポックス,ガラス・土石製品,0.0,★☆☆☆☆,0.0,0.0,0.0,0.0,0.0,0.0,0.0,0.0,見送り(地合い🔴),,0.0,-20.8,7.1,-22.3,636,741.0,-13.0,1.2,187,-
4078,堺化学工業,化学,0.0,★☆☆☆☆,0.0,0.0,0.0,0.0,0.0,0.0,0.0,0.0,見送り(地合い🔴),,0.0,-8.1,5.1,-9.7,3479,3870.0,-3.2,1.0,1428,-
212A,フィットイージー,サービス業,0.0,★☆☆☆☆,0.0,0.0,0.0,0.0,0.0,0.0,0.0,0.0,見送り(地合い🔴),,0.0,11.9,3.3,-0.3,2562,2740.0,0.8,0.9,375,-
9211,エフ・コード,サービス業,0.0,★☆☆☆☆,0.0,0.0,0.0,0.0,0.0,0.0,0.0,0.0,見送り(地合い🔴),,0.0,9.8,3.6,-3.4,1241,1337.0,-4.8,0.8,150,-
7409,ＡｅｒｏＥｄｇｅ,輸送用機器,0.0,★☆☆☆☆,0.0,0.0,0.0,0.0,0.0,0.0,0.0,0.0,見送り(地合い🔴),,0.0,-14.4,7.5,-15.6,1190,1402.0,-4.2,0.9,276,-
6036,ＫｅｅＰｅｒ技研,サービス業,0.0,★☆☆☆☆,0.0,0.0,0.0,0.0,0.0,0.0,0.0,0.0,見送り(地合い🔴),,0.0,10.3,2.2,-2.1,2633,2754.0,-2.7,0.7,322,-
9369,キユーソー流通システム,倉庫・運輸関連業,0.0,★☆☆☆☆,0.0,0.0,0.0,0.0,0.0,0.0,0.0,0.0,見送り(地合い🔴),,0.0,0.9,4.6,-7.4,2629,2897.0,-2.6,0.9,156,-
1812,鹿島建設,建設業,0.0,★☆☆☆☆,0.0,0.0,0.0,0.0,0.0,0.0,0.0,0.0,見送り(地合い🔴),,0.0,3.8,3.1,-4.8,5145,5485.0,-2.1,0.9,9095,開示[自己株式の取得](14日前)
9468,ＫＡＤＯＫＡＷＡ,情報・通信業,0.0,★☆☆☆☆,0.0,0.0,0.0,0.0,0.0,0.0,0.0,0.0,見送り(地合い🔴),,0.0,13.8,2.4,-0.7,3392,3566.0,-2.0,1.2,1874,-
5563,新日本電工,鉄鋼,0.0,★☆☆☆☆,0.0,0.0,0.0,0.0,0.0,0.0,0.0,0.0,見送り(地合い🔴),,0.0,1.3,4.0,-6.1,374,407.0,-3.8,1.1,316,-
6753,シャープ,電気機器,0.0,★☆☆☆☆,0.0,0.0,0.0,0.0,0.0,0.0,0.0,0.0,見送り(地合い🔴),,0.0,6.6,3.0,-3.0,573,610.2000122070312,-2.2,1.0,2142,-
6754,アンリツ,電気機器,0.0,★☆☆☆☆,0.0,0.0,0.0,0.0,0.0,0.0,0.0,0.0,見送り(地合い🔴),,0.0,-6.1,5.7,-12.1,3233,3651.0,-4.6,0.7,5751,-
4259,エクサウィザーズ,情報・通信業,0.0,★☆☆☆☆,0.0,0.0,0.0,0.0,0.0,0.0,0.0,0.0,見送り(地合い🔴),,0.0,10.1,6.3,-6.0,689,788.0,-3.0,0.6,1570,-
3687,フィックスターズ,情報・通信業,0.0,★☆☆☆☆,0.0,0.0,0.0,0.0,0.0,0.0,0.0,0.0,見送り(地合い🔴),,0.0,-6.9,5.6,-10.4,1840,2073.0,-3.9,0.9,2244,-
3444,菊池製作所,金属製品,0.0,★☆☆☆☆,0.0,0.0,0.0,0.0,0.0,0.0,0.0,0.0,見送り(地合い🔴),,0.0,-10.6,6.5,-15.3,795,915.0,-6.6,0.6,231,-
2962,テクニスコ,金属製品,0.0,★☆☆☆☆,0.0,0.0,0.0,0.0,0.0,0.0,0.0,0.0,見送り(地合い🔴),,0.0,-27.5,11.8,-21.8,866,1134.0,-24.9,0.2,639,-
285A,キオクシアホールディングス,電気機器,0.0,★☆☆☆☆,0.0,0.0,0.0,0.0,0.0,0.0,0.0,0.0,見送り(地合い🔴),,0.0,-39.4,19.2,-39.9,27461,44550.0,-27.0,0.9,3046478,-
2986,ＬＡホールディングス,不動産業,0.0,★☆☆☆☆,0.0,0.0,0.0,0.0,0.0,0.0,0.0,0.0,見送り(地合い🔴),,0.0,8.2,3.3,-2.9,2534,2714.0,-1.0,0.9,565,-
336A,ダイナミックマッププラットフォーム,情報・通信業,0.0,★☆☆☆☆,0.0,0.0,0.0,0.0,0.0,0.0,0.0,0.0,見送り(地合い🔴),,0.0,10.2,5.8,-2.9,726,821.0,-5.8,1.0,266,-
4588,オンコリスバイオファーマ,医薬品,0.0,★☆☆☆☆,0.0,0.0,0.0,0.0,0.0,0.0,0.0,0.0,見送り(地合い🔴),,0.0,-4.6,5.7,-4.6,2205,2491.0,0.2,0.7,1465,-
4565,ネクセラファーマ,医薬品,0.0,★☆☆☆☆,0.0,0.0,0.0,0.0,0.0,0.0,0.0,0.0,見送り(地合い🔴),,0.0,-3.1,4.0,-7.3,798,867.0,-4.9,1.2,547,-
3083,スターシーズ,小売業,0.0,★☆☆☆☆,0.0,0.0,0.0,0.0,0.0,0.0,0.0,0.0,見送り(地合い🔴),,0.0,7.4,5.0,-3.4,854,948.0,1.4,0.6,100,-
3104,富士紡ホールディングス,繊維製品,0.0,★☆☆☆☆,0.0,0.0,0.0,0.0,0.0,0.0,0.0,0.0,見送り(地合い🔴),,0.0,-3.9,5.9,-10.1,3222,3650.0,-2.4,1.0,697,-
5706,三井金属,非鉄金属,0.0,★☆☆☆☆,0.0,0.0,0.0,0.0,0.0,0.0,0.0,0.0,見送り(地合い🔴),,0.0,-22.9,9.4,-24.0,22734,28010.0,-10.5,0.9,44015,-
4082,第一稀元素化学工業,化学,0.0,★☆☆☆☆,0.0,0.0,0.0,0.0,0.0,0.0,0.0,0.0,見送り(地合い🔴),,0.0,-5.5,4.8,-9.7,1593,1761.0,-2.2,0.9,315,-
1980,ダイダン,建設業,0.0,★☆☆☆☆,0.0,0.0,0.0,0.0,0.0,0.0,0.0,0.0,見送り(地合い🔴),,0.0,-2.0,3.9,-7.1,2364,2566.0,-1.6,1.0,1521,-
1961,三機工業,建設業,0.0,★☆☆☆☆,0.0,0.0,0.0,0.0,0.0,0.0,0.0,0.0,見送り(地合い🔴),,0.0,-13.1,4.6,-14.0,2122,2338.0,-5.5,1.0,1740,-
6232,ＡＣＳＬ,機械,0.0,★☆☆☆☆,0.0,0.0,0.0,0.0,0.0,0.0,0.0,0.0,見送り(地合い🔴),,0.0,2.3,7.6,-12.6,1309,1544.0,-14.5,1.1,1145,-
7794,イーディーピー,その他製品,0.0,★☆☆☆☆,0.0,0.0,0.0,0.0,0.0,0.0,0.0,0.0,見送り(地合い🔴),,0.0,-13.4,5.3,-15.6,794,888.0,-4.1,0.9,392,-
7199,プレミアグループ,その他金融業,0.0,★☆☆☆☆,0.0,0.0,0.0,0.0,0.0,0.0,0.0,0.0,見送り(地合い🔴),,0.0,8.4,2.6,-2.5,1917,2021.0,-4.0,0.7,382,-
7157,ライフネット生命保険,保険業,0.0,★☆☆☆☆,0.0,0.0,0.0,0.0,0.0,0.0,0.0,0.0,見送り(地合い🔴),,0.0,14.2,3.2,-1.8,1501,1604.0,-3.6,1.1,276,-
4425,Ｋｕｄａｎ,情報・通信業,0.0,★☆☆☆☆,0.0,0.0,0.0,0.0,0.0,0.0,0.0,0.0,見送り(地合い🔴),,0.0,-0.9,5.6,-11.2,1482,1668.0,-8.0,1.0,286,-
6882,三社電機製作所,電気機器,0.0,★☆☆☆☆,0.0,0.0,0.0,0.0,0.0,0.0,0.0,0.0,見送り(地合い🔴),,0.0,-4.9,3.7,-9.9,1017,1098.0,-2.2,1.0,102,-
2432,ディー・エヌ・エー,情報・通信業,0.0,★☆☆☆☆,0.0,0.0,0.0,0.0,0.0,0.0,0.0,0.0,見送り(地合い🔴),,0.0,11.0,2.1,-0.5,2366,2469.0,1.6,0.7,3085,-
268A,リガク・ホールディングス,精密機器,0.0,★☆☆☆☆,0.0,0.0,0.0,0.0,0.0,0.0,0.0,0.0,見送り(地合い🔴),,0.0,-12.6,9.5,-19.0,1577,1945.0,-13.2,0.9,6786,-
4691,ワシントンホテル,サービス業,0.0,★☆☆☆☆,0.0,0.0,0.0,0.0,0.0,0.0,0.0,0.0,見送り(地合い🔴),,0.0,-4.5,4.9,-13.5,1963,2176.0,-7.6,0.8,142,-
7685,ＢｕｙＳｅｌｌ　Ｔｅｃｈｎｏｌｏｇｉｅｓ,卸売業,0.0,★☆☆☆☆,0.0,0.0,0.0,0.0,0.0,0.0,0.0,0.0,見送り(地合い🔴),,0.0,2.9,5.0,-9.7,2772,3080.0,-8.1,0.7,1141,-
3915,テラスカイ,情報・通信業,0.0,★☆☆☆☆,0.0,0.0,0.0,0.0,0.0,0.0,0.0,0.0,見送り(地合い🔴),,0.0,-4.2,5.8,-12.3,1763,1994.0,-7.9,0.9,509,-
7746,岡本硝子,精密機器,0.0,★☆☆☆☆,0.0,0.0,0.0,0.0,0.0,0.0,0.0,0.0,見送り(地合い🔴),,0.0,-12.2,4.9,-8.5,663,736.0,-4.5,0.3,581,-
7760,ＩＭＶ,精密機器,0.0,★☆☆☆☆,0.0,0.0,0.0,0.0,0.0,0.0,0.0,0.0,見送り(地合い🔴),,0.0,1.7,5.5,-10.3,1987,2230.0,-5.5,1.1,231,-
4393,バンク・オブ・イノベーション,情報・通信業,0.0,★☆☆☆☆,0.0,0.0,0.0,0.0,0.0,0.0,0.0,0.0,見送り(地合い🔴),,0.0,4.7,3.4,-3.9,4337,4655.0,-4.1,0.8,158,-
7649,スギホールディングス,小売業,0.0,★☆☆☆☆,0.0,0.0,0.0,0.0,0.0,0.0,0.0,0.0,見送り(地合い🔴),,0.0,1.6,3.5,-4.3,2705,2910.0,1.1,1.1,2905,-
281A,インフォメティス,情報・通信業,0.0,★☆☆☆☆,0.0,0.0,0.0,0.0,0.0,0.0,0.0,0.0,見送り(地合い🔴),,0.0,-29.4,9.0,-23.9,351,428.0,-9.3,0.6,164,-
3491,ＧＡ　ｔｅｃｈｎｏｌｏｇｉｅｓ,不動産業,0.0,★☆☆☆☆,0.0,0.0,0.0,0.0,0.0,0.0,0.0,0.0,見送り(地合い🔴),,0.0,8.5,3.7,-2.8,1216,1313.0,-3.6,0.9,218,-
290A,Ｓｙｎｓｐｅｃｔｉｖｅ,情報・通信業,0.0,★☆☆☆☆,0.0,0.0,0.0,0.0,0.0,0.0,0.0,0.0,見送り(地合い🔴),,0.0,3.1,6.3,-8.6,961,1100.0,-6.0,0.9,1733,-
6616,トレックス・セミコンダクター,電気機器,0.0,★☆☆☆☆,0.0,0.0,0.0,0.0,0.0,0.0,0.0,0.0,見送り(地合い🔴),,0.0,-20.6,6.8,-22.4,1465,1695.0,-9.5,1.0,230,-
6613,ＱＤレーザ,電気機器,0.0,★☆☆☆☆,0.0,0.0,0.0,0.0,0.0,0.0,0.0,0.0,見送り(地合い🔴),,0.0,-39.4,14.7,-41.0,982,1391.0,-17.0,0.8,6209,-
6597,ＨＰＣシステムズ,電気機器,0.0,★☆☆☆☆,0.0,0.0,0.0,0.0,0.0,0.0,0.0,0.0,見送り(地合い🔴),,0.0,-16.7,6.1,-18.4,2874,3275.0,-4.2,0.9,273,-
6584,三櫻工業,輸送用機器,0.0,★☆☆☆☆,0.0,0.0,0.0,0.0,0.0,0.0,0.0,0.0,見送り(地合い🔴),,0.0,-8.2,5.1,-13.6,696,774.0,-6.5,1.1,600,-
6521,オキサイド,電気機器,0.0,★☆☆☆☆,0.0,0.0,0.0,0.0,0.0,0.0,0.0,0.0,見送り(地合い🔴),,0.0,-27.0,9.0,-28.7,2397,2925.0,-14.6,0.9,914,-
6524,湖北工業,電気機器,0.0,★☆☆☆☆,0.0,0.0,0.0,0.0,0.0,0.0,0.0,0.0,見送り(地合い🔴),,0.0,-11.4,6.5,-15.9,3596,4130.0,-9.5,1.2,917,-
6866,日置電機,電気機器,0.0,★☆☆☆☆,0.0,0.0,0.0,0.0,0.0,0.0,0.0,0.0,見送り(地合い🔴),,0.0,-4.4,6.2,-8.8,9313,10640.0,-4.7,0.8,812,-
6492,岡野バルブ製造,機械,0.0,★☆☆☆☆,0.0,0.0,0.0,0.0,0.0,0.0,0.0,0.0,見送り(地合い🔴),,0.0,-13.3,8.0,-21.6,10909,12990.0,-14.0,0.9,639,-
3457,Ａｎｄ　Ｄｏホールディングス,不動産業,0.0,★☆☆☆☆,0.0,0.0,0.0,0.0,0.0,0.0,0.0,0.0,見送り(地合い🔴),,0.0,9.0,1.6,-1.7,905,936.0,0.0,0.5,106,-
6838,多摩川ホールディングス,電気機器,0.0,★☆☆☆☆,0.0,0.0,0.0,0.0,0.0,0.0,0.0,0.0,見送り(地合い🔴),,0.0,-21.2,6.6,-22.0,1085,1249.0,-7.8,1.0,413,-
3101,東洋紡,化学,0.0,★☆☆☆☆,0.0,0.0,0.0,0.0,0.0,0.0,0.0,0.0,見送り(地合い🔴),,0.0,2.4,4.5,-8.9,1400,1538.0,-7.2,1.0,1114,-
3110,日東紡績,ガラス・土石製品,0.0,★☆☆☆☆,0.0,0.0,0.0,0.0,0.0,0.0,0.0,0.0,見送り(地合い🔴),,0.0,-26.7,8.2,-18.9,2412,2886.0,-7.2,1.2,17548,-
6674,ジーエス・ユアサ　コーポレーション,電気機器,0.0,★☆☆☆☆,0.0,0.0,0.0,0.0,0.0,0.0,0.0,0.0,見送り(地合い🔴),,0.0,-8.2,5.2,-13.2,4894,5461.0,-4.6,1.2,4893,-
6777,ｓａｎｔｅｃ　Ｈｏｌｄｉｎｇｓ,電気機器,0.0,★☆☆☆☆,0.0,0.0,0.0,0.0,0.0,0.0,0.0,0.0,見送り(地合い🔴),,0.0,-27.1,8.5,-25.8,13679,16500.0,-12.7,0.9,2738,-
6779,日本電波工業,電気機器,0.0,★☆☆☆☆,0.0,0.0,0.0,0.0,0.0,0.0,0.0,0.0,見送り(地合い🔴),,0.0,-23.6,10.7,-27.3,1884,2395.0,-13.4,1.1,3206,-
6823,リオン,電気機器,0.0,★☆☆☆☆,0.0,0.0,0.0,0.0,0.0,0.0,0.0,0.0,見送り(地合い🔴),,0.0,-3.9,3.4,-8.5,3069,3295.0,-3.8,1.1,263,-
5985,サンコール,金属製品,0.0,★☆☆☆☆,0.0,0.0,0.0,0.0,0.0,0.0,0.0,0.0,見送り(地合い🔴),,0.0,-22.6,8.0,-23.4,976,1161.0,-11.8,1.0,1024,-
6203,豊和工業,機械,0.0,★☆☆☆☆,0.0,0.0,0.0,0.0,0.0,0.0,0.0,0.0,見送り(地合い🔴),,0.0,-1.0,6.5,-11.1,1196,1373.0,-6.3,0.9,596,-
5537,ＡｌｂａＬｉｎｋ,不動産業,0.0,★☆☆☆☆,0.0,0.0,0.0,0.0,0.0,0.0,0.0,0.0,見送り(地合い🔴),,0.0,14.1,5.4,-2.1,2503,2804.0,-4.2,0.9,143,-
7373,アイドマ・ホールディングス,サービス業,0.0,★☆☆☆☆,0.0,0.0,0.0,0.0,0.0,0.0,0.0,0.0,見送り(地合い🔴),,0.0,-5.5,4.5,-11.9,893,980.0,-3.5,0.7,157,-
1893,五洋建設,建設業,0.0,★☆☆☆☆,0.0,0.0,0.0,0.0,0.0,0.0,0.0,0.0,見送り(地合い🔴),,0.0,-0.8,3.4,-7.3,1420,1524.5,-4.0,1.0,2479,-
7717,ブイ・テクノロジー,精密機器,0.0,★☆☆☆☆,0.0,0.0,0.0,0.0,0.0,0.0,0.0,0.0,見送り(地合い🔴),,0.0,-32.3,9.6,-27.4,4337,5370.0,-15.8,0.9,3490,-
7715,長野計器,精密機器,0.0,★☆☆☆☆,0.0,0.0,0.0,0.0,0.0,0.0,0.0,0.0,見送り(地合い🔴),,0.0,-12.4,5.3,-13.4,3171,3545.0,-6.3,0.6,421,-
8830,住友不動産,不動産業,0.0,★☆☆☆☆,0.0,0.0,0.0,0.0,0.0,0.0,0.0,0.0,見送り(地合い🔴),,0.0,10.1,2.9,-0.2,3515,3731.0,-2.9,0.8,10027,-
8802,三菱地所,不動産業,0.0,★☆☆☆☆,0.0,0.0,0.0,0.0,0.0,0.0,0.0,0.0,見送り(地合い🔴),,0.0,7.5,2.9,-1.9,3818,4050.0,-4.8,0.8,12869,-
6255,エヌ・ピー・シー,機械,0.0,★☆☆☆☆,0.0,0.0,0.0,0.0,0.0,0.0,0.0,0.0,見送り(地合い🔴),,0.0,-5.1,5.2,-12.3,534,596.0,-10.2,0.9,189,-
215A,タイミー,サービス業,0.0,★☆☆☆☆,0.0,0.0,0.0,0.0,0.0,0.0,0.0,0.0,見送り(地合い🔴),,0.0,2.5,4.7,-6.2,1280,1414.0,-0.8,0.5,2717,-
6298,ワイエイシイホールディングス,機械,0.0,★☆☆☆☆,0.0,0.0,0.0,0.0,0.0,0.0,0.0,0.0,見送り(地合い🔴),,0.0,-6.3,5.1,-13.2,1000,1115.0,-6.9,0.9,361,-
6327,北川精機,機械,0.0,★☆☆☆☆,0.0,0.0,0.0,0.0,0.0,0.0,0.0,0.0,見送り(地合い🔴),,0.0,-47.1,20.8,-47.1,1715,2941.0,-27.7,0.9,4889,-
7366,ＬＩＴＡＬＩＣＯ,サービス業,0.0,★☆☆☆☆,0.0,0.0,0.0,0.0,0.0,0.0,0.0,0.0,見送り(地合い🔴),,0.0,11.7,2.9,-2.1,1495,1588.0,-3.1,1.0,160,-
3905,データセクション,情報・通信業,0.0,★☆☆☆☆,0.0,0.0,0.0,0.0,0.0,0.0,0.0,0.0,見送り(地合い🔴),,0.0,-31.5,9.8,-32.3,1685,2094.0,-16.6,0.8,5015,-
6433,ヒーハイスト,機械,0.0,★☆☆☆☆,0.0,0.0,0.0,0.0,0.0,0.0,0.0,0.0,見送り(地合い🔴),,0.0,-12.3,9.2,-19.4,688,844.0,-22.0,0.8,136,-
6480,日本トムソン,機械,0.0,★☆☆☆☆,0.0,0.0,0.0,0.0,0.0,0.0,0.0,0.0,見送り(地合い🔴),,0.0,-14.5,7.8,-20.8,1361,1613.0,-9.6,1.1,1640,-
2585,ライフドリンク　カンパニー,食料品,0.0,★☆☆☆☆,0.0,0.0,0.0,0.0,0.0,0.0,0.0,0.0,見送り(地合い🔴),,0.0,-1.4,4.4,-2.0,1358,1488.0,2.8,0.7,828,-
4216,旭有機材,化学,0.0,★☆☆☆☆,0.0,0.0,0.0,0.0,0.0,0.0,0.0,0.0,見送り(地合い🔴),,0.0,-8.4,4.4,-12.3,5421,5940.0,-4.3,1.0,392,-
4182,三菱瓦斯化学,化学,0.0,★☆☆☆☆,0.0,0.0,0.0,0.0,0.0,0.0,0.0,0.0,見送り(地合い🔴),,0.0,-11.9,5.4,-15.8,3572,4003.0,-10.1,1.2,4507,-
4506,住友ファーマ,医薬品,0.0,★☆☆☆☆,0.0,0.0,0.0,0.0,0.0,0.0,0.0,0.0,見送り(地合い🔴),,0.0,-5.2,3.8,-7.8,1195,1292.5,-0.9,0.9,4904,-
7956,ピジョン,その他製品,0.0,★☆☆☆☆,0.0,0.0,0.0,0.0,0.0,0.0,0.0,0.0,見送り(地合い🔴),,0.0,9.2,1.9,-1.2,1926,2002.5,-1.3,1.0,1821,-
7868,広済堂ホールディングス,その他製品,0.0,★☆☆☆☆,0.0,0.0,0.0,0.0,0.0,0.0,0.0,0.0,見送り(地合い🔴),,0.0,4.8,3.3,-3.9,486,520.0,-1.5,1.0,338,-
6966,三井ハイテック,電気機器,0.0,★☆☆☆☆,0.0,0.0,0.0,0.0,0.0,0.0,0.0,0.0,見送り(地合い🔴),,0.0,-1.4,5.9,-10.3,772,875.0,-4.5,0.9,2841,-
6962,大真空,電気機器,0.0,★☆☆☆☆,0.0,0.0,0.0,0.0,0.0,0.0,0.0,0.0,見送り(地合い🔴),,0.0,-12.0,5.6,-15.7,633,712.0,-4.8,0.7,513,-
6996,ニチコン,電気機器,0.0,★☆☆☆☆,0.0,0.0,0.0,0.0,0.0,0.0,0.0,0.0,見送り(地合い🔴),,0.0,-24.7,8.0,-24.4,2315,2755.0,-8.0,0.6,4751,-
9227,マイクロ波化学,サービス業,0.0,★☆☆☆☆,0.0,0.0,0.0,0.0,0.0,0.0,0.0,0.0,見送り(地合い🔴),,0.0,3.5,4.4,-5.9,745,817.0,0.7,0.7,124,-
2120,ＬＩＦＵＬＬ,サービス業,0.0,★☆☆☆☆,0.0,0.0,0.0,0.0,0.0,0.0,0.0,0.0,見送り(地合い🔴),,0.0,11.8,2.3,-0.6,187,196.0,-2.5,0.8,104,-
9880,イノテック,電気機器,0.0,★☆☆☆☆,0.0,0.0,0.0,0.0,0.0,0.0,0.0,0.0,見送り(地合い🔴),,0.0,-11.0,5.3,-15.3,2764,3095.0,-7.1,1.1,427,-
1801,大成建設,建設業,0.0,★☆☆☆☆,0.0,0.0,0.0,0.0,0.0,0.0,0.0,0.0,見送り(地合い🔴),,0.0,3.8,3.7,-4.0,12459,13450.0,-1.4,0.8,8683,-
135A,ＶＲＡＩＮ　Ｓｏｌｕｔｉｏｎ,情報・通信業,0.0,★☆☆☆☆,0.0,0.0,0.0,0.0,0.0,0.0,0.0,0.0,見送り(地合い🔴),,0.0,-6.1,7.0,-13.0,3043,3535.0,-7.6,0.5,417,-
