code,name,sector,score,stars,linkage,theme,supply,etf,tech,fund,material,penalty,signal,driver,gap_pct,rs20,atr_pct,dev25,stop,close,chg5d,v_ratio,turnover_m,reasons_str
5803,フジクラ,非鉄金属,43.8,★★☆☆☆,20.4,20.0,2.0,0.0,6.0,0.0,0.4,-5.0,,SK hynix,2.9,26.8,7.9,21.4,4975,5902.0,5.8,1.3,293246,SK hynix+10.5%連動(β0.44) 未反応+2.9% / 光通信・電線(+7.1%) / 過熱⚠25MA+21% / 開示[業績予想の修正](12日前)
6501,日立製作所,電気機器,43.8,★★☆☆☆,17.8,14.0,3.3,0.0,8.7,0.0,0.0,0.0,,SK hynix,5.0,11.7,3.0,6.3,5179,5514.0,-1.9,0.9,66275,SK hynix+10.5%連動(β0.22) 未反応+5.0% / AIデータセンター・電力(+4.0%) / 買い出来高優勢 / MA上昇配列
4980,デクセリアルズ,化学,43.0,★★☆☆☆,21.5,20.0,0.0,0.0,1.5,0.0,0.0,0.0,,SK hynix,5.9,-18.2,6.1,-10.4,2678,3053.0,-0.4,1.0,6007,SK hynix+10.5%連動(β0.36) 未反応+5.9% / 光通信・電線(+7.1%)
5805,ＳＷＣＣ,非鉄金属,40.900000000000006,★★☆☆☆,8.3,20.0,3.3,0.0,4.7,9.0,0.6,-5.0,,SK hynix,-4.9,35.2,6.0,22.0,12929,14700.0,7.6,0.9,6771,SK hynix+10.5%連動(β0.31) / 光通信・電線(+7.1%) / 買い出来高優勢 / 過熱⚠25MA+22% / 開示[上方修正](12日前) / 増収+25% / ROE24% / PER21倍
5310,東洋炭素,ガラス・土石製品,40.9,★★☆☆☆,19.4,13.5,2.0,0.0,6.0,0.0,0.0,0.0,,SK hynix,5.0,5.6,5.1,3.9,6447,7180.0,-3.2,0.7,831,SK hynix+10.5%連動(β0.28) 未反応+5.0% / 核融合(+3.8%)
7729,東京精密,精密機器,40.8,★★☆☆☆,23.0,8.8,2.0,0.0,7.0,0.0,0.0,0.0,,SK hynix,3.9,3.8,5.8,3.8,16425,18580.0,2.7,0.7,9155,SK hynix+10.5%連動(β0.43) 未反応+3.9% / HBM・後工程(+1.4%)
6857,アドバンテスト,電気機器,40.400000000000006,★★☆☆☆,19.6,8.8,0.0,0.0,12.0,0.0,0.0,0.0,,SK hynix,1.8,25.2,7.2,14.6,30716,35860.0,4.7,0.7,302015,SK hynix+10.5%連動(β0.54) 未反応+1.8% / HBM・後工程(+1.4%) / MA上昇配列 / パーフェクトオーダー
6504,富士電機,電気機器,40.3,★★☆☆☆,19.3,14.0,0.0,0.0,7.0,0.0,0.0,0.0,,SK hynix,3.8,13.8,5.7,6.0,12754,14410.0,-1.5,0.6,15087,SK hynix+10.5%連動(β0.31) 未反応+3.8% / AIデータセンター・電力(+4.0%)
4401,ＡＤＥＫＡ,化学,39.8,★☆☆☆☆,16.4,0.0,4.3,0.0,10.7,8.0,0.4,0.0,,SK hynix,3.8,11.5,3.8,10.7,4333,4692.0,-1.4,0.5,2615,SK hynix+10.5%連動(β0.19) 未反応+3.8% / 買い出来高優勢 / MA上昇配列 / パーフェクトオーダー / 開示[業績予想の修正](12日前) / 増収+15% / PER16倍
6146,ディスコ,機械,39.400000000000006,★☆☆☆☆,24.6,8.8,2.0,0.0,4.0,0.0,0.0,0.0,,SK hynix,6.0,-8.9,6.5,-1.8,54244,62350.0,-1.0,0.5,125356,SK hynix+10.5%連動(β0.48) 未反応+6.0% / HBM・後工程(+1.4%)
6508,明電舎,電気機器,39.4,★☆☆☆☆,7.4,14.0,4.3,0.0,10.7,8.0,0.0,-5.0,,SK hynix,-4.5,39.5,5.6,23.0,10870,12250.0,13.5,1.0,3519,SK hynix+10.5%連動(β0.28) / AIデータセンター・電力(+4.0%) / 買い出来高優勢 / MA上昇配列 / パーフェクトオーダー / 過熱⚠25MA+23% / 増収+26% / ROE18% / PER22倍
6652,ＩＤＥＣ,電気機器,38.8,★☆☆☆☆,16.0,0.0,4.3,0.0,12.0,6.5,0.0,0.0,,SK hynix,5.8,13.2,3.7,8.1,3484,3760.0,-1.6,1.0,551,SK hynix+10.5%連動(β0.15) 未反応+5.8% / 買い出来高優勢 / MA上昇配列 / パーフェクトオーダー / 増収+36%
4369,トリケミカル研究所,化学,38.8,★☆☆☆☆,23.3,0.0,1.0,0.0,6.0,8.5,0.0,0.0,,SK hynix,4.2,0.6,6.2,1.7,2954,3375.0,1.2,0.9,1680,SK hynix+10.5%連動(β0.43) 未反応+4.2% / ROE18% / PER18倍
6323,ローツェ,機械,38.7,★☆☆☆☆,24.1,8.6,1.0,0.0,5.0,0.0,0.0,0.0,,SK hynix,3.5,-10.1,7.4,-1.7,3564,4184.0,3.6,0.5,11851,SK hynix+10.5%連動(β0.52) 未反応+3.5% / 半導体製造装置(+1.3%)
3993,ＰＫＳＨＡ　Ｔｅｃｈｎｏｌｏｇｙ,情報・通信業,38.5,★☆☆☆☆,19.3,9.2,2.0,0.0,8.0,0.0,0.0,0.0,,SK hynix,5.8,-3.6,4.9,1.5,2638,2924.0,0.8,0.9,1217,SK hynix+10.5%連動(β0.28) 未反応+5.8% / 生成AI・ソフト(+1.6%) / MA上昇配列
6103,オークマ,機械,38.400000000000006,★☆☆☆☆,16.3,0.0,2.0,0.0,12.0,7.0,1.1,0.0,,SK hynix,3.6,6.1,4.1,4.3,4891,5330.0,-3.4,0.4,2627,SK hynix+10.5%連動(β0.21) 未反応+3.6% / MA上昇配列 / パーフェクトオーダー / 開示[自己株式の取得](9日前) / 増収+16% / PER24倍
2737,トーメンデバイス,卸売業,38.4,★☆☆☆☆,20.4,0.0,4.0,0.0,11.0,8.0,0.0,-5.0,,SK hynix,5.0,97.9,10.2,35.7,24439,30700.0,4.5,1.0,4236,SK hynix+10.5%連動(β0.32) 未反応+5.0% / 資金流入増 / MA上昇配列 / パーフェクトオーダー / 過熱⚠25MA+36% / 増収+286% / ROE39% / PER19倍
4631,ＤＩＣ,化学,37.8,★☆☆☆☆,16.1,0.0,3.0,0.0,10.7,8.0,3.0,-3.0,,SK hynix,4.1,18.7,4.0,15.5,5058,5495.0,2.2,1.1,3747,SK hynix+10.5%連動(β0.16) 未反応+4.1% / MA上昇配列 / パーフェクトオーダー / 伸びすぎ注意(25MA+16%) / 開示[業績予想の修正](9日前) / 開示[増配](9日前) / 増収+19% / PER9倍
4062,イビデン,電気機器,37.5,★☆☆☆☆,25.7,8.8,0.0,0.0,6.0,0.0,0.0,-3.0,,SK hynix,3.8,27.9,9.4,15.7,16962,20875.0,5.0,0.8,157003,SK hynix+10.5%連動(β0.54) 未反応+3.8% / HBM・後工程(+1.4%) / 伸びすぎ注意(25MA+16%)
6273,ＳＭＣ,機械,37.5,★☆☆☆☆,19.0,0.0,0.0,0.0,11.0,7.5,0.0,0.0,,SK hynix,6.8,3.4,5.1,3.2,67541,75200.0,-4.0,0.9,22848,SK hynix+10.5%連動(β0.26) 未反応+6.8% / MA上昇配列 / パーフェクトオーダー / 増収+35%
6315,ＴＯＷＡ,機械,37.300000000000004,★☆☆☆☆,26.3,8.8,1.0,0.0,1.2,0.0,0.0,0.0,,SK hynix,10.1,-18.1,7.7,-12.0,2054,2430.0,-4.4,1.2,13240,SK hynix+10.5%連動(β0.54) 未反応+10.1% / HBM・後工程(+1.4%)
7013,ＩＨＩ,機械,36.5,★☆☆☆☆,0.0,20.0,0.0,0.0,8.0,8.5,0.0,0.0,,,0.0,6.9,4.5,5.8,2721,2987.5,8.3,0.7,41167,防衛(+7.9%) / MA上昇配列 / ROE33% / PER18倍
3878,巴川コーポレーション,化学,36.400000000000006,★☆☆☆☆,17.1,0.0,5.3,0.0,7.0,7.0,0.0,0.0,,SK hynix,5.4,13.7,3.6,6.9,819,883.0,1.6,0.4,107,SK hynix+10.5%連動(β0.19) 未反応+5.4% / 買い出来高優勢 / 資金流入増 / 増収+18% / PER9倍
6954,ファナック,電気機器,36.4,★☆☆☆☆,19.2,6.0,1.0,0.0,2.7,7.5,0.0,0.0,,SK hynix,9.3,-10.5,5.8,-5.2,5557,6285.0,-3.4,0.6,51201,SK hynix+10.5%連動(β0.27) 未反応+9.3% / ロボット(-4.5%) / 増収+18%
7637,白銅,卸売業,36.1,★☆☆☆☆,15.1,0.0,2.0,0.0,12.0,7.0,0.0,0.0,,SK hynix,3.5,13.7,5.5,8.9,3424,3850.0,5.9,0.8,197,SK hynix+10.5%連動(β0.18) 未反応+3.5% / MA上昇配列 / パーフェクトオーダー / 増収+29% / PER19倍
3374,内外テック,卸売業,36.0,★☆☆☆☆,18.9,0.0,3.0,0.0,9.7,7.0,0.4,-3.0,,SK hynix,8.4,26.2,5.9,17.3,3677,4170.0,-1.0,0.9,242,SK hynix+10.5%連動(β0.26) 未反応+8.4% / MA上昇配列 / パーフェクトオーダー / 伸びすぎ注意(25MA+17%) / 開示[業績予想の修正](12日前) / 増収+60% / PER14倍
6503,三菱電機,電気機器,36.0,★☆☆☆☆,7.0,14.0,2.0,0.0,8.0,5.0,0.0,0.0,,SK hynix,0.2,7.1,4.3,5.6,5508,6031.0,3.2,0.6,36586,SK hynix+10.5%連動(β0.24) / AIデータセンター・電力(+4.0%)
4183,三井化学,化学,35.900000000000006,★☆☆☆☆,12.0,0.0,3.3,0.0,12.0,6.5,2.1,0.0,,SK hynix,2.7,-1.2,2.8,1.8,2082,2205.0,-0.3,0.7,4782,SK hynix+10.5%連動(β0.15) 未反応+2.7% / 買い出来高優勢 / MA上昇配列 / パーフェクトオーダー / 開示[買収](2日前) / PER23倍
6324,ハーモニック・ドライブ・システムズ,機械,35.9,★☆☆☆☆,22.3,6.0,2.0,0.0,1.2,4.0,0.4,0.0,,SK hynix,11.0,-13.1,9.5,-10.0,4829,5960.0,-6.6,1.3,10273,SK hynix+10.5%連動(β0.39) 未反応+11.0% / ロボット(-4.5%) / 開示[業績予想の修正](12日前) / 増収+24%
5802,住友電気工業,非鉄金属,35.8,★☆☆☆☆,8.8,20.0,2.0,0.0,5.0,0.0,0.0,0.0,,SK hynix,-3.1,2.4,7.2,4.8,2074,2419.5,12.0,1.1,60932,SK hynix+10.5%連動(β0.33) / 光通信・電線(+7.1%)
6741,日本信号,電気機器,35.8,★☆☆☆☆,14.8,0.0,3.0,0.0,12.0,6.0,0.0,0.0,,SK hynix,4.0,9.4,3.9,5.9,1645,1784.0,-5.3,0.7,440,SK hynix+10.5%連動(β0.11) 未反応+4.0% / MA上昇配列 / パーフェクトオーダー / 増収+30% / PER9倍
7735,ＳＣＲＥＥＮホールディングス,電気機器,35.7,★☆☆☆☆,23.4,8.6,1.0,0.0,2.7,0.0,0.0,0.0,,SK hynix,4.9,-22.2,7.1,-8.0,11744,13695.0,3.9,0.6,51171,SK hynix+10.5%連動(β0.43) 未反応+4.9% / 半導体製造装置(+1.3%)
5801,古河電気工業,非鉄金属,35.6,★☆☆☆☆,12.9,20.0,3.0,0.0,4.7,0.0,0.0,-5.0,,SK hynix,0.8,28.7,8.7,21.5,3608,4368.0,10.5,1.5,110806,SK hynix+10.5%連動(β0.40) 未反応+0.8% / 光通信・電線(+7.1%) / 過熱⚠25MA+21%
6301,小松製作所,機械,35.6,★☆☆☆☆,16.1,0.0,1.0,0.0,12.0,6.5,0.0,0.0,,SK hynix,4.1,9.5,3.6,3.9,6650,7168.0,-3.7,0.7,22742,SK hynix+10.5%連動(β0.16) 未反応+4.1% / MA上昇配列 / パーフェクトオーダー / PER16倍
7762,シチズン時計,精密機器,35.400000000000006,★☆☆☆☆,9.5,0.0,5.3,0.0,11.0,8.0,1.6,0.0,,SK hynix,1.6,14.1,5.5,10.9,2317,2600.0,1.1,1.3,4775,SK hynix+10.5%連動(β0.17) 未反応+1.6% / 買い出来高優勢 / MA上昇配列 / パーフェクトオーダー / 開示[業績予想の修正](5日前) / 増収+30% / PER20倍
6627,テラプローブ,電気機器,35.4,★☆☆☆☆,26.1,0.0,2.0,0.0,6.0,0.0,1.3,0.0,,SK hynix,9.6,1.7,9.6,0.2,9149,11310.0,-2.9,1.8,2079,SK hynix+10.5%連動(β0.54) 未反応+9.6% / 開示[株式分割](5日前)
6723,ルネサスエレクトロニクス,電気機器,35.1,★☆☆☆☆,22.1,0.0,0.0,0.0,4.0,9.0,0.0,0.0,,SK hynix,4.0,-5.6,7.0,-1.5,3272,3807.0,-0.5,0.8,57334,SK hynix+10.5%連動(β0.39) 未反応+4.0% / 増収+28% / PER19倍
8035,東京エレクトロン,電気機器,34.900000000000006,★☆☆☆☆,23.6,8.6,0.0,0.0,2.7,0.0,0.0,0.0,,SK hynix,7.8,-18.6,6.5,-7.3,49051,56380.0,-0.7,0.9,247876,SK hynix+10.5%連動(β0.44) 未反応+7.8% / 半導体製造装置(+1.3%)
4971,メック,化学,34.9,★☆☆☆☆,22.8,0.0,1.0,0.0,1.2,9.0,0.9,0.0,,SK hynix,6.7,-13.5,9.9,-10.9,6024,7510.0,-16.4,1.4,3967,SK hynix+10.5%連動(β0.41) 未反応+6.7% / 開示[業績予想の修正](9日前) / 増収+88% / PER21倍
6302,住友重機械工業,機械,34.9,★☆☆☆☆,14.2,0.0,3.0,0.0,10.7,7.0,0.0,0.0,,SK hynix,3.1,12.5,4.2,7.7,5424,5919.0,-0.2,0.7,5753,SK hynix+10.5%連動(β0.18) 未反応+3.1% / MA上昇配列 / パーフェクトオーダー / 増収+18% / PER16倍
7826,フルヤ金属,その他製品,34.9,★☆☆☆☆,20.9,0.0,2.0,0.0,7.0,8.0,0.0,-3.0,,SK hynix,4.2,27.7,6.9,19.1,7440,8640.0,0.9,0.7,3964,SK hynix+10.5%連動(β0.34) 未反応+4.2% / 伸びすぎ注意(25MA+19%) / 増収+53% / PER12倍
6920,レーザーテック,電気機器,34.7,★☆☆☆☆,23.9,8.6,1.0,0.0,1.2,0.0,0.0,0.0,,SK hynix,9.8,-16.8,9.1,-10.6,30319,37020.0,-6.5,0.8,142737,SK hynix+10.5%連動(β0.45) 未反応+9.8% / 半導体製造装置(+1.3%)
4189,ＫＨネオケム,化学,34.6,★☆☆☆☆,16.1,0.0,3.0,0.0,9.5,6.0,0.0,0.0,,SK hynix,4.8,6.8,4.2,4.3,3071,3350.0,-3.9,0.4,708,SK hynix+10.5%連動(β0.16) 未反応+4.8% / MA上昇配列 / パーフェクトオーダー / PER12倍
3132,マクニカホールディングス,卸売業,34.5,★☆☆☆☆,19.5,0.0,3.0,0.0,12.0,0.0,0.0,0.0,,SK hynix,5.2,7.2,5.7,4.8,3188,3596.0,0.1,0.5,4080,SK hynix+10.5%連動(β0.28) 未反応+5.2% / MA上昇配列 / パーフェクトオーダー
8050,セイコーグループ,精密機器,34.49999999999999,★☆☆☆☆,18.4,0.0,3.0,0.0,10.7,7.0,0.4,-5.0,,SK hynix,6.8,39.8,6.3,24.1,9401,10760.0,0.8,0.7,4508,SK hynix+10.5%連動(β0.24) 未反応+6.8% / MA上昇配列 / パーフェクトオーダー / 過熱⚠25MA+24% / 開示[増配](12日前) / 増収+28% / ROE15%
7609,ダイトロン,卸売業,34.3,★☆☆☆☆,12.3,0.0,5.3,0.0,10.7,9.0,0.0,-3.0,,SK hynix,2.2,33.3,5.8,19.7,4036,4570.0,1.9,0.6,891,SK hynix+10.5%連動(β0.21) 未反応+2.2% / 買い出来高優勢 / 資金流入増 / MA上昇配列 / パーフェクトオーダー / 伸びすぎ注意(25MA+20%) / 増収+15% / ROE17% / PER15倍
6376,日機装,精密機器,34.0,★☆☆☆☆,17.0,0.0,3.3,0.0,2.2,8.0,3.5,0.0,,SK hynix,4.0,-9.4,7.3,-5.5,3129,3660.0,-6.6,2.1,2237,SK hynix+10.5%連動(β0.19) 未反応+4.0% / 出来高増2.1倍 / 開示[業績予想の修正](5日前) / 開示[増配](5日前) / 増収+21% / PER13倍
4462,石原ケミカル,化学,33.9,★☆☆☆☆,14.4,0.0,1.0,0.0,11.0,7.5,0.0,0.0,,SK hynix,2.9,2.7,5.8,4.2,2793,3160.0,-2.5,0.5,141,SK hynix+10.5%連動(β0.22) 未反応+2.9% / MA上昇配列 / パーフェクトオーダー / PER14倍
5186,ニッタ,ゴム製品,33.8,★☆☆☆☆,13.9,0.0,1.0,0.0,12.0,6.5,0.4,0.0,,SK hynix,3.7,-2.1,3.6,2.4,6297,6790.0,-4.0,0.7,422,SK hynix+10.5%連動(β0.11) 未反応+3.7% / MA上昇配列 / パーフェクトオーダー / 開示[業績予想の修正](12日前) / PER13倍
3891,ニッポン高度紙工業,パルプ・紙,33.8,★☆☆☆☆,20.3,0.0,1.0,0.0,5.0,7.5,0.0,0.0,,SK hynix,4.6,-4.2,8.8,0.2,5783,7020.0,4.0,0.8,1524,SK hynix+10.5%連動(β0.32) 未反応+4.6% / 増収+30%
4004,レゾナック・ホールディングス,化学,33.7,★☆☆☆☆,21.7,0.0,0.0,0.0,7.0,5.0,0.0,0.0,,SK hynix,6.4,16.9,7.4,12.4,14475,16975.0,3.9,0.7,45705,SK hynix+10.5%連動(β0.37) 未反応+6.4% / 増収+15%
6525,ＫＯＫＵＳＡＩ　ＥＬＥＣＴＲＩＣ,電気機器,33.5,★☆☆☆☆,24.5,0.0,0.0,0.0,9.0,0.0,0.0,0.0,,SK hynix,5.0,-6.8,9.3,0.5,7045,8660.0,8.2,0.8,70435,SK hynix+10.5%連動(β0.48) 未反応+5.0% / MA上昇配列 / パーフェクトオーダー
6134,ＦＵＪＩ,機械,33.5,★☆☆☆☆,19.5,0.0,2.0,0.0,7.0,5.0,0.0,0.0,,SK hynix,5.2,3.8,6.9,3.1,6836,7931.0,-1.6,0.5,8256,SK hynix+10.5%連動(β0.29) 未反応+5.2% / 増収+46%
7012,川崎重工業,輸送用機器,33.5,★☆☆☆☆,0.0,20.0,2.0,0.0,6.0,5.5,0.0,0.0,,,0.0,4.6,4.0,3.7,2631,2860.0,6.2,0.9,32619,防衛(+7.9%) / PER21倍
3156,レスター,卸売業,33.3,★☆☆☆☆,15.7,0.0,2.0,0.0,11.0,7.0,0.6,-3.0,,SK hynix,6.0,34.2,6.7,16.4,4214,4870.0,-4.9,1.1,736,SK hynix+10.5%連動(β0.14) 未反応+6.0% / MA上昇配列 / パーフェクトオーダー / 伸びすぎ注意(25MA+16%) / 開示[上方修正](12日前) / 増収+43% / PER17倍
5344,ＭＡＲＵＷＡ,ガラス・土石製品,33.3,★☆☆☆☆,22.3,0.0,1.0,0.0,5.0,5.0,0.0,0.0,,SK hynix,6.9,2.8,6.8,2.2,51007,59000.0,0.4,0.7,8541,SK hynix+10.5%連動(β0.39) 未反応+6.9%
6506,安川電機,電気機器,33.2,★☆☆☆☆,21.2,6.0,2.0,0.0,4.0,0.0,0.0,0.0,,SK hynix,8.9,-4.1,4.7,-1.1,4685,5171.0,-3.6,0.6,30581,SK hynix+10.5%連動(β0.35) 未反応+8.9% / ロボット(-4.5%)
4251,恵和,化学,33.2,★☆☆☆☆,18.7,0.0,3.3,0.0,1.2,6.5,3.5,0.0,,SK hynix,10.3,-5.3,2.7,-3.8,1125,1190.0,-6.7,2.2,119,SK hynix+10.5%連動(β0.26) 未反応+10.3% / 出来高増2.2倍 / 開示[業績予想の修正](5日前) / 開示[自己株式取得](5日前) / PER7倍
6928,エノモト,電気機器,33.1,★☆☆☆☆,10.3,0.0,7.7,0.0,6.0,7.0,2.1,0.0,,SK hynix,1.5,14.6,6.3,12.4,2649,3030.0,-1.3,4.3,272,SK hynix+10.5%連動(β0.22) 未反応+1.5% / 出来高急増4.3倍 / 資金流入増 / 開示[増配](9日前) / 開示[自己株式取得](9日前) / 増収+22% / PER15倍
4203,住友ベークライト,化学,33.1,★☆☆☆☆,16.8,0.0,4.3,0.0,12.0,0.0,0.0,0.0,,SK hynix,3.4,5.7,5.5,7.4,6880,7727.0,1.6,0.5,5638,SK hynix+10.5%連動(β0.26) 未反応+3.4% / 買い出来高優勢 / MA上昇配列 / パーフェクトオーダー
6407,ＣＫＤ,機械,33.099999999999994,★☆☆☆☆,22.9,0.0,0.0,0.0,2.7,7.5,0.0,0.0,,SK hynix,9.4,-11.9,8.3,-6.6,4889,5860.0,-2.8,0.9,5826,SK hynix+10.5%連動(β0.42) 未反応+9.4% / 増収+36%
6871,日本マイクロニクス,電気機器,32.900000000000006,★☆☆☆☆,15.0,8.6,3.3,0.0,6.0,0.0,0.0,0.0,,SK hynix,0.1,0.4,9.0,0.6,12107,14750.0,6.2,1.0,21782,SK hynix+10.5%連動(β0.56) / 半導体製造装置(+1.3%) / 買い出来高優勢
5384,フジミインコーポレーテッド,ガラス・土石製品,32.9,★☆☆☆☆,20.7,0.0,2.0,0.0,2.7,7.5,0.0,0.0,,SK hynix,6.9,-7.3,6.5,-3.3,3371,3875.0,-1.6,0.9,1883,SK hynix+10.5%連動(β0.33) 未反応+6.9% / 増収+19%
6305,日立建機,機械,32.9,★☆☆☆☆,16.2,0.0,1.0,0.0,6.2,6.5,3.0,0.0,,SK hynix,5.1,2.2,3.6,1.2,5090,5490.0,-1.6,1.1,8543,SK hynix+10.5%連動(β0.16) 未反応+5.1% / MA上昇配列 / パーフェクトオーダー / 開示[自己株式取得](0日前) / PER16倍
4461,第一工業製薬,化学,32.8,★☆☆☆☆,20.8,0.0,3.0,0.0,12.0,0.0,0.0,-3.0,,SK hynix,7.5,36.9,8.3,17.9,11976,14350.0,0.2,0.6,2990,SK hynix+10.5%連動(β0.34) 未反応+7.5% / MA上昇配列 / パーフェクトオーダー / 伸びすぎ注意(25MA+18%)
6999,ＫＯＡ,電気機器,32.7,★☆☆☆☆,18.7,0.0,3.0,0.0,5.0,6.0,0.0,0.0,,SK hynix,3.7,4.0,6.8,0.5,2111,2445.0,-0.6,0.3,3795,SK hynix+10.5%連動(β0.29) 未反応+3.7% / 資金流入増 / 増収+24% / PER21倍
2760,東京エレクトロン　デバイス,卸売業,32.6,★☆☆☆☆,19.6,0.0,3.0,0.0,10.0,0.0,0.0,0.0,,SK hynix,5.4,9.7,6.0,4.3,3696,4205.0,-2.8,0.6,1031,SK hynix+10.5%連動(β0.29) 未反応+5.4% / MA上昇配列 / パーフェクトオーダー
8154,加賀電子,卸売業,32.5,★☆☆☆☆,16.2,0.0,2.0,0.0,12.0,0.0,2.3,0.0,,SK hynix,4.0,17.6,4.0,9.4,4635,5040.0,1.6,0.9,899,SK hynix+10.5%連動(β0.16) 未反応+4.0% / MA上昇配列 / パーフェクトオーダー / 開示[上方修正](6日前)
6861,キーエンス,電気機器,32.5,★☆☆☆☆,17.5,0.0,3.0,0.0,12.0,0.0,0.0,0.0,,SK hynix,5.7,13.5,3.9,6.0,77539,84130.0,-1.0,0.6,63456,SK hynix+10.5%連動(β0.21) 未反応+5.7% / MA上昇配列 / パーフェクトオーダー
6590,芝浦メカトロニクス,電気機器,32.4,★☆☆☆☆,25.2,0.0,0.0,0.0,1.2,6.0,0.0,0.0,,SK hynix,4.0,-18.0,9.4,-8.9,3567,4395.0,2.6,0.8,10096,SK hynix+10.5%連動(β0.50) 未反応+4.0% / ROE20% / PER24倍
6337,テセック,機械,31.700000000000003,★☆☆☆☆,12.2,0.0,5.3,0.0,10.7,6.5,0.0,-3.0,,SK hynix,1.7,49.1,8.0,19.5,2851,3390.0,1.6,0.2,491,SK hynix+10.5%連動(β0.27) 未反応+1.7% / 買い出来高優勢 / 資金流入増 / MA上昇配列 / パーフェクトオーダー / 伸びすぎ注意(25MA+19%) / 増収+79%
7011,三菱重工業,機械,31.7,★☆☆☆☆,0.0,20.0,2.0,0.0,7.7,2.0,0.0,0.0,,,0.0,13.5,3.7,10.7,4046,4370.0,9.1,1.0,79209,防衛(+7.9%) / MA上昇配列
6981,村田製作所,電気機器,31.7,★☆☆☆☆,22.6,0.0,0.0,0.0,2.7,6.0,0.4,0.0,,SK hynix,4.8,-7.0,9.5,-4.3,6079,7496.0,2.7,1.0,227223,SK hynix+10.5%連動(β0.40) 未反応+4.8% / 開示[自己株式の取得](12日前) / 増収+21%
4186,東京応化工業,化学,31.7,★☆☆☆☆,22.5,0.0,1.0,0.0,2.7,5.5,0.0,0.0,,SK hynix,5.5,-12.0,6.8,-4.0,7961,9213.0,2.1,0.6,10159,SK hynix+10.5%連動(β0.40) 未反応+5.5% / 増収+93%
3105,日清紡ホールディングス,電気機器,31.0,★☆☆☆☆,16.0,0.0,1.0,0.0,11.0,3.0,0.0,0.0,,SK hynix,4.6,0.1,6.2,1.2,2032,2318.0,-6.1,0.7,2121,SK hynix+10.5%連動(β0.15) 未反応+4.6% / MA上昇配列 / パーフェクトオーダー / PER14倍
6255,エヌ・ピー・シー,機械,28.9,★☆☆☆☆,18.9,0.0,1.0,0.0,6.0,3.0,0.0,0.0,,SK hynix,4.3,5.4,5.1,5.6,632,703.0,-0.3,0.4,192,SK hynix+10.5%連動(β0.26) 未反応+4.3% / PER19倍
6752,パナソニック　ホールディングス,電気機器,28.8,★☆☆☆☆,14.3,0.0,0.0,0.0,12.0,2.5,0.0,0.0,,SK hynix,2.8,8.8,5.6,7.8,4044,4552.0,2.6,1.0,41294,SK hynix+10.5%連動(β0.22) 未反応+2.8% / MA上昇配列 / パーフェクトオーダー
7725,インターアクション,精密機器,28.7,★☆☆☆☆,19.2,0.0,2.0,0.0,6.0,1.5,0.0,0.0,,SK hynix,6.5,2.8,4.9,3.4,1674,1855.0,-3.1,0.6,268,SK hynix+10.5%連動(β0.28) 未反応+6.5%
6440,ＪＵＫＩ,機械,28.6,★☆☆☆☆,15.3,0.0,4.3,0.0,6.0,3.0,0.0,0.0,,SK hynix,3.3,16.9,5.4,10.4,567,635.0,-5.4,0.8,242,SK hynix+10.5%連動(β0.20) 未反応+3.3% / 買い出来高優勢 / PER10倍
6976,太陽誘電,電気機器,28.099999999999998,★☆☆☆☆,23.9,0.0,0.0,0.0,2.7,1.5,0.0,0.0,,SK hynix,7.4,-14.6,11.6,-8.0,7679,9991.0,4.6,1.1,242623,SK hynix+10.5%連動(β0.45) 未反応+7.4%
6925,ウシオ電機,電気機器,25.2,★☆☆☆☆,16.2,0.0,2.0,0.0,7.0,0.0,0.0,0.0,,SK hynix,3.6,3.8,5.2,2.4,3729,4166.0,0.2,0.7,1792,SK hynix+10.5%連動(β0.21) 未反応+3.6%
6490,ＰＩＬＬＡＲ,機械,25.2,★☆☆☆☆,14.2,0.0,0.0,0.0,11.0,0.0,0.0,0.0,,SK hynix,1.8,7.1,7.7,5.2,8919,10530.0,5.0,1.1,1825,SK hynix+10.5%連動(β0.34) 未反応+1.8% / MA上昇配列 / パーフェクトオーダー
6055,ジャパンマテリアル,サービス業,25.2,★☆☆☆☆,21.5,0.0,1.0,0.0,2.7,0.0,0.0,0.0,,SK hynix,4.2,-7.5,5.9,-4.1,1942,2200.0,0.3,0.9,1639,SK hynix+10.5%連動(β0.36) 未反応+4.2%
8012,長瀬産業,卸売業,25.1,★☆☆☆☆,13.1,0.0,0.0,0.0,12.0,0.0,0.0,0.0,,SK hynix,3.2,0.6,3.3,2.0,1138,1218.0,-2.9,1.0,1190,SK hynix+10.5%連動(β0.14) 未反応+3.2% / MA上昇配列 / パーフェクトオーダー
5016,ＪＸ金属,非鉄金属,25.1,★☆☆☆☆,20.1,0.0,1.0,0.0,4.0,0.0,0.0,0.0,,SK hynix,5.4,2.0,7.2,-0.2,3263,3814.0,-0.8,1.0,82664,SK hynix+10.5%連動(β0.31) 未反応+5.4%
6140,旭ダイヤモンド工業,機械,25.099999999999998,★☆☆☆☆,16.7,0.0,2.0,0.0,6.0,0.0,0.4,0.0,,SK hynix,5.3,2.8,5.3,5.6,1114,1245.0,-1.9,0.6,867,SK hynix+10.5%連動(β0.18) 未反応+5.3% / 開示[業績予想の修正](12日前)
8551,北日本銀行,銀行業,25.0,★☆☆☆☆,0.0,0.0,10.0,0.0,15.0,0.0,0.0,0.0,,,0.0,21.4,3.7,13.8,7059,7630.0,14.1,3.7,339,出来高急増3.7倍 / 買い出来高優勢 / 資金流入増 / MA上昇配列 / パーフェクトオーダー / 52週高値ブレイク!
4099,四国化成ホールディングス,化学,25.0,★☆☆☆☆,20.0,0.0,1.0,0.0,4.0,0.0,0.0,0.0,,SK hynix,9.2,-1.8,9.0,-2.5,2230,2720.0,-6.6,1.0,2259,SK hynix+10.5%連動(β0.30) 未反応+9.2%
6254,野村マイクロ・サイエンス,機械,25.0,★☆☆☆☆,23.8,0.0,0.0,0.0,1.2,0.0,0.0,0.0,,SK hynix,10.1,-7.3,8.2,-7.1,3155,3770.0,-1.3,0.7,3862,SK hynix+10.5%連動(β0.45) 未反応+10.1%
9348,ｉｓｐａｃｅ,サービス業,25.0,★☆☆☆☆,0.0,20.0,0.0,0.0,5.0,0.0,0.0,0.0,,,0.0,1.6,2.4,4.7,418,439.0,6.3,1.1,425,宇宙(+7.7%)
6728,アルバック,電気機器,24.8,★☆☆☆☆,21.5,0.0,3.3,0.0,0.0,0.0,0.0,0.0,,SK hynix,18.4,-22.9,7.1,-14.6,6703,7817.0,-14.5,2.9,6150,SK hynix+10.5%連動(β0.36) 未反応+18.4% / 出来高増2.9倍
7995,バルカー,化学,24.6,★☆☆☆☆,17.6,0.0,1.0,0.0,6.0,0.0,0.0,0.0,,SK hynix,4.3,1.0,6.0,0.1,5901,6700.0,-3.2,0.5,762,SK hynix+10.5%連動(β0.21) 未反応+4.3%
6278,ユニオンツール,機械,24.5,★☆☆☆☆,20.8,0.0,1.0,0.0,2.7,0.0,0.0,0.0,,SK hynix,6.3,-11.8,10.1,-7.0,12844,16110.0,-4.7,0.6,6110,SK hynix+10.5%連動(β0.33) 未反応+6.3%
6859,エスペック,電気機器,24.4,★☆☆☆☆,12.4,0.0,1.0,0.0,11.0,0.0,0.0,0.0,,SK hynix,2.4,-0.9,4.2,1.8,3804,4150.0,0.4,0.3,494,SK hynix+10.5%連動(β0.20) 未反応+2.4% / MA上昇配列 / パーフェクトオーダー
6481,ＴＨＫ,機械,24.3,★☆☆☆☆,15.3,0.0,2.0,0.0,7.0,0.0,0.0,0.0,,SK hynix,2.7,3.0,6.2,3.4,6359,7265.0,3.5,0.8,10492,SK hynix+10.5%連動(β0.28) 未反応+2.7%
4205,日本ゼオン,化学,24.299999999999997,★☆☆☆☆,9.1,0.0,3.0,0.0,12.2,0.0,0.0,0.0,,SK hynix,1.7,5.3,3.1,5.7,2302,2454.0,0.4,1.0,2657,SK hynix+10.5%連動(β0.15) 未反応+1.7% / MA上昇配列 / パーフェクトオーダー / 52週高値目前
6616,トレックス・セミコンダクター,電気機器,24.099999999999998,★☆☆☆☆,15.9,0.0,2.0,0.0,5.0,0.0,1.2,0.0,,SK hynix,2.8,8.0,5.9,6.2,1803,2044.0,0.4,1.1,236,SK hynix+10.5%連動(β0.29) 未反応+2.8% / 開示[業績予想の修正](7日前)
6668,アドテック　プラズマ　テクノロジー,電気機器,24.0,★☆☆☆☆,10.0,0.0,3.0,0.0,11.0,0.0,0.0,0.0,,SK hynix,0.3,15.9,7.8,11.3,3191,3785.0,9.6,0.4,585,SK hynix+10.5%連動(β0.35) / MA上昇配列 / パーフェクトオーダー
6656,インスペック,電気機器,23.8,★☆☆☆☆,20.5,0.0,3.3,0.0,0.0,0.0,0.0,0.0,,SK hynix,6.1,-29.1,9.9,-14.5,685,855.0,-0.1,0.7,147,SK hynix+10.5%連動(β0.32) 未反応+6.1% / 買い出来高優勢
6268,ナブテスコ,機械,23.8,★☆☆☆☆,18.8,0.0,1.0,0.0,4.0,0.0,0.0,0.0,,SK hynix,8.1,-6.0,5.1,-2.8,4253,4731.0,-3.2,0.6,5832,SK hynix+10.5%連動(β0.26) 未反応+8.1%
6235,オプトラン,機械,23.8,★☆☆☆☆,21.1,0.0,0.0,0.0,2.7,0.0,0.0,0.0,,SK hynix,9.5,-9.6,7.4,-6.8,2535,2978.0,-7.4,0.8,1287,SK hynix+10.5%連動(β0.35) 未反応+9.5%
4047,関東電化工業,化学,23.799999999999997,★☆☆☆☆,20.2,0.0,0.0,0.0,2.7,0.0,0.9,0.0,,SK hynix,6.0,-10.4,7.3,-7.6,2186,2561.0,-8.1,1.1,2204,SK hynix+10.5%連動(β0.31) 未反応+6.0% / 開示[業績予想の修正](9日前)
3433,トーカロ,金属製品,23.7,★☆☆☆☆,19.0,0.0,1.0,0.0,3.7,0.0,0.0,0.0,,SK hynix,5.2,-5.3,4.5,-2.5,2618,2880.0,-1.2,0.5,1141,SK hynix+10.5%連動(β0.27) 未反応+5.2%
6517,デンヨー,電気機器,23.6,★☆☆☆☆,13.1,0.0,2.0,0.0,8.5,0.0,0.0,0.0,,SK hynix,3.0,12.2,4.9,5.3,3692,4090.0,-3.8,0.6,275,SK hynix+10.5%連動(β0.16) 未反応+3.0% / MA上昇配列 / パーフェクトオーダー
4028,石原産業,化学,23.599999999999998,★☆☆☆☆,11.2,0.0,2.0,0.0,10.0,0.0,0.4,0.0,,SK hynix,2.0,4.7,3.8,2.6,2825,3055.0,2.1,0.5,976,SK hynix+10.5%連動(β0.19) 未反応+2.0% / MA上昇配列 / パーフェクトオーダー / 開示[業績予想の修正](12日前)
7745,Ａ＆Ｄホロンホールディングス,精密機器,23.599999999999998,★☆☆☆☆,19.4,0.0,2.0,0.0,2.2,0.0,0.0,0.0,,SK hynix,3.9,-1.1,4.9,-2.4,2591,2874.0,1.5,0.8,385,SK hynix+10.5%連動(β0.29) 未反応+3.9%
6368,オルガノ,機械,23.5,★☆☆☆☆,20.8,0.0,0.0,0.0,2.7,0.0,0.0,0.0,,SK hynix,5.6,-8.0,6.4,-5.0,12202,13980.0,-2.9,0.8,4788,SK hynix+10.5%連動(β0.33) 未反応+5.6%
6507,シンフォニアテクノロジー,電気機器,23.3,★☆☆☆☆,19.6,0.0,1.0,0.0,2.7,0.0,0.0,0.0,,SK hynix,3.6,-9.2,7.6,-4.4,11007,12990.0,3.4,0.8,2525,SK hynix+10.5%連動(β0.34) 未反応+3.6%
6988,日東電工,化学,23.2,★☆☆☆☆,16.0,0.0,2.0,0.0,5.2,0.0,0.0,0.0,,SK hynix,4.7,2.3,3.2,1.7,3239,3464.0,-2.6,0.6,12068,SK hynix+10.5%連動(β0.15) 未反応+4.7% / MA上昇配列
6258,平田機工,機械,22.9,★☆☆☆☆,11.9,0.0,2.0,0.0,12.0,0.0,0.0,-3.0,,SK hynix,1.3,24.7,6.0,17.2,3241,3680.0,-4.8,0.7,1300,SK hynix+10.5%連動(β0.31) 未反応+1.3% / MA上昇配列 / パーフェクトオーダー / 伸びすぎ注意(25MA+17%)
7350,おきなわフィナンシャルグループ,銀行業,22.9,★☆☆☆☆,4.1,0.0,5.3,0.0,13.5,0.0,0.0,0.0,,SK hynix,-5.8,13.7,3.6,9.6,7539,8120.0,8.8,1.3,635,SK hynix+10.5%連動(β0.16) / 買い出来高優勢 / MA上昇配列 / パーフェクトオーダー / 52週高値目前
6227,ＡＩメカテック,機械,22.9,★☆☆☆☆,21.4,0.0,0.0,0.0,1.2,0.0,0.3,0.0,,SK hynix,6.5,-14.8,9.0,-7.1,5156,6290.0,-4.6,0.5,8348,SK hynix+10.5%連動(β0.36) 未反応+6.5% / 開示[受注](12日前)
6653,正興電機製作所,電気機器,22.8,★☆☆☆☆,14.8,0.0,2.0,0.0,6.0,0.0,0.0,0.0,,SK hynix,2.9,0.2,4.5,1.3,2039,2243.0,-1.0,0.5,405,SK hynix+10.5%連動(β0.23) 未反応+2.9%
3445,ＲＳ　Ｔｅｃｈｎｏｌｏｇｉｅｓ,金属製品,22.8,★☆☆☆☆,21.6,0.0,0.0,0.0,1.2,0.0,0.0,0.0,,SK hynix,16.4,-12.9,8.8,-10.6,4909,5950.0,-13.0,1.1,2059,SK hynix+10.5%連動(β0.37) 未反応+16.4%
8020,兼松,卸売業,22.8,★☆☆☆☆,8.5,0.0,3.3,0.0,11.0,0.0,0.0,0.0,,SK hynix,1.7,-0.5,3.0,1.7,2041,2171.0,-1.1,0.7,1212,SK hynix+10.5%連動(β0.12) 未反応+1.7% / 買い出来高優勢 / MA上昇配列 / パーフェクトオーダー
6361,荏原製作所,機械,22.8,★☆☆☆☆,21.6,0.0,0.0,0.0,1.2,0.0,0.0,0.0,,SK hynix,10.6,-6.1,6.7,-5.3,4620,5335.0,-4.4,1.1,22226,SK hynix+10.5%連動(β0.37) 未反応+10.6%
4182,三菱瓦斯化学,化学,22.799999999999997,★☆☆☆☆,18.7,0.0,1.0,0.0,2.7,0.0,0.4,0.0,,SK hynix,4.1,-13.0,7.2,-7.1,3421,3993.0,4.7,1.3,6929,SK hynix+10.5%連動(β0.26) 未反応+4.1% / 開示[業績予想の修正](12日前)
8411,みずほフィナンシャルグループ,銀行業,22.6,★☆☆☆☆,10.6,0.0,0.0,0.0,12.0,0.0,0.0,0.0,,SK hynix,1.8,2.4,3.2,1.6,7980,8531.0,3.5,0.8,84796,SK hynix+10.5%連動(β0.20) 未反応+1.8% / MA上昇配列 / パーフェクトオーダー
8395,佐賀銀行,銀行業,22.6,★☆☆☆☆,4.3,0.0,6.3,0.0,15.0,0.0,0.0,-3.0,,SK hynix,-11.4,21.2,4.1,15.5,6201,6750.0,16.8,1.9,440,SK hynix+10.5%連動(β0.16) / 買い出来高優勢 / MA上昇配列 / パーフェクトオーダー / 52週高値ブレイク! / 伸びすぎ注意(25MA+15%)
4187,大阪有機化学工業,化学,22.5,★☆☆☆☆,18.5,0.0,0.0,0.0,4.0,0.0,0.0,0.0,,SK hynix,3.1,-10.5,5.2,-1.4,4358,4865.0,-0.2,0.6,912,SK hynix+10.5%連動(β0.35) 未反応+3.1%
7731,ニコン,精密機器,22.4,★☆☆☆☆,16.7,0.0,2.0,0.0,3.7,0.0,0.0,0.0,,SK hynix,4.3,-15.0,4.0,-4.6,1826,1983.0,-4.0,0.8,3762,SK hynix+10.5%連動(β0.18) 未反応+4.3%
6479,ミネベアミツミ,電気機器,22.3,★☆☆☆☆,19.6,0.0,0.0,0.0,2.7,0.0,0.0,0.0,,SK hynix,6.7,-10.6,4.9,-5.8,3258,3614.0,-3.0,1.0,11625,SK hynix+10.5%連動(β0.29) 未反応+6.7%
8053,住友商事,卸売業,22.3,★☆☆☆☆,13.6,0.0,2.0,0.0,6.7,0.0,0.0,0.0,,SK hynix,3.1,10.9,3.2,5.9,1646,1757.5,-1.6,0.6,19225,SK hynix+10.5%連動(β0.17) 未反応+3.1%
8343,秋田銀行,銀行業,22.2,★☆☆☆☆,3.8,0.0,7.7,0.0,13.7,0.0,0.0,-3.0,,SK hynix,-9.8,25.7,4.0,17.0,8233,8940.0,13.2,2.0,1021,SK hynix+10.5%連動(β0.14) / 出来高増2.0倍 / 買い出来高優勢 / MA上昇配列 / パーフェクトオーダー / 52週高値ブレイク! / 伸びすぎ注意(25MA+17%)
6141,ＤＭＧ森精機,機械,22.1,★☆☆☆☆,19.1,0.0,3.0,0.0,0.0,0.0,0.0,0.0,,SK hynix,17.5,-13.0,6.4,-12.3,2726,3125.0,-14.9,1.8,7020,SK hynix+10.5%連動(β0.27) 未反応+17.5%
7380,十六フィナンシャルグループ,銀行業,22.1,★☆☆☆☆,4.3,0.0,4.3,0.0,13.5,0.0,0.0,0.0,,SK hynix,-6.8,8.6,3.9,6.8,2424,2630.0,11.9,1.3,1414,SK hynix+10.5%連動(β0.16) / 買い出来高優勢 / MA上昇配列 / パーフェクトオーダー / 52週高値目前
6777,ｓａｎｔｅｃ　Ｈｏｌｄｉｎｇｓ,電気機器,22.0,★☆☆☆☆,17.0,0.0,0.0,0.0,5.0,0.0,0.0,0.0,,SK hynix,2.3,0.9,8.3,3.8,16494,19770.0,10.3,1.0,3273,SK hynix+10.5%連動(β0.38) 未反応+2.3%
6071,ＩＢＪ,サービス業,22.0,★☆☆☆☆,0.0,0.0,9.0,0.0,8.5,0.0,4.5,0.0,,,0.0,9.7,2.6,14.2,913,963.0,15.3,4.5,279,出来高急増4.5倍 / 買い出来高優勢 / MA上昇配列 / パーフェクトオーダー / RSI過熱(86)⚠ / 開示[上方修正](5日前) / 開示[増配](5日前)
6754,アンリツ,電気機器,22.0,★☆☆☆☆,17.3,0.0,2.0,0.0,2.7,0.0,0.0,0.0,,SK hynix,4.3,-9.1,5.7,-5.9,3112,3512.0,-2.4,0.6,6247,SK hynix+10.5%連動(β0.20) 未反応+4.3%
8707,岩井コスモホールディングス,証券、商品先物取引業,22.0,★☆☆☆☆,8.0,0.0,2.0,0.0,12.0,0.0,0.0,0.0,,SK hynix,1.4,-1.8,2.6,1.7,4121,4345.0,1.0,0.6,500,SK hynix+10.5%連動(β0.15) 未反応+1.4% / MA上昇配列 / パーフェクトオーダー
268A,リガク・ホールディングス,精密機器,21.9,★☆☆☆☆,18.2,0.0,1.0,0.0,2.7,0.0,0.0,0.0,,SK hynix,10.9,-20.8,8.5,-11.9,1587,1911.0,-1.8,1.0,5578,SK hynix+10.5%連動(β0.23) 未反応+10.9%
8522,名古屋銀行,銀行業,21.9,★☆☆☆☆,4.9,0.0,2.0,0.0,15.0,0.0,0.0,0.0,,SK hynix,-5.0,7.9,3.7,6.8,6550,7080.0,10.3,1.9,1079,SK hynix+10.5%連動(β0.19) / MA上昇配列 / パーフェクトオーダー / 52週高値ブレイク!
6996,ニチコン,電気機器,21.9,★☆☆☆☆,19.2,0.0,0.0,0.0,2.7,0.0,0.0,0.0,,SK hynix,4.7,-8.7,7.8,-4.1,2415,2861.0,-0.1,0.9,3507,SK hynix+10.5%連動(β0.27) 未反応+4.7%
6677,エスケーエレクトロニクス,電気機器,21.9,★☆☆☆☆,17.7,0.0,2.0,0.0,2.2,0.0,0.0,0.0,,SK hynix,5.9,-2.9,4.5,-3.3,3050,3355.0,-9.7,0.9,331,SK hynix+10.5%連動(β0.22) 未反応+5.9% / 資金流入増
6237,イワキポンプ,機械,21.9,★☆☆☆☆,15.4,0.0,5.3,0.0,1.2,0.0,0.0,0.0,,SK hynix,3.5,-2.2,8.4,-7.6,3774,4535.0,-5.9,2.7,1127,SK hynix+10.5%連動(β0.19) 未反応+3.5% / 出来高増2.7倍 / 資金流入増
6951,日本電子,電気機器,21.8,★☆☆☆☆,19.8,0.0,2.0,0.0,0.0,0.0,0.0,0.0,,SK hynix,16.6,-13.6,6.2,-10.5,6442,7354.0,-12.5,1.7,3139,SK hynix+10.5%連動(β0.30) 未反応+16.6%
6855,日本電子材料,電気機器,21.8,★☆☆☆☆,13.8,0.0,2.0,0.0,6.0,0.0,0.0,0.0,,SK hynix,-3.2,16.8,8.0,11.7,6102,7270.0,10.5,1.0,5856,SK hynix+10.5%連動(β0.52)
4063,信越化学工業,化学,21.6,★☆☆☆☆,17.6,0.0,0.0,0.0,4.0,0.0,0.0,0.0,,SK hynix,4.8,-18.0,3.0,-4.0,5863,6242.0,-0.7,0.6,52667,SK hynix+10.5%連動(β0.21) 未反応+4.8%
5831,しずおかフィナンシャルグループ,銀行業,21.6,★☆☆☆☆,3.7,0.0,3.3,0.0,13.5,0.0,1.1,0.0,,SK hynix,-3.3,8.1,3.0,7.1,3351,3566.0,6.5,0.9,6360,SK hynix+10.5%連動(β0.14) / 買い出来高優勢 / MA上昇配列 / パーフェクトオーダー / 52週高値目前 / 開示[自己株式の取得](9日前)
5830,いよぎんホールディングス,銀行業,21.6,★☆☆☆☆,4.3,0.0,3.0,0.0,13.5,0.0,0.8,0.0,,SK hynix,-3.7,19.9,3.6,11.4,3747,4039.0,8.8,0.7,4605,SK hynix+10.5%連動(β0.17) / MA上昇配列 / パーフェクトオーダー / 52週高値目前 / 開示[業績予想の修正](12日前) / 開示[自己株式取得](12日前)
8550,栃木銀行,銀行業,21.6,★☆☆☆☆,4.8,0.0,3.3,0.0,13.5,0.0,0.0,0.0,,SK hynix,-8.1,15.5,4.2,11.0,1031,1126.0,11.0,0.7,892,SK hynix+10.5%連動(β0.18) / 買い出来高優勢 / MA上昇配列 / パーフェクトオーダー / 52週高値目前
6966,三井ハイテック,電気機器,21.6,★☆☆☆☆,11.6,0.0,0.0,0.0,10.0,0.0,0.0,0.0,,SK hynix,1.3,3.9,4.3,3.8,882,966.0,-0.1,0.8,1768,SK hynix+10.5%連動(β0.29) 未反応+1.3% / MA上昇配列 / パーフェクトオーダー
6125,岡本工作機械製作所,機械,21.599999999999998,★☆☆☆☆,19.4,0.0,1.0,0.0,1.2,0.0,0.0,0.0,,SK hynix,3.9,-8.9,7.2,-4.0,4258,4970.0,0.8,0.5,349,SK hynix+10.5%連動(β0.29) 未反応+3.9%
6841,横河電機,電気機器,21.599999999999998,★☆☆☆☆,17.2,0.0,3.0,0.0,1.0,0.0,0.4,0.0,,SK hynix,4.4,-7.4,4.8,-4.5,4837,5346.0,-2.0,1.2,7566,SK hynix+10.5%連動(β0.20) 未反応+4.4% / 開示[自己株式取得](12日前)
8524,北洋銀行,銀行業,21.5,★☆☆☆☆,4.5,0.0,2.0,0.0,15.0,0.0,0.0,0.0,,SK hynix,-4.8,13.7,3.5,9.1,1231,1324.0,10.0,1.0,2328,SK hynix+10.5%連動(β0.17) / MA上昇配列 / パーフェクトオーダー / 52週高値ブレイク!
4992,北興化学工業,化学,21.5,★☆☆☆☆,10.5,0.0,0.0,0.0,11.0,0.0,0.0,0.0,,SK hynix,1.6,-1.3,3.0,3.1,1881,2002.0,1.9,0.6,237,SK hynix+10.5%連動(β0.22) 未反応+1.6% / MA上昇配列 / パーフェクトオーダー
5218,オハラ,ガラス・土石製品,21.5,★☆☆☆☆,5.2,0.0,4.3,0.0,12.0,0.0,0.0,0.0,,SK hynix,-2.4,9.6,4.5,8.9,1480,1626.0,3.2,1.2,144,SK hynix+10.5%連動(β0.20) / 買い出来高優勢 / MA上昇配列 / パーフェクトオーダー
6770,アルプスアルパイン,電気機器,21.4,★☆☆☆☆,9.7,0.0,1.0,0.0,10.7,0.0,0.0,0.0,,SK hynix,1.7,1.2,3.4,1.7,2041,2190.0,1.9,0.6,3781,SK hynix+10.5%連動(β0.17) 未反応+1.7% / MA上昇配列 / パーフェクトオーダー
8622,水戸証券,証券、商品先物取引業,21.4,★☆☆☆☆,3.9,0.0,5.3,0.0,12.2,0.0,0.0,0.0,,SK hynix,-0.4,16.4,3.7,8.7,804,867.0,0.6,0.7,329,SK hynix+10.5%連動(β0.15) / 買い出来高優勢 / 資金流入増 / MA上昇配列 / パーフェクトオーダー / 52週高値目前
8360,山梨中央銀行,銀行業,21.3,★☆☆☆☆,4.8,0.0,3.0,0.0,13.5,0.0,0.0,0.0,,SK hynix,-5.2,16.6,4.3,9.6,6884,7540.0,9.4,0.7,1104,SK hynix+10.5%連動(β0.18) / MA上昇配列 / パーフェクトオーダー / 52週高値目前
8377,ほくほくフィナンシャルグループ,銀行業,21.3,★☆☆☆☆,4.8,0.0,3.0,0.0,13.5,0.0,0.0,0.0,,SK hynix,-1.9,15.9,3.9,8.1,7767,8432.0,8.4,0.7,4100,SK hynix+10.5%連動(β0.18) / MA上昇配列 / パーフェクトオーダー / 52週高値目前
7537,丸文,卸売業,21.2,★☆☆☆☆,6.2,0.0,3.0,0.0,12.0,0.0,0.0,0.0,,SK hynix,-0.9,10.0,4.8,7.9,1676,1855.0,1.4,0.6,279,SK hynix+10.5%連動(β0.24) / MA上昇配列 / パーフェクトオーダー
6101,ツガミ,機械,21.1,★☆☆☆☆,19.6,0.0,0.0,0.0,1.5,0.0,0.0,0.0,,SK hynix,10.0,-19.1,7.8,-9.9,4887,5790.0,-1.5,0.7,3405,SK hynix+10.5%連動(β0.29) 未反応+10.0%
7327,第四北越フィナンシャルグループ,銀行業,21.1,★☆☆☆☆,4.1,0.0,2.0,0.0,15.0,0.0,0.0,0.0,,SK hynix,-3.7,10.9,2.6,8.4,2422,2555.0,9.1,0.8,2022,SK hynix+10.5%連動(β0.16) / MA上昇配列 / パーフェクトオーダー / 52週高値ブレイク!
8388,阿波銀行,銀行業,21.1,★☆☆☆☆,3.6,0.0,4.0,0.0,13.5,0.0,0.0,0.0,,SK hynix,-4.2,18.8,3.6,10.9,8781,9460.0,8.0,0.8,1410,SK hynix+10.5%連動(β0.14) / 資金流入増 / MA上昇配列 / パーフェクトオーダー / 52週高値目前
6707,サンケン電気,電気機器,21.099999999999998,★☆☆☆☆,19.9,0.0,0.0,0.0,1.2,0.0,0.0,0.0,,SK hynix,7.8,-15.2,5.6,-8.5,7229,8139.0,-6.7,0.8,1372,SK hynix+10.5%連動(β0.30) 未反応+7.8%
7715,長野計器,精密機器,21.0,★☆☆☆☆,7.0,0.0,3.0,0.0,11.0,0.0,0.0,0.0,,SK hynix,-1.7,7.2,6.0,6.2,3645,4145.0,5.2,1.4,547,SK hynix+10.5%連動(β0.27) / MA上昇配列 / パーフェクトオーダー
6645,オムロン,電気機器,21.0,★☆☆☆☆,12.0,0.0,3.3,0.0,8.7,0.0,0.0,-3.0,,SK hynix,2.2,23.9,5.1,15.6,6146,6850.0,-0.3,0.8,11702,SK hynix+10.5%連動(β0.21) 未反応+2.2% / 買い出来高優勢 / MA上昇配列 / パーフェクトオーダー / 伸びすぎ注意(25MA+16%)
8084,ＲＹＯＤＥＮ,卸売業,21.0,★☆☆☆☆,3.0,0.0,4.3,0.0,13.7,0.0,0.0,0.0,,SK hynix,-6.9,21.9,3.5,13.3,4475,4815.0,6.5,1.1,325,SK hynix+10.5%連動(β0.11) / 買い出来高優勢 / MA上昇配列 / パーフェクトオーダー / 52週高値ブレイク!
4634,ａｒｔｉｅｎｃｅ,化学,21.0,★☆☆☆☆,6.0,0.0,4.0,0.0,11.0,0.0,0.0,0.0,,SK hynix,0.7,7.3,2.7,8.8,4782,5060.0,4.8,1.3,862,SK hynix+10.5%連動(β0.15) 未反応+0.7% / MA上昇配列 / パーフェクトオーダー / 52週高値目前 / RSI過熱(87)⚠
5632,三菱製鋼,鉄鋼,20.9,★☆☆☆☆,4.7,0.0,6.7,0.0,12.5,0.0,0.0,-3.0,,SK hynix,-8.6,17.1,3.2,15.3,2401,2568.0,11.3,2.5,216,SK hynix+10.5%連動(β0.18) / 出来高増2.5倍 / 買い出来高優勢 / MA上昇配列 / パーフェクトオーダー / 52週高値ブレイク! / RSI過熱(93)⚠ / 伸びすぎ注意(25MA+15%)
3449,テクノフレックス,金属製品,20.9,★☆☆☆☆,18.2,0.0,0.0,0.0,2.7,0.0,0.0,0.0,,SK hynix,5.4,-23.8,10.9,-16.1,3124,3995.0,3.5,0.9,992,SK hynix+10.5%連動(β0.24) 未反応+5.4%
6971,京セラ,電気機器,20.9,★☆☆☆☆,8.9,0.0,0.0,0.0,12.0,0.0,0.0,0.0,,SK hynix,1.5,1.7,3.9,2.0,3504,3799.0,-0.6,0.7,21246,SK hynix+10.5%連動(β0.17) 未反応+1.5% / MA上昇配列 / パーフェクトオーダー
8399,琉球銀行,銀行業,20.9,★☆☆☆☆,3.9,0.0,2.0,0.0,15.0,0.0,0.0,0.0,,SK hynix,-8.7,18.3,3.6,12.4,3129,3370.0,10.7,0.7,456,SK hynix+10.5%連動(β0.15) / MA上昇配列 / パーフェクトオーダー / 52週高値ブレイク!
7337,ひろぎんホールディングス,銀行業,20.8,★☆☆☆☆,3.8,0.0,2.0,0.0,15.0,0.0,0.0,0.0,,SK hynix,-3.2,7.2,2.6,6.0,2271,2394.5,7.3,0.8,1813,SK hynix+10.5%連動(β0.14) / MA上昇配列 / パーフェクトオーダー / 52週高値ブレイク!
6997,日本ケミコン,電気機器,20.8,★☆☆☆☆,17.1,0.0,1.0,0.0,2.7,0.0,0.0,0.0,,SK hynix,2.4,-10.2,9.5,-6.0,2428,3000.0,3.4,0.7,3364,SK hynix+10.5%連動(β0.37) 未反応+2.4%
6521,オキサイド,電気機器,20.8,★☆☆☆☆,13.8,0.0,0.0,0.0,5.0,0.0,2.0,0.0,,SK hynix,1.3,-5.9,5.9,1.6,2962,3360.0,4.8,0.9,620,SK hynix+10.5%連動(β0.38) 未反応+1.3% / 開示[設備投資](0日前)
285A,キオクシアホールディングス,電気機器,20.8,★☆☆☆☆,13.7,0.0,1.0,0.0,5.0,0.0,1.1,0.0,,SK hynix,-9.1,4.5,11.2,4.7,44350,57150.0,19.0,1.1,2508396,SK hynix+10.5%連動(β0.52) / 開示[自己株式の取得](9日前)
8473,ＳＢＩホールディングス,証券、商品先物取引業,20.8,★☆☆☆☆,9.8,0.0,2.0,0.0,9.0,0.0,0.0,0.0,,SK hynix,1.7,7.8,3.0,4.9,2893,3075.0,2.2,0.5,11632,SK hynix+10.5%連動(β0.19) 未反応+1.7% / MA上昇配列
6918,アバールデータ,電気機器,20.799999999999997,★☆☆☆☆,7.1,0.0,6.3,0.0,6.0,0.0,1.4,0.0,,SK hynix,-8.2,19.5,5.2,14.5,3381,3770.0,14.2,1.4,227,SK hynix+10.5%連動(β0.27) / 買い出来高優勢 / 資金流入増 / 開示[業績予想の修正](6日前)
6370,栗田工業,機械,20.7,★☆☆☆☆,18.5,0.0,0.0,0.0,2.2,0.0,0.0,0.0,,SK hynix,5.4,-8.5,4.1,-5.1,7610,8292.0,-2.6,0.8,5178,SK hynix+10.5%連動(β0.25) 未反応+5.4%
8386,百十四銀行,銀行業,20.7,★☆☆☆☆,4.2,0.0,3.0,0.0,13.5,0.0,0.0,0.0,,SK hynix,-6.3,14.1,4.1,9.2,2876,3135.0,10.8,1.0,1235,SK hynix+10.5%連動(β0.16) / MA上昇配列 / パーフェクトオーダー / 52週高値目前
5711,三菱マテリアル,非鉄金属,20.7,★☆☆☆☆,15.0,0.0,3.0,0.0,5.7,0.0,0.0,-3.0,,SK hynix,3.1,27.0,5.2,17.7,4697,5246.0,2.6,1.3,8644,SK hynix+10.5%連動(β0.22) 未反応+3.1% / 伸びすぎ注意(25MA+18%)
6762,ＴＤＫ,電気機器,20.7,★☆☆☆☆,15.7,0.0,0.0,0.0,5.0,0.0,0.0,0.0,,SK hynix,2.5,0.6,5.4,2.1,2797,3139.0,3.1,0.6,36405,SK hynix+10.5%連動(β0.31) 未反応+2.5%
6742,京三製作所,電気機器,20.7,★☆☆☆☆,5.0,0.0,3.3,0.0,12.0,0.0,0.4,0.0,,SK hynix,-4.0,17.5,5.9,13.4,934,1060.0,6.6,1.0,308,SK hynix+10.5%連動(β0.19) / 買い出来高優勢 / MA上昇配列 / パーフェクトオーダー / 開示[業績予想の修正](12日前)
6806,ヒロセ電機,電気機器,20.6,★☆☆☆☆,16.6,0.0,3.0,0.0,1.0,0.0,0.0,0.0,,SK hynix,5.6,-7.1,4.4,-4.6,23689,25995.0,-3.7,0.9,6348,SK hynix+10.5%連動(β0.18) 未反応+5.6%
8346,東邦銀行,銀行業,20.6,★☆☆☆☆,4.1,0.0,3.0,0.0,13.5,0.0,0.0,0.0,,SK hynix,-6.3,18.9,3.3,11.7,943,1009.0,8.7,0.8,993,SK hynix+10.5%連動(β0.16) / MA上昇配列 / パーフェクトオーダー / 52週高値目前
8381,山陰合同銀行,銀行業,20.5,★☆☆☆☆,3.7,0.0,3.3,0.0,13.5,0.0,0.0,0.0,,SK hynix,-4.2,7.6,3.3,6.8,2464,2640.0,8.4,1.0,1141,SK hynix+10.5%連動(β0.14) / 買い出来高優勢 / MA上昇配列 / パーフェクトオーダー / 52週高値目前
8367,南都銀行,銀行業,20.3,★☆☆☆☆,3.8,0.0,3.0,0.0,13.5,0.0,0.0,0.0,,SK hynix,-5.3,5.2,3.6,6.8,1835,1976.0,11.0,0.6,1098,SK hynix+10.5%連動(β0.14) / MA上昇配列 / パーフェクトオーダー / 52週高値目前
6136,オーエスジー,機械,20.3,★☆☆☆☆,12.3,0.0,1.0,0.0,7.0,0.0,0.0,0.0,,SK hynix,2.8,-2.8,3.9,-0.3,3526,3828.0,-1.6,1.3,1749,SK hynix+10.5%連動(β0.15) 未反応+2.8%
6844,新電元工業,電気機器,20.3,★☆☆☆☆,19.1,0.0,0.0,0.0,1.2,0.0,0.0,0.0,,SK hynix,4.4,-8.6,5.9,-6.2,2860,3240.0,-3.0,0.8,451,SK hynix+10.5%連動(β0.27) 未反応+4.4%
6890,フェローテック,電気機器,20.3,★☆☆☆☆,10.7,0.0,1.0,0.0,7.0,0.0,1.6,0.0,,SK hynix,-0.5,28.5,7.5,11.3,7963,9370.0,3.7,1.1,15401,SK hynix+10.5%連動(β0.41) / 開示[業績予想の修正](5日前)
8338,筑波銀行,銀行業,20.3,★☆☆☆☆,5.5,0.0,4.3,0.0,13.5,0.0,0.0,-3.0,,SK hynix,-13.7,24.2,4.9,16.5,699,775.0,15.3,1.0,1460,SK hynix+10.5%連動(β0.21) / 買い出来高優勢 / MA上昇配列 / パーフェクトオーダー / 52週高値目前 / 伸びすぎ注意(25MA+16%)
4208,ＵＢＥ,化学,20.299999999999997,★☆☆☆☆,6.1,0.0,2.0,0.0,12.2,0.0,0.0,0.0,,SK hynix,0.9,9.2,2.6,10.4,3481,3669.0,3.2,0.8,3505,SK hynix+10.5%連動(β0.13) 未反応+0.9% / MA上昇配列 / パーフェクトオーダー / 52週高値目前
7711,助川電気工業,精密機器,20.2,★☆☆☆☆,0.0,13.5,2.0,0.0,4.7,0.0,0.0,0.0,,,0.0,4.9,5.2,6.2,4399,4905.0,5.4,1.2,342,核融合(+3.8%)
8392,大分銀行,銀行業,20.2,★☆☆☆☆,4.3,0.0,2.0,0.0,13.5,0.0,0.4,0.0,,SK hynix,-5.5,13.4,4.3,8.2,2648,2897.0,10.3,1.1,754,SK hynix+10.5%連動(β0.17) / MA上昇配列 / パーフェクトオーダー / 52週高値目前 / 開示[業績予想の修正](12日前)
4008,住友精化,化学,20.2,★☆☆☆☆,5.2,0.0,4.3,0.0,10.7,0.0,0.0,0.0,,SK hynix,0.5,14.9,4.2,12.9,1393,1522.0,-2.1,0.6,402,SK hynix+10.5%連動(β0.13) 未反応+0.5% / 買い出来高優勢 / MA上昇配列 / パーフェクトオーダー
8331,千葉銀行,銀行業,20.0,★☆☆☆☆,4.5,0.0,2.0,0.0,13.5,0.0,0.0,0.0,,SK hynix,-1.5,6.7,2.7,4.6,2686,2837.5,6.1,0.8,6727,SK hynix+10.5%連動(β0.17) / MA上昇配列 / パーフェクトオーダー / 52週高値目前
6471,日本精工,機械,20.0,★☆☆☆☆,11.0,0.0,2.0,0.0,7.0,0.0,0.0,0.0,,SK hynix,2.2,1.4,3.4,2.1,1091,1170.0,-0.5,0.5,3079,SK hynix+10.5%連動(β0.16) 未反応+2.2%
1965,テクノ菱和,建設業,20.0,★☆☆☆☆,14.3,0.0,1.0,0.0,4.7,0.0,0.0,0.0,,SK hynix,3.1,0.8,6.5,2.4,5424,6230.0,0.6,0.7,560,SK hynix+10.5%連動(β0.19) 未反応+3.1%
8508,Ｊトラスト,その他金融業,19.900000000000002,★☆☆☆☆,0.0,0.0,4.3,0.0,13.5,0.0,2.1,0.0,,,0.0,2.2,5.1,7.0,811,903.0,12.5,2.4,1246,出来高増2.4倍 / MA上昇配列 / パーフェクトオーダー / 52週高値目前 / 開示[自己株式取得](6日前) / 開示[自己株式取得](12日前)
7322,三十三フィナンシャルグループ,銀行業,19.9,★☆☆☆☆,4.4,0.0,2.0,0.0,13.5,0.0,0.0,0.0,,SK hynix,-6.8,12.1,4.7,8.3,1884,2081.0,14.2,0.8,826,SK hynix+10.5%連動(β0.17) / MA上昇配列 / パーフェクトオーダー / 52週高値目前
4212,積水樹脂,化学,19.9,★☆☆☆☆,9.4,0.0,2.0,0.0,8.5,0.0,0.0,0.0,,SK hynix,2.2,1.7,3.4,0.8,2591,2783.0,-2.9,0.9,239,SK hynix+10.5%連動(β0.11) 未反応+2.2% / MA上昇配列 / パーフェクトオーダー
5334,日本特殊陶業,ガラス・土石製品,19.8,★☆☆☆☆,13.8,0.0,1.0,0.0,5.0,0.0,0.0,0.0,,SK hynix,3.0,-3.4,3.2,-1.4,8923,9526.0,-1.6,0.7,10438,SK hynix+10.5%連動(β0.18) 未反応+3.0%
8337,千葉興業銀行,銀行業,19.8,★☆☆☆☆,5.3,0.0,1.0,0.0,13.5,0.0,0.0,0.0,,SK hynix,-1.6,8.6,3.4,5.1,2612,2803.0,7.1,1.2,360,SK hynix+10.5%連動(β0.20) / MA上昇配列 / パーフェクトオーダー / 52週高値目前
6856,堀場製作所,電気機器,19.8,★☆☆☆☆,16.6,0.0,1.0,0.0,2.2,0.0,0.0,0.0,,SK hynix,2.9,-8.0,5.2,-5.1,22211,24765.0,-0.5,0.8,6875,SK hynix+10.5%連動(β0.31) 未反応+2.9%
4975,ＪＣＵ,化学,19.8,★☆☆☆☆,18.6,0.0,0.0,0.0,1.2,0.0,0.0,0.0,,SK hynix,5.8,-16.0,6.1,-10.2,4793,5460.0,-1.1,1.0,737,SK hynix+10.5%連動(β0.25) 未反応+5.8%
4368,扶桑化学工業,化学,19.7,★☆☆☆☆,18.5,0.0,0.0,0.0,1.2,0.0,0.0,0.0,,SK hynix,3.4,-18.0,8.3,-10.3,2826,3385.0,0.9,0.9,3328,SK hynix+10.5%連動(β0.32) 未反応+3.4%
8418,山口フィナンシャルグループ,銀行業,19.7,★☆☆☆☆,4.2,0.0,2.0,0.0,13.5,0.0,0.0,0.0,,SK hynix,-4.2,5.9,2.9,5.3,3035,3222.0,7.5,0.6,1832,SK hynix+10.5%連動(β0.16) / MA上昇配列 / パーフェクトオーダー / 52週高値目前
4238,ミライアル,化学,19.7,★☆☆☆☆,6.7,0.0,2.0,0.0,11.0,0.0,0.0,0.0,,SK hynix,-2.3,6.1,4.0,7.1,1641,1783.0,5.4,0.5,109,SK hynix+10.5%連動(β0.25) / MA上昇配列 / パーフェクトオーダー
8043,スターゼン,卸売業,19.7,★☆☆☆☆,0.0,0.0,3.0,0.0,15.0,0.0,1.7,0.0,,,0.0,13.3,2.6,12.8,1448,1529.0,10.8,0.9,232,MA上昇配列 / パーフェクトオーダー / 52週高値ブレイク! / 開示[増配](6日前)
6505,東洋電機製造,電気機器,19.6,★☆☆☆☆,11.4,0.0,0.0,0.0,8.2,0.0,0.0,0.0,,SK hynix,2.4,-8.3,2.8,1.6,2253,2386.0,-3.9,0.6,151,SK hynix+10.5%連動(β0.16) 未反応+2.4% / MA上昇配列 / パーフェクトオーダー
8336,武蔵野銀行,銀行業,19.6,★☆☆☆☆,4.1,0.0,2.0,0.0,13.5,0.0,0.0,0.0,,SK hynix,-4.2,6.4,3.1,5.5,2643,2816.0,7.5,0.8,847,SK hynix+10.5%連動(β0.16) / MA上昇配列 / パーフェクトオーダー / 52週高値目前
4061,デンカ,化学,19.599999999999998,★☆☆☆☆,16.9,0.0,0.0,0.0,2.7,0.0,0.0,0.0,,SK hynix,4.7,-8.0,5.8,-3.5,3093,3496.0,2.2,0.7,3334,SK hynix+10.5%連動(β0.19) 未反応+4.7%
4188,三菱ケミカルグループ,化学,19.599999999999998,★☆☆☆☆,16.4,0.0,0.0,0.0,3.2,0.0,0.0,0.0,,SK hynix,6.8,-3.8,3.7,-0.5,1096,1183.5,-4.0,0.6,7604,SK hynix+10.5%連動(β0.17) 未反応+6.8%
6284,日精エー・エス・ビー機械,機械,19.5,★☆☆☆☆,16.3,0.0,1.0,0.0,2.2,0.0,0.0,0.0,,SK hynix,5.7,-6.7,3.8,-2.6,8389,9080.0,-2.7,1.3,338,SK hynix+10.5%連動(β0.17) 未反応+5.7%
4216,旭有機材,化学,19.5,★☆☆☆☆,15.8,0.0,1.0,0.0,2.7,0.0,0.0,0.0,,SK hynix,3.6,-8.0,4.3,-3.8,5413,5920.0,-2.1,0.4,422,SK hynix+10.5%連動(β0.20) 未反応+3.6%
5844,京都フィナンシャルグループ,銀行業,19.5,★☆☆☆☆,4.0,0.0,2.0,0.0,13.5,0.0,0.0,0.0,,SK hynix,-3.9,9.4,2.6,7.3,4756,5022.0,7.6,0.9,4629,SK hynix+10.5%連動(β0.15) / MA上昇配列 / パーフェクトオーダー / 52週高値目前
5471,大同特殊鋼,鉄鋼,19.5,★☆☆☆☆,5.5,0.0,4.0,0.0,10.0,0.0,0.0,0.0,,SK hynix,-2.3,1.0,4.8,3.5,2202,2435.0,5.0,1.5,2889,SK hynix+10.5%連動(β0.21) / MA上昇配列 / パーフェクトオーダー
3040,ソリトンシステムズ,情報・通信業,19.4,★☆☆☆☆,4.9,0.0,5.3,0.0,10.7,0.0,1.5,-3.0,,SK hynix,-5.7,20.4,3.7,19.0,2293,2475.0,19.9,0.9,314,SK hynix+10.5%連動(β0.19) / 買い出来高優勢 / 資金流入増 / MA上昇配列 / パーフェクトオーダー / 伸びすぎ注意(25MA+19%) / 開示[増配](7日前)
8354,ふくおかフィナンシャルグループ,銀行業,19.4,★☆☆☆☆,3.9,0.0,2.0,0.0,13.5,0.0,0.0,0.0,,SK hynix,-1.6,4.5,3.0,3.3,7303,7763.0,6.9,0.9,5588,SK hynix+10.5%連動(β0.15) / MA上昇配列 / パーフェクトオーダー / 52週高値目前
5195,バンドー化学,ゴム製品,19.4,★☆☆☆☆,7.9,0.0,2.0,0.0,9.5,0.0,0.0,0.0,,SK hynix,1.5,5.7,2.4,3.7,2350,2468.0,-2.2,0.6,154,SK hynix+10.5%連動(β0.12) 未反応+1.5% / MA上昇配列 / パーフェクトオーダー
8368,百五銀行,銀行業,19.3,★☆☆☆☆,4.8,0.0,1.0,0.0,13.5,0.0,0.0,0.0,,SK hynix,-7.0,16.5,4.5,11.5,2132,2341.0,13.6,0.9,1956,SK hynix+10.5%連動(β0.18) / MA上昇配列 / パーフェクトオーダー / 52週高値目前
9107,川崎汽船,海運業,19.3,★☆☆☆☆,0.0,0.0,4.3,0.0,15.0,0.0,0.0,0.0,,,0.0,10.2,2.7,11.3,2968,3141.0,9.1,1.4,14314,買い出来高優勢 / MA上昇配列 / パーフェクトオーダー / 52週高値ブレイク!
6383,ダイフク,機械,19.3,★☆☆☆☆,15.3,0.0,0.0,0.0,4.0,0.0,0.0,0.0,,SK hynix,3.0,-6.2,3.5,-1.1,5728,6164.0,0.2,0.7,12456,SK hynix+10.5%連動(β0.24) 未反応+3.0%
8393,宮崎銀行,銀行業,19.299999999999997,★☆☆☆☆,4.6,0.0,4.0,0.0,10.7,0.0,0.0,0.0,,SK hynix,-2.6,12.2,4.2,5.9,2309,2520.0,9.0,1.7,737,SK hynix+10.5%連動(β0.17) / MA上昇配列 / パーフェクトオーダー
8713,フィデアホールディングス,銀行業,19.299999999999997,★☆☆☆☆,3.1,0.0,8.7,0.0,12.5,0.0,0.0,-5.0,,SK hynix,-10.6,32.6,3.5,22.6,2579,2770.0,14.1,2.0,254,SK hynix+10.5%連動(β0.12) / 出来高増2.0倍 / 買い出来高優勢 / 資金流入増 / MA上昇配列 / パーフェクトオーダー / 52週高値ブレイク! / RSI過熱(90)⚠ / 過熱⚠25MA+23%
7613,シークス,卸売業,19.2,★☆☆☆☆,3.9,0.0,4.3,0.0,11.0,0.0,0.0,0.0,,SK hynix,-0.9,18.7,3.2,12.1,1554,1661.0,2.8,0.8,413,SK hynix+10.5%連動(β0.15) / 買い出来高優勢 / MA上昇配列 / パーフェクトオーダー / 52週高値目前 / RSI過熱(90)⚠
8150,三信電気,卸売業,19.2,★☆☆☆☆,3.4,0.0,4.3,0.0,11.5,0.0,0.0,0.0,,SK hynix,-2.3,7.2,3.0,5.7,2937,3125.0,3.3,0.8,192,SK hynix+10.5%連動(β0.13) / 買い出来高優勢 / MA上昇配列 / 52週高値目前
7716,ナカニシ,精密機器,19.1,★☆☆☆☆,0.0,0.0,3.0,0.0,12.0,0.0,4.1,0.0,,,0.0,-0.7,3.8,2.1,2943,3185.0,-2.7,1.0,891,MA上昇配列 / パーフェクトオーダー / 開示[自己株式の取得](1日前) / 開示[上方修正](12日前)
5832,ちゅうぎんフィナンシャルグループ,銀行業,19.1,★☆☆☆☆,3.6,0.0,2.0,0.0,13.5,0.0,0.0,0.0,,SK hynix,-2.8,8.4,3.0,5.4,3331,3545.0,6.9,0.6,1160,SK hynix+10.5%連動(β0.14) / MA上昇配列 / パーフェクトオーダー / 52週高値目前
6516,山洋電気,電気機器,19.1,★☆☆☆☆,12.1,0.0,2.0,0.0,5.0,0.0,0.0,0.0,,SK hynix,2.0,1.8,5.6,1.8,5174,5830.0,0.2,0.6,1091,SK hynix+10.5%連動(β0.23) 未反応+2.0%
6264,マルマエ,機械,19.1,★☆☆☆☆,12.1,0.0,2.0,0.0,5.0,0.0,0.0,0.0,,SK hynix,-0.6,8.7,6.2,7.5,1927,2200.0,7.2,0.7,1272,SK hynix+10.5%連動(β0.46)
4092,日本化学工業,化学,19.099999999999998,★☆☆☆☆,6.7,0.0,2.0,0.0,9.5,0.0,0.9,0.0,,SK hynix,-9.3,18.2,7.1,8.2,4981,5800.0,3.2,0.5,1858,SK hynix+10.5%連動(β0.25) / MA上昇配列 / パーフェクトオーダー / 開示[業績予想の修正](9日前)
2664,カワチ薬品,小売業,19.0,★☆☆☆☆,0.0,0.0,5.3,0.0,13.7,0.0,0.0,0.0,,,0.0,8.7,3.2,10.4,3604,3850.0,7.1,1.8,289,買い出来高優勢 / MA上昇配列 / パーフェクトオーダー / 52週高値ブレイク!
5393,ニチアス,ガラス・土石製品,19.0,★☆☆☆☆,11.0,0.0,1.0,0.0,7.0,0.0,0.0,0.0,,SK hynix,2.1,3.0,4.0,2.4,3241,3521.0,0.5,0.6,2103,SK hynix+10.5%連動(β0.18) 未反応+2.1%
6866,日置電機,電気機器,19.0,★☆☆☆☆,12.0,0.0,0.0,0.0,7.0,0.0,0.0,0.0,,SK hynix,2.1,3.2,5.7,1.4,10409,11750.0,-0.8,0.5,691,SK hynix+10.5%連動(β0.21) 未反応+2.1%
8276,平和堂,小売業,19.0,★☆☆☆☆,0.0,0.0,10.0,0.0,9.0,0.0,0.0,0.0,,,0.0,1.7,2.1,3.8,2600,2716.0,1.6,5.4,799,出来高急増5.4倍 / 買い出来高優勢 / 資金流入増 / MA上昇配列
7189,西日本フィナンシャルホールディングス,銀行業,18.9,★☆☆☆☆,4.4,0.0,1.0,0.0,13.5,0.0,0.0,0.0,,SK hynix,-3.3,13.5,3.2,9.5,4564,4873.0,10.3,1.0,2214,SK hynix+10.5%連動(β0.17) / MA上昇配列 / パーフェクトオーダー / 52週高値目前
4220,リケンテクノス,化学,18.9,★☆☆☆☆,9.1,0.0,5.3,0.0,9.5,0.0,0.0,-5.0,,SK hynix,1.6,47.9,5.7,21.4,2410,2719.0,-0.4,0.6,544,SK hynix+10.5%連動(β0.17) 未反応+1.6% / 買い出来高優勢 / 資金流入増 / MA上昇配列 / パーフェクトオーダー / RSI過熱(87)⚠ / 過熱⚠25MA+21%
8697,日本取引所グループ,その他金融業,18.8,★☆☆☆☆,15.6,0.0,0.0,0.0,3.2,0.0,0.0,0.0,,SK hynix,4.1,-2.9,3.2,-1.9,2051,2191.5,-3.0,0.9,8799,SK hynix+10.5%連動(β0.14) 未反応+4.1%
6498,キッツ,機械,18.8,★☆☆☆☆,17.6,0.0,0.0,0.0,1.2,0.0,0.0,0.0,,SK hynix,5.4,-12.9,5.8,-8.7,1789,2021.0,-0.1,0.7,768,SK hynix+10.5%連動(β0.21) 未反応+5.4%
8600,トモニホールディングス,銀行業,18.8,★☆☆☆☆,0.0,0.0,5.3,0.0,13.5,0.0,0.0,0.0,,,0.0,19.3,3.4,11.1,1053,1130.0,9.7,1.4,771,買い出来高優勢 / MA上昇配列 / パーフェクトオーダー / 52週高値目前
6118,アイダエンジニアリング,機械,18.7,★☆☆☆☆,0.0,0.0,6.7,0.0,12.0,0.0,0.0,0.0,,,0.0,4.4,2.6,5.9,1221,1287.0,8.4,2.0,165,出来高増2.0倍 / 買い出来高優勢 / MA上昇配列 / パーフェクトオーダー
6473,ジェイテクト,機械,18.6,★☆☆☆☆,4.6,0.0,2.0,0.0,12.0,0.0,0.0,0.0,,SK hynix,-0.1,0.9,3.5,2.6,2013,2162.5,2.0,1.2,2501,SK hynix+10.5%連動(β0.17) / MA上昇配列 / パーフェクトオーダー
8361,大垣共立銀行,銀行業,18.6,★☆☆☆☆,4.1,0.0,1.0,0.0,13.5,0.0,0.0,0.0,,SK hynix,-6.6,6.9,4.1,7.1,7561,8240.0,12.9,0.8,1496,SK hynix+10.5%連動(β0.16) / MA上昇配列 / パーフェクトオーダー / 52週高値目前
6480,日本トムソン,機械,18.599999999999998,★☆☆☆☆,14.2,0.0,0.0,0.0,4.0,0.0,0.4,0.0,,SK hynix,2.3,-0.5,8.0,-0.3,1545,1838.0,-2.2,0.8,2271,SK hynix+10.5%連動(β0.28) 未反応+2.3% / 開示[業績予想の修正](12日前)
8015,豊田通商,卸売業,18.5,★☆☆☆☆,4.8,0.0,3.0,0.0,10.7,0.0,0.0,0.0,,SK hynix,-0.4,16.2,3.4,9.1,6877,7373.0,-0.1,0.5,22094,SK hynix+10.5%連動(β0.18) / MA上昇配列 / パーフェクトオーダー
8601,大和証券グループ本社,証券、商品先物取引業,18.5,★☆☆☆☆,15.5,0.0,1.0,0.0,2.0,0.0,0.0,0.0,,SK hynix,3.7,-5.7,2.5,-2.6,1683,1771.0,-1.0,0.8,8265,SK hynix+10.5%連動(β0.17) 未反応+3.7%
5331,ノリタケ,ガラス・土石製品,18.5,★☆☆☆☆,9.1,0.0,2.0,0.0,7.0,0.0,0.4,0.0,,SK hynix,1.3,10.9,5.1,7.4,3407,3795.0,-1.7,0.7,1262,SK hynix+10.5%連動(β0.20) 未反応+1.3% / 開示[業績予想の修正](12日前)
3131,シンデン・ハイテックス,卸売業,18.5,★☆☆☆☆,7.5,0.0,5.3,0.0,10.7,0.0,0.0,-5.0,,SK hynix,-5.6,93.0,8.5,51.3,5550,6690.0,29.7,0.9,416,SK hynix+10.5%連動(β0.28) / 買い出来高優勢 / 資金流入増 / MA上昇配列 / パーフェクトオーダー / 過熱⚠25MA+51%
6737,ＥＩＺＯ,電気機器,18.5,★☆☆☆☆,3.0,0.0,2.0,0.0,13.5,0.0,0.0,0.0,,SK hynix,-2.1,11.5,3.2,7.4,2849,3045.0,3.3,0.7,631,SK hynix+10.5%連動(β0.12) / MA上昇配列 / パーフェクトオーダー / 52週高値目前
5976,高周波熱錬,金属製品,18.4,★☆☆☆☆,0.0,0.0,4.3,0.0,13.7,0.0,0.4,0.0,,,0.0,9.1,1.9,8.3,1458,1515.0,2.9,1.0,127,買い出来高優勢 / MA上昇配列 / パーフェクトオーダー / 52週高値ブレイク! / 開示[自己株式の取得](12日前)
6113,アマダ,機械,18.4,★☆☆☆☆,14.7,0.0,0.0,0.0,3.7,0.0,0.0,0.0,,SK hynix,3.0,-6.3,5.2,-3.2,2440,2721.5,-1.6,0.8,6331,SK hynix+10.5%連動(β0.22) 未反応+3.0%
8364,清水銀行,銀行業,18.4,★☆☆☆☆,3.4,0.0,3.0,0.0,15.0,0.0,0.0,-3.0,,SK hynix,-15.7,26.9,3.8,19.0,3040,3290.0,19.8,1.1,135,SK hynix+10.5%連動(β0.13) / MA上昇配列 / パーフェクトオーダー / 52週高値ブレイク! / 伸びすぎ注意(25MA+19%)
5332,ＴＯＴＯ,ガラス・土石製品,18.3,★☆☆☆☆,16.8,0.0,0.0,0.0,1.5,0.0,0.0,0.0,,SK hynix,4.9,-19.8,4.8,-9.4,5755,6360.0,-3.0,0.7,8724,SK hynix+10.5%連動(β0.18) 未反応+4.9%
8167,リテールパートナーズ,小売業,18.3,★☆☆☆☆,0.0,0.0,7.3,0.0,11.0,0.0,0.0,0.0,,,0.0,3.3,2.4,6.7,1395,1467.0,3.7,2.0,228,出来高増2.0倍 / 資金流入増 / MA上昇配列 / パーフェクトオーダー
9076,セイノーホールディングス,陸運業,18.3,★☆☆☆☆,0.0,0.0,3.3,0.0,15.0,0.0,0.0,0.0,,,0.0,-0.6,2.6,4.6,2680,2827.0,3.0,0.8,1235,買い出来高優勢 / MA上昇配列 / パーフェクトオーダー / 52週高値ブレイク!
166A,タスキホールディングス,不動産業,18.3,★☆☆☆☆,3.0,0.0,3.3,0.0,12.0,0.0,0.0,0.0,,SK hynix,-1.9,1.0,4.1,3.8,1057,1152.0,3.2,0.7,809,SK hynix+10.5%連動(β0.11) / 買い出来高優勢 / MA上昇配列 / パーフェクトオーダー
3167,ＴＯＫＡＩホールディングス,卸売業,18.3,★☆☆☆☆,0.0,0.0,3.3,0.0,15.0,0.0,0.0,0.0,,,0.0,3.7,2.5,6.7,1188,1251.0,1.2,0.9,342,買い出来高優勢 / MA上昇配列 / パーフェクトオーダー / 52週高値ブレイク!
6387,サムコ,機械,18.2,★☆☆☆☆,11.2,0.0,2.0,0.0,5.0,0.0,0.0,0.0,,SK hynix,-3.9,-4.4,8.0,2.1,8373,9970.0,8.8,1.4,1027,SK hynix+10.5%連動(β0.43)
6327,北川精機,機械,18.2,★☆☆☆☆,9.9,0.0,3.3,0.0,5.0,0.0,0.0,0.0,,SK hynix,-6.9,-4.5,9.9,5.8,3156,3935.0,22.6,2.2,2658,SK hynix+10.5%連動(β0.38) / 出来高増2.2倍
7287,日本精機,輸送用機器,18.2,★☆☆☆☆,10.2,0.0,0.0,0.0,8.0,0.0,0.0,0.0,,SK hynix,2.0,7.3,3.9,6.1,2426,2631.0,1.3,0.9,416,SK hynix+10.5%連動(β0.16) 未反応+2.0%
4674,クレスコ,情報・通信業,18.2,★☆☆☆☆,0.0,0.0,8.7,0.0,12.5,0.0,0.0,-3.0,,,0.0,26.0,3.3,19.1,1867,1998.0,7.0,2.2,356,出来高増2.2倍 / 買い出来高優勢 / 資金流入増 / MA上昇配列 / パーフェクトオーダー / 52週高値ブレイク! / RSI過熱(90)⚠ / 伸びすぎ注意(25MA+19%)
8558,東和銀行,銀行業,18.1,★☆☆☆☆,4.1,0.0,2.0,0.0,12.0,0.0,0.0,0.0,,SK hynix,-9.9,12.1,3.9,11.0,1430,1552.0,14.5,0.7,336,SK hynix+10.5%連動(β0.16) / MA上昇配列 / パーフェクトオーダー
7747,朝日インテック,精密機器,18.1,★☆☆☆☆,0.0,0.0,3.3,0.0,12.2,0.0,2.6,0.0,,,0.0,9.7,3.1,12.1,3849,4100.0,5.2,2.4,4630,出来高増2.4倍 / MA上昇配列 / パーフェクトオーダー / 52週高値目前 / 開示[上方修正](5日前)
8065,佐藤商事,卸売業,18.099999999999998,★☆☆☆☆,4.1,0.0,6.3,0.0,10.7,0.0,0.0,-3.0,,SK hynix,-7.6,25.4,5.1,17.9,3495,3890.0,13.1,1.5,221,SK hynix+10.5%連動(β0.15) / 買い出来高優勢 / MA上昇配列 / パーフェクトオーダー / 伸びすぎ注意(25MA+18%)
6176,ブランジスタ,サービス業,18.0,★☆☆☆☆,0.0,0.0,7.3,0.0,10.7,0.0,0.0,0.0,,,0.0,4.1,2.3,7.5,953,998.0,9.9,1.8,110,買い出来高優勢 / 資金流入増 / MA上昇配列 / パーフェクトオーダー
8537,大光銀行,銀行業,18.0,★☆☆☆☆,0.0,0.0,3.0,0.0,15.0,0.0,0.0,0.0,,,0.0,14.8,3.3,14.0,2950,3160.0,16.6,1.1,165,MA上昇配列 / パーフェクトオーダー / 52週高値ブレイク!
5970,ジーテクト,金属製品,18.0,★☆☆☆☆,0.0,0.0,4.3,0.0,13.7,0.0,0.0,0.0,,,0.0,9.2,2.2,9.6,2276,2382.0,4.2,1.3,258,買い出来高優勢 / MA上昇配列 / パーフェクトオーダー / 52週高値ブレイク!
8604,野村ホールディングス,証券、商品先物取引業,18.0,★☆☆☆☆,13.8,0.0,1.0,0.0,3.2,0.0,0.0,0.0,,SK hynix,2.8,-2.9,2.7,-0.6,1471,1554.0,0.3,0.6,15994,SK hynix+10.5%連動(β0.20) 未反応+2.8%
8037,カメイ,卸売業,18.0,★☆☆☆☆,0.0,0.0,4.3,0.0,13.7,0.0,0.0,0.0,,,0.0,16.6,2.8,13.2,4174,4420.0,5.1,0.8,226,買い出来高優勢 / MA上昇配列 / パーフェクトオーダー / 52週高値ブレイク!
7552,ハピネット,卸売業,18.0,★☆☆☆☆,0.0,0.0,3.0,0.0,15.0,0.0,0.0,0.0,,,0.0,9.0,4.3,8.9,3241,3545.0,3.1,1.1,873,MA上昇配列 / パーフェクトオーダー / 52週高値ブレイク!
6379,レイズネクスト,建設業,17.9,★☆☆☆☆,0.0,0.0,5.3,0.0,12.2,0.0,0.4,0.0,,,0.0,15.6,3.6,11.0,2789,3005.0,4.0,0.6,586,買い出来高優勢 / 資金流入増 / MA上昇配列 / パーフェクトオーダー / 52週高値目前 / 開示[自己株式取得](12日前)
8309,三井住友トラストグループ,銀行業,17.9,★☆☆☆☆,3.4,0.0,1.0,0.0,13.5,0.0,0.0,0.0,,SK hynix,-0.4,2.4,2.5,2.8,1646,1734.0,3.3,0.8,17526,SK hynix+10.5%連動(β0.13) / MA上昇配列 / パーフェクトオーダー / 52週高値目前
7282,豊田合成,輸送用機器,17.9,★☆☆☆☆,3.9,0.0,2.0,0.0,12.0,0.0,0.0,0.0,,SK hynix,-0.7,2.5,3.6,3.1,4914,5297.0,2.2,0.7,2982,SK hynix+10.5%連動(β0.15) / MA上昇配列 / パーフェクトオーダー
7384,プロクレアホールディングス,銀行業,17.8,★☆☆☆☆,0.0,0.0,4.3,0.0,13.5,0.0,0.0,0.0,,,0.0,20.0,4.3,14.0,4416,4830.0,14.7,1.3,423,買い出来高優勢 / MA上昇配列 / パーフェクトオーダー / 52週高値目前
8137,サンワテクノス,卸売業,17.8,★☆☆☆☆,4.3,0.0,0.0,0.0,13.5,0.0,0.0,0.0,,SK hynix,-2.6,7.0,3.7,6.2,3799,4100.0,4.2,0.8,299,SK hynix+10.5%連動(β0.17) / MA上昇配列 / パーフェクトオーダー / 52週高値目前
8341,七十七銀行,銀行業,17.8,★☆☆☆☆,0.0,0.0,4.3,0.0,13.5,0.0,0.0,0.0,,,0.0,13.0,3.2,8.5,3662,3912.0,8.5,1.1,2462,買い出来高優勢 / MA上昇配列 / パーフェクトオーダー / 52週高値目前
6800,ヨコオ,電気機器,17.8,★☆☆☆☆,13.8,0.0,0.0,0.0,4.0,0.0,0.0,0.0,,SK hynix,1.9,-6.9,8.0,-1.9,3546,4225.0,0.8,0.7,970,SK hynix+10.5%連動(β0.31) 未反応+1.9%
8078,阪和興業,卸売業,17.8,★☆☆☆☆,3.8,0.0,2.0,0.0,12.0,0.0,0.0,0.0,,SK hynix,-2.2,8.0,2.7,7.1,1757,1859.0,5.0,1.1,807,SK hynix+10.5%連動(β0.14) / MA上昇配列 / パーフェクトオーダー
7966,リンテック,その他製品,17.7,★☆☆☆☆,15.5,0.0,0.0,0.0,2.2,0.0,0.0,0.0,,SK hynix,3.2,-15.7,5.4,-5.0,5393,6050.0,-0.3,0.7,2341,SK hynix+10.5%連動(β0.23) 未反応+3.2%
6203,豊和工業,機械,17.7,★☆☆☆☆,11.7,0.0,1.0,0.0,5.0,0.0,0.0,0.0,,SK hynix,2.1,-0.1,4.3,2.3,1369,1498.0,-0.7,0.5,342,SK hynix+10.5%連動(β0.20) 未反応+2.1%
3741,セック,情報・通信業,17.7,★☆☆☆☆,12.0,0.0,1.0,0.0,4.7,0.0,0.0,0.0,,SK hynix,2.2,9.0,3.4,6.5,3013,3235.0,0.8,0.8,271,SK hynix+10.5%連動(β0.21) 未反応+2.2%
8624,いちよし証券,証券、商品先物取引業,17.7,★☆☆☆☆,4.2,0.0,0.0,0.0,13.5,0.0,0.0,0.0,,SK hynix,-2.6,3.6,3.8,4.7,1508,1632.0,3.7,0.7,223,SK hynix+10.5%連動(β0.16) / MA上昇配列 / パーフェクトオーダー / 52週高値目前
1969,高砂熱学工業,建設業,17.7,★☆☆☆☆,0.0,14.0,1.0,0.0,2.7,0.0,0.0,0.0,,,0.0,-10.4,4.2,-2.5,3901,4258.0,6.6,0.9,3347,AIデータセンター・電力(+4.0%)
5122,オカモト,ゴム製品,17.7,★☆☆☆☆,0.0,0.0,5.3,0.0,12.0,0.0,0.4,0.0,,,0.0,15.6,4.2,8.5,5861,6400.0,4.4,0.5,279,買い出来高優勢 / 資金流入増 / MA上昇配列 / パーフェクトオーダー / 開示[増配](12日前)
2108,日本甜菜製糖,食料品,17.7,★☆☆☆☆,0.0,0.0,3.3,0.0,13.5,0.0,0.9,0.0,,,0.0,11.7,2.8,7.6,5121,5430.0,2.8,0.7,148,買い出来高優勢 / MA上昇配列 / パーフェクトオーダー / 52週高値目前 / 開示[業績予想の修正](9日前)
2207,ｍｅｉｔｏ,食料品,17.7,★☆☆☆☆,0.0,0.0,4.3,0.0,12.5,0.0,0.9,0.0,,,0.0,13.4,2.8,13.7,3506,3710.0,13.8,1.1,159,買い出来高優勢 / MA上昇配列 / パーフェクトオーダー / 52週高値ブレイク! / RSI過熱(86)⚠ / 開示[業績予想の修正](9日前)
4228,積水化成品工業,化学,17.7,★☆☆☆☆,4.0,0.0,3.0,0.0,10.7,0.0,0.0,0.0,,SK hynix,-2.1,20.8,4.9,14.4,578,641.0,1.1,0.7,233,SK hynix+10.5%連動(β0.15) / MA上昇配列 / パーフェクトオーダー
9101,日本郵船,海運業,17.7,★☆☆☆☆,0.0,0.0,4.0,0.0,13.7,0.0,0.0,0.0,,,0.0,13.7,2.5,13.4,6442,6784.0,10.2,1.5,19128,MA上昇配列 / パーフェクトオーダー / 52週高値ブレイク!
6222,島精機製作所,機械,17.6,★☆☆☆☆,9.6,0.0,0.0,0.0,8.0,0.0,0.0,0.0,,SK hynix,1.8,1.5,2.3,3.2,902,946.0,-0.2,0.4,190,SK hynix+10.5%連動(β0.16) 未反応+1.8% / MA上昇配列
7296,エフ・シー・シー,輸送用機器,17.5,★☆☆☆☆,0.0,0.0,4.0,0.0,13.5,0.0,0.0,0.0,,,0.0,14.8,3.1,9.9,3923,4180.0,-0.7,1.3,635,MA上昇配列 / パーフェクトオーダー / 52週高値目前
6349,小森コーポレーション,機械,17.5,★☆☆☆☆,0.0,0.0,5.3,0.0,12.2,0.0,0.0,0.0,,,0.0,15.2,3.2,8.7,1812,1934.0,1.3,0.5,514,買い出来高優勢 / 資金流入増 / MA上昇配列 / パーフェクトオーダー / 52週高値目前
5302,日本カーボン,ガラス・土石製品,17.5,★☆☆☆☆,2.9,0.0,2.0,0.0,12.2,0.0,0.4,0.0,,SK hynix,-0.3,4.1,2.3,5.1,4827,5060.0,0.4,0.9,320,SK hynix+10.5%連動(β0.11) / MA上昇配列 / パーフェクトオーダー / 52週高値目前 / 開示[自己株式の取得](12日前)
6287,サトー,機械,17.5,★☆☆☆☆,0.0,0.0,4.0,0.0,12.0,0.0,1.5,0.0,,,0.0,8.6,3.0,9.5,2616,2783.0,6.6,1.2,464,資金流入増 / MA上昇配列 / パーフェクトオーダー / 開示[自己株式の取得](7日前)
5537,ＡｌｂａＬｉｎｋ,不動産業,17.400000000000002,★☆☆☆☆,0.0,0.0,4.3,0.0,10.0,0.0,3.1,0.0,,,0.0,2.3,6.5,6.9,2690,3095.0,4.4,2.6,214,出来高増2.6倍 / MA上昇配列 / パーフェクトオーダー / 開示[業績予想の修正](6日前) / 開示[自己株式の取得](6日前)
7970,信越ポリマー,化学,17.4,★☆☆☆☆,5.4,0.0,1.0,0.0,11.0,0.0,0.0,0.0,,SK hynix,0.2,-7.8,2.7,0.5,2202,2326.0,2.4,0.4,685,SK hynix+10.5%連動(β0.18) / MA上昇配列 / パーフェクトオーダー
7721,東京計器,精密機器,17.4,★☆☆☆☆,6.4,0.0,2.0,0.0,9.0,0.0,0.0,0.0,,SK hynix,-3.5,20.1,5.5,11.7,6894,7740.0,5.4,0.9,2514,SK hynix+10.5%連動(β0.24) / MA上昇配列
6266,タツモ,機械,17.4,★☆☆☆☆,12.0,0.0,2.0,0.0,2.7,0.0,0.7,0.0,,SK hynix,-3.4,-19.7,9.4,-7.8,3199,3940.0,12.9,0.7,1689,SK hynix+10.5%連動(β0.46) / 開示[子会社化](9日前)
3825,リミックスポイント,小売業,17.4,★☆☆☆☆,0.0,0.0,1.0,0.0,8.0,0.0,8.4,0.0,,,0.0,2.4,6.0,4.9,188,214.0,0.9,1.3,324,MA上昇配列 / 開示[業務提携](2日前) / 開示[業務提携](2日前)
3436,ＳＵＭＣＯ,金属製品,17.4,★☆☆☆☆,13.4,0.0,0.0,0.0,4.0,0.0,0.0,0.0,,SK hynix,0.7,-8.4,9.0,-1.0,3103,3788.0,8.6,0.7,63667,SK hynix+10.5%連動(β0.43) 未反応+0.7%
8544,京葉銀行,銀行業,17.4,★☆☆☆☆,4.3,0.0,2.0,0.0,10.7,0.0,0.4,0.0,,SK hynix,-5.6,9.7,4.3,4.9,2593,2837.0,10.3,0.7,1583,SK hynix+10.5%連動(β0.16) / MA上昇配列 / パーフェクトオーダー / 開示[自己株式の取得](12日前)
5631,日本製鋼所,機械,17.3,★☆☆☆☆,6.0,0.0,5.3,0.0,6.0,0.0,0.0,0.0,,SK hynix,-4.2,7.4,3.6,7.5,7660,8256.0,8.1,1.8,5857,SK hynix+10.5%連動(β0.23) / 買い出来高優勢
6023,ダイハツインフィニアース,輸送用機器,17.3,★☆☆☆☆,0.0,0.0,6.3,0.0,11.0,0.0,0.0,0.0,,,0.0,12.3,4.8,7.8,2766,3060.0,4.3,1.6,694,買い出来高優勢 / MA上昇配列 / パーフェクトオーダー
8616,東海東京フィナンシャル・ホールディングス,証券、商品先物取引業,17.1,★☆☆☆☆,3.6,0.0,0.0,0.0,13.5,0.0,0.0,0.0,,SK hynix,-0.5,2.0,2.3,3.0,796,834.0,1.6,0.5,709,SK hynix+10.5%連動(β0.14) / MA上昇配列 / パーフェクトオーダー / 52週高値目前
1515,日鉄鉱業,鉱業,17.1,★☆☆☆☆,6.8,0.0,3.3,0.0,10.0,0.0,0.0,-3.0,,SK hynix,-3.5,27.9,6.8,17.0,3036,3510.0,6.0,0.7,2081,SK hynix+10.5%連動(β0.26) / 買い出来高優勢 / MA上昇配列 / パーフェクトオーダー / 伸びすぎ注意(25MA+17%)
6340,澁谷工業,機械,17.099999999999998,★☆☆☆☆,4.1,0.0,5.3,0.0,10.7,0.0,0.0,-3.0,,SK hynix,-18.5,22.8,4.2,17.7,4851,5300.0,18.2,0.6,512,SK hynix+10.5%連動(β0.16) / 買い出来高優勢 / 資金流入増 / MA上昇配列 / パーフェクトオーダー / 伸びすぎ注意(25MA+18%)
5975,東プレ,金属製品,17.0,★☆☆☆☆,0.0,0.0,6.3,0.0,10.7,0.0,0.0,0.0,,,0.0,18.8,4.0,13.0,2964,3220.0,-0.2,1.9,447,買い出来高優勢 / MA上昇配列 / パーフェクトオーダー
8281,ゼビオホールディングス,小売業,17.0,★☆☆☆☆,0.0,0.0,5.0,0.0,12.0,0.0,0.0,0.0,,,0.0,2.4,2.9,7.4,1131,1200.0,5.7,1.5,150,MA上昇配列 / パーフェクトオーダー
8159,立花エレテック,卸売業,17.0,★☆☆☆☆,3.8,0.0,4.0,0.0,12.2,0.0,0.0,-3.0,,SK hynix,-1.4,27.3,4.7,15.9,3845,4245.0,0.2,0.9,248,SK hynix+10.5%連動(β0.14) / 資金流入増 / MA上昇配列 / パーフェクトオーダー / 52週高値目前 / 伸びすぎ注意(25MA+16%)
2109,ＤＭ三井製糖,食料品,17.0,★☆☆☆☆,0.0,0.0,2.0,0.0,15.0,0.0,0.0,0.0,,,0.0,2.1,2.0,4.9,3458,3600.0,3.6,1.2,162,MA上昇配列 / パーフェクトオーダー / 52週高値ブレイク!
6674,ジーエス・ユアサ　コーポレーション,電気機器,17.0,★☆☆☆☆,12.3,0.0,2.0,0.0,2.7,0.0,0.0,0.0,,SK hynix,2.3,-6.1,5.9,-2.5,4869,5519.0,1.3,0.5,5808,SK hynix+10.5%連動(β0.21) 未反応+2.3%
8334,群馬銀行,銀行業,17.0,★☆☆☆☆,0.0,0.0,2.0,0.0,15.0,0.0,0.0,0.0,,,0.0,9.8,2.7,7.9,2651,2800.5,8.9,0.8,2758,MA上昇配列 / パーフェクトオーダー / 52週高値ブレイク!
7593,ＶＴホールディングス,小売業,16.900000000000002,★☆☆☆☆,0.0,0.0,4.3,0.0,10.0,0.0,2.6,0.0,,,0.0,8.2,2.1,9.3,512,535.0,10.1,1.5,230,買い出来高優勢 / MA上昇配列 / 開示[自己株式の取得](7日前) / 開示[自己株式の取得](9日前)
7914,共同印刷,その他製品,16.9,★☆☆☆☆,0.0,0.0,3.0,0.0,13.5,0.0,0.4,0.0,,,0.0,3.9,2.1,6.2,1688,1760.0,3.8,1.5,129,MA上昇配列 / パーフェクトオーダー / 52週高値目前 / 開示[業績予想の修正](12日前)
4027,テイカ,化学,16.9,★☆☆☆☆,4.5,0.0,0.0,0.0,12.0,0.0,0.4,0.0,,SK hynix,-1.3,-2.6,4.0,3.3,2219,2411.0,2.1,1.0,160,SK hynix+10.5%連動(β0.17) / MA上昇配列 / パーフェクトオーダー / 開示[業績予想の修正](12日前)
5714,ＤＯＷＡホールディングス,非鉄金属,16.9,★☆☆☆☆,10.2,0.0,2.0,0.0,4.7,0.0,0.0,0.0,,SK hynix,1.6,14.9,3.9,10.6,8803,9544.0,0.0,0.7,5355,SK hynix+10.5%連動(β0.20) 未反応+1.6%
6326,クボタ,機械,16.9,★☆☆☆☆,14.9,0.0,1.0,0.0,1.0,0.0,0.0,0.0,,SK hynix,3.6,-6.3,3.9,-3.2,2445,2650.0,-4.1,0.8,12553,SK hynix+10.5%連動(β0.15) 未反応+3.6%
4118,カネカ,化学,16.9,★☆☆☆☆,2.9,0.0,3.3,0.0,10.7,0.0,0.0,0.0,,SK hynix,-2.0,7.5,2.4,7.5,5993,6295.0,4.1,0.8,1652,SK hynix+10.5%連動(β0.11) / 買い出来高優勢 / MA上昇配列 / パーフェクトオーダー
7734,理研計器,精密機器,16.9,★☆☆☆☆,14.7,0.0,1.0,0.0,1.2,0.0,0.0,0.0,,SK hynix,3.2,-0.9,4.6,-1.1,3098,3410.0,0.9,0.8,395,SK hynix+10.5%連動(β0.19) 未反応+3.2%
9962,ミスミグループ本社,卸売業,16.8,★☆☆☆☆,5.8,0.0,1.0,0.0,10.0,0.0,0.0,0.0,,SK hynix,-3.3,2.0,4.5,3.8,3543,3894.0,5.3,0.6,6849,SK hynix+10.5%連動(β0.22) / MA上昇配列 / パーフェクトオーダー
3076,あい　ホールディングス,卸売業,16.8,★☆☆☆☆,0.0,0.0,3.3,0.0,13.5,0.0,0.0,0.0,,,0.0,4.2,2.0,3.5,2816,2936.0,-1.1,0.8,467,買い出来高優勢 / MA上昇配列 / パーフェクトオーダー / 52週高値目前
7246,プレス工業,輸送用機器,16.8,★☆☆☆☆,0.0,0.0,4.3,0.0,12.5,0.0,0.0,0.0,,,0.0,17.5,2.6,12.0,937,989.0,2.7,0.7,377,買い出来高優勢 / MA上昇配列 / パーフェクトオーダー / 52週高値ブレイク! / RSI過熱(91)⚠
6282,オイレス工業,機械,16.799999999999997,★☆☆☆☆,2.6,0.0,2.0,0.0,12.2,0.0,0.0,0.0,,SK hynix,-0.4,0.3,1.9,3.2,2848,2961.0,1.3,0.7,211,SK hynix+10.5%連動(β0.10) / MA上昇配列 / パーフェクトオーダー / 52週高値目前
5985,サンコール,金属製品,16.799999999999997,★☆☆☆☆,7.6,0.0,5.3,0.0,8.5,0.0,0.4,-5.0,,SK hynix,-19.0,92.7,7.2,61.6,2085,2434.0,39.1,1.7,2219,SK hynix+10.5%連動(β0.29) / 買い出来高優勢 / 52週高値ブレイク! / RSI過熱(91)⚠ / 過熱⚠25MA+62% / 開示[業績予想の修正](12日前)
9619,イチネンホールディングス,サービス業,16.7,★☆☆☆☆,0.0,0.0,3.0,0.0,13.7,0.0,0.0,0.0,,,0.0,8.8,2.7,10.1,2541,2686.0,2.8,1.1,110,MA上昇配列 / パーフェクトオーダー / 52週高値ブレイク!
5208,有沢製作所,化学,16.6,★☆☆☆☆,4.6,0.0,0.0,0.0,12.0,0.0,0.0,0.0,,SK hynix,-1.8,8.7,5.1,6.6,2473,2755.0,3.2,0.7,677,SK hynix+10.5%連動(β0.18) / MA上昇配列 / パーフェクトオーダー
6336,石井表記,機械,16.6,★☆☆☆☆,6.6,0.0,0.0,0.0,10.0,0.0,0.0,0.0,,SK hynix,-8.0,4.6,6.4,8.0,1585,1816.0,13.1,0.9,121,SK hynix+10.5%連動(β0.25) / MA上昇配列 / パーフェクトオーダー
6994,指月電機製作所,電気機器,16.6,★☆☆☆☆,7.6,0.0,3.0,0.0,6.0,0.0,0.0,0.0,,SK hynix,-8.6,18.7,7.2,12.8,1053,1229.0,10.6,1.2,398,SK hynix+10.5%連動(β0.29)
6135,牧野フライス製作所,機械,16.5,★☆☆☆☆,0.0,0.0,3.0,0.0,13.5,0.0,0.0,0.0,,,0.0,7.0,4.1,9.6,14853,16170.0,11.6,0.5,4063,MA上昇配列 / パーフェクトオーダー / 52週高値目前
8362,福井銀行,銀行業,16.5,★☆☆☆☆,4.0,0.0,2.0,0.0,13.5,0.0,0.0,-3.0,,SK hynix,-9.2,19.2,4.9,15.2,6309,7000.0,16.3,1.1,483,SK hynix+10.5%連動(β0.15) / MA上昇配列 / パーフェクトオーダー / 52週高値目前 / 伸びすぎ注意(25MA+15%)
9310,日本トランスシティ,倉庫・運輸関連業,16.5,★☆☆☆☆,0.0,0.0,3.0,0.0,13.5,0.0,0.0,0.0,,,0.0,11.2,3.4,8.9,1360,1459.0,6.2,1.0,179,MA上昇配列 / パーフェクトオーダー / 52週高値目前
5142,アキレス,化学,16.5,★☆☆☆☆,4.1,0.0,6.3,0.0,10.5,0.0,0.6,-5.0,,SK hynix,-9.1,58.3,4.7,38.1,1795,1980.0,10.3,1.3,168,SK hynix+10.5%連動(β0.15) / 買い出来高優勢 / 資金流入増 / MA上昇配列 / 52週高値ブレイク! / RSI過熱(98)⚠ / 過熱⚠25MA+38% / 開示[上方修正](12日前)
9069,センコーグループホールディングス,陸運業,16.5,★☆☆☆☆,0.0,0.0,3.0,0.0,13.5,0.0,0.0,0.0,,,0.0,1.5,2.2,5.7,2238,2342.5,3.6,1.3,968,MA上昇配列 / パーフェクトオーダー / 52週高値目前
8059,第一実業,卸売業,16.5,★☆☆☆☆,0.0,0.0,3.0,0.0,13.5,0.0,0.0,0.0,,,0.0,3.4,3.4,4.1,3349,3590.0,2.1,0.8,329,MA上昇配列 / パーフェクトオーダー / 52週高値目前
4617,中国塗料,化学,16.5,★☆☆☆☆,16.5,0.0,0.0,0.0,0.0,0.0,0.0,0.0,,SK hynix,4.4,-4.0,3.8,-1.4,3316,3590.0,-2.2,0.7,957,SK hynix+10.5%連動(β0.17) 未反応+4.4%
5706,三井金属,非鉄金属,16.400000000000002,★☆☆☆☆,12.4,0.0,1.0,0.0,2.7,0.0,0.3,0.0,,SK hynix,0.6,-4.9,9.8,-3.7,24184,30060.0,7.9,1.3,51737,SK hynix+10.5%連動(β0.40) 未反応+0.6% / 開示[株式分割](12日前)
6247,日阪製作所,機械,16.4,★☆☆☆☆,3.4,0.0,1.0,0.0,12.0,0.0,0.0,0.0,,SK hynix,-0.3,3.1,3.9,4.3,1622,1758.0,4.3,0.4,103,SK hynix+10.5%連動(β0.13) / MA上昇配列 / パーフェクトオーダー
7741,ＨＯＹＡ,精密機器,16.4,★☆☆☆☆,8.7,0.0,2.0,0.0,5.7,0.0,0.0,0.0,,SK hynix,1.1,-0.9,3.1,3.7,24669,26290.0,0.2,0.5,25057,SK hynix+10.5%連動(β0.21) 未反応+1.1%
3110,日東紡績,ガラス・土石製品,16.4,★☆☆☆☆,11.4,0.0,0.0,0.0,5.0,0.0,0.0,0.0,,SK hynix,-0.7,0.6,9.5,3.3,2599,3210.0,14.0,1.0,22083,SK hynix+10.5%連動(β0.43)
9984,ソフトバンクグループ,情報・通信業,16.4,★☆☆☆☆,11.4,0.0,0.0,0.0,5.0,0.0,0.0,0.0,,SK hynix,-1.1,2.3,6.6,3.8,5060,5830.0,6.3,1.2,250467,SK hynix+10.5%連動(β0.43)
8051,山善,卸売業,16.4,★☆☆☆☆,0.0,0.0,2.0,0.0,13.5,0.0,0.9,0.0,,,0.0,5.9,2.7,5.9,1815,1919.0,1.0,0.6,379,MA上昇配列 / パーフェクトオーダー / 52週高値目前 / 開示[業績予想の修正](9日前)
5381,マイポックス,ガラス・土石製品,16.3,★☆☆☆☆,9.6,0.0,2.0,0.0,4.7,0.0,0.0,0.0,,SK hynix,-1.3,15.0,5.9,14.3,867,984.0,9.7,1.1,217,SK hynix+10.5%連動(β0.37)
7256,河西工業,輸送用機器,16.3,★☆☆☆☆,0.0,0.0,5.3,0.0,11.0,0.0,0.0,0.0,,,0.0,6.8,7.1,9.1,401,468.0,10.4,1.7,192,買い出来高優勢 / MA上昇配列 / パーフェクトオーダー
6787,メイコー,電気機器,16.3,★☆☆☆☆,13.6,0.0,0.0,0.0,2.7,0.0,0.0,0.0,,SK hynix,0.3,-22.0,11.9,-13.4,14324,18820.0,11.3,1.2,10522,SK hynix+10.5%連動(β0.48)
7180,九州フィナンシャルグループ,銀行業,16.2,★☆☆☆☆,4.4,0.0,0.0,0.0,10.7,0.0,1.1,0.0,,SK hynix,-2.9,0.3,3.4,2.0,1457,1564.0,6.1,0.9,2028,SK hynix+10.5%連動(β0.17) / MA上昇配列 / パーフェクトオーダー / 開示[自己株式の取得](9日前)
4611,大日本塗料,化学,16.2,★☆☆☆☆,3.0,0.0,1.0,0.0,12.2,0.0,0.0,0.0,,SK hynix,-1.9,7.3,2.7,7.5,1439,1522.0,3.7,0.6,123,SK hynix+10.5%連動(β0.11) / MA上昇配列 / パーフェクトオーダー / 52週高値目前
6381,アネスト岩田,機械,16.2,★☆☆☆☆,0.0,0.0,4.3,0.0,11.0,0.0,0.9,0.0,,,0.0,7.3,2.1,6.0,1853,1935.0,2.3,0.6,197,買い出来高優勢 / MA上昇配列 / パーフェクトオーダー / 52週高値目前 / RSI過熱(86)⚠ / 開示[業績予想の修正](9日前)
6845,アズビル,電気機器,16.1,★☆☆☆☆,15.1,0.0,0.0,0.0,1.0,0.0,0.0,0.0,,SK hynix,3.7,-11.6,3.5,-6.9,1414,1518.5,-1.8,0.9,2396,SK hynix+10.5%連動(β0.15) 未反応+3.7%
6958,日本シイエムケイ,電気機器,16.1,★☆☆☆☆,7.4,0.0,2.0,0.0,6.7,0.0,0.0,0.0,,SK hynix,0.3,16.4,5.2,13.4,682,762.0,6.0,0.9,589,SK hynix+10.5%連動(β0.25)
4044,セントラル硝子,化学,16.099999999999998,★☆☆☆☆,0.0,0.0,3.0,0.0,12.2,0.0,0.9,0.0,,,0.0,8.8,3.3,9.0,4353,4660.0,0.9,0.6,512,MA上昇配列 / パーフェクトオーダー / 52週高値目前 / 開示[業績予想の修正](9日前)
9900,サガミホールディングス,小売業,16.0,★☆☆☆☆,0.0,0.0,3.0,0.0,13.0,0.0,0.0,0.0,,,0.0,21.4,3.2,11.8,2127,2270.0,3.7,0.7,277,MA上昇配列 / 52週高値ブレイク!
2121,ＭＩＸＩ,情報・通信業,16.0,★☆☆☆☆,0.0,0.0,4.0,0.0,12.0,0.0,0.0,0.0,,,0.0,10.8,3.7,11.0,3179,3430.0,2.8,1.4,1372,MA上昇配列 / パーフェクトオーダー
2780,コメ兵ホールディングス,小売業,16.0,★☆☆☆☆,0.0,0.0,4.0,0.0,12.0,0.0,0.0,0.0,,,0.0,1.0,4.1,5.2,5045,5500.0,3.0,1.7,603,MA上昇配列 / パーフェクトオーダー
296A,令和アカウンティング・ホールディングス,サービス業,16.0,★☆☆☆☆,0.0,0.0,4.0,0.0,12.0,0.0,0.0,0.0,,,0.0,19.2,2.8,7.8,882,934.0,7.6,0.3,165,資金流入増 / MA上昇配列 / パーフェクトオーダー
8158,ソーダニッカ,卸売業,16.0,★☆☆☆☆,0.0,0.0,5.3,0.0,10.7,0.0,0.0,0.0,,,0.0,9.2,3.4,7.7,1237,1326.0,-1.9,0.7,103,買い出来高優勢 / 資金流入増 / MA上昇配列 / パーフェクトオーダー
7774,ジャパン・ティッシュエンジニアリング,精密機器,16.0,★☆☆☆☆,0.0,0.0,5.3,0.0,10.7,0.0,0.0,0.0,,,0.0,27.2,5.6,14.9,729,822.0,-4.6,1.2,102,買い出来高優勢 / 資金流入増 / MA上昇配列 / パーフェクトオーダー
4221,大倉工業,化学,16.0,★☆☆☆☆,0.0,0.0,1.0,0.0,15.0,0.0,0.0,0.0,,,0.0,12.1,3.2,8.3,5406,5770.0,0.9,0.5,346,MA上昇配列 / パーフェクトオーダー / 52週高値ブレイク!
7510,たけびし,卸売業,16.0,★☆☆☆☆,0.0,0.0,4.0,0.0,12.0,0.0,0.0,0.0,,,0.0,15.5,3.9,7.4,2588,2806.0,-3.4,0.8,110,資金流入増 / MA上昇配列 / パーフェクトオーダー
3465,ケイアイスター不動産,不動産業,16.0,★☆☆☆☆,0.0,0.0,4.0,0.0,12.0,0.0,0.0,0.0,,,0.0,1.1,3.3,4.2,3556,3805.0,3.3,1.4,560,MA上昇配列 / パーフェクトオーダー
3964,オークネット,情報・通信業,16.0,★☆☆☆☆,0.0,0.0,4.0,0.0,12.0,0.0,0.0,0.0,,,0.0,1.8,3.6,5.7,1394,1501.0,1.8,0.8,713,資金流入増 / MA上昇配列 / パーフェクトオーダー
6351,鶴見製作所,機械,16.0,★☆☆☆☆,0.0,0.0,4.0,0.0,12.0,0.0,0.0,0.0,,,0.0,1.6,4.3,3.5,2165,2368.0,-5.8,1.5,190,MA上昇配列 / パーフェクトオーダー
3763,プロシップ,情報・通信業,16.0,★☆☆☆☆,0.0,0.0,9.0,0.0,12.0,0.0,0.0,-5.0,,,0.0,20.9,4.6,21.8,2085,2298.0,24.6,3.1,124,出来高急増3.1倍 / 買い出来高優勢 / MA上昇配列 / パーフェクトオーダー / 過熱⚠25MA+22%
8410,セブン銀行,銀行業,15.9,★☆☆☆☆,0.0,0.0,2.0,0.0,13.5,0.0,0.4,0.0,,,0.0,7.8,2.8,7.1,323,342.1000061035156,2.1,0.9,2412,MA上昇配列 / パーフェクトオーダー / 52週高値目前 / 開示[業績予想の修正](12日前)
7381,ＣＣＩグループ,銀行業,15.9,★☆☆☆☆,0.0,0.0,2.0,0.0,13.5,0.0,0.4,0.0,,,0.0,16.3,3.7,12.0,1206,1302.0,8.0,0.8,643,MA上昇配列 / パーフェクトオーダー / 52週高値目前 / 開示[自己株式の取得](12日前)
4633,サカタインクス,化学,15.9,★☆☆☆☆,0.0,0.0,2.0,0.0,13.5,0.0,0.4,0.0,,,0.0,4.6,3.1,5.9,2513,2681.0,3.2,0.6,536,MA上昇配列 / パーフェクトオーダー / 52週高値目前 / 開示[業績予想の修正](12日前)
8032,日本紙パルプ商事,卸売業,15.9,★☆☆☆☆,0.0,0.0,3.3,0.0,12.2,0.0,0.4,0.0,,,0.0,6.6,2.5,7.8,1188,1250.0,-2.0,0.8,286,買い出来高優勢 / MA上昇配列 / パーフェクトオーダー / 52週高値目前 / 開示[自己株式取得](12日前)
6333,ＴＥＩＫＯＫＵ,機械,15.8,★☆☆☆☆,0.0,0.0,6.3,0.0,9.5,0.0,0.0,0.0,,,0.0,2.8,3.8,3.3,3116,3370.0,7.7,1.9,167,買い出来高優勢 / MA上昇配列 / パーフェクトオーダー
4021,日産化学,化学,15.8,★☆☆☆☆,3.8,0.0,0.0,0.0,12.0,0.0,0.0,0.0,,SK hynix,-0.2,0.8,3.0,3.9,7570,8059.0,2.8,1.2,5570,SK hynix+10.5%連動(β0.15) / MA上昇配列 / パーフェクトオーダー
5192,三ツ星ベルト,ゴム製品,15.8,★☆☆☆☆,0.0,0.0,3.0,0.0,12.0,0.0,0.8,0.0,,,0.0,6.1,2.3,7.2,4280,4485.0,-2.3,0.5,440,MA上昇配列 / パーフェクトオーダー / 開示[自己株式取得](12日前) / 開示[業績予想の修正](12日前)
6524,湖北工業,電気機器,15.8,★☆☆☆☆,6.8,0.0,3.0,0.0,6.0,0.0,0.0,0.0,,SK hynix,-0.4,11.2,6.7,6.8,4267,4930.0,3.5,1.3,1296,SK hynix+10.5%連動(β0.26)
8316,三井住友フィナンシャルグループ,銀行業,15.799999999999999,★☆☆☆☆,7.6,0.0,0.0,0.0,8.2,0.0,0.0,0.0,,SK hynix,1.1,-2.5,2.6,0.2,6534,6900.0,4.1,0.7,86638,SK hynix+10.5%連動(β0.16) 未反応+1.1% / MA上昇配列 / パーフェクトオーダー
7912,大日本印刷,その他製品,15.799999999999999,★☆☆☆☆,3.6,0.0,0.0,0.0,12.2,0.0,0.0,0.0,,SK hynix,-0.5,0.6,2.8,6.0,3122,3307.0,3.2,0.8,4803,SK hynix+10.5%連動(β0.14) / MA上昇配列 / パーフェクトオーダー / 52週高値目前
5367,ニッカトー,ガラス・土石製品,15.7,★☆☆☆☆,6.4,0.0,3.3,0.0,6.0,0.0,0.0,0.0,,SK hynix,-1.4,7.4,7.7,4.6,1066,1261.0,5.8,0.5,657,SK hynix+10.5%連動(β0.24) / 買い出来高優勢
6298,ワイエイシイホールディングス,機械,15.7,★☆☆☆☆,8.0,0.0,2.0,0.0,5.7,0.0,0.0,0.0,,SK hynix,-4.4,12.6,4.1,12.2,1247,1360.0,12.1,1.1,290,SK hynix+10.5%連動(β0.30)
6914,オプテックスグループ,電気機器,15.7,★☆☆☆☆,11.7,0.0,0.0,0.0,4.0,0.0,0.0,0.0,,SK hynix,2.2,-4.3,4.5,-0.7,3224,3540.0,-1.1,0.6,628,SK hynix+10.5%連動(β0.19) 未反応+2.2%
6832,アオイ電子,電気機器,15.7,★☆☆☆☆,11.0,0.0,2.0,0.0,2.7,0.0,0.0,0.0,,SK hynix,1.6,-0.5,4.8,-0.0,2116,2341.0,2.5,0.5,110,SK hynix+10.5%連動(β0.24) 未反応+1.6%
6941,山一電機,電気機器,15.600000000000001,★☆☆☆☆,10.9,0.0,1.0,0.0,3.7,0.0,0.0,0.0,,SK hynix,-2.1,-2.6,9.6,0.2,7093,8770.0,7.0,0.9,3658,SK hynix+10.5%連動(β0.41)
6143,ソディック,機械,15.6,★☆☆☆☆,9.2,0.0,0.0,0.0,6.0,0.0,0.4,0.0,,SK hynix,1.0,-0.2,6.7,1.1,1548,1788.0,0.7,0.6,929,SK hynix+10.5%連動(β0.24) 未反応+1.0% / 開示[業績予想の修正](12日前)
7239,タチエス,輸送用機器,15.5,★☆☆☆☆,0.0,0.0,2.0,0.0,13.5,0.0,0.0,0.0,,,0.0,3.7,2.0,4.6,2243,2336.0,1.7,0.7,207,MA上昇配列 / パーフェクトオーダー / 52週高値目前
8308,りそなホールディングス,銀行業,15.5,★☆☆☆☆,0.0,0.0,2.0,0.0,13.5,0.0,0.0,0.0,,,0.0,7.2,3.1,7.5,2345,2500.0,10.0,0.9,24753,MA上昇配列 / パーフェクトオーダー / 52週高値目前
7267,本田技研工業,輸送用機器,15.5,★☆☆☆☆,0.0,0.0,2.0,0.0,13.5,0.0,0.0,0.0,,,0.0,6.4,3.2,6.6,1602,1713.0,1.2,0.9,30300,MA上昇配列 / パーフェクトオーダー / 52週高値目前
1939,四電工,建設業,15.5,★☆☆☆☆,0.0,0.0,2.0,0.0,13.5,0.0,0.0,0.0,,,0.0,3.6,2.4,3.3,1999,2101.0,1.2,0.8,186,MA上昇配列 / パーフェクトオーダー / 52週高値目前
2124,ジェイエイシーリクルートメント,サービス業,15.5,★☆☆☆☆,0.0,0.0,4.0,0.0,10.0,0.0,1.5,0.0,,,0.0,6.1,3.6,8.6,954,1027.0,8.3,1.1,856,資金流入増 / MA上昇配列 / 開示[自己株式取得](7日前)
7184,富山第一銀行,銀行業,15.5,★☆☆☆☆,0.0,0.0,2.0,0.0,13.5,0.0,0.0,0.0,,,0.0,18.3,4.6,10.3,3007,3315.0,11.7,0.9,724,MA上昇配列 / パーフェクトオーダー / 52週高値目前
2053,中部飼料,食料品,15.5,★☆☆☆☆,0.0,0.0,2.0,0.0,13.5,0.0,0.0,0.0,,,0.0,-0.9,2.0,3.9,1931,2012.0,5.0,0.9,130,MA上昇配列 / パーフェクトオーダー / 52週高値目前
5901,東洋製罐グループホールディングス,金属製品,15.5,★☆☆☆☆,0.0,0.0,2.0,0.0,13.5,0.0,0.0,0.0,,,0.0,3.7,2.4,5.8,4198,4414.0,2.2,0.9,1062,MA上昇配列 / パーフェクトオーダー / 52週高値目前
6840,ＡＫＩＢＡホールディングス,電気機器,15.5,★☆☆☆☆,8.5,0.0,4.0,0.0,6.0,0.0,0.0,-3.0,,SK hynix,-14.4,25.1,9.0,19.3,685,835.0,-0.6,1.7,583,SK hynix+10.5%連動(β0.32) / 伸びすぎ注意(25MA+19%)
6463,ＴＰＲ,機械,15.5,★☆☆☆☆,0.0,0.0,2.0,0.0,13.5,0.0,0.0,0.0,,,0.0,6.0,2.8,5.6,1471,1557.0,3.7,0.5,228,MA上昇配列 / パーフェクトオーダー / 52週高値目前
8358,スルガ銀行,銀行業,15.5,★☆☆☆☆,0.0,0.0,3.3,0.0,12.2,0.0,0.0,0.0,,,0.0,10.5,3.0,8.2,2765,2943.0,6.8,1.1,2544,買い出来高優勢 / MA上昇配列 / パーフェクトオーダー / 52週高値目前
5301,東海カーボン,ガラス・土石製品,15.5,★☆☆☆☆,4.8,0.0,0.0,0.0,10.7,0.0,0.0,0.0,,SK hynix,0.2,9.1,4.2,10.9,1693,1846.0,1.7,0.6,3367,SK hynix+10.5%連動(β0.16) / MA上昇配列 / パーフェクトオーダー
7278,エクセディ,輸送用機器,15.5,★☆☆☆☆,0.0,0.0,2.0,0.0,13.5,0.0,0.0,0.0,,,0.0,1.3,1.5,3.7,6047,6240.0,3.3,0.7,1105,MA上昇配列 / パーフェクトオーダー / 52週高値目前
3989,シェアリングテクノロジー,情報・通信業,15.5,★☆☆☆☆,0.0,0.0,3.3,0.0,12.2,0.0,0.0,0.0,,,0.0,0.7,3.3,5.5,1398,1497.0,2.2,0.8,305,買い出来高優勢 / MA上昇配列 / パーフェクトオーダー / 52週高値目前
8151,東陽テクニカ,卸売業,15.5,★☆☆☆☆,3.5,0.0,0.0,0.0,12.0,0.0,0.0,0.0,,SK hynix,-2.9,4.5,3.3,4.4,1941,2077.0,3.8,1.0,367,SK hynix+10.5%連動(β0.13) / MA上昇配列 / パーフェクトオーダー
2060,フィード・ワン,食料品,15.5,★☆☆☆☆,0.0,0.0,2.0,0.0,13.5,0.0,0.0,0.0,,,0.0,4.9,2.6,8.2,1340,1413.0,8.5,1.4,121,MA上昇配列 / パーフェクトオーダー / 52週高値目前
4246,ダイキョーニシカワ,化学,15.5,★☆☆☆☆,0.0,0.0,3.0,0.0,12.5,0.0,0.0,0.0,,,0.0,9.9,2.4,9.6,1089,1143.0,3.9,1.3,320,MA上昇配列 / パーフェクトオーダー / 52週高値ブレイク! / RSI過熱(88)⚠
8133,伊藤忠エネクス,卸売業,15.5,★☆☆☆☆,0.0,0.0,2.0,0.0,13.5,0.0,0.0,0.0,,,0.0,1.2,2.5,4.4,2075,2184.0,1.4,0.8,266,MA上昇配列 / パーフェクトオーダー / 52週高値目前
7167,めぶきフィナンシャルグループ,銀行業,15.5,★☆☆☆☆,0.0,0.0,2.0,0.0,13.5,0.0,0.0,0.0,,,0.0,13.4,3.1,9.6,1586,1691.5,9.1,1.1,4584,MA上昇配列 / パーフェクトオーダー / 52週高値目前
8173,Ｊｏｓｈｉｎ,小売業,15.5,★☆☆☆☆,0.0,0.0,2.0,0.0,13.5,0.0,0.0,0.0,,,0.0,14.0,3.4,9.3,3958,4250.0,6.2,0.9,651,MA上昇配列 / パーフェクトオーダー / 52週高値目前
1942,関電工,建設業,15.5,★☆☆☆☆,0.0,14.0,0.0,0.0,1.5,0.0,0.0,0.0,,,0.0,-9.2,4.7,-2.4,5081,5610.0,5.9,0.7,8094,AIデータセンター・電力(+4.0%)
2269,明治ホールディングス,食料品,15.5,★☆☆☆☆,0.0,0.0,2.0,0.0,13.5,0.0,0.0,0.0,,,0.0,6.2,3.3,8.9,3963,4244.0,1.3,0.7,5305,MA上昇配列 / パーフェクトオーダー / 52週高値目前
8359,八十二長野銀行,銀行業,15.5,★☆☆☆☆,0.0,0.0,2.0,0.0,13.5,0.0,0.0,0.0,,,0.0,6.0,3.1,5.1,2561,2730.0,7.7,0.7,4275,MA上昇配列 / パーフェクトオーダー / 52週高値目前
8370,紀陽銀行,銀行業,15.5,★☆☆☆☆,0.0,0.0,2.0,0.0,13.5,0.0,0.0,0.0,,,0.0,6.5,3.0,5.6,4773,5080.0,7.4,0.4,913,MA上昇配列 / パーフェクトオーダー / 52週高値目前
4526,理研ビタミン,食料品,15.5,★☆☆☆☆,0.0,0.0,2.0,0.0,13.5,0.0,0.0,0.0,,,0.0,-1.4,2.0,3.0,3144,3275.0,1.9,0.7,203,MA上昇配列 / パーフェクトオーダー / 52週高値目前
325A,ＴＥＮＴＩＡＬ,繊維製品,15.4,★☆☆☆☆,0.0,0.0,1.0,0.0,11.0,0.0,3.4,0.0,,,0.0,1.7,4.1,10.3,1601,1745.0,12.1,1.2,472,MA上昇配列 / パーフェクトオーダー / 開示[自己株式の取得](0日前) / 開示[自己株式の取得](12日前)
4064,日本カーバイド工業,化学,15.4,★☆☆☆☆,4.4,0.0,0.0,0.0,11.0,0.0,0.0,0.0,,SK hynix,-3.0,1.2,4.3,3.2,3134,3430.0,7.2,0.8,298,SK hynix+10.5%連動(β0.17) / MA上昇配列 / パーフェクトオーダー
7182,ゆうちょ銀行,銀行業,15.4,★☆☆☆☆,3.4,0.0,0.0,0.0,12.0,0.0,0.0,0.0,,SK hynix,-4.7,0.9,2.9,2.5,3141,3332.0,7.9,1.0,23201,SK hynix+10.5%連動(β0.13) / MA上昇配列 / パーフェクトオーダー
9888,ＵＥＸ,卸売業,15.4,★☆☆☆☆,0.0,0.0,4.0,0.0,11.0,0.0,0.4,0.0,,,0.0,20.0,5.0,13.4,1110,1235.0,0.7,0.9,121,資金流入増 / MA上昇配列 / パーフェクトオーダー / 開示[業績予想の修正](12日前)
3660,アイスタイル,情報・通信業,15.399999999999999,★☆☆☆☆,0.0,0.0,8.7,0.0,8.0,0.0,1.7,-3.0,,,0.0,23.5,4.0,19.5,483,525.0,19.0,4.5,699,出来高急増4.5倍 / 資金流入増 / MA上昇配列 / 伸びすぎ注意(25MA+20%) / 開示[自己株式取得](6日前)
7389,あいちフィナンシャルグループ,銀行業,15.399999999999999,★☆☆☆☆,3.7,0.0,1.0,0.0,10.7,0.0,0.0,0.0,,SK hynix,-8.6,5.0,5.1,8.1,1668,1859.0,18.2,1.0,1734,SK hynix+10.5%連動(β0.14) / MA上昇配列 / パーフェクトオーダー
4434,サーバーワークス,情報・通信業,15.3,★☆☆☆☆,0.0,0.0,5.3,0.0,10.0,0.0,0.0,0.0,,,0.0,30.4,4.6,8.3,2182,2402.0,0.5,0.6,170,買い出来高優勢 / 資金流入増 / MA上昇配列 / パーフェクトオーダー
2489,アドウェイズ,サービス業,15.3,★☆☆☆☆,0.0,0.0,5.3,0.0,10.0,0.0,0.0,0.0,,,0.0,14.2,4.7,13.8,334,369.0,13.2,0.5,177,買い出来高優勢 / 資金流入増 / MA上昇配列 / パーフェクトオーダー
4997,日本農薬,化学,15.3,★☆☆☆☆,0.0,0.0,4.3,0.0,11.0,0.0,0.0,0.0,,,0.0,15.4,2.4,9.9,1133,1190.0,2.6,0.6,260,買い出来高優勢 / MA上昇配列 / パーフェクトオーダー / 52週高値目前 / RSI過熱(87)⚠
8541,愛媛銀行,銀行業,15.3,★☆☆☆☆,0.0,0.0,5.3,0.0,15.0,0.0,0.0,-5.0,,,0.0,38.1,4.2,22.2,3042,3320.0,19.4,0.7,1135,買い出来高優勢 / 資金流入増 / MA上昇配列 / パーフェクトオーダー / 52週高値ブレイク! / 過熱⚠25MA+22%
6083,ＥＲＩホールディングス,サービス業,15.3,★☆☆☆☆,0.0,0.0,3.3,0.0,12.0,0.0,0.0,0.0,,,0.0,8.5,3.3,5.0,1546,1655.0,-2.3,0.7,106,買い出来高優勢 / MA上昇配列 / パーフェクトオーダー
7744,ノーリツ鋼機,精密機器,15.3,★☆☆☆☆,0.0,0.0,4.3,0.0,11.0,0.0,0.0,0.0,,,0.0,0.0,3.0,2.4,1938,2063.0,-0.9,0.8,835,買い出来高優勢 / MA上昇配列 / パーフェクトオーダー
7717,ブイ・テクノロジー,精密機器,15.3,★☆☆☆☆,10.3,0.0,1.0,0.0,4.0,0.0,0.0,0.0,,SK hynix,-1.3,-12.6,6.8,-2.5,5094,5900.0,5.7,0.8,1958,SK hynix+10.5%連動(β0.39)
4970,東洋合成工業,化学,15.299999999999999,★☆☆☆☆,11.2,0.0,1.0,0.0,2.7,0.0,0.4,0.0,,SK hynix,-0.8,-18.3,8.5,-8.0,10514,12660.0,7.3,0.9,1319,SK hynix+10.5%連動(β0.43) / 開示[業績予想の修正](12日前)
8304,あおぞら銀行,銀行業,15.2,★☆☆☆☆,0.0,0.0,3.0,0.0,12.2,0.0,0.0,0.0,,,0.0,12.3,2.7,8.0,3203,3388.0,3.8,1.4,5253,MA上昇配列 / パーフェクトオーダー / 52週高値目前
9324,安田倉庫,倉庫・運輸関連業,15.2,★☆☆☆☆,0.0,0.0,3.0,0.0,12.2,0.0,0.0,0.0,,,0.0,-4.3,2.9,2.5,2447,2597.0,3.5,1.0,274,MA上昇配列 / パーフェクトオーダー / 52週高値目前
3097,物語コーポレーション,小売業,15.1,★☆☆☆☆,0.0,0.0,2.0,0.0,12.0,0.0,1.1,0.0,,,0.0,4.2,3.6,7.1,5283,5690.0,4.6,0.7,1261,MA上昇配列 / パーフェクトオーダー / 開示[増配](9日前)
6963,ローム,電気機器,15.1,★☆☆☆☆,8.1,0.0,0.0,0.0,7.0,0.0,0.0,0.0,,SK hynix,-1.9,6.1,5.8,7.1,4457,5040.0,7.0,0.7,22071,SK hynix+10.5%連動(β0.31)
2734,サーラコーポレーション,小売業,15.0,★☆☆☆☆,0.0,0.0,3.3,0.0,11.7,0.0,0.0,0.0,,,0.0,1.3,2.1,6.2,1179,1230.0,5.8,0.8,175,買い出来高優勢 / MA上昇配列 / 52週高値ブレイク!
2004,昭和産業,食料品,15.0,★☆☆☆☆,0.0,0.0,0.0,0.0,15.0,0.0,0.0,0.0,,,0.0,-1.5,2.0,4.0,3525,3670.0,4.6,1.0,208,MA上昇配列 / パーフェクトオーダー / 52週高値ブレイク!
1944,きんでん,建設業,15.0,★☆☆☆☆,0.0,14.0,1.0,0.0,0.0,0.0,0.0,0.0,,,0.0,-8.4,4.2,-4.8,6286,6856.0,2.3,0.6,7918,AIデータセンター・電力(+4.0%)
6371,椿本チエイン,機械,15.0,★☆☆☆☆,0.0,0.0,3.0,0.0,12.0,0.0,0.0,0.0,,,0.0,-0.1,2.3,2.6,2591,2714.0,0.4,0.6,572,MA上昇配列 / パーフェクトオーダー
6448,ブラザー工業,電気機器,15.0,★☆☆☆☆,0.0,0.0,4.3,0.0,10.7,0.0,0.0,0.0,,,0.0,15.2,3.2,10.8,4298,4587.0,0.4,0.9,4511,買い出来高優勢 / MA上昇配列 / パーフェクトオーダー
6644,大崎電気工業,電気機器,15.0,★☆☆☆☆,6.0,0.0,3.0,0.0,6.0,0.0,0.0,0.0,,SK hynix,0.6,1.5,3.7,2.9,1443,1558.0,2.9,1.5,412,SK hynix+10.5%連動(β0.16) 未反応+0.6%
4206,アイカ工業,化学,15.0,★☆☆☆☆,0.0,0.0,3.0,0.0,12.0,0.0,0.0,0.0,,,0.0,5.5,2.9,5.5,3825,4060.0,-3.5,0.8,1309,MA上昇配列 / パーフェクトオーダー
7433,伯東,卸売業,15.0,★☆☆☆☆,0.0,0.0,3.0,0.0,12.0,0.0,0.0,0.0,,,0.0,12.8,3.4,6.1,4833,5190.0,-2.1,0.5,647,MA上昇配列 / パーフェクトオーダー
9147,ＮＩＰＰＯＮ　ＥＸＰＲＥＳＳホールディングス,陸運業,14.9,★☆☆☆☆,0.0,0.0,1.0,0.0,13.5,0.0,0.4,0.0,,,0.0,-0.5,2.9,3.9,5306,5636.0,1.1,0.5,7014,MA上昇配列 / パーフェクトオーダー / 52週高値目前 / 開示[業績予想の修正](12日前)
8002,丸紅,卸売業,14.9,★☆☆☆☆,14.9,0.0,0.0,0.0,0.0,0.0,0.0,0.0,,SK hynix,3.4,-6.2,3.3,-2.9,4617,4938.0,-0.2,0.6,25897,SK hynix+10.5%連動(β0.18) 未反応+3.4%
5715,古河機械金属,非鉄金属,14.9,★☆☆☆☆,4.5,0.0,4.3,0.0,4.7,0.0,1.4,0.0,,SK hynix,-6.2,17.7,4.6,14.6,3901,4300.0,7.4,1.0,1349,SK hynix+10.5%連動(β0.17) / 買い出来高優勢 / 開示[業績予想の修正](6日前)
8591,オリックス,その他金融業,14.899999999999999,★☆☆☆☆,11.7,0.0,0.0,0.0,3.2,0.0,0.0,0.0,,SK hynix,2.5,-3.7,2.5,-2.1,5984,6295.0,0.4,0.9,21874,SK hynix+10.5%連動(β0.16) 未反応+2.5%
1379,ホクト,水産・農林業,14.8,★☆☆☆☆,0.0,0.0,3.3,0.0,11.5,0.0,0.0,0.0,,,0.0,0.0,2.5,4.1,1922,2024.0,5.5,0.8,203,買い出来高優勢 / MA上昇配列 / 52週高値目前
8075,神鋼商事,卸売業,14.8,★☆☆☆☆,0.0,0.0,5.3,0.0,12.5,0.0,0.0,-3.0,,,0.0,22.2,2.9,16.4,2944,3125.0,5.1,1.2,231,買い出来高優勢 / 資金流入増 / MA上昇配列 / パーフェクトオーダー / 52週高値ブレイク! / RSI過熱(90)⚠ / 伸びすぎ注意(25MA+16%)
6779,日本電波工業,電気機器,14.8,★☆☆☆☆,9.4,0.0,0.0,0.0,5.0,0.0,0.4,0.0,,SK hynix,-3.4,7.5,8.8,7.5,2525,3065.0,3.3,0.9,3000,SK hynix+10.5%連動(β0.36) / 開示[業績予想の修正](12日前)
6622,ダイヘン,電気機器,14.8,★☆☆☆☆,10.8,0.0,0.0,0.0,4.0,0.0,0.0,0.0,,SK hynix,0.3,-5.0,6.9,-0.9,12130,14070.0,4.6,0.5,4506,SK hynix+10.5%連動(β0.37)
6986,双葉電子工業,電気機器,14.8,★☆☆☆☆,5.0,0.0,5.3,0.0,4.5,0.0,0.0,0.0,,SK hynix,-1.7,13.2,3.1,9.6,629,670.0,3.6,1.7,199,SK hynix+10.5%連動(β0.19) / 買い出来高優勢 / RSI過熱(87)⚠
6998,日本タングステン,電気機器,14.8,★☆☆☆☆,0.0,0.0,7.3,0.0,12.5,0.0,0.0,-5.0,,,0.0,77.2,6.2,48.3,3034,3460.0,5.5,1.9,402,買い出来高優勢 / 資金流入増 / MA上昇配列 / パーフェクトオーダー / 52週高値ブレイク! / RSI過熱(91)⚠ / 過熱⚠25MA+48%
7186,横浜フィナンシャルグループ,銀行業,14.799999999999999,★☆☆☆☆,4.1,0.0,0.0,0.0,10.7,0.0,0.0,0.0,,SK hynix,-1.6,2.7,2.9,2.6,1824,1935.5,5.3,0.9,7091,SK hynix+10.5%連動(β0.15) / MA上昇配列 / パーフェクトオーダー
4543,テルモ,精密機器,14.700000000000001,★☆☆☆☆,0.0,0.0,3.3,0.0,11.0,0.0,0.4,0.0,,,0.0,8.5,3.5,9.6,2395,2578.0,0.1,1.2,11676,買い出来高優勢 / MA上昇配列 / パーフェクトオーダー / 開示[業績予想の修正](12日前)
8841,テーオーシー,不動産業,14.7,★☆☆☆☆,0.0,0.0,9.0,0.0,5.7,0.0,0.0,0.0,,,0.0,13.6,3.6,12.7,980,1055.0,6.6,5.1,176,出来高急増5.1倍 / 買い出来高優勢
6702,富士通,電気機器,14.7,★☆☆☆☆,0.0,6.0,2.0,0.0,6.7,0.0,0.0,0.0,,,0.0,4.0,4.2,2.1,3300,3601.0,-3.2,0.6,32557,量子(-2.5%) / MA上昇配列
5991,日本発條,金属製品,14.7,★☆☆☆☆,7.7,0.0,1.0,0.0,6.0,0.0,0.0,0.0,,SK hynix,0.5,0.0,4.6,1.5,3341,3678.0,3.6,0.6,2903,SK hynix+10.5%連動(β0.24)
6592,マブチモーター,電気機器,14.7,★☆☆☆☆,0.0,0.0,4.0,0.0,10.7,0.0,0.0,0.0,,,0.0,6.3,2.4,6.9,1687,1774.0,5.4,1.2,2494,MA上昇配列 / パーフェクトオーダー
6794,フォスター電機,電気機器,14.6,★☆☆☆☆,5.6,0.0,2.0,0.0,7.0,0.0,0.0,0.0,,SK hynix,-5.1,5.7,4.5,6.8,2811,3090.0,4.7,0.7,565,SK hynix+10.5%連動(β0.21)
5121,藤倉コンポジット,ゴム製品,14.6,★☆☆☆☆,0.0,0.0,2.0,0.0,12.2,0.0,0.4,0.0,,,0.0,7.3,3.4,6.7,2583,2773.0,0.7,0.6,298,MA上昇配列 / パーフェクトオーダー / 52週高値目前 / 開示[自己株式の取得](12日前)
7936,アシックス,その他製品,14.6,★☆☆☆☆,0.0,0.0,2.0,0.0,10.7,0.0,1.9,0.0,,,0.0,-5.1,4.6,0.1,4450,4897.0,-3.0,1.2,24796,MA上昇配列 / パーフェクトオーダー / 開示[増配](5日前)
5741,ＵＡＣＪ,非鉄金属,14.5,★☆☆☆☆,5.5,0.0,4.0,0.0,5.0,0.0,0.0,0.0,,SK hynix,0.0,2.3,5.2,3.6,2214,2473.0,6.2,1.6,2165,SK hynix+10.5%連動(β0.21)
6306,日工,機械,14.5,★☆☆☆☆,0.0,0.0,1.0,0.0,13.5,0.0,0.0,0.0,,,0.0,4.9,2.3,5.1,979,1026.0,4.5,0.6,130,MA上昇配列 / パーフェクトオーダー / 52週高値目前
2613,Ｊ－オイルミルズ,食料品,14.5,★☆☆☆☆,0.0,0.0,1.0,0.0,13.5,0.0,0.0,0.0,,,0.0,-1.8,1.8,3.9,2095,2175.0,5.2,1.0,131,MA上昇配列 / パーフェクトオーダー / 52週高値目前
7911,ＴＯＰＰＡＮホールディングス,その他製品,14.5,★☆☆☆☆,5.5,0.0,2.0,0.0,7.0,0.0,0.0,0.0,,SK hynix,-3.6,10.0,4.4,8.4,4747,5201.0,8.0,1.0,9606,SK hynix+10.5%連動(β0.21)
3950,ザ・パック,パルプ・紙,14.5,★☆☆☆☆,0.0,0.0,2.0,0.0,12.5,0.0,0.0,0.0,,,0.0,-0.9,2.0,2.8,1423,1482.0,4.0,0.7,200,MA上昇配列 / パーフェクトオーダー / 52週高値ブレイク!
6472,ＮＴＮ,機械,14.5,★☆☆☆☆,7.5,0.0,1.0,0.0,6.0,0.0,0.0,0.0,,SK hynix,1.0,1.4,3.8,2.1,362,391.3999938964844,1.7,1.0,1533,SK hynix+10.5%連動(β0.17) 未反応+1.0%
8714,池田泉州ホールディングス,銀行業,14.5,★☆☆☆☆,0.0,0.0,1.0,0.0,13.5,0.0,0.0,0.0,,,0.0,7.8,3.8,7.7,1028,1113.0,9.8,0.7,1458,MA上昇配列 / パーフェクトオーダー / 52週高値目前
6676,ＢＵＦＦＡＬＯ,電気機器,14.5,★☆☆☆☆,0.0,0.0,1.0,0.0,13.5,0.0,0.0,0.0,,,0.0,5.8,2.8,4.3,2704,2867.0,2.3,0.5,126,MA上昇配列 / パーフェクトオーダー / 52週高値目前
4919,ミルボン,化学,14.5,★☆☆☆☆,0.0,0.0,2.0,0.0,10.0,0.0,2.5,0.0,,,0.0,6.3,3.2,9.1,2955,3160.0,8.0,1.0,489,MA上昇配列 / パーフェクトオーダー / 開示[上方修正](9日前) / 開示[自己株式取得](9日前)
8098,稲畑産業,卸売業,14.5,★☆☆☆☆,0.0,0.0,1.0,0.0,13.5,0.0,0.0,0.0,,,0.0,1.9,1.8,5.0,4086,4235.0,3.0,0.8,406,MA上昇配列 / パーフェクトオーダー / 52週高値目前
8142,トーホー,卸売業,14.5,★☆☆☆☆,0.0,0.0,1.0,0.0,13.5,0.0,0.0,0.0,,,0.0,0.6,1.9,3.8,1357,1410.0,3.7,0.6,251,MA上昇配列 / パーフェクトオーダー / 52週高値目前
3221,ヨシックスホールディングス,小売業,14.4,★☆☆☆☆,0.0,0.0,3.0,0.0,11.0,0.0,0.4,0.0,,,0.0,0.2,2.2,2.9,3184,3330.0,5.9,0.9,119,MA上昇配列 / パーフェクトオーダー / 開示[自己株式の取得](12日前)
3106,倉敷紡績,繊維製品,14.4,★☆☆☆☆,0.0,0.0,2.0,0.0,12.0,0.0,0.4,0.0,,,0.0,3.5,4.0,5.9,9856,10720.0,3.5,0.4,527,MA上昇配列 / パーフェクトオーダー / 開示[業績予想の修正](12日前)
6339,新東工業,機械,14.4,★☆☆☆☆,0.0,0.0,2.0,0.0,12.0,0.0,0.4,0.0,,,0.0,5.2,2.5,6.6,1203,1267.0,-0.2,1.1,129,MA上昇配列 / パーフェクトオーダー / 開示[自己株式取得](12日前)
7606,ユナイテッドアローズ,小売業,14.4,★☆☆☆☆,0.0,0.0,2.0,0.0,12.0,0.0,0.4,0.0,,,0.0,-1.3,2.7,2.1,2392,2527.0,-3.3,1.0,541,MA上昇配列 / パーフェクトオーダー / 開示[増配](12日前)
3441,山王,金属製品,14.4,★☆☆☆☆,7.4,0.0,2.0,0.0,5.0,0.0,0.0,0.0,,SK hynix,-2.1,5.8,5.6,7.6,2541,2862.0,8.7,1.7,124,SK hynix+10.5%連動(β0.28)
1980,ダイダン,建設業,14.3,★☆☆☆☆,5.3,0.0,3.0,0.0,6.0,0.0,0.0,0.0,,SK hynix,-5.8,5.0,5.7,8.4,2511,2835.0,11.7,0.6,2358,SK hynix+10.5%連動(β0.20)
9934,因幡電機産業,卸売業,14.3,★☆☆☆☆,0.0,0.0,3.3,0.0,11.0,0.0,0.0,0.0,,,0.0,6.0,2.4,6.0,2903,3049.0,0.5,0.7,606,買い出来高優勢 / MA上昇配列 / パーフェクトオーダー / 52週高値目前 / RSI過熱(94)⚠
3333,あさひ,小売業,14.3,★☆☆☆☆,0.0,0.0,5.3,0.0,9.0,0.0,0.0,0.0,,,0.0,-2.5,2.0,2.7,1302,1356.0,3.3,2.3,176,出来高増2.3倍 / MA上昇配列
3539,ＪＭホールディングス,小売業,14.3,★☆☆☆☆,0.0,0.0,5.3,0.0,9.0,0.0,0.0,0.0,,,0.0,7.1,2.7,7.5,1382,1461.0,5.3,0.4,456,買い出来高優勢 / 資金流入増 / MA上昇配列
6486,イーグル工業,機械,14.3,★☆☆☆☆,0.0,0.0,3.3,0.0,11.0,0.0,0.0,0.0,,,0.0,0.9,2.0,2.2,2930,3050.0,0.2,0.4,347,買い出来高優勢 / MA上昇配列 / パーフェクトオーダー
6834,精工技研,電気機器,14.3,★☆☆☆☆,9.2,0.0,3.0,0.0,6.0,0.0,1.1,-5.0,,SK hynix,-5.7,31.8,9.1,21.6,21226,25920.0,23.0,1.3,5555,SK hynix+10.5%連動(β0.35) / 過熱⚠25MA+22% / 開示[増配](9日前)
3968,セグエグループ,情報・通信業,14.3,★☆☆☆☆,0.0,0.0,4.0,0.0,8.0,0.0,2.3,0.0,,,0.0,-1.4,3.7,4.2,578,625.0,6.1,1.3,241,MA上昇配列 / 開示[上方修正](6日前)
4290,プレステージ・インターナショナル,サービス業,14.3,★☆☆☆☆,0.0,0.0,4.3,0.0,10.0,0.0,0.0,0.0,,,0.0,2.7,2.1,4.9,694,725.0,3.1,0.7,423,買い出来高優勢 / MA上昇配列
417A,ブルーゾーンホールディングス,小売業,14.299999999999999,★☆☆☆☆,0.0,0.0,1.0,0.0,10.7,0.0,2.6,0.0,,,0.0,-1.8,2.5,3.0,1736,1826.0,2.8,1.1,540,MA上昇配列 / パーフェクトオーダー / 開示[自己株式の取得](7日前) / 開示[自己株式の取得](9日前)
5707,東邦亜鉛,非鉄金属,14.299999999999997,★☆☆☆☆,7.1,0.0,8.7,0.0,3.5,0.0,0.0,-5.0,,SK hynix,-8.8,42.2,6.4,24.8,980,1123.0,11.7,2.3,594,SK hynix+10.5%連動(β0.27) / 出来高増2.3倍 / 買い出来高優勢 / 資金流入増 / RSI過熱(86)⚠ / 過熱⚠25MA+25%
6862,ミナトホールディングス,電気機器,14.200000000000003,★☆☆☆☆,7.3,0.0,5.3,0.0,5.5,0.0,1.1,-5.0,,SK hynix,-27.5,112.7,8.0,66.0,3233,3845.0,57.1,1.5,1525,SK hynix+10.5%連動(β0.28) / 買い出来高優勢 / RSI過熱(90)⚠ / 過熱⚠25MA+66% / 開示[増配](9日前)
8935,ＦＪネクストホールディングス,不動産業,14.2,★☆☆☆☆,0.0,0.0,2.0,0.0,12.2,0.0,0.0,0.0,,,0.0,10.0,2.6,8.3,1944,2052.0,4.1,0.9,126,MA上昇配列 / パーフェクトオーダー / 52週高値目前
7224,新明和工業,輸送用機器,14.1,★☆☆☆☆,7.1,0.0,2.0,0.0,5.0,0.0,0.0,0.0,,SK hynix,1.0,-2.0,2.6,1.2,1912,2016.0,-0.3,1.0,352,SK hynix+10.5%連動(β0.15) 未反応+1.0%
4112,保土谷化学工業,化学,14.1,★☆☆☆☆,5.1,0.0,2.0,0.0,7.0,0.0,0.0,0.0,,SK hynix,-2.9,8.0,3.5,10.0,2169,2331.0,3.0,0.9,109,SK hynix+10.5%連動(β0.20)
2222,寿スピリッツ,食料品,14.0,★☆☆☆☆,0.0,0.0,2.0,0.0,12.0,0.0,0.0,0.0,,,0.0,-2.0,3.5,3.7,2492,2682.0,1.5,0.6,1655,MA上昇配列 / パーフェクトオーダー
9880,イノテック,電気機器,14.0,★☆☆☆☆,6.1,0.0,1.0,0.0,6.0,0.0,0.9,0.0,,SK hynix,-3.1,11.1,5.4,8.0,3347,3755.0,1.6,1.0,629,SK hynix+10.5%連動(β0.23) / 開示[業績予想の修正](9日前)
7727,オーバル,精密機器,14.0,★☆☆☆☆,0.0,0.0,3.0,0.0,11.0,0.0,0.0,0.0,,,0.0,9.1,5.6,9.2,738,832.0,4.9,0.8,134,MA上昇配列 / パーフェクトオーダー
8088,岩谷産業,卸売業,14.0,★☆☆☆☆,0.0,0.0,3.3,0.0,10.7,0.0,0.0,0.0,,,0.0,12.5,3.1,9.6,2125,2265.0,2.6,0.7,1983,買い出来高優勢 / MA上昇配列 / パーフェクトオーダー
9308,乾汽船,海運業,14.0,★☆☆☆☆,0.0,0.0,5.3,0.0,8.7,0.0,0.0,0.0,,,0.0,22.8,3.8,13.8,1957,2120.0,4.3,0.7,325,買い出来高優勢 / 資金流入増 / MA上昇配列 / パーフェクトオーダー
4041,日本曹達,化学,14.0,★☆☆☆☆,0.0,0.0,2.0,0.0,12.0,0.0,0.0,0.0,,,0.0,3.0,1.7,3.7,3828,3965.0,0.8,0.5,381,MA上昇配列 / パーフェクトオーダー
9508,九州電力,電気・ガス業,14.0,★☆☆☆☆,0.0,0.0,2.0,0.0,12.0,0.0,0.0,0.0,,,0.0,3.0,2.5,6.0,1815,1912.0,6.1,1.2,3155,MA上昇配列 / パーフェクトオーダー
9678,カナモト,サービス業,14.0,★☆☆☆☆,0.0,0.0,2.0,0.0,12.0,0.0,0.0,0.0,,,0.0,2.1,2.6,3.8,5171,5450.0,0.2,0.5,514,MA上昇配列 / パーフェクトオーダー
3276,ＪＰＭＣ,不動産業,14.0,★☆☆☆☆,0.0,0.0,3.0,0.0,11.0,0.0,0.0,0.0,,,0.0,20.8,2.0,14.6,2152,2244.0,0.0,0.9,614,資金流入増 / MA上昇配列 / パーフェクトオーダー / 52週高値目前 / RSI過熱(97)⚠
3946,トーモク,パルプ・紙,14.0,★☆☆☆☆,0.0,0.0,3.0,0.0,11.0,0.0,0.0,0.0,,,0.0,4.0,2.5,5.1,4484,4720.0,2.2,0.6,678,資金流入増 / MA上昇配列 / パーフェクトオーダー / 52週高値目前
4680,ラウンドワン,サービス業,14.0,★☆☆☆☆,0.0,0.0,3.0,0.0,11.0,0.0,0.0,0.0,,,0.0,-0.6,5.6,4.8,1180,1328.0,-2.7,0.7,4441,MA上昇配列 / パーフェクトオーダー
9037,ハマキョウレックス,陸運業,14.0,★☆☆☆☆,0.0,0.0,2.0,0.0,12.0,0.0,0.0,0.0,,,0.0,-3.2,2.4,1.4,1767,1857.0,0.4,0.6,260,MA上昇配列 / パーフェクトオーダー
9274,ＫＰＰグループホールディングス,卸売業,14.0,★☆☆☆☆,0.0,0.0,3.0,0.0,11.0,0.0,0.0,0.0,,,0.0,2.0,2.5,2.9,1065,1122.0,5.2,1.2,277,MA上昇配列 / パーフェクトオーダー / 52週高値目前
9425,ＲｅＹｕｕ　Ｊａｐａｎ,情報・通信業,14.0,★☆☆☆☆,0.0,0.0,8.0,0.0,6.0,0.0,0.0,0.0,,,0.0,13.4,6.7,11.9,199,230.0,18.6,9.8,117,出来高急増9.8倍 / 買い出来高優勢
3941,レンゴー,パルプ・紙,14.0,★☆☆☆☆,0.0,0.0,2.0,0.0,12.0,0.0,0.0,0.0,,,0.0,6.0,2.9,4.6,1498,1591.0,-0.2,1.0,1850,MA上昇配列 / パーフェクトオーダー
8897,ＭＩＲＡＲＴＨホールディングス,不動産業,14.0,★☆☆☆☆,0.0,0.0,3.0,0.0,11.0,0.0,0.0,0.0,,,0.0,5.0,2.1,7.5,434,453.0,2.3,1.2,438,MA上昇配列 / パーフェクトオーダー
6250,やまびこ,機械,14.0,★☆☆☆☆,0.0,0.0,2.0,0.0,12.0,0.0,0.0,0.0,,,0.0,9.2,3.5,5.7,3915,4210.0,-4.5,0.6,444,MA上昇配列 / パーフェクトオーダー
1982,日比谷総合設備,建設業,14.0,★☆☆☆☆,4.0,0.0,3.0,0.0,7.0,0.0,0.0,0.0,,SK hynix,-0.9,4.9,4.4,4.2,2736,3000.0,1.9,0.5,388,SK hynix+10.5%連動(β0.15)
8022,美津濃,その他製品,14.0,★☆☆☆☆,0.0,0.0,3.0,0.0,11.0,0.0,0.0,0.0,,,0.0,2.3,4.5,3.9,3601,3955.0,-8.2,0.6,1060,MA上昇配列 / パーフェクトオーダー
4116,大日精化工業,化学,14.0,★☆☆☆☆,0.0,0.0,3.0,0.0,11.0,0.0,0.0,0.0,,,0.0,21.3,3.2,14.2,1255,1341.0,-1.1,0.5,290,MA上昇配列 / パーフェクトオーダー / 52週高値目前 / RSI過熱(86)⚠
7245,大同メタル工業,輸送用機器,14.0,★☆☆☆☆,5.0,0.0,0.0,0.0,9.0,0.0,0.0,0.0,,SK hynix,-0.4,1.7,6.0,1.6,1208,1374.0,1.0,0.7,735,SK hynix+10.5%連動(β0.19) / MA上昇配列 / パーフェクトオーダー
7976,三菱鉛筆,その他製品,14.0,★☆☆☆☆,0.0,0.0,2.0,0.0,12.0,0.0,0.0,0.0,,,0.0,1.7,3.2,4.6,2689,2872.0,-3.0,0.6,418,MA上昇配列 / パーフェクトオーダー
8103,明和産業,卸売業,14.0,★☆☆☆☆,0.0,0.0,2.0,0.0,12.0,0.0,0.0,0.0,,,0.0,2.0,2.2,4.3,916,959.0,0.8,1.7,215,MA上昇配列 / パーフェクトオーダー
8097,三愛オブリ,卸売業,14.0,★☆☆☆☆,0.0,0.0,2.0,0.0,12.0,0.0,0.0,0.0,,,0.0,2.5,2.2,4.3,2292,2398.0,2.9,0.8,224,MA上昇配列 / パーフェクトオーダー
4956,コニシ,化学,14.0,★☆☆☆☆,0.0,0.0,2.0,0.0,12.0,0.0,0.0,0.0,,,0.0,-4.0,2.3,0.7,1393,1459.0,-1.7,0.5,173,MA上昇配列 / パーフェクトオーダー
5185,フコク,ゴム製品,14.0,★☆☆☆☆,0.0,0.0,5.3,0.0,8.7,0.0,0.0,0.0,,,0.0,8.1,1.9,9.2,2009,2088.0,2.7,1.0,139,買い出来高優勢 / 資金流入増 / MA上昇配列
5076,インフロニア・ホールディングス,建設業,14.0,★☆☆☆☆,0.0,0.0,2.0,0.0,12.0,0.0,0.0,0.0,,,0.0,-4.6,3.3,2.3,2604,2785.5,5.8,0.9,4716,MA上昇配列 / パーフェクトオーダー
6412,平和,機械,14.0,★☆☆☆☆,0.0,0.0,2.0,0.0,12.0,0.0,0.0,0.0,,,0.0,4.5,2.2,5.2,2112,2209.0,4.3,0.8,727,MA上昇配列 / パーフェクトオーダー
6395,タダノ,機械,14.0,★☆☆☆☆,0.0,0.0,2.0,0.0,12.0,0.0,0.0,0.0,,,0.0,5.8,3.8,3.3,1285,1390.0,-0.9,0.6,702,MA上昇配列 / パーフェクトオーダー
6617,東光高岳,電気機器,14.0,★☆☆☆☆,6.0,0.0,1.0,0.0,7.0,0.0,0.0,0.0,,SK hynix,-2.3,-3.3,6.5,1.4,6771,7790.0,2.5,0.6,1402,SK hynix+10.5%連動(β0.23)
6457,グローリー,機械,14.0,★☆☆☆☆,0.0,0.0,2.0,0.0,12.0,0.0,0.0,0.0,,,0.0,11.4,2.8,6.2,4549,4822.0,2.8,0.8,1104,MA上昇配列 / パーフェクトオーダー
7806,ＭＴＧ,その他製品,14.0,★☆☆☆☆,0.0,0.0,2.0,0.0,12.0,0.0,0.0,0.0,,,0.0,0.5,5.5,1.9,7010,7880.0,-1.0,1.0,1086,MA上昇配列 / パーフェクトオーダー
2607,不二製油,食料品,14.0,★☆☆☆☆,0.0,0.0,2.0,0.0,12.0,0.0,0.0,0.0,,,0.0,8.3,3.8,9.7,4144,4484.0,0.6,0.7,1345,MA上昇配列 / パーフェクトオーダー
4042,東ソー,化学,13.9,★☆☆☆☆,11.4,0.0,0.0,0.0,2.5,0.0,0.0,0.0,,SK hynix,2.6,-5.6,2.6,-1.3,2565,2704.0,-1.3,0.5,3937,SK hynix+10.5%連動(β0.14) 未反応+2.6%
3104,富士紡ホールディングス,繊維製品,13.899999999999999,★☆☆☆☆,9.2,0.0,2.0,0.0,2.7,0.0,0.0,0.0,,SK hynix,1.5,-5.6,5.6,-2.2,3256,3665.0,1.0,0.5,660,SK hynix+10.5%連動(β0.18) 未反応+1.5%
1518,三井松島ホールディングス,その他製品,13.8,★☆☆☆☆,0.0,0.0,5.3,0.0,8.2,0.0,0.3,0.0,,,0.0,46.4,2.7,10.3,2171,2293.0,0.2,0.6,1626,買い出来高優勢 / 資金流入増 / MA上昇配列 / パーフェクトオーダー / 開示[子会社化](12日前)
6769,ザインエレクトロニクス,電気機器,13.8,★☆☆☆☆,7.1,0.0,2.0,0.0,4.7,0.0,0.0,0.0,,SK hynix,-3.4,18.0,3.9,11.6,1063,1154.0,8.1,0.5,116,SK hynix+10.5%連動(β0.27)
1605,ＩＮＰＥＸ,鉱業,13.8,★☆☆☆☆,0.0,0.0,2.0,0.0,11.0,0.0,0.8,0.0,,,0.0,9.5,3.0,8.6,3668,3900.0,8.0,1.0,17713,MA上昇配列 / パーフェクトオーダー / 開示[業績予想の修正](12日前) / 開示[自己株式の取得](12日前)
9268,オプティマスグループ,卸売業,13.8,★☆☆☆☆,0.0,0.0,6.3,0.0,7.5,0.0,0.0,0.0,,,0.0,4.0,3.2,5.2,412,440.0,5.0,1.6,146,買い出来高優勢 / MA上昇配列 / パーフェクトオーダー
3932,アカツキ,情報・通信業,13.8,★☆☆☆☆,0.0,0.0,3.3,0.0,9.5,0.0,1.0,0.0,,,0.0,13.0,3.3,11.3,3179,3405.0,5.3,0.7,239,買い出来高優勢 / MA上昇配列 / パーフェクトオーダー / RSI過熱(88)⚠ / 開示[株式分割](7日前)
8163,ＳＲＳホールディングス,小売業,13.8,★☆☆☆☆,0.0,0.0,4.0,0.0,9.5,0.0,0.3,0.0,,,0.0,10.4,4.0,6.2,1375,1494.0,3.0,0.4,311,資金流入増 / MA上昇配列 / パーフェクトオーダー / 開示[子会社化](12日前)
3778,さくらインターネット,情報・通信業,13.7,★☆☆☆☆,0.0,0.0,10.0,0.0,8.7,0.0,0.0,-5.0,,,0.0,49.3,6.2,33.6,3770,4300.0,29.7,3.5,5637,出来高急増3.5倍 / 買い出来高優勢 / 資金流入増 / MA上昇配列 / パーフェクトオーダー / 過熱⚠25MA+34%
4968,荒川化学工業,化学,13.7,★☆☆☆☆,5.0,0.0,1.0,0.0,10.7,0.0,0.0,-3.0,,SK hynix,-8.8,12.4,6.7,17.5,2201,2540.0,13.5,0.9,755,SK hynix+10.5%連動(β0.19) / MA上昇配列 / パーフェクトオーダー / 伸びすぎ注意(25MA+17%)
9842,アークランズ,小売業,13.7,★☆☆☆☆,0.0,0.0,3.0,0.0,10.7,0.0,0.0,0.0,,,0.0,-4.9,2.1,1.1,1840,1921.0,0.4,0.8,655,MA上昇配列 / パーフェクトオーダー
9991,ジェコス,卸売業,13.7,★☆☆☆☆,0.0,0.0,3.0,0.0,10.7,0.0,0.0,0.0,,,0.0,5.7,2.4,6.1,1704,1791.0,2.4,0.6,117,MA上昇配列 / パーフェクトオーダー
9039,サカイ引越センター,陸運業,13.7,★☆☆☆☆,0.0,0.0,3.0,0.0,10.7,0.0,0.0,0.0,,,0.0,-5.1,2.0,1.2,2871,2993.0,1.5,0.7,243,MA上昇配列 / パーフェクトオーダー
7279,ハイレックスコーポレーション,輸送用機器,13.600000000000001,★☆☆☆☆,4.9,0.0,2.0,0.0,6.7,0.0,0.0,0.0,,SK hynix,-0.8,17.4,3.7,10.1,2393,2582.0,3.9,0.5,238,SK hynix+10.5%連動(β0.19) / MA上昇配列
7177,ＧＭＯフィナンシャルホールディングス,証券、商品先物取引業,13.6,★☆☆☆☆,5.4,0.0,0.0,0.0,8.2,0.0,0.0,0.0,,SK hynix,0.7,-0.6,2.3,1.4,1039,1090.0,0.2,0.6,227,SK hynix+10.5%連動(β0.12) 未反応+0.7% / MA上昇配列 / パーフェクトオーダー
2874,横浜冷凍,卸売業,13.6,★☆☆☆☆,0.0,0.0,1.0,0.0,11.0,0.0,1.6,0.0,,,0.0,-4.2,3.8,4.1,2062,2232.0,7.7,1.3,490,MA上昇配列 / パーフェクトオーダー / 開示[業績予想の修正](5日前)
8218,コメリ,小売業,13.5,★☆☆☆☆,0.0,0.0,4.0,0.0,9.5,0.0,0.0,0.0,,,0.0,3.9,3.5,3.3,3578,3845.0,-2.0,0.7,567,資金流入増 / MA上昇配列 / パーフェクトオーダー
2384,ＳＢＳホールディングス,陸運業,13.5,★☆☆☆☆,0.0,0.0,0.0,0.0,13.5,0.0,0.0,0.0,,,0.0,4.1,3.4,9.7,4642,4985.0,1.3,0.6,442,MA上昇配列 / パーフェクトオーダー / 52週高値目前
8344,山形銀行,銀行業,13.5,★☆☆☆☆,0.0,0.0,3.0,0.0,13.5,0.0,0.0,-3.0,,,0.0,24.6,4.3,16.1,4282,4690.0,14.4,0.7,604,MA上昇配列 / パーフェクトオーダー / 52週高値目前 / 伸びすぎ注意(25MA+16%)
7236,ティラド,輸送用機器,13.5,★☆☆☆☆,0.0,0.0,0.0,0.0,13.5,0.0,0.0,0.0,,,0.0,1.5,3.5,4.1,1471,1581.0,4.1,0.7,565,MA上昇配列 / パーフェクトオーダー / 52週高値目前
4958,長谷川香料,化学,13.5,★☆☆☆☆,0.0,0.0,0.0,0.0,13.5,0.0,0.0,0.0,,,0.0,-3.7,1.6,2.0,3241,3350.0,0.4,0.7,206,MA上昇配列 / パーフェクトオーダー / 52週高値目前
6965,浜松ホトニクス,電気機器,13.4,★☆☆☆☆,6.4,0.0,1.0,0.0,6.0,0.0,0.0,0.0,,SK hynix,-1.2,5.3,4.9,5.9,2296,2543.0,6.1,0.8,7765,SK hynix+10.5%連動(β0.25)
1514,住石ホールディングス,鉱業,13.4,★☆☆☆☆,0.0,0.0,6.7,0.0,6.7,0.0,0.0,0.0,,,0.0,13.9,3.6,11.4,619,667.0,6.9,2.3,211,出来高増2.3倍 / 買い出来高優勢 / MA上昇配列
4222,児玉化学工業,化学,13.399999999999999,★☆☆☆☆,0.0,0.0,8.7,0.0,4.7,0.0,0.0,0.0,,,0.0,12.8,5.2,14.5,636,709.0,13.8,2.7,376,出来高増2.7倍 / 買い出来高優勢 / 資金流入増
9621,建設技術研究所,サービス業,13.3,★☆☆☆☆,0.0,0.0,4.3,0.0,9.0,0.0,0.0,0.0,,,0.0,4.4,3.4,5.0,2998,3215.0,0.9,0.7,242,買い出来高優勢 / MA上昇配列
1888,若築建設,建設業,13.3,★☆☆☆☆,0.0,0.0,5.3,0.0,8.0,0.0,0.0,0.0,,,0.0,9.1,3.6,5.8,3530,3805.0,1.9,0.5,123,買い出来高優勢 / 資金流入増 / MA上昇配列
4114,日本触媒,化学,13.3,★☆☆☆☆,0.0,0.0,5.3,0.0,11.0,0.0,0.0,-3.0,,,0.0,24.3,3.3,18.7,2517,2696.5,4.0,0.8,2417,買い出来高優勢 / 資金流入増 / MA上昇配列 / パーフェクトオーダー / 52週高値目前 / RSI過熱(90)⚠ / 伸びすぎ注意(25MA+19%)
2820,やまみ,食料品,13.3,★☆☆☆☆,0.0,0.0,5.3,0.0,11.0,0.0,0.0,-3.0,,,0.0,11.7,4.7,15.3,5333,5890.0,12.8,1.4,100,買い出来高優勢 / MA上昇配列 / パーフェクトオーダー / 52週高値目前 / RSI過熱(88)⚠ / 伸びすぎ注意(25MA+15%)
6036,ＫｅｅＰｅｒ技研,サービス業,13.3,★☆☆☆☆,0.0,0.0,5.3,0.0,8.0,0.0,0.0,0.0,,,0.0,1.0,3.0,5.6,2843,3025.0,2.9,2.3,398,出来高増2.3倍 / MA上昇配列
6962,大真空,電気機器,13.3,★☆☆☆☆,6.3,0.0,2.0,0.0,5.0,0.0,0.0,0.0,,SK hynix,-0.1,4.4,5.0,5.3,730,811.0,-1.5,0.7,343,SK hynix+10.5%連動(β0.24)
7942,ＪＳＰ,化学,13.3,★☆☆☆☆,0.0,0.0,5.3,0.0,11.0,0.0,0.0,-3.0,,,0.0,24.8,3.6,16.9,2931,3160.0,4.8,0.8,263,買い出来高優勢 / 資金流入増 / MA上昇配列 / パーフェクトオーダー / 52週高値目前 / RSI過熱(87)⚠ / 伸びすぎ注意(25MA+17%)
146A,コロンビア・ワークス,不動産業,13.3,★☆☆☆☆,4.3,0.0,0.0,0.0,9.0,0.0,0.0,0.0,,SK hynix,-12.8,12.7,4.8,13.7,3425,3785.0,15.4,0.8,222,SK hynix+10.5%連動(β0.16) / MA上昇配列
9507,四国電力,電気・ガス業,13.3,★☆☆☆☆,0.0,0.0,4.3,0.0,9.0,0.0,0.0,0.0,,,0.0,17.1,2.7,12.2,1742,1840.5,6.1,1.1,1476,買い出来高優勢 / MA上昇配列 / 52週高値目前 / RSI過熱(87)⚠
3771,システムリサーチ,情報・通信業,13.3,★☆☆☆☆,0.0,0.0,4.3,0.0,9.0,0.0,0.0,0.0,,,0.0,1.3,2.4,4.7,1827,1921.0,4.7,0.8,107,買い出来高優勢 / MA上昇配列
5821,平河ヒューテック,非鉄金属,13.3,★☆☆☆☆,6.3,0.0,1.0,0.0,6.0,0.0,0.0,0.0,,SK hynix,0.5,6.6,5.0,4.8,3085,3430.0,-0.7,0.8,275,SK hynix+10.5%連動(β0.18) 未反応+0.5%
4784,ＧＭＯインターネット,サービス業,13.3,★☆☆☆☆,0.0,0.0,5.3,0.0,8.0,0.0,0.0,0.0,,,0.0,3.4,4.7,8.0,529,584.0,7.6,2.2,1063,出来高増2.2倍 / MA上昇配列
6364,ＡＩＲＭＡＮ,機械,13.299999999999999,★☆☆☆☆,0.0,0.0,4.0,0.0,8.2,0.0,1.1,0.0,,,0.0,32.5,5.6,12.8,2284,2571.0,2.8,0.4,388,資金流入増 / MA上昇配列 / パーフェクトオーダー / 開示[自己株式の取得](9日前)
6209,リケンＮＰＲ,機械,13.299999999999999,★☆☆☆☆,3.1,0.0,2.0,0.0,8.2,0.0,0.0,0.0,,SK hynix,-3.8,0.2,2.7,1.1,3815,4030.0,3.5,0.8,524,SK hynix+10.5%連動(β0.12) / MA上昇配列 / パーフェクトオーダー
8789,フィンテック　グローバル,その他金融業,13.2,★☆☆☆☆,0.0,0.0,7.7,0.0,9.0,0.0,1.5,-5.0,,,0.0,22.0,2.6,20.3,155,164.0,19.7,2.7,173,出来高増2.7倍 / 買い出来高優勢 / MA上昇配列 / 52週高値目前 / RSI過熱(92)⚠ / 過熱⚠25MA+20% / 開示[自己株式取得](7日前)
8005,スクロール,小売業,13.2,★☆☆☆☆,0.0,0.0,1.0,0.0,12.2,0.0,0.0,0.0,,,0.0,4.2,2.4,5.3,1784,1874.0,-0.7,0.9,401,MA上昇配列 / パーフェクトオーダー / 52週高値目前
3612,ワールド,繊維製品,13.2,★☆☆☆☆,0.0,0.0,1.0,0.0,12.2,0.0,0.0,0.0,,,0.0,-2.6,1.5,2.2,1600,1649.0,2.8,1.4,540,MA上昇配列 / パーフェクトオーダー / 52週高値目前
9434,ソフトバンク,情報・通信業,13.2,★☆☆☆☆,0.0,0.0,1.0,0.0,12.2,0.0,0.0,0.0,,,0.0,0.9,2.5,3.4,222,234.0,2.5,0.8,18682,MA上昇配列 / パーフェクトオーダー / 52週高値目前
8739,スパークス・グループ,証券、商品先物取引業,13.2,★☆☆☆☆,0.0,0.0,1.0,0.0,12.2,0.0,0.0,0.0,,,0.0,7.1,2.6,6.6,2384,2515.0,1.0,0.6,312,MA上昇配列 / パーフェクトオーダー / 52週高値目前
3101,東洋紡,化学,13.2,★☆☆☆☆,8.2,0.0,0.0,0.0,5.0,0.0,0.0,0.0,,SK hynix,1.3,-6.1,5.0,-0.2,1459,1622.0,2.0,0.7,1220,SK hynix+10.5%連動(β0.17) 未反応+1.3%
4045,東亞合成,化学,13.2,★☆☆☆☆,0.0,0.0,1.0,0.0,12.2,0.0,0.0,0.0,,,0.0,3.0,1.8,3.2,1798,1865.0,-1.4,0.3,552,MA上昇配列 / パーフェクトオーダー / 52週高値目前
2602,日清オイリオグループ,食料品,13.2,★☆☆☆☆,0.0,0.0,1.0,0.0,12.2,0.0,0.0,0.0,,,0.0,-2.5,2.2,3.2,1906,1995.0,3.3,0.6,569,MA上昇配列 / パーフェクトオーダー / 52週高値目前
6474,不二越,機械,13.2,★☆☆☆☆,6.2,0.0,1.0,0.0,6.0,0.0,0.0,0.0,,SK hynix,0.3,-6.2,4.4,0.4,5283,5790.0,1.4,0.7,714,SK hynix+10.5%連動(β0.21)
6882,三社電機製作所,電気機器,13.1,★☆☆☆☆,5.1,0.0,2.0,0.0,6.0,0.0,0.0,0.0,,SK hynix,-0.9,6.8,4.6,6.6,1124,1237.0,3.9,0.5,112,SK hynix+10.5%連動(β0.20)
8306,三菱ＵＦＪフィナンシャル・グループ,銀行業,13.1,★☆☆☆☆,4.9,0.0,0.0,0.0,8.2,0.0,0.0,0.0,,SK hynix,0.3,0.0,2.7,1.0,3457,3654.0,4.1,0.7,157248,SK hynix+10.5%連動(β0.15) / MA上昇配列 / パーフェクトオーダー
5101,横浜ゴム,ゴム製品,13.1,★☆☆☆☆,0.0,0.0,1.0,0.0,10.7,0.0,1.4,0.0,,,0.0,-4.1,4.6,0.4,6947,7647.0,2.2,0.4,9809,MA上昇配列 / パーフェクトオーダー / 開示[上方修正](9日前)
4578,大塚ホールディングス,医薬品,13.0,★☆☆☆☆,0.0,0.0,1.0,0.0,12.0,0.0,0.0,0.0,,,0.0,4.3,3.8,4.1,11116,12040.0,-4.1,0.5,19317,MA上昇配列 / パーフェクトオーダー
5232,住友大阪セメント,ガラス・土石製品,13.0,★☆☆☆☆,0.0,0.0,2.0,0.0,11.0,0.0,0.0,0.0,,,0.0,4.1,5.0,3.6,5269,5860.0,1.6,0.4,2118,MA上昇配列 / パーフェクトオーダー
5401,日本製鉄,鉄鋼,13.0,★☆☆☆☆,0.0,0.0,4.0,0.0,9.0,0.0,0.0,0.0,,,0.0,13.3,2.8,8.3,654,693.5999755859375,0.6,0.8,34150,資金流入増 / MA上昇配列 / 52週高値目前
7516,コーナン商事,小売業,13.0,★☆☆☆☆,0.0,0.0,1.0,0.0,12.0,0.0,0.0,0.0,,,0.0,-0.3,2.0,3.9,4202,4380.0,2.7,1.2,406,MA上昇配列 / パーフェクトオーダー
6062,チャーム・ケア・コーポレーション,サービス業,13.0,★☆☆☆☆,0.0,0.0,2.0,0.0,11.0,0.0,0.0,0.0,,,0.0,0.0,3.2,2.3,1320,1411.0,-3.0,0.6,148,MA上昇配列 / パーフェクトオーダー
2681,ゲオホールディングス,小売業,13.0,★☆☆☆☆,0.0,0.0,2.0,0.0,11.0,0.0,0.0,0.0,,,0.0,8.6,4.1,8.2,2117,2304.0,-0.1,0.6,496,MA上昇配列 / パーフェクトオーダー
2594,キーコーヒー,食料品,13.0,★☆☆☆☆,0.0,0.0,3.0,0.0,10.0,0.0,0.0,0.0,,,0.0,-3.3,1.0,1.6,1983,2025.0,1.4,0.9,156,MA上昇配列
9104,商船三井,海運業,13.0,★☆☆☆☆,0.0,0.0,5.3,0.0,10.7,0.0,0.0,-3.0,,,0.0,17.5,2.7,15.5,6505,6881.0,9.6,1.9,17531,買い出来高優勢 / MA上昇配列 / パーフェクトオーダー / 伸びすぎ注意(25MA+15%)
8613,丸三証券,証券、商品先物取引業,13.0,★☆☆☆☆,0.0,0.0,2.0,0.0,11.0,0.0,0.0,0.0,,,0.0,1.6,2.2,3.7,1163,1218.0,-0.2,0.4,340,MA上昇配列 / パーフェクトオーダー / 52週高値目前
4912,ライオン,化学,13.0,★☆☆☆☆,0.0,0.0,1.0,0.0,12.0,0.0,0.0,0.0,,,0.0,2.0,3.0,5.1,1724,1833.0,-3.4,1.3,2367,MA上昇配列 / パーフェクトオーダー
6961,エンプラス,電気機器,13.0,★☆☆☆☆,10.3,0.0,0.0,0.0,2.7,0.0,0.0,0.0,,SK hynix,-1.4,-5.3,9.0,-3.0,9340,11390.0,7.5,0.7,2796,SK hynix+10.5%連動(β0.39)
4452,花王,化学,13.0,★☆☆☆☆,0.0,0.0,1.0,0.0,12.0,0.0,0.0,0.0,,,0.0,0.8,3.4,3.8,3267,3505.0,-6.2,0.8,13903,MA上昇配列 / パーフェクトオーダー
2705,大戸屋ホールディングス,小売業,13.0,★☆☆☆☆,0.0,0.0,2.0,0.0,11.0,0.0,0.0,0.0,,,0.0,3.1,3.3,4.3,8147,8720.0,3.1,1.1,130,MA上昇配列 / パーフェクトオーダー / 52週高値目前
5246,ＥＬＥＭＥＮＴＳ,情報・通信業,13.0,★☆☆☆☆,0.0,0.0,3.0,0.0,10.0,0.0,0.0,0.0,,,0.0,17.9,4.4,12.7,792,868.0,8.1,1.1,482,MA上昇配列 / パーフェクトオーダー
5480,日本冶金工業,鉄鋼,13.0,★☆☆☆☆,0.0,0.0,1.0,0.0,12.0,0.0,0.0,0.0,,,0.0,6.4,2.9,6.1,5182,5500.0,-0.4,0.5,474,MA上昇配列 / パーフェクトオーダー
9536,西部ガスホールディングス,電気・ガス業,13.0,★☆☆☆☆,0.0,0.0,1.0,0.0,12.0,0.0,0.0,0.0,,,0.0,-0.7,1.7,2.6,2340,2421.0,2.8,0.8,174,MA上昇配列 / パーフェクトオーダー
4746,東計電算,情報・通信業,13.0,★☆☆☆☆,0.0,0.0,5.3,0.0,10.7,0.0,0.0,-3.0,,,0.0,30.4,4.2,17.8,5934,6480.0,0.6,2.7,489,出来高増2.7倍 / 資金流入増 / MA上昇配列 / パーフェクトオーダー / 伸びすぎ注意(25MA+18%)
8132,シナネンホールディングス,卸売業,13.0,★☆☆☆☆,0.0,0.0,8.7,0.0,8.2,0.0,1.1,-5.0,,,0.0,25.4,5.1,29.5,8121,9050.0,46.0,2.9,147,出来高増2.9倍 / 買い出来高優勢 / 資金流入増 / 52週高値目前 / 過熱⚠25MA+30% / 開示[自己株式取得](9日前)
4471,三洋化成工業,化学,13.0,★☆☆☆☆,0.0,0.0,5.0,0.0,11.0,0.0,0.0,-3.0,,,0.0,24.9,3.9,18.0,5839,6330.0,-1.4,1.4,843,資金流入増 / MA上昇配列 / パーフェクトオーダー / 52週高値目前 / RSI過熱(94)⚠ / 伸びすぎ注意(25MA+18%)
7240,ＮＯＫ,輸送用機器,13.0,★☆☆☆☆,0.0,0.0,1.0,0.0,12.0,0.0,0.0,0.0,,,0.0,0.2,2.0,2.1,2950,3073.0,0.2,0.4,993,MA上昇配列 / パーフェクトオーダー
5943,ノーリツ,金属製品,13.0,★☆☆☆☆,0.0,0.0,1.0,0.0,12.0,0.0,0.0,0.0,,,0.0,-1.7,1.9,2.5,2329,2423.0,2.6,1.2,199,MA上昇配列 / パーフェクトオーダー
7173,東京きらぼしフィナンシャルグループ,銀行業,13.0,★☆☆☆☆,0.0,0.0,1.0,0.0,12.0,0.0,0.0,0.0,,,0.0,5.0,3.3,4.0,1687,1806.0,7.6,0.7,2164,MA上昇配列 / パーフェクトオーダー
6080,Ｍ＆Ａキャピタルパートナーズ,サービス業,13.0,★☆☆☆☆,0.0,0.0,4.3,0.0,8.7,0.0,0.0,0.0,,,0.0,5.8,3.0,4.9,3816,4060.0,0.7,0.7,544,買い出来高優勢 / MA上昇配列 / パーフェクトオーダー
287A,黒田グループ,卸売業,13.0,★☆☆☆☆,0.0,0.0,2.0,0.0,11.0,0.0,0.0,0.0,,,0.0,8.7,2.6,8.3,1157,1220.0,6.2,0.7,577,MA上昇配列 / パーフェクトオーダー / 52週高値目前 / RSI過熱(93)⚠
6363,酉島製作所,機械,13.0,★☆☆☆☆,0.0,0.0,2.0,0.0,11.0,0.0,0.0,0.0,,,0.0,10.8,5.0,8.5,2882,3200.0,0.2,0.7,565,MA上昇配列 / パーフェクトオーダー
6526,ソシオネクスト,電気機器,12.9,★☆☆☆☆,11.4,0.0,0.0,0.0,1.5,0.0,0.0,0.0,,SK hynix,0.8,-16.1,6.2,-8.5,1770,2019.0,2.6,0.6,18526,SK hynix+10.5%連動(β0.34) 未反応+0.8%
3176,三洋貿易,卸売業,12.899999999999999,★☆☆☆☆,0.0,0.0,5.3,0.0,12.2,0.0,0.4,-5.0,,,0.0,35.7,4.3,22.2,1049,1148.0,6.2,0.8,381,買い出来高優勢 / 資金流入増 / MA上昇配列 / パーフェクトオーダー / 52週高値目前 / 過熱⚠25MA+22% / 開示[業績予想の修正](12日前)
2685,アンドエスティＨＤ,小売業,12.8,★☆☆☆☆,0.0,0.0,3.3,0.0,9.5,0.0,0.0,0.0,,,0.0,-3.9,2.2,1.0,3326,3480.0,1.0,2.1,791,出来高増2.1倍 / MA上昇配列 / パーフェクトオーダー
6594,ニデック,電気機器,12.8,★☆☆☆☆,4.8,0.0,2.0,0.0,6.0,0.0,0.0,0.0,,SK hynix,-0.9,8.0,3.7,6.3,2600,2810.0,1.8,0.6,11453,SK hynix+10.5%連動(β0.18)
3034,クオールホールディングス,小売業,12.8,★☆☆☆☆,0.0,0.0,4.3,0.0,11.5,0.0,0.0,-3.0,,,0.0,20.3,4.4,19.1,2385,2613.0,8.0,1.1,444,買い出来高優勢 / MA上昇配列 / 52週高値目前 / 伸びすぎ注意(25MA+19%)
2326,デジタルアーツ,情報・通信業,12.8,★☆☆☆☆,0.0,0.0,2.0,0.0,8.0,0.0,2.8,0.0,,,0.0,6.7,4.0,5.1,4111,4470.0,-4.7,0.5,772,MA上昇配列 / 開示[自己株式の取得](1日前)
9506,東北電力,電気・ガス業,12.8,★☆☆☆☆,0.0,0.0,6.3,0.0,6.5,0.0,0.0,0.0,,,0.0,10.7,2.4,10.6,1244,1306.0,7.2,1.5,3460,買い出来高優勢 / MA上昇配列 / RSI過熱(89)⚠
135A,ＶＲＡＩＮ　Ｓｏｌｕｔｉｏｎ,情報・通信業,12.8,★☆☆☆☆,6.1,0.0,2.0,0.0,4.7,0.0,0.0,0.0,,SK hynix,-6.3,6.0,4.3,8.0,3811,4170.0,6.6,1.0,218,SK hynix+10.5%連動(β0.23)
247A,Ａｉロボティクス,化学,12.7,★☆☆☆☆,0.0,0.0,6.7,0.0,6.0,0.0,0.0,0.0,,,0.0,19.3,5.2,14.3,853,952.0,12.3,5.0,994,出来高急増5.0倍
2659,サンエー,小売業,12.7,★☆☆☆☆,0.0,0.0,2.0,0.0,10.7,0.0,0.0,0.0,,,0.0,-1.3,2.0,1.7,3177,3310.0,-1.9,0.6,479,MA上昇配列 / パーフェクトオーダー
3402,東レ,繊維製品,12.7,★☆☆☆☆,0.0,0.0,2.0,0.0,10.7,0.0,0.0,0.0,,,0.0,11.8,3.3,10.2,1254,1344.0,-2.1,0.6,7015,MA上昇配列 / パーフェクトオーダー
4665,ダスキン,サービス業,12.7,★☆☆☆☆,0.0,0.0,2.0,0.0,10.7,0.0,0.0,0.0,,,0.0,-4.9,2.5,1.2,4324,4549.0,1.2,0.7,529,MA上昇配列 / パーフェクトオーダー
3093,トレジャー・ファクトリー,小売業,12.7,★☆☆☆☆,0.0,0.0,2.0,0.0,10.7,0.0,0.0,0.0,,,0.0,1.8,2.7,2.7,2032,2150.0,2.4,0.7,325,MA上昇配列 / パーフェクトオーダー
5333,ＮＧＫ,ガラス・土石製品,12.7,★☆☆☆☆,8.7,0.0,0.0,0.0,4.0,0.0,0.0,0.0,,SK hynix,0.9,-7.8,5.5,-1.6,5204,5850.0,2.8,0.7,10402,SK hynix+10.5%連動(β0.23) 未反応+0.9%
8031,三井物産,卸売業,12.600000000000001,★☆☆☆☆,10.4,0.0,0.0,0.0,2.2,0.0,0.0,0.0,,SK hynix,2.1,-0.6,2.6,0.6,4620,4873.0,-0.1,0.7,29970,SK hynix+10.5%連動(β0.15) 未反応+2.1%
5957,日東精工,金属製品,12.6,★☆☆☆☆,4.4,0.0,0.0,0.0,8.2,0.0,0.0,0.0,,SK hynix,0.3,-2.0,2.2,0.6,749,783.0,2.5,0.5,102,SK hynix+10.5%連動(β0.14) / MA上昇配列 / パーフェクトオーダー
4966,上村工業,化学,12.6,★☆☆☆☆,10.4,0.0,1.0,0.0,1.2,0.0,0.0,0.0,,SK hynix,1.0,-12.2,6.8,-6.0,18476,21390.0,2.7,0.8,2153,SK hynix+10.5%連動(β0.28) 未反応+1.0%
5713,住友金属鉱山,非鉄金属,12.599999999999998,★☆☆☆☆,9.0,0.0,3.0,0.0,4.7,0.0,0.9,-5.0,,SK hynix,0.7,40.4,5.6,20.1,8775,9893.0,-1.7,0.7,34089,SK hynix+10.5%連動(β0.27) 未反応+0.7% / 過熱⚠25MA+20% / 開示[業績予想の修正](9日前)
3569,セーレン,繊維製品,12.5,★☆☆☆☆,0.0,0.0,4.3,0.0,8.2,0.0,0.0,0.0,,,0.0,6.4,2.9,6.4,3326,3530.0,2.8,0.9,780,買い出来高優勢 / 52週高値目前
2170,リンクアンドモチベーション,サービス業,12.5,★☆☆☆☆,0.0,0.0,6.3,0.0,6.2,0.0,0.0,0.0,,,0.0,-0.8,4.4,1.2,568,623.0,-5.0,2.1,432,出来高増2.1倍 / MA上昇配列 / パーフェクトオーダー
3153,八洲電機,卸売業,12.5,★☆☆☆☆,5.3,0.0,2.0,0.0,5.2,0.0,0.0,0.0,,SK hynix,0.3,2.3,3.7,0.5,2702,2920.0,-1.6,0.7,200,SK hynix+10.5%連動(β0.17) / MA上昇配列
4109,ステラ　ケミファ,化学,12.5,★☆☆☆☆,6.5,0.0,1.0,0.0,5.0,0.0,0.0,0.0,,SK hynix,0.2,-2.6,5.1,1.9,4982,5550.0,4.7,0.8,601,SK hynix+10.5%連動(β0.23)
2782,セリア,小売業,12.5,★☆☆☆☆,0.0,0.0,3.0,0.0,9.5,0.0,0.0,0.0,,,0.0,3.7,4.0,3.7,3736,4060.0,-3.3,0.5,1440,MA上昇配列 / パーフェクトオーダー
7220,武蔵精密工業,輸送用機器,12.4,★☆☆☆☆,7.4,0.0,0.0,0.0,5.0,0.0,0.0,0.0,,SK hynix,-1.1,14.3,6.5,9.0,3146,3620.0,6.5,0.6,3743,SK hynix+10.5%連動(β0.28)
5726,大阪チタニウムテクノロジーズ,非鉄金属,12.4,★☆☆☆☆,0.0,0.0,2.0,0.0,10.0,0.0,0.4,0.0,,,0.0,15.2,7.0,6.6,2569,2986.0,3.8,0.7,2010,MA上昇配列 / パーフェクトオーダー / 開示[業績予想の修正](12日前)
6869,シスメックス,電気機器,12.4,★☆☆☆☆,0.0,0.0,2.0,0.0,10.0,0.0,0.4,0.0,,,0.0,10.4,4.1,12.6,1728,1881.5,-5.0,0.8,5401,MA上昇配列 / パーフェクトオーダー / 開示[業績予想の修正](12日前)
255A,ジーエルテクノホールディングス,精密機器,12.399999999999999,★☆☆☆☆,11.2,0.0,0.0,0.0,1.2,0.0,0.0,0.0,,SK hynix,2.0,-0.6,6.8,-2.9,4748,5500.0,2.0,0.5,609,SK hynix+10.5%連動(β0.20) 未反応+2.0%
6637,寺崎電気産業,電気機器,12.3,★☆☆☆☆,0.0,0.0,3.3,0.0,9.0,0.0,0.0,0.0,,,0.0,13.7,4.4,9.9,4024,4415.0,10.0,0.9,219,買い出来高優勢 / MA上昇配列
5574,ＡＢＥＪＡ,情報・通信業,12.3,★☆☆☆☆,0.0,0.0,4.3,0.0,8.0,0.0,0.0,0.0,,,0.0,19.4,5.7,11.4,2573,2903.0,0.3,0.5,419,買い出来高優勢 / MA上昇配列
3315,日本コークス工業,石油・石炭製品,12.3,★☆☆☆☆,0.0,0.0,4.3,0.0,8.0,0.0,0.0,0.0,,,0.0,7.6,4.3,8.4,97,106.0,3.9,2.4,542,出来高増2.4倍 / MA上昇配列
4575,キャンバス,医薬品,12.3,★☆☆☆☆,0.0,0.0,4.3,0.0,8.0,0.0,0.0,0.0,,,0.0,9.9,4.8,8.6,733,810.0,7.6,2.1,165,出来高増2.1倍 / MA上昇配列
7906,ヨネックス,その他製品,12.200000000000001,★☆☆☆☆,0.0,0.0,3.3,0.0,8.0,0.0,0.9,0.0,,,0.0,0.3,4.2,5.1,2523,2756.0,4.8,0.7,1583,買い出来高優勢 / MA上昇配列 / 開示[業績予想の修正](9日前)
8628,松井証券,証券、商品先物取引業,12.2,★☆☆☆☆,0.0,0.0,0.0,0.0,12.2,0.0,0.0,0.0,,,0.0,-1.3,2.3,2.1,1054,1106.0,0.8,0.7,1029,MA上昇配列 / パーフェクトオーダー / 52週高値目前
1879,新日本建設,建設業,12.2,★☆☆☆☆,0.0,0.0,4.0,0.0,8.2,0.0,0.0,0.0,,,0.0,9.6,2.2,8.2,2232,2334.0,3.8,0.8,393,資金流入増 / 52週高値目前
3708,特種東海製紙,パルプ・紙,12.2,★☆☆☆☆,0.0,0.0,1.0,0.0,9.7,0.0,1.5,0.0,,,0.0,-0.5,2.8,2.4,2023,2145.0,-0.4,0.7,154,MA上昇配列 / パーフェクトオーダー / 52週高値目前 / 開示[自己株式の取得](9日前) / 開示[自己株式の取得](12日前)
7504,高速,卸売業,12.2,★☆☆☆☆,0.0,0.0,3.0,0.0,12.2,0.0,0.0,-3.0,,,0.0,31.0,4.8,15.2,4407,4870.0,3.5,0.9,397,MA上昇配列 / パーフェクトオーダー / 52週高値目前 / 伸びすぎ注意(25MA+15%)
5703,日本軽金属ホールディングス,非鉄金属,12.100000000000001,★☆☆☆☆,3.4,0.0,2.0,0.0,6.7,0.0,0.0,0.0,,SK hynix,-3.4,11.8,3.8,10.4,2852,3085.0,4.6,0.8,1069,SK hynix+10.5%連動(β0.13)
6638,ミマキエンジニアリング,電気機器,12.1,★☆☆☆☆,10.1,0.0,1.0,0.0,1.0,0.0,0.0,0.0,,SK hynix,1.4,-10.2,4.9,-8.0,1734,1922.0,2.9,0.5,285,SK hynix+10.5%連動(β0.22) 未反応+1.4%
8876,リログループ,サービス業,12.0,★☆☆☆☆,0.0,0.0,0.0,0.0,12.0,0.0,0.0,0.0,,,0.0,0.2,2.5,3.2,2017,2122.0,-2.0,0.7,1070,MA上昇配列 / パーフェクトオーダー
6809,ＴＯＡ,電気機器,12.0,★☆☆☆☆,0.0,0.0,2.0,0.0,10.0,0.0,0.0,0.0,,,0.0,3.4,1.9,3.6,1638,1703.0,1.2,0.8,167,MA上昇配列
8117,中央自動車工業,卸売業,12.0,★☆☆☆☆,0.0,0.0,0.0,0.0,12.0,0.0,0.0,0.0,,,0.0,-3.9,3.0,0.9,2014,2143.0,-4.0,1.0,234,MA上昇配列 / パーフェクトオーダー
6309,巴工業,機械,12.0,★☆☆☆☆,0.0,0.0,0.0,0.0,12.0,0.0,0.0,0.0,,,0.0,-0.4,1.8,4.2,1928,2001.0,3.0,1.0,209,MA上昇配列 / パーフェクトオーダー
8614,東洋証券,証券、商品先物取引業,12.0,★☆☆☆☆,0.0,0.0,0.0,0.0,12.0,0.0,0.0,0.0,,,0.0,-0.9,2.3,1.9,650,682.0,1.3,0.7,388,MA上昇配列 / パーフェクトオーダー
8345,岩手銀行,銀行業,12.0,★☆☆☆☆,0.0,0.0,0.0,0.0,12.0,0.0,0.0,0.0,,,0.0,14.3,4.2,8.6,2252,2458.0,7.7,1.1,688,MA上昇配列 / パーフェクトオーダー
6810,マクセル,電気機器,12.0,★☆☆☆☆,0.0,0.0,2.0,0.0,10.0,0.0,0.0,0.0,,,0.0,11.6,4.4,5.4,2159,2365.0,-3.9,0.6,663,MA上昇配列
9511,沖縄電力,電気・ガス業,12.0,★☆☆☆☆,0.0,0.0,4.3,0.0,7.7,0.0,0.0,0.0,,,0.0,18.3,3.2,12.9,1063,1136.0,6.2,0.9,368,買い出来高優勢 / MA上昇配列
3401,帝人,繊維製品,12.0,★☆☆☆☆,0.0,0.0,0.0,0.0,12.0,0.0,0.0,0.0,,,0.0,-1.6,2.9,2.6,1648,1749.5,-0.9,0.9,1454,MA上昇配列 / パーフェクトオーダー
9755,応用地質,サービス業,12.0,★☆☆☆☆,0.0,0.0,2.0,0.0,10.0,0.0,0.0,0.0,,,0.0,-0.3,1.7,2.8,2792,2890.0,2.0,0.8,196,MA上昇配列
1847,イチケン,建設業,12.0,★☆☆☆☆,0.0,0.0,4.3,0.0,10.7,0.0,0.0,-3.0,,,0.0,22.7,3.7,17.5,3153,3405.0,0.3,0.4,156,買い出来高優勢 / MA上昇配列 / パーフェクトオーダー / 伸びすぎ注意(25MA+18%)
8074,ＹＵＡＳＡ,卸売業,12.0,★☆☆☆☆,0.0,0.0,2.0,0.0,10.0,0.0,0.0,0.0,,,0.0,6.1,2.6,6.5,5810,6130.0,2.3,1.2,198,MA上昇配列
8008,ヨンドシーホールディングス,小売業,12.0,★☆☆☆☆,0.0,0.0,0.0,0.0,12.0,0.0,0.0,0.0,,,0.0,-4.2,1.8,2.5,2056,2133.0,3.4,1.0,205,MA上昇配列 / パーフェクトオーダー
7979,松風,精密機器,12.0,★☆☆☆☆,0.0,0.0,0.0,0.0,12.0,0.0,0.0,0.0,,,0.0,2.5,3.4,8.0,2218,2379.0,2.8,0.9,231,MA上昇配列 / パーフェクトオーダー
3182,オイシックス,小売業,12.0,★☆☆☆☆,0.0,0.0,2.0,0.0,10.0,0.0,0.0,0.0,,,0.0,4.9,3.3,5.7,1600,1713.0,2.8,1.1,157,MA上昇配列 / パーフェクトオーダー
3245,ディア・ライフ,不動産業,12.0,★☆☆☆☆,0.0,0.0,3.0,0.0,9.0,0.0,0.0,0.0,,,0.0,1.2,2.2,5.1,1100,1151.0,5.4,1.0,357,MA上昇配列
3284,フージャースホールディングス,不動産業,12.0,★☆☆☆☆,0.0,0.0,2.0,0.0,10.0,0.0,0.0,0.0,,,0.0,0.9,1.6,4.5,1261,1303.0,3.6,1.2,233,MA上昇配列
3762,テクマトリックス,情報・通信業,12.0,★☆☆☆☆,0.0,0.0,2.0,0.0,10.0,0.0,0.0,0.0,,,0.0,15.7,4.0,9.4,2118,2301.0,-0.1,0.5,662,MA上昇配列
8704,トレイダーズホールディングス,証券、商品先物取引業,12.0,★☆☆☆☆,0.0,0.0,0.0,0.0,12.0,0.0,0.0,0.0,,,0.0,0.7,3.2,2.1,1230,1315.0,-1.1,0.5,116,MA上昇配列 / パーフェクトオーダー
6952,カシオ計算機,電気機器,12.0,★☆☆☆☆,0.0,0.0,4.3,0.0,10.7,0.0,0.0,-3.0,,,0.0,25.6,5.0,16.2,2118,2353.0,1.8,0.7,4564,買い出来高優勢 / MA上昇配列 / パーフェクトオーダー / 伸びすぎ注意(25MA+16%)
3679,じげん,情報・通信業,12.0,★☆☆☆☆,0.0,0.0,4.0,0.0,8.0,0.0,0.0,0.0,,,0.0,7.1,2.7,9.5,432,457.0,9.3,1.6,112,MA上昇配列
1961,三機工業,建設業,12.0,★☆☆☆☆,4.2,0.0,2.0,0.0,5.0,0.0,0.8,0.0,,SK hynix,-2.5,-4.8,5.1,2.4,2225,2479.0,4.6,0.6,2047,SK hynix+10.5%連動(β0.16) / 開示[自己株式取得](12日前) / 開示[業績予想の修正](12日前)
4725,ＣＡＣ　Ｈｏｌｄｉｎｇｓ,情報・通信業,12.0,★☆☆☆☆,0.0,0.0,2.0,0.0,10.0,0.0,0.0,0.0,,,0.0,1.4,1.7,4.9,1877,1941.0,5.4,0.5,126,MA上昇配列
5445,東京鐵鋼,鉄鋼,12.0,★☆☆☆☆,0.0,0.0,2.0,0.0,10.0,0.0,0.0,0.0,,,0.0,1.0,1.8,3.7,1956,2031.0,3.3,0.9,222,MA上昇配列
4689,ＬＩＮＥヤフー,情報・通信業,12.0,★☆☆☆☆,0.0,0.0,2.0,0.0,10.0,0.0,0.0,0.0,,,0.0,6.1,3.5,7.5,463,497.8999938964844,2.0,0.8,8728,MA上昇配列 / パーフェクトオーダー
9692,シーイーシー,情報・通信業,12.0,★☆☆☆☆,0.0,0.0,2.0,0.0,10.0,0.0,0.0,0.0,,,0.0,4.7,2.4,5.2,2239,2353.0,3.6,0.8,261,MA上昇配列
2393,日本ケアサプライ,サービス業,12.0,★☆☆☆☆,0.0,0.0,0.0,0.0,12.0,0.0,0.0,0.0,,,0.0,-5.1,3.9,5.0,4014,4350.0,4.6,0.6,114,MA上昇配列 / パーフェクトオーダー
2353,日本駐車場開発,不動産業,12.0,★☆☆☆☆,0.0,0.0,2.0,0.0,10.0,0.0,0.0,0.0,,,0.0,-0.1,2.2,4.7,253,265.0,4.7,0.6,827,MA上昇配列
4343,イオンファンタジー,サービス業,12.0,★☆☆☆☆,0.0,0.0,4.0,0.0,8.0,0.0,0.0,0.0,,,0.0,2.6,2.5,5.1,2734,2880.0,2.9,1.4,218,MA上昇配列
9432,ＮＴＴ,情報・通信業,12.0,★☆☆☆☆,0.0,0.0,2.0,0.0,10.0,0.0,0.0,0.0,,,0.0,1.0,2.1,3.7,154,160.39999389648438,0.3,0.7,41358,MA上昇配列
2301,学情,サービス業,12.0,★☆☆☆☆,0.0,0.0,4.0,0.0,8.0,0.0,0.0,0.0,,,0.0,-3.2,1.6,2.8,1626,1679.0,4.5,1.6,156,MA上昇配列
2181,パーソルホールディングス,サービス業,12.0,★☆☆☆☆,0.0,0.0,3.0,0.0,9.0,0.0,0.0,0.0,,,0.0,1.7,2.7,6.3,269,284.5,0.8,1.1,2856,MA上昇配列
7821,前田工繊,その他製品,12.0,★☆☆☆☆,0.0,0.0,2.0,0.0,10.0,0.0,0.0,0.0,,,0.0,4.7,3.6,4.3,1874,2018.0,-3.5,0.6,368,MA上昇配列
7839,ＳＨＯＥＩ,その他製品,12.0,★☆☆☆☆,0.0,0.0,2.0,0.0,10.0,0.0,0.0,0.0,,,0.0,4.1,2.6,4.6,1941,2047.0,0.3,0.5,433,MA上昇配列 / パーフェクトオーダー
7846,パイロットコーポレーション,その他製品,12.0,★☆☆☆☆,0.0,0.0,0.0,0.0,12.0,0.0,0.0,0.0,,,0.0,2.0,2.8,4.7,1826,1933.0,-3.6,1.0,425,MA上昇配列 / パーフェクトオーダー
215A,タイミー,サービス業,12.0,★☆☆☆☆,0.0,0.0,2.0,0.0,10.0,0.0,0.0,0.0,,,0.0,2.9,4.5,3.3,1421,1561.0,-4.2,0.9,1942,MA上昇配列 / パーフェクトオーダー
7354,ダイレクトマーケティングミックス,サービス業,12.0,★☆☆☆☆,0.0,0.0,2.0,0.0,10.0,0.0,0.0,0.0,,,0.0,-1.7,4.1,4.2,332,362.0,3.7,1.9,102,MA上昇配列 / パーフェクトオーダー
9902,日伝,卸売業,12.0,★☆☆☆☆,0.0,0.0,1.0,0.0,11.0,0.0,0.0,0.0,,,0.0,7.3,3.0,6.9,2951,3140.0,1.6,1.2,244,MA上昇配列 / パーフェクトオーダー
4765,ＳＢＩグローバルアセットマネジメント,サービス業,12.0,★☆☆☆☆,0.0,0.0,3.0,0.0,9.0,0.0,0.0,0.0,,,0.0,1.0,2.6,3.2,583,615.0,2.3,0.5,279,MA上昇配列
8130,サンゲツ,卸売業,12.0,★☆☆☆☆,0.0,0.0,2.0,0.0,10.0,0.0,0.0,0.0,,,0.0,0.1,1.8,3.1,3053,3165.0,1.8,0.8,593,MA上昇配列
3050,ＤＣＭホールディングス,小売業,12.0,★☆☆☆☆,0.0,0.0,2.0,0.0,10.0,0.0,0.0,0.0,,,0.0,-0.3,2.1,3.2,1516,1582.0,1.5,1.0,392,MA上昇配列
8283,ＰＡＬＴＡＣ,卸売業,12.0,★☆☆☆☆,0.0,0.0,1.0,0.0,11.0,0.0,0.0,0.0,,,0.0,-5.4,0.4,0.1,6583,6630.0,0.0,0.0,1134,MA上昇配列 / パーフェクトオーダー / 52週高値目前
7532,パン・パシフィック・インターナショナルホールディングス,小売業,12.0,★☆☆☆☆,0.0,0.0,4.0,0.0,5.2,0.0,2.8,0.0,,,0.0,-2.2,3.0,1.8,861,915.5,-1.2,1.7,8727,MA上昇配列 / 開示[増配](1日前)
3001,片倉工業,繊維製品,12.0,★☆☆☆☆,0.0,0.0,4.3,0.0,6.5,0.0,1.2,0.0,,,0.0,6.4,3.1,3.5,2715,2891.0,-3.2,0.4,175,買い出来高優勢 / MA上昇配列 / 開示[業績予想の修正](7日前)
4025,多木化学,化学,12.0,★☆☆☆☆,0.0,0.0,4.3,0.0,10.7,0.0,0.0,-3.0,,,0.0,19.9,5.3,15.5,5421,6070.0,6.9,1.0,247,買い出来高優勢 / MA上昇配列 / パーフェクトオーダー / 伸びすぎ注意(25MA+16%)
6923,スタンレー電気,電気機器,12.0,★☆☆☆☆,0.0,0.0,0.0,0.0,12.0,0.0,0.0,0.0,,,0.0,-0.6,2.5,3.6,3483,3666.0,2.5,0.7,2271,MA上昇配列 / パーフェクトオーダー
4091,日本酸素ホールディングス,化学,12.0,★☆☆☆☆,0.0,0.0,0.0,0.0,12.0,0.0,0.0,0.0,,,0.0,-5.4,3.2,0.2,5608,5995.0,-1.8,0.7,3016,MA上昇配列 / パーフェクトオーダー
6418,日本金銭機械,機械,12.0,★☆☆☆☆,0.0,0.0,4.3,0.0,7.7,0.0,0.0,0.0,,,0.0,17.5,2.9,12.6,1206,1281.0,4.2,0.9,189,買い出来高優勢 / MA上昇配列
6947,図研,電気機器,12.0,★☆☆☆☆,0.0,0.0,1.0,0.0,11.0,0.0,0.0,0.0,,,0.0,3.3,2.9,3.2,4636,4925.0,-1.0,0.5,252,MA上昇配列 / パーフェクトオーダー
8366,滋賀銀行,銀行業,12.0,★☆☆☆☆,0.0,0.0,0.0,0.0,12.0,0.0,0.0,0.0,,,0.0,3.5,4.1,5.0,2537,2763.0,11.1,0.6,2896,MA上昇配列 / パーフェクトオーダー
1964,中外炉工業,建設業,11.9,★☆☆☆☆,4.2,0.0,2.0,0.0,5.7,0.0,0.0,0.0,,SK hynix,-1.4,3.3,2.2,4.3,3987,4170.0,4.8,0.4,254,SK hynix+10.5%連動(β0.16)
2120,ＬＩＦＵＬＬ,サービス業,11.8,★☆☆☆☆,0.0,0.0,5.3,0.0,7.5,0.0,2.0,-3.0,,,0.0,16.9,3.6,16.8,225,243.0,15.7,1.2,207,買い出来高優勢 / MA上昇配列 / パーフェクトオーダー / RSI過熱(87)⚠ / 伸びすぎ注意(25MA+17%) / 開示[上方修正](7日前)
3936,グローバルウェイ,情報・通信業,11.7,★☆☆☆☆,0.0,0.0,5.7,0.0,6.0,0.0,0.0,0.0,,,0.0,-0.0,6.4,3.0,143,164.0,2.5,8.5,119,出来高急増8.5倍
8818,京阪神ビルディング,不動産業,11.7,★☆☆☆☆,0.0,0.0,2.0,0.0,9.7,0.0,0.0,0.0,,,0.0,-2.7,3.2,0.0,1026,1096.0,4.6,0.6,419,MA上昇配列 / パーフェクトオーダー
8101,ＧＳＩクレオス,卸売業,11.7,★☆☆☆☆,0.0,0.0,2.0,0.0,9.7,0.0,0.0,0.0,,,0.0,3.6,2.5,4.2,2620,2759.0,5.3,0.8,115,MA上昇配列 / パーフェクトオーダー / 52週高値目前
2371,カカクコム,サービス業,11.7,★☆☆☆☆,0.0,0.0,2.0,0.0,9.7,0.0,0.0,0.0,,,0.0,-2.5,0.6,1.0,3665,3710.0,-0.3,0.7,1351,MA上昇配列 / パーフェクトオーダー / 52週高値目前
2670,エービーシー・マート,小売業,11.7,★☆☆☆☆,0.0,0.0,2.0,0.0,9.7,0.0,0.0,0.0,,,0.0,-1.2,2.2,1.6,2655,2778.5,-1.6,0.6,1557,MA上昇配列 / パーフェクトオーダー
5482,愛知製鋼,鉄鋼,11.7,★☆☆☆☆,0.0,0.0,1.0,0.0,10.7,0.0,0.0,0.0,,,0.0,3.2,3.0,4.0,3052,3250.0,1.7,0.7,557,MA上昇配列 / パーフェクトオーダー
4095,日本パーカライジング,化学,11.7,★☆☆☆☆,0.0,0.0,1.0,0.0,10.7,0.0,0.0,0.0,,,0.0,0.2,1.7,2.8,1671,1730.0,-0.2,1.0,368,MA上昇配列 / パーフェクトオーダー
3994,マネーフォワード,情報・通信業,11.7,★☆☆☆☆,0.0,0.0,3.0,0.0,8.7,0.0,0.0,0.0,,,0.0,0.9,7.0,3.9,4869,5658.0,5.1,1.3,2960,MA上昇配列 / パーフェクトオーダー
6332,月島ホールディングス,機械,11.7,★☆☆☆☆,3.7,0.0,1.0,0.0,7.0,0.0,0.0,0.0,,SK hynix,-1.4,2.8,2.9,4.0,2638,2803.0,2.0,0.8,281,SK hynix+10.5%連動(β0.14)
219A,Ｈｅａｒｔｓｅｅｄ,医薬品,11.7,★☆☆☆☆,0.0,0.0,8.0,0.0,6.7,0.0,0.0,-3.0,,,0.0,32.8,4.7,18.7,1867,2062.0,9.0,3.0,444,出来高急増3.0倍 / 買い出来高優勢 / MA上昇配列 / 伸びすぎ注意(25MA+19%)
8157,都築電気,情報・通信業,11.7,★☆☆☆☆,0.0,0.0,1.0,0.0,10.7,0.0,0.0,0.0,,,0.0,-1.7,3.5,0.0,3749,4030.0,-0.2,0.5,215,MA上昇配列 / パーフェクトオーダー
4022,ラサ工業,化学,11.600000000000001,★☆☆☆☆,7.6,0.0,2.0,0.0,7.0,0.0,0.0,-5.0,,SK hynix,-6.2,32.9,7.2,20.6,2089,2442.0,8.5,0.8,3012,SK hynix+10.5%連動(β0.29) / 過熱⚠25MA+21%
1871,ピーエス・コンストラクション,建設業,11.6,★☆☆☆☆,3.6,0.0,2.0,0.0,6.0,0.0,0.0,0.0,,SK hynix,-0.2,2.5,3.3,2.9,2167,2321.0,0.6,0.7,196,SK hynix+10.5%連動(β0.14)
7102,日本車輌製造,輸送用機器,11.6,★☆☆☆☆,4.1,0.0,1.0,0.0,6.5,0.0,0.0,0.0,,SK hynix,-2.3,-3.2,3.3,2.3,3406,3650.0,4.3,0.9,201,SK hynix+10.5%連動(β0.16) / MA上昇配列
6929,日本セラミック,電気機器,11.6,★☆☆☆☆,3.2,0.0,1.0,0.0,7.0,0.0,0.4,0.0,,SK hynix,0.1,-2.2,2.6,0.4,3566,3760.0,2.3,0.7,474,SK hynix+10.5%連動(β0.11) / 開示[自己株式取得](12日前)
8011,三陽商会,繊維製品,11.5,★☆☆☆☆,0.0,0.0,2.0,0.0,9.5,0.0,0.0,0.0,,,0.0,18.0,3.6,7.4,4784,5160.0,-2.1,1.0,214,MA上昇配列 / パーフェクトオーダー
6194,アトラエ,サービス業,11.5,★☆☆☆☆,0.0,0.0,0.0,0.0,10.0,0.0,1.5,0.0,,,0.0,4.1,3.4,5.4,838,899.0,2.2,0.9,124,MA上昇配列 / パーフェクトオーダー / 開示[自己株式取得](7日前)
4229,群栄化学工業,化学,11.5,★☆☆☆☆,5.5,0.0,0.0,0.0,6.0,0.0,0.0,0.0,,SK hynix,-1.2,-2.1,4.7,2.5,4208,4640.0,2.1,0.7,121,SK hynix+10.5%連動(β0.21)
6454,マックス,機械,11.5,★☆☆☆☆,0.0,0.0,2.0,0.0,9.5,0.0,0.0,0.0,,,0.0,0.6,3.4,1.1,1688,1811.0,-3.1,0.5,600,MA上昇配列 / パーフェクトオーダー
3201,日本毛織,繊維製品,11.5,★☆☆☆☆,0.0,0.0,2.0,0.0,9.5,0.0,0.0,0.0,,,0.0,0.9,1.8,2.3,1887,1959.0,-1.1,0.6,219,MA上昇配列 / パーフェクトオーダー
7128,ユニソルホールディングス,卸売業,11.5,★☆☆☆☆,0.0,0.0,3.0,0.0,8.5,0.0,0.0,0.0,,,0.0,10.0,3.1,5.5,2765,2946.0,-0.2,0.9,384,MA上昇配列 / パーフェクトオーダー
2492,インフォマート,サービス業,11.5,★☆☆☆☆,0.0,0.0,4.0,0.0,7.5,0.0,0.0,0.0,,,0.0,17.3,6.8,10.4,517,599.0,6.6,1.3,2068,MA上昇配列 / パーフェクトオーダー
4613,関西ペイント,化学,11.5,★☆☆☆☆,0.0,0.0,2.0,0.0,9.5,0.0,0.0,0.0,,,0.0,3.5,2.3,3.1,2764,2896.5,-4.4,0.5,3121,MA上昇配列 / パーフェクトオーダー
2914,日本たばこ産業,食料品,11.5,★☆☆☆☆,0.0,0.0,2.0,0.0,9.5,0.0,0.0,0.0,,,0.0,4.0,2.9,3.5,6529,6932.0,-2.3,1.1,33423,MA上昇配列 / パーフェクトオーダー
2805,ヱスビー食品,食料品,11.5,★☆☆☆☆,0.0,0.0,2.0,0.0,9.5,0.0,0.0,0.0,,,0.0,7.5,4.7,5.6,6103,6740.0,-2.5,0.8,424,MA上昇配列 / パーフェクトオーダー
6724,セイコーエプソン,電気機器,11.5,★☆☆☆☆,0.0,0.0,2.0,0.0,9.5,0.0,0.0,0.0,,,0.0,3.7,3.1,2.1,2871,3063.0,-6.2,0.7,5884,MA上昇配列 / パーフェクトオーダー
6331,三菱化工機,機械,11.4,★☆☆☆☆,5.4,0.0,1.0,0.0,5.0,0.0,0.0,0.0,,SK hynix,-2.4,-0.3,3.9,1.9,3072,3330.0,3.4,0.6,660,SK hynix+10.5%連動(β0.20)
5563,新日本電工,鉄鋼,11.4,★☆☆☆☆,4.4,0.0,1.0,0.0,6.0,0.0,0.0,0.0,,SK hynix,-0.3,1.7,4.9,3.1,395,438.0,-0.9,0.4,413,SK hynix+10.5%連動(β0.17)
5214,日本電気硝子,ガラス・土石製品,11.4,★☆☆☆☆,8.9,0.0,1.0,0.0,1.5,0.0,0.0,0.0,,SK hynix,1.2,-14.2,5.0,-4.1,4564,5075.0,2.4,0.8,4042,SK hynix+10.5%連動(β0.21) 未反応+1.2%
4901,富士フイルムホールディングス,化学,11.3,★☆☆☆☆,9.3,0.0,1.0,0.0,1.0,0.0,0.0,0.0,,SK hynix,1.9,-17.6,4.6,-11.2,2892,3182.0,0.6,0.9,22372,SK hynix+10.5%連動(β0.13) 未反応+1.9%
5838,楽天銀行,銀行業,11.3,★☆☆☆☆,0.0,0.0,3.3,0.0,8.0,0.0,0.0,0.0,,,0.0,15.6,3.9,11.8,5813,6308.0,11.6,1.1,6882,買い出来高優勢 / MA上昇配列
6969,松尾電機,電気機器,11.3,★☆☆☆☆,6.6,0.0,2.0,0.0,2.7,0.0,0.0,0.0,,SK hynix,-8.8,-5.7,9.7,-1.7,861,1069.0,-15.1,0.6,112,SK hynix+10.5%連動(β0.25)
9551,メタウォーター,電気・ガス業,11.3,★☆☆☆☆,7.3,0.0,0.0,0.0,4.0,0.0,0.0,0.0,,SK hynix,1.3,-3.7,3.5,-0.6,2944,3165.0,-0.9,0.6,492,SK hynix+10.5%連動(β0.14) 未反応+1.3%
8919,カチタス,不動産業,11.3,★☆☆☆☆,0.0,0.0,4.3,0.0,7.0,0.0,0.0,0.0,,,0.0,5.1,4.1,5.5,3264,3555.0,1.4,1.1,762,買い出来高優勢
2296,伊藤ハム米久ホールディングス,食料品,11.3,★☆☆☆☆,0.0,0.0,3.3,0.0,8.0,0.0,0.0,0.0,,,0.0,-0.6,2.2,3.2,4879,5100.0,1.8,0.6,772,買い出来高優勢 / MA上昇配列
4828,ビジネスエンジニアリング,情報・通信業,11.3,★☆☆☆☆,0.0,0.0,3.3,0.0,8.0,0.0,0.0,0.0,,,0.0,15.3,3.4,12.6,1282,1377.0,5.9,0.7,192,買い出来高優勢 / MA上昇配列
5892,ｙｕｔｏｒｉ,小売業,11.3,★☆☆☆☆,0.0,0.0,6.3,0.0,8.0,0.0,0.0,-3.0,,,0.0,18.6,5.0,16.6,2261,2510.0,12.8,2.4,179,出来高増2.4倍 / MA上昇配列 / 伸びすぎ注意(25MA+17%)
2695,くら寿司,小売業,11.3,★☆☆☆☆,0.0,0.0,3.3,0.0,8.0,0.0,0.0,0.0,,,0.0,-0.0,2.1,2.8,1621,1693.0,-0.1,0.9,455,買い出来高優勢 / MA上昇配列
3443,川田テクノロジーズ,金属製品,11.3,★☆☆☆☆,0.0,0.0,3.3,0.0,8.0,0.0,0.0,0.0,,,0.0,6.6,2.9,7.9,1345,1426.0,5.5,1.2,394,買い出来高優勢 / MA上昇配列
4716,日本オラクル,情報・通信業,11.3,★☆☆☆☆,0.0,0.0,3.3,0.0,8.0,0.0,0.0,0.0,,,0.0,1.5,2.9,2.8,8548,9083.0,-2.8,0.6,2907,買い出来高優勢 / MA上昇配列
5644,メタルアート,鉄鋼,11.2,★☆☆☆☆,0.0,0.0,0.0,0.0,11.2,0.0,0.0,0.0,,,0.0,-6.1,3.1,2.4,7170,7650.0,6.5,0.1,151,MA上昇配列 / パーフェクトオーダー / 52週高値目前
3091,ブロンコビリー,小売業,11.2,★☆☆☆☆,0.0,0.0,3.0,0.0,8.2,0.0,0.0,0.0,,,0.0,7.4,3.9,5.9,2492,2705.0,6.7,0.4,510,MA上昇配列 / パーフェクトオーダー
8387,四国銀行,銀行業,11.2,★☆☆☆☆,0.0,0.0,3.0,0.0,8.2,0.0,0.0,0.0,,,0.0,9.4,4.2,5.0,3246,3545.0,6.8,0.9,549,MA上昇配列 / パーフェクトオーダー
2802,味の素,食料品,11.1,★☆☆☆☆,4.1,0.0,0.0,0.0,7.0,0.0,0.0,0.0,,SK hynix,0.1,1.4,4.3,5.2,5062,5535.0,5.0,0.9,22225,SK hynix+10.5%連動(β0.15)
3632,グリーホールディングス,情報・通信業,11.1,★☆☆☆☆,0.0,0.0,2.0,0.0,8.7,0.0,0.4,0.0,,,0.0,3.2,2.3,5.7,407,426.0,2.4,1.0,250,MA上昇配列 / パーフェクトオーダー / 開示[増配](12日前)
4023,クレハ,化学,11.1,★☆☆☆☆,0.0,0.0,2.0,0.0,8.7,0.0,0.4,0.0,,,0.0,4.5,2.2,5.5,4373,4570.0,0.6,0.7,1342,MA上昇配列 / 開示[業績予想の修正](12日前)
6584,三櫻工業,輸送用機器,11.1,★☆☆☆☆,6.1,0.0,0.0,0.0,5.0,0.0,0.0,0.0,,SK hynix,-1.8,-0.8,4.9,2.0,758,840.0,8.4,0.8,553,SK hynix+10.5%連動(β0.23)
6905,コーセル,電気機器,11.1,★☆☆☆☆,4.1,0.0,0.0,0.0,7.0,0.0,0.0,0.0,,SK hynix,-2.2,4.0,3.2,4.8,1288,1375.0,2.3,0.7,248,SK hynix+10.5%連動(β0.16)
368A,北里,精密機器,11.0,★☆☆☆☆,0.0,0.0,3.0,0.0,8.0,0.0,0.0,0.0,,,0.0,4.0,3.3,3.5,1387,1484.0,-3.7,0.7,212,MA上昇配列
3687,フィックスターズ,情報・通信業,11.0,★☆☆☆☆,0.0,0.0,1.0,0.0,10.0,0.0,0.0,0.0,,,0.0,-0.6,5.2,1.4,1996,2226.0,1.4,0.6,1389,MA上昇配列 / パーフェクトオーダー
9467,アルファポリス,情報・通信業,11.0,★☆☆☆☆,0.0,0.0,5.0,0.0,6.0,0.0,0.0,0.0,,,0.0,10.5,4.3,13.0,1077,1180.0,18.6,1.6,185,資金流入増
1870,矢作建設工業,建設業,11.0,★☆☆☆☆,0.0,0.0,3.3,0.0,7.7,0.0,0.0,0.0,,,0.0,8.2,2.2,9.2,2033,2125.0,4.1,0.9,323,買い出来高優勢 / MA上昇配列
9843,ニトリホールディングス,小売業,11.0,★☆☆☆☆,0.0,0.0,3.0,0.0,8.0,0.0,0.0,0.0,,,0.0,12.9,4.3,9.9,2652,2903.5,-6.3,0.8,11250,MA上昇配列
6785,鈴木,電気機器,11.0,★☆☆☆☆,5.0,0.0,0.0,0.0,6.0,0.0,0.0,0.0,,SK hynix,-1.0,-2.9,4.2,0.1,2804,3060.0,-4.5,0.6,271,SK hynix+10.5%連動(β0.19)
6814,古野電気,電気機器,11.0,★☆☆☆☆,0.0,0.0,2.0,0.0,9.0,0.0,0.0,0.0,,,0.0,8.3,4.0,7.6,7417,8060.0,2.7,0.8,3029,MA上昇配列
9743,丹青社,サービス業,11.0,★☆☆☆☆,0.0,0.0,1.0,0.0,10.0,0.0,0.0,0.0,,,0.0,3.2,2.0,5.2,1419,1478.0,3.9,0.5,868,MA上昇配列
5273,三谷セキサン,ガラス・土石製品,11.0,★☆☆☆☆,0.0,0.0,2.0,0.0,9.0,0.0,0.0,0.0,,,0.0,9.5,3.8,8.4,1845,1996.0,8.3,1.5,125,MA上昇配列
7272,ヤマハ発動機,輸送用機器,11.0,★☆☆☆☆,0.0,0.0,5.3,0.0,10.7,0.0,0.0,-5.0,,,0.0,45.5,5.3,25.6,1717,1918.5,-0.2,0.6,16791,買い出来高優勢 / 資金流入増 / MA上昇配列 / パーフェクトオーダー / 過熱⚠25MA+26%
8185,チヨダ,小売業,11.0,★☆☆☆☆,0.0,0.0,3.0,0.0,8.0,0.0,0.0,0.0,,,0.0,-0.8,1.2,3.2,1014,1039.0,1.7,1.1,154,MA上昇配列
2801,キッコーマン,食料品,11.0,★☆☆☆☆,0.0,0.0,0.0,0.0,11.0,0.0,0.0,0.0,,,0.0,1.0,4.0,5.2,1629,1770.0,-0.2,0.7,7210,MA上昇配列 / パーフェクトオーダー
6016,ジャパンエンジンコーポレーション,輸送用機器,11.0,★☆☆☆☆,0.0,0.0,3.0,0.0,8.0,0.0,0.0,0.0,,,0.0,13.3,6.1,10.3,8951,10190.0,10.8,0.9,1237,MA上昇配列
7974,任天堂,その他製品,11.0,★☆☆☆☆,0.0,0.0,3.0,0.0,8.0,0.0,0.0,0.0,,,0.0,14.9,3.9,14.0,8083,8760.0,6.0,0.7,94526,MA上昇配列
4051,ＧＭＯフィナンシャルゲート,情報・通信業,11.0,★☆☆☆☆,0.0,0.0,1.0,0.0,10.0,0.0,0.0,0.0,,,0.0,-1.6,4.2,4.7,6303,6880.0,4.1,1.5,206,MA上昇配列 / パーフェクトオーダー
7931,未来工業,化学,11.0,★☆☆☆☆,0.0,0.0,3.0,0.0,8.0,0.0,0.0,0.0,,,0.0,8.5,3.3,6.7,3411,3650.0,2.1,0.5,155,MA上昇配列
3002,グンゼ,繊維製品,11.0,★☆☆☆☆,0.0,0.0,1.0,0.0,10.0,0.0,0.0,0.0,,,0.0,2.6,1.4,4.2,4120,4240.0,1.2,0.6,791,MA上昇配列
7033,マネジメントソリューションズ,サービス業,11.0,★☆☆☆☆,0.0,0.0,5.3,0.0,8.7,0.0,0.0,-3.0,,,0.0,15.5,3.3,15.2,1535,1643.0,13.2,2.0,161,買い出来高優勢 / MA上昇配列 / パーフェクトオーダー / 伸びすぎ注意(25MA+15%)
7780,メニコン,精密機器,11.0,★☆☆☆☆,0.0,0.0,1.0,0.0,10.0,0.0,0.0,0.0,,,0.0,11.8,3.8,9.7,1822,1973.0,-2.5,1.0,551,MA上昇配列 / パーフェクトオーダー
7971,東リ,化学,11.0,★☆☆☆☆,0.0,0.0,2.0,0.0,9.0,0.0,0.0,0.0,,,0.0,4.4,2.6,4.4,660,697.0,2.2,0.6,116,MA上昇配列
2395,新日本科学,サービス業,11.0,★☆☆☆☆,0.0,0.0,3.0,0.0,8.0,0.0,0.0,0.0,,,0.0,9.2,3.9,8.1,1348,1463.0,-1.6,0.6,365,MA上昇配列
5911,横河ブリッジホールディングス,金属製品,11.0,★☆☆☆☆,0.0,0.0,1.0,0.0,10.0,0.0,0.0,0.0,,,0.0,-1.5,1.3,2.2,2921,2997.0,2.5,0.8,383,MA上昇配列
7094,ＮｅｘＴｏｎｅ,サービス業,11.0,★☆☆☆☆,0.0,0.0,3.0,0.0,8.0,0.0,0.0,0.0,,,0.0,14.1,4.5,11.2,1553,1707.0,-0.1,0.8,149,MA上昇配列
7071,アンビスホールディングス,サービス業,11.0,★☆☆☆☆,0.0,0.0,4.3,0.0,6.7,0.0,0.0,0.0,,,0.0,7.0,3.9,10.3,390,423.0,8.5,1.4,113,買い出来高優勢 / MA上昇配列
2749,ＪＰホールディングス,サービス業,11.0,★☆☆☆☆,0.0,0.0,2.0,0.0,9.0,0.0,0.0,0.0,,,0.0,0.5,2.2,3.8,624,653.0,3.8,0.9,182,MA上昇配列
7242,カヤバ,輸送用機器,11.0,★☆☆☆☆,0.0,0.0,2.0,0.0,9.0,0.0,0.0,0.0,,,0.0,5.4,2.8,4.9,4381,4640.0,0.7,0.7,448,MA上昇配列
8570,イオンフィナンシャルサービス,その他金融業,11.0,★☆☆☆☆,0.0,0.0,2.0,0.0,9.0,0.0,0.0,0.0,,,0.0,2.4,2.1,4.0,1573,1642.0,1.2,1.1,760,MA上昇配列
212A,フィットイージー,サービス業,11.0,★☆☆☆☆,0.0,0.0,0.0,0.0,11.0,0.0,0.0,0.0,,,0.0,4.9,3.5,5.7,2786,2996.0,-4.0,1.0,385,MA上昇配列 / パーフェクトオーダー
1762,高松コンストラクショングループ,建設業,11.0,★☆☆☆☆,0.0,0.0,1.0,0.0,10.0,0.0,0.0,0.0,,,0.0,4.4,2.6,5.4,3791,3995.0,3.1,0.8,190,MA上昇配列
167A,リョーサン菱洋ホールディングス,卸売業,11.0,★☆☆☆☆,0.0,0.0,3.3,0.0,7.7,0.0,0.0,0.0,,,0.0,10.4,2.9,8.1,3007,3195.0,-0.2,0.5,677,買い出来高優勢 / MA上昇配列
9075,福山通運,陸運業,11.0,★☆☆☆☆,0.0,0.0,0.0,0.0,11.0,0.0,0.0,0.0,,,0.0,-1.1,3.3,5.2,5933,6350.0,5.0,1.0,735,MA上昇配列 / パーフェクトオーダー
256A,飛島ホールディングス,建設業,11.0,★☆☆☆☆,0.0,0.0,2.0,0.0,9.0,0.0,0.0,0.0,,,0.0,2.5,2.1,4.3,2056,2145.0,5.5,1.1,453,MA上昇配列
1719,安藤・間,建設業,11.0,★☆☆☆☆,0.0,0.0,2.0,0.0,9.0,0.0,0.0,0.0,,,0.0,0.4,2.0,3.5,1827,1902.0,2.3,0.9,1341,MA上昇配列
8706,極東証券,証券、商品先物取引業,11.0,★☆☆☆☆,0.0,0.0,2.0,0.0,9.0,0.0,0.0,0.0,,,0.0,1.4,2.1,3.3,1760,1838.0,0.9,0.7,312,MA上昇配列 / 52週高値目前
4377,ワンキャリア,情報・通信業,11.0,★☆☆☆☆,0.0,0.0,2.0,0.0,9.0,0.0,0.0,0.0,,,0.0,13.3,4.5,14.3,2221,2440.0,16.1,1.4,245,MA上昇配列
4503,アステラス製薬,医薬品,11.0,★☆☆☆☆,0.0,0.0,0.0,0.0,11.0,0.0,0.0,0.0,,,0.0,2.2,3.2,3.6,2163,2310.5,-2.2,0.7,15155,MA上昇配列 / パーフェクトオーダー
4493,サイバーセキュリティクラウド,情報・通信業,11.0,★☆☆☆☆,0.0,0.0,3.0,0.0,8.0,0.0,0.0,0.0,,,0.0,1.3,3.4,3.4,1791,1921.0,0.8,1.2,196,MA上昇配列
7956,ピジョン,その他製品,11.0,★☆☆☆☆,0.0,0.0,1.0,0.0,10.0,0.0,0.0,0.0,,,0.0,-1.0,2.8,3.8,1998,2115.0,1.6,1.0,2236,MA上昇配列 / パーフェクトオーダー
2484,出前館,情報・通信業,11.0,★☆☆☆☆,0.0,0.0,3.0,0.0,8.0,0.0,0.0,0.0,,,0.0,14.2,4.4,8.4,135,148.0,-2.6,0.6,103,資金流入増 / MA上昇配列
4475,ＨＥＮＮＧＥ,情報・通信業,11.0,★☆☆☆☆,0.0,0.0,1.0,0.0,10.0,0.0,0.0,0.0,,,0.0,4.6,5.7,7.3,1300,1466.0,-2.6,0.6,802,MA上昇配列 / パーフェクトオーダー
7231,トピー工業,輸送用機器,11.0,★☆☆☆☆,0.0,0.0,2.0,0.0,9.0,0.0,0.0,0.0,,,0.0,1.5,2.3,4.2,2897,3035.0,3.0,0.5,166,MA上昇配列
6703,沖電気工業,電気機器,10.9,★☆☆☆☆,9.4,0.0,0.0,0.0,1.5,0.0,0.0,0.0,,SK hynix,1.0,-12.4,6.1,-6.8,2496,2840.0,2.3,0.9,2649,SK hynix+10.5%連動(β0.24) 未反応+1.0%
5210,日本山村硝子,ガラス・土石製品,10.9,★☆☆☆☆,0.0,0.0,2.0,0.0,8.0,0.0,0.9,0.0,,,0.0,2.6,2.4,3.7,2799,2937.0,3.9,0.9,170,MA上昇配列 / 開示[業績予想の修正](9日前)
9304,澁澤倉庫,倉庫・運輸関連業,10.9,★☆☆☆☆,0.0,0.0,1.0,0.0,9.5,0.0,0.4,0.0,,,0.0,-3.0,3.6,6.4,1876,2023.0,7.3,0.5,667,MA上昇配列 / パーフェクトオーダー / RSI過熱(85)⚠ / 開示[自己株式取得](12日前)
7545,西松屋チェーン,小売業,10.9,★☆☆☆☆,0.0,0.0,6.7,0.0,4.2,0.0,0.0,0.0,,,0.0,-5.3,1.9,0.9,1924,2001.0,-1.0,3.2,888,出来高急増3.2倍 / MA上昇配列
5851,リョービ,非鉄金属,10.8,★☆☆☆☆,0.0,0.0,3.3,0.0,7.5,0.0,0.0,0.0,,,0.0,9.7,2.4,8.1,2695,2834.0,2.3,0.6,397,買い出来高優勢 / MA上昇配列 / RSI過熱(88)⚠
5285,ヤマックス,ガラス・土石製品,10.8,★☆☆☆☆,0.0,0.0,5.3,0.0,5.5,0.0,0.0,0.0,,,0.0,-0.1,4.9,0.7,1272,1410.0,3.0,0.5,132,買い出来高優勢 / 資金流入増 / MA上昇配列
4676,フジ・メディア・ホールディングス,情報・通信業,10.7,★☆☆☆☆,0.0,0.0,0.0,0.0,10.7,0.0,0.0,0.0,,,0.0,-1.9,2.8,1.5,3926,4160.0,2.5,0.8,2259,MA上昇配列 / パーフェクトオーダー
9699,ニシオホールディングス,サービス業,10.7,★☆☆☆☆,0.0,0.0,2.0,0.0,8.7,0.0,0.0,0.0,,,0.0,8.4,2.6,6.7,4355,4590.0,2.8,1.1,248,MA上昇配列
6532,ベイカレント,サービス業,10.7,★☆☆☆☆,0.0,0.0,1.0,0.0,9.7,0.0,0.0,0.0,,,0.0,7.2,4.3,5.6,6741,7368.0,-0.3,0.5,10266,MA上昇配列 / パーフェクトオーダー
3107,ダイワボウホールディングス,卸売業,10.7,★☆☆☆☆,0.0,0.0,0.0,0.0,10.7,0.0,0.0,0.0,,,0.0,0.9,2.7,0.4,3405,3599.0,-2.4,1.0,976,MA上昇配列 / パーフェクトオーダー
5602,栗本鐵工所,鉄鋼,10.7,★☆☆☆☆,0.0,0.0,3.0,0.0,7.7,0.0,0.0,0.0,,,0.0,12.9,3.4,9.3,1593,1709.0,-2.4,0.9,562,MA上昇配列
5027,ＡｎｙＭｉｎｄ　Ｇｒｏｕｐ,情報・通信業,10.7,★☆☆☆☆,0.0,0.0,9.0,0.0,6.7,0.0,0.0,-5.0,,,0.0,38.9,4.7,34.0,698,771.0,36.0,4.7,243,出来高急増4.7倍 / 買い出来高優勢 / MA上昇配列 / 過熱⚠25MA+34%
7280,ミツバ,電気機器,10.7,★☆☆☆☆,0.0,0.0,2.0,0.0,8.7,0.0,0.0,0.0,,,0.0,9.4,3.4,9.5,1215,1304.0,8.4,0.9,326,MA上昇配列 / パーフェクトオーダー
6750,エレコム,電気機器,10.7,★☆☆☆☆,0.0,0.0,0.0,0.0,10.7,0.0,0.0,0.0,,,0.0,1.5,2.7,2.0,1803,1905.0,2.7,0.7,429,MA上昇配列 / パーフェクトオーダー
6272,レオン自動機,機械,10.7,★☆☆☆☆,0.0,0.0,0.0,0.0,10.7,0.0,0.0,0.0,,,0.0,-2.5,1.9,1.2,1477,1535.0,1.7,0.7,101,MA上昇配列 / パーフェクトオーダー
7366,ＬＩＴＡＬＩＣＯ,サービス業,10.7,★☆☆☆☆,0.0,0.0,2.0,0.0,8.7,0.0,0.0,0.0,,,0.0,8.5,3.9,9.5,1697,1841.0,1.5,0.8,227,MA上昇配列 / パーフェクトオーダー
7313,テイ・エス　テック,輸送用機器,10.7,★☆☆☆☆,0.0,0.0,2.0,0.0,8.7,0.0,0.0,0.0,,,0.0,-0.4,1.7,2.3,1784,1844.5,1.9,0.7,565,MA上昇配列
9041,近鉄グループホールディングス,陸運業,10.7,★☆☆☆☆,0.0,0.0,2.0,0.0,8.7,0.0,0.0,0.0,,,0.0,-3.4,2.4,0.9,3366,3536.0,-0.7,0.6,2234,MA上昇配列 / パーフェクトオーダー
9347,日本管財ホールディングス,サービス業,10.7,★☆☆☆☆,0.0,0.0,2.0,0.0,8.7,0.0,0.0,0.0,,,0.0,-2.5,1.8,2.0,2744,2845.0,1.7,0.6,165,MA上昇配列
150A,ＪＳＨ,サービス業,10.7,★☆☆☆☆,0.0,0.0,5.3,0.0,8.7,0.0,1.7,-5.0,,,0.0,35.8,6.8,47.3,660,764.0,55.3,2.0,578,出来高増2.0倍 / 資金流入増 / MA上昇配列 / パーフェクトオーダー / 過熱⚠25MA+47% / 開示[自己株式取得](6日前)
9119,飯野海運,海運業,10.7,★☆☆☆☆,0.0,0.0,3.0,0.0,7.7,0.0,0.0,0.0,,,0.0,9.8,3.1,10.0,1581,1686.0,7.6,1.2,404,MA上昇配列
8174,日本瓦斯,小売業,10.7,★☆☆☆☆,0.0,0.0,2.0,0.0,8.7,0.0,0.0,0.0,,,0.0,-5.0,2.1,1.3,2779,2899.5,3.2,0.7,681,MA上昇配列
3399,丸千代山岡家,小売業,10.7,★☆☆☆☆,0.0,0.0,0.0,0.0,10.7,0.0,0.0,0.0,,,0.0,-4.4,3.2,2.1,3504,3745.0,3.2,0.4,392,MA上昇配列 / パーフェクトオーダー
3543,コメダホールディングス,卸売業,10.7,★☆☆☆☆,0.0,0.0,2.0,0.0,8.7,0.0,0.0,0.0,,,0.0,-3.0,1.5,1.4,2820,2910.0,2.0,1.1,789,MA上昇配列
2160,ジーエヌアイグループ,医薬品,10.6,★☆☆☆☆,0.0,0.0,3.0,0.0,6.0,0.0,1.6,0.0,,,0.0,11.8,4.8,9.1,2579,2854.0,-2.1,1.6,2772,開示[業績予想の修正](5日前)
9436,沖縄セルラー電話,情報・通信業,10.5,★☆☆☆☆,0.0,0.0,1.0,0.0,9.5,0.0,0.0,0.0,,,0.0,2.2,2.6,2.7,3800,4010.0,-2.7,0.9,523,MA上昇配列 / パーフェクトオーダー
5108,ブリヂストン,ゴム製品,10.5,★☆☆☆☆,0.0,0.0,1.0,0.0,9.5,0.0,0.0,0.0,,,0.0,4.1,3.3,3.8,3808,4074.0,-5.7,0.7,20585,MA上昇配列 / パーフェクトオーダー
4733,オービックビジネスコンサルタント,情報・通信業,10.5,★☆☆☆☆,0.0,0.0,5.3,0.0,5.2,0.0,0.0,0.0,,,0.0,16.6,3.7,6.4,7467,8063.0,-0.6,0.7,2953,買い出来高優勢 / 資金流入増 / MA上昇配列
4812,電通総研,情報・通信業,10.5,★☆☆☆☆,0.0,0.0,1.0,0.0,9.5,0.0,0.0,0.0,,,0.0,-3.1,1.7,2.1,2654,2749.0,2.0,1.5,1526,MA上昇配列 / パーフェクトオーダー
4424,Ａｍａｚｉａ,情報・通信業,10.5,★☆☆☆☆,0.0,0.0,6.3,0.0,4.2,0.0,0.0,0.0,,,0.0,22.9,11.8,3.9,282,369.0,8.5,2.0,434,出来高増2.0倍 / MA上昇配列
8609,岡三証券グループ,証券、商品先物取引業,10.5,★☆☆☆☆,0.0,0.0,1.0,0.0,9.5,0.0,0.0,0.0,,,0.0,1.7,3.4,1.3,1017,1092.0,-1.0,0.9,509,MA上昇配列 / パーフェクトオーダー
5981,東京製綱,金属製品,10.5,★☆☆☆☆,0.0,0.0,1.0,0.0,9.5,0.0,0.0,0.0,,,0.0,0.4,3.9,1.2,1845,2002.0,-5.2,0.9,200,MA上昇配列 / パーフェクトオーダー
6877,ＯＢＡＲＡ　ＧＲＯＵＰ,電気機器,10.5,★☆☆☆☆,3.5,0.0,1.0,0.0,6.0,0.0,0.0,0.0,,SK hynix,-0.5,-3.3,4.1,1.0,5440,5920.0,2.2,0.7,323,SK hynix+10.5%連動(β0.13)
8708,アイザワ証券グループ,証券、商品先物取引業,10.5,★☆☆☆☆,0.0,0.0,3.0,0.0,7.5,0.0,0.0,0.0,,,0.0,3.1,2.5,3.6,1638,1724.0,1.6,0.5,277,MA上昇配列 / パーフェクトオーダー
9889,ＪＢＣＣホールディングス,情報・通信業,10.5,★☆☆☆☆,0.0,0.0,3.0,0.0,7.5,0.0,0.0,0.0,,,0.0,13.9,3.7,7.2,1573,1699.0,0.0,0.7,417,MA上昇配列
3864,三菱製紙,パルプ・紙,10.5,★☆☆☆☆,0.0,0.0,1.0,0.0,9.5,0.0,0.0,0.0,,,0.0,0.2,3.7,1.3,1066,1151.0,2.4,0.6,325,MA上昇配列 / パーフェクトオーダー
3486,グローバル・リンク・マネジメント,不動産業,10.4,★☆☆☆☆,0.0,0.0,2.0,0.0,8.0,0.0,0.4,0.0,,,0.0,-0.9,2.7,1.9,1851,1958.0,2.7,1.1,110,MA上昇配列 / 開示[自己株式の取得](12日前)
6908,イリソ電子工業,電気機器,10.4,★☆☆☆☆,4.7,0.0,2.0,0.0,3.7,0.0,0.0,0.0,,SK hynix,0.1,-2.8,2.0,0.3,2703,2814.0,0.5,0.6,360,SK hynix+10.5%連動(β0.17)
4933,Ｉ－ｎｅ,化学,10.4,★☆☆☆☆,0.0,0.0,2.0,0.0,8.0,0.0,0.4,0.0,,,0.0,11.6,3.3,9.8,1322,1415.0,2.5,0.8,106,MA上昇配列 / 開示[業績予想の修正](12日前)
6027,弁護士ドットコム,サービス業,10.399999999999999,★☆☆☆☆,0.0,0.0,8.7,0.0,6.7,0.0,0.0,-5.0,,,0.0,51.3,6.2,47.8,3279,3740.0,54.2,3.0,695,出来高増3.0倍 / 買い出来高優勢 / 資金流入増 / MA上昇配列 / 過熱⚠25MA+48%
8139,ナガホリ,卸売業,10.3,★☆☆☆☆,0.0,0.0,4.3,0.0,6.0,0.0,0.0,0.0,,,0.0,9.6,6.3,7.4,2010,2299.0,4.0,1.0,133,買い出来高優勢
6522,アスタリスク,電気機器,10.3,★☆☆☆☆,0.0,0.0,3.3,0.0,10.0,0.0,0.0,-3.0,,,0.0,49.6,10.4,18.9,1603,2025.0,13.9,0.7,3141,買い出来高優勢 / MA上昇配列 / パーフェクトオーダー / 伸びすぎ注意(25MA+19%)
6875,メガチップス,電気機器,10.3,★☆☆☆☆,5.6,0.0,2.0,0.0,5.7,0.0,0.0,-3.0,,SK hynix,-0.8,19.4,4.6,15.5,10510,11570.0,1.8,1.0,1496,SK hynix+10.5%連動(β0.21) / 伸びすぎ注意(25MA+15%)
8511,日本証券金融,その他金融業,10.299999999999999,★☆☆☆☆,0.0,0.0,1.0,0.0,8.2,0.0,1.1,0.0,,,0.0,-1.5,2.6,0.4,2328,2455.0,-3.2,0.5,658,MA上昇配列 / パーフェクトオーダー / 開示[自己株式の取得](9日前)
8725,ＭＳ＆ＡＤインシュアランスグループホールディングス,保険業,10.2,★☆☆☆☆,0.0,0.0,2.0,0.0,8.2,0.0,0.0,0.0,,,0.0,6.0,2.4,3.7,4745,4985.0,3.2,0.9,21830,MA上昇配列 / パーフェクトオーダー
1377,サカタのタネ,水産・農林業,10.2,★☆☆☆☆,0.0,0.0,2.0,0.0,8.2,0.0,0.0,0.0,,,0.0,-3.0,1.9,1.6,4286,4460.0,1.5,0.9,490,MA上昇配列 / パーフェクトオーダー
9072,ニッコンホールディングス,陸運業,10.2,★☆☆☆☆,0.0,0.0,6.7,0.0,3.5,0.0,0.0,0.0,,,0.0,1.8,3.3,8.3,5346,5725.0,6.8,3.9,1179,出来高急増3.9倍 / RSI過熱(92)⚠
7752,リコー,電気機器,10.2,★☆☆☆☆,0.0,0.0,2.0,0.0,8.2,0.0,0.0,0.0,,,0.0,1.2,3.1,1.0,1496,1596.0,-2.7,0.8,4916,MA上昇配列 / パーフェクトオーダー
3923,ラクス,情報・通信業,10.2,★☆☆☆☆,0.0,0.0,0.0,0.0,8.7,0.0,1.5,0.0,,,0.0,2.2,4.5,4.2,993,1090.5,0.5,1.0,2355,MA上昇配列 / パーフェクトオーダー / 開示[資本業務提携](7日前)
6804,ホシデン,電気機器,10.2,★☆☆☆☆,0.0,0.0,2.0,0.0,8.2,0.0,0.0,0.0,,,0.0,-0.5,3.4,0.3,2659,2850.0,-1.5,0.9,762,MA上昇配列 / パーフェクトオーダー
2730,エディオン,小売業,10.2,★☆☆☆☆,0.0,0.0,2.0,0.0,8.2,0.0,0.0,0.0,,,0.0,-0.0,2.7,1.6,2375,2508.0,-0.8,0.9,729,MA上昇配列 / パーフェクトオーダー
4165,プレイド,情報・通信業,10.1,★☆☆☆☆,0.0,0.0,5.3,0.0,6.7,0.0,3.1,-5.0,,,0.0,19.1,4.0,21.6,666,723.0,20.1,1.8,278,買い出来高優勢 / MA上昇配列 / 過熱⚠25MA+22% / 開示[業績予想の修正](6日前) / 開示[自己株式取得](6日前)
9722,藤田観光,サービス業,10.0,★☆☆☆☆,0.0,0.0,1.0,0.0,9.0,0.0,0.0,0.0,,,0.0,15.9,4.3,12.6,2114,2312.0,-1.6,0.8,640,MA上昇配列
9470,学研ホールディングス,情報・通信業,10.0,★☆☆☆☆,0.0,0.0,0.0,0.0,10.0,0.0,0.0,0.0,,,0.0,-2.1,1.6,2.2,1011,1044.0,0.9,0.6,124,MA上昇配列
1822,大豊建設,建設業,10.0,★☆☆☆☆,0.0,0.0,0.0,0.0,10.0,0.0,0.0,0.0,,,0.0,-1.6,1.6,2.4,780,807.0,2.4,0.8,122,MA上昇配列
1899,福田組,建設業,10.0,★☆☆☆☆,0.0,0.0,2.0,0.0,11.0,0.0,0.0,-3.0,,,0.0,25.9,4.1,18.6,4477,4875.0,5.9,1.2,373,資金流入増 / MA上昇配列 / パーフェクトオーダー / 52週高値目前 / RSI過熱(89)⚠ / 伸びすぎ注意(25MA+19%)
9505,北陸電力,電気・ガス業,10.0,★☆☆☆☆,0.0,0.0,1.0,0.0,9.0,0.0,0.0,0.0,,,0.0,3.1,2.7,4.7,931,984.2999877929688,6.3,0.8,917,MA上昇配列
6706,電気興業,電気機器,10.0,★☆☆☆☆,0.0,0.0,2.0,0.0,8.0,0.0,0.0,0.0,,,0.0,11.9,3.0,7.7,3161,3365.0,-0.4,0.8,122,-
3850,エヌ・ティ・ティ・データ・イントラマート,情報・通信業,10.0,★☆☆☆☆,0.0,0.0,2.0,0.0,8.0,0.0,0.0,0.0,,,0.0,4.2,3.8,5.4,3066,3320.0,-2.1,0.5,117,MA上昇配列
3431,宮地エンジニアリンググループ,金属製品,10.0,★☆☆☆☆,0.0,0.0,2.0,0.0,8.0,0.0,0.0,0.0,,,0.0,1.1,1.7,3.8,1579,1636.0,2.8,1.1,136,MA上昇配列
8562,福島銀行,銀行業,10.0,★☆☆☆☆,0.0,0.0,3.0,0.0,7.0,0.0,0.0,0.0,,,0.0,9.0,3.1,8.3,356,379.0,8.0,1.1,111,-
3048,ビックカメラ,小売業,10.0,★☆☆☆☆,0.0,0.0,3.0,0.0,7.0,0.0,0.0,0.0,,,0.0,-1.1,2.2,0.9,1652,1730.0,0.5,1.3,1318,MA上昇配列 / パーフェクトオーダー
4914,高砂香料工業,化学,10.0,★☆☆☆☆,0.0,0.0,2.0,0.0,8.0,0.0,0.0,0.0,,,0.0,2.6,2.3,5.0,1217,1276.0,0.1,0.7,218,MA上昇配列
7198,ＳＢＩアルヒ,その他金融業,10.0,★☆☆☆☆,0.0,0.0,2.0,0.0,8.0,0.0,0.0,0.0,,,0.0,1.8,1.7,4.2,820,849.0,3.9,0.7,120,MA上昇配列
5019,出光興産,石油・石炭製品,10.0,★☆☆☆☆,0.0,0.0,3.0,0.0,7.0,0.0,0.0,0.0,,,0.0,5.3,2.6,5.9,1299,1370.5,5.9,1.3,4890,-
3635,コーエーテクモホールディングス,情報・通信業,10.0,★☆☆☆☆,0.0,0.0,2.0,0.0,8.0,0.0,0.0,0.0,,,0.0,0.6,3.1,4.7,1563,1665.0,1.2,0.6,2428,MA上昇配列
9416,ビジョン,情報・通信業,10.0,★☆☆☆☆,0.0,0.0,2.0,0.0,8.0,0.0,0.0,0.0,,,0.0,0.3,2.1,3.1,1009,1053.0,2.5,1.4,370,MA上昇配列
5011,ニチレキグループ,石油・石炭製品,10.0,★☆☆☆☆,0.0,0.0,2.0,0.0,8.0,0.0,0.0,0.0,,,0.0,5.2,2.3,6.4,2244,2350.0,4.6,0.7,117,MA上昇配列
1929,日特建設,建設業,10.0,★☆☆☆☆,0.0,0.0,1.0,0.0,9.0,0.0,0.0,0.0,,,0.0,-0.2,1.8,2.7,1130,1171.0,2.9,0.6,109,MA上昇配列
8194,ライフコーポレーション,小売業,10.0,★☆☆☆☆,0.0,0.0,2.0,0.0,8.0,0.0,0.0,0.0,,,0.0,0.4,2.5,3.4,2480,2613.0,0.1,0.7,530,-
2726,パルグループホールディングス,小売業,10.0,★☆☆☆☆,0.0,0.0,2.0,0.0,8.0,0.0,0.0,0.0,,,0.0,1.3,2.8,2.9,1423,1508.0,0.5,0.8,1255,MA上昇配列
3901,マークラインズ,情報・通信業,10.0,★☆☆☆☆,0.0,0.0,6.3,0.0,6.7,0.0,0.0,-3.0,,,0.0,17.6,2.8,16.1,1550,1643.0,8.5,1.7,152,買い出来高優勢 / MA上昇配列 / 伸びすぎ注意(25MA+16%)
3817,ＳＲＡホールディングス,情報・通信業,10.0,★☆☆☆☆,0.0,0.0,1.0,0.0,9.0,0.0,0.0,0.0,,,0.0,2.0,2.2,3.6,4635,4845.0,-0.1,0.7,250,MA上昇配列
7760,ＩＭＶ,精密機器,10.0,★☆☆☆☆,7.8,0.0,1.0,0.0,1.2,0.0,0.0,0.0,,SK hynix,-2.2,-13.8,8.8,-8.6,1720,2086.0,8.9,0.9,340,SK hynix+10.5%連動(β0.30)
7014,名村造船所,輸送用機器,10.0,★☆☆☆☆,0.0,0.0,2.0,0.0,8.0,0.0,0.0,0.0,,,0.0,16.9,5.4,9.4,4123,4620.0,7.2,1.1,5939,MA上昇配列
5410,合同製鐵,鉄鋼,10.0,★☆☆☆☆,0.0,0.0,2.0,0.0,8.0,0.0,0.0,0.0,,,0.0,7.2,2.2,6.2,2872,3005.0,3.6,1.2,289,MA上昇配列
2168,パソナグループ,サービス業,10.0,★☆☆☆☆,0.0,0.0,2.0,0.0,8.0,0.0,0.0,0.0,,,0.0,0.5,2.1,3.7,1573,1643.0,1.6,0.9,277,MA上昇配列
3733,ソフトウェア・サービス,情報・通信業,10.0,★☆☆☆☆,0.0,0.0,2.0,0.0,8.0,0.0,0.0,0.0,,,0.0,9.7,3.1,7.3,11079,11820.0,2.8,1.0,166,MA上昇配列
9509,北海道電力,電気・ガス業,10.0,★☆☆☆☆,0.0,0.0,2.0,0.0,8.0,0.0,0.0,0.0,,,0.0,1.8,2.5,4.6,1013,1067.5,3.2,0.9,2032,MA上昇配列
4483,ＪＭＤＣ,情報・通信業,10.0,★☆☆☆☆,0.0,0.0,2.0,0.0,8.0,0.0,0.0,0.0,,,0.0,3.4,4.6,4.8,3110,3425.0,-0.1,0.8,1299,MA上昇配列
9684,スクウェア・エニックス・ホールディングス,情報・通信業,10.0,★☆☆☆☆,0.0,0.0,2.0,0.0,8.0,0.0,0.0,0.0,,,0.0,7.9,4.5,6.6,2625,2885.0,0.5,0.7,4448,MA上昇配列
6231,木村工機,機械,10.0,★☆☆☆☆,0.0,0.0,2.0,0.0,8.0,0.0,0.0,0.0,,,0.0,-0.3,4.5,5.7,12113,13300.0,1.9,0.6,179,MA上昇配列
7388,ＦＰパートナー,保険業,10.0,★☆☆☆☆,0.0,0.0,2.0,0.0,8.0,0.0,0.0,0.0,,,0.0,-3.4,2.0,2.1,2145,2233.0,3.6,0.9,103,MA上昇配列
4849,エン,サービス業,10.0,★☆☆☆☆,0.0,0.0,2.0,0.0,8.0,0.0,0.0,0.0,,,0.0,13.5,3.8,13.7,1384,1498.0,3.4,1.0,313,MA上昇配列
5440,共英製鋼,鉄鋼,10.0,★☆☆☆☆,0.0,0.0,2.0,0.0,8.0,0.0,0.0,0.0,,,0.0,3.6,2.5,4.9,1899,2000.0,4.8,0.7,246,MA上昇配列
4847,インテリジェント　ウェイブ,情報・通信業,10.0,★☆☆☆☆,0.0,0.0,4.0,0.0,11.0,0.0,0.0,-5.0,,,0.0,30.7,4.4,20.1,1179,1294.0,3.2,0.5,325,資金流入増 / MA上昇配列 / パーフェクトオーダー / 52週高値目前 / RSI過熱(86)⚠ / 過熱⚠25MA+20%
4776,サイボウズ,情報・通信業,10.0,★☆☆☆☆,0.0,0.0,2.0,0.0,8.0,0.0,0.0,0.0,,,0.0,10.9,3.6,10.7,2762,2979.0,8.3,1.0,851,MA上昇配列
6417,ＳＡＮＫＹＯ,機械,10.0,★☆☆☆☆,0.0,0.0,2.0,0.0,8.0,0.0,0.0,0.0,,,0.0,8.9,2.9,6.0,1808,1920.5,0.2,0.8,1967,MA上昇配列
6420,ガリレイホールディングス,機械,10.0,★☆☆☆☆,0.0,0.0,1.0,0.0,9.0,0.0,0.0,0.0,,,0.0,1.3,2.4,1.7,3297,3460.0,-1.3,1.5,198,MA上昇配列
4527,ロート製薬,医薬品,10.0,★☆☆☆☆,0.0,0.0,2.0,0.0,8.0,0.0,0.0,0.0,,,0.0,6.7,4.0,9.8,2550,2770.5,-2.0,0.4,4243,MA上昇配列
4544,Ｈ．Ｕ．グループホールディングス,サービス業,10.0,★☆☆☆☆,0.0,0.0,1.0,0.0,9.0,0.0,0.0,0.0,,,0.0,0.5,3.1,4.0,3354,3579.0,1.2,0.7,883,MA上昇配列
3168,ＭＥＲＦ,卸売業,10.0,★☆☆☆☆,0.0,0.0,5.3,0.0,4.7,0.0,0.0,0.0,,,0.0,16.8,5.5,11.9,1347,1515.0,-5.0,2.7,145,出来高増2.7倍
9110,ＮＳユナイテッド海運,海運業,10.0,★☆☆☆☆,0.0,0.0,4.0,0.0,11.0,0.0,0.0,-5.0,,,0.0,43.9,2.6,20.7,9897,10450.0,0.0,0.7,1460,資金流入増 / MA上昇配列 / パーフェクトオーダー / 52週高値目前 / RSI過熱(99)⚠ / 過熱⚠25MA+21%
5161,西川ゴム工業,ゴム製品,10.0,★☆☆☆☆,0.0,0.0,3.3,0.0,6.7,0.0,0.0,0.0,,,0.0,8.6,2.4,6.9,3342,3510.0,-1.0,0.9,432,買い出来高優勢 / MA上昇配列
7832,バンダイナムコホールディングス,その他製品,10.0,★☆☆☆☆,0.0,0.0,3.0,0.0,10.0,0.0,0.0,-3.0,,,0.0,22.3,4.5,15.2,4859,5342.0,-1.6,0.5,16142,MA上昇配列 / 伸びすぎ注意(25MA+15%)
7864,フジシールインターナショナル,その他製品,10.0,★☆☆☆☆,0.0,0.0,0.0,0.0,10.0,0.0,0.0,0.0,,,0.0,3.3,2.6,4.6,3083,3255.0,-0.6,0.6,468,MA上昇配列
4072,電算システムホールディングス,情報・通信業,10.0,★☆☆☆☆,0.0,0.0,2.0,0.0,8.0,0.0,0.0,0.0,,,0.0,3.4,2.5,4.1,2916,3070.0,2.2,0.6,123,MA上昇配列
6191,エアトリ,サービス業,9.9,★☆☆☆☆,0.0,0.0,3.3,0.0,1.2,0.0,5.4,0.0,,,0.0,-9.3,3.7,-5.5,776,839.0,-7.2,2.1,120,出来高増2.1倍 / 開示[自己株式の取得](1日前) / 開示[自己株式の取得](2日前)
6768,タムラ製作所,電気機器,9.9,★☆☆☆☆,7.2,0.0,0.0,0.0,2.7,0.0,0.0,0.0,,SK hynix,-1.3,-11.5,5.7,-3.8,723,815.0,2.4,0.6,726,SK hynix+10.5%連動(β0.27)
1945,東京エネシス,建設業,9.9,★☆☆☆☆,4.9,0.0,0.0,0.0,5.0,0.0,0.0,0.0,,SK hynix,-0.5,1.5,3.2,3.0,1942,2077.0,2.1,1.2,418,SK hynix+10.5%連動(β0.18)
4258,網屋,情報・通信業,9.9,★☆☆☆☆,0.0,0.0,3.0,0.0,2.2,0.0,4.7,0.0,,,0.0,-4.1,7.0,-2.9,3749,4360.0,-8.6,1.9,222,開示[自己株式の取得](6日前) / 開示[自己株式の取得](7日前)
7059,コプロ・ホールディングス,サービス業,9.899999999999999,★☆☆☆☆,0.0,0.0,2.0,0.0,6.7,0.0,1.2,0.0,,,0.0,10.9,2.7,11.8,872,922.0,14.4,1.0,143,MA上昇配列 / 開示[業績予想の修正](7日前)
3036,アルコニックス,卸売業,9.8,★☆☆☆☆,0.0,0.0,5.3,0.0,9.5,0.0,0.0,-5.0,,,0.0,42.3,4.7,23.9,3275,3615.0,-0.7,0.5,657,買い出来高優勢 / 資金流入増 / MA上昇配列 / パーフェクトオーダー / RSI過熱(86)⚠ / 過熱⚠25MA+24%
7241,フタバ産業,輸送用機器,9.7,★☆☆☆☆,0.0,0.0,1.0,0.0,8.7,0.0,0.0,0.0,,,0.0,7.8,1.9,7.6,1065,1108.0,5.2,0.8,284,MA上昇配列
4927,ポーラ・オルビスホールディングス,化学,9.7,★☆☆☆☆,0.0,0.0,3.0,0.0,6.7,0.0,0.0,0.0,,,0.0,-1.8,2.8,2.0,1303,1380.0,-3.4,0.6,975,MA上昇配列
9757,船井総研ホールディングス,サービス業,9.7,★☆☆☆☆,0.0,0.0,2.0,0.0,7.7,0.0,0.0,0.0,,,0.0,-3.8,2.0,1.8,1097,1142.0,1.5,0.7,509,MA上昇配列
9303,住友倉庫,倉庫・運輸関連業,9.7,★☆☆☆☆,0.0,0.0,0.0,0.0,9.7,0.0,0.0,0.0,,,0.0,-1.1,2.6,2.2,3902,4120.0,0.5,0.6,518,MA上昇配列 / パーフェクトオーダー / 52週高値目前
7172,ジャパンインベストメントアドバイザー,証券、商品先物取引業,9.7,★☆☆☆☆,0.0,0.0,0.0,0.0,9.7,0.0,0.0,0.0,,,0.0,-3.4,2.2,0.3,1996,2087.0,3.1,0.4,751,MA上昇配列 / パーフェクトオーダー
9824,泉州電業,卸売業,9.7,★☆☆☆☆,0.0,0.0,3.0,0.0,6.7,0.0,0.0,0.0,,,0.0,3.7,3.3,10.0,6610,7080.0,5.7,1.2,483,-
3608,ＴＳＩホールディングス,繊維製品,9.7,★☆☆☆☆,0.0,0.0,0.0,0.0,9.7,0.0,0.0,0.0,,,0.0,-1.8,1.9,1.8,1208,1255.0,3.3,0.9,286,MA上昇配列 / パーフェクトオーダー
6098,リクルートホールディングス,サービス業,9.7,★☆☆☆☆,0.0,0.0,2.0,0.0,10.7,0.0,0.0,-3.0,,,0.0,19.8,4.4,18.4,14616,16020.0,-0.9,0.6,63856,MA上昇配列 / パーフェクトオーダー / 伸びすぎ注意(25MA+18%)
4595,ミズホメディー,医薬品,9.7,★☆☆☆☆,0.0,0.0,1.0,0.0,8.7,0.0,0.0,0.0,,,0.0,-3.2,1.4,1.2,1648,1695.0,-0.7,1.1,150,MA上昇配列
4620,藤倉化成,化学,9.7,★☆☆☆☆,4.7,0.0,0.0,0.0,5.0,0.0,0.0,0.0,,SK hynix,-2.8,-3.1,4.3,5.0,886,969.0,4.4,0.7,135,SK hynix+10.5%連動(β0.18)
5233,太平洋セメント,ガラス・土石製品,9.7,★☆☆☆☆,0.0,0.0,0.0,0.0,9.7,0.0,0.0,0.0,,,0.0,2.6,3.3,2.5,3946,4227.0,1.3,0.6,2698,MA上昇配列 / パーフェクトオーダー
2282,日本ハム,食料品,9.7,★☆☆☆☆,0.0,0.0,2.0,0.0,7.7,0.0,0.0,0.0,,,0.0,-4.2,3.0,1.6,5939,6324.0,3.7,1.1,4196,MA上昇配列
2292,Ｓ　Ｆｏｏｄｓ,食料品,9.7,★☆☆☆☆,0.0,0.0,2.0,0.0,7.7,0.0,0.0,0.0,,,0.0,-2.1,1.8,2.0,2713,2812.0,3.4,1.2,544,MA上昇配列
2429,ワールドホールディングス,サービス業,9.7,★☆☆☆☆,0.0,0.0,1.0,0.0,8.7,0.0,0.0,0.0,,,0.0,0.9,2.2,3.0,2642,2763.0,4.2,0.6,171,MA上昇配列
3291,飯田グループホールディングス,不動産業,9.7,★☆☆☆☆,0.0,0.0,2.0,0.0,7.7,0.0,0.0,0.0,,,0.0,-3.1,2.2,1.3,2195,2297.5,0.2,0.6,1367,MA上昇配列
2267,ヤクルト本社,食料品,9.7,★☆☆☆☆,0.0,0.0,1.0,0.0,8.7,0.0,0.0,0.0,,,0.0,-4.8,3.0,0.6,2677,2845.5,-1.3,0.8,3945,MA上昇配列 / パーフェクトオーダー
9627,アインホールディングス,小売業,9.7,★☆☆☆☆,0.0,0.0,3.0,0.0,6.7,0.0,0.0,0.0,,,0.0,-0.6,3.2,3.3,5697,6084.0,1.9,0.4,1218,MA上昇配列
3371,ソフトクリエイトホールディングス,情報・通信業,9.7,★☆☆☆☆,0.0,0.0,2.0,0.0,7.7,0.0,0.0,0.0,,,0.0,-1.5,3.7,5.0,1942,2095.0,11.1,0.7,147,資金流入増 / MA上昇配列
6469,放電精密加工研究所,機械,9.7,★☆☆☆☆,0.0,0.0,3.0,0.0,6.7,0.0,0.0,0.0,,,0.0,22.4,4.7,14.6,2832,3125.0,12.4,1.2,265,MA上昇配列
141A,トライアルホールディングス,小売業,9.7,★☆☆☆☆,0.0,0.0,4.3,0.0,6.7,0.0,1.7,-3.0,,,0.0,22.2,4.6,18.7,3447,3795.0,16.2,1.2,2387,買い出来高優勢 / MA上昇配列 / 伸びすぎ注意(25MA+19%) / 開示[増配](6日前)
3636,三菱総合研究所,情報・通信業,9.7,★☆☆☆☆,0.0,0.0,1.0,0.0,8.7,0.0,0.0,0.0,,,0.0,0.0,2.6,2.9,4624,4875.0,3.0,0.6,293,MA上昇配列
7480,スズデン,卸売業,9.7,★☆☆☆☆,0.0,0.0,4.0,0.0,10.7,0.0,0.0,-5.0,,,0.0,35.5,5.4,20.5,3000,3360.0,0.9,0.5,312,資金流入増 / MA上昇配列 / パーフェクトオーダー / 過熱⚠25MA+21%
4046,大阪ソーダ,化学,9.7,★☆☆☆☆,0.0,0.0,2.0,0.0,7.7,0.0,0.0,0.0,,,0.0,12.7,3.7,10.9,1917,2069.0,-0.7,0.7,800,MA上昇配列
590A,ギフティグループ,情報・通信業,9.600000000000001,★☆☆☆☆,0.0,0.0,6.7,0.0,4.7,0.0,3.2,-5.0,,,0.0,26.9,4.1,22.2,1209,1318.0,19.2,2.6,303,出来高増2.6倍 / 買い出来高優勢 / 過熱⚠25MA+22% / 開示[子会社化](5日前) / 開示[自己株式取得](5日前)
7550,ゼンショーホールディングス,小売業,9.6,★☆☆☆☆,0.0,0.0,2.0,0.0,10.2,0.0,0.4,-3.0,,,0.0,20.6,3.4,16.1,10908,11700.0,0.9,1.0,6638,MA上昇配列 / 52週高値目前 / 伸びすぎ注意(25MA+16%) / 開示[業績予想の修正](12日前)
3853,アステリア,情報・通信業,9.6,★☆☆☆☆,0.0,0.0,2.0,0.0,5.0,0.0,2.6,0.0,,,0.0,3.0,4.8,4.7,1036,1147.0,3.0,1.0,427,開示[上方修正](5日前)
5020,ＥＮＥＯＳホールディングス,石油・石炭製品,9.6,★☆☆☆☆,0.0,0.0,2.0,0.0,7.2,0.0,0.4,0.0,,,0.0,0.9,2.9,1.7,1241,1318.5,4.0,0.8,9949,MA上昇配列 / パーフェクトオーダー / 開示[買収](12日前)
3696,セレス,情報・通信業,9.5,★☆☆☆☆,0.0,0.0,2.0,0.0,7.5,0.0,0.0,0.0,,,0.0,-1.8,4.1,3.4,2000,2180.0,6.9,1.0,404,MA上昇配列 / パーフェクトオーダー
7508,Ｇ‐７ホールディングス,小売業,9.5,★☆☆☆☆,0.0,0.0,2.0,0.0,7.5,0.0,0.0,0.0,,,0.0,-3.6,2.1,0.9,1374,1433.0,2.3,0.7,102,MA上昇配列 / パーフェクトオーダー
6464,ツバキ・ナカシマ,機械,9.5,★☆☆☆☆,7.3,0.0,1.0,0.0,1.2,0.0,0.0,0.0,,SK hynix,0.7,-11.2,6.1,-6.5,303,345.0,-13.7,0.9,220,SK hynix+10.5%連動(β0.20) 未反応+0.7%
6432,竹内製作所,機械,9.5,★☆☆☆☆,0.0,0.0,0.0,0.0,9.5,0.0,0.0,0.0,,,0.0,0.5,3.4,1.0,7069,7580.0,-1.4,0.4,1813,MA上昇配列 / パーフェクトオーダー
7575,日本ライフライン,卸売業,9.5,★☆☆☆☆,0.0,0.0,2.0,0.0,7.5,0.0,0.0,0.0,,,0.0,5.0,2.7,3.4,1424,1507.0,-1.6,1.4,326,MA上昇配列
6436,アマノ,機械,9.5,★☆☆☆☆,0.0,0.0,3.0,0.0,6.5,0.0,0.0,0.0,,,0.0,-2.6,2.1,0.6,3722,3884.0,0.1,0.6,1325,MA上昇配列
8125,ワキタ,卸売業,9.5,★☆☆☆☆,0.0,0.0,2.0,0.0,7.5,0.0,0.0,0.0,,,0.0,-2.1,1.6,1.6,1879,1940.0,0.7,0.7,318,MA上昇配列
7951,ヤマハ,その他製品,9.5,★☆☆☆☆,0.0,0.0,2.0,0.0,7.5,0.0,0.0,0.0,,,0.0,1.1,3.4,2.2,1216,1303.5,-7.3,0.7,3661,MA上昇配列 / パーフェクトオーダー
1909,日本ドライケミカル,機械,9.5,★☆☆☆☆,0.0,0.0,0.0,0.0,9.5,0.0,0.0,0.0,,,0.0,-4.9,0.2,0.1,3683,3700.0,-0.1,0.3,424,MA上昇配列 / パーフェクトオーダー
4848,フルキャストホールディングス,サービス業,9.4,★☆☆☆☆,0.0,0.0,1.0,0.0,8.0,0.0,0.4,0.0,,,0.0,6.3,2.6,7.1,1738,1832.0,3.2,1.0,210,MA上昇配列 / 開示[自己株式取得](12日前)
4635,東京インキ,化学,9.3,★☆☆☆☆,0.0,0.0,5.3,0.0,9.0,0.0,0.0,-5.0,,,0.0,46.9,4.6,28.3,1893,2083.0,0.3,0.9,119,買い出来高優勢 / 資金流入増 / MA上昇配列 / 52週高値目前 / RSI過熱(89)⚠ / 過熱⚠25MA+28%
9424,日本通信,情報・通信業,9.3,★☆☆☆☆,0.0,0.0,3.3,0.0,6.0,0.0,0.0,0.0,,,0.0,-1.6,3.8,3.2,108,117.0,11.4,2.7,227,出来高増2.7倍
3659,ネクソン,情報・通信業,9.3,★☆☆☆☆,0.0,0.0,6.3,0.0,8.0,0.0,0.0,-5.0,,,0.0,25.5,5.0,22.0,2701,3002.0,21.6,1.7,9169,買い出来高優勢 / MA上昇配列 / 過熱⚠25MA+22%
2768,双日,卸売業,9.3,★☆☆☆☆,0.0,0.0,3.3,0.0,6.0,0.0,0.0,0.0,,,0.0,6.3,2.8,4.8,5336,5655.0,-0.4,0.7,6893,買い出来高優勢
7309,シマノ,輸送用機器,9.2,★☆☆☆☆,0.0,0.0,3.0,0.0,6.2,0.0,0.0,0.0,,,0.0,-1.9,3.8,0.5,17916,19370.0,-4.4,0.4,7300,MA上昇配列 / パーフェクトオーダー
7740,タムロン,精密機器,9.2,★☆☆☆☆,0.0,0.0,1.0,0.0,8.2,0.0,0.0,0.0,,,0.0,17.4,4.3,7.4,1264,1381.0,-3.6,1.1,916,MA上昇配列 / パーフェクトオーダー
9278,ブックオフグループホールディングス,小売業,9.2,★☆☆☆☆,0.0,0.0,1.0,0.0,8.2,0.0,0.0,0.0,,,0.0,6.4,5.1,3.0,2486,2767.0,-5.6,0.8,482,MA上昇配列 / パーフェクトオーダー
3676,デジタルハーツホールディングス,情報・通信業,9.2,★☆☆☆☆,0.0,0.0,8.7,0.0,5.5,0.0,0.0,-5.0,,,0.0,40.5,2.9,28.5,997,1059.0,0.6,2.2,348,出来高増2.2倍 / 買い出来高優勢 / 資金流入増 / MA上昇配列 / RSI過熱(93)⚠ / 過熱⚠25MA+29%
9948,アークス,小売業,9.2,★☆☆☆☆,0.0,0.0,3.0,0.0,6.2,0.0,0.0,0.0,,,0.0,-3.3,2.2,1.5,3456,3615.0,1.7,1.4,282,MA上昇配列
8242,エイチ・ツー・オー　リテイリング,小売業,9.2,★☆☆☆☆,0.0,0.0,1.0,0.0,8.2,0.0,0.0,0.0,,,0.0,-4.1,3.0,1.1,2698,2869.0,1.7,0.7,1337,MA上昇配列 / パーフェクトオーダー
2503,キリンホールディングス,食料品,9.2,★☆☆☆☆,0.0,0.0,1.0,0.0,8.2,0.0,0.0,0.0,,,0.0,-2.0,3.5,1.6,2793,3000.0,0.4,0.7,12398,MA上昇配列 / パーフェクトオーダー
1663,Ｋ＆Ｏエナジーグループ,鉱業,9.2,★☆☆☆☆,0.0,0.0,3.3,0.0,4.7,0.0,1.2,0.0,,,0.0,2.9,2.2,5.1,1843,1930.0,6.2,0.7,431,買い出来高優勢 / 開示[業績予想の修正](7日前)
9746,ＴＫＣ,情報・通信業,9.1,★☆☆☆☆,0.0,0.0,1.0,0.0,7.7,0.0,0.4,0.0,,,0.0,4.0,2.7,4.8,3761,3980.0,0.4,0.7,405,MA上昇配列 / 開示[増配](12日前)
8219,青山商事,小売業,9.0,★☆☆☆☆,0.0,0.0,0.0,0.0,9.0,0.0,0.0,0.0,,,0.0,-0.2,2.2,2.9,723,756.0,1.1,0.6,470,MA上昇配列
8282,ケーズホールディングス,小売業,9.0,★☆☆☆☆,0.0,0.0,3.3,0.0,5.7,0.0,0.0,0.0,,,0.0,2.7,2.9,2.2,1805,1916.5,-1.4,0.8,1607,買い出来高優勢
4393,バンク・オブ・イノベーション,情報・通信業,9.0,★☆☆☆☆,0.0,0.0,3.0,0.0,6.0,0.0,0.0,0.0,,,0.0,4.0,4.3,5.9,4800,5250.0,5.4,1.3,189,-
7947,エフピコ,化学,9.0,★☆☆☆☆,0.0,0.0,1.0,0.0,8.0,0.0,0.0,0.0,,,0.0,3.0,2.3,5.1,2622,2747.0,1.1,0.9,583,MA上昇配列
9603,エイチ・アイ・エス,サービス業,9.0,★☆☆☆☆,0.0,0.0,1.0,0.0,8.0,0.0,0.0,0.0,,,0.0,6.9,3.4,5.9,1047,1122.0,1.0,0.7,615,MA上昇配列
9552,クオンツ総研ホールディングス,サービス業,9.0,★☆☆☆☆,0.0,0.0,1.0,0.0,8.0,0.0,0.0,0.0,,,0.0,8.9,4.6,4.8,886,975.0,0.7,1.3,260,MA上昇配列
9534,北海道瓦斯,電気・ガス業,9.0,★☆☆☆☆,0.0,0.0,0.0,0.0,9.0,0.0,0.0,0.0,,,0.0,-2.7,2.1,2.1,762,795.0,3.5,1.1,113,MA上昇配列
9513,電源開発,電気・ガス業,9.0,★☆☆☆☆,0.0,0.0,2.0,0.0,7.0,0.0,0.0,0.0,,,0.0,2.7,2.2,3.6,3771,3944.0,3.0,0.6,2551,-
6727,ワコム,電気機器,9.0,★☆☆☆☆,0.0,0.0,2.0,0.0,7.0,0.0,0.0,0.0,,,0.0,7.0,3.5,3.9,754,810.0,2.3,0.4,671,-
4973,日本高純度化学,化学,9.0,★☆☆☆☆,4.3,0.0,1.0,0.0,3.7,0.0,0.0,0.0,,SK hynix,-0.0,-3.4,3.0,3.3,4563,4855.0,3.6,0.3,686,SK hynix+10.5%連動(β0.17)
3668,コロプラ,情報・通信業,9.0,★☆☆☆☆,0.0,0.0,1.0,0.0,8.0,0.0,0.0,0.0,,,0.0,3.4,2.9,4.9,392,416.0,1.0,0.9,232,MA上昇配列
3452,ビーロット,不動産業,9.0,★☆☆☆☆,0.0,0.0,0.0,0.0,9.0,0.0,0.0,0.0,,,0.0,-1.8,1.9,0.4,1425,1481.0,-1.3,0.6,106,MA上昇配列
1820,西松建設,建設業,9.0,★☆☆☆☆,0.0,0.0,2.0,0.0,7.0,0.0,0.0,0.0,,,0.0,1.3,1.9,3.3,5321,5536.0,2.0,0.9,691,-
2471,エスプール,サービス業,9.0,★☆☆☆☆,0.0,0.0,1.0,0.0,8.0,0.0,0.0,0.0,,,0.0,2.5,2.9,6.3,276,293.0,3.2,0.8,132,MA上昇配列
4825,ウェザーニューズ,情報・通信業,9.0,★☆☆☆☆,0.0,0.0,2.0,0.0,7.0,0.0,0.0,0.0,,,0.0,-0.2,2.0,3.1,1961,2042.0,3.5,1.2,405,-
9211,エフ・コード,サービス業,9.0,★☆☆☆☆,0.0,0.0,3.0,0.0,6.0,0.0,0.0,0.0,,,0.0,1.0,5.0,3.2,1324,1470.0,-1.7,1.5,213,-
4480,メドレー,情報・通信業,9.0,★☆☆☆☆,0.0,0.0,7.3,0.0,6.7,0.0,0.0,-5.0,,,0.0,32.2,4.7,31.6,2576,2844.0,36.9,2.0,761,買い出来高優勢 / 資金流入増 / MA上昇配列 / 過熱⚠25MA+32%
6269,三井海洋開発,機械,9.0,★☆☆☆☆,0.0,0.0,3.0,0.0,6.0,0.0,0.0,0.0,,,0.0,7.7,4.8,5.6,9679,10715.0,11.0,1.4,6545,-
5032,ＡＮＹＣＯＬＯＲ,情報・通信業,9.0,★☆☆☆☆,0.0,0.0,1.0,0.0,8.0,0.0,0.0,0.0,,,0.0,10.5,3.2,6.8,2613,2794.0,0.8,1.1,1506,MA上昇配列
9766,コナミグループ,情報・通信業,9.0,★☆☆☆☆,0.0,0.0,0.0,0.0,9.0,0.0,0.0,0.0,,,0.0,8.9,4.7,7.2,19498,21540.0,-0.6,0.6,13675,MA上昇配列
6745,ホーチキ,電気機器,9.0,★☆☆☆☆,0.0,0.0,2.0,0.0,7.0,0.0,0.0,0.0,,,0.0,3.5,4.8,1.4,1808,2001.0,-3.3,0.6,369,-
1301,極洋,水産・農林業,9.0,★☆☆☆☆,0.0,0.0,0.0,0.0,9.0,0.0,0.0,0.0,,,0.0,0.0,1.9,3.8,4559,4740.0,3.2,0.9,235,MA上昇配列
2001,ニップン,食料品,9.0,★☆☆☆☆,0.0,0.0,2.0,0.0,7.0,0.0,0.0,0.0,,,0.0,-4.3,2.2,0.6,2724,2848.0,0.6,0.6,616,MA上昇配列 / パーフェクトオーダー
5021,コスモエネルギーホールディングス,石油・石炭製品,9.0,★☆☆☆☆,0.0,0.0,0.0,0.0,9.0,0.0,0.0,0.0,,,0.0,7.4,3.0,7.4,3997,4250.0,5.6,1.0,2380,MA上昇配列
5262,日本ヒューム,ガラス・土石製品,9.0,★☆☆☆☆,0.0,0.0,3.0,0.0,6.0,0.0,0.0,0.0,,,0.0,8.6,3.0,7.6,1074,1142.0,2.3,1.4,272,-
2220,亀田製菓,食料品,9.0,★☆☆☆☆,0.0,0.0,0.0,0.0,9.0,0.0,0.0,0.0,,,0.0,1.0,2.7,4.6,1258,1331.0,3.0,0.9,267,MA上昇配列
5243,ｎｏｔｅ,情報・通信業,9.0,★☆☆☆☆,0.0,0.0,3.3,0.0,8.7,0.0,0.0,-3.0,,,0.0,20.2,5.6,16.7,2284,2570.0,7.6,0.8,714,買い出来高優勢 / MA上昇配列 / パーフェクトオーダー / 伸びすぎ注意(25MA+17%)
1934,ユアテック,建設業,9.0,★☆☆☆☆,0.0,0.0,3.0,0.0,6.0,0.0,0.0,0.0,,,0.0,2.0,2.7,3.5,2347,2483.0,2.3,0.8,424,-
2158,ＦＲＯＮＴＥＯ,サービス業,9.0,★☆☆☆☆,0.0,0.0,1.0,0.0,8.0,0.0,0.0,0.0,,,0.0,-1.7,3.1,1.9,608,649.0,1.7,1.4,112,MA上昇配列
5592,くすりの窓口,情報・通信業,9.0,★☆☆☆☆,0.0,0.0,3.0,0.0,6.0,0.0,0.0,0.0,,,0.0,6.6,4.5,11.6,2486,2730.0,7.5,1.3,208,-
3907,シリコンスタジオ,情報・通信業,9.0,★☆☆☆☆,0.0,0.0,4.0,0.0,10.0,0.0,0.0,-5.0,,,0.0,128.5,16.2,30.5,1033,1528.0,-6.3,0.3,1850,資金流入増 / MA上昇配列 / パーフェクトオーダー / 過熱⚠25MA+30%
3903,ｇｕｍｉ,情報・通信業,9.0,★☆☆☆☆,0.0,0.0,3.0,0.0,6.0,0.0,0.0,0.0,,,0.0,6.2,3.5,5.1,246,264.0,1.5,1.4,108,-
3962,チェンジホールディングス,情報・通信業,9.0,★☆☆☆☆,0.0,0.0,1.0,0.0,8.0,0.0,0.0,0.0,,,0.0,-4.0,2.7,2.8,931,985.0,1.2,0.9,298,MA上昇配列
6289,技研製作所,機械,9.0,★☆☆☆☆,0.0,0.0,1.0,0.0,8.0,0.0,0.0,0.0,,,0.0,0.2,2.3,2.4,1850,1937.0,1.4,0.8,118,MA上昇配列
5242,アイズ,情報・通信業,9.0,★☆☆☆☆,0.0,0.0,4.0,0.0,5.0,0.0,0.0,0.0,,,0.0,56.7,9.8,4.2,1601,1991.0,-7.3,0.0,145,資金流入増 / MA上昇配列 / パーフェクトオーダー
6178,日本郵政,サービス業,9.0,★☆☆☆☆,0.0,0.0,2.0,0.0,7.0,0.0,0.0,0.0,,,0.0,-2.0,2.4,0.2,2286,2403.0,2.9,0.6,11958,MA上昇配列 / パーフェクトオーダー
3087,ドトール・日レスホールディングス,小売業,9.0,★☆☆☆☆,0.0,0.0,2.0,0.0,7.0,0.0,0.0,0.0,,,0.0,2.5,2.4,2.6,3033,3185.0,1.8,0.4,554,MA上昇配列 / パーフェクトオーダー
2975,スター・マイカ・ホールディングス,不動産業,9.0,★☆☆☆☆,0.0,0.0,2.0,0.0,7.0,0.0,0.0,0.0,,,0.0,-0.0,2.2,3.3,1521,1591.0,1.7,0.8,242,-
5842,インテグラル,証券、商品先物取引業,9.0,★☆☆☆☆,0.0,0.0,3.0,0.0,6.0,0.0,0.0,0.0,,,0.0,2.3,4.0,2.8,2744,2979.0,4.6,0.8,332,-
2982,ＡＤワークスグループ,不動産業,9.0,★☆☆☆☆,0.0,0.0,0.0,0.0,9.0,0.0,0.0,0.0,,,0.0,-1.7,2.7,1.8,398,420.0,3.7,0.9,137,MA上昇配列
5451,ヨドコウ,鉄鋼,8.9,★☆☆☆☆,0.0,0.0,1.0,0.0,7.5,0.0,0.4,0.0,,,0.0,2.0,2.1,2.8,1365,1426.0,-2.5,0.8,405,MA上昇配列 / 開示[資本業務提携](12日前)
4058,トヨクモ,情報・通信業,8.9,★☆☆☆☆,0.0,0.0,2.0,0.0,5.5,0.0,1.4,0.0,,,0.0,2.2,4.6,2.6,2132,2348.0,-3.7,0.8,108,MA上昇配列 / 開示[業績予想の修正](6日前)
5201,ＡＧＣ,ガラス・土石製品,8.9,★☆☆☆☆,7.4,0.0,0.0,0.0,1.5,0.0,0.0,0.0,,SK hynix,1.1,-8.5,3.2,-2.5,5559,5934.0,1.0,0.8,9904,SK hynix+10.5%連動(β0.16) 未反応+1.1%
6523,ＰＨＣホールディングス,電気機器,8.8,★☆☆☆☆,0.0,0.0,6.3,0.0,7.5,0.0,0.0,-5.0,,,0.0,26.9,4.2,23.5,1325,1446.0,10.1,1.5,822,買い出来高優勢 / 資金流入増 / MA上昇配列 / パーフェクトオーダー / RSI過熱(86)⚠ / 過熱⚠25MA+23%
6328,荏原実業,機械,8.7,★☆☆☆☆,0.0,0.0,4.0,0.0,4.7,0.0,0.0,0.0,,,0.0,-1.6,4.0,1.0,2210,2400.0,7.0,0.9,340,資金流入増
3837,アドソル日進,情報・通信業,8.7,★☆☆☆☆,0.0,0.0,2.0,0.0,6.7,0.0,0.0,0.0,,,0.0,0.6,3.4,3.1,1426,1529.0,11.0,0.8,163,MA上昇配列
1941,中電工,建設業,8.7,★☆☆☆☆,0.0,0.0,0.0,0.0,8.7,0.0,0.0,0.0,,,0.0,-3.4,2.4,1.1,4871,5120.0,2.4,1.0,455,MA上昇配列 / パーフェクトオーダー
4528,小野薬品工業,医薬品,8.7,★☆☆☆☆,0.0,0.0,0.0,0.0,8.7,0.0,0.0,0.0,,,0.0,-4.6,2.6,1.7,2313,2440.5,0.9,0.9,3940,MA上昇配列 / パーフェクトオーダー
9143,ＳＧホールディングス,陸運業,8.7,★☆☆☆☆,0.0,0.0,0.0,0.0,8.7,0.0,0.0,0.0,,,0.0,-5.3,2.8,1.6,1528,1617.5,0.7,0.8,2221,MA上昇配列 / パーフェクトオーダー
1407,ウエストホールディングス,建設業,8.7,★☆☆☆☆,0.0,0.0,0.0,0.0,8.7,0.0,0.0,0.0,,,0.0,-8.5,5.9,3.0,2418,2740.0,3.5,0.5,1400,MA上昇配列 / パーフェクトオーダー
5541,大平洋金属,鉄鋼,8.7,★☆☆☆☆,0.0,0.0,2.0,0.0,6.7,0.0,0.0,0.0,,,0.0,12.0,4.1,8.7,2444,2662.0,-1.5,0.7,671,MA上昇配列
4390,ＩＰＳ,情報・通信業,8.7,★☆☆☆☆,0.0,0.0,2.0,0.0,6.7,0.0,0.0,0.0,,,0.0,13.7,4.3,13.6,3736,4090.0,8.6,0.9,332,-
4272,日本化薬,化学,8.7,★☆☆☆☆,0.0,0.0,2.0,0.0,6.7,0.0,0.0,0.0,,,0.0,3.4,2.5,5.8,2015,2119.5,3.2,0.4,1307,-
7269,スズキ,輸送用機器,8.7,★☆☆☆☆,0.0,0.0,1.0,0.0,7.7,0.0,0.0,0.0,,,0.0,-3.7,3.7,2.4,1926,2081.0,2.6,0.6,16501,MA上昇配列
7018,内海造船,輸送用機器,8.7,★☆☆☆☆,0.0,0.0,5.0,0.0,6.7,0.0,0.0,-3.0,,,0.0,29.0,5.7,17.5,11329,12800.0,10.9,1.8,350,MA上昇配列 / 伸びすぎ注意(25MA+18%)
7733,オリンパス,精密機器,8.7,★☆☆☆☆,0.0,0.0,0.0,0.0,8.7,0.0,0.0,0.0,,,0.0,14.3,3.4,13.3,1971,2116.0,0.8,0.9,9156,MA上昇配列 / パーフェクトオーダー
5110,住友ゴム工業,ゴム製品,8.7,★☆☆☆☆,0.0,0.0,1.0,0.0,7.7,0.0,0.0,0.0,,,0.0,-1.2,3.7,1.3,2141,2311.0,-4.2,0.6,6168,MA上昇配列
2317,システナ,情報・通信業,8.7,★☆☆☆☆,0.0,0.0,2.0,0.0,6.7,0.0,0.0,0.0,,,0.0,-1.6,3.1,1.3,406,433.0,3.1,0.7,585,MA上昇配列
4552,ＪＣＲファーマ,医薬品,8.7,★☆☆☆☆,0.0,0.0,2.0,0.0,6.7,0.0,0.0,0.0,,,0.0,-2.4,4.0,3.6,483,525.0,3.3,1.9,317,MA上昇配列
4417,グローバルセキュリティエキスパート,情報・通信業,8.7,★☆☆☆☆,0.0,0.0,0.0,0.0,7.2,0.0,1.5,0.0,,,0.0,-2.7,6.8,0.9,3861,4470.0,-3.5,0.5,262,MA上昇配列 / パーフェクトオーダー / 開示[資本業務提携](7日前)
3563,ＦＯＯＤ　＆　ＬＩＦＥ　ＣＯＭＰＡＮＩＥＳ,小売業,8.6,★☆☆☆☆,0.0,0.0,0.0,0.0,8.2,0.0,0.4,0.0,,,0.0,2.2,4.6,3.7,5276,5806.0,-2.1,1.0,12855,MA上昇配列 / パーフェクトオーダー / 開示[業績予想の修正](12日前)
2146,ＵＴグループ,サービス業,8.6,★☆☆☆☆,0.0,0.0,3.0,0.0,7.7,0.0,0.9,-3.0,,,0.0,19.7,4.3,17.7,207,226.0,2.3,1.0,1671,MA上昇配列 / 伸びすぎ注意(25MA+18%) / 開示[自己株式の取得](12日前) / 開示[自己株式取得](12日前)
4911,資生堂,化学,8.5,★☆☆☆☆,0.0,0.0,1.0,0.0,7.5,0.0,0.0,0.0,,,0.0,7.1,4.8,5.3,3106,3436.0,-4.8,0.6,13932,MA上昇配列 / パーフェクトオーダー
4722,フューチャー,情報・通信業,8.5,★☆☆☆☆,0.0,0.0,2.0,0.0,6.5,0.0,0.0,0.0,,,0.0,8.0,0.6,5.2,2413,2445.0,0.0,0.5,4159,資金流入増 / MA上昇配列 / 52週高値目前 / RSI過熱(93)⚠
7888,三光合成,化学,8.5,★☆☆☆☆,0.0,0.0,2.0,0.0,6.5,0.0,0.0,0.0,,,0.0,-3.5,2.9,1.0,878,932.0,-1.7,0.5,166,MA上昇配列
3498,霞ヶ関キャピタル,不動産業,8.5,★☆☆☆☆,0.0,0.0,3.0,0.0,5.5,0.0,0.0,0.0,,,0.0,5.4,3.9,1.6,6946,7530.0,-4.6,1.3,3207,MA上昇配列
3661,エムアップホールディングス,情報・通信業,8.5,★☆☆☆☆,0.0,0.0,3.0,0.0,5.5,0.0,0.0,0.0,,,0.0,5.1,3.6,5.0,760,819.0,2.2,1.5,503,MA上昇配列
278A,Ｔｅｒｒａ　Ｄｒｏｎｅ,精密機器,8.5,★☆☆☆☆,0.0,0.0,1.0,0.0,7.5,0.0,0.0,0.0,,,0.0,-8.5,9.4,6.2,10803,13310.0,9.7,0.7,17104,MA上昇配列 / パーフェクトオーダー
4052,フィーチャ,情報・通信業,8.3,★☆☆☆☆,0.0,0.0,5.3,0.0,8.0,0.0,0.0,-5.0,,,0.0,126.7,18.0,38.6,348,545.0,-13.9,0.4,443,買い出来高優勢 / 資金流入増 / MA上昇配列 / 過熱⚠25MA+39%
3103,ユニチカ,繊維製品,8.3,★☆☆☆☆,0.0,0.0,7.3,0.0,6.0,0.0,0.0,-5.0,,,0.0,72.8,11.2,48.1,1175,1513.0,27.2,1.8,17907,買い出来高優勢 / 資金流入増 / 過熱⚠25MA+48%
4078,堺化学工業,化学,8.3,★☆☆☆☆,5.6,0.0,0.0,0.0,2.7,0.0,0.0,0.0,,SK hynix,-0.1,-1.0,5.4,-1.1,3561,3990.0,-0.7,0.5,1392,SK hynix+10.5%連動(β0.21)
9782,ディーエムエス,サービス業,8.2,★☆☆☆☆,0.0,0.0,1.0,0.0,7.2,0.0,0.0,0.0,,,0.0,-4.3,1.7,0.2,3335,3455.0,1.2,0.7,108,MA上昇配列 / パーフェクトオーダー
2354,ＹＥ　ＤＩＧＩＴＡＬ,情報・通信業,8.2,★☆☆☆☆,0.0,0.0,2.0,0.0,6.2,0.0,0.0,0.0,,,0.0,14.2,10.4,1.8,1000,1264.0,-6.0,0.3,3549,資金流入増 / MA上昇配列 / パーフェクトオーダー
280A,ＴＭＨ,卸売業,8.2,★☆☆☆☆,4.5,0.0,0.0,0.0,3.7,0.0,0.0,0.0,,SK hynix,-13.2,7.2,7.3,9.1,1059,1239.0,19.1,1.0,118,SK hynix+10.5%連動(β0.17)
4502,武田薬品工業,医薬品,8.2,★☆☆☆☆,0.0,0.0,0.0,0.0,8.2,0.0,0.0,0.0,,,0.0,-1.1,2.6,3.2,5410,5702.0,2.1,1.1,23217,MA上昇配列 / パーフェクトオーダー
3405,クラレ,化学,8.2,★☆☆☆☆,0.0,0.0,1.0,0.0,7.2,0.0,0.0,0.0,,,0.0,-1.1,3.5,0.5,1717,1846.5,-3.8,0.9,4349,MA上昇配列 / パーフェクトオーダー
9869,加藤産業,卸売業,8.2,★☆☆☆☆,0.0,0.0,2.0,0.0,6.2,0.0,0.0,0.0,,,0.0,-0.3,2.7,2.7,6154,6500.0,-1.7,0.7,255,MA上昇配列
2809,キユーピー,食料品,8.2,★☆☆☆☆,0.0,0.0,0.0,0.0,8.2,0.0,0.0,0.0,,,0.0,-5.1,2.6,1.0,4388,4632.0,0.9,0.5,1651,MA上昇配列 / パーフェクトオーダー
4373,シンプレクス・ホールディングス,情報・通信業,8.2,★☆☆☆☆,0.0,0.0,0.0,0.0,8.2,0.0,0.0,0.0,,,0.0,-0.4,4.2,2.4,1031,1125.0,1.1,0.6,1292,MA上昇配列 / パーフェクトオーダー
6058,ベクトル,サービス業,8.2,★☆☆☆☆,0.0,0.0,0.0,0.0,8.2,0.0,0.0,0.0,,,0.0,3.4,3.3,0.9,1694,1812.0,1.1,0.6,667,MA上昇配列 / パーフェクトオーダー
7949,小松ウオール工業,その他製品,8.2,★☆☆☆☆,0.0,0.0,2.0,0.0,6.2,0.0,0.0,0.0,,,0.0,2.2,1.7,2.6,2683,2776.0,0.7,0.7,165,MA上昇配列
7803,ブシロード,その他製品,8.2,★☆☆☆☆,0.0,0.0,2.0,0.0,6.2,0.0,0.0,0.0,,,0.0,-6.4,5.1,5.2,368,410.0,5.9,0.7,653,MA上昇配列 / パーフェクトオーダー
9616,共立メンテナンス,サービス業,8.2,★☆☆☆☆,0.0,0.0,1.0,0.0,7.2,0.0,0.0,0.0,,,0.0,2.9,3.5,1.0,3042,3274.0,-3.6,0.7,4427,MA上昇配列 / パーフェクトオーダー
9605,東映,情報・通信業,8.2,★☆☆☆☆,0.0,0.0,0.0,0.0,8.2,0.0,0.0,0.0,,,0.0,-3.5,3.6,0.4,5516,5940.0,-3.1,0.5,619,MA上昇配列 / パーフェクトオーダー
8016,オンワードホールディングス,繊維製品,8.2,★☆☆☆☆,0.0,0.0,0.0,0.0,8.2,0.0,0.0,0.0,,,0.0,-2.1,1.5,1.6,744,766.0,-0.1,0.8,516,MA上昇配列 / パーフェクトオーダー
3475,グッドコムアセット,不動産業,8.2,★☆☆☆☆,0.0,0.0,1.0,0.0,7.2,0.0,0.0,0.0,,,0.0,-0.7,1.9,0.8,1475,1533.0,-0.1,1.5,122,MA上昇配列 / パーフェクトオーダー
6744,能美防災,電気機器,8.2,★☆☆☆☆,0.0,0.0,1.0,0.0,7.2,0.0,0.0,0.0,,,0.0,0.1,2.8,0.2,4166,4410.0,-1.0,1.0,406,MA上昇配列 / パーフェクトオーダー
6960,フクダ電子,電気機器,8.2,★☆☆☆☆,0.0,0.0,0.0,0.0,8.2,0.0,0.0,0.0,,,0.0,-0.4,3.1,1.4,11066,11790.0,-1.8,1.1,585,MA上昇配列 / パーフェクトオーダー
7611,ハイデイ日高,小売業,8.2,★☆☆☆☆,0.0,0.0,4.0,0.0,4.2,0.0,0.0,0.0,,,0.0,-2.2,2.2,2.5,2784,2911.0,1.5,1.3,719,MA上昇配列
2433,博報堂ＤＹホールディングス,サービス業,8.2,★☆☆☆☆,0.0,0.0,2.0,0.0,6.2,0.0,0.0,0.0,,,0.0,-4.7,4.4,0.9,1164,1275.0,2.3,1.2,1231,MA上昇配列 / パーフェクトオーダー
2154,オープンアップグループ,サービス業,8.2,★☆☆☆☆,0.0,0.0,0.0,0.0,8.2,0.0,0.0,0.0,,,0.0,-3.5,2.6,1.4,1920,2027.0,0.3,0.8,367,MA上昇配列 / パーフェクトオーダー
4043,トクヤマ,化学,8.100000000000001,★☆☆☆☆,5.4,0.0,0.0,0.0,2.7,0.0,0.0,0.0,,SK hynix,-1.7,-12.2,4.5,-1.9,3813,4195.0,6.1,1.0,3729,SK hynix+10.5%連動(β0.21)
8255,アクシアル　リテイリング,小売業,8.1,★☆☆☆☆,0.0,0.0,0.0,0.0,6.2,0.0,1.9,0.0,,,0.0,-3.3,2.8,1.0,1156,1224.0,1.2,0.9,278,MA上昇配列 / 開示[自己株式の取得](5日前)
4826,ＣＩＪ,情報・通信業,8.0,★☆☆☆☆,0.0,0.0,0.0,0.0,8.0,0.0,0.0,0.0,,,0.0,2.0,2.6,3.9,507,535.0,2.1,0.8,134,MA上昇配列
2986,ＬＡホールディングス,不動産業,8.0,★☆☆☆☆,0.0,0.0,2.0,0.0,6.0,0.0,0.0,0.0,,,0.0,-0.0,2.8,2.3,2644,2802.0,3.1,0.7,548,-
9227,マイクロ波化学,サービス業,8.0,★☆☆☆☆,0.0,0.0,2.0,0.0,6.0,0.0,0.0,0.0,,,0.0,19.7,6.3,11.0,839,960.0,7.6,0.7,411,-
7004,カナデビア,機械,8.0,★☆☆☆☆,0.0,0.0,2.0,0.0,6.0,0.0,0.0,0.0,,,0.0,2.6,3.1,4.1,1185,1264.0,0.8,1.1,1096,-
8995,誠建設工業,不動産業,8.0,★☆☆☆☆,0.0,0.0,5.3,0.0,7.7,0.0,0.0,-5.0,,,0.0,192.3,9.9,119.1,1908,2380.0,109.5,0.1,270,買い出来高優勢 / 資金流入増 / MA上昇配列 / 過熱⚠25MA+119%
6425,ユニバーサルエンターテインメント,機械,8.0,★☆☆☆☆,0.0,0.0,2.0,0.0,6.0,0.0,0.0,0.0,,,0.0,7.3,4.8,5.8,658,728.0,-5.6,0.6,209,-
6369,トーヨーカネツ,機械,8.0,★☆☆☆☆,0.0,0.0,0.0,0.0,8.0,0.0,0.0,0.0,,,0.0,0.1,2.5,2.0,2371,2496.0,3.1,0.6,251,MA上昇配列
7564,ワークマン,小売業,8.0,★☆☆☆☆,0.0,0.0,2.0,0.0,6.0,0.0,0.0,0.0,,,0.0,6.2,3.1,5.7,5903,6290.0,-0.9,0.8,2647,-
4996,クミアイ化学工業,化学,8.0,★☆☆☆☆,0.0,0.0,3.3,0.0,4.7,0.0,0.0,0.0,,,0.0,1.9,1.4,4.3,752,774.0,2.1,1.2,253,買い出来高優勢
7513,コジマ,小売業,8.0,★☆☆☆☆,0.0,0.0,1.0,0.0,7.0,0.0,0.0,0.0,,,0.0,-1.5,2.6,0.9,1298,1369.0,2.9,0.9,479,MA上昇配列 / パーフェクトオーダー
5885,ジーデップ・アドバンス,卸売業,8.0,★☆☆☆☆,0.0,0.0,2.0,0.0,6.0,0.0,0.0,0.0,,,0.0,13.6,4.1,8.3,2834,3085.0,3.7,0.8,133,-
1662,石油資源開発,鉱業,8.0,★☆☆☆☆,0.0,0.0,2.0,0.0,6.0,0.0,0.0,0.0,,,0.0,7.4,3.1,7.2,1758,1873.0,6.7,1.0,2548,-
5857,ＡＲＥホールディングス,非鉄金属,8.0,★☆☆☆☆,0.0,0.0,2.0,0.0,6.0,0.0,0.0,0.0,,,0.0,16.3,4.2,10.2,3268,3565.0,-1.7,1.1,2535,-
3444,菊池製作所,金属製品,8.0,★☆☆☆☆,0.0,0.0,2.0,0.0,6.0,0.0,0.0,0.0,,,0.0,6.3,4.5,7.4,954,1048.0,6.0,1.6,105,-
6378,木村化工機,機械,8.0,★☆☆☆☆,0.0,0.0,0.0,0.0,8.0,0.0,0.0,0.0,,,0.0,4.3,3.4,4.4,1204,1293.0,0.6,0.7,161,MA上昇配列
2334,イオレ,サービス業,8.0,★☆☆☆☆,0.0,0.0,2.0,0.0,6.0,0.0,0.0,0.0,,,0.0,3.1,5.5,6.3,486,547.0,5.2,1.2,515,-
2325,ＮＪＳ,サービス業,8.0,★☆☆☆☆,0.0,0.0,2.0,0.0,6.0,0.0,0.0,0.0,,,0.0,3.8,2.9,4.5,4409,4680.0,4.2,0.7,153,-
1930,北陸電気工事,建設業,8.0,★☆☆☆☆,0.0,0.0,2.0,0.0,6.0,0.0,0.0,0.0,,,0.0,-6.6,2.5,0.3,1469,1545.0,4.3,0.5,211,資金流入増
5202,日本板硝子,ガラス・土石製品,8.0,★☆☆☆☆,0.0,0.0,0.0,0.0,8.0,0.0,0.0,0.0,,,0.0,-4.6,0.3,0.3,481,484.0,0.4,0.2,452,MA上昇配列
1813,不動テトラ,建設業,8.0,★☆☆☆☆,0.0,0.0,2.0,0.0,6.0,0.0,0.0,0.0,,,0.0,3.0,2.8,4.1,2687,2844.0,3.7,0.5,253,-
4521,科研製薬,医薬品,8.0,★☆☆☆☆,0.0,0.0,1.0,0.0,7.0,0.0,0.0,0.0,,,0.0,-0.8,2.0,3.4,3865,4030.0,0.8,0.6,612,-
3491,ＧＡ　ｔｅｃｈｎｏｌｏｇｉｅｓ,不動産業,8.0,★☆☆☆☆,0.0,0.0,2.0,0.0,6.0,0.0,0.0,0.0,,,0.0,7.0,4.3,5.5,1370,1500.0,0.1,0.9,250,-
367A,プリモグローバルホールディングス,小売業,8.0,★☆☆☆☆,0.0,0.0,0.0,0.0,8.0,0.0,0.0,0.0,,,0.0,-1.1,2.2,1.6,2683,2809.0,-0.5,0.5,157,-
7276,小糸製作所,電気機器,8.0,★☆☆☆☆,0.0,0.0,1.0,0.0,7.0,0.0,0.0,0.0,,,0.0,4.6,2.8,3.9,2563,2714.0,0.5,0.5,2783,-
4088,エア・ウォーター,化学,8.0,★☆☆☆☆,0.0,0.0,2.0,0.0,6.0,0.0,0.0,0.0,,,0.0,-3.4,3.0,0.4,2418,2571.0,0.7,0.6,2576,MA上昇配列 / パーフェクトオーダー
9031,西日本鉄道,陸運業,8.0,★☆☆☆☆,0.0,0.0,1.0,0.0,7.0,0.0,0.0,0.0,,,0.0,-6.0,2.5,0.4,2929,3086.0,2.9,1.0,632,MA上昇配列 / パーフェクトオーダー
2742,ハローズ,小売業,8.0,★☆☆☆☆,0.0,0.0,2.0,0.0,6.0,0.0,0.0,0.0,,,0.0,0.4,2.5,4.0,3757,3955.0,3.9,1.3,126,-
5288,アジアパイルホールディングス,ガラス・土石製品,8.0,★☆☆☆☆,0.0,0.0,1.0,0.0,7.0,0.0,0.0,0.0,,,0.0,-0.1,2.5,4.1,1499,1578.0,3.2,1.3,284,-
3028,アルペン,小売業,8.0,★☆☆☆☆,0.0,0.0,0.0,0.0,8.0,0.0,0.0,0.0,,,0.0,2.1,2.4,5.1,2241,2353.0,-0.2,1.1,287,MA上昇配列
6946,日本アビオニクス,電気機器,8.0,★☆☆☆☆,0.0,0.0,2.0,0.0,6.0,0.0,0.0,0.0,,,0.0,21.7,6.3,9.0,5095,5830.0,-0.3,0.4,1260,-
8303,ＳＢＩ新生銀行,銀行業,8.0,★☆☆☆☆,0.0,0.0,1.0,0.0,7.0,0.0,0.0,0.0,,,0.0,10.3,3.1,9.0,1527,1626.5,5.3,0.6,6387,MA上昇配列
3148,クリエイトＳＤホールディングス,小売業,8.0,★☆☆☆☆,0.0,0.0,1.0,0.0,7.0,0.0,0.0,0.0,,,0.0,-4.1,2.0,0.9,3237,3375.0,2.4,0.9,344,MA上昇配列 / パーフェクトオーダー
6817,スミダコーポレーション,電気機器,7.9,★☆☆☆☆,5.4,0.0,1.0,0.0,1.5,0.0,0.0,0.0,,SK hynix,-0.4,-7.2,3.8,-0.7,1166,1263.0,4.6,0.6,406,SK hynix+10.5%連動(β0.20)
3810,サイバーステップホールディングス,情報・通信業,7.800000000000001,★☆☆☆☆,0.0,0.0,8.0,0.0,3.5,0.0,1.3,-5.0,,,0.0,40.3,6.7,34.6,208,240.0,29.7,6.7,295,出来高急増6.7倍 / 買い出来高優勢 / RSI過熱(91)⚠ / 過熱⚠25MA+35% / 開示[AI](2日前)
1332,ニッスイ,水産・農林業,7.7,★☆☆☆☆,0.0,0.0,2.0,0.0,5.7,0.0,0.0,0.0,,,0.0,-3.3,2.7,2.2,1225,1296.0,3.6,0.7,2144,-
1898,世紀東急工業,建設業,7.7,★☆☆☆☆,0.0,0.0,0.0,0.0,7.7,0.0,0.0,0.0,,,0.0,-2.5,1.5,1.2,1447,1491.0,2.8,0.6,274,MA上昇配列
7994,オカムラ,その他製品,7.7,★☆☆☆☆,0.0,0.0,0.0,0.0,7.7,0.0,0.0,0.0,,,0.0,-2.0,1.7,1.3,2261,2342.0,1.8,0.5,726,MA上昇配列
9716,乃村工藝社,サービス業,7.7,★☆☆☆☆,0.0,0.0,0.0,0.0,7.7,0.0,0.0,0.0,,,0.0,-2.0,1.9,1.9,1163,1209.0,2.5,0.7,358,MA上昇配列
3193,エターナルホスピタリティグループ,小売業,7.7,★☆☆☆☆,0.0,0.0,1.0,0.0,6.7,0.0,0.0,0.0,,,0.0,-4.6,3.4,0.5,1339,1438.0,-2.0,0.5,285,MA上昇配列
6535,アイモバイル,サービス業,7.7,★☆☆☆☆,0.0,0.0,1.0,0.0,6.7,0.0,0.0,0.0,,,0.0,-2.9,2.3,2.9,489,512.0,5.8,0.8,308,MA上昇配列
4681,リゾートトラスト,サービス業,7.7,★☆☆☆☆,0.0,0.0,0.0,0.0,7.7,0.0,0.0,0.0,,,0.0,-0.4,3.2,2.6,1700,1814.0,3.6,0.7,1091,MA上昇配列
9504,中国電力,電気・ガス業,7.7,★☆☆☆☆,0.0,0.0,1.0,0.0,6.7,0.0,0.0,0.0,,,0.0,-3.3,2.1,2.1,909,948.7000122070312,4.2,1.1,1672,MA上昇配列
9672,東京都競馬,サービス業,7.7,★☆☆☆☆,0.0,0.0,0.0,0.0,7.7,0.0,0.0,0.0,,,0.0,-1.3,1.8,1.4,4859,5040.0,0.6,0.5,442,MA上昇配列
4985,アース製薬,化学,7.7,★☆☆☆☆,0.0,0.0,1.0,0.0,6.7,0.0,0.0,0.0,,,0.0,-3.3,2.1,1.4,4584,4785.0,-0.6,0.5,369,MA上昇配列
7483,ドウシシャ,卸売業,7.7,★☆☆☆☆,0.0,0.0,0.0,0.0,7.7,0.0,0.0,0.0,,,0.0,-2.4,2.1,0.9,2882,3010.0,-0.8,0.8,217,MA上昇配列
2229,カルビー,食料品,7.7,★☆☆☆☆,0.0,0.0,0.0,0.0,7.7,0.0,0.0,0.0,,,0.0,-4.9,2.8,0.8,2842,3011.0,-0.3,0.7,1150,MA上昇配列
7512,イオン北海道,小売業,7.7,★☆☆☆☆,0.0,0.0,1.0,0.0,6.7,0.0,0.0,0.0,,,0.0,-5.2,1.7,1.3,826,856.0,2.5,0.9,150,MA上昇配列
4666,パーク２４,不動産業,7.7,★☆☆☆☆,0.0,0.0,0.0,0.0,7.7,0.0,0.0,0.0,,,0.0,-5.5,2.3,0.5,1905,1998.0,0.8,0.7,1536,MA上昇配列
8061,西華産業,卸売業,7.7,★☆☆☆☆,0.0,0.0,2.0,0.0,5.7,0.0,0.0,0.0,,,0.0,16.0,5.1,10.2,2758,3070.0,-3.6,0.9,614,-
2908,フジッコ,食料品,7.7,★☆☆☆☆,0.0,0.0,0.0,0.0,7.7,0.0,0.0,0.0,,,0.0,-2.3,1.9,2.4,1545,1605.0,2.2,0.7,105,MA上昇配列
1938,日本リーテック,建設業,7.7,★☆☆☆☆,0.0,0.0,4.0,0.0,3.7,0.0,0.0,0.0,,,0.0,-4.4,3.2,0.1,2321,2479.0,2.3,1.3,291,-
7868,広済堂ホールディングス,その他製品,7.7,★☆☆☆☆,0.0,0.0,3.0,0.0,4.7,0.0,0.0,0.0,,,0.0,8.7,3.0,9.3,546,581.0,10.9,1.3,270,-
1852,淺沼組,建設業,7.7,★☆☆☆☆,0.0,0.0,1.0,0.0,6.7,0.0,0.0,0.0,,,0.0,3.3,1.9,5.2,890,926.0,1.0,1.0,495,MA上昇配列
3662,エイチームホールディングス,情報・通信業,7.7,★☆☆☆☆,0.0,0.0,2.0,0.0,5.7,0.0,0.0,0.0,,,0.0,-8.4,2.6,1.2,924,974.0,7.0,0.5,187,資金流入増 / MA上昇配列
4641,アルプス技研,サービス業,7.7,★☆☆☆☆,0.0,0.0,0.0,0.0,7.7,0.0,0.0,0.0,,,0.0,-0.7,2.5,3.0,803,844.0,6.0,0.8,111,MA上昇配列
4392,ＦＩＧ,情報・通信業,7.699999999999999,★☆☆☆☆,0.0,0.0,8.0,0.0,4.7,0.0,0.0,-5.0,,,0.0,19.4,7.5,33.9,1128,1325.0,45.1,8.9,3831,出来高急増8.9倍 / 買い出来高優勢 / 過熱⚠25MA+34%
4418,ＪＤＳＣ,情報・通信業,7.699999999999999,★☆☆☆☆,0.0,0.0,4.0,0.0,6.7,0.0,0.0,-3.0,,,0.0,4.2,5.1,16.4,871,970.0,23.6,1.8,216,MA上昇配列 / 伸びすぎ注意(25MA+16%)
4612,日本ペイントホールディングス,化学,7.6000000000000005,★☆☆☆☆,0.0,0.0,0.0,0.0,7.2,0.0,0.4,0.0,,,0.0,6.5,3.2,3.7,1148,1225.0,-1.1,0.8,5509,MA上昇配列 / パーフェクトオーダー / 開示[業績予想の修正](12日前)
5408,中山製鋼所,鉄鋼,7.6000000000000005,★☆☆☆☆,0.0,0.0,1.0,0.0,6.2,0.0,0.4,0.0,,,0.0,-0.6,2.6,0.6,612,645.0,2.9,0.8,186,MA上昇配列 / パーフェクトオーダー / 開示[資本業務提携](12日前)
8237,松屋,小売業,7.5,★☆☆☆☆,0.0,0.0,2.0,0.0,5.5,0.0,0.0,0.0,,,0.0,2.1,5.9,4.2,1752,1985.0,-10.8,0.7,615,MA上昇配列
4588,オンコリスバイオファーマ,医薬品,7.5,★☆☆☆☆,0.0,0.0,3.0,0.0,9.5,0.0,0.0,-5.0,,,0.0,46.2,6.8,30.5,3074,3560.0,25.0,1.3,2787,MA上昇配列 / パーフェクトオーダー / RSI過熱(87)⚠ / 過熱⚠25MA+30%
3905,データセクション,情報・通信業,7.5,★☆☆☆☆,0.0,0.0,4.7,0.0,1.5,0.0,1.3,0.0,,,0.0,-38.2,12.3,-23.4,1276,1693.0,-4.8,7.5,8043,出来高急増7.5倍 / 開示[受注](5日前)
4478,フリー,情報・通信業,7.5,★☆☆☆☆,0.0,0.0,5.3,0.0,5.5,0.0,1.7,-5.0,,,0.0,36.9,5.6,29.1,3035,3420.0,25.6,1.2,1555,買い出来高優勢 / MA上昇配列 / RSI過熱(86)⚠ / 過熱⚠25MA+29% / 開示[自己株式取得](6日前)
9697,カプコン,情報・通信業,7.5,★☆☆☆☆,0.0,0.0,1.0,0.0,6.5,0.0,0.0,0.0,,,0.0,15.1,4.9,9.2,3699,4105.0,-2.8,0.5,14707,MA上昇配列
3496,アズーム,不動産業,7.5,★☆☆☆☆,0.0,0.0,2.0,0.0,5.5,0.0,0.0,0.0,,,0.0,0.3,2.8,3.3,4467,4730.0,3.8,1.1,277,MA上昇配列
4202,ダイセル,化学,7.5,★☆☆☆☆,0.0,0.0,0.0,0.0,7.5,0.0,0.0,0.0,,,0.0,-3.4,2.5,1.2,1407,1482.0,-0.4,0.6,2060,MA上昇配列
4768,大塚商会,情報・通信業,7.5,★☆☆☆☆,0.0,0.0,0.0,0.0,7.5,0.0,0.0,0.0,,,0.0,8.4,3.7,5.8,3170,3425.0,-0.5,0.5,5704,MA上昇配列
5946,長府製作所,金属製品,7.4,★☆☆☆☆,0.0,0.0,1.0,0.0,6.0,0.0,0.4,0.0,,,0.0,-1.5,2.0,0.7,1985,2069.0,2.6,0.6,154,MA上昇配列 / パーフェクトオーダー / 開示[業績予想の修正](12日前)
6200,インソース,サービス業,7.4,★☆☆☆☆,0.0,0.0,4.0,0.0,3.0,0.0,0.4,0.0,,,0.0,9.7,2.7,2.1,680,719.0,1.1,0.5,703,資金流入増 / MA上昇配列 / 開示[自己株式の取得](12日前)
4499,Ｓｐｅｅｅ,情報・通信業,7.300000000000001,★☆☆☆☆,0.0,0.0,1.0,0.0,4.7,0.0,1.6,0.0,,,0.0,18.9,4.4,13.3,2309,2532.0,10.2,1.3,185,開示[業績予想の修正](5日前)
4406,新日本理化,化学,7.200000000000001,★☆☆☆☆,0.0,0.0,4.3,0.0,5.5,0.0,0.4,-3.0,,,0.0,19.8,4.1,16.7,229,250.0,0.8,0.7,104,買い出来高優勢 / MA上昇配列 / RSI過熱(87)⚠ / 伸びすぎ注意(25MA+17%) / 開示[業績予想の修正](12日前)
4481,ベース,情報・通信業,7.2,★☆☆☆☆,0.0,0.0,3.0,0.0,4.2,0.0,0.0,0.0,,,0.0,-2.3,2.4,0.9,3040,3195.0,0.9,1.3,296,MA上昇配列
6238,フリュー,機械,7.2,★☆☆☆☆,0.0,0.0,0.0,0.0,7.2,0.0,0.0,0.0,,,0.0,-0.6,2.9,1.6,1320,1401.0,1.7,1.2,143,MA上昇配列 / パーフェクトオーダー
2590,ダイドーグループホールディングス,食料品,7.2,★☆☆☆☆,0.0,0.0,0.0,0.0,7.2,0.0,0.0,0.0,,,0.0,-3.5,2.7,0.5,2791,2952.0,0.9,0.7,280,MA上昇配列 / パーフェクトオーダー
1766,東建コーポレーション,建設業,7.2,★☆☆☆☆,0.0,0.0,2.0,0.0,5.2,0.0,0.0,0.0,,,0.0,-2.1,2.0,1.5,12784,13320.0,0.4,0.6,320,MA上昇配列
3197,すかいらーくホールディングス,小売業,7.2,★☆☆☆☆,0.0,0.0,2.0,0.0,5.2,0.0,0.0,0.0,,,0.0,-1.5,3.3,1.5,2948,3158.0,-2.7,0.8,4262,MA上昇配列
8273,イズミ,小売業,7.2,★☆☆☆☆,0.0,0.0,2.0,0.0,5.2,0.0,0.0,0.0,,,0.0,-4.1,2.1,1.5,974,1017.0,1.7,1.0,438,MA上昇配列
6465,ホシザキ,機械,7.2,★☆☆☆☆,0.0,0.0,0.0,0.0,7.2,0.0,0.0,0.0,,,0.0,0.0,2.6,0.9,5344,5643.0,-1.5,0.6,2554,MA上昇配列 / パーフェクトオーダー
4413,ボードルア,情報・通信業,7.2,★☆☆☆☆,0.0,0.0,0.0,0.0,7.2,0.0,0.0,0.0,,,0.0,-11.0,4.6,0.7,2672,2942.0,5.5,0.7,642,MA上昇配列 / パーフェクトオーダー
7421,カッパ・クリエイト,小売業,7.2,★☆☆☆☆,0.0,0.0,2.0,0.0,5.2,0.0,0.0,0.0,,,0.0,-3.1,2.6,0.7,1498,1581.0,-0.3,0.5,172,MA上昇配列
7867,タカラトミー,その他製品,7.2,★☆☆☆☆,0.0,0.0,1.0,0.0,6.2,0.0,0.0,0.0,,,0.0,-3.6,3.8,0.9,3312,3588.0,-2.3,0.5,2594,MA上昇配列 / パーフェクトオーダー
6167,冨士ダイス,機械,7.1000000000000005,★☆☆☆☆,0.0,0.0,2.0,0.0,4.7,0.0,0.4,0.0,,,0.0,9.0,3.5,9.3,1005,1082.0,-2.3,0.7,112,開示[業績予想の修正](12日前)
6864,エヌエフホールディングス,電気機器,7.0,★☆☆☆☆,0.0,0.0,2.0,0.0,5.0,0.0,0.0,0.0,,,0.0,2.8,4.5,3.5,1459,1603.0,0.6,0.7,102,-
5013,ユシロ,石油・石炭製品,7.0,★☆☆☆☆,0.0,0.0,0.0,0.0,7.0,0.0,0.0,0.0,,,0.0,-0.0,3.7,2.4,2814,3040.0,2.2,0.6,136,-
8079,正栄食品工業,卸売業,7.0,★☆☆☆☆,0.0,0.0,1.0,0.0,6.0,0.0,0.0,0.0,,,0.0,-2.8,1.6,1.5,4315,4455.0,1.2,0.8,168,MA上昇配列 / パーフェクトオーダー
6651,日東工業,電気機器,7.0,★☆☆☆☆,0.0,0.0,0.0,0.0,7.0,0.0,0.0,0.0,,,0.0,-0.5,2.9,1.3,4226,4490.0,0.4,0.6,384,-
7779,ＣＹＢＥＲＤＹＮＥ,精密機器,7.0,★☆☆☆☆,0.0,0.0,1.0,0.0,6.0,0.0,0.0,0.0,,,0.0,3.9,3.8,5.3,223,241.0,1.3,0.7,295,-
7794,イーディーピー,その他製品,7.0,★☆☆☆☆,0.0,0.0,2.0,0.0,5.0,0.0,0.0,0.0,,,0.0,0.5,4.7,4.7,874,965.0,5.9,0.9,321,-
5659,日本精線,鉄鋼,7.0,★☆☆☆☆,0.0,0.0,1.0,0.0,6.0,0.0,0.0,0.0,,,0.0,-5.4,2.4,0.5,1345,1414.0,1.3,0.4,152,-
6838,多摩川ホールディングス,電気機器,7.0,★☆☆☆☆,0.0,0.0,2.0,0.0,5.0,0.0,0.0,0.0,,,0.0,7.5,6.0,6.8,1333,1514.0,2.7,0.6,327,-
4082,第一稀元素化学工業,化学,7.0,★☆☆☆☆,0.0,0.0,1.0,0.0,6.0,0.0,0.0,0.0,,,0.0,9.2,5.0,5.4,1782,1978.0,3.8,1.5,470,-
6330,東洋エンジニアリング,建設業,7.0,★☆☆☆☆,0.0,0.0,6.0,0.0,6.0,0.0,0.0,-5.0,,,0.0,36.9,6.8,20.6,2149,2488.0,8.1,1.6,7191,資金流入増 / 過熱⚠25MA+21%
2585,ライフドリンク　カンパニー,食料品,7.0,★☆☆☆☆,0.0,0.0,1.0,0.0,6.0,0.0,0.0,0.0,,,0.0,11.7,5.2,10.7,1485,1658.0,9.5,1.3,1090,-
3186,ネクステージ,小売業,7.0,★☆☆☆☆,0.0,0.0,1.0,0.0,6.0,0.0,0.0,0.0,,,0.0,-2.6,3.4,3.9,3361,3605.0,2.6,0.5,1693,-
3915,テラスカイ,情報・通信業,7.0,★☆☆☆☆,0.0,0.0,1.0,0.0,6.0,0.0,0.0,0.0,,,0.0,3.9,4.2,6.3,2154,2351.0,4.1,0.5,287,-
4813,ＡＣＣＥＳＳ,情報・通信業,7.0,★☆☆☆☆,0.0,0.0,4.0,0.0,6.0,0.0,0.0,-3.0,,,0.0,20.6,7.8,17.2,363,430.0,0.2,0.8,474,資金流入増 / 伸びすぎ注意(25MA+17%)
4396,システムサポートホールディングス,情報・通信業,7.0,★☆☆☆☆,0.0,0.0,4.3,0.0,7.7,0.0,0.0,-5.0,,,0.0,25.2,3.9,20.5,1290,1400.0,20.2,1.0,174,買い出来高優勢 / MA上昇配列 / 過熱⚠25MA+21%
4565,ネクセラファーマ,医薬品,7.0,★☆☆☆☆,0.0,0.0,5.3,0.0,4.7,0.0,0.0,-3.0,,,0.0,17.0,4.5,19.4,1011,1111.0,20.0,2.0,830,出来高増2.0倍 / 伸びすぎ注意(25MA+19%)
6858,小野測器,電気機器,7.0,★☆☆☆☆,0.0,0.0,1.0,0.0,6.0,0.0,0.0,0.0,,,0.0,-6.6,2.8,0.1,798,846.0,-0.8,0.1,138,-
197A,タウンズ,医薬品,7.0,★☆☆☆☆,0.0,0.0,1.0,0.0,6.0,0.0,0.0,0.0,,,0.0,-2.5,1.6,4.4,481,497.0,4.6,1.1,162,-
6823,リオン,電気機器,7.0,★☆☆☆☆,0.0,0.0,1.0,0.0,6.0,0.0,0.0,0.0,,,0.0,-3.4,3.1,1.9,3284,3500.0,1.0,0.5,245,-
4587,ペプチドリーム,医薬品,7.0,★☆☆☆☆,0.0,0.0,1.0,0.0,6.0,0.0,0.0,0.0,,,0.0,0.0,4.1,5.0,940,1025.5,3.4,1.4,1031,-
9831,ヤマダホールディングス,小売業,7.0,★☆☆☆☆,0.0,0.0,0.0,0.0,7.0,0.0,0.0,0.0,,,0.0,-3.9,3.3,1.0,661,707.7000122070312,5.1,0.8,3553,MA上昇配列 / パーフェクトオーダー
3854,アイル,情報・通信業,7.0,★☆☆☆☆,0.0,0.0,1.0,0.0,6.0,0.0,0.0,0.0,,,0.0,-0.9,2.7,5.1,2285,2416.0,6.1,0.7,257,-
7581,サイゼリヤ,小売業,7.0,★☆☆☆☆,0.0,0.0,1.0,0.0,6.0,0.0,0.0,0.0,,,0.0,-7.1,3.9,0.8,6876,7450.0,-3.0,0.3,6370,MA上昇配列 / パーフェクトオーダー
7447,ナガイレーベン,卸売業,6.800000000000001,★☆☆☆☆,0.0,0.0,3.0,0.0,1.2,0.0,2.6,0.0,,,0.0,-4.1,1.7,-0.1,1711,1770.0,-1.4,1.6,161,開示[自己株式の取得](2日前)
1812,鹿島建設,建設業,6.8,★☆☆☆☆,6.8,0.0,0.0,0.0,0.0,0.0,0.0,0.0,,SK hynix,1.0,-16.6,3.5,-8.3,4546,4891.0,-0.2,0.8,11141,SK hynix+10.5%連動(β0.14) 未反応+1.0%
6597,ＨＰＣシステムズ,電気機器,6.7,★☆☆☆☆,0.0,0.0,4.0,0.0,2.7,0.0,0.0,0.0,,,0.0,-5.8,6.7,-1.6,2961,3420.0,0.3,1.9,268,-
9404,日本テレビホールディングス,情報・通信業,6.7,★☆☆☆☆,0.0,0.0,0.0,0.0,6.7,0.0,0.0,0.0,,,0.0,-5.4,3.1,1.0,2749,2927.5,1.1,0.9,1450,MA上昇配列
6758,ソニーグループ,電気機器,6.7,★☆☆☆☆,0.0,0.0,0.0,0.0,6.7,0.0,0.0,0.0,,,0.0,2.0,3.9,3.2,3431,3718.0,-1.2,0.6,70634,MA上昇配列
3558,ジェイドグループ,小売業,6.7,★☆☆☆☆,0.0,0.0,2.0,0.0,4.7,0.0,0.0,0.0,,,0.0,2.3,2.1,6.2,1702,1778.0,3.7,0.7,148,-
8081,カナデン,卸売業,6.7,★☆☆☆☆,0.0,0.0,2.0,0.0,4.7,0.0,0.0,0.0,,,0.0,-5.1,3.2,0.9,2346,2507.0,3.0,1.2,167,-
4902,コニカミノルタ,電気機器,6.7,★☆☆☆☆,0.0,0.0,2.0,0.0,4.7,0.0,0.0,0.0,,,0.0,-1.4,5.5,-0.5,566,635.7999877929688,-2.9,0.9,2977,-
6245,ヒラノテクシード,機械,6.7,★☆☆☆☆,0.0,0.0,2.0,0.0,4.7,0.0,0.0,0.0,,,0.0,5.3,3.5,7.1,1666,1792.0,6.0,1.0,157,-
6183,ベルシステム２４ホールディングス,サービス業,6.7,★☆☆☆☆,0.0,0.0,1.0,0.0,5.7,0.0,0.0,0.0,,,0.0,-5.7,1.8,0.8,1332,1381.0,1.2,0.8,424,-
8877,エスリード,不動産業,6.7,★☆☆☆☆,0.0,0.0,0.0,0.0,6.7,0.0,0.0,0.0,,,0.0,-0.4,2.0,2.5,5094,5310.0,4.3,1.1,146,MA上昇配列
8014,蝶理,卸売業,6.7,★☆☆☆☆,0.0,0.0,1.0,0.0,5.7,0.0,0.0,0.0,,,0.0,1.7,2.1,4.0,3972,4145.0,1.0,1.2,162,-
4972,綜研化学,化学,6.7,★☆☆☆☆,0.0,0.0,1.0,0.0,5.7,0.0,0.0,0.0,,,0.0,-0.8,4.1,3.5,3192,3475.0,5.3,0.4,416,-
1808,長谷工コーポレーション,建設業,6.7,★☆☆☆☆,0.0,0.0,0.0,0.0,6.7,0.0,0.0,0.0,,,0.0,-5.5,2.1,0.8,2685,2803.5,2.9,0.7,2656,MA上昇配列
1952,新日本空調,建設業,6.7,★☆☆☆☆,5.7,0.0,1.0,0.0,0.0,0.0,0.0,0.0,,SK hynix,0.4,-14.4,4.9,-6.4,2786,3090.0,2.3,0.6,807,SK hynix+10.5%連動(β0.18)
2791,大黒天物産,小売業,6.7,★☆☆☆☆,0.0,0.0,0.0,0.0,6.7,0.0,0.0,0.0,,,0.0,-5.3,3.2,2.2,4312,4605.0,5.4,0.8,262,MA上昇配列
9166,ＧＥＮＤＡ,サービス業,6.699999999999999,★☆☆☆☆,0.0,0.0,3.0,0.0,6.7,0.0,0.0,-3.0,,,0.0,23.8,4.8,17.4,664,734.0,11.0,1.3,1033,MA上昇配列 / 伸びすぎ注意(25MA+17%)
4275,カーリット,化学,6.6000000000000005,★☆☆☆☆,6.2,0.0,0.0,0.0,0.0,0.0,0.4,0.0,,SK hynix,-0.2,-9.2,5.5,-7.8,1870,2101.0,-0.6,0.7,511,SK hynix+10.5%連動(β0.23) / 開示[自己株式取得](12日前)
6232,ＡＣＳＬ,機械,6.6,★☆☆☆☆,0.0,0.0,0.0,0.0,5.0,0.0,1.6,0.0,,,0.0,-1.7,5.2,0.2,1542,1719.0,-2.0,0.8,917,開示[業績予想の修正](5日前)
5411,ＪＦＥホールディングス,鉄鋼,6.5,★☆☆☆☆,0.0,0.0,1.0,0.0,5.5,0.0,0.0,0.0,,,0.0,2.7,3.0,3.0,1721,1831.5,-0.7,0.8,12062,MA上昇配列
299A,クラシル,サービス業,6.5,★☆☆☆☆,0.0,0.0,1.0,0.0,5.5,0.0,0.0,0.0,,,0.0,0.5,4.5,3.4,1036,1138.0,1.1,0.6,165,MA上昇配列
6310,井関農機,機械,6.5,★☆☆☆☆,4.3,0.0,1.0,0.0,1.2,0.0,0.0,0.0,,SK hynix,-0.9,-5.6,4.4,-2.5,1645,1804.0,3.0,1.1,303,SK hynix+10.5%連動(β0.16)
3222,ユナイテッド・スーパーマーケット・ホールディングス,小売業,6.5,★☆☆☆☆,0.0,0.0,2.0,0.0,4.5,0.0,0.0,0.0,,,0.0,-5.5,2.2,0.3,782,819.0,1.2,1.0,494,MA上昇配列
2767,円谷フィールズホールディングス,卸売業,6.5,★☆☆☆☆,0.0,0.0,4.0,0.0,5.5,0.0,0.0,-3.0,,,0.0,57.8,5.6,17.9,2123,2391.0,-3.5,0.6,3180,資金流入増 / MA上昇配列 / 伸びすぎ注意(25MA+18%)
4432,ウイングアーク１ｓｔ,情報・通信業,6.5,★☆☆☆☆,0.0,0.0,1.0,0.0,5.5,0.0,0.0,0.0,,,0.0,6.6,3.0,7.2,3044,3235.0,3.2,0.5,849,MA上昇配列
5406,神戸製鋼所,鉄鋼,6.5,★☆☆☆☆,0.0,0.0,0.0,0.0,6.5,0.0,0.0,0.0,,,0.0,0.8,2.6,2.6,1942,2050.0,2.0,0.8,4706,MA上昇配列
3196,ホットランドホールディングス,小売業,6.5,★☆☆☆☆,0.0,0.0,1.0,0.0,5.5,0.0,0.0,0.0,,,0.0,-3.2,1.9,1.0,1569,1632.0,2.1,0.9,223,MA上昇配列
6277,ホソカワミクロン,機械,6.4,★☆☆☆☆,0.0,0.0,0.0,0.0,6.0,0.0,0.4,0.0,,,0.0,2.2,3.2,2.4,4829,5160.0,0.4,0.8,189,開示[業績予想の修正](12日前)
7685,ＢｕｙＳｅｌｌ　Ｔｅｃｈｎｏｌｏｇｉｅｓ,卸売業,6.300000000000001,★☆☆☆☆,0.0,0.0,2.0,0.0,2.7,0.0,1.6,0.0,,,0.0,-11.4,5.1,-0.7,2864,3190.0,0.9,1.9,1464,開示[業績予想の修正](5日前)
6217,津田駒工業,機械,6.300000000000001,★☆☆☆☆,0.0,0.0,4.3,0.0,5.0,0.0,0.0,-3.0,,,0.0,18.3,6.3,16.7,772,884.0,9.8,1.2,145,買い出来高優勢 / 伸びすぎ注意(25MA+17%)
6226,守谷輸送機工業,機械,6.3,★☆☆☆☆,0.0,0.0,3.3,0.0,3.0,0.0,0.0,0.0,,,0.0,-8.7,6.1,1.4,2077,2366.0,16.5,2.3,613,出来高増2.3倍 / MA上昇配列
6419,マースグループホールディングス,機械,6.2,★☆☆☆☆,0.0,0.0,1.0,0.0,5.2,0.0,0.0,0.0,,,0.0,-4.1,2.0,0.5,3031,3155.0,0.0,1.4,218,MA上昇配列
4431,スマレジ,情報・通信業,6.2,★☆☆☆☆,0.0,0.0,0.0,0.0,6.2,0.0,0.0,0.0,,,0.0,3.8,4.1,4.6,3000,3270.0,0.0,0.6,296,MA上昇配列 / パーフェクトオーダー
4443,Ｓａｎｓａｎ,情報・通信業,6.2,★☆☆☆☆,0.0,0.0,0.0,0.0,6.2,0.0,0.0,0.0,,,0.0,3.9,4.9,4.7,1795,1992.0,2.0,0.8,2516,MA上昇配列 / パーフェクトオーダー
8425,みずほリース,その他金融業,6.2,★☆☆☆☆,0.0,0.0,1.0,0.0,5.2,0.0,0.0,0.0,,,0.0,-0.8,1.9,1.2,1299,1351.0,0.4,1.0,869,MA上昇配列
4194,ビジョナル,情報・通信業,6.2,★☆☆☆☆,0.0,0.0,2.0,0.0,4.2,0.0,0.0,0.0,,,0.0,1.9,3.6,3.3,8430,9081.0,-1.2,0.8,1950,MA上昇配列
6145,ＮＩＴＴＯＫＵ,機械,6.2,★☆☆☆☆,5.0,0.0,0.0,0.0,1.2,0.0,0.0,0.0,,SK hynix,-0.2,-10.8,5.6,-6.9,2154,2423.0,4.6,0.9,352,SK hynix+10.5%連動(β0.19)
5949,ユニプレス,輸送用機器,6.2,★☆☆☆☆,0.0,0.0,0.0,0.0,6.2,0.0,0.0,0.0,,,0.0,0.6,2.5,2.2,1263,1329.0,2.0,0.6,216,MA上昇配列
6460,セガサミーホールディングス,機械,6.2,★☆☆☆☆,0.0,0.0,2.0,0.0,4.2,0.0,0.0,0.0,,,0.0,4.4,4.3,3.8,2512,2748.0,-2.0,0.5,3137,MA上昇配列
8771,イー・ギャランティ,その他金融業,6.2,★☆☆☆☆,0.0,0.0,0.0,0.0,6.2,0.0,0.0,0.0,,,0.0,-3.4,2.3,0.7,1780,1864.0,1.5,0.9,210,MA上昇配列 / パーフェクトオーダー
6459,だいわ,機械,6.2,★☆☆☆☆,0.0,0.0,4.0,0.0,2.2,0.0,0.0,0.0,,,0.0,-0.6,4.2,-0.7,1556,1698.0,-0.1,0.9,197,資金流入増
9201,日本航空,空運業,6.2,★☆☆☆☆,0.0,0.0,0.0,0.0,6.2,0.0,0.0,0.0,,,0.0,-2.0,2.0,1.0,2876,2996.0,-1.9,0.6,8314,MA上昇配列
7164,全国保証,その他金融業,6.2,★☆☆☆☆,0.0,0.0,0.0,0.0,6.2,0.0,0.0,0.0,,,0.0,-2.8,1.8,1.0,3026,3137.0,1.5,0.7,1327,MA上昇配列
8278,フジ,小売業,6.2,★☆☆☆☆,0.0,0.0,2.0,0.0,4.2,0.0,0.0,0.0,,,0.0,-3.7,2.0,1.2,1948,2029.0,2.8,0.8,267,MA上昇配列
4928,ノエビアホールディングス,化学,6.2,★☆☆☆☆,0.0,0.0,1.0,0.0,5.2,0.0,0.0,0.0,,,0.0,-1.8,2.3,0.6,4536,4760.0,-1.2,0.5,709,MA上昇配列
8227,しまむら,小売業,6.2,★☆☆☆☆,0.0,0.0,2.0,0.0,4.2,0.0,0.0,0.0,,,0.0,-4.8,2.5,0.2,3178,3346.0,-2.8,1.8,2475,MA上昇配列
7458,第一興商,卸売業,6.2,★☆☆☆☆,0.0,0.0,0.0,0.0,6.2,0.0,0.0,0.0,,,0.0,-2.9,2.4,1.8,1746,1833.0,0.9,0.7,463,MA上昇配列 / パーフェクトオーダー
5889,Ｊａｐａｎ　Ｅｙｅｗｅａｒ　Ｈｏｌｄｉｎｇｓ,小売業,6.2,★☆☆☆☆,0.0,0.0,0.0,0.0,6.2,0.0,0.0,0.0,,,0.0,4.4,3.2,1.9,2344,2502.0,0.2,1.0,287,MA上昇配列 / パーフェクトオーダー
2212,山崎製パン,食料品,6.2,★☆☆☆☆,0.0,0.0,1.0,0.0,5.2,0.0,0.0,0.0,,,0.0,-2.4,3.7,1.3,3214,3467.0,-1.9,0.5,2430,MA上昇配列
4661,オリエンタルランド,サービス業,6.2,★☆☆☆☆,0.0,0.0,2.0,0.0,4.2,0.0,0.0,0.0,,,0.0,0.4,4.0,0.6,2650,2881.0,-4.5,0.7,22256,MA上昇配列
9503,関西電力,電気・ガス業,6.2,★☆☆☆☆,0.0,0.0,1.0,0.0,5.2,0.0,0.0,0.0,,,0.0,-0.8,2.3,0.9,2288,2398.5,1.6,0.7,7598,MA上昇配列
1814,大末建設,建設業,6.2,★☆☆☆☆,0.0,0.0,1.0,0.0,5.2,0.0,0.0,0.0,,,0.0,-0.2,3.7,1.6,3393,3665.0,-2.9,0.6,365,MA上昇配列
7283,愛三工業,輸送用機器,6.2,★☆☆☆☆,0.0,0.0,0.0,0.0,6.2,0.0,0.0,0.0,,,0.0,-2.0,3.4,0.3,2161,2320.0,2.3,0.5,454,MA上昇配列
7261,マツダ,輸送用機器,6.2,★☆☆☆☆,0.0,0.0,2.0,0.0,4.2,0.0,0.0,0.0,,,0.0,-1.0,3.2,2.4,1107,1184.0,0.3,0.6,9291,MA上昇配列
9706,日本空港ビルデング,不動産業,6.2,★☆☆☆☆,0.0,0.0,0.0,0.0,6.2,0.0,0.0,0.0,,,0.0,-0.7,2.9,0.4,5270,5595.0,-3.6,1.1,1745,MA上昇配列 / パーフェクトオーダー
3549,クスリのアオキホールディングス,小売業,6.2,★☆☆☆☆,0.0,0.0,1.0,0.0,5.2,0.0,0.0,0.0,,,0.0,-1.3,3.0,2.1,3774,4014.0,-0.1,1.0,890,MA上昇配列
6701,日本電気,電気機器,6.2,★☆☆☆☆,0.0,0.0,2.0,0.0,4.2,0.0,0.0,0.0,,,0.0,1.6,4.9,0.9,4193,4650.0,-4.9,1.0,35091,MA上昇配列
9418,Ｕ－ＮＥＸＴ　ＨＯＬＤＩＮＧＳ,情報・通信業,6.2,★☆☆☆☆,0.0,0.0,2.0,0.0,4.2,0.0,0.0,0.0,,,0.0,-2.1,2.1,1.0,1655,1729.0,0.5,0.8,1142,MA上昇配列
6753,シャープ,電気機器,6.1000000000000005,★☆☆☆☆,0.0,0.0,2.0,0.0,3.7,0.0,0.4,0.0,,,0.0,-7.0,4.5,-2.3,561,616.0999755859375,-5.2,1.0,2480,開示[業績予想の修正](12日前)
7915,ＮＩＳＳＨＡ,その他製品,6.1,★☆☆☆☆,4.6,0.0,0.0,0.0,1.5,0.0,0.0,0.0,,SK hynix,-1.6,-6.0,3.2,-0.3,1236,1319.0,5.5,1.0,360,SK hynix+10.5%連動(β0.17)
3561,力の源ホールディングス,小売業,6.0,★☆☆☆☆,0.0,0.0,1.0,0.0,5.0,0.0,0.0,0.0,,,0.0,-5.4,2.4,0.3,1537,1615.0,0.4,0.7,106,MA上昇配列 / パーフェクトオーダー
6613,ＱＤレーザ,電気機器,6.0,★☆☆☆☆,0.0,0.0,4.0,0.0,5.0,0.0,0.0,-3.0,,,0.0,13.2,9.5,17.1,1695,2091.0,6.7,1.9,5701,伸びすぎ注意(25MA+17%)
350A,デジタルグリッド,電気・ガス業,6.0,★☆☆☆☆,0.0,0.0,0.0,0.0,6.0,0.0,0.0,0.0,,,0.0,-3.3,3.5,2.1,723,777.0,4.0,0.5,187,-
9412,スカパーＪＳＡＴ,情報・通信業,6.0,★☆☆☆☆,0.0,0.0,1.0,0.0,5.0,0.0,0.0,0.0,,,0.0,-2.8,5.3,1.8,2084,2331.0,1.2,1.0,5795,-
9044,ＮＡＮＫＡＩ,陸運業,6.0,★☆☆☆☆,0.0,0.0,2.0,0.0,4.0,0.0,0.0,0.0,,,0.0,-4.4,2.9,0.6,2802,2972.0,2.8,0.7,816,MA上昇配列
3179,シュッピン,小売業,6.0,★☆☆☆☆,0.0,0.0,2.0,0.0,4.0,0.0,0.0,0.0,,,0.0,8.9,4.6,0.2,1136,1250.0,2.3,0.9,254,資金流入増 / MA上昇配列
8595,ジャフコ　グループ,証券、商品先物取引業,6.0,★☆☆☆☆,0.0,0.0,1.0,0.0,5.0,0.0,0.0,0.0,,,0.0,-5.9,1.3,-0.0,2223,2282.0,1.1,0.7,852,-
7459,メディパルホールディングス,卸売業,6.0,★☆☆☆☆,0.0,0.0,1.0,0.0,5.0,0.0,0.0,0.0,,,0.0,-4.7,2.9,0.8,2696,2861.5,1.9,0.8,1311,MA上昇配列
4894,クオリプス,医薬品,6.0,★☆☆☆☆,0.0,0.0,0.0,0.0,6.0,0.0,0.0,0.0,,,0.0,11.6,5.7,8.8,4551,5140.0,-4.8,0.7,733,-
1946,トーエネック,建設業,6.0,★☆☆☆☆,0.0,0.0,0.0,0.0,6.0,0.0,0.0,0.0,,,0.0,-0.7,3.5,2.1,1980,2129.0,3.8,0.7,419,-
319A,技術承継機構,金属製品,6.0,★☆☆☆☆,0.0,0.0,1.0,0.0,5.0,0.0,0.0,0.0,,,0.0,-2.8,8.9,-1.1,14890,18100.0,-8.0,1.1,800,-
218A,Ｌｉｂｅｒａｗａｒｅ,精密機器,6.0,★☆☆☆☆,0.0,0.0,0.0,0.0,6.0,0.0,0.0,0.0,,,0.0,1.9,4.3,2.7,1007,1101.0,6.3,0.8,201,-
4593,ヘリオス,医薬品,6.0,★☆☆☆☆,0.0,0.0,0.0,0.0,6.0,0.0,0.0,0.0,,,0.0,0.3,5.7,7.3,239,270.0,4.7,0.9,449,-
2918,わらべや日洋ホールディングス,食料品,6.0,★☆☆☆☆,0.0,0.0,3.0,0.0,3.0,0.0,0.0,0.0,,,0.0,-0.1,1.6,1.4,2705,2795.0,0.4,0.9,317,MA上昇配列
9744,メイテックグループホールディングス,サービス業,6.0,★☆☆☆☆,0.0,0.0,1.0,0.0,5.0,0.0,0.0,0.0,,,0.0,-3.7,1.8,0.6,3189,3307.0,-0.5,0.7,1182,MA上昇配列
6356,日本ギア工業,機械,6.0,★☆☆☆☆,0.0,0.0,2.0,0.0,4.0,0.0,0.0,0.0,,,0.0,-7.7,4.3,-0.7,1257,1375.0,2.8,0.4,187,-
1885,東亜建設工業,建設業,6.0,★☆☆☆☆,0.0,0.0,1.0,0.0,5.0,0.0,0.0,0.0,,,0.0,0.5,3.9,2.5,1935,2097.0,4.5,0.9,892,-
4107,伊勢化学工業,化学,6.0,★☆☆☆☆,0.0,0.0,0.0,0.0,6.0,0.0,0.0,0.0,,,0.0,5.0,4.1,4.9,3486,3800.0,1.7,0.9,751,-
9003,相鉄ホールディングス,陸運業,6.0,★☆☆☆☆,0.0,0.0,2.0,0.0,4.0,0.0,0.0,0.0,,,0.0,-6.6,3.0,0.0,2406,2561.0,3.3,0.9,890,MA上昇配列
7730,マニー,精密機器,6.0,★☆☆☆☆,0.0,0.0,1.0,0.0,5.0,0.0,0.0,0.0,,,0.0,-4.2,1.9,1.2,1533,1595.0,3.0,0.7,646,-
7777,スリー・ディー・マトリックス,精密機器,6.0,★☆☆☆☆,0.0,0.0,0.0,0.0,6.0,0.0,0.0,0.0,,,0.0,2.2,3.9,8.6,348,378.0,7.4,1.1,544,-
5423,東京製鐵,鉄鋼,6.0,★☆☆☆☆,0.0,0.0,0.0,0.0,6.0,0.0,0.0,0.0,,,0.0,-5.5,2.3,0.2,1661,1742.0,0.5,0.7,657,MA上昇配列 / パーフェクトオーダー
543A,ＡＲＣＨＩＯＮ,輸送用機器,5.9,★☆☆☆☆,0.0,0.0,2.0,0.0,2.7,0.0,1.2,0.0,,,0.0,-9.2,4.1,-0.2,260,283.0,2.9,0.6,10022,資金流入増 / 開示[業績予想の修正](7日前)
5702,大紀アルミニウム工業所,非鉄金属,5.800000000000001,★☆☆☆☆,0.0,0.0,4.3,0.0,4.5,0.0,0.0,-3.0,,,0.0,23.5,4.7,15.5,1686,1860.0,1.1,0.6,696,買い出来高優勢 / RSI過熱(94)⚠ / 伸びすぎ注意(25MA+15%)
7318,セレンディップ・ホールディングス,輸送用機器,5.8,★☆☆☆☆,0.0,0.0,3.0,0.0,0.0,0.0,2.8,0.0,,,0.0,-26.2,10.2,-16.7,1236,1551.0,0.3,1.3,282,開示[自己株式取得](1日前)
3252,地主,不動産業,5.7,★☆☆☆☆,0.0,0.0,0.0,0.0,5.7,0.0,0.0,0.0,,,0.0,-2.8,1.9,1.0,2826,2936.0,2.7,1.1,361,-
3300,アンビション　ＤＸ　ホールディングス,不動産業,5.7,★☆☆☆☆,0.0,0.0,5.7,0.0,0.0,0.0,0.0,0.0,,,0.0,-12.9,3.1,-8.2,1830,1950.0,-10.6,5.5,129,出来高急増5.5倍
4005,住友化学,化学,5.7,★☆☆☆☆,0.0,0.0,1.0,0.0,4.7,0.0,0.0,0.0,,,0.0,-3.5,3.0,1.3,501,532.4000244140625,2.4,0.7,7809,-
4534,持田製薬,医薬品,5.7,★☆☆☆☆,0.0,0.0,0.0,0.0,5.7,0.0,0.0,0.0,,,0.0,-1.8,2.4,1.7,3064,3220.0,-0.6,0.5,208,-
4323,日本システム技術,情報・通信業,5.7,★☆☆☆☆,0.0,0.0,2.0,0.0,3.7,0.0,0.0,0.0,,,0.0,-3.2,3.6,-0.3,1722,1855.0,1.7,1.0,108,-
4559,ゼリア新薬工業,医薬品,5.7,★☆☆☆☆,0.0,0.0,0.0,0.0,5.7,0.0,0.0,0.0,,,0.0,-2.4,2.2,1.4,2020,2112.0,2.7,0.7,214,-
6366,千代田化工建設,建設業,5.7,★☆☆☆☆,0.0,0.0,1.0,0.0,4.7,0.0,0.0,0.0,,,0.0,7.2,4.5,4.2,650,715.0,2.4,0.7,1765,-
7965,象印マホービン,電気機器,5.7,★☆☆☆☆,0.0,0.0,1.0,0.0,4.7,0.0,0.0,0.0,,,0.0,-1.8,2.0,1.0,1383,1440.0,-0.9,0.6,234,-
4694,ビー・エム・エル,サービス業,5.7,★☆☆☆☆,0.0,0.0,1.0,0.0,4.7,0.0,0.0,0.0,,,0.0,-6.1,2.1,0.2,3442,3595.0,0.6,0.5,271,-
1721,コムシスホールディングス,建設業,5.7,★☆☆☆☆,0.0,0.0,0.0,0.0,5.7,0.0,0.0,0.0,,,0.0,-2.1,2.5,1.0,5050,5317.0,1.0,0.7,2657,-
4169,ＥＮＥＣＨＡＮＧＥ,情報・通信業,5.699999999999999,★☆☆☆☆,0.0,0.0,4.0,0.0,6.7,0.0,0.0,-5.0,,,0.0,40.7,8.0,29.6,270,321.0,10.3,1.2,444,MA上昇配列 / 過熱⚠25MA+30%
5240,ｍｏｎｏＡＩ　ｔｅｃｈｎｏｌｏｇｙ,情報・通信業,5.5,★☆☆☆☆,0.0,0.0,3.3,0.0,1.2,0.0,1.0,0.0,,,0.0,13.5,10.6,-1.5,160,203.0,-4.2,0.6,302,買い出来高優勢 / 開示[AI](5日前)
6240,ヤマシンフィルタ,機械,5.5,★☆☆☆☆,0.0,0.0,0.0,0.0,5.5,0.0,0.0,0.0,,,0.0,1.1,3.3,1.6,510,545.0,2.3,0.8,198,MA上昇配列
8892,エスコン,不動産業,5.5,★☆☆☆☆,0.0,0.0,0.0,0.0,5.5,0.0,0.0,0.0,,,0.0,-4.4,1.9,0.7,1064,1107.0,1.7,0.9,231,-
4381,ビープラッツ,情報・通信業,5.5,★☆☆☆☆,0.0,0.0,3.0,0.0,2.5,0.0,0.0,0.0,,,0.0,-28.9,14.8,-6.8,276,392.0,-0.5,0.6,273,資金流入増
9369,キユーソー流通システム,倉庫・運輸関連業,5.4,★☆☆☆☆,0.0,0.0,0.0,0.0,4.7,0.0,0.7,0.0,,,0.0,0.7,3.0,5.0,2959,3150.0,6.8,0.6,140,開示[子会社化](9日前)
1976,明星工業,建設業,5.3,★☆☆☆☆,3.3,0.0,1.0,0.0,1.0,0.0,0.0,0.0,,SK hynix,-2.5,-4.9,3.8,-1.7,1713,1855.0,3.6,1.2,230,SK hynix+10.5%連動(β0.13)
7630,壱番屋,小売業,5.2,★☆☆☆☆,0.0,0.0,1.0,0.0,4.2,0.0,0.0,0.0,,,0.0,-3.0,2.2,1.0,889,930.0,1.2,0.5,418,MA上昇配列
7944,ローランド,その他製品,5.2,★☆☆☆☆,0.0,0.0,3.0,0.0,2.2,0.0,0.0,0.0,,,0.0,-6.5,4.5,-3.4,3675,4035.0,-5.1,0.7,795,-
7943,ニチハ,ガラス・土石製品,5.2,★☆☆☆☆,0.0,0.0,0.0,0.0,5.2,0.0,0.0,0.0,,,0.0,-1.5,2.8,0.2,2933,3110.0,-3.0,0.6,210,MA上昇配列
4816,東映アニメーション,情報・通信業,5.2,★☆☆☆☆,0.0,0.0,1.0,0.0,4.2,0.0,0.0,0.0,,,0.0,-4.1,5.0,0.5,2546,2830.0,-5.2,0.7,1416,MA上昇配列
9832,オートバックスセブン,卸売業,5.2,★☆☆☆☆,0.0,0.0,0.0,0.0,5.2,0.0,0.0,0.0,,,0.0,-3.3,1.6,1.2,1488,1538.0,0.7,0.5,344,MA上昇配列
4523,エーザイ,医薬品,5.2,★☆☆☆☆,0.0,0.0,1.0,0.0,4.2,0.0,0.0,0.0,,,0.0,2.2,3.7,2.2,4428,4779.0,-3.4,0.5,8126,MA上昇配列
8001,伊藤忠商事,卸売業,5.2,★☆☆☆☆,0.0,0.0,0.0,0.0,5.2,0.0,0.0,0.0,,,0.0,-0.0,2.8,0.4,1888,2000.5,-4.3,0.7,27646,MA上昇配列
4684,オービック,情報・通信業,5.2,★☆☆☆☆,0.0,0.0,0.0,0.0,5.2,0.0,0.0,0.0,,,0.0,1.5,3.3,2.8,4253,4553.0,-1.0,0.6,8300,MA上昇配列
9279,ギフトホールディングス,小売業,5.2,★☆☆☆☆,0.0,0.0,2.0,0.0,3.2,0.0,0.0,0.0,,,0.0,-0.7,3.9,-0.0,4655,5050.0,-6.1,0.9,476,-
7203,トヨタ自動車,輸送用機器,5.2,★☆☆☆☆,0.0,0.0,1.0,0.0,4.2,0.0,0.0,0.0,,,0.0,-1.0,3.0,1.8,2841,3022.0,1.4,0.5,105986,MA上昇配列
8214,ＡＯＫＩホールディングス,小売業,5.2,★☆☆☆☆,0.0,0.0,2.0,0.0,3.2,0.0,0.0,0.0,,,0.0,-5.1,2.0,-0.2,1642,1710.0,0.8,0.6,375,-
7181,かんぽ生命保険,保険業,5.2,★☆☆☆☆,0.0,0.0,2.0,0.0,3.2,0.0,0.0,0.0,,,0.0,0.5,3.3,-0.4,1589,1702.0,4.7,0.8,4630,-
3479,ＴＫＰ,不動産業,5.2,★☆☆☆☆,0.0,0.0,1.0,0.0,4.2,0.0,0.0,0.0,,,0.0,-0.8,3.3,0.0,1726,1849.0,2.2,0.4,265,MA上昇配列
3765,ガンホー・オンライン・エンターテイメント,情報・通信業,5.2,★☆☆☆☆,0.0,0.0,1.0,0.0,4.2,0.0,0.0,0.0,,,0.0,-1.4,2.7,2.0,2305,2436.0,1.7,0.7,616,MA上昇配列
9759,ＮＳＤ,情報・通信業,5.2,★☆☆☆☆,0.0,0.0,1.0,0.0,4.2,0.0,0.0,0.0,,,0.0,-1.2,2.9,2.2,2655,2818.5,2.6,0.8,887,MA上昇配列
9974,ベルク,小売業,5.2,★☆☆☆☆,0.0,0.0,0.0,0.0,5.2,0.0,0.0,0.0,,,0.0,-2.5,2.3,1.0,6297,6600.0,0.6,1.1,195,MA上昇配列
6574,コンヴァノ,サービス業,5.199999999999999,★☆☆☆☆,0.0,0.0,6.7,0.0,3.5,0.0,0.0,-5.0,,,0.0,25.4,5.0,20.5,100,111.0,16.8,3.3,115,出来高急増3.3倍 / RSI過熱(88)⚠ / 過熱⚠25MA+20%
4506,住友ファーマ,医薬品,5.0,★☆☆☆☆,0.0,0.0,0.0,0.0,5.0,0.0,0.0,0.0,,,0.0,3.9,3.6,5.2,1276,1375.0,2.2,0.6,5065,-
6619,ダブル・スコープ,電気機器,5.0,★☆☆☆☆,0.0,0.0,0.0,0.0,5.0,0.0,0.0,0.0,,,0.0,-2.6,4.7,3.0,147,162.0,1.9,1.0,351,-
4626,太陽ホールディングス,化学,5.0,★☆☆☆☆,0.0,0.0,1.0,0.0,4.0,0.0,0.0,0.0,,,0.0,-4.9,1.6,-0.1,4636,4790.0,-0.8,0.6,2077,-
6492,岡野バルブ製造,機械,5.0,★☆☆☆☆,0.0,0.0,0.0,0.0,5.0,0.0,0.0,0.0,,,0.0,-2.8,7.0,6.5,13417,15600.0,10.2,0.4,407,-
6433,ヒーハイスト,機械,5.0,★☆☆☆☆,0.0,0.0,0.0,0.0,5.0,0.0,0.0,0.0,,,0.0,-1.2,6.6,6.7,901,1039.0,8.2,0.5,145,-
3791,ＩＧポート,情報・通信業,5.0,★☆☆☆☆,0.0,0.0,1.0,0.0,4.0,0.0,0.0,0.0,,,0.0,7.9,2.8,-0.5,1026,1088.0,-3.7,0.3,165,-
1963,日揮ホールディングス,建設業,5.0,★☆☆☆☆,0.0,0.0,0.0,0.0,5.0,0.0,0.0,0.0,,,0.0,1.0,3.4,2.1,2181,2339.0,2.4,0.7,3460,-
7595,アルゴグラフィックス,情報・通信業,5.0,★☆☆☆☆,0.0,0.0,1.0,0.0,4.0,0.0,0.0,0.0,,,0.0,-2.2,2.4,0.2,1253,1317.0,2.1,0.8,328,MA上昇配列
5947,リンナイ,金属製品,5.0,★☆☆☆☆,0.0,0.0,1.0,0.0,4.0,0.0,0.0,0.0,,,0.0,-5.5,2.3,0.2,3447,3616.0,-0.2,0.7,1431,MA上昇配列
464A,ＱＰＳホールディングス,情報・通信業,5.0,★☆☆☆☆,0.0,0.0,0.0,0.0,5.0,0.0,0.0,0.0,,,0.0,9.1,5.7,10.4,1617,1825.0,9.3,1.2,2529,-
3776,ブロードバンドタワー,情報・通信業,5.0,★☆☆☆☆,0.0,0.0,0.0,0.0,5.0,0.0,0.0,0.0,,,0.0,-17.2,4.9,-1.4,224,248.0,2.1,0.3,174,-
4592,サンバイオ,医薬品,5.0,★☆☆☆☆,0.0,0.0,0.0,0.0,5.0,0.0,0.0,0.0,,,0.0,-8.2,4.1,1.7,921,1004.0,-1.6,0.9,657,-
2815,アリアケジャパン,食料品,5.0,★☆☆☆☆,0.0,0.0,2.0,0.0,3.0,0.0,0.0,0.0,,,0.0,-2.3,2.3,0.9,5117,5360.0,0.8,0.7,531,MA上昇配列
7238,曙ブレーキ工業,輸送用機器,5.0,★☆☆☆☆,0.0,0.0,0.0,0.0,5.0,0.0,0.0,0.0,,,0.0,-1.4,3.3,1.4,104,111.0,0.9,1.1,229,-
6629,テクノホライゾン,電気機器,5.0,★☆☆☆☆,0.0,0.0,0.0,0.0,5.0,0.0,0.0,0.0,,,0.0,-2.5,4.0,0.0,905,983.0,-0.8,0.5,264,-
6666,リバーエレテック,電気機器,5.0,★☆☆☆☆,0.0,0.0,0.0,0.0,5.0,0.0,0.0,0.0,,,0.0,12.9,6.8,4.9,705,816.0,-5.4,0.4,128,-
9682,ＤＴＳ,情報・通信業,5.0,★☆☆☆☆,0.0,0.0,1.0,0.0,4.0,0.0,0.0,0.0,,,0.0,-3.7,3.2,0.8,1023,1094.0,4.2,0.7,746,MA上昇配列
9025,鴻池運輸,陸運業,5.0,★☆☆☆☆,0.0,0.0,1.0,0.0,4.0,0.0,0.0,0.0,,,0.0,-2.2,2.3,0.6,2781,2918.0,0.4,0.6,324,MA上昇配列
9270,バリュエンスホールディングス,卸売業,5.0,★☆☆☆☆,0.0,0.0,0.0,0.0,5.0,0.0,0.0,0.0,,,0.0,-6.3,3.8,1.9,1863,2015.0,1.1,0.7,155,-
277A,グロービング,サービス業,5.0,★☆☆☆☆,0.0,0.0,0.0,0.0,5.0,0.0,0.0,0.0,,,0.0,-0.7,2.9,2.2,1658,1760.0,5.5,0.7,343,-
3922,ＰＲ　ＴＩＭＥＳ,情報・通信業,5.0,★☆☆☆☆,0.0,0.0,0.0,0.0,5.0,0.0,0.0,0.0,,,0.0,-1.0,1.8,1.3,2077,2154.0,4.5,0.6,127,-
1786,オリエンタル白石,建設業,5.0,★☆☆☆☆,0.0,0.0,4.0,0.0,1.0,0.0,0.0,0.0,,,0.0,-4.6,3.3,-1.8,331,355.0,2.9,1.5,252,-
4743,アイティフォー,情報・通信業,5.0,★☆☆☆☆,0.0,0.0,3.0,0.0,2.0,0.0,0.0,0.0,,,0.0,-4.1,2.7,-1.2,1582,1673.0,-2.9,1.1,164,-
4180,Ａｐｐｉｅｒ　Ｇｒｏｕｐ,情報・通信業,4.9,★☆☆☆☆,0.0,0.0,3.0,0.0,5.5,0.0,1.4,-5.0,,,0.0,34.7,4.6,30.5,1156,1273.0,31.4,1.7,1544,MA上昇配列 / RSI過熱(86)⚠ / 過熱⚠25MA+30% / 開示[業績予想の修正](6日前)
2531,宝ホールディングス,食料品,4.7,★☆☆☆☆,0.0,0.0,0.0,0.0,4.7,0.0,0.0,0.0,,,0.0,-7.1,3.0,-0.2,1980,2106.5,4.9,0.8,951,-
1975,朝日工業社,建設業,4.7,★☆☆☆☆,0.0,0.0,1.0,0.0,3.7,0.0,0.0,0.0,,,0.0,-6.1,4.8,-0.2,3551,3930.0,5.2,0.8,425,-
5989,エイチワン,金属製品,4.7,★☆☆☆☆,0.0,0.0,1.0,0.0,3.7,0.0,0.0,0.0,,,0.0,-7.1,3.4,-0.4,1434,1538.0,7.0,0.7,320,-
5992,中央発條,金属製品,4.7,★☆☆☆☆,0.0,0.0,1.0,0.0,3.7,0.0,0.0,0.0,,,0.0,-4.1,3.0,-0.8,3465,3685.0,0.7,0.6,230,-
290A,Ｓｙｎｓｐｅｃｔｉｖｅ,情報・通信業,4.7,★☆☆☆☆,0.0,0.0,3.0,0.0,4.7,0.0,0.0,-3.0,,,0.0,24.2,5.2,16.1,1299,1450.0,4.5,1.2,2034,伸びすぎ注意(25MA+16%)
4886,あすか製薬ホールディングス,医薬品,4.7,★☆☆☆☆,0.0,0.0,1.0,0.0,3.7,0.0,0.0,0.0,,,0.0,-7.5,3.4,1.4,2043,2191.0,7.7,1.4,222,-
5532,リアルゲイト,不動産業,4.7,★☆☆☆☆,0.0,0.0,1.0,0.0,3.7,0.0,0.0,0.0,,,0.0,-8.1,4.6,0.8,3167,3490.0,4.2,1.2,110,-
3480,ジェイ・エス・ビー,不動産業,4.7,★☆☆☆☆,0.0,0.0,0.0,0.0,4.7,0.0,0.0,0.0,,,0.0,-5.4,1.3,-0.3,8736,8960.0,0.1,0.8,666,52週高値目前
9793,ダイセキ,サービス業,4.7,★☆☆☆☆,0.0,0.0,2.0,0.0,2.7,0.0,0.0,0.0,,,0.0,-4.4,1.7,-0.1,3683,3810.0,0.4,0.7,482,-
2206,江崎グリコ,食料品,4.7,★☆☆☆☆,0.0,0.0,0.0,0.0,4.7,0.0,0.0,0.0,,,0.0,-6.4,2.6,0.0,4838,5108.0,-1.1,0.6,1499,-
4516,日本新薬,医薬品,4.7,★☆☆☆☆,0.0,0.0,2.0,0.0,2.7,0.0,0.0,0.0,,,0.0,-15.8,2.5,-3.3,3433,3616.0,0.6,0.6,2240,資金流入増
3663,セルシス,情報・通信業,4.7,★☆☆☆☆,0.0,0.0,0.0,0.0,4.7,0.0,0.0,0.0,,,0.0,-7.6,5.5,-1.1,1641,1844.0,-5.2,0.6,493,-
7818,トランザクション,その他製品,4.7,★☆☆☆☆,0.0,0.0,1.0,0.0,3.7,0.0,0.0,0.0,,,0.0,-10.3,2.6,-3.5,1133,1195.0,3.0,1.0,293,-
1887,日本国土開発,建設業,4.7,★☆☆☆☆,0.0,0.0,0.0,0.0,4.7,0.0,0.0,0.0,,,0.0,1.7,1.6,4.3,527,545.0,4.2,1.1,215,-
186A,アストロスケールホールディングス,サービス業,4.7,★☆☆☆☆,0.0,0.0,3.0,0.0,4.7,0.0,0.0,-3.0,,,0.0,28.4,6.3,18.0,1146,1310.0,6.6,1.3,4890,伸びすぎ注意(25MA+18%)
9519,レノバ,電気・ガス業,4.7,★☆☆☆☆,0.0,0.0,1.0,0.0,3.7,0.0,0.0,0.0,,,0.0,-6.9,3.7,0.8,893,964.0,6.9,0.8,668,-
2931,ユーグレナ,食料品,4.7,★☆☆☆☆,0.0,0.0,0.0,0.0,4.7,0.0,0.0,0.0,,,0.0,-4.0,2.9,0.9,329,349.0,-5.2,0.6,299,-
2962,テクニスコ,金属製品,4.699999999999999,★☆☆☆☆,0.0,0.0,1.0,0.0,8.7,0.0,0.0,-5.0,,,0.0,13.7,6.5,28.7,1443,1659.0,30.9,1.5,150,MA上昇配列 / パーフェクトオーダー / 過熱⚠25MA+29%
7990,グローブライド,その他製品,4.6000000000000005,★☆☆☆☆,0.0,0.0,3.0,0.0,1.2,0.0,0.4,0.0,,,0.0,-2.8,3.5,-0.8,2317,2490.0,5.1,1.3,284,開示[業績予想の修正](12日前)
9830,トラスコ中山,卸売業,4.6000000000000005,★☆☆☆☆,0.0,0.0,2.0,0.0,2.2,0.0,0.4,0.0,,,0.0,-3.3,2.7,-0.6,2238,2367.0,-1.1,0.5,393,開示[業績予想の修正](12日前)
3844,コムチュア,情報・通信業,4.6,★☆☆☆☆,0.0,0.0,3.0,0.0,0.0,0.0,1.6,0.0,,,0.0,-8.5,3.0,-5.2,1245,1326.0,-7.5,1.8,341,開示[業績予想の修正](5日前)
3350,メタプラネット,卸売業,4.6,★☆☆☆☆,0.0,0.0,0.0,0.0,2.7,0.0,1.9,0.0,,,0.0,-2.0,6.4,-0.2,199,228.0,-2.1,1.0,4201,開示[子会社化](1日前)
9533,東邦瓦斯,電気・ガス業,4.5,★☆☆☆☆,0.0,0.0,1.0,0.0,3.5,0.0,0.0,0.0,,,0.0,-6.6,2.4,0.7,1131,1186.5,5.1,0.8,1151,-
8871,ゴールドクレスト,不動産業,4.5,★☆☆☆☆,0.0,0.0,1.0,0.0,3.5,0.0,0.0,0.0,,,0.0,-4.7,2.0,0.1,3181,3315.0,2.0,0.8,178,-
2127,日本Ｍ＆Ａセンターホールディングス,サービス業,4.5,★☆☆☆☆,0.0,0.0,3.0,0.0,1.5,0.0,0.0,0.0,,,0.0,-7.0,2.9,-0.6,622,660.0,1.5,0.5,1569,-
4569,杏林製薬,医薬品,4.5,★☆☆☆☆,0.0,0.0,3.0,0.0,1.5,0.0,0.0,0.0,,,0.0,-7.6,2.8,-0.9,1071,1134.0,2.4,2.0,242,-
8803,平和不動産,不動産業,4.5,★☆☆☆☆,0.0,0.0,0.0,0.0,4.5,0.0,0.0,0.0,,,0.0,-4.4,1.3,0.2,2291,2355.0,1.3,0.6,438,-
5074,テスホールディングス,建設業,4.5,★☆☆☆☆,0.0,0.0,2.0,0.0,1.2,0.0,1.3,0.0,,,0.0,-21.8,8.8,-15.4,513,622.0,-19.6,1.7,1715,開示[受注](5日前)
3673,ブロードリーフ,情報・通信業,4.4,★☆☆☆☆,0.0,0.0,1.0,0.0,2.2,0.0,1.2,0.0,,,0.0,-6.1,4.9,-0.7,392,435.0,-0.5,0.9,473,開示[業績予想の修正](7日前)
3788,ＧＭＯグローバルサイン・ホールディングス,情報・通信業,4.3,★☆☆☆☆,0.0,0.0,4.3,0.0,0.0,0.0,0.0,0.0,,,0.0,-8.4,5.2,-6.9,1855,2070.0,-9.4,2.1,106,出来高増2.1倍
6736,サン電子,電気機器,4.3,★☆☆☆☆,0.0,0.0,4.3,0.0,0.0,0.0,0.0,0.0,,,0.0,-19.5,10.2,-19.7,6057,7600.0,-30.1,2.4,434,出来高増2.4倍
6430,ダイコク電機,機械,4.2,★☆☆☆☆,0.0,0.0,0.0,0.0,4.2,0.0,0.0,0.0,,,0.0,-1.4,2.2,1.4,2338,2444.0,-0.7,1.0,101,MA上昇配列
4686,ジャストシステム,情報・通信業,4.2,★☆☆☆☆,0.0,0.0,0.0,0.0,4.2,0.0,0.0,0.0,,,0.0,-1.0,2.9,0.6,3731,3965.0,0.1,0.8,347,MA上昇配列
4922,コーセーホールディングス,化学,4.2,★☆☆☆☆,0.0,0.0,0.0,0.0,4.2,0.0,0.0,0.0,,,0.0,-0.7,3.9,1.2,5276,5718.0,-3.0,1.0,2009,MA上昇配列
6932,遠藤照明,電気機器,4.2,★☆☆☆☆,0.0,0.0,2.0,0.0,2.2,0.0,0.0,0.0,,,0.0,-1.6,3.3,-0.2,2406,2574.0,-3.0,0.7,129,-
5988,パイオラックス,金属製品,4.2,★☆☆☆☆,0.0,0.0,0.0,0.0,4.2,0.0,0.0,0.0,,,0.0,-1.9,2.0,1.1,1652,1721.0,-0.9,0.9,152,MA上昇配列
3038,神戸物産,卸売業,4.2,★☆☆☆☆,0.0,0.0,0.0,0.0,4.2,0.0,0.0,0.0,,,0.0,-3.2,3.1,0.8,2603,2773.5,-2.5,0.8,5018,MA上昇配列
6345,アイチ　コーポレーション,機械,4.2,★☆☆☆☆,0.0,0.0,1.0,0.0,3.2,0.0,0.0,0.0,,,0.0,-3.6,1.8,-0.1,1362,1412.0,0.6,1.3,186,-
3626,ＴＩＳＩ,情報・通信業,4.2,★☆☆☆☆,0.0,0.0,0.0,0.0,4.2,0.0,0.0,0.0,,,0.0,0.2,3.3,1.8,3469,3716.0,-1.3,0.6,3804,MA上昇配列
4477,ＢＡＳＥ,情報・通信業,4.2,★☆☆☆☆,0.0,0.0,0.0,0.0,4.2,0.0,0.0,0.0,,,0.0,-8.7,3.1,0.6,284,302.0,6.7,0.8,221,MA上昇配列
5449,大阪製鐵,鉄鋼,4.2,★☆☆☆☆,0.0,0.0,0.0,0.0,4.2,0.0,0.0,0.0,,,0.0,-0.3,5.6,0.9,2364,2663.0,0.0,0.3,117,MA上昇配列
9602,東宝,情報・通信業,4.2,★☆☆☆☆,0.0,0.0,0.0,0.0,4.2,0.0,0.0,0.0,,,0.0,1.2,3.6,3.8,1411,1520.5,0.7,0.7,7054,MA上昇配列
3916,デジタル・インフォメーション・テクノロジー,情報・通信業,4.2,★☆☆☆☆,0.0,0.0,0.0,0.0,4.2,0.0,0.0,0.0,,,0.0,-7.6,2.3,1.1,917,960.0,3.6,0.6,116,MA上昇配列
7148,ＦＰＧ,証券、商品先物取引業,4.2,★☆☆☆☆,0.0,0.0,0.0,0.0,4.2,0.0,0.0,0.0,,,0.0,-1.9,2.9,0.2,1523,1618.0,0.8,0.7,975,MA上昇配列
2733,あらた,卸売業,4.2,★☆☆☆☆,0.0,0.0,0.0,0.0,4.2,0.0,0.0,0.0,,,0.0,-4.8,2.0,1.1,2510,2614.0,2.0,0.6,237,MA上昇配列
7226,極東開発工業,輸送用機器,4.2,★☆☆☆☆,0.0,0.0,0.0,0.0,4.2,0.0,0.0,0.0,,,0.0,-3.8,1.8,0.8,2264,2350.0,0.9,0.8,469,MA上昇配列
7616,コロワイド,小売業,4.2,★☆☆☆☆,0.0,0.0,3.0,0.0,1.2,0.0,0.0,0.0,,,0.0,-4.0,3.1,-0.2,1886,2010.0,-2.3,0.8,1004,-
9663,ナガワ,サービス業,4.2,★☆☆☆☆,0.0,0.0,0.0,0.0,4.2,0.0,0.0,0.0,,,0.0,-4.2,2.3,0.0,4908,5140.0,0.6,1.0,101,MA上昇配列
6588,東芝テック,電気機器,4.2,★☆☆☆☆,0.0,0.0,3.0,0.0,1.2,0.0,0.0,0.0,,,0.0,-1.1,4.0,-2.2,2804,3050.0,-11.6,0.6,600,-
6072,地盤ネットホールディングス,サービス業,4.0,★☆☆☆☆,0.0,0.0,1.0,0.0,6.0,0.0,0.0,-3.0,,,0.0,23.3,6.6,16.8,991,1142.0,6.3,0.7,656,伸びすぎ注意(25MA+17%)
6807,日本航空電子工業,電気機器,4.0,★☆☆☆☆,4.0,0.0,0.0,0.0,0.0,0.0,0.0,0.0,,SK hynix,-1.8,-6.5,2.9,-0.5,2243,2380.0,1.8,1.2,732,SK hynix+10.5%連動(β0.15)
8057,内田洋行,卸売業,4.0,★☆☆☆☆,0.0,0.0,0.0,0.0,4.0,0.0,0.0,0.0,,,0.0,-2.9,2.4,1.7,2047,2150.0,1.8,0.5,376,MA上昇配列
3861,王子ホールディングス,パルプ・紙,4.0,★☆☆☆☆,0.0,0.0,0.0,0.0,4.0,0.0,0.0,0.0,,,0.0,-1.7,2.2,0.3,828,866.4000244140625,-1.1,0.8,3478,MA上昇配列
4687,ＴＤＣソフト,情報・通信業,4.0,★☆☆☆☆,0.0,0.0,1.0,0.0,3.0,0.0,0.0,0.0,,,0.0,-2.7,4.4,0.7,932,1021.0,8.0,0.6,122,MA上昇配列
6166,中村超硬,機械,4.0,★☆☆☆☆,0.0,0.0,0.0,0.0,4.0,0.0,0.0,0.0,,,0.0,-9.0,4.7,-1.9,576,635.0,0.0,0.7,110,-
9449,ＧＭＯインターネットグループ,情報・通信業,4.0,★☆☆☆☆,0.0,0.0,2.0,0.0,2.0,0.0,0.0,0.0,,,0.0,-7.7,4.0,-3.6,3641,3955.0,-5.8,1.2,2213,-
8750,第一ライフグループ,保険業,4.0,★☆☆☆☆,0.0,0.0,2.0,0.0,2.0,0.0,0.0,0.0,,,0.0,-2.8,2.6,-2.3,1746,1841.5,0.1,0.7,18948,-
2281,プリマハム,食料品,4.0,★☆☆☆☆,0.0,0.0,3.0,0.0,1.0,0.0,0.0,0.0,,,0.0,-5.5,2.4,-0.5,2297,2412.0,1.7,0.6,420,資金流入増
1882,東亜道路工業,建設業,4.0,★☆☆☆☆,0.0,0.0,0.0,0.0,4.0,0.0,0.0,0.0,,,0.0,-4.1,1.4,0.5,1570,1616.0,1.3,0.9,533,MA上昇配列
2784,アルフレッサ　ホールディングス,卸売業,4.0,★☆☆☆☆,0.0,0.0,0.0,0.0,4.0,0.0,0.0,0.0,,,0.0,-6.5,2.4,0.1,2179,2289.0,4.2,1.1,1314,MA上昇配列
4071,プラスアルファ・コンサルティング,情報・通信業,4.0,★☆☆☆☆,0.0,0.0,0.0,0.0,1.5,0.0,2.5,0.0,,,0.0,-13.6,4.6,-6.2,1990,2193.0,-4.9,1.1,722,開示[自己株式取得](7日前) / 開示[子会社化](7日前)
2331,ＡＬＳＯＫ,サービス業,4.0,★☆☆☆☆,0.0,0.0,0.0,0.0,4.0,0.0,0.0,0.0,,,0.0,-2.3,2.9,1.0,1097,1164.5,1.8,0.7,1632,MA上昇配列
3856,Ａｂａｌａｎｃｅ,電気機器,3.9,★☆☆☆☆,0.0,0.0,2.0,0.0,0.0,0.0,1.9,0.0,,,0.0,-25.0,9.4,-12.8,309,380.0,10.5,0.5,127,資金流入増 / 開示[自己株式の取得](5日前)
2752,フジオフードグループ本社,小売業,3.7,★☆☆☆☆,0.0,0.0,0.0,0.0,3.7,0.0,0.0,0.0,,,0.0,-4.3,2.4,1.3,1066,1120.0,1.4,0.5,165,-
9502,中部電力,電気・ガス業,3.7,★☆☆☆☆,0.0,0.0,0.0,0.0,3.7,0.0,0.0,0.0,,,0.0,-5.6,3.1,-0.0,2672,2850.0,7.1,0.7,10271,-
3099,三越伊勢丹ホールディングス,小売業,3.7,★☆☆☆☆,0.0,0.0,1.0,0.0,1.0,0.0,1.7,0.0,,,0.0,-15.5,3.7,-5.6,3234,3494.0,-4.1,0.7,11252,開示[自己株式取得](6日前)
4375,セーフィー,情報・通信業,3.7,★☆☆☆☆,0.0,0.0,0.0,0.0,3.7,0.0,0.0,0.0,,,0.0,-3.5,3.1,0.8,616,657.0,5.1,0.7,113,-
7456,松田産業,卸売業,3.7,★☆☆☆☆,0.0,0.0,2.0,0.0,4.7,0.0,0.0,-3.0,,,0.0,21.8,4.8,16.4,6163,6820.0,-0.4,0.7,847,伸びすぎ注意(25MA+16%)
7130,ヤマエグループホールディングス,卸売業,3.7,★☆☆☆☆,0.0,0.0,1.0,0.0,2.7,0.0,0.0,0.0,,,0.0,-8.4,2.5,-0.5,2769,2912.0,0.5,0.9,232,-
7409,ＡｅｒｏＥｄｇｅ,輸送用機器,3.7,★☆☆☆☆,0.0,0.0,1.0,0.0,2.7,0.0,0.0,0.0,,,0.0,-3.8,9.0,-7.9,1160,1414.0,-12.2,1.3,494,-
2432,ディー・エヌ・エー,情報・通信業,3.7,★☆☆☆☆,0.0,0.0,0.0,0.0,3.7,0.0,0.0,0.0,,,0.0,-2.9,2.6,0.2,2339,2469.5,0.5,1.2,2625,-
7746,岡本硝子,精密機器,3.7,★☆☆☆☆,0.0,0.0,1.0,0.0,2.7,0.0,0.0,0.0,,,0.0,-4.0,3.4,-0.6,695,745.0,1.8,1.4,333,-
5724,アサカ理研,非鉄金属,3.7,★☆☆☆☆,0.0,0.0,2.0,0.0,4.7,0.0,0.0,-3.0,,,0.0,24.9,5.8,17.9,2583,2923.0,6.7,1.2,214,伸びすぎ注意(25MA+18%)
3407,旭化成,化学,3.6,★☆☆☆☆,0.0,0.0,0.0,0.0,1.0,0.0,2.6,0.0,,,0.0,-13.0,3.5,-4.7,1569,1685.5,0.3,0.5,10754,開示[自己株式の取得](2日前)
4547,キッセイ薬品工業,医薬品,3.5,★☆☆☆☆,0.0,0.0,1.0,0.0,2.5,0.0,0.0,0.0,,,0.0,-6.5,3.0,-0.6,3867,4110.0,-0.1,0.7,337,-
8052,椿本興業,卸売業,3.5,★☆☆☆☆,0.0,0.0,0.0,0.0,3.5,0.0,0.0,0.0,,,0.0,-6.5,2.1,-0.3,2671,2788.0,2.9,0.9,112,-
8795,Ｔ＆Ｄホールディングス,保険業,3.5,★☆☆☆☆,0.0,0.0,0.0,0.0,2.0,0.0,1.5,0.0,,,0.0,-2.3,2.6,-1.2,4675,4929.0,1.7,0.9,7211,開示[自己株式の取得](7日前)
1951,エクシオグループ,建設業,3.5,★☆☆☆☆,0.0,0.0,1.0,0.0,2.5,0.0,0.0,0.0,,,0.0,-3.5,2.7,-0.3,2475,2617.5,1.4,0.4,1824,-
2652,まんだらけ,小売業,3.5,★☆☆☆☆,0.0,0.0,1.0,0.0,2.5,0.0,0.0,0.0,,,0.0,-8.3,4.3,-0.9,403,441.0,-3.5,1.0,109,-
7599,ＩＤＯＭ,卸売業,3.5,★☆☆☆☆,0.0,0.0,1.0,0.0,2.5,0.0,0.0,0.0,,,0.0,-3.8,1.6,-0.6,1249,1290.0,-0.6,1.3,1013,-
1860,戸田建設,建設業,3.5,★☆☆☆☆,0.0,0.0,0.0,0.0,3.5,0.0,0.0,0.0,,,0.0,-5.5,2.2,-0.5,1430,1495.0,2.3,1.0,1482,-
7412,アトム,小売業,3.5,★☆☆☆☆,0.0,0.0,2.0,0.0,1.5,0.0,0.0,0.0,,,0.0,-9.2,2.9,-4.0,339,360.0,-2.4,1.5,216,-
4658,日本空調サービス,サービス業,3.5,★☆☆☆☆,0.0,0.0,0.0,0.0,3.5,0.0,0.0,0.0,,,0.0,-7.4,2.3,-0.8,1492,1563.0,2.2,0.5,157,-
7199,プレミアグループ,その他金融業,3.5,★☆☆☆☆,0.0,0.0,0.0,0.0,3.5,0.0,0.0,0.0,,,0.0,-6.7,2.7,-1.1,1952,2064.0,-2.0,0.5,443,-
9247,ＴＲＥホールディングス,サービス業,3.4000000000000004,★☆☆☆☆,0.0,0.0,0.0,0.0,2.2,0.0,1.2,0.0,,,0.0,-12.5,3.5,-4.1,1841,1979.0,1.4,1.1,531,開示[業績予想の修正](7日前)
2264,森永乳業,食料品,3.4,★☆☆☆☆,0.0,0.0,2.0,0.0,1.0,0.0,0.4,0.0,,,0.0,-6.3,4.0,-2.7,1088,1184.0,-0.9,0.7,2339,開示[業績予想の修正](12日前)
5105,ＴＯＹＯ　ＴＩＲＥ,ゴム製品,3.4,★☆☆☆☆,0.0,0.0,1.0,0.0,0.0,0.0,2.4,0.0,,,0.0,-10.6,4.3,-5.5,3459,3783.0,0.1,0.8,5475,開示[自己株式の取得](9日前) / 開示[自己株式の取得](12日前)
3769,ＧＭＯペイメントゲートウェイ,情報・通信業,3.3,★☆☆☆☆,0.0,0.0,3.3,0.0,0.0,0.0,0.0,0.0,,,0.0,-12.4,4.7,-6.4,8313,9175.0,-10.4,2.2,2929,出来高増2.2倍
7383,ネットプロテクションズホールディングス,その他金融業,3.3,★☆☆☆☆,0.0,0.0,3.3,0.0,0.0,0.0,0.0,0.0,,,0.0,-2.2,4.5,-3.7,376,414.0,-9.2,2.3,344,出来高増2.3倍
3288,オープンハウスグループ,不動産業,3.3,★☆☆☆☆,0.0,0.0,1.0,0.0,0.0,0.0,2.3,0.0,,,0.0,-11.6,2.7,-5.5,7549,7974.0,-1.1,1.4,2630,開示[自己株式の取得](5日前) / 開示[業績予想の修正](12日前)
7751,キヤノン,電気機器,3.2,★☆☆☆☆,0.0,0.0,0.0,0.0,3.2,0.0,0.0,0.0,,,0.0,-4.4,2.3,-0.3,4295,4500.0,-2.8,0.6,20098,-
7453,良品計画,小売業,3.2,★☆☆☆☆,0.0,0.0,0.0,0.0,3.2,0.0,0.0,0.0,,,0.0,-4.1,3.2,-0.2,4025,4303.0,-4.9,0.7,14016,-
8253,クレディセゾン,その他金融業,3.2,★☆☆☆☆,0.0,0.0,0.0,0.0,3.2,0.0,0.0,0.0,,,0.0,-3.6,2.6,-0.1,4398,4643.0,-0.1,0.9,3538,-
8060,キヤノンマーケティングジャパン,卸売業,3.2,★☆☆☆☆,0.0,0.0,0.0,0.0,3.2,0.0,0.0,0.0,,,0.0,-3.6,2.0,-1.0,3413,3556.0,-3.3,0.8,1144,-
3302,帝国繊維,繊維製品,3.2,★☆☆☆☆,0.0,0.0,1.0,0.0,2.2,0.0,0.0,0.0,,,0.0,-4.9,3.2,-2.3,3054,3265.0,-3.4,0.5,231,-
547A,ムニノバホールディングス,その他金融業,3.2,★☆☆☆☆,0.0,0.0,2.0,0.0,1.2,0.0,0.0,0.0,,,0.0,-2.7,2.7,-0.7,423,447.0,-4.3,0.6,913,-
7047,ポート,サービス業,3.2,★☆☆☆☆,0.0,0.0,2.0,0.0,1.2,0.0,0.0,0.0,,,0.0,-15.8,5.8,-9.4,1980,2240.0,-14.0,1.6,424,-
8923,トーセイ,不動産業,3.2,★☆☆☆☆,0.0,0.0,0.0,0.0,3.2,0.0,0.0,0.0,,,0.0,-5.8,2.3,-0.6,1691,1772.0,1.8,0.5,423,-
5463,丸一鋼管,鉄鋼,3.2,★☆☆☆☆,0.0,0.0,1.0,0.0,2.2,0.0,0.0,0.0,,,0.0,-7.0,2.9,-1.2,1671,1773.5,1.4,1.5,1311,-
4259,エクサウィザーズ,情報・通信業,3.2,★☆☆☆☆,0.0,0.0,2.0,0.0,1.2,0.0,0.0,0.0,,,0.0,-5.4,6.3,-2.5,682,781.0,-7.0,1.3,1375,-
5036,日本ビジネスシステムズ,情報・通信業,3.2,★☆☆☆☆,0.0,0.0,1.0,0.0,2.2,0.0,0.0,0.0,,,0.0,-4.3,3.1,-0.6,1472,1571.0,-1.7,0.9,147,-
5254,Ａｒｅｎｔ,情報・通信業,3.2,★☆☆☆☆,0.0,0.0,2.0,0.0,1.2,0.0,0.0,0.0,,,0.0,-4.2,4.8,-0.6,3868,4275.0,0.2,1.5,102,-
5698,エンビプロ・ホールディングス,鉄鋼,3.2,★☆☆☆☆,0.0,0.0,2.0,0.0,1.2,0.0,0.0,0.0,,,0.0,-2.1,5.8,-0.9,705,798.0,-10.8,1.4,225,-
9501,東京電力ホールディングス,電気・ガス業,3.2,★☆☆☆☆,0.0,0.0,1.0,0.0,2.2,0.0,0.0,0.0,,,0.0,-1.6,3.9,1.3,483,524.5,0.6,0.9,18449,-
1414,ショーボンドホールディングス,建設業,3.1,★☆☆☆☆,0.0,0.0,1.0,0.0,0.0,0.0,2.1,0.0,,,0.0,-5.6,2.0,-1.7,1217,1267.0,-3.4,0.5,1323,開示[増配](9日前) / 開示[自己株式取得](9日前)
9009,京成電鉄,陸運業,3.0,★☆☆☆☆,0.0,0.0,0.0,0.0,3.0,0.0,0.0,0.0,,,0.0,-3.5,2.6,1.3,1223,1289.5,0.3,0.8,2222,MA上昇配列
3697,ＳＨＩＦＴ,情報・通信業,3.0,★☆☆☆☆,0.0,0.0,0.0,0.0,3.0,0.0,0.0,0.0,,,0.0,13.1,6.1,5.0,772,879.5,-2.9,0.5,6632,MA上昇配列
9090,ＡＺ－ＣＯＭ丸和ホールディングス,陸運業,3.0,★☆☆☆☆,0.0,0.0,3.0,0.0,0.0,0.0,0.0,0.0,,,0.0,-4.0,3.1,-0.3,826,881.0,4.5,0.5,582,資金流入増
3360,シップヘルスケアホールディングス,卸売業,3.0,★☆☆☆☆,0.0,0.0,2.0,0.0,1.0,0.0,0.0,0.0,,,0.0,-5.1,2.9,-2.3,2211,2349.5,0.5,0.7,694,-
8424,芙蓉総合リース,その他金融業,3.0,★☆☆☆☆,0.0,0.0,1.0,0.0,2.0,0.0,0.0,0.0,,,0.0,-4.4,2.1,-1.2,4194,4377.0,-1.8,1.1,815,-
7085,カーブスホールディングス,サービス業,3.0,★☆☆☆☆,0.0,0.0,1.0,0.0,2.0,0.0,0.0,0.0,,,0.0,-4.3,1.9,-0.1,912,948.0,0.6,1.2,534,-
9861,吉野家ホールディングス,小売業,3.0,★☆☆☆☆,0.0,0.0,1.0,0.0,2.0,0.0,0.0,0.0,,,0.0,-3.4,2.6,-0.1,3522,3717.0,-0.9,0.8,2271,-
3116,トヨタ紡織,輸送用機器,3.0,★☆☆☆☆,0.0,0.0,0.0,0.0,3.0,0.0,0.0,0.0,,,0.0,-3.3,3.1,0.6,2118,2257.0,1.1,0.5,1875,MA上昇配列
4320,ＣＥホールディングス,情報・通信業,3.0,★☆☆☆☆,0.0,0.0,2.0,0.0,1.0,0.0,0.0,0.0,,,0.0,-11.0,1.9,-2.9,1593,1657.0,0.4,0.4,228,資金流入増
2502,アサヒグループホールディングス,食料品,3.0,★☆☆☆☆,0.0,0.0,2.0,0.0,1.0,0.0,0.0,0.0,,,0.0,-2.3,3.2,-0.6,1544,1649.0,-2.2,1.0,13767,-
5444,大和工業,鉄鋼,3.0,★☆☆☆☆,0.0,0.0,1.0,0.0,2.0,0.0,0.0,0.0,,,0.0,-3.2,3.4,-1.0,12163,13040.0,-1.8,0.7,2114,-
7988,ニフコ,化学,3.0,★☆☆☆☆,0.0,0.0,1.0,0.0,2.0,0.0,0.0,0.0,,,0.0,-4.4,3.1,-0.9,4749,5059.0,-1.4,0.7,1607,-
6223,西部技研,機械,2.7,★☆☆☆☆,0.0,0.0,0.0,0.0,2.7,0.0,0.0,0.0,,,0.0,-6.8,4.0,-2.8,1822,1981.0,0.7,0.6,104,-
4554,富士製薬工業,医薬品,2.7,★☆☆☆☆,0.0,0.0,0.0,0.0,2.7,0.0,0.0,0.0,,,0.0,-9.6,2.8,-1.9,1734,1836.0,0.7,0.5,201,-
6458,新晃工業,機械,2.7,★☆☆☆☆,0.0,0.0,0.0,0.0,2.7,0.0,0.0,0.0,,,0.0,-6.1,1.8,-0.9,1181,1225.0,2.9,0.9,296,-
4425,Ｋｕｄａｎ,情報・通信業,2.7,★☆☆☆☆,0.0,0.0,0.0,0.0,2.7,0.0,0.0,0.0,,,0.0,-15.1,5.2,-6.1,1457,1626.0,-1.5,1.1,202,-
9708,帝国ホテル,サービス業,2.7,★☆☆☆☆,0.0,0.0,0.0,0.0,2.7,0.0,0.0,0.0,,,0.0,-5.9,1.6,-0.3,957,989.0,-0.6,0.7,154,-
336A,ダイナミックマッププラットフォーム,情報・通信業,2.7,★☆☆☆☆,0.0,0.0,0.0,0.0,2.7,0.0,0.0,0.0,,,0.0,-13.0,5.1,-0.5,732,814.0,14.5,0.6,211,-
6367,ダイキン工業,機械,2.6,★☆☆☆☆,0.0,0.0,0.0,0.0,0.0,0.0,2.6,0.0,,,0.0,-19.0,2.9,-9.3,19907,21115.0,-5.0,0.6,36742,開示[自己株式取得](2日前)
9468,ＫＡＤＯＫＡＷＡ,情報・通信業,2.5999999999999996,★☆☆☆☆,0.0,0.0,0.0,0.0,1.2,0.0,1.4,0.0,,,0.0,-8.4,2.8,-1.0,3330,3530.0,-1.1,0.8,1896,開示[業績予想の修正](6日前)
9956,バローホールディングス,小売業,2.5,★☆☆☆☆,0.0,0.0,0.0,0.0,2.5,0.0,0.0,0.0,,,0.0,-6.8,2.9,-0.4,3046,3230.0,2.5,0.7,993,-
1720,東急建設,建設業,2.5,★☆☆☆☆,0.0,0.0,1.0,0.0,1.5,0.0,0.0,0.0,,,0.0,-6.3,2.3,-1.3,1089,1142.0,1.3,1.0,410,-
1815,鉄建建設,建設業,2.5,★☆☆☆☆,0.0,0.0,1.0,0.0,1.5,0.0,0.0,0.0,,,0.0,-5.6,2.8,-1.3,4118,4365.0,3.3,0.7,491,-
1959,クラフティア,建設業,2.5,★☆☆☆☆,0.0,0.0,1.0,0.0,1.5,0.0,0.0,0.0,,,0.0,-8.3,3.9,-3.0,7628,8277.0,2.2,0.8,2258,-
4549,栄研化学,医薬品,2.5,★☆☆☆☆,0.0,0.0,1.0,0.0,1.5,0.0,0.0,0.0,,,0.0,-14.2,3.9,-3.1,2136,2315.0,2.5,0.5,623,-
3139,ラクト・ジャパン,卸売業,2.5,★☆☆☆☆,0.0,0.0,0.0,0.0,2.5,0.0,0.0,0.0,,,0.0,-7.5,1.8,-0.2,3272,3395.0,3.2,1.2,130,-
1417,ミライト・ワン,建設業,2.5,★☆☆☆☆,0.0,0.0,0.0,0.0,2.5,0.0,0.0,0.0,,,0.0,-8.0,2.3,-1.6,3354,3514.0,1.7,1.0,989,-
4536,参天製薬,医薬品,2.5,★☆☆☆☆,0.0,0.0,0.0,0.0,2.5,0.0,0.0,0.0,,,0.0,-11.4,3.2,-2.7,1792,1916.0,-1.4,0.7,2198,-
1926,ライト工業,建設業,2.5,★☆☆☆☆,0.0,0.0,0.0,0.0,2.5,0.0,0.0,0.0,,,0.0,-7.9,2.6,-1.0,3578,3775.0,-0.1,0.4,682,-
3983,オロ,情報・通信業,2.4,★☆☆☆☆,0.0,0.0,2.0,0.0,0.0,0.0,0.4,0.0,,,0.0,-8.0,2.5,-3.0,2027,2132.0,-4.4,1.1,103,開示[自己株式の取得](12日前)
9433,ＫＤＤＩ,情報・通信業,2.4,★☆☆☆☆,0.0,0.0,0.0,0.0,2.0,0.0,0.4,0.0,,,0.0,-5.7,3.1,-1.4,2679,2854.0,0.8,0.7,27583,開示[自己株式の取得](12日前)
2702,日本マクドナルドホールディングス,小売業,2.4,★☆☆☆☆,0.0,0.0,1.0,0.0,1.0,0.0,0.4,0.0,,,0.0,-3.2,2.7,-0.7,7363,7780.0,-1.8,1.0,5429,開示[業績予想の修正](12日前)
9790,福井コンピュータホールディングス,情報・通信業,2.2,★☆☆☆☆,0.0,0.0,1.0,0.0,1.2,0.0,0.0,0.0,,,0.0,-5.8,2.5,-0.7,2942,3100.0,1.6,0.6,139,-
8179,ロイヤルホールディングス,小売業,2.2,★☆☆☆☆,0.0,0.0,0.0,0.0,2.2,0.0,0.0,0.0,,,0.0,-3.7,2.8,-0.4,1224,1297.0,-4.6,1.0,478,-
6564,ミダックホールディングス,サービス業,2.2,★☆☆☆☆,0.0,0.0,1.0,0.0,1.2,0.0,0.0,0.0,,,0.0,-5.9,4.2,-0.5,1992,2177.0,-6.2,1.2,116,-
5351,品川リフラ,ガラス・土石製品,2.2,★☆☆☆☆,0.0,0.0,0.0,0.0,2.2,0.0,0.0,0.0,,,0.0,-3.9,2.0,-0.3,1970,2052.0,-4.9,1.0,276,-
7201,日産自動車,輸送用機器,2.2,★☆☆☆☆,0.0,0.0,0.0,0.0,2.2,0.0,0.0,0.0,,,0.0,-4.0,3.4,0.5,311,333.29998779296875,-4.8,0.6,11148,-
4403,日油,化学,2.2,★☆☆☆☆,0.0,0.0,0.0,0.0,2.2,0.0,0.0,0.0,,,0.0,-3.9,3.0,-0.3,2581,2748.5,1.2,0.7,2152,-
4385,メルカリ,情報・通信業,2.2,★☆☆☆☆,0.0,0.0,1.0,0.0,1.2,0.0,0.0,0.0,,,0.0,-8.3,5.2,-2.3,4008,4473.0,-7.6,0.8,9133,-
6648,かわでん,電気機器,2.2,★☆☆☆☆,0.0,0.0,1.0,0.0,1.2,0.0,0.0,0.0,,,0.0,-6.7,5.9,-2.4,1529,1732.0,4.7,0.5,161,-
8058,三菱商事,卸売業,2.2,★☆☆☆☆,0.0,0.0,0.0,0.0,2.2,0.0,0.0,0.0,,,0.0,2.3,2.6,0.8,4525,4778.0,-1.5,0.7,39069,-
3692,ＦＦＲＩセキュリティ,情報・通信業,2.2,★☆☆☆☆,0.0,0.0,1.0,0.0,1.2,0.0,0.0,0.0,,,0.0,-12.0,5.6,-7.4,4214,4745.0,-12.6,1.3,502,-
262A,インターメスティック,小売業,2.2,★☆☆☆☆,0.0,0.0,1.0,0.0,1.2,0.0,0.0,0.0,,,0.0,-3.1,4.6,-2.3,1688,1857.0,-3.8,0.9,529,-
8584,ジャックス,その他金融業,2.2,★☆☆☆☆,0.0,0.0,1.0,0.0,1.2,0.0,0.0,0.0,,,0.0,-6.4,1.9,-0.5,3582,3720.0,-1.1,1.2,456,-
4324,電通グループ,サービス業,2.2,★☆☆☆☆,0.0,0.0,1.0,0.0,1.2,0.0,0.0,0.0,,,0.0,-5.2,4.3,-1.4,3201,3504.0,-7.2,1.0,5793,-
4819,デジタルガレージ,情報・通信業,2.2,★☆☆☆☆,0.0,0.0,1.0,0.0,1.2,0.0,0.0,0.0,,,0.0,-8.4,4.5,-2.9,2036,2237.0,-2.1,1.2,614,-
1419,タマホーム,建設業,2.2,★☆☆☆☆,0.0,0.0,0.0,0.0,1.5,0.0,0.7,0.0,,,0.0,-5.6,1.7,-0.4,2867,2970.0,1.4,0.5,312,開示[受注](9日前)
9517,イーレックス,電気・ガス業,2.2,★☆☆☆☆,0.0,0.0,1.0,0.0,1.2,0.0,0.0,0.0,,,0.0,-9.1,3.7,-0.3,789,852.0,-1.4,1.4,206,-
4293,セプテーニ・ホールディングス,サービス業,2.2,★☆☆☆☆,0.0,0.0,0.0,0.0,2.2,0.0,0.0,0.0,,,0.0,-1.7,3.1,-0.3,475,507.0,-0.6,0.5,223,-
6196,ストライクグループ,サービス業,2.2,★☆☆☆☆,0.0,0.0,1.0,0.0,1.2,0.0,0.0,0.0,,,0.0,-6.0,2.6,-0.7,1260,1329.0,0.5,0.6,505,-
6005,三浦工業,機械,2.2,★☆☆☆☆,0.0,0.0,1.0,0.0,1.2,0.0,0.0,0.0,,,0.0,-6.5,3.0,-2.3,2929,3113.0,2.4,1.2,1463,-
6455,モリタホールディングス,輸送用機器,2.0,★☆☆☆☆,0.0,0.0,1.0,0.0,1.0,0.0,0.0,0.0,,,0.0,-5.1,2.5,-0.8,2280,2400.0,1.9,1.0,183,-
3774,インターネットイニシアティブ,情報・通信業,2.0,★☆☆☆☆,0.0,0.0,0.0,0.0,2.0,0.0,0.0,0.0,,,0.0,-6.5,2.8,-1.8,3250,3440.0,-0.4,0.6,1832,-
8630,ＳＯＭＰＯホールディングス,保険業,2.0,★☆☆☆☆,0.0,0.0,0.0,0.0,2.0,0.0,0.0,0.0,,,0.0,-3.5,2.5,-2.7,6398,6740.0,-3.1,1.2,17707,-
8593,三菱ＨＣキャピタル,その他金融業,2.0,★☆☆☆☆,0.0,0.0,0.0,0.0,2.0,0.0,0.0,0.0,,,0.0,-5.8,2.5,-3.2,1313,1382.0,-0.2,0.7,6890,-
9065,山九,陸運業,2.0,★☆☆☆☆,0.0,0.0,1.0,0.0,1.0,0.0,0.0,0.0,,,0.0,-5.8,2.6,-3.0,8175,8615.0,2.2,0.6,2401,-
7932,ニッピ,その他製品,2.0,★☆☆☆☆,0.0,0.0,1.0,0.0,1.0,0.0,0.0,0.0,,,0.0,-7.5,2.1,-2.5,11236,11720.0,4.1,0.3,125,-
9997,ベルーナ,小売業,2.0,★☆☆☆☆,0.0,0.0,0.0,0.0,2.0,0.0,0.0,0.0,,,0.0,-7.4,2.6,-0.3,985,1039.0,3.6,1.0,308,-
2157,コシダカホールディングス,サービス業,2.0,★☆☆☆☆,0.0,0.0,2.0,0.0,0.0,0.0,0.0,0.0,,,0.0,-8.5,2.0,-1.9,983,1024.0,0.4,1.2,697,-
7649,スギホールディングス,小売業,2.0,★☆☆☆☆,0.0,0.0,2.0,0.0,0.0,0.0,0.0,0.0,,,0.0,-13.5,3.1,-5.2,2539,2709.0,-3.4,1.6,2896,-
9006,京浜急行電鉄,陸運業,2.0,★☆☆☆☆,0.0,0.0,0.0,0.0,2.0,0.0,0.0,0.0,,,0.0,-8.6,2.1,-1.3,1470,1534.5,2.0,0.7,1437,-
8160,木曽路,小売業,2.0,★☆☆☆☆,0.0,0.0,1.0,0.0,1.0,0.0,0.0,0.0,,,0.0,-6.3,2.1,-1.1,2294,2393.0,-0.9,1.2,257,-
2810,ハウス食品グループ本社,食料品,2.0,★☆☆☆☆,0.0,0.0,0.0,0.0,2.0,0.0,0.0,0.0,,,0.0,-9.1,2.5,-2.6,3559,3745.0,-0.1,0.8,1063,-
3544,サツドラホールディングス,小売業,2.0,★☆☆☆☆,0.0,0.0,0.0,0.0,2.0,0.0,0.0,0.0,,,0.0,-3.2,0.3,-0.1,1239,1246.0,-0.4,0.1,177,-
9828,Ｇｅｎｋｉ　Ｇｌｏｂａｌ　Ｄｉｎｉｎｇ　Ｃｏｎｃｅｐｔｓ,小売業,2.0,★☆☆☆☆,0.0,0.0,2.0,0.0,0.0,0.0,0.0,0.0,,,0.0,-9.2,3.7,-1.3,3081,3325.0,1.5,0.9,275,-
9882,イエローハット,卸売業,2.0,★☆☆☆☆,0.0,0.0,0.0,0.0,2.0,0.0,0.0,0.0,,,0.0,-7.7,1.9,-0.8,1707,1775.0,1.7,0.9,331,-
8252,丸井グループ,小売業,2.0,★☆☆☆☆,0.0,0.0,0.0,0.0,2.0,0.0,0.0,0.0,,,0.0,-5.9,2.2,-0.6,2810,2941.5,-0.5,0.7,2866,-
8914,エリアリンク,不動産業,2.0,★☆☆☆☆,0.0,0.0,2.0,0.0,0.0,0.0,0.0,0.0,,,0.0,-3.9,4.6,-2.2,823,905.0,-0.7,0.5,150,-
4540,ツムラ,医薬品,2.0,★☆☆☆☆,0.0,0.0,2.0,0.0,0.0,0.0,0.0,0.0,,,0.0,-8.0,2.0,-2.2,3593,3740.0,-0.5,1.3,1677,-
5461,中部鋼鈑,鉄鋼,2.0,★☆☆☆☆,0.0,0.0,2.0,0.0,0.0,0.0,0.0,0.0,,,0.0,-3.4,2.0,-0.0,1996,2081.0,3.0,0.7,212,-
2501,サッポロビール,食料品,2.0,★☆☆☆☆,0.0,0.0,1.0,0.0,1.0,0.0,0.0,0.0,,,0.0,-10.7,4.4,-3.4,1762,1933.0,-0.9,1.0,3233,-
8200,リンガーハット,小売業,2.0,★☆☆☆☆,0.0,0.0,0.0,0.0,2.0,0.0,0.0,0.0,,,0.0,-5.7,2.2,-1.1,2188,2291.0,-0.3,0.6,304,-
2270,雪印メグミルク,食料品,2.0,★☆☆☆☆,0.0,0.0,0.0,0.0,2.0,0.0,0.0,0.0,,,0.0,-5.4,3.3,-1.0,3424,3670.0,2.9,0.7,781,-
7981,タカラスタンダード,その他製品,2.0,★☆☆☆☆,0.0,0.0,1.0,0.0,1.0,0.0,0.0,0.0,,,0.0,-7.5,2.5,-3.1,2837,2983.0,-1.4,0.9,481,-
9887,松屋フーズホールディングス,小売業,2.0,★☆☆☆☆,0.0,0.0,2.0,0.0,0.0,0.0,0.0,0.0,,,0.0,-9.0,2.7,-3.5,4557,4820.0,-4.2,1.7,388,-
5253,カバー,情報・通信業,2.0,★☆☆☆☆,0.0,0.0,2.0,0.0,0.0,0.0,0.0,0.0,,,0.0,-11.3,5.4,-2.3,1373,1540.0,-4.3,0.7,4324,資金流入増
8136,サンリオ,卸売業,2.0,★☆☆☆☆,0.0,0.0,2.0,0.0,0.0,0.0,0.0,0.0,,,0.0,-6.0,7.3,-4.2,1020,1194.0,-17.9,0.8,37397,-
2288,丸大食品,食料品,2.0,★☆☆☆☆,0.0,0.0,1.0,0.0,1.0,0.0,0.0,0.0,,,0.0,-7.3,2.3,-1.0,2126,2230.0,3.5,0.6,253,-
2897,日清食品ホールディングス,食料品,2.0,★☆☆☆☆,0.0,0.0,2.0,0.0,0.0,0.0,0.0,0.0,,,0.0,-6.4,3.5,-0.1,2715,2920.0,-2.0,0.5,4942,-
2871,ニチレイ,食料品,2.0,★☆☆☆☆,0.0,0.0,0.0,0.0,2.0,0.0,0.0,0.0,,,0.0,-4.9,3.7,-1.0,1985,2141.5,-1.6,0.7,3690,-
9202,ＡＮＡホールディングス,空運業,2.0,★☆☆☆☆,0.0,0.0,0.0,0.0,2.0,0.0,0.0,0.0,,,0.0,-4.7,2.1,-1.3,2910,3040.0,-2.1,0.7,8050,-
8086,ニプロ,精密機器,2.0,★☆☆☆☆,0.0,0.0,0.0,0.0,2.0,0.0,0.0,0.0,,,0.0,-5.4,2.5,-1.0,1510,1588.5,-4.9,0.9,1112,-
9142,九州旅客鉄道,陸運業,2.0,★☆☆☆☆,0.0,0.0,1.0,0.0,1.0,0.0,0.0,0.0,,,0.0,-10.3,2.2,-3.3,3298,3453.0,0.1,0.7,2812,-
8934,サンフロンティア不動産,不動産業,2.0,★☆☆☆☆,0.0,0.0,1.0,0.0,1.0,0.0,0.0,0.0,,,0.0,-6.3,2.1,-0.9,2366,2472.0,0.1,0.8,284,-
3151,バイタルケーエスケー・ホールディングス,卸売業,2.0,★☆☆☆☆,0.0,0.0,0.0,0.0,2.0,0.0,0.0,0.0,,,0.0,-8.1,2.7,-2.4,1504,1588.0,-0.3,0.8,140,-
8572,アコム,その他金融業,2.0,★☆☆☆☆,0.0,0.0,0.0,0.0,2.0,0.0,0.0,0.0,,,0.0,-5.9,1.8,-0.7,463,480.3999938964844,0.0,0.8,680,-
4419,Ｆｉｎａｔｅｘｔホールディングス,情報・通信業,2.0,★☆☆☆☆,0.0,0.0,2.0,0.0,0.0,0.0,0.0,0.0,,,0.0,-25.2,8.8,-15.5,1081,1314.0,-18.0,1.3,1048,-
2674,ハードオフコーポレーション,小売業,2.0,★☆☆☆☆,0.0,0.0,1.0,0.0,1.0,0.0,0.0,0.0,,,0.0,-5.5,4.3,-3.3,2501,2738.0,-4.4,0.9,265,-
4345,シーティーエス,サービス業,2.0,★☆☆☆☆,0.0,0.0,2.0,0.0,0.0,0.0,0.0,0.0,,,0.0,-6.3,2.5,-0.8,802,844.0,1.7,0.6,102,資金流入増
8439,東京センチュリー,その他金融業,2.0,★☆☆☆☆,0.0,0.0,0.0,0.0,2.0,0.0,0.0,0.0,,,0.0,-7.8,2.6,-2.1,2410,2540.0,1.9,0.7,1804,-
4755,楽天グループ,サービス業,2.0,★☆☆☆☆,0.0,0.0,2.0,0.0,0.0,0.0,0.0,0.0,,,0.0,-8.5,4.0,-4.8,710,772.7000122070312,-10.6,1.4,14516,-
9715,トランス・コスモス,サービス業,2.0,★☆☆☆☆,0.0,0.0,1.0,0.0,1.0,0.0,0.0,0.0,,,0.0,-6.8,2.4,-1.2,3464,3640.0,0.8,0.4,362,-
7921,ＴＡＫＡＲＡ　＆　ＣＯＭＰＡＮＹ,その他製品,2.0,★☆☆☆☆,0.0,0.0,0.0,0.0,2.0,0.0,0.0,0.0,,,0.0,-9.4,3.0,-1.0,4003,4260.0,1.9,1.2,170,-
3656,ＫＬａｂ,情報・通信業,2.0,★☆☆☆☆,0.0,0.0,2.0,0.0,0.0,0.0,0.0,0.0,,,0.0,-7.2,6.4,-9.5,171,196.0,-7.1,1.7,840,-
4204,積水化学工業,化学,2.0,★☆☆☆☆,0.0,0.0,1.0,0.0,1.0,0.0,0.0,0.0,,,0.0,-5.5,1.9,-0.5,2556,2656.0,-1.2,0.9,4336,-
8566,リコーリース,その他金融業,2.0,★☆☆☆☆,0.0,0.0,0.0,0.0,2.0,0.0,0.0,0.0,,,0.0,-5.2,2.1,-1.0,6309,6580.0,-1.1,0.6,292,-
9064,ヤマトホールディングス,陸運業,2.0,★☆☆☆☆,0.0,0.0,2.0,0.0,0.0,0.0,0.0,0.0,,,0.0,-8.9,3.4,-3.4,1796,1927.5,-0.3,0.7,3104,-
9532,大阪瓦斯,電気・ガス業,2.0,★☆☆☆☆,0.0,0.0,0.0,0.0,2.0,0.0,0.0,0.0,,,0.0,-3.7,2.5,0.1,5168,5444.0,0.5,0.5,5370,-
5930,文化シヤッター,金属製品,2.0,★☆☆☆☆,0.0,0.0,2.0,0.0,0.0,0.0,0.0,0.0,,,0.0,-10.2,2.5,-3.8,1724,1816.0,0.3,1.5,286,-
9301,三菱倉庫,倉庫・運輸関連業,2.0,★☆☆☆☆,0.0,0.0,0.0,0.0,2.0,0.0,0.0,0.0,,,0.0,-8.3,2.9,-2.8,1424,1512.0,-0.7,1.1,1894,-
3387,クリエイト・レストランツ・ホールディングス,小売業,2.0,★☆☆☆☆,0.0,0.0,0.0,0.0,2.0,0.0,0.0,0.0,,,0.0,-6.5,2.1,-0.8,734,767.0,1.3,1.0,1273,-
6632,ＪＶＣケンウッド,電気機器,2.0,★☆☆☆☆,0.0,0.0,2.0,0.0,0.0,0.0,0.0,0.0,,,0.0,-16.0,4.8,-6.4,914,1011.0,0.1,0.7,1453,-
9946,ミニストップ,小売業,2.0,★☆☆☆☆,0.0,0.0,1.0,0.0,1.0,0.0,0.0,0.0,,,0.0,-5.1,0.9,-0.5,1792,1827.0,0.1,0.9,116,-
4732,ユー・エス・エス,サービス業,2.0,★☆☆☆☆,0.0,0.0,0.0,0.0,2.0,0.0,0.0,0.0,,,0.0,-6.8,1.9,-0.9,1899,1974.0,-1.5,0.8,2192,-
2811,カゴメ,食料品,2.0,★☆☆☆☆,0.0,0.0,2.0,0.0,0.0,0.0,0.0,0.0,,,0.0,-8.6,2.5,-1.1,2520,2654.0,-0.2,1.7,1043,-
2002,日清製粉グループ本社,食料品,2.0,★☆☆☆☆,0.0,0.0,0.0,0.0,2.0,0.0,0.0,0.0,,,0.0,-7.3,2.6,-0.9,1903,2009.0,0.6,1.1,1862,-
1861,熊谷組,建設業,2.0,★☆☆☆☆,0.0,0.0,2.0,0.0,0.0,0.0,0.0,0.0,,,0.0,-15.4,2.9,-7.9,1222,1298.0,0.5,1.3,1417,-
1723,日本電技,建設業,2.0,★☆☆☆☆,0.0,0.0,2.0,0.0,0.0,0.0,0.0,0.0,,,0.0,-3.0,6.2,-3.3,1856,2117.0,0.0,0.8,640,-
4704,トレンドマイクロ,情報・通信業,2.0,★☆☆☆☆,0.0,0.0,2.0,0.0,0.0,0.0,0.0,0.0,,,0.0,-20.1,5.6,-13.9,4896,5516.0,-20.2,1.9,6805,-
4519,中外製薬,医薬品,1.5,★☆☆☆☆,0.0,0.0,0.0,0.0,1.5,0.0,0.0,0.0,,,0.0,-11.7,2.7,-2.9,6477,6847.0,-3.7,0.7,21028,-
1803,清水建設,建設業,1.5,★☆☆☆☆,0.0,0.0,0.0,0.0,1.5,0.0,0.0,0.0,,,0.0,-6.5,4.1,-1.6,2190,2386.5,0.5,0.6,9318,-
9413,テレビ東京ホールディングス,情報・通信業,1.5,★☆☆☆☆,0.0,0.0,0.0,0.0,1.5,0.0,0.0,0.0,,,0.0,-10.9,2.5,-2.9,3216,3385.0,1.3,0.7,344,-
7373,アイドマ・ホールディングス,サービス業,1.5,★☆☆☆☆,0.0,0.0,0.0,0.0,1.5,0.0,0.0,0.0,,,0.0,-12.6,2.5,-3.0,895,942.0,0.7,0.6,116,-
3046,ジンズホールディングス,小売業,1.5,★☆☆☆☆,0.0,0.0,0.0,0.0,1.5,0.0,0.0,0.0,,,0.0,-6.4,4.2,-3.8,5736,6260.0,-3.1,0.9,2229,-
2337,いちご,不動産業,1.5,★☆☆☆☆,0.0,0.0,0.0,0.0,1.5,0.0,0.0,0.0,,,0.0,-10.7,2.0,-2.2,391,407.0,2.0,0.6,346,-
2130,メンバーズ,サービス業,1.5,★☆☆☆☆,0.0,0.0,0.0,0.0,1.5,0.0,0.0,0.0,,,0.0,-16.6,3.8,-4.8,893,966.0,6.2,1.0,111,-
1968,太平電業,建設業,1.5,★☆☆☆☆,0.0,0.0,0.0,0.0,1.5,0.0,0.0,0.0,,,0.0,-5.6,3.5,-1.9,2217,2385.0,0.4,0.7,448,-
1801,大成建設,建設業,1.5,★☆☆☆☆,0.0,0.0,0.0,0.0,1.5,0.0,0.0,0.0,,,0.0,-10.0,3.8,-4.4,11738,12695.0,0.5,0.7,8289,-
9256,サクシード,サービス業,1.5,★☆☆☆☆,0.0,0.0,0.0,0.0,1.5,0.0,0.0,0.0,,,0.0,-76.2,12.2,-47.6,906,1198.0,-4.9,0.2,584,-
1950,日本電設工業,建設業,1.5,★☆☆☆☆,0.0,0.0,0.0,0.0,1.5,0.0,0.0,0.0,,,0.0,-7.6,3.5,-2.9,3588,3860.0,0.4,0.7,555,-
1979,大氣社,建設業,1.4,★☆☆☆☆,0.0,0.0,0.0,0.0,1.0,0.0,0.4,0.0,,,0.0,-14.3,3.8,-6.0,3764,4070.0,0.9,0.7,1345,開示[自己株式の取得](12日前)
9005,東急,陸運業,1.4,★☆☆☆☆,0.0,0.0,0.0,0.0,1.0,0.0,0.4,0.0,,,0.0,-12.5,2.2,-4.4,1571,1642.0,-0.2,0.9,4499,開示[自己株式の取得](12日前)
1911,住友林業,建設業,1.4,★☆☆☆☆,0.0,0.0,1.0,0.0,0.0,0.0,0.4,0.0,,,0.0,-8.9,2.6,-2.2,1247,1315.5,-1.6,1.4,5158,開示[業績予想の修正](12日前)
2980,ＳＲＥホールディングス,不動産業,1.2,★☆☆☆☆,0.0,0.0,0.0,0.0,1.2,0.0,0.0,0.0,,,0.0,-4.3,4.6,-2.6,2289,2518.0,-1.9,0.8,896,-
3880,大王製紙,パルプ・紙,1.2,★☆☆☆☆,0.0,0.0,0.0,0.0,1.2,0.0,0.0,0.0,,,0.0,-4.3,2.6,-0.5,920,971.0,-1.9,1.0,249,-
5834,ＳＢＩリーシングサービス,証券、商品先物取引業,1.2,★☆☆☆☆,0.0,0.0,0.0,0.0,1.2,0.0,0.0,0.0,,,0.0,-1.8,3.2,-1.0,2565,2742.0,-0.5,0.7,240,-
7701,島津製作所,精密機器,1.2,★☆☆☆☆,0.0,0.0,0.0,0.0,1.2,0.0,0.0,0.0,,,0.0,-7.3,2.5,-1.3,3887,4092.0,-0.9,0.8,4093,-
3349,コスモス薬品,小売業,1.0,★☆☆☆☆,0.0,0.0,1.0,0.0,0.0,0.0,0.0,0.0,,,0.0,-5.8,3.7,-0.2,5933,6406.0,-1.2,0.7,2660,-
9409,テレビ朝日ホールディングス,情報・通信業,1.0,★☆☆☆☆,0.0,0.0,0.0,0.0,1.0,0.0,0.0,0.0,,,0.0,-8.2,2.4,-2.2,2903,3050.0,0.0,0.6,661,-
3863,日本製紙,パルプ・紙,1.0,★☆☆☆☆,0.0,0.0,0.0,0.0,1.0,0.0,0.0,0.0,,,0.0,-11.2,4.7,-3.5,1242,1372.0,-1.6,0.8,1482,-
3865,北越コーポレーション,パルプ・紙,1.0,★☆☆☆☆,0.0,0.0,1.0,0.0,0.0,0.0,0.0,0.0,,,0.0,-8.3,3.3,-2.8,835,893.0,-5.1,1.3,242,-
1833,奥村組,建設業,1.0,★☆☆☆☆,0.0,0.0,0.0,0.0,1.0,0.0,0.0,0.0,,,0.0,-3.0,2.0,0.0,5491,5720.0,1.2,0.6,715,-
9960,東テク,卸売業,1.0,★☆☆☆☆,0.0,0.0,0.0,0.0,1.0,0.0,0.0,0.0,,,0.0,-9.2,3.6,-3.8,3516,3790.0,2.2,0.7,411,-
8715,アニコム　ホールディングス,保険業,1.0,★☆☆☆☆,0.0,0.0,1.0,0.0,0.0,0.0,0.0,0.0,,,0.0,-6.6,4.4,-4.2,1043,1143.0,-8.0,1.4,502,-
5938,ＬＩＸＩＬ,金属製品,1.0,★☆☆☆☆,0.0,0.0,1.0,0.0,0.0,0.0,0.0,0.0,,,0.0,-13.7,2.5,-5.7,1629,1715.0,-5.7,1.3,4421,-
1333,Ｕｍｉｏｓ,水産・農林業,1.0,★☆☆☆☆,0.0,0.0,0.0,0.0,1.0,0.0,0.0,0.0,,,0.0,-7.5,2.0,-0.5,1250,1302.0,2.6,0.9,704,-
1928,積水ハウス,建設業,1.0,★☆☆☆☆,0.0,0.0,0.0,0.0,1.0,0.0,0.0,0.0,,,0.0,-7.9,1.9,-2.2,3252,3382.0,-1.3,0.6,9901,-
9735,セコム,サービス業,1.0,★☆☆☆☆,0.0,0.0,0.0,0.0,1.0,0.0,0.0,0.0,,,0.0,-10.8,3.2,-5.1,5953,6364.0,0.4,0.7,9443,-
9987,スズケン,卸売業,1.0,★☆☆☆☆,0.0,0.0,1.0,0.0,0.0,0.0,0.0,0.0,,,0.0,-7.7,2.7,-0.6,4770,5038.0,3.5,0.8,880,-
9989,サンドラッグ,小売業,1.0,★☆☆☆☆,0.0,0.0,1.0,0.0,0.0,0.0,0.0,0.0,,,0.0,-11.0,2.1,-3.7,3488,3640.0,-2.0,1.5,1974,-
4751,サイバーエージェント,サービス業,1.0,★☆☆☆☆,0.0,0.0,1.0,0.0,0.0,0.0,0.0,0.0,,,0.0,-20.5,4.7,-11.7,1139,1256.5,0.6,1.2,9541,-
9601,松竹,情報・通信業,1.0,★☆☆☆☆,0.0,0.0,1.0,0.0,0.0,0.0,0.0,0.0,,,0.0,-9.6,2.8,-3.7,10113,10720.0,0.7,0.7,663,-
7917,ＺＡＣＲＯＳ,化学,1.0,★☆☆☆☆,0.0,0.0,0.0,0.0,1.0,0.0,0.0,0.0,,,0.0,-11.4,3.3,-3.9,1213,1300.0,1.3,0.6,236,-
7157,ライフネット生命保険,保険業,1.0,★☆☆☆☆,0.0,0.0,1.0,0.0,0.0,0.0,0.0,0.0,,,0.0,-13.9,4.1,-8.9,1379,1502.0,-11.6,1.4,401,-
3150,グリムス,電気・ガス業,1.0,★☆☆☆☆,0.0,0.0,0.0,0.0,1.0,0.0,0.0,0.0,,,0.0,-9.3,2.2,-2.4,2379,2490.0,0.6,1.0,126,-
6849,日本光電工業,電気機器,1.0,★☆☆☆☆,0.0,0.0,1.0,0.0,0.0,0.0,0.0,0.0,,,0.0,-10.6,4.0,-4.3,1354,1472.5,-2.8,0.8,1344,-
2678,アスクル,小売業,1.0,★☆☆☆☆,0.0,0.0,1.0,0.0,0.0,0.0,0.0,0.0,,,0.0,-6.4,2.4,-1.3,1180,1238.0,-1.4,0.7,543,-
9435,光通信,情報・通信業,1.0,★☆☆☆☆,0.0,0.0,0.0,0.0,1.0,0.0,0.0,0.0,,,0.0,-3.1,2.8,-2.4,35600,37720.0,-6.1,1.0,4002,-
4307,野村総合研究所,情報・通信業,1.0,★☆☆☆☆,0.0,0.0,1.0,0.0,0.0,0.0,0.0,0.0,,,0.0,-9.9,4.9,-3.0,4367,4837.0,-2.7,0.5,15710,-
8153,モスフードサービス,卸売業,1.0,★☆☆☆☆,0.0,0.0,0.0,0.0,1.0,0.0,0.0,0.0,,,0.0,-6.0,2.4,-0.2,3611,3790.0,1.3,0.9,392,-
8850,スターツコーポレーション,不動産業,1.0,★☆☆☆☆,0.0,0.0,0.0,0.0,1.0,0.0,0.0,0.0,,,0.0,-6.8,2.1,-1.0,4473,4665.0,-0.6,0.8,309,-
9042,阪急阪神ホールディングス,陸運業,1.0,★☆☆☆☆,0.0,0.0,0.0,0.0,1.0,0.0,0.0,0.0,,,0.0,-5.7,2.9,-0.9,4383,4653.0,2.4,0.5,4936,-
2875,東洋水産,食料品,1.0,★☆☆☆☆,0.0,0.0,0.0,0.0,1.0,0.0,0.0,0.0,,,0.0,-7.6,3.4,-0.6,9869,10585.0,-0.0,0.4,5338,-
2587,サントリービバレッジ＆フード,食料品,1.0,★☆☆☆☆,0.0,0.0,0.0,0.0,1.0,0.0,0.0,0.0,,,0.0,-8.8,2.9,-3.1,4234,4497.0,-3.1,0.7,5777,-
7984,コクヨ,その他製品,1.0,★☆☆☆☆,0.0,0.0,0.0,0.0,1.0,0.0,0.0,0.0,,,0.0,-4.4,2.2,-0.9,825,863.4000244140625,-1.8,1.0,959,-
9364,上組,倉庫・運輸関連業,1.0,★☆☆☆☆,0.0,0.0,0.0,0.0,1.0,0.0,0.0,0.0,,,0.0,-10.2,2.0,-4.3,4687,4887.0,-2.9,0.8,1765,-
1925,大和ハウス工業,建設業,1.0,★☆☆☆☆,0.0,0.0,0.0,0.0,1.0,0.0,0.0,0.0,,,0.0,-4.8,2.0,-0.5,4419,4599.0,0.8,0.7,9797,-
1878,大東建託,不動産業,1.0,★☆☆☆☆,0.0,0.0,0.0,0.0,1.0,0.0,0.0,0.0,,,0.0,-5.6,2.8,-1.7,3029,3212.0,-1.2,0.8,5896,-
7860,エイベックス,情報・通信業,1.0,★☆☆☆☆,0.0,0.0,1.0,0.0,0.0,0.0,0.0,0.0,,,0.0,-6.9,2.4,-1.4,1193,1253.0,0.2,0.8,244,-
9983,ファーストリテイリング,小売業,1.0,★☆☆☆☆,0.0,0.0,0.0,0.0,1.0,0.0,0.0,0.0,,,0.0,-10.0,2.6,-4.4,71164,75010.0,-4.7,0.9,89897,-
6586,マキタ,機械,1.0,★☆☆☆☆,0.0,0.0,0.0,0.0,1.0,0.0,0.0,0.0,,,0.0,-10.8,3.5,-4.8,4888,5253.0,-3.4,0.6,5541,-
9267,Ｇｅｎｋｙ　ＤｒｕｇＳｔｏｒｅｓ,小売業,1.0,★☆☆☆☆,0.0,0.0,1.0,0.0,0.0,0.0,0.0,0.0,,,0.0,-9.8,4.2,-3.3,3294,3595.0,3.5,0.8,368,-
9401,ＴＢＳホールディングス,情報・通信業,1.0,★☆☆☆☆,0.0,0.0,0.0,0.0,1.0,0.0,0.0,0.0,,,0.0,-11.5,2.7,-4.0,5520,5832.0,2.1,0.7,2039,-
4691,ワシントンホテル,サービス業,1.0,★☆☆☆☆,0.0,0.0,1.0,0.0,0.0,0.0,0.0,0.0,,,0.0,-16.6,5.2,-8.2,1855,2069.0,-10.7,1.5,116,-
9336,大栄環境,サービス業,1.0,★☆☆☆☆,0.0,0.0,0.0,0.0,1.0,0.0,0.0,0.0,,,0.0,-9.5,3.2,-4.2,3381,3610.0,-3.7,0.9,609,-
8056,ＢＩＰＲＯＧＹ,情報・通信業,1.0,★☆☆☆☆,0.0,0.0,1.0,0.0,0.0,0.0,0.0,0.0,,,0.0,-10.1,4.5,-4.4,4032,4435.0,1.7,0.8,2685,-
8766,東京海上ホールディングス,保険業,1.0,★☆☆☆☆,0.0,0.0,0.0,0.0,1.0,0.0,0.0,0.0,,,0.0,-7.2,2.7,-6.0,6978,7371.0,-4.9,0.9,37419,-
8844,コスモスイニシア,不動産業,1.0,★☆☆☆☆,0.0,0.0,0.0,0.0,1.0,0.0,0.0,0.0,,,0.0,-13.0,2.8,-3.3,1198,1270.0,5.4,0.6,114,-
2593,伊藤園,食料品,1.0,★☆☆☆☆,0.0,0.0,1.0,0.0,0.0,0.0,0.0,0.0,,,0.0,-10.3,2.9,-2.2,2766,2937.0,-1.6,0.7,1167,-
6013,タクマ,機械,1.0,★☆☆☆☆,0.0,0.0,0.0,0.0,1.0,0.0,0.0,0.0,,,0.0,-8.0,3.0,-3.5,3038,3235.0,1.4,1.0,697,-
6104,芝浦機械,機械,1.0,★☆☆☆☆,0.0,0.0,0.0,0.0,1.0,0.0,0.0,0.0,,,0.0,-11.8,4.4,-4.9,3834,4200.0,2.4,0.6,832,-
4553,東和薬品,医薬品,1.0,★☆☆☆☆,0.0,0.0,0.0,0.0,1.0,0.0,0.0,0.0,,,0.0,-13.8,3.9,-4.3,3534,3830.0,3.4,1.0,493,-
9020,東日本旅客鉄道,陸運業,1.0,★☆☆☆☆,0.0,0.0,0.0,0.0,1.0,0.0,0.0,0.0,,,0.0,-9.9,2.9,-3.3,3250,3453.0,0.0,0.9,12265,-
2201,森永製菓,食料品,1.0,★☆☆☆☆,0.0,0.0,0.0,0.0,1.0,0.0,0.0,0.0,,,0.0,-11.8,2.5,-4.1,2395,2522.5,-1.1,1.1,880,-
9021,西日本旅客鉄道,陸運業,1.0,★☆☆☆☆,0.0,0.0,0.0,0.0,1.0,0.0,0.0,0.0,,,0.0,-8.9,2.7,-2.8,2726,2884.0,0.5,0.8,7889,-
9022,東海旅客鉄道,陸運業,1.0,★☆☆☆☆,0.0,0.0,1.0,0.0,0.0,0.0,0.0,0.0,,,0.0,-3.4,2.9,-0.9,3608,3833.0,-0.3,0.6,11281,-
2327,日鉄ソリューションズ,情報・通信業,1.0,★☆☆☆☆,0.0,0.0,0.0,0.0,1.0,0.0,0.0,0.0,,,0.0,-6.9,2.8,-1.2,3559,3769.0,-1.6,0.7,1024,-
8129,東邦ホールディングス,卸売業,1.0,★☆☆☆☆,0.0,0.0,1.0,0.0,0.0,0.0,0.0,0.0,,,0.0,-9.3,3.6,-1.7,3619,3900.0,3.4,0.8,752,-
4889,レナサイエンス,医薬品,1.0,★☆☆☆☆,0.0,0.0,1.0,0.0,0.0,0.0,0.0,0.0,,,0.0,-15.5,8.8,-10.1,1072,1300.0,2.6,1.3,611,-
2175,エス・エム・エス,サービス業,1.0,★☆☆☆☆,0.0,0.0,1.0,0.0,0.0,0.0,0.0,0.0,,,0.0,-11.3,3.9,-2.7,2105,2284.0,-0.4,0.6,1385,-
8141,新光商事,卸売業,1.0,★☆☆☆☆,0.0,0.0,0.0,0.0,1.0,0.0,0.0,0.0,,,0.0,-7.5,0.7,-0.7,1544,1567.0,0.1,0.2,166,-
7419,ノジマ,小売業,1.0,★☆☆☆☆,0.0,0.0,0.0,0.0,1.0,0.0,0.0,0.0,,,0.0,-8.4,3.0,-4.1,1218,1295.0,-1.7,1.0,1212,-
8233,高島屋,小売業,1.0,★☆☆☆☆,0.0,0.0,0.0,0.0,1.0,0.0,0.0,0.0,,,0.0,-13.8,2.7,-2.4,2145,2265.5,-1.7,0.7,3751,-
3191,ジョイフル本田,小売業,1.0,★☆☆☆☆,0.0,0.0,0.0,0.0,1.0,0.0,0.0,0.0,,,0.0,-6.1,3.6,-1.5,2116,2278.0,-1.1,0.4,600,-
7259,アイシン,輸送用機器,1.0,★☆☆☆☆,0.0,0.0,1.0,0.0,0.0,0.0,0.0,0.0,,,0.0,-5.1,3.4,-1.1,2104,2258.0,0.8,0.6,5763,-
6995,東海理化電機製作所,輸送用機器,1.0,★☆☆☆☆,0.0,0.0,0.0,0.0,1.0,0.0,0.0,0.0,,,0.0,-4.7,2.8,-0.4,2926,3100.0,1.6,0.5,491,-
3003,ヒューリック,不動産業,1.0,★☆☆☆☆,0.0,0.0,0.0,0.0,1.0,0.0,0.0,0.0,,,0.0,-7.9,2.3,-1.9,1659,1739.5,0.3,0.5,4808,-
3289,東急不動産ホールディングス,不動産業,1.0,★☆☆☆☆,0.0,0.0,0.0,0.0,1.0,0.0,0.0,0.0,,,0.0,-6.0,1.9,-1.0,1265,1315.0,1.1,0.9,3824,-
2533,オエノンホールディングス,食料品,1.0,★☆☆☆☆,0.0,0.0,1.0,0.0,0.0,0.0,0.0,0.0,,,0.0,-9.9,4.1,-3.3,429,468.0,4.7,0.4,121,-
2579,コカ・コーラ　ボトラーズジャパンホールディングス,食料品,1.0,★☆☆☆☆,0.0,0.0,0.0,0.0,1.0,0.0,0.0,0.0,,,0.0,-17.3,4.9,-8.2,3401,3769.0,-5.5,0.6,4257,-
7476,アズワン,卸売業,0.9,★☆☆☆☆,0.0,0.0,0.0,0.0,0.0,0.0,0.9,0.0,,,0.0,-10.2,2.9,-3.0,2220,2358.5,-1.0,0.5,425,開示[自己株式の取得](12日前) / 開示[自己株式の取得](12日前)
9068,丸全昭和運輸,陸運業,0.7,★☆☆☆☆,0.0,0.0,0.0,0.0,0.0,0.0,0.7,0.0,,,0.0,-7.7,2.6,-2.4,7017,7400.0,-4.1,0.6,232,開示[株式分割](9日前)
3984,ユーザーローカル,情報・通信業,0.4,★☆☆☆☆,0.0,0.0,0.0,0.0,0.0,0.0,0.4,0.0,,,0.0,-17.5,4.5,-8.7,1433,1575.0,7.3,0.8,204,開示[自己株式の取得](12日前)
9045,京阪ホールディングス,陸運業,0.0,★☆☆☆☆,0.0,0.0,0.0,0.0,0.0,0.0,0.0,0.0,,,0.0,-8.6,2.3,-2.0,2999,3142.0,-0.1,0.9,1040,-
9010,富士急行,陸運業,0.0,★☆☆☆☆,0.0,0.0,0.0,0.0,0.0,0.0,0.0,0.0,,,0.0,-2.8,2.8,-0.2,2549,2700.0,-1.6,0.7,449,-
9023,東京地下鉄,陸運業,0.0,★☆☆☆☆,0.0,0.0,0.0,0.0,0.0,0.0,0.0,0.0,,,0.0,-7.3,2.0,-1.3,1383,1440.5,-1.6,0.7,3196,-
4151,協和キリン,医薬品,0.0,★☆☆☆☆,0.0,0.0,0.0,0.0,0.0,0.0,0.0,0.0,,,0.0,-8.6,2.7,-1.2,2425,2564.0,0.1,0.8,2784,-
7270,ＳＵＢＡＲＵ,輸送用機器,0.0,★☆☆☆☆,0.0,0.0,0.0,0.0,0.0,0.0,0.0,0.0,,,0.0,-3.0,3.7,-0.2,2396,2588.5,-1.0,0.7,13275,-
3092,ＺＯＺＯ,小売業,0.0,★☆☆☆☆,0.0,0.0,0.0,0.0,0.0,0.0,0.0,0.0,,,0.0,-12.6,3.1,-4.3,1036,1105.0,-5.2,0.7,4192,-
7003,三井Ｅ＆Ｓ,機械,0.0,★☆☆☆☆,0.0,0.0,0.0,0.0,0.0,0.0,0.0,0.0,,,0.0,-6.0,6.0,-2.9,3872,4396.0,4.4,0.6,13579,-
3086,Ｊ．フロント　リテイリング,小売業,0.0,★☆☆☆☆,0.0,0.0,0.0,0.0,0.0,0.0,0.0,0.0,,,0.0,-18.0,2.8,-6.0,2691,2848.5,-4.5,0.6,2941,-
3911,Ａｉｍｉｎｇ,情報・通信業,0.0,★☆☆☆☆,0.0,0.0,0.0,0.0,0.0,0.0,0.0,0.0,,,0.0,-17.3,3.7,-7.7,161,174.0,0.6,0.2,109,-
8267,イオン,小売業,0.0,★☆☆☆☆,0.0,0.0,0.0,0.0,0.0,0.0,0.0,0.0,,,0.0,-8.3,3.2,-1.8,1266,1351.5,-2.7,1.1,14459,-
8848,レオパレス２１,不動産業,0.0,★☆☆☆☆,0.0,0.0,0.0,0.0,0.0,0.0,0.0,0.0,,,0.0,-10.6,3.0,-5.1,588,625.0,-0.6,0.8,784,-
9008,京王電鉄,陸運業,0.0,★☆☆☆☆,0.0,0.0,0.0,0.0,0.0,0.0,0.0,0.0,,,0.0,-8.6,2.5,-2.2,725,763.4000244140625,1.4,0.7,1741,-
6902,デンソー,輸送用機器,0.0,★☆☆☆☆,0.0,0.0,0.0,0.0,0.0,0.0,0.0,0.0,,,0.0,-6.7,3.3,-2.2,1807,1933.5,-0.2,0.7,17979,-
3299,ムゲンエステート,不動産業,0.0,★☆☆☆☆,0.0,0.0,0.0,0.0,0.0,0.0,0.0,0.0,,,0.0,-17.6,3.3,-8.9,1605,1720.0,2.4,0.6,321,-
3836,アバントグループ,情報・通信業,0.0,★☆☆☆☆,0.0,0.0,0.0,0.0,0.0,0.0,0.0,0.0,,,0.0,-7.6,3.5,-2.2,1099,1181.0,3.8,0.7,124,-
3231,野村不動産ホールディングス,不動産業,0.0,★☆☆☆☆,0.0,0.0,0.0,0.0,0.0,0.0,0.0,0.0,,,0.0,-8.9,1.9,-2.6,876,910.2999877929688,0.2,0.9,4516,-
4967,小林製薬,化学,0.0,★☆☆☆☆,0.0,0.0,0.0,0.0,0.0,0.0,0.0,0.0,,,0.0,-5.6,2.3,-1.0,5249,5501.0,-2.1,0.6,1378,-
4935,リベルタ,化学,0.0,★☆☆☆☆,0.0,0.0,0.0,0.0,0.0,0.0,0.0,0.0,,,0.0,-20.2,9.1,-17.2,180,220.0,-2.2,0.3,478,-
9048,名古屋鉄道,陸運業,0.0,★☆☆☆☆,0.0,0.0,0.0,0.0,0.0,0.0,0.0,0.0,,,0.0,-8.1,2.2,-1.4,1781,1864.5,0.3,0.5,1653,-
2216,カンロ,食料品,0.0,★☆☆☆☆,0.0,0.0,0.0,0.0,0.0,0.0,0.0,0.0,,,0.0,-16.7,3.9,-6.4,1000,1085.0,-2.3,0.6,122,-
7211,三菱自動車工業,輸送用機器,0.0,★☆☆☆☆,0.0,0.0,0.0,0.0,0.0,0.0,0.0,0.0,,,0.0,-13.4,3.4,-3.6,325,349.0,-0.5,0.5,4070,-
7202,いすゞ自動車,輸送用機器,0.0,★☆☆☆☆,0.0,0.0,0.0,0.0,0.0,0.0,0.0,0.0,,,0.0,-8.7,3.5,-3.4,2083,2241.5,-3.0,0.6,6792,-
9024,西武ホールディングス,陸運業,0.0,★☆☆☆☆,0.0,0.0,0.0,0.0,0.0,0.0,0.0,0.0,,,0.0,-14.3,5.0,-5.4,2961,3289.0,1.8,0.6,6443,-
5929,三和ホールディングス,金属製品,0.0,★☆☆☆☆,0.0,0.0,0.0,0.0,0.0,0.0,0.0,0.0,,,0.0,-10.2,3.6,-3.4,3322,3577.0,-2.2,0.7,2568,-
8111,ゴールドウイン,繊維製品,0.0,★☆☆☆☆,0.0,0.0,0.0,0.0,0.0,0.0,0.0,0.0,,,0.0,-11.7,3.3,-5.8,1978,2119.0,-0.2,1.1,1327,-
9936,王将フードサービス,小売業,0.0,★☆☆☆☆,0.0,0.0,0.0,0.0,0.0,0.0,0.0,0.0,,,0.0,-9.9,2.1,-3.4,2713,2832.0,-2.0,1.0,702,-
1893,五洋建設,建設業,0.0,★☆☆☆☆,0.0,0.0,0.0,0.0,0.0,0.0,0.0,0.0,,,0.0,-11.4,4.1,-5.5,1321,1438.5,2.7,0.6,3123,-
3064,ＭｏｎｏｔａＲＯ,小売業,0.0,★☆☆☆☆,0.0,0.0,0.0,0.0,0.0,0.0,0.0,0.0,,,0.0,-12.0,4.0,-6.2,1667,1811.5,-7.4,1.0,4522,-
2379,ディップ,サービス業,0.0,★☆☆☆☆,0.0,0.0,0.0,0.0,0.0,0.0,0.0,0.0,,,0.0,-4.9,1.8,-1.1,1748,1813.0,-1.9,0.9,596,-
2413,エムスリー,サービス業,0.0,★☆☆☆☆,0.0,0.0,0.0,0.0,0.0,0.0,0.0,0.0,,,0.0,-16.8,6.8,-5.9,1463,1695.5,10.2,1.1,10037,-
4548,生化学工業,医薬品,0.0,★☆☆☆☆,0.0,0.0,0.0,0.0,0.0,0.0,0.0,0.0,,,0.0,-8.2,1.8,-2.5,682,708.0,1.3,0.6,102,-
4507,塩野義製薬,医薬品,0.0,★☆☆☆☆,0.0,0.0,0.0,0.0,0.0,0.0,0.0,0.0,,,0.0,-6.7,3.0,-1.1,2661,2831.0,-0.4,0.7,7967,-
5852,アーレスティ,非鉄金属,0.0,★☆☆☆☆,0.0,0.0,0.0,0.0,0.0,0.0,0.0,0.0,,,0.0,-8.9,2.3,-2.4,648,679.0,1.5,0.9,101,-
8113,ユニ・チャーム,化学,0.0,★☆☆☆☆,0.0,0.0,0.0,0.0,0.0,0.0,0.0,0.0,,,0.0,-6.2,3.4,-2.2,900,965.2000122070312,-6.3,0.7,5588,-
3088,マツキヨココカラ＆カンパニー,小売業,0.0,★☆☆☆☆,0.0,0.0,0.0,0.0,0.0,0.0,0.0,0.0,,,0.0,-6.9,2.9,-0.5,2343,2487.5,-2.7,0.8,3966,-
7610,テイツー,小売業,0.0,★☆☆☆☆,0.0,0.0,0.0,0.0,0.0,0.0,0.0,0.0,,,0.0,-11.9,2.0,-4.2,133,139.0,-2.8,0.9,111,-
7600,日本エム・ディ・エム,精密機器,0.0,★☆☆☆☆,0.0,0.0,0.0,0.0,0.0,0.0,0.0,0.0,,,0.0,-17.1,5.5,-6.8,754,848.0,-2.5,0.9,226,-
8801,三井不動産,不動産業,0.0,★☆☆☆☆,0.0,0.0,0.0,0.0,0.0,0.0,0.0,0.0,,,0.0,-11.2,2.6,-5.2,1369,1444.5,-1.4,1.0,15420,-
8830,住友不動産,不動産業,0.0,★☆☆☆☆,0.0,0.0,0.0,0.0,0.0,0.0,0.0,0.0,,,0.0,-17.1,2.4,-8.4,3154,3314.0,-3.0,1.1,9914,-
9007,小田急電鉄,陸運業,0.0,★☆☆☆☆,0.0,0.0,0.0,0.0,0.0,0.0,0.0,0.0,,,0.0,-7.7,2.5,-1.0,1626,1713.0,1.4,0.7,2776,-
4568,第一三共,医薬品,0.0,★☆☆☆☆,0.0,0.0,0.0,0.0,0.0,0.0,0.0,0.0,,,0.0,-8.4,3.6,-1.2,2505,2700.0,-3.7,0.7,18491,-
4887,サワイグループホールディングス,医薬品,0.0,★☆☆☆☆,0.0,0.0,0.0,0.0,0.0,0.0,0.0,0.0,,,0.0,-9.7,2.9,-2.8,1513,1605.0,0.5,0.9,918,-
9001,東武鉄道,陸運業,0.0,★☆☆☆☆,0.0,0.0,0.0,0.0,0.0,0.0,0.0,0.0,,,0.0,-8.2,2.4,-1.5,2817,2962.5,0.9,1.0,1836,-
3798,ＵＬＳグループ,情報・通信業,0.0,★☆☆☆☆,0.0,0.0,0.0,0.0,0.0,0.0,0.0,0.0,,,0.0,-13.2,3.8,-6.5,479,518.0,-7.0,0.9,131,-
3482,ロードスターキャピタル,不動産業,0.0,★☆☆☆☆,0.0,0.0,0.0,0.0,0.0,0.0,0.0,0.0,,,0.0,-6.2,2.4,-3.0,2478,2601.0,1.3,0.7,368,-
8585,オリエントコーポレーション,その他金融業,0.0,★☆☆☆☆,0.0,0.0,0.0,0.0,0.0,0.0,0.0,0.0,,,0.0,-9.9,2.3,-2.7,824,863.0,-0.9,0.8,451,-
8698,マネックスグループ,証券、商品先物取引業,0.0,★☆☆☆☆,0.0,0.0,0.0,0.0,0.0,0.0,0.0,0.0,,,0.0,-10.8,2.4,-3.6,660,693.0,0.0,0.6,1504,-
8804,東京建物,不動産業,0.0,★☆☆☆☆,0.0,0.0,0.0,0.0,0.0,0.0,0.0,0.0,,,0.0,-7.3,2.5,-1.9,3168,3337.0,-0.1,0.5,3171,-
8802,三菱地所,不動産業,0.0,★☆☆☆☆,0.0,0.0,0.0,0.0,0.0,0.0,0.0,0.0,,,0.0,-17.6,3.0,-8.7,3388,3601.0,-3.1,0.9,15983,-
1835,東鉄工業,建設業,0.0,★☆☆☆☆,0.0,0.0,0.0,0.0,0.0,0.0,0.0,0.0,,,0.0,-7.3,2.3,-3.1,3785,3970.0,0.3,0.9,346,-
3415,ＴＯＫＹＯ　ＢＡＳＥ,小売業,0.0,★☆☆☆☆,0.0,0.0,0.0,0.0,0.0,0.0,0.0,0.0,,,0.0,-11.4,3.9,-5.6,346,375.0,-1.3,0.7,222,-
3591,ワコールホールディングス,繊維製品,0.0,★☆☆☆☆,0.0,0.0,0.0,0.0,0.0,0.0,0.0,0.0,,,0.0,-11.6,2.8,-4.2,3986,4222.0,-6.2,0.8,496,-
4685,菱友システムズ,情報・通信業,0.0,★☆☆☆☆,0.0,0.0,0.0,0.0,0.0,0.0,0.0,0.0,,,0.0,-11.5,3.3,-4.0,2493,2671.0,1.9,0.8,109,-
9302,三井倉庫ホールディングス,倉庫・運輸関連業,0.0,★☆☆☆☆,0.0,0.0,0.0,0.0,0.0,0.0,0.0,0.0,,,0.0,-12.7,3.3,-4.9,3099,3320.0,1.0,0.9,937,-
9305,ヤマタネ,卸売業,0.0,★☆☆☆☆,0.0,0.0,0.0,0.0,0.0,0.0,0.0,0.0,,,0.0,-6.6,2.5,-0.8,1976,2079.0,2.7,0.7,158,-
6088,シグマクシス・ホールディングス,サービス業,0.0,★☆☆☆☆,0.0,0.0,0.0,0.0,0.0,0.0,0.0,0.0,,,0.0,-9.7,4.1,-3.1,503,548.0,3.8,0.7,338,-
7972,イトーキ,その他製品,0.0,★☆☆☆☆,0.0,0.0,0.0,0.0,0.0,0.0,0.0,0.0,,,0.0,-10.9,3.9,-8.2,2362,2564.0,-0.3,0.9,683,-
3382,セブン＆アイ・ホールディングス,小売業,0.0,★☆☆☆☆,0.0,0.0,0.0,0.0,0.0,0.0,0.0,0.0,,,0.0,-7.5,2.9,-2.3,1915,2031.5,-2.6,0.8,18514,-
3391,ツルハホールディングス,小売業,0.0,★☆☆☆☆,0.0,0.0,0.0,0.0,0.0,0.0,0.0,0.0,,,0.0,-6.0,2.9,-1.8,2224,2361.0,-2.6,0.8,3183,-
3395,サンマルクホールディングス,小売業,0.0,★☆☆☆☆,0.0,0.0,0.0,0.0,0.0,0.0,0.0,0.0,,,0.0,-10.0,2.4,-2.5,2327,2445.0,2.9,0.5,286,-
3397,トリドールホールディングス,小売業,0.0,★☆☆☆☆,0.0,0.0,0.0,0.0,0.0,0.0,0.0,0.0,,,0.0,-5.1,3.1,-1.2,3892,4152.0,-2.6,0.8,1610,-
6544,ジャパンエレベーターサービスホールディングス,サービス業,0.0,★☆☆☆☆,0.0,0.0,0.0,0.0,0.0,0.0,0.0,0.0,,,0.0,-16.1,3.8,-8.2,1395,1510.0,3.0,1.0,1302,-
6547,グリーンズ,サービス業,0.0,★☆☆☆☆,0.0,0.0,0.0,0.0,0.0,0.0,0.0,0.0,,,0.0,-8.8,4.0,-6.5,1838,2000.0,-10.1,0.9,164,-
9474,ゼンリン,情報・通信業,0.0,★☆☆☆☆,0.0,0.0,0.0,0.0,0.0,0.0,0.0,0.0,,,0.0,-7.9,1.9,-1.9,853,886.0,1.0,0.7,225,-
9543,静岡ガス,電気・ガス業,0.0,★☆☆☆☆,0.0,0.0,0.0,0.0,0.0,0.0,0.0,0.0,,,0.0,-4.8,2.0,-0.1,1200,1249.0,0.6,0.6,233,-
9531,東京瓦斯,電気・ガス業,0.0,★☆☆☆☆,0.0,0.0,0.0,0.0,0.0,0.0,0.0,0.0,,,0.0,-5.8,2.3,-0.6,5768,6051.0,2.3,0.7,6431,-
1802,大林組,建設業,0.0,★☆☆☆☆,0.0,0.0,0.0,0.0,0.0,0.0,0.0,0.0,,,0.0,-11.3,2.8,-4.8,2840,3012.0,-0.2,0.6,8159,-
