code,name,sector,score,stars,linkage,theme,supply,etf,tech,fund,material,penalty,signal,driver,gap_pct,rs20,atr_pct,dev25,stop,close,chg5d,v_ratio,turnover_m,reasons_str
5803,フジクラ,非鉄金属,42.9,★★☆☆☆,12.5,20.0,3.3,0.0,5.0,0.0,2.1,0.0,,Coherent,-15.9,8.2,7.8,10.4,4372,5185.0,24.3,3.0,220531,Coherent+17.1%連動(β0.29) / 光通信・電線(+10.2%) / 出来高増3.0倍 / 開示[業績予想の修正](2日前)
5801,古河電気工業,非鉄金属,42.199999999999996,★★☆☆☆,11.9,20.0,3.3,0.0,5.0,0.0,2.0,0.0,,Coherent,-15.7,12.0,9.0,10.5,3161,3856.0,22.6,2.9,84832,Coherent+17.1%連動(β0.28) / 光通信・電線(+10.2%) / 出来高増2.9倍 / 開示[業績予想の修正](3日前)
6857,アドバンテスト,電気機器,41.7,★★☆☆☆,18.8,10.2,0.0,0.0,11.0,0.0,1.7,0.0,,Coherent,2.3,13.5,8.2,8.6,26916,32190.0,-1.0,0.7,297863,Coherent+17.1%連動(β0.28) 未反応+2.3% / HBM・後工程(+2.1%) / MA上昇配列 / パーフェクトオーダー / 開示[自己株式の取得](6日前)
4980,デクセリアルズ,化学,36.8,★☆☆☆☆,16.8,20.0,0.0,0.0,0.0,0.0,0.0,0.0,,Skyworks,9.4,-20.9,6.8,-16.2,2636,3053.0,-7.6,0.8,6266,Skyworks+5.7%連動(β0.33) 未反応+9.4% / 光通信・電線(+10.2%)
6146,ディスコ,機械,34.599999999999994,★☆☆☆☆,21.9,10.2,1.0,0.0,1.5,0.0,0.0,0.0,,Coherent,7.4,-15.1,8.6,-10.9,48430,58440.0,-0.1,0.9,127859,Coherent+17.1%連動(β0.23) 未反応+7.4% / HBM・後工程(+2.1%)
7729,東京精密,精密機器,33.8,★☆☆☆☆,18.9,10.2,1.0,0.0,3.7,0.0,0.0,0.0,,Coherent,3.1,-0.9,7.0,-2.5,14943,17375.0,1.3,0.8,9812,Coherent+17.1%連動(β0.23) 未反応+3.1% / HBM・後工程(+2.1%)
5805,ＳＷＣＣ,非鉄金属,33.7,★☆☆☆☆,0.0,20.0,5.3,0.0,5.0,0.0,3.4,0.0,,,0.0,15.6,6.1,12.6,11383,12960.0,14.2,2.3,5543,光通信・電線(+10.2%) / 出来高増2.3倍 / 開示[上方修正](2日前)
5802,住友電気工業,非鉄金属,32.9,★☆☆☆☆,9.2,20.0,1.0,0.0,2.7,0.0,0.0,0.0,,Coherent,0.2,-8.2,8.3,-9.3,1778,2129.5,-2.5,1.2,58088,Coherent+17.1%連動(β0.20) / 光通信・電線(+10.2%)
6920,レーザーテック,電気機器,32.9,★☆☆☆☆,22.0,6.4,3.0,0.0,1.5,0.0,0.0,0.0,,Coherent,12.4,-9.8,10.1,-12.4,29896,37460.0,-1.2,1.4,167286,Coherent+17.1%連動(β0.23) 未反応+12.4% / 半導体製造装置(+0.2%)
6501,日立製作所,電気機器,32.5,★☆☆☆☆,6.7,13.1,3.3,0.0,7.5,0.0,1.9,0.0,,Coherent,-3.4,21.3,3.0,12.9,5285,5620.0,6.7,1.0,64607,Coherent+17.1%連動(β0.16) / 量子(+3.6%) / 買い出来高優勢 / MA上昇配列 / RSI過熱(88)⚠ / 開示[自己株式の取得](5日前)
6517,デンヨー,電気機器,32.3,★☆☆☆☆,14.5,0.0,2.0,0.0,11.0,0.0,4.8,0.0,,Skyworks,3.9,21.1,4.5,12.4,3836,4215.0,5.0,1.2,264,Skyworks+5.7%連動(β0.20) 未反応+3.9% / MA上昇配列 / パーフェクトオーダー / 開示[業績予想の修正](3日前) / 開示[自己株式の取得](6日前)
6315,ＴＯＷＡ,機械,32.3,★☆☆☆☆,16.6,10.2,4.0,0.0,1.5,0.0,0.0,0.0,,Microchip,9.3,-12.2,8.8,-13.0,2084,2532.0,-4.4,2.0,13656,Microchip+5.0%連動(β0.37) 未反応+9.3% / HBM・後工程(+2.1%)
6871,日本マイクロニクス,電気機器,31.999999999999996,★☆☆☆☆,22.9,6.4,0.0,0.0,2.7,0.0,0.0,0.0,,Coherent,5.5,-13.0,11.1,-8.3,10679,13710.0,1.0,0.9,18894,Coherent+17.1%連動(β0.26) 未反応+5.5% / 半導体製造装置(+0.2%)
5310,東洋炭素,ガラス・土石製品,31.3,★☆☆☆☆,3.3,20.0,2.0,0.0,6.0,0.0,0.0,0.0,,Microchip,-7.4,6.7,4.8,4.8,6520,7220.0,9.1,1.3,815,Microchip+5.0%連動(β0.26) / 核融合(+7.3%)
6323,ローツェ,機械,31.1,★☆☆☆☆,22.7,6.4,2.0,0.0,0.0,0.0,0.0,0.0,,Coherent,4.8,-10.6,9.7,-9.2,3190,3954.0,-0.9,0.6,16081,Coherent+17.1%連動(β0.25) 未反応+4.8% / 半導体製造装置(+0.2%) / 資金流入増
8035,東京エレクトロン,電気機器,30.3,★☆☆☆☆,22.2,6.4,0.0,0.0,0.0,0.0,1.7,0.0,,Coherent,5.0,-20.1,7.9,-14.7,45903,54500.0,-1.8,0.6,290063,Coherent+17.1%連動(β0.24) 未反応+5.0% / 半導体製造装置(+0.2%) / 開示[自己株式の取得](6日前)
4062,イビデン,電気機器,30.099999999999998,★☆☆☆☆,12.0,10.2,0.0,0.0,5.0,0.0,2.9,0.0,,Coherent,-18.2,1.1,10.3,6.3,15169,19110.0,14.8,1.1,150063,Coherent+17.1%連動(β0.28) / HBM・後工程(+2.1%) / 開示[業績予想の修正](5日前) / 開示[株式分割](5日前)
6875,メガチップス,電気機器,29.599999999999998,★☆☆☆☆,7.9,0.0,5.3,0.0,6.0,8.0,2.4,0.0,,Coherent,-17.4,8.5,4.4,13.2,10120,11100.0,22.5,2.4,1319,Coherent+17.1%連動(β0.18) / 出来高増2.4倍 / 開示[自己株式取得](3日前) / 増収+56% / ROE18% / PER19倍
6324,ハーモニック・ドライブ・システムズ,機械,29.0,★☆☆☆☆,0.0,16.9,1.0,0.0,9.0,0.0,2.1,0.0,,,0.0,-1.5,7.9,1.9,6036,7160.0,16.6,1.0,11210,ロボット(+5.5%) / MA上昇配列 / パーフェクトオーダー / 開示[業績予想の修正](2日前)
6806,ヒロセ電機,電気機器,28.7,★☆☆☆☆,10.2,0.0,3.3,0.0,2.2,7.5,5.5,0.0,,Albemarle,2.4,0.7,4.5,-1.7,24547,26995.0,-1.4,0.8,5887,Albemarle+8.5%連動(β0.14) 未反応+2.4% / 買い出来高優勢 / 開示[業績予想の修正](5日前) / 開示[自己株式の取得](5日前) / 増収+27%
6506,安川電機,電気機器,28.599999999999998,★☆☆☆☆,8.0,16.9,1.0,0.0,2.7,0.0,0.0,0.0,,Coherent,-3.5,-19.6,5.3,-6.3,4706,5266.0,8.2,0.5,47463,Coherent+17.1%連動(β0.19) / ロボット(+5.5%)
6762,ＴＤＫ,電気機器,28.5,★☆☆☆☆,19.3,0.0,0.0,0.0,2.7,6.5,0.0,0.0,,Coherent,6.3,-8.5,5.8,-4.8,2641,2988.0,-0.7,0.7,41312,Coherent+17.1%連動(β0.17) 未反応+6.3% / 増収+38%
6954,ファナック,電気機器,28.5,★☆☆☆☆,6.3,16.9,2.0,0.0,1.2,0.0,2.1,0.0,,Coherent,-4.4,-1.5,6.1,-3.6,5739,6535.0,-8.4,1.1,50056,Coherent+17.1%連動(β0.15) / ロボット(+5.5%) / 開示[自己株式の取得](4日前)
4114,日本触媒,化学,28.2,★☆☆☆☆,0.0,0.0,9.0,0.0,12.2,7.0,0.0,0.0,,,0.0,20.6,2.4,14.5,2328,2446.0,13.3,8.2,1611,出来高急増8.2倍 / 買い出来高優勢 / MA上昇配列 / パーフェクトオーダー / 52週高値目前 / 増収+20% / PER22倍
7716,ナカニシ,精密機器,28.1,★☆☆☆☆,0.0,0.0,6.7,0.0,12.0,0.0,9.4,0.0,,,0.0,9.2,3.4,6.1,3026,3245.0,6.9,3.6,708,出来高急増3.6倍 / MA上昇配列 / パーフェクトオーダー / 開示[上方修正](2日前) / 開示[自己株式の取得](2日前)
6652,ＩＤＥＣ,電気機器,28.0,★☆☆☆☆,2.6,0.0,6.7,0.0,12.2,6.5,0.0,0.0,,Skyworks,-6.4,15.1,3.4,10.1,3448,3700.0,4.7,2.3,474,Skyworks+5.7%連動(β0.18) / 出来高増2.3倍 / 買い出来高優勢 / MA上昇配列 / パーフェクトオーダー / 52週高値目前 / 増収+36%
6941,山一電機,電気機器,27.6,★☆☆☆☆,21.6,0.0,3.3,0.0,2.7,0.0,0.0,0.0,,Coherent,10.1,-1.8,11.0,-8.4,6310,8100.0,-5.6,2.3,3555,Coherent+17.1%連動(β0.22) 未反応+10.1% / 出来高増2.3倍
6479,ミネベアミツミ,電気機器,27.5,★☆☆☆☆,18.8,0.0,0.0,0.0,2.7,6.0,0.0,0.0,,Coherent,4.6,-12.3,5.3,-8.0,3303,3694.0,-0.2,1.0,12703,Coherent+17.1%連動(β0.16) 未反応+4.6% / 増収+16% / PER15倍
6141,ＤＭＧ森精機,機械,27.3,★☆☆☆☆,14.7,0.0,0.0,0.0,11.0,0.0,1.6,0.0,,Microchip,3.7,2.5,5.3,0.7,3270,3655.0,-1.7,1.0,5169,Microchip+5.0%連動(β0.29) 未反応+3.7% / MA上昇配列 / パーフェクトオーダー / 開示[業績予想の修正](5日前)
4186,東京応化工業,化学,27.2,★☆☆☆☆,19.7,0.0,2.0,0.0,0.0,5.5,0.0,0.0,,Coherent,3.9,-9.9,7.7,-10.3,7445,8800.0,-0.9,1.6,10494,Coherent+17.1%連動(β0.18) 未反応+3.9% / 増収+93%
7011,三菱重工業,機械,27.0,★☆☆☆☆,0.0,20.0,1.0,0.0,6.0,0.0,0.0,0.0,,,0.0,9.4,3.9,4.6,3728,4044.0,7.4,0.7,75243,核融合(+7.3%)
6859,エスペック,電気機器,26.900000000000002,★☆☆☆☆,5.1,0.0,2.0,0.0,10.0,5.5,4.3,0.0,,Coherent,-4.4,7.9,5.2,2.7,3726,4155.0,6.8,1.4,560,Coherent+17.1%連動(β0.12) / MA上昇配列 / パーフェクトオーダー / 開示[自己株式取得](3日前) / 開示[自己株式の取得](5日前) / PER15倍
8037,カメイ,卸売業,26.9,★☆☆☆☆,0.0,0.0,5.3,0.0,13.7,5.5,2.4,0.0,,,0.0,16.4,2.6,10.9,3931,4150.0,6.5,2.6,206,出来高増2.6倍 / MA上昇配列 / パーフェクトオーダー / 52週高値ブレイク! / 開示[増配](3日前) / PER11倍
6351,鶴見製作所,機械,26.700000000000003,★☆☆☆☆,0.0,0.0,4.3,0.0,12.0,5.5,4.9,0.0,,,0.0,7.7,3.6,6.8,2265,2442.0,9.7,2.6,147,出来高増2.6倍 / MA上昇配列 / パーフェクトオーダー / 開示[上方修正](3日前) / 開示[自己株式の取得](6日前) / PER23倍
4966,上村工業,化学,26.4,★☆☆☆☆,19.0,0.0,3.0,0.0,2.7,0.0,1.7,0.0,,Coherent,6.0,-5.3,7.4,-6.2,18924,22190.0,-0.8,2.0,2072,Coherent+17.1%連動(β0.16) 未反応+6.0% / 開示[自己株式の取得](6日前)
6702,富士通,電気機器,26.299999999999997,★☆☆☆☆,0.0,13.1,3.3,0.0,8.0,0.0,1.9,0.0,,,0.0,11.5,4.3,6.8,3359,3675.0,0.4,0.8,33075,量子(+3.6%) / 買い出来高優勢 / MA上昇配列 / 開示[自己株式の取得](5日前)
6508,明電舎,電気機器,26.2,★☆☆☆☆,7.2,11.1,2.0,0.0,8.0,0.0,0.9,-3.0,,Coherent,-1.1,23.0,5.7,16.3,9621,10850.0,12.8,1.1,2844,Coherent+17.1%連動(β0.17) / AIデータセンター・電力(+2.5%) / 伸びすぎ注意(25MA+16%) / 開示[業績予想の修正](9日前)
5192,三ツ星ベルト,ゴム製品,26.2,★☆☆☆☆,0.0,0.0,8.0,0.0,13.5,0.0,4.7,0.0,,,0.0,12.0,1.7,6.8,4178,4325.0,5.9,4.0,305,出来高急増4.0倍 / 買い出来高優勢 / MA上昇配列 / パーフェクトオーダー / 52週高値目前 / 開示[自己株式取得](2日前) / 開示[業績予想の修正](2日前)
6504,富士電機,電気機器,26.0,★☆☆☆☆,7.9,11.1,0.0,0.0,7.0,0.0,0.0,0.0,,Coherent,-0.4,15.9,5.7,10.6,12964,14630.0,2.4,0.7,15165,Coherent+17.1%連動(β0.19) / AIデータセンター・電力(+2.5%)
6787,メイコー,電気機器,25.9,★☆☆☆☆,23.4,0.0,1.0,0.0,1.5,0.0,0.0,0.0,,Coherent,15.8,-24.0,11.9,-21.0,14321,18790.0,-9.1,1.2,10039,Coherent+17.1%連動(β0.27) 未反応+15.8%
4004,レゾナック・ホールディングス,化学,25.9,★☆☆☆☆,9.6,0.0,4.3,0.0,5.0,5.0,2.0,0.0,,Coherent,-12.7,7.2,7.7,9.8,13884,16395.0,19.5,2.9,41206,Coherent+17.1%連動(β0.23) / 出来高増2.9倍 / 開示[業績予想の修正](3日前) / 増収+15%
3167,ＴＯＫＡＩホールディングス,卸売業,25.599999999999998,★☆☆☆☆,0.0,0.0,6.7,0.0,12.5,4.0,2.4,0.0,,,0.0,7.3,2.5,5.6,1158,1219.0,4.9,3.9,316,出来高急増3.9倍 / MA上昇配列 / パーフェクトオーダー / 52週高値ブレイク! / 開示[自己株式取得](3日前) / PER15倍
5344,ＭＡＲＵＷＡ,ガラス・土石製品,25.4,★☆☆☆☆,22.7,0.0,0.0,0.0,2.7,0.0,0.0,0.0,,Coherent,4.3,-4.2,7.0,-5.0,47824,55600.0,0.1,0.8,8348,Coherent+17.1%連動(β0.25) 未反応+4.3%
6723,ルネサスエレクトロニクス,電気機器,25.3,★☆☆☆☆,22.6,0.0,0.0,0.0,2.7,0.0,0.0,0.0,,Coherent,8.0,-18.9,8.8,-8.2,3099,3757.0,9.2,0.8,63304,Coherent+17.1%連動(β0.25) 未反応+8.0%
4401,ＡＤＥＫＡ,化学,25.200000000000003,★☆☆☆☆,3.1,0.0,8.0,0.0,12.0,0.0,2.1,0.0,,Albemarle,-18.3,16.8,3.5,14.6,4375,4705.0,19.3,6.5,2228,Albemarle+8.5%連動(β0.15) / 出来高急増6.5倍 / 買い出来高優勢 / MA上昇配列 / パーフェクトオーダー / 開示[業績予想の修正](2日前)
6282,オイレス工業,機械,25.2,★☆☆☆☆,0.0,0.0,4.0,0.0,13.5,4.0,3.7,0.0,,,0.0,5.1,2.1,2.8,2810,2932.0,2.7,1.5,200,MA上昇配列 / パーフェクトオーダー / 52週高値目前 / 開示[業績予想の修正](3日前) / 開示[自己株式の取得](6日前) / PER17倍
6490,ＰＩＬＬＡＲ,機械,25.099999999999998,★☆☆☆☆,7.0,0.0,4.7,0.0,11.0,0.0,2.4,0.0,,Coherent,-0.4,9.5,8.2,3.5,8601,10280.0,8.3,3.1,1697,Coherent+17.1%連動(β0.16) / 出来高急増3.1倍 / MA上昇配列 / パーフェクトオーダー / 開示[増配](3日前)
6638,ミマキエンジニアリング,電気機器,25.0,★☆☆☆☆,16.0,0.0,4.0,0.0,1.0,4.0,0.0,0.0,,Microchip,13.0,-2.4,5.3,-9.5,1697,1900.0,-10.2,2.0,295,Microchip+5.0%連動(β0.32) 未反応+13.0% / PER8倍
7745,Ａ＆Ｄホロンホールディングス,精密機器,24.9,★☆☆☆☆,15.9,0.0,3.0,0.0,6.0,0.0,0.0,0.0,,Microchip,6.4,3.7,5.0,-1.3,2611,2902.0,-3.7,1.3,404,Microchip+5.0%連動(β0.31) 未反応+6.4%
6590,芝浦メカトロニクス,電気機器,24.8,★☆☆☆☆,22.8,0.0,2.0,0.0,0.0,0.0,0.0,0.0,,Coherent,8.6,-15.5,10.7,-15.9,3391,4310.0,-1.7,1.7,12672,Coherent+17.1%連動(β0.25) 未反応+8.6%
6996,ニチコン,電気機器,24.7,★☆☆☆☆,19.0,0.0,0.0,0.0,2.7,3.0,0.0,0.0,,Coherent,4.2,-13.8,8.3,-9.1,2414,2891.0,-1.3,0.8,4073,Coherent+17.1%連動(β0.16) 未反応+4.2%
6800,ヨコオ,電気機器,24.7,★☆☆☆☆,16.7,0.0,3.3,0.0,2.7,0.0,2.0,0.0,,Coherent,2.5,-14.6,8.7,-10.9,3334,4035.0,0.0,2.5,1012,Coherent+17.1%連動(β0.21) 未反応+2.5% / 出来高増2.5倍 / 開示[業績予想の修正](3日前)
7711,助川電気工業,精密機器,24.7,★☆☆☆☆,0.0,20.0,2.0,0.0,2.7,0.0,0.0,0.0,,,0.0,0.3,6.0,-2.9,3966,4505.0,5.4,1.1,383,核融合(+7.3%)
5830,いよぎんホールディングス,銀行業,24.7,★☆☆☆☆,0.0,0.0,6.3,0.0,13.7,0.0,4.7,0.0,,,0.0,18.9,4.2,9.6,3495,3813.0,4.9,2.7,4341,出来高増2.7倍 / MA上昇配列 / パーフェクトオーダー / 52週高値ブレイク! / 開示[業績予想の修正](2日前) / 開示[自己株式取得](2日前)
5976,高周波熱錬,金属製品,24.299999999999997,★☆☆☆☆,0.0,0.0,8.0,0.0,12.2,0.0,4.1,0.0,,,0.0,14.7,1.8,7.5,1407,1458.0,5.7,3.6,111,出来高急増3.6倍 / 買い出来高優勢 / MA上昇配列 / パーフェクトオーダー / 52週高値目前 / 開示[自己株式の取得](2日前) / 開示[設備投資](3日前)
5975,東プレ,金属製品,24.299999999999997,★☆☆☆☆,2.6,0.0,8.0,0.0,13.7,0.0,0.0,0.0,,Microchip,-8.8,18.8,2.9,10.7,2827,3000.0,6.3,3.4,267,Microchip+5.0%連動(β0.21) / 出来高急増3.4倍 / 買い出来高優勢 / MA上昇配列 / パーフェクトオーダー / 52週高値ブレイク!
3110,日東紡績,ガラス・土石製品,24.099999999999998,★☆☆☆☆,20.4,0.0,1.0,0.0,2.7,0.0,0.0,0.0,,Coherent,2.9,-15.7,10.3,-11.6,2242,2825.0,0.9,1.4,19546,Coherent+17.1%連動(β0.27) 未反応+2.9%
6961,エンプラス,電気機器,23.9,★☆☆☆☆,22.9,0.0,1.0,0.0,0.0,0.0,0.0,0.0,,Coherent,13.6,-13.7,11.2,-15.7,7899,10180.0,-10.5,1.2,2738,Coherent+17.1%連動(β0.25) 未反応+13.6%
6951,日本電子,電気機器,23.799999999999997,★☆☆☆☆,11.1,0.0,2.0,0.0,10.7,0.0,0.0,0.0,,Coherent,1.2,16.7,4.3,3.5,7580,8301.0,0.9,0.6,2848,Coherent+17.1%連動(β0.18) 未反応+1.2% / MA上昇配列 / パーフェクトオーダー
6507,シンフォニアテクノロジー,電気機器,23.2,★☆☆☆☆,15.8,0.0,4.7,0.0,2.7,0.0,0.0,0.0,,Microchip,5.7,-8.9,7.5,-8.6,10956,12890.0,-3.3,3.1,2327,Microchip+5.0%連動(β0.30) 未反応+5.7% / 出来高急増3.1倍
5108,ブリヂストン,ゴム製品,23.2,★☆☆☆☆,0.0,0.0,6.3,0.0,15.0,0.0,1.9,0.0,,,0.0,20.7,2.8,10.9,3967,4199.0,5.9,2.2,18336,出来高増2.2倍 / MA上昇配列 / パーフェクトオーダー / 52週高値ブレイク! / 開示[自己株式の取得](5日前)
9310,日本トランスシティ,倉庫・運輸関連業,23.2,★☆☆☆☆,0.0,0.0,6.3,0.0,15.0,0.0,1.9,0.0,,,0.0,21.1,3.1,10.1,1330,1419.0,5.1,1.8,169,買い出来高優勢 / MA上昇配列 / パーフェクトオーダー / 52週高値ブレイク! / 開示[自己株式の取得](5日前)
9619,イチネンホールディングス,サービス業,23.1,★☆☆☆☆,0.0,0.0,6.3,0.0,15.0,0.0,1.8,0.0,,,0.0,16.2,2.5,10.8,2470,2599.0,9.7,2.1,110,出来高増2.1倍 / MA上昇配列 / パーフェクトオーダー / 52週高値ブレイク! / 開示[業績予想の修正](4日前)
7609,ダイトロン,卸売業,23.1,★☆☆☆☆,5.7,0.0,5.3,0.0,12.0,0.0,3.1,-3.0,,Coherent,-15.9,24.9,5.4,18.8,3776,4230.0,27.4,1.0,748,Coherent+17.1%連動(β0.13) / 買い出来高優勢 / 資金流入増 / MA上昇配列 / パーフェクトオーダー / 伸びすぎ注意(25MA+19%) / 開示[業績予想の修正](6日前) / 開示[自己株式取得](6日前)
4975,ＪＣＵ,化学,23.1,★☆☆☆☆,18.3,0.0,3.3,0.0,1.5,0.0,0.0,0.0,,Coherent,10.0,-16.6,6.7,-13.5,4801,5550.0,-6.1,2.9,737,Coherent+17.1%連動(β0.15) 未反応+10.0% / 出来高増2.9倍
6055,ジャパンマテリアル,サービス業,23.0,★☆☆☆☆,19.3,0.0,1.0,0.0,2.7,0.0,0.0,0.0,,Coherent,6.4,-10.6,6.3,-7.2,1921,2198.0,-3.0,1.4,1876,Coherent+17.1%連動(β0.17) 未反応+6.4%
6266,タツモ,機械,22.900000000000002,★☆☆☆☆,16.8,0.0,4.3,0.0,0.0,0.0,1.8,0.0,,Microchip,19.2,-25.3,12.2,-24.9,2550,3370.0,-15.9,2.4,1819,Microchip+5.0%連動(β0.39) 未反応+19.2% / 出来高増2.4倍 / 開示[業績予想の修正](4日前)
6125,岡本工作機械製作所,機械,22.8,★☆☆☆☆,13.8,0.0,4.3,0.0,4.7,0.0,0.0,0.0,,Coherent,2.2,3.7,7.0,-2.1,4434,5160.0,3.0,2.0,406,Coherent+17.1%連動(β0.17) 未反応+2.2% / 出来高増2.0倍
8032,日本紙パルプ商事,卸売業,22.8,★☆☆☆☆,0.0,0.0,6.7,0.0,13.5,0.0,2.6,0.0,,,0.0,11.8,2.2,7.4,1152,1204.0,7.8,2.3,222,出来高増2.3倍 / 買い出来高優勢 / MA上昇配列 / パーフェクトオーダー / 52週高値目前 / 開示[自己株式取得](2日前)
6250,やまびこ,機械,22.700000000000003,★☆☆☆☆,2.6,0.0,5.3,0.0,13.7,0.0,1.1,0.0,,Microchip,-9.1,18.5,3.3,12.1,4064,4350.0,12.3,1.5,384,Microchip+5.0%連動(β0.21) / 買い出来高優勢 / MA上昇配列 / パーフェクトオーダー / 52週高値ブレイク! / 開示[子会社化](6日前)
7846,パイロットコーポレーション,その他製品,22.7,★☆☆☆☆,0.0,0.0,5.7,0.0,15.0,0.0,2.0,0.0,,,0.0,15.8,2.4,11.7,1909,2004.5,10.5,3.2,399,出来高急増3.2倍 / MA上昇配列 / パーフェクトオーダー / 52週高値ブレイク! / 開示[業績予想の修正](3日前)
6976,太陽誘電,電気機器,22.6,★☆☆☆☆,17.8,0.0,0.0,0.0,1.5,1.5,1.8,0.0,,Skyworks,4.5,-30.8,12.9,-21.3,7199,9699.0,-5.1,0.9,261021,Skyworks+5.7%連動(β0.40) 未反応+4.5% / 開示[業績予想の修正](4日前)
4246,ダイキョーニシカワ,化学,22.6,★☆☆☆☆,0.0,0.0,5.3,0.0,10.7,0.0,6.6,0.0,,,0.0,12.2,2.1,7.1,1044,1089.0,5.7,2.3,302,出来高増2.3倍 / MA上昇配列 / パーフェクトオーダー / 開示[増配](2日前) / 開示[増配](3日前)
8163,ＳＲＳホールディングス,小売業,22.599999999999998,★☆☆☆☆,0.0,0.0,8.7,0.0,10.7,1.5,1.7,0.0,,,0.0,23.1,3.5,11.7,1410,1515.0,5.6,2.4,291,出来高増2.4倍 / 買い出来高優勢 / 資金流入増 / MA上昇配列 / パーフェクトオーダー / 開示[子会社化](2日前)
6481,ＴＨＫ,機械,22.400000000000002,★☆☆☆☆,7.6,0.0,3.0,0.0,10.0,0.0,1.8,0.0,,Coherent,-3.5,0.3,6.4,1.8,6273,7194.0,7.4,1.5,10248,Coherent+17.1%連動(β0.18) / MA上昇配列 / パーフェクトオーダー / 開示[業績予想の修正](4日前)
6724,セイコーエプソン,電気機器,22.400000000000002,★☆☆☆☆,2.8,0.0,4.0,0.0,13.5,0.0,2.1,0.0,,Skyworks,-6.3,17.2,3.2,8.6,2970,3175.0,7.6,1.6,5630,Skyworks+5.7%連動(β0.19) / MA上昇配列 / パーフェクトオーダー / 52週高値目前 / 開示[自己株式取得](4日前)
9962,ミスミグループ本社,卸売業,22.299999999999997,★☆☆☆☆,15.9,0.0,1.0,0.0,3.7,0.0,1.7,0.0,,Albemarle,6.7,-2.0,5.0,-1.6,3372,3748.0,-2.9,1.2,6511,Albemarle+8.5%連動(β0.18) 未反応+6.7% / 開示[自己株式の取得](6日前)
6273,ＳＭＣ,機械,22.2,★☆☆☆☆,6.2,0.0,3.3,0.0,11.0,0.0,1.7,0.0,,Coherent,-2.0,6.2,5.0,3.0,66779,74190.0,5.3,2.8,21670,Coherent+17.1%連動(β0.14) / 出来高増2.8倍 / MA上昇配列 / パーフェクトオーダー / 開示[自己株式の取得](6日前)
6498,キッツ,機械,22.0,★☆☆☆☆,14.6,0.0,4.7,0.0,2.7,0.0,0.0,0.0,,Microchip,7.4,-8.9,5.9,-9.4,1846,2091.0,-5.0,3.2,669,Microchip+5.0%連動(β0.21) 未反応+7.4% / 出来高急増3.2倍
6707,サンケン電気,電気機器,21.7,★☆☆☆☆,21.7,0.0,0.0,0.0,0.0,0.0,0.0,0.0,,Coherent,5.3,-14.7,5.7,-10.3,7458,8426.0,1.0,0.8,1252,Coherent+17.1%連動(β0.23) 未反応+5.3%
3106,倉敷紡績,繊維製品,20.9,★☆☆☆☆,0.0,0.0,5.0,0.0,12.0,0.0,3.9,0.0,,,0.0,11.6,4.4,8.4,9950,10910.0,10.2,2.0,545,MA上昇配列 / パーフェクトオーダー / 開示[業績予想の修正](2日前) / 開示[自己株式の取得](6日前)
6379,レイズネクスト,建設業,20.7,★☆☆☆☆,0.0,0.0,5.3,0.0,12.0,0.0,3.4,0.0,,,0.0,18.3,3.8,11.0,2651,2868.0,-1.5,1.4,530,買い出来高優勢 / MA上昇配列 / パーフェクトオーダー / 開示[自己株式取得](2日前) / 開示[増配](10日前)
6503,三菱電機,電気機器,20.7,★☆☆☆☆,2.6,11.1,1.0,0.0,6.0,0.0,0.0,0.0,,Microchip,-4.2,3.9,4.7,2.6,5280,5826.0,-1.5,1.0,36190,Microchip+5.0%連動(β0.21) / AIデータセンター・電力(+2.5%)
8377,ほくほくフィナンシャルグループ,銀行業,20.7,★☆☆☆☆,2.5,0.0,3.0,0.0,13.5,0.0,1.7,0.0,,Microchip,-5.6,10.4,4.2,6.3,7372,8053.0,7.8,0.7,4038,Microchip+5.0%連動(β0.20) / MA上昇配列 / パーフェクトオーダー / 52週高値目前 / 開示[自己株式の取得](6日前)
3374,内外テック,卸売業,20.6,★☆☆☆☆,3.5,0.0,3.0,0.0,12.0,0.0,2.1,0.0,,Skyworks,-9.1,7.6,5.4,6.1,3132,3510.0,12.9,1.6,151,Skyworks+5.7%連動(β0.25) / MA上昇配列 / パーフェクトオーダー / 開示[業績予想の修正](2日前)
5480,日本冶金工業,鉄鋼,20.6,★☆☆☆☆,0.0,0.0,5.3,0.0,13.5,0.0,1.8,0.0,,,0.0,17.2,2.9,11.0,5278,5600.0,11.1,2.2,477,出来高増2.2倍 / MA上昇配列 / パーフェクトオーダー / 52週高値目前 / 開示[業績予想の修正](4日前)
6627,テラプローブ,電気機器,20.6,★☆☆☆☆,11.6,0.0,0.0,0.0,9.0,0.0,0.0,0.0,,Coherent,-5.3,1.6,9.2,1.9,9477,11600.0,13.2,1.1,1668,Coherent+17.1%連動(β0.27) / MA上昇配列 / パーフェクトオーダー
5901,東洋製罐グループホールディングス,金属製品,20.5,★☆☆☆☆,0.0,0.0,2.0,0.0,13.5,0.0,5.0,0.0,,,0.0,10.1,2.5,5.4,4106,4325.0,6.2,1.0,980,MA上昇配列 / パーフェクトオーダー / 52週高値目前 / 開示[上方修正](4日前) / 開示[自己株式の取得](4日前)
4471,三洋化成工業,化学,20.4,★☆☆☆☆,0.0,0.0,10.0,0.0,9.7,0.0,5.7,-5.0,,,0.0,30.1,3.5,22.3,5694,6120.0,25.8,4.1,617,出来高急増4.1倍 / 買い出来高優勢 / 資金流入増 / 52週高値ブレイク! / 過熱⚠25MA+22% / 開示[増配](4日前) / 開示[自己株式取得](4日前)
4901,富士フイルムホールディングス,化学,20.4,★☆☆☆☆,14.7,0.0,4.7,0.0,1.0,0.0,0.0,0.0,,Skyworks,15.4,-5.9,4.3,-11.9,2958,3236.0,-14.2,6.1,17578,Skyworks+5.7%連動(β0.19) 未反応+15.4% / 出来高急増6.1倍
4008,住友精化,化学,20.299999999999997,★☆☆☆☆,0.0,0.0,7.7,0.0,13.7,0.0,1.9,-3.0,,,0.0,24.1,3.8,19.3,1425,1542.0,26.1,3.7,336,出来高急増3.7倍 / MA上昇配列 / パーフェクトオーダー / 52週高値ブレイク! / 伸びすぎ注意(25MA+19%) / 開示[自己株式の取得](5日前)
5186,ニッタ,ゴム製品,20.1,★☆☆☆☆,0.0,0.0,3.0,0.0,15.0,0.0,2.1,0.0,,,0.0,14.5,3.1,9.6,6627,7070.0,10.6,1.4,530,MA上昇配列 / パーフェクトオーダー / 52週高値ブレイク! / 開示[業績予想の修正](2日前)
7613,シークス,卸売業,20.099999999999998,★☆☆☆☆,3.2,0.0,3.3,0.0,12.2,0.0,1.4,0.0,,Albemarle,-10.7,24.8,3.0,14.2,1503,1599.0,13.9,1.1,335,Albemarle+8.5%連動(β0.15) / 買い出来高優勢 / MA上昇配列 / パーフェクトオーダー / 52週高値目前 / 開示[業績予想の修正](6日前)
3176,三洋貿易,卸売業,20.099999999999998,★☆☆☆☆,0.0,0.0,8.7,0.0,12.5,0.0,3.9,-5.0,,,0.0,34.6,3.1,23.7,1002,1069.0,23.6,2.3,249,出来高増2.3倍 / 買い出来高優勢 / 資金流入増 / MA上昇配列 / パーフェクトオーダー / 52週高値ブレイク! / RSI過熱(88)⚠ / 過熱⚠25MA+24% / 開示[業績予想の修正](2日前) / 開示[自己株式取得](6日前)
8022,美津濃,その他製品,20.0,★☆☆☆☆,0.0,0.0,8.0,0.0,12.0,0.0,0.0,0.0,,,0.0,17.1,3.0,9.8,3751,3995.0,8.1,5.2,720,出来高急増5.2倍 / 買い出来高優勢 / MA上昇配列 / パーフェクトオーダー
7296,エフ・シー・シー,輸送用機器,20.0,★☆☆☆☆,0.0,0.0,6.3,0.0,13.7,0.0,0.0,0.0,,,0.0,22.4,3.0,13.9,3906,4155.0,11.1,2.6,515,出来高増2.6倍 / MA上昇配列 / パーフェクトオーダー / 52週高値ブレイク!
4997,日本農薬,化学,20.0,★☆☆☆☆,0.0,0.0,6.3,0.0,13.7,0.0,0.0,0.0,,,0.0,15.5,2.6,8.3,1073,1132.0,5.1,1.7,227,買い出来高優勢 / MA上昇配列 / パーフェクトオーダー / 52週高値ブレイク!
8600,トモニホールディングス,銀行業,20.0,★☆☆☆☆,0.0,0.0,6.3,0.0,13.7,0.0,0.0,0.0,,,0.0,22.7,3.5,10.9,1004,1078.0,8.1,1.5,674,買い出来高優勢 / MA上昇配列 / パーフェクトオーダー / 52週高値ブレイク!
8159,立花エレテック,卸売業,19.9,★☆☆☆☆,0.0,0.0,6.3,0.0,13.7,0.0,2.9,-3.0,,,0.0,28.5,4.1,19.2,3771,4105.0,18.6,2.6,196,出来高増2.6倍 / MA上昇配列 / パーフェクトオーダー / 52週高値ブレイク! / 伸びすぎ注意(25MA+19%) / 開示[上方修正](4日前)
5401,日本製鉄,鉄鋼,19.6,★☆☆☆☆,0.0,0.0,6.3,0.0,11.7,0.0,1.6,0.0,,,0.0,28.6,2.9,14.4,657,697.5,7.4,1.7,31857,買い出来高優勢 / MA上昇配列 / 52週高値ブレイク! / 開示[業績予想の修正](5日前)
6448,ブラザー工業,電気機器,19.599999999999998,★☆☆☆☆,0.0,0.0,7.7,0.0,12.5,0.0,2.4,-3.0,,,0.0,26.4,2.8,16.4,4307,4561.0,13.7,3.3,3800,出来高急増3.3倍 / MA上昇配列 / パーフェクトオーダー / 52週高値ブレイク! / RSI過熱(87)⚠ / 伸びすぎ注意(25MA+16%) / 開示[自己株式の取得](3日前)
5195,バンドー化学,ゴム製品,19.5,★☆☆☆☆,0.0,0.0,5.3,0.0,12.5,0.0,1.7,0.0,,,0.0,13.7,2.0,6.7,2378,2477.0,2.2,2.2,144,出来高増2.2倍 / MA上昇配列 / パーフェクトオーダー / 52週高値ブレイク! / RSI過熱(95)⚠ / 開示[自己株式の取得](6日前)
285A,キオクシアホールディングス,電気機器,19.3,★☆☆☆☆,14.8,0.0,0.0,0.0,2.7,0.0,1.8,0.0,,Microchip,4.0,-35.5,15.8,-20.8,32651,47730.0,2.6,1.1,2679580,Microchip+5.0%連動(β0.23) 未反応+4.0% / 開示[株式分割](9日前) / 開示[自己株式の取得](9日前)
6361,荏原製作所,機械,19.3,★☆☆☆☆,12.6,0.0,0.0,0.0,5.0,0.0,1.7,0.0,,Coherent,1.2,0.2,6.3,-0.5,4970,5686.0,2.3,0.7,20745,Coherent+17.1%連動(β0.21) 未反応+1.2% / 開示[自己株式の取得](6日前)
7806,ＭＴＧ,その他製品,19.1,★☆☆☆☆,0.0,0.0,3.0,0.0,13.5,0.0,2.6,0.0,,,0.0,12.5,5.4,6.2,7291,8170.0,7.4,1.3,1112,MA上昇配列 / パーフェクトオーダー / 52週高値目前 / 開示[上方修正](5日前)
4025,多木化学,化学,19.1,★☆☆☆☆,0.0,0.0,9.0,0.0,12.0,0.0,3.1,-5.0,,,0.0,32.7,4.6,22.9,5574,6140.0,23.7,3.5,212,出来高急増3.5倍 / 買い出来高優勢 / MA上昇配列 / パーフェクトオーダー / 過熱⚠25MA+23% / 開示[上方修正](3日前)
1899,福田組,建設業,19.1,★☆☆☆☆,0.0,0.0,4.3,0.0,8.2,0.0,9.6,-3.0,,,0.0,23.2,3.4,15.5,4141,4440.0,14.7,2.8,267,出来高増2.8倍 / 52週高値目前 / 伸びすぎ注意(25MA+15%) / 開示[自己株式の取得](2日前) / 開示[自己株式の取得](3日前)
6674,ジーエス・ユアサ　コーポレーション,電気機器,19.0,★☆☆☆☆,14.7,0.0,1.0,0.0,1.5,0.0,1.8,0.0,,Microchip,6.0,-12.5,6.8,-10.8,4517,5226.0,-4.7,0.9,6040,Microchip+5.0%連動(β0.21) 未反応+6.0% / 開示[業績予想の修正](4日前)
4203,住友ベークライト,化学,19.0,★☆☆☆☆,3.0,0.0,4.0,0.0,12.0,0.0,0.0,0.0,,Skyworks,-1.6,7.3,5.7,5.2,6597,7439.0,14.2,1.3,5419,Skyworks+5.7%連動(β0.21) / MA上昇配列 / パーフェクトオーダー
6062,チャーム・ケア・コーポレーション,サービス業,19.0,★☆☆☆☆,0.0,0.0,8.0,0.0,11.0,0.0,0.0,0.0,,,0.0,12.8,2.8,8.8,1398,1480.0,9.1,3.2,124,出来高急増3.2倍 / 買い出来高優勢 / MA上昇配列 / パーフェクトオーダー
7606,ユナイテッドアローズ,小売業,19.0,★☆☆☆☆,0.0,0.0,6.7,0.0,8.0,0.0,4.3,0.0,,,0.0,7.2,2.2,4.7,2455,2568.0,5.8,3.7,450,出来高急増3.7倍 / 開示[増配](2日前) / 開示[自己株式の取得](6日前)
8308,りそなホールディングス,銀行業,18.9,★☆☆☆☆,2.5,0.0,2.0,0.0,9.5,0.0,4.9,0.0,,Microchip,-1.9,1.0,3.4,0.4,2154,2313.0,5.5,0.8,23968,Microchip+5.0%連動(β0.20) / MA上昇配列 / パーフェクトオーダー / 開示[自己株式の取得](4日前) / 開示[自己株式の取得](6日前)
5020,ＥＮＥＯＳホールディングス,石油・石炭製品,18.9,★☆☆☆☆,0.0,0.0,4.0,0.0,11.0,0.0,3.9,0.0,,,0.0,10.6,2.5,4.9,1281,1349.5,1.7,1.9,9375,MA上昇配列 / パーフェクトオーダー / 開示[買収](2日前) / 開示[自己株式の取得](6日前)
6301,小松製作所,機械,18.9,★☆☆☆☆,3.2,0.0,2.0,0.0,12.0,0.0,1.7,0.0,,Albemarle,-7.4,18.1,3.8,9.4,6794,7349.0,5.1,0.8,23308,Albemarle+8.5%連動(β0.15) / MA上昇配列 / パーフェクトオーダー / 開示[自己株式の取得](6日前)
7246,プレス工業,輸送用機器,18.9,★☆☆☆☆,0.0,0.0,4.3,0.0,10.7,0.0,3.9,0.0,,,0.0,21.1,2.8,12.4,895,948.0,9.8,1.4,349,買い出来高優勢 / MA上昇配列 / パーフェクトオーダー / 開示[業績予想の修正](4日前) / 開示[増配](4日前)
8075,神鋼商事,卸売業,18.9,★☆☆☆☆,0.0,0.0,9.0,0.0,10.5,0.0,2.4,-3.0,,,0.0,26.2,2.6,18.1,2852,3005.0,16.6,4.0,190,出来高急増4.0倍 / 買い出来高優勢 / MA上昇配列 / 52週高値ブレイク! / RSI過熱(91)⚠ / 伸びすぎ注意(25MA+18%) / 開示[増配](3日前)
5970,ジーテクト,金属製品,18.8,★☆☆☆☆,0.0,0.0,5.3,0.0,13.5,0.0,0.0,0.0,,,0.0,10.8,2.0,5.1,2134,2225.0,2.9,2.3,231,出来高増2.3倍 / MA上昇配列 / パーフェクトオーダー / 52週高値目前
3563,ＦＯＯＤ　＆　ＬＩＦＥ　ＣＯＭＰＡＮＩＥＳ,小売業,18.8,★☆☆☆☆,0.0,0.0,4.7,0.0,12.0,0.0,2.1,0.0,,,0.0,20.1,4.2,6.1,5194,5672.0,2.0,3.3,12255,出来高急増3.3倍 / MA上昇配列 / パーフェクトオーダー / 開示[業績予想の修正](2日前)
6676,ＢＵＦＦＡＬＯ,電気機器,18.7,★☆☆☆☆,0.0,0.0,2.0,0.0,15.0,0.0,1.7,0.0,,,0.0,15.1,3.0,7.9,2719,2894.0,5.6,1.5,127,MA上昇配列 / パーフェクトオーダー / 52週高値ブレイク! / 開示[自己株式の取得](6日前)
4118,カネカ,化学,18.7,★☆☆☆☆,0.0,0.0,2.0,0.0,15.0,0.0,1.7,0.0,,,0.0,8.7,2.0,4.2,5729,5972.0,4.4,0.9,1243,MA上昇配列 / パーフェクトオーダー / 52週高値ブレイク! / 開示[自己株式の取得](6日前)
4206,アイカ工業,化学,18.7,★☆☆☆☆,0.0,0.0,3.0,0.0,12.2,0.0,3.5,0.0,,,0.0,13.6,2.5,9.0,3879,4087.0,10.8,1.1,1245,MA上昇配列 / パーフェクトオーダー / 52週高値目前 / 開示[増配](5日前) / 開示[業績予想の修正](5日前)
2681,ゲオホールディングス,小売業,18.7,★☆☆☆☆,0.0,0.0,7.7,0.0,11.0,0.0,0.0,0.0,,,0.0,18.1,3.6,12.5,2150,2319.0,11.0,6.5,445,出来高急増6.5倍 / MA上昇配列 / パーフェクトオーダー
6237,イワキポンプ,機械,18.7,★☆☆☆☆,0.0,0.0,6.7,0.0,12.0,0.0,0.0,0.0,,,0.0,29.1,6.1,13.3,4799,5460.0,6.0,3.4,943,出来高急増3.4倍 / 資金流入増 / MA上昇配列 / パーフェクトオーダー
9348,ｉｓｐａｃｅ,サービス業,18.6,★☆☆☆☆,0.0,15.9,0.0,0.0,2.7,0.0,0.0,0.0,,,0.0,-15.2,2.5,-2.6,394,415.0,2.5,0.3,800,宇宙(+5.0%)
4578,大塚ホールディングス,医薬品,18.5,★☆☆☆☆,0.0,0.0,2.0,0.0,13.7,0.0,2.8,0.0,,,0.0,17.9,3.5,11.9,11819,12705.0,14.5,1.1,18808,MA上昇配列 / パーフェクトオーダー / 52週高値ブレイク! / 開示[自己株式の取得](6日前) / 開示[増配](9日前)
6454,マックス,機械,18.5,★☆☆☆☆,0.0,0.0,3.0,0.0,12.0,0.0,3.5,0.0,,,0.0,11.6,3.1,7.3,1778,1895.0,2.8,0.7,585,MA上昇配列 / パーフェクトオーダー / 開示[自己株式の取得](6日前) / 開示[自己株式の取得](9日前)
4674,クレスコ,情報・通信業,18.5,★☆☆☆☆,0.0,0.0,6.3,0.0,10.5,0.0,1.7,0.0,,,0.0,21.0,2.7,14.0,1706,1805.0,11.6,1.9,200,買い出来高優勢 / MA上昇配列 / 52週高値ブレイク! / RSI過熱(85)⚠ / 開示[自己株式の取得](6日前)
8713,フィデアホールディングス,銀行業,18.5,★☆☆☆☆,0.0,0.0,9.0,0.0,12.5,0.0,0.0,-3.0,,,0.0,23.6,3.1,15.6,2300,2454.0,13.6,3.9,176,出来高急増3.9倍 / 買い出来高優勢 / MA上昇配列 / パーフェクトオーダー / 52週高値ブレイク! / RSI過熱(89)⚠ / 伸びすぎ注意(25MA+16%)
4189,ＫＨネオケム,化学,18.4,★☆☆☆☆,0.0,0.0,4.3,0.0,12.2,0.0,1.9,0.0,,,0.0,24.0,3.8,13.4,3242,3510.0,6.2,0.6,707,買い出来高優勢 / MA上昇配列 / パーフェクトオーダー / 52週高値目前 / 開示[増配](5日前)
7279,ハイレックスコーポレーション,輸送用機器,18.4,★☆☆☆☆,10.0,0.0,2.0,0.0,4.7,0.0,1.7,0.0,,Microchip,2.4,26.8,4.0,11.7,2300,2498.0,8.8,0.8,243,Microchip+5.0%連動(β0.22) 未反応+2.4% / 開示[自己株式の取得](6日前)
4635,東京インキ,化学,18.3,★☆☆☆☆,0.0,0.0,10.0,0.0,9.0,0.0,4.3,-5.0,,,0.0,54.7,3.9,40.9,1888,2048.0,46.4,3.3,101,出来高急増3.3倍 / 買い出来高優勢 / 資金流入増 / MA上昇配列 / 52週高値目前 / RSI過熱(91)⚠ / 過熱⚠25MA+41% / 開示[自己株式取得](4日前) / 開示[増配](4日前)
6302,住友重機械工業,機械,18.3,★☆☆☆☆,2.6,0.0,2.0,0.0,12.0,0.0,1.7,0.0,,Microchip,-10.2,17.6,4.3,10.2,5374,5884.0,12.3,0.7,5427,Microchip+5.0%連動(β0.21) / MA上昇配列 / パーフェクトオーダー / 開示[自己株式の取得](6日前)
1515,日鉄鉱業,鉱業,18.3,★☆☆☆☆,5.6,0.0,3.0,0.0,8.0,0.0,1.7,0.0,,Albemarle,0.4,38.6,6.4,14.3,2766,3175.0,5.0,1.3,1986,Albemarle+8.5%連動(β0.21) / MA上昇配列 / 開示[自己株式の取得](6日前)
8084,ＲＹＯＤＥＮ,卸売業,18.3,★☆☆☆☆,0.0,0.0,4.3,0.0,12.2,0.0,1.8,0.0,,,0.0,19.2,3.6,11.6,4235,4560.0,4.6,1.1,273,買い出来高優勢 / MA上昇配列 / パーフェクトオーダー / 52週高値目前 / 開示[株式分割](9日前) / 開示[自己株式の取得](9日前)
3076,あい　ホールディングス,卸売業,18.3,★☆☆☆☆,0.0,0.0,3.3,0.0,15.0,0.0,0.0,0.0,,,0.0,15.1,2.2,7.4,2841,2973.0,0.8,0.9,486,買い出来高優勢 / MA上昇配列 / パーフェクトオーダー / 52週高値ブレイク!
3132,マクニカホールディングス,卸売業,18.3,★☆☆☆☆,3.3,0.0,3.0,0.0,12.0,0.0,0.0,0.0,,Microchip,-9.7,17.3,6.5,9.2,3147,3621.0,9.9,0.7,3924,Microchip+5.0%連動(β0.27) / MA上昇配列 / パーフェクトオーダー
6333,ＴＥＩＫＯＫＵ,機械,18.3,★☆☆☆☆,0.0,0.0,6.3,0.0,12.0,0.0,0.0,0.0,,,0.0,7.1,3.3,0.9,3053,3270.0,-2.5,2.2,151,出来高増2.2倍 / MA上昇配列 / パーフェクトオーダー
4611,大日本塗料,化学,18.2,★☆☆☆☆,0.0,0.0,4.7,0.0,13.5,0.0,0.0,0.0,,,0.0,5.8,2.6,3.8,1367,1441.0,3.0,3.4,100,出来高急増3.4倍 / MA上昇配列 / パーフェクトオーダー / 52週高値目前
5122,オカモト,ゴム製品,18.1,★☆☆☆☆,0.0,0.0,4.3,0.0,12.5,0.0,4.3,-3.0,,,0.0,24.3,3.2,15.6,6166,6590.0,9.8,1.0,180,買い出来高優勢 / MA上昇配列 / パーフェクトオーダー / 52週高値ブレイク! / RSI過熱(95)⚠ / 伸びすぎ注意(25MA+16%) / 開示[増配](2日前) / 開示[自己株式取得](6日前)
7381,ＣＣＩグループ,銀行業,18.1,★☆☆☆☆,0.0,0.0,2.0,0.0,13.5,0.0,2.6,0.0,,,0.0,19.9,4.2,9.0,1113,1214.0,9.7,0.9,677,MA上昇配列 / パーフェクトオーダー / 52週高値目前 / 開示[自己株式の取得](2日前)
8508,Ｊトラスト,その他金融業,18.1,★☆☆☆☆,0.0,0.0,2.0,0.0,13.5,0.0,2.6,0.0,,,0.0,14.3,3.6,6.4,821,885.0,8.3,0.8,845,MA上昇配列 / パーフェクトオーダー / 52週高値目前 / 開示[自己株式取得](2日前)
6622,ダイヘン,電気機器,18.1,★☆☆☆☆,14.1,0.0,0.0,0.0,2.7,0.0,1.3,0.0,,Coherent,2.1,-6.3,7.7,-5.8,11696,13830.0,0.3,1.1,4673,Coherent+17.1%連動(β0.18) 未反応+2.1% / 開示[株式分割](5日前)
6981,村田製作所,電気機器,18.0,★☆☆☆☆,12.7,0.0,0.0,0.0,2.7,0.0,2.6,0.0,,Coherent,1.7,-20.2,10.5,-12.5,5745,7263.0,-2.1,0.9,250213,Coherent+17.1%連動(β0.18) 未反応+1.7% / 開示[自己株式の取得](2日前)
9984,ソフトバンクグループ,情報・通信業,18.0,★☆☆☆☆,15.3,0.0,0.0,0.0,2.7,0.0,0.0,0.0,,Coherent,1.4,-0.4,7.9,-2.4,4677,5552.0,5.6,0.8,299116,Coherent+17.1%連動(β0.26) 未反応+1.4%
8276,平和堂,小売業,18.0,★☆☆☆☆,0.0,0.0,9.0,0.0,9.0,0.0,0.0,0.0,,,0.0,7.8,2.3,3.1,2564,2689.0,1.0,4.4,414,出来高急増4.4倍 / 買い出来高優勢 / MA上昇配列
5301,東海カーボン,ガラス・土石製品,18.0,★☆☆☆☆,3.3,0.0,1.0,0.0,10.0,0.0,3.7,0.0,,Skyworks,-11.5,6.6,3.7,5.8,1605,1734.0,12.8,1.2,3458,Skyworks+5.7%連動(β0.23) / MA上昇配列 / パーフェクトオーダー / 開示[業績予想の修正](4日前) / 開示[自己株式取得](5日前)
5451,ヨドコウ,鉄鋼,18.0,★☆☆☆☆,0.0,0.0,6.7,0.0,8.7,0.0,2.6,0.0,,,0.0,13.1,2.2,6.8,1387,1450.0,4.7,3.7,389,出来高急増3.7倍 / MA上昇配列 / 開示[資本業務提携](2日前)
4116,大日精化工業,化学,18.0,★☆☆☆☆,0.0,0.0,8.0,0.0,11.0,0.0,2.0,-3.0,,,0.0,25.8,2.8,18.6,1242,1315.0,18.0,4.0,241,出来高急増4.0倍 / 買い出来高優勢 / MA上昇配列 / パーフェクトオーダー / 52週高値目前 / RSI過熱(91)⚠ / 伸びすぎ注意(25MA+19%) / 開示[業績予想の修正](3日前)
8511,日本証券金融,その他金融業,18.0,★☆☆☆☆,0.0,0.0,3.0,0.0,15.0,0.0,0.0,0.0,,,0.0,10.0,2.5,5.7,2424,2550.0,6.8,1.7,657,MA上昇配列 / パーフェクトオーダー / 52週高値ブレイク!
5208,有沢製作所,化学,17.900000000000002,★☆☆☆☆,0.0,0.0,4.3,0.0,12.0,0.0,1.6,0.0,,,0.0,13.9,4.5,8.6,2503,2750.0,12.8,2.5,597,出来高増2.5倍 / MA上昇配列 / パーフェクトオーダー / 開示[設備投資](3日前)
3964,オークネット,情報・通信業,17.9,★☆☆☆☆,0.0,0.0,4.0,0.0,12.0,0.0,1.9,0.0,,,0.0,7.4,3.4,4.8,1370,1470.0,10.1,1.3,541,資金流入増 / MA上昇配列 / パーフェクトオーダー / 開示[増配](5日前)
5302,日本カーボン,ガラス・土石製品,17.8,★☆☆☆☆,0.0,0.0,3.0,0.0,12.2,0.0,2.6,0.0,,,0.0,9.5,2.0,5.8,4836,5040.0,6.4,1.4,293,MA上昇配列 / パーフェクトオーダー / 52週高値目前 / 開示[自己株式の取得](2日前)
9934,因幡電機産業,卸売業,17.8,★☆☆☆☆,0.0,0.0,5.3,0.0,12.5,0.0,0.0,0.0,,,0.0,14.7,2.3,7.2,2867,3006.0,5.0,1.9,576,買い出来高優勢 / MA上昇配列 / パーフェクトオーダー / 52週高値ブレイク! / RSI過熱(88)⚠
5602,栗本鐵工所,鉄鋼,17.8,★☆☆☆☆,0.0,0.0,7.7,0.0,7.7,0.0,2.4,0.0,,,0.0,19.1,2.9,12.4,1588,1684.0,11.2,3.3,482,出来高急増3.3倍 / MA上昇配列 / 開示[自己株式取得](3日前)
3097,物語コーポレーション,小売業,17.8,★☆☆☆☆,0.0,0.0,4.3,0.0,13.5,0.0,0.0,0.0,,,0.0,12.5,3.1,6.9,5172,5510.0,0.5,1.3,1008,買い出来高優勢 / MA上昇配列 / パーフェクトオーダー / 52週高値目前
7951,ヤマハ,その他製品,17.8,★☆☆☆☆,2.8,0.0,5.0,0.0,10.0,0.0,0.0,0.0,,Skyworks,-10.8,21.0,2.8,11.9,1301,1377.0,10.7,1.6,3303,Skyworks+5.7%連動(β0.19) / MA上昇配列 / パーフェクトオーダー
3405,クラレ,化学,17.7,★☆☆☆☆,0.0,0.0,6.7,0.0,11.0,0.0,0.0,0.0,,,0.0,18.7,3.1,8.8,1835,1954.5,6.2,3.9,3848,出来高急増3.9倍 / MA上昇配列 / パーフェクトオーダー
2914,日本たばこ産業,食料品,17.7,★☆☆☆☆,0.0,0.0,3.3,0.0,13.5,0.0,0.9,0.0,,,0.0,18.1,2.8,9.6,6713,7108.0,-0.4,0.7,34034,買い出来高優勢 / MA上昇配列 / パーフェクトオーダー / 52週高値目前 / 開示[増配](10日前)
8550,栃木銀行,銀行業,17.7,★☆☆☆☆,2.7,0.0,3.0,0.0,12.0,0.0,0.0,0.0,,Microchip,-6.7,9.2,4.9,3.8,927,1028.0,8.1,0.7,898,Microchip+5.0%連動(β0.22) / MA上昇配列 / パーフェクトオーダー
8005,スクロール,小売業,17.7,★☆☆☆☆,0.0,0.0,2.0,0.0,13.7,0.0,2.0,0.0,,,0.0,13.3,2.2,8.0,1796,1879.0,10.5,1.7,364,MA上昇配列 / パーフェクトオーダー / 52週高値ブレイク! / 開示[業績予想の修正](9日前) / 開示[自己株式取得](9日前)
8088,岩谷産業,卸売業,17.7,★☆☆☆☆,0.0,0.0,8.0,0.0,9.7,0.0,0.0,0.0,,,0.0,15.2,2.7,10.8,2105,2227.0,8.6,4.4,1850,出来高急増4.4倍 / 買い出来高優勢 / MA上昇配列 / パーフェクトオーダー
6264,マルマエ,機械,17.6,★☆☆☆☆,14.9,0.0,0.0,0.0,2.7,0.0,0.0,0.0,,Coherent,1.8,-0.5,7.3,-3.3,1740,2036.0,0.8,0.7,1875,Coherent+17.1%連動(β0.22) 未反応+1.8%
8551,北日本銀行,銀行業,17.6,★☆☆☆☆,0.0,0.0,5.3,0.0,9.5,0.0,2.8,0.0,,,0.0,21.9,4.0,5.8,6169,6710.0,0.9,0.7,314,買い出来高優勢 / 資金流入増 / MA上昇配列 / パーフェクトオーダー / 開示[自己株式の取得](6日前) / 開示[自己株式取得](9日前)
8622,水戸証券,証券、商品先物取引業,17.5,★☆☆☆☆,0.0,0.0,5.3,0.0,12.2,0.0,0.0,0.0,,,0.0,28.2,3.9,12.5,782,849.0,4.2,0.8,313,買い出来高優勢 / 資金流入増 / MA上昇配列 / パーフェクトオーダー / 52週高値目前
6258,平田機工,機械,17.5,★☆☆☆☆,7.5,0.0,3.0,0.0,7.0,0.0,0.0,0.0,,Coherent,-6.5,13.0,4.5,6.8,2877,3165.0,10.9,1.7,886,Coherent+17.1%連動(β0.17)
6737,ＥＩＺＯ,電気機器,17.5,★☆☆☆☆,0.0,0.0,1.0,0.0,12.0,0.0,4.5,0.0,,,0.0,19.2,3.6,8.5,2755,2969.0,2.5,1.0,652,MA上昇配列 / パーフェクトオーダー / 開示[自己株式の取得](6日前) / 開示[自己株式の取得](6日前)
6098,リクルートホールディングス,サービス業,17.4,★☆☆☆☆,4.0,0.0,2.0,0.0,9.7,0.0,1.7,0.0,,Skyworks,-4.7,8.4,3.7,5.2,12201,13165.0,4.9,1.0,51026,Skyworks+5.7%連動(β0.28) / MA上昇配列 / パーフェクトオーダー / 52週高値目前 / 開示[自己株式の取得](6日前)
7012,川崎重工業,輸送用機器,17.4,★☆☆☆☆,0.0,9.4,3.0,0.0,5.0,0.0,0.0,0.0,,,0.0,4.3,4.2,0.4,2544,2778.5,0.6,1.7,36974,防衛(+1.7%)
3402,東レ,繊維製品,17.4,★☆☆☆☆,0.0,0.0,6.7,0.0,13.7,0.0,0.0,-3.0,,,0.0,21.4,3.0,15.4,1275,1355.0,17.0,2.3,6121,出来高増2.3倍 / 買い出来高優勢 / MA上昇配列 / パーフェクトオーダー / 52週高値ブレイク! / 伸びすぎ注意(25MA+15%)
8344,山形銀行,銀行業,17.4,★☆☆☆☆,0.0,0.0,2.0,0.0,13.5,0.0,1.9,0.0,,,0.0,14.9,5.0,8.6,3811,4230.0,13.1,0.9,562,MA上昇配列 / パーフェクトオーダー / 52週高値目前 / 開示[自己株式の取得](5日前)
5831,しずおかフィナンシャルグループ,銀行業,17.4,★☆☆☆☆,0.0,0.0,4.0,0.0,11.0,0.0,2.4,0.0,,,0.0,6.1,3.4,3.7,3180,3413.0,7.3,2.0,5934,MA上昇配列 / パーフェクトオーダー / 52週高値目前 / 開示[増配](3日前)
2782,セリア,小売業,17.3,★☆☆☆☆,0.0,0.0,5.3,0.0,12.0,0.0,0.0,0.0,,,0.0,16.8,3.8,9.5,3843,4160.0,8.1,1.3,1304,買い出来高優勢 / MA上昇配列 / パーフェクトオーダー
6971,京セラ,電気機器,17.3,★☆☆☆☆,2.9,0.0,0.0,0.0,12.0,0.0,2.4,0.0,,Skyworks,-5.8,4.9,4.2,2.3,3477,3792.0,2.7,0.7,22727,Skyworks+5.7%連動(β0.20) / MA上昇配列 / パーフェクトオーダー / 開示[自己株式の取得](3日前)
9278,ブックオフグループホールディングス,小売業,17.3,★☆☆☆☆,0.0,0.0,5.3,0.0,15.0,0.0,0.0,-3.0,,,0.0,40.0,4.8,18.0,2676,2959.0,5.1,0.9,600,買い出来高優勢 / 資金流入増 / MA上昇配列 / パーフェクトオーダー / 52週高値ブレイク! / 伸びすぎ注意(25MA+18%)
6465,ホシザキ,機械,17.3,★☆☆☆☆,0.0,0.0,1.0,0.0,12.0,0.0,4.3,0.0,,,0.0,6.6,2.5,2.9,5455,5740.0,0.6,1.3,2850,MA上昇配列 / パーフェクトオーダー / 開示[自己株式取得](3日前) / 開示[自己株式の取得](5日前)
6395,タダノ,機械,17.299999999999997,★☆☆☆☆,3.6,0.0,3.0,0.0,10.7,0.0,0.0,0.0,,Albemarle,-4.9,13.6,3.8,7.5,1310,1418.0,6.0,0.9,665,Albemarle+8.5%連動(β0.17) / MA上昇配列 / パーフェクトオーダー
6103,オークマ,機械,17.299999999999997,★☆☆☆☆,3.1,0.0,2.0,0.0,12.2,0.0,0.0,0.0,,Skyworks,-12.9,19.0,3.8,12.1,5156,5580.0,12.8,1.1,2822,Skyworks+5.7%連動(β0.22) / MA上昇配列 / パーフェクトオーダー / 52週高値目前
6752,パナソニック　ホールディングス,電気機器,17.2,★☆☆☆☆,5.2,0.0,0.0,0.0,12.0,0.0,0.0,0.0,,Skyworks,0.6,-0.1,5.6,3.1,3831,4312.0,0.7,0.8,42077,Skyworks+5.7%連動(β0.23) 未反応+0.6% / MA上昇配列 / パーフェクトオーダー
8051,山善,卸売業,17.2,★☆☆☆☆,0.0,0.0,2.0,0.0,13.5,0.0,1.7,0.0,,,0.0,9.2,1.8,2.9,1745,1812.0,2.0,0.9,316,MA上昇配列 / パーフェクトオーダー / 52週高値目前 / 開示[自己株式の取得](6日前)
3156,レスター,卸売業,17.099999999999998,★☆☆☆☆,0.0,0.0,3.0,0.0,10.7,0.0,3.4,0.0,,,0.0,18.6,4.4,13.8,4026,4415.0,7.0,1.3,492,MA上昇配列 / パーフェクトオーダー / 開示[上方修正](2日前)
8015,豊田通商,卸売業,17.099999999999998,★☆☆☆☆,3.7,0.0,4.3,0.0,8.2,0.0,0.9,0.0,,Albemarle,-9.8,24.7,3.5,14.4,6909,7424.0,10.4,1.0,21129,Albemarle+8.5%連動(β0.18) / 買い出来高優勢 / 52週高値目前 / 開示[業績予想の修正](9日前)
6988,日東電工,化学,17.0,★☆☆☆☆,3.6,0.0,2.0,0.0,9.0,0.0,2.4,0.0,,Albemarle,-3.6,15.5,3.3,5.8,3282,3517.0,5.8,1.0,12542,Albemarle+8.5%連動(β0.17) / MA上昇配列 / 開示[自己株式取得](3日前)
4634,ａｒｔｉｅｎｃｅ,化学,17.0,★☆☆☆☆,0.0,0.0,2.0,0.0,15.0,0.0,0.0,0.0,,,0.0,14.4,2.2,6.2,4546,4760.0,6.7,1.1,770,MA上昇配列 / パーフェクトオーダー / 52週高値ブレイク!
2269,明治ホールディングス,食料品,17.0,★☆☆☆☆,0.0,0.0,2.0,0.0,15.0,0.0,0.0,0.0,,,0.0,10.1,3.0,7.8,3861,4110.0,8.5,1.7,4939,MA上昇配列 / パーフェクトオーダー / 52週高値ブレイク!
4452,花王,化学,17.0,★☆☆☆☆,0.0,0.0,4.0,0.0,13.0,0.0,0.0,0.0,,,0.0,14.6,2.9,10.6,3446,3654.0,11.8,1.9,12251,MA上昇配列 / 52週高値ブレイク!
6113,アマダ,機械,16.900000000000002,★☆☆☆☆,9.1,0.0,2.0,0.0,3.7,0.0,2.1,0.0,,Microchip,2.1,-6.0,5.4,-6.0,2414,2708.0,-2.8,2.0,6617,Microchip+5.0%連動(β0.22) 未反応+2.1% / 開示[自己株式の取得](4日前)
6855,日本電子材料,電気機器,16.9,★☆☆☆☆,13.2,0.0,1.0,0.0,2.7,0.0,0.0,0.0,,Coherent,0.6,-3.8,9.0,-1.6,5288,6450.0,5.9,1.3,5240,Coherent+17.1%連動(β0.27) 未反応+0.6%
6856,堀場製作所,電気機器,16.9,★☆☆☆☆,12.2,0.0,1.0,0.0,3.7,0.0,0.0,0.0,,Skyworks,2.9,0.2,5.5,-3.4,22852,25670.0,-0.0,1.4,6835,Skyworks+5.7%連動(β0.24) 未反応+2.9%
8150,三信電気,卸売業,16.9,★☆☆☆☆,0.0,0.0,4.0,0.0,10.0,0.0,2.9,0.0,,,0.0,11.7,3.0,5.6,2873,3055.0,5.1,1.5,172,MA上昇配列 / 開示[上方修正](4日前)
7942,ＪＳＰ,化学,16.9,★☆☆☆☆,0.0,0.0,5.3,0.0,13.7,0.0,0.9,-3.0,,,0.0,24.8,3.1,16.5,2796,2980.0,17.6,1.2,217,買い出来高優勢 / 資金流入増 / MA上昇配列 / パーフェクトオーダー / 52週高値ブレイク! / 伸びすぎ注意(25MA+17%) / 開示[業績予想の修正](9日前)
2760,東京エレクトロン　デバイス,卸売業,16.9,★☆☆☆☆,3.9,0.0,3.0,0.0,10.0,0.0,0.0,0.0,,Microchip,-7.1,20.2,5.8,12.1,3893,4400.0,9.2,1.4,997,Microchip+5.0%連動(β0.31) / MA上昇配列 / パーフェクトオーダー
5851,リョービ,非鉄金属,16.8,★☆☆☆☆,2.5,0.0,3.3,0.0,6.7,0.0,4.3,0.0,,Microchip,-4.6,13.5,2.4,8.5,2639,2772.0,8.5,1.1,365,Microchip+5.0%連動(β0.20) / 買い出来高優勢 / 開示[増配](4日前) / 開示[自己株式取得](4日前)
6083,ＥＲＩホールディングス,サービス業,16.8,★☆☆☆☆,0.0,0.0,4.3,0.0,12.5,0.0,0.0,0.0,,,0.0,25.3,2.9,11.6,1580,1678.0,6.5,0.7,158,買い出来高優勢 / MA上昇配列 / パーフェクトオーダー / 52週高値ブレイク! / RSI過熱(92)⚠
2108,日本甜菜製糖,食料品,16.8,★☆☆☆☆,0.0,0.0,3.3,0.0,13.5,0.0,0.0,0.0,,,0.0,10.1,2.9,5.0,4874,5170.0,2.6,0.5,130,買い出来高優勢 / MA上昇配列 / パーフェクトオーダー / 52週高値目前
5121,藤倉コンポジット,ゴム製品,16.8,★☆☆☆☆,0.0,0.0,2.0,0.0,12.2,0.0,2.6,0.0,,,0.0,11.9,2.8,9.1,2635,2789.0,11.4,0.9,266,MA上昇配列 / パーフェクトオーダー / 52週高値目前 / 開示[自己株式の取得](2日前)
9279,ギフトホールディングス,小売業,16.8,★☆☆☆☆,0.0,0.0,3.3,0.0,13.5,0.0,0.0,0.0,,,0.0,28.6,3.7,10.9,4970,5370.0,4.7,0.6,518,買い出来高優勢 / MA上昇配列 / パーフェクトオーダー / 52週高値目前
4027,テイカ,化学,16.799999999999997,★☆☆☆☆,0.0,0.0,2.0,0.0,10.7,0.0,4.1,0.0,,,0.0,9.1,3.7,4.2,2233,2413.0,8.5,1.3,163,MA上昇配列 / パーフェクトオーダー / 開示[業績予想の修正](2日前) / 開示[自己株式の取得](5日前)
7637,白銅,卸売業,16.7,★☆☆☆☆,0.0,0.0,4.7,0.0,12.0,0.0,0.0,0.0,,,0.0,13.2,4.4,5.6,3295,3610.0,3.4,5.0,135,出来高急増5.0倍 / MA上昇配列 / パーフェクトオーダー
7513,コジマ,小売業,16.7,★☆☆☆☆,0.0,0.0,5.3,0.0,9.5,0.0,1.9,0.0,,,0.0,10.6,2.9,1.9,1286,1366.0,-0.9,1.0,526,買い出来高優勢 / 資金流入増 / MA上昇配列 / パーフェクトオーダー / 開示[自己株式の取得](5日前)
6473,ジェイテクト,機械,16.7,★☆☆☆☆,2.7,0.0,2.0,0.0,12.0,0.0,0.0,0.0,,Microchip,-0.8,7.8,3.4,2.6,2010,2159.0,-2.6,0.7,2674,Microchip+5.0%連動(β0.21) / MA上昇配列 / パーフェクトオーダー
8218,コメリ,小売業,16.7,★☆☆☆☆,0.0,0.0,3.0,0.0,12.0,0.0,1.7,0.0,,,0.0,15.0,3.5,7.6,3630,3905.0,1.2,0.9,528,MA上昇配列 / パーフェクトオーダー / 開示[自己株式の取得](6日前)
6463,ＴＰＲ,機械,16.7,★☆☆☆☆,0.0,0.0,3.0,0.0,12.0,0.0,1.7,0.0,,,0.0,10.4,2.9,2.6,1394,1480.0,-1.1,1.3,229,MA上昇配列 / パーフェクトオーダー / 開示[自己株式の取得](6日前)
2664,カワチ薬品,小売業,16.7,★☆☆☆☆,0.0,0.0,0.0,0.0,15.0,0.0,1.7,0.0,,,0.0,8.5,2.8,6.9,3442,3645.0,9.6,1.0,214,MA上昇配列 / パーフェクトオーダー / 52週高値ブレイク! / 開示[自己株式取得](6日前)
9722,藤田観光,サービス業,16.7,★☆☆☆☆,0.0,0.0,6.7,0.0,8.0,0.0,2.0,0.0,,,0.0,21.8,3.8,14.3,2067,2235.0,10.9,6.0,512,出来高急増6.0倍 / MA上昇配列 / 開示[業績予想の修正](3日前)
6742,京三製作所,電気機器,16.6,★☆☆☆☆,2.5,0.0,1.0,0.0,11.0,0.0,2.1,0.0,,Microchip,-1.1,7.9,5.3,2.8,826,924.0,6.0,1.1,272,Microchip+5.0%連動(β0.20) / MA上昇配列 / パーフェクトオーダー / 開示[業績予想の修正](2日前)
7915,ＮＩＳＳＨＡ,その他製品,16.6,★☆☆☆☆,14.6,0.0,2.0,0.0,0.0,0.0,0.0,0.0,,Microchip,6.9,-0.8,3.2,-5.6,1173,1253.0,-5.7,1.9,323,Microchip+5.0%連動(β0.21) 未反応+6.9%
6861,キーエンス,電気機器,16.5,★☆☆☆☆,3.8,0.0,2.0,0.0,10.7,0.0,0.0,0.0,,Skyworks,-4.1,15.7,3.9,10.1,78394,85110.0,4.9,1.0,62324,Skyworks+5.7%連動(β0.26) / MA上昇配列 / パーフェクトオーダー
2805,ヱスビー食品,食料品,16.5,★☆☆☆☆,0.0,0.0,3.0,0.0,13.5,0.0,0.0,0.0,,,0.0,20.5,4.5,12.0,6274,6890.0,4.4,0.6,374,MA上昇配列 / パーフェクトオーダー / 52週高値目前
8343,秋田銀行,銀行業,16.5,★☆☆☆☆,0.0,0.0,3.0,0.0,13.5,0.0,0.0,0.0,,,0.0,14.1,4.3,9.7,7331,8030.0,10.6,1.0,848,MA上昇配列 / パーフェクトオーダー / 52週高値目前
6287,サトー,機械,16.5,★☆☆☆☆,0.0,0.0,3.0,0.0,13.5,0.0,0.0,0.0,,,0.0,12.2,1.9,5.8,2493,2593.0,5.9,1.1,323,MA上昇配列 / パーフェクトオーダー / 52週高値目前
8346,東邦銀行,銀行業,16.5,★☆☆☆☆,0.0,0.0,3.0,0.0,13.5,0.0,0.0,0.0,,,0.0,17.2,3.8,8.8,870,942.0,9.5,0.8,908,MA上昇配列 / パーフェクトオーダー / 52週高値目前
7741,ＨＯＹＡ,精密機器,16.400000000000002,★☆☆☆☆,8.6,0.0,2.0,0.0,4.7,0.0,1.1,0.0,,Coherent,0.9,6.6,3.2,2.4,24004,25640.0,3.9,0.7,26089,Coherent+17.1%連動(β0.14) 未反応+0.9% / 開示[自己株式取得](9日前)
8078,阪和興業,卸売業,16.4,★☆☆☆☆,0.0,0.0,4.0,0.0,10.7,0.0,1.7,0.0,,,0.0,9.3,2.5,5.9,1730,1821.0,6.7,1.7,797,MA上昇配列 / パーフェクトオーダー / 開示[自己株式の取得](6日前)
6134,ＦＵＪＩ,機械,16.4,★☆☆☆☆,3.0,0.0,1.0,0.0,11.0,0.0,1.4,0.0,,Microchip,-5.0,4.9,7.2,3.0,6776,7909.0,7.9,1.0,8440,Microchip+5.0%連動(β0.24) / MA上昇配列 / パーフェクトオーダー / 開示[業績予想の修正](6日前)
6668,アドテック　プラズマ　テクノロジー,電気機器,16.4,★☆☆☆☆,4.4,0.0,2.0,0.0,10.0,0.0,0.0,0.0,,Microchip,-6.4,-0.7,9.1,4.5,2873,3515.0,22.4,0.4,818,Microchip+5.0%連動(β0.35) / 資金流入増 / MA上昇配列 / パーフェクトオーダー
6526,ソシオネクスト,電気機器,16.4,★☆☆☆☆,16.4,0.0,0.0,0.0,0.0,0.0,0.0,0.0,,Skyworks,4.1,-22.5,8.1,-16.5,1661,1981.0,3.6,0.7,21715,Skyworks+5.7%連動(β0.31) 未反応+4.1%
6486,イーグル工業,機械,16.3,★☆☆☆☆,0.0,0.0,5.3,0.0,11.0,0.0,0.0,0.0,,,0.0,9.4,2.2,3.3,2903,3035.0,1.2,2.2,374,出来高増2.2倍 / MA上昇配列 / パーフェクトオーダー
3105,日清紡ホールディングス,電気機器,16.3,★☆☆☆☆,0.0,0.0,5.3,0.0,11.0,0.0,0.0,0.0,,,0.0,8.7,5.3,6.6,2162,2420.5,11.1,2.1,2234,出来高増2.1倍 / MA上昇配列 / パーフェクトオーダー
9991,ジェコス,卸売業,16.3,★☆☆☆☆,0.0,0.0,4.3,0.0,12.0,0.0,0.0,0.0,,,0.0,14.5,2.3,6.5,1672,1751.0,0.3,0.6,112,買い出来高優勢 / MA上昇配列 / パーフェクトオーダー
6457,グローリー,機械,16.2,★☆☆☆☆,0.0,0.0,2.0,0.0,12.5,0.0,1.7,0.0,,,0.0,20.1,2.3,10.9,4632,4855.0,6.2,1.1,955,MA上昇配列 / パーフェクトオーダー / 52週高値ブレイク! / RSI過熱(93)⚠ / 開示[自己株式の取得](6日前)
8097,三愛オブリ,卸売業,16.2,★☆☆☆☆,0.0,0.0,5.3,0.0,8.5,0.0,2.4,0.0,,,0.0,12.1,2.3,4.4,2237,2343.0,0.8,1.9,213,買い出来高優勢 / MA上昇配列 / パーフェクトオーダー / 開示[自己株式取得](3日前)
3950,ザ・パック,パルプ・紙,16.2,★☆☆☆☆,0.0,0.0,3.3,0.0,11.0,0.0,1.9,0.0,,,0.0,12.4,1.9,2.9,1402,1457.0,0.4,0.5,221,買い出来高優勢 / MA上昇配列 / パーフェクトオーダー / 52週高値目前 / 開示[自己株式の取得](5日前)
8410,セブン銀行,銀行業,16.1,★☆☆☆☆,0.0,0.0,3.0,0.0,11.0,0.0,2.1,0.0,,,0.0,14.0,2.6,5.1,308,325.0,2.0,0.9,2284,MA上昇配列 / パーフェクトオーダー / 52週高値目前 / 開示[業績予想の修正](2日前)
7990,グローブライド,その他製品,16.1,★☆☆☆☆,0.0,0.0,5.3,0.0,8.7,0.0,2.1,0.0,,,0.0,18.2,1.9,9.1,2610,2715.0,6.4,1.5,176,買い出来高優勢 / MA上昇配列 / パーフェクトオーダー / 開示[業績予想の修正](2日前)
6432,竹内製作所,機械,16.1,★☆☆☆☆,3.1,0.0,1.0,0.0,12.0,0.0,0.0,0.0,,Microchip,-4.5,11.9,3.9,3.9,7101,7700.0,3.4,1.2,2701,Microchip+5.0%連動(β0.25) / MA上昇配列 / パーフェクトオーダー
7167,めぶきフィナンシャルグループ,銀行業,16.1,★☆☆☆☆,0.0,0.0,2.0,0.0,12.0,0.0,2.1,0.0,,,0.0,4.7,3.3,3.9,1474,1580.0,5.5,1.0,4863,MA上昇配列 / パーフェクトオーダー / 開示[増配](4日前)
2702,日本マクドナルドホールディングス,小売業,16.1,★☆☆☆☆,0.0,0.0,2.0,0.0,12.0,0.0,2.1,0.0,,,0.0,5.3,2.3,3.2,7694,8060.0,-0.2,1.1,4477,MA上昇配列 / パーフェクトオーダー / 開示[業績予想の修正](2日前)
8002,丸紅,卸売業,16.099999999999998,★☆☆☆☆,12.2,0.0,0.0,0.0,2.2,0.0,1.7,0.0,,Microchip,3.2,5.2,3.6,-1.2,4667,5024.0,-3.4,1.0,26111,Microchip+5.0%連動(β0.21) 未反応+3.2% / 開示[自己株式の取得](6日前)
9303,住友倉庫,倉庫・運輸関連業,16.0,★☆☆☆☆,0.0,0.0,3.3,0.0,11.0,0.0,1.7,0.0,,,0.0,10.5,2.4,4.9,3971,4170.0,2.5,2.1,525,出来高増2.1倍 / MA上昇配列 / パーフェクトオーダー / 52週高値目前 / 開示[自己株式の取得](6日前)
8388,阿波銀行,銀行業,16.0,★☆☆☆☆,0.0,0.0,4.0,0.0,12.0,0.0,0.0,0.0,,,0.0,20.5,4.3,9.7,8161,8930.0,7.1,1.4,1159,MA上昇配列 / パーフェクトオーダー
3864,三菱製紙,パルプ・紙,16.0,★☆☆☆☆,0.0,0.0,4.0,0.0,12.0,0.0,0.0,0.0,,,0.0,19.1,5.1,6.0,1051,1170.0,4.2,1.3,328,MA上昇配列 / パーフェクトオーダー
7976,三菱鉛筆,その他製品,16.0,★☆☆☆☆,0.0,0.0,1.0,0.0,15.0,0.0,0.0,0.0,,,0.0,10.7,2.8,8.6,2770,2934.0,5.9,1.2,398,MA上昇配列 / パーフェクトオーダー / 52週高値ブレイク!
8387,四国銀行,銀行業,16.0,★☆☆☆☆,0.0,0.0,4.0,0.0,12.0,0.0,0.0,0.0,,,0.0,12.7,4.2,6.3,3216,3515.0,5.6,1.6,486,MA上昇配列 / パーフェクトオーダー
4208,ＵＢＥ,化学,16.0,★☆☆☆☆,0.0,0.0,1.0,0.0,15.0,0.0,0.0,0.0,,,0.0,9.0,2.1,4.0,3210,3350.0,5.2,1.2,2946,MA上昇配列 / パーフェクトオーダー / 52週高値ブレイク!
5632,三菱製鋼,鉄鋼,16.0,★☆☆☆☆,0.0,0.0,2.0,0.0,12.0,0.0,2.0,0.0,,,0.0,12.1,3.2,5.5,2141,2285.0,4.8,1.4,160,MA上昇配列 / パーフェクトオーダー / 開示[業績予想の修正](3日前)
9900,サガミホールディングス,小売業,16.0,★☆☆☆☆,0.0,0.0,4.3,0.0,11.7,0.0,0.0,0.0,,,0.0,26.4,3.4,14.3,2045,2193.0,5.7,1.1,233,買い出来高優勢 / MA上昇配列 / 52週高値ブレイク!
3431,宮地エンジニアリンググループ,金属製品,15.9,★☆☆☆☆,0.0,0.0,3.0,0.0,8.0,0.0,4.9,0.0,,,0.0,6.8,1.7,1.7,1532,1586.0,0.1,1.9,129,MA上昇配列 / 開示[自己株式の取得](2日前) / 開示[自己株式の取得](3日前)
7537,丸文,卸売業,15.9,★☆☆☆☆,2.9,0.0,1.0,0.0,12.0,0.0,0.0,0.0,,Microchip,-9.9,9.2,4.9,5.1,1587,1761.0,3.9,0.8,248,Microchip+5.0%連動(β0.23) / MA上昇配列 / パーフェクトオーダー
8167,リテールパートナーズ,小売業,15.9,★☆☆☆☆,0.0,0.0,6.3,0.0,7.5,0.0,2.1,0.0,,,0.0,5.0,2.3,2.3,1324,1389.0,1.3,2.2,142,出来高増2.2倍 / MA上昇配列 / パーフェクトオーダー / 開示[自己株式の取得](4日前)
6965,浜松ホトニクス,電気機器,15.899999999999999,★☆☆☆☆,8.2,0.0,3.3,0.0,2.7,0.0,1.7,0.0,,Skyworks,1.5,-0.9,5.1,-3.2,2083,2322.5,-0.0,2.0,7856,Skyworks+5.7%連動(β0.27) 未反応+1.5% / 出来高増2.0倍 / 開示[自己株式の取得](6日前)
4633,サカタインクス,化学,15.799999999999999,★☆☆☆☆,0.0,0.0,3.0,0.0,10.7,0.0,2.1,0.0,,,0.0,5.9,2.8,0.5,2341,2480.0,-0.8,1.7,479,MA上昇配列 / パーフェクトオーダー / 開示[業績予想の修正](2日前)
4970,東洋合成工業,化学,15.799999999999999,★☆☆☆☆,10.2,0.0,2.0,0.0,1.5,0.0,2.1,0.0,,Coherent,-0.5,-7.4,8.1,-7.2,11353,13540.0,4.6,1.5,1086,Coherent+17.1%連動(β0.24) / 開示[業績予想の修正](2日前)
6200,インソース,サービス業,15.7,★☆☆☆☆,0.0,0.0,4.0,0.0,5.5,0.0,6.2,0.0,,,0.0,18.2,4.2,4.6,654,713.0,-5.4,0.4,670,資金流入増 / MA上昇配列 / 開示[自己株式の取得](2日前) / 開示[自己株式の取得](5日前)
8101,ＧＳＩクレオス,卸売業,15.7,★☆☆☆☆,0.0,0.0,3.0,0.0,11.0,0.0,1.7,0.0,,,0.0,16.0,2.3,6.2,2620,2748.0,3.3,0.4,128,MA上昇配列 / パーフェクトオーダー / 52週高値目前 / 開示[自己株式の取得](6日前)
4095,日本パーカライジング,化学,15.7,★☆☆☆☆,0.0,0.0,2.0,0.0,12.0,0.0,1.7,0.0,,,0.0,5.1,1.7,2.1,1653,1709.0,2.9,1.2,344,MA上昇配列 / パーフェクトオーダー / 開示[自己株式の取得](6日前)
6371,椿本チエイン,機械,15.7,★☆☆☆☆,0.0,0.0,2.0,0.0,12.0,0.0,1.7,0.0,,,0.0,6.8,2.3,2.9,2574,2700.0,4.4,1.0,549,MA上昇配列 / パーフェクトオーダー / 開示[自己株式の取得](6日前)
2659,サンエー,小売業,15.7,★☆☆☆☆,0.0,0.0,2.0,0.0,12.0,0.0,1.7,0.0,,,0.0,4.7,2.2,3.5,3209,3355.0,3.1,1.3,505,MA上昇配列 / パーフェクトオーダー / 開示[自己株式の取得](6日前)
8524,北洋銀行,銀行業,15.600000000000001,★☆☆☆☆,2.8,0.0,2.0,0.0,9.5,0.0,1.3,0.0,,Microchip,-5.9,8.2,4.2,3.1,1119,1221.0,5.5,0.8,2394,Microchip+5.0%連動(β0.22) / MA上昇配列 / パーフェクトオーダー / 開示[AI](2日前)
4369,トリケミカル研究所,化学,15.600000000000001,★☆☆☆☆,10.9,0.0,1.0,0.0,3.7,0.0,0.0,0.0,,Coherent,0.3,8.6,6.7,2.0,2922,3375.0,4.0,1.0,1865,Coherent+17.1%連動(β0.23)
6777,ｓａｎｔｅｃ　Ｈｏｌｄｉｎｇｓ,電気機器,15.600000000000001,★☆☆☆☆,10.9,0.0,2.0,0.0,2.7,0.0,0.0,0.0,,Coherent,-2.3,-3.4,8.3,-2.0,15967,19150.0,10.8,1.6,2907,Coherent+17.1%連動(β0.25)
4462,石原ケミカル,化学,15.6,★☆☆☆☆,2.5,0.0,2.0,0.0,10.0,0.0,1.1,0.0,,Microchip,-8.3,6.4,5.6,4.3,2794,3145.0,8.4,0.9,127,Microchip+5.0%連動(β0.20) / MA上昇配列 / パーフェクトオーダー / 開示[自己株式の取得](9日前)
7550,ゼンショーホールディングス,小売業,15.6,★☆☆☆☆,0.0,0.0,2.0,0.0,11.5,0.0,2.1,0.0,,,0.0,20.3,3.2,10.9,9815,10475.0,5.0,1.1,5796,MA上昇配列 / 52週高値目前 / 開示[業績予想の修正](2日前)
8173,Ｊｏｓｈｉｎ,小売業,15.6,★☆☆☆☆,0.0,0.0,2.0,0.0,12.0,0.0,1.6,0.0,,,0.0,19.0,4.4,7.9,3691,4050.0,2.7,0.8,600,MA上昇配列 / パーフェクトオーダー / 開示[業績予想の修正](5日前)
7735,ＳＣＲＥＥＮホールディングス,電気機器,15.5,★☆☆☆☆,9.1,6.4,0.0,0.0,0.0,0.0,0.0,0.0,,Coherent,-2.3,-23.1,8.7,-17.2,10814,13085.0,3.8,0.9,59910,Coherent+17.1%連動(β0.21) / 半導体製造装置(+0.2%)
7350,おきなわフィナンシャルグループ,銀行業,15.5,★☆☆☆☆,0.0,0.0,2.0,0.0,13.5,0.0,0.0,0.0,,,0.0,15.4,3.6,6.5,7069,7610.0,3.5,0.9,563,MA上昇配列 / パーフェクトオーダー / 52週高値目前
8341,七十七銀行,銀行業,15.5,★☆☆☆☆,0.0,0.0,2.0,0.0,13.5,0.0,0.0,0.0,,,0.0,7.0,3.5,3.4,3405,3661.0,4.7,0.8,2205,MA上昇配列 / パーフェクトオーダー / 52週高値目前
6890,フェローテック,電気機器,15.5,★☆☆☆☆,9.5,0.0,1.0,0.0,5.0,0.0,0.0,0.0,,Coherent,-1.9,7.1,9.3,4.4,7043,8660.0,4.3,0.5,14802,Coherent+17.1%連動(β0.22)
4205,日本ゼオン,化学,15.5,★☆☆☆☆,0.0,0.0,2.0,0.0,13.5,0.0,0.0,0.0,,,0.0,9.2,3.2,6.2,2273,2428.5,7.4,0.7,2527,MA上昇配列 / パーフェクトオーダー / 52週高値目前
8117,中央自動車工業,卸売業,15.5,★☆☆☆☆,0.0,0.0,2.0,0.0,13.5,0.0,0.0,0.0,,,0.0,4.8,2.7,3.6,2064,2184.0,6.2,1.0,177,MA上昇配列 / パーフェクトオーダー / 52週高値目前
8616,東海東京フィナンシャル・ホールディングス,証券、商品先物取引業,15.5,★☆☆☆☆,0.0,0.0,2.0,0.0,13.5,0.0,0.0,0.0,,,0.0,10.2,2.5,3.4,781,822.0,2.5,0.5,755,MA上昇配列 / パーフェクトオーダー / 52週高値目前
8613,丸三証券,証券、商品先物取引業,15.5,★☆☆☆☆,0.0,0.0,2.0,0.0,13.5,0.0,0.0,0.0,,,0.0,13.8,2.2,6.2,1166,1219.0,0.2,0.8,418,MA上昇配列 / パーフェクトオーダー / 52週高値目前
5185,フコク,ゴム製品,15.4,★☆☆☆☆,0.0,0.0,7.7,0.0,7.7,0.0,0.0,0.0,,,0.0,12.5,1.6,7.4,1930,1992.0,6.1,6.3,108,出来高急増6.3倍 / MA上昇配列
6326,クボタ,機械,15.4,★☆☆☆☆,3.7,0.0,1.0,0.0,7.2,0.0,3.5,0.0,,Albemarle,-0.1,4.5,4.0,0.6,2541,2760.0,0.5,1.1,11711,Albemarle+8.5%連動(β0.17) / MA上昇配列 / パーフェクトオーダー / 開示[業績予想の修正](5日前) / 開示[自己株式取得](5日前)
9433,ＫＤＤＩ,情報・通信業,15.4,★☆☆☆☆,0.0,0.0,1.0,0.0,9.5,0.0,4.9,0.0,,,0.0,9.4,2.6,3.6,2824,2981.0,2.1,1.1,25693,MA上昇配列 / パーフェクトオーダー / 開示[自己株式の取得](2日前) / 開示[自己株式の取得](3日前)
2730,エディオン,小売業,15.3,★☆☆☆☆,0.0,0.0,3.3,0.0,12.0,0.0,0.0,0.0,,,0.0,12.6,2.9,5.5,2403,2548.0,5.2,1.0,785,買い出来高優勢 / MA上昇配列 / パーフェクトオーダー
7366,ＬＩＴＡＬＩＣＯ,サービス業,15.3,★☆☆☆☆,0.0,0.0,5.3,0.0,10.0,0.0,0.0,0.0,,,0.0,10.2,3.5,7.6,1648,1774.0,11.5,1.6,199,買い出来高優勢 / MA上昇配列 / パーフェクトオーダー
9104,商船三井,海運業,15.3,★☆☆☆☆,0.0,0.0,4.3,0.0,11.0,0.0,0.0,0.0,,,0.0,16.1,2.5,8.6,5878,6186.0,5.0,1.3,14829,買い出来高優勢 / MA上昇配列 / パーフェクトオーダー
7433,伯東,卸売業,15.3,★☆☆☆☆,0.0,0.0,4.3,0.0,11.0,0.0,0.0,0.0,,,0.0,21.2,3.0,13.2,5044,5360.0,8.5,1.0,534,買い出来高優勢 / MA上昇配列 / パーフェクトオーダー / 52週高値目前 / RSI過熱(86)⚠
3131,シンデン・ハイテックス,卸売業,15.3,★☆☆☆☆,0.0,0.0,6.3,0.0,12.0,0.0,0.0,-3.0,,,0.0,28.1,7.0,17.2,3833,4455.0,8.7,2.2,167,出来高増2.2倍 / MA上昇配列 / パーフェクトオーダー / 伸びすぎ注意(25MA+17%)
5408,中山製鋼所,鉄鋼,15.299999999999999,★☆☆☆☆,0.0,0.0,4.0,0.0,8.7,0.0,2.6,0.0,,,0.0,9.4,2.0,4.4,641,668.0,1.7,1.5,137,MA上昇配列 / パーフェクトオーダー / 開示[資本業務提携](2日前)
6952,カシオ計算機,電気機器,15.2,★☆☆☆☆,0.0,0.0,5.3,0.0,12.0,0.0,0.9,-3.0,,,0.0,22.2,4.3,16.0,2010,2201.5,24.8,1.8,3683,買い出来高優勢 / MA上昇配列 / パーフェクトオーダー / 伸びすぎ注意(25MA+16%) / 開示[業績予想の修正](9日前)
4613,関西ペイント,化学,15.2,★☆☆☆☆,0.0,0.0,3.0,0.0,12.2,0.0,0.0,0.0,,,0.0,10.2,2.1,5.0,2778,2899.0,2.4,1.3,2744,MA上昇配列 / パーフェクトオーダー / 52週高値目前
6834,精工技研,電気機器,15.2,★☆☆☆☆,10.2,0.0,0.0,0.0,5.0,0.0,0.0,0.0,,Coherent,-11.1,-1.0,9.1,3.0,17816,21770.0,16.0,1.0,3496,Coherent+17.1%連動(β0.24)
4746,東計電算,情報・通信業,15.2,★☆☆☆☆,0.0,0.0,5.7,0.0,9.5,0.0,5.0,-5.0,,,0.0,44.5,3.9,30.6,6089,6600.0,31.5,3.9,320,出来高急増3.9倍 / MA上昇配列 / パーフェクトオーダー / RSI過熱(91)⚠ / 過熱⚠25MA+31% / 開示[増配](4日前) / 開示[増配](6日前)
8151,東陽テクニカ,卸売業,15.1,★☆☆☆☆,0.0,0.0,2.0,0.0,11.0,0.0,2.1,0.0,,,0.0,6.4,3.1,1.6,1868,1992.0,1.7,1.8,261,MA上昇配列 / パーフェクトオーダー / 開示[自己株式取得](4日前)
5726,大阪チタニウムテクノロジーズ,非鉄金属,15.1,★☆☆☆☆,0.0,0.0,3.0,0.0,10.0,0.0,2.1,0.0,,,0.0,19.5,6.0,10.0,2639,3000.0,5.8,1.5,1814,MA上昇配列 / パーフェクトオーダー / 開示[業績予想の修正](2日前)
3941,レンゴー,パルプ・紙,15.1,★☆☆☆☆,0.0,0.0,1.0,0.0,12.0,0.0,2.1,0.0,,,0.0,15.0,3.0,6.8,1483,1577.0,5.7,1.1,1735,MA上昇配列 / パーフェクトオーダー / 開示[自己株式の取得](4日前)
3774,インターネットイニシアティブ,情報・通信業,15.0,★☆☆☆☆,0.0,0.0,4.0,0.0,11.0,0.0,0.0,0.0,,,0.0,6.6,2.7,3.8,3433,3632.0,3.7,1.7,1837,MA上昇配列 / パーフェクトオーダー / 52週高値目前
6349,小森コーポレーション,機械,15.0,★☆☆☆☆,0.0,0.0,4.3,0.0,10.7,0.0,0.0,0.0,,,0.0,23.7,3.1,12.3,1783,1902.0,2.0,0.7,492,買い出来高優勢 / MA上昇配列 / パーフェクトオーダー
4417,グローバルセキュリティエキスパート,情報・通信業,15.0,★☆☆☆☆,0.0,0.0,3.0,0.0,15.0,0.0,0.0,-3.0,,,0.0,29.7,5.6,15.3,4411,4965.0,8.4,1.7,274,MA上昇配列 / パーフェクトオーダー / 52週高値ブレイク! / 伸びすぎ注意(25MA+15%)
8338,筑波銀行,銀行業,15.0,★☆☆☆☆,0.0,0.0,3.0,0.0,12.0,0.0,0.0,0.0,,,0.0,7.3,5.3,2.0,587,657.0,5.6,1.5,1163,MA上昇配列 / パーフェクトオーダー
6677,エスケーエレクトロニクス,電気機器,15.0,★☆☆☆☆,0.0,0.0,3.0,0.0,12.0,0.0,0.0,0.0,,,0.0,10.9,3.8,5.7,3394,3670.0,5.8,1.2,249,MA上昇配列 / パーフェクトオーダー
9432,ＮＴＴ,情報・通信業,15.0,★☆☆☆☆,0.0,0.0,4.3,0.0,9.0,0.0,1.7,0.0,,,0.0,9.5,2.2,4.5,152,158.5,4.0,1.4,39876,買い出来高優勢 / MA上昇配列 / 開示[自己株式の取得](6日前)
2801,キッコーマン,食料品,14.9,★☆☆☆☆,0.0,0.0,2.0,0.0,11.0,0.0,1.9,0.0,,,0.0,9.3,4.0,6.5,1620,1760.0,6.8,1.5,7082,MA上昇配列 / パーフェクトオーダー / 開示[自己株式の取得](5日前)
7914,共同印刷,その他製品,14.9,★☆☆☆☆,0.0,0.0,3.3,0.0,9.5,0.0,2.1,0.0,,,0.0,5.2,1.8,1.5,1592,1651.0,0.7,2.4,108,出来高増2.4倍 / MA上昇配列 / パーフェクトオーダー / 開示[業績予想の修正](2日前)
8012,長瀬産業,卸売業,14.9,★☆☆☆☆,0.0,0.0,1.0,0.0,12.0,0.0,1.9,0.0,,,0.0,11.8,3.4,6.5,1169,1254.5,10.2,0.9,1095,MA上昇配列 / パーフェクトオーダー / 開示[自己株式取得](5日前)
4768,大塚商会,情報・通信業,14.9,★☆☆☆☆,0.0,0.0,2.0,0.0,11.5,0.0,1.4,0.0,,,0.0,20.7,3.8,10.7,3184,3443.0,5.2,0.6,5637,MA上昇配列 / 52週高値目前 / 開示[業績予想の修正](6日前)
6381,アネスト岩田,機械,14.9,★☆☆☆☆,0.0,0.0,2.0,0.0,11.0,0.0,1.9,0.0,,,0.0,11.1,1.8,6.0,1823,1890.0,4.8,0.8,183,MA上昇配列 / パーフェクトオーダー / 52週高値目前 / RSI過熱(92)⚠ / 開示[自己株式の取得](5日前)
9436,沖縄セルラー電話,情報・通信業,14.899999999999999,★☆☆☆☆,0.0,0.0,1.0,0.0,12.2,0.0,1.7,0.0,,,0.0,12.1,2.2,7.4,3949,4135.0,6.8,0.9,444,MA上昇配列 / パーフェクトオーダー / 52週高値目前 / 開示[自己株式の取得](6日前)
7267,本田技研工業,輸送用機器,14.8,★☆☆☆☆,0.0,0.0,3.0,0.0,10.0,0.0,1.8,0.0,,,0.0,15.2,3.1,6.9,1580,1683.0,3.5,1.3,28114,MA上昇配列 / 開示[業績予想の修正](4日前)
8541,愛媛銀行,銀行業,14.8,★☆☆☆☆,0.0,0.0,5.3,0.0,9.5,0.0,0.0,0.0,,,0.0,27.6,5.0,12.9,2568,2853.0,2.6,0.4,1053,買い出来高優勢 / 資金流入増 / MA上昇配列 / パーフェクトオーダー
6278,ユニオンツール,機械,14.8,★☆☆☆☆,8.1,0.0,2.0,0.0,2.7,0.0,2.0,0.0,,Coherent,-1.9,-10.9,10.7,-9.3,12973,16490.0,5.6,1.8,6833,Coherent+17.1%連動(β0.19) / 開示[業績予想の修正](3日前)
1852,淺沼組,建設業,14.700000000000001,★☆☆☆☆,0.0,0.0,4.3,0.0,8.0,0.0,2.4,0.0,,,0.0,10.3,2.1,5.4,874,912.0,4.7,3.0,430,出来高増3.0倍 / MA上昇配列 / 開示[自己株式の取得](3日前)
9678,カナモト,サービス業,14.7,★☆☆☆☆,0.0,0.0,1.0,0.0,12.0,0.0,1.7,0.0,,,0.0,8.2,2.6,4.4,5117,5400.0,3.1,0.6,563,MA上昇配列 / パーフェクトオーダー / 開示[自己株式の取得](6日前)
2170,リンクアンドモチベーション,サービス業,14.7,★☆☆☆☆,0.0,0.0,3.0,0.0,10.0,0.0,1.7,0.0,,,0.0,12.4,3.0,5.6,602,640.0,1.1,1.4,306,MA上昇配列 / パーフェクトオーダー / 開示[自己株式の取得](6日前)
8381,山陰合同銀行,銀行業,14.7,★☆☆☆☆,0.0,0.0,2.0,0.0,11.0,0.0,1.7,0.0,,,0.0,5.4,3.3,2.6,2339,2504.0,7.2,0.9,1050,MA上昇配列 / パーフェクトオーダー / 52週高値目前 / 開示[自己株式の取得](6日前)
8011,三陽商会,繊維製品,14.7,★☆☆☆☆,0.0,0.0,2.0,0.0,11.0,0.0,1.7,0.0,,,0.0,23.5,3.5,12.0,4759,5120.0,4.5,0.9,174,MA上昇配列 / パーフェクトオーダー / 52週高値目前 / RSI過熱(86)⚠ / 開示[自己株式の取得](6日前)
9274,ＫＰＰグループホールディングス,卸売業,14.7,★☆☆☆☆,0.0,0.0,2.0,0.0,11.0,0.0,1.7,0.0,,,0.0,10.6,2.3,3.8,1066,1118.0,0.7,0.8,257,MA上昇配列 / パーフェクトオーダー / 52週高値目前 / 開示[自己株式の取得](6日前)
4527,ロート製薬,医薬品,14.7,★☆☆☆☆,0.0,0.0,7.7,0.0,8.0,0.0,2.0,-3.0,,,0.0,19.3,3.6,17.4,2656,2862.5,19.8,7.6,3678,出来高急増7.6倍 / MA上昇配列 / 伸びすぎ注意(25MA+17%) / 開示[業績予想の修正](3日前)
6418,日本金銭機械,機械,14.7,★☆☆☆☆,0.0,0.0,8.0,0.0,6.7,0.0,0.0,0.0,,,0.0,16.1,2.4,10.3,1143,1200.0,5.9,3.2,128,出来高急増3.2倍 / 買い出来高優勢 / MA上昇配列
6305,日立建機,機械,14.7,★☆☆☆☆,3.7,0.0,1.0,0.0,10.0,0.0,0.0,0.0,,Albemarle,-5.5,10.4,3.9,4.4,5172,5609.0,4.0,0.7,6938,Albemarle+8.5%連動(β0.17) / MA上昇配列 / パーフェクトオーダー
8360,山梨中央銀行,銀行業,14.7,★☆☆☆☆,0.0,0.0,2.0,0.0,12.0,0.0,0.7,0.0,,,0.0,11.4,5.0,5.8,6360,7070.0,9.8,0.7,1024,MA上昇配列 / パーフェクトオーダー / 開示[株式分割](9日前)
4922,コーセーホールディングス,化学,14.7,★☆☆☆☆,0.0,0.0,6.7,0.0,8.0,0.0,0.0,0.0,,,0.0,16.3,3.7,6.6,5478,5920.0,4.1,3.1,1828,出来高急増3.1倍 / MA上昇配列
9107,川崎汽船,海運業,14.7,★☆☆☆☆,0.0,0.0,2.0,0.0,11.0,0.0,1.7,0.0,,,0.0,13.8,2.6,5.0,2704,2855.0,0.2,1.0,12845,MA上昇配列 / パーフェクトオーダー / 52週高値目前 / 開示[自己株式の取得](6日前)
8059,第一実業,卸売業,14.7,★☆☆☆☆,0.0,0.0,2.0,0.0,11.0,0.0,1.7,0.0,,,0.0,10.5,3.4,3.4,3252,3490.0,9.4,0.7,332,MA上昇配列 / パーフェクトオーダー / 52週高値目前 / 開示[自己株式の取得](6日前)
9699,ニシオホールディングス,サービス業,14.7,★☆☆☆☆,0.0,0.0,3.0,0.0,10.0,0.0,1.7,0.0,,,0.0,15.0,2.6,7.3,4259,4490.0,4.5,1.0,248,MA上昇配列 / 開示[自己株式取得](6日前)
8050,セイコーグループ,精密機器,14.600000000000001,★☆☆☆☆,0.0,0.0,3.0,0.0,12.0,0.0,2.6,-3.0,,,0.0,26.9,5.5,17.0,8160,9170.0,15.5,1.3,2938,MA上昇配列 / パーフェクトオーダー / 伸びすぎ注意(25MA+17%) / 開示[増配](2日前)
6080,Ｍ＆Ａキャピタルパートナーズ,サービス業,14.6,★☆☆☆☆,0.0,0.0,4.3,0.0,8.7,0.0,1.6,0.0,,,0.0,15.3,3.0,6.9,3776,4020.0,3.5,0.7,503,買い出来高優勢 / MA上昇配列 / パーフェクトオーダー / 開示[業績予想の修正](10日前) / 開示[増配](10日前)
3946,トーモク,パルプ・紙,14.6,★☆☆☆☆,0.0,0.0,4.0,0.0,9.5,0.0,1.1,0.0,,,0.0,15.3,2.6,5.2,4336,4570.0,1.2,0.8,653,資金流入増 / MA上昇配列 / パーフェクトオーダー / 開示[自己株式取得](9日前)
4045,東亞合成,化学,14.6,★☆☆☆☆,0.0,0.0,1.0,0.0,12.5,0.0,1.1,0.0,,,0.0,11.6,1.9,6.2,1816,1887.0,5.1,0.9,571,MA上昇配列 / パーフェクトオーダー / 52週高値ブレイク! / RSI過熱(87)⚠ / 開示[増配](9日前)
4971,メック,化学,14.6,★☆☆☆☆,9.6,0.0,0.0,0.0,5.0,0.0,0.0,0.0,,Coherent,-2.1,1.1,8.2,1.0,7403,8850.0,3.9,0.9,2740,Coherent+17.1%連動(β0.22)
8359,八十二長野銀行,銀行業,14.6,★☆☆☆☆,0.0,0.0,3.0,0.0,9.5,0.0,2.1,0.0,,,0.0,4.2,3.4,1.4,2429,2607.0,3.9,1.7,4208,MA上昇配列 / パーフェクトオーダー / 開示[自己株式の取得](4日前)
7239,タチエス,輸送用機器,14.5,★☆☆☆☆,0.0,0.0,1.0,0.0,13.5,0.0,0.0,0.0,,,0.0,9.7,1.9,4.0,2196,2284.0,1.0,0.9,203,MA上昇配列 / パーフェクトオーダー / 52週高値目前
1939,四電工,建設業,14.5,★☆☆☆☆,0.0,0.0,1.0,0.0,13.5,0.0,0.0,0.0,,,0.0,7.8,2.4,3.5,1982,2081.0,3.7,1.0,171,MA上昇配列 / パーフェクトオーダー / 52週高値目前
8345,岩手銀行,銀行業,14.5,★☆☆☆☆,0.0,0.0,1.0,0.0,13.5,0.0,0.0,0.0,,,0.0,15.0,4.4,7.5,2153,2358.0,9.4,0.8,644,MA上昇配列 / パーフェクトオーダー / 52週高値目前
6804,ホシデン,電気機器,14.5,★☆☆☆☆,0.0,0.0,2.0,0.0,12.5,0.0,0.0,0.0,,,0.0,8.6,2.5,5.7,2838,2987.0,4.1,1.1,685,MA上昇配列 / パーフェクトオーダー / 52週高値ブレイク! / RSI過熱(86)⚠
9110,ＮＳユナイテッド海運,海運業,14.400000000000002,★☆☆☆☆,0.0,0.0,7.3,0.0,11.0,0.0,1.1,-5.0,,,0.0,56.4,3.2,34.4,9784,10450.0,30.0,1.7,1197,買い出来高優勢 / 資金流入増 / MA上昇配列 / パーフェクトオーダー / 52週高値目前 / RSI過熱(99)⚠ / 過熱⚠25MA+34% / 開示[自己株式の取得](9日前)
7931,未来工業,化学,14.4,★☆☆☆☆,0.0,0.0,7.7,0.0,6.7,0.0,0.0,0.0,,,0.0,18.6,3.6,11.3,3439,3705.0,9.0,4.6,138,出来高急増4.6倍 / MA上昇配列
4028,石原産業,化学,14.4,★☆☆☆☆,0.0,0.0,5.3,0.0,7.0,0.0,2.1,0.0,,,0.0,18.9,4.0,8.3,2904,3155.0,6.4,2.8,934,出来高増2.8倍 / 開示[業績予想の修正](2日前)
2503,キリンホールディングス,食料品,14.4,★☆☆☆☆,0.0,0.0,1.0,0.0,9.5,0.0,3.9,0.0,,,0.0,7.2,2.7,4.3,2874,3038.0,2.9,1.2,12115,MA上昇配列 / パーフェクトオーダー / 開示[子会社化](2日前) / 開示[自己株式の取得](4日前)
4992,北興化学工業,化学,14.4,★☆☆☆☆,2.8,0.0,1.0,0.0,8.7,0.0,1.9,0.0,,Microchip,-6.3,1.5,3.8,1.1,1829,1978.0,7.0,0.7,288,Microchip+5.0%連動(β0.22) / MA上昇配列 / パーフェクトオーダー / 開示[自己株式の取得](5日前)
8766,東京海上ホールディングス,保険業,14.4,★☆☆☆☆,0.0,0.0,1.0,0.0,9.5,0.0,3.9,0.0,,,0.0,4.0,2.7,0.9,7508,7939.0,-2.2,0.8,36571,MA上昇配列 / パーフェクトオーダー / 開示[自己株式の取得](5日前) / 開示[自己株式の取得](5日前)
7327,第四北越フィナンシャルグループ,銀行業,14.4,★☆☆☆☆,0.0,0.0,2.0,0.0,11.0,0.0,1.4,0.0,,,0.0,8.3,2.8,3.1,2238,2372.0,2.8,0.8,2002,MA上昇配列 / パーフェクトオーダー / 52週高値目前 / 開示[上方修正](9日前)
6143,ソディック,機械,14.4,★☆☆☆☆,3.0,0.0,3.3,0.0,6.0,0.0,2.1,0.0,,Microchip,-8.2,5.6,6.7,2.5,1576,1820.0,8.2,2.7,927,Microchip+5.0%連動(β0.24) / 出来高増2.7倍 / 開示[業績予想の修正](2日前)
4212,積水樹脂,化学,14.399999999999999,★☆☆☆☆,0.0,0.0,2.0,0.0,10.7,0.0,1.7,0.0,,,0.0,11.9,3.2,6.9,2730,2919.0,-1.1,0.5,243,MA上昇配列 / パーフェクトオーダー / 開示[増配](10日前) / 開示[自己株式取得](10日前)
6370,栗田工業,機械,14.399999999999999,★☆☆☆☆,7.0,0.0,2.0,0.0,3.7,0.0,1.7,0.0,,Microchip,1.4,0.4,4.4,-2.1,7943,8700.0,-0.5,1.9,4733,Microchip+5.0%連動(β0.23) 未反応+1.4% / 開示[自己株式の取得](6日前)
5574,ＡＢＥＪＡ,情報・通信業,14.3,★☆☆☆☆,0.0,0.0,5.3,0.0,8.0,0.0,1.0,0.0,,,0.0,28.2,5.8,11.4,2413,2728.0,-0.1,0.6,492,買い出来高優勢 / 資金流入増 / MA上昇配列 / 開示[AI](5日前)
5110,住友ゴム工業,ゴム製品,14.3,★☆☆☆☆,0.0,0.0,4.3,0.0,10.0,0.0,0.0,0.0,,,0.0,16.6,3.6,10.4,2306,2487.5,9.1,2.6,5791,出来高増2.6倍 / MA上昇配列
8136,サンリオ,卸売業,14.3,★☆☆☆☆,0.0,0.0,5.3,0.0,9.0,0.0,0.0,0.0,,,0.0,26.7,4.8,14.7,1263,1397.0,9.8,1.6,29518,買い出来高優勢 / MA上昇配列
7242,カヤバ,輸送用機器,14.3,★☆☆☆☆,0.0,0.0,5.3,0.0,9.0,0.0,0.0,0.0,,,0.0,14.6,2.8,5.4,4294,4545.0,0.6,1.9,459,買い出来高優勢 / MA上昇配列
5232,住友大阪セメント,ガラス・土石製品,14.3,★☆☆☆☆,0.0,0.0,2.0,0.0,11.0,0.0,1.3,0.0,,,0.0,10.4,5.2,3.5,5213,5817.0,6.6,1.0,2157,MA上昇配列 / パーフェクトオーダー / 開示[株式分割](5日前)
7504,高速,卸売業,14.3,★☆☆☆☆,0.0,0.0,4.0,0.0,12.2,0.0,1.1,-3.0,,,0.0,26.1,4.2,16.6,4249,4640.0,12.1,0.8,403,資金流入増 / MA上昇配列 / パーフェクトオーダー / 52週高値目前 / 伸びすぎ注意(25MA+17%) / 開示[自己株式取得](9日前)
6480,日本トムソン,機械,14.3,★☆☆☆☆,3.0,0.0,4.7,0.0,2.7,0.0,3.9,0.0,,Microchip,-0.0,-4.3,7.6,-3.6,1548,1827.0,2.5,3.3,2009,Microchip+5.0%連動(β0.24) / 出来高急増3.3倍 / 開示[業績予想の修正](2日前) / 開示[自己株式の取得](6日前)
7839,ＳＨＯＥＩ,その他製品,14.3,★☆☆☆☆,0.0,0.0,4.3,0.0,10.0,0.0,0.0,0.0,,,0.0,14.3,2.6,5.9,1913,2018.0,3.4,1.2,410,買い出来高優勢 / MA上昇配列 / パーフェクトオーダー
4733,オービックビジネスコンサルタント,情報・通信業,14.3,★☆☆☆☆,0.0,0.0,5.3,0.0,9.0,0.0,0.0,0.0,,,0.0,24.8,4.9,10.3,7165,7945.0,-0.7,0.5,2808,買い出来高優勢 / 資金流入増 / MA上昇配列
6932,遠藤照明,電気機器,14.3,★☆☆☆☆,0.0,0.0,3.3,0.0,11.0,0.0,0.0,0.0,,,0.0,15.9,3.0,5.1,2500,2659.0,2.0,0.9,137,買い出来高優勢 / MA上昇配列 / パーフェクトオーダー
4220,リケンテクノス,化学,14.3,★☆☆☆☆,0.0,0.0,6.3,0.0,11.0,0.0,2.0,-5.0,,,0.0,60.9,4.8,40.7,2563,2837.0,28.0,1.5,475,買い出来高優勢 / 資金流入増 / MA上昇配列 / パーフェクトオーダー / 52週高値目前 / RSI過熱(96)⚠ / 過熱⚠25MA+41% / 開示[業績予想の修正](9日前) / 開示[自己株式取得](9日前)
7181,かんぽ生命保険,保険業,14.3,★☆☆☆☆,0.0,0.0,3.3,0.0,11.0,0.0,0.0,0.0,,,0.0,12.1,2.9,5.1,1685,1788.0,1.0,1.0,3924,買い出来高優勢 / MA上昇配列 / パーフェクトオーダー / 52週高値目前
6758,ソニーグループ,電気機器,14.299999999999999,★☆☆☆☆,3.2,0.0,1.0,0.0,8.0,0.0,2.1,0.0,,Skyworks,-2.4,12.3,3.5,5.7,3460,3721.0,-1.7,0.9,67445,Skyworks+5.7%連動(β0.22) / MA上昇配列 / 開示[自己株式の取得](4日前)
8739,スパークス・グループ,証券、商品先物取引業,14.299999999999999,★☆☆☆☆,0.0,0.0,1.0,0.0,12.2,0.0,1.1,0.0,,,0.0,13.9,2.4,7.4,2351,2472.0,9.6,0.8,297,MA上昇配列 / パーフェクトオーダー / 52週高値目前 / 開示[増配](9日前)
7272,ヤマハ発動機,輸送用機器,14.200000000000003,★☆☆☆☆,2.6,0.0,4.3,0.0,10.7,0.0,1.6,-5.0,,Microchip,-37.2,52.8,4.7,34.8,1668,1842.5,37.2,1.2,14314,Microchip+5.0%連動(β0.21) / 買い出来高優勢 / MA上昇配列 / パーフェクトオーダー / 過熱⚠25MA+35% / 開示[業績予想の修正](5日前)
8591,オリックス,その他金融業,14.200000000000001,★☆☆☆☆,6.9,0.0,2.0,0.0,3.2,0.0,2.1,0.0,,Albemarle,1.3,1.4,2.9,-1.7,5975,6336.0,-1.2,1.5,21586,Albemarle+8.5%連動(β0.14) 未反応+1.3% / 開示[自己株式の取得](4日前)
5943,ノーリツ,金属製品,14.2,★☆☆☆☆,0.0,0.0,3.0,0.0,9.5,0.0,1.7,0.0,,,0.0,6.6,1.9,1.3,2290,2380.0,0.2,1.5,182,MA上昇配列 / パーフェクトオーダー / 開示[自己株式の取得](6日前)
9861,吉野家ホールディングス,小売業,14.2,★☆☆☆☆,0.0,0.0,3.0,0.0,9.5,0.0,1.7,0.0,,,0.0,15.4,3.2,4.3,3533,3771.0,-1.9,1.0,2504,資金流入増 / MA上昇配列 / パーフェクトオーダー / 開示[自己株式の取得](6日前)
6337,テセック,機械,14.2,★☆☆☆☆,4.2,0.0,5.3,0.0,8.0,0.0,1.7,-5.0,,Skyworks,-4.4,41.0,7.6,23.9,2734,3220.0,2.7,0.6,447,Skyworks+5.7%連動(β0.29) / 買い出来高優勢 / 資金流入増 / 過熱⚠25MA+24% / 開示[自己株式の取得](6日前)
4368,扶桑化学工業,化学,14.2,★☆☆☆☆,9.5,0.0,2.0,0.0,2.7,0.0,0.0,0.0,,Coherent,0.9,-1.5,7.3,-3.2,3256,3810.0,1.7,1.8,3004,Coherent+17.1%連動(β0.16) 未反応+0.9%
6958,日本シイエムケイ,電気機器,14.100000000000001,★☆☆☆☆,3.3,0.0,2.0,0.0,7.0,0.0,1.8,0.0,,Microchip,-10.3,15.1,4.7,9.5,637,703.0,11.6,1.2,529,Microchip+5.0%連動(β0.27) / 開示[業績予想の修正](4日前)
7979,松風,精密機器,14.1,★☆☆☆☆,0.0,0.0,1.0,0.0,11.0,0.0,2.1,0.0,,,0.0,13.2,3.1,6.5,2136,2277.0,8.0,1.4,208,MA上昇配列 / パーフェクトオーダー / 開示[増配](4日前)
7715,長野計器,精密機器,14.1,★☆☆☆☆,3.1,0.0,1.0,0.0,10.0,0.0,0.0,0.0,,Microchip,-1.2,4.1,5.3,1.7,3512,3930.0,4.2,0.9,372,Microchip+5.0%連動(β0.25) / MA上昇配列 / パーフェクトオーダー
4385,メルカリ,情報・通信業,14.1,★☆☆☆☆,0.0,0.0,2.0,0.0,10.0,0.0,2.1,0.0,,,0.0,12.1,4.5,10.6,4576,5030.0,17.2,1.7,8865,MA上昇配列 / パーフェクトオーダー / 開示[自己株式取得](4日前)
7240,ＮＯＫ,輸送用機器,14.1,★☆☆☆☆,0.0,0.0,2.0,0.0,9.5,0.0,2.6,0.0,,,0.0,7.5,2.3,1.8,2887,3026.0,-0.7,1.0,1161,MA上昇配列 / パーフェクトオーダー / 開示[自己株式の取得](2日前)
5844,京都フィナンシャルグループ,銀行業,14.1,★☆☆☆☆,0.0,0.0,0.0,0.0,12.0,0.0,2.1,0.0,,,0.0,0.8,2.7,0.8,4418,4668.0,5.2,0.8,4262,MA上昇配列 / パーフェクトオーダー / 開示[自己株式の取得](4日前)
2121,ＭＩＸＩ,情報・通信業,14.0,★☆☆☆☆,0.0,0.0,3.0,0.0,11.0,0.0,0.0,0.0,,,0.0,15.1,3.6,9.7,3038,3275.0,13.1,0.9,1274,MA上昇配列 / パーフェクトオーダー
5246,ＥＬＥＭＥＮＴＳ,情報・通信業,14.0,★☆☆☆☆,0.0,0.0,4.0,0.0,10.0,0.0,0.0,0.0,,,0.0,27.6,5.2,10.7,722,805.0,8.3,0.3,593,資金流入増 / MA上昇配列 / パーフェクトオーダー
166A,タスキホールディングス,不動産業,14.0,★☆☆☆☆,0.0,0.0,2.0,0.0,12.0,0.0,0.0,0.0,,,0.0,7.3,3.8,4.7,1063,1149.0,3.6,0.6,812,MA上昇配列 / パーフェクトオーダー
6340,澁谷工業,機械,14.0,★☆☆☆☆,0.0,0.0,2.0,0.0,12.0,0.0,0.0,0.0,,,0.0,7.1,2.9,3.1,4230,4490.0,2.3,1.1,202,MA上昇配列 / パーフェクトオーダー
6594,ニデック,電気機器,14.0,★☆☆☆☆,7.0,0.0,1.0,0.0,6.0,0.0,0.0,0.0,,Skyworks,0.8,6.9,3.7,3.6,2513,2712.0,4.7,0.7,13102,Skyworks+5.7%連動(β0.31) 未反応+0.8%
6118,アイダエンジニアリング,機械,14.0,★☆☆☆☆,0.0,0.0,2.0,0.0,12.0,0.0,0.0,0.0,,,0.0,8.9,2.3,4.0,1195,1252.0,4.9,0.9,220,MA上昇配列 / パーフェクトオーダー
3932,アカツキ,情報・通信業,14.0,★☆☆☆☆,0.0,0.0,3.3,0.0,10.7,0.0,0.0,0.0,,,0.0,12.5,2.3,7.5,3050,3200.0,4.9,1.2,171,買い出来高優勢 / MA上昇配列 / パーフェクトオーダー
7384,プロクレアホールディングス,銀行業,14.0,★☆☆☆☆,0.0,0.0,2.0,0.0,12.0,0.0,0.0,0.0,,,0.0,8.4,4.5,4.5,3931,4315.0,7.9,1.1,385,MA上昇配列 / パーフェクトオーダー
7552,ハピネット,卸売業,14.0,★☆☆☆☆,0.0,0.0,4.0,0.0,10.0,0.0,0.0,0.0,,,0.0,12.3,3.7,6.8,3142,3390.0,2.3,2.0,622,MA上昇配列
8016,オンワードホールディングス,繊維製品,14.0,★☆☆☆☆,0.0,0.0,2.0,0.0,12.0,0.0,0.0,0.0,,,0.0,8.2,1.6,3.8,751,776.0,1.7,1.0,584,MA上昇配列 / パーフェクトオーダー
8395,佐賀銀行,銀行業,14.0,★☆☆☆☆,0.0,0.0,3.0,0.0,11.0,0.0,0.0,0.0,,,0.0,9.1,4.2,3.7,5384,5880.0,5.0,0.9,355,MA上昇配列 / パーフェクトオーダー / 52週高値目前
8609,岡三証券グループ,証券、商品先物取引業,14.0,★☆☆☆☆,0.0,0.0,2.0,0.0,12.0,0.0,0.0,0.0,,,0.0,13.8,3.5,5.6,1038,1115.0,0.0,0.6,527,MA上昇配列 / パーフェクトオーダー
8522,名古屋銀行,銀行業,14.0,★☆☆☆☆,8.5,0.0,1.0,0.0,4.5,0.0,0.0,0.0,,Microchip,1.9,2.4,4.2,-1.4,5909,6450.0,-0.9,0.8,1038,Microchip+5.0%連動(β0.23) 未反応+1.9%
4912,ライオン,化学,14.0,★☆☆☆☆,0.0,0.0,2.0,0.0,12.0,0.0,0.0,0.0,,,0.0,8.0,2.6,5.4,1705,1797.5,5.2,1.8,1889,MA上昇配列 / パーフェクトオーダー
6844,新電元工業,電気機器,14.0,★☆☆☆☆,3.0,0.0,0.0,0.0,11.0,0.0,0.0,0.0,,Microchip,-4.7,2.0,5.2,3.3,3321,3705.0,8.5,0.8,427,Microchip+5.0%連動(β0.24) / MA上昇配列 / パーフェクトオーダー
9434,ソフトバンク,情報・通信業,14.0,★☆☆☆☆,0.0,0.0,2.0,0.0,12.0,0.0,0.0,0.0,,,0.0,10.9,2.5,4.3,219,230.89999389648438,3.4,0.9,19538,MA上昇配列 / パーフェクトオーダー
6209,リケンＮＰＲ,機械,14.0,★☆☆☆☆,0.0,0.0,3.3,0.0,10.7,0.0,0.0,0.0,,,0.0,10.0,2.2,3.8,3945,4130.0,1.3,0.9,387,買い出来高優勢 / MA上昇配列 / パーフェクトオーダー
7943,ニチハ,ガラス・土石製品,13.9,★☆☆☆☆,0.0,0.0,1.0,0.0,9.0,0.0,3.9,0.0,,,0.0,12.9,2.7,4.5,3029,3200.0,3.6,0.7,268,MA上昇配列 / 開示[自己株式の取得](6日前) / 開示[増配](9日前)
4092,日本化学工業,化学,13.9,★☆☆☆☆,0.0,0.0,2.0,0.0,11.0,0.0,0.9,0.0,,,0.0,42.3,8.4,11.2,4659,5600.0,-5.6,0.8,1796,MA上昇配列 / パーフェクトオーダー / 開示[自己株式取得](10日前)
7752,リコー,電気機器,13.9,★☆☆☆☆,0.0,0.0,2.0,0.0,9.5,0.0,2.4,0.0,,,0.0,12.5,3.3,4.9,1511,1616.0,2.3,0.8,4820,MA上昇配列 / パーフェクトオーダー / 開示[自己株式の取得](3日前)
7128,ユニソルホールディングス,卸売業,13.9,★☆☆☆☆,0.0,0.0,4.3,0.0,8.5,0.0,1.1,0.0,,,0.0,25.7,2.5,14.7,2884,3035.0,5.9,0.6,329,買い出来高優勢 / MA上昇配列 / パーフェクトオーダー / RSI過熱(89)⚠ / 開示[自己株式取得](9日前)
6364,ＡＩＲＭＡＮ,機械,13.899999999999999,★☆☆☆☆,0.0,0.0,6.3,0.0,10.7,0.0,1.9,-5.0,,,0.0,40.5,5.4,22.5,2321,2601.0,2.2,1.4,341,買い出来高優勢 / 資金流入増 / MA上昇配列 / パーフェクトオーダー / 過熱⚠25MA+23% / 開示[自己株式の取得](5日前)
4902,コニカミノルタ,電気機器,13.8,★☆☆☆☆,3.3,0.0,3.0,0.0,7.5,0.0,0.0,0.0,,Skyworks,-9.3,17.6,4.9,6.4,595,658.5,11.5,1.3,2859,Skyworks+5.7%連動(β0.23) / MA上昇配列
296A,令和アカウンティング・ホールディングス,サービス業,13.8,★☆☆☆☆,0.0,0.0,5.3,0.0,8.5,0.0,0.0,0.0,,,0.0,22.4,4.6,5.4,793,873.0,1.9,0.2,163,買い出来高優勢 / 資金流入増 / MA上昇配列 / パーフェクトオーダー
9308,乾汽船,海運業,13.8,★☆☆☆☆,0.0,0.0,6.3,0.0,7.5,0.0,0.0,0.0,,,0.0,24.2,3.9,11.7,1787,1936.0,2.4,1.8,262,買い出来高優勢 / MA上昇配列 / パーフェクトオーダー / RSI過熱(87)⚠
3993,ＰＫＳＨＡ　Ｔｅｃｈｎｏｌｏｇｙ,情報・通信業,13.799999999999999,★☆☆☆☆,0.0,6.0,2.0,0.0,4.7,0.0,1.1,0.0,,,0.0,7.1,3.4,1.1,2664,2861.0,2.7,0.7,854,生成AI・ソフト(-0.1%) / 開示[自己株式取得](9日前)
9889,ＪＢＣＣホールディングス,情報・通信業,13.799999999999999,★☆☆☆☆,0.0,0.0,3.0,0.0,8.7,0.0,2.1,0.0,,,0.0,23.8,3.8,12.5,1567,1695.0,4.9,0.9,383,MA上昇配列 / 開示[増配](9日前) / 開示[自己株式取得](9日前)
6140,旭ダイヤモンド工業,機械,13.799999999999999,★☆☆☆☆,0.0,0.0,6.7,0.0,5.0,0.0,2.1,0.0,,,0.0,11.5,4.5,9.5,1157,1271.0,15.2,3.4,747,出来高急増3.4倍 / 開示[業績予想の修正](2日前)
9507,四国電力,電気・ガス業,13.799999999999999,★☆☆☆☆,0.0,0.0,4.0,0.0,8.7,0.0,1.1,0.0,,,0.0,18.0,2.8,9.5,1623,1720.5,3.3,1.3,1257,MA上昇配列 / 開示[自己株式の取得](9日前)
4612,日本ペイントホールディングス,化学,13.799999999999999,★☆☆☆☆,0.0,0.0,1.0,0.0,10.7,0.0,2.1,0.0,,,0.0,19.8,2.7,10.0,1190,1259.5,4.1,0.8,5265,MA上昇配列 / パーフェクトオーダー / 開示[業績予想の修正](2日前)
9616,共立メンテナンス,サービス業,13.7,★☆☆☆☆,0.0,0.0,3.0,0.0,10.7,0.0,0.0,0.0,,,0.0,20.6,3.0,8.6,3242,3452.0,-0.6,1.0,3928,MA上昇配列 / パーフェクトオーダー
3107,ダイワボウホールディングス,卸売業,13.7,★☆☆☆☆,0.0,0.0,0.0,0.0,12.0,0.0,1.7,0.0,,,0.0,10.2,2.5,3.6,3461,3642.0,1.8,0.9,1038,MA上昇配列 / パーフェクトオーダー / 開示[自己株式の取得](6日前)
9076,セイノーホールディングス,陸運業,13.7,★☆☆☆☆,0.0,0.0,4.0,0.0,9.7,0.0,0.0,0.0,,,0.0,2.8,2.4,0.6,2563,2692.0,2.2,1.8,1140,MA上昇配列 / パーフェクトオーダー / 52週高値目前
8154,加賀電子,卸売業,13.7,★☆☆☆☆,0.0,0.0,3.0,0.0,10.7,0.0,0.0,0.0,,,0.0,17.4,3.6,10.2,4495,4845.0,3.2,1.3,704,MA上昇配列 / パーフェクトオーダー
1870,矢作建設工業,建設業,13.7,★☆☆☆☆,0.0,0.0,6.7,0.0,7.0,0.0,0.0,0.0,,,0.0,10.1,1.8,5.1,1920,1992.0,4.4,4.2,287,出来高急増4.2倍
7821,前田工繊,その他製品,13.7,★☆☆☆☆,0.0,0.0,4.7,0.0,9.0,0.0,0.0,0.0,,,0.0,9.3,2.8,2.9,1841,1949.0,-0.8,3.1,319,出来高急増3.1倍 / MA上昇配列
4041,日本曹達,化学,13.7,★☆☆☆☆,0.0,0.0,3.0,0.0,10.7,0.0,0.0,0.0,,,0.0,11.8,1.8,5.5,3819,3960.0,3.3,1.4,408,MA上昇配列 / パーフェクトオーダー
8074,ＹＵＡＳＡ,卸売業,13.7,★☆☆☆☆,0.0,0.0,3.0,0.0,10.7,0.0,0.0,0.0,,,0.0,14.7,2.2,8.8,5840,6110.0,5.2,1.8,194,MA上昇配列 / パーフェクトオーダー
4022,ラサ工業,化学,13.7,★☆☆☆☆,7.7,0.0,2.0,0.0,7.0,0.0,0.0,-3.0,,Coherent,-18.2,31.1,7.0,19.4,1974,2296.0,25.7,0.9,2792,Coherent+17.1%連動(β0.18) / 伸びすぎ注意(25MA+19%)
8358,スルガ銀行,銀行業,13.6,★☆☆☆☆,0.0,0.0,2.0,0.0,9.5,0.0,2.1,0.0,,,0.0,7.3,3.1,3.0,2566,2735.0,5.0,0.9,2386,MA上昇配列 / パーフェクトオーダー / 開示[自己株式の取得](4日前)
8725,ＭＳ＆ＡＤインシュアランスグループホールディングス,保険業,13.6,★☆☆☆☆,0.0,0.0,2.0,0.0,9.5,0.0,2.1,0.0,,,0.0,10.8,2.5,2.8,4604,4850.0,-1.5,0.7,21410,MA上昇配列 / パーフェクトオーダー / 開示[自己株式の取得](4日前)
8392,大分銀行,銀行業,13.6,★☆☆☆☆,0.0,0.0,2.0,0.0,9.5,0.0,2.1,0.0,,,0.0,9.1,4.7,3.7,2455,2712.0,5.7,1.1,712,MA上昇配列 / パーフェクトオーダー / 開示[業績予想の修正](2日前)
8399,琉球銀行,銀行業,13.5,★☆☆☆☆,0.0,0.0,0.0,0.0,13.5,0.0,0.0,0.0,,,0.0,15.7,3.5,7.6,2879,3095.0,5.2,0.8,428,MA上昇配列 / パーフェクトオーダー / 52週高値目前
7189,西日本フィナンシャルホールディングス,銀行業,13.5,★☆☆☆☆,0.0,0.0,0.0,0.0,13.5,0.0,0.0,0.0,,,0.0,8.3,3.3,4.1,4229,4532.0,6.2,0.7,2025,MA上昇配列 / パーフェクトオーダー / 52週高値目前
6505,東洋電機製造,電気機器,13.5,★☆☆☆☆,0.0,0.0,4.0,0.0,9.5,0.0,0.0,0.0,,,0.0,23.8,2.9,7.0,2266,2405.0,2.3,0.4,242,資金流入増 / MA上昇配列 / パーフェクトオーダー
2602,日清オイリオグループ,食料品,13.5,★☆☆☆☆,0.0,0.0,5.3,0.0,8.2,0.0,0.0,0.0,,,0.0,4.7,2.5,0.7,1827,1924.0,0.9,2.1,555,出来高増2.1倍 / MA上昇配列 / パーフェクトオーダー
6744,能美防災,電気機器,13.5,★☆☆☆☆,0.0,0.0,4.0,0.0,9.5,0.0,0.0,0.0,,,0.0,9.9,2.8,5.2,4350,4605.0,3.5,2.0,380,MA上昇配列 / パーフェクトオーダー / RSI過熱(88)⚠
8698,マネックスグループ,証券、商品先物取引業,13.5,★☆☆☆☆,11.5,0.0,2.0,0.0,0.0,0.0,0.0,0.0,,Microchip,2.7,3.0,3.3,-4.1,645,690.0,-2.1,0.9,2201,Microchip+5.0%連動(β0.26) 未反応+2.7%
8336,武蔵野銀行,銀行業,13.4,★☆☆☆☆,0.0,0.0,2.0,0.0,9.5,0.0,1.9,0.0,,,0.0,4.6,3.5,0.7,2468,2654.0,3.0,0.6,878,MA上昇配列 / パーフェクトオーダー / 開示[自己株式の取得](5日前)
7832,バンダイナムコホールディングス,その他製品,13.399999999999999,★☆☆☆☆,0.0,0.0,7.7,0.0,8.7,0.0,2.0,-5.0,,,0.0,36.7,4.0,25.1,4966,5398.0,17.1,3.1,13627,出来高急増3.1倍 / MA上昇配列 / 過熱⚠25MA+25% / 開示[業績予想の修正](3日前)
6741,日本信号,電気機器,13.3,★☆☆☆☆,0.0,0.0,3.0,0.0,12.2,0.0,1.1,-3.0,,,0.0,19.4,3.3,15.2,1748,1871.0,16.4,1.2,425,MA上昇配列 / パーフェクトオーダー / 52週高値目前 / 伸びすぎ注意(25MA+15%) / 開示[資本業務提携](9日前)
5838,楽天銀行,銀行業,13.3,★☆☆☆☆,0.0,0.0,3.3,0.0,8.0,0.0,2.0,0.0,,,0.0,4.3,3.9,4.0,5326,5777.0,5.6,2.3,5985,出来高増2.3倍 / MA上昇配列 / 開示[業績予想の修正](3日前)
7944,ローランド,その他製品,13.3,★☆☆☆☆,0.0,0.0,5.3,0.0,8.0,0.0,0.0,0.0,,,0.0,9.9,3.6,3.0,3979,4285.0,1.9,1.5,735,買い出来高優勢
6929,日本セラミック,電気機器,13.3,★☆☆☆☆,0.0,0.0,2.0,0.0,7.0,0.0,4.3,0.0,,,0.0,3.4,2.6,0.4,3569,3765.0,0.8,1.9,455,開示[自己株式取得](2日前) / 開示[自己株式の取得](6日前)
7971,東リ,化学,13.3,★☆☆☆☆,0.0,0.0,4.3,0.0,9.0,0.0,0.0,0.0,,,0.0,4.5,2.7,0.4,627,663.0,-0.7,2.1,113,出来高増2.1倍 / MA上昇配列
1786,オリエンタル白石,建設業,13.3,★☆☆☆☆,0.0,0.0,4.3,0.0,9.0,0.0,0.0,0.0,,,0.0,10.4,2.3,6.0,366,384.0,4.9,2.8,215,出来高増2.8倍 / MA上昇配列
6310,井関農機,機械,13.3,★☆☆☆☆,0.0,0.0,5.3,0.0,8.0,0.0,0.0,0.0,,,0.0,10.8,4.2,4.1,1777,1938.0,4.8,2.1,211,出来高増2.1倍 / MA上昇配列
1944,きんでん,建設業,13.3,★☆☆☆☆,0.0,11.1,0.0,0.0,2.2,0.0,0.0,0.0,,,0.0,-6.3,4.5,-6.3,6345,6971.0,-1.7,1.1,7350,AIデータセンター・電力(+2.5%)
8053,住友商事,卸売業,13.3,★☆☆☆☆,2.9,0.0,2.0,0.0,6.7,0.0,1.7,0.0,,Skyworks,-6.5,17.4,3.0,10.9,1680,1788.0,7.1,0.9,19897,Skyworks+5.7%連動(β0.20) / 開示[自己株式の取得](6日前)
4849,エン,サービス業,13.3,★☆☆☆☆,0.0,0.0,5.3,0.0,8.0,0.0,0.0,0.0,,,0.0,16.7,3.1,8.1,1268,1352.0,5.4,2.2,239,出来高増2.2倍 / MA上昇配列
7033,マネジメントソリューションズ,サービス業,13.3,★☆☆☆☆,0.0,0.0,3.3,0.0,10.0,0.0,0.0,0.0,,,0.0,8.7,2.6,3.7,1363,1439.0,0.5,0.8,101,買い出来高優勢 / MA上昇配列 / パーフェクトオーダー
8304,あおぞら銀行,銀行業,13.2,★☆☆☆☆,0.0,0.0,1.0,0.0,12.2,0.0,0.0,0.0,,,0.0,15.6,2.7,7.7,3084,3259.0,7.3,1.2,4711,MA上昇配列 / パーフェクトオーダー / 52週高値目前
4221,大倉工業,化学,13.2,★☆☆☆☆,0.0,0.0,1.0,0.0,12.2,0.0,0.0,0.0,,,0.0,17.4,3.2,9.5,5267,5630.0,1.4,0.5,348,MA上昇配列 / パーフェクトオーダー / 52週高値目前
6464,ツバキ・ナカシマ,機械,13.2,★☆☆☆☆,4.2,0.0,0.0,0.0,9.0,0.0,0.0,0.0,,Albemarle,-4.8,1.7,4.4,2.7,360,394.0,9.7,0.7,183,Albemarle+8.5%連動(β0.20) / MA上昇配列 / パーフェクトオーダー
7337,ひろぎんホールディングス,銀行業,13.2,★☆☆☆☆,0.0,0.0,2.0,0.0,9.5,0.0,1.7,0.0,,,0.0,4.9,3.0,1.6,2133,2268.0,2.9,0.9,1831,MA上昇配列 / パーフェクトオーダー / 開示[自己株式の取得](6日前)
8795,Ｔ＆Ｄホールディングス,保険業,13.2,★☆☆☆☆,0.0,0.0,2.0,0.0,9.5,0.0,1.7,0.0,,,0.0,4.3,2.7,0.1,4737,5006.0,-1.6,1.3,7069,MA上昇配列 / パーフェクトオーダー / 開示[自己株式の取得](6日前)
1969,高砂熱学工業,建設業,13.1,★☆☆☆☆,0.0,11.1,2.0,0.0,0.0,0.0,0.0,0.0,,,0.0,-11.0,4.1,-9.6,3775,4114.0,-3.5,1.6,2894,AIデータセンター・電力(+2.5%)
6417,ＳＡＮＫＹＯ,機械,13.1,★☆☆☆☆,0.0,0.0,4.0,0.0,6.7,0.0,2.4,0.0,,,0.0,18.4,3.2,9.9,1797,1918.0,3.5,1.7,1920,MA上昇配列 / 開示[増配](3日前)
4023,クレハ,化学,13.1,★☆☆☆☆,0.0,0.0,1.0,0.0,10.0,0.0,2.1,0.0,,,0.0,11.2,2.0,4.5,4244,4420.0,3.0,1.2,1129,MA上昇配列 / 開示[業績予想の修正](2日前)
9449,ＧＭＯインターネットグループ,情報・通信業,13.1,★☆☆☆☆,0.0,0.0,0.0,0.0,11.0,0.0,2.1,0.0,,,0.0,12.9,3.1,4.2,3916,4179.0,-1.8,1.0,2120,MA上昇配列 / パーフェクトオーダー / 52週高値目前 / 開示[自己株式の取得](4日前)
9202,ＡＮＡホールディングス,空運業,13.1,★☆☆☆☆,0.0,0.0,1.0,0.0,10.0,0.0,2.1,0.0,,,0.0,6.0,2.4,1.7,2989,3140.0,0.8,0.6,7955,MA上昇配列 / 開示[自己株式の取得](4日前)
5707,東邦亜鉛,非鉄金属,13.1,★☆☆☆☆,6.1,0.0,1.0,0.0,6.0,0.0,0.0,0.0,,Albemarle,-7.5,24.9,5.8,12.8,842,952.0,8.1,0.7,325,Albemarle+8.5%連動(β0.28)
3001,片倉工業,繊維製品,13.0,★☆☆☆☆,0.0,0.0,4.3,0.0,8.7,0.0,0.0,0.0,,,0.0,17.7,2.6,10.7,2844,3000.0,6.3,1.1,159,買い出来高優勢 / MA上昇配列
2492,インフォマート,サービス業,13.0,★☆☆☆☆,0.0,0.0,3.0,0.0,10.0,0.0,0.0,0.0,,,0.0,20.9,6.3,12.6,511,585.0,2.8,1.1,1817,MA上昇配列 / パーフェクトオーダー
7047,ポート,サービス業,13.0,★☆☆☆☆,0.0,0.0,2.0,0.0,11.0,0.0,0.0,0.0,,,0.0,7.1,3.5,3.6,2414,2593.0,6.3,0.8,231,MA上昇配列 / パーフェクトオーダー
5981,東京製綱,金属製品,13.0,★☆☆☆☆,0.0,0.0,1.0,0.0,12.0,0.0,0.0,0.0,,,0.0,7.4,3.0,4.8,1949,2071.0,5.8,0.7,152,MA上昇配列 / パーフェクトオーダー
4956,コニシ,化学,13.0,★☆☆☆☆,0.0,0.0,1.0,0.0,12.0,0.0,0.0,0.0,,,0.0,5.9,2.7,2.3,1395,1476.0,4.4,0.9,168,MA上昇配列 / パーフェクトオーダー
4689,ＬＩＮＥヤフー,情報・通信業,13.0,★☆☆☆☆,0.0,0.0,3.0,0.0,10.0,0.0,0.0,0.0,,,0.0,11.4,3.2,7.4,453,483.6000061035156,8.2,1.4,7462,MA上昇配列 / パーフェクトオーダー
8750,第一ライフグループ,保険業,13.0,★☆☆☆☆,0.0,0.0,2.0,0.0,11.0,0.0,0.0,0.0,,,0.0,6.1,2.5,2.5,1835,1932.5,0.7,0.9,19439,MA上昇配列 / パーフェクトオーダー / 52週高値目前
3401,帝人,繊維製品,13.0,★☆☆☆☆,0.0,0.0,2.0,0.0,11.0,0.0,0.0,0.0,,,0.0,7.3,2.6,3.6,1660,1752.0,7.0,1.3,1420,MA上昇配列 / パーフェクトオーダー / 52週高値目前
8935,ＦＪネクストホールディングス,不動産業,13.0,★☆☆☆☆,0.0,0.0,1.0,0.0,12.0,0.0,0.0,0.0,,,0.0,10.6,2.6,4.1,1823,1922.0,0.6,0.8,103,MA上昇配列 / パーフェクトオーダー
4052,フィーチャ,情報・通信業,13.0,★☆☆☆☆,0.0,0.0,10.0,0.0,8.0,0.0,0.0,-5.0,,,0.0,130.9,13.2,76.6,392,533.0,55.8,4.1,264,出来高急増4.1倍 / 買い出来高優勢 / 資金流入増 / MA上昇配列 / 過熱⚠25MA+77%
8708,アイザワ証券グループ,証券、商品先物取引業,13.0,★☆☆☆☆,0.0,0.0,3.0,0.0,10.0,0.0,0.0,0.0,,,0.0,12.6,2.9,4.5,1600,1699.0,-0.5,0.6,288,MA上昇配列 / パーフェクトオーダー
6960,フクダ電子,電気機器,13.0,★☆☆☆☆,0.0,0.0,1.0,0.0,12.0,0.0,0.0,0.0,,,0.0,5.9,3.3,2.6,11044,11820.0,4.3,1.3,496,MA上昇配列 / パーフェクトオーダー
287A,黒田グループ,卸売業,13.0,★☆☆☆☆,0.0,0.0,1.0,0.0,12.0,0.0,0.0,0.0,,,0.0,5.6,2.1,3.4,1092,1141.0,4.6,1.4,511,MA上昇配列 / パーフェクトオーダー
7747,朝日インテック,精密機器,13.0,★☆☆☆☆,0.0,0.0,1.0,0.0,12.0,0.0,0.0,0.0,,,0.0,3.6,2.7,2.7,3491,3689.0,2.7,0.8,3524,MA上昇配列 / パーフェクトオーダー
8362,福井銀行,銀行業,13.0,★☆☆☆☆,0.0,0.0,2.0,0.0,11.0,0.0,0.0,0.0,,,0.0,7.2,4.8,4.3,5586,6180.0,8.8,1.1,460,MA上昇配列 / パーフェクトオーダー / 52週高値目前
9069,センコーグループホールディングス,陸運業,13.0,★☆☆☆☆,0.0,0.0,2.0,0.0,11.0,0.0,0.0,0.0,,,0.0,13.2,2.0,4.6,2156,2248.0,1.9,0.9,923,MA上昇配列 / パーフェクトオーダー / 52週高値目前
3179,シュッピン,小売業,13.0,★☆☆☆☆,0.0,0.0,4.3,0.0,8.7,0.0,0.0,0.0,,,0.0,25.2,5.1,8.9,1185,1318.0,-2.7,0.5,210,買い出来高優勢 / MA上昇配列
8061,西華産業,卸売業,13.0,★☆☆☆☆,0.0,0.0,4.3,0.0,7.0,0.0,1.7,0.0,,,0.0,14.7,4.7,11.6,2734,3015.0,14.6,2.3,629,出来高増2.3倍 / 開示[自己株式の取得](6日前)
8707,岩井コスモホールディングス,証券、商品先物取引業,13.0,★☆☆☆☆,0.0,0.0,2.0,0.0,11.0,0.0,0.0,0.0,,,0.0,6.6,3.1,2.0,4039,4305.0,2.6,0.7,538,MA上昇配列 / パーフェクトオーダー / 52週高値目前
5832,ちゅうぎんフィナンシャルグループ,銀行業,13.0,★☆☆☆☆,0.0,0.0,2.0,0.0,11.0,0.0,0.0,0.0,,,0.0,7.5,3.3,2.3,3163,3385.0,1.9,0.9,1131,MA上昇配列 / パーフェクトオーダー / 52週高値目前
4064,日本カーバイド工業,化学,13.0,★☆☆☆☆,0.0,0.0,2.0,0.0,11.0,0.0,0.0,0.0,,,0.0,10.3,3.7,5.8,3270,3530.0,10.1,1.3,238,MA上昇配列 / パーフェクトオーダー
5714,ＤＯＷＡホールディングス,非鉄金属,13.0,★☆☆☆☆,0.0,0.0,8.0,0.0,5.0,0.0,0.0,0.0,,,0.0,13.8,3.9,8.8,8423,9137.0,11.0,3.5,4743,出来高急増3.5倍 / 買い出来高優勢
2670,エービーシー・マート,小売業,13.0,★☆☆☆☆,0.0,0.0,2.0,0.0,11.0,0.0,0.0,0.0,,,0.0,10.9,2.2,2.2,2667,2792.0,2.5,0.6,2095,MA上昇配列 / パーフェクトオーダー
7762,シチズン時計,精密機器,13.0,★☆☆☆☆,0.0,0.0,1.0,0.0,12.0,0.0,0.0,0.0,,,0.0,8.7,4.2,6.0,2194,2393.0,12.2,0.6,3267,MA上昇配列 / パーフェクトオーダー
5233,太平洋セメント,ガラス・土石製品,13.0,★☆☆☆☆,0.0,0.0,2.0,0.0,11.0,0.0,0.0,0.0,,,0.0,10.0,3.5,3.2,3915,4210.0,3.3,1.4,2650,MA上昇配列 / パーフェクトオーダー
367A,プリモグローバルホールディングス,小売業,13.0,★☆☆☆☆,0.0,0.0,2.0,0.0,11.0,0.0,0.0,0.0,,,0.0,-1.4,2.9,1.7,2685,2850.0,3.8,0.7,255,資金流入増 / MA上昇配列 / パーフェクトオーダー
8130,サンゲツ,卸売業,13.0,★☆☆☆☆,0.0,0.0,3.0,0.0,10.0,0.0,0.0,0.0,,,0.0,6.8,1.9,2.3,2994,3110.0,0.5,1.3,641,MA上昇配列
8334,群馬銀行,銀行業,13.0,★☆☆☆☆,0.0,0.0,2.0,0.0,11.0,0.0,0.0,0.0,,,0.0,7.3,2.9,2.3,2445,2595.0,2.2,0.8,2566,MA上昇配列 / パーフェクトオーダー / 52週高値目前
6966,三井ハイテック,電気機器,12.9,★☆☆☆☆,3.9,0.0,0.0,0.0,9.0,0.0,0.0,0.0,,Microchip,-4.1,4.6,5.0,1.7,859,954.0,5.6,0.6,2107,Microchip+5.0%連動(β0.31) / MA上昇配列 / パーフェクトオーダー
4188,三菱ケミカルグループ,化学,12.9,★☆☆☆☆,0.0,0.0,1.0,0.0,11.0,0.0,0.9,0.0,,,0.0,7.6,3.9,3.3,1123,1219.0,2.6,0.8,7737,MA上昇配列 / パーフェクトオーダー / 52週高値目前 / 開示[業績予想の修正](9日前)
3479,ＴＫＰ,不動産業,12.9,★☆☆☆☆,0.0,0.0,3.3,0.0,5.5,0.0,4.1,0.0,,,0.0,10.2,3.5,1.0,1713,1843.0,-3.9,0.5,340,買い出来高優勢 / MA上昇配列 / 開示[自己株式の取得](3日前) / 開示[自己株式の取得](6日前)
6532,ベイカレント,サービス業,12.9,★☆☆☆☆,0.0,0.0,3.0,0.0,7.5,0.0,2.4,0.0,,,0.0,9.9,4.6,4.6,6472,7122.0,-0.2,0.6,12092,MA上昇配列 / パーフェクトオーダー / 開示[自己株式の取得](3日前)
4272,日本化薬,化学,12.8,★☆☆☆☆,0.0,0.0,2.0,0.0,7.0,0.0,3.8,0.0,,,0.0,5.7,2.5,2.7,1933,2032.5,5.7,0.8,1325,開示[自己株式の取得](3日前) / 開示[業績予想の修正](6日前)
1514,住石ホールディングス,鉱業,12.8,★☆☆☆☆,0.0,0.0,4.0,0.0,6.0,0.0,2.8,0.0,,,0.0,9.8,3.6,2.9,554,597.0,3.5,1.6,179,開示[自己株式の取得](6日前) / 開示[自己株式取得](9日前)
2395,新日本科学,サービス業,12.8,★☆☆☆☆,0.0,0.0,3.0,0.0,8.0,0.0,1.8,0.0,,,0.0,22.0,3.5,13.9,1366,1470.0,15.1,1.1,374,MA上昇配列 / 開示[業績予想の修正](4日前)
3091,ブロンコビリー,小売業,12.8,★☆☆☆☆,0.0,0.0,4.3,0.0,8.5,0.0,0.0,0.0,,,0.0,15.5,5.1,4.2,2307,2569.0,-4.6,0.4,503,買い出来高優勢 / MA上昇配列 / パーフェクトオーダー
9304,澁澤倉庫,倉庫・運輸関連業,12.799999999999999,★☆☆☆☆,0.0,0.0,3.0,0.0,7.2,0.0,2.6,0.0,,,0.0,5.1,4.6,1.4,1727,1901.0,4.5,0.9,716,資金流入増 / MA上昇配列 / パーフェクトオーダー / 開示[自己株式取得](2日前)
1879,新日本建設,建設業,12.799999999999999,★☆☆☆☆,0.0,0.0,5.0,0.0,6.7,0.0,1.1,0.0,,,0.0,10.9,2.3,6.0,2139,2243.0,6.2,1.6,330,開示[増配](9日前)
4968,荒川化学工業,化学,12.7,★☆☆☆☆,0.0,0.0,3.0,0.0,9.7,0.0,0.0,0.0,,,0.0,6.7,7.2,7.9,1927,2252.0,23.8,1.9,794,MA上昇配列 / パーフェクトオーダー
4434,サーバーワークス,情報・通信業,12.7,★☆☆☆☆,0.0,0.0,4.0,0.0,8.7,0.0,0.0,0.0,,,0.0,26.2,4.9,14.3,2167,2402.0,1.9,0.4,178,資金流入増 / MA上昇配列 / パーフェクトオーダー
1518,三井松島ホールディングス,その他製品,12.7,★☆☆☆☆,0.0,0.0,5.3,0.0,10.7,0.0,1.7,-5.0,,,0.0,50.9,5.1,20.4,2051,2285.0,-1.8,0.5,1405,買い出来高優勢 / 資金流入増 / MA上昇配列 / パーフェクトオーダー / 過熱⚠25MA+20% / 開示[子会社化](2日前)
7018,内海造船,輸送用機器,12.7,★☆☆☆☆,0.0,0.0,4.7,0.0,8.0,0.0,0.0,0.0,,,0.0,16.4,6.6,7.8,9783,11280.0,6.1,4.3,290,出来高急増4.3倍 / MA上昇配列
6269,三井海洋開発,機械,12.7,★☆☆☆☆,0.0,0.0,6.7,0.0,6.0,0.0,0.0,0.0,,,0.0,7.8,4.3,2.6,9432,10320.0,-0.0,4.0,5434,出来高急増4.0倍
3201,日本毛織,繊維製品,12.7,★☆☆☆☆,0.0,0.0,2.0,0.0,10.7,0.0,0.0,0.0,,,0.0,10.3,2.1,5.1,1889,1972.0,3.1,0.6,265,MA上昇配列 / パーフェクトオーダー
6523,ＰＨＣホールディングス,電気機器,12.7,★☆☆☆☆,0.0,0.0,9.0,0.0,8.7,0.0,0.0,-5.0,,,0.0,29.3,3.3,20.3,1225,1311.0,19.2,15.2,520,出来高急増15.2倍 / 買い出来高優勢 / MA上昇配列 / パーフェクトオーダー / 過熱⚠25MA+20%
8065,佐藤商事,卸売業,12.6,★☆☆☆☆,0.0,0.0,2.0,0.0,12.2,0.0,1.4,-3.0,,,0.0,20.8,4.1,16.0,3304,3595.0,10.6,0.5,156,MA上昇配列 / パーフェクトオーダー / 52週高値目前 / 伸びすぎ注意(25MA+16%) / 開示[上方修正](9日前)
8601,大和証券グループ本社,証券、商品先物取引業,12.6,★☆☆☆☆,0.0,0.0,2.0,0.0,9.5,0.0,1.1,0.0,,,0.0,7.7,2.6,0.7,1722,1818.5,0.6,0.8,8856,MA上昇配列 / パーフェクトオーダー / 開示[子会社化](6日前)
6617,東光高岳,電気機器,12.6,★☆☆☆☆,0.0,0.0,1.0,0.0,9.7,0.0,1.9,0.0,,,0.0,10.5,7.2,1.5,6610,7720.0,10.4,0.8,1544,MA上昇配列 / パーフェクトオーダー / 開示[自己株式の取得](5日前)
8630,ＳＯＭＰＯホールディングス,保険業,12.6,★☆☆☆☆,0.0,0.0,1.0,0.0,9.5,0.0,2.1,0.0,,,0.0,9.5,2.6,2.9,6706,7068.0,-0.6,0.6,18135,MA上昇配列 / パーフェクトオーダー / 開示[自己株式の取得](4日前)
6339,新東工業,機械,12.6,★☆☆☆☆,0.0,0.0,0.0,0.0,10.0,0.0,2.6,0.0,,,0.0,1.2,2.2,0.1,1125,1176.0,2.2,0.9,113,MA上昇配列 / パーフェクトオーダー / 開示[自己株式取得](2日前)
8386,百十四銀行,銀行業,12.5,★☆☆☆☆,0.0,0.0,3.0,0.0,9.5,0.0,0.0,0.0,,,0.0,10.4,4.4,3.3,2616,2872.0,0.9,1.0,1128,MA上昇配列 / パーフェクトオーダー
3087,ドトール・日レスホールディングス,小売業,12.5,★☆☆☆☆,0.0,0.0,3.0,0.0,9.5,0.0,0.0,0.0,,,0.0,16.1,3.0,3.7,2928,3115.0,-2.5,0.9,580,MA上昇配列 / パーフェクトオーダー
8133,伊藤忠エネクス,卸売業,12.5,★☆☆☆☆,0.0,0.0,3.0,0.0,9.5,0.0,0.0,0.0,,,0.0,7.9,2.7,2.3,1999,2111.0,-2.7,0.8,296,MA上昇配列 / パーフェクトオーダー
7453,良品計画,小売業,12.5,★☆☆☆☆,0.0,0.0,3.0,0.0,9.5,0.0,0.0,0.0,,,0.0,20.7,3.3,6.7,4122,4412.0,5.6,0.5,21600,MA上昇配列 / パーフェクトオーダー
6998,日本タングステン,電気機器,12.5,★☆☆☆☆,0.0,0.0,9.0,0.0,8.5,0.0,0.0,-5.0,,,0.0,57.8,4.4,54.0,2843,3120.0,63.9,25.4,188,出来高急増25.4倍 / 買い出来高優勢 / 52週高値ブレイク! / RSI過熱(89)⚠ / 過熱⚠25MA+54%
3817,ＳＲＡホールディングス,情報・通信業,12.4,★☆☆☆☆,0.0,0.0,1.0,0.0,9.0,0.0,2.4,0.0,,,0.0,9.0,2.4,4.8,4601,4835.0,4.0,0.9,222,MA上昇配列 / 開示[自己株式の取得](3日前)
2207,ｍｅｉｔｏ,食料品,12.4,★☆☆☆☆,0.0,0.0,1.0,0.0,9.5,0.0,1.9,0.0,,,0.0,4.4,2.1,2.1,3109,3245.0,1.6,1.3,110,MA上昇配列 / パーフェクトオーダー / 開示[自己株式の取得](5日前)
3673,ブロードリーフ,情報・通信業,12.4,★☆☆☆☆,0.0,0.0,0.0,0.0,11.0,0.0,1.4,0.0,,,0.0,10.5,3.3,4.1,424,454.0,3.2,0.8,329,MA上昇配列 / パーフェクトオーダー / 開示[業績予想の修正](6日前)
5105,ＴＯＹＯ　ＴＩＲＥ,ゴム製品,12.4,★☆☆☆☆,0.0,0.0,4.7,0.0,0.0,0.0,7.7,0.0,,,0.0,-4.5,4.5,-10.8,3281,3602.0,-15.8,10.3,4073,出来高急増10.3倍 / 開示[自己株式の取得](2日前) / 開示[自己株式の取得](2日前)
7717,ブイ・テクノロジー,精密機器,12.4,★☆☆☆☆,12.4,0.0,0.0,0.0,0.0,0.0,0.0,0.0,,Microchip,2.8,-14.0,8.4,-14.5,4544,5460.0,0.0,0.8,2546,Microchip+5.0%連動(β0.31) 未反応+2.8%
5444,大和工業,鉄鋼,12.4,★☆☆☆☆,0.0,0.0,2.0,0.0,9.5,0.0,0.9,0.0,,,0.0,11.6,3.6,3.1,12446,13400.0,-0.7,0.7,2165,MA上昇配列 / パーフェクトオーダー / 開示[業績予想の修正](9日前)
6728,アルバック,電気機器,12.4,★☆☆☆☆,12.4,0.0,0.0,0.0,0.0,0.0,0.0,0.0,,Coherent,1.3,-3.2,6.4,-6.2,7654,8779.0,1.5,1.1,5286,Coherent+17.1%連動(β0.20) 未反応+1.3%
9902,日伝,卸売業,12.399999999999999,★☆☆☆☆,0.0,0.0,1.0,0.0,9.7,0.0,1.7,0.0,,,0.0,19.4,2.6,9.9,2956,3120.0,1.1,0.6,257,MA上昇配列 / パーフェクトオーダー / 開示[自己株式の取得](6日前)
5423,東京製鐵,鉄鋼,12.399999999999999,★☆☆☆☆,0.0,0.0,1.0,0.0,9.7,0.0,1.7,0.0,,,0.0,6.3,2.5,2.0,1688,1776.0,0.2,0.7,760,MA上昇配列 / パーフェクトオーダー / 開示[自己株式の取得](6日前)
8604,野村ホールディングス,証券、商品先物取引業,12.399999999999999,★☆☆☆☆,3.2,0.0,1.0,0.0,8.2,0.0,0.0,0.0,,Albemarle,-2.5,5.5,3.1,0.6,1464,1562.0,2.8,0.8,17706,Albemarle+8.5%連動(β0.15) / MA上昇配列 / パーフェクトオーダー
6368,オルガノ,機械,12.3,★☆☆☆☆,9.6,0.0,0.0,0.0,2.7,0.0,0.0,0.0,,Microchip,2.0,-2.2,7.0,-2.8,12531,14555.0,-0.9,0.8,4743,Microchip+5.0%連動(β0.28) 未反応+2.0%
6363,酉島製作所,機械,12.3,★☆☆☆☆,0.0,0.0,5.3,0.0,7.0,0.0,0.0,0.0,,,0.0,13.9,4.4,11.5,2951,3235.0,16.9,2.1,585,出来高増2.1倍
6645,オムロン,電気機器,12.3,★☆☆☆☆,4.0,0.0,5.3,0.0,6.0,0.0,0.0,-3.0,,Albemarle,-22.1,16.2,4.7,16.6,6003,6632.0,22.1,2.1,10137,Albemarle+8.5%連動(β0.19) / 出来高増2.1倍 / 伸びすぎ注意(25MA+17%)
6524,湖北工業,電気機器,12.3,★☆☆☆☆,0.0,0.0,5.3,0.0,5.0,0.0,2.0,0.0,,,0.0,11.8,6.5,8.1,4321,4965.0,13.4,2.5,1213,出来高増2.5倍 / 開示[業績予想の修正](3日前)
4914,高砂香料工業,化学,12.3,★☆☆☆☆,0.0,0.0,4.3,0.0,8.0,0.0,0.0,0.0,,,0.0,10.2,2.1,4.8,1191,1243.0,2.7,2.1,203,出来高増2.1倍 / MA上昇配列
3891,ニッポン高度紙工業,パルプ・紙,12.299999999999999,★☆☆☆☆,6.7,0.0,2.0,0.0,2.7,0.0,0.9,0.0,,Microchip,1.2,-8.4,9.4,-6.5,5527,6810.0,1.2,1.8,1580,Microchip+5.0%連動(β0.24) 未反応+1.2% / 開示[業績予想の修正](9日前)
5161,西川ゴム工業,ゴム製品,12.2,★☆☆☆☆,0.0,0.0,6.7,0.0,5.5,0.0,0.0,0.0,,,0.0,14.2,2.0,7.1,3285,3420.0,3.8,2.6,376,出来高増2.6倍 / 買い出来高優勢 / MA上昇配列 / RSI過熱(89)⚠
4927,ポーラ・オルビスホールディングス,化学,12.2,★☆☆☆☆,0.0,0.0,6.7,0.0,5.5,0.0,0.0,0.0,,,0.0,8.6,2.6,4.9,1325,1398.5,4.3,2.5,925,出来高増2.5倍 / 買い出来高優勢 / MA上昇配列
7309,シマノ,輸送用機器,12.2,★☆☆☆☆,0.0,0.0,3.0,0.0,7.5,0.0,1.7,0.0,,,0.0,19.7,3.6,6.8,18481,19910.0,-1.1,0.5,8119,MA上昇配列 / パーフェクトオーダー / 開示[自己株式の取得](6日前)
5713,住友金属鉱山,非鉄金属,12.2,★☆☆☆☆,5.2,0.0,4.0,0.0,6.0,0.0,0.0,-3.0,,Albemarle,-11.0,28.3,5.3,17.2,8046,8999.0,9.9,1.8,24843,Albemarle+8.5%連動(β0.24) / 伸びすぎ注意(25MA+17%)
7725,インターアクション,精密機器,12.2,★☆☆☆☆,2.9,0.0,4.3,0.0,5.0,0.0,0.0,0.0,,Microchip,-5.1,12.3,5.0,2.7,1615,1796.0,6.3,0.3,396,Microchip+5.0%連動(β0.24) / 買い出来高優勢
7867,タカラトミー,その他製品,12.2,★☆☆☆☆,0.0,0.0,4.3,0.0,6.2,0.0,1.7,0.0,,,0.0,12.8,4.6,3.6,3273,3602.0,-0.7,1.0,2886,買い出来高優勢 / MA上昇配列 / パーフェクトオーダー / 開示[自己株式の取得](6日前)
4543,テルモ,精密機器,12.1,★☆☆☆☆,0.0,0.0,2.0,0.0,8.0,0.0,2.1,0.0,,,0.0,9.7,3.3,4.6,2216,2373.0,2.1,1.0,9663,MA上昇配列 / 開示[業績予想の修正](2日前)
5703,日本軽金属ホールディングス,非鉄金属,12.1,★☆☆☆☆,2.7,0.0,1.0,0.0,7.0,0.0,1.4,0.0,,Albemarle,-1.7,13.7,3.6,7.0,2702,2914.0,7.3,0.6,1092,Albemarle+8.5%連動(β0.13) / 開示[業績予想の修正](6日前)
3762,テクマトリックス,情報・通信業,12.1,★☆☆☆☆,0.0,0.0,1.0,0.0,10.0,0.0,1.1,0.0,,,0.0,26.0,3.7,14.6,2115,2284.0,11.9,1.2,589,MA上昇配列 / 開示[自己株式の取得](9日前)
9743,丹青社,サービス業,12.1,★☆☆☆☆,0.0,0.0,2.0,0.0,9.0,0.0,1.1,0.0,,,0.0,7.9,2.0,2.3,1356,1413.0,1.7,0.6,893,資金流入増 / MA上昇配列 / 開示[自己株式取得](9日前)
4595,ミズホメディー,医薬品,12.0,★☆☆☆☆,0.0,0.0,4.0,0.0,8.0,0.0,0.0,0.0,,,0.0,4.4,1.1,1.5,1656,1694.0,1.0,1.8,121,-
2737,トーメンデバイス,卸売業,12.0,★☆☆☆☆,0.0,0.0,6.0,0.0,11.0,0.0,0.0,-5.0,,,0.0,86.2,8.8,51.3,23743,28800.0,36.2,1.6,3360,資金流入増 / MA上昇配列 / パーフェクトオーダー / 過熱⚠25MA+51%
4483,ＪＭＤＣ,情報・通信業,12.0,★☆☆☆☆,0.0,0.0,4.0,0.0,8.0,0.0,0.0,0.0,,,0.0,10.3,4.4,5.5,3076,3375.0,7.8,1.7,1183,MA上昇配列
7177,ＧＭＯフィナンシャルホールディングス,証券、商品先物取引業,12.0,★☆☆☆☆,0.0,0.0,0.0,0.0,12.0,0.0,0.0,0.0,,,0.0,8.3,2.4,2.5,1035,1088.0,0.0,0.9,245,MA上昇配列 / パーフェクトオーダー
6736,サン電子,電気機器,12.0,★☆☆☆☆,0.0,0.0,1.0,0.0,11.0,0.0,0.0,0.0,,,0.0,2.4,6.0,10.1,9467,10770.0,10.3,1.3,230,MA上昇配列 / パーフェクトオーダー
8368,百五銀行,銀行業,12.0,★☆☆☆☆,0.0,0.0,0.0,0.0,12.0,0.0,0.0,0.0,,,0.0,4.9,4.7,3.0,1920,2121.0,5.2,0.7,1844,MA上昇配列 / パーフェクトオーダー
4258,網屋,情報・通信業,12.0,★☆☆☆☆,0.0,0.0,0.0,0.0,12.0,0.0,0.0,0.0,,,0.0,15.4,5.1,7.0,4273,4760.0,9.8,0.6,168,MA上昇配列 / パーフェクトオーダー
8704,トレイダーズホールディングス,証券、商品先物取引業,12.0,★☆☆☆☆,0.0,0.0,0.0,0.0,12.0,0.0,0.0,0.0,,,0.0,9.2,3.6,2.4,1205,1297.0,4.0,0.8,124,MA上昇配列 / パーフェクトオーダー
8137,サンワテクノス,卸売業,12.0,★☆☆☆☆,0.0,0.0,0.0,0.0,12.0,0.0,0.0,0.0,,,0.0,6.5,3.8,4.1,3672,3970.0,10.1,0.7,298,MA上昇配列 / パーフェクトオーダー
8706,極東証券,証券、商品先物取引業,12.0,★☆☆☆☆,0.0,0.0,3.0,0.0,9.0,0.0,0.0,0.0,,,0.0,13.1,2.4,4.2,1717,1803.0,1.5,0.5,373,MA上昇配列 / 52週高値目前
6727,ワコム,電気機器,12.0,★☆☆☆☆,5.0,0.0,1.0,0.0,6.0,0.0,0.0,0.0,,Microchip,0.7,4.2,3.9,1.8,724,786.0,0.8,0.7,704,Microchip+5.0%連動(β0.22) 未反応+0.7%
5410,合同製鐵,鉄鋼,12.0,★☆☆☆☆,0.0,0.0,2.0,0.0,8.0,0.0,2.0,0.0,,,0.0,11.7,2.3,4.8,2767,2899.0,2.1,1.0,286,MA上昇配列 / 開示[業績予想の修正](9日前) / 開示[自己株式の取得](9日前)
6136,オーエスジー,機械,12.0,★☆☆☆☆,0.0,0.0,0.0,0.0,12.0,0.0,0.0,0.0,,,0.0,5.8,3.9,2.5,3624,3931.0,6.9,0.5,2180,MA上昇配列 / パーフェクトオーダー
6810,マクセル,電気機器,12.0,★☆☆☆☆,0.0,0.0,2.0,0.0,10.0,0.0,0.0,0.0,,,0.0,18.6,4.3,11.9,2219,2429.0,17.3,0.9,630,MA上昇配列
6814,古野電気,電気機器,12.0,★☆☆☆☆,0.0,0.0,4.0,0.0,8.0,0.0,0.0,0.0,,,0.0,23.4,5.0,8.1,6936,7710.0,6.6,0.5,4163,資金流入増 / MA上昇配列
6588,東芝テック,電気機器,12.0,★☆☆☆☆,0.0,0.0,2.0,0.0,10.0,0.0,0.0,0.0,,,0.0,12.3,3.5,6.7,3033,3260.0,3.0,0.7,527,MA上昇配列 / パーフェクトオーダー
7575,日本ライフライン,卸売業,12.0,★☆☆☆☆,0.0,0.0,2.0,0.0,10.0,0.0,0.0,0.0,,,0.0,13.1,2.4,6.6,1439,1512.0,-3.7,0.9,275,MA上昇配列
4044,セントラル硝子,化学,12.0,★☆☆☆☆,0.0,0.0,0.0,0.0,12.0,0.0,0.0,0.0,,,0.0,4.9,2.5,2.2,4063,4280.0,7.5,0.9,323,MA上昇配列 / パーフェクトオーダー
7014,名村造船所,輸送用機器,12.0,★☆☆☆☆,0.0,0.0,4.0,0.0,8.0,0.0,0.0,0.0,,,0.0,18.3,6.2,5.8,3793,4330.0,-0.2,1.8,5577,MA上昇配列
1814,大末建設,建設業,12.0,★☆☆☆☆,0.0,0.0,3.0,0.0,9.0,0.0,0.0,0.0,,,0.0,8.4,3.6,3.9,3422,3690.0,5.7,1.7,352,MA上昇配列
8060,キヤノンマーケティングジャパン,卸売業,12.0,★☆☆☆☆,0.0,0.0,0.0,0.0,12.0,0.0,0.0,0.0,,,0.0,6.6,2.3,2.8,3497,3666.0,1.8,1.0,1121,MA上昇配列 / パーフェクトオーダー
6412,平和,機械,12.0,★☆☆☆☆,0.0,0.0,1.0,0.0,11.0,0.0,0.0,0.0,,,0.0,7.9,2.0,2.7,2036,2121.0,-0.9,0.8,609,MA上昇配列 / パーフェクトオーダー
4813,ＡＣＣＥＳＳ,情報・通信業,12.0,★☆☆☆☆,0.0,0.0,6.0,0.0,6.0,0.0,0.0,0.0,,,0.0,13.3,6.1,9.3,334,381.0,11.1,1.8,459,資金流入増
5482,愛知製鋼,鉄鋼,12.0,★☆☆☆☆,0.0,0.0,0.0,0.0,12.0,0.0,0.0,0.0,,,0.0,7.9,3.0,3.1,2996,3185.0,7.7,0.9,575,MA上昇配列 / パーフェクトオーダー
319A,技術承継機構,金属製品,12.0,★☆☆☆☆,0.0,0.0,0.0,0.0,12.0,0.0,0.0,0.0,,,0.0,16.2,7.1,9.5,16603,19370.0,17.0,0.5,777,MA上昇配列 / パーフェクトオーダー
4343,イオンファンタジー,サービス業,12.0,★☆☆☆☆,0.0,0.0,4.0,0.0,8.0,0.0,0.0,0.0,,,0.0,10.1,2.6,3.5,2637,2780.0,0.7,1.3,219,MA上昇配列
6460,セガサミーホールディングス,機械,12.0,★☆☆☆☆,0.0,0.0,4.0,0.0,8.0,0.0,0.0,0.0,,,0.0,17.8,4.3,7.9,2533,2769.5,0.8,1.7,2898,MA上昇配列
4290,プレステージ・インターナショナル,サービス業,12.0,★☆☆☆☆,0.0,0.0,2.0,0.0,10.0,0.0,0.0,0.0,,,0.0,7.5,2.4,2.5,662,695.0,-2.1,0.9,415,MA上昇配列
4112,保土谷化学工業,化学,11.9,★☆☆☆☆,2.6,0.0,4.3,0.0,5.0,0.0,0.0,0.0,,Microchip,-11.0,13.0,3.3,7.5,2073,2219.0,8.7,2.7,101,Microchip+5.0%連動(β0.21) / 出来高増2.7倍
8876,リログループ,サービス業,11.9,★☆☆☆☆,0.0,0.0,1.0,0.0,8.5,0.0,2.4,0.0,,,0.0,3.5,2.5,4.0,2028,2132.5,5.9,1.2,1077,MA上昇配列 / パーフェクトオーダー / 開示[自己株式取得](3日前)
5463,丸一鋼管,鉄鋼,11.899999999999999,★☆☆☆☆,0.0,0.0,2.0,0.0,8.2,0.0,1.7,0.0,,,0.0,4.6,2.4,0.7,1744,1831.5,2.4,1.1,1182,MA上昇配列 / パーフェクトオーダー / 開示[自己株式の取得](6日前)
6832,アオイ電子,電気機器,11.899999999999999,★☆☆☆☆,9.2,0.0,0.0,0.0,2.7,0.0,0.0,0.0,,Microchip,2.1,-8.4,6.6,-6.1,1948,2245.0,-4.3,0.8,125,Microchip+5.0%連動(β0.24) 未反応+2.1%
4183,三井化学,化学,11.8,★☆☆☆☆,0.0,0.0,3.3,0.0,8.5,0.0,0.0,0.0,,,0.0,6.7,3.1,1.4,2042,2177.5,2.8,0.9,4726,買い出来高優勢 / MA上昇配列 / パーフェクトオーダー
7826,フルヤ金属,その他製品,11.700000000000001,★☆☆☆☆,0.0,0.0,4.3,0.0,5.0,0.0,2.4,0.0,,,0.0,18.4,6.3,14.6,6919,7920.0,18.9,2.9,3183,出来高増2.9倍 / 開示[増配](3日前)
5537,ＡｌｂａＬｉｎｋ,不動産業,11.7,★☆☆☆☆,0.0,0.0,0.0,0.0,10.0,0.0,1.7,0.0,,,0.0,10.5,5.0,5.6,2747,3055.0,18.4,0.8,117,MA上昇配列 / パーフェクトオーダー / 開示[自己株式の取得](6日前)
9435,光通信,情報・通信業,11.7,★☆☆☆☆,0.0,0.0,1.0,0.0,9.0,0.0,1.7,0.0,,,0.0,11.0,2.3,5.3,38264,40140.0,2.5,1.3,3276,MA上昇配列 / 開示[自己株式の取得](6日前)
7780,メニコン,精密機器,11.7,★☆☆☆☆,0.0,0.0,8.0,0.0,8.7,0.0,0.0,-5.0,,,0.0,29.4,3.3,20.6,1948,2086.0,20.2,4.2,431,出来高急増4.2倍 / 買い出来高優勢 / MA上昇配列 / パーフェクトオーダー / 過熱⚠25MA+21%
6407,ＣＫＤ,機械,11.7,★☆☆☆☆,9.0,0.0,0.0,0.0,2.7,0.0,0.0,0.0,,Coherent,-4.2,-4.6,8.0,-2.8,5323,6330.0,5.5,1.0,4935,Coherent+17.1%連動(β0.21)
3103,ユニチカ,繊維製品,11.7,★☆☆☆☆,0.0,0.0,6.7,0.0,5.0,0.0,0.0,0.0,,,0.0,13.0,9.9,11.3,820,1022.0,23.1,4.9,4913,出来高急増4.9倍
7936,アシックス,その他製品,11.7,★☆☆☆☆,0.0,0.0,2.0,0.0,9.7,0.0,0.0,0.0,,,0.0,11.2,2.8,3.5,4701,4977.0,4.7,0.9,15934,MA上昇配列 / パーフェクトオーダー / 52週高値目前
7480,スズデン,卸売業,11.7,★☆☆☆☆,0.0,0.0,6.0,0.0,10.7,0.0,0.0,-5.0,,,0.0,40.0,4.9,31.0,3056,3385.0,36.5,1.9,274,資金流入増 / MA上昇配列 / パーフェクトオーダー / 過熱⚠25MA+31%
3569,セーレン,繊維製品,11.7,★☆☆☆☆,0.0,0.0,2.0,0.0,8.0,0.0,1.7,0.0,,,0.0,8.7,2.6,4.7,3251,3430.0,7.9,0.8,614,開示[自己株式取得](6日前)
5218,オハラ,ガラス・土石製品,11.7,★☆☆☆☆,0.0,0.0,1.0,0.0,10.7,0.0,0.0,0.0,,,0.0,14.0,3.8,8.6,1473,1596.0,10.9,1.0,138,MA上昇配列 / パーフェクトオーダー
4722,フューチャー,情報・通信業,11.7,★☆☆☆☆,0.0,0.0,4.0,0.0,7.7,0.0,0.0,0.0,,,0.0,42.1,2.9,13.9,2303,2446.0,0.0,1.0,3970,資金流入増 / MA上昇配列 / 52週高値目前
5384,フジミインコーポレーテッド,ガラス・土石製品,11.600000000000001,★☆☆☆☆,7.9,0.0,1.0,0.0,2.7,0.0,0.0,0.0,,Coherent,0.4,-1.4,7.6,-3.5,3320,3915.0,2.5,0.9,1908,Coherent+17.1%連動(β0.16)
5946,長府製作所,金属製品,11.6,★☆☆☆☆,0.0,0.0,1.0,0.0,8.5,0.0,2.1,0.0,,,0.0,10.7,2.1,3.3,2021,2108.0,0.3,0.3,237,MA上昇配列 / パーフェクトオーダー / 開示[業績予想の修正](2日前)
9010,富士急行,陸運業,11.6,★☆☆☆☆,0.0,0.0,2.0,0.0,7.5,0.0,2.1,0.0,,,0.0,13.3,2.9,3.6,2592,2750.0,0.2,0.7,489,MA上昇配列 / パーフェクトオーダー / 開示[自己株式の取得](4日前)
7013,ＩＨＩ,機械,11.6,★☆☆☆☆,0.0,9.4,1.0,0.0,1.2,0.0,0.0,0.0,,,0.0,0.7,5.1,-2.5,2463,2744.5,-2.9,1.3,39024,防衛(+1.7%)
2264,森永乳業,食料品,11.6,★☆☆☆☆,0.0,0.0,0.0,0.0,9.5,0.0,2.1,0.0,,,0.0,-0.3,3.7,0.1,1149,1242.0,4.3,1.2,2365,MA上昇配列 / パーフェクトオーダー / 開示[業績予想の修正](2日前)
6387,サムコ,機械,11.6,★☆☆☆☆,10.1,0.0,0.0,0.0,1.5,0.0,0.0,0.0,,Coherent,0.2,-21.5,9.2,-14.4,7199,8830.0,3.6,0.9,1131,Coherent+17.1%連動(β0.22)
6914,オプテックスグループ,電気機器,11.500000000000002,★☆☆☆☆,7.4,0.0,0.0,0.0,2.7,0.0,1.4,0.0,,Coherent,0.4,-2.4,4.6,-2.3,3252,3585.0,3.2,0.8,649,Coherent+17.1%連動(β0.15) / 開示[上方修正](9日前)
5016,ＪＸ金属,非鉄金属,11.5,★☆☆☆☆,2.5,0.0,2.0,0.0,5.0,0.0,2.0,0.0,,Albemarle,-0.1,3.6,7.7,1.4,3285,3886.0,2.3,1.4,87089,Albemarle+8.5%連動(β0.12) / 開示[業績予想の修正](3日前)
2871,ニチレイ,食料品,11.5,★☆☆☆☆,0.0,0.0,2.0,0.0,9.5,0.0,0.0,0.0,,,0.0,5.7,3.3,2.8,2081,2226.5,1.0,0.5,4731,MA上昇配列 / パーフェクトオーダー
9075,福山通運,陸運業,11.5,★☆☆☆☆,0.0,0.0,4.3,0.0,7.2,0.0,0.0,0.0,,,0.0,11.7,3.6,3.0,5649,6090.0,2.0,3.0,761,出来高増3.0倍 / MA上昇配列 / パーフェクトオーダー
2109,ＤＭ三井製糖,食料品,11.5,★☆☆☆☆,0.0,0.0,2.0,0.0,9.5,0.0,0.0,0.0,,,0.0,6.7,2.0,2.3,3324,3465.0,1.0,0.9,156,MA上昇配列 / パーフェクトオーダー
9101,日本郵船,海運業,11.5,★☆☆☆☆,0.0,0.0,2.0,0.0,9.5,0.0,0.0,0.0,,,0.0,16.0,2.6,6.7,5793,6115.0,0.1,0.8,17820,MA上昇配列 / パーフェクトオーダー
2354,ＹＥ　ＤＩＧＩＴＡＬ,情報・通信業,11.5,★☆☆☆☆,0.0,0.0,4.0,0.0,7.5,0.0,0.0,0.0,,,0.0,58.7,15.0,14.6,898,1283.0,3.9,0.1,3613,資金流入増 / MA上昇配列 / パーフェクトオーダー
6178,日本郵政,サービス業,11.5,★☆☆☆☆,0.0,0.0,2.0,0.0,9.5,0.0,0.0,0.0,,,0.0,5.4,2.6,1.0,2290,2414.0,1.3,0.7,13076,MA上昇配列 / パーフェクトオーダー
5018,ＭＯＲＥＳＣＯ,石油・石炭製品,11.5,★☆☆☆☆,0.0,0.0,2.0,0.0,9.5,0.0,0.0,0.0,,,0.0,18.2,3.7,4.7,2046,2208.0,2.0,0.8,122,資金流入増 / MA上昇配列 / パーフェクトオーダー
7458,第一興商,卸売業,11.5,★☆☆☆☆,0.0,0.0,2.0,0.0,7.5,0.0,2.0,0.0,,,0.0,8.3,2.6,3.2,1744,1840.0,1.6,1.3,498,MA上昇配列 / パーフェクトオーダー / 開示[業績予想の修正](3日前)
7282,豊田合成,輸送用機器,11.5,★☆☆☆☆,0.0,0.0,2.0,0.0,9.5,0.0,0.0,0.0,,,0.0,4.8,3.9,0.8,4764,5165.0,-7.1,1.1,3049,MA上昇配列 / パーフェクトオーダー
5101,横浜ゴム,ゴム製品,11.5,★☆☆☆☆,0.0,0.0,2.0,0.0,9.5,0.0,0.0,0.0,,,0.0,7.0,3.5,2.0,7244,7792.0,1.6,0.9,6552,MA上昇配列 / パーフェクトオーダー
8370,紀陽銀行,銀行業,11.5,★☆☆☆☆,0.0,0.0,2.0,0.0,9.5,0.0,0.0,0.0,,,0.0,7.8,3.4,2.6,4517,4845.0,3.3,0.6,938,MA上昇配列 / パーフェクトオーダー
6866,日置電機,電気機器,11.5,★☆☆☆☆,2.8,0.0,0.0,0.0,7.0,0.0,1.7,0.0,,Microchip,-7.1,14.6,5.7,7.3,10904,12300.0,9.7,0.5,902,Microchip+5.0%連動(β0.22) / 開示[自己株式の取得](6日前)
8418,山口フィナンシャルグループ,銀行業,11.5,★☆☆☆☆,0.0,0.0,2.0,0.0,9.5,0.0,0.0,0.0,,,0.0,4.6,3.0,1.5,2888,3075.0,3.3,0.9,1850,MA上昇配列 / パーフェクトオーダー
7184,富山第一銀行,銀行業,11.5,★☆☆☆☆,0.0,0.0,2.0,0.0,9.5,0.0,0.0,0.0,,,0.0,15.1,5.2,5.6,2737,3055.0,4.9,0.6,707,MA上昇配列 / パーフェクトオーダー
8697,日本取引所グループ,その他金融業,11.5,★☆☆☆☆,0.0,0.0,2.0,0.0,9.5,0.0,0.0,0.0,,,0.0,9.8,3.6,2.2,2101,2264.0,3.3,0.6,9201,MA上昇配列 / パーフェクトオーダー
8309,三井住友トラストグループ,銀行業,11.5,★☆☆☆☆,0.0,0.0,2.0,0.0,9.5,0.0,0.0,0.0,,,0.0,5.4,2.9,0.9,1584,1680.5,1.6,0.8,17195,MA上昇配列 / パーフェクトオーダー
6023,ダイハツインフィニアース,輸送用機器,11.4,★☆☆☆☆,0.0,0.0,3.3,0.0,7.0,0.0,1.1,0.0,,,0.0,17.4,5.3,7.5,2665,2981.0,8.4,0.9,578,買い出来高優勢 / 開示[増配](9日前)
3436,ＳＵＭＣＯ,金属製品,11.4,★☆☆☆☆,10.4,0.0,1.0,0.0,0.0,0.0,0.0,0.0,,Albemarle,1.7,-20.5,10.7,-15.0,2729,3470.0,3.4,1.0,85478,Albemarle+8.5%連動(β0.25) 未反応+1.7%
6383,ダイフク,機械,11.399999999999999,★☆☆☆☆,6.7,0.0,2.0,0.0,2.7,0.0,0.0,0.0,,Coherent,-2.3,-5.6,3.9,-3.5,5698,6176.0,3.2,1.9,11482,Coherent+17.1%連動(β0.16)
7199,プレミアグループ,その他金融業,11.399999999999999,★☆☆☆☆,0.0,0.0,0.0,0.0,9.7,0.0,1.7,0.0,,,0.0,4.1,2.1,1.9,2040,2130.0,3.9,0.7,350,MA上昇配列 / パーフェクトオーダー / 開示[自己株式の取得](6日前)
5411,ＪＦＥホールディングス,鉄鋼,11.3,★☆☆☆☆,0.0,0.0,3.3,0.0,8.0,0.0,0.0,0.0,,,0.0,18.3,3.0,7.5,1753,1865.5,2.6,1.2,10962,買い出来高優勢 / MA上昇配列
3850,エヌ・ティ・ティ・データ・イントラマート,情報・通信業,11.3,★☆☆☆☆,0.0,0.0,3.3,0.0,8.0,0.0,0.0,0.0,,,0.0,7.0,3.1,5.3,3066,3270.0,2.3,1.1,115,買い出来高優勢 / MA上昇配列
368A,北里,精密機器,11.3,★☆☆☆☆,0.0,0.0,3.3,0.0,8.0,0.0,0.0,0.0,,,0.0,14.2,2.6,7.5,1414,1491.0,8.3,0.7,179,買い出来高優勢 / MA上昇配列
7974,任天堂,その他製品,11.3,★☆☆☆☆,0.0,0.0,5.3,0.0,6.0,0.0,0.0,0.0,,,0.0,16.1,3.7,9.7,7452,8043.0,4.7,2.2,77961,出来高増2.2倍
8139,ナガホリ,卸売業,11.3,★☆☆☆☆,0.0,0.0,6.3,0.0,5.0,0.0,0.0,0.0,,,0.0,3.1,5.5,0.5,1905,2138.0,3.4,1.8,125,買い出来高優勢
8282,ケーズホールディングス,小売業,11.3,★☆☆☆☆,0.0,0.0,4.3,0.0,7.0,0.0,0.0,0.0,,,0.0,6.3,3.0,2.5,1782,1897.5,0.6,1.3,1507,買い出来高優勢
2695,くら寿司,小売業,11.3,★☆☆☆☆,0.0,0.0,3.3,0.0,8.0,0.0,0.0,0.0,,,0.0,6.3,2.2,2.1,1589,1660.0,-0.6,0.7,446,買い出来高優勢 / MA上昇配列
1820,西松建設,建設業,11.3,★☆☆☆☆,0.0,0.0,5.3,0.0,6.0,0.0,0.0,0.0,,,0.0,4.0,1.9,2.1,5245,5448.0,2.5,2.6,649,出来高増2.6倍
2146,ＵＴグループ,サービス業,11.3,★☆☆☆☆,0.0,0.0,0.0,0.0,4.2,0.0,7.1,0.0,,,0.0,6.5,2.0,1.1,176,183.0,-0.5,0.6,1048,MA上昇配列 / 開示[自己株式の取得](2日前) / 開示[自己株式取得](2日前)
8020,兼松,卸売業,11.3,★☆☆☆☆,0.0,0.0,3.3,0.0,8.0,0.0,0.0,0.0,,,0.0,10.5,2.5,4.7,2096,2208.5,5.2,1.0,1138,買い出来高優勢
3276,ＪＰＭＣ,不動産業,11.3,★☆☆☆☆,0.0,0.0,5.3,0.0,11.0,0.0,0.0,-5.0,,,0.0,61.3,3.4,27.4,2093,2244.0,23.2,1.0,542,買い出来高優勢 / 資金流入増 / MA上昇配列 / パーフェクトオーダー / 52週高値目前 / RSI過熱(94)⚠ / 過熱⚠25MA+27%
5393,ニチアス,ガラス・土石製品,11.2,★☆☆☆☆,0.0,0.0,0.0,0.0,6.0,0.0,5.2,0.0,,,0.0,-2.6,4.3,0.3,3202,3507.0,4.4,0.8,2339,開示[業績予想の修正](5日前) / 開示[自己株式の取得](5日前)
4847,インテリジェント　ウェイブ,情報・通信業,11.2,★☆☆☆☆,0.0,0.0,6.7,0.0,9.5,0.0,0.0,-5.0,,,0.0,33.0,3.9,23.6,1140,1236.0,23.6,15.1,249,出来高急増15.1倍 / 資金流入増 / MA上昇配列 / パーフェクトオーダー / RSI過熱(85)⚠ / 過熱⚠25MA+24%
8411,みずほフィナンシャルグループ,銀行業,11.2,★☆☆☆☆,0.0,0.0,0.0,0.0,9.5,0.0,1.7,0.0,,,0.0,6.0,3.7,1.5,7829,8446.0,3.4,0.8,86034,MA上昇配列 / パーフェクトオーダー / 開示[自己株式の取得](6日前)
4228,積水化成品工業,化学,11.2,★☆☆☆☆,0.0,0.0,2.0,0.0,12.2,0.0,0.0,-3.0,,,0.0,21.9,4.2,15.2,562,614.0,15.8,1.0,195,MA上昇配列 / パーフェクトオーダー / 52週高値目前 / 伸びすぎ注意(25MA+15%)
9037,ハマキョウレックス,陸運業,11.2,★☆☆☆☆,0.0,0.0,3.0,0.0,8.2,0.0,0.0,0.0,,,0.0,4.4,2.4,0.9,1751,1840.0,0.3,1.8,226,MA上昇配列 / パーフェクトオーダー
7236,ティラド,輸送用機器,11.2,★☆☆☆☆,0.0,0.0,0.0,0.0,9.5,0.0,1.7,0.0,,,0.0,5.8,3.7,1.3,1412,1526.0,2.9,0.7,566,MA上昇配列 / パーフェクトオーダー / 開示[増配](6日前)
7734,理研計器,精密機器,11.1,★☆☆☆☆,3.1,0.0,1.0,0.0,7.0,0.0,0.0,0.0,,Microchip,-1.7,8.1,3.3,4.5,3399,3640.0,4.1,0.9,315,Microchip+5.0%連動(β0.25)
1942,関電工,建設業,11.1,★☆☆☆☆,0.0,11.1,0.0,0.0,0.0,0.0,0.0,0.0,,,0.0,-10.7,4.9,-8.4,4960,5500.0,2.5,0.9,8092,AIデータセンター・電力(+2.5%)
2331,ＡＬＳＯＫ,サービス業,11.1,★☆☆☆☆,0.0,0.0,2.0,0.0,5.2,0.0,3.9,0.0,,,0.0,6.6,2.9,1.1,1084,1151.5,-1.8,0.9,1576,MA上昇配列 / 開示[自己株式の取得](4日前) / 開示[自己株式の取得](6日前)
6753,シャープ,電気機器,11.1,★☆☆☆☆,0.0,0.0,1.0,0.0,8.0,0.0,2.1,0.0,,,0.0,2.5,3.2,2.1,602,642.9000244140625,4.0,1.4,2077,MA上昇配列 / 開示[業績予想の修正](2日前)
9746,ＴＫＣ,情報・通信業,11.1,★☆☆☆☆,0.0,0.0,2.0,0.0,6.5,0.0,2.6,0.0,,,0.0,9.6,2.8,2.3,3561,3775.0,-2.3,0.8,369,MA上昇配列 / 開示[増配](2日前)
4169,ＥＮＥＣＨＡＮＧＥ,情報・通信業,11.1,★☆☆☆☆,0.0,0.0,3.0,0.0,6.0,0.0,2.1,0.0,,,0.0,25.8,5.3,11.5,223,249.0,4.2,1.7,145,開示[資本業務提携](9日前) / 開示[資本業務提携](9日前)
9511,沖縄電力,電気・ガス業,11.0,★☆☆☆☆,0.0,0.0,4.3,0.0,6.7,0.0,0.0,0.0,,,0.0,20.5,2.9,11.5,1006,1069.0,1.4,0.7,316,買い出来高優勢 / MA上昇配列
7231,トピー工業,輸送用機器,11.0,★☆☆☆☆,0.0,0.0,1.0,0.0,6.5,0.0,3.5,0.0,,,0.0,7.0,2.3,1.9,2797,2932.0,-0.2,1.0,169,MA上昇配列 / 開示[自己株式の取得](5日前) / 開示[業績予想の修正](5日前)
4911,資生堂,化学,11.0,★☆☆☆☆,0.0,0.0,4.0,0.0,10.0,0.0,0.0,-3.0,,,0.0,34.8,5.1,17.3,3250,3619.0,14.7,1.4,14006,MA上昇配列 / パーフェクトオーダー / 伸びすぎ注意(25MA+17%)
2212,山崎製パン,食料品,11.0,★☆☆☆☆,0.0,0.0,2.0,0.0,9.0,0.0,0.0,0.0,,,0.0,11.4,3.7,5.3,3282,3544.0,5.5,0.8,2583,MA上昇配列
4475,ＨＥＮＮＧＥ,情報・通信業,11.0,★☆☆☆☆,0.0,0.0,3.0,0.0,8.0,0.0,0.0,0.0,,,0.0,26.6,5.3,12.9,1321,1476.0,13.4,0.9,723,MA上昇配列
9706,日本空港ビルデング,不動産業,11.0,★☆☆☆☆,0.0,0.0,0.0,0.0,11.0,0.0,0.0,0.0,,,0.0,11.3,2.7,4.2,5419,5728.0,1.1,0.8,1688,MA上昇配列 / パーフェクトオーダー
8113,ユニ・チャーム,化学,11.0,★☆☆☆☆,0.0,0.0,1.0,0.0,10.0,0.0,0.0,0.0,,,0.0,9.6,3.2,4.1,958,1023.0,1.6,1.1,5145,MA上昇配列 / パーフェクトオーダー
6637,寺崎電気産業,電気機器,11.0,★☆☆☆☆,0.0,0.0,3.0,0.0,8.0,0.0,0.0,0.0,,,0.0,17.7,4.9,7.2,3764,4170.0,3.1,1.3,205,MA上昇配列
9843,ニトリホールディングス,小売業,11.0,★☆☆☆☆,0.0,0.0,3.0,0.0,8.0,0.0,0.0,0.0,,,0.0,19.6,3.8,12.7,2608,2825.0,11.3,1.4,9411,MA上昇配列
8253,クレディセゾン,その他金融業,11.0,★☆☆☆☆,0.0,0.0,0.0,0.0,11.0,0.0,0.0,0.0,,,0.0,5.6,2.3,2.3,4512,4734.0,4.0,0.6,3251,MA上昇配列 / パーフェクトオーダー / 52週高値目前
3153,八洲電機,卸売業,11.0,★☆☆☆☆,0.0,0.0,2.0,0.0,9.0,0.0,0.0,0.0,,,0.0,10.3,3.9,4.4,2762,2995.0,-1.0,0.7,199,MA上昇配列
8283,ＰＡＬＴＡＣ,卸売業,11.0,★☆☆☆☆,0.0,0.0,0.0,0.0,11.0,0.0,0.0,0.0,,,0.0,2.4,0.4,0.1,6580,6630.0,0.2,0.6,1201,MA上昇配列 / パーフェクトオーダー / 52週高値目前
7864,フジシールインターナショナル,その他製品,11.0,★☆☆☆☆,0.0,0.0,1.0,0.0,10.0,0.0,0.0,0.0,,,0.0,11.7,2.6,6.1,3053,3220.0,6.4,1.1,491,MA上昇配列
9621,建設技術研究所,サービス業,11.0,★☆☆☆☆,0.0,0.0,2.0,0.0,9.0,0.0,0.0,0.0,,,0.0,10.8,2.8,5.6,2990,3165.0,-0.3,1.0,201,MA上昇配列
5351,品川リフラ,ガラス・土石製品,11.0,★☆☆☆☆,0.0,0.0,2.0,0.0,9.0,0.0,0.0,0.0,,,0.0,11.1,1.7,4.1,2044,2116.0,2.9,0.9,225,MA上昇配列
7280,ミツバ,電気機器,11.0,★☆☆☆☆,0.0,0.0,1.0,0.0,10.0,0.0,0.0,0.0,,,0.0,4.3,3.5,0.3,1099,1183.0,-1.2,0.8,311,MA上昇配列 / パーフェクトオーダー
4668,明光ネットワークジャパン,サービス業,11.0,★☆☆☆☆,0.0,0.0,4.0,0.0,7.0,0.0,0.0,0.0,,,0.0,11.5,1.5,1.5,743,767.0,-1.4,0.6,119,資金流入増 / MA上昇配列 / パーフェクトオーダー
6862,ミナトホールディングス,電気機器,11.0,★☆☆☆☆,0.0,0.0,3.3,0.0,6.0,0.0,1.7,0.0,,,0.0,17.4,7.2,13.4,1929,2252.0,11.4,1.1,525,買い出来高優勢 / 開示[自己株式の取得](6日前)
212A,フィットイージー,サービス業,11.0,★☆☆☆☆,0.0,0.0,0.0,0.0,11.0,0.0,0.0,0.0,,,0.0,13.5,3.0,8.2,2825,3005.0,9.7,1.1,369,MA上昇配列 / パーフェクトオーダー
6525,ＫＯＫＵＳＡＩ　ＥＬＥＣＴＲＩＣ,電気機器,11.0,★☆☆☆☆,7.8,0.0,0.0,0.0,1.2,0.0,2.0,0.0,,Coherent,-1.4,-21.6,10.2,-10.6,6470,8136.0,9.6,1.2,74394,Coherent+17.1%連動(β0.18) / 開示[業績予想の修正](3日前)
7740,タムロン,精密機器,11.0,★☆☆☆☆,0.0,0.0,3.0,0.0,11.0,0.0,0.0,-3.0,,,0.0,32.0,3.5,18.9,1345,1447.0,0.6,0.7,850,MA上昇配列 / パーフェクトオーダー / 52週高値目前 / RSI過熱(88)⚠ / 伸びすぎ注意(25MA+19%)
2120,ＬＩＦＵＬＬ,サービス業,11.0,★☆☆☆☆,0.0,0.0,1.0,0.0,10.0,0.0,0.0,0.0,,,0.0,7.7,2.3,3.3,198,208.0,2.5,1.2,123,MA上昇配列 / パーフェクトオーダー
3907,シリコンスタジオ,情報・通信業,11.0,★☆☆☆☆,0.0,0.0,6.0,0.0,10.0,0.0,0.0,-5.0,,,0.0,92.6,15.3,65.2,1162,1673.0,66.6,1.5,1407,資金流入増 / MA上昇配列 / パーフェクトオーダー / 過熱⚠25MA+65%
6306,日工,機械,11.0,★☆☆☆☆,0.0,0.0,0.0,0.0,11.0,0.0,0.0,0.0,,,0.0,6.9,2.0,2.6,949,988.0,0.6,1.0,107,MA上昇配列 / パーフェクトオーダー / 52週高値目前
3002,グンゼ,繊維製品,11.0,★☆☆☆☆,0.0,0.0,1.0,0.0,10.0,0.0,0.0,0.0,,,0.0,6.3,1.6,3.4,4030,4160.0,3.5,1.3,738,MA上昇配列
6947,図研,電気機器,11.0,★☆☆☆☆,0.0,0.0,0.0,0.0,11.0,0.0,0.0,0.0,,,0.0,6.1,2.8,3.0,4584,4860.0,0.5,0.8,251,MA上昇配列 / パーフェクトオーダー
7984,コクヨ,その他製品,10.9,★☆☆☆☆,0.0,0.0,1.0,0.0,7.5,0.0,2.4,0.0,,,0.0,6.2,2.3,1.2,835,875.4000244140625,-3.8,0.8,976,MA上昇配列 / 開示[自己株式の取得](3日前)
6203,豊和工業,機械,10.9,★☆☆☆☆,0.0,0.0,2.0,0.0,4.0,0.0,4.9,0.0,,,0.0,-3.6,4.7,-0.4,1347,1488.0,7.7,1.8,503,開示[自己株式の取得](2日前) / 開示[自己株式の取得](3日前)
8043,スターゼン,卸売業,10.9,★☆☆☆☆,0.0,0.0,0.0,0.0,9.0,0.0,1.9,0.0,,,0.0,7.9,2.3,4.3,1302,1365.0,1.3,0.8,202,MA上昇配列 / 52週高値目前 / 開示[自己株式の取得](5日前)
9119,飯野海運,海運業,10.9,★☆☆☆☆,0.0,0.0,2.0,0.0,7.0,0.0,1.9,0.0,,,0.0,8.1,3.0,5.0,1486,1579.0,6.3,0.8,364,開示[増配](5日前)
3445,ＲＳ　Ｔｅｃｈｎｏｌｏｇｉｅｓ,金属製品,10.899999999999999,★☆☆☆☆,8.2,0.0,0.0,0.0,2.7,0.0,0.0,0.0,,Coherent,-1.0,-9.2,8.5,-5.4,5516,6650.0,5.4,0.9,2015,Coherent+17.1%連動(β0.19)
6436,アマノ,機械,10.8,★☆☆☆☆,0.0,0.0,4.3,0.0,6.5,0.0,0.0,0.0,,,0.0,8.2,2.9,2.8,3708,3934.0,1.5,0.8,1339,買い出来高優勢 / MA上昇配列
3539,ＪＭホールディングス,小売業,10.8,★☆☆☆☆,0.0,0.0,5.3,0.0,5.5,0.0,0.0,0.0,,,0.0,12.8,2.9,4.6,1298,1378.0,0.7,0.5,502,買い出来高優勢 / 資金流入増 / MA上昇配列
167A,リョーサン菱洋ホールディングス,卸売業,10.8,★☆☆☆☆,0.0,0.0,4.3,0.0,6.5,0.0,0.0,0.0,,,0.0,15.5,2.1,8.6,2958,3090.0,5.3,1.3,608,買い出来高優勢 / MA上昇配列 / RSI過熱(88)⚠
8214,ＡＯＫＩホールディングス,小売業,10.8,★☆☆☆☆,0.0,0.0,3.3,0.0,7.5,0.0,0.0,0.0,,,0.0,7.3,1.7,2.2,1685,1745.0,1.3,0.9,327,買い出来高優勢 / MA上昇配列
7956,ピジョン,その他製品,10.8,★☆☆☆☆,0.0,0.0,3.3,0.0,7.5,0.0,0.0,0.0,,,0.0,4.1,2.8,2.9,1974,2092.5,3.6,2.3,2052,出来高増2.3倍 / MA上昇配列 / パーフェクトオーダー
7063,Ｂｉｒｄｍａｎ,サービス業,10.8,★☆☆☆☆,0.0,0.0,1.0,0.0,8.0,0.0,1.8,0.0,,,0.0,25.5,11.2,11.1,81,104.0,20.9,0.5,123,MA上昇配列 / 開示[業務提携](4日前)
2371,カカクコム,サービス業,10.7,★☆☆☆☆,0.0,0.0,1.0,0.0,9.7,0.0,0.0,0.0,,,0.0,5.2,0.7,1.8,3657,3711.0,0.6,0.5,1649,MA上昇配列 / パーフェクトオーダー / 52週高値目前
2222,寿スピリッツ,食料品,10.7,★☆☆☆☆,0.0,0.0,1.0,0.0,9.7,0.0,0.0,0.0,,,0.0,5.0,3.5,1.9,2429,2609.0,2.6,1.1,1654,MA上昇配列 / パーフェクトオーダー / 52週高値目前
1951,エクシオグループ,建設業,10.7,★☆☆☆☆,0.0,0.0,3.0,0.0,6.0,0.0,1.7,0.0,,,0.0,3.2,2.5,1.3,2544,2676.0,2.2,1.9,1656,開示[自己株式の取得](6日前)
5449,大阪製鐵,鉄鋼,10.7,★☆☆☆☆,0.0,0.0,2.0,0.0,8.0,0.0,0.7,0.0,,,0.0,14.3,5.3,6.5,2464,2755.0,9.9,0.6,117,MA上昇配列 / 開示[業績予想の修正](10日前)
6376,日機装,精密機器,10.7,★☆☆☆☆,0.0,0.0,0.0,0.0,10.7,0.0,0.0,0.0,,,0.0,9.7,5.1,2.4,3554,3960.0,5.6,0.6,1514,MA上昇配列 / パーフェクトオーダー
6369,トーヨーカネツ,機械,10.7,★☆☆☆☆,0.0,0.0,1.0,0.0,8.0,0.0,1.7,0.0,,,0.0,5.9,1.8,1.9,2409,2500.0,2.2,1.2,214,MA上昇配列 / 開示[自己株式の取得](6日前)
6986,双葉電子工業,電気機器,10.600000000000001,★☆☆☆☆,2.6,0.0,3.3,0.0,4.7,0.0,0.0,0.0,,Microchip,-1.5,15.7,2.9,7.9,599,637.0,3.6,0.9,176,Microchip+5.0%連動(β0.21) / 買い出来高優勢
7751,キヤノン,電気機器,10.6,★☆☆☆☆,0.0,0.0,1.0,0.0,7.5,0.0,2.1,0.0,,,0.0,10.8,2.7,4.2,4382,4635.0,4.7,1.0,21181,MA上昇配列 / 開示[自己株式の取得](4日前)
3549,クスリのアオキホールディングス,小売業,10.6,★☆☆☆☆,0.0,0.0,2.0,0.0,6.5,0.0,2.1,0.0,,,0.0,6.4,3.5,2.6,3711,3990.0,-0.7,0.5,918,MA上昇配列 / 開示[自己株式の取得](4日前)
6703,沖電気工業,電気機器,10.6,★☆☆☆☆,10.6,0.0,0.0,0.0,0.0,0.0,0.0,0.0,,Microchip,2.6,-18.2,6.9,-13.7,2375,2757.0,0.3,0.8,2670,Microchip+5.0%連動(β0.23) 未反応+2.6%
6194,アトラエ,サービス業,10.6,★☆☆☆☆,0.0,0.0,2.0,0.0,7.5,0.0,1.1,0.0,,,0.0,24.8,2.5,7.0,827,870.0,1.0,0.6,173,資金流入増 / MA上昇配列 / パーフェクトオーダー / 開示[増配](9日前)
9830,トラスコ中山,卸売業,10.6,★☆☆☆☆,0.0,0.0,6.3,0.0,2.2,0.0,2.1,0.0,,,0.0,5.2,2.4,-0.3,2246,2357.0,-2.4,2.3,357,出来高増2.3倍 / 開示[業績予想の修正](2日前)
6284,日精エー・エス・ビー機械,機械,10.6,★☆☆☆☆,0.0,0.0,3.3,0.0,5.7,0.0,1.6,0.0,,,0.0,-2.0,4.2,-2.0,8486,9260.0,2.1,3.0,329,出来高増3.0倍 / 開示[設備投資](3日前)
3360,シップヘルスケアホールディングス,卸売業,10.6,★☆☆☆☆,0.0,0.0,2.0,0.0,6.5,0.0,2.1,0.0,,,0.0,10.9,2.7,2.7,2321,2452.5,-4.2,1.0,658,MA上昇配列 / 開示[自己株式の取得](4日前)
8424,芙蓉総合リース,その他金融業,10.5,★☆☆☆☆,0.0,0.0,1.0,0.0,9.5,0.0,0.0,0.0,,,0.0,7.9,2.0,2.1,4297,4475.0,-1.5,0.9,780,MA上昇配列 / パーフェクトオーダー
8393,宮崎銀行,銀行業,10.5,★☆☆☆☆,0.0,0.0,1.0,0.0,9.5,0.0,0.0,0.0,,,0.0,9.4,4.8,2.7,2161,2389.0,2.1,0.8,677,MA上昇配列 / パーフェクトオーダー
8157,都築電気,情報・通信業,10.5,★☆☆☆☆,0.0,0.0,1.0,0.0,9.5,0.0,0.0,0.0,,,0.0,4.2,3.6,1.0,3756,4045.0,5.9,0.7,209,MA上昇配列 / パーフェクトオーダー
8098,稲畑産業,卸売業,10.5,★☆☆☆☆,0.0,0.0,1.0,0.0,9.5,0.0,0.0,0.0,,,0.0,6.1,1.7,1.8,3915,4050.0,2.1,1.1,373,MA上昇配列 / パーフェクトオーダー
5852,アーレスティ,非鉄金属,10.5,★☆☆☆☆,10.5,0.0,0.0,0.0,0.0,0.0,0.0,0.0,,Microchip,2.5,-3.0,2.7,-4.8,637,673.0,-4.0,1.0,104,Microchip+5.0%連動(β0.24) 未反応+2.5%
1377,サカタのタネ,水産・農林業,10.5,★☆☆☆☆,0.0,0.0,3.3,0.0,7.2,0.0,0.0,0.0,,,0.0,4.9,2.2,1.1,4211,4400.0,2.0,0.7,671,買い出来高優勢 / MA上昇配列 / パーフェクトオーダー
8306,三菱ＵＦＪフィナンシャル・グループ,銀行業,10.5,★☆☆☆☆,0.0,0.0,1.0,0.0,9.5,0.0,0.0,0.0,,,0.0,7.5,3.1,0.0,3344,3564.0,-0.2,0.8,168926,MA上昇配列 / パーフェクトオーダー
8624,いちよし証券,証券、商品先物取引業,10.5,★☆☆☆☆,0.0,0.0,1.0,0.0,9.5,0.0,0.0,0.0,,,0.0,10.9,4.1,2.7,1434,1561.0,0.2,0.7,261,MA上昇配列 / パーフェクトオーダー
6238,フリュー,機械,10.5,★☆☆☆☆,0.0,0.0,2.0,0.0,8.5,0.0,0.0,0.0,,,0.0,3.5,2.3,1.3,1340,1403.0,1.2,1.9,119,MA上昇配列 / パーフェクトオーダー
5947,リンナイ,金属製品,10.5,★☆☆☆☆,0.0,0.0,5.3,0.0,5.2,0.0,0.0,0.0,,,0.0,4.0,2.2,0.2,3455,3614.0,0.9,2.5,1350,出来高増2.5倍 / MA上昇配列
2607,不二製油,食料品,10.5,★☆☆☆☆,0.0,0.0,1.0,0.0,9.5,0.0,0.0,0.0,,,0.0,3.4,3.3,2.9,3835,4106.0,3.6,1.1,1059,MA上昇配列 / パーフェクトオーダー
7322,三十三フィナンシャルグループ,銀行業,10.5,★☆☆☆☆,0.0,0.0,1.0,0.0,9.5,0.0,0.0,0.0,,,0.0,7.7,5.2,1.3,1703,1901.0,-0.5,0.6,725,MA上昇配列 / パーフェクトオーダー
8473,ＳＢＩホールディングス,証券、商品先物取引業,10.5,★☆☆☆☆,2.5,0.0,2.0,0.0,6.0,0.0,0.0,0.0,,Microchip,-1.2,14.3,3.4,5.3,2799,3003.0,-1.2,0.7,13368,Microchip+5.0%連動(β0.20)
6345,アイチ　コーポレーション,機械,10.5,★☆☆☆☆,0.0,0.0,1.0,0.0,9.5,0.0,0.0,0.0,,,0.0,4.6,1.8,0.3,1362,1414.0,-2.5,0.9,168,MA上昇配列 / パーフェクトオーダー
1909,日本ドライケミカル,機械,10.5,★☆☆☆☆,0.0,0.0,1.0,0.0,9.5,0.0,0.0,0.0,,,0.0,3.4,0.2,0.3,3687,3705.0,0.4,1.2,795,MA上昇配列 / パーフェクトオーダー
2705,大戸屋ホールディングス,小売業,10.5,★☆☆☆☆,0.0,0.0,1.0,0.0,9.5,0.0,0.0,0.0,,,0.0,9.4,2.9,4.1,8027,8530.0,-0.6,0.8,126,MA上昇配列 / パーフェクトオーダー
8354,ふくおかフィナンシャルグループ,銀行業,10.5,★☆☆☆☆,0.0,0.0,1.0,0.0,9.5,0.0,0.0,0.0,,,0.0,5.3,3.0,1.2,7090,7544.0,2.5,1.3,5017,MA上昇配列 / パーフェクトオーダー
6750,エレコム,電気機器,10.5,★☆☆☆☆,0.0,0.0,1.0,0.0,9.5,0.0,0.0,0.0,,,0.0,5.4,2.3,0.3,1764,1848.0,-0.7,1.0,386,MA上昇配列 / パーフェクトオーダー
8714,池田泉州ホールディングス,銀行業,10.5,★☆☆☆☆,0.0,0.0,1.0,0.0,9.5,0.0,0.0,0.0,,,0.0,4.5,4.4,1.2,939,1031.0,9.0,0.5,1446,MA上昇配列 / パーフェクトオーダー
3544,サツドラホールディングス,小売業,10.5,★☆☆☆☆,0.0,0.0,1.0,0.0,9.5,0.0,0.0,0.0,,,0.0,3.6,0.4,0.2,1237,1247.0,0.1,0.2,234,MA上昇配列 / パーフェクトオーダー
8364,清水銀行,銀行業,10.5,★☆☆☆☆,0.0,0.0,1.0,0.0,9.5,0.0,0.0,0.0,,,0.0,7.3,4.1,4.6,2563,2793.0,4.2,0.7,120,MA上昇配列 / パーフェクトオーダー
2997,ストレージ王,不動産業,10.5,★☆☆☆☆,0.0,0.0,2.0,0.0,8.5,0.0,0.0,0.0,,,0.0,24.7,0.1,5.7,1333,1336.0,-0.1,0.4,126,資金流入増 / MA上昇配列 / パーフェクトオーダー / 52週高値目前
4680,ラウンドワン,サービス業,10.5,★☆☆☆☆,0.0,0.0,2.0,0.0,8.5,0.0,0.0,0.0,,,0.0,10.3,4.1,6.3,1217,1327.0,9.1,1.4,3420,MA上昇配列 / パーフェクトオーダー
6522,アスタリスク,電気機器,10.5,★☆☆☆☆,0.0,0.0,3.0,0.0,7.5,0.0,0.0,0.0,,,0.0,-0.5,11.4,6.6,1411,1830.0,15.0,1.5,2824,MA上昇配列 / パーフェクトオーダー
2429,ワールドホールディングス,サービス業,10.5,★☆☆☆☆,0.0,0.0,3.0,0.0,7.5,0.0,0.0,0.0,,,0.0,9.6,2.2,2.0,2573,2690.0,1.2,1.8,169,MA上昇配列
5262,日本ヒューム,ガラス・土石製品,10.4,★☆☆☆☆,0.0,0.0,3.3,0.0,6.0,0.0,1.1,0.0,,,0.0,5.7,2.6,2.2,1009,1063.0,1.8,2.1,208,出来高増2.1倍 / 開示[子会社化](6日前)
5985,サンコール,金属製品,10.4,★☆☆☆☆,0.0,0.0,3.3,0.0,5.0,0.0,2.1,0.0,,,0.0,3.2,7.3,6.2,1238,1450.0,13.7,2.4,1165,出来高増2.4倍 / 開示[業績予想の修正](2日前)
7094,ＮｅｘＴｏｎｅ,サービス業,10.4,★☆☆☆☆,0.0,0.0,6.7,0.0,6.7,0.0,0.0,-3.0,,,0.0,27.5,3.7,18.4,1610,1737.0,14.2,3.8,126,出来高急増3.8倍 / MA上昇配列 / 伸びすぎ注意(25MA+18%)
4547,キッセイ薬品工業,医薬品,10.4,★☆☆☆☆,0.0,0.0,2.0,0.0,5.2,0.0,3.2,0.0,,,0.0,2.6,2.9,0.4,3909,4150.0,1.6,1.1,342,MA上昇配列 / 開示[自己株式の取得](3日前) / 開示[業績予想の修正](9日前)
8103,明和産業,卸売業,10.4,★☆☆☆☆,0.0,0.0,0.0,0.0,8.5,0.0,1.9,0.0,,,0.0,3.3,1.9,0.3,876,911.0,1.0,0.7,168,MA上昇配列 / パーフェクトオーダー / 開示[自己株式の取得](5日前)
8001,伊藤忠商事,卸売業,10.399999999999999,★☆☆☆☆,0.0,0.0,0.0,0.0,8.7,0.0,1.7,0.0,,,0.0,13.1,2.3,6.4,1982,2080.0,3.3,1.1,28766,MA上昇配列 / 開示[自己株式の取得](6日前)
268A,リガク・ホールディングス,精密機器,10.3,★☆☆☆☆,6.6,0.0,1.0,0.0,2.7,0.0,0.0,0.0,,Coherent,0.5,1.3,7.1,-2.9,1863,2171.0,4.6,1.2,6172,Coherent+17.1%連動(β0.12)
3778,さくらインターネット,情報・通信業,10.3,★☆☆☆☆,0.0,0.0,4.3,0.0,6.0,0.0,0.0,0.0,,,0.0,28.1,5.9,15.0,3035,3440.0,11.9,0.7,4177,買い出来高優勢
7744,ノーリツ鋼機,精密機器,10.3,★☆☆☆☆,0.0,0.0,3.3,0.0,7.0,0.0,0.0,0.0,,,0.0,6.5,2.5,2.6,1946,2048.0,5.1,1.0,671,買い出来高優勢
7004,カナデビア,機械,10.3,★☆☆☆☆,0.0,0.0,4.3,0.0,6.0,0.0,0.0,0.0,,,0.0,3.1,3.3,1.3,1162,1243.0,4.6,2.2,1017,出来高増2.2倍
6592,マブチモーター,電気機器,10.2,★☆☆☆☆,0.0,0.0,0.0,0.0,8.5,0.0,1.7,0.0,,,0.0,4.8,2.4,0.8,1568,1648.5,-1.0,1.2,1819,MA上昇配列 / パーフェクトオーダー / 開示[自己株式の取得](6日前)
7581,サイゼリヤ,小売業,10.2,★☆☆☆☆,0.0,0.0,4.0,0.0,6.2,0.0,0.0,0.0,,,0.0,43.4,4.5,13.6,7164,7870.0,-0.1,0.9,8673,資金流入増 / MA上昇配列
9508,九州電力,電気・ガス業,10.2,★☆☆☆☆,0.0,0.0,2.0,0.0,8.2,0.0,0.0,0.0,,,0.0,7.1,2.7,1.2,1697,1794.5,0.9,0.7,3146,MA上昇配列 / パーフェクトオーダー
2001,ニップン,食料品,10.2,★☆☆☆☆,0.0,0.0,2.0,0.0,8.2,0.0,0.0,0.0,,,0.0,3.3,2.3,1.0,2719,2850.0,1.5,0.9,715,MA上昇配列 / パーフェクトオーダー
2590,ダイドーグループホールディングス,食料品,10.2,★☆☆☆☆,0.0,0.0,3.0,0.0,7.2,0.0,0.0,0.0,,,0.0,9.9,2.9,1.9,2774,2944.0,-2.2,0.5,432,MA上昇配列 / パーフェクトオーダー
2674,ハードオフコーポレーション,小売業,10.2,★☆☆☆☆,0.0,0.0,2.0,0.0,8.2,0.0,0.0,0.0,,,0.0,7.1,4.3,0.6,2579,2822.0,-2.7,1.4,239,MA上昇配列 / パーフェクトオーダー
3036,アルコニックス,卸売業,10.2,★☆☆☆☆,0.0,0.0,7.7,0.0,7.5,0.0,0.0,-5.0,,,0.0,46.5,3.9,33.3,3243,3520.0,35.3,2.9,521,出来高増2.9倍 / 買い出来高優勢 / MA上昇配列 / RSI過熱(89)⚠ / 過熱⚠25MA+33%
9603,エイチ・アイ・エス,サービス業,10.1,★☆☆☆☆,0.0,0.0,1.0,0.0,8.0,0.0,1.1,0.0,,,0.0,15.3,3.5,8.2,1039,1117.0,9.2,1.1,592,MA上昇配列 / 開示[自己株式取得](9日前)
4848,フルキャストホールディングス,サービス業,10.1,★☆☆☆☆,0.0,0.0,2.0,0.0,5.5,0.0,2.6,0.0,,,0.0,8.4,2.2,1.9,1606,1680.0,-2.8,0.8,181,MA上昇配列 / 開示[自己株式取得](2日前)
3632,グリーホールディングス,情報・通信業,10.1,★☆☆☆☆,0.0,0.0,0.0,0.0,7.5,0.0,2.6,0.0,,,0.0,4.7,2.0,1.4,386,402.0,0.0,1.2,212,MA上昇配列 / パーフェクトオーダー / 開示[増配](2日前)
3382,セブン＆アイ・ホールディングス,小売業,10.1,★☆☆☆☆,0.0,0.0,1.0,0.0,5.2,0.0,3.9,0.0,,,0.0,6.5,3.4,1.1,1953,2097.5,-0.5,0.7,21173,MA上昇配列 / 開示[自己株式の取得](6日前) / 開示[資本業務提携](9日前)
7241,フタバ産業,輸送用機器,10.0,★☆☆☆☆,0.0,0.0,0.0,0.0,10.0,0.0,0.0,0.0,,,0.0,11.3,2.0,3.2,997,1039.0,0.2,0.8,269,MA上昇配列
4765,ＳＢＩグローバルアセットマネジメント,サービス業,10.0,★☆☆☆☆,0.0,0.0,3.0,0.0,7.0,0.0,0.0,0.0,,,0.0,7.7,2.7,2.4,568,600.0,-3.4,0.5,282,-
4478,フリー,情報・通信業,10.0,★☆☆☆☆,0.0,0.0,2.0,0.0,8.0,0.0,0.0,0.0,,,0.0,25.0,5.2,11.7,2449,2732.0,5.1,1.1,1082,MA上昇配列
8570,イオンフィナンシャルサービス,その他金融業,10.0,★☆☆☆☆,0.0,0.0,1.0,0.0,9.0,0.0,0.0,0.0,,,0.0,8.7,2.1,4.2,1549,1618.0,3.0,1.0,815,MA上昇配列
4776,サイボウズ,情報・通信業,10.0,★☆☆☆☆,0.0,0.0,2.0,0.0,8.0,0.0,0.0,0.0,,,0.0,8.0,3.8,4.8,2544,2751.0,2.1,0.7,743,MA上昇配列
8841,テーオーシー,不動産業,10.0,★☆☆☆☆,0.0,0.0,4.0,0.0,6.0,0.0,0.0,0.0,,,0.0,4.7,3.1,4.5,912,971.0,4.7,1.6,136,-
7721,東京計器,精密機器,10.0,★☆☆☆☆,0.0,0.0,2.0,0.0,8.0,0.0,0.0,0.0,,,0.0,15.5,5.7,7.2,6389,7210.0,4.8,0.8,2321,MA上昇配列
3040,ソリトンシステムズ,情報・通信業,10.0,★☆☆☆☆,0.0,0.0,0.0,0.0,10.0,0.0,0.0,0.0,,,0.0,5.4,2.5,1.2,1905,2006.0,2.9,0.8,112,MA上昇配列 / パーフェクトオーダー
4704,トレンドマイクロ,情報・通信業,10.0,★☆☆☆☆,0.0,0.0,2.0,0.0,8.0,0.0,0.0,0.0,,,0.0,10.7,3.3,4.9,6285,6732.0,6.2,0.6,6181,MA上昇配列
5243,ｎｏｔｅ,情報・通信業,10.0,★☆☆☆☆,0.0,0.0,0.0,0.0,10.0,0.0,0.0,0.0,,,0.0,16.3,6.4,7.1,1981,2274.0,6.8,0.4,878,MA上昇配列 / パーフェクトオーダー
9201,日本航空,空運業,10.0,★☆☆☆☆,0.0,0.0,0.0,0.0,10.0,0.0,0.0,0.0,,,0.0,5.4,2.5,2.8,2898,3050.0,3.6,0.5,8601,MA上昇配列
8194,ライフコーポレーション,小売業,10.0,★☆☆☆☆,0.0,0.0,2.0,0.0,8.0,0.0,0.0,0.0,,,0.0,9.4,2.6,4.4,2489,2623.0,1.5,1.2,572,-
4826,ＣＩＪ,情報・通信業,10.0,★☆☆☆☆,0.0,0.0,2.0,0.0,8.0,0.0,0.0,0.0,,,0.0,9.2,2.6,4.0,498,525.0,1.7,2.0,126,MA上昇配列
5406,神戸製鋼所,鉄鋼,10.0,★☆☆☆☆,0.0,0.0,1.0,0.0,9.0,0.0,0.0,0.0,,,0.0,11.6,2.8,3.4,1925,2040.0,-1.8,0.9,4929,MA上昇配列
7287,日本精機,輸送用機器,10.0,★☆☆☆☆,0.0,0.0,2.0,0.0,8.0,0.0,0.0,0.0,,,0.0,10.5,3.5,6.4,2418,2599.0,6.5,1.3,339,-
299A,クラシル,サービス業,10.0,★☆☆☆☆,0.0,0.0,2.0,0.0,8.0,0.0,0.0,0.0,,,0.0,18.2,4.7,5.6,1021,1126.0,-3.3,0.4,189,MA上昇配列
6330,東洋エンジニアリング,建設業,10.0,★☆☆☆☆,0.0,0.0,4.0,0.0,6.0,0.0,0.0,0.0,,,0.0,7.9,6.3,5.4,1812,2072.0,6.7,1.8,4177,-
4631,ＤＩＣ,化学,10.0,★☆☆☆☆,0.0,0.0,0.0,0.0,10.0,0.0,0.0,0.0,,,0.0,3.4,2.8,2.4,4415,4678.0,5.7,1.0,2375,MA上昇配列 / パーフェクトオーダー
547A,ムニノバホールディングス,その他金融業,10.0,★☆☆☆☆,0.0,0.0,2.0,0.0,8.0,0.0,0.0,0.0,,,0.0,8.4,2.6,3.8,441,465.0,3.8,1.4,692,MA上昇配列
6016,ジャパンエンジンコーポレーション,輸送用機器,10.0,★☆☆☆☆,0.0,0.0,4.0,0.0,6.0,0.0,0.0,0.0,,,0.0,20.4,7.2,4.2,7971,9310.0,-0.3,1.6,1206,-
1719,安藤・間,建設業,10.0,★☆☆☆☆,0.0,0.0,1.0,0.0,9.0,0.0,0.0,0.0,,,0.0,4.8,2.0,1.8,1782,1854.5,1.6,0.9,1418,MA上昇配列
6701,日本電気,電気機器,10.0,★☆☆☆☆,0.0,0.0,2.0,0.0,8.0,0.0,0.0,0.0,,,0.0,14.0,4.1,8.7,4461,4862.0,2.6,1.1,33540,MA上昇配列
4431,スマレジ,情報・通信業,10.0,★☆☆☆☆,0.0,0.0,2.0,0.0,8.0,0.0,0.0,0.0,,,0.0,14.3,4.3,5.3,2923,3200.0,0.3,0.5,305,MA上昇配列
4716,日本オラクル,情報・通信業,10.0,★☆☆☆☆,0.0,0.0,2.0,0.0,8.0,0.0,0.0,0.0,,,0.0,7.8,2.7,4.7,8612,9110.0,2.6,0.8,2945,MA上昇配列
3038,神戸物産,卸売業,10.0,★☆☆☆☆,0.0,0.0,2.0,0.0,8.0,0.0,0.0,0.0,,,0.0,8.4,3.5,4.1,2641,2838.0,3.2,0.7,4861,MA上昇配列
3733,ソフトウェア・サービス,情報・通信業,10.0,★☆☆☆☆,0.0,0.0,2.0,0.0,8.0,0.0,0.0,0.0,,,0.0,1.9,3.9,3.7,10470,11350.0,3.0,0.5,188,MA上昇配列
3668,コロプラ,情報・通信業,10.0,★☆☆☆☆,0.0,0.0,2.0,0.0,8.0,0.0,0.0,0.0,,,0.0,8.9,3.0,4.1,382,406.0,3.6,1.5,221,MA上昇配列
8031,三井物産,卸売業,9.9,★☆☆☆☆,0.0,0.0,2.0,0.0,6.0,0.0,1.9,0.0,,,0.0,10.1,2.7,3.1,4665,4933.0,-0.1,1.1,31895,開示[自己株式取得](5日前)
6268,ナブテスコ,機械,9.9,★☆☆☆☆,3.2,0.0,1.0,0.0,3.7,0.0,2.0,0.0,,Microchip,-1.7,-5.7,5.2,-2.1,4397,4910.0,4.6,0.8,6519,Microchip+5.0%連動(β0.25) / 開示[業績予想の修正](9日前) / 開示[自己株式の取得](9日前)
6516,山洋電気,電気機器,9.9,★☆☆☆☆,2.9,0.0,2.0,0.0,5.0,0.0,0.0,0.0,,Microchip,-5.4,2.3,5.8,1.1,5184,5860.0,6.5,0.5,1097,Microchip+5.0%連動(β0.23)
5461,中部鋼鈑,鉄鋼,9.9,★☆☆☆☆,0.0,0.0,4.0,0.0,3.5,0.0,2.4,0.0,,,0.0,5.0,1.8,0.0,2005,2080.0,-2.2,2.0,197,開示[自己株式の取得](3日前)
9305,ヤマタネ,卸売業,9.9,★☆☆☆☆,0.0,0.0,5.7,0.0,4.2,0.0,0.0,0.0,,,0.0,3.1,2.0,0.1,2019,2103.0,-0.3,3.2,145,出来高急増3.2倍 / MA上昇配列
4526,理研ビタミン,食料品,9.899999999999999,★☆☆☆☆,0.0,0.0,0.0,0.0,8.2,0.0,1.7,0.0,,,0.0,3.6,2.1,0.1,3023,3155.0,-1.7,0.9,205,MA上昇配列 / パーフェクトオーダー / 開示[自己株式の取得](6日前)
9735,セコム,サービス業,9.899999999999999,★☆☆☆☆,0.0,0.0,0.0,0.0,8.2,0.0,1.7,0.0,,,0.0,5.2,2.6,1.3,6489,6839.0,-0.6,1.0,8854,MA上昇配列 / パーフェクトオーダー / 開示[自己株式の取得](6日前)
2809,キユーピー,食料品,9.899999999999999,★☆☆☆☆,0.0,0.0,2.0,0.0,6.2,0.0,1.7,0.0,,,0.0,6.6,3.0,2.1,4366,4646.0,2.0,0.8,2093,MA上昇配列 / 開示[自己株式の取得](6日前)
5021,コスモエネルギーホールディングス,石油・石炭製品,9.8,★☆☆☆☆,0.0,0.0,3.3,0.0,6.5,0.0,0.0,0.0,,,0.0,8.8,2.7,4.8,3871,4088.0,2.6,2.2,2423,出来高増2.2倍 / MA上昇配列
6923,スタンレー電気,電気機器,9.7,★☆☆☆☆,0.0,0.0,0.0,0.0,9.7,0.0,0.0,0.0,,,0.0,4.3,2.7,0.6,3353,3545.0,1.5,1.0,2354,MA上昇配列 / パーフェクトオーダー
2726,パルグループホールディングス,小売業,9.7,★☆☆☆☆,0.0,0.0,0.0,0.0,8.0,0.0,1.7,0.0,,,0.0,3.2,3.6,1.5,1384,1490.0,-0.3,0.7,1387,MA上昇配列 / 開示[自己株式の取得](6日前)
4091,日本酸素ホールディングス,化学,9.7,★☆☆☆☆,0.0,0.0,0.0,0.0,9.7,0.0,0.0,0.0,,,0.0,1.5,3.2,0.7,5664,6048.0,4.6,0.7,3128,MA上昇配列 / パーフェクトオーダー
4046,大阪ソーダ,化学,9.7,★☆☆☆☆,0.0,0.0,3.0,0.0,5.0,0.0,1.7,0.0,,,0.0,6.9,3.4,2.7,1727,1851.0,4.7,1.4,643,開示[自己株式の取得](6日前)
7276,小糸製作所,電気機器,9.7,★☆☆☆☆,0.0,0.0,1.0,0.0,7.0,0.0,1.7,0.0,,,0.0,9.3,2.8,4.4,2544,2696.0,-0.0,0.8,2586,開示[自己株式の取得](6日前)
4958,長谷川香料,化学,9.7,★☆☆☆☆,0.0,0.0,0.0,0.0,9.7,0.0,0.0,0.0,,,0.0,5.8,1.7,1.5,3196,3310.0,1.8,1.0,204,MA上昇配列 / パーフェクトオーダー / 52週高値目前
6471,日本精工,機械,9.7,★☆☆☆☆,0.0,0.0,2.0,0.0,7.0,0.0,0.7,0.0,,,0.0,6.3,3.9,2.5,1082,1173.5,1.9,0.8,3212,開示[業績予想の修正](10日前)
4755,楽天グループ,サービス業,9.7,★☆☆☆☆,0.0,0.0,3.0,0.0,6.7,0.0,0.0,0.0,,,0.0,13.0,2.5,8.9,842,886.5,6.3,1.3,10242,MA上昇配列
6472,ＮＴＮ,機械,9.7,★☆☆☆☆,3.7,0.0,0.0,0.0,6.0,0.0,0.0,0.0,,Microchip,0.4,3.8,3.9,1.5,362,392.1000061035156,0.3,0.7,1553,Microchip+5.0%連動(β0.21)
9506,東北電力,電気・ガス業,9.7,★☆☆☆☆,0.0,0.0,2.0,0.0,7.7,0.0,0.0,0.0,,,0.0,14.3,2.4,6.5,1160,1217.0,3.1,1.0,3310,MA上昇配列
5541,大平洋金属,鉄鋼,9.7,★☆☆☆☆,0.0,0.0,3.0,0.0,6.7,0.0,0.0,0.0,,,0.0,19.0,3.7,8.7,2368,2555.0,3.5,1.7,575,MA上昇配列
3443,川田テクノロジーズ,金属製品,9.7,★☆☆☆☆,0.0,0.0,2.0,0.0,6.0,0.0,1.7,0.0,,,0.0,2.2,2.4,1.1,1263,1328.0,4.5,1.1,317,開示[自己株式の取得](6日前)
7803,ブシロード,その他製品,9.7,★☆☆☆☆,0.0,0.0,3.0,0.0,5.0,0.0,1.7,0.0,,,0.0,24.4,5.5,3.0,341,383.0,1.6,0.4,712,資金流入増 / MA上昇配列 / パーフェクトオーダー / 開示[自己株式の取得](6日前)
1948,弘電社,建設業,9.7,★☆☆☆☆,0.0,0.0,0.0,0.0,9.7,0.0,0.0,0.0,,,0.0,3.4,0.2,0.3,11407,11450.0,0.4,0.1,148,MA上昇配列 / パーフェクトオーダー / 52週高値目前
5991,日本発條,金属製品,9.7,★☆☆☆☆,4.0,0.0,2.0,0.0,3.7,0.0,0.0,0.0,,Microchip,0.5,-2.9,5.3,-3.5,3173,3553.0,-1.6,1.3,3181,Microchip+5.0%連動(β0.21)
2734,サーラコーポレーション,小売業,9.6,★☆☆☆☆,0.0,0.0,1.0,0.0,6.2,0.0,2.4,0.0,,,0.0,4.0,2.1,1.2,1107,1156.0,0.9,0.7,198,MA上昇配列 / 開示[自己株式の取得](3日前)
4275,カーリット,化学,9.6,★☆☆☆☆,0.0,0.0,1.0,0.0,6.0,0.0,2.6,0.0,,,0.0,5.5,4.8,2.1,2182,2415.0,4.0,1.1,420,開示[自己株式取得](2日前)
3962,チェンジホールディングス,情報・通信業,9.6,★☆☆☆☆,0.0,0.0,2.0,0.0,5.5,0.0,2.1,0.0,,,0.0,6.9,2.6,0.8,903,952.0,-0.8,0.7,279,MA上昇配列 / 開示[自己株式の取得](4日前)
9880,イノテック,電気機器,9.5,★☆☆☆☆,2.6,0.0,0.0,0.0,5.0,0.0,1.9,0.0,,Microchip,-3.6,5.0,5.2,4.3,3232,3605.0,6.7,1.1,484,Microchip+5.0%連動(β0.21) / 開示[自己株式の取得](5日前)
4182,三菱瓦斯化学,化学,9.5,★☆☆☆☆,2.7,0.0,2.0,0.0,2.7,0.0,2.1,0.0,,Microchip,-4.9,-1.2,5.8,-0.2,3937,4458.0,6.1,1.3,4812,Microchip+5.0%連動(β0.21) / 開示[業績予想の修正](2日前)
4061,デンカ,化学,9.5,★☆☆☆☆,0.0,0.0,4.7,0.0,2.7,0.0,2.1,0.0,,,0.0,-5.6,5.7,-4.5,3170,3575.0,4.2,3.8,3011,出来高急増3.8倍 / 開示[業績予想の修正](2日前)
8593,三菱ＨＣキャピタル,その他金融業,9.5,★☆☆☆☆,0.0,0.0,0.0,0.0,9.5,0.0,0.0,0.0,,,0.0,8.6,2.2,1.8,1384,1446.5,-1.8,1.0,6324,MA上昇配列 / パーフェクトオーダー
7459,メディパルホールディングス,卸売業,9.5,★☆☆☆☆,0.0,0.0,3.3,0.0,6.2,0.0,0.0,0.0,,,0.0,7.6,2.9,0.9,2666,2833.0,-1.7,0.9,1270,買い出来高優勢 / MA上昇配列
9869,加藤産業,卸売業,9.5,★☆☆☆☆,0.0,0.0,2.0,0.0,7.5,0.0,0.0,0.0,,,0.0,7.9,2.5,3.0,6096,6420.0,0.8,1.0,248,MA上昇配列
6254,野村マイクロ・サイエンス,機械,9.5,★☆☆☆☆,4.5,0.0,0.0,0.0,5.0,0.0,0.0,0.0,,Microchip,-4.6,0.5,7.6,0.3,3584,4225.0,5.4,0.9,3698,Microchip+5.0%連動(β0.37)
8614,東洋証券,証券、商品先物取引業,9.5,★☆☆☆☆,0.0,0.0,1.0,0.0,8.5,0.0,0.0,0.0,,,0.0,8.2,2.4,1.7,639,671.0,1.7,0.8,492,MA上昇配列 / パーフェクトオーダー
8558,東和銀行,銀行業,9.5,★☆☆☆☆,0.0,0.0,1.0,0.0,8.5,0.0,0.0,0.0,,,0.0,7.6,4.2,0.2,1269,1385.0,4.4,0.5,394,MA上昇配列 / パーフェクトオーダー
1961,三機工業,建設業,9.5,★☆☆☆☆,0.0,0.0,3.3,0.0,1.5,0.0,4.7,0.0,,,0.0,-8.7,5.4,-5.8,2094,2350.0,1.8,2.0,2085,出来高増2.0倍 / 開示[自己株式取得](2日前) / 開示[業績予想の修正](2日前)
7995,バルカー,化学,9.5,★☆☆☆☆,2.5,0.0,1.0,0.0,6.0,0.0,0.0,0.0,,Microchip,-3.0,8.6,5.9,4.1,6126,6940.0,6.9,1.1,798,Microchip+5.0%連動(β0.20)
4174,アピリッツ,情報・通信業,9.5,★☆☆☆☆,0.0,0.0,2.0,0.0,7.5,0.0,0.0,0.0,,,0.0,14.2,3.2,2.4,702,750.0,3.6,0.1,106,資金流入増 / MA上昇配列 / パーフェクトオーダー
3028,アルペン,小売業,9.5,★☆☆☆☆,0.0,0.0,4.0,0.0,5.5,0.0,0.0,0.0,,,0.0,11.3,2.2,5.2,2194,2293.0,3.5,1.9,253,MA上昇配列
8125,ワキタ,卸売業,9.5,★☆☆☆☆,0.0,0.0,2.0,0.0,7.5,0.0,0.0,0.0,,,0.0,11.9,1.7,3.7,1879,1944.0,1.1,0.9,372,MA上昇配列
3865,北越コーポレーション,パルプ・紙,9.5,★☆☆☆☆,0.0,0.0,5.3,0.0,4.2,0.0,0.0,0.0,,,0.0,11.4,2.8,2.3,878,930.0,1.4,2.3,226,出来高増2.3倍 / MA上昇配列
9536,西部ガスホールディングス,電気・ガス業,9.5,★☆☆☆☆,0.0,0.0,1.0,0.0,8.5,0.0,0.0,0.0,,,0.0,3.6,1.8,0.5,2270,2357.0,-0.2,0.9,166,MA上昇配列 / パーフェクトオーダー
2384,ＳＢＳホールディングス,陸運業,9.5,★☆☆☆☆,0.0,0.0,5.3,0.0,4.2,0.0,0.0,0.0,,,0.0,14.3,3.4,4.8,4283,4600.0,3.1,2.2,465,出来高増2.2倍
4432,ウイングアーク１ｓｔ,情報・通信業,9.5,★☆☆☆☆,0.0,0.0,4.0,0.0,5.5,0.0,0.0,0.0,,,0.0,25.2,3.2,9.3,2930,3130.0,-1.9,0.4,1128,資金流入増 / MA上昇配列
7313,テイ・エス　テック,輸送用機器,9.5,★☆☆☆☆,0.0,0.0,2.0,0.0,7.5,0.0,0.0,0.0,,,0.0,7.7,1.7,1.9,1759,1821.5,-0.9,0.7,574,MA上昇配列
4919,ミルボン,化学,9.5,★☆☆☆☆,0.0,0.0,2.0,0.0,7.5,0.0,0.0,0.0,,,0.0,7.7,2.3,3.0,2760,2894.0,4.1,1.5,326,MA上昇配列 / パーフェクトオーダー
3433,トーカロ,金属製品,9.4,★☆☆☆☆,4.7,0.0,1.0,0.0,3.7,0.0,0.0,0.0,,Albemarle,0.4,0.3,5.0,-1.3,2668,2962.0,1.8,0.8,1181,Albemarle+8.5%連動(β0.16)
5911,横河ブリッジホールディングス,金属製品,9.4,★☆☆☆☆,0.0,0.0,0.0,0.0,7.5,0.0,1.9,0.0,,,0.0,5.2,1.7,0.7,2833,2934.0,-0.9,0.8,372,MA上昇配列 / 開示[自己株式の取得](5日前)
6135,牧野フライス製作所,機械,9.4,★☆☆☆☆,0.0,0.0,1.0,0.0,5.7,0.0,2.7,0.0,,,0.0,1.7,4.0,-0.5,13427,14600.0,4.9,1.0,3912,開示[株式分割](9日前) / 開示[買収](9日前)
9692,シーイーシー,情報・通信業,9.4,★☆☆☆☆,0.0,0.0,0.0,0.0,7.5,0.0,1.9,0.0,,,0.0,8.6,2.2,2.0,2135,2235.0,-0.2,0.7,245,MA上昇配列 / 開示[自己株式の取得](5日前)
6869,シスメックス,電気機器,9.3,★☆☆☆☆,0.0,0.0,3.0,0.0,4.2,0.0,2.1,0.0,,,0.0,12.0,3.1,4.1,1549,1651.5,3.3,1.2,4048,MA上昇配列 / 開示[業績予想の修正](2日前)
6240,ヤマシンフィルタ,機械,9.3,★☆☆☆☆,3.3,0.0,0.0,0.0,6.0,0.0,0.0,0.0,,Microchip,-1.3,13.5,3.0,5.1,523,556.0,3.0,1.1,173,Microchip+5.0%連動(β0.26)
4812,電通総研,情報・通信業,9.2,★☆☆☆☆,0.0,0.0,1.0,0.0,8.2,0.0,0.0,0.0,,,0.0,3.0,1.7,0.1,2602,2695.0,0.3,0.6,1572,MA上昇配列 / パーフェクトオーダー
8628,松井証券,証券、商品先物取引業,9.2,★☆☆☆☆,0.0,0.0,1.0,0.0,8.2,0.0,0.0,0.0,,,0.0,11.4,2.6,1.4,1017,1074.0,2.4,0.7,1281,MA上昇配列 / パーフェクトオーダー
6769,ザインエレクトロニクス,電気機器,9.2,★☆☆☆☆,4.2,0.0,0.0,0.0,5.0,0.0,0.0,0.0,,Microchip,-0.9,2.5,5.7,1.7,924,1043.0,4.3,0.6,125,Microchip+5.0%連動(β0.34)
6191,エアトリ,サービス業,9.2,★☆☆☆☆,0.0,0.0,0.0,0.0,7.5,0.0,1.7,0.0,,,0.0,16.5,2.8,4.2,856,907.0,1.8,0.6,108,MA上昇配列 / パーフェクトオーダー / 開示[自己株式の取得](6日前)
1605,ＩＮＰＥＸ,鉱業,9.2,★☆☆☆☆,0.0,0.0,1.0,0.0,3.5,0.0,4.7,0.0,,,0.0,5.3,2.9,0.2,3299,3499.0,-3.5,1.1,16035,開示[業績予想の修正](2日前) / 開示[自己株式の取得](2日前)
7616,コロワイド,小売業,9.2,★☆☆☆☆,0.0,0.0,3.0,0.0,6.2,0.0,0.0,0.0,,,0.0,9.9,3.0,3.3,1919,2039.5,-0.9,0.8,988,MA上昇配列 / パーフェクトオーダー
3994,マネーフォワード,情報・通信業,9.2,★☆☆☆☆,0.0,0.0,3.0,0.0,6.2,0.0,0.0,0.0,,,0.0,10.9,6.5,3.9,4699,5396.0,-1.1,0.6,3115,MA上昇配列 / パーフェクトオーダー
7516,コーナン商事,小売業,9.2,★☆☆☆☆,0.0,0.0,1.0,0.0,8.2,0.0,0.0,0.0,,,0.0,7.6,2.2,2.3,4068,4255.0,1.4,0.8,471,MA上昇配列 / パーフェクトオーダー
3659,ネクソン,情報・通信業,9.2,★☆☆☆☆,0.0,0.0,2.0,0.0,5.5,0.0,1.7,0.0,,,0.0,10.2,4.0,3.5,2238,2430.0,-2.8,0.7,6568,MA上昇配列 / 開示[自己株式の取得](6日前)
3984,ユーザーローカル,情報・通信業,9.2,★☆☆☆☆,0.0,0.0,4.7,0.0,0.0,0.0,4.5,0.0,,,0.0,-10.4,4.3,-14.2,1396,1528.0,-15.9,9.2,159,出来高急増9.2倍 / 開示[自己株式の取得](2日前) / 開示[自己株式の取得](5日前)
8142,トーホー,卸売業,9.2,★☆☆☆☆,0.0,0.0,1.0,0.0,8.2,0.0,0.0,0.0,,,0.0,5.8,2.2,0.9,1297,1355.0,0.0,0.3,262,MA上昇配列 / パーフェクトオーダー
4684,オービック,情報・通信業,9.2,★☆☆☆☆,0.0,0.0,1.0,0.0,6.5,0.0,1.7,0.0,,,0.0,14.0,3.7,5.9,4229,4562.0,0.8,0.9,8874,MA上昇配列 / 開示[自己株式の取得](6日前)
2181,パーソルホールディングス,サービス業,9.2,★☆☆☆☆,0.0,0.0,4.0,0.0,5.2,0.0,0.0,0.0,,,0.0,5.5,2.6,0.8,250,263.29998779296875,-0.2,1.5,2217,MA上昇配列
6058,ベクトル,サービス業,9.2,★☆☆☆☆,0.0,0.0,1.0,0.0,8.2,0.0,0.0,0.0,,,0.0,-1.0,3.5,1.4,1717,1848.0,4.1,0.5,878,MA上昇配列 / パーフェクトオーダー
8160,木曽路,小売業,9.2,★☆☆☆☆,0.0,0.0,3.0,0.0,6.2,0.0,0.0,0.0,,,0.0,4.8,2.2,0.5,2316,2425.0,-1.4,1.1,227,MA上昇配列
3182,オイシックス,小売業,9.2,★☆☆☆☆,0.0,0.0,0.0,0.0,7.5,0.0,1.7,0.0,,,0.0,11.3,3.3,4.6,1546,1655.0,1.6,0.8,151,MA上昇配列 / パーフェクトオーダー / 開示[増配](6日前)
6047,Ｇｕｎｏｓｙ,サービス業,9.1,★☆☆☆☆,0.0,0.0,1.0,0.0,4.0,0.0,4.1,0.0,,,0.0,-17.0,3.2,-8.2,342,365.0,1.1,0.2,109,開示[自己株式の取得](4日前) / 開示[自己株式の取得](5日前)
1721,コムシスホールディングス,建設業,9.1,★☆☆☆☆,0.0,0.0,2.0,0.0,5.0,0.0,2.1,0.0,,,0.0,1.4,2.7,-0.8,4967,5246.0,-0.4,1.7,2793,開示[自己株式の取得](4日前)
9837,モリト,卸売業,9.1,★☆☆☆☆,0.0,0.0,0.0,0.0,7.0,0.0,2.1,0.0,,,0.0,5.8,1.5,1.0,1764,1818.0,0.8,0.5,131,開示[自己株式の取得](4日前)
8252,丸井グループ,小売業,9.1,★☆☆☆☆,0.0,0.0,1.0,0.0,6.2,0.0,1.9,0.0,,,0.0,3.3,2.5,0.2,2818,2964.5,-0.1,0.9,2851,MA上昇配列 / 開示[自己株式の取得](5日前)
9211,エフ・コード,サービス業,9.0,★☆☆☆☆,0.0,0.0,3.0,0.0,6.0,0.0,0.0,0.0,,,0.0,10.1,3.8,7.1,1383,1496.0,10.8,1.3,168,-
8058,三菱商事,卸売業,9.0,★☆☆☆☆,0.0,0.0,2.0,0.0,7.0,0.0,0.0,0.0,,,0.0,13.5,3.1,4.5,4566,4868.0,1.9,0.9,38900,-
8179,ロイヤルホールディングス,小売業,9.0,★☆☆☆☆,0.0,0.0,2.0,0.0,7.0,0.0,0.0,0.0,,,0.0,8.3,2.7,3.1,1253,1323.0,-0.5,1.2,423,-
278A,Ｔｅｒｒａ　Ｄｒｏｎｅ,精密機器,9.0,★☆☆☆☆,0.0,0.0,4.0,0.0,5.0,0.0,0.0,0.0,,,0.0,30.2,14.0,2.8,8693,12070.0,14.5,0.5,23948,資金流入増 / MA上昇配列 / パーフェクトオーダー
3661,エムアップホールディングス,情報・通信業,9.0,★☆☆☆☆,0.0,0.0,1.0,0.0,8.0,0.0,0.0,0.0,,,0.0,10.7,3.0,4.9,755,803.0,1.8,0.8,455,MA上昇配列
9824,泉州電業,卸売業,9.0,★☆☆☆☆,2.6,0.0,0.0,0.0,4.7,0.0,1.7,0.0,,Microchip,-4.0,7.4,3.7,4.0,6136,6620.0,8.7,0.8,487,Microchip+5.0%連動(β0.21) / 開示[自己株式取得](6日前)
9766,コナミグループ,情報・通信業,9.0,★☆☆☆☆,0.0,0.0,1.0,0.0,8.0,0.0,0.0,0.0,,,0.0,16.8,4.8,8.7,19019,21045.0,2.0,0.8,12816,MA上昇配列
1934,ユアテック,建設業,9.0,★☆☆☆☆,0.0,0.0,3.0,0.0,6.0,0.0,0.0,0.0,,,0.0,4.9,3.2,3.1,2305,2465.0,3.1,1.4,412,-
5381,マイポックス,ガラス・土石製品,9.0,★☆☆☆☆,4.3,0.0,1.0,0.0,3.7,0.0,0.0,0.0,,Microchip,-8.1,-3.2,6.2,0.3,756,863.0,13.6,1.4,193,Microchip+5.0%連動(β0.35)
2768,双日,卸売業,9.0,★☆☆☆☆,0.0,0.0,3.0,0.0,6.0,0.0,0.0,0.0,,,0.0,13.3,2.8,7.1,5352,5668.0,5.3,1.2,7148,-
4390,ＩＰＳ,情報・通信業,9.0,★☆☆☆☆,0.0,0.0,2.0,0.0,7.0,0.0,0.0,0.0,,,0.0,5.3,3.5,2.4,3354,3610.0,3.6,1.7,203,-
8425,みずほリース,その他金融業,9.0,★☆☆☆☆,0.0,0.0,2.0,0.0,7.0,0.0,0.0,0.0,,,0.0,6.7,2.0,2.7,1302,1356.0,-0.9,1.1,864,-
5285,ヤマックス,ガラス・土石製品,9.0,★☆☆☆☆,0.0,0.0,4.0,0.0,5.0,0.0,0.0,0.0,,,0.0,5.5,4.7,-0.1,1260,1391.0,-4.9,1.0,124,資金流入増
3660,アイスタイル,情報・通信業,9.0,★☆☆☆☆,0.0,0.0,1.0,0.0,8.0,0.0,0.0,0.0,,,0.0,14.3,2.9,4.9,413,438.0,-0.9,0.7,291,MA上昇配列
4187,大阪有機化学工業,化学,9.0,★☆☆☆☆,7.5,0.0,0.0,0.0,1.5,0.0,0.0,0.0,,Coherent,-2.8,-4.5,6.6,-3.7,4212,4855.0,7.1,0.7,1233,Coherent+17.1%連動(β0.17)
7157,ライフネット生命保険,保険業,9.0,★☆☆☆☆,0.0,0.0,3.0,0.0,6.0,0.0,0.0,0.0,,,0.0,3.7,3.1,1.4,1599,1704.0,1.7,1.2,289,-
8919,カチタス,不動産業,9.0,★☆☆☆☆,0.0,0.0,3.0,0.0,6.0,0.0,0.0,0.0,,,0.0,3.9,3.6,1.4,3110,3350.0,-1.3,1.8,594,-
7733,オリンパス,精密機器,9.0,★☆☆☆☆,0.0,0.0,1.0,0.0,8.0,0.0,0.0,0.0,,,0.0,12.6,2.9,6.5,1794,1906.0,4.7,1.5,7699,MA上昇配列
7947,エフピコ,化学,9.0,★☆☆☆☆,0.0,0.0,1.0,0.0,8.0,0.0,0.0,0.0,,,0.0,9.6,2.5,4.8,2572,2709.0,7.4,1.2,581,MA上昇配列
6459,だいわ,機械,9.0,★☆☆☆☆,0.0,0.0,2.0,0.0,7.0,0.0,0.0,0.0,,,0.0,9.8,2.8,4.3,1672,1772.0,2.3,1.0,137,-
3687,フィックスターズ,情報・通信業,9.0,★☆☆☆☆,0.0,0.0,0.0,0.0,9.0,0.0,0.0,0.0,,,0.0,4.9,5.1,1.5,2012,2240.0,7.2,0.8,1551,MA上昇配列 / パーフェクトオーダー
6005,三浦工業,機械,9.0,★☆☆☆☆,0.0,0.0,3.0,0.0,6.0,0.0,0.0,0.0,,,0.0,5.3,2.0,2.1,3137,3266.0,1.5,1.6,1237,-
4889,レナサイエンス,医薬品,9.0,★☆☆☆☆,0.0,0.0,2.0,0.0,7.0,0.0,0.0,0.0,,,0.0,7.7,5.2,0.9,1362,1519.0,2.3,0.4,516,MA上昇配列
4461,第一工業製薬,化学,9.0,★☆☆☆☆,0.0,0.0,3.0,0.0,11.0,0.0,0.0,-5.0,,,0.0,36.4,8.0,24.7,11797,14040.0,11.3,1.1,2499,MA上昇配列 / パーフェクトオーダー / 過熱⚠25MA+25%
8544,京葉銀行,銀行業,8.8,★☆☆☆☆,0.0,0.0,1.0,0.0,3.5,0.0,4.3,0.0,,,0.0,3.1,4.7,-1.3,2392,2643.0,-0.3,1.0,1512,開示[自己株式の取得](2日前) / 開示[自己株式の取得](6日前)
6222,島精機製作所,機械,8.8,★☆☆☆☆,2.8,0.0,0.0,0.0,6.0,0.0,0.0,0.0,,Microchip,-4.2,10.2,2.8,5.3,899,952.0,2.5,0.5,227,Microchip+5.0%連動(β0.22)
6999,ＫＯＡ,電気機器,8.8,★☆☆☆☆,3.1,0.0,3.0,0.0,2.7,0.0,0.0,0.0,,Microchip,-4.3,0.9,9.5,-1.4,1970,2430.0,7.6,0.7,3733,Microchip+5.0%連動(β0.25) / 資金流入増
6770,アルプスアルパイン,電気機器,8.700000000000001,★☆☆☆☆,5.4,0.0,0.0,0.0,2.2,0.0,1.1,0.0,,Microchip,0.9,4.6,3.7,-1.7,1935,2089.5,-5.6,1.0,3945,Microchip+5.0%連動(β0.21) 未反応+0.9% / 開示[自己株式取得](9日前)
7245,大同メタル工業,輸送用機器,8.7,★☆☆☆☆,0.0,0.0,3.3,0.0,3.7,0.0,1.7,0.0,,,0.0,-3.0,6.5,-4.9,1157,1330.0,-2.6,2.2,863,出来高増2.2倍 / 開示[自己株式の取得](6日前)
3498,霞ヶ関キャピタル,不動産業,8.7,★☆☆☆☆,0.0,0.0,2.0,0.0,6.7,0.0,0.0,0.0,,,0.0,16.8,4.1,8.6,7117,7760.0,4.4,1.1,3298,MA上昇配列
4051,ＧＭＯフィナンシャルゲート,情報・通信業,8.7,★☆☆☆☆,0.0,0.0,0.0,0.0,8.7,0.0,0.0,0.0,,,0.0,2.0,3.5,1.7,6226,6700.0,4.4,1.0,167,MA上昇配列 / パーフェクトオーダー
6420,ガリレイホールディングス,機械,8.7,★☆☆☆☆,0.0,0.0,2.0,0.0,6.7,0.0,0.0,0.0,,,0.0,11.0,2.1,6.7,3441,3595.0,4.1,1.9,195,-
7383,ネットプロテクションズホールディングス,その他金融業,8.7,★☆☆☆☆,0.0,0.0,2.0,0.0,6.7,0.0,0.0,0.0,,,0.0,27.0,3.6,9.8,419,452.0,2.7,0.9,282,MA上昇配列
6908,イリソ電子工業,電気機器,8.7,★☆☆☆☆,4.0,0.0,2.0,0.0,2.7,0.0,0.0,0.0,,Microchip,0.4,0.7,2.3,-1.6,2651,2780.0,1.5,0.6,470,Microchip+5.0%連動(β0.22)
6809,ＴＯＡ,電気機器,8.7,★☆☆☆☆,0.0,0.0,1.0,0.0,7.7,0.0,0.0,0.0,,,0.0,6.5,1.9,3.0,1605,1669.0,2.5,1.1,142,MA上昇配列
6882,三社電機製作所,電気機器,8.7,★☆☆☆☆,2.7,0.0,1.0,0.0,5.0,0.0,0.0,0.0,,Microchip,-1.0,1.3,4.8,2.7,1077,1191.0,6.9,0.6,126,Microchip+5.0%連動(β0.22)
8086,ニプロ,精密機器,8.7,★☆☆☆☆,0.0,0.0,2.0,0.0,6.7,0.0,0.0,0.0,,,0.0,6.4,2.0,1.1,1544,1610.0,-0.9,0.8,883,-
4403,日油,化学,8.6,★☆☆☆☆,0.0,0.0,2.0,0.0,4.5,0.0,2.1,0.0,,,0.0,2.8,2.8,0.1,2617,2772.5,-0.6,1.6,1910,開示[自己株式取得](4日前)
2802,味の素,食料品,8.6,★☆☆☆☆,0.0,0.0,1.0,0.0,3.7,0.0,3.9,0.0,,,0.0,-6.0,4.0,-2.7,4785,5196.0,4.7,1.3,21448,開示[業績予想の修正](3日前) / 開示[自己株式の取得](5日前)
5988,パイオラックス,金属製品,8.6,★☆☆☆☆,0.0,0.0,1.0,0.0,5.5,0.0,2.1,0.0,,,0.0,7.6,1.9,1.4,1639,1705.0,-2.2,0.6,159,MA上昇配列 / 開示[自己株式の取得](4日前)
3880,大王製紙,パルプ・紙,8.5,★☆☆☆☆,0.0,0.0,3.0,0.0,5.5,0.0,0.0,0.0,,,0.0,10.1,2.5,2.4,941,990.0,-0.2,1.5,241,MA上昇配列
3197,すかいらーくホールディングス,小売業,8.5,★☆☆☆☆,0.0,0.0,2.0,0.0,6.5,0.0,0.0,0.0,,,0.0,9.9,3.0,4.0,2975,3163.0,0.7,0.9,3983,MA上昇配列
5834,ＳＢＩリーシングサービス,証券、商品先物取引業,8.5,★☆☆☆☆,0.0,0.0,2.0,0.0,6.5,0.0,0.0,0.0,,,0.0,9.2,3.3,1.3,2595,2778.0,-1.8,0.4,238,MA上昇配列
9602,東宝,情報・通信業,8.5,★☆☆☆☆,0.0,0.0,3.0,0.0,5.5,0.0,0.0,0.0,,,0.0,13.8,4.4,5.1,1368,1501.0,-1.4,0.6,8073,MA上昇配列
3475,グッドコムアセット,不動産業,8.5,★☆☆☆☆,0.0,0.0,0.0,0.0,8.5,0.0,0.0,0.0,,,0.0,5.8,1.8,0.8,1462,1516.0,-1.9,0.5,113,MA上昇配列 / パーフェクトオーダー
1301,極洋,水産・農林業,8.5,★☆☆☆☆,0.0,0.0,2.0,0.0,6.5,0.0,0.0,0.0,,,0.0,5.1,1.8,1.8,4438,4605.0,1.4,1.9,219,MA上昇配列
3048,ビックカメラ,小売業,8.5,★☆☆☆☆,0.0,0.0,3.0,0.0,5.5,0.0,0.0,0.0,,,0.0,6.7,2.5,0.8,1625,1710.0,-1.9,1.1,1218,-
1766,東建コーポレーション,建設業,8.5,★☆☆☆☆,0.0,0.0,2.0,0.0,6.5,0.0,0.0,0.0,,,0.0,3.5,2.1,0.5,12559,13120.0,-1.9,0.6,336,MA上昇配列
2918,わらべや日洋ホールディングス,食料品,8.5,★☆☆☆☆,0.0,0.0,3.0,0.0,5.5,0.0,0.0,0.0,,,0.0,8.9,1.8,1.8,2667,2769.0,-0.6,0.7,301,MA上昇配列
2502,アサヒグループホールディングス,食料品,8.5,★☆☆☆☆,0.0,0.0,2.0,0.0,6.5,0.0,0.0,0.0,,,0.0,7.3,2.8,3.3,1598,1694.5,1.7,0.9,12856,MA上昇配列
4202,ダイセル,化学,8.5,★☆☆☆☆,0.0,0.0,1.0,0.0,7.5,0.0,0.0,0.0,,,0.0,8.7,2.7,2.1,1400,1478.0,1.9,0.7,2204,MA上昇配列
4661,オリエンタルランド,サービス業,8.5,★☆☆☆☆,0.0,0.0,3.0,0.0,5.5,0.0,0.0,0.0,,,0.0,17.6,4.4,7.4,2719,2979.0,-5.9,0.7,23231,MA上昇配列
6309,巴工業,機械,8.5,★☆☆☆☆,0.0,0.0,0.0,0.0,8.5,0.0,0.0,0.0,,,0.0,7.2,2.0,2.6,1867,1943.0,0.3,0.5,244,MA上昇配列 / パーフェクトオーダー
4324,電通グループ,サービス業,8.5,★☆☆☆☆,0.0,0.0,1.0,0.0,7.5,0.0,0.0,0.0,,,0.0,12.2,3.5,5.3,3396,3655.0,3.1,0.9,5187,MA上昇配列 / パーフェクトオーダー
7949,小松ウオール工業,その他製品,8.5,★☆☆☆☆,0.0,0.0,1.0,0.0,7.5,0.0,0.0,0.0,,,0.0,8.3,1.8,2.3,2627,2727.0,-2.1,0.7,159,MA上昇配列
5445,東京鐵鋼,鉄鋼,8.5,★☆☆☆☆,0.0,0.0,1.0,0.0,7.5,0.0,0.0,0.0,,,0.0,5.5,1.7,1.2,1889,1955.0,1.7,0.8,223,MA上昇配列
5240,ｍｏｎｏＡＩ　ｔｅｃｈｎｏｌｏｇｙ,情報・通信業,8.5,★☆☆☆☆,0.0,0.0,3.0,0.0,5.5,0.0,0.0,0.0,,,0.0,60.8,14.5,8.4,146,205.0,-4.2,0.1,747,資金流入増 / MA上昇配列
9022,東海旅客鉄道,陸運業,8.5,★☆☆☆☆,0.0,0.0,2.0,0.0,6.5,0.0,0.0,0.0,,,0.0,9.8,3.2,2.2,3651,3903.0,-2.1,0.7,11976,MA上昇配列
7888,三光合成,化学,8.5,★☆☆☆☆,0.0,0.0,2.0,0.0,6.5,0.0,0.0,0.0,,,0.0,27.8,3.2,7.3,885,946.0,-2.8,0.7,213,資金流入増 / MA上昇配列
7220,武蔵精密工業,輸送用機器,8.4,★☆☆☆☆,4.4,0.0,0.0,0.0,4.0,0.0,0.0,0.0,,Microchip,-3.8,-0.2,7.2,-0.3,2864,3345.0,3.7,0.7,4608,Microchip+5.0%連動(β0.35)
6845,アズビル,電気機器,8.4,★☆☆☆☆,0.0,0.0,5.7,0.0,1.0,0.0,1.7,0.0,,,0.0,-4.3,3.4,-6.5,1454,1559.0,-6.4,3.0,2441,出来高急増3.0倍 / 開示[自己株式の取得](6日前)
5711,三菱マテリアル,非鉄金属,8.4,★☆☆☆☆,3.7,0.0,2.0,0.0,5.7,0.0,2.0,-5.0,,Albemarle,-22.8,33.4,4.3,21.7,4712,5157.0,23.0,0.8,5953,Albemarle+8.5%連動(β0.17) / 過熱⚠25MA+22% / 開示[業績予想の修正](3日前)
2270,雪印メグミルク,食料品,8.4,★☆☆☆☆,0.0,0.0,3.3,0.0,3.2,0.0,1.9,0.0,,,0.0,1.4,3.3,-1.8,3411,3655.0,-2.9,2.3,748,出来高増2.3倍 / 開示[自己株式の取得](5日前)
1945,東京エネシス,建設業,8.3,★☆☆☆☆,0.0,0.0,3.3,0.0,5.0,0.0,0.0,0.0,,,0.0,2.7,3.5,0.8,1906,2047.0,2.7,2.1,454,出来高増2.1倍
5631,日本製鋼所,機械,8.3,★☆☆☆☆,0.0,0.0,3.3,0.0,5.0,0.0,0.0,0.0,,,0.0,0.7,4.0,0.2,7117,7744.0,3.4,0.5,6413,買い出来高優勢
7456,松田産業,卸売業,8.3,★☆☆☆☆,0.0,0.0,3.3,0.0,5.0,0.0,0.0,0.0,,,0.0,5.6,4.2,4.8,5357,5850.0,8.7,2.5,561,出来高増2.5倍
8237,松屋,小売業,8.3,★☆☆☆☆,0.0,0.0,3.3,0.0,8.0,0.0,0.0,-3.0,,,0.0,28.1,5.1,19.4,1953,2174.0,13.2,0.9,616,買い出来高優勢 / MA上昇配列 / 伸びすぎ注意(25MA+19%)
2267,ヤクルト本社,食料品,8.3,★☆☆☆☆,0.0,0.0,0.0,0.0,6.2,0.0,2.1,0.0,,,0.0,3.6,3.2,0.8,2668,2850.5,1.1,1.0,3952,MA上昇配列 / パーフェクトオーダー / 開示[自己株式の取得](4日前)
9744,メイテックグループホールディングス,サービス業,8.2,★☆☆☆☆,0.0,0.0,2.0,0.0,6.2,0.0,0.0,0.0,,,0.0,6.1,1.7,1.0,3172,3286.0,-1.6,0.9,1235,MA上昇配列
8566,リコーリース,その他金融業,8.2,★☆☆☆☆,0.0,0.0,0.0,0.0,8.2,0.0,0.0,0.0,,,0.0,6.7,2.3,0.8,6330,6630.0,-1.3,0.6,308,MA上昇配列 / パーフェクトオーダー
7906,ヨネックス,その他製品,8.2,★☆☆☆☆,0.0,0.0,4.0,0.0,4.2,0.0,0.0,0.0,,,0.0,7.9,3.3,1.8,2417,2587.0,-0.6,1.7,1204,MA上昇配列
8057,内田洋行,卸売業,8.2,★☆☆☆☆,0.0,0.0,3.0,0.0,5.2,0.0,0.0,0.0,,,0.0,5.8,2.9,0.1,1965,2085.0,-2.6,0.4,557,MA上昇配列
4732,ユー・エス・エス,サービス業,8.2,★☆☆☆☆,0.0,0.0,0.0,0.0,8.2,0.0,0.0,0.0,,,0.0,2.2,2.1,0.1,1904,1987.0,-1.5,0.8,2280,MA上昇配列 / パーフェクトオーダー
4502,武田薬品工業,医薬品,8.2,★☆☆☆☆,0.0,0.0,0.0,0.0,8.2,0.0,0.0,0.0,,,0.0,5.8,2.7,1.0,5243,5540.0,0.5,1.0,23423,MA上昇配列 / パーフェクトオーダー
8079,正栄食品工業,卸売業,8.2,★☆☆☆☆,0.0,0.0,1.0,0.0,7.2,0.0,0.0,0.0,,,0.0,7.5,1.8,0.4,4188,4340.0,-1.7,0.6,205,MA上昇配列 / パーフェクトオーダー
2004,昭和産業,食料品,8.2,★☆☆☆☆,0.0,0.0,0.0,0.0,8.2,0.0,0.0,0.0,,,0.0,4.2,2.2,1.2,3387,3540.0,-0.3,1.0,214,MA上昇配列 / パーフェクトオーダー
6298,ワイエイシイホールディングス,機械,8.2,★☆☆☆☆,4.2,0.0,0.0,0.0,4.0,0.0,0.0,0.0,,Microchip,-0.3,-1.3,4.2,-1.1,1096,1196.0,4.3,0.6,262,Microchip+5.0%連動(β0.34)
2124,ジェイエイシーリクルートメント,サービス業,8.2,★☆☆☆☆,0.0,0.0,3.0,0.0,5.2,0.0,0.0,0.0,,,0.0,9.3,2.7,1.5,876,926.0,-1.8,1.0,563,MA上昇配列
4373,シンプレクス・ホールディングス,情報・通信業,8.2,★☆☆☆☆,0.0,0.0,0.0,0.0,8.2,0.0,0.0,0.0,,,0.0,7.1,4.6,1.7,993,1094.0,-3.3,1.0,1278,MA上昇配列 / パーフェクトオーダー
4419,Ｆｉｎａｔｅｘｔホールディングス,情報・通信業,8.2,★☆☆☆☆,0.0,0.0,0.0,0.0,8.2,0.0,0.0,0.0,,,0.0,10.2,5.3,1.3,1428,1598.0,4.4,0.5,735,MA上昇配列 / パーフェクトオーダー
9605,東映,情報・通信業,8.2,★☆☆☆☆,0.0,0.0,0.0,0.0,8.2,0.0,0.0,0.0,,,0.0,6.4,3.3,2.1,5594,5990.0,-0.8,0.7,570,MA上昇配列 / パーフェクトオーダー
9347,日本管財ホールディングス,サービス業,8.2,★☆☆☆☆,0.0,0.0,3.0,0.0,5.2,0.0,0.0,0.0,,,0.0,4.8,1.8,0.8,2682,2784.0,-0.7,1.4,161,MA上昇配列
4544,Ｈ．Ｕ．グループホールディングス,サービス業,8.2,★☆☆☆☆,0.0,0.0,0.0,0.0,6.5,0.0,1.7,0.0,,,0.0,7.0,2.3,2.2,3313,3475.0,1.9,0.7,726,MA上昇配列 / 開示[自己株式の取得](6日前)
2206,江崎グリコ,食料品,8.1,★☆☆☆☆,0.0,0.0,2.0,0.0,2.2,0.0,3.9,0.0,,,0.0,-0.6,2.6,-1.4,4813,5079.0,0.5,1.6,1601,開示[業績予想の修正](4日前) / 開示[自己株式の取得](4日前)
9697,カプコン,情報・通信業,8.0,★☆☆☆☆,0.0,0.0,2.0,0.0,9.0,0.0,0.0,-3.0,,,0.0,27.7,4.6,16.6,3771,4149.0,4.7,0.9,13692,MA上昇配列 / 伸びすぎ注意(25MA+17%)
6918,アバールデータ,電気機器,8.0,★☆☆☆☆,3.0,0.0,0.0,0.0,5.0,0.0,0.0,0.0,,Microchip,-3.0,4.3,4.7,0.8,2921,3225.0,3.4,0.9,107,Microchip+5.0%連動(β0.24)
4503,アステラス製薬,医薬品,8.0,★☆☆☆☆,0.0,0.0,1.0,0.0,7.0,0.0,0.0,0.0,,,0.0,12.0,2.9,6.3,2193,2327.0,5.7,1.1,15821,-
219A,Ｈｅａｒｔｓｅｅｄ,医薬品,8.0,★☆☆☆☆,0.0,0.0,2.0,0.0,6.0,0.0,0.0,0.0,,,0.0,16.1,4.8,9.1,1639,1812.0,7.7,0.9,327,-
7713,シグマ光機,精密機器,8.0,★☆☆☆☆,0.0,0.0,2.0,0.0,6.0,0.0,0.0,0.0,,,0.0,11.7,4.9,8.3,1949,2160.0,15.0,0.6,114,-
4180,Ａｐｐｉｅｒ　Ｇｒｏｕｐ,情報・通信業,8.0,★☆☆☆☆,0.0,0.0,0.0,0.0,8.0,0.0,0.0,0.0,,,0.0,11.9,3.8,5.0,898,971.0,1.9,0.6,896,MA上昇配列
7965,象印マホービン,電気機器,8.0,★☆☆☆☆,0.0,0.0,2.0,0.0,6.0,0.0,0.0,0.0,,,0.0,5.2,1.9,1.3,1377,1432.0,-0.6,0.6,268,-
8014,蝶理,卸売業,8.0,★☆☆☆☆,0.0,0.0,1.0,0.0,7.0,0.0,0.0,0.0,,,0.0,7.4,2.0,3.8,3915,4080.0,4.5,1.2,138,-
9684,スクウェア・エニックス・ホールディングス,情報・通信業,8.0,★☆☆☆☆,0.0,0.0,0.0,0.0,8.0,0.0,0.0,0.0,,,0.0,9.7,3.4,5.5,2584,2769.5,0.2,0.9,3055,MA上昇配列
9501,東京電力ホールディングス,電気・ガス業,8.0,★☆☆☆☆,0.0,0.0,2.0,0.0,6.0,0.0,0.0,0.0,,,0.0,12.0,4.3,3.0,476,521.2999877929688,0.2,0.9,18848,-
5013,ユシロ,石油・石炭製品,8.0,★☆☆☆☆,0.0,0.0,1.0,0.0,7.0,0.0,0.0,0.0,,,0.0,7.1,3.0,7.0,2995,3185.0,10.9,0.4,213,-
6289,技研製作所,機械,8.0,★☆☆☆☆,0.0,0.0,0.0,0.0,8.0,0.0,0.0,0.0,,,0.0,5.8,2.3,1.0,1800,1885.0,-0.8,0.8,145,MA上昇配列
4686,ジャストシステム,情報・通信業,8.0,★☆☆☆☆,0.0,0.0,0.0,0.0,8.0,0.0,0.0,0.0,,,0.0,7.7,2.5,3.6,3856,4060.0,0.7,1.2,340,MA上昇配列
7201,日産自動車,輸送用機器,8.0,★☆☆☆☆,0.0,0.0,2.0,0.0,6.0,0.0,0.0,0.0,,,0.0,15.1,3.6,4.4,316,340.79998779296875,1.4,0.8,11595,-
4493,サイバーセキュリティクラウド,情報・通信業,8.0,★☆☆☆☆,0.0,0.0,0.0,0.0,8.0,0.0,0.0,0.0,,,0.0,2.6,3.2,1.1,1750,1871.0,2.7,0.8,153,MA上昇配列
4996,クミアイ化学工業,化学,8.0,★☆☆☆☆,0.0,0.0,2.0,0.0,6.0,0.0,0.0,0.0,,,0.0,7.9,1.4,3.4,735,756.0,3.0,1.0,258,-
7071,アンビスホールディングス,サービス業,8.0,★☆☆☆☆,0.0,0.0,0.0,0.0,8.0,0.0,0.0,0.0,,,0.0,13.8,3.8,5.0,364,394.0,3.1,1.1,103,MA上昇配列
3656,ＫＬａｂ,情報・通信業,8.0,★☆☆☆☆,0.0,0.0,4.3,0.0,3.7,0.0,0.0,0.0,,,0.0,3.2,6.9,-4.4,180,209.0,-7.5,3.0,797,出来高増3.0倍
4082,第一稀元素化学工業,化学,8.0,★☆☆☆☆,0.0,0.0,3.0,0.0,5.0,0.0,0.0,0.0,,,0.0,4.0,4.5,5.1,1800,1976.0,12.6,1.5,357,-
6946,日本アビオニクス,電気機器,8.0,★☆☆☆☆,0.0,0.0,2.0,0.0,6.0,0.0,0.0,0.0,,,0.0,19.6,6.9,9.9,4912,5700.0,7.3,1.1,1385,-
215A,タイミー,サービス業,8.0,★☆☆☆☆,0.0,0.0,0.0,0.0,8.0,0.0,0.0,0.0,,,0.0,4.9,4.3,2.5,1413,1545.0,5.4,0.7,1984,MA上昇配列
1871,ピーエス・コンストラクション,建設業,8.0,★☆☆☆☆,0.0,0.0,2.0,0.0,6.0,0.0,0.0,0.0,,,0.0,8.2,3.4,2.4,2128,2285.0,0.2,0.9,202,-
6616,トレックス・セミコンダクター,電気機器,7.9,★☆☆☆☆,3.9,0.0,0.0,0.0,4.0,0.0,0.0,0.0,,Microchip,-4.9,-7.7,5.8,-1.3,1712,1938.0,8.1,0.6,230,Microchip+5.0%連動(β0.31)
3791,ＩＧポート,情報・通信業,7.9,★☆☆☆☆,0.0,0.0,2.0,0.0,4.0,0.0,1.9,0.0,,,0.0,-16.1,3.7,-4.8,1022,1103.0,3.5,0.6,262,資金流入増 / 開示[自己株式の取得](5日前)
5698,エンビプロ・ホールディングス,鉄鋼,7.9,★☆☆☆☆,0.0,0.0,1.0,0.0,6.0,0.0,0.9,0.0,,,0.0,8.0,4.6,4.2,753,829.0,2.1,1.0,145,開示[増配](10日前)
5242,アイズ,情報・通信業,7.800000000000001,★☆☆☆☆,0.0,0.0,5.3,0.0,7.5,0.0,0.0,-5.0,,,0.0,133.1,16.7,24.4,1353,2030.0,-14.8,0.2,152,買い出来高優勢 / 資金流入増 / MA上昇配列 / パーフェクトオーダー / 過熱⚠25MA+24%
6841,横河電機,電気機器,7.800000000000001,★☆☆☆☆,0.0,0.0,3.0,0.0,2.2,0.0,2.6,0.0,,,0.0,2.7,4.9,-3.7,4879,5414.0,-6.4,1.4,7510,開示[自己株式取得](2日前)
6474,不二越,機械,7.8,★☆☆☆☆,3.1,0.0,1.0,0.0,3.7,0.0,0.0,0.0,,Albemarle,-4.6,-1.8,5.0,-2.4,5163,5740.0,4.7,0.4,1084,Albemarle+8.5%連動(β0.15)
4320,ＣＥホールディングス,情報・通信業,7.7,★☆☆☆☆,0.0,0.0,6.7,0.0,1.0,0.0,0.0,0.0,,,0.0,-2.5,2.8,-4.4,1559,1651.0,-1.4,6.3,172,出来高急増6.3倍 / 資金流入増
3635,コーエーテクモホールディングス,情報・通信業,7.7,★☆☆☆☆,0.0,0.0,1.0,0.0,6.7,0.0,0.0,0.0,,,0.0,4.4,3.8,2.8,1495,1620.0,0.7,0.9,2423,MA上昇配列
9513,電源開発,電気・ガス業,7.7,★☆☆☆☆,0.0,0.0,2.0,0.0,5.7,0.0,0.0,0.0,,,0.0,10.8,2.3,4.4,3733,3912.0,2.9,0.7,2625,-
6706,電気興業,電気機器,7.7,★☆☆☆☆,0.0,0.0,2.0,0.0,5.7,0.0,0.0,0.0,,,0.0,7.1,2.8,5.6,3022,3200.0,3.7,1.1,103,-
1982,日比谷総合設備,建設業,7.7,★☆☆☆☆,0.0,0.0,4.0,0.0,3.7,0.0,0.0,0.0,,,0.0,-5.0,4.9,-3.3,2535,2811.0,0.9,1.9,365,-
9166,ＧＥＮＤＡ,サービス業,7.7,★☆☆☆☆,0.0,0.0,1.0,0.0,6.7,0.0,0.0,0.0,,,0.0,19.5,4.2,11.8,606,661.0,9.8,0.9,872,MA上昇配列
9552,クオンツ総研ホールディングス,サービス業,7.7,★☆☆☆☆,0.0,0.0,1.0,0.0,6.7,0.0,0.0,0.0,,,0.0,18.8,3.9,8.4,900,977.0,5.3,0.6,210,MA上昇配列
4534,持田製薬,医薬品,7.7,★☆☆☆☆,0.0,0.0,0.0,0.0,6.0,0.0,1.7,0.0,,,0.0,5.7,2.4,2.0,3053,3210.0,2.9,1.0,221,開示[自己株式の取得](6日前)
9324,安田倉庫,倉庫・運輸関連業,7.6,★☆☆☆☆,0.0,0.0,4.0,0.0,2.0,0.0,1.6,0.0,,,0.0,5.3,3.2,-1.3,2317,2474.0,-2.7,0.4,308,資金流入増 / 開示[業績予想の修正](5日前)
4099,四国化成ホールディングス,化学,7.6,★☆☆☆☆,2.6,0.0,0.0,0.0,5.0,0.0,0.0,0.0,,Microchip,-7.0,6.0,7.5,4.4,2508,2953.0,5.8,1.2,1450,Microchip+5.0%連動(β0.21)
1662,石油資源開発,鉱業,7.5,★☆☆☆☆,0.0,0.0,2.0,0.0,3.5,0.0,2.0,0.0,,,0.0,6.5,3.2,1.8,1630,1740.0,-1.5,1.4,2572,開示[業績予想の修正](3日前)
3050,ＤＣＭホールディングス,小売業,7.5,★☆☆☆☆,0.0,0.0,1.0,0.0,6.5,0.0,0.0,0.0,,,0.0,6.2,2.2,2.0,1481,1548.0,0.8,0.9,416,MA上昇配列
5889,Ｊａｐａｎ　Ｅｙｅｗｅａｒ　Ｈｏｌｄｉｎｇｓ,小売業,7.5,★☆☆☆☆,0.0,0.0,0.0,0.0,7.5,0.0,0.0,0.0,,,0.0,6.4,3.3,2.2,2308,2469.0,-2.1,0.5,302,MA上昇配列 / パーフェクトオーダー
4293,セプテーニ・ホールディングス,サービス業,7.5,★☆☆☆☆,0.0,0.0,3.3,0.0,2.2,0.0,2.0,0.0,,,0.0,3.8,3.3,-1.8,462,495.0,-3.9,2.1,267,出来高増2.1倍 / 開示[業績予想の修正](3日前)
4194,ビジョナル,情報・通信業,7.5,★☆☆☆☆,0.0,0.0,2.0,0.0,5.5,0.0,0.0,0.0,,,0.0,12.5,3.6,5.1,8357,9000.0,3.3,1.0,1707,MA上昇配列
4523,エーザイ,医薬品,7.5,★☆☆☆☆,0.0,0.0,2.0,0.0,5.5,0.0,0.0,0.0,,,0.0,14.6,3.5,5.2,4442,4778.0,-1.0,0.6,8610,MA上昇配列
7532,パン・パシフィック・インターナショナルホールディングス,小売業,7.5,★☆☆☆☆,0.0,0.0,1.0,0.0,6.5,0.0,0.0,0.0,,,0.0,8.5,3.2,4.0,859,917.7000122070312,1.7,0.9,8278,MA上昇配列
3697,ＳＨＩＦＴ,情報・通信業,7.5,★☆☆☆☆,0.0,0.0,2.0,0.0,5.5,0.0,0.0,0.0,,,0.0,33.7,6.8,14.1,775,896.4000244140625,2.1,0.6,7382,MA上昇配列
7593,ＶＴホールディングス,小売業,7.5,★☆☆☆☆,0.0,0.0,1.0,0.0,6.5,0.0,0.0,0.0,,,0.0,5.1,1.7,0.0,462,478.0,-2.8,0.8,171,MA上昇配列
4443,Ｓａｎｓａｎ,情報・通信業,7.5,★☆☆☆☆,0.0,0.0,0.0,0.0,7.5,0.0,0.0,0.0,,,0.0,15.4,4.6,3.8,1724,1900.0,-4.5,0.5,3352,MA上昇配列 / パーフェクトオーダー
4928,ノエビアホールディングス,化学,7.5,★☆☆☆☆,0.0,0.0,1.0,0.0,6.5,0.0,0.0,0.0,,,0.0,8.9,2.6,2.6,4544,4790.0,-3.6,0.6,683,MA上昇配列
4828,ビジネスエンジニアリング,情報・通信業,7.5,★☆☆☆☆,0.0,0.0,2.0,0.0,5.5,0.0,0.0,0.0,,,0.0,12.7,3.0,3.1,1127,1200.0,-1.9,0.6,151,MA上昇配列
3861,王子ホールディングス,パルプ・紙,7.5,★☆☆☆☆,0.0,0.0,0.0,0.0,7.5,0.0,0.0,0.0,,,0.0,10.6,2.2,3.8,846,885.9000244140625,0.7,0.8,3343,MA上昇配列
4985,アース製薬,化学,7.5,★☆☆☆☆,0.0,0.0,3.3,0.0,4.2,0.0,0.0,0.0,,,0.0,2.4,2.2,0.3,4520,4725.0,-0.1,2.6,358,出来高増2.6倍 / MA上昇配列
4714,リソー教育グループ,サービス業,7.5,★☆☆☆☆,0.0,0.0,0.0,0.0,7.5,0.0,0.0,0.0,,,0.0,0.3,1.8,0.2,195,202.0,-2.9,1.1,101,MA上昇配列 / パーフェクトオーダー
6963,ローム,電気機器,7.4,★☆☆☆☆,4.7,0.0,0.0,0.0,2.7,0.0,0.0,0.0,,Skyworks,-3.7,-14.6,7.0,-6.0,3931,4571.0,5.5,0.6,24028,Skyworks+5.7%連動(β0.33)
262A,インターメスティック,小売業,7.4,★☆☆☆☆,0.0,0.0,4.7,0.0,2.7,0.0,0.0,0.0,,,0.0,-2.7,3.8,-3.4,1721,1862.0,-4.5,3.0,484,出来高急増3.0倍
8331,千葉銀行,銀行業,7.4,★☆☆☆☆,0.0,0.0,1.0,0.0,4.5,0.0,1.9,0.0,,,0.0,0.8,3.2,-1.1,2493,2666.0,1.5,0.9,7240,開示[自己株式取得](5日前)
6768,タムラ製作所,電気機器,7.4,★☆☆☆☆,3.7,0.0,1.0,0.0,2.7,0.0,0.0,0.0,,Skyworks,-4.8,-5.2,6.2,-5.2,728,831.0,2.6,1.4,749,Skyworks+5.7%連動(β0.25)
5592,くすりの窓口,情報・通信業,7.4,★☆☆☆☆,0.0,0.0,1.0,0.0,4.7,0.0,1.7,0.0,,,0.0,4.1,3.4,2.5,2284,2449.0,3.2,0.3,143,開示[自己株式取得](6日前)
2897,日清食品ホールディングス,食料品,7.2,★☆☆☆☆,0.0,0.0,3.0,0.0,4.2,0.0,0.0,0.0,,,0.0,4.6,3.7,1.0,2724,2938.5,1.8,1.0,5132,MA上昇配列
4204,積水化学工業,化学,7.2,★☆☆☆☆,0.0,0.0,2.0,0.0,5.2,0.0,0.0,0.0,,,0.0,5.7,2.0,0.8,2578,2684.5,0.7,0.7,4657,MA上昇配列
9627,アインホールディングス,小売業,7.2,★☆☆☆☆,0.0,0.0,3.0,0.0,4.2,0.0,0.0,0.0,,,0.0,6.7,3.2,2.0,5541,5918.0,0.6,1.1,1090,MA上昇配列
3034,クオールホールディングス,小売業,7.2,★☆☆☆☆,0.0,0.0,2.0,0.0,5.2,0.0,0.0,0.0,,,0.0,5.9,2.6,1.2,1985,2094.0,0.0,1.0,289,MA上昇配列
2815,アリアケジャパン,食料品,7.2,★☆☆☆☆,0.0,0.0,3.0,0.0,4.2,0.0,0.0,0.0,,,0.0,4.7,2.5,0.0,5016,5280.0,-1.7,1.9,500,MA上昇配列
8771,イー・ギャランティ,その他金融業,7.2,★☆☆☆☆,0.0,0.0,1.0,0.0,6.2,0.0,0.0,0.0,,,0.0,5.0,2.1,1.0,1784,1860.0,1.0,1.2,188,MA上昇配列 / パーフェクトオーダー
2229,カルビー,食料品,7.2,★☆☆☆☆,0.0,0.0,2.0,0.0,5.2,0.0,0.0,0.0,,,0.0,2.0,3.0,0.0,2804,2986.0,2.8,1.6,1158,MA上昇配列
7545,西松屋チェーン,小売業,7.2,★☆☆☆☆,0.0,0.0,3.0,0.0,4.2,0.0,0.0,0.0,,,0.0,3.0,2.1,0.7,1930,2016.0,1.3,1.6,724,MA上昇配列
6962,大真空,電気機器,7.2,★☆☆☆☆,3.2,0.0,0.0,0.0,4.0,0.0,0.0,0.0,,Microchip,-3.9,-3.6,4.6,-1.7,700,772.0,5.6,0.5,381,Microchip+5.0%連動(β0.26)
7447,ナガイレーベン,卸売業,7.2,★☆☆☆☆,0.0,0.0,0.0,0.0,5.5,0.0,1.7,0.0,,,0.0,4.7,1.7,1.3,1726,1787.0,0.1,1.1,136,MA上昇配列 / 開示[自己株式の取得](6日前)
4751,サイバーエージェント,サービス業,7.2,★☆☆☆☆,0.0,0.0,3.0,0.0,4.2,0.0,0.0,0.0,,,0.0,3.3,3.5,0.9,1394,1499.0,3.0,1.5,5847,MA上昇配列
9948,アークス,小売業,7.2,★☆☆☆☆,0.0,0.0,1.0,0.0,6.2,0.0,0.0,0.0,,,0.0,4.7,2.6,1.4,3414,3600.0,-0.4,0.9,257,MA上昇配列
5331,ノリタケ,ガラス・土石製品,7.1,★☆☆☆☆,0.0,0.0,0.0,0.0,5.0,0.0,2.1,0.0,,,0.0,0.3,4.4,1.0,3244,3560.0,4.7,0.9,1062,開示[業績予想の修正](2日前)
7203,トヨタ自動車,輸送用機器,7.1,★☆☆☆☆,0.0,0.0,1.0,0.0,4.2,0.0,1.9,0.0,,,0.0,8.7,3.3,1.4,2784,2980.0,-2.8,0.7,109458,MA上昇配列 / 開示[自己株式取得](5日前)
4109,ステラ　ケミファ,化学,7.1,★☆☆☆☆,0.0,0.0,2.0,0.0,2.7,0.0,2.4,0.0,,,0.0,-6.0,5.8,-4.8,4666,5280.0,2.1,1.9,567,開示[自己株式取得](3日前)
7476,アズワン,卸売業,7.1,★☆☆☆☆,0.0,0.0,2.0,0.0,0.0,0.0,5.1,0.0,,,0.0,2.2,3.2,-1.8,2237,2389.0,-0.7,1.6,444,開示[自己株式の取得](2日前) / 開示[自己株式の取得](2日前)
1965,テクノ菱和,建設業,7.1,★☆☆☆☆,0.0,0.0,1.0,0.0,4.7,0.0,1.4,0.0,,,0.0,2.4,6.9,1.7,5341,6190.0,9.9,1.4,507,開示[株式分割](4日前)
8316,三井住友フィナンシャルグループ,銀行業,7.1,★☆☆☆☆,0.0,0.0,1.0,0.0,3.2,0.0,2.9,0.0,,,0.0,2.7,3.0,-1.3,6375,6782.0,-0.5,0.7,92719,開示[自己株式の取得](6日前) / 開示[株式分割](6日前)
4238,ミライアル,化学,7.1,★☆☆☆☆,3.4,0.0,0.0,0.0,3.7,0.0,0.0,0.0,,Microchip,-4.4,3.9,4.8,-0.1,1499,1659.0,6.1,0.6,130,Microchip+5.0%連動(β0.28)
5741,ＵＡＣＪ,非鉄金属,7.1,★☆☆☆☆,0.0,0.0,2.0,0.0,2.7,0.0,2.4,0.0,,,0.0,-3.7,5.4,-3.4,2074,2327.0,-1.2,1.7,2063,開示[増配](3日前)
9227,マイクロ波化学,サービス業,7.0,★☆☆☆☆,0.0,0.0,1.0,0.0,6.0,0.0,0.0,0.0,,,0.0,8.7,5.8,5.5,804,910.0,6.2,0.4,387,-
2160,ジーエヌアイグループ,医薬品,7.0,★☆☆☆☆,0.0,0.0,2.0,0.0,5.0,0.0,0.0,0.0,,,0.0,10.5,4.2,7.5,2546,2777.0,12.2,1.2,2132,-
2168,パソナグループ,サービス業,7.0,★☆☆☆☆,0.0,0.0,1.0,0.0,6.0,0.0,0.0,0.0,,,0.0,7.2,2.3,2.7,1526,1599.0,3.1,0.7,309,-
2220,亀田製菓,食料品,7.0,★☆☆☆☆,0.0,0.0,0.0,0.0,7.0,0.0,0.0,0.0,,,0.0,4.0,2.6,3.2,1232,1300.0,2.2,1.2,244,-
5715,古河機械金属,非鉄金属,7.0,★☆☆☆☆,0.0,0.0,1.0,0.0,6.0,0.0,0.0,0.0,,,0.0,11.1,4.7,5.5,3464,3825.0,7.6,0.8,1035,-
6651,日東工業,電気機器,7.0,★☆☆☆☆,0.0,0.0,1.0,0.0,6.0,0.0,0.0,0.0,,,0.0,1.2,3.0,0.7,4212,4480.0,3.0,1.4,434,-
290A,Ｓｙｎｓｐｅｃｔｉｖｅ,情報・通信業,7.0,★☆☆☆☆,0.0,0.0,1.0,0.0,6.0,0.0,0.0,0.0,,,0.0,15.3,5.1,12.5,1214,1353.0,17.9,0.7,1764,-
6332,月島ホールディングス,機械,7.0,★☆☆☆☆,0.0,0.0,1.0,0.0,6.0,0.0,0.0,0.0,,,0.0,4.9,3.0,1.9,2562,2724.0,-0.4,1.5,293,-
6469,放電精密加工研究所,機械,7.0,★☆☆☆☆,0.0,0.0,1.0,0.0,6.0,0.0,0.0,0.0,,,0.0,-3.7,6.1,2.9,2442,2780.0,7.7,0.4,333,-
4588,オンコリスバイオファーマ,医薬品,7.0,★☆☆☆☆,0.0,0.0,1.0,0.0,6.0,0.0,0.0,0.0,,,0.0,15.9,5.8,10.4,2520,2848.0,6.9,1.5,1509,-
7224,新明和工業,輸送用機器,7.0,★☆☆☆☆,0.0,0.0,2.0,0.0,5.0,0.0,0.0,0.0,,,0.0,6.2,2.9,1.2,1900,2019.0,2.3,0.8,367,-
6745,ホーチキ,電気機器,7.0,★☆☆☆☆,0.0,0.0,0.0,0.0,7.0,0.0,0.0,0.0,,,0.0,2.3,4.9,3.3,1841,2040.0,5.7,1.1,399,-
3903,ｇｕｍｉ,情報・通信業,7.0,★☆☆☆☆,0.0,0.0,1.0,0.0,6.0,0.0,0.0,0.0,,,0.0,10.0,3.5,1.9,234,251.0,-0.8,1.1,112,-
6572,オープングループ,サービス業,7.0,★☆☆☆☆,0.0,0.0,4.0,0.0,3.0,0.0,0.0,0.0,,,0.0,18.2,4.4,4.6,224,245.0,6.1,0.6,120,資金流入増 / MA上昇配列
6425,ユニバーサルエンターテインメント,機械,7.0,★☆☆☆☆,0.0,0.0,1.0,0.0,6.0,0.0,0.0,0.0,,,0.0,6.1,3.5,3.1,643,691.0,3.4,1.1,171,-
4393,バンク・オブ・イノベーション,情報・通信業,7.0,★☆☆☆☆,0.0,0.0,1.0,0.0,6.0,0.0,0.0,0.0,,,0.0,5.8,3.1,2.0,4728,5040.0,2.1,1.5,134,-
4381,ビープラッツ,情報・通信業,7.0,★☆☆☆☆,0.0,0.0,4.0,0.0,3.0,0.0,0.0,0.0,,,0.0,74.7,16.4,7.0,268,398.0,40.6,0.4,326,資金流入増 / MA上昇配列
6840,ＡＫＩＢＡホールディングス,電気機器,7.0,★☆☆☆☆,0.0,0.0,2.0,0.0,5.0,0.0,0.0,0.0,,,0.0,11.3,7.3,10.9,655,767.0,10.5,1.1,304,-
150A,ＪＳＨ,サービス業,7.0,★☆☆☆☆,0.0,0.0,4.0,0.0,3.0,0.0,0.0,0.0,,,0.0,35.3,15.4,2.3,327,473.0,11.3,0.1,429,資金流入増 / MA上昇配列
6785,鈴木,電気機器,7.0,★☆☆☆☆,0.0,0.0,0.0,0.0,7.0,0.0,0.0,0.0,,,0.0,0.5,4.1,1.3,2888,3145.0,4.9,0.8,233,-
186A,アストロスケールホールディングス,サービス業,7.0,★☆☆☆☆,0.0,0.0,2.0,0.0,5.0,0.0,0.0,0.0,,,0.0,13.1,5.9,12.2,1063,1205.0,19.1,0.9,4615,-
3491,ＧＡ　ｔｅｃｈｎｏｌｏｇｉｅｓ,不動産業,7.0,★☆☆☆☆,0.0,0.0,1.0,0.0,6.0,0.0,0.0,0.0,,,0.0,11.9,4.0,5.9,1364,1482.0,2.2,0.7,247,-
6794,フォスター電機,電気機器,7.0,★☆☆☆☆,0.0,0.0,0.0,0.0,7.0,0.0,0.0,0.0,,,0.0,4.5,3.6,2.8,2740,2950.0,3.5,1.0,412,-
2975,スター・マイカ・ホールディングス,不動産業,7.0,★☆☆☆☆,0.0,0.0,1.0,0.0,6.0,0.0,0.0,0.0,,,0.0,4.7,2.7,1.7,1466,1550.0,1.9,0.9,237,-
2353,日本駐車場開発,不動産業,6.9,★☆☆☆☆,0.0,0.0,3.0,0.0,2.2,0.0,1.7,0.0,,,0.0,3.4,2.3,-0.3,238,250.0,1.6,0.8,863,資金流入増 / 開示[自己株式の取得](6日前)
7085,カーブスホールディングス,サービス業,6.9,★☆☆☆☆,0.0,0.0,2.0,0.0,3.2,0.0,1.7,0.0,,,0.0,6.1,2.2,-0.5,897,938.0,-2.3,0.8,583,資金流入増 / 開示[自己株式の取得](6日前)
9759,ＮＳＤ,情報・通信業,6.9,★☆☆☆☆,0.0,0.0,1.0,0.0,4.2,0.0,1.7,0.0,,,0.0,6.7,3.3,1.2,2574,2753.0,-2.8,0.9,874,MA上昇配列 / 開示[自己株式の取得](6日前)
4559,ゼリア新薬工業,医薬品,6.9,★☆☆☆☆,0.0,0.0,4.7,0.0,2.2,0.0,0.0,0.0,,,0.0,0.9,2.3,-2.2,1942,2035.0,-2.6,3.4,195,出来高急増3.4倍
4626,太陽ホールディングス,化学,6.9,★☆☆☆☆,0.0,0.0,1.0,0.0,5.0,0.0,0.9,0.0,,,0.0,2.7,1.4,0.5,4701,4841.0,2.5,0.7,2175,開示[業績予想の修正](9日前)
2875,東洋水産,食料品,6.9,★☆☆☆☆,0.0,0.0,0.0,0.0,5.2,0.0,1.7,0.0,,,0.0,2.7,3.5,0.0,9938,10690.0,3.1,1.0,5072,MA上昇配列 / 開示[自己株式の取得](6日前)
3708,特種東海製紙,パルプ・紙,6.800000000000001,★☆☆☆☆,0.0,0.0,1.0,0.0,3.2,0.0,2.6,0.0,,,0.0,7.5,2.6,-0.2,1943,2050.0,-1.7,1.0,154,開示[自己株式の取得](2日前)
6277,ホソカワミクロン,機械,6.800000000000001,★☆☆☆☆,0.0,0.0,0.0,0.0,4.7,0.0,2.1,0.0,,,0.0,9.9,2.8,4.2,4901,5190.0,3.2,0.9,182,開示[業績予想の修正](2日前)
2767,円谷フィールズホールディングス,卸売業,6.800000000000001,★☆☆☆☆,0.0,0.0,5.3,0.0,6.5,0.0,0.0,-5.0,,,0.0,78.7,5.7,40.4,2223,2508.0,4.1,0.7,2723,買い出来高優勢 / 資金流入増 / MA上昇配列 / RSI過熱(91)⚠ / 過熱⚠25MA+40%
5817,ＪＭＡＣＳ,非鉄金属,6.7,★☆☆☆☆,0.0,0.0,2.0,0.0,4.7,0.0,0.0,0.0,,,0.0,28.3,5.6,8.3,888,999.0,8.0,0.5,160,-
5857,ＡＲＥホールディングス,非鉄金属,6.7,★☆☆☆☆,0.0,0.0,2.0,0.0,4.7,0.0,0.0,0.0,,,0.0,20.7,3.5,12.6,3224,3470.0,12.1,0.9,2242,-
8111,ゴールドウイン,繊維製品,6.7,★☆☆☆☆,0.0,0.0,4.7,0.0,0.0,0.0,2.0,0.0,,,0.0,-5.0,3.3,-9.1,1937,2075.0,-9.4,6.8,1211,出来高急増6.8倍 / 開示[業績予想の修正](3日前)
3168,ＭＥＲＦ,卸売業,6.7,★☆☆☆☆,0.0,0.0,2.0,0.0,4.7,0.0,0.0,0.0,,,0.0,22.7,4.2,14.9,1356,1480.0,16.1,0.9,211,-
6656,インスペック,電気機器,6.7,★☆☆☆☆,0.0,0.0,6.7,0.0,0.0,0.0,0.0,0.0,,,0.0,-21.9,10.2,-17.4,722,907.0,-3.9,12.6,162,出来高急増12.6倍
6235,オプトラン,機械,6.7,★☆☆☆☆,4.0,0.0,0.0,0.0,2.7,0.0,0.0,0.0,,Microchip,-4.7,-6.4,7.0,-3.9,2722,3165.0,5.3,0.8,1145,Microchip+5.0%連動(β0.32)
5032,ＡＮＹＣＯＬＯＲ,情報・通信業,6.7,★☆☆☆☆,0.0,0.0,2.0,0.0,4.7,0.0,0.0,0.0,,,0.0,17.1,3.7,7.8,2530,2729.0,4.2,0.6,1382,-
7731,ニコン,精密機器,6.7,★☆☆☆☆,2.7,0.0,3.0,0.0,1.0,0.0,0.0,0.0,,Microchip,-6.1,-3.5,4.8,-5.6,1811,2001.5,4.8,1.8,4064,Microchip+5.0%連動(β0.21)
3663,セルシス,情報・通信業,6.7,★☆☆☆☆,0.0,0.0,1.0,0.0,2.2,0.0,3.5,0.0,,,0.0,-2.2,5.2,-0.7,1676,1869.0,8.5,0.8,607,開示[増配](2日前) / 開示[業績予想の修正](9日前)
9956,バローホールディングス,小売業,6.7,★☆☆☆☆,0.0,0.0,3.0,0.0,3.7,0.0,0.0,0.0,,,0.0,3.3,3.1,-1.3,3041,3245.0,-0.6,0.5,1997,資金流入増
6036,ＫｅｅＰｅｒ技研,サービス業,6.7,★☆☆☆☆,0.0,0.0,0.0,0.0,6.7,0.0,0.0,0.0,,,0.0,0.8,2.2,1.2,2749,2873.0,2.4,0.7,269,MA上昇配列
141A,トライアルホールディングス,小売業,6.7,★☆☆☆☆,0.0,0.0,2.0,0.0,4.7,0.0,0.0,0.0,,,0.0,8.5,2.9,6.0,3076,3265.0,4.3,0.7,1386,-
7186,横浜フィナンシャルグループ,銀行業,6.6,★☆☆☆☆,0.0,0.0,0.0,0.0,4.5,0.0,2.1,0.0,,,0.0,0.7,3.4,-2.3,1715,1839.0,0.0,0.8,6794,開示[自己株式の取得](4日前)
6272,レオン自動機,機械,6.6,★☆☆☆☆,0.0,0.0,1.0,0.0,3.2,0.0,2.4,0.0,,,0.0,3.3,2.1,-0.3,1448,1512.0,-0.5,1.4,100,開示[自己株式取得](3日前)
9755,応用地質,サービス業,6.5,★☆☆☆☆,0.0,0.0,0.0,0.0,6.5,0.0,0.0,0.0,,,0.0,4.9,1.6,0.7,2718,2809.0,0.7,0.8,158,MA上昇配列
4575,キャンバス,医薬品,6.5,★☆☆☆☆,0.0,0.0,1.0,0.0,5.5,0.0,0.0,0.0,,,0.0,17.6,5.3,4.2,673,753.0,2.2,0.5,212,MA上昇配列
3496,アズーム,不動産業,6.5,★☆☆☆☆,0.0,0.0,1.0,0.0,5.5,0.0,0.0,0.0,,,0.0,7.5,2.8,2.0,4349,4610.0,-1.0,0.6,282,MA上昇配列
1762,高松コンストラクショングループ,建設業,6.5,★☆☆☆☆,0.0,0.0,0.0,0.0,6.5,0.0,0.0,0.0,,,0.0,9.6,2.8,3.7,3643,3855.0,3.2,1.0,195,MA上昇配列
2471,エスプール,サービス業,6.5,★☆☆☆☆,0.0,0.0,1.0,0.0,5.5,0.0,0.0,0.0,,,0.0,5.4,2.6,2.3,262,276.0,1.8,0.9,139,MA上昇配列
4481,ベース,情報・通信業,6.5,★☆☆☆☆,0.0,0.0,1.0,0.0,5.5,0.0,0.0,0.0,,,0.0,6.1,2.0,1.0,3033,3160.0,-1.7,0.6,275,MA上昇配列
5019,出光興産,石油・石炭製品,6.5,★☆☆☆☆,0.0,0.0,3.0,0.0,3.5,0.0,0.0,0.0,,,0.0,9.4,2.6,3.6,1252,1321.0,0.8,1.3,4553,-
9974,ベルク,小売業,6.5,★☆☆☆☆,0.0,0.0,0.0,0.0,6.5,0.0,0.0,0.0,,,0.0,1.4,2.5,0.4,6244,6570.0,-1.4,0.9,220,MA上昇配列
7380,十六フィナンシャルグループ,銀行業,6.5,★☆☆☆☆,0.0,0.0,2.0,0.0,4.5,0.0,0.0,0.0,,,0.0,-0.3,4.1,-1.5,2217,2416.0,2.1,0.6,1285,-
6653,正興電機製作所,電気機器,6.5,★☆☆☆☆,2.8,0.0,1.0,0.0,2.7,0.0,0.0,0.0,,Microchip,-1.9,0.6,5.6,-1.4,1943,2190.0,5.5,0.6,423,Microchip+5.0%連動(β0.22)
8185,チヨダ,小売業,6.5,★☆☆☆☆,0.0,0.0,1.0,0.0,5.5,0.0,0.0,0.0,,,0.0,6.0,1.3,2.0,991,1018.0,2.0,0.8,156,MA上昇配列
1379,ホクト,水産・農林業,6.5,★☆☆☆☆,0.0,0.0,3.3,0.0,3.2,0.0,0.0,0.0,,,0.0,3.5,1.8,-0.0,1854,1924.0,-1.4,1.1,156,買い出来高優勢
9509,北海道電力,電気・ガス業,6.5,★☆☆☆☆,0.0,0.0,1.0,0.0,5.5,0.0,0.0,0.0,,,0.0,8.0,2.5,1.8,971,1022.5,-0.3,0.8,2149,MA上昇配列
9503,関西電力,電気・ガス業,6.5,★☆☆☆☆,0.0,0.0,0.0,0.0,6.5,0.0,0.0,0.0,,,0.0,7.3,2.5,1.4,2265,2384.5,-2.3,0.7,7964,MA上昇配列
8219,青山商事,小売業,6.5,★☆☆☆☆,0.0,0.0,0.0,0.0,6.5,0.0,0.0,0.0,,,0.0,5.7,1.9,1.5,708,737.0,-1.7,0.9,452,MA上昇配列
2413,エムスリー,サービス業,6.4,★☆☆☆☆,0.0,0.0,4.7,0.0,0.0,0.0,1.7,0.0,,,0.0,-15.2,6.5,-17.7,1331,1530.0,-14.1,4.9,8065,出来高急増4.9倍 / 開示[自己株式の取得](6日前)
2326,デジタルアーツ,情報・通信業,6.4,★☆☆☆☆,0.0,0.0,0.0,0.0,4.7,0.0,1.7,0.0,,,0.0,19.9,3.3,12.2,4271,4575.0,12.5,1.0,861,開示[自己株式の取得](6日前)
5706,三井金属,非鉄金属,6.4,★☆☆☆☆,0.0,0.0,2.0,0.0,2.7,0.0,1.7,0.0,,,0.0,-5.0,9.0,-1.8,26441,32220.0,4.1,1.5,40011,開示[株式分割](2日前)
6227,ＡＩメカテック,機械,6.4,★☆☆☆☆,0.0,0.0,0.0,0.0,4.7,0.0,1.7,0.0,,,0.0,23.4,9.7,3.4,5607,6960.0,4.8,0.8,10778,開示[受注](2日前)
4078,堺化学工業,化学,6.4,★☆☆☆☆,0.0,0.0,2.0,0.0,2.7,0.0,1.7,0.0,,,0.0,0.9,5.5,-2.9,3529,3965.0,-1.4,2.0,1501,開示[自己株式の取得](6日前)
6027,弁護士ドットコム,サービス業,6.4,★☆☆☆☆,0.0,0.0,0.0,0.0,4.7,0.0,1.7,0.0,,,0.0,5.2,3.5,2.0,2219,2388.0,3.3,0.9,151,開示[自己株式の取得](6日前)
6644,大崎電気工業,電気機器,6.4,★☆☆☆☆,0.0,0.0,1.0,0.0,3.7,0.0,1.7,0.0,,,0.0,3.4,4.0,-0.9,1368,1486.0,-0.8,1.5,378,開示[自己株式の取得](6日前)
6440,ＪＵＫＩ,機械,6.300000000000001,★☆☆☆☆,0.0,0.0,3.3,0.0,6.0,0.0,0.0,-3.0,,,0.0,23.9,4.9,16.6,577,639.0,21.7,1.0,211,買い出来高優勢 / 伸びすぎ注意(25MA+17%)
3104,富士紡ホールディングス,繊維製品,6.300000000000001,★☆☆☆☆,2.6,0.0,1.0,0.0,2.7,0.0,0.0,0.0,,Microchip,-2.8,-2.8,6.9,-4.8,3151,3655.0,5.0,0.7,707,Microchip+5.0%連動(β0.21)
9147,ＮＩＰＰＯＮ　ＥＸＰＲＥＳＳホールディングス,陸運業,6.3,★☆☆☆☆,0.0,0.0,0.0,0.0,2.0,0.0,4.3,0.0,,,0.0,-1.3,2.5,-3.3,4941,5200.0,-1.5,1.0,5742,開示[業績予想の修正](2日前) / 開示[自己株式の取得](4日前)
3397,トリドールホールディングス,小売業,6.2,★☆☆☆☆,0.0,0.0,2.0,0.0,4.2,0.0,0.0,0.0,,,0.0,7.2,3.0,1.3,3934,4189.0,-3.6,0.8,1412,MA上昇配列
2678,アスクル,小売業,6.2,★☆☆☆☆,0.0,0.0,2.0,0.0,4.2,0.0,0.0,0.0,,,0.0,1.8,2.8,0.1,1188,1258.0,-0.3,0.8,568,MA上昇配列
3391,ツルハホールディングス,小売業,6.2,★☆☆☆☆,0.0,0.0,1.0,0.0,5.2,0.0,0.0,0.0,,,0.0,5.4,3.1,1.6,2262,2412.5,-0.5,0.5,3771,MA上昇配列
1414,ショーボンドホールディングス,建設業,6.2,★☆☆☆☆,0.0,0.0,1.0,0.0,5.2,0.0,0.0,0.0,,,0.0,4.7,1.9,0.2,1241,1290.0,-2.5,0.8,1113,MA上昇配列
8367,南都銀行,銀行業,6.2,★☆☆☆☆,0.0,0.0,3.0,0.0,3.2,0.0,0.0,0.0,,,0.0,0.3,3.9,-1.6,1669,1808.0,5.1,0.7,1113,-
9041,近鉄グループホールディングス,陸運業,6.2,★☆☆☆☆,0.0,0.0,0.0,0.0,6.2,0.0,0.0,0.0,,,0.0,4.2,2.2,0.5,3348,3500.0,1.0,1.0,1854,MA上昇配列 / パーフェクトオーダー
9023,東京地下鉄,陸運業,6.2,★☆☆☆☆,0.0,0.0,2.0,0.0,4.2,0.0,0.0,0.0,,,0.0,4.4,2.3,0.5,1402,1469.0,0.8,0.8,3342,MA上昇配列
7611,ハイデイ日高,小売業,6.2,★☆☆☆☆,0.0,0.0,2.0,0.0,4.2,0.0,0.0,0.0,,,0.0,6.4,2.3,1.6,2711,2845.0,-1.2,1.3,618,MA上昇配列
3349,コスモス薬品,小売業,6.2,★☆☆☆☆,0.0,0.0,2.0,0.0,4.2,0.0,0.0,0.0,,,0.0,2.2,3.9,0.2,5951,6455.0,1.1,0.8,3192,MA上昇配列
4554,富士製薬工業,医薬品,6.2,★☆☆☆☆,0.0,0.0,4.7,0.0,1.5,0.0,0.0,0.0,,,0.0,-1.7,2.8,-6.3,1672,1771.0,-4.8,3.6,217,出来高急増3.6倍
5440,共英製鋼,鉄鋼,6.2,★☆☆☆☆,0.0,0.0,0.0,0.0,5.5,0.0,0.7,0.0,,,0.0,8.4,2.5,1.1,1792,1888.0,-2.8,0.8,231,MA上昇配列 / 開示[設備投資](9日前)
2780,コメ兵ホールディングス,小売業,6.2,★☆☆☆☆,0.0,0.0,3.0,0.0,3.2,0.0,0.0,0.0,,,0.0,2.2,3.2,0.8,4866,5200.0,3.0,1.7,271,-
7226,極東開発工業,輸送用機器,6.2,★☆☆☆☆,0.0,0.0,4.0,0.0,2.2,0.0,0.0,0.0,,,0.0,6.8,2.0,1.2,2240,2335.0,-0.8,1.5,480,-
8227,しまむら,小売業,6.2,★☆☆☆☆,0.0,0.0,2.0,0.0,4.2,0.0,0.0,0.0,,,0.0,2.7,2.5,1.0,3247,3419.0,2.1,0.9,2429,MA上昇配列
9716,乃村工藝社,サービス業,6.2,★☆☆☆☆,0.0,0.0,1.0,0.0,5.2,0.0,0.0,0.0,,,0.0,10.7,2.0,0.7,1128,1176.0,0.3,0.8,471,MA上昇配列
7278,エクセディ,輸送用機器,6.2,★☆☆☆☆,0.0,0.0,0.0,0.0,4.5,0.0,1.7,0.0,,,0.0,3.7,1.8,-0.1,5769,5980.0,-1.0,0.7,1147,開示[自己株式の取得](6日前)
7261,マツダ,輸送用機器,6.2,★☆☆☆☆,0.0,0.0,2.0,0.0,4.2,0.0,0.0,0.0,,,0.0,8.8,3.6,1.9,1083,1168.5,-0.7,1.0,9529,MA上昇配列
2908,フジッコ,食料品,6.1000000000000005,★☆☆☆☆,0.0,0.0,0.0,0.0,5.2,0.0,0.9,0.0,,,0.0,3.7,1.8,0.2,1502,1559.0,-2.1,1.0,111,MA上昇配列 / 開示[業績予想の修正](9日前)
1968,太平電業,建設業,6.0,★☆☆☆☆,0.0,0.0,3.3,0.0,2.7,0.0,0.0,0.0,,,0.0,-0.7,3.7,-2.0,2245,2422.0,0.0,2.2,415,出来高増2.2倍
6864,エヌエフホールディングス,電気機器,6.0,★☆☆☆☆,0.0,0.0,1.0,0.0,5.0,0.0,0.0,0.0,,,0.0,2.7,4.5,2.7,1450,1594.0,9.6,1.1,106,-
5367,ニッカトー,ガラス・土石製品,6.0,★☆☆☆☆,0.0,0.0,3.3,0.0,2.7,0.0,0.0,0.0,,,0.0,-3.4,9.3,-1.9,970,1192.0,-3.1,0.4,669,買い出来高優勢
255A,ジーエルテクノホールディングス,精密機器,6.0,★☆☆☆☆,0.0,0.0,3.3,0.0,2.7,0.0,0.0,0.0,,,0.0,-1.8,7.4,-5.0,4699,5520.0,-4.2,2.4,630,出来高増2.4倍
9090,ＡＺ－ＣＯＭ丸和ホールディングス,陸運業,6.0,★☆☆☆☆,0.0,0.0,6.0,0.0,0.0,0.0,0.0,0.0,,,0.0,7.6,3.9,-3.0,780,845.0,-8.3,1.8,545,資金流入増
3692,ＦＦＲＩセキュリティ,情報・通信業,6.0,★☆☆☆☆,0.0,0.0,0.0,0.0,6.0,0.0,0.0,0.0,,,0.0,2.2,3.9,0.5,4800,5210.0,0.4,0.8,421,-
1813,不動テトラ,建設業,6.0,★☆☆☆☆,0.0,0.0,1.0,0.0,5.0,0.0,0.0,0.0,,,0.0,2.2,3.0,-0.3,2547,2710.0,1.0,1.1,247,-
5885,ジーデップ・アドバンス,卸売業,6.0,★☆☆☆☆,0.0,0.0,1.0,0.0,5.0,0.0,0.0,0.0,,,0.0,1.8,4.1,4.3,2686,2929.0,8.3,0.4,197,-
2393,日本ケアサプライ,サービス業,6.0,★☆☆☆☆,0.0,0.0,0.0,0.0,6.0,0.0,0.0,0.0,,,0.0,1.2,5.2,0.2,3721,4155.0,6.8,0.4,119,MA上昇配列 / パーフェクトオーダー
1887,日本国土開発,建設業,6.0,★☆☆☆☆,0.0,0.0,1.0,0.0,5.0,0.0,0.0,0.0,,,0.0,1.3,1.7,0.3,506,524.0,1.6,0.3,267,-
247A,Ａｉロボティクス,化学,6.0,★☆☆☆☆,0.0,0.0,0.0,0.0,6.0,0.0,0.0,0.0,,,0.0,5.0,3.9,1.3,762,827.0,-4.1,0.5,522,-
5892,ｙｕｔｏｒｉ,小売業,6.0,★☆☆☆☆,0.0,0.0,0.0,0.0,6.0,0.0,0.0,0.0,,,0.0,8.5,3.2,4.4,2035,2173.0,2.6,0.6,101,-
8303,ＳＢＩ新生銀行,銀行業,6.0,★☆☆☆☆,0.0,0.0,1.0,0.0,5.0,0.0,0.0,0.0,,,0.0,10.9,3.1,6.2,1456,1551.0,4.0,0.9,5891,-
1833,奥村組,建設業,6.0,★☆☆☆☆,0.0,0.0,0.0,0.0,6.0,0.0,0.0,0.0,,,0.0,4.2,1.8,1.0,5569,5780.0,-0.2,1.2,627,-
6586,マキタ,機械,6.0,★☆☆☆☆,2.8,0.0,1.0,0.0,2.2,0.0,0.0,0.0,,Microchip,-3.3,1.3,3.7,-2.3,5082,5488.0,5.9,0.6,5716,Microchip+5.0%連動(β0.23)
6905,コーセル,電気機器,6.0,★☆☆☆☆,0.0,0.0,0.0,0.0,6.0,0.0,0.0,0.0,,,0.0,1.6,3.5,1.1,1238,1330.0,6.6,0.7,265,-
6648,かわでん,電気機器,6.0,★☆☆☆☆,0.0,0.0,0.0,0.0,6.0,0.0,0.0,0.0,,,0.0,7.4,3.8,6.1,1783,1930.0,10.9,1.2,110,-
6378,木村化工機,機械,6.0,★☆☆☆☆,0.0,0.0,0.0,0.0,6.0,0.0,0.0,0.0,,,0.0,10.3,3.0,3.1,1177,1253.0,3.4,0.7,195,-
7198,ＳＢＩアルヒ,その他金融業,6.0,★☆☆☆☆,0.0,0.0,0.0,0.0,6.0,0.0,0.0,0.0,,,0.0,5.0,1.5,1.6,795,819.0,0.5,0.8,110,-
4894,クオリプス,医薬品,6.0,★☆☆☆☆,0.0,0.0,0.0,0.0,6.0,0.0,0.0,0.0,,,0.0,11.6,6.8,9.4,4324,5010.0,11.7,0.5,637,-
6994,指月電機製作所,電気機器,6.0,★☆☆☆☆,0.0,0.0,1.0,0.0,5.0,0.0,0.0,0.0,,,0.0,3.0,7.5,2.4,947,1114.0,7.6,0.9,409,-
5821,平河ヒューテック,非鉄金属,6.0,★☆☆☆☆,0.0,0.0,1.0,0.0,5.0,0.0,0.0,0.0,,,0.0,5.0,5.1,2.9,3006,3345.0,4.7,1.4,266,-
5724,アサカ理研,非鉄金属,6.0,★☆☆☆☆,0.0,0.0,1.0,0.0,5.0,0.0,0.0,0.0,,,0.0,2.5,5.0,0.3,2173,2414.0,2.3,1.4,101,-
7981,タカラスタンダード,その他製品,5.9,★☆☆☆☆,0.0,0.0,1.0,0.0,3.2,0.0,1.7,0.0,,,0.0,3.5,2.7,-0.9,2902,3065.0,1.5,0.6,497,開示[自己株式の取得](6日前)
8255,アクシアル　リテイリング,小売業,5.9,★☆☆☆☆,0.0,0.0,1.0,0.0,3.2,0.0,1.7,0.0,,,0.0,3.6,3.1,-1.1,1116,1189.0,-6.2,0.9,269,開示[自己株式の取得](6日前)
9006,京浜急行電鉄,陸運業,5.9,★☆☆☆☆,0.0,0.0,2.0,0.0,2.0,0.0,1.9,0.0,,,0.0,0.6,2.6,-3.6,1427,1505.0,-3.3,1.2,1479,開示[自己株式の取得](5日前)
4063,信越化学工業,化学,5.9,★☆☆☆☆,5.9,0.0,0.0,0.0,0.0,0.0,0.0,0.0,,Coherent,-2.3,-9.6,4.4,-8.6,5578,6116.0,5.4,0.7,57449,Coherent+17.1%連動(β0.14)
9301,三菱倉庫,倉庫・運輸関連業,5.9,★☆☆☆☆,0.0,0.0,2.0,0.0,2.0,0.0,1.9,0.0,,,0.0,-2.0,2.8,-3.1,1445,1530.0,-4.6,1.4,1666,開示[自己株式の取得](5日前)
9404,日本テレビホールディングス,情報・通信業,5.9,★☆☆☆☆,0.0,0.0,0.0,0.0,4.2,0.0,1.7,0.0,,,0.0,3.5,3.2,0.9,2732,2920.5,0.2,1.2,1517,MA上昇配列 / 開示[自己株式の取得](6日前)
4047,関東電化工業,化学,5.800000000000001,★☆☆☆☆,3.1,0.0,0.0,0.0,2.7,0.0,0.0,0.0,,Microchip,-1.2,-4.3,7.0,-1.9,2446,2846.0,6.6,1.1,1660,Microchip+5.0%連動(β0.25)
7970,信越ポリマー,化学,5.8,★☆☆☆☆,2.8,0.0,2.0,0.0,1.0,0.0,0.0,0.0,,Microchip,-3.7,-2.2,3.9,-3.4,2088,2264.0,5.6,0.6,714,Microchip+5.0%連動(β0.22) / 資金流入増
1938,日本リーテック,建設業,5.8,★☆☆☆☆,0.0,0.0,4.3,0.0,1.5,0.0,0.0,0.0,,,0.0,-4.2,3.5,-5.9,2209,2374.0,-2.0,2.5,270,出来高増2.5倍
590A,ギフティグループ,情報・通信業,5.7,★☆☆☆☆,0.0,0.0,1.0,0.0,4.7,0.0,0.0,0.0,,,0.0,11.1,3.2,6.0,1035,1105.0,5.0,0.6,209,-
3558,ジェイドグループ,小売業,5.7,★☆☆☆☆,0.0,0.0,1.0,0.0,4.7,0.0,0.0,0.0,,,0.0,8.4,2.7,2.3,1584,1676.0,1.7,0.4,176,-
4480,メドレー,情報・通信業,5.7,★☆☆☆☆,0.0,0.0,1.0,0.0,4.7,0.0,0.0,0.0,,,0.0,6.3,3.7,1.5,1936,2090.0,2.0,0.8,321,-
5076,インフロニア・ホールディングス,建設業,5.7,★☆☆☆☆,0.0,0.0,4.7,0.0,1.0,0.0,0.0,0.0,,,0.0,-7.0,3.2,-4.5,2445,2613.5,0.6,3.2,4865,出来高急増3.2倍
5334,日本特殊陶業,ガラス・土石製品,5.7,★☆☆☆☆,0.0,0.0,0.0,0.0,5.0,0.0,0.7,0.0,,,0.0,-3.0,3.7,-0.5,9119,9837.0,4.5,0.7,12127,開示[株式分割](9日前)
9960,東テク,卸売業,5.7,★☆☆☆☆,0.0,0.0,2.0,0.0,3.7,0.0,0.0,0.0,,,0.0,-3.9,3.9,-3.1,3618,3925.0,1.4,1.9,341,-
7911,ＴＯＰＰＡＮホールディングス,その他製品,5.7,★☆☆☆☆,0.0,0.0,0.0,0.0,4.0,0.0,1.7,0.0,,,0.0,-7.3,4.0,-2.6,4322,4698.0,3.8,0.6,7516,開示[自己株式の取得](6日前)
5992,中央発條,金属製品,5.7,★☆☆☆☆,0.0,0.0,2.0,0.0,3.7,0.0,0.0,0.0,,,0.0,1.4,3.6,-1.3,3422,3690.0,0.1,0.6,304,資金流入増
6584,三櫻工業,輸送用機器,5.7,★☆☆☆☆,3.0,0.0,0.0,0.0,2.7,0.0,0.0,0.0,,Microchip,-1.1,0.6,4.4,-1.3,756,829.0,2.0,0.9,540,Microchip+5.0%連動(β0.24)
6328,荏原実業,機械,5.7,★☆☆☆☆,0.0,0.0,5.7,0.0,0.0,0.0,0.0,0.0,,,0.0,-6.4,4.0,-8.8,2012,2188.0,-9.0,4.2,257,出来高急増4.2倍
3046,ジンズホールディングス,小売業,5.7,★☆☆☆☆,0.0,0.0,3.0,0.0,2.7,0.0,0.0,0.0,,,0.0,-19.5,4.7,-9.8,5637,6220.0,-2.5,1.5,2849,-
6433,ヒーハイスト,機械,5.7,★☆☆☆☆,0.0,0.0,3.0,0.0,2.7,0.0,0.0,0.0,,,0.0,-2.5,8.2,-4.2,789,945.0,5.9,1.6,162,-
5702,大紀アルミニウム工業所,非鉄金属,5.699999999999999,★☆☆☆☆,0.0,0.0,3.0,0.0,5.7,0.0,0.0,-3.0,,,0.0,25.2,3.7,18.0,1663,1797.0,21.3,1.3,602,伸びすぎ注意(25MA+18%)
7259,アイシン,輸送用機器,5.6,★☆☆☆☆,0.0,0.0,2.0,0.0,1.2,0.0,2.4,0.0,,,0.0,1.8,3.5,-1.9,2099,2258.0,1.6,0.7,5445,開示[自己株式の取得](3日前)
325A,ＴＥＮＴＩＡＬ,繊維製品,5.6,★☆☆☆☆,0.0,0.0,3.0,0.0,0.0,0.0,2.6,0.0,,,0.0,8.5,5.7,-3.1,1317,1488.0,-2.2,0.3,743,資金流入増 / 開示[自己株式の取得](2日前)
1926,ライト工業,建設業,5.6,★☆☆☆☆,0.0,0.0,2.0,0.0,2.2,0.0,1.4,0.0,,,0.0,-2.0,2.8,-1.4,3621,3835.0,1.6,1.9,709,開示[株式分割](4日前)
4763,クリーク・アンド・リバー社,サービス業,5.6,★☆☆☆☆,0.0,0.0,2.0,0.0,3.0,0.0,0.6,0.0,,,0.0,11.0,2.1,0.0,1377,1439.0,-0.3,0.4,106,資金流入増 / MA上昇配列 / 開示[子会社化](10日前)
3844,コムチュア,情報・通信業,5.5,★☆☆☆☆,0.0,0.0,0.0,0.0,5.5,0.0,0.0,0.0,,,0.0,9.2,2.1,3.1,1368,1427.0,-0.2,0.9,249,MA上昇配列
4088,エア・ウォーター,化学,5.5,★☆☆☆☆,0.0,0.0,2.0,0.0,3.5,0.0,0.0,0.0,,,0.0,1.2,3.2,-0.7,2410,2576.0,2.3,1.0,2527,-
7483,ドウシシャ,卸売業,5.5,★☆☆☆☆,0.0,0.0,1.0,0.0,4.5,0.0,0.0,0.0,,,0.0,5.5,1.9,1.2,2880,2995.0,0.2,0.9,212,-
4216,旭有機材,化学,5.5,★☆☆☆☆,2.8,0.0,0.0,0.0,2.7,0.0,0.0,0.0,,Microchip,-2.5,-6.5,4.8,-5.0,5443,6020.0,-1.0,0.8,424,Microchip+5.0%連動(β0.22)
1929,日特建設,建設業,5.5,★☆☆☆☆,0.0,0.0,0.0,0.0,5.5,0.0,0.0,0.0,,,0.0,4.6,1.9,0.2,1092,1135.0,-0.7,1.0,114,MA上昇配列
3923,ラクス,情報・通信業,5.5,★☆☆☆☆,0.0,0.0,0.0,0.0,5.5,0.0,0.0,0.0,,,0.0,5.4,4.2,2.4,965,1052.5,-0.7,1.1,1907,MA上昇配列
7148,ＦＰＧ,証券、商品先物取引業,5.5,★☆☆☆☆,0.0,0.0,0.0,0.0,5.5,0.0,0.0,0.0,,,0.0,7.1,3.0,0.8,1518,1614.0,-5.7,0.9,934,MA上昇配列
4617,中国塗料,化学,5.5,★☆☆☆☆,0.0,0.0,0.0,0.0,5.5,0.0,0.0,0.0,,,0.0,8.5,3.8,2.2,3433,3715.0,3.6,0.5,1075,MA上昇配列
6925,ウシオ電機,電気機器,5.5,★☆☆☆☆,2.8,0.0,0.0,0.0,2.7,0.0,0.0,0.0,,Microchip,-3.7,-3.5,5.9,-2.9,3514,3982.0,5.2,1.0,1915,Microchip+5.0%連動(β0.23)
8337,千葉興業銀行,銀行業,5.5,★☆☆☆☆,0.0,0.0,1.0,0.0,4.5,0.0,0.0,0.0,,,0.0,-1.3,4.0,-2.8,2370,2575.0,-1.4,1.3,354,-
3302,帝国繊維,繊維製品,5.5,★☆☆☆☆,0.0,0.0,1.0,0.0,4.5,0.0,0.0,0.0,,,0.0,1.8,2.8,-0.0,3174,3360.0,-1.8,1.2,218,-
2982,ＡＤワークスグループ,不動産業,5.5,★☆☆☆☆,0.0,0.0,3.3,0.0,2.2,0.0,0.0,0.0,,,0.0,5.2,2.6,-1.9,379,400.0,-2.4,2.1,137,出来高増2.1倍
7994,オカムラ,その他製品,5.5,★☆☆☆☆,0.0,0.0,1.0,0.0,4.5,0.0,0.0,0.0,,,0.0,5.9,1.8,1.1,2236,2320.0,-0.9,0.7,755,-
3626,ＴＩＳＩ,情報・通信業,5.5,★☆☆☆☆,0.0,0.0,0.0,0.0,5.5,0.0,0.0,0.0,,,0.0,10.0,3.5,3.9,3443,3704.0,-2.0,0.6,3903,MA上昇配列
5949,ユニプレス,輸送用機器,5.5,★☆☆☆☆,0.0,0.0,3.3,0.0,2.2,0.0,0.0,0.0,,,0.0,6.5,2.7,-0.3,1215,1285.0,-3.8,2.4,199,出来高増2.4倍
5210,日本山村硝子,ガラス・土石製品,5.5,★☆☆☆☆,0.0,0.0,0.0,0.0,5.5,0.0,0.0,0.0,,,0.0,3.2,2.3,0.3,2685,2812.0,1.8,0.6,137,MA上昇配列
1407,ウエストホールディングス,建設業,5.5,★☆☆☆☆,0.0,0.0,2.0,0.0,3.5,0.0,0.0,0.0,,,0.0,21.1,6.5,4.9,2330,2681.0,6.0,0.4,2053,-
5333,ＮＧＫ,ガラス・土石製品,5.4,★☆☆☆☆,5.4,0.0,0.0,0.0,0.0,0.0,0.0,0.0,,Coherent,0.1,-16.8,6.2,-9.7,4941,5642.0,0.9,0.8,11652,Coherent+17.1%連動(β0.12)
9543,静岡ガス,電気・ガス業,5.300000000000001,★☆☆☆☆,0.0,0.0,2.0,0.0,1.2,0.0,2.1,0.0,,,0.0,1.9,1.9,-0.8,1189,1237.0,-1.9,1.7,223,開示[増配](4日前)
3856,Ａｂａｌａｎｃｅ,電気機器,5.3,★☆☆☆☆,0.0,0.0,5.3,0.0,0.0,0.0,0.0,0.0,,,0.0,-30.2,10.7,-28.2,268,341.0,-33.1,2.4,126,出来高増2.4倍 / 資金流入増
7138,ＴＯＲＩＣＯ,小売業,5.3,★☆☆☆☆,0.0,0.0,5.3,0.0,0.0,0.0,0.0,0.0,,,0.0,-4.4,9.0,-9.4,100,122.0,-1.6,0.1,249,買い出来高優勢 / 資金流入増
543A,ＡＲＣＨＩＯＮ,輸送用機器,5.3,★☆☆☆☆,0.0,0.0,5.3,0.0,0.0,0.0,0.0,0.0,,,0.0,-5.7,5.6,-4.7,246,277.0,3.7,2.3,7912,出来高増2.3倍 / 資金流入増
4819,デジタルガレージ,情報・通信業,5.2,★☆☆☆☆,0.0,0.0,1.0,0.0,4.2,0.0,0.0,0.0,,,0.0,15.5,3.8,3.4,2164,2341.0,-2.9,0.5,669,MA上昇配列
5253,カバー,情報・通信業,5.2,★☆☆☆☆,0.0,0.0,1.0,0.0,4.2,0.0,0.0,0.0,,,0.0,3.2,8.0,2.8,1372,1632.0,11.8,0.5,3837,MA上昇配列
8804,東京建物,不動産業,5.2,★☆☆☆☆,0.0,0.0,1.0,0.0,4.2,0.0,0.0,0.0,,,0.0,5.3,2.7,0.8,3247,3432.0,1.3,1.4,3339,MA上昇配列
2587,サントリービバレッジ＆フード,食料品,5.2,★☆☆☆☆,0.0,0.0,0.0,0.0,5.2,0.0,0.0,0.0,,,0.0,4.2,2.8,0.1,4390,4650.0,1.1,1.2,5541,MA上昇配列
3193,エターナルホスピタリティグループ,小売業,5.2,★☆☆☆☆,0.0,0.0,1.0,0.0,4.2,0.0,0.0,0.0,,,0.0,7.4,2.9,3.1,1370,1454.0,5.5,0.7,295,MA上昇配列
1928,積水ハウス,建設業,5.2,★☆☆☆☆,0.0,0.0,2.0,0.0,3.2,0.0,0.0,0.0,,,0.0,3.7,2.1,-0.9,3283,3427.0,-1.7,0.6,10630,-
4568,第一三共,医薬品,5.2,★☆☆☆☆,0.0,0.0,1.0,0.0,4.2,0.0,0.0,0.0,,,0.0,3.8,3.5,1.0,2558,2752.0,7.2,1.0,18710,MA上昇配列
9887,松屋フーズホールディングス,小売業,5.2,★☆☆☆☆,0.0,0.0,1.0,0.0,4.2,0.0,0.0,0.0,,,0.0,5.2,2.6,0.6,4739,5000.0,-0.2,1.0,319,MA上昇配列
9842,アークランズ,小売業,5.2,★☆☆☆☆,0.0,0.0,2.0,0.0,3.2,0.0,0.0,0.0,,,0.0,4.0,2.4,-0.1,1801,1893.0,-1.1,1.2,634,資金流入増
3612,ワールド,繊維製品,5.2,★☆☆☆☆,0.0,0.0,2.0,0.0,3.2,0.0,0.0,0.0,,,0.0,2.8,1.5,-0.5,1558,1606.0,0.1,1.6,408,-
8584,ジャックス,その他金融業,5.2,★☆☆☆☆,0.0,0.0,1.0,0.0,4.2,0.0,0.0,0.0,,,0.0,5.6,2.2,0.9,3579,3745.0,0.0,1.2,442,MA上昇配列
8200,リンガーハット,小売業,5.2,★☆☆☆☆,0.0,0.0,2.0,0.0,3.2,0.0,0.0,0.0,,,0.0,6.3,2.6,-0.2,2170,2289.0,-2.2,0.6,406,-
7180,九州フィナンシャルグループ,銀行業,5.2,★☆☆☆☆,0.0,0.0,2.0,0.0,3.2,0.0,0.0,0.0,,,0.0,0.4,3.7,-2.8,1380,1489.5,0.3,1.8,2000,-
8848,レオパレス２１,不動産業,5.2,★☆☆☆☆,0.0,0.0,0.0,0.0,5.2,0.0,0.0,0.0,,,0.0,4.4,2.2,0.9,644,674.0,-0.4,0.7,683,MA上昇配列
9418,Ｕ－ＮＥＸＴ　ＨＯＬＤＩＮＧＳ,情報・通信業,5.2,★☆☆☆☆,0.0,0.0,1.0,0.0,4.2,0.0,0.0,0.0,,,0.0,2.7,2.6,0.6,1632,1720.0,0.5,0.9,1103,MA上昇配列
4681,リゾートトラスト,サービス業,5.2,★☆☆☆☆,0.0,0.0,0.0,0.0,5.2,0.0,0.0,0.0,,,0.0,4.0,2.5,0.3,1672,1758.5,-1.7,0.8,747,MA上昇配列
9425,ＲｅＹｕｕ　Ｊａｐａｎ,情報・通信業,5.2,★☆☆☆☆,0.0,0.0,2.0,0.0,2.5,0.0,0.7,0.0,,,0.0,-7.6,8.1,-2.9,174,208.0,10.6,1.7,146,開示[子会社化](9日前)
2053,中部飼料,食料品,5.2,★☆☆☆☆,0.0,0.0,2.0,0.0,3.2,0.0,0.0,0.0,,,0.0,2.2,2.0,-1.3,1823,1898.0,0.4,0.8,120,-
4816,東映アニメーション,情報・通信業,5.2,★☆☆☆☆,0.0,0.0,1.0,0.0,4.2,0.0,0.0,0.0,,,0.0,11.1,4.8,4.6,2613,2888.0,-1.7,1.2,1304,MA上昇配列
4725,ＣＡＣ　Ｈｏｌｄｉｎｇｓ,情報・通信業,5.2,★☆☆☆☆,0.0,0.0,0.0,0.0,5.2,0.0,0.0,0.0,,,0.0,4.6,1.4,0.7,1790,1841.0,-0.5,0.9,101,MA上昇配列
6101,ツガミ,機械,5.1,★☆☆☆☆,3.2,0.0,0.0,0.0,0.0,0.0,1.9,0.0,,Microchip,-0.3,-19.0,8.4,-14.5,4833,5810.0,-3.3,0.9,3802,Microchip+5.0%連動(β0.26) / 開示[自己株式の取得](5日前)
2533,オエノンホールディングス,食料品,5.1,★☆☆☆☆,0.0,0.0,4.0,0.0,0.0,0.0,1.1,0.0,,,0.0,-8.9,4.5,-9.4,407,447.0,-8.8,1.7,129,資金流入増 / 開示[自己株式の取得](9日前)
4021,日産化学,化学,5.1,★☆☆☆☆,0.0,0.0,1.0,0.0,2.2,0.0,1.9,0.0,,,0.0,-5.0,3.6,-4.4,6953,7495.0,-0.1,1.3,5136,開示[自己株式の取得](5日前)
9065,山九,陸運業,5.1,★☆☆☆☆,0.0,0.0,1.0,0.0,2.2,0.0,1.9,0.0,,,0.0,0.5,2.9,-4.5,8058,8549.0,-9.7,1.5,2108,開示[自己株式の取得](5日前)
3288,オープンハウスグループ,不動産業,5.1,★☆☆☆☆,0.0,0.0,0.0,0.0,1.2,0.0,3.9,0.0,,,0.0,1.2,2.2,-0.5,8136,8506.0,-0.0,1.2,2005,開示[業績予想の修正](2日前) / 開示[自己株式の取得](6日前)
4577,ダイト,医薬品,5.0,★☆☆☆☆,0.0,0.0,1.0,0.0,4.0,0.0,0.0,0.0,,,0.0,5.5,2.3,0.5,1216,1276.0,1.8,0.9,108,MA上昇配列
6255,エヌ・ピー・シー,機械,5.0,★☆☆☆☆,0.0,0.0,0.0,0.0,5.0,0.0,0.0,0.0,,,0.0,2.6,5.9,3.6,606,687.0,4.7,0.4,224,-
4499,Ｓｐｅｅｅ,情報・通信業,5.0,★☆☆☆☆,0.0,0.0,0.0,0.0,5.0,0.0,0.0,0.0,,,0.0,5.6,4.2,3.4,2083,2275.0,3.6,0.4,189,-
2325,ＮＪＳ,サービス業,5.0,★☆☆☆☆,0.0,0.0,0.0,0.0,5.0,0.0,0.0,0.0,,,0.0,5.6,2.4,1.1,4260,4475.0,0.8,0.6,117,-
3741,セック,情報・通信業,5.0,★☆☆☆☆,0.0,0.0,0.0,0.0,5.0,0.0,0.0,0.0,,,0.0,3.8,3.3,2.2,2877,3080.0,4.0,0.5,278,-
7921,ＴＡＫＡＲＡ　＆　ＣＯＭＰＡＮＹ,その他製品,5.0,★☆☆☆☆,0.0,0.0,1.0,0.0,4.0,0.0,0.0,0.0,,,0.0,2.7,3.2,0.9,3949,4220.0,-0.9,0.3,226,MA上昇配列
6145,ＮＩＴＴＯＫＵ,機械,5.0,★☆☆☆☆,0.0,0.0,0.0,0.0,5.0,0.0,0.0,0.0,,,0.0,0.4,4.2,0.9,2506,2737.0,4.5,0.7,301,-
9551,メタウォーター,電気・ガス業,5.0,★☆☆☆☆,0.0,0.0,0.0,0.0,5.0,0.0,0.0,0.0,,,0.0,2.1,3.6,0.8,2996,3225.0,4.5,1.0,482,-
8715,アニコム　ホールディングス,保険業,5.0,★☆☆☆☆,0.0,0.0,1.0,0.0,4.0,0.0,0.0,0.0,,,0.0,0.8,2.6,-0.5,1150,1212.0,0.7,1.3,346,-
1964,中外炉工業,建設業,5.0,★☆☆☆☆,0.0,0.0,1.0,0.0,4.0,0.0,0.0,0.0,,,0.0,2.0,3.5,-0.6,3681,3955.0,2.3,0.5,251,-
2153,Ｅ・Ｊホールディングス,サービス業,5.0,★☆☆☆☆,0.0,0.0,0.0,0.0,5.0,0.0,0.0,0.0,,,0.0,7.0,1.4,0.8,1696,1744.0,-0.1,0.5,112,MA上昇配列
7779,ＣＹＢＥＲＤＹＮＥ,精密機器,5.0,★☆☆☆☆,0.0,0.0,0.0,0.0,5.0,0.0,0.0,0.0,,,0.0,4.5,3.3,1.4,214,229.0,4.6,0.8,272,-
3810,サイバーステップホールディングス,情報・通信業,5.0,★☆☆☆☆,0.0,0.0,0.0,0.0,5.0,0.0,0.0,0.0,,,0.0,0.5,6.2,3.6,159,182.0,18.2,0.9,267,-
5563,新日本電工,鉄鋼,5.0,★☆☆☆☆,0.0,0.0,0.0,0.0,5.0,0.0,0.0,0.0,,,0.0,8.2,4.8,2.7,394,436.0,1.9,0.8,417,-
2585,ライフドリンク　カンパニー,食料品,5.0,★☆☆☆☆,0.0,0.0,0.0,0.0,5.0,0.0,0.0,0.0,,,0.0,1.9,3.8,1.8,1399,1513.0,4.6,0.6,779,-
4259,エクサウィザーズ,情報・通信業,5.0,★☆☆☆☆,0.0,0.0,0.0,0.0,5.0,0.0,0.0,0.0,,,0.0,-2.5,4.2,0.6,765,836.0,7.6,0.7,1266,-
4107,伊勢化学工業,化学,5.0,★☆☆☆☆,0.0,0.0,0.0,0.0,5.0,0.0,0.0,0.0,,,0.0,1.9,4.2,1.2,3376,3685.0,9.0,0.7,782,-
7600,日本エム・ディ・エム,精密機器,5.0,★☆☆☆☆,0.0,0.0,0.0,0.0,5.0,0.0,0.0,0.0,,,0.0,8.4,4.7,0.7,833,920.0,6.7,0.6,282,MA上昇配列 / パーフェクトオーダー
7409,ＡｅｒｏＥｄｇｅ,輸送用機器,5.0,★☆☆☆☆,0.0,0.0,0.0,0.0,5.0,0.0,0.0,0.0,,,0.0,5.0,5.9,2.2,1423,1615.0,3.3,0.8,271,-
6666,リバーエレテック,電気機器,5.0,★☆☆☆☆,0.0,0.0,0.0,0.0,5.0,0.0,0.0,0.0,,,0.0,6.7,7.5,4.0,692,813.0,4.6,0.3,133,-
6993,大黒屋ホールディングス,小売業,5.0,★☆☆☆☆,0.0,0.0,2.0,0.0,6.0,0.0,0.0,-3.0,,,0.0,22.9,7.0,16.7,89,103.0,14.4,1.2,1058,伸びすぎ注意(25MA+17%)
8242,エイチ・ツー・オー　リテイリング,小売業,4.9,★☆☆☆☆,0.0,0.0,0.0,0.0,3.2,0.0,1.7,0.0,,,0.0,1.4,3.4,-1.7,2601,2791.0,-2.5,0.8,1285,開示[自己株式の取得](6日前)
6013,タクマ,機械,4.9,★☆☆☆☆,0.0,0.0,2.0,0.0,1.0,0.0,1.9,0.0,,,0.0,-4.3,3.2,-6.9,3001,3205.0,-5.5,2.0,726,開示[自己株式の取得](5日前)
2810,ハウス食品グループ本社,食料品,4.9,★☆☆☆☆,0.0,0.0,1.0,0.0,2.0,0.0,1.9,0.0,,,0.0,0.1,2.8,-2.9,3553,3763.0,-2.8,1.1,1071,開示[自己株式の取得](5日前)
2282,日本ハム,食料品,4.9,★☆☆☆☆,0.0,0.0,1.0,0.0,2.2,0.0,1.7,0.0,,,0.0,1.4,3.2,-1.8,5723,6110.0,-2.2,1.0,3995,開示[自己株式の取得](6日前)
6779,日本電波工業,電気機器,4.800000000000001,★☆☆☆☆,0.0,0.0,0.0,0.0,2.7,0.0,2.1,0.0,,,0.0,-7.6,8.4,-4.6,2328,2797.0,9.0,1.0,2821,開示[業績予想の修正](2日前)
4620,藤倉化成,化学,4.8,★☆☆☆☆,0.0,0.0,3.3,0.0,1.5,0.0,0.0,0.0,,,0.0,-8.1,5.2,-7.0,781,871.0,0.8,2.2,122,出来高増2.2倍
2579,コカ・コーラ　ボトラーズジャパンホールディングス,食料品,4.8,★☆☆☆☆,0.0,0.0,1.0,0.0,1.0,0.0,2.8,0.0,,,0.0,-1.3,4.7,-4.9,3627,4004.0,4.6,1.1,4355,開示[自己株式の取得](5日前) / 開示[自己株式取得](10日前)
3837,アドソル日進,情報・通信業,4.7,★☆☆☆☆,0.0,0.0,4.7,0.0,0.0,0.0,0.0,0.0,,,0.0,-3.4,3.2,-5.7,1310,1399.0,-7.6,3.5,141,出来高急増3.5倍
1952,新日本空調,建設業,4.7,★☆☆☆☆,0.0,0.0,4.7,0.0,0.0,0.0,0.0,0.0,,,0.0,-13.2,5.6,-12.7,2684,3020.0,-6.8,4.7,760,出来高急増4.7倍
7760,ＩＭＶ,精密機器,4.7,★☆☆☆☆,0.0,0.0,4.7,0.0,0.0,0.0,0.0,0.0,,,0.0,-21.4,9.9,-19.9,1562,1945.0,-16.1,5.9,295,出来高急増5.9倍
2216,カンロ,食料品,4.7,★☆☆☆☆,0.0,0.0,1.0,0.0,0.0,0.0,3.7,0.0,,,0.0,-2.4,4.1,-4.9,1021,1112.0,1.1,0.6,142,開示[自己株式の取得](6日前) / 開示[業績予想の修正](9日前)
3825,リミックスポイント,小売業,4.7,★☆☆☆☆,0.0,0.0,0.0,0.0,4.7,0.0,0.0,0.0,,,0.0,8.3,3.7,2.0,188,203.0,3.6,0.6,157,-
6823,リオン,電気機器,4.7,★☆☆☆☆,0.0,0.0,0.0,0.0,4.7,0.0,0.0,0.0,,,0.0,1.9,3.6,0.1,3204,3450.0,3.6,0.8,268,-
9401,ＴＢＳホールディングス,情報・通信業,4.7,★☆☆☆☆,0.0,0.0,2.0,0.0,1.0,0.0,1.7,0.0,,,0.0,-6.9,2.5,-6.3,5545,5833.0,-3.3,1.6,1970,開示[自己株式の取得](6日前)
7238,曙ブレーキ工業,輸送用機器,4.7,★☆☆☆☆,0.0,0.0,2.0,0.0,2.7,0.0,0.0,0.0,,,0.0,3.2,3.7,-2.2,99,107.0,-2.7,1.6,219,-
6544,ジャパンエレベーターサービスホールディングス,サービス業,4.7,★☆☆☆☆,0.0,0.0,4.7,0.0,0.0,0.0,0.0,0.0,,,0.0,-17.0,3.7,-13.9,1377,1486.0,-12.2,4.6,1041,出来高急増4.6倍
1941,中電工,建設業,4.7,★☆☆☆☆,0.0,0.0,1.0,0.0,3.7,0.0,0.0,0.0,,,0.0,-0.7,2.6,-2.2,4746,5010.0,1.0,1.4,401,-
9424,日本通信,情報・通信業,4.7,★☆☆☆☆,0.0,0.0,4.7,0.0,0.0,0.0,0.0,0.0,,,0.0,-1.3,3.4,-6.3,99,106.0,-7.0,3.3,183,出来高急増3.3倍
8174,日本瓦斯,小売業,4.7,★☆☆☆☆,0.0,0.0,2.0,0.0,1.0,0.0,1.7,0.0,,,0.0,-0.8,2.3,-2.9,2652,2782.0,-2.4,1.0,726,開示[自己株式の取得](6日前)
1835,東鉄工業,建設業,4.7,★☆☆☆☆,0.0,0.0,4.7,0.0,0.0,0.0,0.0,0.0,,,0.0,-3.6,2.5,-5.4,3740,3935.0,-5.7,3.4,329,出来高急増3.4倍
5288,アジアパイルホールディングス,ガラス・土石製品,4.7,★☆☆☆☆,0.0,0.0,0.0,0.0,4.7,0.0,0.0,0.0,,,0.0,4.6,2.3,0.2,1438,1508.0,1.3,0.8,227,-
6849,日本光電工業,電気機器,4.7,★☆☆☆☆,0.0,0.0,4.7,0.0,0.0,0.0,0.0,0.0,,,0.0,-1.2,3.5,-7.1,1334,1434.5,-9.8,3.6,1195,出来高急増3.6倍
6877,ＯＢＡＲＡ　ＧＲＯＵＰ,電気機器,4.7,★☆☆☆☆,0.0,0.0,1.0,0.0,3.7,0.0,0.0,0.0,,,0.0,-1.3,4.9,-1.7,5237,5810.0,1.0,1.3,331,-
7972,イトーキ,その他製品,4.7,★☆☆☆☆,0.0,0.0,4.7,0.0,0.0,0.0,0.0,0.0,,,0.0,-7.2,4.2,-10.2,2338,2553.0,-13.2,5.0,636,出来高急増5.0倍
9270,バリュエンスホールディングス,卸売業,4.7,★☆☆☆☆,0.0,0.0,2.0,0.0,2.7,0.0,0.0,0.0,,,0.0,-4.0,4.5,-1.2,1801,1981.0,7.7,0.3,279,資金流入増
3480,ジェイ・エス・ビー,不動産業,4.7,★☆☆☆☆,0.0,0.0,0.0,0.0,4.7,0.0,0.0,0.0,,,0.0,2.9,1.2,-0.3,8756,8970.0,0.1,0.5,420,52週高値目前
9072,ニッコンホールディングス,陸運業,4.7,★☆☆☆☆,0.0,0.0,1.0,0.0,3.7,0.0,0.0,0.0,,,0.0,1.2,2.8,0.9,5042,5338.0,5.8,1.4,1085,-
6858,小野測器,電気機器,4.7,★☆☆☆☆,0.0,0.0,1.0,0.0,3.7,0.0,0.0,0.0,,,0.0,-0.8,4.4,-2.1,761,834.0,4.6,0.2,141,-
3299,ムゲンエステート,不動産業,4.7,★☆☆☆☆,0.0,0.0,4.7,0.0,0.0,0.0,0.0,0.0,,,0.0,-8.6,3.4,-11.6,1593,1708.0,-12.0,6.1,301,出来高急増6.1倍
5989,エイチワン,金属製品,4.7,★☆☆☆☆,0.0,0.0,4.7,0.0,0.0,0.0,0.0,0.0,,,0.0,-7.9,3.7,-9.5,1314,1418.0,-8.2,10.1,279,出来高急増10.1倍
1979,大氣社,建設業,4.6,★☆☆☆☆,0.0,0.0,2.0,0.0,0.0,0.0,2.6,0.0,,,0.0,-9.6,4.1,-10.0,3719,4055.0,-4.3,1.7,1361,開示[自己株式の取得](2日前)
8153,モスフードサービス,卸売業,4.6,★☆☆☆☆,0.0,0.0,1.0,0.0,2.2,0.0,1.4,0.0,,,0.0,1.6,2.5,-1.5,3556,3740.0,-3.0,1.4,347,開示[子会社化](9日前) / 開示[子会社化](9日前)
9005,東急,陸運業,4.6,★☆☆☆☆,0.0,0.0,1.0,0.0,1.0,0.0,2.6,0.0,,,0.0,0.7,2.4,-3.7,1590,1670.0,-4.4,1.3,4143,開示[自己株式の取得](2日前)
3482,ロードスターキャピタル,不動産業,4.5,★☆☆☆☆,0.0,0.0,3.3,0.0,1.2,0.0,0.0,0.0,,,0.0,0.0,2.6,-3.7,2465,2601.0,-3.9,2.2,381,出来高増2.2倍
9672,東京都競馬,サービス業,4.5,★☆☆☆☆,0.0,0.0,0.0,0.0,4.5,0.0,0.0,0.0,,,0.0,6.7,1.9,1.7,4810,5000.0,-0.6,0.6,491,-
6380,オリエンタルチエン工業,機械,4.5,★☆☆☆☆,0.0,0.0,3.0,0.0,1.5,0.0,0.0,0.0,,,0.0,-11.2,7.9,-7.3,3136,3720.0,1.8,0.3,110,資金流入増
4424,Ａｍａｚｉａ,情報・通信業,4.5,★☆☆☆☆,0.0,0.0,2.0,0.0,2.5,0.0,0.0,0.0,,,0.0,10.4,18.4,-3.0,215,339.0,-10.6,0.1,649,資金流入増
256A,飛島ホールディングス,建設業,4.5,★☆☆☆☆,0.0,0.0,3.3,0.0,1.2,0.0,0.0,0.0,,,0.0,2.7,2.1,-1.0,1939,2023.0,-2.2,2.3,393,出来高増2.3倍
1911,住友林業,建設業,4.300000000000001,★☆☆☆☆,0.0,0.0,1.0,0.0,1.2,0.0,2.1,0.0,,,0.0,5.1,2.4,-0.2,1281,1347.0,-0.0,1.3,4600,開示[業績予想の修正](2日前)
4536,参天製薬,医薬品,4.3,★☆☆☆☆,0.0,0.0,3.3,0.0,1.0,0.0,0.0,0.0,,,0.0,-7.8,3.0,-4.8,1819,1933.0,2.6,2.2,2320,出来高増2.2倍
276A,ククレブ・アドバイザーズ,不動産業,4.3,★☆☆☆☆,0.0,0.0,4.3,0.0,0.0,0.0,0.0,0.0,,,0.0,4.5,5.0,-2.8,3061,3400.0,-2.2,0.4,200,買い出来高優勢
2201,森永製菓,食料品,4.3,★☆☆☆☆,0.0,0.0,3.3,0.0,1.0,0.0,0.0,0.0,,,0.0,-1.8,2.7,-3.5,2433,2572.5,-2.6,2.1,842,出来高増2.1倍
1950,日本電設工業,建設業,4.3,★☆☆☆☆,0.0,0.0,0.0,0.0,1.5,0.0,2.8,0.0,,,0.0,-5.5,3.9,-5.3,3553,3855.0,-4.6,1.1,539,開示[自己株式の取得](6日前) / 開示[自己株式の取得](9日前)
8850,スターツコーポレーション,不動産業,4.3,★☆☆☆☆,0.0,0.0,3.3,0.0,1.0,0.0,0.0,0.0,,,0.0,-0.2,2.3,-2.8,4388,4595.0,-3.4,2.0,309,出来高増2.0倍
4553,東和薬品,医薬品,4.3,★☆☆☆☆,0.0,0.0,3.3,0.0,1.0,0.0,0.0,0.0,,,0.0,2.2,3.3,-3.0,3686,3950.0,-1.4,2.3,482,出来高増2.3倍
7917,ＺＡＣＲＯＳ,化学,4.3,★☆☆☆☆,0.0,0.0,3.3,0.0,1.0,0.0,0.0,0.0,,,0.0,1.5,4.2,-6.1,1172,1278.0,-5.8,2.3,247,出来高増2.3倍
7860,エイベックス,情報・通信業,4.3,★☆☆☆☆,0.0,0.0,4.3,0.0,0.0,0.0,0.0,0.0,,,0.0,1.5,2.4,-2.7,1176,1236.0,-6.4,2.1,243,出来高増2.1倍
2154,オープンアップグループ,サービス業,4.2,★☆☆☆☆,0.0,0.0,1.0,0.0,3.2,0.0,0.0,0.0,,,0.0,4.5,2.2,-0.7,1882,1967.0,-2.3,1.1,335,-
8914,エリアリンク,不動産業,4.2,★☆☆☆☆,0.0,0.0,3.0,0.0,1.2,0.0,0.0,0.0,,,0.0,7.1,4.8,-0.3,813,900.0,-9.7,0.8,147,-
2281,プリマハム,食料品,4.2,★☆☆☆☆,0.0,0.0,2.0,0.0,2.2,0.0,0.0,0.0,,,0.0,1.8,2.5,-1.9,2261,2382.0,-4.0,0.9,394,-
2002,日清製粉グループ本社,食料品,4.2,★☆☆☆☆,0.0,0.0,1.0,0.0,3.2,0.0,0.0,0.0,,,0.0,1.5,2.8,-1.4,1890,2001.0,-0.6,1.2,1673,-
7630,壱番屋,小売業,4.2,★☆☆☆☆,0.0,0.0,0.0,0.0,4.2,0.0,0.0,0.0,,,0.0,4.1,2.5,0.1,871,917.0,-1.8,1.1,417,MA上昇配列
3291,飯田グループホールディングス,不動産業,4.2,★☆☆☆☆,0.0,0.0,2.0,0.0,2.2,0.0,0.0,0.0,,,0.0,4.1,2.1,-0.3,2143,2239.5,-2.2,1.0,1241,-
9009,京成電鉄,陸運業,4.2,★☆☆☆☆,0.0,0.0,0.0,0.0,4.2,0.0,0.0,0.0,,,0.0,7.6,2.9,2.1,1212,1287.5,0.6,0.8,2292,MA上昇配列
8537,大光銀行,銀行業,4.2,★☆☆☆☆,0.0,0.0,2.0,0.0,2.2,0.0,0.0,0.0,,,0.0,3.3,3.5,-1.4,2507,2695.0,4.0,0.3,130,-
3148,クリエイトＳＤホールディングス,小売業,4.2,★☆☆☆☆,0.0,0.0,1.0,0.0,3.2,0.0,0.0,0.0,,,0.0,2.1,2.3,-1.6,3134,3285.0,-1.4,0.8,432,-
7988,ニフコ,化学,4.2,★☆☆☆☆,0.0,0.0,1.0,0.0,3.2,0.0,0.0,0.0,,,0.0,3.8,2.9,-0.7,4774,5073.0,-2.6,0.9,1607,-
4743,アイティフォー,情報・通信業,4.2,★☆☆☆☆,0.0,0.0,1.0,0.0,3.2,0.0,0.0,0.0,,,0.0,2.2,2.0,-0.1,1618,1685.0,-2.1,0.8,115,-
4694,ビー・エム・エル,サービス業,4.2,★☆☆☆☆,0.0,0.0,2.0,0.0,2.2,0.0,0.0,0.0,,,0.0,1.2,2.3,-0.4,3428,3590.0,0.1,1.5,296,-
3245,ディア・ライフ,不動産業,4.2,★☆☆☆☆,0.0,0.0,0.0,0.0,4.2,0.0,0.0,0.0,,,0.0,5.3,1.7,0.8,1052,1089.0,-0.2,0.9,278,MA上昇配列
4165,プレイド,情報・通信業,4.2,★☆☆☆☆,0.0,0.0,0.0,0.0,4.2,0.0,0.0,0.0,,,0.0,11.3,4.0,3.0,538,585.0,1.2,0.5,172,MA上昇配列
3989,シェアリングテクノロジー,情報・通信業,4.2,★☆☆☆☆,0.0,0.0,1.0,0.0,3.2,0.0,0.0,0.0,,,0.0,2.7,3.2,-0.5,1308,1396.0,4.2,0.8,238,-
3765,ガンホー・オンライン・エンターテイメント,情報・通信業,4.2,★☆☆☆☆,0.0,0.0,0.0,0.0,4.2,0.0,0.0,0.0,,,0.0,4.7,2.8,0.5,2255,2390.0,-1.3,1.0,622,MA上昇配列
3769,ＧＭＯペイメントゲートウェイ,情報・通信業,4.2,★☆☆☆☆,0.0,0.0,0.0,0.0,4.2,0.0,0.0,0.0,,,0.0,7.7,3.1,2.6,9433,10060.0,1.8,0.8,2031,MA上昇配列
9068,丸全昭和運輸,陸運業,4.2,★☆☆☆☆,0.0,0.0,1.0,0.0,3.2,0.0,0.0,0.0,,,0.0,6.0,2.1,0.4,7304,7630.0,-1.2,1.1,221,-
9044,ＮＡＮＫＡＩ,陸運業,4.2,★☆☆☆☆,0.0,0.0,2.0,0.0,2.2,0.0,0.0,0.0,,,0.0,-0.1,3.2,-2.8,2687,2872.0,-4.0,0.6,793,-
8934,サンフロンティア不動産,不動産業,4.2,★☆☆☆☆,0.0,0.0,2.0,0.0,2.2,0.0,0.0,0.0,,,0.0,1.3,2.1,-1.8,2353,2458.0,-2.0,1.4,293,-
2296,伊藤ハム米久ホールディングス,食料品,4.2,★☆☆☆☆,0.0,0.0,2.0,0.0,2.2,0.0,0.0,0.0,,,0.0,4.5,2.2,1.0,4715,4935.0,0.6,0.8,761,-
417A,ブルーゾーンホールディングス,小売業,4.2,★☆☆☆☆,0.0,0.0,1.0,0.0,3.2,0.0,0.0,0.0,,,0.0,2.3,2.6,-0.3,1671,1761.5,-1.5,1.4,513,-
3222,ユナイテッド・スーパーマーケット・ホールディングス,小売業,4.2,★☆☆☆☆,0.0,0.0,3.0,0.0,1.2,0.0,0.0,0.0,,,0.0,1.3,2.2,-0.6,777,812.0,-1.2,1.6,376,-
4972,綜研化学,化学,4.2,★☆☆☆☆,0.0,0.0,2.0,0.0,2.2,0.0,0.0,0.0,,,0.0,-1.3,6.9,-1.7,2881,3345.0,8.3,0.7,427,-
4506,住友ファーマ,医薬品,4.0,★☆☆☆☆,0.0,0.0,0.0,0.0,4.0,0.0,0.0,0.0,,,0.0,-6.4,3.8,-3.1,1195,1295.0,3.8,0.7,5781,-
9142,九州旅客鉄道,陸運業,4.0,★☆☆☆☆,0.0,0.0,3.0,0.0,1.0,0.0,0.0,0.0,,,0.0,-0.1,2.5,-3.8,3287,3462.0,-3.7,1.0,2801,-
9064,ヤマトホールディングス,陸運業,4.0,★☆☆☆☆,0.0,0.0,4.0,0.0,0.0,0.0,0.0,0.0,,,0.0,2.3,3.4,-3.2,1804,1935.5,-6.5,1.2,2957,-
7966,リンテック,その他製品,4.0,★☆☆☆☆,0.0,0.0,3.0,0.0,1.0,0.0,0.0,0.0,,,0.0,-3.7,6.1,-6.9,5324,6070.0,-2.1,1.7,2659,-
7818,トランザクション,その他製品,4.0,★☆☆☆☆,0.0,0.0,3.0,0.0,1.0,0.0,0.0,0.0,,,0.0,-13.1,3.3,-8.7,1099,1175.0,-2.1,1.6,225,-
9831,ヤマダホールディングス,小売業,4.0,★☆☆☆☆,0.0,0.0,3.0,0.0,1.0,0.0,0.0,0.0,,,0.0,5.2,3.6,-2.5,626,674.2000122070312,-5.5,1.1,3953,-
135A,ＶＲＡＩＮ　Ｓｏｌｕｔｉｏｎ,情報・通信業,4.0,★☆☆☆☆,0.0,0.0,0.0,0.0,4.0,0.0,0.0,0.0,,,0.0,-5.6,4.8,-1.6,3492,3860.0,4.7,0.6,344,-
6366,千代田化工建設,建設業,4.0,★☆☆☆☆,0.0,0.0,0.0,0.0,4.0,0.0,0.0,0.0,,,0.0,1.6,5.2,-0.6,610,681.0,3.3,0.7,1856,-
6838,多摩川ホールディングス,電気機器,4.0,★☆☆☆☆,0.0,0.0,0.0,0.0,4.0,0.0,0.0,0.0,,,0.0,-2.6,6.2,-0.3,1259,1437.0,11.4,0.8,352,-
9031,西日本鉄道,陸運業,4.0,★☆☆☆☆,0.0,0.0,2.0,0.0,2.0,0.0,0.0,0.0,,,0.0,3.0,2.7,-2.3,2832,2993.0,-4.1,1.2,624,-
5644,メタルアート,鉄鋼,4.0,★☆☆☆☆,0.0,0.0,0.0,0.0,2.0,0.0,2.0,0.0,,,0.0,-2.6,2.4,-4.4,6867,7210.0,-0.6,0.3,231,開示[業績予想の修正](3日前)
9409,テレビ朝日ホールディングス,情報・通信業,4.0,★☆☆☆☆,0.0,0.0,3.0,0.0,1.0,0.0,0.0,0.0,,,0.0,-1.2,2.4,-2.8,2924,3070.0,-2.1,1.5,614,-
1963,日揮ホールディングス,建設業,4.0,★☆☆☆☆,0.0,0.0,0.0,0.0,4.0,0.0,0.0,0.0,,,0.0,1.0,3.4,-1.4,2132,2285.0,1.1,1.0,3706,-
9039,サカイ引越センター,陸運業,4.0,★☆☆☆☆,0.0,0.0,2.0,0.0,2.0,0.0,0.0,0.0,,,0.0,2.7,1.9,-1.6,2787,2898.0,-2.7,0.9,200,-
7868,広済堂ホールディングス,その他製品,4.0,★☆☆☆☆,0.0,0.0,0.0,0.0,4.0,0.0,0.0,0.0,,,0.0,-1.8,2.7,-2.0,493,522.0,3.4,0.8,294,-
6072,地盤ネットホールディングス,サービス業,4.0,★☆☆☆☆,0.0,0.0,0.0,0.0,4.0,0.0,0.0,0.0,,,0.0,-4.4,6.0,-2.8,813,924.0,-0.9,0.7,537,-
7419,ノジマ,小売業,3.9000000000000004,★☆☆☆☆,0.0,0.0,0.0,0.0,2.2,0.0,1.7,0.0,,,0.0,1.6,3.9,-2.5,1217,1321.0,1.2,0.7,1295,開示[自己株式の取得](6日前)
6419,マースグループホールディングス,機械,3.9000000000000004,★☆☆☆☆,0.0,0.0,0.0,0.0,2.2,0.0,1.7,0.0,,,0.0,4.1,2.0,-0.1,2997,3120.0,-0.6,0.6,210,開示[自己株式の取得](6日前)
7270,ＳＵＢＡＲＵ,輸送用機器,3.9000000000000004,★☆☆☆☆,0.0,0.0,1.0,0.0,1.2,0.0,1.7,0.0,,,0.0,6.3,3.8,-0.5,2371,2567.5,-5.5,1.0,12200,開示[自己株式の取得](6日前)
3191,ジョイフル本田,小売業,3.9000000000000004,★☆☆☆☆,0.0,0.0,0.0,0.0,2.2,0.0,1.7,0.0,,,0.0,3.8,3.6,-2.1,2096,2260.0,-9.3,0.8,560,開示[増配](6日前)
9882,イエローハット,卸売業,3.9,★☆☆☆☆,0.0,0.0,0.0,0.0,2.0,0.0,1.9,0.0,,,0.0,-1.3,2.2,-3.3,1668,1745.0,-3.5,0.9,363,開示[自己株式の取得](5日前)
9531,東京瓦斯,電気・ガス業,3.9,★☆☆☆☆,0.0,0.0,2.0,0.0,0.0,0.0,1.9,0.0,,,0.0,1.1,2.3,-2.3,5692,5966.0,-4.1,1.7,6723,開示[自己株式の取得](5日前)
4042,東ソー,化学,3.8000000000000003,★☆☆☆☆,0.0,0.0,0.0,0.0,2.2,0.0,1.6,0.0,,,0.0,3.7,3.0,-0.8,2560,2722.0,0.4,0.7,4158,開示[業績予想の修正](5日前)
1885,東亜建設工業,建設業,3.7,★☆☆☆☆,0.0,0.0,1.0,0.0,2.7,0.0,0.0,0.0,,,0.0,1.4,3.6,-2.0,1869,2012.0,-1.2,1.3,825,-
9412,スカパーＪＳＡＴ,情報・通信業,3.7,★☆☆☆☆,0.0,0.0,1.0,0.0,2.7,0.0,0.0,0.0,,,0.0,-6.2,5.2,-0.8,2091,2335.0,11.1,1.4,6041,-
6104,芝浦機械,機械,3.7,★☆☆☆☆,2.7,0.0,0.0,0.0,1.0,0.0,0.0,0.0,,Microchip,-3.7,-6.4,5.1,-8.1,3718,4140.0,0.4,0.7,914,Microchip+5.0%連動(β0.21)
5842,インテグラル,証券、商品先物取引業,3.7,★☆☆☆☆,0.0,0.0,1.0,0.0,2.7,0.0,0.0,0.0,,,0.0,2.3,3.6,-2.1,2605,2805.0,-4.3,0.7,243,-
1663,Ｋ＆Ｏエナジーグループ,鉱業,3.7,★☆☆☆☆,0.0,0.0,1.0,0.0,2.7,0.0,0.0,0.0,,,0.0,1.5,2.3,-1.6,1719,1800.0,-1.3,0.8,373,-
1434,ＪＥＳＣＯホールディングス,建設業,3.7,★☆☆☆☆,0.0,0.0,1.0,0.0,2.7,0.0,0.0,0.0,,,0.0,-2.6,3.7,-3.1,1586,1711.0,0.4,0.3,165,-
5074,テスホールディングス,建設業,3.7,★☆☆☆☆,0.0,0.0,0.0,0.0,3.7,0.0,0.0,0.0,,,0.0,1.4,7.2,1.4,659,770.0,13.6,0.6,1892,-
4973,日本高純度化学,化学,3.7,★☆☆☆☆,0.0,0.0,1.0,0.0,2.7,0.0,0.0,0.0,,,0.0,-4.3,5.8,-3.1,4108,4645.0,8.4,0.4,744,-
7912,大日本印刷,その他製品,3.7,★☆☆☆☆,0.0,0.0,0.0,0.0,2.0,0.0,1.7,0.0,,,0.0,-0.4,2.7,-1.7,2867,3030.0,3.7,0.8,4926,開示[自己株式の取得](6日前)
1946,トーエネック,建設業,3.7,★☆☆☆☆,0.0,0.0,0.0,0.0,3.7,0.0,0.0,0.0,,,0.0,-3.6,3.9,-2.5,1903,2063.0,0.6,0.9,427,-
1893,五洋建設,建設業,3.7,★☆☆☆☆,0.0,0.0,1.0,0.0,2.7,0.0,0.0,0.0,,,0.0,-5.1,4.0,-5.2,1378,1499.5,-0.6,1.4,2778,-
3101,東洋紡,化学,3.7,★☆☆☆☆,0.0,0.0,0.0,0.0,3.7,0.0,0.0,0.0,,,0.0,-4.6,5.2,-2.6,1450,1617.0,6.4,1.1,1267,-
6632,ＪＶＣケンウッド,電気機器,3.7,★☆☆☆☆,0.0,0.0,2.0,0.0,0.0,0.0,1.7,0.0,,,0.0,-6.8,4.6,-10.3,899,991.0999755859375,-12.6,1.3,1376,開示[自己株式取得](6日前)
3151,バイタルケーエスケー・ホールディングス,卸売業,3.7,★☆☆☆☆,0.0,0.0,0.0,0.0,2.0,0.0,1.7,0.0,,,0.0,4.5,2.8,-1.9,1497,1586.0,-5.4,0.9,138,開示[自己株式の取得](6日前)
3186,ネクステージ,小売業,3.7,★☆☆☆☆,0.0,0.0,0.0,0.0,3.7,0.0,0.0,0.0,,,0.0,-0.9,4.0,-1.7,3183,3460.0,3.3,0.8,2141,-
4587,ペプチドリーム,医薬品,3.7,★☆☆☆☆,0.0,0.0,0.0,0.0,3.7,0.0,0.0,0.0,,,0.0,-0.4,3.1,0.7,925,986.2999877929688,4.1,0.9,806,-
7564,ワークマン,小売業,3.7,★☆☆☆☆,0.0,0.0,0.0,0.0,3.7,0.0,0.0,0.0,,,0.0,6.7,3.0,3.9,5794,6160.0,4.9,1.1,2652,-
9369,キユーソー流通システム,倉庫・運輸関連業,3.7,★☆☆☆☆,0.0,0.0,0.0,0.0,3.7,0.0,0.0,0.0,,,0.0,-7.0,3.0,-3.3,2779,2955.0,1.9,0.7,157,-
4825,ウェザーニューズ,情報・通信業,3.7,★☆☆☆☆,0.0,0.0,0.0,0.0,3.7,0.0,0.0,0.0,,,0.0,-2.0,1.8,-1.5,1893,1962.0,-2.6,0.7,447,-
3915,テラスカイ,情報・通信業,3.7,★☆☆☆☆,0.0,0.0,0.0,0.0,3.7,0.0,0.0,0.0,,,0.0,-3.3,4.3,0.2,2029,2218.0,6.7,0.8,434,-
1723,日本電技,建設業,3.7,★☆☆☆☆,0.0,0.0,1.0,0.0,2.7,0.0,0.0,0.0,,,0.0,-1.9,7.8,-2.1,1856,2199.0,4.2,0.5,601,-
2432,ディー・エヌ・エー,情報・通信業,3.7,★☆☆☆☆,0.0,0.0,1.0,0.0,2.7,0.0,0.0,0.0,,,0.0,-0.3,2.3,-1.2,2349,2462.0,-0.4,1.4,2506,-
6331,三菱化工機,機械,3.6,★☆☆☆☆,0.0,0.0,0.0,0.0,2.7,0.0,0.9,0.0,,,0.0,-4.7,4.5,-4.8,2927,3215.0,1.9,1.0,734,開示[業績予想の修正](9日前)
9532,大阪瓦斯,電気・ガス業,3.5999999999999996,★☆☆☆☆,0.0,0.0,0.0,0.0,1.2,0.0,2.4,0.0,,,0.0,3.0,2.4,-0.5,5156,5410.0,-1.9,1.1,5227,開示[自己株式の取得](3日前)
9416,ビジョン,情報・通信業,3.5,★☆☆☆☆,0.0,0.0,0.0,0.0,3.5,0.0,0.0,0.0,,,0.0,3.8,1.8,0.2,980,1016.0,-1.6,1.0,303,-
4592,サンバイオ,医薬品,3.5,★☆☆☆☆,0.0,0.0,1.0,0.0,2.5,0.0,0.0,0.0,,,0.0,2.7,4.4,0.6,904,992.0,7.9,0.9,734,-
7173,東京きらぼしフィナンシャルグループ,銀行業,3.5,★☆☆☆☆,0.0,0.0,0.0,0.0,3.5,0.0,0.0,0.0,,,0.0,2.4,3.7,-0.8,1598,1725.0,1.3,0.7,2400,-
3905,データセクション,情報・通信業,3.5,★☆☆☆☆,0.0,0.0,2.0,0.0,1.5,0.0,0.0,0.0,,,0.0,-32.2,10.8,-23.5,1483,1892.0,-11.3,1.6,5437,-
5332,ＴＯＴＯ,ガラス・土石製品,3.4,★☆☆☆☆,3.4,0.0,0.0,0.0,0.0,0.0,0.0,0.0,,Skyworks,-3.7,-17.0,5.3,-12.8,5792,6483.0,-7.5,0.7,9963,Skyworks+5.7%連動(β0.24)
1447,ＳＡＡＦホールディングス,建設業,3.4,★☆☆☆☆,0.0,0.0,2.0,0.0,0.0,0.0,1.4,0.0,,,0.0,-5.1,6.5,-5.1,309,355.0,-5.1,0.1,162,開示[買収](6日前)
3395,サンマルクホールディングス,小売業,3.3,★☆☆☆☆,0.0,0.0,3.3,0.0,0.0,0.0,0.0,0.0,,,0.0,-5.1,2.6,-7.5,2228,2350.0,-8.4,2.5,240,出来高増2.5倍
4043,トクヤマ,化学,3.3,★☆☆☆☆,3.3,0.0,0.0,0.0,0.0,0.0,0.0,0.0,,Albemarle,-2.5,-9.0,4.9,-8.9,3627,4025.0,6.1,1.0,3597,Albemarle+8.5%連動(β0.15)
6458,新晃工業,機械,3.3,★☆☆☆☆,0.0,0.0,3.3,0.0,0.0,0.0,0.0,0.0,,,0.0,-1.4,1.6,-3.5,1164,1204.0,-1.6,2.4,258,出来高増2.4倍
5216,倉元製作所,ガラス・土石製品,3.3,★☆☆☆☆,0.0,0.0,3.3,0.0,0.0,0.0,0.0,0.0,,,0.0,8.7,4.6,-3.3,139,153.0,-3.2,0.3,125,買い出来高優勢
7701,島津製作所,精密機器,3.3,★☆☆☆☆,0.0,0.0,3.3,0.0,0.0,0.0,0.0,0.0,,,0.0,5.1,2.8,-1.1,3850,4078.0,-0.4,2.5,4263,出来高増2.5倍
1802,大林組,建設業,3.3,★☆☆☆☆,0.0,0.0,3.3,0.0,0.0,0.0,0.0,0.0,,,0.0,-3.6,3.1,-6.2,2841,3030.0,-4.2,2.3,7988,出来高増2.3倍
4307,野村総合研究所,情報・通信業,3.2,★☆☆☆☆,0.0,0.0,2.0,0.0,1.2,0.0,0.0,0.0,,,0.0,-0.0,4.8,-2.9,4390,4859.0,3.7,0.9,16194,-
4676,フジ・メディア・ホールディングス,情報・通信業,3.2,★☆☆☆☆,0.0,0.0,0.0,0.0,3.2,0.0,0.0,0.0,,,0.0,2.6,2.8,-0.8,3825,4054.0,1.8,0.8,2330,-
8803,平和不動産,不動産業,3.2,★☆☆☆☆,0.0,0.0,0.0,0.0,3.2,0.0,0.0,0.0,,,0.0,1.2,1.5,-1.7,2246,2314.0,-1.7,1.1,444,-
2060,フィード・ワン,食料品,3.2,★☆☆☆☆,0.0,0.0,0.0,0.0,3.2,0.0,0.0,0.0,,,0.0,3.9,2.1,-0.5,1219,1273.0,-0.9,1.0,101,-
1898,世紀東急工業,建設業,3.2,★☆☆☆☆,0.0,0.0,1.0,0.0,2.2,0.0,0.0,0.0,,,0.0,1.1,1.5,-1.6,1405,1447.0,-3.7,1.4,257,-
8572,アコム,その他金融業,3.2,★☆☆☆☆,0.0,0.0,0.0,0.0,3.2,0.0,0.0,0.0,,,0.0,3.1,1.9,-0.1,465,483.20001220703125,1.4,1.1,661,-
8818,京阪神ビルディング,不動産業,3.2,★☆☆☆☆,0.0,0.0,1.0,0.0,2.2,0.0,0.0,0.0,,,0.0,-4.4,3.1,-4.5,996,1062.0,-7.6,0.7,419,-
4967,小林製薬,化学,3.2,★☆☆☆☆,0.0,0.0,2.0,0.0,1.2,0.0,0.0,0.0,,,0.0,-0.7,2.4,-1.9,5210,5473.0,-2.1,1.9,1336,-
2317,システナ,情報・通信業,3.2,★☆☆☆☆,0.0,0.0,2.0,0.0,1.2,0.0,0.0,0.0,,,0.0,2.7,3.1,-0.7,396,422.0,0.5,0.8,545,-
1925,大和ハウス工業,建設業,3.2,★☆☆☆☆,0.0,0.0,1.0,0.0,2.2,0.0,0.0,0.0,,,0.0,4.6,2.2,-0.5,4383,4587.0,-1.9,1.5,10028,-
3591,ワコールホールディングス,繊維製品,3.2,★☆☆☆☆,0.0,0.0,1.0,0.0,2.2,0.0,0.0,0.0,,,0.0,3.0,2.2,0.2,4266,4458.0,1.3,1.4,396,-
9832,オートバックスセブン,卸売業,3.2,★☆☆☆☆,0.0,0.0,1.0,0.0,2.2,0.0,0.0,0.0,,,0.0,3.7,1.6,-0.3,1457,1506.0,-3.2,0.7,368,-
3093,トレジャー・ファクトリー,小売業,3.2,★☆☆☆☆,0.0,0.0,1.0,0.0,2.2,0.0,0.0,0.0,,,0.0,-6.8,3.4,-4.8,1886,2025.0,-3.3,0.8,396,-
8361,大垣共立銀行,銀行業,3.2,★☆☆☆☆,0.0,0.0,0.0,0.0,3.2,0.0,0.0,0.0,,,0.0,-2.6,4.8,-1.9,6841,7560.0,4.9,0.7,1498,-
7182,ゆうちょ銀行,銀行業,3.2,★☆☆☆☆,0.0,0.0,0.0,0.0,3.2,0.0,0.0,0.0,,,0.0,0.1,3.3,-2.3,2977,3188.0,2.5,0.8,22514,-
1860,戸田建設,建設業,3.2,★☆☆☆☆,0.0,0.0,1.0,0.0,2.2,0.0,0.0,0.0,,,0.0,-3.1,2.3,-2.6,1420,1489.5,-0.1,1.3,1510,-
9946,ミニストップ,小売業,3.2,★☆☆☆☆,0.0,0.0,1.0,0.0,2.2,0.0,0.0,0.0,,,0.0,3.0,1.4,-0.7,1775,1827.0,-2.5,1.0,119,-
8267,イオン,小売業,3.2,★☆☆☆☆,0.0,0.0,1.0,0.0,2.2,0.0,0.0,0.0,,,0.0,1.5,3.4,0.2,1295,1391.0,2.0,0.9,14781,-
8923,トーセイ,不動産業,3.2,★☆☆☆☆,0.0,0.0,0.0,0.0,3.2,0.0,0.0,0.0,,,0.0,4.5,2.6,-0.8,1670,1762.0,-3.1,0.7,497,-
2292,Ｓ　Ｆｏｏｄｓ,食料品,3.2,★☆☆☆☆,0.0,0.0,1.0,0.0,2.2,0.0,0.0,0.0,,,0.0,2.1,2.0,-0.7,2620,2728.0,-0.8,0.8,540,-
4784,ＧＭＯインターネット,サービス業,3.2,★☆☆☆☆,0.0,0.0,1.0,0.0,2.2,0.0,0.0,0.0,,,0.0,11.5,4.1,1.5,488,532.0,-5.0,0.5,1052,-
4521,科研製薬,医薬品,3.2,★☆☆☆☆,0.0,0.0,0.0,0.0,3.2,0.0,0.0,0.0,,,0.0,5.0,1.8,1.2,3763,3900.0,2.8,1.1,525,-
1976,明星工業,建設業,3.2,★☆☆☆☆,0.0,0.0,1.0,0.0,2.2,0.0,0.0,0.0,,,0.0,3.4,3.8,-2.6,1699,1840.0,-9.7,0.7,205,-
7599,ＩＤＯＭ,卸売業,3.2,★☆☆☆☆,0.0,0.0,1.0,0.0,2.2,0.0,0.0,0.0,,,0.0,-5.5,2.0,-3.0,1239,1291.0,0.5,0.5,1429,-
7421,カッパ・クリエイト,小売業,3.2,★☆☆☆☆,0.0,0.0,1.0,0.0,2.2,0.0,0.0,0.0,,,0.0,4.5,2.5,-0.4,1473,1552.0,-4.7,0.9,157,-
7389,あいちフィナンシャルグループ,銀行業,3.2,★☆☆☆☆,0.0,0.0,1.0,0.0,2.2,0.0,0.0,0.0,,,0.0,11.6,5.0,-2.0,1459,1622.0,-6.6,0.9,1712,-
8366,滋賀銀行,銀行業,3.2,★☆☆☆☆,0.0,0.0,1.0,0.0,2.2,0.0,0.0,0.0,,,0.0,-8.5,4.8,-3.9,2309,2553.0,6.4,0.7,3507,-
4935,リベルタ,化学,3.2,★☆☆☆☆,0.0,0.0,2.0,0.0,1.2,0.0,0.0,0.0,,,0.0,-21.1,12.3,-17.3,184,244.0,4.7,0.4,1190,資金流入増
9533,東邦瓦斯,電気・ガス業,3.1,★☆☆☆☆,0.0,0.0,1.0,0.0,0.0,0.0,2.1,0.0,,,0.0,-4.1,2.7,-5.5,1069,1128.5,-2.8,1.2,1089,開示[自己株式の取得](4日前)
6088,シグマクシス・ホールディングス,サービス業,3.1,★☆☆☆☆,0.0,0.0,1.0,0.0,0.0,0.0,2.1,0.0,,,0.0,-6.7,4.3,-10.3,470,514.0,-13.9,1.4,298,開示[自己株式の取得](4日前)
6902,デンソー,輸送用機器,3.1,★☆☆☆☆,0.0,0.0,1.0,0.0,1.2,0.0,0.9,0.0,,,0.0,3.2,3.3,-2.7,1802,1929.5,-1.9,0.7,17235,開示[業績予想の修正](9日前)
6183,ベルシステム２４ホールディングス,サービス業,3.0,★☆☆☆☆,0.0,0.0,2.0,0.0,1.0,0.0,0.0,0.0,,,0.0,2.6,1.7,-1.0,1307,1354.0,-0.8,0.8,415,-
8008,ヨンドシーホールディングス,小売業,3.0,★☆☆☆☆,0.0,0.0,1.0,0.0,2.0,0.0,0.0,0.0,,,0.0,2.9,2.2,-0.2,1963,2055.0,-0.8,0.5,277,-
9020,東日本旅客鉄道,陸運業,3.0,★☆☆☆☆,0.0,0.0,2.0,0.0,1.0,0.0,0.0,0.0,,,0.0,1.6,3.4,-3.3,3222,3461.0,-5.8,1.0,12935,-
2501,サッポロビール,食料品,3.0,★☆☆☆☆,0.0,0.0,2.0,0.0,1.0,0.0,0.0,0.0,,,0.0,-2.2,4.0,-2.2,1802,1960.0,-2.6,1.8,2866,-
2175,エス・エム・エス,サービス業,3.0,★☆☆☆☆,0.0,0.0,3.0,0.0,0.0,0.0,0.0,0.0,,,0.0,0.5,4.1,-2.5,2103,2293.0,3.9,0.8,1565,資金流入増
2157,コシダカホールディングス,サービス業,3.0,★☆☆☆☆,0.0,0.0,3.0,0.0,0.0,0.0,0.0,0.0,,,0.0,8.8,2.3,-0.7,978,1025.0,-2.0,1.3,742,-
8844,コスモスイニシア,不動産業,3.0,★☆☆☆☆,0.0,0.0,2.0,0.0,1.0,0.0,0.0,0.0,,,0.0,-10.7,3.1,-10.9,1133,1209.0,-8.7,1.6,114,-
3387,クリエイト・レストランツ・ホールディングス,小売業,3.0,★☆☆☆☆,0.0,0.0,1.0,0.0,2.0,0.0,0.0,0.0,,,0.0,4.0,2.9,-2.0,708,752.0,-3.5,1.1,1374,-
2288,丸大食品,食料品,3.0,★☆☆☆☆,0.0,0.0,2.0,0.0,1.0,0.0,0.0,0.0,,,0.0,-2.8,2.4,-5.5,2041,2146.0,-6.6,2.0,221,-
1930,北陸電気工事,建設業,3.0,★☆☆☆☆,0.0,0.0,2.0,0.0,1.0,0.0,0.0,0.0,,,0.0,-5.2,4.0,-4.9,1374,1493.0,0.5,0.9,202,資金流入増
9302,三井倉庫ホールディングス,倉庫・運輸関連業,3.0,★☆☆☆☆,0.0,0.0,3.0,0.0,0.0,0.0,0.0,0.0,,,0.0,-3.8,3.5,-8.2,3020,3248.0,-10.0,1.4,898,-
1815,鉄建建設,建設業,3.0,★☆☆☆☆,0.0,0.0,3.0,0.0,0.0,0.0,0.0,0.0,,,0.0,-2.7,3.1,-4.8,4001,4265.0,-3.1,1.7,505,-
9517,イーレックス,電気・ガス業,3.0,★☆☆☆☆,0.0,0.0,2.0,0.0,1.0,0.0,0.0,0.0,,,0.0,12.5,3.4,3.2,806,865.0,2.4,0.7,234,-
1878,大東建託,不動産業,2.9000000000000004,★☆☆☆☆,0.0,0.0,0.0,0.0,2.2,0.0,0.7,0.0,,,0.0,4.7,3.1,-1.1,3012,3214.0,-4.6,0.7,5922,開示[子会社化](9日前)
3350,メタプラネット,卸売業,2.9,★☆☆☆☆,0.0,0.0,0.0,0.0,1.2,0.0,1.7,0.0,,,0.0,-4.4,7.4,-4.3,188,220.0,-10.2,0.5,4850,開示[自己株式の取得](6日前)
1417,ミライト・ワン,建設業,2.9,★☆☆☆☆,0.0,0.0,2.0,0.0,0.0,0.0,0.9,0.0,,,0.0,-4.3,2.2,-4.8,3313,3469.0,-2.3,1.5,951,開示[自己株式の取得](10日前)
6817,スミダコーポレーション,電気機器,2.9,★☆☆☆☆,2.9,0.0,0.0,0.0,0.0,0.0,0.0,0.0,,Microchip,-4.0,-7.8,4.5,-7.8,1094,1202.0,-7.0,1.1,429,Microchip+5.0%連動(β0.23)
6807,日本航空電子工業,電気機器,2.8,★☆☆☆☆,2.8,0.0,0.0,0.0,0.0,0.0,0.0,0.0,,Microchip,0.1,3.2,3.2,-1.9,2201,2350.0,-1.2,1.0,717,Microchip+5.0%連動(β0.21)
3863,日本製紙,パルプ・紙,2.8,★☆☆☆☆,0.0,0.0,0.0,0.0,1.0,0.0,1.8,0.0,,,0.0,9.7,5.0,-0.2,1266,1405.0,2.1,1.0,1454,開示[業績予想の修正](4日前)
2334,イオレ,サービス業,2.7,★☆☆☆☆,0.0,0.0,0.0,0.0,2.7,0.0,0.0,0.0,,,0.0,-3.2,5.1,-0.9,467,520.0,14.8,0.6,542,-
3853,アステリア,情報・通信業,2.7,★☆☆☆☆,0.0,0.0,0.0,0.0,2.7,0.0,0.0,0.0,,,0.0,1.1,3.9,-2.5,986,1070.0,3.0,0.6,245,-
2301,学情,サービス業,2.7,★☆☆☆☆,0.0,0.0,1.0,0.0,0.0,0.0,1.7,0.0,,,0.0,2.1,1.5,-1.5,1553,1600.0,-1.4,0.6,135,開示[自己株式の取得](6日前)
3407,旭化成,化学,2.7,★☆☆☆☆,0.0,0.0,0.0,0.0,1.0,0.0,1.7,0.0,,,0.0,-5.4,3.5,-6.4,1575,1692.0,-1.8,0.9,10622,開示[自己株式の取得](6日前)
3441,山王,金属製品,2.7,★☆☆☆☆,0.0,0.0,0.0,0.0,2.7,0.0,0.0,0.0,,,0.0,-4.7,6.3,-3.8,2281,2612.0,3.7,0.8,128,-
1980,ダイダン,建設業,2.7,★☆☆☆☆,0.0,0.0,0.0,0.0,2.7,0.0,0.0,0.0,,,0.0,-6.9,6.0,-5.0,2212,2511.0,2.9,1.1,2179,-
7318,セレンディップ・ホールディングス,輸送用機器,2.7,★☆☆☆☆,0.0,0.0,0.0,0.0,2.7,0.0,0.0,0.0,,,0.0,-0.0,6.7,-3.7,1687,1947.0,2.4,0.9,269,-
4222,児玉化学工業,化学,2.7,★☆☆☆☆,0.0,0.0,0.0,0.0,2.7,0.0,0.0,0.0,,,0.0,-2.7,4.3,-1.3,555,608.0,6.3,0.5,126,-
7412,アトム,小売業,2.7,★☆☆☆☆,0.0,0.0,0.0,0.0,2.7,0.0,0.0,0.0,,,0.0,-1.5,3.0,-3.2,344,366.0,-3.9,0.7,205,-
350A,デジタルグリッド,電気・ガス業,2.7,★☆☆☆☆,0.0,0.0,0.0,0.0,2.7,0.0,0.0,0.0,,,0.0,1.2,4.3,-2.7,679,742.0,0.0,0.8,223,-
6232,ＡＣＳＬ,機械,2.7,★☆☆☆☆,0.0,0.0,0.0,0.0,2.7,0.0,0.0,0.0,,,0.0,2.9,6.2,-0.2,1511,1727.0,11.1,0.5,1014,-
9364,上組,倉庫・運輸関連業,2.7,★☆☆☆☆,0.0,0.0,0.0,0.0,1.0,0.0,1.7,0.0,,,0.0,-1.0,2.0,-2.2,4856,5061.0,-2.3,0.8,1752,開示[自己株式の取得](6日前)
6245,ヒラノテクシード,機械,2.7,★☆☆☆☆,0.0,0.0,0.0,0.0,2.7,0.0,0.0,0.0,,,0.0,-2.5,2.9,-2.4,1531,1625.0,0.8,0.9,148,-
4229,群栄化学工業,化学,2.7,★☆☆☆☆,0.0,0.0,0.0,0.0,2.7,0.0,0.0,0.0,,,0.0,1.6,5.1,-1.6,4000,4450.0,1.6,0.3,127,-
6217,津田駒工業,機械,2.7,★☆☆☆☆,0.0,0.0,0.0,0.0,2.7,0.0,0.0,0.0,,,0.0,-4.0,8.3,-2.6,613,735.0,5.2,0.3,150,-
4593,ヘリオス,医薬品,2.7,★☆☆☆☆,0.0,0.0,0.0,0.0,2.7,0.0,0.0,0.0,,,0.0,-0.4,4.9,-0.3,223,247.0,4.7,0.9,374,-
6997,日本ケミコン,電気機器,2.7,★☆☆☆☆,0.0,0.0,0.0,0.0,2.7,0.0,0.0,0.0,,,0.0,-16.2,9.6,-10.4,2551,3160.0,1.3,0.7,3753,-
218A,Ｌｉｂｅｒａｗａｒｅ,精密機器,2.7,★☆☆☆☆,0.0,0.0,0.0,0.0,2.7,0.0,0.0,0.0,,,0.0,-15.3,5.2,-3.5,946,1055.0,-2.5,0.2,396,-
9682,ＤＴＳ,情報・通信業,2.7,★☆☆☆☆,0.0,0.0,1.0,0.0,0.0,0.0,1.7,0.0,,,0.0,0.7,3.3,-3.1,978,1048.0,-9.5,1.2,697,開示[自己株式の取得](6日前)
6597,ＨＰＣシステムズ,電気機器,2.7,★☆☆☆☆,0.0,0.0,0.0,0.0,2.7,0.0,0.0,0.0,,,0.0,-6.9,5.5,-4.5,3029,3405.0,7.8,0.8,196,-
3099,三越伊勢丹ホールディングス,小売業,2.7,★☆☆☆☆,0.0,0.0,0.0,0.0,1.0,0.0,1.7,0.0,,,0.0,-2.4,3.1,-3.3,3405,3631.0,1.2,0.8,8184,開示[自己株式の取得](6日前)
5929,三和ホールディングス,金属製品,2.7,★☆☆☆☆,0.0,0.0,1.0,0.0,0.0,0.0,1.7,0.0,,,0.0,1.3,3.4,-2.3,3401,3652.0,6.1,0.9,2513,開示[自己株式の取得](6日前)
6613,ＱＤレーザ,電気機器,2.7,★☆☆☆☆,0.0,0.0,0.0,0.0,2.7,0.0,0.0,0.0,,,0.0,-28.2,9.6,-10.6,1408,1744.0,13.5,0.5,5409,-
464A,ＱＰＳホールディングス,情報・通信業,2.7,★☆☆☆☆,0.0,0.0,0.0,0.0,2.7,0.0,0.0,0.0,,,0.0,-6.8,6.3,-2.6,1437,1643.0,6.9,0.8,2644,-
6928,エノモト,電気機器,2.7,★☆☆☆☆,0.0,0.0,0.0,0.0,2.7,0.0,0.0,0.0,,,0.0,-7.0,5.2,-2.5,2301,2567.0,8.7,0.7,116,-
9007,小田急電鉄,陸運業,2.7,★☆☆☆☆,0.0,0.0,1.0,0.0,0.0,0.0,1.7,0.0,,,0.0,3.6,2.8,-1.3,1612,1707.0,-3.3,0.9,2759,開示[自己株式の取得](6日前)
7746,岡本硝子,精密機器,2.7,★☆☆☆☆,0.0,0.0,0.0,0.0,2.7,0.0,0.0,0.0,,,0.0,1.4,4.2,-2.4,686,748.0,4.2,1.0,318,-
3444,菊池製作所,金属製品,2.7,★☆☆☆☆,0.0,0.0,0.0,0.0,2.7,0.0,0.0,0.0,,,0.0,-1.1,5.1,-3.0,869,967.0,4.0,0.5,132,-
6629,テクノホライゾン,電気機器,2.7,★☆☆☆☆,0.0,0.0,0.0,0.0,2.7,0.0,0.0,0.0,,,0.0,3.2,5.3,-0.5,878,981.0,7.4,0.6,293,-
5214,日本電気硝子,ガラス・土石製品,2.6,★☆☆☆☆,0.0,0.0,0.0,0.0,0.0,0.0,2.6,0.0,,,0.0,-14.1,5.5,-11.0,4390,4928.0,-7.4,1.2,4077,開示[自己株式の取得](6日前) / 開示[業績予想の修正](9日前)
7003,三井Ｅ＆Ｓ,機械,2.5999999999999996,★☆☆☆☆,0.0,0.0,0.0,0.0,1.2,0.0,1.4,0.0,,,0.0,-3.0,6.9,-8.7,3625,4202.0,-13.7,0.7,13665,開示[業績予想の修正](6日前)
4377,ワンキャリア,情報・通信業,2.5999999999999996,★☆☆☆☆,0.0,0.0,0.0,0.0,1.2,0.0,1.4,0.0,,,0.0,-0.1,3.5,-0.5,1935,2081.0,-1.8,0.9,122,開示[上方修正](9日前)
7719,東京衡機,精密機器,2.5,★☆☆☆☆,0.0,0.0,1.0,0.0,1.5,0.0,0.0,0.0,,,0.0,5.8,5.0,-3.6,384,426.0,0.9,0.2,160,-
277A,グロービング,サービス業,2.5,★☆☆☆☆,0.0,0.0,1.0,0.0,1.5,0.0,0.0,0.0,,,0.0,-19.3,3.8,-11.2,1511,1636.0,0.9,0.5,601,-
5202,日本板硝子,ガラス・土石製品,2.5,★☆☆☆☆,0.0,0.0,0.0,0.0,2.5,0.0,0.0,0.0,,,0.0,3.2,0.3,-0.1,480,482.0,0.0,0.6,344,-
3776,ブロードバンドタワー,情報・通信業,2.5,★☆☆☆☆,0.0,0.0,0.0,0.0,2.5,0.0,0.0,0.0,,,0.0,-11.1,6.9,-3.7,217,252.0,9.6,1.0,201,-
4565,ネクセラファーマ,医薬品,2.5,★☆☆☆☆,0.0,0.0,1.0,0.0,1.5,0.0,0.0,0.0,,,0.0,-0.7,3.2,-4.1,810,865.0,-1.3,1.2,520,-
7685,ＢｕｙＳｅｌｌ　Ｔｅｃｈｎｏｌｏｇｉｅｓ,卸売業,2.5,★☆☆☆☆,0.0,0.0,1.0,0.0,1.5,0.0,0.0,0.0,,,0.0,-11.0,4.8,-6.7,2763,3060.0,3.0,1.2,1057,-
6367,ダイキン工業,機械,2.4,★☆☆☆☆,0.0,0.0,0.0,0.0,0.0,0.0,2.4,0.0,,,0.0,-8.6,2.7,-8.5,21028,22210.0,-4.7,0.8,36063,開示[自己株式取得](3日前)
9534,北海道瓦斯,電気・ガス業,2.2,★☆☆☆☆,0.0,0.0,0.0,0.0,2.2,0.0,0.0,0.0,,,0.0,4.1,2.2,-0.2,739,773.0,0.1,1.1,106,-
1808,長谷工コーポレーション,建設業,2.2,★☆☆☆☆,0.0,0.0,1.0,0.0,1.2,0.0,0.0,0.0,,,0.0,2.4,2.3,-1.2,2632,2759.0,-0.8,1.5,2689,-
9021,西日本旅客鉄道,陸運業,2.2,★☆☆☆☆,0.0,0.0,0.0,0.0,2.2,0.0,0.0,0.0,,,0.0,3.8,3.0,-1.4,2749,2926.0,-2.5,0.7,9132,-
9782,ディーエムエス,サービス業,2.2,★☆☆☆☆,0.0,0.0,0.0,0.0,2.2,0.0,0.0,0.0,,,0.0,0.9,2.1,-1.7,3255,3395.0,-0.7,0.5,110,-
2685,アンドエスティＨＤ,小売業,2.2,★☆☆☆☆,0.0,0.0,0.0,0.0,2.2,0.0,0.0,0.0,,,0.0,0.9,2.3,-0.2,3307,3470.0,2.7,1.2,650,-
2594,キーコーヒー,食料品,2.2,★☆☆☆☆,0.0,0.0,0.0,0.0,2.2,0.0,0.0,0.0,,,0.0,3.1,1.1,-0.1,1941,1984.0,-0.8,1.0,139,-
3636,三菱総合研究所,情報・通信業,2.2,★☆☆☆☆,0.0,0.0,0.0,0.0,2.2,0.0,0.0,0.0,,,0.0,2.5,2.8,-1.2,4373,4635.0,-3.6,0.7,298,-
3003,ヒューリック,不動産業,2.2,★☆☆☆☆,0.0,0.0,0.0,0.0,2.2,0.0,0.0,0.0,,,0.0,2.1,2.9,-2.1,1638,1739.0,-1.1,0.8,5022,-
3088,マツキヨココカラ＆カンパニー,小売業,2.2,★☆☆☆☆,0.0,0.0,1.0,0.0,1.2,0.0,0.0,0.0,,,0.0,3.1,3.0,-0.1,2341,2489.5,-1.8,0.7,4106,-
8278,フジ,小売業,2.2,★☆☆☆☆,0.0,0.0,0.0,0.0,2.2,0.0,0.0,0.0,,,0.0,6.1,2.2,0.5,1925,2013.0,-0.8,1.2,245,-
3116,トヨタ紡織,輸送用機器,2.2,★☆☆☆☆,0.0,0.0,1.0,0.0,1.2,0.0,0.0,0.0,,,0.0,4.5,3.4,-1.8,2050,2199.5,-1.8,0.7,1999,-
9468,ＫＡＤＯＫＡＷＡ,情報・通信業,2.2,★☆☆☆☆,0.0,0.0,0.0,0.0,2.2,0.0,0.0,0.0,,,0.0,-2.3,2.7,-0.8,3396,3587.0,3.3,0.7,1941,-
1822,大豊建設,建設業,2.2,★☆☆☆☆,0.0,0.0,0.0,0.0,2.2,0.0,0.0,0.0,,,0.0,-2.6,1.6,-1.5,749,775.0,-2.5,0.9,127,-
9505,北陸電力,電気・ガス業,2.2,★☆☆☆☆,0.0,0.0,0.0,0.0,2.2,0.0,0.0,0.0,,,0.0,4.2,3.1,-0.6,866,922.7000122070312,-4.0,0.9,916,-
6754,アンリツ,電気機器,2.2,★☆☆☆☆,0.0,0.0,1.0,0.0,1.2,0.0,0.0,0.0,,,0.0,-10.7,6.5,-8.9,3065,3526.0,-1.1,0.7,6321,-
4552,ＪＣＲファーマ,医薬品,2.2,★☆☆☆☆,0.0,0.0,0.0,0.0,2.2,0.0,0.0,0.0,,,0.0,8.6,3.4,1.1,466,500.0,4.4,0.8,323,-
9025,鴻池運輸,陸運業,2.2,★☆☆☆☆,0.0,0.0,0.0,0.0,2.2,0.0,0.0,0.0,,,0.0,7.0,2.2,-0.3,2737,2862.0,-4.3,1.0,298,-
9042,阪急阪神ホールディングス,陸運業,2.2,★☆☆☆☆,0.0,0.0,0.0,0.0,2.2,0.0,0.0,0.0,,,0.0,1.3,3.3,-1.9,4299,4605.0,-2.3,0.6,5484,-
3465,ケイアイスター不動産,不動産業,2.2,★☆☆☆☆,0.0,0.0,0.0,0.0,2.2,0.0,0.0,0.0,,,0.0,0.5,2.6,-0.5,3427,3615.0,2.1,0.8,297,-
3922,ＰＲ　ＴＩＭＥＳ,情報・通信業,2.2,★☆☆☆☆,0.0,0.0,1.0,0.0,1.2,0.0,0.0,0.0,,,0.0,-13.5,2.2,-7.0,1958,2050.0,-2.0,0.9,162,-
2433,博報堂ＤＹホールディングス,サービス業,2.2,★☆☆☆☆,0.0,0.0,1.0,0.0,1.2,0.0,0.0,0.0,,,0.0,6.5,4.7,-0.7,1125,1242.0,-4.6,0.9,1207,-
2327,日鉄ソリューションズ,情報・通信業,2.2,★☆☆☆☆,0.0,0.0,0.0,0.0,2.2,0.0,0.0,0.0,,,0.0,4.4,3.1,-0.3,3547,3783.0,-3.4,0.6,1057,-
8801,三井不動産,不動産業,2.2,★☆☆☆☆,0.0,0.0,1.0,0.0,1.2,0.0,0.0,0.0,,,0.0,3.4,2.6,-1.3,1446,1525.0,-2.2,1.2,13680,-
4005,住友化学,化学,2.2,★☆☆☆☆,0.0,0.0,0.0,0.0,2.2,0.0,0.0,0.0,,,0.0,-2.2,3.5,-3.8,474,509.3999938964844,-2.3,0.9,7890,-
7595,アルゴグラフィックス,情報・通信業,2.2,★☆☆☆☆,0.0,0.0,1.0,0.0,1.2,0.0,0.0,0.0,,,0.0,3.1,2.5,-1.0,1231,1295.0,-5.2,1.2,309,-
3543,コメダホールディングス,卸売業,2.2,★☆☆☆☆,0.0,0.0,0.0,0.0,2.2,0.0,0.0,0.0,,,0.0,3.2,1.8,-0.3,2748,2848.0,-1.5,1.0,753,-
9793,ダイセキ,サービス業,2.2,★☆☆☆☆,0.0,0.0,1.0,0.0,1.2,0.0,0.0,0.0,,,0.0,0.1,1.7,-1.8,3629,3760.0,-1.1,1.2,489,-
2379,ディップ,サービス業,2.2,★☆☆☆☆,0.0,0.0,1.0,0.0,1.2,0.0,0.0,0.0,,,0.0,1.3,2.0,-0.1,1760,1835.0,-1.3,0.8,681,-
2986,ＬＡホールディングス,不動産業,2.2,★☆☆☆☆,0.0,0.0,1.0,0.0,1.2,0.0,0.0,0.0,,,0.0,-7.4,2.5,-4.2,2523,2654.0,-3.1,1.3,553,-
2752,フジオフードグループ本社,小売業,2.2,★☆☆☆☆,0.0,0.0,1.0,0.0,1.2,0.0,0.0,0.0,,,0.0,2.8,2.2,-1.1,1042,1089.0,-3.9,1.4,150,-
7164,全国保証,その他金融業,2.2,★☆☆☆☆,0.0,0.0,0.0,0.0,2.2,0.0,0.0,0.0,,,0.0,2.9,2.1,-0.2,2968,3098.0,-1.0,0.7,1381,-
6995,東海理化電機製作所,輸送用機器,2.2,★☆☆☆☆,0.0,0.0,0.0,0.0,2.2,0.0,0.0,0.0,,,0.0,4.0,3.1,-2.6,2844,3030.0,-4.6,0.9,509,-
7388,ＦＰパートナー,保険業,2.2,★☆☆☆☆,0.0,0.0,1.0,0.0,1.2,0.0,0.0,0.0,,,0.0,0.0,2.2,-1.2,2065,2160.0,-1.9,0.4,106,-
4507,塩野義製薬,医薬品,2.2,★☆☆☆☆,0.0,0.0,1.0,0.0,1.2,0.0,0.0,0.0,,,0.0,2.3,3.0,-2.2,2640,2810.0,-3.4,1.4,7806,-
7283,愛三工業,輸送用機器,2.2,★☆☆☆☆,0.0,0.0,0.0,0.0,2.2,0.0,0.0,0.0,,,0.0,0.3,3.6,-3.1,2086,2249.0,-6.4,0.6,614,-
2980,ＳＲＥホールディングス,不動産業,2.2,★☆☆☆☆,0.0,0.0,1.0,0.0,1.2,0.0,0.0,0.0,,,0.0,2.7,4.3,-3.4,2284,2501.0,-8.4,1.3,845,-
3289,東急不動産ホールディングス,不動産業,2.2,★☆☆☆☆,0.0,0.0,0.0,0.0,2.2,0.0,0.0,0.0,,,0.0,3.6,2.2,-1.3,1255,1312.5,-1.8,1.2,3975,-
2749,ＪＰホールディングス,サービス業,2.2,★☆☆☆☆,0.0,0.0,1.0,0.0,1.2,0.0,0.0,0.0,,,0.0,4.8,1.7,-0.6,597,618.0,-2.8,1.5,155,-
2733,あらた,卸売業,2.2,★☆☆☆☆,0.0,0.0,0.0,0.0,2.2,0.0,0.0,0.0,,,0.0,5.2,1.9,0.3,2484,2583.0,-1.1,0.7,238,-
9470,学研ホールディングス,情報・通信業,2.2,★☆☆☆☆,0.0,0.0,0.0,0.0,2.2,0.0,0.0,0.0,,,0.0,1.3,1.5,-1.3,973,1003.0,-1.4,1.0,114,-
1332,ニッスイ,水産・農林業,2.2,★☆☆☆☆,0.0,0.0,0.0,0.0,2.2,0.0,0.0,0.0,,,0.0,0.6,2.8,-1.9,1178,1247.5,-1.1,0.9,2167,-
9983,ファーストリテイリング,小売業,2.2,★☆☆☆☆,0.0,0.0,0.0,0.0,2.2,0.0,0.0,0.0,,,0.0,-3.7,2.8,-1.4,74870,79310.0,1.4,0.7,102790,-
1882,東亜道路工業,建設業,2.2,★☆☆☆☆,0.0,0.0,0.0,0.0,2.2,0.0,0.0,0.0,,,0.0,3.5,1.5,-0.7,1541,1588.0,-2.3,1.0,530,-
7373,アイドマ・ホールディングス,サービス業,2.1,★☆☆☆☆,0.0,0.0,1.0,0.0,0.0,0.0,1.1,0.0,,,0.0,-22.9,2.5,-12.5,867,912.0,-3.6,0.7,176,開示[自己株式の取得](9日前)
3421,稲葉製作所,金属製品,2.0,★☆☆☆☆,0.0,0.0,1.0,0.0,1.0,0.0,0.0,0.0,,,0.0,-0.0,1.5,-2.4,1634,1684.0,-1.1,0.5,109,-
254A,ＡＩフュージョンキャピタルグループ,証券、商品先物取引業,2.0,★☆☆☆☆,0.0,0.0,2.0,0.0,0.0,0.0,0.0,0.0,,,0.0,-1.0,3.3,-2.9,1100,1177.0,0.1,0.7,110,資金流入増
3150,グリムス,電気・ガス業,2.0,★☆☆☆☆,0.0,0.0,1.0,0.0,1.0,0.0,0.0,0.0,,,0.0,1.3,2.4,-3.1,2358,2475.0,-3.8,1.3,130,-
8439,東京センチュリー,その他金融業,2.0,★☆☆☆☆,0.0,0.0,0.0,0.0,2.0,0.0,0.0,0.0,,,0.0,1.3,2.5,-2.8,2396,2523.0,-3.8,0.8,1891,-
8056,ＢＩＰＲＯＧＹ,情報・通信業,2.0,★☆☆☆☆,0.0,0.0,2.0,0.0,0.0,0.0,0.0,0.0,,,0.0,-3.4,4.7,-7.6,3904,4305.0,-11.6,1.9,2353,-
8081,カナデン,卸売業,2.0,★☆☆☆☆,0.0,0.0,1.0,0.0,1.0,0.0,0.0,0.0,,,0.0,-1.3,3.0,-4.0,2252,2394.0,-2.3,0.8,153,-
2531,宝ホールディングス,食料品,2.0,★☆☆☆☆,0.0,0.0,1.0,0.0,1.0,0.0,0.0,0.0,,,0.0,-1.5,3.1,-3.3,1933,2060.0,-1.4,1.4,959,-
4658,日本空調サービス,サービス業,2.0,★☆☆☆☆,0.0,0.0,0.0,0.0,2.0,0.0,0.0,0.0,,,0.0,-2.7,2.6,-3.9,1456,1535.0,-3.6,0.9,162,-
4641,アルプス技研,サービス業,2.0,★☆☆☆☆,0.0,0.0,2.0,0.0,0.0,0.0,0.0,0.0,,,0.0,0.6,2.3,-2.8,754,790.0,-4.2,1.7,105,-
4665,ダスキン,サービス業,2.0,★☆☆☆☆,0.0,0.0,0.0,0.0,2.0,0.0,0.0,0.0,,,0.0,1.1,2.2,-1.9,4193,4386.0,-1.4,1.1,422,-
4540,ツムラ,医薬品,2.0,★☆☆☆☆,0.0,0.0,2.0,0.0,0.0,0.0,0.0,0.0,,,0.0,2.4,2.3,-1.6,3598,3771.0,-1.2,1.2,1556,-
9001,東武鉄道,陸運業,2.0,★☆☆☆☆,0.0,0.0,2.0,0.0,0.0,0.0,0.0,0.0,,,0.0,4.6,2.7,-1.7,2790,2950.5,-4.7,0.7,1847,-
4516,日本新薬,医薬品,2.0,★☆☆☆☆,0.0,0.0,2.0,0.0,0.0,0.0,0.0,0.0,,,0.0,-9.6,3.8,-7.3,3310,3579.0,5.3,0.5,2090,資金流入増
9828,Ｇｅｎｋｉ　Ｇｌｏｂａｌ　Ｄｉｎｉｎｇ　Ｃｏｎｃｅｐｔｓ,小売業,2.0,★☆☆☆☆,0.0,0.0,2.0,0.0,0.0,0.0,0.0,0.0,,,0.0,2.5,3.9,-2.4,3011,3265.0,-7.6,0.6,283,-
2784,アルフレッサ　ホールディングス,卸売業,2.0,★☆☆☆☆,0.0,0.0,1.0,0.0,1.0,0.0,0.0,0.0,,,0.0,2.0,2.7,-3.5,2081,2200.0,-5.2,1.0,1340,-
9790,福井コンピュータホールディングス,情報・通信業,2.0,★☆☆☆☆,0.0,0.0,2.0,0.0,0.0,0.0,0.0,0.0,,,0.0,-3.2,2.5,-4.9,2841,2992.0,-7.2,1.9,140,-
3399,丸千代山岡家,小売業,2.0,★☆☆☆☆,0.0,0.0,1.0,0.0,1.0,0.0,0.0,0.0,,,0.0,9.2,3.2,-0.1,3348,3580.0,2.9,0.5,464,-
1812,鹿島建設,建設業,2.0,★☆☆☆☆,0.0,0.0,2.0,0.0,0.0,0.0,0.0,0.0,,,0.0,-9.8,3.7,-9.5,4685,5059.0,-6.0,1.7,9342,-
9601,松竹,情報・通信業,2.0,★☆☆☆☆,0.0,0.0,2.0,0.0,0.0,0.0,0.0,0.0,,,0.0,5.0,3.3,-1.9,10167,10890.0,-5.6,1.3,690,-
9757,船井総研ホールディングス,サービス業,2.0,★☆☆☆☆,0.0,0.0,2.0,0.0,0.0,0.0,0.0,0.0,,,0.0,3.6,2.1,-0.6,1061,1107.0,0.2,1.1,498,-
8871,ゴールドクレスト,不動産業,2.0,★☆☆☆☆,0.0,0.0,1.0,0.0,1.0,0.0,0.0,0.0,,,0.0,-1.2,2.2,-3.1,3077,3220.0,-0.8,1.2,178,-
2613,Ｊ－オイルミルズ,食料品,2.0,★☆☆☆☆,0.0,0.0,0.0,0.0,2.0,0.0,0.0,0.0,,,0.0,1.1,1.8,-0.8,1994,2068.0,-0.9,1.1,115,-
2127,日本Ｍ＆Ａセンターホールディングス,サービス業,2.0,★☆☆☆☆,0.0,0.0,2.0,0.0,0.0,0.0,0.0,0.0,,,0.0,-1.9,2.8,-3.8,606,642.4000244140625,0.8,0.7,1449,-
3371,ソフトクリエイトホールディングス,情報・通信業,2.0,★☆☆☆☆,0.0,0.0,2.0,0.0,0.0,0.0,0.0,0.0,,,0.0,1.2,3.2,-4.7,1758,1876.0,-10.2,0.9,132,資金流入増
3662,エイチームホールディングス,情報・通信業,2.0,★☆☆☆☆,0.0,0.0,2.0,0.0,0.0,0.0,0.0,0.0,,,0.0,-10.3,2.0,-9.4,851,887.0,-2.5,1.2,175,資金流入増
4477,ＢＡＳＥ,情報・通信業,2.0,★☆☆☆☆,0.0,0.0,2.0,0.0,0.0,0.0,0.0,0.0,,,0.0,0.4,3.3,-6.2,263,281.0,-7.9,1.0,283,-
4418,ＪＤＳＣ,情報・通信業,2.0,★☆☆☆☆,0.0,0.0,2.0,0.0,0.0,0.0,0.0,0.0,,,0.0,11.4,5.5,-4.0,687,773.0,-4.0,0.6,310,資金流入増
5659,日本精線,鉄鋼,2.0,★☆☆☆☆,0.0,0.0,1.0,0.0,1.0,0.0,0.0,0.0,,,0.0,-0.6,3.9,-3.5,1259,1367.0,2.0,0.5,158,-
9715,トランス・コスモス,サービス業,2.0,★☆☆☆☆,0.0,0.0,1.0,0.0,1.0,0.0,0.0,0.0,,,0.0,1.8,2.6,-2.0,3421,3610.0,-5.0,0.7,390,-
9008,京王電鉄,陸運業,2.0,★☆☆☆☆,0.0,0.0,2.0,0.0,0.0,0.0,0.0,0.0,,,0.0,3.4,3.0,-3.2,710,754.4000244140625,-6.8,1.3,1860,-
9519,レノバ,電気・ガス業,2.0,★☆☆☆☆,0.0,0.0,2.0,0.0,0.0,0.0,0.0,0.0,,,0.0,-2.7,4.2,-8.0,810,884.0,-4.9,1.6,762,-
7610,テイツー,小売業,2.0,★☆☆☆☆,0.0,0.0,2.0,0.0,0.0,0.0,0.0,0.0,,,0.0,-1.6,2.6,-3.8,134,141.0,-4.1,0.3,178,-
7269,スズキ,輸送用機器,2.0,★☆☆☆☆,0.0,0.0,1.0,0.0,1.0,0.0,0.0,0.0,,,0.0,-0.4,4.2,-4.2,1794,1956.0,-6.2,0.8,16605,-
6226,守谷輸送機工業,機械,2.0,★☆☆☆☆,0.0,0.0,2.0,0.0,0.0,0.0,0.0,0.0,,,0.0,-9.4,7.9,-14.4,1718,2039.0,-12.5,1.7,575,-
2931,ユーグレナ,食料品,2.0,★☆☆☆☆,0.0,0.0,2.0,0.0,0.0,0.0,0.0,0.0,,,0.0,2.0,2.4,-0.9,324,340.0,-0.3,1.8,248,-
3092,ＺＯＺＯ,小売業,1.9,★☆☆☆☆,0.0,0.0,0.0,0.0,0.0,0.0,1.9,0.0,,,0.0,1.0,3.2,-1.2,1075,1149.0,0.5,0.5,4744,開示[自己株式の取得](5日前)
8802,三菱地所,不動産業,1.7,★☆☆☆☆,0.0,0.0,0.0,0.0,0.0,0.0,1.7,0.0,,,0.0,-5.5,2.9,-6.0,3609,3833.0,-1.5,1.0,14167,開示[自己株式の取得](6日前)
9708,帝国ホテル,サービス業,1.5,★☆☆☆☆,0.0,0.0,0.0,0.0,1.5,0.0,0.0,0.0,,,0.0,1.2,1.6,-1.8,947,979.0,-2.9,0.9,160,-
4425,Ｋｕｄａｎ,情報・通信業,1.5,★☆☆☆☆,0.0,0.0,0.0,0.0,1.5,0.0,0.0,0.0,,,0.0,-7.3,4.8,-6.2,1522,1684.0,4.6,0.7,227,-
6521,オキサイド,電気機器,1.5,★☆☆☆☆,0.0,0.0,0.0,0.0,1.5,0.0,0.0,0.0,,,0.0,-22.1,6.2,-11.3,2749,3140.0,8.2,0.6,835,-
7794,イーディーピー,その他製品,1.5,★☆☆☆☆,0.0,0.0,0.0,0.0,1.5,0.0,0.0,0.0,,,0.0,-15.2,5.0,-9.9,783,870.0,1.2,0.7,321,-
6356,日本ギア工業,機械,1.5,★☆☆☆☆,0.0,0.0,0.0,0.0,1.5,0.0,0.0,0.0,,,0.0,-7.2,5.2,-6.7,1195,1335.0,5.5,0.3,256,-
6492,岡野バルブ製造,機械,1.5,★☆☆☆☆,0.0,0.0,0.0,0.0,1.5,0.0,0.0,0.0,,,0.0,-16.6,7.0,-12.5,11660,13560.0,5.6,1.0,480,-
280A,ＴＭＨ,卸売業,1.5,★☆☆☆☆,0.0,0.0,0.0,0.0,1.5,0.0,0.0,0.0,,,0.0,-41.9,8.3,-22.2,856,1026.0,9.5,0.6,110,-
7777,スリー・ディー・マトリックス,精密機器,1.5,★☆☆☆☆,0.0,0.0,0.0,0.0,1.5,0.0,0.0,0.0,,,0.0,-0.6,4.3,-2.8,308,337.0,2.4,0.6,510,-
3449,テクノフレックス,金属製品,1.5,★☆☆☆☆,0.0,0.0,0.0,0.0,1.5,0.0,0.0,0.0,,,0.0,-29.7,11.4,-21.6,3280,4250.0,-12.6,0.7,1166,-
6619,ダブル・スコープ,電気機器,1.5,★☆☆☆☆,0.0,0.0,0.0,0.0,1.5,0.0,0.0,0.0,,,0.0,-8.4,5.3,-6.1,137,153.0,4.8,0.7,382,-
4392,ＦＩＧ,情報・通信業,1.5,★☆☆☆☆,0.0,0.0,0.0,0.0,1.5,0.0,0.0,0.0,,,0.0,-11.7,7.1,-10.4,772,900.0,2.9,1.1,1119,-
3608,ＴＳＩホールディングス,繊維製品,1.2,★☆☆☆☆,0.0,0.0,0.0,0.0,1.2,0.0,0.0,0.0,,,0.0,3.8,2.0,-0.7,1167,1217.0,-1.1,0.9,308,-
146A,コロンビア・ワークス,不動産業,1.2,★☆☆☆☆,0.0,0.0,0.0,0.0,1.2,0.0,0.0,0.0,,,0.0,2.8,3.4,-0.5,2975,3195.0,-0.6,0.5,158,-
5471,大同特殊鋼,鉄鋼,1.2,★☆☆☆☆,0.0,0.0,0.0,0.0,1.2,0.0,0.0,0.0,,,0.0,-6.5,4.9,-4.4,2079,2304.0,1.3,0.6,2775,-
6336,石井表記,機械,1.2,★☆☆☆☆,0.0,0.0,0.0,0.0,1.2,0.0,0.0,0.0,,,0.0,-9.5,8.3,-6.8,1334,1598.0,2.0,0.4,219,-
4691,ワシントンホテル,サービス業,1.2,★☆☆☆☆,0.0,0.0,0.0,0.0,1.2,0.0,0.0,0.0,,,0.0,-8.2,4.3,-3.2,2080,2278.0,5.9,0.7,131,-
2158,ＦＲＯＮＴＥＯ,サービス業,1.2,★☆☆☆☆,0.0,0.0,0.0,0.0,1.2,0.0,0.0,0.0,,,0.0,5.6,3.3,-0.0,590,632.0,-0.3,0.7,108,-
8877,エスリード,不動産業,1.2,★☆☆☆☆,0.0,0.0,0.0,0.0,1.2,0.0,0.0,0.0,,,0.0,4.5,2.3,-0.8,4854,5090.0,-2.3,0.8,138,-
8897,ＭＩＲＡＲＴＨホールディングス,不動産業,1.2,★☆☆☆☆,0.0,0.0,0.0,0.0,1.2,0.0,0.0,0.0,,,0.0,3.4,1.6,-0.0,398,411.0,0.0,1.1,193,-
9823,マミーマートホールディングス,小売業,1.2,★☆☆☆☆,0.0,0.0,0.0,0.0,1.2,0.0,0.0,0.0,,,0.0,0.3,2.2,-1.6,988,1033.0,-4.0,1.1,100,-
7202,いすゞ自動車,輸送用機器,1.2,★☆☆☆☆,0.0,0.0,0.0,0.0,1.2,0.0,0.0,0.0,,,0.0,1.1,3.8,-2.3,2115,2289.5,-4.7,1.0,6833,-
4528,小野薬品工業,医薬品,1.2,★☆☆☆☆,0.0,0.0,0.0,0.0,1.2,0.0,0.0,0.0,,,0.0,0.4,2.7,-1.1,2250,2380.5,-0.1,0.8,3960,-
3196,ホットランドホールディングス,小売業,1.2,★☆☆☆☆,0.0,0.0,0.0,0.0,1.2,0.0,0.0,0.0,,,0.0,2.4,2.0,-1.4,1522,1585.0,-3.6,0.6,220,-
3064,ＭｏｎｏｔａＲＯ,小売業,1.2,★☆☆☆☆,0.0,0.0,0.0,0.0,1.2,0.0,0.0,0.0,,,0.0,0.6,3.8,-1.4,1778,1924.5,-3.9,0.7,4670,-
1803,清水建設,建設業,1.2,★☆☆☆☆,0.0,0.0,0.0,0.0,1.2,0.0,0.0,0.0,,,0.0,-0.8,4.6,-3.0,2174,2392.5,0.5,0.9,9009,-
2742,ハローズ,小売業,1.2,★☆☆☆☆,0.0,0.0,0.0,0.0,1.2,0.0,0.0,0.0,,,0.0,1.8,2.6,-0.3,3577,3775.0,-1.3,1.0,113,-
3252,地主,不動産業,1.2,★☆☆☆☆,0.0,0.0,0.0,0.0,1.2,0.0,0.0,0.0,,,0.0,0.6,1.8,-2.3,2737,2838.0,-2.9,0.8,290,-
9663,ナガワ,サービス業,1.2,★☆☆☆☆,0.0,0.0,0.0,0.0,1.2,0.0,0.0,0.0,,,0.0,5.1,2.4,-0.3,4849,5090.0,-1.9,0.7,108,-
8273,イズミ,小売業,1.2,★☆☆☆☆,0.0,0.0,0.0,0.0,1.2,0.0,0.0,0.0,,,0.0,3.7,2.4,-0.2,947,995.0,-0.6,0.8,454,-
9045,京阪ホールディングス,陸運業,1.0,★☆☆☆☆,0.0,0.0,1.0,0.0,0.0,0.0,0.0,0.0,,,0.0,0.4,2.6,-2.8,2975,3136.0,-3.9,1.0,1000,-
8892,エスコン,不動産業,1.0,★☆☆☆☆,0.0,0.0,0.0,0.0,1.0,0.0,0.0,0.0,,,0.0,-0.2,2.1,-2.3,1031,1075.0,0.2,0.5,222,-
7172,ジャパンインベストメントアドバイザー,証券、商品先物取引業,1.0,★☆☆☆☆,0.0,0.0,0.0,0.0,1.0,0.0,0.0,0.0,,,0.0,-0.0,2.7,-3.6,1899,2009.0,-6.4,0.6,809,-
8595,ジャフコ　グループ,証券、商品先物取引業,1.0,★☆☆☆☆,0.0,0.0,0.0,0.0,1.0,0.0,0.0,0.0,,,0.0,-1.5,1.9,-2.3,2162,2246.0,0.2,0.9,848,-
4687,ＴＤＣソフト,情報・通信業,1.0,★☆☆☆☆,0.0,0.0,1.0,0.0,0.0,0.0,0.0,0.0,,,0.0,0.1,4.8,-6.1,855,946.0,-10.9,0.7,111,-
8141,新光商事,卸売業,1.0,★☆☆☆☆,0.0,0.0,0.0,0.0,1.0,0.0,0.0,0.0,,,0.0,1.8,1.0,-1.1,1535,1566.0,0.6,0.8,202,-
9143,ＳＧホールディングス,陸運業,1.0,★☆☆☆☆,0.0,0.0,1.0,0.0,0.0,0.0,0.0,0.0,,,0.0,-0.7,2.6,-2.9,1462,1541.0,-2.6,0.9,2190,-
7211,三菱自動車工業,輸送用機器,1.0,★☆☆☆☆,0.0,0.0,1.0,0.0,0.0,0.0,0.0,0.0,,,0.0,8.8,4.7,-3.2,317,349.20001220703125,-5.1,0.5,6245,-
4569,杏林製薬,医薬品,1.0,★☆☆☆☆,0.0,0.0,1.0,0.0,0.0,0.0,0.0,0.0,,,0.0,-3.7,2.6,-4.9,1046,1104.0,-3.3,1.4,205,-
4519,中外製薬,医薬品,1.0,★☆☆☆☆,0.0,0.0,1.0,0.0,0.0,0.0,0.0,0.0,,,0.0,-3.7,3.2,-4.2,6413,6857.0,-1.1,0.6,20546,-
9989,サンドラッグ,小売業,1.0,★☆☆☆☆,0.0,0.0,1.0,0.0,0.0,0.0,0.0,0.0,,,0.0,-0.1,2.1,-2.3,3573,3726.0,-1.4,0.6,1808,-
7102,日本車輌製造,輸送用機器,1.0,★☆☆☆☆,0.0,0.0,1.0,0.0,0.0,0.0,0.0,0.0,,,0.0,4.3,3.9,-1.5,3199,3470.0,2.7,0.8,201,-
9267,Ｇｅｎｋｙ　ＤｒｕｇＳｔｏｒｅｓ,小売業,1.0,★☆☆☆☆,0.0,0.0,1.0,0.0,0.0,0.0,0.0,0.0,,,0.0,-2.0,4.2,-3.8,3306,3610.0,-3.3,0.6,368,-
9247,ＴＲＥホールディングス,サービス業,1.0,★☆☆☆☆,0.0,0.0,0.0,0.0,1.0,0.0,0.0,0.0,,,0.0,-3.6,3.4,-6.5,1824,1958.0,-3.0,0.5,630,-
9003,相鉄ホールディングス,陸運業,1.0,★☆☆☆☆,0.0,0.0,1.0,0.0,0.0,0.0,0.0,0.0,,,0.0,0.2,3.4,-3.5,2306,2472.5,-6.1,1.0,830,-
197A,タウンズ,医薬品,1.0,★☆☆☆☆,0.0,0.0,1.0,0.0,0.0,0.0,0.0,0.0,,,0.0,3.8,1.2,-0.8,457,468.0,-1.1,0.4,152,-
9987,スズケン,卸売業,1.0,★☆☆☆☆,0.0,0.0,1.0,0.0,0.0,0.0,0.0,0.0,,,0.0,-0.1,2.7,-4.1,4601,4862.0,-4.5,1.1,928,-
3086,Ｊ．フロント　リテイリング,小売業,1.0,★☆☆☆☆,0.0,0.0,0.0,0.0,1.0,0.0,0.0,0.0,,,0.0,-6.0,3.8,-4.8,2718,2941.0,-1.4,0.7,3212,-
8052,椿本興業,卸売業,1.0,★☆☆☆☆,0.0,0.0,0.0,0.0,1.0,0.0,0.0,0.0,,,0.0,0.4,2.1,-2.6,2623,2736.0,-4.6,1.0,101,-
6231,木村工機,機械,1.0,★☆☆☆☆,0.0,0.0,1.0,0.0,0.0,0.0,0.0,0.0,,,0.0,-6.9,3.9,-4.5,10990,11920.0,2.8,1.4,139,-
9997,ベルーナ,小売業,1.0,★☆☆☆☆,0.0,0.0,0.0,0.0,1.0,0.0,0.0,0.0,,,0.0,2.1,2.8,-3.7,939,996.0,-7.3,0.7,341,-
7678,あさくま,小売業,1.0,★☆☆☆☆,0.0,0.0,0.0,0.0,1.0,0.0,0.0,0.0,,,0.0,-1.5,2.2,-1.6,3007,3145.0,5.2,0.9,105,-
5930,文化シヤッター,金属製品,1.0,★☆☆☆☆,0.0,0.0,1.0,0.0,0.0,0.0,0.0,0.0,,,0.0,-4.0,2.6,-4.8,1725,1820.0,-4.4,1.5,237,-
9336,大栄環境,サービス業,1.0,★☆☆☆☆,0.0,0.0,0.0,0.0,1.0,0.0,0.0,0.0,,,0.0,-4.5,2.7,-3.3,3483,3685.0,-1.5,0.8,503,-
6535,アイモバイル,サービス業,1.0,★☆☆☆☆,0.0,0.0,1.0,0.0,0.0,0.0,0.0,0.0,,,0.0,2.0,2.4,-2.5,461,484.0,0.4,0.6,322,-
2593,伊藤園,食料品,1.0,★☆☆☆☆,0.0,0.0,1.0,0.0,0.0,0.0,0.0,0.0,,,0.0,2.6,3.2,-1.2,2782,2970.5,-0.5,1.0,1239,-
7730,マニー,精密機器,1.0,★☆☆☆☆,0.0,0.0,1.0,0.0,0.0,0.0,0.0,0.0,,,0.0,-6.1,2.0,-5.0,1463,1524.0,0.8,0.9,688,-
9502,中部電力,電気・ガス業,1.0,★☆☆☆☆,0.0,0.0,0.0,0.0,1.0,0.0,0.0,0.0,,,0.0,-13.5,3.6,-8.3,2511,2708.0,-2.8,0.5,12225,-
3696,セレス,情報・通信業,1.0,★☆☆☆☆,0.0,0.0,1.0,0.0,0.0,0.0,0.0,0.0,,,0.0,-0.5,3.2,-2.8,1924,2057.0,-2.7,0.5,285,-
4666,パーク２４,不動産業,1.0,★☆☆☆☆,0.0,0.0,0.0,0.0,1.0,0.0,0.0,0.0,,,0.0,0.8,2.5,-1.6,1863,1961.5,-0.7,0.9,1561,-
2811,カゴメ,食料品,1.0,★☆☆☆☆,0.0,0.0,1.0,0.0,0.0,0.0,0.0,0.0,,,0.0,0.8,2.6,-1.9,2503,2641.5,1.2,1.3,914,-
1801,大成建設,建設業,1.0,★☆☆☆☆,0.0,0.0,1.0,0.0,0.0,0.0,0.0,0.0,,,0.0,-5.1,4.2,-5.7,11818,12890.0,-1.3,1.5,8912,-
2962,テクニスコ,金属製品,1.0,★☆☆☆☆,0.0,0.0,1.0,0.0,0.0,0.0,0.0,0.0,,,0.0,3.3,8.3,-2.7,1041,1250.0,5.8,0.4,184,-
1720,東急建設,建設業,1.0,★☆☆☆☆,0.0,0.0,1.0,0.0,0.0,0.0,0.0,0.0,,,0.0,-2.7,2.6,-4.1,1067,1125.0,-3.5,1.5,417,-
8233,高島屋,小売業,1.0,★☆☆☆☆,0.0,0.0,0.0,0.0,1.0,0.0,0.0,0.0,,,0.0,3.0,3.6,-1.1,2135,2299.5,1.1,0.7,4181,-
1333,Ｕｍｉｏｓ,水産・農林業,1.0,★☆☆☆☆,0.0,0.0,0.0,0.0,1.0,0.0,0.0,0.0,,,0.0,-0.4,2.1,-3.5,1217,1270.5,-3.1,1.1,709,-
9936,王将フードサービス,小売業,1.0,★☆☆☆☆,0.0,0.0,1.0,0.0,0.0,0.0,0.0,0.0,,,0.0,1.6,2.3,-2.2,2748,2882.0,-4.6,0.9,661,-
8129,東邦ホールディングス,卸売業,1.0,★☆☆☆☆,0.0,0.0,1.0,0.0,0.0,0.0,0.0,0.0,,,0.0,-1.6,4.0,-5.1,3496,3798.0,-5.4,1.0,753,-
3231,野村不動産ホールディングス,不動産業,1.0,★☆☆☆☆,0.0,0.0,1.0,0.0,0.0,0.0,0.0,0.0,,,0.0,-0.3,2.2,-4.0,864,903.7999877929688,-1.8,1.3,4092,-
3284,フージャースホールディングス,不動産業,1.0,★☆☆☆☆,0.0,0.0,0.0,0.0,1.0,0.0,0.0,0.0,,,0.0,2.3,1.4,-1.4,1182,1215.0,-2.1,1.0,196,-
3916,デジタル・インフォメーション・テクノロジー,情報・通信業,0.0,★☆☆☆☆,0.0,0.0,0.0,0.0,0.0,0.0,0.0,0.0,,,0.0,4.3,2.6,-0.7,884,932.0,-1.6,0.4,111,-
3911,Ａｉｍｉｎｇ,情報・通信業,0.0,★☆☆☆☆,0.0,0.0,0.0,0.0,0.0,0.0,0.0,0.0,,,0.0,-7.7,4.5,-11.8,157,172.0,-6.5,0.5,112,-
3415,ＴＯＫＹＯ　ＢＡＳＥ,小売業,0.0,★☆☆☆☆,0.0,0.0,0.0,0.0,0.0,0.0,0.0,0.0,,,0.0,-5.7,5.2,-4.2,343,383.0,0.3,0.6,270,-
2874,横浜冷凍,卸売業,0.0,★☆☆☆☆,0.0,0.0,0.0,0.0,0.0,0.0,0.0,0.0,,,0.0,4.2,4.0,-0.8,1947,2117.0,-0.8,0.6,464,-
3333,あさひ,小売業,0.0,★☆☆☆☆,0.0,0.0,0.0,0.0,0.0,0.0,0.0,0.0,,,0.0,1.6,2.1,-1.6,1262,1316.0,-3.1,0.7,159,-
2337,いちご,不動産業,0.0,★☆☆☆☆,0.0,0.0,0.0,0.0,0.0,0.0,0.0,0.0,,,0.0,-6.4,2.5,-6.2,379,399.0,-3.6,0.6,413,-
7512,イオン北海道,小売業,0.0,★☆☆☆☆,0.0,0.0,0.0,0.0,0.0,0.0,0.0,0.0,,,0.0,-0.0,1.9,-2.2,795,826.0,-2.4,1.0,154,-
3836,アバントグループ,情報・通信業,0.0,★☆☆☆☆,0.0,0.0,0.0,0.0,0.0,0.0,0.0,0.0,,,0.0,-1.4,3.7,-6.9,1046,1129.0,-11.2,1.1,122,-
8585,オリエントコーポレーション,その他金融業,0.0,★☆☆☆☆,0.0,0.0,0.0,0.0,0.0,0.0,0.0,0.0,,,0.0,1.6,2.5,-2.1,829,872.0,-3.4,0.8,506,-
3139,ラクト・ジャパン,卸売業,0.0,★☆☆☆☆,0.0,0.0,0.0,0.0,0.0,0.0,0.0,0.0,,,0.0,-2.0,1.9,-3.5,3174,3300.0,-2.4,0.9,129,-
2791,大黒天物産,小売業,0.0,★☆☆☆☆,0.0,0.0,0.0,0.0,0.0,0.0,0.0,0.0,,,0.0,2.7,3.7,-1.9,4081,4410.0,-1.9,0.9,291,-
9024,西武ホールディングス,陸運業,0.0,★☆☆☆☆,0.0,0.0,0.0,0.0,0.0,0.0,0.0,0.0,,,0.0,-0.6,4.5,-5.4,3041,3341.0,-6.2,0.6,6434,-
8830,住友不動産,不動産業,0.0,★☆☆☆☆,0.0,0.0,0.0,0.0,0.0,0.0,0.0,0.0,,,0.0,-4.6,2.8,-6.0,3304,3502.0,-2.8,1.1,9176,-
4413,ボードルア,情報・通信業,0.0,★☆☆☆☆,0.0,0.0,0.0,0.0,0.0,0.0,0.0,0.0,,,0.0,-10.6,5.1,-9.2,2424,2698.0,-6.0,0.9,859,-
7649,スギホールディングス,小売業,0.0,★☆☆☆☆,0.0,0.0,0.0,0.0,0.0,0.0,0.0,0.0,,,0.0,-8.2,3.1,-4.5,2640,2817.5,-0.2,0.9,3156,-
2130,メンバーズ,サービス業,0.0,★☆☆☆☆,0.0,0.0,0.0,0.0,0.0,0.0,0.0,0.0,,,0.0,-14.5,4.2,-14.5,822,897.0,1.0,0.8,121,-
4071,プラスアルファ・コンサルティング,情報・通信業,0.0,★☆☆☆☆,0.0,0.0,0.0,0.0,0.0,0.0,0.0,0.0,,,0.0,-19.7,3.6,-9.0,2121,2284.0,-0.2,0.9,624,-
9048,名古屋鉄道,陸運業,0.0,★☆☆☆☆,0.0,0.0,0.0,0.0,0.0,0.0,0.0,0.0,,,0.0,1.7,2.3,-2.4,1764,1847.5,-2.5,0.7,1705,-
1959,クラフティア,建設業,0.0,★☆☆☆☆,0.0,0.0,0.0,0.0,0.0,0.0,0.0,0.0,,,0.0,-5.1,4.2,-6.6,7471,8150.0,-4.0,0.6,2247,-
4549,栄研化学,医薬品,0.0,★☆☆☆☆,0.0,0.0,0.0,0.0,0.0,0.0,0.0,0.0,,,0.0,-9.3,4.7,-9.7,2008,2216.0,3.0,0.6,623,-
3854,アイル,情報・通信業,0.0,★☆☆☆☆,0.0,0.0,0.0,0.0,0.0,0.0,0.0,0.0,,,0.0,-4.9,2.4,-3.3,2117,2225.0,-1.5,1.2,207,-
3968,セグエグループ,情報・通信業,0.0,★☆☆☆☆,0.0,0.0,0.0,0.0,0.0,0.0,0.0,0.0,,,0.0,1.8,2.3,-2.2,552,579.0,-2.4,0.6,136,-
4151,協和キリン,医薬品,0.0,★☆☆☆☆,0.0,0.0,0.0,0.0,0.0,0.0,0.0,0.0,,,0.0,-1.6,2.7,-2.9,2408,2546.5,-0.3,0.9,2750,-
5532,リアルゲイト,不動産業,0.0,★☆☆☆☆,0.0,0.0,0.0,0.0,0.0,0.0,0.0,0.0,,,0.0,-3.1,4.7,-4.3,3035,3350.0,1.5,0.9,100,-
7130,ヤマエグループホールディングス,卸売業,0.0,★☆☆☆☆,0.0,0.0,0.0,0.0,0.0,0.0,0.0,0.0,,,0.0,-2.2,2.6,-2.7,2724,2873.0,2.1,1.0,224,-
4685,菱友システムズ,情報・通信業,0.0,★☆☆☆☆,0.0,0.0,0.0,0.0,0.0,0.0,0.0,0.0,,,0.0,-6.2,3.4,-7.3,2446,2623.0,-9.0,1.2,111,-
5201,ＡＧＣ,ガラス・土石製品,0.0,★☆☆☆☆,0.0,0.0,0.0,0.0,0.0,0.0,0.0,0.0,,,0.0,-7.2,3.7,-6.9,5379,5811.0,-4.4,0.7,10066,-
4887,サワイグループホールディングス,医薬品,0.0,★☆☆☆☆,0.0,0.0,0.0,0.0,0.0,0.0,0.0,0.0,,,0.0,0.8,2.0,-1.5,1585,1650.0,-0.0,0.8,740,-
336A,ダイナミックマッププラットフォーム,情報・通信業,0.0,★☆☆☆☆,0.0,0.0,0.0,0.0,0.0,0.0,0.0,0.0,,,0.0,-4.3,5.1,-5.9,712,792.0,-2.5,0.8,221,-
6327,北川精機,機械,0.0,★☆☆☆☆,0.0,0.0,0.0,0.0,0.0,0.0,0.0,0.0,,,0.0,-34.2,12.7,-25.7,2399,3215.0,13.0,0.5,2905,-
9256,サクシード,サービス業,0.0,★☆☆☆☆,0.0,0.0,0.0,0.0,0.0,0.0,0.0,0.0,,,0.0,-65.0,28.0,-55.9,587,1336.0,4.8,0.5,637,-
5938,ＬＩＸＩＬ,金属製品,0.0,★☆☆☆☆,0.0,0.0,0.0,0.0,0.0,0.0,0.0,0.0,,,0.0,0.4,2.8,-1.6,1714,1815.0,4.6,0.9,4209,-
6071,ＩＢＪ,サービス業,0.0,★☆☆☆☆,0.0,0.0,0.0,0.0,0.0,0.0,0.0,0.0,,,0.0,3.5,2.0,-0.5,795,827.0,0.5,0.6,125,-
1975,朝日工業社,建設業,0.0,★☆☆☆☆,0.0,0.0,0.0,0.0,0.0,0.0,0.0,0.0,,,0.0,-12.1,5.3,-7.8,3383,3785.0,-0.4,1.1,435,-
4886,あすか製薬ホールディングス,医薬品,0.0,★☆☆☆☆,0.0,0.0,0.0,0.0,0.0,0.0,0.0,0.0,,,0.0,-9.0,3.2,-9.3,1880,2010.0,-6.6,1.2,202,-
9413,テレビ東京ホールディングス,情報・通信業,0.0,★☆☆☆☆,0.0,0.0,0.0,0.0,0.0,0.0,0.0,0.0,,,0.0,-8.0,2.8,-6.7,3154,3340.0,-2.9,1.2,347,-
6455,モリタホールディングス,輸送用機器,0.0,★☆☆☆☆,0.0,0.0,0.0,0.0,0.0,0.0,0.0,0.0,,,0.0,0.2,2.8,-3.2,2220,2352.0,-6.7,0.9,188,-
6166,中村超硬,機械,0.0,★☆☆☆☆,0.0,0.0,0.0,0.0,0.0,0.0,0.0,0.0,,,0.0,-14.4,5.1,-7.7,571,636.0,4.1,0.3,205,-
6196,ストライクグループ,サービス業,0.0,★☆☆☆☆,0.0,0.0,0.0,0.0,0.0,0.0,0.0,0.0,,,0.0,0.8,2.7,-2.5,1237,1307.0,-1.1,0.7,497,-
1861,熊谷組,建設業,0.0,★☆☆☆☆,0.0,0.0,0.0,0.0,0.0,0.0,0.0,0.0,,,0.0,-3.6,2.2,-4.4,1327,1388.0,-3.0,1.0,953,-
9504,中国電力,電気・ガス業,0.0,★☆☆☆☆,0.0,0.0,0.0,0.0,0.0,0.0,0.0,0.0,,,0.0,0.9,2.3,-2.3,867,908.2999877929688,-3.4,1.0,1562,-
9474,ゼンリン,情報・通信業,0.0,★☆☆☆☆,0.0,0.0,0.0,0.0,0.0,0.0,0.0,0.0,,,0.0,-0.9,2.0,-3.8,839,874.0,-3.6,0.9,216,-
1419,タマホーム,建設業,0.0,★☆☆☆☆,0.0,0.0,0.0,0.0,0.0,0.0,0.0,0.0,,,0.0,0.1,2.3,-2.3,2791,2923.0,-3.8,0.4,434,-
